date,Positive,Positive (low),Positive (high),Negative,Negative (low),Negative (high),Positive (poll),Negative (poll)
2020-02-20,26.67,25.06,29.07,21.87,17.62,24.98,23.0,27.0
2020-02-21,26.82,25.18,29.39,21.8,17.66,24.9,,
2020-02-22,26.97,25.28,29.59,21.73,17.69,24.81,,
2020-02-23,27.13,25.38,29.76,21.67,17.71,24.73,,
2020-02-24,27.28,25.53,29.91,21.62,17.76,24.65,,
2020-02-25,27.43,25.69,30.05,21.56,17.8,24.57,,
2020-02-26,27.59,25.86,30.19,21.51,17.83,24.46,,
2020-02-27,27.74,26.0,30.29,21.47,17.87,24.39,,
2020-02-28,27.89,26.09,30.39,21.42,17.85,24.29,,
2020-02-29,28.05,26.19,30.5,21.38,17.83,24.23,25.0,19.0
2020-03-01,28.2,26.34,30.62,21.34,17.83,24.14,,
2020-03-02,28.35,26.48,30.73,21.31,17.83,24.05,,
2020-03-03,28.5,26.59,30.83,21.28,17.84,23.97,,
2020-03-04,28.65,26.71,30.98,21.25,17.86,23.97,25.0,27.0
2020-03-05,28.79,26.84,31.06,21.23,17.88,23.94,,
2020-03-06,28.94,27.01,31.18,21.2,17.91,23.91,,
2020-03-07,29.08,27.17,31.28,21.18,17.94,23.92,,
2020-03-08,29.23,27.3,31.4,21.17,18.01,23.84,,
2020-03-09,29.37,27.41,31.64,21.15,18.09,23.77,,
2020-03-10,29.51,27.5,31.76,21.14,18.16,23.69,,
2020-03-11,29.65,27.67,31.85,21.13,18.24,23.64,,
2020-03-12,29.8,27.85,31.94,21.12,18.31,23.57,,
2020-03-13,29.94,28.0,32.04,21.11,18.37,23.55,,
2020-03-14,30.08,28.15,32.17,21.1,18.39,23.56,,
2020-03-15,30.22,28.36,32.33,21.1,18.42,23.6,,
2020-03-16,30.37,28.51,32.44,21.09,18.44,23.54,,
2020-03-17,30.51,28.64,32.55,21.09,18.55,23.48,,
2020-03-18,30.66,28.78,32.68,21.09,18.66,23.47,,
2020-03-19,30.81,28.88,32.8,21.09,18.71,23.46,,
2020-03-20,30.96,29.0,32.99,21.09,18.77,23.48,,
2020-03-21,31.11,29.17,33.21,21.09,18.82,23.48,,
2020-03-22,31.26,29.4,33.42,21.1,18.88,23.5,,
2020-03-23,31.41,29.57,33.56,21.1,18.93,23.49,,
2020-03-24,31.57,29.75,33.7,21.11,18.98,23.49,,
2020-03-25,31.73,29.88,33.82,21.11,18.98,23.51,,
2020-03-26,31.89,30.01,33.95,21.12,18.97,23.5,,
2020-03-27,32.06,30.16,34.09,21.12,18.97,23.49,,
2020-03-28,32.22,30.34,34.21,21.13,18.97,23.49,,
2020-03-29,32.39,30.48,34.37,21.14,18.98,23.5,,
2020-03-30,32.56,30.64,34.54,21.15,18.99,23.5,,
2020-03-31,32.72,30.84,34.78,21.16,19.01,23.5,,
2020-04-01,32.89,31.04,35.0,21.17,19.03,23.5,24.0,22.0
2020-04-02,33.05,31.25,35.18,21.18,19.05,23.49,,
2020-04-03,33.22,31.4,35.36,21.19,19.08,23.49,,
2020-04-04,33.38,31.56,35.54,21.2,19.11,23.49,,
2020-04-05,33.54,31.73,35.74,21.21,19.16,23.49,,
2020-04-06,33.7,31.89,35.87,21.22,19.2,23.49,,
2020-04-07,33.86,32.0,36.03,21.23,19.25,23.47,,
2020-04-08,34.01,32.05,36.17,21.25,19.34,23.47,34.0,8.0
2020-04-09,34.16,32.14,36.32,21.26,19.42,23.46,,
2020-04-10,34.31,32.31,36.47,21.27,19.48,23.42,,
2020-04-11,34.45,32.49,36.59,21.28,19.49,23.39,26.0,21.0
2020-04-12,34.6,32.67,36.71,21.29,19.5,23.36,,
2020-04-13,34.74,32.8,36.85,21.31,19.52,23.34,,
2020-04-14,34.87,32.91,37.08,21.32,19.56,23.32,,
2020-04-15,35.01,33.02,37.22,21.33,19.57,23.29,,
2020-04-16,35.14,33.14,37.35,21.34,19.59,23.27,33.0,17.0
2020-04-17,35.26,33.25,37.45,21.35,19.6,23.25,,
2020-04-18,35.39,33.36,37.61,21.37,19.6,23.24,,
2020-04-19,35.51,33.49,37.73,21.38,19.6,23.27,,
2020-04-20,35.63,33.57,37.88,21.39,19.61,23.3,,
2020-04-21,35.75,33.7,37.96,21.4,19.61,23.32,31.0,30.0
2020-04-22,35.86,33.83,38.12,21.42,19.62,23.35,32.0,19.0
2020-04-23,35.97,33.96,38.24,21.43,19.65,23.38,38.0,26.0
2020-04-24,36.08,34.09,38.3,21.44,19.69,23.35,,
2020-04-25,36.18,34.21,38.36,21.46,19.72,23.33,,
2020-04-26,36.28,34.33,38.42,21.48,19.76,23.31,,
2020-04-27,36.38,34.43,38.5,21.49,19.78,23.3,29.0,16.0
2020-04-28,36.48,34.54,38.57,21.51,19.79,23.28,,
2020-04-29,36.57,34.65,38.64,21.53,19.8,23.27,,
2020-04-30,36.66,34.75,38.71,21.55,19.81,23.26,36.0,18.0
2020-05-01,36.75,34.84,38.78,21.57,19.86,23.25,,
2020-05-02,36.83,34.94,38.87,21.59,19.91,23.24,,
2020-05-03,36.91,35.03,38.94,21.61,19.96,23.24,,
2020-05-04,36.99,35.12,39.04,21.63,20.01,23.24,,
2020-05-05,37.06,35.2,39.11,21.66,20.03,23.23,35.0,30.0
2020-05-06,37.13,35.28,39.15,21.68,20.05,23.23,35.0,17.0
2020-05-07,37.2,35.37,39.2,21.7,20.08,23.24,,
2020-05-08,37.27,35.45,39.26,21.73,20.1,23.24,,
2020-05-09,37.34,35.54,39.31,21.76,20.12,23.24,40.0,17.0
2020-05-10,37.4,35.61,39.36,21.78,20.14,23.25,,
2020-05-11,37.46,35.69,39.41,21.81,20.17,23.25,,
2020-05-12,37.52,35.76,39.46,21.84,20.22,23.26,,
2020-05-13,37.58,35.84,39.5,21.87,20.28,23.27,42.0,18.0
2020-05-14,37.64,35.92,39.54,21.89,20.34,23.27,,
2020-05-15,37.7,35.99,39.57,21.92,20.38,23.28,,
2020-05-16,37.75,36.07,39.59,21.95,20.41,23.29,31.5,27.0
2020-05-17,37.81,36.14,39.62,21.98,20.42,23.3,,
2020-05-18,37.86,36.21,39.68,22.01,20.46,23.31,,
2020-05-19,37.92,36.28,39.74,22.04,20.52,23.33,,
2020-05-20,37.97,36.35,39.81,22.07,20.59,23.36,,
2020-05-21,38.03,36.42,39.87,22.1,20.67,23.39,47.0,17.0
2020-05-22,38.08,36.48,39.91,22.13,20.74,23.39,,
2020-05-23,38.14,36.54,39.95,22.16,20.79,23.42,,
2020-05-24,38.2,36.6,40.0,22.2,20.82,23.45,37.0,21.0
2020-05-25,38.25,36.65,40.04,22.23,20.85,23.47,,
2020-05-26,38.31,36.72,40.08,22.26,20.88,23.5,,
2020-05-27,38.37,36.8,40.12,22.29,20.92,23.52,47.0,27.0
2020-05-28,38.43,36.88,40.17,22.33,20.97,23.55,44.0,19.0
2020-05-29,38.49,36.93,40.23,22.36,21.03,23.57,,
2020-05-30,38.55,37.01,40.28,22.39,21.07,23.6,,
2020-05-31,38.61,37.06,40.34,22.43,21.11,23.63,36.0,26.0
2020-06-01,38.67,37.13,40.38,22.46,21.14,23.65,,
2020-06-02,38.73,37.2,40.42,22.49,21.19,23.67,,
2020-06-03,38.79,37.3,40.46,22.53,21.25,23.69,39.0,22.0
2020-06-04,38.85,37.38,40.51,22.56,21.31,23.75,46.0,22.0
2020-06-05,38.91,37.47,40.55,22.6,21.38,23.77,,
2020-06-06,38.97,37.55,40.59,22.63,21.44,23.8,,
2020-06-07,39.03,37.61,40.63,22.67,21.48,23.87,48.0,21.0
2020-06-08,39.09,37.68,40.68,22.7,21.52,23.89,,
2020-06-09,39.15,37.74,40.71,22.74,21.58,23.95,37.0,23.0
2020-06-10,39.21,37.81,40.74,22.77,21.62,23.94,,
2020-06-11,39.26,37.87,40.78,22.8,21.65,23.94,45.0,21.0
2020-06-12,39.32,37.94,40.83,22.84,21.68,23.95,,
2020-06-13,39.37,38.01,40.86,22.87,21.71,23.99,30.0,29.0
2020-06-14,39.42,38.08,40.88,22.91,21.75,24.01,,
2020-06-15,39.47,38.13,40.92,22.94,21.8,24.03,,
2020-06-16,39.52,38.17,40.95,22.97,21.82,24.06,,
2020-06-17,39.56,38.21,41.0,23.01,21.84,24.08,,
2020-06-18,39.61,38.25,41.07,23.04,21.87,24.11,,
2020-06-19,39.65,38.3,41.1,23.07,21.9,24.13,,
2020-06-20,39.69,38.34,41.14,23.1,21.93,24.15,,
2020-06-21,39.72,38.36,41.17,23.13,21.96,24.17,,
2020-06-22,39.76,38.39,41.21,23.16,22.02,24.2,,
2020-06-23,39.79,38.41,41.24,23.2,22.05,24.25,,
2020-06-24,39.82,38.43,41.26,23.22,22.07,24.29,35.0,25.0
2020-06-25,39.84,38.45,41.29,23.25,22.09,24.3,46.0,19.0
2020-06-26,39.87,38.45,41.34,23.28,22.12,24.33,,
2020-06-27,39.89,38.44,41.4,23.31,22.16,24.37,,
2020-06-28,39.91,38.43,41.44,23.34,22.21,24.37,,
2020-06-29,39.92,38.42,41.46,23.37,22.24,24.37,,
2020-06-30,39.93,38.47,41.48,23.4,22.28,24.4,,
2020-07-01,39.94,38.51,41.45,23.43,22.32,24.42,39.0,21.0
2020-07-02,39.95,38.5,41.49,23.45,22.33,24.44,43.0,22.0
2020-07-03,39.95,38.53,41.46,23.48,22.36,24.46,,
2020-07-04,39.95,38.55,41.44,23.51,22.45,24.48,38.0,25.0
2020-07-05,39.95,38.54,41.41,23.53,22.47,24.51,,
2020-07-06,39.95,38.54,41.43,23.56,22.5,24.53,,
2020-07-07,39.94,38.53,41.41,23.59,22.54,24.56,,
2020-07-08,39.93,38.51,41.38,23.62,22.54,24.58,,
2020-07-09,39.92,38.51,41.34,23.64,22.58,24.6,44.0,20.0
2020-07-10,39.9,38.49,41.32,23.67,22.62,24.6,,
2020-07-11,39.89,38.46,41.31,23.69,22.65,24.64,34.5,29.0
2020-07-12,39.87,38.42,41.26,23.72,22.68,24.67,,
2020-07-13,39.85,38.4,41.24,23.74,22.72,24.7,,
2020-07-14,39.83,38.37,41.22,23.77,22.75,24.72,,
2020-07-15,39.81,38.36,41.2,23.79,22.78,24.75,,
2020-07-16,39.79,38.34,41.18,23.82,22.8,24.8,,
2020-07-17,39.77,38.32,41.15,23.84,22.83,24.82,43.0,23.0
2020-07-18,39.75,38.32,41.11,23.87,22.86,24.85,,
2020-07-19,39.73,38.3,41.07,23.89,22.88,24.87,,
2020-07-20,39.7,38.28,41.03,23.92,22.92,24.89,,
2020-07-21,39.68,38.27,41.01,23.94,22.93,24.91,,
2020-07-22,39.66,38.27,41.0,23.97,22.95,24.91,,
2020-07-23,39.64,38.25,40.98,23.99,22.98,24.92,44.0,22.0
2020-07-24,39.62,38.24,40.94,24.02,23.0,24.95,,
2020-07-25,39.6,38.22,40.91,24.05,23.03,24.98,,
2020-07-26,39.58,38.21,40.88,24.07,23.05,25.03,,
2020-07-27,39.56,38.2,40.84,24.1,23.08,25.07,,
2020-07-28,39.54,38.18,40.81,24.13,23.13,25.1,,
2020-07-29,39.52,38.16,40.77,24.16,23.18,25.11,,
2020-07-30,39.51,38.12,40.73,24.18,23.22,25.14,,
2020-07-31,39.49,38.1,40.71,24.21,23.26,25.15,,
2020-08-01,39.47,38.12,40.7,24.24,23.27,25.2,42.5,26.5
2020-08-02,39.46,38.11,40.68,24.27,23.29,25.23,,
2020-08-03,39.45,38.09,40.66,24.3,23.3,25.25,,
2020-08-04,39.43,38.06,40.66,24.33,23.32,25.29,,
2020-08-05,39.42,38.08,40.66,24.36,23.34,25.33,,
2020-08-06,39.41,38.11,40.66,24.38,23.37,25.37,,
2020-08-07,39.4,38.07,40.67,24.41,23.41,25.4,,
2020-08-08,39.4,38.08,40.67,24.44,23.45,25.45,,
2020-08-09,39.39,38.04,40.67,24.48,23.49,25.48,,
2020-08-10,39.38,38.0,40.67,24.51,23.53,25.51,,
2020-08-11,39.38,37.95,40.68,24.54,23.57,25.55,,
2020-08-12,39.37,37.92,40.69,24.58,23.57,25.55,,
2020-08-13,39.37,37.88,40.68,24.61,23.61,25.58,,
2020-08-14,39.36,37.85,40.65,24.65,23.66,25.61,,
2020-08-15,39.36,37.82,40.65,24.69,23.76,25.63,32.0,30.0
2020-08-16,39.36,37.81,40.65,24.73,23.84,25.66,,
2020-08-17,39.36,37.79,40.66,24.77,23.84,25.71,,
2020-08-18,39.36,37.8,40.68,24.82,23.94,25.74,,
2020-08-19,39.36,37.81,40.71,24.86,24.0,25.81,40.0,21.0
2020-08-20,39.36,37.82,40.72,24.91,24.05,25.85,,
2020-08-21,39.36,37.83,40.75,24.96,24.09,25.9,34.0,25.0
2020-08-22,39.36,37.85,40.75,25.01,24.14,25.93,,
2020-08-23,39.36,37.86,40.75,25.06,24.18,26.0,,
2020-08-24,39.36,37.86,40.75,25.11,24.21,26.06,39.0,21.0
2020-08-25,39.36,37.85,40.74,25.17,24.27,26.12,,
2020-08-26,39.36,37.88,40.76,25.22,24.32,26.19,,
2020-08-27,39.36,37.91,40.75,25.28,24.34,26.25,38.0,24.0
2020-08-28,39.36,37.93,40.75,25.33,24.38,26.31,,
2020-08-29,39.36,37.94,40.74,25.39,24.43,26.4,,
2020-08-30,39.36,37.96,40.74,25.44,24.48,26.46,,
2020-08-31,39.35,37.94,40.73,25.5,24.51,26.53,43.0,25.0
2020-09-01,39.35,37.92,40.72,25.55,24.54,26.59,36.0,21.0
2020-09-02,39.35,37.89,40.72,25.61,24.57,26.66,,
2020-09-03,39.35,37.88,40.72,25.66,24.62,26.73,,
2020-09-04,39.35,37.89,40.71,25.71,24.65,26.78,34.0,28.0
2020-09-05,39.35,37.88,40.71,25.76,24.67,26.84,,
2020-09-06,39.34,37.86,40.71,25.81,24.7,26.91,,
2020-09-07,39.34,37.88,40.7,25.86,24.73,26.96,,
2020-09-08,39.34,37.89,40.7,25.91,24.78,27.0,,
2020-09-09,39.34,37.9,40.7,25.95,24.82,27.05,,
2020-09-10,39.34,37.89,40.69,26.0,24.86,27.11,,
2020-09-11,39.34,37.89,40.67,26.04,24.88,27.14,42.0,21.0
2020-09-12,39.33,37.87,40.65,26.08,24.9,27.19,,
2020-09-13,39.33,37.88,40.63,26.12,24.95,27.27,,
2020-09-14,39.33,37.9,40.62,26.16,24.99,27.35,,
2020-09-15,39.33,37.88,40.62,26.19,25.0,27.4,,
2020-09-16,39.33,37.86,40.63,26.23,25.01,27.44,37.0,24.5
2020-09-17,39.33,37.84,40.62,26.26,25.02,27.46,,
2020-09-18,39.33,37.82,40.6,26.29,25.03,27.48,43.0,27.0
2020-09-19,39.33,37.8,40.6,26.33,25.04,27.49,,
2020-09-20,39.32,37.81,40.62,26.36,25.05,27.53,,
2020-09-21,39.32,37.82,40.63,26.39,25.07,27.57,,
2020-09-22,39.32,37.82,40.62,26.42,25.1,27.62,,
2020-09-23,39.32,37.82,40.62,26.45,25.12,27.66,38.0,23.0
2020-09-24,39.32,37.83,40.61,26.48,25.14,27.71,,
2020-09-25,39.32,37.85,40.6,26.5,25.16,27.74,44.5,25.5
2020-09-26,39.32,37.86,40.6,26.53,25.18,27.77,,
2020-09-27,39.32,37.88,40.6,26.56,25.2,27.79,,
2020-09-28,39.32,37.89,40.6,26.59,25.23,27.81,46.0,26.0
2020-09-29,39.31,37.88,40.6,26.62,25.25,27.84,,
2020-09-30,39.31,37.87,40.61,26.65,25.27,27.85,43.0,31.0
2020-10-01,39.31,37.86,40.61,26.68,25.29,27.88,38.0,22.0
2020-10-02,39.31,37.89,40.62,26.7,25.31,27.9,,
2020-10-03,39.31,37.92,40.62,26.73,25.31,27.92,,
2020-10-04,39.31,37.95,40.61,26.76,25.32,27.94,,
2020-10-05,39.3,37.98,40.61,26.79,25.36,27.97,36.5,28.5
2020-10-06,39.3,37.99,40.62,26.83,25.4,28.0,,
2020-10-07,39.3,37.99,40.63,26.86,25.44,28.02,36.0,23.0
2020-10-08,39.29,37.99,40.63,26.89,25.47,28.04,,
2020-10-09,39.29,37.99,40.62,26.93,25.51,28.09,40.0,24.0
2020-10-10,39.28,37.99,40.61,26.96,25.54,28.16,,
2020-10-11,39.27,38.0,40.6,27.0,25.58,28.23,,
2020-10-12,39.27,38.0,40.59,27.04,25.62,28.29,,
2020-10-13,39.26,37.99,40.58,27.08,25.67,28.36,,
2020-10-14,39.25,37.99,40.56,27.12,25.72,28.44,,
2020-10-15,39.24,37.98,40.56,27.16,25.78,28.48,,
2020-10-16,39.23,37.97,40.56,27.2,25.84,28.53,,
2020-10-17,39.22,37.94,40.54,27.25,25.9,28.57,,
2020-10-18,39.21,37.92,40.56,27.29,25.92,28.63,31.0,32.0
2020-10-19,39.2,37.9,40.56,27.34,25.96,28.68,,
2020-10-20,39.19,37.88,40.56,27.39,26.02,28.72,,
2020-10-21,39.17,37.85,40.54,27.44,26.09,28.77,35.0,26.0
2020-10-22,39.16,37.86,40.53,27.49,26.14,28.82,41.0,36.0
2020-10-23,39.15,37.87,40.52,27.54,26.19,28.88,39.0,25.0
2020-10-24,39.13,37.82,40.51,27.6,26.25,28.95,48.0,35.0
2020-10-25,39.12,37.78,40.49,27.65,26.32,29.01,,
2020-10-26,39.1,37.78,40.47,27.71,26.39,29.08,44.0,31.0
2020-10-27,39.08,37.77,40.45,27.77,26.46,29.15,,
2020-10-28,39.06,37.77,40.44,27.83,26.53,29.23,40.0,28.0
2020-10-29,39.04,37.75,40.43,27.88,26.61,29.3,,
2020-10-30,39.02,37.75,40.43,27.94,26.68,29.37,38.0,40.0
2020-10-31,39.0,37.73,40.42,28.0,26.75,29.44,,
2020-11-01,38.98,37.71,40.42,28.06,26.8,29.53,,
2020-11-02,38.96,37.66,40.41,28.12,26.86,29.61,,
2020-11-03,38.93,37.64,40.41,28.18,26.92,29.7,,
2020-11-04,38.91,37.62,40.37,28.25,26.98,29.79,,
2020-11-05,38.88,37.6,40.33,28.31,27.04,29.86,41.0,24.0
2020-11-06,38.86,37.57,40.33,28.37,27.1,29.94,,
2020-11-07,38.83,37.54,40.3,28.43,27.13,30.02,,
2020-11-08,38.8,37.54,40.25,28.49,27.17,30.09,,
2020-11-09,38.77,37.54,40.24,28.55,27.21,30.11,,
2020-11-10,38.74,37.51,40.22,28.61,27.25,30.16,,
2020-11-11,38.71,37.48,40.2,28.67,27.29,30.26,38.0,24.0
2020-11-12,38.68,37.45,40.18,28.73,27.38,30.35,,
2020-11-13,38.65,37.42,40.16,28.79,27.41,30.43,,
2020-11-14,38.62,37.39,40.13,28.85,27.44,30.49,,
2020-11-15,38.59,37.36,40.11,28.91,27.49,30.55,,
2020-11-16,38.56,37.33,40.08,28.97,27.52,30.64,,
2020-11-17,38.53,37.3,40.04,29.02,27.54,30.71,,
2020-11-18,38.5,37.26,40.0,29.08,27.59,30.76,,
2020-11-19,38.47,37.22,39.96,29.14,27.61,30.8,36.0,24.0
2020-11-20,38.43,37.18,39.88,29.2,27.69,30.87,,
2020-11-21,38.4,37.14,39.8,29.25,27.71,30.91,,
2020-11-22,38.37,37.11,39.73,29.31,27.76,30.98,45.0,28.0
2020-11-23,38.34,37.06,39.7,29.36,27.8,31.04,,
2020-11-24,38.31,37.02,39.65,29.41,27.82,31.1,,
2020-11-25,38.28,36.98,39.62,29.46,27.84,31.15,,
2020-11-26,38.25,36.94,39.58,29.51,27.87,31.2,,
2020-11-27,38.21,36.9,39.56,29.56,27.91,31.25,,
2020-11-28,38.18,36.87,39.55,29.61,27.99,31.32,,
2020-11-29,38.15,36.84,39.49,29.66,27.99,31.37,,
2020-11-30,38.12,36.82,39.43,29.71,28.0,31.42,,
2020-12-01,38.09,36.8,39.38,29.75,28.01,31.47,,
2020-12-02,38.06,36.75,39.32,29.8,28.01,31.52,37.0,31.0
2020-12-03,38.03,36.7,39.26,29.84,28.02,31.57,35.0,26.0
2020-12-04,37.99,36.67,39.23,29.88,28.04,31.61,,
2020-12-05,37.96,36.63,39.2,29.92,28.06,31.65,,
2020-12-06,37.93,36.6,39.14,29.97,28.09,31.7,,
2020-12-07,37.9,36.57,39.11,30.01,28.12,31.77,38.0,33.0
2020-12-08,37.87,36.53,39.08,30.05,28.15,31.84,,
2020-12-09,37.83,36.48,39.04,30.09,28.18,31.9,,
2020-12-10,37.8,36.43,39.01,30.13,28.22,31.93,,
2020-12-11,37.77,36.4,38.97,30.17,28.24,31.91,,
2020-12-12,37.73,36.37,38.94,30.22,28.27,31.96,,
2020-12-13,37.7,36.35,38.9,30.26,28.3,32.0,27.0,27.0
2020-12-14,37.66,36.32,38.86,30.3,28.36,32.05,,
2020-12-15,37.62,36.31,38.81,30.35,28.43,32.09,,
2020-12-16,37.58,36.3,38.79,30.39,28.5,32.17,37.0,25.0
2020-12-17,37.54,36.25,38.76,30.44,28.55,32.22,38.0,40.0
2020-12-18,37.5,36.2,38.77,30.48,28.6,32.3,,
2020-12-19,37.46,36.17,38.72,30.53,28.66,32.38,40.0,34.0
2020-12-20,37.42,36.15,38.64,30.58,28.72,32.41,,
2020-12-21,37.38,36.13,38.6,30.62,28.73,32.44,,
2020-12-22,37.34,36.1,38.57,30.67,28.75,32.47,,
2020-12-23,37.29,36.05,38.55,30.73,28.78,32.5,,
2020-12-24,37.25,36.0,38.49,30.78,28.85,32.53,,
2020-12-25,37.2,35.95,38.46,30.83,28.92,32.56,,
2020-12-26,37.16,35.9,38.4,30.89,29.0,32.65,,
2020-12-27,37.11,35.86,38.34,30.95,29.09,32.67,,
2020-12-28,37.07,35.83,38.28,31.01,29.12,32.74,,
2020-12-29,37.03,35.79,38.22,31.07,29.15,32.79,41.0,36.0
2020-12-30,36.98,35.74,38.16,31.13,29.19,32.84,,
2020-12-31,36.94,35.68,38.1,31.2,29.23,32.89,,
2021-01-01,36.89,35.65,38.04,31.26,29.28,33.01,,
2021-01-02,36.85,35.61,38.01,31.33,29.34,33.14,,
2021-01-03,36.8,35.56,37.98,31.39,29.44,33.21,,
2021-01-04,36.76,35.51,37.94,31.46,29.55,33.25,42.0,39.0
2021-01-05,36.72,35.47,37.9,31.52,29.65,33.3,,
2021-01-06,36.68,35.43,37.87,31.58,29.76,33.36,40.0,25.0
2021-01-07,36.64,35.39,37.82,31.65,29.87,33.43,,
2021-01-08,36.6,35.36,37.79,31.71,29.96,33.48,,
2021-01-09,36.56,35.31,37.76,31.77,30.0,33.52,29.0,30.0
2021-01-10,36.52,35.27,37.73,31.83,30.03,33.56,,
2021-01-11,36.48,35.24,37.69,31.89,30.07,33.6,33.0,24.0
2021-01-12,36.44,35.2,37.66,31.95,30.08,33.68,,
2021-01-13,36.4,35.16,37.62,32.0,30.12,33.74,,
2021-01-14,36.37,35.13,37.59,32.06,30.17,33.81,37.0,27.0
2021-01-15,36.33,35.1,37.55,32.11,30.21,33.88,,
2021-01-16,36.29,35.07,37.52,32.16,30.24,33.93,,
2021-01-17,36.25,35.03,37.49,32.21,30.28,33.96,39.0,37.0
2021-01-18,36.21,35.0,37.45,32.25,30.32,33.99,33.0,25.0
2021-01-19,36.17,34.97,37.4,32.29,30.37,34.05,40.0,39.0
2021-01-20,36.13,34.94,37.37,32.34,30.43,34.11,,
2021-01-21,36.09,34.91,37.36,32.37,30.48,34.17,,
2021-01-22,36.06,34.87,37.32,32.41,30.53,34.22,50.0,36.0
2021-01-23,36.01,34.83,37.29,32.44,30.55,34.27,,
2021-01-24,35.97,34.8,37.26,32.47,30.55,34.31,,
2021-01-25,35.93,34.77,37.23,32.5,30.55,34.34,33.0,23.0
2021-01-26,35.89,34.74,37.18,32.53,30.54,34.38,40.0,37.0
2021-01-27,35.85,34.71,37.12,32.55,30.54,34.41,,
2021-01-28,35.81,34.65,37.12,32.57,30.57,34.43,36.0,27.0
2021-01-29,35.77,34.58,37.09,32.59,30.59,34.46,,
2021-01-30,35.72,34.53,37.06,32.61,30.59,34.48,,
2021-01-31,35.68,34.49,37.03,32.62,30.59,34.5,,
2021-02-01,35.64,34.45,36.99,32.64,30.58,34.51,36.5,30.5
2021-02-02,35.59,34.41,36.96,32.65,30.58,34.52,,
2021-02-03,35.55,34.36,36.91,32.66,30.59,34.53,,
2021-02-04,35.5,34.31,36.85,32.67,30.62,34.53,,
2021-02-05,35.45,34.27,36.8,32.67,30.64,34.53,35.0,32.0
2021-02-06,35.41,34.22,36.74,32.68,30.65,34.53,,
2021-02-07,35.36,34.18,36.68,32.68,30.67,34.53,,
2021-02-08,35.31,34.14,36.62,32.69,30.69,34.52,35.5,34.5
2021-02-09,35.27,34.1,36.57,32.69,30.73,34.52,,
2021-02-10,35.22,34.05,36.52,32.7,30.75,34.51,,
2021-02-11,35.17,34.0,36.46,32.7,30.76,34.5,32.0,30.0
2021-02-12,35.12,33.94,36.4,32.7,30.77,34.49,,
2021-02-13,35.07,33.92,36.36,32.71,30.77,34.52,,
2021-02-14,35.02,33.88,36.32,32.71,30.78,34.52,35.0,41.0
2021-02-15,34.97,33.83,36.24,32.72,30.79,34.52,,
2021-02-16,34.92,33.79,36.16,32.72,30.8,34.52,,
2021-02-17,34.87,33.75,36.11,32.73,30.81,34.51,,
2021-02-18,34.81,33.7,36.06,32.74,30.83,34.51,,
2021-02-19,34.76,33.66,36.01,32.75,30.84,34.51,,
2021-02-20,34.71,33.62,35.93,32.76,30.85,34.5,34.0,44.0
2021-02-21,34.65,33.58,35.86,32.77,30.86,34.5,,
2021-02-22,34.6,33.53,35.78,32.78,30.87,34.5,30.0,30.0
2021-02-23,34.54,33.49,35.71,32.79,30.88,34.54,,
2021-02-24,34.49,33.45,35.67,32.81,30.89,34.58,32.0,34.0
2021-02-25,34.43,33.41,35.61,32.82,30.92,34.63,37.0,34.5
2021-02-26,34.37,33.36,35.56,32.84,30.95,34.67,,
2021-02-27,34.32,33.31,35.51,32.87,30.98,34.72,,
2021-02-28,34.26,33.24,35.45,32.89,31.01,34.78,,
2021-03-01,34.2,33.18,35.38,32.92,31.05,34.84,,
2021-03-02,34.14,33.15,35.32,32.95,31.1,34.9,,
2021-03-03,34.07,33.12,35.2,32.98,31.15,34.97,,
2021-03-04,34.01,33.07,35.08,33.01,31.21,35.05,,
2021-03-05,33.95,33.01,34.94,33.05,31.27,35.13,,
2021-03-06,33.88,32.97,34.86,33.09,31.33,35.21,,
2021-03-07,33.82,32.92,34.79,33.13,31.38,35.3,,
2021-03-08,33.75,32.86,34.72,33.17,31.41,35.34,34.7,39.7
2021-03-09,33.68,32.79,34.66,33.22,31.44,35.37,32.0,35.0
2021-03-10,33.62,32.73,34.6,33.26,31.47,35.41,,
2021-03-11,33.55,32.67,34.52,33.31,31.51,35.45,34.0,29.0
2021-03-12,33.48,32.61,34.42,33.36,31.58,35.49,,
2021-03-13,33.41,32.52,34.34,33.41,31.66,35.53,,
2021-03-14,33.34,32.45,34.28,33.46,31.71,35.57,,
2021-03-15,33.26,32.37,34.19,33.52,31.73,35.61,32.0,25.0
2021-03-16,33.19,32.31,34.09,33.57,31.75,35.66,,
2021-03-17,33.12,32.22,34.04,33.63,31.77,35.72,29.0,27.0
2021-03-18,33.04,32.15,33.94,33.69,31.82,35.81,,
2021-03-19,32.96,32.08,33.83,33.75,31.87,35.88,,
2021-03-20,32.89,32.01,33.74,33.81,31.89,35.96,,
2021-03-21,32.81,31.93,33.66,33.87,31.91,36.02,,
2021-03-22,32.73,31.87,33.58,33.94,31.94,36.08,,
2021-03-23,32.65,31.83,33.49,34.0,31.97,36.2,,
2021-03-24,32.57,31.76,33.41,34.07,32.02,36.29,,
2021-03-25,32.49,31.66,33.31,34.13,32.1,36.37,30.0,35.0
2021-03-26,32.41,31.56,33.23,34.2,32.13,36.45,,
2021-03-27,32.32,31.45,33.15,34.27,32.18,36.54,,
2021-03-28,32.24,31.35,33.07,34.33,32.26,36.6,,
2021-03-29,32.16,31.24,32.99,34.4,32.34,36.66,30.0,28.0
2021-03-30,32.07,31.14,32.92,34.47,32.43,36.73,,
2021-03-31,31.99,31.03,32.88,34.54,32.51,36.78,,
2021-04-01,31.91,30.94,32.82,34.6,32.59,36.82,31.0,29.0
2021-04-02,31.82,30.82,32.76,34.67,32.63,36.85,,
2021-04-03,31.74,30.72,32.7,34.73,32.65,36.94,,
2021-04-04,31.66,30.64,32.61,34.8,32.68,37.07,,
2021-04-05,31.58,30.56,32.54,34.86,32.71,37.11,29.0,27.0
2021-04-06,31.5,30.47,32.48,34.93,32.77,37.2,,
2021-04-07,31.42,30.39,32.38,34.99,32.85,37.3,,
2021-04-08,31.34,30.29,32.29,35.06,32.9,37.43,32.0,30.0
2021-04-09,31.26,30.21,32.22,35.12,32.96,37.55,33.0,37.0
2021-04-10,31.18,30.13,32.14,35.18,32.98,37.66,,
2021-04-11,31.1,30.03,32.08,35.25,33.07,37.7,,
2021-04-12,31.02,29.93,31.99,35.31,33.15,37.79,29.0,27.0
2021-04-13,30.94,29.83,31.92,35.38,33.22,37.96,,
2021-04-14,30.87,29.73,31.85,35.44,33.27,38.05,,
2021-04-15,30.79,29.65,31.78,35.51,33.35,38.2,,
2021-04-16,30.71,29.59,31.74,35.57,33.41,38.31,,
2021-04-17,30.64,29.49,31.7,35.64,33.48,38.38,,
2021-04-18,30.56,29.38,31.64,35.7,33.54,38.45,,
2021-04-19,30.49,29.29,31.57,35.77,33.6,38.52,33.0,37.0
2021-04-20,30.42,29.21,31.5,35.84,33.66,38.58,,
2021-04-21,30.35,29.13,31.43,35.91,33.72,38.63,,
2021-04-22,30.27,29.06,31.36,35.98,33.8,38.75,33.0,32.0
2021-04-23,30.2,28.99,31.29,36.05,33.86,38.79,,
2021-04-24,30.14,28.92,31.22,36.13,33.95,38.84,,
2021-04-25,30.07,28.86,31.14,36.2,34.03,38.87,,
2021-04-26,30.0,28.77,31.05,36.28,34.13,38.91,31.0,32.0
2021-04-27,29.94,28.66,30.98,36.36,34.2,39.0,36.0,43.0
2021-04-28,29.87,28.55,30.92,36.43,34.28,39.09,33.0,37.0
2021-04-29,29.81,28.45,30.85,36.51,34.38,39.19,38.0,30.0
2021-04-30,29.75,28.39,30.75,36.59,34.46,39.26,,
2021-05-01,29.69,28.33,30.69,36.68,34.53,39.35,,
2021-05-02,29.63,28.28,30.65,36.76,34.6,39.44,,
2021-05-03,29.57,28.23,30.61,36.84,34.67,39.54,30.0,31.0
2021-05-04,29.51,28.18,30.57,36.93,34.74,39.64,29.0,36.0
2021-05-05,29.46,28.13,30.52,37.01,34.82,39.75,,
2021-05-06,29.4,28.08,30.46,37.1,34.89,39.85,,
2021-05-07,29.35,28.04,30.4,37.18,34.96,39.95,,
2021-05-08,29.29,27.98,30.35,37.27,35.03,40.02,,
2021-05-09,29.24,27.94,30.29,37.36,35.11,40.07,,
2021-05-10,29.19,27.9,30.22,37.44,35.19,40.15,17.0,65.0
2021-05-11,29.14,27.84,30.17,37.53,35.28,40.24,,
2021-05-12,29.09,27.77,30.12,37.62,35.37,40.33,,
2021-05-13,29.05,27.7,30.07,37.71,35.49,40.41,28.0,39.0
2021-05-14,29.0,27.64,30.03,37.79,35.6,40.49,,
2021-05-15,28.95,27.6,29.99,37.88,35.69,40.57,,
2021-05-16,28.91,27.57,29.94,37.97,35.77,40.65,,
2021-05-17,28.86,27.52,29.9,38.06,35.87,40.69,23.0,35.0
2021-05-18,28.82,27.47,29.86,38.14,35.99,40.73,,
2021-05-19,28.77,27.44,29.81,38.23,36.1,40.77,,
2021-05-20,28.73,27.41,29.77,38.32,36.22,40.82,,
2021-05-21,28.69,27.38,29.71,38.41,36.33,40.86,,
2021-05-22,28.64,27.36,29.65,38.49,36.41,40.93,,
2021-05-23,28.6,27.33,29.59,38.58,36.5,41.04,,
2021-05-24,28.56,27.3,29.53,38.67,36.6,41.16,,
2021-05-25,28.51,27.27,29.47,38.75,36.69,41.3,,
2021-05-26,28.47,27.24,29.43,38.84,36.75,41.36,,
2021-05-27,28.43,27.21,29.39,38.92,36.8,41.42,27.5,39.0
2021-05-28,28.38,27.18,29.35,39.0,36.85,41.48,,
2021-05-29,28.34,27.15,29.31,39.09,36.89,41.53,31.0,50.0
2021-05-30,28.3,27.13,29.27,39.17,36.94,41.59,,
2021-05-31,28.25,27.1,29.23,39.25,37.0,41.64,24.5,44.0
2021-06-01,28.21,27.07,29.19,39.32,37.12,41.68,,
2021-06-02,28.16,27.04,29.15,39.4,37.23,41.72,,
2021-06-03,28.11,27.01,29.11,39.48,37.35,41.76,,
2021-06-04,28.07,26.98,29.06,39.56,37.47,41.79,,
2021-06-05,28.02,26.95,29.01,39.63,37.59,41.82,,
2021-06-06,27.97,26.92,28.95,39.7,37.72,41.85,,
2021-06-07,27.92,26.89,28.89,39.78,37.85,41.92,26.0,34.0
2021-06-08,27.88,26.86,28.83,39.85,37.93,41.99,,
2021-06-09,27.83,26.84,28.77,39.92,37.98,42.06,28.0,37.0
2021-06-10,27.78,26.81,28.71,39.99,38.03,42.18,28.0,38.0
2021-06-11,27.73,26.79,28.65,40.06,38.08,42.25,,
2021-06-12,27.68,26.75,28.59,40.12,38.19,42.29,,
2021-06-13,27.63,26.72,28.52,40.19,38.25,42.33,25.0,31.0
2021-06-14,27.59,26.67,28.46,40.25,38.29,42.41,,
2021-06-15,27.54,26.62,28.41,40.31,38.36,42.38,,
2021-06-16,27.49,26.58,28.37,40.37,38.42,42.43,,
2021-06-17,27.44,26.56,28.33,40.42,38.48,42.47,,
2021-06-18,27.4,26.53,28.29,40.48,38.54,42.47,,
2021-06-19,27.35,26.5,28.23,40.53,38.6,42.48,,
2021-06-20,27.31,26.47,28.18,40.58,38.67,42.52,28.0,50.0
2021-06-21,27.27,26.42,28.11,40.63,38.75,42.54,25.0,37.0
2021-06-22,27.23,26.41,28.04,40.68,38.78,42.63,,
2021-06-23,27.19,26.4,27.98,40.72,38.87,42.71,,
2021-06-24,27.15,26.38,27.92,40.77,38.94,42.79,28.5,47.0
2021-06-25,27.11,26.35,27.9,40.81,39.0,42.87,,
2021-06-26,27.08,26.33,27.88,40.86,39.05,42.95,,
2021-06-27,27.05,26.3,27.87,40.9,39.1,42.97,,
2021-06-28,27.02,26.27,27.84,40.94,39.15,43.05,28.0,35.0
2021-06-29,26.99,26.24,27.8,40.98,39.2,43.14,,
2021-06-30,26.96,26.21,27.78,41.01,39.25,43.2,,
2021-07-01,26.94,26.18,27.75,41.05,39.29,43.27,,
2021-07-02,26.92,26.17,27.71,41.08,39.33,43.35,,
2021-07-03,26.9,26.15,27.68,41.12,39.36,43.41,,
2021-07-04,26.88,26.13,27.65,41.15,39.4,43.42,,
2021-07-05,26.87,26.12,27.63,41.18,39.4,43.49,27.0,50.0
2021-07-06,26.86,26.12,27.6,41.21,39.45,43.54,,
2021-07-07,26.85,26.11,27.58,41.24,39.5,43.57,,
2021-07-08,26.84,26.1,27.56,41.26,39.54,43.6,29.0,36.0
2021-07-09,26.83,26.1,27.56,41.29,39.57,43.62,,
2021-07-10,26.83,26.1,27.56,41.31,39.61,43.64,,
2021-07-11,26.83,26.1,27.57,41.34,39.64,43.65,,
2021-07-12,26.82,26.1,27.58,41.36,39.69,43.66,24.0,35.0
2021-07-13,26.82,26.11,27.59,41.38,39.73,43.65,,
2021-07-14,26.82,26.12,27.58,41.41,39.77,43.65,,
2021-07-15,26.82,26.13,27.59,41.43,39.8,43.66,,
2021-07-16,26.82,26.13,27.62,41.45,39.84,43.65,,
2021-07-17,26.82,26.13,27.63,41.48,39.87,43.64,,
2021-07-18,26.82,26.11,27.63,41.5,39.9,43.63,,
2021-07-19,26.82,26.11,27.61,41.52,39.94,43.61,26.5,40.0
2021-07-20,26.82,26.1,27.64,41.55,39.97,43.58,,
2021-07-21,26.82,26.09,27.67,41.57,40.01,43.55,,
2021-07-22,26.82,26.07,27.68,41.6,40.05,43.56,30.0,36.0
2021-07-23,26.82,26.06,27.67,41.62,40.08,43.54,33.0,35.0
2021-07-24,26.82,26.04,27.66,41.65,40.11,43.57,,
2021-07-25,26.81,26.03,27.68,41.67,40.14,43.63,25.0,40.0
2021-07-26,26.81,26.01,27.69,41.7,40.17,43.68,,
2021-07-27,26.81,26.01,27.7,41.72,40.2,43.71,,
2021-07-28,26.8,25.98,27.71,41.75,40.23,43.74,,
2021-07-29,26.8,25.96,27.71,41.77,40.26,43.78,23.0,53.0
2021-07-30,26.79,25.94,27.69,41.8,40.29,43.81,,
2021-07-31,26.79,25.91,27.68,41.82,40.32,43.83,,
2021-08-01,26.78,25.9,27.68,41.84,40.33,43.86,,
2021-08-02,26.78,25.89,27.68,41.86,40.35,43.88,,
2021-08-03,26.77,25.87,27.68,41.88,40.37,43.91,,
2021-08-04,26.77,25.86,27.68,41.9,40.39,43.93,27.0,53.0
2021-08-05,26.76,25.86,27.68,41.91,40.4,43.95,29.0,36.0
2021-08-06,26.76,25.84,27.68,41.93,40.42,43.96,,
2021-08-07,26.75,25.81,27.68,41.95,40.41,43.97,,
2021-08-08,26.74,25.79,27.69,41.96,40.43,44.0,,
2021-08-09,26.74,25.77,27.68,41.98,40.41,44.05,24.0,37.0
2021-08-10,26.73,25.74,27.67,41.99,40.39,44.1,,
2021-08-11,26.73,25.73,27.67,42.01,40.47,44.12,,
2021-08-12,26.72,25.7,27.66,42.02,40.45,44.12,,
2021-08-13,26.72,25.68,27.64,42.03,40.44,44.13,,
2021-08-14,26.71,25.66,27.63,42.04,40.42,44.12,,
2021-08-15,26.7,25.65,27.63,42.05,40.4,44.1,,
2021-08-16,26.7,25.64,27.63,42.06,40.38,44.13,24.0,38.0
2021-08-17,26.69,25.63,27.62,42.07,40.36,44.19,,
2021-08-18,26.69,25.62,27.62,42.08,40.34,44.23,26.0,56.0
2021-08-19,26.68,25.61,27.62,42.08,40.35,44.25,,
2021-08-20,26.67,25.61,27.62,42.09,40.38,44.27,,
2021-08-21,26.67,25.6,27.6,42.1,40.4,44.28,,
2021-08-22,26.66,25.59,27.6,42.1,40.39,44.25,,
2021-08-23,26.66,25.58,27.59,42.11,40.38,44.23,23.0,41.0
2021-08-24,26.65,25.58,27.58,42.11,40.36,44.23,,
2021-08-25,26.65,25.57,27.57,42.11,40.35,44.26,,
2021-08-26,26.64,25.58,27.55,42.12,40.34,44.3,,
2021-08-27,26.64,25.59,27.55,42.12,40.32,44.32,,
2021-08-28,26.63,25.58,27.55,42.12,40.34,44.35,,
2021-08-29,26.63,25.57,27.55,42.12,40.36,44.38,23.0,40.0
2021-08-30,26.63,25.57,27.55,42.13,40.36,44.41,,
2021-08-31,26.63,25.56,27.55,42.13,40.34,44.44,,
2021-09-01,26.63,25.56,27.56,42.13,40.3,44.43,,
2021-09-02,26.63,25.56,27.56,42.13,40.3,44.41,29.0,52.0
2021-09-03,26.63,25.57,27.57,42.13,40.31,44.39,29.0,37.0
2021-09-04,26.63,25.58,27.57,42.13,40.32,44.36,36.0,49.0
2021-09-05,26.64,25.59,27.58,42.13,40.33,44.36,,
2021-09-06,26.65,25.6,27.59,42.13,40.33,44.39,20.0,44.0
2021-09-07,26.65,25.63,27.59,42.13,40.33,44.42,27.0,37.0
2021-09-08,26.66,25.64,27.6,42.13,40.33,44.43,,
2021-09-09,26.67,25.66,27.61,42.12,40.33,44.41,,
2021-09-10,26.69,25.69,27.62,42.12,40.32,44.4,,
2021-09-11,26.7,25.7,27.64,42.11,40.32,44.39,29.0,37.0
2021-09-12,26.71,25.71,27.67,42.1,40.32,44.38,,
2021-09-13,26.73,25.73,27.69,42.09,40.32,44.34,24.0,42.0
2021-09-14,26.75,25.74,27.72,42.08,40.32,44.28,29.0,38.0
2021-09-15,26.77,25.77,27.75,42.06,40.27,44.22,23.0,39.0
2021-09-16,26.79,25.79,27.78,42.05,40.25,44.17,26.0,55.0
2021-09-17,26.81,25.81,27.81,42.03,40.25,44.1,30.0,36.0
2021-09-18,26.83,25.84,27.82,42.01,40.23,44.02,,
2021-09-19,26.85,25.87,27.84,41.99,40.2,43.99,,
2021-09-20,26.88,25.9,27.86,41.97,40.16,43.96,25.0,50.0
2021-09-21,26.9,25.94,27.87,41.95,40.13,43.94,,
2021-09-22,26.93,25.97,27.89,41.93,40.1,43.91,,
2021-09-23,26.96,25.99,27.94,41.9,40.04,43.88,,
2021-09-24,26.99,26.01,27.99,41.88,39.97,43.85,,
2021-09-25,27.01,26.05,28.02,41.85,39.96,43.85,29.0,49.0
2021-09-26,27.05,26.11,28.04,41.82,39.93,43.87,,
2021-09-27,27.08,26.14,28.07,41.79,39.92,43.83,24.0,37.0
2021-09-28,27.11,26.16,28.09,41.76,39.91,43.87,,
2021-09-29,27.14,26.18,28.13,41.73,39.89,43.87,,
2021-09-30,27.18,26.23,28.18,41.7,39.84,43.82,,
2021-10-01,27.21,26.26,28.22,41.67,39.78,43.77,,
2021-10-02,27.25,26.28,28.26,41.64,39.72,43.71,,
2021-10-03,27.28,26.32,28.3,41.6,39.68,43.66,,
2021-10-04,27.32,26.36,28.34,41.57,39.62,43.6,25.0,36.0
2021-10-05,27.35,26.42,28.38,41.54,39.59,43.54,,
2021-10-06,27.39,26.46,28.43,41.5,39.58,43.47,,
2021-10-07,27.43,26.49,28.47,41.47,39.57,43.41,,
2021-10-08,27.47,26.53,28.51,41.44,39.56,43.4,,
2021-10-09,27.51,26.61,28.53,41.4,39.52,43.41,,
2021-10-10,27.55,26.69,28.56,41.37,39.49,43.41,,
2021-10-11,27.59,26.73,28.59,41.34,39.46,43.38,26.0,37.0
2021-10-12,27.63,26.79,28.61,41.3,39.45,43.33,,
2021-10-13,27.66,26.85,28.65,41.27,39.4,43.28,,
2021-10-14,27.7,26.86,28.69,41.24,39.34,43.27,30.0,38.0
2021-10-15,27.75,26.89,28.72,41.21,39.28,43.18,,
2021-10-16,27.79,26.96,28.75,41.18,39.26,43.09,,
2021-10-17,27.83,27.03,28.79,41.14,39.22,43.04,,
2021-10-18,27.87,27.1,28.82,41.11,39.16,42.99,25.0,35.0
2021-10-19,27.91,27.17,28.85,41.08,39.15,42.94,,
2021-10-20,27.95,27.2,28.87,41.05,39.13,42.92,28.0,55.0
2021-10-21,27.99,27.23,28.89,41.01,39.12,42.9,,
2021-10-22,28.03,27.27,28.92,40.98,39.06,42.84,,
2021-10-23,28.07,27.3,28.94,40.95,39.02,42.78,,
2021-10-24,28.11,27.34,28.96,40.91,39.02,42.74,,
2021-10-25,28.15,27.37,28.98,40.88,38.97,42.68,26.0,36.0
2021-10-26,28.19,27.41,29.0,40.84,38.94,42.62,,
2021-10-27,28.23,27.45,29.02,40.8,38.87,42.57,,
2021-10-28,28.27,27.51,29.04,40.76,38.81,42.57,,
2021-10-29,28.31,27.57,29.12,40.72,38.74,42.56,,
2021-10-30,28.35,27.61,29.15,40.68,38.68,42.56,,
2021-10-31,28.39,27.63,29.16,40.64,38.65,42.54,,
2021-11-01,28.44,27.69,29.17,40.6,38.59,42.47,29.0,50.0
2021-11-02,28.48,27.75,29.2,40.56,38.5,42.4,,
2021-11-03,28.52,27.82,29.27,40.51,38.44,42.37,,
2021-11-04,28.56,27.86,29.35,40.47,38.37,42.31,,
2021-11-05,28.61,27.89,29.39,40.42,38.31,42.25,29.0,37.0
2021-11-06,28.65,27.93,29.42,40.37,38.25,42.23,,
2021-11-07,28.69,27.97,29.44,40.32,38.19,42.21,,
2021-11-08,28.74,28.0,29.48,40.27,38.13,42.19,25.0,34.0
2021-11-09,28.78,28.03,29.55,40.22,38.07,42.16,,
2021-11-10,28.83,28.08,29.6,40.16,38.01,42.14,31.0,50.0
2021-11-11,28.87,28.1,29.66,40.11,37.95,42.12,30.0,36.0
2021-11-12,28.92,28.13,29.71,40.05,37.9,42.03,,
2021-11-13,28.97,28.17,29.75,40.0,37.84,42.01,,
2021-11-14,29.01,28.23,29.79,39.94,37.79,42.01,,
2021-11-15,29.06,28.28,29.84,39.89,37.73,42.0,35.0,26.0
2021-11-16,29.11,28.31,29.88,39.83,37.68,42.0,,
2021-11-17,29.16,28.34,29.92,39.77,37.63,41.97,31.0,51.0
2021-11-18,29.21,28.38,29.97,39.72,37.57,41.95,,
2021-11-19,29.25,28.43,30.01,39.66,37.52,41.92,27.0,36.0
2021-11-20,29.3,28.48,30.05,39.6,37.48,41.9,,
2021-11-21,29.35,28.53,30.09,39.55,37.44,41.87,28.0,33.0
2021-11-22,29.4,28.58,30.15,39.49,37.39,41.84,,
2021-11-23,29.44,28.63,30.2,39.44,37.34,41.82,,
2021-11-24,29.49,28.69,30.25,39.38,37.32,41.78,,
2021-11-25,29.53,28.72,30.29,39.33,37.28,41.71,31.0,47.0
2021-11-26,29.57,28.77,30.35,39.27,37.24,41.61,,
2021-11-27,29.62,28.8,30.39,39.22,37.15,41.57,,
2021-11-28,29.66,28.85,30.44,39.17,37.11,41.54,,
2021-11-29,29.7,28.9,30.49,39.12,37.06,41.5,27.0,36.0
2021-11-30,29.74,28.94,30.53,39.08,37.03,41.45,31.0,44.0
2021-12-01,29.77,28.97,30.58,39.03,37.0,41.39,,
2021-12-02,29.81,29.0,30.63,38.99,36.98,41.33,,
2021-12-03,29.85,29.02,30.68,38.94,36.94,41.29,,
2021-12-04,29.88,29.05,30.72,38.9,36.86,41.24,,
2021-12-05,29.92,29.08,30.75,38.86,36.79,41.19,,
2021-12-06,29.95,29.1,30.79,38.82,36.73,41.14,27.0,42.5
2021-12-07,29.98,29.13,30.83,38.78,36.65,41.1,,
2021-12-08,30.02,29.16,30.87,38.74,36.58,41.12,34.0,48.0
2021-12-09,30.05,29.18,30.91,38.7,36.55,41.12,33.0,35.0
2021-12-10,30.08,29.21,30.94,38.66,36.51,41.12,,
2021-12-11,30.11,29.23,30.98,38.62,36.47,41.08,,
2021-12-12,30.14,29.26,31.02,38.58,36.44,41.01,,
2021-12-13,30.16,29.29,31.07,38.54,36.41,40.93,27.0,35.0
2021-12-14,30.19,29.31,31.11,38.49,36.37,40.84,,
2021-12-15,30.22,29.33,31.15,38.45,36.32,40.77,,
2021-12-16,30.24,29.35,31.19,38.4,36.27,40.75,,
2021-12-17,30.27,29.39,31.22,38.35,36.21,40.7,,
2021-12-18,30.29,29.42,31.26,38.3,36.16,40.67,,
2021-12-19,30.32,29.45,31.28,38.25,36.11,40.63,33.0,48.0
2021-12-20,30.34,29.47,31.29,38.2,36.06,40.6,,
2021-12-21,30.36,29.5,31.3,38.14,36.03,40.56,,
2021-12-22,30.39,29.52,31.32,38.09,35.98,40.52,35.0,31.0
2021-12-23,30.41,29.55,31.34,38.03,35.9,40.48,,
2021-12-24,30.43,29.58,31.36,37.97,35.84,40.44,,
2021-12-25,30.45,29.58,31.37,37.91,35.75,40.38,,
2021-12-26,30.46,29.59,31.38,37.85,35.7,40.33,,
2021-12-27,30.48,29.6,31.39,37.79,35.66,40.26,,
2021-12-28,30.5,29.62,31.42,37.72,35.62,40.24,,
2021-12-29,30.51,29.64,31.45,37.66,35.55,40.2,,
2021-12-30,30.53,29.67,31.47,37.59,35.5,40.1,,
2021-12-31,30.54,29.69,31.49,37.53,35.44,39.98,,
2022-01-01,30.56,29.7,31.51,37.46,35.35,39.86,,
2022-01-02,30.57,29.71,31.53,37.39,35.26,39.78,,
2022-01-03,30.58,29.72,31.53,37.32,35.17,39.71,25.0,32.0
2022-01-04,30.59,29.75,31.51,37.25,35.07,39.63,,
2022-01-05,30.6,29.78,31.52,37.18,34.99,39.52,,
2022-01-06,30.61,29.79,31.53,37.12,34.94,39.41,34.0,31.0
2022-01-07,30.62,29.79,31.54,37.05,34.9,39.33,,
2022-01-08,30.63,29.8,31.54,36.98,34.85,39.3,,
2022-01-09,30.64,29.8,31.54,36.91,34.8,39.26,,
2022-01-10,30.65,29.81,31.54,36.84,34.76,39.22,30.0,33.0
2022-01-11,30.66,29.81,31.55,36.77,34.73,39.19,,
2022-01-12,30.67,29.82,31.56,36.7,34.62,39.15,,
2022-01-13,30.68,29.83,31.57,36.64,34.6,39.03,36.0,32.0
2022-01-14,30.69,29.86,31.56,36.58,34.55,38.97,,
2022-01-15,30.7,29.88,31.54,36.51,34.47,38.92,,
2022-01-16,30.71,29.9,31.53,36.45,34.37,38.87,29.0,43.0
2022-01-17,30.71,29.92,31.54,36.39,34.28,38.82,30.0,30.0
2022-01-18,30.72,29.94,31.55,36.33,34.19,38.73,,
2022-01-19,30.73,29.96,31.56,36.28,34.12,38.65,,
2022-01-20,30.74,29.96,31.56,36.23,34.09,38.56,,
2022-01-21,30.74,29.97,31.57,36.17,34.01,38.49,,
2022-01-22,30.75,29.98,31.56,36.12,34.01,38.46,33.0,48.0
2022-01-23,30.76,29.99,31.54,36.07,34.03,38.44,,
2022-01-24,30.76,29.99,31.52,36.03,34.02,38.37,31.0,33.0
2022-01-25,30.77,30.0,31.52,35.98,34.02,38.28,,
2022-01-26,30.77,30.01,31.53,35.94,34.03,38.22,,
2022-01-27,30.77,30.01,31.53,35.9,34.03,38.14,34.0,33.0
2022-01-28,30.78,30.02,31.52,35.86,33.99,38.07,,
2022-01-29,30.78,30.03,31.51,35.83,33.99,38.01,,
2022-01-30,30.78,30.04,31.51,35.79,33.93,37.95,,
2022-01-31,30.78,30.05,31.51,35.76,33.87,37.89,30.0,31.0
2022-02-01,30.78,30.06,31.51,35.73,33.8,37.82,,
2022-02-02,30.78,30.06,31.51,35.7,33.79,37.73,,
2022-02-03,30.78,30.06,31.5,35.68,33.77,37.71,,
2022-02-04,30.77,30.06,31.49,35.66,33.75,37.69,,
2022-02-05,30.77,30.07,31.48,35.63,33.72,37.63,,
2022-02-06,30.76,30.08,31.47,35.61,33.66,37.62,,
2022-02-07,30.75,30.05,31.46,35.6,33.6,37.62,28.0,54.0
2022-02-08,30.74,30.05,31.46,35.58,33.56,37.59,,
2022-02-09,30.73,30.04,31.45,35.57,33.5,37.57,,
2022-02-10,30.72,30.04,31.43,35.56,33.46,37.55,32.0,32.0
2022-02-11,30.71,30.02,31.4,35.55,33.41,37.53,,
2022-02-12,30.7,30.0,31.38,35.54,33.38,37.52,30.0,37.0
2022-02-13,30.68,29.98,31.37,35.54,33.35,37.55,,
2022-02-14,30.67,29.96,31.36,35.53,33.33,37.54,29.0,34.0
2022-02-15,30.65,29.93,31.33,35.53,33.32,37.53,,
2022-02-16,30.63,29.92,31.3,35.53,33.31,37.52,,
2022-02-17,30.62,29.91,31.26,35.53,33.31,37.51,,
2022-02-18,30.6,29.87,31.23,35.53,33.35,37.5,,
2022-02-19,30.58,29.85,31.19,35.53,33.41,37.49,,
2022-02-20,30.56,29.84,31.16,35.53,33.41,37.48,,
2022-02-21,30.54,29.81,31.13,35.53,33.39,37.48,30.0,31.0
2022-02-22,30.52,29.8,31.11,35.54,33.36,37.53,,
2022-02-23,30.5,29.77,31.09,35.54,33.33,37.56,,
2022-02-24,30.48,29.74,31.07,35.54,33.3,37.6,32.0,27.5
2022-02-25,30.46,29.72,31.05,35.54,33.26,37.63,,
2022-02-26,30.44,29.69,31.03,35.54,33.23,37.63,,
2022-02-27,30.42,29.67,31.01,35.54,33.19,37.57,,
2022-02-28,30.39,29.64,30.99,35.54,33.16,37.5,30.0,30.0
2022-03-01,30.37,29.62,30.97,35.53,33.12,37.47,,
2022-03-02,30.35,29.6,30.95,35.53,33.11,37.47,,
2022-03-03,30.32,29.57,30.93,35.53,33.08,37.47,,
2022-03-04,30.3,29.55,30.91,35.52,33.09,37.47,,
2022-03-05,30.27,29.51,30.89,35.52,33.11,37.52,27.0,39.0
2022-03-06,30.25,29.46,30.85,35.51,33.14,37.55,,
2022-03-07,30.22,29.44,30.83,35.51,33.17,37.58,,
2022-03-08,30.2,29.41,30.81,35.5,33.14,37.53,,
2022-03-09,30.17,29.38,30.79,35.5,33.14,37.53,29.0,32.0
2022-03-10,30.15,29.36,30.75,35.49,33.11,37.56,,
2022-03-11,30.12,29.34,30.72,35.48,33.07,37.51,,
2022-03-12,30.09,29.31,30.69,35.48,33.05,37.46,32.0,34.0
2022-03-13,30.06,29.28,30.65,35.47,33.04,37.43,,
2022-03-14,30.04,29.25,30.63,35.46,33.08,37.42,,
2022-03-15,30.01,29.23,30.61,35.45,33.1,37.41,,
2022-03-16,29.98,29.2,30.58,35.44,33.11,37.46,,
2022-03-17,29.95,29.17,30.55,35.43,33.08,37.4,,
2022-03-18,29.92,29.13,30.53,35.42,33.05,37.37,,
2022-03-19,29.89,29.1,30.52,35.41,33.04,37.35,,
2022-03-20,29.86,29.06,30.51,35.41,33.09,37.34,31.0,30.0
2022-03-21,29.83,29.03,30.48,35.4,33.13,37.32,,
2022-03-22,29.8,28.99,30.45,35.39,33.15,37.27,34.0,50.0
2022-03-23,29.78,28.94,30.42,35.38,33.16,37.25,33.0,54.0
2022-03-24,29.75,28.91,30.4,35.37,33.17,37.27,28.0,32.0
2022-03-25,29.72,28.88,30.38,35.36,33.16,37.26,,
2022-03-26,29.69,28.85,30.36,35.36,33.15,37.26,,
2022-03-27,29.67,28.81,30.34,35.35,33.15,37.27,,
2022-03-28,29.64,28.77,30.32,35.35,33.14,37.28,,
2022-03-29,29.62,28.74,30.3,35.34,33.13,37.3,,
2022-03-30,29.59,28.7,30.28,35.34,33.15,37.31,,
2022-03-31,29.57,28.67,30.25,35.34,33.15,37.32,,
2022-04-01,29.54,28.63,30.23,35.34,33.15,37.34,,
2022-04-02,29.52,28.6,30.22,35.34,33.16,37.34,30.0,41.0
2022-04-03,29.5,28.57,30.2,35.34,33.18,37.34,31.0,31.0
2022-04-04,29.47,28.55,30.18,35.34,33.19,37.37,,
2022-04-05,29.45,28.52,30.17,35.34,33.21,37.4,,
2022-04-06,29.43,28.49,30.14,35.34,33.23,37.41,,
2022-04-07,29.41,28.46,30.12,35.35,33.25,37.43,27.0,34.0
2022-04-08,29.39,28.44,30.1,35.35,33.25,37.43,,
2022-04-09,29.37,28.42,30.08,35.35,33.26,37.43,31.0,36.0
2022-04-10,29.34,28.4,30.05,35.36,33.27,37.43,27.0,32.0
2022-04-11,29.32,28.38,30.03,35.36,33.28,37.42,,
2022-04-12,29.3,28.36,30.01,35.37,33.3,37.44,,
2022-04-13,29.28,28.34,29.98,35.37,33.32,37.47,,
2022-04-14,29.26,28.33,29.95,35.38,33.33,37.5,,
2022-04-15,29.24,28.31,29.93,35.38,33.3,37.51,,
2022-04-16,29.22,28.3,29.91,35.39,33.33,37.51,,
2022-04-17,29.2,28.28,29.89,35.39,33.35,37.5,25.0,30.0
2022-04-18,29.18,28.26,29.86,35.4,33.37,37.51,,
2022-04-19,29.16,28.25,29.84,35.4,33.37,37.54,,
2022-04-20,29.14,28.24,29.83,35.41,33.37,37.56,29.0,35.0
2022-04-21,29.12,28.22,29.81,35.42,33.36,37.56,,
2022-04-22,29.1,28.22,29.79,35.42,33.35,37.57,,
2022-04-23,29.09,28.21,29.78,35.43,33.33,37.56,,
2022-04-24,29.07,28.19,29.76,35.44,33.31,37.57,30.5,37.5
2022-04-25,29.05,28.18,29.74,35.45,33.3,37.57,,
2022-04-26,29.03,28.17,29.72,35.45,33.28,37.56,,
2022-04-27,29.01,28.16,29.7,35.46,33.27,37.55,,
2022-04-28,29.0,28.16,29.69,35.47,33.27,37.54,,
2022-04-29,28.98,28.15,29.68,35.48,33.26,37.53,,
2022-04-30,28.97,28.14,29.68,35.48,33.25,37.52,,
2022-05-01,28.95,28.12,29.67,35.49,33.26,37.5,28.0,30.0
2022-05-02,28.94,28.1,29.66,35.5,33.28,37.53,,
2022-05-03,28.93,28.1,29.65,35.5,33.29,37.6,,
2022-05-04,28.91,28.1,29.64,35.5,33.3,37.64,,
2022-05-05,28.9,28.1,29.62,35.51,33.34,37.61,,
2022-05-06,28.89,28.1,29.61,35.51,33.38,37.65,,
2022-05-07,28.88,28.1,29.59,35.51,33.42,37.63,,
2022-05-08,28.87,28.1,29.58,35.51,33.43,37.66,26.0,28.0
2022-05-09,28.86,28.11,29.56,35.51,33.42,37.66,,
2022-05-10,28.85,28.11,29.55,35.5,33.42,37.62,,
2022-05-11,28.85,28.1,29.56,35.5,33.41,37.6,,
2022-05-12,28.84,28.09,29.55,35.5,33.4,37.56,28.0,35.0
2022-05-13,28.83,28.08,29.54,35.5,33.39,37.52,,
2022-05-14,28.83,28.06,29.53,35.49,33.43,37.48,31.0,48.0
2022-05-15,28.82,28.06,29.52,35.49,33.41,37.44,25.0,34.0
2022-05-16,28.82,28.05,29.51,35.49,33.44,37.4,,
2022-05-17,28.81,28.05,29.5,35.49,33.47,37.38,,
2022-05-18,28.81,28.05,29.5,35.49,33.51,37.34,,
2022-05-19,28.8,28.05,29.48,35.5,33.55,37.35,,
2022-05-20,28.8,28.05,29.46,35.5,33.57,37.37,,
2022-05-21,28.8,28.03,29.45,35.51,33.57,37.41,,
2022-05-22,28.79,28.02,29.44,35.52,33.57,37.44,27.0,34.0
2022-05-23,28.79,28.02,29.45,35.54,33.57,37.47,,
2022-05-24,28.79,28.01,29.45,35.55,33.5,37.44,,
2022-05-25,28.79,28.01,29.45,35.57,33.49,37.46,,
2022-05-26,28.79,28.03,29.46,35.59,33.5,37.49,30.0,36.0
2022-05-27,28.79,28.04,29.46,35.61,33.52,37.53,,
2022-05-28,28.79,28.05,29.46,35.63,33.55,37.57,,
2022-05-29,28.79,28.07,29.47,35.66,33.59,37.6,27.0,31.0
2022-05-30,28.79,28.08,29.45,35.69,33.63,37.64,,
2022-05-31,28.79,28.06,29.44,35.72,33.63,37.69,,
2022-06-01,28.79,28.04,29.46,35.75,33.68,37.75,,
2022-06-02,28.8,28.05,29.48,35.78,33.72,37.75,,
2022-06-03,28.8,28.07,29.47,35.82,33.75,37.79,,
2022-06-04,28.8,28.06,29.48,35.86,33.71,37.86,,
2022-06-05,28.81,28.05,29.49,35.9,33.76,37.93,,
2022-06-06,28.81,28.04,29.51,35.94,33.81,38.0,,
2022-06-07,28.82,28.04,29.55,35.98,33.84,38.07,,
2022-06-08,28.83,28.04,29.6,36.02,33.88,38.08,,
2022-06-09,28.83,28.04,29.61,36.06,33.95,38.09,,
2022-06-10,28.84,28.03,29.63,36.1,33.98,38.14,30.0,36.0
2022-06-11,28.85,28.02,29.67,36.15,34.02,38.17,,
2022-06-12,28.85,28.03,29.7,36.19,34.03,38.25,28.0,31.0
2022-06-13,28.86,28.02,29.72,36.22,34.05,38.29,,
2022-06-14,28.87,28.03,29.72,36.26,34.05,38.28,,
2022-06-15,28.87,28.05,29.72,36.3,34.13,38.35,,
2022-06-16,28.88,28.04,29.72,36.33,34.19,38.43,,
2022-06-17,28.89,28.03,29.73,36.37,34.25,38.48,,
2022-06-18,28.89,28.03,29.74,36.4,34.29,38.5,,
2022-06-19,28.9,28.06,29.73,36.43,34.3,38.53,,
2022-06-20,28.9,28.07,29.72,36.45,34.29,38.56,,
2022-06-21,28.91,28.06,29.72,36.48,34.27,38.59,,
2022-06-22,28.92,28.06,29.73,36.5,34.28,38.61,,
2022-06-23,28.92,28.06,29.75,36.52,34.24,38.61,29.0,37.0
2022-06-24,28.93,28.05,29.76,36.54,34.27,38.61,,
2022-06-25,28.93,28.05,29.74,36.55,34.32,38.61,,
2022-06-26,28.93,28.06,29.73,36.57,34.35,38.65,,
2022-06-27,28.94,28.07,29.74,36.58,34.36,38.7,,
2022-06-28,28.94,28.08,29.73,36.59,34.35,38.73,,
2022-06-29,28.94,28.1,29.72,36.6,34.37,38.77,,
2022-06-30,28.95,28.11,29.75,36.6,34.41,38.76,,
2022-07-01,28.95,28.12,29.76,36.61,34.41,38.74,,
2022-07-02,28.95,28.13,29.77,36.61,34.39,38.73,,
2022-07-03,28.96,28.14,29.77,36.62,34.39,38.77,29.0,36.0
2022-07-04,28.96,28.14,29.78,36.62,34.42,38.8,,
2022-07-05,28.96,28.14,29.78,36.62,34.36,38.83,,
2022-07-06,28.97,28.14,29.79,36.62,34.34,38.86,32.5,42.5
2022-07-07,28.97,28.14,29.79,36.62,34.33,38.88,30.0,37.0
2022-07-08,28.98,28.14,29.8,36.62,34.34,38.91,,
2022-07-09,28.99,28.15,29.81,36.62,34.33,38.93,,
2022-07-10,28.99,28.15,29.82,36.62,34.36,38.95,28.0,37.0
2022-07-11,29.0,28.16,29.83,36.62,34.36,38.97,,
2022-07-12,29.01,28.16,29.84,36.62,34.36,38.98,,
2022-07-13,29.02,28.17,29.84,36.62,34.33,39.0,,
2022-07-14,29.03,28.18,29.86,36.62,34.31,39.01,,
2022-07-15,29.04,28.21,29.87,36.62,34.28,39.08,,
2022-07-16,29.06,28.25,29.88,36.62,34.25,39.14,,
2022-07-17,29.07,28.3,29.89,36.62,34.23,39.19,,
2022-07-18,29.09,28.32,29.91,36.61,34.21,39.22,,
2022-07-19,29.11,28.34,29.93,36.61,34.2,39.21,,
2022-07-20,29.13,28.34,29.95,36.61,34.19,39.19,,
2022-07-21,29.15,28.36,29.97,36.61,34.21,39.17,31.0,31.0
2022-07-22,29.17,28.39,29.98,36.6,34.25,39.14,,
2022-07-23,29.2,28.45,30.01,36.6,34.23,39.12,,
2022-07-24,29.23,28.5,30.03,36.6,34.22,39.09,,
2022-07-25,29.26,28.52,30.06,36.59,34.2,39.07,,
2022-07-26,29.29,28.54,30.09,36.59,34.18,39.06,,
2022-07-27,29.32,28.57,30.14,36.58,34.17,39.07,27.0,37.0
2022-07-28,29.36,28.59,30.19,36.58,34.18,39.06,,
2022-07-29,29.39,28.63,30.21,36.57,34.15,39.07,,
2022-07-30,29.43,28.67,30.25,36.56,34.15,39.07,28.0,54.0
2022-07-31,29.47,28.69,30.29,36.56,34.15,39.07,,
2022-08-01,29.51,28.74,30.33,36.55,34.16,39.07,,
2022-08-02,29.56,28.77,30.39,36.54,34.15,39.07,,
2022-08-03,29.61,28.81,30.43,36.53,34.14,39.07,,
2022-08-04,29.66,28.85,30.51,36.52,34.13,39.03,27.0,33.0
2022-08-05,29.71,28.89,30.59,36.51,34.13,39.02,,
2022-08-06,29.76,28.94,30.7,36.5,34.16,39.05,,
2022-08-07,29.82,29.0,30.81,36.48,34.17,39.08,,
2022-08-08,29.88,29.07,30.89,36.47,34.13,39.09,,
2022-08-09,29.94,29.14,30.93,36.45,34.08,39.09,,
2022-08-10,30.0,29.19,31.0,36.43,34.06,39.09,,
2022-08-11,30.06,29.23,31.08,36.42,34.06,39.11,,
2022-08-12,30.12,29.25,31.16,36.4,34.01,39.15,,
2022-08-13,30.19,29.33,31.21,36.38,34.04,39.12,,
2022-08-14,30.26,29.4,31.28,36.36,34.03,39.1,29.0,33.0
2022-08-15,30.33,29.44,31.39,36.34,34.02,39.1,,
2022-08-16,30.4,29.48,31.5,36.31,33.98,39.14,,
2022-08-17,30.47,29.52,31.62,36.29,33.87,39.21,,
2022-08-18,30.54,29.57,31.73,36.27,33.75,39.28,,
2022-08-19,30.62,29.65,31.81,36.24,33.64,39.28,,
2022-08-20,30.69,29.74,31.94,36.21,33.53,39.3,,
2022-08-21,30.77,29.8,32.07,36.18,33.42,39.29,29.0,30.0
2022-08-22,30.85,29.86,32.18,36.14,33.31,39.28,,
2022-08-23,30.93,29.92,32.3,36.11,33.21,39.26,,
2022-08-24,31.01,29.96,32.39,36.07,33.12,39.21,,
2022-08-25,31.1,30.02,32.47,36.03,33.11,39.14,,
2022-08-26,31.18,30.07,32.63,35.98,33.11,39.07,,
2022-08-27,31.26,30.14,32.79,35.94,33.1,38.99,,
2022-08-28,31.35,30.19,32.85,35.89,32.99,38.9,27.0,33.0
2022-08-29,31.44,30.24,32.91,35.84,32.88,38.81,,
2022-08-30,31.53,30.29,32.98,35.79,32.78,38.73,,
2022-08-31,31.61,30.35,33.11,35.73,32.66,38.67,,
2022-09-01,31.71,30.41,33.23,35.68,32.54,38.61,,
2022-09-02,31.8,30.48,33.36,35.62,32.43,38.54,,
2022-09-03,31.89,30.55,33.49,35.56,32.4,38.5,,
2022-09-04,31.98,30.63,33.6,35.51,32.39,38.48,26.0,31.0
2022-09-05,32.08,30.7,33.73,35.45,32.37,38.45,,
2022-09-06,32.17,30.78,33.86,35.39,32.36,38.42,,
2022-09-07,32.27,30.87,33.98,35.33,32.27,38.4,28.0,31.0
2022-09-08,32.36,30.96,34.08,35.27,32.19,38.37,,
2022-09-09,32.46,31.03,34.17,35.21,32.1,38.33,,
2022-09-10,32.55,31.1,34.26,35.15,32.05,38.25,,
2022-09-11,32.64,31.17,34.35,35.09,31.94,38.16,31.0,45.0
2022-09-12,32.74,31.28,34.46,35.04,31.86,38.08,,
2022-09-13,32.83,31.35,34.54,34.98,31.78,38.02,,
2022-09-14,32.92,31.43,34.62,34.92,31.71,37.99,,
2022-09-15,33.01,31.51,34.72,34.86,31.62,37.95,,
2022-09-16,33.11,31.59,34.78,34.81,31.56,37.92,,
2022-09-17,33.19,31.67,34.86,34.75,31.49,37.88,,
2022-09-18,33.28,31.76,35.0,34.7,31.44,37.84,33.0,29.0
2022-09-19,33.37,31.84,35.08,34.65,31.42,37.79,,
2022-09-20,33.46,31.92,35.16,34.59,31.4,37.67,,
2022-09-21,33.54,32.01,35.23,34.54,31.29,37.55,31.0,42.0
2022-09-22,33.63,32.1,35.31,34.49,31.17,37.43,,
2022-09-23,33.71,32.21,35.37,34.44,31.1,37.39,,
2022-09-24,33.79,32.29,35.44,34.39,31.06,37.34,,
2022-09-25,33.87,32.35,35.51,34.34,31.04,37.3,31.0,29.0
2022-09-26,33.95,32.42,35.6,34.29,31.02,37.26,,
2022-09-27,34.03,32.5,35.69,34.24,30.99,37.21,,
2022-09-28,34.1,32.58,35.78,34.2,30.98,37.15,,
2022-09-29,34.18,32.67,35.85,34.15,30.96,37.08,38.0,29.0
2022-09-30,34.25,32.75,35.93,34.11,30.94,37.02,,
2022-10-01,34.33,32.84,36.01,34.07,30.93,36.98,40.0,47.0
2022-10-02,34.4,32.92,36.09,34.03,30.92,36.91,32.0,26.0
2022-10-03,34.47,33.0,36.16,33.99,30.91,36.85,,
2022-10-04,34.54,33.09,36.21,33.96,30.9,36.82,,
2022-10-05,34.61,33.18,36.26,33.93,30.9,36.79,,
2022-10-06,34.68,33.27,36.31,33.9,30.9,36.75,,
2022-10-07,34.75,33.34,36.36,33.87,30.95,36.73,,
2022-10-08,34.82,33.41,36.4,33.85,31.01,36.7,,
2022-10-09,34.88,33.49,36.48,33.82,30.96,36.69,32.0,28.0
2022-10-10,34.95,33.57,36.56,33.81,30.91,36.68,,
2022-10-11,35.01,33.64,36.64,33.79,30.92,36.68,,
2022-10-12,35.07,33.72,36.71,33.77,30.93,36.67,43.0,41.0
2022-10-13,35.14,33.8,36.77,33.76,30.92,36.67,,
2022-10-14,35.2,33.87,36.82,33.75,30.92,36.68,,
2022-10-15,35.26,33.95,36.87,33.74,30.91,36.63,41.0,46.0
2022-10-16,35.32,34.03,36.91,33.73,30.92,36.67,34.0,26.0
2022-10-17,35.38,34.1,36.92,33.72,30.96,36.64,,
2022-10-18,35.44,34.18,36.94,33.71,30.99,36.63,,
2022-10-19,35.5,34.28,36.97,33.71,31.0,36.65,,
2022-10-20,35.56,34.34,37.02,33.7,31.01,36.67,,
2022-10-21,35.61,34.4,37.08,33.69,31.01,36.69,,
2022-10-22,35.67,34.48,37.16,33.69,31.0,36.7,,
2022-10-23,35.73,34.55,37.23,33.68,31.0,36.66,,
2022-10-24,35.79,34.62,37.3,33.67,31.0,36.69,44.0,41.0
2022-10-25,35.85,34.69,37.35,33.66,30.99,36.72,,
2022-10-26,35.91,34.76,37.39,33.65,30.96,36.72,,
2022-10-27,35.96,34.83,37.41,33.64,30.92,36.69,,
2022-10-28,36.02,34.9,37.44,33.62,30.96,36.66,,
2022-10-29,36.08,34.96,37.46,33.61,30.94,36.63,,
2022-10-30,36.13,35.03,37.5,33.59,30.9,36.59,35.0,27.0
2022-10-31,36.19,35.1,37.55,33.57,30.85,36.55,,
2022-11-01,36.24,35.16,37.6,33.55,30.85,36.51,,
2022-11-02,36.3,35.22,37.64,33.53,30.84,36.47,38.0,25.0
2022-11-03,36.35,35.27,37.69,33.51,30.82,36.44,,
2022-11-04,36.4,35.33,37.73,33.48,30.82,36.46,,
2022-11-05,36.45,35.38,37.77,33.46,30.81,36.47,,
2022-11-06,36.5,35.44,37.8,33.43,30.76,36.47,,
2022-11-07,36.55,35.49,37.84,33.4,30.8,36.42,,
2022-11-08,36.6,35.55,37.86,33.38,30.8,36.37,,
2022-11-09,36.65,35.6,37.89,33.35,30.79,36.35,40.0,24.0
2022-11-10,36.69,35.65,37.92,33.32,30.78,36.28,,
2022-11-11,36.74,35.72,37.94,33.29,30.73,36.21,,
2022-11-12,36.78,35.78,37.96,33.26,30.68,36.16,36.0,42.0
2022-11-13,36.82,35.83,37.98,33.23,30.62,36.17,36.0,26.0
2022-11-14,36.86,35.87,37.99,33.2,30.57,36.16,39.0,45.0
2022-11-15,36.89,35.91,38.02,33.17,30.52,36.09,,
2022-11-16,36.93,35.98,38.05,33.15,30.48,36.12,,
2022-11-17,36.96,36.02,38.07,33.12,30.44,36.17,,
2022-11-18,36.99,36.06,38.08,33.09,30.45,36.17,,
2022-11-19,37.02,36.1,38.12,33.07,30.49,36.17,,
2022-11-20,37.04,36.13,38.14,33.04,30.52,36.19,36.0,27.0
2022-11-21,37.07,36.17,38.15,33.01,30.52,36.19,,
2022-11-22,37.09,36.2,38.16,32.99,30.54,36.19,,
2022-11-23,37.11,36.23,38.16,32.97,30.56,36.18,,
2022-11-24,37.12,36.24,38.17,32.95,30.52,36.18,,
2022-11-25,37.14,36.26,38.16,32.92,30.49,36.17,,
2022-11-26,37.15,36.29,38.16,32.91,30.44,36.2,,
2022-11-27,37.15,36.33,38.15,32.89,30.35,36.23,39.0,26.0
2022-11-28,37.16,36.36,38.14,32.87,30.26,36.25,,
2022-11-29,37.16,36.38,38.12,32.85,30.21,36.28,,
2022-11-30,37.16,36.39,38.12,32.84,30.15,36.29,,
2022-12-01,37.16,36.39,38.13,32.83,30.14,36.28,33.0,28.0
2022-12-02,37.15,36.4,38.08,32.82,30.13,36.27,,
2022-12-03,37.14,36.4,38.05,32.81,30.11,36.25,,
2022-12-04,37.13,36.4,38.03,32.8,30.1,36.24,37.0,26.0
2022-12-05,37.12,36.39,37.99,32.79,30.19,36.23,,
2022-12-06,37.1,36.39,37.97,32.79,30.15,36.24,,
2022-12-07,37.08,36.39,37.93,32.79,30.11,36.31,,
2022-12-08,37.06,36.38,37.88,32.79,30.09,36.37,,
2022-12-09,37.04,36.38,37.84,32.79,30.12,36.44,38.0,48.0
2022-12-10,37.02,36.32,37.83,32.8,30.14,36.46,,
2022-12-11,37.0,36.28,37.79,32.8,30.12,36.44,,
2022-12-12,36.98,36.27,37.76,32.81,30.09,36.43,,
2022-12-13,36.95,36.28,37.73,32.82,30.06,36.41,,
2022-12-14,36.93,36.28,37.71,32.83,30.04,36.39,,
2022-12-15,36.91,36.28,37.69,32.85,30.02,36.43,38.0,46.0
2022-12-16,36.89,36.27,37.68,32.87,30.0,36.42,,
2022-12-17,36.86,36.25,37.66,32.89,29.99,36.42,,
2022-12-18,36.84,36.23,37.66,32.91,30.0,36.41,,
2022-12-19,36.82,36.19,37.65,32.93,30.02,36.4,,
2022-12-20,36.81,36.16,37.63,32.96,30.04,36.42,,
2022-12-21,36.79,36.16,37.62,32.99,30.07,36.45,,
2022-12-22,36.77,36.13,37.66,33.02,30.18,36.49,,
2022-12-23,36.76,36.08,37.67,33.05,30.25,36.53,,
2022-12-24,36.75,36.06,37.68,33.08,30.29,36.57,,
2022-12-25,36.74,36.06,37.75,33.12,30.34,36.61,,
2022-12-26,36.73,36.06,37.76,33.15,30.4,36.64,,
2022-12-27,36.73,36.06,37.77,33.19,30.43,36.67,,
2022-12-28,36.73,36.01,37.78,33.23,30.5,36.65,,
2022-12-29,36.73,35.97,37.79,33.27,30.55,36.6,,
2022-12-30,36.74,35.93,37.8,33.31,30.6,36.58,,
2022-12-31,36.75,35.94,37.84,33.35,30.58,36.53,,
2023-01-01,36.76,35.95,37.89,33.38,30.63,36.47,,
2023-01-02,36.77,35.96,37.94,33.42,30.66,36.5,36.0,26.0
2023-01-03,36.79,35.98,37.95,33.46,30.73,36.54,,
2023-01-04,36.8,35.98,37.96,33.49,30.8,36.61,,
2023-01-05,36.82,35.93,37.98,33.53,30.84,36.67,,
2023-01-06,36.85,35.95,38.01,33.56,30.9,36.68,,
2023-01-07,36.87,35.94,38.08,33.59,30.96,36.68,,
2023-01-08,36.9,35.92,38.14,33.61,31.01,36.68,34.0,28.0
2023-01-09,36.93,35.9,38.2,33.64,31.06,36.67,,
2023-01-10,36.96,35.89,38.25,33.66,31.09,36.6,,
2023-01-11,36.99,35.87,38.29,33.68,31.09,36.61,,
2023-01-12,37.03,35.85,38.38,33.69,31.17,36.59,,
2023-01-13,37.06,35.88,38.47,33.7,31.18,36.58,,
2023-01-14,37.1,35.89,38.55,33.71,31.2,36.55,,
2023-01-15,37.13,35.89,38.64,33.72,31.22,36.49,35.0,29.0
2023-01-16,37.17,35.88,38.72,33.72,31.23,36.4,,
2023-01-17,37.21,35.87,38.81,33.72,31.24,36.33,38.0,46.0
2023-01-18,37.25,35.85,38.89,33.72,31.25,36.3,,
2023-01-19,37.29,35.83,38.98,33.72,31.29,36.29,,
2023-01-20,37.33,35.82,39.08,33.71,31.35,36.22,,
2023-01-21,37.37,35.85,39.18,33.7,31.34,36.15,37.0,40.0
2023-01-22,37.41,35.86,39.24,33.7,31.39,36.08,,
2023-01-23,37.45,35.86,39.27,33.69,31.39,36.07,,
2023-01-24,37.48,35.86,39.34,33.68,31.38,36.04,,
2023-01-25,37.52,35.87,39.4,33.67,31.42,36.0,,
2023-01-26,37.56,35.87,39.46,33.66,31.44,35.96,,
2023-01-27,37.59,35.9,39.52,33.65,31.44,35.98,,
2023-01-28,37.62,35.89,39.57,33.63,31.47,36.02,,
2023-01-29,37.65,35.89,39.61,33.62,31.49,35.93,37.0,28.0
2023-01-30,37.68,35.92,39.65,33.6,31.51,35.88,,
2023-01-31,37.71,35.94,39.69,33.59,31.53,35.8,,
2023-02-01,37.73,35.96,39.73,33.57,31.55,35.7,,
2023-02-02,37.76,35.96,39.72,33.56,31.58,35.67,,
2023-02-03,37.78,35.94,39.73,33.54,31.6,35.65,,
2023-02-04,37.8,35.94,39.77,33.52,31.62,35.62,,
2023-02-05,37.82,35.95,39.82,33.5,31.65,35.54,34.0,28.0
2023-02-06,37.83,35.95,39.83,33.48,31.63,35.46,,
2023-02-07,37.85,35.96,39.83,33.46,31.61,35.39,,
2023-02-08,37.86,35.97,39.83,33.44,31.65,35.34,,
2023-02-09,37.87,35.97,39.81,33.42,31.67,35.29,,
2023-02-10,37.88,35.98,39.79,33.41,31.64,35.24,,
2023-02-11,37.89,35.98,39.77,33.39,31.6,35.19,,
2023-02-12,37.9,35.98,39.76,33.37,31.56,35.14,34.5,33.5
2023-02-13,37.9,35.98,39.73,33.36,31.54,35.1,,
2023-02-14,37.91,35.97,39.71,33.34,31.52,35.07,,
2023-02-15,37.91,35.97,39.68,33.33,31.5,35.06,,
2023-02-16,37.91,35.96,39.66,33.32,31.5,35.04,32.0,32.0
2023-02-17,37.92,35.97,39.64,33.31,31.48,35.03,,
2023-02-18,37.92,35.98,39.6,33.31,31.48,35.02,50.0,39.0
2023-02-19,37.92,35.98,39.61,33.3,31.47,35.01,,
2023-02-20,37.92,35.99,39.6,33.3,31.46,34.99,,
2023-02-21,37.93,35.99,39.57,33.3,31.46,34.96,,
2023-02-22,37.93,35.99,39.57,33.3,31.47,34.93,,
2023-02-23,37.93,35.99,39.59,33.31,31.47,34.94,,
2023-02-24,37.94,35.99,39.61,33.32,31.49,34.95,,
2023-02-25,37.94,35.99,39.62,33.33,31.51,34.95,34.0,46.0
2023-02-26,37.94,36.01,39.64,33.34,31.53,34.93,37.0,24.0
2023-02-27,37.95,36.02,39.64,33.36,31.56,34.99,,
2023-02-28,37.95,36.03,39.65,33.37,31.6,35.0,,
2023-03-01,37.96,36.05,39.65,33.39,31.63,35.0,,
2023-03-02,37.96,36.06,39.65,33.41,31.68,35.0,,
2023-03-03,37.97,36.08,39.65,33.43,31.71,35.03,,
2023-03-04,37.98,36.11,39.65,33.46,31.74,35.04,51.0,38.0
2023-03-05,37.99,36.14,39.65,33.48,31.76,35.06,37.0,28.0
2023-03-06,38.0,36.17,39.66,33.5,31.8,35.07,,
2023-03-07,38.0,36.2,39.66,33.53,31.83,35.1,,
2023-03-08,38.01,36.22,39.65,33.55,31.86,35.12,,
2023-03-09,38.02,36.24,39.65,33.58,31.86,35.14,,
2023-03-10,38.03,36.26,39.67,33.6,31.89,35.15,,
2023-03-11,38.04,36.28,39.71,33.63,31.93,35.17,,
2023-03-12,38.06,36.31,39.72,33.65,31.95,35.19,43.0,32.5
2023-03-13,38.07,36.33,39.72,33.68,31.99,35.21,,
2023-03-14,38.08,36.36,39.74,33.7,32.03,35.22,,
2023-03-15,38.09,36.39,39.76,33.73,32.06,35.21,,
2023-03-16,38.1,36.42,39.78,33.75,32.1,35.23,31.0,31.0
2023-03-17,38.11,36.45,39.8,33.78,32.13,35.26,,
2023-03-18,38.12,36.48,39.8,33.8,32.17,35.3,39.0,38.5
2023-03-19,38.13,36.51,39.79,33.83,32.19,35.32,38.0,27.0
2023-03-20,38.13,36.53,39.77,33.85,32.2,35.33,,
2023-03-21,38.14,36.54,39.78,33.88,32.21,35.35,,
2023-03-22,38.15,36.56,39.76,33.9,32.21,35.37,33.0,30.0
2023-03-23,38.16,36.57,39.73,33.93,32.25,35.38,44.0,27.0
2023-03-24,38.16,36.6,39.73,33.95,32.29,35.4,,
2023-03-25,38.17,36.61,39.74,33.97,32.3,35.41,46.0,40.0
2023-03-26,38.18,36.62,39.76,34.0,32.31,35.42,33.0,30.0
2023-03-27,38.18,36.63,39.77,34.02,32.32,35.44,,
2023-03-28,38.19,36.64,39.78,34.05,32.33,35.45,,
2023-03-29,38.19,36.63,39.79,34.07,32.38,35.48,,
2023-03-30,38.2,36.64,39.8,34.1,32.43,35.53,,
2023-03-31,38.2,36.65,39.81,34.12,32.47,35.56,,
2023-04-01,38.21,36.67,39.79,34.15,32.51,35.59,44.0,41.0
2023-04-02,38.21,36.7,39.77,34.18,32.54,35.63,37.0,27.0
2023-04-03,38.21,36.69,39.75,34.21,32.57,35.67,,
2023-04-04,38.21,36.68,39.74,34.24,32.6,35.7,,
2023-04-05,38.21,36.67,39.72,34.27,32.6,35.74,30.0,32.0
2023-04-06,38.21,36.67,39.7,34.3,32.6,35.78,,
2023-04-07,38.21,36.67,39.72,34.34,32.61,35.82,,
2023-04-08,38.21,36.67,39.74,34.37,32.62,35.87,,
2023-04-09,38.2,36.67,39.76,34.41,32.63,35.92,38.0,30.0
2023-04-10,38.2,36.7,39.76,34.44,32.64,35.95,,
2023-04-11,38.2,36.66,39.78,34.48,32.65,35.98,,
2023-04-12,38.19,36.66,39.79,34.51,32.66,36.0,,
2023-04-13,38.18,36.66,39.8,34.55,32.68,36.03,30.0,33.0
2023-04-14,38.18,36.65,39.8,34.59,32.74,36.12,,
2023-04-15,38.17,36.66,39.81,34.63,32.79,36.16,42.0,41.0
2023-04-16,38.16,36.66,39.8,34.67,32.79,36.2,35.0,29.0
2023-04-17,38.15,36.63,39.78,34.71,32.79,36.26,,
2023-04-18,38.14,36.62,39.76,34.76,32.82,36.3,,
2023-04-19,38.14,36.63,39.74,34.8,32.86,36.36,,
2023-04-20,38.13,36.65,39.73,34.84,32.9,36.42,,
2023-04-21,38.12,36.67,39.71,34.89,32.97,36.52,,
2023-04-22,38.11,36.65,39.69,34.94,32.98,36.58,,
2023-04-23,38.1,36.63,39.68,34.99,33.03,36.63,32.5,31.0
2023-04-24,38.09,36.61,39.66,35.04,33.08,36.71,,
2023-04-25,38.08,36.57,39.64,35.09,33.11,36.8,44.0,43.0
2023-04-26,38.07,36.53,39.62,35.15,33.13,36.89,,
2023-04-27,38.06,36.53,39.6,35.2,33.18,36.97,,
2023-04-28,38.05,36.5,39.58,35.26,33.23,37.07,,
2023-04-29,38.04,36.46,39.56,35.32,33.29,37.13,,
2023-04-30,38.03,36.41,39.6,35.38,33.35,37.19,,
2023-05-01,38.03,36.38,39.55,35.45,33.41,37.24,42.0,44.0
2023-05-02,38.02,36.36,39.53,35.51,33.47,37.32,,
2023-05-03,38.02,36.34,39.52,35.58,33.54,37.42,,
2023-05-04,38.02,36.35,39.51,35.65,33.59,37.52,,
2023-05-05,38.02,36.34,39.51,35.73,33.65,37.62,,
2023-05-06,38.02,36.32,39.5,35.8,33.71,37.72,,
2023-05-07,38.02,36.31,39.5,35.88,33.77,37.82,42.0,44.0
2023-05-08,38.03,36.3,39.5,35.96,33.83,37.88,,
2023-05-09,38.03,36.28,39.55,36.04,33.89,37.94,,
2023-05-10,38.04,36.22,39.56,36.13,33.95,38.04,,
2023-05-11,38.05,36.16,39.55,36.21,34.0,38.17,,
2023-05-12,38.07,36.15,39.6,36.3,34.08,38.35,,
2023-05-13,38.08,36.17,39.61,36.38,34.2,38.43,42.0,42.0
2023-05-14,38.1,36.22,39.65,36.47,34.25,38.51,,
2023-05-15,38.12,36.26,39.7,36.56,34.29,38.61,,
2023-05-16,38.14,36.22,39.78,36.65,34.33,38.71,,
2023-05-17,38.17,36.14,39.83,36.74,34.36,38.82,,
2023-05-18,38.19,36.15,39.91,36.83,34.39,38.97,,
2023-05-19,38.22,36.18,39.99,36.91,34.43,39.03,,
2023-05-20,38.26,36.13,40.06,37.0,34.5,39.12,,
2023-05-21,38.29,36.16,40.14,37.09,34.5,39.22,36.0,32.0
2023-05-22,38.33,36.24,40.18,37.17,34.53,39.31,,
2023-05-23,38.37,36.31,40.29,37.25,34.56,39.4,,
2023-05-24,38.41,36.37,40.36,37.33,34.65,39.48,32.0,35.0
2023-05-25,38.46,36.34,40.44,37.41,34.75,39.56,,
2023-05-26,38.5,36.3,40.52,37.48,34.86,39.64,,
2023-05-27,38.55,36.28,40.58,37.55,34.93,39.72,,
2023-05-28,38.59,36.25,40.64,37.62,34.96,39.78,,
2023-05-29,38.64,36.24,40.71,37.68,35.0,39.91,,
2023-05-30,38.69,36.33,40.77,37.74,35.0,39.96,,
2023-05-31,38.74,36.41,40.83,37.8,35.06,40.0,,
2023-06-01,38.79,36.5,40.89,37.85,35.08,40.12,,
2023-06-02,38.84,36.6,40.97,37.9,35.11,40.23,,
2023-06-03,38.89,36.63,41.05,37.94,35.13,40.32,,
2023-06-04,38.94,36.63,41.14,37.98,35.15,40.38,,
2023-06-05,38.99,36.71,41.22,38.01,35.17,40.37,,
2023-06-06,39.04,36.77,41.31,38.04,35.2,40.37,,
2023-06-07,39.09,36.78,41.4,38.06,35.22,40.34,,
2023-06-08,39.14,36.8,41.48,38.09,35.23,40.39,,
2023-06-09,39.19,36.81,41.53,38.1,35.25,40.44,,
2023-06-10,39.24,36.83,41.57,38.12,35.23,40.44,43.0,44.0
2023-06-11,39.29,36.85,41.63,38.13,35.25,40.45,,
2023-06-12,39.33,36.87,41.64,38.14,35.27,40.53,,
2023-06-13,39.38,36.9,41.66,38.14,35.19,40.52,,
2023-06-14,39.43,36.93,41.69,38.14,35.11,40.57,,
2023-06-15,39.47,37.02,41.72,38.14,35.04,40.62,,
2023-06-16,39.52,37.1,41.73,38.13,35.02,40.67,31.0,49.0
2023-06-17,39.56,37.19,41.74,38.12,35.05,40.75,,
2023-06-18,39.6,37.21,41.79,38.11,35.08,40.8,,
2023-06-19,39.64,37.23,41.81,38.09,35.1,40.84,,
2023-06-20,39.68,37.25,41.83,38.07,35.02,40.82,,
2023-06-21,39.71,37.27,41.86,38.04,34.94,40.83,,
2023-06-22,39.75,37.29,41.87,38.01,34.95,40.85,,
2023-06-23,39.78,37.31,41.88,37.97,34.97,40.85,,
2023-06-24,39.81,37.33,41.93,37.93,34.98,40.82,48.0,42.0
2023-06-25,39.84,37.35,41.99,37.89,34.95,40.8,37.0,28.0
2023-06-26,39.87,37.38,42.05,37.84,34.88,40.77,,
2023-06-27,39.9,37.4,42.09,37.79,34.83,40.75,,
2023-06-28,39.93,37.38,42.14,37.74,34.73,40.71,,
2023-06-29,39.95,37.36,42.19,37.68,34.58,40.66,,
2023-06-30,39.97,37.42,42.23,37.62,34.43,40.61,,
2023-07-01,40.0,37.46,42.26,37.56,34.28,40.55,44.0,41.0
2023-07-02,40.02,37.49,42.29,37.49,34.19,40.48,,
2023-07-03,40.04,37.52,42.28,37.43,34.11,40.41,,
2023-07-04,40.05,37.53,42.27,37.36,34.05,40.34,,
2023-07-05,40.07,37.58,42.25,37.3,34.01,40.31,,
2023-07-06,40.09,37.62,42.24,37.23,33.96,40.29,,
2023-07-07,40.1,37.62,42.22,37.16,33.92,40.26,,
2023-07-08,40.12,37.62,42.24,37.09,33.89,40.23,,
2023-07-09,40.13,37.7,42.26,37.03,33.8,40.17,,
2023-07-10,40.14,37.77,42.23,36.96,33.79,40.1,,
2023-07-11,40.15,37.84,42.2,36.9,33.73,40.05,,
2023-07-12,40.16,37.89,42.18,36.84,33.65,39.97,,
2023-07-13,40.17,37.91,42.21,36.78,33.67,39.89,,
2023-07-14,40.18,37.93,42.22,36.73,33.71,39.84,,
2023-07-15,40.19,37.95,42.25,36.67,33.69,39.79,45.0,42.0
2023-07-16,40.2,37.96,42.27,36.62,33.6,39.74,,
2023-07-17,40.21,37.98,42.26,36.57,33.49,39.7,,
2023-07-18,40.21,38.0,42.21,36.53,33.43,39.65,,
2023-07-19,40.22,38.01,42.19,36.48,33.44,39.61,,
2023-07-20,40.22,38.03,42.22,36.44,33.42,39.56,,
2023-07-21,40.22,38.04,42.17,36.4,33.34,39.52,,
2023-07-22,40.22,38.06,42.12,36.36,33.3,39.48,,
2023-07-23,40.22,38.07,42.06,36.33,33.24,39.43,38.0,30.0
2023-07-24,40.21,38.09,41.99,36.29,33.2,39.41,,
2023-07-25,40.2,38.1,41.99,36.26,33.17,39.38,,
2023-07-26,40.19,38.06,42.01,36.23,33.13,39.3,,
2023-07-27,40.18,38.01,42.04,36.2,33.12,39.27,,
2023-07-28,40.16,37.99,42.01,36.17,33.13,39.21,,
2023-07-29,40.13,37.95,42.01,36.14,33.13,39.18,45.0,39.0
2023-07-30,40.11,37.93,41.97,36.11,33.15,39.14,37.0,30.0
2023-07-31,40.08,37.9,41.89,36.09,33.09,39.06,,
2023-08-01,40.05,37.88,41.8,36.06,33.08,38.99,,
2023-08-02,40.01,37.81,41.73,36.03,33.07,38.93,,
2023-08-03,39.97,37.77,41.65,36.0,33.02,38.91,,
2023-08-04,39.93,37.76,41.61,35.97,33.01,38.9,,
2023-08-05,39.89,37.74,41.56,35.95,32.97,38.9,,
2023-08-06,39.85,37.72,41.51,35.92,32.98,38.85,37.0,31.0
2023-08-07,39.8,37.73,41.47,35.9,32.95,38.81,,
2023-08-08,39.75,37.73,41.41,35.88,32.95,38.75,,
2023-08-09,39.7,37.71,41.35,35.86,32.97,38.67,,
2023-08-10,39.65,37.72,41.24,35.84,32.94,38.59,,
2023-08-11,39.6,37.72,41.14,35.82,32.89,38.52,,
2023-08-12,39.56,37.68,41.07,35.81,32.85,38.45,,
2023-08-13,39.51,37.64,41.04,35.8,32.84,38.39,,
2023-08-14,39.46,37.61,41.01,35.79,32.84,38.4,,
2023-08-15,39.41,37.57,40.98,35.78,32.83,38.47,,
2023-08-16,39.36,37.54,40.95,35.78,32.85,38.54,,
2023-08-17,39.32,37.5,40.89,35.77,32.86,38.62,,
2023-08-18,39.27,37.45,40.8,35.77,32.88,38.68,,
2023-08-19,39.22,37.4,40.74,35.78,32.92,38.74,,
2023-08-20,39.18,37.4,40.71,35.78,32.97,38.81,,
2023-08-21,39.14,37.38,40.71,35.78,33.03,38.83,,
2023-08-22,39.09,37.32,40.66,35.79,33.08,38.83,,
2023-08-23,39.05,37.24,40.61,35.8,33.09,38.8,,
2023-08-24,39.01,37.18,40.56,35.81,33.15,38.68,43.0,42.0
2023-08-25,38.97,37.14,40.51,35.83,33.21,38.66,,
2023-08-26,38.94,37.1,40.46,35.84,33.28,38.74,,
2023-08-27,38.9,37.07,40.41,35.86,33.31,38.83,41.0,29.0
2023-08-28,38.86,37.03,40.38,35.88,33.32,38.84,,
2023-08-29,38.83,37.01,40.34,35.9,33.34,38.88,,
2023-08-30,38.79,37.03,40.34,35.92,33.3,38.95,,
2023-08-31,38.76,37.03,40.34,35.94,33.34,38.99,,
2023-09-01,38.73,37.02,40.29,35.96,33.38,38.98,,
2023-09-02,38.7,36.93,40.25,35.98,33.39,39.02,,
2023-09-03,38.67,36.91,40.2,36.0,33.41,39.09,40.0,25.0
2023-09-04,38.64,36.91,40.16,36.02,33.37,39.15,,
2023-09-05,38.61,36.9,40.14,36.04,33.32,39.17,,
2023-09-06,38.59,36.9,40.11,36.07,33.39,39.21,,
2023-09-07,38.56,36.9,40.09,36.09,33.41,39.25,,
2023-09-08,38.54,36.9,40.06,36.11,33.42,39.27,,
2023-09-09,38.52,36.9,40.04,36.13,33.38,39.33,,
2023-09-10,38.5,36.9,40.02,36.16,33.41,39.37,,
2023-09-11,38.48,36.9,40.0,36.18,33.4,39.42,,
2023-09-12,38.46,36.91,39.96,36.2,33.41,39.46,,
2023-09-13,38.44,36.92,39.96,36.23,33.41,39.5,,
2023-09-14,38.42,36.91,39.94,36.25,33.43,39.53,30.0,39.0
2023-09-15,38.4,36.91,39.93,36.28,33.45,39.57,,
2023-09-16,38.39,36.9,39.92,36.3,33.47,39.6,,
2023-09-17,38.37,36.88,39.9,36.33,33.49,39.64,,
2023-09-18,38.35,36.87,39.89,36.36,33.51,39.68,,
2023-09-19,38.34,36.86,39.88,36.39,33.51,39.72,,
2023-09-20,38.32,36.85,39.86,36.42,33.48,39.74,,
2023-09-21,38.31,36.84,39.86,36.45,33.49,39.78,,
2023-09-22,38.3,36.84,39.86,36.49,33.48,39.81,,
2023-09-23,38.28,36.84,39.87,36.52,33.5,39.85,40.0,44.0
2023-09-24,38.27,36.83,39.88,36.56,33.52,39.87,,
2023-09-25,38.26,36.82,39.88,36.59,33.55,39.92,,
2023-09-26,38.25,36.8,39.89,36.63,33.56,39.96,,
2023-09-27,38.24,36.78,39.9,36.67,33.58,39.99,,
2023-09-28,38.23,36.76,39.91,36.7,33.57,40.03,,
2023-09-29,38.23,36.75,39.91,36.74,33.58,40.06,,
2023-09-30,38.22,36.73,39.92,36.78,33.62,40.1,39.0,47.0
2023-10-01,38.21,36.72,39.92,36.82,33.65,40.18,37.0,30.0
2023-10-02,38.21,36.72,39.93,36.85,33.69,40.24,,
2023-10-03,38.2,36.71,39.94,36.89,33.74,40.28,,
2023-10-04,38.19,36.7,39.94,36.92,33.78,40.27,,
2023-10-05,38.19,36.7,39.94,36.96,33.82,40.26,29.0,37.0
2023-10-06,38.18,36.7,39.93,36.99,33.8,40.29,41.0,45.0
2023-10-07,38.18,36.71,39.92,37.02,33.79,40.31,,
2023-10-08,38.17,36.71,39.91,37.05,33.78,40.34,37.0,30.0
2023-10-09,38.16,36.71,39.92,37.08,33.77,40.34,,
2023-10-10,38.15,36.67,39.92,37.1,33.83,40.33,,
2023-10-11,38.15,36.62,39.93,37.13,33.88,40.32,,
2023-10-12,38.14,36.64,39.93,37.15,33.93,40.31,38.0,29.5
2023-10-13,38.13,36.65,39.92,37.17,33.98,40.29,,
2023-10-14,38.12,36.68,39.89,37.19,33.96,40.26,44.0,41.0
2023-10-15,38.11,36.7,39.89,37.21,33.92,40.23,,
2023-10-16,38.1,36.73,39.88,37.22,33.94,40.19,,
2023-10-17,38.09,36.76,39.88,37.23,33.96,40.17,,
2023-10-18,38.08,36.78,39.88,37.25,33.98,40.17,39.0,48.0
2023-10-19,38.06,36.75,39.87,37.26,34.0,40.18,,
2023-10-20,38.05,36.72,39.86,37.27,33.96,40.18,,
2023-10-21,38.04,36.69,39.84,37.27,33.92,40.13,,
2023-10-22,38.03,36.66,39.82,37.28,33.88,40.09,,
2023-10-23,38.02,36.63,39.79,37.29,33.96,40.07,,
2023-10-24,38.0,36.63,39.77,37.29,34.1,40.08,,
2023-10-25,37.99,36.63,39.76,37.29,34.17,40.07,,
2023-10-26,37.98,36.56,39.73,37.29,34.2,40.0,,
2023-10-27,37.97,36.59,39.72,37.28,34.23,39.99,,
2023-10-28,37.96,36.55,39.69,37.28,34.27,39.98,,
2023-10-29,37.95,36.54,39.67,37.27,34.3,39.96,,
2023-10-30,37.95,36.55,39.66,37.26,34.36,39.93,,
2023-10-31,37.94,36.53,39.67,37.25,34.43,39.86,,
2023-11-01,37.93,36.49,39.68,37.23,34.46,39.9,,
2023-11-02,37.92,36.42,39.66,37.21,34.43,39.88,,
2023-11-03,37.92,36.37,39.65,37.19,34.38,39.85,,
2023-11-04,37.91,36.34,39.63,37.16,34.32,39.79,,
2023-11-05,37.9,36.31,39.61,37.14,34.28,39.73,,
2023-11-06,37.9,36.28,39.63,37.1,34.31,39.7,,
2023-11-07,37.89,36.27,39.65,37.07,34.33,39.7,,
2023-11-08,37.88,36.26,39.65,37.03,34.3,39.65,,
2023-11-09,37.87,36.33,39.65,36.99,34.26,39.6,,
2023-11-10,37.86,36.32,39.62,36.95,34.21,39.55,,
2023-11-11,37.85,36.29,39.62,36.9,34.17,39.52,,
2023-11-12,37.83,36.27,39.56,36.85,34.15,39.43,,
2023-11-13,37.82,36.25,39.53,36.8,34.13,39.38,,
2023-11-14,37.8,36.24,39.56,36.74,34.17,39.36,,
2023-11-15,37.79,36.21,39.6,36.68,34.16,39.31,,
2023-11-16,37.77,36.19,39.59,36.62,34.14,39.27,,
2023-11-17,37.75,36.17,39.58,36.55,34.11,39.24,,
2023-11-18,37.73,36.1,39.57,36.49,34.07,39.2,,
2023-11-19,37.71,36.05,39.55,36.42,33.96,39.15,,
2023-11-20,37.68,36.05,39.54,36.35,33.85,39.09,,
2023-11-21,37.66,36.05,39.49,36.28,33.79,39.02,,
2023-11-22,37.63,35.99,39.5,36.2,33.73,38.95,,
2023-11-23,37.61,35.93,39.52,36.13,33.67,38.89,,
2023-11-24,37.58,35.87,39.51,36.06,33.55,38.81,,
2023-11-25,37.55,35.8,39.44,35.99,33.45,38.74,,
2023-11-26,37.52,35.73,39.44,35.92,33.31,38.65,,
2023-11-27,37.49,35.69,39.47,35.85,33.17,38.57,,
2023-11-28,37.47,35.66,39.48,35.79,33.09,38.49,,
2023-11-29,37.44,35.64,39.51,35.73,33.04,38.45,,
2023-11-30,37.41,35.58,39.54,35.67,32.96,38.41,,
2023-12-01,37.39,35.54,39.47,35.62,32.94,38.37,,
2023-12-02,37.37,35.59,39.41,35.57,32.91,38.34,44.0,42.0
2023-12-03,37.35,35.55,39.35,35.53,32.88,38.26,,
2023-12-04,37.33,35.55,39.38,35.49,32.86,38.18,,
2023-12-05,37.32,35.56,39.36,35.46,32.84,38.13,,
2023-12-06,37.31,35.59,39.35,35.43,32.86,38.13,,
2023-12-07,37.3,35.59,39.33,35.41,32.9,38.08,,
2023-12-08,37.29,35.59,39.3,35.39,32.95,38.11,,
2023-12-09,37.29,35.63,39.28,35.38,32.99,38.09,,
2023-12-10,37.29,35.6,39.29,35.38,32.97,38.11,36.0,30.0
2023-12-11,37.29,35.59,39.3,35.37,32.96,38.15,,
2023-12-12,37.29,35.61,39.3,35.37,32.95,38.18,,
2023-12-13,37.29,35.61,39.31,35.37,32.92,38.21,,
2023-12-14,37.3,35.64,39.31,35.38,32.89,38.16,,
2023-12-15,37.31,35.67,39.31,35.39,32.9,38.1,,
2023-12-16,37.32,35.7,39.3,35.4,32.93,38.05,38.0,39.0
2023-12-17,37.33,35.74,39.32,35.41,32.95,38.22,37.0,33.0
2023-12-18,37.34,35.77,39.35,35.43,32.94,38.37,,
2023-12-19,37.35,35.79,39.37,35.44,32.92,38.4,,
2023-12-20,37.37,35.78,39.39,35.46,32.96,38.42,,
2023-12-21,37.38,35.78,39.41,35.48,33.03,38.45,,
2023-12-22,37.4,35.81,39.43,35.49,33.02,38.47,30.0,35.0
2023-12-23,37.41,35.82,39.43,35.51,33.05,38.48,,
2023-12-24,37.42,35.82,39.42,35.53,33.09,38.5,,
2023-12-25,37.44,35.84,39.42,35.55,33.11,38.5,,
2023-12-26,37.45,35.85,39.41,35.56,33.13,38.53,,
2023-12-27,37.47,35.88,39.41,35.58,33.14,38.56,,
2023-12-28,37.48,35.91,39.41,35.59,33.16,38.58,,
2023-12-29,37.5,35.92,39.4,35.61,33.17,38.59,,
2023-12-30,37.51,35.93,39.38,35.62,33.17,38.6,,
2023-12-31,37.52,35.95,39.36,35.63,33.16,38.6,,
2024-01-01,37.54,35.97,39.34,35.64,33.14,38.6,,
2024-01-02,37.55,36.0,39.32,35.65,33.12,38.6,,
2024-01-03,37.56,36.03,39.3,35.66,33.13,38.58,,
2024-01-04,37.57,36.05,39.28,35.67,33.15,38.57,,
2024-01-05,37.58,36.07,39.25,35.68,33.17,38.52,,
2024-01-06,37.59,36.09,39.23,35.69,33.2,38.46,,
2024-01-07,37.6,36.11,39.22,35.69,33.22,38.46,44.0,26.0
2024-01-08,37.6,36.12,39.22,35.7,33.2,38.46,,
2024-01-09,37.61,36.13,39.23,35.7,33.18,38.44,,
2024-01-10,37.61,36.14,39.23,35.7,33.16,38.4,,
2024-01-11,37.61,36.15,39.2,35.7,33.14,38.36,,
2024-01-12,37.62,36.15,39.18,35.7,33.13,38.35,,
2024-01-13,37.62,36.16,39.17,35.7,33.12,38.35,28.0,41.0
2024-01-14,37.62,36.16,39.17,35.7,33.14,38.35,38.0,27.0
2024-01-15,37.62,36.16,39.17,35.7,33.16,38.34,,
2024-01-16,37.61,36.15,39.18,35.69,33.18,38.34,,
2024-01-17,37.61,36.14,39.16,35.69,33.2,38.3,,
2024-01-18,37.61,36.14,39.13,35.68,33.23,38.3,,
2024-01-19,37.61,36.15,39.11,35.68,33.25,38.3,,
2024-01-20,37.6,36.15,39.07,35.67,33.23,38.3,30.0,48.0
2024-01-21,37.6,36.13,39.04,35.66,33.24,38.3,38.0,27.0
2024-01-22,37.59,36.12,39.0,35.65,33.22,38.28,,
2024-01-23,37.58,36.11,38.97,35.64,33.21,38.26,,
2024-01-24,37.57,36.1,38.95,35.63,33.21,38.24,,
2024-01-25,37.57,36.1,38.92,35.62,33.2,38.24,,
2024-01-26,37.56,36.11,38.89,35.61,33.19,38.24,,
2024-01-27,37.55,36.12,38.89,35.6,33.16,38.23,,
2024-01-28,37.54,36.13,38.89,35.59,33.13,38.23,40.0,31.0
2024-01-29,37.53,36.15,38.88,35.58,33.14,38.22,,
2024-01-30,37.51,36.16,38.85,35.56,33.15,38.19,41.0,36.0
2024-01-31,37.5,36.14,38.8,35.55,33.17,38.18,,
2024-02-01,37.49,36.12,38.78,35.54,33.17,38.18,32.0,30.0
2024-02-02,37.48,36.12,38.77,35.53,33.17,38.13,,
2024-02-03,37.47,36.14,38.75,35.53,33.17,38.08,42.0,43.0
2024-02-04,37.45,36.13,38.73,35.52,33.16,38.06,38.0,31.0
2024-02-05,37.44,36.12,38.72,35.52,33.16,38.06,,
2024-02-06,37.43,36.1,38.7,35.52,33.18,38.05,,
2024-02-07,37.42,36.08,38.67,35.52,33.19,38.05,,
2024-02-08,37.41,36.07,38.68,35.52,33.21,38.05,,
2024-02-09,37.39,36.06,38.69,35.53,33.22,38.05,40.0,47.0
2024-02-10,37.38,36.05,38.65,35.54,33.22,38.05,40.0,47.0
2024-02-11,37.37,36.04,38.65,35.55,33.23,38.05,39.0,34.5
2024-02-12,37.36,36.02,38.64,35.56,33.25,38.05,,
2024-02-13,37.35,36.0,38.61,35.57,33.29,38.06,,
2024-02-14,37.34,35.99,38.59,35.59,33.36,38.05,,
2024-02-15,37.33,35.99,38.58,35.61,33.39,38.07,,
2024-02-16,37.32,35.98,38.58,35.63,33.39,38.07,,
2024-02-17,37.31,35.98,38.6,35.65,33.42,38.08,43.0,45.0
2024-02-18,37.3,35.95,38.61,35.67,33.49,38.09,39.0,30.0
2024-02-19,37.3,35.93,38.63,35.7,33.51,38.09,,
2024-02-20,37.29,35.9,38.64,35.72,33.53,38.12,,
2024-02-21,37.28,35.88,38.64,35.75,33.56,38.11,,
2024-02-22,37.28,35.85,38.64,35.78,33.58,38.11,,
2024-02-23,37.27,35.81,38.6,35.8,33.6,38.11,,
2024-02-24,37.27,35.8,38.61,35.83,33.63,38.09,,
2024-02-25,37.27,35.79,38.62,35.86,33.66,38.14,,
2024-02-26,37.26,35.79,38.64,35.89,33.68,38.14,,
2024-02-27,37.26,35.79,38.66,35.92,33.71,38.14,,
2024-02-28,37.26,35.8,38.67,35.96,33.74,38.13,,
2024-02-29,37.26,35.8,38.67,35.99,33.77,38.12,,
2024-03-01,37.26,35.81,38.68,36.02,33.82,38.13,,
2024-03-02,37.26,35.85,38.68,36.05,33.85,38.17,,
2024-03-03,37.26,35.85,38.64,36.09,33.89,38.19,36.0,34.0
2024-03-04,37.26,35.88,38.61,36.12,33.92,38.23,,
2024-03-05,37.26,35.9,38.58,36.15,34.0,38.26,,
2024-03-06,37.26,35.92,38.55,36.18,34.01,38.31,,
2024-03-07,37.27,35.94,38.51,36.22,34.03,38.35,,
2024-03-08,37.27,35.92,38.54,36.25,34.07,38.37,,
2024-03-09,37.28,35.94,38.53,36.27,34.11,38.39,,
2024-03-10,37.28,35.92,38.54,36.3,34.07,38.41,34.0,26.0
2024-03-11,37.29,35.92,38.55,36.33,34.11,38.43,,
2024-03-12,37.3,35.94,38.57,36.35,34.17,38.45,,
2024-03-13,37.31,35.96,38.57,36.37,34.18,38.46,,
2024-03-14,37.32,35.99,38.59,36.4,34.19,38.47,,
2024-03-15,37.33,36.0,38.61,36.41,34.18,38.47,,
2024-03-16,37.34,36.01,38.63,36.43,34.18,38.47,,
2024-03-17,37.36,36.0,38.65,36.44,34.18,38.47,36.0,28.0
2024-03-18,37.37,36.01,38.67,36.45,34.18,38.46,42.0,45.0
2024-03-19,37.38,36.0,38.69,36.46,34.18,38.48,,
2024-03-20,37.4,35.96,38.71,36.46,34.18,38.47,,
2024-03-21,37.42,35.95,38.73,36.46,34.18,38.47,,
2024-03-22,37.43,35.98,38.75,36.46,34.16,38.44,32.5,35.5
2024-03-23,37.45,36.01,38.76,36.46,34.14,38.43,,
2024-03-24,37.47,36.04,38.75,36.45,34.12,38.4,36.0,30.0
2024-03-25,37.49,36.07,38.77,36.44,34.1,38.36,44.0,44.0
2024-03-26,37.51,36.08,38.79,36.43,34.09,38.29,,
2024-03-27,37.53,36.09,38.81,36.41,34.08,38.27,,
2024-03-28,37.55,36.12,38.84,36.39,34.07,38.27,35.0,33.0
2024-03-29,37.57,36.17,38.87,36.37,34.07,38.2,,
2024-03-30,37.6,36.22,38.9,36.35,34.07,38.13,,
2024-03-31,37.62,36.24,38.92,36.32,34.07,38.15,38.0,28.0
2024-04-01,37.65,36.23,38.93,36.29,34.03,38.1,,
2024-04-02,37.67,36.24,38.94,36.27,33.99,38.05,,
2024-04-03,37.7,36.3,38.94,36.23,33.94,38.0,,
2024-04-04,37.73,36.34,38.97,36.2,33.91,37.96,,
2024-04-05,37.76,36.39,39.0,36.17,33.87,37.93,31.0,38.0
2024-04-06,37.79,36.44,39.04,36.13,33.83,37.89,,
2024-04-07,37.82,36.48,39.08,36.09,33.78,37.84,35.0,29.5
2024-04-08,37.85,36.53,39.11,36.06,33.75,37.84,,
2024-04-09,37.88,36.54,39.15,36.02,33.72,37.83,,
2024-04-10,37.92,36.57,39.19,35.98,33.7,37.8,,
2024-04-11,37.95,36.61,39.23,35.95,33.67,37.77,,
2024-04-12,37.99,36.63,39.27,35.91,33.65,37.71,,
2024-04-13,38.02,36.66,39.31,35.88,33.62,37.66,,
2024-04-14,38.06,36.71,39.35,35.84,33.61,37.62,,
2024-04-15,38.1,36.76,39.39,35.81,33.61,37.59,36.0,48.0
2024-04-16,38.14,36.81,39.43,35.78,33.61,37.57,,
2024-04-17,38.18,36.86,39.47,35.75,33.61,37.54,,
2024-04-18,38.22,36.91,39.52,35.72,33.62,37.51,,
2024-04-19,38.27,36.96,39.56,35.7,33.61,37.45,36.0,42.5
2024-04-20,38.31,37.01,39.6,35.68,33.62,37.39,,
2024-04-21,38.35,37.07,39.62,35.66,33.59,37.36,36.0,28.0
2024-04-22,38.4,37.12,39.66,35.64,33.59,37.34,,
2024-04-23,38.44,37.16,39.72,35.62,33.59,37.32,,
2024-04-24,38.49,37.21,39.76,35.61,33.59,37.31,,
2024-04-25,38.54,37.26,39.8,35.6,33.6,37.31,,
2024-04-26,38.58,37.31,39.83,35.59,33.61,37.31,42.0,45.0
2024-04-27,38.63,37.36,39.89,35.58,33.62,37.29,,
2024-04-28,38.68,37.41,39.92,35.57,33.61,37.29,36.0,30.0
2024-04-29,38.73,37.46,39.96,35.56,33.63,37.23,,
2024-04-30,38.78,37.5,40.01,35.55,33.66,37.18,,
2024-05-01,38.83,37.55,40.09,35.54,33.67,37.15,,
2024-05-02,38.88,37.6,40.1,35.53,33.68,37.16,,
2024-05-03,38.93,37.65,40.15,35.51,33.69,37.17,45.0,44.0
2024-05-04,38.98,37.7,40.19,35.5,33.7,37.18,,
2024-05-05,39.02,37.75,40.26,35.49,33.71,37.17,,
2024-05-06,39.07,37.8,40.32,35.48,33.72,37.11,,
2024-05-07,39.12,37.85,40.38,35.46,33.73,37.05,,
2024-05-08,39.17,37.9,40.45,35.45,33.74,36.98,,
2024-05-09,39.22,37.95,40.51,35.43,33.74,36.97,,
2024-05-10,39.27,38.0,40.54,35.41,33.73,36.91,44.0,47.0
2024-05-11,39.31,38.02,40.58,35.39,33.73,36.85,,
2024-05-12,39.36,38.05,40.61,35.37,33.72,36.82,35.0,30.0
2024-05-13,39.41,38.1,40.65,35.35,33.75,36.79,,
2024-05-14,39.45,38.18,40.71,35.33,33.76,36.8,,
2024-05-15,39.5,38.23,40.76,35.31,33.75,36.75,,
2024-05-16,39.55,38.27,40.81,35.29,33.71,36.73,,
2024-05-17,39.59,38.31,40.86,35.26,33.65,36.7,46.0,40.0
2024-05-18,39.63,38.34,40.91,35.24,33.62,36.68,,
2024-05-19,39.68,38.38,40.95,35.21,33.64,36.65,41.0,27.0
2024-05-20,39.72,38.45,40.99,35.18,33.59,36.63,,
2024-05-21,39.76,38.5,41.04,35.16,33.56,36.59,,
2024-05-22,39.8,38.54,41.08,35.13,33.55,36.56,,
2024-05-23,39.85,38.57,41.11,35.1,33.54,36.56,40.5,37.5
2024-05-24,39.88,38.61,41.15,35.07,33.52,36.51,34.0,31.5
2024-05-25,39.92,38.64,41.18,35.04,33.48,36.48,46.0,34.0
2024-05-26,39.96,38.66,41.21,35.02,33.45,36.42,38.0,29.0
2024-05-27,39.99,38.68,41.24,34.99,33.41,36.35,,
2024-05-28,40.02,38.7,41.27,34.96,33.35,36.33,,
2024-05-29,40.06,38.72,41.31,34.94,33.31,36.31,,
2024-05-30,40.08,38.74,41.36,34.91,33.27,36.29,35.0,34.0
2024-05-31,40.11,38.76,41.39,34.89,33.24,36.27,,
2024-06-01,40.14,38.78,41.43,34.86,33.25,36.25,40.0,29.0
2024-06-02,40.16,38.8,41.46,34.84,33.23,36.23,,
2024-06-03,40.18,38.82,41.47,34.82,33.23,36.2,49.0,41.0
2024-06-04,40.2,38.83,41.46,34.8,33.24,36.18,,
2024-06-05,40.21,38.85,41.47,34.78,33.25,36.16,36.0,35.0
2024-06-06,40.23,38.86,41.48,34.77,33.26,36.13,41.5,29.0
2024-06-07,40.24,38.88,41.48,34.75,33.21,36.11,,
2024-06-08,40.25,38.9,41.49,34.74,33.21,36.08,50.0,39.0
2024-06-09,40.25,38.91,41.49,34.72,33.21,36.1,,
2024-06-10,40.26,38.93,41.49,34.71,33.17,36.14,41.0,29.0
2024-06-11,40.26,38.96,41.48,34.7,33.14,36.15,,
2024-06-12,40.26,38.98,41.48,34.7,33.11,36.18,,
2024-06-13,40.26,38.97,41.47,34.69,33.09,36.21,36.0,32.0
2024-06-14,40.25,38.96,41.46,34.69,33.07,36.21,33.0,36.0
2024-06-15,40.25,38.94,41.45,34.69,33.04,36.21,35.0,34.0
2024-06-16,40.24,38.92,41.44,34.69,33.02,36.18,42.0,28.0
2024-06-17,40.22,38.9,41.42,34.69,33.01,36.16,52.0,38.0
2024-06-18,40.21,38.87,41.41,34.7,32.99,36.17,34.0,44.0
2024-06-19,40.19,38.85,41.4,34.71,32.98,36.16,,
2024-06-20,40.17,38.82,41.39,34.72,32.97,36.18,,
2024-06-21,40.15,38.79,41.37,34.74,32.99,36.16,40.0,32.0
2024-06-22,40.12,38.76,41.35,34.76,33.03,36.2,,
2024-06-23,40.09,38.73,41.34,34.79,33.04,36.24,41.0,30.0
2024-06-24,40.06,38.7,41.33,34.82,33.08,36.28,43.0,34.5
2024-06-25,40.03,38.68,41.3,34.85,33.09,36.32,36.0,46.0
2024-06-26,39.99,38.66,41.28,34.89,33.12,36.35,,
2024-06-27,39.96,38.64,41.25,34.93,33.16,36.38,49.0,42.0
2024-06-28,39.92,38.61,41.22,34.98,33.19,36.43,39.0,34.5
2024-06-29,39.88,38.58,41.19,35.03,33.2,36.5,,
2024-06-30,39.84,38.55,41.15,35.08,33.24,36.56,,
2024-07-01,39.79,38.52,41.12,35.14,33.29,36.62,,
2024-07-02,39.75,38.48,41.08,35.2,33.33,36.72,,
2024-07-03,39.7,38.44,41.04,35.26,33.34,36.79,49.0,42.0
2024-07-04,39.66,38.39,41.0,35.32,33.35,36.86,,
2024-07-05,39.61,38.35,40.96,35.39,33.4,36.98,40.0,33.0
2024-07-06,39.56,38.31,40.91,35.46,33.47,37.1,,
2024-07-07,39.51,38.28,40.86,35.54,33.52,37.22,,
2024-07-08,39.46,38.25,40.81,35.61,33.58,37.35,45.0,25.0
2024-07-09,39.41,38.19,40.76,35.69,33.61,37.44,,
2024-07-10,39.35,38.13,40.7,35.77,33.64,37.53,,
2024-07-11,39.3,38.06,40.65,35.86,33.67,37.63,38.0,15.0
2024-07-12,39.24,37.99,40.59,35.94,33.72,37.76,,
2024-07-13,39.18,37.91,40.53,36.03,33.75,37.88,,
2024-07-14,39.12,37.86,40.46,36.12,33.82,37.96,,
2024-07-15,39.05,37.79,40.39,36.22,33.92,38.05,,
2024-07-16,38.99,37.72,40.35,36.31,34.02,38.19,,
2024-07-17,38.92,37.65,40.31,36.41,34.12,38.34,38.0,20.0
2024-07-18,38.85,37.57,40.28,36.51,34.22,38.48,,
2024-07-19,38.78,37.48,40.23,36.62,34.33,38.63,,
2024-07-20,38.7,37.35,40.19,36.73,34.43,38.78,,
2024-07-21,38.62,37.2,40.08,36.84,34.49,38.88,,
2024-07-22,38.54,37.06,40.03,36.96,34.55,39.0,,
2024-07-23,38.45,36.95,39.92,37.08,34.62,39.11,,
2024-07-24,38.36,36.85,39.84,37.21,34.68,39.32,,
2024-07-25,38.27,36.77,39.79,37.34,34.81,39.53,42.0,37.0
2024-07-26,38.17,36.67,39.74,37.47,34.94,39.69,,
2024-07-27,38.07,36.56,39.68,37.61,35.09,39.85,,
2024-07-28,37.97,36.47,39.61,37.76,35.17,39.99,,
2024-07-29,37.86,36.28,39.54,37.9,35.25,40.14,,
2024-07-30,37.74,36.19,39.47,38.06,35.33,40.28,40.0,49.0
2024-07-31,37.63,36.09,39.39,38.21,35.42,40.5,35.0,32.0
2024-08-01,37.51,35.98,39.31,38.38,35.51,40.68,42.0,31.0
2024-08-02,37.38,35.86,39.22,38.54,35.64,40.82,,
2024-08-03,37.25,35.71,39.1,38.71,35.76,40.95,,
2024-08-04,37.12,35.54,38.98,38.89,35.9,41.09,,
2024-08-05,36.99,35.42,38.85,39.07,36.07,41.23,37.0,53.0
2024-08-06,36.85,35.27,38.72,39.25,36.25,41.47,,
2024-08-07,36.7,35.1,38.57,39.43,36.44,41.75,31.5,37.5
2024-08-08,36.55,34.96,38.41,39.62,36.63,41.99,,
2024-08-09,36.4,34.74,38.25,39.82,36.84,42.13,,
2024-08-10,36.25,34.53,38.09,40.01,37.02,42.27,,
2024-08-11,36.1,34.35,37.92,40.21,37.22,42.5,,
2024-08-12,35.94,34.18,37.74,40.41,37.42,42.73,,
2024-08-13,35.78,33.99,37.55,40.62,37.63,42.94,,
2024-08-14,35.61,33.82,37.37,40.83,37.84,43.18,33.5,47.0
2024-08-15,35.45,33.63,37.2,41.04,38.06,43.44,,
2024-08-16,35.28,33.44,37.03,41.25,38.28,43.62,,
2024-08-17,35.12,33.25,36.89,41.47,38.5,43.83,,
2024-08-18,34.95,33.05,36.75,41.68,38.73,44.17,,
2024-08-19,34.78,32.84,36.48,41.9,38.95,44.42,,
2024-08-20,34.61,32.6,36.3,42.12,39.14,44.66,,
2024-08-21,34.44,32.41,36.12,42.34,39.35,44.89,,
2024-08-22,34.27,32.25,35.94,42.56,39.6,45.11,,
2024-08-23,34.1,32.08,35.76,42.78,39.82,45.34,,
2024-08-24,33.93,31.91,35.64,43.01,40.0,45.57,27.0,43.0
2024-08-25,33.76,31.68,35.51,43.23,40.24,45.84,,
2024-08-26,33.6,31.53,35.36,43.45,40.45,46.11,,
2024-08-27,33.43,31.35,35.2,43.67,40.72,46.36,,
2024-08-28,33.26,31.15,35.04,43.89,40.94,46.6,38.0,52.0
2024-08-29,33.1,30.96,34.89,44.12,41.18,46.87,28.0,44.0
2024-08-30,32.94,30.77,34.75,44.34,41.47,47.13,,
2024-08-31,32.77,30.61,34.57,44.56,41.76,47.37,,
2024-09-01,32.61,30.48,34.42,44.78,42.02,47.59,,
2024-09-02,32.46,30.36,34.26,45.0,42.33,47.83,31.5,45.0
2024-09-03,32.3,30.21,34.1,45.21,42.62,48.07,,
2024-09-04,32.15,30.02,33.93,45.43,42.82,48.22,39.0,46.0
2024-09-05,32.0,29.84,33.74,45.64,43.05,48.35,,
2024-09-06,31.85,29.68,33.6,45.85,43.21,48.54,39.0,46.0
2024-09-07,31.71,29.49,33.48,46.06,43.46,48.71,,
2024-09-08,31.57,29.33,33.34,46.26,43.71,48.88,,
2024-09-09,31.43,29.2,33.2,46.46,43.98,49.06,,
2024-09-10,31.3,29.08,33.05,46.65,44.25,49.24,,
2024-09-11,31.17,28.97,32.91,46.85,44.49,49.4,,
2024-09-12,31.04,28.87,32.77,47.04,44.7,49.55,,
2024-09-13,30.91,28.77,32.65,47.22,44.91,49.7,,
2024-09-14,30.78,28.66,32.51,47.4,45.11,49.83,,
2024-09-15,30.66,28.52,32.37,47.58,45.31,49.97,,
2024-09-16,30.54,28.41,32.27,47.75,45.51,50.11,,
2024-09-17,30.42,28.28,32.18,47.92,45.7,50.21,,
2024-09-18,30.3,28.17,32.09,48.09,45.91,50.38,24.0,50.0
2024-09-19,30.18,28.06,31.99,48.25,46.06,50.47,,
2024-09-20,30.07,27.96,31.87,48.41,46.21,50.59,,
2024-09-21,29.95,27.86,31.75,48.57,46.37,50.72,,
2024-09-22,29.83,27.76,31.63,48.72,46.52,50.85,,
2024-09-23,29.72,27.67,31.51,48.87,46.73,50.96,,
2024-09-24,29.6,27.58,31.38,49.02,46.93,51.06,21.0,48.0
2024-09-25,29.49,27.5,31.25,49.16,47.13,51.21,23.0,53.0
2024-09-26,29.37,27.38,31.13,49.3,47.33,51.35,,
2024-09-27,29.25,27.27,30.99,49.45,47.49,51.49,,
2024-09-28,29.14,27.18,30.86,49.59,47.65,51.63,,
2024-09-29,29.02,27.03,30.76,49.73,47.73,51.77,,
2024-09-30,28.9,26.89,30.65,49.87,47.82,51.95,,
2024-10-01,28.78,26.77,30.55,50.0,47.92,52.13,,
2024-10-02,28.67,26.65,30.44,50.14,48.03,52.29,,
2024-10-03,28.55,26.53,30.34,50.28,48.14,52.48,25.0,52.0
2024-10-04,28.43,26.41,30.23,50.42,48.28,52.66,27.0,63.0
2024-10-05,28.31,26.3,30.11,50.56,48.49,52.71,,
2024-10-06,28.19,26.18,29.97,50.7,48.63,52.85,,
2024-10-07,28.07,26.07,29.83,50.85,48.86,52.98,30.0,61.0
2024-10-08,27.96,25.99,29.68,50.99,49.05,53.09,,
2024-10-09,27.84,25.92,29.52,51.13,49.19,53.24,,
2024-10-10,27.72,25.85,29.4,51.28,49.3,53.36,,
2024-10-11,27.61,25.79,29.29,51.42,49.42,53.47,,
2024-10-12,27.49,25.73,29.17,51.57,49.54,53.58,,
2024-10-13,27.38,25.65,29.04,51.71,49.67,53.7,,
2024-10-14,27.27,25.56,28.88,51.86,49.84,53.81,,
2024-10-15,27.15,25.43,28.73,52.0,50.01,53.91,,
2024-10-16,27.04,25.31,28.61,52.15,50.19,54.02,21.0,53.0
2024-10-17,26.93,25.22,28.46,52.29,50.37,54.2,,
2024-10-18,26.82,25.17,28.34,52.44,50.52,54.38,,
2024-10-19,26.72,25.13,28.19,52.58,50.66,54.59,,
2024-10-20,26.61,25.09,28.02,52.73,50.82,54.8,,
2024-10-21,26.5,25.02,27.87,52.87,50.96,55.0,,
2024-10-22,26.4,24.95,27.75,53.02,51.1,55.16,,
2024-10-23,26.29,24.9,27.6,53.17,51.24,55.37,,
2024-10-24,26.19,24.85,27.43,53.32,51.43,55.55,,
2024-10-25,26.09,24.8,27.3,53.47,51.63,55.73,,
2024-10-26,25.98,24.72,27.2,53.62,51.73,55.9,,
2024-10-27,25.88,24.64,27.09,53.77,51.87,56.04,,
2024-10-28,25.78,24.56,26.98,53.92,52.01,56.17,27.0,52.0
2024-10-29,25.68,24.48,26.85,54.07,52.13,56.35,,
2024-10-30,25.59,24.4,26.74,54.22,52.25,56.53,,
2024-10-31,25.49,24.31,26.61,54.36,52.39,56.64,,
2024-11-01,25.4,24.23,26.48,54.51,52.51,56.75,,
2024-11-02,25.31,24.16,26.39,54.66,52.64,56.84,,
2024-11-03,25.22,24.09,26.3,54.8,52.76,56.93,,
2024-11-04,25.13,24.01,26.16,54.94,52.96,57.09,,
2024-11-05,25.05,23.94,26.02,55.08,53.15,57.3,,
2024-11-06,24.97,23.87,25.89,55.22,53.25,57.48,,
2024-11-07,24.9,23.8,25.78,55.35,53.35,57.6,,
2024-11-08,24.82,23.73,25.7,55.47,53.45,57.71,28.0,61.0
2024-11-09,24.76,23.66,25.62,55.59,53.54,57.81,24.0,48.0
2024-11-10,24.7,23.6,25.57,55.71,53.63,57.92,,
2024-11-11,24.64,23.53,25.52,55.82,53.68,58.02,23.0,52.0
2024-11-12,24.59,23.48,25.48,55.93,53.79,58.11,,
2024-11-13,24.54,23.44,25.42,56.02,53.88,58.21,25.0,50.0
2024-11-14,24.49,23.37,25.37,56.12,53.97,58.3,,
2024-11-15,24.45,23.33,25.33,56.21,54.06,58.34,,
2024-11-16,24.42,23.29,25.28,56.29,54.14,58.36,,
2024-11-17,24.38,23.26,25.24,56.37,54.22,58.42,,
2024-11-18,24.35,23.23,25.21,56.44,54.28,58.47,,
2024-11-19,24.32,23.21,25.19,56.51,54.32,58.5,,
2024-11-20,24.3,23.19,25.17,56.58,54.37,58.53,,
2024-11-21,24.27,23.17,25.15,56.64,54.41,58.55,,
2024-11-22,24.25,23.16,25.13,56.7,54.46,58.58,,
2024-11-23,24.23,23.12,25.11,56.76,54.5,58.62,,
2024-11-24,24.2,23.09,25.1,56.81,54.55,58.65,,
2024-11-25,24.18,23.07,25.07,56.86,54.6,58.7,,
2024-11-26,24.15,23.0,25.04,56.91,54.64,58.76,,
2024-11-27,24.13,22.95,25.03,56.96,54.69,58.82,,
2024-11-28,24.1,22.94,25.02,57.0,54.75,58.87,,
2024-11-29,24.08,22.94,25.01,57.04,54.79,58.89,,
2024-11-30,24.05,22.94,24.98,57.08,54.83,58.96,,
2024-12-01,24.02,22.92,24.95,57.12,54.87,59.0,,
2024-12-02,23.99,22.89,24.93,57.16,54.92,59.03,,
2024-12-03,23.96,22.86,24.91,57.19,54.96,59.06,,
2024-12-04,23.94,22.8,24.88,57.22,55.01,59.08,27.0,61.0
2024-12-05,23.91,22.74,24.87,57.25,55.05,59.11,,
2024-12-06,23.88,22.68,24.85,57.28,55.1,59.13,,
2024-12-07,23.85,22.62,24.82,57.31,55.14,59.19,,
2024-12-08,23.82,22.57,24.77,57.34,55.18,59.23,,
2024-12-09,23.79,22.52,24.74,57.36,55.19,59.24,,
2024-12-10,23.76,22.47,24.72,57.39,55.21,59.25,19.0,55.0
2024-12-11,23.73,22.43,24.69,57.41,55.23,59.25,,
2024-12-12,23.7,22.39,24.65,57.44,55.27,59.26,,
2024-12-13,23.68,22.35,24.62,57.46,55.31,59.28,,
2024-12-14,23.65,22.32,24.59,57.48,55.34,59.29,,
2024-12-15,23.62,22.31,24.56,57.51,55.39,59.3,,
2024-12-16,23.6,22.3,24.55,57.53,55.44,59.32,25.0,66.0
2024-12-17,23.57,22.29,24.54,57.56,55.49,59.35,,
2024-12-18,23.55,22.27,24.54,57.58,55.53,59.37,,
2024-12-19,23.52,22.26,24.53,57.61,55.58,59.4,,
2024-12-20,23.5,22.25,24.52,57.64,55.63,59.41,22.0,54.0
2024-12-21,23.48,22.24,24.51,57.66,55.68,59.39,,
2024-12-22,23.45,22.23,24.49,57.69,55.73,59.38,,
2024-12-23,23.43,22.22,24.48,57.71,55.78,59.38,24.0,60.5
2024-12-24,23.41,22.22,24.47,57.74,55.83,59.39,,
2024-12-25,23.39,22.21,24.45,57.77,55.89,59.42,,
2024-12-26,23.36,22.2,24.43,57.79,55.94,59.45,,
2024-12-27,23.34,22.19,24.41,57.82,55.97,59.48,,
2024-12-28,23.32,22.18,24.38,57.84,56.0,59.47,,
2024-12-29,23.3,22.18,24.36,57.87,56.02,59.47,,
2024-12-30,23.28,22.17,24.34,57.89,56.04,59.47,,
2024-12-31,23.26,22.14,24.32,57.92,56.07,59.49,,
2025-01-01,23.24,22.12,24.29,57.94,56.09,59.54,,
2025-01-02,23.22,22.11,24.27,57.97,56.12,59.56,,
2025-01-03,23.2,22.08,24.26,57.99,56.15,59.56,26.0,68.0
2025-01-04,23.19,22.05,24.25,58.01,56.22,59.55,,
2025-01-05,23.17,22.03,24.25,58.03,56.22,59.56,,
2025-01-06,23.16,22.01,24.23,58.05,56.21,59.58,,
2025-01-07,23.14,22.03,24.21,58.07,56.22,59.61,,
2025-01-08,23.13,22.02,24.2,58.09,56.24,59.66,,
2025-01-09,23.12,22.01,24.18,58.1,56.25,59.7,,
2025-01-10,23.12,22.04,24.17,58.11,56.3,59.71,21.0,56.0
2025-01-11,23.11,22.03,24.18,58.12,56.35,59.73,,
2025-01-12,23.11,22.02,24.19,58.12,56.4,59.74,,
2025-01-13,23.1,22.02,24.2,58.13,56.44,59.75,,
2025-01-14,23.1,22.04,24.2,58.12,56.48,59.75,,
2025-01-15,23.1,22.04,24.19,58.12,56.5,59.75,,
2025-01-16,23.1,22.04,24.18,58.11,56.5,59.75,,
2025-01-17,23.11,22.04,24.18,58.1,56.5,59.71,29.0,64.0
2025-01-18,23.11,22.05,24.17,58.09,56.51,59.73,,
2025-01-19,23.12,22.06,24.16,58.07,56.51,59.74,,
2025-01-20,23.12,22.07,24.15,58.04,56.52,59.71,,
2025-01-21,23.13,22.09,24.14,58.02,56.49,59.69,,
2025-01-22,23.14,22.1,24.13,57.99,56.48,59.65,,
2025-01-23,23.15,22.12,24.13,57.96,56.47,59.61,21.0,55.0
2025-01-24,23.16,22.13,24.16,57.93,56.45,59.56,,
2025-01-25,23.17,22.14,24.16,57.89,56.43,59.51,,
2025-01-26,23.18,22.17,24.16,57.85,56.42,59.46,,
2025-01-27,23.19,22.2,24.21,57.81,56.37,59.4,,
2025-01-28,23.21,22.21,24.27,57.76,56.31,59.34,22.0,55.0
2025-01-29,23.22,22.24,24.29,57.71,56.25,59.27,,
2025-01-30,23.23,22.24,24.29,57.67,56.19,59.22,,
2025-01-31,23.24,22.24,24.28,57.61,56.13,59.16,,
2025-02-01,23.26,22.27,24.28,57.56,56.08,59.09,,
2025-02-02,23.27,22.27,24.29,57.51,56.05,59.05,,
2025-02-03,23.28,22.27,24.33,57.46,56.03,59.02,,
2025-02-04,23.29,22.28,24.34,57.4,56.01,58.96,,
2025-02-05,23.3,22.28,24.33,57.35,55.95,58.91,,
2025-02-06,23.31,22.28,24.33,57.29,55.92,58.83,,
2025-02-07,23.32,22.3,24.34,57.23,55.87,58.74,22.0,56.0
2025-02-08,23.33,22.29,24.35,57.17,55.81,58.66,,
2025-02-09,23.34,22.29,24.36,57.11,55.78,58.6,,
2025-02-10,23.35,22.3,24.39,57.05,55.72,58.57,,
2025-02-11,23.36,22.33,24.41,56.99,55.65,58.48,,
2025-02-12,23.36,22.35,24.4,56.93,55.6,58.38,,
2025-02-13,23.37,22.38,24.4,56.87,55.58,58.28,,
2025-02-14,23.37,22.41,24.38,56.81,55.54,58.18,,
2025-02-15,23.38,22.43,24.38,56.74,55.49,58.07,,
2025-02-16,23.38,22.44,24.36,56.68,55.43,57.97,,
2025-02-17,23.38,22.46,24.34,56.61,55.41,57.86,,
2025-02-18,23.39,22.46,24.34,56.55,55.33,57.77,,
2025-02-19,23.38,22.44,24.34,56.48,55.25,57.66,,
2025-02-20,23.38,22.45,24.34,56.41,55.19,57.57,,
2025-02-21,23.38,22.45,24.34,56.35,55.14,57.51,,
2025-02-22,23.37,22.45,24.33,56.28,55.1,57.44,,
2025-02-23,23.37,22.44,24.32,56.21,55.05,57.36,23.0,57.0
2025-02-24,23.36,22.43,24.32,56.14,55.01,57.28,,
2025-02-25,23.35,22.41,24.32,56.07,54.96,57.14,,
2025-02-26,23.34,22.4,24.29,56.01,54.9,57.04,,
2025-02-27,23.32,22.39,24.27,55.94,54.85,56.97,,
2025-02-28,23.31,22.36,24.24,55.88,54.79,56.95,,
2025-03-01,23.29,22.36,24.23,55.82,54.73,56.87,,
2025-03-02,23.28,22.37,24.22,55.76,54.68,56.81,,
2025-03-03,23.26,22.37,24.2,55.7,54.62,56.76,,
2025-03-04,23.25,22.38,24.18,55.64,54.56,56.7,,
2025-03-05,23.23,22.37,24.16,55.58,54.49,56.67,,
2025-03-06,23.21,22.35,24.15,55.53,54.42,56.62,,
2025-03-07,23.19,22.31,24.13,55.48,54.37,56.53,,
2025-03-08,23.17,22.32,24.09,55.43,54.31,56.49,,
2025-03-09,23.15,22.3,24.08,55.38,54.25,56.46,,
2025-03-10,23.14,22.28,24.07,55.34,54.19,56.43,,
2025-03-11,23.12,22.26,24.05,55.29,54.12,56.39,,
2025-03-12,23.1,22.24,24.04,55.25,54.01,56.35,,
2025-03-13,23.08,22.22,24.03,55.21,53.91,56.32,,
2025-03-14,23.06,22.21,24.01,55.17,53.88,56.31,,
2025-03-15,23.04,22.21,24.0,55.14,53.85,56.27,,
2025-03-16,23.02,22.21,23.98,55.1,53.77,56.26,,
2025-03-17,23.01,22.21,23.97,55.07,53.69,56.25,31.0,62.0
2025-03-18,22.99,22.2,23.95,55.04,53.6,56.24,,
2025-03-19,22.97,22.18,23.92,55.01,53.53,56.23,,
2025-03-20,22.96,22.15,23.9,54.98,53.47,56.17,,
2025-03-21,22.94,22.12,23.88,54.96,53.41,56.13,24.0,53.0
2025-03-22,22.93,22.09,23.86,54.93,53.34,56.09,,
2025-03-23,22.91,22.07,23.84,54.91,53.28,56.06,,
2025-03-24,22.9,22.05,23.82,54.89,53.23,56.05,,
2025-03-25,22.89,22.03,23.81,54.87,53.17,56.03,,
2025-03-26,22.88,22.01,23.81,54.85,53.13,56.03,,
2025-03-27,22.87,22.0,23.81,54.83,53.07,56.03,24.0,54.0
2025-03-28,22.86,21.98,23.81,54.82,53.03,56.02,22.0,54.0
2025-03-29,22.85,21.98,23.81,54.8,52.99,56.02,,
2025-03-30,22.84,21.97,23.81,54.79,52.95,56.02,,
2025-03-31,22.83,21.97,23.79,54.77,52.91,56.02,,
2025-04-01,22.82,21.97,23.77,54.76,52.88,56.03,,
2025-04-02,22.82,21.97,23.74,54.75,52.85,56.03,,
2025-04-03,22.81,21.98,23.71,54.75,52.82,56.03,,
2025-04-04,22.8,21.98,23.7,54.74,52.8,56.03,,
2025-04-05,22.79,21.99,23.69,54.73,52.77,56.03,,
2025-04-06,22.79,22.0,23.67,54.73,52.75,56.04,,
2025-04-07,22.78,21.98,23.64,54.72,52.73,56.04,,
2025-04-08,22.77,21.96,23.62,54.72,52.71,56.05,,
2025-04-09,22.76,21.95,23.6,54.71,52.7,56.05,,
2025-04-10,22.75,21.93,23.58,54.71,52.68,56.05,,
2025-04-11,22.74,21.91,23.57,54.71,52.67,56.04,25.0,55.0
2025-04-12,22.73,21.9,23.55,54.71,52.67,56.04,,
2025-04-13,22.72,21.89,23.53,54.7,52.68,56.04,,
2025-04-14,22.71,21.84,23.51,54.7,52.69,56.04,20.0,55.0
2025-04-15,22.7,21.83,23.49,54.7,52.7,56.05,,
2025-04-16,22.69,21.82,23.48,54.71,52.71,56.05,,
2025-04-17,22.68,21.82,23.47,54.71,52.72,56.05,,
2025-04-18,22.67,21.81,23.45,54.71,52.74,56.05,,
2025-04-19,22.65,21.79,23.43,54.71,52.76,56.04,,
2025-04-20,22.64,21.76,23.41,54.71,52.78,56.04,,
2025-04-21,22.63,21.73,23.39,54.72,52.79,56.04,22.5,55.0
2025-04-22,22.61,21.71,23.37,54.72,52.79,56.04,,
2025-04-23,22.59,21.69,23.34,54.73,52.79,56.04,,
2025-04-24,22.58,21.67,23.29,54.73,52.8,56.04,,
2025-04-25,22.56,21.65,23.28,54.74,52.8,56.04,22.0,56.0
2025-04-26,22.54,21.65,23.26,54.75,52.8,56.04,,
2025-04-27,22.52,21.65,23.24,54.76,52.81,56.04,23.0,56.0
2025-04-28,22.5,21.65,23.22,54.77,52.81,56.04,,
2025-04-29,22.48,21.64,23.18,54.78,52.82,56.05,,
2025-04-30,22.46,21.64,23.16,54.79,52.82,56.04,,
2025-05-01,22.44,21.64,23.15,54.8,52.83,56.03,,
2025-05-02,22.41,21.6,23.12,54.82,52.84,56.06,21.8,51.2
2025-05-03,22.39,21.56,23.08,54.84,52.85,56.09,,
2025-05-04,22.36,21.52,23.04,54.86,52.85,56.1,19.0,57.0
2025-05-05,22.33,21.48,23.03,54.88,52.85,56.12,,
2025-05-06,22.3,21.46,23.03,54.9,52.87,56.13,,
2025-05-07,22.28,21.43,23.02,54.92,52.91,56.14,,
2025-05-08,22.25,21.39,23.02,54.95,52.94,56.16,20.0,59.0
2025-05-09,22.22,21.35,22.98,54.98,52.97,56.18,,
2025-05-10,22.18,21.32,22.93,55.0,53.01,56.21,,
2025-05-11,22.15,21.29,22.87,55.04,53.04,56.22,,
2025-05-12,22.12,21.27,22.85,55.07,53.08,56.25,,
2025-05-13,22.09,21.23,22.82,55.1,53.12,56.29,,
2025-05-14,22.06,21.2,22.81,55.13,53.15,56.32,,
2025-05-15,22.03,21.17,22.79,55.17,53.23,56.36,,
2025-05-16,22.0,21.15,22.78,55.21,53.32,56.4,21.0,55.0
2025-05-17,21.96,21.12,22.74,55.25,53.4,56.44,,
2025-05-18,21.93,21.1,22.7,55.28,53.49,56.48,,
2025-05-19,21.9,21.08,22.68,55.33,53.58,56.52,,
2025-05-20,21.87,21.05,22.66,55.37,53.65,56.57,,
2025-05-21,21.84,21.0,22.66,55.41,53.7,56.61,,
2025-05-22,21.81,20.97,22.65,55.46,53.73,56.68,,
2025-05-23,21.78,20.93,22.65,55.5,53.75,56.75,,
2025-05-24,21.75,20.89,22.64,55.55,53.81,56.83,,
2025-05-25,21.73,20.86,22.64,55.6,53.85,56.91,,
2025-05-26,21.7,20.82,22.63,55.65,53.9,56.99,,
2025-05-27,21.67,20.79,22.6,55.7,53.95,57.08,,
2025-05-28,21.65,20.77,22.57,55.75,54.0,57.13,23.0,54.0
2025-05-29,21.63,20.75,22.54,55.81,54.06,57.17,,
2025-05-30,21.6,20.71,22.51,55.86,54.12,57.22,20.0,56.0
2025-05-31,21.58,20.68,22.48,55.92,54.18,57.26,,
2025-06-01,21.56,20.66,22.45,55.98,54.25,57.33,,
2025-06-02,21.54,20.65,22.44,56.04,54.32,57.42,32.0,54.0
2025-06-03,21.52,20.63,22.45,56.1,54.39,57.5,,
2025-06-04,21.51,20.61,22.46,56.16,54.46,57.59,,
2025-06-05,21.49,20.59,22.45,56.22,54.55,57.64,,
2025-06-06,21.47,20.56,22.43,56.29,54.65,57.69,,
2025-06-07,21.46,20.54,22.41,56.35,54.74,57.77,,
2025-06-08,21.44,20.52,22.39,56.42,54.83,57.86,,
2025-06-09,21.43,20.49,22.37,56.49,54.9,57.96,19.0,58.0
2025-06-10,21.42,20.47,22.35,56.56,54.96,58.04,,
2025-06-11,21.4,20.45,22.35,56.63,55.04,58.1,,
2025-06-12,21.39,20.43,22.34,56.7,55.13,58.13,,
2025-06-13,21.38,20.42,22.32,56.77,55.23,58.19,21.0,56.0
2025-06-14,21.36,20.41,22.31,56.85,55.32,58.23,,
2025-06-15,21.35,20.39,22.29,56.92,55.41,58.28,,
2025-06-16,21.34,20.37,22.28,57.0,55.5,58.34,22.0,56.0
2025-06-17,21.33,20.36,22.28,57.08,55.6,58.42,,
2025-06-18,21.31,20.36,22.28,57.16,55.7,58.48,,
2025-06-19,21.3,20.35,22.28,57.24,55.8,58.51,,
2025-06-20,21.29,20.34,22.28,57.32,55.91,58.61,,
2025-06-21,21.28,20.33,22.28,57.41,56.02,58.72,,
2025-06-22,21.27,20.31,22.28,57.49,56.13,58.8,,
2025-06-23,21.26,20.29,22.28,57.57,56.2,58.87,,
2025-06-24,21.24,20.28,22.28,57.66,56.28,58.95,,
2025-06-25,21.23,20.25,22.28,57.74,56.4,59.02,,
2025-06-26,21.22,20.23,22.27,57.83,56.53,59.1,,
2025-06-27,21.21,20.22,22.27,57.91,56.66,59.17,21.0,56.0
2025-06-28,21.19,20.22,22.27,58.0,56.68,59.21,,
2025-06-29,21.18,20.21,22.26,58.09,56.8,59.3,,
2025-06-30,21.17,20.2,22.26,58.17,56.94,59.42,,
2025-07-01,21.15,20.2,22.25,58.26,56.97,59.57,,
2025-07-02,21.14,20.19,22.25,58.34,57.07,59.73,,
2025-07-03,21.13,20.18,22.24,58.43,57.16,59.8,,
2025-07-04,21.11,20.18,22.2,58.52,57.2,59.85,,
2025-07-05,21.1,20.18,22.16,58.6,57.29,59.9,,
2025-07-06,21.08,20.17,22.11,58.69,57.38,60.0,,
2025-07-07,21.07,20.16,22.11,58.77,57.42,60.07,18.0,61.0
2025-07-08,21.05,20.14,22.09,58.86,57.46,60.17,,
2025-07-09,21.03,20.12,22.09,58.94,57.57,60.28,,
2025-07-10,21.01,20.1,22.08,59.02,57.68,60.37,,
2025-07-11,21.0,20.08,22.05,59.1,57.79,60.46,18.0,60.0
2025-07-12,20.98,20.07,21.99,59.18,57.9,60.55,,
2025-07-13,20.96,20.06,21.97,59.25,58.0,60.64,,
2025-07-14,20.94,20.06,21.95,59.33,58.07,60.72,23.0,67.0
2025-07-15,20.92,20.05,21.93,59.4,58.13,60.81,,
2025-07-16,20.9,20.05,21.91,59.48,58.21,60.88,,
2025-07-17,20.88,20.04,21.89,59.55,58.26,60.95,,
2025-07-18,20.86,20.02,21.86,59.62,58.31,61.02,,
2025-07-19,20.84,20.01,21.84,59.69,58.37,61.09,,
2025-07-20,20.82,20.01,21.81,59.76,58.4,61.16,,
2025-07-21,20.81,20.0,21.77,59.82,58.41,61.22,,
2025-07-22,20.79,19.99,21.73,59.89,58.52,61.29,,
2025-07-23,20.77,19.96,21.69,59.96,58.57,61.38,,
2025-07-24,20.75,19.94,21.62,60.04,58.62,61.44,,
2025-07-25,20.73,19.91,21.59,60.11,58.67,61.52,22.0,57.0
2025-07-26,20.72,19.89,21.57,60.18,58.68,61.6,,
2025-07-27,20.7,19.88,21.53,60.25,58.71,61.72,,
2025-07-28,20.69,19.87,21.49,60.32,58.78,61.84,,
2025-07-29,20.67,19.87,21.47,60.39,58.85,61.91,,
2025-07-30,20.66,19.86,21.44,60.46,58.89,61.98,,
2025-07-31,20.64,19.86,21.43,60.53,58.98,62.05,,
2025-08-01,20.63,19.86,21.4,60.6,59.05,62.12,,
2025-08-02,20.62,19.85,21.4,60.67,59.12,62.22,,
2025-08-03,20.61,19.85,21.41,60.74,59.2,62.26,21.0,61.0
2025-08-04,20.6,19.84,21.4,60.8,59.27,62.34,,
2025-08-05,20.59,19.85,21.4,60.87,59.25,62.44,,
2025-08-06,20.58,19.86,21.4,60.93,59.26,62.58,,
2025-08-07,20.58,19.86,21.42,61.0,59.34,62.64,,
2025-08-08,20.57,19.87,21.43,61.06,59.36,62.69,19.0,60.0
2025-08-09,20.57,19.86,21.41,61.12,59.38,62.74,,
2025-08-10,20.56,19.85,21.4,61.18,59.4,62.83,,
2025-08-11,20.56,19.83,21.4,61.23,59.43,62.89,,
2025-08-12,20.56,19.81,21.4,61.29,59.45,62.98,,
2025-08-13,20.56,19.8,21.4,61.34,59.5,63.06,,
2025-08-14,20.56,19.82,21.38,61.39,59.56,63.15,,
2025-08-15,20.56,19.83,21.38,61.44,59.61,63.22,24.0,68.0
2025-08-16,20.56,19.84,21.38,61.49,59.67,63.33,,
2025-08-17,20.56,19.85,21.39,61.53,59.69,63.45,,
2025-08-18,20.56,19.83,21.42,61.57,59.7,63.52,,
2025-08-19,20.56,19.82,21.43,61.62,59.7,63.56,,
2025-08-20,20.56,19.8,21.43,61.66,59.7,63.59,,
2025-08-21,20.57,19.79,21.42,61.7,59.72,63.62,,
2025-08-22,20.57,19.79,21.41,61.74,59.72,63.65,19.0,60.0
2025-08-23,20.56,19.8,21.41,61.77,59.73,63.67,,
2025-08-24,20.56,19.8,21.4,61.81,59.74,63.69,,
2025-08-25,20.56,19.79,21.4,61.85,59.76,63.71,,
2025-08-26,20.55,19.78,21.42,61.88,59.8,63.74,,
2025-08-27,20.55,19.78,21.44,61.92,59.84,63.77,,
2025-08-28,20.54,19.77,21.42,61.95,59.88,63.81,,
2025-08-29,20.53,19.76,21.41,61.99,59.93,63.83,,
2025-08-30,20.52,19.74,21.39,62.02,59.98,63.84,,
2025-08-31,20.51,19.71,21.38,62.05,60.03,63.86,,
2025-09-01,20.49,19.69,21.37,62.08,60.09,63.91,,
2025-09-02,20.48,19.68,21.35,62.12,60.14,63.95,,
2025-09-03,20.46,19.65,21.35,62.15,60.18,63.99,,
2025-09-04,20.44,19.62,21.35,62.18,60.22,64.02,,
2025-09-05,20.42,19.59,21.33,62.21,60.26,64.05,19.0,59.0
2025-09-06,20.39,19.56,21.3,62.25,60.31,64.09,,
2025-09-07,20.37,19.53,21.27,62.28,60.36,64.12,,
2025-09-08,20.34,19.5,21.25,62.31,60.4,64.15,,
2025-09-09,20.31,19.47,21.22,62.34,60.46,64.18,,
2025-09-10,20.28,19.43,21.2,62.38,60.51,64.21,,
2025-09-11,20.25,19.4,21.15,62.41,60.56,64.24,21.0,71.0
2025-09-12,20.22,19.36,21.09,62.44,60.57,64.26,,
2025-09-13,20.19,19.32,21.06,62.47,60.6,64.28,,
2025-09-14,20.15,19.29,21.03,62.5,60.65,64.31,,
2025-09-15,20.12,19.25,21.0,62.53,60.68,64.32,,
2025-09-16,20.08,19.22,20.98,62.56,60.73,64.33,,
2025-09-17,20.04,19.17,20.96,62.59,60.78,64.36,,
2025-09-18,20.0,19.13,20.93,62.61,60.83,64.39,,
2025-09-19,19.96,19.09,20.9,62.64,60.9,64.42,18.0,60.0
2025-09-20,19.92,19.04,20.86,62.67,60.96,64.44,,
2025-09-21,19.88,19.02,20.83,62.69,60.99,64.47,,
2025-09-22,19.84,18.95,20.8,62.72,61.0,64.49,,
2025-09-23,19.8,18.91,20.74,62.74,61.04,64.51,,
2025-09-24,19.76,18.87,20.67,62.77,61.08,64.53,,
2025-09-25,19.72,18.84,20.61,62.79,61.11,64.54,27.0,51.0
2025-09-26,19.67,18.77,20.54,62.81,61.16,64.56,20.0,61.0
2025-09-27,19.63,18.73,20.49,62.83,61.19,64.56,,
2025-09-28,19.59,18.68,20.44,62.85,61.23,64.57,,
2025-09-29,19.55,18.63,20.41,62.87,61.25,64.58,23.0,70.0
2025-09-30,19.51,18.59,20.38,62.89,61.28,64.59,,
2025-10-01,19.47,18.52,20.35,62.91,61.32,64.59,,
2025-10-02,19.43,18.46,20.3,62.93,61.35,64.6,,
2025-10-03,19.39,18.41,20.27,62.94,61.36,64.62,19.0,63.0
2025-10-04,19.36,18.37,20.24,62.96,61.37,64.64,,
2025-10-05,19.32,18.34,20.22,62.97,61.38,64.67,,
2025-10-06,19.28,18.31,20.19,62.98,61.39,64.69,,
2025-10-07,19.25,18.27,20.16,62.99,61.4,64.68,20.0,63.0
2025-10-08,19.21,18.23,20.12,63.0,61.41,64.66,,
2025-10-09,19.18,18.19,20.09,63.01,61.41,64.64,,
2025-10-10,19.14,18.14,20.06,63.02,61.42,64.63,19.0,61.0
2025-10-11,19.11,18.1,20.03,63.03,61.43,64.61,,
2025-10-12,19.08,18.07,20.0,63.04,61.44,64.58,,
2025-10-13,19.05,18.05,19.97,63.04,61.45,64.57,,
2025-10-14,19.02,18.02,19.96,63.05,61.46,64.58,,
2025-10-15,18.99,18.0,19.94,63.06,61.48,64.58,20.0,64.0
2025-10-16,18.96,17.98,19.91,63.06,61.49,64.59,,
2025-10-17,18.93,17.97,19.87,63.07,61.51,64.61,,
2025-10-18,18.9,17.96,19.84,63.07,61.52,64.63,,
2025-10-19,18.87,17.94,19.81,63.08,61.54,64.65,20.0,64.0
2025-10-20,18.85,17.93,19.78,63.08,61.56,64.64,,
2025-10-21,18.82,17.92,19.75,63.09,61.59,64.63,,
2025-10-22,18.79,17.91,19.72,63.09,61.62,64.62,,
2025-10-23,18.77,17.9,19.68,63.09,61.65,64.61,,
2025-10-24,18.74,17.89,19.65,63.1,61.65,64.6,18.0,62.0
2025-10-25,18.71,17.88,19.63,63.1,61.67,64.59,,
2025-10-26,18.69,17.87,19.6,63.1,61.68,64.58,,
2025-10-27,18.66,17.86,19.56,63.1,61.69,64.57,,
2025-10-28,18.64,17.84,19.53,63.1,61.71,64.55,,
2025-10-29,18.61,17.82,19.49,63.1,61.74,64.54,,
2025-10-30,18.58,17.8,19.46,63.09,61.75,64.54,,
2025-10-31,18.55,17.78,19.42,63.08,61.78,64.51,,
2025-11-01,18.52,17.76,19.38,63.07,61.8,64.48,,
2025-11-02,18.49,17.75,19.34,63.06,61.83,64.45,17.0,73.0
2025-11-03,18.46,17.73,19.29,63.05,61.86,64.41,,
2025-11-04,18.43,17.72,19.25,63.03,61.84,64.28,,
2025-11-05,18.4,17.7,19.2,63.02,61.79,64.23,,
2025-11-06,18.37,17.69,19.16,63.0,61.8,64.21,,
2025-11-07,18.33,17.67,19.12,62.98,61.78,64.2,17.0,62.0
2025-11-08,18.3,17.65,19.07,62.95,61.73,64.19,,
2025-11-09,18.26,17.63,19.03,62.93,61.65,64.18,,
2025-11-10,18.23,17.61,18.98,62.9,61.59,64.13,,
2025-11-11,18.19,17.59,18.95,62.87,61.5,64.16,,
2025-11-12,18.16,17.57,18.91,62.84,61.42,64.12,14.0,65.0
2025-11-13,18.12,17.55,18.87,62.81,61.36,64.09,,
2025-11-14,18.08,17.52,18.81,62.77,61.3,64.09,,
2025-11-15,18.05,17.49,18.75,62.74,61.27,64.07,,
2025-11-16,18.01,17.45,18.69,62.7,61.23,64.03,,
2025-11-17,17.97,17.42,18.63,62.66,61.15,64.01,,
2025-11-18,17.94,17.41,18.57,62.62,61.07,64.0,,
2025-11-19,17.9,17.39,18.52,62.58,60.98,63.93,,
2025-11-20,17.87,17.36,18.47,62.54,60.91,63.83,,
2025-11-21,17.83,17.34,18.41,62.5,60.82,63.83,17.0,62.0
2025-11-22,17.8,17.32,18.36,62.45,60.72,63.82,,
2025-11-23,17.77,17.29,18.32,62.41,60.63,63.82,,
2025-11-24,17.74,17.27,18.26,62.36,60.53,63.83,,
2025-11-25,17.7,17.25,18.2,62.3,60.44,63.84,,
2025-11-26,17.68,17.23,18.14,62.25,60.33,63.82,,
2025-11-27,17.65,17.21,18.11,62.2,60.23,63.78,,
2025-11-28,17.62,17.19,18.09,62.14,60.14,63.73,18.0,62.0
2025-11-29,17.6,17.18,18.06,62.08,60.03,63.68,,
2025-11-30,17.58,17.16,18.01,62.02,59.86,63.63,,
2025-12-01,17.56,17.13,17.99,61.95,59.69,63.59,18.0,66.0
2025-12-02,17.54,17.11,17.96,61.89,59.59,63.54,17.0,61.0
2025-12-03,17.52,17.1,17.94,61.82,59.5,63.5,,
2025-12-04,17.51,17.1,17.92,61.76,59.41,63.44,,
2025-12-05,17.49,17.1,17.9,61.69,59.33,63.39,,
2025-12-06,17.48,17.1,17.89,61.62,59.25,63.33,,
2025-12-07,17.48,17.1,17.87,61.55,59.17,63.25,,
2025-12-08,17.47,17.1,17.85,61.49,59.0,63.18,17.0,65.0
2025-12-09,17.47,17.11,17.84,61.42,58.83,63.17,,
2025-12-10,17.47,17.12,17.85,61.35,58.67,63.14,,
2025-12-11,17.47,17.11,17.88,61.28,58.5,63.14,,
2025-12-12,17.47,17.12,17.88,61.22,58.37,63.13,18.0,61.0
2025-12-13,17.47,17.13,17.88,61.15,58.26,63.12,,
2025-12-14,17.48,17.13,17.89,61.09,58.15,63.12,,
2025-12-15,17.49,17.13,17.89,61.03,58.05,63.06,,
2025-12-16,17.49,17.13,17.9,60.97,57.96,63.03,,
2025-12-17,17.5,17.13,17.91,60.91,57.87,63.03,,
2025-12-18,17.51,17.14,17.92,60.85,57.78,63.03,,
2025-12-19,17.52,17.14,17.95,60.8,57.7,63.03,,
2025-12-20,17.53,17.13,17.96,60.74,57.64,63.03,,
2025-12-21,17.55,17.14,17.97,60.68,57.57,62.99,,
2025-12-22,17.56,17.14,17.98,60.63,57.51,62.93,,
2025-12-23,17.57,17.14,17.99,60.58,57.44,62.88,18.0,63.0
2025-12-24,17.59,17.15,18.03,60.53,57.38,62.85,,
2025-12-25,17.61,17.15,18.05,60.47,57.29,62.84,,
2025-12-26,17.62,17.18,18.08,60.42,57.22,62.82,,
2025-12-27,17.64,17.18,18.12,60.38,57.16,62.8,,
2025-12-28,17.66,17.18,18.15,60.33,57.12,62.73,,
2025-12-29,17.68,17.18,18.19,60.28,57.09,62.75,,
2025-12-30,17.7,17.19,18.22,60.24,57.09,62.77,,
2025-12-31,17.72,17.19,18.26,60.2,57.1,62.76,,
2026-01-01,17.74,17.19,18.28,60.16,57.07,62.75,18.0,63.0
2026-01-02,17.77,17.2,18.31,60.12,57.01,62.74,,
2026-01-03,17.79,17.23,18.33,60.08,56.98,62.74,,
2026-01-04,17.81,17.25,18.35,60.05,56.9,62.73,,
2026-01-05,17.84,17.25,18.36,60.01,56.84,62.73,,
2026-01-06,17.86,17.26,18.38,59.98,56.8,62.73,,
2026-01-07,17.89,17.27,18.4,59.96,56.77,62.75,,
2026-01-08,17.92,17.28,18.44,59.93,56.74,62.79,,
2026-01-09,17.94,17.29,18.48,59.91,56.71,62.83,16.5,55.0
2026-01-10,17.97,17.3,18.53,59.89,56.68,62.84,,
2026-01-11,18.0,17.32,18.56,59.87,56.65,62.83,,
2026-01-12,18.03,17.33,18.59,59.85,56.63,62.81,,
2026-01-13,18.05,17.33,18.62,59.84,56.61,62.8,,
2026-01-14,18.08,17.35,18.65,59.83,56.57,62.78,,
2026-01-15,18.11,17.35,18.69,59.82,56.54,62.77,,
2026-01-16,18.14,17.37,18.73,59.82,56.5,62.79,,
2026-01-17,18.17,17.4,18.77,59.82,56.48,62.8,,
2026-01-18,18.19,17.42,18.8,59.81,56.46,62.82,,
2026-01-19,18.22,17.44,18.84,59.82,56.44,62.83,,
2026-01-20,18.25,17.45,18.89,59.82,56.43,62.84,,
2026-01-21,18.27,17.47,18.95,59.83,56.41,62.84,,
2026-01-22,18.3,17.49,19.01,59.83,56.41,62.85,,
2026-01-23,18.33,17.5,19.04,59.84,56.4,62.89,19.0,60.0
2026-01-24,18.35,17.52,19.06,59.85,56.4,62.91,,
2026-01-25,18.38,17.54,19.07,59.86,56.43,62.92,,
2026-01-26,18.4,17.55,19.09,59.88,56.42,62.93,,
2026-01-27,18.43,17.57,19.1,59.89,56.42,62.93,,
2026-01-28,18.45,17.59,19.11,59.91,56.47,62.94,,
2026-01-29,18.47,17.61,19.13,59.92,56.51,62.94,,
2026-01-30,18.5,17.63,19.17,59.94,56.57,62.93,,
2026-01-31,18.52,17.65,19.2,59.95,56.56,62.93,,
2026-02-01,18.54,17.66,19.23,59.97,56.54,62.92,20.0,62.0
2026-02-02,18.56,17.69,19.26,59.99,56.53,62.95,,
2026-02-03,18.59,17.72,19.29,60.01,56.53,62.97,,
2026-02-04,18.61,17.72,19.32,60.03,56.56,62.97,,
2026-02-05,18.63,17.73,19.35,60.05,56.63,63.02,,
2026-02-06,18.65,17.74,19.37,60.08,56.71,63.04,18.2,54.5
2026-02-07,18.67,17.76,19.39,60.1,56.8,63.06,,
2026-02-08,18.7,17.78,19.41,60.13,56.89,63.08,,
2026-02-09,18.72,17.79,19.44,60.15,56.98,63.1,,
2026-02-10,18.74,17.81,19.46,60.18,57.06,63.12,16.0,67.0
2026-02-11,18.76,17.83,19.49,60.21,57.11,63.13,22.0,69.0
2026-02-12,18.78,17.84,19.51,60.24,57.17,63.15,,
2026-02-13,18.8,17.86,19.53,60.28,57.27,63.16,,
2026-02-14,18.82,17.87,19.56,60.31,57.3,63.18,,
2026-02-15,18.84,17.89,19.58,60.35,57.36,63.19,,
2026-02-16,18.86,17.91,19.6,60.38,57.43,63.2,,
2026-02-17,18.88,17.92,19.63,60.42,57.49,63.22,,
2026-02-18,18.9,17.94,19.66,60.46,57.53,63.23,,
2026-02-19,18.92,17.95,19.69,60.5,57.58,63.24,,
2026-02-20,18.94,17.97,19.71,60.55,57.62,63.27,,
2026-02-21,18.96,17.98,19.73,60.59,57.66,63.29,,
2026-02-22,18.98,18.0,19.76,60.63,57.71,63.3,,
2026-02-23,19.0,18.01,19.79,60.68,57.77,63.3,,
2026-02-24,19.02,18.02,19.79,60.73,57.84,63.3,,
2026-02-25,19.04,18.04,19.84,60.77,57.97,63.31,,
2026-02-26,19.06,18.06,19.85,60.82,58.08,63.32,,
2026-02-27,19.08,18.08,19.85,60.87,58.22,63.33,15.0,64.0
2026-02-28,19.1,18.09,19.88,60.92,58.34,63.34,,
2026-03-01,19.12,18.11,19.92,60.98,58.4,63.36,,
2026-03-02,19.14,18.13,19.95,61.03,58.44,63.41,,
2026-03-03,19.16,18.15,19.99,61.08,58.46,63.47,,
2026-03-04,19.18,18.17,20.02,61.14,58.48,63.54,,
2026-03-05,19.2,18.19,20.02,61.2,58.52,63.6,27.0,52.0
2026-03-06,19.22,18.22,20.06,61.25,58.63,63.66,18.0,60.0
2026-03-07,19.24,18.25,20.07,61.31,58.75,63.72,,
2026-03-08,19.26,18.28,20.1,61.37,58.89,63.79,,
2026-03-09,19.27,18.3,20.14,61.43,59.04,63.86,,
2026-03-10,19.29,18.31,20.18,61.49,59.18,63.92,,
2026-03-11,19.31,18.33,20.2,61.55,59.28,63.97,19.0,72.0
2026-03-12,19.33,18.35,20.21,61.61,59.31,64.03,,
2026-03-13,19.35,18.38,20.23,61.67,59.42,64.09,,
2026-03-14,19.37,18.4,20.26,61.73,59.56,64.15,,
2026-03-15,19.39,18.42,20.28,61.79,59.65,64.2,,
2026-03-16,19.4,18.43,20.29,61.84,59.75,64.25,,
2026-03-17,19.42,18.44,20.31,61.9,59.82,64.29,,
2026-03-18,19.44,18.46,20.32,61.96,59.87,64.29,,
2026-03-19,19.45,18.48,20.35,62.02,59.92,64.31,22.0,70.0
2026-03-20,19.47,18.5,20.39,62.07,59.95,64.39,20.0,58.0
2026-03-21,19.48,18.52,20.42,62.13,60.03,64.48,,
2026-03-22,19.5,18.54,20.46,62.18,60.11,64.5,,
2026-03-23,19.51,18.56,20.49,62.24,60.19,64.57,22.0,70.0
2026-03-24,19.52,18.57,20.53,62.29,60.27,64.64,,
2026-03-25,19.54,18.6,20.57,62.34,60.34,64.68,,
2026-03-26,19.55,18.61,20.61,62.39,60.41,64.72,17.0,63.0
2026-03-27,19.56,18.62,20.63,62.44,60.47,64.75,,
2026-03-28,19.57,18.63,20.64,62.48,60.53,64.76,,
2026-03-29,19.58,18.63,20.64,62.53,60.59,64.78,,
2026-03-30,19.59,18.61,20.63,62.58,60.65,64.85,,
2026-03-31,19.6,18.59,20.62,62.62,60.71,64.88,,
2026-04-01,19.61,18.62,20.61,62.67,60.77,64.91,,
2026-04-02,19.62,18.64,20.6,62.71,60.83,64.94,,
2026-04-03,19.63,18.67,20.59,62.76,60.9,64.97,,
2026-04-04,19.64,18.68,20.6,62.8,60.96,64.98,,
2026-04-05,19.65,18.69,20.62,62.84,61.03,65.0,,
2026-04-06,19.66,18.69,20.63,62.89,61.09,65.02,,
2026-04-07,19.67,18.69,20.65,62.93,61.12,65.01,,
2026-04-08,19.68,18.69,20.66,62.97,61.13,64.98,,
2026-04-09,19.69,18.7,20.68,63.01,61.16,64.96,,
2026-04-10,19.7,18.71,20.69,63.05,61.19,64.94,,
2026-04-11,19.71,18.71,20.71,63.08,61.26,64.95,,
2026-04-12,19.72,18.71,20.72,63.12,61.33,64.99,,
2026-04-13,19.73,18.7,20.73,63.15,61.37,65.03,18.0,61.0
2026-04-14,19.73,18.71,20.75,63.19,61.43,65.08,,
2026-04-15,19.74,18.72,20.77,63.22,61.51,65.12,,
2026-04-16,19.75,18.74,20.79,63.24,61.57,65.16,,
2026-04-17,19.75,18.75,20.8,63.27,61.6,65.2,,
2026-04-18,19.76,18.75,20.81,63.29,61.63,65.24,,
2026-04-19,19.76,18.76,20.81,63.31,61.66,65.28,,
2026-04-20,19.76,18.78,20.81,63.33,61.69,65.24,,
2026-04-21,19.77,18.8,20.85,63.35,61.7,65.29,24.0,69.0
2026-04-22,19.77,18.81,20.85,63.36,61.73,65.27,,
2026-04-23,19.77,18.82,20.81,63.38,61.76,65.27,,
2026-04-24,19.77,18.82,20.78,63.39,61.78,65.28,18.0,62.0
2026-04-25,19.76,18.83,20.79,63.39,61.79,65.3,,
2026-04-26,19.76,18.83,20.78,63.4,61.78,65.31,,
2026-04-27,19.76,18.83,20.78,63.41,61.77,65.33,,
2026-04-28,19.75,18.84,20.78,63.41,61.79,65.29,,
2026-04-29,19.75,18.85,20.76,63.41,61.82,65.23,,
2026-04-30,19.74,18.86,20.76,63.41,61.84,65.24,,
2026-05-01,19.74,18.86,20.75,63.41,61.86,65.26,18.0,62.0
2026-05-02,19.73,18.84,20.75,63.41,61.89,65.28,,
2026-05-03,19.72,18.83,20.73,63.4,61.91,65.2,,
2026-05-04,19.72,18.82,20.71,63.39,61.91,65.14,,
2026-05-05,19.71,18.82,20.68,63.37,61.89,65.16,,
2026-05-06,19.71,18.8,20.67,63.35,61.87,65.12,,
2026-05-07,19.7,18.8,20.68,63.33,61.88,65.14,,
2026-05-08,19.7,18.8,20.7,63.3,61.89,65.08,18.0,61.0
2026-05-09,19.69,18.8,20.73,63.27,61.89,65.02,,
2026-05-10,19.69,18.81,20.76,63.24,61.79,64.94,,
2026-05-11,19.69,18.81,20.79,63.2,61.68,64.85,,
2026-05-12,19.69,18.82,20.78,63.16,61.63,64.79,,
2026-05-13,19.69,18.83,20.76,63.12,61.56,64.72,23.0,69.0
2026-05-14,19.69,18.84,20.77,63.07,61.52,64.68,,
2026-05-15,19.7,18.83,20.78,63.02,61.49,64.67,,
2026-05-16,19.7,18.86,20.79,62.97,61.42,64.6,,
2026-05-17,19.71,18.89,20.8,62.92,61.36,64.5,,
2026-05-18,19.72,18.91,20.81,62.87,61.27,64.41,,
2026-05-19,19.72,18.92,20.82,62.81,61.2,64.34,,
2026-05-20,19.74,18.91,20.83,62.76,61.18,64.24,,
2026-05-21,19.75,18.92,20.83,62.7,61.17,64.14,,
2026-05-22,19.76,18.94,20.84,62.65,61.15,64.06,18.0,61.0
2026-05-23,19.77,18.95,20.84,62.59,61.09,64.0,,
2026-05-24,19.79,18.96,20.84,62.54,61.03,64.01,,
2026-05-25,19.8,18.96,20.84,62.48,60.91,63.99,,
2026-05-26,19.82,18.96,20.87,62.43,60.81,63.91,,
2026-05-27,19.84,18.98,20.87,62.38,60.7,63.84,,
2026-05-28,19.85,19.0,20.86,62.34,60.61,63.77,,
2026-05-29,19.87,19.0,20.86,62.29,60.54,63.69,,
2026-05-30,19.89,18.99,20.86,62.24,60.5,63.65,,
2026-05-31,19.91,19.01,20.88,62.2,60.46,63.64,,
2026-06-01,19.93,19.03,20.92,62.16,60.41,63.58,,
2026-06-02,19.94,19.04,20.95,62.11,60.38,63.54,,
2026-06-03,19.96,19.04,20.97,62.07,60.35,63.47,,
2026-06-04,19.98,19.03,21.0,62.03,60.32,63.41,,
2026-06-05,20.0,19.03,21.02,62.0,60.29,63.35,,
2026-06-06,20.02,19.04,21.0,61.96,60.24,63.29,,
2026-06-07,20.04,19.04,20.99,61.92,60.16,63.26,,
2026-06-08,20.05,19.03,20.98,61.89,60.14,63.25,,
2026-06-09,20.07,19.04,20.96,61.85,60.13,63.24,,
2026-06-10,20.09,19.04,21.0,61.82,60.13,63.21,,
2026-06-11,20.11,19.03,20.99,61.78,60.13,63.2,,
2026-06-12,20.12,19.05,20.98,61.75,60.1,63.18,,
2026-06-13,20.14,19.06,21.05,61.72,60.09,63.17,,
2026-06-14,20.15,19.07,21.13,61.69,60.07,63.16,,
2026-06-15,20.17,19.08,21.18,61.65,59.99,63.15,,
2026-06-16,20.19,19.09,21.21,61.62,59.98,63.11,,
2026-06-17,20.2,19.08,21.24,61.59,59.9,63.05,,
2026-06-18,20.22,19.08,21.25,61.56,59.83,63.05,,
2026-06-19,20.23,19.08,21.29,61.53,59.76,63.05,19.0,61.0
2026-06-20,20.25,19.09,21.33,61.49,59.75,63.05,,
2026-06-21,20.26,19.08,21.36,61.46,59.72,63.05,,
2026-06-22,20.28,19.06,21.38,61.43,59.65,63.04,22.0,67.0
2026-06-23,20.29,19.05,21.41,61.4,59.59,63.01,,
2026-06-24,20.31,19.03,21.43,61.37,59.52,62.98,,
2026-06-25,20.32,19.03,21.45,61.34,59.46,62.97,,
2026-06-26,20.34,19.02,21.48,61.31,59.39,62.97,19.0,60.0
2026-06-27,20.35,19.02,21.51,61.29,59.32,62.97,,
2026-06-28,20.36,19.02,21.56,61.26,59.29,62.98,,
2026-06-29,20.38,18.99,21.57,61.23,59.26,62.98,,
2026-06-30,20.39,18.97,21.62,61.2,59.24,62.99,,
2026-07-01,20.4,18.97,21.67,61.18,59.21,62.99,,
2026-07-02,20.41,18.98,21.69,61.15,59.19,63.0,,
2026-07-03,20.43,18.98,21.74,61.13,59.18,63.01,17.0,60.0
2026-07-04,20.44,18.98,21.77,61.1,59.17,63.0,,
2026-07-05,20.45,18.97,21.8,61.08,59.13,62.99,,
2026-07-06,20.46,18.96,21.83,61.06,59.11,62.98,,
2026-07-07,20.47,18.95,21.85,61.04,59.09,62.97,,
2026-07-08,20.48,18.96,21.87,61.02,59.07,62.96,,
2026-07-09,20.49,18.97,21.87,61.0,59.05,62.96,,
2026-07-10,20.5,18.98,21.9,60.97,59.04,62.96,17.0,62.0
2026-07-11,20.51,19.0,21.93,60.95,59.02,62.96,,
2026-07-12,20.52,19.01,21.95,60.93,58.99,62.96,,
2026-07-13,20.53,19.03,21.96,60.91,58.98,62.96,19.0,63.0
2026-07-14,20.54,19.04,21.97,60.89,58.96,62.96,22.5,55.5
2026-07-15,20.55,19.03,21.98,60.87,58.95,62.96,,
2026-07-16,20.56,19.03,21.99,60.85,58.93,62.95,,
2026-07-17,20.56,19.02,21.99,60.84,58.92,62.94,20.0,58.0
2026-07-18,20.57,19.02,22.0,60.82,58.9,62.93,,
2026-07-19,20.58,19.03,22.02,60.8,58.88,62.92,,
2026-07-20,20.59,19.04,22.03,60.78,58.87,62.92,28.0,66.0