date,Con,Con (low),Con (high),Lab,Lab (low),Lab (high),LDem,LDem (low),LDem (high),Grn,Grn (low),Grn (high),PC,PC (low),PC (high),Reform,Reform (low),Reform (high),Con (poll),Lab (poll),LDem (poll),Grn (poll),PC (poll),Reform (poll)
2019-12-12,38.33,36.5,41.71,37.38,29.91,40.35,5.3,3.82,5.84,1.56,1.16,2.69,12.0,10.19,15.94,4.61,3.1,5.38,36.0,41.0,6.0,1.0,10.0,5.0
2019-12-13,38.49,36.57,41.74,37.09,29.97,40.23,5.23,3.8,5.82,1.62,1.18,2.8,12.14,10.22,15.81,4.59,3.12,5.41,,,,,,
2019-12-14,38.63,36.65,41.75,36.82,30.03,40.1,5.18,3.8,5.8,1.69,1.2,2.92,12.27,10.25,15.72,4.58,3.15,5.44,,,,,,
2019-12-15,38.77,36.73,41.75,36.56,30.08,39.95,5.12,3.82,5.76,1.75,1.22,3.03,12.39,10.27,15.72,4.58,3.17,5.46,,,,,,
2019-12-16,38.89,36.81,41.66,36.32,30.06,39.8,5.08,3.86,5.74,1.81,1.25,3.13,12.49,10.3,15.74,4.57,3.19,5.48,,,,,,
2019-12-17,39.0,36.88,41.66,36.09,30.03,39.65,5.03,3.85,5.72,1.87,1.27,3.22,12.59,10.32,15.77,4.56,3.22,5.5,,,,,,
2019-12-18,39.11,36.94,41.65,35.87,30.05,39.48,5.0,3.84,5.72,1.93,1.29,3.32,12.67,10.35,15.78,4.56,3.24,5.52,,,,,,
2019-12-19,39.2,37.01,41.64,35.66,30.06,39.3,4.97,3.83,5.71,1.99,1.31,3.4,12.75,10.37,15.79,4.56,3.28,5.54,,,,,,
2019-12-20,39.29,37.08,41.64,35.47,30.14,39.13,4.95,3.85,5.7,2.04,1.34,3.47,12.82,10.39,15.78,4.56,3.3,5.55,,,,,,
2019-12-21,39.37,37.13,41.63,35.28,30.07,38.95,4.93,3.85,5.72,2.09,1.37,3.5,12.88,10.42,15.78,4.56,3.33,5.56,,,,,,
2019-12-22,39.44,37.19,41.61,35.11,30.04,38.8,4.92,3.88,5.71,2.14,1.39,3.53,12.93,10.45,15.76,4.56,3.36,5.57,,,,,,
2019-12-23,39.51,37.29,41.59,34.94,30.09,38.64,4.91,3.84,5.74,2.19,1.42,3.56,12.98,10.51,15.77,4.56,3.4,5.58,,,,,,
2019-12-24,39.57,37.43,41.58,34.78,30.04,38.41,4.91,3.82,5.76,2.23,1.44,3.64,13.02,10.57,15.77,4.56,3.42,5.59,,,,,,
2019-12-25,39.62,37.49,41.58,34.63,29.98,38.28,4.91,3.85,5.77,2.27,1.46,3.7,13.06,10.62,15.77,4.57,3.44,5.59,,,,,,
2019-12-26,39.67,37.56,41.57,34.49,29.92,38.18,4.91,3.84,5.79,2.31,1.48,3.73,13.1,10.65,15.76,4.57,3.45,5.61,,,,,,
2019-12-27,39.72,37.62,41.58,34.36,29.86,38.08,4.92,3.82,5.84,2.35,1.49,3.76,13.13,10.68,15.82,4.57,3.47,5.63,,,,,,
2019-12-28,39.77,37.7,41.57,34.23,29.81,37.98,4.92,3.81,5.89,2.38,1.5,3.78,13.16,10.7,15.8,4.58,3.48,5.63,,,,,,
2019-12-29,39.81,37.78,41.56,34.11,29.76,37.87,4.93,3.81,5.92,2.41,1.51,3.8,13.18,10.73,15.73,4.58,3.52,5.64,,,,,,
2019-12-30,39.85,37.89,41.55,33.99,29.72,37.78,4.94,3.8,5.97,2.44,1.53,3.83,13.21,10.76,15.71,4.58,3.54,5.64,,,,,,
2019-12-31,39.88,37.98,41.55,33.88,29.65,37.73,4.95,3.79,6.01,2.47,1.54,3.86,13.23,10.8,15.69,4.59,3.54,5.64,,,,,,
2020-01-01,39.92,37.99,41.53,33.77,29.57,37.67,4.96,3.78,6.07,2.5,1.55,3.89,13.25,10.84,15.67,4.59,3.54,5.64,,,,,,
2020-01-02,39.95,38.02,41.51,33.67,29.48,37.6,4.97,3.77,6.12,2.52,1.56,3.92,13.27,10.89,15.61,4.59,3.54,5.65,,,,,,
2020-01-03,39.98,38.06,41.5,33.57,29.4,37.53,4.98,3.76,6.17,2.55,1.57,3.94,13.28,10.94,15.56,4.59,3.55,5.67,,,,,,
2020-01-04,40.01,38.1,41.48,33.48,29.34,37.46,4.99,3.75,6.22,2.57,1.58,3.97,13.3,10.96,15.52,4.6,3.56,5.69,,,,,,
2020-01-05,40.04,38.13,41.48,33.38,29.3,37.39,5.01,3.75,6.28,2.59,1.6,3.98,13.32,10.98,15.49,4.6,3.56,5.7,,,,,,
2020-01-06,40.07,38.17,41.48,33.29,29.27,37.33,5.02,3.75,6.32,2.62,1.61,4.0,13.33,11.0,15.46,4.6,3.56,5.72,,,,,,
2020-01-07,40.1,38.23,41.47,33.21,29.24,37.26,5.03,3.74,6.37,2.64,1.62,4.04,13.35,11.02,15.44,4.61,3.57,5.74,,,,,,
2020-01-08,40.13,38.29,41.47,33.12,29.21,37.2,5.04,3.73,6.41,2.66,1.64,4.11,13.36,11.04,15.47,4.61,3.58,5.75,,,,,,
2020-01-09,40.16,38.35,41.46,33.03,29.14,37.13,5.05,3.73,6.46,2.68,1.65,4.17,13.38,11.06,15.51,4.61,3.59,5.75,,,,,,
2020-01-10,40.18,38.41,41.46,32.95,29.01,37.07,5.07,3.72,6.5,2.69,1.65,4.18,13.39,11.08,15.54,4.61,3.6,5.76,,,,,,
2020-01-11,40.21,38.48,41.45,32.87,28.87,37.0,5.08,3.71,6.54,2.71,1.67,4.19,13.41,11.08,15.56,4.61,3.61,5.77,,,,,,
2020-01-12,40.24,38.52,41.45,32.79,28.8,36.94,5.09,3.71,6.57,2.73,1.68,4.19,13.43,11.07,15.57,4.61,3.61,5.76,,,,,,
2020-01-13,40.27,38.56,41.45,32.71,28.8,36.87,5.1,3.7,6.61,2.75,1.7,4.23,13.44,11.07,15.62,4.62,3.59,5.75,,,,,,
2020-01-14,40.29,38.61,41.45,32.63,28.8,36.81,5.11,3.69,6.64,2.76,1.71,4.28,13.46,11.06,15.62,4.62,3.59,5.74,,,,,,
2020-01-15,40.32,38.65,41.46,32.56,28.8,36.75,5.12,3.69,6.68,2.78,1.72,4.33,13.47,11.05,15.63,4.62,3.59,5.73,,,,,,
2020-01-16,40.35,38.69,41.48,32.48,28.82,36.69,5.13,3.68,6.71,2.8,1.74,4.38,13.49,11.07,15.64,4.62,3.6,5.73,,,,,,
2020-01-17,40.38,38.74,41.48,32.41,28.84,36.63,5.14,3.68,6.74,2.81,1.75,4.42,13.51,11.08,15.65,4.62,3.6,5.72,,,,,,
2020-01-18,40.4,38.78,41.47,32.33,28.76,36.57,5.14,3.68,6.76,2.83,1.76,4.45,13.52,11.1,15.68,4.62,3.6,5.71,,,,,,
2020-01-19,40.43,38.83,41.46,32.26,28.73,36.5,5.15,3.68,6.79,2.84,1.78,4.46,13.54,11.11,15.73,4.62,3.59,5.71,,,,,,
2020-01-20,40.46,38.88,41.49,32.19,28.69,36.46,5.16,3.67,6.81,2.86,1.79,4.46,13.56,11.1,15.78,4.62,3.55,5.7,,,,,,
2020-01-21,40.49,38.94,41.52,32.12,28.68,36.41,5.17,3.67,6.83,2.87,1.81,4.47,13.58,11.11,15.86,4.62,3.52,5.7,41.0,36.0,5.0,2.0,13.0,3.0
2020-01-22,40.51,38.98,41.53,32.05,28.67,36.34,5.17,3.67,6.85,2.88,1.82,4.49,13.6,11.11,15.86,4.62,3.48,5.69,,,,,,
2020-01-23,40.54,39.01,41.54,31.98,28.57,36.27,5.18,3.67,6.87,2.9,1.84,4.49,13.61,11.11,15.86,4.61,3.44,5.69,,,,,,
2020-01-24,40.57,39.01,41.55,31.92,28.46,36.19,5.18,3.67,6.89,2.91,1.85,4.49,13.63,11.12,15.88,4.61,3.4,5.68,,,,,,
2020-01-25,40.59,39.0,41.57,31.86,28.42,36.11,5.19,3.67,6.9,2.92,1.87,4.5,13.65,11.11,15.93,4.61,3.36,5.68,,,,,,
2020-01-26,40.62,39.03,41.59,31.8,28.27,36.05,5.19,3.67,6.92,2.93,1.89,4.5,13.67,11.12,15.99,4.61,3.32,5.69,42.0,29.5,4.0,2.0,16.5,5.0
2020-01-27,40.64,39.06,41.62,31.74,28.21,36.04,5.19,3.67,6.93,2.94,1.9,4.5,13.69,11.12,16.02,4.61,3.29,5.69,,,,,,
2020-01-28,40.67,39.08,41.64,31.68,28.16,36.02,5.19,3.66,6.95,2.95,1.91,4.5,13.7,11.13,16.09,4.61,3.25,5.68,,,,,,
2020-01-29,40.69,39.1,41.67,31.63,28.13,36.01,5.2,3.63,6.96,2.96,1.93,4.5,13.72,11.13,16.15,4.61,3.21,5.68,,,,,,
2020-01-30,40.71,39.1,41.7,31.59,28.08,35.99,5.2,3.6,6.97,2.97,1.94,4.51,13.73,11.12,16.22,4.61,3.17,5.68,,,,,,
2020-01-31,40.73,39.11,41.74,31.54,27.87,35.95,5.2,3.59,6.98,2.98,1.95,4.51,13.75,11.13,16.28,4.61,3.14,5.68,,,,,,
2020-02-01,40.74,39.12,41.76,31.5,27.68,35.92,5.2,3.58,6.99,2.98,1.96,4.51,13.76,11.13,16.33,4.61,3.11,5.68,,,,,,
2020-02-02,40.76,39.15,41.76,31.47,27.56,36.0,5.2,3.59,7.02,2.99,1.97,4.52,13.77,11.17,16.37,4.61,3.08,5.68,38.0,35.0,3.0,7.0,10.0,5.0
2020-02-03,40.77,39.16,41.82,31.44,27.4,36.0,5.2,3.58,7.03,3.0,1.98,4.52,13.77,11.17,16.4,4.61,3.06,5.68,,,,,,
2020-02-04,40.77,39.16,41.88,31.42,27.3,36.01,5.21,3.57,7.03,3.0,1.99,4.53,13.78,11.17,16.42,4.61,3.04,5.69,,,,,,
2020-02-05,40.78,39.16,41.93,31.4,27.27,36.01,5.21,3.56,7.04,3.01,1.99,4.54,13.78,11.17,16.43,4.61,3.04,5.68,,,,,,
2020-02-06,40.79,39.16,41.96,31.39,27.33,36.02,5.21,3.55,7.04,3.02,2.0,4.56,13.78,11.16,16.42,4.62,3.04,5.69,,,,,,
2020-02-07,40.79,39.23,41.99,31.38,27.47,36.02,5.2,3.55,7.04,3.02,2.0,4.58,13.77,11.16,16.4,4.62,3.06,5.69,,,,,,
2020-02-08,40.79,39.23,42.01,31.39,27.72,36.03,5.2,3.54,7.04,3.03,2.0,4.59,13.76,11.15,16.34,4.63,3.09,5.7,,,,,,
2020-02-09,40.8,39.23,42.02,31.4,27.95,36.04,5.2,3.53,7.04,3.03,2.0,4.6,13.74,11.15,16.25,4.64,3.12,5.71,,,,,,
2020-02-10,40.81,39.23,42.03,31.41,28.03,36.05,5.19,3.51,7.02,3.03,2.0,4.61,13.72,11.14,16.13,4.64,3.17,5.71,41.0,27.0,10.0,2.0,13.0,5.0
2020-02-11,40.83,39.23,42.03,31.44,28.05,36.06,5.18,3.52,7.02,3.04,2.0,4.61,13.69,11.13,16.07,4.65,3.23,5.72,,,,,,
2020-02-12,40.85,39.25,42.05,31.46,28.02,36.08,5.17,3.51,7.0,3.04,2.0,4.61,13.66,11.12,16.03,4.66,3.28,5.73,,,,,,
2020-02-13,40.88,39.27,42.06,31.5,28.01,36.11,5.16,3.5,6.96,3.04,2.0,4.62,13.62,11.11,15.93,4.66,3.34,5.74,,,,,,
2020-02-14,40.91,39.36,42.08,31.54,28.0,36.16,5.14,3.49,6.86,3.04,2.0,4.63,13.58,11.1,15.91,4.67,3.39,5.75,,,,,,
2020-02-15,40.95,39.44,42.11,31.58,27.98,36.23,5.12,3.46,6.83,3.04,2.0,4.64,13.53,11.09,15.8,4.68,3.43,5.72,,,,,,
2020-02-16,40.99,39.49,42.17,31.64,28.24,36.28,5.1,3.43,6.82,3.04,2.0,4.65,13.48,11.08,15.63,4.68,3.47,5.72,,,,,,
2020-02-17,41.04,39.57,42.31,31.69,28.42,36.31,5.08,3.31,6.8,3.03,2.0,4.66,13.42,11.07,15.45,4.69,3.5,5.73,,,,,,
2020-02-18,41.1,39.68,42.46,31.75,28.57,36.32,5.06,3.17,6.82,3.03,2.0,4.66,13.35,11.03,15.31,4.69,3.52,5.72,,,,,,
2020-02-19,41.16,39.72,42.57,31.82,28.79,36.33,5.03,3.11,6.81,3.03,2.0,4.67,13.28,10.96,15.27,4.7,3.58,5.72,,,,,,
2020-02-20,41.22,39.79,42.67,31.89,28.9,36.33,5.0,3.13,6.8,3.02,2.0,4.67,13.21,10.93,15.13,4.7,3.63,5.7,,,,,,
2020-02-21,41.29,39.85,42.81,31.97,29.01,36.35,4.97,3.15,6.81,3.02,2.0,4.58,13.14,10.85,14.97,4.7,3.64,5.69,,,,,,
2020-02-22,41.37,39.92,42.92,32.05,29.11,36.41,4.94,3.11,6.79,3.01,2.0,4.58,13.06,10.83,14.88,4.7,3.64,5.74,,,,,,
2020-02-23,41.45,39.99,43.04,32.14,29.4,36.47,4.91,3.05,6.66,3.0,2.0,4.57,12.98,10.82,14.82,4.69,3.65,5.73,,,,,,
2020-02-24,41.53,39.97,43.18,32.23,29.53,36.54,4.88,3.0,6.62,2.99,2.0,4.56,12.89,10.81,14.72,4.69,3.64,5.63,,,,,,
2020-02-25,41.61,40.02,43.3,32.33,29.56,36.55,4.84,2.94,6.57,2.98,2.0,4.55,12.8,10.76,14.6,4.68,3.65,5.6,,,,,,
2020-02-26,41.7,40.13,43.34,32.43,29.59,36.53,4.8,2.93,6.51,2.97,2.0,4.54,12.72,10.73,14.51,4.67,3.64,5.57,,,,,,
2020-02-27,41.79,40.15,43.41,32.54,29.63,36.58,4.76,2.84,6.46,2.96,2.0,4.53,12.62,10.68,14.4,4.66,3.6,5.58,,,,,,
2020-02-28,41.88,40.17,43.51,32.66,29.67,36.62,4.72,2.79,6.35,2.95,2.0,4.52,12.53,10.64,14.27,4.64,3.59,5.56,,,,,,
2020-02-29,41.97,40.25,43.57,32.79,29.73,36.66,4.68,2.74,6.31,2.93,2.0,4.49,12.43,10.6,14.13,4.62,3.59,5.55,,,,,,
2020-03-01,42.06,40.29,43.62,32.92,29.89,36.73,4.64,2.69,6.27,2.92,2.0,4.41,12.34,10.56,14.01,4.6,3.61,5.51,,,,,,
2020-03-02,42.16,40.33,43.66,33.06,30.08,36.81,4.59,2.64,6.2,2.9,2.0,4.33,12.24,10.53,13.92,4.58,3.61,5.48,,,,,,
2020-03-03,42.25,40.39,43.72,33.21,30.28,36.89,4.54,2.6,6.17,2.89,2.0,4.32,12.14,10.52,13.83,4.55,3.59,5.45,,,,,,
2020-03-04,42.34,40.46,43.76,33.36,30.5,36.98,4.5,2.58,6.11,2.87,2.0,4.34,12.04,10.48,13.7,4.52,3.56,5.44,,,,,,
2020-03-05,42.44,40.55,43.8,33.52,30.75,37.06,4.45,2.55,6.05,2.85,2.0,4.37,11.94,10.44,13.56,4.48,3.52,5.42,,,,,,
2020-03-06,42.53,40.64,43.87,33.69,31.04,37.12,4.4,2.52,6.0,2.83,2.0,4.36,11.84,10.44,13.42,4.45,3.46,5.42,,,,,,
2020-03-07,42.62,40.72,43.88,33.86,31.14,37.19,4.35,2.5,5.97,2.81,2.0,4.32,11.74,10.45,13.27,4.41,3.38,5.42,,,,,,
2020-03-08,42.71,40.72,43.95,34.03,31.31,37.26,4.3,2.47,5.91,2.79,2.0,4.28,11.64,10.44,13.08,4.37,3.32,5.42,,,,,,
2020-03-09,42.79,40.78,44.04,34.21,31.44,37.3,4.25,2.46,5.88,2.76,2.0,4.21,11.55,10.4,12.88,4.33,3.29,5.46,,,,,,
2020-03-10,42.88,40.86,44.07,34.39,31.57,37.35,4.19,2.42,5.85,2.74,2.0,4.12,11.46,10.36,12.7,4.28,3.24,5.48,,,,,,
2020-03-11,42.96,40.9,44.12,34.56,31.72,37.39,4.14,2.39,5.82,2.71,2.0,4.03,11.37,10.35,12.6,4.23,3.16,5.43,,,,,,
2020-03-12,43.04,41.0,44.18,34.74,31.99,37.5,4.09,2.36,5.71,2.68,2.0,3.94,11.29,10.28,12.45,4.18,3.11,5.44,,,,,,
2020-03-13,43.12,41.11,44.22,34.91,32.25,37.67,4.04,2.34,5.61,2.65,2.0,3.83,11.22,10.29,12.31,4.13,3.05,5.45,,,,,,
2020-03-14,43.2,41.22,44.27,35.08,32.53,37.67,4.0,2.32,5.58,2.62,2.0,3.75,11.15,10.25,12.2,4.08,2.96,5.46,,,,,,
2020-03-15,43.27,41.29,44.31,35.24,32.79,37.79,3.95,2.32,5.49,2.59,2.0,3.71,11.1,10.23,12.06,4.02,2.91,5.47,,,,,,
2020-03-16,43.34,41.38,44.37,35.39,33.05,37.9,3.9,2.35,5.44,2.56,2.0,3.66,11.05,10.16,11.96,3.97,2.85,5.47,,,,,,
2020-03-17,43.41,41.47,44.46,35.53,33.33,38.03,3.86,2.39,5.38,2.53,2.0,3.54,11.0,10.11,11.87,3.91,2.75,5.44,,,,,,
2020-03-18,43.47,41.53,44.55,35.66,33.65,38.27,3.82,2.39,5.3,2.49,2.0,3.4,10.97,10.08,11.81,3.86,2.63,5.39,,,,,,
2020-03-19,43.52,41.64,44.62,35.79,33.78,38.35,3.78,2.39,5.23,2.46,2.0,3.3,10.95,10.06,11.77,3.81,2.59,5.33,,,,,,
2020-03-20,43.58,41.76,44.67,35.9,33.88,38.36,3.75,2.39,5.14,2.43,2.0,3.2,10.93,10.04,11.74,3.76,2.58,5.27,,,,,,
2020-03-21,43.63,41.87,44.72,35.99,33.97,38.36,3.71,2.38,5.08,2.4,2.0,3.1,10.92,10.02,11.74,3.71,2.51,5.23,,,,,,
2020-03-22,43.67,41.9,44.76,36.08,34.08,38.4,3.68,2.4,5.01,2.38,2.0,3.01,10.92,10.01,11.73,3.66,2.48,5.2,,,,,,
2020-03-23,43.7,42.05,44.77,36.15,34.21,38.51,3.66,2.4,4.92,2.36,2.0,2.96,10.93,10.01,11.76,3.62,2.44,5.16,,,,,,
2020-03-24,43.74,42.14,44.77,36.21,34.29,38.55,3.63,2.38,4.82,2.35,2.01,2.84,10.94,10.03,11.8,3.58,2.38,5.11,,,,,,
2020-03-25,43.76,42.17,44.78,36.27,34.32,38.57,3.6,2.38,4.72,2.35,2.02,2.8,10.95,10.02,11.85,3.54,2.32,5.04,,,,,,
2020-03-26,43.78,42.24,44.84,36.31,34.31,38.58,3.58,2.39,4.66,2.35,2.03,2.78,10.97,10.0,11.89,3.5,2.3,4.99,,,,,,
2020-03-27,43.79,42.32,44.89,36.34,34.34,38.59,3.56,2.35,4.61,2.37,2.02,2.84,10.99,10.01,11.94,3.46,2.28,4.97,,,,,,
2020-03-28,43.8,42.37,44.93,36.37,34.36,38.6,3.54,2.36,4.59,2.39,2.01,2.96,11.0,10.02,11.99,3.42,2.26,4.94,,,,,,
2020-03-29,43.81,42.4,44.96,36.39,34.38,38.62,3.53,2.36,4.53,2.42,2.01,3.12,11.03,10.03,12.02,3.39,2.23,4.89,,,,,,
2020-03-30,43.8,42.39,44.98,36.41,34.4,38.59,3.51,2.37,4.49,2.46,2.0,3.28,11.05,10.05,12.04,3.35,2.21,4.83,,,,,,
2020-03-31,43.79,42.41,44.97,36.42,34.37,38.64,3.5,2.35,4.46,2.5,2.0,3.46,11.07,10.07,12.05,3.32,2.18,4.81,,,,,,
2020-04-01,43.77,42.43,44.94,36.43,34.34,38.7,3.49,2.31,4.4,2.55,2.0,3.63,11.1,10.08,12.09,3.29,2.18,4.79,,,,,,
2020-04-02,43.75,42.41,44.93,36.43,34.36,38.75,3.49,2.28,4.38,2.6,2.0,3.78,11.12,10.1,12.14,3.26,2.15,4.78,43.0,40.0,1.0,,9.0,7.0
2020-04-03,43.71,42.32,44.92,36.43,34.35,38.79,3.48,2.28,4.38,2.65,2.01,3.92,11.15,10.12,12.18,3.24,2.15,4.77,,,,,,
2020-04-04,43.67,42.27,44.88,36.44,34.35,38.77,3.49,2.3,4.38,2.71,2.02,4.05,11.17,10.17,12.23,3.21,2.15,4.76,,,,,,
2020-04-05,43.61,42.12,44.77,36.44,34.36,38.74,3.49,2.32,4.36,2.77,2.04,4.23,11.2,10.21,12.28,3.19,2.14,4.74,46.0,34.0,4.0,2.0,11.0,3.0
2020-04-06,43.54,42.0,44.7,36.45,34.37,38.7,3.5,2.34,4.35,2.83,2.07,4.35,11.23,10.23,12.32,3.17,2.15,4.73,,,,,,
2020-04-07,43.46,41.91,44.61,36.46,34.37,38.68,3.52,2.37,4.35,2.89,2.09,4.44,11.25,10.25,12.37,3.15,2.17,4.7,46.0,34.0,4.0,2.0,11.0,3.0
2020-04-08,43.37,41.82,44.54,36.47,34.38,38.7,3.53,2.4,4.35,2.96,2.13,4.53,11.28,10.29,12.43,3.13,2.16,4.62,,,,,,
2020-04-09,43.27,41.65,44.44,36.49,34.39,38.72,3.55,2.44,4.36,3.02,2.15,4.59,11.31,10.32,12.48,3.11,2.16,4.59,,,,,,
2020-04-10,43.16,41.5,44.32,36.51,34.44,38.76,3.57,2.48,4.37,3.08,2.16,4.68,11.34,10.34,12.49,3.09,2.14,4.51,,,,,,
2020-04-11,43.04,41.34,44.2,36.54,34.44,38.77,3.6,2.53,4.37,3.13,2.19,4.79,11.36,10.37,12.53,3.08,2.13,4.42,,,,,,
2020-04-12,42.92,41.14,44.09,36.57,34.5,38.81,3.62,2.57,4.38,3.19,2.21,4.9,11.39,10.4,12.57,3.06,2.12,4.33,,,,,,
2020-04-13,42.79,40.93,43.99,36.61,34.56,38.84,3.64,2.62,4.4,3.24,2.22,5.01,11.42,10.41,12.61,3.04,2.11,4.25,,,,,,
2020-04-14,42.66,40.74,43.89,36.65,34.6,38.88,3.67,2.63,4.42,3.29,2.23,5.11,11.44,10.45,12.66,3.03,2.11,4.17,,,,,,
2020-04-15,42.53,40.58,43.79,36.69,34.64,38.9,3.69,2.68,4.43,3.34,2.22,5.2,11.47,10.43,12.7,3.01,2.12,4.12,,,,,,
2020-04-16,42.39,40.36,43.7,36.73,34.71,38.93,3.72,2.73,4.44,3.39,2.25,5.27,11.49,10.45,12.72,3.0,2.13,4.09,,,,,,
2020-04-17,42.25,40.16,43.62,36.78,34.81,38.96,3.74,2.77,4.46,3.43,2.28,5.35,11.51,10.46,12.74,2.99,2.12,4.06,42.0,38.0,3.0,3.0,12.0,2.0
2020-04-18,42.12,39.99,43.53,36.82,34.84,39.0,3.77,2.79,4.47,3.47,2.3,5.35,11.54,10.48,12.77,2.98,2.11,4.03,,,,,,
2020-04-19,41.98,39.81,43.43,36.87,34.88,39.03,3.79,2.81,4.5,3.5,2.33,5.35,11.56,10.46,12.8,2.97,2.12,4.01,,,,,,
2020-04-20,41.84,39.6,43.4,36.92,34.93,39.03,3.82,2.84,4.54,3.54,2.35,5.38,11.58,10.49,12.83,2.96,2.12,3.98,,,,,,
2020-04-21,41.71,39.44,43.35,36.96,34.97,39.09,3.84,2.88,4.56,3.57,2.37,5.41,11.61,10.5,12.86,2.95,2.12,3.93,,,,,,
2020-04-22,41.58,39.34,43.27,37.01,35.01,39.13,3.87,2.93,4.57,3.59,2.39,5.44,11.63,10.53,12.89,2.94,2.14,3.92,,,,,,
2020-04-23,41.45,39.2,43.18,37.06,35.07,39.17,3.89,2.97,4.59,3.62,2.39,5.47,11.65,10.56,12.93,2.94,2.16,3.88,,,,,,
2020-04-24,41.32,39.05,43.09,37.1,35.13,39.22,3.91,3.01,4.6,3.64,2.38,5.48,11.67,10.58,12.97,2.93,2.18,3.85,41.0,41.0,4.0,,10.0,2.0
2020-04-25,41.19,38.92,43.01,37.14,35.19,39.26,3.94,3.07,4.61,3.67,2.39,5.47,11.69,10.59,13.01,2.93,2.19,3.81,,,,,,
2020-04-26,41.07,38.78,42.92,37.19,35.25,39.23,3.96,3.12,4.62,3.68,2.41,5.43,11.72,10.59,13.04,2.93,2.19,3.78,,,,,,
2020-04-27,40.95,38.62,42.82,37.23,35.3,39.22,3.98,3.15,4.63,3.7,2.42,5.44,11.74,10.57,13.08,2.93,2.19,3.75,,,,,,
2020-04-28,40.83,38.52,42.74,37.27,35.35,39.28,4.0,3.16,4.64,3.72,2.44,5.44,11.76,10.59,13.12,2.93,2.19,3.7,,,,,,
2020-04-29,40.72,38.4,42.67,37.3,35.4,39.33,4.03,3.21,4.65,3.73,2.45,5.42,11.78,10.59,13.16,2.92,2.2,3.67,,,,,,
2020-04-30,40.6,38.28,42.61,37.34,35.45,39.36,4.05,3.25,4.66,3.75,2.46,5.42,11.8,10.59,13.19,2.92,2.2,3.65,,,,,,
2020-05-01,40.49,38.17,42.58,37.38,35.47,39.36,4.07,3.27,4.67,3.76,2.46,5.44,11.82,10.58,13.23,2.92,2.19,3.64,,,,,,
2020-05-02,40.39,38.09,42.56,37.41,35.5,39.35,4.09,3.3,4.68,3.78,2.46,5.46,11.84,10.58,13.24,2.92,2.2,3.63,,,,,,
2020-05-03,40.28,38.02,42.52,37.44,35.54,39.4,4.11,3.31,4.7,3.79,2.46,5.49,11.87,10.58,13.25,2.92,2.22,3.65,,,,,,
2020-05-04,40.17,37.94,42.5,37.48,35.58,39.45,4.13,3.32,4.71,3.8,2.46,5.51,11.89,10.58,13.26,2.92,2.23,3.61,,,,,,
2020-05-05,40.07,37.86,42.41,37.51,35.62,39.49,4.15,3.35,4.72,3.81,2.46,5.53,11.91,10.59,13.29,2.93,2.25,3.58,,,,,,
2020-05-06,39.97,37.79,42.31,37.54,35.62,39.52,4.16,3.39,4.73,3.82,2.47,5.54,11.93,10.63,13.33,2.93,2.26,3.62,46.0,30.0,6.0,2.0,15.0,2.0
2020-05-07,39.86,37.73,42.22,37.57,35.62,39.49,4.18,3.42,4.73,3.84,2.47,5.56,11.96,10.64,13.35,2.93,2.25,3.64,,,,,,
2020-05-08,39.76,37.66,42.16,37.6,35.66,39.45,4.19,3.45,4.73,3.85,2.47,5.57,11.98,10.64,13.36,2.93,2.21,3.66,,,,,,
2020-05-09,39.66,37.6,42.09,37.62,35.7,39.47,4.21,3.46,4.73,3.86,2.47,5.58,12.01,10.65,13.37,2.93,2.2,3.68,,,,,,
2020-05-10,39.56,37.54,42.01,37.65,35.74,39.52,4.22,3.46,4.72,3.88,2.47,5.58,12.03,10.68,13.38,2.94,2.2,3.64,,,,,,
2020-05-11,39.46,37.48,41.92,37.68,35.74,39.57,4.24,3.47,4.74,3.89,2.48,5.64,12.06,10.68,13.41,2.94,2.2,3.63,,,,,,
2020-05-12,39.36,37.42,41.71,37.71,35.73,39.6,4.25,3.47,4.77,3.9,2.5,5.65,12.09,10.69,13.44,2.94,2.21,3.63,,,,,,
2020-05-13,39.26,37.35,41.65,37.73,35.74,39.63,4.26,3.47,4.8,3.92,2.51,5.64,12.11,10.71,13.47,2.95,2.19,3.62,,,,,,
2020-05-14,39.16,37.28,41.59,37.76,35.73,39.63,4.27,3.46,4.79,3.93,2.53,5.64,12.14,10.73,13.5,2.95,2.16,3.62,,,,,,
2020-05-15,39.06,37.22,41.54,37.78,35.72,39.64,4.28,3.46,4.82,3.95,2.54,5.69,12.17,10.75,13.55,2.96,2.14,3.63,,,,,,
2020-05-16,38.96,37.16,41.49,37.81,35.72,39.67,4.28,3.45,4.86,3.96,2.56,5.74,12.2,10.76,13.58,2.96,2.13,3.65,,,,,,
2020-05-17,38.87,37.08,41.39,37.84,35.79,39.74,4.29,3.44,4.89,3.98,2.58,5.77,12.23,10.78,13.6,2.96,2.12,3.67,,,,,,
2020-05-18,38.77,36.98,41.27,37.86,35.82,39.73,4.29,3.43,4.9,3.99,2.59,5.78,12.26,10.81,13.63,2.97,2.09,3.67,,,,,,
2020-05-19,38.68,36.87,41.15,37.89,35.79,39.72,4.3,3.42,4.92,4.01,2.61,5.79,12.29,10.82,13.69,2.98,2.07,3.71,39.0,34.0,2.0,11.0,13.0,1.0
2020-05-20,38.59,36.82,41.09,37.91,35.75,39.72,4.3,3.41,4.91,4.02,2.62,5.8,12.32,10.84,13.73,2.98,2.04,3.75,,,,,,
2020-05-21,38.5,36.78,41.02,37.94,35.74,39.72,4.3,3.43,4.9,4.04,2.63,5.81,12.35,10.87,13.75,2.99,2.03,3.78,,,,,,
2020-05-22,38.41,36.72,40.94,37.96,35.76,39.75,4.29,3.45,4.91,4.05,2.63,5.82,12.37,10.9,13.75,3.0,2.01,3.8,,,,,,
2020-05-23,38.33,36.61,40.87,37.98,35.82,39.79,4.29,3.46,4.92,4.06,2.65,5.83,12.4,10.93,13.76,3.0,1.98,3.82,,,,,,
2020-05-24,38.25,36.51,40.73,38.01,35.81,39.87,4.29,3.45,4.93,4.07,2.66,5.83,12.43,10.94,13.82,3.01,1.96,3.84,,,,,,
2020-05-25,38.17,36.43,40.58,38.03,35.82,39.98,4.28,3.44,4.94,4.08,2.66,5.84,12.45,10.95,13.87,3.02,1.93,3.85,,,,,,
2020-05-26,38.1,36.41,40.41,38.06,35.81,40.09,4.27,3.43,4.95,4.09,2.66,5.85,12.48,10.95,13.89,3.03,1.92,3.87,36.0,42.0,5.0,2.0,12.0,4.0
2020-05-27,38.03,36.29,40.31,38.08,35.81,40.15,4.26,3.42,4.95,4.1,2.66,5.87,12.5,10.95,13.91,3.05,1.92,3.88,,,,,,
2020-05-28,37.96,36.24,40.24,38.1,35.8,40.19,4.25,3.4,4.95,4.11,2.66,5.86,12.52,10.96,13.94,3.06,1.92,3.91,,,,,,
2020-05-29,37.9,36.22,40.17,38.12,35.8,40.21,4.24,3.37,4.95,4.12,2.67,5.87,12.54,11.0,13.95,3.07,1.92,3.92,,,,,,
2020-05-30,37.84,36.21,40.1,38.14,35.79,40.25,4.23,3.34,4.94,4.12,2.67,5.86,12.56,11.03,13.96,3.09,1.92,3.93,34.0,41.5,5.5,4.5,10.5,3.0
2020-05-31,37.79,36.19,40.04,38.16,35.79,40.28,4.21,3.33,4.94,4.12,2.67,5.83,12.58,11.05,13.97,3.1,1.93,3.97,,,,,,
2020-06-01,37.74,36.14,39.96,38.18,35.81,40.31,4.2,3.29,4.93,4.13,2.68,5.79,12.59,11.05,13.97,3.11,1.94,4.01,35.0,39.0,5.0,3.0,15.0,2.0
2020-06-02,37.7,36.11,39.87,38.19,35.82,40.31,4.18,3.25,4.9,4.13,2.68,5.78,12.61,11.05,13.97,3.13,1.95,4.05,,,,,,
2020-06-03,37.65,36.09,39.81,38.21,35.83,40.3,4.17,3.22,4.88,4.13,2.69,5.76,12.62,11.05,13.96,3.14,1.96,4.1,,,,,,
2020-06-04,37.61,36.08,39.73,38.22,35.84,40.29,4.15,3.21,4.87,4.12,2.7,5.77,12.63,11.06,13.96,3.16,1.97,4.15,,,,,,
2020-06-05,37.57,36.07,39.63,38.24,35.87,40.28,4.14,3.21,4.86,4.12,2.71,5.77,12.64,11.06,13.99,3.17,1.99,4.19,,,,,,
2020-06-06,37.53,36.03,39.53,38.25,35.93,40.25,4.12,3.21,4.86,4.12,2.72,5.76,12.66,11.06,13.99,3.19,2.02,4.23,,,,,,
2020-06-07,37.49,36.02,39.43,38.26,35.98,40.23,4.1,3.2,4.85,4.12,2.73,5.75,12.67,11.07,13.99,3.21,2.05,4.25,,,,,,
2020-06-08,37.44,35.99,39.34,38.27,36.0,40.2,4.09,3.19,4.83,4.12,2.74,5.74,12.68,11.07,13.99,3.22,2.08,4.26,,,,,,
2020-06-09,37.4,35.94,39.26,38.28,36.02,40.17,4.07,3.18,4.82,4.12,2.75,5.72,12.69,11.07,14.0,3.24,2.1,4.27,,,,,,
2020-06-10,37.36,35.89,39.17,38.29,36.03,40.13,4.05,3.16,4.8,4.12,2.77,5.71,12.71,11.08,14.07,3.26,2.13,4.28,,,,,,
2020-06-11,37.31,35.86,39.08,38.3,36.08,40.09,4.03,3.14,4.8,4.13,2.79,5.69,12.72,11.09,14.11,3.28,2.15,4.31,,,,,,
2020-06-12,37.26,35.82,38.96,38.31,36.13,40.09,4.01,3.12,4.79,4.14,2.81,5.68,12.74,11.1,14.12,3.3,2.18,4.34,39.0,35.0,4.0,2.0,13.0,7.0
2020-06-13,37.21,35.74,38.81,38.31,36.18,40.09,3.99,3.09,4.75,4.15,2.81,5.68,12.75,11.11,14.12,3.31,2.2,4.36,,,,,,
2020-06-14,37.16,35.69,38.71,38.32,36.23,40.08,3.97,3.08,4.73,4.17,2.82,5.67,12.77,11.13,14.12,3.33,2.24,4.38,,,,,,
2020-06-15,37.1,35.68,38.56,38.32,36.28,40.01,3.96,3.07,4.73,4.18,2.91,5.65,12.78,11.19,14.11,3.36,2.26,4.42,,,,,,
2020-06-16,37.04,35.66,38.46,38.32,36.32,39.98,3.94,3.07,4.71,4.21,2.99,5.63,12.8,11.21,14.08,3.38,2.28,4.47,,,,,,
2020-06-17,36.99,35.6,38.45,38.32,36.37,39.95,3.92,3.07,4.69,4.23,3.04,5.65,12.83,11.22,14.1,3.4,2.28,4.51,,,,,,
2020-06-18,36.93,35.51,38.37,38.31,36.44,39.94,3.9,3.07,4.67,4.26,3.06,5.69,12.85,11.24,14.09,3.42,2.32,4.55,,,,,,
2020-06-19,36.87,35.43,38.34,38.3,36.46,39.91,3.88,3.07,4.65,4.29,3.09,5.7,12.88,11.3,14.09,3.44,2.35,4.59,,,,,,
2020-06-20,36.81,35.36,38.31,38.29,36.49,39.88,3.86,3.08,4.63,4.33,3.1,5.71,12.91,11.38,14.13,3.47,2.37,4.59,,,,,,
2020-06-21,36.75,35.27,38.29,38.27,36.5,39.86,3.85,3.09,4.61,4.37,3.15,5.75,12.94,11.47,14.16,3.49,2.4,4.59,,,,,,
2020-06-22,36.7,35.2,38.24,38.25,36.46,39.82,3.83,3.08,4.59,4.41,3.22,5.79,12.98,11.53,14.17,3.51,2.44,4.6,,,,,,
2020-06-23,36.64,35.13,38.25,38.22,36.47,39.73,3.81,3.07,4.58,4.45,3.29,5.78,13.02,11.56,14.19,3.54,2.45,4.59,,,,,,
2020-06-24,36.58,35.05,38.12,38.19,36.47,39.64,3.79,3.07,4.58,4.5,3.38,5.79,13.06,11.67,14.21,3.56,2.48,4.59,,,,,,
2020-06-25,36.52,34.97,38.15,38.15,36.47,39.54,3.78,3.06,4.57,4.54,3.42,5.91,13.11,11.75,14.31,3.59,2.52,4.59,,,,,,
2020-06-26,36.47,34.82,38.16,38.11,36.46,39.44,3.76,3.06,4.56,4.59,3.42,5.94,13.17,11.8,14.34,3.61,2.54,4.59,,,,,,
2020-06-27,36.41,34.74,38.12,38.06,36.45,39.4,3.74,3.05,4.53,4.64,3.48,5.99,13.23,11.91,14.37,3.63,2.57,4.58,,,,,,
2020-06-28,36.35,34.69,38.14,38.01,36.44,39.37,3.73,3.04,4.49,4.69,3.5,6.15,13.3,12.04,14.46,3.66,2.6,4.58,37.0,40.0,1.0,5.0,13.0,4.0
2020-06-29,36.3,34.6,38.16,37.96,36.4,39.28,3.71,3.04,4.48,4.75,3.51,6.29,13.37,12.18,14.58,3.68,2.63,4.58,,,,,,
2020-06-30,36.24,34.45,38.18,37.9,36.41,39.2,3.69,3.01,4.49,4.8,3.57,6.41,13.45,12.29,14.7,3.7,2.66,4.58,,,,,,
2020-07-01,36.18,34.22,38.14,37.83,36.39,39.2,3.67,2.99,4.46,4.86,3.56,6.35,13.53,12.42,14.79,3.72,2.69,4.59,,,,,,
2020-07-02,36.13,34.02,38.15,37.77,36.3,39.12,3.65,2.98,4.43,4.91,3.55,6.46,13.61,12.55,14.86,3.74,2.72,4.59,,,,,,
2020-07-03,36.07,33.96,38.23,37.7,36.27,39.07,3.64,2.96,4.41,4.97,3.56,6.6,13.7,12.7,14.93,3.76,2.75,4.6,,,,,,
2020-07-04,36.02,33.85,38.23,37.63,36.17,38.95,3.62,2.94,4.39,5.03,3.57,6.69,13.79,12.85,15.02,3.79,2.77,4.62,,,,,,
2020-07-05,35.96,33.73,38.18,37.55,36.13,38.83,3.6,2.94,4.38,5.08,3.6,6.76,13.88,12.97,15.06,3.81,2.8,4.66,,,,,,
2020-07-06,35.91,33.64,38.14,37.48,36.15,38.78,3.58,2.93,4.37,5.15,3.59,6.91,13.98,13.06,15.16,3.83,2.83,4.7,,,,,,
2020-07-07,35.85,33.55,38.15,37.41,36.08,38.69,3.56,2.92,4.35,5.21,3.63,7.05,14.07,13.14,15.24,3.85,2.85,4.71,,,,,,
2020-07-08,35.79,33.39,38.16,37.33,35.98,38.58,3.54,2.91,4.32,5.27,3.64,7.19,14.16,13.21,15.37,3.87,2.87,4.7,,,,,,
2020-07-09,35.73,33.24,38.17,37.26,35.89,38.46,3.52,2.88,4.29,5.33,3.65,7.3,14.26,13.28,15.51,3.89,2.9,4.72,41.0,38.0,3.0,2.0,14.0,2.0
2020-07-10,35.67,33.14,38.18,37.18,35.73,38.4,3.5,2.88,4.27,5.39,3.65,7.38,14.35,13.35,15.65,3.9,2.93,4.71,,,,,,
2020-07-11,35.62,33.05,38.19,37.11,35.61,38.32,3.48,2.86,4.26,5.45,3.66,7.46,14.44,13.38,15.77,3.92,2.96,4.71,,,,,,
2020-07-12,35.56,32.91,38.22,37.04,35.48,38.32,3.46,2.85,4.24,5.51,3.66,7.53,14.53,13.42,15.87,3.94,2.98,4.73,,,,,,
2020-07-13,35.5,32.76,38.27,36.98,35.41,38.31,3.44,2.82,4.24,5.56,3.69,7.66,14.62,13.42,15.97,3.95,3.01,4.77,,,,,,
2020-07-14,35.45,32.61,38.31,36.91,35.35,38.21,3.42,2.81,4.24,5.62,3.71,7.73,14.7,13.42,16.07,3.97,3.04,4.8,,,,,,
2020-07-15,35.39,32.47,38.36,36.85,35.28,38.1,3.41,2.8,4.24,5.66,3.73,7.79,14.78,13.44,16.11,3.98,3.07,4.81,,,,,,
2020-07-16,35.34,32.33,38.36,36.8,35.23,38.06,3.39,2.79,4.24,5.71,3.74,7.81,14.86,13.46,16.24,3.99,3.11,4.83,,,,,,
2020-07-17,35.28,32.21,38.35,36.75,35.15,37.98,3.38,2.8,4.2,5.74,3.75,7.83,14.93,13.54,16.35,4.01,3.16,4.86,,,,,,
2020-07-18,35.23,32.12,38.33,36.71,35.07,37.88,3.37,2.78,4.14,5.77,3.75,7.83,15.0,13.55,16.41,4.02,3.18,4.89,,,,,,
2020-07-19,35.17,32.06,38.32,36.68,34.99,37.79,3.36,2.78,4.14,5.8,3.75,7.89,15.07,13.57,16.5,4.03,3.19,4.92,,,,,,
2020-07-20,35.12,32.0,38.29,36.65,34.93,37.77,3.35,2.76,4.14,5.82,3.76,7.94,15.14,13.59,16.58,4.03,3.2,4.94,,,,,,
2020-07-21,35.07,31.91,38.26,36.62,34.89,37.77,3.35,2.77,4.11,5.83,3.76,7.99,15.2,13.63,16.69,4.04,3.2,4.97,,,,,,
2020-07-22,35.01,31.8,38.25,36.61,34.85,37.77,3.35,2.75,4.07,5.84,3.78,8.04,15.25,13.67,16.81,4.05,3.21,4.98,,,,,,
2020-07-23,34.96,31.78,38.21,36.6,34.83,37.78,3.35,2.73,4.04,5.84,3.77,8.1,15.3,13.72,16.93,4.06,3.22,4.94,38.0,35.0,3.0,5.0,13.0,4.0
2020-07-24,34.9,31.69,38.15,36.6,34.82,37.78,3.35,2.71,4.02,5.83,3.8,8.16,15.35,13.76,16.97,4.06,3.23,4.95,,,,,,
2020-07-25,34.85,31.75,38.09,36.6,34.82,37.78,3.35,2.71,4.02,5.82,3.77,8.2,15.39,13.78,17.02,4.07,3.22,4.98,,,,,,
2020-07-26,34.79,31.77,38.04,36.6,34.83,37.79,3.36,2.71,4.04,5.81,3.75,8.22,15.43,13.78,17.07,4.07,3.25,4.98,,,,,,
2020-07-27,34.73,31.74,37.98,36.62,34.84,37.77,3.36,2.73,4.05,5.8,3.77,8.16,15.47,13.76,17.12,4.08,3.26,4.99,,,,,,
2020-07-28,34.68,31.7,37.91,36.63,34.86,37.82,3.37,2.74,4.04,5.79,3.78,8.15,15.5,13.77,17.15,4.08,3.27,4.99,,,,,,
2020-07-29,34.62,31.62,37.85,36.64,34.89,37.78,3.37,2.74,4.03,5.77,3.8,8.19,15.53,13.79,17.21,4.09,3.28,5.0,,,,,,
2020-07-30,34.56,31.59,37.79,36.66,34.92,37.75,3.38,2.75,4.03,5.75,3.81,8.18,15.56,13.81,17.24,4.1,3.3,4.99,,,,,,
2020-07-31,34.5,31.54,37.7,36.68,34.96,37.77,3.39,2.74,4.05,5.73,3.82,8.18,15.59,13.82,17.24,4.11,3.31,4.99,34.0,35.0,3.0,6.0,15.0,5.0
2020-08-01,34.44,31.53,37.57,36.7,34.98,37.81,3.39,2.73,4.08,5.72,3.78,8.18,15.62,13.82,17.24,4.12,3.33,4.99,,,,,,
2020-08-02,34.38,31.44,37.5,36.72,35.0,37.85,3.4,2.73,4.1,5.7,3.8,8.16,15.64,13.82,17.24,4.13,3.35,4.99,,,,,,
2020-08-03,34.32,31.43,37.45,36.74,35.04,37.85,3.4,2.74,4.11,5.69,3.82,8.17,15.66,13.83,17.25,4.14,3.37,5.0,,,,,,
2020-08-04,34.25,31.43,37.38,36.77,35.05,37.86,3.4,2.75,4.1,5.67,3.82,8.17,15.68,13.83,17.25,4.16,3.39,5.02,,,,,,
2020-08-05,34.19,31.43,37.19,36.79,35.07,37.94,3.41,2.75,4.12,5.66,3.81,8.18,15.7,13.83,17.25,4.18,3.42,5.03,25.0,38.0,5.0,16.0,16.0,
2020-08-06,34.13,31.43,37.08,36.82,35.06,38.01,3.41,2.77,4.13,5.64,3.81,8.19,15.71,13.83,17.23,4.2,3.45,5.04,,,,,,
2020-08-07,34.06,31.42,37.0,36.85,35.1,38.1,3.41,2.77,4.14,5.63,3.8,8.21,15.72,13.83,17.21,4.21,3.49,5.07,,,,,,
2020-08-08,34.0,31.41,36.86,36.89,35.14,38.15,3.41,2.76,4.15,5.61,3.81,8.21,15.73,13.83,17.2,4.23,3.5,5.08,,,,,,
2020-08-09,33.93,31.4,36.72,36.92,35.21,38.16,3.41,2.74,4.16,5.6,3.83,8.23,15.73,13.81,17.2,4.26,3.52,5.1,,,,,,
2020-08-10,33.86,31.35,36.55,36.96,35.24,38.17,3.42,2.72,4.17,5.58,3.81,8.24,15.74,13.8,17.18,4.28,3.54,5.11,,,,,,
2020-08-11,33.8,31.28,36.42,37.0,35.26,38.19,3.42,2.7,4.19,5.57,3.81,8.21,15.73,13.78,17.12,4.3,3.56,5.13,,,,,,
2020-08-12,33.73,31.22,36.29,37.04,35.29,38.2,3.42,2.69,4.21,5.56,3.8,8.13,15.73,13.78,17.12,4.32,3.57,5.15,40.0,31.0,,6.0,19.0,4.0
2020-08-13,33.67,31.18,36.2,37.08,35.32,38.27,3.42,2.69,4.24,5.54,3.79,8.13,15.72,13.79,17.13,4.34,3.59,5.14,,,,,,
2020-08-14,33.61,31.12,36.11,37.13,35.35,38.33,3.42,2.69,4.23,5.53,3.79,8.12,15.71,13.78,17.11,4.35,3.61,5.14,,,,,,
2020-08-15,33.55,31.07,36.02,37.18,35.39,38.39,3.42,2.68,4.25,5.52,3.79,8.09,15.7,13.77,17.1,4.37,3.63,5.15,,,,,,
2020-08-16,33.49,31.03,35.93,37.23,35.44,38.47,3.42,2.68,4.25,5.5,3.79,8.06,15.69,13.73,17.07,4.39,3.65,5.15,,,,,,
2020-08-17,33.43,31.0,35.82,37.28,35.5,38.55,3.42,2.68,4.25,5.49,3.79,8.02,15.67,13.71,17.04,4.41,3.69,5.16,,,,,,
2020-08-18,33.38,30.97,35.73,37.33,35.56,38.63,3.42,2.68,4.27,5.47,3.78,7.98,15.65,13.69,17.02,4.42,3.71,5.17,,,,,,
2020-08-19,33.33,30.94,35.63,37.39,35.6,38.68,3.42,2.68,4.27,5.46,3.75,7.94,15.63,13.66,17.01,4.44,3.71,5.18,28.0,40.0,4.0,3.0,22.0,2.0
2020-08-20,33.28,30.93,35.53,37.45,35.67,38.79,3.41,2.68,4.27,5.44,3.73,7.9,15.6,13.64,16.99,4.45,3.72,5.18,,,,,,
2020-08-21,33.23,30.93,35.49,37.51,35.74,38.86,3.41,2.68,4.29,5.42,3.73,7.85,15.58,13.61,16.97,4.46,3.73,5.19,,,,,,
2020-08-22,33.19,30.93,35.42,37.57,35.82,38.92,3.4,2.67,4.28,5.4,3.72,7.79,15.55,13.53,16.97,4.47,3.74,5.19,,,,,,
2020-08-23,33.15,30.94,35.29,37.63,35.89,39.03,3.4,2.66,4.27,5.38,3.71,7.72,15.52,13.46,16.98,4.48,3.77,5.2,,,,,,
2020-08-24,33.11,30.98,35.26,37.7,35.94,39.12,3.39,2.66,4.27,5.36,3.7,7.65,15.48,13.43,16.99,4.49,3.8,5.19,,,,,,
2020-08-25,33.07,31.03,35.18,37.76,36.01,39.15,3.39,2.66,4.26,5.33,3.69,7.58,15.45,13.41,16.99,4.5,3.81,5.2,34.0,36.0,4.0,7.0,11.0,7.0
2020-08-26,33.04,30.99,35.16,37.83,36.07,39.25,3.38,2.64,4.23,5.31,3.69,7.53,15.41,13.36,16.96,4.51,3.84,5.22,,,,,,
2020-08-27,33.02,31.02,35.15,37.9,36.14,39.34,3.37,2.64,4.23,5.28,3.68,7.48,15.37,13.32,16.92,4.52,3.86,5.23,,,,,,
2020-08-28,32.99,30.99,35.1,37.96,36.2,39.44,3.37,2.62,4.22,5.25,3.66,7.42,15.33,13.28,16.85,4.53,3.88,5.24,,,,,,
2020-08-29,32.97,31.02,35.08,38.03,36.28,39.53,3.36,2.61,4.21,5.22,3.66,7.35,15.29,13.22,16.83,4.53,3.9,5.25,,,,,,
2020-08-30,32.95,31.06,35.05,38.1,36.36,39.63,3.35,2.59,4.19,5.19,3.64,7.27,15.25,13.17,16.8,4.54,3.91,5.28,,,,,,
2020-08-31,32.94,31.09,35.02,38.17,36.43,39.72,3.34,2.57,4.17,5.15,3.64,7.19,15.2,13.1,16.8,4.55,3.93,5.29,,,,,,
2020-09-01,32.93,31.06,34.98,38.23,36.51,39.8,3.34,2.56,4.16,5.12,3.64,7.1,15.15,13.01,16.76,4.55,3.93,5.3,,,,,,
2020-09-02,32.92,31.14,34.94,38.3,36.6,39.89,3.33,2.54,4.15,5.08,3.62,6.99,15.1,12.96,16.69,4.56,3.93,5.31,,,,,,
2020-09-03,32.92,31.17,34.91,38.37,36.69,39.98,3.32,2.53,4.13,5.04,3.58,6.85,15.05,12.93,16.62,4.56,3.93,5.32,,,,,,
2020-09-04,32.91,31.15,34.88,38.44,36.77,40.04,3.31,2.53,4.12,5.01,3.54,6.7,14.99,12.85,16.58,4.57,3.93,5.33,36.0,37.5,4.0,2.5,14.0,4.5
2020-09-05,32.91,31.22,34.85,38.51,36.87,40.13,3.31,2.53,4.1,4.97,3.51,6.56,14.93,12.78,16.55,4.58,3.93,5.35,,,,,,
2020-09-06,32.92,31.27,34.79,38.58,36.96,40.22,3.3,2.5,4.1,4.93,3.48,6.43,14.87,12.71,16.52,4.59,3.93,5.36,,,,,,
2020-09-07,32.92,31.26,34.79,38.64,37.06,40.3,3.29,2.48,4.09,4.88,3.45,6.35,14.8,12.64,16.47,4.59,3.94,5.36,,,,,,
2020-09-08,32.93,31.24,34.77,38.71,37.17,40.36,3.28,2.49,4.09,4.84,3.43,6.2,14.74,12.57,16.43,4.6,3.95,5.35,,,,,,
2020-09-09,32.94,31.27,34.73,38.78,37.25,40.41,3.28,2.5,4.09,4.8,3.42,6.11,14.67,12.51,16.38,4.61,3.96,5.36,32.0,39.0,1.0,2.0,22.0,4.0
2020-09-10,32.94,31.32,34.71,38.86,37.31,40.48,3.27,2.49,4.09,4.76,3.44,6.02,14.6,12.46,16.32,4.62,3.99,5.36,,,,,,
2020-09-11,32.95,31.36,34.68,38.93,37.39,40.59,3.26,2.49,4.09,4.72,3.46,5.92,14.53,12.4,16.25,4.64,4.02,5.37,,,,,,
2020-09-12,32.95,31.37,34.64,39.0,37.46,40.68,3.25,2.47,4.09,4.68,3.44,5.8,14.46,12.31,16.19,4.65,4.01,5.37,,,,,,
2020-09-13,32.96,31.39,34.6,39.07,37.54,40.72,3.24,2.46,4.09,4.63,3.42,5.74,14.38,12.24,16.11,4.66,4.01,5.37,,,,,,
2020-09-14,32.96,31.38,34.56,39.14,37.66,40.77,3.24,2.45,4.09,4.59,3.39,5.69,14.31,12.18,16.02,4.67,4.01,5.39,,,,,,
2020-09-15,32.97,31.35,34.6,39.22,37.79,40.85,3.23,2.45,4.08,4.55,3.39,5.65,14.24,12.12,15.98,4.69,4.01,5.39,,,,,,
2020-09-16,32.97,31.4,34.6,39.29,37.87,40.92,3.22,2.44,4.08,4.51,3.39,5.61,14.16,12.06,15.92,4.7,4.03,5.4,,,,,,
2020-09-17,32.97,31.42,34.56,39.36,37.99,40.99,3.21,2.45,4.05,4.47,3.39,5.56,14.09,11.96,15.84,4.71,4.05,5.42,29.0,41.0,,6.0,14.0,5.0
2020-09-18,32.97,31.44,34.53,39.42,38.07,41.08,3.2,2.45,4.01,4.44,3.37,5.52,14.02,11.94,15.8,4.72,4.07,5.42,,,,,,
2020-09-19,32.97,31.48,34.51,39.49,38.12,41.14,3.19,2.45,4.01,4.4,3.38,5.44,13.95,11.91,15.74,4.74,4.09,5.42,,,,,,
2020-09-20,32.97,31.52,34.52,39.55,38.17,41.19,3.19,2.45,4.0,4.37,3.36,5.42,13.88,11.86,15.61,4.75,4.11,5.42,,,,,,
2020-09-21,32.97,31.55,34.47,39.6,38.22,41.24,3.18,2.45,3.99,4.34,3.35,5.41,13.81,11.81,15.49,4.76,4.14,5.42,,,,,,
2020-09-22,32.97,31.58,34.47,39.66,38.26,41.29,3.17,2.46,3.98,4.32,3.34,5.36,13.75,11.77,15.39,4.77,4.18,5.42,,,,,,
2020-09-23,32.96,31.62,34.47,39.71,38.31,41.34,3.16,2.46,3.97,4.3,3.35,5.3,13.68,11.76,15.32,4.78,4.2,5.42,,,,,,
2020-09-24,32.96,31.64,34.45,39.75,38.35,41.35,3.16,2.46,3.96,4.28,3.36,5.26,13.62,11.73,15.28,4.79,4.2,5.43,30.0,41.0,1.0,7.0,13.0,7.0
2020-09-25,32.96,31.65,34.41,39.8,38.44,41.37,3.15,2.46,3.95,4.26,3.34,5.22,13.57,11.71,15.24,4.8,4.2,5.46,,,,,,
2020-09-26,32.96,31.67,34.37,39.83,38.48,41.39,3.14,2.47,3.93,4.25,3.33,5.23,13.51,11.69,15.2,4.81,4.2,5.46,,,,,,
2020-09-27,32.95,31.69,34.38,39.86,38.47,41.39,3.14,2.47,3.92,4.24,3.31,5.25,13.46,11.68,15.17,4.81,4.2,5.46,,,,,,
2020-09-28,32.95,31.7,34.38,39.89,38.51,41.4,3.14,2.48,3.9,4.24,3.28,5.26,13.41,11.67,15.12,4.82,4.19,5.46,,,,,,
2020-09-29,32.95,31.72,34.39,39.91,38.52,41.44,3.13,2.46,3.89,4.24,3.26,5.27,13.36,11.66,15.05,4.82,4.18,5.47,,,,,,
2020-09-30,32.95,31.75,34.4,39.93,38.48,41.41,3.13,2.45,3.87,4.24,3.26,5.28,13.32,11.63,15.02,4.82,4.18,5.46,32.0,45.0,5.0,1.0,9.0,3.0
2020-10-01,32.95,31.77,34.39,39.95,38.5,41.43,3.13,2.46,3.86,4.24,3.26,5.3,13.27,11.59,15.0,4.82,4.18,5.45,,,,,,
2020-10-02,32.96,31.74,34.39,39.96,38.52,41.41,3.13,2.46,3.84,4.25,3.25,5.32,13.24,11.56,14.91,4.81,4.18,5.45,,,,,,
2020-10-03,32.96,31.72,34.38,39.96,38.53,41.47,3.13,2.48,3.83,4.26,3.25,5.35,13.2,11.54,14.8,4.81,4.17,5.43,,,,,,
2020-10-04,32.96,31.72,34.37,39.97,38.54,41.52,3.13,2.51,3.82,4.27,3.27,5.35,13.17,11.51,14.8,4.81,4.17,5.42,,,,,,
2020-10-05,32.96,31.67,34.39,39.97,38.53,41.57,3.13,2.51,3.8,4.28,3.25,5.33,13.14,11.5,14.74,4.8,4.15,5.4,,,,,,
2020-10-06,32.96,31.65,34.44,39.96,38.47,41.56,3.13,2.52,3.79,4.29,3.23,5.35,13.11,11.48,14.67,4.79,4.14,5.38,,,,,,
2020-10-07,32.96,31.65,34.44,39.95,38.4,41.56,3.13,2.52,3.77,4.3,3.21,5.36,13.09,11.48,14.61,4.78,4.12,5.39,38.0,39.0,3.0,5.0,10.0,4.0
2020-10-08,32.96,31.66,34.46,39.94,38.35,41.54,3.14,2.53,3.77,4.31,3.21,5.36,13.07,11.49,14.56,4.77,4.09,5.36,,,,,,
2020-10-09,32.96,31.62,34.49,39.93,38.3,41.52,3.14,2.54,3.76,4.32,3.2,5.35,13.06,11.49,14.59,4.76,4.06,5.37,,,,,,
2020-10-10,32.95,31.55,34.5,39.91,38.28,41.52,3.15,2.56,3.77,4.32,3.19,5.35,13.05,11.5,14.54,4.74,4.03,5.38,,,,,,
2020-10-11,32.95,31.47,34.49,39.89,38.25,41.52,3.16,2.58,3.76,4.33,3.19,5.35,13.04,11.51,14.5,4.73,4.01,5.36,,,,,,
2020-10-12,32.94,31.44,34.58,39.87,38.18,41.53,3.17,2.6,3.77,4.34,3.17,5.37,13.04,11.52,14.45,4.71,3.99,5.33,,,,,,
2020-10-13,32.93,31.36,34.56,39.85,38.14,41.55,3.18,2.62,3.78,4.34,3.16,5.39,13.04,11.53,14.44,4.7,3.97,5.31,,,,,,
2020-10-14,32.93,31.25,34.58,39.82,38.03,41.56,3.19,2.65,3.77,4.35,3.15,5.42,13.04,11.55,14.43,4.68,3.95,5.29,,,,,,
2020-10-15,32.92,31.27,34.64,39.8,37.92,41.56,3.2,2.67,3.76,4.35,3.15,5.45,13.05,11.56,14.4,4.66,3.92,5.28,32.0,43.0,2.0,3.0,14.0,4.0
2020-10-16,32.9,31.24,34.67,39.77,37.86,41.57,3.22,2.68,3.75,4.35,3.14,5.45,13.06,11.55,14.36,4.64,3.91,5.28,,,,,,
2020-10-17,32.89,31.17,34.67,39.74,37.82,41.57,3.23,2.69,3.76,4.36,3.13,5.45,13.07,11.58,14.35,4.63,3.91,5.27,,,,,,
2020-10-18,32.88,31.07,34.7,39.71,37.79,41.57,3.24,2.71,3.78,4.35,3.12,5.46,13.08,11.61,14.39,4.61,3.88,5.27,,,,,,
2020-10-19,32.87,31.0,34.73,39.68,37.67,41.57,3.26,2.73,3.79,4.35,3.13,5.43,13.09,11.61,14.42,4.59,3.87,5.27,,,,,,
2020-10-20,32.86,30.91,34.74,39.64,37.6,41.57,3.27,2.75,3.8,4.35,3.12,5.44,13.11,11.65,14.45,4.58,3.86,5.26,,,,,,
2020-10-21,32.85,30.89,34.71,39.6,37.54,41.56,3.29,2.77,3.82,4.35,3.14,5.48,13.13,11.68,14.43,4.56,3.84,5.26,,,,,,
2020-10-22,32.85,30.86,34.73,39.57,37.5,41.55,3.3,2.79,3.83,4.35,3.16,5.47,13.15,11.72,14.45,4.55,3.82,5.26,35.0,36.0,4.0,7.0,10.0,7.0
2020-10-23,32.84,30.79,34.69,39.53,37.47,41.53,3.31,2.8,3.83,4.34,3.17,5.44,13.18,11.75,14.44,4.54,3.79,5.26,,,,,,
2020-10-24,32.83,30.71,34.63,39.49,37.43,41.47,3.33,2.82,3.83,4.34,3.15,5.43,13.21,11.79,14.5,4.52,3.77,5.25,,,,,,
2020-10-25,32.82,30.68,34.62,39.44,37.39,41.43,3.34,2.83,3.83,4.33,3.14,5.41,13.24,11.8,14.55,4.51,3.75,5.25,,,,,,
2020-10-26,32.81,30.64,34.63,39.4,37.36,41.39,3.36,2.85,3.83,4.33,3.15,5.38,13.28,11.81,14.62,4.5,3.74,5.25,,,,,,
2020-10-27,32.81,30.57,34.63,39.36,37.32,41.35,3.37,2.87,3.83,4.32,3.15,5.35,13.32,11.82,14.74,4.49,3.72,5.25,,,,,,
2020-10-28,32.8,30.51,34.65,39.32,37.27,41.3,3.38,2.9,3.81,4.32,3.14,5.34,13.36,11.83,14.74,4.49,3.71,5.25,,,,,,
2020-10-29,32.79,30.45,34.66,39.27,37.23,41.24,3.4,2.93,3.81,4.31,3.13,5.33,13.41,11.87,14.81,4.48,3.7,5.26,32.5,42.0,3.5,5.0,11.0,5.5
2020-10-30,32.78,30.4,34.7,39.23,37.2,41.2,3.41,2.95,3.83,4.3,3.12,5.3,13.46,11.94,14.89,4.47,3.69,5.26,,,,,,
2020-10-31,32.77,30.35,34.67,39.19,37.17,41.15,3.42,2.98,3.83,4.3,3.11,5.3,13.51,12.0,14.94,4.47,3.68,5.26,,,,,,
2020-11-01,32.76,30.31,34.62,39.14,37.2,41.13,3.43,3.0,3.83,4.29,3.1,5.29,13.56,12.05,15.01,4.46,3.68,5.27,,,,,,
2020-11-02,32.75,30.28,34.65,39.1,37.21,41.11,3.44,3.0,3.84,4.29,3.09,5.27,13.62,12.08,15.11,4.46,3.69,5.27,,,,,,
2020-11-03,32.73,30.24,34.62,39.06,37.21,41.09,3.45,3.02,3.85,4.28,3.09,5.26,13.68,12.13,15.22,4.46,3.66,5.24,,,,,,
2020-11-04,32.72,30.21,34.61,39.02,37.17,41.05,3.46,3.03,3.85,4.28,3.1,5.26,13.74,12.2,15.32,4.45,3.64,5.27,,,,,,
2020-11-05,32.7,30.18,34.61,38.99,37.14,40.99,3.47,3.05,3.84,4.27,3.1,5.27,13.81,12.22,15.39,4.45,3.61,5.28,27.0,44.0,3.0,1.0,15.0,5.0
2020-11-06,32.68,30.14,34.58,38.95,37.1,40.94,3.48,3.07,3.86,4.27,3.11,5.26,13.87,12.29,15.43,4.45,3.61,5.28,,,,,,
2020-11-07,32.66,30.08,34.57,38.92,37.06,40.92,3.49,3.1,3.87,4.27,3.13,5.26,13.94,12.37,15.54,4.45,3.65,5.29,,,,,,
2020-11-08,32.64,30.02,34.57,38.88,37.02,40.88,3.49,3.12,3.88,4.27,3.14,5.26,14.0,12.42,15.6,4.45,3.63,5.29,,,,,,
2020-11-09,32.61,30.01,34.58,38.85,36.99,40.86,3.5,3.13,3.9,4.26,3.15,5.27,14.07,12.48,15.64,4.45,3.63,5.29,,,,,,
2020-11-10,32.59,29.98,34.59,38.82,36.96,40.84,3.5,3.14,3.92,4.26,3.16,5.28,14.13,12.54,15.71,4.45,3.62,5.3,,,,,,
2020-11-11,32.57,29.97,34.58,38.79,36.93,40.83,3.51,3.13,3.93,4.27,3.18,5.28,14.2,12.6,15.78,4.45,3.62,5.3,,,,,,
2020-11-12,32.54,29.97,34.54,38.76,36.91,40.82,3.52,3.13,3.94,4.27,3.19,5.27,14.26,12.66,15.87,4.45,3.62,5.3,37.0,29.0,,7.0,19.0,3.0
2020-11-13,32.52,29.93,34.53,38.74,36.87,40.81,3.52,3.12,3.94,4.27,3.19,5.27,14.32,12.71,15.94,4.45,3.63,5.29,,,,,,
2020-11-14,32.49,29.88,34.53,38.71,36.85,40.8,3.52,3.11,3.94,4.27,3.2,5.27,14.38,12.76,16.01,4.45,3.61,5.28,,,,,,
2020-11-15,32.47,29.82,34.53,38.69,36.79,40.77,3.53,3.1,3.94,4.27,3.2,5.27,14.44,12.8,16.08,4.44,3.61,5.27,,,,,,
2020-11-16,32.45,29.75,34.53,38.66,36.77,40.75,3.53,3.1,3.94,4.28,3.22,5.27,14.5,12.89,16.15,4.44,3.61,5.28,,,,,,
2020-11-17,32.43,29.69,34.54,38.64,36.75,40.74,3.54,3.1,3.94,4.28,3.24,5.26,14.56,12.94,16.26,4.44,3.59,5.29,,,,,,
2020-11-18,32.41,29.64,34.54,38.62,36.74,40.72,3.54,3.11,3.95,4.28,3.26,5.26,14.62,12.99,16.36,4.43,3.57,5.29,41.0,34.0,4.0,5.0,12.0,1.0
2020-11-19,32.39,29.59,34.54,38.6,36.73,40.69,3.54,3.11,3.96,4.28,3.26,5.26,14.67,13.05,16.44,4.42,3.54,5.28,,,,,,
2020-11-20,32.37,29.57,34.55,38.59,36.69,40.64,3.54,3.12,3.97,4.28,3.27,5.23,14.73,13.1,16.52,4.42,3.52,5.27,,,,,,
2020-11-21,32.36,29.57,34.54,38.57,36.68,40.6,3.54,3.12,3.96,4.28,3.29,5.2,14.78,13.15,16.59,4.41,3.51,5.27,,,,,,
2020-11-22,32.34,29.55,34.52,38.56,36.71,40.57,3.54,3.1,3.95,4.28,3.3,5.16,14.83,13.21,16.69,4.39,3.5,5.25,,,,,,
2020-11-23,32.33,29.54,34.51,38.55,36.73,40.58,3.55,3.09,3.95,4.27,3.32,5.16,14.88,13.26,16.73,4.38,3.49,5.24,,,,,,
2020-11-24,32.31,29.54,34.48,38.54,36.74,40.57,3.55,3.09,3.95,4.27,3.33,5.16,14.93,13.31,16.78,4.36,3.48,5.23,,,,,,
2020-11-25,32.3,29.53,34.42,38.54,36.73,40.54,3.55,3.08,3.95,4.26,3.34,5.17,14.98,13.37,16.83,4.35,3.45,5.23,,,,,,
2020-11-26,32.29,29.53,34.38,38.53,36.69,40.52,3.55,3.07,3.96,4.25,3.34,5.17,15.03,13.42,16.86,4.33,3.42,5.23,,,,,,
2020-11-27,32.27,29.52,34.31,38.53,36.73,40.54,3.55,3.07,3.96,4.24,3.34,5.16,15.08,13.48,16.87,4.31,3.42,5.2,22.0,39.0,5.0,3.0,19.0,5.0
2020-11-28,32.26,29.51,34.28,38.54,36.67,40.48,3.55,3.07,3.97,4.22,3.34,5.16,15.12,13.56,16.88,4.28,3.4,5.17,,,,,,
2020-11-29,32.24,29.5,34.27,38.54,36.68,40.42,3.54,3.07,3.98,4.21,3.34,5.14,15.17,13.63,16.9,4.26,3.34,5.16,,,,,,
2020-11-30,32.23,29.49,34.26,38.55,36.72,40.44,3.54,3.08,3.99,4.19,3.34,5.12,15.22,13.72,16.96,4.23,3.29,5.14,,,,,,
2020-12-01,32.21,29.56,34.28,38.57,36.77,40.44,3.54,3.07,3.99,4.18,3.34,5.1,15.27,13.8,17.01,4.21,3.27,5.12,,,,,,
2020-12-02,32.2,29.55,34.27,38.58,36.81,40.43,3.53,3.06,4.0,4.16,3.34,5.09,15.32,13.84,17.04,4.18,3.24,5.11,,,,,,
2020-12-03,32.18,29.51,34.21,38.6,36.84,40.43,3.52,3.04,3.99,4.14,3.33,5.09,15.37,13.9,17.09,4.15,3.22,5.09,31.0,38.0,4.0,1.0,18.0,2.0
2020-12-04,32.16,29.51,34.21,38.63,36.97,40.43,3.51,3.03,4.0,4.12,3.31,5.06,15.42,13.96,17.13,4.12,3.19,5.06,,,,,,
2020-12-05,32.15,29.55,34.21,38.66,37.0,40.45,3.5,3.02,4.0,4.1,3.3,5.03,15.46,14.04,17.18,4.09,3.16,5.02,,,,,,
2020-12-06,32.13,29.59,34.21,38.69,37.01,40.5,3.49,3.0,3.99,4.07,3.29,5.0,15.51,14.12,17.22,4.06,3.14,4.98,,,,,,
2020-12-07,32.11,29.54,34.2,38.73,37.1,40.54,3.48,2.98,3.99,4.05,3.26,4.99,15.56,14.19,17.26,4.03,3.08,4.93,,,,,,
2020-12-08,32.09,29.55,34.2,38.77,37.15,40.56,3.47,2.97,3.97,4.02,3.25,4.97,15.6,14.3,17.31,4.0,3.03,4.89,,,,,,
2020-12-09,32.06,29.59,34.19,38.82,37.19,40.59,3.45,2.97,3.96,4.0,3.23,4.95,15.65,14.33,17.37,3.97,3.02,4.84,36.0,39.0,2.0,3.0,14.0,7.0
2020-12-10,32.04,29.59,34.21,38.87,37.24,40.6,3.43,2.96,3.95,3.97,3.22,4.9,15.69,14.39,17.42,3.94,2.99,4.79,,,,,,
2020-12-11,32.02,29.56,34.21,38.92,37.29,40.61,3.42,2.94,3.94,3.95,3.2,4.85,15.72,14.48,17.47,3.91,2.93,4.77,,,,,,
2020-12-12,31.99,29.55,34.21,38.99,37.35,40.66,3.4,2.91,3.94,3.92,3.19,4.85,15.76,14.56,17.49,3.88,2.88,4.72,,,,,,
2020-12-13,31.96,29.54,34.2,39.05,37.42,40.72,3.38,2.9,3.93,3.9,3.18,4.85,15.79,14.56,17.5,3.85,2.85,4.68,,,,,,
2020-12-14,31.93,29.54,34.2,39.12,37.5,40.77,3.37,2.88,3.92,3.87,3.15,4.84,15.81,14.59,17.51,3.82,2.81,4.66,,,,,,
2020-12-15,31.9,29.55,34.18,39.19,37.61,40.83,3.35,2.85,3.92,3.85,3.13,4.8,15.83,14.62,17.51,3.79,2.78,4.64,,,,,,
2020-12-16,31.87,29.6,34.16,39.27,37.68,40.88,3.33,2.85,3.92,3.83,3.11,4.75,15.85,14.64,17.51,3.76,2.73,4.61,31.0,39.0,3.5,6.0,17.0,5.0
2020-12-17,31.84,29.66,34.14,39.35,37.76,40.93,3.32,2.82,3.92,3.81,3.08,4.69,15.86,14.63,17.51,3.74,2.7,4.61,,,,,,
2020-12-18,31.81,29.7,34.11,39.44,37.83,41.0,3.3,2.8,3.92,3.79,3.06,4.68,15.86,14.62,17.51,3.72,2.66,4.59,,,,,,
2020-12-19,31.78,29.71,34.05,39.52,37.92,41.04,3.28,2.79,3.91,3.78,3.05,4.71,15.86,14.62,17.51,3.69,2.62,4.58,,,,,,
2020-12-20,31.74,29.67,33.95,39.62,38.02,41.08,3.27,2.77,3.91,3.76,3.04,4.73,15.86,14.63,17.51,3.67,2.61,4.56,,,,,,
2020-12-21,31.71,29.73,33.85,39.71,38.13,41.14,3.25,2.75,3.91,3.75,3.02,4.73,15.85,14.62,17.52,3.65,2.61,4.54,,,,,,
2020-12-22,31.67,29.75,33.75,39.81,38.24,41.24,3.23,2.73,3.9,3.73,3.0,4.75,15.84,14.61,17.52,3.64,2.6,4.52,30.0,40.0,4.0,5.0,14.0,5.0
2020-12-23,31.64,29.79,33.71,39.91,38.35,41.31,3.22,2.73,3.91,3.72,2.95,4.73,15.82,14.59,17.51,3.62,2.59,4.5,,,,,,
2020-12-24,31.6,29.8,33.67,40.01,38.43,41.37,3.2,2.7,3.89,3.72,2.94,4.74,15.8,14.57,17.5,3.6,2.58,4.49,,,,,,
2020-12-25,31.56,29.8,33.6,40.11,38.49,41.43,3.18,2.67,3.88,3.71,2.91,4.74,15.77,14.55,17.48,3.59,2.57,4.5,,,,,,
2020-12-26,31.52,29.8,33.59,40.22,38.55,41.51,3.17,2.64,3.87,3.7,2.9,4.72,15.75,14.52,17.46,3.58,2.56,4.51,,,,,,
2020-12-27,31.48,29.82,33.47,40.32,38.64,41.63,3.15,2.62,3.87,3.7,2.88,4.71,15.72,14.49,17.44,3.56,2.56,4.51,,,,,,
2020-12-28,31.44,29.84,33.35,40.42,38.76,41.74,3.14,2.6,3.86,3.7,2.86,4.69,15.69,14.47,17.41,3.55,2.55,4.5,,,,,,
2020-12-29,31.4,29.83,33.21,40.53,38.84,41.76,3.12,2.58,3.86,3.7,2.88,4.69,15.65,14.46,17.38,3.54,2.53,4.49,,,,,,
2020-12-30,31.36,29.83,33.14,40.63,38.91,41.87,3.1,2.56,3.85,3.7,2.9,4.7,15.62,14.43,17.35,3.53,2.51,4.48,,,,,,
2020-12-31,31.32,29.8,33.12,40.73,39.01,42.0,3.09,2.55,3.85,3.7,2.92,4.72,15.59,14.39,17.31,3.52,2.49,4.47,,,,,,
2021-01-01,31.28,29.82,33.05,40.82,39.09,42.11,3.07,2.52,3.83,3.7,2.92,4.74,15.56,14.39,17.28,3.51,2.47,4.44,,,,,,
2021-01-02,31.24,29.88,32.97,40.91,39.13,42.22,3.06,2.48,3.83,3.71,2.92,4.74,15.52,14.33,17.24,3.5,2.44,4.41,,,,,,
2021-01-03,31.21,29.87,32.9,40.99,39.17,42.26,3.04,2.46,3.81,3.71,2.92,4.72,15.49,14.31,17.21,3.49,2.44,4.38,,,,,,
2021-01-04,31.18,29.87,32.83,41.06,39.21,42.3,3.02,2.45,3.8,3.72,2.91,4.7,15.46,14.28,17.17,3.49,2.46,4.35,,,,,,
2021-01-05,31.16,29.89,32.76,41.12,39.24,42.38,3.01,2.44,3.79,3.73,2.89,4.71,15.43,14.26,17.13,3.48,2.45,4.35,37.0,42.0,3.0,3.0,13.0,2.0
2021-01-06,31.14,29.96,32.69,41.18,39.26,42.43,2.99,2.43,3.77,3.74,2.88,4.72,15.41,14.2,17.09,3.47,2.46,4.35,,,,,,
2021-01-07,31.12,29.97,32.67,41.22,39.29,42.45,2.97,2.42,3.75,3.76,2.88,4.73,15.38,14.17,17.04,3.47,2.5,4.32,,,,,,
2021-01-08,31.11,29.93,32.66,41.26,39.3,42.5,2.96,2.41,3.73,3.77,2.87,4.74,15.36,14.14,16.98,3.47,2.54,4.3,,,,,,
2021-01-09,31.1,29.9,32.6,41.29,39.31,42.54,2.94,2.38,3.71,3.78,2.88,4.74,15.34,14.12,16.94,3.47,2.53,4.29,,,,,,
2021-01-10,31.1,29.93,32.65,41.31,39.31,42.53,2.93,2.36,3.69,3.8,2.9,4.75,15.32,14.1,16.91,3.47,2.55,4.26,,,,,,
2021-01-11,31.1,29.93,32.71,41.32,39.32,42.56,2.91,2.34,3.68,3.81,2.91,4.76,15.31,14.08,16.88,3.47,2.58,4.29,,,,,,
2021-01-12,31.11,29.92,32.75,41.32,39.26,42.61,2.89,2.33,3.7,3.82,2.93,4.77,15.3,14.07,16.83,3.47,2.6,4.29,33.0,36.0,3.0,4.0,17.0,5.0
2021-01-13,31.12,29.91,32.79,41.31,39.26,42.66,2.88,2.33,3.67,3.84,2.94,4.79,15.3,14.08,16.83,3.47,2.63,4.3,,,,,,
2021-01-14,31.13,29.87,32.82,41.3,39.16,42.68,2.87,2.32,3.67,3.85,2.96,4.8,15.3,14.06,16.82,3.47,2.62,4.3,29.0,45.0,3.0,1.0,16.0,1.0
2021-01-15,31.15,29.88,32.82,41.27,38.99,42.67,2.85,2.29,3.66,3.86,2.97,4.8,15.3,14.03,16.82,3.48,2.6,4.33,,,,,,
2021-01-16,31.17,29.9,32.89,41.24,38.87,42.69,2.84,2.28,3.66,3.88,2.97,4.82,15.31,14.02,16.83,3.48,2.6,4.32,,,,,,
2021-01-17,31.18,29.89,32.94,41.2,38.71,42.68,2.83,2.26,3.65,3.89,2.98,4.82,15.32,14.04,16.84,3.49,2.64,4.4,,,,,,
2021-01-18,31.2,29.89,32.99,41.15,38.55,42.72,2.81,2.24,3.64,3.9,3.0,4.8,15.34,14.04,16.86,3.5,2.67,4.42,,,,,,
2021-01-19,31.23,29.89,33.06,41.1,38.4,42.75,2.8,2.22,3.63,3.91,3.0,4.78,15.36,14.04,16.87,3.51,2.68,4.44,,,,,,
2021-01-20,31.25,29.9,33.09,41.04,38.27,42.76,2.79,2.21,3.63,3.92,3.02,4.78,15.39,14.05,16.91,3.51,2.66,4.46,,,,,,
2021-01-21,31.27,29.91,33.16,40.97,38.12,42.76,2.78,2.19,3.63,3.93,3.03,4.8,15.42,14.05,16.93,3.52,2.63,4.48,,,,,,
2021-01-22,31.3,29.89,33.21,40.89,37.97,42.76,2.77,2.17,3.64,3.93,3.05,4.83,15.46,14.05,16.96,3.53,2.61,4.5,27.0,46.0,1.0,,19.0,4.0
2021-01-23,31.33,29.87,33.27,40.81,37.82,42.73,2.77,2.16,3.64,3.94,3.04,4.84,15.5,14.07,17.0,3.54,2.63,4.52,,,,,,
2021-01-24,31.36,29.85,33.33,40.72,37.66,42.75,2.76,2.15,3.64,3.95,3.06,4.84,15.54,14.12,17.03,3.55,2.64,4.53,,,,,,
2021-01-25,31.39,29.84,33.39,40.63,37.53,42.72,2.75,2.14,3.64,3.95,3.08,4.85,15.58,14.14,17.11,3.56,2.63,4.55,,,,,,
2021-01-26,31.43,29.86,33.46,40.52,37.4,42.69,2.75,2.14,3.64,3.96,3.09,4.87,15.62,14.19,17.2,3.58,2.62,4.57,,,,,,
2021-01-27,31.47,29.87,33.51,40.42,37.25,42.65,2.74,2.14,3.64,3.97,3.1,4.9,15.67,14.22,17.27,3.59,2.62,4.61,33.0,44.0,1.0,1.0,15.0,1.0
2021-01-28,31.52,29.85,33.55,40.31,37.05,42.61,2.74,2.13,3.64,3.97,3.1,4.92,15.71,14.23,17.36,3.6,2.62,4.65,,,,,,
2021-01-29,31.57,29.9,33.6,40.19,36.89,42.58,2.73,2.13,3.64,3.98,3.11,4.91,15.75,14.24,17.4,3.61,2.61,4.65,,,,,,
2021-01-30,31.62,29.97,33.68,40.08,36.67,42.56,2.73,2.11,3.64,3.98,3.13,4.91,15.8,14.25,17.47,3.62,2.62,4.69,,,,,,
2021-01-31,31.68,30.04,33.72,39.96,36.48,42.51,2.73,2.11,3.64,3.99,3.13,4.93,15.84,14.27,17.53,3.63,2.64,4.7,,,,,,
2021-02-01,31.74,30.1,33.81,39.84,36.31,42.46,2.73,2.1,3.63,4.0,3.15,4.93,15.87,14.27,17.59,3.64,2.66,4.7,,,,,,
2021-02-02,31.81,30.17,33.86,39.72,36.14,42.4,2.73,2.1,3.63,4.0,3.17,4.93,15.91,14.28,17.64,3.66,2.66,4.71,,,,,,
2021-02-03,31.87,30.26,33.95,39.59,35.94,42.4,2.73,2.09,3.63,4.01,3.19,4.93,15.94,14.3,17.69,3.67,2.66,4.71,29.0,45.0,6.0,6.0,9.0,1.0
2021-02-04,31.94,30.3,34.02,39.47,35.73,42.39,2.73,2.07,3.63,4.02,3.2,4.92,15.97,14.31,17.73,3.68,2.64,4.73,,,,,,
2021-02-05,32.01,30.32,34.12,39.35,35.54,42.34,2.73,2.08,3.63,4.03,3.22,4.93,16.0,14.32,17.78,3.7,2.63,4.75,,,,,,
2021-02-06,32.08,30.34,34.21,39.23,35.4,42.24,2.74,2.07,3.63,4.05,3.21,4.93,16.03,14.33,17.86,3.72,2.65,4.77,,,,,,
2021-02-07,32.16,30.45,34.3,39.11,35.3,42.14,2.74,2.06,3.63,4.06,3.23,4.95,16.05,14.34,17.94,3.73,2.66,4.8,,,,,,
2021-02-08,32.23,30.56,34.37,38.99,35.21,42.03,2.75,2.06,3.64,4.07,3.23,4.99,16.07,14.34,17.98,3.75,2.68,4.83,,,,,,
2021-02-09,32.31,30.68,34.46,38.87,35.11,41.96,2.75,2.06,3.65,4.09,3.23,5.0,16.09,14.34,17.98,3.77,2.69,4.85,,,,,,
2021-02-10,32.38,30.78,34.53,38.75,35.03,41.89,2.76,2.05,3.65,4.1,3.25,4.99,16.11,14.34,17.98,3.79,2.7,4.88,29.0,44.0,1.0,4.0,13.0,5.0
2021-02-11,32.46,30.86,34.63,38.64,34.95,41.82,2.77,2.08,3.64,4.12,3.25,4.99,16.13,14.34,18.01,3.81,2.73,4.89,,,,,,
2021-02-12,32.53,30.92,34.69,38.52,34.84,41.75,2.78,2.11,3.65,4.14,3.27,5.02,16.14,14.37,18.03,3.83,2.77,4.92,,,,,,
2021-02-13,32.6,30.97,34.74,38.41,34.69,41.66,2.79,2.11,3.64,4.15,3.28,5.05,16.15,14.38,18.03,3.85,2.8,4.95,,,,,,
2021-02-14,32.68,31.04,34.78,38.3,34.56,41.54,2.79,2.12,3.64,4.17,3.31,5.05,16.17,14.35,18.02,3.87,2.83,4.96,,,,,,
2021-02-15,32.75,31.1,34.82,38.19,34.43,41.38,2.8,2.12,3.65,4.19,3.35,5.05,16.18,14.34,18.04,3.89,2.84,4.98,,,,,,
2021-02-16,32.83,31.16,34.87,38.09,34.31,41.18,2.81,2.13,3.65,4.21,3.37,5.06,16.19,14.31,18.08,3.91,2.84,5.01,,,,,,
2021-02-17,32.9,31.22,34.95,37.98,34.21,41.0,2.82,2.14,3.65,4.22,3.38,5.09,16.2,14.29,18.11,3.93,2.85,5.03,,,,,,
2021-02-18,32.98,31.3,35.02,37.87,34.12,40.86,2.83,2.15,3.64,4.24,3.4,5.08,16.21,14.27,18.14,3.95,2.87,5.06,27.0,42.0,3.0,7.0,15.0,3.0
2021-02-19,33.06,31.37,35.08,37.77,34.07,40.76,2.84,2.16,3.65,4.25,3.43,5.07,16.22,14.28,18.15,3.97,2.88,5.08,,,,,,
2021-02-20,33.14,31.45,35.14,37.66,34.03,40.66,2.84,2.17,3.66,4.27,3.43,5.07,16.23,14.31,18.16,3.99,2.88,5.1,,,,,,
2021-02-21,33.22,31.59,35.2,37.55,33.9,40.55,2.85,2.18,3.67,4.28,3.43,5.07,16.24,14.33,18.17,4.01,2.89,5.12,,,,,,
2021-02-22,33.3,31.64,35.25,37.44,33.78,40.44,2.86,2.19,3.68,4.3,3.45,5.05,16.25,14.36,18.21,4.03,2.92,5.14,,,,,,
2021-02-23,33.39,31.69,35.32,37.33,33.71,40.33,2.87,2.2,3.68,4.31,3.47,5.05,16.27,14.39,18.26,4.05,2.93,5.16,,,,,,
2021-02-24,33.47,31.78,35.37,37.22,33.66,40.21,2.87,2.21,3.68,4.32,3.49,5.06,16.28,14.42,18.24,4.07,2.94,5.17,,,,,,
2021-02-25,33.56,31.83,35.45,37.11,33.61,40.07,2.88,2.22,3.67,4.33,3.49,5.07,16.3,14.46,18.23,4.09,2.94,5.19,,,,,,
2021-02-26,33.64,31.89,35.52,37.0,33.54,39.94,2.88,2.22,3.66,4.34,3.49,5.08,16.32,14.5,18.25,4.11,2.95,5.21,38.0,23.0,2.0,4.0,21.0,10.0
2021-02-27,33.73,31.95,35.6,36.89,33.52,39.79,2.89,2.21,3.67,4.35,3.49,5.09,16.34,14.54,18.27,4.13,2.96,5.22,,,,,,
2021-02-28,33.82,32.01,35.7,36.78,33.48,39.65,2.89,2.21,3.68,4.36,3.49,5.1,16.37,14.58,18.29,4.14,2.98,5.23,,,,,,
2021-03-01,33.9,32.08,35.74,36.68,33.48,39.5,2.89,2.22,3.69,4.37,3.49,5.11,16.39,14.61,18.29,4.16,3.0,5.22,,,,,,
2021-03-02,33.99,32.15,35.82,36.57,33.43,39.4,2.9,2.22,3.67,4.37,3.49,5.12,16.42,14.66,18.3,4.17,3.01,5.2,,,,,,
2021-03-03,34.08,32.26,35.89,36.46,33.4,39.32,2.9,2.25,3.63,4.38,3.49,5.13,16.45,14.73,18.31,4.18,3.04,5.2,,,,,,
2021-03-04,34.16,32.35,35.97,36.35,33.34,39.25,2.9,2.26,3.62,4.38,3.5,5.14,16.49,14.79,18.32,4.19,3.06,5.26,36.0,34.0,,3.0,22.0,5.0
2021-03-05,34.24,32.42,36.0,36.24,33.31,39.17,2.9,2.26,3.61,4.38,3.5,5.14,16.53,14.8,18.33,4.2,3.08,5.31,,,,,,
2021-03-06,34.32,32.51,36.03,36.14,33.29,39.04,2.9,2.25,3.6,4.39,3.51,5.14,16.57,14.8,18.33,4.21,3.09,5.33,,,,,,
2021-03-07,34.4,32.62,36.08,36.03,33.23,38.83,2.9,2.25,3.59,4.39,3.51,5.13,16.61,14.86,18.37,4.21,3.09,5.35,,,,,,
2021-03-08,34.48,32.72,36.17,35.93,33.19,38.6,2.9,2.26,3.57,4.39,3.53,5.13,16.66,14.9,18.4,4.21,3.07,5.36,,,,,,
2021-03-09,34.55,32.79,36.2,35.83,33.15,38.38,2.9,2.27,3.54,4.39,3.53,5.15,16.71,14.97,18.39,4.21,3.05,5.37,,,,,,
2021-03-10,34.62,32.9,36.21,35.73,33.1,38.16,2.9,2.28,3.51,4.39,3.51,5.18,16.75,15.04,18.45,4.21,3.05,5.38,35.0,29.0,4.0,7.0,21.0,4.0
2021-03-11,34.69,33.01,36.2,35.63,32.97,37.93,2.9,2.29,3.5,4.39,3.52,5.19,16.81,15.09,18.48,4.21,3.05,5.38,,,,,,
2021-03-12,34.76,33.12,36.2,35.54,32.76,37.75,2.9,2.31,3.49,4.39,3.52,5.2,16.86,15.13,18.52,4.2,3.06,5.39,,,,,,
2021-03-13,34.83,33.23,36.22,35.45,32.76,37.66,2.9,2.33,3.48,4.39,3.52,5.2,16.91,15.17,18.58,4.2,3.06,5.39,,,,,,
2021-03-14,34.89,33.35,36.24,35.37,32.75,37.51,2.9,2.35,3.44,4.39,3.52,5.2,16.96,15.21,18.59,4.19,3.05,5.38,,,,,,
2021-03-15,34.95,33.46,36.29,35.3,32.66,37.41,2.9,2.36,3.43,4.39,3.52,5.21,17.01,15.28,18.59,4.18,3.03,5.34,,,,,,
2021-03-16,35.01,33.52,36.32,35.22,32.6,37.22,2.9,2.36,3.44,4.39,3.54,5.21,17.06,15.34,18.58,4.17,3.02,5.3,,,,,,
2021-03-17,35.07,33.6,36.42,35.16,32.56,37.12,2.9,2.38,3.42,4.39,3.57,5.2,17.1,15.41,18.6,4.15,3.0,5.24,35.0,35.0,4.0,3.0,17.0,2.0
2021-03-18,35.14,33.68,36.48,35.1,32.53,37.04,2.9,2.4,3.41,4.39,3.6,5.19,17.14,15.48,18.64,4.13,2.98,5.2,,,,,,
2021-03-19,35.2,33.8,36.48,35.05,32.53,36.96,2.9,2.42,3.4,4.39,3.6,5.19,17.18,15.55,18.68,4.11,2.95,5.18,40.0,33.0,,6.0,11.0,5.0
2021-03-20,35.26,33.89,36.53,35.0,32.62,36.95,2.9,2.43,3.38,4.39,3.58,5.19,17.22,15.6,18.67,4.09,2.93,5.16,,,,,,
2021-03-21,35.31,33.99,36.58,34.96,32.71,36.92,2.9,2.43,3.37,4.38,3.56,5.18,17.25,15.64,18.68,4.06,2.9,5.13,,,,,,
2021-03-22,35.37,34.09,36.64,34.93,32.8,36.93,2.9,2.43,3.37,4.38,3.55,5.17,17.27,15.67,18.76,4.04,2.88,5.1,,,,,,
2021-03-23,35.43,34.16,36.66,34.91,32.71,36.94,2.9,2.42,3.38,4.38,3.55,5.15,17.29,15.68,18.75,4.01,2.85,5.06,,,,,,
2021-03-24,35.49,34.26,36.67,34.89,32.73,36.95,2.9,2.41,3.38,4.37,3.55,5.16,17.31,15.73,18.7,3.97,2.84,5.04,,,,,,
2021-03-25,35.54,34.33,36.71,34.88,32.79,36.87,2.91,2.4,3.38,4.37,3.55,5.15,17.31,15.78,18.65,3.94,2.82,5.04,,,,,,
2021-03-26,35.6,34.43,36.78,34.87,32.88,36.79,2.92,2.4,3.38,4.36,3.54,5.15,17.32,15.82,18.63,3.91,2.8,5.03,37.0,39.0,4.0,4.0,13.0,
2021-03-27,35.65,34.52,36.84,34.87,32.95,36.75,2.92,2.4,3.39,4.35,3.53,5.14,17.32,15.85,18.61,3.88,2.79,4.99,,,,,,
2021-03-28,35.7,34.58,36.84,34.88,32.96,36.75,2.93,2.41,3.39,4.34,3.51,5.13,17.31,15.88,18.59,3.84,2.78,4.91,,,,,,
2021-03-29,35.75,34.62,36.85,34.89,33.02,36.77,2.94,2.42,3.4,4.34,3.5,5.07,17.3,15.85,18.56,3.81,2.77,4.87,,,,,,
2021-03-30,35.79,34.69,36.85,34.9,33.01,36.81,2.95,2.44,3.43,4.33,3.49,5.07,17.28,15.82,18.55,3.78,2.77,4.84,,,,,,
2021-03-31,35.83,34.76,36.83,34.93,33.13,36.84,2.96,2.47,3.44,4.32,3.47,5.06,17.26,15.76,18.54,3.75,2.79,4.75,,,,,,
2021-04-01,35.87,34.83,36.85,34.95,33.19,36.89,2.97,2.47,3.45,4.31,3.45,5.05,17.23,15.72,18.51,3.72,2.79,4.72,37.0,35.0,2.0,2.0,18.0,6.0
2021-04-02,35.91,34.89,36.94,34.99,33.23,36.93,2.99,2.47,3.45,4.3,3.44,5.04,17.2,15.72,18.47,3.7,2.79,4.72,,,,,,
2021-04-03,35.94,34.95,37.0,35.03,33.29,36.98,3.0,2.47,3.46,4.29,3.44,5.04,17.17,15.71,18.43,3.67,2.78,4.65,,,,,,
2021-04-04,35.96,34.94,37.01,35.07,33.32,37.04,3.01,2.48,3.47,4.27,3.43,5.02,17.13,15.68,18.39,3.65,2.78,4.6,,,,,,
2021-04-05,35.99,34.93,37.0,35.12,33.39,37.1,3.03,2.48,3.5,4.26,3.43,5.0,17.09,15.64,18.34,3.63,2.79,4.59,,,,,,
2021-04-06,36.01,34.88,37.03,35.17,33.44,37.17,3.04,2.5,3.52,4.25,3.43,4.99,17.05,15.59,18.3,3.61,2.78,4.58,,,,,,
2021-04-07,36.03,34.86,37.05,35.23,33.5,37.15,3.06,2.52,3.54,4.23,3.42,4.96,17.01,15.56,18.26,3.59,2.76,4.58,,,,,,
2021-04-08,36.04,34.84,37.08,35.29,33.52,37.18,3.07,2.54,3.56,4.22,3.42,4.95,16.97,15.51,18.17,3.58,2.75,4.57,34.0,40.0,2.0,5.0,17.0,2.0
2021-04-09,36.05,34.9,37.12,35.36,33.54,37.22,3.08,2.56,3.57,4.21,3.42,4.95,16.93,15.46,18.16,3.56,2.72,4.58,,,,,,
2021-04-10,36.05,34.89,37.16,35.42,33.61,37.21,3.1,2.57,3.58,4.19,3.42,4.95,16.88,15.4,18.09,3.55,2.71,4.64,,,,,,
2021-04-11,36.06,34.88,37.2,35.49,33.74,37.29,3.11,2.59,3.59,4.18,3.42,4.95,16.84,15.41,18.02,3.54,2.67,4.68,,,,,,
2021-04-12,36.05,34.88,37.23,35.57,33.85,37.37,3.12,2.61,3.63,4.16,3.43,4.95,16.79,15.36,17.95,3.53,2.67,4.73,,,,,,
2021-04-13,36.05,34.84,37.26,35.64,33.93,37.39,3.14,2.63,3.69,4.15,3.42,4.95,16.75,15.28,17.94,3.52,2.64,4.78,,,,,,
2021-04-14,36.04,34.79,37.28,35.71,34.01,37.42,3.15,2.64,3.69,4.13,3.42,4.95,16.71,15.21,17.94,3.51,2.6,4.83,39.0,31.0,,2.0,20.0,3.0
2021-04-15,36.04,34.75,37.29,35.78,34.05,37.44,3.17,2.65,3.7,4.12,3.42,4.94,16.67,15.14,17.89,3.51,2.56,4.88,,,,,,
2021-04-16,36.02,34.7,37.31,35.85,34.09,37.48,3.18,2.67,3.73,4.1,3.42,4.93,16.63,15.08,17.82,3.5,2.53,4.94,,,,,,
2021-04-17,36.01,34.64,37.33,35.92,34.2,37.54,3.19,2.67,3.76,4.09,3.41,4.92,16.59,15.08,17.79,3.5,2.49,4.99,,,,,,
2021-04-18,36.0,34.61,37.34,35.99,34.24,37.59,3.21,2.7,3.79,4.08,3.39,4.9,16.56,15.07,17.77,3.5,2.48,5.04,,,,,,
2021-04-19,35.98,34.57,37.35,36.05,34.26,37.68,3.22,2.71,3.8,4.07,3.36,4.89,16.53,15.05,17.72,3.49,2.46,5.09,33.0,37.0,2.0,,18.0,
2021-04-20,35.97,34.53,37.36,36.11,34.28,37.81,3.24,2.72,3.82,4.06,3.34,4.88,16.5,14.99,17.7,3.49,2.42,5.14,,,,,,
2021-04-21,35.95,34.5,37.37,36.16,34.29,37.86,3.25,2.71,3.84,4.05,3.34,4.87,16.47,14.95,17.7,3.49,2.36,5.2,,,,,,
2021-04-22,35.93,34.46,37.35,36.21,34.31,37.88,3.26,2.71,3.88,4.04,3.35,4.85,16.44,14.91,17.68,3.49,2.31,5.24,30.0,41.0,2.0,5.0,17.0,1.0
2021-04-23,35.91,34.42,37.35,36.26,34.35,37.89,3.28,2.72,3.89,4.03,3.35,4.84,16.42,14.92,17.66,3.5,2.27,5.25,,,,,,
2021-04-24,35.9,34.38,37.35,36.31,34.41,37.91,3.29,2.74,3.91,4.02,3.33,4.86,16.4,14.95,17.64,3.5,2.24,5.26,,,,,,
2021-04-25,35.88,34.34,37.32,36.35,34.42,37.93,3.3,2.74,3.93,4.02,3.32,4.84,16.38,14.97,17.62,3.51,2.22,5.27,,,,,,
2021-04-26,35.86,34.31,37.31,36.39,34.45,37.97,3.31,2.73,3.95,4.01,3.28,4.84,16.36,14.98,17.59,3.52,2.21,5.28,,,,,,
2021-04-27,35.84,34.27,37.31,36.42,34.49,37.98,3.33,2.72,3.97,4.01,3.25,4.85,16.34,14.95,17.57,3.53,2.21,5.33,,,,,,
2021-04-28,35.82,34.23,37.32,36.45,34.51,38.05,3.34,2.72,3.99,4.0,3.24,4.86,16.33,14.89,17.54,3.53,2.22,5.38,37.0,27.0,4.0,6.0,22.0,2.0
2021-04-29,35.79,34.2,37.31,36.48,34.5,38.08,3.35,2.71,4.0,4.0,3.2,4.85,16.31,14.92,17.49,3.54,2.25,5.42,,,,,,
2021-04-30,35.77,34.17,37.3,36.5,34.49,38.12,3.36,2.72,4.01,4.01,3.21,4.83,16.3,14.94,17.46,3.55,2.27,5.48,,,,,,
2021-05-01,35.75,34.14,37.29,36.52,34.52,38.16,3.37,2.71,4.01,4.01,3.18,4.83,16.29,14.89,17.47,3.57,2.26,5.54,,,,,,
2021-05-02,35.73,34.11,37.31,36.53,34.55,38.21,3.38,2.71,4.01,4.02,3.19,4.84,16.27,14.84,17.49,3.58,2.27,5.56,,,,,,
2021-05-03,35.71,34.08,37.31,36.54,34.57,38.25,3.4,2.71,4.01,4.03,3.18,4.87,16.26,14.85,17.5,3.59,2.28,5.59,36.0,37.0,3.0,,14.0,
2021-05-04,35.68,34.06,37.32,36.55,34.55,38.26,3.41,2.72,4.0,4.04,3.21,4.89,16.25,14.85,17.5,3.61,2.28,5.63,,,,,,
2021-05-05,35.66,34.03,37.33,36.56,34.51,38.21,3.42,2.72,3.99,4.06,3.19,4.91,16.24,14.87,17.43,3.62,2.28,5.66,37.0,40.0,,6.0,17.0,
2021-05-06,35.63,33.99,37.35,36.56,34.48,38.18,3.43,2.71,3.99,4.08,3.2,4.93,16.22,14.88,17.37,3.64,2.32,5.68,,,,,,
2021-05-07,35.61,33.94,37.36,36.56,34.43,38.19,3.44,2.72,3.98,4.1,3.22,4.97,16.21,14.89,17.32,3.66,2.32,5.73,,,,,,
2021-05-08,35.58,33.88,37.37,36.56,34.38,38.2,3.45,2.74,3.97,4.12,3.24,5.01,16.19,14.89,17.32,3.68,2.32,5.75,,,,,,
2021-05-09,35.55,33.86,37.37,36.55,34.37,38.21,3.46,2.74,3.99,4.15,3.26,5.03,16.18,14.9,17.32,3.7,2.32,5.75,,,,,,
2021-05-10,35.52,33.8,37.36,36.55,34.42,38.21,3.47,2.75,4.0,4.17,3.29,5.09,16.16,14.88,17.31,3.72,2.33,5.76,,,,,,
2021-05-11,35.49,33.7,37.36,36.54,34.48,38.21,3.48,2.76,4.01,4.2,3.31,5.15,16.14,14.85,17.31,3.74,2.33,5.76,,,,,,
2021-05-12,35.47,33.68,37.33,36.54,34.54,38.22,3.5,2.78,4.03,4.23,3.34,5.2,16.12,14.85,17.29,3.77,2.35,5.78,46.0,35.0,3.0,1.0,12.0,2.0
2021-05-13,35.44,33.65,37.27,36.54,34.59,38.21,3.51,2.79,4.07,4.26,3.36,5.24,16.09,14.83,17.28,3.79,2.37,5.8,34.0,38.0,5.0,5.0,15.0,2.0
2021-05-14,35.41,33.55,37.27,36.54,34.59,38.19,3.52,2.81,4.06,4.29,3.39,5.28,16.06,14.79,17.25,3.82,2.4,5.82,,,,,,
2021-05-15,35.38,33.5,37.28,36.54,34.54,38.22,3.53,2.82,4.06,4.33,3.42,5.32,16.03,14.76,17.22,3.84,2.44,5.85,,,,,,
2021-05-16,35.35,33.45,37.3,36.54,34.49,38.25,3.54,2.83,4.08,4.36,3.45,5.36,16.0,14.73,17.2,3.87,2.42,5.85,,,,,,
2021-05-17,35.32,33.4,37.31,36.55,34.47,38.26,3.55,2.85,4.09,4.39,3.47,5.41,15.96,14.7,17.17,3.89,2.42,5.86,,,,,,
2021-05-18,35.29,33.35,37.27,36.55,34.44,38.28,3.56,2.86,4.1,4.42,3.5,5.47,15.93,14.66,17.13,3.92,2.46,5.87,,,,,,
2021-05-19,35.26,33.32,37.21,36.56,34.47,38.31,3.57,2.87,4.11,4.46,3.52,5.53,15.89,14.63,17.09,3.95,2.45,5.87,,,,,,
2021-05-20,35.23,33.26,37.15,36.58,34.52,38.35,3.58,2.88,4.12,4.49,3.54,5.58,15.85,14.6,17.05,3.98,2.47,5.88,31.0,36.0,4.0,3.0,15.0,12.0
2021-05-21,35.19,33.2,37.08,36.6,34.58,38.38,3.58,2.89,4.13,4.51,3.56,5.63,15.8,14.57,17.0,4.0,2.49,5.89,,,,,,
2021-05-22,35.16,33.18,37.03,36.62,34.66,38.42,3.59,2.88,4.14,4.54,3.59,5.69,15.76,14.54,16.94,4.03,2.5,5.89,,,,,,
2021-05-23,35.13,33.14,37.05,36.64,34.7,38.48,3.6,2.87,4.15,4.57,3.61,5.73,15.71,14.51,16.87,4.06,2.5,5.9,,,,,,
2021-05-24,35.1,33.1,37.06,36.67,34.67,38.51,3.6,2.85,4.16,4.59,3.6,5.78,15.66,14.48,16.78,4.09,2.5,5.91,,,,,,
2021-05-25,35.07,33.05,37.04,36.7,34.66,38.59,3.61,2.84,4.17,4.61,3.61,5.82,15.61,14.46,16.74,4.12,2.5,5.96,,,,,,
2021-05-26,35.04,33.01,37.0,36.74,34.73,38.68,3.61,2.84,4.18,4.63,3.63,5.87,15.56,14.43,16.69,4.15,2.52,5.97,,,,,,
2021-05-27,35.02,32.96,37.0,36.78,34.83,38.72,3.62,2.87,4.21,4.65,3.64,5.91,15.51,14.41,16.59,4.17,2.54,5.99,,,,,,
2021-05-28,34.99,32.92,36.99,36.82,34.84,38.73,3.62,2.89,4.23,4.66,3.64,5.94,15.46,14.34,16.56,4.2,2.54,6.02,34.0,45.0,6.0,2.0,13.0,
2021-05-29,34.96,32.87,36.98,36.87,34.82,38.8,3.63,2.91,4.24,4.68,3.65,5.96,15.41,14.29,16.49,4.22,2.55,6.06,,,,,,
2021-05-30,34.93,32.82,36.92,36.92,34.78,38.86,3.63,2.91,4.24,4.69,3.66,5.94,15.36,14.21,16.41,4.25,2.57,6.09,,,,,,
2021-05-31,34.9,32.78,36.91,36.97,34.86,38.93,3.63,2.89,4.26,4.69,3.68,5.97,15.31,14.17,16.35,4.27,2.59,6.12,,,,,,
2021-06-01,34.88,32.74,36.91,37.02,34.85,39.0,3.63,2.87,4.27,4.7,3.69,6.01,15.26,14.16,16.3,4.29,2.62,6.12,,,,,,
2021-06-02,34.85,32.69,36.9,37.07,34.86,39.09,3.63,2.87,4.27,4.7,3.69,6.02,15.21,14.12,16.24,4.31,2.63,6.11,,,,,,
2021-06-03,34.82,32.66,36.89,37.13,34.94,39.19,3.64,2.87,4.27,4.71,3.67,6.04,15.16,14.08,16.19,4.33,2.65,6.13,33.0,37.0,,5.0,18.0,3.0
2021-06-04,34.79,32.64,36.87,37.19,35.03,39.3,3.64,2.88,4.27,4.71,3.65,6.09,15.11,14.06,16.14,4.35,2.67,6.19,,,,,,
2021-06-05,34.76,32.63,36.84,37.25,35.05,39.41,3.64,2.88,4.28,4.71,3.66,6.11,15.07,14.01,16.09,4.36,2.72,6.24,,,,,,
2021-06-06,34.73,32.56,36.8,37.31,35.08,39.53,3.64,2.88,4.29,4.71,3.67,6.11,15.02,13.98,16.08,4.37,2.74,6.25,,,,,,
2021-06-07,34.7,32.52,36.76,37.38,35.12,39.67,3.64,2.89,4.31,4.71,3.65,6.1,14.98,13.95,16.05,4.38,2.74,6.21,,,,,,
2021-06-08,34.67,32.5,36.72,37.44,35.14,39.79,3.64,2.87,4.32,4.71,3.63,6.09,14.94,13.87,16.03,4.39,2.75,6.24,,,,,,
2021-06-09,34.64,32.5,36.7,37.5,35.21,39.87,3.64,2.84,4.34,4.71,3.62,6.07,14.9,13.81,16.03,4.4,2.77,6.26,,,,,,
2021-06-10,34.6,32.51,36.67,37.57,35.29,39.96,3.65,2.82,4.35,4.7,3.64,6.06,14.86,13.77,16.02,4.4,2.79,6.27,39.0,30.0,5.0,6.0,15.0,2.0
2021-06-11,34.57,32.52,36.64,37.63,35.32,40.04,3.65,2.81,4.36,4.7,3.63,6.08,14.82,13.71,16.02,4.41,2.81,6.26,,,,,,
2021-06-12,34.53,32.51,36.61,37.69,35.35,40.11,3.65,2.81,4.36,4.7,3.6,6.09,14.79,13.64,16.02,4.41,2.82,6.25,,,,,,
2021-06-13,34.49,32.49,36.54,37.76,35.4,40.18,3.65,2.82,4.37,4.7,3.57,6.09,14.76,13.58,15.96,4.41,2.82,6.23,,,,,,
2021-06-14,34.46,32.48,36.44,37.82,35.41,40.24,3.65,2.83,4.38,4.7,3.55,6.08,14.73,13.55,15.91,4.4,2.82,6.2,,,,,,
2021-06-15,34.41,32.47,36.35,37.88,35.41,40.29,3.65,2.84,4.4,4.7,3.53,6.06,14.7,13.53,15.85,4.4,2.79,6.16,,,,,,
2021-06-16,34.37,32.44,36.32,37.94,35.43,40.37,3.65,2.85,4.42,4.7,3.51,6.05,14.68,13.48,15.81,4.39,2.78,6.1,,,,,,
2021-06-17,34.33,32.41,36.24,38.0,35.41,40.49,3.65,2.85,4.44,4.7,3.49,6.05,14.66,13.47,15.8,4.38,2.79,6.11,28.0,39.0,1.0,6.0,16.0,7.0
2021-06-18,34.29,32.36,36.14,38.05,35.42,40.64,3.65,2.84,4.46,4.7,3.47,6.04,14.64,13.45,15.78,4.37,2.8,6.09,41.0,38.0,4.0,2.0,11.0,
2021-06-19,34.24,32.25,36.03,38.1,35.45,40.78,3.65,2.82,4.47,4.7,3.47,6.02,14.63,13.41,15.78,4.35,2.8,6.04,,,,,,
2021-06-20,34.2,32.17,36.02,38.15,35.48,40.87,3.65,2.86,4.48,4.71,3.48,6.01,14.62,13.37,15.77,4.33,2.8,6.0,,,,,,
2021-06-21,34.16,32.19,36.02,38.2,35.52,40.92,3.64,2.86,4.48,4.71,3.48,6.03,14.61,13.34,15.78,4.31,2.8,5.95,,,,,,
2021-06-22,34.12,32.21,36.01,38.24,35.52,41.01,3.64,2.86,4.49,4.72,3.5,6.05,14.6,13.32,15.79,4.29,2.8,5.89,,,,,,
2021-06-23,34.08,32.2,36.01,38.28,35.52,41.09,3.64,2.86,4.49,4.72,3.5,6.07,14.6,13.3,15.77,4.27,2.79,5.84,,,,,,
2021-06-24,34.04,32.16,36.01,38.31,35.52,41.1,3.64,2.86,4.48,4.73,3.51,6.09,14.6,13.25,15.74,4.25,2.78,5.82,33.0,27.0,3.0,10.0,19.0,6.0
2021-06-25,34.0,32.11,35.94,38.34,35.51,41.1,3.64,2.87,4.48,4.73,3.51,6.11,14.6,13.23,15.72,4.23,2.76,5.75,,,,,,
2021-06-26,33.97,32.06,35.86,38.37,35.53,41.13,3.64,2.87,4.49,4.74,3.48,6.13,14.6,13.21,15.74,4.2,2.73,5.68,,,,,,
2021-06-27,33.93,32.02,35.79,38.4,35.54,41.08,3.65,2.86,4.49,4.74,3.47,6.15,14.6,13.18,15.76,4.18,2.74,5.6,,,,,,
2021-06-28,33.89,31.98,35.73,38.43,35.56,41.04,3.65,2.86,4.5,4.75,3.44,6.15,14.6,13.16,15.77,4.16,2.76,5.52,,,,,,
2021-06-29,33.86,31.94,35.72,38.45,35.54,41.05,3.65,2.86,4.5,4.75,3.42,6.1,14.6,13.12,15.77,4.13,2.77,5.45,,,,,,
2021-06-30,33.82,31.9,35.71,38.48,35.57,41.12,3.66,2.87,4.49,4.75,3.45,6.06,14.6,13.11,15.78,4.11,2.77,5.38,25.0,43.0,,8.0,15.0,5.0
2021-07-01,33.78,31.87,35.69,38.51,35.61,41.2,3.67,2.87,4.48,4.76,3.48,6.0,14.59,13.09,15.78,4.09,2.75,5.32,,,,,,
2021-07-02,33.74,31.85,35.67,38.54,35.66,41.29,3.67,2.88,4.48,4.76,3.51,6.01,14.59,13.08,15.78,4.07,2.73,5.25,,,,,,
2021-07-03,33.7,31.83,35.65,38.57,35.69,41.36,3.68,2.88,4.48,4.76,3.52,6.01,14.59,13.11,15.8,4.05,2.67,5.19,,,,,,
2021-07-04,33.66,31.8,35.59,38.6,35.72,41.43,3.69,2.89,4.48,4.76,3.51,6.01,14.58,13.07,15.82,4.03,2.67,5.16,,,,,,
2021-07-05,33.62,31.78,35.49,38.64,35.77,41.49,3.69,2.89,4.49,4.76,3.55,6.01,14.57,13.04,15.83,4.01,2.66,5.16,,,,,,
2021-07-06,33.57,31.76,35.47,38.68,35.88,41.53,3.7,2.9,4.49,4.76,3.57,6.01,14.57,13.03,15.84,3.99,2.69,5.17,,,,,,
2021-07-07,33.52,31.75,35.47,38.71,35.99,41.58,3.71,2.93,4.49,4.76,3.55,6.03,14.56,13.02,15.83,3.98,2.68,5.16,,,,,,
2021-07-08,33.47,31.7,35.41,38.76,36.07,41.61,3.72,2.94,4.51,4.75,3.53,6.04,14.54,13.01,15.85,3.96,2.65,5.12,35.0,45.0,2.0,4.0,11.0,1.0
2021-07-09,33.41,31.6,35.33,38.8,36.13,41.62,3.73,2.95,4.51,4.75,3.51,6.05,14.53,12.98,15.86,3.95,2.68,5.07,,,,,,
2021-07-10,33.36,31.5,35.21,38.85,36.2,41.62,3.74,2.95,4.51,4.74,3.49,6.06,14.52,12.94,15.86,3.94,2.68,5.03,,,,,,
2021-07-11,33.3,31.39,35.14,38.91,36.28,41.64,3.75,3.01,4.52,4.73,3.49,6.07,14.51,12.9,15.85,3.93,2.67,5.03,,,,,,
2021-07-12,33.23,31.28,35.06,38.97,36.33,41.66,3.76,3.0,4.55,4.72,3.5,6.02,14.5,12.86,15.83,3.93,2.66,5.06,,,,,,
2021-07-13,33.16,31.17,34.99,39.03,36.37,41.75,3.76,2.98,4.57,4.71,3.5,5.97,14.49,12.84,15.82,3.92,2.64,5.06,,,,,,
2021-07-14,33.09,31.02,34.91,39.09,36.43,41.84,3.77,2.99,4.57,4.7,3.5,5.96,14.48,12.86,15.82,3.92,2.63,5.05,,,,,,
2021-07-15,33.01,30.95,34.81,39.17,36.57,41.91,3.78,2.98,4.59,4.69,3.48,5.97,14.46,12.87,15.82,3.92,2.64,5.04,,,,,,
2021-07-16,32.94,30.86,34.71,39.24,36.67,41.93,3.79,2.98,4.64,4.67,3.5,5.96,14.45,12.84,15.82,3.92,2.68,5.05,38.0,44.0,3.0,1.0,11.0,3.0
2021-07-17,32.86,30.76,34.62,39.32,36.8,41.95,3.8,2.98,4.66,4.66,3.51,5.94,14.44,12.8,15.82,3.92,2.72,5.05,,,,,,
2021-07-18,32.78,30.62,34.53,39.4,36.87,41.97,3.81,2.98,4.68,4.65,3.48,5.91,14.43,12.8,15.84,3.92,2.76,5.04,,,,,,
2021-07-19,32.7,30.48,34.44,39.48,37.06,42.02,3.83,2.98,4.7,4.63,3.51,5.88,14.41,12.8,15.84,3.92,2.8,5.04,,,,,,
2021-07-20,32.61,30.36,34.34,39.56,37.17,42.07,3.84,3.0,4.72,4.62,3.53,5.85,14.4,12.77,15.87,3.92,2.82,5.02,,,,,,
2021-07-21,32.53,30.24,34.27,39.65,37.28,42.12,3.85,2.98,4.75,4.6,3.56,5.82,14.38,12.74,15.87,3.91,2.81,5.01,36.0,36.0,4.0,3.0,18.0,
2021-07-22,32.45,30.19,34.22,39.73,37.38,42.15,3.87,3.01,4.75,4.59,3.52,5.77,14.37,12.72,15.88,3.9,2.79,5.01,,,,,,
2021-07-23,32.37,30.09,34.15,39.82,37.53,42.16,3.88,3.04,4.77,4.58,3.52,5.73,14.35,12.66,15.87,3.9,2.78,5.03,,,,,,
2021-07-24,32.29,30.0,34.11,39.91,37.68,42.17,3.9,3.05,4.8,4.57,3.54,5.7,14.34,12.6,15.86,3.89,2.76,5.04,,,,,,
2021-07-25,32.21,29.97,34.08,39.99,37.87,42.25,3.91,3.06,4.82,4.56,3.48,5.67,14.32,12.58,15.86,3.87,2.75,5.05,,,,,,
2021-07-26,32.14,29.83,34.02,40.07,38.01,42.27,3.93,3.08,4.83,4.55,3.42,5.67,14.31,12.53,15.88,3.86,2.73,4.99,,,,,,
2021-07-27,32.07,29.74,33.96,40.15,38.08,42.29,3.94,3.08,4.83,4.54,3.43,5.68,14.3,12.53,15.89,3.84,2.71,4.92,,,,,,
2021-07-28,31.99,29.62,33.89,40.22,38.22,42.33,3.96,3.11,4.84,4.53,3.42,5.68,14.28,12.52,15.9,3.82,2.71,4.91,,,,,,
2021-07-29,31.92,29.52,33.81,40.29,38.31,42.38,3.98,3.12,4.85,4.53,3.39,5.67,14.27,12.5,15.9,3.8,2.72,4.86,30.0,45.0,6.0,6.0,12.0,
2021-07-30,31.85,29.44,33.78,40.36,38.38,42.41,3.99,3.13,4.85,4.52,3.33,5.67,14.26,12.47,15.9,3.78,2.71,4.79,,,,,,
2021-07-31,31.79,29.27,33.71,40.42,38.43,42.4,4.01,3.14,4.86,4.52,3.29,5.67,14.25,12.45,15.89,3.76,2.69,4.75,,,,,,
2021-08-01,31.72,29.1,33.68,40.47,38.53,42.41,4.02,3.15,4.89,4.52,3.24,5.68,14.24,12.43,15.88,3.73,2.69,4.72,,,,,,
2021-08-02,31.66,29.07,33.62,40.52,38.59,42.41,4.03,3.16,4.91,4.52,3.27,5.73,14.24,12.41,15.86,3.7,2.63,4.68,,,,,,
2021-08-03,31.6,29.04,33.56,40.56,38.75,42.44,4.05,3.18,4.94,4.53,3.26,5.75,14.23,12.38,15.86,3.68,2.61,4.61,,,,,,
2021-08-04,31.54,29.02,33.55,40.59,38.79,42.51,4.06,3.19,4.96,4.53,3.25,5.83,14.23,12.34,15.85,3.65,2.59,4.54,,,,,,
2021-08-05,31.48,29.02,33.48,40.62,38.83,42.55,4.07,3.2,4.97,4.54,3.23,5.93,14.24,12.34,15.86,3.63,2.59,4.51,,,,,,
2021-08-06,31.42,28.98,33.44,40.64,38.87,42.54,4.09,3.21,4.96,4.55,3.21,5.98,14.24,12.34,15.85,3.61,2.6,4.51,33.0,37.0,4.0,4.0,16.0,2.0
2021-08-07,31.37,28.96,33.36,40.65,38.89,42.56,4.1,3.23,4.96,4.56,3.2,6.06,14.26,12.34,15.86,3.58,2.61,4.46,,,,,,
2021-08-08,31.31,28.91,33.32,40.65,38.9,42.57,4.11,3.24,4.95,4.57,3.22,6.15,14.27,12.35,15.94,3.56,2.59,4.41,,,,,,
2021-08-09,31.26,28.85,33.27,40.64,38.95,42.56,4.12,3.24,4.95,4.58,3.17,6.22,14.29,12.41,16.02,3.55,2.58,4.37,,,,,,
2021-08-10,31.21,28.73,33.23,40.63,38.96,42.51,4.13,3.25,4.96,4.6,3.17,6.26,14.31,12.42,16.1,3.54,2.6,4.34,,,,,,
2021-08-11,31.16,28.61,33.17,40.61,38.97,42.45,4.13,3.25,4.97,4.62,3.17,6.24,14.34,12.44,16.19,3.53,2.6,4.33,,,,,,
2021-08-12,31.12,28.5,33.12,40.57,38.96,42.42,4.14,3.26,4.98,4.63,3.18,6.22,14.37,12.48,16.21,3.53,2.62,4.34,36.0,35.0,3.0,4.0,19.0,
2021-08-13,31.07,28.39,33.07,40.53,38.91,42.38,4.14,3.27,4.98,4.66,3.17,6.25,14.41,12.53,16.21,3.53,2.69,4.37,,,,,,
2021-08-14,31.03,28.37,33.05,40.49,38.89,42.35,4.15,3.27,4.98,4.68,3.18,6.3,14.44,12.58,16.19,3.53,2.67,4.39,,,,,,
2021-08-15,30.99,28.38,33.03,40.43,38.87,42.35,4.15,3.28,4.99,4.7,3.2,6.36,14.48,12.63,16.17,3.54,2.7,4.41,,,,,,
2021-08-16,30.94,28.38,33.02,40.36,38.76,42.26,4.15,3.28,4.98,4.73,3.23,6.39,14.52,12.64,16.2,3.55,2.74,4.41,,,,,,
2021-08-17,30.9,28.38,33.0,40.29,38.69,42.16,4.16,3.28,4.96,4.76,3.23,6.4,14.57,12.73,16.26,3.57,2.77,4.47,,,,,,
2021-08-18,30.86,28.31,32.95,40.21,38.55,42.08,4.16,3.27,4.95,4.8,3.22,6.45,14.61,12.78,16.38,3.59,2.81,4.53,27.0,43.0,9.0,1.0,9.0,6.0
2021-08-19,30.82,28.3,32.9,40.13,38.4,41.98,4.16,3.27,4.96,4.83,3.22,6.52,14.65,12.79,16.51,3.62,2.85,4.6,,,,,,
2021-08-20,30.78,28.31,32.85,40.04,38.3,41.91,4.16,3.27,4.96,4.87,3.26,6.62,14.7,12.77,16.64,3.64,2.89,4.66,,,,,,
2021-08-21,30.75,28.32,32.81,39.94,38.21,41.81,4.16,3.28,4.96,4.92,3.31,6.67,14.75,12.77,16.76,3.67,2.89,4.66,,,,,,
2021-08-22,30.71,28.33,32.76,39.85,38.04,41.67,4.16,3.28,4.96,4.96,3.36,6.72,14.79,12.76,16.85,3.7,2.91,4.78,,,,,,
2021-08-23,30.67,28.33,32.75,39.75,37.91,41.59,4.16,3.28,4.96,5.01,3.4,6.78,14.83,12.76,16.9,3.74,2.94,4.81,,,,,,
2021-08-24,30.63,28.34,32.73,39.65,37.8,41.56,4.16,3.28,4.96,5.05,3.45,6.82,14.88,12.79,16.99,3.77,2.94,4.89,,,,,,
2021-08-25,30.59,28.35,32.67,39.55,37.68,41.48,4.16,3.28,4.97,5.1,3.49,6.94,14.92,12.82,17.08,3.81,2.97,4.89,,,,,,
2021-08-26,30.55,28.36,32.64,39.45,37.54,41.42,4.16,3.27,4.97,5.15,3.52,7.06,14.96,12.85,17.12,3.84,2.96,4.97,21.0,46.0,2.0,8.0,13.0,6.0
2021-08-27,30.51,28.37,32.63,39.35,37.45,41.4,4.15,3.26,4.94,5.21,3.55,7.04,14.99,12.88,17.21,3.88,2.98,5.02,,,,,,
2021-08-28,30.48,28.38,32.61,39.25,37.33,41.38,4.15,3.25,4.94,5.26,3.62,7.03,15.02,12.91,17.3,3.92,3.01,5.07,,,,,,
2021-08-29,30.44,28.39,32.59,39.16,37.17,41.36,4.14,3.24,4.94,5.31,3.69,7.1,15.05,12.93,17.35,3.95,3.03,5.13,,,,,,
2021-08-30,30.4,28.39,32.56,39.06,37.09,41.27,4.14,3.23,4.93,5.37,3.74,7.15,15.08,12.96,17.4,3.99,3.04,5.19,,,,,,
2021-08-31,30.37,28.39,32.55,38.97,37.01,41.15,4.13,3.23,4.94,5.42,3.8,7.18,15.11,12.93,17.42,4.02,3.05,5.24,,,,,,
2021-09-01,30.33,28.4,32.53,38.89,36.89,41.08,4.12,3.22,4.95,5.48,3.85,7.22,15.13,12.94,17.4,4.06,3.05,5.28,,,,,,
2021-09-02,30.3,28.4,32.5,38.8,36.74,41.04,4.11,3.21,4.94,5.53,3.92,7.24,15.14,12.96,17.39,4.09,3.06,5.34,,,,,,
2021-09-03,30.27,28.4,32.47,38.73,36.59,40.98,4.1,3.19,4.93,5.59,3.97,7.29,15.16,12.95,17.36,4.12,3.07,5.37,28.0,45.0,2.0,1.0,21.0,2.0
2021-09-04,30.24,28.37,32.47,38.65,36.43,40.94,4.09,3.19,4.93,5.65,4.03,7.34,15.17,12.94,17.34,4.15,3.08,5.44,,,,,,
2021-09-05,30.21,28.33,32.44,38.58,36.29,40.89,4.08,3.18,4.92,5.71,4.09,7.38,15.17,12.93,17.36,4.17,3.09,5.49,,,,,,
2021-09-06,30.18,28.3,32.42,38.52,36.18,40.88,4.07,3.18,4.9,5.77,4.15,7.43,15.18,12.92,17.4,4.2,3.09,5.53,,,,,,
2021-09-07,30.16,28.27,32.34,38.46,36.06,40.83,4.05,3.18,4.89,5.82,4.21,7.48,15.18,12.91,17.47,4.22,3.1,5.57,,,,,,
2021-09-08,30.13,28.24,32.34,38.4,35.96,40.78,4.04,3.18,4.87,5.88,4.28,7.51,15.17,12.89,17.45,4.24,3.13,5.6,,,,,,
2021-09-09,30.11,28.2,32.35,38.35,35.87,40.74,4.03,3.18,4.86,5.94,4.34,7.58,15.16,12.86,17.41,4.26,3.13,5.63,33.0,38.0,5.5,12.0,11.0,3.5
2021-09-10,30.08,28.17,32.31,38.3,35.8,40.68,4.01,3.17,4.84,6.0,4.41,7.67,15.15,12.86,17.41,4.28,3.13,5.68,,,,,,
2021-09-11,30.06,28.15,32.24,38.26,35.73,40.64,4.0,3.17,4.82,6.06,4.48,7.71,15.14,12.85,17.41,4.29,3.14,5.73,,,,,,
2021-09-12,30.05,28.14,32.22,38.22,35.64,40.6,3.99,3.16,4.8,6.13,4.54,7.76,15.12,12.84,17.4,4.31,3.14,5.78,,,,,,
2021-09-13,30.03,28.14,32.2,38.18,35.62,40.6,3.97,3.15,4.78,6.19,4.59,7.85,15.1,12.83,17.39,4.32,3.15,5.83,,,,,,
2021-09-14,30.02,28.16,32.18,38.15,35.5,40.56,3.96,3.14,4.75,6.25,4.65,7.93,15.08,12.82,17.41,4.33,3.16,5.82,31.0,37.0,4.0,,15.0,
2021-09-15,30.0,28.16,32.15,38.11,35.45,40.57,3.95,3.13,4.71,6.31,4.73,8.02,15.05,12.82,17.44,4.35,3.16,5.8,,,,,,
2021-09-16,30.0,28.13,32.11,38.08,35.43,40.61,3.93,3.12,4.69,6.37,4.8,8.05,15.03,12.79,17.45,4.36,3.19,5.79,31.0,42.0,2.0,6.0,14.0,2.0
2021-09-17,29.99,28.18,32.06,38.06,35.4,40.65,3.92,3.11,4.66,6.43,4.88,8.05,15.0,12.75,17.46,4.37,3.21,5.77,,,,,,
2021-09-18,29.99,28.22,32.01,38.03,35.38,40.66,3.9,3.1,4.63,6.49,4.97,8.09,14.97,12.72,17.46,4.38,3.21,5.75,,,,,,
2021-09-19,29.99,28.27,32.01,38.01,35.36,40.62,3.89,3.09,4.59,6.54,5.04,8.16,14.95,12.68,17.45,4.38,3.2,5.77,,,,,,
2021-09-20,29.99,28.33,31.97,37.98,35.33,40.57,3.87,3.08,4.56,6.6,5.1,8.23,14.92,12.64,17.42,4.39,3.2,5.79,,,,,,
2021-09-21,30.0,28.36,31.93,37.96,35.31,40.48,3.86,3.07,4.52,6.65,5.17,8.24,14.89,12.61,17.36,4.4,3.2,5.82,,,,,,
2021-09-22,30.01,28.38,31.97,37.94,35.3,40.39,3.85,3.06,4.49,6.7,5.24,8.31,14.86,12.58,17.37,4.4,3.18,5.85,,,,,,
2021-09-23,30.02,28.39,31.97,37.92,35.25,40.35,3.83,3.06,4.45,6.75,5.3,8.35,14.84,12.61,17.34,4.41,3.17,5.84,24.0,40.0,4.0,7.0,17.0,1.0
2021-09-24,30.03,28.43,31.95,37.89,35.2,40.35,3.82,3.06,4.41,6.8,5.37,8.38,14.81,12.65,17.27,4.41,3.2,5.85,,,,,,
2021-09-25,30.05,28.44,31.92,37.87,35.17,40.3,3.81,3.07,4.38,6.84,5.44,8.41,14.79,12.69,17.18,4.42,3.22,5.86,,,,,,
2021-09-26,30.07,28.43,31.9,37.85,35.17,40.24,3.79,3.07,4.34,6.88,5.51,8.45,14.76,12.69,17.1,4.43,3.2,5.88,,,,,,
2021-09-27,30.09,28.43,31.92,37.82,35.19,40.22,3.78,3.08,4.31,6.92,5.58,8.47,14.74,12.73,17.01,4.44,3.19,5.88,,,,,,
2021-09-28,30.11,28.48,31.95,37.79,35.2,40.21,3.77,3.09,4.27,6.96,5.63,8.47,14.72,12.76,16.93,4.44,3.22,5.85,,,,,,
2021-09-29,30.14,28.48,31.96,37.76,35.18,40.2,3.76,3.1,4.23,6.99,5.66,8.52,14.7,12.73,16.98,4.46,3.27,5.86,32.0,29.0,,3.0,28.0,8.0
2021-09-30,30.16,28.49,31.95,37.73,35.15,40.21,3.74,3.11,4.2,7.02,5.68,8.45,14.69,12.72,17.07,4.47,3.27,5.86,,,,,,
2021-10-01,30.19,28.49,32.07,37.69,35.09,40.19,3.73,3.1,4.19,7.04,5.71,8.44,14.67,12.71,17.04,4.48,3.27,5.86,,,,,,
2021-10-02,30.22,28.5,32.12,37.66,35.04,40.16,3.72,3.13,4.18,7.06,5.78,8.48,14.66,12.7,16.98,4.49,3.27,5.85,,,,,,
2021-10-03,30.25,28.56,32.14,37.62,34.99,40.14,3.71,3.12,4.15,7.08,5.84,8.45,14.65,12.69,16.93,4.51,3.28,5.84,,,,,,
2021-10-04,30.28,28.63,32.11,37.59,34.93,40.07,3.7,3.11,4.14,7.1,5.86,8.43,14.65,12.73,16.87,4.53,3.3,5.84,,,,,,
2021-10-05,30.31,28.62,32.06,37.55,34.93,39.99,3.69,3.1,4.14,7.11,5.88,8.45,14.64,12.77,16.86,4.54,3.29,5.84,,,,,,
2021-10-06,30.34,28.68,32.02,37.51,34.92,39.94,3.68,3.1,4.14,7.12,5.88,8.45,14.64,12.76,16.86,4.56,3.28,5.86,35.0,25.0,3.0,10.0,13.0,9.0
2021-10-07,30.37,28.65,32.02,37.47,34.91,39.88,3.67,3.11,4.13,7.12,5.91,8.46,14.64,12.75,16.85,4.58,3.28,5.88,,,,,,
2021-10-08,30.4,28.68,32.07,37.43,34.91,39.81,3.66,3.11,4.11,7.12,5.94,8.45,14.64,12.74,16.89,4.61,3.28,5.92,,,,,,
2021-10-09,30.42,28.67,32.11,37.39,34.86,39.77,3.66,3.12,4.1,7.12,5.97,8.43,14.64,12.75,16.86,4.63,3.32,5.96,,,,,,
2021-10-10,30.45,28.65,32.16,37.36,34.82,39.72,3.65,3.14,4.09,7.12,5.99,8.39,14.64,12.76,16.84,4.65,3.33,6.02,,,,,,
2021-10-11,30.47,28.68,32.19,37.32,34.71,39.67,3.64,3.16,4.09,7.12,6.01,8.35,14.64,12.81,16.83,4.68,3.35,6.04,,,,,,
2021-10-12,30.5,28.67,32.23,37.28,34.6,39.63,3.64,3.16,4.08,7.11,6.0,8.31,14.64,12.84,16.83,4.7,3.37,6.07,,,,,,
2021-10-13,30.51,28.72,32.24,37.25,34.57,39.58,3.63,3.16,4.07,7.1,5.98,8.26,14.65,12.87,16.82,4.73,3.4,6.06,33.0,32.0,4.0,8.0,13.0,5.0
2021-10-14,30.53,28.7,32.26,37.22,34.54,39.55,3.63,3.17,4.07,7.09,5.99,8.21,14.65,12.9,16.81,4.76,3.43,6.07,,,,,,
2021-10-15,30.54,28.69,32.26,37.19,34.49,39.54,3.63,3.18,4.06,7.07,5.99,8.17,14.66,12.88,16.79,4.79,3.46,6.09,,,,,,
2021-10-16,30.54,28.71,32.26,37.16,34.42,39.51,3.63,3.17,4.06,7.06,5.96,8.11,14.67,12.92,16.76,4.82,3.48,6.12,,,,,,
2021-10-17,30.54,28.72,32.28,37.14,34.37,39.5,3.64,3.18,4.07,7.04,5.96,8.1,14.67,12.97,16.7,4.85,3.51,6.14,,,,,,
2021-10-18,30.53,28.74,32.31,37.12,34.34,39.51,3.64,3.22,4.07,7.02,5.96,8.09,14.68,13.01,16.68,4.88,3.54,6.14,,,,,,
2021-10-19,30.51,28.69,32.25,37.1,34.35,39.53,3.65,3.23,4.1,7.0,5.95,8.08,14.7,12.97,16.69,4.91,3.58,6.15,,,,,,
2021-10-20,30.49,28.53,32.21,37.09,34.37,39.56,3.66,3.25,4.12,6.98,5.93,8.07,14.71,12.95,16.66,4.95,3.62,6.22,,,,,,
2021-10-21,30.46,28.52,32.2,37.08,34.41,39.51,3.68,3.27,4.15,6.96,5.92,8.05,14.73,12.98,16.67,4.98,3.67,6.25,26.0,44.0,3.0,9.0,11.0,5.0
2021-10-22,30.42,28.39,32.22,37.08,34.42,39.51,3.69,3.28,4.2,6.94,5.9,8.04,14.74,13.01,16.65,5.02,3.73,6.31,,,,,,
2021-10-23,30.38,28.26,32.21,37.08,34.45,39.52,3.71,3.3,4.26,6.92,5.85,8.03,14.76,13.05,16.64,5.05,3.78,6.4,,,,,,
2021-10-24,30.33,28.19,32.22,37.09,34.47,39.54,3.72,3.31,4.3,6.9,5.81,7.98,14.78,13.08,16.66,5.09,3.85,6.43,,,,,,
2021-10-25,30.28,28.13,32.21,37.11,34.5,39.54,3.74,3.33,4.33,6.88,5.76,7.95,14.8,13.1,16.65,5.13,3.87,6.48,,,,,,
2021-10-26,30.22,28.05,32.18,37.13,34.57,39.52,3.76,3.36,4.37,6.85,5.74,7.95,14.83,13.12,16.65,5.17,3.87,6.5,,,,,,
2021-10-27,30.16,27.95,32.16,37.15,34.69,39.53,3.79,3.38,4.44,6.83,5.71,7.95,14.85,13.14,16.66,5.21,3.92,6.51,,,,,,
2021-10-28,30.09,27.88,32.11,37.18,34.78,39.54,3.81,3.37,4.51,6.8,5.69,7.95,14.87,13.17,16.67,5.24,3.99,6.54,29.0,42.0,6.0,10.0,11.0,1.0
2021-10-29,30.03,27.8,32.06,37.22,34.87,39.55,3.84,3.38,4.58,6.78,5.66,7.93,14.89,13.22,16.66,5.28,4.11,6.55,,,,,,
2021-10-30,29.96,27.66,32.0,37.26,34.95,39.55,3.86,3.4,4.6,6.75,5.62,7.92,14.91,13.32,16.68,5.32,4.21,6.57,26.0,41.0,3.0,,13.0,
2021-10-31,29.89,27.59,31.95,37.3,35.01,39.56,3.89,3.42,4.66,6.73,5.57,7.89,14.93,13.37,16.69,5.36,4.27,6.58,,,,,,
2021-11-01,29.82,27.41,31.89,37.35,35.09,39.56,3.91,3.41,4.72,6.7,5.5,7.89,14.95,13.44,16.71,5.39,4.33,6.59,,,,,,
2021-11-02,29.75,27.28,31.83,37.4,35.21,39.53,3.94,3.42,4.79,6.67,5.43,7.88,14.97,13.43,16.69,5.43,4.38,6.6,,,,,,
2021-11-03,29.68,27.19,31.81,37.45,35.35,39.49,3.97,3.42,4.85,6.65,5.37,7.85,14.98,13.41,16.69,5.46,4.44,6.62,,,,,,
2021-11-04,29.62,27.08,31.82,37.51,35.49,39.52,3.99,3.43,4.89,6.62,5.32,7.82,14.99,13.43,16.66,5.49,4.5,6.62,35.0,37.0,3.0,8.0,8.0,8.0
2021-11-05,29.55,26.96,31.81,37.56,35.6,39.57,4.02,3.43,4.91,6.6,5.3,7.79,15.0,13.46,16.66,5.53,4.55,6.63,28.0,38.0,3.0,6.0,19.0,4.0
2021-11-06,29.49,26.88,31.82,37.62,35.68,39.61,4.04,3.44,4.93,6.57,5.28,7.76,15.01,13.5,16.7,5.56,4.57,6.67,,,,,,
2021-11-07,29.43,26.78,31.82,37.68,35.76,39.61,4.07,3.44,4.96,6.55,5.25,7.76,15.02,13.54,16.66,5.58,4.57,6.73,,,,,,
2021-11-08,29.37,26.71,31.79,37.74,35.85,39.62,4.09,3.44,4.98,6.52,5.23,7.78,15.03,13.58,16.67,5.61,4.56,6.79,,,,,,
2021-11-09,29.31,26.64,31.75,37.8,35.95,39.61,4.11,3.45,5.06,6.5,5.2,7.78,15.04,13.59,16.68,5.64,4.56,6.83,,,,,,
2021-11-10,29.25,26.57,31.72,37.86,36.07,39.59,4.13,3.44,5.13,6.47,5.17,7.78,15.05,13.52,16.69,5.66,4.59,6.88,,,,,,
2021-11-11,29.2,26.48,31.69,37.92,36.16,39.57,4.15,3.44,5.2,6.44,5.15,7.73,15.06,13.43,16.71,5.69,4.57,6.9,40.0,37.0,3.0,2.0,15.0,3.0
2021-11-12,29.14,26.41,31.65,37.98,36.26,39.54,4.17,3.45,5.27,6.41,5.12,7.68,15.07,13.35,16.73,5.71,4.6,6.94,,,,,,
2021-11-13,29.09,26.34,31.6,38.04,36.34,39.56,4.19,3.45,5.29,6.38,5.09,7.63,15.08,13.34,16.74,5.74,4.65,6.95,,,,,,
2021-11-14,29.04,26.27,31.54,38.1,36.44,39.59,4.21,3.46,5.32,6.34,5.06,7.61,15.09,13.35,16.71,5.76,4.65,6.99,,,,,,
2021-11-15,28.99,26.2,31.53,38.16,36.52,39.61,4.23,3.47,5.36,6.31,5.05,7.59,15.11,13.38,16.74,5.78,4.63,7.0,,,,,,
2021-11-16,28.94,26.12,31.52,38.21,36.61,39.63,4.25,3.48,5.41,6.27,5.05,7.56,15.12,13.4,16.76,5.81,4.62,7.01,,,,,,
2021-11-17,28.89,26.05,31.5,38.26,36.69,39.61,4.27,3.49,5.46,6.23,5.04,7.53,15.14,13.43,16.78,5.83,4.61,7.01,,,,,,
2021-11-18,28.84,25.98,31.47,38.31,36.78,39.63,4.29,3.5,5.51,6.19,5.04,7.5,15.16,13.41,16.8,5.85,4.61,7.02,28.0,34.0,4.0,8.0,14.0,10.0
2021-11-19,28.78,25.92,31.47,38.36,36.85,39.65,4.31,3.52,5.56,6.14,5.02,7.5,15.18,13.46,16.81,5.88,4.6,7.03,,,,,,
2021-11-20,28.73,25.82,31.46,38.4,36.92,39.68,4.34,3.55,5.61,6.09,4.98,7.51,15.2,13.52,16.84,5.91,4.61,7.08,,,,,,
2021-11-21,28.67,25.62,31.43,38.44,36.99,39.73,4.37,3.58,5.66,6.04,4.93,7.49,15.23,13.54,16.84,5.93,4.63,7.12,,,,,,
2021-11-22,28.62,25.55,31.39,38.48,37.07,39.89,4.4,3.61,5.71,5.98,4.89,7.42,15.26,13.54,16.84,5.96,4.69,7.16,,,,,,
2021-11-23,28.56,25.55,31.3,38.51,37.13,39.98,4.43,3.62,5.75,5.92,4.85,7.36,15.29,13.54,16.85,6.0,4.72,7.2,,,,,,
2021-11-24,28.5,25.54,31.25,38.54,37.21,39.89,4.46,3.65,5.78,5.86,4.8,7.32,15.33,13.6,16.87,6.03,4.76,7.21,,,,,,
2021-11-25,28.44,25.45,31.19,38.57,37.27,39.88,4.5,3.69,5.82,5.79,4.77,7.24,15.36,13.67,16.88,6.06,4.79,7.22,26.0,44.0,3.0,4.0,19.0,4.0
2021-11-26,28.38,25.35,31.14,38.59,37.31,39.91,4.54,3.72,5.85,5.72,4.72,7.13,15.4,13.69,16.9,6.1,4.83,7.22,,,,,,
2021-11-27,28.31,25.26,31.08,38.61,37.36,39.93,4.58,3.74,5.91,5.66,4.63,7.05,15.44,13.76,16.9,6.13,4.87,7.23,,,,,,
2021-11-28,28.25,25.16,31.03,38.63,37.38,39.96,4.63,3.75,5.96,5.59,4.6,6.94,15.48,13.85,16.93,6.16,4.91,7.25,,,,,,
2021-11-29,28.19,25.09,30.98,38.65,37.38,40.01,4.67,3.78,6.0,5.51,4.57,6.82,15.52,13.86,16.94,6.2,4.95,7.26,,,,,,
2021-11-30,28.12,25.04,30.92,38.66,37.38,40.05,4.72,3.83,6.04,5.44,4.5,6.73,15.55,13.87,16.97,6.23,4.99,7.29,,,,,,
2021-12-01,28.05,24.97,30.85,38.67,37.41,40.08,4.77,3.88,6.08,5.37,4.43,6.68,15.59,13.87,17.01,6.26,5.05,7.32,,,,,,
2021-12-02,27.98,24.88,30.78,38.68,37.45,40.11,4.82,3.94,6.12,5.3,4.34,6.58,15.62,13.9,17.05,6.3,5.07,7.35,33.0,35.0,4.0,5.0,18.0,2.0
2021-12-03,27.91,24.8,30.7,38.7,37.43,40.14,4.88,3.98,6.19,5.23,4.28,6.49,15.66,13.95,17.08,6.32,5.1,7.37,,,,,,
2021-12-04,27.84,24.7,30.62,38.71,37.42,40.15,4.93,4.03,6.28,5.16,4.2,6.39,15.69,13.99,17.09,6.35,5.1,7.4,,,,,,
2021-12-05,27.76,24.61,30.48,38.73,37.42,40.14,4.99,4.08,6.35,5.09,4.16,6.27,15.72,14.01,17.12,6.38,5.11,7.42,,,,,,
2021-12-06,27.67,24.53,30.36,38.74,37.47,40.14,5.05,4.12,6.44,5.02,4.13,6.17,15.75,14.07,17.15,6.4,5.1,7.43,,,,,,
2021-12-07,27.59,24.46,30.26,38.76,37.54,40.14,5.12,4.16,6.53,4.95,4.09,6.07,15.77,14.11,17.21,6.42,5.11,7.43,,,,,,
2021-12-08,27.5,24.34,30.18,38.79,37.56,40.15,5.18,4.22,6.62,4.88,4.06,5.98,15.8,14.1,17.2,6.44,5.15,7.42,,,,,,
2021-12-09,27.41,24.29,30.12,38.81,37.6,40.16,5.25,4.3,6.71,4.82,4.01,5.86,15.82,14.09,17.17,6.45,5.19,7.41,13.0,40.0,12.0,6.0,18.0,9.0
2021-12-10,27.31,24.23,30.05,38.85,37.66,40.17,5.32,4.35,6.79,4.75,3.91,5.78,15.84,14.11,17.17,6.47,5.24,7.42,30.0,36.0,5.0,5.0,18.0,7.0
2021-12-11,27.22,24.18,29.88,38.88,37.7,40.23,5.39,4.41,6.83,4.69,3.86,5.72,15.86,14.14,17.2,6.48,5.28,7.43,,,,,,
2021-12-12,27.12,24.12,29.79,38.92,37.72,40.29,5.46,4.49,6.88,4.63,3.81,5.68,15.87,14.17,17.19,6.49,5.32,7.44,,,,,,
2021-12-13,27.02,24.06,29.72,38.96,37.77,40.36,5.53,4.59,6.96,4.57,3.77,5.57,15.89,14.2,17.24,6.49,5.36,7.43,,,,,,
2021-12-14,26.92,23.95,29.62,39.01,37.82,40.41,5.6,4.62,7.07,4.51,3.74,5.48,15.9,14.22,17.29,6.5,5.41,7.4,,,,,,
2021-12-15,26.81,23.74,29.57,39.06,37.84,40.52,5.68,4.66,7.12,4.46,3.69,5.41,15.9,14.24,17.31,6.5,5.44,7.37,23.0,40.0,6.0,,23.0,8.0
2021-12-16,26.71,23.54,29.43,39.11,37.86,40.63,5.75,4.69,7.16,4.4,3.65,5.38,15.91,14.25,17.33,6.5,5.42,7.38,26.0,41.0,3.0,,13.0,7.0
2021-12-17,26.61,23.34,29.33,39.17,37.91,40.74,5.82,4.76,7.26,4.35,3.62,5.35,15.91,14.25,17.34,6.5,5.4,7.39,,,,,,
2021-12-18,26.51,23.19,29.28,39.23,37.97,40.85,5.89,4.83,7.35,4.3,3.56,5.31,15.91,14.26,17.35,6.49,5.39,7.39,,,,,,
2021-12-19,26.41,23.19,29.15,39.3,38.01,40.96,5.96,4.84,7.43,4.26,3.48,5.26,15.9,14.23,17.35,6.49,5.33,7.39,,,,,,
2021-12-20,26.31,23.21,29.1,39.37,38.07,41.07,6.03,4.9,7.46,4.22,3.48,5.22,15.89,14.21,17.29,6.48,5.34,7.39,35.0,37.0,2.0,4.0,12.0,9.0
2021-12-21,26.21,23.15,29.03,39.44,38.12,41.18,6.1,4.98,7.5,4.17,3.41,5.18,15.88,14.17,17.34,6.46,5.32,7.38,,,,,,
2021-12-22,26.12,23.07,28.89,39.51,38.17,41.22,6.16,5.05,7.57,4.14,3.36,5.11,15.86,14.15,17.31,6.45,5.31,7.36,,,,,,
2021-12-23,26.03,22.97,28.71,39.59,38.21,41.29,6.23,5.11,7.65,4.1,3.35,5.04,15.84,14.13,17.24,6.44,5.29,7.36,,,,,,
2021-12-24,25.94,22.84,28.51,39.67,38.28,41.41,6.29,5.17,7.72,4.07,3.34,5.02,15.81,14.09,17.2,6.42,5.28,7.34,,,,,,
2021-12-25,25.86,22.83,28.4,39.75,38.33,41.59,6.35,5.23,7.79,4.03,3.32,5.0,15.79,14.05,17.22,6.4,5.26,7.35,,,,,,
2021-12-26,25.78,22.78,28.33,39.83,38.39,41.71,6.41,5.28,7.85,4.0,3.29,4.98,15.76,14.0,17.22,6.38,5.22,7.34,,,,,,
2021-12-27,25.71,22.75,28.21,39.91,38.45,41.89,6.47,5.33,7.92,3.98,3.27,4.95,15.73,13.95,17.22,6.36,5.17,7.34,,,,,,
2021-12-28,25.63,22.73,28.08,39.99,38.51,41.98,6.52,5.37,7.97,3.95,3.25,4.92,15.69,13.89,17.21,6.33,5.16,7.33,,,,,,
2021-12-29,25.57,22.71,27.96,40.08,38.57,42.07,6.57,5.41,8.03,3.93,3.23,4.9,15.66,13.84,17.16,6.31,5.16,7.31,,,,,,
2021-12-30,25.5,22.7,27.86,40.16,38.64,42.18,6.62,5.48,8.07,3.9,3.21,4.88,15.62,13.79,17.1,6.29,5.15,7.29,,,,,,
2021-12-31,25.45,22.69,27.79,40.25,38.7,42.24,6.67,5.53,8.11,3.88,3.19,4.85,15.58,13.74,17.05,6.26,5.12,7.26,,,,,,
2022-01-01,25.39,22.7,27.7,40.33,38.79,42.31,6.71,5.58,8.12,3.86,3.17,4.82,15.54,13.68,17.02,6.24,5.08,7.25,,,,,,
2022-01-02,25.34,22.67,27.63,40.42,38.85,42.43,6.75,5.63,8.16,3.84,3.16,4.8,15.5,13.62,16.98,6.22,5.04,7.23,,,,,,
2022-01-03,25.29,22.65,27.54,40.51,38.94,42.5,6.79,5.68,8.19,3.82,3.14,4.78,15.45,13.56,16.95,6.19,5.01,7.21,,,,,,
2022-01-04,25.25,22.65,27.47,40.59,39.05,42.56,6.83,5.73,8.2,3.8,3.12,4.77,15.41,13.55,16.91,6.17,4.98,7.2,,,,,,
2022-01-05,25.21,22.65,27.38,40.68,39.17,42.66,6.86,5.79,8.21,3.78,3.11,4.74,15.36,13.58,16.84,6.14,4.97,7.18,,,,,,
2022-01-06,25.17,22.66,27.31,40.77,39.28,42.77,6.89,5.84,8.23,3.76,3.09,4.72,15.31,13.58,16.8,6.12,4.98,7.16,,,,,,
2022-01-07,25.14,22.67,27.19,40.86,39.42,42.89,6.92,5.84,8.23,3.74,3.08,4.7,15.26,13.53,16.73,6.09,4.99,7.12,27.0,39.0,8.0,2.0,12.0,9.0
2022-01-08,25.11,22.68,27.16,40.95,39.51,42.99,6.95,5.84,8.24,3.73,3.06,4.67,15.21,13.47,16.7,6.07,4.98,7.1,,,,,,
2022-01-09,25.07,22.66,27.11,41.04,39.62,43.1,6.98,5.89,8.24,3.71,3.02,4.65,15.15,13.43,16.63,6.04,4.96,7.09,,,,,,
2022-01-10,25.04,22.72,27.08,41.13,39.74,43.2,7.0,5.94,8.22,3.7,2.98,4.63,15.1,13.36,16.6,6.02,4.97,7.07,,,,,,
2022-01-11,25.01,22.77,27.03,41.21,39.8,43.31,7.03,5.99,8.18,3.68,2.95,4.61,15.04,13.31,16.52,6.0,4.95,7.05,,,,,,
2022-01-12,24.97,22.73,26.99,41.3,39.87,43.42,7.05,6.05,8.18,3.67,2.94,4.59,14.99,13.26,16.43,5.98,4.94,7.03,20.0,40.0,8.0,6.0,20.0,5.0
2022-01-13,24.93,22.77,26.95,41.39,39.95,43.52,7.08,6.08,8.17,3.66,2.92,4.58,14.93,13.23,16.34,5.97,4.95,7.02,24.0,43.0,8.0,1.0,11.0,7.0
2022-01-14,24.89,22.75,26.87,41.47,40.05,43.63,7.1,6.09,8.15,3.65,2.91,4.56,14.87,13.17,16.25,5.95,4.94,7.0,26.0,36.0,9.0,2.0,19.0,9.0
2022-01-15,24.85,22.73,26.76,41.56,40.14,43.74,7.13,6.11,8.17,3.64,2.9,4.54,14.82,13.14,16.18,5.94,4.93,6.99,,,,,,
2022-01-16,24.81,22.71,26.71,41.64,40.25,43.83,7.15,6.16,8.18,3.63,2.9,4.53,14.76,13.11,16.12,5.93,4.93,6.97,,,,,,
2022-01-17,24.77,22.6,26.66,41.72,40.39,43.91,7.17,6.18,8.21,3.63,2.9,4.51,14.71,13.08,16.04,5.92,4.94,6.96,,,,,,
2022-01-18,24.72,22.62,26.6,41.8,40.43,43.98,7.2,6.25,8.22,3.62,2.91,4.52,14.65,13.04,15.98,5.91,4.93,6.98,,,,,,
2022-01-19,24.67,22.64,26.51,41.88,40.46,44.11,7.22,6.25,8.2,3.62,2.92,4.52,14.6,13.01,15.87,5.9,4.94,7.0,,,,,,
2022-01-20,24.62,22.57,26.48,41.96,40.54,44.2,7.25,6.37,8.22,3.61,2.93,4.52,14.55,12.97,15.79,5.89,4.95,6.99,,,,,,
2022-01-21,24.58,22.42,26.44,42.03,40.61,44.27,7.27,6.4,8.21,3.61,2.94,4.53,14.5,12.94,15.71,5.88,4.94,6.99,28.0,43.0,6.0,5.0,10.0,1.0
2022-01-22,24.53,22.28,26.36,42.1,40.69,44.3,7.29,6.4,8.2,3.6,2.96,4.48,14.46,12.92,15.63,5.87,4.96,7.01,,,,,,
2022-01-23,24.48,22.15,26.33,42.17,40.76,44.39,7.31,6.4,8.2,3.6,2.97,4.49,14.41,12.9,15.58,5.87,4.95,7.02,,,,,,
2022-01-24,24.43,22.1,26.3,42.24,40.83,44.49,7.34,6.4,8.22,3.6,2.97,4.5,14.37,12.87,15.55,5.86,4.89,7.04,,,,,,
2022-01-25,24.39,22.09,26.27,42.3,40.86,44.59,7.36,6.41,8.24,3.6,2.97,4.51,14.33,12.81,15.53,5.85,4.88,7.07,,,,,,
2022-01-26,24.34,22.06,26.23,42.36,40.88,44.65,7.38,6.41,8.28,3.6,2.97,4.53,14.3,12.77,15.47,5.84,4.87,7.08,,,,,,
2022-01-27,24.3,21.93,26.17,42.42,40.95,44.71,7.4,6.41,8.33,3.6,2.98,4.55,14.26,12.76,15.46,5.84,4.86,7.07,15.0,49.0,12.0,2.0,15.0,3.0
2022-01-28,24.25,21.87,26.09,42.47,40.99,44.74,7.42,6.41,8.34,3.61,2.98,4.56,14.23,12.75,15.45,5.83,4.86,7.06,,,,,,
2022-01-29,24.21,21.88,26.02,42.52,41.05,44.77,7.44,6.44,8.37,3.62,2.97,4.58,14.21,12.75,15.43,5.83,4.87,7.05,,,,,,
2022-01-30,24.17,21.88,26.02,42.57,41.13,44.79,7.45,6.46,8.38,3.63,2.97,4.63,14.19,12.75,15.4,5.83,4.87,7.08,,,,,,
2022-01-31,24.13,21.81,26.01,42.61,41.19,44.85,7.47,6.5,8.41,3.65,2.97,4.65,14.17,12.76,15.34,5.83,4.83,7.09,,,,,,
2022-02-01,24.09,21.8,25.96,42.65,41.24,44.89,7.48,6.54,8.45,3.66,2.99,4.69,14.16,12.77,15.29,5.83,4.8,7.09,,,,,,
2022-02-02,24.05,21.74,25.92,42.68,41.29,44.93,7.49,6.57,8.48,3.68,3.02,4.72,14.15,12.76,15.25,5.83,4.77,7.09,30.0,43.0,7.0,4.0,13.0,4.0
2022-02-03,24.01,21.69,25.86,42.72,41.34,44.95,7.5,6.57,8.53,3.7,3.02,4.73,14.15,12.79,15.24,5.83,4.75,7.09,,,,,,
2022-02-04,23.97,21.64,25.84,42.75,41.39,44.96,7.51,6.57,8.59,3.73,3.02,4.74,14.14,12.8,15.26,5.84,4.74,7.09,,,,,,
2022-02-05,23.94,21.59,25.81,42.77,41.44,44.95,7.51,6.56,8.59,3.75,3.04,4.76,14.15,12.84,15.27,5.84,4.76,7.1,,,,,,
2022-02-06,23.91,21.54,25.79,42.79,41.48,44.94,7.51,6.56,8.59,3.78,3.06,4.79,14.15,12.86,15.28,5.85,4.77,7.14,,,,,,
2022-02-07,23.88,21.49,25.77,42.81,41.52,44.95,7.51,6.55,8.58,3.81,3.09,4.84,14.16,12.89,15.31,5.86,4.79,7.17,,,,,,
2022-02-08,23.85,21.49,25.79,42.83,41.56,44.96,7.51,6.53,8.56,3.84,3.1,4.86,14.18,12.94,15.33,5.87,4.81,7.21,,,,,,
2022-02-09,23.83,21.51,25.8,42.85,41.6,44.95,7.5,6.51,8.55,3.87,3.13,4.9,14.19,12.97,15.36,5.88,4.81,7.25,,,,,,
2022-02-10,23.81,21.42,25.82,42.86,41.61,44.93,7.49,6.5,8.54,3.9,3.13,4.98,14.21,12.99,15.36,5.89,4.83,7.25,,,,,,
2022-02-11,23.79,21.37,25.85,42.88,41.64,44.92,7.47,6.47,8.52,3.93,3.14,5.03,14.23,13.02,15.36,5.91,4.85,7.28,25.0,47.0,8.0,3.0,12.0,4.0
2022-02-12,23.78,21.37,25.88,42.89,41.64,44.9,7.46,6.45,8.49,3.96,3.16,5.08,14.25,13.06,15.36,5.92,4.89,7.31,,,,,,
2022-02-13,23.77,21.37,25.9,42.9,41.65,44.88,7.43,6.42,8.44,3.99,3.17,5.12,14.28,13.1,15.36,5.93,4.91,7.34,,,,,,
2022-02-14,23.76,21.39,25.9,42.91,41.65,44.89,7.41,6.39,8.43,4.02,3.19,5.17,14.3,13.14,15.36,5.94,4.91,7.37,26.0,44.0,6.0,5.0,14.0,4.0
2022-02-15,23.75,21.41,25.91,42.92,41.63,44.91,7.39,6.37,8.41,4.05,3.19,5.23,14.33,13.19,15.37,5.96,4.89,7.4,,,,,,
2022-02-16,23.75,21.41,25.96,42.92,41.6,44.92,7.36,6.32,8.34,4.08,3.2,5.27,14.36,13.24,15.36,5.97,4.88,7.43,,,,,,
2022-02-17,23.74,21.39,26.01,42.93,41.6,44.9,7.33,6.26,8.3,4.11,3.21,5.33,14.39,13.29,15.37,5.98,4.86,7.46,21.0,38.0,9.0,5.0,20.0,6.0
2022-02-18,23.74,21.35,26.01,42.94,41.64,44.89,7.3,6.21,8.28,4.14,3.23,5.38,14.42,13.33,15.38,5.99,4.84,7.48,,,,,,
2022-02-19,23.75,21.37,25.98,42.95,41.65,44.88,7.26,6.16,8.24,4.17,3.27,5.42,14.45,13.37,15.38,6.0,4.88,7.47,,,,,,
2022-02-20,23.75,21.34,25.98,42.95,41.7,44.86,7.22,6.11,8.22,4.2,3.31,5.52,14.48,13.41,15.38,6.01,4.91,7.51,,,,,,
2022-02-21,23.76,21.36,26.0,42.96,41.67,44.92,7.19,6.05,8.2,4.22,3.3,5.57,14.51,13.43,15.38,6.02,4.94,7.54,,,,,,
2022-02-22,23.76,21.42,26.02,42.97,41.64,45.0,7.15,6.0,8.18,4.25,3.28,5.59,14.54,13.47,15.4,6.03,4.97,7.58,,,,,,
2022-02-23,23.77,21.42,26.05,42.98,41.64,45.0,7.1,5.96,8.11,4.27,3.27,5.62,14.57,13.51,15.44,6.04,5.0,7.61,19.0,53.0,4.0,,12.0,8.0
2022-02-24,23.78,21.4,26.07,42.98,41.64,44.99,7.06,5.89,8.09,4.3,3.28,5.62,14.6,13.53,15.49,6.05,5.0,7.61,,,,,,
2022-02-25,23.79,21.4,26.1,42.99,41.63,44.98,7.02,5.85,8.06,4.32,3.3,5.67,14.64,13.56,15.55,6.06,4.98,7.6,32.0,41.0,4.0,2.0,12.0,4.0
2022-02-26,23.81,21.41,26.15,42.99,41.62,44.97,6.97,5.82,8.03,4.34,3.3,5.7,14.67,13.58,15.59,6.07,4.97,7.59,,,,,,
2022-02-27,23.82,21.5,26.18,42.99,41.62,44.96,6.92,5.77,8.0,4.37,3.3,5.74,14.7,13.65,15.65,6.08,4.98,7.58,,,,,,
2022-02-28,23.84,21.55,26.19,42.98,41.62,44.95,6.87,5.71,7.97,4.39,3.32,5.78,14.73,13.71,15.72,6.09,4.98,7.57,,,,,,
2022-03-01,23.86,21.56,26.22,42.98,41.63,44.94,6.82,5.67,7.93,4.41,3.34,5.78,14.77,13.73,15.78,6.11,4.98,7.55,26.0,41.0,7.0,,13.0,6.0
2022-03-02,23.88,21.58,26.24,42.97,41.59,44.93,6.77,5.61,7.9,4.43,3.34,5.79,14.8,13.7,15.84,6.12,4.99,7.55,,,,,,
2022-03-03,23.9,21.61,26.27,42.96,41.58,44.98,6.73,5.55,7.87,4.45,3.35,5.82,14.83,13.72,15.9,6.13,5.01,7.57,,,,,,
2022-03-04,23.92,21.61,26.29,42.94,41.55,44.96,6.68,5.52,7.84,4.47,3.35,5.85,14.86,13.77,15.95,6.14,5.03,7.54,17.0,41.0,10.0,8.0,13.0,9.0
2022-03-05,23.94,21.6,26.32,42.92,41.51,44.93,6.64,5.48,7.81,4.48,3.36,5.87,14.89,13.76,16.01,6.15,5.04,7.57,,,,,,
2022-03-06,23.97,21.64,26.34,42.9,41.5,44.88,6.59,5.44,7.76,4.5,3.36,5.9,14.92,13.8,16.05,6.16,5.06,7.6,,,,,,
2022-03-07,23.99,21.66,26.34,42.88,41.47,44.83,6.56,5.41,7.72,4.51,3.37,5.92,14.94,13.79,16.09,6.18,5.08,7.63,,,,,,
2022-03-08,24.02,21.71,26.33,42.85,41.41,44.79,6.52,5.37,7.68,4.53,3.36,5.95,14.97,13.79,16.13,6.19,5.11,7.67,,,,,,
2022-03-09,24.04,21.81,26.32,42.82,41.36,44.77,6.48,5.35,7.64,4.54,3.35,5.97,14.99,13.79,16.18,6.2,5.11,7.71,15.0,44.0,11.0,2.0,14.0,13.0
2022-03-10,24.07,21.86,26.37,42.78,41.3,44.71,6.45,5.34,7.62,4.55,3.37,6.0,15.01,13.79,16.27,6.21,5.11,7.75,,,,,,
2022-03-11,24.1,21.86,26.43,42.75,41.24,44.68,6.42,5.31,7.62,4.56,3.35,6.01,15.03,13.75,16.35,6.21,5.1,7.78,,,,,,
2022-03-12,24.13,21.86,26.42,42.71,41.22,44.62,6.4,5.29,7.62,4.57,3.35,6.03,15.05,13.7,16.31,6.22,5.08,7.8,,,,,,
2022-03-13,24.17,21.89,26.42,42.67,41.2,44.63,6.37,5.22,7.58,4.58,3.35,6.04,15.07,13.72,16.34,6.23,5.07,7.83,,,,,,
2022-03-14,24.21,21.95,26.47,42.63,41.14,44.58,6.35,5.18,7.59,4.59,3.33,6.06,15.08,13.74,16.41,6.23,5.09,7.85,,,,,,
2022-03-15,24.25,21.98,26.53,42.59,41.09,44.49,6.32,5.15,7.55,4.59,3.32,6.08,15.09,13.76,16.44,6.24,5.08,7.87,,,,,,
2022-03-16,24.3,22.01,26.58,42.55,41.07,44.41,6.3,5.13,7.52,4.6,3.3,6.05,15.1,13.74,16.46,6.24,5.07,7.86,,,,,,
2022-03-17,24.35,22.06,26.63,42.51,41.04,44.33,6.28,5.08,7.53,4.6,3.28,6.05,15.11,13.71,16.51,6.24,5.06,7.82,32.0,39.0,5.0,3.0,16.0,3.0
2022-03-18,24.4,22.12,26.73,42.47,41.01,44.24,6.26,5.03,7.53,4.6,3.26,6.07,15.12,13.69,16.57,6.23,5.03,7.81,,,,,,
2022-03-19,24.46,22.18,26.81,42.43,40.99,44.22,6.25,4.99,7.52,4.6,3.24,6.11,15.12,13.64,16.63,6.23,5.01,7.81,,,,,,
2022-03-20,24.52,22.25,26.89,42.39,40.92,44.2,6.23,4.95,7.51,4.6,3.22,6.14,15.12,13.61,16.69,6.22,4.98,7.8,,,,,,
2022-03-21,24.58,22.33,26.96,42.35,40.88,44.19,6.21,4.9,7.48,4.59,3.19,6.11,15.13,13.58,16.7,6.21,4.97,7.81,,,,,,
2022-03-22,24.65,22.38,27.04,42.32,40.83,44.14,6.2,4.86,7.49,4.59,3.17,6.1,15.13,13.54,16.67,6.2,4.94,7.83,,,,,,
2022-03-23,24.72,22.38,27.11,42.28,40.79,44.1,6.18,4.82,7.48,4.58,3.15,6.1,15.13,13.51,16.71,6.18,4.92,7.82,19.0,46.0,,6.0,17.0,10.0
2022-03-24,24.79,22.39,27.19,42.25,40.76,44.03,6.17,4.82,7.47,4.58,3.15,6.12,15.13,13.49,16.77,6.16,4.91,7.81,29.0,37.0,4.0,12.0,18.0,
2022-03-25,24.86,22.37,27.24,42.21,40.74,43.98,6.16,4.81,7.48,4.57,3.14,6.14,15.13,13.41,16.77,6.15,4.87,7.78,,,,,,
2022-03-26,24.94,22.42,27.34,42.18,40.72,43.91,6.15,4.81,7.47,4.57,3.12,6.15,15.13,13.32,16.77,6.12,4.85,7.77,,,,,,
2022-03-27,25.02,22.52,27.43,42.15,40.71,43.9,6.14,4.81,7.46,4.56,3.11,6.16,15.14,13.23,16.76,6.1,4.82,7.86,,,,,,
2022-03-28,25.1,22.68,27.53,42.11,40.66,43.91,6.13,4.81,7.45,4.56,3.09,6.17,15.14,13.16,16.75,6.07,4.75,7.87,,,,,,
2022-03-29,25.18,22.73,27.63,42.08,40.61,43.9,6.12,4.8,7.46,4.55,3.08,6.17,15.14,13.08,16.76,6.04,4.74,7.86,,,,,,
2022-03-30,25.27,22.78,27.74,42.05,40.59,43.88,6.12,4.8,7.52,4.55,3.06,6.17,15.14,13.01,16.8,6.01,4.73,7.86,22.0,42.0,5.0,2.0,18.0,8.0
2022-03-31,25.36,22.87,27.86,42.02,40.54,43.86,6.11,4.8,7.58,4.54,3.04,6.19,15.14,12.94,16.85,5.98,4.69,7.84,,,,,,
2022-04-01,25.45,23.0,27.94,41.98,40.48,43.86,6.1,4.75,7.65,4.54,3.03,6.19,15.14,12.89,16.89,5.94,4.68,7.82,,,,,,
2022-04-02,25.55,23.07,28.06,41.96,40.46,43.83,6.09,4.72,7.69,4.53,3.1,6.2,15.14,12.85,16.94,5.89,4.59,7.79,,,,,,
2022-04-03,25.64,23.12,28.17,41.93,40.42,43.81,6.09,4.72,7.75,4.53,3.09,6.21,15.14,12.81,16.98,5.85,4.53,7.75,,,,,,
2022-04-04,25.74,23.18,28.32,41.9,40.42,43.76,6.08,4.72,7.73,4.53,3.09,6.22,15.14,12.78,17.02,5.8,4.48,7.71,,,,,,
2022-04-05,25.84,23.26,28.45,41.88,40.43,43.73,6.07,4.72,7.71,4.53,3.08,6.24,15.14,12.74,17.06,5.74,4.43,7.66,,,,,,
2022-04-06,25.94,23.36,28.55,41.85,40.41,43.72,6.07,4.72,7.69,4.52,3.11,6.24,15.14,12.71,17.09,5.69,4.34,7.6,,,,,,
2022-04-07,26.04,23.45,28.69,41.83,40.38,43.7,6.06,4.74,7.68,4.52,3.16,6.25,15.15,12.65,17.12,5.63,4.25,7.5,25.0,42.0,4.0,2.0,22.0,2.0
2022-04-08,26.13,23.57,28.8,41.81,40.34,43.7,6.05,4.76,7.65,4.52,3.15,6.26,15.15,12.66,17.13,5.56,4.18,7.46,,,,,,
2022-04-09,26.23,23.63,28.91,41.79,40.26,43.72,6.05,4.76,7.62,4.52,3.11,6.31,15.15,12.64,17.14,5.5,4.1,7.39,,,,,,
2022-04-10,26.33,23.68,29.03,41.77,40.22,43.7,6.05,4.73,7.59,4.52,3.08,6.29,15.15,12.62,17.15,5.44,4.02,7.3,,,,,,
2022-04-11,26.42,23.7,29.14,41.75,40.19,43.7,6.04,4.71,7.54,4.51,3.07,6.27,15.15,12.61,17.15,5.37,3.9,7.21,,,,,,
2022-04-12,26.51,23.73,29.24,41.73,40.13,43.68,6.04,4.68,7.57,4.51,3.05,6.25,15.15,12.59,17.2,5.31,3.82,7.12,,,,,,
2022-04-13,26.6,23.82,29.43,41.71,40.1,43.68,6.04,4.66,7.56,4.51,3.06,6.24,15.15,12.58,17.3,5.24,3.74,7.05,,,,,,
2022-04-14,26.68,23.87,29.54,41.68,40.08,43.67,6.05,4.62,7.57,4.51,3.08,6.22,15.15,12.57,17.33,5.18,3.68,6.98,32.0,48.0,2.0,3.0,8.0,4.0
2022-04-15,26.76,23.87,29.64,41.66,40.03,43.67,6.05,4.56,7.67,4.5,3.1,6.2,15.16,12.56,17.46,5.12,3.64,6.91,,,,,,
2022-04-16,26.84,23.94,29.69,41.64,40.01,43.66,6.05,4.54,7.72,4.5,3.12,6.16,15.16,12.56,17.51,5.07,3.56,6.83,,,,,,
2022-04-17,26.91,24.02,29.76,41.62,39.99,43.64,6.06,4.57,7.76,4.49,3.12,6.13,15.16,12.57,17.5,5.01,3.52,6.73,,,,,,
2022-04-18,26.98,24.08,29.83,41.59,39.96,43.59,6.06,4.62,7.72,4.48,3.1,6.13,15.16,12.57,17.52,4.96,3.56,6.72,,,,,,
2022-04-19,27.05,24.13,29.9,41.57,39.87,43.57,6.07,4.54,7.7,4.47,3.07,6.15,15.15,12.58,17.5,4.92,3.55,6.66,,,,,,
2022-04-20,27.11,24.17,29.97,41.55,39.78,43.53,6.07,4.48,7.72,4.46,3.04,6.14,15.15,12.59,17.54,4.88,3.54,6.61,23.0,35.0,5.0,8.0,22.0,6.0
2022-04-21,27.16,24.21,30.03,41.52,39.7,43.49,6.08,4.42,7.74,4.45,3.01,6.1,15.15,12.6,17.57,4.84,3.56,6.67,,,,,,
2022-04-22,27.22,24.33,30.09,41.5,39.62,43.46,6.09,4.36,7.75,4.44,2.98,6.0,15.14,12.62,17.6,4.8,3.58,6.75,,,,,,
2022-04-23,27.26,24.44,30.15,41.48,39.6,43.44,6.1,4.29,7.76,4.43,2.95,5.95,15.13,12.64,17.59,4.77,3.55,6.8,,,,,,
2022-04-24,27.31,24.57,30.21,41.45,39.6,43.45,6.11,4.23,7.77,4.41,2.92,5.92,15.12,12.62,17.58,4.75,3.58,6.83,,,,,,
2022-04-25,27.34,24.64,30.26,41.43,39.61,43.48,6.12,4.22,7.77,4.4,2.89,5.88,15.11,12.66,17.56,4.73,3.58,6.8,,,,,,
2022-04-26,27.38,24.7,30.28,41.4,39.53,43.44,6.13,4.18,7.77,4.38,2.86,5.81,15.1,12.68,17.54,4.71,3.59,6.78,,,,,,
2022-04-27,27.4,24.76,30.29,41.38,39.46,43.4,6.15,4.21,7.77,4.37,2.82,5.75,15.09,12.69,17.54,4.69,3.54,6.75,30.0,41.0,14.0,3.0,6.0,1.0
2022-04-28,27.43,24.82,30.3,41.35,39.37,43.35,6.17,4.23,7.77,4.35,2.79,5.72,15.07,12.71,17.55,4.68,3.48,6.79,,,,,,
2022-04-29,27.45,24.88,30.28,41.33,39.37,43.36,6.18,4.27,7.76,4.33,2.77,5.69,15.05,12.7,17.55,4.67,3.44,6.83,,,,,,
2022-04-30,27.46,25.01,30.24,41.3,39.35,43.38,6.21,4.29,7.75,4.31,2.73,5.66,15.03,12.7,17.54,4.67,3.4,6.86,,,,,,
2022-05-01,27.47,25.15,30.19,41.28,39.35,43.4,6.23,4.3,7.74,4.29,2.74,5.67,15.01,12.7,17.53,4.66,3.35,6.91,,,,,,
2022-05-02,27.48,25.13,30.18,41.26,39.26,43.42,6.25,4.31,7.73,4.27,2.74,5.7,14.99,12.71,17.52,4.66,3.32,6.92,,,,,,
2022-05-03,27.49,25.11,30.23,41.24,39.17,43.51,6.28,4.33,7.73,4.25,2.74,5.65,14.96,12.71,17.5,4.66,3.28,6.91,,,,,,
2022-05-04,27.5,25.11,30.22,41.22,39.08,43.55,6.31,4.36,7.77,4.23,2.73,5.69,14.93,12.7,17.47,4.66,3.25,6.93,,,,,,
2022-05-05,27.51,25.14,30.21,41.2,39.04,43.54,6.34,4.39,7.8,4.21,2.7,5.67,14.91,12.71,17.43,4.66,3.23,6.95,,,,,,
2022-05-06,27.52,25.18,30.18,41.19,39.0,43.51,6.36,4.4,7.84,4.18,2.67,5.65,14.88,12.71,17.39,4.66,3.2,6.98,40.0,40.0,3.0,2.0,13.0,
2022-05-07,27.53,25.22,30.15,41.17,38.98,43.49,6.39,4.4,7.88,4.16,2.67,5.65,14.85,12.7,17.34,4.66,3.18,6.99,,,,,,
2022-05-08,27.54,25.26,30.13,41.15,38.91,43.47,6.42,4.41,7.91,4.13,2.66,5.6,14.82,12.67,17.3,4.66,3.17,7.01,,,,,,
2022-05-09,27.56,25.27,30.24,41.14,38.9,43.45,6.45,4.42,7.97,4.11,2.65,5.57,14.79,12.65,17.19,4.66,3.16,7.01,,,,,,
2022-05-10,27.57,25.26,30.37,41.12,38.84,43.44,6.48,4.43,8.02,4.08,2.64,5.53,14.76,12.59,17.08,4.66,3.14,7.02,,,,,,
2022-05-11,27.59,25.34,30.48,41.11,38.87,43.44,6.51,4.45,8.05,4.06,2.62,5.49,14.73,12.56,17.01,4.66,3.13,7.02,27.0,48.0,6.0,1.0,15.0,3.0
2022-05-12,27.61,25.41,30.57,41.1,38.97,43.41,6.55,4.47,8.08,4.03,2.59,5.45,14.7,12.54,16.97,4.66,3.1,7.02,,,,,,
2022-05-13,27.62,25.44,30.58,41.08,38.87,43.38,6.58,4.51,8.17,4.01,2.59,5.41,14.67,12.58,16.93,4.66,3.08,7.02,,,,,,
2022-05-14,27.64,25.48,30.5,41.07,38.77,43.35,6.61,4.58,8.22,3.99,2.58,5.37,14.65,12.63,16.83,4.65,3.02,7.03,,,,,,
2022-05-15,27.65,25.51,30.42,41.06,38.69,43.28,6.65,4.67,8.27,3.97,2.56,5.32,14.63,12.68,16.76,4.65,2.99,7.04,,,,,,
2022-05-16,27.66,25.52,30.46,41.04,38.62,43.22,6.68,4.75,8.33,3.96,2.55,5.27,14.61,12.72,16.66,4.65,2.97,7.05,,,,,,
2022-05-17,27.66,25.53,30.48,41.03,38.65,43.21,6.72,4.85,8.38,3.94,2.54,5.24,14.59,12.7,16.65,4.65,2.92,6.99,,,,,,
2022-05-18,27.66,25.52,30.44,41.02,38.68,43.23,6.76,4.95,8.43,3.93,2.54,5.21,14.58,12.71,16.64,4.64,2.89,6.99,,,,,,
2022-05-19,27.66,25.51,30.39,41.01,38.72,43.24,6.8,5.1,8.48,3.92,2.54,5.18,14.57,12.76,16.63,4.64,2.89,6.99,25.0,36.0,10.0,10.0,15.0,4.0
2022-05-20,27.66,25.51,30.32,40.99,38.77,43.21,6.84,5.2,8.53,3.92,2.55,5.17,14.56,12.8,16.57,4.64,2.9,7.0,,,,,,
2022-05-21,27.65,25.5,30.26,40.98,38.8,43.18,6.88,5.26,8.56,3.91,2.57,5.16,14.56,12.85,16.51,4.64,2.91,7.04,,,,,,
2022-05-22,27.64,25.51,30.23,40.96,38.81,43.14,6.92,5.29,8.58,3.9,2.57,5.16,14.56,12.92,16.45,4.64,2.91,7.05,,,,,,
2022-05-23,27.63,25.52,30.21,40.95,38.7,43.1,6.96,5.33,8.65,3.9,2.58,5.15,14.56,12.97,16.39,4.65,2.9,7.0,,,,,,
2022-05-24,27.62,25.53,30.17,40.93,38.61,43.03,6.99,5.42,8.73,3.89,2.59,5.14,14.57,13.03,16.34,4.65,2.9,7.02,,,,,,
2022-05-25,27.6,25.56,30.14,40.92,38.67,43.02,7.03,5.49,8.73,3.88,2.6,5.14,14.58,13.09,16.28,4.65,2.87,7.02,28.0,47.0,5.0,,12.0,1.0
2022-05-26,27.58,25.54,30.15,40.91,38.69,42.99,7.07,5.54,8.8,3.87,2.6,5.13,14.59,13.15,16.23,4.65,2.86,7.02,,,,,,
2022-05-27,27.56,25.55,30.13,40.89,38.65,43.0,7.1,5.61,8.82,3.87,2.6,5.13,14.6,13.22,16.18,4.65,2.89,7.02,,,,,,
2022-05-28,27.54,25.53,30.12,40.88,38.6,42.99,7.13,5.66,8.82,3.86,2.57,5.12,14.62,13.28,16.13,4.66,2.93,7.05,,,,,,
2022-05-29,27.52,25.46,30.09,40.87,38.56,42.98,7.16,5.69,8.83,3.85,2.53,5.1,14.64,13.35,16.12,4.66,2.97,7.07,,,,,,
2022-05-30,27.5,25.47,30.06,40.86,38.52,42.96,7.19,5.76,8.81,3.84,2.49,5.09,14.66,13.42,16.1,4.66,3.01,7.09,,,,,,
2022-05-31,27.47,25.48,30.02,40.86,38.48,42.89,7.21,5.8,8.81,3.83,2.48,5.08,14.68,13.47,16.09,4.66,3.06,7.11,,,,,,
2022-06-01,27.44,25.46,29.97,40.85,38.45,42.83,7.24,5.81,8.78,3.82,2.47,5.08,14.71,13.47,16.09,4.67,3.08,7.11,,,,,,
2022-06-02,27.41,25.44,29.85,40.85,38.43,42.83,7.26,5.83,8.79,3.8,2.47,5.04,14.74,13.45,16.11,4.67,3.08,7.12,,,,,,
2022-06-03,27.38,25.41,29.74,40.84,38.45,42.86,7.27,5.84,8.84,3.79,2.49,5.01,14.77,13.44,16.1,4.67,3.12,7.12,21.0,31.0,12.0,4.0,19.0,14.0
2022-06-04,27.35,25.37,29.68,40.84,38.55,42.82,7.28,5.86,8.84,3.78,2.5,4.96,14.8,13.44,16.12,4.68,3.11,7.12,,,,,,
2022-06-05,27.32,25.42,29.68,40.84,38.66,42.89,7.29,5.85,8.85,3.77,2.52,4.92,14.83,13.53,16.17,4.68,3.11,7.12,,,,,,
2022-06-06,27.28,25.38,29.68,40.85,38.65,42.89,7.3,5.85,8.87,3.76,2.53,4.87,14.86,13.56,16.19,4.69,3.09,7.1,,,,,,
2022-06-07,27.25,25.35,29.62,40.85,38.63,42.86,7.3,5.85,8.89,3.76,2.55,4.92,14.9,13.59,16.2,4.7,3.11,7.11,,,,,,
2022-06-08,27.21,25.3,29.54,40.85,38.6,42.86,7.3,5.84,8.92,3.75,2.52,4.89,14.94,13.68,16.23,4.71,3.15,7.12,,,,,,
2022-06-09,27.18,25.25,29.46,40.86,38.59,42.86,7.29,5.83,8.96,3.74,2.52,4.86,14.97,13.73,16.28,4.71,3.14,7.11,25.0,41.0,4.0,2.0,18.0,8.0
2022-06-10,27.14,25.2,29.33,40.87,38.64,42.89,7.29,5.78,9.0,3.73,2.53,4.83,15.01,13.76,16.32,4.72,3.16,7.09,,,,,,
2022-06-11,27.1,25.16,29.26,40.87,38.74,42.9,7.28,5.74,9.03,3.73,2.54,4.8,15.05,13.83,16.36,4.73,3.17,7.06,,,,,,
2022-06-12,27.06,25.12,29.15,40.88,38.74,42.93,7.27,5.69,9.01,3.72,2.56,4.76,15.1,13.91,16.38,4.74,3.18,7.04,,,,,,
2022-06-13,27.02,25.07,29.01,40.89,38.74,42.95,7.26,5.67,9.0,3.72,2.57,4.74,15.14,14.03,16.46,4.75,3.19,7.0,,,,,,
2022-06-14,26.98,25.01,28.91,40.91,38.75,42.96,7.24,5.66,9.03,3.71,2.58,4.72,15.18,14.08,16.45,4.76,3.2,6.96,,,,,,
2022-06-15,26.94,24.97,28.9,40.92,38.79,42.97,7.23,5.64,9.04,3.71,2.6,4.73,15.23,14.1,16.48,4.76,3.19,6.94,,,,,,
2022-06-16,26.89,24.93,28.77,40.93,38.84,42.97,7.21,5.61,9.06,3.7,2.62,4.73,15.28,14.14,16.55,4.76,3.19,6.9,26.0,42.0,4.5,4.0,15.5,4.0
2022-06-17,26.84,24.89,28.65,40.95,38.86,42.97,7.2,5.58,9.0,3.7,2.63,4.73,15.32,14.16,16.63,4.77,3.21,6.85,,,,,,
2022-06-18,26.8,24.85,28.59,40.96,38.89,42.96,7.18,5.5,9.01,3.69,2.65,4.72,15.37,14.2,16.65,4.76,3.25,6.81,,,,,,
2022-06-19,26.75,24.78,28.57,40.98,38.89,42.95,7.16,5.47,9.02,3.69,2.67,4.71,15.41,14.24,16.74,4.76,3.27,6.76,,,,,,
2022-06-20,26.71,24.75,28.45,41.01,38.88,42.95,7.14,5.45,9.03,3.68,2.68,4.69,15.45,14.27,16.78,4.76,3.27,6.71,,,,,,
2022-06-21,26.66,24.69,28.46,41.03,38.88,42.94,7.12,5.44,9.04,3.67,2.69,4.68,15.48,14.32,16.85,4.75,3.27,6.62,,,,,,
2022-06-22,26.62,24.65,28.5,41.06,38.88,42.94,7.11,5.43,9.05,3.66,2.72,4.64,15.52,14.38,16.87,4.74,3.27,6.56,,,,,,
2022-06-23,26.58,24.53,28.51,41.1,38.91,42.94,7.09,5.4,9.06,3.65,2.74,4.56,15.54,14.46,16.9,4.72,3.26,6.54,31.0,46.0,8.0,4.0,10.0,2.0
2022-06-24,26.53,24.43,28.45,41.14,38.94,42.97,7.06,5.36,9.06,3.64,2.76,4.52,15.57,14.47,16.95,4.71,3.29,6.48,,,,,,
2022-06-25,26.49,24.37,28.46,41.19,38.99,43.03,7.04,5.35,9.07,3.63,2.78,4.5,15.59,14.47,16.97,4.69,3.31,6.42,,,,,,
2022-06-26,26.45,24.31,28.43,41.24,39.08,43.1,7.02,5.32,9.08,3.61,2.8,4.47,15.61,14.44,17.01,4.67,3.32,6.36,,,,,,
2022-06-27,26.42,24.25,28.41,41.3,39.13,43.18,6.99,5.3,9.08,3.6,2.8,4.46,15.62,14.47,17.01,4.65,3.3,6.33,,,,,,
2022-06-28,26.38,24.2,28.35,41.36,39.23,43.26,6.97,5.26,9.09,3.59,2.8,4.43,15.63,14.47,17.03,4.62,3.3,6.25,,,,,,
2022-06-29,26.34,24.06,28.34,41.42,39.33,43.35,6.94,5.23,9.05,3.57,2.8,4.44,15.64,14.46,17.06,4.6,3.32,6.16,32.0,38.0,10.0,1.0,14.0,3.0
2022-06-30,26.31,23.9,28.33,41.49,39.45,43.44,6.91,5.21,9.03,3.56,2.78,4.41,15.65,14.46,17.1,4.57,3.31,6.07,,,,,,
2022-07-01,26.27,23.77,28.32,41.57,39.46,43.54,6.88,5.19,9.03,3.54,2.77,4.35,15.65,14.45,17.13,4.54,3.33,5.97,,,,,,
2022-07-02,26.24,23.71,28.31,41.65,39.6,43.61,6.85,5.18,9.02,3.53,2.77,4.32,15.65,14.46,17.16,4.51,3.36,5.93,,,,,,
2022-07-03,26.21,23.66,28.29,41.73,39.75,43.72,6.82,5.16,8.98,3.51,2.78,4.29,15.65,14.44,17.19,4.48,3.36,5.9,,,,,,
2022-07-04,26.18,23.61,28.26,41.81,39.79,43.77,6.79,5.14,8.98,3.49,2.79,4.25,15.65,14.43,17.21,4.45,3.35,5.87,,,,,,
2022-07-05,26.15,23.57,28.26,41.89,39.86,43.87,6.76,5.12,8.98,3.48,2.8,4.22,15.65,14.41,17.24,4.42,3.32,5.83,,,,,,
2022-07-06,26.12,23.52,28.24,41.98,39.98,44.04,6.73,5.1,8.98,3.47,2.77,4.19,15.64,14.37,17.25,4.39,3.3,5.8,,,,,,
2022-07-07,26.09,23.48,28.22,42.07,40.11,44.2,6.7,5.07,8.97,3.45,2.76,4.18,15.64,14.35,17.27,4.35,3.27,5.71,19.0,39.0,15.0,6.0,18.0,3.0
2022-07-08,26.06,23.44,28.2,42.15,40.24,44.33,6.67,5.02,8.95,3.44,2.75,4.16,15.63,14.32,17.27,4.32,3.29,5.63,,,,,,
2022-07-09,26.04,23.38,28.18,42.24,40.29,44.44,6.64,4.97,8.93,3.43,2.74,4.15,15.62,14.29,17.28,4.28,3.28,5.53,,,,,,
2022-07-10,26.01,23.29,28.18,42.33,40.41,44.55,6.62,4.95,8.91,3.42,2.73,4.15,15.62,14.27,17.31,4.24,3.33,5.44,,,,,,
2022-07-11,25.98,23.24,28.18,42.41,40.54,44.67,6.59,4.94,8.89,3.41,2.72,4.13,15.61,14.23,17.33,4.21,3.36,5.41,,,,,,
2022-07-12,25.96,23.21,28.18,42.5,40.68,44.78,6.56,4.93,8.87,3.4,2.69,4.12,15.6,14.23,17.32,4.17,3.33,5.33,,,,,,
2022-07-13,25.93,23.19,28.19,42.58,40.69,44.89,6.54,4.9,8.85,3.39,2.68,4.11,15.59,14.22,17.31,4.13,3.33,5.27,,,,,,
2022-07-14,25.9,23.17,28.2,42.67,40.75,45.02,6.51,4.89,8.82,3.38,2.67,4.09,15.59,14.16,17.33,4.09,3.32,5.21,33.0,38.0,4.0,2.0,17.0,6.0
2022-07-15,25.88,23.16,28.21,42.76,40.78,45.18,6.49,4.87,8.79,3.38,2.68,4.08,15.58,14.12,17.33,4.06,3.31,5.15,,,,,,
2022-07-16,25.85,23.15,28.27,42.84,40.79,45.34,6.46,4.85,8.75,3.37,2.68,4.06,15.57,14.11,17.34,4.02,3.27,5.09,,,,,,
2022-07-17,25.83,23.12,28.33,42.93,40.81,45.47,6.44,4.83,8.72,3.36,2.69,4.03,15.57,14.08,17.33,3.98,3.27,5.0,,,,,,
2022-07-18,25.8,23.08,28.33,43.02,40.84,45.61,6.41,4.82,8.67,3.35,2.67,4.01,15.56,14.05,17.34,3.94,3.26,4.93,,,,,,
2022-07-19,25.78,23.04,28.31,43.11,40.91,45.75,6.39,4.83,8.63,3.34,2.66,3.98,15.56,14.03,17.35,3.9,3.24,4.87,,,,,,
2022-07-20,25.75,23.0,28.27,43.2,41.02,45.89,6.36,4.86,8.58,3.33,2.64,3.96,15.55,14.0,17.35,3.86,3.24,4.77,,,,,,
2022-07-21,25.72,22.94,28.27,43.29,41.12,46.03,6.34,4.83,8.53,3.32,2.64,3.95,15.55,13.97,17.35,3.82,3.2,4.74,,,,,,
2022-07-22,25.69,22.88,28.27,43.38,41.15,46.17,6.31,4.8,8.48,3.31,2.64,3.95,15.55,13.93,17.36,3.79,3.17,4.7,24.0,49.0,4.0,3.0,13.0,4.0
2022-07-23,25.66,22.84,28.32,43.47,41.17,46.31,6.29,4.81,8.43,3.3,2.64,3.95,15.55,13.95,17.36,3.75,3.12,4.59,,,,,,
2022-07-24,25.63,22.8,28.31,43.56,41.19,46.44,6.27,4.79,8.38,3.28,2.62,3.93,15.56,13.92,17.36,3.72,3.08,4.58,,,,,,
2022-07-25,25.59,22.81,28.28,43.65,41.2,46.57,6.24,4.82,8.33,3.27,2.61,3.9,15.56,13.89,17.38,3.69,3.03,4.51,,,,,,
2022-07-26,25.56,22.73,28.28,43.73,41.2,46.72,6.22,4.85,8.27,3.25,2.6,3.87,15.57,13.88,17.45,3.66,2.99,4.52,,,,,,
2022-07-27,25.52,22.73,28.31,43.82,41.24,46.89,6.2,4.89,8.22,3.24,2.58,3.85,15.58,13.88,17.46,3.64,2.97,4.47,,,,,,
2022-07-28,25.48,22.72,28.32,43.91,41.26,46.99,6.18,4.89,8.17,3.22,2.57,3.84,15.59,13.83,17.44,3.62,2.93,4.47,30.0,41.0,3.0,5.0,20.0,
2022-07-29,25.43,22.68,28.34,43.99,41.28,47.1,6.15,4.9,8.15,3.2,2.58,3.83,15.6,13.81,17.43,3.6,2.85,4.43,,,,,,
2022-07-30,25.38,22.56,28.34,44.08,41.32,47.21,6.12,4.88,8.11,3.19,2.57,3.81,15.62,13.83,17.49,3.58,2.83,4.42,,,,,,
2022-07-31,25.33,22.52,28.31,44.16,41.33,47.32,6.1,4.86,8.02,3.17,2.55,3.8,15.63,13.87,17.48,3.57,2.8,4.41,,,,,,
2022-08-01,25.28,22.49,28.24,44.25,41.38,47.34,6.06,4.87,7.93,3.15,2.52,3.79,15.65,13.91,17.45,3.56,2.78,4.39,,,,,,
2022-08-02,25.22,22.47,28.18,44.34,41.45,47.41,6.03,4.84,7.85,3.14,2.5,3.78,15.67,13.96,17.43,3.55,2.76,4.38,,,,,,
2022-08-03,25.16,22.45,28.1,44.43,41.48,47.51,5.99,4.87,7.78,3.12,2.5,3.77,15.69,13.98,17.43,3.54,2.75,4.37,,,,,,
2022-08-04,25.1,22.43,28.0,44.53,41.57,47.66,5.95,4.87,7.69,3.1,2.49,3.74,15.71,13.98,17.45,3.54,2.74,4.38,,,,,,
2022-08-05,25.03,22.43,27.94,44.62,41.58,47.68,5.91,4.84,7.6,3.08,2.49,3.72,15.73,14.02,17.45,3.54,2.73,4.41,18.0,46.0,8.0,3.0,21.0,2.0
2022-08-06,24.96,22.4,27.93,44.72,41.62,47.76,5.87,4.8,7.47,3.06,2.48,3.72,15.75,14.06,17.45,3.54,2.73,4.42,,,,,,
2022-08-07,24.89,22.38,27.89,44.83,41.67,47.93,5.82,4.75,7.39,3.05,2.45,3.7,15.76,14.09,17.41,3.54,2.72,4.42,,,,,,
2022-08-08,24.81,22.36,27.7,44.93,41.74,48.09,5.77,4.7,7.3,3.03,2.44,3.69,15.78,14.13,17.37,3.55,2.72,4.46,,,,,,
2022-08-09,24.73,22.28,27.49,45.04,41.82,48.24,5.72,4.69,7.21,3.01,2.41,3.66,15.79,14.17,17.35,3.55,2.73,4.44,,,,,,
2022-08-10,24.65,22.23,27.34,45.15,41.97,48.37,5.67,4.69,7.11,3.0,2.39,3.63,15.8,14.2,17.36,3.56,2.73,4.45,26.0,43.0,5.0,3.0,11.0,1.0
2022-08-11,24.57,22.18,27.22,45.27,42.06,48.51,5.62,4.68,7.05,2.98,2.38,3.59,15.8,14.25,17.34,3.57,2.77,4.46,,,,,,
2022-08-12,24.49,22.13,27.1,45.38,42.19,48.64,5.57,4.68,6.98,2.97,2.37,3.55,15.81,14.3,17.31,3.58,2.79,4.49,,,,,,
2022-08-13,24.41,22.09,26.99,45.5,42.33,48.75,5.52,4.65,6.87,2.95,2.36,3.52,15.8,14.34,17.26,3.6,2.8,4.54,,,,,,
2022-08-14,24.32,22.03,26.96,45.62,42.5,48.84,5.48,4.59,6.75,2.94,2.36,3.51,15.79,14.33,17.2,3.61,2.81,4.6,,,,,,
2022-08-15,24.24,21.93,26.94,45.74,42.71,48.92,5.44,4.56,6.64,2.93,2.35,3.51,15.78,14.33,17.14,3.63,2.82,4.64,,,,,,
2022-08-16,24.15,21.84,26.79,45.86,42.93,48.99,5.4,4.5,6.53,2.92,2.34,3.49,15.76,14.34,17.11,3.64,2.83,4.65,,,,,,
2022-08-17,24.06,21.78,26.72,45.98,43.13,49.04,5.36,4.46,6.5,2.91,2.34,3.52,15.74,14.35,17.07,3.66,2.84,4.68,17.0,58.0,3.0,4.0,10.0,6.0
2022-08-18,23.97,21.7,26.65,46.1,43.21,49.09,5.33,4.43,6.48,2.91,2.34,3.51,15.72,14.35,17.02,3.68,2.86,4.71,,,,,,
2022-08-19,23.88,21.6,26.5,46.21,43.31,49.12,5.3,4.41,6.41,2.91,2.35,3.54,15.69,14.37,16.98,3.7,2.88,4.72,,,,,,
2022-08-20,23.79,21.47,26.28,46.33,43.49,49.14,5.28,4.39,6.36,2.91,2.35,3.56,15.66,14.39,16.93,3.72,2.88,4.74,,,,,,
2022-08-21,23.7,21.43,26.18,46.44,43.63,49.18,5.26,4.38,6.29,2.91,2.35,3.57,15.63,14.37,16.88,3.73,2.9,4.76,,,,,,
2022-08-22,23.61,21.38,26.05,46.56,43.7,49.25,5.25,4.36,6.24,2.91,2.34,3.58,15.59,14.35,16.84,3.75,2.9,4.82,,,,,,
2022-08-23,23.52,21.35,25.97,46.66,43.78,49.29,5.24,4.38,6.18,2.92,2.32,3.58,15.56,14.35,16.79,3.77,2.89,4.83,,,,,,
2022-08-24,23.43,21.3,25.83,46.77,43.84,49.31,5.23,4.38,6.16,2.93,2.34,3.61,15.52,14.34,16.73,3.79,2.89,4.87,27.0,39.0,6.0,3.0,18.0,6.0
2022-08-25,23.33,21.25,25.62,46.87,43.92,49.31,5.23,4.39,6.15,2.94,2.35,3.64,15.49,14.3,16.69,3.81,2.9,4.88,,,,,,
2022-08-26,23.24,21.16,25.56,46.97,44.03,49.34,5.23,4.38,6.13,2.95,2.34,3.66,15.45,14.26,16.65,3.83,2.9,4.91,,,,,,
2022-08-27,23.15,21.08,25.53,47.06,44.13,49.41,5.24,4.37,6.13,2.97,2.33,3.72,15.42,14.23,16.61,3.85,2.91,4.96,,,,,,
2022-08-28,23.05,21.02,25.5,47.15,44.23,49.53,5.24,4.36,6.14,2.99,2.32,3.76,15.38,14.23,16.59,3.88,2.93,4.99,,,,,,
2022-08-29,22.96,20.94,25.46,47.24,44.34,49.64,5.25,4.38,6.13,3.0,2.33,3.79,15.35,14.21,16.58,3.9,2.95,5.01,,,,,,
2022-08-30,22.87,20.84,25.43,47.32,44.44,49.74,5.26,4.42,6.17,3.02,2.32,3.85,15.31,14.14,16.55,3.92,2.96,5.03,,,,,,
2022-08-31,22.77,20.74,25.29,47.41,44.54,49.83,5.27,4.44,6.18,3.05,2.31,3.89,15.28,14.06,16.49,3.94,2.96,5.05,,,,,,
2022-09-01,22.68,20.56,25.14,47.48,44.64,49.84,5.29,4.45,6.19,3.07,2.32,3.9,15.25,14.07,16.46,3.97,2.96,5.07,31.0,42.0,5.0,1.0,16.0,3.0
2022-09-02,22.59,20.45,25.02,47.56,44.74,49.84,5.3,4.45,6.2,3.09,2.32,3.94,15.23,14.01,16.43,3.99,2.98,5.12,,,,,,
2022-09-03,22.5,20.35,24.89,47.63,44.81,49.88,5.32,4.46,6.21,3.12,2.31,4.02,15.2,14.01,16.36,4.02,3.0,5.16,,,,,,
2022-09-04,22.41,20.27,24.84,47.7,44.83,49.98,5.33,4.5,6.22,3.14,2.3,4.08,15.18,14.05,16.35,4.04,3.0,5.22,,,,,,
2022-09-05,22.33,20.19,24.78,47.76,44.88,50.06,5.35,4.52,6.24,3.17,2.3,4.12,15.16,13.97,16.37,4.07,3.03,5.28,,,,,,
2022-09-06,22.24,20.11,24.69,47.82,44.93,50.14,5.36,4.54,6.25,3.19,2.29,4.15,15.14,13.97,16.27,4.09,3.09,5.34,,,,,,
2022-09-07,22.16,20.04,24.54,47.88,44.98,50.21,5.37,4.53,6.26,3.22,2.28,4.18,15.12,13.97,16.25,4.12,3.1,5.4,21.0,54.0,4.0,2.0,18.0,1.0
2022-09-08,22.08,19.97,24.38,47.94,45.04,50.3,5.39,4.52,6.29,3.24,2.27,4.2,15.11,13.97,16.23,4.15,3.12,5.45,,,,,,
2022-09-09,22.0,19.91,24.24,47.99,45.1,50.45,5.4,4.52,6.31,3.27,2.27,4.24,15.1,13.97,16.18,4.18,3.16,5.51,,,,,,
2022-09-10,21.92,19.82,24.13,48.05,45.19,50.52,5.41,4.5,6.35,3.29,2.26,4.29,15.09,13.95,16.18,4.21,3.21,5.57,,,,,,
2022-09-11,21.84,19.72,24.04,48.1,45.23,50.49,5.42,4.5,6.36,3.32,2.27,4.35,15.08,13.92,16.17,4.24,3.23,5.62,,,,,,
2022-09-12,21.76,19.65,24.0,48.15,45.28,50.48,5.43,4.49,6.38,3.34,2.28,4.41,15.07,13.9,16.18,4.27,3.26,5.69,24.0,44.0,11.0,1.0,14.0,2.0
2022-09-13,21.68,19.59,23.96,48.2,45.38,50.52,5.44,4.48,6.38,3.37,2.3,4.47,15.07,13.86,16.19,4.3,3.3,5.76,,,,,,
2022-09-14,21.61,19.51,23.84,48.25,45.48,50.55,5.45,4.5,6.39,3.39,2.31,4.52,15.07,13.84,16.2,4.34,3.33,5.83,,,,,,
2022-09-15,21.53,19.44,23.79,48.3,45.58,50.58,5.46,4.51,6.39,3.42,2.32,4.57,15.07,13.81,16.21,4.37,3.36,5.91,,,,,,
2022-09-16,21.45,19.3,23.73,48.35,45.69,50.6,5.47,4.52,6.41,3.44,2.33,4.63,15.07,13.79,16.21,4.4,3.37,5.99,,,,,,
2022-09-17,21.37,19.24,23.67,48.4,45.77,50.6,5.48,4.53,6.45,3.46,2.32,4.68,15.08,13.78,16.22,4.44,3.38,6.07,,,,,,
2022-09-18,21.3,19.2,23.61,48.44,45.89,50.61,5.48,4.51,6.49,3.49,2.3,4.72,15.08,13.77,16.23,4.48,3.4,6.15,,,,,,
2022-09-19,21.22,19.17,23.54,48.48,45.91,50.64,5.49,4.52,6.49,3.52,2.28,4.76,15.09,13.77,16.25,4.51,3.43,6.22,,,,,,
2022-09-20,21.15,19.14,23.45,48.52,45.95,50.66,5.5,4.52,6.49,3.54,2.27,4.82,15.1,13.77,16.26,4.55,3.51,6.21,,,,,,
2022-09-21,21.07,19.05,23.35,48.56,46.02,50.67,5.5,4.51,6.5,3.57,2.29,4.86,15.1,13.76,16.28,4.59,3.56,6.21,,,,,,
2022-09-22,21.0,18.89,23.31,48.6,46.11,50.67,5.51,4.5,6.51,3.6,2.31,4.91,15.12,13.79,16.34,4.62,3.59,6.21,24.0,44.0,4.0,5.0,16.5,4.0
2022-09-23,20.93,18.72,23.28,48.63,46.2,50.73,5.51,4.49,6.53,3.63,2.31,4.95,15.13,13.79,16.41,4.66,3.62,6.21,18.0,56.0,3.0,,16.0,5.0
2022-09-24,20.86,18.56,23.23,48.66,46.29,50.82,5.52,4.47,6.56,3.65,2.34,4.99,15.14,13.8,16.45,4.7,3.66,6.2,,,,,,
2022-09-25,20.79,18.5,23.16,48.7,46.38,50.86,5.52,4.46,6.58,3.68,2.37,5.02,15.16,13.81,16.51,4.73,3.7,6.23,27.0,46.0,4.0,1.0,15.0,3.0
2022-09-26,20.73,18.46,23.1,48.73,46.46,50.89,5.52,4.44,6.6,3.71,2.39,5.06,15.17,13.8,16.51,4.77,3.74,6.29,,,,,,
2022-09-27,20.66,18.43,23.04,48.76,46.5,50.89,5.52,4.45,6.59,3.74,2.39,5.09,15.18,13.78,16.51,4.8,3.77,6.33,,,,,,
2022-09-28,20.6,18.4,22.98,48.79,46.58,50.86,5.52,4.47,6.6,3.77,2.39,5.13,15.2,13.78,16.52,4.83,3.78,6.34,,,,,,
2022-09-29,20.53,18.37,22.92,48.82,46.68,50.91,5.52,4.48,6.62,3.8,2.4,5.2,15.22,13.79,16.52,4.87,3.78,6.35,12.0,54.0,4.0,3.0,14.0,11.0
2022-09-30,20.46,18.39,22.86,48.85,46.7,50.91,5.52,4.49,6.6,3.83,2.41,5.24,15.23,13.79,16.55,4.9,3.78,6.38,,,,,,
2022-10-01,20.4,18.37,22.8,48.87,46.71,50.91,5.52,4.5,6.58,3.87,2.42,5.28,15.25,13.79,16.58,4.93,3.8,6.4,,,,,,
2022-10-02,20.33,18.33,22.73,48.9,46.75,50.92,5.52,4.51,6.57,3.9,2.43,5.33,15.27,13.8,16.61,4.95,3.79,6.42,,,,,,
2022-10-03,20.27,18.25,22.67,48.93,46.75,50.92,5.52,4.51,6.57,3.93,2.44,5.36,15.28,13.81,16.64,4.98,3.79,6.43,,,,,,
2022-10-04,20.21,18.19,22.61,48.96,46.82,50.94,5.51,4.52,6.57,3.96,2.46,5.39,15.3,13.85,16.67,5.01,3.82,6.44,24.0,51.0,6.0,,13.0,
2022-10-05,20.14,18.13,22.55,48.98,46.9,50.95,5.51,4.52,6.56,4.0,2.52,5.42,15.31,13.86,16.69,5.04,3.84,6.49,,,,,,
2022-10-06,20.08,18.06,22.45,49.01,46.91,50.99,5.5,4.52,6.56,4.03,2.55,5.45,15.33,13.86,16.69,5.07,3.84,6.54,,,,,,
2022-10-07,20.02,17.98,22.36,49.03,46.91,51.01,5.5,4.51,6.56,4.07,2.58,5.48,15.34,13.89,16.69,5.09,3.85,6.59,18.0,52.0,9.0,6.0,8.0,5.0
2022-10-08,19.95,17.92,22.27,49.06,46.95,51.05,5.49,4.5,6.6,4.11,2.66,5.52,15.36,13.91,16.69,5.12,3.89,6.64,,,,,,
2022-10-09,19.89,17.83,22.19,49.08,46.99,51.05,5.49,4.49,6.6,4.15,2.73,5.55,15.37,13.9,16.7,5.15,3.92,6.7,,,,,,
2022-10-10,19.83,17.73,22.09,49.1,47.02,51.07,5.48,4.48,6.57,4.19,2.8,5.58,15.39,13.9,16.73,5.18,3.97,6.75,,,,,,
2022-10-11,19.77,17.63,22.02,49.12,47.07,51.11,5.47,4.47,6.55,4.23,2.85,5.61,15.4,13.9,16.75,5.22,3.96,6.78,,,,,,
2022-10-12,19.7,17.55,21.92,49.14,47.13,51.11,5.46,4.47,6.55,4.28,2.9,5.63,15.42,13.9,16.78,5.25,3.99,6.78,12.0,48.0,10.0,10.0,17.0,3.0
2022-10-13,19.64,17.44,21.77,49.16,47.18,51.1,5.46,4.47,6.57,4.32,2.93,5.66,15.43,13.9,16.8,5.29,4.0,6.78,,,,,,
2022-10-14,19.58,17.37,21.74,49.17,47.2,51.09,5.45,4.47,6.59,4.37,2.97,5.7,15.45,13.9,16.83,5.33,4.05,6.78,,,,,,
2022-10-15,19.52,17.29,21.68,49.18,47.21,51.12,5.45,4.48,6.58,4.41,3.0,5.74,15.47,13.88,16.87,5.36,4.11,6.79,,,,,,
2022-10-16,19.45,17.21,21.59,49.19,47.17,51.16,5.44,4.49,6.57,4.46,3.04,5.76,15.49,13.85,16.91,5.4,4.15,6.83,,,,,,
2022-10-17,19.39,17.14,21.57,49.19,47.2,51.2,5.44,4.48,6.56,4.51,3.12,5.8,15.51,13.85,16.95,5.45,4.17,6.88,,,,,,
2022-10-18,19.34,17.07,21.56,49.19,47.2,51.24,5.44,4.45,6.56,4.55,3.2,5.87,15.53,13.82,17.0,5.49,4.2,6.92,,,,,,
2022-10-19,19.28,17.04,21.53,49.18,47.19,51.27,5.43,4.42,6.55,4.6,3.25,5.89,15.55,13.86,17.04,5.53,4.24,6.97,,,,,,
2022-10-20,19.22,17.0,21.5,49.18,47.18,51.26,5.43,4.42,6.54,4.65,3.31,5.9,15.57,13.91,17.1,5.58,4.3,7.02,,,,,,
2022-10-21,19.17,16.92,21.45,49.17,47.13,51.28,5.43,4.42,6.54,4.69,3.39,5.92,15.59,13.94,17.15,5.62,4.32,7.07,16.0,55.0,3.0,3.0,14.0,8.0
2022-10-22,19.11,16.85,21.39,49.15,47.08,51.3,5.43,4.42,6.53,4.74,3.48,5.93,15.61,13.97,17.21,5.67,4.35,7.15,,,,,,
2022-10-23,19.06,16.8,21.34,49.14,47.02,51.27,5.43,4.42,6.53,4.78,3.55,5.97,15.63,14.01,17.23,5.71,4.37,7.23,,,,,,
2022-10-24,19.01,16.77,21.33,49.13,46.97,51.25,5.43,4.43,6.53,4.82,3.61,6.02,15.65,14.02,17.23,5.76,4.4,7.32,,,,,,
2022-10-25,18.96,16.73,21.26,49.11,46.9,51.23,5.43,4.44,6.53,4.87,3.66,6.05,15.67,14.02,17.22,5.8,4.42,7.4,,,,,,
2022-10-26,18.91,16.7,21.21,49.09,46.84,51.28,5.43,4.45,6.53,4.9,3.73,6.09,15.69,14.0,17.25,5.85,4.45,7.48,21.0,42.0,4.0,5.0,22.0,4.0
2022-10-27,18.86,16.67,21.17,49.08,46.77,51.33,5.44,4.46,6.54,4.94,3.79,6.13,15.71,14.01,17.31,5.89,4.47,7.55,,,,,,
2022-10-28,18.82,16.64,21.11,49.06,46.71,51.37,5.44,4.44,6.59,4.97,3.83,6.16,15.73,14.02,17.37,5.93,4.51,7.58,,,,,,
2022-10-29,18.77,16.6,21.04,49.05,46.64,51.4,5.44,4.46,6.57,5.0,3.87,6.15,15.75,14.05,17.43,5.97,4.52,7.59,,,,,,
2022-10-30,18.73,16.57,20.93,49.03,46.58,51.42,5.44,4.49,6.55,5.02,3.94,6.18,15.77,14.09,17.49,6.01,4.58,7.63,,,,,,
2022-10-31,18.68,16.54,20.85,49.02,46.52,51.42,5.45,4.52,6.56,5.05,3.97,6.2,15.78,14.1,17.55,6.05,4.61,7.7,,,,,,
2022-11-01,18.64,16.52,20.83,49.01,46.5,51.43,5.45,4.51,6.57,5.06,4.02,6.22,15.8,14.08,17.61,6.09,4.65,7.7,,,,,,
2022-11-02,18.6,16.5,20.77,49.0,46.49,51.44,5.46,4.5,6.54,5.08,4.09,6.23,15.81,14.08,17.63,6.12,4.69,7.7,10.0,57.0,7.0,,16.0,11.0
2022-11-03,18.56,16.47,20.7,48.99,46.49,51.5,5.46,4.49,6.5,5.09,4.16,6.2,15.83,14.07,17.62,6.16,4.74,7.69,,,,,,
2022-11-04,18.52,16.45,20.62,48.98,46.49,51.57,5.46,4.5,6.49,5.1,4.17,6.2,15.84,14.05,17.64,6.19,4.77,7.69,,,,,,
2022-11-05,18.48,16.44,20.55,48.97,46.46,51.63,5.47,4.49,6.48,5.1,4.21,6.21,15.85,14.01,17.64,6.22,4.8,7.74,,,,,,
2022-11-06,18.44,16.41,20.47,48.97,46.38,51.61,5.47,4.48,6.49,5.11,4.23,6.2,15.86,13.98,17.65,6.25,4.83,7.79,,,,,,
2022-11-07,18.41,16.39,20.4,48.96,46.34,51.56,5.48,4.49,6.48,5.1,4.24,6.17,15.87,13.99,17.72,6.28,4.85,7.83,,,,,,
2022-11-08,18.38,16.36,20.37,48.95,46.3,51.63,5.48,4.5,6.47,5.1,4.27,6.15,15.88,13.98,17.77,6.31,4.88,7.88,,,,,,
2022-11-09,18.35,16.33,20.38,48.94,46.23,51.61,5.48,4.51,6.46,5.09,4.28,6.11,15.89,13.93,17.83,6.34,4.91,7.92,,,,,,
2022-11-10,18.33,16.31,20.37,48.94,46.15,51.59,5.49,4.52,6.49,5.08,4.28,6.09,15.9,13.89,17.9,6.36,4.93,7.95,20.0,43.0,6.0,6.0,13.0,8.0
2022-11-11,18.31,16.28,20.37,48.93,46.06,51.56,5.49,4.53,6.53,5.07,4.29,6.03,15.91,13.85,17.96,6.39,4.92,7.95,,,,,,
2022-11-12,18.29,16.25,20.32,48.92,45.98,51.57,5.48,4.52,6.51,5.06,4.29,6.01,15.92,13.87,17.96,6.41,4.96,7.95,,,,,,
2022-11-13,18.27,16.23,20.28,48.9,45.93,51.67,5.48,4.53,6.5,5.04,4.26,5.98,15.93,13.89,18.01,6.44,4.97,7.97,,,,,,
2022-11-14,18.26,16.25,20.32,48.89,45.89,51.76,5.47,4.53,6.51,5.02,4.25,5.95,15.93,13.91,18.06,6.46,4.98,8.01,,,,,,
2022-11-15,18.25,16.21,20.26,48.88,45.86,51.8,5.46,4.5,6.5,5.0,4.23,5.9,15.94,13.93,18.08,6.49,4.98,8.03,,,,,,
2022-11-16,18.25,16.21,20.3,48.87,45.84,51.75,5.45,4.49,6.46,4.97,4.22,5.83,15.95,13.96,18.09,6.51,4.98,8.05,26.0,52.0,3.0,,17.0,1.0
2022-11-17,18.24,16.23,20.22,48.85,45.88,51.69,5.43,4.49,6.42,4.95,4.2,5.78,15.96,13.97,18.07,6.54,4.98,8.09,,,,,,
2022-11-18,18.24,16.21,20.18,48.84,45.92,51.62,5.42,4.49,6.37,4.92,4.18,5.78,15.97,14.0,18.05,6.56,4.98,8.15,,,,,,
2022-11-19,18.24,16.15,20.19,48.82,45.92,51.6,5.4,4.47,6.33,4.89,4.16,5.72,15.97,14.04,18.0,6.59,4.98,8.23,,,,,,
2022-11-20,18.24,16.11,20.2,48.8,45.87,51.61,5.38,4.45,6.31,4.85,4.15,5.7,15.98,14.06,17.96,6.62,5.03,8.25,,,,,,
2022-11-21,18.24,16.08,20.22,48.78,45.84,51.6,5.36,4.45,6.3,4.82,4.09,5.67,15.98,14.09,17.91,6.65,5.01,8.3,,,,,,
2022-11-22,18.23,16.01,20.23,48.77,45.8,51.61,5.35,4.43,6.27,4.78,4.03,5.63,15.98,14.13,17.94,6.69,4.99,8.36,,,,,,
2022-11-23,18.23,15.94,20.23,48.75,45.82,51.61,5.33,4.44,6.23,4.75,3.98,5.55,15.98,14.17,17.93,6.72,4.99,8.41,18.0,47.0,4.0,4.0,22.0,4.0
2022-11-24,18.22,15.87,20.22,48.74,45.85,51.63,5.31,4.44,6.2,4.71,3.91,5.53,15.98,14.18,17.9,6.76,4.99,8.49,,,,,,
2022-11-25,18.21,15.84,20.25,48.72,45.88,51.64,5.3,4.43,6.19,4.68,3.85,5.5,15.98,14.17,17.87,6.81,4.99,8.56,,,,,,
2022-11-26,18.19,15.81,20.25,48.71,45.93,51.66,5.28,4.42,6.16,4.64,3.79,5.49,15.97,14.12,17.82,6.85,4.99,8.62,,,,,,
2022-11-27,18.17,15.78,20.25,48.71,45.98,51.69,5.27,4.38,6.15,4.6,3.74,5.45,15.96,14.12,17.79,6.9,4.99,8.64,,,,,,
2022-11-28,18.15,15.72,20.23,48.7,45.98,51.67,5.26,4.36,6.13,4.57,3.69,5.41,15.94,14.16,17.75,6.94,4.99,8.69,,,,,,
2022-11-29,18.12,15.72,20.15,48.7,45.92,51.66,5.25,4.36,6.11,4.54,3.68,5.36,15.93,14.16,17.72,6.99,5.02,8.78,,,,,,
2022-11-30,18.09,15.69,20.06,48.7,45.88,51.65,5.24,4.36,6.09,4.5,3.64,5.3,15.91,14.15,17.75,7.04,5.03,8.86,18.0,42.0,,6.0,19.0,11.0
2022-12-01,18.06,15.62,20.02,48.71,45.9,51.65,5.23,4.36,6.08,4.47,3.57,5.26,15.88,14.12,17.77,7.09,5.08,8.93,,,,,,
2022-12-02,18.02,15.59,20.01,48.71,45.96,51.68,5.23,4.33,6.06,4.44,3.5,5.26,15.85,14.07,17.77,7.14,5.16,8.97,,,,,,
2022-12-03,17.98,15.55,19.96,48.72,45.98,51.71,5.23,4.29,6.07,4.42,3.47,5.23,15.82,14.07,17.77,7.19,5.23,9.02,,,,,,
2022-12-04,17.93,15.51,19.91,48.74,46.04,51.74,5.22,4.32,6.07,4.39,3.43,5.2,15.79,14.03,17.75,7.24,5.3,9.05,,,,,,
2022-12-05,17.88,15.47,19.89,48.75,46.2,51.77,5.22,4.34,6.08,4.37,3.4,5.17,15.75,13.98,17.63,7.28,5.38,9.1,,,,,,
2022-12-06,17.83,15.44,19.82,48.77,46.29,51.78,5.22,4.34,6.11,4.34,3.37,5.14,15.71,13.93,17.56,7.33,5.47,9.17,,,,,,
2022-12-07,17.77,15.41,19.78,48.79,46.36,51.77,5.22,4.34,6.13,4.32,3.33,5.12,15.67,13.89,17.5,7.37,5.56,9.26,20.0,45.0,8.0,5.0,14.0,9.0
2022-12-08,17.72,15.39,19.66,48.82,46.43,51.82,5.22,4.36,6.12,4.3,3.32,5.09,15.62,13.84,17.45,7.41,5.58,9.36,,,,,,
2022-12-09,17.66,15.37,19.59,48.84,46.51,51.84,5.21,4.36,6.12,4.27,3.3,5.07,15.58,13.79,17.39,7.46,5.66,9.41,,,,,,
2022-12-10,17.6,15.36,19.52,48.87,46.59,51.85,5.21,4.34,6.12,4.25,3.28,5.06,15.53,13.74,17.26,7.5,5.66,9.46,,,,,,
2022-12-11,17.54,15.32,19.44,48.9,46.6,51.85,5.2,4.28,6.12,4.22,3.27,5.05,15.48,13.7,17.14,7.54,5.67,9.5,,,,,,
2022-12-12,17.48,15.24,19.37,48.93,46.61,51.86,5.19,4.28,6.12,4.2,3.25,5.03,15.43,13.66,17.09,7.58,5.68,9.54,,,,,,
2022-12-13,17.42,15.14,19.27,48.96,46.62,51.92,5.18,4.29,6.13,4.17,3.23,5.0,15.38,13.61,17.04,7.61,5.71,9.57,,,,,,
2022-12-14,17.37,15.05,19.16,49.0,46.58,51.96,5.17,4.29,6.13,4.15,3.21,4.98,15.32,13.57,17.0,7.65,5.74,9.61,,,,,,
2022-12-15,17.31,14.97,19.08,49.04,46.62,51.96,5.15,4.23,6.14,4.12,3.19,4.95,15.27,13.51,16.93,7.69,5.84,9.63,17.0,53.0,5.0,5.0,10.0,4.0
2022-12-16,17.26,14.92,18.98,49.08,46.76,51.98,5.13,4.18,6.14,4.09,3.18,4.91,15.21,13.48,16.91,7.72,5.85,9.65,,,,,,
2022-12-17,17.21,14.9,18.9,49.12,46.83,52.05,5.11,4.14,6.12,4.06,3.16,4.86,15.15,13.42,16.84,7.76,5.93,9.65,,,,,,
2022-12-18,17.16,14.85,18.8,49.17,46.98,52.08,5.09,4.14,6.12,4.03,3.14,4.81,15.1,13.39,16.77,7.79,5.93,9.64,,,,,,
2022-12-19,17.12,14.87,18.75,49.22,47.09,52.1,5.06,4.13,6.1,4.0,3.12,4.79,15.04,13.35,16.68,7.82,5.99,9.64,,,,,,
2022-12-20,17.07,14.8,18.7,49.27,47.09,52.11,5.03,4.09,6.06,3.97,3.09,4.73,14.98,13.31,16.59,7.86,6.05,9.66,,,,,,
2022-12-21,17.03,14.79,18.66,49.33,47.16,52.15,5.0,4.05,6.02,3.93,3.07,4.67,14.93,13.27,16.54,7.88,6.07,9.7,18.0,56.0,5.0,1.0,12.0,7.0
2022-12-22,16.98,14.77,18.63,49.39,47.26,52.12,4.97,4.01,6.01,3.9,3.05,4.62,14.87,13.24,16.46,7.91,6.16,9.79,,,,,,
2022-12-23,16.94,14.7,18.6,49.46,47.44,52.15,4.93,3.94,6.0,3.87,3.03,4.57,14.82,13.2,16.36,7.94,6.24,9.81,,,,,,
2022-12-24,16.89,14.74,18.56,49.53,47.57,52.27,4.9,3.85,5.94,3.84,3.03,4.52,14.76,13.17,16.26,7.97,6.31,9.78,,,,,,
2022-12-25,16.84,14.69,18.52,49.6,47.7,52.33,4.86,3.78,5.92,3.8,3.01,4.49,14.71,13.14,16.16,7.99,6.35,9.76,,,,,,
2022-12-26,16.8,14.65,18.51,49.68,47.7,52.33,4.83,3.71,5.89,3.77,2.99,4.45,14.65,13.14,16.11,8.02,6.4,9.74,,,,,,
2022-12-27,16.75,14.59,18.51,49.76,47.84,52.47,4.79,3.65,5.87,3.74,2.97,4.4,14.6,13.11,16.02,8.04,6.46,9.77,,,,,,
2022-12-28,16.7,14.56,18.49,49.85,48.02,52.55,4.75,3.6,5.83,3.71,2.95,4.38,14.55,13.08,15.93,8.07,6.53,9.82,,,,,,
2022-12-29,16.65,14.51,18.43,49.93,48.13,52.62,4.71,3.57,5.78,3.68,2.94,4.34,14.5,13.08,15.84,8.09,6.55,9.85,,,,,,
2022-12-30,16.6,14.5,18.37,50.02,48.18,52.61,4.67,3.51,5.73,3.65,2.94,4.29,14.45,13.11,15.76,8.12,6.58,9.81,,,,,,
2022-12-31,16.55,14.48,18.36,50.11,48.26,52.68,4.64,3.47,5.69,3.63,2.94,4.24,14.4,13.14,15.69,8.14,6.61,9.83,,,,,,
2023-01-01,16.51,14.48,18.34,50.19,48.33,52.76,4.6,3.43,5.64,3.6,2.94,4.21,14.35,13.15,15.61,8.17,6.65,9.88,,,,,,
2023-01-02,16.46,14.43,18.3,50.28,48.4,52.83,4.56,3.39,5.59,3.58,2.94,4.18,14.3,13.13,15.53,8.19,6.71,9.91,,,,,,
2023-01-03,16.42,14.39,18.28,50.37,48.42,52.87,4.52,3.35,5.54,3.55,2.93,4.15,14.26,13.11,15.47,8.21,6.74,9.92,,,,,,
2023-01-04,16.37,14.34,18.26,50.45,48.45,52.96,4.48,3.3,5.49,3.53,2.9,4.1,14.22,13.09,15.42,8.23,6.78,9.88,,,,,,
2023-01-05,16.33,14.25,18.24,50.53,48.47,53.02,4.44,3.26,5.43,3.51,2.89,4.07,14.18,13.1,15.32,8.26,6.81,9.84,16.0,46.0,4.0,4.0,19.0,10.0
2023-01-06,16.29,14.19,18.21,50.61,48.49,53.07,4.39,3.22,5.38,3.49,2.88,4.04,14.14,13.12,15.25,8.28,6.85,9.83,,,,,,
2023-01-07,16.26,14.15,18.23,50.69,48.5,53.13,4.35,3.2,5.37,3.47,2.87,4.01,14.11,13.07,15.18,8.3,6.88,9.83,,,,,,
2023-01-08,16.22,14.13,18.21,50.76,48.51,53.16,4.31,3.18,5.36,3.45,2.86,3.98,14.08,13.05,15.12,8.32,6.92,9.82,,,,,,
2023-01-09,16.19,14.12,18.19,50.83,48.53,53.22,4.27,3.15,5.3,3.43,2.84,3.95,14.05,13.04,15.06,8.34,6.95,9.81,,,,,,
2023-01-10,16.16,14.09,18.18,50.9,48.56,53.26,4.23,3.05,5.25,3.41,2.8,3.93,14.02,13.02,15.05,8.36,6.99,9.79,,,,,,
2023-01-11,16.13,14.05,18.17,50.97,48.67,53.3,4.19,3.03,5.21,3.4,2.81,3.92,14.0,12.99,15.01,8.37,7.02,9.78,8.0,46.0,8.0,4.0,15.0,15.0
2023-01-12,16.11,14.01,18.19,51.03,48.76,53.32,4.15,3.0,5.18,3.38,2.81,3.91,13.98,12.94,14.96,8.39,7.02,9.83,,,,,,
2023-01-13,16.08,13.98,18.21,51.09,48.86,53.35,4.1,2.97,5.15,3.37,2.82,3.9,13.96,12.93,14.93,8.41,7.07,9.86,,,,,,
2023-01-14,16.06,13.96,18.23,51.14,48.96,53.37,4.06,2.92,5.13,3.35,2.81,3.89,13.94,12.95,14.93,8.42,7.1,9.84,,,,,,
2023-01-15,16.05,13.93,18.25,51.19,49.04,53.4,4.02,2.87,5.08,3.34,2.81,3.89,13.93,12.97,14.91,8.43,7.11,9.86,,,,,,
2023-01-16,16.04,13.87,18.26,51.24,49.1,53.41,3.98,2.83,5.02,3.33,2.8,3.89,13.91,12.99,14.83,8.45,7.11,9.86,,,,,,
2023-01-17,16.02,13.84,18.27,51.28,49.09,53.53,3.94,2.79,4.95,3.32,2.79,3.88,13.9,12.97,14.8,8.46,7.1,9.92,,,,,,
2023-01-18,16.02,13.83,18.28,51.32,49.08,53.65,3.91,2.77,4.89,3.31,2.77,3.88,13.89,12.9,14.79,8.47,7.12,9.93,,,,,,
2023-01-19,16.01,13.83,18.29,51.35,49.06,53.76,3.87,2.76,4.82,3.31,2.72,3.88,13.89,12.9,14.77,8.49,7.13,9.92,13.0,59.0,3.0,3.0,11.0,9.0
2023-01-20,16.01,13.82,18.3,51.37,49.04,53.81,3.83,2.75,4.76,3.3,2.73,3.86,13.88,12.9,14.73,8.5,7.16,9.91,,,,,,
2023-01-21,16.02,13.82,18.31,51.39,49.03,53.91,3.8,2.74,4.71,3.3,2.72,3.86,13.87,12.91,14.71,8.52,7.17,9.91,,,,,,
2023-01-22,16.02,13.79,18.32,51.4,48.97,54.01,3.77,2.73,4.68,3.29,2.71,3.87,13.86,12.93,14.69,8.53,7.18,9.9,,,,,,
2023-01-23,16.03,13.77,18.37,51.41,48.99,54.09,3.74,2.71,4.65,3.29,2.69,3.88,13.86,12.96,14.67,8.54,7.19,9.92,,,,,,
2023-01-24,16.05,13.8,18.43,51.41,49.0,54.15,3.71,2.68,4.62,3.29,2.7,3.87,13.85,12.98,14.64,8.56,7.19,9.94,,,,,,
2023-01-25,16.07,13.82,18.47,51.41,49.02,54.1,3.68,2.65,4.59,3.29,2.71,3.86,13.84,12.97,14.61,8.57,7.19,9.95,18.0,52.0,5.0,4.0,14.0,4.0
2023-01-26,16.09,13.83,18.49,51.41,49.03,54.16,3.66,2.66,4.57,3.29,2.69,3.85,13.83,12.94,14.59,8.59,7.2,9.94,,,,,,
2023-01-27,16.12,13.84,18.48,51.4,49.04,54.2,3.64,2.66,4.55,3.29,2.67,3.86,13.82,12.91,14.56,8.6,7.21,9.93,14.0,50.0,4.0,3.0,13.0,7.0
2023-01-28,16.15,13.88,18.56,51.39,49.05,54.22,3.62,2.65,4.53,3.29,2.65,3.9,13.81,12.89,14.57,8.61,7.22,9.93,,,,,,
2023-01-29,16.18,13.95,18.6,51.38,49.06,54.14,3.6,2.65,4.49,3.29,2.63,3.88,13.79,12.9,14.53,8.61,7.27,9.96,,,,,,
2023-01-30,16.22,13.96,18.64,51.36,49.05,54.05,3.59,2.68,4.45,3.28,2.62,3.86,13.78,12.9,14.5,8.62,7.3,9.98,,,,,,
2023-01-31,16.26,13.97,18.67,51.35,49.04,53.97,3.58,2.69,4.46,3.28,2.61,3.85,13.76,12.91,14.47,8.62,7.31,10.0,,,,,,
2023-02-01,16.3,13.97,18.7,51.33,49.02,53.89,3.57,2.7,4.47,3.28,2.59,3.86,13.74,12.91,14.44,8.63,7.31,10.01,24.0,46.0,1.0,2.0,14.0,9.0
2023-02-02,16.35,14.01,18.74,51.31,49.01,53.92,3.56,2.7,4.46,3.28,2.57,3.87,13.72,12.88,14.4,8.63,7.32,10.02,,,,,,
2023-02-03,16.4,14.05,18.78,51.3,48.98,53.87,3.56,2.72,4.45,3.28,2.55,3.9,13.69,12.85,14.36,8.62,7.32,10.04,,,,,,
2023-02-04,16.45,14.09,18.82,51.28,48.95,53.87,3.56,2.73,4.44,3.28,2.54,3.89,13.66,12.85,14.31,8.62,7.33,10.05,,,,,,
2023-02-05,16.51,14.12,18.86,51.27,48.92,53.86,3.56,2.75,4.43,3.28,2.55,3.9,13.63,12.85,14.27,8.61,7.32,10.07,,,,,,
2023-02-06,16.57,14.16,18.9,51.26,48.91,53.79,3.56,2.76,4.43,3.28,2.55,3.9,13.6,12.85,14.24,8.61,7.32,10.08,,,,,,
2023-02-07,16.63,14.2,18.94,51.25,48.91,53.72,3.56,2.74,4.42,3.27,2.55,3.91,13.57,12.83,14.22,8.6,7.31,10.05,20.0,49.0,5.0,,14.0,9.0
2023-02-08,16.69,14.25,18.98,51.24,48.89,53.73,3.56,2.77,4.41,3.27,2.55,3.91,13.54,12.81,14.2,8.59,7.32,10.03,,,,,,
2023-02-09,16.75,14.35,19.02,51.23,48.87,53.68,3.56,2.76,4.41,3.27,2.55,3.9,13.5,12.76,14.19,8.58,7.31,9.93,17.0,56.0,1.0,1.0,14.0,7.0
2023-02-10,16.82,14.47,19.07,51.23,48.9,53.64,3.56,2.74,4.42,3.26,2.55,3.92,13.46,12.71,14.14,8.56,7.29,9.92,,,,,,
2023-02-11,16.88,14.58,19.16,51.23,48.95,53.67,3.56,2.75,4.43,3.26,2.55,3.92,13.42,12.68,14.11,8.55,7.27,9.9,,,,,,
2023-02-12,16.95,14.62,19.23,51.23,48.97,53.67,3.56,2.77,4.45,3.26,2.56,3.92,13.38,12.63,14.11,8.54,7.27,9.9,,,,,,
2023-02-13,17.02,14.65,19.28,51.23,48.92,53.62,3.56,2.77,4.46,3.25,2.56,3.91,13.34,12.58,14.11,8.52,7.27,9.9,,,,,,
2023-02-14,17.09,14.75,19.32,51.24,48.87,53.65,3.56,2.76,4.47,3.24,2.55,3.91,13.3,12.52,14.07,8.51,7.23,9.9,,,,,,
2023-02-15,17.15,14.9,19.33,51.25,48.87,53.62,3.56,2.75,4.47,3.24,2.53,3.9,13.26,12.48,14.02,8.49,7.22,9.9,8.0,61.0,1.0,5.0,15.0,7.0
2023-02-16,17.22,15.05,19.39,51.26,48.84,53.59,3.56,2.74,4.48,3.23,2.52,3.9,13.22,12.45,13.98,8.48,7.21,9.89,,,,,,
2023-02-17,17.29,15.15,19.46,51.27,48.9,53.6,3.56,2.73,4.5,3.22,2.51,3.89,13.18,12.42,13.94,8.47,7.2,9.88,,,,,,
2023-02-18,17.36,15.26,19.51,51.29,48.92,53.63,3.56,2.72,4.51,3.22,2.49,3.88,13.15,12.39,13.91,8.45,7.22,9.83,,,,,,
2023-02-19,17.42,15.37,19.55,51.3,48.93,53.64,3.56,2.74,4.52,3.21,2.47,3.87,13.11,12.37,13.88,8.44,7.21,9.78,,,,,,
2023-02-20,17.49,15.48,19.59,51.31,48.95,53.67,3.56,2.78,4.53,3.2,2.45,3.86,13.07,12.34,13.84,8.43,7.22,9.76,,,,,,
2023-02-21,17.55,15.58,19.63,51.32,48.95,53.69,3.56,2.77,4.56,3.19,2.43,3.84,13.04,12.32,13.8,8.42,7.22,9.75,,,,,,
2023-02-22,17.62,15.67,19.67,51.33,48.96,53.69,3.56,2.76,4.59,3.19,2.43,3.83,13.01,12.3,13.76,8.41,7.19,9.76,17.0,47.0,4.0,5.0,15.0,12.0
2023-02-23,17.69,15.72,19.7,51.33,48.95,53.7,3.56,2.75,4.62,3.18,2.43,3.82,12.98,12.26,13.73,8.4,7.15,9.76,,,,,,
2023-02-24,17.75,15.82,19.74,51.33,48.93,53.72,3.57,2.75,4.66,3.17,2.43,3.81,12.96,12.21,13.69,8.39,7.15,9.77,,,,,,
2023-02-25,17.82,15.87,19.82,51.31,48.89,53.73,3.58,2.74,4.67,3.17,2.44,3.79,12.94,12.16,13.66,8.38,7.14,9.79,,,,,,
2023-02-26,17.89,15.93,19.87,51.3,48.84,53.72,3.59,2.73,4.65,3.16,2.44,3.78,12.92,12.16,13.64,8.38,7.14,9.77,,,,,,
2023-02-27,17.95,16.01,19.93,51.27,48.77,53.7,3.6,2.72,4.65,3.15,2.44,3.77,12.91,12.16,13.64,8.38,7.13,9.75,,,,,,
2023-02-28,18.02,16.1,19.99,51.24,48.7,53.68,3.61,2.72,4.68,3.15,2.45,3.77,12.9,12.16,13.65,8.38,7.11,9.74,,,,,,
2023-03-01,18.08,16.2,20.03,51.2,48.63,53.72,3.63,2.71,4.73,3.14,2.46,3.77,12.89,12.18,13.65,8.38,7.09,9.72,16.0,53.0,2.0,2.0,11.0,10.0
2023-03-02,18.15,16.27,20.1,51.16,48.56,53.63,3.64,2.74,4.78,3.14,2.45,3.77,12.89,12.18,13.62,8.38,7.1,9.71,,,,,,
2023-03-03,18.21,16.36,20.18,51.11,48.52,53.6,3.66,2.75,4.83,3.14,2.44,3.77,12.89,12.15,13.61,8.38,7.06,9.69,,,,,,
2023-03-04,18.27,16.45,20.25,51.06,48.47,53.51,3.68,2.76,4.88,3.13,2.43,3.77,12.89,12.14,13.65,8.39,7.02,9.68,,,,,,
2023-03-05,18.33,16.53,20.28,51.0,48.39,53.53,3.71,2.78,4.91,3.13,2.43,3.78,12.89,12.12,13.67,8.39,7.01,9.72,,,,,,
2023-03-06,18.39,16.66,20.29,50.94,48.37,53.42,3.73,2.81,4.93,3.13,2.42,3.78,12.9,12.14,13.71,8.4,7.03,9.75,,,,,,
2023-03-07,18.45,16.7,20.31,50.88,48.27,53.34,3.75,2.82,4.95,3.13,2.43,3.78,12.9,12.12,13.76,8.41,7.04,9.76,,,,,,
2023-03-08,18.51,16.76,20.32,50.81,48.17,53.3,3.78,2.82,4.96,3.12,2.45,3.78,12.91,12.09,13.8,8.41,7.05,9.79,26.0,48.0,3.0,5.0,11.0,5.0
2023-03-09,18.56,16.86,20.33,50.73,48.01,53.33,3.81,2.82,5.0,3.12,2.45,3.78,12.92,12.06,13.81,8.42,7.07,9.82,,,,,,
2023-03-10,18.62,16.97,20.34,50.66,47.85,53.17,3.84,2.83,5.04,3.12,2.45,3.78,12.92,12.04,13.86,8.43,7.08,9.87,,,,,,
2023-03-11,18.68,17.02,20.46,50.58,47.62,53.02,3.88,2.85,5.08,3.12,2.47,3.78,12.93,12.02,13.9,8.43,7.08,9.89,,,,,,
2023-03-12,18.74,17.08,20.56,50.49,47.56,52.99,3.91,2.88,5.1,3.12,2.46,3.77,12.94,11.98,13.95,8.44,7.08,9.91,,,,,,
2023-03-13,18.8,17.16,20.67,50.41,47.35,52.99,3.95,2.93,5.1,3.12,2.46,3.77,12.95,11.96,14.01,8.45,7.07,9.91,,,,,,
2023-03-14,18.86,17.21,20.69,50.31,47.24,53.0,3.99,2.97,5.13,3.12,2.45,3.77,12.95,11.93,14.04,8.45,7.06,9.91,,,,,,
2023-03-15,18.92,17.28,20.71,50.21,47.16,52.99,4.03,3.01,5.22,3.12,2.45,3.76,12.96,11.9,14.16,8.46,7.04,9.91,,,,,,
2023-03-16,18.98,17.35,20.73,50.11,47.0,52.99,4.08,3.07,5.29,3.12,2.45,3.76,12.98,11.88,14.22,8.46,7.02,9.91,21.0,43.0,6.0,2.0,12.0,13.0
2023-03-17,19.04,17.43,20.75,50.0,46.86,52.89,4.13,3.11,5.32,3.12,2.46,3.76,12.99,11.85,14.27,8.46,7.0,9.92,,,,,,
2023-03-18,19.11,17.53,20.77,49.89,46.65,52.73,4.18,3.16,5.36,3.12,2.49,3.76,13.0,11.87,14.33,8.46,7.0,9.92,,,,,,
2023-03-19,19.17,17.62,20.79,49.77,46.39,52.53,4.23,3.21,5.38,3.12,2.49,3.76,13.02,11.84,14.38,8.45,7.0,9.92,,,,,,
2023-03-20,19.24,17.7,20.81,49.65,46.16,52.35,4.28,3.24,5.42,3.13,2.49,3.75,13.04,11.86,14.43,8.45,6.99,9.91,,,,,,
2023-03-21,19.31,17.78,20.83,49.52,45.94,52.28,4.34,3.27,5.49,3.13,2.49,3.75,13.06,11.88,14.5,8.44,6.99,9.9,,,,,,
2023-03-22,19.38,17.88,20.89,49.38,45.72,52.24,4.4,3.31,5.6,3.13,2.49,3.74,13.08,11.86,14.62,8.44,6.98,9.92,17.0,57.0,9.0,2.0,11.0,3.0
2023-03-23,19.45,18.0,20.98,49.24,45.55,52.17,4.47,3.36,5.73,3.13,2.5,3.71,13.1,11.84,14.72,8.43,6.97,9.89,,,,,,
2023-03-24,19.52,18.11,21.03,49.1,45.36,52.15,4.53,3.38,5.81,3.13,2.52,3.7,13.12,11.82,14.78,8.42,6.95,9.88,,,,,,
2023-03-25,19.59,18.22,21.1,48.95,45.14,52.12,4.6,3.42,5.87,3.14,2.53,3.71,13.15,11.8,14.84,8.4,6.92,9.85,,,,,,
2023-03-26,19.67,18.34,21.12,48.8,44.91,52.09,4.67,3.45,5.97,3.14,2.54,3.72,13.17,11.76,14.9,8.39,6.89,9.84,,,,,,
2023-03-27,19.74,18.45,21.14,48.65,44.7,52.05,4.74,3.48,6.03,3.14,2.55,3.71,13.2,11.75,14.95,8.37,6.86,9.81,,,,,,
2023-03-28,19.82,18.57,21.19,48.5,44.51,51.99,4.81,3.51,6.1,3.14,2.57,3.71,13.22,11.74,15.0,8.36,6.88,9.79,,,,,,
2023-03-29,19.89,18.67,21.23,48.34,44.31,51.75,4.87,3.59,6.23,3.14,2.59,3.7,13.25,11.7,15.05,8.34,6.87,9.77,,,,,,
2023-03-30,19.97,18.76,21.27,48.19,44.19,51.66,4.94,3.67,6.36,3.14,2.6,3.71,13.28,11.67,15.11,8.32,6.87,9.74,21.0,50.0,2.0,4.0,10.0,12.0
2023-03-31,20.04,18.84,21.3,48.04,44.04,51.58,5.01,3.76,6.46,3.14,2.6,3.71,13.3,11.64,15.17,8.3,6.83,9.71,,,,,,
2023-04-01,20.12,18.92,21.36,47.89,43.89,51.5,5.08,3.82,6.55,3.15,2.6,3.71,13.33,11.62,15.23,8.28,6.79,9.68,,,,,,
2023-04-02,20.19,19.0,21.38,47.74,43.73,51.41,5.15,3.87,6.61,3.15,2.6,3.74,13.36,11.61,15.29,8.26,6.79,9.66,,,,,,
2023-04-03,20.27,19.09,21.41,47.59,43.63,51.32,5.21,3.9,6.71,3.15,2.6,3.73,13.39,11.61,15.36,8.24,6.8,9.66,,,,,,
2023-04-04,20.34,19.17,21.43,47.44,43.51,51.22,5.27,3.95,6.77,3.15,2.58,3.73,13.43,11.63,15.38,8.22,6.8,9.66,,,,,,
2023-04-05,20.41,19.27,21.48,47.3,43.4,51.13,5.33,4.02,6.84,3.15,2.59,3.72,13.46,11.65,15.41,8.2,6.81,9.63,,,,,,
2023-04-06,20.47,19.33,21.55,47.17,43.3,51.01,5.39,4.09,6.89,3.16,2.59,3.7,13.49,11.65,15.38,8.18,6.83,9.56,19.0,55.0,2.0,3.0,13.0,9.0
2023-04-07,20.53,19.4,21.61,47.03,43.2,50.92,5.45,4.16,6.92,3.16,2.59,3.69,13.52,11.65,15.38,8.16,6.84,9.5,,,,,,
2023-04-08,20.59,19.46,21.62,46.9,42.97,50.82,5.5,4.2,6.96,3.16,2.59,3.73,13.56,11.71,15.38,8.14,6.84,9.46,,,,,,
2023-04-09,20.65,19.53,21.69,46.78,42.89,50.73,5.55,4.22,6.98,3.17,2.58,3.76,13.59,11.72,15.39,8.12,6.83,9.38,,,,,,
2023-04-10,20.7,19.6,21.74,46.66,42.77,50.61,5.6,4.3,7.04,3.17,2.57,3.75,13.62,11.72,15.45,8.11,6.83,9.37,,,,,,
2023-04-11,20.75,19.63,21.79,46.54,42.65,50.51,5.64,4.35,7.05,3.18,2.57,3.73,13.65,11.75,15.49,8.09,6.83,9.35,,,,,,
2023-04-12,20.79,19.68,21.83,46.43,42.51,50.44,5.68,4.38,7.11,3.19,2.59,3.72,13.69,11.79,15.61,8.08,6.85,9.34,,,,,,
2023-04-13,20.83,19.71,21.86,46.31,42.39,50.35,5.72,4.41,7.12,3.19,2.59,3.72,13.72,11.8,15.74,8.07,6.86,9.31,16.0,53.0,6.0,1.0,14.0,5.0
2023-04-14,20.87,19.75,21.89,46.21,42.3,50.26,5.76,4.44,7.14,3.2,2.6,3.73,13.75,11.82,15.77,8.06,6.87,9.28,,,,,,
2023-04-15,20.9,19.82,21.92,46.1,42.27,50.17,5.79,4.47,7.15,3.21,2.61,3.76,13.78,11.83,15.78,8.06,6.88,9.23,,,,,,
2023-04-16,20.94,19.86,21.97,46.0,42.14,50.08,5.82,4.49,7.16,3.22,2.61,3.79,13.81,11.85,15.77,8.05,6.85,9.22,,,,,,
2023-04-17,20.96,19.89,21.99,45.9,42.1,50.0,5.85,4.53,7.25,3.22,2.62,3.81,13.85,11.87,15.77,8.05,6.83,9.19,24.0,44.0,7.0,4.0,12.0,9.0
2023-04-18,20.99,19.9,22.01,45.8,42.07,49.92,5.88,4.57,7.26,3.23,2.63,3.84,13.88,11.91,15.78,8.06,6.83,9.2,,,,,,
2023-04-19,21.02,19.93,22.03,45.7,42.03,49.83,5.9,4.6,7.3,3.24,2.62,3.86,13.91,11.98,15.78,8.06,6.82,9.23,22.0,32.0,6.0,3.0,23.0,10.0
2023-04-20,21.04,19.96,22.05,45.61,42.0,49.75,5.92,4.65,7.31,3.25,2.63,3.88,13.94,12.05,15.81,8.07,6.82,9.26,,,,,,
2023-04-21,21.06,19.99,22.07,45.52,41.97,49.62,5.94,4.7,7.33,3.26,2.63,3.9,13.97,12.12,15.85,8.07,6.82,9.27,,,,,,
2023-04-22,21.07,20.01,22.09,45.43,41.94,49.44,5.96,4.74,7.36,3.27,2.64,3.92,14.01,12.14,15.87,8.08,6.9,9.23,,,,,,
2023-04-23,21.09,19.99,22.11,45.34,41.91,49.28,5.97,4.78,7.37,3.28,2.64,3.94,14.04,12.16,15.91,8.1,6.95,9.23,,,,,,
2023-04-24,21.1,19.97,22.1,45.26,41.87,49.17,5.99,4.79,7.39,3.29,2.65,3.95,14.07,12.21,15.94,8.11,6.99,9.23,,,,,,
2023-04-25,21.11,19.95,22.12,45.17,41.83,49.06,6.0,4.81,7.4,3.31,2.66,3.96,14.1,12.23,15.98,8.12,7.03,9.27,,,,,,
2023-04-26,21.11,19.93,22.16,45.09,41.77,48.95,6.01,4.82,7.41,3.32,2.68,3.96,14.12,12.25,16.01,8.14,7.03,9.3,,,,,,
2023-04-27,21.11,19.9,22.18,45.02,41.7,48.83,6.02,4.84,7.42,3.33,2.7,3.97,14.15,12.28,16.04,8.16,7.02,9.34,20.0,57.0,1.0,4.0,10.0,5.0
2023-04-28,21.12,19.89,22.2,44.95,41.68,48.73,6.03,4.85,7.41,3.34,2.72,3.97,14.17,12.3,16.07,8.18,7.08,9.38,,,,,,
2023-04-29,21.11,19.86,22.22,44.88,41.69,48.63,6.04,4.88,7.39,3.36,2.74,3.98,14.2,12.33,16.07,8.2,7.12,9.42,,,,,,
2023-04-30,21.11,19.84,22.23,44.81,41.61,48.54,6.04,4.9,7.38,3.38,2.74,3.98,14.22,12.38,16.07,8.22,7.11,9.41,,,,,,
2023-05-01,21.11,19.83,22.26,44.74,41.63,48.44,6.05,4.93,7.36,3.39,2.74,3.99,14.24,12.43,16.07,8.24,7.11,9.44,,,,,,
2023-05-02,21.1,19.81,22.27,44.68,41.62,48.34,6.06,4.94,7.35,3.41,2.76,3.99,14.26,12.44,16.07,8.26,7.15,9.51,,,,,,
2023-05-03,21.09,19.78,22.28,44.62,41.58,48.26,6.07,4.97,7.35,3.43,2.79,4.0,14.28,12.45,16.09,8.29,7.17,9.52,,,,,,
2023-05-04,21.08,19.71,22.28,44.56,41.55,48.17,6.08,4.99,7.33,3.44,2.82,4.04,14.3,12.46,16.11,8.31,7.2,9.52,23.0,35.0,12.0,2.0,16.0,10.0
2023-05-05,21.07,19.68,22.28,44.51,41.58,48.07,6.08,5.01,7.33,3.46,2.83,4.08,14.31,12.5,16.07,8.34,7.21,9.55,,,,,,
2023-05-06,21.05,19.65,22.27,44.45,41.59,47.99,6.09,5.03,7.3,3.48,2.84,4.11,14.33,12.53,16.07,8.37,7.23,9.58,,,,,,
2023-05-07,21.03,19.6,22.25,44.4,41.55,47.89,6.1,5.04,7.28,3.5,2.85,4.15,14.34,12.56,16.07,8.4,7.24,9.6,,,,,,
2023-05-08,21.01,19.56,22.23,44.36,41.53,47.81,6.11,5.05,7.31,3.51,2.86,4.18,14.35,12.59,16.08,8.43,7.26,9.64,,,,,,
2023-05-09,20.98,19.51,22.21,44.31,41.49,47.72,6.13,5.05,7.34,3.53,2.87,4.2,14.36,12.63,16.09,8.47,7.28,9.7,,,,,,
2023-05-10,20.95,19.48,22.19,44.27,41.53,47.63,6.14,5.05,7.35,3.55,2.9,4.2,14.37,12.66,16.1,8.5,7.3,9.76,20.0,36.0,8.0,6.0,21.0,7.0
2023-05-11,20.92,19.44,22.17,44.23,41.52,47.55,6.15,5.07,7.35,3.56,2.93,4.2,14.38,12.69,16.11,8.54,7.32,9.82,,,,,,
2023-05-12,20.89,19.39,22.16,44.19,41.51,47.48,6.17,5.11,7.35,3.58,2.95,4.19,14.38,12.73,16.12,8.58,7.36,9.87,,,,,,
2023-05-13,20.86,19.34,22.14,44.16,41.51,47.44,6.18,5.15,7.34,3.59,2.96,4.19,14.39,12.76,16.13,8.62,7.37,9.92,,,,,,
2023-05-14,20.82,19.27,22.12,44.13,41.52,47.36,6.19,5.19,7.34,3.6,2.97,4.19,14.39,12.77,16.15,8.66,7.38,9.96,,,,,,
2023-05-15,20.79,19.21,22.09,44.1,41.52,47.28,6.21,5.22,7.36,3.62,2.97,4.18,14.39,12.77,16.15,8.71,7.4,10.0,23.0,43.0,8.0,4.0,11.0,9.0
2023-05-16,20.75,19.14,22.08,44.08,41.53,47.22,6.23,5.26,7.35,3.63,2.99,4.19,14.39,12.77,16.14,8.75,7.42,10.04,,,,,,
2023-05-17,20.71,19.06,22.08,44.06,41.55,47.18,6.24,5.31,7.35,3.64,3.01,4.2,14.39,12.78,16.13,8.79,7.44,10.07,,,,,,
2023-05-18,20.67,18.98,22.08,44.05,41.53,47.14,6.26,5.34,7.36,3.64,3.04,4.21,14.38,12.8,16.11,8.83,7.47,10.12,24.0,47.0,8.0,2.0,12.0,5.0
2023-05-19,20.63,18.92,22.09,44.04,41.56,47.09,6.27,5.35,7.34,3.65,3.07,4.21,14.38,12.84,16.1,8.87,7.54,10.18,,,,,,
2023-05-20,20.59,18.87,22.09,44.03,41.63,47.07,6.29,5.36,7.35,3.66,3.09,4.21,14.37,12.86,16.08,8.91,7.57,10.24,,,,,,
2023-05-21,20.55,18.82,22.08,44.03,41.58,47.04,6.31,5.38,7.36,3.66,3.09,4.21,14.36,12.88,16.06,8.96,7.65,10.31,,,,,,
2023-05-22,20.51,18.76,22.09,44.03,41.52,47.01,6.32,5.4,7.37,3.66,3.08,4.2,14.35,12.91,16.0,9.0,7.7,10.37,,,,,,
2023-05-23,20.47,18.68,22.12,44.03,41.65,46.97,6.33,5.41,7.38,3.67,3.07,4.2,14.34,12.93,15.97,9.04,7.72,10.44,,,,,,
2023-05-24,20.43,18.59,22.1,44.04,41.78,46.89,6.35,5.44,7.38,3.67,3.07,4.2,14.32,12.95,15.94,9.08,7.78,10.51,,,,,,
2023-05-25,20.39,18.5,22.1,44.05,41.85,46.86,6.36,5.46,7.36,3.67,3.08,4.2,14.3,12.97,15.9,9.12,7.81,10.56,18.0,45.0,4.0,,17.0,9.0
2023-05-26,20.36,18.41,22.11,44.07,41.91,46.82,6.37,5.48,7.34,3.67,3.1,4.21,14.28,12.99,15.85,9.16,7.82,10.64,27.0,39.0,6.0,5.0,14.0,4.0
2023-05-27,20.32,18.32,22.1,44.08,42.0,46.74,6.38,5.51,7.32,3.66,3.12,4.22,14.26,13.01,15.82,9.2,7.83,10.68,,,,,,
2023-05-28,20.29,18.24,22.11,44.11,42.08,46.71,6.39,5.52,7.31,3.66,3.1,4.23,14.24,13.01,15.76,9.24,7.8,10.68,,,,,,
2023-05-29,20.25,18.17,22.11,44.13,42.12,46.66,6.4,5.54,7.28,3.66,3.07,4.24,14.22,12.96,15.71,9.28,7.76,10.76,,,,,,
2023-05-30,20.22,18.1,22.11,44.16,42.14,46.67,6.41,5.56,7.27,3.65,3.05,4.25,14.19,12.92,15.63,9.31,7.77,10.79,,,,,,
2023-05-31,20.19,18.04,22.12,44.2,42.17,46.67,6.41,5.6,7.25,3.65,3.03,4.26,14.16,12.87,15.59,9.34,7.81,10.81,23.0,43.0,6.0,,10.0,15.0
2023-06-01,20.16,17.98,22.12,44.24,42.23,46.64,6.42,5.63,7.24,3.64,3.01,4.27,14.13,12.84,15.54,9.37,7.85,10.84,,,,,,
2023-06-02,20.13,18.0,22.12,44.28,42.28,46.61,6.42,5.65,7.22,3.63,3.0,4.27,14.09,12.79,15.49,9.4,7.88,10.86,,,,,,
2023-06-03,20.1,18.0,22.11,44.33,42.35,46.56,6.43,5.68,7.19,3.62,2.99,4.28,14.06,12.74,15.44,9.42,7.88,10.87,,,,,,
2023-06-04,20.07,17.96,22.09,44.38,42.5,46.52,6.43,5.72,7.19,3.61,2.97,4.27,14.02,12.73,15.36,9.44,7.9,10.83,,,,,,
2023-06-05,20.05,17.94,22.08,44.43,42.57,46.47,6.43,5.75,7.17,3.6,2.95,4.27,13.98,12.73,15.28,9.46,7.92,10.82,,,,,,
2023-06-06,20.02,17.9,22.08,44.48,42.59,46.42,6.43,5.75,7.14,3.59,2.94,4.25,13.94,12.71,15.21,9.48,7.93,10.83,,,,,,
2023-06-07,20.0,17.86,22.07,44.54,42.73,46.4,6.43,5.73,7.1,3.58,2.94,4.23,13.89,12.67,15.09,9.49,7.94,10.85,17.0,46.0,4.0,3.0,16.0,11.0
2023-06-08,19.98,17.83,22.06,44.6,42.82,46.38,6.43,5.75,7.08,3.57,2.93,4.22,13.85,12.63,15.0,9.5,7.95,10.88,,,,,,
2023-06-09,19.96,17.8,22.04,44.67,42.96,46.38,6.42,5.76,7.05,3.55,2.92,4.22,13.8,12.56,14.93,9.51,7.94,10.9,,,,,,
2023-06-10,19.94,17.8,22.03,44.73,43.07,46.36,6.42,5.77,7.02,3.54,2.91,4.23,13.75,12.5,14.88,9.51,7.95,10.9,,,,,,
2023-06-11,19.92,17.77,22.02,44.8,43.14,46.36,6.42,5.77,6.98,3.52,2.9,4.22,13.71,12.45,14.8,9.51,7.96,10.89,,,,,,
2023-06-12,19.9,17.73,22.02,44.87,43.22,46.37,6.41,5.8,6.94,3.51,2.9,4.19,13.66,12.39,14.76,9.51,7.92,10.88,,,,,,
2023-06-13,19.89,17.72,22.01,44.94,43.31,46.4,6.4,5.8,6.94,3.49,2.9,4.17,13.61,12.36,14.71,9.51,7.88,10.87,,,,,,
2023-06-14,19.87,17.7,22.0,45.02,43.4,46.46,6.39,5.81,6.94,3.48,2.92,4.17,13.56,12.29,14.66,9.5,7.88,10.86,,,,,,
2023-06-15,19.85,17.69,21.98,45.09,43.48,46.53,6.39,5.81,6.95,3.47,2.9,4.16,13.52,12.21,14.62,9.49,7.88,10.85,,,,,,
2023-06-16,19.83,17.68,21.97,45.17,43.58,46.59,6.38,5.82,6.95,3.46,2.9,4.15,13.47,12.13,14.57,9.49,7.88,10.85,11.0,50.0,6.0,5.0,17.0,10.0
2023-06-17,19.82,17.67,21.96,45.24,43.68,46.64,6.37,5.83,6.94,3.45,2.9,4.15,13.42,12.06,14.54,9.48,7.87,10.87,,,,,,
2023-06-18,19.8,17.65,21.96,45.32,43.79,46.68,6.36,5.82,6.91,3.44,2.9,4.13,13.36,12.02,14.47,9.47,7.85,10.89,22.0,43.0,7.0,4.0,10.0,12.0
2023-06-19,19.78,17.62,21.94,45.4,43.86,46.73,6.36,5.8,6.91,3.43,2.89,4.15,13.31,11.97,14.42,9.46,7.82,10.83,,,,,,
2023-06-20,19.76,17.59,21.9,45.48,43.93,46.78,6.35,5.79,6.9,3.42,2.87,4.13,13.26,11.92,14.36,9.45,7.82,10.81,,,,,,
2023-06-21,19.73,17.58,21.89,45.56,44.0,46.84,6.34,5.78,6.91,3.42,2.86,4.11,13.2,11.88,14.32,9.44,7.81,10.82,20.0,47.0,6.0,5.0,14.0,8.0
2023-06-22,19.71,17.58,21.89,45.64,44.09,46.89,6.34,5.78,6.91,3.42,2.85,4.1,13.15,11.82,14.28,9.43,7.78,10.84,,,,,,
2023-06-23,19.69,17.56,21.89,45.71,44.17,47.02,6.34,5.77,6.92,3.42,2.84,4.09,13.09,11.76,14.26,9.42,7.74,10.87,,,,,,
2023-06-24,19.66,17.56,21.88,45.79,44.26,47.08,6.34,5.77,6.92,3.42,2.83,4.13,13.04,11.65,14.22,9.41,7.72,10.86,,,,,,
2023-06-25,19.64,17.55,21.79,45.85,44.35,47.14,6.35,5.77,6.92,3.43,2.82,4.14,12.98,11.59,14.19,9.41,7.72,10.85,,,,,,
2023-06-26,19.61,17.55,21.74,45.92,44.39,47.21,6.35,5.78,6.92,3.43,2.82,4.15,12.93,11.58,14.15,9.4,7.72,10.86,,,,,,
2023-06-27,19.58,17.54,21.71,45.97,44.47,47.3,6.36,5.79,6.93,3.44,2.81,4.17,12.88,11.49,14.13,9.39,7.73,10.87,,,,,,
2023-06-28,19.56,17.53,21.69,46.03,44.56,47.37,6.38,5.8,6.95,3.45,2.8,4.19,12.83,11.42,14.08,9.39,7.73,10.87,10.0,50.0,6.0,2.0,14.0,17.0
2023-06-29,19.53,17.53,21.67,46.07,44.65,47.44,6.39,5.8,6.96,3.46,2.84,4.21,12.78,11.38,14.02,9.39,7.75,10.9,,,,,,
2023-06-30,19.5,17.52,21.61,46.11,44.69,47.51,6.41,5.8,6.99,3.47,2.83,4.24,12.74,11.29,13.97,9.39,7.77,10.89,,,,,,
2023-07-01,19.48,17.52,21.55,46.15,44.72,47.57,6.43,5.82,7.01,3.48,2.81,4.28,12.69,11.19,13.89,9.38,7.79,10.87,,,,,,
2023-07-02,19.45,17.51,21.45,46.18,44.75,47.6,6.45,5.83,7.03,3.5,2.82,4.33,12.65,11.17,13.84,9.38,7.82,10.86,,,,,,
2023-07-03,19.43,17.48,21.4,46.21,44.78,47.62,6.48,5.83,7.06,3.51,2.8,4.35,12.61,11.11,13.8,9.38,7.8,10.87,,,,,,
2023-07-04,19.41,17.47,21.37,46.23,44.8,47.68,6.5,5.84,7.08,3.52,2.81,4.37,12.57,11.06,13.78,9.38,7.82,10.91,,,,,,
2023-07-05,19.39,17.48,21.3,46.25,44.83,47.73,6.53,5.84,7.11,3.53,2.82,4.38,12.54,11.0,13.74,9.38,7.84,10.91,,,,,,
2023-07-06,19.37,17.49,21.25,46.26,44.84,47.8,6.56,5.86,7.14,3.55,2.83,4.42,12.5,10.94,13.66,9.38,7.85,10.94,23.0,43.0,6.0,2.0,13.0,11.0
2023-07-07,19.36,17.46,21.18,46.27,44.87,47.83,6.59,5.88,7.21,3.56,2.85,4.44,12.47,10.88,13.65,9.37,7.86,11.0,,,,,,
2023-07-08,19.34,17.45,21.15,46.27,44.9,47.87,6.62,5.89,7.27,3.57,2.85,4.45,12.45,10.88,13.64,9.37,7.87,11.02,,,,,,
2023-07-09,19.33,17.47,21.12,46.28,44.89,47.95,6.65,5.92,7.31,3.58,2.84,4.49,12.42,10.87,13.63,9.36,7.88,11.04,,,,,,
2023-07-10,19.33,17.48,21.09,46.28,44.91,47.99,6.68,5.96,7.36,3.59,2.83,4.54,12.4,10.81,13.58,9.36,7.88,11.07,,,,,,
2023-07-11,19.32,17.5,21.12,46.27,44.94,48.04,6.71,5.99,7.4,3.6,2.82,4.58,12.38,10.77,13.56,9.35,7.86,11.08,18.0,46.0,8.0,1.0,16.0,7.0
2023-07-12,19.32,17.53,21.15,46.27,44.92,48.04,6.74,6.0,7.42,3.61,2.81,4.63,12.36,10.78,13.57,9.34,7.83,11.08,,,,,,
2023-07-13,19.32,17.52,21.19,46.26,44.9,48.07,6.78,6.03,7.46,3.62,2.8,4.66,12.34,10.8,13.5,9.33,7.85,11.08,,,,,,
2023-07-14,19.33,17.53,21.15,46.25,44.88,48.1,6.81,6.06,7.5,3.63,2.8,4.68,12.33,10.8,13.51,9.31,7.84,11.08,,,,,,
2023-07-15,19.33,17.52,21.23,46.24,44.86,48.14,6.84,6.09,7.54,3.63,2.79,4.69,12.32,10.82,13.51,9.3,7.84,11.07,,,,,,
2023-07-16,19.34,17.53,21.23,46.22,44.82,48.15,6.87,6.12,7.6,3.64,2.81,4.71,12.31,10.84,13.53,9.28,7.81,11.05,24.0,46.0,7.0,3.0,10.0,10.0
2023-07-17,19.35,17.53,21.19,46.21,44.77,48.12,6.9,6.15,7.65,3.64,2.82,4.72,12.3,10.82,13.55,9.26,7.8,10.99,,,,,,
2023-07-18,19.36,17.53,21.18,46.19,44.72,48.12,6.93,6.17,7.71,3.65,2.83,4.73,12.3,10.84,13.57,9.24,7.79,10.92,,,,,,
2023-07-19,19.38,17.59,21.16,46.16,44.68,48.11,6.96,6.2,7.76,3.65,2.83,4.74,12.29,10.88,13.58,9.22,7.78,10.87,,,,,,
2023-07-20,19.4,17.65,21.11,46.14,44.65,48.11,6.99,6.2,7.79,3.65,2.81,4.75,12.29,10.9,13.6,9.2,7.77,10.85,19.0,48.0,9.0,5.0,11.0,5.0
2023-07-21,19.42,17.67,21.09,46.11,44.62,48.07,7.01,6.21,7.84,3.66,2.78,4.76,12.29,10.92,13.59,9.18,7.76,10.81,,,,,,
2023-07-22,19.44,17.69,21.13,46.08,44.6,48.02,7.04,6.24,7.9,3.66,2.77,4.76,12.3,10.95,13.59,9.15,7.76,10.74,,,,,,
2023-07-23,19.46,17.72,21.15,46.05,44.57,47.97,7.07,6.27,7.95,3.66,2.76,4.77,12.3,11.0,13.59,9.13,7.75,10.67,,,,,,
2023-07-24,19.49,17.76,21.14,46.02,44.54,47.98,7.09,6.29,8.01,3.66,2.77,4.77,12.31,11.02,13.59,9.11,7.74,10.65,,,,,,
2023-07-25,19.51,17.85,21.19,45.99,44.52,47.96,7.12,6.3,8.04,3.66,2.78,4.77,12.32,11.02,13.59,9.08,7.73,10.64,,,,,,
2023-07-26,19.54,17.91,21.15,45.95,44.49,47.98,7.14,6.31,8.07,3.66,2.79,4.77,12.32,11.05,13.58,9.06,7.7,10.62,25.0,50.0,3.0,2.0,5.0,3.0
2023-07-27,19.57,17.95,21.19,45.91,44.42,48.0,7.16,6.32,8.1,3.66,2.8,4.77,12.33,11.06,13.57,9.04,7.68,10.6,,,,,,
2023-07-28,19.59,18.03,21.18,45.88,44.37,47.94,7.19,6.34,8.13,3.66,2.78,4.76,12.34,11.03,13.6,9.01,7.66,10.58,,,,,,
2023-07-29,19.62,18.03,21.15,45.84,44.33,47.94,7.21,6.36,8.15,3.66,2.76,4.75,12.35,11.05,13.63,8.99,7.65,10.56,,,,,,
2023-07-30,19.65,18.07,21.12,45.81,44.31,47.93,7.23,6.39,8.17,3.66,2.74,4.75,12.36,11.06,13.66,8.96,7.63,10.53,,,,,,
2023-07-31,19.67,18.13,21.09,45.77,44.29,47.91,7.25,6.4,8.2,3.66,2.72,4.74,12.37,11.03,13.65,8.94,7.61,10.5,,,,,,
2023-08-01,19.7,18.21,21.08,45.74,44.24,47.91,7.28,6.4,8.22,3.66,2.7,4.73,12.39,11.03,13.66,8.91,7.6,10.46,,,,,,
2023-08-02,19.72,18.26,21.1,45.71,44.17,47.85,7.3,6.43,8.24,3.66,2.69,4.71,12.4,11.04,13.68,8.88,7.58,10.43,,,,,,
2023-08-03,19.75,18.32,21.14,45.68,44.16,47.84,7.32,6.45,8.25,3.66,2.69,4.7,12.41,11.04,13.71,8.86,7.55,10.37,20.0,53.0,7.0,3.0,13.0,4.0
2023-08-04,19.77,18.38,21.14,45.65,44.12,47.86,7.34,6.47,8.26,3.66,2.69,4.69,12.43,11.02,13.75,8.83,7.53,10.31,,,,,,
2023-08-05,19.78,18.38,21.24,45.62,44.09,47.8,7.37,6.48,8.26,3.67,2.68,4.67,12.44,11.0,13.78,8.8,7.5,10.24,,,,,,
2023-08-06,19.8,18.38,21.24,45.59,44.11,47.7,7.39,6.5,8.29,3.67,2.67,4.66,12.46,10.98,13.82,8.77,7.51,10.24,,,,,,
2023-08-07,19.82,18.37,21.2,45.56,44.08,47.66,7.42,6.53,8.33,3.67,2.67,4.64,12.47,10.97,13.85,8.75,7.48,10.21,,,,,,
2023-08-08,19.83,18.43,21.22,45.54,44.01,47.7,7.44,6.55,8.37,3.68,2.67,4.66,12.48,10.95,13.88,8.72,7.44,10.2,,,,,,
2023-08-09,19.84,18.48,21.2,45.52,43.95,47.61,7.46,6.58,8.41,3.68,2.67,4.68,12.49,10.98,13.9,8.7,7.43,10.15,,,,,,
2023-08-10,19.84,18.54,21.16,45.49,43.94,47.53,7.49,6.61,8.43,3.69,2.68,4.68,12.51,11.01,13.92,8.68,7.44,10.09,,,,,,
2023-08-11,19.85,18.59,21.15,45.47,43.92,47.43,7.51,6.64,8.46,3.69,2.68,4.66,12.52,11.02,13.94,8.66,7.4,10.06,15.0,40.0,11.0,10.0,8.0,14.0
2023-08-12,19.85,18.59,21.15,45.45,43.9,47.36,7.54,6.67,8.48,3.7,2.68,4.66,12.53,11.03,13.96,8.65,7.36,10.0,,,,,,
2023-08-13,19.84,18.59,21.15,45.43,43.86,47.37,7.56,6.68,8.5,3.71,2.7,4.64,12.55,11.04,13.97,8.64,7.4,10.0,,,,,,
2023-08-14,19.84,18.56,21.15,45.41,43.88,47.38,7.58,6.69,8.52,3.72,2.71,4.62,12.56,11.05,13.96,8.63,7.39,9.97,24.0,41.0,7.0,4.0,13.0,11.0
2023-08-15,19.83,18.56,21.15,45.4,43.84,47.41,7.6,6.7,8.54,3.73,2.72,4.63,12.57,11.07,13.98,8.62,7.38,9.95,,,,,,
2023-08-16,19.82,18.54,21.14,45.38,43.81,47.43,7.62,6.71,8.54,3.74,2.73,4.65,12.59,11.09,13.98,8.62,7.34,9.95,,,,,,
2023-08-17,19.81,18.49,21.12,45.36,43.83,47.43,7.64,6.71,8.52,3.76,2.74,4.67,12.6,11.09,13.98,8.62,7.35,9.97,,,,,,
2023-08-18,19.79,18.46,21.1,45.35,43.8,47.45,7.66,6.73,8.55,3.77,2.75,4.7,12.62,11.1,13.98,8.63,7.37,9.99,17.5,42.5,9.0,4.5,14.0,10.0
2023-08-19,19.77,18.43,21.02,45.33,43.75,47.43,7.68,6.75,8.57,3.78,2.75,4.72,12.63,11.12,13.98,8.64,7.38,10.01,,,,,,
2023-08-20,19.75,18.41,21.01,45.32,43.75,47.44,7.69,6.79,8.59,3.79,2.76,4.75,12.65,11.13,13.98,8.65,7.39,10.03,,,,,,
2023-08-21,19.73,18.4,21.0,45.31,43.71,47.4,7.71,6.79,8.6,3.8,2.8,4.77,12.66,11.14,13.97,8.67,7.36,10.06,,,,,,
2023-08-22,19.71,18.38,20.99,45.3,43.72,47.4,7.72,6.82,8.6,3.81,2.82,4.8,12.67,11.18,13.98,8.68,7.35,10.08,,,,,,
2023-08-23,19.68,18.37,20.94,45.3,43.73,47.41,7.73,6.83,8.58,3.82,2.83,4.8,12.69,11.24,14.0,8.71,7.4,10.08,23.0,51.0,3.0,1.0,12.0,9.0
2023-08-24,19.65,18.36,20.92,45.3,43.75,47.4,7.73,6.84,8.57,3.83,2.84,4.8,12.7,11.3,14.02,8.73,7.44,10.09,,,,,,
2023-08-25,19.63,18.35,20.9,45.3,43.78,47.4,7.73,6.84,8.56,3.84,2.87,4.79,12.72,11.36,14.01,8.76,7.46,10.11,,,,,,
2023-08-26,19.6,18.3,20.87,45.3,43.8,47.4,7.74,6.84,8.56,3.85,2.88,4.78,12.73,11.39,14.03,8.79,7.47,10.14,,,,,,
2023-08-27,19.57,18.25,20.81,45.3,43.83,47.43,7.73,6.83,8.55,3.85,2.89,4.79,12.74,11.4,14.07,8.82,7.49,10.16,,,,,,
2023-08-28,19.54,18.24,20.78,45.31,43.85,47.43,7.73,6.83,8.55,3.86,2.9,4.79,12.76,11.42,14.09,8.86,7.51,10.19,,,,,,
2023-08-29,19.52,18.25,20.76,45.32,43.84,47.43,7.72,6.82,8.56,3.86,2.9,4.79,12.77,11.42,14.1,8.89,7.53,10.21,,,,,,
2023-08-30,19.49,18.22,20.74,45.33,43.8,47.42,7.71,6.81,8.55,3.86,2.9,4.8,12.78,11.43,14.11,8.93,7.55,10.23,,,,,,
2023-08-31,19.47,18.2,20.72,45.35,43.77,47.42,7.7,6.79,8.53,3.86,2.91,4.83,12.8,11.43,14.12,8.96,7.59,10.25,17.0,43.0,9.0,4.0,19.0,8.0
2023-09-01,19.44,18.16,20.72,45.36,43.75,47.41,7.69,6.77,8.53,3.86,2.91,4.82,12.81,11.44,14.13,9.0,7.67,10.22,,,,,,
2023-09-02,19.42,18.1,20.71,45.38,43.72,47.38,7.68,6.75,8.49,3.86,2.92,4.79,12.83,11.44,14.15,9.04,7.68,10.23,,,,,,
2023-09-03,19.39,18.06,20.68,45.4,43.77,47.39,7.66,6.73,8.51,3.86,2.92,4.75,12.84,11.43,14.15,9.07,7.75,10.27,,,,,,
2023-09-04,19.37,17.99,20.67,45.42,43.85,47.39,7.64,6.71,8.52,3.86,2.92,4.73,12.86,11.41,14.17,9.11,7.83,10.33,,,,,,
2023-09-05,19.35,17.96,20.7,45.45,43.91,47.38,7.62,6.69,8.53,3.85,2.92,4.71,12.87,11.39,14.19,9.14,7.88,10.4,,,,,,
2023-09-06,19.32,17.92,20.74,45.47,43.92,47.37,7.6,6.68,8.53,3.85,2.92,4.69,12.89,11.4,14.2,9.18,7.92,10.44,,,,,,
2023-09-07,19.3,17.93,20.77,45.5,43.96,47.36,7.57,6.65,8.53,3.84,2.92,4.66,12.9,11.43,14.22,9.21,7.97,10.45,,,,,,
2023-09-08,19.28,17.91,20.81,45.53,43.95,47.35,7.55,6.63,8.51,3.83,2.91,4.64,12.92,11.45,14.24,9.24,8.01,10.46,18.0,46.0,9.0,3.0,14.0,8.0
2023-09-09,19.26,17.89,20.77,45.57,43.98,47.38,7.52,6.61,8.48,3.83,2.9,4.63,12.93,11.46,14.26,9.27,8.05,10.46,,,,,,
2023-09-10,19.24,17.88,20.73,45.6,44.05,47.37,7.49,6.59,8.45,3.82,2.9,4.61,12.94,11.47,14.29,9.3,8.09,10.47,,,,,,
2023-09-11,19.22,17.86,20.69,45.64,44.13,47.37,7.46,6.56,8.42,3.81,2.92,4.58,12.96,11.47,14.31,9.32,8.13,10.48,,,,,,
2023-09-12,19.21,17.85,20.66,45.68,44.18,47.38,7.43,6.51,8.39,3.8,2.94,4.57,12.97,11.48,14.33,9.34,8.18,10.48,,,,,,
2023-09-13,19.19,17.84,20.64,45.73,44.21,47.42,7.4,6.48,8.36,3.79,2.94,4.55,12.98,11.53,14.35,9.36,8.23,10.49,,,,,,
2023-09-14,19.17,17.81,20.65,45.77,44.23,47.47,7.36,6.42,8.36,3.78,2.95,4.54,12.98,11.57,14.35,9.38,8.25,10.48,21.0,39.0,6.0,1.0,18.0,13.0
2023-09-15,19.16,17.79,20.67,45.82,44.26,47.53,7.33,6.35,8.34,3.77,2.97,4.52,12.99,11.58,14.34,9.39,8.27,10.48,,,,,,
2023-09-16,19.15,17.79,20.68,45.88,44.29,47.54,7.29,6.31,8.33,3.76,2.98,4.51,13.0,11.59,14.33,9.4,8.3,10.51,,,,,,
2023-09-17,19.13,17.79,20.66,45.93,44.33,47.59,7.26,6.28,8.33,3.75,3.0,4.48,13.0,11.6,14.34,9.41,8.32,10.53,22.0,44.0,9.0,6.0,10.0,7.0
2023-09-18,19.12,17.73,20.63,45.99,44.38,47.69,7.22,6.25,8.31,3.74,3.01,4.46,13.0,11.6,14.32,9.41,8.35,10.53,,,,,,
2023-09-19,19.11,17.72,20.61,46.06,44.42,47.7,7.18,6.2,8.28,3.74,3.02,4.44,13.0,11.6,14.31,9.41,8.34,10.51,,,,,,
2023-09-20,19.1,17.72,20.59,46.12,44.5,47.76,7.14,6.13,8.24,3.73,3.03,4.42,13.0,11.59,14.3,9.41,8.35,10.5,15.0,52.0,7.0,3.0,14.0,9.0
2023-09-21,19.09,17.73,20.55,46.19,44.58,47.75,7.1,6.09,8.24,3.72,3.02,4.39,13.0,11.58,14.26,9.4,8.33,10.51,,,,,,
2023-09-22,19.08,17.73,20.52,46.26,44.65,47.85,7.06,6.05,8.23,3.71,3.01,4.37,12.99,11.57,14.24,9.39,8.31,10.48,23.0,43.0,10.0,3.0,12.0,4.0
2023-09-23,19.08,17.74,20.49,46.33,44.7,47.94,7.02,6.0,8.2,3.7,3.02,4.35,12.98,11.57,14.22,9.38,8.29,10.47,,,,,,
2023-09-24,19.07,17.75,20.47,46.4,44.82,48.03,6.99,5.97,8.17,3.7,3.02,4.33,12.98,11.61,14.2,9.37,8.27,10.46,,,,,,
2023-09-25,19.06,17.73,20.47,46.48,44.91,48.12,6.95,5.94,8.15,3.69,3.05,4.31,12.97,11.65,14.16,9.36,8.26,10.44,,,,,,
2023-09-26,19.06,17.73,20.51,46.55,44.98,48.19,6.91,5.91,8.13,3.69,3.07,4.29,12.96,11.68,14.15,9.35,8.25,10.42,,,,,,
2023-09-27,19.05,17.69,20.55,46.63,45.03,48.25,6.87,5.88,8.1,3.69,3.08,4.27,12.94,11.68,14.14,9.33,8.23,10.37,18.0,48.0,11.0,4.0,9.0,9.0
2023-09-28,19.05,17.66,20.59,46.7,45.08,48.37,6.83,5.86,8.07,3.69,3.1,4.26,12.93,11.69,14.14,9.32,8.22,10.35,,,,,,
2023-09-29,19.04,17.63,20.62,46.78,45.15,48.47,6.8,5.83,8.03,3.69,3.12,4.28,12.92,11.7,14.13,9.3,8.21,10.34,,,,,,
2023-09-30,19.04,17.61,20.65,46.85,45.21,48.61,6.76,5.79,8.02,3.69,3.13,4.29,12.9,11.71,14.11,9.29,8.21,10.36,,,,,,
2023-10-01,19.03,17.58,20.63,46.92,45.24,48.74,6.72,5.75,7.97,3.69,3.15,4.27,12.88,11.68,14.08,9.28,8.19,10.34,,,,,,
2023-10-02,19.03,17.56,20.6,46.99,45.3,48.84,6.69,5.7,7.94,3.7,3.16,4.24,12.87,11.66,14.06,9.27,8.19,10.33,,,,,,
2023-10-03,19.02,17.53,20.62,47.06,45.36,48.94,6.65,5.67,7.9,3.71,3.19,4.24,12.85,11.63,14.02,9.26,8.18,10.31,,,,,,
2023-10-04,19.02,17.52,20.59,47.12,45.43,49.01,6.62,5.62,7.88,3.71,3.21,4.23,12.83,11.6,13.99,9.25,8.16,10.3,,,,,,
2023-10-05,19.01,17.5,20.58,47.18,45.49,49.05,6.59,5.57,7.86,3.72,3.22,4.24,12.81,11.59,13.97,9.24,8.14,10.28,17.0,46.0,4.0,5.0,15.0,14.0
2023-10-06,19.0,17.49,20.55,47.24,45.55,49.12,6.55,5.49,7.82,3.73,3.24,4.27,12.79,11.6,13.93,9.24,8.12,10.27,,,,,,
2023-10-07,19.0,17.48,20.52,47.29,45.61,49.14,6.52,5.42,7.78,3.75,3.24,4.29,12.77,11.62,13.91,9.24,8.09,10.28,,,,,,
2023-10-08,18.99,17.47,20.51,47.34,45.65,49.18,6.49,5.37,7.76,3.76,3.25,4.28,12.76,11.63,13.88,9.25,8.06,10.28,,,,,,
2023-10-09,18.98,17.46,20.51,47.39,45.69,49.21,6.45,5.33,7.74,3.77,3.26,4.3,12.74,11.66,13.86,9.25,8.08,10.29,,,,,,
2023-10-10,18.97,17.46,20.51,47.43,45.73,49.22,6.42,5.29,7.72,3.78,3.28,4.31,12.73,11.68,13.83,9.26,8.11,10.31,,,,,,
2023-10-11,18.97,17.46,20.51,47.47,45.78,49.25,6.39,5.3,7.7,3.8,3.3,4.33,12.72,11.7,13.8,9.27,8.14,10.33,,,,,,
2023-10-12,18.96,17.46,20.51,47.5,45.81,49.25,6.35,5.3,7.66,3.81,3.33,4.33,12.71,11.69,13.76,9.28,8.15,10.34,15.0,51.0,7.0,4.0,10.0,10.0
2023-10-13,18.95,17.47,20.5,47.52,45.86,49.22,6.32,5.26,7.63,3.82,3.34,4.31,12.71,11.68,13.72,9.3,8.14,10.34,,,,,,
2023-10-14,18.94,17.47,20.49,47.55,45.91,49.2,6.29,5.23,7.59,3.83,3.35,4.32,12.71,11.68,13.7,9.32,8.15,10.34,,,,,,
2023-10-15,18.93,17.47,20.48,47.56,45.96,49.23,6.25,5.2,7.54,3.84,3.37,4.33,12.71,11.71,13.7,9.34,8.15,10.34,26.0,46.0,3.0,4.0,10.0,10.0
2023-10-16,18.92,17.48,20.47,47.58,46.02,49.24,6.22,5.19,7.48,3.85,3.38,4.32,12.72,11.75,13.69,9.36,8.16,10.37,,,,,,
2023-10-17,18.91,17.5,20.47,47.59,46.07,49.25,6.18,5.16,7.44,3.86,3.39,4.32,12.72,11.76,13.67,9.39,8.19,10.38,,,,,,
2023-10-18,18.9,17.53,20.47,47.59,46.07,49.24,6.14,5.14,7.39,3.86,3.39,4.3,12.74,11.82,13.7,9.42,8.23,10.43,19.0,55.0,3.0,2.0,11.0,9.0
2023-10-19,18.89,17.55,20.45,47.59,46.04,49.2,6.1,5.11,7.33,3.87,3.41,4.29,12.75,11.84,13.71,9.46,8.25,10.44,,,,,,
2023-10-20,18.88,17.54,20.41,47.59,46.0,49.17,6.06,5.06,7.29,3.87,3.42,4.29,12.77,11.84,13.7,9.5,8.3,10.45,,,,,,
2023-10-21,18.88,17.56,20.36,47.58,45.98,49.15,6.02,5.03,7.25,3.87,3.43,4.3,12.79,11.84,13.71,9.54,8.32,10.48,,,,,,
2023-10-22,18.87,17.49,20.38,47.57,45.94,49.14,5.98,5.0,7.19,3.87,3.43,4.29,12.82,11.87,13.74,9.58,8.36,10.53,,,,,,
2023-10-23,18.87,17.47,20.37,47.56,45.88,49.1,5.94,4.98,7.13,3.87,3.43,4.27,12.84,11.95,13.78,9.63,8.45,10.59,,,,,,
2023-10-24,18.87,17.45,20.33,47.54,45.84,49.04,5.9,4.97,7.07,3.87,3.43,4.25,12.87,11.96,13.82,9.68,8.52,10.63,,,,,,
2023-10-25,18.86,17.48,20.3,47.51,45.8,49.0,5.86,4.95,6.96,3.86,3.42,4.25,12.9,11.94,13.87,9.73,8.6,10.69,14.0,46.0,6.0,4.0,16.0,13.0
2023-10-26,18.86,17.49,20.29,47.48,45.74,48.95,5.83,4.93,6.85,3.86,3.41,4.24,12.93,11.95,13.91,9.79,8.66,10.74,,,,,,
2023-10-27,18.86,17.51,20.29,47.45,45.67,48.93,5.79,4.91,6.8,3.85,3.4,4.25,12.96,11.92,13.96,9.85,8.72,10.8,,,,,,
2023-10-28,18.86,17.52,20.29,47.42,45.64,48.91,5.75,4.9,6.77,3.84,3.4,4.23,13.0,11.91,14.0,9.91,8.78,10.86,,,,,,
2023-10-29,18.86,17.54,20.28,47.37,45.62,48.95,5.72,4.89,6.74,3.84,3.39,4.21,13.03,11.93,14.03,9.97,8.82,10.92,,,,,,
2023-10-30,18.86,17.54,20.29,47.33,45.6,48.96,5.68,4.88,6.7,3.83,3.41,4.21,13.06,11.99,14.09,10.03,8.89,10.95,,,,,,
2023-10-31,18.87,17.53,20.29,47.28,45.59,48.95,5.65,4.87,6.62,3.82,3.4,4.2,13.1,12.03,14.13,10.1,8.95,11.04,,,,,,
2023-11-01,18.87,17.53,20.29,47.23,45.52,48.95,5.62,4.85,6.55,3.8,3.38,4.2,13.13,12.04,14.21,10.17,9.02,11.11,21.0,48.0,3.0,5.0,14.0,6.0
2023-11-02,18.88,17.51,20.27,47.18,45.5,48.91,5.59,4.84,6.51,3.79,3.35,4.19,13.16,12.03,14.28,10.24,9.08,11.24,,,,,,
2023-11-03,18.88,17.52,20.25,47.13,45.41,48.88,5.56,4.81,6.49,3.78,3.34,4.19,13.2,12.01,14.33,10.3,9.14,11.33,,,,,,
2023-11-04,18.89,17.52,20.23,47.07,45.3,48.85,5.54,4.77,6.47,3.77,3.33,4.17,13.23,12.06,14.38,10.37,9.2,11.42,,,,,,
2023-11-05,18.9,17.52,20.21,47.01,45.2,48.81,5.52,4.74,6.47,3.75,3.32,4.16,13.26,12.08,14.43,10.44,9.26,11.51,,,,,,
2023-11-06,18.91,17.53,20.22,46.95,45.13,48.76,5.5,4.71,6.44,3.74,3.34,4.14,13.29,12.11,14.48,10.51,9.32,11.59,,,,,,
2023-11-07,18.92,17.53,20.2,46.88,45.05,48.72,5.48,4.69,6.41,3.73,3.32,4.12,13.32,12.14,14.56,10.57,9.39,11.67,,,,,,
2023-11-08,18.93,17.53,20.18,46.82,44.98,48.67,5.47,4.66,6.39,3.71,3.3,4.11,13.34,12.18,14.6,10.64,9.47,11.76,15.0,56.0,9.0,,10.0,6.0
2023-11-09,18.95,17.54,20.17,46.75,44.92,48.61,5.45,4.64,6.38,3.7,3.28,4.11,13.37,12.21,14.66,10.7,9.52,11.87,,,,,,
2023-11-10,18.96,17.54,20.18,46.67,44.85,48.56,5.45,4.61,6.36,3.69,3.27,4.12,13.4,12.2,14.69,10.76,9.54,11.95,,,,,,
2023-11-11,18.98,17.6,20.2,46.6,44.77,48.52,5.44,4.62,6.34,3.68,3.26,4.12,13.43,12.18,14.73,10.82,9.58,12.02,,,,,,
2023-11-12,19.0,17.64,20.21,46.52,44.66,48.47,5.44,4.63,6.32,3.67,3.25,4.12,13.45,12.16,14.76,10.88,9.64,12.1,24.0,44.0,4.0,5.0,13.0,10.0
2023-11-13,19.01,17.64,20.25,46.44,44.54,48.42,5.44,4.62,6.33,3.66,3.24,4.12,13.47,12.19,14.79,10.93,9.66,12.23,,,,,,
2023-11-14,19.03,17.64,20.28,46.36,44.46,48.39,5.44,4.63,6.33,3.65,3.25,4.13,13.5,12.21,14.8,10.99,9.68,12.31,,,,,,
2023-11-15,19.05,17.67,20.28,46.28,44.4,48.31,5.44,4.61,6.34,3.65,3.24,4.17,13.52,12.23,14.82,11.04,9.69,12.4,18.0,48.0,6.0,5.0,13.0,9.0
2023-11-16,19.07,17.71,20.28,46.2,44.34,48.26,5.45,4.63,6.35,3.64,3.23,4.16,13.54,12.24,14.86,11.09,9.71,12.45,,,,,,
2023-11-17,19.1,17.75,20.32,46.12,44.28,48.2,5.46,4.66,6.35,3.64,3.22,4.17,13.56,12.23,14.91,11.13,9.73,12.51,,,,,,
2023-11-18,19.12,17.79,20.34,46.03,44.22,48.14,5.47,4.66,6.35,3.63,3.22,4.16,13.58,12.26,14.93,11.18,9.74,12.56,,,,,,
2023-11-19,19.14,17.82,20.37,45.95,44.13,48.08,5.49,4.67,6.37,3.63,3.22,4.16,13.6,12.31,14.96,11.22,9.74,12.62,,,,,,
2023-11-20,19.16,17.88,20.37,45.86,44.08,48.03,5.5,4.68,6.38,3.63,3.21,4.18,13.62,12.36,15.0,11.26,9.74,12.67,,,,,,
2023-11-21,19.19,17.91,20.42,45.77,44.02,47.98,5.52,4.67,6.39,3.63,3.23,4.19,13.63,12.37,15.02,11.31,9.73,12.72,,,,,,
2023-11-22,19.22,17.91,20.48,45.68,43.91,47.89,5.53,4.67,6.4,3.62,3.22,4.2,13.65,12.39,15.09,11.35,9.75,12.77,,,,,,
2023-11-23,19.24,17.94,20.49,45.6,43.77,47.82,5.55,4.67,6.43,3.62,3.21,4.19,13.67,12.41,15.12,11.39,9.78,12.82,19.0,47.0,4.0,3.0,14.0,12.0
2023-11-24,19.27,17.96,20.51,45.51,43.63,47.76,5.56,4.67,6.44,3.62,3.21,4.2,13.68,12.42,15.17,11.44,9.82,12.87,,,,,,
2023-11-25,19.29,17.99,20.54,45.42,43.5,47.69,5.58,4.67,6.46,3.62,3.19,4.24,13.69,12.41,15.21,11.48,9.85,12.92,,,,,,
2023-11-26,19.32,18.03,20.57,45.34,43.36,47.62,5.59,4.66,6.48,3.62,3.17,4.27,13.71,12.4,15.21,11.52,9.89,12.97,,,,,,
2023-11-27,19.35,18.11,20.6,45.25,43.23,47.53,5.6,4.65,6.49,3.62,3.16,4.29,13.72,12.39,15.21,11.57,9.93,13.02,,,,,,
2023-11-28,19.38,18.14,20.65,45.17,43.14,47.44,5.61,4.64,6.51,3.62,3.14,4.31,13.73,12.38,15.26,11.61,9.98,13.07,,,,,,
2023-11-29,19.41,18.15,20.68,45.08,43.07,47.35,5.62,4.65,6.52,3.62,3.12,4.31,13.74,12.38,15.26,11.66,10.03,13.13,,,,,,
2023-11-30,19.43,18.17,20.72,45.0,43.0,47.27,5.63,4.67,6.52,3.62,3.09,4.34,13.75,12.37,15.25,11.71,10.08,13.19,16.0,40.0,8.0,3.0,19.0,12.0
2023-12-01,19.46,18.22,20.74,44.93,42.95,47.18,5.64,4.69,6.52,3.62,3.06,4.35,13.76,12.36,15.26,11.76,10.14,13.25,18.0,51.0,4.0,,13.0,8.0
2023-12-02,19.49,18.26,20.76,44.85,42.95,47.1,5.64,4.67,6.53,3.62,3.05,4.35,13.76,12.35,15.28,11.81,10.2,13.31,,,,,,
2023-12-03,19.51,18.29,20.79,44.78,42.96,47.03,5.64,4.68,6.54,3.62,3.03,4.39,13.77,12.37,15.28,11.86,10.26,13.38,,,,,,
2023-12-04,19.54,18.33,20.82,44.71,42.87,46.96,5.64,4.68,6.55,3.61,3.02,4.43,13.77,12.37,15.24,11.92,10.33,13.44,20.0,42.0,7.0,3.0,15.0,12.0
2023-12-05,19.56,18.36,20.84,44.65,42.83,46.88,5.64,4.7,6.55,3.61,3.0,4.44,13.77,12.36,15.24,11.97,10.4,13.51,,,,,,
2023-12-06,19.58,18.39,20.86,44.59,42.82,46.81,5.63,4.7,6.56,3.61,3.0,4.44,13.76,12.34,15.22,12.03,10.45,13.57,,,,,,
2023-12-07,19.61,18.44,20.88,44.54,42.81,46.76,5.62,4.7,6.55,3.6,3.0,4.44,13.76,12.31,15.22,12.09,10.49,13.58,16.0,35.0,6.0,4.0,22.0,17.0
2023-12-08,19.63,18.47,20.89,44.48,42.76,46.74,5.61,4.69,6.56,3.59,2.98,4.43,13.75,12.29,15.23,12.15,10.6,13.65,,,,,,
2023-12-09,19.65,18.49,20.92,44.43,42.7,46.73,5.6,4.69,6.55,3.59,2.97,4.44,13.75,12.27,15.23,12.21,10.62,13.72,,,,,,
2023-12-10,19.67,18.47,20.93,44.39,42.62,46.71,5.58,4.69,6.52,3.58,2.94,4.44,13.74,12.27,15.15,12.27,10.62,13.79,22.0,47.0,6.0,2.0,11.0,10.0
2023-12-11,19.69,18.47,20.93,44.35,42.56,46.7,5.57,4.68,6.51,3.57,2.91,4.46,13.73,12.27,15.14,12.33,10.63,13.85,,,,,,
2023-12-12,19.71,18.49,20.93,44.31,42.5,46.69,5.55,4.65,6.5,3.56,2.88,4.46,13.72,12.26,15.15,12.39,10.64,13.91,,,,,,
2023-12-13,19.73,18.5,20.95,44.28,42.54,46.68,5.52,4.61,6.48,3.55,2.85,4.46,13.7,12.25,15.16,12.45,10.7,13.96,25.0,44.0,2.0,2.0,11.0,18.0
2023-12-14,19.75,18.53,20.97,44.25,42.56,46.63,5.5,4.58,6.45,3.54,2.82,4.45,13.69,12.23,15.16,12.51,10.82,14.01,,,,,,
2023-12-15,19.77,18.57,20.99,44.23,42.54,46.61,5.47,4.55,6.44,3.52,2.79,4.44,13.68,12.22,15.11,12.57,10.95,14.04,,,,,,
2023-12-16,19.78,18.6,20.99,44.21,42.52,46.61,5.44,4.53,6.4,3.51,2.76,4.42,13.66,12.2,15.06,12.63,11.02,14.05,,,,,,
2023-12-17,19.8,18.59,21.02,44.19,42.52,46.6,5.41,4.5,6.35,3.5,2.73,4.4,13.64,12.18,15.09,12.69,11.07,14.05,,,,,,
2023-12-18,19.81,18.56,21.04,44.19,42.52,46.56,5.38,4.47,6.32,3.49,2.72,4.41,13.62,12.14,15.12,12.75,11.13,14.11,,,,,,
2023-12-19,19.82,18.6,21.06,44.18,42.52,46.55,5.35,4.43,6.29,3.47,2.71,4.39,13.6,12.1,15.09,12.81,11.23,14.18,,,,,,
2023-12-20,19.83,18.59,21.06,44.18,42.53,46.57,5.31,4.39,6.25,3.46,2.7,4.38,13.57,12.07,15.06,12.88,11.33,14.25,19.0,41.0,9.0,3.0,9.0,19.0
2023-12-21,19.84,18.58,21.01,44.19,42.54,46.58,5.28,4.37,6.21,3.45,2.69,4.36,13.55,12.05,15.02,12.94,11.41,14.33,,,,,,
2023-12-22,19.85,18.6,21.02,44.2,42.57,46.58,5.24,4.34,6.18,3.43,2.68,4.33,13.51,12.01,15.01,13.0,11.48,14.42,,,,,,
2023-12-23,19.85,18.6,21.03,44.21,42.58,46.63,5.21,4.3,6.14,3.42,2.68,4.31,13.48,11.94,15.02,13.05,11.52,14.53,,,,,,
2023-12-24,19.86,18.6,21.04,44.23,42.57,46.64,5.17,4.26,6.12,3.41,2.68,4.29,13.44,11.9,15.01,13.11,11.56,14.62,,,,,,
2023-12-25,19.87,18.61,21.05,44.25,42.47,46.66,5.13,4.21,6.11,3.4,2.69,4.28,13.4,11.87,14.99,13.17,11.65,14.67,,,,,,
2023-12-26,19.88,18.62,21.06,44.28,42.41,46.71,5.1,4.15,6.05,3.39,2.71,4.26,13.35,11.81,14.95,13.22,11.73,14.7,,,,,,
2023-12-27,19.88,18.62,21.07,44.32,42.41,46.66,5.06,4.1,6.05,3.38,2.72,4.25,13.3,11.77,14.9,13.27,11.8,14.78,,,,,,
2023-12-28,19.89,18.62,21.09,44.35,42.41,46.7,5.02,4.08,5.99,3.37,2.71,4.24,13.25,11.7,14.87,13.32,11.84,14.85,,,,,,
2023-12-29,19.9,18.68,21.1,44.4,42.41,46.76,4.98,4.05,5.92,3.37,2.7,4.23,13.19,11.68,14.85,13.36,11.9,14.91,,,,,,
2023-12-30,19.91,18.68,21.12,44.44,42.42,46.85,4.95,3.99,5.89,3.37,2.69,4.24,13.13,11.65,14.83,13.41,11.96,15.0,,,,,,
2023-12-31,19.92,18.71,21.12,44.49,42.43,46.97,4.91,3.96,5.88,3.36,2.69,4.26,13.07,11.54,14.8,13.45,12.02,15.02,,,,,,
2024-01-01,19.93,18.74,21.14,44.55,42.45,46.97,4.88,3.91,5.85,3.36,2.68,4.26,13.0,11.46,14.77,13.48,12.06,15.06,,,,,,
2024-01-02,19.94,18.79,21.15,44.61,42.5,46.97,4.84,3.87,5.83,3.37,2.67,4.27,12.93,11.4,14.73,13.52,12.09,15.11,,,,,,
2024-01-03,19.95,18.78,21.16,44.67,42.59,47.02,4.81,3.84,5.82,3.37,2.66,4.29,12.86,11.34,14.68,13.55,12.12,15.14,22.0,35.0,8.0,8.0,16.0,11.0
2024-01-04,19.95,18.76,21.18,44.73,42.68,47.07,4.78,3.8,5.8,3.37,2.66,4.31,12.79,11.29,14.61,13.57,12.15,15.17,,,,,,
2024-01-05,19.96,18.76,21.19,44.8,42.68,47.17,4.75,3.78,5.78,3.38,2.68,4.33,12.71,11.21,14.48,13.6,12.17,15.2,,,,,,
2024-01-06,19.97,18.75,21.2,44.87,42.7,47.31,4.72,3.76,5.76,3.39,2.67,4.35,12.63,11.1,14.35,13.62,12.21,15.23,,,,,,
2024-01-07,19.98,18.74,21.23,44.94,42.74,47.37,4.69,3.73,5.73,3.4,2.66,4.37,12.56,10.99,14.22,13.64,12.2,15.25,,,,,,
2024-01-08,19.99,18.74,21.21,45.01,42.8,47.49,4.66,3.68,5.71,3.41,2.66,4.39,12.48,10.94,14.08,13.66,12.18,15.24,,,,,,
2024-01-09,20.0,18.76,21.22,45.09,42.82,47.62,4.63,3.7,5.68,3.42,2.67,4.42,12.4,10.89,14.03,13.67,12.19,15.25,,,,,,
2024-01-10,20.01,18.77,21.24,45.16,42.81,47.74,4.6,3.68,5.65,3.44,2.68,4.44,12.32,10.84,13.98,13.68,12.19,15.32,,,,,,
2024-01-11,20.01,18.78,21.26,45.23,42.82,47.76,4.57,3.67,5.62,3.45,2.68,4.47,12.24,10.78,13.91,13.7,12.28,15.38,23.0,46.0,3.0,1.0,12.0,14.0
2024-01-12,20.02,18.83,21.28,45.31,42.88,47.87,4.54,3.66,5.6,3.47,2.7,4.46,12.17,10.74,13.8,13.7,12.32,15.4,,,,,,
2024-01-13,20.02,18.85,21.28,45.38,42.95,47.97,4.51,3.64,5.57,3.49,2.72,4.46,12.09,10.65,13.74,13.71,12.33,15.42,,,,,,
2024-01-14,20.02,18.86,21.26,45.46,43.02,48.06,4.49,3.62,5.56,3.51,2.74,4.45,12.02,10.58,13.65,13.72,12.37,15.44,,,,,,
2024-01-15,20.01,18.83,21.22,45.53,43.09,48.15,4.46,3.6,5.54,3.53,2.75,4.48,11.95,10.51,13.5,13.72,12.37,15.44,,,,,,
2024-01-16,20.01,18.79,21.18,45.61,43.17,48.24,4.44,3.56,5.51,3.55,2.79,4.52,11.88,10.41,13.32,13.73,12.36,15.45,,,,,,
2024-01-17,20.0,18.75,21.21,45.68,43.25,48.33,4.41,3.52,5.48,3.57,2.81,4.55,11.82,10.38,13.3,13.73,12.38,15.45,21.0,49.0,3.0,5.0,12.0,10.0
2024-01-18,19.99,18.72,21.19,45.75,43.29,48.41,4.39,3.5,5.46,3.59,2.82,4.59,11.76,10.32,13.28,13.73,12.39,15.42,,,,,,
2024-01-19,19.97,18.68,21.17,45.82,43.39,48.5,4.37,3.52,5.41,3.61,2.83,4.62,11.7,10.26,13.18,13.72,12.46,15.43,,,,,,
2024-01-20,19.95,18.65,21.09,45.89,43.45,48.57,4.34,3.49,5.39,3.64,2.84,4.65,11.65,10.23,13.18,13.72,12.48,15.45,,,,,,
2024-01-21,19.93,18.62,21.08,45.96,43.54,48.65,4.32,3.48,5.37,3.66,2.85,4.69,11.61,10.15,13.16,13.71,12.51,15.45,,,,,,
2024-01-22,19.9,18.56,21.06,46.03,43.64,48.74,4.3,3.48,5.34,3.69,2.86,4.72,11.57,10.08,13.15,13.71,12.51,15.46,,,,,,
2024-01-23,19.87,18.54,21.05,46.09,43.72,48.84,4.28,3.43,5.32,3.71,2.88,4.74,11.53,10.02,13.12,13.7,12.5,15.45,,,,,,
2024-01-24,19.84,18.52,21.01,46.15,43.8,48.89,4.27,3.39,5.29,3.74,2.92,4.75,11.5,10.03,13.06,13.69,12.49,15.44,17.5,48.0,3.5,2.5,10.5,16.5
2024-01-25,19.8,18.47,20.95,46.21,43.8,48.91,4.25,3.37,5.24,3.77,2.93,4.81,11.47,10.05,13.04,13.68,12.46,15.43,,,,,,
2024-01-26,19.77,18.42,20.89,46.26,43.84,48.92,4.24,3.37,5.18,3.79,2.98,4.83,11.45,10.03,13.04,13.66,12.48,15.41,,,,,,
2024-01-27,19.73,18.38,20.77,46.31,43.93,48.94,4.22,3.37,5.14,3.82,3.03,4.85,11.44,9.99,13.05,13.65,12.49,15.39,,,,,,
2024-01-28,19.69,18.29,20.73,46.35,43.99,48.98,4.21,3.34,5.12,3.85,3.05,4.88,11.43,9.98,13.02,13.63,12.48,15.36,,,,,,
2024-01-29,19.65,18.27,20.68,46.39,44.07,49.05,4.2,3.31,5.03,3.87,3.07,4.89,11.42,9.99,13.01,13.62,12.46,15.34,,,,,,
2024-01-30,19.61,18.21,20.65,46.43,44.13,49.06,4.19,3.31,5.0,3.9,3.12,4.91,11.42,9.98,13.01,13.61,12.43,15.31,,,,,,
2024-01-31,19.57,18.18,20.62,46.46,44.22,49.06,4.19,3.27,4.98,3.92,3.16,4.92,11.42,10.0,13.01,13.59,12.44,15.28,21.0,44.0,2.0,4.0,17.0,10.0
2024-02-01,19.53,18.13,20.6,46.49,44.31,49.04,4.18,3.28,4.96,3.95,3.19,4.94,11.42,10.02,13.0,13.58,12.37,15.26,,,,,,
2024-02-02,19.49,18.09,20.57,46.52,44.38,49.04,4.18,3.29,4.96,3.97,3.22,4.96,11.42,10.03,12.99,13.57,12.38,15.23,,,,,,
2024-02-03,19.44,18.04,20.53,46.54,44.45,49.06,4.18,3.3,4.97,3.99,3.24,5.0,11.42,10.01,12.98,13.56,12.4,15.2,,,,,,
2024-02-04,19.4,18.0,20.51,46.57,44.5,49.05,4.18,3.33,4.98,4.02,3.23,5.01,11.42,9.99,12.99,13.56,12.42,15.18,,,,,,
2024-02-05,19.36,17.95,20.46,46.59,44.53,49.01,4.18,3.32,4.98,4.04,3.25,5.01,11.42,9.97,12.98,13.55,12.38,15.16,,,,,,
2024-02-06,19.32,17.91,20.42,46.61,44.56,49.06,4.18,3.34,4.98,4.06,3.29,5.05,11.42,9.95,12.96,13.55,12.38,15.15,,,,,,
2024-02-07,19.28,17.87,20.38,46.63,44.6,49.14,4.18,3.37,4.99,4.08,3.31,5.09,11.42,9.96,12.94,13.54,12.42,15.13,,,,,,
2024-02-08,19.24,17.84,20.33,46.65,44.68,49.14,4.19,3.39,5.02,4.1,3.32,5.09,11.42,9.99,12.92,13.54,12.46,15.11,16.0,61.0,1.0,2.0,5.0,14.0
2024-02-09,19.2,17.79,20.28,46.67,44.73,49.11,4.19,3.39,4.99,4.12,3.34,5.1,11.41,10.01,12.89,13.54,12.47,15.1,,,,,,
2024-02-10,19.16,17.76,20.24,46.69,44.76,49.13,4.2,3.4,5.01,4.14,3.36,5.14,11.41,10.01,12.86,13.54,12.47,15.09,,,,,,
2024-02-11,19.13,17.72,20.18,46.71,44.83,49.17,4.21,3.39,5.01,4.16,3.38,5.09,11.4,10.02,12.83,13.55,12.47,15.08,,,,,,
2024-02-12,19.09,17.7,20.14,46.73,44.88,49.18,4.22,3.39,5.06,4.18,3.41,5.1,11.39,10.04,12.81,13.55,12.49,15.08,,,,,,
2024-02-13,19.04,17.69,20.08,46.75,44.87,49.16,4.23,3.41,5.1,4.2,3.42,5.11,11.38,10.01,12.78,13.56,12.49,15.06,,,,,,
2024-02-14,19.0,17.64,20.05,46.77,44.92,49.16,4.24,3.41,5.08,4.21,3.43,5.12,11.36,9.99,12.75,13.56,12.52,15.04,,,,,,
2024-02-15,18.96,17.58,20.03,46.79,44.95,49.14,4.25,3.41,5.07,4.23,3.45,5.13,11.35,9.96,12.72,13.57,12.57,15.03,22.0,44.0,7.0,3.0,7.0,15.0
2024-02-16,18.92,17.53,20.01,46.8,44.99,49.12,4.27,3.41,5.06,4.25,3.46,5.13,11.33,9.94,12.69,13.58,12.59,15.01,,,,,,
2024-02-17,18.88,17.47,19.96,46.82,45.01,49.1,4.28,3.41,5.07,4.27,3.48,5.14,11.32,9.92,12.69,13.6,12.61,15.01,,,,,,
2024-02-18,18.83,17.42,19.94,46.83,45.02,49.07,4.3,3.43,5.12,4.29,3.5,5.14,11.3,9.89,12.67,13.61,12.63,15.03,22.0,45.0,5.0,5.0,10.0,13.0
2024-02-19,18.79,17.35,19.91,46.84,45.05,49.09,4.32,3.46,5.15,4.31,3.52,5.14,11.28,9.87,12.61,13.62,12.65,15.02,,,,,,
2024-02-20,18.75,17.29,19.88,46.85,45.04,49.16,4.33,3.49,5.16,4.33,3.54,5.15,11.26,9.85,12.59,13.64,12.67,15.0,,,,,,
2024-02-21,18.7,17.26,19.85,46.86,45.05,49.2,4.35,3.51,5.18,4.35,3.58,5.16,11.24,9.82,12.56,13.66,12.69,14.98,18.0,46.0,4.0,6.0,15.0,11.0
2024-02-22,18.66,17.22,19.82,46.86,45.11,49.25,4.37,3.54,5.19,4.37,3.61,5.16,11.23,9.78,12.53,13.67,12.7,14.96,,,,,,
2024-02-23,18.61,17.19,19.79,46.87,45.13,49.28,4.39,3.56,5.2,4.4,3.65,5.16,11.21,9.79,12.5,13.69,12.71,14.96,,,,,,
2024-02-24,18.57,17.16,19.76,46.87,45.12,49.31,4.4,3.57,5.21,4.42,3.7,5.18,11.19,9.79,12.47,13.71,12.73,14.97,,,,,,
2024-02-25,18.53,17.13,19.74,46.87,45.11,49.32,4.42,3.58,5.22,4.45,3.75,5.19,11.18,9.78,12.46,13.73,12.75,14.94,,,,,,
2024-02-26,18.48,17.1,19.7,46.86,45.13,49.31,4.44,3.61,5.22,4.47,3.77,5.19,11.17,9.78,12.45,13.74,12.84,14.91,,,,,,
2024-02-27,18.44,17.07,19.65,46.86,45.15,49.29,4.45,3.63,5.23,4.5,3.79,5.2,11.15,9.77,12.44,13.76,12.89,14.88,,,,,,
2024-02-28,18.4,17.05,19.61,46.85,45.14,49.25,4.47,3.64,5.25,4.53,3.81,5.21,11.14,9.77,12.41,13.79,12.91,14.88,,,,,,
2024-02-29,18.36,16.98,19.56,46.83,45.12,49.19,4.49,3.65,5.26,4.55,3.84,5.22,11.14,9.77,12.39,13.81,12.95,14.9,19.0,45.0,5.0,3.0,10.0,17.0
2024-03-01,18.31,16.95,19.52,46.82,45.1,49.13,4.5,3.66,5.25,4.58,3.9,5.23,11.13,9.78,12.38,13.83,12.97,14.93,,,,,,
2024-03-02,18.27,16.92,19.48,46.8,45.09,49.12,4.52,3.67,5.24,4.61,3.95,5.25,11.12,9.79,12.38,13.85,12.99,14.95,,,,,,
2024-03-03,18.23,16.89,19.44,46.79,45.07,49.11,4.53,3.67,5.27,4.63,4.0,5.25,11.12,9.8,12.38,13.88,13.01,14.95,,,,,,
2024-03-04,18.19,16.88,19.4,46.77,45.06,49.04,4.54,3.72,5.28,4.66,4.03,5.26,11.12,9.79,12.37,13.9,13.01,14.93,,,,,,
2024-03-05,18.15,16.87,19.36,46.75,45.05,49.0,4.56,3.71,5.31,4.68,4.05,5.26,11.12,9.78,12.37,13.93,13.01,14.94,,,,,,
2024-03-06,18.11,16.83,19.32,46.74,45.05,48.94,4.57,3.69,5.33,4.71,4.07,5.27,11.12,9.77,12.38,13.96,13.09,14.93,,,,,,
2024-03-07,18.07,16.78,19.29,46.72,45.08,48.89,4.57,3.68,5.34,4.73,4.11,5.28,11.13,9.76,12.36,13.99,13.09,14.96,14.0,44.0,7.0,7.0,15.0,13.0
2024-03-08,18.02,16.72,19.26,46.71,45.13,48.85,4.58,3.73,5.35,4.74,4.14,5.29,11.14,9.76,12.32,14.01,13.07,14.97,,,,,,
2024-03-09,17.98,16.68,19.24,46.69,45.16,48.76,4.59,3.74,5.34,4.76,4.17,5.31,11.15,9.76,12.29,14.04,13.08,15.02,,,,,,
2024-03-10,17.94,16.62,19.19,46.68,45.15,48.66,4.59,3.76,5.33,4.78,4.2,5.32,11.16,9.8,12.27,14.07,13.1,15.07,,,,,,
2024-03-11,17.89,16.56,19.15,46.67,45.16,48.59,4.59,3.76,5.33,4.79,4.22,5.34,11.18,9.84,12.26,14.1,13.13,15.13,,,,,,
2024-03-12,17.85,16.52,19.12,46.66,45.15,48.57,4.59,3.75,5.32,4.8,4.23,5.35,11.2,9.86,12.27,14.13,13.15,15.18,,,,,,
2024-03-13,17.81,16.47,19.08,46.65,45.14,48.57,4.59,3.75,5.31,4.81,4.25,5.35,11.22,9.91,12.3,14.16,13.17,15.23,17.0,46.0,2.0,7.0,13.0,14.0
2024-03-14,17.76,16.44,19.05,46.64,45.15,48.56,4.59,3.75,5.31,4.82,4.25,5.36,11.24,9.96,12.34,14.19,13.18,15.25,,,,,,
2024-03-15,17.71,16.41,19.01,46.64,45.17,48.52,4.59,3.76,5.31,4.82,4.25,5.37,11.27,10.05,12.38,14.22,13.2,15.27,,,,,,
2024-03-16,17.67,16.38,18.98,46.63,45.17,48.53,4.58,3.76,5.3,4.83,4.26,5.38,11.29,10.15,12.43,14.24,13.22,15.3,,,,,,
2024-03-17,17.62,16.36,18.94,46.63,45.19,48.46,4.58,3.79,5.32,4.83,4.28,5.36,11.32,10.24,12.39,14.27,13.23,15.36,,,,,,
2024-03-18,17.58,16.33,18.9,46.64,45.22,48.43,4.57,3.8,5.34,4.83,4.28,5.37,11.35,10.3,12.36,14.29,13.24,15.41,,,,,,
2024-03-19,17.53,16.31,18.86,46.64,45.27,48.4,4.56,3.79,5.36,4.83,4.27,5.37,11.38,10.35,12.36,14.32,13.25,15.46,,,,,,
2024-03-20,17.49,16.29,18.81,46.65,45.23,48.42,4.55,3.77,5.38,4.83,4.26,5.38,11.41,10.39,12.37,14.34,13.25,15.51,24.0,41.0,7.0,5.0,12.0,11.0
2024-03-21,17.44,16.26,18.78,46.65,45.22,48.46,4.54,3.77,5.39,4.83,4.25,5.39,11.44,10.4,12.4,14.36,13.25,15.54,,,,,,
2024-03-22,17.4,16.24,18.73,46.66,45.26,48.44,4.53,3.75,5.38,4.83,4.24,5.4,11.47,10.46,12.41,14.38,13.25,15.58,,,,,,
2024-03-23,17.35,16.22,18.66,46.67,45.26,48.41,4.52,3.73,5.36,4.82,4.24,5.4,11.5,10.48,12.41,14.4,13.25,15.6,16.0,49.0,5.0,5.0,10.0,15.0
2024-03-24,17.31,16.21,18.63,46.68,45.23,48.35,4.5,3.72,5.35,4.82,4.26,5.42,11.53,10.52,12.41,14.41,13.26,15.62,,,,,,
2024-03-25,17.27,16.19,18.6,46.69,45.21,48.39,4.49,3.7,5.32,4.82,4.27,5.42,11.56,10.57,12.45,14.43,13.24,15.63,,,,,,
2024-03-26,17.23,16.14,18.56,46.71,45.22,48.42,4.47,3.68,5.31,4.81,4.27,5.44,11.58,10.62,12.48,14.44,13.23,15.63,,,,,,
2024-03-27,17.2,16.09,18.51,46.72,45.22,48.5,4.46,3.66,5.28,4.81,4.26,5.45,11.61,10.65,12.53,14.45,13.23,15.63,15.0,47.0,7.0,5.0,11.0,14.0
2024-03-28,17.17,16.06,18.46,46.73,45.23,48.47,4.44,3.68,5.26,4.81,4.27,5.45,11.63,10.66,12.52,14.46,13.23,15.65,,,,,,
2024-03-29,17.14,16.05,18.42,46.75,45.23,48.51,4.42,3.68,5.23,4.8,4.28,5.45,11.66,10.7,12.56,14.47,13.22,15.67,,,,,,
2024-03-30,17.12,16.06,18.39,46.76,45.2,48.56,4.4,3.66,5.22,4.8,4.27,5.45,11.68,10.74,12.61,14.48,13.22,15.68,,,,,,
2024-03-31,17.1,16.08,18.36,46.77,45.23,48.6,4.38,3.64,5.2,4.8,4.24,5.46,11.69,10.78,12.66,14.48,13.24,15.7,,,,,,
2024-04-01,17.09,16.07,18.32,46.79,45.25,48.66,4.36,3.6,5.19,4.79,4.21,5.46,11.7,10.79,12.68,14.49,13.27,15.71,,,,,,
2024-04-02,17.08,16.06,18.29,46.8,45.25,48.71,4.34,3.57,5.17,4.79,4.2,5.48,11.71,10.79,12.68,14.49,13.3,15.7,,,,,,
2024-04-03,17.08,16.07,18.27,46.81,45.22,48.72,4.31,3.54,5.14,4.78,4.2,5.5,11.72,10.73,12.67,14.49,13.29,15.67,17.0,51.0,3.0,4.0,9.0,14.0
2024-04-04,17.08,16.11,18.24,46.83,45.23,48.72,4.29,3.52,5.14,4.78,4.19,5.52,11.72,10.75,12.67,14.49,13.29,15.67,,,,,,
2024-04-05,17.09,16.14,18.23,46.84,45.26,48.75,4.27,3.48,5.15,4.77,4.17,5.54,11.72,10.73,12.67,14.49,13.31,15.64,,,,,,
2024-04-06,17.1,16.18,18.23,46.85,45.27,48.78,4.24,3.45,5.15,4.77,4.16,5.54,11.72,10.71,12.7,14.48,13.32,15.61,,,,,,
2024-04-07,17.12,16.2,18.24,46.86,45.28,48.79,4.22,3.42,5.15,4.76,4.15,5.52,11.71,10.68,12.72,14.48,13.29,15.61,,,,,,
2024-04-08,17.15,16.23,18.27,46.86,45.29,48.8,4.2,3.41,5.14,4.75,4.13,5.52,11.7,10.68,12.73,14.47,13.26,15.62,,,,,,
2024-04-09,17.18,16.27,18.28,46.86,45.3,48.78,4.18,3.42,5.1,4.74,4.12,5.51,11.7,10.69,12.73,14.46,13.22,15.63,,,,,,
2024-04-10,17.21,16.32,18.28,46.86,45.27,48.75,4.16,3.42,5.08,4.73,4.11,5.5,11.69,10.71,12.72,14.44,13.18,15.63,,,,,,
2024-04-11,17.25,16.37,18.35,46.85,45.25,48.72,4.15,3.42,5.05,4.72,4.1,5.49,11.69,10.69,12.73,14.43,13.17,15.65,13.0,46.0,4.0,5.0,9.0,21.0
2024-04-12,17.3,16.42,18.44,46.83,45.22,48.7,4.13,3.38,5.03,4.7,4.09,5.47,11.69,10.68,12.76,14.41,13.16,15.62,,,,,,
2024-04-13,17.34,16.47,18.45,46.81,45.23,48.69,4.12,3.34,5.0,4.69,4.08,5.46,11.7,10.69,12.79,14.39,13.14,15.59,,,,,,
2024-04-14,17.39,16.49,18.47,46.78,45.2,48.67,4.11,3.36,4.96,4.67,4.05,5.44,11.71,10.7,12.8,14.37,13.12,15.54,,,,,,
2024-04-15,17.44,16.51,18.5,46.75,45.15,48.65,4.1,3.38,4.92,4.65,4.03,5.4,11.73,10.72,12.8,14.35,13.1,15.51,,,,,,
2024-04-16,17.49,16.56,18.54,46.71,45.13,48.61,4.09,3.4,4.92,4.63,4.01,5.36,11.75,10.75,12.81,14.32,13.03,15.5,,,,,,
2024-04-17,17.55,16.64,18.56,46.66,45.12,48.5,4.09,3.42,4.87,4.61,3.98,5.33,11.78,10.79,12.85,14.3,12.93,15.49,18.0,48.0,1.0,7.0,14.0,12.0
2024-04-18,17.6,16.71,18.62,46.6,45.07,48.41,4.09,3.44,4.88,4.59,3.96,5.31,11.81,10.8,12.94,14.27,12.94,15.47,,,,,,
2024-04-19,17.65,16.76,18.68,46.54,45.02,48.27,4.09,3.44,4.86,4.57,3.93,5.28,11.85,10.87,13.02,14.25,12.93,15.43,,,,,,
2024-04-20,17.71,16.77,18.74,46.47,44.98,48.13,4.09,3.46,4.91,4.55,3.9,5.26,11.9,10.93,13.06,14.23,12.82,15.4,,,,,,
2024-04-21,17.76,16.8,18.81,46.39,44.92,47.98,4.1,3.46,4.91,4.53,3.88,5.23,11.95,10.97,13.11,14.2,12.83,15.36,,,,,,
2024-04-22,17.81,16.87,18.9,46.3,44.86,47.83,4.11,3.47,4.9,4.5,3.85,5.2,12.01,10.95,13.19,14.18,12.83,15.33,18.0,40.0,6.0,4.0,14.0,18.0
2024-04-23,17.87,16.94,18.97,46.21,44.73,47.7,4.12,3.49,4.88,4.48,3.82,5.17,12.07,10.98,13.23,14.16,12.83,15.32,,,,,,
2024-04-24,17.92,16.98,19.01,46.1,44.6,47.59,4.13,3.52,4.93,4.46,3.79,5.14,12.14,11.03,13.28,14.15,12.76,15.32,16.0,55.0,2.0,3.0,9.0,14.0
2024-04-25,17.98,17.02,19.05,46.0,44.5,47.52,4.15,3.57,4.94,4.43,3.77,5.1,12.21,11.03,13.32,14.13,12.73,15.36,,,,,,
2024-04-26,18.03,17.07,19.09,45.88,44.41,47.44,4.16,3.59,4.95,4.41,3.75,5.07,12.28,11.04,13.39,14.12,12.74,15.36,,,,,,
2024-04-27,18.09,17.13,19.14,45.76,44.32,47.37,4.18,3.6,4.98,4.38,3.72,5.06,12.36,11.13,13.48,14.11,12.75,15.32,,,,,,
2024-04-28,18.14,17.2,19.17,45.64,44.14,47.29,4.2,3.59,4.97,4.36,3.69,5.03,12.43,11.22,13.6,14.1,12.77,15.28,,,,,,
2024-04-29,18.2,17.28,19.22,45.51,44.06,47.2,4.21,3.61,4.99,4.34,3.67,5.0,12.51,11.3,13.71,14.09,12.79,15.27,,,,,,
2024-04-30,18.25,17.35,19.26,45.38,43.96,47.11,4.23,3.64,5.01,4.31,3.65,4.98,12.59,11.33,13.81,14.09,12.82,15.27,16.0,45.0,6.0,2.0,13.0,16.0
2024-05-01,18.3,17.42,19.3,45.24,43.82,46.95,4.25,3.67,5.02,4.29,3.63,4.95,12.68,11.37,13.94,14.08,12.82,15.28,15.0,51.0,2.0,2.0,17.0,14.0
2024-05-02,18.36,17.47,19.33,45.1,43.6,46.77,4.27,3.69,5.04,4.27,3.61,4.92,12.76,11.44,14.03,14.08,12.84,15.29,,,,,,
2024-05-03,18.41,17.53,19.36,44.96,43.43,46.59,4.29,3.71,5.07,4.25,3.6,4.9,12.84,11.53,14.13,14.07,12.86,15.28,,,,,,
2024-05-04,18.46,17.55,19.39,44.82,43.29,46.41,4.31,3.73,5.1,4.24,3.59,4.88,12.92,11.61,14.26,14.07,12.88,15.3,,,,,,
2024-05-05,18.51,17.58,19.41,44.67,43.17,46.22,4.33,3.75,5.12,4.22,3.59,4.85,13.0,11.68,14.36,14.07,12.88,15.29,,,,,,
2024-05-06,18.56,17.65,19.45,44.53,42.97,46.05,4.35,3.76,5.12,4.21,3.6,4.83,13.08,11.72,14.42,14.07,12.91,15.3,,,,,,
2024-05-07,18.61,17.68,19.51,44.38,42.81,45.91,4.37,3.78,5.14,4.19,3.59,4.81,13.16,11.8,14.51,14.07,12.92,15.3,,,,,,
2024-05-08,18.65,17.73,19.57,44.24,42.68,45.8,4.4,3.79,5.16,4.18,3.58,4.79,13.23,11.82,14.59,14.08,12.92,15.3,17.0,52.0,3.0,6.0,9.0,10.0
2024-05-09,18.7,17.77,19.6,44.09,42.51,45.65,4.42,3.8,5.18,4.17,3.57,4.78,13.31,11.93,14.67,14.08,12.93,15.3,,,,,,
2024-05-10,18.74,17.81,19.62,43.95,42.34,45.49,4.44,3.83,5.21,4.16,3.56,4.76,13.38,12.04,14.75,14.08,12.93,15.3,,,,,,
2024-05-11,18.78,17.85,19.68,43.81,42.19,45.36,4.46,3.87,5.23,4.15,3.56,4.74,13.44,12.11,14.82,14.09,12.95,15.31,,,,,,
2024-05-12,18.82,17.88,19.71,43.68,42.05,45.23,4.49,3.9,5.25,4.14,3.56,4.73,13.51,12.14,14.9,14.09,12.97,15.31,,,,,,
2024-05-13,18.86,17.93,19.75,43.54,41.94,45.11,4.51,3.91,5.27,4.14,3.56,4.72,13.57,12.19,14.99,14.09,13.0,15.31,,,,,,
2024-05-14,18.9,17.97,19.78,43.41,41.83,45.0,4.53,3.93,5.29,4.13,3.56,4.69,13.63,12.22,15.06,14.1,13.03,15.31,,,,,,
2024-05-15,18.93,18.02,19.83,43.28,41.73,44.89,4.55,3.96,5.31,4.13,3.57,4.67,13.69,12.24,15.13,14.1,13.05,15.3,,,,,,
2024-05-16,18.97,18.07,19.86,43.16,41.56,44.79,4.57,3.98,5.33,4.12,3.57,4.64,13.74,12.28,15.2,14.1,13.08,15.3,17.0,44.0,6.0,7.0,11.0,14.0
2024-05-17,19.0,18.11,19.9,43.04,41.45,44.68,4.6,4.0,5.36,4.12,3.56,4.64,13.79,12.35,15.24,14.11,13.11,15.29,,,,,,
2024-05-18,19.03,18.14,19.93,42.92,41.35,44.58,4.62,4.02,5.38,4.12,3.56,4.64,13.84,12.41,15.31,14.11,13.13,15.28,19.0,43.0,3.0,6.0,14.0,15.0
2024-05-19,19.06,18.17,19.96,42.81,41.26,44.45,4.64,4.04,5.4,4.12,3.55,4.65,13.89,12.47,15.34,14.11,13.15,15.27,,,,,,
2024-05-20,19.09,18.2,19.98,42.7,41.18,44.31,4.66,4.06,5.44,4.12,3.55,4.66,13.93,12.53,15.37,14.12,13.15,15.27,,,,,,
2024-05-21,19.11,18.22,20.0,42.6,41.09,44.19,4.68,4.08,5.46,4.12,3.56,4.65,13.97,12.56,15.41,14.12,13.15,15.26,,,,,,
2024-05-22,19.14,18.24,20.03,42.5,41.0,44.08,4.7,4.1,5.47,4.12,3.59,4.65,14.01,12.59,15.47,14.13,13.15,15.25,21.5,43.0,2.5,5.0,9.0,17.0
2024-05-23,19.16,18.27,20.05,42.4,40.92,43.98,4.72,4.13,5.49,4.12,3.59,4.64,14.04,12.6,15.53,14.13,13.16,15.23,,,,,,
2024-05-24,19.18,18.29,20.06,42.31,40.84,43.89,4.74,4.16,5.51,4.12,3.59,4.64,14.08,12.65,15.59,14.13,13.18,15.23,25.0,50.0,3.0,4.0,10.0,6.0
2024-05-25,19.21,18.31,20.08,42.22,40.72,43.79,4.76,4.17,5.55,4.12,3.59,4.63,14.11,12.66,15.64,14.13,13.17,15.22,,,,,,
2024-05-26,19.23,18.33,20.1,42.13,40.65,43.7,4.78,4.18,5.57,4.12,3.59,4.63,14.14,12.68,15.67,14.14,13.16,15.21,,,,,,
2024-05-27,19.25,18.35,20.13,42.05,40.52,43.6,4.79,4.19,5.58,4.12,3.59,4.62,14.17,12.69,15.7,14.14,13.17,15.21,,,,,,
2024-05-28,19.27,18.37,20.16,41.96,40.4,43.51,4.81,4.21,5.59,4.12,3.59,4.62,14.2,12.7,15.72,14.14,13.17,15.2,20.0,41.0,6.0,4.0,13.0,15.0
2024-05-29,19.29,18.39,20.16,41.89,40.28,43.43,4.83,4.23,5.6,4.12,3.59,4.62,14.23,12.71,15.75,14.14,13.18,15.19,,,,,,
2024-05-30,19.31,18.41,20.15,41.81,40.21,43.34,4.84,4.25,5.62,4.12,3.59,4.62,14.25,12.74,15.77,14.15,13.18,15.18,22.0,51.0,4.0,2.0,11.0,9.0
2024-05-31,19.33,18.45,20.19,41.73,40.18,43.27,4.86,4.27,5.63,4.13,3.59,4.63,14.28,12.77,15.83,14.15,13.19,15.18,,,,,,
2024-06-01,19.35,18.47,20.22,41.66,40.16,43.19,4.87,4.28,5.64,4.13,3.6,4.64,14.3,12.8,15.89,14.15,13.2,15.18,17.0,41.0,7.0,,14.0,13.0
2024-06-02,19.36,18.48,20.23,41.59,40.14,43.11,4.89,4.29,5.65,4.13,3.6,4.64,14.32,12.83,15.91,14.15,13.22,15.17,,,,,,
2024-06-03,19.38,18.5,20.24,41.52,40.09,43.04,4.9,4.3,5.66,4.13,3.6,4.65,14.35,12.86,15.92,14.16,13.23,15.17,,,,,,
2024-06-04,19.4,18.52,20.24,41.45,40.02,42.96,4.92,4.31,5.67,4.13,3.59,4.65,14.37,12.91,15.94,14.16,13.23,15.17,19.0,39.0,6.0,2.0,22.0,10.0
2024-06-05,19.41,18.54,20.24,41.38,39.96,42.89,4.93,4.33,5.68,4.13,3.58,4.65,14.39,12.94,15.96,14.16,13.24,15.17,19.5,45.0,5.0,3.5,11.5,15.0
2024-06-06,19.43,18.56,20.24,41.31,39.9,42.83,4.95,4.34,5.69,4.13,3.58,4.66,14.42,12.94,15.98,14.17,13.26,15.17,15.0,38.0,5.0,3.0,29.0,10.0
2024-06-07,19.44,18.58,20.25,41.25,39.85,42.76,4.96,4.35,5.71,4.14,3.57,4.66,14.44,12.96,16.0,14.17,13.28,15.18,,,,,,
2024-06-08,19.45,18.59,20.26,41.18,39.73,42.72,4.97,4.36,5.72,4.14,3.58,4.66,14.46,12.99,16.01,14.17,13.27,15.18,,,,,,
2024-06-09,19.46,18.59,20.28,41.12,39.6,42.67,4.99,4.38,5.74,4.14,3.58,4.66,14.49,13.01,16.02,14.18,13.29,15.19,,,,,,
2024-06-10,19.48,18.6,20.29,41.05,39.49,42.62,5.0,4.39,5.76,4.14,3.57,4.66,14.51,13.04,16.04,14.18,13.3,15.19,20.0,42.0,5.0,5.0,14.0,13.0
2024-06-11,19.49,18.61,20.29,40.99,39.41,42.56,5.02,4.4,5.77,4.14,3.57,4.66,14.54,13.07,16.05,14.19,13.32,15.2,17.0,30.0,8.0,1.0,24.0,19.0
2024-06-12,19.5,18.61,20.3,40.93,39.38,42.49,5.03,4.42,5.8,4.14,3.56,4.66,14.56,13.1,16.06,14.19,13.33,15.2,,,,,,
2024-06-13,19.51,18.64,20.31,40.86,39.36,42.42,5.04,4.44,5.82,4.14,3.56,4.65,14.59,13.12,16.06,14.2,13.33,15.2,20.0,31.0,10.0,7.0,14.0,17.0
2024-06-14,19.52,18.65,20.32,40.8,39.34,42.35,5.05,4.46,5.85,4.14,3.57,4.63,14.62,13.16,16.08,14.21,13.33,15.21,,,,,,
2024-06-15,19.52,18.66,20.34,40.74,39.32,42.32,5.07,4.47,5.88,4.13,3.57,4.64,14.65,13.18,16.09,14.21,13.34,15.22,20.0,42.0,5.0,5.0,12.0,13.0
2024-06-16,19.53,18.68,20.35,40.68,39.26,42.25,5.08,4.48,5.9,4.13,3.57,4.65,14.68,13.22,16.12,14.22,13.34,15.22,24.0,41.0,4.0,,13.0,16.0
2024-06-17,19.54,18.68,20.36,40.62,39.17,42.16,5.09,4.49,5.9,4.13,3.58,4.66,14.7,13.25,16.14,14.23,13.35,15.23,,,,,,
2024-06-18,19.54,18.68,20.37,40.56,39.09,42.11,5.11,4.5,5.9,4.13,3.58,4.67,14.73,13.27,16.17,14.24,13.36,15.24,25.0,33.0,2.0,2.0,22.0,16.0
2024-06-19,19.55,18.69,20.38,40.5,39.0,42.08,5.12,4.51,5.91,4.12,3.58,4.66,14.76,13.29,16.19,14.25,13.37,15.25,15.0,46.0,7.0,4.0,10.0,17.0
2024-06-20,19.55,18.69,20.4,40.44,38.88,42.03,5.13,4.52,5.93,4.12,3.57,4.66,14.79,13.32,16.2,14.26,13.38,15.27,25.0,36.0,2.0,3.0,16.0,15.0
2024-06-21,19.56,18.69,20.41,40.38,38.85,41.97,5.15,4.54,5.94,4.12,3.55,4.66,14.82,13.33,16.22,14.28,13.39,15.28,,,,,,
2024-06-22,19.56,18.69,20.41,40.32,38.81,41.92,5.16,4.55,5.96,4.11,3.55,4.66,14.86,13.35,16.24,14.29,13.41,15.29,,,,,,
2024-06-23,19.56,18.69,20.43,40.26,38.76,41.87,5.17,4.56,5.98,4.11,3.55,4.65,14.89,13.37,16.29,14.3,13.42,15.29,,,,,,
2024-06-24,19.56,18.68,20.44,40.2,38.7,41.82,5.18,4.58,5.99,4.1,3.55,4.63,14.92,13.39,16.33,14.32,13.44,15.29,20.0,42.5,4.5,4.0,11.5,13.5
2024-06-25,19.56,18.68,20.46,40.15,38.64,41.78,5.2,4.61,6.01,4.1,3.55,4.62,14.95,13.41,16.37,14.33,13.45,15.29,21.0,33.0,2.0,8.0,21.0,14.0
2024-06-26,19.55,18.68,20.45,40.09,38.57,41.73,5.21,4.62,6.03,4.09,3.54,4.62,14.98,13.42,16.42,14.35,13.47,15.3,,,,,,
2024-06-27,19.55,18.67,20.45,40.03,38.51,41.68,5.22,4.63,6.05,4.09,3.54,4.62,15.01,13.44,16.48,14.37,13.49,15.31,17.0,38.5,8.0,5.0,13.0,15.5
2024-06-28,19.55,18.65,20.46,39.97,38.47,41.62,5.23,4.63,6.06,4.08,3.53,4.61,15.05,13.46,16.54,14.38,13.51,15.32,16.0,40.0,7.0,3.0,14.0,16.0
2024-06-29,19.54,18.64,20.46,39.91,38.4,41.55,5.24,4.63,6.08,4.08,3.53,4.61,15.08,13.47,16.6,14.4,13.54,15.33,,,,,,
2024-06-30,19.53,18.63,20.47,39.85,38.33,41.51,5.25,4.63,6.09,4.07,3.52,4.61,15.11,13.5,16.65,14.42,13.58,15.33,,,,,,
2024-07-01,19.53,18.63,20.48,39.79,38.27,41.45,5.27,4.64,6.11,4.07,3.52,4.61,15.14,13.52,16.71,14.44,13.63,15.33,,,,,,
2024-07-02,19.52,18.6,20.5,39.73,38.24,41.37,5.28,4.65,6.12,4.07,3.5,4.61,15.17,13.55,16.74,14.46,13.66,15.34,,,,,,
2024-07-03,19.51,18.57,20.51,39.67,38.19,41.29,5.29,4.65,6.15,4.07,3.5,4.6,15.2,13.58,16.76,14.48,13.71,15.34,17.0,37.0,5.0,4.0,20.0,15.0