date,Con (to 2024 election),Con (to 2024 election) (low),Con (to 2024 election) (high),Con (post-2024 election),Con (post-2024 election) (low),Con (post-2024 election) (high),Lab (to 2024 election),Lab (to 2024 election) (low),Lab (to 2024 election) (high),Lab (post-2024 election),Lab (post-2024 election) (low),Lab (post-2024 election) (high),LDem (to 2024 election),LDem (to 2024 election) (low),LDem (to 2024 election) (high),LDem (post-2024 election),LDem (post-2024 election) (low),LDem (post-2024 election) (high),Grn (to 2024 election),Grn (to 2024 election) (low),Grn (to 2024 election) (high),Grn (post-2024 election),Grn (post-2024 election) (low),Grn (post-2024 election) (high),SNP (to 2024 election),SNP (to 2024 election) (low),SNP (to 2024 election) (high),SNP (post-2024 election),SNP (post-2024 election) (low),SNP (post-2024 election) (high),PC (to 2024 election),PC (to 2024 election) (low),PC (to 2024 election) (high),PC (post-2024 election),PC (post-2024 election) (low),PC (post-2024 election) (high),Reform (to 2024 election),Reform (to 2024 election) (low),Reform (to 2024 election) (high),Reform (post-2024 election),Reform (post-2024 election) (low),Reform (post-2024 election) (high),Con (poll),Lab (poll),LDem (poll),Grn (poll),SNP (poll),PC (poll),Reform (poll)
2020-01-26,48.02,44.69,51.81,,,,28.52,25.13,32.16,,,,10.92,7.61,14.63,,,,5.55,2.03,9.03,,,,4.69,0.2,9.55,,,,1.0,-5.82,6.48,,,,1.33,-2.75,4.46,,,,47.0,29.0,12.0,5.0,5.0,1.0,1.0
2020-01-27,48.05,44.71,51.94,,,,28.51,25.12,32.08,,,,10.91,7.61,14.61,,,,5.53,2.05,9.01,,,,4.69,0.24,9.45,,,,1.0,-5.76,6.47,,,,1.33,-2.75,4.46,,,,,,,,,,
2020-01-28,48.09,44.74,51.97,,,,28.5,25.14,32.01,,,,10.89,7.61,14.59,,,,5.52,2.08,8.98,,,,4.69,0.31,9.35,,,,1.0,-5.74,6.44,,,,1.33,-2.75,4.46,,,,,,,,,,
2020-01-29,48.13,44.78,51.97,,,,28.49,25.14,31.97,,,,10.88,7.61,14.57,,,,5.5,2.09,8.94,,,,4.69,0.45,9.25,,,,1.0,-5.7,6.41,,,,1.33,-2.75,4.44,,,,,,,,,,
2020-01-30,48.17,44.83,52.03,,,,28.49,25.16,31.93,,,,10.86,7.6,14.55,,,,5.49,2.12,8.9,,,,4.69,0.57,9.14,,,,1.0,-5.67,6.34,,,,1.33,-2.75,4.42,,,,,,,,,,
2020-01-31,48.21,44.88,52.08,,,,28.48,25.17,31.9,,,,10.84,7.6,14.5,,,,5.47,2.15,8.86,,,,4.69,0.66,9.11,,,,1.0,-5.63,6.18,,,,1.33,-2.74,4.4,,,,,,,,,,
2020-02-01,48.25,44.94,52.14,,,,28.48,25.18,31.86,,,,10.82,7.59,14.4,,,,5.45,2.17,8.8,,,,4.69,0.68,9.09,,,,1.0,-5.59,6.13,,,,1.32,-2.74,4.35,,,,,,,,,,
2020-02-02,48.29,45.0,52.15,,,,28.48,25.2,31.83,,,,10.79,7.67,14.29,,,,5.43,2.15,8.65,,,,4.69,0.7,9.07,,,,1.0,-5.51,6.09,,,,1.32,-2.74,4.33,,,,48.0,29.0,10.0,6.0,5.0,,1.0
2020-02-03,48.34,45.07,52.14,,,,28.49,25.22,31.81,,,,10.77,7.73,14.18,,,,5.41,2.15,8.59,,,,4.69,0.72,9.05,,,,1.0,-5.44,6.04,,,,1.32,-2.73,4.3,,,,,,,,,,
2020-02-04,48.38,45.15,52.15,,,,28.49,25.25,31.8,,,,10.74,7.79,14.06,,,,5.38,2.14,8.53,,,,4.69,0.73,9.02,,,,1.0,-5.36,5.99,,,,1.32,-2.7,4.26,,,,,,,,,,
2020-02-05,48.43,45.2,52.19,,,,28.5,25.27,31.8,,,,10.71,7.82,13.95,,,,5.36,2.15,8.47,,,,4.69,0.76,8.96,,,,1.0,-5.28,5.98,,,,1.32,-2.66,4.24,,,,,,,,,,
2020-02-06,48.48,45.27,52.23,,,,28.5,25.32,31.79,,,,10.68,7.8,13.89,,,,5.34,2.21,8.41,,,,4.69,0.8,9.0,,,,1.0,-5.76,6.03,,,,1.32,-2.63,4.24,,,,,,,,,,
2020-02-07,48.52,45.36,52.26,,,,28.51,25.39,31.78,,,,10.65,7.77,13.86,,,,5.31,2.2,8.35,,,,4.69,0.86,8.88,,,,1.0,-5.68,6.0,,,,1.31,-2.63,4.22,,,,,,,,,,
2020-02-08,48.57,45.45,52.28,,,,28.52,25.46,31.78,,,,10.62,7.69,13.82,,,,5.29,2.17,8.28,,,,4.68,0.97,8.83,,,,1.0,-5.58,5.95,,,,1.31,-2.6,4.19,,,,,,,,,,
2020-02-09,48.62,45.54,52.25,,,,28.54,25.53,31.77,,,,10.59,7.63,13.79,,,,5.26,2.18,8.21,,,,4.68,0.96,8.79,,,,1.0,-5.49,5.99,,,,1.31,-2.52,4.18,,,,,,,,,,
2020-02-10,48.66,45.64,52.19,,,,28.55,25.61,31.77,,,,10.55,7.56,13.74,,,,5.23,2.21,8.18,,,,4.68,1.02,8.74,,,,1.0,-5.38,6.03,,,,1.31,-2.48,4.16,,,,48.0,28.0,11.0,6.0,4.0,1.0,2.0
2020-02-11,48.71,45.74,52.13,,,,28.57,25.69,31.76,,,,10.52,7.58,13.7,,,,5.21,2.23,8.14,,,,4.68,0.98,8.67,,,,1.0,-5.26,6.06,,,,1.3,-2.46,4.1,,,,,,,,,,
2020-02-12,48.75,45.83,52.14,,,,28.59,25.76,31.79,,,,10.48,7.6,13.58,,,,5.18,2.27,8.07,,,,4.68,0.98,8.58,,,,1.0,-5.16,6.06,,,,1.3,-2.44,4.07,,,,,,,,,,
2020-02-13,48.8,45.93,52.07,,,,28.61,25.79,31.83,,,,10.44,7.62,13.51,,,,5.16,2.3,7.99,,,,4.68,1.0,8.53,,,,1.0,-5.06,6.04,,,,1.3,-2.33,4.03,,,,,,,,,,
2020-02-14,48.84,46.02,52.07,,,,28.63,25.81,31.87,,,,10.4,7.64,13.37,,,,5.13,2.29,7.92,,,,4.67,1.02,8.48,,,,1.0,-4.95,6.01,,,,1.29,-2.31,4.0,,,,,,,,,,
2020-02-15,48.89,46.05,52.05,,,,28.65,25.76,31.87,,,,10.36,7.64,13.23,,,,5.1,2.3,7.85,,,,4.67,1.05,8.44,,,,1.0,-4.86,5.99,,,,1.29,-2.29,3.96,,,,,,,,,,
2020-02-16,48.93,46.13,52.04,,,,28.68,25.81,31.87,,,,10.32,7.63,13.08,,,,5.08,2.32,7.79,,,,4.67,1.06,8.39,,,,1.0,-4.8,5.92,,,,1.29,-2.32,3.92,,,,,,,,,,
2020-02-17,48.97,46.21,52.02,,,,28.7,25.85,31.87,,,,10.28,7.63,12.93,,,,5.05,2.34,7.75,,,,4.66,1.09,8.34,,,,1.0,-4.75,5.85,,,,1.28,-2.33,3.88,,,,,,,,,,
2020-02-18,49.01,46.31,52.02,,,,28.73,25.87,31.88,,,,10.24,7.65,12.84,,,,5.03,2.33,7.71,,,,4.66,1.13,8.34,,,,1.0,-4.7,5.78,,,,1.28,-2.3,3.83,,,,,,,,,,
2020-02-19,49.05,46.36,52.01,,,,28.76,25.93,31.87,,,,10.2,7.62,12.81,,,,5.0,2.3,7.66,,,,4.65,1.19,8.32,,,,1.0,-4.51,5.67,,,,1.28,-2.26,3.81,,,,,,,,,,
2020-02-20,49.09,46.43,52.01,,,,28.78,26.02,31.87,,,,10.16,7.58,12.78,,,,4.98,2.25,7.59,,,,4.65,1.23,8.24,,,,1.0,-4.42,5.69,,,,1.27,-2.23,3.79,,,,,,,,,,
2020-02-21,49.13,46.51,52.05,,,,28.81,26.08,31.87,,,,10.12,7.51,12.77,,,,4.95,2.25,7.49,,,,4.64,1.27,8.22,,,,1.0,-4.35,5.68,,,,1.27,-2.19,3.77,,,,,,,,,,
2020-02-22,49.17,46.56,52.09,,,,28.84,26.16,31.84,,,,10.08,7.44,12.76,,,,4.93,2.25,7.48,,,,4.64,1.3,8.22,,,,1.0,-4.29,5.62,,,,1.27,-2.16,3.76,,,,,,,,,,
2020-02-23,49.21,46.65,52.13,,,,28.87,26.21,31.8,,,,10.04,7.37,12.69,,,,4.9,2.23,7.48,,,,4.63,1.33,8.21,,,,1.0,-4.22,5.6,,,,1.26,-2.12,3.74,,,,,,,,,,
2020-02-24,49.24,46.72,52.17,,,,28.91,26.26,31.77,,,,10.0,7.31,12.57,,,,4.88,2.21,7.48,,,,4.63,1.37,8.2,,,,1.0,-4.19,5.61,,,,1.26,-2.07,3.71,,,,,,,,,,
2020-02-25,49.27,46.8,52.18,,,,28.94,26.32,31.73,,,,9.96,7.32,12.45,,,,4.86,2.19,7.47,,,,4.62,1.41,8.18,,,,1.0,-4.16,5.6,,,,1.26,-2.02,3.63,,,,,,,,,,
2020-02-26,49.31,46.88,52.17,,,,28.97,26.37,31.84,,,,9.92,7.31,12.43,,,,4.84,2.17,7.42,,,,4.61,1.46,8.15,,,,1.0,-4.05,5.56,,,,1.25,-1.97,3.52,,,,,,,,,,
2020-02-27,49.34,46.95,52.23,,,,29.01,26.43,31.85,,,,9.87,7.31,12.31,,,,4.82,2.15,7.33,,,,4.61,1.52,8.12,,,,1.0,-4.02,5.48,,,,1.25,-1.94,3.5,,,,,,,,,,
2020-02-28,49.37,47.0,52.29,,,,29.05,26.48,31.85,,,,9.83,7.31,12.25,,,,4.79,2.14,7.3,,,,4.6,1.58,8.08,,,,1.0,-3.98,5.51,,,,1.24,-1.98,3.5,,,,,,,,,,
2020-02-29,49.39,47.06,52.32,,,,29.08,26.52,31.85,,,,9.79,7.26,12.21,,,,4.77,2.12,7.27,,,,4.59,1.63,8.03,,,,1.0,-3.95,5.48,,,,1.24,-1.94,3.5,,,,,,,,,,
2020-03-01,49.42,47.13,52.35,,,,29.12,26.57,31.84,,,,9.75,7.19,12.17,,,,4.75,2.1,7.23,,,,4.59,1.6,7.97,,,,1.0,-3.91,5.46,,,,1.24,-1.94,3.51,,,,,,,,,,
2020-03-02,49.44,47.15,52.36,,,,29.17,26.62,31.85,,,,9.7,7.23,12.12,,,,4.73,2.09,7.18,,,,4.58,1.61,7.91,,,,1.0,-3.92,5.44,,,,1.23,-1.93,3.52,,,,,,,,,,
2020-03-03,49.47,47.17,52.38,,,,29.21,26.68,31.85,,,,9.66,7.23,12.08,,,,4.71,2.11,7.15,,,,4.58,1.63,7.84,,,,1.0,-3.89,5.39,,,,1.23,-1.93,3.53,,,,,,,,,,
2020-03-04,49.48,47.19,52.39,,,,29.26,26.74,31.89,,,,9.62,7.23,12.02,,,,4.69,2.13,7.13,,,,4.57,1.67,7.76,,,,1.0,-3.9,5.42,,,,1.23,-1.92,3.53,,,,,,,,,,
2020-03-05,49.5,47.2,52.39,,,,29.31,26.79,31.96,,,,9.57,7.22,11.97,,,,4.68,2.15,7.11,,,,4.56,1.7,7.74,,,,1.0,-3.89,5.46,,,,1.22,-1.9,3.54,,,,,,,,,,
2020-03-06,49.51,47.19,52.37,,,,29.36,26.86,32.0,,,,9.53,7.19,11.92,,,,4.66,2.17,7.11,,,,4.56,1.69,7.68,,,,1.0,-3.76,5.47,,,,1.22,-1.88,3.5,,,,,,,,,,
2020-03-07,49.53,47.18,52.34,,,,29.41,26.91,32.01,,,,9.49,7.13,11.88,,,,4.64,2.19,7.09,,,,4.55,1.65,7.67,,,,1.0,-3.64,5.47,,,,1.22,-1.88,3.48,,,,,,,,,,
2020-03-08,49.53,47.22,52.29,,,,29.47,26.97,32.04,,,,9.44,7.05,11.85,,,,4.62,2.21,7.03,,,,4.55,1.59,7.67,,,,1.0,-3.5,5.43,,,,1.22,-1.86,3.49,,,,,,,,,,
2020-03-09,49.54,47.21,52.31,,,,29.53,27.04,32.07,,,,9.4,7.01,11.8,,,,4.6,2.23,7.08,,,,4.54,1.54,7.67,,,,1.0,-3.44,5.39,,,,1.21,-1.76,3.48,,,,,,,,,,
2020-03-10,49.54,47.22,52.28,,,,29.59,27.09,32.09,,,,9.35,7.0,11.77,,,,4.58,2.26,7.04,,,,4.54,1.5,7.57,,,,1.0,-3.41,5.33,,,,1.21,-1.77,3.43,,,,,,,,,,
2020-03-11,49.54,47.23,52.25,,,,29.66,27.16,32.16,,,,9.3,6.95,11.73,,,,4.56,2.28,7.01,,,,4.53,1.54,7.57,,,,1.0,-3.39,5.29,,,,1.21,-1.75,3.39,,,,,,,,,,
2020-03-12,49.54,47.22,52.23,,,,29.72,27.24,32.27,,,,9.26,6.86,11.65,,,,4.54,2.27,6.98,,,,4.53,1.49,7.56,,,,1.0,-3.35,5.24,,,,1.21,-1.77,3.35,,,,,,,,,,
2020-03-13,49.53,47.26,52.23,,,,29.79,27.32,32.39,,,,9.21,6.77,11.65,,,,4.52,2.22,6.94,,,,4.52,1.45,7.55,,,,1.0,-3.33,5.19,,,,1.21,-1.8,3.31,,,,,,,,,,
2020-03-14,49.53,47.27,52.22,,,,29.87,27.4,32.49,,,,9.16,6.69,11.62,,,,4.5,2.18,6.9,,,,4.52,1.47,7.54,,,,1.0,-3.3,5.13,,,,1.21,-1.79,3.3,,,,,,,,,,
2020-03-15,49.52,47.29,52.21,,,,29.94,27.49,32.57,,,,9.12,6.61,11.57,,,,4.49,2.14,6.86,,,,4.52,1.52,7.53,,,,1.0,-3.26,5.08,,,,1.2,-1.74,3.29,,,,,,,,,,
2020-03-16,49.51,47.3,52.18,,,,30.01,27.58,32.6,,,,9.07,6.57,11.53,,,,4.47,2.15,6.81,,,,4.51,1.56,7.51,,,,1.0,-3.23,5.02,,,,1.2,-1.67,3.29,,,,,,,,,,
2020-03-17,49.49,47.31,52.13,,,,30.09,27.67,32.66,,,,9.03,6.55,11.48,,,,4.45,2.14,6.74,,,,4.51,1.62,7.52,,,,1.0,-3.2,4.99,,,,1.2,-1.62,3.28,,,,,,,,,,
2020-03-18,49.48,47.32,52.1,,,,30.17,27.75,32.7,,,,8.98,6.5,11.43,,,,4.43,2.07,6.67,,,,4.51,1.68,7.58,,,,1.0,-3.07,5.03,,,,1.2,-1.55,3.27,,,,,,,,,,
2020-03-19,49.46,47.32,52.08,,,,30.25,27.82,32.73,,,,8.93,6.47,11.37,,,,4.41,2.05,6.6,,,,4.51,1.72,7.52,,,,1.0,-3.05,5.1,,,,1.2,-1.51,3.31,,,,,,,,,,
2020-03-20,49.44,47.26,52.05,,,,30.33,27.88,32.78,,,,8.89,6.45,11.32,,,,4.39,2.04,6.57,,,,4.5,1.73,7.52,,,,1.0,-3.03,5.17,,,,1.2,-1.44,3.3,,,,,,,,,,
2020-03-21,49.42,47.2,52.02,,,,30.42,27.94,32.91,,,,8.84,6.48,11.25,,,,4.37,2.06,6.57,,,,4.5,1.74,7.5,,,,1.0,-3.02,5.23,,,,1.2,-1.39,3.3,,,,,,,,,,
2020-03-22,49.39,47.14,51.99,,,,30.5,28.0,33.02,,,,8.79,6.51,11.2,,,,4.35,2.07,6.51,,,,4.5,1.75,7.42,,,,1.0,-3.0,5.29,,,,1.2,-1.34,3.33,,,,,,,,,,
2020-03-23,49.37,47.09,51.96,,,,30.59,28.09,33.12,,,,8.75,6.53,11.13,,,,4.33,2.07,6.45,,,,4.5,1.76,7.4,,,,1.0,-2.98,5.17,,,,1.19,-1.36,3.3,,,,,,,,,,
2020-03-24,49.34,47.03,51.93,,,,30.68,28.22,33.16,,,,8.7,6.46,11.07,,,,4.32,2.09,6.39,,,,4.5,1.73,7.38,,,,1.0,-2.94,5.11,,,,1.19,-1.37,3.26,,,,,,,,,,
2020-03-25,49.31,46.97,51.84,,,,30.76,28.36,33.27,,,,8.66,6.38,10.98,,,,4.3,2.13,6.32,,,,4.49,1.75,7.35,,,,1.0,-2.89,5.12,,,,1.19,-1.38,3.22,,,,,,,,,,
2020-03-26,49.28,46.94,51.76,,,,30.85,28.4,33.38,,,,8.62,6.35,10.78,,,,4.28,2.12,6.25,,,,4.49,1.68,7.35,,,,1.0,-2.85,5.09,,,,1.19,-1.38,3.19,,,,,,,,,,
2020-03-27,49.25,46.91,51.67,,,,30.94,28.45,33.48,,,,8.57,6.34,10.71,,,,4.26,2.11,6.22,,,,4.49,1.67,7.35,,,,1.0,-2.8,5.02,,,,1.19,-1.39,3.15,,,,,,,,,,
2020-03-28,49.21,46.88,51.62,,,,31.03,28.45,33.6,,,,8.53,6.34,10.64,,,,4.24,2.12,6.2,,,,4.49,1.61,7.39,,,,1.0,-2.77,4.95,,,,1.19,-1.39,3.11,,,,,,,,,,
2020-03-29,49.18,46.83,51.6,,,,31.12,28.56,33.7,,,,8.49,6.34,10.57,,,,4.22,2.13,6.24,,,,4.49,1.58,7.39,,,,1.0,-2.77,4.89,,,,1.19,-1.29,3.13,,,,,,,,,,
2020-03-30,49.14,46.8,51.57,,,,31.21,28.68,33.8,,,,8.45,6.32,10.5,,,,4.21,2.12,6.26,,,,4.49,1.55,7.3,,,,1.0,-2.72,4.82,,,,1.19,-1.18,3.14,,,,,,,,,,
2020-03-31,49.11,46.78,51.54,,,,31.3,28.72,33.87,,,,8.4,6.27,10.45,,,,4.19,2.12,6.26,,,,4.49,1.53,7.3,,,,1.0,-2.68,4.77,,,,1.19,-1.18,3.15,,,,,,,,,,
2020-04-01,49.07,46.76,51.45,,,,31.39,28.76,33.94,,,,8.36,6.27,10.43,,,,4.17,2.07,6.27,,,,4.49,1.5,7.3,,,,1.0,-2.65,4.71,,,,1.18,-1.17,3.16,,,,,,,,,,
2020-04-02,49.03,46.72,51.35,,,,31.48,28.82,34.0,,,,8.33,6.25,10.38,,,,4.15,2.02,6.28,,,,4.49,1.48,7.27,,,,1.0,-2.63,4.7,,,,1.18,-1.16,3.17,,,,53.0,26.0,10.0,4.0,5.0,1.0,
2020-04-03,48.99,46.68,51.28,,,,31.57,28.91,34.07,,,,8.29,6.23,10.31,,,,4.14,1.97,6.28,,,,4.49,1.48,7.24,,,,1.0,-2.59,4.76,,,,1.18,-1.16,3.17,,,,,,,,,,
2020-04-04,48.95,46.64,51.26,,,,31.66,28.98,34.12,,,,8.25,6.21,10.31,,,,4.12,1.93,6.29,,,,4.49,1.45,7.19,,,,1.0,-2.55,4.82,,,,1.18,-1.22,3.17,,,,,,,,,,
2020-04-05,48.91,46.59,51.24,,,,31.75,29.05,34.16,,,,8.21,6.19,10.3,,,,4.1,1.88,6.29,,,,4.49,1.45,7.17,,,,1.0,-2.52,4.86,,,,1.18,-1.21,3.18,,,,,,,,,,
2020-04-06,48.87,46.52,51.22,,,,31.84,29.08,34.26,,,,8.18,6.17,10.26,,,,4.09,1.86,6.29,,,,4.49,1.48,7.17,,,,1.0,-2.48,4.9,,,,1.18,-1.18,3.17,,,,,,,,,,
2020-04-07,48.83,46.45,51.2,,,,31.93,29.12,34.33,,,,8.14,6.17,10.23,,,,4.07,1.88,6.29,,,,4.49,1.5,7.18,,,,1.0,-2.46,4.82,,,,1.18,-1.14,3.17,,,,,,,,,,
2020-04-08,48.78,46.38,51.17,,,,32.01,29.15,34.39,,,,8.11,6.16,10.21,,,,4.06,1.89,6.28,,,,4.48,1.53,7.15,,,,1.0,-2.45,4.71,,,,1.18,-1.08,3.17,,,,,,,,,,
2020-04-09,48.74,46.32,51.14,,,,32.1,29.18,34.44,,,,8.08,6.09,10.19,,,,4.04,1.86,6.28,,,,4.48,1.54,7.12,,,,1.0,-2.44,4.72,,,,1.18,-1.0,3.17,,,,,,,,,,
2020-04-10,48.69,46.3,51.1,,,,32.18,29.21,34.5,,,,8.05,6.09,10.17,,,,4.03,1.82,6.28,,,,4.48,1.52,7.1,,,,1.0,-2.45,4.76,,,,1.18,-1.02,3.18,,,,,,,,,,
2020-04-11,48.65,46.28,51.08,,,,32.27,29.24,34.56,,,,8.01,6.02,10.14,,,,4.02,1.82,6.27,,,,4.48,1.49,7.12,,,,1.0,-2.47,4.8,,,,1.18,-1.0,3.2,,,,,,,,,,
2020-04-12,48.6,46.24,51.07,,,,32.35,29.29,34.63,,,,7.99,5.99,10.11,,,,4.0,1.81,6.24,,,,4.48,1.47,7.09,,,,1.0,-2.5,4.83,,,,1.18,-0.96,3.23,,,,,,,,,,
2020-04-13,48.55,46.2,51.03,,,,32.44,29.38,34.69,,,,7.96,5.94,10.08,,,,3.99,1.8,6.19,,,,4.48,1.45,7.13,,,,1.0,-2.52,4.87,,,,1.18,-0.99,3.19,,,,,,,,,,
2020-04-14,48.5,46.16,50.98,,,,32.52,29.46,34.74,,,,7.93,5.9,10.05,,,,3.98,1.78,6.12,,,,4.48,1.44,7.12,,,,1.0,-2.54,4.89,,,,1.18,-1.03,3.15,,,,,,,,,,
2020-04-15,48.45,46.1,50.93,,,,32.6,29.54,34.8,,,,7.9,5.85,10.02,,,,3.97,1.75,6.06,,,,4.48,1.58,7.1,,,,1.0,-2.54,4.9,,,,1.18,-0.97,3.13,,,,,,,,,,
2020-04-16,48.4,46.03,50.87,,,,32.68,29.6,34.88,,,,7.88,5.8,9.95,,,,3.96,1.73,6.01,,,,4.48,1.77,7.08,,,,1.0,-2.56,4.88,,,,1.18,-0.91,3.14,,,,,,,,,,
2020-04-17,48.35,45.96,50.81,,,,32.75,29.63,34.96,,,,7.86,5.75,9.93,,,,3.95,1.71,5.94,,,,4.48,1.78,7.08,,,,1.0,-2.56,4.9,,,,1.18,-0.86,3.16,,,,51.0,32.0,7.0,3.0,4.0,1.0,1.0
2020-04-18,48.3,45.9,50.75,,,,32.83,29.68,35.01,,,,7.84,5.71,9.91,,,,3.94,1.69,5.88,,,,4.48,1.73,7.05,,,,1.0,-2.59,4.89,,,,1.18,-0.84,3.15,,,,,,,,,,
2020-04-19,48.25,45.83,50.69,,,,32.9,29.72,35.04,,,,7.82,5.67,9.88,,,,3.93,1.67,5.82,,,,4.48,1.69,7.07,,,,1.0,-2.6,4.83,,,,1.18,-0.83,3.17,,,,,,,,,,
2020-04-20,48.2,45.78,50.63,,,,32.98,29.76,35.15,,,,7.8,5.63,9.85,,,,3.92,1.65,5.75,,,,4.48,1.64,7.08,,,,1.0,-2.62,4.77,,,,1.18,-0.81,3.2,,,,,,,,,,
2020-04-21,48.14,45.75,50.55,,,,33.05,29.85,35.19,,,,7.78,5.6,9.81,,,,3.91,1.64,5.72,,,,4.48,1.59,7.04,,,,1.0,-2.65,4.7,,,,1.18,-0.8,3.21,,,,,,,,,,
2020-04-22,48.09,45.71,50.48,,,,33.11,29.98,35.22,,,,7.76,5.58,9.78,,,,3.91,1.62,5.69,,,,4.48,1.56,7.04,,,,1.0,-2.65,4.7,,,,1.19,-0.81,3.18,,,,,,,,,,
2020-04-23,48.04,45.68,50.41,,,,33.18,30.12,35.29,,,,7.75,5.56,9.73,,,,3.9,1.61,5.67,,,,4.48,1.52,7.03,,,,1.0,-2.61,4.72,,,,1.19,-0.83,3.15,,,,,,,,,,
2020-04-24,47.99,45.62,50.33,,,,33.25,30.22,35.36,,,,7.73,5.54,9.69,,,,3.89,1.59,5.65,,,,4.48,1.52,7.02,,,,1.0,-2.57,4.74,,,,1.19,-0.85,3.18,,,,51.0,32.0,7.0,3.0,5.0,,1.0
2020-04-25,47.93,45.6,50.25,,,,33.31,30.29,35.43,,,,7.72,5.52,9.65,,,,3.89,1.58,5.65,,,,4.48,1.55,7.02,,,,1.0,-2.54,4.72,,,,1.19,-0.86,3.23,,,,,,,,,,
2020-04-26,47.88,45.56,50.17,,,,33.37,30.35,35.47,,,,7.7,5.51,9.64,,,,3.88,1.58,5.65,,,,4.48,1.58,7.01,,,,1.0,-2.49,4.68,,,,1.2,-0.88,3.27,,,,,,,,,,
2020-04-27,47.83,45.5,50.1,,,,33.43,30.42,35.53,,,,7.69,5.49,9.61,,,,3.88,1.58,5.64,,,,4.49,1.6,7.0,,,,1.0,-2.47,4.63,,,,1.2,-0.9,3.28,,,,,,,,,,
2020-04-28,47.78,45.46,50.04,,,,33.49,30.49,35.6,,,,7.68,5.48,9.59,,,,3.88,1.58,5.61,,,,4.49,1.63,6.99,,,,1.0,-2.51,4.58,,,,1.2,-0.92,3.28,,,,,,,,,,
2020-04-29,47.73,45.41,49.97,,,,33.55,30.56,35.66,,,,7.67,5.48,9.59,,,,3.87,1.59,5.63,,,,4.49,1.69,6.99,,,,1.0,-2.55,4.53,,,,1.21,-0.9,3.24,,,,,,,,,,
2020-04-30,47.67,45.35,49.9,,,,33.61,30.62,35.7,,,,7.66,5.47,9.57,,,,3.87,1.59,5.64,,,,4.49,1.74,6.98,,,,1.0,-2.58,4.48,,,,1.21,-0.88,3.24,,,,,,,,,,
2020-05-01,47.62,45.26,49.82,,,,33.66,30.69,35.74,,,,7.65,5.46,9.55,,,,3.87,1.58,5.64,,,,4.49,1.74,6.97,,,,1.0,-2.62,4.5,,,,1.21,-0.88,3.25,,,,,,,,,,
2020-05-02,47.57,45.22,49.74,,,,33.72,30.77,35.78,,,,7.64,5.48,9.53,,,,3.86,1.57,5.6,,,,4.49,1.76,6.95,,,,1.0,-2.62,4.52,,,,1.22,-0.89,3.24,,,,,,,,,,
2020-05-03,47.52,45.18,49.66,,,,33.77,30.8,35.82,,,,7.63,5.5,9.51,,,,3.86,1.57,5.57,,,,4.49,1.75,6.94,,,,1.0,-2.56,4.55,,,,1.22,-0.9,3.22,,,,,,,,,,
2020-05-04,47.46,45.13,49.58,,,,33.83,30.84,35.86,,,,7.63,5.5,9.49,,,,3.86,1.57,5.54,,,,4.49,1.74,6.93,,,,1.0,-2.54,4.57,,,,1.23,-0.9,3.25,,,,,,,,,,
2020-05-05,47.41,45.09,49.51,,,,33.88,30.87,35.91,,,,7.62,5.51,9.42,,,,3.86,1.57,5.53,,,,4.49,1.73,6.92,,,,1.0,-2.54,4.59,,,,1.23,-0.91,3.24,,,,,,,,,,
2020-05-06,47.36,45.04,49.45,,,,33.93,30.98,35.96,,,,7.61,5.52,9.38,,,,3.86,1.57,5.53,,,,4.49,1.72,6.9,,,,1.0,-2.54,4.61,,,,1.24,-0.91,3.22,,,,49.0,32.0,8.0,5.0,3.0,1.0,1.0
2020-05-07,47.3,44.99,49.36,,,,33.99,31.09,36.01,,,,7.6,5.53,9.36,,,,3.86,1.57,5.52,,,,4.49,1.72,6.91,,,,1.0,-2.56,4.63,,,,1.24,-0.9,3.2,,,,,,,,,,
2020-05-08,47.25,44.96,49.25,,,,34.04,31.2,36.04,,,,7.6,5.54,9.34,,,,3.85,1.6,5.51,,,,4.49,1.71,6.89,,,,1.0,-2.58,4.64,,,,1.25,-0.88,3.18,,,,,,,,,,
2020-05-09,47.19,44.94,49.16,,,,34.09,31.27,36.08,,,,7.59,5.57,9.29,,,,3.85,1.63,5.5,,,,4.49,1.71,6.87,,,,1.0,-2.55,4.63,,,,1.26,-0.87,3.16,,,,,,,,,,
2020-05-10,47.14,44.93,49.1,,,,34.14,31.35,36.11,,,,7.58,5.59,9.27,,,,3.85,1.67,5.45,,,,4.49,1.71,6.85,,,,1.0,-2.53,4.62,,,,1.26,-0.85,3.16,,,,,,,,,,
2020-05-11,47.08,44.91,49.05,,,,34.19,31.44,36.16,,,,7.58,5.62,9.27,,,,3.85,1.69,5.44,,,,4.49,1.71,6.83,,,,1.0,-2.49,4.6,,,,1.27,-0.83,3.2,,,,,,,,,,
2020-05-12,47.02,44.89,48.93,,,,34.25,31.48,36.19,,,,7.57,5.64,9.24,,,,3.85,1.7,5.47,,,,4.49,1.72,6.82,,,,1.0,-2.46,4.57,,,,1.28,-0.81,3.22,,,,,,,,,,
2020-05-13,46.96,44.83,48.83,,,,34.3,31.55,36.21,,,,7.56,5.62,9.26,,,,3.86,1.7,5.46,,,,4.49,1.73,6.81,,,,1.0,-2.43,4.57,,,,1.28,-0.79,3.23,,,,,,,,,,
2020-05-14,46.9,44.75,48.79,,,,34.35,31.7,36.25,,,,7.56,5.61,9.24,,,,3.86,1.69,5.45,,,,4.49,1.73,6.84,,,,1.0,-2.39,4.57,,,,1.29,-0.77,3.23,,,,,,,,,,
2020-05-15,46.84,44.67,48.74,,,,34.41,31.79,36.31,,,,7.55,5.62,9.22,,,,3.86,1.65,5.44,,,,4.5,1.75,6.85,,,,1.0,-2.34,4.56,,,,1.3,-0.74,3.23,,,,,,,,,,
2020-05-16,46.77,44.6,48.67,,,,34.46,31.88,36.38,,,,7.55,5.63,9.18,,,,3.86,1.67,5.43,,,,4.5,1.77,6.84,,,,1.0,-2.26,4.54,,,,1.31,-0.71,3.24,,,,,,,,,,
2020-05-17,46.7,44.52,48.58,,,,34.51,31.93,36.44,,,,7.54,5.65,9.13,,,,3.86,1.69,5.41,,,,4.5,1.79,6.83,,,,1.0,-2.13,4.53,,,,1.32,-0.67,3.24,,,,,,,,,,
2020-05-18,46.64,44.44,48.53,,,,34.57,31.97,36.47,,,,7.53,5.64,9.09,,,,3.87,1.72,5.39,,,,4.5,1.79,6.82,,,,1.0,-2.03,4.51,,,,1.33,-0.64,3.25,,,,,,,,,,
2020-05-19,46.57,44.36,48.48,,,,34.62,32.02,36.51,,,,7.53,5.62,9.05,,,,3.87,1.73,5.36,,,,4.5,1.78,6.82,,,,1.0,-2.04,4.5,,,,1.34,-0.6,3.26,,,,47.0,34.0,7.0,5.0,5.0,1.0,1.0
2020-05-20,46.5,44.28,48.43,,,,34.68,32.08,36.55,,,,7.52,5.62,9.0,,,,3.88,1.74,5.34,,,,4.51,1.8,6.82,,,,1.0,-2.04,4.48,,,,1.35,-0.57,3.27,,,,,,,,,,
2020-05-21,46.42,44.22,48.3,,,,34.74,32.14,36.59,,,,7.52,5.6,9.0,,,,3.88,1.77,5.32,,,,4.51,1.85,6.8,,,,1.0,-2.04,4.46,,,,1.36,-0.51,3.27,,,,,,,,,,
2020-05-22,46.35,44.16,48.18,,,,34.79,32.21,36.65,,,,7.51,5.62,9.0,,,,3.89,1.83,5.31,,,,4.51,1.9,6.82,,,,1.0,-2.0,4.45,,,,1.37,-0.46,3.27,,,,,,,,,,
2020-05-23,46.28,44.1,48.08,,,,34.85,32.27,36.68,,,,7.51,5.67,8.95,,,,3.89,1.86,5.31,,,,4.52,1.9,6.84,,,,1.0,-1.94,4.42,,,,1.38,-0.42,3.26,,,,,,,,,,
2020-05-24,46.2,44.01,48.0,,,,34.91,32.34,36.72,,,,7.5,5.73,8.9,,,,3.9,1.9,5.32,,,,4.52,1.91,6.86,,,,1.0,-1.88,4.4,,,,1.39,-0.42,3.23,,,,,,,,,,
2020-05-25,46.12,43.89,47.85,,,,34.97,32.41,36.78,,,,7.5,5.78,8.91,,,,3.91,1.93,5.32,,,,4.53,1.94,6.88,,,,1.0,-1.85,4.37,,,,1.41,-0.41,3.2,,,,,,,,,,
2020-05-26,46.04,43.77,47.76,,,,35.02,32.48,36.83,,,,7.5,5.8,8.87,,,,3.92,1.97,5.29,,,,4.53,1.96,6.9,,,,1.0,-1.78,4.34,,,,1.42,-0.4,3.18,,,,43.0,38.0,8.0,3.0,5.0,1.0,2.0
2020-05-27,45.96,43.67,47.69,,,,35.08,32.55,36.86,,,,7.49,5.8,8.86,,,,3.93,2.0,5.26,,,,4.54,1.95,6.91,,,,1.0,-1.76,4.3,,,,1.43,-0.39,3.15,,,,,,,,,,
2020-05-28,45.88,43.61,47.61,,,,35.14,32.63,36.9,,,,7.49,5.79,8.85,,,,3.94,2.04,5.25,,,,4.54,1.94,6.88,,,,1.0,-1.77,4.27,,,,1.45,-0.32,3.12,,,,,,,,,,
2020-05-29,45.79,43.55,47.52,,,,35.2,32.71,36.93,,,,7.48,5.78,8.8,,,,3.95,2.08,5.24,,,,4.55,1.94,6.86,,,,1.0,-1.75,4.24,,,,1.46,-0.3,3.1,,,,,,,,,,
2020-05-30,45.71,43.49,47.44,,,,35.26,32.81,36.96,,,,7.48,5.77,8.82,,,,3.96,2.12,5.25,,,,4.55,1.93,6.88,,,,1.0,-1.75,4.2,,,,1.48,-0.3,3.09,,,,45.0,36.0,7.0,4.0,5.0,,1.0
2020-05-31,45.62,43.43,47.35,,,,35.32,32.9,36.99,,,,7.47,5.76,8.84,,,,3.97,2.16,5.27,,,,4.56,1.94,6.9,,,,1.0,-1.75,4.17,,,,1.49,-0.29,3.11,,,,,,,,,,
2020-06-01,45.53,43.38,47.25,,,,35.38,33.07,37.03,,,,7.47,5.75,8.83,,,,3.98,2.21,5.29,,,,4.56,2.0,6.92,,,,1.0,-1.71,4.13,,,,1.51,-0.28,3.11,,,,,,,,,,
2020-06-02,45.44,43.34,47.16,,,,35.44,33.15,37.07,,,,7.46,5.74,8.81,,,,4.0,2.25,5.31,,,,4.57,2.04,6.94,,,,1.0,-1.66,4.09,,,,1.52,-0.28,3.12,,,,,,,,,,
2020-06-03,45.35,43.28,47.08,,,,35.5,33.18,37.12,,,,7.46,5.73,8.79,,,,4.01,2.3,5.33,,,,4.58,2.1,6.93,,,,1.0,-1.59,4.05,,,,1.54,-0.27,3.15,,,,,,,,,,
2020-06-04,45.26,43.22,46.99,,,,35.56,33.24,37.16,,,,7.45,5.71,8.8,,,,4.03,2.34,5.38,,,,4.58,2.16,6.91,,,,1.0,-1.63,4.0,,,,1.56,-0.26,3.18,,,,,,,,,,
2020-06-05,45.17,43.17,46.88,,,,35.62,33.31,37.21,,,,7.45,5.7,8.8,,,,4.04,2.39,5.39,,,,4.59,2.23,6.89,,,,1.0,-1.67,3.99,,,,1.58,-0.26,3.21,,,,,,,,,,
2020-06-06,45.08,43.09,46.76,,,,35.68,33.4,37.25,,,,7.44,5.7,8.79,,,,4.06,2.43,5.39,,,,4.6,2.29,6.89,,,,1.0,-1.61,3.95,,,,1.59,-0.25,3.24,,,,,,,,,,
2020-06-07,44.98,43.02,46.65,,,,35.74,33.49,37.28,,,,7.43,5.69,8.78,,,,4.07,2.47,5.39,,,,4.6,2.33,6.9,,,,1.0,-1.55,3.94,,,,1.61,-0.21,3.27,,,,,,,,,,
2020-06-08,44.89,42.95,46.55,,,,35.8,33.57,37.35,,,,7.43,5.68,8.77,,,,4.09,2.48,5.39,,,,4.61,2.34,6.9,,,,1.0,-1.52,3.94,,,,1.63,-0.16,3.29,,,,,,,,,,
2020-06-09,44.8,42.9,46.43,,,,35.85,33.66,37.4,,,,7.42,5.67,8.75,,,,4.11,2.5,5.39,,,,4.62,2.35,6.9,,,,1.0,-1.54,3.89,,,,1.65,-0.12,3.3,,,,,,,,,,
2020-06-10,44.7,42.84,46.32,,,,35.91,33.75,37.44,,,,7.42,5.66,8.72,,,,4.13,2.52,5.4,,,,4.63,2.36,6.91,,,,1.0,-1.52,3.84,,,,1.67,-0.07,3.31,,,,,,,,,,
2020-06-11,44.61,42.71,46.21,,,,35.97,33.83,37.49,,,,7.41,5.66,8.73,,,,4.15,2.54,5.43,,,,4.64,2.34,6.91,,,,1.0,-1.49,3.86,,,,1.68,-0.03,3.29,,,,,,,,,,
2020-06-12,44.52,42.6,46.12,,,,36.03,33.91,37.54,,,,7.41,5.67,8.72,,,,4.16,2.55,5.49,,,,4.65,2.29,6.91,,,,1.0,-1.48,3.91,,,,1.7,0.02,3.31,,,,44.0,37.0,8.0,4.0,4.0,1.0,1.0
2020-06-13,44.43,42.53,46.02,,,,36.08,34.01,37.59,,,,7.4,5.69,8.7,,,,4.18,2.62,5.54,,,,4.66,2.29,6.9,,,,1.0,-1.49,3.9,,,,1.72,0.06,3.34,,,,,,,,,,
2020-06-14,44.33,42.45,45.93,,,,36.14,34.09,37.64,,,,7.4,5.69,8.66,,,,4.2,2.67,5.58,,,,4.66,2.32,6.89,,,,1.0,-1.49,3.88,,,,1.74,0.06,3.33,,,,,,,,,,
2020-06-15,44.24,42.39,45.83,,,,36.19,34.15,37.7,,,,7.39,5.7,8.64,,,,4.22,2.7,5.59,,,,4.67,2.37,6.89,,,,1.0,-1.48,3.85,,,,1.76,0.06,3.32,,,,,,,,,,
2020-06-16,44.15,42.3,45.74,,,,36.24,34.21,37.75,,,,7.39,5.73,8.64,,,,4.24,2.72,5.59,,,,4.68,2.42,6.89,,,,1.0,-1.48,3.83,,,,1.78,0.06,3.37,,,,,,,,,,
2020-06-17,44.06,42.22,45.64,,,,36.29,34.27,37.81,,,,7.39,5.72,8.62,,,,4.26,2.75,5.57,,,,4.69,2.45,6.88,,,,1.0,-1.48,3.77,,,,1.79,0.06,3.39,,,,,,,,,,
2020-06-18,43.97,42.13,45.54,,,,36.35,34.34,37.85,,,,7.38,5.74,8.6,,,,4.28,2.76,5.56,,,,4.7,2.47,6.88,,,,1.0,-1.47,3.69,,,,1.81,0.15,3.38,,,,,,,,,,
2020-06-19,43.88,42.02,45.45,,,,36.4,34.41,37.89,,,,7.38,5.73,8.6,,,,4.29,2.76,5.6,,,,4.71,2.49,6.88,,,,1.0,-1.47,3.62,,,,1.83,0.17,3.38,,,,,,,,,,
2020-06-20,43.8,41.99,45.36,,,,36.44,34.47,37.93,,,,7.37,5.69,8.61,,,,4.31,2.77,5.63,,,,4.72,2.52,6.86,,,,1.0,-1.46,3.55,,,,1.85,0.19,3.39,,,,,,,,,,
2020-06-21,43.71,41.92,45.29,,,,36.49,34.54,37.96,,,,7.37,5.72,8.62,,,,4.33,2.77,5.63,,,,4.73,2.54,6.82,,,,1.0,-1.46,3.5,,,,1.87,0.2,3.39,,,,,,,,,,
2020-06-22,43.63,41.82,45.21,,,,36.54,34.64,38.0,,,,7.37,5.72,8.63,,,,4.35,2.78,5.65,,,,4.74,2.55,6.83,,,,1.0,-1.45,3.48,,,,1.88,0.22,3.4,,,,,,,,,,
2020-06-23,43.54,41.71,45.12,,,,36.59,34.68,38.04,,,,7.36,5.7,8.64,,,,4.37,2.85,5.67,,,,4.75,2.57,6.85,,,,1.0,-1.44,3.46,,,,1.9,0.24,3.4,,,,,,,,,,
2020-06-24,43.46,41.61,45.07,,,,36.63,34.76,38.09,,,,7.36,5.72,8.63,,,,4.39,2.85,5.69,,,,4.76,2.59,6.86,,,,1.01,-1.42,3.44,,,,1.92,0.26,3.39,,,,,,,,,,
2020-06-25,43.38,41.5,44.97,,,,36.67,34.83,38.13,,,,7.36,5.76,8.64,,,,4.4,2.88,5.71,,,,4.78,2.61,6.85,,,,1.01,-1.41,3.42,,,,1.94,0.27,3.39,,,,,,,,,,
2020-06-26,43.3,41.4,44.84,,,,36.72,34.92,38.18,,,,7.35,5.79,8.66,,,,4.42,2.91,5.73,,,,4.79,2.61,6.85,,,,1.01,-1.4,3.4,,,,1.95,0.29,3.41,,,,,,,,,,
2020-06-27,43.22,41.35,44.77,,,,36.76,35.01,38.2,,,,7.35,5.83,8.67,,,,4.44,2.98,5.75,,,,4.8,2.61,6.85,,,,1.01,-1.39,3.39,,,,1.97,0.31,3.43,,,,,,,,,,
2020-06-28,43.15,41.28,44.66,,,,36.8,35.1,38.21,,,,7.35,5.83,8.68,,,,4.45,3.02,5.77,,,,4.81,2.62,6.87,,,,1.01,-1.39,3.32,,,,1.99,0.32,3.46,,,,42.0,40.0,6.0,4.0,4.0,1.0,2.0
2020-06-29,43.07,41.19,44.55,,,,36.84,35.17,38.25,,,,7.35,5.8,8.69,,,,4.47,3.04,5.8,,,,4.82,2.61,6.85,,,,1.01,-1.39,3.24,,,,2.0,0.34,3.48,,,,,,,,,,
2020-06-30,43.0,41.09,44.44,,,,36.89,35.23,38.29,,,,7.35,5.76,8.7,,,,4.49,3.05,5.84,,,,4.83,2.67,6.85,,,,1.01,-1.41,3.22,,,,2.02,0.36,3.5,,,,,,,,,,
2020-07-01,42.92,41.02,44.33,,,,36.93,35.29,38.32,,,,7.34,5.74,8.72,,,,4.5,3.06,5.89,,,,4.83,2.7,6.85,,,,1.02,-1.44,3.2,,,,2.03,0.38,3.52,,,,,,,,,,
2020-07-02,42.85,40.96,44.3,,,,36.97,35.32,38.35,,,,7.34,5.7,8.73,,,,4.52,3.06,5.92,,,,4.84,2.73,6.84,,,,1.02,-1.42,3.15,,,,2.05,0.41,3.54,,,,,,,,,,
2020-07-03,42.78,40.89,44.23,,,,37.01,35.33,38.39,,,,7.34,5.67,8.74,,,,4.53,3.06,5.91,,,,4.85,2.76,6.84,,,,1.02,-1.39,3.14,,,,2.06,0.44,3.56,,,,,,,,,,
2020-07-04,42.71,40.82,44.16,,,,37.05,35.35,38.43,,,,7.34,5.66,8.75,,,,4.55,3.05,5.9,,,,4.86,2.76,6.85,,,,1.02,-1.39,3.13,,,,2.07,0.45,3.58,,,,,,,,,,
2020-07-05,42.64,40.76,44.1,,,,37.09,35.37,38.48,,,,7.33,5.66,8.76,,,,4.56,3.03,5.89,,,,4.87,2.75,6.84,,,,1.02,-1.39,3.13,,,,2.09,0.46,3.62,,,,,,,,,,
2020-07-06,42.57,40.7,44.04,,,,37.13,35.39,38.54,,,,7.33,5.66,8.74,,,,4.58,3.04,5.9,,,,4.88,2.75,6.85,,,,1.02,-1.39,3.14,,,,2.1,0.47,3.65,,,,,,,,,,
2020-07-07,42.5,40.64,43.98,,,,37.17,35.44,38.61,,,,7.33,5.67,8.72,,,,4.59,3.06,5.91,,,,4.89,2.77,6.86,,,,1.03,-1.39,3.14,,,,2.11,0.49,3.64,,,,,,,,,,
2020-07-08,42.44,40.59,43.92,,,,37.21,35.51,38.68,,,,7.33,5.67,8.7,,,,4.6,3.08,5.94,,,,4.89,2.8,6.86,,,,1.03,-1.39,3.14,,,,2.12,0.51,3.64,,,,,,,,,,
2020-07-09,42.37,40.53,43.86,,,,37.24,35.56,38.74,,,,7.32,5.67,8.69,,,,4.61,3.09,5.99,,,,4.9,2.82,6.9,,,,1.03,-1.39,3.13,,,,2.13,0.52,3.68,,,,43.0,37.0,8.0,3.0,5.0,1.0,2.0
2020-07-10,42.31,40.48,43.79,,,,37.28,35.61,38.8,,,,7.32,5.67,8.68,,,,4.63,3.11,6.0,,,,4.91,2.85,6.93,,,,1.03,-1.38,3.1,,,,2.14,0.53,3.7,,,,,,,,,,
2020-07-11,42.25,40.43,43.7,,,,37.32,35.64,38.85,,,,7.32,5.67,8.66,,,,4.64,3.11,5.99,,,,4.92,2.89,6.9,,,,1.04,-1.34,3.12,,,,2.16,0.54,3.72,,,,,,,,,,
2020-07-12,42.19,40.38,43.61,,,,37.36,35.68,38.89,,,,7.31,5.65,8.63,,,,4.65,3.11,6.01,,,,4.92,2.92,6.85,,,,1.04,-1.32,3.11,,,,2.17,0.56,3.74,,,,,,,,,,
2020-07-13,42.13,40.33,43.52,,,,37.39,35.71,38.94,,,,7.31,5.63,8.65,,,,4.66,3.12,6.04,,,,4.93,2.94,6.84,,,,1.04,-1.32,3.09,,,,2.18,0.6,3.77,,,,,,,,,,
2020-07-14,42.07,40.3,43.44,,,,37.43,35.73,38.99,,,,7.3,5.62,8.64,,,,4.68,3.13,6.07,,,,4.93,2.98,6.83,,,,1.04,-1.32,3.1,,,,2.18,0.6,3.78,,,,,,,,,,
2020-07-15,42.02,40.26,43.38,,,,37.46,35.75,39.03,,,,7.3,5.61,8.63,,,,4.69,3.14,6.07,,,,4.94,3.01,6.86,,,,1.04,-1.31,3.11,,,,2.19,0.6,3.8,,,,,,,,,,
2020-07-16,41.96,40.19,43.33,,,,37.5,35.78,39.06,,,,7.3,5.61,8.63,,,,4.7,3.15,6.07,,,,4.95,3.02,6.89,,,,1.05,-1.31,3.05,,,,2.2,0.63,3.81,,,,,,,,,,
2020-07-17,41.91,40.15,43.28,,,,37.53,35.81,39.08,,,,7.29,5.62,8.64,,,,4.71,3.15,6.09,,,,4.95,3.03,6.91,,,,1.05,-1.32,3.05,,,,2.21,0.62,3.82,,,,,,,,,,
2020-07-18,41.86,40.11,43.23,,,,37.57,35.86,39.1,,,,7.28,5.62,8.65,,,,4.72,3.16,6.11,,,,4.95,3.03,6.93,,,,1.05,-1.33,3.05,,,,2.22,0.63,3.84,,,,,,,,,,
2020-07-19,41.8,40.07,43.19,,,,37.6,35.94,39.16,,,,7.28,5.62,8.64,,,,4.73,3.17,6.12,,,,4.96,3.09,6.95,,,,1.05,-1.34,3.0,,,,2.23,0.64,3.85,,,,,,,,,,
2020-07-20,41.75,40.03,43.16,,,,37.64,35.99,39.21,,,,7.27,5.6,8.65,,,,4.74,3.17,6.14,,,,4.96,3.11,6.96,,,,1.05,-1.34,3.04,,,,2.23,0.7,3.86,,,,,,,,,,
2020-07-21,41.7,40.0,43.13,,,,37.67,36.02,39.24,,,,7.27,5.57,8.63,,,,4.75,3.18,6.14,,,,4.97,3.12,6.97,,,,1.06,-1.36,3.08,,,,2.24,0.69,3.87,,,,,,,,,,
2020-07-22,41.65,39.96,43.08,,,,37.71,36.07,39.25,,,,7.26,5.57,8.64,,,,4.76,3.19,6.12,,,,4.97,3.19,6.98,,,,1.06,-1.36,3.11,,,,2.25,0.68,3.9,,,,,,,,,,
2020-07-23,41.6,39.92,43.02,,,,37.74,36.12,39.27,,,,7.25,5.57,8.64,,,,4.78,3.2,6.11,,,,4.97,3.16,6.99,,,,1.06,-1.35,3.15,,,,2.26,0.7,3.92,,,,42.0,38.0,7.0,4.0,5.0,1.0,2.0
2020-07-24,41.55,39.88,42.96,,,,37.78,36.17,39.31,,,,7.25,5.57,8.6,,,,4.79,3.2,6.1,,,,4.97,3.13,7.0,,,,1.06,-1.35,3.18,,,,2.26,0.71,3.92,,,,,,,,,,
2020-07-25,41.5,39.85,42.91,,,,37.81,36.22,39.31,,,,7.24,5.57,8.59,,,,4.8,3.19,6.1,,,,4.98,3.11,7.01,,,,1.06,-1.34,3.21,,,,2.27,0.72,3.93,,,,,,,,,,
2020-07-26,41.46,39.81,42.86,,,,37.84,36.25,39.32,,,,7.23,5.58,8.6,,,,4.81,3.19,6.12,,,,4.98,3.13,7.0,,,,1.07,-1.33,3.22,,,,2.28,0.74,3.93,,,,,,,,,,
2020-07-27,41.41,39.78,42.81,,,,37.88,36.26,39.36,,,,7.23,5.59,8.61,,,,4.82,3.19,6.14,,,,4.98,3.13,6.99,,,,1.07,-1.33,3.23,,,,2.28,0.74,3.93,,,,,,,,,,
2020-07-28,41.36,39.76,42.75,,,,37.91,36.27,39.39,,,,7.22,5.59,8.62,,,,4.83,3.19,6.11,,,,4.98,3.12,6.97,,,,1.07,-1.32,3.29,,,,2.29,0.74,3.94,,,,,,,,,,
2020-07-29,41.31,39.74,42.68,,,,37.95,36.31,39.41,,,,7.21,5.61,8.64,,,,4.84,3.23,6.08,,,,4.98,3.12,6.96,,,,1.07,-1.31,3.25,,,,2.3,0.73,3.94,,,,,,,,,,
2020-07-30,41.27,39.71,42.61,,,,37.98,36.35,39.42,,,,7.2,5.61,8.64,,,,4.85,3.29,6.09,,,,4.98,3.1,6.96,,,,1.07,-1.32,3.26,,,,2.3,0.74,3.94,,,,,,,,,,
2020-07-31,41.22,39.66,42.55,,,,38.01,36.39,39.44,,,,7.2,5.62,8.62,,,,4.87,3.29,6.14,,,,4.98,3.12,6.96,,,,1.07,-1.32,3.27,,,,2.31,0.72,3.95,,,,42.0,35.0,8.0,5.0,6.0,1.0,3.0
2020-08-01,41.18,39.63,42.5,,,,38.05,36.42,39.48,,,,7.19,5.63,8.6,,,,4.88,3.28,6.18,,,,4.98,3.13,6.92,,,,1.07,-1.32,3.28,,,,2.32,0.72,3.95,,,,,,,,,,
2020-08-02,41.13,39.59,42.45,,,,38.08,36.44,39.53,,,,7.18,5.61,8.59,,,,4.89,3.27,6.23,,,,4.98,3.09,6.91,,,,1.08,-1.32,3.26,,,,2.32,0.72,3.96,,,,,,,,,,
2020-08-03,41.09,39.55,42.41,,,,38.12,36.47,39.59,,,,7.17,5.58,8.57,,,,4.9,3.26,6.23,,,,4.98,3.09,6.9,,,,1.08,-1.3,3.21,,,,2.33,0.75,3.96,,,,,,,,,,
2020-08-04,41.04,39.52,42.37,,,,38.15,36.51,39.66,,,,7.17,5.57,8.56,,,,4.91,3.25,6.23,,,,4.98,3.08,6.88,,,,1.08,-1.27,3.22,,,,2.33,0.78,3.96,,,,,,,,,,
2020-08-05,41.0,39.47,42.32,,,,38.18,36.57,39.71,,,,7.16,5.56,8.54,,,,4.92,3.27,6.26,,,,4.98,3.07,6.85,,,,1.08,-1.32,3.23,,,,2.34,0.79,3.97,,,,38.0,39.0,9.0,6.0,4.0,1.0,3.0
2020-08-06,40.95,39.41,42.27,,,,38.22,36.61,39.78,,,,7.15,5.55,8.51,,,,4.93,3.3,6.29,,,,4.98,3.06,6.82,,,,1.08,-1.34,3.24,,,,2.34,0.8,3.93,,,,,,,,,,
2020-08-07,40.91,39.35,42.23,,,,38.25,36.63,39.85,,,,7.14,5.55,8.49,,,,4.94,3.34,6.3,,,,4.98,3.06,6.84,,,,1.08,-1.3,3.25,,,,2.35,0.81,3.88,,,,,,,,,,
2020-08-08,40.86,39.32,42.18,,,,38.28,36.65,39.88,,,,7.14,5.54,8.49,,,,4.96,3.38,6.29,,,,4.98,3.05,6.86,,,,1.08,-1.26,3.29,,,,2.35,0.81,3.84,,,,,,,,,,
2020-08-09,40.82,39.26,42.16,,,,38.32,36.68,39.92,,,,7.13,5.53,8.5,,,,4.97,3.43,6.29,,,,4.98,3.05,6.85,,,,1.08,-1.29,3.32,,,,2.36,0.82,3.8,,,,,,,,,,
2020-08-10,40.77,39.21,42.18,,,,38.35,36.7,39.96,,,,7.12,5.54,8.52,,,,4.98,3.47,6.28,,,,4.98,3.09,6.85,,,,1.08,-1.37,3.33,,,,2.36,0.83,3.82,,,,,,,,,,
2020-08-11,40.73,39.17,42.12,,,,38.39,36.74,40.01,,,,7.12,5.56,8.53,,,,4.99,3.48,6.3,,,,4.98,3.1,6.86,,,,1.08,-1.38,3.32,,,,2.37,0.83,3.85,,,,,,,,,,
2020-08-12,40.68,39.12,42.04,,,,38.42,36.8,40.04,,,,7.11,5.58,8.52,,,,5.0,3.48,6.32,,,,4.98,3.11,6.91,,,,1.08,-1.38,3.31,,,,2.37,0.84,3.88,,,,43.0,36.0,6.0,6.0,6.0,1.0,3.0
2020-08-13,40.64,39.09,42.0,,,,38.46,36.86,40.08,,,,7.1,5.6,8.53,,,,5.01,3.49,6.35,,,,4.98,3.12,6.91,,,,1.08,-1.39,3.3,,,,2.38,0.86,3.9,,,,,,,,,,
2020-08-14,40.59,39.06,41.98,,,,38.49,36.92,40.11,,,,7.1,5.6,8.55,,,,5.02,3.5,6.37,,,,4.97,3.12,6.91,,,,1.08,-1.4,3.29,,,,2.38,0.88,3.93,,,,,,,,,,
2020-08-15,40.55,39.01,41.96,,,,38.52,36.98,40.16,,,,7.09,5.59,8.57,,,,5.03,3.51,6.36,,,,4.97,3.14,6.95,,,,1.08,-1.37,3.27,,,,2.39,0.89,3.95,,,,,,,,,,
2020-08-16,40.5,38.96,41.94,,,,38.56,37.03,40.2,,,,7.08,5.59,8.59,,,,5.04,3.51,6.43,,,,4.97,3.14,6.96,,,,1.08,-1.34,3.26,,,,2.39,0.9,3.95,,,,,,,,,,
2020-08-17,40.46,38.92,41.91,,,,38.59,37.07,40.24,,,,7.08,5.63,8.6,,,,5.05,3.51,6.45,,,,4.97,3.15,6.95,,,,1.09,-1.32,3.25,,,,2.4,0.9,3.94,,,,,,,,,,
2020-08-18,40.41,38.87,41.89,,,,38.63,37.16,40.26,,,,7.07,5.65,8.61,,,,5.06,3.52,6.46,,,,4.97,3.15,6.94,,,,1.09,-1.29,3.25,,,,2.4,0.9,3.93,,,,,,,,,,
2020-08-19,40.36,38.82,41.86,,,,38.66,37.21,40.27,,,,7.07,5.62,8.62,,,,5.07,3.52,6.44,,,,4.97,3.15,6.94,,,,1.09,-1.24,3.25,,,,2.41,0.92,3.92,,,,39.0,39.0,6.0,7.0,4.0,1.0,4.0
2020-08-20,40.32,38.78,41.83,,,,38.7,37.26,40.29,,,,7.06,5.59,8.63,,,,5.07,3.53,6.42,,,,4.97,3.14,6.95,,,,1.09,-1.2,3.25,,,,2.41,0.91,3.92,,,,,,,,,,
2020-08-21,40.27,38.73,41.79,,,,38.74,37.29,40.3,,,,7.06,5.57,8.64,,,,5.08,3.53,6.43,,,,4.97,3.13,6.96,,,,1.09,-1.15,3.25,,,,2.42,0.91,3.91,,,,,,,,,,
2020-08-22,40.22,38.69,41.75,,,,38.77,37.32,40.32,,,,7.06,5.55,8.62,,,,5.09,3.55,6.41,,,,4.96,3.12,6.97,,,,1.09,-1.14,3.24,,,,2.42,0.94,3.9,,,,,,,,,,
2020-08-23,40.17,38.64,41.7,,,,38.81,37.35,40.34,,,,7.05,5.54,8.59,,,,5.1,3.58,6.45,,,,4.96,3.1,6.97,,,,1.09,-1.07,3.24,,,,2.43,0.97,3.91,,,,,,,,,,
2020-08-24,40.12,38.59,41.65,,,,38.85,37.39,40.35,,,,7.05,5.57,8.57,,,,5.11,3.65,6.49,,,,4.96,3.09,6.98,,,,1.09,-1.02,3.24,,,,2.43,0.97,3.9,,,,,,,,,,
2020-08-25,40.07,38.55,41.58,,,,38.88,37.42,40.4,,,,7.04,5.56,8.57,,,,5.12,3.66,6.54,,,,4.96,3.08,6.98,,,,1.08,-0.99,3.24,,,,2.43,0.96,3.87,,,,41.0,37.0,7.0,5.0,7.0,1.0,2.0
2020-08-26,40.02,38.51,41.54,,,,38.92,37.44,40.48,,,,7.04,5.53,8.61,,,,5.12,3.66,6.59,,,,4.96,3.09,6.99,,,,1.08,-0.99,3.23,,,,2.44,0.96,3.85,,,,,,,,,,
2020-08-27,39.97,38.47,41.49,,,,38.96,37.44,40.54,,,,7.03,5.52,8.59,,,,5.13,3.67,6.6,,,,4.96,3.08,6.98,,,,1.08,-1.0,3.23,,,,2.44,0.95,3.84,,,,,,,,,,
2020-08-28,39.92,38.44,41.43,,,,39.0,37.45,40.62,,,,7.03,5.52,8.57,,,,5.14,3.68,6.61,,,,4.95,3.1,6.98,,,,1.08,-0.98,3.23,,,,2.45,0.95,3.85,,,,,,,,,,
2020-08-29,39.86,38.41,41.38,,,,39.04,37.49,40.65,,,,7.03,5.51,8.54,,,,5.15,3.71,6.62,,,,4.95,3.11,6.96,,,,1.08,-0.97,3.23,,,,2.45,0.95,3.84,,,,,,,,,,
2020-08-30,39.81,38.37,41.31,,,,39.08,37.53,40.67,,,,7.02,5.51,8.52,,,,5.16,3.7,6.63,,,,4.95,3.08,6.93,,,,1.08,-0.97,3.23,,,,2.46,0.95,3.83,,,,,,,,,,
2020-08-31,39.75,38.32,41.25,,,,39.12,37.57,40.76,,,,7.02,5.52,8.51,,,,5.16,3.73,6.64,,,,4.95,3.05,6.89,,,,1.08,-0.96,3.22,,,,2.46,0.99,3.82,,,,,,,,,,
2020-09-01,39.7,38.28,41.19,,,,39.16,37.62,40.86,,,,7.02,5.52,8.5,,,,5.17,3.76,6.64,,,,4.94,3.0,6.89,,,,1.08,-0.95,3.23,,,,2.47,1.0,3.81,,,,,,,,,,
2020-09-02,39.64,38.23,41.12,,,,39.2,37.66,40.96,,,,7.01,5.53,8.5,,,,5.18,3.76,6.65,,,,4.94,2.99,6.9,,,,1.08,-0.94,3.24,,,,2.48,0.99,3.8,,,,,,,,,,
2020-09-03,39.59,38.19,41.06,,,,39.24,37.7,41.0,,,,7.01,5.53,8.5,,,,5.18,3.75,6.65,,,,4.94,3.03,6.92,,,,1.08,-0.93,3.25,,,,2.48,0.98,3.79,,,,,,,,,,
2020-09-04,39.53,38.13,41.02,,,,39.28,37.75,41.03,,,,7.01,5.51,8.49,,,,5.19,3.74,6.65,,,,4.94,3.0,6.93,,,,1.08,-0.92,3.25,,,,2.49,0.99,3.78,,,,42.0,37.0,8.0,4.0,5.0,,2.0
2020-09-05,39.47,38.06,40.99,,,,39.32,37.77,41.06,,,,7.0,5.49,8.48,,,,5.2,3.73,6.66,,,,4.93,2.97,6.94,,,,1.08,-0.89,3.24,,,,2.49,1.02,3.77,,,,,,,,,,
2020-09-06,39.41,37.99,40.95,,,,39.36,37.81,41.1,,,,7.0,5.47,8.46,,,,5.2,3.73,6.66,,,,4.93,2.95,6.95,,,,1.08,-0.83,3.24,,,,2.5,1.06,3.75,,,,,,,,,,
2020-09-07,39.35,37.93,40.9,,,,39.41,37.85,41.13,,,,7.0,5.45,8.44,,,,5.21,3.74,6.66,,,,4.93,2.93,6.94,,,,1.08,-0.78,3.25,,,,2.5,1.08,3.74,,,,,,,,,,
2020-09-08,39.29,37.84,40.84,,,,39.45,37.91,41.17,,,,6.99,5.43,8.42,,,,5.21,3.75,6.66,,,,4.92,2.97,6.94,,,,1.08,-0.78,3.26,,,,2.51,1.11,3.74,,,,,,,,,,
2020-09-09,39.23,37.75,40.79,,,,39.49,37.97,41.2,,,,6.99,5.41,8.39,,,,5.22,3.75,6.66,,,,4.92,2.98,6.94,,,,1.08,-0.77,3.26,,,,2.52,1.13,3.72,,,,41.0,39.0,7.0,5.0,5.0,2.0,2.0
2020-09-10,39.17,37.68,40.74,,,,39.54,38.03,41.24,,,,6.99,5.4,8.37,,,,5.23,3.76,6.67,,,,4.92,2.95,6.93,,,,1.08,-0.77,3.27,,,,2.52,1.14,3.73,,,,,,,,,,
2020-09-11,39.11,37.61,40.68,,,,39.58,38.06,41.27,,,,6.98,5.4,8.37,,,,5.23,3.76,6.7,,,,4.91,2.92,6.93,,,,1.08,-0.77,3.28,,,,2.53,1.13,3.72,,,,,,,,,,
2020-09-12,39.05,37.54,40.63,,,,39.62,38.08,41.3,,,,6.98,5.4,8.4,,,,5.24,3.76,6.68,,,,4.91,2.9,6.94,,,,1.08,-0.76,3.28,,,,2.54,1.13,3.71,,,,,,,,,,
2020-09-13,38.99,37.5,40.57,,,,39.67,38.11,41.34,,,,6.98,5.39,8.43,,,,5.24,3.75,6.66,,,,4.91,2.89,6.92,,,,1.08,-0.76,3.28,,,,2.54,1.12,3.72,,,,,,,,,,
2020-09-14,38.92,37.45,40.52,,,,39.71,38.15,41.38,,,,6.97,5.37,8.43,,,,5.25,3.75,6.67,,,,4.9,2.87,6.9,,,,1.08,-0.76,3.31,,,,2.55,1.14,3.73,,,,,,,,,,
2020-09-15,38.86,37.39,40.47,,,,39.76,38.18,41.45,,,,6.97,5.38,8.43,,,,5.25,3.74,6.67,,,,4.9,2.88,6.87,,,,1.08,-0.73,3.35,,,,2.56,1.15,3.74,,,,,,,,,,
2020-09-16,38.8,37.32,40.41,,,,39.8,38.22,41.5,,,,6.97,5.39,8.42,,,,5.25,3.74,6.67,,,,4.9,2.93,6.85,,,,1.08,-0.73,3.39,,,,2.56,1.17,3.76,,,,,,,,,,
2020-09-17,38.73,37.26,40.36,,,,39.85,38.26,41.54,,,,6.97,5.39,8.41,,,,5.26,3.75,6.68,,,,4.89,2.95,6.88,,,,1.08,-0.76,3.43,,,,2.57,1.18,3.77,,,,37.0,43.0,8.0,5.0,5.0,,1.0
2020-09-18,38.67,37.2,40.3,,,,39.89,38.3,41.57,,,,6.96,5.39,8.4,,,,5.26,3.78,6.69,,,,4.89,2.95,6.86,,,,1.08,-0.76,3.47,,,,2.58,1.19,3.8,,,,,,,,,,
2020-09-19,38.6,37.14,40.23,,,,39.94,38.34,41.62,,,,6.96,5.38,8.39,,,,5.27,3.8,6.69,,,,4.88,2.93,6.87,,,,1.08,-0.72,3.45,,,,2.59,1.17,3.83,,,,,,,,,,
2020-09-20,38.54,37.07,40.14,,,,39.98,38.38,41.64,,,,6.96,5.37,8.38,,,,5.27,3.82,6.7,,,,4.88,2.9,6.89,,,,1.08,-0.67,3.44,,,,2.59,1.16,3.86,,,,,,,,,,
2020-09-21,38.47,37.0,40.11,,,,40.03,38.42,41.69,,,,6.96,5.36,8.39,,,,5.27,3.81,6.74,,,,4.88,2.87,6.89,,,,1.08,-0.67,3.42,,,,2.6,1.18,3.82,,,,,,,,,,
2020-09-22,38.41,36.94,40.06,,,,40.07,38.47,41.71,,,,6.95,5.35,8.4,,,,5.28,3.8,6.77,,,,4.87,2.84,6.91,,,,1.08,-0.69,3.4,,,,2.61,1.2,3.83,,,,,,,,,,
2020-09-23,38.34,36.88,40.0,,,,40.12,38.51,41.76,,,,6.95,5.33,8.41,,,,5.28,3.81,6.79,,,,4.86,2.81,6.92,,,,1.08,-0.71,3.39,,,,2.62,1.2,3.84,,,,,,,,,,
2020-09-24,38.28,36.8,39.93,,,,40.16,38.55,41.83,,,,6.95,5.31,8.42,,,,5.28,3.83,6.79,,,,4.86,2.78,6.93,,,,1.08,-0.72,3.36,,,,2.62,1.2,3.84,,,,41.0,38.0,7.0,5.0,4.0,1.0,2.0
2020-09-25,38.21,36.74,39.87,,,,40.2,38.59,41.9,,,,6.95,5.32,8.43,,,,5.28,3.85,6.79,,,,4.85,2.76,6.94,,,,1.08,-0.72,3.34,,,,2.63,1.21,3.84,,,,,,,,,,
2020-09-26,38.15,36.68,39.81,,,,40.25,38.64,41.95,,,,6.95,5.32,8.43,,,,5.29,3.87,6.79,,,,4.85,2.78,6.95,,,,1.08,-0.75,3.33,,,,2.64,1.22,3.85,,,,,,,,,,
2020-09-27,38.08,36.6,39.76,,,,40.29,38.68,41.98,,,,6.95,5.34,8.42,,,,5.29,3.86,6.79,,,,4.84,2.8,6.9,,,,1.08,-0.79,3.35,,,,2.65,1.25,3.87,,,,,,,,,,
2020-09-28,38.02,36.5,39.7,,,,40.33,38.73,42.01,,,,6.95,5.35,8.4,,,,5.29,3.83,6.79,,,,4.84,2.83,6.86,,,,1.08,-0.75,3.35,,,,2.66,1.26,3.89,,,,,,,,,,
2020-09-29,37.95,36.46,39.64,,,,40.38,38.79,42.04,,,,6.95,5.37,8.41,,,,5.29,3.82,6.79,,,,4.83,2.82,6.87,,,,1.08,-0.72,3.34,,,,2.66,1.26,3.89,,,,,,,,,,
2020-09-30,37.89,36.4,39.58,,,,40.42,38.85,42.09,,,,6.95,5.35,8.42,,,,5.29,3.84,6.78,,,,4.82,2.8,6.88,,,,1.08,-0.68,3.34,,,,2.67,1.28,3.88,,,,38.0,41.0,5.0,6.0,5.0,1.0,3.0
2020-10-01,37.82,36.3,39.52,,,,40.46,38.9,42.14,,,,6.95,5.34,8.43,,,,5.3,3.85,6.76,,,,4.82,2.8,6.89,,,,1.08,-0.72,3.36,,,,2.68,1.3,3.88,,,,,,,,,,
2020-10-02,37.76,36.2,39.46,,,,40.51,38.96,42.18,,,,6.95,5.35,8.43,,,,5.3,3.87,6.76,,,,4.81,2.81,6.9,,,,1.08,-0.76,3.33,,,,2.69,1.32,3.89,,,,,,,,,,
2020-10-03,37.69,36.09,39.4,,,,40.55,39.03,42.23,,,,6.95,5.38,8.41,,,,5.3,3.88,6.76,,,,4.8,2.81,6.88,,,,1.08,-0.8,3.27,,,,2.7,1.34,3.9,,,,,,,,,,
2020-10-04,37.63,35.98,39.34,,,,40.59,39.08,42.25,,,,6.95,5.4,8.39,,,,5.3,3.86,6.77,,,,4.79,2.81,6.86,,,,1.08,-0.84,3.26,,,,2.7,1.35,3.91,,,,,,,,,,
2020-10-05,37.57,35.91,39.27,,,,40.63,39.13,42.27,,,,6.95,5.43,8.37,,,,5.3,3.84,6.77,,,,4.79,2.81,6.84,,,,1.08,-0.88,3.25,,,,2.71,1.37,3.92,,,,,,,,,,
2020-10-06,37.5,35.85,39.2,,,,40.68,39.17,42.29,,,,6.95,5.46,8.37,,,,5.31,3.83,6.78,,,,4.78,2.81,6.83,,,,1.07,-0.86,3.24,,,,2.72,1.39,3.95,,,,,,,,,,
2020-10-07,37.44,35.78,39.15,,,,40.72,39.2,42.31,,,,6.95,5.45,8.35,,,,5.31,3.81,6.81,,,,4.77,2.8,6.8,,,,1.07,-0.85,3.25,,,,2.73,1.41,3.98,,,,40.0,42.0,5.0,5.0,4.0,1.0,2.0
2020-10-08,37.38,35.71,39.08,,,,40.76,39.24,42.33,,,,6.95,5.44,8.35,,,,5.31,3.8,6.79,,,,4.76,2.8,6.77,,,,1.07,-0.83,3.26,,,,2.74,1.43,4.01,,,,,,,,,,
2020-10-09,37.32,35.65,39.0,,,,40.8,39.28,42.35,,,,6.95,5.42,8.36,,,,5.31,3.78,6.78,,,,4.75,2.79,6.79,,,,1.07,-0.82,3.27,,,,2.74,1.44,4.03,,,,,,,,,,
2020-10-10,37.25,35.59,38.94,,,,40.84,39.32,42.37,,,,6.95,5.4,8.36,,,,5.32,3.77,6.79,,,,4.75,2.79,6.79,,,,1.07,-0.8,3.29,,,,2.75,1.46,4.05,,,,,,,,,,
2020-10-11,37.19,35.54,38.87,,,,40.88,39.35,42.39,,,,6.96,5.39,8.36,,,,5.32,3.75,6.79,,,,4.74,2.75,6.75,,,,1.07,-0.79,3.3,,,,2.76,1.48,4.08,,,,,,,,,,
2020-10-12,37.13,35.48,38.8,,,,40.92,39.37,42.44,,,,6.96,5.4,8.37,,,,5.32,3.76,6.78,,,,4.73,2.73,6.71,,,,1.07,-0.79,3.31,,,,2.77,1.49,4.09,,,,,,,,,,
2020-10-13,37.07,35.4,38.74,,,,40.96,39.4,42.5,,,,6.96,5.42,8.4,,,,5.32,3.78,6.78,,,,4.72,2.72,6.66,,,,1.07,-0.8,3.32,,,,2.77,1.51,4.1,,,,,,,,,,
2020-10-14,37.01,35.32,38.66,,,,41.0,39.43,42.55,,,,6.96,5.43,8.42,,,,5.33,3.81,6.78,,,,4.71,2.74,6.62,,,,1.07,-0.83,3.33,,,,2.78,1.51,4.11,,,,,,,,,,
2020-10-15,36.95,35.25,38.58,,,,41.04,39.46,42.6,,,,6.96,5.45,8.44,,,,5.33,3.83,6.78,,,,4.7,2.73,6.58,,,,1.07,-0.79,3.34,,,,2.79,1.52,4.12,,,,35.0,42.0,7.0,6.0,5.0,1.0,4.0
2020-10-16,36.9,35.2,38.53,,,,41.07,39.48,42.66,,,,6.96,5.45,8.45,,,,5.33,3.85,6.78,,,,4.69,2.72,6.55,,,,1.07,-0.8,3.36,,,,2.8,1.52,4.12,,,,,,,,,,
2020-10-17,36.84,35.15,38.49,,,,41.11,39.51,42.71,,,,6.96,5.43,8.44,,,,5.34,3.87,6.78,,,,4.69,2.71,6.57,,,,1.06,-0.76,3.36,,,,2.8,1.52,4.13,,,,,,,,,,
2020-10-18,36.78,35.11,38.43,,,,41.15,39.54,42.75,,,,6.97,5.45,8.44,,,,5.34,3.89,6.78,,,,4.68,2.7,6.6,,,,1.06,-0.73,3.35,,,,2.81,1.53,4.13,,,,,,,,,,
2020-10-19,36.73,35.03,38.38,,,,41.18,39.58,42.8,,,,6.97,5.47,8.42,,,,5.34,3.9,6.77,,,,4.67,2.68,6.64,,,,1.06,-0.7,3.34,,,,2.82,1.55,4.14,,,,,,,,,,
2020-10-20,36.67,34.97,38.33,,,,41.22,39.61,42.84,,,,6.97,5.5,8.41,,,,5.35,3.88,6.77,,,,4.66,2.66,6.68,,,,1.06,-0.68,3.31,,,,2.82,1.53,4.14,,,,,,,,,,
2020-10-21,36.62,34.92,38.28,,,,41.25,39.66,42.88,,,,6.97,5.5,8.42,,,,5.35,3.86,6.77,,,,4.65,2.64,6.72,,,,1.06,-0.69,3.3,,,,2.83,1.54,4.17,,,,,,,,,,
2020-10-22,36.57,34.88,38.22,,,,41.28,39.7,42.91,,,,6.98,5.49,8.43,,,,5.36,3.84,6.79,,,,4.64,2.64,6.76,,,,1.06,-0.7,3.31,,,,2.84,1.55,4.18,,,,38.0,42.0,8.0,4.0,4.0,1.0,1.0
2020-10-23,36.51,34.83,38.15,,,,41.31,39.74,42.94,,,,6.98,5.47,8.46,,,,5.36,3.86,6.82,,,,4.64,2.65,6.78,,,,1.06,-0.7,3.34,,,,2.85,1.53,4.17,,,,,,,,,,
2020-10-24,36.46,34.77,38.08,,,,41.35,39.77,42.97,,,,6.98,5.45,8.48,,,,5.37,3.87,6.84,,,,4.63,2.6,6.77,,,,1.05,-0.7,3.37,,,,2.85,1.51,4.18,,,,,,,,,,
2020-10-25,36.41,34.7,38.03,,,,41.38,39.81,43.0,,,,6.98,5.43,8.45,,,,5.37,3.88,6.85,,,,4.62,2.56,6.75,,,,1.05,-0.72,3.4,,,,2.86,1.49,4.17,,,,,,,,,,
2020-10-26,36.36,34.63,37.97,,,,41.4,39.84,43.03,,,,6.98,5.4,8.42,,,,5.38,3.9,6.84,,,,4.61,2.54,6.73,,,,1.05,-0.73,3.44,,,,2.87,1.49,4.22,,,,,,,,,,
2020-10-27,36.31,34.57,37.92,,,,41.43,39.88,43.05,,,,6.99,5.38,8.4,,,,5.39,3.92,6.83,,,,4.61,2.53,6.71,,,,1.05,-0.74,3.48,,,,2.87,1.49,4.25,,,,,,,,,,
2020-10-28,36.26,34.52,37.86,,,,41.46,39.92,43.07,,,,6.99,5.39,8.41,,,,5.39,3.94,6.82,,,,4.6,2.53,6.7,,,,1.05,-0.78,3.52,,,,2.88,1.52,4.28,,,,,,,,,,
2020-10-29,36.21,34.47,37.8,,,,41.49,39.95,43.09,,,,6.99,5.41,8.42,,,,5.4,3.93,6.81,,,,4.59,2.53,6.7,,,,1.05,-0.8,3.54,,,,2.89,1.54,4.32,,,,34.0,43.0,7.0,6.0,5.0,1.0,3.0
2020-10-30,36.17,34.42,37.75,,,,41.51,39.99,43.11,,,,6.99,5.4,8.42,,,,5.41,3.91,6.83,,,,4.59,2.53,6.71,,,,1.04,-0.78,3.55,,,,2.9,1.56,4.36,,,,,,,,,,
2020-10-31,36.12,34.37,37.69,,,,41.54,40.03,43.12,,,,6.99,5.35,8.43,,,,5.42,3.89,6.86,,,,4.58,2.5,6.72,,,,1.04,-0.79,3.57,,,,2.9,1.59,4.37,,,,,,,,,,
2020-11-01,36.07,34.32,37.64,,,,41.56,40.07,43.14,,,,7.0,5.37,8.44,,,,5.43,3.88,6.83,,,,4.57,2.53,6.7,,,,1.04,-0.8,3.58,,,,2.91,1.62,4.37,,,,,,,,,,
2020-11-02,36.03,34.27,37.58,,,,41.59,40.08,43.15,,,,7.0,5.39,8.43,,,,5.44,3.91,6.84,,,,4.57,2.52,6.66,,,,1.04,-0.81,3.59,,,,2.92,1.63,4.37,,,,,,,,,,
2020-11-03,35.98,34.2,37.53,,,,41.61,40.1,43.16,,,,7.0,5.41,8.4,,,,5.44,3.88,6.86,,,,4.56,2.5,6.67,,,,1.04,-0.83,3.61,,,,2.92,1.64,4.37,,,,,,,,,,
2020-11-04,35.94,34.1,37.48,,,,41.63,40.14,43.17,,,,7.0,5.4,8.37,,,,5.45,3.85,6.87,,,,4.55,2.49,6.62,,,,1.03,-0.84,3.62,,,,2.93,1.64,4.36,,,,,,,,,,
2020-11-05,35.9,34.06,37.45,,,,41.65,40.2,43.18,,,,7.0,5.4,8.36,,,,5.46,3.81,6.89,,,,4.55,2.43,6.62,,,,1.03,-0.84,3.63,,,,2.94,1.65,4.36,,,,33.0,42.0,8.0,5.0,5.0,1.0,4.0
2020-11-06,35.85,34.03,37.44,,,,41.67,40.22,43.2,,,,7.0,5.4,8.35,,,,5.47,3.78,6.91,,,,4.54,2.35,6.65,,,,1.03,-0.86,3.64,,,,2.94,1.67,4.38,,,,,,,,,,
2020-11-07,35.81,34.0,37.42,,,,41.69,40.23,43.19,,,,7.0,5.39,8.37,,,,5.49,3.75,6.92,,,,4.54,2.33,6.66,,,,1.03,-0.87,3.64,,,,2.95,1.7,4.41,,,,,,,,,,
2020-11-08,35.77,33.97,37.37,,,,41.71,40.26,43.2,,,,7.0,5.39,8.32,,,,5.5,3.76,6.94,,,,4.53,2.34,6.65,,,,1.03,-0.88,3.65,,,,2.96,1.72,4.4,,,,,,,,,,
2020-11-09,35.73,33.94,37.28,,,,41.73,40.3,43.23,,,,7.0,5.38,8.28,,,,5.51,3.77,6.95,,,,4.53,2.34,6.64,,,,1.03,-0.9,3.65,,,,2.97,1.72,4.41,,,,,,,,,,
2020-11-10,35.69,33.92,37.2,,,,41.75,40.31,43.26,,,,6.99,5.39,8.24,,,,5.52,3.79,6.96,,,,4.53,2.35,6.65,,,,1.02,-0.91,3.66,,,,2.97,1.71,4.41,,,,,,,,,,
2020-11-11,35.65,33.91,37.12,,,,41.77,40.33,43.28,,,,6.99,5.41,8.25,,,,5.53,3.8,6.97,,,,4.52,2.34,6.64,,,,1.02,-0.92,3.65,,,,2.98,1.7,4.39,,,,,,,,,,
2020-11-12,35.61,33.88,37.08,,,,41.78,40.33,43.28,,,,6.99,5.42,8.28,,,,5.54,3.82,6.98,,,,4.52,2.31,6.62,,,,1.02,-0.92,3.65,,,,2.98,1.69,4.38,,,,32.0,46.0,6.0,5.0,4.0,1.0,3.0
2020-11-13,35.58,33.86,37.04,,,,41.8,40.32,43.31,,,,6.99,5.38,8.32,,,,5.55,3.83,6.99,,,,4.52,2.3,6.6,,,,1.02,-0.91,3.65,,,,2.99,1.68,4.39,,,,,,,,,,
2020-11-14,35.54,33.84,37.0,,,,41.81,40.31,43.34,,,,6.99,5.36,8.34,,,,5.56,3.83,7.0,,,,4.51,2.28,6.61,,,,1.02,-0.9,3.65,,,,3.0,1.69,4.41,,,,,,,,,,
2020-11-15,35.51,33.83,36.96,,,,41.83,40.32,43.34,,,,6.99,5.36,8.37,,,,5.57,3.83,7.01,,,,4.51,2.25,6.62,,,,1.02,-0.88,3.65,,,,3.0,1.7,4.43,,,,,,,,,,
2020-11-16,35.47,33.82,36.92,,,,41.84,40.32,43.35,,,,6.99,5.35,8.4,,,,5.58,3.83,7.02,,,,4.51,2.27,6.63,,,,1.01,-0.87,3.63,,,,3.01,1.72,4.44,,,,,,,,,,
2020-11-17,35.44,33.79,36.89,,,,41.85,40.3,43.38,,,,6.98,5.33,8.43,,,,5.59,3.86,7.02,,,,4.5,2.29,6.65,,,,1.01,-0.86,3.59,,,,3.01,1.71,4.46,,,,,,,,,,
2020-11-18,35.41,33.76,36.86,,,,41.86,40.28,43.4,,,,6.98,5.3,8.46,,,,5.6,3.89,7.04,,,,4.5,2.31,6.68,,,,1.01,-0.85,3.56,,,,3.02,1.7,4.49,,,,35.0,40.0,7.0,6.0,5.0,,4.0
2020-11-19,35.38,33.73,36.84,,,,41.87,40.25,43.38,,,,6.98,5.27,8.47,,,,5.61,3.91,7.08,,,,4.5,2.33,6.67,,,,1.01,-0.84,3.53,,,,3.02,1.68,4.51,,,,,,,,,,
2020-11-20,35.35,33.7,36.82,,,,41.88,40.23,43.38,,,,6.98,5.28,8.46,,,,5.62,3.92,7.13,,,,4.5,2.35,6.68,,,,1.01,-0.84,3.49,,,,3.03,1.69,4.53,,,,,,,,,,
2020-11-21,35.33,33.67,36.8,,,,41.88,40.21,43.38,,,,6.98,5.29,8.44,,,,5.63,3.92,7.19,,,,4.5,2.36,6.69,,,,1.01,-0.85,3.47,,,,3.03,1.71,4.57,,,,,,,,,,
2020-11-22,35.3,33.61,36.78,,,,41.89,40.2,43.37,,,,6.97,5.3,8.43,,,,5.64,3.92,7.18,,,,4.49,2.37,6.68,,,,1.01,-0.81,3.44,,,,3.03,1.72,4.6,,,,,,,,,,
2020-11-23,35.28,33.58,36.76,,,,41.89,40.18,43.38,,,,6.97,5.29,8.41,,,,5.65,3.91,7.16,,,,4.49,2.38,6.68,,,,1.01,-0.8,3.47,,,,3.04,1.73,4.6,,,,,,,,,,
2020-11-24,35.26,33.5,36.74,,,,41.89,40.17,43.35,,,,6.97,5.27,8.4,,,,5.66,3.9,7.14,,,,4.49,2.39,6.67,,,,1.0,-0.79,3.49,,,,3.04,1.74,4.62,,,,,,,,,,
2020-11-25,35.24,33.44,36.73,,,,41.9,40.17,43.35,,,,6.97,5.26,8.42,,,,5.67,3.9,7.15,,,,4.49,2.39,6.65,,,,1.0,-0.79,3.46,,,,3.04,1.75,4.64,,,,,,,,,,
2020-11-26,35.22,33.4,36.71,,,,41.89,40.19,43.35,,,,6.97,5.24,8.43,,,,5.68,3.92,7.18,,,,4.49,2.41,6.61,,,,1.0,-0.78,3.42,,,,3.05,1.77,4.62,,,,,,,,,,
2020-11-27,35.21,33.39,36.68,,,,41.89,40.15,43.34,,,,6.97,5.22,8.44,,,,5.69,3.91,7.22,,,,4.49,2.37,6.65,,,,1.0,-0.77,3.41,,,,3.05,1.77,4.6,,,,32.0,43.0,7.0,5.0,5.0,1.0,5.0
2020-11-28,35.19,33.39,36.66,,,,41.89,40.15,43.34,,,,6.96,5.21,8.45,,,,5.7,3.95,7.23,,,,4.49,2.35,6.64,,,,1.0,-0.78,3.43,,,,3.05,1.77,4.58,,,,,,,,,,
2020-11-29,35.18,33.39,36.67,,,,41.88,40.15,43.37,,,,6.96,5.21,8.45,,,,5.71,3.98,7.23,,,,4.49,2.36,6.64,,,,1.0,-0.82,3.4,,,,3.05,1.76,4.61,,,,,,,,,,
2020-11-30,35.17,33.37,36.66,,,,41.88,40.14,43.36,,,,6.96,5.23,8.46,,,,5.72,4.0,7.24,,,,4.49,2.34,6.63,,,,1.0,-0.85,3.37,,,,3.05,1.76,4.65,,,,,,,,,,
2020-12-01,35.16,33.41,36.65,,,,41.87,40.14,43.35,,,,6.96,5.24,8.45,,,,5.73,4.02,7.27,,,,4.49,2.31,6.62,,,,1.0,-0.89,3.34,,,,3.05,1.76,4.67,,,,,,,,,,
2020-12-02,35.15,33.4,36.64,,,,41.86,40.14,43.34,,,,6.96,5.24,8.46,,,,5.74,4.04,7.29,,,,4.49,2.28,6.58,,,,1.0,-0.9,3.33,,,,3.05,1.75,4.67,,,,,,,,,,
2020-12-03,35.14,33.42,36.65,,,,41.85,40.14,43.36,,,,6.96,5.25,8.46,,,,5.75,4.06,7.31,,,,4.49,2.25,6.55,,,,1.0,-0.88,3.32,,,,3.05,1.75,4.67,,,,35.0,41.0,7.0,6.0,5.0,1.0,2.0
2020-12-04,35.14,33.43,36.67,,,,41.84,40.16,43.35,,,,6.96,5.28,8.46,,,,5.76,4.07,7.35,,,,4.49,2.23,6.51,,,,1.0,-0.89,3.28,,,,3.06,1.74,4.67,,,,,,,,,,
2020-12-05,35.14,33.44,36.68,,,,41.83,40.19,43.35,,,,6.96,5.31,8.45,,,,5.77,4.07,7.4,,,,4.49,2.21,6.48,,,,1.0,-0.91,3.27,,,,3.05,1.73,4.67,,,,,,,,,,
2020-12-06,35.14,33.46,36.68,,,,41.81,40.19,43.35,,,,6.96,5.34,8.41,,,,5.78,4.08,7.4,,,,4.49,2.25,6.49,,,,1.0,-0.94,3.27,,,,3.05,1.7,4.66,,,,,,,,,,
2020-12-07,35.14,33.45,36.69,,,,41.79,40.17,43.34,,,,6.95,5.36,8.41,,,,5.79,4.09,7.4,,,,4.49,2.27,6.5,,,,1.0,-0.94,3.28,,,,3.05,1.67,4.65,,,,,,,,,,
2020-12-08,35.14,33.43,36.71,,,,41.78,40.17,43.34,,,,6.95,5.36,8.43,,,,5.8,4.1,7.39,,,,4.49,2.21,6.48,,,,1.0,-0.94,3.28,,,,3.05,1.67,4.65,,,,,,,,,,
2020-12-09,35.14,33.41,36.72,,,,41.76,40.16,43.33,,,,6.95,5.35,8.44,,,,5.82,4.1,7.39,,,,4.49,2.17,6.46,,,,1.0,-0.93,3.27,,,,3.05,1.67,4.68,,,,35.0,40.0,9.0,6.0,3.0,1.0,5.0
2020-12-10,35.15,33.38,36.73,,,,41.74,40.16,43.32,,,,6.95,5.34,8.46,,,,5.83,4.15,7.38,,,,4.49,2.14,6.44,,,,1.0,-0.92,3.25,,,,3.05,1.66,4.7,,,,,,,,,,
2020-12-11,35.15,33.38,36.75,,,,41.72,40.16,43.3,,,,6.95,5.35,8.45,,,,5.84,4.17,7.44,,,,4.49,2.14,6.42,,,,1.0,-0.91,3.26,,,,3.05,1.67,4.72,,,,,,,,,,
2020-12-12,35.16,33.4,36.77,,,,41.69,40.16,43.28,,,,6.95,5.33,8.45,,,,5.85,4.2,7.5,,,,4.49,2.14,6.4,,,,1.0,-0.9,3.27,,,,3.05,1.66,4.74,,,,,,,,,,
2020-12-13,35.17,33.42,36.75,,,,41.67,40.13,43.23,,,,6.95,5.32,8.49,,,,5.87,4.21,7.53,,,,4.49,2.14,6.39,,,,1.0,-0.89,3.26,,,,3.04,1.64,4.76,,,,,,,,,,
2020-12-14,35.19,33.46,36.73,,,,41.64,40.11,43.19,,,,6.95,5.31,8.5,,,,5.88,4.2,7.55,,,,4.49,2.14,6.4,,,,1.0,-0.88,3.26,,,,3.04,1.63,4.77,,,,,,,,,,
2020-12-15,35.2,33.51,36.73,,,,41.61,40.09,43.14,,,,6.95,5.31,8.51,,,,5.89,4.25,7.57,,,,4.49,2.16,6.4,,,,1.0,-0.86,3.25,,,,3.04,1.64,4.75,,,,,,,,,,
2020-12-16,35.22,33.52,36.74,,,,41.58,40.06,43.1,,,,6.95,5.31,8.5,,,,5.91,4.3,7.58,,,,4.49,2.18,6.43,,,,1.0,-0.85,3.26,,,,3.04,1.65,4.73,,,,36.0,40.0,8.0,6.0,4.0,1.0,3.0
2020-12-17,35.24,33.5,36.76,,,,41.55,40.01,43.04,,,,6.95,5.31,8.52,,,,5.92,4.35,7.6,,,,4.49,2.19,6.46,,,,1.0,-0.84,3.24,,,,3.03,1.65,4.7,,,,,,,,,,
2020-12-18,35.26,33.5,36.78,,,,41.52,39.95,43.01,,,,6.95,5.29,8.5,,,,5.94,4.34,7.59,,,,4.49,2.21,6.47,,,,1.0,-0.86,3.22,,,,3.03,1.63,4.69,,,,,,,,,,
2020-12-19,35.28,33.5,36.84,,,,41.48,39.87,42.99,,,,6.95,5.28,8.48,,,,5.95,4.32,7.58,,,,4.49,2.23,6.44,,,,1.0,-0.88,3.23,,,,3.02,1.61,4.66,,,,,,,,,,
2020-12-20,35.31,33.54,36.9,,,,41.45,39.82,42.94,,,,6.95,5.28,8.5,,,,5.97,4.28,7.57,,,,4.49,2.25,6.44,,,,1.0,-0.87,3.25,,,,3.02,1.64,4.63,,,,,,,,,,
2020-12-21,35.33,33.54,36.9,,,,41.41,39.76,42.92,,,,6.95,5.3,8.51,,,,5.99,4.29,7.58,,,,4.49,2.27,6.48,,,,1.0,-0.85,3.26,,,,3.02,1.63,4.61,,,,,,,,,,
2020-12-22,35.36,33.54,36.91,,,,41.37,39.71,42.9,,,,6.95,5.3,8.52,,,,6.0,4.33,7.61,,,,4.49,2.28,6.53,,,,1.0,-0.83,3.27,,,,3.01,1.61,4.58,,,,34.0,46.0,6.0,6.0,4.0,1.0,2.0
2020-12-23,35.39,33.58,36.95,,,,41.33,39.65,42.87,,,,6.95,5.29,8.53,,,,6.02,4.36,7.65,,,,4.49,2.27,6.58,,,,1.0,-0.81,3.26,,,,3.01,1.59,4.56,,,,,,,,,,
2020-12-24,35.42,33.64,36.99,,,,41.29,39.6,42.84,,,,6.95,5.27,8.53,,,,6.04,4.39,7.66,,,,4.49,2.25,6.58,,,,1.0,-0.81,3.25,,,,3.0,1.58,4.57,,,,,,,,,,
2020-12-25,35.46,33.67,37.04,,,,41.25,39.54,42.81,,,,6.95,5.26,8.53,,,,6.05,4.4,7.66,,,,4.49,2.25,6.51,,,,1.0,-0.83,3.26,,,,2.99,1.56,4.59,,,,,,,,,,
2020-12-26,35.49,33.7,37.08,,,,41.21,39.49,42.78,,,,6.95,5.25,8.56,,,,6.07,4.41,7.66,,,,4.49,2.27,6.54,,,,1.0,-0.84,3.29,,,,2.99,1.55,4.61,,,,,,,,,,
2020-12-27,35.53,33.75,37.12,,,,41.16,39.43,42.75,,,,6.95,5.24,8.57,,,,6.09,4.42,7.67,,,,4.49,2.28,6.51,,,,1.0,-0.85,3.31,,,,2.98,1.53,4.62,,,,,,,,,,
2020-12-28,35.57,33.8,37.16,,,,41.12,39.38,42.72,,,,6.95,5.27,8.58,,,,6.11,4.43,7.68,,,,4.48,2.31,6.49,,,,1.0,-0.85,3.32,,,,2.98,1.53,4.63,,,,,,,,,,
2020-12-29,35.61,33.86,37.19,,,,41.07,39.32,42.69,,,,6.94,5.3,8.59,,,,6.13,4.44,7.71,,,,4.48,2.32,6.46,,,,1.0,-0.86,3.32,,,,2.97,1.52,4.65,,,,,,,,,,
2020-12-30,35.65,33.89,37.22,,,,41.03,39.26,42.66,,,,6.94,5.31,8.59,,,,6.15,4.45,7.74,,,,4.48,2.33,6.43,,,,1.0,-0.87,3.33,,,,2.96,1.51,4.66,,,,,,,,,,
2020-12-31,35.69,33.93,37.26,,,,40.98,39.2,42.61,,,,6.94,5.31,8.55,,,,6.16,4.46,7.79,,,,4.48,2.35,6.41,,,,1.0,-0.88,3.32,,,,2.96,1.5,4.67,,,,,,,,,,
2021-01-01,35.74,33.97,37.3,,,,40.93,39.14,42.56,,,,6.94,5.32,8.51,,,,6.18,4.48,7.83,,,,4.48,2.38,6.38,,,,1.0,-0.89,3.28,,,,2.95,1.49,4.65,,,,,,,,,,
2021-01-02,35.79,34.02,37.33,,,,40.88,39.08,42.52,,,,6.94,5.33,8.49,,,,6.2,4.49,7.82,,,,4.48,2.39,6.34,,,,1.0,-0.89,3.25,,,,2.94,1.49,4.63,,,,,,,,,,
2021-01-03,35.83,34.07,37.37,,,,40.83,39.03,42.47,,,,6.94,5.33,8.53,,,,6.22,4.5,7.8,,,,4.48,2.35,6.35,,,,1.0,-0.9,3.21,,,,2.93,1.48,4.61,,,,,,,,,,
2021-01-04,35.88,34.13,37.41,,,,40.78,38.97,42.42,,,,6.94,5.32,8.54,,,,6.24,4.51,7.8,,,,4.48,2.29,6.35,,,,1.0,-0.9,3.17,,,,2.92,1.48,4.58,,,,,,,,,,
2021-01-05,35.93,34.19,37.45,,,,40.72,38.91,42.37,,,,6.94,5.3,8.51,,,,6.26,4.53,7.78,,,,4.47,2.22,6.35,,,,1.0,-0.91,3.2,,,,2.92,1.47,4.54,,,,37.0,40.0,7.0,7.0,5.0,1.0,2.0
2021-01-06,35.98,34.25,37.49,,,,40.67,38.84,42.32,,,,6.94,5.28,8.5,,,,6.28,4.54,7.8,,,,4.47,2.23,6.35,,,,1.0,-0.92,3.24,,,,2.91,1.46,4.51,,,,,,,,,,
2021-01-07,36.04,34.31,37.56,,,,40.61,38.78,42.27,,,,6.94,5.28,8.47,,,,6.3,4.56,7.81,,,,4.47,2.24,6.34,,,,1.0,-0.92,3.27,,,,2.9,1.45,4.47,,,,,,,,,,
2021-01-08,36.09,34.37,37.62,,,,40.56,38.72,42.22,,,,6.94,5.26,8.44,,,,6.32,4.57,7.85,,,,4.47,2.25,6.34,,,,1.0,-0.93,3.3,,,,2.89,1.42,4.47,,,,,,,,,,
2021-01-09,36.14,34.43,37.69,,,,40.5,38.66,42.16,,,,6.95,5.25,8.42,,,,6.34,4.58,7.87,,,,4.47,2.27,6.33,,,,1.0,-0.95,3.33,,,,2.88,1.39,4.46,,,,,,,,,,
2021-01-10,36.2,34.49,37.75,,,,40.44,38.6,42.11,,,,6.95,5.24,8.39,,,,6.36,4.59,7.91,,,,4.47,2.27,6.31,,,,1.0,-0.92,3.36,,,,2.87,1.36,4.45,,,,,,,,,,
2021-01-11,36.25,34.55,37.82,,,,40.39,38.57,42.06,,,,6.95,5.23,8.38,,,,6.38,4.61,7.95,,,,4.47,2.27,6.3,,,,1.0,-0.93,3.38,,,,2.86,1.33,4.44,,,,,,,,,,
2021-01-12,36.31,34.62,37.87,,,,40.33,38.55,42.0,,,,6.95,5.21,8.37,,,,6.4,4.63,7.99,,,,4.47,2.3,6.28,,,,1.0,-0.93,3.38,,,,2.85,1.32,4.44,,,,,,,,,,
2021-01-13,36.37,34.68,37.91,,,,40.27,38.53,41.95,,,,6.95,5.21,8.39,,,,6.42,4.65,8.02,,,,4.47,2.32,6.27,,,,1.0,-0.94,3.38,,,,2.85,1.34,4.43,,,,,,,,,,
2021-01-14,36.42,34.75,37.96,,,,40.21,38.47,41.89,,,,6.96,5.22,8.41,,,,6.44,4.66,8.02,,,,4.46,2.31,6.27,,,,1.0,-0.96,3.38,,,,2.84,1.34,4.42,,,,35.0,41.0,6.0,7.0,5.0,1.0,3.0
2021-01-15,36.48,34.81,38.0,,,,40.15,38.42,41.84,,,,6.96,5.22,8.43,,,,6.46,4.68,8.03,,,,4.46,2.3,6.28,,,,1.0,-0.98,3.37,,,,2.83,1.31,4.41,,,,,,,,,,
2021-01-16,36.54,34.88,38.06,,,,40.09,38.35,41.77,,,,6.97,5.23,8.44,,,,6.48,4.7,8.03,,,,4.46,2.29,6.32,,,,1.0,-0.97,3.33,,,,2.82,1.29,4.4,,,,,,,,,,
2021-01-17,36.6,34.95,38.12,,,,40.03,38.28,41.69,,,,6.97,5.24,8.46,,,,6.49,4.74,8.04,,,,4.46,2.31,6.35,,,,1.0,-0.93,3.29,,,,2.81,1.3,4.39,,,,,,,,,,
2021-01-18,36.66,35.02,38.2,,,,39.97,38.21,41.66,,,,6.98,5.27,8.48,,,,6.51,4.78,8.04,,,,4.46,2.32,6.38,,,,1.0,-0.96,3.27,,,,2.8,1.3,4.37,,,,,,,,,,
2021-01-19,36.72,35.05,38.3,,,,39.91,38.15,41.62,,,,6.98,5.29,8.49,,,,6.53,4.83,8.04,,,,4.46,2.34,6.42,,,,1.0,-0.95,3.23,,,,2.79,1.31,4.36,,,,,,,,,,
2021-01-20,36.77,35.12,38.34,,,,39.84,38.13,41.58,,,,6.99,5.31,8.5,,,,6.55,4.88,8.08,,,,4.46,2.34,6.45,,,,1.0,-0.94,3.21,,,,2.78,1.29,4.32,,,,,,,,,,
2021-01-21,36.83,35.17,38.37,,,,39.78,38.1,41.5,,,,6.99,5.34,8.48,,,,6.57,4.93,8.09,,,,4.46,2.34,6.48,,,,1.0,-0.93,3.23,,,,2.77,1.26,4.32,,,,,,,,,,
2021-01-22,36.89,35.21,38.41,,,,39.72,38.04,41.44,,,,7.0,5.35,8.48,,,,6.58,4.98,8.1,,,,4.46,2.34,6.51,,,,1.0,-0.93,3.24,,,,2.76,1.26,4.31,,,,37.0,41.0,5.0,7.0,4.0,1.0,3.0
2021-01-23,36.95,35.27,38.45,,,,39.66,37.97,41.39,,,,7.01,5.37,8.53,,,,6.6,5.0,8.11,,,,4.46,2.34,6.55,,,,1.0,-0.92,3.22,,,,2.75,1.28,4.3,,,,,,,,,,
2021-01-24,37.01,35.34,38.51,,,,39.59,37.9,41.33,,,,7.01,5.39,8.53,,,,6.62,5.02,8.12,,,,4.46,2.34,6.59,,,,1.0,-0.96,3.19,,,,2.75,1.29,4.28,,,,,,,,,,
2021-01-25,37.07,35.4,38.6,,,,39.53,37.82,41.27,,,,7.02,5.41,8.51,,,,6.64,5.04,8.16,,,,4.46,2.35,6.63,,,,1.0,-1.0,3.16,,,,2.74,1.28,4.27,,,,,,,,,,
2021-01-26,37.12,35.46,38.69,,,,39.47,37.76,41.21,,,,7.03,5.43,8.5,,,,6.65,5.05,8.19,,,,4.46,2.39,6.65,,,,1.0,-1.0,3.14,,,,2.73,1.26,4.26,,,,,,,,,,
2021-01-27,37.18,35.49,38.74,,,,39.4,37.72,41.11,,,,7.04,5.44,8.52,,,,6.67,5.06,8.19,,,,4.46,2.41,6.66,,,,1.0,-0.99,3.15,,,,2.72,1.25,4.27,,,,33.0,46.0,7.0,4.0,5.0,1.0,2.0
2021-01-28,37.24,35.53,38.82,,,,39.34,37.68,41.08,,,,7.05,5.45,8.54,,,,6.69,5.07,8.24,,,,4.47,2.44,6.62,,,,1.0,-0.97,3.17,,,,2.72,1.25,4.26,,,,,,,,,,
2021-01-29,37.29,35.56,38.9,,,,39.27,37.58,41.03,,,,7.06,5.45,8.56,,,,6.7,5.08,8.29,,,,4.47,2.4,6.58,,,,1.0,-0.95,3.19,,,,2.71,1.25,4.24,,,,,,,,,,
2021-01-30,37.35,35.6,38.96,,,,39.21,37.49,40.97,,,,7.06,5.46,8.58,,,,6.72,5.09,8.34,,,,4.47,2.41,6.54,,,,1.0,-0.99,3.22,,,,2.7,1.26,4.23,,,,,,,,,,
2021-01-31,37.41,35.64,39.0,,,,39.14,37.44,40.91,,,,7.07,5.46,8.6,,,,6.73,5.1,8.38,,,,4.47,2.39,6.49,,,,1.0,-1.0,3.2,,,,2.69,1.27,4.24,,,,,,,,,,
2021-02-01,37.46,35.68,39.07,,,,39.08,37.39,40.85,,,,7.08,5.46,8.62,,,,6.75,5.11,8.43,,,,4.47,2.38,6.45,,,,1.0,-0.96,3.16,,,,2.69,1.3,4.19,,,,,,,,,,
2021-02-02,37.52,35.71,39.12,,,,39.01,37.33,40.79,,,,7.09,5.47,8.62,,,,6.76,5.12,8.46,,,,4.47,2.36,6.46,,,,1.0,-0.95,3.12,,,,2.68,1.3,4.17,,,,,,,,,,
2021-02-03,37.57,35.75,39.16,,,,38.95,37.28,40.71,,,,7.1,5.49,8.63,,,,6.78,5.13,8.46,,,,4.48,2.36,6.47,,,,1.0,-0.96,3.14,,,,2.68,1.29,4.14,,,,41.0,36.0,7.0,6.0,4.0,1.0,2.0
2021-02-04,37.63,35.78,39.2,,,,38.88,37.23,40.63,,,,7.11,5.51,8.64,,,,6.79,5.14,8.46,,,,4.48,2.39,6.45,,,,1.0,-0.97,3.11,,,,2.67,1.29,4.11,,,,,,,,,,
2021-02-05,37.68,35.88,39.28,,,,38.82,37.17,40.56,,,,7.12,5.54,8.67,,,,6.8,5.15,8.46,,,,4.48,2.41,6.42,,,,1.0,-0.98,3.1,,,,2.66,1.29,4.08,,,,,,,,,,
2021-02-06,37.74,35.96,39.34,,,,38.75,37.04,40.52,,,,7.13,5.55,8.7,,,,6.82,5.18,8.45,,,,4.48,2.44,6.39,,,,1.0,-0.99,3.09,,,,2.66,1.29,4.04,,,,,,,,,,
2021-02-07,37.79,36.06,39.4,,,,38.69,36.96,40.46,,,,7.14,5.55,8.68,,,,6.83,5.21,8.46,,,,4.49,2.45,6.36,,,,1.0,-1.01,3.08,,,,2.65,1.3,4.01,,,,,,,,,,
2021-02-08,37.85,36.1,39.45,,,,38.62,36.9,40.4,,,,7.15,5.55,8.71,,,,6.84,5.22,8.45,,,,4.49,2.46,6.33,,,,1.0,-1.02,3.07,,,,2.65,1.3,3.98,,,,,,,,,,
2021-02-09,37.9,36.13,39.5,,,,38.55,36.84,40.32,,,,7.16,5.54,8.71,,,,6.85,5.27,8.45,,,,4.49,2.46,6.3,,,,1.0,-1.04,3.06,,,,2.64,1.3,3.95,,,,,,,,,,
2021-02-10,37.95,36.16,39.57,,,,38.49,36.79,40.25,,,,7.17,5.53,8.73,,,,6.87,5.25,8.44,,,,4.5,2.44,6.3,,,,1.0,-1.03,3.04,,,,2.64,1.29,3.95,,,,39.0,38.0,6.0,7.0,4.0,1.0,3.0
2021-02-11,38.01,36.2,39.65,,,,38.42,36.72,40.18,,,,7.18,5.53,8.74,,,,6.88,5.23,8.46,,,,4.5,2.42,6.31,,,,1.0,-1.06,3.03,,,,2.63,1.28,3.96,,,,,,,,,,
2021-02-12,38.06,36.24,39.69,,,,38.35,36.63,40.11,,,,7.19,5.56,8.74,,,,6.89,5.22,8.47,,,,4.5,2.47,6.33,,,,1.01,-1.07,3.01,,,,2.63,1.27,3.93,,,,,,,,,,
2021-02-13,38.11,36.27,39.73,,,,38.29,36.56,40.04,,,,7.2,5.57,8.75,,,,6.9,5.23,8.48,,,,4.5,2.51,6.34,,,,1.01,-1.09,3.05,,,,2.62,1.25,3.92,,,,,,,,,,
2021-02-14,38.16,36.31,39.76,,,,38.22,36.5,39.98,,,,7.21,5.57,8.77,,,,6.91,5.25,8.52,,,,4.51,2.5,6.36,,,,1.01,-1.08,3.08,,,,2.62,1.24,3.93,,,,,,,,,,
2021-02-15,38.22,36.35,39.82,,,,38.15,36.44,39.93,,,,7.22,5.59,8.79,,,,6.92,5.29,8.55,,,,4.51,2.49,6.37,,,,1.01,-1.09,3.11,,,,2.62,1.23,3.93,,,,,,,,,,
2021-02-16,38.27,36.41,39.92,,,,38.09,36.41,39.83,,,,7.23,5.59,8.82,,,,6.93,5.33,8.58,,,,4.51,2.51,6.38,,,,1.01,-1.04,3.1,,,,2.61,1.22,3.88,,,,,,,,,,
2021-02-17,38.32,36.49,39.96,,,,38.02,36.36,39.75,,,,7.24,5.6,8.84,,,,6.95,5.34,8.61,,,,4.52,2.54,6.39,,,,1.01,-0.99,3.09,,,,2.61,1.2,3.91,,,,,,,,,,
2021-02-18,38.37,36.53,40.0,,,,37.95,36.29,39.67,,,,7.26,5.61,8.86,,,,6.96,5.34,8.65,,,,4.52,2.55,6.4,,,,1.01,-0.98,3.09,,,,2.6,1.17,3.91,,,,36.0,38.0,8.0,7.0,6.0,1.0,3.0
2021-02-19,38.42,36.57,40.07,,,,37.89,36.23,39.6,,,,7.27,5.62,8.89,,,,6.97,5.35,8.68,,,,4.52,2.58,6.41,,,,1.01,-0.97,3.08,,,,2.6,1.15,3.9,,,,,,,,,,
2021-02-20,38.47,36.62,40.14,,,,37.82,36.14,39.53,,,,7.28,5.63,8.91,,,,6.98,5.36,8.7,,,,4.52,2.57,6.41,,,,1.02,-0.99,3.07,,,,2.6,1.15,3.91,,,,,,,,,,
2021-02-21,38.51,36.66,40.21,,,,37.76,36.11,39.47,,,,7.29,5.64,8.93,,,,6.99,5.37,8.73,,,,4.53,2.53,6.42,,,,1.02,-1.04,3.08,,,,2.59,1.16,3.93,,,,,,,,,,
2021-02-22,38.56,36.7,40.27,,,,37.69,36.04,39.43,,,,7.31,5.65,8.95,,,,7.0,5.38,8.76,,,,4.53,2.5,6.44,,,,1.02,-1.02,3.1,,,,2.59,1.16,3.95,,,,,,,,,,
2021-02-23,38.61,36.75,40.32,,,,37.63,35.98,39.38,,,,7.32,5.66,8.98,,,,7.01,5.43,8.78,,,,4.53,2.47,6.47,,,,1.02,-0.99,3.11,,,,2.59,1.17,3.94,,,,,,,,,,
2021-02-24,38.65,36.79,40.35,,,,37.56,35.91,39.34,,,,7.34,5.68,8.99,,,,7.02,5.49,8.8,,,,4.54,2.43,6.49,,,,1.02,-0.97,3.11,,,,2.58,1.17,3.92,,,,,,,,,,
2021-02-25,38.7,36.84,40.42,,,,37.5,35.85,39.3,,,,7.35,5.7,9.01,,,,7.03,5.53,8.8,,,,4.54,2.39,6.49,,,,1.02,-0.94,3.13,,,,2.58,1.19,3.89,,,,,,,,,,
2021-02-26,38.75,36.88,40.45,,,,37.43,35.79,39.26,,,,7.37,5.74,9.03,,,,7.04,5.54,8.79,,,,4.54,2.36,6.48,,,,1.02,-0.9,3.14,,,,2.58,1.2,3.9,,,,38.0,38.0,7.0,9.0,5.0,,3.0
2021-02-27,38.79,36.97,40.47,,,,37.37,35.73,39.2,,,,7.38,5.78,9.04,,,,7.06,5.56,8.79,,,,4.54,2.37,6.47,,,,1.03,-0.92,3.15,,,,2.58,1.2,3.89,,,,,,,,,,
2021-02-28,38.83,37.07,40.5,,,,37.3,35.66,39.1,,,,7.4,5.79,9.07,,,,7.07,5.6,8.79,,,,4.54,2.39,6.44,,,,1.03,-0.89,3.16,,,,2.57,1.21,3.88,,,,,,,,,,
2021-03-01,38.88,37.17,40.54,,,,37.24,35.6,38.98,,,,7.41,5.8,9.09,,,,7.08,5.61,8.78,,,,4.55,2.38,6.45,,,,1.03,-0.86,3.14,,,,2.57,1.22,3.86,,,,,,,,,,
2021-03-02,38.92,37.21,40.58,,,,37.17,35.54,38.87,,,,7.43,5.81,9.11,,,,7.09,5.62,8.77,,,,4.55,2.34,6.44,,,,1.03,-0.84,3.1,,,,2.57,1.21,3.85,,,,,,,,,,
2021-03-03,38.96,37.27,40.62,,,,37.11,35.48,38.75,,,,7.45,5.84,9.12,,,,7.1,5.64,8.76,,,,4.55,2.31,6.42,,,,1.03,-0.83,3.11,,,,2.56,1.19,3.86,,,,,,,,,,
2021-03-04,39.0,37.31,40.65,,,,37.05,35.4,38.66,,,,7.46,5.9,9.14,,,,7.12,5.65,8.75,,,,4.55,2.3,6.41,,,,1.03,-0.84,3.06,,,,2.56,1.19,3.88,,,,40.0,36.0,8.0,8.0,4.0,1.0,2.0
2021-03-05,39.04,37.36,40.69,,,,36.98,35.34,38.6,,,,7.48,5.96,9.16,,,,7.13,5.67,8.76,,,,4.55,2.3,6.39,,,,1.04,-0.89,3.06,,,,2.56,1.19,3.89,,,,,,,,,,
2021-03-06,39.09,37.42,40.74,,,,36.92,35.29,38.54,,,,7.5,5.97,9.17,,,,7.14,5.69,8.75,,,,4.55,2.31,6.38,,,,1.04,-0.95,3.05,,,,2.55,1.19,3.89,,,,,,,,,,
2021-03-07,39.13,37.46,40.78,,,,36.86,35.24,38.47,,,,7.52,5.99,9.19,,,,7.15,5.7,8.74,,,,4.55,2.31,6.37,,,,1.04,-0.95,3.06,,,,2.55,1.19,3.87,,,,,,,,,,
2021-03-08,39.16,37.49,40.83,,,,36.79,35.19,38.4,,,,7.54,6.01,9.2,,,,7.17,5.74,8.74,,,,4.55,2.32,6.34,,,,1.04,-0.92,3.04,,,,2.55,1.19,3.85,,,,,,,,,,
2021-03-09,39.2,37.54,40.92,,,,36.73,35.11,38.34,,,,7.56,6.02,9.22,,,,7.18,5.75,8.73,,,,4.56,2.32,6.36,,,,1.04,-0.91,3.02,,,,2.54,1.17,3.85,,,,,,,,,,
2021-03-10,39.24,37.59,40.97,,,,36.67,35.04,38.26,,,,7.58,6.04,9.23,,,,7.2,5.76,8.72,,,,4.56,2.33,6.34,,,,1.04,-0.92,3.0,,,,2.54,1.15,3.82,,,,41.0,35.0,8.0,7.0,3.0,1.0,2.0
2021-03-11,39.28,37.63,40.99,,,,36.61,35.01,38.2,,,,7.6,6.06,9.25,,,,7.21,5.77,8.74,,,,4.56,2.31,6.3,,,,1.04,-0.93,2.98,,,,2.54,1.16,3.83,,,,,,,,,,
2021-03-12,39.32,37.68,41.04,,,,36.54,34.99,38.13,,,,7.61,6.07,9.28,,,,7.22,5.79,8.73,,,,4.56,2.3,6.28,,,,1.05,-0.91,2.96,,,,2.53,1.17,3.87,,,,,,,,,,
2021-03-13,39.36,37.72,41.09,,,,36.48,34.91,38.06,,,,7.63,6.09,9.3,,,,7.24,5.8,8.74,,,,4.56,2.29,6.25,,,,1.05,-0.88,2.97,,,,2.53,1.17,3.88,,,,,,,,,,
2021-03-14,39.4,37.77,41.15,,,,36.42,34.86,37.99,,,,7.65,6.11,9.32,,,,7.25,5.81,8.73,,,,4.56,2.27,6.25,,,,1.05,-0.91,2.95,,,,2.52,1.17,3.86,,,,,,,,,,
2021-03-15,39.44,37.82,41.18,,,,36.35,34.79,37.92,,,,7.67,6.13,9.33,,,,7.27,5.83,8.74,,,,4.56,2.27,6.27,,,,1.05,-0.87,2.94,,,,2.52,1.16,3.83,,,,,,,,,,
2021-03-16,39.47,37.88,41.23,,,,36.29,34.69,37.85,,,,7.69,6.18,9.33,,,,7.28,5.83,8.74,,,,4.56,2.29,6.29,,,,1.05,-0.86,2.95,,,,2.51,1.17,3.82,,,,,,,,,,
2021-03-17,39.51,37.93,41.25,,,,36.23,34.6,37.82,,,,7.71,6.22,9.33,,,,7.3,5.85,8.77,,,,4.56,2.31,6.31,,,,1.05,-0.88,2.96,,,,2.51,1.17,3.8,,,,,,,,,,
2021-03-18,39.55,37.95,41.25,,,,36.16,34.54,37.77,,,,7.73,6.26,9.32,,,,7.31,5.87,8.79,,,,4.56,2.33,6.33,,,,1.05,-0.9,2.98,,,,2.5,1.15,3.81,,,,,,,,,,
2021-03-19,39.59,38.01,41.25,,,,36.1,34.49,37.71,,,,7.75,6.26,9.33,,,,7.33,5.86,8.81,,,,4.56,2.34,6.34,,,,1.05,-0.91,2.99,,,,2.5,1.13,3.83,,,,41.0,37.0,5.0,7.0,5.0,1.0,3.0
2021-03-20,39.63,38.07,41.25,,,,36.04,34.42,37.65,,,,7.77,6.25,9.34,,,,7.35,5.86,8.84,,,,4.56,2.37,6.32,,,,1.06,-0.92,2.98,,,,2.49,1.12,3.85,,,,,,,,,,
2021-03-21,39.66,38.1,41.24,,,,35.97,34.36,37.58,,,,7.79,6.23,9.34,,,,7.36,5.85,8.86,,,,4.56,2.39,6.31,,,,1.06,-0.94,2.91,,,,2.48,1.11,3.81,,,,,,,,,,
2021-03-22,39.7,38.16,41.24,,,,35.91,34.3,37.52,,,,7.81,6.22,9.35,,,,7.38,5.86,8.87,,,,4.56,2.4,6.3,,,,1.06,-0.95,2.9,,,,2.48,1.09,3.78,,,,,,,,,,
2021-03-23,39.74,38.22,41.28,,,,35.84,34.23,37.45,,,,7.83,6.24,9.35,,,,7.4,5.85,8.86,,,,4.56,2.41,6.3,,,,1.06,-0.96,2.92,,,,2.47,1.07,3.74,,,,,,,,,,
2021-03-24,39.78,38.27,41.31,,,,35.78,34.14,37.38,,,,7.85,6.28,9.36,,,,7.42,5.85,8.85,,,,4.56,2.42,6.36,,,,1.06,-0.97,2.95,,,,2.47,1.05,3.7,,,,,,,,,,
2021-03-25,39.81,38.28,41.35,,,,35.71,34.06,37.32,,,,7.87,6.3,9.37,,,,7.44,5.87,8.88,,,,4.56,2.43,6.39,,,,1.06,-0.95,2.98,,,,2.46,1.03,3.66,,,,,,,,,,
2021-03-26,39.85,38.34,41.38,,,,35.65,34.02,37.25,,,,7.89,6.31,9.39,,,,7.46,5.94,8.9,,,,4.56,2.46,6.41,,,,1.06,-0.93,2.96,,,,2.45,1.0,3.62,,,,41.0,32.0,10.0,8.0,5.0,1.0,3.0
2021-03-27,39.89,38.4,41.41,,,,35.58,33.97,37.18,,,,7.91,6.35,9.42,,,,7.47,6.0,8.92,,,,4.56,2.48,6.43,,,,1.06,-0.91,2.94,,,,2.45,1.0,3.6,,,,,,,,,,
2021-03-28,39.93,38.47,41.44,,,,35.52,33.92,37.07,,,,7.93,6.39,9.44,,,,7.49,6.03,8.94,,,,4.56,2.49,6.44,,,,1.06,-0.91,2.95,,,,2.44,1.0,3.64,,,,,,,,,,
2021-03-29,39.96,38.52,41.47,,,,35.45,33.88,36.98,,,,7.95,6.43,9.46,,,,7.51,6.03,8.95,,,,4.56,2.46,6.45,,,,1.06,-0.94,2.96,,,,2.43,0.99,3.67,,,,,,,,,,
2021-03-30,40.0,38.56,41.49,,,,35.39,33.83,36.9,,,,7.96,6.47,9.47,,,,7.53,6.05,8.97,,,,4.56,2.47,6.48,,,,1.06,-0.98,2.97,,,,2.43,0.97,3.71,,,,,,,,,,
2021-03-31,40.03,38.6,41.52,,,,35.33,33.77,36.84,,,,7.98,6.51,9.48,,,,7.55,6.12,8.96,,,,4.56,2.49,6.48,,,,1.07,-1.0,2.97,,,,2.42,0.93,3.73,,,,,,,,,,
2021-04-01,40.07,38.64,41.54,,,,35.26,33.71,36.78,,,,8.0,6.55,9.49,,,,7.57,6.15,8.99,,,,4.56,2.5,6.48,,,,1.07,-1.0,2.97,,,,2.41,0.93,3.77,,,,39.0,37.0,9.0,7.0,4.0,1.0,3.0
2021-04-02,40.11,38.68,41.56,,,,35.2,33.66,36.72,,,,8.02,6.59,9.49,,,,7.59,6.15,9.01,,,,4.56,2.51,6.49,,,,1.07,-1.0,2.97,,,,2.41,0.92,3.79,,,,,,,,,,
2021-04-03,40.14,38.72,41.58,,,,35.14,33.6,36.67,,,,8.04,6.63,9.5,,,,7.61,6.16,9.03,,,,4.56,2.53,6.52,,,,1.07,-1.0,2.98,,,,2.4,0.95,3.78,,,,,,,,,,
2021-04-04,40.17,38.76,41.61,,,,35.07,33.55,36.61,,,,8.05,6.66,9.5,,,,7.63,6.13,9.06,,,,4.56,2.57,6.53,,,,1.07,-0.99,3.0,,,,2.4,0.96,3.77,,,,,,,,,,
2021-04-05,40.21,38.8,41.65,,,,35.01,33.49,36.56,,,,8.07,6.69,9.5,,,,7.65,6.11,9.08,,,,4.56,2.6,6.56,,,,1.07,-0.98,3.0,,,,2.39,0.96,3.76,,,,,,,,,,
2021-04-06,40.24,38.87,41.69,,,,34.95,33.44,36.49,,,,8.09,6.72,9.5,,,,7.67,6.13,9.08,,,,4.56,2.59,6.57,,,,1.07,-0.98,3.01,,,,2.39,0.97,3.75,,,,,,,,,,
2021-04-07,40.27,38.87,41.73,,,,34.89,33.39,36.43,,,,8.11,6.76,9.52,,,,7.69,6.16,9.13,,,,4.56,2.58,6.67,,,,1.07,-0.97,3.01,,,,2.38,0.95,3.74,,,,,,,,,,
2021-04-08,40.3,38.91,41.77,,,,34.83,33.33,36.39,,,,8.12,6.8,9.56,,,,7.7,6.18,9.14,,,,4.56,2.59,6.74,,,,1.07,-0.96,3.01,,,,2.37,0.94,3.73,,,,39.0,37.0,9.0,6.0,4.0,1.0,3.0
2021-04-09,40.33,38.95,41.81,,,,34.77,33.27,36.34,,,,8.14,6.82,9.59,,,,7.72,6.23,9.15,,,,4.56,2.61,6.72,,,,1.07,-0.95,3.02,,,,2.37,0.94,3.72,,,,,,,,,,
2021-04-10,40.36,38.96,41.84,,,,34.71,33.21,36.29,,,,8.16,6.84,9.6,,,,7.74,6.28,9.16,,,,4.56,2.62,6.69,,,,1.07,-0.94,3.02,,,,2.36,0.92,3.71,,,,,,,,,,
2021-04-11,40.39,38.98,41.87,,,,34.66,33.15,36.23,,,,8.18,6.89,9.63,,,,7.76,6.32,9.17,,,,4.56,2.64,6.68,,,,1.07,-0.93,3.03,,,,2.36,0.9,3.69,,,,,,,,,,
2021-04-12,40.42,39.01,41.91,,,,34.6,33.1,36.18,,,,8.19,6.9,9.65,,,,7.77,6.36,9.18,,,,4.56,2.66,6.66,,,,1.07,-0.92,3.04,,,,2.35,0.87,3.69,,,,,,,,,,
2021-04-13,40.45,39.05,41.95,,,,34.55,33.05,36.13,,,,8.21,6.92,9.67,,,,7.79,6.4,9.19,,,,4.55,2.66,6.67,,,,1.07,-0.91,3.05,,,,2.35,0.89,3.69,,,,,,,,,,
2021-04-14,40.47,39.08,41.98,,,,34.49,33.0,36.08,,,,8.23,6.94,9.68,,,,7.81,6.43,9.19,,,,4.55,2.68,6.65,,,,1.07,-0.9,3.06,,,,2.34,0.88,3.68,,,,41.0,31.0,9.0,9.0,6.0,1.0,2.0
2021-04-15,40.5,39.11,42.02,,,,34.44,32.95,36.02,,,,8.24,6.95,9.69,,,,7.82,6.47,9.18,,,,4.55,2.69,6.62,,,,1.07,-0.88,3.06,,,,2.34,0.86,3.68,,,,,,,,,,
2021-04-16,40.52,39.14,42.04,,,,34.39,32.88,35.97,,,,8.26,6.97,9.7,,,,7.84,6.5,9.18,,,,4.55,2.68,6.61,,,,1.07,-0.87,3.07,,,,2.33,0.83,3.67,,,,,,,,,,
2021-04-17,40.55,39.18,42.05,,,,34.34,32.84,35.91,,,,8.28,6.99,9.71,,,,7.85,6.52,9.19,,,,4.55,2.68,6.59,,,,1.07,-0.86,3.05,,,,2.33,0.8,3.66,,,,,,,,,,
2021-04-18,40.57,39.21,42.05,,,,34.29,32.77,35.86,,,,8.3,7.0,9.72,,,,7.86,6.51,9.2,,,,4.55,2.68,6.57,,,,1.07,-0.83,3.03,,,,2.33,0.77,3.65,,,,,,,,,,
2021-04-19,40.59,39.24,42.05,,,,34.24,32.72,35.8,,,,8.31,7.02,9.73,,,,7.88,6.5,9.22,,,,4.55,2.69,6.55,,,,1.07,-0.81,3.01,,,,2.32,0.77,3.64,,,,,,,,,,
2021-04-20,40.62,39.27,42.07,,,,34.2,32.67,35.76,,,,8.33,7.04,9.74,,,,7.89,6.5,9.23,,,,4.55,2.69,6.52,,,,1.07,-0.78,3.0,,,,2.32,0.77,3.62,,,,,,,,,,
2021-04-21,40.64,39.28,42.09,,,,34.15,32.62,35.71,,,,8.35,7.04,9.75,,,,7.9,6.53,9.26,,,,4.54,2.69,6.5,,,,1.07,-0.75,2.99,,,,2.31,0.78,3.62,,,,,,,,,,
2021-04-22,40.66,39.28,42.09,,,,34.1,32.58,35.66,,,,8.37,7.03,9.78,,,,7.91,6.55,9.29,,,,4.54,2.69,6.49,,,,1.07,-0.72,2.97,,,,2.31,0.77,3.62,,,,43.0,34.0,6.0,6.0,5.0,1.0,3.0
2021-04-23,40.68,39.3,42.08,,,,34.06,32.53,35.61,,,,8.39,7.04,9.8,,,,7.92,6.58,9.31,,,,4.54,2.69,6.47,,,,1.07,-0.72,2.95,,,,2.3,0.74,3.58,,,,,,,,,,
2021-04-24,40.69,39.34,42.06,,,,34.02,32.48,35.55,,,,8.41,7.08,9.82,,,,7.93,6.59,9.34,,,,4.54,2.69,6.45,,,,1.07,-0.74,2.94,,,,2.3,0.71,3.57,,,,,,,,,,
2021-04-25,40.71,39.35,42.07,,,,33.97,32.43,35.5,,,,8.43,7.13,9.85,,,,7.94,6.62,9.34,,,,4.54,2.69,6.43,,,,1.07,-0.75,2.97,,,,2.3,0.68,3.56,,,,,,,,,,
2021-04-26,40.73,39.36,42.11,,,,33.93,32.39,35.45,,,,8.45,7.14,9.87,,,,7.95,6.65,9.33,,,,4.54,2.7,6.41,,,,1.07,-0.78,2.96,,,,2.29,0.66,3.56,,,,,,,,,,
2021-04-27,40.75,39.38,42.12,,,,33.89,32.37,35.4,,,,8.47,7.16,9.9,,,,7.96,6.65,9.32,,,,4.53,2.69,6.39,,,,1.07,-0.81,2.97,,,,2.29,0.7,3.55,,,,,,,,,,
2021-04-28,40.76,39.39,42.13,,,,33.85,32.35,35.35,,,,8.49,7.18,9.89,,,,7.96,6.65,9.32,,,,4.53,2.67,6.4,,,,1.07,-0.83,2.98,,,,2.28,0.73,3.54,,,,41.0,35.0,8.0,8.0,4.0,2.0,1.0
2021-04-29,40.78,39.39,42.16,,,,33.81,32.3,35.3,,,,8.51,7.19,9.92,,,,7.97,6.64,9.32,,,,4.53,2.66,6.42,,,,1.07,-0.86,2.99,,,,2.28,0.77,3.54,,,,,,,,,,
2021-04-30,40.79,39.4,42.17,,,,33.77,32.25,35.25,,,,8.53,7.21,9.96,,,,7.98,6.65,9.34,,,,4.53,2.69,6.44,,,,1.07,-0.88,2.99,,,,2.28,0.81,3.53,,,,,,,,,,
2021-05-01,40.81,39.4,42.16,,,,33.73,32.21,35.21,,,,8.55,7.23,9.99,,,,7.99,6.66,9.35,,,,4.53,2.68,6.45,,,,1.07,-0.84,2.99,,,,2.27,0.8,3.52,,,,,,,,,,
2021-05-02,40.82,39.41,42.17,,,,33.69,32.16,35.17,,,,8.57,7.25,10.02,,,,7.99,6.66,9.38,,,,4.52,2.69,6.47,,,,1.07,-0.86,3.0,,,,2.27,0.78,3.51,,,,,,,,,,
2021-05-03,40.83,39.41,42.18,,,,33.65,32.12,35.14,,,,8.59,7.26,10.04,,,,8.0,6.66,9.4,,,,4.52,2.69,6.48,,,,1.07,-0.83,3.0,,,,2.26,0.77,3.51,,,,,,,,,,
2021-05-04,40.84,39.42,42.18,,,,33.62,32.08,35.12,,,,8.62,7.28,10.07,,,,8.01,6.69,9.42,,,,4.52,2.69,6.5,,,,1.07,-0.86,3.0,,,,2.26,0.76,3.51,,,,,,,,,,
2021-05-05,40.86,39.43,42.18,,,,33.58,32.03,35.08,,,,8.64,7.3,10.1,,,,8.01,6.73,9.45,,,,4.52,2.69,6.5,,,,1.07,-0.87,3.0,,,,2.26,0.74,3.54,,,,41.0,35.0,9.0,8.0,4.0,1.0,2.0
2021-05-06,40.87,39.44,42.2,,,,33.54,32.0,35.03,,,,8.66,7.32,10.12,,,,8.02,6.75,9.44,,,,4.52,2.73,6.53,,,,1.07,-0.88,2.98,,,,2.25,0.73,3.56,,,,,,,,,,
2021-05-07,40.87,39.44,42.21,,,,33.51,31.97,34.98,,,,8.68,7.34,10.15,,,,8.03,6.75,9.43,,,,4.51,2.76,6.52,,,,1.07,-0.89,2.96,,,,2.25,0.72,3.56,,,,,,,,,,
2021-05-08,40.88,39.45,42.22,,,,33.48,31.95,34.93,,,,8.71,7.36,10.18,,,,8.03,6.75,9.42,,,,4.51,2.76,6.51,,,,1.07,-0.91,2.93,,,,2.25,0.69,3.53,,,,,,,,,,
2021-05-09,40.89,39.45,42.23,,,,33.44,31.93,34.88,,,,8.73,7.36,10.2,,,,8.04,6.75,9.42,,,,4.51,2.74,6.47,,,,1.07,-0.93,2.95,,,,2.24,0.67,3.56,,,,,,,,,,
2021-05-10,40.9,39.46,42.23,,,,33.41,31.91,34.85,,,,8.75,7.38,10.24,,,,8.05,6.77,9.43,,,,4.51,2.72,6.44,,,,1.07,-0.94,2.97,,,,2.24,0.63,3.58,,,,,,,,,,
2021-05-11,40.9,39.46,42.24,,,,33.38,31.89,34.83,,,,8.78,7.41,10.26,,,,8.05,6.78,9.46,,,,4.51,2.7,6.4,,,,1.07,-0.96,2.97,,,,2.23,0.64,3.61,,,,,,,,,,
2021-05-12,40.91,39.46,42.26,,,,33.35,31.87,34.81,,,,8.8,7.4,10.28,,,,8.06,6.8,9.47,,,,4.5,2.68,6.38,,,,1.07,-0.99,2.95,,,,2.23,0.67,3.64,,,,40.0,33.0,9.0,9.0,5.0,1.0,2.0
2021-05-13,40.91,39.45,42.29,,,,33.32,31.85,34.77,,,,8.82,7.41,10.3,,,,8.07,6.81,9.46,,,,4.5,2.67,6.39,,,,1.07,-1.03,2.94,,,,2.23,0.66,3.62,,,,,,,,,,
2021-05-14,40.91,39.44,42.31,,,,33.29,31.82,34.71,,,,8.85,7.43,10.33,,,,8.08,6.82,9.5,,,,4.5,2.64,6.38,,,,1.07,-1.06,2.93,,,,2.22,0.65,3.58,,,,,,,,,,
2021-05-15,40.91,39.43,42.31,,,,33.27,31.8,34.69,,,,8.87,7.46,10.35,,,,8.08,6.83,9.53,,,,4.5,2.61,6.38,,,,1.07,-1.09,2.9,,,,2.22,0.64,3.56,,,,,,,,,,
2021-05-16,40.91,39.45,42.31,,,,33.24,31.78,34.66,,,,8.89,7.48,10.38,,,,8.09,6.82,9.56,,,,4.49,2.6,6.34,,,,1.07,-1.09,2.9,,,,2.21,0.63,3.53,,,,,,,,,,
2021-05-17,40.91,39.47,42.3,,,,33.22,31.76,34.62,,,,8.92,7.5,10.41,,,,8.1,6.82,9.56,,,,4.49,2.6,6.35,,,,1.07,-1.08,2.88,,,,2.21,0.65,3.52,,,,,,,,,,
2021-05-18,40.91,39.49,42.3,,,,33.19,31.73,34.61,,,,8.94,7.53,10.43,,,,8.11,6.81,9.56,,,,4.49,2.62,6.34,,,,1.07,-1.08,2.84,,,,2.21,0.64,3.52,,,,,,,,,,
2021-05-19,40.91,39.5,42.3,,,,33.17,31.71,34.57,,,,8.96,7.56,10.43,,,,8.11,6.8,9.56,,,,4.49,2.6,6.31,,,,1.07,-1.07,2.85,,,,2.2,0.63,3.52,,,,,,,,,,
2021-05-20,40.91,39.51,42.29,,,,33.15,31.68,34.55,,,,8.99,7.58,10.45,,,,8.12,6.8,9.56,,,,4.48,2.58,6.29,,,,1.07,-1.09,2.83,,,,2.2,0.63,3.51,,,,40.0,33.0,10.0,9.0,5.0,1.0,2.0
2021-05-21,40.91,39.51,42.29,,,,33.13,31.66,34.5,,,,9.01,7.6,10.5,,,,8.13,6.79,9.57,,,,4.48,2.56,6.29,,,,1.07,-1.11,2.88,,,,2.19,0.62,3.51,,,,,,,,,,
2021-05-22,40.9,39.51,42.28,,,,33.11,31.63,34.48,,,,9.04,7.61,10.5,,,,8.14,6.78,9.57,,,,4.48,2.48,6.29,,,,1.07,-1.1,2.92,,,,2.19,0.63,3.5,,,,,,,,,,
2021-05-23,40.9,39.5,42.27,,,,33.09,31.62,34.46,,,,9.06,7.63,10.51,,,,8.15,6.78,9.57,,,,4.47,2.46,6.28,,,,1.07,-1.09,2.89,,,,2.18,0.63,3.49,,,,,,,,,,
2021-05-24,40.89,39.5,42.26,,,,33.07,31.6,34.45,,,,9.08,7.64,10.54,,,,8.15,6.79,9.57,,,,4.47,2.44,6.28,,,,1.07,-1.1,2.91,,,,2.17,0.64,3.49,,,,,,,,,,
2021-05-25,40.89,39.49,42.24,,,,33.05,31.59,34.43,,,,9.11,7.65,10.57,,,,8.16,6.8,9.57,,,,4.46,2.42,6.26,,,,1.06,-1.07,2.94,,,,2.17,0.64,3.51,,,,,,,,,,
2021-05-26,40.88,39.48,42.23,,,,33.04,31.58,34.41,,,,9.13,7.69,10.6,,,,8.17,6.82,9.58,,,,4.46,2.4,6.23,,,,1.06,-1.02,2.97,,,,2.16,0.65,3.52,,,,,,,,,,
2021-05-27,40.87,39.46,42.23,,,,33.02,31.57,34.4,,,,9.15,7.71,10.64,,,,8.18,6.84,9.57,,,,4.45,2.38,6.2,,,,1.06,-0.98,3.0,,,,2.16,0.65,3.54,,,,,,,,,,
2021-05-28,40.87,39.44,42.21,,,,33.0,31.55,34.38,,,,9.18,7.72,10.67,,,,8.19,6.88,9.58,,,,4.45,2.39,6.2,,,,1.06,-0.96,3.03,,,,2.15,0.64,3.54,,,,41.0,31.0,10.0,8.0,5.0,1.0,2.0
2021-05-29,40.86,39.42,42.2,,,,32.99,31.54,34.36,,,,9.2,7.74,10.69,,,,8.19,6.92,9.58,,,,4.45,2.4,6.21,,,,1.06,-0.95,3.04,,,,2.15,0.66,3.51,,,,,,,,,,
2021-05-30,40.85,39.4,42.21,,,,32.97,31.53,34.35,,,,9.23,7.78,10.7,,,,8.2,6.93,9.58,,,,4.44,2.38,6.19,,,,1.06,-0.95,3.0,,,,2.14,0.64,3.47,,,,,,,,,,
2021-05-31,40.84,39.38,42.22,,,,32.96,31.52,34.33,,,,9.25,7.83,10.71,,,,8.21,6.93,9.59,,,,4.44,2.39,6.18,,,,1.06,-0.96,2.97,,,,2.13,0.61,3.46,,,,,,,,,,
2021-06-01,40.83,39.36,42.22,,,,32.94,31.51,34.31,,,,9.27,7.86,10.72,,,,8.22,6.94,9.59,,,,4.43,2.41,6.18,,,,1.06,-0.97,3.01,,,,2.13,0.64,3.45,,,,,,,,,,
2021-06-02,40.82,39.34,42.21,,,,32.93,31.5,34.29,,,,9.3,7.83,10.73,,,,8.22,6.95,9.6,,,,4.42,2.43,6.17,,,,1.06,-0.98,3.06,,,,2.12,0.68,3.46,,,,,,,,,,
2021-06-03,40.81,39.32,42.21,,,,32.92,31.49,34.28,,,,9.32,7.81,10.73,,,,8.23,6.95,9.61,,,,4.42,2.43,6.17,,,,1.06,-0.98,3.01,,,,2.12,0.67,3.47,,,,44.0,31.0,6.0,9.0,4.0,1.0,1.0
2021-06-04,40.8,39.3,42.2,,,,32.91,31.47,34.26,,,,9.34,7.82,10.74,,,,8.24,6.95,9.62,,,,4.41,2.42,6.2,,,,1.06,-0.99,2.95,,,,2.11,0.66,3.47,,,,,,,,,,
2021-06-05,40.79,39.27,42.19,,,,32.89,31.46,34.24,,,,9.37,7.83,10.75,,,,8.25,6.95,9.63,,,,4.41,2.39,6.21,,,,1.06,-0.99,2.9,,,,2.1,0.65,3.48,,,,,,,,,,
2021-06-06,40.78,39.24,42.19,,,,32.88,31.44,34.22,,,,9.39,7.84,10.76,,,,8.25,6.97,9.64,,,,4.4,2.39,6.22,,,,1.06,-1.0,2.93,,,,2.1,0.67,3.48,,,,,,,,,,
2021-06-07,40.76,39.2,42.19,,,,32.87,31.42,34.2,,,,9.41,7.86,10.78,,,,8.26,6.98,9.67,,,,4.4,2.43,6.23,,,,1.05,-1.01,2.96,,,,2.09,0.68,3.45,,,,,,,,,,
2021-06-08,40.75,39.17,42.18,,,,32.86,31.38,34.18,,,,9.43,7.87,10.79,,,,8.27,6.98,9.7,,,,4.39,2.47,6.24,,,,1.05,-1.01,2.93,,,,2.09,0.7,3.41,,,,,,,,,,
2021-06-09,40.73,39.13,42.17,,,,32.85,31.36,34.17,,,,9.46,7.87,10.81,,,,8.27,7.02,9.69,,,,4.39,2.5,6.25,,,,1.05,-1.0,2.9,,,,2.08,0.72,3.4,,,,,,,,,,
2021-06-10,40.72,39.09,42.17,,,,32.84,31.33,34.16,,,,9.48,7.88,10.82,,,,8.28,7.03,9.71,,,,4.38,2.54,6.26,,,,1.05,-1.04,2.87,,,,2.08,0.7,3.39,,,,41.0,31.0,9.0,11.0,4.0,1.0,2.0
2021-06-11,40.7,39.06,42.16,,,,32.83,31.31,34.15,,,,9.5,7.9,10.85,,,,8.29,7.03,9.72,,,,4.38,2.57,6.27,,,,1.05,-1.04,2.85,,,,2.07,0.67,3.4,,,,,,,,,,
2021-06-12,40.69,39.04,42.15,,,,32.82,31.28,34.15,,,,9.52,7.92,10.88,,,,8.29,7.04,9.74,,,,4.37,2.57,6.27,,,,1.05,-1.05,2.86,,,,2.07,0.65,3.42,,,,,,,,,,
2021-06-13,40.67,39.02,42.14,,,,32.81,31.25,34.15,,,,9.54,7.93,10.92,,,,8.3,7.04,9.76,,,,4.37,2.56,6.28,,,,1.05,-1.06,2.88,,,,2.07,0.63,3.44,,,,,,,,,,
2021-06-14,40.65,39.0,42.13,,,,32.8,31.23,34.15,,,,9.57,7.95,10.93,,,,8.31,7.05,9.77,,,,4.36,2.54,6.27,,,,1.05,-1.08,2.89,,,,2.06,0.63,3.45,,,,,,,,,,
2021-06-15,40.63,38.98,42.12,,,,32.79,31.21,34.12,,,,9.59,7.98,10.95,,,,8.31,7.05,9.77,,,,4.36,2.53,6.27,,,,1.04,-1.1,2.92,,,,2.06,0.62,3.44,,,,,,,,,,
2021-06-16,40.61,38.96,42.1,,,,32.78,31.19,34.09,,,,9.61,8.02,10.97,,,,8.32,7.06,9.79,,,,4.35,2.51,6.27,,,,1.04,-1.09,2.92,,,,2.06,0.62,3.44,,,,,,,,,,
2021-06-17,40.59,38.94,42.08,,,,32.77,31.18,34.07,,,,9.63,8.06,11.0,,,,8.33,7.07,9.81,,,,4.35,2.5,6.28,,,,1.04,-1.07,2.88,,,,2.06,0.64,3.43,,,,42.0,34.0,8.0,8.0,4.0,1.0,3.0
2021-06-18,40.57,38.93,42.06,,,,32.77,31.17,34.04,,,,9.65,8.08,11.05,,,,8.33,7.04,9.83,,,,4.34,2.49,6.31,,,,1.04,-1.08,2.89,,,,2.06,0.62,3.43,,,,,,,,,,
2021-06-19,40.55,38.93,42.03,,,,32.76,31.16,34.02,,,,9.67,8.1,11.11,,,,8.34,7.02,9.85,,,,4.34,2.48,6.28,,,,1.04,-1.13,2.89,,,,2.06,0.6,3.43,,,,,,,,,,
2021-06-20,40.52,38.91,42.03,,,,32.76,31.16,33.99,,,,9.7,8.12,11.14,,,,8.35,7.03,9.83,,,,4.33,2.43,6.27,,,,1.04,-1.17,2.89,,,,2.05,0.61,3.41,,,,,,,,,,
2021-06-21,40.5,38.88,42.01,,,,32.75,31.14,33.99,,,,9.72,8.15,11.17,,,,8.35,7.03,9.82,,,,4.33,2.38,6.26,,,,1.03,-1.19,2.9,,,,2.05,0.63,3.41,,,,,,,,,,
2021-06-22,40.47,38.87,41.99,,,,32.75,31.14,33.99,,,,9.74,8.18,11.2,,,,8.36,7.03,9.87,,,,4.32,2.36,6.23,,,,1.03,-1.19,2.9,,,,2.06,0.64,3.42,,,,,,,,,,
2021-06-23,40.44,38.84,41.94,,,,32.74,31.14,33.99,,,,9.76,8.2,11.23,,,,8.37,7.0,9.91,,,,4.32,2.38,6.21,,,,1.03,-1.17,2.91,,,,2.06,0.62,3.42,,,,,,,,,,
2021-06-24,40.41,38.83,41.9,,,,32.74,31.15,34.01,,,,9.78,8.21,11.24,,,,8.37,6.97,9.92,,,,4.31,2.4,6.2,,,,1.03,-1.14,2.91,,,,2.06,0.63,3.44,,,,40.0,31.0,10.0,8.0,5.0,1.0,3.0
2021-06-25,40.38,38.81,41.86,,,,32.74,31.15,34.01,,,,9.8,8.22,11.22,,,,8.38,6.95,9.93,,,,4.31,2.41,6.17,,,,1.03,-1.13,2.88,,,,2.06,0.64,3.44,,,,,,,,,,
2021-06-26,40.35,38.79,41.83,,,,32.74,31.16,34.02,,,,9.82,8.23,11.24,,,,8.38,6.99,9.94,,,,4.3,2.35,6.16,,,,1.03,-1.15,2.85,,,,2.06,0.64,3.43,,,,,,,,,,
2021-06-27,40.32,38.76,41.79,,,,32.74,31.11,34.02,,,,9.84,8.24,11.26,,,,8.39,7.04,9.95,,,,4.3,2.31,6.14,,,,1.03,-1.17,2.83,,,,2.07,0.66,3.41,,,,,,,,,,
2021-06-28,40.29,38.73,41.75,,,,32.74,31.11,34.03,,,,9.86,8.25,11.28,,,,8.39,7.05,9.95,,,,4.29,2.34,6.12,,,,1.02,-1.19,2.8,,,,2.07,0.67,3.4,,,,,,,,,,
2021-06-29,40.25,38.7,41.71,,,,32.74,31.12,34.04,,,,9.88,8.26,11.31,,,,8.4,7.05,9.96,,,,4.29,2.37,6.1,,,,1.02,-1.19,2.77,,,,2.08,0.68,3.38,,,,,,,,,,
2021-06-30,40.22,38.66,41.67,,,,32.75,31.16,34.05,,,,9.9,8.28,11.33,,,,8.4,7.04,9.97,,,,4.29,2.37,6.08,,,,1.02,-1.16,2.8,,,,2.08,0.68,3.37,,,,42.0,32.0,12.0,7.0,4.0,1.0,2.0
2021-07-01,40.18,38.57,41.62,,,,32.75,31.15,34.05,,,,9.92,8.29,11.32,,,,8.41,7.04,9.96,,,,4.28,2.37,6.05,,,,1.02,-1.14,2.82,,,,2.08,0.66,3.36,,,,,,,,,,
2021-07-02,40.15,38.53,41.57,,,,32.75,31.14,34.03,,,,9.94,8.31,11.31,,,,8.41,7.04,9.97,,,,4.28,2.38,6.03,,,,1.02,-1.15,2.85,,,,2.09,0.63,3.37,,,,,,,,,,
2021-07-03,40.11,38.52,41.56,,,,32.76,31.14,34.01,,,,9.96,8.32,11.29,,,,8.42,7.04,9.97,,,,4.27,2.38,6.0,,,,1.02,-1.15,2.86,,,,2.1,0.62,3.38,,,,,,,,,,
2021-07-04,40.07,38.5,41.52,,,,32.76,31.14,33.99,,,,9.98,8.34,11.31,,,,8.42,7.04,9.96,,,,4.27,2.39,5.98,,,,1.01,-1.11,2.85,,,,2.1,0.6,3.4,,,,,,,,,,
2021-07-05,40.03,38.47,41.46,,,,32.77,31.14,33.98,,,,10.0,8.33,11.33,,,,8.42,7.06,9.96,,,,4.26,2.4,5.96,,,,1.01,-1.08,2.84,,,,2.11,0.58,3.41,,,,,,,,,,
2021-07-06,39.99,38.41,41.43,,,,32.78,31.15,33.96,,,,10.02,8.35,11.35,,,,8.43,7.07,9.96,,,,4.26,2.38,5.96,,,,1.01,-1.11,2.87,,,,2.12,0.56,3.42,,,,,,,,,,
2021-07-07,39.95,38.36,41.4,,,,32.79,31.15,33.96,,,,10.04,8.36,11.37,,,,8.43,7.05,9.94,,,,4.26,2.36,5.95,,,,1.01,-1.15,2.85,,,,2.12,0.57,3.43,,,,,,,,,,
2021-07-08,39.91,38.34,41.37,,,,32.79,31.17,33.97,,,,10.06,8.37,11.39,,,,8.43,7.04,9.92,,,,4.25,2.35,5.93,,,,1.01,-1.2,2.87,,,,2.13,0.59,3.45,,,,38.0,33.0,12.0,8.0,4.0,,2.0
2021-07-09,39.87,38.31,41.33,,,,32.8,31.19,33.98,,,,10.08,8.39,11.39,,,,8.44,7.05,9.9,,,,4.25,2.34,5.94,,,,1.01,-1.23,2.89,,,,2.14,0.64,3.46,,,,,,,,,,
2021-07-10,39.83,38.29,41.29,,,,32.81,31.21,34.0,,,,10.1,8.4,11.4,,,,8.44,7.05,9.88,,,,4.24,2.33,5.95,,,,1.01,-1.23,2.91,,,,2.15,0.69,3.47,,,,,,,,,,
2021-07-11,39.78,38.26,41.24,,,,32.82,31.25,34.01,,,,10.11,8.42,11.4,,,,8.44,7.07,9.87,,,,4.24,2.35,5.95,,,,1.01,-1.23,2.92,,,,2.16,0.75,3.48,,,,,,,,,,
2021-07-12,39.74,38.23,41.14,,,,32.83,31.29,34.03,,,,10.13,8.44,11.41,,,,8.45,7.08,9.88,,,,4.24,2.33,5.95,,,,1.01,-1.22,2.95,,,,2.17,0.79,3.5,,,,,,,,,,
2021-07-13,39.7,38.21,41.08,,,,32.84,31.34,34.06,,,,10.15,8.46,11.41,,,,8.45,7.09,9.89,,,,4.23,2.35,5.96,,,,1.01,-1.24,2.97,,,,2.18,0.84,3.51,,,,,,,,,,
2021-07-14,39.65,38.19,41.08,,,,32.86,31.38,34.07,,,,10.16,8.47,11.41,,,,8.45,7.09,9.88,,,,4.23,2.39,5.99,,,,1.01,-1.28,3.0,,,,2.19,0.9,3.51,,,,,,,,,,
2021-07-15,39.61,38.17,41.05,,,,32.87,31.43,34.09,,,,10.18,8.49,11.41,,,,8.46,7.08,9.87,,,,4.23,2.39,6.03,,,,1.01,-1.3,3.02,,,,2.2,0.95,3.51,,,,,,,,,,
2021-07-16,39.57,38.13,41.0,,,,32.88,31.46,34.13,,,,10.2,8.53,11.42,,,,8.46,7.12,9.89,,,,4.22,2.36,6.05,,,,1.01,-1.3,3.05,,,,2.21,1.0,3.54,,,,43.0,32.0,11.0,7.0,4.0,1.0,2.0
2021-07-17,39.52,38.04,40.94,,,,32.89,31.49,34.15,,,,10.21,8.56,11.41,,,,8.46,7.13,9.89,,,,4.22,2.33,6.02,,,,1.01,-1.3,3.07,,,,2.22,1.03,3.55,,,,,,,,,,
2021-07-18,39.48,37.94,40.89,,,,32.9,31.48,34.19,,,,10.23,8.6,11.42,,,,8.46,7.12,9.9,,,,4.22,2.33,6.01,,,,1.01,-1.29,3.09,,,,2.23,1.02,3.55,,,,,,,,,,
2021-07-19,39.44,37.9,40.84,,,,32.91,31.49,34.19,,,,10.24,8.63,11.44,,,,8.47,7.12,9.9,,,,4.21,2.36,6.03,,,,1.01,-1.29,3.13,,,,2.24,1.03,3.53,,,,,,,,,,
2021-07-20,39.39,37.87,40.78,,,,32.93,31.5,34.19,,,,10.26,8.67,11.45,,,,8.47,7.12,9.92,,,,4.21,2.39,6.04,,,,1.01,-1.32,3.16,,,,2.25,1.03,3.55,,,,,,,,,,
2021-07-21,39.35,37.85,40.73,,,,32.94,31.53,34.2,,,,10.27,8.7,11.47,,,,8.47,7.13,9.91,,,,4.21,2.38,6.04,,,,1.01,-1.32,3.16,,,,2.26,1.03,3.57,,,,38.0,33.0,11.0,9.0,5.0,1.0,3.0
2021-07-22,39.31,37.83,40.68,,,,32.95,31.56,34.2,,,,10.29,8.73,11.52,,,,8.48,7.14,9.91,,,,4.2,2.35,6.05,,,,1.01,-1.29,3.16,,,,2.27,1.06,3.59,,,,,,,,,,
2021-07-23,39.26,37.82,40.63,,,,32.96,31.6,34.19,,,,10.3,8.76,11.52,,,,8.48,7.14,9.91,,,,4.2,2.32,6.04,,,,1.01,-1.28,3.18,,,,2.28,1.11,3.61,,,,,,,,,,
2021-07-24,39.22,37.81,40.6,,,,32.97,31.61,34.19,,,,10.31,8.79,11.55,,,,8.48,7.13,9.9,,,,4.2,2.34,6.0,,,,1.01,-1.32,3.19,,,,2.29,1.13,3.62,,,,,,,,,,
2021-07-25,39.18,37.76,40.58,,,,32.99,31.61,34.19,,,,10.33,8.82,11.56,,,,8.49,7.14,9.9,,,,4.19,2.36,5.97,,,,1.02,-1.35,3.2,,,,2.3,1.13,3.63,,,,,,,,,,
2021-07-26,39.14,37.71,40.53,,,,33.0,31.6,34.18,,,,10.34,8.85,11.55,,,,8.49,7.13,9.89,,,,4.19,2.37,5.96,,,,1.02,-1.37,3.21,,,,2.31,1.12,3.63,,,,,,,,,,
2021-07-27,39.09,37.67,40.48,,,,33.01,31.59,34.18,,,,10.35,8.88,11.56,,,,8.49,7.15,9.88,,,,4.19,2.39,5.96,,,,1.02,-1.37,3.2,,,,2.32,1.12,3.64,,,,,,,,,,
2021-07-28,39.05,37.62,40.43,,,,33.02,31.59,34.18,,,,10.37,8.9,11.6,,,,8.5,7.16,9.88,,,,4.18,2.4,5.96,,,,1.02,-1.38,3.18,,,,2.33,1.13,3.65,,,,,,,,,,
2021-07-29,39.01,37.58,40.39,,,,33.03,31.62,34.19,,,,10.38,8.89,11.64,,,,8.5,7.18,9.87,,,,4.18,2.41,5.96,,,,1.02,-1.38,3.16,,,,2.34,1.13,3.66,,,,39.0,35.0,9.0,10.0,3.0,1.0,1.0
2021-07-30,38.97,37.53,40.35,,,,33.04,31.65,34.2,,,,10.39,8.88,11.62,,,,8.51,7.2,9.85,,,,4.18,2.42,5.95,,,,1.02,-1.38,3.18,,,,2.35,1.11,3.67,,,,,,,,,,
2021-07-31,38.93,37.48,40.32,,,,33.05,31.64,34.22,,,,10.4,8.89,11.63,,,,8.51,7.21,9.86,,,,4.18,2.44,5.94,,,,1.02,-1.39,3.2,,,,2.36,1.08,3.67,,,,,,,,,,
2021-08-01,38.89,37.43,40.3,,,,33.06,31.64,34.24,,,,10.42,8.88,11.63,,,,8.52,7.21,9.85,,,,4.17,2.46,5.93,,,,1.03,-1.39,3.21,,,,2.37,1.04,3.68,,,,,,,,,,
2021-08-02,38.85,37.37,40.28,,,,33.07,31.63,34.25,,,,10.43,8.87,11.66,,,,8.52,7.2,9.85,,,,4.17,2.48,5.92,,,,1.03,-1.39,3.21,,,,2.38,1.06,3.69,,,,,,,,,,
2021-08-03,38.81,37.31,40.26,,,,33.08,31.62,34.29,,,,10.44,8.86,11.69,,,,8.53,7.19,9.83,,,,4.17,2.5,5.93,,,,1.03,-1.39,3.21,,,,2.39,1.09,3.69,,,,,,,,,,
2021-08-04,38.77,37.25,40.25,,,,33.09,31.6,34.32,,,,10.45,8.85,11.71,,,,8.54,7.18,9.8,,,,4.17,2.53,5.94,,,,1.03,-1.35,3.2,,,,2.4,1.12,3.7,,,,,,,,,,
2021-08-05,38.73,37.2,40.23,,,,33.09,31.58,34.33,,,,10.46,8.84,11.72,,,,8.54,7.17,9.84,,,,4.17,2.55,5.97,,,,1.03,-1.3,3.26,,,,2.41,1.15,3.71,,,,,,,,,,
2021-08-06,38.69,37.19,40.21,,,,33.1,31.56,34.34,,,,10.47,8.87,11.73,,,,8.55,7.19,9.84,,,,4.16,2.58,6.02,,,,1.03,-1.27,3.28,,,,2.42,1.15,3.71,,,,39.0,35.0,11.0,7.0,4.0,1.0,1.0
2021-08-07,38.65,37.18,40.18,,,,33.11,31.56,34.34,,,,10.48,8.91,11.73,,,,8.56,7.21,9.84,,,,4.16,2.59,6.05,,,,1.04,-1.29,3.29,,,,2.43,1.15,3.71,,,,,,,,,,
2021-08-08,38.62,37.13,40.14,,,,33.12,31.6,34.35,,,,10.48,8.93,11.74,,,,8.56,7.19,9.86,,,,4.16,2.58,6.09,,,,1.04,-1.33,3.29,,,,2.44,1.14,3.72,,,,,,,,,,
2021-08-09,38.58,37.08,40.11,,,,33.12,31.6,34.34,,,,10.49,8.93,11.74,,,,8.57,7.18,9.87,,,,4.16,2.58,6.07,,,,1.04,-1.35,3.27,,,,2.45,1.14,3.72,,,,,,,,,,
2021-08-10,38.54,37.03,40.06,,,,33.13,31.61,34.33,,,,10.5,8.92,11.75,,,,8.58,7.2,9.88,,,,4.16,2.58,6.04,,,,1.04,-1.32,3.25,,,,2.45,1.16,3.73,,,,,,,,,,
2021-08-11,38.51,36.98,40.01,,,,33.14,31.64,34.31,,,,10.51,8.92,11.76,,,,8.59,7.18,9.87,,,,4.16,2.55,6.01,,,,1.04,-1.29,3.23,,,,2.46,1.14,3.75,,,,,,,,,,
2021-08-12,38.47,36.92,39.98,,,,33.14,31.68,34.3,,,,10.51,8.92,11.76,,,,8.6,7.17,9.86,,,,4.16,2.52,5.99,,,,1.04,-1.27,3.23,,,,2.47,1.14,3.76,,,,39.0,33.0,11.0,8.0,4.0,1.0,2.0
2021-08-13,38.43,36.88,39.95,,,,33.15,31.71,34.28,,,,10.52,8.9,11.78,,,,8.61,7.16,9.87,,,,4.16,2.53,5.96,,,,1.04,-1.24,3.26,,,,2.48,1.17,3.77,,,,,,,,,,
2021-08-14,38.4,36.84,39.94,,,,33.16,31.74,34.28,,,,10.52,8.91,11.81,,,,8.62,7.2,9.89,,,,4.16,2.54,5.94,,,,1.05,-1.2,3.25,,,,2.49,1.2,3.77,,,,,,,,,,
2021-08-15,38.36,36.79,39.92,,,,33.16,31.77,34.3,,,,10.52,8.9,11.83,,,,8.63,7.23,9.91,,,,4.16,2.54,5.95,,,,1.05,-1.17,3.3,,,,2.49,1.22,3.77,,,,,,,,,,
2021-08-16,38.32,36.75,39.89,,,,33.17,31.81,34.34,,,,10.53,8.9,11.83,,,,8.64,7.22,9.93,,,,4.16,2.54,5.95,,,,1.05,-1.14,3.29,,,,2.5,1.2,3.79,,,,,,,,,,
2021-08-17,38.29,36.72,39.85,,,,33.18,31.84,34.39,,,,10.53,8.93,11.83,,,,8.65,7.2,9.97,,,,4.16,2.55,5.95,,,,1.05,-1.12,3.28,,,,2.51,1.19,3.8,,,,,,,,,,
2021-08-18,38.25,36.66,39.81,,,,33.18,31.84,34.44,,,,10.53,8.96,11.83,,,,8.66,7.24,10.02,,,,4.16,2.56,5.95,,,,1.05,-1.1,3.27,,,,2.51,1.18,3.82,,,,38.0,32.0,11.0,8.0,5.0,1.0,2.0
2021-08-19,38.22,36.59,39.77,,,,33.19,31.83,34.48,,,,10.53,8.99,11.83,,,,8.67,7.26,10.07,,,,4.16,2.58,5.94,,,,1.05,-1.09,3.26,,,,2.52,1.17,3.82,,,,,,,,,,
2021-08-20,38.18,36.51,39.73,,,,33.2,31.83,34.52,,,,10.53,9.02,11.83,,,,8.69,7.29,10.12,,,,4.16,2.59,5.97,,,,1.05,-1.11,3.25,,,,2.53,1.2,3.8,,,,,,,,,,
2021-08-21,38.15,36.48,39.69,,,,33.2,31.83,34.53,,,,10.53,9.05,11.81,,,,8.7,7.29,10.15,,,,4.17,2.59,6.01,,,,1.05,-1.12,3.23,,,,2.53,1.21,3.78,,,,,,,,,,
2021-08-22,38.11,36.45,39.64,,,,33.21,31.82,34.54,,,,10.53,9.08,11.82,,,,8.71,7.29,10.21,,,,4.17,2.57,6.03,,,,1.06,-1.14,3.21,,,,2.54,1.21,3.76,,,,,,,,,,
2021-08-23,38.08,36.39,39.6,,,,33.22,31.82,34.56,,,,10.53,9.06,11.86,,,,8.73,7.3,10.27,,,,4.17,2.59,6.04,,,,1.06,-1.15,3.2,,,,2.55,1.2,3.75,,,,,,,,,,
2021-08-24,38.04,36.34,39.57,,,,33.23,31.83,34.58,,,,10.52,9.03,11.86,,,,8.74,7.3,10.29,,,,4.17,2.6,6.06,,,,1.06,-1.18,3.18,,,,2.56,1.2,3.73,,,,,,,,,,
2021-08-25,38.01,36.29,39.5,,,,33.23,31.83,34.62,,,,10.52,9.01,11.84,,,,8.75,7.31,10.3,,,,4.17,2.59,6.07,,,,1.06,-1.22,3.17,,,,2.56,1.19,3.75,,,,,,,,,,
2021-08-26,37.97,36.26,39.45,,,,33.24,31.83,34.66,,,,10.52,9.01,11.83,,,,8.77,7.32,10.31,,,,4.17,2.58,6.09,,,,1.06,-1.2,3.14,,,,2.57,1.19,3.77,,,,38.0,32.0,11.0,9.0,4.0,1.0,3.0
2021-08-27,37.93,36.24,39.4,,,,33.25,31.88,34.67,,,,10.51,9.0,11.83,,,,8.78,7.33,10.33,,,,4.17,2.57,6.07,,,,1.06,-1.19,3.12,,,,2.58,1.2,3.79,,,,,,,,,,
2021-08-28,37.9,36.21,39.38,,,,33.26,31.87,34.67,,,,10.5,8.97,11.83,,,,8.8,7.34,10.33,,,,4.17,2.58,6.04,,,,1.06,-1.2,3.11,,,,2.59,1.21,3.81,,,,,,,,,,
2021-08-29,37.86,36.19,39.33,,,,33.27,31.86,34.67,,,,10.5,8.93,11.82,,,,8.81,7.36,10.34,,,,4.17,2.57,6.02,,,,1.06,-1.2,3.12,,,,2.59,1.22,3.82,,,,,,,,,,
2021-08-30,37.83,36.17,39.27,,,,33.28,31.84,34.67,,,,10.49,8.9,11.82,,,,8.83,7.37,10.36,,,,4.17,2.58,5.98,,,,1.06,-1.21,3.12,,,,2.6,1.21,3.86,,,,,,,,,,
2021-08-31,37.79,36.15,39.24,,,,33.29,31.84,34.7,,,,10.48,8.87,11.84,,,,8.85,7.39,10.37,,,,4.17,2.59,5.95,,,,1.06,-1.21,3.13,,,,2.61,1.21,3.88,,,,,,,,,,
2021-09-01,37.75,36.13,39.17,,,,33.3,31.84,34.73,,,,10.47,8.85,11.84,,,,8.86,7.41,10.37,,,,4.18,2.58,5.92,,,,1.06,-1.22,3.14,,,,2.62,1.2,3.9,,,,,,,,,,
2021-09-02,37.71,36.09,39.12,,,,33.32,31.84,34.77,,,,10.46,8.83,11.81,,,,8.88,7.43,10.39,,,,4.18,2.57,5.94,,,,1.06,-1.21,3.14,,,,2.63,1.2,3.89,,,,,,,,,,
2021-09-03,37.68,36.07,39.07,,,,33.33,31.85,34.81,,,,10.46,8.81,11.79,,,,8.9,7.45,10.4,,,,4.18,2.57,5.96,,,,1.07,-1.21,3.14,,,,2.64,1.2,3.89,,,,36.0,34.0,9.0,10.0,5.0,1.0,3.0
2021-09-04,37.64,36.07,39.04,,,,33.34,31.84,34.84,,,,10.44,8.8,11.78,,,,8.92,7.47,10.42,,,,4.18,2.56,6.04,,,,1.07,-1.19,3.15,,,,2.65,1.23,3.91,,,,,,,,,,
2021-09-05,37.6,36.06,38.98,,,,33.35,31.83,34.85,,,,10.43,8.78,11.77,,,,8.93,7.49,10.43,,,,4.18,2.55,6.12,,,,1.07,-1.17,3.14,,,,2.66,1.26,3.94,,,,,,,,,,
2021-09-06,37.56,36.05,38.94,,,,33.37,31.81,34.84,,,,10.42,8.77,11.76,,,,8.95,7.51,10.44,,,,4.18,2.54,6.11,,,,1.07,-1.14,3.15,,,,2.67,1.29,3.96,,,,,,,,,,
2021-09-07,37.52,36.0,38.92,,,,33.38,31.82,34.82,,,,10.41,8.75,11.73,,,,8.97,7.54,10.45,,,,4.18,2.53,6.1,,,,1.07,-1.12,3.16,,,,2.68,1.32,3.98,,,,,,,,,,
2021-09-08,37.48,35.96,38.89,,,,33.4,31.85,34.8,,,,10.4,8.74,11.7,,,,8.99,7.57,10.44,,,,4.18,2.52,6.08,,,,1.07,-1.1,3.16,,,,2.69,1.35,4.0,,,,,,,,,,
2021-09-09,37.44,35.91,38.86,,,,33.41,31.88,34.78,,,,10.39,8.73,11.7,,,,9.0,7.59,10.44,,,,4.18,2.52,6.06,,,,1.07,-1.14,3.17,,,,2.71,1.38,4.02,,,,32.0,36.0,12.0,10.0,3.0,1.0,4.0
2021-09-10,37.4,35.86,38.84,,,,33.43,31.9,34.81,,,,10.37,8.72,11.7,,,,9.02,7.62,10.44,,,,4.18,2.51,6.05,,,,1.07,-1.12,3.18,,,,2.72,1.41,4.03,,,,,,,,,,
2021-09-11,37.36,35.83,38.82,,,,33.44,31.92,34.83,,,,10.36,8.72,11.68,,,,9.04,7.65,10.45,,,,4.18,2.5,6.04,,,,1.07,-1.1,3.19,,,,2.73,1.44,4.05,,,,,,,,,,
2021-09-12,37.32,35.79,38.8,,,,33.46,31.93,34.82,,,,10.35,8.71,11.67,,,,9.05,7.68,10.46,,,,4.18,2.49,6.06,,,,1.07,-1.11,3.19,,,,2.75,1.47,4.07,,,,,,,,,,
2021-09-13,37.27,35.74,38.77,,,,33.48,31.94,34.81,,,,10.33,8.71,11.67,,,,9.07,7.71,10.46,,,,4.18,2.48,6.08,,,,1.07,-1.11,3.19,,,,2.76,1.48,4.08,,,,,,,,,,
2021-09-14,37.23,35.71,38.73,,,,33.49,31.96,34.82,,,,10.32,8.7,11.68,,,,9.09,7.74,10.48,,,,4.18,2.47,6.1,,,,1.07,-1.13,3.18,,,,2.78,1.48,4.11,,,,,,,,,,
2021-09-15,37.19,35.67,38.71,,,,33.51,31.97,34.84,,,,10.31,8.7,11.68,,,,9.1,7.77,10.48,,,,4.18,2.45,6.12,,,,1.07,-1.13,3.18,,,,2.79,1.49,4.13,,,,,,,,,,
2021-09-16,37.14,35.63,38.7,,,,33.53,32.0,34.87,,,,10.29,8.7,11.68,,,,9.12,7.8,10.48,,,,4.18,2.43,6.15,,,,1.07,-1.12,3.17,,,,2.81,1.49,4.14,,,,38.0,36.0,9.0,7.0,4.0,1.0,3.0
2021-09-17,37.1,35.59,38.67,,,,33.55,32.06,34.91,,,,10.28,8.71,11.68,,,,9.14,7.8,10.48,,,,4.18,2.43,6.17,,,,1.07,-1.12,3.15,,,,2.82,1.51,4.16,,,,,,,,,,
2021-09-18,37.05,35.55,38.62,,,,33.57,32.07,34.95,,,,10.26,8.71,11.68,,,,9.15,7.83,10.49,,,,4.18,2.44,6.19,,,,1.08,-1.12,3.11,,,,2.84,1.56,4.19,,,,,,,,,,
2021-09-19,37.01,35.49,38.57,,,,33.59,32.08,34.99,,,,10.25,8.71,11.67,,,,9.17,7.87,10.49,,,,4.18,2.41,6.21,,,,1.08,-1.13,3.07,,,,2.86,1.59,4.24,,,,,,,,,,
2021-09-20,36.96,35.45,38.54,,,,33.61,32.08,35.02,,,,10.24,8.7,11.65,,,,9.18,7.9,10.49,,,,4.18,2.38,6.23,,,,1.08,-1.13,3.05,,,,2.88,1.62,4.29,,,,,,,,,,
2021-09-21,36.91,35.39,38.51,,,,33.63,32.1,35.04,,,,10.22,8.71,11.64,,,,9.2,7.94,10.52,,,,4.18,2.38,6.25,,,,1.08,-1.13,3.03,,,,2.9,1.61,4.32,,,,,,,,,,
2021-09-22,36.86,35.32,38.47,,,,33.66,32.12,35.06,,,,10.21,8.7,11.64,,,,9.21,7.98,10.55,,,,4.18,2.37,6.26,,,,1.08,-1.13,3.05,,,,2.92,1.6,4.34,,,,,,,,,,
2021-09-23,36.81,35.25,38.42,,,,33.68,32.15,35.07,,,,10.2,8.68,11.64,,,,9.22,7.99,10.58,,,,4.18,2.36,6.25,,,,1.08,-1.15,3.07,,,,2.94,1.58,4.35,,,,36.0,33.0,12.0,10.0,5.0,1.0,3.0
2021-09-24,36.76,35.18,38.33,,,,33.71,32.17,35.09,,,,10.18,8.67,11.64,,,,9.23,8.01,10.61,,,,4.18,2.35,6.23,,,,1.08,-1.15,3.1,,,,2.96,1.59,4.35,,,,,,,,,,
2021-09-25,36.71,35.13,38.26,,,,33.74,32.21,35.1,,,,10.17,8.67,11.63,,,,9.25,8.01,10.61,,,,4.18,2.34,6.22,,,,1.08,-1.15,3.11,,,,2.98,1.61,4.38,,,,,,,,,,
2021-09-26,36.65,35.07,38.22,,,,33.76,32.25,35.13,,,,10.16,8.66,11.62,,,,9.26,8.03,10.62,,,,4.18,2.34,6.2,,,,1.08,-1.16,3.08,,,,3.0,1.61,4.45,,,,,,,,,,
2021-09-27,36.59,35.01,38.17,,,,33.79,32.3,35.18,,,,10.15,8.65,11.61,,,,9.27,8.05,10.65,,,,4.18,2.33,6.19,,,,1.09,-1.16,3.06,,,,3.02,1.65,4.5,,,,,,,,,,
2021-09-28,36.54,34.92,38.13,,,,33.83,32.35,35.21,,,,10.13,8.64,11.63,,,,9.28,8.05,10.68,,,,4.17,2.33,6.17,,,,1.09,-1.15,3.08,,,,3.04,1.67,4.52,,,,,,,,,,
2021-09-29,36.48,34.84,38.08,,,,33.86,32.4,35.24,,,,10.12,8.62,11.63,,,,9.28,8.05,10.71,,,,4.17,2.34,6.16,,,,1.09,-1.16,3.01,,,,3.07,1.7,4.54,,,,37.0,33.0,10.0,9.0,3.0,2.0,4.0
2021-09-30,36.42,34.81,38.01,,,,33.89,32.45,35.3,,,,10.11,8.6,11.63,,,,9.29,8.05,10.74,,,,4.17,2.36,6.14,,,,1.09,-1.15,2.95,,,,3.09,1.73,4.55,,,,,,,,,,
2021-10-01,36.36,34.76,37.94,,,,33.93,32.5,35.36,,,,10.1,8.62,11.62,,,,9.3,8.05,10.78,,,,4.17,2.39,6.14,,,,1.09,-1.1,2.96,,,,3.11,1.75,4.57,,,,,,,,,,
2021-10-02,36.3,34.7,37.86,,,,33.96,32.53,35.42,,,,10.09,8.59,11.61,,,,9.31,8.04,10.81,,,,4.17,2.36,6.16,,,,1.09,-1.07,2.99,,,,3.14,1.77,4.57,,,,,,,,,,
2021-10-03,36.23,34.67,37.78,,,,34.0,32.52,35.47,,,,10.08,8.58,11.59,,,,9.31,8.04,10.81,,,,4.17,2.35,6.15,,,,1.09,-1.1,3.03,,,,3.16,1.78,4.57,,,,,,,,,,
2021-10-04,36.17,34.66,37.7,,,,34.03,32.52,35.49,,,,10.07,8.6,11.58,,,,9.32,8.05,10.83,,,,4.17,2.35,6.1,,,,1.1,-1.13,3.03,,,,3.19,1.8,4.59,,,,,,,,,,
2021-10-05,36.11,34.61,37.63,,,,34.07,32.56,35.51,,,,10.07,8.62,11.57,,,,9.33,8.04,10.84,,,,4.17,2.35,6.05,,,,1.1,-1.17,3.01,,,,3.21,1.82,4.58,,,,,,,,,,
2021-10-06,36.04,34.54,37.59,,,,34.11,32.59,35.56,,,,10.06,8.64,11.54,,,,9.33,8.04,10.86,,,,4.17,2.36,6.02,,,,1.1,-1.2,2.99,,,,3.24,1.85,4.59,,,,40.0,28.0,10.0,10.0,5.0,1.0,3.0
2021-10-07,35.98,34.46,37.55,,,,34.15,32.63,35.61,,,,10.05,8.66,11.52,,,,9.34,8.06,10.87,,,,4.17,2.33,6.0,,,,1.1,-1.2,2.97,,,,3.26,1.87,4.61,,,,,,,,,,
2021-10-08,35.91,34.39,37.5,,,,34.18,32.68,35.66,,,,10.04,8.66,11.52,,,,9.34,8.07,10.85,,,,4.17,2.33,5.98,,,,1.1,-1.21,2.98,,,,3.29,1.9,4.64,,,,,,,,,,
2021-10-09,35.85,34.32,37.46,,,,34.22,32.73,35.71,,,,10.04,8.66,11.52,,,,9.34,8.09,10.82,,,,4.17,2.37,5.96,,,,1.1,-1.26,2.99,,,,3.31,1.92,4.66,,,,,,,,,,
2021-10-10,35.78,34.29,37.38,,,,34.26,32.78,35.77,,,,10.03,8.67,11.52,,,,9.35,8.11,10.82,,,,4.17,2.39,5.94,,,,1.1,-1.3,3.0,,,,3.34,1.95,4.68,,,,,,,,,,
2021-10-11,35.72,34.25,37.37,,,,34.3,32.84,35.85,,,,10.02,8.68,11.5,,,,9.35,8.12,10.81,,,,4.16,2.43,5.94,,,,1.11,-1.34,3.04,,,,3.36,1.98,4.7,,,,,,,,,,
2021-10-12,35.66,34.21,37.34,,,,34.34,32.89,35.9,,,,10.02,8.69,11.48,,,,9.35,8.1,10.82,,,,4.16,2.45,5.98,,,,1.11,-1.32,3.11,,,,3.38,2.01,4.71,,,,,,,,,,
2021-10-13,35.59,34.16,37.32,,,,34.38,32.94,35.95,,,,10.01,8.68,11.47,,,,9.35,8.09,10.83,,,,4.16,2.47,6.01,,,,1.11,-1.31,3.16,,,,3.41,2.01,4.72,,,,40.0,31.0,10.0,9.0,4.0,1.0,2.0
2021-10-14,35.53,34.11,37.25,,,,34.42,32.96,35.99,,,,10.01,8.68,11.47,,,,9.35,8.08,10.85,,,,4.16,2.44,5.99,,,,1.11,-1.3,3.11,,,,3.43,2.03,4.73,,,,,,,,,,
2021-10-15,35.47,34.04,37.16,,,,34.46,33.01,36.03,,,,10.01,8.69,11.48,,,,9.35,8.11,10.88,,,,4.16,2.4,5.94,,,,1.11,-1.29,3.05,,,,3.45,2.06,4.75,,,,,,,,,,
2021-10-16,35.4,33.97,37.11,,,,34.5,33.06,36.06,,,,10.0,8.69,11.53,,,,9.35,8.14,10.91,,,,4.16,2.38,5.9,,,,1.11,-1.27,3.05,,,,3.48,2.1,4.77,,,,,,,,,,
2021-10-17,35.34,33.9,37.07,,,,34.54,33.09,36.1,,,,10.0,8.7,11.54,,,,9.35,8.15,10.94,,,,4.16,2.38,5.85,,,,1.11,-1.28,3.06,,,,3.5,2.14,4.8,,,,,,,,,,
2021-10-18,35.28,33.83,37.05,,,,34.58,33.14,36.15,,,,10.0,8.69,11.54,,,,9.35,8.13,10.96,,,,4.16,2.38,5.89,,,,1.11,-1.26,3.06,,,,3.52,2.18,4.82,,,,,,,,,,
2021-10-19,35.21,33.77,37.03,,,,34.62,33.2,36.19,,,,9.99,8.69,11.54,,,,9.35,8.1,10.96,,,,4.16,2.37,5.91,,,,1.12,-1.22,3.05,,,,3.54,2.23,4.84,,,,,,,,,,
2021-10-20,35.15,33.7,37.01,,,,34.66,33.26,36.23,,,,9.99,8.69,11.54,,,,9.35,8.07,10.96,,,,4.16,2.37,5.89,,,,1.12,-1.17,3.05,,,,3.56,2.27,4.86,,,,,,,,,,
2021-10-21,35.08,33.64,36.98,,,,34.71,33.31,36.28,,,,9.99,8.69,11.54,,,,9.35,8.1,10.95,,,,4.16,2.37,5.86,,,,1.12,-1.14,3.05,,,,3.58,2.3,4.88,,,,36.0,34.0,10.0,10.0,5.0,1.0,3.0
2021-10-22,35.01,33.57,36.94,,,,34.75,33.37,36.32,,,,10.0,8.7,11.54,,,,9.35,8.09,10.96,,,,4.16,2.37,5.82,,,,1.12,-1.15,3.04,,,,3.6,2.33,4.9,,,,,,,,,,
2021-10-23,34.95,33.48,36.85,,,,34.8,33.43,36.36,,,,10.0,8.71,11.54,,,,9.34,8.07,10.96,,,,4.17,2.37,5.8,,,,1.12,-1.15,3.04,,,,3.62,2.36,4.92,,,,,,,,,,
2021-10-24,34.88,33.38,36.82,,,,34.84,33.46,36.41,,,,10.0,8.7,11.54,,,,9.34,8.06,10.96,,,,4.17,2.37,5.76,,,,1.12,-1.14,3.02,,,,3.64,2.38,4.94,,,,,,,,,,
2021-10-25,34.81,33.27,36.76,,,,34.89,33.52,36.45,,,,10.0,8.72,11.54,,,,9.33,8.04,10.95,,,,4.17,2.37,5.73,,,,1.12,-1.12,3.01,,,,3.66,2.4,4.95,,,,,,,,,,
2021-10-26,34.74,33.17,36.68,,,,34.94,33.56,36.52,,,,10.01,8.73,11.56,,,,9.33,8.03,10.95,,,,4.17,2.36,5.72,,,,1.12,-1.1,2.99,,,,3.67,2.43,4.95,,,,,,,,,,
2021-10-27,34.67,33.09,36.61,,,,34.99,33.61,36.59,,,,10.02,8.73,11.57,,,,9.32,8.01,10.95,,,,4.17,2.35,5.72,,,,1.12,-1.09,2.97,,,,3.69,2.45,4.97,,,,,,,,,,
2021-10-28,34.6,33.04,36.5,,,,35.04,33.65,36.6,,,,10.02,8.72,11.58,,,,9.32,8.0,10.95,,,,4.17,2.34,5.74,,,,1.12,-1.07,2.95,,,,3.7,2.47,4.98,,,,37.0,34.0,9.0,11.0,4.0,1.0,2.0
2021-10-29,34.53,32.97,36.41,,,,35.09,33.7,36.65,,,,10.03,8.73,11.59,,,,9.31,8.0,10.95,,,,4.18,2.32,5.79,,,,1.13,-1.06,2.92,,,,3.72,2.5,4.99,,,,,,,,,,
2021-10-30,34.46,32.86,36.32,,,,35.14,33.75,36.72,,,,10.04,8.74,11.61,,,,9.3,8.0,10.94,,,,4.18,2.32,5.84,,,,1.13,-1.05,2.89,,,,3.73,2.52,4.99,,,,,,,,,,
2021-10-31,34.38,32.76,36.24,,,,35.2,33.8,36.75,,,,10.05,8.75,11.64,,,,9.29,8.0,10.95,,,,4.18,2.31,5.89,,,,1.13,-1.01,2.86,,,,3.75,2.55,4.98,,,,,,,,,,
2021-11-01,34.31,32.69,36.16,,,,35.25,33.85,36.8,,,,10.06,8.77,11.67,,,,9.28,8.0,10.95,,,,4.19,2.31,5.85,,,,1.13,-1.0,2.82,,,,3.76,2.57,5.01,,,,,,,,,,
2021-11-02,34.24,32.63,36.03,,,,35.31,33.9,36.87,,,,10.07,8.79,11.68,,,,9.27,7.99,10.95,,,,4.19,2.3,5.82,,,,1.13,-0.98,2.86,,,,3.77,2.6,5.01,,,,,,,,,,
2021-11-03,34.16,32.57,36.0,,,,35.36,33.95,36.94,,,,10.09,8.8,11.7,,,,9.26,7.98,10.95,,,,4.2,2.3,5.83,,,,1.13,-0.98,2.88,,,,3.78,2.63,5.05,,,,,,,,,,
2021-11-04,34.08,32.49,35.96,,,,35.42,34.0,37.01,,,,10.1,8.8,11.71,,,,9.25,7.99,10.95,,,,4.2,2.3,5.86,,,,1.13,-1.02,2.91,,,,3.8,2.66,5.05,,,,33.0,38.0,9.0,9.0,5.0,,4.0
2021-11-05,34.01,32.4,35.93,,,,35.48,34.05,37.09,,,,10.11,8.81,11.73,,,,9.24,7.99,10.93,,,,4.21,2.3,5.9,,,,1.13,-1.05,2.93,,,,3.81,2.69,5.07,,,,,,,,,,
2021-11-06,33.93,32.32,35.9,,,,35.54,34.12,37.15,,,,10.13,8.83,11.75,,,,9.23,7.97,10.93,,,,4.21,2.29,5.93,,,,1.13,-1.07,2.94,,,,3.82,2.72,5.08,,,,,,,,,,
2021-11-07,33.85,32.24,35.85,,,,35.6,34.2,37.22,,,,10.15,8.84,11.77,,,,9.22,7.96,10.93,,,,4.22,2.3,5.96,,,,1.13,-1.1,2.92,,,,3.83,2.74,5.05,,,,,,,,,,
2021-11-08,33.77,32.15,35.72,,,,35.66,34.28,37.29,,,,10.16,8.85,11.79,,,,9.2,7.95,10.92,,,,4.22,2.3,5.95,,,,1.13,-1.09,2.91,,,,3.83,2.77,5.07,,,,,,,,,,
2021-11-09,33.7,32.08,35.6,,,,35.72,34.35,37.35,,,,10.18,8.86,11.81,,,,9.19,7.94,10.91,,,,4.23,2.28,5.94,,,,1.13,-1.05,2.94,,,,3.84,2.77,5.08,,,,,,,,,,
2021-11-10,33.62,32.0,35.47,,,,35.79,34.42,37.42,,,,10.2,8.88,11.83,,,,9.18,7.93,10.91,,,,4.23,2.26,5.95,,,,1.13,-1.0,2.96,,,,3.85,2.8,5.08,,,,,,,,,,
2021-11-11,33.54,31.93,35.33,,,,35.85,34.49,37.51,,,,10.21,8.9,11.85,,,,9.17,7.92,10.9,,,,4.24,2.26,5.97,,,,1.13,-0.94,3.0,,,,3.86,2.8,5.08,,,,34.0,36.0,11.0,10.0,3.0,1.0,4.0
2021-11-12,33.46,31.85,35.2,,,,35.92,34.56,37.6,,,,10.23,8.92,11.86,,,,9.15,7.91,10.89,,,,4.24,2.29,5.99,,,,1.13,-0.89,2.99,,,,3.86,2.78,5.1,,,,,,,,,,
2021-11-13,33.38,31.78,35.13,,,,35.98,34.63,37.67,,,,10.25,8.93,11.88,,,,9.14,7.89,10.87,,,,4.25,2.32,6.01,,,,1.13,-0.86,2.97,,,,3.87,2.78,5.11,,,,,,,,,,
2021-11-14,33.3,31.7,35.06,,,,36.05,34.7,37.75,,,,10.27,8.95,11.9,,,,9.12,7.88,10.84,,,,4.25,2.34,6.02,,,,1.13,-0.88,2.95,,,,3.88,2.76,5.12,,,,,,,,,,
2021-11-15,33.22,31.63,34.97,,,,36.11,34.76,37.81,,,,10.29,8.97,11.92,,,,9.11,7.87,10.79,,,,4.26,2.34,6.04,,,,1.13,-0.9,2.92,,,,3.88,2.79,5.12,,,,,,,,,,
2021-11-16,33.13,31.56,34.89,,,,36.18,34.84,37.87,,,,10.31,8.99,11.93,,,,9.09,7.86,10.78,,,,4.27,2.35,6.02,,,,1.13,-0.92,2.9,,,,3.89,2.77,5.12,,,,,,,,,,
2021-11-17,33.05,31.49,34.82,,,,36.25,34.9,37.93,,,,10.33,9.0,11.94,,,,9.08,7.84,10.78,,,,4.27,2.35,5.99,,,,1.13,-0.94,2.87,,,,3.89,2.76,5.12,,,,,,,,,,
2021-11-18,32.97,31.42,34.74,,,,36.32,34.95,38.03,,,,10.35,9.03,11.96,,,,9.06,7.83,10.77,,,,4.28,2.34,6.0,,,,1.13,-0.96,2.87,,,,3.9,2.74,5.12,,,,32.0,36.0,9.0,11.0,4.0,1.0,4.0
2021-11-19,32.89,31.35,34.66,,,,36.39,34.98,38.12,,,,10.37,9.05,11.97,,,,9.05,7.81,10.77,,,,4.28,2.36,6.02,,,,1.13,-0.93,2.87,,,,3.91,2.72,5.12,,,,,,,,,,
2021-11-20,32.81,31.27,34.54,,,,36.45,35.02,38.19,,,,10.39,9.07,11.99,,,,9.03,7.8,10.76,,,,4.29,2.38,5.98,,,,1.13,-0.94,2.88,,,,3.91,2.71,5.13,,,,,,,,,,
2021-11-21,32.73,31.21,34.46,,,,36.52,35.07,38.25,,,,10.41,9.09,12.0,,,,9.02,7.79,10.74,,,,4.29,2.4,5.95,,,,1.13,-0.94,2.86,,,,3.91,2.7,5.15,,,,,,,,,,
2021-11-22,32.66,31.15,34.41,,,,36.59,35.1,38.31,,,,10.43,9.12,12.03,,,,9.0,7.76,10.72,,,,4.3,2.42,5.97,,,,1.13,-0.92,2.88,,,,3.92,2.68,5.16,,,,,,,,,,
2021-11-23,32.58,31.05,34.34,,,,36.66,35.18,38.4,,,,10.45,9.14,12.05,,,,8.99,7.72,10.7,,,,4.3,2.42,6.0,,,,1.13,-0.9,2.88,,,,3.92,2.67,5.17,,,,,,,,,,
2021-11-24,32.5,30.95,34.26,,,,36.73,35.29,38.49,,,,10.47,9.17,12.07,,,,8.97,7.71,10.67,,,,4.31,2.41,6.03,,,,1.13,-0.91,2.88,,,,3.93,2.67,5.18,,,,,,,,,,
2021-11-25,32.42,30.84,34.18,,,,36.8,35.33,38.58,,,,10.49,9.19,12.13,,,,8.96,7.71,10.65,,,,4.31,2.41,6.04,,,,1.13,-0.91,2.94,,,,3.93,2.69,5.19,,,,36.0,35.0,7.0,9.0,4.0,1.0,5.0
2021-11-26,32.35,30.74,34.1,,,,36.87,35.39,38.66,,,,10.52,9.2,12.18,,,,8.94,7.69,10.62,,,,4.31,2.4,6.02,,,,1.13,-0.94,2.93,,,,3.94,2.7,5.2,,,,,,,,,,
2021-11-27,32.27,30.68,34.02,,,,36.94,35.47,38.75,,,,10.54,9.2,12.24,,,,8.92,7.65,10.6,,,,4.32,2.39,6.01,,,,1.13,-0.96,2.91,,,,3.94,2.72,5.21,,,,,,,,,,
2021-11-28,32.2,30.58,33.95,,,,37.01,35.54,38.81,,,,10.56,9.22,12.29,,,,8.91,7.59,10.59,,,,4.32,2.38,6.01,,,,1.13,-0.97,2.89,,,,3.94,2.7,5.21,,,,,,,,,,
2021-11-29,32.12,30.51,33.89,,,,37.07,35.62,38.87,,,,10.58,9.26,12.29,,,,8.89,7.58,10.59,,,,4.32,2.37,6.02,,,,1.13,-0.94,2.9,,,,3.95,2.68,5.22,,,,,,,,,,
2021-11-30,32.05,30.44,33.85,,,,37.14,35.7,38.93,,,,10.6,9.29,12.29,,,,8.87,7.57,10.56,,,,4.32,2.36,6.02,,,,1.13,-0.93,2.9,,,,3.95,2.65,5.26,,,,,,,,,,
2021-12-01,31.98,30.38,33.8,,,,37.21,35.78,39.02,,,,10.62,9.33,12.28,,,,8.85,7.56,10.54,,,,4.33,2.35,6.03,,,,1.13,-0.94,2.89,,,,3.96,2.62,5.28,,,,,,,,,,
2021-12-02,31.91,30.31,33.72,,,,37.28,35.85,39.07,,,,10.64,9.34,12.31,,,,8.84,7.55,10.52,,,,4.33,2.34,6.03,,,,1.13,-0.94,2.9,,,,3.96,2.59,5.29,,,,33.0,35.0,10.0,10.0,4.0,2.0,4.0
2021-12-03,31.84,30.25,33.64,,,,37.34,35.93,39.11,,,,10.66,9.36,12.34,,,,8.82,7.52,10.5,,,,4.33,2.34,6.02,,,,1.13,-0.94,2.91,,,,3.96,2.56,5.31,,,,,,,,,,
2021-12-04,31.78,30.18,33.57,,,,37.41,36.0,39.16,,,,10.68,9.38,12.37,,,,8.8,7.49,10.47,,,,4.33,2.34,5.97,,,,1.13,-0.94,2.91,,,,3.97,2.56,5.32,,,,,,,,,,
2021-12-05,31.71,30.13,33.51,,,,37.47,36.05,39.24,,,,10.7,9.4,12.41,,,,8.78,7.49,10.44,,,,4.33,2.35,5.97,,,,1.13,-0.94,2.91,,,,3.97,2.62,5.33,,,,,,,,,,
2021-12-06,31.65,30.07,33.47,,,,37.53,36.1,39.27,,,,10.72,9.43,12.44,,,,8.76,7.48,10.42,,,,4.33,2.36,5.97,,,,1.13,-0.93,2.92,,,,3.98,2.65,5.33,,,,,,,,,,
2021-12-07,31.58,30.02,33.42,,,,37.6,36.17,39.35,,,,10.74,9.46,12.47,,,,8.74,7.47,10.39,,,,4.33,2.36,5.96,,,,1.13,-0.92,2.92,,,,3.98,2.65,5.32,,,,,,,,,,
2021-12-08,31.52,29.96,33.38,,,,37.66,36.22,39.43,,,,10.77,9.48,12.5,,,,8.72,7.45,10.36,,,,4.33,2.34,5.97,,,,1.13,-0.91,2.92,,,,3.99,2.64,5.32,,,,,,,,,,
2021-12-09,31.46,29.91,33.33,,,,37.72,36.26,39.5,,,,10.79,9.51,12.51,,,,8.7,7.44,10.34,,,,4.33,2.33,5.99,,,,1.13,-0.92,2.91,,,,3.99,2.64,5.33,,,,31.0,37.0,11.0,8.0,4.0,1.0,5.0
2021-12-10,31.41,29.86,33.29,,,,37.78,36.33,39.58,,,,10.81,9.53,12.51,,,,8.68,7.4,10.31,,,,4.33,2.31,5.95,,,,1.13,-0.95,2.91,,,,3.99,2.63,5.35,,,,29.0,41.0,9.0,8.0,4.0,1.0,6.0
2021-12-11,31.35,29.81,33.25,,,,37.83,36.38,39.65,,,,10.83,9.55,12.5,,,,8.66,7.35,10.28,,,,4.33,2.3,5.95,,,,1.13,-0.98,2.94,,,,4.0,2.63,5.36,,,,,,,,,,
2021-12-12,31.3,29.76,33.21,,,,37.89,36.44,39.71,,,,10.84,9.55,12.51,,,,8.64,7.3,10.23,,,,4.32,2.31,5.96,,,,1.12,-0.96,2.95,,,,4.0,2.62,5.38,,,,,,,,,,
2021-12-13,31.24,29.72,33.17,,,,37.95,36.49,39.77,,,,10.86,9.55,12.51,,,,8.62,7.29,10.18,,,,4.32,2.31,5.95,,,,1.12,-0.94,2.96,,,,4.0,2.61,5.39,,,,,,,,,,
2021-12-14,31.19,29.71,33.1,,,,38.0,36.56,39.82,,,,10.88,9.56,12.51,,,,8.6,7.29,10.13,,,,4.32,2.31,5.94,,,,1.12,-0.93,2.96,,,,4.01,2.6,5.4,,,,,,,,,,
2021-12-15,31.15,29.65,33.02,,,,38.05,36.62,39.88,,,,10.9,9.58,12.53,,,,8.58,7.28,10.08,,,,4.32,2.32,5.93,,,,1.12,-0.94,2.97,,,,4.01,2.59,5.41,,,,28.0,42.0,10.0,7.0,4.0,1.0,5.0
2021-12-16,31.1,29.62,32.95,,,,38.11,36.67,39.92,,,,10.92,9.58,12.55,,,,8.56,7.27,10.05,,,,4.32,2.34,5.94,,,,1.12,-0.95,2.98,,,,4.01,2.59,5.42,,,,,,,,,,
2021-12-17,31.05,29.58,32.88,,,,38.16,36.72,39.97,,,,10.94,9.59,12.58,,,,8.54,7.26,10.0,,,,4.31,2.38,5.96,,,,1.12,-0.99,2.98,,,,4.02,2.59,5.43,,,,,,,,,,
2021-12-18,31.01,29.51,32.82,,,,38.2,36.77,40.01,,,,10.96,9.6,12.61,,,,8.52,7.25,9.98,,,,4.31,2.41,6.0,,,,1.12,-1.03,2.98,,,,4.02,2.59,5.43,,,,,,,,,,
2021-12-19,30.97,29.46,32.78,,,,38.25,36.82,40.05,,,,10.98,9.61,12.63,,,,8.5,7.24,9.96,,,,4.31,2.45,6.01,,,,1.12,-1.05,2.98,,,,4.02,2.57,5.44,,,,,,,,,,
2021-12-20,30.93,29.42,32.73,,,,38.3,36.86,40.07,,,,10.99,9.62,12.65,,,,8.48,7.21,9.95,,,,4.31,2.44,6.02,,,,1.12,-1.01,2.99,,,,4.03,2.56,5.44,,,,27.0,37.0,14.0,9.0,5.0,1.0,5.0
2021-12-21,30.89,29.39,32.69,,,,38.34,36.92,40.1,,,,11.01,9.64,12.68,,,,8.46,7.18,9.94,,,,4.3,2.43,6.02,,,,1.12,-0.99,2.99,,,,4.03,2.59,5.44,,,,,,,,,,
2021-12-22,30.85,29.36,32.65,,,,38.39,36.99,40.12,,,,11.03,9.65,12.71,,,,8.44,7.17,9.93,,,,4.3,2.41,6.03,,,,1.12,-1.01,2.99,,,,4.03,2.6,5.44,,,,,,,,,,
2021-12-23,30.81,29.32,32.56,,,,38.43,37.06,40.14,,,,11.05,9.67,12.73,,,,8.42,7.15,9.91,,,,4.3,2.42,6.06,,,,1.12,-1.02,2.99,,,,4.03,2.61,5.44,,,,,,,,,,
2021-12-24,30.78,29.3,32.48,,,,38.47,37.13,40.16,,,,11.07,9.68,12.71,,,,8.4,7.12,9.89,,,,4.29,2.44,6.08,,,,1.12,-1.03,2.99,,,,4.03,2.62,5.44,,,,,,,,,,
2021-12-25,30.75,29.25,32.44,,,,38.51,37.16,40.19,,,,11.08,9.7,12.69,,,,8.38,7.09,9.87,,,,4.29,2.46,6.1,,,,1.12,-1.01,2.98,,,,4.03,2.62,5.44,,,,,,,,,,
2021-12-26,30.72,29.2,32.4,,,,38.55,37.17,40.21,,,,11.1,9.71,12.69,,,,8.36,7.06,9.85,,,,4.29,2.49,6.11,,,,1.12,-0.99,2.93,,,,4.03,2.63,5.44,,,,,,,,,,
2021-12-27,30.69,29.17,32.37,,,,38.58,37.19,40.26,,,,11.12,9.72,12.74,,,,8.34,7.03,9.83,,,,4.29,2.49,6.12,,,,1.12,-1.01,2.89,,,,4.03,2.63,5.44,,,,,,,,,,
2021-12-28,30.66,29.14,32.31,,,,38.62,37.23,40.3,,,,11.13,9.75,12.77,,,,8.32,7.0,9.8,,,,4.28,2.51,6.18,,,,1.12,-1.01,2.84,,,,4.03,2.64,5.43,,,,,,,,,,
2021-12-29,30.63,29.1,32.28,,,,38.65,37.25,40.34,,,,11.15,9.77,12.81,,,,8.3,6.98,9.77,,,,4.28,2.54,6.18,,,,1.12,-0.96,2.81,,,,4.03,2.64,5.42,,,,,,,,,,
2021-12-30,30.61,29.09,32.26,,,,38.69,37.27,40.39,,,,11.17,9.79,12.85,,,,8.28,6.95,9.75,,,,4.28,2.55,6.16,,,,1.12,-1.01,2.8,,,,4.03,2.63,5.41,,,,,,,,,,
2021-12-31,30.58,29.08,32.23,,,,38.72,37.29,40.42,,,,11.18,9.82,12.89,,,,8.26,6.94,9.72,,,,4.28,2.53,6.19,,,,1.12,-1.02,2.81,,,,4.02,2.62,5.39,,,,,,,,,,
2022-01-01,30.56,29.08,32.2,,,,38.75,37.31,40.43,,,,11.2,9.84,12.93,,,,8.25,6.94,9.69,,,,4.27,2.54,6.19,,,,1.12,-1.0,2.81,,,,4.02,2.61,5.39,,,,,,,,,,
2022-01-02,30.54,29.03,32.17,,,,38.78,37.33,40.45,,,,11.22,9.87,12.96,,,,8.23,6.92,9.67,,,,4.27,2.53,6.19,,,,1.12,-1.0,2.83,,,,4.02,2.58,5.4,,,,,,,,,,
2022-01-03,30.52,28.98,32.14,,,,38.81,37.35,40.47,,,,11.23,9.9,12.98,,,,8.21,6.87,9.64,,,,4.27,2.56,6.19,,,,1.12,-0.99,2.8,,,,4.01,2.57,5.39,,,,,,,,,,
2022-01-04,30.5,28.98,32.11,,,,38.84,37.38,40.48,,,,11.25,9.94,12.99,,,,8.19,6.83,9.61,,,,4.27,2.56,6.19,,,,1.12,-0.99,2.75,,,,4.01,2.56,5.38,,,,,,,,,,
2022-01-05,30.48,28.96,32.08,,,,38.86,37.42,40.51,,,,11.26,9.94,12.99,,,,8.17,6.83,9.59,,,,4.26,2.57,6.18,,,,1.12,-1.01,2.7,,,,4.0,2.55,5.37,,,,,,,,,,
2022-01-06,30.47,28.94,32.05,,,,38.89,37.47,40.55,,,,11.28,9.96,12.99,,,,8.15,6.8,9.58,,,,4.26,2.59,6.18,,,,1.12,-1.04,2.69,,,,4.0,2.53,5.37,,,,,,,,,,
2022-01-07,30.45,28.92,32.01,,,,38.92,37.49,40.56,,,,11.3,9.99,12.99,,,,8.14,6.76,9.56,,,,4.26,2.62,6.17,,,,1.12,-1.06,2.71,,,,3.99,2.51,5.37,,,,31.0,38.0,13.0,7.0,5.0,1.0,4.0
2022-01-08,30.44,28.89,32.0,,,,38.94,37.51,40.58,,,,11.31,10.02,12.98,,,,8.12,6.75,9.53,,,,4.26,2.65,6.16,,,,1.12,-1.03,2.71,,,,3.99,2.49,5.36,,,,,,,,,,
2022-01-09,30.43,28.89,31.99,,,,38.97,37.52,40.61,,,,11.33,10.02,12.98,,,,8.1,6.73,9.5,,,,4.26,2.61,6.15,,,,1.12,-1.01,2.7,,,,3.98,2.47,5.36,,,,,,,,,,
2022-01-10,30.42,28.9,31.98,,,,38.99,37.55,40.63,,,,11.34,10.02,12.97,,,,8.09,6.71,9.47,,,,4.25,2.55,6.15,,,,1.12,-1.01,2.69,,,,3.97,2.46,5.36,,,,,,,,,,
2022-01-11,30.41,28.92,31.95,,,,39.02,37.59,40.65,,,,11.36,10.03,12.97,,,,8.07,6.7,9.44,,,,4.25,2.49,6.14,,,,1.12,-1.02,2.68,,,,3.96,2.44,5.35,,,,,,,,,,
2022-01-12,30.4,28.92,31.93,,,,39.04,37.62,40.68,,,,11.37,10.03,12.96,,,,8.05,6.68,9.41,,,,4.25,2.44,6.13,,,,1.12,-1.03,2.68,,,,3.95,2.44,5.33,,,,26.0,39.0,15.0,9.0,5.0,2.0,3.0
2022-01-13,30.39,28.94,31.93,,,,39.06,37.65,40.7,,,,11.39,10.03,12.95,,,,8.04,6.65,9.38,,,,4.25,2.39,6.11,,,,1.12,-1.04,2.69,,,,3.94,2.43,5.33,,,,27.0,41.0,12.0,8.0,6.0,1.0,4.0
2022-01-14,30.38,28.96,31.9,,,,39.08,37.68,40.71,,,,11.4,10.04,12.94,,,,8.02,6.62,9.35,,,,4.25,2.37,6.1,,,,1.12,-1.05,2.7,,,,3.93,2.4,5.34,,,,29.0,42.0,12.0,7.0,4.0,1.0,3.0
2022-01-15,30.37,28.94,31.88,,,,39.11,37.7,40.72,,,,11.41,10.07,12.93,,,,8.01,6.59,9.33,,,,4.24,2.39,6.08,,,,1.12,-1.06,2.72,,,,3.92,2.38,5.34,,,,,,,,,,
2022-01-16,30.37,28.91,31.86,,,,39.13,37.72,40.71,,,,11.43,10.11,12.91,,,,7.99,6.55,9.32,,,,4.24,2.41,6.07,,,,1.12,-1.07,2.73,,,,3.91,2.4,5.33,,,,,,,,,,
2022-01-17,30.36,28.89,31.83,,,,39.15,37.74,40.73,,,,11.44,10.13,12.9,,,,7.98,6.52,9.3,,,,4.24,2.43,6.05,,,,1.12,-1.09,2.74,,,,3.9,2.42,5.32,,,,,,,,,,
2022-01-18,30.36,28.87,31.81,,,,39.17,37.78,40.74,,,,11.45,10.14,12.92,,,,7.97,6.49,9.28,,,,4.24,2.45,6.05,,,,1.12,-1.09,2.75,,,,3.89,2.43,5.31,,,,,,,,,,
2022-01-19,30.36,28.84,31.8,,,,39.19,37.8,40.74,,,,11.47,10.15,12.92,,,,7.95,6.48,9.27,,,,4.24,2.46,6.04,,,,1.12,-1.08,2.77,,,,3.88,2.45,5.3,,,,,,,,,,
2022-01-20,30.35,28.84,31.79,,,,39.21,37.8,40.75,,,,11.48,10.16,12.94,,,,7.94,6.47,9.27,,,,4.24,2.43,6.03,,,,1.12,-1.08,2.77,,,,3.87,2.47,5.29,,,,,,,,,,
2022-01-21,30.35,28.85,31.81,,,,39.23,37.8,40.75,,,,11.49,10.17,12.96,,,,7.93,6.46,9.26,,,,4.23,2.44,6.02,,,,1.12,-1.07,2.77,,,,3.86,2.45,5.29,,,,29.0,42.0,10.0,9.0,5.0,1.0,3.0
2022-01-22,30.35,28.87,31.8,,,,39.25,37.8,40.76,,,,11.5,10.19,12.96,,,,7.91,6.46,9.24,,,,4.23,2.42,6.01,,,,1.12,-1.07,2.77,,,,3.84,2.43,5.29,,,,,,,,,,
2022-01-23,30.36,28.86,31.76,,,,39.27,37.81,40.76,,,,11.51,10.19,12.94,,,,7.9,6.45,9.23,,,,4.23,2.42,5.99,,,,1.12,-1.06,2.77,,,,3.83,2.41,5.29,,,,,,,,,,
2022-01-24,30.36,28.85,31.72,,,,39.29,37.83,40.76,,,,11.53,10.19,12.92,,,,7.89,6.44,9.22,,,,4.22,2.44,5.98,,,,1.13,-1.04,2.77,,,,3.82,2.39,5.29,,,,,,,,,,
2022-01-25,30.36,28.83,31.73,,,,39.3,37.84,40.78,,,,11.54,10.19,12.93,,,,7.88,6.42,9.22,,,,4.22,2.4,5.96,,,,1.13,-1.03,2.77,,,,3.8,2.37,5.28,,,,,,,,,,
2022-01-26,30.37,28.82,31.73,,,,39.32,37.85,40.8,,,,11.55,10.2,12.92,,,,7.87,6.4,9.2,,,,4.22,2.41,5.93,,,,1.13,-1.02,2.77,,,,3.79,2.35,5.25,,,,,,,,,,
2022-01-27,30.37,28.79,31.74,,,,39.34,37.88,40.8,,,,11.55,10.21,12.92,,,,7.86,6.38,9.17,,,,4.22,2.43,5.92,,,,1.13,-1.0,2.77,,,,3.78,2.33,5.23,,,,31.0,39.0,13.0,7.0,4.0,1.0,3.0
2022-01-28,30.38,28.77,31.76,,,,39.35,37.93,40.8,,,,11.56,10.23,12.92,,,,7.85,6.37,9.14,,,,4.21,2.44,5.92,,,,1.13,-0.99,2.77,,,,3.76,2.31,5.21,,,,,,,,,,
2022-01-29,30.39,28.76,31.79,,,,39.37,37.98,40.8,,,,11.57,10.25,12.9,,,,7.84,6.35,9.12,,,,4.21,2.46,5.9,,,,1.13,-0.97,2.76,,,,3.75,2.3,5.2,,,,,,,,,,
2022-01-30,30.4,28.78,31.76,,,,39.38,38.01,40.8,,,,11.58,10.27,12.88,,,,7.83,6.34,9.12,,,,4.2,2.43,5.9,,,,1.13,-0.95,2.76,,,,3.73,2.27,5.19,,,,,,,,,,
2022-01-31,30.41,28.77,31.74,,,,39.4,38.03,40.8,,,,11.59,10.28,12.85,,,,7.82,6.32,9.1,,,,4.2,2.39,5.88,,,,1.13,-0.93,2.76,,,,3.72,2.25,5.18,,,,,,,,,,
2022-02-01,30.42,28.77,31.77,,,,39.41,38.03,40.79,,,,11.59,10.28,12.84,,,,7.82,6.31,9.09,,,,4.2,2.38,5.86,,,,1.13,-0.91,2.75,,,,3.7,2.23,5.17,,,,,,,,,,
2022-02-02,30.43,28.76,31.79,,,,39.42,38.02,40.78,,,,11.6,10.28,12.83,,,,7.81,6.3,9.09,,,,4.19,2.4,5.81,,,,1.13,-0.91,2.74,,,,3.69,2.21,5.16,,,,30.0,42.0,11.0,7.0,4.0,1.0,4.0
2022-02-03,30.44,28.79,31.82,,,,39.43,38.0,40.79,,,,11.61,10.29,12.84,,,,7.8,6.28,9.09,,,,4.19,2.43,5.77,,,,1.13,-0.95,2.74,,,,3.67,2.19,5.15,,,,,,,,,,
2022-02-04,30.46,28.83,31.85,,,,39.44,37.99,40.78,,,,11.61,10.3,12.86,,,,7.8,6.27,9.1,,,,4.18,2.45,5.8,,,,1.13,-0.98,2.74,,,,3.66,2.18,5.14,,,,,,,,,,
2022-02-05,30.47,28.86,31.88,,,,39.45,38.01,40.78,,,,11.61,10.31,12.86,,,,7.79,6.26,9.11,,,,4.18,2.48,5.83,,,,1.13,-0.98,2.73,,,,3.64,2.2,5.13,,,,,,,,,,
2022-02-06,30.49,28.9,31.91,,,,39.46,38.02,40.78,,,,11.62,10.32,12.86,,,,7.78,6.26,9.11,,,,4.17,2.46,5.82,,,,1.13,-1.0,2.73,,,,3.63,2.21,5.13,,,,,,,,,,
2022-02-07,30.51,28.91,31.94,,,,39.47,38.04,40.79,,,,11.62,10.32,12.86,,,,7.78,6.24,9.11,,,,4.16,2.44,5.83,,,,1.14,-1.01,2.73,,,,3.62,2.22,5.13,,,,,,,,,,
2022-02-08,30.53,28.91,31.97,,,,39.48,38.06,40.8,,,,11.62,10.33,12.86,,,,7.77,6.23,9.1,,,,4.16,2.41,5.83,,,,1.14,-1.03,2.73,,,,3.6,2.24,5.12,,,,,,,,,,
2022-02-09,30.55,28.91,31.98,,,,39.49,38.07,40.78,,,,11.62,10.33,12.87,,,,7.77,6.24,9.08,,,,4.15,2.38,5.83,,,,1.14,-1.05,2.73,,,,3.59,2.23,5.08,,,,,,,,,,
2022-02-10,30.57,28.94,31.98,,,,39.49,38.09,40.74,,,,11.63,10.33,12.88,,,,7.76,6.24,9.06,,,,4.15,2.39,5.84,,,,1.14,-1.07,2.73,,,,3.57,2.2,5.07,,,,,,,,,,
2022-02-11,30.59,28.96,31.97,,,,39.5,38.1,40.76,,,,11.63,10.33,12.89,,,,7.76,6.23,9.04,,,,4.14,2.39,5.85,,,,1.14,-1.09,2.73,,,,3.56,2.18,5.03,,,,32.0,38.0,12.0,9.0,3.0,1.0,4.0
2022-02-12,30.61,29.0,31.95,,,,39.5,38.11,40.77,,,,11.63,10.33,12.9,,,,7.75,6.23,9.02,,,,4.14,2.36,5.86,,,,1.14,-1.11,2.73,,,,3.54,2.16,5.0,,,,,,,,,,
2022-02-13,30.63,29.03,31.96,,,,39.5,38.13,40.77,,,,11.62,10.32,12.91,,,,7.75,6.23,9.01,,,,4.13,2.37,5.86,,,,1.14,-1.1,2.71,,,,3.53,2.15,5.0,,,,,,,,,,
2022-02-14,30.66,29.05,32.02,,,,39.5,38.14,40.75,,,,11.62,10.3,12.91,,,,7.75,6.23,8.99,,,,4.12,2.39,5.84,,,,1.14,-1.09,2.69,,,,3.52,2.15,5.0,,,,,,,,,,
2022-02-15,30.68,29.07,32.02,,,,39.5,38.15,40.74,,,,11.62,10.29,12.92,,,,7.74,6.24,8.95,,,,4.12,2.4,5.82,,,,1.14,-1.06,2.72,,,,3.5,2.16,4.99,,,,,,,,,,
2022-02-16,30.71,29.1,32.03,,,,39.5,38.15,40.75,,,,11.62,10.28,12.92,,,,7.74,6.24,8.94,,,,4.11,2.42,5.8,,,,1.14,-1.06,2.72,,,,3.49,2.17,4.99,,,,,,,,,,
2022-02-17,30.73,29.14,32.04,,,,39.5,38.16,40.73,,,,11.62,10.3,12.9,,,,7.74,6.24,8.95,,,,4.1,2.44,5.77,,,,1.14,-1.08,2.72,,,,3.48,2.15,4.98,,,,35.0,37.0,13.0,5.0,3.0,1.0,4.0
2022-02-18,30.76,29.17,32.05,,,,39.5,38.14,40.72,,,,11.61,10.32,12.89,,,,7.73,6.23,8.92,,,,4.1,2.42,5.73,,,,1.14,-1.1,2.74,,,,3.46,2.15,4.96,,,,,,,,,,
2022-02-19,30.79,29.2,32.07,,,,39.5,38.14,40.72,,,,11.61,10.32,12.88,,,,7.73,6.2,8.91,,,,4.09,2.36,5.7,,,,1.14,-1.12,2.74,,,,3.45,2.15,4.94,,,,,,,,,,
2022-02-20,30.81,29.24,32.09,,,,39.5,38.13,40.71,,,,11.61,10.32,12.91,,,,7.73,6.18,8.9,,,,4.09,2.32,5.66,,,,1.14,-1.14,2.72,,,,3.44,2.15,4.93,,,,,,,,,,
2022-02-21,30.84,29.28,32.1,,,,39.49,38.13,40.71,,,,11.6,10.32,12.9,,,,7.72,6.17,8.89,,,,4.08,2.27,5.65,,,,1.14,-1.16,2.71,,,,3.42,2.13,4.91,,,,,,,,,,
2022-02-22,30.87,29.32,32.1,,,,39.49,38.14,40.69,,,,11.6,10.29,12.87,,,,7.72,6.2,8.88,,,,4.07,2.26,5.64,,,,1.14,-1.18,2.71,,,,3.41,2.09,4.89,,,,,,,,,,
2022-02-23,30.89,29.36,32.1,,,,39.48,38.14,40.66,,,,11.59,10.27,12.83,,,,7.72,6.22,8.88,,,,4.07,2.19,5.62,,,,1.14,-1.2,2.7,,,,3.4,2.06,4.89,,,,,,,,,,
2022-02-24,30.92,29.4,32.1,,,,39.48,38.12,40.66,,,,11.59,10.24,12.79,,,,7.71,6.24,8.88,,,,4.06,2.13,5.6,,,,1.14,-1.22,2.7,,,,3.39,2.05,4.9,,,,,,,,,,
2022-02-25,30.95,29.44,32.1,,,,39.47,38.1,40.66,,,,11.59,10.24,12.76,,,,7.71,6.26,8.88,,,,4.05,2.08,5.57,,,,1.15,-1.24,2.71,,,,3.38,2.04,4.92,,,,32.0,39.0,10.0,7.0,4.0,1.0,4.0
2022-02-26,30.98,29.46,32.11,,,,39.46,38.1,40.66,,,,11.58,10.24,12.72,,,,7.71,6.26,8.88,,,,4.05,2.06,5.54,,,,1.15,-1.26,2.73,,,,3.37,2.03,4.93,,,,,,,,,,
2022-02-27,31.0,29.49,32.12,,,,39.46,38.08,40.66,,,,11.58,10.23,12.69,,,,7.7,6.26,8.88,,,,4.04,2.03,5.53,,,,1.15,-1.28,2.77,,,,3.36,2.02,4.9,,,,,,,,,,
2022-02-28,31.03,29.52,32.13,,,,39.45,38.05,40.67,,,,11.57,10.23,12.68,,,,7.7,6.27,8.84,,,,4.04,2.06,5.5,,,,1.15,-1.27,2.8,,,,3.35,2.0,4.88,,,,,,,,,,
2022-03-01,31.05,29.55,32.14,,,,39.44,38.02,40.66,,,,11.57,10.24,12.67,,,,7.7,6.27,8.81,,,,4.03,2.09,5.52,,,,1.15,-1.26,2.82,,,,3.34,1.97,4.85,,,,,,,,,,
2022-03-02,31.07,29.59,32.16,,,,39.43,37.99,40.67,,,,11.57,10.26,12.67,,,,7.7,6.27,8.8,,,,4.03,2.11,5.55,,,,1.15,-1.21,2.83,,,,3.33,1.94,4.83,,,,,,,,,,
2022-03-03,31.1,29.64,32.18,,,,39.43,37.96,40.64,,,,11.56,10.27,12.66,,,,7.69,6.27,8.8,,,,4.02,2.14,5.58,,,,1.15,-1.16,2.84,,,,3.32,1.91,4.8,,,,,,,,,,
2022-03-04,31.12,29.68,32.19,,,,39.42,37.96,40.62,,,,11.56,10.29,12.65,,,,7.69,6.27,8.8,,,,4.01,2.13,5.61,,,,1.15,-1.1,2.87,,,,3.31,1.87,4.78,,,,32.0,38.0,10.0,10.0,4.0,1.0,3.0
2022-03-05,31.14,29.71,32.21,,,,39.41,37.96,40.59,,,,11.56,10.25,12.64,,,,7.69,6.28,8.8,,,,4.01,2.1,5.64,,,,1.15,-1.04,2.88,,,,3.3,1.86,4.76,,,,,,,,,,
2022-03-06,31.16,29.75,32.23,,,,39.4,37.95,40.6,,,,11.56,10.23,12.63,,,,7.68,6.28,8.82,,,,4.0,2.06,5.67,,,,1.15,-1.01,2.89,,,,3.3,1.85,4.74,,,,,,,,,,
2022-03-07,31.18,29.78,32.24,,,,39.4,37.95,40.59,,,,11.56,10.25,12.64,,,,7.68,6.27,8.81,,,,4.0,2.03,5.7,,,,1.15,-0.98,2.9,,,,3.29,1.85,4.72,,,,,,,,,,
2022-03-08,31.2,29.78,32.25,,,,39.39,37.95,40.56,,,,11.55,10.27,12.65,,,,7.68,6.26,8.79,,,,4.0,2.01,5.73,,,,1.15,-1.02,2.91,,,,3.28,1.84,4.71,,,,,,,,,,
2022-03-09,31.21,29.78,32.26,,,,39.38,37.94,40.54,,,,11.55,10.27,12.66,,,,7.67,6.25,8.79,,,,3.99,1.98,5.76,,,,1.15,-1.02,2.91,,,,3.28,1.82,4.71,,,,31.0,42.0,11.0,7.0,4.0,1.0,2.0
2022-03-10,31.23,29.86,32.25,,,,39.38,37.94,40.53,,,,11.55,10.27,12.67,,,,7.67,6.25,8.79,,,,3.99,1.95,5.8,,,,1.14,-1.04,2.92,,,,3.27,1.82,4.71,,,,,,,,,,
2022-03-11,31.24,29.88,32.25,,,,39.37,37.93,40.5,,,,11.55,10.27,12.69,,,,7.66,6.25,8.79,,,,3.98,1.93,5.83,,,,1.14,-1.02,2.92,,,,3.26,1.83,4.7,,,,,,,,,,
2022-03-12,31.26,29.9,32.28,,,,39.36,37.93,40.47,,,,11.56,10.27,12.7,,,,7.66,6.23,8.78,,,,3.98,1.9,5.82,,,,1.14,-1.03,2.92,,,,3.26,1.81,4.7,,,,,,,,,,
2022-03-13,31.27,29.91,32.3,,,,39.36,37.93,40.44,,,,11.56,10.26,12.72,,,,7.66,6.21,8.78,,,,3.98,1.88,5.79,,,,1.14,-1.04,2.92,,,,3.25,1.8,4.7,,,,,,,,,,
2022-03-14,31.28,29.93,32.33,,,,39.35,37.92,40.41,,,,11.56,10.25,12.73,,,,7.65,6.2,8.78,,,,3.97,1.86,5.77,,,,1.14,-1.06,2.93,,,,3.24,1.79,4.7,,,,,,,,,,
2022-03-15,31.29,29.94,32.32,,,,39.34,37.92,40.4,,,,11.56,10.23,12.75,,,,7.65,6.18,8.78,,,,3.97,1.85,5.8,,,,1.14,-1.07,2.93,,,,3.24,1.79,4.69,,,,,,,,,,
2022-03-16,31.3,29.95,32.28,,,,39.34,37.92,40.4,,,,11.57,10.22,12.76,,,,7.65,6.15,8.78,,,,3.97,1.84,5.83,,,,1.14,-1.04,2.95,,,,3.23,1.83,4.68,,,,,,,,,,
2022-03-17,31.31,29.97,32.29,,,,39.33,37.9,40.39,,,,11.57,10.21,12.78,,,,7.64,6.13,8.79,,,,3.96,1.81,5.85,,,,1.14,-1.03,2.95,,,,3.23,1.84,4.67,,,,30.0,38.0,12.0,8.0,5.0,2.0,4.0
2022-03-18,31.32,29.97,32.28,,,,39.33,37.89,40.39,,,,11.58,10.22,12.8,,,,7.64,6.11,8.8,,,,3.96,1.8,5.89,,,,1.14,-1.05,2.95,,,,3.22,1.85,4.69,,,,,,,,,,
2022-03-19,31.32,29.96,32.29,,,,39.32,37.9,40.4,,,,11.58,10.22,12.83,,,,7.63,6.09,8.8,,,,3.96,1.78,5.91,,,,1.14,-1.09,2.96,,,,3.21,1.85,4.68,,,,,,,,,,
2022-03-20,31.33,29.96,32.32,,,,39.31,37.9,40.41,,,,11.59,10.24,12.86,,,,7.63,6.07,8.79,,,,3.96,1.75,5.91,,,,1.14,-1.14,2.97,,,,3.21,1.85,4.66,,,,,,,,,,
2022-03-21,31.33,29.96,32.36,,,,39.31,37.91,40.42,,,,11.6,10.26,12.89,,,,7.63,6.08,8.78,,,,3.96,1.75,5.91,,,,1.14,-1.18,2.98,,,,3.2,1.85,4.67,,,,,,,,,,
2022-03-22,31.34,29.95,32.36,,,,39.31,37.9,40.43,,,,11.6,10.29,12.92,,,,7.62,6.09,8.8,,,,3.96,1.72,5.92,,,,1.14,-1.18,2.98,,,,3.2,1.81,4.67,,,,,,,,,,
2022-03-23,31.34,29.94,32.4,,,,39.3,37.9,40.44,,,,11.61,10.28,12.95,,,,7.62,6.08,8.81,,,,3.95,1.69,5.92,,,,1.14,-1.18,2.99,,,,3.19,1.77,4.67,,,,32.0,39.0,11.0,9.0,3.0,1.0,3.0
2022-03-24,31.34,29.93,32.43,,,,39.3,37.9,40.44,,,,11.62,10.27,12.98,,,,7.61,6.07,8.82,,,,3.95,1.67,5.93,,,,1.14,-1.18,3.0,,,,3.19,1.76,4.67,,,,31.0,40.0,12.0,7.0,4.0,1.0,3.0
2022-03-25,31.34,29.92,32.44,,,,39.29,37.9,40.45,,,,11.63,10.28,13.01,,,,7.61,6.09,8.84,,,,3.95,1.66,5.94,,,,1.14,-1.16,3.01,,,,3.18,1.76,4.65,,,,,,,,,,
2022-03-26,31.34,29.94,32.44,,,,39.29,37.89,40.45,,,,11.64,10.29,13.04,,,,7.61,6.1,8.85,,,,3.95,1.68,5.94,,,,1.14,-1.17,3.0,,,,3.17,1.76,4.64,,,,,,,,,,
2022-03-27,31.34,29.93,32.44,,,,39.29,37.88,40.45,,,,11.65,10.3,13.06,,,,7.6,6.11,8.86,,,,3.95,1.69,5.99,,,,1.14,-1.17,3.0,,,,3.17,1.75,4.64,,,,,,,,,,
2022-03-28,31.34,29.93,32.44,,,,39.29,37.88,40.45,,,,11.66,10.3,13.08,,,,7.6,6.12,8.88,,,,3.95,1.69,6.01,,,,1.14,-1.17,3.01,,,,3.16,1.75,4.63,,,,,,,,,,
2022-03-29,31.33,29.93,32.45,,,,39.29,37.87,40.45,,,,11.67,10.3,13.1,,,,7.59,6.12,8.88,,,,3.95,1.69,6.01,,,,1.14,-1.18,3.01,,,,3.16,1.75,4.63,,,,,,,,,,
2022-03-30,31.33,29.95,32.48,,,,39.29,37.87,40.48,,,,11.69,10.3,13.12,,,,7.59,6.12,8.88,,,,3.95,1.69,6.02,,,,1.13,-1.18,3.02,,,,3.15,1.75,4.62,,,,32.0,40.0,10.0,7.0,4.0,1.0,4.0
2022-03-31,31.32,29.94,32.5,,,,39.29,37.87,40.51,,,,11.7,10.3,13.14,,,,7.58,6.12,8.89,,,,3.95,1.69,6.03,,,,1.13,-1.19,3.04,,,,3.15,1.76,4.59,,,,,,,,,,
2022-04-01,31.32,29.94,32.52,,,,39.29,37.88,40.51,,,,11.71,10.31,13.16,,,,7.58,6.12,8.9,,,,3.96,1.69,6.06,,,,1.13,-1.2,3.08,,,,3.14,1.78,4.55,,,,,,,,,,
2022-04-02,31.31,29.93,32.48,,,,39.3,37.89,40.5,,,,11.72,10.31,13.18,,,,7.58,6.11,8.9,,,,3.96,1.69,6.11,,,,1.13,-1.2,3.09,,,,3.14,1.79,4.55,,,,,,,,,,
2022-04-03,31.3,29.94,32.44,,,,39.3,37.88,40.55,,,,11.74,10.31,13.2,,,,7.57,6.08,8.91,,,,3.96,1.69,6.1,,,,1.13,-1.21,3.1,,,,3.13,1.81,4.57,,,,,,,,,,
2022-04-04,31.29,29.94,32.41,,,,39.3,37.86,40.61,,,,11.75,10.32,13.22,,,,7.57,6.06,8.91,,,,3.96,1.68,6.12,,,,1.13,-1.22,3.1,,,,3.13,1.81,4.56,,,,,,,,,,
2022-04-05,31.28,29.94,32.41,,,,39.31,37.86,40.63,,,,11.76,10.32,13.23,,,,7.56,6.07,8.92,,,,3.96,1.69,6.15,,,,1.13,-1.24,3.11,,,,3.12,1.8,4.56,,,,,,,,,,
2022-04-06,31.26,29.93,32.4,,,,39.31,37.86,40.65,,,,11.78,10.32,13.23,,,,7.56,6.09,8.92,,,,3.96,1.69,6.18,,,,1.13,-1.25,3.12,,,,3.11,1.8,4.53,,,,,,,,,,
2022-04-07,31.25,29.92,32.39,,,,39.32,37.86,40.67,,,,11.79,10.32,13.22,,,,7.55,6.08,8.9,,,,3.97,1.7,6.2,,,,1.13,-1.26,3.12,,,,3.11,1.79,4.5,,,,33.0,39.0,11.0,8.0,3.0,2.0,3.0
2022-04-08,31.24,29.93,32.38,,,,39.33,37.87,40.67,,,,11.81,10.33,13.22,,,,7.55,6.07,8.88,,,,3.97,1.71,6.22,,,,1.13,-1.26,3.11,,,,3.1,1.79,4.49,,,,,,,,,,
2022-04-09,31.22,29.92,32.38,,,,39.33,37.87,40.66,,,,11.82,10.35,13.23,,,,7.55,6.07,8.87,,,,3.97,1.71,6.24,,,,1.13,-1.22,3.11,,,,3.1,1.78,4.5,,,,,,,,,,
2022-04-10,31.21,29.89,32.37,,,,39.34,37.87,40.65,,,,11.84,10.37,13.23,,,,7.54,6.07,8.86,,,,3.97,1.7,6.23,,,,1.13,-1.19,3.1,,,,3.09,1.77,4.51,,,,,,,,,,
2022-04-11,31.19,29.87,32.35,,,,39.35,37.86,40.64,,,,11.85,10.35,13.25,,,,7.54,6.08,8.85,,,,3.98,1.69,6.22,,,,1.13,-1.18,3.08,,,,3.09,1.74,4.51,,,,,,,,,,
2022-04-12,31.18,29.84,32.34,,,,39.36,37.84,40.65,,,,11.87,10.34,13.25,,,,7.53,6.08,8.83,,,,3.98,1.68,6.19,,,,1.13,-1.18,3.07,,,,3.08,1.73,4.5,,,,,,,,,,
2022-04-13,31.16,29.82,32.34,,,,39.37,37.84,40.69,,,,11.89,10.35,13.26,,,,7.53,6.08,8.81,,,,3.98,1.66,6.17,,,,1.13,-1.18,3.08,,,,3.08,1.72,4.49,,,,,,,,,,
2022-04-14,31.14,29.79,32.33,,,,39.38,37.86,40.71,,,,11.9,10.36,13.27,,,,7.53,6.08,8.77,,,,3.98,1.63,6.19,,,,1.13,-1.18,3.04,,,,3.07,1.74,4.49,,,,32.0,39.0,13.0,8.0,3.0,1.0,3.0
2022-04-15,31.13,29.77,32.32,,,,39.39,37.88,40.7,,,,11.92,10.4,13.27,,,,7.52,6.09,8.75,,,,3.98,1.6,6.21,,,,1.13,-1.19,3.01,,,,3.07,1.74,4.48,,,,,,,,,,
2022-04-16,31.11,29.74,32.26,,,,39.4,37.91,40.68,,,,11.94,10.42,13.3,,,,7.52,6.09,8.74,,,,3.99,1.58,6.23,,,,1.13,-1.19,3.0,,,,3.06,1.74,4.47,,,,,,,,,,
2022-04-17,31.09,29.72,32.21,,,,39.41,37.93,40.66,,,,11.95,10.43,13.33,,,,7.51,6.09,8.74,,,,3.99,1.55,6.25,,,,1.13,-1.16,3.03,,,,3.06,1.72,4.46,,,,,,,,,,
2022-04-18,31.08,29.7,32.2,,,,39.42,37.96,40.65,,,,11.97,10.45,13.36,,,,7.51,6.1,8.73,,,,3.99,1.56,6.27,,,,1.13,-1.14,3.07,,,,3.05,1.7,4.45,,,,,,,,,,
2022-04-19,31.06,29.68,32.19,,,,39.43,37.99,40.65,,,,11.99,10.51,13.39,,,,7.51,6.1,8.71,,,,3.99,1.58,6.29,,,,1.13,-1.11,3.12,,,,3.05,1.69,4.45,,,,,,,,,,
2022-04-20,31.04,29.65,32.18,,,,39.44,38.01,40.64,,,,12.01,10.54,13.39,,,,7.5,6.09,8.69,,,,4.0,1.59,6.31,,,,1.13,-1.14,3.17,,,,3.04,1.69,4.44,,,,33.0,39.0,9.0,8.0,4.0,1.0,2.0
2022-04-21,31.02,29.63,32.17,,,,39.45,38.03,40.67,,,,12.03,10.53,13.4,,,,7.5,6.08,8.67,,,,4.0,1.57,6.33,,,,1.13,-1.17,3.21,,,,3.04,1.69,4.42,,,,,,,,,,
2022-04-22,31.0,29.61,32.14,,,,39.46,38.04,40.71,,,,12.05,10.56,13.43,,,,7.49,6.07,8.64,,,,4.0,1.54,6.34,,,,1.13,-1.21,3.26,,,,3.03,1.7,4.41,,,,,,,,,,
2022-04-23,30.99,29.62,32.1,,,,39.47,38.05,40.69,,,,12.07,10.6,13.45,,,,7.49,6.07,8.63,,,,4.0,1.52,6.34,,,,1.13,-1.23,3.3,,,,3.03,1.69,4.4,,,,,,,,,,
2022-04-24,30.97,29.62,32.06,,,,39.48,38.06,40.67,,,,12.09,10.63,13.46,,,,7.48,6.07,8.63,,,,4.0,1.51,6.33,,,,1.13,-1.26,3.34,,,,3.02,1.69,4.4,,,,,,,,,,
2022-04-25,30.95,29.6,32.03,,,,39.49,38.07,40.65,,,,12.11,10.66,13.46,,,,7.48,6.06,8.64,,,,4.0,1.49,6.32,,,,1.13,-1.27,3.37,,,,3.02,1.68,4.39,,,,,,,,,,
2022-04-26,30.93,29.58,32.02,,,,39.5,38.08,40.62,,,,12.13,10.68,13.47,,,,7.47,6.06,8.64,,,,4.0,1.47,6.31,,,,1.13,-1.26,3.41,,,,3.01,1.68,4.38,,,,,,,,,,
2022-04-27,30.91,29.56,32.01,,,,39.5,38.07,40.6,,,,12.16,10.7,13.52,,,,7.47,6.06,8.65,,,,4.01,1.49,6.29,,,,1.12,-1.26,3.37,,,,3.01,1.67,4.38,,,,31.0,39.0,12.0,7.0,5.0,,3.0
2022-04-28,30.89,29.54,32.0,,,,39.51,38.03,40.62,,,,12.18,10.73,13.51,,,,7.46,6.06,8.65,,,,4.01,1.51,6.23,,,,1.12,-1.23,3.33,,,,3.0,1.67,4.37,,,,,,,,,,
2022-04-29,30.87,29.52,32.0,,,,39.52,38.0,40.65,,,,12.2,10.75,13.51,,,,7.45,6.06,8.64,,,,4.01,1.53,6.17,,,,1.12,-1.24,3.29,,,,3.0,1.66,4.36,,,,,,,,,,
2022-04-30,30.85,29.49,32.0,,,,39.53,38.02,40.67,,,,12.23,10.78,13.52,,,,7.45,6.06,8.65,,,,4.01,1.55,6.12,,,,1.12,-1.24,3.26,,,,3.0,1.66,4.36,,,,,,,,,,
2022-05-01,30.83,29.42,31.98,,,,39.54,38.04,40.67,,,,12.25,10.8,13.51,,,,7.44,6.06,8.66,,,,4.01,1.56,6.06,,,,1.12,-1.18,3.22,,,,2.99,1.66,4.36,,,,,,,,,,
2022-05-02,30.8,29.4,31.95,,,,39.55,38.06,40.66,,,,12.28,10.83,13.51,,,,7.44,6.06,8.66,,,,4.01,1.58,5.99,,,,1.12,-1.11,3.18,,,,2.99,1.65,4.35,,,,,,,,,,
2022-05-03,30.78,29.38,31.94,,,,39.56,38.07,40.68,,,,12.3,10.86,13.52,,,,7.43,6.05,8.65,,,,4.01,1.6,5.94,,,,1.12,-1.06,3.2,,,,2.98,1.65,4.38,,,,,,,,,,
2022-05-04,30.76,29.36,31.92,,,,39.57,38.06,40.69,,,,12.33,10.89,13.52,,,,7.42,6.05,8.64,,,,4.01,1.6,5.96,,,,1.12,-1.05,3.17,,,,2.98,1.65,4.41,,,,,,,,,,
2022-05-05,30.74,29.35,31.91,,,,39.57,38.04,40.71,,,,12.36,10.93,13.54,,,,7.42,6.04,8.63,,,,4.01,1.59,5.97,,,,1.12,-1.04,3.22,,,,2.97,1.64,4.42,,,,,,,,,,
2022-05-06,30.72,29.34,31.89,,,,39.58,38.05,40.73,,,,12.38,10.93,13.56,,,,7.41,6.04,8.62,,,,4.01,1.59,5.98,,,,1.12,-1.04,3.22,,,,2.97,1.65,4.4,,,,31.0,37.0,13.0,8.0,5.0,1.0,3.0
2022-05-07,30.7,29.34,31.87,,,,39.59,38.06,40.75,,,,12.41,10.93,13.58,,,,7.41,6.04,8.63,,,,4.01,1.61,5.98,,,,1.12,-1.03,3.21,,,,2.97,1.64,4.38,,,,,,,,,,
2022-05-08,30.68,29.34,31.86,,,,39.59,38.08,40.76,,,,12.44,10.93,13.62,,,,7.4,6.03,8.61,,,,4.02,1.64,5.99,,,,1.12,-1.05,3.18,,,,2.96,1.64,4.36,,,,,,,,,,
2022-05-09,30.66,29.31,31.83,,,,39.6,38.1,40.78,,,,12.47,10.96,13.65,,,,7.39,6.0,8.59,,,,4.02,1.65,6.0,,,,1.12,-1.0,3.16,,,,2.96,1.62,4.34,,,,,,,,,,
2022-05-10,30.64,29.28,31.8,,,,39.6,38.12,40.8,,,,12.5,11.0,13.68,,,,7.39,5.95,8.58,,,,4.02,1.65,6.0,,,,1.12,-0.99,3.15,,,,2.95,1.62,4.31,,,,,,,,,,
2022-05-11,30.62,29.26,31.79,,,,39.61,38.14,40.82,,,,12.53,11.05,13.73,,,,7.38,5.94,8.58,,,,4.02,1.65,6.02,,,,1.12,-0.98,3.18,,,,2.95,1.6,4.29,,,,30.0,40.0,14.0,6.0,4.0,1.0,2.0
2022-05-12,30.6,29.24,31.77,,,,39.61,38.15,40.83,,,,12.56,11.09,13.78,,,,7.37,5.95,8.56,,,,4.02,1.65,6.06,,,,1.12,-0.97,3.21,,,,2.95,1.57,4.27,,,,,,,,,,
2022-05-13,30.57,29.23,31.76,,,,39.61,38.15,40.85,,,,12.59,11.11,13.82,,,,7.37,5.97,8.55,,,,4.02,1.66,6.08,,,,1.12,-0.95,3.24,,,,2.94,1.51,4.27,,,,,,,,,,
2022-05-14,30.55,29.22,31.74,,,,39.62,38.14,40.87,,,,12.62,11.13,13.87,,,,7.36,5.95,8.53,,,,4.02,1.66,6.1,,,,1.12,-0.94,3.28,,,,2.94,1.46,4.29,,,,,,,,,,
2022-05-15,30.53,29.2,31.73,,,,39.62,38.12,40.89,,,,12.65,11.15,13.92,,,,7.35,5.94,8.52,,,,4.02,1.68,6.12,,,,1.12,-0.97,3.32,,,,2.93,1.44,4.28,,,,,,,,,,
2022-05-16,30.51,29.17,31.73,,,,39.62,38.13,40.94,,,,12.68,11.18,13.94,,,,7.35,5.92,8.5,,,,4.02,1.69,6.1,,,,1.11,-0.98,3.35,,,,2.93,1.44,4.28,,,,,,,,,,
2022-05-17,30.49,29.15,31.71,,,,39.62,38.14,40.94,,,,12.71,11.21,13.96,,,,7.34,5.91,8.49,,,,4.02,1.72,6.06,,,,1.11,-0.99,3.33,,,,2.93,1.43,4.28,,,,,,,,,,
2022-05-18,30.47,29.13,31.7,,,,39.62,38.13,40.93,,,,12.74,11.23,14.03,,,,7.33,5.89,8.52,,,,4.02,1.71,6.04,,,,1.11,-0.98,3.28,,,,2.92,1.4,4.28,,,,,,,,,,
2022-05-19,30.45,29.09,31.68,,,,39.62,38.12,40.95,,,,12.77,11.26,14.09,,,,7.33,5.89,8.54,,,,4.02,1.73,6.08,,,,1.11,-1.02,3.22,,,,2.92,1.38,4.28,,,,26.0,41.0,15.0,8.0,5.0,1.0,3.0
2022-05-20,30.43,29.08,31.65,,,,39.62,38.11,40.96,,,,12.8,11.29,14.11,,,,7.32,5.89,8.53,,,,4.03,1.73,6.12,,,,1.11,-1.06,3.14,,,,2.91,1.36,4.25,,,,,,,,,,
2022-05-21,30.41,29.06,31.61,,,,39.62,38.1,40.97,,,,12.83,11.32,14.12,,,,7.31,5.89,8.55,,,,4.03,1.74,6.11,,,,1.11,-1.07,3.08,,,,2.91,1.34,4.21,,,,,,,,,,
2022-05-22,30.38,29.05,31.59,,,,39.62,38.09,40.98,,,,12.86,11.37,14.13,,,,7.31,5.9,8.54,,,,4.03,1.74,6.1,,,,1.11,-1.08,3.08,,,,2.9,1.32,4.23,,,,,,,,,,
2022-05-23,30.36,29.04,31.58,,,,39.62,38.08,41.0,,,,12.89,11.41,14.15,,,,7.3,5.88,8.5,,,,4.03,1.74,6.14,,,,1.11,-1.07,3.1,,,,2.9,1.31,4.25,,,,,,,,,,
2022-05-24,30.34,29.02,31.57,,,,39.62,38.07,41.02,,,,12.92,11.46,14.16,,,,7.3,5.83,8.46,,,,4.03,1.75,6.19,,,,1.11,-1.05,3.08,,,,2.9,1.29,4.23,,,,,,,,,,
2022-05-25,30.32,29.0,31.56,,,,39.62,38.05,41.0,,,,12.94,11.5,14.17,,,,7.29,5.82,8.43,,,,4.03,1.74,6.15,,,,1.1,-1.03,3.04,,,,2.89,1.28,4.21,,,,29.0,42.0,13.0,6.0,4.0,1.0,4.0
2022-05-26,30.29,28.98,31.56,,,,39.63,38.04,40.95,,,,12.97,11.49,14.18,,,,7.29,5.82,8.43,,,,4.04,1.72,6.1,,,,1.1,-0.99,3.01,,,,2.89,1.28,4.19,,,,,,,,,,
2022-05-27,30.27,28.94,31.53,,,,39.63,38.03,40.9,,,,13.0,11.49,14.19,,,,7.28,5.83,8.43,,,,4.04,1.71,6.06,,,,1.1,-0.98,2.98,,,,2.88,1.28,4.19,,,,,,,,,,
2022-05-28,30.24,28.89,31.49,,,,39.63,38.06,40.89,,,,13.03,11.48,14.2,,,,7.28,5.83,8.43,,,,4.04,1.7,6.05,,,,1.1,-0.96,2.95,,,,2.88,1.28,4.19,,,,,,,,,,
2022-05-29,30.22,28.85,31.45,,,,39.63,38.07,40.91,,,,13.06,11.49,14.22,,,,7.27,5.84,8.43,,,,4.04,1.69,6.1,,,,1.1,-0.94,2.94,,,,2.87,1.31,4.18,,,,,,,,,,
2022-05-30,30.19,28.81,31.44,,,,39.64,38.08,40.92,,,,13.08,11.52,14.26,,,,7.27,5.85,8.43,,,,4.04,1.7,6.16,,,,1.1,-0.94,2.94,,,,2.87,1.34,4.17,,,,,,,,,,
2022-05-31,30.17,28.78,31.41,,,,39.64,38.09,40.92,,,,13.11,11.57,14.29,,,,7.26,5.85,8.43,,,,4.05,1.73,6.13,,,,1.1,-0.98,2.96,,,,2.87,1.37,4.14,,,,,,,,,,
2022-06-01,30.14,28.71,31.36,,,,39.64,38.1,40.95,,,,13.14,11.61,14.32,,,,7.26,5.86,8.43,,,,4.05,1.8,6.1,,,,1.09,-1.01,2.98,,,,2.86,1.38,4.13,,,,,,,,,,
2022-06-02,30.11,28.66,31.35,,,,39.65,38.11,40.98,,,,13.16,11.65,14.35,,,,7.26,5.87,8.42,,,,4.05,1.87,6.07,,,,1.09,-0.98,3.0,,,,2.86,1.37,4.12,,,,,,,,,,
2022-06-03,30.09,28.62,31.34,,,,39.65,38.14,40.98,,,,13.19,11.71,14.38,,,,7.25,5.88,8.43,,,,4.05,1.9,6.05,,,,1.09,-1.01,3.01,,,,2.85,1.34,4.11,,,,32.0,37.0,14.0,8.0,4.0,1.0,3.0
2022-06-04,30.06,28.57,31.33,,,,39.66,38.15,40.96,,,,13.21,11.75,14.41,,,,7.25,5.89,8.45,,,,4.05,1.92,6.08,,,,1.09,-1.02,3.03,,,,2.85,1.3,4.11,,,,,,,,,,
2022-06-05,30.03,28.54,31.31,,,,39.67,38.16,40.97,,,,13.24,11.8,14.41,,,,7.25,5.88,8.41,,,,4.05,1.94,6.1,,,,1.09,-0.99,3.04,,,,2.85,1.31,4.12,,,,,,,,,,
2022-06-06,30.01,28.55,31.28,,,,39.68,38.19,40.97,,,,13.26,11.85,14.42,,,,7.24,5.89,8.39,,,,4.05,1.96,6.11,,,,1.09,-1.04,3.05,,,,2.84,1.29,4.11,,,,,,,,,,
2022-06-07,29.98,28.57,31.25,,,,39.68,38.21,41.0,,,,13.28,11.89,14.46,,,,7.24,5.89,8.38,,,,4.05,1.99,6.12,,,,1.09,-1.03,3.02,,,,2.84,1.25,4.1,,,,,,,,,,
2022-06-08,29.95,28.55,31.25,,,,39.69,38.24,41.02,,,,13.3,11.94,14.47,,,,7.24,5.9,8.38,,,,4.05,2.01,6.14,,,,1.09,-1.01,3.03,,,,2.84,1.21,4.1,,,,,,,,,,
2022-06-09,29.92,28.52,31.25,,,,39.7,38.27,41.04,,,,13.33,11.98,14.48,,,,7.23,5.9,8.37,,,,4.05,2.04,6.15,,,,1.08,-0.98,3.02,,,,2.84,1.18,4.1,,,,28.0,42.0,13.0,7.0,4.0,1.0,2.0
2022-06-10,29.9,28.48,31.21,,,,39.71,38.31,41.04,,,,13.35,11.97,14.51,,,,7.23,5.89,8.38,,,,4.05,2.06,6.15,,,,1.08,-0.95,3.03,,,,2.83,1.15,4.13,,,,,,,,,,
2022-06-11,29.87,28.43,31.14,,,,39.72,38.33,41.07,,,,13.37,11.96,14.54,,,,7.23,5.88,8.41,,,,4.05,2.09,6.14,,,,1.08,-0.98,3.05,,,,2.83,1.12,4.15,,,,,,,,,,
2022-06-12,29.84,28.4,31.12,,,,39.73,38.37,41.13,,,,13.39,12.0,14.56,,,,7.23,5.88,8.41,,,,4.05,2.11,6.12,,,,1.08,-1.01,3.05,,,,2.83,1.12,4.15,,,,,,,,,,
2022-06-13,29.82,28.38,31.12,,,,39.75,38.4,41.16,,,,13.4,12.03,14.59,,,,7.23,5.89,8.42,,,,4.05,2.14,6.09,,,,1.08,-1.04,3.06,,,,2.83,1.12,4.14,,,,,,,,,,
2022-06-14,29.79,28.37,31.12,,,,39.76,38.44,41.15,,,,13.42,12.05,14.64,,,,7.23,5.89,8.44,,,,4.05,2.17,6.07,,,,1.08,-1.07,3.05,,,,2.83,1.09,4.14,,,,,,,,,,
2022-06-15,29.76,28.35,31.12,,,,39.77,38.46,41.17,,,,13.44,12.07,14.66,,,,7.23,5.91,8.46,,,,4.05,2.18,6.04,,,,1.08,-1.08,3.08,,,,2.82,1.06,4.16,,,,,,,,,,
2022-06-16,29.74,28.33,31.12,,,,39.79,38.48,41.21,,,,13.45,12.08,14.65,,,,7.22,5.94,8.48,,,,4.05,2.18,6.01,,,,1.08,-1.1,3.09,,,,2.82,1.03,4.18,,,,32.0,42.0,11.0,6.0,3.0,1.0,4.0
2022-06-17,29.71,28.29,31.1,,,,39.81,38.51,41.25,,,,13.47,12.09,14.69,,,,7.22,5.93,8.49,,,,4.04,2.16,5.98,,,,1.08,-1.06,3.11,,,,2.82,1.01,4.17,,,,,,,,,,
2022-06-18,29.68,28.27,31.09,,,,39.82,38.53,41.29,,,,13.48,12.12,14.69,,,,7.22,5.94,8.5,,,,4.04,2.15,5.95,,,,1.08,-1.03,3.12,,,,2.82,0.99,4.17,,,,,,,,,,
2022-06-19,29.66,28.23,31.07,,,,39.84,38.55,41.33,,,,13.49,12.15,14.71,,,,7.22,5.94,8.49,,,,4.04,2.14,5.92,,,,1.08,-1.04,3.13,,,,2.82,1.0,4.17,,,,,,,,,,
2022-06-20,29.63,28.21,31.05,,,,39.86,38.57,41.36,,,,13.5,12.15,14.72,,,,7.23,5.94,8.47,,,,4.03,2.15,5.91,,,,1.07,-1.04,3.14,,,,2.82,1.02,4.19,,,,,,,,,,
2022-06-21,29.61,28.17,31.03,,,,39.88,38.6,41.39,,,,13.51,12.15,14.74,,,,7.23,5.95,8.46,,,,4.03,2.17,5.93,,,,1.07,-1.04,3.14,,,,2.82,1.03,4.15,,,,,,,,,,
2022-06-22,29.59,28.14,31.01,,,,39.9,38.62,41.44,,,,13.52,12.14,14.76,,,,7.23,5.97,8.46,,,,4.02,2.16,5.95,,,,1.07,-1.04,3.14,,,,2.82,1.05,4.16,,,,,,,,,,
2022-06-23,29.56,28.1,30.99,,,,39.92,38.61,41.47,,,,13.53,12.14,14.77,,,,7.23,5.98,8.46,,,,4.02,2.18,5.97,,,,1.07,-1.05,3.15,,,,2.82,1.06,4.17,,,,31.0,40.0,12.0,8.0,4.0,1.0,3.0
2022-06-24,29.54,28.07,30.97,,,,39.95,38.59,41.48,,,,13.53,12.14,14.78,,,,7.23,5.99,8.47,,,,4.02,2.19,5.94,,,,1.07,-1.05,3.15,,,,2.82,1.08,4.16,,,,,,,,,,
2022-06-25,29.51,28.05,30.97,,,,39.97,38.58,41.49,,,,13.54,12.14,14.79,,,,7.23,6.0,8.49,,,,4.01,2.17,5.93,,,,1.07,-1.03,3.16,,,,2.82,1.11,4.15,,,,,,,,,,
2022-06-26,29.49,28.01,30.97,,,,39.99,38.57,41.5,,,,13.54,12.14,14.8,,,,7.23,6.02,8.5,,,,4.01,2.18,5.94,,,,1.07,-1.02,3.16,,,,2.82,1.09,4.13,,,,,,,,,,
2022-06-27,29.47,27.98,30.94,,,,40.02,38.57,41.52,,,,13.54,12.16,14.81,,,,7.23,6.04,8.51,,,,4.0,2.21,5.96,,,,1.07,-1.02,3.14,,,,2.81,1.07,4.13,,,,,,,,,,
2022-06-28,29.45,27.95,30.92,,,,40.04,38.56,41.57,,,,13.55,12.19,14.82,,,,7.24,6.03,8.51,,,,3.99,2.24,5.98,,,,1.07,-1.01,3.12,,,,2.81,1.07,4.13,,,,,,,,,,
2022-06-29,29.43,27.93,30.9,,,,40.07,38.61,41.64,,,,13.55,12.22,14.83,,,,7.24,6.04,8.5,,,,3.99,2.27,5.96,,,,1.07,-0.99,3.1,,,,2.81,1.09,4.14,,,,32.0,38.0,15.0,7.0,4.0,1.0,2.0
2022-06-30,29.41,27.86,30.89,,,,40.1,38.64,41.7,,,,13.55,12.22,14.83,,,,7.24,6.08,8.51,,,,3.98,2.24,5.92,,,,1.07,-0.97,3.08,,,,2.81,1.07,4.13,,,,,,,,,,
2022-07-01,29.39,27.82,30.86,,,,40.13,38.69,41.73,,,,13.55,12.21,14.82,,,,7.24,6.09,8.52,,,,3.98,2.23,5.88,,,,1.07,-0.97,3.06,,,,2.81,1.05,4.15,,,,,,,,,,
2022-07-02,29.37,27.8,30.84,,,,40.15,38.74,41.75,,,,13.54,12.2,14.83,,,,7.25,6.1,8.53,,,,3.97,2.25,5.87,,,,1.07,-0.97,3.04,,,,2.81,1.05,4.17,,,,,,,,,,
2022-07-03,29.35,27.77,30.81,,,,40.18,38.76,41.8,,,,13.54,12.18,14.84,,,,7.25,6.11,8.54,,,,3.97,2.27,5.88,,,,1.07,-0.97,2.99,,,,2.81,1.08,4.15,,,,,,,,,,
2022-07-04,29.33,27.74,30.78,,,,40.21,38.76,41.86,,,,13.54,12.18,14.84,,,,7.25,6.12,8.55,,,,3.96,2.29,5.86,,,,1.07,-0.97,2.92,,,,2.81,1.06,4.14,,,,,,,,,,
2022-07-05,29.31,27.73,30.75,,,,40.25,38.77,41.93,,,,13.53,12.19,14.87,,,,7.26,6.14,8.56,,,,3.96,2.27,5.86,,,,1.07,-0.96,2.91,,,,2.81,1.05,4.14,,,,,,,,,,
2022-07-06,29.29,27.73,30.72,,,,40.28,38.82,41.96,,,,13.53,12.18,14.86,,,,7.26,6.16,8.57,,,,3.95,2.23,5.86,,,,1.07,-0.95,2.91,,,,2.81,1.05,4.14,,,,,,,,,,
2022-07-07,29.26,27.72,30.7,,,,40.31,38.86,41.99,,,,13.52,12.16,14.86,,,,7.27,6.17,8.58,,,,3.95,2.25,5.85,,,,1.07,-0.94,2.9,,,,2.8,1.08,4.14,,,,26.0,38.0,17.0,7.0,4.0,2.0,3.0
2022-07-08,29.24,27.72,30.69,,,,40.35,38.87,42.01,,,,13.51,12.14,14.86,,,,7.27,6.19,8.59,,,,3.94,2.26,5.83,,,,1.07,-0.93,2.91,,,,2.8,1.1,4.14,,,,,,,,,,
2022-07-09,29.22,27.72,30.67,,,,40.38,38.91,42.03,,,,13.5,12.13,14.86,,,,7.27,6.18,8.6,,,,3.94,2.28,5.82,,,,1.07,-0.91,2.91,,,,2.8,1.1,4.13,,,,,,,,,,
2022-07-10,29.2,27.71,30.65,,,,40.42,38.98,42.05,,,,13.49,12.12,14.87,,,,7.28,6.16,8.61,,,,3.93,2.31,5.8,,,,1.07,-0.9,2.91,,,,2.8,1.09,4.13,,,,,,,,,,
2022-07-11,29.18,27.7,30.63,,,,40.46,39.05,42.11,,,,13.48,12.1,14.87,,,,7.28,6.14,8.61,,,,3.93,2.27,5.78,,,,1.07,-0.89,2.91,,,,2.8,1.09,4.15,,,,,,,,,,
2022-07-12,29.15,27.67,30.61,,,,40.5,39.12,42.17,,,,13.47,12.09,14.87,,,,7.29,6.12,8.63,,,,3.93,2.21,5.76,,,,1.07,-0.86,2.92,,,,2.79,1.08,4.18,,,,,,,,,,
2022-07-13,29.13,27.64,30.58,,,,40.54,39.16,42.24,,,,13.46,12.08,14.88,,,,7.29,6.12,8.64,,,,3.92,2.14,5.73,,,,1.07,-0.85,2.92,,,,2.79,1.07,4.16,,,,,,,,,,
2022-07-14,29.1,27.59,30.56,,,,40.59,39.17,42.27,,,,13.44,12.07,14.86,,,,7.3,6.14,8.63,,,,3.92,2.14,5.77,,,,1.07,-0.83,2.93,,,,2.79,1.06,4.16,,,,26.0,43.0,15.0,7.0,4.0,1.0,3.0
2022-07-15,29.08,27.54,30.53,,,,40.63,39.22,42.3,,,,13.43,12.05,14.83,,,,7.3,6.16,8.61,,,,3.92,2.14,5.82,,,,1.07,-0.8,2.92,,,,2.79,1.05,4.17,,,,,,,,,,
2022-07-16,29.05,27.53,30.49,,,,40.68,39.27,42.36,,,,13.41,12.04,14.81,,,,7.3,6.17,8.6,,,,3.92,2.11,5.86,,,,1.07,-0.77,2.91,,,,2.78,1.07,4.16,,,,,,,,,,
2022-07-17,29.02,27.48,30.44,,,,40.73,39.29,42.39,,,,13.4,12.02,14.83,,,,7.31,6.16,8.62,,,,3.92,2.04,5.85,,,,1.07,-0.75,2.86,,,,2.78,1.08,4.14,,,,,,,,,,
2022-07-18,28.99,27.42,30.39,,,,40.78,39.31,42.42,,,,13.38,12.01,14.84,,,,7.31,6.14,8.63,,,,3.91,1.96,5.84,,,,1.07,-0.75,2.83,,,,2.78,1.09,4.12,,,,,,,,,,
2022-07-19,28.96,27.36,30.36,,,,40.84,39.33,42.47,,,,13.36,12.01,14.85,,,,7.32,6.13,8.65,,,,3.91,1.93,5.83,,,,1.07,-0.76,2.85,,,,2.78,1.11,4.09,,,,,,,,,,
2022-07-20,28.92,27.29,30.33,,,,40.89,39.35,42.54,,,,13.34,11.98,14.84,,,,7.32,6.12,8.66,,,,3.92,1.93,5.81,,,,1.07,-0.76,2.88,,,,2.77,1.12,4.07,,,,,,,,,,
2022-07-21,28.89,27.25,30.3,,,,40.95,39.38,42.63,,,,13.32,11.95,14.79,,,,7.32,6.1,8.66,,,,3.92,1.98,5.8,,,,1.07,-0.77,2.89,,,,2.77,1.14,4.06,,,,,,,,,,
2022-07-22,28.85,27.23,30.27,,,,41.01,39.43,42.73,,,,13.31,11.94,14.74,,,,7.33,6.09,8.65,,,,3.92,2.02,5.79,,,,1.06,-0.77,2.9,,,,2.77,1.15,4.05,,,,32.0,39.0,12.0,8.0,4.0,1.0,2.0
2022-07-23,28.81,27.21,30.25,,,,41.07,39.47,42.83,,,,13.28,11.92,14.69,,,,7.33,6.07,8.64,,,,3.92,2.07,5.81,,,,1.06,-0.75,2.91,,,,2.76,1.17,4.04,,,,,,,,,,
2022-07-24,28.77,27.18,30.21,,,,41.14,39.53,42.94,,,,13.26,11.9,14.64,,,,7.33,6.06,8.64,,,,3.92,2.12,5.83,,,,1.06,-0.79,2.92,,,,2.76,1.18,4.04,,,,,,,,,,
2022-07-25,28.73,27.14,30.14,,,,41.2,39.58,43.0,,,,13.24,11.87,14.59,,,,7.33,6.05,8.64,,,,3.93,2.17,5.86,,,,1.06,-0.78,2.93,,,,2.76,1.2,4.04,,,,,,,,,,
2022-07-26,28.69,27.09,30.08,,,,41.27,39.63,43.06,,,,13.22,11.83,14.55,,,,7.34,6.04,8.65,,,,3.93,2.15,5.84,,,,1.06,-0.76,2.95,,,,2.75,1.22,4.05,,,,,,,,,,
2022-07-27,28.64,27.03,30.05,,,,41.34,39.68,43.12,,,,13.2,11.79,14.54,,,,7.34,6.03,8.65,,,,3.93,2.12,5.85,,,,1.06,-0.73,2.95,,,,2.75,1.23,4.04,,,,,,,,,,
2022-07-28,28.6,26.98,29.98,,,,41.42,39.72,43.17,,,,13.18,11.75,14.48,,,,7.34,6.07,8.65,,,,3.94,2.14,5.87,,,,1.06,-0.71,2.95,,,,2.74,1.25,4.04,,,,30.0,36.0,16.0,7.0,4.0,1.0,3.0
2022-07-29,28.55,26.93,29.93,,,,41.49,39.79,43.23,,,,13.15,11.73,14.45,,,,7.34,6.04,8.63,,,,3.94,2.19,5.89,,,,1.06,-0.72,2.95,,,,2.74,1.27,4.03,,,,,,,,,,
2022-07-30,28.5,26.91,29.89,,,,41.57,39.85,43.29,,,,13.13,11.71,14.45,,,,7.34,6.02,8.62,,,,3.95,2.24,5.91,,,,1.06,-0.66,2.91,,,,2.74,1.25,4.02,,,,,,,,,,
2022-07-31,28.45,26.88,29.85,,,,41.65,39.88,43.36,,,,13.11,11.69,14.44,,,,7.34,6.0,8.64,,,,3.95,2.25,5.93,,,,1.06,-0.64,2.87,,,,2.73,1.24,4.01,,,,,,,,,,
2022-08-01,28.39,26.84,29.8,,,,41.73,39.92,43.42,,,,13.08,11.66,14.38,,,,7.34,5.97,8.65,,,,3.96,2.25,5.94,,,,1.06,-0.64,2.84,,,,2.73,1.26,4.0,,,,,,,,,,
2022-08-02,28.34,26.79,29.75,,,,41.81,39.96,43.48,,,,13.06,11.61,14.34,,,,7.34,5.97,8.66,,,,3.96,2.26,5.93,,,,1.06,-0.64,2.86,,,,2.73,1.28,4.0,,,,,,,,,,
2022-08-03,28.28,26.74,29.69,,,,41.9,40.02,43.56,,,,13.03,11.56,14.34,,,,7.34,5.98,8.67,,,,3.97,2.27,5.9,,,,1.06,-0.63,2.87,,,,2.72,1.29,3.99,,,,,,,,,,
2022-08-04,28.22,26.71,29.63,,,,41.99,40.12,43.72,,,,13.01,11.55,14.33,,,,7.34,5.97,8.67,,,,3.97,2.28,5.91,,,,1.06,-0.63,2.85,,,,2.72,1.31,3.98,,,,,,,,,,
2022-08-05,28.16,26.65,29.57,,,,42.08,40.23,43.82,,,,12.98,11.53,14.32,,,,7.34,5.97,8.67,,,,3.98,2.3,5.92,,,,1.06,-0.62,2.87,,,,2.72,1.33,3.99,,,,32.0,37.0,12.0,8.0,5.0,1.0,2.0
2022-08-06,28.1,26.58,29.5,,,,42.17,40.35,43.86,,,,12.96,11.5,14.31,,,,7.34,5.96,8.66,,,,3.99,2.31,5.94,,,,1.06,-0.61,2.89,,,,2.72,1.35,4.0,,,,,,,,,,
2022-08-07,28.03,26.51,29.44,,,,42.27,40.42,43.96,,,,12.93,11.47,14.29,,,,7.33,5.94,8.65,,,,3.99,2.33,5.93,,,,1.06,-0.6,2.87,,,,2.72,1.35,4.01,,,,,,,,,,
2022-08-08,27.97,26.45,29.36,,,,42.36,40.49,44.09,,,,12.9,11.45,14.27,,,,7.33,5.94,8.65,,,,4.0,2.3,5.94,,,,1.06,-0.62,2.83,,,,2.72,1.36,4.01,,,,,,,,,,
2022-08-09,27.9,26.39,29.29,,,,42.46,40.55,44.22,,,,12.88,11.42,14.25,,,,7.32,5.93,8.64,,,,4.0,2.31,5.96,,,,1.06,-0.63,2.8,,,,2.72,1.37,4.01,,,,,,,,,,
2022-08-10,27.83,26.31,29.21,,,,42.56,40.62,44.35,,,,12.85,11.38,14.23,,,,7.32,5.92,8.64,,,,4.01,2.32,5.93,,,,1.05,-0.65,2.78,,,,2.72,1.37,4.0,,,,27.0,42.0,14.0,7.0,3.0,1.0,3.0
2022-08-11,27.76,26.21,29.13,,,,42.67,40.69,44.5,,,,12.82,11.33,14.22,,,,7.31,5.93,8.64,,,,4.01,2.3,5.91,,,,1.05,-0.65,2.79,,,,2.72,1.37,4.03,,,,,,,,,,
2022-08-12,27.69,26.11,29.06,,,,42.77,40.76,44.65,,,,12.79,11.29,14.18,,,,7.31,5.92,8.65,,,,4.02,2.31,5.92,,,,1.05,-0.61,2.8,,,,2.72,1.36,4.03,,,,,,,,,,
2022-08-13,27.61,26.03,29.01,,,,42.88,40.84,44.79,,,,12.76,11.27,14.16,,,,7.3,5.91,8.66,,,,4.03,2.3,5.9,,,,1.05,-0.58,2.81,,,,2.72,1.38,4.04,,,,,,,,,,
2022-08-14,27.54,25.93,28.96,,,,42.99,40.91,44.93,,,,12.74,11.25,14.13,,,,7.29,5.9,8.66,,,,4.03,2.27,5.85,,,,1.05,-0.58,2.82,,,,2.72,1.39,4.06,,,,,,,,,,
2022-08-15,27.47,25.84,28.92,,,,43.1,40.99,45.07,,,,12.71,11.23,14.09,,,,7.29,5.9,8.66,,,,4.04,2.27,5.83,,,,1.05,-0.6,2.82,,,,2.72,1.39,4.09,,,,,,,,,,
2022-08-16,27.39,25.74,28.87,,,,43.21,41.07,45.22,,,,12.68,11.21,14.06,,,,7.28,5.88,8.66,,,,4.04,2.26,5.81,,,,1.05,-0.62,2.83,,,,2.73,1.4,4.09,,,,,,,,,,
2022-08-17,27.32,25.64,28.82,,,,43.33,41.18,45.34,,,,12.65,11.18,14.03,,,,7.27,5.86,8.66,,,,4.05,2.25,5.82,,,,1.05,-0.62,2.83,,,,2.73,1.4,4.1,,,,24.0,47.0,12.0,7.0,4.0,1.0,3.0
2022-08-18,27.24,25.53,28.77,,,,43.44,41.29,45.46,,,,12.62,11.14,13.99,,,,7.26,5.85,8.66,,,,4.05,2.25,5.82,,,,1.05,-0.63,2.82,,,,2.73,1.41,4.1,,,,,,,,,,
2022-08-19,27.16,25.42,28.72,,,,43.56,41.4,45.61,,,,12.58,11.09,13.96,,,,7.25,5.82,8.66,,,,4.06,2.24,5.82,,,,1.05,-0.64,2.83,,,,2.74,1.41,4.08,,,,,,,,,,
2022-08-20,27.09,25.32,28.66,,,,43.67,41.47,45.73,,,,12.55,11.04,13.94,,,,7.24,5.8,8.65,,,,4.06,2.23,5.83,,,,1.05,-0.65,2.83,,,,2.74,1.42,4.07,,,,,,,,,,
2022-08-21,27.01,25.23,28.61,,,,43.79,41.53,45.87,,,,12.52,10.97,13.93,,,,7.23,5.77,8.65,,,,4.07,2.2,5.84,,,,1.05,-0.66,2.83,,,,2.75,1.43,4.06,,,,,,,,,,
2022-08-22,26.93,25.11,28.55,,,,43.91,41.61,45.98,,,,12.49,10.93,13.92,,,,7.22,5.75,8.64,,,,4.07,2.21,5.83,,,,1.05,-0.67,2.82,,,,2.76,1.45,4.06,,,,,,,,,,
2022-08-23,26.85,25.02,28.5,,,,44.03,41.71,46.07,,,,12.46,10.89,13.9,,,,7.21,5.72,8.63,,,,4.07,2.24,5.84,,,,1.05,-0.67,2.82,,,,2.76,1.46,4.06,,,,,,,,,,
2022-08-24,26.78,24.93,28.41,,,,44.14,41.81,46.17,,,,12.42,10.84,13.87,,,,7.2,5.69,8.63,,,,4.08,2.25,5.86,,,,1.05,-0.67,2.81,,,,2.77,1.48,4.07,,,,31.0,40.0,14.0,8.0,3.0,1.0,3.0
2022-08-25,26.7,24.85,28.33,,,,44.26,41.92,46.27,,,,12.39,10.8,13.85,,,,7.18,5.66,8.63,,,,4.08,2.23,5.85,,,,1.05,-0.66,2.8,,,,2.78,1.49,4.05,,,,,,,,,,
2022-08-26,26.62,24.79,28.25,,,,44.38,42.02,46.43,,,,12.36,10.76,13.82,,,,7.17,5.63,8.64,,,,4.09,2.22,5.84,,,,1.05,-0.66,2.8,,,,2.79,1.5,4.03,,,,,,,,,,
2022-08-27,26.55,24.74,28.21,,,,44.5,42.13,46.61,,,,12.32,10.73,13.8,,,,7.16,5.6,8.65,,,,4.09,2.21,5.88,,,,1.05,-0.64,2.82,,,,2.8,1.53,4.04,,,,,,,,,,
2022-08-28,26.47,24.69,28.16,,,,44.62,42.25,46.78,,,,12.29,10.7,13.77,,,,7.14,5.57,8.65,,,,4.09,2.19,5.89,,,,1.05,-0.64,2.82,,,,2.81,1.56,4.04,,,,,,,,,,
2022-08-29,26.4,24.64,28.1,,,,44.74,42.36,46.94,,,,12.25,10.67,13.75,,,,7.13,5.54,8.63,,,,4.1,2.18,5.89,,,,1.05,-0.66,2.86,,,,2.82,1.57,4.05,,,,,,,,,,
2022-08-30,26.33,24.58,28.05,,,,44.85,42.48,47.08,,,,12.22,10.61,13.72,,,,7.12,5.54,8.61,,,,4.1,2.18,5.9,,,,1.05,-0.67,2.84,,,,2.83,1.58,4.07,,,,,,,,,,
2022-08-31,26.25,24.54,27.99,,,,44.97,42.6,47.19,,,,12.18,10.57,13.65,,,,7.1,5.54,8.59,,,,4.1,2.19,5.9,,,,1.05,-0.64,2.8,,,,2.84,1.6,4.1,,,,,,,,,,
2022-09-01,26.18,24.49,27.95,,,,45.09,42.72,47.34,,,,12.15,10.54,13.63,,,,7.09,5.53,8.56,,,,4.1,2.21,5.9,,,,1.05,-0.62,2.75,,,,2.85,1.61,4.11,,,,27.0,43.0,13.0,8.0,3.0,1.0,3.0
2022-09-02,26.11,24.41,27.92,,,,45.2,42.85,47.46,,,,12.11,10.52,13.6,,,,7.07,5.53,8.54,,,,4.11,2.23,5.88,,,,1.05,-0.62,2.73,,,,2.87,1.6,4.12,,,,,,,,,,
2022-09-03,26.04,24.31,27.83,,,,45.32,42.97,47.58,,,,12.08,10.48,13.59,,,,7.06,5.51,8.54,,,,4.11,2.25,5.86,,,,1.05,-0.63,2.73,,,,2.88,1.6,4.14,,,,,,,,,,
2022-09-04,25.97,24.21,27.77,,,,45.44,43.11,47.68,,,,12.04,10.45,13.58,,,,7.04,5.52,8.54,,,,4.11,2.27,5.86,,,,1.05,-0.64,2.74,,,,2.89,1.6,4.16,,,,,,,,,,
2022-09-05,25.9,24.12,27.71,,,,45.55,43.24,47.78,,,,12.0,10.42,13.56,,,,7.02,5.52,8.55,,,,4.11,2.27,5.88,,,,1.05,-0.66,2.74,,,,2.91,1.6,4.18,,,,,,,,,,
2022-09-06,25.83,24.02,27.66,,,,45.66,43.36,47.87,,,,11.97,10.39,13.54,,,,7.01,5.51,8.55,,,,4.12,2.27,5.88,,,,1.05,-0.69,2.74,,,,2.92,1.61,4.2,,,,,,,,,,
2022-09-07,25.76,23.93,27.6,,,,45.78,43.47,47.97,,,,11.93,10.37,13.51,,,,6.99,5.51,8.54,,,,4.12,2.26,5.89,,,,1.05,-0.7,2.73,,,,2.94,1.61,4.22,,,,27.0,45.0,11.0,8.0,4.0,1.0,2.0
2022-09-08,25.7,23.85,27.54,,,,45.89,43.58,48.06,,,,11.89,10.35,13.48,,,,6.97,5.5,8.54,,,,4.12,2.2,5.92,,,,1.05,-0.72,2.74,,,,2.95,1.62,4.24,,,,,,,,,,
2022-09-09,25.63,23.76,27.46,,,,46.0,43.69,48.16,,,,11.85,10.33,13.45,,,,6.95,5.47,8.54,,,,4.12,2.16,5.94,,,,1.05,-0.74,2.76,,,,2.97,1.63,4.26,,,,,,,,,,
2022-09-10,25.56,23.68,27.38,,,,46.11,43.8,48.25,,,,11.82,10.31,13.42,,,,6.94,5.44,8.5,,,,4.13,2.13,5.93,,,,1.05,-0.76,2.77,,,,2.98,1.65,4.28,,,,,,,,,,
2022-09-11,25.5,23.6,27.3,,,,46.22,43.9,48.34,,,,11.78,10.28,13.39,,,,6.92,5.42,8.45,,,,4.13,2.09,5.96,,,,1.05,-0.77,2.78,,,,3.0,1.67,4.31,,,,,,,,,,
2022-09-12,25.44,23.52,27.21,,,,46.33,44.01,48.43,,,,11.74,10.24,13.35,,,,6.9,5.39,8.43,,,,4.13,2.06,5.98,,,,1.05,-0.78,2.8,,,,3.02,1.69,4.33,,,,29.0,45.0,11.0,7.0,4.0,1.0,3.0
2022-09-13,25.37,23.45,27.12,,,,46.44,44.12,48.52,,,,11.7,10.19,13.32,,,,6.88,5.36,8.42,,,,4.13,2.08,5.98,,,,1.05,-0.8,2.81,,,,3.04,1.7,4.34,,,,,,,,,,
2022-09-14,25.31,23.37,27.08,,,,46.54,44.27,48.61,,,,11.67,10.16,13.29,,,,6.86,5.37,8.4,,,,4.14,2.12,5.99,,,,1.05,-0.81,2.8,,,,3.05,1.72,4.35,,,,,,,,,,
2022-09-15,25.25,23.3,27.04,,,,46.65,44.35,48.7,,,,11.63,10.14,13.25,,,,6.84,5.34,8.37,,,,4.14,2.16,6.0,,,,1.05,-0.82,2.78,,,,3.07,1.74,4.35,,,,,,,,,,
2022-09-16,25.19,23.23,26.97,,,,46.75,44.43,48.78,,,,11.59,10.1,13.22,,,,6.83,5.31,8.35,,,,4.14,2.2,6.0,,,,1.05,-0.82,2.76,,,,3.09,1.76,4.35,,,,,,,,,,
2022-09-17,25.12,23.17,26.89,,,,46.86,44.54,48.89,,,,11.55,10.06,13.19,,,,6.81,5.31,8.34,,,,4.14,2.25,6.03,,,,1.05,-0.84,2.74,,,,3.11,1.78,4.36,,,,,,,,,,
2022-09-18,25.06,23.11,26.8,,,,46.96,44.64,49.0,,,,11.52,10.02,13.12,,,,6.79,5.31,8.35,,,,4.15,2.3,6.03,,,,1.05,-0.86,2.72,,,,3.13,1.8,4.38,,,,,,,,,,
2022-09-19,25.0,23.05,26.72,,,,47.06,44.73,49.07,,,,11.48,9.98,13.02,,,,6.77,5.3,8.34,,,,4.15,2.28,6.04,,,,1.05,-0.89,2.75,,,,3.15,1.83,4.4,,,,,,,,,,
2022-09-20,24.94,22.99,26.63,,,,47.16,44.82,49.15,,,,11.45,9.95,12.97,,,,6.75,5.29,8.3,,,,4.15,2.25,6.04,,,,1.05,-0.91,2.77,,,,3.17,1.86,4.42,,,,,,,,,,
2022-09-21,24.88,22.93,26.54,,,,47.26,44.91,49.22,,,,11.41,9.91,12.93,,,,6.73,5.26,8.27,,,,4.15,2.23,6.05,,,,1.05,-0.92,2.8,,,,3.2,1.88,4.44,,,,,,,,,,
2022-09-22,24.82,22.87,26.46,,,,47.36,45.0,49.3,,,,11.38,9.87,12.91,,,,6.71,5.23,8.26,,,,4.16,2.2,6.05,,,,1.05,-0.94,2.83,,,,3.22,1.91,4.46,,,,28.0,41.0,12.0,8.0,6.0,1.0,2.0
2022-09-23,24.76,22.81,26.38,,,,47.45,45.09,49.37,,,,11.34,9.82,12.9,,,,6.69,5.19,8.24,,,,4.16,2.22,6.06,,,,1.05,-0.96,2.82,,,,3.24,1.94,4.48,,,,,,,,,,
2022-09-24,24.7,22.75,26.31,,,,47.55,45.19,49.45,,,,11.31,9.79,12.89,,,,6.67,5.18,8.23,,,,4.16,2.26,6.06,,,,1.05,-0.96,2.82,,,,3.26,1.97,4.5,,,,,,,,,,
2022-09-25,24.64,22.69,26.22,,,,47.64,45.28,49.52,,,,11.27,9.77,12.82,,,,6.65,5.19,8.22,,,,4.16,2.29,6.07,,,,1.05,-0.98,2.85,,,,3.29,2.0,4.52,,,,26.0,48.0,11.0,7.0,4.0,1.0,3.0
2022-09-26,24.58,22.64,26.15,,,,47.74,45.41,49.6,,,,11.24,9.75,12.76,,,,6.63,5.19,8.2,,,,4.17,2.28,6.08,,,,1.05,-1.0,2.84,,,,3.31,2.03,4.56,,,,,,,,,,
2022-09-27,24.52,22.58,26.12,,,,47.83,45.55,49.75,,,,11.21,9.72,12.7,,,,6.61,5.19,8.16,,,,4.17,2.25,6.09,,,,1.05,-1.01,2.83,,,,3.34,2.07,4.59,,,,,,,,,,
2022-09-28,24.47,22.53,26.08,,,,47.92,45.7,49.81,,,,11.17,9.69,12.64,,,,6.59,5.18,8.11,,,,4.17,2.28,6.09,,,,1.05,-1.03,2.82,,,,3.36,2.1,4.64,,,,,,,,,,
2022-09-29,24.41,22.47,26.02,,,,48.01,45.82,49.85,,,,11.14,9.67,12.58,,,,6.57,5.16,8.07,,,,4.18,2.3,6.11,,,,1.05,-1.05,2.82,,,,3.39,2.11,4.68,,,,19.0,55.0,10.0,7.0,5.0,1.0,3.0
2022-09-30,24.35,22.43,25.93,,,,48.1,45.93,49.88,,,,11.11,9.64,12.54,,,,6.55,5.13,8.02,,,,4.18,2.32,6.11,,,,1.05,-1.07,2.81,,,,3.41,2.13,4.7,,,,,,,,,,
2022-10-01,24.29,22.38,25.85,,,,48.19,46.03,49.95,,,,11.08,9.57,12.51,,,,6.53,5.11,7.98,,,,4.18,2.33,6.12,,,,1.06,-1.09,2.83,,,,3.44,2.17,4.74,,,,,,,,,,
2022-10-02,24.23,22.33,25.76,,,,48.27,46.11,50.01,,,,11.05,9.5,12.5,,,,6.51,5.07,7.94,,,,4.19,2.3,6.1,,,,1.06,-1.11,2.84,,,,3.47,2.2,4.77,,,,,,,,,,
2022-10-03,24.17,22.29,25.68,,,,48.36,46.24,50.08,,,,11.02,9.5,12.47,,,,6.49,5.01,7.89,,,,4.19,2.27,6.05,,,,1.06,-1.12,2.84,,,,3.5,2.21,4.81,,,,,,,,,,
2022-10-04,24.11,22.24,25.6,,,,48.44,46.36,50.15,,,,10.99,9.49,12.41,,,,6.48,4.99,7.86,,,,4.19,2.24,6.07,,,,1.06,-1.14,2.86,,,,3.52,2.23,4.84,,,,,,,,,,
2022-10-05,24.05,22.19,25.52,,,,48.53,46.48,50.2,,,,10.96,9.46,12.36,,,,6.46,4.98,7.84,,,,4.19,2.21,6.09,,,,1.06,-1.16,2.87,,,,3.55,2.25,4.87,,,,,,,,,,
2022-10-06,23.99,22.15,25.46,,,,48.61,46.59,50.29,,,,10.93,9.43,12.34,,,,6.44,4.95,7.83,,,,4.2,2.19,6.13,,,,1.06,-1.18,2.87,,,,3.58,2.27,4.9,,,,,,,,,,
2022-10-07,23.93,22.1,25.4,,,,48.69,46.7,50.41,,,,10.9,9.39,12.33,,,,6.42,4.92,7.81,,,,4.2,2.16,6.16,,,,1.06,-1.19,2.85,,,,3.61,2.3,4.93,,,,20.0,53.0,10.0,6.0,5.0,1.0,2.0
2022-10-08,23.87,22.06,25.34,,,,48.77,46.81,50.53,,,,10.87,9.35,12.32,,,,6.4,4.9,7.78,,,,4.2,2.14,6.17,,,,1.06,-1.21,2.89,,,,3.64,2.33,4.98,,,,,,,,,,
2022-10-09,23.82,22.02,25.28,,,,48.84,46.91,50.63,,,,10.84,9.32,12.28,,,,6.38,4.88,7.77,,,,4.21,2.11,6.16,,,,1.06,-1.23,2.92,,,,3.67,2.38,5.04,,,,,,,,,,
2022-10-10,23.76,21.97,25.24,,,,48.92,47.01,50.67,,,,10.81,9.3,12.22,,,,6.36,4.85,7.76,,,,4.21,2.1,6.16,,,,1.06,-1.21,2.93,,,,3.7,2.43,5.07,,,,,,,,,,
2022-10-11,23.7,21.93,25.19,,,,49.0,47.12,50.71,,,,10.78,9.29,12.17,,,,6.34,4.83,7.74,,,,4.21,2.08,6.17,,,,1.06,-1.2,2.95,,,,3.73,2.45,5.1,,,,,,,,,,
2022-10-12,23.65,21.89,25.14,,,,49.07,47.23,50.75,,,,10.76,9.28,12.11,,,,6.32,4.81,7.73,,,,4.22,2.07,6.18,,,,1.06,-1.19,2.96,,,,3.76,2.46,5.12,,,,21.0,54.0,10.0,7.0,5.0,1.0,2.0
2022-10-13,23.59,21.85,25.1,,,,49.14,47.29,50.83,,,,10.73,9.25,12.06,,,,6.3,4.78,7.72,,,,4.22,2.06,6.2,,,,1.06,-1.19,2.97,,,,3.79,2.49,5.16,,,,,,,,,,
2022-10-14,23.54,21.81,25.07,,,,49.21,47.38,50.92,,,,10.7,9.22,12.04,,,,6.28,4.76,7.71,,,,4.22,2.05,6.2,,,,1.06,-1.2,2.98,,,,3.82,2.5,5.21,,,,,,,,,,
2022-10-15,23.49,21.77,25.02,,,,49.28,47.47,51.01,,,,10.68,9.18,12.02,,,,6.26,4.74,7.69,,,,4.22,2.04,6.21,,,,1.06,-1.21,2.99,,,,3.85,2.53,5.27,,,,,,,,,,
2022-10-16,23.43,21.73,24.99,,,,49.34,47.57,51.1,,,,10.65,9.15,11.97,,,,6.25,4.72,7.69,,,,4.23,2.08,6.21,,,,1.06,-1.21,2.97,,,,3.88,2.55,5.32,,,,,,,,,,
2022-10-17,23.38,21.69,24.95,,,,49.41,47.65,51.18,,,,10.62,9.11,11.96,,,,6.23,4.71,7.68,,,,4.23,2.1,6.22,,,,1.06,-1.21,2.96,,,,3.9,2.57,5.37,,,,,,,,,,
2022-10-18,23.33,21.65,24.9,,,,49.47,47.69,51.27,,,,10.6,9.07,11.95,,,,6.21,4.7,7.67,,,,4.23,2.08,6.22,,,,1.07,-1.21,2.94,,,,3.93,2.6,5.4,,,,,,,,,,
2022-10-19,23.28,21.62,24.86,,,,49.53,47.74,51.28,,,,10.58,9.03,11.93,,,,6.19,4.7,7.65,,,,4.23,2.08,6.23,,,,1.07,-1.22,2.94,,,,3.97,2.63,5.43,,,,,,,,,,
2022-10-20,23.23,21.58,24.81,,,,49.59,47.78,51.29,,,,10.55,9.0,11.91,,,,6.17,4.69,7.63,,,,4.23,2.1,6.22,,,,1.07,-1.25,2.95,,,,4.0,2.67,5.46,,,,,,,,,,
2022-10-21,23.19,21.55,24.76,,,,49.65,47.84,51.31,,,,10.53,8.96,11.9,,,,6.15,4.67,7.63,,,,4.24,2.09,6.21,,,,1.07,-1.26,2.96,,,,4.03,2.72,5.49,,,,16.0,59.0,11.0,4.0,3.0,1.0,5.0
2022-10-22,23.14,21.51,24.71,,,,49.7,47.87,51.33,,,,10.51,8.94,11.89,,,,6.14,4.65,7.62,,,,4.24,2.07,6.19,,,,1.07,-1.29,2.96,,,,4.06,2.76,5.52,,,,,,,,,,
2022-10-23,23.09,21.48,24.68,,,,49.76,47.94,51.4,,,,10.49,8.96,11.87,,,,6.12,4.64,7.6,,,,4.24,2.08,6.19,,,,1.07,-1.31,2.97,,,,4.09,2.81,5.55,,,,,,,,,,
2022-10-24,23.05,21.46,24.65,,,,49.81,48.01,51.46,,,,10.46,8.95,11.86,,,,6.1,4.63,7.58,,,,4.24,2.09,6.18,,,,1.07,-1.34,2.98,,,,4.12,2.85,5.58,,,,,,,,,,
2022-10-25,23.0,21.41,24.61,,,,49.86,48.07,51.52,,,,10.44,8.93,11.85,,,,6.08,4.62,7.54,,,,4.24,2.11,6.17,,,,1.07,-1.34,2.99,,,,4.15,2.89,5.6,,,,,,,,,,
2022-10-26,22.96,21.38,24.58,,,,49.91,48.14,51.58,,,,10.42,8.91,11.83,,,,6.06,4.6,7.5,,,,4.24,2.13,6.17,,,,1.07,-1.33,2.99,,,,4.18,2.94,5.63,,,,22.0,52.0,10.0,5.0,4.0,1.0,5.0
2022-10-27,22.92,21.39,24.55,,,,49.95,48.17,51.64,,,,10.4,8.89,11.82,,,,6.05,4.58,7.47,,,,4.24,2.1,6.16,,,,1.07,-1.37,3.01,,,,4.21,2.99,5.66,,,,,,,,,,
2022-10-28,22.88,21.36,24.51,,,,50.0,48.2,51.67,,,,10.38,8.88,11.8,,,,6.03,4.57,7.46,,,,4.24,2.07,6.15,,,,1.07,-1.41,3.02,,,,4.24,3.01,5.69,,,,,,,,,,
2022-10-29,22.84,21.3,24.48,,,,50.04,48.23,51.7,,,,10.37,8.87,11.76,,,,6.01,4.56,7.45,,,,4.24,2.06,6.14,,,,1.07,-1.42,3.04,,,,4.27,3.03,5.72,,,,,,,,,,
2022-10-30,22.8,21.27,24.45,,,,50.08,48.25,51.72,,,,10.35,8.86,11.76,,,,5.99,4.55,7.43,,,,4.24,2.07,6.13,,,,1.07,-1.43,3.06,,,,4.3,3.06,5.75,,,,,,,,,,
2022-10-31,22.76,21.22,24.41,,,,50.12,48.27,51.75,,,,10.33,8.85,11.74,,,,5.98,4.53,7.42,,,,4.24,2.09,6.11,,,,1.07,-1.44,3.07,,,,4.33,3.08,5.77,,,,,,,,,,
2022-11-01,22.73,21.17,24.37,,,,50.16,48.3,51.77,,,,10.31,8.82,11.72,,,,5.96,4.52,7.41,,,,4.24,2.1,6.13,,,,1.07,-1.43,3.08,,,,4.36,3.11,5.8,,,,,,,,,,
2022-11-02,22.7,21.12,24.31,,,,50.2,48.33,51.79,,,,10.3,8.79,11.69,,,,5.94,4.51,7.41,,,,4.23,2.11,6.15,,,,1.07,-1.42,3.08,,,,4.39,3.14,5.83,,,,23.0,53.0,9.0,5.0,3.0,2.0,5.0
2022-11-03,22.66,21.07,24.26,,,,50.23,48.35,51.81,,,,10.28,8.78,11.66,,,,5.92,4.5,7.39,,,,4.23,2.13,6.18,,,,1.07,-1.41,3.09,,,,4.42,3.17,5.86,,,,,,,,,,
2022-11-04,22.63,21.03,24.24,,,,50.26,48.38,51.82,,,,10.26,8.78,11.64,,,,5.91,4.5,7.37,,,,4.23,2.15,6.2,,,,1.07,-1.4,3.09,,,,4.45,3.2,5.89,,,,,,,,,,
2022-11-05,22.6,20.99,24.2,,,,50.29,48.42,51.84,,,,10.25,8.77,11.61,,,,5.89,4.48,7.35,,,,4.23,2.19,6.19,,,,1.07,-1.38,3.1,,,,4.48,3.22,5.91,,,,,,,,,,
2022-11-06,22.58,20.96,24.15,,,,50.32,48.42,51.88,,,,10.23,8.77,11.59,,,,5.87,4.45,7.32,,,,4.22,2.19,6.18,,,,1.07,-1.37,3.1,,,,4.51,3.24,5.94,,,,,,,,,,
2022-11-07,22.55,20.92,24.11,,,,50.35,48.45,51.94,,,,10.22,8.75,11.56,,,,5.86,4.46,7.3,,,,4.22,2.2,6.17,,,,1.07,-1.35,3.13,,,,4.54,3.27,5.98,,,,,,,,,,
2022-11-08,22.52,20.89,24.1,,,,50.37,48.49,51.97,,,,10.21,8.73,11.53,,,,5.84,4.47,7.28,,,,4.22,2.24,6.17,,,,1.07,-1.33,3.16,,,,4.57,3.29,6.02,,,,,,,,,,
2022-11-09,22.5,20.86,24.1,,,,50.4,48.52,51.97,,,,10.19,8.71,11.51,,,,5.83,4.44,7.27,,,,4.21,2.25,6.16,,,,1.07,-1.26,3.15,,,,4.6,3.31,6.06,,,,,,,,,,
2022-11-10,22.48,20.87,24.09,,,,50.42,48.55,52.01,,,,10.18,8.71,11.51,,,,5.81,4.41,7.28,,,,4.21,2.27,6.15,,,,1.07,-1.24,3.13,,,,4.63,3.35,6.1,,,,23.0,48.0,11.0,6.0,5.0,1.0,5.0
2022-11-11,22.46,20.9,24.1,,,,50.43,48.58,52.04,,,,10.17,8.73,11.52,,,,5.8,4.38,7.25,,,,4.2,2.29,6.14,,,,1.07,-1.24,3.11,,,,4.66,3.4,6.13,,,,,,,,,,
2022-11-12,22.44,20.88,24.07,,,,50.45,48.59,52.07,,,,10.16,8.71,11.53,,,,5.78,4.36,7.21,,,,4.2,2.28,6.14,,,,1.07,-1.24,3.09,,,,4.68,3.43,6.15,,,,,,,,,,
2022-11-13,22.42,20.86,24.04,,,,50.46,48.59,52.06,,,,10.15,8.7,11.55,,,,5.77,4.39,7.17,,,,4.19,2.25,6.13,,,,1.07,-1.22,3.1,,,,4.71,3.47,6.18,,,,,,,,,,
2022-11-14,22.41,20.83,24.0,,,,50.47,48.59,52.03,,,,10.14,8.68,11.55,,,,5.75,4.4,7.17,,,,4.19,2.23,6.15,,,,1.07,-1.19,3.08,,,,4.74,3.5,6.21,,,,,,,,,,
2022-11-15,22.4,20.8,23.97,,,,50.48,48.61,52.04,,,,10.13,8.67,11.56,,,,5.74,4.36,7.2,,,,4.18,2.2,6.16,,,,1.07,-1.16,3.06,,,,4.77,3.51,6.27,,,,,,,,,,
2022-11-16,22.39,20.77,23.94,,,,50.48,48.62,52.06,,,,10.12,8.65,11.55,,,,5.73,4.3,7.18,,,,4.18,2.21,6.17,,,,1.07,-1.13,3.04,,,,4.79,3.56,6.32,,,,25.0,47.0,10.0,5.0,5.0,1.0,5.0
2022-11-17,22.38,20.75,23.92,,,,50.49,48.63,52.06,,,,10.11,8.64,11.55,,,,5.72,4.27,7.14,,,,4.17,2.22,6.16,,,,1.07,-1.11,3.05,,,,4.82,3.59,6.36,,,,,,,,,,
2022-11-18,22.37,20.72,23.91,,,,50.49,48.63,52.07,,,,10.1,8.62,11.56,,,,5.7,4.27,7.11,,,,4.16,2.2,6.16,,,,1.07,-1.07,3.09,,,,4.85,3.62,6.41,,,,,,,,,,
2022-11-19,22.37,20.7,23.94,,,,50.48,48.64,52.08,,,,10.1,8.57,11.55,,,,5.69,4.27,7.12,,,,4.16,2.18,6.15,,,,1.07,-1.05,3.14,,,,4.87,3.65,6.47,,,,,,,,,,
2022-11-20,22.36,20.68,23.94,,,,50.48,48.65,52.05,,,,10.09,8.53,11.55,,,,5.68,4.28,7.12,,,,4.15,2.15,6.15,,,,1.07,-1.02,3.15,,,,4.9,3.64,6.51,,,,,,,,,,
2022-11-21,22.36,20.67,23.94,,,,50.47,48.65,52.01,,,,10.08,8.52,11.56,,,,5.67,4.28,7.11,,,,4.14,2.13,6.14,,,,1.07,-1.03,3.13,,,,4.92,3.64,6.51,,,,,,,,,,
2022-11-22,22.36,20.68,23.95,,,,50.46,48.65,51.97,,,,10.08,8.53,11.58,,,,5.66,4.28,7.1,,,,4.14,2.11,6.13,,,,1.07,-1.06,3.1,,,,4.95,3.63,6.5,,,,,,,,,,
2022-11-23,22.37,20.68,23.95,,,,50.45,48.66,51.94,,,,10.07,8.54,11.61,,,,5.66,4.26,7.09,,,,4.13,2.07,6.1,,,,1.07,-1.06,3.07,,,,4.97,3.64,6.5,,,,24.0,51.0,9.0,5.0,4.0,1.0,4.0
2022-11-24,22.37,20.69,23.95,,,,50.43,48.66,51.92,,,,10.07,8.55,11.62,,,,5.65,4.24,7.13,,,,4.12,2.03,6.11,,,,1.07,-1.01,3.07,,,,5.0,3.67,6.49,,,,,,,,,,
2022-11-25,22.38,20.7,23.94,,,,50.42,48.63,51.88,,,,10.06,8.55,11.62,,,,5.64,4.23,7.14,,,,4.12,1.99,6.1,,,,1.07,-1.01,3.03,,,,5.02,3.7,6.52,,,,,,,,,,
2022-11-26,22.38,20.71,23.92,,,,50.4,48.6,51.89,,,,10.06,8.54,11.63,,,,5.63,4.22,7.14,,,,4.11,2.0,6.11,,,,1.07,-1.0,3.02,,,,5.04,3.73,6.56,,,,,,,,,,
2022-11-27,22.39,20.72,23.95,,,,50.38,48.56,51.84,,,,10.05,8.54,11.61,,,,5.63,4.21,7.14,,,,4.1,2.02,6.11,,,,1.07,-1.0,3.03,,,,5.07,3.76,6.6,,,,,,,,,,
2022-11-28,22.4,20.73,23.99,,,,50.36,48.54,51.83,,,,10.05,8.55,11.62,,,,5.62,4.21,7.16,,,,4.1,2.02,6.12,,,,1.07,-0.99,3.05,,,,5.09,3.79,6.65,,,,,,,,,,
2022-11-29,22.41,20.75,24.01,,,,50.33,48.53,51.81,,,,10.05,8.56,11.63,,,,5.62,4.2,7.18,,,,4.09,2.01,6.12,,,,1.07,-0.97,3.07,,,,5.11,3.82,6.7,,,,,,,,,,
2022-11-30,22.42,20.78,24.06,,,,50.3,48.52,51.83,,,,10.05,8.56,11.64,,,,5.61,4.2,7.19,,,,4.08,1.98,6.12,,,,1.07,-0.97,3.08,,,,5.13,3.82,6.72,,,,20.0,50.0,10.0,5.0,5.0,1.0,7.0
2022-12-01,22.44,20.8,24.06,,,,50.28,48.5,51.84,,,,10.04,8.56,11.64,,,,5.61,4.19,7.2,,,,4.08,1.97,6.13,,,,1.07,-1.01,3.1,,,,5.15,3.85,6.73,,,,,,,,,,
2022-12-02,22.45,20.82,24.05,,,,50.25,48.49,51.8,,,,10.04,8.54,11.65,,,,5.61,4.16,7.19,,,,4.07,1.96,6.14,,,,1.07,-1.01,3.12,,,,5.17,3.86,6.76,,,,,,,,,,
2022-12-03,22.47,20.85,24.07,,,,50.22,48.47,51.76,,,,10.04,8.54,11.65,,,,5.6,4.13,7.18,,,,4.06,1.95,6.14,,,,1.07,-1.0,3.1,,,,5.19,3.87,6.79,,,,,,,,,,
2022-12-04,22.48,20.88,24.07,,,,50.18,48.45,51.73,,,,10.04,8.54,11.66,,,,5.6,4.14,7.21,,,,4.06,1.94,6.15,,,,1.07,-0.97,3.07,,,,5.21,3.84,6.78,,,,,,,,,,
2022-12-05,22.5,20.9,24.07,,,,50.15,48.41,51.7,,,,10.04,8.54,11.66,,,,5.6,4.14,7.24,,,,4.05,1.94,6.13,,,,1.07,-0.94,3.05,,,,5.23,3.86,6.77,,,,,,,,,,
2022-12-06,22.52,20.92,24.1,,,,50.12,48.4,51.67,,,,10.04,8.53,11.66,,,,5.6,4.14,7.24,,,,4.05,1.93,6.1,,,,1.06,-0.96,3.01,,,,5.25,3.89,6.8,,,,,,,,,,
2022-12-07,22.54,20.95,24.12,,,,50.08,48.37,51.64,,,,10.04,8.51,11.67,,,,5.6,4.13,7.25,,,,4.04,1.93,6.07,,,,1.06,-0.93,2.98,,,,5.26,3.92,6.84,,,,21.0,52.0,10.0,6.0,3.0,,7.0
2022-12-08,22.56,20.98,24.14,,,,50.05,48.35,51.6,,,,10.04,8.53,11.66,,,,5.6,4.12,7.24,,,,4.04,1.92,6.04,,,,1.06,-0.88,3.0,,,,5.28,3.95,6.88,,,,,,,,,,
2022-12-09,22.58,21.0,24.16,,,,50.01,48.34,51.56,,,,10.04,8.52,11.66,,,,5.6,4.12,7.22,,,,4.03,1.91,6.01,,,,1.06,-0.9,3.04,,,,5.3,3.98,6.92,,,,,,,,,,
2022-12-10,22.6,21.03,24.17,,,,49.97,48.32,51.52,,,,10.04,8.5,11.66,,,,5.6,4.11,7.2,,,,4.03,1.91,5.97,,,,1.06,-0.92,3.07,,,,5.31,4.0,6.95,,,,,,,,,,
2022-12-11,22.62,21.05,24.18,,,,49.93,48.26,51.48,,,,10.04,8.49,11.65,,,,5.6,4.11,7.18,,,,4.02,1.91,5.94,,,,1.06,-0.94,3.13,,,,5.33,4.03,6.95,,,,,,,,,,
2022-12-12,22.64,21.07,24.2,,,,49.89,48.26,51.44,,,,10.04,8.51,11.65,,,,5.61,4.09,7.17,,,,4.02,1.92,5.91,,,,1.06,-0.92,3.13,,,,5.34,4.03,6.94,,,,,,,,,,
2022-12-13,22.66,21.08,24.21,,,,49.85,48.25,51.4,,,,10.05,8.52,11.64,,,,5.61,4.1,7.15,,,,4.01,1.93,5.88,,,,1.06,-0.91,3.17,,,,5.36,4.05,6.94,,,,,,,,,,
2022-12-14,22.68,21.11,24.23,,,,49.81,48.23,51.36,,,,10.05,8.53,11.63,,,,5.61,4.1,7.15,,,,4.01,1.95,5.86,,,,1.06,-0.89,3.2,,,,5.37,4.06,6.96,,,,,,,,,,
2022-12-15,22.7,21.13,24.25,,,,49.78,48.21,51.32,,,,10.05,8.54,11.62,,,,5.62,4.09,7.15,,,,4.01,1.97,5.87,,,,1.05,-0.9,3.24,,,,5.38,4.06,6.97,,,,21.0,49.0,9.0,6.0,4.0,1.0,8.0
2022-12-16,22.72,21.14,24.25,,,,49.74,48.19,51.28,,,,10.05,8.56,11.61,,,,5.62,4.06,7.14,,,,4.0,1.99,5.88,,,,1.05,-0.92,3.26,,,,5.4,4.06,6.99,,,,,,,,,,
2022-12-17,22.74,21.14,24.26,,,,49.7,48.17,51.24,,,,10.06,8.56,11.6,,,,5.63,4.07,7.14,,,,4.0,1.97,5.92,,,,1.05,-0.96,3.26,,,,5.41,4.06,7.0,,,,,,,,,,
2022-12-18,22.76,21.16,24.27,,,,49.66,48.13,51.2,,,,10.06,8.55,11.58,,,,5.64,4.08,7.14,,,,4.0,1.94,5.91,,,,1.05,-0.99,3.28,,,,5.42,4.06,7.02,,,,,,,,,,
2022-12-19,22.78,21.17,24.28,,,,49.62,48.09,51.16,,,,10.07,8.54,11.57,,,,5.64,4.11,7.15,,,,4.0,1.92,5.87,,,,1.05,-1.02,3.25,,,,5.43,4.05,7.03,,,,,,,,,,
2022-12-20,22.8,21.2,24.28,,,,49.58,48.05,51.12,,,,10.07,8.52,11.55,,,,5.65,4.13,7.16,,,,3.99,1.9,5.84,,,,1.05,-1.03,3.23,,,,5.44,4.05,7.04,,,,,,,,,,
2022-12-21,22.81,21.21,24.29,,,,49.54,48.01,51.08,,,,10.08,8.52,11.54,,,,5.66,4.15,7.17,,,,3.99,1.89,5.8,,,,1.05,-1.02,3.21,,,,5.45,4.05,7.05,,,,23.0,49.0,10.0,5.0,4.0,1.0,6.0
2022-12-22,22.83,21.24,24.29,,,,49.51,47.97,51.04,,,,10.08,8.55,11.53,,,,5.66,4.16,7.18,,,,3.99,1.89,5.77,,,,1.04,-1.03,3.2,,,,5.46,4.08,7.06,,,,,,,,,,
2022-12-23,22.85,21.25,24.28,,,,49.47,47.94,51.0,,,,10.09,8.56,11.52,,,,5.67,4.19,7.17,,,,3.99,1.87,5.8,,,,1.04,-1.04,3.18,,,,5.46,4.08,7.05,,,,,,,,,,
2022-12-24,22.86,21.27,24.3,,,,49.43,47.9,50.96,,,,10.09,8.57,11.51,,,,5.68,4.23,7.15,,,,3.99,1.89,5.8,,,,1.04,-1.03,3.15,,,,5.47,4.07,7.03,,,,,,,,,,
2022-12-25,22.88,21.28,24.32,,,,49.4,47.86,50.92,,,,10.1,8.58,11.49,,,,5.69,4.26,7.12,,,,3.98,1.89,5.75,,,,1.04,-1.03,3.13,,,,5.48,4.06,7.01,,,,,,,,,,
2022-12-26,22.9,21.29,24.33,,,,49.37,47.83,50.88,,,,10.1,8.58,11.48,,,,5.69,4.28,7.12,,,,3.98,1.93,5.72,,,,1.04,-1.01,3.1,,,,5.48,4.04,7.0,,,,,,,,,,
2022-12-27,22.91,21.32,24.35,,,,49.34,47.81,50.83,,,,10.11,8.59,11.46,,,,5.7,4.27,7.12,,,,3.98,1.97,5.72,,,,1.04,-1.0,3.08,,,,5.48,4.03,6.98,,,,,,,,,,
2022-12-28,22.92,21.34,24.38,,,,49.3,47.76,50.77,,,,10.12,8.6,11.45,,,,5.71,4.27,7.13,,,,3.98,1.98,5.71,,,,1.03,-1.02,3.05,,,,5.49,4.02,6.97,,,,,,,,,,
2022-12-29,22.94,21.36,24.4,,,,49.28,47.72,50.72,,,,10.12,8.62,11.46,,,,5.72,4.26,7.13,,,,3.98,1.97,5.7,,,,1.03,-1.0,3.06,,,,5.49,4.01,6.99,,,,,,,,,,
2022-12-30,22.95,21.35,24.42,,,,49.25,47.68,50.68,,,,10.13,8.64,11.47,,,,5.73,4.27,7.13,,,,3.98,1.9,5.69,,,,1.03,-1.02,3.1,,,,5.49,4.0,7.0,,,,,,,,,,
2022-12-31,22.96,21.37,24.43,,,,49.22,47.66,50.65,,,,10.14,8.63,11.47,,,,5.73,4.25,7.14,,,,3.98,1.89,5.68,,,,1.03,-1.04,3.09,,,,5.5,3.99,7.0,,,,,,,,,,
2023-01-01,22.97,21.39,24.42,,,,49.19,47.63,50.62,,,,10.14,8.62,11.48,,,,5.74,4.22,7.14,,,,3.98,1.89,5.67,,,,1.03,-1.05,3.06,,,,5.5,3.98,6.99,,,,,,,,,,
2023-01-02,22.98,21.4,24.42,,,,49.17,47.6,50.59,,,,10.15,8.64,11.49,,,,5.75,4.19,7.14,,,,3.97,1.9,5.66,,,,1.03,-1.03,3.02,,,,5.5,3.97,6.98,,,,,,,,,,
2023-01-03,22.99,21.42,24.46,,,,49.14,47.57,50.55,,,,10.16,8.6,11.5,,,,5.76,4.16,7.14,,,,3.97,1.91,5.65,,,,1.02,-1.01,2.98,,,,5.5,3.96,6.98,,,,,,,,,,
2023-01-04,23.0,21.44,24.51,,,,49.12,47.54,50.53,,,,10.17,8.59,11.51,,,,5.77,4.15,7.14,,,,3.97,1.91,5.63,,,,1.02,-0.99,2.95,,,,5.49,3.95,6.97,,,,,,,,,,
2023-01-05,23.01,21.46,24.53,,,,49.1,47.51,50.5,,,,10.17,8.58,11.52,,,,5.77,4.17,7.14,,,,3.97,1.92,5.62,,,,1.02,-0.96,2.95,,,,5.49,3.93,6.96,,,,24.0,47.0,11.0,7.0,3.0,1.0,5.0
2023-01-06,23.02,21.47,24.53,,,,49.08,47.48,50.47,,,,10.18,8.57,11.53,,,,5.78,4.19,7.14,,,,3.97,1.93,5.67,,,,1.02,-0.93,2.92,,,,5.49,3.92,6.95,,,,,,,,,,
2023-01-07,23.03,21.49,24.53,,,,49.06,47.46,50.44,,,,10.19,8.57,11.54,,,,5.79,4.21,7.14,,,,3.97,1.94,5.73,,,,1.02,-0.89,2.93,,,,5.49,3.91,6.94,,,,,,,,,,
2023-01-08,23.03,21.51,24.53,,,,49.04,47.45,50.41,,,,10.2,8.59,11.55,,,,5.8,4.21,7.14,,,,3.97,1.96,5.78,,,,1.02,-0.88,2.95,,,,5.48,3.89,6.92,,,,,,,,,,
2023-01-09,23.04,21.53,24.52,,,,49.02,47.43,50.36,,,,10.21,8.61,11.56,,,,5.8,4.2,7.16,,,,3.97,1.97,5.84,,,,1.01,-0.9,2.96,,,,5.48,3.88,6.91,,,,,,,,,,
2023-01-10,23.05,21.55,24.52,,,,49.0,47.41,50.32,,,,10.22,8.63,11.57,,,,5.81,4.2,7.19,,,,3.96,1.98,5.85,,,,1.01,-0.9,2.98,,,,5.48,3.87,6.9,,,,,,,,,,
2023-01-11,23.06,21.54,24.51,,,,48.98,47.39,50.32,,,,10.23,8.65,11.56,,,,5.82,4.2,7.23,,,,3.96,2.0,5.86,,,,1.01,-0.93,2.99,,,,5.47,3.85,6.88,,,,25.0,48.0,10.0,5.0,4.0,1.0,6.0
2023-01-12,23.06,21.53,24.54,,,,48.97,47.37,50.29,,,,10.24,8.65,11.59,,,,5.83,4.19,7.24,,,,3.96,2.01,5.86,,,,1.01,-0.96,3.0,,,,5.47,3.85,6.9,,,,,,,,,,
2023-01-13,23.07,21.53,24.55,,,,48.95,47.36,50.28,,,,10.25,8.64,11.61,,,,5.83,4.22,7.22,,,,3.96,2.02,5.89,,,,1.01,-0.98,3.0,,,,5.46,3.84,6.88,,,,,,,,,,
2023-01-14,23.08,21.52,24.53,,,,48.94,47.34,50.28,,,,10.25,8.64,11.64,,,,5.84,4.26,7.21,,,,3.96,2.03,5.92,,,,1.01,-1.0,3.01,,,,5.46,3.82,6.86,,,,,,,,,,
2023-01-15,23.09,21.51,24.51,,,,48.92,47.34,50.29,,,,10.26,8.64,11.68,,,,5.85,4.29,7.2,,,,3.95,2.03,5.87,,,,1.01,-1.02,3.02,,,,5.45,3.81,6.84,,,,,,,,,,
2023-01-16,23.1,21.54,24.49,,,,48.91,47.33,50.28,,,,10.27,8.64,11.71,,,,5.85,4.3,7.19,,,,3.95,2.04,5.87,,,,1.01,-1.04,3.03,,,,5.44,3.8,6.85,,,,,,,,,,
2023-01-17,23.1,21.55,24.46,,,,48.89,47.35,50.27,,,,10.28,8.65,11.74,,,,5.86,4.3,7.19,,,,3.95,2.04,5.93,,,,1.0,-1.06,3.03,,,,5.44,3.79,6.86,,,,,,,,,,
2023-01-18,23.11,21.56,24.46,,,,48.88,47.36,50.26,,,,10.29,8.65,11.73,,,,5.87,4.31,7.21,,,,3.95,2.07,5.91,,,,1.0,-1.08,3.04,,,,5.43,3.77,6.88,,,,,,,,,,
2023-01-19,23.12,21.56,24.45,,,,48.86,47.37,50.24,,,,10.3,8.64,11.73,,,,5.87,4.3,7.25,,,,3.95,2.1,5.89,,,,1.0,-1.15,3.05,,,,5.42,3.73,6.88,,,,26.0,49.0,10.0,5.0,4.0,1.0,4.0
2023-01-20,23.13,21.59,24.44,,,,48.85,47.34,50.23,,,,10.31,8.66,11.73,,,,5.88,4.3,7.27,,,,3.94,2.16,5.86,,,,1.0,-1.21,3.05,,,,5.41,3.73,6.89,,,,,,,,,,
2023-01-21,23.14,21.61,24.46,,,,48.83,47.32,50.19,,,,10.32,8.66,11.72,,,,5.89,4.29,7.26,,,,3.94,2.16,5.86,,,,1.0,-1.28,3.04,,,,5.41,3.74,6.89,,,,,,,,,,
2023-01-22,23.15,21.65,24.48,,,,48.82,47.32,50.19,,,,10.33,8.67,11.74,,,,5.89,4.28,7.25,,,,3.94,2.18,5.85,,,,1.0,-1.29,3.04,,,,5.4,3.73,6.89,,,,,,,,,,
2023-01-23,23.16,21.68,24.54,,,,48.8,47.31,50.17,,,,10.34,8.68,11.76,,,,5.9,4.28,7.24,,,,3.94,2.18,5.85,,,,1.0,-1.25,3.03,,,,5.39,3.72,6.89,,,,,,,,,,
2023-01-24,23.18,21.71,24.53,,,,48.78,47.31,50.16,,,,10.35,8.69,11.78,,,,5.9,4.28,7.22,,,,3.94,2.19,5.84,,,,1.0,-1.22,3.01,,,,5.38,3.7,6.89,,,,,,,,,,
2023-01-25,23.19,21.72,24.53,,,,48.76,47.3,50.15,,,,10.36,8.71,11.8,,,,5.91,4.27,7.21,,,,3.93,2.19,5.84,,,,1.0,-1.18,2.99,,,,5.37,3.69,6.88,,,,24.0,47.0,11.0,7.0,4.0,1.0,4.0
2023-01-26,23.2,21.73,24.52,,,,48.75,47.29,50.14,,,,10.37,8.74,11.82,,,,5.92,4.28,7.19,,,,3.93,2.19,5.83,,,,1.0,-1.15,2.98,,,,5.36,3.68,6.87,,,,,,,,,,
2023-01-27,23.22,21.74,24.54,,,,48.73,47.29,50.12,,,,10.38,8.78,11.84,,,,5.92,4.3,7.18,,,,3.93,2.2,5.82,,,,1.0,-1.13,2.98,,,,5.35,3.67,6.85,,,,,,,,,,
2023-01-28,23.23,21.75,24.56,,,,48.71,47.28,50.11,,,,10.39,8.81,11.85,,,,5.93,4.32,7.18,,,,3.93,2.2,5.8,,,,1.0,-1.16,2.98,,,,5.34,3.66,6.88,,,,,,,,,,
2023-01-29,23.25,21.76,24.58,,,,48.69,47.27,50.08,,,,10.4,8.85,11.83,,,,5.94,4.36,7.18,,,,3.93,2.21,5.81,,,,1.0,-1.21,2.98,,,,5.33,3.65,6.89,,,,,,,,,,
2023-01-30,23.27,21.79,24.61,,,,48.67,47.24,50.06,,,,10.41,8.88,11.81,,,,5.94,4.37,7.2,,,,3.92,2.21,5.81,,,,1.0,-1.25,2.97,,,,5.31,3.64,6.88,,,,,,,,,,
2023-01-31,23.28,21.83,24.62,,,,48.65,47.21,50.03,,,,10.42,8.92,11.8,,,,5.95,4.37,7.21,,,,3.92,2.22,5.8,,,,1.0,-1.3,2.95,,,,5.3,3.63,6.89,,,,,,,,,,
2023-02-01,23.3,21.85,24.65,,,,48.63,47.17,50.0,,,,10.43,8.96,11.81,,,,5.95,4.38,7.22,,,,3.92,2.21,5.79,,,,1.0,-1.34,2.91,,,,5.29,3.62,6.9,,,,22.0,49.0,9.0,7.0,4.0,1.0,5.0
2023-02-02,23.32,21.89,24.68,,,,48.61,47.14,49.97,,,,10.43,8.98,11.79,,,,5.96,4.38,7.22,,,,3.92,2.21,5.78,,,,1.0,-1.38,2.92,,,,5.28,3.61,6.9,,,,,,,,,,
2023-02-03,23.34,21.91,24.7,,,,48.58,47.11,49.95,,,,10.44,9.01,11.82,,,,5.96,4.38,7.22,,,,3.92,2.21,5.78,,,,1.0,-1.42,2.91,,,,5.27,3.62,6.91,,,,,,,,,,
2023-02-04,23.36,21.93,24.72,,,,48.56,47.08,49.95,,,,10.45,9.03,11.84,,,,5.97,4.39,7.22,,,,3.92,2.21,5.79,,,,1.0,-1.46,2.91,,,,5.26,3.65,6.92,,,,,,,,,,
2023-02-05,23.38,21.94,24.76,,,,48.54,47.05,49.95,,,,10.46,9.05,11.87,,,,5.98,4.39,7.23,,,,3.91,2.22,5.79,,,,1.0,-1.5,2.91,,,,5.24,3.69,6.91,,,,,,,,,,
2023-02-06,23.4,21.96,24.78,,,,48.51,47.01,49.92,,,,10.48,9.05,11.89,,,,5.98,4.39,7.23,,,,3.91,2.24,5.79,,,,1.0,-1.5,2.9,,,,5.23,3.7,6.89,,,,,,,,,,
2023-02-07,23.42,21.97,24.78,,,,48.49,46.98,49.9,,,,10.49,9.03,11.91,,,,5.99,4.41,7.23,,,,3.91,2.23,5.79,,,,1.0,-1.49,2.88,,,,5.22,3.66,6.86,,,,,,,,,,
2023-02-08,23.44,21.99,24.8,,,,48.46,46.95,49.86,,,,10.5,9.02,11.93,,,,5.99,4.43,7.23,,,,3.91,2.23,5.8,,,,1.0,-1.48,2.87,,,,5.21,3.65,6.83,,,,,,,,,,
2023-02-09,23.46,22.0,24.83,,,,48.44,46.92,49.83,,,,10.51,9.01,11.95,,,,6.0,4.45,7.24,,,,3.91,2.2,5.8,,,,1.0,-1.47,2.85,,,,5.2,3.66,6.8,,,,23.0,48.0,12.0,6.0,4.0,1.0,5.0
2023-02-10,23.48,22.02,24.85,,,,48.41,46.89,49.79,,,,10.52,9.03,11.95,,,,6.0,4.47,7.26,,,,3.91,2.17,5.8,,,,1.0,-1.45,2.89,,,,5.19,3.66,6.78,,,,,,,,,,
2023-02-11,23.5,22.02,24.87,,,,48.39,46.85,49.75,,,,10.53,9.07,11.93,,,,6.01,4.49,7.26,,,,3.91,2.16,5.8,,,,1.0,-1.43,2.9,,,,5.17,3.62,6.75,,,,,,,,,,
2023-02-12,23.52,22.05,24.89,,,,48.36,46.82,49.73,,,,10.54,9.11,11.91,,,,6.01,4.52,7.28,,,,3.9,2.19,5.8,,,,1.0,-1.41,2.9,,,,5.16,3.58,6.72,,,,,,,,,,
2023-02-13,23.54,22.07,24.91,,,,48.33,46.79,49.69,,,,10.55,9.14,11.9,,,,6.02,4.52,7.27,,,,3.9,2.18,5.8,,,,1.0,-1.38,2.9,,,,5.15,3.55,6.69,,,,,,,,,,
2023-02-14,23.56,22.09,24.93,,,,48.31,46.76,49.64,,,,10.57,9.16,11.88,,,,6.02,4.54,7.26,,,,3.9,2.14,5.8,,,,1.0,-1.42,2.91,,,,5.14,3.55,6.67,,,,,,,,,,
2023-02-15,23.58,22.11,24.95,,,,48.28,46.73,49.61,,,,10.58,9.17,11.89,,,,6.03,4.57,7.25,,,,3.9,2.14,5.8,,,,1.0,-1.38,2.92,,,,5.13,3.53,6.65,,,,22.0,52.0,10.0,5.0,4.0,1.0,6.0
2023-02-16,23.6,22.13,24.97,,,,48.25,46.72,49.58,,,,10.59,9.18,11.92,,,,6.04,4.6,7.25,,,,3.9,2.13,5.8,,,,1.0,-1.34,2.93,,,,5.12,3.51,6.62,,,,,,,,,,
2023-02-17,23.62,22.16,24.98,,,,48.22,46.73,49.58,,,,10.6,9.2,11.95,,,,6.04,4.63,7.25,,,,3.9,2.11,5.78,,,,1.0,-1.35,2.94,,,,5.11,3.48,6.6,,,,,,,,,,
2023-02-18,23.64,22.19,25.0,,,,48.19,46.72,49.55,,,,10.62,9.24,11.99,,,,6.05,4.65,7.25,,,,3.9,2.12,5.73,,,,1.0,-1.35,2.95,,,,5.11,3.45,6.6,,,,,,,,,,
2023-02-19,23.66,22.21,25.02,,,,48.16,46.69,49.51,,,,10.63,9.27,11.99,,,,6.05,4.68,7.24,,,,3.89,2.13,5.72,,,,1.0,-1.34,2.96,,,,5.1,3.43,6.62,,,,,,,,,,
2023-02-20,23.67,22.22,25.05,,,,48.14,46.64,49.51,,,,10.64,9.29,11.98,,,,6.06,4.69,7.24,,,,3.89,2.13,5.71,,,,1.0,-1.34,2.97,,,,5.09,3.41,6.65,,,,,,,,,,
2023-02-21,23.69,22.23,25.06,,,,48.11,46.59,49.51,,,,10.66,9.31,11.98,,,,6.06,4.7,7.25,,,,3.89,2.14,5.71,,,,1.0,-1.28,2.98,,,,5.08,3.39,6.63,,,,,,,,,,
2023-02-22,23.71,22.25,25.09,,,,48.08,46.54,49.52,,,,10.67,9.32,11.97,,,,6.07,4.69,7.27,,,,3.89,2.13,5.71,,,,1.0,-1.23,2.99,,,,5.08,3.38,6.62,,,,21.0,50.0,10.0,7.0,4.0,1.0,6.0
2023-02-23,23.72,22.28,25.11,,,,48.05,46.5,49.52,,,,10.69,9.36,11.98,,,,6.08,4.69,7.3,,,,3.89,2.11,5.7,,,,1.0,-1.17,3.0,,,,5.07,3.38,6.6,,,,,,,,,,
2023-02-24,23.74,22.31,25.13,,,,48.02,46.47,49.5,,,,10.7,9.37,12.01,,,,6.08,4.67,7.33,,,,3.89,2.09,5.7,,,,1.0,-1.19,3.0,,,,5.06,3.4,6.59,,,,,,,,,,
2023-02-25,23.75,22.33,25.15,,,,47.99,46.42,49.47,,,,10.72,9.36,12.03,,,,6.09,4.65,7.36,,,,3.88,2.08,5.71,,,,1.0,-1.21,3.01,,,,5.06,3.41,6.6,,,,,,,,,,
2023-02-26,23.76,22.35,25.17,,,,47.96,46.41,49.44,,,,10.73,9.38,12.06,,,,6.1,4.68,7.39,,,,3.88,2.04,5.73,,,,1.0,-1.23,3.01,,,,5.06,3.43,6.6,,,,,,,,,,
2023-02-27,23.78,22.37,25.2,,,,47.93,46.4,49.4,,,,10.75,9.38,12.09,,,,6.1,4.69,7.42,,,,3.88,2.01,5.72,,,,1.0,-1.24,3.02,,,,5.05,3.45,6.58,,,,,,,,,,
2023-02-28,23.79,22.39,25.23,,,,47.9,46.38,49.37,,,,10.76,9.38,12.11,,,,6.11,4.69,7.44,,,,3.88,1.97,5.71,,,,1.0,-1.2,3.02,,,,5.05,3.46,6.57,,,,,,,,,,
2023-03-01,23.8,22.4,25.25,,,,47.87,46.35,49.33,,,,10.78,9.41,12.15,,,,6.12,4.72,7.44,,,,3.87,1.94,5.7,,,,1.0,-1.15,3.02,,,,5.05,3.48,6.55,,,,25.0,48.0,11.0,5.0,4.0,1.0,5.0
2023-03-02,23.81,22.42,25.27,,,,47.84,46.32,49.3,,,,10.8,9.43,12.19,,,,6.13,4.75,7.45,,,,3.87,1.93,5.69,,,,1.0,-1.16,3.02,,,,5.04,3.49,6.54,,,,,,,,,,
2023-03-03,23.82,22.43,25.29,,,,47.81,46.31,49.26,,,,10.81,9.47,12.21,,,,6.14,4.77,7.45,,,,3.87,1.92,5.67,,,,1.0,-1.17,3.01,,,,5.04,3.52,6.53,,,,,,,,,,
2023-03-04,23.83,22.44,25.3,,,,47.78,46.3,49.23,,,,10.83,9.52,12.25,,,,6.14,4.78,7.45,,,,3.86,1.91,5.66,,,,1.0,-1.18,3.01,,,,5.04,3.54,6.51,,,,,,,,,,
2023-03-05,23.84,22.46,25.32,,,,47.75,46.24,49.19,,,,10.85,9.53,12.28,,,,6.15,4.77,7.45,,,,3.86,1.88,5.7,,,,1.0,-1.18,3.01,,,,5.04,3.56,6.5,,,,,,,,,,
2023-03-06,23.85,22.47,25.33,,,,47.72,46.21,49.16,,,,10.87,9.53,12.31,,,,6.16,4.77,7.45,,,,3.86,1.88,5.73,,,,1.0,-1.19,2.98,,,,5.04,3.58,6.48,,,,,,,,,,
2023-03-07,23.86,22.49,25.34,,,,47.69,46.16,49.13,,,,10.89,9.54,12.34,,,,6.17,4.79,7.45,,,,3.85,1.9,5.75,,,,1.0,-1.18,2.94,,,,5.04,3.59,6.47,,,,,,,,,,
2023-03-08,23.87,22.5,25.35,,,,47.65,46.09,49.09,,,,10.91,9.56,12.35,,,,6.18,4.83,7.45,,,,3.85,1.89,5.73,,,,1.0,-1.18,2.86,,,,5.04,3.61,6.48,,,,22.0,47.0,12.0,7.0,4.0,1.0,5.0
2023-03-09,23.88,22.51,25.35,,,,47.62,46.05,49.06,,,,10.93,9.59,12.35,,,,6.19,4.84,7.46,,,,3.85,1.89,5.7,,,,1.0,-1.18,2.86,,,,5.04,3.63,6.46,,,,,,,,,,
2023-03-10,23.89,22.5,25.36,,,,47.59,46.04,49.02,,,,10.95,9.63,12.36,,,,6.2,4.86,7.47,,,,3.84,1.89,5.7,,,,1.0,-1.17,2.83,,,,5.04,3.63,6.46,,,,,,,,,,
2023-03-11,23.89,22.51,25.36,,,,47.55,46.01,48.97,,,,10.97,9.64,12.37,,,,6.21,4.89,7.47,,,,3.84,1.87,5.72,,,,1.0,-1.17,2.83,,,,5.04,3.64,6.49,,,,,,,,,,
2023-03-12,23.9,22.52,25.36,,,,47.52,45.96,48.92,,,,10.99,9.66,12.38,,,,6.22,4.9,7.46,,,,3.83,1.85,5.75,,,,1.0,-1.17,2.83,,,,5.04,3.67,6.51,,,,,,,,,,
2023-03-13,23.91,22.51,25.36,,,,47.48,45.91,48.86,,,,11.01,9.67,12.38,,,,6.23,4.9,7.46,,,,3.83,1.83,5.77,,,,1.0,-1.17,2.82,,,,5.05,3.68,6.52,,,,,,,,,,
2023-03-14,23.92,22.5,25.38,,,,47.45,45.86,48.8,,,,11.03,9.68,12.4,,,,6.24,4.9,7.47,,,,3.82,1.81,5.77,,,,1.0,-1.16,2.83,,,,5.05,3.68,6.53,,,,,,,,,,
2023-03-15,23.93,22.5,25.37,,,,47.41,45.8,48.76,,,,11.05,9.69,12.42,,,,6.25,4.9,7.48,,,,3.82,1.79,5.76,,,,1.0,-1.13,2.8,,,,5.05,3.66,6.54,,,,,,,,,,
2023-03-16,23.93,22.49,25.36,,,,47.37,45.75,48.71,,,,11.07,9.71,12.44,,,,6.26,4.91,7.49,,,,3.82,1.78,5.76,,,,1.0,-1.11,2.8,,,,5.05,3.64,6.5,,,,26.0,48.0,10.0,5.0,4.0,1.0,4.0
2023-03-17,23.94,22.49,25.35,,,,47.34,45.69,48.67,,,,11.1,9.73,12.45,,,,6.27,4.92,7.5,,,,3.81,1.78,5.75,,,,1.0,-1.08,2.81,,,,5.06,3.63,6.49,,,,,,,,,,
2023-03-18,23.95,22.49,25.34,,,,47.3,45.65,48.62,,,,11.12,9.75,12.47,,,,6.28,4.93,7.52,,,,3.81,1.77,5.74,,,,1.0,-1.05,2.82,,,,5.06,3.61,6.49,,,,,,,,,,
2023-03-19,23.96,22.49,25.33,,,,47.26,45.6,48.58,,,,11.14,9.77,12.48,,,,6.29,4.94,7.53,,,,3.8,1.75,5.74,,,,1.0,-1.06,2.84,,,,5.06,3.67,6.5,,,,,,,,,,
2023-03-20,23.97,22.47,25.34,,,,47.22,45.55,48.57,,,,11.17,9.79,12.5,,,,6.3,4.94,7.55,,,,3.8,1.72,5.78,,,,1.0,-1.08,2.84,,,,5.06,3.72,6.5,,,,,,,,,,
2023-03-21,23.98,22.46,25.35,,,,47.18,45.5,48.54,,,,11.19,9.82,12.52,,,,6.31,4.94,7.57,,,,3.79,1.7,5.78,,,,1.0,-1.08,2.86,,,,5.07,3.73,6.5,,,,,,,,,,
2023-03-22,23.98,22.46,25.36,,,,47.14,45.48,48.49,,,,11.22,9.84,12.55,,,,6.32,4.93,7.58,,,,3.79,1.67,5.77,,,,1.0,-1.07,2.85,,,,5.07,3.72,6.5,,,,22.0,50.0,11.0,6.0,4.0,,5.0
2023-03-23,23.99,22.45,25.37,,,,47.09,45.47,48.46,,,,11.24,9.86,12.58,,,,6.34,4.93,7.6,,,,3.78,1.64,5.76,,,,1.0,-1.07,2.85,,,,5.07,3.72,6.51,,,,,,,,,,
2023-03-24,24.0,22.45,25.38,,,,47.05,45.42,48.44,,,,11.27,9.88,12.6,,,,6.35,4.93,7.61,,,,3.78,1.61,5.74,,,,1.0,-1.08,2.85,,,,5.07,3.74,6.51,,,,,,,,,,
2023-03-25,24.01,22.44,25.39,,,,47.01,45.32,48.37,,,,11.29,9.92,12.62,,,,6.36,4.93,7.62,,,,3.77,1.58,5.73,,,,1.0,-1.06,2.85,,,,5.08,3.77,6.51,,,,,,,,,,
2023-03-26,24.02,22.44,25.4,,,,46.96,45.26,48.31,,,,11.32,9.92,12.65,,,,6.37,4.93,7.63,,,,3.77,1.58,5.71,,,,1.0,-1.04,2.84,,,,5.08,3.8,6.51,,,,,,,,,,
2023-03-27,24.03,22.43,25.4,,,,46.92,45.21,48.25,,,,11.34,9.93,12.67,,,,6.38,4.93,7.64,,,,3.76,1.58,5.69,,,,1.0,-1.03,2.84,,,,5.08,3.81,6.51,,,,,,,,,,
2023-03-28,24.04,22.43,25.38,,,,46.87,45.16,48.21,,,,11.37,9.93,12.72,,,,6.4,4.93,7.65,,,,3.76,1.59,5.69,,,,1.0,-1.03,2.84,,,,5.08,3.8,6.49,,,,,,,,,,
2023-03-29,24.05,22.43,25.39,,,,46.83,45.11,48.18,,,,11.39,9.96,12.75,,,,6.41,4.94,7.66,,,,3.76,1.6,5.71,,,,1.0,-1.03,2.83,,,,5.09,3.82,6.46,,,,,,,,,,
2023-03-30,24.06,22.42,25.41,,,,46.78,45.03,48.15,,,,11.42,9.98,12.78,,,,6.43,4.94,7.69,,,,3.75,1.62,5.73,,,,1.0,-1.02,2.83,,,,5.09,3.82,6.42,,,,24.0,47.0,11.0,6.0,4.0,1.0,5.0
2023-03-31,24.07,22.42,25.41,,,,46.73,44.96,48.12,,,,11.44,10.01,12.8,,,,6.44,4.94,7.7,,,,3.75,1.63,5.75,,,,1.0,-1.01,2.83,,,,5.09,3.81,6.4,,,,,,,,,,
2023-04-01,24.08,22.42,25.4,,,,46.68,44.88,48.09,,,,11.47,10.04,12.82,,,,6.45,4.95,7.71,,,,3.74,1.62,5.77,,,,1.0,-1.01,2.84,,,,5.09,3.84,6.41,,,,,,,,,,
2023-04-02,24.09,22.42,25.41,,,,46.64,44.8,48.06,,,,11.49,10.05,12.86,,,,6.47,4.96,7.73,,,,3.74,1.59,5.76,,,,1.0,-1.01,2.84,,,,5.1,3.85,6.42,,,,,,,,,,
2023-04-03,24.09,22.42,25.42,,,,46.59,44.76,48.05,,,,11.52,10.06,12.89,,,,6.48,4.97,7.74,,,,3.73,1.57,5.72,,,,1.0,-1.0,2.83,,,,5.1,3.88,6.43,,,,,,,,,,
2023-04-04,24.1,22.42,25.41,,,,46.54,44.72,48.0,,,,11.54,10.06,12.91,,,,6.5,4.98,7.74,,,,3.73,1.55,5.74,,,,1.0,-1.0,2.83,,,,5.1,3.9,6.44,,,,,,,,,,
2023-04-05,24.11,22.43,25.42,,,,46.49,44.68,47.95,,,,11.56,10.06,12.93,,,,6.52,4.98,7.75,,,,3.72,1.53,5.76,,,,1.0,-0.99,2.84,,,,5.1,3.91,6.46,,,,,,,,,,
2023-04-06,24.12,22.43,25.43,,,,46.45,44.65,47.89,,,,11.59,10.08,12.95,,,,6.53,4.99,7.77,,,,3.72,1.51,5.75,,,,1.0,-1.0,2.86,,,,5.11,3.92,6.47,,,,25.0,45.0,10.0,8.0,4.0,1.0,5.0
2023-04-07,24.12,22.43,25.44,,,,46.4,44.61,47.83,,,,11.61,10.09,12.98,,,,6.55,5.0,7.78,,,,3.71,1.5,5.74,,,,1.0,-0.98,2.89,,,,5.11,3.93,6.47,,,,,,,,,,
2023-04-08,24.13,22.42,25.43,,,,46.35,44.58,47.8,,,,11.63,10.1,13.03,,,,6.56,5.06,7.79,,,,3.71,1.49,5.79,,,,1.0,-0.96,2.9,,,,5.11,3.94,6.46,,,,,,,,,,
2023-04-09,24.14,22.42,25.42,,,,46.31,44.54,47.74,,,,11.66,10.1,13.05,,,,6.58,5.11,7.81,,,,3.7,1.48,5.79,,,,1.0,-0.94,2.91,,,,5.11,3.92,6.48,,,,,,,,,,
2023-04-10,24.14,22.42,25.43,,,,46.26,44.52,47.69,,,,11.68,10.18,13.06,,,,6.6,5.11,7.82,,,,3.7,1.47,5.78,,,,1.0,-0.96,2.92,,,,5.12,3.9,6.49,,,,,,,,,,
2023-04-11,24.15,22.43,25.44,,,,46.22,44.51,47.64,,,,11.7,10.2,13.06,,,,6.61,5.11,7.84,,,,3.69,1.47,5.75,,,,1.0,-1.0,2.93,,,,5.12,3.88,6.46,,,,,,,,,,
2023-04-12,24.15,22.43,25.44,,,,46.17,44.48,47.62,,,,11.73,10.2,13.06,,,,6.63,5.12,7.87,,,,3.69,1.46,5.72,,,,1.0,-0.98,2.95,,,,5.12,3.86,6.45,,,,,,,,,,
2023-04-13,24.16,22.43,25.43,,,,46.13,44.41,47.6,,,,11.75,10.21,13.07,,,,6.64,5.15,7.91,,,,3.68,1.46,5.73,,,,1.0,-1.01,2.96,,,,5.12,3.86,6.44,,,,26.0,46.0,11.0,5.0,4.0,1.0,5.0
2023-04-14,24.16,22.42,25.43,,,,46.08,44.38,47.55,,,,11.77,10.22,13.07,,,,6.66,5.18,7.93,,,,3.68,1.46,5.72,,,,1.0,-1.04,2.97,,,,5.13,3.88,6.4,,,,,,,,,,
2023-04-15,24.16,22.42,25.42,,,,46.04,44.34,47.48,,,,11.79,10.23,13.08,,,,6.68,5.2,7.96,,,,3.67,1.49,5.67,,,,1.0,-1.07,2.98,,,,5.13,3.9,6.4,,,,,,,,,,
2023-04-16,24.17,22.42,25.42,,,,46.0,44.31,47.43,,,,11.81,10.25,13.1,,,,6.69,5.23,7.99,,,,3.67,1.49,5.62,,,,1.0,-1.09,2.99,,,,5.13,3.89,6.4,,,,,,,,,,
2023-04-17,24.17,22.42,25.41,,,,45.96,44.28,47.44,,,,11.83,10.27,13.13,,,,6.71,5.23,8.02,,,,3.66,1.48,5.61,,,,1.0,-1.12,3.0,,,,5.13,3.87,6.39,,,,,,,,,,
2023-04-18,24.17,22.42,25.42,,,,45.92,44.26,47.44,,,,11.85,10.27,13.16,,,,6.73,5.24,8.04,,,,3.66,1.49,5.61,,,,1.0,-1.14,3.01,,,,5.14,3.85,6.39,,,,,,,,,,
2023-04-19,24.17,22.42,25.44,,,,45.88,44.23,47.45,,,,11.87,10.28,13.19,,,,6.74,5.24,8.04,,,,3.65,1.5,5.62,,,,1.0,-1.15,3.02,,,,5.14,3.83,6.4,,,,26.0,47.0,11.0,6.0,2.0,1.0,5.0
2023-04-20,24.17,22.41,25.46,,,,45.84,44.21,47.44,,,,11.89,10.3,13.22,,,,6.76,5.24,8.06,,,,3.65,1.52,5.62,,,,1.0,-1.11,3.03,,,,5.15,3.84,6.39,,,,,,,,,,
2023-04-21,24.17,22.42,25.47,,,,45.8,44.18,47.42,,,,11.9,10.32,13.25,,,,6.77,5.24,8.11,,,,3.64,1.53,5.62,,,,1.0,-1.12,3.01,,,,5.15,3.86,6.39,,,,,,,,,,
2023-04-22,24.17,22.45,25.44,,,,45.77,44.15,47.4,,,,11.92,10.35,13.3,,,,6.79,5.24,8.13,,,,3.64,1.55,5.63,,,,1.0,-1.19,2.98,,,,5.15,3.85,6.4,,,,,,,,,,
2023-04-23,24.16,22.46,25.44,,,,45.73,44.12,47.37,,,,11.94,10.37,13.3,,,,6.81,5.24,8.14,,,,3.63,1.55,5.63,,,,1.0,-1.19,2.97,,,,5.16,3.84,6.4,,,,,,,,,,
2023-04-24,24.16,22.46,25.45,,,,45.7,44.1,47.33,,,,11.96,10.4,13.31,,,,6.82,5.27,8.16,,,,3.62,1.55,5.62,,,,1.0,-1.16,2.98,,,,5.17,3.83,6.41,,,,,,,,,,
2023-04-25,24.15,22.46,25.45,,,,45.67,44.09,47.27,,,,11.97,10.42,13.34,,,,6.84,5.29,8.19,,,,3.62,1.55,5.62,,,,1.0,-1.13,2.99,,,,5.17,3.82,6.42,,,,,,,,,,
2023-04-26,24.15,22.45,25.45,,,,45.64,44.08,47.25,,,,11.99,10.45,13.37,,,,6.85,5.31,8.21,,,,3.61,1.54,5.64,,,,1.0,-1.1,2.99,,,,5.18,3.81,6.43,,,,,,,,,,
2023-04-27,24.14,22.42,25.45,,,,45.61,44.06,47.23,,,,12.01,10.46,13.39,,,,6.87,5.33,8.22,,,,3.61,1.54,5.67,,,,1.0,-1.07,2.96,,,,5.18,3.8,6.42,,,,25.0,43.0,14.0,7.0,4.0,1.0,6.0
2023-04-28,24.14,22.4,25.44,,,,45.58,44.05,47.22,,,,12.02,10.48,13.41,,,,6.88,5.35,8.24,,,,3.6,1.53,5.7,,,,1.0,-1.04,2.91,,,,5.19,3.79,6.41,,,,,,,,,,
2023-04-29,24.13,22.38,25.44,,,,45.55,44.04,47.19,,,,12.04,10.52,13.43,,,,6.9,5.37,8.25,,,,3.59,1.53,5.71,,,,1.0,-1.03,2.93,,,,5.2,3.79,6.39,,,,,,,,,,
2023-04-30,24.12,22.36,25.46,,,,45.53,44.0,47.16,,,,12.05,10.55,13.45,,,,6.91,5.39,8.26,,,,3.59,1.52,5.72,,,,1.0,-0.99,2.94,,,,5.21,3.78,6.4,,,,,,,,,,
2023-05-01,24.11,22.34,25.47,,,,45.5,43.96,47.12,,,,12.07,10.58,13.46,,,,6.92,5.4,8.27,,,,3.58,1.52,5.72,,,,1.0,-0.97,2.95,,,,5.21,3.77,6.4,,,,,,,,,,
2023-05-02,24.1,22.36,25.45,,,,45.48,43.94,47.08,,,,12.08,10.57,13.47,,,,6.94,5.41,8.28,,,,3.57,1.53,5.73,,,,1.0,-1.01,2.97,,,,5.22,3.75,6.42,,,,,,,,,,
2023-05-03,24.09,22.38,25.43,,,,45.46,43.93,47.05,,,,12.09,10.57,13.48,,,,6.95,5.41,8.29,,,,3.57,1.55,5.72,,,,1.0,-0.98,2.98,,,,5.23,3.75,6.43,,,,,,,,,,
2023-05-04,24.08,22.37,25.41,,,,45.44,43.9,47.04,,,,12.11,10.57,13.47,,,,6.96,5.42,8.3,,,,3.56,1.57,5.69,,,,1.0,-0.96,3.01,,,,5.24,3.76,6.44,,,,25.0,43.0,13.0,7.0,4.0,1.0,4.0
2023-05-05,24.07,22.34,25.38,,,,45.42,43.87,46.98,,,,12.12,10.56,13.47,,,,6.97,5.43,8.3,,,,3.56,1.54,5.7,,,,1.0,-0.94,2.99,,,,5.25,3.76,6.45,,,,,,,,,,
2023-05-06,24.05,22.31,25.36,,,,45.4,43.85,46.95,,,,12.13,10.56,13.47,,,,6.99,5.44,8.3,,,,3.55,1.5,5.7,,,,1.0,-0.93,2.95,,,,5.26,3.76,6.46,,,,,,,,,,
2023-05-07,24.04,22.27,25.34,,,,45.39,43.85,46.93,,,,12.14,10.55,13.48,,,,7.0,5.44,8.28,,,,3.54,1.46,5.71,,,,1.0,-0.94,2.91,,,,5.27,3.77,6.47,,,,,,,,,,
2023-05-08,24.03,22.29,25.33,,,,45.37,43.82,46.9,,,,12.16,10.55,13.49,,,,7.01,5.44,8.27,,,,3.53,1.47,5.71,,,,1.0,-0.98,2.86,,,,5.28,3.79,6.47,,,,,,,,,,
2023-05-09,24.01,22.31,25.34,,,,45.36,43.8,46.89,,,,12.17,10.54,13.49,,,,7.02,5.44,8.29,,,,3.53,1.44,5.69,,,,1.0,-1.03,2.81,,,,5.29,3.82,6.46,,,,,,,,,,
2023-05-10,24.0,22.27,25.3,,,,45.35,43.79,46.88,,,,12.18,10.54,13.5,,,,7.03,5.45,8.28,,,,3.52,1.42,5.66,,,,1.0,-1.03,2.81,,,,5.3,3.83,6.47,,,,24.0,45.0,12.0,8.0,3.0,1.0,6.0
2023-05-11,23.99,22.22,25.26,,,,45.34,43.78,46.86,,,,12.19,10.54,13.53,,,,7.04,5.45,8.27,,,,3.51,1.41,5.67,,,,1.0,-1.02,2.81,,,,5.31,3.85,6.47,,,,,,,,,,
2023-05-12,23.97,22.21,25.24,,,,45.33,43.76,46.85,,,,12.2,10.56,13.53,,,,7.05,5.45,8.26,,,,3.51,1.4,5.69,,,,1.0,-1.02,2.85,,,,5.32,3.88,6.47,,,,,,,,,,
2023-05-13,23.96,22.22,25.22,,,,45.32,43.75,46.85,,,,12.21,10.58,13.53,,,,7.06,5.45,8.29,,,,3.5,1.38,5.68,,,,1.0,-1.01,2.89,,,,5.33,3.88,6.47,,,,,,,,,,
2023-05-14,23.94,22.22,25.21,,,,45.32,43.74,46.88,,,,12.22,10.6,13.53,,,,7.07,5.45,8.31,,,,3.49,1.36,5.67,,,,1.0,-1.01,2.92,,,,5.34,3.86,6.51,,,,,,,,,,
2023-05-15,23.93,22.22,25.19,,,,45.31,43.73,46.86,,,,12.23,10.59,13.54,,,,7.08,5.47,8.32,,,,3.49,1.35,5.65,,,,1.0,-1.01,2.96,,,,5.35,3.85,6.52,,,,,,,,,,
2023-05-16,23.91,22.23,25.18,,,,45.31,43.73,46.82,,,,12.23,10.6,13.54,,,,7.09,5.49,8.35,,,,3.48,1.34,5.63,,,,1.0,-1.02,2.99,,,,5.36,3.84,6.51,,,,,,,,,,
2023-05-17,23.89,22.23,25.17,,,,45.31,43.72,46.84,,,,12.24,10.62,13.53,,,,7.09,5.5,8.37,,,,3.47,1.34,5.6,,,,1.0,-1.02,2.98,,,,5.37,3.85,6.51,,,,,,,,,,
2023-05-18,23.88,22.24,25.16,,,,45.3,43.71,46.86,,,,12.25,10.64,13.54,,,,7.1,5.52,8.39,,,,3.47,1.33,5.58,,,,1.0,-1.02,2.97,,,,5.38,3.87,6.5,,,,24.0,45.0,14.0,8.0,3.0,1.0,5.0
2023-05-19,23.86,22.25,25.12,,,,45.31,43.71,46.85,,,,12.26,10.65,13.52,,,,7.11,5.54,8.42,,,,3.46,1.32,5.56,,,,1.0,-1.02,2.96,,,,5.39,3.9,6.55,,,,,,,,,,
2023-05-20,23.85,22.25,25.1,,,,45.31,43.71,46.84,,,,12.26,10.67,13.55,,,,7.12,5.55,8.44,,,,3.45,1.35,5.56,,,,1.0,-1.02,2.94,,,,5.4,3.93,6.59,,,,,,,,,,
2023-05-21,23.83,22.26,25.12,,,,45.31,43.71,46.82,,,,12.27,10.69,13.58,,,,7.12,5.55,8.46,,,,3.44,1.34,5.54,,,,1.0,-1.01,2.93,,,,5.41,3.94,6.64,,,,,,,,,,
2023-05-22,23.82,22.25,25.12,,,,45.31,43.72,46.84,,,,12.27,10.71,13.61,,,,7.13,5.57,8.48,,,,3.44,1.32,5.52,,,,1.0,-0.99,2.91,,,,5.42,3.97,6.69,,,,,,,,,,
2023-05-23,23.8,22.26,25.11,,,,45.32,43.72,46.85,,,,12.28,10.72,13.64,,,,7.14,5.6,8.49,,,,3.43,1.31,5.5,,,,1.0,-0.97,2.9,,,,5.43,4.01,6.7,,,,,,,,,,
2023-05-24,23.79,22.24,25.11,,,,45.32,43.73,46.87,,,,12.28,10.74,13.66,,,,7.15,5.66,8.5,,,,3.42,1.29,5.47,,,,1.0,-0.95,2.89,,,,5.44,4.03,6.71,,,,,,,,,,
2023-05-25,23.77,22.23,25.1,,,,45.33,43.74,46.88,,,,12.29,10.74,13.67,,,,7.15,5.68,8.52,,,,3.42,1.28,5.45,,,,1.0,-0.94,2.9,,,,5.45,4.02,6.72,,,,,,,,,,
2023-05-26,23.76,22.21,25.09,,,,45.33,43.78,46.9,,,,12.29,10.75,13.69,,,,7.16,5.69,8.54,,,,3.41,1.27,5.42,,,,1.0,-0.93,2.92,,,,5.46,4.05,6.75,,,,24.0,43.0,14.0,8.0,3.0,1.0,5.0
2023-05-27,23.75,22.19,25.09,,,,45.34,43.81,46.88,,,,12.3,10.72,13.7,,,,7.17,5.7,8.56,,,,3.4,1.26,5.39,,,,1.0,-0.92,2.95,,,,5.47,4.07,6.74,,,,,,,,,,
2023-05-28,23.73,22.17,25.08,,,,45.35,43.8,46.86,,,,12.3,10.73,13.71,,,,7.18,5.72,8.57,,,,3.4,1.25,5.37,,,,1.0,-0.92,2.97,,,,5.48,4.05,6.74,,,,,,,,,,
2023-05-29,23.72,22.16,25.07,,,,45.36,43.78,46.84,,,,12.3,10.76,13.71,,,,7.18,5.75,8.59,,,,3.39,1.24,5.34,,,,1.0,-0.91,2.98,,,,5.48,4.03,6.76,,,,,,,,,,
2023-05-30,23.7,22.15,25.06,,,,45.37,43.77,46.87,,,,12.3,10.76,13.71,,,,7.19,5.75,8.6,,,,3.39,1.23,5.32,,,,1.0,-0.9,3.01,,,,5.49,4.01,6.8,,,,,,,,,,
2023-05-31,23.69,22.11,25.06,,,,45.38,43.77,46.89,,,,12.31,10.77,13.71,,,,7.2,5.75,8.6,,,,3.38,1.22,5.29,,,,1.0,-0.92,3.01,,,,5.5,4.02,6.84,,,,24.0,46.0,13.0,5.0,4.0,1.0,6.0
2023-06-01,23.67,22.11,25.06,,,,45.39,43.78,46.88,,,,12.31,10.77,13.72,,,,7.21,5.74,8.62,,,,3.37,1.22,5.27,,,,1.0,-0.95,3.0,,,,5.51,4.05,6.86,,,,,,,,,,
2023-06-02,23.66,22.11,25.05,,,,45.4,43.79,46.87,,,,12.31,10.77,13.73,,,,7.21,5.74,8.64,,,,3.37,1.21,5.27,,,,1.0,-0.95,3.02,,,,5.51,4.09,6.9,,,,,,,,,,
2023-06-03,23.65,22.1,25.04,,,,45.41,43.8,46.86,,,,12.31,10.77,13.76,,,,7.22,5.73,8.65,,,,3.36,1.21,5.27,,,,1.0,-0.94,3.05,,,,5.52,4.1,6.88,,,,,,,,,,
2023-06-04,23.63,22.1,25.04,,,,45.43,43.81,46.88,,,,12.31,10.77,13.79,,,,7.23,5.72,8.66,,,,3.36,1.22,5.26,,,,1.0,-0.93,3.07,,,,5.53,4.09,6.9,,,,,,,,,,
2023-06-05,23.62,22.09,25.04,,,,45.44,43.84,46.9,,,,12.31,10.77,13.8,,,,7.24,5.71,8.67,,,,3.35,1.22,5.25,,,,1.0,-0.92,3.07,,,,5.53,4.09,6.92,,,,,,,,,,
2023-06-06,23.61,22.07,25.04,,,,45.45,43.88,46.92,,,,12.31,10.77,13.79,,,,7.25,5.71,8.68,,,,3.35,1.23,5.23,,,,1.0,-0.91,3.06,,,,5.54,4.12,6.92,,,,,,,,,,
2023-06-07,23.59,22.06,25.04,,,,45.47,43.92,46.94,,,,12.3,10.79,13.81,,,,7.25,5.71,8.69,,,,3.34,1.24,5.24,,,,1.0,-0.9,3.07,,,,5.55,4.14,6.94,,,,26.0,40.0,13.0,9.0,4.0,1.0,5.0
2023-06-08,23.58,22.04,25.03,,,,45.48,43.96,46.96,,,,12.3,10.79,13.81,,,,7.26,5.71,8.7,,,,3.34,1.25,5.25,,,,1.0,-0.89,3.06,,,,5.55,4.13,6.97,,,,,,,,,,
2023-06-09,23.56,22.02,25.01,,,,45.5,43.97,46.98,,,,12.3,10.79,13.82,,,,7.27,5.71,8.72,,,,3.34,1.27,5.27,,,,1.0,-0.93,3.05,,,,5.56,4.12,7.0,,,,,,,,,,
2023-06-10,23.55,22.01,24.98,,,,45.51,43.99,47.0,,,,12.29,10.82,13.83,,,,7.28,5.73,8.75,,,,3.33,1.29,5.23,,,,1.0,-0.97,3.04,,,,5.56,4.11,7.02,,,,,,,,,,
2023-06-11,23.54,21.98,24.96,,,,45.53,44.0,47.02,,,,12.29,10.8,13.83,,,,7.29,5.75,8.76,,,,3.33,1.32,5.22,,,,1.0,-0.97,3.06,,,,5.57,4.12,7.03,,,,,,,,,,
2023-06-12,23.52,21.97,24.94,,,,45.54,44.02,47.04,,,,12.28,10.77,13.83,,,,7.3,5.78,8.76,,,,3.32,1.34,5.22,,,,1.0,-0.96,3.08,,,,5.58,4.14,7.05,,,,,,,,,,
2023-06-13,23.51,21.95,24.96,,,,45.56,44.04,47.07,,,,12.28,10.76,13.83,,,,7.31,5.8,8.78,,,,3.32,1.31,5.21,,,,1.0,-0.96,3.1,,,,5.58,4.14,7.06,,,,,,,,,,
2023-06-14,23.5,21.93,24.98,,,,45.58,44.06,47.09,,,,12.27,10.75,13.82,,,,7.32,5.8,8.78,,,,3.32,1.34,5.17,,,,1.0,-0.95,3.11,,,,5.59,4.14,7.06,,,,,,,,,,
2023-06-15,23.48,21.92,24.97,,,,45.6,44.09,47.12,,,,12.26,10.75,13.82,,,,7.33,5.8,8.78,,,,3.32,1.37,5.19,,,,1.0,-0.94,3.11,,,,5.59,4.14,7.05,,,,,,,,,,
2023-06-16,23.47,21.9,24.95,,,,45.61,44.14,47.14,,,,12.25,10.74,13.81,,,,7.33,5.84,8.78,,,,3.31,1.42,5.21,,,,1.0,-0.93,3.12,,,,5.6,4.12,7.05,,,,22.0,43.0,12.0,10.0,4.0,1.0,5.0
2023-06-17,23.45,21.89,24.93,,,,45.63,44.15,47.17,,,,12.24,10.73,13.8,,,,7.34,5.85,8.77,,,,3.31,1.47,5.24,,,,1.0,-0.93,3.12,,,,5.61,4.11,7.05,,,,,,,,,,
2023-06-18,23.44,21.87,24.91,,,,45.65,44.16,47.17,,,,12.23,10.71,13.79,,,,7.35,5.85,8.77,,,,3.31,1.52,5.27,,,,1.0,-0.91,3.13,,,,5.61,4.11,7.08,,,,,,,,,,
2023-06-19,23.43,21.89,24.89,,,,45.67,44.19,47.17,,,,12.22,10.69,13.78,,,,7.36,5.86,8.78,,,,3.31,1.55,5.21,,,,1.0,-0.93,3.14,,,,5.62,4.13,7.09,,,,,,,,,,
2023-06-20,23.41,21.89,24.88,,,,45.69,44.21,47.2,,,,12.21,10.67,13.76,,,,7.37,5.87,8.8,,,,3.31,1.56,5.18,,,,1.0,-0.97,3.14,,,,5.63,4.14,7.09,,,,,,,,,,
2023-06-21,23.4,21.87,24.87,,,,45.71,44.24,47.23,,,,12.2,10.65,13.75,,,,7.38,5.89,8.81,,,,3.31,1.56,5.2,,,,1.0,-1.01,3.15,,,,5.63,4.13,7.08,,,,19.0,48.0,12.0,8.0,3.0,1.0,6.0
2023-06-22,23.38,21.85,24.86,,,,45.73,44.26,47.28,,,,12.19,10.63,13.73,,,,7.39,5.88,8.82,,,,3.3,1.56,5.2,,,,1.0,-1.01,3.14,,,,5.64,4.12,7.08,,,,,,,,,,
2023-06-23,23.37,21.83,24.85,,,,45.75,44.27,47.32,,,,12.18,10.6,13.73,,,,7.4,5.88,8.85,,,,3.3,1.56,5.21,,,,1.0,-1.01,3.07,,,,5.64,4.11,7.07,,,,,,,,,,
2023-06-24,23.35,21.81,24.84,,,,45.77,44.29,47.36,,,,12.16,10.58,13.74,,,,7.41,5.89,8.88,,,,3.3,1.57,5.22,,,,1.0,-1.0,3.07,,,,5.65,4.11,7.06,,,,,,,,,,
2023-06-25,23.34,21.8,24.83,,,,45.79,44.31,47.39,,,,12.15,10.55,13.75,,,,7.42,5.9,8.89,,,,3.3,1.57,5.24,,,,1.0,-0.99,3.11,,,,5.66,4.13,7.05,,,,,,,,,,
2023-06-26,23.32,21.8,24.81,,,,45.82,44.33,47.42,,,,12.13,10.53,13.71,,,,7.43,5.9,8.88,,,,3.3,1.54,5.25,,,,1.0,-0.98,3.16,,,,5.66,4.13,7.04,,,,,,,,,,
2023-06-27,23.31,21.79,24.8,,,,45.84,44.35,47.45,,,,12.11,10.5,13.68,,,,7.44,5.92,8.87,,,,3.3,1.54,5.26,,,,1.0,-0.97,3.21,,,,5.67,4.13,7.03,,,,,,,,,,
2023-06-28,23.29,21.79,24.78,,,,45.86,44.38,47.47,,,,12.1,10.48,13.64,,,,7.45,5.93,8.9,,,,3.3,1.53,5.26,,,,1.0,-0.94,3.22,,,,5.68,4.12,7.04,,,,23.0,48.0,13.0,6.0,3.0,1.0,6.0
2023-06-29,23.28,21.78,24.77,,,,45.88,44.4,47.46,,,,12.08,10.48,13.64,,,,7.46,5.94,8.91,,,,3.3,1.5,5.27,,,,1.0,-0.87,3.23,,,,5.68,4.11,7.02,,,,,,,,,,
2023-06-30,23.26,21.78,24.75,,,,45.91,44.44,47.46,,,,12.06,10.47,13.6,,,,7.47,5.95,8.9,,,,3.3,1.47,5.27,,,,1.0,-0.87,3.23,,,,5.69,4.11,7.01,,,,,,,,,,
2023-07-01,23.25,21.76,24.73,,,,45.93,44.45,47.5,,,,12.04,10.45,13.6,,,,7.48,5.96,8.91,,,,3.3,1.44,5.27,,,,1.0,-0.83,3.24,,,,5.69,4.11,7.02,,,,,,,,,,
2023-07-02,23.24,21.74,24.72,,,,45.95,44.47,47.55,,,,12.02,10.43,13.57,,,,7.49,5.98,8.92,,,,3.31,1.39,5.33,,,,1.0,-0.84,3.24,,,,5.7,4.13,7.03,,,,,,,,,,
2023-07-03,23.22,21.72,24.7,,,,45.98,44.5,47.58,,,,12.0,10.41,13.53,,,,7.5,5.99,8.94,,,,3.31,1.38,5.31,,,,1.0,-0.87,3.25,,,,5.71,4.14,7.03,,,,,,,,,,
2023-07-04,23.21,21.7,24.68,,,,46.0,44.5,47.6,,,,11.98,10.38,13.5,,,,7.51,6.0,8.95,,,,3.31,1.37,5.29,,,,1.0,-0.88,3.26,,,,5.71,4.16,7.04,,,,,,,,,,
2023-07-05,23.2,21.68,24.67,,,,46.03,44.5,47.62,,,,11.96,10.36,13.49,,,,7.53,6.02,8.96,,,,3.31,1.35,5.29,,,,1.0,-0.92,3.32,,,,5.72,4.17,7.04,,,,,,,,,,
2023-07-06,23.18,21.66,24.65,,,,46.05,44.5,47.63,,,,11.94,10.34,13.47,,,,7.54,6.03,8.97,,,,3.31,1.39,5.28,,,,1.0,-0.95,3.37,,,,5.72,4.19,7.01,,,,21.0,49.0,10.0,6.0,3.0,1.0,7.0
2023-07-07,23.17,21.65,24.65,,,,46.07,44.52,47.65,,,,11.92,10.32,13.44,,,,7.55,6.04,8.99,,,,3.31,1.39,5.28,,,,1.0,-0.98,3.39,,,,5.73,4.18,6.99,,,,,,,,,,
2023-07-08,23.16,21.63,24.67,,,,46.1,44.55,47.68,,,,11.9,10.3,13.42,,,,7.56,6.06,8.99,,,,3.31,1.39,5.28,,,,1.0,-1.01,3.4,,,,5.73,4.17,6.98,,,,,,,,,,
2023-07-09,23.15,21.62,24.7,,,,46.12,44.59,47.72,,,,11.88,10.29,13.38,,,,7.57,6.07,8.98,,,,3.31,1.4,5.28,,,,1.0,-1.04,3.34,,,,5.74,4.16,6.98,,,,,,,,,,
2023-07-10,23.14,21.61,24.69,,,,46.15,44.63,47.73,,,,11.85,10.27,13.34,,,,7.58,6.09,9.02,,,,3.31,1.4,5.28,,,,1.0,-1.09,3.36,,,,5.74,4.17,6.98,,,,,,,,,,
2023-07-11,23.12,21.61,24.66,,,,46.18,44.67,47.76,,,,11.83,10.26,13.3,,,,7.58,6.1,9.03,,,,3.32,1.41,5.28,,,,1.0,-1.11,3.38,,,,5.75,4.18,7.01,,,,23.0,46.0,13.0,7.0,3.0,1.0,7.0
2023-07-12,23.11,21.61,24.65,,,,46.2,44.72,47.78,,,,11.81,10.26,13.26,,,,7.59,6.11,9.04,,,,3.32,1.4,5.28,,,,1.0,-1.11,3.41,,,,5.75,4.2,7.04,,,,,,,,,,
2023-07-13,23.1,21.61,24.62,,,,46.23,44.76,47.8,,,,11.79,10.25,13.25,,,,7.6,6.13,9.09,,,,3.32,1.38,5.28,,,,1.0,-1.13,3.43,,,,5.76,4.2,7.06,,,,,,,,,,
2023-07-14,23.09,21.61,24.6,,,,46.25,44.79,47.79,,,,11.77,10.24,13.27,,,,7.61,6.14,9.11,,,,3.32,1.37,5.28,,,,1.0,-1.15,3.47,,,,5.76,4.21,7.06,,,,,,,,,,
2023-07-15,23.08,21.62,24.58,,,,46.28,44.83,47.8,,,,11.75,10.23,13.28,,,,7.62,6.13,9.1,,,,3.32,1.36,5.28,,,,1.0,-1.17,3.47,,,,5.77,4.21,7.05,,,,,,,,,,
2023-07-16,23.07,21.61,24.56,,,,46.3,44.87,47.83,,,,11.72,10.22,13.26,,,,7.63,6.14,9.1,,,,3.32,1.34,5.29,,,,1.0,-1.22,3.46,,,,5.77,4.22,7.05,,,,,,,,,,
2023-07-17,23.06,21.6,24.53,,,,46.32,44.91,47.85,,,,11.7,10.2,13.23,,,,7.64,6.16,9.11,,,,3.33,1.33,5.29,,,,1.0,-1.23,3.45,,,,5.78,4.23,7.05,,,,,,,,,,
2023-07-18,23.05,21.59,24.49,,,,46.35,44.95,47.86,,,,11.68,10.19,13.23,,,,7.65,6.18,9.13,,,,3.33,1.31,5.29,,,,1.0,-1.23,3.44,,,,5.78,4.24,7.04,,,,,,,,,,
2023-07-19,23.04,21.58,24.44,,,,46.37,44.99,47.88,,,,11.66,10.18,13.18,,,,7.66,6.19,9.16,,,,3.33,1.31,5.29,,,,1.0,-1.26,3.48,,,,5.79,4.25,7.03,,,,,,,,,,
2023-07-20,23.04,21.57,24.42,,,,46.4,45.04,47.9,,,,11.64,10.17,13.15,,,,7.67,6.2,9.18,,,,3.33,1.31,5.29,,,,1.0,-1.23,3.52,,,,5.79,4.27,7.02,,,,22.0,47.0,11.0,7.0,3.0,1.0,6.0
2023-07-21,23.03,21.57,24.45,,,,46.42,45.06,47.9,,,,11.62,10.16,13.12,,,,7.67,6.2,9.19,,,,3.33,1.3,5.3,,,,1.0,-1.24,3.54,,,,5.79,4.29,7.03,,,,,,,,,,
2023-07-22,23.02,21.56,24.44,,,,46.44,45.12,47.9,,,,11.6,10.14,13.08,,,,7.68,6.21,9.21,,,,3.33,1.29,5.3,,,,1.0,-1.24,3.55,,,,5.8,4.31,7.04,,,,,,,,,,
2023-07-23,23.01,21.55,24.43,,,,46.47,45.17,47.89,,,,11.59,10.12,13.05,,,,7.69,6.21,9.2,,,,3.34,1.32,5.29,,,,1.0,-1.25,3.55,,,,5.8,4.33,7.05,,,,,,,,,,
2023-07-24,23.0,21.55,24.42,,,,46.49,45.19,47.9,,,,11.57,10.12,13.01,,,,7.7,6.21,9.17,,,,3.34,1.36,5.26,,,,1.0,-1.25,3.56,,,,5.8,4.35,7.06,,,,,,,,,,
2023-07-25,23.0,21.54,24.41,,,,46.51,45.2,47.9,,,,11.55,10.12,12.97,,,,7.71,6.23,9.15,,,,3.34,1.39,5.23,,,,1.0,-1.25,3.57,,,,5.81,4.37,7.07,,,,,,,,,,
2023-07-26,22.99,21.54,24.43,,,,46.54,45.21,47.89,,,,11.53,10.11,12.92,,,,7.71,6.27,9.13,,,,3.34,1.44,5.24,,,,1.0,-1.25,3.58,,,,5.81,4.37,7.08,,,,25.0,48.0,12.0,6.0,3.0,,5.0
2023-07-27,22.98,21.53,24.45,,,,46.56,45.22,47.9,,,,11.51,10.07,12.91,,,,7.72,6.31,9.14,,,,3.34,1.47,5.25,,,,1.0,-1.3,3.59,,,,5.81,4.37,7.04,,,,,,,,,,
2023-07-28,22.98,21.53,24.44,,,,46.58,45.23,47.92,,,,11.49,10.08,12.89,,,,7.73,6.33,9.14,,,,3.35,1.44,5.24,,,,1.0,-1.35,3.6,,,,5.82,4.37,7.04,,,,,,,,,,
2023-07-29,22.97,21.52,24.41,,,,46.6,45.26,47.97,,,,11.48,10.08,12.87,,,,7.74,6.35,9.15,,,,3.35,1.44,5.21,,,,1.0,-1.37,3.61,,,,5.82,4.39,7.04,,,,,,,,,,
2023-07-30,22.97,21.51,24.38,,,,46.63,45.29,47.98,,,,11.46,10.08,12.85,,,,7.74,6.37,9.15,,,,3.35,1.47,5.22,,,,1.0,-1.37,3.62,,,,5.82,4.41,7.04,,,,,,,,,,
2023-07-31,22.96,21.5,24.36,,,,46.65,45.32,47.99,,,,11.44,10.09,12.83,,,,7.75,6.38,9.15,,,,3.35,1.52,5.21,,,,1.0,-1.41,3.65,,,,5.82,4.38,7.05,,,,,,,,,,
2023-08-01,22.96,21.49,24.32,,,,46.67,45.34,48.0,,,,11.43,10.08,12.8,,,,7.76,6.41,9.16,,,,3.35,1.56,5.21,,,,1.0,-1.47,3.68,,,,5.82,4.35,7.05,,,,,,,,,,
2023-08-02,22.95,21.49,24.32,,,,46.69,45.35,48.02,,,,11.41,10.09,12.77,,,,7.76,6.43,9.17,,,,3.36,1.56,5.23,,,,1.0,-1.54,3.7,,,,5.83,4.34,7.05,,,,,,,,,,
2023-08-03,22.95,21.49,24.35,,,,46.72,45.38,48.03,,,,11.39,10.1,12.74,,,,7.77,6.45,9.19,,,,3.36,1.56,5.25,,,,1.0,-1.56,3.68,,,,5.83,4.38,7.05,,,,25.0,50.0,10.0,7.0,3.0,,5.0
2023-08-04,22.95,21.5,24.37,,,,46.74,45.4,48.04,,,,11.38,10.1,12.74,,,,7.77,6.46,9.2,,,,3.36,1.56,5.24,,,,1.0,-1.57,3.68,,,,5.83,4.41,7.05,,,,,,,,,,
2023-08-05,22.94,21.51,24.4,,,,46.76,45.43,48.05,,,,11.36,10.09,12.72,,,,7.78,6.48,9.18,,,,3.36,1.55,5.23,,,,1.0,-1.57,3.73,,,,5.83,4.43,7.05,,,,,,,,,,
2023-08-06,22.94,21.51,24.41,,,,46.78,45.44,48.07,,,,11.34,10.07,12.69,,,,7.78,6.5,9.15,,,,3.36,1.52,5.22,,,,1.0,-1.6,3.68,,,,5.83,4.42,7.06,,,,,,,,,,
2023-08-07,22.94,21.51,24.4,,,,46.81,45.46,48.08,,,,11.33,10.04,12.67,,,,7.79,6.52,9.17,,,,3.37,1.48,5.21,,,,1.0,-1.63,3.69,,,,5.83,4.39,7.04,,,,,,,,,,
2023-08-08,22.94,21.53,24.38,,,,46.83,45.48,48.1,,,,11.31,10.01,12.64,,,,7.79,6.53,9.22,,,,3.37,1.45,5.19,,,,1.0,-1.65,3.64,,,,5.84,4.36,7.05,,,,,,,,,,
2023-08-09,22.94,21.53,24.39,,,,46.85,45.49,48.11,,,,11.3,9.99,12.61,,,,7.8,6.54,9.23,,,,3.37,1.42,5.17,,,,1.0,-1.62,3.61,,,,5.84,4.35,7.06,,,,,,,,,,
2023-08-10,22.93,21.54,24.41,,,,46.87,45.53,48.12,,,,11.29,9.96,12.57,,,,7.8,6.56,9.21,,,,3.37,1.38,5.19,,,,1.0,-1.69,3.63,,,,5.84,4.36,7.06,,,,,,,,,,
2023-08-11,22.93,21.54,24.43,,,,46.89,45.55,48.13,,,,11.27,9.94,12.55,,,,7.8,6.58,9.19,,,,3.37,1.35,5.23,,,,1.0,-1.75,3.66,,,,5.84,4.37,7.07,,,,24.0,46.0,11.0,9.0,3.0,,5.0
2023-08-12,22.93,21.53,24.45,,,,46.91,45.57,48.15,,,,11.26,9.93,12.53,,,,7.81,6.59,9.19,,,,3.37,1.35,5.25,,,,1.0,-1.78,3.69,,,,5.84,4.36,7.09,,,,,,,,,,
2023-08-13,22.93,21.54,24.44,,,,46.94,45.59,48.16,,,,11.24,9.94,12.5,,,,7.81,6.62,9.2,,,,3.37,1.38,5.28,,,,1.0,-1.78,3.73,,,,5.84,4.36,7.1,,,,,,,,,,
2023-08-14,22.93,21.55,24.42,,,,46.96,45.61,48.18,,,,11.23,9.92,12.48,,,,7.81,6.6,9.2,,,,3.37,1.37,5.3,,,,1.0,-1.77,3.74,,,,5.84,4.36,7.11,,,,,,,,,,
2023-08-15,22.93,21.52,24.39,,,,46.97,45.61,48.19,,,,11.22,9.9,12.45,,,,7.82,6.58,9.19,,,,3.38,1.4,5.32,,,,1.0,-1.76,3.75,,,,5.84,4.36,7.12,,,,,,,,,,
2023-08-16,22.93,21.48,24.37,,,,46.99,45.61,48.21,,,,11.21,9.87,12.42,,,,7.82,6.56,9.18,,,,3.38,1.41,5.33,,,,1.0,-1.76,3.75,,,,5.84,4.38,7.12,,,,,,,,,,
2023-08-17,22.93,21.46,24.37,,,,47.01,45.62,48.23,,,,11.2,9.86,12.42,,,,7.82,6.57,9.18,,,,3.38,1.39,5.39,,,,1.0,-1.75,3.79,,,,5.85,4.4,7.13,,,,,,,,,,
2023-08-18,22.93,21.48,24.39,,,,47.03,45.63,48.25,,,,11.18,9.84,12.42,,,,7.83,6.6,9.17,,,,3.38,1.38,5.45,,,,1.0,-1.74,3.84,,,,5.85,4.41,7.13,,,,24.0,45.0,12.0,9.0,4.0,1.0,5.0
2023-08-19,22.93,21.49,24.38,,,,47.05,45.65,48.27,,,,11.17,9.84,12.42,,,,7.83,6.61,9.19,,,,3.38,1.37,5.48,,,,1.0,-1.73,3.82,,,,5.85,4.4,7.14,,,,,,,,,,
2023-08-20,22.93,21.51,24.36,,,,47.06,45.67,48.28,,,,11.16,9.83,12.4,,,,7.83,6.61,9.2,,,,3.38,1.36,5.51,,,,1.0,-1.72,3.8,,,,5.85,4.38,7.17,,,,,,,,,,
2023-08-21,22.92,21.52,24.34,,,,47.08,45.68,48.3,,,,11.15,9.85,12.38,,,,7.84,6.6,9.21,,,,3.38,1.37,5.54,,,,1.0,-1.7,3.83,,,,5.85,4.37,7.21,,,,,,,,,,
2023-08-22,22.92,21.53,24.32,,,,47.1,45.71,48.32,,,,11.14,9.85,12.38,,,,7.84,6.6,9.2,,,,3.38,1.36,5.55,,,,1.0,-1.69,3.87,,,,5.85,4.38,7.22,,,,,,,,,,
2023-08-23,22.92,21.55,24.29,,,,47.11,45.72,48.34,,,,11.13,9.83,12.38,,,,7.84,6.63,9.18,,,,3.38,1.36,5.54,,,,1.0,-1.67,3.91,,,,5.85,4.4,7.23,,,,22.0,45.0,11.0,9.0,3.0,1.0,8.0
2023-08-24,22.92,21.56,24.26,,,,47.13,45.73,48.37,,,,11.12,9.8,12.37,,,,7.85,6.64,9.2,,,,3.38,1.36,5.56,,,,1.0,-1.66,3.95,,,,5.86,4.41,7.19,,,,,,,,,,
2023-08-25,22.92,21.57,24.28,,,,47.14,45.75,48.39,,,,11.11,9.77,12.36,,,,7.85,6.63,9.21,,,,3.38,1.37,5.59,,,,1.0,-1.66,3.99,,,,5.86,4.42,7.2,,,,,,,,,,
2023-08-26,22.91,21.59,24.3,,,,47.15,45.76,48.41,,,,11.1,9.74,12.36,,,,7.86,6.61,9.23,,,,3.38,1.37,5.61,,,,1.0,-1.67,4.04,,,,5.86,4.43,7.22,,,,,,,,,,
2023-08-27,22.91,21.6,24.31,,,,47.17,45.78,48.42,,,,11.09,9.73,12.35,,,,7.86,6.6,9.25,,,,3.38,1.4,5.63,,,,1.0,-1.65,4.09,,,,5.86,4.46,7.25,,,,,,,,,,
2023-08-28,22.9,21.61,24.29,,,,47.18,45.78,48.44,,,,11.08,9.75,12.35,,,,7.86,6.58,9.26,,,,3.38,1.43,5.63,,,,1.0,-1.61,4.0,,,,5.87,4.45,7.24,,,,,,,,,,
2023-08-29,22.9,21.62,24.3,,,,47.19,45.78,48.46,,,,11.08,9.76,12.35,,,,7.87,6.56,9.26,,,,3.38,1.46,5.57,,,,1.0,-1.57,3.9,,,,5.87,4.47,7.25,,,,,,,,,,
2023-08-30,22.89,21.63,24.31,,,,47.2,45.77,48.48,,,,11.07,9.77,12.35,,,,7.87,6.55,9.29,,,,3.39,1.49,5.51,,,,1.0,-1.53,3.79,,,,5.87,4.49,7.26,,,,,,,,,,
2023-08-31,22.88,21.64,24.33,,,,47.22,45.77,48.5,,,,11.06,9.78,12.37,,,,7.88,6.53,9.31,,,,3.39,1.52,5.44,,,,1.0,-1.49,3.72,,,,5.88,4.51,7.28,,,,23.0,48.0,10.0,7.0,4.0,1.0,6.0
2023-09-01,22.88,21.64,24.33,,,,47.23,45.76,48.52,,,,11.05,9.78,12.39,,,,7.88,6.51,9.32,,,,3.39,1.54,5.39,,,,1.0,-1.48,3.74,,,,5.88,4.5,7.3,,,,,,,,,,
2023-09-02,22.87,21.65,24.31,,,,47.24,45.75,48.54,,,,11.05,9.75,12.36,,,,7.89,6.53,9.31,,,,3.39,1.53,5.4,,,,1.0,-1.49,3.75,,,,5.88,4.5,7.32,,,,,,,,,,
2023-09-03,22.86,21.66,24.29,,,,47.25,45.74,48.55,,,,11.04,9.72,12.35,,,,7.9,6.55,9.32,,,,3.39,1.51,5.41,,,,1.0,-1.47,3.77,,,,5.89,4.52,7.33,,,,,,,,,,
2023-09-04,22.85,21.61,24.28,,,,47.25,45.74,48.57,,,,11.03,9.72,12.36,,,,7.9,6.56,9.34,,,,3.39,1.49,5.42,,,,1.0,-1.48,3.8,,,,5.89,4.53,7.35,,,,,,,,,,
2023-09-05,22.84,21.57,24.29,,,,47.26,45.74,48.58,,,,11.03,9.73,12.37,,,,7.91,6.58,9.36,,,,3.38,1.5,5.43,,,,1.0,-1.47,3.83,,,,5.9,4.52,7.36,,,,,,,,,,
2023-09-06,22.83,21.54,24.3,,,,47.27,45.74,48.6,,,,11.02,9.74,12.38,,,,7.92,6.6,9.38,,,,3.38,1.52,5.43,,,,1.0,-1.45,3.85,,,,5.9,4.51,7.38,,,,,,,,,,
2023-09-07,22.82,21.5,24.32,,,,47.28,45.73,48.61,,,,11.02,9.74,12.39,,,,7.92,6.62,9.42,,,,3.38,1.54,5.44,,,,1.0,-1.45,3.88,,,,5.91,4.49,7.39,,,,,,,,,,
2023-09-08,22.8,21.46,24.33,,,,47.29,45.73,48.62,,,,11.01,9.7,12.4,,,,7.93,6.62,9.43,,,,3.38,1.55,5.45,,,,1.0,-1.46,3.9,,,,5.91,4.54,7.41,,,,22.0,47.0,11.0,8.0,4.0,1.0,6.0
2023-09-09,22.79,21.41,24.34,,,,47.29,45.73,48.63,,,,11.01,9.72,12.41,,,,7.94,6.64,9.44,,,,3.38,1.56,5.42,,,,1.0,-1.47,3.93,,,,5.92,4.55,7.42,,,,,,,,,,
2023-09-10,22.77,21.37,24.35,,,,47.3,45.72,48.64,,,,11.0,9.72,12.43,,,,7.95,6.64,9.44,,,,3.38,1.55,5.43,,,,1.0,-1.49,3.95,,,,5.93,4.55,7.43,,,,,,,,,,
2023-09-11,22.76,21.36,24.36,,,,47.31,45.72,48.65,,,,11.0,9.74,12.45,,,,7.95,6.63,9.42,,,,3.38,1.54,5.43,,,,1.0,-1.47,3.98,,,,5.93,4.56,7.45,,,,,,,,,,
2023-09-12,22.74,21.35,24.37,,,,47.32,45.72,48.66,,,,10.99,9.74,12.47,,,,7.96,6.65,9.4,,,,3.38,1.58,5.43,,,,1.0,-1.44,3.99,,,,5.94,4.57,7.46,,,,,,,,,,
2023-09-13,22.73,21.34,24.38,,,,47.32,45.73,48.69,,,,10.99,9.74,12.49,,,,7.97,6.63,9.38,,,,3.38,1.62,5.43,,,,1.0,-1.43,4.02,,,,5.95,4.57,7.47,,,,,,,,,,
2023-09-14,22.71,21.32,24.33,,,,47.33,45.77,48.72,,,,10.99,9.75,12.51,,,,7.97,6.65,9.39,,,,3.37,1.64,5.43,,,,1.0,-1.42,4.04,,,,5.96,4.58,7.48,,,,22.0,47.0,10.0,10.0,3.0,1.0,6.0
2023-09-15,22.69,21.33,24.29,,,,47.34,45.8,48.75,,,,10.99,9.75,12.51,,,,7.98,6.64,9.43,,,,3.37,1.61,5.43,,,,1.0,-1.46,4.05,,,,5.96,4.59,7.49,,,,,,,,,,
2023-09-16,22.67,21.34,24.24,,,,47.34,45.83,48.78,,,,10.98,9.72,12.55,,,,7.99,6.62,9.44,,,,3.37,1.57,5.43,,,,1.0,-1.49,4.04,,,,5.97,4.6,7.51,,,,,,,,,,
2023-09-17,22.65,21.34,24.18,,,,47.35,45.86,48.81,,,,10.98,9.69,12.57,,,,7.99,6.6,9.43,,,,3.37,1.53,5.43,,,,1.0,-1.47,4.05,,,,5.98,4.62,7.5,,,,,,,,,,
2023-09-18,22.63,21.33,24.13,,,,47.36,45.9,48.82,,,,10.98,9.71,12.6,,,,8.0,6.58,9.46,,,,3.37,1.49,5.44,,,,1.0,-1.39,4.05,,,,5.99,4.63,7.51,,,,,,,,,,
2023-09-19,22.61,21.3,24.08,,,,47.36,45.91,48.84,,,,10.98,9.71,12.62,,,,8.01,6.56,9.5,,,,3.36,1.45,5.46,,,,1.0,-1.39,4.04,,,,6.0,4.64,7.52,,,,,,,,,,
2023-09-20,22.59,21.27,24.03,,,,47.37,45.93,48.81,,,,10.98,9.7,12.6,,,,8.01,6.53,9.55,,,,3.36,1.44,5.48,,,,1.0,-1.4,4.03,,,,6.01,4.66,7.52,,,,23.0,47.0,11.0,10.0,4.0,1.0,4.0
2023-09-21,22.57,21.24,24.0,,,,47.38,45.93,48.81,,,,10.98,9.68,12.57,,,,8.02,6.51,9.53,,,,3.36,1.43,5.5,,,,1.0,-1.41,4.01,,,,6.02,4.67,7.53,,,,,,,,,,
2023-09-22,22.55,21.21,24.01,,,,47.38,45.94,48.82,,,,10.98,9.66,12.54,,,,8.02,6.49,9.52,,,,3.35,1.43,5.51,,,,1.0,-1.42,4.0,,,,6.03,4.66,7.53,,,,25.0,45.0,11.0,7.0,4.0,,6.0
2023-09-23,22.53,21.18,24.03,,,,47.39,45.95,48.83,,,,10.98,9.68,12.51,,,,8.03,6.46,9.54,,,,3.35,1.41,5.53,,,,1.0,-1.41,3.98,,,,6.05,4.65,7.54,,,,,,,,,,
2023-09-24,22.5,21.14,24.03,,,,47.39,45.96,48.85,,,,10.98,9.68,12.51,,,,8.03,6.5,9.56,,,,3.35,1.39,5.55,,,,1.0,-1.41,3.96,,,,6.06,4.64,7.54,,,,,,,,,,
2023-09-25,22.48,21.1,24.04,,,,47.4,45.96,48.85,,,,10.98,9.66,12.48,,,,8.04,6.53,9.57,,,,3.35,1.37,5.57,,,,1.0,-1.39,3.95,,,,6.07,4.63,7.55,,,,,,,,,,
2023-09-26,22.46,21.07,24.04,,,,47.41,45.97,48.85,,,,10.98,9.63,12.44,,,,8.04,6.55,9.59,,,,3.34,1.36,5.57,,,,1.0,-1.34,3.87,,,,6.08,4.62,7.55,,,,,,,,,,
2023-09-27,22.44,21.04,23.95,,,,47.41,45.98,48.85,,,,10.98,9.61,12.41,,,,8.05,6.58,9.59,,,,3.34,1.33,5.59,,,,1.0,-1.3,3.87,,,,6.1,4.63,7.56,,,,22.0,48.0,12.0,8.0,3.0,,6.0
2023-09-28,22.41,21.0,23.95,,,,47.42,45.97,48.85,,,,10.98,9.6,12.41,,,,8.05,6.62,9.6,,,,3.34,1.32,5.57,,,,1.0,-1.24,3.87,,,,6.11,4.66,7.56,,,,,,,,,,
2023-09-29,22.39,20.97,23.94,,,,47.42,45.97,48.85,,,,10.98,9.58,12.43,,,,8.05,6.65,9.61,,,,3.33,1.3,5.53,,,,1.0,-1.19,3.87,,,,6.13,4.66,7.57,,,,,,,,,,
2023-09-30,22.37,20.94,23.93,,,,47.42,45.96,48.84,,,,10.98,9.56,12.45,,,,8.06,6.69,9.62,,,,3.33,1.28,5.49,,,,1.0,-1.15,3.85,,,,6.14,4.63,7.57,,,,,,,,,,
2023-10-01,22.35,20.91,23.93,,,,47.43,45.96,48.83,,,,10.98,9.55,12.47,,,,8.06,6.72,9.63,,,,3.33,1.27,5.45,,,,1.0,-1.18,3.83,,,,6.16,4.64,7.58,,,,,,,,,,
2023-10-02,22.32,20.87,23.91,,,,47.43,45.95,48.82,,,,10.98,9.53,12.48,,,,8.06,6.75,9.64,,,,3.32,1.25,5.42,,,,1.0,-1.21,3.81,,,,6.17,4.65,7.59,,,,,,,,,,
2023-10-03,22.3,20.85,23.9,,,,47.44,45.95,48.83,,,,10.98,9.52,12.47,,,,8.06,6.77,9.63,,,,3.32,1.23,5.38,,,,1.0,-1.23,3.74,,,,6.19,4.67,7.59,,,,,,,,,,
2023-10-04,22.28,20.82,23.89,,,,47.44,45.94,48.84,,,,10.99,9.52,12.46,,,,8.07,6.76,9.57,,,,3.32,1.23,5.35,,,,1.0,-1.24,3.65,,,,6.2,4.71,7.6,,,,,,,,,,
2023-10-05,22.26,20.81,23.84,,,,47.44,45.94,48.84,,,,10.99,9.55,12.46,,,,8.07,6.75,9.51,,,,3.31,1.25,5.34,,,,1.0,-1.26,3.57,,,,6.22,4.74,7.63,,,,22.0,46.0,13.0,8.0,4.0,,6.0
2023-10-06,22.24,20.81,23.79,,,,47.44,45.93,48.86,,,,10.99,9.58,12.45,,,,8.07,6.74,9.53,,,,3.31,1.27,5.39,,,,1.0,-1.28,3.48,,,,6.24,4.78,7.66,,,,,,,,,,
2023-10-07,22.21,20.81,23.74,,,,47.45,45.94,48.87,,,,10.99,9.57,12.43,,,,8.07,6.73,9.53,,,,3.31,1.29,5.38,,,,1.0,-1.29,3.39,,,,6.25,4.81,7.69,,,,,,,,,,
2023-10-08,22.19,20.81,23.68,,,,47.45,45.95,48.87,,,,10.99,9.59,12.42,,,,8.07,6.73,9.55,,,,3.3,1.3,5.38,,,,1.0,-1.3,3.31,,,,6.27,4.85,7.71,,,,,,,,,,
2023-10-09,22.17,20.81,23.63,,,,47.45,45.97,48.87,,,,10.99,9.61,12.4,,,,8.07,6.71,9.57,,,,3.3,1.31,5.36,,,,1.0,-1.31,3.33,,,,6.29,4.91,7.74,,,,,,,,,,
2023-10-10,22.15,20.81,23.63,,,,47.45,45.98,48.87,,,,11.0,9.62,12.38,,,,8.07,6.7,9.57,,,,3.29,1.33,5.35,,,,1.0,-1.31,3.3,,,,6.3,4.96,7.77,,,,,,,,,,
2023-10-11,22.13,20.81,23.63,,,,47.45,45.99,48.88,,,,11.0,9.64,12.36,,,,8.07,6.72,9.55,,,,3.29,1.35,5.35,,,,1.0,-1.32,3.27,,,,6.32,5.01,7.8,,,,,,,,,,
2023-10-12,22.11,20.78,23.63,,,,47.46,46.0,48.87,,,,11.0,9.66,12.33,,,,8.07,6.68,9.54,,,,3.29,1.36,5.35,,,,1.0,-1.32,3.24,,,,6.34,5.04,7.82,,,,22.0,50.0,10.0,7.0,3.0,,6.0
2023-10-13,22.09,20.76,23.62,,,,47.46,46.02,48.89,,,,11.0,9.67,12.33,,,,8.07,6.67,9.54,,,,3.28,1.35,5.36,,,,1.0,-1.32,3.21,,,,6.35,5.06,7.84,,,,,,,,,,
2023-10-14,22.07,20.75,23.62,,,,47.46,46.03,48.91,,,,11.0,9.69,12.32,,,,8.07,6.66,9.55,,,,3.28,1.35,5.37,,,,1.0,-1.3,3.23,,,,6.37,5.07,7.86,,,,,,,,,,
2023-10-15,22.06,20.73,23.62,,,,47.47,46.03,48.91,,,,11.0,9.7,12.32,,,,8.07,6.65,9.55,,,,3.28,1.33,5.35,,,,1.0,-1.24,3.19,,,,6.38,5.08,7.88,,,,,,,,,,
2023-10-16,22.04,20.68,23.61,,,,47.47,46.04,48.89,,,,11.0,9.69,12.32,,,,8.07,6.64,9.55,,,,3.27,1.3,5.33,,,,1.0,-1.21,3.2,,,,6.4,5.1,7.9,,,,,,,,,,
2023-10-17,22.02,20.65,23.6,,,,47.47,46.05,48.9,,,,11.01,9.69,12.32,,,,8.07,6.63,9.53,,,,3.27,1.27,5.32,,,,1.0,-1.23,3.21,,,,6.42,5.12,7.91,,,,,,,,,,
2023-10-18,22.0,20.63,23.59,,,,47.47,46.05,48.91,,,,11.01,9.68,12.32,,,,8.06,6.63,9.5,,,,3.26,1.28,5.32,,,,1.0,-1.25,3.22,,,,6.43,5.14,7.91,,,,24.0,48.0,9.0,8.0,4.0,,6.0
2023-10-19,21.99,20.6,23.57,,,,47.48,46.05,48.92,,,,11.01,9.66,12.32,,,,8.06,6.64,9.47,,,,3.26,1.3,5.32,,,,1.0,-1.27,3.23,,,,6.45,5.14,7.91,,,,,,,,,,
2023-10-20,21.97,20.58,23.53,,,,47.48,46.05,48.92,,,,11.01,9.62,12.32,,,,8.06,6.64,9.46,,,,3.26,1.32,5.31,,,,1.0,-1.29,3.23,,,,6.46,5.14,7.91,,,,,,,,,,
2023-10-21,21.95,20.56,23.48,,,,47.49,46.05,48.93,,,,11.01,9.6,12.32,,,,8.06,6.64,9.45,,,,3.25,1.34,5.31,,,,1.0,-1.3,3.24,,,,6.48,5.14,7.91,,,,,,,,,,
2023-10-22,21.94,20.53,23.44,,,,47.49,46.07,48.94,,,,11.01,9.57,12.32,,,,8.05,6.65,9.44,,,,3.25,1.36,5.32,,,,1.0,-1.29,3.25,,,,6.5,5.14,7.92,,,,,,,,,,
2023-10-23,21.92,20.51,23.42,,,,47.5,46.09,48.95,,,,11.01,9.56,12.31,,,,8.05,6.65,9.44,,,,3.24,1.38,5.32,,,,1.0,-1.29,3.25,,,,6.51,5.15,7.94,,,,,,,,,,
2023-10-24,21.91,20.49,23.39,,,,47.5,46.1,48.96,,,,11.01,9.58,12.32,,,,8.05,6.65,9.43,,,,3.24,1.41,5.32,,,,1.0,-1.3,3.26,,,,6.53,5.15,7.96,,,,,,,,,,
2023-10-25,21.89,20.47,23.37,,,,47.51,46.1,48.96,,,,11.01,9.59,12.33,,,,8.04,6.64,9.42,,,,3.23,1.36,5.32,,,,1.0,-1.34,3.26,,,,6.54,5.15,7.98,,,,21.0,52.0,11.0,5.0,3.0,1.0,6.0
2023-10-26,21.87,20.45,23.38,,,,47.51,46.1,48.97,,,,11.01,9.6,12.33,,,,8.04,6.63,9.42,,,,3.23,1.37,5.32,,,,1.0,-1.37,3.27,,,,6.56,5.15,7.99,,,,,,,,,,
2023-10-27,21.86,20.42,23.39,,,,47.52,46.1,48.98,,,,11.01,9.6,12.34,,,,8.04,6.63,9.42,,,,3.22,1.38,5.33,,,,1.0,-1.38,3.27,,,,6.57,5.14,8.02,,,,,,,,,,
2023-10-28,21.84,20.38,23.39,,,,47.52,46.1,48.99,,,,11.01,9.59,12.34,,,,8.03,6.63,9.42,,,,3.22,1.38,5.32,,,,1.0,-1.38,3.3,,,,6.59,5.12,8.03,,,,,,,,,,
2023-10-29,21.83,20.35,23.4,,,,47.53,46.09,49.01,,,,11.0,9.58,12.34,,,,8.03,6.62,9.42,,,,3.21,1.37,5.31,,,,1.0,-1.38,3.29,,,,6.61,5.11,8.05,,,,,,,,,,
2023-10-30,21.81,20.31,23.41,,,,47.54,46.09,49.02,,,,11.0,9.57,12.33,,,,8.03,6.62,9.41,,,,3.21,1.35,5.31,,,,1.0,-1.39,3.3,,,,6.62,5.09,8.07,,,,,,,,,,
2023-10-31,21.8,20.27,23.41,,,,47.54,46.09,49.02,,,,11.0,9.57,12.35,,,,8.02,6.62,9.41,,,,3.2,1.32,5.31,,,,1.0,-1.39,3.32,,,,6.64,5.07,8.09,,,,,,,,,,
2023-11-01,21.78,20.25,23.42,,,,47.55,46.08,49.04,,,,11.0,9.55,12.34,,,,8.02,6.62,9.4,,,,3.19,1.3,5.3,,,,1.0,-1.38,3.32,,,,6.66,5.09,8.11,,,,22.0,45.0,11.0,9.0,2.0,1.0,8.0
2023-11-02,21.76,20.24,23.42,,,,47.56,46.09,49.05,,,,10.99,9.54,12.33,,,,8.02,6.62,9.4,,,,3.19,1.28,5.29,,,,1.0,-1.34,3.33,,,,6.67,5.13,8.13,,,,,,,,,,
2023-11-03,21.75,20.24,23.42,,,,47.57,46.1,49.06,,,,10.99,9.52,12.32,,,,8.01,6.62,9.42,,,,3.18,1.25,5.28,,,,1.0,-1.34,3.33,,,,6.69,5.15,8.15,,,,,,,,,,
2023-11-04,21.73,20.23,23.41,,,,47.57,46.11,49.07,,,,10.99,9.51,12.31,,,,8.01,6.61,9.41,,,,3.18,1.23,5.27,,,,1.0,-1.36,3.31,,,,6.71,5.2,8.18,,,,,,,,,,
2023-11-05,21.71,20.23,23.39,,,,47.58,46.08,49.06,,,,10.98,9.49,12.32,,,,8.01,6.6,9.39,,,,3.17,1.22,5.27,,,,1.0,-1.35,3.32,,,,6.73,5.2,8.18,,,,,,,,,,
2023-11-06,21.7,20.21,23.35,,,,47.59,46.05,49.05,,,,10.98,9.46,12.33,,,,8.0,6.61,9.38,,,,3.16,1.2,5.26,,,,1.0,-1.39,3.32,,,,6.75,5.21,8.19,,,,,,,,,,
2023-11-07,21.68,20.19,23.32,,,,47.6,46.04,49.05,,,,10.97,9.45,12.33,,,,8.0,6.58,9.38,,,,3.16,1.2,5.25,,,,1.0,-1.42,3.33,,,,6.76,5.21,8.19,,,,,,,,,,
2023-11-08,21.66,20.18,23.29,,,,47.61,46.03,49.06,,,,10.97,9.43,12.34,,,,7.99,6.55,9.38,,,,3.15,1.23,5.25,,,,1.0,-1.44,3.33,,,,6.78,5.23,8.22,,,,19.0,51.0,11.0,8.0,3.0,1.0,6.0
2023-11-09,21.64,20.15,23.27,,,,47.62,46.04,49.08,,,,10.96,9.41,12.34,,,,7.99,6.57,9.39,,,,3.15,1.18,5.26,,,,1.0,-1.45,3.33,,,,6.8,5.27,8.24,,,,,,,,,,
2023-11-10,21.62,20.09,23.26,,,,47.63,46.07,49.09,,,,10.96,9.39,12.34,,,,7.99,6.52,9.38,,,,3.14,1.17,5.26,,,,1.0,-1.43,3.33,,,,6.82,5.3,8.27,,,,,,,,,,
2023-11-11,21.6,20.02,23.24,,,,47.64,46.1,49.11,,,,10.95,9.4,12.34,,,,7.98,6.47,9.38,,,,3.13,1.17,5.26,,,,1.0,-1.41,3.32,,,,6.84,5.32,8.3,,,,,,,,,,
2023-11-12,21.58,19.95,23.22,,,,47.65,46.11,49.13,,,,10.94,9.42,12.34,,,,7.98,6.42,9.38,,,,3.13,1.15,5.26,,,,1.0,-1.45,3.32,,,,6.86,5.32,8.33,,,,,,,,,,
2023-11-13,21.56,19.92,23.19,,,,47.66,46.08,49.14,,,,10.94,9.44,12.34,,,,7.98,6.41,9.39,,,,3.12,1.17,5.24,,,,1.0,-1.43,3.32,,,,6.89,5.32,8.35,,,,,,,,,,
2023-11-14,21.54,19.89,23.16,,,,47.68,46.05,49.15,,,,10.93,9.43,12.34,,,,7.97,6.42,9.39,,,,3.12,1.18,5.22,,,,1.0,-1.42,3.32,,,,6.91,5.33,8.39,,,,,,,,,,
2023-11-15,21.52,19.87,23.14,,,,47.69,46.02,49.16,,,,10.92,9.43,12.33,,,,7.97,6.42,9.38,,,,3.11,1.18,5.21,,,,1.0,-1.42,3.31,,,,6.93,5.33,8.42,,,,19.0,48.0,11.0,9.0,3.0,1.0,8.0
2023-11-16,21.5,19.89,23.1,,,,47.7,46.06,49.15,,,,10.91,9.42,12.32,,,,7.96,6.43,9.34,,,,3.1,1.2,5.19,,,,1.0,-1.4,3.31,,,,6.95,5.34,8.45,,,,,,,,,,
2023-11-17,21.48,19.9,23.08,,,,47.72,46.11,49.18,,,,10.91,9.4,12.31,,,,7.96,6.44,9.35,,,,3.1,1.21,5.16,,,,1.0,-1.39,3.33,,,,6.97,5.35,8.47,,,,,,,,,,
2023-11-18,21.46,19.89,23.04,,,,47.73,46.15,49.18,,,,10.9,9.38,12.31,,,,7.95,6.44,9.36,,,,3.09,1.22,5.14,,,,1.0,-1.37,3.34,,,,7.0,5.36,8.52,,,,,,,,,,
2023-11-19,21.44,19.86,22.99,,,,47.74,46.19,49.2,,,,10.89,9.36,12.3,,,,7.95,6.46,9.36,,,,3.09,1.24,5.14,,,,1.0,-1.36,3.35,,,,7.02,5.38,8.58,,,,,,,,,,
2023-11-20,21.41,19.83,22.94,,,,47.76,46.18,49.22,,,,10.88,9.34,12.29,,,,7.95,6.46,9.34,,,,3.08,1.24,5.14,,,,1.0,-1.35,3.34,,,,7.05,5.39,8.63,,,,,,,,,,
2023-11-21,21.39,19.8,22.88,,,,47.77,46.2,49.24,,,,10.87,9.33,12.28,,,,7.94,6.47,9.34,,,,3.07,1.23,5.13,,,,1.0,-1.34,3.34,,,,7.07,5.41,8.68,,,,,,,,,,
2023-11-22,21.37,19.78,22.83,,,,47.79,46.22,49.24,,,,10.86,9.31,12.28,,,,7.94,6.48,9.36,,,,3.07,1.24,5.14,,,,1.0,-1.33,3.32,,,,7.09,5.42,8.71,,,,,,,,,,
2023-11-23,21.35,19.75,22.78,,,,47.8,46.25,49.26,,,,10.84,9.3,12.27,,,,7.93,6.5,9.35,,,,3.06,1.27,5.14,,,,1.0,-1.31,3.28,,,,7.12,5.44,8.74,,,,23.0,45.0,13.0,8.0,2.0,1.0,7.0
2023-11-24,21.32,19.72,22.76,,,,47.82,46.26,49.28,,,,10.83,9.28,12.26,,,,7.93,6.49,9.34,,,,3.06,1.3,5.12,,,,1.0,-1.31,3.27,,,,7.14,5.46,8.77,,,,,,,,,,
2023-11-25,21.3,19.69,22.75,,,,47.83,46.27,49.3,,,,10.82,9.27,12.22,,,,7.92,6.48,9.34,,,,3.05,1.34,5.13,,,,1.0,-1.3,3.26,,,,7.17,5.48,8.79,,,,,,,,,,
2023-11-26,21.28,19.67,22.74,,,,47.84,46.28,49.33,,,,10.81,9.26,12.19,,,,7.92,6.47,9.33,,,,3.05,1.34,5.15,,,,1.0,-1.29,3.26,,,,7.19,5.5,8.83,,,,,,,,,,
2023-11-27,21.26,19.64,22.72,,,,47.86,46.28,49.35,,,,10.8,9.25,12.17,,,,7.92,6.46,9.32,,,,3.04,1.35,5.17,,,,1.0,-1.27,3.25,,,,7.22,5.53,8.88,,,,,,,,,,
2023-11-28,21.24,19.61,22.71,,,,47.87,46.29,49.36,,,,10.78,9.25,12.14,,,,7.91,6.45,9.28,,,,3.04,1.36,5.16,,,,1.0,-1.26,3.24,,,,7.24,5.55,8.92,,,,,,,,,,
2023-11-29,21.21,19.58,22.7,,,,47.88,46.3,49.36,,,,10.77,9.24,12.09,,,,7.91,6.44,9.27,,,,3.04,1.38,5.12,,,,1.0,-1.25,3.21,,,,7.27,5.57,8.97,,,,,,,,,,
2023-11-30,21.19,19.56,22.65,,,,47.9,46.3,49.36,,,,10.76,9.24,12.05,,,,7.9,6.44,9.27,,,,3.03,1.39,5.09,,,,1.0,-1.24,3.17,,,,7.29,5.6,9.02,,,,21.0,48.0,11.0,8.0,3.0,1.0,7.0
2023-12-01,21.17,19.53,22.6,,,,47.91,46.3,49.36,,,,10.75,9.21,12.02,,,,7.9,6.43,9.26,,,,3.03,1.37,5.12,,,,1.0,-1.23,3.14,,,,7.32,5.62,9.06,,,,,,,,,,
2023-12-02,21.15,19.53,22.57,,,,47.92,46.29,49.38,,,,10.73,9.18,12.01,,,,7.9,6.43,9.26,,,,3.03,1.36,5.13,,,,1.0,-1.23,3.11,,,,7.34,5.65,9.11,,,,,,,,,,
2023-12-03,21.13,19.53,22.56,,,,47.93,46.29,49.4,,,,10.72,9.17,12.0,,,,7.9,6.43,9.25,,,,3.02,1.33,5.12,,,,1.0,-1.21,3.14,,,,7.37,5.67,9.14,,,,,,,,,,
2023-12-04,21.11,19.52,22.53,,,,47.94,46.29,49.4,,,,10.71,9.18,12.0,,,,7.89,6.42,9.28,,,,3.02,1.31,5.06,,,,1.0,-1.23,3.12,,,,7.39,5.67,9.17,,,,,,,,,,
2023-12-05,21.09,19.53,22.51,,,,47.95,46.28,49.4,,,,10.69,9.18,12.0,,,,7.89,6.43,9.3,,,,3.02,1.3,5.01,,,,1.0,-1.24,3.1,,,,7.42,5.71,9.19,,,,,,,,,,
2023-12-06,21.07,19.53,22.5,,,,47.96,46.26,49.42,,,,10.68,9.17,12.0,,,,7.89,6.43,9.31,,,,3.02,1.26,4.97,,,,1.0,-1.25,3.07,,,,7.44,5.75,9.22,,,,,,,,,,
2023-12-07,21.05,19.54,22.48,,,,47.97,46.25,49.41,,,,10.66,9.17,12.01,,,,7.89,6.42,9.31,,,,3.02,1.21,4.96,,,,1.0,-1.27,3.03,,,,7.47,5.78,9.25,,,,21.0,48.0,11.0,8.0,3.0,1.0,8.0
2023-12-08,21.03,19.51,22.47,,,,47.98,46.28,49.41,,,,10.65,9.16,12.01,,,,7.89,6.41,9.31,,,,3.02,1.17,4.95,,,,1.0,-1.28,3.01,,,,7.49,5.81,9.28,,,,,,,,,,
2023-12-09,21.01,19.48,22.46,,,,47.98,46.3,49.43,,,,10.64,9.16,12.01,,,,7.88,6.44,9.32,,,,3.02,1.12,4.94,,,,1.0,-1.29,3.01,,,,7.52,5.86,9.31,,,,,,,,,,
2023-12-10,21.0,19.48,22.45,,,,47.99,46.3,49.49,,,,10.62,9.14,12.0,,,,7.88,6.44,9.32,,,,3.01,1.17,4.93,,,,1.0,-1.27,2.99,,,,7.54,5.9,9.34,,,,,,,,,,
2023-12-11,20.98,19.47,22.43,,,,48.0,46.3,49.5,,,,10.61,9.14,11.98,,,,7.88,6.45,9.31,,,,3.02,1.21,4.93,,,,1.0,-1.25,2.97,,,,7.57,5.94,9.36,,,,,,,,,,
2023-12-12,20.96,19.47,22.42,,,,48.0,46.3,49.51,,,,10.59,9.14,11.98,,,,7.88,6.45,9.31,,,,3.02,1.22,4.94,,,,1.0,-1.22,2.98,,,,7.59,5.98,9.38,,,,,,,,,,
2023-12-13,20.94,19.46,22.4,,,,48.01,46.3,49.52,,,,10.58,9.14,11.98,,,,7.88,6.47,9.31,,,,3.02,1.18,4.92,,,,1.0,-1.2,2.99,,,,7.62,6.02,9.41,,,,20.0,46.0,11.0,8.0,4.0,,9.0
2023-12-14,20.93,19.46,22.39,,,,48.01,46.31,49.52,,,,10.56,9.13,11.97,,,,7.88,6.48,9.31,,,,3.02,1.18,4.9,,,,1.0,-1.21,3.0,,,,7.64,6.06,9.44,,,,,,,,,,
2023-12-15,20.91,19.46,22.37,,,,48.01,46.32,49.53,,,,10.55,9.13,11.96,,,,7.88,6.49,9.31,,,,3.02,1.14,4.9,,,,1.0,-1.2,3.0,,,,7.67,6.1,9.46,,,,,,,,,,
2023-12-16,20.9,19.46,22.34,,,,48.02,46.32,49.53,,,,10.54,9.11,11.95,,,,7.88,6.49,9.31,,,,3.02,1.1,4.93,,,,1.0,-1.16,3.03,,,,7.69,6.12,9.48,,,,,,,,,,
2023-12-17,20.88,19.45,22.31,,,,48.02,46.33,49.53,,,,10.52,9.09,11.92,,,,7.88,6.49,9.3,,,,3.02,1.06,4.95,,,,1.0,-1.15,3.07,,,,7.72,6.15,9.5,,,,,,,,,,
2023-12-18,20.87,19.46,22.28,,,,48.02,46.34,49.53,,,,10.51,9.09,11.89,,,,7.88,6.5,9.28,,,,3.03,1.02,4.94,,,,1.0,-1.14,3.07,,,,7.74,6.19,9.52,,,,,,,,,,
2023-12-19,20.85,19.46,22.26,,,,48.02,46.34,49.53,,,,10.49,9.08,11.85,,,,7.88,6.5,9.27,,,,3.03,0.98,4.92,,,,1.0,-1.14,3.05,,,,7.77,6.23,9.55,,,,,,,,,,
2023-12-20,20.84,19.46,22.25,,,,48.03,46.35,49.53,,,,10.48,9.08,11.86,,,,7.88,6.51,9.25,,,,3.03,0.95,4.92,,,,1.0,-1.14,3.04,,,,7.79,6.27,9.56,,,,24.0,44.0,10.0,9.0,3.0,1.0,8.0
2023-12-21,20.82,19.45,22.25,,,,48.03,46.35,49.53,,,,10.47,9.07,11.86,,,,7.88,6.52,9.24,,,,3.04,0.97,4.94,,,,1.0,-1.16,3.06,,,,7.82,6.31,9.57,,,,,,,,,,
2023-12-22,20.81,19.44,22.24,,,,48.03,46.37,49.53,,,,10.45,9.06,11.87,,,,7.88,6.52,9.24,,,,3.04,1.01,4.96,,,,1.0,-1.18,3.03,,,,7.84,6.33,9.6,,,,,,,,,,
2023-12-23,20.79,19.43,22.21,,,,48.03,46.38,49.53,,,,10.44,9.06,11.87,,,,7.88,6.52,9.26,,,,3.04,1.0,4.98,,,,1.0,-1.2,3.04,,,,7.87,6.35,9.68,,,,,,,,,,
2023-12-24,20.78,19.42,22.21,,,,48.03,46.39,49.52,,,,10.42,9.04,11.82,,,,7.88,6.48,9.28,,,,3.05,0.95,5.0,,,,1.0,-1.23,3.05,,,,7.89,6.36,9.72,,,,,,,,,,
2023-12-25,20.77,19.38,22.2,,,,48.03,46.4,49.52,,,,10.41,8.98,11.8,,,,7.88,6.43,9.28,,,,3.05,0.97,4.98,,,,1.0,-1.25,3.06,,,,7.92,6.42,9.73,,,,,,,,,,
2023-12-26,20.75,19.31,22.19,,,,48.04,46.4,49.51,,,,10.4,8.95,11.77,,,,7.88,6.45,9.26,,,,3.05,0.96,4.97,,,,1.0,-1.27,3.07,,,,7.94,6.45,9.73,,,,,,,,,,
2023-12-27,20.74,19.25,22.18,,,,48.04,46.39,49.51,,,,10.38,8.95,11.75,,,,7.88,6.49,9.26,,,,3.06,0.91,4.99,,,,1.0,-1.29,3.08,,,,7.97,6.47,9.72,,,,,,,,,,
2023-12-28,20.72,19.18,22.16,,,,48.04,46.38,49.5,,,,10.37,8.96,11.74,,,,7.88,6.48,9.27,,,,3.06,0.86,5.01,,,,1.0,-1.31,3.09,,,,7.99,6.49,9.69,,,,,,,,,,
2023-12-29,20.71,19.11,22.15,,,,48.04,46.38,49.48,,,,10.35,8.95,11.73,,,,7.88,6.45,9.28,,,,3.07,0.82,5.02,,,,1.0,-1.33,3.12,,,,8.02,6.49,9.71,,,,,,,,,,
2023-12-30,20.7,19.09,22.14,,,,48.04,46.38,49.47,,,,10.34,8.96,11.72,,,,7.88,6.42,9.29,,,,3.07,0.79,5.04,,,,1.0,-1.36,3.15,,,,8.04,6.5,9.7,,,,,,,,,,
2023-12-31,20.68,19.1,22.12,,,,48.04,46.38,49.47,,,,10.33,8.95,11.72,,,,7.88,6.4,9.29,,,,3.08,0.76,5.06,,,,1.0,-1.38,3.19,,,,8.07,6.53,9.69,,,,,,,,,,
2024-01-01,20.67,19.12,22.1,,,,48.04,46.39,49.46,,,,10.31,8.98,11.7,,,,7.88,6.38,9.28,,,,3.08,0.73,5.11,,,,1.0,-1.41,3.21,,,,8.09,6.55,9.68,,,,,,,,,,
2024-01-02,20.66,19.15,22.07,,,,48.05,46.39,49.45,,,,10.3,8.97,11.68,,,,7.87,6.37,9.29,,,,3.09,0.7,5.16,,,,1.0,-1.43,3.21,,,,8.12,6.57,9.7,,,,,,,,,,
2024-01-03,20.65,19.15,22.05,,,,48.05,46.39,49.46,,,,10.29,8.93,11.66,,,,7.87,6.38,9.29,,,,3.09,0.68,5.2,,,,1.0,-1.48,3.22,,,,8.14,6.61,9.7,,,,20.0,50.0,11.0,7.0,3.0,1.0,6.0
2024-01-04,20.63,19.13,22.05,,,,48.05,46.39,49.45,,,,10.27,8.88,11.65,,,,7.87,6.38,9.29,,,,3.1,0.67,5.2,,,,1.0,-1.5,3.25,,,,8.17,6.66,9.72,,,,,,,,,,
2024-01-05,20.62,19.11,22.04,,,,48.05,46.39,49.44,,,,10.26,8.83,11.65,,,,7.87,6.39,9.29,,,,3.1,0.66,5.2,,,,1.0,-1.51,3.27,,,,8.19,6.67,9.75,,,,,,,,,,
2024-01-06,20.61,19.1,22.04,,,,48.05,46.39,49.42,,,,10.25,8.78,11.64,,,,7.87,6.41,9.29,,,,3.11,0.65,5.2,,,,1.0,-1.53,3.3,,,,8.22,6.69,9.77,,,,,,,,,,
2024-01-07,20.6,19.08,22.04,,,,48.05,46.39,49.42,,,,10.23,8.76,11.61,,,,7.86,6.41,9.31,,,,3.11,0.65,5.2,,,,1.0,-1.54,3.3,,,,8.24,6.72,9.79,,,,,,,,,,
2024-01-08,20.58,19.04,22.04,,,,48.05,46.4,49.44,,,,10.22,8.76,11.6,,,,7.86,6.44,9.31,,,,3.12,0.66,5.19,,,,1.0,-1.55,3.3,,,,8.27,6.74,9.81,,,,,,,,,,
2024-01-09,20.57,19.01,22.03,,,,48.06,46.4,49.47,,,,10.21,8.74,11.59,,,,7.86,6.45,9.3,,,,3.12,0.67,5.18,,,,1.0,-1.58,3.35,,,,8.29,6.77,9.85,,,,,,,,,,
2024-01-10,20.56,19.01,22.03,,,,48.06,46.4,49.5,,,,10.19,8.71,11.58,,,,7.86,6.46,9.33,,,,3.13,0.69,5.17,,,,1.0,-1.63,3.4,,,,8.32,6.8,9.89,,,,,,,,,,
2024-01-11,20.55,19.01,22.02,,,,48.06,46.39,49.51,,,,10.18,8.68,11.57,,,,7.85,6.47,9.36,,,,3.13,0.77,5.16,,,,1.0,-1.64,3.43,,,,8.34,6.82,9.92,,,,21.0,47.0,10.0,9.0,3.0,1.0,8.0
2024-01-12,20.54,18.99,22.02,,,,48.06,46.39,49.54,,,,10.17,8.66,11.56,,,,7.85,6.47,9.36,,,,3.14,0.84,5.15,,,,1.0,-1.64,3.43,,,,8.37,6.85,9.94,,,,,,,,,,
2024-01-13,20.52,18.98,22.01,,,,48.06,46.39,49.57,,,,10.16,8.64,11.55,,,,7.85,6.46,9.35,,,,3.14,0.82,5.14,,,,1.0,-1.59,3.48,,,,8.4,6.87,9.96,,,,,,,,,,
2024-01-14,20.51,18.98,22.0,,,,48.05,46.39,49.58,,,,10.14,8.62,11.54,,,,7.85,6.46,9.34,,,,3.15,0.8,5.14,,,,1.0,-1.6,3.51,,,,8.42,6.91,9.95,,,,,,,,,,
2024-01-15,20.5,18.98,21.99,,,,48.05,46.39,49.57,,,,10.13,8.6,11.53,,,,7.84,6.47,9.34,,,,3.15,0.84,5.17,,,,1.0,-1.6,3.54,,,,8.45,6.94,9.95,,,,,,,,,,
2024-01-16,20.49,18.98,21.98,,,,48.05,46.38,49.59,,,,10.12,8.59,11.53,,,,7.84,6.45,9.33,,,,3.15,0.86,5.21,,,,1.0,-1.61,3.57,,,,8.48,6.95,9.96,,,,,,,,,,
2024-01-17,20.48,18.97,21.96,,,,48.05,46.38,49.6,,,,10.11,8.57,11.52,,,,7.84,6.43,9.32,,,,3.16,0.87,5.25,,,,1.0,-1.61,3.6,,,,8.5,6.96,9.99,,,,20.0,49.0,9.0,8.0,2.0,1.0,9.0
2024-01-18,20.47,18.93,21.95,,,,48.05,46.37,49.61,,,,10.09,8.56,11.5,,,,7.83,6.41,9.3,,,,3.16,0.86,5.27,,,,1.0,-1.62,3.62,,,,8.53,6.97,10.04,,,,,,,,,,
2024-01-19,20.45,18.94,21.93,,,,48.04,46.37,49.62,,,,10.08,8.57,11.49,,,,7.83,6.4,9.29,,,,3.17,0.86,5.31,,,,1.0,-1.62,3.7,,,,8.56,6.98,10.06,,,,,,,,,,
2024-01-20,20.44,18.96,21.93,,,,48.04,46.35,49.62,,,,10.07,8.56,11.47,,,,7.83,6.41,9.29,,,,3.17,0.87,5.34,,,,1.0,-1.62,3.75,,,,8.59,7.0,10.09,,,,,,,,,,
2024-01-21,20.43,18.98,21.92,,,,48.03,46.34,49.62,,,,10.06,8.54,11.46,,,,7.83,6.42,9.28,,,,3.17,0.91,5.32,,,,1.0,-1.61,3.77,,,,8.62,7.01,10.14,,,,,,,,,,
2024-01-22,20.42,19.0,21.91,,,,48.03,46.32,49.62,,,,10.05,8.55,11.45,,,,7.82,6.43,9.26,,,,3.18,0.93,5.28,,,,1.0,-1.58,3.79,,,,8.65,7.03,10.19,,,,,,,,,,
2024-01-23,20.41,18.98,21.9,,,,48.02,46.32,49.63,,,,10.04,8.55,11.44,,,,7.82,6.44,9.27,,,,3.18,0.97,5.24,,,,1.0,-1.55,3.8,,,,8.68,7.05,10.24,,,,,,,,,,
2024-01-24,20.4,18.97,21.88,,,,48.02,46.32,49.61,,,,10.02,8.53,11.42,,,,7.82,6.43,9.27,,,,3.18,1.01,5.21,,,,1.0,-1.51,3.81,,,,8.71,7.13,10.27,,,,19.0,53.0,9.0,6.0,4.0,1.0,9.0
2024-01-25,20.38,18.98,21.87,,,,48.01,46.32,49.58,,,,10.01,8.52,11.42,,,,7.82,6.42,9.27,,,,3.19,1.0,5.17,,,,1.0,-1.46,3.83,,,,8.74,7.21,10.27,,,,,,,,,,
2024-01-26,20.37,18.97,21.85,,,,48.0,46.32,49.56,,,,10.0,8.51,11.42,,,,7.82,6.41,9.26,,,,3.19,0.98,5.12,,,,1.0,-1.47,3.85,,,,8.77,7.24,10.28,,,,,,,,,,
2024-01-27,20.36,18.94,21.83,,,,47.99,46.32,49.55,,,,9.99,8.49,11.41,,,,7.81,6.43,9.26,,,,3.19,0.96,5.08,,,,1.0,-1.49,3.88,,,,8.8,7.27,10.28,,,,,,,,,,
2024-01-28,20.35,18.92,21.81,,,,47.99,46.32,49.55,,,,9.98,8.49,11.38,,,,7.81,6.45,9.27,,,,3.19,0.94,5.07,,,,1.0,-1.5,3.87,,,,8.83,7.32,10.3,,,,,,,,,,
2024-01-29,20.34,18.9,21.79,,,,47.98,46.3,49.55,,,,9.97,8.48,11.36,,,,7.81,6.44,9.28,,,,3.19,0.96,5.09,,,,1.0,-1.46,3.84,,,,8.86,7.38,10.33,,,,,,,,,,
2024-01-30,20.32,18.88,21.77,,,,47.97,46.28,49.55,,,,9.96,8.48,11.34,,,,7.81,6.43,9.31,,,,3.2,0.98,5.1,,,,1.0,-1.38,3.8,,,,8.9,7.43,10.37,,,,,,,,,,
2024-01-31,20.31,18.86,21.75,,,,47.96,46.29,49.55,,,,9.95,8.46,11.32,,,,7.81,6.42,9.33,,,,3.2,1.0,5.12,,,,1.0,-1.33,3.77,,,,8.93,7.45,10.41,,,,20.0,50.0,10.0,7.0,3.0,1.0,8.0
2024-02-01,20.3,18.85,21.74,,,,47.95,46.27,49.52,,,,9.94,8.44,11.31,,,,7.81,6.41,9.35,,,,3.2,1.03,5.12,,,,1.0,-1.32,3.73,,,,8.96,7.48,10.43,,,,,,,,,,
2024-02-02,20.29,18.85,21.74,,,,47.94,46.25,49.49,,,,9.92,8.42,11.29,,,,7.81,6.4,9.35,,,,3.2,1.06,5.09,,,,1.0,-1.36,3.69,,,,8.99,7.5,10.45,,,,,,,,,,
2024-02-03,20.28,18.83,21.72,,,,47.93,46.22,49.49,,,,9.91,8.41,11.29,,,,7.81,6.4,9.33,,,,3.2,1.08,5.09,,,,1.0,-1.39,3.69,,,,9.03,7.57,10.49,,,,,,,,,,
2024-02-04,20.27,18.79,21.71,,,,47.92,46.2,49.52,,,,9.91,8.4,11.3,,,,7.81,6.39,9.31,,,,3.2,1.07,5.03,,,,1.0,-1.43,3.66,,,,9.06,7.61,10.52,,,,,,,,,,
2024-02-05,20.25,18.78,21.7,,,,47.9,46.18,49.5,,,,9.9,8.39,11.3,,,,7.81,6.38,9.3,,,,3.2,1.06,5.01,,,,1.0,-1.45,3.63,,,,9.09,7.65,10.54,,,,,,,,,,
2024-02-06,20.24,18.79,21.7,,,,47.89,46.17,49.48,,,,9.89,8.39,11.3,,,,7.8,6.38,9.32,,,,3.2,1.05,5.01,,,,1.0,-1.48,3.61,,,,9.13,7.67,10.57,,,,,,,,,,
2024-02-07,20.23,18.76,21.69,,,,47.88,46.15,49.45,,,,9.88,8.41,11.29,,,,7.8,6.39,9.31,,,,3.2,1.04,4.99,,,,1.0,-1.47,3.63,,,,9.16,7.68,10.6,,,,,,,,,,
2024-02-08,20.22,18.73,21.68,,,,47.87,46.13,49.42,,,,9.87,8.4,11.31,,,,7.8,6.39,9.31,,,,3.2,1.04,5.0,,,,1.0,-1.45,3.64,,,,9.19,7.71,10.61,,,,21.0,48.0,9.0,8.0,3.0,,9.0
2024-02-09,20.21,18.71,21.68,,,,47.85,46.1,49.39,,,,9.86,8.39,11.31,,,,7.8,6.39,9.32,,,,3.2,1.03,5.02,,,,1.0,-1.38,3.65,,,,9.23,7.73,10.66,,,,,,,,,,
2024-02-10,20.19,18.68,21.67,,,,47.84,46.08,49.36,,,,9.85,8.38,11.29,,,,7.8,6.4,9.33,,,,3.2,1.0,5.05,,,,1.0,-1.31,3.66,,,,9.26,7.74,10.69,,,,,,,,,,
2024-02-11,20.18,18.66,21.66,,,,47.82,46.08,49.33,,,,9.84,8.38,11.28,,,,7.8,6.41,9.35,,,,3.2,0.95,5.08,,,,1.0,-1.27,3.68,,,,9.3,7.77,10.72,,,,,,,,,,
2024-02-12,20.17,18.63,21.65,,,,47.81,46.07,49.34,,,,9.84,8.37,11.27,,,,7.8,6.42,9.36,,,,3.19,0.91,5.1,,,,1.0,-1.32,3.69,,,,9.33,7.81,10.74,,,,,,,,,,
2024-02-13,20.16,18.62,21.65,,,,47.79,46.04,49.35,,,,9.83,8.36,11.25,,,,7.8,6.43,9.37,,,,3.19,0.92,5.08,,,,1.0,-1.34,3.69,,,,9.37,7.85,10.76,,,,,,,,,,
2024-02-14,20.14,18.62,21.64,,,,47.78,46.01,49.37,,,,9.82,8.36,11.23,,,,7.8,6.41,9.38,,,,3.19,0.92,5.1,,,,1.0,-1.32,3.7,,,,9.4,7.89,10.78,,,,,,,,,,
2024-02-15,20.13,18.6,21.63,,,,47.76,46.01,49.38,,,,9.82,8.34,11.22,,,,7.8,6.4,9.39,,,,3.19,0.9,5.08,,,,1.0,-1.3,3.7,,,,9.44,7.94,10.84,,,,23.0,45.0,10.0,8.0,4.0,,8.0
2024-02-16,20.12,18.59,21.62,,,,47.75,46.0,49.35,,,,9.81,8.33,11.2,,,,7.8,6.41,9.4,,,,3.18,0.88,5.06,,,,1.0,-1.28,3.69,,,,9.47,7.98,10.88,,,,,,,,,,
2024-02-17,20.11,18.58,21.61,,,,47.73,46.0,49.33,,,,9.8,8.31,11.17,,,,7.8,6.41,9.4,,,,3.18,0.86,5.05,,,,1.0,-1.26,3.69,,,,9.51,8.01,10.9,,,,,,,,,,
2024-02-18,20.09,18.58,21.6,,,,47.71,45.99,49.31,,,,9.8,8.3,11.16,,,,7.8,6.41,9.41,,,,3.18,0.86,5.05,,,,1.0,-1.26,3.68,,,,9.54,8.05,10.94,,,,,,,,,,
2024-02-19,20.08,18.58,21.59,,,,47.69,45.95,49.28,,,,9.79,8.28,11.16,,,,7.8,6.41,9.42,,,,3.18,0.83,5.07,,,,1.0,-1.28,3.76,,,,9.58,8.09,10.97,,,,,,,,,,
2024-02-20,20.07,18.58,21.58,,,,47.68,45.91,49.26,,,,9.79,8.27,11.17,,,,7.8,6.41,9.43,,,,3.17,0.8,5.11,,,,1.0,-1.29,3.84,,,,9.61,8.13,11.0,,,,,,,,,,
2024-02-21,20.05,18.56,21.57,,,,47.66,45.87,49.23,,,,9.78,8.26,11.18,,,,7.8,6.41,9.43,,,,3.17,0.81,5.14,,,,1.0,-1.31,3.82,,,,9.64,8.17,11.03,,,,18.0,49.0,10.0,7.0,4.0,1.0,10.0
2024-02-22,20.04,18.57,21.56,,,,47.64,45.84,49.19,,,,9.78,8.25,11.19,,,,7.8,6.41,9.44,,,,3.17,0.78,5.18,,,,1.0,-1.32,3.87,,,,9.68,8.21,11.05,,,,,,,,,,
2024-02-23,20.02,18.57,21.54,,,,47.63,45.84,49.16,,,,9.77,8.23,11.19,,,,7.8,6.4,9.45,,,,3.17,0.74,5.22,,,,1.0,-1.29,3.93,,,,9.71,8.25,11.04,,,,,,,,,,
2024-02-24,20.01,18.57,21.53,,,,47.61,45.83,49.13,,,,9.77,8.24,11.2,,,,7.8,6.4,9.45,,,,3.16,0.73,5.22,,,,1.0,-1.25,3.94,,,,9.75,8.29,11.04,,,,,,,,,,
2024-02-25,19.99,18.55,21.51,,,,47.59,45.83,49.09,,,,9.77,8.25,11.23,,,,7.81,6.39,9.46,,,,3.16,0.72,5.21,,,,1.0,-1.23,3.97,,,,9.78,8.31,11.06,,,,,,,,,,
2024-02-26,19.98,18.52,21.5,,,,47.58,45.8,49.06,,,,9.76,8.23,11.25,,,,7.81,6.38,9.46,,,,3.16,0.73,5.2,,,,1.0,-1.19,4.02,,,,9.81,8.35,11.09,,,,,,,,,,
2024-02-27,19.96,18.5,21.49,,,,47.56,45.78,49.04,,,,9.76,8.25,11.27,,,,7.81,6.38,9.47,,,,3.16,0.73,5.19,,,,1.0,-1.21,4.06,,,,9.85,8.38,11.15,,,,,,,,,,
2024-02-28,19.94,18.47,21.48,,,,47.54,45.75,49.02,,,,9.76,8.25,11.28,,,,7.81,6.37,9.46,,,,3.15,0.74,5.18,,,,1.0,-1.25,4.06,,,,9.88,8.4,11.2,,,,,,,,,,
2024-02-29,19.93,18.44,21.47,,,,47.53,45.72,49.02,,,,9.75,8.24,11.3,,,,7.81,6.37,9.47,,,,3.15,0.77,5.17,,,,1.0,-1.3,4.04,,,,9.91,8.43,11.2,,,,19.0,49.0,8.0,9.0,3.0,,11.0
2024-03-01,19.91,18.4,21.45,,,,47.51,45.7,49.03,,,,9.75,8.25,11.31,,,,7.82,6.36,9.47,,,,3.15,0.81,5.16,,,,1.0,-1.31,4.02,,,,9.94,8.48,11.23,,,,,,,,,,
2024-03-02,19.89,18.38,21.44,,,,47.49,45.68,49.03,,,,9.75,8.27,11.33,,,,7.82,6.37,9.47,,,,3.15,0.85,5.14,,,,1.0,-1.33,3.99,,,,9.98,8.51,11.28,,,,,,,,,,
2024-03-03,19.87,18.36,21.42,,,,47.48,45.65,49.03,,,,9.74,8.26,11.34,,,,7.82,6.37,9.48,,,,3.14,0.87,5.12,,,,1.0,-1.32,3.96,,,,10.01,8.54,11.31,,,,,,,,,,
2024-03-04,19.86,18.34,21.41,,,,47.46,45.64,49.03,,,,9.74,8.25,11.34,,,,7.82,6.36,9.48,,,,3.14,0.82,5.1,,,,1.0,-1.31,3.92,,,,10.04,8.57,11.33,,,,,,,,,,
2024-03-05,19.84,18.32,21.39,,,,47.45,45.62,49.03,,,,9.74,8.25,11.33,,,,7.83,6.37,9.48,,,,3.14,0.8,5.08,,,,1.0,-1.37,3.88,,,,10.07,8.61,11.34,,,,,,,,,,
2024-03-06,19.82,18.31,21.37,,,,47.43,45.61,49.03,,,,9.74,8.26,11.32,,,,7.83,6.38,9.48,,,,3.14,0.81,5.05,,,,1.0,-1.4,3.8,,,,10.1,8.64,11.38,,,,,,,,,,
2024-03-07,19.8,18.29,21.35,,,,47.42,45.59,49.03,,,,9.74,8.27,11.31,,,,7.83,6.4,9.47,,,,3.13,0.83,5.08,,,,1.0,-1.36,3.75,,,,10.13,8.68,11.41,,,,19.0,49.0,10.0,8.0,3.0,,9.0
2024-03-08,19.78,18.27,21.33,,,,47.4,45.58,49.02,,,,9.73,8.27,11.3,,,,7.84,6.42,9.46,,,,3.13,0.84,5.08,,,,1.0,-1.37,3.79,,,,10.16,8.73,11.44,,,,,,,,,,
2024-03-09,19.77,18.25,21.31,,,,47.39,45.57,49.01,,,,9.73,8.25,11.29,,,,7.84,6.43,9.44,,,,3.13,0.86,5.07,,,,1.0,-1.43,3.77,,,,10.18,8.76,11.47,,,,,,,,,,
2024-03-10,19.75,18.23,21.29,,,,47.38,45.55,49.0,,,,9.73,8.24,11.28,,,,7.85,6.43,9.44,,,,3.13,0.87,5.07,,,,1.0,-1.46,3.77,,,,10.21,8.79,11.48,,,,,,,,,,
2024-03-11,19.73,18.22,21.27,,,,47.36,45.54,48.99,,,,9.73,8.21,11.27,,,,7.85,6.4,9.43,,,,3.13,0.87,5.05,,,,1.0,-1.47,3.79,,,,10.24,8.83,11.5,,,,,,,,,,
2024-03-12,19.71,18.2,21.25,,,,47.35,45.53,48.98,,,,9.73,8.23,11.26,,,,7.85,6.42,9.43,,,,3.12,0.86,5.04,,,,1.0,-1.48,3.8,,,,10.27,8.86,11.53,,,,,,,,,,
2024-03-13,19.69,18.18,21.22,,,,47.34,45.52,48.97,,,,9.73,8.22,11.25,,,,7.86,6.43,9.42,,,,3.12,0.83,5.02,,,,1.0,-1.43,3.8,,,,10.29,8.89,11.55,,,,20.0,48.0,11.0,7.0,3.0,,10.0
2024-03-14,19.67,18.17,21.21,,,,47.32,45.52,48.96,,,,9.72,8.24,11.24,,,,7.86,6.45,9.41,,,,3.12,0.85,5.0,,,,1.0,-1.48,3.81,,,,10.32,8.92,11.58,,,,,,,,,,
2024-03-15,19.66,18.16,21.19,,,,47.31,45.51,48.93,,,,9.72,8.26,11.23,,,,7.86,6.48,9.41,,,,3.11,0.84,4.98,,,,1.0,-1.52,3.81,,,,10.34,8.95,11.61,,,,,,,,,,
2024-03-16,19.64,18.16,21.17,,,,47.3,45.5,48.89,,,,9.72,8.28,11.23,,,,7.87,6.48,9.4,,,,3.11,0.83,4.96,,,,1.0,-1.5,3.81,,,,10.37,8.99,11.6,,,,,,,,,,
2024-03-17,19.62,18.16,21.17,,,,47.28,45.5,48.86,,,,9.72,8.28,11.23,,,,7.87,6.51,9.39,,,,3.11,0.82,4.97,,,,1.0,-1.48,3.82,,,,10.39,9.03,11.62,,,,,,,,,,
2024-03-18,19.6,18.16,21.15,,,,47.27,45.5,48.81,,,,9.72,8.31,11.23,,,,7.87,6.52,9.38,,,,3.1,0.82,5.01,,,,1.0,-1.5,3.85,,,,10.42,9.04,11.66,,,,,,,,,,
2024-03-19,19.58,18.16,21.12,,,,47.26,45.5,48.77,,,,9.73,8.31,11.23,,,,7.87,6.54,9.37,,,,3.1,0.78,5.06,,,,1.0,-1.52,3.89,,,,10.44,9.09,11.7,,,,,,,,,,
2024-03-20,19.57,18.14,21.1,,,,47.24,45.51,48.77,,,,9.73,8.31,11.22,,,,7.88,6.55,9.35,,,,3.1,0.73,5.09,,,,1.0,-1.48,3.87,,,,10.47,9.1,11.72,,,,19.0,47.0,11.0,8.0,3.0,1.0,10.0
2024-03-21,19.55,18.13,21.07,,,,47.23,45.52,48.73,,,,9.73,8.32,11.23,,,,7.88,6.54,9.35,,,,3.09,0.68,5.13,,,,1.01,-1.45,3.9,,,,10.49,9.11,11.72,,,,,,,,,,
2024-03-22,19.53,18.11,21.04,,,,47.21,45.53,48.7,,,,9.74,8.33,11.23,,,,7.88,6.54,9.33,,,,3.09,0.63,5.14,,,,1.01,-1.5,3.86,,,,10.52,9.11,11.72,,,,,,,,,,
2024-03-23,19.51,18.1,21.01,,,,47.19,45.54,48.71,,,,9.75,8.32,11.22,,,,7.88,6.54,9.32,,,,3.08,0.61,5.12,,,,1.01,-1.56,3.83,,,,10.54,9.13,11.74,,,,,,,,,,
2024-03-24,19.49,18.11,20.98,,,,47.17,45.55,48.71,,,,9.75,8.32,11.23,,,,7.89,6.55,9.31,,,,3.08,0.64,5.11,,,,1.01,-1.57,3.79,,,,10.57,9.14,11.77,,,,,,,,,,
2024-03-25,19.47,18.09,20.95,,,,47.15,45.56,48.71,,,,9.76,8.36,11.25,,,,7.89,6.55,9.31,,,,3.07,0.67,5.09,,,,1.01,-1.58,3.76,,,,10.6,9.18,11.81,,,,,,,,,,
2024-03-26,19.45,18.08,20.91,,,,47.13,45.57,48.67,,,,9.77,8.38,11.25,,,,7.89,6.56,9.3,,,,3.07,0.69,5.08,,,,1.01,-1.55,3.74,,,,10.62,9.21,11.84,,,,,,,,,,
2024-03-27,19.43,18.08,20.86,,,,47.11,45.56,48.62,,,,9.79,8.39,11.26,,,,7.89,6.56,9.3,,,,3.06,0.72,5.06,,,,1.01,-1.5,3.72,,,,10.65,9.23,11.85,,,,21.0,43.0,11.0,8.0,4.0,1.0,11.0
2024-03-28,19.41,18.08,20.82,,,,47.08,45.52,48.56,,,,9.8,8.4,11.27,,,,7.9,6.57,9.29,,,,3.06,0.73,5.04,,,,1.02,-1.47,3.7,,,,10.67,9.25,11.89,,,,,,,,,,
2024-03-29,19.39,18.08,20.78,,,,47.05,45.49,48.51,,,,9.81,8.42,11.3,,,,7.9,6.58,9.29,,,,3.05,0.73,4.99,,,,1.02,-1.49,3.68,,,,10.7,9.28,11.93,,,,,,,,,,
2024-03-30,19.38,18.09,20.74,,,,47.02,45.48,48.48,,,,9.83,8.44,11.31,,,,7.9,6.59,9.28,,,,3.04,0.73,4.99,,,,1.02,-1.55,3.64,,,,10.73,9.3,11.98,,,,,,,,,,
2024-03-31,19.36,18.07,20.69,,,,46.99,45.47,48.45,,,,9.85,8.48,11.31,,,,7.9,6.6,9.29,,,,3.04,0.73,4.99,,,,1.02,-1.55,3.61,,,,10.76,9.34,12.01,,,,,,,,,,
2024-04-01,19.34,18.03,20.64,,,,46.96,45.47,48.4,,,,9.87,8.5,11.31,,,,7.9,6.61,9.27,,,,3.03,0.74,4.97,,,,1.02,-1.52,3.58,,,,10.79,9.37,12.02,,,,,,,,,,
2024-04-02,19.32,18.04,20.6,,,,46.92,45.46,48.34,,,,9.89,8.54,11.3,,,,7.91,6.63,9.26,,,,3.02,0.76,4.95,,,,1.02,-1.5,3.61,,,,10.82,9.4,12.01,,,,,,,,,,
2024-04-03,19.3,18.05,20.59,,,,46.88,45.46,48.32,,,,9.91,8.58,11.3,,,,7.91,6.64,9.26,,,,3.01,0.77,4.93,,,,1.03,-1.48,3.6,,,,10.85,9.43,12.02,,,,20.0,43.0,9.0,9.0,3.0,1.0,14.0
2024-04-04,19.28,18.02,20.58,,,,46.84,45.45,48.31,,,,9.94,8.63,11.31,,,,7.91,6.66,9.25,,,,3.01,0.8,4.91,,,,1.03,-1.46,3.61,,,,10.88,9.48,12.07,,,,,,,,,,
2024-04-05,19.26,17.99,20.55,,,,46.79,45.44,48.2,,,,9.97,8.64,11.31,,,,7.91,6.68,9.25,,,,3.0,0.82,4.89,,,,1.03,-1.43,3.65,,,,10.91,9.55,12.17,,,,,,,,,,
2024-04-06,19.25,17.99,20.53,,,,46.75,45.38,48.16,,,,9.99,8.69,11.33,,,,7.91,6.69,9.24,,,,2.99,0.85,4.9,,,,1.03,-1.39,3.7,,,,10.94,9.58,12.22,,,,,,,,,,
2024-04-07,19.23,17.99,20.5,,,,46.7,45.37,48.12,,,,10.02,8.74,11.35,,,,7.91,6.72,9.24,,,,2.98,0.88,4.87,,,,1.03,-1.32,3.71,,,,10.98,9.6,12.25,,,,,,,,,,
2024-04-08,19.21,17.97,20.47,,,,46.65,45.34,48.05,,,,10.06,8.78,11.41,,,,7.92,6.74,9.24,,,,2.98,0.91,4.88,,,,1.04,-1.28,3.69,,,,11.01,9.62,12.28,,,,,,,,,,
2024-04-09,19.19,17.92,20.44,,,,46.6,45.32,48.03,,,,10.09,8.79,11.46,,,,7.92,6.75,9.23,,,,2.97,0.93,4.89,,,,1.04,-1.27,3.66,,,,11.05,9.62,12.3,,,,,,,,,,
2024-04-10,19.18,17.9,20.41,,,,46.54,45.27,47.99,,,,10.12,8.81,11.48,,,,7.92,6.77,9.22,,,,2.96,0.95,4.9,,,,1.04,-1.28,3.63,,,,11.08,9.63,12.33,,,,,,,,,,
2024-04-11,19.16,17.89,20.38,,,,46.49,45.2,47.94,,,,10.16,8.87,11.5,,,,7.92,6.78,9.22,,,,2.95,0.98,4.89,,,,1.04,-1.26,3.6,,,,11.11,9.67,12.35,,,,21.0,46.0,8.0,8.0,3.0,1.0,12.0
2024-04-12,19.15,17.89,20.37,,,,46.43,45.14,47.88,,,,10.19,8.92,11.53,,,,7.92,6.8,9.24,,,,2.94,0.99,4.87,,,,1.04,-1.22,3.58,,,,11.15,9.74,12.37,,,,,,,,,,
2024-04-13,19.13,17.88,20.37,,,,46.37,45.07,47.83,,,,10.23,8.98,11.53,,,,7.92,6.8,9.25,,,,2.94,0.98,4.85,,,,1.04,-1.19,3.55,,,,11.18,9.79,12.39,,,,,,,,,,
2024-04-14,19.12,17.88,20.36,,,,46.32,45.02,47.77,,,,10.26,9.03,11.55,,,,7.92,6.8,9.26,,,,2.93,0.98,4.83,,,,1.05,-1.16,3.51,,,,11.22,9.84,12.41,,,,,,,,,,
2024-04-15,19.1,17.88,20.34,,,,46.26,44.97,47.71,,,,10.3,9.07,11.6,,,,7.92,6.82,9.27,,,,2.92,0.97,4.8,,,,1.05,-1.14,3.51,,,,11.25,9.93,12.43,,,,,,,,,,
2024-04-16,19.09,17.87,20.31,,,,46.2,44.93,47.65,,,,10.34,9.11,11.61,,,,7.92,6.84,9.27,,,,2.91,0.95,4.79,,,,1.05,-1.11,3.49,,,,11.29,9.96,12.45,,,,,,,,,,
2024-04-17,19.08,17.87,20.3,,,,46.13,44.84,47.61,,,,10.38,9.14,11.65,,,,7.92,6.82,9.28,,,,2.9,0.92,4.76,,,,1.05,-1.09,3.44,,,,11.32,10.01,12.49,,,,21.0,45.0,10.0,8.0,2.0,1.0,11.0
2024-04-18,19.07,17.86,20.28,,,,46.07,44.75,47.55,,,,10.42,9.17,11.68,,,,7.92,6.81,9.29,,,,2.9,0.94,4.73,,,,1.05,-1.07,3.37,,,,11.35,10.05,12.5,,,,,,,,,,
2024-04-19,19.05,17.86,20.27,,,,46.01,44.71,47.48,,,,10.46,9.21,11.74,,,,7.92,6.8,9.3,,,,2.89,0.95,4.69,,,,1.05,-1.05,3.31,,,,11.39,10.08,12.54,,,,,,,,,,
2024-04-20,19.04,17.85,20.26,,,,45.95,44.65,47.41,,,,10.5,9.25,11.81,,,,7.92,6.81,9.3,,,,2.88,0.94,4.69,,,,1.05,-1.01,3.32,,,,11.42,10.12,12.58,,,,,,,,,,
2024-04-21,19.03,17.85,20.25,,,,45.88,44.57,47.35,,,,10.54,9.29,11.84,,,,7.92,6.85,9.31,,,,2.87,0.93,4.69,,,,1.05,-0.95,3.34,,,,11.45,10.16,12.62,,,,,,,,,,
2024-04-22,19.02,17.86,20.24,,,,45.82,44.49,47.28,,,,10.58,9.34,11.9,,,,7.92,6.84,9.31,,,,2.87,0.93,4.69,,,,1.06,-0.91,3.36,,,,11.49,10.2,12.66,,,,,,,,,,
2024-04-23,19.01,17.86,20.23,,,,45.76,44.42,47.22,,,,10.62,9.38,11.96,,,,7.92,6.84,9.29,,,,2.86,0.93,4.68,,,,1.06,-0.9,3.38,,,,11.52,10.24,12.69,,,,,,,,,,
2024-04-24,19.0,17.86,20.22,,,,45.7,44.35,47.13,,,,10.66,9.41,11.99,,,,7.92,6.83,9.28,,,,2.85,0.94,4.68,,,,1.06,-0.89,3.36,,,,11.55,10.28,12.73,,,,18.0,49.0,10.0,7.0,3.0,,11.0
2024-04-25,19.0,17.86,20.23,,,,45.63,44.27,47.09,,,,10.7,9.43,12.05,,,,7.92,6.84,9.27,,,,2.85,0.97,4.68,,,,1.06,-0.88,3.36,,,,11.58,10.32,12.77,,,,,,,,,,
2024-04-26,18.99,17.86,20.24,,,,45.57,44.2,47.02,,,,10.73,9.48,12.11,,,,7.92,6.83,9.27,,,,2.84,1.01,4.68,,,,1.06,-0.88,3.37,,,,11.61,10.35,12.79,,,,,,,,,,
2024-04-27,18.98,17.86,20.24,,,,45.51,44.12,46.97,,,,10.77,9.53,12.16,,,,7.92,6.82,9.27,,,,2.83,1.03,4.65,,,,1.06,-0.87,3.39,,,,11.64,10.39,12.82,,,,,,,,,,
2024-04-28,18.97,17.85,20.24,,,,45.45,44.06,46.92,,,,10.81,9.55,12.22,,,,7.91,6.82,9.25,,,,2.83,1.07,4.67,,,,1.06,-0.87,3.4,,,,11.67,10.43,12.86,,,,,,,,,,
2024-04-29,18.97,17.86,20.2,,,,45.39,44.01,46.88,,,,10.85,9.57,12.27,,,,7.91,6.81,9.22,,,,2.82,1.04,4.63,,,,1.06,-0.86,3.4,,,,11.7,10.47,12.89,,,,,,,,,,
2024-04-30,18.96,17.86,20.16,,,,45.33,43.94,46.84,,,,10.89,9.59,12.32,,,,7.91,6.81,9.23,,,,2.82,1.02,4.61,,,,1.06,-0.86,3.35,,,,11.72,10.5,12.92,,,,,,,,,,
2024-05-01,18.96,17.85,20.16,,,,45.27,43.9,46.79,,,,10.92,9.61,12.36,,,,7.91,6.81,9.24,,,,2.81,0.99,4.62,,,,1.06,-0.87,3.33,,,,11.75,10.54,12.95,,,,17.0,45.0,10.0,8.0,2.0,1.0,14.0
2024-05-02,18.95,17.82,20.15,,,,45.21,43.88,46.75,,,,10.96,9.62,12.41,,,,7.91,6.8,9.23,,,,2.81,0.96,4.63,,,,1.06,-0.88,3.3,,,,11.78,10.57,12.97,,,,,,,,,,
2024-05-03,18.94,17.79,20.15,,,,45.16,43.85,46.75,,,,11.0,9.64,12.45,,,,7.91,6.8,9.22,,,,2.8,0.96,4.64,,,,1.06,-0.86,3.3,,,,11.8,10.61,12.99,,,,,,,,,,
2024-05-04,18.94,17.77,20.15,,,,45.1,43.81,46.75,,,,11.03,9.7,12.49,,,,7.91,6.81,9.21,,,,2.79,0.97,4.64,,,,1.06,-0.86,3.29,,,,11.82,10.64,13.01,,,,,,,,,,
2024-05-05,18.93,17.79,20.14,,,,45.05,43.75,46.71,,,,11.07,9.76,12.52,,,,7.91,6.81,9.2,,,,2.79,0.97,4.65,,,,1.06,-0.87,3.29,,,,11.85,10.67,13.04,,,,,,,,,,
2024-05-06,18.93,17.8,20.14,,,,44.99,43.71,46.68,,,,11.1,9.81,12.55,,,,7.91,6.81,9.19,,,,2.79,0.98,4.63,,,,1.06,-0.87,3.28,,,,11.87,10.7,13.06,,,,,,,,,,
2024-05-07,18.93,17.82,20.13,,,,44.94,43.68,46.64,,,,11.13,9.84,12.58,,,,7.9,6.81,9.18,,,,2.78,0.96,4.62,,,,1.07,-0.87,3.28,,,,11.89,10.73,13.09,,,,,,,,,,
2024-05-08,18.92,17.84,20.11,,,,44.89,43.63,46.61,,,,11.17,9.87,12.61,,,,7.9,6.8,9.17,,,,2.78,0.94,4.61,,,,1.07,-0.87,3.28,,,,11.92,10.75,13.11,,,,16.0,50.0,9.0,8.0,3.0,1.0,11.0
2024-05-09,18.92,17.85,20.09,,,,44.84,43.54,46.57,,,,11.2,9.89,12.64,,,,7.9,6.81,9.16,,,,2.77,0.92,4.59,,,,1.07,-0.87,3.27,,,,11.94,10.78,13.14,,,,,,,,,,
2024-05-10,18.91,17.87,20.08,,,,44.79,43.46,46.53,,,,11.23,9.92,12.66,,,,7.9,6.82,9.16,,,,2.77,0.89,4.58,,,,1.07,-0.87,3.27,,,,11.96,10.81,13.15,,,,,,,,,,
2024-05-11,18.91,17.87,20.08,,,,44.74,43.4,46.49,,,,11.26,9.94,12.71,,,,7.9,6.82,9.17,,,,2.76,0.87,4.57,,,,1.07,-0.87,3.26,,,,11.98,10.85,13.17,,,,,,,,,,
2024-05-12,18.9,17.86,20.09,,,,44.69,43.35,46.43,,,,11.29,9.96,12.77,,,,7.9,6.82,9.17,,,,2.76,0.82,4.56,,,,1.07,-0.87,3.26,,,,12.0,10.86,13.19,,,,,,,,,,
2024-05-13,18.9,17.86,20.08,,,,44.65,43.3,46.36,,,,11.32,9.99,12.84,,,,7.9,6.82,9.18,,,,2.76,0.76,4.55,,,,1.07,-0.87,3.26,,,,12.01,10.89,13.21,,,,,,,,,,
2024-05-14,18.9,17.85,20.07,,,,44.6,43.22,46.31,,,,11.35,10.02,12.88,,,,7.9,6.81,9.18,,,,2.75,0.69,4.53,,,,1.07,-0.86,3.26,,,,12.03,10.91,13.23,,,,,,,,,,
2024-05-15,18.89,17.84,20.06,,,,44.56,43.19,46.28,,,,11.38,10.04,12.91,,,,7.89,6.82,9.17,,,,2.75,0.62,4.51,,,,1.07,-0.86,3.26,,,,12.05,10.94,13.24,,,,,,,,,,
2024-05-16,18.89,17.84,20.05,,,,44.52,43.12,46.26,,,,11.41,10.06,12.95,,,,7.89,6.82,9.15,,,,2.75,0.59,4.5,,,,1.07,-0.86,3.25,,,,12.06,10.96,13.26,,,,18.0,48.0,10.0,10.0,4.0,1.0,9.0
2024-05-17,18.88,17.83,20.05,,,,44.48,43.05,46.24,,,,11.43,10.08,12.98,,,,7.89,6.81,9.14,,,,2.74,0.57,4.48,,,,1.07,-0.84,3.25,,,,12.08,10.97,13.27,,,,,,,,,,
2024-05-18,18.88,17.83,20.06,,,,44.44,42.99,46.22,,,,11.46,10.12,13.01,,,,7.89,6.79,9.13,,,,2.74,0.59,4.47,,,,1.07,-0.82,3.24,,,,12.1,10.99,13.29,,,,,,,,,,
2024-05-19,18.87,17.81,20.06,,,,44.4,42.93,46.19,,,,11.49,10.16,13.04,,,,7.89,6.77,9.13,,,,2.74,0.62,4.45,,,,1.07,-0.8,3.27,,,,12.11,10.99,13.3,,,,,,,,,,
2024-05-20,18.87,17.78,20.07,,,,44.37,42.87,46.16,,,,11.51,10.21,13.07,,,,7.89,6.75,9.13,,,,2.74,0.63,4.43,,,,1.07,-0.82,3.29,,,,12.12,11.0,13.32,,,,,,,,,,
2024-05-21,18.86,17.77,20.07,,,,44.33,42.81,46.15,,,,11.54,10.24,13.1,,,,7.89,6.75,9.13,,,,2.73,0.64,4.42,,,,1.07,-0.83,3.32,,,,12.14,11.01,13.34,,,,,,,,,,
2024-05-22,18.86,17.78,20.08,,,,44.3,42.75,46.11,,,,11.56,10.25,13.12,,,,7.89,6.74,9.12,,,,2.73,0.62,4.43,,,,1.07,-0.83,3.34,,,,12.15,11.03,13.35,,,,19.0,49.0,10.0,8.0,3.0,,9.0
2024-05-23,18.85,17.78,20.08,,,,44.27,42.7,46.08,,,,11.58,10.26,13.15,,,,7.88,6.73,9.12,,,,2.73,0.6,4.44,,,,1.07,-0.82,3.36,,,,12.16,11.04,13.37,,,,,,,,,,
2024-05-24,18.85,17.78,20.08,,,,44.24,42.67,46.05,,,,11.61,10.28,13.18,,,,7.88,6.74,9.11,,,,2.73,0.59,4.45,,,,1.07,-0.82,3.33,,,,12.17,11.03,13.37,,,,20.0,48.0,9.0,7.0,3.0,,11.0
2024-05-25,18.84,17.79,20.08,,,,44.21,42.64,46.03,,,,11.63,10.29,13.2,,,,7.88,6.72,9.11,,,,2.72,0.57,4.44,,,,1.07,-0.82,3.31,,,,12.18,11.02,13.38,,,,,,,,,,
2024-05-26,18.84,17.78,20.08,,,,44.18,42.61,46.0,,,,11.65,10.31,13.23,,,,7.88,6.71,9.12,,,,2.72,0.57,4.42,,,,1.07,-0.83,3.3,,,,12.19,11.01,13.39,,,,,,,,,,
2024-05-27,18.83,17.77,20.08,,,,44.15,42.55,45.98,,,,11.68,10.32,13.26,,,,7.88,6.71,9.13,,,,2.72,0.59,4.4,,,,1.07,-0.85,3.32,,,,12.2,11.02,13.4,,,,,,,,,,
2024-05-28,18.83,17.75,20.08,,,,44.13,42.5,45.95,,,,11.7,10.32,13.29,,,,7.88,6.71,9.12,,,,2.72,0.6,4.41,,,,1.07,-0.88,3.33,,,,12.21,11.02,13.41,,,,18.0,49.0,9.0,8.0,3.0,1.0,10.0
2024-05-29,18.82,17.76,20.1,,,,44.1,42.45,45.93,,,,11.72,10.32,13.33,,,,7.88,6.7,9.12,,,,2.72,0.61,4.41,,,,1.07,-0.89,3.35,,,,12.22,11.02,13.43,,,,,,,,,,
2024-05-30,18.82,17.74,20.11,,,,44.07,42.44,45.91,,,,11.74,10.32,13.35,,,,7.87,6.69,9.14,,,,2.71,0.63,4.42,,,,1.07,-0.89,3.36,,,,12.23,11.02,13.44,,,,20.0,51.0,9.0,6.0,2.0,,11.0
2024-05-31,18.81,17.72,20.13,,,,44.05,42.43,45.88,,,,11.77,10.32,13.36,,,,7.87,6.69,9.16,,,,2.71,0.64,4.42,,,,1.07,-0.88,3.37,,,,12.24,11.02,13.46,,,,,,,,,,
2024-06-01,18.81,17.71,20.15,,,,44.03,42.42,45.86,,,,11.79,10.35,13.38,,,,7.87,6.68,9.17,,,,2.71,0.65,4.43,,,,1.07,-0.86,3.38,,,,12.24,11.02,13.47,,,,,,,,,,
2024-06-02,18.8,17.69,20.17,,,,44.0,42.4,45.84,,,,11.81,10.39,13.4,,,,7.87,6.68,9.16,,,,2.71,0.66,4.43,,,,1.08,-0.85,3.4,,,,12.25,11.03,13.49,,,,,,,,,,
2024-06-03,18.8,17.68,20.17,,,,43.98,42.36,45.81,,,,11.83,10.4,13.42,,,,7.87,6.68,9.16,,,,2.71,0.64,4.45,,,,1.08,-0.87,3.42,,,,12.26,11.05,13.51,,,,,,,,,,
2024-06-04,18.8,17.66,20.17,,,,43.96,42.33,45.79,,,,11.85,10.41,13.45,,,,7.87,6.68,9.16,,,,2.7,0.62,4.46,,,,1.08,-0.89,3.43,,,,12.26,11.06,13.52,,,,19.0,43.0,11.0,8.0,2.0,1.0,13.0
2024-06-05,18.79,17.65,20.16,,,,43.93,42.29,45.77,,,,11.87,10.42,13.47,,,,7.86,6.66,9.16,,,,2.7,0.6,4.46,,,,1.08,-0.91,3.45,,,,12.27,11.08,13.54,,,,,,,,,,
2024-06-06,18.79,17.64,20.15,,,,43.91,42.25,45.74,,,,11.9,10.43,13.49,,,,7.86,6.64,9.16,,,,2.7,0.57,4.48,,,,1.08,-0.93,3.47,,,,12.27,11.1,13.56,,,,20.0,43.0,12.0,6.0,3.0,2.0,12.0
2024-06-07,18.79,17.63,20.14,,,,43.89,42.21,45.72,,,,11.92,10.44,13.51,,,,7.86,6.64,9.16,,,,2.7,0.55,4.49,,,,1.08,-0.95,3.49,,,,12.28,11.12,13.57,,,,,,,,,,
2024-06-08,18.78,17.61,20.14,,,,43.86,42.18,45.7,,,,11.94,10.47,13.53,,,,7.86,6.65,9.16,,,,2.7,0.54,4.49,,,,1.08,-0.98,3.51,,,,12.29,11.12,13.59,,,,,,,,,,
2024-06-09,18.78,17.58,20.13,,,,43.84,42.14,45.67,,,,11.96,10.5,13.56,,,,7.86,6.65,9.16,,,,2.7,0.53,4.5,,,,1.08,-1.0,3.53,,,,12.29,11.12,13.61,,,,,,,,,,
2024-06-10,18.78,17.56,20.13,,,,43.82,42.1,45.64,,,,11.99,10.51,13.63,,,,7.85,6.63,9.17,,,,2.7,0.51,4.5,,,,1.08,-1.02,3.55,,,,12.3,11.13,13.63,,,,,,,,,,
2024-06-11,18.77,17.53,20.11,,,,43.79,42.06,45.62,,,,12.01,10.53,13.66,,,,7.85,6.6,9.2,,,,2.69,0.49,4.51,,,,1.08,-1.0,3.57,,,,12.3,11.13,13.65,,,,16.0,39.0,17.0,10.0,2.0,1.0,13.0
2024-06-12,18.77,17.51,20.13,,,,43.77,42.01,45.59,,,,12.03,10.55,13.69,,,,7.85,6.61,9.22,,,,2.69,0.48,4.51,,,,1.08,-0.99,3.59,,,,12.31,11.13,13.67,,,,,,,,,,
2024-06-13,18.77,17.49,20.12,,,,43.74,42.0,45.56,,,,12.06,10.57,13.72,,,,7.85,6.59,9.21,,,,2.69,0.47,4.51,,,,1.08,-0.97,3.61,,,,12.32,11.14,13.69,,,,17.0,39.0,15.0,8.0,3.0,,16.0
2024-06-14,18.77,17.47,20.12,,,,43.71,41.99,45.53,,,,12.08,10.59,13.75,,,,7.85,6.58,9.23,,,,2.69,0.47,4.51,,,,1.08,-0.99,3.63,,,,12.32,11.13,13.7,,,,,,,,,,
2024-06-15,18.76,17.46,20.11,,,,43.68,41.97,45.49,,,,12.1,10.61,13.8,,,,7.85,6.56,9.27,,,,2.69,0.48,4.51,,,,1.08,-1.03,3.63,,,,12.33,11.13,13.72,,,,,,,,,,
2024-06-16,18.76,17.44,20.11,,,,43.65,41.92,45.46,,,,12.13,10.64,13.82,,,,7.84,6.55,9.3,,,,2.69,0.48,4.51,,,,1.08,-1.06,3.62,,,,12.34,11.12,13.74,,,,,,,,,,
2024-06-17,18.76,17.43,20.13,,,,43.62,41.87,45.43,,,,12.15,10.66,13.85,,,,7.84,6.53,9.34,,,,2.69,0.49,4.51,,,,1.08,-1.09,3.62,,,,12.35,11.11,13.76,,,,,,,,,,
2024-06-18,18.76,17.42,20.15,,,,43.59,41.81,45.41,,,,12.18,10.68,13.89,,,,7.84,6.52,9.35,,,,2.69,0.49,4.51,,,,1.08,-1.12,3.61,,,,12.35,11.1,13.79,,,,19.0,38.0,15.0,8.0,2.0,1.0,16.0
2024-06-19,18.76,17.4,20.15,,,,43.56,41.76,45.4,,,,12.21,10.7,13.92,,,,7.84,6.5,9.34,,,,2.69,0.5,4.51,,,,1.09,-1.13,3.61,,,,12.36,11.1,13.8,,,,,,,,,,
2024-06-20,18.76,17.39,20.17,,,,43.52,41.7,45.38,,,,12.23,10.71,13.96,,,,7.84,6.5,9.37,,,,2.69,0.5,4.51,,,,1.09,-1.14,3.6,,,,12.37,11.1,13.81,,,,19.0,40.0,15.0,8.0,2.0,1.0,15.0
2024-06-21,18.76,17.38,20.17,,,,43.49,41.64,45.38,,,,12.26,10.72,13.99,,,,7.84,6.5,9.39,,,,2.68,0.51,4.52,,,,1.09,-1.16,3.6,,,,12.38,11.11,13.84,,,,,,,,,,
2024-06-22,18.76,17.36,20.17,,,,43.45,41.59,45.34,,,,12.29,10.74,14.03,,,,7.84,6.5,9.41,,,,2.68,0.51,4.52,,,,1.09,-1.19,3.59,,,,12.39,11.12,13.87,,,,,,,,,,
2024-06-23,18.77,17.35,20.16,,,,43.41,41.55,45.29,,,,12.32,10.77,14.07,,,,7.84,6.5,9.41,,,,2.68,0.51,4.52,,,,1.09,-1.22,3.58,,,,12.4,11.14,13.91,,,,,,,,,,
2024-06-24,18.77,17.34,20.17,,,,43.37,41.51,45.25,,,,12.35,10.79,14.11,,,,7.83,6.49,9.41,,,,2.68,0.52,4.52,,,,1.09,-1.25,3.61,,,,12.41,11.16,13.93,,,,,,,,,,
2024-06-25,18.77,17.33,20.17,,,,43.32,41.47,45.22,,,,12.38,10.82,14.15,,,,7.83,6.47,9.41,,,,2.68,0.52,4.52,,,,1.09,-1.27,3.64,,,,12.43,11.18,13.96,,,,18.0,36.0,16.0,9.0,3.0,1.0,14.0
2024-06-26,18.77,17.32,20.17,,,,43.28,41.42,45.2,,,,12.41,10.85,14.19,,,,7.83,6.46,9.41,,,,2.68,0.52,4.52,,,,1.09,-1.3,3.68,,,,12.44,11.2,13.99,,,,,,,,,,
2024-06-27,18.78,17.31,20.16,,,,43.23,41.38,45.17,,,,12.44,10.88,14.23,,,,7.83,6.44,9.41,,,,2.68,0.53,4.52,,,,1.09,-1.32,3.71,,,,12.45,11.22,14.01,,,,20.0,39.0,15.0,7.0,3.0,1.0,13.0
2024-06-28,18.78,17.3,20.18,,,,43.18,41.34,45.15,,,,12.47,10.91,14.29,,,,7.83,6.43,9.44,,,,2.68,0.56,4.52,,,,1.09,-1.34,3.7,,,,12.47,11.24,14.04,,,,,,,,,,
2024-06-29,18.78,17.29,20.22,,,,43.14,41.31,45.09,,,,12.5,10.93,14.36,,,,7.83,6.42,9.46,,,,2.68,0.54,4.52,,,,1.09,-1.35,3.74,,,,12.48,11.26,14.04,,,,,,,,,,
2024-06-30,18.79,17.28,20.26,,,,43.08,41.28,45.02,,,,12.53,10.95,14.41,,,,7.83,6.4,9.46,,,,2.68,0.53,4.52,,,,1.09,-1.37,3.79,,,,12.5,11.27,14.06,,,,,,,,,,
2024-07-01,18.79,17.28,20.31,,,,43.03,41.24,44.96,,,,12.56,10.98,14.44,,,,7.83,6.39,9.47,,,,2.67,0.53,4.52,,,,1.09,-1.38,3.81,,,,12.51,11.28,14.09,,,,,,,,,,
2024-07-02,18.8,17.27,20.36,,,,42.98,41.21,44.92,,,,12.6,11.0,14.47,,,,7.83,6.38,9.47,,,,2.67,0.54,4.55,,,,1.09,-1.39,3.86,,,,12.53,11.31,14.13,,,,,,,,,,
2024-07-03,18.81,17.27,20.38,,,,42.92,41.16,44.87,,,,12.63,11.03,14.52,,,,7.83,6.36,9.47,,,,2.67,0.54,4.58,,,,1.09,-1.42,3.87,,,,12.55,11.34,14.17,,,,22.0,41.0,13.0,7.0,3.0,1.0,11.0
2025-01-13,,,,21.91,18.81,24.69,,,,27.65,24.71,30.55,,,,15.88,12.96,18.82,,,,9.39,6.63,12.14,,,,,,,,,,,,,,,,19.54,16.1,22.82,23.0,26.0,15.0,9.0,,,20.0
2025-01-14,,,,21.9,18.79,24.66,,,,27.64,24.69,30.5,,,,15.9,13.0,18.82,,,,9.4,6.65,12.13,,,,,,,,,,,,,,,,19.53,16.1,22.72,,,,,,,
2025-01-15,,,,21.89,18.76,24.64,,,,27.64,24.69,30.47,,,,15.91,13.06,18.82,,,,9.41,6.65,12.11,,,,,,,,,,,,,,,,19.51,16.1,22.64,,,,,,,
2025-01-16,,,,21.89,18.74,24.62,,,,27.64,24.72,30.46,,,,15.93,13.1,18.82,,,,9.42,6.66,12.1,,,,,,,,,,,,,,,,19.5,16.1,22.61,,,,,,,
2025-01-17,,,,21.88,18.8,24.61,,,,27.64,24.78,30.46,,,,15.94,13.13,18.8,,,,9.43,6.65,12.09,,,,,,,,,,,,,,,,19.48,16.12,22.59,,,,,,,
2025-01-18,,,,21.87,18.81,24.58,,,,27.64,24.82,30.43,,,,15.95,13.15,18.8,,,,9.44,6.64,12.07,,,,,,,,,,,,,,,,19.47,16.17,22.51,,,,,,,
2025-01-19,,,,21.86,18.8,24.56,,,,27.63,24.85,30.39,,,,15.97,13.16,18.78,,,,9.45,6.65,12.05,,,,,,,,,,,,,,,,19.45,16.21,22.43,,,,,,,
2025-01-20,,,,21.86,18.81,24.53,,,,27.63,24.84,30.35,,,,15.98,13.17,18.76,,,,9.46,6.65,12.01,,,,,,,,,,,,,,,,19.43,16.26,22.38,24.0,28.0,15.0,9.0,,,19.0
2025-01-21,,,,21.85,18.84,24.51,,,,27.63,24.84,30.32,,,,16.0,13.18,18.72,,,,9.47,6.72,12.01,,,,,,,,,,,,,,,,19.42,16.29,22.38,,,,,,,
2025-01-22,,,,21.84,18.82,24.49,,,,27.63,24.83,30.28,,,,16.01,13.2,18.69,,,,9.48,6.73,12.03,,,,,,,,,,,,,,,,19.4,16.26,22.38,,,,,,,
2025-01-23,,,,21.84,18.83,24.46,,,,27.63,24.82,30.24,,,,16.02,13.22,18.73,,,,9.49,6.74,12.0,,,,,,,,,,,,,,,,19.38,16.22,22.39,,,,,,,
2025-01-24,,,,21.83,18.88,24.43,,,,27.63,24.81,30.21,,,,16.04,13.23,18.76,,,,9.51,6.74,11.97,,,,,,,,,,,,,,,,19.36,16.19,22.36,,,,,,,
2025-01-25,,,,21.83,18.93,24.4,,,,27.63,24.81,30.17,,,,16.05,13.24,18.76,,,,9.52,6.79,11.93,,,,,,,,,,,,,,,,19.34,16.16,22.32,,,,,,,
2025-01-26,,,,21.82,18.98,24.37,,,,27.62,24.82,30.13,,,,16.07,13.25,18.76,,,,9.53,6.85,11.93,,,,,,,,,,,,,,,,19.32,16.12,22.29,,,,,,,
2025-01-27,,,,21.81,19.03,24.34,,,,27.62,24.84,30.09,,,,16.08,13.28,18.75,,,,9.54,6.88,11.92,,,,,,,,,,,,,,,,19.31,16.1,22.25,21.0,30.0,16.0,10.0,,,17.0
2025-01-28,,,,21.81,19.08,24.3,,,,27.62,24.95,30.06,,,,16.09,13.35,18.74,,,,9.55,6.89,11.92,,,,,,,,,,,,,,,,19.29,16.07,22.21,,,,,,,
2025-01-29,,,,21.8,19.13,24.28,,,,27.62,25.05,30.07,,,,16.11,13.38,18.74,,,,9.56,6.9,11.96,,,,,,,,,,,,,,,,19.27,16.09,22.17,,,,,,,
2025-01-30,,,,21.8,19.15,24.25,,,,27.62,25.15,30.09,,,,16.12,13.41,18.73,,,,9.57,6.92,11.95,,,,,,,,,,,,,,,,19.25,16.16,22.13,,,,,,,
2025-01-31,,,,21.79,19.12,24.24,,,,27.62,25.19,30.11,,,,16.14,13.48,18.73,,,,9.58,6.94,11.95,,,,,,,,,,,,,,,,19.23,16.24,22.09,,,,,,,
2025-02-01,,,,21.78,19.09,24.28,,,,27.62,25.21,30.13,,,,16.15,13.53,18.73,,,,9.59,6.96,11.95,,,,,,,,,,,,,,,,19.21,16.31,22.05,,,,,,,
2025-02-02,,,,21.78,19.06,24.3,,,,27.61,25.23,30.14,,,,16.17,13.6,18.73,,,,9.6,6.98,12.02,,,,,,,,,,,,,,,,19.19,16.39,22.01,,,,,,,
2025-02-03,,,,21.77,19.04,24.3,,,,27.61,25.24,30.16,,,,16.19,13.67,18.73,,,,9.61,7.0,12.08,,,,,,,,,,,,,,,,19.17,16.4,21.98,21.0,27.0,16.0,9.0,,,22.0
2025-02-04,,,,21.76,19.01,24.3,,,,27.61,25.25,30.16,,,,16.2,13.75,18.72,,,,9.62,7.02,12.14,,,,,,,,,,,,,,,,19.16,16.39,21.96,,,,,,,
2025-02-05,,,,21.76,18.98,24.31,,,,27.61,25.25,30.12,,,,16.22,13.75,18.72,,,,9.63,7.05,12.16,,,,,,,,,,,,,,,,19.14,16.39,21.92,,,,,,,
2025-02-06,,,,21.75,18.95,24.31,,,,27.61,25.25,30.09,,,,16.23,13.75,18.72,,,,9.64,7.08,12.16,,,,,,,,,,,,,,,,19.12,16.38,21.88,,,,,,,
2025-02-07,,,,21.74,18.96,24.31,,,,27.6,25.24,30.1,,,,16.25,13.74,18.73,,,,9.65,7.11,12.15,,,,,,,,,,,,,,,,19.1,16.38,21.83,,,,,,,
2025-02-08,,,,21.73,18.98,24.31,,,,27.6,25.23,30.12,,,,16.27,13.73,18.75,,,,9.66,7.14,12.15,,,,,,,,,,,,,,,,19.09,16.37,21.8,,,,,,,
2025-02-09,,,,21.73,19.01,24.31,,,,27.6,25.21,30.13,,,,16.28,13.74,18.79,,,,9.67,7.17,12.14,,,,,,,,,,,,,,,,19.07,16.37,21.77,,,,,,,
2025-02-10,,,,21.72,19.04,24.31,,,,27.59,25.19,30.14,,,,16.3,13.8,18.82,,,,9.68,7.2,12.13,,,,,,,,,,,,,,,,19.06,16.35,21.73,22.0,27.0,16.0,9.0,,,21.0
2025-02-11,,,,21.71,19.07,24.32,,,,27.59,25.17,30.15,,,,16.32,13.87,18.85,,,,9.69,7.23,12.12,,,,,,,,,,,,,,,,19.04,16.32,21.71,,,,,,,
2025-02-12,,,,21.7,19.1,24.32,,,,27.58,25.16,30.06,,,,16.34,13.96,18.88,,,,9.7,7.22,12.13,,,,,,,,,,,,,,,,19.03,16.31,21.7,,,,,,,
2025-02-13,,,,21.69,19.13,24.3,,,,27.58,25.14,30.0,,,,16.36,14.03,18.92,,,,9.71,7.27,12.18,,,,,,,,,,,,,,,,19.01,16.29,21.68,,,,,,,
2025-02-14,,,,21.68,19.16,24.28,,,,27.57,25.12,29.99,,,,16.37,14.12,18.95,,,,9.72,7.32,12.21,,,,,,,,,,,,,,,,19.0,16.28,21.67,,,,,,,
2025-02-15,,,,21.67,19.18,24.26,,,,27.56,25.1,29.99,,,,16.39,14.21,18.95,,,,9.73,7.36,12.24,,,,,,,,,,,,,,,,18.99,16.26,21.64,,,,,,,
2025-02-16,,,,21.66,19.21,24.24,,,,27.56,25.08,30.02,,,,16.41,14.29,19.0,,,,9.74,7.36,12.28,,,,,,,,,,,,,,,,18.98,16.25,21.58,,,,,,,
2025-02-17,,,,21.65,19.23,24.22,,,,27.55,25.06,30.04,,,,16.43,14.34,19.04,,,,9.74,7.4,12.31,,,,,,,,,,,,,,,,18.97,16.25,21.54,22.0,29.0,15.0,10.0,,,19.0
2025-02-18,,,,21.64,19.23,24.18,,,,27.54,25.04,30.01,,,,16.45,14.37,19.06,,,,9.75,7.44,12.31,,,,,,,,,,,,,,,,18.96,16.25,21.54,,,,,,,
2025-02-19,,,,21.62,19.19,24.17,,,,27.53,25.02,29.99,,,,16.47,14.39,19.09,,,,9.76,7.47,12.32,,,,,,,,,,,,,,,,18.95,16.25,21.54,,,,,,,
2025-02-20,,,,21.61,19.17,24.15,,,,27.52,25.0,29.96,,,,16.49,14.41,19.1,,,,9.77,7.51,12.32,,,,,,,,,,,,,,,,18.95,16.26,21.48,,,,,,,
2025-02-21,,,,21.59,19.13,24.14,,,,27.51,24.99,29.93,,,,16.51,14.43,19.12,,,,9.78,7.54,12.27,,,,,,,,,,,,,,,,18.94,16.27,21.47,,,,,,,
2025-02-22,,,,21.58,19.14,24.12,,,,27.5,25.03,29.89,,,,16.53,14.45,19.13,,,,9.78,7.58,12.23,,,,,,,,,,,,,,,,18.94,16.31,21.46,,,,,,,
2025-02-23,,,,21.56,19.16,24.1,,,,27.49,25.05,29.86,,,,16.55,14.45,19.14,,,,9.79,7.61,12.23,,,,,,,,,,,,,,,,18.93,16.37,21.45,,,,,,,
2025-02-24,,,,21.55,19.18,24.07,,,,27.48,25.08,29.84,,,,16.58,14.46,19.12,,,,9.8,7.63,12.24,,,,,,,,,,,,,,,,18.93,16.38,21.44,21.0,26.0,17.0,8.0,,,21.0
2025-02-25,,,,21.53,19.18,24.03,,,,27.47,25.09,29.81,,,,16.6,14.48,19.09,,,,9.81,7.64,12.25,,,,,,,,,,,,,,,,18.93,16.39,21.43,,,,,,,
2025-02-26,,,,21.51,19.19,23.94,,,,27.46,25.07,29.81,,,,16.62,14.49,19.07,,,,9.81,7.66,12.26,,,,,,,,,,,,,,,,18.93,16.4,21.42,,,,,,,
2025-02-27,,,,21.49,19.22,23.84,,,,27.45,25.05,29.75,,,,16.65,14.5,19.05,,,,9.82,7.72,12.23,,,,,,,,,,,,,,,,18.93,16.42,21.41,,,,,,,
2025-02-28,,,,21.47,19.26,23.75,,,,27.43,25.03,29.7,,,,16.67,14.52,19.03,,,,9.83,7.71,12.2,,,,,,,,,,,,,,,,18.93,16.46,21.41,,,,,,,
2025-03-01,,,,21.45,19.24,23.75,,,,27.42,25.02,29.66,,,,16.69,14.53,19.01,,,,9.84,7.69,12.17,,,,,,,,,,,,,,,,18.93,16.5,21.45,,,,,,,
2025-03-02,,,,21.43,19.21,23.69,,,,27.4,25.0,29.62,,,,16.72,14.55,18.99,,,,9.84,7.67,12.13,,,,,,,,,,,,,,,,18.93,16.51,21.5,,,,,,,
2025-03-03,,,,21.41,19.18,23.67,,,,27.39,24.98,29.59,,,,16.74,14.58,18.99,,,,9.85,7.65,12.07,,,,,,,,,,,,,,,,18.94,16.49,21.52,21.0,29.0,16.0,10.0,,,20.0
2025-03-04,,,,21.39,19.15,23.66,,,,27.37,24.96,29.55,,,,16.77,14.59,19.06,,,,9.86,7.63,12.06,,,,,,,,,,,,,,,,18.94,16.5,21.53,,,,,,,
2025-03-05,,,,21.37,19.13,23.59,,,,27.36,24.97,29.52,,,,16.79,14.61,19.07,,,,9.87,7.62,11.99,,,,,,,,,,,,,,,,18.95,16.52,21.52,,,,,,,
2025-03-06,,,,21.34,19.1,23.54,,,,27.34,24.99,29.48,,,,16.82,14.62,19.12,,,,9.87,7.61,11.95,,,,,,,,,,,,,,,,18.96,16.54,21.52,,,,,,,
2025-03-07,,,,21.32,19.07,23.49,,,,27.32,25.01,29.46,,,,16.84,14.66,19.17,,,,9.88,7.61,11.98,,,,,,,,,,,,,,,,18.96,16.58,21.49,,,,,,,
2025-03-08,,,,21.3,19.04,23.46,,,,27.3,25.03,29.44,,,,16.87,14.72,19.22,,,,9.89,7.61,11.94,,,,,,,,,,,,,,,,18.97,16.62,21.48,,,,,,,
2025-03-09,,,,21.27,19.01,23.43,,,,27.28,25.05,29.42,,,,16.89,14.75,19.26,,,,9.9,7.61,11.94,,,,,,,,,,,,,,,,18.98,16.66,21.42,,,,,,,
2025-03-10,,,,21.25,18.98,23.4,,,,27.26,25.06,29.4,,,,16.92,14.77,19.23,,,,9.9,7.67,11.97,,,,,,,,,,,,,,,,18.99,16.71,21.39,22.0,26.0,18.0,11.0,,,17.0
2025-03-11,,,,21.22,18.95,23.37,,,,27.24,25.08,29.35,,,,16.95,14.8,19.2,,,,9.91,7.75,11.95,,,,,,,,,,,,,,,,19.0,16.81,21.39,,,,,,,
2025-03-12,,,,21.2,18.91,23.33,,,,27.22,25.09,29.27,,,,16.97,14.89,19.16,,,,9.92,7.74,11.92,,,,,,,,,,,,,,,,19.01,16.79,21.39,,,,,,,
2025-03-13,,,,21.17,18.9,23.27,,,,27.2,25.1,29.21,,,,17.0,14.94,19.15,,,,9.93,7.73,11.94,,,,,,,,,,,,,,,,19.02,16.83,21.39,,,,,,,
2025-03-14,,,,21.14,18.88,23.25,,,,27.17,25.08,29.19,,,,17.03,14.96,19.21,,,,9.94,7.71,11.98,,,,,,,,,,,,,,,,19.04,16.85,21.4,,,,,,,
2025-03-15,,,,21.12,18.85,23.21,,,,27.15,25.04,29.17,,,,17.05,14.95,19.24,,,,9.95,7.72,12.03,,,,,,,,,,,,,,,,19.05,16.9,21.41,,,,,,,
2025-03-16,,,,21.09,18.83,23.17,,,,27.12,25.01,29.14,,,,17.08,14.94,19.26,,,,9.96,7.76,12.08,,,,,,,,,,,,,,,,19.06,16.95,21.46,,,,,,,
2025-03-17,,,,21.06,18.81,23.13,,,,27.1,25.01,29.12,,,,17.11,14.97,19.29,,,,9.96,7.79,12.08,,,,,,,,,,,,,,,,19.08,16.97,21.45,21.0,29.0,16.0,9.0,,,18.0
2025-03-18,,,,21.04,18.78,23.09,,,,27.07,25.01,29.08,,,,17.14,15.01,19.29,,,,9.97,7.84,12.08,,,,,,,,,,,,,,,,19.09,17.02,21.45,,,,,,,
2025-03-19,,,,21.01,18.77,23.04,,,,27.05,25.0,29.06,,,,17.16,15.05,19.3,,,,9.98,7.88,12.12,,,,,,,,,,,,,,,,19.11,17.05,21.44,,,,,,,
2025-03-20,,,,20.98,18.78,23.0,,,,27.02,25.0,29.03,,,,17.19,15.12,19.32,,,,9.99,7.92,12.15,,,,,,,,,,,,,,,,19.12,17.05,21.43,,,,,,,
2025-03-21,,,,20.95,18.79,22.96,,,,26.99,24.99,29.01,,,,17.22,15.18,19.31,,,,10.0,7.93,12.12,,,,,,,,,,,,,,,,19.14,17.06,21.42,,,,,,,
2025-03-22,,,,20.92,18.75,22.91,,,,26.97,24.99,28.98,,,,17.24,15.24,19.31,,,,10.01,7.95,12.07,,,,,,,,,,,,,,,,19.16,17.06,21.41,,,,,,,
2025-03-23,,,,20.89,18.7,22.94,,,,26.94,24.93,28.95,,,,17.27,15.25,19.32,,,,10.02,8.01,12.06,,,,,,,,,,,,,,,,19.18,17.07,21.39,,,,,,,
2025-03-24,,,,20.86,18.66,22.94,,,,26.91,24.88,28.88,,,,17.3,15.29,19.34,,,,10.03,8.03,12.06,,,,,,,,,,,,,,,,19.19,17.09,21.39,21.0,26.0,18.0,12.0,,,18.0
2025-03-25,,,,20.83,18.64,22.84,,,,26.88,24.83,28.81,,,,17.32,15.32,19.39,,,,10.04,8.05,12.06,,,,,,,,,,,,,,,,19.21,17.14,21.38,,,,,,,
2025-03-26,,,,20.8,18.62,22.78,,,,26.85,24.78,28.8,,,,17.35,15.35,19.44,,,,10.05,8.12,12.06,,,,,,,,,,,,,,,,19.23,17.16,21.38,,,,,,,
2025-03-27,,,,20.77,18.6,22.77,,,,26.83,24.73,28.79,,,,17.37,15.37,19.47,,,,10.05,8.19,12.06,,,,,,,,,,,,,,,,19.25,17.17,21.45,,,,,,,
2025-03-28,,,,20.74,18.58,22.72,,,,26.8,24.73,28.78,,,,17.4,15.4,19.48,,,,10.06,8.23,12.07,,,,,,,,,,,,,,,,19.27,17.17,21.49,,,,,,,
2025-03-29,,,,20.71,18.56,22.68,,,,26.77,24.68,28.72,,,,17.42,15.43,19.49,,,,10.07,8.22,12.12,,,,,,,,,,,,,,,,19.3,17.19,21.48,,,,,,,
2025-03-30,,,,20.68,18.55,22.64,,,,26.74,24.65,28.72,,,,17.45,15.47,19.51,,,,10.08,8.21,12.18,,,,,,,,,,,,,,,,19.32,17.2,21.45,,,,,,,
2025-03-31,,,,20.65,18.53,22.6,,,,26.71,24.65,28.71,,,,17.47,15.5,19.56,,,,10.09,8.22,12.21,,,,,,,,,,,,,,,,19.34,17.24,21.46,22.0,28.0,16.0,11.0,,,16.0
2025-04-01,,,,20.62,18.51,22.56,,,,26.68,24.64,28.68,,,,17.49,15.53,19.64,,,,10.1,8.25,12.18,,,,,,,,,,,,,,,,19.36,17.27,21.51,,,,,,,
2025-04-02,,,,20.59,18.51,22.54,,,,26.66,24.63,28.65,,,,17.52,15.57,19.63,,,,10.11,8.25,12.2,,,,,,,,,,,,,,,,19.39,17.34,21.56,,,,,,,
2025-04-03,,,,20.56,18.48,22.5,,,,26.63,24.63,28.62,,,,17.54,15.58,19.64,,,,10.12,8.24,12.19,,,,,,,,,,,,,,,,19.41,17.39,21.6,,,,,,,
2025-04-04,,,,20.53,18.47,22.47,,,,26.6,24.58,28.57,,,,17.56,15.57,19.67,,,,10.13,8.23,12.17,,,,,,,,,,,,,,,,19.43,17.39,21.66,,,,,,,
2025-04-05,,,,20.5,18.46,22.49,,,,26.57,24.54,28.55,,,,17.58,15.6,19.71,,,,10.13,8.23,12.15,,,,,,,,,,,,,,,,19.46,17.38,21.7,,,,,,,
2025-04-06,,,,20.46,18.44,22.51,,,,26.55,24.51,28.52,,,,17.6,15.67,19.69,,,,10.14,8.27,12.2,,,,,,,,,,,,,,,,19.48,17.42,21.74,,,,,,,
2025-04-07,,,,20.43,18.43,22.47,,,,26.52,24.47,28.49,,,,17.62,15.73,19.7,,,,10.15,8.29,12.24,,,,,,,,,,,,,,,,19.5,17.45,21.82,22.0,28.0,19.0,9.0,,,18.0
2025-04-08,,,,20.4,18.42,22.43,,,,26.49,24.45,28.45,,,,17.64,15.79,19.77,,,,10.16,8.27,12.23,,,,,,,,,,,,,,,,19.53,17.45,21.88,,,,,,,
2025-04-09,,,,20.37,18.41,22.42,,,,26.47,24.46,28.42,,,,17.65,15.85,19.84,,,,10.17,8.29,12.22,,,,,,,,,,,,,,,,19.55,17.44,21.89,,,,,,,
2025-04-10,,,,20.34,18.39,22.41,,,,26.44,24.45,28.39,,,,17.67,15.89,19.87,,,,10.18,8.33,12.2,,,,,,,,,,,,,,,,19.58,17.43,21.93,,,,,,,
2025-04-11,,,,20.31,18.39,22.37,,,,26.42,24.42,28.36,,,,17.68,15.89,19.88,,,,10.18,8.34,12.19,,,,,,,,,,,,,,,,19.6,17.48,21.97,,,,,,,
2025-04-12,,,,20.28,18.38,22.33,,,,26.39,24.39,28.34,,,,17.7,15.88,19.88,,,,10.19,8.33,12.17,,,,,,,,,,,,,,,,19.63,17.51,22.0,,,,,,,
2025-04-13,,,,20.25,18.37,22.3,,,,26.37,24.37,28.32,,,,17.71,15.88,19.89,,,,10.2,8.32,12.15,,,,,,,,,,,,,,,,19.65,17.54,22.02,,,,,,,
2025-04-14,,,,20.23,18.37,22.25,,,,26.35,24.35,28.28,,,,17.73,15.86,19.9,,,,10.21,8.34,12.13,,,,,,,,,,,,,,,,19.68,17.57,22.05,21.0,28.0,17.0,11.0,,,17.0
2025-04-15,,,,20.2,18.33,22.2,,,,26.33,24.34,28.24,,,,17.74,15.87,19.96,,,,10.21,8.36,12.12,,,,,,,,,,,,,,,,19.7,17.6,22.07,,,,,,,
2025-04-16,,,,20.17,18.28,22.16,,,,26.3,24.32,28.22,,,,17.75,15.92,20.01,,,,10.22,8.3,12.15,,,,,,,,,,,,,,,,19.73,17.63,22.08,,,,,,,
2025-04-17,,,,20.14,18.27,22.12,,,,26.28,24.3,28.22,,,,17.76,15.96,20.06,,,,10.23,8.3,12.17,,,,,,,,,,,,,,,,19.75,17.65,22.09,,,,,,,
2025-04-18,,,,20.11,18.2,22.08,,,,26.26,24.27,28.23,,,,17.78,16.0,20.09,,,,10.24,8.33,12.19,,,,,,,,,,,,,,,,19.77,17.67,22.09,,,,,,,
2025-04-19,,,,20.08,18.16,22.02,,,,26.24,24.26,28.23,,,,17.79,16.03,20.09,,,,10.24,8.36,12.22,,,,,,,,,,,,,,,,19.8,17.71,22.1,,,,,,,
2025-04-20,,,,20.05,18.16,21.99,,,,26.22,24.26,28.23,,,,17.8,16.02,20.09,,,,10.25,8.39,12.24,,,,,,,,,,,,,,,,19.82,17.73,22.11,,,,,,,
2025-04-21,,,,20.02,18.15,21.98,,,,26.21,24.21,28.23,,,,17.81,16.05,20.09,,,,10.26,8.42,12.22,,,,,,,,,,,,,,,,19.85,17.75,22.11,,,,,,,
2025-04-22,,,,19.99,18.15,21.97,,,,26.19,24.21,28.22,,,,17.81,16.04,20.08,,,,10.26,8.45,12.22,,,,,,,,,,,,,,,,19.87,17.77,22.12,20.0,25.0,19.0,11.0,,,18.0
2025-04-23,,,,19.96,18.13,21.96,,,,26.17,24.2,28.22,,,,17.82,16.02,20.08,,,,10.27,8.47,12.25,,,,,,,,,,,,,,,,19.9,17.8,22.15,,,,,,,
2025-04-24,,,,19.93,18.13,21.95,,,,26.15,24.2,28.21,,,,17.83,16.0,20.08,,,,10.28,8.45,12.28,,,,,,,,,,,,,,,,19.92,17.82,22.19,,,,,,,
2025-04-25,,,,19.9,18.09,21.91,,,,26.14,24.2,28.16,,,,17.84,15.98,20.08,,,,10.28,8.47,12.27,,,,,,,,,,,,,,,,19.95,17.87,22.23,,,,,,,
2025-04-26,,,,19.87,18.05,21.87,,,,26.12,24.17,28.12,,,,17.84,16.01,20.08,,,,10.29,8.5,12.27,,,,,,,,,,,,,,,,19.97,17.86,22.26,,,,,,,
2025-04-27,,,,19.84,18.01,21.83,,,,26.1,24.11,28.07,,,,17.85,16.05,20.07,,,,10.3,8.51,12.28,,,,,,,,,,,,,,,,20.0,17.85,22.29,,,,,,,
2025-04-28,,,,19.81,17.98,21.79,,,,26.09,24.03,28.02,,,,17.85,16.07,20.07,,,,10.3,8.5,12.26,,,,,,,,,,,,,,,,20.03,17.88,22.33,20.0,26.0,19.0,10.0,,,20.0
2025-04-29,,,,19.78,17.95,21.75,,,,26.07,24.02,27.97,,,,17.86,16.08,20.07,,,,10.31,8.55,12.29,,,,,,,,,,,,,,,,20.05,17.92,22.36,,,,,,,
2025-04-30,,,,19.75,17.92,21.71,,,,26.06,24.01,27.92,,,,17.86,16.07,20.06,,,,10.32,8.58,12.27,,,,,,,,,,,,,,,,20.08,17.96,22.39,,,,,,,
2025-05-01,,,,19.72,17.86,21.67,,,,26.04,24.01,27.88,,,,17.87,16.04,20.02,,,,10.33,8.56,12.25,,,,,,,,,,,,,,,,20.1,17.96,22.4,,,,,,,
2025-05-02,,,,19.69,17.82,21.64,,,,26.03,24.01,27.85,,,,17.87,16.03,20.0,,,,10.33,8.55,12.24,,,,,,,,,,,,,,,,20.13,17.96,22.39,,,,,,,
2025-05-03,,,,19.66,17.78,21.57,,,,26.02,24.0,27.85,,,,17.88,16.03,20.04,,,,10.34,8.54,12.22,,,,,,,,,,,,,,,,20.16,17.96,22.44,,,,,,,
2025-05-04,,,,19.63,17.74,21.51,,,,26.0,23.97,27.87,,,,17.88,16.03,20.05,,,,10.35,8.55,12.21,,,,,,,,,,,,,,,,20.19,17.98,22.51,,,,,,,
2025-05-05,,,,19.6,17.7,21.44,,,,25.99,23.93,27.86,,,,17.88,16.02,20.04,,,,10.35,8.53,12.19,,,,,,,,,,,,,,,,20.21,17.98,22.53,,,,,,,
2025-05-06,,,,19.57,17.6,21.39,,,,25.98,23.93,27.84,,,,17.88,16.03,20.04,,,,10.36,8.52,12.17,,,,,,,,,,,,,,,,20.24,17.99,22.55,19.0,24.0,19.0,9.0,,,23.0
2025-05-07,,,,19.54,17.55,21.35,,,,25.96,23.89,27.81,,,,17.89,16.03,20.03,,,,10.36,8.54,12.23,,,,,,,,,,,,,,,,20.27,18.01,22.58,,,,,,,
2025-05-08,,,,19.5,17.52,21.33,,,,25.95,23.86,27.79,,,,17.89,16.04,20.03,,,,10.37,8.51,12.31,,,,,,,,,,,,,,,,20.3,18.05,22.6,,,,,,,
2025-05-09,,,,19.47,17.43,21.36,,,,25.94,23.83,27.76,,,,17.89,16.04,20.02,,,,10.38,8.5,12.34,,,,,,,,,,,,,,,,20.33,18.09,22.62,,,,,,,
2025-05-10,,,,19.44,17.37,21.36,,,,25.93,23.82,27.74,,,,17.89,16.05,20.01,,,,10.38,8.49,12.33,,,,,,,,,,,,,,,,20.36,18.13,22.64,,,,,,,
2025-05-11,,,,19.41,17.34,21.33,,,,25.92,23.81,27.71,,,,17.89,16.06,20.0,,,,10.39,8.49,12.32,,,,,,,,,,,,,,,,20.39,18.17,22.65,,,,,,,
2025-05-12,,,,19.38,17.32,21.32,,,,25.9,23.8,27.69,,,,17.89,16.09,19.99,,,,10.39,8.48,12.31,,,,,,,,,,,,,,,,20.42,18.2,22.63,17.0,26.0,19.0,10.0,,,22.0
2025-05-13,,,,19.35,17.29,21.32,,,,25.89,23.8,27.66,,,,17.89,16.09,19.98,,,,10.4,8.47,12.31,,,,,,,,,,,,,,,,20.45,18.22,22.67,,,,,,,
2025-05-14,,,,19.31,17.27,21.28,,,,25.88,23.81,27.64,,,,17.89,16.08,19.96,,,,10.41,8.48,12.3,,,,,,,,,,,,,,,,20.48,18.23,22.69,,,,,,,
2025-05-15,,,,19.28,17.26,21.23,,,,25.87,23.82,27.61,,,,17.89,16.08,19.93,,,,10.41,8.48,12.28,,,,,,,,,,,,,,,,20.51,18.24,22.75,,,,,,,
2025-05-16,,,,19.25,17.24,21.2,,,,25.86,23.82,27.62,,,,17.88,16.07,19.92,,,,10.42,8.49,12.27,,,,,,,,,,,,,,,,20.54,18.26,22.81,,,,,,,
2025-05-17,,,,19.22,17.21,21.18,,,,25.85,23.81,27.64,,,,17.88,16.07,19.89,,,,10.42,8.51,12.24,,,,,,,,,,,,,,,,20.57,18.28,22.87,,,,,,,
2025-05-18,,,,19.18,17.18,21.16,,,,25.84,23.8,27.66,,,,17.88,16.06,19.88,,,,10.43,8.51,12.22,,,,,,,,,,,,,,,,20.6,18.3,22.89,,,,,,,
2025-05-19,,,,19.15,17.14,21.13,,,,25.82,23.8,27.68,,,,17.88,16.06,19.88,,,,10.43,8.52,12.23,,,,,,,,,,,,,,,,20.64,18.36,22.92,17.0,24.0,20.0,11.0,,,22.0
2025-05-20,,,,19.12,17.11,21.11,,,,25.81,23.81,27.69,,,,17.87,16.05,19.89,,,,10.44,8.52,12.24,,,,,,,,,,,,,,,,20.67,18.41,22.94,,,,,,,
2025-05-21,,,,19.08,17.07,21.09,,,,25.8,23.81,27.71,,,,17.87,16.04,19.87,,,,10.44,8.57,12.25,,,,,,,,,,,,,,,,20.7,18.46,22.96,,,,,,,
2025-05-22,,,,19.05,17.04,21.04,,,,25.79,23.82,27.7,,,,17.87,16.04,19.83,,,,10.45,8.64,12.26,,,,,,,,,,,,,,,,20.74,18.55,22.99,,,,,,,
2025-05-23,,,,19.02,17.01,21.0,,,,25.78,23.83,27.67,,,,17.86,16.03,19.79,,,,10.45,8.62,12.27,,,,,,,,,,,,,,,,20.77,18.66,23.01,,,,,,,
2025-05-24,,,,18.98,16.98,20.97,,,,25.77,23.84,27.62,,,,17.86,16.03,19.78,,,,10.46,8.58,12.28,,,,,,,,,,,,,,,,20.8,18.71,23.02,,,,,,,
2025-05-25,,,,18.95,16.95,20.95,,,,25.76,23.84,27.62,,,,17.85,16.03,19.76,,,,10.46,8.57,12.27,,,,,,,,,,,,,,,,20.84,18.73,23.02,,,,,,,
2025-05-26,,,,18.92,16.91,20.92,,,,25.75,23.85,27.59,,,,17.85,16.02,19.75,,,,10.46,8.59,12.28,,,,,,,,,,,,,,,,20.87,18.76,23.01,,,,,,,
2025-05-27,,,,18.88,16.88,20.89,,,,25.74,23.86,27.56,,,,17.84,15.99,19.73,,,,10.47,8.61,12.29,,,,,,,,,,,,,,,,20.9,18.8,23.01,21.0,22.0,17.0,12.0,,,23.0
2025-05-28,,,,18.85,16.86,20.85,,,,25.72,23.78,27.54,,,,17.84,15.93,19.72,,,,10.47,8.61,12.3,,,,,,,,,,,,,,,,20.93,18.83,23.04,,,,,,,
2025-05-29,,,,18.82,16.84,20.77,,,,25.71,23.73,27.51,,,,17.83,15.9,19.7,,,,10.48,8.6,12.28,,,,,,,,,,,,,,,,20.97,18.87,23.07,,,,,,,
2025-05-30,,,,18.79,16.81,20.7,,,,25.7,23.74,27.49,,,,17.82,15.89,19.69,,,,10.48,8.62,12.27,,,,,,,,,,,,,,,,21.0,18.9,23.1,,,,,,,
2025-05-31,,,,18.75,16.77,20.64,,,,25.69,23.75,27.47,,,,17.82,15.88,19.67,,,,10.49,8.62,12.26,,,,,,,,,,,,,,,,21.03,18.93,23.12,,,,,,,
2025-06-01,,,,18.72,16.74,20.63,,,,25.68,23.76,27.47,,,,17.81,15.87,19.66,,,,10.49,8.63,12.26,,,,,,,,,,,,,,,,21.06,18.97,23.15,,,,,,,
2025-06-02,,,,18.69,16.7,20.61,,,,25.67,23.73,27.48,,,,17.8,15.87,19.64,,,,10.5,8.65,12.27,,,,,,,,,,,,,,,,21.09,19.01,23.17,20.0,24.0,19.0,9.0,,,21.0
2025-06-03,,,,18.66,16.67,20.61,,,,25.66,23.71,27.49,,,,17.79,15.85,19.64,,,,10.5,8.66,12.29,,,,,,,,,,,,,,,,21.12,19.08,23.21,,,,,,,
2025-06-04,,,,18.63,16.64,20.6,,,,25.65,23.69,27.5,,,,17.79,15.83,19.62,,,,10.51,8.58,12.3,,,,,,,,,,,,,,,,21.15,19.12,23.26,,,,,,,
2025-06-05,,,,18.6,16.61,20.57,,,,25.64,23.65,27.51,,,,17.78,15.81,19.61,,,,10.51,8.5,12.3,,,,,,,,,,,,,,,,21.18,19.11,23.31,,,,,,,
2025-06-06,,,,18.57,16.58,20.54,,,,25.63,23.64,27.51,,,,17.77,15.8,19.62,,,,10.51,8.43,12.3,,,,,,,,,,,,,,,,21.21,19.15,23.34,,,,,,,
2025-06-07,,,,18.54,16.56,20.54,,,,25.61,23.64,27.5,,,,17.76,15.79,19.66,,,,10.52,8.37,12.3,,,,,,,,,,,,,,,,21.24,19.18,23.36,,,,,,,
2025-06-08,,,,18.51,16.53,20.51,,,,25.6,23.55,27.5,,,,17.75,15.78,19.67,,,,10.52,8.3,12.31,,,,,,,,,,,,,,,,21.27,19.21,23.38,,,,,,,
2025-06-09,,,,18.49,16.51,20.47,,,,25.59,23.5,27.5,,,,17.74,15.76,19.65,,,,10.53,8.3,12.36,,,,,,,,,,,,,,,,21.3,19.24,23.4,16.0,27.0,17.0,10.0,,,24.0
2025-06-10,,,,18.46,16.49,20.42,,,,25.58,23.49,27.49,,,,17.73,15.73,19.63,,,,10.53,8.37,12.41,,,,,,,,,,,,,,,,21.32,19.24,23.42,,,,,,,
2025-06-11,,,,18.43,16.47,20.39,,,,25.57,23.48,27.48,,,,17.72,15.7,19.62,,,,10.54,8.43,12.43,,,,,,,,,,,,,,,,21.35,19.22,23.44,,,,,,,
2025-06-12,,,,18.41,16.45,20.36,,,,25.56,23.46,27.47,,,,17.71,15.68,19.6,,,,10.54,8.43,12.44,,,,,,,,,,,,,,,,21.37,19.21,23.45,,,,,,,
2025-06-13,,,,18.38,16.41,20.31,,,,25.55,23.45,27.45,,,,17.7,15.69,19.58,,,,10.55,8.39,12.42,,,,,,,,,,,,,,,,21.4,19.21,23.47,,,,,,,
2025-06-14,,,,18.35,16.38,20.27,,,,25.54,23.44,27.48,,,,17.69,15.67,19.56,,,,10.55,8.38,12.4,,,,,,,,,,,,,,,,21.42,19.29,23.48,,,,,,,
2025-06-15,,,,18.33,16.32,20.24,,,,25.53,23.42,27.48,,,,17.67,15.63,19.56,,,,10.55,8.4,12.39,,,,,,,,,,,,,,,,21.45,19.3,23.49,,,,,,,
2025-06-16,,,,18.31,16.3,20.26,,,,25.52,23.4,27.45,,,,17.66,15.59,19.56,,,,10.56,8.42,12.38,,,,,,,,,,,,,,,,21.47,19.3,23.52,17.0,28.0,16.0,10.0,,,23.0
2025-06-17,,,,18.28,16.28,20.24,,,,25.51,23.39,27.43,,,,17.65,15.55,19.56,,,,10.56,8.44,12.37,,,,,,,,,,,,,,,,21.49,19.3,23.54,,,,,,,
2025-06-18,,,,18.26,16.25,20.21,,,,25.5,23.39,27.4,,,,17.64,15.53,19.53,,,,10.57,8.44,12.37,,,,,,,,,,,,,,,,21.51,19.32,23.55,,,,,,,
2025-06-19,,,,18.24,16.23,20.18,,,,25.49,23.37,27.38,,,,17.63,15.51,19.49,,,,10.57,8.44,12.4,,,,,,,,,,,,,,,,21.53,19.33,23.56,,,,,,,
2025-06-20,,,,18.22,16.22,20.15,,,,25.48,23.36,27.36,,,,17.61,15.49,19.45,,,,10.58,8.44,12.42,,,,,,,,,,,,,,,,21.55,19.33,23.57,,,,,,,
2025-06-21,,,,18.2,16.2,20.12,,,,25.48,23.34,27.36,,,,17.6,15.48,19.44,,,,10.59,8.44,12.45,,,,,,,,,,,,,,,,21.56,19.34,23.59,,,,,,,
2025-06-22,,,,18.18,16.17,20.1,,,,25.47,23.34,27.38,,,,17.59,15.46,19.44,,,,10.59,8.44,12.43,,,,,,,,,,,,,,,,21.58,19.38,23.6,,,,,,,
2025-06-23,,,,18.16,16.15,20.07,,,,25.46,23.33,27.38,,,,17.58,15.45,19.38,,,,10.6,8.44,12.42,,,,,,,,,,,,,,,,21.6,19.4,23.6,20.0,25.0,16.0,11.0,,,21.0
2025-06-24,,,,18.15,16.12,20.07,,,,25.45,23.32,27.36,,,,17.56,15.44,19.33,,,,10.6,8.45,12.43,,,,,,,,,,,,,,,,21.61,19.43,23.6,,,,,,,
2025-06-25,,,,18.13,16.1,20.07,,,,25.44,23.31,27.33,,,,17.55,15.43,19.32,,,,10.61,8.45,12.42,,,,,,,,,,,,,,,,21.62,19.46,23.62,,,,,,,
2025-06-26,,,,18.11,16.08,20.07,,,,25.44,23.31,27.31,,,,17.54,15.43,19.28,,,,10.62,8.45,12.4,,,,,,,,,,,,,,,,21.63,19.47,23.62,,,,,,,
2025-06-27,,,,18.1,16.07,20.07,,,,25.43,23.31,27.29,,,,17.53,15.42,19.23,,,,10.62,8.46,12.44,,,,,,,,,,,,,,,,21.64,19.49,23.62,,,,,,,
2025-06-28,,,,18.08,16.06,20.07,,,,25.42,23.31,27.26,,,,17.51,15.42,19.19,,,,10.63,8.51,12.48,,,,,,,,,,,,,,,,21.65,19.49,23.62,,,,,,,
2025-06-29,,,,18.07,16.05,20.07,,,,25.42,23.32,27.26,,,,17.5,15.42,19.2,,,,10.64,8.47,12.48,,,,,,,,,,,,,,,,21.66,19.51,23.62,,,,,,,
2025-06-30,,,,18.06,16.06,20.07,,,,25.41,23.33,27.26,,,,17.49,15.43,19.21,,,,10.64,8.47,12.46,,,,,,,,,,,,,,,,21.67,19.55,23.62,19.0,27.0,18.0,10.0,,,20.0
2025-07-01,,,,18.04,16.04,20.04,,,,25.4,23.33,27.27,,,,17.47,15.43,19.22,,,,10.65,8.48,12.48,,,,,,,,,,,,,,,,21.68,19.58,23.62,,,,,,,
2025-07-02,,,,18.03,16.03,20.03,,,,25.4,23.35,27.27,,,,17.46,15.44,19.2,,,,10.66,8.49,12.54,,,,,,,,,,,,,,,,21.68,19.6,23.61,,,,,,,
2025-07-03,,,,18.02,16.03,20.02,,,,25.39,23.36,27.27,,,,17.45,15.45,19.19,,,,10.67,8.5,12.55,,,,,,,,,,,,,,,,21.69,19.61,23.59,,,,,,,
2025-07-04,,,,18.01,16.03,19.99,,,,25.38,23.37,27.27,,,,17.44,15.46,19.19,,,,10.68,8.51,12.56,,,,,,,,,,,,,,,,21.69,19.62,23.59,,,,,,,
2025-07-05,,,,18.0,16.03,20.0,,,,25.38,23.36,27.27,,,,17.42,15.47,19.22,,,,10.69,8.52,12.57,,,,,,,,,,,,,,,,21.69,19.64,23.59,,,,,,,
2025-07-06,,,,17.99,16.03,19.99,,,,25.37,23.36,27.31,,,,17.41,15.48,19.23,,,,10.7,8.55,12.58,,,,,,,,,,,,,,,,21.7,19.62,23.59,,,,,,,
2025-07-07,,,,17.98,15.98,19.97,,,,25.36,23.38,27.35,,,,17.4,15.44,19.23,,,,10.71,8.61,12.6,,,,,,,,,,,,,,,,21.7,19.6,23.58,18.0,26.0,17.0,11.0,,,20.0
2025-07-08,,,,17.97,15.93,19.92,,,,25.36,23.4,27.39,,,,17.39,15.41,19.23,,,,10.72,8.67,12.62,,,,,,,,,,,,,,,,21.7,19.59,23.58,,,,,,,
2025-07-09,,,,17.96,15.88,19.87,,,,25.35,23.37,27.38,,,,17.38,15.38,19.22,,,,10.73,8.72,12.61,,,,,,,,,,,,,,,,21.7,19.57,23.58,,,,,,,
2025-07-10,,,,17.95,15.84,19.85,,,,25.34,23.37,27.37,,,,17.36,15.37,19.21,,,,10.74,8.74,12.61,,,,,,,,,,,,,,,,21.7,19.59,23.58,,,,,,,
2025-07-11,,,,17.94,15.79,19.82,,,,25.34,23.37,27.4,,,,17.35,15.34,19.18,,,,10.75,8.75,12.62,,,,,,,,,,,,,,,,21.7,19.62,23.58,,,,,,,
2025-07-12,,,,17.93,15.8,19.8,,,,25.33,23.38,27.41,,,,17.34,15.36,19.14,,,,10.77,8.77,12.63,,,,,,,,,,,,,,,,21.7,19.61,23.58,,,,,,,
2025-07-13,,,,17.92,15.8,19.78,,,,25.32,23.38,27.4,,,,17.33,15.33,19.13,,,,10.78,8.79,12.63,,,,,,,,,,,,,,,,21.7,19.6,23.59,,,,,,,
2025-07-14,,,,17.91,15.81,19.79,,,,25.31,23.38,27.38,,,,17.32,15.31,19.13,,,,10.79,8.8,12.64,,,,,,,,,,,,,,,,21.7,19.6,23.59,16.0,27.0,17.0,13.0,,,21.0
2025-07-15,,,,17.9,15.82,19.76,,,,25.3,23.38,27.36,,,,17.31,15.29,19.13,,,,10.8,8.82,12.66,,,,,,,,,,,,,,,,21.7,19.63,23.58,,,,,,,
2025-07-16,,,,17.9,15.83,19.72,,,,25.29,23.38,27.34,,,,17.3,15.27,19.11,,,,10.82,8.86,12.67,,,,,,,,,,,,,,,,21.7,19.66,23.53,,,,,,,
2025-07-17,,,,17.89,15.83,19.68,,,,25.28,23.39,27.34,,,,17.29,15.24,19.12,,,,10.83,8.92,12.68,,,,,,,,,,,,,,,,21.69,19.66,23.57,,,,,,,
2025-07-18,,,,17.88,15.84,19.65,,,,25.27,23.38,27.38,,,,17.29,15.24,19.12,,,,10.84,8.97,12.68,,,,,,,,,,,,,,,,21.69,19.67,23.59,,,,,,,
2025-07-19,,,,17.87,15.85,19.65,,,,25.26,23.35,27.38,,,,17.28,15.24,19.11,,,,10.86,8.98,12.7,,,,,,,,,,,,,,,,21.69,19.7,23.58,,,,,,,
2025-07-20,,,,17.87,15.86,19.65,,,,25.25,23.33,27.38,,,,17.27,15.23,19.15,,,,10.87,8.98,12.8,,,,,,,,,,,,,,,,21.69,19.67,23.57,,,,,,,
2025-07-21,,,,17.86,15.87,19.66,,,,25.23,23.32,27.35,,,,17.27,15.23,19.15,,,,10.89,8.98,12.8,,,,,,,,,,,,,,,,21.69,19.65,23.6,19.0,26.0,18.0,11.0,,,20.0
2025-07-22,,,,17.85,15.84,19.68,,,,25.22,23.3,27.28,,,,17.26,15.21,19.14,,,,10.9,8.98,12.8,,,,,,,,,,,,,,,,21.68,19.64,23.63,,,,,,,
2025-07-23,,,,17.85,15.82,19.69,,,,25.21,23.29,27.26,,,,17.25,15.22,19.17,,,,10.92,8.99,12.82,,,,,,,,,,,,,,,,21.68,19.67,23.65,,,,,,,
2025-07-24,,,,17.84,15.81,19.71,,,,25.19,23.28,27.29,,,,17.25,15.23,19.21,,,,10.94,9.0,12.83,,,,,,,,,,,,,,,,21.68,19.67,23.68,,,,,,,
2025-07-25,,,,17.83,15.81,19.72,,,,25.18,23.25,27.3,,,,17.25,15.23,19.24,,,,10.95,8.99,12.82,,,,,,,,,,,,,,,,21.68,19.65,23.71,,,,,,,
2025-07-26,,,,17.83,15.82,19.73,,,,25.16,23.24,27.24,,,,17.24,15.23,19.23,,,,10.97,9.01,12.81,,,,,,,,,,,,,,,,21.68,19.63,23.7,,,,,,,
2025-07-27,,,,17.82,15.83,19.75,,,,25.14,23.23,27.23,,,,17.24,15.24,19.22,,,,10.99,9.02,12.8,,,,,,,,,,,,,,,,21.68,19.64,23.67,,,,,,,
2025-07-28,,,,17.81,15.82,19.77,,,,25.13,23.21,27.21,,,,17.24,15.25,19.2,,,,11.01,9.04,12.81,,,,,,,,,,,,,,,,21.67,19.65,23.62,17.0,25.0,17.0,10.0,,,24.0
2025-07-29,,,,17.81,15.83,19.76,,,,25.11,23.19,27.2,,,,17.24,15.27,19.21,,,,11.02,9.05,12.81,,,,,,,,,,,,,,,,21.67,19.66,23.57,,,,,,,
2025-07-30,,,,17.8,15.82,19.73,,,,25.09,23.16,27.19,,,,17.24,15.28,19.21,,,,11.04,9.07,12.85,,,,,,,,,,,,,,,,21.67,19.64,23.57,,,,,,,
2025-07-31,,,,17.79,15.81,19.75,,,,25.07,23.16,27.18,,,,17.23,15.29,19.19,,,,11.06,9.09,12.9,,,,,,,,,,,,,,,,21.67,19.63,23.59,,,,,,,
2025-08-01,,,,17.79,15.82,19.78,,,,25.04,23.13,27.16,,,,17.23,15.3,19.18,,,,11.09,9.11,12.94,,,,,,,,,,,,,,,,21.67,19.64,23.61,,,,,,,
2025-08-02,,,,17.78,15.81,19.8,,,,25.02,23.14,27.12,,,,17.23,15.29,19.17,,,,11.11,9.13,12.99,,,,,,,,,,,,,,,,21.67,19.66,23.64,,,,,,,
2025-08-03,,,,17.78,15.79,19.83,,,,25.0,23.13,27.08,,,,17.24,15.31,19.16,,,,11.13,9.13,13.04,,,,,,,,,,,,,,,,21.67,19.68,23.65,,,,,,,
2025-08-04,,,,17.77,15.76,19.86,,,,24.97,23.11,27.04,,,,17.24,15.31,19.14,,,,11.15,9.12,13.1,,,,,,,,,,,,,,,,21.67,19.66,23.67,16.0,26.0,16.0,11.0,,,22.0
2025-08-05,,,,17.76,15.73,19.88,,,,24.94,23.1,27.0,,,,17.24,15.31,19.13,,,,11.18,9.12,13.17,,,,,,,,,,,,,,,,21.67,19.65,23.69,,,,,,,
2025-08-06,,,,17.76,15.71,19.88,,,,24.92,23.06,26.98,,,,17.24,15.29,19.15,,,,11.21,9.12,13.25,,,,,,,,,,,,,,,,21.67,19.65,23.71,,,,,,,
2025-08-07,,,,17.75,15.72,19.85,,,,24.89,23.04,26.97,,,,17.24,15.29,19.2,,,,11.23,9.13,13.33,,,,,,,,,,,,,,,,21.67,19.62,23.7,,,,,,,
2025-08-08,,,,17.74,15.74,19.83,,,,24.86,22.96,26.96,,,,17.24,15.27,19.24,,,,11.26,9.15,13.38,,,,,,,,,,,,,,,,21.67,19.63,23.66,,,,,,,
2025-08-09,,,,17.74,15.73,19.8,,,,24.83,22.91,26.94,,,,17.25,15.28,19.25,,,,11.29,9.17,13.41,,,,,,,,,,,,,,,,21.67,19.62,23.64,,,,,,,
2025-08-10,,,,17.73,15.72,19.77,,,,24.79,22.84,26.92,,,,17.25,15.25,19.23,,,,11.32,9.19,13.44,,,,,,,,,,,,,,,,21.67,19.62,23.65,,,,,,,
2025-08-11,,,,17.73,15.72,19.76,,,,24.76,22.76,26.89,,,,17.25,15.26,19.21,,,,11.35,9.22,13.53,,,,,,,,,,,,,,,,21.67,19.6,23.66,17.0,24.0,18.0,10.0,,,22.0
2025-08-12,,,,17.72,15.72,19.76,,,,24.73,22.71,26.86,,,,17.26,15.29,19.18,,,,11.38,9.27,13.59,,,,,,,,,,,,,,,,21.67,19.56,23.67,,,,,,,
2025-08-13,,,,17.72,15.71,19.75,,,,24.69,22.67,26.85,,,,17.26,15.3,19.18,,,,11.42,9.31,13.63,,,,,,,,,,,,,,,,21.67,19.54,23.68,,,,,,,
2025-08-14,,,,17.71,15.69,19.75,,,,24.65,22.63,26.8,,,,17.27,15.32,19.21,,,,11.45,9.37,13.67,,,,,,,,,,,,,,,,21.67,19.54,23.68,,,,,,,
2025-08-15,,,,17.7,15.67,19.75,,,,24.61,22.6,26.76,,,,17.27,15.33,19.25,,,,11.49,9.41,13.71,,,,,,,,,,,,,,,,21.68,19.55,23.69,,,,,,,
2025-08-16,,,,17.7,15.7,19.75,,,,24.58,22.55,26.73,,,,17.28,15.31,19.28,,,,11.52,9.43,13.75,,,,,,,,,,,,,,,,21.68,19.55,23.69,,,,,,,
2025-08-17,,,,17.69,15.72,19.75,,,,24.54,22.51,26.67,,,,17.28,15.29,19.32,,,,11.56,9.49,13.79,,,,,,,,,,,,,,,,21.68,19.57,23.68,,,,,,,
2025-08-18,,,,17.69,15.71,19.75,,,,24.49,22.45,26.64,,,,17.28,15.27,19.35,,,,11.6,9.53,13.83,,,,,,,,,,,,,,,,21.68,19.56,23.68,19.0,25.0,16.0,11.0,,,21.0
2025-08-19,,,,17.68,15.7,19.72,,,,24.45,22.41,26.59,,,,17.29,15.26,19.38,,,,11.64,9.58,13.96,,,,,,,,,,,,,,,,21.69,19.57,23.69,,,,,,,
2025-08-20,,,,17.68,15.68,19.7,,,,24.41,22.39,26.54,,,,17.29,15.24,19.41,,,,11.68,9.64,14.01,,,,,,,,,,,,,,,,21.69,19.59,23.68,,,,,,,
2025-08-21,,,,17.68,15.67,19.74,,,,24.37,22.37,26.49,,,,17.3,15.22,19.44,,,,11.72,9.61,14.08,,,,,,,,,,,,,,,,21.69,19.58,23.7,,,,,,,
2025-08-22,,,,17.67,15.66,19.75,,,,24.32,22.32,26.45,,,,17.3,15.21,19.44,,,,11.77,9.67,14.15,,,,,,,,,,,,,,,,21.69,19.59,23.72,,,,,,,
2025-08-23,,,,17.67,15.65,19.75,,,,24.28,22.28,26.41,,,,17.3,15.22,19.42,,,,11.81,9.71,14.2,,,,,,,,,,,,,,,,21.7,19.55,23.74,,,,,,,
2025-08-24,,,,17.67,15.64,19.75,,,,24.24,22.23,26.34,,,,17.31,15.17,19.41,,,,11.85,9.77,14.27,,,,,,,,,,,,,,,,21.7,19.55,23.74,,,,,,,
2025-08-25,,,,17.66,15.64,19.76,,,,24.19,22.11,26.29,,,,17.31,15.15,19.39,,,,11.9,9.84,14.35,,,,,,,,,,,,,,,,21.7,19.56,23.74,,,,,,,
2025-08-26,,,,17.66,15.63,19.76,,,,24.15,22.06,26.21,,,,17.31,15.13,19.37,,,,11.94,9.89,14.41,,,,,,,,,,,,,,,,21.71,19.57,23.74,18.0,23.0,19.0,11.0,,,22.0
2025-08-27,,,,17.66,15.64,19.73,,,,24.1,22.01,26.2,,,,17.31,15.19,19.35,,,,11.99,9.89,14.49,,,,,,,,,,,,,,,,21.71,19.58,23.77,,,,,,,
2025-08-28,,,,17.65,15.64,19.68,,,,24.06,21.99,26.18,,,,17.32,15.24,19.36,,,,12.04,9.95,14.56,,,,,,,,,,,,,,,,21.71,19.57,23.77,,,,,,,
2025-08-29,,,,17.65,15.65,19.63,,,,24.01,21.96,26.13,,,,17.32,15.29,19.38,,,,12.08,10.02,14.64,,,,,,,,,,,,,,,,21.72,19.58,23.78,,,,,,,
2025-08-30,,,,17.65,15.65,19.6,,,,23.97,21.94,26.05,,,,17.32,15.31,19.39,,,,12.13,10.08,14.7,,,,,,,,,,,,,,,,21.72,19.59,23.78,,,,,,,
2025-08-31,,,,17.65,15.65,19.55,,,,23.92,21.92,26.03,,,,17.32,15.31,19.41,,,,12.18,10.09,14.72,,,,,,,,,,,,,,,,21.72,19.6,23.78,,,,,,,
2025-09-01,,,,17.65,15.66,19.56,,,,23.88,21.87,25.96,,,,17.32,15.3,19.41,,,,12.23,10.11,14.74,,,,,,,,,,,,,,,,21.72,19.6,23.77,18.0,24.0,17.0,10.0,,,23.0
2025-09-02,,,,17.64,15.66,19.57,,,,23.83,21.83,25.93,,,,17.32,15.32,19.36,,,,12.28,10.13,14.79,,,,,,,,,,,,,,,,21.73,19.59,23.76,,,,,,,
2025-09-03,,,,17.64,15.66,19.58,,,,23.79,21.77,25.85,,,,17.32,15.31,19.35,,,,12.33,10.15,14.86,,,,,,,,,,,,,,,,21.73,19.57,23.74,,,,,,,
2025-09-04,,,,17.64,15.64,19.59,,,,23.74,21.71,25.77,,,,17.32,15.33,19.38,,,,12.39,10.17,14.89,,,,,,,,,,,,,,,,21.73,19.56,23.75,,,,,,,
2025-09-05,,,,17.64,15.62,19.61,,,,23.7,21.65,25.73,,,,17.31,15.33,19.39,,,,12.44,10.19,14.92,,,,,,,,,,,,,,,,21.73,19.55,23.75,,,,,,,
2025-09-06,,,,17.64,15.58,19.61,,,,23.65,21.6,25.74,,,,17.31,15.3,19.4,,,,12.49,10.21,14.96,,,,,,,,,,,,,,,,21.73,19.57,23.74,,,,,,,
2025-09-07,,,,17.65,15.54,19.64,,,,23.61,21.55,25.69,,,,17.31,15.26,19.41,,,,12.55,10.23,15.0,,,,,,,,,,,,,,,,21.73,19.58,23.73,,,,,,,
2025-09-08,,,,17.65,15.51,19.65,,,,23.56,21.5,25.64,,,,17.3,15.23,19.41,,,,12.61,10.23,15.12,,,,,,,,,,,,,,,,21.73,19.53,23.71,17.0,25.0,18.0,13.0,,,20.0
2025-09-09,,,,17.65,15.48,19.66,,,,23.52,21.44,25.61,,,,17.3,15.19,19.43,,,,12.66,10.25,15.24,,,,,,,,,,,,,,,,21.73,19.47,23.71,,,,,,,
2025-09-10,,,,17.65,15.45,19.68,,,,23.47,21.39,25.58,,,,17.3,15.15,19.43,,,,12.72,10.27,15.31,,,,,,,,,,,,,,,,21.72,19.48,23.7,,,,,,,
2025-09-11,,,,17.66,15.42,19.7,,,,23.43,21.35,25.54,,,,17.29,15.17,19.41,,,,12.78,10.3,15.38,,,,,,,,,,,,,,,,21.72,19.48,23.68,,,,,,,
2025-09-12,,,,17.66,15.4,19.7,,,,23.39,21.32,25.5,,,,17.28,15.21,19.38,,,,12.84,10.34,15.46,,,,,,,,,,,,,,,,21.72,19.49,23.67,,,,,,,
2025-09-13,,,,17.66,15.38,19.72,,,,23.34,21.28,25.47,,,,17.28,15.24,19.39,,,,12.9,10.37,15.57,,,,,,,,,,,,,,,,21.71,19.49,23.66,,,,,,,
2025-09-14,,,,17.67,15.36,19.73,,,,23.3,21.24,25.43,,,,17.27,15.27,19.41,,,,12.96,10.42,15.68,,,,,,,,,,,,,,,,21.7,19.47,23.66,,,,,,,
2025-09-15,,,,17.68,15.36,19.74,,,,23.26,21.23,25.39,,,,17.26,15.22,19.42,,,,13.02,10.46,15.72,,,,,,,,,,,,,,,,21.7,19.43,23.67,19.0,23.0,17.0,12.0,,,21.0
2025-09-16,,,,17.68,15.37,19.73,,,,23.21,21.23,25.35,,,,17.26,15.2,19.4,,,,13.08,10.52,15.75,,,,,,,,,,,,,,,,21.69,19.39,23.67,,,,,,,
2025-09-17,,,,17.69,15.38,19.72,,,,23.17,21.22,25.34,,,,17.25,15.21,19.36,,,,13.14,10.58,15.79,,,,,,,,,,,,,,,,21.68,19.38,23.63,,,,,,,
2025-09-18,,,,17.7,15.39,19.74,,,,23.13,21.21,25.31,,,,17.24,15.21,19.35,,,,13.21,10.61,15.84,,,,,,,,,,,,,,,,21.67,19.38,23.59,,,,,,,
2025-09-19,,,,17.71,15.41,19.78,,,,23.08,21.18,25.27,,,,17.23,15.22,19.34,,,,13.27,10.65,15.88,,,,,,,,,,,,,,,,21.66,19.36,23.55,,,,,,,
2025-09-20,,,,17.72,15.43,19.79,,,,23.04,21.1,25.23,,,,17.22,15.23,19.34,,,,13.34,10.71,15.92,,,,,,,,,,,,,,,,21.65,19.37,23.57,,,,,,,
2025-09-21,,,,17.73,15.44,19.79,,,,23.0,21.06,25.19,,,,17.21,15.21,19.33,,,,13.4,10.77,15.97,,,,,,,,,,,,,,,,21.64,19.37,23.58,,,,,,,
2025-09-22,,,,17.74,15.45,19.79,,,,22.96,21.01,25.15,,,,17.2,15.18,19.33,,,,13.47,10.83,16.01,,,,,,,,,,,,,,,,21.62,19.37,23.59,16.0,23.0,16.0,14.0,,,24.0
2025-09-23,,,,17.75,15.44,19.77,,,,22.92,20.93,25.11,,,,17.19,15.16,19.31,,,,13.53,10.91,16.1,,,,,,,,,,,,,,,,21.61,19.37,23.59,,,,,,,
2025-09-24,,,,17.76,15.46,19.77,,,,22.88,20.9,25.06,,,,17.18,15.13,19.29,,,,13.6,10.98,16.18,,,,,,,,,,,,,,,,21.6,19.38,23.54,,,,,,,
2025-09-25,,,,17.77,15.49,19.79,,,,22.84,20.88,25.03,,,,17.17,15.11,19.26,,,,13.67,11.05,16.27,,,,,,,,,,,,,,,,21.58,19.4,23.55,,,,,,,
2025-09-26,,,,17.78,15.52,19.8,,,,22.8,20.84,24.99,,,,17.16,15.12,19.24,,,,13.73,11.12,16.36,,,,,,,,,,,,,,,,21.57,19.42,23.56,,,,,,,
2025-09-27,,,,17.79,15.55,19.81,,,,22.76,20.78,24.95,,,,17.15,15.13,19.22,,,,13.8,11.19,16.4,,,,,,,,,,,,,,,,21.55,19.43,23.55,,,,,,,
2025-09-28,,,,17.8,15.58,19.85,,,,22.72,20.71,24.92,,,,17.14,15.13,19.2,,,,13.87,11.27,16.44,,,,,,,,,,,,,,,,21.54,19.45,23.55,,,,,,,
2025-09-29,,,,17.82,15.58,19.85,,,,22.68,20.68,24.88,,,,17.12,15.09,19.18,,,,13.94,11.36,16.48,,,,,,,,,,,,,,,,21.52,19.46,23.52,17.0,23.0,18.0,11.0,,,24.0
2025-09-30,,,,17.83,15.61,19.85,,,,22.64,20.69,24.84,,,,17.11,15.04,19.15,,,,14.01,11.42,16.55,,,,,,,,,,,,,,,,21.5,19.47,23.53,,,,,,,
2025-10-01,,,,17.84,15.63,19.84,,,,22.6,20.66,24.81,,,,17.1,15.01,19.12,,,,14.07,11.53,16.6,,,,,,,,,,,,,,,,21.49,19.48,23.53,,,,,,,
2025-10-02,,,,17.86,15.66,19.85,,,,22.57,20.61,24.74,,,,17.09,14.97,19.09,,,,14.14,11.64,16.64,,,,,,,,,,,,,,,,21.47,19.49,23.53,,,,,,,
2025-10-03,,,,17.87,15.66,19.85,,,,22.53,20.57,24.69,,,,17.07,14.96,19.06,,,,14.21,11.66,16.69,,,,,,,,,,,,,,,,21.45,19.48,23.48,,,,,,,
2025-10-04,,,,17.88,15.67,19.89,,,,22.49,20.53,24.69,,,,17.06,14.96,19.04,,,,14.28,11.75,16.83,,,,,,,,,,,,,,,,21.44,19.42,23.48,,,,,,,
2025-10-05,,,,17.9,15.68,19.93,,,,22.46,20.5,24.66,,,,17.05,14.96,19.03,,,,14.35,11.82,16.98,,,,,,,,,,,,,,,,21.42,19.42,23.48,,,,,,,
2025-10-06,,,,17.91,15.69,19.97,,,,22.42,20.46,24.62,,,,17.04,14.97,19.0,,,,14.42,11.89,17.05,,,,,,,,,,,,,,,,21.4,19.42,23.48,20.0,23.0,19.0,12.0,,,20.0
2025-10-07,,,,17.92,15.7,20.01,,,,22.39,20.39,24.58,,,,17.02,14.98,18.96,,,,14.49,11.95,17.1,,,,,,,,,,,,,,,,21.39,19.43,23.48,,,,,,,
2025-10-08,,,,17.94,15.71,20.04,,,,22.35,20.3,24.54,,,,17.01,14.99,18.95,,,,14.55,12.0,17.22,,,,,,,,,,,,,,,,21.37,19.39,23.48,,,,,,,
2025-10-09,,,,17.95,15.72,20.01,,,,22.32,20.21,24.5,,,,17.0,14.94,18.91,,,,14.62,12.06,17.27,,,,,,,,,,,,,,,,21.35,19.32,23.45,,,,,,,
2025-10-10,,,,17.97,15.73,20.04,,,,22.28,20.12,24.43,,,,16.98,14.9,18.86,,,,14.69,12.12,17.33,,,,,,,,,,,,,,,,21.33,19.25,23.42,,,,,,,
2025-10-11,,,,17.98,15.74,20.02,,,,22.25,20.08,24.4,,,,16.97,14.86,18.84,,,,14.75,12.23,17.39,,,,,,,,,,,,,,,,21.32,19.18,23.43,,,,,,,
2025-10-12,,,,18.0,15.75,20.02,,,,22.22,20.05,24.36,,,,16.96,14.81,18.8,,,,14.82,12.33,17.43,,,,,,,,,,,,,,,,21.3,19.12,23.45,,,,,,,
2025-10-13,,,,18.01,15.79,20.07,,,,22.19,20.02,24.33,,,,16.94,14.78,18.76,,,,14.88,12.39,17.48,,,,,,,,,,,,,,,,21.28,19.05,23.46,17.0,21.0,18.0,16.0,,,21.0
2025-10-14,,,,18.03,15.83,20.09,,,,22.15,19.99,24.3,,,,16.93,14.74,18.74,,,,14.95,12.42,17.51,,,,,,,,,,,,,,,,21.26,18.98,23.41,,,,,,,
2025-10-15,,,,18.04,15.87,20.13,,,,22.12,19.97,24.26,,,,16.92,14.7,18.73,,,,15.01,12.44,17.54,,,,,,,,,,,,,,,,21.25,18.93,23.42,,,,,,,
2025-10-16,,,,18.06,15.89,20.19,,,,22.09,19.95,24.22,,,,16.91,14.67,18.73,,,,15.07,12.46,17.56,,,,,,,,,,,,,,,,21.23,18.93,23.39,,,,,,,
2025-10-17,,,,18.07,15.93,20.2,,,,22.06,19.92,24.19,,,,16.9,14.67,18.74,,,,15.14,12.48,17.6,,,,,,,,,,,,,,,,21.21,18.93,23.36,,,,,,,
2025-10-18,,,,18.09,15.97,20.24,,,,22.03,19.85,24.15,,,,16.88,14.67,18.75,,,,15.2,12.53,17.64,,,,,,,,,,,,,,,,21.19,18.93,23.33,,,,,,,
2025-10-19,,,,18.1,16.0,20.28,,,,22.0,19.78,24.11,,,,16.87,14.66,18.75,,,,15.26,12.61,17.71,,,,,,,,,,,,,,,,21.18,18.92,23.3,,,,,,,
2025-10-20,,,,18.12,16.03,20.33,,,,21.97,19.71,24.07,,,,16.86,14.64,18.74,,,,15.32,12.71,17.78,,,,,,,,,,,,,,,,21.16,18.88,23.26,18.0,21.0,16.0,17.0,,,22.0
2025-10-21,,,,18.14,16.05,20.35,,,,21.94,19.65,24.04,,,,16.85,14.61,18.73,,,,15.38,12.8,17.85,,,,,,,,,,,,,,,,21.14,18.83,23.27,,,,,,,
2025-10-22,,,,18.15,16.04,20.36,,,,21.91,19.58,24.05,,,,16.84,14.58,18.75,,,,15.44,12.82,17.95,,,,,,,,,,,,,,,,21.13,18.78,23.3,,,,,,,
2025-10-23,,,,18.17,16.1,20.37,,,,21.88,19.52,24.01,,,,16.83,14.55,18.75,,,,15.49,12.84,18.0,,,,,,,,,,,,,,,,21.11,18.73,23.27,,,,,,,
2025-10-24,,,,18.18,16.14,20.37,,,,21.85,19.47,23.97,,,,16.81,14.53,18.75,,,,15.55,12.9,18.05,,,,,,,,,,,,,,,,21.09,18.72,23.24,,,,,,,
2025-10-25,,,,18.2,16.17,20.38,,,,21.82,19.41,23.93,,,,16.8,14.5,18.75,,,,15.61,12.96,18.1,,,,,,,,,,,,,,,,21.07,18.71,23.22,,,,,,,
2025-10-26,,,,18.22,16.2,20.41,,,,21.79,19.35,23.89,,,,16.79,14.48,18.75,,,,15.66,13.03,18.15,,,,,,,,,,,,,,,,21.06,18.69,23.23,,,,,,,
2025-10-27,,,,18.23,16.23,20.44,,,,21.76,19.36,23.88,,,,16.78,14.46,18.77,,,,15.72,13.09,18.19,,,,,,,,,,,,,,,,21.04,18.69,23.26,17.0,19.0,18.0,19.0,,,21.0
2025-10-28,,,,18.25,16.26,20.47,,,,21.73,19.38,23.91,,,,16.77,14.45,18.75,,,,15.77,13.15,18.26,,,,,,,,,,,,,,,,21.02,18.69,23.24,,,,,,,
2025-10-29,,,,18.27,16.29,20.5,,,,21.7,19.4,23.85,,,,16.76,14.44,18.74,,,,15.82,13.22,18.33,,,,,,,,,,,,,,,,21.0,18.7,23.22,,,,,,,
2025-10-30,,,,18.28,16.33,20.54,,,,21.68,19.43,23.82,,,,16.75,14.43,18.72,,,,15.87,13.29,18.41,,,,,,,,,,,,,,,,20.99,18.71,23.18,,,,,,,
2025-10-31,,,,18.3,16.36,20.52,,,,21.65,19.46,23.81,,,,16.75,14.42,18.73,,,,15.93,13.34,18.48,,,,,,,,,,,,,,,,20.97,18.72,23.14,,,,,,,
2025-11-01,,,,18.32,16.36,20.52,,,,21.62,19.49,23.78,,,,16.74,14.42,18.77,,,,15.98,13.4,18.54,,,,,,,,,,,,,,,,20.95,18.69,23.16,,,,,,,
2025-11-02,,,,18.33,16.36,20.55,,,,21.59,19.41,23.75,,,,16.73,14.42,18.8,,,,16.03,13.47,18.61,,,,,,,,,,,,,,,,20.93,18.64,23.18,,,,,,,
2025-11-03,,,,18.35,16.37,20.57,,,,21.57,19.34,23.72,,,,16.72,14.45,18.83,,,,16.08,13.53,18.67,,,,,,,,,,,,,,,,20.91,18.68,23.19,16.0,22.0,17.0,17.0,,,23.0
2025-11-04,,,,18.37,16.37,20.62,,,,21.54,19.29,23.69,,,,16.71,14.49,18.87,,,,16.12,13.6,18.73,,,,,,,,,,,,,,,,20.89,18.7,23.15,,,,,,,
2025-11-05,,,,18.38,16.39,20.62,,,,21.51,19.25,23.64,,,,16.7,14.49,18.87,,,,16.17,13.66,18.79,,,,,,,,,,,,,,,,20.88,18.7,23.12,,,,,,,
2025-11-06,,,,18.4,16.39,20.63,,,,21.49,19.26,23.59,,,,16.69,14.48,18.83,,,,16.22,13.73,18.85,,,,,,,,,,,,,,,,20.86,18.7,23.11,,,,,,,
2025-11-07,,,,18.42,16.38,20.66,,,,21.46,19.24,23.6,,,,16.69,14.48,18.82,,,,16.26,13.79,18.9,,,,,,,,,,,,,,,,20.84,18.7,23.04,,,,,,,
2025-11-08,,,,18.43,16.38,20.72,,,,21.44,19.19,23.54,,,,16.68,14.48,18.89,,,,16.31,13.86,18.96,,,,,,,,,,,,,,,,20.82,18.69,22.98,,,,,,,
2025-11-09,,,,18.45,16.41,20.8,,,,21.41,19.14,23.53,,,,16.67,14.48,18.9,,,,16.35,13.92,18.97,,,,,,,,,,,,,,,,20.8,18.69,22.96,,,,,,,
2025-11-10,,,,18.46,16.46,20.88,,,,21.39,19.1,23.52,,,,16.66,14.48,18.91,,,,16.4,14.01,18.97,,,,,,,,,,,,,,,,20.78,18.7,22.99,19.0,22.0,16.0,16.0,,,20.0
2025-11-11,,,,18.48,16.47,20.92,,,,21.36,19.06,23.51,,,,16.66,14.49,18.88,,,,16.44,14.08,18.98,,,,,,,,,,,,,,,,20.77,18.7,22.95,,,,,,,
2025-11-12,,,,18.5,16.45,20.96,,,,21.34,19.07,23.5,,,,16.65,14.48,18.81,,,,16.48,14.14,18.97,,,,,,,,,,,,,,,,20.75,18.72,22.89,,,,,,,
2025-11-13,,,,18.51,16.44,20.97,,,,21.32,19.1,23.51,,,,16.64,14.51,18.75,,,,16.53,14.21,18.95,,,,,,,,,,,,,,,,20.73,18.73,22.83,,,,,,,
2025-11-14,,,,18.53,16.48,20.99,,,,21.29,19.12,23.52,,,,16.64,14.54,18.78,,,,16.57,14.3,18.94,,,,,,,,,,,,,,,,20.71,18.72,22.77,,,,,,,
2025-11-15,,,,18.55,16.45,21.0,,,,21.27,19.15,23.54,,,,16.63,14.58,18.8,,,,16.61,14.44,18.94,,,,,,,,,,,,,,,,20.7,18.71,22.7,,,,,,,
2025-11-16,,,,18.56,16.47,21.01,,,,21.25,19.17,23.56,,,,16.62,14.61,18.82,,,,16.65,14.57,18.94,,,,,,,,,,,,,,,,20.68,18.73,22.69,,,,,,,
2025-11-17,,,,18.58,16.53,21.02,,,,21.23,19.23,23.54,,,,16.61,14.65,18.85,,,,16.68,14.59,18.96,,,,,,,,,,,,,,,,20.66,18.77,22.68,19.0,22.0,14.0,19.0,,,20.0
2025-11-18,,,,18.59,16.6,21.02,,,,21.21,19.3,23.52,,,,16.61,14.68,18.88,,,,16.72,14.62,18.96,,,,,,,,,,,,,,,,20.65,18.76,22.67,,,,,,,
2025-11-19,,,,18.61,16.66,21.02,,,,21.19,19.32,23.5,,,,16.6,14.74,18.9,,,,16.76,14.64,19.0,,,,,,,,,,,,,,,,20.63,18.75,22.65,,,,,,,
2025-11-20,,,,18.62,16.69,20.98,,,,21.17,19.3,23.47,,,,16.59,14.76,18.93,,,,16.79,14.65,19.08,,,,,,,,,,,,,,,,20.61,18.74,22.63,,,,,,,
2025-11-21,,,,18.64,16.7,20.93,,,,21.15,19.28,23.43,,,,16.58,14.77,18.93,,,,16.83,14.68,19.15,,,,,,,,,,,,,,,,20.6,18.74,22.59,,,,,,,
2025-11-22,,,,18.65,16.72,20.95,,,,21.14,19.24,23.33,,,,16.58,14.76,18.93,,,,16.86,14.69,19.18,,,,,,,,,,,,,,,,20.58,18.71,22.56,,,,,,,
2025-11-23,,,,18.67,16.73,20.98,,,,21.12,19.19,23.23,,,,16.57,14.72,18.93,,,,16.89,14.7,19.21,,,,,,,,,,,,,,,,20.56,18.66,22.56,,,,,,,
2025-11-24,,,,18.68,16.74,20.97,,,,21.1,19.14,23.15,,,,16.56,14.71,18.94,,,,16.93,14.72,19.22,,,,,,,,,,,,,,,,20.55,18.61,22.55,20.0,20.0,17.0,19.0,,,18.0
2025-11-25,,,,18.7,16.75,20.9,,,,21.09,19.11,23.09,,,,16.55,14.72,18.92,,,,16.96,14.8,19.19,,,,,,,,,,,,,,,,20.53,18.62,22.56,,,,,,,
2025-11-26,,,,18.71,16.77,20.89,,,,21.08,19.11,23.09,,,,16.54,14.73,18.92,,,,16.99,14.78,19.18,,,,,,,,,,,,,,,,20.52,18.64,22.56,,,,,,,
2025-11-27,,,,18.73,16.78,20.87,,,,21.06,19.11,23.1,,,,16.53,14.71,18.89,,,,17.02,14.78,19.2,,,,,,,,,,,,,,,,20.5,18.61,22.56,,,,,,,
2025-11-28,,,,18.74,16.8,20.87,,,,21.05,19.1,23.1,,,,16.52,14.67,18.9,,,,17.04,14.8,19.22,,,,,,,,,,,,,,,,20.49,18.61,22.56,,,,,,,
2025-11-29,,,,18.76,16.81,20.86,,,,21.04,19.12,23.1,,,,16.51,14.62,18.91,,,,17.07,14.82,19.24,,,,,,,,,,,,,,,,20.47,18.62,22.55,,,,,,,
2025-11-30,,,,18.77,16.8,20.87,,,,21.03,19.13,23.1,,,,16.5,14.57,18.91,,,,17.1,14.84,19.26,,,,,,,,,,,,,,,,20.46,18.62,22.54,,,,,,,
2025-12-01,,,,18.79,16.8,20.89,,,,21.02,19.09,23.09,,,,16.49,14.52,18.91,,,,17.12,14.86,19.28,,,,,,,,,,,,,,,,20.44,18.57,22.53,19.0,20.0,15.0,19.0,,,19.0
2025-12-02,,,,18.8,16.81,20.9,,,,21.01,19.11,23.05,,,,16.48,14.49,18.9,,,,17.15,14.88,19.3,,,,,,,,,,,,,,,,20.42,18.52,22.52,,,,,,,
2025-12-03,,,,18.82,16.81,20.92,,,,21.0,19.08,23.02,,,,16.47,14.47,18.9,,,,17.17,14.92,19.32,,,,,,,,,,,,,,,,20.41,18.47,22.51,,,,,,,
2025-12-04,,,,18.83,16.81,20.94,,,,20.99,19.04,22.97,,,,16.46,14.44,18.9,,,,17.2,14.94,19.33,,,,,,,,,,,,,,,,20.39,18.43,22.48,,,,,,,
2025-12-05,,,,18.85,16.83,20.99,,,,20.98,18.99,22.95,,,,16.45,14.35,18.9,,,,17.22,15.01,19.35,,,,,,,,,,,,,,,,20.38,18.38,22.43,,,,,,,
2025-12-06,,,,18.86,16.87,21.05,,,,20.97,18.94,22.94,,,,16.44,14.31,18.89,,,,17.24,15.04,19.35,,,,,,,,,,,,,,,,20.36,18.34,22.39,,,,,,,
2025-12-07,,,,18.88,16.86,21.1,,,,20.97,18.89,22.94,,,,16.43,14.28,18.88,,,,17.26,15.03,19.37,,,,,,,,,,,,,,,,20.34,18.31,22.39,,,,,,,
2025-12-08,,,,18.89,16.84,21.12,,,,20.96,18.85,22.94,,,,16.42,14.25,18.82,,,,17.29,15.06,19.38,,,,,,,,,,,,,,,,20.33,18.34,22.39,20.0,22.0,16.0,17.0,,,20.0
2025-12-09,,,,18.9,16.85,21.13,,,,20.95,18.8,22.93,,,,16.41,14.21,18.76,,,,17.31,15.12,19.4,,,,,,,,,,,,,,,,20.31,18.27,22.38,,,,,,,
2025-12-10,,,,18.92,16.83,21.09,,,,20.95,18.76,22.92,,,,16.39,14.18,18.7,,,,17.33,15.21,19.41,,,,,,,,,,,,,,,,20.29,18.19,22.38,,,,,,,
2025-12-11,,,,18.93,16.81,21.04,,,,20.94,18.72,22.91,,,,16.38,14.15,18.63,,,,17.35,15.21,19.45,,,,,,,,,,,,,,,,20.28,18.2,22.35,,,,,,,
2025-12-12,,,,18.94,16.79,21.04,,,,20.93,18.72,22.9,,,,16.37,14.12,18.58,,,,17.37,15.21,19.48,,,,,,,,,,,,,,,,20.26,18.19,22.32,,,,,,,
2025-12-13,,,,18.96,16.78,21.02,,,,20.93,18.73,22.89,,,,16.35,14.09,18.63,,,,17.38,15.19,19.5,,,,,,,,,,,,,,,,20.24,18.19,22.27,,,,,,,
2025-12-14,,,,18.97,16.76,20.98,,,,20.92,18.75,22.88,,,,16.34,14.07,18.66,,,,17.4,15.17,19.53,,,,,,,,,,,,,,,,20.23,18.19,22.24,,,,,,,
2025-12-15,,,,18.98,16.75,20.98,,,,20.92,18.75,22.87,,,,16.33,14.04,18.65,,,,17.42,15.16,19.55,,,,,,,,,,,,,,,,20.21,18.16,22.19,18.0,20.0,15.0,20.0,,,22.0
2025-12-16,,,,18.99,16.73,21.0,,,,20.91,18.77,22.9,,,,16.32,14.01,18.6,,,,17.44,15.15,19.58,,,,,,,,,,,,,,,,20.19,18.11,22.19,,,,,,,
2025-12-17,,,,19.0,16.71,21.05,,,,20.91,18.76,22.93,,,,16.3,13.99,18.54,,,,17.46,15.2,19.59,,,,,,,,,,,,,,,,20.18,18.15,22.16,,,,,,,
2025-12-18,,,,19.02,16.71,21.1,,,,20.9,18.74,22.96,,,,16.29,13.98,18.48,,,,17.48,15.23,19.59,,,,,,,,,,,,,,,,20.16,18.18,22.14,,,,,,,
2025-12-19,,,,19.03,16.75,21.11,,,,20.9,18.71,22.94,,,,16.28,13.96,18.45,,,,17.49,15.21,19.56,,,,,,,,,,,,,,,,20.14,18.17,22.11,,,,,,,
2025-12-20,,,,19.04,16.8,21.12,,,,20.89,18.68,22.89,,,,16.27,13.95,18.49,,,,17.51,15.2,19.55,,,,,,,,,,,,,,,,20.12,18.16,22.08,,,,,,,
2025-12-21,,,,19.05,16.79,21.12,,,,20.89,18.7,22.84,,,,16.25,13.96,18.54,,,,17.53,15.19,19.53,,,,,,,,,,,,,,,,20.1,18.13,22.06,,,,,,,
2025-12-22,,,,19.06,16.79,21.14,,,,20.88,18.72,22.85,,,,16.24,13.98,18.58,,,,17.54,15.21,19.53,,,,,,,,,,,,,,,,20.09,18.1,22.03,21.0,21.0,17.0,15.0,,,20.0
2025-12-23,,,,19.07,16.8,21.18,,,,20.88,18.74,22.89,,,,16.23,13.97,18.62,,,,17.56,15.22,19.54,,,,,,,,,,,,,,,,20.07,17.99,22.02,,,,,,,
2025-12-24,,,,19.08,16.79,21.21,,,,20.87,18.71,22.93,,,,16.22,13.97,18.62,,,,17.58,15.22,19.56,,,,,,,,,,,,,,,,20.05,17.9,21.99,,,,,,,
2025-12-25,,,,19.09,16.85,21.21,,,,20.86,18.62,22.95,,,,16.21,13.97,18.59,,,,17.6,15.23,19.59,,,,,,,,,,,,,,,,20.03,17.8,21.96,,,,,,,
2025-12-26,,,,19.09,16.89,21.21,,,,20.86,18.55,22.92,,,,16.2,13.99,18.56,,,,17.61,15.23,19.61,,,,,,,,,,,,,,,,20.01,17.78,21.93,,,,,,,
2025-12-27,,,,19.1,16.95,21.22,,,,20.85,18.54,22.9,,,,16.19,13.98,18.53,,,,17.63,15.25,19.64,,,,,,,,,,,,,,,,19.99,17.7,21.91,,,,,,,
2025-12-28,,,,19.11,16.92,21.23,,,,20.84,18.54,22.9,,,,16.18,13.99,18.53,,,,17.64,15.3,19.66,,,,,,,,,,,,,,,,19.97,17.66,21.88,,,,,,,
2025-12-29,,,,19.12,16.86,21.27,,,,20.84,18.55,22.93,,,,16.17,13.98,18.51,,,,17.66,15.33,19.67,,,,,,,,,,,,,,,,19.95,17.64,21.85,,,,,,,
2025-12-30,,,,19.13,16.89,21.33,,,,20.83,18.55,22.96,,,,16.16,13.99,18.49,,,,17.68,15.37,19.69,,,,,,,,,,,,,,,,19.93,17.62,21.82,,,,,,,
2025-12-31,,,,19.14,16.91,21.39,,,,20.82,18.55,22.93,,,,16.15,14.0,18.46,,,,17.7,15.38,19.69,,,,,,,,,,,,,,,,19.91,17.6,21.82,,,,,,,
2026-01-01,,,,19.14,16.95,21.44,,,,20.81,18.55,22.92,,,,16.14,14.0,18.44,,,,17.71,15.37,19.7,,,,,,,,,,,,,,,,19.89,17.58,21.8,,,,,,,
2026-01-02,,,,19.15,16.98,21.47,,,,20.8,18.55,22.96,,,,16.14,14.01,18.43,,,,17.73,15.4,19.71,,,,,,,,,,,,,,,,19.87,17.57,21.8,,,,,,,
2026-01-03,,,,19.15,17.02,21.49,,,,20.8,18.55,22.98,,,,16.13,14.02,18.43,,,,17.75,15.43,19.71,,,,,,,,,,,,,,,,19.85,17.54,21.81,,,,,,,
2026-01-04,,,,19.16,17.06,21.48,,,,20.79,18.59,22.96,,,,16.12,14.03,18.43,,,,17.77,15.46,19.7,,,,,,,,,,,,,,,,19.82,17.53,21.77,,,,,,,
2026-01-05,,,,19.17,17.08,21.45,,,,20.78,18.63,22.94,,,,16.11,14.03,18.42,,,,17.78,15.5,19.69,,,,,,,,,,,,,,,,19.8,17.5,21.73,20.0,20.0,18.0,17.0,,,19.0
2026-01-06,,,,19.17,17.1,21.46,,,,20.77,18.65,22.92,,,,16.11,14.04,18.41,,,,17.8,15.53,19.7,,,,,,,,,,,,,,,,19.78,17.47,21.7,,,,,,,
2026-01-07,,,,19.17,17.15,21.47,,,,20.76,18.69,22.89,,,,16.1,14.05,18.37,,,,17.82,15.59,19.7,,,,,,,,,,,,,,,,19.76,17.45,21.72,,,,,,,
2026-01-08,,,,19.18,17.14,21.48,,,,20.75,18.73,22.82,,,,16.09,14.06,18.3,,,,17.84,15.6,19.7,,,,,,,,,,,,,,,,19.74,17.42,21.73,,,,,,,
2026-01-09,,,,19.18,17.15,21.47,,,,20.74,18.73,22.75,,,,16.09,14.06,18.28,,,,17.86,15.64,19.77,,,,,,,,,,,,,,,,19.72,17.41,21.74,,,,,,,
2026-01-10,,,,19.18,17.19,21.38,,,,20.73,18.68,22.69,,,,16.08,14.07,18.27,,,,17.88,15.69,19.84,,,,,,,,,,,,,,,,19.7,17.46,21.75,,,,,,,
2026-01-11,,,,19.18,17.23,21.32,,,,20.72,18.63,22.72,,,,16.07,14.07,18.25,,,,17.9,15.75,19.91,,,,,,,,,,,,,,,,19.68,17.51,21.69,,,,,,,
2026-01-12,,,,19.18,17.21,21.35,,,,20.71,18.61,22.65,,,,16.07,14.08,18.24,,,,17.92,15.81,19.97,,,,,,,,,,,,,,,,19.66,17.57,21.65,21.0,21.0,18.0,14.0,,,19.0
2026-01-13,,,,19.18,17.21,21.38,,,,20.69,18.62,22.55,,,,16.06,14.09,18.26,,,,17.94,15.84,20.03,,,,,,,,,,,,,,,,19.64,17.55,21.6,,,,,,,
2026-01-14,,,,19.18,17.21,21.4,,,,20.68,18.6,22.59,,,,16.05,14.12,18.25,,,,17.97,15.87,20.02,,,,,,,,,,,,,,,,19.63,17.49,21.55,,,,,,,
2026-01-15,,,,19.18,17.15,21.43,,,,20.67,18.57,22.62,,,,16.05,14.14,18.26,,,,17.99,15.9,20.03,,,,,,,,,,,,,,,,19.61,17.43,21.52,,,,,,,
2026-01-16,,,,19.17,17.19,21.46,,,,20.66,18.6,22.65,,,,16.04,14.17,18.24,,,,18.01,15.93,20.03,,,,,,,,,,,,,,,,19.59,17.37,21.51,,,,,,,
2026-01-17,,,,19.17,17.2,21.46,,,,20.65,18.61,22.61,,,,16.04,14.19,18.22,,,,18.03,15.96,20.04,,,,,,,,,,,,,,,,19.57,17.31,21.5,,,,,,,
2026-01-18,,,,19.17,17.13,21.44,,,,20.63,18.6,22.59,,,,16.03,14.17,18.21,,,,18.05,15.98,20.1,,,,,,,,,,,,,,,,19.55,17.26,21.49,,,,,,,
2026-01-19,,,,19.16,17.1,21.44,,,,20.62,18.6,22.56,,,,16.03,14.14,18.19,,,,18.07,16.01,20.12,,,,,,,,,,,,,,,,19.53,17.21,21.49,18.0,20.0,16.0,19.0,,,20.0
2026-01-20,,,,19.16,17.11,21.49,,,,20.61,18.65,22.57,,,,16.02,14.12,18.18,,,,18.1,16.04,20.23,,,,,,,,,,,,,,,,19.52,17.16,21.51,,,,,,,
2026-01-21,,,,19.15,17.15,21.52,,,,20.6,18.59,22.57,,,,16.01,14.11,18.18,,,,18.12,16.06,20.3,,,,,,,,,,,,,,,,19.5,17.18,21.53,,,,,,,
2026-01-22,,,,19.15,17.19,21.5,,,,20.58,18.55,22.58,,,,16.01,14.1,18.19,,,,18.14,16.08,20.34,,,,,,,,,,,,,,,,19.48,17.2,21.55,,,,,,,
2026-01-23,,,,19.14,17.15,21.53,,,,20.57,18.54,22.58,,,,16.0,14.07,18.25,,,,18.16,16.11,20.35,,,,,,,,,,,,,,,,19.46,17.23,21.56,,,,,,,
2026-01-24,,,,19.13,17.13,21.53,,,,20.56,18.53,22.58,,,,16.0,14.05,18.22,,,,18.19,16.12,20.35,,,,,,,,,,,,,,,,19.45,17.26,21.58,,,,,,,
2026-01-25,,,,19.12,17.14,21.53,,,,20.55,18.52,22.54,,,,15.99,14.02,18.18,,,,18.21,16.12,20.36,,,,,,,,,,,,,,,,19.43,17.29,21.59,,,,,,,
2026-01-26,,,,19.11,17.14,21.5,,,,20.53,18.55,22.56,,,,15.99,14.0,18.18,,,,18.23,16.12,20.37,,,,,,,,,,,,,,,,19.42,17.32,21.6,17.0,22.0,17.0,17.0,,,22.0
2026-01-27,,,,19.11,17.12,21.46,,,,20.52,18.52,22.52,,,,15.98,13.98,18.16,,,,18.25,16.12,20.41,,,,,,,,,,,,,,,,19.4,17.36,21.58,,,,,,,
2026-01-28,,,,19.1,17.09,21.42,,,,20.51,18.5,22.49,,,,15.97,13.98,18.14,,,,18.27,16.16,20.42,,,,,,,,,,,,,,,,19.39,17.34,21.54,,,,,,,
2026-01-29,,,,19.09,17.1,21.4,,,,20.49,18.47,22.51,,,,15.97,14.0,18.13,,,,18.3,16.21,20.46,,,,,,,,,,,,,,,,19.37,17.32,21.56,,,,,,,
2026-01-30,,,,19.08,17.12,21.4,,,,20.48,18.45,22.53,,,,15.96,13.98,18.11,,,,18.32,16.22,20.5,,,,,,,,,,,,,,,,19.36,17.28,21.53,,,,,,,
2026-01-31,,,,19.07,17.1,21.4,,,,20.46,18.43,22.53,,,,15.95,13.96,18.13,,,,18.34,16.25,20.53,,,,,,,,,,,,,,,,19.35,17.24,21.51,,,,,,,
2026-02-01,,,,19.06,17.08,21.4,,,,20.45,18.42,22.56,,,,15.94,13.95,18.12,,,,18.36,16.32,20.57,,,,,,,,,,,,,,,,19.34,17.21,21.52,,,,,,,
2026-02-02,,,,19.05,17.11,21.38,,,,20.44,18.41,22.57,,,,15.94,13.94,18.09,,,,18.38,16.34,20.6,,,,,,,,,,,,,,,,19.32,17.24,21.53,19.0,21.0,15.0,18.0,,,22.0
2026-02-03,,,,19.04,17.15,21.35,,,,20.42,18.4,22.54,,,,15.93,13.93,18.06,,,,18.4,16.33,20.61,,,,,,,,,,,,,,,,19.31,17.27,21.54,,,,,,,
2026-02-04,,,,19.03,17.21,21.32,,,,20.41,18.4,22.52,,,,15.92,13.93,18.03,,,,18.42,16.33,20.59,,,,,,,,,,,,,,,,19.3,17.23,21.54,,,,,,,
2026-02-05,,,,19.02,17.23,21.29,,,,20.39,18.39,22.51,,,,15.91,13.93,18.03,,,,18.44,16.33,20.59,,,,,,,,,,,,,,,,19.29,17.2,21.55,,,,,,,
2026-02-06,,,,19.01,17.23,21.26,,,,20.38,18.4,22.49,,,,15.9,13.94,18.05,,,,18.46,16.32,20.57,,,,,,,,,,,,,,,,19.28,17.16,21.56,,,,,,,
2026-02-07,,,,19.0,17.21,21.22,,,,20.36,18.4,22.49,,,,15.89,13.92,18.07,,,,18.48,16.31,20.55,,,,,,,,,,,,,,,,19.27,17.13,21.53,,,,,,,
2026-02-08,,,,18.99,17.18,21.19,,,,20.35,18.38,22.51,,,,15.88,13.9,18.07,,,,18.5,16.35,20.54,,,,,,,,,,,,,,,,19.26,17.1,21.53,,,,,,,
2026-02-09,,,,18.98,17.16,21.2,,,,20.33,18.37,22.53,,,,15.87,13.89,18.06,,,,18.52,16.43,20.56,,,,,,,,,,,,,,,,19.25,17.07,21.53,20.0,22.0,16.0,16.0,,,20.0
2026-02-10,,,,18.97,17.14,21.2,,,,20.32,18.34,22.54,,,,15.86,13.87,18.0,,,,18.54,16.49,20.6,,,,,,,,,,,,,,,,19.25,17.05,21.51,,,,,,,
2026-02-11,,,,18.96,17.12,21.18,,,,20.3,18.31,22.52,,,,15.85,13.87,18.03,,,,18.56,16.57,20.64,,,,,,,,,,,,,,,,19.24,17.04,21.49,,,,,,,
2026-02-12,,,,18.95,17.1,21.18,,,,20.29,18.29,22.49,,,,15.84,13.82,18.06,,,,18.58,16.6,20.67,,,,,,,,,,,,,,,,19.23,17.02,21.47,,,,,,,
2026-02-13,,,,18.94,17.07,21.19,,,,20.27,18.26,22.46,,,,15.83,13.78,18.09,,,,18.6,16.59,20.71,,,,,,,,,,,,,,,,19.22,16.97,21.45,,,,,,,
2026-02-14,,,,18.93,17.04,21.2,,,,20.26,18.24,22.43,,,,15.81,13.78,18.11,,,,18.61,16.59,20.76,,,,,,,,,,,,,,,,19.22,16.98,21.45,,,,,,,
2026-02-15,,,,18.92,17.01,21.21,,,,20.24,18.23,22.4,,,,15.8,13.79,18.08,,,,18.63,16.6,20.81,,,,,,,,,,,,,,,,19.21,16.99,21.46,,,,,,,
2026-02-16,,,,18.92,16.99,21.2,,,,20.22,18.22,22.36,,,,15.79,13.79,18.07,,,,18.65,16.6,20.86,,,,,,,,,,,,,,,,19.2,17.02,21.44,20.0,21.0,15.0,18.0,,,18.0
2026-02-17,,,,18.91,16.99,21.16,,,,20.21,18.21,22.32,,,,15.78,13.78,18.04,,,,18.66,16.59,20.86,,,,,,,,,,,,,,,,19.2,17.04,21.41,,,,,,,
2026-02-18,,,,18.9,16.96,21.14,,,,20.19,18.2,22.28,,,,15.77,13.78,18.0,,,,18.68,16.62,20.86,,,,,,,,,,,,,,,,19.19,16.95,21.39,,,,,,,
2026-02-19,,,,18.89,16.92,21.14,,,,20.18,18.19,22.24,,,,15.75,13.77,17.97,,,,18.69,16.68,20.89,,,,,,,,,,,,,,,,19.18,16.94,21.36,,,,,,,
2026-02-20,,,,18.88,16.89,21.15,,,,20.16,18.19,22.2,,,,15.74,13.77,17.94,,,,18.71,16.66,20.92,,,,,,,,,,,,,,,,19.18,16.94,21.33,,,,,,,
2026-02-21,,,,18.87,16.84,21.15,,,,20.14,18.18,22.15,,,,15.73,13.77,17.92,,,,18.72,16.66,20.94,,,,,,,,,,,,,,,,19.17,16.94,21.33,,,,,,,
2026-02-22,,,,18.87,16.83,21.16,,,,20.13,18.17,22.11,,,,15.71,13.77,17.89,,,,18.73,16.68,20.97,,,,,,,,,,,,,,,,19.16,16.94,21.34,,,,,,,
2026-02-23,,,,18.86,16.85,21.16,,,,20.11,18.16,22.06,,,,15.7,13.77,17.86,,,,18.75,16.71,20.92,,,,,,,,,,,,,,,,19.16,16.94,21.35,19.0,20.0,15.0,20.0,,,18.0
2026-02-24,,,,18.85,16.84,21.17,,,,20.09,18.16,22.03,,,,15.69,13.78,17.84,,,,18.76,16.73,20.86,,,,,,,,,,,,,,,,19.15,16.96,21.36,,,,,,,
2026-02-25,,,,18.84,16.83,21.17,,,,20.08,18.17,22.02,,,,15.67,13.78,17.84,,,,18.77,16.75,20.83,,,,,,,,,,,,,,,,19.15,16.97,21.37,,,,,,,
2026-02-26,,,,18.84,16.83,21.17,,,,20.06,18.18,22.02,,,,15.66,13.75,17.83,,,,18.78,16.77,20.82,,,,,,,,,,,,,,,,19.14,16.99,21.38,,,,,,,
2026-02-27,,,,18.83,16.83,21.17,,,,20.05,18.19,22.02,,,,15.65,13.72,17.83,,,,18.79,16.79,20.82,,,,,,,,,,,,,,,,19.14,16.98,21.39,,,,,,,
2026-02-28,,,,18.82,16.85,21.15,,,,20.03,18.19,22.04,,,,15.64,13.73,17.82,,,,18.8,16.8,20.81,,,,,,,,,,,,,,,,19.13,16.97,21.4,,,,,,,
2026-03-01,,,,18.82,16.86,21.12,,,,20.02,18.19,22.05,,,,15.62,13.72,17.81,,,,18.81,16.79,20.8,,,,,,,,,,,,,,,,19.12,16.98,21.4,,,,,,,
2026-03-02,,,,18.81,16.85,21.09,,,,20.0,18.2,22.06,,,,15.61,13.73,17.8,,,,18.82,16.79,20.8,,,,,,,,,,,,,,,,19.12,16.98,21.41,17.0,19.0,15.0,23.0,,,16.0
2026-03-03,,,,18.8,16.85,21.06,,,,19.98,18.19,22.06,,,,15.6,13.74,17.79,,,,18.83,16.79,20.8,,,,,,,,,,,,,,,,19.11,16.97,21.41,,,,,,,
2026-03-04,,,,18.8,16.87,21.06,,,,19.97,18.18,22.07,,,,15.59,13.76,17.78,,,,18.84,16.86,20.86,,,,,,,,,,,,,,,,19.11,16.95,21.41,,,,,,,
2026-03-05,,,,18.79,16.89,21.09,,,,19.95,18.19,22.04,,,,15.57,13.77,17.77,,,,18.85,16.87,20.93,,,,,,,,,,,,,,,,19.1,16.94,21.41,,,,,,,
2026-03-06,,,,18.79,16.91,21.11,,,,19.94,18.15,22.01,,,,15.56,13.77,17.76,,,,18.86,16.86,20.95,,,,,,,,,,,,,,,,19.1,16.97,21.36,,,,,,,
2026-03-07,,,,18.78,16.92,21.1,,,,19.92,18.12,21.98,,,,15.55,13.75,17.7,,,,18.86,16.85,20.96,,,,,,,,,,,,,,,,19.09,17.0,21.35,,,,,,,
2026-03-08,,,,18.78,16.94,21.07,,,,19.91,18.09,21.95,,,,15.54,13.74,17.64,,,,18.87,16.85,20.98,,,,,,,,,,,,,,,,19.09,17.04,21.36,,,,,,,
2026-03-09,,,,18.78,16.97,21.05,,,,19.89,18.08,21.91,,,,15.53,13.72,17.59,,,,18.88,16.86,21.0,,,,,,,,,,,,,,,,19.08,17.07,21.37,,,,,,,
2026-03-10,,,,18.77,16.99,21.01,,,,19.88,18.05,21.87,,,,15.52,13.71,17.55,,,,18.88,16.87,21.02,,,,,,,,,,,,,,,,19.08,17.09,21.37,19.0,19.0,16.0,21.0,,,18.0
2026-03-11,,,,18.77,17.02,21.01,,,,19.86,18.03,21.81,,,,15.51,13.69,17.55,,,,18.89,16.86,21.0,,,,,,,,,,,,,,,,19.07,17.1,21.37,,,,,,,
2026-03-12,,,,18.77,17.01,20.98,,,,19.84,18.01,21.8,,,,15.5,13.67,17.53,,,,18.89,16.87,20.98,,,,,,,,,,,,,,,,19.07,17.08,21.37,,,,,,,
2026-03-13,,,,18.77,17.01,20.97,,,,19.83,17.98,21.77,,,,15.49,13.66,17.49,,,,18.89,16.87,20.95,,,,,,,,,,,,,,,,19.06,17.06,21.35,,,,,,,
2026-03-14,,,,18.77,17.01,20.93,,,,19.81,17.95,21.77,,,,15.48,13.64,17.47,,,,18.9,16.88,20.96,,,,,,,,,,,,,,,,19.06,17.05,21.33,,,,,,,
2026-03-15,,,,18.77,16.97,20.9,,,,19.8,17.93,21.78,,,,15.47,13.63,17.46,,,,18.9,16.9,20.93,,,,,,,,,,,,,,,,19.05,17.03,21.31,,,,,,,
2026-03-16,,,,18.77,16.93,20.94,,,,19.78,17.9,21.79,,,,15.46,13.68,17.45,,,,18.9,16.92,20.91,,,,,,,,,,,,,,,,19.05,17.02,21.29,20.0,19.0,16.0,20.0,,,18.0
2026-03-17,,,,18.77,16.89,20.93,,,,19.77,17.88,21.79,,,,15.46,13.69,17.47,,,,18.9,16.92,20.89,,,,,,,,,,,,,,,,19.05,17.02,21.3,,,,,,,
2026-03-18,,,,18.77,16.85,20.93,,,,19.75,17.86,21.79,,,,15.45,13.65,17.51,,,,18.9,16.89,20.88,,,,,,,,,,,,,,,,19.05,17.03,21.27,,,,,,,
2026-03-19,,,,18.77,16.83,20.95,,,,19.74,17.82,21.79,,,,15.44,13.6,17.5,,,,18.89,16.9,20.88,,,,,,,,,,,,,,,,19.04,17.06,21.24,,,,,,,
2026-03-20,,,,18.77,16.8,20.96,,,,19.72,17.81,21.79,,,,15.43,13.6,17.47,,,,18.89,16.89,20.85,,,,,,,,,,,,,,,,19.04,17.08,21.21,,,,,,,
2026-03-21,,,,18.78,16.82,20.96,,,,19.71,17.79,21.79,,,,15.43,13.6,17.44,,,,18.89,16.82,20.83,,,,,,,,,,,,,,,,19.04,17.12,21.18,,,,,,,
2026-03-22,,,,18.78,16.85,20.97,,,,19.69,17.77,21.79,,,,15.42,13.6,17.46,,,,18.88,16.77,20.81,,,,,,,,,,,,,,,,19.04,17.16,21.16,,,,,,,
2026-03-23,,,,18.78,16.9,21.01,,,,19.68,17.74,21.79,,,,15.41,13.59,17.45,,,,18.87,16.77,20.8,,,,,,,,,,,,,,,,19.03,17.18,21.14,18.0,21.0,15.0,19.0,,,20.0
2026-03-24,,,,18.79,16.92,21.04,,,,19.67,17.7,21.78,,,,15.41,13.6,17.44,,,,18.87,16.75,20.79,,,,,,,,,,,,,,,,19.03,17.14,21.12,,,,,,,
2026-03-25,,,,18.79,16.91,21.03,,,,19.65,17.72,21.79,,,,15.4,13.57,17.46,,,,18.86,16.73,20.76,,,,,,,,,,,,,,,,19.03,17.1,21.1,,,,,,,
2026-03-26,,,,18.8,16.9,21.02,,,,19.64,17.7,21.77,,,,15.4,13.51,17.48,,,,18.85,16.72,20.73,,,,,,,,,,,,,,,,19.03,17.06,21.11,,,,,,,
2026-03-27,,,,18.8,16.88,21.0,,,,19.63,17.68,21.74,,,,15.39,13.46,17.5,,,,18.84,16.7,20.7,,,,,,,,,,,,,,,,19.03,17.02,21.14,,,,,,,
2026-03-28,,,,18.81,16.86,21.0,,,,19.61,17.65,21.7,,,,15.39,13.46,17.5,,,,18.83,16.68,20.66,,,,,,,,,,,,,,,,19.04,16.99,21.19,,,,,,,
2026-03-29,,,,18.82,16.82,20.99,,,,19.6,17.64,21.66,,,,15.38,13.46,17.51,,,,18.81,16.66,20.63,,,,,,,,,,,,,,,,19.04,16.95,21.21,,,,,,,
2026-03-30,,,,18.82,16.83,20.98,,,,19.59,17.61,21.61,,,,15.38,13.44,17.53,,,,18.8,16.63,20.62,,,,,,,,,,,,,,,,19.04,16.98,21.19,17.0,20.0,14.0,22.0,,,18.0
2026-03-31,,,,18.83,16.8,20.97,,,,19.58,17.58,21.57,,,,15.37,13.48,17.56,,,,18.78,16.65,20.59,,,,,,,,,,,,,,,,19.04,17.01,21.2,,,,,,,
2026-04-01,,,,18.84,16.78,20.96,,,,19.57,17.56,21.55,,,,15.37,13.52,17.58,,,,18.76,16.68,20.57,,,,,,,,,,,,,,,,19.04,17.04,21.23,,,,,,,
2026-04-02,,,,18.85,16.76,20.95,,,,19.56,17.54,21.55,,,,15.36,13.52,17.61,,,,18.75,16.71,20.54,,,,,,,,,,,,,,,,19.05,17.06,21.21,,,,,,,
2026-04-03,,,,18.86,16.76,21.0,,,,19.55,17.52,21.54,,,,15.36,13.51,17.6,,,,18.73,16.73,20.52,,,,,,,,,,,,,,,,19.05,17.03,21.18,,,,,,,
2026-04-04,,,,18.87,16.78,20.98,,,,19.54,17.5,21.54,,,,15.36,13.49,17.55,,,,18.71,16.75,20.5,,,,,,,,,,,,,,,,19.06,17.01,21.15,,,,,,,
2026-04-05,,,,18.88,16.8,20.97,,,,19.54,17.51,21.53,,,,15.35,13.46,17.5,,,,18.68,16.73,20.5,,,,,,,,,,,,,,,,19.06,16.98,21.13,,,,,,,
2026-04-06,,,,18.89,16.81,20.97,,,,19.53,17.53,21.53,,,,15.35,13.45,17.48,,,,18.66,16.7,20.51,,,,,,,,,,,,,,,,19.07,16.96,21.11,,,,,,,
2026-04-07,,,,18.9,16.79,20.98,,,,19.52,17.54,21.52,,,,15.35,13.45,17.43,,,,18.63,16.68,20.51,,,,,,,,,,,,,,,,19.08,16.98,21.09,19.0,19.0,16.0,18.0,,,17.0
2026-04-08,,,,18.91,16.75,21.0,,,,19.52,17.51,21.52,,,,15.34,13.44,17.39,,,,18.61,16.64,20.51,,,,,,,,,,,,,,,,19.08,16.98,21.1,,,,,,,
2026-04-09,,,,18.92,16.74,20.99,,,,19.51,17.45,21.54,,,,15.34,13.43,17.37,,,,18.58,16.61,20.5,,,,,,,,,,,,,,,,19.09,16.96,21.12,,,,,,,
2026-04-10,,,,18.93,16.76,21.02,,,,19.51,17.46,21.56,,,,15.34,13.39,17.38,,,,18.55,16.6,20.49,,,,,,,,,,,,,,,,19.1,16.94,21.1,,,,,,,
2026-04-11,,,,18.94,16.78,21.05,,,,19.5,17.44,21.52,,,,15.34,13.37,17.38,,,,18.52,16.55,20.48,,,,,,,,,,,,,,,,19.11,16.96,21.08,,,,,,,
2026-04-12,,,,18.96,16.74,21.06,,,,19.5,17.43,21.51,,,,15.33,13.38,17.39,,,,18.49,16.48,20.47,,,,,,,,,,,,,,,,19.12,16.98,21.06,,,,,,,
2026-04-13,,,,18.97,16.74,21.07,,,,19.5,17.44,21.51,,,,15.33,13.34,17.4,,,,18.46,16.46,20.46,,,,,,,,,,,,,,,,19.13,16.94,21.06,19.0,18.0,15.0,20.0,,,20.0
2026-04-14,,,,18.98,16.73,21.09,,,,19.5,17.44,21.49,,,,15.33,13.34,17.39,,,,18.43,16.41,20.44,,,,,,,,,,,,,,,,19.14,16.91,21.06,,,,,,,
2026-04-15,,,,18.99,16.74,21.1,,,,19.5,17.45,21.49,,,,15.33,13.29,17.4,,,,18.39,16.35,20.42,,,,,,,,,,,,,,,,19.15,16.9,21.07,,,,,,,
2026-04-16,,,,19.01,16.78,21.11,,,,19.5,17.46,21.51,,,,15.33,13.28,17.4,,,,18.36,16.35,20.4,,,,,,,,,,,,,,,,19.16,16.9,21.09,,,,,,,
2026-04-17,,,,19.02,16.82,21.11,,,,19.5,17.47,21.52,,,,15.32,13.28,17.4,,,,18.32,16.31,20.38,,,,,,,,,,,,,,,,19.17,16.9,21.1,,,,,,,
2026-04-18,,,,19.03,16.84,21.12,,,,19.5,17.48,21.52,,,,15.32,13.26,17.39,,,,18.29,16.26,20.35,,,,,,,,,,,,,,,,19.18,16.91,21.13,,,,,,,
2026-04-19,,,,19.04,16.85,21.14,,,,19.5,17.5,21.53,,,,15.32,13.23,17.39,,,,18.25,16.21,20.32,,,,,,,,,,,,,,,,19.2,16.91,21.18,,,,,,,
2026-04-20,,,,19.06,16.86,21.15,,,,19.51,17.5,21.53,,,,15.32,13.21,17.39,,,,18.21,16.13,20.29,,,,,,,,,,,,,,,,19.21,16.92,21.17,18.0,18.0,15.0,19.0,,,22.0
2026-04-21,,,,19.07,16.85,21.15,,,,19.51,17.52,21.54,,,,15.32,13.18,17.37,,,,18.18,16.04,20.26,,,,,,,,,,,,,,,,19.22,16.93,21.16,,,,,,,
2026-04-22,,,,19.08,16.87,21.15,,,,19.52,17.54,21.55,,,,15.32,13.16,17.34,,,,18.14,15.98,20.23,,,,,,,,,,,,,,,,19.24,16.95,21.16,,,,,,,
2026-04-23,,,,19.1,16.89,21.13,,,,19.52,17.55,21.56,,,,15.31,13.15,17.31,,,,18.1,15.93,20.19,,,,,,,,,,,,,,,,19.25,16.99,21.17,,,,,,,
2026-04-24,,,,19.11,16.93,21.13,,,,19.53,17.57,21.56,,,,15.31,13.13,17.28,,,,18.05,15.88,20.16,,,,,,,,,,,,,,,,19.26,17.03,21.18,,,,,,,
2026-04-25,,,,19.13,16.97,21.13,,,,19.54,17.59,21.56,,,,15.31,13.12,17.25,,,,18.01,15.85,20.1,,,,,,,,,,,,,,,,19.28,17.08,21.19,,,,,,,
2026-04-26,,,,19.14,17.0,21.12,,,,19.55,17.6,21.57,,,,15.31,13.1,17.22,,,,17.97,15.83,20.04,,,,,,,,,,,,,,,,19.29,17.12,21.2,,,,,,,
2026-04-27,,,,19.15,17.04,21.12,,,,19.56,17.61,21.57,,,,15.3,13.13,17.2,,,,17.93,15.77,20.0,,,,,,,,,,,,,,,,19.31,17.14,21.18,20.0,18.0,15.0,16.0,,,21.0
2026-04-28,,,,19.17,17.07,21.11,,,,19.57,17.62,21.58,,,,15.3,13.15,17.22,,,,17.88,15.72,19.96,,,,,,,,,,,,,,,,19.32,17.16,21.16,,,,,,,
2026-04-29,,,,19.18,17.11,21.12,,,,19.59,17.63,21.58,,,,15.3,13.17,17.25,,,,17.83,15.72,19.92,,,,,,,,,,,,,,,,19.33,17.18,21.18,,,,,,,
2026-04-30,,,,19.2,17.15,21.14,,,,19.6,17.64,21.58,,,,15.29,13.18,17.22,,,,17.79,15.69,19.88,,,,,,,,,,,,,,,,19.35,17.22,21.2,,,,,,,
2026-05-01,,,,19.21,17.19,21.16,,,,19.62,17.66,21.58,,,,15.29,13.2,17.15,,,,17.74,15.62,19.83,,,,,,,,,,,,,,,,19.36,17.25,21.22,,,,,,,
2026-05-02,,,,19.23,17.23,21.15,,,,19.64,17.67,21.62,,,,15.28,13.22,17.15,,,,17.69,15.55,19.78,,,,,,,,,,,,,,,,19.38,17.26,21.24,,,,,,,
2026-05-03,,,,19.24,17.27,21.17,,,,19.66,17.7,21.65,,,,15.27,13.23,17.14,,,,17.64,15.49,19.72,,,,,,,,,,,,,,,,19.39,17.3,21.24,,,,,,,
2026-05-04,,,,19.26,17.31,21.19,,,,19.68,17.72,21.67,,,,15.27,13.23,17.14,,,,17.59,15.42,19.63,,,,,,,,,,,,,,,,19.4,17.33,21.24,,,,,,,
2026-05-05,,,,19.27,17.36,21.2,,,,19.7,17.77,21.69,,,,15.26,13.21,17.11,,,,17.53,15.36,19.53,,,,,,,,,,,,,,,,19.41,17.34,21.24,19.0,21.0,15.0,16.0,,,18.0
2026-05-06,,,,19.29,17.39,21.21,,,,19.73,17.84,21.71,,,,15.25,13.19,17.08,,,,17.48,15.32,19.44,,,,,,,,,,,,,,,,19.43,17.36,21.23,,,,,,,
2026-05-07,,,,19.3,17.43,21.23,,,,19.76,17.87,21.75,,,,15.24,13.19,17.04,,,,17.43,15.27,19.37,,,,,,,,,,,,,,,,19.44,17.37,21.21,,,,,,,
2026-05-08,,,,19.32,17.48,21.24,,,,19.79,17.83,21.8,,,,15.23,13.17,17.0,,,,17.37,15.23,19.32,,,,,,,,,,,,,,,,19.45,17.39,21.19,,,,,,,
2026-05-09,,,,19.33,17.51,21.25,,,,19.82,17.84,21.88,,,,15.22,13.15,16.98,,,,17.31,15.16,19.25,,,,,,,,,,,,,,,,19.46,17.41,21.21,,,,,,,
2026-05-10,,,,19.35,17.52,21.26,,,,19.85,17.87,21.91,,,,15.21,13.14,16.97,,,,17.26,15.06,19.18,,,,,,,,,,,,,,,,19.47,17.43,21.23,,,,,,,
2026-05-11,,,,19.36,17.53,21.26,,,,19.89,17.9,21.98,,,,15.2,13.13,16.94,,,,17.2,15.0,19.14,,,,,,,,,,,,,,,,19.48,17.44,21.23,17.0,19.0,16.0,18.0,,,19.0
2026-05-12,,,,19.37,17.51,21.27,,,,19.92,17.93,22.08,,,,15.19,13.12,16.96,,,,17.14,14.95,19.1,,,,,,,,,,,,,,,,19.49,17.43,21.25,,,,,,,
2026-05-13,,,,19.39,17.46,21.27,,,,19.96,17.98,22.17,,,,15.18,13.1,16.97,,,,17.08,14.86,19.02,,,,,,,,,,,,,,,,19.5,17.43,21.28,,,,,,,
2026-05-14,,,,19.4,17.41,21.28,,,,20.0,18.05,22.22,,,,15.16,13.09,16.97,,,,17.02,14.78,18.93,,,,,,,,,,,,,,,,19.51,17.43,21.3,,,,,,,
2026-05-15,,,,19.42,17.35,21.28,,,,20.04,18.07,22.29,,,,15.15,13.07,16.98,,,,16.97,14.72,18.86,,,,,,,,,,,,,,,,19.52,17.43,21.33,,,,,,,
2026-05-16,,,,19.43,17.39,21.29,,,,20.08,18.09,22.34,,,,15.14,13.06,16.98,,,,16.91,14.69,18.79,,,,,,,,,,,,,,,,19.53,17.42,21.35,,,,,,,
2026-05-17,,,,19.44,17.42,21.3,,,,20.12,18.12,22.4,,,,15.12,13.04,16.99,,,,16.85,14.64,18.75,,,,,,,,,,,,,,,,19.54,17.43,21.38,,,,,,,
2026-05-18,,,,19.45,17.46,21.32,,,,20.17,18.17,22.47,,,,15.11,13.03,17.0,,,,16.79,14.61,18.72,,,,,,,,,,,,,,,,19.54,17.45,21.4,20.0,20.0,17.0,17.0,,,18.0
2026-05-19,,,,19.47,17.5,21.33,,,,20.21,18.21,22.52,,,,15.1,13.02,17.01,,,,16.73,14.57,18.67,,,,,,,,,,,,,,,,19.55,17.47,21.41,,,,,,,
2026-05-20,,,,19.48,17.5,21.34,,,,20.26,18.26,22.58,,,,15.08,13.02,17.02,,,,16.67,14.54,18.66,,,,,,,,,,,,,,,,19.56,17.48,21.43,,,,,,,
2026-05-21,,,,19.49,17.47,21.37,,,,20.3,18.3,22.64,,,,15.07,13.01,17.02,,,,16.62,14.5,18.63,,,,,,,,,,,,,,,,19.56,17.5,21.45,,,,,,,
2026-05-22,,,,19.5,17.43,21.4,,,,20.35,18.35,22.7,,,,15.05,12.99,17.0,,,,16.56,14.42,18.54,,,,,,,,,,,,,,,,19.57,17.48,21.47,,,,,,,
2026-05-23,,,,19.52,17.4,21.43,,,,20.4,18.4,22.76,,,,15.03,12.98,16.94,,,,16.5,14.33,18.51,,,,,,,,,,,,,,,,19.57,17.45,21.45,,,,,,,
2026-05-24,,,,19.53,17.37,21.4,,,,20.44,18.45,22.86,,,,15.02,12.97,16.97,,,,16.44,14.23,18.48,,,,,,,,,,,,,,,,19.58,17.41,21.5,,,,,,,
2026-05-25,,,,19.54,17.37,21.41,,,,20.49,18.51,22.95,,,,15.0,12.96,16.94,,,,16.39,14.19,18.46,,,,,,,,,,,,,,,,19.58,17.37,21.54,,,,,,,
2026-05-26,,,,19.55,17.4,21.43,,,,20.54,18.53,22.99,,,,14.99,12.95,16.94,,,,16.33,14.17,18.39,,,,,,,,,,,,,,,,19.59,17.35,21.56,21.0,18.0,16.0,18.0,,,19.0
2026-05-27,,,,19.56,17.42,21.42,,,,20.59,18.57,23.02,,,,14.97,12.94,16.93,,,,16.28,14.13,18.31,,,,,,,,,,,,,,,,19.59,17.36,21.57,,,,,,,
2026-05-28,,,,19.57,17.41,21.43,,,,20.64,18.59,23.09,,,,14.96,12.93,16.89,,,,16.22,14.07,18.29,,,,,,,,,,,,,,,,19.59,17.39,21.58,,,,,,,
2026-05-29,,,,19.58,17.39,21.47,,,,20.68,18.62,23.18,,,,14.94,12.92,16.87,,,,16.17,14.0,18.27,,,,,,,,,,,,,,,,19.6,17.42,21.58,,,,,,,
2026-05-30,,,,19.59,17.38,21.51,,,,20.73,18.62,23.25,,,,14.92,12.91,16.83,,,,16.12,13.94,18.26,,,,,,,,,,,,,,,,19.6,17.39,21.59,,,,,,,
2026-05-31,,,,19.6,17.38,21.57,,,,20.78,18.67,23.33,,,,14.91,12.9,16.79,,,,16.06,13.88,18.25,,,,,,,,,,,,,,,,19.6,17.37,21.59,,,,,,,
2026-06-01,,,,19.61,17.38,21.63,,,,20.83,18.71,23.4,,,,14.89,12.89,16.78,,,,16.01,13.83,18.24,,,,,,,,,,,,,,,,19.6,17.37,21.59,20.0,21.0,15.0,14.0,,,24.0
2026-06-02,,,,19.62,17.38,21.62,,,,20.88,18.76,23.47,,,,14.88,12.85,16.77,,,,15.96,13.78,18.22,,,,,,,,,,,,,,,,19.6,17.4,21.59,,,,,,,
2026-06-03,,,,19.63,17.39,21.66,,,,20.93,18.81,23.49,,,,14.86,12.81,16.75,,,,15.91,13.74,18.19,,,,,,,,,,,,,,,,19.61,17.42,21.6,,,,,,,
2026-06-04,,,,19.64,17.43,21.67,,,,20.98,18.88,23.55,,,,14.84,12.8,16.77,,,,15.86,13.68,18.15,,,,,,,,,,,,,,,,19.61,17.44,21.66,,,,,,,
2026-06-05,,,,19.65,17.47,21.71,,,,21.03,18.9,23.67,,,,14.83,12.79,16.79,,,,15.81,13.61,18.12,,,,,,,,,,,,,,,,19.61,17.42,21.71,,,,,,,
2026-06-06,,,,19.67,17.5,21.72,,,,21.08,18.93,23.76,,,,14.81,12.76,16.79,,,,15.76,13.56,18.09,,,,,,,,,,,,,,,,19.61,17.39,21.73,,,,,,,
2026-06-07,,,,19.68,17.54,21.73,,,,21.13,18.95,23.87,,,,14.8,12.73,16.8,,,,15.71,13.53,18.06,,,,,,,,,,,,,,,,19.61,17.35,21.77,,,,,,,
2026-06-08,,,,19.69,17.57,21.75,,,,21.18,18.98,23.91,,,,14.78,12.73,16.74,,,,15.67,13.5,17.97,,,,,,,,,,,,,,,,19.62,17.33,21.78,21.0,19.0,14.0,16.0,,,20.0
2026-06-09,,,,19.69,17.61,21.76,,,,21.23,19.0,23.95,,,,14.77,12.71,16.77,,,,15.62,13.43,17.88,,,,,,,,,,,,,,,,19.62,17.37,21.77,,,,,,,
2026-06-10,,,,19.7,17.6,21.78,,,,21.28,19.04,24.02,,,,14.75,12.69,16.8,,,,15.57,13.36,17.82,,,,,,,,,,,,,,,,19.62,17.4,21.79,,,,,,,
2026-06-11,,,,19.71,17.6,21.79,,,,21.33,19.08,24.08,,,,14.73,12.67,16.83,,,,15.53,13.29,17.73,,,,,,,,,,,,,,,,19.62,17.44,21.8,,,,,,,
2026-06-12,,,,19.72,17.6,21.8,,,,21.38,19.11,24.15,,,,14.72,12.64,16.86,,,,15.48,13.23,17.73,,,,,,,,,,,,,,,,19.62,17.48,21.78,,,,,,,
2026-06-13,,,,19.73,17.6,21.82,,,,21.42,19.12,24.21,,,,14.7,12.6,16.87,,,,15.44,13.21,17.73,,,,,,,,,,,,,,,,19.62,17.52,21.74,,,,,,,
2026-06-14,,,,19.74,17.6,21.86,,,,21.47,19.13,24.27,,,,14.69,12.56,16.86,,,,15.4,13.14,17.73,,,,,,,,,,,,,,,,19.62,17.53,21.71,,,,,,,
2026-06-15,,,,19.75,17.6,21.89,,,,21.52,19.15,24.34,,,,14.67,12.55,16.89,,,,15.35,13.08,17.73,,,,,,,,,,,,,,,,19.62,17.53,21.7,18.0,22.0,16.0,17.0,,,19.0
2026-06-16,,,,19.76,17.61,21.93,,,,21.57,19.17,24.4,,,,14.66,12.52,16.91,,,,15.31,13.06,17.73,,,,,,,,,,,,,,,,19.62,17.53,21.73,,,,,,,
2026-06-17,,,,19.77,17.65,21.95,,,,21.62,19.2,24.46,,,,14.64,12.49,16.93,,,,15.27,12.98,17.76,,,,2.26,-2.16,6.16,,,,2.0,-2.63,5.9,,,,19.62,17.53,21.76,20.0,21.0,13.0,15.0,2.0,2.0,21.0
2026-06-18,,,,19.78,17.7,21.97,,,,21.67,19.22,24.53,,,,14.62,12.48,16.95,,,,15.23,12.9,17.73,,,,2.26,-2.13,6.16,,,,2.0,-2.62,5.9,,,,19.62,17.53,21.79,,,,,,,
2026-06-19,,,,19.79,17.75,22.01,,,,21.72,19.22,24.62,,,,14.61,12.48,16.95,,,,15.19,12.82,17.71,,,,2.26,-2.11,6.17,,,,2.0,-2.61,5.9,,,,19.62,17.49,21.78,,,,,,,
2026-06-20,,,,19.79,17.71,22.04,,,,21.77,19.21,24.67,,,,14.59,12.47,16.95,,,,15.15,12.76,17.67,,,,2.26,-2.09,6.18,,,,2.0,-2.6,5.89,,,,19.62,17.47,21.79,,,,,,,
2026-06-21,,,,19.8,17.72,22.02,,,,21.81,19.22,24.71,,,,14.58,12.45,16.98,,,,15.11,12.7,17.64,,,,2.26,-2.06,6.2,,,,2.0,-2.6,5.89,,,,19.62,17.5,21.81,,,,,,,
2026-06-22,,,,19.81,17.74,22.04,,,,21.86,19.23,24.77,,,,14.56,12.44,17.0,,,,15.08,12.65,17.64,,,,2.26,-2.04,6.21,,,,2.0,-2.59,5.89,,,,19.62,17.52,21.84,22.0,20.0,16.0,16.0,,,19.0
2026-06-23,,,,19.82,17.72,22.05,,,,21.91,19.25,24.84,,,,14.54,12.41,16.98,,,,15.04,12.6,17.61,,,,2.26,-2.02,6.21,,,,2.0,-2.59,5.89,,,,19.62,17.53,21.87,,,,,,,
2026-06-24,,,,19.82,17.71,22.08,,,,21.96,19.27,24.9,,,,14.53,12.34,16.96,,,,15.0,12.56,17.57,,,,2.26,-2.0,6.22,,,,2.0,-2.59,5.89,,,,19.62,17.53,21.86,,,,,,,
2026-06-25,,,,19.83,17.69,22.08,,,,22.0,19.29,24.96,,,,14.51,12.26,16.95,,,,14.97,12.51,17.55,,,,2.26,-1.98,6.23,,,,2.0,-2.58,5.89,,,,19.62,17.51,21.85,,,,,,,
2026-06-26,,,,19.84,17.67,22.1,,,,22.05,19.31,25.03,,,,14.49,12.19,16.94,,,,14.93,12.48,17.54,,,,2.26,-1.96,6.24,,,,2.0,-2.58,5.89,,,,19.62,17.48,21.84,,,,,,,
2026-06-27,,,,19.85,17.66,22.16,,,,22.1,19.33,25.09,,,,14.48,12.13,16.96,,,,14.9,12.45,17.55,,,,2.26,-1.96,6.25,,,,2.0,-2.57,5.89,,,,19.62,17.46,21.83,,,,,,,
2026-06-28,,,,19.85,17.64,22.21,,,,22.14,19.35,25.16,,,,14.46,12.1,17.0,,,,14.86,12.39,17.55,,,,2.26,-1.96,6.26,,,,2.0,-2.57,5.89,,,,19.62,17.44,21.82,,,,,,,
2026-06-29,,,,19.86,17.65,22.27,,,,22.19,19.37,25.23,,,,14.44,12.09,17.08,,,,14.83,12.34,17.56,,,,2.26,-1.97,6.27,,,,2.0,-2.56,5.89,,,,19.61,17.42,21.84,21.0,22.0,16.0,13.0,,,18.0
2026-06-30,,,,19.87,17.66,22.33,,,,22.23,19.41,25.29,,,,14.43,12.07,17.11,,,,14.79,12.31,17.57,,,,2.26,-1.97,6.28,,,,2.0,-2.56,5.89,,,,19.61,17.39,21.86,,,,,,,
2026-07-01,,,,19.88,17.67,22.38,,,,22.28,19.43,25.35,,,,14.41,12.07,17.11,,,,14.76,12.29,17.57,,,,2.26,-1.97,6.28,,,,2.0,-2.55,5.88,,,,19.61,17.35,21.9,,,,,,,
2026-07-02,,,,19.88,17.67,22.41,,,,22.33,19.46,25.4,,,,14.39,12.06,17.09,,,,14.73,12.24,17.55,,,,2.26,-1.97,6.29,,,,2.0,-2.55,5.88,,,,19.61,17.31,21.92,,,,,,,
2026-07-03,,,,19.89,17.64,22.44,,,,22.37,19.48,25.46,,,,14.38,12.04,17.08,,,,14.69,12.23,17.53,,,,2.25,-1.97,6.3,,,,2.0,-2.55,5.88,,,,19.61,17.27,21.93,,,,,,,
2026-07-04,,,,19.9,17.57,22.45,,,,22.42,19.5,25.52,,,,14.36,12.04,17.08,,,,14.66,12.23,17.5,,,,2.25,-1.97,6.31,,,,2.0,-2.54,5.88,,,,19.6,17.24,21.95,,,,,,,
2026-07-05,,,,19.9,17.54,22.47,,,,22.46,19.53,25.58,,,,14.34,12.02,17.1,,,,14.63,12.21,17.48,,,,2.25,-1.97,6.3,,,,2.0,-2.54,5.88,,,,19.6,17.2,21.94,,,,,,,
2026-07-06,,,,19.91,17.55,22.49,,,,22.51,19.55,25.65,,,,14.32,11.93,17.1,,,,14.6,12.16,17.47,,,,2.25,-1.97,6.27,,,,2.0,-2.53,5.88,,,,19.6,17.17,21.93,,,,,,,
2026-07-07,,,,19.92,17.52,22.51,,,,22.55,19.58,25.7,,,,14.31,11.85,17.1,,,,14.56,12.09,17.46,,,,2.25,-1.97,6.25,,,,2.0,-2.53,5.88,,,,19.6,17.13,21.93,,,,,,,
2026-07-08,,,,19.92,17.53,22.52,,,,22.6,19.62,25.81,,,,14.29,11.77,17.13,,,,14.53,12.02,17.46,,,,2.25,-1.97,6.23,,,,2.0,-2.52,5.87,,,,19.6,17.09,21.94,,,,,,,
2026-07-09,,,,19.93,17.5,22.54,,,,22.65,19.64,25.99,,,,14.27,11.68,17.16,,,,14.5,11.95,17.45,,,,2.25,-1.97,6.21,,,,2.0,-2.51,5.87,,,,19.6,17.06,21.95,,,,,,,
2026-07-10,,,,19.94,17.5,22.55,,,,22.69,19.67,26.12,,,,14.25,11.58,17.13,,,,14.47,11.9,17.43,,,,2.25,-1.97,6.18,,,,2.0,-2.51,5.87,,,,19.59,17.03,21.95,,,,,,,
2026-07-11,,,,19.94,17.53,22.57,,,,22.74,19.7,26.22,,,,14.23,11.48,17.1,,,,14.44,11.84,17.39,,,,2.25,-1.97,6.15,,,,2.0,-2.5,5.87,,,,19.59,17.0,21.97,,,,,,,
2026-07-12,,,,19.95,17.53,22.58,,,,22.79,19.75,26.32,,,,14.21,11.39,17.07,,,,14.4,11.75,17.36,,,,2.25,-1.97,6.13,,,,2.0,-2.49,5.87,,,,19.59,16.96,22.0,,,,,,,
2026-07-13,,,,19.95,17.52,22.58,,,,22.84,19.78,26.43,,,,14.19,11.3,17.05,,,,14.37,11.7,17.35,,,,2.26,-1.97,6.1,,,,2.0,-2.49,5.87,,,,19.59,16.95,22.03,,,,,,,
2026-07-14,,,,19.96,17.51,22.59,,,,22.89,19.81,26.53,,,,14.17,11.23,17.04,,,,14.34,11.63,17.34,,,,2.26,-1.97,6.08,,,,2.0,-2.48,5.87,,,,19.59,16.94,22.06,20.0,27.0,12.0,12.0,3.0,2.0,18.0
2026-07-15,,,,19.96,17.49,22.6,,,,22.93,19.84,26.64,,,,14.15,11.2,17.03,,,,14.3,11.57,17.32,,,,2.26,-1.97,6.08,,,,2.0,-2.47,5.87,,,,19.59,16.95,22.09,,,,,,,
2026-07-16,,,,19.96,17.48,22.57,,,,22.99,19.86,26.75,,,,14.13,11.18,17.02,,,,14.27,11.5,17.31,,,,2.26,-1.97,6.08,,,,2.0,-2.46,5.87,,,,19.59,16.95,22.12,,,,,,,
2026-07-17,,,,19.97,17.45,22.59,,,,23.04,19.9,26.85,,,,14.1,11.16,16.99,,,,14.23,11.43,17.3,,,,2.26,-1.97,6.08,,,,2.0,-2.45,5.87,,,,19.58,16.96,22.11,,,,,,,
2026-07-18,,,,19.97,17.44,22.62,,,,23.09,19.93,26.96,,,,14.08,11.14,16.98,,,,14.2,11.36,17.29,,,,2.26,-1.97,6.08,,,,2.0,-2.44,5.88,,,,19.58,16.94,22.14,,,,,,,
2026-07-19,,,,19.97,17.42,22.63,,,,23.14,19.96,27.06,,,,14.06,11.11,16.97,,,,14.16,11.29,17.23,,,,2.26,-1.97,6.08,,,,2.0,-2.44,5.88,,,,19.58,16.91,22.16,,,,,,,
2026-07-20,,,,19.98,17.39,22.63,,,,23.2,19.99,27.17,,,,14.03,11.08,16.97,,,,14.12,11.21,17.21,,,,2.26,-1.97,6.08,,,,2.0,-2.43,5.88,,,,19.58,16.88,22.19,,,,,,,
2026-07-21,,,,19.98,17.36,22.67,,,,23.26,20.03,27.29,,,,14.01,11.06,16.93,,,,14.09,11.15,17.19,,,,2.26,-1.97,6.08,,,,2.0,-2.41,5.88,,,,19.57,16.85,22.21,,,,,,,
2026-07-22,,,,19.98,17.33,22.74,,,,23.31,20.07,27.39,,,,13.98,11.04,16.92,,,,14.05,11.07,17.16,,,,2.26,-1.97,6.08,,,,2.0,-2.4,5.88,,,,19.57,16.82,22.23,,,,,,,
2026-07-23,,,,19.98,17.29,22.77,,,,23.37,20.13,27.51,,,,13.96,11.03,16.9,,,,14.01,11.03,17.13,,,,2.26,-1.97,6.08,,,,2.0,-2.39,5.88,,,,19.57,16.81,22.25,,,,,,,
2026-07-24,,,,19.98,17.25,22.79,,,,23.43,20.15,27.63,,,,13.93,10.99,16.88,,,,13.97,11.0,17.12,,,,2.26,-1.97,6.08,,,,2.0,-2.37,5.88,,,,19.56,16.79,22.24,19.0,29.0,11.5,11.0,2.0,2.0,20.0