date,Con (to 2015 election),Con (to 2015 election) (low),Con (to 2015 election) (high),Con (to 2017 election),Con (to 2017 election) (low),Con (to 2017 election) (high),Con (to 2019 election),Con (to 2019 election) (low),Con (to 2019 election) (high),Con (to 2024 election),Con (to 2024 election) (low),Con (to 2024 election) (high),Con (post-2024 election),Con (post-2024 election) (low),Con (post-2024 election) (high),Lab (to 2015 election),Lab (to 2015 election) (low),Lab (to 2015 election) (high),Lab (to 2017 election),Lab (to 2017 election) (low),Lab (to 2017 election) (high),Lab (to 2019 election),Lab (to 2019 election) (low),Lab (to 2019 election) (high),Lab (to 2024 election),Lab (to 2024 election) (low),Lab (to 2024 election) (high),Lab (post-2024 election),Lab (post-2024 election) (low),Lab (post-2024 election) (high),LDem (to 2015 election),LDem (to 2015 election) (low),LDem (to 2015 election) (high),LDem (to 2017 election),LDem (to 2017 election) (low),LDem (to 2017 election) (high),LDem (to 2019 election),LDem (to 2019 election) (low),LDem (to 2019 election) (high),LDem (to 2024 election),LDem (to 2024 election) (low),LDem (to 2024 election) (high),LDem (post-2024 election),LDem (post-2024 election) (low),LDem (post-2024 election) (high),Ukip (to 2015 election),Ukip (to 2015 election) (low),Ukip (to 2015 election) (high),Ukip (to 2017 election),Ukip (to 2017 election) (low),Ukip (to 2017 election) (high),Ukip (to 2019 election),Ukip (to 2019 election) (low),Ukip (to 2019 election) (high),Ukip (post-2024 election),Ukip (post-2024 election) (low),Ukip (post-2024 election) (high),Grn (to 2015 election),Grn (to 2015 election) (low),Grn (to 2015 election) (high),Grn (to 2017 election),Grn (to 2017 election) (low),Grn (to 2017 election) (high),Grn (to 2019 election),Grn (to 2019 election) (low),Grn (to 2019 election) (high),Grn (to 2024 election),Grn (to 2024 election) (low),Grn (to 2024 election) (high),Grn (post-2024 election),Grn (post-2024 election) (low),Grn (post-2024 election) (high),SNP (post-2024 election),SNP (post-2024 election) (low),SNP (post-2024 election) (high),PC (post-2024 election),PC (post-2024 election) (low),PC (post-2024 election) (high),Reform (to 2019 election),Reform (to 2019 election) (low),Reform (to 2019 election) (high),Reform (to 2024 election),Reform (to 2024 election) (low),Reform (to 2024 election) (high),Reform (post-2024 election),Reform (post-2024 election) (low),Reform (post-2024 election) (high),Con (poll),Lab (poll),LDem (poll),Ukip (poll),Grn (poll),SNP (poll),PC (poll),Reform (poll)
2010-07-27,,,,,,,,,,,,,,,,,,,,,,,,,,,,,,,,,,,,,,,,,,,,,,,,,,,,,,,,,,,,,,,,,,,,,,,,,,,,,,,,,,,,,,,,35.0,47.0,11.0,4.0,1.0,,,
2010-09-18,35.0,29.59,40.51,,,,,,,,,,,,,47.0,41.59,52.51,,,,,,,,,,,,,11.0,5.59,16.51,,,,,,,,,,,,,4.0,-1.4,9.51,,,,,,,,,,1.0,-4.41,6.51,,,,,,,,,,,,,,,,,,,,,,,,,,,,,,,,,,,
2010-09-19,35.0,28.36,40.44,,,,,,,,,,,,,47.0,41.73,52.78,,,,,,,,,,,,,11.0,4.36,16.44,,,,,,,,,,,,,4.0,-1.27,9.78,,,,,,,,,,1.0,-4.41,6.44,,,,,,,,,,,,,,,,,,,,,,,,,,,,,,,,,,,
2010-09-20,35.0,28.36,40.44,,,,,,,,,,,,,47.0,41.73,52.77,,,,,,,,,,,,,11.0,4.36,16.44,,,,,,,,,,,,,4.0,-1.27,9.77,,,,,,,,,,1.0,-4.42,6.44,,,,,,,,,,,,,,,,,,,,,,,,,,,,,,,,,,,
2010-09-21,34.99,28.39,40.43,,,,,,,,,,,,,47.01,41.76,52.77,,,,,,,,,,,,,10.99,4.39,16.43,,,,,,,,,,,,,4.01,-1.24,9.77,,,,,,,,,,1.0,-4.42,6.43,,,,,,,,,,,,,,,,,,,,,,,,,,,,,,,,,,,
2010-09-22,34.97,28.43,40.4,,,,,,,,,,,,,47.02,41.81,52.77,,,,,,,,,,,,,10.97,4.43,16.4,,,,,,,,,,,,,4.02,-1.19,9.77,,,,,,,,,,1.01,-4.42,6.41,,,,,,,,,,,,,,,,,,,,,,,,,,,,,,,,,,,
2010-09-23,34.93,28.5,40.33,,,,,,,,,,,,,47.04,41.9,52.74,,,,,,,,,,,,,10.93,4.5,16.32,,,,,,,,,,,,,4.04,-1.1,9.74,,,,,,,,,,1.02,-4.43,6.37,,,,,,,,,,,,,,,,,,,,,,,,,,,,,,,,,,,
2010-09-24,34.88,28.59,40.17,,,,,,,,,,,,,47.08,41.96,52.69,,,,,,,,,,,,,10.88,4.59,16.17,,,,,,,,,,,,,4.08,-1.04,9.69,,,,,,,,,,1.04,-4.43,6.34,,,,,,,,,,,,,,,,,,,,,,,,,,,,,,,,,,,
2010-09-25,34.8,28.59,40.0,,,,,,,,,,,,,47.13,42.01,52.61,,,,,,,,,,,,,10.8,4.59,16.0,,,,,,,,,,,,,4.13,-0.99,9.61,,,,,,,,,,1.07,-4.45,6.3,,,,,,,,,,,,,,,,,,,,,,,,,,,,,,,,,,,
2010-09-26,34.69,28.59,39.82,,,,,,,,,,,,,47.21,42.26,52.49,,,,,,,,,,,,,10.69,4.59,15.82,,,,,,,,,,,,,4.21,-0.74,9.49,,,,,,,,,,1.1,-4.14,6.25,,,,,,,,,,,,,,,,,,,,,,,,,,,,,,,,,,,
2010-09-27,34.55,28.61,39.55,,,,,,,,,,,,,47.3,42.47,52.42,,,,,,,,,,,,,10.55,4.61,15.55,,,,,,,,,,,,,4.3,-0.53,9.42,,,,,,,,,,1.15,-3.73,6.13,,,,,,,,,,,,,,,,,,,,,,,,,,,,,,,,,,,
2010-09-28,34.36,28.63,39.47,,,,,,,,,,,,,47.42,42.8,52.41,,,,,,,,,,,,,10.36,4.63,15.47,,,,,,,,,,,,,4.42,-0.2,9.41,,,,,,,,,,1.21,-3.36,6.04,,,,,,,,,,,,,,,,,,,,,,,,,,,,,,,,,,,
2010-09-29,34.15,28.59,39.33,,,,,,,,,,,,,47.57,42.97,52.58,,,,,,,,,,,,,10.15,4.59,15.32,,,,,,,,,,,,,4.57,-0.03,9.58,,,,,,,,,,1.28,-3.32,6.07,,,,,,,,,,,,,,,,,,,,,,,,,,,,,,,,,,,
2010-09-30,33.9,28.59,39.02,,,,,,,,,,,,,47.73,43.13,52.66,,,,,,,,,,,,,9.9,4.59,15.02,,,,,,,,,,,,,4.73,0.13,9.66,,,,,,,,,,1.37,-3.05,6.07,,,,,,,,,,,,,,,,,,,,,,,,,,,,,,,,,,,
2010-10-01,33.64,28.33,38.59,,,,,,,,,,,,,47.91,43.28,52.54,,,,,,,,,,,,,9.64,4.33,14.59,,,,,,,,,,,,,4.91,0.28,9.54,,,,,,,,,,1.45,-2.97,5.94,,,,,,,,,,,,,,,,,,,,,,,,,,,,,,,,,,,
2010-10-02,33.36,27.92,38.69,,,,,,,,,,,,,48.09,42.84,52.7,,,,,,,,,,,,,9.36,3.92,14.69,,,,,,,,,,,,,5.09,-0.16,9.7,,,,,,,,,,1.55,-3.54,6.07,,,,,,,,,,,,,,,,,,,,,,,,,,,,,,,,,,,
2010-10-03,33.1,27.81,38.84,,,,,,,,,,,,,48.27,43.04,53.07,,,,,,,,,,,,,9.1,3.81,14.84,,,,,,,,,,,,,5.27,0.04,10.07,,,,,,,,,,1.63,-3.44,6.45,,,,,,,,,,,,,,,,,,,,,,,,,,,,,,,,,,,
2010-10-04,32.85,27.18,39.0,,,,,,,,,,,,,48.43,42.93,53.27,,,,,,,,,,,,,8.85,3.18,15.0,,,,,,,,,,,,,5.43,-0.07,10.27,,,,,,,,,,1.72,-3.85,6.78,,,,,,,,,,,,,,,,,,,,,,,,,,,,,,,,,,,
2010-10-05,32.64,26.58,39.05,,,,,,,,,,,,,48.58,42.66,53.63,,,,,,,,,,,,,8.64,2.58,15.05,,,,,,,,,,,,,5.58,-0.34,10.63,,,,,,,,,,1.79,-4.18,7.14,,,,,,,,,,,,,,,,,,,,,,,,,,,,,,,,,,,
2010-10-06,32.45,26.09,39.05,,,,,,,,,,,,,48.7,42.45,54.39,,,,,,,,,,,,,8.45,2.09,15.05,,,,,,,,,,,,,5.7,-0.55,11.39,,,,,,,,,,1.85,-4.42,7.61,,,,,,,,,,,,,,,,,,,,,,,,,,,,,,,,,,,
2010-10-07,32.31,25.72,39.48,,,,,,,,,,,,,48.79,42.31,54.84,,,,,,,,,,,,,8.31,1.72,15.48,,,,,,,,,,,,,5.79,-0.69,11.84,,,,,,,,,,1.9,-4.61,7.96,,,,,,,,,,,,,,,,,,,,,,,,,,,,,,,,,,,
2010-10-08,32.2,25.45,39.48,,,,,,,,,,,,,48.87,42.17,55.27,,,,,,,,,,,,,8.2,1.45,15.48,,,,,,,,,,,,,5.87,-0.83,12.27,,,,,,,,,,1.93,-4.7,8.32,,,,,,,,,,,,,,,,,,,,,,,,,,,,,,,,,,,
2010-10-09,32.12,25.33,39.52,,,,,,,,,,,,,48.92,42.01,55.42,,,,,,,,,,,,,8.12,1.33,15.52,,,,,,,,,,,,,5.92,-0.99,12.42,,,,,,,,,,1.96,-4.88,8.46,,,,,,,,,,,,,,,,,,,,,,,,,,,,,,,,,,,
2010-10-10,32.07,25.04,39.63,,,,,,,,,,,,,48.96,41.92,55.55,,,,,,,,,,,,,8.07,1.04,15.63,,,,,,,,,,,,,5.96,-1.08,12.55,,,,,,,,,,1.98,-5.05,8.59,,,,,,,,,,,,,,,,,,,,,,,,,,,,,,,,,,,
2010-10-11,32.03,24.93,39.69,,,,,,,,,,,,,48.98,41.89,55.74,,,,,,,,,,,,,8.03,0.93,15.69,,,,,,,,,,,,,5.98,-1.11,12.74,,,,,,,,,,1.99,-5.1,8.76,,,,,,,,,,,,,,,,,,,,,,,,,,,,,,,,,,,
2010-10-12,32.01,24.89,39.73,,,,,,,,,,,,,48.99,41.87,55.85,,,,,,,,,,,,,8.01,0.89,15.73,,,,,,,,,,,,,5.99,-1.13,12.85,,,,,,,,,,2.0,-5.12,8.86,,,,,,,,,,,,,,,,,,,,,,,,,,,,,,,,,,,
2010-10-13,32.0,24.87,39.74,,,,,,,,,,,,,49.0,41.86,55.91,,,,,,,,,,,,,8.0,0.87,15.74,,,,,,,,,,,,,6.0,-1.14,12.91,,,,,,,,,,2.0,-5.13,8.91,,,,,,,,,,,,,,,,,,,,,,,,,,,,,,,,,,,
2010-10-14,32.0,24.87,39.74,,,,,,,,,,,,,49.0,41.85,55.93,,,,,,,,,,,,,8.0,0.87,15.74,,,,,,,,,,,,,6.0,-1.15,12.93,,,,,,,,,,2.0,-5.14,8.93,,,,,,,,,,,,,,,,,,,,,,,,,,,,,,,,,,,
2010-10-15,32.0,24.85,39.19,,,,,,,,,,,,,49.0,41.85,56.19,,,,,,,,,,,,,8.0,0.85,15.19,,,,,,,,,,,,,6.0,-1.15,13.19,,,,,,,,,,2.0,-5.15,9.19,,,,,,,,,,,,,,,,,,,,,,,,,,,,,,,,,,,
2010-11-12,32.0,25.76,38.21,,,,,,,,,,,,,49.0,42.76,55.21,,,,,,,,,,,,,8.0,1.76,14.21,,,,,,,,,,,,,6.0,-0.24,12.21,,,,,,,,,,2.0,-4.24,8.21,,,,,,,,,,,,,,,,,,,,,,,,,,,,,,,,,,,
2010-11-13,32.0,26.51,40.09,,,,,,,,,,,,,49.0,41.81,55.02,,,,,,,,,,,,,8.0,1.84,14.02,,,,,,,,,,,,,6.0,-0.46,12.02,,,,,,,,,,2.0,-4.13,8.66,,,,,,,,,,,,,,,,,,,,,,,,,,,,,,,,,,,
2010-11-14,32.0,26.51,40.09,,,,,,,,,,,,,49.0,41.81,55.02,,,,,,,,,,,,,8.0,1.84,14.02,,,,,,,,,,,,,6.0,-0.46,12.02,,,,,,,,,,2.0,-4.13,8.66,,,,,,,,,,,,,,,,,,,,,,,,,,,,,,,,,,,
2010-11-15,32.01,26.53,40.09,,,,,,,,,,,,,48.99,41.81,55.01,,,,,,,,,,,,,8.0,1.85,14.02,,,,,,,,,,,,,6.0,-0.45,12.02,,,,,,,,,,2.0,-4.12,8.66,,,,,,,,,,,,,,,,,,,,,,,,,,,,,,,,,,,
2010-11-16,32.02,26.56,40.09,,,,,,,,,,,,,48.99,41.83,55.0,,,,,,,,,,,,,8.0,1.85,14.01,,,,,,,,,,,,,5.99,-0.44,12.01,,,,,,,,,,2.0,-4.11,8.65,,,,,,,,,,,,,,,,,,,,,,,,,,,,,,,,,,,
2010-11-17,32.03,26.61,40.09,,,,,,,,,,,,,48.98,41.84,55.0,,,,,,,,,,,,,7.99,1.86,14.0,,,,,,,,,,,,,5.99,-0.42,12.0,,,,,,,,,,2.01,-4.08,8.64,,,,,,,,,,,,,,,,,,,,,,,,,,,,,,,,,,,
2010-11-18,32.06,26.66,40.09,,,,,,,,,,,,,48.96,41.84,54.98,,,,,,,,,,,,,7.99,1.88,14.0,,,,,,,,,,,,,5.98,-0.4,12.0,,,,,,,,,,2.01,-4.04,8.62,,,,,,,,,,,,,,,,,,,,,,,,,,,,,,,,,,,
2010-11-19,32.08,26.74,40.06,,,,,,,,,,,,,48.94,41.87,54.97,,,,,,,,,,,,,7.99,1.89,13.99,,,,,,,,,,,,,5.97,-0.36,11.98,,,,,,,,,,2.01,-4.0,8.6,,,,,,,,,,,,,,,,,,,,,,,,,,,,,,,,,,,
2010-11-20,32.12,26.84,40.04,,,,,,,,,,,,,48.92,41.89,54.95,,,,,,,,,,,,,7.98,1.91,13.98,,,,,,,,,,,,,5.96,-0.32,11.97,,,,,,,,,,2.02,-3.94,8.57,,,,,,,,,,,,,,,,,,,,,,,,,,,,,,,,,,,
2010-11-21,32.16,26.96,40.02,,,,,,,,,,,,,48.89,41.91,54.92,,,,,,,,,,,,,7.97,1.93,13.96,,,,,,,,,,,,,5.95,-0.28,11.96,,,,,,,,,,2.03,-3.88,8.54,,,,,,,,,,,,,,,,,,,,,,,,,,,,,,,,,,,
2010-11-22,32.21,27.1,40.02,,,,,,,,,,,,,48.86,41.95,54.9,,,,,,,,,,,,,7.96,1.96,13.95,,,,,,,,,,,,,5.93,-0.21,11.93,,,,,,,,,,2.04,-3.8,8.5,,,,,,,,,,,,,,,,,,,,,,,,,,,,,,,,,,,
2010-11-23,32.27,27.2,40.02,,,,,,,,,,,,,48.82,41.98,54.87,,,,,,,,,,,,,7.96,1.98,13.93,,,,,,,,,,,,,5.91,-0.15,11.91,,,,,,,,,,2.04,-3.71,8.46,,,,,,,,,,,,,,,,,,,,,,,,,,,,,,,,,,,
2010-11-24,32.33,27.28,40.02,,,,,,,,,,,,,48.78,42.02,54.78,,,,,,,,,,,,,7.94,2.02,13.91,,,,,,,,,,,,,5.89,-0.08,11.89,,,,,,,,,,2.06,-3.61,8.41,,,,,,,,,,,,,,,,,,,,,,,,,,,,,,,,,,,
2010-11-25,32.4,27.37,40.02,,,,,,,,,,,,,48.74,42.06,54.54,,,,,,,,,,,,,7.93,2.06,13.89,,,,,,,,,,,,,5.87,0.0,11.82,,,,,,,,,,2.07,-3.5,8.37,,,,,,,,,,,,,,,,,,,,,,,,,,,,,,,,,,,
2010-11-26,32.47,27.46,40.02,,,,,,,,,,,,,48.69,42.11,54.3,,,,,,,,,,,,,7.92,2.16,13.8,,,,,,,,,,,,,5.84,0.09,11.64,,,,,,,,,,2.08,-3.38,8.31,,,,,,,,,,,,,,,,,,,,,,,,,,,,,,,,,,,
2010-11-27,32.55,27.57,40.02,,,,,,,,,,,,,48.64,42.16,54.14,,,,,,,,,,,,,7.91,2.27,13.62,,,,,,,,,,,,,5.82,0.17,11.44,,,,,,,,,,2.09,-3.26,8.2,,,,,,,,,,,,,,,,,,,,,,,,,,,,,,,,,,,
2010-11-28,32.63,27.67,40.02,,,,,,,,,,,,,48.58,42.2,54.03,,,,,,,,,,,,,7.9,2.37,13.45,,,,,,,,,,,,,5.79,0.27,11.24,,,,,,,,,,2.1,-3.13,8.09,,,,,,,,,,,,,,,,,,,,,,,,,,,,,,,,,,,
2010-11-29,32.71,27.78,40.02,,,,,,,,,,,,,48.53,42.26,53.92,,,,,,,,,,,,,7.88,2.48,13.41,,,,,,,,,,,,,5.76,0.33,11.11,,,,,,,,,,2.12,-3.0,8.02,,,,,,,,,,,,,,,,,,,,,,,,,,,,,,,,,,,
2010-11-30,32.8,27.8,40.02,,,,,,,,,,,,,48.47,42.31,53.81,,,,,,,,,,,,,7.87,2.59,13.38,,,,,,,,,,,,,5.73,0.4,11.02,,,,,,,,,,2.13,-2.85,7.96,,,,,,,,,,,,,,,,,,,,,,,,,,,,,,,,,,,
2010-12-01,32.88,27.84,40.02,,,,,,,,,,,,,48.41,42.37,53.7,,,,,,,,,,,,,7.85,2.71,13.35,,,,,,,,,,,,,5.71,0.5,10.92,,,,,,,,,,2.15,-2.72,7.89,,,,,,,,,,,,,,,,,,,,,,,,,,,,,,,,,,,
2010-12-02,32.97,27.96,40.02,,,,,,,,,,,,,48.35,42.37,53.53,,,,,,,,,,,,,7.84,2.85,13.27,,,,,,,,,,,,,5.68,0.55,10.78,,,,,,,,,,2.16,-2.64,7.88,,,,,,,,,,,,,,,,,,,,,,,,,,,,,,,,,,,
2010-12-03,33.06,28.16,40.03,,,,,,,,,,,,,48.29,42.37,53.41,,,,,,,,,,,,,7.82,3.01,13.23,,,,,,,,,,,,,5.65,0.61,10.62,,,,,,,,,,2.18,-2.56,7.87,,,,,,,,,,,,,,,,,,,,,,,,,,,,,,,,,,,
2010-12-04,33.15,28.26,40.03,,,,,,,,,,,,,48.23,42.37,53.3,,,,,,,,,,,,,7.81,3.17,13.23,,,,,,,,,,,,,5.62,0.73,10.5,,,,,,,,,,2.19,-2.44,7.85,,,,,,,,,,,,,,,,,,,,,,,,,,,,,,,,,,,
2010-12-05,33.24,28.46,40.02,,,,,,,,,,,,,48.17,42.37,53.2,,,,,,,,,,,,,7.79,3.27,13.23,,,,,,,,,,,,,5.59,0.8,10.41,,,,,,,,,,2.21,-2.29,7.84,,,,,,,,,,,,,,,,,,,,,,,,,,,,,,,,,,,
2010-12-06,33.33,28.62,40.02,,,,,,,,,,,,,48.12,42.37,53.17,,,,,,,,,,,,,7.78,3.25,13.21,,,,,,,,,,,,,5.56,0.85,10.33,,,,,,,,,,2.22,-2.27,7.83,,,,,,,,,,,,,,,,,,,,,,,,,,,,,,,,,,,
2010-12-07,33.41,28.74,40.02,,,,,,,,,,,,,48.06,42.37,53.06,,,,,,,,,,,,,7.76,3.29,13.13,,,,,,,,,,,,,5.53,0.89,10.25,,,,,,,,,,2.24,-2.23,7.75,,,,,,,,,,,,,,,,,,,,,,,,,,,,32.0,49.0,8.0,6.0,2.0,,,
2010-12-08,33.5,28.78,40.02,,,,,,,,,,,,,48.0,42.37,53.01,,,,,,,,,,,,,7.75,3.32,13.0,,,,,,,,,,,,,5.5,0.88,10.25,,,,,,,,,,2.25,-2.12,7.65,,,,,,,,,,,,,,,,,,,,,,,,,,,,,,,,,,,
2010-12-09,33.58,28.81,40.02,,,,,,,,,,,,,47.95,42.37,52.92,,,,,,,,,,,,,7.74,3.33,12.87,,,,,,,,,,,,,5.47,0.84,10.27,,,,,,,,,,2.26,-2.07,7.55,,,,,,,,,,,,,,,,,,,,,,,,,,,,,,,,,,,
2010-12-10,33.66,28.84,40.02,,,,,,,,,,,,,47.89,42.37,52.84,,,,,,,,,,,,,7.72,3.31,12.75,,,,,,,,,,,,,5.45,0.81,10.23,,,,,,,,,,2.28,-2.07,7.46,,,,,,,,,,,,,,,,,,,,,,,,,,,,,,,,,,,
2010-12-11,33.74,28.88,40.02,,,,,,,,,,,,,47.84,42.36,52.77,,,,,,,,,,,,,7.71,3.29,12.66,,,,,,,,,,,,,5.42,0.78,10.23,,,,,,,,,,2.29,-2.07,7.37,,,,,,,,,,,,,,,,,,,,,,,,,,,,,,,,,,,
2010-12-12,33.81,28.91,40.02,,,,,,,,,,,,,47.79,42.32,52.7,,,,,,,,,,,,,7.7,3.28,12.62,,,,,,,,,,,,,5.4,0.76,10.23,,,,,,,,,,2.3,-2.07,7.29,,,,,,,,,,,,,,,,,,,,,,,,,,,,,,,,,,,
2010-12-13,33.88,28.94,40.02,,,,,,,,,,,,,47.74,42.28,52.6,,,,,,,,,,,,,7.69,3.27,12.58,,,,,,,,,,,,,5.37,0.71,10.23,,,,,,,,,,2.31,-2.07,7.21,,,,,,,,,,,,,,,,,,,,,,,,,,,,,,,,,,,
2010-12-14,33.95,28.96,40.02,,,,,,,,,,,,,47.7,42.25,52.5,,,,,,,,,,,,,7.67,3.25,12.54,,,,,,,,,,,,,5.35,0.66,10.21,,,,,,,,,,2.33,-2.07,7.28,,,,,,,,,,,,,,,,,,,,,,,,,,,,,,,,,,,
2010-12-15,34.02,28.96,40.02,,,,,,,,,,,,,47.65,42.22,52.39,,,,,,,,,,,,,7.66,3.24,12.52,,,,,,,,,,,,,5.33,0.61,10.21,,,,,,,,,,2.34,-2.07,7.34,,,,,,,,,,,,,,,,,,,,,,,,,,,,,,,,,,,
2010-12-16,34.09,28.96,40.02,,,,,,,,,,,,,47.61,42.19,52.3,,,,,,,,,,,,,7.65,3.23,12.48,,,,,,,,,,,,,5.3,0.57,10.21,,,,,,,,,,2.35,-2.07,7.39,,,,,,,,,,,,,,,,,,,,,,,,,,,,,,,,,,,
2010-12-17,34.15,28.96,40.06,,,,,,,,,,,,,47.57,42.16,52.23,,,,,,,,,,,,,7.64,3.21,12.47,,,,,,,,,,,,,5.28,0.54,10.21,,,,,,,,,,2.36,-2.07,7.43,,,,,,,,,,,,,,,,,,,,,,,,,,,,,,,,,,,
2010-12-18,34.21,28.96,40.06,,,,,,,,,,,,,47.53,42.13,52.22,,,,,,,,,,,,,7.63,3.21,12.52,,,,,,,,,,,,,5.26,0.53,10.21,,,,,,,,,,2.37,-2.07,7.39,,,,,,,,,,,,,,,,,,,,,,,,,,,,,,,,,,,
2010-12-19,34.27,28.96,40.06,,,,,,,,,,,,,47.49,42.11,52.22,,,,,,,,,,,,,7.62,3.2,12.57,,,,,,,,,,,,,5.24,0.52,10.21,,,,,,,,,,2.38,-2.07,7.36,,,,,,,,,,,,,,,,,,,,,,,,,,,,,,,,,,,
2010-12-20,34.33,28.96,40.06,,,,,,,,,,,,,47.45,42.08,52.22,,,,,,,,,,,,,7.61,3.19,12.57,,,,,,,,,,,,,5.22,0.5,10.2,,,,,,,,,,2.39,-2.07,7.33,,,,,,,,,,,,,,,,,,,,,,,,,,,,,,,,,,,
2010-12-21,34.38,28.96,40.07,,,,,,,,,,,,,47.41,42.06,52.22,,,,,,,,,,,,,7.6,3.17,12.56,,,,,,,,,,,,,5.21,0.48,10.21,,,,,,,,,,2.4,-2.07,7.3,,,,,,,,,,,,,,,,,,,,,,,,,,,,,,,,,,,
2010-12-22,34.44,28.96,40.09,,,,,,,,,,,,,47.38,42.03,52.21,,,,,,,,,,,,,7.59,3.17,12.55,,,,,,,,,,,,,5.19,0.46,10.21,,,,,,,,,,2.41,-2.07,7.27,,,,,,,,,,,,,,,,,,,,,,,,,,,,,,,,,,,
2010-12-23,34.49,28.96,40.13,,,,,,,,,,,,,47.34,42.02,52.21,,,,,,,,,,,,,7.59,3.16,12.54,,,,,,,,,,,,,5.17,0.42,10.21,,,,,,,,,,2.41,-2.07,7.29,,,,,,,,,,,,,,,,,,,,,,,,,,,,,,,,,,,
2010-12-24,34.54,28.96,40.13,,,,,,,,,,,,,47.31,42.0,52.2,,,,,,,,,,,,,7.58,3.15,12.54,,,,,,,,,,,,,5.15,0.39,10.21,,,,,,,,,,2.42,-2.07,7.34,,,,,,,,,,,,,,,,,,,,,,,,,,,,,,,,,,,
2010-12-25,34.59,28.96,40.13,,,,,,,,,,,,,47.28,41.98,52.22,,,,,,,,,,,,,7.57,3.14,12.55,,,,,,,,,,,,,5.14,0.36,10.21,,,,,,,,,,2.43,-2.07,7.41,,,,,,,,,,,,,,,,,,,,,,,,,,,,,,,,,,,
2010-12-26,34.63,28.96,40.13,,,,,,,,,,,,,47.24,41.95,52.26,,,,,,,,,,,,,7.56,3.13,12.59,,,,,,,,,,,,,5.12,0.34,10.21,,,,,,,,,,2.44,-2.07,7.5,,,,,,,,,,,,,,,,,,,,,,,,,,,,,,,,,,,
2010-12-27,34.68,28.96,40.13,,,,,,,,,,,,,47.21,41.94,52.31,,,,,,,,,,,,,7.55,3.1,12.64,,,,,,,,,,,,,5.11,0.32,10.21,,,,,,,,,,2.45,-2.07,7.58,,,,,,,,,,,,,,,,,,,,,,,,,,,,,,,,,,,
2010-12-28,34.72,28.96,40.13,,,,,,,,,,,,,47.18,41.92,52.36,,,,,,,,,,,,,7.55,3.08,12.68,,,,,,,,,,,,,5.09,0.3,10.22,,,,,,,,,,2.45,-2.07,7.67,,,,,,,,,,,,,,,,,,,,,,,,,,,,,,,,,,,
2010-12-29,34.77,28.96,40.14,,,,,,,,,,,,,47.15,41.9,52.4,,,,,,,,,,,,,7.54,3.05,12.73,,,,,,,,,,,,,5.08,0.3,10.23,,,,,,,,,,2.46,-2.07,7.76,,,,,,,,,,,,,,,,,,,,,,,,,,,,,,,,,,,
2010-12-30,34.81,28.96,40.14,,,,,,,,,,,,,47.13,41.89,52.44,,,,,,,,,,,,,7.53,3.02,12.77,,,,,,,,,,,,,5.06,0.29,10.23,,,,,,,,,,2.47,-2.07,7.84,,,,,,,,,,,,,,,,,,,,,,,,,,,,,,,,,,,
2010-12-31,34.85,28.96,40.17,,,,,,,,,,,,,47.1,41.87,52.48,,,,,,,,,,,,,7.52,3.0,12.81,,,,,,,,,,,,,5.05,0.28,10.23,,,,,,,,,,2.48,-2.07,7.93,,,,,,,,,,,,,,,,,,,,,,,,,,,,,,,,,,,
2011-01-01,34.9,28.96,40.23,,,,,,,,,,,,,47.07,41.85,52.52,,,,,,,,,,,,,7.52,2.97,12.88,,,,,,,,,,,,,5.03,0.27,10.23,,,,,,,,,,2.48,-2.07,7.97,,,,,,,,,,,,,,,,,,,,,,,,,,,,,,,,,,,
2011-01-02,34.94,28.96,40.29,,,,,,,,,,,,,47.04,41.84,52.56,,,,,,,,,,,,,7.51,2.94,12.94,,,,,,,,,,,,,5.02,0.26,10.23,,,,,,,,,,2.49,-2.07,8.01,,,,,,,,,,,,,,,,,,,,,,,,,,,,,,,,,,,
2011-01-03,34.98,28.96,40.35,,,,,,,,,,,,,47.01,41.81,52.6,,,,,,,,,,,,,7.5,2.92,13.0,,,,,,,,,,,,,5.01,0.25,10.26,,,,,,,,,,2.5,-2.07,8.04,,,,,,,,,,,,,,,,,,,,,,,,,,,,,,,,,,,
2011-01-04,35.02,28.96,40.41,,,,,,,,,,,,,46.99,41.78,52.64,,,,,,,,,,,,,7.5,2.89,13.07,,,,,,,,,,,,,4.99,0.24,10.29,,,,,,,,,,2.5,-2.07,8.09,,,,,,,,,,,,,,,,,,,,,,,,,,,,,,,,,,,
2011-01-05,35.06,28.96,40.46,,,,,,,,,,,,,46.96,41.77,52.68,,,,,,,,,,,,,7.49,2.87,13.13,,,,,,,,,,,,,4.98,0.23,10.32,,,,,,,,,,2.51,-2.08,8.12,,,,,,,,,,,,,,,,,,,,,,,,,,,,,,,,,,,
2011-01-06,35.1,28.96,40.52,,,,,,,,,,,,,46.93,41.73,52.72,,,,,,,,,,,,,7.48,2.83,13.18,,,,,,,,,,,,,4.97,0.22,10.35,,,,,,,,,,2.52,-2.09,8.16,,,,,,,,,,,,,,,,,,,,,,,,,,,,,,,,,,,
2011-01-07,35.15,28.96,40.58,,,,,,,,,,,,,46.9,41.7,52.76,,,,,,,,,,,,,7.48,2.81,13.21,,,,,,,,,,,,,4.95,0.2,10.38,,,,,,,,,,2.52,-2.1,8.17,,,,,,,,,,,,,,,,,,,,,,,,,,,,,,,,,,,
2011-01-08,35.19,28.96,40.64,,,,,,,,,,,,,46.87,41.66,52.8,,,,,,,,,,,,,7.47,2.79,13.23,,,,,,,,,,,,,4.94,0.17,10.41,,,,,,,,,,2.53,-2.12,8.18,,,,,,,,,,,,,,,,,,,,,,,,,,,,,,,,,,,
2011-01-09,35.23,28.96,40.72,,,,,,,,,,,,,46.85,41.62,52.84,,,,,,,,,,,,,7.46,2.76,13.23,,,,,,,,,,,,,4.92,0.14,10.44,,,,,,,,,,2.54,-2.13,8.18,,,,,,,,,,,,,,,,,,,,,,,,,,,,,,,,,,,
2011-01-10,35.28,28.96,40.8,,,,,,,,,,,,,46.82,41.58,52.88,,,,,,,,,,,,,7.45,2.73,13.23,,,,,,,,,,,,,4.91,0.1,10.46,,,,,,,,,,2.55,-2.15,8.18,,,,,,,,,,,,,,,,,,,,,,,,,,,,,,,,,,,
2011-01-11,35.32,28.96,40.88,,,,,,,,,,,,,46.79,41.56,52.92,,,,,,,,,,,,,7.45,2.7,13.23,,,,,,,,,,,,,4.89,0.07,10.5,,,,,,,,,,2.55,-2.16,8.18,,,,,,,,,,,,,,,,,,,,,,,,,,,,,,,,,,,
2011-01-12,35.37,28.98,40.97,,,,,,,,,,,,,46.76,41.54,52.95,,,,,,,,,,,,,7.44,2.67,13.23,,,,,,,,,,,,,4.88,0.04,10.5,,,,,,,,,,2.56,-2.17,8.18,,,,,,,,,,,,,,,,,,,,,,,,,,,,,,,,,,,
2011-01-13,35.41,28.99,41.05,,,,,,,,,,,,,46.72,41.52,52.96,,,,,,,,,,,,,7.43,2.65,13.23,,,,,,,,,,,,,4.86,-0.01,10.51,,,,,,,,,,2.57,-2.19,8.18,,,,,,,,,,,,,,,,,,,,,,,,,,,,,,,,,,,
2011-01-14,35.46,29.01,41.12,,,,,,,,,,,,,46.69,41.51,52.98,,,,,,,,,,,,,7.42,2.62,13.23,,,,,,,,,,,,,4.85,-0.04,10.52,,,,,,,,,,2.58,-2.19,8.18,,,,,,,,,,,,,,,,,,,,,,,,,,,,,,,,,,,
2011-01-15,35.51,29.02,41.14,,,,,,,,,,,,,46.66,41.5,53.0,,,,,,,,,,,,,7.41,2.58,13.23,,,,,,,,,,,,,4.83,-0.08,10.53,,,,,,,,,,2.59,-2.19,8.18,,,,,,,,,,,,,,,,,,,,,,,,,,,,,,,,,,,
2011-01-16,35.56,29.03,41.16,,,,,,,,,,,,,46.62,41.48,53.02,,,,,,,,,,,,,7.41,2.55,13.23,,,,,,,,,,,,,4.81,-0.12,10.54,,,,,,,,,,2.59,-2.19,8.18,,,,,,,,,,,,,,,,,,,,,,,,,,,,,,,,,,,
2011-01-17,35.62,29.05,41.19,,,,,,,,,,,,,46.59,41.46,53.04,,,,,,,,,,,,,7.4,2.52,13.23,,,,,,,,,,,,,4.79,-0.16,10.55,,,,,,,,,,2.6,-2.19,8.18,,,,,,,,,,,,,,,,,,,,,,,,,,,,,,,,,,,
2011-01-18,35.67,29.06,41.21,,,,,,,,,,,,,46.55,41.43,53.04,,,,,,,,,,,,,7.39,2.49,13.23,,,,,,,,,,,,,4.78,-0.2,10.57,,,,,,,,,,2.61,-2.19,8.18,,,,,,,,,,,,,,,,,,,,,,,,,,,,,,,,,,,
2011-01-19,35.73,29.08,41.23,,,,,,,,,,,,,46.51,41.38,53.02,,,,,,,,,,,,,7.38,2.46,13.23,,,,,,,,,,,,,4.76,-0.24,10.58,,,,,,,,,,2.62,-2.19,8.18,,,,,,,,,,,,,,,,,,,,,,,,,,,,,,,,,,,
2011-01-20,35.79,29.09,41.26,,,,,,,,,,,,,46.47,41.31,53.0,,,,,,,,,,,,,7.37,2.42,13.23,,,,,,,,,,,,,4.74,-0.29,10.59,,,,,,,,,,2.63,-2.19,8.18,,,,,,,,,,,,,,,,,,,,,,,,,,,,,,,,,,,
2011-01-21,35.85,29.11,41.28,,,,,,,,,,,,,46.43,41.29,52.97,,,,,,,,,,,,,7.36,2.38,13.24,,,,,,,,,,,,,4.72,-0.33,10.59,,,,,,,,,,2.64,-2.19,8.19,,,,,,,,,,,,,,,,,,,,,,,,,,,,,,,,,,,
2011-01-22,35.91,29.13,41.31,,,,,,,,,,,,,46.39,41.27,52.94,,,,,,,,,,,,,7.35,2.34,13.26,,,,,,,,,,,,,4.7,-0.38,10.57,,,,,,,,,,2.65,-2.19,8.19,,,,,,,,,,,,,,,,,,,,,,,,,,,,,,,,,,,
2011-01-23,35.98,29.15,41.34,,,,,,,,,,,,,46.35,41.25,52.97,,,,,,,,,,,,,7.34,2.3,13.28,,,,,,,,,,,,,4.67,-0.43,10.55,,,,,,,,,,2.66,-2.19,8.19,,,,,,,,,,,,,,,,,,,,,,,,,,,,,,,,,,,
2011-01-24,36.05,29.17,41.36,,,,,,,,,,,,,46.3,41.19,53.0,,,,,,,,,,,,,7.33,2.26,13.29,,,,,,,,,,,,,4.65,-0.48,10.54,,,,,,,,,,2.67,-2.19,8.2,,,,,,,,,,,,,,,,,,,,,,,,,,,,,,,,,,,
2011-01-25,36.12,29.19,41.4,,,,,,,,,,,,,46.26,41.12,53.03,,,,,,,,,,,,,7.31,2.25,13.28,,,,,,,,,,,,,4.63,-0.53,10.52,,,,,,,,,,2.69,-2.19,8.2,,,,,,,,,,,,,,,,,,,,,,,,,,,,,,,,,,,
2011-01-26,36.19,29.26,41.44,,,,,,,,,,,,,46.21,41.05,53.06,,,,,,,,,,,,,7.3,2.24,13.27,,,,,,,,,,,,,4.6,-0.58,10.5,,,,,,,,,,2.7,-2.19,8.23,,,,,,,,,,,,,,,,,,,,,,,,,,,,,,,,,,,
2011-01-27,36.26,29.38,41.47,,,,,,,,,,,,,46.16,40.98,53.08,,,,,,,,,,,,,7.29,2.17,13.25,,,,,,,,,,,,,4.58,-0.64,10.48,,,,,,,,,,2.71,-2.23,8.28,,,,,,,,,,,,,,,,,,,,,,,,,,,,,,,,,,,
2011-01-28,36.34,29.5,41.52,,,,,,,,,,,,,46.11,40.91,53.08,,,,,,,,,,,,,7.28,2.08,13.24,,,,,,,,,,,,,4.55,-0.77,10.46,,,,,,,,,,2.72,-2.31,8.33,,,,,,,,,,,,,,,,,,,,,,,,,,,,,,,,,,,
2011-01-29,36.42,29.6,41.56,,,,,,,,,,,,,46.05,40.76,53.08,,,,,,,,,,,,,7.26,1.98,13.23,,,,,,,,,,,,,4.53,-0.89,10.44,,,,,,,,,,2.74,-2.4,8.39,,,,,,,,,,,,,,,,,,,,,,,,,,,,,,,,,,,
2011-01-30,36.5,29.63,41.61,,,,,,,,,,,,,46.0,40.59,53.08,,,,,,,,,,,,,7.25,1.89,13.23,,,,,,,,,,,,,4.5,-0.99,10.41,,,,,,,,,,2.75,-2.48,8.44,,,,,,,,,,,,,,,,,,,,,,,,,,,,,,,,,,,
2011-01-31,36.59,29.66,41.69,,,,,,,,,,,,,45.94,40.4,53.08,,,,,,,,,,,,,7.24,1.78,13.23,,,,,,,,,,,,,4.47,-1.1,10.38,,,,,,,,,,2.76,-2.57,8.5,,,,,,,,,,,,,,,,,,,,,,,,,,,,38.0,45.0,7.0,4.0,3.0,,,
2011-02-01,36.67,29.68,41.8,,,,,,,,,,,,,45.88,40.2,53.08,,,,,,,,,,,,,7.22,1.67,13.23,,,,,,,,,,,,,4.44,-1.22,10.36,,,,,,,,,,2.78,-2.69,8.57,,,,,,,,,,,,,,,,,,,,,,,,,,,,,,,,,,,
2011-02-02,36.76,29.72,41.92,,,,,,,,,,,,,45.83,40.08,53.08,,,,,,,,,,,,,7.21,1.61,13.23,,,,,,,,,,,,,4.41,-1.27,10.33,,,,,,,,,,2.79,-2.79,8.63,,,,,,,,,,,,,,,,,,,,,,,,,,,,,,,,,,,
2011-02-03,36.85,29.75,42.05,,,,,,,,,,,,,45.77,40.0,53.08,,,,,,,,,,,,,7.19,1.54,13.23,,,,,,,,,,,,,4.38,-1.31,10.3,,,,,,,,,,2.81,-2.84,8.71,,,,,,,,,,,,,,,,,,,,,,,,,,,,,,,,,,,
2011-02-04,36.94,29.77,42.21,,,,,,,,,,,,,45.71,39.94,53.08,,,,,,,,,,,,,7.18,1.48,13.23,,,,,,,,,,,,,4.35,-1.34,10.28,,,,,,,,,,2.82,-2.88,8.79,,,,,,,,,,,,,,,,,,,,,,,,,,,,,,,,,,,
2011-02-05,37.03,29.77,42.39,,,,,,,,,,,,,45.65,39.88,53.08,,,,,,,,,,,,,7.16,1.48,13.23,,,,,,,,,,,,,4.32,-1.36,10.25,,,,,,,,,,2.84,-2.84,8.89,,,,,,,,,,,,,,,,,,,,,,,,,,,,,,,,,,,
2011-02-06,37.12,29.77,42.61,,,,,,,,,,,,,45.59,39.91,53.08,,,,,,,,,,,,,7.15,1.48,13.23,,,,,,,,,,,,,4.29,-1.38,10.23,,,,,,,,,,2.85,-2.81,8.98,,,,,,,,,,,,,,,,,,,,,,,,,,,,,,,,,,,
2011-02-07,37.2,29.77,42.89,,,,,,,,,,,,,45.53,39.87,53.08,,,,,,,,,,,,,7.13,1.48,13.23,,,,,,,,,,,,,4.27,-1.39,10.27,,,,,,,,,,2.87,-2.79,9.05,,,,,,,,,,,,,,,,,,,,,,,,,,,,,,,,,,,
2011-02-08,37.29,29.77,43.2,,,,,,,,,,,,,45.47,39.8,53.08,,,,,,,,,,,,,7.12,1.48,13.27,,,,,,,,,,,,,4.24,-1.4,10.32,,,,,,,,,,2.88,-2.75,9.14,,,,,,,,,,,,,,,,,,,,,,,,,,,,,,,,,,,
2011-02-09,37.37,29.77,43.5,,,,,,,,,,,,,45.42,39.72,53.08,,,,,,,,,,,,,7.1,1.46,13.33,,,,,,,,,,,,,4.21,-1.44,10.38,,,,,,,,,,2.9,-2.75,9.21,,,,,,,,,,,,,,,,,,,,,,,,,,,,,,,,,,,
2011-02-10,37.45,29.77,43.81,,,,,,,,,,,,,45.36,39.62,53.08,,,,,,,,,,,,,7.09,1.35,13.39,,,,,,,,,,,,,4.18,-1.56,10.44,,,,,,,,,,2.91,-2.83,9.23,,,,,,,,,,,,,,,,,,,,,,,,,,,,,,,,,,,
2011-02-11,37.53,29.71,44.11,,,,,,,,,,,,,45.31,39.47,53.08,,,,,,,,,,,,,7.08,1.23,13.46,,,,,,,,,,,,,4.16,-1.69,10.5,,,,,,,,,,2.92,-2.98,9.23,,,,,,,,,,,,,,,,,,,,,,,,,,,,,,,,,,,
2011-02-12,37.6,29.67,44.23,,,,,,,,,,,,,45.26,39.33,53.08,,,,,,,,,,,,,7.07,1.13,13.51,,,,,,,,,,,,,4.13,-1.8,10.54,,,,,,,,,,2.93,-3.15,9.23,,,,,,,,,,,,,,,,,,,,,,,,,,,,,,,,,,,
2011-02-13,37.67,29.62,44.23,,,,,,,,,,,,,45.22,39.2,53.08,,,,,,,,,,,,,7.06,0.94,13.57,,,,,,,,,,,,,4.11,-1.94,10.59,,,,,,,,,,2.94,-3.3,9.23,,,,,,,,,,,,,,,,,,,,,,,,,,,,,,,,,,,
2011-02-14,37.73,29.59,44.23,,,,,,,,,,,,,45.18,39.05,53.08,,,,,,,,,,,,,7.04,0.74,13.61,,,,,,,,,,,,,4.09,-2.16,10.65,,,,,,,,,,2.96,-3.39,9.23,,,,,,,,,,,,,,,,,,,,,,,,,,,,,,,,,,,
2011-02-15,37.79,29.55,44.23,,,,,,,,,,,,,45.14,38.81,53.08,,,,,,,,,,,,,7.04,0.65,13.68,,,,,,,,,,,,,4.07,-2.31,10.73,,,,,,,,,,2.96,-3.42,9.25,,,,,,,,,,,,,,,,,,,,,,,,,,,,,,,,,,,
2011-02-16,37.84,29.52,44.23,,,,,,,,,,,,,45.11,38.68,53.08,,,,,,,,,,,,,7.03,0.6,13.72,,,,,,,,,,,,,4.05,-2.37,10.81,,,,,,,,,,2.97,-3.45,9.3,,,,,,,,,,,,,,,,,,,,,,,,,,,,,,,,,,,
2011-02-17,37.88,29.49,44.3,,,,,,,,,,,,,45.08,38.62,53.08,,,,,,,,,,,,,7.02,0.56,13.77,,,,,,,,,,,,,4.04,-2.42,10.88,,,,,,,,,,2.98,-3.48,9.35,,,,,,,,,,,,,,,,,,,,,,,,,,,,,,,,,,,
2011-02-18,37.92,29.47,44.35,,,,,,,,,,,,,45.06,38.57,53.08,,,,,,,,,,,,,7.01,0.52,13.79,,,,,,,,,,,,,4.03,-2.46,10.93,,,,,,,,,,2.99,-3.5,9.38,,,,,,,,,,,,,,,,,,,,,,,,,,,,,,,,,,,
2011-02-19,37.94,29.45,44.39,,,,,,,,,,,,,45.04,38.52,53.08,,,,,,,,,,,,,7.01,0.5,13.82,,,,,,,,,,,,,4.02,-2.49,10.97,,,,,,,,,,2.99,-3.52,9.41,,,,,,,,,,,,,,,,,,,,,,,,,,,,,,,,,,,
2011-02-20,37.97,29.44,44.42,,,,,,,,,,,,,45.02,38.5,53.08,,,,,,,,,,,,,7.01,0.47,13.84,,,,,,,,,,,,,4.01,-2.52,11.0,,,,,,,,,,2.99,-3.54,9.46,,,,,,,,,,,,,,,,,,,,,,,,,,,,,,,,,,,
2011-02-21,37.98,29.43,44.47,,,,,,,,,,,,,45.01,38.47,53.08,,,,,,,,,,,,,7.0,0.46,13.86,,,,,,,,,,,,,4.01,-2.53,11.03,,,,,,,,,,3.0,-3.54,9.5,,,,,,,,,,,,,,,,,,,,,,,,,,,,,,,,,,,
2011-02-22,37.99,29.42,44.51,,,,,,,,,,,,,45.01,38.45,53.08,,,,,,,,,,,,,7.0,0.46,13.86,,,,,,,,,,,,,4.0,-2.54,11.04,,,,,,,,,,3.0,-3.54,9.52,,,,,,,,,,,,,,,,,,,,,,,,,,,,,,,,,,,
2011-02-23,38.0,29.42,44.53,,,,,,,,,,,,,45.0,38.45,53.08,,,,,,,,,,,,,7.0,0.45,13.87,,,,,,,,,,,,,4.0,-2.55,11.05,,,,,,,,,,3.0,-3.55,9.54,,,,,,,,,,,,,,,,,,,,,,,,,,,,,,,,,,,
2011-02-24,38.0,29.41,44.53,,,,,,,,,,,,,45.0,38.45,53.08,,,,,,,,,,,,,7.0,0.45,13.87,,,,,,,,,,,,,4.0,-2.55,11.05,,,,,,,,,,3.0,-3.55,9.54,,,,,,,,,,,,,,,,,,,,,,,,,,,,,,,,,,,
2011-02-25,38.0,31.27,44.95,,,,,,,,,,,,,45.0,38.27,51.95,,,,,,,,,,,,,7.0,0.27,13.95,,,,,,,,,,,,,4.0,-2.73,10.95,,,,,,,,,,3.0,-3.73,9.95,,,,,,,,,,,,,,,,,,,,,,,,,,,,,,,,,,,
2011-03-20,38.0,31.6,45.81,,,,,,,,,,,,,45.0,38.6,52.81,,,,,,,,,,,,,7.0,0.6,14.81,,,,,,,,,,,,,4.0,-2.4,11.81,,,,,,,,,,3.0,-3.4,10.81,,,,,,,,,,,,,,,,,,,,,,,,,,,,,,,,,,,
2011-03-21,38.0,26.99,44.64,,,,,,,,,,,,,45.0,38.99,58.15,,,,,,,,,,,,,7.0,0.63,13.64,,,,,,,,,,,,,4.0,-2.24,10.67,,,,,,,,,,3.0,-3.37,9.64,,,,,,,,,,,,,,,,,,,,,,,,,,,,,,,,,,,
2011-03-22,37.99,26.99,44.63,,,,,,,,,,,,,45.01,38.99,58.15,,,,,,,,,,,,,7.0,0.63,13.63,,,,,,,,,,,,,4.0,-2.23,10.67,,,,,,,,,,3.0,-3.37,9.63,,,,,,,,,,,,,,,,,,,,,,,,,,,,,,,,,,,
2011-03-23,37.98,26.99,44.6,,,,,,,,,,,,,45.03,39.02,58.15,,,,,,,,,,,,,7.0,0.63,13.62,,,,,,,,,,,,,4.0,-2.23,10.65,,,,,,,,,,3.0,-3.37,9.62,,,,,,,,,,,,,,,,,,,,,,,,,,,,,,,,,,,
2011-03-24,37.95,26.99,44.55,,,,,,,,,,,,,45.08,39.07,58.15,,,,,,,,,,,,,6.99,0.63,13.59,,,,,,,,,,,,,4.0,-2.23,10.64,,,,,,,,,,2.99,-3.37,9.59,,,,,,,,,,,,,,,,,,,,,,,,,,,,,,,,,,,
2011-03-25,37.89,26.99,44.46,,,,,,,,,,,,,45.15,39.16,58.15,,,,,,,,,,,,,6.98,0.63,13.54,,,,,,,,,,,,,4.0,-2.22,10.6,,,,,,,,,,2.98,-3.37,9.54,,,,,,,,,,,,,,,,,,,,,,,,,,,,,,,,,,,
2011-03-26,37.81,26.99,44.33,,,,,,,,,,,,,45.27,39.45,58.15,,,,,,,,,,,,,6.97,0.63,13.47,,,,,,,,,,,,,4.0,-2.21,10.54,,,,,,,,,,2.97,-3.37,9.47,,,,,,,,,,,,,,,,,,,,,,,,,,,,,,,,,,,
2011-03-27,37.7,26.99,44.14,,,,,,,,,,,,,45.43,40.04,58.15,,,,,,,,,,,,,6.96,0.63,13.37,,,,,,,,,,,,,4.0,-2.26,10.47,,,,,,,,,,2.96,-3.37,9.37,,,,,,,,,,,,,,,,,,,,,,,,,,,,,,,,,,,
2011-03-28,37.54,26.99,43.87,,,,,,,,,,,,,45.66,40.38,58.15,,,,,,,,,,,,,6.93,0.63,13.24,,,,,,,,,,,,,4.0,-2.11,10.4,,,,,,,,,,2.93,-3.37,9.24,,,,,,,,,,,,,,,,,,,,,,,,,,,,,,,,,,,
2011-03-29,37.34,26.99,43.52,,,,,,,,,,,,,45.95,40.97,58.15,,,,,,,,,,,,,6.91,0.63,12.99,,,,,,,,,,,,,4.0,-2.0,10.16,,,,,,,,,,2.91,-3.37,8.99,,,,,,,,,,,,,,,,,,,,,,,,,,,,,,,,,,,
2011-03-30,37.08,26.99,43.18,,,,,,,,,,,,,46.32,41.37,58.15,,,,,,,,,,,,,6.87,0.68,12.82,,,,,,,,,,,,,4.0,-1.85,10.01,,,,,,,,,,2.87,-3.32,8.82,,,,,,,,,,,,,,,,,,,,,,,,,,,,,,,,,,,
2011-03-31,36.76,26.99,42.77,,,,,,,,,,,,,46.76,41.55,58.15,,,,,,,,,,,,,6.82,0.83,12.53,,,,,,,,,,,,,4.0,-1.57,9.98,,,,,,,,,,2.82,-3.17,8.53,,,,,,,,,,,,,,,,,,,,,,,,,,,,,,,,,,,
2011-04-01,36.4,26.99,42.32,,,,,,,,,,,,,47.29,42.34,58.15,,,,,,,,,,,,,6.77,0.95,12.32,,,,,,,,,,,,,4.0,-1.37,9.57,,,,,,,,,,2.77,-3.05,8.32,,,,,,,,,,,,,,,,,,,,,,,,,,,,,,,,,,,
2011-04-02,35.97,26.99,42.11,,,,,,,,,,,,,47.89,42.73,58.26,,,,,,,,,,,,,6.71,1.02,12.2,,,,,,,,,,,,,4.0,-1.35,9.54,,,,,,,,,,2.71,-2.98,8.2,,,,,,,,,,,,,,,,,,,,,,,,,,,,,,,,,,,
2011-04-03,35.51,26.99,41.7,,,,,,,,,,,,,48.56,43.09,58.39,,,,,,,,,,,,,6.64,1.04,11.9,,,,,,,,,,,,,4.0,-1.33,9.44,,,,,,,,,,2.64,-2.96,7.9,,,,,,,,,,,,,,,,,,,,,,,,,,,,,,,,,,,
2011-04-04,35.01,26.86,41.61,,,,,,,,,,,,,49.27,43.59,58.39,,,,,,,,,,,,,6.57,1.05,11.98,,,,,,,,,,,,,4.0,-1.3,9.4,,,,,,,,,,2.57,-2.95,7.98,,,,,,,,,,,,,,,,,,,,,,,,,,,,,,,,,,,
2011-04-05,34.5,26.86,41.57,,,,,,,,,,,,,50.0,43.81,58.39,,,,,,,,,,,,,6.5,1.06,11.88,,,,,,,,,,,,,4.0,-1.19,9.51,,,,,,,,,,2.5,-2.94,7.88,,,,,,,,,,,,,,,,,,,,,,,,,,,,,,,,,,,
2011-04-06,33.99,26.86,41.56,,,,,,,,,,,,,50.73,43.95,58.44,,,,,,,,,,,,,6.43,1.07,11.84,,,,,,,,,,,,,4.0,-1.08,9.5,,,,,,,,,,2.43,-2.94,7.84,,,,,,,,,,,,,,,,,,,,,,,,,,,,,,,,,,,
2011-04-07,33.49,26.86,41.57,,,,,,,,,,,,,51.44,44.01,58.44,,,,,,,,,,,,,6.36,0.7,12.11,,,,,,,,,,,,,4.0,-1.32,9.62,,,,,,,,,,2.36,-3.3,8.11,,,,,,,,,,,,,,,,,,,,,,,,,,,,,,,,,,,
2011-04-08,33.03,26.42,41.06,,,,,,,,,,,,,52.11,44.08,58.44,,,,,,,,,,,,,6.29,0.64,12.35,,,,,,,,,,,,,4.0,-1.37,9.95,,,,,,,,,,2.29,-3.36,8.35,,,,,,,,,,,,,,,,,,,,,,,,,,,,,,,,,,,
2011-04-09,32.6,26.02,40.48,,,,,,,,,,,,,52.71,44.64,58.44,,,,,,,,,,,,,6.23,0.63,12.35,,,,,,,,,,,,,4.0,-1.58,9.95,,,,,,,,,,2.23,-3.37,8.35,,,,,,,,,,,,,,,,,,,,,,,,,,,,,,,,,,,
2011-04-10,32.24,25.63,40.55,,,,,,,,,,,,,53.24,44.97,58.6,,,,,,,,,,,,,6.18,0.23,12.35,,,,,,,,,,,,,4.0,-2.05,9.95,,,,,,,,,,2.18,-3.77,8.35,,,,,,,,,,,,,,,,,,,,,,,,,,,,,,,,,,,
2011-04-11,31.92,25.63,40.62,,,,,,,,,,,,,53.68,45.05,58.99,,,,,,,,,,,,,6.13,-0.29,12.22,,,,,,,,,,,,,4.0,-2.5,9.95,,,,,,,,,,2.13,-4.29,8.22,,,,,,,,,,,,,,,,,,,,,,,,,,,,,,,,,,,
2011-04-12,31.66,25.24,40.68,,,,,,,,,,,,,54.05,45.05,59.64,,,,,,,,,,,,,6.09,-0.73,12.05,,,,,,,,,,,,,4.0,-2.9,9.88,,,,,,,,,,2.09,-4.73,8.05,,,,,,,,,,,,,,,,,,,,,,,,,,,,,,,,,,,
2011-04-13,31.46,24.63,40.74,,,,,,,,,,,,,54.34,45.04,60.01,,,,,,,,,,,,,6.07,-1.06,12.32,,,,,,,,,,,,,4.0,-3.17,10.01,,,,,,,,,,2.07,-5.06,8.32,,,,,,,,,,,,,,,,,,,,,,,,,,,,,,,,,,,
2011-04-14,31.3,24.38,40.78,,,,,,,,,,,,,54.57,45.04,60.3,,,,,,,,,,,,,6.04,-1.08,12.4,,,,,,,,,,,,,4.0,-3.16,10.11,,,,,,,,,,2.04,-5.08,8.4,,,,,,,,,,,,,,,,,,,,,,,,,,,,,,,,,,,
2011-04-15,31.19,24.19,40.82,,,,,,,,,,,,,54.73,45.03,60.35,,,,,,,,,,,,,6.03,-1.1,12.42,,,,,,,,,,,,,4.0,-3.14,10.24,,,,,,,,,,2.03,-5.1,8.42,,,,,,,,,,,,,,,,,,,,,,,,,,,,,,,,,,,
2011-04-16,31.11,24.01,40.84,,,,,,,,,,,,,54.85,45.03,60.45,,,,,,,,,,,,,6.02,-1.12,12.43,,,,,,,,,,,,,4.0,-3.14,10.33,,,,,,,,,,2.02,-5.12,8.43,,,,,,,,,,,,,,,,,,,,,,,,,,,,,,,,,,,
2011-04-17,31.05,23.89,40.85,,,,,,,,,,,,,54.92,45.03,60.58,,,,,,,,,,,,,6.01,-1.15,12.46,,,,,,,,,,,,,4.0,-3.16,10.38,,,,,,,,,,2.01,-5.15,8.46,,,,,,,,,,,,,,,,,,,,,,,,,,,,,,,,,,,
2011-04-18,31.02,23.83,40.87,,,,,,,,,,,,,54.97,45.03,60.72,,,,,,,,,,,,,6.0,-1.19,12.49,,,,,,,,,,,,,4.0,-3.2,10.38,,,,,,,,,,2.0,-5.2,8.49,,,,,,,,,,,,,,,,,,,,,,,,,,,,,,,,,,,
2011-04-19,31.01,23.79,40.87,,,,,,,,,,,,,54.99,45.03,60.79,,,,,,,,,,,,,6.0,-1.21,12.51,,,,,,,,,,,,,4.0,-3.21,10.38,,,,,,,,,,2.0,-5.21,8.51,,,,,,,,,,,,,,,,,,,,,,,,,,,,,,,,,,,
2011-04-20,31.0,23.78,40.87,,,,,,,,,,,,,55.0,45.03,60.82,,,,,,,,,,,,,6.0,-1.22,12.51,,,,,,,,,,,,,4.0,-3.22,10.38,,,,,,,,,,2.0,-5.22,8.51,,,,,,,,,,,,,,,,,,,,,,,,,,,,,,,,,,,
2011-04-21,31.0,23.72,37.22,,,,,,,,,,,,,55.0,47.72,61.22,,,,,,,,,,,,,6.0,-1.28,12.22,,,,,,,,,,,,,4.0,-3.28,10.22,,,,,,,,,,2.0,-5.28,8.22,,,,,,,,,,,,,,,,,,,,,,,,,,,,,,,,,,,
2011-06-08,,,,,,,,,,,,,,,,,,,,,,,,,,,,,,,,,,,,,,,,,,,,,,,,,,,,,,,,,,,,,,,,,,,,,,,,,,,,,,,,,,,,,,,,31.0,55.0,6.0,4.0,2.0,,,
2011-07-09,31.0,23.29,37.24,,,,,,,,,,,,,55.0,47.29,61.24,,,,,,,,,,,,,6.0,-1.71,12.24,,,,,,,,,,,,,4.0,-3.71,10.24,,,,,,,,,,2.0,-5.71,8.24,,,,,,,,,,,,,,,,,,,,,,,,,,,,,,,,,,,
2011-07-10,31.0,22.48,36.81,,,,,,,,,,,,,55.0,47.2,61.5,,,,,,,,,,,,,6.0,-1.8,12.5,,,,,,,,,,,,,4.0,-3.8,10.5,,,,,,,,,,2.0,-5.8,8.5,,,,,,,,,,,,,,,,,,,,,,,,,,,,,,,,,,,
2011-07-11,31.0,22.49,36.79,,,,,,,,,,,,,55.0,47.21,61.5,,,,,,,,,,,,,6.0,-1.79,12.5,,,,,,,,,,,,,4.0,-3.79,10.5,,,,,,,,,,2.0,-5.79,8.5,,,,,,,,,,,,,,,,,,,,,,,,,,,,,,,,,,,
2011-07-12,30.99,22.49,36.75,,,,,,,,,,,,,55.0,47.22,61.5,,,,,,,,,,,,,6.0,-1.78,12.5,,,,,,,,,,,,,4.0,-3.78,10.5,,,,,,,,,,2.0,-5.79,8.5,,,,,,,,,,,,,,,,,,,,,,,,,,,,,,,,,,,
2011-07-13,30.98,22.5,36.69,,,,,,,,,,,,,55.0,47.24,61.5,,,,,,,,,,,,,6.0,-1.76,12.5,,,,,,,,,,,,,4.0,-3.76,10.5,,,,,,,,,,2.0,-5.77,8.49,,,,,,,,,,,,,,,,,,,,,,,,,,,,,,,,,,,
2011-07-14,30.97,22.52,36.58,,,,,,,,,,,,,55.01,47.28,61.47,,,,,,,,,,,,,6.01,-1.72,12.47,,,,,,,,,,,,,4.01,-3.72,10.47,,,,,,,,,,2.0,-5.73,8.47,,,,,,,,,,,,,,,,,,,,,,,,,,,,,,,,,,,
2011-07-15,30.95,22.55,36.5,,,,,,,,,,,,,55.01,47.33,61.44,,,,,,,,,,,,,6.01,-1.67,12.44,,,,,,,,,,,,,4.01,-3.67,10.44,,,,,,,,,,2.0,-5.68,8.43,,,,,,,,,,,,,,,,,,,,,,,,,,,,,,,,,,,
2011-07-16,30.92,22.58,36.44,,,,,,,,,,,,,55.02,47.41,61.39,,,,,,,,,,,,,6.02,-1.59,12.39,,,,,,,,,,,,,4.02,-3.59,10.39,,,,,,,,,,2.0,-5.62,8.38,,,,,,,,,,,,,,,,,,,,,,,,,,,,,,,,,,,
2011-07-17,30.89,22.64,36.41,,,,,,,,,,,,,55.03,47.5,61.34,,,,,,,,,,,,,6.03,-1.5,12.34,,,,,,,,,,,,,4.03,-3.5,10.34,,,,,,,,,,2.0,-5.54,8.33,,,,,,,,,,,,,,,,,,,,,,,,,,,,,,,,,,,
2011-07-18,30.84,22.7,36.39,,,,,,,,,,,,,55.04,47.62,61.29,,,,,,,,,,,,,6.04,-1.38,12.29,,,,,,,,,,,,,4.04,-3.38,10.29,,,,,,,,,,2.0,-5.45,8.27,,,,,,,,,,,,,,,,,,,,,,,,,,,,,,,,,,,
2011-07-19,30.79,22.77,36.39,,,,,,,,,,,,,55.05,47.74,61.24,,,,,,,,,,,,,6.05,-1.26,12.24,,,,,,,,,,,,,4.05,-3.26,10.24,,,,,,,,,,2.0,-5.35,8.2,,,,,,,,,,,,,,,,,,,,,,,,,,,,,,,,,,,
2011-07-20,30.73,22.86,36.39,,,,,,,,,,,,,55.07,47.89,61.17,,,,,,,,,,,,,6.07,-1.11,12.17,,,,,,,,,,,,,4.07,-3.11,10.17,,,,,,,,,,2.0,-5.23,8.13,,,,,,,,,,,,,,,,,,,,,,,,,,,,,,,,,,,
2011-07-21,30.65,22.96,36.33,,,,,,,,,,,,,55.09,47.99,61.11,,,,,,,,,,,,,6.09,-1.01,12.11,,,,,,,,,,,,,4.09,-3.01,10.11,,,,,,,,,,2.0,-5.11,8.03,,,,,,,,,,,,,,,,,,,,,,,,,,,,,,,,,,,
2011-07-22,30.57,23.08,36.13,,,,,,,,,,,,,55.11,48.03,61.04,,,,,,,,,,,,,6.11,-0.97,12.04,,,,,,,,,,,,,4.11,-2.97,10.04,,,,,,,,,,2.0,-5.08,7.92,,,,,,,,,,,,,,,,,,,,,,,,,,,,,,,,,,,
2011-07-23,30.47,23.2,35.89,,,,,,,,,,,,,55.13,48.07,60.98,,,,,,,,,,,,,6.13,-0.93,11.98,,,,,,,,,,,,,4.13,-2.93,9.98,,,,,,,,,,2.0,-5.06,7.82,,,,,,,,,,,,,,,,,,,,,,,,,,,,,,,,,,,
2011-07-24,30.37,23.27,35.82,,,,,,,,,,,,,55.16,48.38,60.96,,,,,,,,,,,,,6.16,-0.62,11.96,,,,,,,,,,,,,4.16,-2.62,9.96,,,,,,,,,,2.0,-4.87,7.73,,,,,,,,,,,,,,,,,,,,,,,,,,,,,,,,,,,
2011-07-25,30.25,23.23,35.61,,,,,,,,,,,,,55.19,48.57,60.94,,,,,,,,,,,,,6.19,-0.43,11.94,,,,,,,,,,,,,4.19,-2.43,9.94,,,,,,,,,,2.0,-4.65,7.62,,,,,,,,,,,,,,,,,,,,,,,,,,,,,,,,,,,
2011-07-26,30.13,23.37,35.61,,,,,,,,,,,,,55.22,48.88,60.64,,,,,,,,,,,,,6.22,-0.12,11.64,,,,,,,,,,,,,4.22,-2.12,9.64,,,,,,,,,,2.0,-4.39,7.46,,,,,,,,,,,,,,,,,,,,,,,,,,,,,,,,,,,
2011-07-27,30.0,23.51,35.61,,,,,,,,,,,,,55.25,49.31,60.51,,,,,,,,,,,,,6.25,0.31,11.51,,,,,,,,,,,,,4.25,-1.69,9.51,,,,,,,,,,2.0,-4.05,7.28,,,,,,,,,,,,,,,,,,,,,,,,,,,,,,,,,,,
2011-07-28,29.86,23.51,35.46,,,,,,,,,,,,,55.29,49.64,60.48,,,,,,,,,,,,,6.29,0.64,11.48,,,,,,,,,,,,,4.29,-1.36,9.48,,,,,,,,,,2.0,-3.71,7.13,,,,,,,,,,,,,,,,,,,,,,,,,,,,,,,,,,,
2011-07-29,29.71,23.67,35.13,,,,,,,,,,,,,55.32,49.88,60.24,,,,,,,,,,,,,6.32,0.88,11.24,,,,,,,,,,,,,4.32,-1.12,9.24,,,,,,,,,,2.0,-3.39,6.96,,,,,,,,,,,,,,,,,,,,,,,,,,,,,,,,,,,
2011-07-30,29.56,23.75,34.87,,,,,,,,,,,,,55.36,49.89,60.24,,,,,,,,,,,,,6.36,0.89,11.24,,,,,,,,,,,,,4.36,-1.11,9.24,,,,,,,,,,2.0,-3.34,6.85,,,,,,,,,,,,,,,,,,,,,,,,,,,,,,,,,,,
2011-07-31,29.4,23.83,34.72,,,,,,,,,,,,,55.4,49.9,60.26,,,,,,,,,,,,,6.4,0.9,11.26,,,,,,,,,,,,,4.4,-1.1,9.26,,,,,,,,,,2.0,-3.34,6.83,,,,,,,,,,,,,,,,,,,,,,,,,,,,,,,,,,,
2011-08-01,29.24,23.84,34.63,,,,,,,,,,,,,55.44,50.0,60.29,,,,,,,,,,,,,6.44,1.0,11.29,,,,,,,,,,,,,4.44,-1.0,9.29,,,,,,,,,,2.0,-3.35,6.84,,,,,,,,,,,,,,,,,,,,,,,,,,,,,,,,,,,
2011-08-02,29.08,23.9,34.63,,,,,,,,,,,,,55.48,50.04,60.33,,,,,,,,,,,,,6.48,1.04,11.33,,,,,,,,,,,,,4.48,-0.96,9.33,,,,,,,,,,2.0,-3.33,6.84,,,,,,,,,,,,,,,,,,,,,,,,,,,,,,,,,,,
2011-08-03,28.92,23.97,34.63,,,,,,,,,,,,,55.52,50.07,60.36,,,,,,,,,,,,,6.52,1.07,11.36,,,,,,,,,,,,,4.52,-0.93,9.36,,,,,,,,,,2.0,-3.2,6.84,,,,,,,,,,,,,,,,,,,,,,,,,,,,,,,,,,,
2011-08-04,28.76,23.98,34.63,,,,,,,,,,,,,55.56,50.05,60.3,,,,,,,,,,,,,6.56,1.05,11.3,,,,,,,,,,,,,4.56,-0.95,9.3,,,,,,,,,,2.0,-3.15,6.82,,,,,,,,,,,,,,,,,,,,,,,,,,,,,,,,,,,
2011-08-05,28.6,23.99,34.63,,,,,,,,,,,,,55.6,50.15,60.3,,,,,,,,,,,,,6.6,1.15,11.3,,,,,,,,,,,,,4.6,-0.85,9.3,,,,,,,,,,2.0,-3.13,6.73,,,,,,,,,,,,,,,,,,,,,,,,,,,,,,,,,,,
2011-08-06,28.44,23.94,34.63,,,,,,,,,,,,,55.64,50.18,60.46,,,,,,,,,,,,,6.64,1.18,11.46,,,,,,,,,,,,,4.64,-0.82,9.46,,,,,,,,,,2.0,-3.13,6.84,,,,,,,,,,,,,,,,,,,,,,,,,,,,,,,,,,,
2011-08-07,28.29,23.84,34.63,,,,,,,,,,,,,55.68,50.2,60.49,,,,,,,,,,,,,6.68,1.2,11.49,,,,,,,,,,,,,4.68,-0.8,9.49,,,,,,,,,,2.0,-3.12,6.84,,,,,,,,,,,,,,,,,,,,,,,,,,,,,,,,,,,
2011-08-08,28.14,23.66,34.63,,,,,,,,,,,,,55.71,50.2,60.51,,,,,,,,,,,,,6.71,1.2,11.51,,,,,,,,,,,,,4.71,-0.8,9.51,,,,,,,,,,2.0,-3.12,6.84,,,,,,,,,,,,,,,,,,,,,,,,,,,,,,,,,,,
2011-08-09,28.0,23.23,34.63,,,,,,,,,,,,,55.75,50.13,60.64,,,,,,,,,,,,,6.75,1.13,11.64,,,,,,,,,,,,,4.75,-0.87,9.64,,,,,,,,,,2.0,-3.11,6.96,,,,,,,,,,,,,,,,,,,,,,,,,,,,,,,,,,,
2011-08-10,27.87,23.1,34.58,,,,,,,,,,,,,55.78,50.04,60.7,,,,,,,,,,,,,6.78,1.04,11.7,,,,,,,,,,,,,4.78,-0.96,9.7,,,,,,,,,,2.0,-3.14,6.96,,,,,,,,,,,,,,,,,,,,,,,,,,,,,,,,,,,
2011-08-11,27.75,23.05,34.49,,,,,,,,,,,,,55.81,50.04,60.78,,,,,,,,,,,,,6.81,1.04,11.78,,,,,,,,,,,,,4.81,-0.96,9.78,,,,,,,,,,2.0,-3.26,6.97,,,,,,,,,,,,,,,,,,,,,,,,,,,,,,,,,,,
2011-08-12,27.63,22.99,34.62,,,,,,,,,,,,,55.84,50.04,60.85,,,,,,,,,,,,,6.84,1.04,11.85,,,,,,,,,,,,,4.84,-0.96,9.85,,,,,,,,,,2.0,-3.32,6.98,,,,,,,,,,,,,,,,,,,,,,,,,,,,,,,,,,,
2011-08-13,27.53,22.91,34.66,,,,,,,,,,,,,55.87,50.04,60.98,,,,,,,,,,,,,6.87,1.04,11.98,,,,,,,,,,,,,4.87,-0.96,9.98,,,,,,,,,,2.0,-3.36,7.3,,,,,,,,,,,,,,,,,,,,,,,,,,,,,,,,,,,
2011-08-14,27.43,22.42,34.78,,,,,,,,,,,,,55.89,50.01,61.03,,,,,,,,,,,,,6.89,1.01,12.03,,,,,,,,,,,,,4.89,-0.99,10.03,,,,,,,,,,2.0,-3.44,7.44,,,,,,,,,,,,,,,,,,,,,,,,,,,,,,,,,,,
2011-08-15,27.35,21.95,34.78,,,,,,,,,,,,,55.91,49.9,61.09,,,,,,,,,,,,,6.91,0.9,12.09,,,,,,,,,,,,,4.91,-1.1,10.09,,,,,,,,,,2.0,-3.44,7.47,,,,,,,,,,,,,,,,,,,,,,,,,,,,,,,,,,,
2011-08-16,27.27,21.72,34.78,,,,,,,,,,,,,55.93,49.9,61.21,,,,,,,,,,,,,6.93,0.9,12.21,,,,,,,,,,,,,4.93,-1.1,10.21,,,,,,,,,,2.0,-3.44,7.5,,,,,,,,,,,,,,,,,,,,,,,,,,,,,,,,,,,
2011-08-17,27.21,21.65,34.78,,,,,,,,,,,,,55.95,49.89,61.34,,,,,,,,,,,,,6.95,0.89,12.34,,,,,,,,,,,,,4.95,-1.11,10.34,,,,,,,,,,2.0,-3.44,7.52,,,,,,,,,,,,,,,,,,,,,,,,,,,,,,,,,,,
2011-08-18,27.16,21.6,34.78,,,,,,,,,,,,,55.96,49.88,61.49,,,,,,,,,,,,,6.96,0.88,12.49,,,,,,,,,,,,,4.96,-1.12,10.49,,,,,,,,,,2.0,-3.44,7.6,,,,,,,,,,,,,,,,,,,,,,,,,,,,,,,,,,,
2011-08-19,27.11,21.55,34.78,,,,,,,,,,,,,55.97,49.87,61.62,,,,,,,,,,,,,6.97,0.87,12.62,,,,,,,,,,,,,4.97,-1.13,10.62,,,,,,,,,,2.0,-3.49,7.69,,,,,,,,,,,,,,,,,,,,,,,,,,,,,,,,,,,
2011-08-20,27.08,21.46,34.78,,,,,,,,,,,,,55.98,49.85,61.72,,,,,,,,,,,,,6.98,0.85,12.72,,,,,,,,,,,,,4.98,-1.15,10.72,,,,,,,,,,2.0,-3.6,7.74,,,,,,,,,,,,,,,,,,,,,,,,,,,,,,,,,,,
2011-08-21,27.05,21.35,34.78,,,,,,,,,,,,,55.99,49.82,61.78,,,,,,,,,,,,,6.99,0.82,12.78,,,,,,,,,,,,,4.99,-1.18,10.78,,,,,,,,,,2.0,-3.69,7.8,,,,,,,,,,,,,,,,,,,,,,,,,,,,,,,,,,,
2011-08-22,27.03,21.27,34.78,,,,,,,,,,,,,55.99,49.81,61.83,,,,,,,,,,,,,6.99,0.81,12.83,,,,,,,,,,,,,4.99,-1.19,10.83,,,,,,,,,,2.0,-3.76,7.85,,,,,,,,,,,,,,,,,,,,,,,,,,,,,,,,,,,
2011-08-23,27.02,21.21,34.78,,,,,,,,,,,,,56.0,49.8,61.86,,,,,,,,,,,,,7.0,0.8,12.86,,,,,,,,,,,,,5.0,-1.2,10.86,,,,,,,,,,2.0,-3.8,7.87,,,,,,,,,,,,,,,,,,,,,,,,,,,,,,,,,,,
2011-08-24,27.01,21.18,34.78,,,,,,,,,,,,,56.0,49.79,61.88,,,,,,,,,,,,,7.0,0.79,12.88,,,,,,,,,,,,,5.0,-1.21,10.88,,,,,,,,,,2.0,-3.83,7.88,,,,,,,,,,,,,,,,,,,,,,,,,,,,,,,,,,,
2011-08-25,27.0,21.16,34.78,,,,,,,,,,,,,56.0,49.78,61.89,,,,,,,,,,,,,7.0,0.78,12.89,,,,,,,,,,,,,5.0,-1.22,10.89,,,,,,,,,,2.0,-3.84,7.89,,,,,,,,,,,,,,,,,,,,,,,,,,,,,,,,,,,
2011-08-26,27.0,21.16,34.78,,,,,,,,,,,,,56.0,49.78,61.9,,,,,,,,,,,,,7.0,0.78,12.9,,,,,,,,,,,,,5.0,-1.22,10.9,,,,,,,,,,2.0,-3.84,7.9,,,,,,,,,,,,,,,,,,,,,,,,,,,,,,,,,,,
2011-08-27,27.0,20.71,33.14,,,,,,,,,,,,,56.0,49.71,62.14,,,,,,,,,,,,,7.0,0.71,13.14,,,,,,,,,,,,,5.0,-1.29,11.14,,,,,,,,,,2.0,-4.29,8.14,,,,,,,,,,,,,,,,,,,,,,,,,,,,,,,,,,,
2011-09-26,27.0,21.53,33.32,,,,,,,,,,,,,56.0,50.53,62.32,,,,,,,,,,,,,7.0,1.53,13.32,,,,,,,,,,,,,5.0,-0.47,11.32,,,,,,,,,,2.0,-3.47,8.32,,,,,,,,,,,,,,,,,,,,,,,,,,,,,,,,,,,
2011-09-27,27.0,21.86,35.44,,,,,,,,,,,,,56.0,49.28,61.96,,,,,,,,,,,,,7.0,1.54,12.96,,,,,,,,,,,,,5.0,-0.46,10.96,,,,,,,,,,2.0,-3.46,7.96,,,,,,,,,,,,,,,,,,,,,,,,,,,,27.0,56.0,7.0,5.0,2.0,,,
2011-09-28,27.0,21.86,35.44,,,,,,,,,,,,,56.0,49.28,61.95,,,,,,,,,,,,,7.0,1.54,12.96,,,,,,,,,,,,,5.0,-0.46,10.95,,,,,,,,,,2.0,-3.46,7.95,,,,,,,,,,,,,,,,,,,,,,,,,,,,,,,,,,,
2011-09-29,27.01,21.87,35.44,,,,,,,,,,,,,55.99,49.29,61.94,,,,,,,,,,,,,7.0,1.54,12.95,,,,,,,,,,,,,5.0,-0.46,10.95,,,,,,,,,,2.0,-3.46,7.95,,,,,,,,,,,,,,,,,,,,,,,,,,,,,,,,,,,
2011-09-30,27.01,21.89,35.44,,,,,,,,,,,,,55.99,49.3,61.91,,,,,,,,,,,,,7.0,1.54,12.94,,,,,,,,,,,,,5.0,-0.46,10.94,,,,,,,,,,2.0,-3.46,7.94,,,,,,,,,,,,,,,,,,,,,,,,,,,,,,,,,,,
2011-10-01,27.03,21.91,35.44,,,,,,,,,,,,,55.98,49.31,61.87,,,,,,,,,,,,,7.01,1.58,12.93,,,,,,,,,,,,,5.0,-0.43,10.92,,,,,,,,,,2.0,-3.43,7.92,,,,,,,,,,,,,,,,,,,,,,,,,,,,,,,,,,,
2011-10-02,27.04,21.96,35.44,,,,,,,,,,,,,55.96,49.31,61.82,,,,,,,,,,,,,7.01,1.64,12.91,,,,,,,,,,,,,5.0,-0.38,10.89,,,,,,,,,,2.0,-3.38,7.89,,,,,,,,,,,,,,,,,,,,,,,,,,,,,,,,,,,
2011-10-03,27.07,22.01,35.44,,,,,,,,,,,,,55.95,49.31,61.76,,,,,,,,,,,,,7.01,1.7,12.89,,,,,,,,,,,,,5.0,-0.33,10.86,,,,,,,,,,2.0,-3.33,7.86,,,,,,,,,,,,,,,,,,,,,,,,,,,,,,,,,,,
2011-10-04,27.1,22.07,35.44,,,,,,,,,,,,,55.92,49.31,61.67,,,,,,,,,,,,,7.02,1.78,12.85,,,,,,,,,,,,,5.0,-0.25,10.82,,,,,,,,,,2.0,-3.25,7.82,,,,,,,,,,,,,,,,,,,,,,,,,,,,,,,,,,,
2011-10-05,27.13,22.15,35.44,,,,,,,,,,,,,55.89,49.31,61.57,,,,,,,,,,,,,7.03,1.88,12.82,,,,,,,,,,,,,5.0,-0.17,10.77,,,,,,,,,,2.0,-3.17,7.77,,,,,,,,,,,,,,,,,,,,,,,,,,,,,,,,,,,
2011-10-06,27.17,22.24,35.44,,,,,,,,,,,,,55.86,49.31,61.46,,,,,,,,,,,,,7.03,2.0,12.78,,,,,,,,,,,,,5.0,-0.07,10.72,,,,,,,,,,2.0,-3.07,7.72,,,,,,,,,,,,,,,,,,,,,,,,,,,,,,,,,,,
2011-10-07,27.22,22.33,35.43,,,,,,,,,,,,,55.82,49.31,61.46,,,,,,,,,,,,,7.04,2.0,12.77,,,,,,,,,,,,,5.0,-0.05,10.65,,,,,,,,,,2.0,-3.05,7.65,,,,,,,,,,,,,,,,,,,,,,,,,,,,,,,,,,,
2011-10-08,27.27,22.44,35.4,,,,,,,,,,,,,55.78,49.32,61.45,,,,,,,,,,,,,7.05,1.93,12.77,,,,,,,,,,,,,5.0,-0.12,10.58,,,,,,,,,,2.0,-3.12,7.58,,,,,,,,,,,,,,,,,,,,,,,,,,,,,,,,,,,
2011-10-09,27.33,22.55,35.32,,,,,,,,,,,,,55.74,49.32,61.4,,,,,,,,,,,,,7.07,1.86,12.73,,,,,,,,,,,,,5.0,-0.2,10.51,,,,,,,,,,2.0,-3.2,7.51,,,,,,,,,,,,,,,,,,,,,,,,,,,,,,,,,,,
2011-10-10,27.39,22.67,35.22,,,,,,,,,,,,,55.69,49.32,61.34,,,,,,,,,,,,,7.08,1.79,12.69,,,,,,,,,,,,,5.0,-0.29,10.46,,,,,,,,,,2.0,-3.29,7.46,,,,,,,,,,,,,,,,,,,,,,,,,,,,,,,,,,,
2011-10-11,27.46,22.79,35.13,,,,,,,,,,,,,55.63,49.32,61.34,,,,,,,,,,,,,7.09,1.76,12.65,,,,,,,,,,,,,5.0,-0.33,10.45,,,,,,,,,,2.0,-3.33,7.45,,,,,,,,,,,,,,,,,,,,,,,,,,,,,,,,,,,
2011-10-12,27.53,22.94,35.06,,,,,,,,,,,,,55.58,49.33,61.34,,,,,,,,,,,,,7.11,1.91,12.6,,,,,,,,,,,,,5.0,-0.2,10.45,,,,,,,,,,2.0,-3.2,7.45,,,,,,,,,,,,,,,,,,,,,,,,,,,,,,,,,,,
2011-10-13,27.6,23.08,35.05,,,,,,,,,,,,,55.52,49.34,61.34,,,,,,,,,,,,,7.12,2.04,12.6,,,,,,,,,,,,,5.0,-0.07,10.41,,,,,,,,,,2.0,-3.07,7.41,,,,,,,,,,,,,,,,,,,,,,,,,,,,,,,,,,,
2011-10-14,27.68,23.24,35.03,,,,,,,,,,,,,55.46,49.41,61.34,,,,,,,,,,,,,7.14,2.21,12.6,,,,,,,,,,,,,5.0,0.07,10.34,,,,,,,,,,2.0,-2.93,7.34,,,,,,,,,,,,,,,,,,,,,,,,,,,,,,,,,,,
2011-10-15,27.76,23.39,35.02,,,,,,,,,,,,,55.39,49.47,61.32,,,,,,,,,,,,,7.15,2.38,12.6,,,,,,,,,,,,,5.0,0.23,10.34,,,,,,,,,,2.0,-2.77,7.34,,,,,,,,,,,,,,,,,,,,,,,,,,,,,,,,,,,
2011-10-16,27.84,23.48,35.01,,,,,,,,,,,,,55.33,49.41,61.02,,,,,,,,,,,,,7.17,2.55,12.6,,,,,,,,,,,,,5.0,0.39,10.34,,,,,,,,,,2.0,-2.61,7.34,,,,,,,,,,,,,,,,,,,,,,,,,,,,,,,,,,,
2011-10-17,27.92,23.53,35.0,,,,,,,,,,,,,55.26,49.32,60.71,,,,,,,,,,,,,7.18,2.72,12.6,,,,,,,,,,,,,5.0,0.55,10.34,,,,,,,,,,2.0,-2.45,7.34,,,,,,,,,,,,,,,,,,,,,,,,,,,,,,,,,,,
2011-10-18,28.0,23.73,34.99,,,,,,,,,,,,,55.2,49.32,60.54,,,,,,,,,,,,,7.2,2.73,12.6,,,,,,,,,,,,,5.0,0.54,10.34,,,,,,,,,,2.0,-2.46,7.34,,,,,,,,,,,,,,,,,,,,,,,,,,,,,,,,,,,
2011-10-19,28.08,23.94,34.97,,,,,,,,,,,,,55.13,49.31,60.53,,,,,,,,,,,,,7.22,2.71,12.6,,,,,,,,,,,,,5.0,0.51,10.34,,,,,,,,,,2.0,-2.49,7.34,,,,,,,,,,,,,,,,,,,,,,,,,,,,,,,,,,,
2011-10-20,28.17,24.0,34.96,,,,,,,,,,,,,55.07,49.31,60.52,,,,,,,,,,,,,7.23,2.69,12.59,,,,,,,,,,,,,5.0,0.47,10.29,,,,,,,,,,2.0,-2.53,7.29,,,,,,,,,,,,,,,,,,,,,,,,,,,,,,,,,,,
2011-10-21,28.25,24.07,34.95,,,,,,,,,,,,,55.0,49.31,60.34,,,,,,,,,,,,,7.25,2.77,12.54,,,,,,,,,,,,,5.0,0.62,10.15,,,,,,,,,,2.0,-2.38,7.15,,,,,,,,,,,,,,,,,,,,,,,,,,,,,,,,,,,
2011-10-22,28.34,24.14,34.94,,,,,,,,,,,,,54.93,49.31,60.15,,,,,,,,,,,,,7.27,2.95,12.59,,,,,,,,,,,,,5.0,0.79,10.17,,,,,,,,,,2.0,-2.21,7.17,,,,,,,,,,,,,,,,,,,,,,,,,,,,,,,,,,,
2011-10-23,28.42,24.21,34.93,,,,,,,,,,,,,54.87,49.31,60.0,,,,,,,,,,,,,7.28,3.09,12.59,,,,,,,,,,,,,5.0,0.81,10.2,,,,,,,,,,2.0,-2.19,7.2,,,,,,,,,,,,,,,,,,,,,,,,,,,,,,,,,,,
2011-10-24,28.5,24.25,34.92,,,,,,,,,,,,,54.8,49.31,60.0,,,,,,,,,,,,,7.3,3.03,12.59,,,,,,,,,,,,,5.0,0.73,10.23,,,,,,,,,,2.0,-2.27,7.23,,,,,,,,,,,,,,,,,,,,,,,,,,,,,,,,,,,
2011-10-25,28.58,24.31,34.91,,,,,,,,,,,,,54.73,49.31,60.0,,,,,,,,,,,,,7.32,2.98,12.6,,,,,,,,,,,,,5.0,0.67,10.25,,,,,,,,,,2.0,-2.33,7.25,,,,,,,,,,,,,,,,,,,,,,,,,,,,,,,,,,,
2011-10-26,28.67,24.44,34.89,,,,,,,,,,,,,54.67,49.31,60.0,,,,,,,,,,,,,7.33,2.93,12.6,,,,,,,,,,,,,5.0,0.6,10.27,,,,,,,,,,2.0,-2.4,7.27,,,,,,,,,,,,,,,,,,,,,,,,,,,,,,,,,,,
2011-10-27,28.75,24.53,34.9,,,,,,,,,,,,,54.6,49.31,60.0,,,,,,,,,,,,,7.35,3.06,12.6,,,,,,,,,,,,,5.0,0.71,10.28,,,,,,,,,,2.0,-2.29,7.28,,,,,,,,,,,,,,,,,,,,,,,,,,,,,,,,,,,
2011-10-28,28.83,24.69,35.01,,,,,,,,,,,,,54.54,49.31,60.0,,,,,,,,,,,,,7.37,3.2,12.6,,,,,,,,,,,,,5.0,0.84,10.19,,,,,,,,,,2.0,-2.16,7.19,,,,,,,,,,,,,,,,,,,,,,,,,,,,,,,,,,,
2011-10-29,28.91,24.72,35.1,,,,,,,,,,,,,54.47,49.31,60.0,,,,,,,,,,,,,7.38,3.34,12.59,,,,,,,,,,,,,5.0,0.96,10.1,,,,,,,,,,2.0,-2.04,7.1,,,,,,,,,,,,,,,,,,,,,,,,,,,,,,,,,,,
2011-10-30,28.99,24.76,35.09,,,,,,,,,,,,,54.41,49.31,60.0,,,,,,,,,,,,,7.4,3.48,12.57,,,,,,,,,,,,,5.0,1.08,10.02,,,,,,,,,,2.0,-1.92,7.02,,,,,,,,,,,,,,,,,,,,,,,,,,,,,,,,,,,
2011-10-31,29.07,24.83,35.06,,,,,,,,,,,,,54.34,49.28,59.99,,,,,,,,,,,,,7.41,3.45,12.5,,,,,,,,,,,,,5.0,1.04,9.93,,,,,,,,,,2.0,-1.96,6.93,,,,,,,,,,,,,,,,,,,,,,,,,,,,,,,,,,,
2011-11-01,29.15,24.91,35.05,,,,,,,,,,,,,54.28,49.17,59.98,,,,,,,,,,,,,7.43,3.31,12.46,,,,,,,,,,,,,5.0,0.88,9.85,,,,,,,,,,2.0,-2.12,6.85,,,,,,,,,,,,,,,,,,,,,,,,,,,,,,,,,,,
2011-11-02,29.23,24.97,35.03,,,,,,,,,,,,,54.22,49.07,59.97,,,,,,,,,,,,,7.45,3.18,12.46,,,,,,,,,,,,,5.0,0.73,9.8,,,,,,,,,,2.0,-2.27,6.8,,,,,,,,,,,,,,,,,,,,,,,,,,,,,,,,,,,
2011-11-03,29.3,24.89,35.0,,,,,,,,,,,,,54.16,48.97,59.85,,,,,,,,,,,,,7.46,3.04,12.46,,,,,,,,,,,,,5.0,0.58,9.8,,,,,,,,,,2.0,-2.42,6.8,,,,,,,,,,,,,,,,,,,,,,,,,,,,,,,,,,,
2011-11-04,29.38,24.82,34.98,,,,,,,,,,,,,54.09,48.87,59.69,,,,,,,,,,,,,7.48,2.9,12.46,,,,,,,,,,,,,5.0,0.42,9.8,,,,,,,,,,2.0,-2.58,6.8,,,,,,,,,,,,,,,,,,,,,,,,,,,,,,,,,,,
2011-11-05,29.46,24.75,34.96,,,,,,,,,,,,,54.03,48.84,59.65,,,,,,,,,,,,,7.49,2.77,12.46,,,,,,,,,,,,,5.0,0.27,9.8,,,,,,,,,,2.0,-2.73,6.8,,,,,,,,,,,,,,,,,,,,,,,,,,,,,,,,,,,
2011-11-06,29.54,24.67,34.95,,,,,,,,,,,,,53.97,48.75,59.65,,,,,,,,,,,,,7.51,2.63,12.46,,,,,,,,,,,,,5.0,0.12,9.8,,,,,,,,,,2.0,-2.88,6.8,,,,,,,,,,,,,,,,,,,,,,,,,,,,,,,,,,,
2011-11-07,29.62,24.59,34.93,,,,,,,,,,,,,53.91,48.64,59.65,,,,,,,,,,,,,7.52,2.5,12.46,,,,,,,,,,,,,5.0,-0.03,9.8,,,,,,,,,,2.0,-3.03,6.8,,,,,,,,,,,,,,,,,,,,,,,,,,,,,,,,,,,
2011-11-08,29.7,24.51,34.9,,,,,,,,,,,,,53.84,48.67,59.65,,,,,,,,,,,,,7.54,2.36,12.46,,,,,,,,,,,,,5.0,-0.18,9.79,,,,,,,,,,2.0,-3.18,6.79,,,,,,,,,,,,,,,,,,,,,,,,,,,,,,,,,,,
2011-11-09,29.77,24.45,34.88,,,,,,,,,,,,,53.78,48.63,59.65,,,,,,,,,,,,,7.55,2.22,12.46,,,,,,,,,,,,,5.0,-0.34,9.79,,,,,,,,,,2.0,-3.34,6.79,,,,,,,,,,,,,,,,,,,,,,,,,,,,,,,,,,,
2011-11-10,29.85,24.37,34.86,,,,,,,,,,,,,53.72,48.63,59.65,,,,,,,,,,,,,7.57,2.09,12.45,,,,,,,,,,,,,5.0,-0.46,9.78,,,,,,,,,,2.0,-3.46,6.78,,,,,,,,,,,,,,,,,,,,,,,,,,,,,,,,,,,
2011-11-11,29.93,24.34,34.84,,,,,,,,,,,,,53.66,48.63,59.65,,,,,,,,,,,,,7.59,2.05,12.45,,,,,,,,,,,,,5.0,-0.43,9.77,,,,,,,,,,2.0,-3.43,6.77,,,,,,,,,,,,,,,,,,,,,,,,,,,,,,,,,,,
2011-11-12,30.01,24.35,34.81,,,,,,,,,,,,,53.59,48.63,59.65,,,,,,,,,,,,,7.6,2.14,12.37,,,,,,,,,,,,,5.0,-0.29,9.77,,,,,,,,,,2.0,-3.29,6.77,,,,,,,,,,,,,,,,,,,,,,,,,,,,,,,,,,,
2011-11-13,30.09,24.34,34.79,,,,,,,,,,,,,53.53,48.63,59.65,,,,,,,,,,,,,7.62,2.3,12.34,,,,,,,,,,,,,5.0,-0.15,9.67,,,,,,,,,,2.0,-3.15,6.67,,,,,,,,,,,,,,,,,,,,,,,,,,,,,,,,,,,
2011-11-14,30.17,24.36,34.77,,,,,,,,,,,,,53.46,48.63,59.65,,,,,,,,,,,,,7.63,2.31,12.34,,,,,,,,,,,,,5.0,-0.15,9.6,,,,,,,,,,2.0,-3.15,6.6,,,,,,,,,,,,,,,,,,,,,,,,,,,,,,,,,,,
2011-11-15,30.25,24.52,34.76,,,,,,,,,,,,,53.4,48.63,59.65,,,,,,,,,,,,,7.65,2.21,12.34,,,,,,,,,,,,,5.0,-0.27,9.6,,,,,,,,,,2.0,-3.27,6.6,,,,,,,,,,,,,,,,,,,,,,,,,,,,,,,,,,,
2011-11-16,30.33,24.56,34.76,,,,,,,,,,,,,53.33,48.59,59.65,,,,,,,,,,,,,7.67,1.99,12.34,,,,,,,,,,,,,5.0,-0.41,9.6,,,,,,,,,,2.0,-3.41,6.6,,,,,,,,,,,,,,,,,,,,,,,,,,,,,,,,,,,
2011-11-17,30.42,24.59,34.76,,,,,,,,,,,,,53.27,48.4,59.65,,,,,,,,,,,,,7.68,1.86,12.34,,,,,,,,,,,,,5.0,-0.54,9.6,,,,,,,,,,2.0,-3.54,6.6,,,,,,,,,,,,,,,,,,,,,,,,,,,,,,,,,,,
2011-11-18,30.5,24.63,34.75,,,,,,,,,,,,,53.2,48.32,59.65,,,,,,,,,,,,,7.7,1.83,12.34,,,,,,,,,,,,,5.0,-0.68,9.6,,,,,,,,,,2.0,-3.68,6.6,,,,,,,,,,,,,,,,,,,,,,,,,,,,,,,,,,,
2011-11-19,30.58,24.66,34.75,,,,,,,,,,,,,53.13,47.98,59.65,,,,,,,,,,,,,7.72,1.73,12.34,,,,,,,,,,,,,5.0,-0.82,9.6,,,,,,,,,,2.0,-3.82,6.6,,,,,,,,,,,,,,,,,,,,,,,,,,,,,,,,,,,
2011-11-20,30.66,24.69,34.89,,,,,,,,,,,,,53.07,47.71,59.65,,,,,,,,,,,,,7.73,1.61,12.34,,,,,,,,,,,,,5.0,-0.96,9.6,,,,,,,,,,2.0,-3.96,6.6,,,,,,,,,,,,,,,,,,,,,,,,,,,,,,,,,,,
2011-11-21,30.75,24.73,35.05,,,,,,,,,,,,,53.0,47.47,59.65,,,,,,,,,,,,,7.75,1.54,12.34,,,,,,,,,,,,,5.0,-1.01,9.6,,,,,,,,,,2.0,-4.01,6.6,,,,,,,,,,,,,,,,,,,,,,,,,,,,,,,,,,,
2011-11-22,30.83,24.76,35.22,,,,,,,,,,,,,52.93,47.21,59.65,,,,,,,,,,,,,7.77,1.54,12.34,,,,,,,,,,,,,5.0,-1.06,9.6,,,,,,,,,,2.0,-4.06,6.6,,,,,,,,,,,,,,,,,,,,,,,,,,,,,,,,,,,
2011-11-23,30.92,24.8,35.39,,,,,,,,,,,,,52.87,46.97,59.65,,,,,,,,,,,,,7.78,1.54,12.34,,,,,,,,,,,,,5.0,-1.12,9.6,,,,,,,,,,2.0,-4.12,6.6,,,,,,,,,,,,,,,,,,,,,,,,,,,,,,,,,,,
2011-11-24,31.0,24.83,35.47,,,,,,,,,,,,,52.8,46.72,59.65,,,,,,,,,,,,,7.8,1.54,12.36,,,,,,,,,,,,,5.0,-1.17,9.6,,,,,,,,,,2.0,-4.17,6.6,,,,,,,,,,,,,,,,,,,,,,,,,,,,,,,,,,,
2011-11-25,31.08,24.87,35.57,,,,,,,,,,,,,52.74,46.54,59.65,,,,,,,,,,,,,7.82,1.54,12.45,,,,,,,,,,,,,5.0,-1.21,9.67,,,,,,,,,,2.0,-4.21,6.67,,,,,,,,,,,,,,,,,,,,,,,,,,,,,,,,,,,
2011-11-26,31.16,24.9,35.57,,,,,,,,,,,,,52.67,46.42,59.65,,,,,,,,,,,,,7.83,1.54,12.59,,,,,,,,,,,,,5.0,-1.25,9.8,,,,,,,,,,2.0,-4.25,6.8,,,,,,,,,,,,,,,,,,,,,,,,,,,,,,,,,,,
2011-11-27,31.24,24.93,35.65,,,,,,,,,,,,,52.61,46.3,59.65,,,,,,,,,,,,,7.85,1.54,12.68,,,,,,,,,,,,,5.0,-1.29,9.98,,,,,,,,,,2.0,-4.29,6.98,,,,,,,,,,,,,,,,,,,,,,,,,,,,,,,,,,,
2011-11-28,31.32,24.96,35.66,,,,,,,,,,,,,52.54,46.18,59.65,,,,,,,,,,,,,7.86,1.53,12.77,,,,,,,,,,,,,5.0,-1.34,10.12,,,,,,,,,,2.0,-4.34,7.12,,,,,,,,,,,,,,,,,,,,,,,,,,,,,,,,,,,
2011-11-29,31.4,24.99,35.75,,,,,,,,,,,,,52.48,46.08,59.65,,,,,,,,,,,,,7.88,1.51,12.78,,,,,,,,,,,,,5.0,-1.38,10.27,,,,,,,,,,2.0,-4.38,7.27,,,,,,,,,,,,,,,,,,,,,,,,,,,,,,,,,,,
2011-11-30,31.47,25.03,35.94,,,,,,,,,,,,,52.42,45.98,59.65,,,,,,,,,,,,,7.89,1.48,12.78,,,,,,,,,,,,,5.0,-1.42,10.33,,,,,,,,,,2.0,-4.42,7.33,,,,,,,,,,,,,,,,,,,,,,,,,,,,,,,,,,,
2011-12-01,31.54,25.06,36.12,,,,,,,,,,,,,52.37,45.89,59.65,,,,,,,,,,,,,7.91,1.47,12.79,,,,,,,,,,,,,5.0,-1.45,10.34,,,,,,,,,,2.0,-4.45,7.34,,,,,,,,,,,,,,,,,,,,,,,,,,,,,,,,,,,
2011-12-02,31.61,25.08,36.29,,,,,,,,,,,,,52.31,45.8,59.83,,,,,,,,,,,,,7.92,1.47,12.79,,,,,,,,,,,,,5.0,-1.49,10.34,,,,,,,,,,2.0,-4.49,7.34,,,,,,,,,,,,,,,,,,,,,,,,,,,,,,,,,,,
2011-12-03,31.67,25.11,36.44,,,,,,,,,,,,,52.26,45.73,59.98,,,,,,,,,,,,,7.93,1.47,12.79,,,,,,,,,,,,,5.0,-1.53,10.34,,,,,,,,,,2.0,-4.53,7.34,,,,,,,,,,,,,,,,,,,,,,,,,,,,,,,,,,,
2011-12-04,31.73,25.13,36.58,,,,,,,,,,,,,52.22,45.65,59.99,,,,,,,,,,,,,7.95,1.47,12.83,,,,,,,,,,,,,5.0,-1.53,10.38,,,,,,,,,,2.0,-4.53,7.38,,,,,,,,,,,,,,,,,,,,,,,,,,,,,,,,,,,
2011-12-05,31.78,25.15,36.6,,,,,,,,,,,,,52.18,45.58,60.0,,,,,,,,,,,,,7.96,1.47,12.91,,,,,,,,,,,,,5.0,-1.53,10.43,,,,,,,,,,2.0,-4.53,7.43,,,,,,,,,,,,,,,,,,,,,,,,,,,,,,,,,,,
2011-12-06,31.83,25.17,36.6,,,,,,,,,,,,,52.14,45.52,60.0,,,,,,,,,,,,,7.97,1.46,12.99,,,,,,,,,,,,,5.0,-1.53,10.45,,,,,,,,,,2.0,-4.53,7.45,,,,,,,,,,,,,,,,,,,,,,,,,,,,,,,,,,,
2011-12-07,31.87,25.19,36.61,,,,,,,,,,,,,52.11,45.47,60.0,,,,,,,,,,,,,7.97,1.46,13.07,,,,,,,,,,,,,5.0,-1.54,10.45,,,,,,,,,,2.0,-4.54,7.45,,,,,,,,,,,,,,,,,,,,,,,,,,,,,,,,,,,
2011-12-08,31.9,25.16,36.68,,,,,,,,,,,,,52.08,45.47,60.0,,,,,,,,,,,,,7.98,1.42,13.13,,,,,,,,,,,,,5.0,-1.54,10.46,,,,,,,,,,2.0,-4.54,7.46,,,,,,,,,,,,,,,,,,,,,,,,,,,,,,,,,,,
2011-12-09,31.93,25.14,36.77,,,,,,,,,,,,,52.05,45.47,60.0,,,,,,,,,,,,,7.99,1.34,13.19,,,,,,,,,,,,,5.0,-1.62,10.46,,,,,,,,,,2.0,-4.62,7.46,,,,,,,,,,,,,,,,,,,,,,,,,,,,,,,,,,,
2011-12-10,31.96,21.71,37.62,,,,,,,,,,,,,52.04,45.45,61.35,,,,,,,,,,,,,7.99,-0.65,14.47,,,,,,,,,,,,,5.0,-2.65,11.73,,,,,,,,,,2.0,-5.65,8.73,,,,,,,,,,,,,,,,,,,,,,,,,,,,,,,,,,,
2011-12-11,31.97,22.03,37.46,,,,,,,,,,,,,52.02,45.42,61.01,,,,,,,,,,,,,7.99,-0.03,14.24,,,,,,,,,,,,,5.0,-2.4,11.78,,,,,,,,,,2.0,-5.43,8.24,,,,,,,,,,,,,,,,,,,,,,,,,,,,,,,,,,,
2011-12-12,31.98,22.82,37.49,,,,,,,,,,,,,52.01,45.39,61.01,,,,,,,,,,,,,8.0,1.22,13.84,,,,,,,,,,,,,5.0,-1.7,11.66,,,,,,,,,,2.0,-4.71,8.25,,,,,,,,,,,,,,,,,,,,,,,,,,,,,,,,,,,
2011-12-13,31.99,25.1,37.51,,,,,,,,,,,,,52.0,45.71,59.92,,,,,,,,,,,,,8.0,1.31,13.69,,,,,,,,,,,,,5.0,-1.29,10.84,,,,,,,,,,2.0,-4.33,7.69,,,,,,,,,,,,,,,,,,,,,,,,,,,,,,,,,,,
2011-12-14,31.99,25.42,37.38,,,,,,,,,,,,,52.0,45.71,59.54,,,,,,,,,,,,,8.0,1.71,13.69,,,,,,,,,,,,,5.01,-1.28,11.49,,,,,,,,,,2.0,-4.29,7.69,,,,,,,,,,,,,,,,,,,,,,,,,,,,,,,,,,,
2011-12-15,31.99,25.42,37.25,,,,,,,,,,,,,51.99,45.72,59.14,,,,,,,,,,,,,7.99,1.72,13.68,,,,,,,,,,,,,5.02,-1.27,11.78,,,,,,,,,,2.01,-4.27,7.72,,,,,,,,,,,,,,,,,,,,,,,,,,,,32.0,52.0,8.0,5.0,2.0,,,
2011-12-16,31.98,25.38,37.26,,,,,,,,,,,,,51.99,45.46,57.65,,,,,,,,,,,,,7.99,1.46,13.65,,,,,,,,,,,,,5.03,-1.53,11.46,,,,,,,,,,2.01,-4.53,7.69,,,,,,,,,,,,,,,,,,,,,,,,,,,,,,,,,,,
2011-12-17,31.97,26.28,37.64,,,,,,,,,,,,,51.99,47.01,57.65,,,,,,,,,,,,,7.99,3.01,13.65,,,,,,,,,,,,,5.04,1.03,11.1,,,,,,,,,,2.01,-1.99,7.67,,,,,,,,,,,,,,,,,,,,,,,,,,,,,,,,,,,
2011-12-18,31.96,26.3,37.63,,,,,,,,,,,,,51.98,47.01,57.63,,,,,,,,,,,,,7.98,3.01,13.63,,,,,,,,,,,,,5.06,1.07,11.09,,,,,,,,,,2.02,-1.96,7.65,,,,,,,,,,,,,,,,,,,,,,,,,,,,,,,,,,,
2011-12-19,31.95,26.32,37.6,,,,,,,,,,,,,51.97,47.01,57.62,,,,,,,,,,,,,7.97,3.01,13.62,,,,,,,,,,,,,5.08,1.11,11.08,,,,,,,,,,2.03,-1.93,7.64,,,,,,,,,,,,,,,,,,,,,,,,,,,,,,,,,,,
2011-12-20,31.93,26.35,37.54,,,,,,,,,,,,,51.97,47.01,57.58,,,,,,,,,,,,,7.97,3.01,13.58,,,,,,,,,,,,,5.1,1.16,11.07,,,,,,,,,,2.03,-1.9,7.62,,,,,,,,,,,,,,,,,,,,,,,,,,,,,,,,,,,
2011-12-21,31.91,26.37,37.46,,,,,,,,,,,,,51.96,47.01,57.51,,,,,,,,,,,,,7.96,3.01,13.51,,,,,,,,,,,,,5.13,1.21,11.03,,,,,,,,,,2.04,-1.86,7.6,,,,,,,,,,,,,,,,,,,,,,,,,,,,,,,,,,,
2011-12-22,31.89,26.4,37.37,,,,,,,,,,,,,51.95,47.01,57.44,,,,,,,,,,,,,7.95,3.01,13.44,,,,,,,,,,,,,5.16,1.26,10.98,,,,,,,,,,2.05,-1.81,7.57,,,,,,,,,,,,,,,,,,,,,,,,,,,,,,,,,,,
2011-12-23,31.87,26.43,37.27,,,,,,,,,,,,,51.93,47.01,57.36,,,,,,,,,,,,,7.93,3.01,13.36,,,,,,,,,,,,,5.2,1.32,10.93,,,,,,,,,,2.07,-1.78,7.52,,,,,,,,,,,,,,,,,,,,,,,,,,,,,,,,,,,
2011-12-24,31.84,26.46,37.19,,,,,,,,,,,,,51.92,47.01,57.32,,,,,,,,,,,,,7.92,3.01,13.32,,,,,,,,,,,,,5.23,1.35,10.93,,,,,,,,,,2.08,-1.76,7.57,,,,,,,,,,,,,,,,,,,,,,,,,,,,,,,,,,,
2011-12-25,31.82,26.49,37.07,,,,,,,,,,,,,51.91,47.01,57.22,,,,,,,,,,,,,7.91,3.01,13.22,,,,,,,,,,,,,5.27,1.36,11.03,,,,,,,,,,2.09,-1.76,7.52,,,,,,,,,,,,,,,,,,,,,,,,,,,,,,,,,,,
2011-12-26,31.79,26.52,36.95,,,,,,,,,,,,,51.9,47.01,57.08,,,,,,,,,,,,,7.9,3.01,13.08,,,,,,,,,,,,,5.31,1.38,11.05,,,,,,,,,,2.1,-1.77,7.42,,,,,,,,,,,,,,,,,,,,,,,,,,,,,,,,,,,
2011-12-27,31.76,26.55,36.84,,,,,,,,,,,,,51.88,47.01,56.98,,,,,,,,,,,,,7.88,3.01,12.98,,,,,,,,,,,,,5.36,1.39,11.01,,,,,,,,,,2.12,-1.77,7.32,,,,,,,,,,,,,,,,,,,,,,,,,,,,,,,,,,,
2011-12-28,31.73,26.58,36.75,,,,,,,,,,,,,51.87,47.01,56.88,,,,,,,,,,,,,7.87,3.01,12.88,,,,,,,,,,,,,5.4,1.41,10.99,,,,,,,,,,2.13,-1.78,7.22,,,,,,,,,,,,,,,,,,,,,,,,,,,,,,,,,,,
2011-12-29,31.7,26.66,36.7,,,,,,,,,,,,,51.85,47.02,56.78,,,,,,,,,,,,,7.85,3.02,12.78,,,,,,,,,,,,,5.45,1.42,10.99,,,,,,,,,,2.15,-1.78,7.14,,,,,,,,,,,,,,,,,,,,,,,,,,,,,,,,,,,
2011-12-30,31.67,26.76,36.7,,,,,,,,,,,,,51.84,47.06,56.74,,,,,,,,,,,,,7.84,3.06,12.74,,,,,,,,,,,,,5.49,1.43,10.99,,,,,,,,,,2.16,-1.79,7.07,,,,,,,,,,,,,,,,,,,,,,,,,,,,,,,,,,,
2011-12-31,31.64,26.83,36.7,,,,,,,,,,,,,51.82,47.16,56.74,,,,,,,,,,,,,7.82,3.15,12.74,,,,,,,,,,,,,5.54,1.52,10.99,,,,,,,,,,2.18,-1.8,7.03,,,,,,,,,,,,,,,,,,,,,,,,,,,,,,,,,,,
2012-01-01,31.61,26.88,36.7,,,,,,,,,,,,,51.8,47.27,56.75,,,,,,,,,,,,,7.8,3.27,12.75,,,,,,,,,,,,,5.59,1.62,10.99,,,,,,,,,,2.2,-1.8,7.0,,,,,,,,,,,,,,,,,,,,,,,,,,,,,,,,,,,
2012-01-02,31.58,26.92,36.6,,,,,,,,,,,,,51.79,47.37,56.76,,,,,,,,,,,,,7.79,3.37,12.76,,,,,,,,,,,,,5.64,1.77,10.99,,,,,,,,,,2.21,-1.78,6.99,,,,,,,,,,,,,,,,,,,,,,,,,,,,,,,,,,,
2012-01-03,31.54,26.92,36.5,,,,,,,,,,,,,51.77,47.47,56.7,,,,,,,,,,,,,7.77,3.47,12.7,,,,,,,,,,,,,5.68,1.86,10.93,,,,,,,,,,2.23,-1.73,7.01,,,,,,,,,,,,,,,,,,,,,,,,,,,,,,,,,,,
2012-01-04,31.51,26.89,36.42,,,,,,,,,,,,,51.76,47.39,56.64,,,,,,,,,,,,,7.76,3.39,12.64,,,,,,,,,,,,,5.73,1.86,10.82,,,,,,,,,,2.24,-1.65,7.02,,,,,,,,,,,,,,,,,,,,,,,,,,,,,,,,,,,
2012-01-05,31.48,26.76,36.32,,,,,,,,,,,,,51.74,47.27,56.61,,,,,,,,,,,,,7.74,3.27,12.61,,,,,,,,,,,,,5.78,1.8,10.72,,,,,,,,,,2.26,-1.59,6.97,,,,,,,,,,,,,,,,,,,,,,,,,,,,,,,,,,,
2012-01-06,31.45,26.65,36.24,,,,,,,,,,,,,51.72,47.22,56.53,,,,,,,,,,,,,7.72,3.22,12.53,,,,,,,,,,,,,5.83,1.76,10.63,,,,,,,,,,2.28,-1.54,6.92,,,,,,,,,,,,,,,,,,,,,,,,,,,,,,,,,,,
2012-01-07,31.42,26.65,36.16,,,,,,,,,,,,,51.71,47.22,56.46,,,,,,,,,,,,,7.71,3.22,12.46,,,,,,,,,,,,,5.87,1.77,10.6,,,,,,,,,,2.29,-1.54,6.94,,,,,,,,,,,,,,,,,,,,,,,,,,,,,,,,,,,
2012-01-08,31.39,26.65,36.08,,,,,,,,,,,,,51.69,47.22,56.39,,,,,,,,,,,,,7.69,3.22,12.39,,,,,,,,,,,,,5.92,1.94,10.62,,,,,,,,,,2.31,-1.59,6.96,,,,,,,,,,,,,,,,,,,,,,,,,,,,,,,,,,,
2012-01-09,31.36,26.65,36.04,,,,,,,,,,,,,51.68,47.22,56.34,,,,,,,,,,,,,7.68,3.22,12.34,,,,,,,,,,,,,5.96,2.08,10.64,,,,,,,,,,2.32,-1.65,6.97,,,,,,,,,,,,,,,,,,,,,,,,,,,,,,,,,,,
2012-01-10,31.33,26.68,36.04,,,,,,,,,,,,,51.66,47.23,56.28,,,,,,,,,,,,,7.66,3.23,12.28,,,,,,,,,,,,,6.01,2.06,10.67,,,,,,,,,,2.34,-1.64,6.96,,,,,,,,,,,,,,,,,,,,,,,,,,,,,,,,,,,
2012-01-11,31.3,26.75,36.04,,,,,,,,,,,,,51.65,47.28,56.27,,,,,,,,,,,,,7.65,3.28,12.27,,,,,,,,,,,,,6.05,2.04,10.7,,,,,,,,,,2.35,-1.52,6.93,,,,,,,,,,,,,,,,,,,,,,,,,,,,,,,,,,,
2012-01-12,31.27,26.71,36.04,,,,,,,,,,,,,51.63,47.25,56.28,,,,,,,,,,,,,7.63,3.25,12.28,,,,,,,,,,,,,6.1,2.02,10.73,,,,,,,,,,2.37,-1.5,6.9,,,,,,,,,,,,,,,,,,,,,,,,,,,,,,,,,,,
2012-01-13,31.24,26.65,35.92,,,,,,,,,,,,,51.62,47.19,56.25,,,,,,,,,,,,,7.62,3.19,12.25,,,,,,,,,,,,,6.14,1.99,10.72,,,,,,,,,,2.38,-1.5,6.9,,,,,,,,,,,,,,,,,,,,,,,,,,,,,,,,,,,
2012-01-14,31.21,26.65,35.8,,,,,,,,,,,,,51.6,47.18,56.15,,,,,,,,,,,,,7.6,3.18,12.15,,,,,,,,,,,,,6.19,1.97,10.68,,,,,,,,,,2.4,-1.57,6.9,,,,,,,,,,,,,,,,,,,,,,,,,,,,,,,,,,,
2012-01-15,31.18,26.65,35.68,,,,,,,,,,,,,51.59,47.16,56.04,,,,,,,,,,,,,7.59,3.16,12.04,,,,,,,,,,,,,6.23,1.89,10.67,,,,,,,,,,2.41,-1.67,6.86,,,,,,,,,,,,,,,,,,,,,,,,,,,,,,,,,,,
2012-01-16,31.15,26.64,35.57,,,,,,,,,,,,,51.58,47.12,55.94,,,,,,,,,,,,,7.58,3.12,11.94,,,,,,,,,,,,,6.27,1.78,10.67,,,,,,,,,,2.42,-1.77,6.79,,,,,,,,,,,,,,,,,,,,,,,,,,,,,,,,,,,
2012-01-17,31.12,26.53,35.49,,,,,,,,,,,,,51.56,47.02,55.78,,,,,,,,,,,,,7.56,3.02,11.78,,,,,,,,,,,,,6.31,1.7,10.64,,,,,,,,,,2.44,-1.88,6.74,,,,,,,,,,,,,,,,,,,,,,,,,,,,,,,,,,,
2012-01-18,31.1,26.41,35.49,,,,,,,,,,,,,51.55,47.01,55.66,,,,,,,,,,,,,7.55,3.01,11.66,,,,,,,,,,,,,6.35,1.63,10.6,,,,,,,,,,2.45,-1.93,6.68,,,,,,,,,,,,,,,,,,,,,,,,,,,,,,,,,,,
2012-01-19,31.07,26.29,35.49,,,,,,,,,,,,,51.53,47.01,55.61,,,,,,,,,,,,,7.53,3.01,11.61,,,,,,,,,,,,,6.4,1.54,10.6,,,,,,,,,,2.47,-1.93,6.64,,,,,,,,,,,,,,,,,,,,,,,,,,,,,,,,,,,
2012-01-20,31.04,26.22,35.49,,,,,,,,,,,,,51.52,47.01,55.64,,,,,,,,,,,,,7.52,3.01,11.64,,,,,,,,,,,,,6.44,1.52,10.62,,,,,,,,,,2.48,-1.94,6.68,,,,,,,,,,,,,,,,,,,,,,,,,,,,,,,,,,,
2012-01-21,31.01,26.22,35.49,,,,,,,,,,,,,51.51,47.01,55.68,,,,,,,,,,,,,7.51,3.01,11.68,,,,,,,,,,,,,6.48,1.52,10.67,,,,,,,,,,2.49,-1.95,6.73,,,,,,,,,,,,,,,,,,,,,,,,,,,,,,,,,,,
2012-01-22,30.99,26.22,35.49,,,,,,,,,,,,,51.49,47.01,55.71,,,,,,,,,,,,,7.49,3.01,11.71,,,,,,,,,,,,,6.52,1.53,10.74,,,,,,,,,,2.51,-1.98,6.78,,,,,,,,,,,,,,,,,,,,,,,,,,,,,,,,,,,
2012-01-23,30.96,26.22,35.49,,,,,,,,,,,,,51.48,47.01,55.75,,,,,,,,,,,,,7.48,3.01,11.75,,,,,,,,,,,,,6.56,1.54,10.81,,,,,,,,,,2.52,-2.03,6.82,,,,,,,,,,,,,,,,,,,,,,,,,,,,,,,,,,,
2012-01-24,30.93,26.22,35.49,,,,,,,,,,,,,51.47,47.0,55.79,,,,,,,,,,,,,7.47,3.0,11.79,,,,,,,,,,,,,6.6,1.54,10.88,,,,,,,,,,2.53,-2.1,6.88,,,,,,,,,,,,,,,,,,,,,,,,,,,,,,,,,,,
2012-01-25,30.9,26.15,35.49,,,,,,,,,,,,,51.45,46.91,55.83,,,,,,,,,,,,,7.45,2.91,11.83,,,,,,,,,,,,,6.65,1.55,10.98,,,,,,,,,,2.55,-2.17,6.9,,,,,,,,,,,,,,,,,,,,,,,,,,,,,,,,,,,
2012-01-26,30.88,26.07,35.51,,,,,,,,,,,,,51.44,46.8,55.87,,,,,,,,,,,,,7.44,2.8,11.87,,,,,,,,,,,,,6.69,1.55,11.07,,,,,,,,,,2.56,-2.24,6.9,,,,,,,,,,,,,,,,,,,,,,,,,,,,,,,,,,,
2012-01-27,30.85,25.98,35.54,,,,,,,,,,,,,51.42,46.69,55.9,,,,,,,,,,,,,7.42,2.69,11.9,,,,,,,,,,,,,6.73,1.56,11.11,,,,,,,,,,2.58,-2.32,6.9,,,,,,,,,,,,,,,,,,,,,,,,,,,,,,,,,,,
2012-01-28,30.82,25.88,35.56,,,,,,,,,,,,,51.41,46.58,55.91,,,,,,,,,,,,,7.41,2.58,11.91,,,,,,,,,,,,,6.77,1.54,11.16,,,,,,,,,,2.59,-2.4,6.9,,,,,,,,,,,,,,,,,,,,,,,,,,,,,,,,,,,
2012-01-29,30.79,25.78,35.6,,,,,,,,,,,,,51.4,46.56,55.92,,,,,,,,,,,,,7.4,2.56,11.92,,,,,,,,,,,,,6.81,1.51,11.2,,,,,,,,,,2.6,-2.49,6.9,,,,,,,,,,,,,,,,,,,,,,,,,,,,,,,,,,,
2012-01-30,30.76,25.71,35.6,,,,,,,,,,,,,51.38,46.49,55.92,,,,,,,,,,,,,7.38,2.49,11.92,,,,,,,,,,,,,6.86,1.46,11.24,,,,,,,,,,2.62,-2.62,6.95,,,,,,,,,,,,,,,,,,,,,,,,,,,,,,,,,,,
2012-01-31,30.73,25.71,35.6,,,,,,,,,,,,,51.37,46.43,55.97,,,,,,,,,,,,,7.37,2.43,11.97,,,,,,,,,,,,,6.9,1.36,11.31,,,,,,,,,,2.63,-2.75,7.01,,,,,,,,,,,,,,,,,,,,,,,,,,,,,,,,,,,
2012-02-01,30.7,25.65,35.6,,,,,,,,,,,,,51.35,46.36,56.03,,,,,,,,,,,,,7.35,2.36,12.03,,,,,,,,,,,,,6.95,1.26,11.43,,,,,,,,,,2.65,-2.86,7.08,,,,,,,,,,,,,,,,,,,,,,,,,,,,,,,,,,,
2012-02-02,30.67,25.57,35.6,,,,,,,,,,,,,51.34,46.27,56.08,,,,,,,,,,,,,7.34,2.27,12.08,,,,,,,,,,,,,6.99,1.15,11.56,,,,,,,,,,2.66,-2.91,7.15,,,,,,,,,,,,,,,,,,,,,,,,,,,,,,,,,,,
2012-02-03,30.64,25.49,35.6,,,,,,,,,,,,,51.32,46.18,56.13,,,,,,,,,,,,,7.32,2.18,12.13,,,,,,,,,,,,,7.04,1.05,11.69,,,,,,,,,,2.68,-2.97,7.28,,,,,,,,,,,,,,,,,,,,,,,,,,,,,,,,,,,
2012-02-04,30.61,25.42,35.6,,,,,,,,,,,,,51.31,46.09,56.18,,,,,,,,,,,,,7.31,2.09,12.18,,,,,,,,,,,,,7.08,0.93,11.82,,,,,,,,,,2.69,-3.04,7.42,,,,,,,,,,,,,,,,,,,,,,,,,,,,,,,,,,,
2012-02-05,30.58,25.42,35.61,,,,,,,,,,,,,51.29,45.99,56.24,,,,,,,,,,,,,7.29,1.99,12.24,,,,,,,,,,,,,7.13,0.82,11.94,,,,,,,,,,2.71,-3.12,7.55,,,,,,,,,,,,,,,,,,,,,,,,,,,,,,,,,,,
2012-02-06,30.55,25.42,35.65,,,,,,,,,,,,,51.28,45.85,56.31,,,,,,,,,,,,,7.28,1.85,12.31,,,,,,,,,,,,,7.17,0.7,12.03,,,,,,,,,,2.72,-3.19,7.64,,,,,,,,,,,,,,,,,,,,,,,,,,,,,,,,,,,
2012-02-07,30.52,25.41,35.69,,,,,,,,,,,,,51.26,45.79,56.38,,,,,,,,,,,,,7.26,1.79,12.38,,,,,,,,,,,,,7.22,0.59,12.12,,,,,,,,,,2.74,-3.27,7.71,,,,,,,,,,,,,,,,,,,,,,,,,,,,,,,,,,,
2012-02-08,30.49,25.35,35.74,,,,,,,,,,,,,51.24,45.75,56.5,,,,,,,,,,,,,7.24,1.75,12.5,,,,,,,,,,,,,7.27,0.47,12.18,,,,,,,,,,2.76,-3.35,7.73,,,,,,,,,,,,,,,,,,,,,,,,,,,,,,,,,,,
2012-02-09,30.46,25.3,35.84,,,,,,,,,,,,,51.23,45.71,56.62,,,,,,,,,,,,,7.23,1.71,12.62,,,,,,,,,,,,,7.32,0.35,12.3,,,,,,,,,,2.77,-3.44,7.76,,,,,,,,,,,,,,,,,,,,,,,,,,,,,,,,,,,
2012-02-10,30.42,25.24,35.94,,,,,,,,,,,,,51.21,45.67,56.73,,,,,,,,,,,,,7.21,1.67,12.72,,,,,,,,,,,,,7.36,0.22,12.44,,,,,,,,,,2.79,-3.52,7.86,,,,,,,,,,,,,,,,,,,,,,,,,,,,,,,,,,,
2012-02-11,30.39,25.16,36.05,,,,,,,,,,,,,51.2,45.63,56.79,,,,,,,,,,,,,7.2,1.63,12.79,,,,,,,,,,,,,7.41,0.12,12.59,,,,,,,,,,2.8,-3.61,7.99,,,,,,,,,,,,,,,,,,,,,,,,,,,,,,,,,,,
2012-02-12,30.36,25.06,36.15,,,,,,,,,,,,,51.18,45.59,56.86,,,,,,,,,,,,,7.18,1.59,12.86,,,,,,,,,,,,,7.46,0.05,12.74,,,,,,,,,,2.82,-3.71,8.1,,,,,,,,,,,,,,,,,,,,,,,,,,,,,,,,,,,
2012-02-13,30.33,24.96,36.24,,,,,,,,,,,,,51.16,45.55,56.92,,,,,,,,,,,,,7.16,1.55,12.92,,,,,,,,,,,,,7.51,-0.01,12.85,,,,,,,,,,2.84,-3.8,8.26,,,,,,,,,,,,,,,,,,,,,,,,,,,,,,,,,,,
2012-02-14,30.3,24.86,36.34,,,,,,,,,,,,,51.15,45.52,57.03,,,,,,,,,,,,,7.15,1.52,13.03,,,,,,,,,,,,,7.55,-0.07,12.98,,,,,,,,,,2.85,-3.84,8.48,,,,,,,,,,,,,,,,,,,,,,,,,,,,,,,,,,,
2012-02-15,30.27,24.76,36.43,,,,,,,,,,,,,51.13,45.47,57.13,,,,,,,,,,,,,7.13,1.47,13.13,,,,,,,,,,,,,7.6,-0.1,13.18,,,,,,,,,,2.87,-3.84,8.65,,,,,,,,,,,,,,,,,,,,,,,,,,,,,,,,,,,
2012-02-16,30.24,24.66,36.5,,,,,,,,,,,,,51.12,45.43,57.23,,,,,,,,,,,,,7.12,1.43,13.23,,,,,,,,,,,,,7.64,-0.13,13.38,,,,,,,,,,2.88,-3.84,8.81,,,,,,,,,,,,,,,,,,,,,,,,,,,,,,,,,,,
2012-02-17,30.21,24.59,36.65,,,,,,,,,,,,,51.1,45.39,57.4,,,,,,,,,,,,,7.1,1.39,13.4,,,,,,,,,,,,,7.69,-0.15,13.6,,,,,,,,,,2.9,-3.84,8.98,,,,,,,,,,,,,,,,,,,,,,,,,,,,,,,,,,,
2012-02-18,30.18,24.55,36.76,,,,,,,,,,,,,51.09,45.35,57.58,,,,,,,,,,,,,7.09,1.35,13.58,,,,,,,,,,,,,7.73,-0.18,13.8,,,,,,,,,,2.91,-3.86,9.13,,,,,,,,,,,,,,,,,,,,,,,,,,,,,,,,,,,
2012-02-19,30.16,24.47,36.8,,,,,,,,,,,,,51.08,45.21,57.68,,,,,,,,,,,,,7.08,1.21,13.68,,,,,,,,,,,,,7.77,-0.2,13.96,,,,,,,,,,2.92,-3.96,9.34,,,,,,,,,,,,,,,,,,,,,,,,,,,,,,,,,,,
2012-02-20,30.13,24.23,36.83,,,,,,,,,,,,,51.07,45.03,57.7,,,,,,,,,,,,,7.07,1.03,13.7,,,,,,,,,,,,,7.8,-0.23,14.19,,,,,,,,,,2.93,-4.05,9.52,,,,,,,,,,,,,,,,,,,,,,,,,,,,,,,,,,,
2012-02-21,30.11,24.09,36.88,,,,,,,,,,,,,51.05,44.83,57.77,,,,,,,,,,,,,7.05,0.83,13.77,,,,,,,,,,,,,7.84,-0.25,14.44,,,,,,,,,,2.95,-4.15,9.61,,,,,,,,,,,,,,,,,,,,,,,,,,,,,,,,,,,
2012-02-22,30.09,23.97,36.95,,,,,,,,,,,,,51.04,44.64,57.83,,,,,,,,,,,,,7.04,0.64,13.83,,,,,,,,,,,,,7.87,-0.27,14.59,,,,,,,,,,2.96,-4.24,9.71,,,,,,,,,,,,,,,,,,,,,,,,,,,,,,,,,,,
2012-02-23,30.07,23.8,37.02,,,,,,,,,,,,,51.03,44.57,57.88,,,,,,,,,,,,,7.03,0.57,13.88,,,,,,,,,,,,,7.9,-0.29,14.69,,,,,,,,,,2.97,-4.32,9.78,,,,,,,,,,,,,,,,,,,,,,,,,,,,,,,,,,,
2012-02-24,30.05,23.64,37.08,,,,,,,,,,,,,51.03,44.52,57.92,,,,,,,,,,,,,7.03,0.52,13.92,,,,,,,,,,,,,7.92,-0.3,14.77,,,,,,,,,,2.97,-4.4,9.84,,,,,,,,,,,,,,,,,,,,,,,,,,,,,,,,,,,
2012-02-25,30.04,23.51,37.13,,,,,,,,,,,,,51.02,44.46,57.95,,,,,,,,,,,,,7.02,0.46,13.95,,,,,,,,,,,,,7.94,-0.31,14.84,,,,,,,,,,2.98,-4.47,9.9,,,,,,,,,,,,,,,,,,,,,,,,,,,,,,,,,,,
2012-02-26,30.03,23.39,37.17,,,,,,,,,,,,,51.01,44.37,57.98,,,,,,,,,,,,,7.01,0.37,13.98,,,,,,,,,,,,,7.96,-0.33,14.9,,,,,,,,,,2.99,-4.53,9.94,,,,,,,,,,,,,,,,,,,,,,,,,,,,,,,,,,,
2012-02-27,30.02,23.3,37.2,,,,,,,,,,,,,51.01,44.28,58.01,,,,,,,,,,,,,7.01,0.28,14.0,,,,,,,,,,,,,7.97,-0.33,14.95,,,,,,,,,,2.99,-4.59,9.98,,,,,,,,,,,,,,,,,,,,,,,,,,,,,,,,,,,
2012-02-28,30.01,23.23,37.21,,,,,,,,,,,,,51.01,44.22,58.02,,,,,,,,,,,,,7.01,0.22,14.02,,,,,,,,,,,,,7.98,-0.34,14.99,,,,,,,,,,2.99,-4.64,10.01,,,,,,,,,,,,,,,,,,,,,,,,,,,,30.0,51.0,7.0,8.0,3.0,,,
2012-02-29,30.01,23.17,37.22,,,,,,,,,,,,,51.0,44.17,58.03,,,,,,,,,,,,,7.0,0.17,14.03,,,,,,,,,,,,,7.99,-0.34,15.02,,,,,,,,,,3.0,-4.67,10.02,,,,,,,,,,,,,,,,,,,,,,,,,,,,,,,,,,,
2012-03-01,30.0,23.14,37.23,,,,,,,,,,,,,51.0,44.14,58.04,,,,,,,,,,,,,7.0,0.14,14.04,,,,,,,,,,,,,8.0,-0.35,15.04,,,,,,,,,,3.0,-4.7,10.04,,,,,,,,,,,,,,,,,,,,,,,,,,,,,,,,,,,
2012-03-02,30.0,23.13,37.24,,,,,,,,,,,,,51.0,44.13,58.05,,,,,,,,,,,,,7.0,0.13,14.05,,,,,,,,,,,,,8.0,-0.35,15.05,,,,,,,,,,3.0,-4.71,10.05,,,,,,,,,,,,,,,,,,,,,,,,,,,,,,,,,,,
2012-03-03,30.0,23.12,37.24,,,,,,,,,,,,,51.0,44.12,58.05,,,,,,,,,,,,,7.0,0.12,14.05,,,,,,,,,,,,,8.0,-0.35,15.05,,,,,,,,,,3.0,-4.71,10.05,,,,,,,,,,,,,,,,,,,,,,,,,,,,,,,,,,,
2012-03-04,30.0,22.71,37.23,,,,,,,,,,,,,51.0,43.71,58.23,,,,,,,,,,,,,7.0,-0.29,14.23,,,,,,,,,,,,,8.0,0.71,15.23,,,,,,,,,,3.0,-4.29,10.23,,,,,,,,,,,,,,,,,,,,,,,,,,,,,,,,,,,
2012-03-24,30.0,23.18,37.05,,,,,,,,,,,,,51.0,44.18,58.05,,,,,,,,,,,,,7.0,0.18,14.04,,,,,,,,,,,,,8.0,1.18,15.04,,,,,,,,,,3.0,-3.82,10.04,,,,,,,,,,,,,,,,,,,,,,,,,,,,,,,,,,,
2012-03-25,30.0,21.77,36.49,,,,,,,,,,,,,51.0,44.37,59.16,,,,,,,,,,,,,7.0,0.14,13.49,,,,,,,,,,,,,8.0,1.37,14.85,,,,,,,,,,3.0,-3.63,9.49,,,,,,,,,,,,,,,,,,,,,,,,,,,,,,,,,,,
2012-03-26,30.0,21.77,36.49,,,,,,,,,,,,,51.0,44.4,59.16,,,,,,,,,,,,,7.0,0.15,13.49,,,,,,,,,,,,,8.0,1.39,14.85,,,,,,,,,,3.0,-3.62,9.49,,,,,,,,,,,,,,,,,,,,,,,,,,,,,,,,,,,
2012-03-27,29.99,21.77,36.48,,,,,,,,,,,,,51.01,44.45,59.16,,,,,,,,,,,,,7.0,0.16,13.48,,,,,,,,,,,,,8.0,1.42,14.85,,,,,,,,,,3.0,-3.59,9.48,,,,,,,,,,,,,,,,,,,,,,,,,,,,,,,,,,,
2012-03-28,29.98,21.77,36.46,,,,,,,,,,,,,51.02,44.57,59.16,,,,,,,,,,,,,6.99,0.2,13.47,,,,,,,,,,,,,8.01,1.5,14.84,,,,,,,,,,3.0,-3.52,9.48,,,,,,,,,,,,,,,,,,,,,,,,,,,,,,,,,,,
2012-03-29,29.96,21.77,36.42,,,,,,,,,,,,,51.04,44.73,59.16,,,,,,,,,,,,,6.99,0.25,13.45,,,,,,,,,,,,,8.01,1.62,14.84,,,,,,,,,,3.0,-3.42,9.46,,,,,,,,,,,,,,,,,,,,,,,,,,,,,,,,,,,
2012-03-30,29.94,21.77,36.37,,,,,,,,,,,,,51.08,44.89,59.16,,,,,,,,,,,,,6.98,0.31,13.42,,,,,,,,,,,,,8.02,1.77,14.83,,,,,,,,,,3.0,-3.29,9.44,,,,,,,,,,,,,,,,,,,,,,,,,,,,,,,,,,,
2012-03-31,29.9,21.77,36.31,,,,,,,,,,,,,51.12,44.98,59.16,,,,,,,,,,,,,6.97,0.4,13.37,,,,,,,,,,,,,8.03,1.88,14.82,,,,,,,,,,3.0,-3.18,9.4,,,,,,,,,,,,,,,,,,,,,,,,,,,,,,,,,,,
2012-04-01,29.86,21.77,36.24,,,,,,,,,,,,,51.17,45.07,59.16,,,,,,,,,,,,,6.95,0.44,13.31,,,,,,,,,,,,,8.05,1.95,14.82,,,,,,,,,,3.0,-3.12,9.36,,,,,,,,,,,,,,,,,,,,,,,,,,,,,,,,,,,
2012-04-02,29.8,21.77,36.16,,,,,,,,,,,,,51.23,45.16,59.16,,,,,,,,,,,,,6.93,0.51,13.27,,,,,,,,,,,,,8.07,2.0,14.77,,,,,,,,,,3.0,-3.07,9.32,,,,,,,,,,,,,,,,,,,,,,,,,,,,,,,,,,,
2012-04-03,29.73,21.77,36.0,,,,,,,,,,,,,51.31,45.28,59.16,,,,,,,,,,,,,6.91,0.59,13.14,,,,,,,,,,,,,8.09,2.06,14.7,,,,,,,,,,3.0,-3.03,9.21,,,,,,,,,,,,,,,,,,,,,,,,,,,,,,,,,,,
2012-04-04,29.65,21.77,35.79,,,,,,,,,,,,,51.4,45.43,59.15,,,,,,,,,,,,,6.88,0.67,12.97,,,,,,,,,,,,,8.12,2.14,14.62,,,,,,,,,,3.0,-2.98,9.07,,,,,,,,,,,,,,,,,,,,,,,,,,,,,,,,,,,
2012-04-05,29.56,21.77,35.55,,,,,,,,,,,,,51.51,45.78,59.15,,,,,,,,,,,,,6.85,0.77,12.78,,,,,,,,,,,,,8.15,2.22,14.53,,,,,,,,,,3.0,-2.92,8.9,,,,,,,,,,,,,,,,,,,,,,,,,,,,,,,,,,,
2012-04-06,29.46,21.77,35.27,,,,,,,,,,,,,51.63,46.09,59.15,,,,,,,,,,,,,6.82,0.88,12.57,,,,,,,,,,,,,8.18,2.52,14.42,,,,,,,,,,3.0,-2.76,8.71,,,,,,,,,,,,,,,,,,,,,,,,,,,,,,,,,,,
2012-04-07,29.35,21.82,35.05,,,,,,,,,,,,,51.76,46.42,59.16,,,,,,,,,,,,,6.78,1.1,12.33,,,,,,,,,,,,,8.22,2.75,14.31,,,,,,,,,,3.0,-2.52,8.5,,,,,,,,,,,,,,,,,,,,,,,,,,,,,,,,,,,
2012-04-08,29.22,21.83,34.89,,,,,,,,,,,,,51.91,46.68,59.16,,,,,,,,,,,,,6.74,1.26,12.15,,,,,,,,,,,,,8.26,2.99,14.22,,,,,,,,,,3.0,-2.45,8.29,,,,,,,,,,,,,,,,,,,,,,,,,,,,,,,,,,,
2012-04-09,29.09,21.83,34.65,,,,,,,,,,,,,52.06,47.06,59.16,,,,,,,,,,,,,6.7,1.37,12.1,,,,,,,,,,,,,8.3,3.25,14.08,,,,,,,,,,3.0,-2.33,8.28,,,,,,,,,,,,,,,,,,,,,,,,,,,,,,,,,,,
2012-04-10,28.94,21.93,34.39,,,,,,,,,,,,,52.23,47.59,59.17,,,,,,,,,,,,,6.65,1.47,12.12,,,,,,,,,,,,,8.35,3.51,13.88,,,,,,,,,,3.0,-2.18,8.4,,,,,,,,,,,,,,,,,,,,,,,,,,,,,,,,,,,
2012-04-11,28.79,22.0,34.15,,,,,,,,,,,,,52.42,47.75,59.17,,,,,,,,,,,,,6.6,1.58,11.93,,,,,,,,,,,,,8.4,3.78,13.95,,,,,,,,,,3.0,-1.89,8.16,,,,,,,,,,,,,,,,,,,,,,,,,,,,,,,,,,,
2012-04-12,28.62,22.07,34.14,,,,,,,,,,,,,52.61,47.93,59.21,,,,,,,,,,,,,6.54,1.82,11.79,,,,,,,,,,,,,8.46,4.14,14.01,,,,,,,,,,3.0,-1.45,8.08,,,,,,,,,,,,,,,,,,,,,,,,,,,,,,,,,,,
2012-04-13,28.45,22.12,34.02,,,,,,,,,,,,,52.81,48.04,59.3,,,,,,,,,,,,,6.48,1.86,11.76,,,,,,,,,,,,,8.52,4.4,13.95,,,,,,,,,,3.0,-1.33,8.18,,,,,,,,,,,,,,,,,,,,,,,,,,,,,,,,,,,
2012-04-14,28.27,22.12,33.98,,,,,,,,,,,,,53.02,48.3,59.46,,,,,,,,,,,,,6.42,1.83,11.65,,,,,,,,,,,,,8.58,4.48,13.93,,,,,,,,,,3.0,-1.29,8.05,,,,,,,,,,,,,,,,,,,,,,,,,,,,,,,,,,,
2012-04-15,28.09,22.13,33.98,,,,,,,,,,,,,53.23,48.46,59.78,,,,,,,,,,,,,6.36,1.8,11.52,,,,,,,,,,,,,8.64,4.51,13.87,,,,,,,,,,3.0,-1.25,7.92,,,,,,,,,,,,,,,,,,,,,,,,,,,,,,,,,,,
2012-04-16,27.9,22.18,33.95,,,,,,,,,,,,,53.45,48.67,60.16,,,,,,,,,,,,,6.3,1.86,11.33,,,,,,,,,,,,,8.7,4.57,13.76,,,,,,,,,,3.0,-1.21,7.87,,,,,,,,,,,,,,,,,,,,,,,,,,,,,,,,,,,
2012-04-17,27.7,22.21,33.88,,,,,,,,,,,,,53.68,48.84,60.43,,,,,,,,,,,,,6.23,2.0,11.17,,,,,,,,,,,,,8.77,4.65,13.69,,,,,,,,,,3.0,-1.06,7.82,,,,,,,,,,,,,,,,,,,,,,,,,,,,,,,,,,,
2012-04-18,27.5,22.21,33.82,,,,,,,,,,,,,53.91,49.05,60.48,,,,,,,,,,,,,6.17,1.94,11.15,,,,,,,,,,,,,8.83,4.67,13.62,,,,,,,,,,3.0,-1.15,7.78,,,,,,,,,,,,,,,,,,,,,,,,,,,,,,,,,,,
2012-04-19,27.3,22.14,33.75,,,,,,,,,,,,,54.15,49.04,60.54,,,,,,,,,,,,,6.1,1.97,11.15,,,,,,,,,,,,,8.9,4.65,13.74,,,,,,,,,,3.0,-1.13,7.86,,,,,,,,,,,,,,,,,,,,,,,,,,,,,,,,,,,
2012-04-20,27.1,22.23,33.68,,,,,,,,,,,,,54.38,49.07,60.79,,,,,,,,,,,,,6.03,1.72,11.07,,,,,,,,,,,,,8.97,4.58,13.89,,,,,,,,,,3.0,-1.26,7.96,,,,,,,,,,,,,,,,,,,,,,,,,,,,,,,,,,,
2012-04-21,26.9,21.95,33.66,,,,,,,,,,,,,54.62,49.15,61.09,,,,,,,,,,,,,5.97,1.61,11.08,,,,,,,,,,,,,9.03,4.58,14.09,,,,,,,,,,3.0,-1.43,8.05,,,,,,,,,,,,,,,,,,,,,,,,,,,,,,,,,,,
2012-04-22,26.7,21.77,33.66,,,,,,,,,,,,,54.85,49.19,61.16,,,,,,,,,,,,,5.9,1.55,11.13,,,,,,,,,,,,,9.1,4.64,14.29,,,,,,,,,,3.0,-1.44,8.14,,,,,,,,,,,,,,,,,,,,,,,,,,,,,,,,,,,
2012-04-23,26.5,21.77,33.64,,,,,,,,,,,,,55.09,49.28,61.26,,,,,,,,,,,,,5.83,1.57,11.17,,,,,,,,,,,,,9.17,4.67,14.5,,,,,,,,,,3.0,-1.48,8.24,,,,,,,,,,,,,,,,,,,,,,,,,,,,,,,,,,,
2012-04-24,26.3,21.61,33.64,,,,,,,,,,,,,55.32,49.49,61.43,,,,,,,,,,,,,5.77,1.43,11.22,,,,,,,,,,,,,9.23,4.77,14.7,,,,,,,,,,3.0,-1.14,8.33,,,,,,,,,,,,,,,,,,,,,,,,,,,,,,,,,,,
2012-04-25,26.1,21.36,33.55,,,,,,,,,,,,,55.55,49.58,61.49,,,,,,,,,,,,,5.7,1.37,11.26,,,,,,,,,,,,,9.3,4.92,14.81,,,,,,,,,,3.0,-1.17,8.42,,,,,,,,,,,,,,,,,,,,,,,,,,,,,,,,,,,
2012-04-26,25.91,21.12,33.43,,,,,,,,,,,,,55.77,49.65,61.6,,,,,,,,,,,,,5.64,1.17,11.31,,,,,,,,,,,,,9.36,4.84,14.96,,,,,,,,,,3.0,-1.28,8.51,,,,,,,,,,,,,,,,,,,,,,,,,,,,,,,,,,,
2012-04-27,25.73,20.91,33.31,,,,,,,,,,,,,55.98,49.77,61.81,,,,,,,,,,,,,5.58,1.04,11.35,,,,,,,,,,,,,9.42,4.88,15.13,,,,,,,,,,3.0,-1.23,8.59,,,,,,,,,,,,,,,,,,,,,,,,,,,,,,,,,,,
2012-04-28,25.55,20.72,33.19,,,,,,,,,,,,,56.19,49.78,62.04,,,,,,,,,,,,,5.52,0.9,11.38,,,,,,,,,,,,,9.48,4.9,15.31,,,,,,,,,,3.0,-1.39,8.68,,,,,,,,,,,,,,,,,,,,,,,,,,,,,,,,,,,
2012-04-29,25.38,20.51,33.08,,,,,,,,,,,,,56.39,49.79,62.35,,,,,,,,,,,,,5.46,0.62,11.43,,,,,,,,,,,,,9.54,4.73,15.43,,,,,,,,,,3.0,-1.75,8.75,,,,,,,,,,,,,,,,,,,,,,,,,,,,,,,,,,,
2012-04-30,25.21,20.01,32.98,,,,,,,,,,,,,56.58,49.8,62.68,,,,,,,,,,,,,5.4,0.32,11.46,,,,,,,,,,,,,9.6,4.62,15.54,,,,,,,,,,3.0,-2.2,8.83,,,,,,,,,,,,,,,,,,,,,,,,,,,,,,,,,,,
2012-05-01,25.06,19.72,32.98,,,,,,,,,,,,,56.77,49.8,62.81,,,,,,,,,,,,,5.35,0.06,11.5,,,,,,,,,,,,,9.65,4.43,15.66,,,,,,,,,,3.0,-2.37,8.9,,,,,,,,,,,,,,,,,,,,,,,,,,,,,,,,,,,
2012-05-02,24.91,19.35,32.98,,,,,,,,,,,,,56.94,49.81,63.09,,,,,,,,,,,,,5.3,-0.29,11.53,,,,,,,,,,,,,9.7,4.21,15.75,,,,,,,,,,3.0,-2.58,8.96,,,,,,,,,,,,,,,,,,,,,,,,,,,,,,,,,,,
2012-05-03,24.78,18.98,32.95,,,,,,,,,,,,,57.09,49.81,63.33,,,,,,,,,,,,,5.26,-0.39,11.56,,,,,,,,,,,,,9.74,3.94,15.84,,,,,,,,,,3.0,-2.68,9.03,,,,,,,,,,,,,,,,,,,,,,,,,,,,,,,,,,,
2012-05-04,24.65,18.8,32.89,,,,,,,,,,,,,57.24,49.82,63.33,,,,,,,,,,,,,5.22,-0.48,11.59,,,,,,,,,,,,,9.78,3.79,15.94,,,,,,,,,,3.0,-2.78,9.1,,,,,,,,,,,,,,,,,,,,,,,,,,,,,,,,,,,
2012-05-05,24.54,18.71,32.84,,,,,,,,,,,,,57.37,49.82,63.33,,,,,,,,,,,,,5.18,-0.62,11.62,,,,,,,,,,,,,9.82,3.6,16.01,,,,,,,,,,3.0,-2.99,9.17,,,,,,,,,,,,,,,,,,,,,,,,,,,,,,,,,,,
2012-05-06,24.44,18.63,32.83,,,,,,,,,,,,,57.49,49.82,63.33,,,,,,,,,,,,,5.15,-0.98,11.64,,,,,,,,,,,,,9.85,3.33,16.08,,,,,,,,,,3.0,-3.32,9.22,,,,,,,,,,,,,,,,,,,,,,,,,,,,,,,,,,,
2012-05-07,24.35,18.2,32.82,,,,,,,,,,,,,57.6,49.75,63.33,,,,,,,,,,,,,5.12,-1.36,11.66,,,,,,,,,,,,,9.88,3.07,16.16,,,,,,,,,,3.0,-3.65,9.28,,,,,,,,,,,,,,,,,,,,,,,,,,,,,,,,,,,
2012-05-08,24.27,17.73,32.82,,,,,,,,,,,,,57.69,49.69,63.33,,,,,,,,,,,,,5.09,-1.72,11.67,,,,,,,,,,,,,9.91,2.92,16.24,,,,,,,,,,3.0,-3.94,9.33,,,,,,,,,,,,,,,,,,,,,,,,,,,,,,,,,,,
2012-05-09,24.2,17.31,32.81,,,,,,,,,,,,,57.77,49.68,63.33,,,,,,,,,,,,,5.07,-1.97,11.69,,,,,,,,,,,,,9.93,2.85,16.29,,,,,,,,,,3.0,-4.06,9.36,,,,,,,,,,,,,,,,,,,,,,,,,,,,,,,,,,,
2012-05-10,24.14,17.04,32.8,,,,,,,,,,,,,57.83,49.64,63.35,,,,,,,,,,,,,5.05,-2.08,11.7,,,,,,,,,,,,,9.95,2.8,16.35,,,,,,,,,,3.0,-4.14,9.4,,,,,,,,,,,,,,,,,,,,,,,,,,,,,,,,,,,
2012-05-11,24.1,16.92,32.8,,,,,,,,,,,,,57.88,49.57,63.37,,,,,,,,,,,,,5.03,-2.17,11.71,,,,,,,,,,,,,9.97,2.75,16.39,,,,,,,,,,3.0,-4.21,9.42,,,,,,,,,,,,,,,,,,,,,,,,,,,,,,,,,,,
2012-05-12,24.06,16.82,32.79,,,,,,,,,,,,,57.92,49.51,63.39,,,,,,,,,,,,,5.02,-2.24,11.72,,,,,,,,,,,,,9.98,2.71,16.42,,,,,,,,,,3.0,-4.26,9.44,,,,,,,,,,,,,,,,,,,,,,,,,,,,,,,,,,,
2012-05-13,24.04,16.75,32.79,,,,,,,,,,,,,57.96,49.47,63.4,,,,,,,,,,,,,5.01,-2.28,11.73,,,,,,,,,,,,,9.99,2.69,16.44,,,,,,,,,,3.0,-4.3,9.46,,,,,,,,,,,,,,,,,,,,,,,,,,,,,,,,,,,
2012-05-14,24.02,16.7,32.79,,,,,,,,,,,,,57.98,49.44,63.41,,,,,,,,,,,,,5.01,-2.32,11.73,,,,,,,,,,,,,9.99,2.66,16.46,,,,,,,,,,3.0,-4.33,9.47,,,,,,,,,,,,,,,,,,,,,,,,,,,,,,,,,,,
2012-05-15,24.01,16.67,32.79,,,,,,,,,,,,,57.99,49.42,63.41,,,,,,,,,,,,,5.0,-2.34,11.73,,,,,,,,,,,,,10.0,2.65,16.47,,,,,,,,,,3.0,-4.34,9.47,,,,,,,,,,,,,,,,,,,,,,,,,,,,,,,,,,,
2012-05-16,24.0,16.65,32.79,,,,,,,,,,,,,58.0,49.4,63.42,,,,,,,,,,,,,5.0,-2.35,11.73,,,,,,,,,,,,,10.0,2.65,16.48,,,,,,,,,,3.0,-4.35,9.48,,,,,,,,,,,,,,,,,,,,,,,,,,,,,,,,,,,
2012-05-17,24.0,16.64,32.79,,,,,,,,,,,,,58.0,49.4,63.42,,,,,,,,,,,,,5.0,-2.35,11.73,,,,,,,,,,,,,10.0,2.65,16.48,,,,,,,,,,3.0,-4.35,9.48,,,,,,,,,,,,,,,,,,,,,,,,,,,,,,,,,,,
2012-05-18,24.0,16.13,30.38,,,,,,,,,,,,,58.0,50.13,64.38,,,,,,,,,,,,,5.0,-2.87,11.38,,,,,,,,,,,,,10.0,2.13,16.38,,,,,,,,,,3.0,-4.87,9.38,,,,,,,,,,,,,,,,,,,,,,,,,,,,,,,,,,,
2012-06-12,,,,,,,,,,,,,,,,,,,,,,,,,,,,,,,,,,,,,,,,,,,,,,,,,,,,,,,,,,,,,,,,,,,,,,,,,,,,,,,,,,,,,,,,24.0,58.0,5.0,10.0,3.0,,,
2012-06-17,24.0,17.24,31.13,,,,,,,,,,,,,58.0,51.24,65.13,,,,,,,,,,,,,5.0,-1.76,12.13,,,,,,,,,,,,,10.0,3.24,17.13,,,,,,,,,,3.0,-3.76,10.13,,,,,,,,,,,,,,,,,,,,,,,,,,,,,,,,,,,
2012-06-18,24.0,17.77,31.01,,,,,,,,,,,,,58.0,50.96,64.66,,,,,,,,,,,,,5.0,-1.7,11.66,,,,,,,,,,,,,10.0,1.98,16.66,,,,,,,,,,3.0,-4.04,9.66,,,,,,,,,,,,,,,,,,,,,,,,,,,,,,,,,,,
2012-06-19,24.0,17.77,31.01,,,,,,,,,,,,,58.0,50.96,64.66,,,,,,,,,,,,,5.0,-1.7,11.66,,,,,,,,,,,,,10.0,1.98,16.66,,,,,,,,,,3.0,-4.04,9.66,,,,,,,,,,,,,,,,,,,,,,,,,,,,,,,,,,,
2012-06-20,24.0,17.78,31.01,,,,,,,,,,,,,58.0,50.97,64.65,,,,,,,,,,,,,5.0,-1.69,11.65,,,,,,,,,,,,,9.99,1.99,16.64,,,,,,,,,,3.0,-4.04,9.64,,,,,,,,,,,,,,,,,,,,,,,,,,,,,,,,,,,
2012-06-21,24.01,17.79,31.01,,,,,,,,,,,,,58.0,50.98,64.63,,,,,,,,,,,,,5.0,-1.68,11.64,,,,,,,,,,,,,9.99,1.99,16.61,,,,,,,,,,3.0,-4.02,9.63,,,,,,,,,,,,,,,,,,,,,,,,,,,,,,,,,,,
2012-06-22,24.01,17.83,31.01,,,,,,,,,,,,,58.0,51.01,64.6,,,,,,,,,,,,,5.01,-1.68,11.61,,,,,,,,,,,,,9.98,2.01,16.57,,,,,,,,,,2.99,-4.0,9.59,,,,,,,,,,,,,,,,,,,,,,,,,,,,,,,,,,,
2012-06-23,24.02,17.85,31.0,,,,,,,,,,,,,58.0,51.05,64.56,,,,,,,,,,,,,5.01,-1.66,11.57,,,,,,,,,,,,,9.96,2.03,16.52,,,,,,,,,,2.99,-3.96,9.55,,,,,,,,,,,,,,,,,,,,,,,,,,,,,,,,,,,
2012-06-24,24.03,17.86,31.0,,,,,,,,,,,,,58.0,51.1,64.51,,,,,,,,,,,,,5.01,-1.64,11.53,,,,,,,,,,,,,9.94,2.06,16.43,,,,,,,,,,2.99,-3.92,9.49,,,,,,,,,,,,,,,,,,,,,,,,,,,,,,,,,,,
2012-06-25,24.04,17.88,30.99,,,,,,,,,,,,,58.0,51.16,64.45,,,,,,,,,,,,,5.02,-1.62,11.47,,,,,,,,,,,,,9.92,2.09,16.34,,,,,,,,,,2.98,-3.87,9.42,,,,,,,,,,,,,,,,,,,,,,,,,,,,,,,,,,,
2012-06-26,24.05,17.89,30.98,,,,,,,,,,,,,58.0,51.24,64.36,,,,,,,,,,,,,5.03,-1.59,11.4,,,,,,,,,,,,,9.89,2.12,16.22,,,,,,,,,,2.97,-3.83,9.33,,,,,,,,,,,,,,,,,,,,,,,,,,,,,,,,,,,
2012-06-27,24.07,17.92,30.96,,,,,,,,,,,,,58.0,51.32,64.27,,,,,,,,,,,,,5.04,-1.55,11.32,,,,,,,,,,,,,9.86,2.12,16.08,,,,,,,,,,2.96,-3.78,9.23,,,,,,,,,,,,,,,,,,,,,,,,,,,,,,,,,,,
2012-06-28,24.09,17.94,30.95,,,,,,,,,,,,,58.0,51.42,64.17,,,,,,,,,,,,,5.05,-1.51,11.29,,,,,,,,,,,,,9.82,2.12,15.93,,,,,,,,,,2.95,-3.73,9.11,,,,,,,,,,,,,,,,,,,,,,,,,,,,,,,,,,,
2012-06-29,24.11,17.97,30.93,,,,,,,,,,,,,58.0,51.52,64.05,,,,,,,,,,,,,5.06,-1.39,11.27,,,,,,,,,,,,,9.78,2.12,15.76,,,,,,,,,,2.94,-3.67,8.98,,,,,,,,,,,,,,,,,,,,,,,,,,,,,,,,,,,
2012-06-30,24.14,18.0,30.84,,,,,,,,,,,,,58.0,51.62,63.91,,,,,,,,,,,,,5.07,-1.27,11.24,,,,,,,,,,,,,9.73,2.12,15.56,,,,,,,,,,2.93,-3.61,8.82,,,,,,,,,,,,,,,,,,,,,,,,,,,,,,,,,,,
2012-07-01,24.16,18.03,30.72,,,,,,,,,,,,,58.0,51.74,63.72,,,,,,,,,,,,,5.08,-1.13,11.17,,,,,,,,,,,,,9.68,2.12,15.3,,,,,,,,,,2.92,-3.55,8.62,,,,,,,,,,,,,,,,,,,,,,,,,,,,,,,,,,,
2012-07-02,24.19,18.18,30.59,,,,,,,,,,,,,58.0,51.87,63.52,,,,,,,,,,,,,5.09,-0.99,11.09,,,,,,,,,,,,,9.62,2.12,15.03,,,,,,,,,,2.91,-3.49,8.4,,,,,,,,,,,,,,,,,,,,,,,,,,,,,,,,,,,
2012-07-03,24.22,18.39,30.44,,,,,,,,,,,,,58.0,51.99,63.3,,,,,,,,,,,,,5.11,-0.82,11.02,,,,,,,,,,,,,9.56,2.12,14.75,,,,,,,,,,2.89,-3.38,8.16,,,,,,,,,,,,,,,,,,,,,,,,,,,,,,,,,,,
2012-07-04,24.25,18.51,30.28,,,,,,,,,,,,,58.0,52.13,63.21,,,,,,,,,,,,,5.12,-0.63,10.9,,,,,,,,,,,,,9.5,2.12,14.45,,,,,,,,,,2.88,-3.26,7.92,,,,,,,,,,,,,,,,,,,,,,,,,,,,,,,,,,,
2012-07-05,24.28,18.55,30.12,,,,,,,,,,,,,58.0,52.31,63.13,,,,,,,,,,,,,5.14,-0.5,10.75,,,,,,,,,,,,,9.44,2.13,14.23,,,,,,,,,,2.86,-3.14,7.77,,,,,,,,,,,,,,,,,,,,,,,,,,,,,,,,,,,
2012-07-06,24.32,18.59,29.95,,,,,,,,,,,,,58.0,52.44,63.04,,,,,,,,,,,,,5.16,-0.46,10.61,,,,,,,,,,,,,9.37,2.15,14.04,,,,,,,,,,2.84,-3.09,7.65,,,,,,,,,,,,,,,,,,,,,,,,,,,,,,,,,,,
2012-07-07,24.35,18.67,29.79,,,,,,,,,,,,,58.0,52.47,62.91,,,,,,,,,,,,,5.17,-0.43,10.46,,,,,,,,,,,,,9.3,2.2,13.78,,,,,,,,,,2.83,-3.04,7.53,,,,,,,,,,,,,,,,,,,,,,,,,,,,,,,,,,,
2012-07-08,24.39,18.7,29.62,,,,,,,,,,,,,58.0,52.51,62.78,,,,,,,,,,,,,5.19,-0.37,10.3,,,,,,,,,,,,,9.23,2.25,13.53,,,,,,,,,,2.81,-2.99,7.36,,,,,,,,,,,,,,,,,,,,,,,,,,,,,,,,,,,
2012-07-09,24.42,18.7,29.54,,,,,,,,,,,,,58.0,52.55,62.77,,,,,,,,,,,,,5.21,-0.3,10.2,,,,,,,,,,,,,9.16,2.34,13.39,,,,,,,,,,2.79,-2.94,7.17,,,,,,,,,,,,,,,,,,,,,,,,,,,,,,,,,,,
2012-07-10,24.46,18.7,29.5,,,,,,,,,,,,,58.0,52.57,62.76,,,,,,,,,,,,,5.23,-0.3,10.16,,,,,,,,,,,,,9.09,2.44,13.3,,,,,,,,,,2.77,-2.89,7.14,,,,,,,,,,,,,,,,,,,,,,,,,,,,,,,,,,,
2012-07-11,24.49,18.71,29.47,,,,,,,,,,,,,58.0,52.57,62.75,,,,,,,,,,,,,5.25,-0.3,10.12,,,,,,,,,,,,,9.01,2.54,13.23,,,,,,,,,,2.75,-2.84,7.13,,,,,,,,,,,,,,,,,,,,,,,,,,,,,,,,,,,
2012-07-12,24.53,18.81,29.44,,,,,,,,,,,,,58.0,52.57,62.74,,,,,,,,,,,,,5.27,-0.3,10.08,,,,,,,,,,,,,8.94,2.64,13.14,,,,,,,,,,2.73,-2.75,7.11,,,,,,,,,,,,,,,,,,,,,,,,,,,,,,,,,,,
2012-07-13,24.57,18.93,29.41,,,,,,,,,,,,,58.0,52.57,62.71,,,,,,,,,,,,,5.28,-0.3,10.05,,,,,,,,,,,,,8.86,2.66,13.05,,,,,,,,,,2.72,-2.67,7.1,,,,,,,,,,,,,,,,,,,,,,,,,,,,,,,,,,,
2012-07-14,24.61,19.13,29.38,,,,,,,,,,,,,58.0,52.57,62.65,,,,,,,,,,,,,5.3,-0.24,10.01,,,,,,,,,,,,,8.79,2.68,12.95,,,,,,,,,,2.7,-2.59,7.09,,,,,,,,,,,,,,,,,,,,,,,,,,,,,,,,,,,
2012-07-15,24.64,19.35,29.35,,,,,,,,,,,,,58.0,52.6,62.59,,,,,,,,,,,,,5.32,-0.08,9.97,,,,,,,,,,,,,8.71,2.7,12.8,,,,,,,,,,2.68,-2.52,7.05,,,,,,,,,,,,,,,,,,,,,,,,,,,,,,,,,,,
2012-07-16,24.68,19.48,29.34,,,,,,,,,,,,,58.0,52.67,62.53,,,,,,,,,,,,,5.34,0.07,9.94,,,,,,,,,,,,,8.64,2.71,12.73,,,,,,,,,,2.66,-2.54,7.0,,,,,,,,,,,,,,,,,,,,,,,,,,,,,,,,,,,
2012-07-17,24.72,19.46,29.33,,,,,,,,,,,,,58.0,52.66,62.45,,,,,,,,,,,,,5.36,0.09,9.91,,,,,,,,,,,,,8.56,2.73,12.72,,,,,,,,,,2.64,-2.56,7.0,,,,,,,,,,,,,,,,,,,,,,,,,,,,,,,,,,,
2012-07-18,24.76,19.41,29.31,,,,,,,,,,,,,58.0,52.7,62.46,,,,,,,,,,,,,5.38,0.16,9.86,,,,,,,,,,,,,8.49,2.71,12.72,,,,,,,,,,2.62,-2.52,7.01,,,,,,,,,,,,,,,,,,,,,,,,,,,,,,,,,,,
2012-07-19,24.79,19.35,29.3,,,,,,,,,,,,,58.0,52.7,62.49,,,,,,,,,,,,,5.4,0.16,9.89,,,,,,,,,,,,,8.41,2.6,12.69,,,,,,,,,,2.6,-2.49,7.03,,,,,,,,,,,,,,,,,,,,,,,,,,,,,,,,,,,
2012-07-20,24.83,19.34,29.34,,,,,,,,,,,,,58.0,52.7,62.5,,,,,,,,,,,,,5.42,0.17,9.92,,,,,,,,,,,,,8.34,2.55,12.64,,,,,,,,,,2.58,-2.45,7.01,,,,,,,,,,,,,,,,,,,,,,,,,,,,,,,,,,,
2012-07-21,24.87,19.36,29.34,,,,,,,,,,,,,58.0,52.7,62.47,,,,,,,,,,,,,5.43,0.18,9.91,,,,,,,,,,,,,8.26,2.58,12.58,,,,,,,,,,2.57,-2.41,7.0,,,,,,,,,,,,,,,,,,,,,,,,,,,,,,,,,,,
2012-07-22,24.91,19.37,29.28,,,,,,,,,,,,,58.0,52.7,62.37,,,,,,,,,,,,,5.45,0.18,9.82,,,,,,,,,,,,,8.19,2.61,12.46,,,,,,,,,,2.55,-2.36,6.92,,,,,,,,,,,,,,,,,,,,,,,,,,,,,,,,,,,
2012-07-23,24.94,19.39,29.25,,,,,,,,,,,,,58.0,52.7,62.25,,,,,,,,,,,,,5.47,0.19,9.72,,,,,,,,,,,,,8.11,2.62,12.37,,,,,,,,,,2.53,-2.31,6.78,,,,,,,,,,,,,,,,,,,,,,,,,,,,,,,,,,,
2012-07-24,24.98,19.4,29.26,,,,,,,,,,,,,58.0,52.7,62.14,,,,,,,,,,,,,5.49,0.2,9.65,,,,,,,,,,,,,8.04,2.62,12.37,,,,,,,,,,2.51,-2.42,6.65,,,,,,,,,,,,,,,,,,,,,,,,,,,,,,,,,,,
2012-07-25,25.02,19.42,29.28,,,,,,,,,,,,,58.0,52.7,62.04,,,,,,,,,,,,,5.51,0.18,9.66,,,,,,,,,,,,,7.96,2.62,12.34,,,,,,,,,,2.49,-2.48,6.55,,,,,,,,,,,,,,,,,,,,,,,,,,,,,,,,,,,
2012-07-26,25.06,19.43,29.31,,,,,,,,,,,,,58.0,52.68,62.04,,,,,,,,,,,,,5.53,0.09,9.67,,,,,,,,,,,,,7.89,2.49,12.26,,,,,,,,,,2.47,-2.55,6.55,,,,,,,,,,,,,,,,,,,,,,,,,,,,,,,,,,,
2012-07-27,25.09,19.36,29.36,,,,,,,,,,,,,58.0,52.58,62.09,,,,,,,,,,,,,5.55,-0.01,9.74,,,,,,,,,,,,,7.81,2.34,12.09,,,,,,,,,,2.45,-2.61,6.52,,,,,,,,,,,,,,,,,,,,,,,,,,,,,,,,,,,
2012-07-28,25.13,19.32,29.38,,,,,,,,,,,,,58.0,52.57,62.12,,,,,,,,,,,,,5.57,-0.1,9.74,,,,,,,,,,,,,7.74,2.22,11.92,,,,,,,,,,2.43,-2.67,6.49,,,,,,,,,,,,,,,,,,,,,,,,,,,,,,,,,,,
2012-07-29,25.17,19.29,29.4,,,,,,,,,,,,,58.0,52.57,62.08,,,,,,,,,,,,,5.58,-0.19,9.72,,,,,,,,,,,,,7.66,2.14,11.75,,,,,,,,,,2.42,-2.77,6.54,,,,,,,,,,,,,,,,,,,,,,,,,,,,,,,,,,,
2012-07-30,25.21,19.25,29.44,,,,,,,,,,,,,58.0,52.57,62.11,,,,,,,,,,,,,5.6,-0.26,9.74,,,,,,,,,,,,,7.59,2.12,11.62,,,,,,,,,,2.4,-2.88,6.62,,,,,,,,,,,,,,,,,,,,,,,,,,,,,,,,,,,
2012-07-31,25.24,19.25,29.47,,,,,,,,,,,,,58.0,52.57,62.14,,,,,,,,,,,,,5.62,-0.27,9.75,,,,,,,,,,,,,7.51,2.07,11.65,,,,,,,,,,2.38,-2.95,6.63,,,,,,,,,,,,,,,,,,,,,,,,,,,,,,,,,,,
2012-08-01,25.28,19.29,29.5,,,,,,,,,,,,,58.0,52.52,62.19,,,,,,,,,,,,,5.64,-0.23,9.77,,,,,,,,,,,,,7.44,2.01,11.67,,,,,,,,,,2.36,-3.15,6.61,,,,,,,,,,,,,,,,,,,,,,,,,,,,,,,,,,,
2012-08-02,25.32,19.08,29.52,,,,,,,,,,,,,58.0,52.42,62.22,,,,,,,,,,,,,5.66,-0.27,9.78,,,,,,,,,,,,,7.36,1.94,11.67,,,,,,,,,,2.34,-3.35,6.56,,,,,,,,,,,,,,,,,,,,,,,,,,,,,,,,,,,
2012-08-03,25.36,18.84,29.56,,,,,,,,,,,,,58.0,52.46,62.26,,,,,,,,,,,,,5.68,-0.3,9.83,,,,,,,,,,,,,7.29,1.84,11.63,,,,,,,,,,2.32,-3.4,6.51,,,,,,,,,,,,,,,,,,,,,,,,,,,,,,,,,,,
2012-08-04,25.39,18.73,29.58,,,,,,,,,,,,,58.0,52.49,62.24,,,,,,,,,,,,,5.7,-0.3,9.89,,,,,,,,,,,,,7.21,1.74,11.6,,,,,,,,,,2.3,-3.35,6.47,,,,,,,,,,,,,,,,,,,,,,,,,,,,,,,,,,,
2012-08-05,25.43,18.7,29.61,,,,,,,,,,,,,58.0,52.52,62.21,,,,,,,,,,,,,5.72,-0.3,9.95,,,,,,,,,,,,,7.14,1.67,11.57,,,,,,,,,,2.28,-3.31,6.42,,,,,,,,,,,,,,,,,,,,,,,,,,,,,,,,,,,
2012-08-06,25.47,18.7,29.66,,,,,,,,,,,,,58.0,52.51,62.17,,,,,,,,,,,,,5.73,-0.3,9.96,,,,,,,,,,,,,7.06,1.59,11.54,,,,,,,,,,2.27,-3.34,6.37,,,,,,,,,,,,,,,,,,,,,,,,,,,,,,,,,,,
2012-08-07,25.51,18.7,29.77,,,,,,,,,,,,,58.0,52.48,62.14,,,,,,,,,,,,,5.75,-0.3,9.95,,,,,,,,,,,,,6.99,1.49,11.51,,,,,,,,,,2.25,-3.4,6.32,,,,,,,,,,,,,,,,,,,,,,,,,,,,,,,,,,,
2012-08-08,25.54,18.7,29.84,,,,,,,,,,,,,58.0,52.45,62.14,,,,,,,,,,,,,5.77,-0.3,9.97,,,,,,,,,,,,,6.91,1.39,11.46,,,,,,,,,,2.23,-3.46,6.31,,,,,,,,,,,,,,,,,,,,,,,,,,,,,,,,,,,
2012-08-09,25.58,18.7,29.86,,,,,,,,,,,,,58.0,52.38,62.17,,,,,,,,,,,,,5.79,-0.3,10.0,,,,,,,,,,,,,6.84,1.22,11.44,,,,,,,,,,2.21,-3.5,6.34,,,,,,,,,,,,,,,,,,,,,,,,,,,,,,,,,,,
2012-08-10,25.61,18.7,29.88,,,,,,,,,,,,,58.0,52.24,62.19,,,,,,,,,,,,,5.81,-0.3,10.03,,,,,,,,,,,,,6.77,1.01,11.49,,,,,,,,,,2.19,-3.56,6.35,,,,,,,,,,,,,,,,,,,,,,,,,,,,,,,,,,,
2012-08-11,25.65,18.7,29.95,,,,,,,,,,,,,58.0,52.11,62.24,,,,,,,,,,,,,5.83,-0.3,10.1,,,,,,,,,,,,,6.7,0.81,11.54,,,,,,,,,,2.17,-3.71,6.39,,,,,,,,,,,,,,,,,,,,,,,,,,,,,,,,,,,
2012-08-12,25.68,18.7,30.04,,,,,,,,,,,,,58.0,52.0,62.3,,,,,,,,,,,,,5.84,-0.3,10.17,,,,,,,,,,,,,6.63,0.63,11.6,,,,,,,,,,2.16,-3.85,6.43,,,,,,,,,,,,,,,,,,,,,,,,,,,,,,,,,,,
2012-08-13,25.72,18.7,30.12,,,,,,,,,,,,,58.0,51.9,62.35,,,,,,,,,,,,,5.86,-0.34,10.23,,,,,,,,,,,,,6.56,0.52,11.66,,,,,,,,,,2.14,-3.96,6.49,,,,,,,,,,,,,,,,,,,,,,,,,,,,,,,,,,,
2012-08-14,25.75,18.7,30.2,,,,,,,,,,,,,58.0,51.8,62.41,,,,,,,,,,,,,5.88,-0.42,10.3,,,,,,,,,,,,,6.5,0.47,11.72,,,,,,,,,,2.12,-4.07,6.62,,,,,,,,,,,,,,,,,,,,,,,,,,,,,,,,,,,
2012-08-15,25.78,18.7,30.27,,,,,,,,,,,,,58.0,51.71,62.58,,,,,,,,,,,,,5.89,-0.47,10.38,,,,,,,,,,,,,6.44,0.43,11.78,,,,,,,,,,2.11,-4.18,6.72,,,,,,,,,,,,,,,,,,,,,,,,,,,,,,,,,,,
2012-08-16,25.81,18.7,30.4,,,,,,,,,,,,,58.0,51.62,62.69,,,,,,,,,,,,,5.91,-0.51,10.56,,,,,,,,,,,,,6.38,0.39,11.84,,,,,,,,,,2.09,-4.29,6.79,,,,,,,,,,,,,,,,,,,,,,,,,,,,,,,,,,,
2012-08-17,25.84,18.7,30.6,,,,,,,,,,,,,58.0,51.54,62.79,,,,,,,,,,,,,5.92,-0.55,10.7,,,,,,,,,,,,,6.32,0.33,11.9,,,,,,,,,,2.08,-4.38,6.82,,,,,,,,,,,,,,,,,,,,,,,,,,,,,,,,,,,
2012-08-18,25.86,18.7,30.73,,,,,,,,,,,,,58.0,51.46,62.83,,,,,,,,,,,,,5.93,-0.61,10.8,,,,,,,,,,,,,6.27,0.15,11.95,,,,,,,,,,2.07,-4.47,6.85,,,,,,,,,,,,,,,,,,,,,,,,,,,,,,,,,,,
2012-08-19,25.89,18.7,30.81,,,,,,,,,,,,,58.0,51.39,62.85,,,,,,,,,,,,,5.94,-0.66,10.83,,,,,,,,,,,,,6.22,-0.02,11.98,,,,,,,,,,2.06,-4.55,6.87,,,,,,,,,,,,,,,,,,,,,,,,,,,,,,,,,,,
2012-08-20,25.91,18.7,30.85,,,,,,,,,,,,,58.0,51.33,62.87,,,,,,,,,,,,,5.95,-0.72,10.86,,,,,,,,,,,,,6.18,-0.17,12.0,,,,,,,,,,2.05,-4.63,6.89,,,,,,,,,,,,,,,,,,,,,,,,,,,,,,,,,,,
2012-08-21,25.93,18.7,30.87,,,,,,,,,,,,,58.0,51.27,62.9,,,,,,,,,,,,,5.96,-0.76,10.89,,,,,,,,,,,,,6.14,-0.31,12.02,,,,,,,,,,2.04,-4.69,6.91,,,,,,,,,,,,,,,,,,,,,,,,,,,,,,,,,,,
2012-08-22,25.95,18.69,30.9,,,,,,,,,,,,,58.0,51.22,62.91,,,,,,,,,,,,,5.97,-0.81,10.91,,,,,,,,,,,,,6.11,-0.43,12.04,,,,,,,,,,2.03,-4.74,6.92,,,,,,,,,,,,,,,,,,,,,,,,,,,,,,,,,,,
2012-08-23,25.96,18.66,30.92,,,,,,,,,,,,,58.0,51.15,62.93,,,,,,,,,,,,,5.98,-0.87,10.93,,,,,,,,,,,,,6.08,-0.52,12.06,,,,,,,,,,2.02,-4.79,6.94,,,,,,,,,,,,,,,,,,,,,,,,,,,,,,,,,,,
2012-08-24,25.97,18.63,30.93,,,,,,,,,,,,,58.0,51.08,62.94,,,,,,,,,,,,,5.99,-0.94,10.94,,,,,,,,,,,,,6.06,-0.58,12.07,,,,,,,,,,2.01,-4.84,6.94,,,,,,,,,,,,,,,,,,,,,,,,,,,,,,,,,,,
2012-08-25,25.98,18.6,30.94,,,,,,,,,,,,,58.0,51.02,62.95,,,,,,,,,,,,,5.99,-0.99,10.95,,,,,,,,,,,,,6.04,-0.64,12.07,,,,,,,,,,2.01,-4.89,6.96,,,,,,,,,,,,,,,,,,,,,,,,,,,,,,,,,,,
2012-08-26,25.99,18.59,30.96,,,,,,,,,,,,,58.0,50.98,62.96,,,,,,,,,,,,,5.99,-1.03,10.96,,,,,,,,,,,,,6.02,-0.68,12.07,,,,,,,,,,2.01,-4.92,6.96,,,,,,,,,,,,,,,,,,,,,,,,,,,,,,,,,,,
2012-08-27,25.99,18.58,30.96,,,,,,,,,,,,,58.0,50.95,62.96,,,,,,,,,,,,,6.0,-1.05,10.96,,,,,,,,,,,,,6.01,-0.71,12.06,,,,,,,,,,2.0,-4.95,6.96,,,,,,,,,,,,,,,,,,,,,,,,,,,,,,,,,,,
2012-08-28,26.0,18.58,30.97,,,,,,,,,,,,,58.0,50.93,62.97,,,,,,,,,,,,,6.0,-1.07,10.97,,,,,,,,,,,,,6.01,-0.73,12.06,,,,,,,,,,2.0,-4.96,6.97,,,,,,,,,,,,,,,,,,,,,,,,,,,,,,,,,,,
2012-08-29,26.0,18.58,30.97,,,,,,,,,,,,,58.0,50.92,62.97,,,,,,,,,,,,,6.0,-1.09,10.97,,,,,,,,,,,,,6.0,-0.74,12.06,,,,,,,,,,2.0,-4.97,6.97,,,,,,,,,,,,,,,,,,,,,,,,,,,,,,,,,,,
2012-08-30,26.0,18.58,30.97,,,,,,,,,,,,,58.0,50.91,62.97,,,,,,,,,,,,,6.0,-1.09,10.97,,,,,,,,,,,,,6.0,-0.75,12.06,,,,,,,,,,2.0,-4.97,6.97,,,,,,,,,,,,,,,,,,,,,,,,,,,,,,,,,,,
2012-08-31,26.0,19.03,31.12,,,,,,,,,,,,,58.0,51.03,63.12,,,,,,,,,,,,,6.0,-0.97,11.12,,,,,,,,,,,,,6.0,-0.97,11.12,,,,,,,,,,2.0,-4.97,7.12,,,,,,,,,,,,,,,,,,,,,,,,,,,,,,,,,,,
2012-09-05,,,,,,,,,,,,,,,,,,,,,,,,,,,,,,,,,,,,,,,,,,,,,,,,,,,,,,,,,,,,,,,,,,,,,,,,,,,,,,,,,,,,,,,,26.0,58.0,6.0,6.0,2.0,,,
2012-09-14,26.0,20.3,32.35,,,,,,,,,,,,,58.0,52.3,64.35,,,,,,,,,,,,,6.0,0.3,12.35,,,,,,,,,,,,,6.0,0.3,12.35,,,,,,,,,,2.0,-3.7,8.35,,,,,,,,,,,,,,,,,,,,,,,,,,,,,,,,,,,
2012-09-15,26.0,20.28,31.89,,,,,,,,,,,,,58.0,50.84,63.64,,,,,,,,,,,,,6.0,-1.16,11.64,,,,,,,,,,,,,6.0,0.28,11.89,,,,,,,,,,2.0,-5.16,7.64,,,,,,,,,,,,,,,,,,,,,,,,,,,,,,,,,,,
2012-09-16,26.0,20.28,31.89,,,,,,,,,,,,,58.0,50.84,63.64,,,,,,,,,,,,,6.0,-1.16,11.64,,,,,,,,,,,,,6.0,0.28,11.89,,,,,,,,,,2.0,-5.16,7.64,,,,,,,,,,,,,,,,,,,,,,,,,,,,,,,,,,,
2012-09-17,26.0,20.28,31.89,,,,,,,,,,,,,58.0,50.84,63.63,,,,,,,,,,,,,6.0,-1.16,11.63,,,,,,,,,,,,,6.0,0.28,11.89,,,,,,,,,,2.0,-5.16,7.63,,,,,,,,,,,,,,,,,,,,,,,,,,,,,,,,,,,
2012-09-18,26.01,20.28,31.89,,,,,,,,,,,,,58.0,50.84,63.63,,,,,,,,,,,,,6.0,-1.16,11.63,,,,,,,,,,,,,6.01,0.28,11.89,,,,,,,,,,2.0,-5.16,7.63,,,,,,,,,,,,,,,,,,,,,,,,,,,,,,,,,,,
2012-09-19,26.01,20.28,31.88,,,,,,,,,,,,,57.99,50.84,63.62,,,,,,,,,,,,,5.99,-1.16,11.62,,,,,,,,,,,,,6.01,0.28,11.88,,,,,,,,,,1.99,-5.16,7.62,,,,,,,,,,,,,,,,,,,,,,,,,,,,,,,,,,,
2012-09-20,26.02,20.28,31.88,,,,,,,,,,,,,57.99,50.84,63.6,,,,,,,,,,,,,5.99,-1.16,11.6,,,,,,,,,,,,,6.02,0.28,11.88,,,,,,,,,,1.99,-5.16,7.6,,,,,,,,,,,,,,,,,,,,,,,,,,,,,,,,,,,
2012-09-21,26.03,20.28,31.88,,,,,,,,,,,,,57.99,50.85,63.58,,,,,,,,,,,,,5.99,-1.15,11.58,,,,,,,,,,,,,6.03,0.28,11.88,,,,,,,,,,1.99,-5.15,7.58,,,,,,,,,,,,,,,,,,,,,,,,,,,,,,,,,,,
2012-09-22,26.04,20.28,31.87,,,,,,,,,,,,,57.98,50.85,63.56,,,,,,,,,,,,,5.98,-1.15,11.56,,,,,,,,,,,,,6.04,0.28,11.87,,,,,,,,,,1.98,-5.15,7.56,,,,,,,,,,,,,,,,,,,,,,,,,,,,,,,,,,,
2012-09-23,26.05,20.28,31.86,,,,,,,,,,,,,57.97,50.88,63.52,,,,,,,,,,,,,5.97,-1.12,11.52,,,,,,,,,,,,,6.05,0.28,11.86,,,,,,,,,,1.97,-5.12,7.52,,,,,,,,,,,,,,,,,,,,,,,,,,,,,,,,,,,
2012-09-24,26.07,20.28,31.85,,,,,,,,,,,,,57.96,50.9,63.48,,,,,,,,,,,,,5.96,-1.1,11.48,,,,,,,,,,,,,6.07,0.28,11.85,,,,,,,,,,1.96,-5.1,7.48,,,,,,,,,,,,,,,,,,,,,,,,,,,,,,,,,,,
2012-09-25,26.09,20.28,31.84,,,,,,,,,,,,,57.95,50.94,63.43,,,,,,,,,,,,,5.95,-1.06,11.43,,,,,,,,,,,,,6.09,0.28,11.84,,,,,,,,,,1.95,-5.06,7.43,,,,,,,,,,,,,,,,,,,,,,,,,,,,,,,,,,,
2012-09-26,26.11,20.28,31.82,,,,,,,,,,,,,57.94,50.98,63.38,,,,,,,,,,,,,5.94,-1.02,11.38,,,,,,,,,,,,,6.11,0.28,11.82,,,,,,,,,,1.94,-5.02,7.38,,,,,,,,,,,,,,,,,,,,,,,,,,,,,,,,,,,
2012-09-27,26.14,20.28,31.8,,,,,,,,,,,,,57.93,51.02,63.32,,,,,,,,,,,,,5.93,-0.98,11.32,,,,,,,,,,,,,6.14,0.28,11.8,,,,,,,,,,1.93,-4.98,7.32,,,,,,,,,,,,,,,,,,,,,,,,,,,,,,,,,,,
2012-09-28,26.17,20.28,31.76,,,,,,,,,,,,,57.92,51.06,63.25,,,,,,,,,,,,,5.92,-0.94,11.25,,,,,,,,,,,,,6.17,0.28,11.76,,,,,,,,,,1.92,-4.94,7.25,,,,,,,,,,,,,,,,,,,,,,,,,,,,,,,,,,,
2012-09-29,26.2,20.29,31.65,,,,,,,,,,,,,57.9,51.12,63.18,,,,,,,,,,,,,5.9,-0.88,11.18,,,,,,,,,,,,,6.2,0.29,11.65,,,,,,,,,,1.9,-4.88,7.18,,,,,,,,,,,,,,,,,,,,,,,,,,,,,,,,,,,
2012-09-30,26.23,20.33,31.52,,,,,,,,,,,,,57.89,51.17,63.11,,,,,,,,,,,,,5.89,-0.83,11.11,,,,,,,,,,,,,6.23,0.33,11.52,,,,,,,,,,1.89,-4.83,7.11,,,,,,,,,,,,,,,,,,,,,,,,,,,,,,,,,,,
2012-10-01,26.26,20.39,31.49,,,,,,,,,,,,,57.87,51.23,62.97,,,,,,,,,,,,,5.87,-0.77,10.97,,,,,,,,,,,,,6.26,0.39,11.49,,,,,,,,,,1.87,-4.77,6.97,,,,,,,,,,,,,,,,,,,,,,,,,,,,,,,,,,,
2012-10-02,26.29,20.38,31.48,,,,,,,,,,,,,57.85,51.29,62.96,,,,,,,,,,,,,5.85,-0.71,10.96,,,,,,,,,,,,,6.29,0.39,11.48,,,,,,,,,,1.85,-4.71,6.96,,,,,,,,,,,,,,,,,,,,,,,,,,,,,,,,,,,
2012-10-03,26.33,20.38,31.47,,,,,,,,,,,,,57.84,51.35,62.93,,,,,,,,,,,,,5.84,-0.65,10.93,,,,,,,,,,,,,6.33,0.38,11.47,,,,,,,,,,1.84,-4.65,6.93,,,,,,,,,,,,,,,,,,,,,,,,,,,,,,,,,,,
2012-10-04,26.37,20.38,31.45,,,,,,,,,,,,,57.82,51.41,62.88,,,,,,,,,,,,,5.82,-0.59,10.88,,,,,,,,,,,,,6.37,0.38,11.45,,,,,,,,,,1.82,-4.59,6.88,,,,,,,,,,,,,,,,,,,,,,,,,,,,,,,,,,,
2012-10-05,26.4,20.49,31.44,,,,,,,,,,,,,57.8,51.47,62.82,,,,,,,,,,,,,5.8,-0.53,10.82,,,,,,,,,,,,,6.4,0.49,11.44,,,,,,,,,,1.8,-4.53,6.82,,,,,,,,,,,,,,,,,,,,,,,,,,,,,,,,,,,
2012-10-06,26.44,20.6,31.42,,,,,,,,,,,,,57.78,51.53,62.75,,,,,,,,,,,,,5.78,-0.47,10.75,,,,,,,,,,,,,6.44,0.6,11.42,,,,,,,,,,1.78,-4.47,6.75,,,,,,,,,,,,,,,,,,,,,,,,,,,,,,,,,,,
2012-10-07,26.48,20.64,31.42,,,,,,,,,,,,,57.76,51.59,62.67,,,,,,,,,,,,,5.76,-0.41,10.67,,,,,,,,,,,,,6.48,0.64,11.42,,,,,,,,,,1.76,-4.41,6.67,,,,,,,,,,,,,,,,,,,,,,,,,,,,,,,,,,,
2012-10-08,26.52,20.64,31.39,,,,,,,,,,,,,57.74,51.62,62.6,,,,,,,,,,,,,5.74,-0.38,10.6,,,,,,,,,,,,,6.52,0.64,11.39,,,,,,,,,,1.74,-4.38,6.6,,,,,,,,,,,,,,,,,,,,,,,,,,,,,,,,,,,
2012-10-09,26.56,20.65,31.38,,,,,,,,,,,,,57.72,51.63,62.54,,,,,,,,,,,,,5.72,-0.37,10.54,,,,,,,,,,,,,6.56,0.65,11.38,,,,,,,,,,1.72,-4.37,6.54,,,,,,,,,,,,,,,,,,,,,,,,,,,,,,,,,,,
2012-10-10,26.6,20.67,31.38,,,,,,,,,,,,,57.7,51.64,62.48,,,,,,,,,,,,,5.7,-0.36,10.48,,,,,,,,,,,,,6.6,0.67,11.38,,,,,,,,,,1.7,-4.36,6.48,,,,,,,,,,,,,,,,,,,,,,,,,,,,,,,,,,,
2012-10-11,26.64,20.68,31.37,,,,,,,,,,,,,57.68,51.65,62.41,,,,,,,,,,,,,5.68,-0.35,10.41,,,,,,,,,,,,,6.64,0.69,11.37,,,,,,,,,,1.68,-4.35,6.41,,,,,,,,,,,,,,,,,,,,,,,,,,,,,,,,,,,
2012-10-12,26.69,20.73,31.5,,,,,,,,,,,,,57.66,51.64,62.36,,,,,,,,,,,,,5.66,-0.36,10.36,,,,,,,,,,,,,6.69,0.73,11.5,,,,,,,,,,1.66,-4.36,6.36,,,,,,,,,,,,,,,,,,,,,,,,,,,,,,,,,,,
2012-10-13,26.73,20.88,31.55,,,,,,,,,,,,,57.64,51.63,62.3,,,,,,,,,,,,,5.64,-0.37,10.3,,,,,,,,,,,,,6.73,0.88,11.55,,,,,,,,,,1.64,-4.37,6.3,,,,,,,,,,,,,,,,,,,,,,,,,,,,,,,,,,,
2012-10-14,26.77,21.07,31.58,,,,,,,,,,,,,57.62,51.65,62.26,,,,,,,,,,,,,5.62,-0.35,10.26,,,,,,,,,,,,,6.77,1.07,11.58,,,,,,,,,,1.62,-4.35,6.26,,,,,,,,,,,,,,,,,,,,,,,,,,,,,,,,,,,
2012-10-15,26.81,21.16,31.59,,,,,,,,,,,,,57.59,51.74,62.34,,,,,,,,,,,,,5.59,-0.26,10.34,,,,,,,,,,,,,6.81,1.16,11.59,,,,,,,,,,1.59,-4.26,6.34,,,,,,,,,,,,,,,,,,,,,,,,,,,,,,,,,,,
2012-10-16,26.85,21.25,31.6,,,,,,,,,,,,,57.57,51.85,62.42,,,,,,,,,,,,,5.57,-0.15,10.42,,,,,,,,,,,,,6.85,1.25,11.6,,,,,,,,,,1.57,-4.15,6.42,,,,,,,,,,,,,,,,,,,,,,,,,,,,,,,,,,,
2012-10-17,26.89,21.36,31.59,,,,,,,,,,,,,57.55,51.85,62.36,,,,,,,,,,,,,5.55,-0.15,10.36,,,,,,,,,,,,,6.89,1.36,11.59,,,,,,,,,,1.55,-4.15,6.36,,,,,,,,,,,,,,,,,,,,,,,,,,,,,,,,,,,
2012-10-18,26.94,21.47,31.56,,,,,,,,,,,,,57.53,51.85,62.2,,,,,,,,,,,,,5.53,-0.15,10.2,,,,,,,,,,,,,6.94,1.47,11.56,,,,,,,,,,1.53,-4.15,6.2,,,,,,,,,,,,,,,,,,,,,,,,,,,,,,,,,,,
2012-10-19,26.98,21.59,31.6,,,,,,,,,,,,,57.51,51.85,62.08,,,,,,,,,,,,,5.51,-0.15,10.08,,,,,,,,,,,,,6.98,1.59,11.6,,,,,,,,,,1.51,-4.15,6.08,,,,,,,,,,,,,,,,,,,,,,,,,,,,,,,,,,,
2012-10-20,27.02,21.7,31.62,,,,,,,,,,,,,57.49,51.85,62.08,,,,,,,,,,,,,5.49,-0.15,10.08,,,,,,,,,,,,,7.02,1.7,11.62,,,,,,,,,,1.49,-4.15,6.08,,,,,,,,,,,,,,,,,,,,,,,,,,,,,,,,,,,
2012-10-21,27.06,21.75,31.64,,,,,,,,,,,,,57.47,51.85,62.07,,,,,,,,,,,,,5.47,-0.15,10.07,,,,,,,,,,,,,7.06,1.75,11.64,,,,,,,,,,1.47,-4.15,6.07,,,,,,,,,,,,,,,,,,,,,,,,,,,,,,,,,,,
2012-10-22,27.11,21.75,31.71,,,,,,,,,,,,,57.45,51.85,62.09,,,,,,,,,,,,,5.45,-0.15,10.09,,,,,,,,,,,,,7.11,1.75,11.7,,,,,,,,,,1.45,-4.15,6.09,,,,,,,,,,,,,,,,,,,,,,,,,,,,,,,,,,,
2012-10-23,27.15,21.75,31.84,,,,,,,,,,,,,57.43,51.85,62.14,,,,,,,,,,,,,5.43,-0.15,10.14,,,,,,,,,,,,,7.15,1.75,11.84,,,,,,,,,,1.43,-4.15,6.14,,,,,,,,,,,,,,,,,,,,,,,,,,,,,,,,,,,
2012-10-24,27.19,21.75,31.94,,,,,,,,,,,,,57.41,51.85,62.19,,,,,,,,,,,,,5.41,-0.15,10.19,,,,,,,,,,,,,7.19,1.75,11.94,,,,,,,,,,1.41,-4.15,6.19,,,,,,,,,,,,,,,,,,,,,,,,,,,,,,,,,,,
2012-10-25,27.23,21.75,32.02,,,,,,,,,,,,,57.38,51.85,62.18,,,,,,,,,,,,,5.38,-0.15,10.18,,,,,,,,,,,,,7.23,1.75,12.02,,,,,,,,,,1.38,-4.15,6.18,,,,,,,,,,,,,,,,,,,,,,,,,,,,,,,,,,,
2012-10-26,27.27,21.75,32.12,,,,,,,,,,,,,57.36,51.85,62.26,,,,,,,,,,,,,5.36,-0.15,10.26,,,,,,,,,,,,,7.27,1.75,12.12,,,,,,,,,,1.36,-4.15,6.26,,,,,,,,,,,,,,,,,,,,,,,,,,,,,,,,,,,
2012-10-27,27.31,20.23,33.11,,,,,,,,,,,,,57.34,50.21,63.16,,,,,,,,,,,,,5.34,-1.79,11.16,,,,,,,,,,,,,7.31,0.23,13.11,,,,,,,,,,1.34,-5.79,7.16,,,,,,,,,,,,,,,,,,,,,,,,,,,,,,,,,,,
2012-10-28,27.36,20.2,33.09,,,,,,,,,,,,,57.32,50.04,62.95,,,,,,,,,,,,,5.32,-1.8,11.35,,,,,,,,,,,,,7.36,0.32,13.42,,,,,,,,,,1.32,-5.84,6.95,,,,,,,,,,,,,,,,,,,,,,,,,,,,,,,,,,,
2012-10-29,27.4,20.2,33.13,,,,,,,,,,,,,57.3,50.03,62.95,,,,,,,,,,,,,5.3,-1.82,11.42,,,,,,,,,,,,,7.4,0.32,13.43,,,,,,,,,,1.3,-5.92,6.95,,,,,,,,,,,,,,,,,,,,,,,,,,,,,,,,,,,
2012-10-30,27.44,20.2,33.14,,,,,,,,,,,,,57.28,49.97,62.95,,,,,,,,,,,,,5.29,-1.82,11.44,,,,,,,,,,,,,7.44,0.32,13.44,,,,,,,,,,1.28,-5.95,6.96,,,,,,,,,,,,,,,,,,,,,,,,,,,,,,,,,,,
2012-10-31,27.47,20.2,33.15,,,,,,,,,,,,,57.25,49.88,63.02,,,,,,,,,,,,,5.27,-1.81,11.44,,,,,,,,,,,,,7.49,0.32,13.48,,,,,,,,,,1.26,-5.94,7.02,,,,,,,,,,,,,,,,,,,,,,,,,,,,,,,,,,,
2012-11-01,27.51,20.2,33.16,,,,,,,,,,,,,57.22,49.79,63.15,,,,,,,,,,,,,5.26,-1.8,11.44,,,,,,,,,,,,,7.54,0.32,13.46,,,,,,,,,,1.24,-5.91,7.15,,,,,,,,,,,,,,,,,,,,,,,,,,,,,,,,,,,
2012-11-02,27.54,20.2,33.29,,,,,,,,,,,,,57.19,49.72,63.27,,,,,,,,,,,,,5.25,-1.69,11.45,,,,,,,,,,,,,7.59,0.32,13.44,,,,,,,,,,1.22,-5.86,7.27,,,,,,,,,,,,,,,,,,,,,,,,,,,,,,,,,,,
2012-11-03,27.58,20.21,33.36,,,,,,,,,,,,,57.15,49.66,63.37,,,,,,,,,,,,,5.25,-1.53,11.51,,,,,,,,,,,,,7.64,0.32,13.61,,,,,,,,,,1.2,-5.84,7.41,,,,,,,,,,,,,,,,,,,,,,,,,,,,,,,,,,,
2012-11-04,27.6,20.22,33.49,,,,,,,,,,,,,57.11,49.62,63.39,,,,,,,,,,,,,5.25,-1.31,11.58,,,,,,,,,,,,,7.7,0.35,13.89,,,,,,,,,,1.18,-5.83,7.48,,,,,,,,,,,,,,,,,,,,,,,,,,,,,,,,,,,
2012-11-05,27.63,20.23,33.48,,,,,,,,,,,,,57.06,49.59,63.41,,,,,,,,,,,,,5.26,-1.12,11.66,,,,,,,,,,,,,7.76,0.4,14.15,,,,,,,,,,1.16,-5.83,7.56,,,,,,,,,,,,,,,,,,,,,,,,,,,,,,,,,,,
2012-11-06,27.65,20.24,33.19,,,,,,,,,,,,,57.01,49.57,63.43,,,,,,,,,,,,,5.28,-1.02,11.77,,,,,,,,,,,,,7.82,0.44,14.09,,,,,,,,,,1.14,-5.7,7.63,,,,,,,,,,,,,,,,,,,,,,,,,,,,,,,,,,,
2012-11-07,27.67,20.25,33.2,,,,,,,,,,,,,56.95,49.58,63.09,,,,,,,,,,,,,5.29,-0.61,11.88,,,,,,,,,,,,,7.88,0.97,14.27,,,,,,,,,,1.12,-5.32,7.67,,,,,,,,,,,,,,,,,,,,,,,,,,,,,,,,,,,
2012-11-08,27.68,20.3,33.21,,,,,,,,,,,,,56.9,49.71,63.12,,,,,,,,,,,,,5.32,-0.53,11.98,,,,,,,,,,,,,7.94,1.01,14.48,,,,,,,,,,1.11,-4.98,7.58,,,,,,,,,,,,,,,,,,,,,,,,,,,,,,,,,,,
2012-11-09,27.69,20.42,33.24,,,,,,,,,,,,,56.83,49.62,62.86,,,,,,,,,,,,,5.35,-0.24,12.07,,,,,,,,,,,,,8.01,1.49,14.48,,,,,,,,,,1.09,-4.73,7.64,,,,,,,,,,,,,,,,,,,,,,,,,,,,,,,,,,,
2012-11-10,27.69,20.52,33.43,,,,,,,,,,,,,56.77,49.54,62.9,,,,,,,,,,,,,5.38,-0.05,12.25,,,,,,,,,,,,,8.08,1.85,14.82,,,,,,,,,,1.08,-5.03,7.65,,,,,,,,,,,,,,,,,,,,,,,,,,,,,,,,,,,
2012-11-11,27.69,20.61,33.61,,,,,,,,,,,,,56.7,49.42,62.96,,,,,,,,,,,,,5.42,0.14,12.38,,,,,,,,,,,,,8.14,1.85,14.9,,,,,,,,,,1.06,-4.74,7.56,,,,,,,,,,,,,,,,,,,,,,,,,,,,,,,,,,,
2012-11-12,27.69,20.7,33.75,,,,,,,,,,,,,56.64,49.35,62.99,,,,,,,,,,,,,5.47,0.3,12.52,,,,,,,,,,,,,8.21,1.87,15.2,,,,,,,,,,1.05,-5.13,7.8,,,,,,,,,,,,,,,,,,,,,,,,,,,,,,,,,,,
2012-11-13,27.68,20.78,33.87,,,,,,,,,,,,,56.57,49.29,62.79,,,,,,,,,,,,,5.51,0.31,12.52,,,,,,,,,,,,,8.27,1.89,15.29,,,,,,,,,,1.04,-5.09,7.64,,,,,,,,,,,,,,,,,,,,,,,,,,,,,,,,,,,
2012-11-14,27.67,20.87,33.96,,,,,,,,,,,,,56.5,49.42,62.7,,,,,,,,,,,,,5.56,0.32,12.59,,,,,,,,,,,,,8.34,1.92,15.36,,,,,,,,,,1.03,-5.13,7.49,,,,,,,,,,,,,,,,,,,,,,,,,,,,,,,,,,,
2012-11-15,27.66,20.95,33.85,,,,,,,,,,,,,56.43,49.43,62.53,,,,,,,,,,,,,5.62,0.42,12.78,,,,,,,,,,,,,8.4,2.21,15.41,,,,,,,,,,1.02,-5.13,7.51,,,,,,,,,,,,,,,,,,,,,,,,,,,,,,,,,,,
2012-11-16,27.64,21.04,33.71,,,,,,,,,,,,,56.36,49.34,62.37,,,,,,,,,,,,,5.67,0.43,12.86,,,,,,,,,,,,,8.46,2.42,15.46,,,,,,,,,,1.02,-5.13,7.5,,,,,,,,,,,,,,,,,,,,,,,,,,,,,,,,,,,
2012-11-17,27.62,21.13,33.65,,,,,,,,,,,,,56.3,49.35,62.26,,,,,,,,,,,,,5.72,0.37,13.03,,,,,,,,,,,,,8.51,2.47,15.49,,,,,,,,,,1.01,-5.12,7.47,,,,,,,,,,,,,,,,,,,,,,,,,,,,,,,,,,,
2012-11-18,27.6,20.89,33.52,,,,,,,,,,,,,56.23,49.35,62.25,,,,,,,,,,,,,5.78,0.4,13.17,,,,,,,,,,,,,8.57,2.5,15.53,,,,,,,,,,1.01,-4.92,7.43,,,,,,,,,,,,,,,,,,,,,,,,,,,,,,,,,,,
2012-11-19,27.58,20.72,33.39,,,,,,,,,,,,,56.17,49.36,62.17,,,,,,,,,,,,,5.84,0.67,13.25,,,,,,,,,,,,,8.62,2.54,15.56,,,,,,,,,,1.0,-4.94,7.38,,,,,,,,,,,,,,,,,,,,,,,,,,,,,,,,,,,
2012-11-20,27.55,20.72,33.27,,,,,,,,,,,,,56.11,49.36,62.02,,,,,,,,,,,,,5.89,0.7,13.29,,,,,,,,,,,,,8.66,2.58,15.54,,,,,,,,,,1.0,-5.11,7.31,,,,,,,,,,,,,,,,,,,,,,,,,,,,,,,,,,,
2012-11-21,27.52,20.72,33.24,,,,,,,,,,,,,56.05,49.36,61.98,,,,,,,,,,,,,5.95,0.67,13.29,,,,,,,,,,,,,8.71,2.67,15.48,,,,,,,,,,1.0,-5.03,7.22,,,,,,,,,,,,,,,,,,,,,,,,,,,,,,,,,,,
2012-11-22,27.5,20.72,33.24,,,,,,,,,,,,,56.0,49.35,61.98,,,,,,,,,,,,,6.0,0.65,13.27,,,,,,,,,,,,,8.75,2.7,15.43,,,,,,,,,,1.0,-4.92,7.14,,,,,,,,,,,,,,,,,,,,,,,,,,,,,,,,,,,
2012-11-23,27.47,20.72,33.23,,,,,,,,,,,,,55.94,49.33,61.98,,,,,,,,,,,,,6.06,0.65,13.24,,,,,,,,,,,,,8.79,2.7,15.42,,,,,,,,,,1.0,-4.82,7.05,,,,,,,,,,,,,,,,,,,,,,,,,,,,,,,,,,,
2012-11-24,27.45,21.47,33.32,,,,,,,,,,,,,55.89,49.19,61.88,,,,,,,,,,,,,6.11,0.67,13.3,,,,,,,,,,,,,8.83,3.11,15.51,,,,,,,,,,1.0,-4.94,7.18,,,,,,,,,,,,,,,,,,,,,,,,,,,,,,,,,,,
2012-11-25,27.42,21.85,33.25,,,,,,,,,,,,,55.84,49.42,61.71,,,,,,,,,,,,,6.16,1.08,12.51,,,,,,,,,,,,,8.87,3.26,15.22,,,,,,,,,,1.0,-4.75,6.87,,,,,,,,,,,,,,,,,,,,,,,,,,,,,,,,,,,
2012-11-26,27.4,21.89,33.17,,,,,,,,,,,,,55.79,49.42,61.57,,,,,,,,,,,,,6.21,1.08,12.45,,,,,,,,,,,,,8.91,3.4,15.15,,,,,,,,,,1.0,-4.74,6.77,,,,,,,,,,,,,,,,,,,,,,,,,,,,,,,,,,,
2012-11-27,27.37,21.9,33.06,,,,,,,,,,,,,55.74,49.42,61.43,,,,,,,,,,,,,6.26,1.08,12.4,,,,,,,,,,,,,8.94,3.53,15.09,,,,,,,,,,1.0,-4.72,6.69,,,,,,,,,,,,,,,,,,,,,,,,,,,,,,,,,,,
2012-11-28,27.35,21.9,32.95,,,,,,,,,,,,,55.7,49.42,61.3,,,,,,,,,,,,,6.3,1.08,12.35,,,,,,,,,,,,,8.98,3.66,15.03,,,,,,,,,,1.0,-4.71,6.6,,,,,,,,,,,,,,,,,,,,,,,,,,,,,,,,,,,
2012-11-29,27.33,21.9,32.85,,,,,,,,,,,,,55.65,49.42,61.17,,,,,,,,,,,,,6.35,1.12,12.3,,,,,,,,,,,,,9.01,3.79,14.97,,,,,,,,,,1.0,-4.7,6.52,,,,,,,,,,,,,,,,,,,,,,,,,,,,,,,,,,,
2012-11-30,27.31,21.89,32.74,,,,,,,,,,,,,55.61,49.42,61.05,,,,,,,,,,,,,6.39,1.25,12.25,,,,,,,,,,,,,9.04,3.91,14.91,,,,,,,,,,1.0,-4.69,6.44,,,,,,,,,,,,,,,,,,,,,,,,,,,,,,,,,,,
2012-12-01,27.29,21.89,32.65,,,,,,,,,,,,,55.57,49.42,60.96,,,,,,,,,,,,,6.43,1.38,12.21,,,,,,,,,,,,,9.07,4.02,14.85,,,,,,,,,,1.0,-4.68,6.36,,,,,,,,,,,,,,,,,,,,,,,,,,,,,,,,,,,
2012-12-02,27.27,21.88,32.56,,,,,,,,,,,,,55.53,49.42,60.96,,,,,,,,,,,,,6.47,1.5,12.21,,,,,,,,,,,,,9.1,4.13,14.8,,,,,,,,,,1.0,-4.67,6.29,,,,,,,,,,,,,,,,,,,,,,,,,,,,,,,,,,,
2012-12-03,27.25,21.88,32.47,,,,,,,,,,,,,55.5,49.42,60.96,,,,,,,,,,,,,6.5,1.61,12.21,,,,,,,,,,,,,9.13,4.23,14.75,,,,,,,,,,1.0,-4.66,6.25,,,,,,,,,,,,,,,,,,,,,,,,,,,,28.0,57.0,5.0,8.0,1.0,,,
2012-12-04,27.23,21.88,32.39,,,,,,,,,,,,,55.46,49.42,60.96,,,,,,,,,,,,,6.54,1.72,12.21,,,,,,,,,,,,,9.15,4.33,14.7,,,,,,,,,,1.0,-4.65,6.25,,,,,,,,,,,,,,,,,,,,,,,,,,,,,,,,,,,
2012-12-05,27.21,21.87,32.31,,,,,,,,,,,,,55.43,49.42,60.94,,,,,,,,,,,,,6.57,1.82,12.21,,,,,,,,,,,,,9.18,4.43,14.66,,,,,,,,,,1.0,-4.64,6.25,,,,,,,,,,,,,,,,,,,,,,,,,,,,,,,,,,,
2012-12-06,27.2,21.87,32.23,,,,,,,,,,,,,55.4,49.42,60.94,,,,,,,,,,,,,6.6,1.91,12.21,,,,,,,,,,,,,9.2,4.52,14.61,,,,,,,,,,1.0,-4.63,6.25,,,,,,,,,,,,,,,,,,,,,,,,,,,,,,,,,,,
2012-12-07,27.18,21.87,32.16,,,,,,,,,,,,,55.36,49.42,60.94,,,,,,,,,,,,,6.64,1.91,12.21,,,,,,,,,,,,,9.23,4.6,14.57,,,,,,,,,,1.0,-4.62,6.25,,,,,,,,,,,,,,,,,,,,,,,,,,,,,,,,,,,
2012-12-08,27.17,21.86,32.09,,,,,,,,,,,,,55.34,49.42,60.94,,,,,,,,,,,,,6.66,1.91,12.21,,,,,,,,,,,,,9.25,4.68,14.53,,,,,,,,,,1.0,-4.61,6.25,,,,,,,,,,,,,,,,,,,,,,,,,,,,,,,,,,,
2012-12-09,27.15,21.86,32.03,,,,,,,,,,,,,55.31,49.42,60.94,,,,,,,,,,,,,6.69,1.91,12.21,,,,,,,,,,,,,9.27,4.7,14.5,,,,,,,,,,1.0,-4.6,6.23,,,,,,,,,,,,,,,,,,,,,,,,,,,,,,,,,,,
2012-12-10,27.14,21.86,31.97,,,,,,,,,,,,,55.28,49.42,60.94,,,,,,,,,,,,,6.72,1.91,12.21,,,,,,,,,,,,,9.29,4.7,14.46,,,,,,,,,,1.0,-4.59,6.17,,,,,,,,,,,,,,,,,,,,,,,,,,,,,,,,,,,
2012-12-11,27.13,21.86,31.96,,,,,,,,,,,,,55.26,49.42,60.94,,,,,,,,,,,,,6.74,1.91,12.21,,,,,,,,,,,,,9.31,4.7,14.43,,,,,,,,,,1.0,-4.59,6.12,,,,,,,,,,,,,,,,,,,,,,,,,,,,,,,,,,,
2012-12-12,27.12,21.85,31.96,,,,,,,,,,,,,55.23,49.42,60.94,,,,,,,,,,,,,6.77,1.91,12.21,,,,,,,,,,,,,9.32,4.7,14.4,,,,,,,,,,1.0,-4.58,6.07,,,,,,,,,,,,,,,,,,,,,,,,,,,,,,,,,,,
2012-12-13,27.11,21.85,31.96,,,,,,,,,,,,,55.21,49.42,60.94,,,,,,,,,,,,,6.79,1.91,12.21,,,,,,,,,,,,,9.34,4.7,14.36,,,,,,,,,,1.0,-4.57,6.02,,,,,,,,,,,,,,,,,,,,,,,,,,,,,,,,,,,
2012-12-14,27.1,21.85,31.96,,,,,,,,,,,,,55.19,49.42,60.94,,,,,,,,,,,,,6.81,1.91,12.21,,,,,,,,,,,,,9.36,4.7,14.34,,,,,,,,,,1.0,-4.57,5.98,,,,,,,,,,,,,,,,,,,,,,,,,,,,,,,,,,,
2012-12-15,27.08,21.85,31.96,,,,,,,,,,,,,55.17,49.42,60.94,,,,,,,,,,,,,6.83,1.91,12.21,,,,,,,,,,,,,9.37,4.7,14.31,,,,,,,,,,1.0,-4.56,5.93,,,,,,,,,,,,,,,,,,,,,,,,,,,,,,,,,,,
2012-12-16,27.07,21.85,31.96,,,,,,,,,,,,,55.15,49.42,60.94,,,,,,,,,,,,,6.85,1.91,12.21,,,,,,,,,,,,,9.39,4.7,14.28,,,,,,,,,,1.0,-4.55,5.89,,,,,,,,,,,,,,,,,,,,,,,,,,,,,,,,,,,
2012-12-17,27.07,21.85,31.95,,,,,,,,,,,,,55.13,49.42,60.94,,,,,,,,,,,,,6.87,1.91,12.21,,,,,,,,,,,,,9.4,4.7,14.25,,,,,,,,,,1.0,-4.55,5.85,,,,,,,,,,,,,,,,,,,,,,,,,,,,,,,,,,,
2012-12-18,27.06,21.85,31.95,,,,,,,,,,,,,55.11,49.42,60.94,,,,,,,,,,,,,6.89,1.91,12.21,,,,,,,,,,,,,9.42,4.7,14.23,,,,,,,,,,1.0,-4.54,5.81,,,,,,,,,,,,,,,,,,,,,,,,,,,,,,,,,,,
2012-12-19,27.05,21.85,31.95,,,,,,,,,,,,,55.09,49.42,60.94,,,,,,,,,,,,,6.91,1.91,12.21,,,,,,,,,,,,,9.43,4.7,14.21,,,,,,,,,,1.0,-4.54,5.77,,,,,,,,,,,,,,,,,,,,,,,,,,,,,,,,,,,
2012-12-20,27.04,21.85,31.95,,,,,,,,,,,,,55.08,49.42,60.94,,,,,,,,,,,,,6.92,1.91,12.21,,,,,,,,,,,,,9.44,4.7,14.22,,,,,,,,,,1.0,-4.53,5.74,,,,,,,,,,,,,,,,,,,,,,,,,,,,,,,,,,,
2012-12-21,27.03,21.85,31.95,,,,,,,,,,,,,55.06,49.42,60.94,,,,,,,,,,,,,6.94,1.91,12.21,,,,,,,,,,,,,9.46,4.7,14.23,,,,,,,,,,1.0,-4.52,5.7,,,,,,,,,,,,,,,,,,,,,,,,,,,,,,,,,,,
2012-12-22,27.02,21.85,31.95,,,,,,,,,,,,,55.04,49.42,60.94,,,,,,,,,,,,,6.96,1.91,12.21,,,,,,,,,,,,,9.47,4.7,14.24,,,,,,,,,,1.0,-4.52,5.67,,,,,,,,,,,,,,,,,,,,,,,,,,,,,,,,,,,
2012-12-23,27.01,21.85,31.95,,,,,,,,,,,,,55.02,49.42,60.94,,,,,,,,,,,,,6.98,1.91,12.21,,,,,,,,,,,,,9.48,4.7,14.25,,,,,,,,,,1.0,-4.51,5.63,,,,,,,,,,,,,,,,,,,,,,,,,,,,,,,,,,,
2012-12-24,27.0,21.85,31.95,,,,,,,,,,,,,55.01,49.42,60.91,,,,,,,,,,,,,6.99,1.91,12.21,,,,,,,,,,,,,9.49,4.7,14.26,,,,,,,,,,1.0,-4.51,5.6,,,,,,,,,,,,,,,,,,,,,,,,,,,,,,,,,,,
2012-12-25,27.0,21.85,31.95,,,,,,,,,,,,,54.99,49.42,60.87,,,,,,,,,,,,,7.01,1.91,12.21,,,,,,,,,,,,,9.51,4.7,14.27,,,,,,,,,,1.0,-4.5,5.56,,,,,,,,,,,,,,,,,,,,,,,,,,,,,,,,,,,
2012-12-26,26.99,21.85,31.95,,,,,,,,,,,,,54.98,49.42,60.83,,,,,,,,,,,,,7.02,1.91,12.21,,,,,,,,,,,,,9.52,4.7,14.28,,,,,,,,,,1.0,-4.5,5.53,,,,,,,,,,,,,,,,,,,,,,,,,,,,,,,,,,,
2012-12-27,26.98,21.85,31.95,,,,,,,,,,,,,54.96,49.42,60.8,,,,,,,,,,,,,7.04,1.91,12.21,,,,,,,,,,,,,9.53,4.7,14.28,,,,,,,,,,1.0,-4.49,5.49,,,,,,,,,,,,,,,,,,,,,,,,,,,,,,,,,,,
2012-12-28,26.97,21.85,31.95,,,,,,,,,,,,,54.94,49.42,60.8,,,,,,,,,,,,,7.06,1.91,12.21,,,,,,,,,,,,,9.54,4.7,14.29,,,,,,,,,,1.0,-4.49,5.45,,,,,,,,,,,,,,,,,,,,,,,,,,,,,,,,,,,
2012-12-29,26.96,21.85,31.95,,,,,,,,,,,,,54.92,49.42,60.8,,,,,,,,,,,,,7.08,1.91,12.21,,,,,,,,,,,,,9.56,4.7,14.3,,,,,,,,,,1.0,-4.48,5.42,,,,,,,,,,,,,,,,,,,,,,,,,,,,,,,,,,,
2012-12-30,26.95,21.85,31.95,,,,,,,,,,,,,54.91,49.42,60.8,,,,,,,,,,,,,7.09,1.91,12.21,,,,,,,,,,,,,9.57,4.7,14.31,,,,,,,,,,1.0,-4.47,5.42,,,,,,,,,,,,,,,,,,,,,,,,,,,,,,,,,,,
2012-12-31,26.94,21.85,31.95,,,,,,,,,,,,,54.89,49.42,60.8,,,,,,,,,,,,,7.11,1.91,12.21,,,,,,,,,,,,,9.58,4.7,14.32,,,,,,,,,,1.0,-4.47,5.42,,,,,,,,,,,,,,,,,,,,,,,,,,,,,,,,,,,
2013-01-01,26.93,21.85,31.95,,,,,,,,,,,,,54.87,49.42,60.8,,,,,,,,,,,,,7.13,1.91,12.21,,,,,,,,,,,,,9.6,4.7,14.33,,,,,,,,,,1.0,-4.46,5.42,,,,,,,,,,,,,,,,,,,,,,,,,,,,,,,,,,,
2013-01-02,26.93,21.85,31.95,,,,,,,,,,,,,54.85,49.42,60.8,,,,,,,,,,,,,7.15,1.91,12.21,,,,,,,,,,,,,9.61,4.7,14.34,,,,,,,,,,1.0,-4.46,5.42,,,,,,,,,,,,,,,,,,,,,,,,,,,,,,,,,,,
2013-01-03,26.92,21.85,31.95,,,,,,,,,,,,,54.83,49.42,60.8,,,,,,,,,,,,,7.17,1.91,12.21,,,,,,,,,,,,,9.63,4.66,14.35,,,,,,,,,,1.0,-4.45,5.42,,,,,,,,,,,,,,,,,,,,,,,,,,,,,,,,,,,
2013-01-04,26.9,21.85,31.95,,,,,,,,,,,,,54.81,49.42,60.8,,,,,,,,,,,,,7.19,1.91,12.21,,,,,,,,,,,,,9.64,4.6,14.36,,,,,,,,,,1.0,-4.44,5.42,,,,,,,,,,,,,,,,,,,,,,,,,,,,,,,,,,,
2013-01-05,26.89,21.8,31.95,,,,,,,,,,,,,54.79,49.42,60.8,,,,,,,,,,,,,7.21,1.91,12.21,,,,,,,,,,,,,9.66,4.53,14.37,,,,,,,,,,1.0,-4.43,5.42,,,,,,,,,,,,,,,,,,,,,,,,,,,,,,,,,,,
2013-01-06,26.88,21.8,31.95,,,,,,,,,,,,,54.77,49.42,60.8,,,,,,,,,,,,,7.23,1.91,12.21,,,,,,,,,,,,,9.68,4.47,14.38,,,,,,,,,,1.0,-4.43,5.42,,,,,,,,,,,,,,,,,,,,,,,,,,,,,,,,,,,
2013-01-07,26.87,21.8,31.95,,,,,,,,,,,,,54.74,49.42,60.8,,,,,,,,,,,,,7.26,1.91,12.21,,,,,,,,,,,,,9.69,4.4,14.39,,,,,,,,,,1.0,-4.42,5.42,,,,,,,,,,,,,,,,,,,,,,,,,,,,,,,,,,,
2013-01-08,26.86,21.79,31.95,,,,,,,,,,,,,54.72,49.36,60.8,,,,,,,,,,,,,7.28,1.9,12.21,,,,,,,,,,,,,9.71,4.32,14.41,,,,,,,,,,1.0,-4.41,5.42,,,,,,,,,,,,,,,,,,,,,,,,,,,,,,,,,,,
2013-01-09,26.85,21.79,31.95,,,,,,,,,,,,,54.69,49.36,60.8,,,,,,,,,,,,,7.31,1.83,12.21,,,,,,,,,,,,,9.73,4.25,14.42,,,,,,,,,,1.0,-4.48,5.42,,,,,,,,,,,,,,,,,,,,,,,,,,,,,,,,,,,
2013-01-10,26.83,21.78,31.95,,,,,,,,,,,,,54.66,49.31,60.8,,,,,,,,,,,,,7.34,1.75,12.21,,,,,,,,,,,,,9.75,4.17,14.43,,,,,,,,,,1.0,-4.58,5.42,,,,,,,,,,,,,,,,,,,,,,,,,,,,,,,,,,,
2013-01-11,26.82,21.72,31.95,,,,,,,,,,,,,54.64,49.24,60.8,,,,,,,,,,,,,7.36,1.67,12.21,,,,,,,,,,,,,9.77,4.08,14.45,,,,,,,,,,1.0,-4.69,5.42,,,,,,,,,,,,,,,,,,,,,,,,,,,,,,,,,,,
2013-01-12,26.8,21.67,31.95,,,,,,,,,,,,,54.6,49.17,60.8,,,,,,,,,,,,,7.4,1.62,12.21,,,,,,,,,,,,,9.8,4.02,14.46,,,,,,,,,,1.0,-4.78,5.42,,,,,,,,,,,,,,,,,,,,,,,,,,,,,,,,,,,
2013-01-13,26.79,21.6,31.95,,,,,,,,,,,,,54.57,49.09,60.8,,,,,,,,,,,,,7.43,1.68,12.23,,,,,,,,,,,,,9.82,4.07,14.48,,,,,,,,,,1.0,-4.75,5.42,,,,,,,,,,,,,,,,,,,,,,,,,,,,,,,,,,,
2013-01-14,26.77,21.54,31.95,,,,,,,,,,,,,54.54,49.02,60.8,,,,,,,,,,,,,7.46,1.74,12.25,,,,,,,,,,,,,9.85,4.12,14.49,,,,,,,,,,1.0,-4.72,5.42,,,,,,,,,,,,,,,,,,,,,,,,,,,,,,,,,,,
2013-01-15,26.75,21.47,31.95,,,,,,,,,,,,,54.5,49.02,60.8,,,,,,,,,,,,,7.5,1.81,12.28,,,,,,,,,,,,,9.87,4.18,14.51,,,,,,,,,,1.0,-4.69,5.42,,,,,,,,,,,,,,,,,,,,,,,,,,,,26.0,53.0,9.0,11.0,1.0,,,
2013-01-16,26.73,21.4,31.94,,,,,,,,,,,,,54.47,49.02,60.8,,,,,,,,,,,,,7.53,1.87,12.3,,,,,,,,,,,,,9.9,4.24,14.52,,,,,,,,,,1.0,-4.66,5.42,,,,,,,,,,,,,,,,,,,,,,,,,,,,,,,,,,,
2013-01-17,26.71,21.33,31.94,,,,,,,,,,,,,54.43,49.02,60.8,,,,,,,,,,,,,7.57,1.91,12.32,,,,,,,,,,,,,9.93,4.3,14.54,,,,,,,,,,1.0,-4.63,5.42,,,,,,,,,,,,,,,,,,,,,,,,,,,,,,,,,,,
2013-01-18,26.69,21.25,31.94,,,,,,,,,,,,,54.39,49.02,60.8,,,,,,,,,,,,,7.61,1.91,12.35,,,,,,,,,,,,,9.96,4.37,14.56,,,,,,,,,,1.0,-4.59,5.42,,,,,,,,,,,,,,,,,,,,,,,,,,,,,,,,,,,
2013-01-19,26.67,21.17,31.94,,,,,,,,,,,,,54.35,49.02,60.8,,,,,,,,,,,,,7.65,1.91,12.38,,,,,,,,,,,,,9.99,4.44,14.58,,,,,,,,,,1.0,-4.56,5.42,,,,,,,,,,,,,,,,,,,,,,,,,,,,,,,,,,,
2013-01-20,26.65,21.16,31.94,,,,,,,,,,,,,54.3,49.02,60.8,,,,,,,,,,,,,7.7,1.91,12.4,,,,,,,,,,,,,10.02,4.51,14.6,,,,,,,,,,1.0,-4.52,5.5,,,,,,,,,,,,,,,,,,,,,,,,,,,,,,,,,,,
2013-01-21,26.63,21.16,31.94,,,,,,,,,,,,,54.26,49.02,60.8,,,,,,,,,,,,,7.74,1.91,12.43,,,,,,,,,,,,,10.06,4.58,14.62,,,,,,,,,,1.0,-4.48,5.6,,,,,,,,,,,,,,,,,,,,,,,,,,,,,,,,,,,
2013-01-22,26.6,21.17,31.94,,,,,,,,,,,,,54.21,49.02,60.8,,,,,,,,,,,,,7.79,1.94,12.46,,,,,,,,,,,,,10.09,4.66,14.64,,,,,,,,,,1.0,-4.44,5.7,,,,,,,,,,,,,,,,,,,,,,,,,,,,,,,,,,,
2013-01-23,26.58,21.18,31.94,,,,,,,,,,,,,54.16,49.02,60.8,,,,,,,,,,,,,7.84,2.01,12.49,,,,,,,,,,,,,10.13,4.7,14.66,,,,,,,,,,1.0,-4.49,5.72,,,,,,,,,,,,,,,,,,,,,,,,,,,,,,,,,,,
2013-01-24,26.55,21.2,31.95,,,,,,,,,,,,,54.11,49.02,60.8,,,,,,,,,,,,,7.89,2.01,12.52,,,,,,,,,,,,,10.17,4.7,14.68,,,,,,,,,,1.0,-4.56,5.64,,,,,,,,,,,,,,,,,,,,,,,,,,,,,,,,,,,
2013-01-25,26.53,21.22,31.95,,,,,,,,,,,,,54.06,49.02,60.8,,,,,,,,,,,,,7.94,2.01,12.52,,,,,,,,,,,,,10.21,4.7,14.7,,,,,,,,,,1.0,-4.63,5.57,,,,,,,,,,,,,,,,,,,,,,,,,,,,,,,,,,,
2013-01-26,26.5,21.24,33.28,,,,,,,,,,,,,54.0,49.01,61.93,,,,,,,,,,,,,8.0,1.91,13.42,,,,,,,,,,,,,10.25,4.79,15.96,,,,,,,,,,1.0,-4.55,7.7,,,,,,,,,,,,,,,,,,,,,,,,,,,,,,,,,,,
2013-01-27,26.47,21.47,33.53,,,,,,,,,,,,,53.95,49.19,61.54,,,,,,,,,,,,,8.05,1.96,13.45,,,,,,,,,,,,,10.29,4.8,16.2,,,,,,,,,,1.0,-4.38,7.75,,,,,,,,,,,,,,,,,,,,,,,,,,,,,,,,,,,
2013-01-28,26.45,21.48,33.52,,,,,,,,,,,,,53.89,49.19,61.53,,,,,,,,,,,,,8.11,1.96,13.44,,,,,,,,,,,,,10.33,4.8,16.19,,,,,,,,,,1.0,-4.36,7.75,,,,,,,,,,,,,,,,,,,,,,,,,,,,,,,,,,,
2013-01-29,26.42,21.48,33.49,,,,,,,,,,,,,53.83,49.19,61.52,,,,,,,,,,,,,8.16,1.97,13.41,,,,,,,,,,,,,10.37,4.81,16.14,,,,,,,,,,1.0,-4.33,7.74,,,,,,,,,,,,,,,,,,,,,,,,,,,,,,,,,,,
2013-01-30,26.39,21.36,33.44,,,,,,,,,,,,,53.77,49.04,61.49,,,,,,,,,,,,,8.22,2.01,13.39,,,,,,,,,,,,,10.41,4.74,16.05,,,,,,,,,,1.0,-4.38,7.72,,,,,,,,,,,,,,,,,,,,,,,,,,,,,,,,,,,
2013-01-31,26.36,21.27,33.35,,,,,,,,,,,,,53.71,48.86,61.44,,,,,,,,,,,,,8.28,2.08,13.42,,,,,,,,,,,,,10.46,4.69,15.94,,,,,,,,,,1.0,-4.52,7.7,,,,,,,,,,,,,,,,,,,,,,,,,,,,,,,,,,,
2013-02-01,26.34,21.31,33.22,,,,,,,,,,,,,53.64,48.86,61.36,,,,,,,,,,,,,8.34,2.12,13.57,,,,,,,,,,,,,10.5,4.67,15.9,,,,,,,,,,1.01,-4.65,7.66,,,,,,,,,,,,,,,,,,,,,,,,,,,,,,,,,,,
2013-02-02,26.31,21.35,33.15,,,,,,,,,,,,,53.57,48.85,61.05,,,,,,,,,,,,,8.4,2.23,13.71,,,,,,,,,,,,,10.54,4.66,15.98,,,,,,,,,,1.01,-4.69,7.61,,,,,,,,,,,,,,,,,,,,,,,,,,,,,,,,,,,
2013-02-03,26.29,21.41,33.2,,,,,,,,,,,,,53.5,48.85,60.91,,,,,,,,,,,,,8.46,2.25,13.87,,,,,,,,,,,,,10.58,4.65,16.12,,,,,,,,,,1.02,-4.61,7.54,,,,,,,,,,,,,,,,,,,,,,,,,,,,,,,,,,,
2013-02-04,26.26,21.49,33.11,,,,,,,,,,,,,53.43,48.84,60.86,,,,,,,,,,,,,8.52,2.25,14.02,,,,,,,,,,,,,10.62,4.65,16.27,,,,,,,,,,1.02,-4.5,7.34,,,,,,,,,,,,,,,,,,,,,,,,,,,,,,,,,,,
2013-02-05,26.24,21.51,32.72,,,,,,,,,,,,,53.36,48.82,60.48,,,,,,,,,,,,,8.58,2.26,14.22,,,,,,,,,,,,,10.65,4.65,16.29,,,,,,,,,,1.03,-4.37,7.11,,,,,,,,,,,,,,,,,,,,,,,,,,,,,,,,,,,
2013-02-06,26.23,21.52,32.46,,,,,,,,,,,,,53.28,48.77,60.31,,,,,,,,,,,,,8.63,2.27,14.32,,,,,,,,,,,,,10.68,4.67,16.33,,,,,,,,,,1.04,-4.42,7.04,,,,,,,,,,,,,,,,,,,,,,,,,,,,,,,,,,,
2013-02-07,26.21,21.23,32.47,,,,,,,,,,,,,53.21,48.3,60.13,,,,,,,,,,,,,8.69,2.29,14.39,,,,,,,,,,,,,10.71,4.67,16.42,,,,,,,,,,1.05,-4.16,6.96,,,,,,,,,,,,,,,,,,,,,,,,,,,,,,,,,,,
2013-02-08,26.2,21.25,32.52,,,,,,,,,,,,,53.13,48.25,59.95,,,,,,,,,,,,,8.74,2.33,14.51,,,,,,,,,,,,,10.74,4.65,16.51,,,,,,,,,,1.07,-3.88,7.04,,,,,,,,,,,,,,,,,,,,,,,,,,,,,,,,,,,
2013-02-09,26.19,21.26,32.75,,,,,,,,,,,,,53.06,48.1,59.66,,,,,,,,,,,,,8.78,2.38,14.61,,,,,,,,,,,,,10.76,4.62,16.61,,,,,,,,,,1.08,-3.83,7.14,,,,,,,,,,,,,,,,,,,,,,,,,,,,,,,,,,,
2013-02-10,26.18,21.29,32.66,,,,,,,,,,,,,52.99,47.95,59.42,,,,,,,,,,,,,8.82,2.87,14.73,,,,,,,,,,,,,10.77,4.86,16.7,,,,,,,,,,1.1,-3.79,7.35,,,,,,,,,,,,,,,,,,,,,,,,,,,,,,,,,,,
2013-02-11,26.18,21.15,32.65,,,,,,,,,,,,,52.91,47.38,59.49,,,,,,,,,,,,,8.86,2.98,14.84,,,,,,,,,,,,,10.78,4.78,16.65,,,,,,,,,,1.11,-4.14,7.33,,,,,,,,,,,,,,,,,,,,,,,,,,,,,,,,,,,
2013-02-12,26.18,20.81,32.77,,,,,,,,,,,,,52.85,47.28,59.45,,,,,,,,,,,,,8.89,3.19,14.97,,,,,,,,,,,,,10.79,4.88,16.75,,,,,,,,,,1.13,-4.23,7.54,,,,,,,,,,,,,,,,,,,,,,,,,,,,,,,,,,,
2013-02-13,26.19,20.84,32.87,,,,,,,,,,,,,52.78,47.2,59.33,,,,,,,,,,,,,8.92,3.27,14.93,,,,,,,,,,,,,10.8,4.97,16.86,,,,,,,,,,1.15,-4.2,7.71,,,,,,,,,,,,,,,,,,,,,,,,,,,,,,,,,,,
2013-02-14,26.19,20.88,32.94,,,,,,,,,,,,,52.72,47.16,59.2,,,,,,,,,,,,,8.95,3.37,14.88,,,,,,,,,,,,,10.79,5.04,16.88,,,,,,,,,,1.17,-4.15,7.85,,,,,,,,,,,,,,,,,,,,,,,,,,,,,,,,,,,
2013-02-15,26.2,20.92,32.86,,,,,,,,,,,,,52.66,46.88,59.1,,,,,,,,,,,,,8.97,3.44,14.91,,,,,,,,,,,,,10.79,5.08,16.91,,,,,,,,,,1.19,-4.09,7.82,,,,,,,,,,,,,,,,,,,,,,,,,,,,,,,,,,,
2013-02-16,26.22,20.98,32.78,,,,,,,,,,,,,52.61,46.63,59.1,,,,,,,,,,,,,8.98,3.5,14.93,,,,,,,,,,,,,10.78,5.11,16.94,,,,,,,,,,1.21,-4.04,7.76,,,,,,,,,,,,,,,,,,,,,,,,,,,,,,,,,,,
2013-02-17,26.23,20.98,32.7,,,,,,,,,,,,,52.56,46.56,59.09,,,,,,,,,,,,,8.99,3.54,14.96,,,,,,,,,,,,,10.76,5.17,16.84,,,,,,,,,,1.23,-4.03,7.69,,,,,,,,,,,,,,,,,,,,,,,,,,,,,,,,,,,
2013-02-18,26.25,20.96,32.61,,,,,,,,,,,,,52.51,46.49,59.06,,,,,,,,,,,,,9.0,3.56,14.93,,,,,,,,,,,,,10.75,5.25,16.73,,,,,,,,,,1.25,-4.04,7.61,,,,,,,,,,,,,,,,,,,,,,,,,,,,,,,,,,,
2013-02-19,26.27,20.95,32.52,,,,,,,,,,,,,52.46,46.45,59.03,,,,,,,,,,,,,9.0,3.6,14.93,,,,,,,,,,,,,10.73,5.36,16.61,,,,,,,,,,1.27,-4.05,7.53,,,,,,,,,,,,,,,,,,,,,,,,,,,,,,,,,,,
2013-02-20,26.29,20.95,32.49,,,,,,,,,,,,,52.42,46.45,58.99,,,,,,,,,,,,,9.0,3.72,14.94,,,,,,,,,,,,,10.71,5.44,16.5,,,,,,,,,,1.29,-4.05,7.49,,,,,,,,,,,,,,,,,,,,,,,,,,,,,,,,,,,
2013-02-21,26.31,21.05,32.05,,,,,,,,,,,,,52.38,46.41,57.89,,,,,,,,,,,,,9.0,3.86,14.95,,,,,,,,,,,,,10.69,5.41,16.7,,,,,,,,,,1.31,-3.95,7.05,,,,,,,,,,,,,,,,,,,,,,,,,,,,,,,,,,,
2013-02-22,26.33,21.65,31.13,,,,,,,,,,,,,52.33,47.85,57.04,,,,,,,,,,,,,9.0,4.42,13.49,,,,,,,,,,,,,10.67,5.9,15.25,,,,,,,,,,1.33,-3.35,6.13,,,,,,,,,,,,,,,,,,,,,,,,,,,,,,,,,,,
2013-02-23,26.36,21.66,31.07,,,,,,,,,,,,,52.29,47.92,56.88,,,,,,,,,,,,,9.0,4.45,13.49,,,,,,,,,,,,,10.64,5.97,15.25,,,,,,,,,,1.36,-3.34,6.07,,,,,,,,,,,,,,,,,,,,,,,,,,,,,,,,,,,
2013-02-24,26.38,21.85,31.0,,,,,,,,,,,,,52.24,47.93,56.81,,,,,,,,,,,,,9.0,4.53,13.49,,,,,,,,,,,,,10.62,6.0,15.11,,,,,,,,,,1.38,-3.15,6.0,,,,,,,,,,,,,,,,,,,,,,,,,,,,,,,,,,,
2013-02-25,26.4,21.96,30.94,,,,,,,,,,,,,52.2,47.92,56.71,,,,,,,,,,,,,9.0,4.53,13.49,,,,,,,,,,,,,10.6,6.0,14.97,,,,,,,,,,1.4,-3.04,5.94,,,,,,,,,,,,,,,,,,,,,,,,,,,,,,,,,,,
2013-02-26,26.42,22.04,30.87,,,,,,,,,,,,,52.16,47.88,56.54,,,,,,,,,,,,,9.0,4.53,13.42,,,,,,,,,,,,,10.58,6.0,14.85,,,,,,,,,,1.42,-2.96,5.87,,,,,,,,,,,,,,,,,,,,,,,,,,,,,,,,,,,
2013-02-27,26.44,22.07,30.81,,,,,,,,,,,,,52.11,47.83,56.36,,,,,,,,,,,,,9.0,4.53,13.35,,,,,,,,,,,,,10.56,6.0,14.8,,,,,,,,,,1.44,-2.93,5.81,,,,,,,,,,,,,,,,,,,,,,,,,,,,,,,,,,,
2013-02-28,26.47,22.09,30.73,,,,,,,,,,,,,52.07,47.72,56.21,,,,,,,,,,,,,9.0,4.53,13.22,,,,,,,,,,,,,10.53,5.98,14.72,,,,,,,,,,1.47,-2.91,5.73,,,,,,,,,,,,,,,,,,,,,,,,,,,,,,,,,,,
2013-03-01,26.49,22.1,30.65,,,,,,,,,,,,,52.02,47.62,56.1,,,,,,,,,,,,,9.0,4.53,13.1,,,,,,,,,,,,,10.51,5.94,14.63,,,,,,,,,,1.49,-2.9,5.65,,,,,,,,,,,,,,,,,,,,,,,,,,,,,,,,,,,
2013-03-02,26.51,22.03,30.6,,,,,,,,,,,,,51.98,47.52,55.99,,,,,,,,,,,,,9.0,4.53,13.0,,,,,,,,,,,,,10.49,5.91,14.53,,,,,,,,,,1.51,-2.97,5.6,,,,,,,,,,,,,,,,,,,,,,,,,,,,,,,,,,,
2013-03-03,26.53,21.82,30.6,,,,,,,,,,,,,51.93,47.36,55.89,,,,,,,,,,,,,9.0,4.42,12.92,,,,,,,,,,,,,10.47,5.87,14.48,,,,,,,,,,1.53,-3.18,5.6,,,,,,,,,,,,,,,,,,,,,,,,,,,,,,,,,,,
2013-03-04,26.56,21.77,30.6,,,,,,,,,,,,,51.89,47.16,55.84,,,,,,,,,,,,,9.0,4.42,12.85,,,,,,,,,,,,,10.44,5.69,14.44,,,,,,,,,,1.56,-3.23,5.6,,,,,,,,,,,,,,,,,,,,,,,,,,,,,,,,,,,
2013-03-05,26.58,21.89,30.6,,,,,,,,,,,,,51.84,47.11,55.86,,,,,,,,,,,,,9.0,4.4,12.91,,,,,,,,,,,,,10.42,5.69,14.47,,,,,,,,,,1.58,-3.11,5.6,,,,,,,,,,,,,,,,,,,,,,,,,,,,,,,,,,,
2013-03-06,26.6,21.98,30.66,,,,,,,,,,,,,51.8,47.24,55.9,,,,,,,,,,,,,9.0,4.37,13.02,,,,,,,,,,,,,10.4,5.76,14.51,,,,,,,,,,1.6,-3.02,5.65,,,,,,,,,,,,,,,,,,,,,,,,,,,,,,,,,,,
2013-03-07,26.62,22.09,30.61,,,,,,,,,,,,,51.76,47.38,55.98,,,,,,,,,,,,,9.0,4.48,12.95,,,,,,,,,,,,,10.38,5.84,14.53,,,,,,,,,,1.62,-2.91,5.6,,,,,,,,,,,,,,,,,,,,,,,,,,,,,,,,,,,
2013-03-08,26.64,22.25,30.61,,,,,,,,,,,,,51.71,47.43,55.85,,,,,,,,,,,,,9.0,4.53,12.87,,,,,,,,,,,,,10.36,5.87,14.43,,,,,,,,,,1.64,-2.75,5.6,,,,,,,,,,,,,,,,,,,,,,,,,,,,,,,,,,,
2013-03-09,26.67,22.34,30.7,,,,,,,,,,,,,51.67,47.46,55.85,,,,,,,,,,,,,9.0,4.53,13.0,,,,,,,,,,,,,10.33,5.91,14.48,,,,,,,,,,1.67,-2.65,5.7,,,,,,,,,,,,,,,,,,,,,,,,,,,,,,,,,,,
2013-03-10,26.69,22.37,30.7,,,,,,,,,,,,,51.62,47.45,55.89,,,,,,,,,,,,,9.0,4.53,13.14,,,,,,,,,,,,,10.31,5.94,14.55,,,,,,,,,,1.69,-2.63,5.7,,,,,,,,,,,,,,,,,,,,,,,,,,,,,,,,,,,
2013-03-11,26.71,22.39,30.77,,,,,,,,,,,,,51.58,47.28,55.99,,,,,,,,,,,,,9.0,4.53,13.31,,,,,,,,,,,,,10.29,5.92,14.67,,,,,,,,,,1.71,-2.61,5.76,,,,,,,,,,,,,,,,,,,,,,,,,,,,,,,,,,,
2013-03-12,26.73,22.4,30.91,,,,,,,,,,,,,51.54,47.11,56.09,,,,,,,,,,,,,9.0,4.53,13.37,,,,,,,,,,,,,10.27,5.86,14.77,,,,,,,,,,1.73,-2.6,5.91,,,,,,,,,,,,,,,,,,,,,,,,,,,,,,,,,,,
2013-03-13,26.75,22.39,31.05,,,,,,,,,,,,,51.5,46.94,56.2,,,,,,,,,,,,,9.0,4.53,13.43,,,,,,,,,,,,,10.25,5.77,14.82,,,,,,,,,,1.75,-2.6,6.05,,,,,,,,,,,,,,,,,,,,,,,,,,,,,,,,,,,
2013-03-14,26.77,22.37,31.2,,,,,,,,,,,,,51.46,46.78,56.34,,,,,,,,,,,,,9.0,4.49,13.49,,,,,,,,,,,,,10.23,5.65,14.86,,,,,,,,,,1.77,-2.63,6.2,,,,,,,,,,,,,,,,,,,,,,,,,,,,,,,,,,,
2013-03-15,26.79,22.27,31.33,,,,,,,,,,,,,51.42,46.63,56.48,,,,,,,,,,,,,9.0,4.42,13.49,,,,,,,,,,,,,10.21,5.57,14.97,,,,,,,,,,1.79,-2.73,6.33,,,,,,,,,,,,,,,,,,,,,,,,,,,,,,,,,,,
2013-03-16,26.81,22.15,31.49,,,,,,,,,,,,,51.38,46.59,56.7,,,,,,,,,,,,,9.0,4.4,13.73,,,,,,,,,,,,,10.19,5.54,15.21,,,,,,,,,,1.81,-2.85,6.49,,,,,,,,,,,,,,,,,,,,,,,,,,,,,,,,,,,
2013-03-17,26.83,22.05,31.82,,,,,,,,,,,,,51.34,46.56,56.87,,,,,,,,,,,,,9.0,4.37,13.95,,,,,,,,,,,,,10.17,5.51,15.39,,,,,,,,,,1.83,-2.95,6.82,,,,,,,,,,,,,,,,,,,,,,,,,,,,,,,,,,,
2013-03-18,26.85,21.95,31.82,,,,,,,,,,,,,51.3,46.53,56.95,,,,,,,,,,,,,9.0,4.32,14.09,,,,,,,,,,,,,10.15,5.46,15.44,,,,,,,,,,1.85,-3.05,6.82,,,,,,,,,,,,,,,,,,,,,,,,,,,,,,,,,,,
2013-03-19,26.87,21.85,31.82,,,,,,,,,,,,,51.27,46.49,57.03,,,,,,,,,,,,,9.0,4.27,14.24,,,,,,,,,,,,,10.13,5.42,15.54,,,,,,,,,,1.87,-3.15,6.82,,,,,,,,,,,,,,,,,,,,,,,,,,,,,,,,,,,
2013-03-20,26.88,21.76,31.86,,,,,,,,,,,,,51.23,46.42,57.11,,,,,,,,,,,,,9.0,4.2,14.38,,,,,,,,,,,,,10.12,5.39,15.63,,,,,,,,,,1.88,-3.24,6.86,,,,,,,,,,,,,,,,,,,,,,,,,,,,,,,,,,,
2013-03-21,26.9,21.75,31.9,,,,,,,,,,,,,51.2,46.37,57.22,,,,,,,,,,,,,9.0,4.06,14.52,,,,,,,,,,,,,10.1,5.28,15.72,,,,,,,,,,1.9,-3.25,6.9,,,,,,,,,,,,,,,,,,,,,,,,,,,,,,,,,,,
2013-03-22,26.92,21.68,31.94,,,,,,,,,,,,,51.17,46.22,57.31,,,,,,,,,,,,,9.0,3.98,14.64,,,,,,,,,,,,,10.08,5.1,15.8,,,,,,,,,,1.92,-3.32,6.94,,,,,,,,,,,,,,,,,,,,,,,,,,,,,,,,,,,
2013-03-23,26.93,21.65,32.03,,,,,,,,,,,,,51.14,46.16,57.33,,,,,,,,,,,,,9.0,3.89,14.72,,,,,,,,,,,,,10.07,5.07,15.87,,,,,,,,,,1.93,-3.35,7.03,,,,,,,,,,,,,,,,,,,,,,,,,,,,,,,,,,,
2013-03-24,26.94,21.61,32.11,,,,,,,,,,,,,51.12,46.16,57.34,,,,,,,,,,,,,9.0,3.86,14.75,,,,,,,,,,,,,10.06,5.03,15.94,,,,,,,,,,1.94,-3.39,7.11,,,,,,,,,,,,,,,,,,,,,,,,,,,,,,,,,,,
2013-03-25,26.95,21.56,32.19,,,,,,,,,,,,,51.09,46.13,57.35,,,,,,,,,,,,,9.0,3.85,14.78,,,,,,,,,,,,,10.05,4.97,16.02,,,,,,,,,,1.95,-3.44,7.19,,,,,,,,,,,,,,,,,,,,,,,,,,,,,,,,,,,
2013-03-26,26.96,21.49,32.26,,,,,,,,,,,,,51.07,46.08,57.37,,,,,,,,,,,,,9.0,3.84,14.81,,,,,,,,,,,,,10.04,4.92,16.1,,,,,,,,,,1.96,-3.51,7.26,,,,,,,,,,,,,,,,,,,,,,,,,,,,,,,,,,,
2013-03-27,26.97,21.44,32.33,,,,,,,,,,,,,51.06,46.05,57.4,,,,,,,,,,,,,9.0,3.81,14.83,,,,,,,,,,,,,10.03,4.88,16.11,,,,,,,,,,1.97,-3.56,7.33,,,,,,,,,,,,,,,,,,,,,,,,,,,,,,,,,,,
2013-03-28,26.98,21.39,32.38,,,,,,,,,,,,,51.04,46.01,57.39,,,,,,,,,,,,,9.0,3.79,14.85,,,,,,,,,,,,,10.02,4.83,16.12,,,,,,,,,,1.98,-3.61,7.38,,,,,,,,,,,,,,,,,,,,,,,,,,,,,,,,,,,
2013-03-29,26.99,21.34,32.43,,,,,,,,,,,,,51.03,45.99,57.39,,,,,,,,,,,,,9.0,3.78,14.86,,,,,,,,,,,,,10.01,4.8,16.12,,,,,,,,,,1.99,-3.65,7.43,,,,,,,,,,,,,,,,,,,,,,,,,,,,,,,,,,,
2013-03-30,26.99,21.31,32.47,,,,,,,,,,,,,51.02,45.97,57.39,,,,,,,,,,,,,9.0,3.76,14.87,,,,,,,,,,,,,10.01,4.78,16.13,,,,,,,,,,1.99,-3.69,7.47,,,,,,,,,,,,,,,,,,,,,,,,,,,,,,,,,,,
2013-03-31,26.99,21.28,32.5,,,,,,,,,,,,,51.01,45.95,57.39,,,,,,,,,,,,,9.0,3.76,14.89,,,,,,,,,,,,,10.01,4.76,16.13,,,,,,,,,,1.99,-3.72,7.5,,,,,,,,,,,,,,,,,,,,,,,,,,,,,,,,,,,
2013-04-01,27.0,21.27,32.52,,,,,,,,,,,,,51.01,45.93,57.38,,,,,,,,,,,,,9.0,3.75,14.89,,,,,,,,,,,,,10.0,4.75,16.14,,,,,,,,,,2.0,-3.73,7.52,,,,,,,,,,,,,,,,,,,,,,,,,,,,,,,,,,,
2013-04-02,27.0,21.25,32.52,,,,,,,,,,,,,51.0,45.92,57.38,,,,,,,,,,,,,9.0,3.74,14.9,,,,,,,,,,,,,10.0,4.74,16.14,,,,,,,,,,2.0,-3.75,7.52,,,,,,,,,,,,,,,,,,,,,,,,,,,,,,,,,,,
2013-04-03,27.0,21.25,32.53,,,,,,,,,,,,,51.0,45.91,57.38,,,,,,,,,,,,,9.0,3.74,14.9,,,,,,,,,,,,,10.0,4.74,16.14,,,,,,,,,,2.0,-3.75,7.53,,,,,,,,,,,,,,,,,,,,,,,,,,,,,,,,,,,
2013-04-04,27.0,21.25,32.54,,,,,,,,,,,,,51.0,45.91,57.38,,,,,,,,,,,,,9.0,3.73,14.9,,,,,,,,,,,,,10.0,4.74,16.15,,,,,,,,,,2.0,-3.75,7.54,,,,,,,,,,,,,,,,,,,,,,,,,,,,,,,,,,,
2013-04-05,27.0,21.75,33.1,,,,,,,,,,,,,51.0,45.75,57.1,,,,,,,,,,,,,9.0,3.75,15.1,,,,,,,,,,,,,10.0,4.75,16.1,,,,,,,,,,2.0,-3.25,8.1,,,,,,,,,,,,,,,,,,,,,,,,,,,,,,,,,,,
2013-04-16,,,,,,,,,,,,,,,,,,,,,,,,,,,,,,,,,,,,,,,,,,,,,,,,,,,,,,,,,,,,,,,,,,,,,,,,,,,,,,,,,,,,,,,,27.0,51.0,9.0,10.0,2.0,,,
2013-05-19,27.0,21.34,32.58,,,,,,,,,,,,,51.0,45.34,56.58,,,,,,,,,,,,,9.0,3.34,14.58,,,,,,,,,,,,,10.0,4.34,15.58,,,,,,,,,,2.0,-3.66,7.58,,,,,,,,,,,,,,,,,,,,,,,,,,,,,,,,,,,
2013-05-20,27.0,21.44,33.13,,,,,,,,,,,,,51.0,42.51,56.05,,,,,,,,,,,,,9.0,3.73,15.29,,,,,,,,,,,,,10.0,4.73,16.29,,,,,,,,,,2.0,-3.63,8.13,,,,,,,,,,,,,,,,,,,,,,,,,,,,,,,,,,,
2013-05-21,27.0,21.44,33.13,,,,,,,,,,,,,51.0,42.51,56.04,,,,,,,,,,,,,9.0,3.74,15.29,,,,,,,,,,,,,10.0,4.74,16.29,,,,,,,,,,2.0,-3.62,8.13,,,,,,,,,,,,,,,,,,,,,,,,,,,,,,,,,,,
2013-05-22,27.0,21.44,33.13,,,,,,,,,,,,,50.99,42.51,56.02,,,,,,,,,,,,,9.0,3.75,15.29,,,,,,,,,,,,,10.0,4.75,16.29,,,,,,,,,,2.0,-3.62,8.13,,,,,,,,,,,,,,,,,,,,,,,,,,,,,,,,,,,
2013-05-23,27.0,21.45,33.12,,,,,,,,,,,,,50.98,42.51,55.98,,,,,,,,,,,,,9.01,3.76,15.29,,,,,,,,,,,,,10.01,4.76,16.29,,,,,,,,,,2.0,-3.61,8.12,,,,,,,,,,,,,,,,,,,,,,,,,,,,,,,,,,,
2013-05-24,27.01,21.45,33.12,,,,,,,,,,,,,50.96,42.51,55.92,,,,,,,,,,,,,9.02,3.78,15.29,,,,,,,,,,,,,10.02,4.78,16.29,,,,,,,,,,2.0,-3.58,8.11,,,,,,,,,,,,,,,,,,,,,,,,,,,,,,,,,,,
2013-05-25,27.01,21.47,33.1,,,,,,,,,,,,,50.94,42.51,55.83,,,,,,,,,,,,,9.03,3.79,15.29,,,,,,,,,,,,,10.03,4.79,16.29,,,,,,,,,,2.0,-3.54,8.1,,,,,,,,,,,,,,,,,,,,,,,,,,,,,,,,,,,
2013-05-26,27.02,21.53,33.09,,,,,,,,,,,,,50.9,42.51,55.71,,,,,,,,,,,,,9.04,3.81,15.29,,,,,,,,,,,,,10.04,4.81,16.29,,,,,,,,,,2.0,-3.49,8.08,,,,,,,,,,,,,,,,,,,,,,,,,,,,,,,,,,,
2013-05-27,27.03,21.6,33.07,,,,,,,,,,,,,50.85,42.51,55.55,,,,,,,,,,,,,9.06,3.83,15.29,,,,,,,,,,,,,10.06,4.83,16.29,,,,,,,,,,2.0,-3.43,8.05,,,,,,,,,,,,,,,,,,,,,,,,,,,,,,,,,,,
2013-05-28,27.04,21.7,33.03,,,,,,,,,,,,,50.79,42.51,55.35,,,,,,,,,,,,,9.08,3.85,15.29,,,,,,,,,,,,,10.08,4.85,16.29,,,,,,,,,,2.0,-3.36,8.02,,,,,,,,,,,,,,,,,,,,,,,,,,,,,,,,,,,
2013-05-29,27.06,21.8,33.0,,,,,,,,,,,,,50.72,42.51,55.11,,,,,,,,,,,,,9.11,3.88,15.29,,,,,,,,,,,,,10.11,4.88,16.29,,,,,,,,,,2.0,-3.27,7.98,,,,,,,,,,,,,,,,,,,,,,,,,,,,,,,,,,,
2013-05-30,27.07,21.89,32.96,,,,,,,,,,,,,50.63,42.51,54.89,,,,,,,,,,,,,9.15,4.03,15.29,,,,,,,,,,,,,10.15,5.03,16.29,,,,,,,,,,2.0,-3.21,7.93,,,,,,,,,,,,,,,,,,,,,,,,,,,,,,,,,,,
2013-05-31,27.09,21.91,32.91,,,,,,,,,,,,,50.53,42.51,54.71,,,,,,,,,,,,,9.19,4.16,15.29,,,,,,,,,,,,,10.19,5.16,16.29,,,,,,,,,,2.0,-3.21,7.87,,,,,,,,,,,,,,,,,,,,,,,,,,,,,,,,,,,
2013-06-01,27.12,21.95,32.86,,,,,,,,,,,,,50.42,42.51,54.61,,,,,,,,,,,,,9.23,4.21,15.29,,,,,,,,,,,,,10.23,5.21,16.29,,,,,,,,,,2.0,-3.21,7.8,,,,,,,,,,,,,,,,,,,,,,,,,,,,,,,,,,,
2013-06-02,27.14,21.99,32.82,,,,,,,,,,,,,50.29,42.51,54.61,,,,,,,,,,,,,9.29,4.27,15.29,,,,,,,,,,,,,10.29,5.27,16.29,,,,,,,,,,2.0,-3.21,7.64,,,,,,,,,,,,,,,,,,,,,,,,,,,,,,,,,,,
2013-06-03,27.17,22.03,32.75,,,,,,,,,,,,,50.14,42.51,54.61,,,,,,,,,,,,,9.34,4.29,15.29,,,,,,,,,,,,,10.34,5.29,16.29,,,,,,,,,,2.0,-3.21,7.47,,,,,,,,,,,,,,,,,,,,,,,,,,,,,,,,,,,
2013-06-04,27.2,22.02,32.66,,,,,,,,,,,,,49.99,42.51,54.57,,,,,,,,,,,,,9.41,4.29,15.23,,,,,,,,,,,,,10.41,5.29,16.23,,,,,,,,,,2.0,-3.21,7.28,,,,,,,,,,,,,,,,,,,,,,,,,,,,,,,,,,,
2013-06-05,27.24,22.04,32.57,,,,,,,,,,,,,49.82,42.51,54.4,,,,,,,,,,,,,9.47,4.29,15.17,,,,,,,,,,,,,10.47,5.29,16.17,,,,,,,,,,2.0,-3.19,7.07,,,,,,,,,,,,,,,,,,,,,,,,,,,,,,,,,,,
2013-06-06,27.27,22.11,32.47,,,,,,,,,,,,,49.64,42.51,54.37,,,,,,,,,,,,,9.55,4.29,15.11,,,,,,,,,,,,,10.55,5.29,16.11,,,,,,,,,,2.0,-3.16,6.96,,,,,,,,,,,,,,,,,,,,,,,,,,,,,,,,,,,
2013-06-07,27.31,22.2,32.4,,,,,,,,,,,,,49.44,42.51,54.48,,,,,,,,,,,,,9.62,4.35,15.04,,,,,,,,,,,,,10.62,5.35,16.04,,,,,,,,,,2.0,-3.16,7.08,,,,,,,,,,,,,,,,,,,,,,,,,,,,,,,,,,,
2013-06-08,27.35,22.15,32.66,,,,,,,,,,,,,49.24,42.51,54.32,,,,,,,,,,,,,9.7,4.37,15.29,,,,,,,,,,,,,10.7,5.37,16.29,,,,,,,,,,2.0,-3.16,7.29,,,,,,,,,,,,,,,,,,,,,,,,,,,,,,,,,,,
2013-06-09,27.39,22.1,32.84,,,,,,,,,,,,,49.04,42.55,54.28,,,,,,,,,,,,,9.79,4.35,15.29,,,,,,,,,,,,,10.79,5.35,16.29,,,,,,,,,,2.0,-3.19,7.44,,,,,,,,,,,,,,,,,,,,,,,,,,,,,,,,,,,
2013-06-10,27.44,22.03,32.81,,,,,,,,,,,,,48.82,42.72,54.25,,,,,,,,,,,,,9.87,4.33,15.29,,,,,,,,,,,,,10.87,5.33,16.29,,,,,,,,,,2.0,-3.25,7.25,,,,,,,,,,,,,,,,,,,,,,,,,,,,,,,,,,,
2013-06-11,27.48,21.98,32.76,,,,,,,,,,,,,48.61,42.76,54.25,,,,,,,,,,,,,9.96,4.35,15.29,,,,,,,,,,,,,10.96,5.35,16.29,,,,,,,,,,2.0,-3.32,7.13,,,,,,,,,,,,,,,,,,,,,,,,,,,,,,,,,,,
2013-06-12,27.52,21.93,32.7,,,,,,,,,,,,,48.39,42.62,54.25,,,,,,,,,,,,,10.04,4.29,15.29,,,,,,,,,,,,,11.04,5.29,16.29,,,,,,,,,,2.0,-3.31,7.05,,,,,,,,,,,,,,,,,,,,,,,,,,,,,,,,,,,
2013-06-13,27.56,21.89,32.63,,,,,,,,,,,,,48.18,42.51,54.25,,,,,,,,,,,,,10.13,4.28,15.29,,,,,,,,,,,,,11.13,5.28,16.29,,,,,,,,,,2.0,-3.41,6.97,,,,,,,,,,,,,,,,,,,,,,,,,,,,,,,,,,,
2013-06-14,27.61,21.87,32.57,,,,,,,,,,,,,47.96,42.4,54.09,,,,,,,,,,,,,10.21,4.28,15.26,,,,,,,,,,,,,11.21,5.28,16.26,,,,,,,,,,2.0,-3.53,6.95,,,,,,,,,,,,,,,,,,,,,,,,,,,,,,,,,,,
2013-06-15,27.65,21.84,32.54,,,,,,,,,,,,,47.76,42.1,53.92,,,,,,,,,,,,,10.3,4.28,15.22,,,,,,,,,,,,,11.3,5.28,16.22,,,,,,,,,,2.0,-3.64,6.98,,,,,,,,,,,,,,,,,,,,,,,,,,,,,,,,,,,
2013-06-16,27.69,21.81,32.62,,,,,,,,,,,,,47.56,41.73,53.92,,,,,,,,,,,,,10.38,4.28,15.29,,,,,,,,,,,,,11.38,5.28,16.29,,,,,,,,,,2.0,-3.82,7.01,,,,,,,,,,,,,,,,,,,,,,,,,,,,,,,,,,,
2013-06-17,27.73,21.59,32.72,,,,,,,,,,,,,47.36,41.26,53.92,,,,,,,,,,,,,10.45,4.2,15.29,,,,,,,,,,,,,11.45,5.2,16.29,,,,,,,,,,2.0,-3.9,7.06,,,,,,,,,,,,,,,,,,,,,,,,,,,,,,,,,,,
2013-06-18,27.76,21.52,32.81,,,,,,,,,,,,,47.18,40.99,53.92,,,,,,,,,,,,,10.53,4.14,15.29,,,,,,,,,,,,,11.53,5.14,16.29,,,,,,,,,,2.0,-3.96,7.11,,,,,,,,,,,,,,,,,,,,,,,,,,,,,,,,,,,
2013-06-19,27.8,21.58,32.84,,,,,,,,,,,,,47.01,40.87,53.92,,,,,,,,,,,,,10.59,4.27,15.29,,,,,,,,,,,,,11.59,5.27,16.29,,,,,,,,,,2.0,-4.07,7.21,,,,,,,,,,,,,,,,,,,,,,,,,,,,,,,,,,,
2013-06-20,27.83,21.61,32.96,,,,,,,,,,,,,46.86,40.79,53.92,,,,,,,,,,,,,10.66,4.32,15.31,,,,,,,,,,,,,11.66,5.32,16.31,,,,,,,,,,2.0,-4.1,7.4,,,,,,,,,,,,,,,,,,,,,,,,,,,,,,,,,,,
2013-06-21,27.86,21.53,33.13,,,,,,,,,,,,,46.71,40.68,53.92,,,,,,,,,,,,,10.71,4.27,15.48,,,,,,,,,,,,,11.71,5.27,16.48,,,,,,,,,,2.0,-4.25,7.65,,,,,,,,,,,,,,,,,,,,,,,,,,,,,,,,,,,
2013-06-22,27.88,21.3,33.3,,,,,,,,,,,,,46.58,40.32,53.92,,,,,,,,,,,,,10.77,4.14,15.52,,,,,,,,,,,,,11.77,5.14,16.52,,,,,,,,,,2.0,-4.42,7.89,,,,,,,,,,,,,,,,,,,,,,,,,,,,,,,,,,,
2013-06-23,27.91,21.16,33.47,,,,,,,,,,,,,46.47,39.99,53.92,,,,,,,,,,,,,10.81,3.9,15.6,,,,,,,,,,,,,11.81,4.9,16.6,,,,,,,,,,2.0,-4.62,8.05,,,,,,,,,,,,,,,,,,,,,,,,,,,,,,,,,,,
2013-06-24,27.93,21.15,33.48,,,,,,,,,,,,,46.37,39.76,53.92,,,,,,,,,,,,,10.85,3.78,15.71,,,,,,,,,,,,,11.85,4.78,16.71,,,,,,,,,,2.0,-4.66,8.16,,,,,,,,,,,,,,,,,,,,,,,,,,,,,,,,,,,
2013-06-25,27.94,21.15,33.48,,,,,,,,,,,,,46.28,39.57,53.92,,,,,,,,,,,,,10.89,3.76,15.85,,,,,,,,,,,,,11.89,4.76,16.85,,,,,,,,,,2.0,-4.68,8.27,,,,,,,,,,,,,,,,,,,,,,,,,,,,,,,,,,,
2013-06-26,27.96,21.15,33.48,,,,,,,,,,,,,46.21,39.4,53.92,,,,,,,,,,,,,10.92,3.75,15.97,,,,,,,,,,,,,11.92,4.75,16.97,,,,,,,,,,2.0,-4.7,8.37,,,,,,,,,,,,,,,,,,,,,,,,,,,,,,,,,,,
2013-06-27,27.97,21.15,33.48,,,,,,,,,,,,,46.15,39.35,53.92,,,,,,,,,,,,,10.94,3.74,16.04,,,,,,,,,,,,,11.94,4.74,17.04,,,,,,,,,,2.0,-4.72,8.45,,,,,,,,,,,,,,,,,,,,,,,,,,,,,,,,,,,
2013-06-28,27.98,21.15,33.48,,,,,,,,,,,,,46.1,39.31,53.92,,,,,,,,,,,,,10.96,3.73,16.08,,,,,,,,,,,,,11.96,4.73,17.08,,,,,,,,,,2.0,-4.73,8.48,,,,,,,,,,,,,,,,,,,,,,,,,,,,,,,,,,,
2013-06-29,27.99,21.15,33.48,,,,,,,,,,,,,46.06,39.28,53.92,,,,,,,,,,,,,10.97,3.72,16.11,,,,,,,,,,,,,11.97,4.72,17.11,,,,,,,,,,2.0,-4.74,8.48,,,,,,,,,,,,,,,,,,,,,,,,,,,,,,,,,,,
2013-06-30,27.99,21.15,33.49,,,,,,,,,,,,,46.04,39.27,53.92,,,,,,,,,,,,,10.98,3.71,16.13,,,,,,,,,,,,,11.98,4.71,17.13,,,,,,,,,,2.0,-4.75,8.48,,,,,,,,,,,,,,,,,,,,,,,,,,,,,,,,,,,
2013-07-01,28.0,21.15,33.51,,,,,,,,,,,,,46.02,39.25,53.92,,,,,,,,,,,,,10.99,3.71,16.14,,,,,,,,,,,,,11.99,4.71,17.14,,,,,,,,,,2.0,-4.76,8.48,,,,,,,,,,,,,,,,,,,,,,,,,,,,,,,,,,,
2013-07-02,28.0,21.15,33.52,,,,,,,,,,,,,46.01,39.24,53.92,,,,,,,,,,,,,11.0,3.71,16.15,,,,,,,,,,,,,12.0,4.71,17.15,,,,,,,,,,2.0,-4.76,8.48,,,,,,,,,,,,,,,,,,,,,,,,,,,,,,,,,,,
2013-07-03,28.0,21.15,33.52,,,,,,,,,,,,,46.0,39.24,53.92,,,,,,,,,,,,,11.0,3.71,16.16,,,,,,,,,,,,,12.0,4.71,17.16,,,,,,,,,,2.0,-4.76,8.48,,,,,,,,,,,,,,,,,,,,,,,,,,,,,,,,,,,
2013-07-04,28.0,21.15,33.53,,,,,,,,,,,,,46.0,39.24,53.92,,,,,,,,,,,,,11.0,3.71,16.16,,,,,,,,,,,,,12.0,4.71,17.16,,,,,,,,,,2.0,-4.76,8.48,,,,,,,,,,,,,,,,,,,,,,,,,,,,,,,,,,,
2013-07-05,28.0,20.69,33.39,,,,,,,,,,,,,46.0,38.69,51.39,,,,,,,,,,,,,11.0,3.69,16.39,,,,,,,,,,,,,12.0,4.69,17.39,,,,,,,,,,2.0,-5.31,7.39,,,,,,,,,,,,,,,,,,,,,,,,,,,,,,,,,,,
2013-08-07,,,,,,,,,,,,,,,,,,,,,,,,,,,,,,,,,,,,,,,,,,,,,,,,,,,,,,,,,,,,,,,,,,,,,,,,,,,,,,,,,,,,,,,,28.0,46.0,11.0,12.0,2.0,,,
2013-08-16,28.0,19.83,34.66,,,,,,,,,,,,,46.0,37.83,52.66,,,,,,,,,,,,,11.0,2.83,17.66,,,,,,,,,,,,,12.0,3.83,18.66,,,,,,,,,,2.0,-6.17,8.66,,,,,,,,,,,,,,,,,,,,,,,,,,,,,,,,,,,
2013-08-17,28.0,19.76,33.95,,,,,,,,,,,,,46.0,38.0,54.78,,,,,,,,,,,,,11.0,2.86,16.95,,,,,,,,,,,,,12.0,4.0,18.99,,,,,,,,,,2.0,-6.0,8.04,,,,,,,,,,,,,,,,,,,,,,,,,,,,,,,,,,,
2013-08-18,28.0,19.76,33.95,,,,,,,,,,,,,46.0,38.01,54.78,,,,,,,,,,,,,11.0,2.86,16.95,,,,,,,,,,,,,12.0,4.01,18.99,,,,,,,,,,2.0,-6.0,8.04,,,,,,,,,,,,,,,,,,,,,,,,,,,,,,,,,,,
2013-08-19,27.99,19.77,33.93,,,,,,,,,,,,,46.01,38.03,54.78,,,,,,,,,,,,,11.0,2.86,16.94,,,,,,,,,,,,,12.0,4.02,18.99,,,,,,,,,,2.0,-5.99,8.04,,,,,,,,,,,,,,,,,,,,,,,,,,,,,,,,,,,
2013-08-20,27.99,19.8,33.91,,,,,,,,,,,,,46.02,38.07,54.78,,,,,,,,,,,,,10.99,2.86,16.91,,,,,,,,,,,,,12.0,4.04,18.98,,,,,,,,,,2.0,-5.97,8.04,,,,,,,,,,,,,,,,,,,,,,,,,,,,,,,,,,,
2013-08-21,27.98,19.84,33.87,,,,,,,,,,,,,46.03,38.12,54.78,,,,,,,,,,,,,10.98,2.86,16.88,,,,,,,,,,,,,12.01,4.07,18.95,,,,,,,,,,1.99,-5.95,8.04,,,,,,,,,,,,,,,,,,,,,,,,,,,,,,,,,,,
2013-08-22,27.96,19.85,33.82,,,,,,,,,,,,,46.06,38.21,54.78,,,,,,,,,,,,,10.97,2.91,16.83,,,,,,,,,,,,,12.01,4.12,18.91,,,,,,,,,,1.99,-5.92,8.04,,,,,,,,,,,,,,,,,,,,,,,,,,,,,,,,,,,
2013-08-23,27.94,19.85,33.75,,,,,,,,,,,,,46.08,38.31,54.78,,,,,,,,,,,,,10.96,2.99,16.77,,,,,,,,,,,,,12.01,4.18,18.86,,,,,,,,,,1.99,-5.88,8.04,,,,,,,,,,,,,,,,,,,,,,,,,,,,,,,,,,,
2013-08-24,27.92,19.86,33.66,,,,,,,,,,,,,46.12,38.45,54.78,,,,,,,,,,,,,10.94,2.99,16.68,,,,,,,,,,,,,12.02,4.25,18.8,,,,,,,,,,1.98,-5.83,8.04,,,,,,,,,,,,,,,,,,,,,,,,,,,,,,,,,,,
2013-08-25,27.89,19.86,33.56,,,,,,,,,,,,,46.16,38.69,54.78,,,,,,,,,,,,,10.92,2.99,16.59,,,,,,,,,,,,,12.03,4.42,18.73,,,,,,,,,,1.97,-5.69,8.04,,,,,,,,,,,,,,,,,,,,,,,,,,,,,,,,,,,
2013-08-26,27.86,19.87,33.43,,,,,,,,,,,,,46.22,38.97,54.78,,,,,,,,,,,,,10.89,2.99,16.47,,,,,,,,,,,,,12.04,4.62,18.64,,,,,,,,,,1.96,-5.52,8.04,,,,,,,,,,,,,,,,,,,,,,,,,,,,,,,,,,,
2013-08-27,27.82,19.88,33.29,,,,,,,,,,,,,46.28,39.11,54.78,,,,,,,,,,,,,10.86,2.99,16.34,,,,,,,,,,,,,12.05,4.85,18.54,,,,,,,,,,1.95,-5.32,8.04,,,,,,,,,,,,,,,,,,,,,,,,,,,,,,,,,,,
2013-08-28,27.77,19.89,33.13,,,,,,,,,,,,,46.34,39.22,54.78,,,,,,,,,,,,,10.83,2.99,16.19,,,,,,,,,,,,,12.06,4.86,18.49,,,,,,,,,,1.94,-5.26,8.04,,,,,,,,,,,,,,,,,,,,,,,,,,,,,,,,,,,
2013-08-29,27.72,19.89,32.95,,,,,,,,,,,,,46.42,39.22,54.78,,,,,,,,,,,,,10.79,2.99,16.02,,,,,,,,,,,,,12.07,4.84,18.47,,,,,,,,,,1.93,-5.3,8.04,,,,,,,,,,,,,,,,,,,,,,,,,,,,,,,,,,,
2013-08-30,27.67,19.9,32.76,,,,,,,,,,,,,46.5,39.23,54.78,,,,,,,,,,,,,10.75,2.99,15.84,,,,,,,,,,,,,12.08,4.98,18.43,,,,,,,,,,1.92,-5.33,8.01,,,,,,,,,,,,,,,,,,,,,,,,,,,,,,,,,,,
2013-08-31,27.61,19.93,32.55,,,,,,,,,,,,,46.59,39.35,54.78,,,,,,,,,,,,,10.71,3.06,15.65,,,,,,,,,,,,,12.1,4.96,18.4,,,,,,,,,,1.9,-5.22,7.83,,,,,,,,,,,,,,,,,,,,,,,,,,,,,,,,,,,
2013-09-01,27.55,19.94,32.33,,,,,,,,,,,,,46.68,39.68,54.78,,,,,,,,,,,,,10.66,3.13,15.44,,,,,,,,,,,,,12.11,4.91,18.36,,,,,,,,,,1.89,-5.21,7.65,,,,,,,,,,,,,,,,,,,,,,,,,,,,,,,,,,,
2013-09-02,27.48,19.96,32.25,,,,,,,,,,,,,46.78,40.01,54.78,,,,,,,,,,,,,10.61,3.21,15.3,,,,,,,,,,,,,12.13,4.87,18.32,,,,,,,,,,1.87,-5.28,7.45,,,,,,,,,,,,,,,,,,,,,,,,,,,,,,,,,,,
2013-09-03,27.41,19.96,32.25,,,,,,,,,,,,,46.88,40.24,54.78,,,,,,,,,,,,,10.56,3.11,15.3,,,,,,,,,,,,,12.15,5.08,18.28,,,,,,,,,,1.85,-5.35,7.45,,,,,,,,,,,,,,,,,,,,,,,,,,,,,,,,,,,
2013-09-04,27.34,19.89,32.24,,,,,,,,,,,,,46.99,40.6,54.78,,,,,,,,,,,,,10.51,3.16,15.3,,,,,,,,,,,,,12.16,5.28,18.24,,,,,,,,,,1.84,-5.28,7.45,,,,,,,,,,,,,,,,,,,,,,,,,,,,,,,,,,,
2013-09-05,27.27,19.95,32.24,,,,,,,,,,,,,47.1,40.92,54.78,,,,,,,,,,,,,10.45,3.26,15.31,,,,,,,,,,,,,12.18,5.49,18.21,,,,,,,,,,1.82,-5.12,7.45,,,,,,,,,,,,,,,,,,,,,,,,,,,,,,,,,,,
2013-09-06,27.19,20.0,32.12,,,,,,,,,,,,,47.21,40.9,54.78,,,,,,,,,,,,,10.39,3.3,15.18,,,,,,,,,,,,,12.2,5.68,18.14,,,,,,,,,,1.8,-4.99,7.45,,,,,,,,,,,,,,,,,,,,,,,,,,,,,,,,,,,
2013-09-07,27.12,19.95,32.12,,,,,,,,,,,,,47.33,40.88,54.78,,,,,,,,,,,,,10.34,3.18,15.12,,,,,,,,,,,,,12.22,5.78,18.09,,,,,,,,,,1.78,-4.86,7.45,,,,,,,,,,,,,,,,,,,,,,,,,,,,,,,,,,,
2013-09-08,27.04,19.89,32.12,,,,,,,,,,,,,47.44,40.94,54.78,,,,,,,,,,,,,10.28,3.22,15.12,,,,,,,,,,,,,12.24,5.74,18.04,,,,,,,,,,1.76,-4.74,7.23,,,,,,,,,,,,,,,,,,,,,,,,,,,,,,,,,,,
2013-09-09,26.96,19.89,32.12,,,,,,,,,,,,,47.56,41.11,54.78,,,,,,,,,,,,,10.22,3.25,15.12,,,,,,,,,,,,,12.26,5.8,18.03,,,,,,,,,,1.74,-4.6,6.99,,,,,,,,,,,,,,,,,,,,,,,,,,,,,,,,,,,
2013-09-10,26.88,19.89,31.9,,,,,,,,,,,,,47.69,41.11,54.78,,,,,,,,,,,,,10.16,3.29,15.12,,,,,,,,,,,,,12.28,5.79,18.03,,,,,,,,,,1.72,-4.76,6.75,,,,,,,,,,,,,,,,,,,,,,,,,,,,,,,,,,,
2013-09-11,26.79,19.8,31.6,,,,,,,,,,,,,47.81,41.11,54.78,,,,,,,,,,,,,10.1,3.1,15.04,,,,,,,,,,,,,12.3,5.68,18.03,,,,,,,,,,1.7,-4.92,6.58,,,,,,,,,,,,,,,,,,,,,,,,,,,,,,,,,,,
2013-09-12,26.71,19.58,31.29,,,,,,,,,,,,,47.93,41.11,54.76,,,,,,,,,,,,,10.03,2.99,15.04,,,,,,,,,,,,,12.32,5.56,18.03,,,,,,,,,,1.68,-5.08,6.6,,,,,,,,,,,,,,,,,,,,,,,,,,,,,,,,,,,
2013-09-13,26.63,19.35,31.1,,,,,,,,,,,,,48.06,41.11,54.76,,,,,,,,,,,,,9.97,2.99,14.61,,,,,,,,,,,,,12.34,5.44,17.74,,,,,,,,,,1.66,-5.18,6.63,,,,,,,,,,,,,,,,,,,,,,,,,,,,,,,,,,,
2013-09-14,26.55,19.13,31.04,,,,,,,,,,,,,48.18,41.14,54.76,,,,,,,,,,,,,9.91,2.86,14.59,,,,,,,,,,,,,12.36,5.34,17.68,,,,,,,,,,1.64,-5.1,6.32,,,,,,,,,,,,,,,,,,,,,,,,,,,,,,,,,,,
2013-09-15,26.46,18.99,31.04,,,,,,,,,,,,,48.31,41.12,54.76,,,,,,,,,,,,,9.85,2.86,14.61,,,,,,,,,,,,,12.38,5.45,17.61,,,,,,,,,,1.62,-5.1,6.38,,,,,,,,,,,,,,,,,,,,,,,,,,,,,,,,,,,
2013-09-16,26.38,18.99,31.04,,,,,,,,,,,,,48.43,41.11,54.76,,,,,,,,,,,,,9.78,2.86,14.64,,,,,,,,,,,,,12.41,5.56,17.54,,,,,,,,,,1.59,-5.19,6.45,,,,,,,,,,,,,,,,,,,,,,,,,,,,,,,,,,,
2013-09-17,26.29,18.86,31.04,,,,,,,,,,,,,48.56,41.11,54.76,,,,,,,,,,,,,9.72,2.86,14.66,,,,,,,,,,,,,12.43,5.58,17.47,,,,,,,,,,1.57,-5.27,6.52,,,,,,,,,,,,,,,,,,,,,,,,,,,,,,,,,,,
2013-09-18,26.21,18.86,31.04,,,,,,,,,,,,,48.68,41.23,54.76,,,,,,,,,,,,,9.66,2.74,14.69,,,,,,,,,,,,,12.45,5.53,17.5,,,,,,,,,,1.55,-5.36,6.58,,,,,,,,,,,,,,,,,,,,,,,,,,,,,,,,,,,
2013-09-19,26.13,18.86,31.04,,,,,,,,,,,,,48.81,41.26,54.76,,,,,,,,,,,,,9.59,2.61,14.71,,,,,,,,,,,,,12.47,5.56,17.58,,,,,,,,,,1.53,-5.45,6.65,,,,,,,,,,,,,,,,,,,,,,,,,,,,,,,,,,,
2013-09-20,26.04,18.86,31.04,,,,,,,,,,,,,48.94,41.34,54.78,,,,,,,,,,,,,9.53,2.48,14.73,,,,,,,,,,,,,12.49,5.71,17.67,,,,,,,,,,1.51,-5.54,6.6,,,,,,,,,,,,,,,,,,,,,,,,,,,,,,,,,,,
2013-09-21,25.96,18.84,31.04,,,,,,,,,,,,,49.06,41.42,54.78,,,,,,,,,,,,,9.47,2.35,14.76,,,,,,,,,,,,,12.51,5.71,17.68,,,,,,,,,,1.49,-5.48,6.48,,,,,,,,,,,,,,,,,,,,,,,,,,,,,,,,,,,
2013-09-22,25.87,18.69,31.04,,,,,,,,,,,,,49.19,41.51,54.82,,,,,,,,,,,,,9.41,2.24,14.64,,,,,,,,,,,,,12.53,5.7,17.73,,,,,,,,,,1.47,-5.37,6.36,,,,,,,,,,,,,,,,,,,,,,,,,,,,,,,,,,,
2013-09-23,25.79,18.6,31.04,,,,,,,,,,,,,49.32,41.6,55.03,,,,,,,,,,,,,9.34,2.31,14.48,,,,,,,,,,,,,12.55,5.69,17.79,,,,,,,,,,1.45,-5.26,6.37,,,,,,,,,,,,,,,,,,,,,,,,,,,,,,,,,,,
2013-09-24,25.71,18.66,30.91,,,,,,,,,,,,,49.44,41.69,55.21,,,,,,,,,,,,,9.28,2.39,14.45,,,,,,,,,,,,,12.57,5.68,17.84,,,,,,,,,,1.43,-5.16,6.39,,,,,,,,,,,,,,,,,,,,,,,,,,,,,,,,,,,
2013-09-25,25.62,18.71,30.71,,,,,,,,,,,,,49.57,41.79,55.4,,,,,,,,,,,,,9.22,2.46,14.45,,,,,,,,,,,,,12.59,5.67,17.9,,,,,,,,,,1.41,-5.17,6.4,,,,,,,,,,,,,,,,,,,,,,,,,,,,,,,,,,,
2013-09-26,25.54,18.76,30.59,,,,,,,,,,,,,49.69,41.89,55.58,,,,,,,,,,,,,9.15,2.52,14.4,,,,,,,,,,,,,12.62,5.66,17.95,,,,,,,,,,1.38,-5.23,6.29,,,,,,,,,,,,,,,,,,,,,,,,,,,,,,,,,,,
2013-09-27,25.45,18.81,30.59,,,,,,,,,,,,,49.82,41.99,55.76,,,,,,,,,,,,,9.09,2.59,14.22,,,,,,,,,,,,,12.64,5.65,18.0,,,,,,,,,,1.36,-5.28,6.31,,,,,,,,,,,,,,,,,,,,,,,,,,,,,,,,,,,
2013-09-28,25.37,18.86,30.55,,,,,,,,,,,,,49.94,42.09,55.93,,,,,,,,,,,,,9.03,2.66,14.04,,,,,,,,,,,,,12.66,5.64,18.03,,,,,,,,,,1.34,-5.34,6.38,,,,,,,,,,,,,,,,,,,,,,,,,,,,,,,,,,,
2013-09-29,25.29,18.86,30.58,,,,,,,,,,,,,50.07,42.2,56.1,,,,,,,,,,,,,8.97,2.58,14.1,,,,,,,,,,,,,12.68,5.63,18.08,,,,,,,,,,1.32,-5.39,6.44,,,,,,,,,,,,,,,,,,,,,,,,,,,,,,,,,,,
2013-09-30,25.21,18.86,30.59,,,,,,,,,,,,,50.19,42.3,56.26,,,,,,,,,,,,,8.9,2.47,14.22,,,,,,,,,,,,,12.7,5.62,18.18,,,,,,,,,,1.3,-5.45,6.49,,,,,,,,,,,,,,,,,,,,,,,,,,,,,,,,,,,
2013-10-01,25.12,18.8,30.59,,,,,,,,,,,,,50.31,42.38,56.42,,,,,,,,,,,,,8.84,2.36,14.34,,,,,,,,,,,,,12.72,5.61,18.24,,,,,,,,,,1.28,-5.51,6.56,,,,,,,,,,,,,,,,,,,,,,,,,,,,,,,,,,,
2013-10-02,25.04,18.67,30.59,,,,,,,,,,,,,50.44,42.38,56.57,,,,,,,,,,,,,8.78,2.25,14.45,,,,,,,,,,,,,12.74,5.6,18.32,,,,,,,,,,1.26,-5.57,6.64,,,,,,,,,,,,,,,,,,,,,,,,,,,,,,,,,,,
2013-10-03,24.96,18.53,30.59,,,,,,,,,,,,,50.56,42.38,56.72,,,,,,,,,,,,,8.72,2.14,14.45,,,,,,,,,,,,,12.76,5.59,18.4,,,,,,,,,,1.24,-5.64,6.81,,,,,,,,,,,,,,,,,,,,,,,,,,,,,,,,,,,
2013-10-04,24.88,18.39,30.59,,,,,,,,,,,,,50.67,42.38,56.86,,,,,,,,,,,,,8.66,2.02,14.45,,,,,,,,,,,,,12.78,5.57,18.48,,,,,,,,,,1.22,-5.7,6.91,,,,,,,,,,,,,,,,,,,,,,,,,,,,,,,,,,,
2013-10-05,24.81,18.24,30.59,,,,,,,,,,,,,50.79,42.38,57.0,,,,,,,,,,,,,8.61,1.91,14.45,,,,,,,,,,,,,12.8,5.56,18.56,,,,,,,,,,1.2,-5.77,7.01,,,,,,,,,,,,,,,,,,,,,,,,,,,,,,,,,,,
2013-10-06,24.73,18.1,30.59,,,,,,,,,,,,,50.9,42.38,57.03,,,,,,,,,,,,,8.55,1.79,14.45,,,,,,,,,,,,,12.82,5.55,18.75,,,,,,,,,,1.18,-5.83,7.1,,,,,,,,,,,,,,,,,,,,,,,,,,,,,,,,,,,
2013-10-07,24.66,17.95,30.59,,,,,,,,,,,,,51.01,42.38,57.03,,,,,,,,,,,,,8.49,1.67,14.45,,,,,,,,,,,,,12.84,5.54,18.99,,,,,,,,,,1.16,-5.9,7.18,,,,,,,,,,,,,,,,,,,,,,,,,,,,,,,,,,,
2013-10-08,24.59,17.8,30.59,,,,,,,,,,,,,51.12,42.38,57.05,,,,,,,,,,,,,8.44,1.55,14.45,,,,,,,,,,,,,12.85,5.53,19.16,,,,,,,,,,1.15,-5.96,7.27,,,,,,,,,,,,,,,,,,,,,,,,,,,,,,,,,,,
2013-10-09,24.52,17.66,30.59,,,,,,,,,,,,,51.22,42.38,57.21,,,,,,,,,,,,,8.39,1.43,14.45,,,,,,,,,,,,,12.87,5.51,19.25,,,,,,,,,,1.13,-6.03,7.34,,,,,,,,,,,,,,,,,,,,,,,,,,,,,,,,,,,
2013-10-10,24.45,17.5,30.59,,,,,,,,,,,,,51.32,42.38,57.21,,,,,,,,,,,,,8.34,1.3,14.49,,,,,,,,,,,,,12.89,5.48,19.33,,,,,,,,,,1.11,-6.11,7.41,,,,,,,,,,,,,,,,,,,,,,,,,,,,,,,,,,,
2013-10-11,24.39,17.13,30.75,,,,,,,,,,,,,51.41,42.38,57.35,,,,,,,,,,,,,8.29,0.96,14.58,,,,,,,,,,,,,12.9,5.25,19.41,,,,,,,,,,1.1,-6.4,7.45,,,,,,,,,,,,,,,,,,,,,,,,,,,,,,,,,,,
2013-10-12,24.33,16.78,30.91,,,,,,,,,,,,,51.5,42.38,57.64,,,,,,,,,,,,,8.25,0.63,14.75,,,,,,,,,,,,,12.92,5.01,19.45,,,,,,,,,,1.08,-6.68,7.45,,,,,,,,,,,,,,,,,,,,,,,,,,,,,,,,,,,
2013-10-13,24.28,16.45,31.04,,,,,,,,,,,,,51.58,42.38,57.85,,,,,,,,,,,,,8.21,0.32,14.92,,,,,,,,,,,,,12.93,4.8,19.45,,,,,,,,,,1.07,-6.94,7.59,,,,,,,,,,,,,,,,,,,,,,,,,,,,,,,,,,,
2013-10-14,24.23,16.13,31.04,,,,,,,,,,,,,51.66,42.38,58.11,,,,,,,,,,,,,8.17,0.02,15.04,,,,,,,,,,,,,12.94,4.59,19.6,,,,,,,,,,1.06,-7.19,7.64,,,,,,,,,,,,,,,,,,,,,,,,,,,,,,,,,,,
2013-10-15,24.18,15.84,31.04,,,,,,,,,,,,,51.72,42.38,58.44,,,,,,,,,,,,,8.14,-0.25,15.04,,,,,,,,,,,,,12.95,4.41,19.66,,,,,,,,,,1.05,-7.43,7.69,,,,,,,,,,,,,,,,,,,,,,,,,,,,,,,,,,,
2013-10-16,24.14,15.57,31.04,,,,,,,,,,,,,51.78,42.38,58.45,,,,,,,,,,,,,8.11,-0.47,15.04,,,,,,,,,,,,,12.96,4.39,19.7,,,,,,,,,,1.04,-7.54,7.73,,,,,,,,,,,,,,,,,,,,,,,,,,,,,,,,,,,
2013-10-17,24.11,15.5,31.04,,,,,,,,,,,,,51.84,42.38,58.45,,,,,,,,,,,,,8.08,-0.52,15.04,,,,,,,,,,,,,12.97,4.37,19.74,,,,,,,,,,1.03,-7.58,7.76,,,,,,,,,,,,,,,,,,,,,,,,,,,,,,,,,,,
2013-10-18,24.08,15.45,31.04,,,,,,,,,,,,,51.88,42.38,58.45,,,,,,,,,,,,,8.06,-0.57,15.04,,,,,,,,,,,,,12.98,4.35,19.77,,,,,,,,,,1.02,-7.61,7.79,,,,,,,,,,,,,,,,,,,,,,,,,,,,,,,,,,,
2013-10-19,24.06,15.41,31.04,,,,,,,,,,,,,51.92,42.38,58.45,,,,,,,,,,,,,8.04,-0.61,15.04,,,,,,,,,,,,,12.99,4.34,19.8,,,,,,,,,,1.01,-7.64,7.81,,,,,,,,,,,,,,,,,,,,,,,,,,,,,,,,,,,
2013-10-20,24.04,15.86,31.68,,,,,,,,,,,,,51.94,41.88,59.09,,,,,,,,,,,,,8.03,-0.15,15.53,,,,,,,,,,,,,12.99,4.18,20.1,,,,,,,,,,1.01,-7.15,8.36,,,,,,,,,,,,,,,,,,,,,,,,,,,,,,,,,,,
2013-10-21,24.02,16.06,31.79,,,,,,,,,,,,,51.97,41.16,59.02,,,,,,,,,,,,,8.02,0.06,15.63,,,,,,,,,,,,,12.99,4.39,20.03,,,,,,,,,,1.01,-6.94,8.31,,,,,,,,,,,,,,,,,,,,,,,,,,,,,,,,,,,
2013-10-22,24.01,16.07,31.81,,,,,,,,,,,,,51.98,41.18,59.02,,,,,,,,,,,,,8.01,0.07,15.47,,,,,,,,,,,,,13.0,5.07,20.02,,,,,,,,,,1.0,-6.93,8.31,,,,,,,,,,,,,,,,,,,,,,,,,,,,,,,,,,,
2013-10-23,24.01,16.09,31.46,,,,,,,,,,,,,51.98,42.15,59.02,,,,,,,,,,,,,8.01,0.1,15.32,,,,,,,,,,,,,13.0,5.09,20.02,,,,,,,,,,1.0,-6.91,8.02,,,,,,,,,,,,,,,,,,,,,,,,,,,,,,,,,,,
2013-10-24,24.01,16.14,31.46,,,,,,,,,,,,,51.98,41.3,59.02,,,,,,,,,,,,,8.01,0.14,15.62,,,,,,,,,,,,,13.0,5.13,20.02,,,,,,,,,,1.0,-6.87,8.02,,,,,,,,,,,,,,,,,,,,,,,,,,,,,,,,,,,
2013-10-25,24.01,16.2,31.62,,,,,,,,,,,,,51.97,41.18,59.02,,,,,,,,,,,,,8.02,0.21,15.62,,,,,,,,,,,,,13.0,5.17,20.26,,,,,,,,,,1.0,-6.83,8.26,,,,,,,,,,,,,,,,,,,,,,,,,,,,,,,,,,,
2013-10-26,24.02,16.1,31.48,,,,,,,,,,,,,51.95,41.08,59.07,,,,,,,,,,,,,8.03,0.12,15.68,,,,,,,,,,,,,13.0,5.06,20.27,,,,,,,,,,1.0,-6.94,8.27,,,,,,,,,,,,,,,,,,,,,,,,,,,,,,,,,,,
2013-10-27,24.03,15.35,31.21,,,,,,,,,,,,,51.92,42.03,58.88,,,,,,,,,,,,,8.04,-0.62,15.32,,,,,,,,,,,,,13.0,4.3,19.9,,,,,,,,,,1.0,-7.7,7.9,,,,,,,,,,,,,,,,,,,,,,,,,,,,,,,,,,,
2013-10-28,24.04,15.46,31.2,,,,,,,,,,,,,51.88,42.09,58.87,,,,,,,,,,,,,8.06,-0.5,15.32,,,,,,,,,,,,,13.0,4.38,19.9,,,,,,,,,,1.0,-7.62,7.9,,,,,,,,,,,,,,,,,,,,,,,,,,,,,,,,,,,
2013-10-29,24.05,15.59,31.19,,,,,,,,,,,,,51.84,42.11,58.81,,,,,,,,,,,,,8.08,-0.36,15.29,,,,,,,,,,,,,13.0,4.48,19.88,,,,,,,,,,1.0,-7.52,7.88,,,,,,,,,,,,,,,,,,,,,,,,,,,,,,,,,,,
2013-10-30,24.07,15.73,31.18,,,,,,,,,,,,,51.79,42.11,58.72,,,,,,,,,,,,,8.1,-0.2,15.26,,,,,,,,,,,,,13.0,4.6,19.87,,,,,,,,,,1.0,-7.4,7.87,,,,,,,,,,,,,,,,,,,,,,,,,,,,,,,,,,,
2013-10-31,24.09,15.9,31.15,,,,,,,,,,,,,51.74,42.11,58.6,,,,,,,,,,,,,8.13,-0.02,15.24,,,,,,,,,,,,,13.0,4.73,19.86,,,,,,,,,,1.0,-7.27,7.86,,,,,,,,,,,,,,,,,,,,,,,,,,,,,,,,,,,
2013-11-01,24.11,16.07,31.13,,,,,,,,,,,,,51.67,42.11,58.53,,,,,,,,,,,,,8.16,0.18,15.21,,,,,,,,,,,,,13.0,4.87,19.86,,,,,,,,,,1.0,-7.13,7.86,,,,,,,,,,,,,,,,,,,,,,,,,,,,,,,,,,,
2013-11-02,24.13,16.26,31.08,,,,,,,,,,,,,51.61,42.11,58.47,,,,,,,,,,,,,8.2,0.39,15.17,,,,,,,,,,,,,13.0,5.02,19.85,,,,,,,,,,1.0,-6.98,7.85,,,,,,,,,,,,,,,,,,,,,,,,,,,,,,,,,,,
2013-11-03,24.16,16.46,31.05,,,,,,,,,,,,,51.53,42.16,58.39,,,,,,,,,,,,,8.23,0.61,15.16,,,,,,,,,,,,,13.0,5.17,19.8,,,,,,,,,,1.0,-6.83,7.8,,,,,,,,,,,,,,,,,,,,,,,,,,,,,,,,,,,
2013-11-04,24.18,16.69,31.06,,,,,,,,,,,,,51.46,42.22,58.29,,,,,,,,,,,,,8.27,0.86,15.17,,,,,,,,,,,,,13.0,5.36,19.7,,,,,,,,,,1.0,-6.64,7.7,,,,,,,,,,,,,,,,,,,,,,,,,,,,24.0,52.0,8.0,13.0,1.0,,,
2013-11-05,24.21,16.96,31.08,,,,,,,,,,,,,51.38,42.28,58.28,,,,,,,,,,,,,8.31,1.16,15.18,,,,,,,,,,,,,13.0,5.59,19.65,,,,,,,,,,1.0,-6.41,7.65,,,,,,,,,,,,,,,,,,,,,,,,,,,,,,,,,,,
2013-11-06,24.24,17.27,31.09,,,,,,,,,,,,,51.29,42.34,58.24,,,,,,,,,,,,,8.35,1.48,15.2,,,,,,,,,,,,,13.0,5.85,19.59,,,,,,,,,,1.0,-6.15,7.59,,,,,,,,,,,,,,,,,,,,,,,,,,,,,,,,,,,
2013-11-07,24.27,17.58,31.05,,,,,,,,,,,,,51.2,42.4,58.04,,,,,,,,,,,,,8.4,1.81,15.15,,,,,,,,,,,,,13.0,5.93,19.54,,,,,,,,,,1.0,-6.07,7.54,,,,,,,,,,,,,,,,,,,,,,,,,,,,,,,,,,,
2013-11-08,24.29,17.9,30.96,,,,,,,,,,,,,51.12,42.48,57.83,,,,,,,,,,,,,8.44,2.15,15.09,,,,,,,,,,,,,13.0,6.06,19.47,,,,,,,,,,1.0,-5.94,7.47,,,,,,,,,,,,,,,,,,,,,,,,,,,,,,,,,,,
2013-11-09,24.32,18.21,30.86,,,,,,,,,,,,,51.03,42.6,57.7,,,,,,,,,,,,,8.49,2.49,15.07,,,,,,,,,,,,,13.0,6.24,19.4,,,,,,,,,,1.0,-5.76,7.4,,,,,,,,,,,,,,,,,,,,,,,,,,,,,,,,,,,
2013-11-10,24.35,18.51,30.77,,,,,,,,,,,,,50.94,42.7,57.61,,,,,,,,,,,,,8.53,2.82,15.07,,,,,,,,,,,,,13.0,6.42,19.27,,,,,,,,,,1.0,-5.58,7.27,,,,,,,,,,,,,,,,,,,,,,,,,,,,,,,,,,,
2013-11-11,24.38,18.75,30.74,,,,,,,,,,,,,50.85,42.8,57.5,,,,,,,,,,,,,8.58,3.13,15.07,,,,,,,,,,,,,13.0,6.6,19.21,,,,,,,,,,1.0,-5.4,7.21,,,,,,,,,,,,,,,,,,,,,,,,,,,,,,,,,,,
2013-11-12,24.41,18.83,30.7,,,,,,,,,,,,,50.76,42.82,57.39,,,,,,,,,,,,,8.62,3.35,15.07,,,,,,,,,,,,,13.0,6.78,19.18,,,,,,,,,,1.0,-5.22,7.18,,,,,,,,,,,,,,,,,,,,,,,,,,,,,,,,,,,
2013-11-13,24.44,18.91,30.66,,,,,,,,,,,,,50.67,42.84,57.27,,,,,,,,,,,,,8.67,3.46,15.07,,,,,,,,,,,,,13.0,6.95,19.18,,,,,,,,,,1.0,-5.05,7.18,,,,,,,,,,,,,,,,,,,,,,,,,,,,,,,,,,,
2013-11-14,24.47,19.02,30.64,,,,,,,,,,,,,50.58,42.86,57.14,,,,,,,,,,,,,8.71,3.57,15.07,,,,,,,,,,,,,13.0,7.11,19.17,,,,,,,,,,1.0,-4.89,7.17,,,,,,,,,,,,,,,,,,,,,,,,,,,,,,,,,,,
2013-11-15,24.5,19.15,30.6,,,,,,,,,,,,,50.5,42.88,57.05,,,,,,,,,,,,,8.75,3.65,15.07,,,,,,,,,,,,,13.0,7.24,19.15,,,,,,,,,,1.0,-4.76,7.15,,,,,,,,,,,,,,,,,,,,,,,,,,,,,,,,,,,
2013-11-16,24.53,19.24,30.56,,,,,,,,,,,,,50.41,42.89,57.0,,,,,,,,,,,,,8.79,3.67,15.07,,,,,,,,,,,,,13.0,7.32,19.14,,,,,,,,,,1.0,-4.68,7.14,,,,,,,,,,,,,,,,,,,,,,,,,,,,,,,,,,,
2013-11-17,24.56,19.33,30.52,,,,,,,,,,,,,50.33,42.91,56.95,,,,,,,,,,,,,8.84,3.76,15.07,,,,,,,,,,,,,13.0,7.44,19.12,,,,,,,,,,1.0,-4.56,7.12,,,,,,,,,,,,,,,,,,,,,,,,,,,,,,,,,,,
2013-11-18,24.58,19.41,30.49,,,,,,,,,,,,,50.25,42.93,56.87,,,,,,,,,,,,,8.88,3.78,15.06,,,,,,,,,,,,,13.0,7.57,19.08,,,,,,,,,,1.0,-4.43,7.08,,,,,,,,,,,,,,,,,,,,,,,,,,,,,,,,,,,
2013-11-19,24.61,19.43,30.44,,,,,,,,,,,,,50.17,42.94,56.79,,,,,,,,,,,,,8.92,3.8,15.05,,,,,,,,,,,,,13.0,7.53,19.06,,,,,,,,,,1.0,-4.47,7.06,,,,,,,,,,,,,,,,,,,,,,,,,,,,,,,,,,,
2013-11-20,24.64,19.49,30.42,,,,,,,,,,,,,50.09,42.95,56.69,,,,,,,,,,,,,8.96,3.83,15.04,,,,,,,,,,,,,13.0,7.5,19.01,,,,,,,,,,1.0,-4.5,7.01,,,,,,,,,,,,,,,,,,,,,,,,,,,,,,,,,,,
2013-11-21,24.66,19.55,30.4,,,,,,,,,,,,,50.01,42.97,56.54,,,,,,,,,,,,,8.99,3.83,15.02,,,,,,,,,,,,,13.0,7.5,18.96,,,,,,,,,,1.0,-4.5,6.96,,,,,,,,,,,,,,,,,,,,,,,,,,,,,,,,,,,
2013-11-22,24.69,19.62,30.39,,,,,,,,,,,,,49.94,42.98,56.49,,,,,,,,,,,,,9.03,3.87,14.99,,,,,,,,,,,,,13.0,7.54,18.9,,,,,,,,,,1.0,-4.46,6.9,,,,,,,,,,,,,,,,,,,,,,,,,,,,,,,,,,,
2013-11-23,24.71,19.66,30.38,,,,,,,,,,,,,49.86,42.99,56.43,,,,,,,,,,,,,9.07,3.87,14.96,,,,,,,,,,,,,13.0,7.61,18.85,,,,,,,,,,1.0,-4.39,6.85,,,,,,,,,,,,,,,,,,,,,,,,,,,,,,,,,,,
2013-11-24,24.74,19.67,30.31,,,,,,,,,,,,,49.79,43.0,56.38,,,,,,,,,,,,,9.1,3.87,14.93,,,,,,,,,,,,,13.0,7.69,18.7,,,,,,,,,,1.0,-4.31,6.7,,,,,,,,,,,,,,,,,,,,,,,,,,,,,,,,,,,
2013-11-25,24.76,19.72,30.2,,,,,,,,,,,,,49.72,43.01,56.31,,,,,,,,,,,,,9.14,3.87,14.91,,,,,,,,,,,,,13.0,7.77,18.66,,,,,,,,,,1.0,-4.23,6.66,,,,,,,,,,,,,,,,,,,,,,,,,,,,,,,,,,,
2013-11-26,24.78,19.74,30.18,,,,,,,,,,,,,49.65,43.02,56.28,,,,,,,,,,,,,9.17,3.87,14.89,,,,,,,,,,,,,13.0,7.83,18.61,,,,,,,,,,1.0,-4.17,6.61,,,,,,,,,,,,,,,,,,,,,,,,,,,,,,,,,,,
2013-11-27,24.8,19.74,30.18,,,,,,,,,,,,,49.59,43.03,56.26,,,,,,,,,,,,,9.21,3.87,14.87,,,,,,,,,,,,,13.0,7.86,18.57,,,,,,,,,,1.0,-4.14,6.57,,,,,,,,,,,,,,,,,,,,,,,,,,,,,,,,,,,
2013-11-28,24.83,19.74,30.18,,,,,,,,,,,,,49.52,43.04,56.24,,,,,,,,,,,,,9.24,3.87,14.86,,,,,,,,,,,,,13.0,7.89,18.53,,,,,,,,,,1.0,-4.11,6.53,,,,,,,,,,,,,,,,,,,,,,,,,,,,,,,,,,,
2013-11-29,24.85,19.75,30.18,,,,,,,,,,,,,49.46,43.05,56.22,,,,,,,,,,,,,9.27,3.88,14.84,,,,,,,,,,,,,13.0,7.93,18.49,,,,,,,,,,1.0,-4.07,6.49,,,,,,,,,,,,,,,,,,,,,,,,,,,,,,,,,,,
2013-11-30,24.87,19.74,30.18,,,,,,,,,,,,,49.39,43.06,56.2,,,,,,,,,,,,,9.3,3.93,14.82,,,,,,,,,,,,,13.0,7.98,18.45,,,,,,,,,,1.0,-4.02,6.45,,,,,,,,,,,,,,,,,,,,,,,,,,,,,,,,,,,
2013-12-01,24.89,19.75,30.18,,,,,,,,,,,,,49.33,42.99,56.17,,,,,,,,,,,,,9.33,3.92,14.8,,,,,,,,,,,,,13.0,8.01,18.4,,,,,,,,,,1.0,-3.99,6.4,,,,,,,,,,,,,,,,,,,,,,,,,,,,,,,,,,,
2013-12-02,24.91,19.75,30.16,,,,,,,,,,,,,49.27,42.93,56.11,,,,,,,,,,,,,9.36,3.9,14.78,,,,,,,,,,,,,13.0,7.99,18.35,,,,,,,,,,1.0,-4.01,6.35,,,,,,,,,,,,,,,,,,,,,,,,,,,,,,,,,,,
2013-12-03,24.93,19.75,30.15,,,,,,,,,,,,,49.21,42.86,56.04,,,,,,,,,,,,,9.4,3.93,14.76,,,,,,,,,,,,,13.0,8.0,18.3,,,,,,,,,,1.0,-4.0,6.3,,,,,,,,,,,,,,,,,,,,,,,,,,,,,,,,,,,
2013-12-04,24.95,19.8,30.14,,,,,,,,,,,,,49.15,42.78,56.0,,,,,,,,,,,,,9.43,3.93,14.75,,,,,,,,,,,,,13.0,7.96,18.25,,,,,,,,,,1.0,-4.04,6.25,,,,,,,,,,,,,,,,,,,,,,,,,,,,,,,,,,,
2013-12-05,24.97,19.8,30.12,,,,,,,,,,,,,49.09,42.72,55.97,,,,,,,,,,,,,9.46,3.93,14.73,,,,,,,,,,,,,13.0,7.93,18.22,,,,,,,,,,1.0,-4.07,6.22,,,,,,,,,,,,,,,,,,,,,,,,,,,,,,,,,,,
2013-12-06,24.99,19.8,30.1,,,,,,,,,,,,,49.03,42.65,55.94,,,,,,,,,,,,,9.49,3.93,14.71,,,,,,,,,,,,,13.0,7.92,18.2,,,,,,,,,,1.0,-4.08,6.2,,,,,,,,,,,,,,,,,,,,,,,,,,,,,,,,,,,
2013-12-07,25.01,19.8,30.1,,,,,,,,,,,,,48.97,42.58,55.92,,,,,,,,,,,,,9.51,3.93,14.71,,,,,,,,,,,,,13.0,7.9,18.18,,,,,,,,,,1.0,-4.1,6.18,,,,,,,,,,,,,,,,,,,,,,,,,,,,,,,,,,,
2013-12-08,25.03,19.81,30.14,,,,,,,,,,,,,48.91,42.51,55.88,,,,,,,,,,,,,9.54,3.93,14.78,,,,,,,,,,,,,13.0,7.88,18.15,,,,,,,,,,1.0,-4.12,6.15,,,,,,,,,,,,,,,,,,,,,,,,,,,,,,,,,,,
2013-12-09,25.05,19.81,30.18,,,,,,,,,,,,,48.85,42.44,55.86,,,,,,,,,,,,,9.57,3.93,14.85,,,,,,,,,,,,,13.0,7.86,18.18,,,,,,,,,,1.0,-4.14,6.18,,,,,,,,,,,,,,,,,,,,,,,,,,,,,,,,,,,
2013-12-10,25.07,19.82,30.18,,,,,,,,,,,,,48.79,42.4,55.82,,,,,,,,,,,,,9.6,3.93,14.92,,,,,,,,,,,,,13.0,7.84,18.15,,,,,,,,,,1.0,-4.16,6.15,,,,,,,,,,,,,,,,,,,,,,,,,,,,,,,,,,,
2013-12-11,25.09,19.83,30.18,,,,,,,,,,,,,48.73,42.36,55.8,,,,,,,,,,,,,9.64,3.93,14.97,,,,,,,,,,,,,13.0,7.83,18.13,,,,,,,,,,1.0,-4.17,6.13,,,,,,,,,,,,,,,,,,,,,,,,,,,,,,,,,,,
2013-12-12,25.11,19.83,30.18,,,,,,,,,,,,,48.67,42.32,55.77,,,,,,,,,,,,,9.67,3.93,14.99,,,,,,,,,,,,,13.0,7.82,18.11,,,,,,,,,,1.0,-4.18,6.11,,,,,,,,,,,,,,,,,,,,,,,,,,,,,,,,,,,
2013-12-13,25.13,19.83,30.21,,,,,,,,,,,,,48.61,42.28,55.74,,,,,,,,,,,,,9.7,3.93,14.99,,,,,,,,,,,,,13.0,7.8,18.1,,,,,,,,,,1.0,-4.2,6.1,,,,,,,,,,,,,,,,,,,,,,,,,,,,,,,,,,,
2013-12-14,25.15,19.83,30.27,,,,,,,,,,,,,48.54,42.24,55.71,,,,,,,,,,,,,9.73,3.93,14.99,,,,,,,,,,,,,13.0,7.79,18.16,,,,,,,,,,1.0,-4.21,6.16,,,,,,,,,,,,,,,,,,,,,,,,,,,,,,,,,,,
2013-12-15,25.17,19.84,30.31,,,,,,,,,,,,,48.48,42.2,55.68,,,,,,,,,,,,,9.76,3.93,15.01,,,,,,,,,,,,,13.0,7.78,18.2,,,,,,,,,,1.0,-4.22,6.2,,,,,,,,,,,,,,,,,,,,,,,,,,,,,,,,,,,
2013-12-16,25.2,19.84,30.35,,,,,,,,,,,,,48.41,42.21,55.66,,,,,,,,,,,,,9.79,3.93,15.07,,,,,,,,,,,,,13.0,7.73,18.24,,,,,,,,,,1.0,-4.27,6.24,,,,,,,,,,,,,,,,,,,,,,,,,,,,,,,,,,,
2013-12-17,25.22,19.81,31.08,,,,,,,,,,,,,48.35,41.55,56.25,,,,,,,,,,,,,9.83,3.87,15.64,,,,,,,,,,,,,13.0,7.47,19.34,,,,,,,,,,1.0,-4.53,7.34,,,,,,,,,,,,,,,,,,,,,,,,,,,,,,,,,,,
2013-12-18,25.24,19.82,31.62,,,,,,,,,,,,,48.28,41.44,56.19,,,,,,,,,,,,,9.86,3.88,15.63,,,,,,,,,,,,,13.0,7.47,19.25,,,,,,,,,,1.0,-4.5,7.25,,,,,,,,,,,,,,,,,,,,,,,,,,,,,,,,,,,
2013-12-19,25.27,19.76,31.62,,,,,,,,,,,,,48.21,41.33,56.18,,,,,,,,,,,,,9.9,3.89,15.63,,,,,,,,,,,,,13.0,7.48,19.25,,,,,,,,,,1.0,-4.51,7.25,,,,,,,,,,,,,,,,,,,,,,,,,,,,,,,,,,,
2013-12-20,25.29,19.76,31.63,,,,,,,,,,,,,48.13,41.32,56.16,,,,,,,,,,,,,9.93,3.89,15.68,,,,,,,,,,,,,13.0,7.39,19.25,,,,,,,,,,1.0,-4.48,7.25,,,,,,,,,,,,,,,,,,,,,,,,,,,,,,,,,,,
2013-12-21,25.32,19.76,31.64,,,,,,,,,,,,,48.06,41.33,56.13,,,,,,,,,,,,,9.97,3.95,15.81,,,,,,,,,,,,,13.0,7.38,19.26,,,,,,,,,,1.0,-4.51,7.26,,,,,,,,,,,,,,,,,,,,,,,,,,,,,,,,,,,
2013-12-22,25.35,19.76,31.65,,,,,,,,,,,,,47.97,41.34,56.08,,,,,,,,,,,,,10.01,3.95,15.95,,,,,,,,,,,,,13.0,7.37,19.29,,,,,,,,,,1.0,-4.54,7.29,,,,,,,,,,,,,,,,,,,,,,,,,,,,,,,,,,,
2013-12-23,25.39,19.77,31.75,,,,,,,,,,,,,47.89,41.35,56.0,,,,,,,,,,,,,10.05,3.96,16.08,,,,,,,,,,,,,12.99,7.37,19.37,,,,,,,,,,1.0,-4.58,7.37,,,,,,,,,,,,,,,,,,,,,,,,,,,,,,,,,,,
2013-12-24,25.43,19.76,31.86,,,,,,,,,,,,,47.8,41.36,55.99,,,,,,,,,,,,,10.09,3.96,16.04,,,,,,,,,,,,,12.99,7.38,19.29,,,,,,,,,,1.0,-4.5,7.35,,,,,,,,,,,,,,,,,,,,,,,,,,,,,,,,,,,
2013-12-25,25.48,19.76,31.96,,,,,,,,,,,,,47.7,41.37,55.98,,,,,,,,,,,,,10.14,3.94,16.0,,,,,,,,,,,,,12.99,7.37,19.31,,,,,,,,,,1.0,-4.54,7.31,,,,,,,,,,,,,,,,,,,,,,,,,,,,,,,,,,,
2013-12-26,25.53,19.76,31.97,,,,,,,,,,,,,47.6,41.23,55.97,,,,,,,,,,,,,10.18,3.97,15.95,,,,,,,,,,,,,12.98,7.37,19.42,,,,,,,,,,1.0,-4.59,7.42,,,,,,,,,,,,,,,,,,,,,,,,,,,,,,,,,,,
2013-12-27,25.59,19.76,32.03,,,,,,,,,,,,,47.5,41.17,55.96,,,,,,,,,,,,,10.23,3.94,15.88,,,,,,,,,,,,,12.97,7.37,19.37,,,,,,,,,,1.0,-4.63,7.42,,,,,,,,,,,,,,,,,,,,,,,,,,,,,,,,,,,
2013-12-28,25.65,19.76,32.06,,,,,,,,,,,,,47.39,41.17,55.55,,,,,,,,,,,,,10.27,3.94,15.82,,,,,,,,,,,,,12.97,7.3,19.25,,,,,,,,,,1.0,-4.68,7.26,,,,,,,,,,,,,,,,,,,,,,,,,,,,,,,,,,,
2013-12-29,25.72,19.8,32.04,,,,,,,,,,,,,47.27,41.18,55.2,,,,,,,,,,,,,10.32,3.93,15.74,,,,,,,,,,,,,12.96,7.27,19.24,,,,,,,,,,1.0,-4.62,7.24,,,,,,,,,,,,,,,,,,,,,,,,,,,,,,,,,,,
2013-12-30,25.79,19.82,32.02,,,,,,,,,,,,,47.16,41.18,55.19,,,,,,,,,,,,,10.37,3.92,15.69,,,,,,,,,,,,,12.95,7.23,19.23,,,,,,,,,,1.0,-4.61,7.23,,,,,,,,,,,,,,,,,,,,,,,,,,,,,,,,,,,
2013-12-31,25.86,19.82,32.01,,,,,,,,,,,,,47.04,41.18,55.19,,,,,,,,,,,,,10.42,4.16,15.69,,,,,,,,,,,,,12.94,7.18,19.08,,,,,,,,,,1.0,-4.61,7.23,,,,,,,,,,,,,,,,,,,,,,,,,,,,,,,,,,,
2014-01-01,25.94,19.82,31.99,,,,,,,,,,,,,46.92,41.17,54.85,,,,,,,,,,,,,10.47,4.18,15.7,,,,,,,,,,,,,12.93,7.13,18.77,,,,,,,,,,1.0,-4.62,7.06,,,,,,,,,,,,,,,,,,,,,,,,,,,,,,,,,,,
2014-01-02,26.03,19.82,31.97,,,,,,,,,,,,,46.79,41.13,54.59,,,,,,,,,,,,,10.52,4.18,15.69,,,,,,,,,,,,,12.91,7.09,18.45,,,,,,,,,,1.0,-4.62,6.78,,,,,,,,,,,,,,,,,,,,,,,,,,,,,,,,,,,
2014-01-03,26.11,19.87,31.97,,,,,,,,,,,,,46.67,41.0,54.43,,,,,,,,,,,,,10.56,4.18,15.67,,,,,,,,,,,,,12.9,7.07,18.34,,,,,,,,,,1.0,-4.62,6.48,,,,,,,,,,,,,,,,,,,,,,,,,,,,,,,,,,,
2014-01-04,26.2,19.89,31.98,,,,,,,,,,,,,46.55,40.87,54.44,,,,,,,,,,,,,10.61,4.19,15.64,,,,,,,,,,,,,12.88,7.17,18.24,,,,,,,,,,1.0,-4.62,6.38,,,,,,,,,,,,,,,,,,,,,,,,,,,,,,,,,,,
2014-01-05,26.29,19.9,32.02,,,,,,,,,,,,,46.43,40.73,53.94,,,,,,,,,,,,,10.65,4.25,15.61,,,,,,,,,,,,,12.87,7.26,18.15,,,,,,,,,,1.0,-4.61,6.29,,,,,,,,,,,,,,,,,,,,,,,,,,,,,,,,,,,
2014-01-06,26.38,20.09,32.06,,,,,,,,,,,,,46.31,40.54,53.42,,,,,,,,,,,,,10.7,4.41,15.65,,,,,,,,,,,,,12.85,7.0,18.06,,,,,,,,,,1.0,-4.62,6.22,,,,,,,,,,,,,,,,,,,,,,,,,,,,,,,,,,,
2014-01-07,26.47,20.12,32.1,,,,,,,,,,,,,46.2,40.42,53.37,,,,,,,,,,,,,10.74,4.48,15.62,,,,,,,,,,,,,12.84,7.0,17.96,,,,,,,,,,1.0,-4.62,6.14,,,,,,,,,,,,,,,,,,,,,,,,,,,,,,,,,,,
2014-01-08,26.56,20.02,32.33,,,,,,,,,,,,,46.09,40.37,53.33,,,,,,,,,,,,,10.78,4.24,15.62,,,,,,,,,,,,,12.82,7.0,17.88,,,,,,,,,,1.0,-4.62,6.07,,,,,,,,,,,,,,,,,,,,,,,,,,,,26.0,46.0,11.0,13.0,1.0,,,
2014-01-09,26.65,19.9,32.33,,,,,,,,,,,,,45.99,40.37,53.27,,,,,,,,,,,,,10.81,4.2,15.69,,,,,,,,,,,,,12.81,7.0,17.88,,,,,,,,,,1.0,-4.63,6.08,,,,,,,,,,,,,,,,,,,,,,,,,,,,,,,,,,,
2014-01-10,26.73,19.9,32.51,,,,,,,,,,,,,45.89,40.31,53.04,,,,,,,,,,,,,10.84,4.2,15.76,,,,,,,,,,,,,12.79,7.09,17.91,,,,,,,,,,1.0,-4.63,6.01,,,,,,,,,,,,,,,,,,,,,,,,,,,,,,,,,,,
2014-01-11,26.82,19.9,33.22,,,,,,,,,,,,,45.8,40.24,53.02,,,,,,,,,,,,,10.87,4.2,15.81,,,,,,,,,,,,,12.77,7.22,17.93,,,,,,,,,,1.0,-4.62,6.15,,,,,,,,,,,,,,,,,,,,,,,,,,,,,,,,,,,
2014-01-12,26.9,19.9,33.33,,,,,,,,,,,,,45.72,40.17,53.01,,,,,,,,,,,,,10.9,4.2,15.92,,,,,,,,,,,,,12.76,7.35,18.05,,,,,,,,,,1.0,-4.62,6.19,,,,,,,,,,,,,,,,,,,,,,,,,,,,,,,,,,,
2014-01-13,26.97,19.9,33.47,,,,,,,,,,,,,45.64,40.13,53.0,,,,,,,,,,,,,10.92,4.2,15.98,,,,,,,,,,,,,12.74,7.34,17.97,,,,,,,,,,1.0,-4.61,6.2,,,,,,,,,,,,,,,,,,,,,,,,,,,,,,,,,,,
2014-01-14,27.05,19.9,33.61,,,,,,,,,,,,,45.57,40.11,52.99,,,,,,,,,,,,,10.94,4.2,16.05,,,,,,,,,,,,,12.73,7.32,17.98,,,,,,,,,,1.0,-4.57,6.25,,,,,,,,,,,,,,,,,,,,,,,,,,,,,,,,,,,
2014-01-15,27.11,19.9,33.53,,,,,,,,,,,,,45.51,40.05,52.98,,,,,,,,,,,,,10.96,4.2,16.09,,,,,,,,,,,,,12.71,7.3,17.98,,,,,,,,,,1.0,-4.49,6.28,,,,,,,,,,,,,,,,,,,,,,,,,,,,,,,,,,,
2014-01-16,27.18,19.9,33.47,,,,,,,,,,,,,45.46,39.63,52.98,,,,,,,,,,,,,10.97,4.2,16.16,,,,,,,,,,,,,12.7,7.29,18.0,,,,,,,,,,1.0,-4.39,6.3,,,,,,,,,,,,,,,,,,,,,,,,,,,,,,,,,,,
2014-01-17,27.24,19.9,33.45,,,,,,,,,,,,,45.41,39.6,52.96,,,,,,,,,,,,,10.98,4.2,16.25,,,,,,,,,,,,,12.69,7.28,18.01,,,,,,,,,,1.0,-4.32,6.33,,,,,,,,,,,,,,,,,,,,,,,,,,,,,,,,,,,
2014-01-18,27.29,19.9,33.46,,,,,,,,,,,,,45.37,39.57,52.92,,,,,,,,,,,,,10.99,4.2,16.29,,,,,,,,,,,,,12.67,7.27,18.02,,,,,,,,,,1.0,-4.51,6.35,,,,,,,,,,,,,,,,,,,,,,,,,,,,,,,,,,,
2014-01-19,27.35,19.9,33.49,,,,,,,,,,,,,45.34,39.54,52.89,,,,,,,,,,,,,10.99,4.2,16.33,,,,,,,,,,,,,12.66,7.26,18.03,,,,,,,,,,1.0,-4.6,6.36,,,,,,,,,,,,,,,,,,,,,,,,,,,,,,,,,,,
2014-01-20,27.39,19.9,33.51,,,,,,,,,,,,,45.31,39.52,52.87,,,,,,,,,,,,,11.0,4.2,16.36,,,,,,,,,,,,,12.65,7.26,18.06,,,,,,,,,,1.0,-4.6,6.38,,,,,,,,,,,,,,,,,,,,,,,,,,,,,,,,,,,
2014-01-21,27.44,19.9,33.53,,,,,,,,,,,,,45.28,39.5,52.84,,,,,,,,,,,,,11.0,4.23,16.37,,,,,,,,,,,,,12.64,7.26,18.07,,,,,,,,,,1.0,-4.6,6.39,,,,,,,,,,,,,,,,,,,,,,,,,,,,,,,,,,,
2014-01-22,27.48,19.9,33.55,,,,,,,,,,,,,45.26,39.5,52.81,,,,,,,,,,,,,11.0,4.26,16.37,,,,,,,,,,,,,12.63,7.25,18.08,,,,,,,,,,1.0,-4.6,6.4,,,,,,,,,,,,,,,,,,,,,,,,,,,,,,,,,,,
2014-01-23,27.52,21.3,33.91,,,,,,,,,,,,,45.24,39.48,50.43,,,,,,,,,,,,,11.0,5.3,16.4,,,,,,,,,,,,,12.62,7.09,18.05,,,,,,,,,,1.0,-4.7,6.4,,,,,,,,,,,,,,,,,,,,,,,,,,,,,,,,,,,
2014-01-24,27.56,22.25,33.03,,,,,,,,,,,,,45.22,40.06,49.97,,,,,,,,,,,,,11.0,6.1,15.92,,,,,,,,,,,,,12.61,7.34,17.35,,,,,,,,,,1.0,-3.9,5.92,,,,,,,,,,,,,,,,,,,,,,,,,,,,,,,,,,,
2014-01-25,27.6,22.28,33.06,,,,,,,,,,,,,45.2,40.06,50.0,,,,,,,,,,,,,11.0,6.1,15.91,,,,,,,,,,,,,12.6,7.34,17.36,,,,,,,,,,1.0,-3.9,5.91,,,,,,,,,,,,,,,,,,,,,,,,,,,,,,,,,,,
2014-01-26,27.64,22.3,33.08,,,,,,,,,,,,,45.18,40.06,50.01,,,,,,,,,,,,,11.0,6.1,15.9,,,,,,,,,,,,,12.59,7.34,17.37,,,,,,,,,,1.0,-3.9,5.9,,,,,,,,,,,,,,,,,,,,,,,,,,,,,,,,,,,
2014-01-27,27.67,22.32,33.11,,,,,,,,,,,,,45.16,40.06,50.03,,,,,,,,,,,,,11.0,6.1,15.89,,,,,,,,,,,,,12.58,7.34,17.39,,,,,,,,,,1.0,-3.9,5.89,,,,,,,,,,,,,,,,,,,,,,,,,,,,,,,,,,,
2014-01-28,27.71,22.34,33.13,,,,,,,,,,,,,45.15,40.06,50.03,,,,,,,,,,,,,11.0,6.1,15.89,,,,,,,,,,,,,12.57,7.34,17.4,,,,,,,,,,1.0,-3.9,5.89,,,,,,,,,,,,,,,,,,,,,,,,,,,,,,,,,,,
2014-01-29,27.74,22.35,33.14,,,,,,,,,,,,,45.13,40.06,49.99,,,,,,,,,,,,,11.0,6.1,15.86,,,,,,,,,,,,,12.56,7.34,17.4,,,,,,,,,,1.0,-3.9,5.86,,,,,,,,,,,,,,,,,,,,,,,,,,,,,,,,,,,
2014-01-30,27.78,22.37,33.16,,,,,,,,,,,,,45.11,40.06,49.93,,,,,,,,,,,,,11.0,6.1,15.82,,,,,,,,,,,,,12.56,7.34,17.39,,,,,,,,,,1.0,-3.9,5.82,,,,,,,,,,,,,,,,,,,,,,,,,,,,,,,,,,,
2014-01-31,27.81,22.39,33.17,,,,,,,,,,,,,45.09,40.06,49.87,,,,,,,,,,,,,11.0,6.1,15.8,,,,,,,,,,,,,12.55,7.34,17.39,,,,,,,,,,1.0,-3.9,5.8,,,,,,,,,,,,,,,,,,,,,,,,,,,,,,,,,,,
2014-02-01,27.84,22.39,33.18,,,,,,,,,,,,,45.08,40.06,49.88,,,,,,,,,,,,,11.0,6.1,15.82,,,,,,,,,,,,,12.54,7.34,17.39,,,,,,,,,,1.0,-3.9,5.82,,,,,,,,,,,,,,,,,,,,,,,,,,,,,,,,,,,
2014-02-02,27.87,22.41,33.2,,,,,,,,,,,,,45.06,40.06,49.92,,,,,,,,,,,,,11.0,6.09,15.86,,,,,,,,,,,,,12.53,7.34,17.4,,,,,,,,,,1.0,-3.91,5.86,,,,,,,,,,,,,,,,,,,,,,,,,,,,,,,,,,,
2014-02-03,27.91,20.54,33.47,,,,,,,,,,,,,45.05,39.34,50.08,,,,,,,,,,,,,11.0,4.75,16.01,,,,,,,,,,,,,12.52,6.64,17.43,,,,,,,,,,1.0,-5.25,6.01,,,,,,,,,,,,,,,,,,,,,,,,,,,,,,,,,,,
2014-02-04,27.94,20.79,33.45,,,,,,,,,,,,,45.03,39.43,50.25,,,,,,,,,,,,,11.0,3.89,15.95,,,,,,,,,,,,,12.52,6.86,18.09,,,,,,,,,,1.0,-4.92,6.21,,,,,,,,,,,,,,,,,,,,,,,,,,,,,,,,,,,
2014-02-05,27.97,20.79,33.48,,,,,,,,,,,,,45.02,39.43,50.27,,,,,,,,,,,,,11.0,3.89,16.01,,,,,,,,,,,,,12.51,6.87,18.09,,,,,,,,,,1.0,-4.91,6.21,,,,,,,,,,,,,,,,,,,,,,,,,,,,,,,,,,,
2014-02-06,28.0,20.79,33.51,,,,,,,,,,,,,45.0,39.42,50.28,,,,,,,,,,,,,11.0,3.89,16.06,,,,,,,,,,,,,12.5,6.88,18.08,,,,,,,,,,1.0,-4.9,6.25,,,,,,,,,,,,,,,,,,,,,,,,,,,,,,,,,,,
2014-02-07,28.03,20.8,33.52,,,,,,,,,,,,,44.99,39.42,50.28,,,,,,,,,,,,,10.99,3.89,16.11,,,,,,,,,,,,,12.5,6.9,18.07,,,,,,,,,,1.0,-4.88,6.26,,,,,,,,,,,,,,,,,,,,,,,,,,,,,,,,,,,
2014-02-08,28.05,20.81,33.52,,,,,,,,,,,,,44.98,39.42,50.29,,,,,,,,,,,,,10.98,3.89,16.14,,,,,,,,,,,,,12.5,6.94,18.06,,,,,,,,,,1.01,-4.86,6.28,,,,,,,,,,,,,,,,,,,,,,,,,,,,,,,,,,,
2014-02-09,28.08,20.84,33.53,,,,,,,,,,,,,44.97,39.42,50.3,,,,,,,,,,,,,10.97,3.89,16.17,,,,,,,,,,,,,12.5,7.01,18.05,,,,,,,,,,1.01,-4.82,6.29,,,,,,,,,,,,,,,,,,,,,,,,,,,,,,,,,,,
2014-02-10,28.1,20.86,33.54,,,,,,,,,,,,,44.96,39.41,50.3,,,,,,,,,,,,,10.96,3.89,16.16,,,,,,,,,,,,,12.51,7.08,18.05,,,,,,,,,,1.02,-4.76,6.31,,,,,,,,,,,,,,,,,,,,,,,,,,,,,,,,,,,
2014-02-11,28.12,20.89,33.52,,,,,,,,,,,,,44.96,39.41,50.34,,,,,,,,,,,,,10.94,3.89,16.14,,,,,,,,,,,,,12.51,7.16,18.03,,,,,,,,,,1.02,-4.68,6.36,,,,,,,,,,,,,,,,,,,,,,,,,,,,,,,,,,,
2014-02-12,28.14,20.93,33.51,,,,,,,,,,,,,44.95,39.42,50.36,,,,,,,,,,,,,10.92,3.89,16.09,,,,,,,,,,,,,12.52,7.15,18.01,,,,,,,,,,1.03,-4.57,6.38,,,,,,,,,,,,,,,,,,,,,,,,,,,,,,,,,,,
2014-02-13,28.16,20.98,33.48,,,,,,,,,,,,,44.95,39.42,50.36,,,,,,,,,,,,,10.9,3.89,16.02,,,,,,,,,,,,,12.54,7.21,18.01,,,,,,,,,,1.04,-4.5,6.39,,,,,,,,,,,,,,,,,,,,,,,,,,,,,,,,,,,
2014-02-14,28.17,21.04,33.49,,,,,,,,,,,,,44.96,39.41,50.31,,,,,,,,,,,,,10.87,3.89,15.96,,,,,,,,,,,,,12.56,7.15,18.03,,,,,,,,,,1.05,-4.49,6.35,,,,,,,,,,,,,,,,,,,,,,,,,,,,,,,,,,,
2014-02-15,28.18,21.1,33.5,,,,,,,,,,,,,44.96,39.39,50.24,,,,,,,,,,,,,10.83,3.88,15.85,,,,,,,,,,,,,12.58,7.09,18.05,,,,,,,,,,1.07,-4.43,6.28,,,,,,,,,,,,,,,,,,,,,,,,,,,,,,,,,,,
2014-02-16,28.19,21.09,33.5,,,,,,,,,,,,,44.97,39.38,50.25,,,,,,,,,,,,,10.8,3.8,15.73,,,,,,,,,,,,,12.61,7.03,18.06,,,,,,,,,,1.08,-4.37,6.24,,,,,,,,,,,,,,,,,,,,,,,,,,,,,,,,,,,
2014-02-17,28.2,21.1,33.5,,,,,,,,,,,,,44.97,39.36,50.25,,,,,,,,,,,,,10.75,3.77,15.62,,,,,,,,,,,,,12.63,7.0,18.08,,,,,,,,,,1.1,-4.4,6.21,,,,,,,,,,,,,,,,,,,,,,,,,,,,,,,,,,,
2014-02-18,28.2,21.15,33.49,,,,,,,,,,,,,44.99,39.36,50.25,,,,,,,,,,,,,10.71,3.72,15.56,,,,,,,,,,,,,12.67,6.97,18.1,,,,,,,,,,1.12,-4.43,6.21,,,,,,,,,,,,,,,,,,,,,,,,,,,,,,,,,,,
2014-02-19,28.21,21.3,33.43,,,,,,,,,,,,,45.0,39.34,50.27,,,,,,,,,,,,,10.66,3.69,15.58,,,,,,,,,,,,,12.7,6.95,18.12,,,,,,,,,,1.14,-4.46,6.21,,,,,,,,,,,,,,,,,,,,,,,,,,,,,,,,,,,
2014-02-20,28.21,21.5,33.31,,,,,,,,,,,,,45.01,39.28,50.29,,,,,,,,,,,,,10.61,3.69,15.6,,,,,,,,,,,,,12.74,6.93,18.13,,,,,,,,,,1.16,-4.48,6.21,,,,,,,,,,,,,,,,,,,,,,,,,,,,,,,,,,,
2014-02-21,28.2,21.61,33.17,,,,,,,,,,,,,45.03,39.26,50.32,,,,,,,,,,,,,10.56,3.69,15.62,,,,,,,,,,,,,12.78,6.94,18.15,,,,,,,,,,1.18,-4.51,6.21,,,,,,,,,,,,,,,,,,,,,,,,,,,,,,,,,,,
2014-02-22,28.2,21.73,33.14,,,,,,,,,,,,,45.05,39.25,50.36,,,,,,,,,,,,,10.5,3.69,15.56,,,,,,,,,,,,,12.83,6.96,18.15,,,,,,,,,,1.2,-4.52,6.21,,,,,,,,,,,,,,,,,,,,,,,,,,,,,,,,,,,
2014-02-23,28.2,21.86,33.16,,,,,,,,,,,,,45.07,39.25,50.37,,,,,,,,,,,,,10.44,3.69,15.49,,,,,,,,,,,,,12.87,6.99,18.15,,,,,,,,,,1.23,-4.53,6.24,,,,,,,,,,,,,,,,,,,,,,,,,,,,,,,,,,,
2014-02-24,28.19,21.91,33.13,,,,,,,,,,,,,45.09,39.24,50.37,,,,,,,,,,,,,10.37,3.69,15.36,,,,,,,,,,,,,12.92,7.02,18.17,,,,,,,,,,1.25,-4.53,6.26,,,,,,,,,,,,,,,,,,,,,,,,,,,,,,,,,,,
2014-02-25,28.18,21.98,33.12,,,,,,,,,,,,,45.12,39.27,50.34,,,,,,,,,,,,,10.31,3.69,15.2,,,,,,,,,,,,,12.97,7.24,18.25,,,,,,,,,,1.28,-4.52,6.29,,,,,,,,,,,,,,,,,,,,,,,,,,,,,,,,,,,
2014-02-26,28.17,21.95,33.11,,,,,,,,,,,,,45.14,39.27,50.27,,,,,,,,,,,,,10.24,3.69,15.03,,,,,,,,,,,,,13.03,7.18,18.33,,,,,,,,,,1.3,-4.43,6.31,,,,,,,,,,,,,,,,,,,,,,,,,,,,,,,,,,,
2014-02-27,28.16,21.79,32.94,,,,,,,,,,,,,45.17,39.27,50.27,,,,,,,,,,,,,10.17,3.69,14.96,,,,,,,,,,,,,13.08,7.17,18.38,,,,,,,,,,1.33,-4.31,6.34,,,,,,,,,,,,,,,,,,,,,,,,,,,,,,,,,,,
2014-02-28,28.15,21.66,32.79,,,,,,,,,,,,,45.19,39.28,50.28,,,,,,,,,,,,,10.1,3.69,14.82,,,,,,,,,,,,,13.14,7.18,18.36,,,,,,,,,,1.36,-4.31,6.37,,,,,,,,,,,,,,,,,,,,,,,,,,,,,,,,,,,
2014-03-01,28.14,21.57,32.84,,,,,,,,,,,,,45.22,39.3,50.27,,,,,,,,,,,,,10.03,3.77,14.67,,,,,,,,,,,,,13.19,7.22,18.32,,,,,,,,,,1.39,-4.32,6.39,,,,,,,,,,,,,,,,,,,,,,,,,,,,,,,,,,,
2014-03-02,28.13,21.41,32.87,,,,,,,,,,,,,45.25,39.25,50.27,,,,,,,,,,,,,9.96,3.82,14.52,,,,,,,,,,,,,13.25,7.24,18.26,,,,,,,,,,1.42,-4.31,6.37,,,,,,,,,,,,,,,,,,,,,,,,,,,,,,,,,,,
2014-03-03,28.11,21.36,33.03,,,,,,,,,,,,,45.28,39.23,50.26,,,,,,,,,,,,,9.89,3.58,14.48,,,,,,,,,,,,,13.31,7.21,18.28,,,,,,,,,,1.45,-4.32,6.33,,,,,,,,,,,,,,,,,,,,,,,,,,,,,,,,,,,
2014-03-04,28.1,21.27,33.1,,,,,,,,,,,,,45.31,39.23,50.25,,,,,,,,,,,,,9.81,3.32,14.32,,,,,,,,,,,,,13.37,7.15,18.39,,,,,,,,,,1.47,-4.43,6.39,,,,,,,,,,,,,,,,,,,,,,,,,,,,,,,,,,,
2014-03-05,28.08,21.33,32.97,,,,,,,,,,,,,45.34,39.11,50.24,,,,,,,,,,,,,9.74,3.23,14.3,,,,,,,,,,,,,13.42,7.15,18.54,,,,,,,,,,1.5,-4.58,6.26,,,,,,,,,,,,,,,,,,,,,,,,,,,,,,,,,,,
2014-03-06,28.06,21.32,32.95,,,,,,,,,,,,,45.37,38.98,50.26,,,,,,,,,,,,,9.67,3.22,14.3,,,,,,,,,,,,,13.48,7.21,18.61,,,,,,,,,,1.53,-4.71,6.23,,,,,,,,,,,,,,,,,,,,,,,,,,,,,,,,,,,
2014-03-07,28.05,21.27,33.02,,,,,,,,,,,,,45.4,38.97,50.4,,,,,,,,,,,,,9.6,3.23,14.3,,,,,,,,,,,,,13.54,7.23,18.86,,,,,,,,,,1.56,-4.85,6.37,,,,,,,,,,,,,,,,,,,,,,,,,,,,30.0,44.0,11.0,12.0,1.0,,,
2014-03-08,28.03,21.23,33.09,,,,,,,,,,,,,45.43,39.04,50.38,,,,,,,,,,,,,9.53,3.24,14.3,,,,,,,,,,,,,13.6,7.27,18.77,,,,,,,,,,1.59,-4.79,6.42,,,,,,,,,,,,,,,,,,,,,,,,,,,,,,,,,,,
2014-03-09,28.01,21.19,33.12,,,,,,,,,,,,,45.46,39.15,50.37,,,,,,,,,,,,,9.46,3.25,14.3,,,,,,,,,,,,,13.65,7.37,18.84,,,,,,,,,,1.62,-4.68,6.47,,,,,,,,,,,,,,,,,,,,,,,,,,,,,,,,,,,
2014-03-10,27.99,21.16,33.15,,,,,,,,,,,,,45.49,39.23,50.56,,,,,,,,,,,,,9.39,3.23,14.34,,,,,,,,,,,,,13.71,7.43,19.24,,,,,,,,,,1.64,-4.58,6.6,,,,,,,,,,,,,,,,,,,,,,,,,,,,,,,,,,,
2014-03-11,27.97,21.1,33.17,,,,,,,,,,,,,45.51,39.24,50.74,,,,,,,,,,,,,9.33,2.99,14.43,,,,,,,,,,,,,13.76,7.48,19.44,,,,,,,,,,1.67,-4.47,6.82,,,,,,,,,,,,,,,,,,,,,,,,,,,,,,,,,,,
2014-03-12,27.96,20.98,33.19,,,,,,,,,,,,,45.54,39.26,50.85,,,,,,,,,,,,,9.26,2.79,14.5,,,,,,,,,,,,,13.81,7.55,19.54,,,,,,,,,,1.69,-4.38,6.88,,,,,,,,,,,,,,,,,,,,,,,,,,,,,,,,,,,
2014-03-13,27.94,20.87,33.27,,,,,,,,,,,,,45.57,39.27,50.97,,,,,,,,,,,,,9.2,2.6,14.53,,,,,,,,,,,,,13.86,7.63,19.59,,,,,,,,,,1.72,-4.28,6.9,,,,,,,,,,,,,,,,,,,,,,,,,,,,,,,,,,,
2014-03-14,27.92,20.78,33.39,,,,,,,,,,,,,45.6,39.3,51.09,,,,,,,,,,,,,9.14,2.4,14.55,,,,,,,,,,,,,13.91,7.71,19.63,,,,,,,,,,1.74,-4.19,6.93,,,,,,,,,,,,,,,,,,,,,,,,,,,,,,,,,,,
2014-03-15,27.89,20.69,33.5,,,,,,,,,,,,,45.63,39.35,51.12,,,,,,,,,,,,,9.09,2.24,14.58,,,,,,,,,,,,,13.96,7.77,19.8,,,,,,,,,,1.77,-4.1,6.92,,,,,,,,,,,,,,,,,,,,,,,,,,,,,,,,,,,
2014-03-16,27.87,20.61,33.54,,,,,,,,,,,,,45.65,39.39,51.18,,,,,,,,,,,,,9.03,2.06,14.6,,,,,,,,,,,,,14.01,7.83,19.91,,,,,,,,,,1.79,-4.05,6.92,,,,,,,,,,,,,,,,,,,,,,,,,,,,,,,,,,,
2014-03-17,27.85,20.55,33.55,,,,,,,,,,,,,45.68,39.42,51.24,,,,,,,,,,,,,8.98,1.91,14.6,,,,,,,,,,,,,14.05,7.75,19.98,,,,,,,,,,1.81,-4.05,6.95,,,,,,,,,,,,,,,,,,,,,,,,,,,,,,,,,,,
2014-03-18,27.83,20.51,33.56,,,,,,,,,,,,,45.71,39.46,51.35,,,,,,,,,,,,,8.93,1.8,14.6,,,,,,,,,,,,,14.09,7.67,20.02,,,,,,,,,,1.83,-4.04,6.94,,,,,,,,,,,,,,,,,,,,,,,,,,,,,,,,,,,
2014-03-19,27.81,20.48,33.57,,,,,,,,,,,,,45.73,39.5,51.43,,,,,,,,,,,,,8.89,1.71,14.6,,,,,,,,,,,,,14.13,7.65,20.05,,,,,,,,,,1.85,-4.04,6.93,,,,,,,,,,,,,,,,,,,,,,,,,,,,,,,,,,,
2014-03-20,27.78,20.43,33.58,,,,,,,,,,,,,45.76,39.48,51.52,,,,,,,,,,,,,8.84,1.61,14.67,,,,,,,,,,,,,14.17,7.64,20.12,,,,,,,,,,1.86,-4.03,6.94,,,,,,,,,,,,,,,,,,,,,,,,,,,,,,,,,,,
2014-03-21,27.76,20.4,33.66,,,,,,,,,,,,,45.78,39.41,51.56,,,,,,,,,,,,,8.8,1.54,14.73,,,,,,,,,,,,,14.21,7.64,20.17,,,,,,,,,,1.88,-4.02,6.95,,,,,,,,,,,,,,,,,,,,,,,,,,,,,,,,,,,
2014-03-22,27.73,20.38,33.72,,,,,,,,,,,,,45.8,39.36,51.58,,,,,,,,,,,,,8.76,1.47,14.78,,,,,,,,,,,,,14.24,7.63,20.2,,,,,,,,,,1.89,-4.01,6.99,,,,,,,,,,,,,,,,,,,,,,,,,,,,,,,,,,,
2014-03-23,27.71,20.35,33.79,,,,,,,,,,,,,45.83,39.31,51.61,,,,,,,,,,,,,8.73,1.42,14.82,,,,,,,,,,,,,14.28,7.62,20.22,,,,,,,,,,1.91,-4.0,7.0,,,,,,,,,,,,,,,,,,,,,,,,,,,,,,,,,,,
2014-03-24,27.68,20.34,33.81,,,,,,,,,,,,,45.85,39.28,51.62,,,,,,,,,,,,,8.7,1.38,14.84,,,,,,,,,,,,,14.31,7.62,20.24,,,,,,,,,,1.92,-4.0,7.02,,,,,,,,,,,,,,,,,,,,,,,,,,,,,,,,,,,
2014-03-25,27.66,20.32,33.82,,,,,,,,,,,,,45.87,39.27,51.62,,,,,,,,,,,,,8.66,1.34,14.82,,,,,,,,,,,,,14.34,7.62,20.28,,,,,,,,,,1.93,-3.99,7.03,,,,,,,,,,,,,,,,,,,,,,,,,,,,,,,,,,,
2014-03-26,27.63,20.31,33.8,,,,,,,,,,,,,45.89,39.27,51.62,,,,,,,,,,,,,8.63,1.32,14.8,,,,,,,,,,,,,14.37,7.62,20.3,,,,,,,,,,1.95,-3.99,7.04,,,,,,,,,,,,,,,,,,,,,,,,,,,,,,,,,,,
2014-03-27,27.6,20.3,33.79,,,,,,,,,,,,,45.92,39.26,51.62,,,,,,,,,,,,,8.61,1.31,14.79,,,,,,,,,,,,,14.39,7.62,20.32,,,,,,,,,,1.96,-3.98,7.04,,,,,,,,,,,,,,,,,,,,,,,,,,,,,,,,,,,
2014-03-28,27.58,20.3,33.76,,,,,,,,,,,,,45.94,39.26,51.62,,,,,,,,,,,,,8.58,1.3,14.76,,,,,,,,,,,,,14.42,7.62,20.32,,,,,,,,,,1.97,-3.98,7.04,,,,,,,,,,,,,,,,,,,,,,,,,,,,,,,,,,,
2014-03-29,27.55,20.15,33.83,,,,,,,,,,,,,45.96,39.23,51.69,,,,,,,,,,,,,8.55,1.15,14.83,,,,,,,,,,,,,14.45,7.44,20.46,,,,,,,,,,1.98,-4.19,7.14,,,,,,,,,,,,,,,,,,,,,,,,,,,,,,,,,,,
2014-03-30,27.53,21.32,33.26,,,,,,,,,,,,,45.98,39.96,50.79,,,,,,,,,,,,,8.53,2.33,14.26,,,,,,,,,,,,,14.47,8.58,19.13,,,,,,,,,,1.99,-3.73,6.53,,,,,,,,,,,,,,,,,,,,,,,,,,,,,,,,,,,
2014-03-31,27.5,21.32,33.26,,,,,,,,,,,,,46.0,39.98,50.79,,,,,,,,,,,,,8.5,2.33,14.26,,,,,,,,,,,,,14.5,8.61,19.13,,,,,,,,,,2.0,-3.73,6.53,,,,,,,,,,,,,,,,,,,,,,,,,,,,,,,,,,,
2014-04-01,27.47,21.32,33.26,,,,,,,,,,,,,46.02,40.01,50.79,,,,,,,,,,,,,8.47,2.33,14.26,,,,,,,,,,,,,14.53,8.64,19.13,,,,,,,,,,2.01,-3.74,6.53,,,,,,,,,,,,,,,,,,,,,,,,,,,,,,,,,,,
2014-04-02,27.45,21.32,33.26,,,,,,,,,,,,,46.04,40.03,50.79,,,,,,,,,,,,,8.45,2.33,14.26,,,,,,,,,,,,,14.55,8.67,19.14,,,,,,,,,,2.02,-3.74,6.51,,,,,,,,,,,,,,,,,,,,,,,,,,,,,,,,,,,
2014-04-03,27.42,21.32,33.26,,,,,,,,,,,,,46.06,40.06,50.79,,,,,,,,,,,,,8.42,2.33,14.26,,,,,,,,,,,,,14.58,8.71,19.17,,,,,,,,,,2.03,-3.74,6.48,,,,,,,,,,,,,,,,,,,,,,,,,,,,,,,,,,,
2014-04-04,27.39,21.32,33.25,,,,,,,,,,,,,46.08,40.08,50.78,,,,,,,,,,,,,8.39,2.33,14.25,,,,,,,,,,,,,14.61,8.73,19.19,,,,,,,,,,2.04,-3.74,6.46,,,,,,,,,,,,,,,,,,,,,,,,,,,,,,,,,,,
2014-04-05,27.37,21.32,33.25,,,,,,,,,,,,,46.11,40.11,50.78,,,,,,,,,,,,,8.37,2.33,14.25,,,,,,,,,,,,,14.63,8.76,19.22,,,,,,,,,,2.05,-3.75,6.44,,,,,,,,,,,,,,,,,,,,,,,,,,,,,,,,,,,
2014-04-06,27.34,21.32,33.24,,,,,,,,,,,,,46.13,40.13,50.78,,,,,,,,,,,,,8.34,2.33,14.24,,,,,,,,,,,,,14.66,8.79,19.24,,,,,,,,,,2.06,-3.75,6.41,,,,,,,,,,,,,,,,,,,,,,,,,,,,,,,,,,,
2014-04-07,27.31,21.32,33.24,,,,,,,,,,,,,46.15,40.16,50.76,,,,,,,,,,,,,8.31,2.33,14.24,,,,,,,,,,,,,14.69,8.83,19.28,,,,,,,,,,2.08,-3.75,6.41,,,,,,,,,,,,,,,,,,,,,,,,,,,,,,,,,,,
2014-04-08,27.28,21.32,33.24,,,,,,,,,,,,,46.17,40.19,50.75,,,,,,,,,,,,,8.28,2.33,14.24,,,,,,,,,,,,,14.72,8.85,19.3,,,,,,,,,,2.09,-3.75,6.41,,,,,,,,,,,,,,,,,,,,,,,,,,,,,,,,,,,
2014-04-09,27.25,21.32,33.23,,,,,,,,,,,,,46.2,40.21,50.78,,,,,,,,,,,,,8.25,2.33,14.23,,,,,,,,,,,,,14.75,8.89,19.34,,,,,,,,,,2.1,-3.75,6.41,,,,,,,,,,,,,,,,,,,,,,,,,,,,,,,,,,,
2014-04-10,27.22,21.32,33.19,,,,,,,,,,,,,46.22,40.24,50.78,,,,,,,,,,,,,8.22,2.33,14.19,,,,,,,,,,,,,14.78,8.92,19.36,,,,,,,,,,2.11,-3.76,6.41,,,,,,,,,,,,,,,,,,,,,,,,,,,,,,,,,,,
2014-04-11,27.19,21.32,33.15,,,,,,,,,,,,,46.25,40.27,50.79,,,,,,,,,,,,,8.19,2.33,14.15,,,,,,,,,,,,,14.81,8.96,19.39,,,,,,,,,,2.12,-3.76,6.41,,,,,,,,,,,,,,,,,,,,,,,,,,,,,,,,,,,
2014-04-12,27.16,21.32,33.12,,,,,,,,,,,,,46.27,40.3,50.79,,,,,,,,,,,,,8.16,2.33,14.12,,,,,,,,,,,,,14.84,8.99,19.39,,,,,,,,,,2.14,-3.76,6.42,,,,,,,,,,,,,,,,,,,,,,,,,,,,,,,,,,,
2014-04-13,27.12,21.32,33.12,,,,,,,,,,,,,46.3,40.33,50.79,,,,,,,,,,,,,8.12,2.33,14.12,,,,,,,,,,,,,14.88,9.03,19.37,,,,,,,,,,2.15,-3.75,6.42,,,,,,,,,,,,,,,,,,,,,,,,,,,,,,,,,,,
2014-04-14,27.09,21.32,33.12,,,,,,,,,,,,,46.33,40.36,50.8,,,,,,,,,,,,,8.09,2.33,14.12,,,,,,,,,,,,,14.91,9.06,19.36,,,,,,,,,,2.17,-3.75,6.42,,,,,,,,,,,,,,,,,,,,,,,,,,,,,,,,,,,
2014-04-15,27.05,21.32,33.12,,,,,,,,,,,,,46.36,40.39,50.8,,,,,,,,,,,,,8.05,2.33,14.12,,,,,,,,,,,,,14.95,9.11,19.35,,,,,,,,,,2.18,-3.75,6.42,,,,,,,,,,,,,,,,,,,,,,,,,,,,,,,,,,,
2014-04-16,27.01,21.28,33.12,,,,,,,,,,,,,46.39,40.42,50.8,,,,,,,,,,,,,8.01,2.28,14.12,,,,,,,,,,,,,14.99,9.13,19.34,,,,,,,,,,2.2,-3.75,6.42,,,,,,,,,,,,,,,,,,,,,,,,,,,,,,,,,,,
2014-04-17,26.97,21.27,33.12,,,,,,,,,,,,,46.43,40.46,50.81,,,,,,,,,,,,,7.97,2.27,14.12,,,,,,,,,,,,,15.03,9.1,19.33,,,,,,,,,,2.21,-3.74,6.43,,,,,,,,,,,,,,,,,,,,,,,,,,,,,,,,,,,
2014-04-18,26.93,21.26,33.12,,,,,,,,,,,,,46.46,40.46,50.81,,,,,,,,,,,,,7.93,2.26,14.12,,,,,,,,,,,,,15.07,9.06,19.31,,,,,,,,,,2.23,-3.74,6.43,,,,,,,,,,,,,,,,,,,,,,,,,,,,,,,,,,,
2014-04-19,26.88,21.19,33.12,,,,,,,,,,,,,46.5,40.42,50.82,,,,,,,,,,,,,7.88,2.19,14.12,,,,,,,,,,,,,15.12,9.03,19.3,,,,,,,,,,2.25,-3.74,6.43,,,,,,,,,,,,,,,,,,,,,,,,,,,,,,,,,,,
2014-04-20,26.83,21.09,33.12,,,,,,,,,,,,,46.53,40.37,50.82,,,,,,,,,,,,,7.83,2.09,14.12,,,,,,,,,,,,,15.17,8.99,19.29,,,,,,,,,,2.27,-3.8,6.43,,,,,,,,,,,,,,,,,,,,,,,,,,,,,,,,,,,
2014-04-21,26.79,21.0,33.12,,,,,,,,,,,,,46.57,40.32,50.82,,,,,,,,,,,,,7.79,2.0,14.12,,,,,,,,,,,,,15.21,8.94,19.27,,,,,,,,,,2.29,-3.82,6.43,,,,,,,,,,,,,,,,,,,,,,,,,,,,,,,,,,,
2014-04-22,26.73,20.89,33.12,,,,,,,,,,,,,46.61,40.26,50.82,,,,,,,,,,,,,7.73,1.9,14.12,,,,,,,,,,,,,15.27,8.9,19.32,,,,,,,,,,2.31,-3.81,6.43,,,,,,,,,,,,,,,,,,,,,,,,,,,,,,,,,,,
2014-04-23,26.68,20.76,33.12,,,,,,,,,,,,,46.65,40.2,50.82,,,,,,,,,,,,,7.68,1.76,14.12,,,,,,,,,,,,,15.32,8.86,19.42,,,,,,,,,,2.33,-3.78,6.53,,,,,,,,,,,,,,,,,,,,,,,,,,,,,,,,,,,
2014-04-24,26.63,20.54,33.12,,,,,,,,,,,,,46.7,40.15,50.82,,,,,,,,,,,,,7.63,1.54,14.12,,,,,,,,,,,,,15.37,8.81,19.52,,,,,,,,,,2.35,-3.76,6.64,,,,,,,,,,,,,,,,,,,,,,,,,,,,25.0,48.0,6.0,17.0,3.0,,,
2014-04-25,26.57,20.3,33.12,,,,,,,,,,,,,46.75,40.09,50.83,,,,,,,,,,,,,7.57,1.3,14.12,,,,,,,,,,,,,15.43,8.76,19.63,,,,,,,,,,2.37,-3.89,6.76,,,,,,,,,,,,,,,,,,,,,,,,,,,,,,,,,,,
2014-04-26,26.51,20.05,33.12,,,,,,,,,,,,,46.79,40.03,50.97,,,,,,,,,,,,,7.51,1.06,14.12,,,,,,,,,,,,,15.49,8.71,19.74,,,,,,,,,,2.4,-4.05,6.88,,,,,,,,,,,,,,,,,,,,,,,,,,,,,,,,,,,
2014-04-27,26.45,19.8,33.12,,,,,,,,,,,,,46.84,39.97,51.13,,,,,,,,,,,,,7.45,0.8,14.12,,,,,,,,,,,,,15.55,8.66,19.84,,,,,,,,,,2.42,-4.23,6.94,,,,,,,,,,,,,,,,,,,,,,,,,,,,,,,,,,,
2014-04-28,26.38,19.55,33.12,,,,,,,,,,,,,46.89,39.91,51.16,,,,,,,,,,,,,7.38,0.55,14.12,,,,,,,,,,,,,15.62,8.6,19.94,,,,,,,,,,2.45,-4.4,7.01,,,,,,,,,,,,,,,,,,,,,,,,,,,,,,,,,,,
2014-04-29,26.32,19.52,33.12,,,,,,,,,,,,,46.95,39.84,51.28,,,,,,,,,,,,,7.32,0.52,14.12,,,,,,,,,,,,,15.68,8.55,20.1,,,,,,,,,,2.47,-4.57,7.13,,,,,,,,,,,,,,,,,,,,,,,,,,,,,,,,,,,
2014-04-30,26.25,19.51,33.12,,,,,,,,,,,,,47.0,39.69,51.41,,,,,,,,,,,,,7.25,0.51,14.12,,,,,,,,,,,,,15.75,8.42,20.16,,,,,,,,,,2.5,-4.64,7.25,,,,,,,,,,,,,,,,,,,,,,,,,,,,,,,,,,,
2014-05-01,26.18,19.46,33.12,,,,,,,,,,,,,47.06,39.54,51.56,,,,,,,,,,,,,7.18,0.46,14.12,,,,,,,,,,,,,15.82,8.28,20.28,,,,,,,,,,2.53,-4.65,7.32,,,,,,,,,,,,,,,,,,,,,,,,,,,,,,,,,,,
2014-05-02,26.11,19.44,33.12,,,,,,,,,,,,,47.11,39.39,51.7,,,,,,,,,,,,,7.11,0.44,14.12,,,,,,,,,,,,,15.89,8.14,20.46,,,,,,,,,,2.56,-4.66,7.37,,,,,,,,,,,,,,,,,,,,,,,,,,,,,,,,,,,
2014-05-03,26.04,19.42,33.12,,,,,,,,,,,,,47.17,39.27,51.84,,,,,,,,,,,,,7.04,0.42,14.12,,,,,,,,,,,,,15.96,7.99,20.63,,,,,,,,,,2.59,-4.67,7.4,,,,,,,,,,,,,,,,,,,,,,,,,,,,,,,,,,,
2014-05-04,25.96,19.4,33.12,,,,,,,,,,,,,47.23,39.26,51.94,,,,,,,,,,,,,6.96,0.4,14.12,,,,,,,,,,,,,16.04,7.85,20.8,,,,,,,,,,2.61,-4.69,7.44,,,,,,,,,,,,,,,,,,,,,,,,,,,,,,,,,,,
2014-05-05,25.89,19.35,33.12,,,,,,,,,,,,,47.29,39.24,51.95,,,,,,,,,,,,,6.89,0.35,14.12,,,,,,,,,,,,,16.11,7.74,20.93,,,,,,,,,,2.64,-4.7,7.48,,,,,,,,,,,,,,,,,,,,,,,,,,,,,,,,,,,
2014-05-06,25.82,19.25,33.12,,,,,,,,,,,,,47.35,39.23,51.99,,,,,,,,,,,,,6.82,0.25,14.12,,,,,,,,,,,,,16.18,7.72,20.94,,,,,,,,,,2.67,-4.71,7.53,,,,,,,,,,,,,,,,,,,,,,,,,,,,,,,,,,,
2014-05-07,25.74,19.23,33.12,,,,,,,,,,,,,47.4,39.23,52.1,,,,,,,,,,,,,6.74,0.23,14.12,,,,,,,,,,,,,16.26,7.7,21.01,,,,,,,,,,2.7,-4.72,7.57,,,,,,,,,,,,,,,,,,,,,,,,,,,,,,,,,,,
2014-05-08,25.67,19.22,33.12,,,,,,,,,,,,,47.46,39.15,52.2,,,,,,,,,,,,,6.67,0.22,14.12,,,,,,,,,,,,,16.33,7.7,21.12,,,,,,,,,,2.73,-4.73,7.63,,,,,,,,,,,,,,,,,,,,,,,,,,,,,,,,,,,
2014-05-09,25.6,19.21,33.12,,,,,,,,,,,,,47.52,39.08,52.29,,,,,,,,,,,,,6.6,0.21,14.12,,,,,,,,,,,,,16.4,7.7,21.23,,,,,,,,,,2.76,-4.74,7.66,,,,,,,,,,,,,,,,,,,,,,,,,,,,,,,,,,,
2014-05-10,25.53,19.19,33.12,,,,,,,,,,,,,47.57,39.01,52.39,,,,,,,,,,,,,6.53,0.19,14.12,,,,,,,,,,,,,16.47,7.69,21.32,,,,,,,,,,2.79,-4.75,7.7,,,,,,,,,,,,,,,,,,,,,,,,,,,,,,,,,,,
2014-05-11,25.47,19.18,33.12,,,,,,,,,,,,,47.63,38.95,52.48,,,,,,,,,,,,,6.47,0.18,14.12,,,,,,,,,,,,,16.53,7.69,21.42,,,,,,,,,,2.81,-4.76,7.74,,,,,,,,,,,,,,,,,,,,,,,,,,,,,,,,,,,
2014-05-12,25.4,19.17,33.12,,,,,,,,,,,,,47.68,38.88,52.56,,,,,,,,,,,,,6.4,0.17,14.12,,,,,,,,,,,,,16.6,7.69,21.52,,,,,,,,,,2.84,-4.77,7.76,,,,,,,,,,,,,,,,,,,,,,,,,,,,,,,,,,,
2014-05-13,25.34,19.1,33.12,,,,,,,,,,,,,47.73,38.82,52.64,,,,,,,,,,,,,6.34,0.1,14.12,,,,,,,,,,,,,16.66,7.69,21.6,,,,,,,,,,2.86,-4.78,7.78,,,,,,,,,,,,,,,,,,,,,,,,,,,,,,,,,,,
2014-05-14,25.28,18.71,33.15,,,,,,,,,,,,,47.77,38.77,52.74,,,,,,,,,,,,,6.28,-0.29,14.15,,,,,,,,,,,,,16.72,7.67,21.7,,,,,,,,,,2.89,-4.79,7.86,,,,,,,,,,,,,,,,,,,,,,,,,,,,,,,,,,,
2014-05-15,25.23,18.33,33.2,,,,,,,,,,,,,47.81,38.74,52.83,,,,,,,,,,,,,6.23,-0.67,14.2,,,,,,,,,,,,,16.77,7.63,21.8,,,,,,,,,,2.91,-4.79,7.92,,,,,,,,,,,,,,,,,,,,,,,,,,,,,,,,,,,
2014-05-16,25.18,18.03,33.23,,,,,,,,,,,,,47.85,38.73,52.91,,,,,,,,,,,,,6.18,-0.97,14.23,,,,,,,,,,,,,16.82,7.59,21.9,,,,,,,,,,2.93,-4.91,7.96,,,,,,,,,,,,,,,,,,,,,,,,,,,,,,,,,,,
2014-05-17,25.14,17.93,33.24,,,,,,,,,,,,,47.89,38.73,52.97,,,,,,,,,,,,,6.14,-1.07,14.24,,,,,,,,,,,,,16.86,7.56,21.95,,,,,,,,,,2.94,-5.09,8.0,,,,,,,,,,,,,,,,,,,,,,,,,,,,,,,,,,,
2014-05-18,25.11,17.83,33.24,,,,,,,,,,,,,47.92,38.72,53.02,,,,,,,,,,,,,6.11,-1.17,14.24,,,,,,,,,,,,,16.89,7.52,22.01,,,,,,,,,,2.96,-5.25,8.04,,,,,,,,,,,,,,,,,,,,,,,,,,,,,,,,,,,
2014-05-19,25.07,17.76,33.24,,,,,,,,,,,,,47.94,38.72,53.06,,,,,,,,,,,,,6.07,-1.24,14.24,,,,,,,,,,,,,16.93,7.51,22.05,,,,,,,,,,2.97,-5.39,8.08,,,,,,,,,,,,,,,,,,,,,,,,,,,,,,,,,,,
2014-05-20,25.05,17.69,33.25,,,,,,,,,,,,,47.96,38.72,53.1,,,,,,,,,,,,,6.05,-1.31,14.25,,,,,,,,,,,,,16.95,7.48,22.09,,,,,,,,,,2.98,-5.5,8.11,,,,,,,,,,,,,,,,,,,,,,,,,,,,,,,,,,,
2014-05-21,25.03,17.64,33.25,,,,,,,,,,,,,47.98,38.72,53.12,,,,,,,,,,,,,6.03,-1.36,14.25,,,,,,,,,,,,,16.97,7.47,22.12,,,,,,,,,,2.99,-5.6,8.13,,,,,,,,,,,,,,,,,,,,,,,,,,,,,,,,,,,
2014-05-22,25.02,17.6,33.25,,,,,,,,,,,,,47.99,38.71,53.14,,,,,,,,,,,,,6.02,-1.4,14.25,,,,,,,,,,,,,16.98,7.45,22.14,,,,,,,,,,2.99,-5.67,8.14,,,,,,,,,,,,,,,,,,,,,,,,,,,,,,,,,,,
2014-05-23,25.01,17.58,33.25,,,,,,,,,,,,,47.99,38.71,53.15,,,,,,,,,,,,,6.01,-1.42,14.25,,,,,,,,,,,,,16.99,7.45,22.15,,,,,,,,,,3.0,-5.71,8.15,,,,,,,,,,,,,,,,,,,,,,,,,,,,,,,,,,,
2014-05-24,25.0,17.56,33.25,,,,,,,,,,,,,48.0,38.71,53.16,,,,,,,,,,,,,6.0,-1.44,14.25,,,,,,,,,,,,,17.0,7.44,22.16,,,,,,,,,,3.0,-5.74,8.16,,,,,,,,,,,,,,,,,,,,,,,,,,,,,,,,,,,
2014-05-25,25.0,17.56,33.25,,,,,,,,,,,,,48.0,38.71,53.16,,,,,,,,,,,,,6.0,-1.44,14.25,,,,,,,,,,,,,17.0,7.44,22.16,,,,,,,,,,3.0,-5.75,8.16,,,,,,,,,,,,,,,,,,,,,,,,,,,,,,,,,,,
2014-05-26,25.0,16.28,30.95,,,,,,,,,,,,,48.0,39.28,53.95,,,,,,,,,,,,,6.0,-2.72,11.95,,,,,,,,,,,,,17.0,8.28,22.95,,,,,,,,,,3.0,-5.72,8.95,,,,,,,,,,,,,,,,,,,,,,,,,,,,,,,,,,,
2014-06-07,25.0,17.72,30.95,,,,,,,,,,,,,48.0,40.72,53.95,,,,,,,,,,,,,6.0,-1.28,11.95,,,,,,,,,,,,,17.0,9.72,22.95,,,,,,,,,,3.0,-4.28,8.95,,,,,,,,,,,,,,,,,,,,,,,,,,,,,,,,,,,
2014-06-08,25.0,18.11,31.27,,,,,,,,,,,,,48.0,41.11,53.97,,,,,,,,,,,,,6.0,-0.89,12.27,,,,,,,,,,,,,17.0,8.25,22.9,,,,,,,,,,3.0,-3.89,9.27,,,,,,,,,,,,,,,,,,,,,,,,,,,,,,,,,,,
2014-06-09,25.0,18.12,31.26,,,,,,,,,,,,,48.0,41.12,53.96,,,,,,,,,,,,,6.0,-0.88,12.26,,,,,,,,,,,,,17.0,8.25,22.88,,,,,,,,,,3.0,-3.88,9.26,,,,,,,,,,,,,,,,,,,,,,,,,,,,,,,,,,,
2014-06-10,25.01,18.14,31.24,,,,,,,,,,,,,48.0,41.13,53.96,,,,,,,,,,,,,6.01,-0.85,12.24,,,,,,,,,,,,,16.99,8.25,22.84,,,,,,,,,,3.01,-3.85,9.24,,,,,,,,,,,,,,,,,,,,,,,,,,,,,,,,,,,
2014-06-11,25.01,18.2,31.18,,,,,,,,,,,,,47.99,41.17,53.94,,,,,,,,,,,,,6.01,-0.8,12.18,,,,,,,,,,,,,16.97,8.26,22.76,,,,,,,,,,3.01,-3.8,9.18,,,,,,,,,,,,,,,,,,,,,,,,,,,,,,,,,,,
2014-06-12,25.02,18.28,31.1,,,,,,,,,,,,,47.99,41.21,53.9,,,,,,,,,,,,,6.02,-0.72,12.1,,,,,,,,,,,,,16.94,8.27,22.62,,,,,,,,,,3.02,-3.72,9.1,,,,,,,,,,,,,,,,,,,,,,,,,,,,,,,,,,,
2014-06-13,25.04,18.41,31.02,,,,,,,,,,,,,47.98,41.29,53.8,,,,,,,,,,,,,6.04,-0.59,12.02,,,,,,,,,,,,,16.9,8.29,22.4,,,,,,,,,,3.04,-3.59,9.02,,,,,,,,,,,,,,,,,,,,,,,,,,,,,,,,,,,
2014-06-14,25.07,18.57,30.99,,,,,,,,,,,,,47.97,41.38,53.72,,,,,,,,,,,,,6.07,-0.43,11.99,,,,,,,,,,,,,16.84,8.32,22.24,,,,,,,,,,3.07,-3.43,8.99,,,,,,,,,,,,,,,,,,,,,,,,,,,,,,,,,,,
2014-06-15,25.1,18.79,30.95,,,,,,,,,,,,,47.95,41.5,53.71,,,,,,,,,,,,,6.1,-0.21,11.95,,,,,,,,,,,,,16.75,8.37,22.08,,,,,,,,,,3.1,-3.21,8.95,,,,,,,,,,,,,,,,,,,,,,,,,,,,,,,,,,,
2014-06-16,25.14,19.06,30.91,,,,,,,,,,,,,47.93,41.65,53.63,,,,,,,,,,,,,6.14,0.06,11.91,,,,,,,,,,,,,16.65,8.63,21.95,,,,,,,,,,3.14,-2.94,8.91,,,,,,,,,,,,,,,,,,,,,,,,,,,,,,,,,,,
2014-06-17,25.2,19.36,30.85,,,,,,,,,,,,,47.9,41.83,53.51,,,,,,,,,,,,,6.2,0.36,11.85,,,,,,,,,,,,,16.51,8.86,21.77,,,,,,,,,,3.2,-2.64,8.85,,,,,,,,,,,,,,,,,,,,,,,,,,,,,,,,,,,
2014-06-18,25.26,19.45,30.79,,,,,,,,,,,,,47.87,41.89,53.38,,,,,,,,,,,,,6.26,0.45,11.79,,,,,,,,,,,,,16.35,8.87,21.53,,,,,,,,,,3.26,-2.55,8.79,,,,,,,,,,,,,,,,,,,,,,,,,,,,,,,,,,,
2014-06-19,25.34,19.5,30.7,,,,,,,,,,,,,47.83,41.96,53.2,,,,,,,,,,,,,6.34,0.5,11.7,,,,,,,,,,,,,16.16,8.96,21.24,,,,,,,,,,3.34,-2.5,8.7,,,,,,,,,,,,,,,,,,,,,,,,,,,,,,,,,,,
2014-06-20,25.43,19.98,30.61,,,,,,,,,,,,,47.79,42.24,53.08,,,,,,,,,,,,,6.43,0.98,11.61,,,,,,,,,,,,,15.94,9.36,20.95,,,,,,,,,,3.43,-2.02,8.61,,,,,,,,,,,,,,,,,,,,,,,,,,,,,,,,,,,
2014-06-21,25.52,20.25,30.44,,,,,,,,,,,,,47.74,42.3,52.75,,,,,,,,,,,,,6.52,1.25,11.44,,,,,,,,,,,,,15.69,9.56,20.53,,,,,,,,,,3.52,-1.75,8.44,,,,,,,,,,,,,,,,,,,,,,,,,,,,,,,,,,,
2014-06-22,25.63,20.43,30.34,,,,,,,,,,,,,47.68,42.42,52.39,,,,,,,,,,,,,6.63,1.43,11.34,,,,,,,,,,,,,15.42,9.4,19.88,,,,,,,,,,3.63,-1.57,8.34,,,,,,,,,,,,,,,,,,,,,,,,,,,,,,,,,,,
2014-06-23,25.75,20.66,30.1,,,,,,,,,,,,,47.62,42.36,52.18,,,,,,,,,,,,,6.75,1.66,11.1,,,,,,,,,,,,,15.12,9.37,19.68,,,,,,,,,,3.75,-1.34,8.1,,,,,,,,,,,,,,,,,,,,,,,,,,,,,,,,,,,
2014-06-24,25.87,20.8,29.92,,,,,,,,,,,,,47.56,42.17,51.7,,,,,,,,,,,,,6.87,1.8,10.92,,,,,,,,,,,,,14.81,8.93,19.09,,,,,,,,,,3.87,-1.2,7.92,,,,,,,,,,,,,,,,,,,,,,,,,,,,,,,,,,,
2014-06-25,26.0,20.84,30.05,,,,,,,,,,,,,47.5,42.13,51.62,,,,,,,,,,,,,7.0,1.84,11.05,,,,,,,,,,,,,14.5,8.88,18.62,,,,,,,,,,4.0,-1.16,8.05,,,,,,,,,,,,,,,,,,,,,,,,,,,,,,,,,,,
2014-06-26,26.13,21.03,30.01,,,,,,,,,,,,,47.44,42.1,51.55,,,,,,,,,,,,,7.13,2.03,11.01,,,,,,,,,,,,,14.19,8.63,18.35,,,,,,,,,,4.13,-0.97,8.01,,,,,,,,,,,,,,,,,,,,,,,,,,,,,,,,,,,
2014-06-27,26.25,21.2,30.27,,,,,,,,,,,,,47.38,41.93,51.85,,,,,,,,,,,,,7.25,2.2,11.27,,,,,,,,,,,,,13.88,8.18,18.38,,,,,,,,,,4.25,-0.8,8.27,,,,,,,,,,,,,,,,,,,,,,,,,,,,,,,,,,,
2014-06-28,26.37,20.75,31.03,,,,,,,,,,,,,47.32,41.75,52.43,,,,,,,,,,,,,7.37,1.75,12.03,,,,,,,,,,,,,13.58,7.73,18.76,,,,,,,,,,4.37,-1.25,9.03,,,,,,,,,,,,,,,,,,,,,,,,,,,,,,,,,,,
2014-06-29,26.48,20.77,31.36,,,,,,,,,,,,,47.26,41.62,52.61,,,,,,,,,,,,,7.48,1.77,12.36,,,,,,,,,,,,,13.31,7.62,19.08,,,,,,,,,,4.48,-1.23,9.36,,,,,,,,,,,,,,,,,,,,,,,,,,,,,,,,,,,
2014-06-30,26.57,20.81,31.6,,,,,,,,,,,,,47.21,41.52,52.71,,,,,,,,,,,,,7.57,1.81,12.6,,,,,,,,,,,,,13.06,6.97,19.12,,,,,,,,,,4.57,-1.19,9.6,,,,,,,,,,,,,,,,,,,,,,,,,,,,,,,,,,,
2014-07-01,26.66,20.86,31.82,,,,,,,,,,,,,47.17,41.44,52.78,,,,,,,,,,,,,7.66,1.86,12.82,,,,,,,,,,,,,12.84,6.91,19.15,,,,,,,,,,4.66,-1.14,9.82,,,,,,,,,,,,,,,,,,,,,,,,,,,,,,,,,,,
2014-07-02,26.74,20.23,32.0,,,,,,,,,,,,,47.13,41.26,52.85,,,,,,,,,,,,,7.74,1.23,13.0,,,,,,,,,,,,,12.65,6.78,19.15,,,,,,,,,,4.74,-1.77,10.0,,,,,,,,,,,,,,,,,,,,,,,,,,,,,,,,,,,
2014-07-03,26.8,19.91,32.58,,,,,,,,,,,,,47.1,40.92,53.08,,,,,,,,,,,,,7.8,0.91,13.58,,,,,,,,,,,,,12.49,6.45,19.15,,,,,,,,,,4.8,-2.09,10.58,,,,,,,,,,,,,,,,,,,,,,,,,,,,,,,,,,,
2014-07-04,26.86,19.85,32.88,,,,,,,,,,,,,47.07,40.71,53.13,,,,,,,,,,,,,7.86,0.85,13.88,,,,,,,,,,,,,12.35,6.31,19.15,,,,,,,,,,4.86,-2.15,10.88,,,,,,,,,,,,,,,,,,,,,,,,,,,,,,,,,,,
2014-07-05,26.9,19.8,33.29,,,,,,,,,,,,,47.05,40.55,53.43,,,,,,,,,,,,,7.9,0.8,14.29,,,,,,,,,,,,,12.25,6.21,19.35,,,,,,,,,,4.9,-2.2,11.29,,,,,,,,,,,,,,,,,,,,,,,,,,,,,,,,,,,
2014-07-06,26.93,19.77,33.58,,,,,,,,,,,,,47.03,40.41,53.67,,,,,,,,,,,,,7.93,0.77,14.58,,,,,,,,,,,,,12.16,6.0,19.51,,,,,,,,,,4.93,-2.23,11.58,,,,,,,,,,,,,,,,,,,,,,,,,,,,,,,,,,,
2014-07-07,26.96,19.74,33.72,,,,,,,,,,,,,47.02,40.32,53.73,,,,,,,,,,,,,7.96,0.74,14.72,,,,,,,,,,,,,12.1,5.73,19.64,,,,,,,,,,4.96,-2.26,11.72,,,,,,,,,,,,,,,,,,,,,,,,,,,,,,,,,,,
2014-07-08,26.98,19.72,33.74,,,,,,,,,,,,,47.01,40.25,53.74,,,,,,,,,,,,,7.98,0.72,14.74,,,,,,,,,,,,,12.06,5.54,19.73,,,,,,,,,,4.98,-2.28,11.74,,,,,,,,,,,,,,,,,,,,,,,,,,,,,,,,,,,
2014-07-09,26.99,19.71,33.75,,,,,,,,,,,,,47.01,40.2,53.75,,,,,,,,,,,,,7.99,0.71,14.75,,,,,,,,,,,,,12.03,5.41,19.78,,,,,,,,,,4.99,-2.29,11.75,,,,,,,,,,,,,,,,,,,,,,,,,,,,,,,,,,,
2014-07-10,26.99,19.7,33.75,,,,,,,,,,,,,47.0,40.17,53.75,,,,,,,,,,,,,7.99,0.7,14.75,,,,,,,,,,,,,12.01,5.33,19.81,,,,,,,,,,4.99,-2.3,11.75,,,,,,,,,,,,,,,,,,,,,,,,,,,,,,,,,,,
2014-07-11,27.0,19.7,33.76,,,,,,,,,,,,,47.0,40.15,53.76,,,,,,,,,,,,,8.0,0.7,14.76,,,,,,,,,,,,,12.0,5.28,19.81,,,,,,,,,,5.0,-2.3,11.76,,,,,,,,,,,,,,,,,,,,,,,,,,,,,,,,,,,
2014-07-12,27.0,19.7,33.76,,,,,,,,,,,,,47.0,40.15,53.76,,,,,,,,,,,,,8.0,0.7,14.76,,,,,,,,,,,,,12.0,5.27,19.81,,,,,,,,,,5.0,-2.3,11.76,,,,,,,,,,,,,,,,,,,,,,,,,,,,,,,,,,,
2014-07-13,27.0,20.2,34.21,,,,,,,,,,,,,47.0,40.2,54.21,,,,,,,,,,,,,8.0,1.2,15.21,,,,,,,,,,,,,12.0,5.2,19.21,,,,,,,,,,5.0,-1.8,12.21,,,,,,,,,,,,,,,,,,,,,,,,,,,,,,,,,,,
2014-07-26,27.0,19.93,34.73,,,,,,,,,,,,,47.0,39.93,54.73,,,,,,,,,,,,,8.0,0.93,15.73,,,,,,,,,,,,,12.0,4.93,19.73,,,,,,,,,,5.0,-2.07,12.73,,,,,,,,,,,,,,,,,,,,,,,,,,,,,,,,,,,
2014-07-27,27.0,20.21,34.19,,,,,,,,,,,,,47.0,37.63,54.15,,,,,,,,,,,,,8.0,0.99,15.15,,,,,,,,,,,,,12.0,5.21,22.44,,,,,,,,,,5.0,-1.79,12.19,,,,,,,,,,,,,,,,,,,,,,,,,,,,,,,,,,,
2014-07-28,27.0,20.21,34.18,,,,,,,,,,,,,47.0,37.63,54.14,,,,,,,,,,,,,8.0,0.99,15.14,,,,,,,,,,,,,12.0,5.22,22.44,,,,,,,,,,5.0,-1.79,12.18,,,,,,,,,,,,,,,,,,,,,,,,,,,,,,,,,,,
2014-07-29,27.0,20.22,34.16,,,,,,,,,,,,,46.99,37.63,54.11,,,,,,,,,,,,,8.0,1.0,15.11,,,,,,,,,,,,,12.01,5.23,22.44,,,,,,,,,,5.0,-1.78,12.16,,,,,,,,,,,,,,,,,,,,,,,,,,,,,,,,,,,
2014-07-30,27.0,20.23,34.12,,,,,,,,,,,,,46.98,37.63,54.04,,,,,,,,,,,,,7.99,1.0,15.07,,,,,,,,,,,,,12.03,5.26,22.44,,,,,,,,,,5.0,-1.77,12.12,,,,,,,,,,,,,,,,,,,,,,,,,,,,,,,,,,,
2014-07-31,26.99,20.25,34.09,,,,,,,,,,,,,46.96,37.63,53.94,,,,,,,,,,,,,7.99,1.0,15.01,,,,,,,,,,,,,12.05,5.31,22.44,,,,,,,,,,4.99,-1.75,12.09,,,,,,,,,,,,,,,,,,,,,,,,,,,,,,,,,,,
2014-08-01,26.99,20.28,34.09,,,,,,,,,,,,,46.94,37.63,53.81,,,,,,,,,,,,,7.98,1.01,14.91,,,,,,,,,,,,,12.09,5.37,22.44,,,,,,,,,,4.99,-1.72,12.09,,,,,,,,,,,,,,,,,,,,,,,,,,,,,,,,,,,
2014-08-02,26.99,20.3,34.07,,,,,,,,,,,,,46.91,37.63,53.7,,,,,,,,,,,,,7.97,1.01,14.79,,,,,,,,,,,,,12.13,5.45,22.44,,,,,,,,,,4.99,-1.7,12.07,,,,,,,,,,,,,,,,,,,,,,,,,,,,,,,,,,,
2014-08-03,26.98,20.31,34.06,,,,,,,,,,,,,46.87,37.63,53.68,,,,,,,,,,,,,7.96,1.02,14.7,,,,,,,,,,,,,12.19,5.58,22.44,,,,,,,,,,4.98,-1.68,12.06,,,,,,,,,,,,,,,,,,,,,,,,,,,,,,,,,,,
2014-08-04,26.97,20.33,34.06,,,,,,,,,,,,,46.83,37.63,53.65,,,,,,,,,,,,,7.94,1.02,14.68,,,,,,,,,,,,,12.25,5.71,22.44,,,,,,,,,,4.97,-1.67,12.06,,,,,,,,,,,,,,,,,,,,,,,,,,,,,,,,,,,
2014-08-05,26.96,20.38,34.06,,,,,,,,,,,,,46.78,37.63,53.63,,,,,,,,,,,,,7.93,1.03,14.66,,,,,,,,,,,,,12.33,5.87,22.44,,,,,,,,,,4.96,-1.62,12.06,,,,,,,,,,,,,,,,,,,,,,,,,,,,,,,,,,,
2014-08-06,26.95,20.47,34.06,,,,,,,,,,,,,46.72,37.63,53.6,,,,,,,,,,,,,7.91,1.03,14.65,,,,,,,,,,,,,12.41,6.02,22.44,,,,,,,,,,4.95,-1.53,12.06,,,,,,,,,,,,,,,,,,,,,,,,,,,,,,,,,,,
2014-08-07,26.94,20.58,33.96,,,,,,,,,,,,,46.66,37.63,53.39,,,,,,,,,,,,,7.89,1.03,14.65,,,,,,,,,,,,,12.51,6.07,22.44,,,,,,,,,,4.94,-1.42,11.96,,,,,,,,,,,,,,,,,,,,,,,,,,,,,,,,,,,
2014-08-08,26.93,20.68,33.84,,,,,,,,,,,,,46.59,37.63,53.16,,,,,,,,,,,,,7.86,1.03,14.65,,,,,,,,,,,,,12.61,6.4,22.44,,,,,,,,,,4.93,-1.32,11.84,,,,,,,,,,,,,,,,,,,,,,,,,,,,,,,,,,,
2014-08-09,26.92,20.79,33.71,,,,,,,,,,,,,46.52,37.63,52.94,,,,,,,,,,,,,7.84,1.03,14.5,,,,,,,,,,,,,12.72,6.62,22.44,,,,,,,,,,4.92,-1.21,11.71,,,,,,,,,,,,,,,,,,,,,,,,,,,,,,,,,,,
2014-08-10,26.91,20.91,33.69,,,,,,,,,,,,,46.44,37.63,52.7,,,,,,,,,,,,,7.81,1.14,14.35,,,,,,,,,,,,,12.83,6.68,22.44,,,,,,,,,,4.91,-1.09,11.69,,,,,,,,,,,,,,,,,,,,,,,,,,,,,,,,,,,
2014-08-11,26.89,20.93,33.68,,,,,,,,,,,,,46.36,37.63,52.58,,,,,,,,,,,,,7.79,1.31,14.2,,,,,,,,,,,,,12.95,6.69,22.44,,,,,,,,,,4.89,-1.07,11.68,,,,,,,,,,,,,,,,,,,,,,,,,,,,,,,,,,,
2014-08-12,26.88,20.93,33.66,,,,,,,,,,,,,46.28,37.63,52.48,,,,,,,,,,,,,7.76,1.37,14.09,,,,,,,,,,,,,13.08,6.7,22.44,,,,,,,,,,4.88,-1.07,11.66,,,,,,,,,,,,,,,,,,,,,,,,,,,,,,,,,,,
2014-08-13,26.87,20.93,33.61,,,,,,,,,,,,,46.2,37.63,52.18,,,,,,,,,,,,,7.73,1.4,14.07,,,,,,,,,,,,,13.21,6.85,22.44,,,,,,,,,,4.87,-1.07,11.61,,,,,,,,,,,,,,,,,,,,,,,,,,,,,,,,,,,
2014-08-14,26.85,21.01,33.48,,,,,,,,,,,,,46.11,37.63,51.88,,,,,,,,,,,,,7.7,1.42,14.06,,,,,,,,,,,,,13.34,6.93,22.44,,,,,,,,,,4.85,-0.99,11.48,,,,,,,,,,,,,,,,,,,,,,,,,,,,,,,,,,,
2014-08-15,26.84,21.0,33.35,,,,,,,,,,,,,46.02,37.63,51.6,,,,,,,,,,,,,7.67,1.46,14.04,,,,,,,,,,,,,13.47,6.93,22.44,,,,,,,,,,4.84,-1.0,11.35,,,,,,,,,,,,,,,,,,,,,,,,,,,,,,,,,,,
2014-08-16,26.82,20.95,33.22,,,,,,,,,,,,,45.93,37.63,51.47,,,,,,,,,,,,,7.64,1.57,13.86,,,,,,,,,,,,,13.6,7.0,22.44,,,,,,,,,,4.82,-1.04,11.22,,,,,,,,,,,,,,,,,,,,,,,,,,,,,,,,,,,
2014-08-17,26.81,21.01,33.09,,,,,,,,,,,,,45.85,37.68,51.45,,,,,,,,,,,,,7.62,1.63,13.7,,,,,,,,,,,,,13.73,7.05,22.45,,,,,,,,,,4.81,-0.99,11.09,,,,,,,,,,,,,,,,,,,,,,,,,,,,,,,,,,,
2014-08-18,26.79,21.01,32.97,,,,,,,,,,,,,45.76,37.76,51.42,,,,,,,,,,,,,7.59,1.54,13.55,,,,,,,,,,,,,13.86,7.08,22.45,,,,,,,,,,4.79,-0.99,10.97,,,,,,,,,,,,,,,,,,,,,,,,,,,,,,,,,,,
2014-08-19,26.78,21.01,32.86,,,,,,,,,,,,,45.67,37.84,51.42,,,,,,,,,,,,,7.56,1.46,13.4,,,,,,,,,,,,,13.99,7.09,22.46,,,,,,,,,,4.78,-0.99,10.86,,,,,,,,,,,,,,,,,,,,,,,,,,,,,,,,,,,
2014-08-20,26.76,21.01,32.73,,,,,,,,,,,,,45.59,37.86,51.42,,,,,,,,,,,,,7.53,1.47,13.31,,,,,,,,,,,,,14.12,7.1,22.52,,,,,,,,,,4.76,-0.99,10.73,,,,,,,,,,,,,,,,,,,,,,,,,,,,,,,,,,,
2014-08-21,26.75,21.01,32.6,,,,,,,,,,,,,45.5,37.87,51.42,,,,,,,,,,,,,7.5,1.48,13.25,,,,,,,,,,,,,14.24,7.1,22.59,,,,,,,,,,4.75,-0.99,10.6,,,,,,,,,,,,,,,,,,,,,,,,,,,,,,,,,,,
2014-08-22,26.74,21.01,32.48,,,,,,,,,,,,,45.42,37.87,51.42,,,,,,,,,,,,,7.47,1.49,13.2,,,,,,,,,,,,,14.37,7.11,22.64,,,,,,,,,,4.74,-0.99,10.48,,,,,,,,,,,,,,,,,,,,,,,,,,,,,,,,,,,
2014-08-23,26.72,21.01,32.37,,,,,,,,,,,,,45.34,37.88,51.39,,,,,,,,,,,,,7.45,1.5,13.08,,,,,,,,,,,,,14.49,7.11,22.69,,,,,,,,,,4.72,-0.99,10.37,,,,,,,,,,,,,,,,,,,,,,,,,,,,,,,,,,,
2014-08-24,26.71,21.01,32.28,,,,,,,,,,,,,45.27,37.89,51.23,,,,,,,,,,,,,7.42,1.51,12.95,,,,,,,,,,,,,14.6,7.12,22.75,,,,,,,,,,4.71,-0.99,10.28,,,,,,,,,,,,,,,,,,,,,,,,,,,,,,,,,,,
2014-08-25,26.7,21.01,32.2,,,,,,,,,,,,,45.19,37.92,51.07,,,,,,,,,,,,,7.4,1.51,12.85,,,,,,,,,,,,,14.71,7.12,22.67,,,,,,,,,,4.7,-0.99,10.2,,,,,,,,,,,,,,,,,,,,,,,,,,,,,,,,,,,
2014-08-26,26.69,21.01,32.14,,,,,,,,,,,,,45.12,37.95,50.92,,,,,,,,,,,,,7.37,1.51,12.84,,,,,,,,,,,,,14.82,7.12,22.55,,,,,,,,,,4.69,-0.99,10.14,,,,,,,,,,,,,,,,,,,,,,,,,,,,27.0,47.0,8.0,12.0,5.0,,,
2014-08-27,26.67,21.01,32.1,,,,,,,,,,,,,45.05,37.98,50.8,,,,,,,,,,,,,7.35,1.52,12.83,,,,,,,,,,,,,14.93,7.13,22.46,,,,,,,,,,4.67,-0.99,10.1,,,,,,,,,,,,,,,,,,,,,,,,,,,,,,,,,,,
2014-08-28,26.66,21.01,32.06,,,,,,,,,,,,,44.98,38.01,50.79,,,,,,,,,,,,,7.33,1.53,12.82,,,,,,,,,,,,,15.03,7.13,22.44,,,,,,,,,,4.66,-0.99,10.06,,,,,,,,,,,,,,,,,,,,,,,,,,,,,,,,,,,
2014-08-29,26.65,21.01,32.01,,,,,,,,,,,,,44.92,38.03,50.73,,,,,,,,,,,,,7.31,1.6,12.82,,,,,,,,,,,,,15.12,7.14,22.44,,,,,,,,,,4.65,-0.99,10.01,,,,,,,,,,,,,,,,,,,,,,,,,,,,,,,,,,,
2014-08-30,26.64,21.01,31.97,,,,,,,,,,,,,44.86,37.94,50.57,,,,,,,,,,,,,7.29,1.59,12.8,,,,,,,,,,,,,15.21,7.14,22.44,,,,,,,,,,4.64,-0.99,9.97,,,,,,,,,,,,,,,,,,,,,,,,,,,,,,,,,,,
2014-08-31,26.63,21.01,31.93,,,,,,,,,,,,,44.8,37.87,50.43,,,,,,,,,,,,,7.27,1.55,12.76,,,,,,,,,,,,,15.3,7.14,22.44,,,,,,,,,,4.63,-0.99,9.93,,,,,,,,,,,,,,,,,,,,,,,,,,,,,,,,,,,
2014-09-01,26.62,21.01,31.89,,,,,,,,,,,,,44.74,37.88,50.3,,,,,,,,,,,,,7.25,1.56,12.72,,,,,,,,,,,,,15.39,7.14,22.44,,,,,,,,,,4.62,-0.99,9.89,,,,,,,,,,,,,,,,,,,,,,,,,,,,,,,,,,,
2014-09-02,26.61,21.01,31.85,,,,,,,,,,,,,44.69,37.88,50.18,,,,,,,,,,,,,7.23,1.56,12.69,,,,,,,,,,,,,15.47,7.15,22.44,,,,,,,,,,4.61,-0.99,9.85,,,,,,,,,,,,,,,,,,,,,,,,,,,,,,,,,,,
2014-09-03,26.61,21.01,31.81,,,,,,,,,,,,,44.64,37.88,50.08,,,,,,,,,,,,,7.21,1.57,12.62,,,,,,,,,,,,,15.55,7.15,22.44,,,,,,,,,,4.61,-0.99,9.81,,,,,,,,,,,,,,,,,,,,,,,,,,,,,,,,,,,
2014-09-04,26.6,21.05,31.78,,,,,,,,,,,,,44.59,37.88,50.05,,,,,,,,,,,,,7.2,1.57,12.53,,,,,,,,,,,,,15.62,7.27,22.44,,,,,,,,,,4.6,-0.95,9.78,,,,,,,,,,,,,,,,,,,,,,,,,,,,,,,,,,,
2014-09-05,26.59,21.06,31.75,,,,,,,,,,,,,44.54,37.88,50.03,,,,,,,,,,,,,7.18,1.58,12.49,,,,,,,,,,,,,15.69,7.44,22.45,,,,,,,,,,4.59,-0.93,9.75,,,,,,,,,,,,,,,,,,,,,,,,,,,,,,,,,,,
2014-09-06,26.58,20.62,32.83,,,,,,,,,,,,,44.49,37.62,50.12,,,,,,,,,,,,,7.16,0.98,12.86,,,,,,,,,,,,,15.76,6.92,24.71,,,,,,,,,,4.58,-1.38,10.83,,,,,,,,,,,,,,,,,,,,,,,,,,,,,,,,,,,
2014-09-07,26.58,20.65,33.1,,,,,,,,,,,,,44.45,37.65,50.01,,,,,,,,,,,,,7.15,0.98,13.1,,,,,,,,,,,,,15.82,6.93,25.25,,,,,,,,,,4.58,-1.35,11.1,,,,,,,,,,,,,,,,,,,,,,,,,,,,,,,,,,,
2014-09-08,26.57,20.66,33.09,,,,,,,,,,,,,44.41,37.65,49.97,,,,,,,,,,,,,7.14,0.99,13.09,,,,,,,,,,,,,15.89,6.93,25.25,,,,,,,,,,4.57,-1.34,11.09,,,,,,,,,,,,,,,,,,,,,,,,,,,,,,,,,,,
2014-09-09,26.56,20.68,33.07,,,,,,,,,,,,,44.37,37.65,49.95,,,,,,,,,,,,,7.12,0.99,13.06,,,,,,,,,,,,,15.95,6.94,25.25,,,,,,,,,,4.56,-1.33,11.07,,,,,,,,,,,,,,,,,,,,,,,,,,,,,,,,,,,
2014-09-10,26.56,20.71,33.04,,,,,,,,,,,,,44.32,37.65,49.94,,,,,,,,,,,,,7.11,0.95,13.02,,,,,,,,,,,,,16.02,6.95,25.24,,,,,,,,,,4.56,-1.3,11.03,,,,,,,,,,,,,,,,,,,,,,,,,,,,,,,,,,,
2014-09-11,26.56,20.76,32.99,,,,,,,,,,,,,44.28,37.65,49.93,,,,,,,,,,,,,7.1,0.96,12.96,,,,,,,,,,,,,16.08,6.97,25.24,,,,,,,,,,4.55,-1.25,10.98,,,,,,,,,,,,,,,,,,,,,,,,,,,,,,,,,,,
2014-09-12,26.55,20.84,32.92,,,,,,,,,,,,,44.24,37.65,49.93,,,,,,,,,,,,,7.08,0.98,12.87,,,,,,,,,,,,,16.15,7.0,25.24,,,,,,,,,,4.55,-1.19,10.9,,,,,,,,,,,,,,,,,,,,,,,,,,,,,,,,,,,
2014-09-13,26.56,20.94,32.85,,,,,,,,,,,,,44.19,37.66,49.91,,,,,,,,,,,,,7.07,1.01,12.81,,,,,,,,,,,,,16.22,7.0,25.23,,,,,,,,,,4.55,-1.11,10.83,,,,,,,,,,,,,,,,,,,,,,,,,,,,,,,,,,,
2014-09-14,26.56,21.06,32.81,,,,,,,,,,,,,44.15,37.66,49.83,,,,,,,,,,,,,7.06,1.04,12.78,,,,,,,,,,,,,16.29,7.0,25.23,,,,,,,,,,4.55,-1.0,10.79,,,,,,,,,,,,,,,,,,,,,,,,,,,,,,,,,,,
2014-09-15,26.56,21.11,32.78,,,,,,,,,,,,,44.1,37.65,49.75,,,,,,,,,,,,,7.05,1.07,12.74,,,,,,,,,,,,,16.36,7.01,25.22,,,,,,,,,,4.55,-0.91,10.76,,,,,,,,,,,,,,,,,,,,,,,,,,,,,,,,,,,
2014-09-16,26.57,21.16,32.74,,,,,,,,,,,,,44.05,37.64,49.71,,,,,,,,,,,,,7.04,1.12,12.69,,,,,,,,,,,,,16.44,7.12,25.21,,,,,,,,,,4.55,-0.86,10.72,,,,,,,,,,,,,,,,,,,,,,,,,,,,,,,,,,,
2014-09-17,26.57,21.2,32.71,,,,,,,,,,,,,44.01,37.63,49.7,,,,,,,,,,,,,7.03,1.16,12.59,,,,,,,,,,,,,16.52,7.25,25.2,,,,,,,,,,4.55,-0.82,10.62,,,,,,,,,,,,,,,,,,,,,,,,,,,,,,,,,,,
2014-09-18,26.58,21.25,32.64,,,,,,,,,,,,,43.96,37.62,49.69,,,,,,,,,,,,,7.02,1.2,12.49,,,,,,,,,,,,,16.6,7.38,25.19,,,,,,,,,,4.55,-0.78,10.52,,,,,,,,,,,,,,,,,,,,,,,,,,,,,,,,,,,
2014-09-19,26.59,21.29,32.54,,,,,,,,,,,,,43.9,37.59,49.68,,,,,,,,,,,,,7.01,1.25,12.47,,,,,,,,,,,,,16.68,7.53,25.18,,,,,,,,,,4.56,-0.74,10.4,,,,,,,,,,,,,,,,,,,,,,,,,,,,,,,,,,,
2014-09-20,26.61,21.3,32.44,,,,,,,,,,,,,43.85,37.54,49.67,,,,,,,,,,,,,6.99,1.35,12.45,,,,,,,,,,,,,16.77,7.71,25.16,,,,,,,,,,4.56,-0.71,10.28,,,,,,,,,,,,,,,,,,,,,,,,,,,,,,,,,,,
2014-09-21,26.62,21.41,32.35,,,,,,,,,,,,,43.8,37.49,49.66,,,,,,,,,,,,,6.98,1.48,12.43,,,,,,,,,,,,,16.85,7.96,25.15,,,,,,,,,,4.57,-0.73,10.19,,,,,,,,,,,,,,,,,,,,,,,,,,,,,,,,,,,
2014-09-22,26.64,21.47,32.28,,,,,,,,,,,,,43.74,37.43,49.65,,,,,,,,,,,,,6.97,1.54,12.42,,,,,,,,,,,,,16.94,8.19,25.14,,,,,,,,,,4.58,-0.62,10.09,,,,,,,,,,,,,,,,,,,,,,,,,,,,,,,,,,,
2014-09-23,26.65,21.53,32.21,,,,,,,,,,,,,43.69,37.49,49.64,,,,,,,,,,,,,6.96,1.61,12.42,,,,,,,,,,,,,17.04,8.36,25.12,,,,,,,,,,4.58,-0.58,10.0,,,,,,,,,,,,,,,,,,,,,,,,,,,,,,,,,,,
2014-09-24,26.67,21.6,32.14,,,,,,,,,,,,,43.63,37.56,49.64,,,,,,,,,,,,,6.95,1.68,12.41,,,,,,,,,,,,,17.13,8.55,25.12,,,,,,,,,,4.59,-0.54,9.91,,,,,,,,,,,,,,,,,,,,,,,,,,,,,,,,,,,
2014-09-25,26.69,21.65,32.07,,,,,,,,,,,,,43.57,37.63,49.62,,,,,,,,,,,,,6.94,1.73,12.4,,,,,,,,,,,,,17.23,8.78,25.11,,,,,,,,,,4.6,-0.49,9.82,,,,,,,,,,,,,,,,,,,,,,,,,,,,,,,,,,,
2014-09-26,26.71,21.71,32.0,,,,,,,,,,,,,43.51,37.65,49.57,,,,,,,,,,,,,6.93,1.74,12.36,,,,,,,,,,,,,17.33,8.99,25.04,,,,,,,,,,4.61,-0.45,9.73,,,,,,,,,,,,,,,,,,,,,,,,,,,,,,,,,,,
2014-09-27,26.73,21.78,31.94,,,,,,,,,,,,,43.45,37.66,49.51,,,,,,,,,,,,,6.92,1.75,12.33,,,,,,,,,,,,,17.43,9.24,24.9,,,,,,,,,,4.62,-0.4,9.68,,,,,,,,,,,,,,,,,,,,,,,,,,,,,,,,,,,
2014-09-28,26.75,21.84,31.9,,,,,,,,,,,,,43.39,37.68,49.46,,,,,,,,,,,,,6.91,1.78,12.29,,,,,,,,,,,,,17.53,9.47,24.93,,,,,,,,,,4.63,-0.35,9.68,,,,,,,,,,,,,,,,,,,,,,,,,,,,,,,,,,,
2014-09-29,26.77,21.9,31.92,,,,,,,,,,,,,43.33,37.68,49.4,,,,,,,,,,,,,6.9,1.83,12.26,,,,,,,,,,,,,17.63,9.53,25.02,,,,,,,,,,4.64,-0.31,9.68,,,,,,,,,,,,,,,,,,,,,,,,,,,,,,,,,,,
2014-09-30,26.8,21.96,31.93,,,,,,,,,,,,,43.27,37.68,49.35,,,,,,,,,,,,,6.89,1.9,12.23,,,,,,,,,,,,,17.74,9.58,25.07,,,,,,,,,,4.66,-0.26,9.69,,,,,,,,,,,,,,,,,,,,,,,,,,,,,,,,,,,
2014-10-01,26.82,22.0,31.95,,,,,,,,,,,,,43.2,37.76,49.31,,,,,,,,,,,,,6.88,1.98,12.19,,,,,,,,,,,,,17.85,9.61,25.07,,,,,,,,,,4.67,-0.14,9.7,,,,,,,,,,,,,,,,,,,,,,,,,,,,,,,,,,,
2014-10-02,26.84,22.02,31.97,,,,,,,,,,,,,43.14,37.77,49.26,,,,,,,,,,,,,6.87,2.05,12.16,,,,,,,,,,,,,17.96,9.84,25.07,,,,,,,,,,4.68,0.0,9.71,,,,,,,,,,,,,,,,,,,,,,,,,,,,,,,,,,,
2014-10-03,26.86,22.03,32.0,,,,,,,,,,,,,43.07,37.75,49.21,,,,,,,,,,,,,6.86,2.1,12.13,,,,,,,,,,,,,18.06,9.99,25.14,,,,,,,,,,4.69,0.0,9.73,,,,,,,,,,,,,,,,,,,,,,,,,,,,,,,,,,,
2014-10-04,26.89,22.04,32.04,,,,,,,,,,,,,43.01,37.75,49.22,,,,,,,,,,,,,6.85,2.16,12.09,,,,,,,,,,,,,18.18,10.04,25.24,,,,,,,,,,4.7,0.0,9.74,,,,,,,,,,,,,,,,,,,,,,,,,,,,,,,,,,,
2014-10-05,26.91,22.03,32.07,,,,,,,,,,,,,42.94,37.8,49.15,,,,,,,,,,,,,6.84,2.2,12.1,,,,,,,,,,,,,18.29,10.07,25.32,,,,,,,,,,4.72,0.0,9.76,,,,,,,,,,,,,,,,,,,,,,,,,,,,,,,,,,,
2014-10-06,26.94,22.01,32.11,,,,,,,,,,,,,42.87,37.86,49.06,,,,,,,,,,,,,6.83,2.15,12.11,,,,,,,,,,,,,18.4,10.26,25.33,,,,,,,,,,4.73,-0.04,9.78,,,,,,,,,,,,,,,,,,,,,,,,,,,,,,,,,,,
2014-10-07,26.96,22.01,32.15,,,,,,,,,,,,,42.8,37.86,48.98,,,,,,,,,,,,,6.82,2.01,12.1,,,,,,,,,,,,,18.51,10.47,25.25,,,,,,,,,,4.74,-0.02,9.8,,,,,,,,,,,,,,,,,,,,,,,,,,,,,,,,,,,
2014-10-08,26.98,22.03,32.17,,,,,,,,,,,,,42.74,37.82,48.92,,,,,,,,,,,,,6.81,1.89,12.11,,,,,,,,,,,,,18.63,10.61,25.18,,,,,,,,,,4.75,-0.08,9.82,,,,,,,,,,,,,,,,,,,,,,,,,,,,,,,,,,,
2014-10-09,27.01,22.02,32.16,,,,,,,,,,,,,42.67,37.78,48.86,,,,,,,,,,,,,6.8,1.88,12.16,,,,,,,,,,,,,18.74,10.84,25.12,,,,,,,,,,4.76,-0.16,9.83,,,,,,,,,,,,,,,,,,,,,,,,,,,,,,,,,,,
2014-10-10,27.03,22.0,32.18,,,,,,,,,,,,,42.6,37.68,48.8,,,,,,,,,,,,,6.79,1.9,12.17,,,,,,,,,,,,,18.86,11.1,25.06,,,,,,,,,,4.78,-0.08,9.87,,,,,,,,,,,,,,,,,,,,,,,,,,,,,,,,,,,
2014-10-11,27.05,22.0,32.26,,,,,,,,,,,,,42.53,37.68,48.74,,,,,,,,,,,,,6.78,1.92,12.17,,,,,,,,,,,,,18.97,11.37,25.0,,,,,,,,,,4.79,0.0,9.92,,,,,,,,,,,,,,,,,,,,,,,,,,,,,,,,,,,
2014-10-12,27.08,22.0,32.27,,,,,,,,,,,,,42.46,37.67,48.53,,,,,,,,,,,,,6.76,2.01,12.16,,,,,,,,,,,,,19.09,11.65,24.95,,,,,,,,,,4.8,0.0,9.93,,,,,,,,,,,,,,,,,,,,,,,,,,,,,,,,,,,
2014-10-13,27.1,22.0,32.32,,,,,,,,,,,,,42.39,37.62,48.24,,,,,,,,,,,,,6.75,2.11,11.87,,,,,,,,,,,,,19.21,11.94,24.9,,,,,,,,,,4.81,0.0,9.98,,,,,,,,,,,,,,,,,,,,,,,,,,,,,,,,,,,
2014-10-14,27.12,22.0,32.28,,,,,,,,,,,,,42.32,37.55,48.13,,,,,,,,,,,,,6.74,2.15,11.68,,,,,,,,,,,,,19.33,12.17,24.88,,,,,,,,,,4.82,0.0,9.9,,,,,,,,,,,,,,,,,,,,,,,,,,,,26.0,41.0,6.0,21.0,4.0,,,
2014-10-15,27.14,22.03,32.34,,,,,,,,,,,,,42.25,37.49,48.02,,,,,,,,,,,,,6.73,2.15,11.67,,,,,,,,,,,,,19.44,12.22,24.88,,,,,,,,,,4.83,0.03,9.87,,,,,,,,,,,,,,,,,,,,,,,,,,,,,,,,,,,
2014-10-16,27.16,22.05,32.41,,,,,,,,,,,,,42.18,37.42,47.93,,,,,,,,,,,,,6.71,2.13,11.78,,,,,,,,,,,,,19.56,12.27,24.95,,,,,,,,,,4.84,0.04,9.94,,,,,,,,,,,,,,,,,,,,,,,,,,,,,,,,,,,
2014-10-17,27.18,22.05,32.46,,,,,,,,,,,,,42.1,37.35,47.86,,,,,,,,,,,,,6.7,2.09,11.8,,,,,,,,,,,,,19.68,12.3,25.03,,,,,,,,,,4.85,0.03,9.98,,,,,,,,,,,,,,,,,,,,,,,,,,,,,,,,,,,
2014-10-18,27.2,22.04,32.56,,,,,,,,,,,,,42.03,37.28,47.88,,,,,,,,,,,,,6.69,2.05,11.92,,,,,,,,,,,,,19.79,12.3,25.11,,,,,,,,,,4.86,0.01,9.98,,,,,,,,,,,,,,,,,,,,,,,,,,,,,,,,,,,
2014-10-19,27.22,21.95,32.77,,,,,,,,,,,,,41.97,36.87,47.99,,,,,,,,,,,,,6.68,1.67,12.4,,,,,,,,,,,,,19.91,10.92,25.59,,,,,,,,,,4.87,-0.19,10.48,,,,,,,,,,,,,,,,,,,,,,,,,,,,,,,,,,,
2014-10-20,27.24,21.98,32.87,,,,,,,,,,,,,41.9,36.85,48.02,,,,,,,,,,,,,6.66,0.94,12.38,,,,,,,,,,,,,20.02,10.76,25.49,,,,,,,,,,4.88,-0.17,10.6,,,,,,,,,,,,,,,,,,,,,,,,,,,,,,,,,,,
2014-10-21,27.26,21.98,32.9,,,,,,,,,,,,,41.83,36.78,48.03,,,,,,,,,,,,,6.65,0.96,12.37,,,,,,,,,,,,,20.13,10.83,25.56,,,,,,,,,,4.89,-0.23,10.6,,,,,,,,,,,,,,,,,,,,,,,,,,,,,,,,,,,
2014-10-22,27.28,21.94,32.96,,,,,,,,,,,,,41.77,36.72,48.04,,,,,,,,,,,,,6.64,0.98,12.48,,,,,,,,,,,,,20.24,10.9,25.64,,,,,,,,,,4.9,-0.28,10.58,,,,,,,,,,,,,,,,,,,,,,,,,,,,,,,,,,,
2014-10-23,27.3,21.94,33.04,,,,,,,,,,,,,41.7,36.63,48.05,,,,,,,,,,,,,6.62,1.0,12.49,,,,,,,,,,,,,20.34,10.97,25.69,,,,,,,,,,4.91,-0.34,10.56,,,,,,,,,,,,,,,,,,,,,,,,,,,,,,,,,,,
2014-10-24,27.32,21.96,33.13,,,,,,,,,,,,,41.65,36.43,48.06,,,,,,,,,,,,,6.61,1.03,12.48,,,,,,,,,,,,,20.43,11.05,25.97,,,,,,,,,,4.91,-0.39,10.54,,,,,,,,,,,,,,,,,,,,,,,,,,,,,,,,,,,
2014-10-25,27.34,21.95,33.2,,,,,,,,,,,,,41.59,36.26,48.06,,,,,,,,,,,,,6.59,1.06,12.45,,,,,,,,,,,,,20.52,11.11,26.15,,,,,,,,,,4.92,-0.42,10.52,,,,,,,,,,,,,,,,,,,,,,,,,,,,,,,,,,,
2014-10-26,27.36,21.95,33.28,,,,,,,,,,,,,41.55,36.1,48.06,,,,,,,,,,,,,6.58,1.11,12.42,,,,,,,,,,,,,20.61,11.19,26.2,,,,,,,,,,4.93,-0.47,10.5,,,,,,,,,,,,,,,,,,,,,,,,,,,,,,,,,,,
2014-10-27,27.39,21.92,33.33,,,,,,,,,,,,,41.5,35.96,48.05,,,,,,,,,,,,,6.56,1.03,12.37,,,,,,,,,,,,,20.68,11.34,26.44,,,,,,,,,,4.94,-0.48,10.48,,,,,,,,,,,,,,,,,,,,,,,,,,,,,,,,,,,
2014-10-28,27.41,21.87,33.08,,,,,,,,,,,,,41.46,35.96,47.97,,,,,,,,,,,,,6.54,1.07,12.27,,,,,,,,,,,,,20.74,11.43,26.62,,,,,,,,,,4.95,-0.39,10.45,,,,,,,,,,,,,,,,,,,,,,,,,,,,,,,,,,,
2014-10-29,27.43,21.82,32.87,,,,,,,,,,,,,41.43,36.09,47.87,,,,,,,,,,,,,6.52,0.9,12.12,,,,,,,,,,,,,20.8,11.57,26.62,,,,,,,,,,4.95,-0.63,10.44,,,,,,,,,,,,,,,,,,,,,,,,,,,,,,,,,,,
2014-10-30,27.45,21.76,32.88,,,,,,,,,,,,,41.41,36.19,47.91,,,,,,,,,,,,,6.5,0.56,12.09,,,,,,,,,,,,,20.84,11.63,26.57,,,,,,,,,,4.96,-0.77,10.45,,,,,,,,,,,,,,,,,,,,,,,,,,,,,,,,,,,
2014-10-31,27.48,21.61,32.89,,,,,,,,,,,,,41.39,36.03,47.93,,,,,,,,,,,,,6.48,0.37,12.06,,,,,,,,,,,,,20.88,11.76,26.51,,,,,,,,,,4.97,-0.84,10.44,,,,,,,,,,,,,,,,,,,,,,,,,,,,,,,,,,,
2014-11-01,27.5,21.43,32.9,,,,,,,,,,,,,41.38,35.84,47.94,,,,,,,,,,,,,6.45,0.19,12.04,,,,,,,,,,,,,20.9,11.86,26.53,,,,,,,,,,4.98,-1.04,10.42,,,,,,,,,,,,,,,,,,,,,,,,,,,,,,,,,,,
2014-11-02,27.53,21.33,32.89,,,,,,,,,,,,,41.38,35.72,48.11,,,,,,,,,,,,,6.43,-0.04,12.02,,,,,,,,,,,,,20.91,11.91,26.74,,,,,,,,,,4.99,-1.29,10.39,,,,,,,,,,,,,,,,,,,,,,,,,,,,,,,,,,,
2014-11-03,27.55,21.21,32.88,,,,,,,,,,,,,41.38,35.68,48.11,,,,,,,,,,,,,6.41,-0.32,12.0,,,,,,,,,,,,,20.92,11.98,26.76,,,,,,,,,,4.99,-1.44,10.35,,,,,,,,,,,,,,,,,,,,,,,,,,,,,,,,,,,
2014-11-04,27.58,21.13,33.06,,,,,,,,,,,,,41.39,35.66,47.98,,,,,,,,,,,,,6.38,-0.63,11.97,,,,,,,,,,,,,20.91,12.05,26.63,,,,,,,,,,5.0,-1.54,10.33,,,,,,,,,,,,,,,,,,,,,,,,,,,,,,,,,,,
2014-11-05,27.6,21.09,33.18,,,,,,,,,,,,,41.41,35.67,47.97,,,,,,,,,,,,,6.36,-0.86,11.94,,,,,,,,,,,,,20.89,12.11,26.5,,,,,,,,,,5.01,-1.59,10.31,,,,,,,,,,,,,,,,,,,,,,,,,,,,,,,,,,,
2014-11-06,27.63,21.08,33.31,,,,,,,,,,,,,41.43,35.59,48.0,,,,,,,,,,,,,6.34,-0.9,11.9,,,,,,,,,,,,,20.86,12.17,26.36,,,,,,,,,,5.01,-1.63,10.32,,,,,,,,,,,,,,,,,,,,,,,,,,,,,,,,,,,
2014-11-07,27.65,21.1,33.36,,,,,,,,,,,,,41.46,35.54,47.98,,,,,,,,,,,,,6.31,-0.93,11.86,,,,,,,,,,,,,20.82,12.22,26.22,,,,,,,,,,5.02,-1.75,10.35,,,,,,,,,,,,,,,,,,,,,,,,,,,,,,,,,,,
2014-11-08,27.68,21.19,33.35,,,,,,,,,,,,,41.49,35.51,47.95,,,,,,,,,,,,,6.29,-0.94,11.8,,,,,,,,,,,,,20.78,12.27,26.07,,,,,,,,,,5.03,-1.83,10.32,,,,,,,,,,,,,,,,,,,,,,,,,,,,,,,,,,,
2014-11-09,27.71,21.24,33.33,,,,,,,,,,,,,41.53,35.49,47.94,,,,,,,,,,,,,6.27,-0.94,11.75,,,,,,,,,,,,,20.73,12.3,26.13,,,,,,,,,,5.04,-1.9,10.29,,,,,,,,,,,,,,,,,,,,,,,,,,,,,,,,,,,
2014-11-10,27.73,21.24,33.3,,,,,,,,,,,,,41.57,35.48,47.91,,,,,,,,,,,,,6.24,-0.94,11.69,,,,,,,,,,,,,20.67,12.31,26.16,,,,,,,,,,5.04,-1.95,10.26,,,,,,,,,,,,,,,,,,,,,,,,,,,,,,,,,,,
2014-11-11,27.76,21.27,33.26,,,,,,,,,,,,,41.62,35.48,47.89,,,,,,,,,,,,,6.22,-0.95,11.62,,,,,,,,,,,,,20.6,12.31,25.93,,,,,,,,,,5.05,-1.99,10.23,,,,,,,,,,,,,,,,,,,,,,,,,,,,,,,,,,,
2014-11-12,27.79,21.3,33.21,,,,,,,,,,,,,41.67,35.5,47.86,,,,,,,,,,,,,6.2,-0.95,11.55,,,,,,,,,,,,,20.53,12.31,25.75,,,,,,,,,,5.06,-2.01,10.19,,,,,,,,,,,,,,,,,,,,,,,,,,,,,,,,,,,
2014-11-13,27.81,21.34,33.16,,,,,,,,,,,,,41.72,35.69,47.84,,,,,,,,,,,,,6.17,-0.95,11.49,,,,,,,,,,,,,20.46,12.31,25.72,,,,,,,,,,5.07,-2.03,10.15,,,,,,,,,,,,,,,,,,,,,,,,,,,,,,,,,,,
2014-11-14,27.84,21.37,33.2,,,,,,,,,,,,,41.77,35.82,47.83,,,,,,,,,,,,,6.15,-0.97,11.41,,,,,,,,,,,,,20.38,12.48,25.7,,,,,,,,,,5.07,-2.06,10.14,,,,,,,,,,,,,,,,,,,,,,,,,,,,,,,,,,,
2014-11-15,27.87,21.5,32.84,,,,,,,,,,,,,41.82,35.9,47.79,,,,,,,,,,,,,6.13,-0.92,11.21,,,,,,,,,,,,,20.31,12.56,25.6,,,,,,,,,,5.08,-1.33,10.05,,,,,,,,,,,,,,,,,,,,,,,,,,,,,,,,,,,
2014-11-16,27.89,21.53,32.85,,,,,,,,,,,,,41.87,35.99,47.78,,,,,,,,,,,,,6.11,-0.84,11.06,,,,,,,,,,,,,20.23,12.56,25.61,,,,,,,,,,5.09,-1.23,10.02,,,,,,,,,,,,,,,,,,,,,,,,,,,,,,,,,,,
2014-11-17,27.92,21.56,32.83,,,,,,,,,,,,,41.93,36.08,47.73,,,,,,,,,,,,,6.08,-0.76,10.91,,,,,,,,,,,,,20.16,12.56,25.54,,,,,,,,,,5.1,-1.14,9.98,,,,,,,,,,,,,,,,,,,,,,,,,,,,,,,,,,,
2014-11-18,27.95,21.6,32.81,,,,,,,,,,,,,41.98,36.09,47.67,,,,,,,,,,,,,6.06,-0.68,10.88,,,,,,,,,,,,,20.08,12.56,25.46,,,,,,,,,,5.1,-1.05,9.94,,,,,,,,,,,,,,,,,,,,,,,,,,,,,,,,,,,
2014-11-19,27.98,21.64,32.78,,,,,,,,,,,,,42.04,36.1,47.6,,,,,,,,,,,,,6.04,-0.6,10.88,,,,,,,,,,,,,20.0,12.54,25.38,,,,,,,,,,5.11,-0.96,9.91,,,,,,,,,,,,,,,,,,,,,,,,,,,,,,,,,,,
2014-11-20,28.01,21.75,32.76,,,,,,,,,,,,,42.09,36.15,47.54,,,,,,,,,,,,,6.02,-0.52,10.89,,,,,,,,,,,,,19.93,12.47,25.29,,,,,,,,,,5.12,-0.86,9.84,,,,,,,,,,,,,,,,,,,,,,,,,,,,,,,,,,,
2014-11-21,28.04,21.9,32.74,,,,,,,,,,,,,42.14,36.26,47.47,,,,,,,,,,,,,5.99,-0.44,10.89,,,,,,,,,,,,,19.85,12.39,25.15,,,,,,,,,,5.13,-0.76,9.75,,,,,,,,,,,,,,,,,,,,,,,,,,,,,,,,,,,
2014-11-22,28.07,22.04,32.72,,,,,,,,,,,,,42.2,36.3,47.47,,,,,,,,,,,,,5.97,-0.37,10.83,,,,,,,,,,,,,19.78,12.32,25.1,,,,,,,,,,5.14,-0.67,9.65,,,,,,,,,,,,,,,,,,,,,,,,,,,,,,,,,,,
2014-11-23,28.1,22.08,32.69,,,,,,,,,,,,,42.25,36.34,47.56,,,,,,,,,,,,,5.95,-0.29,10.75,,,,,,,,,,,,,19.7,12.27,25.05,,,,,,,,,,5.15,-0.55,9.68,,,,,,,,,,,,,,,,,,,,,,,,,,,,,,,,,,,
2014-11-24,28.13,22.12,32.62,,,,,,,,,,,,,42.3,36.39,47.62,,,,,,,,,,,,,5.93,-0.23,10.67,,,,,,,,,,,,,19.63,12.22,25.01,,,,,,,,,,5.16,-0.46,9.71,,,,,,,,,,,,,,,,,,,,,,,,,,,,,,,,,,,
2014-11-25,28.16,22.15,32.56,,,,,,,,,,,,,42.35,36.44,47.64,,,,,,,,,,,,,5.91,-0.2,10.61,,,,,,,,,,,,,19.56,12.19,24.95,,,,,,,,,,5.17,-0.43,9.69,,,,,,,,,,,,,,,,,,,,,,,,,,,,29.0,41.0,7.0,22.0,6.0,,,
2014-11-26,28.19,22.15,32.51,,,,,,,,,,,,,42.4,36.49,47.81,,,,,,,,,,,,,5.89,-0.22,10.61,,,,,,,,,,,,,19.48,12.06,24.85,,,,,,,,,,5.18,-0.43,9.65,,,,,,,,,,,,,,,,,,,,,,,,,,,,,,,,,,,
2014-11-27,28.22,22.09,32.55,,,,,,,,,,,,,42.45,36.54,48.0,,,,,,,,,,,,,5.87,-0.29,10.63,,,,,,,,,,,,,19.41,11.92,24.73,,,,,,,,,,5.19,-0.46,9.61,,,,,,,,,,,,,,,,,,,,,,,,,,,,,,,,,,,
2014-11-28,28.25,21.96,33.07,,,,,,,,,,,,,42.51,35.58,48.54,,,,,,,,,,,,,5.85,-0.57,10.89,,,,,,,,,,,,,19.34,12.29,25.19,,,,,,,,,,5.2,-0.88,10.08,,,,,,,,,,,,,,,,,,,,,,,,,,,,,,,,,,,
2014-11-29,28.28,21.91,33.07,,,,,,,,,,,,,42.56,35.58,48.63,,,,,,,,,,,,,5.83,-0.54,11.0,,,,,,,,,,,,,19.27,12.31,25.15,,,,,,,,,,5.21,-0.81,10.18,,,,,,,,,,,,,,,,,,,,,,,,,,,,,,,,,,,
2014-11-30,28.31,21.95,33.08,,,,,,,,,,,,,42.6,35.57,48.67,,,,,,,,,,,,,5.81,-0.7,10.91,,,,,,,,,,,,,19.2,12.31,25.13,,,,,,,,,,5.22,-0.96,10.14,,,,,,,,,,,,,,,,,,,,,,,,,,,,,,,,,,,
2014-12-01,28.35,21.98,33.19,,,,,,,,,,,,,42.65,35.55,48.69,,,,,,,,,,,,,5.79,-0.83,10.84,,,,,,,,,,,,,19.14,12.31,25.1,,,,,,,,,,5.24,-1.12,10.12,,,,,,,,,,,,,,,,,,,,,,,,,,,,,,,,,,,
2014-12-02,28.38,22.02,33.31,,,,,,,,,,,,,42.7,35.57,48.7,,,,,,,,,,,,,5.77,-0.81,10.75,,,,,,,,,,,,,19.07,12.31,25.05,,,,,,,,,,5.25,-1.28,10.21,,,,,,,,,,,,,,,,,,,,,,,,,,,,,,,,,,,
2014-12-03,28.4,22.06,33.43,,,,,,,,,,,,,42.75,35.6,48.69,,,,,,,,,,,,,5.75,-0.78,10.67,,,,,,,,,,,,,19.01,12.03,25.05,,,,,,,,,,5.26,-1.42,10.39,,,,,,,,,,,,,,,,,,,,,,,,,,,,,,,,,,,
2014-12-04,28.43,22.09,33.46,,,,,,,,,,,,,42.79,35.63,48.65,,,,,,,,,,,,,5.73,-0.75,10.59,,,,,,,,,,,,,18.94,12.07,25.05,,,,,,,,,,5.28,-1.4,10.55,,,,,,,,,,,,,,,,,,,,,,,,,,,,,,,,,,,
2014-12-05,28.46,22.07,33.6,,,,,,,,,,,,,42.83,35.68,48.61,,,,,,,,,,,,,5.71,-0.69,10.69,,,,,,,,,,,,,18.88,12.11,25.06,,,,,,,,,,5.3,-1.42,10.76,,,,,,,,,,,,,,,,,,,,,,,,,,,,,,,,,,,
2014-12-06,28.48,22.02,33.74,,,,,,,,,,,,,42.87,35.74,48.54,,,,,,,,,,,,,5.69,-0.92,10.84,,,,,,,,,,,,,18.82,12.16,25.06,,,,,,,,,,5.32,-1.36,10.98,,,,,,,,,,,,,,,,,,,,,,,,,,,,,,,,,,,
2014-12-07,28.51,22.01,33.88,,,,,,,,,,,,,42.91,35.81,48.71,,,,,,,,,,,,,5.68,-0.99,10.97,,,,,,,,,,,,,18.76,12.2,25.07,,,,,,,,,,5.34,-1.31,10.96,,,,,,,,,,,,,,,,,,,,,,,,,,,,,,,,,,,
2014-12-08,28.53,21.93,34.01,,,,,,,,,,,,,42.95,35.88,48.73,,,,,,,,,,,,,5.66,-0.95,11.08,,,,,,,,,,,,,18.71,12.1,25.08,,,,,,,,,,5.36,-1.31,11.0,,,,,,,,,,,,,,,,,,,,,,,,,,,,,,,,,,,
2014-12-09,28.55,21.79,34.15,,,,,,,,,,,,,42.98,35.97,48.67,,,,,,,,,,,,,5.64,-1.05,11.03,,,,,,,,,,,,,18.65,11.97,25.08,,,,,,,,,,5.39,-1.11,11.14,,,,,,,,,,,,,,,,,,,,,,,,,,,,,,,,,,,
2014-12-10,28.56,21.56,34.17,,,,,,,,,,,,,43.02,36.05,48.62,,,,,,,,,,,,,5.62,-1.16,10.97,,,,,,,,,,,,,18.6,11.82,24.99,,,,,,,,,,5.41,-0.95,11.16,,,,,,,,,,,,,,,,,,,,,,,,,,,,,,,,,,,
2014-12-11,28.58,21.56,34.07,,,,,,,,,,,,,43.05,36.23,48.62,,,,,,,,,,,,,5.6,-1.25,10.92,,,,,,,,,,,,,18.55,11.7,24.81,,,,,,,,,,5.44,-0.82,11.15,,,,,,,,,,,,,,,,,,,,,,,,,,,,,,,,,,,
2014-12-12,28.59,21.55,33.99,,,,,,,,,,,,,43.07,36.27,48.73,,,,,,,,,,,,,5.58,-1.18,10.84,,,,,,,,,,,,,18.51,11.67,24.68,,,,,,,,,,5.47,-0.7,11.15,,,,,,,,,,,,,,,,,,,,,,,,,,,,,,,,,,,
2014-12-13,28.6,21.59,33.89,,,,,,,,,,,,,43.1,36.38,48.86,,,,,,,,,,,,,5.56,-1.08,10.77,,,,,,,,,,,,,18.46,11.69,24.54,,,,,,,,,,5.49,-0.58,11.15,,,,,,,,,,,,,,,,,,,,,,,,,,,,,,,,,,,
2014-12-14,28.6,21.5,33.98,,,,,,,,,,,,,43.12,36.32,48.95,,,,,,,,,,,,,5.54,-1.0,10.69,,,,,,,,,,,,,18.42,11.73,24.41,,,,,,,,,,5.52,-0.46,11.14,,,,,,,,,,,,,,,,,,,,,,,,,,,,,,,,,,,
2014-12-15,28.6,21.45,33.89,,,,,,,,,,,,,43.14,36.28,48.93,,,,,,,,,,,,,5.52,-1.02,10.63,,,,,,,,,,,,,18.38,11.77,24.31,,,,,,,,,,5.55,-0.66,11.14,,,,,,,,,,,,,,,,,,,,,,,,,,,,,,,,,,,
2014-12-16,28.6,21.46,33.74,,,,,,,,,,,,,43.16,36.34,48.83,,,,,,,,,,,,,5.5,-1.67,10.56,,,,,,,,,,,,,18.34,11.81,24.31,,,,,,,,,,5.59,-1.03,11.14,,,,,,,,,,,,,,,,,,,,,,,,,,,,,,,,,,,
2014-12-17,28.6,21.55,33.66,,,,,,,,,,,,,43.18,36.43,48.97,,,,,,,,,,,,,5.48,-1.78,10.57,,,,,,,,,,,,,18.3,11.87,24.3,,,,,,,,,,5.62,-1.38,11.17,,,,,,,,,,,,,,,,,,,,,,,,,,,,,,,,,,,
2014-12-18,28.6,21.56,33.55,,,,,,,,,,,,,43.19,36.51,49.02,,,,,,,,,,,,,5.46,-1.85,10.73,,,,,,,,,,,,,18.27,11.76,24.3,,,,,,,,,,5.65,-1.65,11.17,,,,,,,,,,,,,,,,,,,,,,,,,,,,,,,,,,,
2014-12-19,28.59,21.57,33.42,,,,,,,,,,,,,43.2,36.4,49.01,,,,,,,,,,,,,5.44,-1.91,10.87,,,,,,,,,,,,,18.24,11.62,24.3,,,,,,,,,,5.68,-1.65,11.18,,,,,,,,,,,,,,,,,,,,,,,,,,,,,,,,,,,
2014-12-20,28.58,21.58,33.29,,,,,,,,,,,,,43.21,36.33,49.17,,,,,,,,,,,,,5.42,-1.95,11.0,,,,,,,,,,,,,18.21,11.59,24.34,,,,,,,,,,5.71,-1.65,11.19,,,,,,,,,,,,,,,,,,,,,,,,,,,,,,,,,,,
2014-12-21,28.56,21.58,33.16,,,,,,,,,,,,,43.22,36.41,49.33,,,,,,,,,,,,,5.41,-2.0,11.1,,,,,,,,,,,,,18.19,11.49,24.3,,,,,,,,,,5.74,-1.65,11.3,,,,,,,,,,,,,,,,,,,,,,,,,,,,,,,,,,,
2014-12-22,28.55,21.58,33.11,,,,,,,,,,,,,43.22,36.5,49.48,,,,,,,,,,,,,5.39,-2.04,11.0,,,,,,,,,,,,,18.16,11.39,24.53,,,,,,,,,,5.77,-1.64,11.57,,,,,,,,,,,,,,,,,,,,,,,,,,,,,,,,,,,
2014-12-23,28.53,21.57,33.15,,,,,,,,,,,,,43.23,36.58,49.44,,,,,,,,,,,,,5.37,-2.06,10.85,,,,,,,,,,,,,18.14,11.32,24.84,,,,,,,,,,5.8,-1.6,11.68,,,,,,,,,,,,,,,,,,,,,,,,,,,,,,,,,,,
2014-12-24,28.51,21.51,33.2,,,,,,,,,,,,,43.23,36.52,49.39,,,,,,,,,,,,,5.35,-1.98,10.86,,,,,,,,,,,,,18.12,11.26,25.08,,,,,,,,,,5.83,-1.49,11.78,,,,,,,,,,,,,,,,,,,,,,,,,,,,,,,,,,,
2014-12-25,28.49,21.25,33.24,,,,,,,,,,,,,43.23,36.26,49.48,,,,,,,,,,,,,5.33,-1.91,10.91,,,,,,,,,,,,,18.1,11.23,25.14,,,,,,,,,,5.86,-1.37,11.86,,,,,,,,,,,,,,,,,,,,,,,,,,,,,,,,,,,
2014-12-26,28.47,21.31,33.28,,,,,,,,,,,,,43.23,36.1,49.57,,,,,,,,,,,,,5.31,-1.74,10.81,,,,,,,,,,,,,18.08,11.2,25.14,,,,,,,,,,5.89,-1.25,11.92,,,,,,,,,,,,,,,,,,,,,,,,,,,,,,,,,,,
2014-12-27,28.44,21.38,33.31,,,,,,,,,,,,,43.23,36.19,49.63,,,,,,,,,,,,,5.29,-1.56,10.68,,,,,,,,,,,,,18.07,11.2,25.14,,,,,,,,,,5.91,-1.14,11.97,,,,,,,,,,,,,,,,,,,,,,,,,,,,,,,,,,,
2014-12-28,28.41,21.45,33.33,,,,,,,,,,,,,43.22,36.29,49.68,,,,,,,,,,,,,5.28,-1.5,10.72,,,,,,,,,,,,,18.05,11.2,25.05,,,,,,,,,,5.94,-0.97,12.02,,,,,,,,,,,,,,,,,,,,,,,,,,,,,,,,,,,
2014-12-29,28.38,21.52,33.35,,,,,,,,,,,,,43.22,36.38,49.71,,,,,,,,,,,,,5.26,-1.48,10.78,,,,,,,,,,,,,18.04,11.22,24.9,,,,,,,,,,5.96,-0.72,12.06,,,,,,,,,,,,,,,,,,,,,,,,,,,,,,,,,,,
2014-12-30,28.36,21.55,33.36,,,,,,,,,,,,,43.22,36.47,49.74,,,,,,,,,,,,,5.24,-1.45,10.8,,,,,,,,,,,,,18.03,11.25,24.76,,,,,,,,,,5.98,-0.61,12.04,,,,,,,,,,,,,,,,,,,,,,,,,,,,,,,,,,,
2014-12-31,28.33,21.56,33.37,,,,,,,,,,,,,43.21,36.57,49.75,,,,,,,,,,,,,5.22,-1.4,10.81,,,,,,,,,,,,,18.01,11.29,24.61,,,,,,,,,,6.01,-0.56,11.96,,,,,,,,,,,,,,,,,,,,,,,,,,,,,,,,,,,
2015-01-01,28.3,21.56,33.37,,,,,,,,,,,,,43.21,36.66,49.76,,,,,,,,,,,,,5.21,-1.33,10.82,,,,,,,,,,,,,18.0,11.35,24.47,,,,,,,,,,6.03,-0.5,11.9,,,,,,,,,,,,,,,,,,,,,,,,,,,,,,,,,,,
2015-01-02,28.26,21.55,33.4,,,,,,,,,,,,,43.2,36.75,49.74,,,,,,,,,,,,,5.19,-1.26,10.85,,,,,,,,,,,,,17.98,11.39,24.33,,,,,,,,,,6.05,-0.4,11.9,,,,,,,,,,,,,,,,,,,,,,,,,,,,,,,,,,,
2015-01-03,28.23,22.53,33.21,,,,,,,,,,,,,43.2,37.35,48.17,,,,,,,,,,,,,5.17,-0.37,9.99,,,,,,,,,,,,,17.97,12.1,24.2,,,,,,,,,,6.07,0.5,11.36,,,,,,,,,,,,,,,,,,,,,,,,,,,,,,,,,,,
2015-01-04,28.2,22.54,33.2,,,,,,,,,,,,,43.2,37.4,48.25,,,,,,,,,,,,,5.15,-0.27,9.93,,,,,,,,,,,,,17.95,12.13,24.2,,,,,,,,,,6.09,0.49,11.39,,,,,,,,,,,,,,,,,,,,,,,,,,,,,,,,,,,
2015-01-05,28.17,22.54,33.22,,,,,,,,,,,,,43.2,37.41,48.32,,,,,,,,,,,,,5.13,-0.31,9.88,,,,,,,,,,,,,17.93,12.15,24.2,,,,,,,,,,6.11,0.48,11.42,,,,,,,,,,,,,,,,,,,,,,,,,,,,,,,,,,,
2015-01-06,28.14,22.55,33.14,,,,,,,,,,,,,43.2,37.43,48.38,,,,,,,,,,,,,5.11,-0.34,9.91,,,,,,,,,,,,,17.91,12.18,24.2,,,,,,,,,,6.13,0.49,11.38,,,,,,,,,,,,,,,,,,,,,,,,,,,,,,,,,,,
2015-01-07,28.12,22.56,33.21,,,,,,,,,,,,,43.2,37.44,48.43,,,,,,,,,,,,,5.09,-0.35,9.98,,,,,,,,,,,,,17.89,12.2,24.2,,,,,,,,,,6.15,0.48,11.34,,,,,,,,,,,,,,,,,,,,,,,,,,,,29.0,46.0,4.0,14.0,5.0,,,
2015-01-08,28.09,22.57,33.24,,,,,,,,,,,,,43.2,37.46,48.48,,,,,,,,,,,,,5.07,-0.36,10.03,,,,,,,,,,,,,17.87,12.23,24.2,,,,,,,,,,6.17,0.5,11.34,,,,,,,,,,,,,,,,,,,,,,,,,,,,,,,,,,,
2015-01-09,28.06,22.58,33.21,,,,,,,,,,,,,43.21,37.48,48.54,,,,,,,,,,,,,5.05,-0.37,10.09,,,,,,,,,,,,,17.84,12.25,24.2,,,,,,,,,,6.19,0.53,11.32,,,,,,,,,,,,,,,,,,,,,,,,,,,,,,,,,,,
2015-01-10,28.03,22.61,33.18,,,,,,,,,,,,,43.21,37.55,48.61,,,,,,,,,,,,,5.03,-0.38,10.16,,,,,,,,,,,,,17.82,12.25,24.2,,,,,,,,,,6.2,0.57,11.31,,,,,,,,,,,,,,,,,,,,,,,,,,,,,,,,,,,
2015-01-11,28.0,22.71,33.15,,,,,,,,,,,,,43.21,37.64,48.63,,,,,,,,,,,,,5.01,-0.39,10.23,,,,,,,,,,,,,17.79,12.25,24.19,,,,,,,,,,6.22,0.59,11.32,,,,,,,,,,,,,,,,,,,,,,,,,,,,,,,,,,,
2015-01-12,27.97,22.84,33.16,,,,,,,,,,,,,43.22,37.73,48.56,,,,,,,,,,,,,4.98,-0.4,10.27,,,,,,,,,,,,,17.76,12.28,24.16,,,,,,,,,,6.24,0.59,11.34,,,,,,,,,,,,,,,,,,,,,,,,,,,,,,,,,,,
2015-01-13,27.95,22.97,33.21,,,,,,,,,,,,,43.23,37.81,48.52,,,,,,,,,,,,,4.96,-0.41,10.31,,,,,,,,,,,,,17.74,12.27,24.12,,,,,,,,,,6.26,0.59,11.36,,,,,,,,,,,,,,,,,,,,,,,,,,,,,,,,,,,
2015-01-14,27.92,23.1,33.25,,,,,,,,,,,,,43.23,37.9,48.56,,,,,,,,,,,,,4.94,-0.37,10.34,,,,,,,,,,,,,17.71,12.27,24.06,,,,,,,,,,6.27,0.59,11.39,,,,,,,,,,,,,,,,,,,,,,,,,,,,,,,,,,,
2015-01-15,27.89,23.23,33.29,,,,,,,,,,,,,43.24,37.87,48.57,,,,,,,,,,,,,4.92,-0.34,10.35,,,,,,,,,,,,,17.68,12.24,24.01,,,,,,,,,,6.29,0.59,11.41,,,,,,,,,,,,,,,,,,,,,,,,,,,,,,,,,,,
2015-01-16,27.87,23.32,33.34,,,,,,,,,,,,,43.25,37.87,48.6,,,,,,,,,,,,,4.89,-0.31,10.35,,,,,,,,,,,,,17.65,12.13,23.95,,,,,,,,,,6.31,0.59,11.43,,,,,,,,,,,,,,,,,,,,,,,,,,,,,,,,,,,
2015-01-17,27.84,23.27,33.39,,,,,,,,,,,,,43.26,37.92,48.64,,,,,,,,,,,,,4.87,-0.28,10.33,,,,,,,,,,,,,17.61,12.13,23.9,,,,,,,,,,6.32,0.59,11.45,,,,,,,,,,,,,,,,,,,,,,,,,,,,,,,,,,,
2015-01-18,27.82,23.23,33.43,,,,,,,,,,,,,43.27,37.84,48.67,,,,,,,,,,,,,4.85,-0.25,10.31,,,,,,,,,,,,,17.58,12.06,23.9,,,,,,,,,,6.34,0.59,11.53,,,,,,,,,,,,,,,,,,,,,,,,,,,,,,,,,,,
2015-01-19,27.79,23.14,33.48,,,,,,,,,,,,,43.28,37.68,48.71,,,,,,,,,,,,,4.83,-0.22,10.28,,,,,,,,,,,,,17.55,12.0,23.9,,,,,,,,,,6.35,0.59,11.64,,,,,,,,,,,,,,,,,,,,,,,,,,,,,,,,,,,
2015-01-20,27.77,23.04,33.53,,,,,,,,,,,,,43.29,37.54,48.74,,,,,,,,,,,,,4.81,-0.19,10.26,,,,,,,,,,,,,17.52,11.96,23.9,,,,,,,,,,6.37,0.59,11.76,,,,,,,,,,,,,,,,,,,,,,,,,,,,,,,,,,,
2015-01-21,27.74,23.03,33.58,,,,,,,,,,,,,43.29,37.47,48.76,,,,,,,,,,,,,4.78,-0.16,10.29,,,,,,,,,,,,,17.49,11.92,23.9,,,,,,,,,,6.38,0.56,11.87,,,,,,,,,,,,,,,,,,,,,,,,,,,,,,,,,,,
2015-01-22,27.72,20.9,33.59,,,,,,,,,,,,,43.3,36.23,48.67,,,,,,,,,,,,,4.76,-1.5,10.49,,,,,,,,,,,,,17.46,10.41,24.17,,,,,,,,,,6.4,-0.21,12.4,,,,,,,,,,,,,,,,,,,,,,,,,,,,,,,,,,,
2015-01-23,27.69,20.66,33.64,,,,,,,,,,,,,43.31,36.28,48.63,,,,,,,,,,,,,4.74,-1.49,10.45,,,,,,,,,,,,,17.43,10.29,24.16,,,,,,,,,,6.41,-0.28,12.39,,,,,,,,,,,,,,,,,,,,,,,,,,,,,,,,,,,
2015-01-24,27.67,20.65,33.62,,,,,,,,,,,,,43.32,36.28,48.61,,,,,,,,,,,,,4.72,-1.52,10.43,,,,,,,,,,,,,17.4,10.3,24.16,,,,,,,,,,6.42,-0.27,12.37,,,,,,,,,,,,,,,,,,,,,,,,,,,,,,,,,,,
2015-01-25,27.64,20.64,33.53,,,,,,,,,,,,,43.33,36.27,48.55,,,,,,,,,,,,,4.7,-1.54,10.5,,,,,,,,,,,,,17.37,10.3,24.16,,,,,,,,,,6.44,-0.4,12.36,,,,,,,,,,,,,,,,,,,,,,,,,,,,,,,,,,,
2015-01-26,27.62,20.63,33.43,,,,,,,,,,,,,43.33,36.16,48.54,,,,,,,,,,,,,4.69,-1.56,10.55,,,,,,,,,,,,,17.35,10.32,24.16,,,,,,,,,,6.45,-0.43,12.34,,,,,,,,,,,,,,,,,,,,,,,,,,,,,,,,,,,
2015-01-27,27.6,20.61,33.32,,,,,,,,,,,,,43.34,35.94,48.54,,,,,,,,,,,,,4.67,-1.58,10.58,,,,,,,,,,,,,17.32,10.17,23.99,,,,,,,,,,6.46,-0.37,12.45,,,,,,,,,,,,,,,,,,,,,,,,,,,,,,,,,,,
2015-01-28,27.58,20.6,33.19,,,,,,,,,,,,,43.35,36.24,48.54,,,,,,,,,,,,,4.66,-1.63,10.58,,,,,,,,,,,,,17.3,9.71,23.79,,,,,,,,,,6.47,-0.4,12.32,,,,,,,,,,,,,,,,,,,,,,,,,,,,,,,,,,,
2015-01-29,27.56,20.63,33.08,,,,,,,,,,,,,43.36,36.24,48.63,,,,,,,,,,,,,4.65,-1.86,10.57,,,,,,,,,,,,,17.27,9.25,23.79,,,,,,,,,,6.49,-0.43,12.32,,,,,,,,,,,,,,,,,,,,,,,,,,,,,,,,,,,
2015-01-30,27.54,20.67,32.92,,,,,,,,,,,,,43.37,36.24,48.71,,,,,,,,,,,,,4.64,-1.66,10.52,,,,,,,,,,,,,17.25,9.14,23.68,,,,,,,,,,6.49,-0.46,12.36,,,,,,,,,,,,,,,,,,,,,,,,,,,,,,,,,,,
2015-01-31,27.52,20.57,32.76,,,,,,,,,,,,,43.38,36.25,48.78,,,,,,,,,,,,,4.64,-1.59,10.18,,,,,,,,,,,,,17.23,9.16,23.69,,,,,,,,,,6.5,-0.45,12.37,,,,,,,,,,,,,,,,,,,,,,,,,,,,,,,,,,,
2015-02-01,27.5,20.67,32.6,,,,,,,,,,,,,43.39,36.18,48.84,,,,,,,,,,,,,4.64,-1.58,10.19,,,,,,,,,,,,,17.21,9.19,23.7,,,,,,,,,,6.51,-0.43,12.33,,,,,,,,,,,,,,,,,,,,,,,,,,,,,,,,,,,
2015-02-02,27.48,20.67,32.43,,,,,,,,,,,,,43.39,36.13,48.89,,,,,,,,,,,,,4.64,-1.56,10.19,,,,,,,,,,,,,17.2,9.23,23.71,,,,,,,,,,6.52,-0.42,12.24,,,,,,,,,,,,,,,,,,,,,,,,,,,,,,,,,,,
2015-02-03,27.47,20.68,32.26,,,,,,,,,,,,,43.4,36.07,48.93,,,,,,,,,,,,,4.64,-1.54,10.18,,,,,,,,,,,,,17.18,9.27,23.72,,,,,,,,,,6.52,-0.41,12.23,,,,,,,,,,,,,,,,,,,,,,,,,,,,,,,,,,,
2015-02-04,27.45,20.76,32.09,,,,,,,,,,,,,43.41,36.17,48.99,,,,,,,,,,,,,4.65,-1.54,10.16,,,,,,,,,,,,,17.17,9.31,23.62,,,,,,,,,,6.53,-0.54,12.15,,,,,,,,,,,,,,,,,,,,,,,,,,,,,,,,,,,
2015-02-05,27.44,20.77,32.04,,,,,,,,,,,,,43.42,36.36,48.97,,,,,,,,,,,,,4.67,-1.6,10.14,,,,,,,,,,,,,17.16,9.37,23.33,,,,,,,,,,6.53,-0.7,12.03,,,,,,,,,,,,,,,,,,,,,,,,,,,,,,,,,,,
2015-02-06,27.43,20.57,33.36,,,,,,,,,,,,,43.43,36.35,49.63,,,,,,,,,,,,,4.68,-1.73,10.38,,,,,,,,,,,,,17.15,9.21,23.77,,,,,,,,,,6.53,-1.56,12.0,,,,,,,,,,,,,,,,,,,,,,,,,,,,,,,,,,,
2015-02-07,27.41,20.5,33.41,,,,,,,,,,,,,43.43,36.43,49.55,,,,,,,,,,,,,4.7,-1.73,10.72,,,,,,,,,,,,,17.15,9.15,23.75,,,,,,,,,,6.53,-1.21,12.15,,,,,,,,,,,,,,,,,,,,,,,,,,,,,,,,,,,
2015-02-08,27.4,20.66,33.39,,,,,,,,,,,,,43.44,36.42,49.16,,,,,,,,,,,,,4.72,-1.68,10.69,,,,,,,,,,,,,17.15,9.04,23.32,,,,,,,,,,6.53,-1.07,12.04,,,,,,,,,,,,,,,,,,,,,,,,,,,,,,,,,,,
2015-02-09,27.39,20.64,33.09,,,,,,,,,,,,,43.44,36.03,49.02,,,,,,,,,,,,,4.75,-1.69,10.33,,,,,,,,,,,,,17.15,9.04,22.63,,,,,,,,,,6.53,-0.7,11.86,,,,,,,,,,,,,,,,,,,,,,,,,,,,,,,,,,,
2015-02-10,27.39,20.66,32.96,,,,,,,,,,,,,43.44,36.46,48.94,,,,,,,,,,,,,4.78,-1.71,10.2,,,,,,,,,,,,,17.15,9.04,22.57,,,,,,,,,,6.53,-0.89,11.83,,,,,,,,,,,,,,,,,,,,,,,,,,,,,,,,,,,
2015-02-11,27.38,20.69,32.81,,,,,,,,,,,,,43.45,36.48,48.83,,,,,,,,,,,,,4.81,-1.8,10.08,,,,,,,,,,,,,17.14,8.05,22.51,,,,,,,,,,6.53,-1.24,11.67,,,,,,,,,,,,,,,,,,,,,,,,,,,,,,,,,,,
2015-02-12,27.38,20.74,32.73,,,,,,,,,,,,,43.45,36.5,48.73,,,,,,,,,,,,,4.84,-1.99,9.98,,,,,,,,,,,,,17.14,8.05,22.5,,,,,,,,,,6.52,-1.15,11.53,,,,,,,,,,,,,,,,,,,,,,,,,,,,,,,,,,,
2015-02-13,27.38,20.75,32.63,,,,,,,,,,,,,43.44,36.5,48.68,,,,,,,,,,,,,4.88,-1.99,9.96,,,,,,,,,,,,,17.14,8.02,22.38,,,,,,,,,,6.52,-1.09,11.4,,,,,,,,,,,,,,,,,,,,,,,,,,,,,,,,,,,
2015-02-14,27.38,20.99,32.43,,,,,,,,,,,,,43.44,37.58,48.44,,,,,,,,,,,,,4.91,-1.43,9.74,,,,,,,,,,,,,17.13,9.35,22.29,,,,,,,,,,6.52,-0.53,11.24,,,,,,,,,,,,,,,,,,,,,,,,,,,,,,,,,,,
2015-02-15,27.39,20.92,32.46,,,,,,,,,,,,,43.43,36.54,48.56,,,,,,,,,,,,,4.95,-1.94,9.91,,,,,,,,,,,,,17.13,8.07,22.45,,,,,,,,,,6.51,-0.96,11.39,,,,,,,,,,,,,,,,,,,,,,,,,,,,,,,,,,,
2015-02-16,27.39,21.11,32.44,,,,,,,,,,,,,43.43,36.57,48.6,,,,,,,,,,,,,4.99,-1.91,9.92,,,,,,,,,,,,,17.11,8.14,22.41,,,,,,,,,,6.51,-0.9,11.37,,,,,,,,,,,,,,,,,,,,,,,,,,,,26.0,41.0,5.0,20.0,8.0,,,
2015-02-17,27.4,21.16,32.37,,,,,,,,,,,,,43.42,36.74,48.47,,,,,,,,,,,,,5.03,-1.83,9.94,,,,,,,,,,,,,17.1,8.21,22.38,,,,,,,,,,6.5,-0.83,11.32,,,,,,,,,,,,,,,,,,,,,,,,,,,,,,,,,,,
2015-02-18,27.41,21.21,32.42,,,,,,,,,,,,,43.41,36.93,48.36,,,,,,,,,,,,,5.07,-1.67,9.95,,,,,,,,,,,,,17.08,8.29,22.31,,,,,,,,,,6.5,-0.76,11.24,,,,,,,,,,,,,,,,,,,,,,,,,,,,,,,,,,,
2015-02-19,27.42,21.26,32.51,,,,,,,,,,,,,43.4,37.0,48.24,,,,,,,,,,,,,5.12,-1.39,9.93,,,,,,,,,,,,,17.06,8.4,22.18,,,,,,,,,,6.49,-0.68,11.12,,,,,,,,,,,,,,,,,,,,,,,,,,,,,,,,,,,
2015-02-20,27.44,21.34,32.52,,,,,,,,,,,,,43.38,37.07,48.19,,,,,,,,,,,,,5.16,-1.29,9.91,,,,,,,,,,,,,17.04,8.6,22.06,,,,,,,,,,6.49,-0.52,10.99,,,,,,,,,,,,,,,,,,,,,,,,,,,,,,,,,,,
2015-02-21,27.46,21.46,32.48,,,,,,,,,,,,,43.37,37.15,48.09,,,,,,,,,,,,,5.2,-1.21,9.92,,,,,,,,,,,,,17.01,8.87,22.0,,,,,,,,,,6.48,-0.39,10.96,,,,,,,,,,,,,,,,,,,,,,,,,,,,,,,,,,,
2015-02-22,27.48,21.58,32.42,,,,,,,,,,,,,43.35,37.23,48.06,,,,,,,,,,,,,5.25,-1.08,9.84,,,,,,,,,,,,,16.98,9.22,21.9,,,,,,,,,,6.47,-0.26,10.94,,,,,,,,,,,,,,,,,,,,,,,,,,,,,,,,,,,
2015-02-23,27.5,21.7,32.35,,,,,,,,,,,,,43.34,37.31,47.99,,,,,,,,,,,,,5.29,-0.75,9.75,,,,,,,,,,,,,16.94,9.35,21.67,,,,,,,,,,6.46,0.09,10.92,,,,,,,,,,,,,,,,,,,,,,,,,,,,,,,,,,,
2015-02-24,27.53,21.81,32.23,,,,,,,,,,,,,43.32,37.38,47.93,,,,,,,,,,,,,5.34,-0.35,9.66,,,,,,,,,,,,,16.9,9.51,21.59,,,,,,,,,,6.45,0.36,10.88,,,,,,,,,,,,,,,,,,,,,,,,,,,,,,,,,,,
2015-02-25,27.55,21.97,32.14,,,,,,,,,,,,,43.3,37.49,47.96,,,,,,,,,,,,,5.39,-0.11,9.56,,,,,,,,,,,,,16.86,9.48,21.47,,,,,,,,,,6.44,0.4,10.82,,,,,,,,,,,,,,,,,,,,,,,,,,,,,,,,,,,
2015-02-26,27.58,22.13,32.06,,,,,,,,,,,,,43.29,37.62,47.96,,,,,,,,,,,,,5.43,0.01,9.59,,,,,,,,,,,,,16.81,9.68,21.43,,,,,,,,,,6.43,0.37,10.79,,,,,,,,,,,,,,,,,,,,,,,,,,,,,,,,,,,
2015-02-27,27.61,22.3,31.89,,,,,,,,,,,,,43.27,37.75,47.93,,,,,,,,,,,,,5.48,0.12,9.73,,,,,,,,,,,,,16.76,9.67,21.36,,,,,,,,,,6.42,0.36,10.73,,,,,,,,,,,,,,,,,,,,,,,,,,,,,,,,,,,
2015-02-28,27.64,22.47,32.0,,,,,,,,,,,,,43.25,37.85,47.92,,,,,,,,,,,,,5.53,0.23,9.72,,,,,,,,,,,,,16.7,9.66,21.26,,,,,,,,,,6.41,0.35,10.62,,,,,,,,,,,,,,,,,,,,,,,,,,,,,,,,,,,
2015-03-01,27.67,22.65,32.09,,,,,,,,,,,,,43.23,37.95,47.87,,,,,,,,,,,,,5.57,0.34,9.68,,,,,,,,,,,,,16.64,9.66,21.16,,,,,,,,,,6.39,0.33,10.64,,,,,,,,,,,,,,,,,,,,,,,,,,,,,,,,,,,
2015-03-02,27.71,22.77,32.11,,,,,,,,,,,,,43.22,38.07,47.77,,,,,,,,,,,,,5.62,0.46,9.63,,,,,,,,,,,,,16.59,9.66,21.0,,,,,,,,,,6.38,0.34,10.62,,,,,,,,,,,,,,,,,,,,,,,,,,,,,,,,,,,
2015-03-03,27.74,22.76,32.12,,,,,,,,,,,,,43.2,38.14,47.51,,,,,,,,,,,,,5.66,0.61,9.64,,,,,,,,,,,,,16.52,9.65,20.85,,,,,,,,,,6.36,0.34,10.58,,,,,,,,,,,,,,,,,,,,,,,,,,,,,,,,,,,
2015-03-04,27.78,22.71,32.07,,,,,,,,,,,,,43.18,38.13,47.19,,,,,,,,,,,,,5.7,0.71,9.68,,,,,,,,,,,,,16.46,9.59,20.7,,,,,,,,,,6.35,0.37,10.46,,,,,,,,,,,,,,,,,,,,,,,,,,,,,,,,,,,
2015-03-05,27.81,22.7,32.05,,,,,,,,,,,,,43.17,38.14,47.05,,,,,,,,,,,,,5.74,0.86,9.69,,,,,,,,,,,,,16.4,9.52,20.56,,,,,,,,,,6.33,0.84,10.45,,,,,,,,,,,,,,,,,,,,,,,,,,,,,,,,,,,
2015-03-06,27.85,22.73,32.02,,,,,,,,,,,,,43.15,38.09,46.93,,,,,,,,,,,,,5.78,0.87,9.64,,,,,,,,,,,,,16.33,9.68,20.43,,,,,,,,,,6.32,1.07,10.41,,,,,,,,,,,,,,,,,,,,,,,,,,,,,,,,,,,
2015-03-07,27.88,22.77,32.0,,,,,,,,,,,,,43.14,38.04,46.88,,,,,,,,,,,,,5.82,0.88,9.6,,,,,,,,,,,,,16.26,9.68,20.33,,,,,,,,,,6.3,1.14,10.37,,,,,,,,,,,,,,,,,,,,,,,,,,,,,,,,,,,
2015-03-08,27.92,22.77,31.97,,,,,,,,,,,,,43.13,38.07,46.91,,,,,,,,,,,,,5.86,0.92,9.59,,,,,,,,,,,,,16.2,9.69,20.29,,,,,,,,,,6.29,1.21,10.33,,,,,,,,,,,,,,,,,,,,,,,,,,,,,,,,,,,
2015-03-09,27.96,22.85,31.95,,,,,,,,,,,,,43.12,38.06,46.94,,,,,,,,,,,,,5.9,0.97,9.61,,,,,,,,,,,,,16.13,9.69,20.26,,,,,,,,,,6.27,1.25,10.31,,,,,,,,,,,,,,,,,,,,,,,,,,,,,,,,,,,
2015-03-10,27.99,22.96,31.99,,,,,,,,,,,,,43.11,38.1,47.0,,,,,,,,,,,,,5.93,1.03,9.63,,,,,,,,,,,,,16.06,9.5,20.29,,,,,,,,,,6.25,1.18,10.42,,,,,,,,,,,,,,,,,,,,,,,,,,,,,,,,,,,
2015-03-11,28.03,22.89,32.08,,,,,,,,,,,,,43.1,38.11,47.08,,,,,,,,,,,,,5.96,1.12,9.66,,,,,,,,,,,,,15.99,9.46,20.34,,,,,,,,,,6.23,1.12,10.43,,,,,,,,,,,,,,,,,,,,,,,,,,,,,,,,,,,
2015-03-12,28.06,22.89,32.28,,,,,,,,,,,,,43.1,38.08,47.14,,,,,,,,,,,,,6.0,1.18,9.93,,,,,,,,,,,,,15.92,9.46,20.33,,,,,,,,,,6.22,1.05,10.4,,,,,,,,,,,,,,,,,,,,,,,,,,,,,,,,,,,
2015-03-13,28.1,22.97,32.57,,,,,,,,,,,,,43.09,38.08,47.2,,,,,,,,,,,,,6.03,1.18,10.01,,,,,,,,,,,,,15.85,9.39,20.29,,,,,,,,,,6.2,0.95,10.38,,,,,,,,,,,,,,,,,,,,,,,,,,,,,,,,,,,
2015-03-14,28.14,23.05,32.84,,,,,,,,,,,,,43.09,38.14,47.25,,,,,,,,,,,,,6.05,1.31,10.06,,,,,,,,,,,,,15.79,9.19,20.29,,,,,,,,,,6.18,0.87,10.43,,,,,,,,,,,,,,,,,,,,,,,,,,,,,,,,,,,
2015-03-15,28.17,23.08,32.94,,,,,,,,,,,,,43.08,38.15,47.31,,,,,,,,,,,,,6.08,1.42,10.1,,,,,,,,,,,,,15.72,9.24,20.3,,,,,,,,,,6.16,0.85,10.45,,,,,,,,,,,,,,,,,,,,,,,,,,,,,,,,,,,
2015-03-16,28.21,23.12,32.99,,,,,,,,,,,,,43.08,38.18,47.34,,,,,,,,,,,,,6.11,1.52,10.14,,,,,,,,,,,,,15.65,9.29,20.26,,,,,,,,,,6.14,0.82,10.42,,,,,,,,,,,,,,,,,,,,,,,,,,,,,,,,,,,
2015-03-17,28.24,23.16,33.03,,,,,,,,,,,,,43.09,38.21,47.37,,,,,,,,,,,,,6.13,1.61,10.19,,,,,,,,,,,,,15.58,9.33,20.2,,,,,,,,,,6.12,0.67,10.4,,,,,,,,,,,,,,,,,,,,,,,,,,,,,,,,,,,
2015-03-18,28.27,23.19,33.07,,,,,,,,,,,,,43.09,38.25,47.47,,,,,,,,,,,,,6.15,1.65,10.28,,,,,,,,,,,,,15.51,9.21,20.12,,,,,,,,,,6.1,0.65,10.35,,,,,,,,,,,,,,,,,,,,,,,,,,,,,,,,,,,
2015-03-19,28.31,23.26,33.1,,,,,,,,,,,,,43.09,38.2,47.6,,,,,,,,,,,,,6.17,1.64,10.37,,,,,,,,,,,,,15.45,9.11,19.99,,,,,,,,,,6.08,0.67,10.35,,,,,,,,,,,,,,,,,,,,,,,,,,,,,,,,,,,
2015-03-20,28.34,23.32,33.13,,,,,,,,,,,,,43.1,38.15,47.58,,,,,,,,,,,,,6.19,1.65,10.49,,,,,,,,,,,,,15.38,9.08,19.93,,,,,,,,,,6.06,0.68,10.32,,,,,,,,,,,,,,,,,,,,,,,,,,,,,,,,,,,
2015-03-21,28.37,23.34,33.16,,,,,,,,,,,,,43.11,38.14,47.57,,,,,,,,,,,,,6.21,1.62,10.53,,,,,,,,,,,,,15.31,9.05,19.85,,,,,,,,,,6.04,0.69,10.31,,,,,,,,,,,,,,,,,,,,,,,,,,,,,,,,,,,
2015-03-22,28.41,23.34,33.19,,,,,,,,,,,,,43.11,38.22,47.56,,,,,,,,,,,,,6.23,1.6,10.6,,,,,,,,,,,,,15.25,9.02,19.75,,,,,,,,,,6.02,0.71,10.29,,,,,,,,,,,,,,,,,,,,,,,,,,,,,,,,,,,
2015-03-23,28.44,23.34,33.21,,,,,,,,,,,,,43.12,38.3,47.64,,,,,,,,,,,,,6.24,1.56,10.69,,,,,,,,,,,,,15.18,9.0,19.67,,,,,,,,,,6.0,0.73,10.27,,,,,,,,,,,,,,,,,,,,,,,,,,,,,,,,,,,
2015-03-24,28.47,23.34,33.23,,,,,,,,,,,,,43.13,38.3,47.72,,,,,,,,,,,,,6.26,1.52,10.76,,,,,,,,,,,,,15.12,8.99,19.59,,,,,,,,,,5.98,0.75,10.26,,,,,,,,,,,,,,,,,,,,,,,,,,,,,,,,,,,
2015-03-25,28.5,23.34,33.25,,,,,,,,,,,,,43.15,38.3,47.78,,,,,,,,,,,,,6.27,1.51,10.82,,,,,,,,,,,,,15.05,8.98,19.46,,,,,,,,,,5.96,0.77,10.27,,,,,,,,,,,,,,,,,,,,,,,,,,,,,,,,,,,
2015-03-26,28.53,23.34,33.28,,,,,,,,,,,,,43.16,38.29,47.84,,,,,,,,,,,,,6.29,1.5,10.87,,,,,,,,,,,,,14.99,8.97,19.37,,,,,,,,,,5.94,0.79,10.29,,,,,,,,,,,,,,,,,,,,,,,,,,,,,,,,,,,
2015-03-27,28.57,23.34,33.34,,,,,,,,,,,,,43.17,38.29,47.9,,,,,,,,,,,,,6.3,1.49,10.92,,,,,,,,,,,,,14.93,8.97,19.3,,,,,,,,,,5.92,0.8,10.32,,,,,,,,,,,,,,,,,,,,,,,,,,,,,,,,,,,
2015-03-28,28.6,23.36,33.4,,,,,,,,,,,,,43.19,38.29,47.96,,,,,,,,,,,,,6.31,1.55,10.98,,,,,,,,,,,,,14.87,9.09,19.23,,,,,,,,,,5.9,1.21,10.34,,,,,,,,,,,,,,,,,,,,,,,,,,,,,,,,,,,
2015-03-29,28.63,23.44,33.45,,,,,,,,,,,,,43.2,38.48,47.83,,,,,,,,,,,,,6.33,2.02,10.53,,,,,,,,,,,,,14.81,9.51,19.07,,,,,,,,,,5.88,1.73,10.23,,,,,,,,,,,,,,,,,,,,,,,,,,,,,,,,,,,
2015-03-30,28.66,23.43,33.51,,,,,,,,,,,,,43.21,38.48,47.9,,,,,,,,,,,,,6.34,2.01,10.56,,,,,,,,,,,,,14.75,9.48,19.0,,,,,,,,,,5.85,1.73,10.23,,,,,,,,,,,,,,,,,,,,,,,,,,,,,,,,,,,
2015-03-31,28.68,23.41,33.56,,,,,,,,,,,,,43.23,38.47,47.95,,,,,,,,,,,,,6.35,2.01,10.6,,,,,,,,,,,,,14.69,9.46,18.95,,,,,,,,,,5.83,1.74,10.24,,,,,,,,,,,,,,,,,,,,,,,,,,,,,,,,,,,
2015-04-01,28.71,23.42,33.61,,,,,,,,,,,,,43.24,38.46,47.98,,,,,,,,,,,,,6.36,2.0,10.65,,,,,,,,,,,,,14.63,9.43,18.92,,,,,,,,,,5.81,1.75,10.25,,,,,,,,,,,,,,,,,,,,,,,,,,,,,,,,,,,
2015-04-02,28.74,23.45,33.63,,,,,,,,,,,,,43.26,38.45,48.03,,,,,,,,,,,,,6.38,1.99,10.69,,,,,,,,,,,,,14.57,9.42,18.94,,,,,,,,,,5.79,1.75,10.27,,,,,,,,,,,,,,,,,,,,,,,,,,,,,,,,,,,
2015-04-03,28.77,23.47,33.63,,,,,,,,,,,,,43.27,38.45,48.07,,,,,,,,,,,,,6.39,1.97,10.73,,,,,,,,,,,,,14.51,9.39,18.97,,,,,,,,,,5.77,1.76,10.28,,,,,,,,,,,,,,,,,,,,,,,,,,,,,,,,,,,
2015-04-04,28.8,23.56,33.64,,,,,,,,,,,,,43.29,38.47,48.14,,,,,,,,,,,,,6.4,2.01,10.77,,,,,,,,,,,,,14.45,9.37,18.95,,,,,,,,,,5.75,1.74,10.3,,,,,,,,,,,,,,,,,,,,,,,,,,,,,,,,,,,
2015-04-05,28.83,23.67,33.67,,,,,,,,,,,,,43.3,38.43,48.23,,,,,,,,,,,,,6.42,2.06,10.81,,,,,,,,,,,,,14.39,9.36,18.92,,,,,,,,,,5.73,1.73,10.32,,,,,,,,,,,,,,,,,,,,,,,,,,,,,,,,,,,
2015-04-06,28.85,23.77,33.71,,,,,,,,,,,,,43.32,38.41,48.33,,,,,,,,,,,,,6.43,2.08,10.87,,,,,,,,,,,,,14.34,9.34,18.89,,,,,,,,,,5.71,1.69,10.33,,,,,,,,,,,,,,,,,,,,,,,,,,,,,,,,,,,
2015-04-07,28.88,23.82,33.78,,,,,,,,,,,,,43.34,38.34,48.45,,,,,,,,,,,,,6.44,2.03,10.91,,,,,,,,,,,,,14.28,9.32,18.85,,,,,,,,,,5.69,1.63,10.35,,,,,,,,,,,,,,,,,,,,,,,,,,,,,,,,,,,
2015-04-08,28.91,23.84,33.85,,,,,,,,,,,,,43.35,38.29,48.56,,,,,,,,,,,,,6.45,1.92,10.97,,,,,,,,,,,,,14.22,9.3,18.83,,,,,,,,,,5.67,1.55,10.37,,,,,,,,,,,,,,,,,,,,,,,,,,,,,,,,,,,
2015-04-09,28.93,23.83,33.93,,,,,,,,,,,,,43.37,38.29,48.6,,,,,,,,,,,,,6.47,1.79,11.02,,,,,,,,,,,,,14.17,9.29,18.81,,,,,,,,,,5.65,1.46,10.37,,,,,,,,,,,,,,,,,,,,,,,,,,,,,,,,,,,
2015-04-10,28.96,23.8,33.95,,,,,,,,,,,,,43.39,38.29,48.6,,,,,,,,,,,,,6.48,1.74,11.09,,,,,,,,,,,,,14.11,9.27,18.79,,,,,,,,,,5.63,1.34,10.37,,,,,,,,,,,,,,,,,,,,,,,,,,,,,,,,,,,
2015-04-11,28.99,23.76,33.96,,,,,,,,,,,,,43.4,38.3,48.62,,,,,,,,,,,,,6.49,1.69,11.11,,,,,,,,,,,,,14.06,9.27,18.77,,,,,,,,,,5.61,1.25,10.39,,,,,,,,,,,,,,,,,,,,,,,,,,,,,,,,,,,
2015-04-12,29.01,23.73,33.97,,,,,,,,,,,,,43.42,38.28,48.63,,,,,,,,,,,,,6.5,1.64,11.13,,,,,,,,,,,,,14.01,9.25,18.76,,,,,,,,,,5.59,1.17,10.41,,,,,,,,,,,,,,,,,,,,,,,,,,,,28.0,46.0,7.0,15.0,5.0,,,
2015-04-13,29.04,23.67,33.99,,,,,,,,,,,,,43.44,38.24,48.66,,,,,,,,,,,,,6.51,1.62,11.15,,,,,,,,,,,,,13.96,9.06,18.76,,,,,,,,,,5.57,1.06,10.42,,,,,,,,,,,,,,,,,,,,,,,,,,,,,,,,,,,
2015-04-14,29.06,23.59,34.03,,,,,,,,,,,,,43.45,38.18,48.68,,,,,,,,,,,,,6.53,1.57,11.18,,,,,,,,,,,,,13.9,8.96,18.75,,,,,,,,,,5.55,0.96,10.43,,,,,,,,,,,,,,,,,,,,,,,,,,,,,,,,,,,
2015-04-15,29.08,23.53,34.06,,,,,,,,,,,,,43.47,38.12,48.71,,,,,,,,,,,,,6.54,1.47,11.21,,,,,,,,,,,,,13.85,8.79,18.75,,,,,,,,,,5.54,0.86,10.49,,,,,,,,,,,,,,,,,,,,,,,,,,,,,,,,,,,
2015-04-16,29.11,23.49,34.1,,,,,,,,,,,,,43.49,38.05,48.71,,,,,,,,,,,,,6.55,1.48,11.24,,,,,,,,,,,,,13.81,8.74,18.74,,,,,,,,,,5.52,0.77,10.52,,,,,,,,,,,,,,,,,,,,,,,,,,,,,,,,,,,
2015-04-17,29.13,23.44,34.18,,,,,,,,,,,,,43.5,37.98,48.71,,,,,,,,,,,,,6.56,1.53,11.32,,,,,,,,,,,,,13.76,8.67,18.71,,,,,,,,,,5.5,0.67,10.52,,,,,,,,,,,,,,,,,,,,,,,,,,,,,,,,,,,
2015-04-18,29.15,23.45,34.18,,,,,,,,,,,,,43.52,37.91,48.71,,,,,,,,,,,,,6.57,1.49,11.41,,,,,,,,,,,,,13.71,8.6,18.64,,,,,,,,,,5.48,0.65,10.51,,,,,,,,,,,,,,,,,,,,,,,,,,,,,,,,,,,
2015-04-19,29.17,23.42,34.18,,,,,,,,,,,,,43.53,37.9,48.7,,,,,,,,,,,,,6.58,1.46,11.45,,,,,,,,,,,,,13.67,8.53,18.6,,,,,,,,,,5.47,0.62,10.51,,,,,,,,,,,,,,,,,,,,,,,,,,,,,,,,,,,
2015-04-20,29.19,23.39,34.17,,,,,,,,,,,,,43.55,37.89,48.71,,,,,,,,,,,,,6.59,1.42,11.52,,,,,,,,,,,,,13.63,8.46,18.6,,,,,,,,,,5.45,0.59,10.51,,,,,,,,,,,,,,,,,,,,,,,,,,,,,,,,,,,
2015-04-21,29.21,23.37,34.16,,,,,,,,,,,,,43.56,37.88,48.71,,,,,,,,,,,,,6.6,1.36,11.62,,,,,,,,,,,,,13.59,8.43,18.61,,,,,,,,,,5.44,0.57,10.51,,,,,,,,,,,,,,,,,,,,,,,,,,,,,,,,,,,
2015-04-22,29.23,23.37,34.28,,,,,,,,,,,,,43.57,37.87,48.73,,,,,,,,,,,,,6.61,1.3,11.71,,,,,,,,,,,,,13.55,8.27,18.63,,,,,,,,,,5.42,0.45,10.52,,,,,,,,,,,,,,,,,,,,,,,,,,,,,,,,,,,
2015-04-23,29.25,23.37,34.36,,,,,,,,,,,,,43.59,37.85,48.75,,,,,,,,,,,,,6.62,1.22,11.81,,,,,,,,,,,,,13.52,8.24,18.6,,,,,,,,,,5.41,0.22,10.52,,,,,,,,,,,,,,,,,,,,,,,,,,,,,,,,,,,
2015-04-24,29.26,23.39,34.45,,,,,,,,,,,,,43.6,37.84,48.78,,,,,,,,,,,,,6.63,1.17,11.88,,,,,,,,,,,,,13.49,8.13,18.53,,,,,,,,,,5.4,-0.01,10.53,,,,,,,,,,,,,,,,,,,,,,,,,,,,,,,,,,,
2015-04-25,29.28,23.4,34.52,,,,,,,,,,,,,43.61,37.81,48.8,,,,,,,,,,,,,6.63,1.14,11.89,,,,,,,,,,,,,13.46,7.99,18.52,,,,,,,,,,5.39,-0.13,10.53,,,,,,,,,,,,,,,,,,,,,,,,,,,,,,,,,,,
2015-04-26,29.29,23.4,34.55,,,,,,,,,,,,,43.61,37.76,48.83,,,,,,,,,,,,,6.64,1.09,11.91,,,,,,,,,,,,,13.43,7.94,18.52,,,,,,,,,,5.38,-0.23,10.54,,,,,,,,,,,,,,,,,,,,,,,,,,,,,,,,,,,
2015-04-27,29.3,23.4,34.58,,,,,,,,,,,,,43.62,37.68,48.86,,,,,,,,,,,,,6.64,1.06,11.92,,,,,,,,,,,,,13.4,7.88,18.51,,,,,,,,,,5.37,-0.31,10.55,,,,,,,,,,,,,,,,,,,,,,,,,,,,31.0,41.0,6.0,13.0,6.0,,,
2015-04-28,29.31,23.4,34.6,,,,,,,,,,,,,43.62,37.61,48.88,,,,,,,,,,,,,6.65,1.03,11.93,,,,,,,,,,,,,13.38,7.78,18.52,,,,,,,,,,5.36,-0.39,10.56,,,,,,,,,,,,,,,,,,,,,,,,,,,,,,,,,,,
2015-04-29,29.32,23.4,34.62,,,,,,,,,,,,,43.63,37.55,48.9,,,,,,,,,,,,,6.65,1.01,11.94,,,,,,,,,,,,,13.36,7.68,18.52,,,,,,,,,,5.35,-0.46,10.56,,,,,,,,,,,,,,,,,,,,,,,,,,,,,,,,,,,
2015-04-30,29.33,23.4,34.64,,,,,,,,,,,,,43.63,37.51,48.91,,,,,,,,,,,,,6.66,0.99,11.95,,,,,,,,,,,,,13.35,7.6,18.52,,,,,,,,,,5.35,-0.52,10.58,,,,,,,,,,,,,,,,,,,,,,,,,,,,,,,,,,,
2015-05-01,29.34,23.39,34.66,,,,,,,,,,,,,43.63,37.47,48.93,,,,,,,,,,,,,6.66,0.97,11.95,,,,,,,,,,,,,13.33,7.53,18.53,,,,,,,,,,5.35,-0.56,10.59,,,,,,,,,,,,,,,,,,,,,,,,,,,,,,,,,,,
2015-05-02,29.35,23.38,34.67,,,,,,,,,,,,,43.63,37.43,48.93,,,,,,,,,,,,,6.66,0.95,11.95,,,,,,,,,,,,,13.32,7.47,18.53,,,,,,,,,,5.34,-0.6,10.6,,,,,,,,,,,,,,,,,,,,,,,,,,,,,,,,,,,
2015-05-03,29.35,23.37,34.69,,,,,,,,,,,,,43.62,37.42,48.95,,,,,,,,,,,,,6.66,0.94,11.96,,,,,,,,,,,,,13.31,7.42,18.53,,,,,,,,,,5.34,-0.62,10.61,,,,,,,,,,,,,,,,,,,,,,,,,,,,,,,,,,,
2015-05-04,29.36,23.37,34.7,,,,,,,,,,,,,43.62,37.4,48.96,,,,,,,,,,,,,6.66,0.93,11.96,,,,,,,,,,,,,13.3,7.38,18.52,,,,,,,,,,5.34,-0.64,10.61,,,,,,,,,,,,,,,,,,,,,,,,,,,,,,,,,,,
2015-05-05,29.36,23.37,34.72,,,,,,,,,,,,,43.61,37.4,48.96,,,,,,,,,,,,,6.66,0.91,11.96,,,,,,,,,,,,,13.29,7.35,18.52,,,,,,,,,,5.34,-0.65,10.61,,,,,,,,,,,,,,,,,,,,,,,,,,,,,,,,,,,
2015-05-06,29.37,23.37,34.72,,,,,,,,,,,,,43.61,37.39,48.96,,,,,,,,,,,,,6.66,0.89,11.97,,,,,,,,,,,,,13.29,7.33,18.51,,,,,,,,,,5.34,-0.66,10.62,,,,,,,,,,,,,,,,,,,,,,,,,,,,29.0,44.0,7.0,12.0,5.0,,,
2015-05-26,,,,,,,,,,,,,,,,,,,,,,,,,,,,,,,,,,,,,,,,,,,,,,,,,,,,,,,,,,,,,,,,,,,,,,,,,,,,,,,,,,,,,,,,38.0,38.0,6.0,16.0,2.0,,,
2015-12-01,,,,,,,,,,,,,,,,,,,,,,,,,,,,,,,,,,,,,,,,,,,,,,,,,,,,,,,,,,,,,,,,,,,,,,,,,,,,,,,,,,,,,,,,41.0,32.0,5.0,17.0,4.0,,,
2015-12-28,,,,41.0,35.49,47.29,,,,,,,,,,,,,32.0,26.49,38.29,,,,,,,,,,,,,5.0,-0.51,11.29,,,,,,,,,,,,,17.0,11.49,23.29,,,,,,,,,,4.0,-1.51,10.29,,,,,,,,,,,,,,,,,,,,,,,,,,,,,,,,
2015-12-29,,,,41.0,29.4,46.98,,,,,,,,,,,,,32.0,26.89,46.53,,,,,,,,,,,,,5.0,-0.11,11.4,,,,,,,,,,,,,17.0,11.34,23.29,,,,,,,,,,4.0,-1.51,10.29,,,,,,,,,,,,,,,,,,,,,,,,,,,,,,,,
2015-12-30,,,,40.99,29.4,46.96,,,,,,,,,,,,,32.01,26.89,46.53,,,,,,,,,,,,,5.0,-0.11,11.4,,,,,,,,,,,,,17.0,11.34,23.28,,,,,,,,,,4.0,-1.51,10.29,,,,,,,,,,,,,,,,,,,,,,,,,,,,,,,,
2015-12-31,,,,40.98,29.4,46.92,,,,,,,,,,,,,32.02,26.9,46.53,,,,,,,,,,,,,5.0,-0.1,11.39,,,,,,,,,,,,,17.0,11.34,23.27,,,,,,,,,,4.0,-1.5,10.27,,,,,,,,,,,,,,,,,,,,,,,,,,,,,,,,
2016-01-01,,,,40.96,29.4,46.83,,,,,,,,,,,,,32.04,26.92,46.53,,,,,,,,,,,,,5.0,-0.09,11.39,,,,,,,,,,,,,17.0,11.34,23.25,,,,,,,,,,4.0,-1.5,10.25,,,,,,,,,,,,,,,,,,,,,,,,,,,,,,,,
2016-01-02,,,,40.92,29.4,46.7,,,,,,,,,,,,,32.09,26.95,46.52,,,,,,,,,,,,,5.01,-0.08,11.38,,,,,,,,,,,,,16.99,11.34,23.21,,,,,,,,,,4.0,-1.49,10.22,,,,,,,,,,,,,,,,,,,,,,,,,,,,,,,,
2016-01-03,,,,40.87,29.4,46.52,,,,,,,,,,,,,32.15,26.97,46.52,,,,,,,,,,,,,5.01,-0.05,11.36,,,,,,,,,,,,,16.99,11.34,23.15,,,,,,,,,,4.0,-1.47,10.17,,,,,,,,,,,,,,,,,,,,,,,,,,,,,,,,
2016-01-04,,,,40.79,29.4,46.27,,,,,,,,,,,,,32.22,27.01,46.52,,,,,,,,,,,,,5.02,-0.03,11.34,,,,,,,,,,,,,16.98,11.34,23.08,,,,,,,,,,4.0,-1.46,10.11,,,,,,,,,,,,,,,,,,,,,,,,,,,,,,,,
2016-01-05,,,,40.7,29.4,46.02,,,,,,,,,,,,,32.33,27.04,46.52,,,,,,,,,,,,,5.03,-0.01,11.32,,,,,,,,,,,,,16.97,11.34,22.99,,,,,,,,,,4.0,-1.46,10.02,,,,,,,,,,,,,,,,,,,,,,,,,,,,,,,,
2016-01-06,,,,40.58,29.4,45.77,,,,,,,,,,,,,32.46,27.09,46.52,,,,,,,,,,,,,5.04,-0.0,11.23,,,,,,,,,,,,,16.96,11.34,22.87,,,,,,,,,,4.0,-1.45,9.93,,,,,,,,,,,,,,,,,,,,,,,,,,,,,,,,
2016-01-07,,,,40.44,29.4,45.5,,,,,,,,,,,,,32.61,27.16,46.52,,,,,,,,,,,,,5.05,0.0,11.12,,,,,,,,,,,,,16.95,11.34,22.74,,,,,,,,,,4.0,-1.45,9.81,,,,,,,,,,,,,,,,,,,,,,,,,,,,,,,,
2016-01-08,,,,40.27,29.4,45.25,,,,,,,,,,,,,32.79,27.23,46.52,,,,,,,,,,,,,5.06,0.01,11.03,,,,,,,,,,,,,16.94,11.34,22.58,,,,,,,,,,4.0,-1.44,9.67,,,,,,,,,,,,,,,,,,,,,,,,,,,,,,,,
2016-01-09,,,,40.08,29.4,45.01,,,,,,,,,,,,,33.0,27.31,46.52,,,,,,,,,,,,,5.08,0.02,10.95,,,,,,,,,,,,,16.92,11.35,22.41,,,,,,,,,,4.0,-1.43,9.56,,,,,,,,,,,,,,,,,,,,,,,,,,,,,,,,
2016-01-10,,,,39.86,29.4,44.77,,,,,,,,,,,,,33.23,27.36,46.52,,,,,,,,,,,,,5.09,0.03,10.87,,,,,,,,,,,,,16.91,11.35,22.21,,,,,,,,,,4.0,-1.42,9.45,,,,,,,,,,,,,,,,,,,,,,,,,,,,,,,,
2016-01-11,,,,39.62,29.4,44.53,,,,,,,,,,,,,33.5,27.47,46.52,,,,,,,,,,,,,5.12,0.03,10.81,,,,,,,,,,,,,16.88,11.35,21.96,,,,,,,,,,4.0,-1.41,9.25,,,,,,,,,,,,,,,,,,,,,,,,,,,,,,,,
2016-01-12,,,,39.35,29.4,44.18,,,,,,,,,,,,,33.79,27.64,46.52,,,,,,,,,,,,,5.14,0.03,10.75,,,,,,,,,,,,,16.86,11.4,21.69,,,,,,,,,,4.0,-1.35,9.06,,,,,,,,,,,,,,,,,,,,,,,,,,,,,,,,
2016-01-13,,,,39.06,29.4,43.89,,,,,,,,,,,,,34.1,27.94,46.52,,,,,,,,,,,,,5.16,0.03,10.68,,,,,,,,,,,,,16.84,11.45,21.41,,,,,,,,,,4.0,-1.25,8.97,,,,,,,,,,,,,,,,,,,,,,,,,,,,,,,,
2016-01-14,,,,38.75,29.4,43.62,,,,,,,,,,,,,34.44,28.17,46.52,,,,,,,,,,,,,5.19,0.03,10.59,,,,,,,,,,,,,16.81,11.5,21.34,,,,,,,,,,4.0,-1.15,8.88,,,,,,,,,,,,,,,,,,,,,,,,,,,,,,,,
2016-01-15,,,,38.41,29.34,43.34,,,,,,,,,,,,,34.8,28.33,46.52,,,,,,,,,,,,,5.22,0.12,10.46,,,,,,,,,,,,,16.78,11.56,21.09,,,,,,,,,,4.0,-1.04,8.82,,,,,,,,,,,,,,,,,,,,,,,,,,,,,,,,
2016-01-16,,,,38.06,29.25,43.09,,,,,,,,,,,,,35.19,28.55,46.52,,,,,,,,,,,,,5.25,0.22,10.32,,,,,,,,,,,,,16.75,11.57,20.98,,,,,,,,,,4.0,-0.98,8.77,,,,,,,,,,,,,,,,,,,,,,,,,,,,,,,,
2016-01-17,,,,37.69,29.09,42.86,,,,,,,,,,,,,35.59,28.91,46.52,,,,,,,,,,,,,5.28,0.3,10.17,,,,,,,,,,,,,16.72,11.74,20.92,,,,,,,,,,4.0,-0.98,8.72,,,,,,,,,,,,,,,,,,,,,,,,,,,,,,,,
2016-01-18,,,,37.3,28.9,42.69,,,,,,,,,,,,,36.01,29.3,46.52,,,,,,,,,,,,,5.31,0.5,9.78,,,,,,,,,,,,,16.69,11.89,20.85,,,,,,,,,,4.0,-0.8,8.42,,,,,,,,,,,,,,,,,,,,,,,,,,,,,,,,
2016-01-19,,,,36.9,28.76,42.58,,,,,,,,,,,,,36.44,29.62,46.52,,,,,,,,,,,,,5.34,0.66,9.35,,,,,,,,,,,,,16.66,11.88,20.55,,,,,,,,,,4.0,-0.75,7.95,,,,,,,,,,,,,,,,,,,,,,,,,,,,,,,,
2016-01-20,,,,36.49,28.76,42.39,,,,,,,,,,,,,36.89,29.86,46.52,,,,,,,,,,,,,5.38,0.7,9.21,,,,,,,,,,,,,16.62,11.86,20.35,,,,,,,,,,4.0,-0.74,7.75,,,,,,,,,,,,,,,,,,,,,,,,,,,,,,,,
2016-01-21,,,,36.07,28.76,42.31,,,,,,,,,,,,,37.34,30.11,46.52,,,,,,,,,,,,,5.41,0.63,9.44,,,,,,,,,,,,,16.59,11.81,20.57,,,,,,,,,,4.0,-0.78,7.97,,,,,,,,,,,,,,,,,,,,,,,,,,,,,,,,
2016-01-22,,,,35.64,28.76,42.21,,,,,,,,,,,,,37.8,30.34,46.52,,,,,,,,,,,,,5.45,0.47,9.35,,,,,,,,,,,,,16.55,11.58,20.22,,,,,,,,,,4.0,-0.95,7.73,,,,,,,,,,,,,,,,,,,,,,,,,,,,,,,,
2016-01-23,,,,35.22,28.76,42.21,,,,,,,,,,,,,38.27,30.86,46.52,,,,,,,,,,,,,5.48,0.36,9.04,,,,,,,,,,,,,16.52,11.59,20.03,,,,,,,,,,4.0,-0.95,7.39,,,,,,,,,,,,,,,,,,,,,,,,,,,,,,,,
2016-01-24,,,,34.78,28.6,42.21,,,,,,,,,,,,,38.73,31.02,46.52,,,,,,,,,,,,,5.52,0.55,8.87,,,,,,,,,,,,,16.48,11.73,19.97,,,,,,,,,,4.0,-0.85,7.31,,,,,,,,,,,,,,,,,,,,,,,,,,,,,,,,
2016-01-25,,,,34.36,28.29,42.21,,,,,,,,,,,,,39.2,31.36,46.52,,,,,,,,,,,,,5.55,0.7,8.95,,,,,,,,,,,,,16.45,11.77,19.92,,,,,,,,,,4.0,-0.73,7.39,,,,,,,,,,,,,,,,,,,,,,,,,,,,,,,,
2016-01-26,,,,33.93,27.99,42.21,,,,,,,,,,,,,39.66,31.42,46.52,,,,,,,,,,,,,5.59,0.66,8.95,,,,,,,,,,,,,16.41,11.61,19.89,,,,,,,,,,4.0,-0.82,7.34,,,,,,,,,,,,,,,,,,,,,,,,,,,,,,,,
2016-01-27,,,,33.51,27.75,42.21,,,,,,,,,,,,,40.11,31.42,46.57,,,,,,,,,,,,,5.62,0.56,9.06,,,,,,,,,,,,,16.38,11.5,19.98,,,,,,,,,,4.0,-1.01,7.52,,,,,,,,,,,,,,,,,,,,,,,,,,,,,,,,
2016-01-28,,,,33.1,27.4,42.21,,,,,,,,,,,,,40.56,31.42,46.68,,,,,,,,,,,,,5.66,0.5,9.21,,,,,,,,,,,,,16.34,11.44,20.08,,,,,,,,,,4.0,-1.03,7.69,,,,,,,,,,,,,,,,,,,,,,,,,,,,,,,,
2016-01-29,,,,32.7,27.18,42.21,,,,,,,,,,,,,40.99,31.42,46.72,,,,,,,,,,,,,5.69,0.38,9.45,,,,,,,,,,,,,16.31,11.44,20.16,,,,,,,,,,4.0,-1.01,7.83,,,,,,,,,,,,,,,,,,,,,,,,,,,,,,,,
2016-01-30,,,,32.31,26.93,42.21,,,,,,,,,,,,,41.41,31.42,46.89,,,,,,,,,,,,,5.72,0.3,9.69,,,,,,,,,,,,,16.28,11.41,20.25,,,,,,,,,,4.0,-1.03,7.96,,,,,,,,,,,,,,,,,,,,,,,,,,,,,,,,
2016-01-31,,,,31.94,26.68,42.21,,,,,,,,,,,,,41.81,31.42,47.15,,,,,,,,,,,,,5.75,0.19,9.88,,,,,,,,,,,,,16.25,11.15,20.34,,,,,,,,,,4.0,-1.26,8.08,,,,,,,,,,,,,,,,,,,,,,,,,,,,,,,,
2016-02-01,,,,31.59,26.38,42.21,,,,,,,,,,,,,42.2,31.42,47.45,,,,,,,,,,,,,5.78,0.03,10.1,,,,,,,,,,,,,16.22,10.79,20.65,,,,,,,,,,4.0,-1.54,8.32,,,,,,,,,,,,,,,,,,,,,,,,,,,,,,,,
2016-02-02,,,,31.25,25.89,42.21,,,,,,,,,,,,,42.56,31.42,47.58,,,,,,,,,,,,,5.81,0.03,10.5,,,,,,,,,,,,,16.19,10.5,20.87,,,,,,,,,,4.0,-1.71,8.73,,,,,,,,,,,,,,,,,,,,,,,,,,,,,,,,
2016-02-03,,,,30.94,25.39,42.21,,,,,,,,,,,,,42.9,31.42,47.77,,,,,,,,,,,,,5.84,-0.05,10.75,,,,,,,,,,,,,16.16,10.29,20.9,,,,,,,,,,4.0,-1.84,8.82,,,,,,,,,,,,,,,,,,,,,,,,,,,,,,,,
2016-02-04,,,,30.65,25.11,42.21,,,,,,,,,,,,,43.21,31.42,47.99,,,,,,,,,,,,,5.86,-0.3,10.83,,,,,,,,,,,,,16.14,10.12,20.92,,,,,,,,,,4.0,-2.13,8.85,,,,,,,,,,,,,,,,,,,,,,,,,,,,,,,,
2016-02-05,,,,30.38,24.43,42.21,,,,,,,,,,,,,43.5,31.42,48.63,,,,,,,,,,,,,5.88,-0.62,10.86,,,,,,,,,,,,,16.12,9.87,20.94,,,,,,,,,,4.0,-2.46,8.88,,,,,,,,,,,,,,,,,,,,,,,,,,,,,,,,
2016-02-06,,,,30.14,24.31,42.81,,,,,,,,,,,,,43.77,30.33,49.74,,,,,,,,,,,,,5.91,-0.9,12.12,,,,,,,,,,,,,16.09,9.63,23.16,,,,,,,,,,4.0,-2.69,10.95,,,,,,,,,,,,,,,,,,,,,,,,,,,,,,,,
2016-02-07,,,,29.92,23.41,42.78,,,,,,,,,,,,,44.0,30.45,49.83,,,,,,,,,,,,,5.92,-0.95,12.08,,,,,,,,,,,,,16.08,9.47,23.61,,,,,,,,,,4.0,-2.69,10.86,,,,,,,,,,,,,,,,,,,,,,,,,,,,,,,,
2016-02-08,,,,29.73,23.23,42.68,,,,,,,,,,,,,44.21,30.51,49.97,,,,,,,,,,,,,5.94,-1.16,12.15,,,,,,,,,,,,,16.07,9.36,23.67,,,,,,,,,,4.0,-2.78,10.87,,,,,,,,,,,,,,,,,,,,,,,,,,,,,,,,
2016-02-09,,,,29.55,22.99,42.1,,,,,,,,,,,,,44.39,30.73,50.22,,,,,,,,,,,,,5.95,-1.13,12.23,,,,,,,,,,,,,16.06,9.26,23.67,,,,,,,,,,4.0,-2.86,10.79,,,,,,,,,,,,,,,,,,,,,,,,,,,,,,,,
2016-02-10,,,,29.4,22.76,41.76,,,,,,,,,,,,,44.54,31.02,50.3,,,,,,,,,,,,,5.96,-1.08,12.2,,,,,,,,,,,,,16.07,9.27,23.67,,,,,,,,,,4.0,-2.93,10.59,,,,,,,,,,,,,,,,,,,,,,,,,,,,,,,,
2016-02-11,,,,29.27,22.59,40.99,,,,,,,,,,,,,44.66,31.69,50.3,,,,,,,,,,,,,5.96,-1.06,12.27,,,,,,,,,,,,,16.09,9.33,23.67,,,,,,,,,,4.0,-2.94,10.55,,,,,,,,,,,,,,,,,,,,,,,,,,,,,,,,
2016-02-12,,,,29.15,22.38,39.55,,,,,,,,,,,,,44.76,31.99,50.3,,,,,,,,,,,,,5.96,-1.16,11.65,,,,,,,,,,,,,16.12,9.36,24.41,,,,,,,,,,4.0,-2.92,10.6,,,,,,,,,,,,,,,,,,,,,,,,,,,,,,,,
2016-02-13,,,,29.05,22.02,37.99,,,,,,,,,,,,,44.82,32.8,50.3,,,,,,,,,,,,,5.96,-1.43,11.3,,,,,,,,,,,,,16.16,9.47,25.3,,,,,,,,,,4.0,-2.88,10.19,,,,,,,,,,,,,,,,,,,,,,,,,,,,,,,,
2016-02-14,,,,28.96,21.5,36.87,,,,,,,,,,,,,44.87,33.04,50.3,,,,,,,,,,,,,5.95,-1.96,11.82,,,,,,,,,,,,,16.22,9.62,25.5,,,,,,,,,,4.0,-3.02,10.64,,,,,,,,,,,,,,,,,,,,,,,,,,,,,,,,
2016-02-15,,,,28.88,20.34,36.16,,,,,,,,,,,,,44.89,33.24,50.49,,,,,,,,,,,,,5.93,-2.32,12.31,,,,,,,,,,,,,16.29,9.77,26.42,,,,,,,,,,4.0,-3.43,10.71,,,,,,,,,,,,,,,,,,,,,,,,,,,,,,,,
2016-02-16,,,,28.81,20.05,35.87,,,,,,,,,,,,,44.9,33.26,51.23,,,,,,,,,,,,,5.92,-2.34,12.24,,,,,,,,,,,,,16.37,9.89,27.05,,,,,,,,,,4.0,-3.45,10.78,,,,,,,,,,,,,,,,,,,,,,,,,,,,,,,,
2016-02-17,,,,28.75,19.99,35.82,,,,,,,,,,,,,44.89,33.33,51.15,,,,,,,,,,,,,5.9,-2.31,12.15,,,,,,,,,,,,,16.46,10.01,28.09,,,,,,,,,,4.0,-3.51,10.69,,,,,,,,,,,,,,,,,,,,,,,,,,,,,,,,
2016-02-18,,,,28.69,19.94,35.79,,,,,,,,,,,,,44.88,33.35,51.05,,,,,,,,,,,,,5.88,-2.26,12.05,,,,,,,,,,,,,16.55,10.08,28.19,,,,,,,,,,4.0,-3.52,10.57,,,,,,,,,,,,,,,,,,,,,,,,,,,,,,,,
2016-02-19,,,,28.63,19.93,34.72,,,,,,,,,,,,,44.85,36.64,51.13,,,,,,,,,,,,,5.85,-2.36,12.13,,,,,,,,,,,,,16.66,10.14,28.29,,,,,,,,,,4.0,-3.61,10.46,,,,,,,,,,,,,,,,,,,,,,,,,,,,,,,,
2016-02-20,,,,28.57,20.7,34.54,,,,,,,,,,,,,44.83,37.52,51.02,,,,,,,,,,,,,5.83,-1.48,12.02,,,,,,,,,,,,,16.77,10.47,25.1,,,,,,,,,,4.0,-2.71,10.33,,,,,,,,,,,,,,,,,,,,,,,,,,,,,,,,
2016-02-21,,,,28.51,20.7,34.39,,,,,,,,,,,,,44.8,37.53,50.85,,,,,,,,,,,,,5.8,-1.47,11.85,,,,,,,,,,,,,16.89,10.69,25.1,,,,,,,,,,4.0,-2.64,10.23,,,,,,,,,,,,,,,,,,,,,,,,,,,,,,,,
2016-02-22,,,,28.44,20.71,34.14,,,,,,,,,,,,,44.78,37.54,50.68,,,,,,,,,,,,,5.78,-1.46,11.68,,,,,,,,,,,,,17.01,10.9,25.1,,,,,,,,,,4.0,-2.65,10.15,,,,,,,,,,,,,,,,,,,,,,,,,,,,,,,,
2016-02-23,,,,28.37,20.81,34.02,,,,,,,,,,,,,44.75,37.53,50.54,,,,,,,,,,,,,5.75,-1.47,11.54,,,,,,,,,,,,,17.13,10.99,25.1,,,,,,,,,,4.0,-2.68,10.03,,,,,,,,,,,,,,,,,,,,,,,,,,,,,,,,
2016-02-24,,,,28.3,20.98,33.98,,,,,,,,,,,,,44.72,37.72,50.41,,,,,,,,,,,,,5.72,-1.28,11.41,,,,,,,,,,,,,17.26,11.11,25.1,,,,,,,,,,4.0,-2.71,9.9,,,,,,,,,,,,,,,,,,,,,,,,,,,,,,,,
2016-02-25,,,,28.23,21.14,33.89,,,,,,,,,,,,,44.69,37.91,50.24,,,,,,,,,,,,,5.69,-1.09,11.24,,,,,,,,,,,,,17.39,11.17,25.1,,,,,,,,,,4.0,-2.61,9.78,,,,,,,,,,,,,,,,,,,,,,,,,,,,,,,,
2016-02-26,,,,28.16,21.3,33.85,,,,,,,,,,,,,44.66,37.92,50.09,,,,,,,,,,,,,5.66,-1.08,11.09,,,,,,,,,,,,,17.52,11.22,25.1,,,,,,,,,,4.0,-2.55,9.67,,,,,,,,,,,,,,,,,,,,,,,,,,,,,,,,
2016-02-27,,,,28.09,21.26,33.81,,,,,,,,,,,,,44.63,37.89,50.02,,,,,,,,,,,,,5.63,-1.11,11.02,,,,,,,,,,,,,17.64,11.27,25.1,,,,,,,,,,4.0,-2.52,9.56,,,,,,,,,,,,,,,,,,,,,,,,,,,,,,,,
2016-02-28,,,,28.01,21.17,33.74,,,,,,,,,,,,,44.61,37.84,50.02,,,,,,,,,,,,,5.61,-1.16,11.02,,,,,,,,,,,,,17.77,11.36,25.12,,,,,,,,,,4.0,-2.51,9.46,,,,,,,,,,,,,,,,,,,,,,,,,,,,,,,,
2016-02-29,,,,27.94,21.08,33.58,,,,,,,,,,,,,44.58,37.9,50.02,,,,,,,,,,,,,5.58,-1.1,11.02,,,,,,,,,,,,,17.9,11.56,25.14,,,,,,,,,,4.0,-2.5,9.4,,,,,,,,,,,,,,,,,,,,,,,,,,,,,,,,
2016-03-01,,,,27.87,20.99,33.45,,,,,,,,,,,,,44.55,37.96,49.92,,,,,,,,,,,,,5.55,-1.04,10.92,,,,,,,,,,,,,18.03,11.74,25.15,,,,,,,,,,4.0,-2.49,9.38,,,,,,,,,,,,,,,,,,,,,,,,,,,,,,,,
2016-03-02,,,,27.81,20.9,33.33,,,,,,,,,,,,,44.52,38.03,49.9,,,,,,,,,,,,,5.52,-0.97,10.9,,,,,,,,,,,,,18.15,11.93,25.17,,,,,,,,,,4.0,-2.48,9.36,,,,,,,,,,,,,,,,,,,,,,,,,,,,,,,,
2016-03-03,,,,27.74,20.83,33.21,,,,,,,,,,,,,44.5,38.09,49.87,,,,,,,,,,,,,5.5,-0.91,10.87,,,,,,,,,,,,,18.27,12.1,25.18,,,,,,,,,,4.0,-2.48,9.35,,,,,,,,,,,,,,,,,,,,,,,,,,,,,,,,
2016-03-04,,,,27.67,20.84,33.1,,,,,,,,,,,,,44.47,38.15,49.85,,,,,,,,,,,,,5.47,-0.85,10.85,,,,,,,,,,,,,18.39,12.27,25.2,,,,,,,,,,4.0,-2.46,9.34,,,,,,,,,,,,,,,,,,,,,,,,,,,,,,,,
2016-03-05,,,,27.61,20.85,32.99,,,,,,,,,,,,,44.44,38.22,49.75,,,,,,,,,,,,,5.44,-0.78,10.75,,,,,,,,,,,,,18.5,12.42,25.24,,,,,,,,,,4.0,-2.39,9.27,,,,,,,,,,,,,,,,,,,,,,,,,,,,,,,,
2016-03-06,,,,27.55,20.86,32.95,,,,,,,,,,,,,44.42,38.28,49.65,,,,,,,,,,,,,5.42,-0.72,10.65,,,,,,,,,,,,,18.62,12.57,25.3,,,,,,,,,,4.0,-2.33,9.22,,,,,,,,,,,,,,,,,,,,,,,,,,,,,,,,
2016-03-07,,,,27.49,20.87,32.92,,,,,,,,,,,,,44.39,38.34,49.55,,,,,,,,,,,,,5.39,-0.66,10.55,,,,,,,,,,,,,18.73,12.71,25.34,,,,,,,,,,4.0,-2.26,9.17,,,,,,,,,,,,,,,,,,,,,,,,,,,,,,,,
2016-03-08,,,,27.43,20.88,32.87,,,,,,,,,,,,,44.37,38.37,49.46,,,,,,,,,,,,,5.37,-0.63,10.46,,,,,,,,,,,,,18.83,12.84,25.39,,,,,,,,,,4.0,-2.2,9.11,,,,,,,,,,,,,,,,,,,,,,,,,,,,,,,,
2016-03-09,,,,27.37,20.9,32.72,,,,,,,,,,,,,44.35,38.37,49.39,,,,,,,,,,,,,5.35,-0.63,10.39,,,,,,,,,,,,,18.93,12.97,25.44,,,,,,,,,,4.0,-2.16,9.06,,,,,,,,,,,,,,,,,,,,,,,,,,,,,,,,
2016-03-10,,,,27.32,20.88,32.62,,,,,,,,,,,,,44.33,38.37,49.32,,,,,,,,,,,,,5.33,-0.63,10.32,,,,,,,,,,,,,19.03,13.09,25.48,,,,,,,,,,4.0,-2.16,9.02,,,,,,,,,,,,,,,,,,,,,,,,,,,,,,,,
2016-03-11,,,,27.26,20.86,32.58,,,,,,,,,,,,,44.31,38.35,49.26,,,,,,,,,,,,,5.31,-0.65,10.26,,,,,,,,,,,,,19.12,13.2,25.52,,,,,,,,,,4.0,-2.18,8.95,,,,,,,,,,,,,,,,,,,,,,,,,,,,,,,,
2016-03-12,,,,27.21,20.85,32.55,,,,,,,,,,,,,44.29,38.31,49.2,,,,,,,,,,,,,5.29,-0.69,10.2,,,,,,,,,,,,,19.22,13.3,25.56,,,,,,,,,,4.0,-2.19,8.91,,,,,,,,,,,,,,,,,,,,,,,,,,,,,,,,
2016-03-13,,,,27.17,20.83,32.49,,,,,,,,,,,,,44.27,38.27,49.18,,,,,,,,,,,,,5.27,-0.73,10.18,,,,,,,,,,,,,19.3,13.4,25.6,,,,,,,,,,4.0,-2.12,8.86,,,,,,,,,,,,,,,,,,,,,,,,,,,,,,,,
2016-03-14,,,,27.12,20.81,32.36,,,,,,,,,,,,,44.25,38.24,49.14,,,,,,,,,,,,,5.25,-0.76,10.14,,,,,,,,,,,,,19.38,13.49,25.64,,,,,,,,,,4.0,-2.05,8.81,,,,,,,,,,,,,,,,,,,,,,,,,,,,,,,,
2016-03-15,,,,27.08,20.8,32.26,,,,,,,,,,,,,44.23,38.2,49.05,,,,,,,,,,,,,5.23,-0.8,10.05,,,,,,,,,,,,,19.46,13.58,25.7,,,,,,,,,,4.0,-1.99,8.76,,,,,,,,,,,,,,,,,,,,,,,,,,,,,,,,
2016-03-16,,,,27.03,20.79,32.16,,,,,,,,,,,,,44.21,38.23,48.98,,,,,,,,,,,,,5.21,-0.77,9.98,,,,,,,,,,,,,19.54,13.66,25.76,,,,,,,,,,4.0,-1.93,8.72,,,,,,,,,,,,,,,,,,,,,,,,,,,,,,,,
2016-03-17,,,,26.99,20.77,32.07,,,,,,,,,,,,,44.2,38.27,48.95,,,,,,,,,,,,,5.2,-0.73,9.95,,,,,,,,,,,,,19.61,13.74,25.82,,,,,,,,,,4.0,-1.89,8.68,,,,,,,,,,,,,,,,,,,,,,,,,29.0,45.0,6.0,16.0,4.0,,,
2016-03-18,,,,26.96,20.77,31.98,,,,,,,,,,,,,44.18,38.29,48.94,,,,,,,,,,,,,5.18,-0.71,9.94,,,,,,,,,,,,,19.68,13.81,25.85,,,,,,,,,,4.0,-1.86,8.65,,,,,,,,,,,,,,,,,,,,,,,,,,,,,,,,
2016-03-19,,,,26.92,20.76,31.9,,,,,,,,,,,,,44.17,38.32,48.92,,,,,,,,,,,,,5.17,-0.68,9.92,,,,,,,,,,,,,19.74,13.89,25.9,,,,,,,,,,4.0,-1.82,8.61,,,,,,,,,,,,,,,,,,,,,,,,,,,,,,,,
2016-03-20,,,,26.89,20.74,31.82,,,,,,,,,,,,,44.15,38.35,48.91,,,,,,,,,,,,,5.15,-0.65,9.91,,,,,,,,,,,,,19.8,13.95,25.92,,,,,,,,,,4.0,-1.78,8.57,,,,,,,,,,,,,,,,,,,,,,,,,,,,,,,,
2016-03-21,,,,26.86,20.74,31.74,,,,,,,,,,,,,44.14,38.37,48.86,,,,,,,,,,,,,5.14,-0.63,9.86,,,,,,,,,,,,,19.86,14.0,25.95,,,,,,,,,,4.0,-1.74,8.54,,,,,,,,,,,,,,,,,,,,,,,,,,,,,,,,
2016-03-22,,,,26.83,20.73,31.68,,,,,,,,,,,,,44.13,38.38,48.81,,,,,,,,,,,,,5.13,-0.62,9.81,,,,,,,,,,,,,19.91,14.05,25.96,,,,,,,,,,4.0,-1.71,8.52,,,,,,,,,,,,,,,,,,,,,,,,,,,,,,,,
2016-03-23,,,,26.8,20.7,31.64,,,,,,,,,,,,,44.12,38.38,48.76,,,,,,,,,,,,,5.12,-0.62,9.76,,,,,,,,,,,,,19.97,14.09,25.99,,,,,,,,,,4.0,-1.68,8.49,,,,,,,,,,,,,,,,,,,,,,,,,,,,,,,,
2016-03-24,,,,26.77,20.68,31.62,,,,,,,,,,,,,44.11,38.39,48.7,,,,,,,,,,,,,5.11,-0.61,9.7,,,,,,,,,,,,,20.02,14.12,26.0,,,,,,,,,,4.0,-1.65,8.47,,,,,,,,,,,,,,,,,,,,,,,,,,,,,,,,
2016-03-25,,,,26.74,20.68,31.61,,,,,,,,,,,,,44.1,38.37,48.66,,,,,,,,,,,,,5.1,-0.63,9.66,,,,,,,,,,,,,20.06,14.15,26.02,,,,,,,,,,4.0,-1.7,8.43,,,,,,,,,,,,,,,,,,,,,,,,,,,,,,,,
2016-03-26,,,,26.72,20.67,31.59,,,,,,,,,,,,,44.09,38.33,48.63,,,,,,,,,,,,,5.09,-0.67,9.63,,,,,,,,,,,,,20.11,14.15,26.04,,,,,,,,,,4.0,-1.74,8.41,,,,,,,,,,,,,,,,,,,,,,,,,,,,,,,,
2016-03-27,,,,26.7,20.66,31.58,,,,,,,,,,,,,44.08,38.28,48.62,,,,,,,,,,,,,5.08,-0.72,9.62,,,,,,,,,,,,,20.15,14.16,26.05,,,,,,,,,,4.0,-1.79,8.39,,,,,,,,,,,,,,,,,,,,,,,,,,,,,,,,
2016-03-28,,,,26.67,20.65,31.57,,,,,,,,,,,,,44.07,38.23,48.61,,,,,,,,,,,,,5.07,-0.77,9.61,,,,,,,,,,,,,20.19,14.17,26.07,,,,,,,,,,4.0,-1.82,8.37,,,,,,,,,,,,,,,,,,,,,,,,,,,,,,,,
2016-03-29,,,,26.65,20.64,31.57,,,,,,,,,,,,,44.06,38.19,48.6,,,,,,,,,,,,,5.06,-0.81,9.6,,,,,,,,,,,,,20.23,14.18,26.08,,,,,,,,,,4.0,-1.86,8.35,,,,,,,,,,,,,,,,,,,,,,,,,,,,,,,,
2016-03-30,,,,26.63,20.62,31.57,,,,,,,,,,,,,44.05,38.15,48.61,,,,,,,,,,,,,5.05,-0.85,9.61,,,,,,,,,,,,,20.26,14.17,26.09,,,,,,,,,,4.0,-1.9,8.35,,,,,,,,,,,,,,,,,,,,,,,,,,,,,,,,
2016-03-31,,,,26.61,20.61,31.57,,,,,,,,,,,,,44.04,38.11,48.61,,,,,,,,,,,,,5.04,-0.89,9.61,,,,,,,,,,,,,20.3,14.17,26.11,,,,,,,,,,4.0,-1.93,8.34,,,,,,,,,,,,,,,,,,,,,,,,,,,,,,,,
2016-04-01,,,,26.59,20.56,31.57,,,,,,,,,,,,,44.04,38.07,48.61,,,,,,,,,,,,,5.04,-0.93,9.61,,,,,,,,,,,,,20.34,14.17,26.12,,,,,,,,,,4.0,-1.96,8.33,,,,,,,,,,,,,,,,,,,,,,,,,,,,,,,,
2016-04-02,,,,26.57,20.55,31.58,,,,,,,,,,,,,44.03,38.02,48.62,,,,,,,,,,,,,5.03,-0.98,9.62,,,,,,,,,,,,,20.37,14.17,26.13,,,,,,,,,,4.0,-2.0,8.34,,,,,,,,,,,,,,,,,,,,,,,,,,,,,,,,
2016-04-03,,,,26.55,20.54,31.58,,,,,,,,,,,,,44.02,37.99,48.62,,,,,,,,,,,,,5.02,-1.01,9.62,,,,,,,,,,,,,20.4,14.18,26.14,,,,,,,,,,4.0,-2.04,8.35,,,,,,,,,,,,,,,,,,,,,,,,,,,,,,,,
2016-04-04,,,,26.54,20.53,31.58,,,,,,,,,,,,,44.01,37.95,48.62,,,,,,,,,,,,,5.01,-1.05,9.62,,,,,,,,,,,,,20.44,14.23,26.16,,,,,,,,,,4.0,-2.06,8.37,,,,,,,,,,,,,,,,,,,,,,,,,,,,,,,,
2016-04-05,,,,26.52,20.51,31.58,,,,,,,,,,,,,44.01,37.91,48.63,,,,,,,,,,,,,5.01,-1.09,9.63,,,,,,,,,,,,,20.47,14.26,26.16,,,,,,,,,,4.0,-2.09,8.38,,,,,,,,,,,,,,,,,,,,,,,,,,,,,,,,
2016-04-06,,,,26.5,20.51,31.58,,,,,,,,,,,,,44.0,37.87,48.63,,,,,,,,,,,,,5.0,-1.13,9.63,,,,,,,,,,,,,20.5,14.27,26.17,,,,,,,,,,4.0,-2.13,8.41,,,,,,,,,,,,,,,,,,,,,,,,,,,,,,,,
2016-04-07,,,,26.48,20.49,31.59,,,,,,,,,,,,,43.99,37.83,48.64,,,,,,,,,,,,,4.99,-1.17,9.64,,,,,,,,,,,,,20.53,14.26,26.19,,,,,,,,,,4.0,-2.16,8.41,,,,,,,,,,,,,,,,,,,,,,,,,,,,,,,,
2016-04-08,,,,26.46,20.47,31.59,,,,,,,,,,,,,43.99,37.79,48.65,,,,,,,,,,,,,4.99,-1.21,9.65,,,,,,,,,,,,,20.56,14.26,26.2,,,,,,,,,,4.0,-2.19,8.39,,,,,,,,,,,,,,,,,,,,,,,,,,,,,,,,
2016-04-09,,,,26.45,20.45,31.6,,,,,,,,,,,,,43.98,37.76,48.66,,,,,,,,,,,,,4.98,-1.24,9.66,,,,,,,,,,,,,20.6,14.26,26.21,,,,,,,,,,4.0,-2.22,8.37,,,,,,,,,,,,,,,,,,,,,,,,,,,,,,,,
2016-04-10,,,,26.43,20.42,31.6,,,,,,,,,,,,,43.97,37.71,48.68,,,,,,,,,,,,,4.97,-1.29,9.68,,,,,,,,,,,,,20.63,14.25,26.22,,,,,,,,,,4.0,-2.26,8.37,,,,,,,,,,,,,,,,,,,,,,,,,,,,,,,,
2016-04-11,,,,26.41,20.39,31.6,,,,,,,,,,,,,43.96,37.67,48.69,,,,,,,,,,,,,4.96,-1.33,9.69,,,,,,,,,,,,,20.66,14.24,26.23,,,,,,,,,,4.0,-2.29,8.38,,,,,,,,,,,,,,,,,,,,,,,,,,,,,,,,
2016-04-12,,,,26.39,20.36,31.61,,,,,,,,,,,,,43.96,37.63,48.7,,,,,,,,,,,,,4.96,-1.37,9.7,,,,,,,,,,,,,20.7,14.23,26.24,,,,,,,,,,4.0,-2.33,8.4,,,,,,,,,,,,,,,,,,,,,,,,,,,,,,,,
2016-04-13,,,,26.37,20.34,31.62,,,,,,,,,,,,,43.95,37.59,48.72,,,,,,,,,,,,,4.95,-1.41,9.72,,,,,,,,,,,,,20.74,14.23,26.25,,,,,,,,,,4.0,-2.36,8.41,,,,,,,,,,,,,,,,,,,,,,,,,,,,,,,,
2016-04-14,,,,26.35,20.3,31.62,,,,,,,,,,,,,43.94,37.57,48.73,,,,,,,,,,,,,4.94,-1.43,9.73,,,,,,,,,,,,,20.77,14.22,26.27,,,,,,,,,,4.0,-2.4,8.43,,,,,,,,,,,,,,,,,,,,,,,,,,,,,,,,
2016-04-15,,,,26.33,20.27,31.63,,,,,,,,,,,,,43.93,37.57,48.75,,,,,,,,,,,,,4.93,-1.43,9.75,,,,,,,,,,,,,20.81,14.22,26.28,,,,,,,,,,4.0,-2.43,8.44,,,,,,,,,,,,,,,,,,,,,,,,,,,,,,,,
2016-04-16,,,,26.3,20.24,31.64,,,,,,,,,,,,,43.92,37.57,48.77,,,,,,,,,,,,,4.92,-1.43,9.77,,,,,,,,,,,,,20.85,14.21,26.29,,,,,,,,,,4.0,-2.43,8.45,,,,,,,,,,,,,,,,,,,,,,,,,,,,,,,,
2016-04-17,,,,26.28,20.2,31.64,,,,,,,,,,,,,43.91,37.57,48.78,,,,,,,,,,,,,4.91,-1.43,9.78,,,,,,,,,,,,,20.89,14.2,26.31,,,,,,,,,,4.0,-2.43,8.47,,,,,,,,,,,,,,,,,,,,,,,,,,,,,,,,
2016-04-18,,,,26.26,20.16,31.65,,,,,,,,,,,,,43.9,37.56,48.8,,,,,,,,,,,,,4.9,-1.44,9.8,,,,,,,,,,,,,20.94,14.19,26.32,,,,,,,,,,4.0,-2.43,8.49,,,,,,,,,,,,,,,,,,,,,,,,,,,,,,,,
2016-04-19,,,,26.23,20.12,31.65,,,,,,,,,,,,,43.89,37.56,48.81,,,,,,,,,,,,,4.89,-1.44,9.81,,,,,,,,,,,,,20.98,14.18,26.33,,,,,,,,,,4.0,-2.43,8.51,,,,,,,,,,,,,,,,,,,,,,,,,,,,,,,,
2016-04-20,,,,26.2,20.08,31.66,,,,,,,,,,,,,43.88,37.56,48.84,,,,,,,,,,,,,4.88,-1.44,9.84,,,,,,,,,,,,,21.03,14.18,26.32,,,,,,,,,,4.0,-2.43,8.54,,,,,,,,,,,,,,,,,,,,,,,,,,,,,,,,
2016-04-21,,,,26.17,20.03,31.67,,,,,,,,,,,,,43.87,37.55,48.86,,,,,,,,,,,,,4.87,-1.45,9.86,,,,,,,,,,,,,21.09,14.18,26.32,,,,,,,,,,4.0,-2.44,8.56,,,,,,,,,,,,,,,,,,,,,,,,,,,,,,,,
2016-04-22,,,,26.14,19.98,31.68,,,,,,,,,,,,,43.86,37.55,48.88,,,,,,,,,,,,,4.86,-1.45,9.88,,,,,,,,,,,,,21.14,14.18,26.32,,,,,,,,,,4.0,-2.44,8.59,,,,,,,,,,,,,,,,,,,,,,,,,,,,,,,,
2016-04-23,,,,26.11,19.93,31.69,,,,,,,,,,,,,43.85,37.55,48.9,,,,,,,,,,,,,4.85,-1.45,9.9,,,,,,,,,,,,,21.2,14.18,26.32,,,,,,,,,,4.0,-2.44,8.63,,,,,,,,,,,,,,,,,,,,,,,,,,,,,,,,
2016-04-24,,,,26.08,19.88,31.7,,,,,,,,,,,,,43.83,37.55,48.9,,,,,,,,,,,,,4.83,-1.45,9.9,,,,,,,,,,,,,21.26,14.18,26.33,,,,,,,,,,4.0,-2.44,8.66,,,,,,,,,,,,,,,,,,,,,,,,,,,,,,,,
2016-04-25,,,,26.04,19.82,31.7,,,,,,,,,,,,,43.82,37.54,48.9,,,,,,,,,,,,,4.82,-1.46,9.9,,,,,,,,,,,,,21.32,14.18,26.34,,,,,,,,,,4.0,-2.44,8.7,,,,,,,,,,,,,,,,,,,,,,,,,,,,,,,,
2016-04-26,,,,26.01,19.76,31.63,,,,,,,,,,,,,43.8,37.54,48.9,,,,,,,,,,,,,4.8,-1.46,9.9,,,,,,,,,,,,,21.39,14.18,26.35,,,,,,,,,,4.0,-2.44,8.73,,,,,,,,,,,,,,,,,,,,,,,,,24.0,43.0,4.0,25.0,4.0,,,
2016-04-27,,,,25.97,19.69,31.56,,,,,,,,,,,,,43.79,37.54,48.9,,,,,,,,,,,,,4.79,-1.46,9.9,,,,,,,,,,,,,21.46,14.18,26.35,,,,,,,,,,4.0,-2.44,8.73,,,,,,,,,,,,,,,,,,,,,,,,,,,,,,,,
2016-04-28,,,,25.92,19.62,31.48,,,,,,,,,,,,,43.77,37.53,48.9,,,,,,,,,,,,,4.77,-1.47,9.9,,,,,,,,,,,,,21.54,14.18,26.35,,,,,,,,,,4.0,-2.44,8.73,,,,,,,,,,,,,,,,,,,,,,,,,,,,,,,,
2016-04-29,,,,25.88,19.54,31.41,,,,,,,,,,,,,43.75,37.53,48.9,,,,,,,,,,,,,4.75,-1.47,9.9,,,,,,,,,,,,,21.62,14.18,26.36,,,,,,,,,,4.0,-2.44,8.73,,,,,,,,,,,,,,,,,,,,,,,,,,,,,,,,
2016-04-30,,,,25.83,19.52,31.39,,,,,,,,,,,,,43.73,37.52,48.9,,,,,,,,,,,,,4.73,-1.48,9.9,,,,,,,,,,,,,21.7,14.18,26.37,,,,,,,,,,4.0,-2.44,8.73,,,,,,,,,,,,,,,,,,,,,,,,,,,,,,,,
2016-05-01,,,,25.79,19.51,31.37,,,,,,,,,,,,,43.71,37.52,48.9,,,,,,,,,,,,,4.71,-1.48,9.9,,,,,,,,,,,,,21.78,14.18,26.4,,,,,,,,,,4.0,-2.44,8.73,,,,,,,,,,,,,,,,,,,,,,,,,,,,,,,,
2016-05-02,,,,25.74,19.5,31.35,,,,,,,,,,,,,43.69,37.51,48.9,,,,,,,,,,,,,4.69,-1.49,9.9,,,,,,,,,,,,,21.88,14.18,26.47,,,,,,,,,,4.0,-2.44,8.73,,,,,,,,,,,,,,,,,,,,,,,,,,,,,,,,
2016-05-03,,,,25.68,19.47,31.34,,,,,,,,,,,,,43.67,37.49,48.87,,,,,,,,,,,,,4.67,-1.51,9.87,,,,,,,,,,,,,21.97,14.18,26.55,,,,,,,,,,4.0,-2.46,8.73,,,,,,,,,,,,,,,,,,,,,,,,,,,,,,,,
2016-05-04,,,,25.63,19.44,31.34,,,,,,,,,,,,,43.65,37.47,48.81,,,,,,,,,,,,,4.65,-1.53,9.81,,,,,,,,,,,,,22.07,14.18,26.59,,,,,,,,,,4.0,-2.48,8.76,,,,,,,,,,,,,,,,,,,,,,,,,,,,,,,,
2016-05-05,,,,25.57,19.4,31.34,,,,,,,,,,,,,43.63,37.44,48.76,,,,,,,,,,,,,4.63,-1.56,9.76,,,,,,,,,,,,,22.17,14.18,26.64,,,,,,,,,,4.0,-2.5,8.78,,,,,,,,,,,,,,,,,,,,,,,,,,,,,,,,
2016-05-06,,,,25.51,19.37,31.34,,,,,,,,,,,,,43.61,37.41,48.78,,,,,,,,,,,,,4.61,-1.59,9.78,,,,,,,,,,,,,22.27,14.23,26.69,,,,,,,,,,4.0,-2.52,8.81,,,,,,,,,,,,,,,,,,,,,,,,,,,,,,,,
2016-05-07,,,,25.45,19.23,31.35,,,,,,,,,,,,,43.58,37.34,48.81,,,,,,,,,,,,,4.58,-1.66,9.81,,,,,,,,,,,,,22.38,14.3,26.78,,,,,,,,,,4.0,-2.55,8.83,,,,,,,,,,,,,,,,,,,,,,,,,,,,,,,,
2016-05-08,,,,25.39,19.09,31.36,,,,,,,,,,,,,43.56,37.22,48.85,,,,,,,,,,,,,4.56,-1.78,9.85,,,,,,,,,,,,,22.5,14.32,26.94,,,,,,,,,,4.0,-2.57,8.81,,,,,,,,,,,,,,,,,,,,,,,,,,,,,,,,
2016-05-09,,,,25.33,18.94,31.37,,,,,,,,,,,,,43.53,37.11,48.89,,,,,,,,,,,,,4.53,-1.89,9.89,,,,,,,,,,,,,22.61,14.32,27.02,,,,,,,,,,4.0,-2.6,8.78,,,,,,,,,,,,,,,,,,,,,,,,,,,,,,,,
2016-05-10,,,,25.26,18.79,31.39,,,,,,,,,,,,,43.5,36.98,48.93,,,,,,,,,,,,,4.5,-2.02,9.93,,,,,,,,,,,,,22.73,14.32,27.06,,,,,,,,,,4.0,-2.62,8.88,,,,,,,,,,,,,,,,,,,,,,,,,,,,,,,,
2016-05-11,,,,25.19,18.63,31.4,,,,,,,,,,,,,43.48,36.86,48.95,,,,,,,,,,,,,4.48,-2.14,9.95,,,,,,,,,,,,,22.85,14.32,27.1,,,,,,,,,,4.0,-2.72,8.92,,,,,,,,,,,,,,,,,,,,,,,,,,,,,,,,
2016-05-12,,,,25.13,18.47,31.42,,,,,,,,,,,,,43.45,36.74,49.01,,,,,,,,,,,,,4.45,-2.26,10.01,,,,,,,,,,,,,22.97,14.32,27.15,,,,,,,,,,4.0,-2.83,9.02,,,,,,,,,,,,,,,,,,,,,,,,,,,,,,,,
2016-05-13,,,,25.06,18.3,31.48,,,,,,,,,,,,,43.42,36.61,49.13,,,,,,,,,,,,,4.42,-2.39,10.13,,,,,,,,,,,,,23.1,14.32,27.38,,,,,,,,,,4.0,-2.93,9.02,,,,,,,,,,,,,,,,,,,,,,,,,,,,,,,,
2016-05-14,,,,24.99,18.11,31.56,,,,,,,,,,,,,43.39,36.58,49.2,,,,,,,,,,,,,4.39,-2.42,10.2,,,,,,,,,,,,,23.23,14.32,27.62,,,,,,,,,,4.0,-3.04,9.02,,,,,,,,,,,,,,,,,,,,,,,,,,,,,,,,
2016-05-15,,,,24.91,17.93,31.64,,,,,,,,,,,,,43.37,36.58,49.22,,,,,,,,,,,,,4.37,-2.42,10.22,,,,,,,,,,,,,23.36,14.32,27.9,,,,,,,,,,4.0,-3.15,9.02,,,,,,,,,,,,,,,,,,,,,,,,,,,,,,,,
2016-05-16,,,,24.84,17.75,31.72,,,,,,,,,,,,,43.34,36.58,49.26,,,,,,,,,,,,,4.34,-2.42,10.26,,,,,,,,,,,,,23.48,14.32,28.14,,,,,,,,,,4.0,-3.26,9.02,,,,,,,,,,,,,,,,,,,,,,,,,,,,,,,,
2016-05-17,,,,24.77,17.7,31.82,,,,,,,,,,,,,43.31,36.58,49.29,,,,,,,,,,,,,4.31,-2.42,10.29,,,,,,,,,,,,,23.61,14.32,28.21,,,,,,,,,,4.0,-3.36,9.02,,,,,,,,,,,,,,,,,,,,,,,,,,,,,,,,
2016-05-18,,,,24.7,17.68,31.93,,,,,,,,,,,,,43.28,36.58,49.32,,,,,,,,,,,,,4.28,-2.42,10.32,,,,,,,,,,,,,23.74,14.32,28.39,,,,,,,,,,4.0,-3.4,9.11,,,,,,,,,,,,,,,,,,,,,,,,,,,,,,,,
2016-05-19,,,,24.63,17.67,32.03,,,,,,,,,,,,,43.25,36.58,49.35,,,,,,,,,,,,,4.25,-2.42,10.35,,,,,,,,,,,,,23.87,14.32,28.77,,,,,,,,,,4.0,-3.4,9.24,,,,,,,,,,,,,,,,,,,,,,,,,,,,,,,,
2016-05-20,,,,24.56,17.65,32.15,,,,,,,,,,,,,43.22,36.58,49.38,,,,,,,,,,,,,4.22,-2.42,10.38,,,,,,,,,,,,,23.99,14.32,28.93,,,,,,,,,,4.0,-3.4,9.34,,,,,,,,,,,,,,,,,,,,,,,,,,,,,,,,
2016-05-21,,,,24.49,17.64,32.25,,,,,,,,,,,,,43.2,36.58,49.42,,,,,,,,,,,,,4.2,-2.42,10.42,,,,,,,,,,,,,24.11,14.33,29.03,,,,,,,,,,4.0,-3.4,9.34,,,,,,,,,,,,,,,,,,,,,,,,,,,,,,,,
2016-05-22,,,,24.43,17.62,32.37,,,,,,,,,,,,,43.17,36.57,49.44,,,,,,,,,,,,,4.17,-2.43,10.44,,,,,,,,,,,,,24.23,14.35,29.13,,,,,,,,,,4.0,-3.4,9.34,,,,,,,,,,,,,,,,,,,,,,,,,,,,,,,,
2016-05-23,,,,24.37,17.6,32.48,,,,,,,,,,,,,43.15,36.57,49.47,,,,,,,,,,,,,4.15,-2.43,10.47,,,,,,,,,,,,,24.34,14.37,29.23,,,,,,,,,,4.0,-3.4,9.34,,,,,,,,,,,,,,,,,,,,,,,,,,,,,,,,
2016-05-24,,,,24.31,17.58,32.53,,,,,,,,,,,,,43.12,36.56,49.5,,,,,,,,,,,,,4.12,-2.44,10.5,,,,,,,,,,,,,24.45,14.39,29.34,,,,,,,,,,4.0,-3.4,9.34,,,,,,,,,,,,,,,,,,,,,,,,,,,,,,,,
2016-05-25,,,,24.25,17.57,32.55,,,,,,,,,,,,,43.1,36.55,49.53,,,,,,,,,,,,,4.1,-2.45,10.53,,,,,,,,,,,,,24.54,14.4,29.46,,,,,,,,,,4.0,-3.4,9.34,,,,,,,,,,,,,,,,,,,,,,,,,,,,,,,,
2016-05-26,,,,24.2,17.55,32.56,,,,,,,,,,,,,43.08,36.54,49.57,,,,,,,,,,,,,4.08,-2.46,10.57,,,,,,,,,,,,,24.63,14.4,29.56,,,,,,,,,,4.0,-3.4,9.34,,,,,,,,,,,,,,,,,,,,,,,,,,,,,,,,
2016-05-27,,,,24.16,17.54,32.58,,,,,,,,,,,,,43.06,36.53,49.6,,,,,,,,,,,,,4.06,-2.47,10.6,,,,,,,,,,,,,24.72,14.4,29.66,,,,,,,,,,4.0,-3.4,9.34,,,,,,,,,,,,,,,,,,,,,,,,,,,,,,,,
2016-05-28,,,,24.12,17.53,32.59,,,,,,,,,,,,,43.05,36.52,49.64,,,,,,,,,,,,,4.05,-2.48,10.64,,,,,,,,,,,,,24.79,14.4,29.74,,,,,,,,,,4.0,-3.4,9.34,,,,,,,,,,,,,,,,,,,,,,,,,,,,,,,,
2016-05-29,,,,24.08,17.52,32.6,,,,,,,,,,,,,43.03,36.51,49.66,,,,,,,,,,,,,4.03,-2.49,10.66,,,,,,,,,,,,,24.85,14.4,29.81,,,,,,,,,,4.0,-3.4,9.34,,,,,,,,,,,,,,,,,,,,,,,,,,,,,,,,
2016-05-30,,,,24.06,17.51,32.61,,,,,,,,,,,,,43.02,36.51,49.68,,,,,,,,,,,,,4.02,-2.49,10.68,,,,,,,,,,,,,24.9,14.4,29.87,,,,,,,,,,4.0,-3.4,9.34,,,,,,,,,,,,,,,,,,,,,,,,,,,,,,,,
2016-05-31,,,,24.04,17.51,32.61,,,,,,,,,,,,,43.01,36.5,49.7,,,,,,,,,,,,,4.01,-2.5,10.7,,,,,,,,,,,,,24.94,14.4,29.91,,,,,,,,,,4.0,-3.4,9.35,,,,,,,,,,,,,,,,,,,,,,,,,,,,,,,,
2016-06-01,,,,24.02,17.5,32.62,,,,,,,,,,,,,43.01,36.5,49.73,,,,,,,,,,,,,4.01,-2.5,10.73,,,,,,,,,,,,,24.97,14.4,29.94,,,,,,,,,,4.0,-3.4,9.35,,,,,,,,,,,,,,,,,,,,,,,,,,,,,,,,
2016-06-02,,,,24.01,17.5,32.62,,,,,,,,,,,,,43.0,36.5,49.74,,,,,,,,,,,,,4.0,-2.5,10.74,,,,,,,,,,,,,24.98,14.4,29.96,,,,,,,,,,4.0,-3.4,9.35,,,,,,,,,,,,,,,,,,,,,,,,,,,,,,,,
2016-06-03,,,,24.0,17.5,32.63,,,,,,,,,,,,,43.0,36.5,49.75,,,,,,,,,,,,,4.0,-2.5,10.75,,,,,,,,,,,,,25.0,14.4,29.97,,,,,,,,,,4.0,-3.4,9.35,,,,,,,,,,,,,,,,,,,,,,,,,,,,,,,,
2016-06-04,,,,24.0,17.5,32.63,,,,,,,,,,,,,43.0,36.5,49.75,,,,,,,,,,,,,4.0,-2.5,10.75,,,,,,,,,,,,,25.0,14.4,29.98,,,,,,,,,,4.0,-3.4,9.35,,,,,,,,,,,,,,,,,,,,,,,,,,,,,,,,
2016-06-05,,,,24.0,15.79,30.38,,,,,,,,,,,,,43.0,34.79,49.38,,,,,,,,,,,,,4.0,-4.21,10.38,,,,,,,,,,,,,25.0,16.79,31.38,,,,,,,,,,4.0,-4.21,10.38,,,,,,,,,,,,,,,,,,,,,,,,,,,,,,,,
2016-11-01,,,,,,,,,,,,,,,,,,,,,,,,,,,,,,,,,,,,,,,,,,,,,,,,,,,,,,,,,,,,,,,,,,,,,,,,,,,,,,,,,,,,,,,,39.0,36.0,9.0,12.0,3.0,,,
2016-11-18,,,,39.0,33.4,46.01,,,,,,,,,,,,,36.0,30.4,43.01,,,,,,,,,,,,,9.0,3.4,16.01,,,,,,,,,,,,,12.0,6.4,19.01,,,,,,,,,,3.0,-2.6,10.01,,,,,,,,,,,,,,,,,,,,,,,,,,,,,,,,
2016-11-19,,,,39.0,32.08,45.92,,,,,,,,,,,,,36.0,28.7,42.92,,,,,,,,,,,,,9.0,3.43,15.92,,,,,,,,,,,,,12.0,5.02,18.92,,,,,,,,,,3.0,-2.49,10.01,,,,,,,,,,,,,,,,,,,,,,,,,,,,,,,,
2016-11-20,,,,39.0,32.08,45.92,,,,,,,,,,,,,36.0,28.7,42.92,,,,,,,,,,,,,9.0,3.43,15.92,,,,,,,,,,,,,12.0,5.02,18.92,,,,,,,,,,3.0,-2.49,10.01,,,,,,,,,,,,,,,,,,,,,,,,,,,,,,,,
2016-11-21,,,,39.0,32.08,45.91,,,,,,,,,,,,,35.99,28.71,42.91,,,,,,,,,,,,,9.0,3.43,15.91,,,,,,,,,,,,,11.99,5.03,18.91,,,,,,,,,,3.0,-2.49,10.01,,,,,,,,,,,,,,,,,,,,,,,,,,,,,,,,
2016-11-22,,,,38.99,32.08,45.9,,,,,,,,,,,,,35.98,28.71,42.9,,,,,,,,,,,,,9.0,3.42,15.9,,,,,,,,,,,,,11.99,5.05,18.9,,,,,,,,,,3.01,-2.48,10.01,,,,,,,,,,,,,,,,,,,,,,,,,,,,,,,,
2016-11-23,,,,38.98,32.09,45.88,,,,,,,,,,,,,35.97,28.73,42.87,,,,,,,,,,,,,8.99,3.43,15.89,,,,,,,,,,,,,11.98,5.07,18.87,,,,,,,,,,3.01,-2.45,10.02,,,,,,,,,,,,,,,,,,,,,,,,,,,,,,,,
2016-11-24,,,,38.97,32.11,45.85,,,,,,,,,,,,,35.95,28.73,42.84,,,,,,,,,,,,,8.99,3.44,15.86,,,,,,,,,,,,,11.96,5.1,18.84,,,,,,,,,,3.02,-2.41,10.03,,,,,,,,,,,,,,,,,,,,,,,,,,,,,,,,
2016-11-25,,,,38.96,32.15,45.81,,,,,,,,,,,,,35.93,28.73,42.78,,,,,,,,,,,,,8.99,3.45,15.83,,,,,,,,,,,,,11.94,5.13,18.79,,,,,,,,,,3.03,-2.35,10.03,,,,,,,,,,,,,,,,,,,,,,,,,,,,,,,,
2016-11-26,,,,38.94,32.19,45.76,,,,,,,,,,,,,35.89,28.73,42.7,,,,,,,,,,,,,8.98,3.47,15.79,,,,,,,,,,,,,11.91,5.16,18.73,,,,,,,,,,3.04,-2.27,10.04,,,,,,,,,,,,,,,,,,,,,,,,,,,,,,,,
2016-11-27,,,,38.91,32.23,45.69,,,,,,,,,,,,,35.85,28.73,42.62,,,,,,,,,,,,,8.97,3.49,15.75,,,,,,,,,,,,,11.88,5.2,18.66,,,,,,,,,,3.06,-2.2,10.06,,,,,,,,,,,,,,,,,,,,,,,,,,,,,,,,
2016-11-28,,,,38.88,32.29,45.6,,,,,,,,,,,,,35.81,28.73,42.5,,,,,,,,,,,,,8.96,3.5,15.7,,,,,,,,,,,,,11.84,5.24,18.54,,,,,,,,,,3.08,-2.12,10.06,,,,,,,,,,,,,,,,,,,,,,,,,,,,,,,,
2016-11-29,,,,38.85,32.35,45.42,,,,,,,,,,,,,35.75,28.73,42.3,,,,,,,,,,,,,8.95,3.5,15.56,,,,,,,,,,,,,11.8,5.24,18.37,,,,,,,,,,3.1,-2.04,10.0,,,,,,,,,,,,,,,,,,,,,,,,,,,,,,,,
2016-11-30,,,,38.81,32.42,45.24,,,,,,,,,,,,,35.69,28.73,42.07,,,,,,,,,,,,,8.94,3.5,15.4,,,,,,,,,,,,,11.75,5.24,18.15,,,,,,,,,,3.12,-1.97,9.96,,,,,,,,,,,,,,,,,,,,,,,,,,,,,,,,
2016-12-01,,,,38.77,32.49,45.02,,,,,,,,,,,,,35.62,28.73,41.86,,,,,,,,,,,,,8.92,3.64,15.22,,,,,,,,,,,,,11.69,5.24,17.93,,,,,,,,,,3.15,-1.76,9.91,,,,,,,,,,,,,,,,,,,,,,,,,,,,,,,,
2016-12-02,,,,38.72,32.51,44.84,,,,,,,,,,,,,35.54,28.73,41.68,,,,,,,,,,,,,8.91,3.69,15.02,,,,,,,,,,,,,11.63,5.24,17.76,,,,,,,,,,3.18,-1.53,9.87,,,,,,,,,,,,,,,,,,,,,,,,,,,,,,,,
2016-12-03,,,,38.67,32.5,44.67,,,,,,,,,,,,,35.46,28.73,41.49,,,,,,,,,,,,,8.89,3.7,14.85,,,,,,,,,,,,,11.57,5.24,17.58,,,,,,,,,,3.22,-1.38,9.82,,,,,,,,,,,,,,,,,,,,,,,,,,,,,,,,
2016-12-04,,,,38.62,32.49,44.49,,,,,,,,,,,,,35.37,28.73,41.28,,,,,,,,,,,,,8.87,3.7,14.71,,,,,,,,,,,,,11.49,5.24,17.39,,,,,,,,,,3.25,-1.2,9.77,,,,,,,,,,,,,,,,,,,,,,,,,,,,,,,,
2016-12-05,,,,38.56,32.48,44.3,,,,,,,,,,,,,35.27,28.73,41.06,,,,,,,,,,,,,8.85,3.7,14.55,,,,,,,,,,,,,11.42,5.24,17.18,,,,,,,,,,3.29,-1.03,9.71,,,,,,,,,,,,,,,,,,,,,,,,,,,,,,,,
2016-12-06,,,,38.5,32.46,44.1,,,,,,,,,,,,,35.17,28.73,40.83,,,,,,,,,,,,,8.83,3.7,14.39,,,,,,,,,,,,,11.34,5.24,16.97,,,,,,,,,,3.33,-0.89,9.65,,,,,,,,,,,,,,,,,,,,,,,,,,,,,,,,
2016-12-07,,,,38.44,32.45,43.9,,,,,,,,,,,,,35.07,28.76,40.71,,,,,,,,,,,,,8.81,3.71,14.21,,,,,,,,,,,,,11.25,5.24,16.75,,,,,,,,,,3.37,-0.85,9.58,,,,,,,,,,,,,,,,,,,,,,,,,,,,,,,,
2016-12-08,,,,38.37,32.44,43.76,,,,,,,,,,,,,34.96,28.82,40.68,,,,,,,,,,,,,8.79,3.71,14.03,,,,,,,,,,,,,11.16,5.24,16.71,,,,,,,,,,3.42,-0.87,9.57,,,,,,,,,,,,,,,,,,,,,,,,,,,,,,,,
2016-12-09,,,,38.3,32.53,43.73,,,,,,,,,,,,,34.84,28.89,40.66,,,,,,,,,,,,,8.77,3.71,13.89,,,,,,,,,,,,,11.07,5.24,16.68,,,,,,,,,,3.46,-0.89,9.57,,,,,,,,,,,,,,,,,,,,,,,,,,,,,,,,
2016-12-10,,,,38.23,32.77,43.7,,,,,,,,,,,,,34.72,28.95,40.66,,,,,,,,,,,,,8.74,3.72,13.84,,,,,,,,,,,,,10.98,5.36,16.66,,,,,,,,,,3.51,-0.93,9.57,,,,,,,,,,,,,,,,,,,,,,,,,,,,,,,,
2016-12-11,,,,38.16,32.98,43.67,,,,,,,,,,,,,34.6,29.06,40.62,,,,,,,,,,,,,8.72,3.76,13.8,,,,,,,,,,,,,10.88,5.57,16.66,,,,,,,,,,3.56,-0.58,9.57,,,,,,,,,,,,,,,,,,,,,,,,,,,,,,,,
2016-12-12,,,,38.09,32.88,43.66,,,,,,,,,,,,,34.48,29.1,40.45,,,,,,,,,,,,,8.7,3.72,13.76,,,,,,,,,,,,,10.78,5.56,16.66,,,,,,,,,,3.61,-0.24,9.57,,,,,,,,,,,,,,,,,,,,,,,,,,,,,,,,
2016-12-13,,,,38.01,32.72,43.66,,,,,,,,,,,,,34.35,29.06,40.34,,,,,,,,,,,,,8.67,3.72,13.74,,,,,,,,,,,,,10.68,5.49,16.53,,,,,,,,,,3.66,-0.19,9.57,,,,,,,,,,,,,,,,,,,,,,,,,,,,,,,,
2016-12-14,,,,37.93,32.79,43.66,,,,,,,,,,,,,34.22,29.06,40.25,,,,,,,,,,,,,8.64,3.73,13.71,,,,,,,,,,,,,10.58,5.55,16.42,,,,,,,,,,3.71,-0.19,9.57,,,,,,,,,,,,,,,,,,,,,,,,,,,,,,,,
2016-12-15,,,,37.86,32.81,43.52,,,,,,,,,,,,,34.09,29.06,40.1,,,,,,,,,,,,,8.62,3.73,13.69,,,,,,,,,,,,,10.48,5.5,16.32,,,,,,,,,,3.76,-0.19,9.57,,,,,,,,,,,,,,,,,,,,,,,,,,,,,,,,
2016-12-16,,,,37.78,32.81,43.43,,,,,,,,,,,,,33.96,29.06,39.93,,,,,,,,,,,,,8.59,3.75,13.67,,,,,,,,,,,,,10.37,5.45,16.23,,,,,,,,,,3.81,-0.19,9.65,,,,,,,,,,,,,,,,,,,,,,,,,,,,,,,,
2016-12-17,,,,37.7,32.74,43.35,,,,,,,,,,,,,33.83,29.04,39.6,,,,,,,,,,,,,8.57,3.9,13.69,,,,,,,,,,,,,10.27,5.4,15.95,,,,,,,,,,3.87,-0.19,9.6,,,,,,,,,,,,,,,,,,,,,,,,,,,,,,,,
2016-12-18,,,,37.62,32.69,43.04,,,,,,,,,,,,,33.7,28.97,39.35,,,,,,,,,,,,,8.54,3.97,13.73,,,,,,,,,,,,,10.16,5.34,15.6,,,,,,,,,,3.92,-0.19,9.53,,,,,,,,,,,,,,,,,,,,,,,,,,,,,,,,
2016-12-19,,,,37.54,32.63,42.75,,,,,,,,,,,,,33.57,28.87,39.21,,,,,,,,,,,,,8.51,3.98,13.75,,,,,,,,,,,,,10.05,5.25,15.37,,,,,,,,,,3.97,-0.19,9.56,,,,,,,,,,,,,,,,,,,,,,,,,,,,,,,,
2016-12-20,,,,37.46,32.57,42.75,,,,,,,,,,,,,33.43,28.76,38.94,,,,,,,,,,,,,8.49,3.99,13.76,,,,,,,,,,,,,9.95,5.19,15.36,,,,,,,,,,4.03,-0.26,9.52,,,,,,,,,,,,,,,,,,,,,,,,,,,,,,,,
2016-12-21,,,,37.38,32.49,42.78,,,,,,,,,,,,,33.3,28.63,38.72,,,,,,,,,,,,,8.46,3.91,13.7,,,,,,,,,,,,,9.84,5.15,15.26,,,,,,,,,,4.08,-0.19,9.5,,,,,,,,,,,,,,,,,,,,,,,,,,,,,,,,
2016-12-22,,,,37.3,32.32,42.72,,,,,,,,,,,,,33.17,28.48,38.62,,,,,,,,,,,,,8.43,3.76,13.59,,,,,,,,,,,,,9.73,4.98,15.24,,,,,,,,,,4.13,-0.19,9.52,,,,,,,,,,,,,,,,,,,,,,,,,,,,,,,,
2016-12-23,,,,37.22,32.14,42.7,,,,,,,,,,,,,33.04,28.39,38.62,,,,,,,,,,,,,8.41,3.76,13.51,,,,,,,,,,,,,9.63,4.85,15.27,,,,,,,,,,4.19,-0.19,9.41,,,,,,,,,,,,,,,,,,,,,,,,,,,,,,,,
2016-12-24,,,,37.14,32.08,42.72,,,,,,,,,,,,,32.91,28.29,38.63,,,,,,,,,,,,,8.38,3.76,13.51,,,,,,,,,,,,,9.52,4.78,15.32,,,,,,,,,,4.24,-0.16,9.39,,,,,,,,,,,,,,,,,,,,,,,,,,,,,,,,
2016-12-25,,,,37.07,32.08,42.73,,,,,,,,,,,,,32.78,28.17,38.64,,,,,,,,,,,,,8.36,3.77,13.51,,,,,,,,,,,,,9.42,4.7,15.36,,,,,,,,,,4.29,-0.12,9.46,,,,,,,,,,,,,,,,,,,,,,,,,,,,,,,,
2016-12-26,,,,36.99,32.08,42.75,,,,,,,,,,,,,32.65,28.04,38.67,,,,,,,,,,,,,8.33,3.77,13.51,,,,,,,,,,,,,9.32,4.6,15.36,,,,,,,,,,4.34,-0.11,9.59,,,,,,,,,,,,,,,,,,,,,,,,,,,,,,,,
2016-12-27,,,,36.91,32.08,42.77,,,,,,,,,,,,,32.52,27.91,38.62,,,,,,,,,,,,,8.3,3.77,13.6,,,,,,,,,,,,,9.22,4.5,15.36,,,,,,,,,,4.39,-0.11,9.7,,,,,,,,,,,,,,,,,,,,,,,,,,,,,,,,
2016-12-28,,,,36.84,32.08,42.78,,,,,,,,,,,,,32.4,27.75,38.54,,,,,,,,,,,,,8.28,3.74,13.67,,,,,,,,,,,,,9.12,4.36,15.33,,,,,,,,,,4.44,-0.11,9.72,,,,,,,,,,,,,,,,,,,,,,,,,,,,,,,,
2016-12-29,,,,36.77,32.08,42.79,,,,,,,,,,,,,32.28,27.53,38.48,,,,,,,,,,,,,8.26,3.65,13.67,,,,,,,,,,,,,9.02,4.21,15.27,,,,,,,,,,4.49,-0.12,9.77,,,,,,,,,,,,,,,,,,,,,,,,,,,,,,,,
2016-12-30,,,,36.7,31.95,42.81,,,,,,,,,,,,,32.16,27.31,38.43,,,,,,,,,,,,,8.23,3.49,13.67,,,,,,,,,,,,,8.93,4.1,15.24,,,,,,,,,,4.54,-0.19,9.82,,,,,,,,,,,,,,,,,,,,,,,,,,,,,,,,
2016-12-31,,,,36.63,31.71,42.83,,,,,,,,,,,,,32.04,27.11,38.38,,,,,,,,,,,,,8.21,3.41,13.67,,,,,,,,,,,,,8.84,3.9,15.2,,,,,,,,,,4.58,-0.22,9.87,,,,,,,,,,,,,,,,,,,,,,,,,,,,,,,,
2017-01-01,,,,36.56,31.62,42.83,,,,,,,,,,,,,31.93,26.98,38.34,,,,,,,,,,,,,8.19,3.3,13.67,,,,,,,,,,,,,8.75,3.72,15.18,,,,,,,,,,4.63,-0.29,9.91,,,,,,,,,,,,,,,,,,,,,,,,,,,,,,,,
2017-01-02,,,,36.5,31.5,42.82,,,,,,,,,,,,,31.83,26.77,38.3,,,,,,,,,,,,,8.17,3.2,13.71,,,,,,,,,,,,,8.66,3.6,15.16,,,,,,,,,,4.67,-0.35,9.95,,,,,,,,,,,,,,,,,,,,,,,,,,,,,,,,
2017-01-03,,,,36.44,31.5,42.82,,,,,,,,,,,,,31.73,26.66,38.25,,,,,,,,,,,,,8.15,3.1,13.82,,,,,,,,,,,,,8.58,3.5,15.13,,,,,,,,,,4.71,-0.42,10.06,,,,,,,,,,,,,,,,,,,,,,,,,,,,,,,,
2017-01-04,,,,36.38,31.46,42.84,,,,,,,,,,,,,31.63,26.57,38.25,,,,,,,,,,,,,8.13,2.95,13.96,,,,,,,,,,,,,8.51,3.5,15.14,,,,,,,,,,4.75,-0.48,10.3,,,,,,,,,,,,,,,,,,,,,,,,,,,,,,,,
2017-01-05,,,,36.33,31.32,42.87,,,,,,,,,,,,,31.54,26.44,38.26,,,,,,,,,,,,,8.11,2.77,14.09,,,,,,,,,,,,,8.43,3.38,15.16,,,,,,,,,,4.78,-0.55,10.41,,,,,,,,,,,,,,,,,,,,,,,,,,,,,,,,
2017-01-06,,,,36.28,31.1,42.93,,,,,,,,,,,,,31.46,26.3,38.26,,,,,,,,,,,,,8.09,2.66,14.22,,,,,,,,,,,,,8.37,3.19,15.18,,,,,,,,,,4.82,-0.66,10.44,,,,,,,,,,,,,,,,,,,,,,,,,,,,,,,,
2017-01-07,,,,36.23,30.9,43.02,,,,,,,,,,,,,31.38,26.14,38.29,,,,,,,,,,,,,8.08,2.57,14.3,,,,,,,,,,,,,8.31,3.03,15.19,,,,,,,,,,4.85,-0.76,10.46,,,,,,,,,,,,,,,,,,,,,,,,,,,,,,,,
2017-01-08,,,,36.19,30.8,43.1,,,,,,,,,,,,,31.31,25.99,38.31,,,,,,,,,,,,,8.06,2.47,14.28,,,,,,,,,,,,,8.25,2.89,15.22,,,,,,,,,,4.88,-0.8,10.49,,,,,,,,,,,,,,,,,,,,,,,,,,,,,,,,
2017-01-09,,,,36.15,30.69,43.18,,,,,,,,,,,,,31.25,25.84,38.35,,,,,,,,,,,,,8.05,2.37,14.28,,,,,,,,,,,,,8.2,2.77,15.27,,,,,,,,,,4.9,-0.83,10.51,,,,,,,,,,,,,,,,,,,,,,,,,,,,,,,,
2017-01-10,,,,36.12,30.59,43.21,,,,,,,,,,,,,31.19,25.7,38.38,,,,,,,,,,,,,8.04,2.27,14.27,,,,,,,,,,,,,8.16,2.65,15.32,,,,,,,,,,4.92,-0.89,10.53,,,,,,,,,,,,,,,,,,,,,,,,,,,,,,,,
2017-01-11,,,,36.09,30.5,43.23,,,,,,,,,,,,,31.15,25.58,38.42,,,,,,,,,,,,,8.03,2.19,14.26,,,,,,,,,,,,,8.12,2.54,15.36,,,,,,,,,,4.94,-0.93,10.57,,,,,,,,,,,,,,,,,,,,,,,,,,,,,,,,
2017-01-12,,,,36.06,30.41,43.25,,,,,,,,,,,,,31.11,25.47,38.46,,,,,,,,,,,,,8.02,2.16,14.25,,,,,,,,,,,,,8.09,2.44,15.37,,,,,,,,,,4.96,-0.98,10.59,,,,,,,,,,,,,,,,,,,,,,,,,,,,,,,,
2017-01-13,,,,36.04,30.34,43.27,,,,,,,,,,,,,31.07,25.38,38.5,,,,,,,,,,,,,8.01,2.14,14.25,,,,,,,,,,,,,8.06,2.36,15.38,,,,,,,,,,4.97,-1.02,10.61,,,,,,,,,,,,,,,,,,,,,,,,,,,,,,,,
2017-01-14,,,,36.03,30.29,43.29,,,,,,,,,,,,,31.05,25.31,38.52,,,,,,,,,,,,,8.01,2.12,14.24,,,,,,,,,,,,,8.04,2.3,15.38,,,,,,,,,,4.98,-1.05,10.62,,,,,,,,,,,,,,,,,,,,,,,,,,,,,,,,
2017-01-15,,,,36.02,30.25,43.29,,,,,,,,,,,,,31.03,25.27,38.53,,,,,,,,,,,,,8.01,2.1,14.24,,,,,,,,,,,,,8.02,2.26,15.38,,,,,,,,,,4.99,-1.07,10.64,,,,,,,,,,,,,,,,,,,,,,,,,,,,,,,,
2017-01-16,,,,36.01,30.22,43.3,,,,,,,,,,,,,31.02,25.23,38.55,,,,,,,,,,,,,8.0,2.09,14.24,,,,,,,,,,,,,8.01,2.23,15.39,,,,,,,,,,4.99,-1.09,10.64,,,,,,,,,,,,,,,,,,,,,,,,,,,,,,,,
2017-01-17,,,,36.0,30.21,43.31,,,,,,,,,,,,,31.01,25.21,38.56,,,,,,,,,,,,,8.0,2.08,14.24,,,,,,,,,,,,,8.01,2.21,15.39,,,,,,,,,,5.0,-1.1,10.65,,,,,,,,,,,,,,,,,,,,,,,,,,,,,,,,
2017-01-18,,,,36.0,30.19,43.31,,,,,,,,,,,,,31.0,25.2,38.56,,,,,,,,,,,,,8.0,2.08,14.24,,,,,,,,,,,,,8.0,2.19,15.39,,,,,,,,,,5.0,-1.11,10.65,,,,,,,,,,,,,,,,,,,,,,,,,,,,,,,,
2017-01-19,,,,36.0,30.19,43.31,,,,,,,,,,,,,31.0,25.19,38.56,,,,,,,,,,,,,8.0,2.08,14.24,,,,,,,,,,,,,8.0,2.19,15.39,,,,,,,,,,5.0,-1.11,10.66,,,,,,,,,,,,,,,,,,,,,,,,,,,,,,,,
2017-01-20,,,,36.0,29.83,42.38,,,,,,,,,,,,,31.0,24.83,37.38,,,,,,,,,,,,,8.0,1.83,14.38,,,,,,,,,,,,,8.0,1.83,14.38,,,,,,,,,,5.0,-1.17,11.38,,,,,,,,,,,,,,,,,,,,,,,,,,,,,,,,
2017-01-31,,,,36.0,29.66,42.43,,,,,,,,,,,,,31.0,24.66,37.43,,,,,,,,,,,,,8.0,1.66,14.43,,,,,,,,,,,,,8.0,1.66,14.43,,,,,,,,,,5.0,-1.34,11.43,,,,,,,,,,,,,,,,,,,,,,,,,,,,,,,,
2017-02-01,,,,36.0,30.02,45.26,,,,,,,,,,,,,31.0,25.02,39.37,,,,,,,,,,,,,8.0,1.99,14.44,,,,,,,,,,,,,8.0,1.99,14.44,,,,,,,,,,5.0,-1.38,11.44,,,,,,,,,,,,,,,,,,,,,,,,,,,,,,,,
2017-02-02,,,,36.0,30.02,45.26,,,,,,,,,,,,,31.0,25.02,39.37,,,,,,,,,,,,,8.0,1.99,14.44,,,,,,,,,,,,,8.0,1.99,14.44,,,,,,,,,,5.0,-1.37,11.44,,,,,,,,,,,,,,,,,,,,,,,,,,,,,,,,
2017-02-03,,,,36.01,30.03,45.26,,,,,,,,,,,,,31.01,25.03,39.37,,,,,,,,,,,,,8.0,1.99,14.43,,,,,,,,,,,,,8.0,1.99,14.43,,,,,,,,,,5.0,-1.37,11.43,,,,,,,,,,,,,,,,,,,,,,,,,,,,,,,,
2017-02-04,,,,36.02,30.05,45.26,,,,,,,,,,,,,31.02,25.05,39.37,,,,,,,,,,,,,8.0,2.0,14.41,,,,,,,,,,,,,8.0,2.0,14.41,,,,,,,,,,4.99,-1.35,11.41,,,,,,,,,,,,,,,,,,,,,,,,,,,,,,,,
2017-02-05,,,,36.04,30.09,46.82,,,,,,,,,,,,,31.04,25.09,41.03,,,,,,,,,,,,,7.99,1.52,14.38,,,,,,,,,,,,,7.99,1.52,14.38,,,,,,,,,,4.99,-1.89,11.37,,,,,,,,,,,,,,,,,,,,,,,,,,,,,,,,
2017-02-06,,,,36.07,30.22,46.79,,,,,,,,,,,,,31.06,25.22,42.44,,,,,,,,,,,,,7.99,1.61,14.34,,,,,,,,,,,,,7.99,1.61,14.34,,,,,,,,,,4.98,-1.83,11.19,,,,,,,,,,,,,,,,,,,,,,,,,36.0,31.0,8.0,8.0,5.0,,,
2017-02-07,,,,36.11,30.26,46.8,,,,,,,,,,,,,31.1,25.26,42.4,,,,,,,,,,,,,7.99,1.58,14.28,,,,,,,,,,,,,7.99,1.58,14.28,,,,,,,,,,4.97,-1.89,11.13,,,,,,,,,,,,,,,,,,,,,,,,,,,,,,,,
2017-02-08,,,,36.16,30.34,46.71,,,,,,,,,,,,,31.15,25.32,42.37,,,,,,,,,,,,,7.98,1.54,14.21,,,,,,,,,,,,,7.98,1.54,14.21,,,,,,,,,,4.96,-1.97,11.06,,,,,,,,,,,,,,,,,,,,,,,,,,,,,,,,
2017-02-09,,,,36.23,30.5,46.63,,,,,,,,,,,,,31.22,25.5,42.34,,,,,,,,,,,,,7.97,1.49,14.13,,,,,,,,,,,,,7.97,1.49,14.13,,,,,,,,,,4.94,-1.98,10.99,,,,,,,,,,,,,,,,,,,,,,,,,,,,,,,,
2017-02-10,,,,36.3,30.64,46.6,,,,,,,,,,,,,31.3,25.67,42.3,,,,,,,,,,,,,7.96,1.45,14.04,,,,,,,,,,,,,7.96,1.45,14.04,,,,,,,,,,4.92,-1.93,10.92,,,,,,,,,,,,,,,,,,,,,,,,,,,,,,,,
2017-02-11,,,,36.39,30.8,46.42,,,,,,,,,,,,,31.4,25.87,42.27,,,,,,,,,,,,,7.95,1.46,13.95,,,,,,,,,,,,,7.95,1.46,13.95,,,,,,,,,,4.89,-1.88,10.83,,,,,,,,,,,,,,,,,,,,,,,,,,,,,,,,
2017-02-12,,,,36.49,31.0,46.19,,,,,,,,,,,,,31.52,26.11,42.29,,,,,,,,,,,,,7.93,1.49,13.86,,,,,,,,,,,,,7.93,1.49,13.86,,,,,,,,,,4.85,-1.83,10.74,,,,,,,,,,,,,,,,,,,,,,,,,,,,,,,,
2017-02-13,,,,36.61,31.23,46.18,,,,,,,,,,,,,31.65,26.38,42.33,,,,,,,,,,,,,7.92,1.54,13.8,,,,,,,,,,,,,7.92,1.54,13.8,,,,,,,,,,4.82,-1.79,10.69,,,,,,,,,,,,,,,,,,,,,,,,,,,,,,,,
2017-02-14,,,,36.73,31.44,46.06,,,,,,,,,,,,,31.8,26.7,42.36,,,,,,,,,,,,,7.9,1.59,13.76,,,,,,,,,,,,,7.9,1.59,13.76,,,,,,,,,,4.77,-1.65,10.65,,,,,,,,,,,,,,,,,,,,,,,,,,,,,,,,
2017-02-15,,,,36.86,31.66,46.05,,,,,,,,,,,,,31.97,27.01,42.4,,,,,,,,,,,,,7.88,1.68,13.73,,,,,,,,,,,,,7.88,1.68,13.73,,,,,,,,,,4.73,-1.61,10.6,,,,,,,,,,,,,,,,,,,,,,,,,,,,,,,,
2017-02-16,,,,37.0,31.91,46.07,,,,,,,,,,,,,32.14,27.34,42.39,,,,,,,,,,,,,7.86,1.79,13.71,,,,,,,,,,,,,7.86,1.79,13.71,,,,,,,,,,4.68,-1.57,10.55,,,,,,,,,,,,,,,,,,,,,,,,,,,,,,,,
2017-02-17,,,,37.15,32.19,46.1,,,,,,,,,,,,,32.33,27.46,42.36,,,,,,,,,,,,,7.84,1.9,13.7,,,,,,,,,,,,,7.84,1.9,13.7,,,,,,,,,,4.63,-1.53,10.52,,,,,,,,,,,,,,,,,,,,,,,,,,,,,,,,
2017-02-18,,,,37.3,32.35,46.11,,,,,,,,,,,,,32.52,27.5,42.39,,,,,,,,,,,,,7.82,1.94,13.69,,,,,,,,,,,,,7.82,1.94,13.69,,,,,,,,,,4.57,-1.51,10.48,,,,,,,,,,,,,,,,,,,,,,,,,,,,,,,,
2017-02-19,,,,37.45,32.4,46.08,,,,,,,,,,,,,32.72,27.65,42.48,,,,,,,,,,,,,7.79,1.98,13.68,,,,,,,,,,,,,7.79,1.98,13.68,,,,,,,,,,4.52,-1.55,10.45,,,,,,,,,,,,,,,,,,,,,,,,,,,,,,,,
2017-02-20,,,,37.6,32.61,46.05,,,,,,,,,,,,,32.92,27.9,42.55,,,,,,,,,,,,,7.77,2.09,13.68,,,,,,,,,,,,,7.77,2.09,13.68,,,,,,,,,,4.46,-1.61,10.34,,,,,,,,,,,,,,,,,,,,,,,,,,,,,,,,
2017-02-21,,,,37.75,32.74,46.04,,,,,,,,,,,,,33.12,28.03,42.57,,,,,,,,,,,,,7.75,2.21,13.67,,,,,,,,,,,,,7.75,2.21,13.67,,,,,,,,,,4.41,-1.6,10.21,,,,,,,,,,,,,,,,,,,,,,,,,,,,,,,,
2017-02-22,,,,37.9,32.9,46.02,,,,,,,,,,,,,33.33,28.22,42.61,,,,,,,,,,,,,7.72,2.31,13.66,,,,,,,,,,,,,7.72,2.31,13.66,,,,,,,,,,4.35,-1.58,10.1,,,,,,,,,,,,,,,,,,,,,,,,,,,,,,,,
2017-02-23,,,,38.05,33.01,46.0,,,,,,,,,,,,,33.53,28.52,42.65,,,,,,,,,,,,,7.7,2.38,13.56,,,,,,,,,,,,,7.7,2.38,13.56,,,,,,,,,,4.29,-1.56,9.9,,,,,,,,,,,,,,,,,,,,,,,,,,,,,,,,
2017-02-24,,,,38.2,33.05,45.99,,,,,,,,,,,,,33.73,28.93,42.68,,,,,,,,,,,,,7.68,2.37,13.43,,,,,,,,,,,,,7.68,2.37,13.43,,,,,,,,,,4.24,-1.45,9.72,,,,,,,,,,,,,,,,,,,,,,,,,,,,,,,,
2017-02-25,,,,38.35,33.16,45.98,,,,,,,,,,,,,33.93,29.17,42.72,,,,,,,,,,,,,7.66,2.36,13.35,,,,,,,,,,,,,7.66,2.36,13.35,,,,,,,,,,4.18,-1.34,9.53,,,,,,,,,,,,,,,,,,,,,,,,,,,,,,,,
2017-02-26,,,,38.49,33.26,45.96,,,,,,,,,,,,,34.12,29.34,42.72,,,,,,,,,,,,,7.64,2.53,13.28,,,,,,,,,,,,,7.64,2.53,13.28,,,,,,,,,,4.13,-1.26,9.36,,,,,,,,,,,,,,,,,,,,,,,,,,,,,,,,
2017-02-27,,,,38.62,33.37,45.95,,,,,,,,,,,,,34.31,29.47,42.72,,,,,,,,,,,,,7.61,2.5,13.2,,,,,,,,,,,,,7.61,2.5,13.2,,,,,,,,,,4.08,-1.29,9.26,,,,,,,,,,,,,,,,,,,,,,,,,,,,,,,,
2017-02-28,,,,38.75,33.46,46.11,,,,,,,,,,,,,34.5,29.6,42.88,,,,,,,,,,,,,7.59,2.55,13.38,,,,,,,,,,,,,7.59,2.55,13.38,,,,,,,,,,4.02,-1.37,9.87,,,,,,,,,,,,,,,,,,,,,,,,,,,,,,,,
2017-03-01,,,,38.88,33.35,46.11,,,,,,,,,,,,,34.68,29.73,43.07,,,,,,,,,,,,,7.57,2.63,13.34,,,,,,,,,,,,,7.57,2.46,13.34,,,,,,,,,,3.97,-1.57,9.77,,,,,,,,,,,,,,,,,,,,,,,,,,,,,,,,
2017-03-02,,,,39.01,33.52,46.1,,,,,,,,,,,,,34.86,29.84,43.1,,,,,,,,,,,,,7.55,2.69,13.31,,,,,,,,,,,,,7.55,2.52,13.31,,,,,,,,,,3.92,-1.63,9.7,,,,,,,,,,,,,,,,,,,,,,,,,,,,,,,,
2017-03-03,,,,39.12,33.66,46.09,,,,,,,,,,,,,35.04,30.05,43.12,,,,,,,,,,,,,7.54,2.76,13.26,,,,,,,,,,,,,7.53,2.57,13.26,,,,,,,,,,3.87,-1.6,9.61,,,,,,,,,,,,,,,,,,,,,,,,,,,,,,,,
2017-03-04,,,,39.24,33.79,46.08,,,,,,,,,,,,,35.22,30.15,43.15,,,,,,,,,,,,,7.52,2.83,13.21,,,,,,,,,,,,,7.51,2.62,13.21,,,,,,,,,,3.83,-1.57,9.53,,,,,,,,,,,,,,,,,,,,,,,,,,,,,,,,
2017-03-05,,,,39.34,34.02,46.08,,,,,,,,,,,,,35.4,30.25,43.17,,,,,,,,,,,,,7.5,2.85,13.16,,,,,,,,,,,,,7.49,2.67,13.14,,,,,,,,,,3.78,-1.55,9.47,,,,,,,,,,,,,,,,,,,,,,,,,,,,,,,,
2017-03-06,,,,39.45,34.27,46.06,,,,,,,,,,,,,35.59,30.38,43.19,,,,,,,,,,,,,7.48,2.88,13.1,,,,,,,,,,,,,7.47,2.72,13.07,,,,,,,,,,3.73,-1.52,9.39,,,,,,,,,,,,,,,,,,,,,,,,,,,,,,,,
2017-03-07,,,,39.54,34.36,46.05,,,,,,,,,,,,,35.77,30.76,43.21,,,,,,,,,,,,,7.46,2.86,12.99,,,,,,,,,,,,,7.45,2.74,12.93,,,,,,,,,,3.68,-1.49,9.23,,,,,,,,,,,,,,,,,,,,,,,,,,,,,,,,
2017-03-08,,,,39.63,34.44,46.03,,,,,,,,,,,,,35.96,30.86,43.24,,,,,,,,,,,,,7.45,2.84,12.83,,,,,,,,,,,,,7.43,2.75,12.79,,,,,,,,,,3.63,-1.47,9.06,,,,,,,,,,,,,,,,,,,,,,,,,,,,,,,,
2017-03-09,,,,39.71,34.52,46.0,,,,,,,,,,,,,36.15,30.96,43.28,,,,,,,,,,,,,7.43,2.86,12.67,,,,,,,,,,,,,7.4,2.75,12.63,,,,,,,,,,3.58,-1.44,8.87,,,,,,,,,,,,,,,,,,,,,,,,,,,,,,,,
2017-03-10,,,,39.79,34.59,45.85,,,,,,,,,,,,,36.35,31.23,43.32,,,,,,,,,,,,,7.41,2.9,12.53,,,,,,,,,,,,,7.38,2.72,12.49,,,,,,,,,,3.53,-1.42,8.7,,,,,,,,,,,,,,,,,,,,,,,,,,,,,,,,
2017-03-11,,,,39.86,34.65,45.69,,,,,,,,,,,,,36.55,31.43,43.33,,,,,,,,,,,,,7.4,2.94,12.45,,,,,,,,,,,,,7.35,2.7,12.3,,,,,,,,,,3.49,-1.4,8.54,,,,,,,,,,,,,,,,,,,,,,,,,,,,,,,,
2017-03-12,,,,39.93,34.51,45.64,,,,,,,,,,,,,36.75,31.32,43.63,,,,,,,,,,,,,7.38,2.88,12.37,,,,,,,,,,,,,7.32,2.79,12.22,,,,,,,,,,3.44,-1.35,8.39,,,,,,,,,,,,,,,,,,,,,,,,,,,,,,,,
2017-03-13,,,,39.99,34.57,45.53,,,,,,,,,,,,,36.95,31.37,43.71,,,,,,,,,,,,,7.36,2.91,12.3,,,,,,,,,,,,,7.3,2.77,12.1,,,,,,,,,,3.39,-1.31,8.22,,,,,,,,,,,,,,,,,,,,,,,,,,,,,,,,
2017-03-14,,,,40.05,34.64,45.41,,,,,,,,,,,,,37.15,31.45,43.87,,,,,,,,,,,,,7.35,2.93,12.15,,,,,,,,,,,,,7.27,2.75,11.89,,,,,,,,,,3.34,-1.28,8.06,,,,,,,,,,,,,,,,,,,,,,,,,,,,,,,,
2017-03-15,,,,40.1,34.69,45.28,,,,,,,,,,,,,37.36,31.6,44.0,,,,,,,,,,,,,7.33,2.96,12.1,,,,,,,,,,,,,7.24,2.75,11.79,,,,,,,,,,3.29,-1.25,7.8,,,,,,,,,,,,,,,,,,,,,,,,,,,,,,,,
2017-03-16,,,,40.15,34.76,45.25,,,,,,,,,,,,,37.57,32.06,44.17,,,,,,,,,,,,,7.32,2.97,12.06,,,,,,,,,,,,,7.21,2.76,11.67,,,,,,,,,,3.24,-1.28,7.65,,,,,,,,,,,,,,,,,,,,,,,,,,,,,,,,
2017-03-17,,,,40.19,34.81,45.23,,,,,,,,,,,,,37.79,32.61,44.42,,,,,,,,,,,,,7.3,3.03,11.98,,,,,,,,,,,,,7.18,2.76,11.53,,,,,,,,,,3.19,-1.3,7.41,,,,,,,,,,,,,,,,,,,,,,,,,,,,,,,,
2017-03-18,,,,40.23,34.88,45.18,,,,,,,,,,,,,38.01,32.87,44.68,,,,,,,,,,,,,7.29,3.1,11.89,,,,,,,,,,,,,7.15,2.8,11.38,,,,,,,,,,3.14,-1.3,7.23,,,,,,,,,,,,,,,,,,,,,,,,,,,,,,,,
2017-03-19,,,,40.27,34.93,45.1,,,,,,,,,,,,,38.23,32.95,44.91,,,,,,,,,,,,,7.27,3.17,11.79,,,,,,,,,,,,,7.11,2.85,11.24,,,,,,,,,,3.09,-1.37,7.11,,,,,,,,,,,,,,,,,,,,,,,,,,,,,,,,
2017-03-20,,,,40.3,35.0,45.09,,,,,,,,,,,,,38.46,33.15,45.12,,,,,,,,,,,,,7.25,3.18,11.68,,,,,,,,,,,,,7.08,2.89,11.09,,,,,,,,,,3.04,-1.36,7.05,,,,,,,,,,,,,,,,,,,,,,,,,,,,,,,,
2017-03-21,,,,40.33,35.06,45.16,,,,,,,,,,,,,38.69,33.49,45.32,,,,,,,,,,,,,7.24,3.15,11.56,,,,,,,,,,,,,7.04,2.87,11.01,,,,,,,,,,2.99,-1.31,6.99,,,,,,,,,,,,,,,,,,,,,,,,,,,,,,,,
2017-03-22,,,,40.35,35.11,45.16,,,,,,,,,,,,,38.93,33.51,45.49,,,,,,,,,,,,,7.22,3.12,11.39,,,,,,,,,,,,,7.0,2.75,10.94,,,,,,,,,,2.94,-1.3,6.9,,,,,,,,,,,,,,,,,,,,,,,,,,,,,,,,
2017-03-23,,,,40.37,35.12,45.11,,,,,,,,,,,,,39.17,33.58,45.63,,,,,,,,,,,,,7.2,3.08,11.21,,,,,,,,,,,,,6.96,2.64,10.72,,,,,,,,,,2.89,-1.38,6.76,,,,,,,,,,,,,,,,,,,,,,,,,,,,,,,,
2017-03-24,,,,40.39,35.16,45.07,,,,,,,,,,,,,39.41,33.73,45.91,,,,,,,,,,,,,7.19,2.98,11.09,,,,,,,,,,,,,6.92,2.51,10.59,,,,,,,,,,2.83,-1.5,6.75,,,,,,,,,,,,,,,,,,,,,,,,,,,,,,,,
2017-03-25,,,,40.4,35.18,44.96,,,,,,,,,,,,,39.65,34.02,46.09,,,,,,,,,,,,,7.17,2.84,11.0,,,,,,,,,,,,,6.88,2.43,10.61,,,,,,,,,,2.78,-1.61,6.75,,,,,,,,,,,,,,,,,,,,,,,,,,,,,,,,
2017-03-26,,,,40.42,35.22,44.83,,,,,,,,,,,,,39.88,34.3,46.23,,,,,,,,,,,,,7.15,2.74,10.96,,,,,,,,,,,,,6.83,2.37,10.72,,,,,,,,,,2.73,-1.72,6.68,,,,,,,,,,,,,,,,,,,,,,,,,,,,,,,,
2017-03-27,,,,40.43,35.27,44.69,,,,,,,,,,,,,40.12,34.75,46.39,,,,,,,,,,,,,7.13,2.77,11.08,,,,,,,,,,,,,6.79,2.31,10.8,,,,,,,,,,2.68,-1.82,6.62,,,,,,,,,,,,,,,,,,,,,,,,,,,,,,,,
2017-03-28,,,,40.43,35.37,44.56,,,,,,,,,,,,,40.36,34.99,46.65,,,,,,,,,,,,,7.12,2.79,11.21,,,,,,,,,,,,,6.75,2.23,10.84,,,,,,,,,,2.63,-1.91,6.54,,,,,,,,,,,,,,,,,,,,,,,,,,,,,,,,
2017-03-29,,,,40.44,35.4,44.48,,,,,,,,,,,,,40.59,35.3,46.89,,,,,,,,,,,,,7.1,2.77,11.31,,,,,,,,,,,,,6.71,2.17,10.66,,,,,,,,,,2.58,-2.01,6.48,,,,,,,,,,,,,,,,,,,,,,,,,,,,,,,,
2017-03-30,,,,40.44,35.39,44.55,,,,,,,,,,,,,40.83,35.55,47.05,,,,,,,,,,,,,7.08,2.87,11.4,,,,,,,,,,,,,6.66,2.2,10.49,,,,,,,,,,2.54,-2.1,6.43,,,,,,,,,,,,,,,,,,,,,,,,,,,,,,,,
2017-03-31,,,,40.44,35.32,44.63,,,,,,,,,,,,,41.06,35.62,47.22,,,,,,,,,,,,,7.07,2.96,11.34,,,,,,,,,,,,,6.62,2.25,10.45,,,,,,,,,,2.49,-2.09,6.37,,,,,,,,,,,,,,,,,,,,,,,,,,,,,,,,
2017-04-01,,,,40.44,35.32,44.68,,,,,,,,,,,,,41.28,35.78,47.5,,,,,,,,,,,,,7.05,2.97,11.26,,,,,,,,,,,,,6.58,2.33,10.44,,,,,,,,,,2.44,-2.04,6.32,,,,,,,,,,,,,,,,,,,,,,,,,,,,,,,,
2017-04-02,,,,40.44,35.38,44.66,,,,,,,,,,,,,41.5,35.99,47.66,,,,,,,,,,,,,7.03,3.01,11.23,,,,,,,,,,,,,6.54,2.39,10.42,,,,,,,,,,2.4,-1.98,6.27,,,,,,,,,,,,,,,,,,,,,,,,,,,,,,,,
2017-04-03,,,,40.44,35.43,44.72,,,,,,,,,,,,,41.72,36.19,47.9,,,,,,,,,,,,,7.02,3.06,11.16,,,,,,,,,,,,,6.49,2.42,10.39,,,,,,,,,,2.36,-1.92,6.19,,,,,,,,,,,,,,,,,,,,,,,,,,,,,,,,
2017-04-04,,,,40.44,35.35,44.77,,,,,,,,,,,,,41.93,36.38,48.21,,,,,,,,,,,,,7.0,2.97,11.06,,,,,,,,,,,,,6.45,2.42,10.38,,,,,,,,,,2.31,-1.91,6.06,,,,,,,,,,,,,,,,,,,,,,,,,,,,,,,,
2017-04-05,,,,40.43,35.33,44.82,,,,,,,,,,,,,42.13,36.58,48.35,,,,,,,,,,,,,6.98,2.99,10.96,,,,,,,,,,,,,6.41,2.28,10.34,,,,,,,,,,2.27,-1.89,5.99,,,,,,,,,,,,,,,,,,,,,,,,,,,,,,,,
2017-04-06,,,,40.42,35.29,44.8,,,,,,,,,,,,,42.33,36.77,48.43,,,,,,,,,,,,,6.97,2.96,10.86,,,,,,,,,,,,,6.37,2.16,10.29,,,,,,,,,,2.23,-2.03,5.92,,,,,,,,,,,,,,,,,,,,,,,,,,,,,,,,
2017-04-07,,,,40.42,35.2,44.77,,,,,,,,,,,,,42.52,36.96,48.63,,,,,,,,,,,,,6.96,2.89,10.77,,,,,,,,,,,,,6.34,2.13,10.23,,,,,,,,,,2.2,-2.03,5.9,,,,,,,,,,,,,,,,,,,,,,,,,,,,,,,,
2017-04-08,,,,40.41,35.11,44.74,,,,,,,,,,,,,42.7,37.09,48.81,,,,,,,,,,,,,6.94,2.86,10.75,,,,,,,,,,,,,6.3,2.04,10.17,,,,,,,,,,2.16,-2.06,5.88,,,,,,,,,,,,,,,,,,,,,,,,,,,,,,,,
2017-04-09,,,,40.4,35.05,44.8,,,,,,,,,,,,,42.88,37.2,48.96,,,,,,,,,,,,,6.93,2.82,10.71,,,,,,,,,,,,,6.26,1.98,10.12,,,,,,,,,,2.13,-2.16,5.87,,,,,,,,,,,,,,,,,,,,,,,,,,,,,,,,
2017-04-10,,,,40.39,35.01,44.92,,,,,,,,,,,,,43.04,37.28,49.05,,,,,,,,,,,,,6.91,2.8,10.64,,,,,,,,,,,,,6.23,1.91,10.05,,,,,,,,,,2.09,-2.24,5.84,,,,,,,,,,,,,,,,,,,,,,,,,,,,,,,,
2017-04-11,,,,40.38,34.98,45.04,,,,,,,,,,,,,43.2,37.36,49.13,,,,,,,,,,,,,6.9,2.81,10.58,,,,,,,,,,,,,6.2,1.87,10.01,,,,,,,,,,2.06,-2.24,5.81,,,,,,,,,,,,,,,,,,,,,,,,,,,,,,,,
2017-04-12,,,,40.36,34.95,45.13,,,,,,,,,,,,,43.36,37.43,49.23,,,,,,,,,,,,,6.89,2.81,10.52,,,,,,,,,,,,,6.16,1.85,10.01,,,,,,,,,,2.03,-2.23,5.79,,,,,,,,,,,,,,,,,,,,,,,,,,,,,,,,
2017-04-13,,,,40.35,34.94,45.21,,,,,,,,,,,,,43.5,37.5,49.5,,,,,,,,,,,,,6.88,2.81,10.61,,,,,,,,,,,,,6.13,1.83,9.98,,,,,,,,,,2.01,-2.25,5.79,,,,,,,,,,,,,,,,,,,,,,,,,,,,,,,,
2017-04-14,,,,40.34,34.93,45.28,,,,,,,,,,,,,43.63,37.56,49.55,,,,,,,,,,,,,6.87,2.8,10.68,,,,,,,,,,,,,6.1,1.73,9.91,,,,,,,,,,1.98,-2.35,5.78,,,,,,,,,,,,,,,,,,,,,,,,,,,,,,,,
2017-04-15,,,,40.32,34.94,45.33,,,,,,,,,,,,,43.76,37.63,49.82,,,,,,,,,,,,,6.86,2.74,10.67,,,,,,,,,,,,,6.08,1.65,9.85,,,,,,,,,,1.96,-2.43,5.75,,,,,,,,,,,,,,,,,,,,,,,,,,,,,,,,
2017-04-16,,,,40.3,34.93,45.37,,,,,,,,,,,,,43.87,37.65,50.0,,,,,,,,,,,,,6.85,2.65,10.64,,,,,,,,,,,,,6.05,1.54,9.83,,,,,,,,,,1.93,-2.48,5.73,,,,,,,,,,,,,,,,,,,,,,,,,,,,,,,,
2017-04-17,,,,40.29,34.94,45.26,,,,,,,,,,,,,43.98,37.67,50.0,,,,,,,,,,,,,6.84,2.56,10.64,,,,,,,,,,,,,6.03,1.47,9.82,,,,,,,,,,1.91,-2.49,5.7,,,,,,,,,,,,,,,,,,,,,,,,,,,,,,,,
2017-04-18,,,,40.27,34.94,45.14,,,,,,,,,,,,,44.08,37.69,50.04,,,,,,,,,,,,,6.83,2.49,10.66,,,,,,,,,,,,,6.0,1.44,9.81,,,,,,,,,,1.9,-2.54,5.68,,,,,,,,,,,,,,,,,,,,,,,,,,,,,,,,
2017-04-19,,,,40.26,34.95,45.03,,,,,,,,,,,,,44.17,37.7,50.18,,,,,,,,,,,,,6.83,2.42,10.68,,,,,,,,,,,,,5.98,1.42,9.8,,,,,,,,,,1.88,-2.58,5.69,,,,,,,,,,,,,,,,,,,,,,,,,,,,,,,,
2017-04-20,,,,40.24,34.92,44.93,,,,,,,,,,,,,44.25,37.72,50.29,,,,,,,,,,,,,6.82,2.36,10.7,,,,,,,,,,,,,5.96,1.4,9.79,,,,,,,,,,1.87,-2.6,5.73,,,,,,,,,,,,,,,,,,,,,,,,,,,,,,,,
2017-04-21,,,,40.22,34.92,44.82,,,,,,,,,,,,,44.33,37.73,50.33,,,,,,,,,,,,,6.81,2.3,10.69,,,,,,,,,,,,,5.94,1.38,9.79,,,,,,,,,,1.85,-2.63,5.74,,,,,,,,,,,,,,,,,,,,,,,,,44.0,38.0,7.0,7.0,3.0,,,
2017-04-22,,,,40.2,34.89,44.72,,,,,,,,,,,,,44.39,37.73,50.43,,,,,,,,,,,,,6.81,2.26,10.67,,,,,,,,,,,,,5.93,1.36,9.8,,,,,,,,,,1.84,-2.66,5.75,,,,,,,,,,,,,,,,,,,,,,,,,,,,,,,,
2017-04-23,,,,40.19,34.87,44.64,,,,,,,,,,,,,44.45,37.74,50.48,,,,,,,,,,,,,6.8,2.22,10.65,,,,,,,,,,,,,5.91,1.35,9.79,,,,,,,,,,1.83,-2.68,5.75,,,,,,,,,,,,,,,,,,,,,,,,,,,,,,,,
2017-04-24,,,,40.17,34.85,44.63,,,,,,,,,,,,,44.51,37.74,50.5,,,,,,,,,,,,,6.8,2.19,10.63,,,,,,,,,,,,,5.9,1.34,9.79,,,,,,,,,,1.82,-2.7,5.75,,,,,,,,,,,,,,,,,,,,,,,,,,,,,,,,
2017-04-25,,,,40.15,34.83,44.62,,,,,,,,,,,,,44.55,37.74,50.52,,,,,,,,,,,,,6.8,2.17,10.62,,,,,,,,,,,,,5.88,1.33,9.79,,,,,,,,,,1.82,-2.71,5.7,,,,,,,,,,,,,,,,,,,,,,,,,,,,,,,,
2017-04-26,,,,40.14,34.82,44.61,,,,,,,,,,,,,44.6,37.74,50.52,,,,,,,,,,,,,6.79,2.16,10.58,,,,,,,,,,,,,5.87,1.33,9.75,,,,,,,,,,1.81,-2.71,5.64,,,,,,,,,,,,,,,,,,,,,,,,,41.0,42.0,7.0,7.0,2.0,,,
2017-04-27,,,,40.12,34.91,44.62,,,,,,,,,,,,,44.63,37.76,50.54,,,,,,,,,,,,,6.79,2.12,10.53,,,,,,,,,,,,,5.86,1.3,9.74,,,,,,,,,,1.8,-2.74,5.59,,,,,,,,,,,,,,,,,,,,,,,,,,,,,,,,
2017-04-28,,,,40.11,34.87,44.65,,,,,,,,,,,,,44.67,37.96,50.35,,,,,,,,,,,,,6.79,2.07,10.44,,,,,,,,,,,,,5.85,1.24,9.71,,,,,,,,,,1.8,-2.8,5.45,,,,,,,,,,,,,,,,,,,,,,,,,,,,,,,,
2017-04-29,,,,40.09,34.85,44.63,,,,,,,,,,,,,44.71,37.99,50.35,,,,,,,,,,,,,6.78,2.06,10.4,,,,,,,,,,,,,5.84,1.24,9.7,,,,,,,,,,1.79,-2.81,5.44,,,,,,,,,,,,,,,,,,,,,,,,,,,,,,,,
2017-04-30,,,,40.08,34.82,44.62,,,,,,,,,,,,,44.74,38.02,50.34,,,,,,,,,,,,,6.78,2.04,10.38,,,,,,,,,,,,,5.83,1.23,9.69,,,,,,,,,,1.79,-2.82,5.43,,,,,,,,,,,,,,,,,,,,,,,,,,,,,,,,
2017-05-01,,,,40.07,34.8,44.61,,,,,,,,,,,,,44.77,38.05,50.34,,,,,,,,,,,,,6.78,2.03,10.38,,,,,,,,,,,,,5.82,1.22,9.68,,,,,,,,,,1.78,-2.82,5.42,,,,,,,,,,,,,,,,,,,,,,,,,,,,,,,,
2017-05-02,,,,40.06,34.8,44.6,,,,,,,,,,,,,44.8,38.07,50.34,,,,,,,,,,,,,6.77,2.02,10.38,,,,,,,,,,,,,5.81,1.21,9.68,,,,,,,,,,1.78,-2.83,5.41,,,,,,,,,,,,,,,,,,,,,,,,,,,,,,,,
2017-05-03,,,,40.05,34.81,44.58,,,,,,,,,,,,,44.83,38.1,50.33,,,,,,,,,,,,,6.77,2.01,10.38,,,,,,,,,,,,,5.81,1.2,9.67,,,,,,,,,,1.78,-2.83,5.4,,,,,,,,,,,,,,,,,,,,,,,,,,,,,,,,
2017-05-04,,,,40.04,34.8,44.57,,,,,,,,,,,,,44.86,38.13,50.33,,,,,,,,,,,,,6.77,2.0,10.37,,,,,,,,,,,,,5.8,1.2,9.67,,,,,,,,,,1.77,-2.84,5.39,,,,,,,,,,,,,,,,,,,,,,,,,,,,,,,,
2017-05-05,,,,40.02,34.81,44.56,,,,,,,,,,,,,44.88,38.16,50.33,,,,,,,,,,,,,6.77,1.99,10.36,,,,,,,,,,,,,5.79,1.19,9.66,,,,,,,,,,1.77,-2.85,5.38,,,,,,,,,,,,,,,,,,,,,,,,,,,,,,,,
2017-05-06,,,,40.01,34.81,44.55,,,,,,,,,,,,,44.91,38.17,50.33,,,,,,,,,,,,,6.76,1.98,10.36,,,,,,,,,,,,,5.78,1.19,9.65,,,,,,,,,,1.76,-2.85,5.37,,,,,,,,,,,,,,,,,,,,,,,,,,,,,,,,
2017-05-07,,,,40.0,34.81,44.54,,,,,,,,,,,,,44.93,38.18,50.32,,,,,,,,,,,,,6.76,1.97,10.35,,,,,,,,,,,,,5.78,1.18,9.65,,,,,,,,,,1.76,-2.85,5.37,,,,,,,,,,,,,,,,,,,,,,,,,,,,,,,,
2017-05-08,,,,39.99,34.81,44.52,,,,,,,,,,,,,44.96,38.19,50.32,,,,,,,,,,,,,6.76,1.97,10.34,,,,,,,,,,,,,5.77,1.18,9.64,,,,,,,,,,1.76,-2.86,5.36,,,,,,,,,,,,,,,,,,,,,,,,,,,,,,,,
2017-05-09,,,,39.98,34.8,44.51,,,,,,,,,,,,,44.98,38.19,50.32,,,,,,,,,,,,,6.76,1.96,10.32,,,,,,,,,,,,,5.76,1.17,9.63,,,,,,,,,,1.75,-2.86,5.35,,,,,,,,,,,,,,,,,,,,,,,,,,,,,,,,
2017-05-10,,,,39.97,34.79,44.5,,,,,,,,,,,,,45.01,38.19,50.32,,,,,,,,,,,,,6.76,1.95,10.31,,,,,,,,,,,,,5.76,1.16,9.63,,,,,,,,,,1.75,-2.87,5.34,,,,,,,,,,,,,,,,,,,,,,,,,,,,,,,,
2017-05-11,,,,39.96,34.79,44.48,,,,,,,,,,,,,45.04,38.19,50.33,,,,,,,,,,,,,6.75,1.94,10.3,,,,,,,,,,,,,5.75,1.16,9.62,,,,,,,,,,1.74,-2.87,5.33,,,,,,,,,,,,,,,,,,,,,,,,,,,,,,,,
2017-05-12,,,,39.95,34.79,44.47,,,,,,,,,,,,,45.06,38.19,50.34,,,,,,,,,,,,,6.75,1.94,10.29,,,,,,,,,,,,,5.74,1.15,9.61,,,,,,,,,,1.74,-2.88,5.32,,,,,,,,,,,,,,,,,,,,,,,,,,,,,,,,
2017-05-13,,,,39.94,34.78,44.45,,,,,,,,,,,,,45.09,38.19,50.35,,,,,,,,,,,,,6.75,1.93,10.27,,,,,,,,,,,,,5.74,1.15,9.61,,,,,,,,,,1.74,-2.88,5.31,,,,,,,,,,,,,,,,,,,,,,,,,,,,,,,,
2017-05-14,,,,39.93,34.77,44.42,,,,,,,,,,,,,45.11,38.19,50.37,,,,,,,,,,,,,6.75,1.93,10.26,,,,,,,,,,,,,5.73,1.15,9.6,,,,,,,,,,1.73,-2.89,5.3,,,,,,,,,,,,,,,,,,,,,,,,,,,,,,,,
2017-05-15,,,,39.91,34.77,44.4,,,,,,,,,,,,,45.14,38.19,50.39,,,,,,,,,,,,,6.75,1.92,10.24,,,,,,,,,,,,,5.72,1.15,9.58,,,,,,,,,,1.73,-2.89,5.3,,,,,,,,,,,,,,,,,,,,,,,,,,,,,,,,
2017-05-16,,,,39.9,34.76,44.38,,,,,,,,,,,,,45.17,38.19,50.4,,,,,,,,,,,,,6.75,1.92,10.22,,,,,,,,,,,,,5.72,1.13,9.56,,,,,,,,,,1.72,-2.9,5.28,,,,,,,,,,,,,,,,,,,,,,,,,,,,,,,,
2017-05-17,,,,39.89,34.75,44.35,,,,,,,,,,,,,45.2,38.19,50.43,,,,,,,,,,,,,6.74,1.91,10.2,,,,,,,,,,,,,5.71,1.1,9.54,,,,,,,,,,1.72,-2.9,5.27,,,,,,,,,,,,,,,,,,,,,,,,,,,,,,,,
2017-05-18,,,,39.87,34.74,44.33,,,,,,,,,,,,,45.23,38.19,50.45,,,,,,,,,,,,,6.74,1.91,10.19,,,,,,,,,,,,,5.7,1.08,9.52,,,,,,,,,,1.71,-2.91,5.26,,,,,,,,,,,,,,,,,,,,,,,,,,,,,,,,
2017-05-19,,,,39.85,34.73,44.29,,,,,,,,,,,,,45.27,38.21,50.47,,,,,,,,,,,,,6.74,1.9,10.16,,,,,,,,,,,,,5.69,1.05,9.5,,,,,,,,,,1.71,-2.91,5.25,,,,,,,,,,,,,,,,,,,,,,,,,36.0,50.0,7.0,5.0,1.0,,,
2017-05-20,,,,39.84,34.73,44.26,,,,,,,,,,,,,45.3,38.22,50.49,,,,,,,,,,,,,6.74,1.9,10.14,,,,,,,,,,,,,5.68,1.02,9.47,,,,,,,,,,1.7,-2.92,5.21,,,,,,,,,,,,,,,,,,,,,,,,,,,,,,,,
2017-05-21,,,,39.82,34.73,44.25,,,,,,,,,,,,,45.34,38.24,50.52,,,,,,,,,,,,,6.74,1.9,10.13,,,,,,,,,,,,,5.67,0.99,9.44,,,,,,,,,,1.7,-2.92,5.18,,,,,,,,,,,,,,,,,,,,,,,,,,,,,,,,
2017-05-22,,,,39.8,34.72,44.25,,,,,,,,,,,,,45.38,38.26,50.55,,,,,,,,,,,,,6.73,1.89,10.13,,,,,,,,,,,,,5.66,0.96,9.41,,,,,,,,,,1.69,-2.92,5.16,,,,,,,,,,,,,,,,,,,,,,,,,,,,,,,,
2017-05-23,,,,39.78,34.7,44.25,,,,,,,,,,,,,45.43,38.28,50.57,,,,,,,,,,,,,6.73,1.88,10.13,,,,,,,,,,,,,5.65,0.93,9.39,,,,,,,,,,1.68,-2.93,5.15,,,,,,,,,,,,,,,,,,,,,,,,,,,,,,,,
2017-05-24,,,,39.75,34.68,44.25,,,,,,,,,,,,,45.47,38.3,50.6,,,,,,,,,,,,,6.73,1.88,10.12,,,,,,,,,,,,,5.64,0.9,9.38,,,,,,,,,,1.68,-2.94,5.14,,,,,,,,,,,,,,,,,,,,,,,,,,,,,,,,
2017-05-25,,,,39.73,34.67,44.25,,,,,,,,,,,,,45.52,38.33,50.63,,,,,,,,,,,,,6.73,1.87,10.12,,,,,,,,,,,,,5.63,0.87,9.37,,,,,,,,,,1.67,-2.95,5.13,,,,,,,,,,,,,,,,,,,,,,,,,,,,,,,,
2017-05-26,,,,39.71,34.65,44.23,,,,,,,,,,,,,45.57,38.36,50.63,,,,,,,,,,,,,6.72,1.87,10.11,,,,,,,,,,,,,5.62,0.84,9.35,,,,,,,,,,1.66,-2.95,5.12,,,,,,,,,,,,,,,,,,,,,,,,,,,,,,,,
2017-05-27,,,,39.68,34.63,44.21,,,,,,,,,,,,,45.62,38.39,50.63,,,,,,,,,,,,,6.72,1.88,10.13,,,,,,,,,,,,,5.61,0.81,9.34,,,,,,,,,,1.65,-2.95,5.12,,,,,,,,,,,,,,,,,,,,,,,,,,,,,,,,
2017-05-28,,,,39.65,34.62,44.2,,,,,,,,,,,,,45.68,38.39,50.64,,,,,,,,,,,,,6.72,1.89,10.14,,,,,,,,,,,,,5.59,0.77,9.32,,,,,,,,,,1.64,-2.98,5.11,,,,,,,,,,,,,,,,,,,,,,,,,,,,,,,,
2017-05-29,,,,39.62,34.6,44.18,,,,,,,,,,,,,45.73,38.39,50.64,,,,,,,,,,,,,6.72,1.9,10.14,,,,,,,,,,,,,5.58,0.74,9.32,,,,,,,,,,1.63,-3.02,5.1,,,,,,,,,,,,,,,,,,,,,,,,,,,,,,,,
2017-05-30,,,,39.59,34.57,44.16,,,,,,,,,,,,,45.8,38.39,50.65,,,,,,,,,,,,,6.71,1.88,10.16,,,,,,,,,,,,,5.56,0.71,9.34,,,,,,,,,,1.63,-3.05,5.09,,,,,,,,,,,,,,,,,,,,,,,,,,,,,,,,
2017-05-31,,,,39.56,34.51,44.13,,,,,,,,,,,,,45.86,38.39,50.65,,,,,,,,,,,,,6.71,1.85,10.18,,,,,,,,,,,,,5.55,0.7,9.36,,,,,,,,,,1.62,-3.1,5.1,,,,,,,,,,,,,,,,,,,,,,,,,39.0,50.0,6.0,4.0,1.0,,,
2019-10-22,,,,,,,33.57,30.9,36.38,,,,,,,,,,,,,36.14,32.63,39.39,,,,,,,,,,,,,13.29,10.56,15.93,,,,,,,,,,,,,1.0,-5.03,6.37,,,,,,,,,,4.03,1.58,6.47,,,,,,,,,,,,,12.67,10.09,15.43,,,,,,,31.0,30.2,16.0,1.0,6.5,,,16.0
2019-10-23,,,,,,,33.62,30.94,36.45,,,,,,,,,,,,,36.21,32.73,39.46,,,,,,,,,,,,,13.25,10.56,15.86,,,,,,,,,,,,,,,,,,,,,,,,,4.0,1.57,6.43,,,,,,,,,,,,,12.61,10.04,15.37,,,,,,,,,,,,,,
2019-10-24,,,,,,,33.67,31.0,36.48,,,,,,,,,,,,,36.28,32.79,39.54,,,,,,,,,,,,,13.21,10.44,15.8,,,,,,,,,,,,,,,,,,,,,,,,,3.98,1.57,6.38,,,,,,,,,,,,,12.55,9.99,15.31,,,,,,,,,,,,,,
2019-10-25,,,,,,,33.72,31.05,36.53,,,,,,,,,,,,,36.35,32.85,39.61,,,,,,,,,,,,,13.17,10.39,15.76,,,,,,,,,,,,,,,,,,,,,,,,,3.96,1.55,6.33,,,,,,,,,,,,,12.49,9.92,15.24,,,,,,,,,,,,,,
2019-10-26,,,,,,,33.76,31.1,36.58,,,,,,,,,,,,,36.42,32.91,39.67,,,,,,,,,,,,,13.13,10.35,15.74,,,,,,,,,,,,,,,,,,,,,,,,,3.94,1.57,6.28,,,,,,,,,,,,,12.44,9.85,15.18,,,,,,,,,,,,,,
2019-10-27,,,,,,,33.81,31.15,36.63,,,,,,,,,,,,,36.48,32.96,39.72,,,,,,,,,,,,,13.09,10.3,15.73,,,,,,,,,,,,,,,,,,,,,,,,,3.92,1.54,6.27,,,,,,,,,,,,,12.39,9.81,15.12,,,,,,,,,,,,,,
2019-10-28,,,,,,,33.85,31.2,36.66,,,,,,,,,,,,,36.54,33.01,39.76,,,,,,,,,,,,,13.06,10.26,15.72,,,,,,,,,,,,,,,,,,,,,,,,,3.9,1.51,6.26,,,,,,,,,,,,,12.33,9.78,15.07,,,,,,,,,,,,,,
2019-10-29,,,,,,,33.89,31.24,36.67,,,,,,,,,,,,,36.6,33.07,39.8,,,,,,,,,,,,,13.02,10.22,15.7,,,,,,,,,,,,,,,,,,,,,,,,,3.88,1.48,6.25,,,,,,,,,,,,,12.29,9.7,15.01,,,,,,,,,,,,,,
2019-10-30,,,,,,,33.93,31.28,36.69,,,,,,,,,,,,,36.66,33.12,39.85,,,,,,,,,,,,,12.99,10.19,15.69,,,,,,,,,,,,,,,,,,,,,,,,,3.87,1.45,6.24,,,,,,,,,,,,,12.24,9.65,14.96,,,,,,,,,,,,,,
2019-10-31,,,,,,,33.97,31.32,36.71,,,,,,,,,,,,,36.71,33.2,39.88,,,,,,,,,,,,,12.96,10.16,15.68,,,,,,,,,,,,,,,,,,,,,,,,,3.85,1.42,6.23,,,,,,,,,,,,,12.19,9.6,14.91,,,,,,,,,,,,,,
2019-11-01,,,,,,,34.01,31.36,36.72,,,,,,,,,,,,,36.77,33.28,39.92,,,,,,,,,,,,,12.92,10.13,15.65,,,,,,,,,,,,,,,,,,,,,,,,,3.83,1.41,6.2,,,,,,,,,,,,,12.15,9.56,14.87,,,,,,,,,,,,,,
2019-11-02,,,,,,,34.04,31.4,36.74,,,,,,,,,,,,,36.82,33.31,39.96,,,,,,,,,,,,,12.89,10.12,15.63,,,,,,,,,,,,,,,,,,,,,,,,,3.82,1.4,6.18,,,,,,,,,,,,,12.11,9.51,14.82,,,,,,,33.2,38.0,13.0,,2.8,,,12.8
2019-11-03,,,,,,,34.08,31.43,36.76,,,,,,,,,,,,,36.87,33.33,40.0,,,,,,,,,,,,,12.87,10.11,15.61,,,,,,,,,,,,,,,,,,,,,,,,,3.8,1.38,6.15,,,,,,,,,,,,,12.07,9.47,14.78,,,,,,,,,,,,,,
2019-11-04,,,,,,,34.11,31.47,36.78,,,,,,,,,,,,,36.91,33.35,40.04,,,,,,,,,,,,,12.84,10.1,15.58,,,,,,,,,,,,,,,,,,,,,,,,,3.79,1.37,6.14,,,,,,,,,,,,,12.03,9.43,14.73,,,,,,,,,,,,,,
2019-11-05,,,,,,,34.14,31.52,36.78,,,,,,,,,,,,,36.96,33.4,40.07,,,,,,,,,,,,,12.81,10.06,15.55,,,,,,,,,,,,,,,,,,,,,,,,,3.77,1.36,6.12,,,,,,,,,,,,,11.99,9.38,14.69,,,,,,,,,,,,,,
2019-11-06,,,,,,,34.17,31.55,36.79,,,,,,,,,,,,,37.01,33.44,40.11,,,,,,,,,,,,,12.78,10.02,15.52,,,,,,,,,,,,,,,,,,,,,,,,,3.76,1.35,6.11,,,,,,,,,,,,,11.95,9.32,14.65,,,,,,,,,,,,,,
2019-11-07,,,,,,,34.2,31.59,36.81,,,,,,,,,,,,,37.05,33.5,40.16,,,,,,,,,,,,,12.76,9.99,15.48,,,,,,,,,,,,,,,,,,,,,,,,,3.74,1.32,6.1,,,,,,,,,,,,,11.92,9.26,14.61,,,,,,,,,,,,,,
2019-11-08,,,,,,,34.23,31.62,36.84,,,,,,,,,,,,,37.1,33.54,40.22,,,,,,,,,,,,,12.73,9.97,15.45,,,,,,,,,,,,,,,,,,,,,,,,,3.73,1.27,6.09,,,,,,,,,,,,,11.88,9.2,14.57,,,,,,,,,,,,,,
2019-11-09,,,,,,,34.26,31.65,36.87,,,,,,,,,,,,,37.14,33.57,40.3,,,,,,,,,,,,,12.71,9.93,15.42,,,,,,,,,,,,,,,,,,,,,,,,,3.72,1.26,6.07,,,,,,,,,,,,,11.85,9.14,14.53,,,,,,,,,,,,,,
2019-11-10,,,,,,,34.29,31.68,36.89,,,,,,,,,,,,,37.18,33.61,40.32,,,,,,,,,,,,,12.68,9.88,15.39,,,,,,,,,,,,,,,,,,,,,,,,,3.7,1.24,6.06,,,,,,,,,,,,,11.82,9.09,14.49,,,,,,,,,,,,,,
2019-11-11,,,,,,,34.31,31.71,36.92,,,,,,,,,,,,,37.22,33.66,40.34,,,,,,,,,,,,,12.66,9.85,15.36,,,,,,,,,,,,,,,,,,,,,,,,,3.69,1.23,6.05,,,,,,,,,,,,,11.78,9.04,14.45,,,,,,,,,,,,,,
2019-11-12,,,,,,,34.34,31.75,36.94,,,,,,,,,,,,,37.26,33.7,40.36,,,,,,,,,,,,,12.64,9.82,15.33,,,,,,,,,,,,,,,,,,,,,,,,,3.68,1.22,6.04,,,,,,,,,,,,,11.75,8.98,14.42,,,,,,,,,,,,,,
2019-11-13,,,,,,,34.37,31.78,36.97,,,,,,,,,,,,,37.31,33.74,40.41,,,,,,,,,,,,,12.61,9.8,15.31,,,,,,,,,,,,,,,,,,,,,,,,,3.66,1.21,6.02,,,,,,,,,,,,,11.72,8.93,14.38,,,,,,,,,,,,,,
2019-11-14,,,,,,,34.39,31.81,37.0,,,,,,,,,,,,,37.35,33.78,40.46,,,,,,,,,,,,,12.59,9.78,15.29,,,,,,,,,,,,,,,,,,,,,,,,,3.65,1.19,6.01,,,,,,,,,,,,,11.69,8.91,14.36,,,,,,,,,,,,,,
2019-11-15,,,,,,,34.42,31.85,37.04,,,,,,,,,,,,,37.39,33.83,40.49,,,,,,,,,,,,,12.57,9.76,15.27,,,,,,,,,,,,,,,,,,,,,,,,,3.63,1.18,6.0,,,,,,,,,,,,,11.66,8.89,14.34,,,,,,,,,,,,,,
2019-11-16,,,,,,,34.44,31.87,37.09,,,,,,,,,,,,,37.43,33.88,40.51,,,,,,,,,,,,,12.55,9.75,15.26,,,,,,,,,,,,,,,,,,,,,,,,,3.62,1.18,5.98,,,,,,,,,,,,,11.63,8.86,14.32,,,,,,,,,,,,,,
2019-11-17,,,,,,,34.47,31.9,37.14,,,,,,,,,,,,,37.47,33.92,40.53,,,,,,,,,,,,,12.52,9.73,15.24,,,,,,,,,,,,,,,,,,,,,,,,,3.6,1.18,5.97,,,,,,,,,,,,,11.6,8.83,14.29,,,,,,,,,,,,,,
2019-11-18,,,,,,,34.5,31.93,37.16,,,,,,,,,,,,,37.52,33.97,40.55,,,,,,,,,,,,,12.5,9.68,15.22,,,,,,,,,,,,,,,,,,,,,,,,,3.59,1.17,5.96,,,,,,,,,,,,,11.56,8.8,14.27,,,,,,,,,,,,,,
2019-11-19,,,,,,,34.52,31.97,37.19,,,,,,,,,,,,,37.56,34.03,40.59,,,,,,,,,,,,,12.48,9.63,15.21,,,,,,,,,,,,,,,,,,,,,,,,,3.57,1.14,5.95,,,,,,,,,,,,,11.53,8.75,14.23,,,,,,,,,,,,,,
2019-11-20,,,,,,,34.55,32.0,37.21,,,,,,,,,,,,,37.6,34.07,40.63,,,,,,,,,,,,,12.45,9.6,15.19,,,,,,,,,,,,,,,,,,,,,,,,,3.56,1.12,5.94,,,,,,,,,,,,,11.5,8.71,14.2,,,,,,,,,,,,,,
2019-11-21,,,,,,,34.58,32.04,37.23,,,,,,,,,,,,,37.65,34.12,40.66,,,,,,,,,,,,,12.43,9.59,15.17,,,,,,,,,,,,,,,,,,,,,,,,,3.54,1.11,5.92,,,,,,,,,,,,,11.46,8.67,14.17,,,,,,,,,,,,,,
2019-11-22,,,,,,,34.61,32.06,37.26,,,,,,,,,,,,,37.7,34.18,40.7,,,,,,,,,,,,,12.4,9.57,15.16,,,,,,,,,,,,,,,,,,,,,,,,,3.53,1.09,5.91,,,,,,,,,,,,,11.43,8.62,14.13,,,,,,,,,,,,,,
2019-11-23,,,,,,,34.64,32.07,37.28,,,,,,,,,,,,,37.75,34.24,40.76,,,,,,,,,,,,,12.37,9.54,15.14,,,,,,,,,,,,,,,,,,,,,,,,,3.51,1.05,5.89,,,,,,,,,,,,,11.39,8.57,14.1,,,,,,,,,,,,,,
2019-11-24,,,,,,,34.67,32.09,37.31,,,,,,,,,,,,,37.8,34.27,40.84,,,,,,,,,,,,,12.35,9.53,15.12,,,,,,,,,,,,,,,,,,,,,,,,,3.49,1.04,5.88,,,,,,,,,,,,,11.36,8.5,14.06,,,,,,,,,,,,,,
2019-11-25,,,,,,,34.7,32.1,37.35,,,,,,,,,,,,,37.85,34.28,40.91,,,,,,,,,,,,,12.32,9.51,15.1,,,,,,,,,,,,,,,,,,,,,,,,,3.47,1.0,5.86,,,,,,,,,,,,,11.32,8.43,14.02,,,,,,,,,,,,,,
2019-11-26,,,,,,,34.73,32.12,37.38,,,,,,,,,,,,,37.9,34.3,40.99,,,,,,,,,,,,,12.29,9.48,15.08,,,,,,,,,,,,,,,,,,,,,,,,,3.46,0.99,5.84,,,,,,,,,,,,,11.28,8.36,13.98,,,,,,,,,,,,,,
2019-11-27,,,,,,,34.77,32.13,37.4,,,,,,,,,,,,,37.96,34.33,41.07,,,,,,,,,,,,,12.26,9.46,15.05,,,,,,,,,,,,,,,,,,,,,,,,,3.44,0.98,5.82,,,,,,,,,,,,,11.24,8.29,13.94,,,,,,,,,,,,,,
2019-11-28,,,,,,,34.8,32.18,37.42,,,,,,,,,,,,,38.02,34.35,41.16,,,,,,,,,,,,,12.22,9.44,15.03,,,,,,,,,,,,,,,,,,,,,,,,,3.42,0.94,5.81,,,,,,,,,,,,,11.19,8.21,13.9,,,,,,,,,,,,,,
2019-11-29,,,,,,,34.84,32.2,37.44,,,,,,,,,,,,,38.08,34.37,41.25,,,,,,,,,,,,,12.19,9.41,15.01,,,,,,,,,,,,,,,,,,,,,,,,,3.39,0.88,5.79,,,,,,,,,,,,,11.15,8.16,13.85,,,,,,,,,,,,,,
2019-11-30,,,,,,,34.88,32.21,37.47,,,,,,,,,,,,,38.15,34.39,41.33,,,,,,,,,,,,,12.16,9.39,14.98,,,,,,,,,,,,,,,,,,,,,,,,,3.37,0.82,5.77,,,,,,,,,,,,,11.1,8.13,13.81,,,,,,,,,,,,,,
2019-12-01,,,,,,,34.92,32.25,37.51,,,,,,,,,,,,,38.22,34.42,41.39,,,,,,,,,,,,,12.12,9.36,14.96,,,,,,,,,,,,,,,,,,,,,,,,,3.35,0.75,5.75,,,,,,,,,,,,,11.05,8.09,13.76,,,,,,,,,,,,,,
2019-12-02,,,,,,,34.97,32.31,37.55,,,,,,,,,,,,,38.29,34.44,41.44,,,,,,,,,,,,,12.08,9.33,14.93,,,,,,,,,,,,,,,,,,,,,,,,,3.32,0.7,5.72,,,,,,,,,,,,,10.99,8.04,13.72,,,,,,,,,,,,,,
2019-12-03,,,,,,,35.01,32.36,37.61,,,,,,,,,,,,,38.37,34.47,41.5,,,,,,,,,,,,,12.04,9.32,14.85,,,,,,,,,,,,,,,,,,,,,,,,,3.3,0.65,5.7,,,,,,,,,,,,,10.94,7.99,13.68,,,,,,,,,,,,,,
2019-12-04,,,,,,,35.06,32.43,37.67,,,,,,,,,,,,,38.44,34.5,41.56,,,,,,,,,,,,,11.99,9.27,14.77,,,,,,,,,,,,,,,,,,,,,,,,,3.27,0.6,5.68,,,,,,,,,,,,,10.88,7.89,13.64,,,,,,,,,,,,,,
2019-12-05,,,,,,,35.12,32.48,37.73,,,,,,,,,,,,,38.53,34.53,41.62,,,,,,,,,,,,,11.95,9.23,14.69,,,,,,,,,,,,,,,,,,,,,,,,,3.24,0.55,5.65,,,,,,,,,,,,,10.81,7.8,13.6,,,,,,,,,,,,,,
2019-12-06,,,,,,,35.17,32.52,37.8,,,,,,,,,,,,,38.62,34.6,41.68,,,,,,,,,,,,,11.9,9.17,14.67,,,,,,,,,,,,,,,,,,,,,,,,,3.21,0.49,5.62,,,,,,,,,,,,,10.75,7.72,13.55,,,,,,,,,,,,,,
2019-12-07,,,,,,,35.23,32.51,37.87,,,,,,,,,,,,,38.71,34.68,41.75,,,,,,,,,,,,,11.85,9.1,14.65,,,,,,,,,,,,,,,,,,,,,,,,,3.18,0.43,5.61,,,,,,,,,,,,,10.67,7.65,13.5,,,,,,,39.0,43.8,8.8,,1.8,,,6.2
2019-12-12,,,,,,,,,,43.01,39.28,47.12,,,,,,,,,,,,,41.61,37.68,45.41,,,,,,,,,,,,,7.06,2.88,10.82,,,,,,,,,,,,,,,,,,,,,,,,,3.16,-0.35,6.8,,,,,,,,,,,,,3.51,-0.53,7.29,,,,40.0,43.0,8.0,,2.0,,,5.0
2019-12-13,,,,,,,,,,43.06,39.34,47.07,,,,,,,,,,,,,41.57,37.7,45.45,,,,,,,,,,,,,7.03,2.88,10.82,,,,,,,,,,,,,,,,,,,,,,,,,3.2,-0.29,6.73,,,,,,,,,,,,,3.5,-0.47,7.37,,,,,,,,,,,
2019-12-14,,,,,,,,,,43.11,39.39,47.05,,,,,,,,,,,,,41.54,37.72,45.38,,,,,,,,,,,,,7.0,2.89,10.83,,,,,,,,,,,,,,,,,,,,,,,,,3.23,-0.23,6.69,,,,,,,,,,,,,3.49,-0.44,7.41,,,,,,,,,,,
2019-12-15,,,,,,,,,,43.16,39.44,47.04,,,,,,,,,,,,,41.51,37.74,45.39,,,,,,,,,,,,,6.97,2.9,10.72,,,,,,,,,,,,,,,,,,,,,,,,,3.26,-0.16,6.71,,,,,,,,,,,,,3.49,-0.42,7.3,,,,,,,,,,,
2019-12-16,,,,,,,,,,43.21,39.5,47.04,,,,,,,,,,,,,41.48,37.75,45.38,,,,,,,,,,,,,6.95,2.9,10.61,,,,,,,,,,,,,,,,,,,,,,,,,3.29,-0.11,6.72,,,,,,,,,,,,,3.48,-0.4,7.25,,,,,,,,,,,
2019-12-17,,,,,,,,,,43.25,39.55,47.05,,,,,,,,,,,,,41.45,37.77,45.38,,,,,,,,,,,,,6.92,2.9,10.5,,,,,,,,,,,,,,,,,,,,,,,,,3.31,-0.06,6.76,,,,,,,,,,,,,3.48,-0.35,7.25,,,,,,,,,,,
2019-12-18,,,,,,,,,,43.29,39.58,47.07,,,,,,,,,,,,,41.42,37.8,45.34,,,,,,,,,,,,,6.9,2.91,10.46,,,,,,,,,,,,,,,,,,,,,,,,,3.34,-0.02,6.79,,,,,,,,,,,,,3.47,-0.28,7.17,,,,,,,,,,,
2019-12-19,,,,,,,,,,43.32,39.61,47.12,,,,,,,,,,,,,41.4,37.83,45.3,,,,,,,,,,,,,6.88,2.92,10.45,,,,,,,,,,,,,,,,,,,,,,,,,3.36,0.0,6.8,,,,,,,,,,,,,3.47,-0.21,7.11,,,,,,,,,,,
2019-12-20,,,,,,,,,,43.35,39.67,47.14,,,,,,,,,,,,,41.37,37.87,45.26,,,,,,,,,,,,,6.86,2.92,10.49,,,,,,,,,,,,,,,,,,,,,,,,,3.39,-0.0,6.79,,,,,,,,,,,,,3.47,-0.14,7.07,,,,,,,,,,,
2019-12-21,,,,,,,,,,43.39,39.73,47.17,,,,,,,,,,,,,41.35,37.89,45.21,,,,,,,,,,,,,6.84,2.92,10.54,,,,,,,,,,,,,,,,,,,,,,,,,3.41,-0.01,6.84,,,,,,,,,,,,,3.47,-0.07,7.06,,,,,,,,,,,
2019-12-22,,,,,,,,,,43.41,39.81,47.22,,,,,,,,,,,,,41.33,37.91,45.17,,,,,,,,,,,,,6.82,2.93,10.57,,,,,,,,,,,,,,,,,,,,,,,,,3.43,-0.01,6.89,,,,,,,,,,,,,3.47,-0.04,7.04,,,,,,,,,,,
2019-12-23,,,,,,,,,,43.44,39.87,47.26,,,,,,,,,,,,,41.3,37.94,45.14,,,,,,,,,,,,,6.8,2.94,10.57,,,,,,,,,,,,,,,,,,,,,,,,,3.45,0.06,6.93,,,,,,,,,,,,,3.47,-0.01,7.0,,,,,,,,,,,
2019-12-24,,,,,,,,,,43.47,39.92,47.3,,,,,,,,,,,,,41.28,37.96,45.06,,,,,,,,,,,,,6.79,2.94,10.55,,,,,,,,,,,,,,,,,,,,,,,,,3.46,0.13,6.98,,,,,,,,,,,,,3.47,0.02,6.97,,,,,,,,,,,
2019-12-25,,,,,,,,,,43.49,39.95,47.29,,,,,,,,,,,,,41.26,37.98,45.05,,,,,,,,,,,,,6.77,2.95,10.52,,,,,,,,,,,,,,,,,,,,,,,,,3.48,0.13,7.01,,,,,,,,,,,,,3.47,0.04,6.93,,,,,,,,,,,
2019-12-26,,,,,,,,,,43.51,39.98,47.26,,,,,,,,,,,,,41.25,38.0,45.06,,,,,,,,,,,,,6.76,2.96,10.49,,,,,,,,,,,,,,,,,,,,,,,,,3.5,0.12,7.04,,,,,,,,,,,,,3.47,0.07,6.91,,,,,,,,,,,
2019-12-27,,,,,,,,,,43.53,40.02,47.26,,,,,,,,,,,,,41.23,38.02,45.07,,,,,,,,,,,,,6.74,2.97,10.46,,,,,,,,,,,,,,,,,,,,,,,,,3.51,0.11,7.07,,,,,,,,,,,,,3.47,0.08,6.87,,,,,,,,,,,
2019-12-28,,,,,,,,,,43.55,40.07,47.27,,,,,,,,,,,,,41.21,38.02,45.08,,,,,,,,,,,,,6.73,2.98,10.46,,,,,,,,,,,,,,,,,,,,,,,,,3.53,0.1,7.09,,,,,,,,,,,,,3.47,0.1,6.86,,,,,,,,,,,
2019-12-29,,,,,,,,,,43.57,40.14,47.28,,,,,,,,,,,,,41.2,38.02,45.08,,,,,,,,,,,,,6.72,2.97,10.47,,,,,,,,,,,,,,,,,,,,,,,,,3.54,0.1,7.12,,,,,,,,,,,,,3.48,0.12,6.84,,,,,,,,,,,
2019-12-30,,,,,,,,,,43.59,40.16,47.3,,,,,,,,,,,,,41.18,38.01,45.08,,,,,,,,,,,,,6.7,2.96,10.47,,,,,,,,,,,,,,,,,,,,,,,,,3.56,0.1,7.15,,,,,,,,,,,,,3.48,0.14,6.84,,,,,,,,,,,
2019-12-31,,,,,,,,,,43.61,40.19,47.31,,,,,,,,,,,,,41.17,38.01,45.1,,,,,,,,,,,,,6.69,2.95,10.48,,,,,,,,,,,,,,,,,,,,,,,,,3.57,0.09,7.17,,,,,,,,,,,,,3.48,0.16,6.84,,,,,,,,,,,
2020-01-01,,,,,,,,,,43.62,40.21,47.31,,,,,,,,,,,,,41.15,37.97,45.13,,,,,,,,,,,,,6.68,2.98,10.48,,,,,,,,,,,,,,,,,,,,,,,,,3.58,0.09,7.19,,,,,,,,,,,,,3.48,0.17,6.85,,,,,,,,,,,
2020-01-02,,,,,,,,,,43.64,40.24,47.31,,,,,,,,,,,,,41.14,37.95,45.16,,,,,,,,,,,,,6.67,3.0,10.47,,,,,,,,,,,,,,,,,,,,,,,,,3.6,0.1,7.2,,,,,,,,,,,,,3.48,0.19,6.87,,,,,,,,,,,
2020-01-03,,,,,,,,,,43.65,40.27,47.32,,,,,,,,,,,,,41.12,37.91,45.18,,,,,,,,,,,,,6.66,3.02,10.46,,,,,,,,,,,,,,,,,,,,,,,,,3.61,0.12,7.22,,,,,,,,,,,,,3.48,0.21,6.87,,,,,,,,,,,
2020-01-04,,,,,,,,,,43.67,40.29,47.33,,,,,,,,,,,,,41.11,37.88,45.19,,,,,,,,,,,,,6.65,3.04,10.46,,,,,,,,,,,,,,,,,,,,,,,,,3.62,0.12,7.22,,,,,,,,,,,,,3.48,0.21,6.88,,,,,,,,,,,
2020-01-05,,,,,,,,,,43.68,40.28,47.36,,,,,,,,,,,,,41.1,37.86,45.17,,,,,,,,,,,,,6.64,3.04,10.44,,,,,,,,,,,,,,,,,,,,,,,,,3.63,0.13,7.24,,,,,,,,,,,,,3.49,0.2,6.88,,,,,,,,,,,
2020-01-06,,,,,,,,,,43.7,40.28,47.38,,,,,,,,,,,,,41.09,37.83,45.17,,,,,,,,,,,,,6.63,3.05,10.44,,,,,,,,,,,,,,,,,,,,,,,,,3.64,0.14,7.24,,,,,,,,,,,,,3.49,0.21,6.89,,,,,,,,,,,
2020-01-07,,,,,,,,,,43.71,40.28,47.4,,,,,,,,,,,,,41.07,37.81,45.16,,,,,,,,,,,,,6.62,3.06,10.43,,,,,,,,,,,,,,,,,,,,,,,,,3.65,0.15,7.25,,,,,,,,,,,,,3.49,0.22,6.9,,,,,,,,,,,
2020-01-08,,,,,,,,,,43.72,40.27,47.42,,,,,,,,,,,,,41.06,37.78,45.14,,,,,,,,,,,,,6.61,3.07,10.43,,,,,,,,,,,,,,,,,,,,,,,,,3.66,0.16,7.25,,,,,,,,,,,,,3.49,0.21,6.91,,,,,,,,,,,
2020-01-09,,,,,,,,,,43.74,40.27,47.44,,,,,,,,,,,,,41.05,37.78,45.13,,,,,,,,,,,,,6.6,3.08,10.44,,,,,,,,,,,,,,,,,,,,,,,,,3.67,0.17,7.25,,,,,,,,,,,,,3.49,0.19,6.91,,,,,,,,,,,
2020-01-10,,,,,,,,,,43.75,40.27,47.45,,,,,,,,,,,,,41.04,37.8,45.13,,,,,,,,,,,,,6.59,3.08,10.45,,,,,,,,,,,,,,,,,,,,,,,,,3.68,0.18,7.25,,,,,,,,,,,,,3.49,0.16,6.94,,,,,,,,,,,
2020-01-11,,,,,,,,,,43.76,40.27,47.46,,,,,,,,,,,,,41.03,37.83,45.13,,,,,,,,,,,,,6.59,3.08,10.46,,,,,,,,,,,,,,,,,,,,,,,,,3.69,0.19,7.28,,,,,,,,,,,,,3.49,0.13,6.96,,,,,,,,,,,
2020-01-12,,,,,,,,,,43.77,40.28,47.47,,,,,,,,,,,,,41.02,37.84,45.13,,,,,,,,,,,,,6.58,3.09,10.47,,,,,,,,,,,,,,,,,,,,,,,,,3.7,0.2,7.3,,,,,,,,,,,,,3.49,0.11,6.96,,,,,,,,,,,
2020-01-13,,,,,,,,,,43.79,40.25,47.56,,,,,,,,,,,,,41.01,37.65,45.15,,,,,,,,,,,,,6.57,2.91,10.44,,,,,,,,,,,,,,,,,,,,,,,,,3.71,0.16,7.36,,,,,,,,,,,,,3.49,0.04,7.03,,,,,,,,,,,
2020-01-14,,,,,,,,,,43.8,40.26,47.59,,,,,,,,,,,,,41.0,37.63,45.13,,,,,,,,,,,,,6.56,2.94,10.45,,,,,,,,,,,,,,,,,,,,,,,,,3.72,0.18,7.38,,,,,,,,,,,,,3.49,0.02,7.07,,,,,,,,,,,
2020-01-15,,,,,,,,,,43.81,40.28,47.62,,,,,,,,,,,,,40.98,37.61,45.13,,,,,,,,,,,,,6.56,2.94,10.46,,,,,,,,,,,,,,,,,,,,,,,,,3.73,0.2,7.4,,,,,,,,,,,,,3.49,-0.0,7.08,,,,,,,,,,,
2020-01-16,,,,,,,,,,43.83,40.3,47.65,,,,,,,,,,,,,40.97,37.59,45.13,,,,,,,,,,,,,6.55,2.94,10.47,,,,,,,,,,,,,,,,,,,,,,,,,3.74,0.21,7.42,,,,,,,,,,,,,3.49,-0.02,7.09,,,,,,,,,,,
2020-01-17,,,,,,,,,,43.85,40.32,47.68,,,,,,,,,,,,,40.96,37.58,45.04,,,,,,,,,,,,,6.54,2.94,10.48,,,,,,,,,,,,,,,,,,,,,,,,,3.75,0.23,7.43,,,,,,,,,,,,,3.49,-0.03,7.09,,,,,,,,,,,
2020-01-18,,,,,,,,,,43.87,40.34,47.71,,,,,,,,,,,,,40.94,37.55,45.0,,,,,,,,,,,,,6.53,2.94,10.49,,,,,,,,,,,,,,,,,,,,,,,,,3.76,0.25,7.45,,,,,,,,,,,,,3.48,-0.04,7.1,,,,,,,,,,,
2020-01-19,,,,,,,,,,43.89,40.37,47.75,,,,,,,,,,,,,40.93,37.53,44.99,,,,,,,,,,,,,6.53,2.94,10.5,,,,,,,,,,,,,,,,,,,,,,,,,3.77,0.27,7.47,,,,,,,,,,,,,3.48,-0.02,7.11,,,,,,,,,,,
2020-01-20,,,,,,,,,,43.91,40.4,47.78,,,,,,,,,,,,,40.91,37.52,44.97,,,,,,,,,,,,,6.52,2.95,10.5,,,,,,,,,,,,,,,,,,,,,,,,,3.78,0.28,7.5,,,,,,,,,,,,,3.48,-0.01,7.11,,,,,,,,,,,
2020-01-21,,,,,,,,,,43.94,40.43,47.81,,,,,,,,,,,,,40.88,37.49,44.96,,,,,,,,,,,,,6.52,2.95,10.52,,,,,,,,,,,,,,,,,,,,,,,,,3.79,0.3,7.52,,,,,,,,,,,,,3.47,-0.01,7.1,,,,,,,,,,,
2020-01-22,,,,,,,,,,43.97,40.47,47.85,,,,,,,,,,,,,40.86,37.47,44.95,,,,,,,,,,,,,6.51,2.95,10.56,,,,,,,,,,,,,,,,,,,,,,,,,3.8,0.32,7.53,,,,,,,,,,,,,3.47,-0.01,7.1,,,,,,,,,,,
2020-01-23,,,,,,,,,,44.01,40.52,47.89,,,,,,,,,,,,,40.83,37.44,44.93,,,,,,,,,,,,,6.5,3.06,10.5,,,,,,,,,,,,,,,,,,,,,,,,,3.81,0.34,7.54,,,,,,,,,,,,,3.46,-0.01,7.09,,,,,,,,,,,
2020-01-24,,,,,,,,,,44.05,40.57,47.93,,,,,,,,,,,,,40.8,37.4,44.92,,,,,,,,,,,,,6.5,3.16,10.52,,,,,,,,,,,,,,,,,,,,,,,,,3.82,0.34,7.5,,,,,,,,,,,,,3.45,-0.01,7.08,,,,,,,,,,,
2020-01-25,,,,,,,,,,44.09,40.62,47.98,,,,,,,,,,,,,40.77,37.37,44.91,,,,,,,,,,,,,6.49,3.15,10.54,,,,,,,,,,,,,,,,,,,,,,,,,3.84,0.35,7.51,,,,,,,,,,,,,3.44,-0.02,7.09,,,,,,,,,,,
2020-01-26,,,,,,,,,,44.13,40.67,48.0,,,,,,,,,,,,,40.73,37.34,44.9,,,,,,,,,,,,,6.49,3.13,10.54,,,,,,,,,,,,,,,,,,,,,,,,,3.85,0.36,7.53,,,,,,,,,,,,,3.43,-0.07,7.11,,,,44.0,41.0,8.0,,3.0,,,2.0
2020-01-27,,,,,,,,,,44.18,40.68,48.07,,,,,,,,,,,,,40.69,37.34,44.77,,,,,,,,,,,,,6.49,3.11,10.55,,,,,,,,,,,,,,,,,,,,,,,,,3.86,0.38,7.53,,,,,,,,,,,,,3.42,-0.15,7.07,,,,,,,,,,,
2020-01-28,,,,,,,,,,44.23,40.71,48.12,,,,,,,,,,,,,40.65,37.26,44.58,,,,,,,,,,,,,6.48,3.1,10.56,,,,,,,,,,,,,,,,,,,,,,,,,3.87,0.4,7.54,,,,,,,,,,,,,3.41,-0.15,7.09,,,,,,,,,,,
2020-01-29,,,,,,,,,,44.29,40.78,48.17,,,,,,,,,,,,,40.61,37.22,44.38,,,,,,,,,,,,,6.48,3.09,10.56,,,,,,,,,,,,,,,,,,,,,,,,,3.89,0.4,7.54,,,,,,,,,,,,,3.4,-0.2,7.11,,,,,,,,,,,
2020-01-30,,,,,,,,,,44.35,40.98,48.23,,,,,,,,,,,,,40.56,37.17,44.32,,,,,,,,,,,,,6.47,3.13,10.56,,,,,,,,,,,,,,,,,,,,,,,,,3.9,0.4,7.54,,,,,,,,,,,,,3.39,-0.25,7.13,,,,,,,,,,,
2020-01-31,,,,,,,,,,44.41,41.06,48.28,,,,,,,,,,,,,40.52,37.13,44.25,,,,,,,,,,,,,6.47,3.13,10.56,,,,,,,,,,,,,,,,,,,,,,,,,3.91,0.4,7.54,,,,,,,,,,,,,3.38,-0.26,7.14,,,,,,,,,,,
2020-02-01,,,,,,,,,,44.47,41.15,48.33,,,,,,,,,,,,,40.47,37.01,44.17,,,,,,,,,,,,,6.46,3.11,10.56,,,,,,,,,,,,,,,,,,,,,,,,,3.93,0.4,7.54,,,,,,,,,,,,,3.36,-0.26,7.16,,,,,,,,,,,
2020-02-02,,,,,,,,,,44.54,41.18,48.39,,,,,,,,,,,,,40.42,36.89,44.13,,,,,,,,,,,,,6.46,3.1,10.54,,,,,,,,,,,,,,,,,,,,,,,,,3.94,0.42,7.53,,,,,,,,,,,,,3.35,-0.26,7.01,,,,45.0,42.0,5.0,,4.0,,,3.0
2020-02-03,,,,,,,,,,44.61,41.27,48.44,,,,,,,,,,,,,40.37,36.8,44.08,,,,,,,,,,,,,6.45,3.09,10.51,,,,,,,,,,,,,,,,,,,,,,,,,3.95,0.45,7.52,,,,,,,,,,,,,3.33,-0.26,6.82,,,,,,,,,,,
2020-02-04,,,,,,,,,,44.68,41.28,48.5,,,,,,,,,,,,,40.32,36.78,44.01,,,,,,,,,,,,,6.45,3.08,10.48,,,,,,,,,,,,,,,,,,,,,,,,,3.96,0.48,7.51,,,,,,,,,,,,,3.31,-0.26,6.76,,,,,,,,,,,
2020-02-05,,,,,,,,,,44.76,41.36,48.55,,,,,,,,,,,,,40.27,36.78,43.95,,,,,,,,,,,,,6.44,3.11,10.45,,,,,,,,,,,,,,,,,,,,,,,,,3.98,0.51,7.5,,,,,,,,,,,,,3.3,-0.25,6.72,,,,,,,,,,,
2020-02-06,,,,,,,,,,44.84,41.45,48.61,,,,,,,,,,,,,40.22,36.77,43.88,,,,,,,,,,,,,6.43,3.14,10.41,,,,,,,,,,,,,,,,,,,,,,,,,3.99,0.55,7.52,,,,,,,,,,,,,3.28,-0.23,6.68,,,,,,,,,,,
2020-02-07,,,,,,,,,,44.92,41.48,48.7,,,,,,,,,,,,,40.18,36.77,43.81,,,,,,,,,,,,,6.42,3.17,10.38,,,,,,,,,,,,,,,,,,,,,,,,,4.0,0.58,7.54,,,,,,,,,,,,,3.26,-0.19,6.62,,,,,,,,,,,
2020-02-08,,,,,,,,,,45.01,41.52,48.79,,,,,,,,,,,,,40.13,36.78,43.74,,,,,,,,,,,,,6.4,3.14,10.33,,,,,,,,,,,,,,,,,,,,,,,,,4.0,0.6,7.56,,,,,,,,,,,,,3.24,-0.11,6.57,,,,,,,,,,,
2020-02-09,,,,,,,,,,45.1,41.63,48.88,,,,,,,,,,,,,40.08,36.77,43.67,,,,,,,,,,,,,6.39,3.08,10.28,,,,,,,,,,,,,,,,,,,,,,,,,4.01,0.66,7.56,,,,,,,,,,,,,3.21,-0.1,6.51,,,,,,,,,,,
2020-02-10,,,,,,,,,,45.19,41.78,48.97,,,,,,,,,,,,,40.03,36.78,43.6,,,,,,,,,,,,,6.37,3.04,10.21,,,,,,,,,,,,,,,,,,,,,,,,,4.02,0.75,7.52,,,,,,,,,,,,,3.19,-0.09,6.48,,,,44.0,39.0,6.0,,5.0,,,5.0
2020-02-11,,,,,,,,,,45.28,41.94,49.05,,,,,,,,,,,,,39.99,36.78,43.53,,,,,,,,,,,,,6.35,3.03,10.08,,,,,,,,,,,,,,,,,,,,,,,,,4.03,0.76,7.49,,,,,,,,,,,,,3.17,-0.08,6.49,,,,,,,,,,,
2020-02-12,,,,,,,,,,45.37,42.14,49.14,,,,,,,,,,,,,39.95,36.78,43.46,,,,,,,,,,,,,6.33,3.02,9.99,,,,,,,,,,,,,,,,,,,,,,,,,4.03,0.78,7.45,,,,,,,,,,,,,3.15,-0.07,6.48,,,,,,,,,,,
2020-02-13,,,,,,,,,,45.47,42.28,49.26,,,,,,,,,,,,,39.91,36.74,43.37,,,,,,,,,,,,,6.31,3.02,9.94,,,,,,,,,,,,,,,,,,,,,,,,,4.03,0.8,7.41,,,,,,,,,,,,,3.12,-0.05,6.48,,,,,,,,,,,
2020-02-14,,,,,,,,,,45.57,42.44,49.37,,,,,,,,,,,,,39.87,36.64,43.31,,,,,,,,,,,,,6.29,3.01,9.89,,,,,,,,,,,,,,,,,,,,,,,,,4.04,0.85,7.4,,,,,,,,,,,,,3.1,-0.07,6.43,,,,,,,,,,,
2020-02-15,,,,,,,,,,45.66,42.57,49.47,,,,,,,,,,,,,39.83,36.57,43.26,,,,,,,,,,,,,6.26,2.99,9.84,,,,,,,,,,,,,,,,,,,,,,,,,4.04,0.89,7.41,,,,,,,,,,,,,3.08,-0.05,6.33,,,,,,,,,,,
2020-02-16,,,,,,,,,,45.76,42.66,49.51,,,,,,,,,,,,,39.8,36.65,43.17,,,,,,,,,,,,,6.24,2.98,9.76,,,,,,,,,,,,,,,,,,,,,,,,,4.04,0.92,7.41,,,,,,,,,,,,,3.05,-0.03,6.21,,,,,,,,,,,
2020-02-17,,,,,,,,,,45.85,42.77,49.55,,,,,,,,,,,,,39.77,36.7,43.08,,,,,,,,,,,,,6.21,2.98,9.68,,,,,,,,,,,,,,,,,,,,,,,,,4.04,0.93,7.42,,,,,,,,,,,,,3.03,-0.0,6.11,,,,,,,,,,,
2020-02-18,,,,,,,,,,45.95,42.87,49.62,,,,,,,,,,,,,39.74,36.64,43.01,,,,,,,,,,,,,6.19,3.03,9.59,,,,,,,,,,,,,,,,,,,,,,,,,4.04,0.97,7.39,,,,,,,,,,,,,3.01,0.04,6.06,,,,,,,,,,,
2020-02-19,,,,,,,,,,46.04,42.99,49.69,,,,,,,,,,,,,39.71,36.57,42.94,,,,,,,,,,,,,6.16,3.03,9.53,,,,,,,,,,,,,,,,,,,,,,,,,4.04,1.0,7.34,,,,,,,,,,,,,2.98,0.05,6.0,,,,,,,,,,,
2020-02-20,,,,,,,,,,46.14,43.11,49.75,,,,,,,,,,,,,39.69,36.51,42.86,,,,,,,,,,,,,6.13,3.03,9.45,,,,,,,,,,,,,,,,,,,,,,,,,4.04,1.06,7.29,,,,,,,,,,,,,2.96,0.07,5.95,,,,,,,,,,,
2020-02-21,,,,,,,,,,46.23,43.21,49.92,,,,,,,,,,,,,39.66,36.46,42.8,,,,,,,,,,,,,6.1,3.05,9.37,,,,,,,,,,,,,,,,,,,,,,,,,4.04,1.11,7.22,,,,,,,,,,,,,2.94,0.1,5.89,,,,,,,,,,,
2020-02-22,,,,,,,,,,46.32,43.33,50.02,,,,,,,,,,,,,39.64,36.42,42.72,,,,,,,,,,,,,6.07,3.05,9.28,,,,,,,,,,,,,,,,,,,,,,,,,4.03,1.16,7.15,,,,,,,,,,,,,2.92,0.13,5.83,,,,,,,,,,,
2020-02-23,,,,,,,,,,46.41,43.4,50.02,,,,,,,,,,,,,39.62,36.48,42.71,,,,,,,,,,,,,6.04,3.06,9.19,,,,,,,,,,,,,,,,,,,,,,,,,4.03,1.19,7.08,,,,,,,,,,,,,2.89,0.16,5.77,,,,,,,,,,,
2020-02-24,,,,,,,,,,46.5,43.44,50.04,,,,,,,,,,,,,39.59,36.45,42.67,,,,,,,,,,,,,6.01,3.06,9.15,,,,,,,,,,,,,,,,,,,,,,,,,4.02,1.22,7.0,,,,,,,,,,,,,2.87,0.14,5.71,,,,,,,,,,,
2020-02-25,,,,,,,,,,46.59,43.56,50.04,,,,,,,,,,,,,39.57,36.4,42.59,,,,,,,,,,,,,5.98,3.09,9.11,,,,,,,,,,,,,,,,,,,,,,,,,4.02,1.25,6.92,,,,,,,,,,,,,2.85,0.11,5.66,,,,,,,,,,,
2020-02-26,,,,,,,,,,46.68,43.61,50.09,,,,,,,,,,,,,39.55,36.37,42.5,,,,,,,,,,,,,5.95,3.12,9.01,,,,,,,,,,,,,,,,,,,,,,,,,4.01,1.28,6.83,,,,,,,,,,,,,2.83,0.1,5.6,,,,,,,,,,,
2020-02-27,,,,,,,,,,46.77,43.64,50.13,,,,,,,,,,,,,39.54,36.33,42.42,,,,,,,,,,,,,5.91,3.14,8.91,,,,,,,,,,,,,,,,,,,,,,,,,4.0,1.36,6.8,,,,,,,,,,,,,2.81,0.05,5.55,,,,,,,,,,,
2020-02-28,,,,,,,,,,46.86,43.79,50.18,,,,,,,,,,,,,39.52,36.32,42.35,,,,,,,,,,,,,5.88,3.12,8.8,,,,,,,,,,,,,,,,,,,,,,,,,3.99,1.45,6.78,,,,,,,,,,,,,2.79,0.01,5.49,,,,,,,,,,,
2020-02-29,,,,,,,,,,46.94,43.89,50.22,,,,,,,,,,,,,39.5,36.35,42.28,,,,,,,,,,,,,5.85,3.12,8.75,,,,,,,,,,,,,,,,,,,,,,,,,3.99,1.43,6.75,,,,,,,,,,,,,2.76,0.05,5.44,,,,,,,,,,,
2020-03-01,,,,,,,,,,47.03,44.01,50.26,,,,,,,,,,,,,39.48,36.37,42.2,,,,,,,,,,,,,5.82,3.15,8.78,,,,,,,,,,,,,,,,,,,,,,,,,3.98,1.42,6.69,,,,,,,,,,,,,2.74,0.12,5.33,,,,,,,,,,,
2020-03-02,,,,,,,,,,47.11,44.13,50.3,,,,,,,,,,,,,39.46,36.39,42.19,,,,,,,,,,,,,5.79,3.17,8.65,,,,,,,,,,,,,,,,,,,,,,,,,3.97,1.44,6.58,,,,,,,,,,,,,2.72,0.19,5.23,,,,,,,,,,,
2020-03-03,,,,,,,,,,47.2,44.23,50.34,,,,,,,,,,,,,39.44,36.36,42.22,,,,,,,,,,,,,5.75,3.17,8.51,,,,,,,,,,,,,,,,,,,,,,,,,3.96,1.49,6.48,,,,,,,,,,,,,2.7,0.21,5.2,,,,,,,,,,,
2020-03-04,,,,,,,,,,47.28,44.36,50.39,,,,,,,,,,,,,39.43,36.35,42.22,,,,,,,,,,,,,5.72,3.11,8.38,,,,,,,,,,,,,,,,,,,,,,,,,3.95,1.49,6.49,,,,,,,,,,,,,2.68,0.21,5.14,,,,,,,,,,,
2020-03-05,,,,,,,,,,47.36,44.48,50.46,,,,,,,,,,,,,39.41,36.36,42.13,,,,,,,,,,,,,5.69,3.1,8.24,,,,,,,,,,,,,,,,,,,,,,,,,3.95,1.46,6.43,,,,,,,,,,,,,2.66,0.21,5.09,,,,,,,,,,,
2020-03-06,,,,,,,,,,47.45,44.6,50.56,,,,,,,,,,,,,39.39,36.38,42.02,,,,,,,,,,,,,5.66,3.06,8.15,,,,,,,,,,,,,,,,,,,,,,,,,3.94,1.47,6.36,,,,,,,,,,,,,2.64,0.18,5.05,,,,,,,,,,,
2020-03-07,,,,,,,,,,47.53,44.68,50.6,,,,,,,,,,,,,39.38,36.4,41.92,,,,,,,,,,,,,5.62,3.06,8.07,,,,,,,,,,,,,,,,,,,,,,,,,3.93,1.5,6.29,,,,,,,,,,,,,2.62,0.13,5.0,,,,,,,,,,,
2020-03-08,,,,,,,,,,47.61,44.82,50.64,,,,,,,,,,,,,39.36,36.42,41.8,,,,,,,,,,,,,5.59,3.06,8.02,,,,,,,,,,,,,,,,,,,,,,,,,3.92,1.55,6.27,,,,,,,,,,,,,2.6,0.08,4.95,,,,,,,,,,,
2020-03-09,,,,,,,,,,47.69,44.94,50.66,,,,,,,,,,,,,39.35,36.44,41.69,,,,,,,,,,,,,5.55,3.06,7.96,,,,,,,,,,,,,,,,,,,,,,,,,3.91,1.6,6.27,,,,,,,,,,,,,2.57,0.03,4.88,,,,,,,,,,,
2020-03-10,,,,,,,,,,47.77,45.02,50.7,,,,,,,,,,,,,39.34,36.47,41.62,,,,,,,,,,,,,5.52,3.03,7.86,,,,,,,,,,,,,,,,,,,,,,,,,3.91,1.65,6.32,,,,,,,,,,,,,2.55,-0.01,4.85,,,,,,,,,,,
2020-03-11,,,,,,,,,,47.84,45.06,50.73,,,,,,,,,,,,,39.33,36.49,41.59,,,,,,,,,,,,,5.48,3.02,7.76,,,,,,,,,,,,,,,,,,,,,,,,,3.9,1.69,6.21,,,,,,,,,,,,,2.53,-0.03,4.81,,,,,,,,,,,
2020-03-12,,,,,,,,,,47.92,45.1,50.74,,,,,,,,,,,,,39.32,36.48,41.64,,,,,,,,,,,,,5.44,3.01,7.7,,,,,,,,,,,,,,,,,,,,,,,,,3.89,1.62,6.19,,,,,,,,,,,,,2.51,-0.13,4.7,,,,,,,,,,,
2020-03-13,,,,,,,,,,47.99,45.15,50.67,,,,,,,,,,,,,39.32,36.45,41.72,,,,,,,,,,,,,5.41,3.0,7.65,,,,,,,,,,,,,,,,,,,,,,,,,3.89,1.58,6.17,,,,,,,,,,,,,2.48,-0.11,4.62,,,,,,,,,,,
2020-03-14,,,,,,,,,,48.05,45.25,50.73,,,,,,,,,,,,,39.32,36.5,41.79,,,,,,,,,,,,,5.37,2.99,7.6,,,,,,,,,,,,,,,,,,,,,,,,,3.88,1.61,6.11,,,,,,,,,,,,,2.46,-0.09,4.56,,,,,,,,,,,
2020-03-15,,,,,,,,,,48.12,45.3,50.8,,,,,,,,,,,,,39.33,36.61,41.77,,,,,,,,,,,,,5.33,2.98,7.56,,,,,,,,,,,,,,,,,,,,,,,,,3.87,1.65,6.05,,,,,,,,,,,,,2.44,-0.06,4.46,,,,,,,,,,,
2020-03-16,,,,,,,,,,48.17,45.36,50.85,,,,,,,,,,,,,39.33,36.68,41.74,,,,,,,,,,,,,5.29,2.98,7.54,,,,,,,,,,,,,,,,,,,,,,,,,3.87,1.6,6.0,,,,,,,,,,,,,2.41,-0.03,4.35,,,,,,,,,,,
2020-03-17,,,,,,,,,,48.23,45.42,50.9,,,,,,,,,,,,,39.35,36.73,41.75,,,,,,,,,,,,,5.25,2.88,7.53,,,,,,,,,,,,,,,,,,,,,,,,,3.86,1.57,5.96,,,,,,,,,,,,,2.39,-0.03,4.29,,,,,,,,,,,
2020-03-18,,,,,,,,,,48.27,45.47,50.86,,,,,,,,,,,,,39.37,36.77,41.81,,,,,,,,,,,,,5.22,2.8,7.51,,,,,,,,,,,,,,,,,,,,,,,,,3.85,1.57,5.94,,,,,,,,,,,,,2.36,-0.03,4.23,,,,,,,,,,,
2020-03-19,,,,,,,,,,48.32,45.45,50.82,,,,,,,,,,,,,39.39,36.82,41.88,,,,,,,,,,,,,5.18,2.75,7.45,,,,,,,,,,,,,,,,,,,,,,,,,3.85,1.62,5.88,,,,,,,,,,,,,2.34,-0.02,4.17,,,,,,,,,,,
2020-03-20,,,,,,,,,,48.35,45.56,50.81,,,,,,,,,,,,,39.42,36.87,41.92,,,,,,,,,,,,,5.14,2.72,7.31,,,,,,,,,,,,,,,,,,,,,,,,,3.84,1.54,5.84,,,,,,,,,,,,,2.31,-0.02,4.13,,,,,,,,,,,
2020-03-21,,,,,,,,,,48.39,45.67,50.8,,,,,,,,,,,,,39.45,36.92,41.84,,,,,,,,,,,,,5.1,2.75,7.21,,,,,,,,,,,,,,,,,,,,,,,,,3.83,1.6,5.76,,,,,,,,,,,,,2.29,-0.03,4.1,,,,,,,,,,,
2020-03-22,,,,,,,,,,48.41,45.71,50.77,,,,,,,,,,,,,39.49,36.97,41.77,,,,,,,,,,,,,5.06,2.78,7.14,,,,,,,,,,,,,,,,,,,,,,,,,3.83,1.67,5.73,,,,,,,,,,,,,2.26,-0.03,4.05,,,,,,,,,,,
2020-03-23,,,,,,,,,,48.44,45.76,50.71,,,,,,,,,,,,,39.53,37.03,41.83,,,,,,,,,,,,,5.02,2.84,7.07,,,,,,,,,,,,,,,,,,,,,,,,,3.82,1.67,5.7,,,,,,,,,,,,,2.24,-0.03,3.97,,,,,,,,,,,
2020-03-24,,,,,,,,,,48.45,45.78,50.7,,,,,,,,,,,,,39.57,37.08,41.91,,,,,,,,,,,,,4.99,2.78,7.02,,,,,,,,,,,,,,,,,,,,,,,,,3.82,1.58,5.64,,,,,,,,,,,,,2.21,-0.03,3.9,,,,,,,,,,,
2020-03-25,,,,,,,,,,48.46,45.81,50.64,,,,,,,,,,,,,39.62,37.14,41.98,,,,,,,,,,,,,4.95,2.73,7.02,,,,,,,,,,,,,,,,,,,,,,,,,3.81,1.53,5.64,,,,,,,,,,,,,2.19,-0.04,3.86,,,,,,,,,,,
2020-03-26,,,,,,,,,,48.47,45.83,50.63,,,,,,,,,,,,,39.67,37.19,42.06,,,,,,,,,,,,,4.91,2.67,6.95,,,,,,,,,,,,,,,,,,,,,,,,,3.8,1.64,5.66,,,,,,,,,,,,,2.16,-0.04,3.82,,,,,,,,,,,
2020-03-27,,,,,,,,,,48.47,45.86,50.63,,,,,,,,,,,,,39.73,37.25,42.14,,,,,,,,,,,,,4.88,2.65,6.83,,,,,,,,,,,,,,,,,,,,,,,,,3.8,1.66,5.66,,,,,,,,,,,,,2.13,-0.04,3.8,,,,,,,,,,,
2020-03-28,,,,,,,,,,48.47,45.88,50.6,,,,,,,,,,,,,39.79,37.32,42.21,,,,,,,,,,,,,4.84,2.68,6.75,,,,,,,,,,,,,,,,,,,,,,,,,3.79,1.66,5.62,,,,,,,,,,,,,2.11,-0.03,3.76,,,,,,,,,,,
2020-03-29,,,,,,,,,,48.46,45.9,50.59,,,,,,,,,,,,,39.85,37.39,42.29,,,,,,,,,,,,,4.81,2.6,6.79,,,,,,,,,,,,,,,,,,,,,,,,,3.79,1.67,5.63,,,,,,,,,,,,,2.08,-0.01,3.78,,,,,,,,,,,
2020-03-30,,,,,,,,,,48.44,45.88,50.59,,,,,,,,,,,,,39.92,37.46,42.37,,,,,,,,,,,,,4.78,2.58,6.72,,,,,,,,,,,,,,,,,,,,,,,,,3.78,1.68,5.58,,,,,,,,,,,,,2.06,-0.03,3.8,,,,,,,,,,,
2020-03-31,,,,,,,,,,48.42,45.85,50.58,,,,,,,,,,,,,39.99,37.53,42.41,,,,,,,,,,,,,4.75,2.58,6.62,,,,,,,,,,,,,,,,,,,,,,,,,3.77,1.68,5.54,,,,,,,,,,,,,2.04,-0.03,3.76,,,,,,,,,,,
2020-04-01,,,,,,,,,,48.4,45.83,50.55,,,,,,,,,,,,,40.06,37.61,42.49,,,,,,,,,,,,,4.72,2.58,6.57,,,,,,,,,,,,,,,,,,,,,,,,,3.76,1.68,5.52,,,,,,,,,,,,,2.01,-0.03,3.75,,,,,,,,,,,
2020-04-02,,,,,,,,,,48.37,45.81,50.55,,,,,,,,,,,,,40.13,37.65,42.61,,,,,,,,,,,,,4.69,2.58,6.56,,,,,,,,,,,,,,,,,,,,,,,,,3.75,1.69,5.46,,,,,,,,,,,,,1.99,-0.03,3.74,,,,52.0,34.0,7.0,,5.0,,,2.0
2020-04-03,,,,,,,,,,48.34,45.78,50.56,,,,,,,,,,,,,40.21,37.72,42.67,,,,,,,,,,,,,4.67,2.58,6.52,,,,,,,,,,,,,,,,,,,,,,,,,3.74,1.69,5.47,,,,,,,,,,,,,1.97,-0.03,3.74,,,,,,,,,,,
2020-04-04,,,,,,,,,,48.31,45.73,50.57,,,,,,,,,,,,,40.29,37.77,42.79,,,,,,,,,,,,,4.64,2.58,6.53,,,,,,,,,,,,,,,,,,,,,,,,,3.74,1.67,5.5,,,,,,,,,,,,,1.95,-0.03,3.73,,,,,,,,,,,
2020-04-05,,,,,,,,,,48.27,45.65,50.57,,,,,,,,,,,,,40.37,37.81,42.88,,,,,,,,,,,,,4.62,2.59,6.57,,,,,,,,,,,,,,,,,,,,,,,,,3.73,1.68,5.52,,,,,,,,,,,,,1.93,-0.04,3.73,,,,,,,,,,,
2020-04-06,,,,,,,,,,48.23,45.56,50.58,,,,,,,,,,,,,40.45,37.87,42.95,,,,,,,,,,,,,4.6,2.58,6.61,,,,,,,,,,,,,,,,,,,,,,,,,3.71,1.7,5.54,,,,,,,,,,,,,1.91,-0.04,3.76,,,,,,,,,,,
2020-04-07,,,,,,,,,,48.18,45.5,50.59,,,,,,,,,,,,,40.53,37.92,42.97,,,,,,,,,,,,,4.58,2.56,6.63,,,,,,,,,,,,,,,,,,,,,,,,,3.7,1.71,5.56,,,,,,,,,,,,,1.89,-0.04,3.82,,,,,,,,,,,
2020-04-08,,,,,,,,,,48.13,45.5,50.58,,,,,,,,,,,,,40.61,37.98,43.03,,,,,,,,,,,,,4.56,2.53,6.67,,,,,,,,,,,,,,,,,,,,,,,,,3.69,1.72,5.58,,,,,,,,,,,,,1.87,-0.04,3.81,,,,,,,,,,,
2020-04-09,,,,,,,,,,48.09,45.43,50.55,,,,,,,,,,,,,40.7,38.05,43.16,,,,,,,,,,,,,4.54,2.51,6.66,,,,,,,,,,,,,,,,,,,,,,,,,3.68,1.72,5.6,,,,,,,,,,,,,1.85,-0.04,3.8,,,,,,,,,,,
2020-04-10,,,,,,,,,,48.03,45.35,50.47,,,,,,,,,,,,,40.78,38.11,43.23,,,,,,,,,,,,,4.52,2.47,6.65,,,,,,,,,,,,,,,,,,,,,,,,,3.67,1.71,5.61,,,,,,,,,,,,,1.84,-0.04,3.78,,,,,,,,,,,
2020-04-11,,,,,,,,,,47.98,45.34,50.38,,,,,,,,,,,,,40.86,38.18,43.29,,,,,,,,,,,,,4.51,2.42,6.64,,,,,,,,,,,,,,,,,,,,,,,,,3.66,1.7,5.63,,,,,,,,,,,,,1.83,-0.05,3.76,,,,,,,,,,,
2020-04-12,,,,,,,,,,47.93,45.29,50.35,,,,,,,,,,,,,40.94,38.25,43.39,,,,,,,,,,,,,4.49,2.37,6.63,,,,,,,,,,,,,,,,,,,,,,,,,3.65,1.68,5.63,,,,,,,,,,,,,1.81,-0.07,3.77,,,,,,,,,,,
2020-04-13,,,,,,,,,,47.87,45.21,50.31,,,,,,,,,,,,,41.02,38.33,43.53,,,,,,,,,,,,,4.48,2.32,6.61,,,,,,,,,,,,,,,,,,,,,,,,,3.63,1.64,5.63,,,,,,,,,,,,,1.8,-0.09,3.79,,,,,,,,,,,
2020-04-14,,,,,,,,,,47.81,45.13,50.21,,,,,,,,,,,,,41.1,38.41,43.66,,,,,,,,,,,,,4.47,2.31,6.6,,,,,,,,,,,,,,,,,,,,,,,,,3.62,1.59,5.63,,,,,,,,,,,,,1.79,-0.11,3.82,,,,,,,,,,,
2020-04-15,,,,,,,,,,47.76,45.07,50.17,,,,,,,,,,,,,41.18,38.49,43.77,,,,,,,,,,,,,4.46,2.32,6.59,,,,,,,,,,,,,,,,,,,,,,,,,3.61,1.56,5.63,,,,,,,,,,,,,1.78,-0.12,3.84,,,,,,,,,,,
2020-04-16,,,,,,,,,,47.7,45.05,50.13,,,,,,,,,,,,,41.26,38.57,43.89,,,,,,,,,,,,,4.45,2.34,6.58,,,,,,,,,,,,,,,,,,,,,,,,,3.6,1.56,5.63,,,,,,,,,,,,,1.77,-0.13,3.86,,,,,,,,,,,
2020-04-17,,,,,,,,,,47.64,45.03,50.09,,,,,,,,,,,,,41.33,38.65,43.95,,,,,,,,,,,,,4.44,2.36,6.57,,,,,,,,,,,,,,,,,,,,,,,,,3.59,1.6,5.63,,,,,,,,,,,,,1.77,-0.15,3.88,,,,51.0,42.0,3.0,,2.0,,,1.0
2020-04-18,,,,,,,,,,47.58,44.97,50.05,,,,,,,,,,,,,41.41,38.71,43.98,,,,,,,,,,,,,4.43,2.37,6.53,,,,,,,,,,,,,,,,,,,,,,,,,3.58,1.61,5.63,,,,,,,,,,,,,1.76,-0.14,3.85,,,,,,,,,,,
2020-04-19,,,,,,,,,,47.53,44.88,50.01,,,,,,,,,,,,,41.48,38.78,44.03,,,,,,,,,,,,,4.42,2.39,6.54,,,,,,,,,,,,,,,,,,,,,,,,,3.56,1.61,5.63,,,,,,,,,,,,,1.76,-0.14,3.82,,,,,,,,,,,
2020-04-20,,,,,,,,,,47.47,44.86,49.97,,,,,,,,,,,,,41.56,38.84,44.16,,,,,,,,,,,,,4.41,2.39,6.55,,,,,,,,,,,,,,,,,,,,,,,,,3.55,1.59,5.63,,,,,,,,,,,,,1.76,-0.13,3.79,,,,,,,,,,,
2020-04-21,,,,,,,,,,47.41,44.83,49.92,,,,,,,,,,,,,41.63,38.9,44.23,,,,,,,,,,,,,4.4,2.41,6.57,,,,,,,,,,,,,,,,,,,,,,,,,3.54,1.58,5.63,,,,,,,,,,,,,1.75,-0.14,3.8,,,,,,,,,,,
2020-04-22,,,,,,,,,,47.36,44.78,49.86,,,,,,,,,,,,,41.7,38.96,44.32,,,,,,,,,,,,,4.39,2.42,6.57,,,,,,,,,,,,,,,,,,,,,,,,,3.53,1.54,5.63,,,,,,,,,,,,,1.75,-0.18,3.82,,,,,,,,,,,
2020-04-23,,,,,,,,,,47.3,44.68,49.79,,,,,,,,,,,,,41.77,39.03,44.35,,,,,,,,,,,,,4.38,2.44,6.57,,,,,,,,,,,,,,,,,,,,,,,,,3.52,1.48,5.62,,,,,,,,,,,,,1.75,-0.22,3.88,,,,,,,,,,,
2020-04-24,,,,,,,,,,47.25,44.58,49.72,,,,,,,,,,,,,41.84,39.1,44.4,,,,,,,,,,,,,4.37,2.42,6.58,,,,,,,,,,,,,,,,,,,,,,,,,3.51,1.47,5.61,,,,,,,,,,,,,1.75,-0.24,3.93,,,,49.0,41.0,4.0,,4.0,,,2.0
2020-04-25,,,,,,,,,,47.2,44.49,49.65,,,,,,,,,,,,,41.91,39.18,44.47,,,,,,,,,,,,,4.36,2.42,6.55,,,,,,,,,,,,,,,,,,,,,,,,,3.5,1.46,5.61,,,,,,,,,,,,,1.76,-0.26,3.97,,,,,,,,,,,
2020-04-26,,,,,,,,,,47.14,44.41,49.58,,,,,,,,,,,,,41.97,39.25,44.6,,,,,,,,,,,,,4.35,2.4,6.48,,,,,,,,,,,,,,,,,,,,,,,,,3.49,1.44,5.61,,,,,,,,,,,,,1.76,-0.28,3.91,,,,,,,,,,,
2020-04-27,,,,,,,,,,47.09,44.36,49.54,,,,,,,,,,,,,42.04,39.31,44.66,,,,,,,,,,,,,4.34,2.4,6.45,,,,,,,,,,,,,,,,,,,,,,,,,3.48,1.41,5.6,,,,,,,,,,,,,1.76,-0.29,3.86,,,,,,,,,,,
2020-04-28,,,,,,,,,,47.04,44.31,49.53,,,,,,,,,,,,,42.11,39.35,44.71,,,,,,,,,,,,,4.33,2.37,6.39,,,,,,,,,,,,,,,,,,,,,,,,,3.47,1.39,5.59,,,,,,,,,,,,,1.77,-0.31,3.83,,,,,,,,,,,
2020-04-29,,,,,,,,,,46.99,44.27,49.48,,,,,,,,,,,,,42.17,39.43,44.74,,,,,,,,,,,,,4.32,2.35,6.36,,,,,,,,,,,,,,,,,,,,,,,,,3.45,1.36,5.58,,,,,,,,,,,,,1.77,-0.32,3.83,,,,,,,,,,,
2020-04-30,,,,,,,,,,46.94,44.23,49.43,,,,,,,,,,,,,42.24,39.52,44.82,,,,,,,,,,,,,4.31,2.36,6.37,,,,,,,,,,,,,,,,,,,,,,,,,3.44,1.34,5.57,,,,,,,,,,,,,1.77,-0.33,3.82,,,,,,,,,,,
2020-05-01,,,,,,,,,,46.89,44.19,49.39,,,,,,,,,,,,,42.31,39.59,44.87,,,,,,,,,,,,,4.3,2.36,6.37,,,,,,,,,,,,,,,,,,,,,,,,,3.43,1.32,5.56,,,,,,,,,,,,,1.78,-0.34,3.82,,,,,,,,,,,
2020-05-02,,,,,,,,,,46.84,44.16,49.36,,,,,,,,,,,,,42.37,39.65,44.9,,,,,,,,,,,,,4.29,2.33,6.38,,,,,,,,,,,,,,,,,,,,,,,,,3.42,1.3,5.55,,,,,,,,,,,,,1.78,-0.33,3.81,,,,,,,,,,,
2020-05-03,,,,,,,,,,46.79,44.16,49.33,,,,,,,,,,,,,42.44,39.72,44.98,,,,,,,,,,,,,4.27,2.3,6.33,,,,,,,,,,,,,,,,,,,,,,,,,3.41,1.33,5.53,,,,,,,,,,,,,1.79,-0.3,3.79,,,,,,,,,,,
2020-05-04,,,,,,,,,,46.74,44.16,49.3,,,,,,,,,,,,,42.5,39.78,45.05,,,,,,,,,,,,,4.26,2.28,6.28,,,,,,,,,,,,,,,,,,,,,,,,,3.4,1.37,5.52,,,,,,,,,,,,,1.79,-0.28,3.78,,,,,,,,,,,
2020-05-05,,,,,,,,,,46.7,44.12,49.28,,,,,,,,,,,,,42.57,39.85,45.12,,,,,,,,,,,,,4.25,2.25,6.25,,,,,,,,,,,,,,,,,,,,,,,,,3.39,1.41,5.5,,,,,,,,,,,,,1.8,-0.27,3.77,,,,,,,,,,,
2020-05-06,,,,,,,,,,46.65,44.08,49.25,,,,,,,,,,,,,42.64,39.93,45.19,,,,,,,,,,,,,4.24,2.22,6.25,,,,,,,,,,,,,,,,,,,,,,,,,3.37,1.43,5.52,,,,,,,,,,,,,1.8,-0.26,3.76,,,,50.0,37.0,5.0,,3.0,,,2.0
2020-05-07,,,,,,,,,,46.6,44.05,49.22,,,,,,,,,,,,,42.7,40.01,45.26,,,,,,,,,,,,,4.23,2.2,6.24,,,,,,,,,,,,,,,,,,,,,,,,,3.36,1.4,5.47,,,,,,,,,,,,,1.81,-0.26,3.74,,,,,,,,,,,
2020-05-08,,,,,,,,,,46.56,44.01,49.18,,,,,,,,,,,,,42.77,40.09,45.32,,,,,,,,,,,,,4.21,2.17,6.24,,,,,,,,,,,,,,,,,,,,,,,,,3.35,1.38,5.45,,,,,,,,,,,,,1.81,-0.27,3.72,,,,,,,,,,,
2020-05-09,,,,,,,,,,46.51,43.99,49.13,,,,,,,,,,,,,42.83,40.2,45.4,,,,,,,,,,,,,4.2,2.15,6.24,,,,,,,,,,,,,,,,,,,,,,,,,3.34,1.38,5.44,,,,,,,,,,,,,1.82,-0.28,3.71,,,,,,,,,,,
2020-05-10,,,,,,,,,,46.46,43.98,49.08,,,,,,,,,,,,,42.9,40.31,45.46,,,,,,,,,,,,,4.19,2.13,6.24,,,,,,,,,,,,,,,,,,,,,,,,,3.33,1.36,5.42,,,,,,,,,,,,,1.82,-0.27,3.71,,,,,,,,,,,
2020-05-11,,,,,,,,,,46.42,43.96,49.02,,,,,,,,,,,,,42.97,40.38,45.52,,,,,,,,,,,,,4.18,2.11,6.22,,,,,,,,,,,,,,,,,,,,,,,,,3.32,1.33,5.4,,,,,,,,,,,,,1.83,-0.28,3.71,,,,,,,,,,,
2020-05-12,,,,,,,,,,46.37,43.95,48.93,,,,,,,,,,,,,43.03,40.43,45.57,,,,,,,,,,,,,4.17,2.1,6.22,,,,,,,,,,,,,,,,,,,,,,,,,3.31,1.31,5.38,,,,,,,,,,,,,1.83,-0.28,3.71,,,,,,,,,,,
2020-05-13,,,,,,,,,,46.32,43.93,48.86,,,,,,,,,,,,,43.1,40.52,45.64,,,,,,,,,,,,,4.15,2.09,6.17,,,,,,,,,,,,,,,,,,,,,,,,,3.29,1.32,5.38,,,,,,,,,,,,,1.84,-0.28,3.7,,,,,,,,,,,
2020-05-14,,,,,,,,,,46.27,43.91,48.77,,,,,,,,,,,,,43.17,40.61,45.7,,,,,,,,,,,,,4.14,2.08,6.11,,,,,,,,,,,,,,,,,,,,,,,,,3.28,1.34,5.37,,,,,,,,,,,,,1.84,-0.26,3.67,,,,,,,,,,,
2020-05-15,,,,,,,,,,46.22,43.89,48.72,,,,,,,,,,,,,43.23,40.69,45.75,,,,,,,,,,,,,4.13,2.07,6.06,,,,,,,,,,,,,,,,,,,,,,,,,3.27,1.36,5.36,,,,,,,,,,,,,1.85,-0.24,3.67,,,,,,,,,,,
2020-05-16,,,,,,,,,,46.17,43.88,48.67,,,,,,,,,,,,,43.3,40.79,45.81,,,,,,,,,,,,,4.12,2.06,6.0,,,,,,,,,,,,,,,,,,,,,,,,,3.26,1.39,5.35,,,,,,,,,,,,,1.86,-0.2,3.63,,,,,,,,,,,
2020-05-17,,,,,,,,,,46.12,43.86,48.62,,,,,,,,,,,,,43.37,40.89,45.83,,,,,,,,,,,,,4.11,2.04,5.93,,,,,,,,,,,,,,,,,,,,,,,,,3.25,1.37,5.32,,,,,,,,,,,,,1.86,-0.17,3.59,,,,,,,,,,,
2020-05-18,,,,,,,,,,46.06,43.8,48.56,,,,,,,,,,,,,43.44,40.99,45.85,,,,,,,,,,,,,4.1,2.01,5.88,,,,,,,,,,,,,,,,,,,,,,,,,3.25,1.35,5.26,,,,,,,,,,,,,1.87,-0.14,3.59,,,,,,,,,,,
2020-05-19,,,,,,,,,,46.01,43.72,48.5,,,,,,,,,,,,,43.5,41.08,45.88,,,,,,,,,,,,,4.09,1.99,5.81,,,,,,,,,,,,,,,,,,,,,,,,,3.24,1.33,5.2,,,,,,,,,,,,,1.88,-0.1,3.61,,,,47.0,43.0,3.0,,5.0,,,1.0
2020-05-20,,,,,,,,,,45.95,43.68,48.44,,,,,,,,,,,,,43.57,41.18,45.9,,,,,,,,,,,,,4.08,1.98,5.79,,,,,,,,,,,,,,,,,,,,,,,,,3.23,1.32,5.14,,,,,,,,,,,,,1.89,-0.07,3.63,,,,,,,,,,,
2020-05-21,,,,,,,,,,45.89,43.63,48.38,,,,,,,,,,,,,43.64,41.28,45.92,,,,,,,,,,,,,4.07,1.97,5.78,,,,,,,,,,,,,,,,,,,,,,,,,3.22,1.31,5.11,,,,,,,,,,,,,1.89,-0.02,3.64,,,,,,,,,,,
2020-05-22,,,,,,,,,,45.83,43.61,48.31,,,,,,,,,,,,,43.71,41.32,45.94,,,,,,,,,,,,,4.06,1.96,5.79,,,,,,,,,,,,,,,,,,,,,,,,,3.22,1.29,5.09,,,,,,,,,,,,,1.9,0.02,3.66,,,,,,,,,,,
2020-05-23,,,,,,,,,,45.76,43.54,48.23,,,,,,,,,,,,,43.77,41.35,45.99,,,,,,,,,,,,,4.05,1.96,5.79,,,,,,,,,,,,,,,,,,,,,,,,,3.21,1.29,5.07,,,,,,,,,,,,,1.91,0.04,3.68,,,,,,,,,,,
2020-05-24,,,,,,,,,,45.69,43.48,48.14,,,,,,,,,,,,,43.84,41.38,46.06,,,,,,,,,,,,,4.05,1.96,5.78,,,,,,,,,,,,,,,,,,,,,,,,,3.21,1.29,5.04,,,,,,,,,,,,,1.92,0.06,3.67,,,,,,,,,,,
2020-05-25,,,,,,,,,,45.62,43.41,48.03,,,,,,,,,,,,,43.9,41.42,46.15,,,,,,,,,,,,,4.04,1.97,5.79,,,,,,,,,,,,,,,,,,,,,,,,,3.21,1.28,5.01,,,,,,,,,,,,,1.93,0.09,3.66,,,,,,,,,,,
2020-05-26,,,,,,,,,,45.55,43.34,47.95,,,,,,,,,,,,,43.97,41.56,46.18,,,,,,,,,,,,,4.04,1.98,5.74,,,,,,,,,,,,,,,,,,,,,,,,,3.2,1.25,4.99,,,,,,,,,,,,,1.94,0.06,3.68,,,,39.0,49.0,4.0,,3.0,,,3.0
2020-05-27,,,,,,,,,,45.48,43.25,47.84,,,,,,,,,,,,,44.03,41.67,46.22,,,,,,,,,,,,,4.03,1.99,5.7,,,,,,,,,,,,,,,,,,,,,,,,,3.2,1.21,5.01,,,,,,,,,,,,,1.95,0.03,3.73,,,,,,,,,,,
2020-05-28,,,,,,,,,,45.4,43.15,47.75,,,,,,,,,,,,,44.1,41.72,46.26,,,,,,,,,,,,,4.03,1.98,5.71,,,,,,,,,,,,,,,,,,,,,,,,,3.2,1.18,5.04,,,,,,,,,,,,,1.97,-0.0,3.74,,,,,,,,,,,
2020-05-29,,,,,,,,,,45.32,43.04,47.66,,,,,,,,,,,,,44.16,41.76,46.31,,,,,,,,,,,,,4.03,2.02,5.75,,,,,,,,,,,,,,,,,,,,,,,,,3.2,1.21,5.04,,,,,,,,,,,,,1.98,-0.02,3.74,,,,,,,,,,,
2020-05-30,,,,,,,,,,45.24,42.96,47.57,,,,,,,,,,,,,44.22,41.81,46.35,,,,,,,,,,,,,4.03,2.06,5.79,,,,,,,,,,,,,,,,,,,,,,,,,3.2,1.24,5.04,,,,,,,,,,,,,1.99,-0.04,3.72,,,,42.0,46.0,5.0,,4.0,,,1.0
2020-05-31,,,,,,,,,,45.16,42.84,47.47,,,,,,,,,,,,,44.28,41.85,46.39,,,,,,,,,,,,,4.03,2.09,5.84,,,,,,,,,,,,,,,,,,,,,,,,,3.21,1.27,5.03,,,,,,,,,,,,,2.01,-0.04,3.71,,,,,,,,,,,
2020-06-01,,,,,,,,,,45.07,42.73,47.36,,,,,,,,,,,,,44.34,41.91,46.38,,,,,,,,,,,,,4.03,2.12,5.85,,,,,,,,,,,,,,,,,,,,,,,,,3.21,1.31,5.03,,,,,,,,,,,,,2.02,0.04,3.71,,,,,,,,,,,
2020-06-02,,,,,,,,,,44.98,42.62,47.26,,,,,,,,,,,,,44.4,41.95,46.43,,,,,,,,,,,,,4.04,2.13,5.81,,,,,,,,,,,,,,,,,,,,,,,,,3.22,1.35,5.02,,,,,,,,,,,,,2.03,0.12,3.75,,,,,,,,,,,
2020-06-03,,,,,,,,,,44.89,42.52,47.14,,,,,,,,,,,,,44.46,42.06,46.48,,,,,,,,,,,,,4.04,2.14,5.82,,,,,,,,,,,,,,,,,,,,,,,,,3.22,1.34,5.02,,,,,,,,,,,,,2.05,0.21,3.79,,,,,,,,,,,
2020-06-04,,,,,,,,,,44.8,42.42,47.04,,,,,,,,,,,,,44.52,42.11,46.52,,,,,,,,,,,,,4.05,2.18,5.87,,,,,,,,,,,,,,,,,,,,,,,,,3.23,1.4,5.01,,,,,,,,,,,,,2.07,0.24,3.83,,,,,,,,,,,
2020-06-05,,,,,,,,,,44.71,42.36,46.92,,,,,,,,,,,,,44.57,42.13,46.57,,,,,,,,,,,,,4.05,2.24,5.82,,,,,,,,,,,,,,,,,,,,,,,,,3.24,1.38,5.01,,,,,,,,,,,,,2.08,0.2,3.87,,,,,,,,,,,
2020-06-06,,,,,,,,,,44.61,42.32,46.81,,,,,,,,,,,,,44.63,42.13,46.65,,,,,,,,,,,,,4.06,2.25,5.84,,,,,,,,,,,,,,,,,,,,,,,,,3.25,1.45,5.0,,,,,,,,,,,,,2.1,0.17,3.91,,,,,,,,,,,
2020-06-07,,,,,,,,,,44.52,42.26,46.69,,,,,,,,,,,,,44.68,42.18,46.71,,,,,,,,,,,,,4.06,2.29,5.88,,,,,,,,,,,,,,,,,,,,,,,,,3.26,1.54,4.99,,,,,,,,,,,,,2.12,0.2,3.86,,,,,,,,,,,
2020-06-08,,,,,,,,,,44.42,42.17,46.58,,,,,,,,,,,,,44.73,42.24,46.74,,,,,,,,,,,,,4.07,2.33,5.91,,,,,,,,,,,,,,,,,,,,,,,,,3.27,1.59,4.98,,,,,,,,,,,,,2.14,0.2,3.86,,,,,,,,,,,
2020-06-09,,,,,,,,,,44.32,42.07,46.46,,,,,,,,,,,,,44.79,42.31,46.77,,,,,,,,,,,,,4.08,2.37,5.92,,,,,,,,,,,,,,,,,,,,,,,,,3.28,1.58,4.99,,,,,,,,,,,,,2.15,0.27,3.91,,,,,,,,,,,
2020-06-10,,,,,,,,,,44.22,41.98,46.35,,,,,,,,,,,,,44.84,42.35,46.75,,,,,,,,,,,,,4.09,2.4,5.97,,,,,,,,,,,,,,,,,,,,,,,,,3.29,1.56,5.03,,,,,,,,,,,,,2.17,0.34,3.88,,,,,,,,,,,
2020-06-11,,,,,,,,,,44.12,41.84,46.23,,,,,,,,,,,,,44.89,42.47,46.79,,,,,,,,,,,,,4.1,2.42,5.99,,,,,,,,,,,,,,,,,,,,,,,,,3.3,1.56,5.06,,,,,,,,,,,,,2.19,0.4,3.84,,,,,,,,,,,
2020-06-12,,,,,,,,,,44.02,41.74,46.15,,,,,,,,,,,,,44.94,42.6,46.8,,,,,,,,,,,,,4.11,2.47,6.02,,,,,,,,,,,,,,,,,,,,,,,,,3.31,1.54,5.11,,,,,,,,,,,,,2.22,0.4,3.89,,,,44.0,47.0,4.0,,1.0,,,2.0
2020-06-13,,,,,,,,,,43.92,41.67,46.06,,,,,,,,,,,,,44.99,42.67,46.82,,,,,,,,,,,,,4.12,2.51,6.04,,,,,,,,,,,,,,,,,,,,,,,,,3.33,1.58,5.16,,,,,,,,,,,,,2.24,0.4,3.95,,,,,,,,,,,
2020-06-14,,,,,,,,,,43.82,41.6,45.96,,,,,,,,,,,,,45.03,42.74,46.85,,,,,,,,,,,,,4.13,2.52,6.04,,,,,,,,,,,,,,,,,,,,,,,,,3.34,1.63,5.2,,,,,,,,,,,,,2.26,0.51,3.95,,,,,,,,,,,
2020-06-15,,,,,,,,,,43.71,41.51,45.79,,,,,,,,,,,,,45.08,42.8,46.89,,,,,,,,,,,,,4.14,2.59,6.07,,,,,,,,,,,,,,,,,,,,,,,,,3.35,1.66,5.25,,,,,,,,,,,,,2.28,0.59,3.96,,,,,,,,,,,
2020-06-16,,,,,,,,,,43.61,41.45,45.69,,,,,,,,,,,,,45.13,42.84,46.9,,,,,,,,,,,,,4.15,2.61,6.08,,,,,,,,,,,,,,,,,,,,,,,,,3.37,1.66,5.26,,,,,,,,,,,,,2.3,0.59,4.01,,,,,,,,,,,
2020-06-17,,,,,,,,,,43.51,41.36,45.58,,,,,,,,,,,,,45.17,42.88,46.96,,,,,,,,,,,,,4.17,2.64,6.09,,,,,,,,,,,,,,,,,,,,,,,,,3.38,1.66,5.27,,,,,,,,,,,,,2.33,0.61,4.06,,,,,,,,,,,
2020-06-18,,,,,,,,,,43.4,41.25,45.43,,,,,,,,,,,,,45.22,43.01,47.01,,,,,,,,,,,,,4.18,2.66,6.09,,,,,,,,,,,,,,,,,,,,,,,,,3.39,1.66,5.27,,,,,,,,,,,,,2.35,0.63,4.1,,,,,,,,,,,
2020-06-19,,,,,,,,,,43.3,41.14,45.29,,,,,,,,,,,,,45.26,43.12,47.06,,,,,,,,,,,,,4.19,2.65,6.08,,,,,,,,,,,,,,,,,,,,,,,,,3.41,1.64,5.28,,,,,,,,,,,,,2.37,0.69,4.14,,,,,,,,,,,
2020-06-20,,,,,,,,,,43.19,41.05,45.14,,,,,,,,,,,,,45.31,43.23,47.09,,,,,,,,,,,,,4.21,2.62,6.06,,,,,,,,,,,,,,,,,,,,,,,,,3.42,1.62,5.25,,,,,,,,,,,,,2.4,0.77,4.18,,,,,,,,,,,
2020-06-21,,,,,,,,,,43.09,40.96,44.99,,,,,,,,,,,,,45.35,43.26,47.12,,,,,,,,,,,,,4.22,2.62,6.06,,,,,,,,,,,,,,,,,,,,,,,,,3.43,1.67,5.24,,,,,,,,,,,,,2.42,0.79,4.17,,,,,,,,,,,
2020-06-22,,,,,,,,,,42.99,40.88,44.83,,,,,,,,,,,,,45.4,43.33,47.12,,,,,,,,,,,,,4.23,2.63,6.09,,,,,,,,,,,,,,,,,,,,,,,,,3.45,1.7,5.29,,,,,,,,,,,,,2.45,0.81,4.15,,,,,,,,,,,
2020-06-23,,,,,,,,,,42.89,40.79,44.69,,,,,,,,,,,,,45.44,43.41,47.13,,,,,,,,,,,,,4.25,2.65,6.1,,,,,,,,,,,,,,,,,,,,,,,,,3.46,1.73,5.29,,,,,,,,,,,,,2.47,0.83,4.14,,,,,,,,,,,
2020-06-24,,,,,,,,,,42.78,40.72,44.49,,,,,,,,,,,,,45.48,43.52,47.13,,,,,,,,,,,,,4.26,2.64,6.1,,,,,,,,,,,,,,,,,,,,,,,,,3.47,1.73,5.29,,,,,,,,,,,,,2.49,0.85,4.17,,,,,,,,,,,
2020-06-25,,,,,,,,,,42.68,40.65,44.35,,,,,,,,,,,,,45.52,43.62,47.15,,,,,,,,,,,,,4.28,2.66,6.1,,,,,,,,,,,,,,,,,,,,,,,,,3.48,1.75,5.34,,,,,,,,,,,,,2.52,0.87,4.2,,,,,,,,,,,
2020-06-26,,,,,,,,,,42.58,40.56,44.26,,,,,,,,,,,,,45.56,43.62,47.18,,,,,,,,,,,,,4.29,2.68,6.13,,,,,,,,,,,,,,,,,,,,,,,,,3.5,1.76,5.38,,,,,,,,,,,,,2.54,0.89,4.22,,,,,,,,,,,
2020-06-27,,,,,,,,,,42.48,40.46,44.17,,,,,,,,,,,,,45.6,43.61,47.2,,,,,,,,,,,,,4.31,2.7,6.16,,,,,,,,,,,,,,,,,,,,,,,,,3.51,1.78,5.42,,,,,,,,,,,,,2.57,0.91,4.22,,,,,,,,,,,
2020-06-28,,,,,,,,,,42.39,40.36,44.11,,,,,,,,,,,,,45.64,43.59,47.26,,,,,,,,,,,,,4.32,2.72,6.19,,,,,,,,,,,,,,,,,,,,,,,,,3.52,1.8,5.42,,,,,,,,,,,,,2.59,0.93,4.27,,,,45.0,46.0,3.0,,3.0,,,3.0
2020-06-29,,,,,,,,,,42.29,40.26,44.0,,,,,,,,,,,,,45.67,43.6,47.36,,,,,,,,,,,,,4.34,2.74,6.21,,,,,,,,,,,,,,,,,,,,,,,,,3.53,1.8,5.4,,,,,,,,,,,,,2.62,0.95,4.3,,,,,,,,,,,
2020-06-30,,,,,,,,,,42.2,40.21,43.92,,,,,,,,,,,,,45.71,43.66,47.37,,,,,,,,,,,,,4.35,2.76,6.21,,,,,,,,,,,,,,,,,,,,,,,,,3.55,1.82,5.39,,,,,,,,,,,,,2.64,0.98,4.33,,,,,,,,,,,
2020-07-01,,,,,,,,,,42.11,40.15,43.82,,,,,,,,,,,,,45.74,43.72,47.38,,,,,,,,,,,,,4.37,2.78,6.2,,,,,,,,,,,,,,,,,,,,,,,,,3.56,1.87,5.37,,,,,,,,,,,,,2.67,1.0,4.36,,,,,,,,,,,
2020-07-02,,,,,,,,,,42.02,40.07,43.78,,,,,,,,,,,,,45.77,43.76,47.39,,,,,,,,,,,,,4.38,2.81,6.19,,,,,,,,,,,,,,,,,,,,,,,,,3.57,1.89,5.37,,,,,,,,,,,,,2.69,1.02,4.4,,,,,,,,,,,
2020-07-03,,,,,,,,,,41.93,39.98,43.67,,,,,,,,,,,,,45.8,43.77,47.41,,,,,,,,,,,,,4.4,2.83,6.18,,,,,,,,,,,,,,,,,,,,,,,,,3.59,1.91,5.38,,,,,,,,,,,,,2.72,1.04,4.43,,,,,,,,,,,
2020-07-04,,,,,,,,,,41.85,39.89,43.56,,,,,,,,,,,,,45.83,43.78,47.41,,,,,,,,,,,,,4.41,2.86,6.17,,,,,,,,,,,,,,,,,,,,,,,,,3.6,1.94,5.39,,,,,,,,,,,,,2.74,1.07,4.46,,,,,,,,,,,
2020-07-05,,,,,,,,,,41.76,39.82,43.46,,,,,,,,,,,,,45.85,43.8,47.46,,,,,,,,,,,,,4.43,2.88,6.2,,,,,,,,,,,,,,,,,,,,,,,,,3.61,1.98,5.39,,,,,,,,,,,,,2.77,1.12,4.48,,,,,,,,,,,
2020-07-06,,,,,,,,,,41.68,39.75,43.34,,,,,,,,,,,,,45.88,43.81,47.51,,,,,,,,,,,,,4.44,2.89,6.26,,,,,,,,,,,,,,,,,,,,,,,,,3.63,2.03,5.39,,,,,,,,,,,,,2.79,1.19,4.5,,,,,,,,,,,
2020-07-07,,,,,,,,,,41.6,39.7,43.23,,,,,,,,,,,,,45.9,43.83,47.56,,,,,,,,,,,,,4.46,2.89,6.3,,,,,,,,,,,,,,,,,,,,,,,,,3.64,2.08,5.4,,,,,,,,,,,,,2.82,1.22,4.51,,,,,,,,,,,
2020-07-08,,,,,,,,,,41.53,39.68,43.12,,,,,,,,,,,,,45.92,43.88,47.61,,,,,,,,,,,,,4.47,2.93,6.3,,,,,,,,,,,,,,,,,,,,,,,,,3.65,2.13,5.4,,,,,,,,,,,,,2.84,1.25,4.56,,,,,,,,,,,
2020-07-09,,,,,,,,,,41.45,39.55,43.02,,,,,,,,,,,,,45.94,43.9,47.63,,,,,,,,,,,,,4.49,2.98,6.29,,,,,,,,,,,,,,,,,,,,,,,,,3.67,2.18,5.39,,,,,,,,,,,,,2.86,1.27,4.58,,,,44.0,49.0,3.0,,2.0,,,2.0
2020-07-10,,,,,,,,,,41.37,39.47,42.96,,,,,,,,,,,,,45.96,43.96,47.64,,,,,,,,,,,,,4.5,3.01,6.25,,,,,,,,,,,,,,,,,,,,,,,,,3.68,2.23,5.39,,,,,,,,,,,,,2.89,1.29,4.59,,,,,,,,,,,
2020-07-11,,,,,,,,,,41.3,39.41,42.92,,,,,,,,,,,,,45.98,44.01,47.66,,,,,,,,,,,,,4.52,3.01,6.21,,,,,,,,,,,,,,,,,,,,,,,,,3.7,2.29,5.39,,,,,,,,,,,,,2.91,1.32,4.58,,,,,,,,,,,
2020-07-12,,,,,,,,,,41.23,39.33,42.85,,,,,,,,,,,,,46.0,44.07,47.67,,,,,,,,,,,,,4.53,3.0,6.17,,,,,,,,,,,,,,,,,,,,,,,,,3.71,2.32,5.39,,,,,,,,,,,,,2.94,1.34,4.61,,,,,,,,,,,
2020-07-13,,,,,,,,,,41.16,39.28,42.79,,,,,,,,,,,,,46.01,44.13,47.68,,,,,,,,,,,,,4.55,3.04,6.18,,,,,,,,,,,,,,,,,,,,,,,,,3.72,2.31,5.44,,,,,,,,,,,,,2.96,1.37,4.63,,,,,,,,,,,
2020-07-14,,,,,,,,,,41.09,39.18,42.69,,,,,,,,,,,,,46.02,44.19,47.71,,,,,,,,,,,,,4.57,3.07,6.2,,,,,,,,,,,,,,,,,,,,,,,,,3.74,2.3,5.47,,,,,,,,,,,,,2.98,1.39,4.66,,,,,,,,,,,
2020-07-15,,,,,,,,,,41.02,39.06,42.61,,,,,,,,,,,,,46.04,44.22,47.72,,,,,,,,,,,,,4.58,3.11,6.21,,,,,,,,,,,,,,,,,,,,,,,,,3.75,2.33,5.46,,,,,,,,,,,,,3.01,1.42,4.68,,,,,,,,,,,
2020-07-16,,,,,,,,,,40.95,38.98,42.55,,,,,,,,,,,,,46.05,44.25,47.76,,,,,,,,,,,,,4.6,3.14,6.22,,,,,,,,,,,,,,,,,,,,,,,,,3.77,2.35,5.44,,,,,,,,,,,,,3.03,1.44,4.69,,,,,,,,,,,
2020-07-17,,,,,,,,,,40.88,38.94,42.5,,,,,,,,,,,,,46.06,44.26,47.82,,,,,,,,,,,,,4.61,3.16,6.25,,,,,,,,,,,,,,,,,,,,,,,,,3.78,2.35,5.44,,,,,,,,,,,,,3.05,1.5,4.69,,,,,,,,,,,
2020-07-18,,,,,,,,,,40.82,38.9,42.44,,,,,,,,,,,,,46.07,44.24,47.84,,,,,,,,,,,,,4.63,3.17,6.29,,,,,,,,,,,,,,,,,,,,,,,,,3.8,2.34,5.43,,,,,,,,,,,,,3.07,1.52,4.7,,,,,,,,,,,
2020-07-19,,,,,,,,,,40.75,38.87,42.39,,,,,,,,,,,,,46.08,44.25,47.83,,,,,,,,,,,,,4.65,3.19,6.31,,,,,,,,,,,,,,,,,,,,,,,,,3.81,2.37,5.44,,,,,,,,,,,,,3.1,1.55,4.71,,,,,,,,,,,
2020-07-20,,,,,,,,,,40.69,38.8,42.33,,,,,,,,,,,,,46.09,44.25,47.83,,,,,,,,,,,,,4.66,3.21,6.33,,,,,,,,,,,,,,,,,,,,,,,,,3.83,2.39,5.45,,,,,,,,,,,,,3.12,1.58,4.74,,,,,,,,,,,
2020-07-21,,,,,,,,,,40.62,38.71,42.27,,,,,,,,,,,,,46.1,44.26,47.82,,,,,,,,,,,,,4.68,3.22,6.32,,,,,,,,,,,,,,,,,,,,,,,,,3.84,2.39,5.44,,,,,,,,,,,,,3.14,1.61,4.72,,,,,,,,,,,
2020-07-22,,,,,,,,,,40.56,38.64,42.18,,,,,,,,,,,,,46.11,44.27,47.82,,,,,,,,,,,,,4.69,3.22,6.31,,,,,,,,,,,,,,,,,,,,,,,,,3.86,2.41,5.45,,,,,,,,,,,,,3.16,1.63,4.71,,,,,,,,,,,
2020-07-23,,,,,,,,,,40.49,38.56,42.08,,,,,,,,,,,,,46.12,44.27,47.82,,,,,,,,,,,,,4.71,3.23,6.36,,,,,,,,,,,,,,,,,,,,,,,,,3.87,2.41,5.42,,,,,,,,,,,,,3.18,1.63,4.75,,,,42.0,45.0,5.0,,4.0,,,3.0
2020-07-24,,,,,,,,,,40.43,38.47,42.04,,,,,,,,,,,,,46.13,44.29,47.83,,,,,,,,,,,,,4.72,3.23,6.38,,,,,,,,,,,,,,,,,,,,,,,,,3.89,2.4,5.41,,,,,,,,,,,,,3.2,1.65,4.78,,,,,,,,,,,
2020-07-25,,,,,,,,,,40.37,38.41,41.99,,,,,,,,,,,,,46.14,44.32,47.81,,,,,,,,,,,,,4.74,3.23,6.41,,,,,,,,,,,,,,,,,,,,,,,,,3.91,2.4,5.43,,,,,,,,,,,,,3.23,1.7,4.77,,,,,,,,,,,
2020-07-26,,,,,,,,,,40.3,38.36,41.96,,,,,,,,,,,,,46.15,44.35,47.79,,,,,,,,,,,,,4.75,3.23,6.44,,,,,,,,,,,,,,,,,,,,,,,,,3.92,2.41,5.46,,,,,,,,,,,,,3.25,1.7,4.78,,,,,,,,,,,
2020-07-27,,,,,,,,,,40.24,38.31,41.92,,,,,,,,,,,,,46.16,44.38,47.78,,,,,,,,,,,,,4.76,3.23,6.46,,,,,,,,,,,,,,,,,,,,,,,,,3.94,2.41,5.48,,,,,,,,,,,,,3.27,1.72,4.82,,,,,,,,,,,
2020-07-28,,,,,,,,,,40.18,38.25,41.86,,,,,,,,,,,,,46.17,44.37,47.78,,,,,,,,,,,,,4.77,3.25,6.48,,,,,,,,,,,,,,,,,,,,,,,,,3.96,2.45,5.51,,,,,,,,,,,,,3.29,1.74,4.84,,,,,,,,,,,
2020-07-29,,,,,,,,,,40.11,38.21,41.8,,,,,,,,,,,,,46.18,44.37,47.77,,,,,,,,,,,,,4.79,3.23,6.49,,,,,,,,,,,,,,,,,,,,,,,,,3.97,2.47,5.54,,,,,,,,,,,,,3.31,1.78,4.85,,,,,,,,,,,
2020-07-30,,,,,,,,,,40.05,38.13,41.73,,,,,,,,,,,,,46.19,44.36,47.77,,,,,,,,,,,,,4.8,3.23,6.51,,,,,,,,,,,,,,,,,,,,,,,,,3.99,2.47,5.55,,,,,,,,,,,,,3.33,1.8,4.87,,,,,,,,,,,
2020-07-31,,,,,,,,,,39.99,38.09,41.67,,,,,,,,,,,,,46.2,44.37,47.76,,,,,,,,,,,,,4.81,3.23,6.51,,,,,,,,,,,,,,,,,,,,,,,,,4.01,2.48,5.54,,,,,,,,,,,,,3.35,1.82,4.89,,,,40.0,44.0,5.0,,5.0,,,4.0
2020-08-01,,,,,,,,,,39.92,38.06,41.6,,,,,,,,,,,,,46.21,44.38,47.82,,,,,,,,,,,,,4.82,3.23,6.51,,,,,,,,,,,,,,,,,,,,,,,,,4.03,2.49,5.57,,,,,,,,,,,,,3.37,1.84,4.9,,,,,,,,,,,
2020-08-02,,,,,,,,,,39.86,38.03,41.54,,,,,,,,,,,,,46.22,44.4,47.88,,,,,,,,,,,,,4.83,3.21,6.55,,,,,,,,,,,,,,,,,,,,,,,,,4.05,2.5,5.6,,,,,,,,,,,,,3.39,1.88,4.92,,,,,,,,,,,
2020-08-03,,,,,,,,,,39.8,38.0,41.47,,,,,,,,,,,,,46.23,44.4,47.92,,,,,,,,,,,,,4.83,3.21,6.58,,,,,,,,,,,,,,,,,,,,,,,,,4.06,2.51,5.63,,,,,,,,,,,,,3.41,1.9,4.94,,,,,,,,,,,
2020-08-04,,,,,,,,,,39.74,37.96,41.4,,,,,,,,,,,,,46.25,44.39,47.91,,,,,,,,,,,,,4.84,3.23,6.61,,,,,,,,,,,,,,,,,,,,,,,,,4.08,2.52,5.65,,,,,,,,,,,,,3.43,1.94,4.94,,,,,,,,,,,
2020-08-05,,,,,,,,,,39.67,37.9,41.33,,,,,,,,,,,,,46.26,44.42,47.94,,,,,,,,,,,,,4.85,3.26,6.61,,,,,,,,,,,,,,,,,,,,,,,,,4.1,2.58,5.67,,,,,,,,,,,,,3.45,1.97,4.94,,,,40.0,41.0,8.0,,5.0,,,2.0
2020-08-06,,,,,,,,,,39.61,37.85,41.25,,,,,,,,,,,,,46.27,44.45,47.96,,,,,,,,,,,,,4.86,3.29,6.61,,,,,,,,,,,,,,,,,,,,,,,,,4.12,2.62,5.71,,,,,,,,,,,,,3.47,2.03,4.95,,,,,,,,,,,
2020-08-07,,,,,,,,,,39.55,37.8,41.18,,,,,,,,,,,,,46.29,44.48,47.99,,,,,,,,,,,,,4.86,3.31,6.62,,,,,,,,,,,,,,,,,,,,,,,,,4.14,2.63,5.74,,,,,,,,,,,,,3.49,2.1,4.98,,,,,,,,,,,
2020-08-08,,,,,,,,,,39.49,37.76,41.1,,,,,,,,,,,,,46.3,44.49,48.03,,,,,,,,,,,,,4.87,3.31,6.63,,,,,,,,,,,,,,,,,,,,,,,,,4.16,2.63,5.78,,,,,,,,,,,,,3.51,2.11,5.0,,,,,,,,,,,
2020-08-09,,,,,,,,,,39.43,37.73,41.03,,,,,,,,,,,,,46.32,44.52,48.05,,,,,,,,,,,,,4.87,3.31,6.63,,,,,,,,,,,,,,,,,,,,,,,,,4.17,2.65,5.75,,,,,,,,,,,,,3.53,2.12,5.02,,,,,,,,,,,
2020-08-10,,,,,,,,,,39.37,37.66,40.97,,,,,,,,,,,,,46.34,44.54,48.08,,,,,,,,,,,,,4.88,3.31,6.63,,,,,,,,,,,,,,,,,,,,,,,,,4.19,2.66,5.74,,,,,,,,,,,,,3.55,2.13,5.03,,,,,,,,,,,
2020-08-11,,,,,,,,,,39.3,37.62,40.91,,,,,,,,,,,,,46.35,44.57,48.11,,,,,,,,,,,,,4.88,3.31,6.64,,,,,,,,,,,,,,,,,,,,,,,,,4.21,2.69,5.75,,,,,,,,,,,,,3.56,2.12,5.05,,,,,,,,,,,
2020-08-12,,,,,,,,,,39.24,37.58,40.84,,,,,,,,,,,,,46.37,44.57,48.13,,,,,,,,,,,,,4.89,3.34,6.64,,,,,,,,,,,,,,,,,,,,,,,,,4.23,2.72,5.76,,,,,,,,,,,,,3.58,2.11,5.06,,,,40.0,46.0,3.0,,5.0,,,5.0
2020-08-13,,,,,,,,,,39.18,37.5,40.8,,,,,,,,,,,,,46.39,44.56,48.15,,,,,,,,,,,,,4.89,3.34,6.65,,,,,,,,,,,,,,,,,,,,,,,,,4.25,2.78,5.78,,,,,,,,,,,,,3.6,2.11,5.08,,,,,,,,,,,
2020-08-14,,,,,,,,,,39.12,37.45,40.75,,,,,,,,,,,,,46.4,44.57,48.17,,,,,,,,,,,,,4.89,3.33,6.65,,,,,,,,,,,,,,,,,,,,,,,,,4.27,2.82,5.8,,,,,,,,,,,,,3.61,2.12,5.09,,,,,,,,,,,
2020-08-15,,,,,,,,,,39.06,37.42,40.7,,,,,,,,,,,,,46.42,44.57,48.18,,,,,,,,,,,,,4.9,3.32,6.65,,,,,,,,,,,,,,,,,,,,,,,,,4.28,2.85,5.83,,,,,,,,,,,,,3.63,2.15,5.1,,,,,,,,,,,
2020-08-16,,,,,,,,,,39.0,37.37,40.64,,,,,,,,,,,,,46.44,44.58,48.2,,,,,,,,,,,,,4.9,3.32,6.65,,,,,,,,,,,,,,,,,,,,,,,,,4.3,2.86,5.84,,,,,,,,,,,,,3.64,2.17,5.12,,,,,,,,,,,
2020-08-17,,,,,,,,,,38.95,37.33,40.59,,,,,,,,,,,,,46.46,44.6,48.21,,,,,,,,,,,,,4.9,3.33,6.64,,,,,,,,,,,,,,,,,,,,,,,,,4.32,2.88,5.83,,,,,,,,,,,,,3.66,2.19,5.14,,,,,,,,,,,
2020-08-18,,,,,,,,,,38.89,37.27,40.54,,,,,,,,,,,,,46.48,44.62,48.23,,,,,,,,,,,,,4.9,3.33,6.62,,,,,,,,,,,,,,,,,,,,,,,,,4.34,2.91,5.83,,,,,,,,,,,,,3.67,2.22,5.16,,,,,,,,,,,
2020-08-19,,,,,,,,,,38.83,37.22,40.48,,,,,,,,,,,,,46.5,44.64,48.24,,,,,,,,,,,,,4.91,3.34,6.59,,,,,,,,,,,,,,,,,,,,,,,,,4.36,2.94,5.85,,,,,,,,,,,,,3.69,2.25,5.19,,,,38.0,50.0,3.0,,4.0,,,3.0
2020-08-20,,,,,,,,,,38.77,37.17,40.43,,,,,,,,,,,,,46.52,44.67,48.26,,,,,,,,,,,,,4.91,3.36,6.58,,,,,,,,,,,,,,,,,,,,,,,,,4.38,2.96,5.87,,,,,,,,,,,,,3.71,2.25,5.2,,,,,,,,,,,
2020-08-21,,,,,,,,,,38.71,37.12,40.37,,,,,,,,,,,,,46.54,44.71,48.3,,,,,,,,,,,,,4.91,3.4,6.57,,,,,,,,,,,,,,,,,,,,,,,,,4.39,2.97,5.88,,,,,,,,,,,,,3.72,2.28,5.22,,,,,,,,,,,
2020-08-22,,,,,,,,,,38.65,37.08,40.31,,,,,,,,,,,,,46.56,44.78,48.32,,,,,,,,,,,,,4.91,3.4,6.57,,,,,,,,,,,,,,,,,,,,,,,,,4.41,2.97,5.9,,,,,,,,,,,,,3.74,2.32,5.23,,,,,,,,,,,
2020-08-23,,,,,,,,,,38.59,37.02,40.25,,,,,,,,,,,,,46.58,44.79,48.34,,,,,,,,,,,,,4.91,3.37,6.57,,,,,,,,,,,,,,,,,,,,,,,,,4.43,2.97,5.92,,,,,,,,,,,,,3.75,2.35,5.25,,,,,,,,,,,
2020-08-24,,,,,,,,,,38.54,36.95,40.17,,,,,,,,,,,,,46.6,44.8,48.36,,,,,,,,,,,,,4.91,3.36,6.57,,,,,,,,,,,,,,,,,,,,,,,,,4.45,2.99,5.94,,,,,,,,,,,,,3.77,2.37,5.27,,,,,,,,,,,
2020-08-25,,,,,,,,,,38.48,36.87,40.1,,,,,,,,,,,,,46.62,44.79,48.38,,,,,,,,,,,,,4.91,3.37,6.56,,,,,,,,,,,,,,,,,,,,,,,,,4.46,3.02,5.95,,,,,,,,,,,,,3.78,2.39,5.27,,,,33.0,49.0,7.0,,3.0,,,5.0
2020-08-26,,,,,,,,,,38.42,36.87,40.03,,,,,,,,,,,,,46.64,44.8,48.38,,,,,,,,,,,,,4.9,3.37,6.55,,,,,,,,,,,,,,,,,,,,,,,,,4.48,3.05,5.96,,,,,,,,,,,,,3.8,2.42,5.28,,,,,,,,,,,
2020-08-27,,,,,,,,,,38.36,36.85,39.96,,,,,,,,,,,,,46.66,44.8,48.37,,,,,,,,,,,,,4.9,3.37,6.55,,,,,,,,,,,,,,,,,,,,,,,,,4.5,3.08,5.98,,,,,,,,,,,,,3.82,2.44,5.3,,,,,,,,,,,
2020-08-28,,,,,,,,,,38.3,36.82,39.88,,,,,,,,,,,,,46.69,44.84,48.38,,,,,,,,,,,,,4.9,3.37,6.54,,,,,,,,,,,,,,,,,,,,,,,,,4.51,3.11,5.99,,,,,,,,,,,,,3.83,2.46,5.32,,,,,,,,,,,
2020-08-29,,,,,,,,,,38.25,36.74,39.81,,,,,,,,,,,,,46.71,44.87,48.41,,,,,,,,,,,,,4.9,3.37,6.52,,,,,,,,,,,,,,,,,,,,,,,,,4.53,3.14,6.0,,,,,,,,,,,,,3.85,2.48,5.35,,,,,,,,,,,
2020-08-30,,,,,,,,,,38.19,36.67,39.76,,,,,,,,,,,,,46.73,44.89,48.44,,,,,,,,,,,,,4.9,3.37,6.52,,,,,,,,,,,,,,,,,,,,,,,,,4.54,3.15,6.03,,,,,,,,,,,,,3.87,2.5,5.37,,,,,,,,,,,
2020-08-31,,,,,,,,,,38.13,36.62,39.71,,,,,,,,,,,,,46.76,44.9,48.43,,,,,,,,,,,,,4.89,3.36,6.51,,,,,,,,,,,,,,,,,,,,,,,,,4.56,3.15,6.04,,,,,,,,,,,,,3.88,2.52,5.39,,,,,,,,,,,
2020-09-01,,,,,,,,,,38.07,36.58,39.67,,,,,,,,,,,,,46.78,44.92,48.44,,,,,,,,,,,,,4.89,3.37,6.51,,,,,,,,,,,,,,,,,,,,,,,,,4.57,3.16,6.07,,,,,,,,,,,,,3.9,2.54,5.41,,,,,,,,,,,
2020-09-02,,,,,,,,,,38.02,36.5,39.6,,,,,,,,,,,,,46.81,45.0,48.47,,,,,,,,,,,,,4.89,3.36,6.5,,,,,,,,,,,,,,,,,,,,,,,,,4.59,3.17,6.1,,,,,,,,,,,,,3.92,2.57,5.42,,,,,,,,,,,
2020-09-03,,,,,,,,,,37.96,36.46,39.56,,,,,,,,,,,,,46.83,45.04,48.5,,,,,,,,,,,,,4.88,3.37,6.49,,,,,,,,,,,,,,,,,,,,,,,,,4.6,3.17,6.13,,,,,,,,,,,,,3.94,2.59,5.46,,,,,,,,,,,
2020-09-04,,,,,,,,,,37.9,36.39,39.52,,,,,,,,,,,,,46.86,45.06,48.5,,,,,,,,,,,,,4.88,3.4,6.49,,,,,,,,,,,,,,,,,,,,,,,,,4.62,3.2,6.15,,,,,,,,,,,,,3.95,2.61,5.49,,,,40.0,44.0,7.0,,5.0,,,3.0
2020-09-05,,,,,,,,,,37.84,36.31,39.48,,,,,,,,,,,,,46.88,45.07,48.52,,,,,,,,,,,,,4.87,3.42,6.51,,,,,,,,,,,,,,,,,,,,,,,,,4.63,3.22,6.18,,,,,,,,,,,,,3.97,2.63,5.52,,,,,,,,,,,
2020-09-06,,,,,,,,,,37.78,36.22,39.43,,,,,,,,,,,,,46.91,45.09,48.57,,,,,,,,,,,,,4.87,3.41,6.53,,,,,,,,,,,,,,,,,,,,,,,,,4.65,3.24,6.21,,,,,,,,,,,,,3.99,2.65,5.55,,,,,,,,,,,
2020-09-07,,,,,,,,,,37.73,36.14,39.38,,,,,,,,,,,,,46.94,45.12,48.58,,,,,,,,,,,,,4.87,3.4,6.53,,,,,,,,,,,,,,,,,,,,,,,,,4.66,3.26,6.23,,,,,,,,,,,,,4.01,2.68,5.59,,,,,,,,,,,
2020-09-08,,,,,,,,,,37.67,36.07,39.32,,,,,,,,,,,,,46.97,45.17,48.59,,,,,,,,,,,,,4.86,3.38,6.5,,,,,,,,,,,,,,,,,,,,,,,,,4.67,3.25,6.26,,,,,,,,,,,,,4.03,2.7,5.63,,,,,,,,,,,
2020-09-09,,,,,,,,,,37.61,36.03,39.24,,,,,,,,,,,,,47.0,45.21,48.61,,,,,,,,,,,,,4.86,3.36,6.46,,,,,,,,,,,,,,,,,,,,,,,,,4.69,3.26,6.27,,,,,,,,,,,,,4.04,2.71,5.67,,,,40.0,44.0,4.0,,6.0,,,4.0
2020-09-10,,,,,,,,,,37.55,35.98,39.22,,,,,,,,,,,,,47.03,45.26,48.64,,,,,,,,,,,,,4.85,3.36,6.46,,,,,,,,,,,,,,,,,,,,,,,,,4.7,3.28,6.28,,,,,,,,,,,,,4.06,2.71,5.71,,,,,,,,,,,
2020-09-11,,,,,,,,,,37.5,35.93,39.19,,,,,,,,,,,,,47.06,45.3,48.67,,,,,,,,,,,,,4.84,3.38,6.46,,,,,,,,,,,,,,,,,,,,,,,,,4.71,3.29,6.3,,,,,,,,,,,,,4.08,2.72,5.72,,,,,,,,,,,
2020-09-12,,,,,,,,,,37.44,35.87,39.14,,,,,,,,,,,,,47.09,45.32,48.66,,,,,,,,,,,,,4.84,3.4,6.46,,,,,,,,,,,,,,,,,,,,,,,,,4.72,3.3,6.33,,,,,,,,,,,,,4.1,2.72,5.73,,,,,,,,,,,
2020-09-13,,,,,,,,,,37.38,35.84,39.09,,,,,,,,,,,,,47.12,45.35,48.69,,,,,,,,,,,,,4.83,3.38,6.45,,,,,,,,,,,,,,,,,,,,,,,,,4.73,3.31,6.36,,,,,,,,,,,,,4.12,2.74,5.74,,,,,,,,,,,
2020-09-14,,,,,,,,,,37.33,35.82,39.03,,,,,,,,,,,,,47.15,45.38,48.76,,,,,,,,,,,,,4.83,3.38,6.45,,,,,,,,,,,,,,,,,,,,,,,,,4.74,3.3,6.38,,,,,,,,,,,,,4.13,2.76,5.73,,,,,,,,,,,
2020-09-15,,,,,,,,,,37.27,35.78,38.98,,,,,,,,,,,,,47.19,45.42,48.83,,,,,,,,,,,,,4.82,3.4,6.46,,,,,,,,,,,,,,,,,,,,,,,,,4.75,3.29,6.4,,,,,,,,,,,,,4.15,2.79,5.74,,,,,,,,,,,
2020-09-16,,,,,,,,,,37.22,35.74,38.93,,,,,,,,,,,,,47.22,45.47,48.89,,,,,,,,,,,,,4.81,3.4,6.46,,,,,,,,,,,,,,,,,,,,,,,,,4.76,3.29,6.42,,,,,,,,,,,,,4.17,2.81,5.76,,,,,,,,,,,
2020-09-17,,,,,,,,,,37.16,35.64,38.88,,,,,,,,,,,,,47.26,45.51,48.93,,,,,,,,,,,,,4.81,3.39,6.46,,,,,,,,,,,,,,,,,,,,,,,,,4.77,3.33,6.43,,,,,,,,,,,,,4.18,2.83,5.78,,,,36.0,49.0,6.0,,4.0,,,4.0
2020-09-18,,,,,,,,,,37.1,35.57,38.84,,,,,,,,,,,,,47.3,45.55,48.96,,,,,,,,,,,,,4.8,3.39,6.46,,,,,,,,,,,,,,,,,,,,,,,,,4.78,3.3,6.45,,,,,,,,,,,,,4.2,2.87,5.8,,,,,,,,,,,
2020-09-19,,,,,,,,,,37.05,35.53,38.76,,,,,,,,,,,,,47.33,45.59,48.99,,,,,,,,,,,,,4.79,3.39,6.46,,,,,,,,,,,,,,,,,,,,,,,,,4.79,3.29,6.47,,,,,,,,,,,,,4.22,2.88,5.83,,,,,,,,,,,
2020-09-20,,,,,,,,,,36.99,35.49,38.7,,,,,,,,,,,,,47.37,45.63,49.04,,,,,,,,,,,,,4.78,3.39,6.44,,,,,,,,,,,,,,,,,,,,,,,,,4.8,3.3,6.5,,,,,,,,,,,,,4.23,2.91,5.85,,,,,,,,,,,
2020-09-21,,,,,,,,,,36.93,35.45,38.64,,,,,,,,,,,,,47.41,45.68,49.09,,,,,,,,,,,,,4.78,3.4,6.43,,,,,,,,,,,,,,,,,,,,,,,,,4.81,3.3,6.52,,,,,,,,,,,,,4.25,2.94,5.88,,,,,,,,,,,
2020-09-22,,,,,,,,,,36.88,35.39,38.58,,,,,,,,,,,,,47.45,45.72,49.13,,,,,,,,,,,,,4.77,3.41,6.41,,,,,,,,,,,,,,,,,,,,,,,,,4.82,3.31,6.54,,,,,,,,,,,,,4.27,2.97,5.9,,,,,,,,,,,
2020-09-23,,,,,,,,,,36.82,35.32,38.53,,,,,,,,,,,,,47.49,45.76,49.16,,,,,,,,,,,,,4.76,3.41,6.4,,,,,,,,,,,,,,,,,,,,,,,,,4.82,3.34,6.55,,,,,,,,,,,,,4.28,2.99,5.92,,,,,,,,,,,
2020-09-24,,,,,,,,,,36.76,35.28,38.46,,,,,,,,,,,,,47.54,45.81,49.21,,,,,,,,,,,,,4.75,3.42,6.37,,,,,,,,,,,,,,,,,,,,,,,,,4.83,3.37,6.57,,,,,,,,,,,,,4.3,3.03,5.94,,,,38.0,49.0,5.0,,3.0,,,3.0
2020-09-25,,,,,,,,,,36.7,35.23,38.42,,,,,,,,,,,,,47.58,45.85,49.28,,,,,,,,,,,,,4.74,3.42,6.34,,,,,,,,,,,,,,,,,,,,,,,,,4.84,3.4,6.58,,,,,,,,,,,,,4.32,3.07,5.96,,,,,,,,,,,
2020-09-26,,,,,,,,,,36.65,35.19,38.38,,,,,,,,,,,,,47.62,45.9,49.34,,,,,,,,,,,,,4.74,3.42,6.32,,,,,,,,,,,,,,,,,,,,,,,,,4.84,3.42,6.59,,,,,,,,,,,,,4.33,3.1,5.98,,,,,,,,,,,
2020-09-27,,,,,,,,,,36.59,35.14,38.35,,,,,,,,,,,,,47.66,45.94,49.36,,,,,,,,,,,,,4.73,3.41,6.32,,,,,,,,,,,,,,,,,,,,,,,,,4.85,3.42,6.6,,,,,,,,,,,,,4.35,3.14,6.0,,,,,,,,,,,
2020-09-28,,,,,,,,,,36.53,35.1,38.32,,,,,,,,,,,,,47.7,45.99,49.4,,,,,,,,,,,,,4.72,3.4,6.31,,,,,,,,,,,,,,,,,,,,,,,,,4.86,3.41,6.61,,,,,,,,,,,,,4.37,3.18,6.02,,,,,,,,,,,
2020-09-29,,,,,,,,,,36.47,35.05,38.26,,,,,,,,,,,,,47.75,46.03,49.42,,,,,,,,,,,,,4.71,3.39,6.3,,,,,,,,,,,,,,,,,,,,,,,,,4.86,3.41,6.59,,,,,,,,,,,,,4.39,3.21,6.04,,,,,,,,,,,
2020-09-30,,,,,,,,,,36.41,35.0,38.18,,,,,,,,,,,,,47.79,46.1,49.47,,,,,,,,,,,,,4.7,3.38,6.25,,,,,,,,,,,,,,,,,,,,,,,,,4.87,3.41,6.55,,,,,,,,,,,,,4.4,3.25,6.06,,,,34.0,49.0,4.0,,6.0,,,5.0
2020-10-01,,,,,,,,,,36.35,34.95,38.12,,,,,,,,,,,,,47.83,46.12,49.5,,,,,,,,,,,,,4.7,3.39,6.24,,,,,,,,,,,,,,,,,,,,,,,,,4.88,3.41,6.55,,,,,,,,,,,,,4.42,3.3,6.08,,,,,,,,,,,
2020-10-02,,,,,,,,,,36.3,34.9,38.07,,,,,,,,,,,,,47.87,46.17,49.54,,,,,,,,,,,,,4.69,3.39,6.23,,,,,,,,,,,,,,,,,,,,,,,,,4.88,3.4,6.56,,,,,,,,,,,,,4.44,3.3,6.1,,,,,,,,,,,
2020-10-03,,,,,,,,,,36.24,34.86,38.02,,,,,,,,,,,,,47.92,46.22,49.58,,,,,,,,,,,,,4.68,3.4,6.22,,,,,,,,,,,,,,,,,,,,,,,,,4.89,3.42,6.56,,,,,,,,,,,,,4.46,3.29,6.13,,,,,,,,,,,
2020-10-04,,,,,,,,,,36.18,34.8,37.97,,,,,,,,,,,,,47.96,46.25,49.62,,,,,,,,,,,,,4.68,3.41,6.21,,,,,,,,,,,,,,,,,,,,,,,,,4.9,3.44,6.57,,,,,,,,,,,,,4.47,3.3,6.16,,,,,,,,,,,
2020-10-05,,,,,,,,,,36.12,34.73,37.92,,,,,,,,,,,,,48.0,46.29,49.67,,,,,,,,,,,,,4.67,3.42,6.19,,,,,,,,,,,,,,,,,,,,,,,,,4.9,3.47,6.57,,,,,,,,,,,,,4.49,3.31,6.19,,,,,,,,,,,
2020-10-06,,,,,,,,,,36.07,34.66,37.88,,,,,,,,,,,,,48.04,46.34,49.71,,,,,,,,,,,,,4.66,3.4,6.18,,,,,,,,,,,,,,,,,,,,,,,,,4.91,3.5,6.58,,,,,,,,,,,,,4.51,3.31,6.2,,,,,,,,,,,
2020-10-07,,,,,,,,,,36.02,34.59,37.86,,,,,,,,,,,,,48.07,46.4,49.75,,,,,,,,,,,,,4.65,3.39,6.16,,,,,,,,,,,,,,,,,,,,,,,,,4.92,3.53,6.59,,,,,,,,,,,,,4.53,3.32,6.23,,,,37.0,47.0,3.0,,4.0,,,7.0
2020-10-08,,,,,,,,,,35.96,34.53,37.79,,,,,,,,,,,,,48.11,46.42,49.76,,,,,,,,,,,,,4.65,3.38,6.14,,,,,,,,,,,,,,,,,,,,,,,,,4.92,3.54,6.6,,,,,,,,,,,,,4.54,3.31,6.25,,,,,,,,,,,
2020-10-09,,,,,,,,,,35.91,34.48,37.73,,,,,,,,,,,,,48.15,46.47,49.77,,,,,,,,,,,,,4.64,3.39,6.11,,,,,,,,,,,,,,,,,,,,,,,,,4.93,3.55,6.62,,,,,,,,,,,,,4.56,3.3,6.28,,,,,,,,,,,
2020-10-10,,,,,,,,,,35.86,34.44,37.68,,,,,,,,,,,,,48.19,46.52,49.8,,,,,,,,,,,,,4.63,3.36,6.09,,,,,,,,,,,,,,,,,,,,,,,,,4.94,3.52,6.64,,,,,,,,,,,,,4.58,3.32,6.31,,,,,,,,,,,
2020-10-11,,,,,,,,,,35.81,34.41,37.62,,,,,,,,,,,,,48.22,46.58,49.83,,,,,,,,,,,,,4.62,3.35,6.08,,,,,,,,,,,,,,,,,,,,,,,,,4.94,3.5,6.66,,,,,,,,,,,,,4.6,3.31,6.33,,,,,,,,,,,
2020-10-12,,,,,,,,,,35.76,34.38,37.59,,,,,,,,,,,,,48.25,46.64,49.85,,,,,,,,,,,,,4.62,3.34,6.05,,,,,,,,,,,,,,,,,,,,,,,,,4.95,3.52,6.66,,,,,,,,,,,,,4.61,3.31,6.34,,,,,,,,,,,
2020-10-13,,,,,,,,,,35.71,34.34,37.54,,,,,,,,,,,,,48.29,46.69,49.89,,,,,,,,,,,,,4.61,3.33,6.04,,,,,,,,,,,,,,,,,,,,,,,,,4.96,3.53,6.66,,,,,,,,,,,,,4.63,3.31,6.36,,,,,,,,,,,
2020-10-14,,,,,,,,,,35.67,34.28,37.49,,,,,,,,,,,,,48.32,46.74,49.93,,,,,,,,,,,,,4.6,3.33,6.05,,,,,,,,,,,,,,,,,,,,,,,,,4.96,3.55,6.68,,,,,,,,,,,,,4.65,3.32,6.38,,,,,,,,,,,
2020-10-15,,,,,,,,,,35.62,34.23,37.45,,,,,,,,,,,,,48.35,46.76,49.93,,,,,,,,,,,,,4.59,3.3,6.06,,,,,,,,,,,,,,,,,,,,,,,,,4.97,3.58,6.69,,,,,,,,,,,,,4.66,3.31,6.39,,,,36.0,51.0,4.0,,6.0,,,3.0
2020-10-16,,,,,,,,,,35.58,34.17,37.39,,,,,,,,,,,,,48.38,46.77,49.96,,,,,,,,,,,,,4.59,3.29,6.06,,,,,,,,,,,,,,,,,,,,,,,,,4.97,3.6,6.7,,,,,,,,,,,,,4.68,3.31,6.4,,,,,,,,,,,
2020-10-17,,,,,,,,,,35.54,34.13,37.31,,,,,,,,,,,,,48.41,46.77,49.99,,,,,,,,,,,,,4.58,3.27,6.07,,,,,,,,,,,,,,,,,,,,,,,,,4.98,3.62,6.67,,,,,,,,,,,,,4.69,3.33,6.41,,,,,,,,,,,
2020-10-18,,,,,,,,,,35.5,34.09,37.24,,,,,,,,,,,,,48.44,46.78,50.02,,,,,,,,,,,,,4.57,3.25,6.06,,,,,,,,,,,,,,,,,,,,,,,,,4.99,3.6,6.69,,,,,,,,,,,,,4.71,3.33,6.41,,,,,,,,,,,
2020-10-19,,,,,,,,,,35.46,34.08,37.18,,,,,,,,,,,,,48.47,46.79,50.04,,,,,,,,,,,,,4.56,3.23,6.04,,,,,,,,,,,,,,,,,,,,,,,,,4.99,3.55,6.7,,,,,,,,,,,,,4.72,3.34,6.42,,,,,,,,,,,
2020-10-20,,,,,,,,,,35.43,34.08,37.12,,,,,,,,,,,,,48.5,46.8,50.05,,,,,,,,,,,,,4.55,3.2,6.05,,,,,,,,,,,,,,,,,,,,,,,,,5.0,3.54,6.7,,,,,,,,,,,,,4.73,3.34,6.43,,,,,,,,,,,
2020-10-21,,,,,,,,,,35.39,34.06,37.09,,,,,,,,,,,,,48.52,46.82,50.09,,,,,,,,,,,,,4.55,3.2,5.97,,,,,,,,,,,,,,,,,,,,,,,,,5.0,3.56,6.7,,,,,,,,,,,,,4.75,3.36,6.46,,,,,,,,,,,
2020-10-22,,,,,,,,,,35.35,34.03,37.06,,,,,,,,,,,,,48.55,46.85,50.11,,,,,,,,,,,,,4.54,3.21,5.98,,,,,,,,,,,,,,,,,,,,,,,,,5.01,3.57,6.7,,,,,,,,,,,,,4.76,3.39,6.49,,,,38.0,46.0,5.0,,6.0,,,3.0
2020-10-23,,,,,,,,,,35.32,33.98,37.04,,,,,,,,,,,,,48.58,46.87,50.13,,,,,,,,,,,,,4.53,3.21,5.98,,,,,,,,,,,,,,,,,,,,,,,,,5.01,3.55,6.7,,,,,,,,,,,,,4.77,3.42,6.51,,,,,,,,,,,
2020-10-24,,,,,,,,,,35.29,33.95,37.02,,,,,,,,,,,,,48.6,46.91,50.18,,,,,,,,,,,,,4.52,3.2,5.98,,,,,,,,,,,,,,,,,,,,,,,,,5.02,3.54,6.7,,,,,,,,,,,,,4.78,3.45,6.54,,,,,,,,,,,
2020-10-25,,,,,,,,,,35.26,33.9,36.99,,,,,,,,,,,,,48.63,46.94,50.21,,,,,,,,,,,,,4.51,3.18,5.97,,,,,,,,,,,,,,,,,,,,,,,,,5.03,3.55,6.69,,,,,,,,,,,,,4.8,3.44,6.55,,,,,,,,,,,
2020-10-26,,,,,,,,,,35.23,33.87,36.94,,,,,,,,,,,,,48.65,46.96,50.24,,,,,,,,,,,,,4.5,3.17,5.98,,,,,,,,,,,,,,,,,,,,,,,,,5.03,3.56,6.69,,,,,,,,,,,,,4.81,3.43,6.57,,,,,,,,,,,
2020-10-27,,,,,,,,,,35.2,33.83,36.88,,,,,,,,,,,,,48.67,46.99,50.27,,,,,,,,,,,,,4.49,3.16,5.98,,,,,,,,,,,,,,,,,,,,,,,,,5.04,3.57,6.69,,,,,,,,,,,,,4.82,3.42,6.55,,,,,,,,,,,
2020-10-28,,,,,,,,,,35.17,33.79,36.84,,,,,,,,,,,,,48.7,47.02,50.29,,,,,,,,,,,,,4.48,3.15,5.98,,,,,,,,,,,,,,,,,,,,,,,,,5.04,3.58,6.68,,,,,,,,,,,,,4.83,3.46,6.51,,,,,,,,,,,
2020-10-29,,,,,,,,,,35.14,33.77,36.8,,,,,,,,,,,,,48.72,47.04,50.32,,,,,,,,,,,,,4.47,3.14,5.98,,,,,,,,,,,,,,,,,,,,,,,,,5.05,3.59,6.68,,,,,,,,,,,,,4.84,3.47,6.51,,,,34.0,48.0,4.0,,6.0,,,6.0
2020-10-30,,,,,,,,,,35.11,33.76,36.78,,,,,,,,,,,,,48.74,47.07,50.31,,,,,,,,,,,,,4.46,3.13,5.98,,,,,,,,,,,,,,,,,,,,,,,,,5.06,3.6,6.69,,,,,,,,,,,,,4.85,3.47,6.52,,,,,,,,,,,
2020-10-31,,,,,,,,,,35.08,33.74,36.73,,,,,,,,,,,,,48.76,47.09,50.33,,,,,,,,,,,,,4.45,3.1,5.97,,,,,,,,,,,,,,,,,,,,,,,,,5.06,3.62,6.69,,,,,,,,,,,,,4.86,3.49,6.51,,,,,,,,,,,
2020-11-01,,,,,,,,,,35.06,33.68,36.73,,,,,,,,,,,,,48.79,47.12,50.35,,,,,,,,,,,,,4.44,3.08,5.96,,,,,,,,,,,,,,,,,,,,,,,,,5.07,3.64,6.73,,,,,,,,,,,,,4.87,3.51,6.5,,,,,,,,,,,
2020-11-02,,,,,,,,,,35.03,33.62,36.72,,,,,,,,,,,,,48.81,47.16,50.38,,,,,,,,,,,,,4.43,3.1,5.94,,,,,,,,,,,,,,,,,,,,,,,,,5.08,3.67,6.73,,,,,,,,,,,,,4.88,3.52,6.53,,,,,,,,,,,
2020-11-03,,,,,,,,,,35.0,33.58,36.7,,,,,,,,,,,,,48.83,47.17,50.41,,,,,,,,,,,,,4.42,3.09,5.93,,,,,,,,,,,,,,,,,,,,,,,,,5.09,3.69,6.73,,,,,,,,,,,,,4.89,3.51,6.51,,,,,,,,,,,
2020-11-04,,,,,,,,,,34.98,33.55,36.68,,,,,,,,,,,,,48.85,47.19,50.45,,,,,,,,,,,,,4.41,3.08,5.91,,,,,,,,,,,,,,,,,,,,,,,,,5.09,3.72,6.72,,,,,,,,,,,,,4.9,3.52,6.5,,,,,,,,,,,
2020-11-05,,,,,,,,,,34.95,33.53,36.66,,,,,,,,,,,,,48.87,47.22,50.47,,,,,,,,,,,,,4.4,3.06,5.91,,,,,,,,,,,,,,,,,,,,,,,,,5.1,3.74,6.72,,,,,,,,,,,,,4.91,3.54,6.52,,,,34.0,47.0,4.0,,5.0,,,7.0
2020-11-06,,,,,,,,,,34.93,33.51,36.65,,,,,,,,,,,,,48.89,47.25,50.49,,,,,,,,,,,,,4.39,3.06,5.89,,,,,,,,,,,,,,,,,,,,,,,,,5.11,3.74,6.72,,,,,,,,,,,,,4.92,3.56,6.54,,,,,,,,,,,
2020-11-07,,,,,,,,,,34.9,33.48,36.62,,,,,,,,,,,,,48.91,47.28,50.51,,,,,,,,,,,,,4.38,3.05,5.9,,,,,,,,,,,,,,,,,,,,,,,,,5.12,3.75,6.71,,,,,,,,,,,,,4.92,3.59,6.55,,,,,,,,,,,
2020-11-08,,,,,,,,,,34.88,33.45,36.6,,,,,,,,,,,,,48.92,47.31,50.52,,,,,,,,,,,,,4.37,3.04,5.92,,,,,,,,,,,,,,,,,,,,,,,,,5.13,3.76,6.71,,,,,,,,,,,,,4.93,3.61,6.56,,,,,,,,,,,
2020-11-09,,,,,,,,,,34.86,33.43,36.64,,,,,,,,,,,,,48.94,47.34,50.54,,,,,,,,,,,,,4.36,3.01,5.93,,,,,,,,,,,,,,,,,,,,,,,,,5.14,3.76,6.73,,,,,,,,,,,,,4.94,3.63,6.54,,,,,,,,,,,
2020-11-10,,,,,,,,,,34.83,33.41,36.62,,,,,,,,,,,,,48.96,47.37,50.55,,,,,,,,,,,,,4.34,2.99,5.92,,,,,,,,,,,,,,,,,,,,,,,,,5.15,3.77,6.78,,,,,,,,,,,,,4.94,3.65,6.52,,,,,,,,,,,
2020-11-11,,,,,,,,,,34.81,33.37,36.58,,,,,,,,,,,,,48.97,47.4,50.58,,,,,,,,,,,,,4.33,3.0,5.91,,,,,,,,,,,,,,,,,,,,,,,,,5.16,3.77,6.82,,,,,,,,,,,,,4.95,3.66,6.54,,,,,,,,,,,
2020-11-12,,,,,,,,,,34.79,33.34,36.54,,,,,,,,,,,,,48.98,47.43,50.61,,,,,,,,,,,,,4.33,3.0,5.88,,,,,,,,,,,,,,,,,,,,,,,,,5.17,3.78,6.85,,,,,,,,,,,,,4.95,3.67,6.58,,,,33.0,52.0,5.0,,4.0,,,5.0
2020-11-13,,,,,,,,,,34.77,33.3,36.5,,,,,,,,,,,,,49.0,47.46,50.62,,,,,,,,,,,,,4.32,2.99,5.85,,,,,,,,,,,,,,,,,,,,,,,,,5.18,3.78,6.87,,,,,,,,,,,,,4.96,3.65,6.61,,,,,,,,,,,
2020-11-14,,,,,,,,,,34.75,33.27,36.48,,,,,,,,,,,,,49.01,47.52,50.63,,,,,,,,,,,,,4.31,2.96,5.84,,,,,,,,,,,,,,,,,,,,,,,,,5.2,3.79,6.85,,,,,,,,,,,,,4.96,3.62,6.64,,,,,,,,,,,
2020-11-15,,,,,,,,,,34.73,33.25,36.49,,,,,,,,,,,,,49.02,47.58,50.64,,,,,,,,,,,,,4.3,2.96,5.85,,,,,,,,,,,,,,,,,,,,,,,,,5.21,3.8,6.85,,,,,,,,,,,,,4.96,3.6,6.67,,,,,,,,,,,
2020-11-16,,,,,,,,,,34.71,33.22,36.5,,,,,,,,,,,,,49.03,47.57,50.63,,,,,,,,,,,,,4.29,2.98,5.85,,,,,,,,,,,,,,,,,,,,,,,,,5.22,3.84,6.83,,,,,,,,,,,,,4.96,3.61,6.68,,,,,,,,,,,
2020-11-17,,,,,,,,,,34.69,33.19,36.48,,,,,,,,,,,,,49.04,47.59,50.62,,,,,,,,,,,,,4.28,3.0,5.83,,,,,,,,,,,,,,,,,,,,,,,,,5.24,3.88,6.82,,,,,,,,,,,,,4.97,3.62,6.65,,,,,,,,,,,
2020-11-18,,,,,,,,,,34.68,33.16,36.45,,,,,,,,,,,,,49.05,47.58,50.62,,,,,,,,,,,,,4.27,2.98,5.81,,,,,,,,,,,,,,,,,,,,,,,,,5.25,3.88,6.84,,,,,,,,,,,,,4.97,3.63,6.67,,,,33.0,49.0,5.0,,6.0,,,4.0
2020-11-19,,,,,,,,,,34.66,33.16,36.43,,,,,,,,,,,,,49.05,47.56,50.63,,,,,,,,,,,,,4.26,2.96,5.81,,,,,,,,,,,,,,,,,,,,,,,,,5.26,3.91,6.88,,,,,,,,,,,,,4.97,3.64,6.68,,,,,,,,,,,
2020-11-20,,,,,,,,,,34.65,33.15,36.4,,,,,,,,,,,,,49.06,47.55,50.63,,,,,,,,,,,,,4.25,2.94,5.77,,,,,,,,,,,,,,,,,,,,,,,,,5.28,3.94,6.91,,,,,,,,,,,,,4.96,3.67,6.65,,,,,,,,,,,
2020-11-21,,,,,,,,,,34.64,33.15,36.37,,,,,,,,,,,,,49.06,47.55,50.65,,,,,,,,,,,,,4.24,2.92,5.74,,,,,,,,,,,,,,,,,,,,,,,,,5.29,3.95,6.93,,,,,,,,,,,,,4.96,3.7,6.68,,,,,,,,,,,
2020-11-22,,,,,,,,,,34.62,33.14,36.34,,,,,,,,,,,,,49.07,47.54,50.69,,,,,,,,,,,,,4.23,2.91,5.72,,,,,,,,,,,,,,,,,,,,,,,,,5.31,3.97,6.91,,,,,,,,,,,,,4.96,3.68,6.71,,,,,,,,,,,
2020-11-23,,,,,,,,,,34.61,33.14,36.31,,,,,,,,,,,,,49.07,47.52,50.71,,,,,,,,,,,,,4.22,2.89,5.73,,,,,,,,,,,,,,,,,,,,,,,,,5.32,3.96,6.89,,,,,,,,,,,,,4.96,3.69,6.71,,,,,,,,,,,
2020-11-24,,,,,,,,,,34.6,33.15,36.28,,,,,,,,,,,,,49.07,47.51,50.71,,,,,,,,,,,,,4.21,2.87,5.73,,,,,,,,,,,,,,,,,,,,,,,,,5.34,3.97,6.86,,,,,,,,,,,,,4.95,3.68,6.71,,,,,,,,,,,
2020-11-25,,,,,,,,,,34.59,33.14,36.24,,,,,,,,,,,,,49.08,47.49,50.72,,,,,,,,,,,,,4.2,2.82,5.74,,,,,,,,,,,,,,,,,,,,,,,,,5.35,3.99,6.83,,,,,,,,,,,,,4.95,3.65,6.7,,,,,,,,,,,
2020-11-26,,,,,,,,,,34.58,33.15,36.2,,,,,,,,,,,,,49.08,47.47,50.72,,,,,,,,,,,,,4.19,2.81,5.7,,,,,,,,,,,,,,,,,,,,,,,,,5.36,4.01,6.84,,,,,,,,,,,,,4.94,3.62,6.69,,,,,,,,,,,
2020-11-27,,,,,,,,,,34.57,33.17,36.14,,,,,,,,,,,,,49.08,47.45,50.7,,,,,,,,,,,,,4.19,2.8,5.67,,,,,,,,,,,,,,,,,,,,,,,,,5.38,3.99,6.86,,,,,,,,,,,,,4.94,3.59,6.68,,,,33.0,52.0,4.0,,4.0,,,5.0
2020-11-28,,,,,,,,,,34.57,33.16,36.14,,,,,,,,,,,,,49.08,47.45,50.7,,,,,,,,,,,,,4.18,2.78,5.67,,,,,,,,,,,,,,,,,,,,,,,,,5.39,4.0,6.87,,,,,,,,,,,,,4.93,3.56,6.65,,,,,,,,,,,
2020-11-29,,,,,,,,,,34.56,33.16,36.12,,,,,,,,,,,,,49.08,47.45,50.72,,,,,,,,,,,,,4.17,2.77,5.67,,,,,,,,,,,,,,,,,,,,,,,,,5.41,4.06,6.84,,,,,,,,,,,,,4.92,3.54,6.62,,,,,,,,,,,
2020-11-30,,,,,,,,,,34.55,33.16,36.12,,,,,,,,,,,,,49.08,47.46,50.72,,,,,,,,,,,,,4.16,2.76,5.68,,,,,,,,,,,,,,,,,,,,,,,,,5.42,4.09,6.82,,,,,,,,,,,,,4.91,3.51,6.59,,,,,,,,,,,
2020-12-01,,,,,,,,,,34.55,33.18,36.11,,,,,,,,,,,,,49.08,47.47,50.72,,,,,,,,,,,,,4.16,2.72,5.69,,,,,,,,,,,,,,,,,,,,,,,,,5.43,4.11,6.85,,,,,,,,,,,,,4.91,3.47,6.55,,,,,,,,,,,
2020-12-02,,,,,,,,,,34.54,33.19,36.07,,,,,,,,,,,,,49.08,47.46,50.72,,,,,,,,,,,,,4.15,2.69,5.69,,,,,,,,,,,,,,,,,,,,,,,,,5.45,4.14,6.88,,,,,,,,,,,,,4.9,3.44,6.51,,,,,,,,,,,
2020-12-03,,,,,,,,,,34.54,33.2,36.03,,,,,,,,,,,,,49.07,47.46,50.72,,,,,,,,,,,,,4.14,2.66,5.7,,,,,,,,,,,,,,,,,,,,,,,,,5.46,4.17,6.9,,,,,,,,,,,,,4.89,3.4,6.49,,,,31.0,50.0,4.0,,6.0,,,6.0
2020-12-04,,,,,,,,,,34.53,33.18,36.0,,,,,,,,,,,,,49.07,47.47,50.71,,,,,,,,,,,,,4.14,2.63,5.7,,,,,,,,,,,,,,,,,,,,,,,,,5.47,4.17,6.92,,,,,,,,,,,,,4.88,3.37,6.46,,,,,,,,,,,
2020-12-05,,,,,,,,,,34.53,33.16,35.96,,,,,,,,,,,,,49.07,47.47,50.71,,,,,,,,,,,,,4.13,2.6,5.71,,,,,,,,,,,,,,,,,,,,,,,,,5.49,4.18,6.95,,,,,,,,,,,,,4.86,3.34,6.44,,,,,,,,,,,
2020-12-06,,,,,,,,,,34.53,33.13,35.98,,,,,,,,,,,,,49.07,47.45,50.64,,,,,,,,,,,,,4.13,2.58,5.71,,,,,,,,,,,,,,,,,,,,,,,,,5.5,4.19,6.98,,,,,,,,,,,,,4.85,3.34,6.38,,,,,,,,,,,
2020-12-07,,,,,,,,,,34.53,33.11,35.99,,,,,,,,,,,,,49.06,47.41,50.62,,,,,,,,,,,,,4.13,2.55,5.66,,,,,,,,,,,,,,,,,,,,,,,,,5.51,4.2,7.02,,,,,,,,,,,,,4.84,3.36,6.31,,,,,,,,,,,
2020-12-08,,,,,,,,,,34.53,33.13,36.01,,,,,,,,,,,,,49.06,47.37,50.62,,,,,,,,,,,,,4.12,2.52,5.58,,,,,,,,,,,,,,,,,,,,,,,,,5.52,4.18,7.04,,,,,,,,,,,,,4.83,3.37,6.24,,,,,,,,,,,
2020-12-09,,,,,,,,,,34.53,33.14,36.03,,,,,,,,,,,,,49.05,47.35,50.61,,,,,,,,,,,,,4.12,2.52,5.53,,,,,,,,,,,,,,,,,,,,,,,,,5.53,4.18,7.01,,,,,,,,,,,,,4.82,3.38,6.19,,,,34.0,48.0,6.0,,5.0,,,7.0
2020-12-10,,,,,,,,,,34.53,33.16,36.04,,,,,,,,,,,,,49.05,47.33,50.6,,,,,,,,,,,,,4.12,2.53,5.52,,,,,,,,,,,,,,,,,,,,,,,,,5.55,4.19,7.0,,,,,,,,,,,,,4.8,3.38,6.14,,,,,,,,,,,
2020-12-11,,,,,,,,,,34.53,33.18,36.01,,,,,,,,,,,,,49.04,47.32,50.59,,,,,,,,,,,,,4.12,2.54,5.51,,,,,,,,,,,,,,,,,,,,,,,,,5.56,4.14,6.95,,,,,,,,,,,,,4.79,3.36,6.11,,,,,,,,,,,
2020-12-12,,,,,,,,,,34.53,33.18,36.0,,,,,,,,,,,,,49.03,47.3,50.59,,,,,,,,,,,,,4.11,2.56,5.47,,,,,,,,,,,,,,,,,,,,,,,,,5.57,4.12,6.97,,,,,,,,,,,,,4.78,3.34,6.11,,,,,,,,,,,
2020-12-13,,,,,,,,,,34.53,33.19,36.0,,,,,,,,,,,,,49.03,47.27,50.56,,,,,,,,,,,,,4.11,2.57,5.49,,,,,,,,,,,,,,,,,,,,,,,,,5.58,4.13,7.01,,,,,,,,,,,,,4.77,3.32,6.11,,,,,,,,,,,
2020-12-14,,,,,,,,,,34.54,33.19,36.02,,,,,,,,,,,,,49.02,47.24,50.52,,,,,,,,,,,,,4.11,2.59,5.49,,,,,,,,,,,,,,,,,,,,,,,,,5.59,4.15,7.03,,,,,,,,,,,,,4.75,3.3,6.09,,,,,,,,,,,
2020-12-15,,,,,,,,,,34.54,33.2,36.03,,,,,,,,,,,,,49.01,47.23,50.48,,,,,,,,,,,,,4.11,2.61,5.48,,,,,,,,,,,,,,,,,,,,,,,,,5.6,4.16,7.06,,,,,,,,,,,,,4.74,3.29,6.11,,,,,,,,,,,
2020-12-16,,,,,,,,,,34.55,33.18,36.04,,,,,,,,,,,,,49.0,47.21,50.43,,,,,,,,,,,,,4.11,2.63,5.49,,,,,,,,,,,,,,,,,,,,,,,,,5.61,4.17,7.06,,,,,,,,,,,,,4.72,3.27,6.1,,,,37.0,49.0,4.0,,5.0,,,4.0
2020-12-17,,,,,,,,,,34.56,33.15,36.01,,,,,,,,,,,,,48.99,47.21,50.42,,,,,,,,,,,,,4.12,2.65,5.53,,,,,,,,,,,,,,,,,,,,,,,,,5.62,4.17,7.07,,,,,,,,,,,,,4.71,3.25,6.06,,,,,,,,,,,
2020-12-18,,,,,,,,,,34.57,33.12,36.05,,,,,,,,,,,,,48.98,47.18,50.42,,,,,,,,,,,,,4.12,2.66,5.52,,,,,,,,,,,,,,,,,,,,,,,,,5.63,4.17,7.08,,,,,,,,,,,,,4.69,3.24,6.0,,,,,,,,,,,
2020-12-19,,,,,,,,,,34.58,33.11,36.08,,,,,,,,,,,,,48.97,47.16,50.42,,,,,,,,,,,,,4.12,2.66,5.5,,,,,,,,,,,,,,,,,,,,,,,,,5.64,4.17,7.12,,,,,,,,,,,,,4.68,3.23,5.96,,,,,,,,,,,
2020-12-20,,,,,,,,,,34.59,33.1,36.1,,,,,,,,,,,,,48.96,47.13,50.39,,,,,,,,,,,,,4.12,2.69,5.49,,,,,,,,,,,,,,,,,,,,,,,,,5.65,4.17,7.15,,,,,,,,,,,,,4.66,3.21,5.96,,,,,,,,,,,
2020-12-21,,,,,,,,,,34.61,33.14,36.11,,,,,,,,,,,,,48.94,47.1,50.34,,,,,,,,,,,,,4.12,2.72,5.48,,,,,,,,,,,,,,,,,,,,,,,,,5.66,4.17,7.18,,,,,,,,,,,,,4.65,3.18,5.92,,,,,,,,,,,
2020-12-22,,,,,,,,,,34.62,33.14,36.13,,,,,,,,,,,,,48.92,47.07,50.34,,,,,,,,,,,,,4.13,2.71,5.53,,,,,,,,,,,,,,,,,,,,,,,,,5.67,4.15,7.19,,,,,,,,,,,,,4.63,3.16,5.95,,,,37.0,50.0,3.0,,4.0,,,4.0
2020-12-23,,,,,,,,,,34.65,33.11,36.15,,,,,,,,,,,,,48.91,47.04,50.35,,,,,,,,,,,,,4.13,2.7,5.53,,,,,,,,,,,,,,,,,,,,,,,,,5.68,4.13,7.2,,,,,,,,,,,,,4.61,3.13,5.99,,,,,,,,,,,
2020-12-24,,,,,,,,,,34.67,33.08,36.18,,,,,,,,,,,,,48.89,47.0,50.34,,,,,,,,,,,,,4.13,2.69,5.56,,,,,,,,,,,,,,,,,,,,,,,,,5.69,4.15,7.16,,,,,,,,,,,,,4.59,3.07,5.97,,,,,,,,,,,
2020-12-25,,,,,,,,,,34.7,33.07,36.21,,,,,,,,,,,,,48.87,46.98,50.3,,,,,,,,,,,,,4.14,2.68,5.57,,,,,,,,,,,,,,,,,,,,,,,,,5.7,4.15,7.15,,,,,,,,,,,,,4.58,3.03,5.94,,,,,,,,,,,
2020-12-26,,,,,,,,,,34.72,33.1,36.23,,,,,,,,,,,,,48.84,46.96,50.26,,,,,,,,,,,,,4.14,2.68,5.55,,,,,,,,,,,,,,,,,,,,,,,,,5.71,4.14,7.21,,,,,,,,,,,,,4.56,3.0,5.94,,,,,,,,,,,
2020-12-27,,,,,,,,,,34.76,33.18,36.26,,,,,,,,,,,,,48.82,46.94,50.21,,,,,,,,,,,,,4.15,2.68,5.56,,,,,,,,,,,,,,,,,,,,,,,,,5.72,4.14,7.23,,,,,,,,,,,,,4.54,2.97,5.92,,,,,,,,,,,
2020-12-28,,,,,,,,,,34.79,33.19,36.29,,,,,,,,,,,,,48.79,46.91,50.2,,,,,,,,,,,,,4.15,2.69,5.58,,,,,,,,,,,,,,,,,,,,,,,,,5.73,4.13,7.21,,,,,,,,,,,,,4.51,2.94,5.89,,,,,,,,,,,
2020-12-29,,,,,,,,,,34.83,33.21,36.28,,,,,,,,,,,,,48.76,46.92,50.19,,,,,,,,,,,,,4.15,2.7,5.6,,,,,,,,,,,,,,,,,,,,,,,,,5.74,4.1,7.18,,,,,,,,,,,,,4.49,2.92,5.85,,,,,,,,,,,
2020-12-30,,,,,,,,,,34.87,33.25,36.31,,,,,,,,,,,,,48.73,46.9,50.18,,,,,,,,,,,,,4.16,2.71,5.62,,,,,,,,,,,,,,,,,,,,,,,,,5.75,4.09,7.19,,,,,,,,,,,,,4.47,2.89,5.82,,,,,,,,,,,
2020-12-31,,,,,,,,,,34.91,33.29,36.35,,,,,,,,,,,,,48.7,46.87,50.17,,,,,,,,,,,,,4.16,2.73,5.64,,,,,,,,,,,,,,,,,,,,,,,,,5.76,4.1,7.21,,,,,,,,,,,,,4.45,2.87,5.8,,,,,,,,,,,
2021-01-01,,,,,,,,,,34.96,33.34,36.41,,,,,,,,,,,,,48.66,46.85,50.15,,,,,,,,,,,,,4.17,2.72,5.66,,,,,,,,,,,,,,,,,,,,,,,,,5.77,4.1,7.23,,,,,,,,,,,,,4.42,2.85,5.78,,,,,,,,,,,
2021-01-02,,,,,,,,,,35.01,33.38,36.46,,,,,,,,,,,,,48.63,46.83,50.11,,,,,,,,,,,,,4.17,2.7,5.68,,,,,,,,,,,,,,,,,,,,,,,,,5.78,4.1,7.23,,,,,,,,,,,,,4.4,2.83,5.76,,,,,,,,,,,
2021-01-03,,,,,,,,,,35.06,33.45,36.47,,,,,,,,,,,,,48.59,46.78,50.1,,,,,,,,,,,,,4.18,2.7,5.7,,,,,,,,,,,,,,,,,,,,,,,,,5.79,4.11,7.21,,,,,,,,,,,,,4.37,2.81,5.74,,,,,,,,,,,
2021-01-04,,,,,,,,,,35.11,33.53,36.52,,,,,,,,,,,,,48.55,46.77,50.06,,,,,,,,,,,,,4.18,2.69,5.73,,,,,,,,,,,,,,,,,,,,,,,,,5.81,4.14,7.22,,,,,,,,,,,,,4.35,2.79,5.71,,,,,,,,,,,
2021-01-05,,,,,,,,,,35.17,33.58,36.62,,,,,,,,,,,,,48.5,46.74,50.02,,,,,,,,,,,,,4.18,2.68,5.75,,,,,,,,,,,,,,,,,,,,,,,,,5.82,4.15,7.23,,,,,,,,,,,,,4.32,2.76,5.68,,,,35.0,47.0,4.0,,8.0,,,5.0
2021-01-06,,,,,,,,,,35.23,33.61,36.74,,,,,,,,,,,,,48.46,46.67,49.95,,,,,,,,,,,,,4.19,2.67,5.77,,,,,,,,,,,,,,,,,,,,,,,,,5.83,4.17,7.24,,,,,,,,,,,,,4.29,2.73,5.65,,,,,,,,,,,
2021-01-07,,,,,,,,,,35.29,33.65,36.81,,,,,,,,,,,,,48.41,46.62,49.86,,,,,,,,,,,,,4.19,2.66,5.79,,,,,,,,,,,,,,,,,,,,,,,,,5.84,4.2,7.26,,,,,,,,,,,,,4.27,2.72,5.65,,,,,,,,,,,
2021-01-08,,,,,,,,,,35.35,33.74,36.88,,,,,,,,,,,,,48.36,46.6,49.83,,,,,,,,,,,,,4.2,2.67,5.75,,,,,,,,,,,,,,,,,,,,,,,,,5.85,4.21,7.26,,,,,,,,,,,,,4.24,2.72,5.64,,,,,,,,,,,
2021-01-09,,,,,,,,,,35.41,33.81,36.95,,,,,,,,,,,,,48.31,46.56,49.8,,,,,,,,,,,,,4.2,2.67,5.71,,,,,,,,,,,,,,,,,,,,,,,,,5.87,4.24,7.3,,,,,,,,,,,,,4.21,2.71,5.61,,,,,,,,,,,
2021-01-10,,,,,,,,,,35.48,33.89,37.02,,,,,,,,,,,,,48.26,46.51,49.76,,,,,,,,,,,,,4.2,2.67,5.68,,,,,,,,,,,,,,,,,,,,,,,,,5.88,4.26,7.31,,,,,,,,,,,,,4.19,2.71,5.55,,,,,,,,,,,
2021-01-11,,,,,,,,,,35.54,33.93,37.1,,,,,,,,,,,,,48.21,46.47,49.72,,,,,,,,,,,,,4.2,2.69,5.7,,,,,,,,,,,,,,,,,,,,,,,,,5.89,4.26,7.33,,,,,,,,,,,,,4.16,2.67,5.54,,,,,,,,,,,
2021-01-12,,,,,,,,,,35.61,33.97,37.18,,,,,,,,,,,,,48.16,46.45,49.69,,,,,,,,,,,,,4.21,2.71,5.71,,,,,,,,,,,,,,,,,,,,,,,,,5.91,4.3,7.35,,,,,,,,,,,,,4.13,2.63,5.5,,,,,,,,,,,
2021-01-13,,,,,,,,,,35.68,34.01,37.25,,,,,,,,,,,,,48.1,46.43,49.65,,,,,,,,,,,,,4.21,2.73,5.73,,,,,,,,,,,,,,,,,,,,,,,,,5.92,4.32,7.36,,,,,,,,,,,,,4.1,2.59,5.48,,,,,,,,,,,
2021-01-14,,,,,,,,,,35.75,34.06,37.33,,,,,,,,,,,,,48.04,46.39,49.61,,,,,,,,,,,,,4.21,2.7,5.76,,,,,,,,,,,,,,,,,,,,,,,,,5.93,4.34,7.39,,,,,,,,,,,,,4.08,2.55,5.46,,,,34.0,51.0,2.0,,7.0,,,3.0
2021-01-15,,,,,,,,,,35.82,34.11,37.38,,,,,,,,,,,,,47.99,46.36,49.58,,,,,,,,,,,,,4.21,2.66,5.78,,,,,,,,,,,,,,,,,,,,,,,,,5.95,4.36,7.42,,,,,,,,,,,,,4.05,2.5,5.44,,,,,,,,,,,
2021-01-16,,,,,,,,,,35.89,34.15,37.47,,,,,,,,,,,,,47.93,46.31,49.55,,,,,,,,,,,,,4.21,2.64,5.81,,,,,,,,,,,,,,,,,,,,,,,,,5.96,4.38,7.42,,,,,,,,,,,,,4.02,2.46,5.41,,,,,,,,,,,
2021-01-17,,,,,,,,,,35.96,34.23,37.53,,,,,,,,,,,,,47.87,46.24,49.51,,,,,,,,,,,,,4.22,2.64,5.84,,,,,,,,,,,,,,,,,,,,,,,,,5.97,4.4,7.43,,,,,,,,,,,,,4.0,2.41,5.38,,,,,,,,,,,
2021-01-18,,,,,,,,,,36.03,34.31,37.6,,,,,,,,,,,,,47.81,46.15,49.46,,,,,,,,,,,,,4.22,2.64,5.86,,,,,,,,,,,,,,,,,,,,,,,,,5.99,4.39,7.45,,,,,,,,,,,,,3.97,2.37,5.36,,,,,,,,,,,
2021-01-19,,,,,,,,,,36.1,34.39,37.71,,,,,,,,,,,,,47.76,46.12,49.4,,,,,,,,,,,,,4.22,2.66,5.87,,,,,,,,,,,,,,,,,,,,,,,,,6.0,4.41,7.47,,,,,,,,,,,,,3.94,2.36,5.35,,,,,,,,,,,
2021-01-20,,,,,,,,,,36.17,34.46,37.79,,,,,,,,,,,,,47.7,46.08,49.36,,,,,,,,,,,,,4.22,2.68,5.87,,,,,,,,,,,,,,,,,,,,,,,,,6.01,4.44,7.49,,,,,,,,,,,,,3.92,2.36,5.32,,,,,,,,,,,
2021-01-21,,,,,,,,,,36.24,34.5,37.86,,,,,,,,,,,,,47.64,46.02,49.32,,,,,,,,,,,,,4.22,2.68,5.88,,,,,,,,,,,,,,,,,,,,,,,,,6.03,4.48,7.49,,,,,,,,,,,,,3.89,2.35,5.29,,,,,,,,,,,
2021-01-22,,,,,,,,,,36.31,34.53,37.93,,,,,,,,,,,,,47.58,45.95,49.27,,,,,,,,,,,,,4.22,2.68,5.88,,,,,,,,,,,,,,,,,,,,,,,,,6.04,4.5,7.49,,,,,,,,,,,,,3.86,2.34,5.27,,,,37.0,45.0,3.0,,8.0,,,4.0
2021-01-23,,,,,,,,,,36.37,34.55,38.01,,,,,,,,,,,,,47.52,45.89,49.23,,,,,,,,,,,,,4.22,2.67,5.89,,,,,,,,,,,,,,,,,,,,,,,,,6.05,4.53,7.48,,,,,,,,,,,,,3.84,2.33,5.27,,,,,,,,,,,
2021-01-24,,,,,,,,,,36.44,34.57,38.09,,,,,,,,,,,,,47.46,45.83,49.18,,,,,,,,,,,,,4.23,2.68,5.87,,,,,,,,,,,,,,,,,,,,,,,,,6.07,4.54,7.51,,,,,,,,,,,,,3.81,2.3,5.27,,,,,,,,,,,
2021-01-25,,,,,,,,,,36.51,34.59,38.17,,,,,,,,,,,,,47.4,45.79,49.13,,,,,,,,,,,,,4.23,2.71,5.86,,,,,,,,,,,,,,,,,,,,,,,,,6.08,4.52,7.52,,,,,,,,,,,,,3.78,2.28,5.27,,,,,,,,,,,
2021-01-26,,,,,,,,,,36.57,34.64,38.28,,,,,,,,,,,,,47.34,45.75,49.09,,,,,,,,,,,,,4.23,2.74,5.84,,,,,,,,,,,,,,,,,,,,,,,,,6.09,4.49,7.52,,,,,,,,,,,,,3.76,2.25,5.24,,,,,,,,,,,
2021-01-27,,,,,,,,,,36.64,34.67,38.34,,,,,,,,,,,,,47.29,45.67,49.04,,,,,,,,,,,,,4.23,2.76,5.82,,,,,,,,,,,,,,,,,,,,,,,,,6.1,4.51,7.52,,,,,,,,,,,,,3.73,2.23,5.2,,,,33.0,52.0,4.0,,4.0,,,4.0
2021-01-28,,,,,,,,,,36.7,34.72,38.43,,,,,,,,,,,,,47.23,45.57,48.98,,,,,,,,,,,,,4.24,2.76,5.81,,,,,,,,,,,,,,,,,,,,,,,,,6.11,4.52,7.53,,,,,,,,,,,,,3.71,2.22,5.16,,,,,,,,,,,
2021-01-29,,,,,,,,,,36.76,34.77,38.49,,,,,,,,,,,,,47.17,45.46,48.92,,,,,,,,,,,,,4.24,2.79,5.83,,,,,,,,,,,,,,,,,,,,,,,,,6.13,4.54,7.55,,,,,,,,,,,,,3.68,2.2,5.15,,,,,,,,,,,
2021-01-30,,,,,,,,,,36.82,34.81,38.56,,,,,,,,,,,,,47.11,45.38,48.87,,,,,,,,,,,,,4.25,2.82,5.86,,,,,,,,,,,,,,,,,,,,,,,,,6.14,4.57,7.57,,,,,,,,,,,,,3.66,2.16,5.14,,,,,,,,,,,
2021-01-31,,,,,,,,,,36.88,34.86,38.63,,,,,,,,,,,,,47.05,45.32,48.83,,,,,,,,,,,,,4.25,2.84,5.88,,,,,,,,,,,,,,,,,,,,,,,,,6.15,4.59,7.59,,,,,,,,,,,,,3.63,2.15,5.13,,,,,,,,,,,
2021-02-01,,,,,,,,,,36.94,34.9,38.69,,,,,,,,,,,,,46.99,45.25,48.8,,,,,,,,,,,,,4.26,2.85,5.91,,,,,,,,,,,,,,,,,,,,,,,,,6.16,4.61,7.61,,,,,,,,,,,,,3.61,2.12,5.12,,,,,,,,,,,
2021-02-02,,,,,,,,,,36.99,34.94,38.74,,,,,,,,,,,,,46.93,45.18,48.76,,,,,,,,,,,,,4.26,2.84,5.9,,,,,,,,,,,,,,,,,,,,,,,,,6.17,4.6,7.64,,,,,,,,,,,,,3.59,2.1,5.11,,,,,,,,,,,
2021-02-03,,,,,,,,,,37.05,34.98,38.79,,,,,,,,,,,,,46.87,45.11,48.72,,,,,,,,,,,,,4.27,2.83,5.91,,,,,,,,,,,,,,,,,,,,,,,,,6.19,4.58,7.66,,,,,,,,,,,,,3.56,2.1,5.1,,,,37.0,45.0,4.0,,7.0,,,4.0
2021-02-04,,,,,,,,,,37.1,35.08,38.84,,,,,,,,,,,,,46.82,45.04,48.67,,,,,,,,,,,,,4.28,2.83,5.95,,,,,,,,,,,,,,,,,,,,,,,,,6.2,4.57,7.68,,,,,,,,,,,,,3.54,2.1,5.1,,,,,,,,,,,
2021-02-05,,,,,,,,,,37.15,35.12,38.89,,,,,,,,,,,,,46.76,44.97,48.58,,,,,,,,,,,,,4.29,2.82,5.96,,,,,,,,,,,,,,,,,,,,,,,,,6.21,4.57,7.7,,,,,,,,,,,,,3.52,2.08,5.09,,,,,,,,,,,
2021-02-06,,,,,,,,,,37.19,35.14,38.94,,,,,,,,,,,,,46.7,44.87,48.49,,,,,,,,,,,,,4.29,2.81,5.97,,,,,,,,,,,,,,,,,,,,,,,,,6.22,4.58,7.72,,,,,,,,,,,,,3.5,2.04,5.09,,,,,,,,,,,
2021-02-07,,,,,,,,,,37.24,35.17,39.0,,,,,,,,,,,,,46.64,44.77,48.48,,,,,,,,,,,,,4.3,2.8,6.01,,,,,,,,,,,,,,,,,,,,,,,,,6.24,4.6,7.74,,,,,,,,,,,,,3.48,2.0,5.08,,,,,,,,,,,
2021-02-08,,,,,,,,,,37.29,35.23,39.04,,,,,,,,,,,,,46.58,44.69,48.47,,,,,,,,,,,,,4.31,2.79,6.04,,,,,,,,,,,,,,,,,,,,,,,,,6.25,4.6,7.73,,,,,,,,,,,,,3.46,1.97,5.07,,,,,,,,,,,
2021-02-09,,,,,,,,,,37.33,35.27,39.09,,,,,,,,,,,,,46.52,44.65,48.42,,,,,,,,,,,,,4.32,2.79,6.03,,,,,,,,,,,,,,,,,,,,,,,,,6.26,4.6,7.72,,,,,,,,,,,,,3.44,1.94,5.07,,,,,,,,,,,
2021-02-10,,,,,,,,,,37.37,35.3,39.13,,,,,,,,,,,,,46.46,44.57,48.37,,,,,,,,,,,,,4.33,2.78,6.03,,,,,,,,,,,,,,,,,,,,,,,,,6.27,4.6,7.76,,,,,,,,,,,,,3.42,1.91,5.04,,,,37.0,47.0,6.0,,6.0,,,2.0
2021-02-11,,,,,,,,,,37.41,35.32,39.17,,,,,,,,,,,,,46.41,44.51,48.32,,,,,,,,,,,,,4.35,2.78,6.02,,,,,,,,,,,,,,,,,,,,,,,,,6.28,4.65,7.81,,,,,,,,,,,,,3.41,1.89,5.01,,,,,,,,,,,
2021-02-12,,,,,,,,,,37.45,35.34,39.21,,,,,,,,,,,,,46.35,44.45,48.26,,,,,,,,,,,,,4.36,2.78,6.01,,,,,,,,,,,,,,,,,,,,,,,,,6.3,4.67,7.8,,,,,,,,,,,,,3.39,1.87,5.02,,,,,,,,,,,
2021-02-13,,,,,,,,,,37.48,35.36,39.23,,,,,,,,,,,,,46.29,44.4,48.18,,,,,,,,,,,,,4.37,2.77,6.02,,,,,,,,,,,,,,,,,,,,,,,,,6.31,4.68,7.8,,,,,,,,,,,,,3.37,1.85,5.0,,,,,,,,,,,
2021-02-14,,,,,,,,,,37.52,35.39,39.25,,,,,,,,,,,,,46.24,44.35,48.1,,,,,,,,,,,,,4.38,2.77,6.04,,,,,,,,,,,,,,,,,,,,,,,,,6.32,4.7,7.82,,,,,,,,,,,,,3.36,1.84,4.95,,,,,,,,,,,
2021-02-15,,,,,,,,,,37.55,35.41,39.28,,,,,,,,,,,,,46.18,44.31,48.02,,,,,,,,,,,,,4.4,2.77,6.06,,,,,,,,,,,,,,,,,,,,,,,,,6.33,4.72,7.81,,,,,,,,,,,,,3.35,1.82,4.9,,,,,,,,,,,
2021-02-16,,,,,,,,,,37.58,35.43,39.33,,,,,,,,,,,,,46.13,44.26,47.95,,,,,,,,,,,,,4.41,2.77,6.08,,,,,,,,,,,,,,,,,,,,,,,,,6.34,4.77,7.81,,,,,,,,,,,,,3.33,1.81,4.87,,,,,,,,,,,
2021-02-17,,,,,,,,,,37.61,35.45,39.37,,,,,,,,,,,,,46.07,44.22,47.86,,,,,,,,,,,,,4.42,2.78,6.1,,,,,,,,,,,,,,,,,,,,,,,,,6.35,4.83,7.81,,,,,,,,,,,,,3.32,1.77,4.86,,,,,,,,,,,
2021-02-18,,,,,,,,,,37.64,35.48,39.41,,,,,,,,,,,,,46.02,44.18,47.8,,,,,,,,,,,,,4.44,2.8,6.08,,,,,,,,,,,,,,,,,,,,,,,,,6.36,4.83,7.8,,,,,,,,,,,,,3.31,1.74,4.84,,,,33.0,48.0,7.0,,6.0,,,5.0
2021-02-19,,,,,,,,,,37.67,35.5,39.44,,,,,,,,,,,,,45.96,44.13,47.73,,,,,,,,,,,,,4.45,2.82,6.06,,,,,,,,,,,,,,,,,,,,,,,,,6.37,4.84,7.79,,,,,,,,,,,,,3.3,1.75,4.84,,,,,,,,,,,
2021-02-20,,,,,,,,,,37.7,35.53,39.45,,,,,,,,,,,,,45.91,44.05,47.66,,,,,,,,,,,,,4.47,2.84,6.06,,,,,,,,,,,,,,,,,,,,,,,,,6.38,4.84,7.84,,,,,,,,,,,,,3.29,1.76,4.84,,,,,,,,,,,
2021-02-21,,,,,,,,,,37.72,35.55,39.47,,,,,,,,,,,,,45.85,43.99,47.6,,,,,,,,,,,,,4.49,2.85,6.07,,,,,,,,,,,,,,,,,,,,,,,,,6.39,4.84,7.89,,,,,,,,,,,,,3.28,1.77,4.84,,,,,,,,,,,
2021-02-22,,,,,,,,,,37.75,35.59,39.46,,,,,,,,,,,,,45.8,43.93,47.55,,,,,,,,,,,,,4.5,2.87,6.09,,,,,,,,,,,,,,,,,,,,,,,,,6.4,4.84,7.89,,,,,,,,,,,,,3.27,1.77,4.82,,,,,,,,,,,
2021-02-23,,,,,,,,,,37.77,35.63,39.45,,,,,,,,,,,,,45.74,43.89,47.51,,,,,,,,,,,,,4.52,2.9,6.09,,,,,,,,,,,,,,,,,,,,,,,,,6.41,4.87,7.89,,,,,,,,,,,,,3.27,1.75,4.81,,,,,,,,,,,
2021-02-24,,,,,,,,,,37.8,35.68,39.45,,,,,,,,,,,,,45.69,43.86,47.44,,,,,,,,,,,,,4.54,2.92,6.1,,,,,,,,,,,,,,,,,,,,,,,,,6.42,4.9,7.9,,,,,,,,,,,,,3.26,1.73,4.81,,,,,,,,,,,
2021-02-25,,,,,,,,,,37.82,35.74,39.48,,,,,,,,,,,,,45.64,43.84,47.35,,,,,,,,,,,,,4.55,2.95,6.11,,,,,,,,,,,,,,,,,,,,,,,,,6.43,4.92,7.95,,,,,,,,,,,,,3.26,1.72,4.81,,,,,,,,,,,
2021-02-26,,,,,,,,,,37.85,35.8,39.51,,,,,,,,,,,,,45.58,43.81,47.27,,,,,,,,,,,,,4.57,2.97,6.11,,,,,,,,,,,,,,,,,,,,,,,,,6.44,4.94,7.97,,,,,,,,,,,,,3.25,1.71,4.8,,,,37.0,49.0,5.0,,5.0,,,3.0
2021-02-27,,,,,,,,,,37.87,35.86,39.53,,,,,,,,,,,,,45.53,43.76,47.2,,,,,,,,,,,,,4.59,3.0,6.12,,,,,,,,,,,,,,,,,,,,,,,,,6.45,4.97,7.97,,,,,,,,,,,,,3.25,1.7,4.77,,,,,,,,,,,
2021-02-28,,,,,,,,,,37.9,35.93,39.56,,,,,,,,,,,,,45.47,43.7,47.13,,,,,,,,,,,,,4.6,3.03,6.15,,,,,,,,,,,,,,,,,,,,,,,,,6.46,5.0,7.97,,,,,,,,,,,,,3.24,1.7,4.76,,,,,,,,,,,
2021-03-01,,,,,,,,,,37.92,35.99,39.57,,,,,,,,,,,,,45.42,43.64,47.06,,,,,,,,,,,,,4.62,3.06,6.18,,,,,,,,,,,,,,,,,,,,,,,,,6.47,5.04,7.99,,,,,,,,,,,,,3.24,1.7,4.74,,,,,,,,,,,
2021-03-02,,,,,,,,,,37.95,36.05,39.59,,,,,,,,,,,,,45.36,43.58,46.99,,,,,,,,,,,,,4.64,3.09,6.18,,,,,,,,,,,,,,,,,,,,,,,,,6.48,5.03,8.01,,,,,,,,,,,,,3.23,1.68,4.74,,,,,,,,,,,
2021-03-03,,,,,,,,,,37.98,36.1,39.62,,,,,,,,,,,,,45.3,43.52,46.92,,,,,,,,,,,,,4.65,3.12,6.19,,,,,,,,,,,,,,,,,,,,,,,,,6.49,5.05,8.0,,,,,,,,,,,,,3.23,1.66,4.75,,,,,,,,,,,
2021-03-04,,,,,,,,,,38.01,36.17,39.66,,,,,,,,,,,,,45.25,43.42,46.86,,,,,,,,,,,,,4.67,3.15,6.21,,,,,,,,,,,,,,,,,,,,,,,,,6.5,5.05,8.0,,,,,,,,,,,,,3.23,1.63,4.74,,,,46.0,40.0,4.0,,7.0,,,2.0
2021-03-05,,,,,,,,,,38.03,36.23,39.71,,,,,,,,,,,,,45.19,43.37,46.83,,,,,,,,,,,,,4.68,3.19,6.23,,,,,,,,,,,,,,,,,,,,,,,,,6.51,5.03,8.01,,,,,,,,,,,,,3.22,1.65,4.75,,,,,,,,,,,
2021-03-06,,,,,,,,,,38.06,36.25,39.72,,,,,,,,,,,,,45.13,43.32,46.77,,,,,,,,,,,,,4.7,3.21,6.25,,,,,,,,,,,,,,,,,,,,,,,,,6.52,5.0,8.03,,,,,,,,,,,,,3.22,1.65,4.71,,,,,,,,,,,
2021-03-07,,,,,,,,,,38.09,36.26,39.74,,,,,,,,,,,,,45.07,43.25,46.72,,,,,,,,,,,,,4.71,3.18,6.27,,,,,,,,,,,,,,,,,,,,,,,,,6.53,5.03,8.04,,,,,,,,,,,,,3.22,1.63,4.69,,,,,,,,,,,
2021-03-08,,,,,,,,,,38.13,36.26,39.78,,,,,,,,,,,,,45.01,43.18,46.63,,,,,,,,,,,,,4.73,3.21,6.29,,,,,,,,,,,,,,,,,,,,,,,,,6.54,5.07,8.06,,,,,,,,,,,,,3.22,1.63,4.68,,,,,,,,,,,
2021-03-09,,,,,,,,,,38.16,36.32,39.79,,,,,,,,,,,,,44.95,43.14,46.51,,,,,,,,,,,,,4.74,3.25,6.31,,,,,,,,,,,,,,,,,,,,,,,,,6.55,5.09,8.08,,,,,,,,,,,,,3.21,1.62,4.71,,,,,,,,,,,
2021-03-10,,,,,,,,,,38.19,36.33,39.84,,,,,,,,,,,,,44.89,43.09,46.47,,,,,,,,,,,,,4.76,3.29,6.33,,,,,,,,,,,,,,,,,,,,,,,,,6.56,5.1,8.11,,,,,,,,,,,,,3.21,1.62,4.73,,,,43.0,42.0,4.0,,6.0,,,2.0
2021-03-11,,,,,,,,,,38.23,36.33,39.88,,,,,,,,,,,,,44.83,43.06,46.43,,,,,,,,,,,,,4.77,3.31,6.35,,,,,,,,,,,,,,,,,,,,,,,,,6.57,5.11,8.13,,,,,,,,,,,,,3.21,1.62,4.76,,,,,,,,,,,
2021-03-12,,,,,,,,,,38.26,36.38,39.92,,,,,,,,,,,,,44.76,43.02,46.36,,,,,,,,,,,,,4.79,3.33,6.37,,,,,,,,,,,,,,,,,,,,,,,,,6.59,5.12,8.12,,,,,,,,,,,,,3.21,1.62,4.74,,,,,,,,,,,
2021-03-13,,,,,,,,,,38.3,36.44,39.97,,,,,,,,,,,,,44.7,42.96,46.25,,,,,,,,,,,,,4.8,3.35,6.38,,,,,,,,,,,,,,,,,,,,,,,,,6.6,5.11,8.16,,,,,,,,,,,,,3.21,1.64,4.75,,,,,,,,,,,
2021-03-14,,,,,,,,,,38.34,36.51,40.01,,,,,,,,,,,,,44.63,42.9,46.19,,,,,,,,,,,,,4.81,3.35,6.36,,,,,,,,,,,,,,,,,,,,,,,,,6.61,5.13,8.2,,,,,,,,,,,,,3.21,1.69,4.79,,,,,,,,,,,
2021-03-15,,,,,,,,,,38.38,36.58,40.07,,,,,,,,,,,,,44.56,42.83,46.13,,,,,,,,,,,,,4.82,3.34,6.39,,,,,,,,,,,,,,,,,,,,,,,,,6.63,5.15,8.24,,,,,,,,,,,,,3.21,1.7,4.76,,,,,,,,,,,
2021-03-16,,,,,,,,,,38.42,36.66,40.13,,,,,,,,,,,,,44.5,42.8,46.04,,,,,,,,,,,,,4.84,3.34,6.36,,,,,,,,,,,,,,,,,,,,,,,,,6.64,5.16,8.25,,,,,,,,,,,,,3.2,1.72,4.74,,,,,,,,,,,
2021-03-17,,,,,,,,,,38.45,36.73,40.19,,,,,,,,,,,,,44.43,42.77,45.99,,,,,,,,,,,,,4.85,3.36,6.33,,,,,,,,,,,,,,,,,,,,,,,,,6.66,5.16,8.24,,,,,,,,,,,,,3.2,1.76,4.74,,,,,,,,,,,
2021-03-18,,,,,,,,,,38.49,36.81,40.23,,,,,,,,,,,,,44.36,42.67,45.89,,,,,,,,,,,,,4.86,3.39,6.3,,,,,,,,,,,,,,,,,,,,,,,,,6.67,5.18,8.23,,,,,,,,,,,,,3.2,1.76,4.76,,,,,,,,,,,
2021-03-19,,,,,,,,,,38.54,36.89,40.24,,,,,,,,,,,,,44.29,42.62,45.84,,,,,,,,,,,,,4.87,3.42,6.31,,,,,,,,,,,,,,,,,,,,,,,,,6.69,5.21,8.25,,,,,,,,,,,,,3.2,1.77,4.79,,,,40.0,45.0,3.0,,7.0,,,3.0
2021-03-20,,,,,,,,,,38.58,36.97,40.28,,,,,,,,,,,,,44.22,42.57,45.8,,,,,,,,,,,,,4.88,3.45,6.32,,,,,,,,,,,,,,,,,,,,,,,,,6.71,5.24,8.3,,,,,,,,,,,,,3.2,1.74,4.8,,,,,,,,,,,
2021-03-21,,,,,,,,,,38.62,37.05,40.32,,,,,,,,,,,,,44.15,42.52,45.75,,,,,,,,,,,,,4.89,3.47,6.36,,,,,,,,,,,,,,,,,,,,,,,,,6.73,5.27,8.34,,,,,,,,,,,,,3.2,1.73,4.78,,,,,,,,,,,
2021-03-22,,,,,,,,,,38.66,37.13,40.37,,,,,,,,,,,,,44.08,42.48,45.7,,,,,,,,,,,,,4.89,3.5,6.35,,,,,,,,,,,,,,,,,,,,,,,,,6.75,5.32,8.38,,,,,,,,,,,,,3.2,1.71,4.76,,,,,,,,,,,
2021-03-23,,,,,,,,,,38.7,37.21,40.44,,,,,,,,,,,,,44.01,42.42,45.62,,,,,,,,,,,,,4.9,3.53,6.36,,,,,,,,,,,,,,,,,,,,,,,,,6.76,5.36,8.42,,,,,,,,,,,,,3.2,1.72,4.73,,,,,,,,,,,
2021-03-24,,,,,,,,,,38.75,37.28,40.46,,,,,,,,,,,,,43.94,42.34,45.5,,,,,,,,,,,,,4.91,3.57,6.39,,,,,,,,,,,,,,,,,,,,,,,,,6.78,5.39,8.46,,,,,,,,,,,,,3.2,1.72,4.7,,,,,,,,,,,
2021-03-25,,,,,,,,,,38.79,37.28,40.52,,,,,,,,,,,,,43.87,42.26,45.44,,,,,,,,,,,,,4.91,3.59,6.42,,,,,,,,,,,,,,,,,,,,,,,,,6.8,5.44,8.5,,,,,,,,,,,,,3.2,1.73,4.71,,,,,,,,,,,
2021-03-26,,,,,,,,,,38.84,37.29,40.55,,,,,,,,,,,,,43.79,42.18,45.35,,,,,,,,,,,,,4.92,3.62,6.45,,,,,,,,,,,,,,,,,,,,,,,,,6.83,5.46,8.54,,,,,,,,,,,,,3.2,1.72,4.66,,,,39.0,45.0,5.0,,6.0,,,3.0
2021-03-27,,,,,,,,,,38.88,37.3,40.6,,,,,,,,,,,,,43.72,42.12,45.27,,,,,,,,,,,,,4.92,3.64,6.44,,,,,,,,,,,,,,,,,,,,,,,,,6.85,5.48,8.58,,,,,,,,,,,,,3.2,1.72,4.65,,,,,,,,,,,
2021-03-28,,,,,,,,,,38.93,37.31,40.66,,,,,,,,,,,,,43.65,42.05,45.2,,,,,,,,,,,,,4.93,3.65,6.43,,,,,,,,,,,,,,,,,,,,,,,,,6.87,5.5,8.62,,,,,,,,,,,,,3.2,1.73,4.67,,,,,,,,,,,
2021-03-29,,,,,,,,,,38.97,37.42,40.71,,,,,,,,,,,,,43.58,41.94,45.15,,,,,,,,,,,,,4.93,3.65,6.42,,,,,,,,,,,,,,,,,,,,,,,,,6.89,5.52,8.66,,,,,,,,,,,,,3.2,1.75,4.69,,,,,,,,,,,
2021-03-30,,,,,,,,,,39.02,37.51,40.73,,,,,,,,,,,,,43.51,41.87,45.1,,,,,,,,,,,,,4.93,3.64,6.43,,,,,,,,,,,,,,,,,,,,,,,,,6.91,5.55,8.7,,,,,,,,,,,,,3.2,1.76,4.7,,,,,,,,,,,
2021-03-31,,,,,,,,,,39.06,37.56,40.77,,,,,,,,,,,,,43.44,41.79,45.05,,,,,,,,,,,,,4.93,3.64,6.4,,,,,,,,,,,,,,,,,,,,,,,,,6.94,5.58,8.71,,,,,,,,,,,,,3.2,1.78,4.73,,,,,,,,,,,
2021-04-01,,,,,,,,,,39.11,37.63,40.82,,,,,,,,,,,,,43.37,41.72,45.0,,,,,,,,,,,,,4.93,3.63,6.38,,,,,,,,,,,,,,,,,,,,,,,,,6.96,5.6,8.74,,,,,,,,,,,,,3.2,1.8,4.76,,,,37.0,46.0,5.0,,6.0,,,3.0
2021-04-02,,,,,,,,,,39.16,37.67,40.86,,,,,,,,,,,,,43.3,41.64,44.95,,,,,,,,,,,,,4.93,3.62,6.39,,,,,,,,,,,,,,,,,,,,,,,,,6.98,5.61,8.77,,,,,,,,,,,,,3.19,1.81,4.78,,,,,,,,,,,
2021-04-03,,,,,,,,,,39.2,37.72,40.9,,,,,,,,,,,,,43.23,41.58,44.9,,,,,,,,,,,,,4.93,3.61,6.39,,,,,,,,,,,,,,,,,,,,,,,,,7.01,5.63,8.8,,,,,,,,,,,,,3.19,1.82,4.77,,,,,,,,,,,
2021-04-04,,,,,,,,,,39.25,37.76,40.96,,,,,,,,,,,,,43.16,41.5,44.85,,,,,,,,,,,,,4.93,3.61,6.4,,,,,,,,,,,,,,,,,,,,,,,,,7.03,5.64,8.84,,,,,,,,,,,,,3.19,1.84,4.74,,,,,,,,,,,
2021-04-05,,,,,,,,,,39.3,37.76,41.03,,,,,,,,,,,,,43.09,41.42,44.8,,,,,,,,,,,,,4.92,3.6,6.4,,,,,,,,,,,,,,,,,,,,,,,,,7.06,5.64,8.87,,,,,,,,,,,,,3.19,1.85,4.73,,,,,,,,,,,
2021-04-06,,,,,,,,,,39.34,37.8,41.1,,,,,,,,,,,,,43.02,41.34,44.75,,,,,,,,,,,,,4.92,3.59,6.39,,,,,,,,,,,,,,,,,,,,,,,,,7.08,5.65,8.9,,,,,,,,,,,,,3.19,1.86,4.73,,,,,,,,,,,
2021-04-07,,,,,,,,,,39.39,37.84,41.17,,,,,,,,,,,,,42.95,41.27,44.68,,,,,,,,,,,,,4.91,3.58,6.38,,,,,,,,,,,,,,,,,,,,,,,,,7.1,5.66,8.93,,,,,,,,,,,,,3.19,1.83,4.73,,,,,,,,,,,
2021-04-08,,,,,,,,,,39.43,37.93,41.24,,,,,,,,,,,,,42.89,41.2,44.62,,,,,,,,,,,,,4.91,3.57,6.37,,,,,,,,,,,,,,,,,,,,,,,,,7.13,5.69,8.95,,,,,,,,,,,,,3.18,1.81,4.74,,,,38.0,42.0,6.0,,6.0,,,4.0
2021-04-09,,,,,,,,,,39.48,37.98,41.3,,,,,,,,,,,,,42.82,41.12,44.56,,,,,,,,,,,,,4.9,3.56,6.35,,,,,,,,,,,,,,,,,,,,,,,,,7.15,5.72,8.97,,,,,,,,,,,,,3.18,1.79,4.73,,,,,,,,,,,
2021-04-10,,,,,,,,,,39.52,38.02,41.38,,,,,,,,,,,,,42.76,41.04,44.49,,,,,,,,,,,,,4.9,3.56,6.34,,,,,,,,,,,,,,,,,,,,,,,,,7.17,5.73,8.98,,,,,,,,,,,,,3.18,1.8,4.73,,,,,,,,,,,
2021-04-11,,,,,,,,,,39.57,38.06,41.45,,,,,,,,,,,,,42.7,40.97,44.42,,,,,,,,,,,,,4.89,3.55,6.33,,,,,,,,,,,,,,,,,,,,,,,,,7.2,5.75,8.99,,,,,,,,,,,,,3.18,1.84,4.73,,,,,,,,,,,
2021-04-12,,,,,,,,,,39.61,38.1,41.51,,,,,,,,,,,,,42.64,40.9,44.35,,,,,,,,,,,,,4.88,3.55,6.32,,,,,,,,,,,,,,,,,,,,,,,,,7.22,5.81,9.01,,,,,,,,,,,,,3.18,1.87,4.74,,,,,,,,,,,
2021-04-13,,,,,,,,,,39.65,38.14,41.55,,,,,,,,,,,,,42.57,40.82,44.28,,,,,,,,,,,,,4.88,3.54,6.3,,,,,,,,,,,,,,,,,,,,,,,,,7.24,5.86,9.02,,,,,,,,,,,,,3.18,1.87,4.75,,,,,,,,,,,
2021-04-14,,,,,,,,,,39.69,38.18,41.59,,,,,,,,,,,,,42.52,40.74,44.22,,,,,,,,,,,,,4.87,3.52,6.28,,,,,,,,,,,,,,,,,,,,,,,,,7.26,5.88,9.04,,,,,,,,,,,,,3.18,1.86,4.77,,,,37.0,40.0,6.0,,11.0,,,3.0
2021-04-15,,,,,,,,,,39.73,38.21,41.62,,,,,,,,,,,,,42.46,40.67,44.15,,,,,,,,,,,,,4.86,3.51,6.27,,,,,,,,,,,,,,,,,,,,,,,,,7.28,5.91,9.05,,,,,,,,,,,,,3.18,1.84,4.79,,,,,,,,,,,
2021-04-16,,,,,,,,,,39.77,38.25,41.65,,,,,,,,,,,,,42.4,40.6,44.08,,,,,,,,,,,,,4.86,3.5,6.27,,,,,,,,,,,,,,,,,,,,,,,,,7.3,5.94,9.06,,,,,,,,,,,,,3.18,1.82,4.81,,,,,,,,,,,
2021-04-17,,,,,,,,,,39.8,38.29,41.68,,,,,,,,,,,,,42.34,40.54,44.02,,,,,,,,,,,,,4.85,3.49,6.26,,,,,,,,,,,,,,,,,,,,,,,,,7.32,5.96,9.06,,,,,,,,,,,,,3.18,1.8,4.8,,,,,,,,,,,
2021-04-18,,,,,,,,,,39.84,38.32,41.68,,,,,,,,,,,,,42.29,40.48,43.95,,,,,,,,,,,,,4.84,3.49,6.26,,,,,,,,,,,,,,,,,,,,,,,,,7.34,5.99,9.07,,,,,,,,,,,,,3.18,1.78,4.79,,,,,,,,,,,
2021-04-19,,,,,,,,,,39.88,38.36,41.72,,,,,,,,,,,,,42.23,40.42,43.89,,,,,,,,,,,,,4.84,3.48,6.26,,,,,,,,,,,,,,,,,,,,,,,,,7.36,6.0,9.08,,,,,,,,,,,,,3.18,1.75,4.78,,,,,,,,,,,
2021-04-20,,,,,,,,,,39.91,38.39,41.75,,,,,,,,,,,,,42.18,40.36,43.83,,,,,,,,,,,,,4.83,3.48,6.26,,,,,,,,,,,,,,,,,,,,,,,,,7.38,6.02,9.09,,,,,,,,,,,,,3.18,1.74,4.77,,,,,,,,,,,
2021-04-21,,,,,,,,,,39.94,38.42,41.77,,,,,,,,,,,,,42.13,40.33,43.77,,,,,,,,,,,,,4.83,3.47,6.26,,,,,,,,,,,,,,,,,,,,,,,,,7.39,6.03,9.1,,,,,,,,,,,,,3.19,1.73,4.76,,,,,,,,,,,
2021-04-22,,,,,,,,,,39.97,38.45,41.79,,,,,,,,,,,,,42.08,40.28,43.73,,,,,,,,,,,,,4.83,3.47,6.28,,,,,,,,,,,,,,,,,,,,,,,,,7.41,6.05,9.1,,,,,,,,,,,,,3.19,1.74,4.75,,,,40.0,44.0,5.0,,5.0,,,2.0
2021-04-23,,,,,,,,,,40.0,38.49,41.8,,,,,,,,,,,,,42.02,40.23,43.67,,,,,,,,,,,,,4.82,3.46,6.28,,,,,,,,,,,,,,,,,,,,,,,,,7.42,6.06,9.11,,,,,,,,,,,,,3.19,1.75,4.75,,,,,,,,,,,
2021-04-24,,,,,,,,,,40.03,38.52,41.82,,,,,,,,,,,,,41.98,40.2,43.65,,,,,,,,,,,,,4.82,3.44,6.29,,,,,,,,,,,,,,,,,,,,,,,,,7.44,6.08,9.11,,,,,,,,,,,,,3.19,1.76,4.72,,,,,,,,,,,
2021-04-25,,,,,,,,,,40.06,38.55,41.83,,,,,,,,,,,,,41.93,40.19,43.62,,,,,,,,,,,,,4.82,3.42,6.3,,,,,,,,,,,,,,,,,,,,,,,,,7.45,6.07,9.09,,,,,,,,,,,,,3.2,1.78,4.71,,,,,,,,,,,
2021-04-26,,,,,,,,,,40.09,38.59,41.84,,,,,,,,,,,,,41.88,40.18,43.6,,,,,,,,,,,,,4.82,3.4,6.32,,,,,,,,,,,,,,,,,,,,,,,,,7.46,6.1,9.08,,,,,,,,,,,,,3.2,1.8,4.7,,,,,,,,,,,
2021-04-27,,,,,,,,,,40.12,38.62,41.86,,,,,,,,,,,,,41.83,40.13,43.57,,,,,,,,,,,,,4.82,3.4,6.33,,,,,,,,,,,,,,,,,,,,,,,,,7.47,6.11,9.07,,,,,,,,,,,,,3.2,1.81,4.68,,,,,,,,,,,
2021-04-28,,,,,,,,,,40.14,38.66,41.92,,,,,,,,,,,,,41.79,40.08,43.54,,,,,,,,,,,,,4.83,3.39,6.34,,,,,,,,,,,,,,,,,,,,,,,,,7.48,6.12,9.08,,,,,,,,,,,,,3.21,1.83,4.68,,,,35.0,45.0,4.0,,9.0,,,5.0
2021-04-29,,,,,,,,,,40.17,38.64,41.96,,,,,,,,,,,,,41.75,40.04,43.5,,,,,,,,,,,,,4.83,3.42,6.35,,,,,,,,,,,,,,,,,,,,,,,,,7.49,6.17,9.11,,,,,,,,,,,,,3.21,1.84,4.67,,,,,,,,,,,
2021-04-30,,,,,,,,,,40.19,38.64,41.98,,,,,,,,,,,,,41.7,40.0,43.46,,,,,,,,,,,,,4.83,3.41,6.37,,,,,,,,,,,,,,,,,,,,,,,,,7.5,6.21,9.09,,,,,,,,,,,,,3.21,1.86,4.69,,,,,,,,,,,
2021-05-01,,,,,,,,,,40.22,38.69,41.97,,,,,,,,,,,,,41.66,39.97,43.43,,,,,,,,,,,,,4.84,3.44,6.38,,,,,,,,,,,,,,,,,,,,,,,,,7.5,6.22,9.06,,,,,,,,,,,,,3.22,1.85,4.7,,,,,,,,,,,
2021-05-02,,,,,,,,,,40.24,38.73,41.97,,,,,,,,,,,,,41.62,39.93,43.4,,,,,,,,,,,,,4.84,3.47,6.39,,,,,,,,,,,,,,,,,,,,,,,,,7.51,6.22,9.08,,,,,,,,,,,,,3.22,1.85,4.72,,,,,,,,,,,
2021-05-03,,,,,,,,,,40.27,38.77,41.97,,,,,,,,,,,,,41.58,39.9,43.36,,,,,,,,,,,,,4.85,3.49,6.41,,,,,,,,,,,,,,,,,,,,,,,,,7.51,6.19,9.07,,,,,,,,,,,,,3.23,1.84,4.74,,,,,,,,,,,
2021-05-04,,,,,,,,,,40.29,38.78,41.97,,,,,,,,,,,,,41.54,39.87,43.33,,,,,,,,,,,,,4.86,3.52,6.42,,,,,,,,,,,,,,,,,,,,,,,,,7.52,6.16,9.07,,,,,,,,,,,,,3.23,1.83,4.76,,,,,,,,,,,
2021-05-05,,,,,,,,,,40.31,38.8,41.97,,,,,,,,,,,,,41.5,39.89,43.29,,,,,,,,,,,,,4.86,3.56,6.41,,,,,,,,,,,,,,,,,,,,,,,,,7.52,6.14,9.1,,,,,,,,,,,,,3.24,1.83,4.78,,,,39.0,40.0,6.0,,7.0,,,5.0
2021-05-06,,,,,,,,,,40.34,38.78,41.97,,,,,,,,,,,,,41.46,39.84,43.25,,,,,,,,,,,,,4.87,3.57,6.37,,,,,,,,,,,,,,,,,,,,,,,,,7.52,6.14,9.11,,,,,,,,,,,,,3.24,1.82,4.8,,,,,,,,,,,
2021-05-07,,,,,,,,,,40.36,38.79,41.97,,,,,,,,,,,,,41.43,39.8,43.21,,,,,,,,,,,,,4.88,3.57,6.34,,,,,,,,,,,,,,,,,,,,,,,,,7.52,6.14,9.11,,,,,,,,,,,,,3.25,1.82,4.83,,,,,,,,,,,
2021-05-08,,,,,,,,,,40.38,38.82,41.97,,,,,,,,,,,,,41.39,39.75,43.17,,,,,,,,,,,,,4.89,3.57,6.36,,,,,,,,,,,,,,,,,,,,,,,,,7.51,6.13,9.11,,,,,,,,,,,,,3.25,1.84,4.85,,,,,,,,,,,
2021-05-09,,,,,,,,,,40.41,38.85,41.98,,,,,,,,,,,,,41.35,39.73,43.14,,,,,,,,,,,,,4.89,3.56,6.38,,,,,,,,,,,,,,,,,,,,,,,,,7.51,6.12,9.12,,,,,,,,,,,,,3.26,1.87,4.86,,,,,,,,,,,
2021-05-10,,,,,,,,,,40.43,38.88,42.02,,,,,,,,,,,,,41.32,39.71,43.13,,,,,,,,,,,,,4.9,3.56,6.42,,,,,,,,,,,,,,,,,,,,,,,,,7.51,6.11,9.13,,,,,,,,,,,,,3.26,1.9,4.87,,,,,,,,,,,
2021-05-11,,,,,,,,,,40.46,38.89,42.02,,,,,,,,,,,,,41.28,39.69,43.12,,,,,,,,,,,,,4.91,3.55,6.45,,,,,,,,,,,,,,,,,,,,,,,,,7.5,6.08,9.14,,,,,,,,,,,,,3.27,1.91,4.88,,,,,,,,,,,
2021-05-12,,,,,,,,,,40.48,38.91,42.02,,,,,,,,,,,,,41.25,39.68,43.1,,,,,,,,,,,,,4.92,3.54,6.46,,,,,,,,,,,,,,,,,,,,,,,,,7.5,6.06,9.14,,,,,,,,,,,,,3.27,1.9,4.9,,,,43.0,39.0,5.0,,9.0,,,2.0
2021-05-13,,,,,,,,,,40.51,38.93,42.03,,,,,,,,,,,,,41.21,39.67,43.08,,,,,,,,,,,,,4.93,3.54,6.44,,,,,,,,,,,,,,,,,,,,,,,,,7.49,6.04,9.15,,,,,,,,,,,,,3.28,1.89,4.91,,,,,,,,,,,
2021-05-14,,,,,,,,,,40.53,38.95,42.03,,,,,,,,,,,,,41.18,39.64,43.04,,,,,,,,,,,,,4.94,3.53,6.46,,,,,,,,,,,,,,,,,,,,,,,,,7.48,6.01,9.15,,,,,,,,,,,,,3.28,1.88,4.93,,,,,,,,,,,
2021-05-15,,,,,,,,,,40.56,38.97,42.05,,,,,,,,,,,,,41.15,39.6,43.0,,,,,,,,,,,,,4.95,3.52,6.49,,,,,,,,,,,,,,,,,,,,,,,,,7.47,5.98,9.15,,,,,,,,,,,,,3.29,1.87,4.94,,,,,,,,,,,
2021-05-16,,,,,,,,,,40.59,38.99,42.1,,,,,,,,,,,,,41.12,39.55,42.95,,,,,,,,,,,,,4.96,3.54,6.49,,,,,,,,,,,,,,,,,,,,,,,,,7.46,5.96,9.15,,,,,,,,,,,,,3.29,1.86,4.95,,,,,,,,,,,
2021-05-17,,,,,,,,,,40.61,39.01,42.12,,,,,,,,,,,,,41.09,39.51,42.91,,,,,,,,,,,,,4.96,3.56,6.49,,,,,,,,,,,,,,,,,,,,,,,,,7.45,5.96,9.13,,,,,,,,,,,,,3.29,1.85,4.95,,,,,,,,,,,
2021-05-18,,,,,,,,,,40.64,39.04,42.15,,,,,,,,,,,,,41.05,39.49,42.87,,,,,,,,,,,,,4.97,3.55,6.48,,,,,,,,,,,,,,,,,,,,,,,,,7.44,5.92,9.11,,,,,,,,,,,,,3.3,1.84,4.94,,,,,,,,,,,
2021-05-19,,,,,,,,,,40.67,39.07,42.2,,,,,,,,,,,,,41.02,39.48,42.82,,,,,,,,,,,,,4.98,3.55,6.47,,,,,,,,,,,,,,,,,,,,,,,,,7.43,5.9,9.08,,,,,,,,,,,,,3.3,1.82,4.95,,,,,,,,,,,
2021-05-20,,,,,,,,,,40.7,39.1,42.25,,,,,,,,,,,,,41.0,39.47,42.78,,,,,,,,,,,,,4.99,3.55,6.48,,,,,,,,,,,,,,,,,,,,,,,,,7.42,5.9,9.05,,,,,,,,,,,,,3.31,1.82,4.94,,,,43.0,38.0,5.0,,8.0,,,4.0
2021-05-21,,,,,,,,,,40.73,39.13,42.29,,,,,,,,,,,,,40.97,39.45,42.73,,,,,,,,,,,,,5.0,3.55,6.48,,,,,,,,,,,,,,,,,,,,,,,,,7.41,5.91,9.01,,,,,,,,,,,,,3.31,1.82,4.93,,,,,,,,,,,
2021-05-22,,,,,,,,,,40.76,39.17,42.33,,,,,,,,,,,,,40.94,39.42,42.69,,,,,,,,,,,,,5.0,3.55,6.47,,,,,,,,,,,,,,,,,,,,,,,,,7.39,5.92,8.97,,,,,,,,,,,,,3.31,1.81,4.97,,,,,,,,,,,
2021-05-23,,,,,,,,,,40.79,39.2,42.41,,,,,,,,,,,,,40.91,39.39,42.65,,,,,,,,,,,,,5.01,3.57,6.46,,,,,,,,,,,,,,,,,,,,,,,,,7.38,5.89,8.93,,,,,,,,,,,,,3.32,1.82,4.98,,,,,,,,,,,
2021-05-24,,,,,,,,,,40.81,39.24,42.42,,,,,,,,,,,,,40.89,39.38,42.61,,,,,,,,,,,,,5.02,3.56,6.46,,,,,,,,,,,,,,,,,,,,,,,,,7.37,5.88,8.89,,,,,,,,,,,,,3.32,1.83,4.99,,,,,,,,,,,
2021-05-25,,,,,,,,,,40.84,39.28,42.46,,,,,,,,,,,,,40.86,39.34,42.56,,,,,,,,,,,,,5.02,3.57,6.46,,,,,,,,,,,,,,,,,,,,,,,,,7.35,5.88,8.88,,,,,,,,,,,,,3.32,1.84,4.99,,,,,,,,,,,
2021-05-26,,,,,,,,,,40.87,39.32,42.51,,,,,,,,,,,,,40.84,39.31,42.52,,,,,,,,,,,,,5.03,3.57,6.46,,,,,,,,,,,,,,,,,,,,,,,,,7.34,5.88,8.84,,,,,,,,,,,,,3.33,1.85,5.01,,,,,,,,,,,
2021-05-27,,,,,,,,,,40.89,39.37,42.54,,,,,,,,,,,,,40.82,39.28,42.49,,,,,,,,,,,,,5.04,3.56,6.45,,,,,,,,,,,,,,,,,,,,,,,,,7.32,5.88,8.82,,,,,,,,,,,,,3.33,1.86,4.99,,,,,,,,,,,
2021-05-28,,,,,,,,,,40.92,39.41,42.58,,,,,,,,,,,,,40.8,39.26,42.45,,,,,,,,,,,,,5.04,3.55,6.46,,,,,,,,,,,,,,,,,,,,,,,,,7.3,5.88,8.79,,,,,,,,,,,,,3.33,1.87,4.97,,,,39.0,41.0,5.0,,9.0,,,4.0
2021-05-29,,,,,,,,,,40.94,39.41,42.61,,,,,,,,,,,,,40.78,39.25,42.44,,,,,,,,,,,,,5.05,3.55,6.45,,,,,,,,,,,,,,,,,,,,,,,,,7.29,5.86,8.79,,,,,,,,,,,,,3.34,1.87,4.96,,,,,,,,,,,
2021-05-30,,,,,,,,,,40.96,39.45,42.64,,,,,,,,,,,,,40.77,39.23,42.42,,,,,,,,,,,,,5.05,3.56,6.44,,,,,,,,,,,,,,,,,,,,,,,,,7.27,5.83,8.75,,,,,,,,,,,,,3.34,1.88,4.95,,,,,,,,,,,
2021-05-31,,,,,,,,,,40.98,39.48,42.66,,,,,,,,,,,,,40.75,39.21,42.42,,,,,,,,,,,,,5.06,3.56,6.41,,,,,,,,,,,,,,,,,,,,,,,,,7.25,5.8,8.72,,,,,,,,,,,,,3.34,1.87,4.93,,,,,,,,,,,
2021-06-01,,,,,,,,,,41.0,39.5,42.68,,,,,,,,,,,,,40.74,39.18,42.41,,,,,,,,,,,,,5.07,3.56,6.39,,,,,,,,,,,,,,,,,,,,,,,,,7.23,5.8,8.69,,,,,,,,,,,,,3.34,1.86,4.92,,,,,,,,,,,
2021-06-02,,,,,,,,,,41.01,39.52,42.7,,,,,,,,,,,,,40.73,39.13,42.38,,,,,,,,,,,,,5.07,3.55,6.39,,,,,,,,,,,,,,,,,,,,,,,,,7.22,5.78,8.65,,,,,,,,,,,,,3.35,1.85,4.9,,,,,,,,,,,
2021-06-03,,,,,,,,,,41.03,39.52,42.73,,,,,,,,,,,,,40.72,39.14,42.33,,,,,,,,,,,,,5.08,3.54,6.38,,,,,,,,,,,,,,,,,,,,,,,,,7.2,5.79,8.64,,,,,,,,,,,,,3.35,1.85,4.88,,,,47.0,38.0,4.0,,8.0,,,1.0
2021-06-04,,,,,,,,,,41.04,39.5,42.75,,,,,,,,,,,,,40.71,39.12,42.31,,,,,,,,,,,,,5.08,3.55,6.38,,,,,,,,,,,,,,,,,,,,,,,,,7.18,5.79,8.65,,,,,,,,,,,,,3.35,1.85,4.85,,,,,,,,,,,
2021-06-05,,,,,,,,,,41.05,39.49,42.77,,,,,,,,,,,,,40.71,39.12,42.29,,,,,,,,,,,,,5.09,3.55,6.37,,,,,,,,,,,,,,,,,,,,,,,,,7.16,5.77,8.64,,,,,,,,,,,,,3.35,1.84,4.83,,,,,,,,,,,
2021-06-06,,,,,,,,,,41.06,39.48,42.78,,,,,,,,,,,,,40.7,39.12,42.27,,,,,,,,,,,,,5.1,3.57,6.39,,,,,,,,,,,,,,,,,,,,,,,,,7.14,5.75,8.59,,,,,,,,,,,,,3.36,1.83,4.81,,,,,,,,,,,
2021-06-07,,,,,,,,,,41.07,39.49,42.81,,,,,,,,,,,,,40.7,39.12,42.31,,,,,,,,,,,,,5.1,3.59,6.41,,,,,,,,,,,,,,,,,,,,,,,,,7.12,5.72,8.53,,,,,,,,,,,,,3.36,1.83,4.8,,,,,,,,,,,
2021-06-08,,,,,,,,,,41.08,39.5,42.81,,,,,,,,,,,,,40.7,39.11,42.3,,,,,,,,,,,,,5.11,3.6,6.43,,,,,,,,,,,,,,,,,,,,,,,,,7.11,5.7,8.49,,,,,,,,,,,,,3.36,1.84,4.79,,,,,,,,,,,
2021-06-09,,,,,,,,,,41.08,39.51,42.82,,,,,,,,,,,,,40.7,39.12,42.28,,,,,,,,,,,,,5.12,3.63,6.4,,,,,,,,,,,,,,,,,,,,,,,,,7.09,5.68,8.45,,,,,,,,,,,,,3.36,1.85,4.79,,,,,,,,,,,
2021-06-10,,,,,,,,,,41.08,39.53,42.83,,,,,,,,,,,,,40.7,39.12,42.27,,,,,,,,,,,,,5.13,3.65,6.38,,,,,,,,,,,,,,,,,,,,,,,,,7.07,5.66,8.44,,,,,,,,,,,,,3.36,1.86,4.79,,,,44.0,39.0,3.0,,10.0,,,2.0
2021-06-11,,,,,,,,,,41.08,39.54,42.82,,,,,,,,,,,,,40.7,39.13,42.22,,,,,,,,,,,,,5.14,3.64,6.36,,,,,,,,,,,,,,,,,,,,,,,,,7.05,5.64,8.42,,,,,,,,,,,,,3.36,1.89,4.79,,,,,,,,,,,
2021-06-12,,,,,,,,,,41.08,39.55,42.79,,,,,,,,,,,,,40.7,39.14,42.16,,,,,,,,,,,,,5.14,3.62,6.34,,,,,,,,,,,,,,,,,,,,,,,,,7.04,5.62,8.41,,,,,,,,,,,,,3.36,1.88,4.79,,,,,,,,,,,
2021-06-13,,,,,,,,,,41.08,39.56,42.82,,,,,,,,,,,,,40.7,39.14,42.15,,,,,,,,,,,,,5.15,3.63,6.33,,,,,,,,,,,,,,,,,,,,,,,,,7.02,5.61,8.41,,,,,,,,,,,,,3.37,1.89,4.78,,,,,,,,,,,
2021-06-14,,,,,,,,,,41.07,39.58,42.83,,,,,,,,,,,,,40.71,39.12,42.15,,,,,,,,,,,,,5.16,3.67,6.34,,,,,,,,,,,,,,,,,,,,,,,,,7.0,5.59,8.41,,,,,,,,,,,,,3.37,1.88,4.78,,,,,,,,,,,
2021-06-15,,,,,,,,,,41.07,39.59,42.83,,,,,,,,,,,,,40.71,39.12,42.14,,,,,,,,,,,,,5.17,3.7,6.35,,,,,,,,,,,,,,,,,,,,,,,,,6.99,5.58,8.4,,,,,,,,,,,,,3.37,1.89,4.78,,,,,,,,,,,
2021-06-16,,,,,,,,,,41.06,39.6,42.82,,,,,,,,,,,,,40.72,39.12,42.11,,,,,,,,,,,,,5.18,3.71,6.35,,,,,,,,,,,,,,,,,,,,,,,,,6.97,5.57,8.4,,,,,,,,,,,,,3.37,1.93,4.75,,,,,,,,,,,
2021-06-17,,,,,,,,,,41.04,39.61,42.82,,,,,,,,,,,,,40.73,39.11,42.09,,,,,,,,,,,,,5.19,3.74,6.36,,,,,,,,,,,,,,,,,,,,,,,,,6.96,5.57,8.38,,,,,,,,,,,,,3.37,1.95,4.71,,,,43.0,43.0,3.0,,5.0,,,3.0
2021-06-18,,,,,,,,,,41.03,39.63,42.81,,,,,,,,,,,,,40.73,39.11,42.12,,,,,,,,,,,,,5.2,3.75,6.39,,,,,,,,,,,,,,,,,,,,,,,,,6.94,5.56,8.36,,,,,,,,,,,,,3.37,2.02,4.67,,,,,,,,,,,
2021-06-19,,,,,,,,,,41.02,39.63,42.79,,,,,,,,,,,,,40.74,39.15,42.11,,,,,,,,,,,,,5.21,3.77,6.4,,,,,,,,,,,,,,,,,,,,,,,,,6.93,5.55,8.35,,,,,,,,,,,,,3.37,2.04,4.65,,,,,,,,,,,
2021-06-20,,,,,,,,,,41.0,39.63,42.77,,,,,,,,,,,,,40.75,39.19,42.09,,,,,,,,,,,,,5.22,3.77,6.42,,,,,,,,,,,,,,,,,,,,,,,,,6.92,5.55,8.36,,,,,,,,,,,,,3.38,2.04,4.67,,,,,,,,,,,
2021-06-21,,,,,,,,,,40.98,39.64,42.75,,,,,,,,,,,,,40.76,39.22,42.08,,,,,,,,,,,,,5.23,3.78,6.44,,,,,,,,,,,,,,,,,,,,,,,,,6.91,5.54,8.37,,,,,,,,,,,,,3.38,2.04,4.69,,,,,,,,,,,
2021-06-22,,,,,,,,,,40.95,39.64,42.7,,,,,,,,,,,,,40.77,39.23,42.12,,,,,,,,,,,,,5.25,3.76,6.47,,,,,,,,,,,,,,,,,,,,,,,,,6.9,5.53,8.36,,,,,,,,,,,,,3.38,2.05,4.7,,,,,,,,,,,
2021-06-23,,,,,,,,,,40.93,39.6,42.7,,,,,,,,,,,,,40.78,39.23,42.12,,,,,,,,,,,,,5.26,3.74,6.49,,,,,,,,,,,,,,,,,,,,,,,,,6.89,5.5,8.35,,,,,,,,,,,,,3.39,2.05,4.7,,,,,,,,,,,
2021-06-24,,,,,,,,,,40.9,39.56,42.67,,,,,,,,,,,,,40.79,39.22,42.12,,,,,,,,,,,,,5.27,3.79,6.51,,,,,,,,,,,,,,,,,,,,,,,,,6.88,5.44,8.33,,,,,,,,,,,,,3.39,2.06,4.69,,,,39.0,40.0,5.0,,7.0,,,6.0
2021-06-25,,,,,,,,,,40.87,39.49,42.64,,,,,,,,,,,,,40.81,39.23,42.15,,,,,,,,,,,,,5.28,3.81,6.5,,,,,,,,,,,,,,,,,,,,,,,,,6.87,5.42,8.32,,,,,,,,,,,,,3.39,2.08,4.69,,,,,,,,,,,
2021-06-26,,,,,,,,,,40.83,39.42,42.6,,,,,,,,,,,,,40.82,39.23,42.19,,,,,,,,,,,,,5.29,3.85,6.55,,,,,,,,,,,,,,,,,,,,,,,,,6.87,5.39,8.3,,,,,,,,,,,,,3.4,2.08,4.71,,,,,,,,,,,
2021-06-27,,,,,,,,,,40.8,39.35,42.56,,,,,,,,,,,,,40.84,39.24,42.24,,,,,,,,,,,,,5.31,3.86,6.57,,,,,,,,,,,,,,,,,,,,,,,,,6.86,5.37,8.29,,,,,,,,,,,,,3.4,2.09,4.72,,,,,,,,,,,
2021-06-28,,,,,,,,,,40.76,39.28,42.52,,,,,,,,,,,,,40.85,39.25,42.26,,,,,,,,,,,,,5.32,3.83,6.59,,,,,,,,,,,,,,,,,,,,,,,,,6.86,5.35,8.27,,,,,,,,,,,,,3.41,2.1,4.75,,,,,,,,,,,
2021-06-29,,,,,,,,,,40.71,39.2,42.47,,,,,,,,,,,,,40.87,39.23,42.27,,,,,,,,,,,,,5.33,3.86,6.62,,,,,,,,,,,,,,,,,,,,,,,,,6.85,5.36,8.25,,,,,,,,,,,,,3.42,2.1,4.75,,,,,,,,,,,
2021-06-30,,,,,,,,,,40.66,39.13,42.42,,,,,,,,,,,,,40.89,39.24,42.29,,,,,,,,,,,,,5.34,3.86,6.64,,,,,,,,,,,,,,,,,,,,,,,,,6.85,5.34,8.27,,,,,,,,,,,,,3.42,2.08,4.77,,,,41.0,41.0,9.0,,5.0,,,3.0
2021-07-01,,,,,,,,,,40.61,39.06,42.37,,,,,,,,,,,,,40.92,39.22,42.31,,,,,,,,,,,,,5.36,3.89,6.66,,,,,,,,,,,,,,,,,,,,,,,,,6.85,5.34,8.28,,,,,,,,,,,,,3.43,2.06,4.78,,,,,,,,,,,
2021-07-02,,,,,,,,,,40.56,38.98,42.31,,,,,,,,,,,,,40.94,39.28,42.31,,,,,,,,,,,,,5.37,3.91,6.68,,,,,,,,,,,,,,,,,,,,,,,,,6.85,5.33,8.28,,,,,,,,,,,,,3.44,2.07,4.78,,,,,,,,,,,
2021-07-03,,,,,,,,,,40.5,38.91,42.29,,,,,,,,,,,,,40.97,39.31,42.34,,,,,,,,,,,,,5.38,3.92,6.71,,,,,,,,,,,,,,,,,,,,,,,,,6.84,5.33,8.28,,,,,,,,,,,,,3.45,2.09,4.77,,,,,,,,,,,
2021-07-04,,,,,,,,,,40.44,38.89,42.26,,,,,,,,,,,,,41.0,39.33,42.37,,,,,,,,,,,,,5.4,3.92,6.75,,,,,,,,,,,,,,,,,,,,,,,,,6.84,5.33,8.29,,,,,,,,,,,,,3.45,2.09,4.76,,,,,,,,,,,
2021-07-05,,,,,,,,,,40.38,38.83,42.22,,,,,,,,,,,,,41.03,39.36,42.4,,,,,,,,,,,,,5.41,3.91,6.8,,,,,,,,,,,,,,,,,,,,,,,,,6.84,5.33,8.33,,,,,,,,,,,,,3.46,2.11,4.76,,,,,,,,,,,
2021-07-06,,,,,,,,,,40.31,38.75,42.13,,,,,,,,,,,,,41.06,39.38,42.46,,,,,,,,,,,,,5.42,3.94,6.81,,,,,,,,,,,,,,,,,,,,,,,,,6.84,5.31,8.38,,,,,,,,,,,,,3.47,2.12,4.76,,,,,,,,,,,
2021-07-07,,,,,,,,,,40.24,38.67,42.02,,,,,,,,,,,,,41.1,39.42,42.52,,,,,,,,,,,,,5.44,3.95,6.8,,,,,,,,,,,,,,,,,,,,,,,,,6.85,5.31,8.4,,,,,,,,,,,,,3.48,2.14,4.75,,,,,,,,,,,
2021-07-08,,,,,,,,,,40.17,38.57,41.92,,,,,,,,,,,,,41.13,39.45,42.57,,,,,,,,,,,,,5.45,3.96,6.82,,,,,,,,,,,,,,,,,,,,,,,,,6.85,5.33,8.39,,,,,,,,,,,,,3.49,2.13,4.79,,,,44.0,39.0,7.0,,4.0,,,2.0
2021-07-09,,,,,,,,,,40.1,38.45,41.84,,,,,,,,,,,,,41.17,39.5,42.63,,,,,,,,,,,,,5.47,3.98,6.84,,,,,,,,,,,,,,,,,,,,,,,,,6.85,5.35,8.41,,,,,,,,,,,,,3.5,2.13,4.83,,,,,,,,,,,
2021-07-10,,,,,,,,,,40.02,38.35,41.78,,,,,,,,,,,,,41.21,39.54,42.69,,,,,,,,,,,,,5.48,4.02,6.87,,,,,,,,,,,,,,,,,,,,,,,,,6.85,5.37,8.45,,,,,,,,,,,,,3.52,2.12,4.86,,,,,,,,,,,
2021-07-11,,,,,,,,,,39.94,38.29,41.73,,,,,,,,,,,,,41.26,39.58,42.77,,,,,,,,,,,,,5.5,4.06,6.89,,,,,,,,,,,,,,,,,,,,,,,,,6.85,5.4,8.45,,,,,,,,,,,,,3.53,2.16,4.9,,,,,,,,,,,
2021-07-12,,,,,,,,,,39.86,38.2,41.68,,,,,,,,,,,,,41.3,39.63,42.81,,,,,,,,,,,,,5.51,4.05,6.94,,,,,,,,,,,,,,,,,,,,,,,,,6.85,5.4,8.48,,,,,,,,,,,,,3.54,2.18,4.94,,,,,,,,,,,
2021-07-13,,,,,,,,,,39.78,38.14,41.61,,,,,,,,,,,,,41.34,39.68,42.9,,,,,,,,,,,,,5.53,4.07,6.97,,,,,,,,,,,,,,,,,,,,,,,,,6.86,5.4,8.52,,,,,,,,,,,,,3.55,2.15,4.99,,,,,,,,,,,
2021-07-14,,,,,,,,,,39.69,38.09,41.46,,,,,,,,,,,,,41.39,39.76,42.98,,,,,,,,,,,,,5.54,4.08,6.98,,,,,,,,,,,,,,,,,,,,,,,,,6.86,5.39,8.57,,,,,,,,,,,,,3.56,2.19,5.04,,,,,,,,,,,
2021-07-15,,,,,,,,,,39.61,37.99,41.32,,,,,,,,,,,,,41.44,39.79,43.07,,,,,,,,,,,,,5.56,4.1,7.02,,,,,,,,,,,,,,,,,,,,,,,,,6.86,5.39,8.61,,,,,,,,,,,,,3.58,2.21,5.07,,,,,,,,,,,
2021-07-16,,,,,,,,,,39.52,37.89,41.24,,,,,,,,,,,,,41.48,39.84,43.16,,,,,,,,,,,,,5.58,4.12,7.07,,,,,,,,,,,,,,,,,,,,,,,,,6.87,5.43,8.64,,,,,,,,,,,,,3.59,2.22,5.1,,,,42.0,40.0,4.0,,5.0,,,5.0
2021-07-17,,,,,,,,,,39.43,37.76,41.12,,,,,,,,,,,,,41.53,39.89,43.24,,,,,,,,,,,,,5.59,4.15,7.08,,,,,,,,,,,,,,,,,,,,,,,,,6.87,5.47,8.65,,,,,,,,,,,,,3.6,2.25,5.12,,,,,,,,,,,
2021-07-18,,,,,,,,,,39.34,37.63,41.05,,,,,,,,,,,,,41.58,39.95,43.33,,,,,,,,,,,,,5.61,4.17,7.09,,,,,,,,,,,,,,,,,,,,,,,,,6.87,5.46,8.66,,,,,,,,,,,,,3.62,2.26,5.16,,,,,,,,,,,
2021-07-19,,,,,,,,,,39.25,37.52,41.01,,,,,,,,,,,,,41.62,40.02,43.39,,,,,,,,,,,,,5.63,4.2,7.1,,,,,,,,,,,,,,,,,,,,,,,,,6.88,5.43,8.67,,,,,,,,,,,,,3.63,2.27,5.2,,,,,,,,,,,
2021-07-20,,,,,,,,,,39.16,37.45,40.94,,,,,,,,,,,,,41.67,40.08,43.46,,,,,,,,,,,,,5.65,4.22,7.14,,,,,,,,,,,,,,,,,,,,,,,,,6.88,5.39,8.67,,,,,,,,,,,,,3.64,2.28,5.23,,,,,,,,,,,
2021-07-21,,,,,,,,,,39.07,37.39,40.86,,,,,,,,,,,,,41.72,40.14,43.53,,,,,,,,,,,,,5.66,4.23,7.17,,,,,,,,,,,,,,,,,,,,,,,,,6.89,5.38,8.68,,,,,,,,,,,,,3.66,2.29,5.26,,,,37.0,44.0,6.0,,7.0,,,3.0
2021-07-22,,,,,,,,,,38.97,37.27,40.78,,,,,,,,,,,,,41.76,40.2,43.59,,,,,,,,,,,,,5.68,4.21,7.19,,,,,,,,,,,,,,,,,,,,,,,,,6.9,5.38,8.69,,,,,,,,,,,,,3.67,2.29,5.29,,,,,,,,,,,
2021-07-23,,,,,,,,,,38.88,37.15,40.71,,,,,,,,,,,,,41.81,40.26,43.65,,,,,,,,,,,,,5.7,4.22,7.21,,,,,,,,,,,,,,,,,,,,,,,,,6.9,5.39,8.69,,,,,,,,,,,,,3.68,2.3,5.31,,,,,,,,,,,
2021-07-24,,,,,,,,,,38.79,37.06,40.63,,,,,,,,,,,,,41.85,40.32,43.7,,,,,,,,,,,,,5.71,4.22,7.23,,,,,,,,,,,,,,,,,,,,,,,,,6.91,5.41,8.7,,,,,,,,,,,,,3.7,2.31,5.33,,,,,,,,,,,
2021-07-25,,,,,,,,,,38.7,37.0,40.56,,,,,,,,,,,,,41.89,40.38,43.72,,,,,,,,,,,,,5.73,4.24,7.25,,,,,,,,,,,,,,,,,,,,,,,,,6.92,5.47,8.7,,,,,,,,,,,,,3.71,2.31,5.35,,,,,,,,,,,
2021-07-26,,,,,,,,,,38.61,36.89,40.49,,,,,,,,,,,,,41.93,40.44,43.76,,,,,,,,,,,,,5.75,4.26,7.26,,,,,,,,,,,,,,,,,,,,,,,,,6.93,5.48,8.72,,,,,,,,,,,,,3.72,2.32,5.37,,,,,,,,,,,
2021-07-27,,,,,,,,,,38.52,36.79,40.41,,,,,,,,,,,,,41.97,40.5,43.8,,,,,,,,,,,,,5.76,4.27,7.27,,,,,,,,,,,,,,,,,,,,,,,,,6.94,5.5,8.74,,,,,,,,,,,,,3.74,2.36,5.39,,,,,,,,,,,
2021-07-28,,,,,,,,,,38.43,36.68,40.35,,,,,,,,,,,,,42.01,40.55,43.83,,,,,,,,,,,,,5.78,4.29,7.27,,,,,,,,,,,,,,,,,,,,,,,,,6.95,5.51,8.73,,,,,,,,,,,,,3.75,2.39,5.42,,,,,,,,,,,
2021-07-29,,,,,,,,,,38.34,36.57,40.24,,,,,,,,,,,,,42.05,40.62,43.87,,,,,,,,,,,,,5.8,4.33,7.28,,,,,,,,,,,,,,,,,,,,,,,,,6.96,5.55,8.75,,,,,,,,,,,,,3.76,2.41,5.43,,,,39.0,43.0,5.0,,6.0,,,4.0
2021-07-30,,,,,,,,,,38.25,36.51,40.12,,,,,,,,,,,,,42.09,40.66,43.9,,,,,,,,,,,,,5.81,4.34,7.28,,,,,,,,,,,,,,,,,,,,,,,,,6.98,5.6,8.76,,,,,,,,,,,,,3.77,2.4,5.45,,,,,,,,,,,
2021-07-31,,,,,,,,,,38.16,36.41,40.04,,,,,,,,,,,,,42.12,40.69,43.94,,,,,,,,,,,,,5.82,4.37,7.3,,,,,,,,,,,,,,,,,,,,,,,,,6.99,5.62,8.78,,,,,,,,,,,,,3.79,2.37,5.46,,,,,,,,,,,
2021-08-01,,,,,,,,,,38.07,36.34,39.95,,,,,,,,,,,,,42.15,40.72,43.99,,,,,,,,,,,,,5.84,4.39,7.33,,,,,,,,,,,,,,,,,,,,,,,,,7.01,5.62,8.79,,,,,,,,,,,,,3.8,2.38,5.43,,,,,,,,,,,
2021-08-02,,,,,,,,,,37.99,36.28,39.89,,,,,,,,,,,,,42.19,40.72,44.07,,,,,,,,,,,,,5.85,4.42,7.35,,,,,,,,,,,,,,,,,,,,,,,,,7.02,5.61,8.81,,,,,,,,,,,,,3.81,2.44,5.45,,,,,,,,,,,
2021-08-03,,,,,,,,,,37.9,36.2,39.83,,,,,,,,,,,,,42.22,40.73,44.13,,,,,,,,,,,,,5.86,4.44,7.38,,,,,,,,,,,,,,,,,,,,,,,,,7.04,5.61,8.82,,,,,,,,,,,,,3.82,2.44,5.46,,,,,,,,,,,
2021-08-04,,,,,,,,,,37.82,36.1,39.77,,,,,,,,,,,,,42.24,40.76,44.16,,,,,,,,,,,,,5.88,4.46,7.38,,,,,,,,,,,,,,,,,,,,,,,,,7.06,5.62,8.84,,,,,,,,,,,,,3.83,2.45,5.47,,,,,,,,,,,
2021-08-05,,,,,,,,,,37.74,36.02,39.71,,,,,,,,,,,,,42.27,40.79,44.18,,,,,,,,,,,,,5.89,4.46,7.36,,,,,,,,,,,,,,,,,,,,,,,,,7.08,5.62,8.85,,,,,,,,,,,,,3.84,2.45,5.48,,,,,,,,,,,
2021-08-06,,,,,,,,,,37.66,35.92,39.65,,,,,,,,,,,,,42.3,40.82,44.2,,,,,,,,,,,,,5.9,4.45,7.34,,,,,,,,,,,,,,,,,,,,,,,,,7.1,5.62,8.86,,,,,,,,,,,,,3.85,2.45,5.49,,,,35.0,45.0,6.0,,5.0,,,4.0
2021-08-07,,,,,,,,,,37.58,35.82,39.58,,,,,,,,,,,,,42.32,40.85,44.24,,,,,,,,,,,,,5.91,4.47,7.32,,,,,,,,,,,,,,,,,,,,,,,,,7.12,5.63,8.88,,,,,,,,,,,,,3.86,2.46,5.5,,,,,,,,,,,
2021-08-08,,,,,,,,,,37.5,35.72,39.52,,,,,,,,,,,,,42.34,40.88,44.28,,,,,,,,,,,,,5.91,4.45,7.37,,,,,,,,,,,,,,,,,,,,,,,,,7.15,5.65,8.89,,,,,,,,,,,,,3.87,2.49,5.51,,,,,,,,,,,
2021-08-09,,,,,,,,,,37.43,35.62,39.44,,,,,,,,,,,,,42.36,40.9,44.29,,,,,,,,,,,,,5.92,4.46,7.42,,,,,,,,,,,,,,,,,,,,,,,,,7.17,5.66,8.93,,,,,,,,,,,,,3.87,2.5,5.48,,,,,,,,,,,
2021-08-10,,,,,,,,,,37.35,35.53,39.39,,,,,,,,,,,,,42.38,40.93,44.3,,,,,,,,,,,,,5.93,4.47,7.44,,,,,,,,,,,,,,,,,,,,,,,,,7.2,5.67,8.98,,,,,,,,,,,,,3.88,2.5,5.46,,,,,,,,,,,
2021-08-11,,,,,,,,,,37.28,35.44,39.29,,,,,,,,,,,,,42.4,40.94,44.32,,,,,,,,,,,,,5.93,4.47,7.45,,,,,,,,,,,,,,,,,,,,,,,,,7.23,5.69,9.03,,,,,,,,,,,,,3.89,2.5,5.43,,,,,,,,,,,
2021-08-12,,,,,,,,,,37.21,35.37,39.17,,,,,,,,,,,,,42.42,40.93,44.33,,,,,,,,,,,,,5.94,4.46,7.44,,,,,,,,,,,,,,,,,,,,,,,,,7.26,5.72,9.07,,,,,,,,,,,,,3.89,2.48,5.41,,,,36.0,43.0,7.0,,7.0,,,3.0
2021-08-13,,,,,,,,,,37.14,35.31,39.06,,,,,,,,,,,,,42.43,40.93,44.35,,,,,,,,,,,,,5.94,4.45,7.44,,,,,,,,,,,,,,,,,,,,,,,,,7.29,5.74,9.12,,,,,,,,,,,,,3.9,2.47,5.37,,,,,,,,,,,
2021-08-14,,,,,,,,,,37.07,35.26,38.99,,,,,,,,,,,,,42.45,40.93,44.36,,,,,,,,,,,,,5.94,4.45,7.44,,,,,,,,,,,,,,,,,,,,,,,,,7.32,5.76,9.15,,,,,,,,,,,,,3.91,2.48,5.34,,,,,,,,,,,
2021-08-15,,,,,,,,,,37.01,35.21,38.93,,,,,,,,,,,,,42.46,40.92,44.37,,,,,,,,,,,,,5.95,4.44,7.44,,,,,,,,,,,,,,,,,,,,,,,,,7.35,5.79,9.16,,,,,,,,,,,,,3.91,2.49,5.3,,,,,,,,,,,
2021-08-16,,,,,,,,,,36.94,35.13,38.87,,,,,,,,,,,,,42.47,40.91,44.38,,,,,,,,,,,,,5.95,4.44,7.44,,,,,,,,,,,,,,,,,,,,,,,,,7.39,5.82,9.16,,,,,,,,,,,,,3.92,2.5,5.32,,,,,,,,,,,
2021-08-17,,,,,,,,,,36.88,35.08,38.8,,,,,,,,,,,,,42.48,40.9,44.39,,,,,,,,,,,,,5.95,4.45,7.44,,,,,,,,,,,,,,,,,,,,,,,,,7.42,5.85,9.15,,,,,,,,,,,,,3.92,2.51,5.34,,,,,,,,,,,
2021-08-18,,,,,,,,,,36.82,35.03,38.72,,,,,,,,,,,,,42.49,40.88,44.4,,,,,,,,,,,,,5.95,4.45,7.43,,,,,,,,,,,,,,,,,,,,,,,,,7.46,5.87,9.15,,,,,,,,,,,,,3.92,2.53,5.35,,,,40.0,37.0,8.0,,10.0,,,3.0
2021-08-19,,,,,,,,,,36.76,35.0,38.68,,,,,,,,,,,,,42.49,40.87,44.41,,,,,,,,,,,,,5.94,4.45,7.43,,,,,,,,,,,,,,,,,,,,,,,,,7.49,5.91,9.16,,,,,,,,,,,,,3.93,2.54,5.35,,,,,,,,,,,
2021-08-20,,,,,,,,,,36.71,34.94,38.65,,,,,,,,,,,,,42.5,40.86,44.41,,,,,,,,,,,,,5.94,4.46,7.45,,,,,,,,,,,,,,,,,,,,,,,,,7.53,5.95,9.19,,,,,,,,,,,,,3.93,2.55,5.36,,,,,,,,,,,
2021-08-21,,,,,,,,,,36.65,34.9,38.62,,,,,,,,,,,,,42.5,40.87,44.41,,,,,,,,,,,,,5.94,4.46,7.47,,,,,,,,,,,,,,,,,,,,,,,,,7.57,5.99,9.2,,,,,,,,,,,,,3.93,2.56,5.37,,,,,,,,,,,
2021-08-22,,,,,,,,,,36.6,34.86,38.57,,,,,,,,,,,,,42.51,40.89,44.4,,,,,,,,,,,,,5.94,4.46,7.49,,,,,,,,,,,,,,,,,,,,,,,,,7.61,6.03,9.22,,,,,,,,,,,,,3.93,2.57,5.36,,,,,,,,,,,
2021-08-23,,,,,,,,,,36.55,34.82,38.53,,,,,,,,,,,,,42.51,40.91,44.4,,,,,,,,,,,,,5.93,4.46,7.51,,,,,,,,,,,,,,,,,,,,,,,,,7.65,6.05,9.23,,,,,,,,,,,,,3.94,2.58,5.37,,,,,,,,,,,
2021-08-24,,,,,,,,,,36.5,34.79,38.49,,,,,,,,,,,,,42.51,40.92,44.4,,,,,,,,,,,,,5.93,4.46,7.53,,,,,,,,,,,,,,,,,,,,,,,,,7.7,6.08,9.24,,,,,,,,,,,,,3.94,2.56,5.37,,,,,,,,,,,
2021-08-25,,,,,,,,,,36.45,34.75,38.44,,,,,,,,,,,,,42.51,40.94,44.43,,,,,,,,,,,,,5.92,4.46,7.52,,,,,,,,,,,,,,,,,,,,,,,,,7.74,6.13,9.27,,,,,,,,,,,,,3.94,2.54,5.37,,,,,,,,,,,
2021-08-26,,,,,,,,,,36.4,34.72,38.39,,,,,,,,,,,,,42.51,40.95,44.44,,,,,,,,,,,,,5.91,4.46,7.5,,,,,,,,,,,,,,,,,,,,,,,,,7.78,6.2,9.3,,,,,,,,,,,,,3.94,2.56,5.38,,,,37.0,42.0,4.0,,8.0,,,6.0
2021-08-27,,,,,,,,,,36.35,34.68,38.32,,,,,,,,,,,,,42.51,40.96,44.41,,,,,,,,,,,,,5.91,4.46,7.48,,,,,,,,,,,,,,,,,,,,,,,,,7.83,6.26,9.32,,,,,,,,,,,,,3.95,2.59,5.4,,,,,,,,,,,
2021-08-28,,,,,,,,,,36.3,34.65,38.25,,,,,,,,,,,,,42.51,40.96,44.4,,,,,,,,,,,,,5.9,4.46,7.47,,,,,,,,,,,,,,,,,,,,,,,,,7.87,6.33,9.35,,,,,,,,,,,,,3.95,2.61,5.45,,,,,,,,,,,
2021-08-29,,,,,,,,,,36.26,34.61,38.18,,,,,,,,,,,,,42.51,40.97,44.4,,,,,,,,,,,,,5.89,4.44,7.47,,,,,,,,,,,,,,,,,,,,,,,,,7.91,6.4,9.39,,,,,,,,,,,,,3.95,2.61,5.45,,,,,,,,,,,
2021-08-30,,,,,,,,,,36.21,34.58,38.1,,,,,,,,,,,,,42.51,40.97,44.38,,,,,,,,,,,,,5.89,4.41,7.47,,,,,,,,,,,,,,,,,,,,,,,,,7.96,6.43,9.43,,,,,,,,,,,,,3.96,2.61,5.44,,,,,,,,,,,
2021-08-31,,,,,,,,,,36.16,34.55,38.03,,,,,,,,,,,,,42.51,40.98,44.36,,,,,,,,,,,,,5.88,4.39,7.48,,,,,,,,,,,,,,,,,,,,,,,,,8.0,6.47,9.47,,,,,,,,,,,,,3.96,2.63,5.41,,,,,,,,,,,
2021-09-01,,,,,,,,,,36.12,34.52,37.96,,,,,,,,,,,,,42.51,40.99,44.34,,,,,,,,,,,,,5.87,4.36,7.49,,,,,,,,,,,,,,,,,,,,,,,,,8.05,6.54,9.52,,,,,,,,,,,,,3.97,2.66,5.39,,,,,,,,,,,
2021-09-02,,,,,,,,,,36.07,34.49,37.88,,,,,,,,,,,,,42.51,40.98,44.36,,,,,,,,,,,,,5.87,4.34,7.46,,,,,,,,,,,,,,,,,,,,,,,,,8.1,6.61,9.52,,,,,,,,,,,,,3.97,2.68,5.4,,,,,,,,,,,
2021-09-03,,,,,,,,,,36.02,34.47,37.8,,,,,,,,,,,,,42.51,40.97,44.33,,,,,,,,,,,,,5.86,4.34,7.46,,,,,,,,,,,,,,,,,,,,,,,,,8.14,6.67,9.58,,,,,,,,,,,,,3.98,2.7,5.41,,,,31.0,44.0,6.0,,12.0,,,4.0
2021-09-04,,,,,,,,,,35.98,34.44,37.73,,,,,,,,,,,,,42.51,40.96,44.32,,,,,,,,,,,,,5.85,4.32,7.43,,,,,,,,,,,,,,,,,,,,,,,,,8.19,6.73,9.65,,,,,,,,,,,,,3.98,2.73,5.41,,,,,,,,,,,
2021-09-05,,,,,,,,,,35.93,34.39,37.66,,,,,,,,,,,,,42.51,40.95,44.27,,,,,,,,,,,,,5.85,4.3,7.38,,,,,,,,,,,,,,,,,,,,,,,,,8.23,6.8,9.72,,,,,,,,,,,,,3.99,2.7,5.42,,,,,,,,,,,
2021-09-06,,,,,,,,,,35.88,34.33,37.59,,,,,,,,,,,,,42.51,40.95,44.25,,,,,,,,,,,,,5.84,4.31,7.34,,,,,,,,,,,,,,,,,,,,,,,,,8.28,6.87,9.79,,,,,,,,,,,,,3.99,2.65,5.42,,,,,,,,,,,
2021-09-07,,,,,,,,,,35.83,34.29,37.51,,,,,,,,,,,,,42.51,40.94,44.26,,,,,,,,,,,,,5.84,4.33,7.29,,,,,,,,,,,,,,,,,,,,,,,,,8.33,6.92,9.85,,,,,,,,,,,,,4.0,2.68,5.42,,,,,,,,,,,
2021-09-08,,,,,,,,,,35.79,34.25,37.41,,,,,,,,,,,,,42.51,40.93,44.27,,,,,,,,,,,,,5.83,4.34,7.26,,,,,,,,,,,,,,,,,,,,,,,,,8.37,6.97,9.91,,,,,,,,,,,,,4.0,2.67,5.42,,,,,,,,,,,
2021-09-09,,,,,,,,,,35.74,34.19,37.34,,,,,,,,,,,,,42.51,40.93,44.28,,,,,,,,,,,,,5.83,4.35,7.25,,,,,,,,,,,,,,,,,,,,,,,,,8.42,7.0,9.93,,,,,,,,,,,,,4.01,2.65,5.42,,,,29.0,49.0,6.0,,8.0,,,6.0
2021-09-10,,,,,,,,,,35.69,34.14,37.26,,,,,,,,,,,,,42.52,40.92,44.29,,,,,,,,,,,,,5.82,4.37,7.27,,,,,,,,,,,,,,,,,,,,,,,,,8.46,7.06,9.94,,,,,,,,,,,,,4.02,2.64,5.43,,,,,,,,,,,
2021-09-11,,,,,,,,,,35.64,34.08,37.17,,,,,,,,,,,,,42.52,40.93,44.3,,,,,,,,,,,,,5.82,4.39,7.27,,,,,,,,,,,,,,,,,,,,,,,,,8.51,7.11,10.0,,,,,,,,,,,,,4.02,2.68,5.42,,,,,,,,,,,
2021-09-12,,,,,,,,,,35.59,34.02,37.09,,,,,,,,,,,,,42.52,40.92,44.32,,,,,,,,,,,,,5.81,4.36,7.24,,,,,,,,,,,,,,,,,,,,,,,,,8.56,7.16,10.09,,,,,,,,,,,,,4.03,2.71,5.4,,,,,,,,,,,
2021-09-13,,,,,,,,,,35.54,33.99,37.06,,,,,,,,,,,,,42.53,40.92,44.33,,,,,,,,,,,,,5.81,4.38,7.21,,,,,,,,,,,,,,,,,,,,,,,,,8.6,7.21,10.14,,,,,,,,,,,,,4.04,2.73,5.37,,,,,,,,,,,
2021-09-14,,,,,,,,,,35.5,33.92,36.99,,,,,,,,,,,,,42.53,40.92,44.35,,,,,,,,,,,,,5.81,4.42,7.2,,,,,,,,,,,,,,,,,,,,,,,,,8.65,7.25,10.16,,,,,,,,,,,,,4.04,2.74,5.37,,,,,,,,,,,
2021-09-15,,,,,,,,,,35.45,33.87,36.92,,,,,,,,,,,,,42.54,40.93,44.36,,,,,,,,,,,,,5.8,4.45,7.16,,,,,,,,,,,,,,,,,,,,,,,,,8.69,7.3,10.17,,,,,,,,,,,,,4.05,2.75,5.39,,,,,,,,,,,
2021-09-16,,,,,,,,,,35.4,33.82,36.86,,,,,,,,,,,,,42.55,40.94,44.38,,,,,,,,,,,,,5.8,4.46,7.13,,,,,,,,,,,,,,,,,,,,,,,,,8.73,7.33,10.23,,,,,,,,,,,,,4.06,2.76,5.4,,,,34.0,48.0,6.0,,6.0,,,3.0
2021-09-17,,,,,,,,,,35.35,33.79,36.84,,,,,,,,,,,,,42.55,40.94,44.4,,,,,,,,,,,,,5.8,4.46,7.08,,,,,,,,,,,,,,,,,,,,,,,,,8.77,7.38,10.3,,,,,,,,,,,,,4.07,2.77,5.42,,,,,,,,,,,
2021-09-18,,,,,,,,,,35.3,33.74,36.81,,,,,,,,,,,,,42.56,40.95,44.41,,,,,,,,,,,,,5.79,4.45,7.07,,,,,,,,,,,,,,,,,,,,,,,,,8.82,7.43,10.35,,,,,,,,,,,,,4.07,2.8,5.42,,,,,,,,,,,
2021-09-19,,,,,,,,,,35.26,33.72,36.79,,,,,,,,,,,,,42.57,40.96,44.38,,,,,,,,,,,,,5.79,4.47,7.07,,,,,,,,,,,,,,,,,,,,,,,,,8.86,7.49,10.42,,,,,,,,,,,,,4.08,2.83,5.44,,,,,,,,,,,
2021-09-20,,,,,,,,,,35.21,33.71,36.76,,,,,,,,,,,,,42.58,40.99,44.37,,,,,,,,,,,,,5.79,4.47,7.08,,,,,,,,,,,,,,,,,,,,,,,,,8.9,7.53,10.48,,,,,,,,,,,,,4.09,2.86,5.45,,,,,,,,,,,
2021-09-21,,,,,,,,,,35.17,33.68,36.74,,,,,,,,,,,,,42.59,41.02,44.37,,,,,,,,,,,,,5.79,4.46,7.08,,,,,,,,,,,,,,,,,,,,,,,,,8.94,7.58,10.54,,,,,,,,,,,,,4.1,2.86,5.47,,,,,,,,,,,
2021-09-22,,,,,,,,,,35.12,33.59,36.71,,,,,,,,,,,,,42.59,41.04,44.38,,,,,,,,,,,,,5.78,4.45,7.09,,,,,,,,,,,,,,,,,,,,,,,,,8.97,7.64,10.58,,,,,,,,,,,,,4.11,2.84,5.48,,,,,,,,,,,
2021-09-23,,,,,,,,,,35.08,33.54,36.68,,,,,,,,,,,,,42.6,41.06,44.39,,,,,,,,,,,,,5.78,4.43,7.12,,,,,,,,,,,,,,,,,,,,,,,,,9.01,7.68,10.59,,,,,,,,,,,,,4.12,2.86,5.48,,,,37.0,42.0,8.0,,8.0,,,3.0
2021-09-24,,,,,,,,,,35.03,33.5,36.65,,,,,,,,,,,,,42.61,41.07,44.38,,,,,,,,,,,,,5.78,4.42,7.15,,,,,,,,,,,,,,,,,,,,,,,,,9.05,7.73,10.6,,,,,,,,,,,,,4.13,2.87,5.49,,,,,,,,,,,
2021-09-25,,,,,,,,,,34.99,33.44,36.57,,,,,,,,,,,,,42.62,41.08,44.38,,,,,,,,,,,,,5.77,4.41,7.18,,,,,,,,,,,,,,,,,,,,,,,,,9.08,7.78,10.61,,,,,,,,,,,,,4.14,2.89,5.51,,,,,,,,,,,
2021-09-26,,,,,,,,,,34.95,33.41,36.5,,,,,,,,,,,,,42.63,41.1,44.36,,,,,,,,,,,,,5.77,4.41,7.2,,,,,,,,,,,,,,,,,,,,,,,,,9.12,7.82,10.62,,,,,,,,,,,,,4.16,2.9,5.52,,,,,,,,,,,
2021-09-27,,,,,,,,,,34.9,33.37,36.42,,,,,,,,,,,,,42.64,41.1,44.36,,,,,,,,,,,,,5.77,4.4,7.23,,,,,,,,,,,,,,,,,,,,,,,,,9.15,7.83,10.65,,,,,,,,,,,,,4.17,2.89,5.54,,,,,,,,,,,
2021-09-28,,,,,,,,,,34.86,33.34,36.36,,,,,,,,,,,,,42.65,41.11,44.37,,,,,,,,,,,,,5.76,4.4,7.25,,,,,,,,,,,,,,,,,,,,,,,,,9.18,7.87,10.65,,,,,,,,,,,,,4.19,2.9,5.55,,,,,,,,,,,
2021-09-29,,,,,,,,,,34.82,33.3,36.33,,,,,,,,,,,,,42.66,41.12,44.37,,,,,,,,,,,,,5.76,4.37,7.24,,,,,,,,,,,,,,,,,,,,,,,,,9.21,7.89,10.65,,,,,,,,,,,,,4.2,2.92,5.56,,,,36.0,38.0,5.0,,8.0,,,5.0
2021-09-30,,,,,,,,,,34.77,33.29,36.29,,,,,,,,,,,,,42.68,41.12,44.37,,,,,,,,,,,,,5.75,4.36,7.21,,,,,,,,,,,,,,,,,,,,,,,,,9.24,7.91,10.66,,,,,,,,,,,,,4.22,2.98,5.57,,,,,,,,,,,
2021-10-01,,,,,,,,,,34.73,33.26,36.24,,,,,,,,,,,,,42.69,41.13,44.35,,,,,,,,,,,,,5.75,4.36,7.18,,,,,,,,,,,,,,,,,,,,,,,,,9.26,7.95,10.7,,,,,,,,,,,,,4.24,3.0,5.59,,,,,,,,,,,
2021-10-02,,,,,,,,,,34.69,33.22,36.21,,,,,,,,,,,,,42.7,41.14,44.33,,,,,,,,,,,,,5.74,4.36,7.15,,,,,,,,,,,,,,,,,,,,,,,,,9.29,7.95,10.73,,,,,,,,,,,,,4.26,3.02,5.6,,,,,,,,,,,
2021-10-03,,,,,,,,,,34.64,33.19,36.16,,,,,,,,,,,,,42.72,41.14,44.33,,,,,,,,,,,,,5.74,4.35,7.12,,,,,,,,,,,,,,,,,,,,,,,,,9.31,7.96,10.77,,,,,,,,,,,,,4.29,3.05,5.63,,,,,,,,,,,
2021-10-04,,,,,,,,,,34.6,33.15,36.08,,,,,,,,,,,,,42.73,41.15,44.36,,,,,,,,,,,,,5.73,4.36,7.09,,,,,,,,,,,,,,,,,,,,,,,,,9.33,7.97,10.8,,,,,,,,,,,,,4.31,3.07,5.67,,,,,,,,,,,
2021-10-05,,,,,,,,,,34.55,33.12,36.03,,,,,,,,,,,,,42.75,41.17,44.37,,,,,,,,,,,,,5.73,4.33,7.08,,,,,,,,,,,,,,,,,,,,,,,,,9.35,7.98,10.79,,,,,,,,,,,,,4.34,3.12,5.69,,,,,,,,,,,
2021-10-06,,,,,,,,,,34.5,33.08,36.02,,,,,,,,,,,,,42.76,41.19,44.38,,,,,,,,,,,,,5.72,4.3,7.08,,,,,,,,,,,,,,,,,,,,,,,,,9.37,7.99,10.78,,,,,,,,,,,,,4.36,3.17,5.7,,,,37.0,39.0,5.0,,11.0,,,4.0
2021-10-07,,,,,,,,,,34.45,33.0,35.97,,,,,,,,,,,,,42.78,41.2,44.38,,,,,,,,,,,,,5.72,4.28,7.08,,,,,,,,,,,,,,,,,,,,,,,,,9.39,8.0,10.77,,,,,,,,,,,,,4.39,3.22,5.72,,,,,,,,,,,
2021-10-08,,,,,,,,,,34.4,32.92,35.88,,,,,,,,,,,,,42.79,41.18,44.38,,,,,,,,,,,,,5.72,4.31,7.09,,,,,,,,,,,,,,,,,,,,,,,,,9.41,8.01,10.76,,,,,,,,,,,,,4.42,3.22,5.75,,,,,,,,,,,
2021-10-09,,,,,,,,,,34.35,32.86,35.77,,,,,,,,,,,,,42.81,41.18,44.38,,,,,,,,,,,,,5.72,4.26,7.1,,,,,,,,,,,,,,,,,,,,,,,,,9.42,8.02,10.75,,,,,,,,,,,,,4.45,3.22,5.78,,,,,,,,,,,
2021-10-10,,,,,,,,,,34.3,32.81,35.75,,,,,,,,,,,,,42.82,41.2,44.4,,,,,,,,,,,,,5.71,4.25,7.1,,,,,,,,,,,,,,,,,,,,,,,,,9.44,8.04,10.72,,,,,,,,,,,,,4.49,3.25,5.81,,,,,,,,,,,
2021-10-11,,,,,,,,,,34.25,32.75,35.73,,,,,,,,,,,,,42.84,41.19,44.42,,,,,,,,,,,,,5.71,4.24,7.11,,,,,,,,,,,,,,,,,,,,,,,,,9.45,8.06,10.72,,,,,,,,,,,,,4.52,3.25,5.84,,,,,,,,,,,
2021-10-12,,,,,,,,,,34.2,32.69,35.71,,,,,,,,,,,,,42.85,41.19,44.45,,,,,,,,,,,,,5.71,4.24,7.1,,,,,,,,,,,,,,,,,,,,,,,,,9.46,8.06,10.76,,,,,,,,,,,,,4.56,3.26,5.87,,,,,,,,,,,
2021-10-13,,,,,,,,,,34.15,32.62,35.67,,,,,,,,,,,,,42.87,41.19,44.47,,,,,,,,,,,,,5.71,4.24,7.11,,,,,,,,,,,,,,,,,,,,,,,,,9.47,8.06,10.79,,,,,,,,,,,,,4.59,3.26,5.91,,,,38.0,40.0,4.0,,11.0,,,2.0
2021-10-14,,,,,,,,,,34.09,32.55,35.65,,,,,,,,,,,,,42.88,41.19,44.5,,,,,,,,,,,,,5.71,4.23,7.11,,,,,,,,,,,,,,,,,,,,,,,,,9.48,8.08,10.78,,,,,,,,,,,,,4.63,3.29,5.95,,,,,,,,,,,
2021-10-15,,,,,,,,,,34.04,32.5,35.62,,,,,,,,,,,,,42.89,41.19,44.54,,,,,,,,,,,,,5.72,4.25,7.08,,,,,,,,,,,,,,,,,,,,,,,,,9.49,8.09,10.77,,,,,,,,,,,,,4.67,3.33,5.99,,,,,,,,,,,
2021-10-16,,,,,,,,,,33.99,32.47,35.56,,,,,,,,,,,,,42.91,41.19,44.54,,,,,,,,,,,,,5.72,4.27,7.1,,,,,,,,,,,,,,,,,,,,,,,,,9.49,8.1,10.79,,,,,,,,,,,,,4.7,3.37,6.02,,,,,,,,,,,
2021-10-17,,,,,,,,,,33.94,32.39,35.48,,,,,,,,,,,,,42.92,41.2,44.55,,,,,,,,,,,,,5.72,4.29,7.1,,,,,,,,,,,,,,,,,,,,,,,,,9.5,8.11,10.83,,,,,,,,,,,,,4.74,3.4,6.09,,,,,,,,,,,
2021-10-18,,,,,,,,,,33.88,32.36,35.42,,,,,,,,,,,,,42.93,41.2,44.57,,,,,,,,,,,,,5.72,4.29,7.08,,,,,,,,,,,,,,,,,,,,,,,,,9.5,8.1,10.87,,,,,,,,,,,,,4.78,3.44,6.13,,,,,,,,,,,
2021-10-19,,,,,,,,,,33.83,32.33,35.39,,,,,,,,,,,,,42.94,41.19,44.58,,,,,,,,,,,,,5.73,4.29,7.06,,,,,,,,,,,,,,,,,,,,,,,,,9.51,8.07,10.9,,,,,,,,,,,,,4.82,3.49,6.17,,,,,,,,,,,
2021-10-20,,,,,,,,,,33.78,32.29,35.35,,,,,,,,,,,,,42.95,41.18,44.61,,,,,,,,,,,,,5.73,4.29,7.05,,,,,,,,,,,,,,,,,,,,,,,,,9.51,8.06,10.93,,,,,,,,,,,,,4.86,3.52,6.22,,,,,,,,,,,
2021-10-21,,,,,,,,,,33.73,32.24,35.28,,,,,,,,,,,,,42.96,41.17,44.65,,,,,,,,,,,,,5.74,4.3,7.06,,,,,,,,,,,,,,,,,,,,,,,,,9.52,8.05,10.92,,,,,,,,,,,,,4.9,3.54,6.27,,,,35.0,44.0,5.0,,9.0,,,5.0
2021-10-22,,,,,,,,,,33.67,32.16,35.19,,,,,,,,,,,,,42.97,41.16,44.69,,,,,,,,,,,,,5.75,4.3,7.07,,,,,,,,,,,,,,,,,,,,,,,,,9.52,8.04,10.9,,,,,,,,,,,,,4.94,3.56,6.33,,,,,,,,,,,
2021-10-23,,,,,,,,,,33.62,32.08,35.16,,,,,,,,,,,,,42.98,41.18,44.7,,,,,,,,,,,,,5.75,4.31,7.09,,,,,,,,,,,,,,,,,,,,,,,,,9.52,8.02,10.88,,,,,,,,,,,,,4.98,3.58,6.36,,,,,,,,,,,
2021-10-24,,,,,,,,,,33.57,32.0,35.15,,,,,,,,,,,,,42.99,41.2,44.7,,,,,,,,,,,,,5.76,4.31,7.11,,,,,,,,,,,,,,,,,,,,,,,,,9.52,8.0,10.87,,,,,,,,,,,,,5.02,3.61,6.44,,,,,,,,,,,
2021-10-25,,,,,,,,,,33.52,31.94,35.13,,,,,,,,,,,,,42.99,41.21,44.73,,,,,,,,,,,,,5.77,4.32,7.13,,,,,,,,,,,,,,,,,,,,,,,,,9.52,8.01,10.85,,,,,,,,,,,,,5.06,3.62,6.49,,,,,,,,,,,
2021-10-26,,,,,,,,,,33.47,31.89,35.12,,,,,,,,,,,,,43.0,41.22,44.74,,,,,,,,,,,,,5.78,4.33,7.15,,,,,,,,,,,,,,,,,,,,,,,,,9.52,8.03,10.82,,,,,,,,,,,,,5.1,3.63,6.54,,,,,,,,,,,
2021-10-27,,,,,,,,,,33.43,31.83,35.1,,,,,,,,,,,,,43.0,41.23,44.74,,,,,,,,,,,,,5.79,4.34,7.18,,,,,,,,,,,,,,,,,,,,,,,,,9.52,8.02,10.85,,,,,,,,,,,,,5.14,3.67,6.58,,,,,,,,,,,
2021-10-28,,,,,,,,,,33.38,31.77,35.09,,,,,,,,,,,,,43.01,41.19,44.74,,,,,,,,,,,,,5.8,4.35,7.2,,,,,,,,,,,,,,,,,,,,,,,,,9.52,8.0,10.88,,,,,,,,,,,,,5.18,3.7,6.63,,,,36.0,39.0,6.0,,11.0,,,4.0
2021-10-29,,,,,,,,,,33.33,31.7,35.07,,,,,,,,,,,,,43.02,41.15,44.75,,,,,,,,,,,,,5.81,4.36,7.2,,,,,,,,,,,,,,,,,,,,,,,,,9.52,7.98,10.9,,,,,,,,,,,,,5.22,3.71,6.67,,,,,,,,,,,
2021-10-30,,,,,,,,,,33.28,31.63,35.05,,,,,,,,,,,,,43.02,41.18,44.75,,,,,,,,,,,,,5.83,4.38,7.2,,,,,,,,,,,,,,,,,,,,,,,,,9.52,7.97,10.92,,,,,,,,,,,,,5.25,3.72,6.72,,,,,,,,,,,
2021-10-31,,,,,,,,,,33.23,31.55,35.04,,,,,,,,,,,,,43.03,41.24,44.76,,,,,,,,,,,,,5.84,4.38,7.23,,,,,,,,,,,,,,,,,,,,,,,,,9.51,7.95,10.95,,,,,,,,,,,,,5.29,3.73,6.79,,,,,,,,,,,
2021-11-01,,,,,,,,,,33.18,31.49,35.01,,,,,,,,,,,,,43.04,41.23,44.76,,,,,,,,,,,,,5.86,4.38,7.29,,,,,,,,,,,,,,,,,,,,,,,,,9.51,7.94,10.98,,,,,,,,,,,,,5.33,3.75,6.86,,,,,,,,,,,
2021-11-02,,,,,,,,,,33.12,31.43,34.91,,,,,,,,,,,,,43.05,41.23,44.77,,,,,,,,,,,,,5.87,4.39,7.33,,,,,,,,,,,,,,,,,,,,,,,,,9.51,7.92,11.01,,,,,,,,,,,,,5.37,3.77,6.91,,,,,,,,,,,
2021-11-03,,,,,,,,,,33.07,31.38,34.87,,,,,,,,,,,,,43.06,41.26,44.79,,,,,,,,,,,,,5.89,4.4,7.36,,,,,,,,,,,,,,,,,,,,,,,,,9.5,7.9,11.01,,,,,,,,,,,,,5.41,3.78,6.94,,,,,,,,,,,
2021-11-04,,,,,,,,,,33.02,31.32,34.82,,,,,,,,,,,,,43.07,41.26,44.83,,,,,,,,,,,,,5.91,4.4,7.38,,,,,,,,,,,,,,,,,,,,,,,,,9.49,7.88,11.03,,,,,,,,,,,,,5.45,3.81,6.98,,,,34.0,43.0,6.0,,10.0,,,5.0
2021-11-05,,,,,,,,,,32.96,31.3,34.76,,,,,,,,,,,,,43.09,41.22,44.87,,,,,,,,,,,,,5.93,4.42,7.39,,,,,,,,,,,,,,,,,,,,,,,,,9.48,7.86,11.02,,,,,,,,,,,,,5.49,3.83,7.01,,,,,,,,,,,
2021-11-06,,,,,,,,,,32.9,31.26,34.71,,,,,,,,,,,,,43.11,41.27,44.92,,,,,,,,,,,,,5.95,4.45,7.41,,,,,,,,,,,,,,,,,,,,,,,,,9.48,7.86,11.03,,,,,,,,,,,,,5.53,3.86,7.04,,,,,,,,,,,
2021-11-07,,,,,,,,,,32.85,31.19,34.65,,,,,,,,,,,,,43.13,41.31,44.96,,,,,,,,,,,,,5.97,4.45,7.42,,,,,,,,,,,,,,,,,,,,,,,,,9.47,7.83,11.04,,,,,,,,,,,,,5.57,3.89,7.08,,,,,,,,,,,
2021-11-08,,,,,,,,,,32.79,31.13,34.58,,,,,,,,,,,,,43.15,41.33,45.0,,,,,,,,,,,,,5.99,4.45,7.43,,,,,,,,,,,,,,,,,,,,,,,,,9.45,7.81,11.04,,,,,,,,,,,,,5.6,3.92,7.12,,,,,,,,,,,
2021-11-09,,,,,,,,,,32.72,31.07,34.51,,,,,,,,,,,,,43.18,41.35,45.03,,,,,,,,,,,,,6.01,4.45,7.48,,,,,,,,,,,,,,,,,,,,,,,,,9.44,7.81,11.03,,,,,,,,,,,,,5.64,3.96,7.19,,,,,,,,,,,
2021-11-10,,,,,,,,,,32.66,31.0,34.48,,,,,,,,,,,,,43.2,41.37,45.05,,,,,,,,,,,,,6.04,4.45,7.54,,,,,,,,,,,,,,,,,,,,,,,,,9.43,7.83,11.03,,,,,,,,,,,,,5.68,3.99,7.25,,,,,,,,,,,
2021-11-11,,,,,,,,,,32.6,30.94,34.47,,,,,,,,,,,,,43.24,41.4,45.08,,,,,,,,,,,,,6.06,4.48,7.56,,,,,,,,,,,,,,,,,,,,,,,,,9.41,7.85,11.01,,,,,,,,,,,,,5.71,4.03,7.27,,,,30.0,46.0,6.0,,11.0,,,5.0
2021-11-12,,,,,,,,,,32.53,30.88,34.4,,,,,,,,,,,,,43.27,41.42,45.14,,,,,,,,,,,,,6.09,4.5,7.59,,,,,,,,,,,,,,,,,,,,,,,,,9.4,7.87,10.99,,,,,,,,,,,,,5.75,4.08,7.29,,,,,,,,,,,
2021-11-13,,,,,,,,,,32.47,30.83,34.32,,,,,,,,,,,,,43.31,41.44,45.16,,,,,,,,,,,,,6.11,4.52,7.65,,,,,,,,,,,,,,,,,,,,,,,,,9.38,7.88,10.97,,,,,,,,,,,,,5.78,4.13,7.35,,,,,,,,,,,
2021-11-14,,,,,,,,,,32.4,30.77,34.23,,,,,,,,,,,,,43.35,41.47,45.19,,,,,,,,,,,,,6.14,4.54,7.65,,,,,,,,,,,,,,,,,,,,,,,,,9.37,7.86,10.96,,,,,,,,,,,,,5.82,4.19,7.4,,,,,,,,,,,
2021-11-15,,,,,,,,,,32.33,30.71,34.14,,,,,,,,,,,,,43.4,41.5,45.27,,,,,,,,,,,,,6.16,4.57,7.66,,,,,,,,,,,,,,,,,,,,,,,,,9.35,7.83,10.93,,,,,,,,,,,,,5.85,4.24,7.38,,,,,,,,,,,
2021-11-16,,,,,,,,,,32.26,30.66,34.1,,,,,,,,,,,,,43.45,41.56,45.32,,,,,,,,,,,,,6.19,4.59,7.66,,,,,,,,,,,,,,,,,,,,,,,,,9.33,7.8,10.9,,,,,,,,,,,,,5.88,4.28,7.38,,,,,,,,,,,
2021-11-17,,,,,,,,,,32.19,30.6,34.08,,,,,,,,,,,,,43.5,41.64,45.36,,,,,,,,,,,,,6.21,4.62,7.7,,,,,,,,,,,,,,,,,,,,,,,,,9.31,7.77,10.83,,,,,,,,,,,,,5.91,4.31,7.42,,,,,,,,,,,
2021-11-18,,,,,,,,,,32.12,30.52,34.05,,,,,,,,,,,,,43.55,41.67,45.42,,,,,,,,,,,,,6.24,4.68,7.73,,,,,,,,,,,,,,,,,,,,,,,,,9.29,7.75,10.75,,,,,,,,,,,,,5.94,4.32,7.46,,,,29.0,47.0,6.0,,12.0,,,3.0
2021-11-19,,,,,,,,,,32.04,30.45,34.02,,,,,,,,,,,,,43.61,41.69,45.46,,,,,,,,,,,,,6.27,4.69,7.76,,,,,,,,,,,,,,,,,,,,,,,,,9.27,7.72,10.75,,,,,,,,,,,,,5.96,4.32,7.5,,,,,,,,,,,
2021-11-20,,,,,,,,,,31.97,30.37,33.92,,,,,,,,,,,,,43.67,41.78,45.5,,,,,,,,,,,,,6.29,4.71,7.78,,,,,,,,,,,,,,,,,,,,,,,,,9.24,7.68,10.76,,,,,,,,,,,,,5.99,4.33,7.53,,,,,,,,,,,
2021-11-21,,,,,,,,,,31.9,30.3,33.8,,,,,,,,,,,,,43.73,41.86,45.55,,,,,,,,,,,,,6.32,4.72,7.8,,,,,,,,,,,,,,,,,,,,,,,,,9.22,7.65,10.69,,,,,,,,,,,,,6.01,4.38,7.56,,,,,,,,,,,
2021-11-22,,,,,,,,,,31.83,30.23,33.68,,,,,,,,,,,,,43.79,41.92,45.6,,,,,,,,,,,,,6.35,4.74,7.84,,,,,,,,,,,,,,,,,,,,,,,,,9.19,7.63,10.66,,,,,,,,,,,,,6.04,4.42,7.58,,,,,,,,,,,
2021-11-23,,,,,,,,,,31.75,30.16,33.58,,,,,,,,,,,,,43.86,41.99,45.66,,,,,,,,,,,,,6.37,4.76,7.86,,,,,,,,,,,,,,,,,,,,,,,,,9.17,7.62,10.66,,,,,,,,,,,,,6.06,4.46,7.6,,,,,,,,,,,
2021-11-24,,,,,,,,,,31.68,30.08,33.46,,,,,,,,,,,,,43.93,42.05,45.72,,,,,,,,,,,,,6.4,4.81,7.88,,,,,,,,,,,,,,,,,,,,,,,,,9.14,7.61,10.65,,,,,,,,,,,,,6.08,4.51,7.64,,,,,,,,,,,
2021-11-25,,,,,,,,,,31.61,30.01,33.38,,,,,,,,,,,,,44.0,42.16,45.79,,,,,,,,,,,,,6.43,4.86,7.9,,,,,,,,,,,,,,,,,,,,,,,,,9.11,7.6,10.65,,,,,,,,,,,,,6.1,4.54,7.67,,,,35.0,42.0,5.0,,9.0,,,7.0
2021-11-26,,,,,,,,,,31.54,29.93,33.31,,,,,,,,,,,,,44.07,42.26,45.85,,,,,,,,,,,,,6.45,4.85,7.92,,,,,,,,,,,,,,,,,,,,,,,,,9.08,7.58,10.63,,,,,,,,,,,,,6.12,4.56,7.71,,,,,,,,,,,
2021-11-27,,,,,,,,,,31.47,29.87,33.19,,,,,,,,,,,,,44.14,42.34,45.91,,,,,,,,,,,,,6.48,4.86,7.94,,,,,,,,,,,,,,,,,,,,,,,,,9.05,7.57,10.58,,,,,,,,,,,,,6.13,4.58,7.73,,,,,,,,,,,
2021-11-28,,,,,,,,,,31.4,29.83,33.09,,,,,,,,,,,,,44.21,42.36,45.97,,,,,,,,,,,,,6.5,4.89,7.97,,,,,,,,,,,,,,,,,,,,,,,,,9.02,7.56,10.56,,,,,,,,,,,,,6.15,4.63,7.74,,,,,,,,,,,
2021-11-29,,,,,,,,,,31.34,29.76,32.98,,,,,,,,,,,,,44.28,42.43,46.03,,,,,,,,,,,,,6.53,4.93,7.99,,,,,,,,,,,,,,,,,,,,,,,,,8.99,7.55,10.55,,,,,,,,,,,,,6.16,4.67,7.77,,,,,,,,,,,
2021-11-30,,,,,,,,,,31.27,29.7,32.9,,,,,,,,,,,,,44.36,42.51,46.08,,,,,,,,,,,,,6.55,4.95,8.03,,,,,,,,,,,,,,,,,,,,,,,,,8.96,7.54,10.53,,,,,,,,,,,,,6.18,4.71,7.8,,,,,,,,,,,
2021-12-01,,,,,,,,,,31.21,29.63,32.84,,,,,,,,,,,,,44.43,42.59,46.1,,,,,,,,,,,,,6.58,4.99,8.08,,,,,,,,,,,,,,,,,,,,,,,,,8.93,7.5,10.51,,,,,,,,,,,,,6.19,4.75,7.83,,,,,,,,,,,
2021-12-02,,,,,,,,,,31.15,29.55,32.75,,,,,,,,,,,,,44.5,42.68,46.16,,,,,,,,,,,,,6.6,5.02,8.13,,,,,,,,,,,,,,,,,,,,,,,,,8.9,7.43,10.51,,,,,,,,,,,,,6.2,4.78,7.85,,,,33.0,42.0,6.0,,10.0,,,8.0
2021-12-03,,,,,,,,,,31.09,29.48,32.67,,,,,,,,,,,,,44.58,42.78,46.25,,,,,,,,,,,,,6.62,5.04,8.17,,,,,,,,,,,,,,,,,,,,,,,,,8.86,7.41,10.49,,,,,,,,,,,,,6.21,4.82,7.88,,,,,,,,,,,
2021-12-04,,,,,,,,,,31.03,29.41,32.59,,,,,,,,,,,,,44.65,42.86,46.34,,,,,,,,,,,,,6.64,5.07,8.21,,,,,,,,,,,,,,,,,,,,,,,,,8.83,7.35,10.46,,,,,,,,,,,,,6.22,4.81,7.91,,,,,,,,,,,
2021-12-05,,,,,,,,,,30.97,29.38,32.56,,,,,,,,,,,,,44.73,42.91,46.4,,,,,,,,,,,,,6.66,5.12,8.25,,,,,,,,,,,,,,,,,,,,,,,,,8.8,7.28,10.43,,,,,,,,,,,,,6.22,4.8,7.91,,,,,,,,,,,
2021-12-06,,,,,,,,,,30.92,29.34,32.53,,,,,,,,,,,,,44.8,42.99,46.46,,,,,,,,,,,,,6.69,5.16,8.29,,,,,,,,,,,,,,,,,,,,,,,,,8.76,7.27,10.4,,,,,,,,,,,,,6.23,4.78,7.88,,,,,,,,,,,
2021-12-07,,,,,,,,,,30.86,29.31,32.43,,,,,,,,,,,,,44.87,43.09,46.54,,,,,,,,,,,,,6.71,5.15,8.32,,,,,,,,,,,,,,,,,,,,,,,,,8.73,7.26,10.36,,,,,,,,,,,,,6.23,4.77,7.86,,,,,,,,,,,
2021-12-08,,,,,,,,,,30.81,29.28,32.41,,,,,,,,,,,,,44.95,43.18,46.64,,,,,,,,,,,,,6.72,5.15,8.35,,,,,,,,,,,,,,,,,,,,,,,,,8.69,7.25,10.32,,,,,,,,,,,,,6.24,4.75,7.84,,,,,,,,,,,
2021-12-09,,,,,,,,,,30.76,29.23,32.38,,,,,,,,,,,,,45.02,43.28,46.75,,,,,,,,,,,,,6.74,5.16,8.38,,,,,,,,,,,,,,,,,,,,,,,,,8.66,7.24,10.27,,,,,,,,,,,,,6.24,4.74,7.87,,,,32.0,45.0,4.0,,7.0,,,9.0
2021-12-10,,,,,,,,,,30.71,29.16,32.36,,,,,,,,,,,,,45.09,43.36,46.85,,,,,,,,,,,,,6.76,5.19,8.4,,,,,,,,,,,,,,,,,,,,,,,,,8.62,7.23,10.23,,,,,,,,,,,,,6.24,4.72,7.91,,,,28.0,48.0,6.0,,8.0,,,7.0
2021-12-11,,,,,,,,,,30.66,29.14,32.28,,,,,,,,,,,,,45.16,43.42,46.97,,,,,,,,,,,,,6.78,5.2,8.41,,,,,,,,,,,,,,,,,,,,,,,,,8.59,7.21,10.2,,,,,,,,,,,,,6.24,4.7,7.93,,,,,,,,,,,
2021-12-12,,,,,,,,,,30.62,29.07,32.24,,,,,,,,,,,,,45.23,43.48,47.11,,,,,,,,,,,,,6.79,5.21,8.41,,,,,,,,,,,,,,,,,,,,,,,,,8.55,7.16,10.12,,,,,,,,,,,,,6.24,4.69,7.97,,,,,,,,,,,
2021-12-13,,,,,,,,,,30.57,29.02,32.17,,,,,,,,,,,,,45.3,43.55,47.16,,,,,,,,,,,,,6.81,5.22,8.41,,,,,,,,,,,,,,,,,,,,,,,,,8.52,7.12,10.1,,,,,,,,,,,,,6.24,4.67,8.0,,,,,,,,,,,
2021-12-14,,,,,,,,,,30.53,28.96,32.11,,,,,,,,,,,,,45.37,43.61,47.22,,,,,,,,,,,,,6.82,5.22,8.4,,,,,,,,,,,,,,,,,,,,,,,,,8.48,7.07,10.08,,,,,,,,,,,,,6.24,4.65,8.02,,,,,,,,,,,
2021-12-15,,,,,,,,,,30.49,28.89,32.07,,,,,,,,,,,,,45.43,43.67,47.27,,,,,,,,,,,,,6.84,5.23,8.4,,,,,,,,,,,,,,,,,,,,,,,,,8.45,7.04,10.07,,,,,,,,,,,,,6.24,4.65,8.05,,,,27.0,43.0,8.0,,8.0,,,11.0
2021-12-16,,,,,,,,,,30.45,28.85,32.03,,,,,,,,,,,,,45.5,43.73,47.33,,,,,,,,,,,,,6.85,5.23,8.41,,,,,,,,,,,,,,,,,,,,,,,,,8.41,6.99,10.05,,,,,,,,,,,,,6.24,4.64,8.05,,,,,,,,,,,
2021-12-17,,,,,,,,,,30.41,28.81,31.99,,,,,,,,,,,,,45.57,43.78,47.38,,,,,,,,,,,,,6.86,5.23,8.46,,,,,,,,,,,,,,,,,,,,,,,,,8.38,6.95,10.04,,,,,,,,,,,,,6.24,4.65,8.04,,,,,,,,,,,
2021-12-18,,,,,,,,,,30.37,28.77,31.95,,,,,,,,,,,,,45.63,43.78,47.43,,,,,,,,,,,,,6.87,5.29,8.51,,,,,,,,,,,,,,,,,,,,,,,,,8.34,6.9,10.02,,,,,,,,,,,,,6.24,4.68,8.02,,,,,,,,,,,
2021-12-19,,,,,,,,,,30.34,28.73,31.93,,,,,,,,,,,,,45.69,43.79,47.48,,,,,,,,,,,,,6.88,5.35,8.53,,,,,,,,,,,,,,,,,,,,,,,,,8.31,6.85,10.01,,,,,,,,,,,,,6.23,4.7,8.01,,,,,,,,,,,
2021-12-20,,,,,,,,,,30.3,28.7,31.91,,,,,,,,,,,,,45.76,43.87,47.53,,,,,,,,,,,,,6.89,5.35,8.53,,,,,,,,,,,,,,,,,,,,,,,,,8.27,6.81,9.99,,,,,,,,,,,,,6.23,4.72,8.0,,,,26.0,42.0,11.0,,10.0,,,8.0
2021-12-21,,,,,,,,,,30.27,28.67,31.88,,,,,,,,,,,,,45.82,43.97,47.59,,,,,,,,,,,,,6.9,5.36,8.53,,,,,,,,,,,,,,,,,,,,,,,,,8.24,6.77,9.98,,,,,,,,,,,,,6.23,4.74,7.98,,,,,,,,,,,
2021-12-22,,,,,,,,,,30.24,28.64,31.86,,,,,,,,,,,,,45.88,44.06,47.67,,,,,,,,,,,,,6.91,5.35,8.53,,,,,,,,,,,,,,,,,,,,,,,,,8.21,6.74,9.96,,,,,,,,,,,,,6.22,4.74,8.0,,,,,,,,,,,
2021-12-23,,,,,,,,,,30.21,28.61,31.85,,,,,,,,,,,,,45.94,44.13,47.75,,,,,,,,,,,,,6.92,5.34,8.53,,,,,,,,,,,,,,,,,,,,,,,,,8.17,6.7,9.95,,,,,,,,,,,,,6.22,4.72,8.01,,,,,,,,,,,
2021-12-24,,,,,,,,,,30.18,28.59,31.84,,,,,,,,,,,,,46.0,44.22,47.82,,,,,,,,,,,,,6.93,5.34,8.55,,,,,,,,,,,,,,,,,,,,,,,,,8.14,6.67,9.91,,,,,,,,,,,,,6.21,4.7,8.01,,,,,,,,,,,
2021-12-25,,,,,,,,,,30.15,28.56,31.82,,,,,,,,,,,,,46.06,44.29,47.9,,,,,,,,,,,,,6.93,5.33,8.56,,,,,,,,,,,,,,,,,,,,,,,,,8.11,6.63,9.88,,,,,,,,,,,,,6.2,4.68,8.01,,,,,,,,,,,
2021-12-26,,,,,,,,,,30.12,28.54,31.82,,,,,,,,,,,,,46.12,44.35,47.98,,,,,,,,,,,,,6.94,5.32,8.57,,,,,,,,,,,,,,,,,,,,,,,,,8.08,6.58,9.86,,,,,,,,,,,,,6.2,4.68,8.01,,,,,,,,,,,
2021-12-27,,,,,,,,,,30.1,28.53,31.82,,,,,,,,,,,,,46.18,44.4,48.06,,,,,,,,,,,,,6.95,5.31,8.58,,,,,,,,,,,,,,,,,,,,,,,,,8.04,6.54,9.81,,,,,,,,,,,,,6.19,4.68,8.01,,,,,,,,,,,
2021-12-28,,,,,,,,,,30.07,28.52,31.81,,,,,,,,,,,,,46.24,44.45,48.13,,,,,,,,,,,,,6.95,5.32,8.58,,,,,,,,,,,,,,,,,,,,,,,,,8.01,6.51,9.78,,,,,,,,,,,,,6.18,4.69,8.0,,,,,,,,,,,
2021-12-29,,,,,,,,,,30.05,28.55,31.76,,,,,,,,,,,,,46.29,44.49,48.2,,,,,,,,,,,,,6.96,5.33,8.59,,,,,,,,,,,,,,,,,,,,,,,,,7.98,6.45,9.74,,,,,,,,,,,,,6.17,4.69,7.98,,,,,,,,,,,
2021-12-30,,,,,,,,,,30.02,28.55,31.71,,,,,,,,,,,,,46.35,44.57,48.27,,,,,,,,,,,,,6.96,5.33,8.58,,,,,,,,,,,,,,,,,,,,,,,,,7.95,6.41,9.7,,,,,,,,,,,,,6.16,4.7,7.96,,,,,,,,,,,
2021-12-31,,,,,,,,,,30.0,28.51,31.7,,,,,,,,,,,,,46.41,44.67,48.33,,,,,,,,,,,,,6.96,5.34,8.58,,,,,,,,,,,,,,,,,,,,,,,,,7.92,6.37,9.67,,,,,,,,,,,,,6.15,4.69,7.94,,,,,,,,,,,
2022-01-01,,,,,,,,,,29.98,28.47,31.69,,,,,,,,,,,,,46.47,44.75,48.41,,,,,,,,,,,,,6.97,5.34,8.58,,,,,,,,,,,,,,,,,,,,,,,,,7.89,6.34,9.63,,,,,,,,,,,,,6.14,4.66,7.9,,,,,,,,,,,
2022-01-02,,,,,,,,,,29.96,28.46,31.67,,,,,,,,,,,,,46.52,44.79,48.5,,,,,,,,,,,,,6.97,5.34,8.59,,,,,,,,,,,,,,,,,,,,,,,,,7.86,6.31,9.6,,,,,,,,,,,,,6.12,4.63,7.88,,,,,,,,,,,
2022-01-03,,,,,,,,,,29.95,28.46,31.66,,,,,,,,,,,,,46.58,44.82,48.58,,,,,,,,,,,,,6.97,5.35,8.61,,,,,,,,,,,,,,,,,,,,,,,,,7.83,6.28,9.57,,,,,,,,,,,,,6.11,4.6,7.86,,,,,,,,,,,
2022-01-04,,,,,,,,,,29.93,28.46,31.65,,,,,,,,,,,,,46.64,44.91,48.66,,,,,,,,,,,,,6.97,5.35,8.61,,,,,,,,,,,,,,,,,,,,,,,,,7.8,6.25,9.53,,,,,,,,,,,,,6.1,4.6,7.83,,,,,,,,,,,
2022-01-05,,,,,,,,,,29.91,28.46,31.63,,,,,,,,,,,,,46.69,44.99,48.72,,,,,,,,,,,,,6.97,5.35,8.63,,,,,,,,,,,,,,,,,,,,,,,,,7.78,6.22,9.51,,,,,,,,,,,,,6.08,4.59,7.82,,,,,,,,,,,
2022-01-06,,,,,,,,,,29.9,28.44,31.6,,,,,,,,,,,,,46.75,45.07,48.73,,,,,,,,,,,,,6.97,5.36,8.64,,,,,,,,,,,,,,,,,,,,,,,,,7.75,6.19,9.48,,,,,,,,,,,,,6.06,4.57,7.81,,,,,,,,,,,
2022-01-07,,,,,,,,,,29.88,28.43,31.58,,,,,,,,,,,,,46.8,45.16,48.79,,,,,,,,,,,,,6.97,5.38,8.63,,,,,,,,,,,,,,,,,,,,,,,,,7.72,6.17,9.45,,,,,,,,,,,,,6.04,4.54,7.77,,,,33.0,44.0,8.0,,6.0,,,6.0
2022-01-08,,,,,,,,,,29.87,28.42,31.56,,,,,,,,,,,,,46.86,45.23,48.86,,,,,,,,,,,,,6.97,5.38,8.6,,,,,,,,,,,,,,,,,,,,,,,,,7.69,6.18,9.39,,,,,,,,,,,,,6.02,4.51,7.72,,,,,,,,,,,
2022-01-09,,,,,,,,,,29.86,28.41,31.56,,,,,,,,,,,,,46.91,45.29,48.93,,,,,,,,,,,,,6.97,5.37,8.59,,,,,,,,,,,,,,,,,,,,,,,,,7.67,6.15,9.36,,,,,,,,,,,,,6.0,4.48,7.69,,,,,,,,,,,
2022-01-10,,,,,,,,,,29.85,28.39,31.54,,,,,,,,,,,,,46.97,45.35,48.95,,,,,,,,,,,,,6.97,5.37,8.59,,,,,,,,,,,,,,,,,,,,,,,,,7.64,6.11,9.34,,,,,,,,,,,,,5.98,4.46,7.68,,,,,,,,,,,
2022-01-11,,,,,,,,,,29.84,28.39,31.52,,,,,,,,,,,,,47.02,45.42,48.98,,,,,,,,,,,,,6.97,5.35,8.6,,,,,,,,,,,,,,,,,,,,,,,,,7.62,6.07,9.32,,,,,,,,,,,,,5.96,4.43,7.66,,,,,,,,,,,
2022-01-12,,,,,,,,,,29.84,28.42,31.5,,,,,,,,,,,,,47.08,45.44,49.01,,,,,,,,,,,,,6.97,5.34,8.6,,,,,,,,,,,,,,,,,,,,,,,,,7.6,6.04,9.3,,,,,,,,,,,,,5.93,4.4,7.64,,,,23.0,49.0,9.0,,7.0,,,8.0
2022-01-13,,,,,,,,,,29.83,28.42,31.48,,,,,,,,,,,,,47.13,45.49,49.03,,,,,,,,,,,,,6.97,5.32,8.61,,,,,,,,,,,,,,,,,,,,,,,,,7.57,6.01,9.27,,,,,,,,,,,,,5.91,4.38,7.62,,,,28.0,50.0,9.0,,6.0,,,6.0
2022-01-14,,,,,,,,,,29.83,28.42,31.46,,,,,,,,,,,,,47.18,45.53,49.04,,,,,,,,,,,,,6.97,5.35,8.61,,,,,,,,,,,,,,,,,,,,,,,,,7.55,5.99,9.22,,,,,,,,,,,,,5.88,4.35,7.59,,,,33.0,45.0,9.0,,7.0,,,5.0
2022-01-15,,,,,,,,,,29.83,28.39,31.46,,,,,,,,,,,,,47.23,45.57,49.07,,,,,,,,,,,,,6.97,5.32,8.61,,,,,,,,,,,,,,,,,,,,,,,,,7.53,5.98,9.17,,,,,,,,,,,,,5.85,4.31,7.55,,,,,,,,,,,
2022-01-16,,,,,,,,,,29.83,28.41,31.45,,,,,,,,,,,,,47.28,45.61,49.11,,,,,,,,,,,,,6.97,5.3,8.62,,,,,,,,,,,,,,,,,,,,,,,,,7.51,5.98,9.18,,,,,,,,,,,,,5.82,4.3,7.53,,,,,,,,,,,
2022-01-17,,,,,,,,,,29.83,28.43,31.45,,,,,,,,,,,,,47.33,45.65,49.14,,,,,,,,,,,,,6.96,5.28,8.61,,,,,,,,,,,,,,,,,,,,,,,,,7.49,5.98,9.15,,,,,,,,,,,,,5.79,4.28,7.49,,,,,,,,,,,
2022-01-18,,,,,,,,,,29.83,28.44,31.45,,,,,,,,,,,,,47.39,45.7,49.18,,,,,,,,,,,,,6.96,5.26,8.58,,,,,,,,,,,,,,,,,,,,,,,,,7.47,5.97,9.09,,,,,,,,,,,,,5.75,4.28,7.45,,,,,,,,,,,
2022-01-19,,,,,,,,,,29.83,28.44,31.5,,,,,,,,,,,,,47.44,45.74,49.21,,,,,,,,,,,,,6.96,5.26,8.58,,,,,,,,,,,,,,,,,,,,,,,,,7.45,5.97,9.04,,,,,,,,,,,,,5.72,4.24,7.41,,,,,,,,,,,
2022-01-20,,,,,,,,,,29.84,28.42,31.48,,,,,,,,,,,,,47.48,45.77,49.24,,,,,,,,,,,,,6.96,5.25,8.6,,,,,,,,,,,,,,,,,,,,,,,,,7.44,5.97,8.99,,,,,,,,,,,,,5.68,4.22,7.39,,,,,,,,,,,
2022-01-21,,,,,,,,,,29.84,28.41,31.51,,,,,,,,,,,,,47.53,45.82,49.27,,,,,,,,,,,,,6.95,5.25,8.58,,,,,,,,,,,,,,,,,,,,,,,,,7.42,5.97,8.99,,,,,,,,,,,,,5.65,4.2,7.31,,,,30.0,54.0,4.0,,8.0,,,3.0
2022-01-22,,,,,,,,,,29.85,28.4,31.5,,,,,,,,,,,,,47.58,45.86,49.29,,,,,,,,,,,,,6.95,5.25,8.57,,,,,,,,,,,,,,,,,,,,,,,,,7.41,5.95,9.02,,,,,,,,,,,,,5.61,4.18,7.25,,,,,,,,,,,
2022-01-23,,,,,,,,,,29.86,28.39,31.48,,,,,,,,,,,,,47.63,45.89,49.33,,,,,,,,,,,,,6.94,5.25,8.59,,,,,,,,,,,,,,,,,,,,,,,,,7.39,5.93,9.04,,,,,,,,,,,,,5.57,4.13,7.2,,,,,,,,,,,
2022-01-24,,,,,,,,,,29.87,28.43,31.46,,,,,,,,,,,,,47.68,45.96,49.36,,,,,,,,,,,,,6.94,5.24,8.58,,,,,,,,,,,,,,,,,,,,,,,,,7.38,5.93,9.06,,,,,,,,,,,,,5.53,4.06,7.18,,,,,,,,,,,
2022-01-25,,,,,,,,,,29.88,28.49,31.44,,,,,,,,,,,,,47.72,46.03,49.4,,,,,,,,,,,,,6.93,5.23,8.56,,,,,,,,,,,,,,,,,,,,,,,,,7.36,5.92,9.04,,,,,,,,,,,,,5.49,4.03,7.13,,,,,,,,,,,
2022-01-26,,,,,,,,,,29.89,28.54,31.41,,,,,,,,,,,,,47.77,46.11,49.45,,,,,,,,,,,,,6.93,5.22,8.55,,,,,,,,,,,,,,,,,,,,,,,,,7.35,5.88,9.02,,,,,,,,,,,,,5.45,3.99,7.06,,,,,,,,,,,
2022-01-27,,,,,,,,,,29.9,28.55,31.45,,,,,,,,,,,,,47.81,46.18,49.54,,,,,,,,,,,,,6.92,5.21,8.53,,,,,,,,,,,,,,,,,,,,,,,,,7.34,5.89,9.0,,,,,,,,,,,,,5.41,3.96,7.03,,,,32.0,44.0,7.0,,7.0,,,4.0
2022-01-28,,,,,,,,,,29.91,28.57,31.48,,,,,,,,,,,,,47.86,46.21,49.57,,,,,,,,,,,,,6.92,5.21,8.5,,,,,,,,,,,,,,,,,,,,,,,,,7.33,5.9,8.98,,,,,,,,,,,,,5.37,3.9,7.01,,,,,,,,,,,
2022-01-29,,,,,,,,,,29.93,28.59,31.53,,,,,,,,,,,,,47.9,46.23,49.63,,,,,,,,,,,,,6.91,5.22,8.48,,,,,,,,,,,,,,,,,,,,,,,,,7.32,5.91,8.98,,,,,,,,,,,,,5.33,3.86,6.98,,,,,,,,,,,
2022-01-30,,,,,,,,,,29.95,28.6,31.56,,,,,,,,,,,,,47.94,46.27,49.65,,,,,,,,,,,,,6.91,5.24,8.44,,,,,,,,,,,,,,,,,,,,,,,,,7.31,5.89,8.97,,,,,,,,,,,,,5.28,3.78,6.91,,,,,,,,,,,
2022-01-31,,,,,,,,,,29.96,28.57,31.57,,,,,,,,,,,,,47.98,46.3,49.66,,,,,,,,,,,,,6.9,5.27,8.39,,,,,,,,,,,,,,,,,,,,,,,,,7.3,5.91,8.96,,,,,,,,,,,,,5.24,3.72,6.84,,,,,,,,,,,
2022-02-01,,,,,,,,,,29.98,28.57,31.57,,,,,,,,,,,,,48.02,46.33,49.69,,,,,,,,,,,,,6.89,5.27,8.34,,,,,,,,,,,,,,,,,,,,,,,,,7.29,5.89,8.96,,,,,,,,,,,,,5.2,3.67,6.76,,,,,,,,,,,
2022-02-02,,,,,,,,,,30.0,28.59,31.57,,,,,,,,,,,,,48.06,46.38,49.74,,,,,,,,,,,,,6.88,5.27,8.33,,,,,,,,,,,,,,,,,,,,,,,,,7.28,5.86,8.95,,,,,,,,,,,,,5.16,3.65,6.68,,,,31.0,49.0,7.0,,7.0,,,4.0
2022-02-03,,,,,,,,,,30.02,28.63,31.57,,,,,,,,,,,,,48.1,46.46,49.81,,,,,,,,,,,,,6.88,5.27,8.33,,,,,,,,,,,,,,,,,,,,,,,,,7.27,5.84,8.94,,,,,,,,,,,,,5.12,3.62,6.62,,,,,,,,,,,
2022-02-04,,,,,,,,,,30.04,28.67,31.58,,,,,,,,,,,,,48.14,46.49,49.89,,,,,,,,,,,,,6.87,5.27,8.33,,,,,,,,,,,,,,,,,,,,,,,,,7.26,5.82,8.92,,,,,,,,,,,,,5.08,3.6,6.61,,,,,,,,,,,
2022-02-05,,,,,,,,,,30.06,28.69,31.58,,,,,,,,,,,,,48.18,46.52,49.94,,,,,,,,,,,,,6.86,5.27,8.33,,,,,,,,,,,,,,,,,,,,,,,,,7.25,5.82,8.89,,,,,,,,,,,,,5.04,3.56,6.53,,,,,,,,,,,
2022-02-06,,,,,,,,,,30.08,28.72,31.58,,,,,,,,,,,,,48.21,46.55,49.95,,,,,,,,,,,,,6.85,5.26,8.32,,,,,,,,,,,,,,,,,,,,,,,,,7.24,5.85,8.86,,,,,,,,,,,,,5.0,3.54,6.44,,,,,,,,,,,
2022-02-07,,,,,,,,,,30.1,28.76,31.59,,,,,,,,,,,,,48.25,46.61,49.97,,,,,,,,,,,,,6.84,5.26,8.3,,,,,,,,,,,,,,,,,,,,,,,,,7.24,5.87,8.81,,,,,,,,,,,,,4.96,3.52,6.36,,,,,,,,,,,
2022-02-08,,,,,,,,,,30.12,28.79,31.59,,,,,,,,,,,,,48.28,46.66,49.98,,,,,,,,,,,,,6.83,5.26,8.28,,,,,,,,,,,,,,,,,,,,,,,,,7.23,5.87,8.78,,,,,,,,,,,,,4.92,3.49,6.31,,,,,,,,,,,
2022-02-09,,,,,,,,,,30.14,28.79,31.59,,,,,,,,,,,,,48.31,46.74,50.01,,,,,,,,,,,,,6.82,5.26,8.26,,,,,,,,,,,,,,,,,,,,,,,,,7.22,5.87,8.75,,,,,,,,,,,,,4.89,3.47,6.28,,,,,,,,,,,
2022-02-10,,,,,,,,,,30.16,28.79,31.6,,,,,,,,,,,,,48.34,46.78,50.06,,,,,,,,,,,,,6.81,5.25,8.24,,,,,,,,,,,,,,,,,,,,,,,,,7.21,5.88,8.72,,,,,,,,,,,,,4.85,3.43,6.25,,,,,,,,,,,
2022-02-11,,,,,,,,,,30.19,28.8,31.59,,,,,,,,,,,,,48.37,46.85,50.11,,,,,,,,,,,,,6.8,5.25,8.23,,,,,,,,,,,,,,,,,,,,,,,,,7.2,5.85,8.69,,,,,,,,,,,,,4.82,3.39,6.22,,,,30.0,52.0,5.0,,8.0,,,3.0
2022-02-12,,,,,,,,,,30.21,28.8,31.59,,,,,,,,,,,,,48.4,46.91,50.11,,,,,,,,,,,,,6.79,5.27,8.21,,,,,,,,,,,,,,,,,,,,,,,,,7.2,5.81,8.66,,,,,,,,,,,,,4.79,3.35,6.19,,,,,,,,,,,
2022-02-13,,,,,,,,,,30.23,28.8,31.58,,,,,,,,,,,,,48.43,46.94,50.12,,,,,,,,,,,,,6.78,5.3,8.18,,,,,,,,,,,,,,,,,,,,,,,,,7.19,5.8,8.63,,,,,,,,,,,,,4.76,3.33,6.16,,,,,,,,,,,
2022-02-14,,,,,,,,,,30.25,28.8,31.59,,,,,,,,,,,,,48.46,46.97,50.11,,,,,,,,,,,,,6.77,5.32,8.18,,,,,,,,,,,,,,,,,,,,,,,,,7.18,5.79,8.6,,,,,,,,,,,,,4.73,3.3,6.13,,,,,,,,,,,
2022-02-15,,,,,,,,,,30.27,28.81,31.58,,,,,,,,,,,,,48.48,47.03,50.1,,,,,,,,,,,,,6.76,5.31,8.16,,,,,,,,,,,,,,,,,,,,,,,,,7.17,5.78,8.61,,,,,,,,,,,,,4.7,3.28,6.1,,,,,,,,,,,
2022-02-16,,,,,,,,,,30.29,28.81,31.58,,,,,,,,,,,,,48.51,47.06,50.11,,,,,,,,,,,,,6.75,5.31,8.15,,,,,,,,,,,,,,,,,,,,,,,,,7.17,5.77,8.62,,,,,,,,,,,,,4.67,3.26,6.07,,,,,,,,,,,
2022-02-17,,,,,,,,,,30.3,28.82,31.61,,,,,,,,,,,,,48.53,47.11,50.14,,,,,,,,,,,,,6.74,5.31,8.13,,,,,,,,,,,,,,,,,,,,,,,,,7.16,5.77,8.6,,,,,,,,,,,,,4.65,3.25,6.04,,,,30.0,51.0,6.0,,5.0,,,4.0
2022-02-18,,,,,,,,,,30.32,28.83,31.63,,,,,,,,,,,,,48.56,47.14,50.17,,,,,,,,,,,,,6.73,5.3,8.11,,,,,,,,,,,,,,,,,,,,,,,,,7.15,5.77,8.58,,,,,,,,,,,,,4.63,3.23,6.02,,,,,,,,,,,
2022-02-19,,,,,,,,,,30.34,28.84,31.66,,,,,,,,,,,,,48.58,47.18,50.21,,,,,,,,,,,,,6.72,5.29,8.1,,,,,,,,,,,,,,,,,,,,,,,,,7.15,5.78,8.56,,,,,,,,,,,,,4.61,3.23,5.98,,,,,,,,,,,
2022-02-20,,,,,,,,,,30.35,28.85,31.68,,,,,,,,,,,,,48.6,47.19,50.25,,,,,,,,,,,,,6.71,5.25,8.08,,,,,,,,,,,,,,,,,,,,,,,,,7.14,5.78,8.53,,,,,,,,,,,,,4.59,3.21,5.91,,,,,,,,,,,
2022-02-21,,,,,,,,,,30.36,28.86,31.7,,,,,,,,,,,,,48.62,47.17,50.29,,,,,,,,,,,,,6.7,5.2,8.03,,,,,,,,,,,,,,,,,,,,,,,,,7.14,5.78,8.49,,,,,,,,,,,,,4.57,3.18,5.88,,,,,,,,,,,
2022-02-22,,,,,,,,,,30.38,28.87,31.71,,,,,,,,,,,,,48.64,47.19,50.28,,,,,,,,,,,,,6.69,5.19,8.02,,,,,,,,,,,,,,,,,,,,,,,,,7.13,5.78,8.5,,,,,,,,,,,,,4.55,3.16,5.89,,,,,,,,,,,
2022-02-23,,,,,,,,,,30.39,28.88,31.73,,,,,,,,,,,,,48.66,47.16,50.27,,,,,,,,,,,,,6.68,5.2,8.02,,,,,,,,,,,,,,,,,,,,,,,,,7.13,5.78,8.49,,,,,,,,,,,,,4.53,3.18,5.9,,,,,,,,,,,
2022-02-24,,,,,,,,,,30.4,28.9,31.74,,,,,,,,,,,,,48.67,47.17,50.32,,,,,,,,,,,,,6.67,5.19,8.01,,,,,,,,,,,,,,,,,,,,,,,,,7.12,5.77,8.48,,,,,,,,,,,,,4.52,3.21,5.89,,,,,,,,,,,
2022-02-25,,,,,,,,,,30.41,28.92,31.75,,,,,,,,,,,,,48.69,47.2,50.36,,,,,,,,,,,,,6.66,5.17,8.01,,,,,,,,,,,,,,,,,,,,,,,,,7.12,5.77,8.45,,,,,,,,,,,,,4.5,3.18,5.88,,,,28.0,48.0,8.0,,7.0,,,7.0
2022-02-26,,,,,,,,,,30.42,28.93,31.75,,,,,,,,,,,,,48.7,47.23,50.38,,,,,,,,,,,,,6.65,5.18,8.0,,,,,,,,,,,,,,,,,,,,,,,,,7.12,5.76,8.42,,,,,,,,,,,,,4.49,3.15,5.86,,,,,,,,,,,
2022-02-27,,,,,,,,,,30.43,28.92,31.76,,,,,,,,,,,,,48.71,47.26,50.35,,,,,,,,,,,,,6.64,5.23,8.0,,,,,,,,,,,,,,,,,,,,,,,,,7.12,5.76,8.44,,,,,,,,,,,,,4.48,3.13,5.84,,,,,,,,,,,
2022-02-28,,,,,,,,,,30.43,28.92,31.76,,,,,,,,,,,,,48.72,47.27,50.32,,,,,,,,,,,,,6.64,5.24,8.03,,,,,,,,,,,,,,,,,,,,,,,,,7.11,5.79,8.43,,,,,,,,,,,,,4.47,3.14,5.83,,,,,,,,,,,
2022-03-01,,,,,,,,,,30.44,28.94,31.72,,,,,,,,,,,,,48.73,47.28,50.28,,,,,,,,,,,,,6.63,5.26,8.02,,,,,,,,,,,,,,,,,,,,,,,,,7.11,5.81,8.43,,,,,,,,,,,,,4.46,3.14,5.81,,,,,,,,,,,
2022-03-02,,,,,,,,,,30.45,28.94,31.72,,,,,,,,,,,,,48.73,47.3,50.25,,,,,,,,,,,,,6.63,5.24,7.98,,,,,,,,,,,,,,,,,,,,,,,,,7.11,5.81,8.46,,,,,,,,,,,,,4.45,3.12,5.79,,,,,,,,,,,
2022-03-03,,,,,,,,,,30.45,28.94,31.74,,,,,,,,,,,,,48.74,47.33,50.26,,,,,,,,,,,,,6.62,5.23,7.99,,,,,,,,,,,,,,,,,,,,,,,,,7.11,5.82,8.48,,,,,,,,,,,,,4.44,3.1,5.73,,,,,,,,,,,
2022-03-04,,,,,,,,,,30.46,28.94,31.74,,,,,,,,,,,,,48.74,47.36,50.29,,,,,,,,,,,,,6.62,5.21,8.0,,,,,,,,,,,,,,,,,,,,,,,,,7.11,5.83,8.5,,,,,,,,,,,,,4.44,3.11,5.72,,,,33.0,50.0,3.0,,8.0,,,5.0
2022-03-05,,,,,,,,,,30.46,28.95,31.75,,,,,,,,,,,,,48.74,47.36,50.31,,,,,,,,,,,,,6.62,5.21,8.01,,,,,,,,,,,,,,,,,,,,,,,,,7.11,5.83,8.52,,,,,,,,,,,,,4.43,3.12,5.69,,,,,,,,,,,
2022-03-06,,,,,,,,,,30.46,28.95,31.77,,,,,,,,,,,,,48.74,47.35,50.33,,,,,,,,,,,,,6.62,5.25,8.0,,,,,,,,,,,,,,,,,,,,,,,,,7.11,5.81,8.55,,,,,,,,,,,,,4.42,3.12,5.7,,,,,,,,,,,
2022-03-07,,,,,,,,,,30.47,29.0,31.75,,,,,,,,,,,,,48.74,47.36,50.33,,,,,,,,,,,,,6.62,5.24,7.98,,,,,,,,,,,,,,,,,,,,,,,,,7.11,5.81,8.57,,,,,,,,,,,,,4.42,3.12,5.71,,,,,,,,,,,
2022-03-08,,,,,,,,,,30.47,29.04,31.73,,,,,,,,,,,,,48.74,47.38,50.34,,,,,,,,,,,,,6.62,5.22,7.99,,,,,,,,,,,,,,,,,,,,,,,,,7.11,5.82,8.59,,,,,,,,,,,,,4.41,3.12,5.71,,,,,,,,,,,
2022-03-09,,,,,,,,,,30.47,29.05,31.71,,,,,,,,,,,,,48.74,47.38,50.35,,,,,,,,,,,,,6.63,5.21,8.03,,,,,,,,,,,,,,,,,,,,,,,,,7.11,5.83,8.61,,,,,,,,,,,,,4.4,3.12,5.72,,,,28.0,49.0,7.0,,9.0,,,3.0
2022-03-10,,,,,,,,,,30.48,29.05,31.72,,,,,,,,,,,,,48.73,47.37,50.37,,,,,,,,,,,,,6.63,5.19,8.08,,,,,,,,,,,,,,,,,,,,,,,,,7.12,5.82,8.62,,,,,,,,,,,,,4.4,3.14,5.74,,,,,,,,,,,
2022-03-11,,,,,,,,,,30.48,29.05,31.73,,,,,,,,,,,,,48.72,47.35,50.32,,,,,,,,,,,,,6.63,5.2,8.07,,,,,,,,,,,,,,,,,,,,,,,,,7.12,5.81,8.6,,,,,,,,,,,,,4.39,3.13,5.77,,,,,,,,,,,
2022-03-12,,,,,,,,,,30.48,29.07,31.76,,,,,,,,,,,,,48.72,47.33,50.27,,,,,,,,,,,,,6.64,5.21,8.04,,,,,,,,,,,,,,,,,,,,,,,,,7.12,5.83,8.59,,,,,,,,,,,,,4.39,3.13,5.79,,,,,,,,,,,
2022-03-13,,,,,,,,,,30.48,29.05,31.75,,,,,,,,,,,,,48.71,47.3,50.29,,,,,,,,,,,,,6.65,5.2,8.09,,,,,,,,,,,,,,,,,,,,,,,,,7.12,5.85,8.56,,,,,,,,,,,,,4.38,3.13,5.79,,,,,,,,,,,
2022-03-14,,,,,,,,,,30.49,29.03,31.76,,,,,,,,,,,,,48.7,47.26,50.28,,,,,,,,,,,,,6.65,5.24,8.14,,,,,,,,,,,,,,,,,,,,,,,,,7.12,5.88,8.54,,,,,,,,,,,,,4.38,3.11,5.8,,,,,,,,,,,
2022-03-15,,,,,,,,,,30.49,29.05,31.77,,,,,,,,,,,,,48.69,47.25,50.32,,,,,,,,,,,,,6.66,5.29,8.19,,,,,,,,,,,,,,,,,,,,,,,,,7.13,5.88,8.52,,,,,,,,,,,,,4.37,3.14,5.82,,,,,,,,,,,
2022-03-16,,,,,,,,,,30.49,29.07,31.78,,,,,,,,,,,,,48.68,47.24,50.29,,,,,,,,,,,,,6.67,5.32,8.2,,,,,,,,,,,,,,,,,,,,,,,,,7.13,5.86,8.5,,,,,,,,,,,,,4.37,3.14,5.82,,,,,,,,,,,
2022-03-17,,,,,,,,,,30.49,29.08,31.79,,,,,,,,,,,,,48.66,47.24,50.27,,,,,,,,,,,,,6.68,5.34,8.21,,,,,,,,,,,,,,,,,,,,,,,,,7.13,5.83,8.48,,,,,,,,,,,,,4.37,3.14,5.8,,,,31.0,53.0,5.0,,5.0,,,3.0
2022-03-18,,,,,,,,,,30.49,29.07,31.8,,,,,,,,,,,,,48.65,47.2,50.23,,,,,,,,,,,,,6.69,5.31,8.23,,,,,,,,,,,,,,,,,,,,,,,,,7.13,5.8,8.52,,,,,,,,,,,,,4.37,3.13,5.74,,,,,,,,,,,
2022-03-19,,,,,,,,,,30.5,29.06,31.8,,,,,,,,,,,,,48.63,47.18,50.25,,,,,,,,,,,,,6.71,5.29,8.24,,,,,,,,,,,,,,,,,,,,,,,,,7.14,5.77,8.51,,,,,,,,,,,,,4.36,3.13,5.72,,,,,,,,,,,
2022-03-20,,,,,,,,,,30.5,29.05,31.81,,,,,,,,,,,,,48.61,47.18,50.25,,,,,,,,,,,,,6.72,5.29,8.26,,,,,,,,,,,,,,,,,,,,,,,,,7.14,5.76,8.53,,,,,,,,,,,,,4.36,3.12,5.72,,,,,,,,,,,
2022-03-21,,,,,,,,,,30.5,29.03,31.83,,,,,,,,,,,,,48.59,47.18,50.27,,,,,,,,,,,,,6.74,5.28,8.28,,,,,,,,,,,,,,,,,,,,,,,,,7.14,5.76,8.57,,,,,,,,,,,,,4.36,3.09,5.71,,,,,,,,,,,
2022-03-22,,,,,,,,,,30.5,29.04,31.84,,,,,,,,,,,,,48.57,47.18,50.28,,,,,,,,,,,,,6.75,5.28,8.29,,,,,,,,,,,,,,,,,,,,,,,,,7.14,5.76,8.61,,,,,,,,,,,,,4.36,3.09,5.7,,,,,,,,,,,
2022-03-23,,,,,,,,,,30.5,29.05,31.86,,,,,,,,,,,,,48.55,47.14,50.26,,,,,,,,,,,,,6.77,5.29,8.32,,,,,,,,,,,,,,,,,,,,,,,,,7.15,5.77,8.63,,,,,,,,,,,,,4.36,3.1,5.74,,,,34.0,44.0,5.0,,11.0,,,3.0
2022-03-24,,,,,,,,,,30.5,29.06,31.87,,,,,,,,,,,,,48.53,47.11,50.24,,,,,,,,,,,,,6.79,5.3,8.34,,,,,,,,,,,,,,,,,,,,,,,,,7.15,5.76,8.61,,,,,,,,,,,,,4.37,3.11,5.75,,,,32.0,45.0,9.0,,8.0,,,4.0
2022-03-25,,,,,,,,,,30.5,29.06,31.87,,,,,,,,,,,,,48.5,47.13,50.19,,,,,,,,,,,,,6.81,5.31,8.35,,,,,,,,,,,,,,,,,,,,,,,,,7.15,5.76,8.63,,,,,,,,,,,,,4.37,3.1,5.76,,,,,,,,,,,
2022-03-26,,,,,,,,,,30.5,29.06,31.88,,,,,,,,,,,,,48.48,47.13,50.15,,,,,,,,,,,,,6.83,5.32,8.38,,,,,,,,,,,,,,,,,,,,,,,,,7.15,5.76,8.67,,,,,,,,,,,,,4.37,3.1,5.75,,,,,,,,,,,
2022-03-27,,,,,,,,,,30.5,29.07,31.88,,,,,,,,,,,,,48.45,47.14,50.12,,,,,,,,,,,,,6.85,5.32,8.4,,,,,,,,,,,,,,,,,,,,,,,,,7.16,5.76,8.69,,,,,,,,,,,,,4.38,3.1,5.79,,,,,,,,,,,
2022-03-28,,,,,,,,,,30.49,29.08,31.89,,,,,,,,,,,,,48.43,47.07,50.08,,,,,,,,,,,,,6.87,5.33,8.42,,,,,,,,,,,,,,,,,,,,,,,,,7.16,5.76,8.7,,,,,,,,,,,,,4.38,3.13,5.83,,,,,,,,,,,
2022-03-29,,,,,,,,,,30.49,29.1,31.93,,,,,,,,,,,,,48.4,47.0,50.03,,,,,,,,,,,,,6.89,5.34,8.44,,,,,,,,,,,,,,,,,,,,,,,,,7.16,5.77,8.68,,,,,,,,,,,,,4.38,3.13,5.87,,,,,,,,,,,
2022-03-30,,,,,,,,,,30.49,29.1,31.94,,,,,,,,,,,,,48.37,46.93,50.02,,,,,,,,,,,,,6.92,5.35,8.47,,,,,,,,,,,,,,,,,,,,,,,,,7.16,5.77,8.67,,,,,,,,,,,,,4.39,3.1,5.9,,,,31.0,49.0,7.0,,6.0,,,5.0
2022-03-31,,,,,,,,,,30.49,29.1,31.91,,,,,,,,,,,,,48.35,46.92,50.0,,,,,,,,,,,,,6.94,5.37,8.49,,,,,,,,,,,,,,,,,,,,,,,,,7.17,5.78,8.65,,,,,,,,,,,,,4.39,3.1,5.94,,,,,,,,,,,
2022-04-01,,,,,,,,,,30.49,29.09,31.89,,,,,,,,,,,,,48.32,46.9,49.98,,,,,,,,,,,,,6.97,5.39,8.51,,,,,,,,,,,,,,,,,,,,,,,,,7.17,5.78,8.63,,,,,,,,,,,,,4.4,3.11,5.97,,,,,,,,,,,
2022-04-02,,,,,,,,,,30.48,29.09,31.87,,,,,,,,,,,,,48.29,46.89,49.96,,,,,,,,,,,,,6.99,5.43,8.54,,,,,,,,,,,,,,,,,,,,,,,,,7.17,5.78,8.61,,,,,,,,,,,,,4.4,3.12,5.97,,,,,,,,,,,
2022-04-03,,,,,,,,,,30.48,29.07,31.85,,,,,,,,,,,,,48.26,46.88,49.94,,,,,,,,,,,,,7.01,5.43,8.56,,,,,,,,,,,,,,,,,,,,,,,,,7.17,5.77,8.6,,,,,,,,,,,,,4.41,3.12,5.96,,,,,,,,,,,
2022-04-04,,,,,,,,,,30.48,29.06,31.83,,,,,,,,,,,,,48.24,46.86,49.94,,,,,,,,,,,,,7.04,5.47,8.58,,,,,,,,,,,,,,,,,,,,,,,,,7.17,5.77,8.58,,,,,,,,,,,,,4.42,3.12,5.94,,,,,,,,,,,
2022-04-05,,,,,,,,,,30.48,29.04,31.82,,,,,,,,,,,,,48.21,46.81,49.94,,,,,,,,,,,,,7.06,5.49,8.57,,,,,,,,,,,,,,,,,,,,,,,,,7.18,5.76,8.59,,,,,,,,,,,,,4.42,3.12,5.93,,,,,,,,,,,
2022-04-06,,,,,,,,,,30.48,29.01,31.81,,,,,,,,,,,,,48.18,46.75,49.9,,,,,,,,,,,,,7.09,5.52,8.58,,,,,,,,,,,,,,,,,,,,,,,,,7.18,5.76,8.6,,,,,,,,,,,,,4.43,3.12,5.92,,,,,,,,,,,
2022-04-07,,,,,,,,,,30.48,28.99,31.79,,,,,,,,,,,,,48.15,46.68,49.86,,,,,,,,,,,,,7.11,5.54,8.63,,,,,,,,,,,,,,,,,,,,,,,,,7.18,5.76,8.61,,,,,,,,,,,,,4.43,3.12,5.9,,,,33.0,47.0,7.0,,6.0,,,4.0
2022-04-08,,,,,,,,,,30.49,29.01,31.79,,,,,,,,,,,,,48.13,46.62,49.8,,,,,,,,,,,,,7.13,5.56,8.66,,,,,,,,,,,,,,,,,,,,,,,,,7.18,5.76,8.61,,,,,,,,,,,,,4.44,3.12,5.89,,,,,,,,,,,
2022-04-09,,,,,,,,,,30.49,29.02,31.79,,,,,,,,,,,,,48.1,46.55,49.77,,,,,,,,,,,,,7.16,5.59,8.68,,,,,,,,,,,,,,,,,,,,,,,,,7.18,5.76,8.61,,,,,,,,,,,,,4.44,3.12,5.88,,,,,,,,,,,
2022-04-10,,,,,,,,,,30.49,29.04,31.83,,,,,,,,,,,,,48.08,46.52,49.73,,,,,,,,,,,,,7.18,5.62,8.7,,,,,,,,,,,,,,,,,,,,,,,,,7.18,5.75,8.6,,,,,,,,,,,,,4.45,3.11,5.89,,,,,,,,,,,
2022-04-11,,,,,,,,,,30.49,29.02,31.85,,,,,,,,,,,,,48.05,46.48,49.69,,,,,,,,,,,,,7.2,5.65,8.71,,,,,,,,,,,,,,,,,,,,,,,,,7.18,5.74,8.6,,,,,,,,,,,,,4.45,3.13,5.92,,,,,,,,,,,
2022-04-12,,,,,,,,,,30.5,29.0,31.87,,,,,,,,,,,,,48.03,46.41,49.66,,,,,,,,,,,,,7.22,5.68,8.75,,,,,,,,,,,,,,,,,,,,,,,,,7.17,5.72,8.62,,,,,,,,,,,,,4.46,3.14,5.96,,,,,,,,,,,
2022-04-13,,,,,,,,,,30.5,28.98,31.89,,,,,,,,,,,,,48.0,46.41,49.63,,,,,,,,,,,,,7.25,5.71,8.79,,,,,,,,,,,,,,,,,,,,,,,,,7.17,5.71,8.64,,,,,,,,,,,,,4.46,3.15,5.97,,,,,,,,,,,
2022-04-14,,,,,,,,,,30.51,28.95,31.91,,,,,,,,,,,,,47.98,46.37,49.59,,,,,,,,,,,,,7.27,5.74,8.83,,,,,,,,,,,,,,,,,,,,,,,,,7.17,5.7,8.63,,,,,,,,,,,,,4.47,3.14,5.94,,,,27.0,51.0,8.0,,4.0,,,7.0
2022-04-15,,,,,,,,,,30.51,28.93,31.92,,,,,,,,,,,,,47.95,46.3,49.56,,,,,,,,,,,,,7.29,5.77,8.88,,,,,,,,,,,,,,,,,,,,,,,,,7.16,5.7,8.63,,,,,,,,,,,,,4.47,3.13,5.9,,,,,,,,,,,
2022-04-16,,,,,,,,,,30.52,28.92,31.91,,,,,,,,,,,,,47.93,46.24,49.54,,,,,,,,,,,,,7.32,5.81,8.92,,,,,,,,,,,,,,,,,,,,,,,,,7.16,5.7,8.59,,,,,,,,,,,,,4.47,3.11,5.86,,,,,,,,,,,
2022-04-17,,,,,,,,,,30.52,28.93,31.89,,,,,,,,,,,,,47.91,46.19,49.52,,,,,,,,,,,,,7.34,5.85,8.9,,,,,,,,,,,,,,,,,,,,,,,,,7.16,5.69,8.55,,,,,,,,,,,,,4.48,3.13,5.83,,,,,,,,,,,
2022-04-18,,,,,,,,,,30.53,28.93,31.88,,,,,,,,,,,,,47.89,46.13,49.51,,,,,,,,,,,,,7.36,5.88,8.88,,,,,,,,,,,,,,,,,,,,,,,,,7.15,5.7,8.54,,,,,,,,,,,,,4.48,3.17,5.8,,,,,,,,,,,
2022-04-19,,,,,,,,,,30.53,28.94,31.91,,,,,,,,,,,,,47.86,46.11,49.5,,,,,,,,,,,,,7.38,5.92,8.87,,,,,,,,,,,,,,,,,,,,,,,,,7.14,5.7,8.53,,,,,,,,,,,,,4.49,3.17,5.78,,,,,,,,,,,
2022-04-20,,,,,,,,,,30.54,28.95,31.93,,,,,,,,,,,,,47.85,46.09,49.48,,,,,,,,,,,,,7.41,5.96,8.86,,,,,,,,,,,,,,,,,,,,,,,,,7.14,5.7,8.52,,,,,,,,,,,,,4.49,3.18,5.77,,,,28.0,49.0,7.0,,7.0,,,6.0
2022-04-21,,,,,,,,,,30.54,28.96,31.92,,,,,,,,,,,,,47.83,46.08,49.46,,,,,,,,,,,,,7.43,5.97,8.87,,,,,,,,,,,,,,,,,,,,,,,,,7.13,5.7,8.51,,,,,,,,,,,,,4.49,3.18,5.76,,,,,,,,,,,
2022-04-22,,,,,,,,,,30.55,29.0,31.94,,,,,,,,,,,,,47.81,46.06,49.46,,,,,,,,,,,,,7.45,5.98,8.88,,,,,,,,,,,,,,,,,,,,,,,,,7.12,5.67,8.48,,,,,,,,,,,,,4.49,3.18,5.77,,,,,,,,,,,
2022-04-23,,,,,,,,,,30.55,29.0,31.96,,,,,,,,,,,,,47.79,46.05,49.44,,,,,,,,,,,,,7.47,5.98,8.89,,,,,,,,,,,,,,,,,,,,,,,,,7.12,5.67,8.45,,,,,,,,,,,,,4.5,3.19,5.77,,,,,,,,,,,
2022-04-24,,,,,,,,,,30.56,28.99,31.98,,,,,,,,,,,,,47.78,46.05,49.44,,,,,,,,,,,,,7.5,5.99,8.89,,,,,,,,,,,,,,,,,,,,,,,,,7.11,5.66,8.42,,,,,,,,,,,,,4.5,3.19,5.76,,,,,,,,,,,
2022-04-25,,,,,,,,,,30.56,28.99,32.0,,,,,,,,,,,,,47.77,46.05,49.43,,,,,,,,,,,,,7.52,6.01,8.89,,,,,,,,,,,,,,,,,,,,,,,,,7.1,5.65,8.39,,,,,,,,,,,,,4.5,3.2,5.81,,,,,,,,,,,
2022-04-26,,,,,,,,,,30.56,29.0,32.02,,,,,,,,,,,,,47.76,46.04,49.43,,,,,,,,,,,,,7.54,6.05,8.91,,,,,,,,,,,,,,,,,,,,,,,,,7.09,5.65,8.36,,,,,,,,,,,,,4.5,3.2,5.82,,,,,,,,,,,
2022-04-27,,,,,,,,,,30.57,29.01,32.03,,,,,,,,,,,,,47.75,46.04,49.42,,,,,,,,,,,,,7.57,6.06,8.96,,,,,,,,,,,,,,,,,,,,,,,,,7.08,5.65,8.33,,,,,,,,,,,,,4.51,3.2,5.84,,,,29.0,51.0,8.0,,8.0,,,3.0
2022-04-28,,,,,,,,,,30.57,29.03,32.05,,,,,,,,,,,,,47.74,46.04,49.42,,,,,,,,,,,,,7.59,6.07,8.98,,,,,,,,,,,,,,,,,,,,,,,,,7.07,5.65,8.29,,,,,,,,,,,,,4.51,3.2,5.84,,,,,,,,,,,
2022-04-29,,,,,,,,,,30.57,29.03,32.06,,,,,,,,,,,,,47.73,46.04,49.41,,,,,,,,,,,,,7.61,6.08,8.99,,,,,,,,,,,,,,,,,,,,,,,,,7.06,5.65,8.26,,,,,,,,,,,,,4.51,3.2,5.83,,,,,,,,,,,
2022-04-30,,,,,,,,,,30.57,29.0,32.08,,,,,,,,,,,,,47.72,46.05,49.39,,,,,,,,,,,,,7.63,6.1,9.03,,,,,,,,,,,,,,,,,,,,,,,,,7.05,5.66,8.24,,,,,,,,,,,,,4.51,3.2,5.85,,,,,,,,,,,
2022-05-01,,,,,,,,,,30.57,28.99,32.11,,,,,,,,,,,,,47.72,46.1,49.37,,,,,,,,,,,,,7.66,6.11,9.07,,,,,,,,,,,,,,,,,,,,,,,,,7.04,5.66,8.22,,,,,,,,,,,,,4.51,3.19,5.87,,,,,,,,,,,
2022-05-02,,,,,,,,,,30.56,28.99,32.13,,,,,,,,,,,,,47.72,46.14,49.35,,,,,,,,,,,,,7.68,6.13,9.12,,,,,,,,,,,,,,,,,,,,,,,,,7.03,5.64,8.22,,,,,,,,,,,,,4.51,3.18,5.88,,,,,,,,,,,
2022-05-03,,,,,,,,,,30.56,28.99,32.14,,,,,,,,,,,,,47.72,46.19,49.37,,,,,,,,,,,,,7.7,6.15,9.16,,,,,,,,,,,,,,,,,,,,,,,,,7.02,5.63,8.21,,,,,,,,,,,,,4.52,3.17,5.9,,,,,,,,,,,
2022-05-04,,,,,,,,,,30.55,29.0,32.14,,,,,,,,,,,,,47.72,46.23,49.35,,,,,,,,,,,,,7.72,6.18,9.21,,,,,,,,,,,,,,,,,,,,,,,,,7.01,5.61,8.21,,,,,,,,,,,,,4.52,3.22,5.91,,,,,,,,,,,
2022-05-05,,,,,,,,,,30.55,29.0,32.13,,,,,,,,,,,,,47.72,46.2,49.33,,,,,,,,,,,,,7.75,6.21,9.23,,,,,,,,,,,,,,,,,,,,,,,,,7.0,5.57,8.21,,,,,,,,,,,,,4.52,3.23,5.92,,,,,,,,,,,
2022-05-06,,,,,,,,,,30.54,29.0,32.12,,,,,,,,,,,,,47.72,46.18,49.3,,,,,,,,,,,,,7.77,6.23,9.27,,,,,,,,,,,,,,,,,,,,,,,,,6.98,5.56,8.21,,,,,,,,,,,,,4.52,3.21,5.93,,,,31.0,45.0,6.0,,9.0,,,4.0
2022-05-07,,,,,,,,,,30.53,29.01,32.11,,,,,,,,,,,,,47.72,46.17,49.28,,,,,,,,,,,,,7.79,6.27,9.27,,,,,,,,,,,,,,,,,,,,,,,,,6.97,5.54,8.21,,,,,,,,,,,,,4.52,3.22,5.94,,,,,,,,,,,
2022-05-08,,,,,,,,,,30.52,29.01,32.09,,,,,,,,,,,,,47.73,46.13,49.27,,,,,,,,,,,,,7.82,6.31,9.26,,,,,,,,,,,,,,,,,,,,,,,,,6.96,5.54,8.21,,,,,,,,,,,,,4.53,3.19,5.94,,,,,,,,,,,
2022-05-09,,,,,,,,,,30.5,29.02,32.08,,,,,,,,,,,,,47.73,46.15,49.25,,,,,,,,,,,,,7.84,6.32,9.27,,,,,,,,,,,,,,,,,,,,,,,,,6.95,5.56,8.21,,,,,,,,,,,,,4.53,3.16,5.95,,,,,,,,,,,
2022-05-10,,,,,,,,,,30.49,29.0,32.06,,,,,,,,,,,,,47.74,46.14,49.23,,,,,,,,,,,,,7.86,6.35,9.32,,,,,,,,,,,,,,,,,,,,,,,,,6.95,5.57,8.24,,,,,,,,,,,,,4.53,3.13,5.95,,,,,,,,,,,
2022-05-11,,,,,,,,,,30.48,28.97,32.04,,,,,,,,,,,,,47.74,46.15,49.22,,,,,,,,,,,,,7.89,6.36,9.37,,,,,,,,,,,,,,,,,,,,,,,,,6.94,5.56,8.27,,,,,,,,,,,,,4.53,3.1,5.95,,,,33.0,43.0,12.0,,6.0,,,4.0
2022-05-12,,,,,,,,,,30.46,28.94,32.02,,,,,,,,,,,,,47.75,46.12,49.24,,,,,,,,,,,,,7.91,6.37,9.42,,,,,,,,,,,,,,,,,,,,,,,,,6.93,5.56,8.31,,,,,,,,,,,,,4.53,3.12,5.95,,,,,,,,,,,
2022-05-13,,,,,,,,,,30.44,28.92,32.0,,,,,,,,,,,,,47.76,46.09,49.24,,,,,,,,,,,,,7.94,6.37,9.48,,,,,,,,,,,,,,,,,,,,,,,,,6.92,5.53,8.34,,,,,,,,,,,,,4.54,3.11,5.96,,,,,,,,,,,
2022-05-14,,,,,,,,,,30.43,28.91,31.99,,,,,,,,,,,,,47.76,46.07,49.26,,,,,,,,,,,,,7.96,6.38,9.51,,,,,,,,,,,,,,,,,,,,,,,,,6.92,5.51,8.36,,,,,,,,,,,,,4.54,3.1,5.96,,,,,,,,,,,
2022-05-15,,,,,,,,,,30.41,28.87,32.01,,,,,,,,,,,,,47.77,46.05,49.28,,,,,,,,,,,,,7.98,6.41,9.52,,,,,,,,,,,,,,,,,,,,,,,,,6.91,5.52,8.37,,,,,,,,,,,,,4.54,3.09,5.95,,,,,,,,,,,
2022-05-16,,,,,,,,,,30.39,28.83,31.97,,,,,,,,,,,,,47.78,46.07,49.26,,,,,,,,,,,,,8.01,6.44,9.52,,,,,,,,,,,,,,,,,,,,,,,,,6.91,5.5,8.37,,,,,,,,,,,,,4.54,3.07,5.95,,,,,,,,,,,
2022-05-17,,,,,,,,,,30.37,28.8,31.94,,,,,,,,,,,,,47.78,46.11,49.22,,,,,,,,,,,,,8.03,6.47,9.53,,,,,,,,,,,,,,,,,,,,,,,,,6.9,5.48,8.36,,,,,,,,,,,,,4.54,3.06,5.94,,,,,,,,,,,
2022-05-18,,,,,,,,,,30.35,28.77,31.95,,,,,,,,,,,,,47.79,46.18,49.22,,,,,,,,,,,,,8.06,6.5,9.55,,,,,,,,,,,,,,,,,,,,,,,,,6.9,5.44,8.35,,,,,,,,,,,,,4.54,3.05,5.94,,,,,,,,,,,
2022-05-19,,,,,,,,,,30.34,28.76,31.97,,,,,,,,,,,,,47.79,46.25,49.25,,,,,,,,,,,,,8.08,6.53,9.6,,,,,,,,,,,,,,,,,,,,,,,,,6.9,5.4,8.34,,,,,,,,,,,,,4.54,3.05,5.93,,,,28.0,48.0,9.0,,8.0,,,4.0
2022-05-20,,,,,,,,,,30.32,28.72,31.93,,,,,,,,,,,,,47.8,46.23,49.28,,,,,,,,,,,,,8.1,6.55,9.66,,,,,,,,,,,,,,,,,,,,,,,,,6.9,5.44,8.33,,,,,,,,,,,,,4.53,3.01,5.92,,,,,,,,,,,
2022-05-21,,,,,,,,,,30.3,28.69,31.94,,,,,,,,,,,,,47.8,46.25,49.28,,,,,,,,,,,,,8.13,6.55,9.68,,,,,,,,,,,,,,,,,,,,,,,,,6.9,5.43,8.33,,,,,,,,,,,,,4.53,2.97,5.91,,,,,,,,,,,
2022-05-22,,,,,,,,,,30.28,28.66,31.94,,,,,,,,,,,,,47.81,46.24,49.26,,,,,,,,,,,,,8.15,6.58,9.69,,,,,,,,,,,,,,,,,,,,,,,,,6.9,5.42,8.35,,,,,,,,,,,,,4.53,2.96,5.91,,,,,,,,,,,
2022-05-23,,,,,,,,,,30.26,28.63,31.93,,,,,,,,,,,,,47.81,46.21,49.23,,,,,,,,,,,,,8.18,6.58,9.7,,,,,,,,,,,,,,,,,,,,,,,,,6.9,5.4,8.39,,,,,,,,,,,,,4.52,2.95,5.92,,,,,,,,,,,
2022-05-24,,,,,,,,,,30.24,28.6,31.89,,,,,,,,,,,,,47.81,46.19,49.22,,,,,,,,,,,,,8.2,6.6,9.72,,,,,,,,,,,,,,,,,,,,,,,,,6.91,5.41,8.37,,,,,,,,,,,,,4.52,2.9,5.92,,,,,,,,,,,
2022-05-25,,,,,,,,,,30.22,28.58,31.86,,,,,,,,,,,,,47.81,46.17,49.23,,,,,,,,,,,,,8.23,6.65,9.73,,,,,,,,,,,,,,,,,,,,,,,,,6.91,5.42,8.34,,,,,,,,,,,,,4.51,2.91,5.91,,,,31.0,47.0,7.0,,7.0,,,6.0
2022-05-26,,,,,,,,,,30.21,28.57,31.82,,,,,,,,,,,,,47.81,46.15,49.25,,,,,,,,,,,,,8.25,6.71,9.74,,,,,,,,,,,,,,,,,,,,,,,,,6.91,5.41,8.32,,,,,,,,,,,,,4.51,2.92,5.9,,,,,,,,,,,
2022-05-27,,,,,,,,,,30.19,28.53,31.78,,,,,,,,,,,,,47.81,46.13,49.26,,,,,,,,,,,,,8.28,6.74,9.82,,,,,,,,,,,,,,,,,,,,,,,,,6.92,5.43,8.32,,,,,,,,,,,,,4.5,2.93,5.89,,,,,,,,,,,
2022-05-28,,,,,,,,,,30.17,28.51,31.79,,,,,,,,,,,,,47.81,46.11,49.25,,,,,,,,,,,,,8.3,6.77,9.83,,,,,,,,,,,,,,,,,,,,,,,,,6.93,5.42,8.36,,,,,,,,,,,,,4.49,2.93,5.88,,,,,,,,,,,
2022-05-29,,,,,,,,,,30.16,28.51,31.78,,,,,,,,,,,,,47.81,46.1,49.24,,,,,,,,,,,,,8.33,6.8,9.82,,,,,,,,,,,,,,,,,,,,,,,,,6.93,5.41,8.32,,,,,,,,,,,,,4.49,2.93,5.87,,,,,,,,,,,
2022-05-30,,,,,,,,,,30.14,28.52,31.81,,,,,,,,,,,,,47.8,46.12,49.24,,,,,,,,,,,,,8.35,6.83,9.85,,,,,,,,,,,,,,,,,,,,,,,,,6.94,5.4,8.34,,,,,,,,,,,,,4.48,2.93,5.87,,,,,,,,,,,
2022-05-31,,,,,,,,,,30.13,28.51,31.85,,,,,,,,,,,,,47.8,46.14,49.24,,,,,,,,,,,,,8.38,6.84,9.87,,,,,,,,,,,,,,,,,,,,,,,,,6.95,5.39,8.36,,,,,,,,,,,,,4.47,2.9,5.89,,,,,,,,,,,
2022-06-01,,,,,,,,,,30.11,28.44,31.88,,,,,,,,,,,,,47.8,46.14,49.24,,,,,,,,,,,,,8.4,6.89,9.9,,,,,,,,,,,,,,,,,,,,,,,,,6.96,5.41,8.36,,,,,,,,,,,,,4.46,2.86,5.87,,,,,,,,,,,
2022-06-02,,,,,,,,,,30.1,28.42,31.92,,,,,,,,,,,,,47.79,46.11,49.26,,,,,,,,,,,,,8.42,6.89,9.91,,,,,,,,,,,,,,,,,,,,,,,,,6.97,5.41,8.36,,,,,,,,,,,,,4.45,2.82,5.85,,,,,,,,,,,
2022-06-03,,,,,,,,,,30.09,28.41,31.93,,,,,,,,,,,,,47.79,46.09,49.28,,,,,,,,,,,,,8.45,6.94,9.91,,,,,,,,,,,,,,,,,,,,,,,,,6.98,5.42,8.36,,,,,,,,,,,,,4.44,2.81,5.85,,,,29.0,45.0,10.0,,8.0,,,6.0
2022-06-04,,,,,,,,,,30.08,28.39,31.9,,,,,,,,,,,,,47.78,46.07,49.3,,,,,,,,,,,,,8.47,6.98,9.92,,,,,,,,,,,,,,,,,,,,,,,,,6.99,5.44,8.37,,,,,,,,,,,,,4.43,2.76,5.87,,,,,,,,,,,
2022-06-05,,,,,,,,,,30.06,28.38,31.87,,,,,,,,,,,,,47.78,46.06,49.28,,,,,,,,,,,,,8.5,6.99,9.96,,,,,,,,,,,,,,,,,,,,,,,,,7.0,5.46,8.38,,,,,,,,,,,,,4.42,2.76,5.88,,,,,,,,,,,
2022-06-06,,,,,,,,,,30.05,28.38,31.84,,,,,,,,,,,,,47.77,46.03,49.27,,,,,,,,,,,,,8.52,6.99,10.01,,,,,,,,,,,,,,,,,,,,,,,,,7.02,5.45,8.36,,,,,,,,,,,,,4.41,2.76,5.85,,,,,,,,,,,
2022-06-07,,,,,,,,,,30.04,28.38,31.86,,,,,,,,,,,,,47.76,45.97,49.27,,,,,,,,,,,,,8.54,6.98,10.05,,,,,,,,,,,,,,,,,,,,,,,,,7.03,5.47,8.36,,,,,,,,,,,,,4.39,2.77,5.83,,,,,,,,,,,
2022-06-08,,,,,,,,,,30.03,28.37,31.87,,,,,,,,,,,,,47.76,45.93,49.27,,,,,,,,,,,,,8.56,6.98,10.09,,,,,,,,,,,,,,,,,,,,,,,,,7.04,5.46,8.36,,,,,,,,,,,,,4.38,2.72,5.84,,,,,,,,,,,
2022-06-09,,,,,,,,,,30.02,28.34,31.85,,,,,,,,,,,,,47.75,45.92,49.31,,,,,,,,,,,,,8.59,7.0,10.11,,,,,,,,,,,,,,,,,,,,,,,,,7.05,5.49,8.36,,,,,,,,,,,,,4.37,2.68,5.83,,,,31.0,50.0,7.0,,6.0,,,4.0
2022-06-10,,,,,,,,,,30.02,28.33,31.84,,,,,,,,,,,,,47.75,45.91,49.34,,,,,,,,,,,,,8.61,7.02,10.15,,,,,,,,,,,,,,,,,,,,,,,,,7.06,5.48,8.36,,,,,,,,,,,,,4.36,2.66,5.8,,,,,,,,,,,
2022-06-11,,,,,,,,,,30.01,28.32,31.82,,,,,,,,,,,,,47.74,45.91,49.3,,,,,,,,,,,,,8.63,7.05,10.2,,,,,,,,,,,,,,,,,,,,,,,,,7.08,5.47,8.39,,,,,,,,,,,,,4.35,2.66,5.79,,,,,,,,,,,
2022-06-12,,,,,,,,,,30.0,28.27,31.8,,,,,,,,,,,,,47.74,45.91,49.31,,,,,,,,,,,,,8.65,7.07,10.21,,,,,,,,,,,,,,,,,,,,,,,,,7.09,5.46,8.39,,,,,,,,,,,,,4.34,2.65,5.75,,,,,,,,,,,
2022-06-13,,,,,,,,,,29.99,28.27,31.78,,,,,,,,,,,,,47.73,45.94,49.31,,,,,,,,,,,,,8.67,7.1,10.23,,,,,,,,,,,,,,,,,,,,,,,,,7.1,5.45,8.4,,,,,,,,,,,,,4.33,2.64,5.72,,,,,,,,,,,
2022-06-14,,,,,,,,,,29.98,28.25,31.78,,,,,,,,,,,,,47.73,45.93,49.33,,,,,,,,,,,,,8.69,7.13,10.24,,,,,,,,,,,,,,,,,,,,,,,,,7.11,5.45,8.41,,,,,,,,,,,,,4.32,2.63,5.71,,,,,,,,,,,
2022-06-15,,,,,,,,,,29.97,28.21,31.75,,,,,,,,,,,,,47.73,45.91,49.34,,,,,,,,,,,,,8.71,7.15,10.26,,,,,,,,,,,,,,,,,,,,,,,,,7.12,5.43,8.41,,,,,,,,,,,,,4.31,2.62,5.71,,,,,,,,,,,
2022-06-16,,,,,,,,,,29.96,28.2,31.73,,,,,,,,,,,,,47.73,45.9,49.35,,,,,,,,,,,,,8.72,7.16,10.27,,,,,,,,,,,,,,,,,,,,,,,,,7.12,5.41,8.43,,,,,,,,,,,,,4.3,2.61,5.71,,,,34.0,48.0,6.0,,6.0,,,5.0
2022-06-17,,,,,,,,,,29.96,28.17,31.74,,,,,,,,,,,,,47.73,45.91,49.36,,,,,,,,,,,,,8.74,7.16,10.28,,,,,,,,,,,,,,,,,,,,,,,,,7.13,5.4,8.4,,,,,,,,,,,,,4.29,2.6,5.71,,,,,,,,,,,
2022-06-18,,,,,,,,,,29.95,28.15,31.76,,,,,,,,,,,,,47.73,45.91,49.39,,,,,,,,,,,,,8.76,7.17,10.3,,,,,,,,,,,,,,,,,,,,,,,,,7.14,5.39,8.42,,,,,,,,,,,,,4.28,2.6,5.68,,,,,,,,,,,
2022-06-19,,,,,,,,,,29.94,28.12,31.76,,,,,,,,,,,,,47.74,45.92,49.41,,,,,,,,,,,,,8.77,7.17,10.31,,,,,,,,,,,,,,,,,,,,,,,,,7.15,5.42,8.45,,,,,,,,,,,,,4.27,2.59,5.64,,,,,,,,,,,
2022-06-20,,,,,,,,,,29.93,28.1,31.77,,,,,,,,,,,,,47.75,45.92,49.43,,,,,,,,,,,,,8.79,7.18,10.34,,,,,,,,,,,,,,,,,,,,,,,,,7.15,5.46,8.47,,,,,,,,,,,,,4.26,2.59,5.63,,,,,,,,,,,
2022-06-21,,,,,,,,,,29.92,28.08,31.76,,,,,,,,,,,,,47.75,45.95,49.45,,,,,,,,,,,,,8.8,7.2,10.38,,,,,,,,,,,,,,,,,,,,,,,,,7.16,5.51,8.49,,,,,,,,,,,,,4.25,2.56,5.63,,,,,,,,,,,
2022-06-22,,,,,,,,,,29.91,28.05,31.76,,,,,,,,,,,,,47.76,45.96,49.48,,,,,,,,,,,,,8.81,7.22,10.4,,,,,,,,,,,,,,,,,,,,,,,,,7.16,5.55,8.51,,,,,,,,,,,,,4.24,2.51,5.63,,,,,,,,,,,
2022-06-23,,,,,,,,,,29.9,28.02,31.76,,,,,,,,,,,,,47.78,45.99,49.51,,,,,,,,,,,,,8.83,7.21,10.43,,,,,,,,,,,,,,,,,,,,,,,,,7.16,5.59,8.53,,,,,,,,,,,,,4.23,2.5,5.64,,,,32.0,49.0,9.0,,5.0,,,3.0
2022-06-24,,,,,,,,,,29.88,28.0,31.75,,,,,,,,,,,,,47.79,46.0,49.53,,,,,,,,,,,,,8.84,7.2,10.45,,,,,,,,,,,,,,,,,,,,,,,,,7.16,5.63,8.53,,,,,,,,,,,,,4.22,2.5,5.66,,,,,,,,,,,
2022-06-25,,,,,,,,,,29.87,27.99,31.71,,,,,,,,,,,,,47.81,46.02,49.56,,,,,,,,,,,,,8.85,7.21,10.46,,,,,,,,,,,,,,,,,,,,,,,,,7.16,5.63,8.55,,,,,,,,,,,,,4.22,2.51,5.66,,,,,,,,,,,
2022-06-26,,,,,,,,,,29.85,27.97,31.69,,,,,,,,,,,,,47.82,46.05,49.58,,,,,,,,,,,,,8.86,7.23,10.46,,,,,,,,,,,,,,,,,,,,,,,,,7.16,5.63,8.57,,,,,,,,,,,,,4.21,2.51,5.66,,,,,,,,,,,
2022-06-27,,,,,,,,,,29.84,27.96,31.68,,,,,,,,,,,,,47.85,46.05,49.6,,,,,,,,,,,,,8.87,7.24,10.47,,,,,,,,,,,,,,,,,,,,,,,,,7.16,5.63,8.57,,,,,,,,,,,,,4.2,2.52,5.69,,,,,,,,,,,
2022-06-28,,,,,,,,,,29.82,27.95,31.68,,,,,,,,,,,,,47.87,46.05,49.62,,,,,,,,,,,,,8.88,7.27,10.48,,,,,,,,,,,,,,,,,,,,,,,,,7.16,5.64,8.56,,,,,,,,,,,,,4.19,2.53,5.64,,,,,,,,,,,
2022-06-29,,,,,,,,,,29.8,27.88,31.66,,,,,,,,,,,,,47.89,46.09,49.64,,,,,,,,,,,,,8.89,7.3,10.48,,,,,,,,,,,,,,,,,,,,,,,,,7.16,5.65,8.55,,,,,,,,,,,,,4.18,2.56,5.63,,,,31.0,47.0,9.0,,8.0,,,3.0
2022-06-30,,,,,,,,,,29.78,27.85,31.63,,,,,,,,,,,,,47.92,46.13,49.7,,,,,,,,,,,,,8.89,7.34,10.49,,,,,,,,,,,,,,,,,,,,,,,,,7.16,5.67,8.54,,,,,,,,,,,,,4.18,2.6,5.62,,,,,,,,,,,
2022-07-01,,,,,,,,,,29.76,27.82,31.61,,,,,,,,,,,,,47.95,46.12,49.73,,,,,,,,,,,,,8.9,7.34,10.53,,,,,,,,,,,,,,,,,,,,,,,,,7.16,5.69,8.53,,,,,,,,,,,,,4.17,2.62,5.62,,,,,,,,,,,
2022-07-02,,,,,,,,,,29.74,27.81,31.57,,,,,,,,,,,,,47.98,46.17,49.76,,,,,,,,,,,,,8.9,7.33,10.53,,,,,,,,,,,,,,,,,,,,,,,,,7.15,5.72,8.54,,,,,,,,,,,,,4.16,2.62,5.67,,,,,,,,,,,
2022-07-03,,,,,,,,,,29.72,27.79,31.55,,,,,,,,,,,,,48.02,46.21,49.79,,,,,,,,,,,,,8.91,7.33,10.53,,,,,,,,,,,,,,,,,,,,,,,,,7.15,5.69,8.54,,,,,,,,,,,,,4.15,2.62,5.71,,,,,,,,,,,
2022-07-04,,,,,,,,,,29.7,27.74,31.51,,,,,,,,,,,,,48.05,46.26,49.83,,,,,,,,,,,,,8.91,7.36,10.53,,,,,,,,,,,,,,,,,,,,,,,,,7.15,5.67,8.55,,,,,,,,,,,,,4.14,2.63,5.74,,,,,,,,,,,
2022-07-05,,,,,,,,,,29.67,27.75,31.47,,,,,,,,,,,,,48.09,46.31,49.86,,,,,,,,,,,,,8.92,7.38,10.51,,,,,,,,,,,,,,,,,,,,,,,,,7.14,5.65,8.55,,,,,,,,,,,,,4.14,2.65,5.78,,,,,,,,,,,
2022-07-06,,,,,,,,,,29.65,27.71,31.44,,,,,,,,,,,,,48.13,46.36,49.9,,,,,,,,,,,,,8.92,7.4,10.51,,,,,,,,,,,,,,,,,,,,,,,,,7.14,5.63,8.54,,,,,,,,,,,,,4.13,2.67,5.78,,,,,,,,,,,
2022-07-07,,,,,,,,,,29.62,27.71,31.43,,,,,,,,,,,,,48.17,46.42,49.93,,,,,,,,,,,,,8.92,7.42,10.52,,,,,,,,,,,,,,,,,,,,,,,,,7.14,5.62,8.52,,,,,,,,,,,,,4.12,2.69,5.76,,,,27.0,52.0,9.0,,5.0,,,5.0
2022-07-08,,,,,,,,,,29.6,27.71,31.42,,,,,,,,,,,,,48.21,46.47,49.96,,,,,,,,,,,,,8.92,7.41,10.52,,,,,,,,,,,,,,,,,,,,,,,,,7.13,5.6,8.5,,,,,,,,,,,,,4.11,2.72,5.75,,,,,,,,,,,
2022-07-09,,,,,,,,,,29.57,27.72,31.42,,,,,,,,,,,,,48.25,46.56,50.01,,,,,,,,,,,,,8.92,7.41,10.52,,,,,,,,,,,,,,,,,,,,,,,,,7.13,5.63,8.48,,,,,,,,,,,,,4.1,2.71,5.73,,,,,,,,,,,
2022-07-10,,,,,,,,,,29.55,27.72,31.41,,,,,,,,,,,,,48.3,46.64,50.05,,,,,,,,,,,,,8.92,7.41,10.51,,,,,,,,,,,,,,,,,,,,,,,,,7.13,5.66,8.48,,,,,,,,,,,,,4.09,2.7,5.71,,,,,,,,,,,
2022-07-11,,,,,,,,,,29.52,27.71,31.41,,,,,,,,,,,,,48.34,46.69,50.09,,,,,,,,,,,,,8.91,7.4,10.49,,,,,,,,,,,,,,,,,,,,,,,,,7.13,5.63,8.48,,,,,,,,,,,,,4.08,2.7,5.7,,,,,,,,,,,
2022-07-12,,,,,,,,,,29.49,27.69,31.38,,,,,,,,,,,,,48.39,46.71,50.16,,,,,,,,,,,,,8.91,7.4,10.48,,,,,,,,,,,,,,,,,,,,,,,,,7.12,5.62,8.47,,,,,,,,,,,,,4.06,2.71,5.68,,,,,,,,,,,
2022-07-13,,,,,,,,,,29.47,27.66,31.35,,,,,,,,,,,,,48.43,46.75,50.21,,,,,,,,,,,,,8.91,7.39,10.48,,,,,,,,,,,,,,,,,,,,,,,,,7.12,5.61,8.48,,,,,,,,,,,,,4.05,2.67,5.67,,,,,,,,,,,
2022-07-14,,,,,,,,,,29.44,27.64,31.31,,,,,,,,,,,,,48.48,46.8,50.25,,,,,,,,,,,,,8.9,7.38,10.47,,,,,,,,,,,,,,,,,,,,,,,,,7.12,5.63,8.5,,,,,,,,,,,,,4.04,2.63,5.67,,,,24.0,52.0,10.0,,8.0,,,5.0
2022-07-15,,,,,,,,,,29.41,27.62,31.29,,,,,,,,,,,,,48.53,46.85,50.3,,,,,,,,,,,,,8.9,7.37,10.47,,,,,,,,,,,,,,,,,,,,,,,,,7.11,5.61,8.51,,,,,,,,,,,,,4.03,2.59,5.66,,,,,,,,,,,
2022-07-16,,,,,,,,,,29.38,27.59,31.26,,,,,,,,,,,,,48.58,46.89,50.38,,,,,,,,,,,,,8.89,7.37,10.46,,,,,,,,,,,,,,,,,,,,,,,,,7.11,5.6,8.5,,,,,,,,,,,,,4.02,2.55,5.63,,,,,,,,,,,
2022-07-17,,,,,,,,,,29.35,27.56,31.25,,,,,,,,,,,,,48.62,46.94,50.47,,,,,,,,,,,,,8.88,7.36,10.45,,,,,,,,,,,,,,,,,,,,,,,,,7.11,5.62,8.5,,,,,,,,,,,,,4.01,2.53,5.63,,,,,,,,,,,
2022-07-18,,,,,,,,,,29.32,27.53,31.25,,,,,,,,,,,,,48.68,46.98,50.51,,,,,,,,,,,,,8.88,7.32,10.45,,,,,,,,,,,,,,,,,,,,,,,,,7.1,5.62,8.5,,,,,,,,,,,,,4.0,2.53,5.61,,,,,,,,,,,
2022-07-19,,,,,,,,,,29.29,27.51,31.25,,,,,,,,,,,,,48.73,47.02,50.61,,,,,,,,,,,,,8.87,7.31,10.47,,,,,,,,,,,,,,,,,,,,,,,,,7.1,5.62,8.5,,,,,,,,,,,,,3.99,2.52,5.59,,,,,,,,,,,
2022-07-20,,,,,,,,,,29.26,27.48,31.23,,,,,,,,,,,,,48.78,47.12,50.7,,,,,,,,,,,,,8.86,7.29,10.43,,,,,,,,,,,,,,,,,,,,,,,,,7.1,5.61,8.5,,,,,,,,,,,,,3.98,2.52,5.58,,,,,,,,,,,
2022-07-21,,,,,,,,,,29.22,27.44,31.22,,,,,,,,,,,,,48.83,47.17,50.8,,,,,,,,,,,,,8.85,7.26,10.42,,,,,,,,,,,,,,,,,,,,,,,,,7.09,5.6,8.54,,,,,,,,,,,,,3.97,2.5,5.57,,,,,,,,,,,
2022-07-22,,,,,,,,,,29.19,27.41,31.19,,,,,,,,,,,,,48.89,47.21,50.89,,,,,,,,,,,,,8.84,7.22,10.46,,,,,,,,,,,,,,,,,,,,,,,,,7.09,5.6,8.58,,,,,,,,,,,,,3.96,2.48,5.57,,,,28.0,46.0,8.0,,10.0,,,4.0
2022-07-23,,,,,,,,,,29.16,27.37,31.12,,,,,,,,,,,,,48.94,47.26,50.94,,,,,,,,,,,,,8.83,7.19,10.49,,,,,,,,,,,,,,,,,,,,,,,,,7.09,5.58,8.58,,,,,,,,,,,,,3.95,2.46,5.57,,,,,,,,,,,
2022-07-24,,,,,,,,,,29.12,27.31,31.08,,,,,,,,,,,,,49.0,47.3,51.01,,,,,,,,,,,,,8.82,7.17,10.54,,,,,,,,,,,,,,,,,,,,,,,,,7.08,5.57,8.58,,,,,,,,,,,,,3.94,2.44,5.61,,,,,,,,,,,
2022-07-25,,,,,,,,,,29.08,27.27,31.08,,,,,,,,,,,,,49.06,47.35,51.11,,,,,,,,,,,,,8.81,7.14,10.58,,,,,,,,,,,,,,,,,,,,,,,,,7.08,5.55,8.59,,,,,,,,,,,,,3.93,2.43,5.59,,,,,,,,,,,
2022-07-26,,,,,,,,,,29.04,27.22,31.03,,,,,,,,,,,,,49.11,47.38,51.17,,,,,,,,,,,,,8.8,7.17,10.6,,,,,,,,,,,,,,,,,,,,,,,,,7.07,5.54,8.59,,,,,,,,,,,,,3.92,2.41,5.61,,,,,,,,,,,
2022-07-27,,,,,,,,,,29.0,27.18,30.99,,,,,,,,,,,,,49.18,47.44,51.24,,,,,,,,,,,,,8.79,7.2,10.61,,,,,,,,,,,,,,,,,,,,,,,,,7.07,5.51,8.56,,,,,,,,,,,,,3.91,2.39,5.61,,,,,,,,,,,
2022-07-28,,,,,,,,,,28.96,27.17,30.97,,,,,,,,,,,,,49.24,47.47,51.3,,,,,,,,,,,,,8.78,7.19,10.61,,,,,,,,,,,,,,,,,,,,,,,,,7.06,5.47,8.57,,,,,,,,,,,,,3.9,2.38,5.62,,,,34.0,41.0,14.0,,7.0,,,2.0
2022-07-29,,,,,,,,,,28.92,27.16,30.93,,,,,,,,,,,,,49.31,47.52,51.37,,,,,,,,,,,,,8.76,7.17,10.62,,,,,,,,,,,,,,,,,,,,,,,,,7.06,5.44,8.59,,,,,,,,,,,,,3.9,2.37,5.63,,,,,,,,,,,
2022-07-30,,,,,,,,,,28.87,27.12,30.85,,,,,,,,,,,,,49.37,47.58,51.43,,,,,,,,,,,,,8.75,7.15,10.59,,,,,,,,,,,,,,,,,,,,,,,,,7.05,5.4,8.61,,,,,,,,,,,,,3.89,2.34,5.64,,,,,,,,,,,
2022-07-31,,,,,,,,,,28.82,27.07,30.75,,,,,,,,,,,,,49.44,47.64,51.49,,,,,,,,,,,,,8.74,7.11,10.55,,,,,,,,,,,,,,,,,,,,,,,,,7.05,5.37,8.62,,,,,,,,,,,,,3.88,2.31,5.65,,,,,,,,,,,
2022-08-01,,,,,,,,,,28.78,26.97,30.66,,,,,,,,,,,,,49.51,47.7,51.56,,,,,,,,,,,,,8.73,7.06,10.52,,,,,,,,,,,,,,,,,,,,,,,,,7.04,5.36,8.64,,,,,,,,,,,,,3.88,2.27,5.65,,,,,,,,,,,
2022-08-02,,,,,,,,,,28.72,26.87,30.62,,,,,,,,,,,,,49.59,47.77,51.63,,,,,,,,,,,,,8.71,7.06,10.5,,,,,,,,,,,,,,,,,,,,,,,,,7.03,5.39,8.66,,,,,,,,,,,,,3.87,2.24,5.65,,,,,,,,,,,
2022-08-03,,,,,,,,,,28.67,26.82,30.58,,,,,,,,,,,,,49.67,47.84,51.7,,,,,,,,,,,,,8.7,7.04,10.48,,,,,,,,,,,,,,,,,,,,,,,,,7.03,5.39,8.67,,,,,,,,,,,,,3.87,2.22,5.66,,,,,,,,,,,
2022-08-04,,,,,,,,,,28.62,26.76,30.53,,,,,,,,,,,,,49.74,47.92,51.82,,,,,,,,,,,,,8.68,7.02,10.45,,,,,,,,,,,,,,,,,,,,,,,,,7.02,5.37,8.66,,,,,,,,,,,,,3.86,2.19,5.63,,,,,,,,,,,
2022-08-05,,,,,,,,,,28.56,26.74,30.49,,,,,,,,,,,,,49.83,48.01,51.95,,,,,,,,,,,,,8.67,7.0,10.43,,,,,,,,,,,,,,,,,,,,,,,,,7.01,5.35,8.62,,,,,,,,,,,,,3.86,2.17,5.59,,,,29.0,47.0,8.0,,9.0,,,5.0
2022-08-06,,,,,,,,,,28.5,26.67,30.41,,,,,,,,,,,,,49.91,48.11,52.04,,,,,,,,,,,,,8.65,7.0,10.41,,,,,,,,,,,,,,,,,,,,,,,,,7.01,5.33,8.59,,,,,,,,,,,,,3.86,2.14,5.57,,,,,,,,,,,
2022-08-07,,,,,,,,,,28.44,26.63,30.33,,,,,,,,,,,,,49.99,48.17,52.12,,,,,,,,,,,,,8.63,6.99,10.38,,,,,,,,,,,,,,,,,,,,,,,,,7.0,5.31,8.55,,,,,,,,,,,,,3.86,2.12,5.58,,,,,,,,,,,
2022-08-08,,,,,,,,,,28.38,26.53,30.24,,,,,,,,,,,,,50.08,48.27,52.18,,,,,,,,,,,,,8.62,6.97,10.36,,,,,,,,,,,,,,,,,,,,,,,,,6.99,5.27,8.52,,,,,,,,,,,,,3.86,2.1,5.58,,,,,,,,,,,
2022-08-09,,,,,,,,,,28.31,26.47,30.17,,,,,,,,,,,,,50.17,48.36,52.23,,,,,,,,,,,,,8.6,6.94,10.35,,,,,,,,,,,,,,,,,,,,,,,,,6.98,5.25,8.5,,,,,,,,,,,,,3.86,2.09,5.59,,,,,,,,,,,
2022-08-10,,,,,,,,,,28.25,26.41,30.11,,,,,,,,,,,,,50.27,48.45,52.37,,,,,,,,,,,,,8.58,6.91,10.34,,,,,,,,,,,,,,,,,,,,,,,,,6.97,5.25,8.45,,,,,,,,,,,,,3.86,2.08,5.6,,,,29.0,50.0,10.0,,8.0,,,2.0
2022-08-11,,,,,,,,,,28.18,26.34,30.05,,,,,,,,,,,,,50.36,48.56,52.45,,,,,,,,,,,,,8.56,6.89,10.32,,,,,,,,,,,,,,,,,,,,,,,,,6.96,5.23,8.4,,,,,,,,,,,,,3.86,2.11,5.6,,,,,,,,,,,
2022-08-12,,,,,,,,,,28.11,26.28,29.99,,,,,,,,,,,,,50.46,48.64,52.55,,,,,,,,,,,,,8.54,6.87,10.26,,,,,,,,,,,,,,,,,,,,,,,,,6.95,5.21,8.36,,,,,,,,,,,,,3.86,2.15,5.61,,,,,,,,,,,
2022-08-13,,,,,,,,,,28.04,26.22,29.9,,,,,,,,,,,,,50.56,48.69,52.64,,,,,,,,,,,,,8.52,6.85,10.23,,,,,,,,,,,,,,,,,,,,,,,,,6.94,5.22,8.34,,,,,,,,,,,,,3.87,2.18,5.6,,,,,,,,,,,
2022-08-14,,,,,,,,,,27.97,26.16,29.81,,,,,,,,,,,,,50.66,48.75,52.72,,,,,,,,,,,,,8.5,6.84,10.2,,,,,,,,,,,,,,,,,,,,,,,,,6.92,5.24,8.37,,,,,,,,,,,,,3.87,2.2,5.58,,,,,,,,,,,
2022-08-15,,,,,,,,,,27.89,26.08,29.71,,,,,,,,,,,,,50.77,48.84,52.83,,,,,,,,,,,,,8.48,6.82,10.2,,,,,,,,,,,,,,,,,,,,,,,,,6.91,5.24,8.4,,,,,,,,,,,,,3.88,2.18,5.56,,,,,,,,,,,
2022-08-16,,,,,,,,,,27.81,25.98,29.63,,,,,,,,,,,,,50.88,48.94,52.96,,,,,,,,,,,,,8.46,6.8,10.14,,,,,,,,,,,,,,,,,,,,,,,,,6.89,5.25,8.38,,,,,,,,,,,,,3.89,2.19,5.56,,,,,,,,,,,
2022-08-17,,,,,,,,,,27.73,25.92,29.59,,,,,,,,,,,,,50.99,49.03,53.06,,,,,,,,,,,,,8.44,6.78,10.13,,,,,,,,,,,,,,,,,,,,,,,,,6.88,5.21,8.36,,,,,,,,,,,,,3.89,2.24,5.55,,,,27.0,51.0,9.0,,6.0,,,5.0
2022-08-18,,,,,,,,,,27.65,25.8,29.55,,,,,,,,,,,,,51.1,49.14,53.15,,,,,,,,,,,,,8.42,6.77,10.1,,,,,,,,,,,,,,,,,,,,,,,,,6.86,5.17,8.35,,,,,,,,,,,,,3.9,2.28,5.53,,,,,,,,,,,
2022-08-19,,,,,,,,,,27.57,25.67,29.44,,,,,,,,,,,,,51.21,49.23,53.31,,,,,,,,,,,,,8.4,6.72,10.07,,,,,,,,,,,,,,,,,,,,,,,,,6.85,5.15,8.37,,,,,,,,,,,,,3.91,2.33,5.55,,,,,,,,,,,
2022-08-20,,,,,,,,,,27.49,25.57,29.36,,,,,,,,,,,,,51.33,49.33,53.46,,,,,,,,,,,,,8.37,6.68,10.03,,,,,,,,,,,,,,,,,,,,,,,,,6.83,5.17,8.39,,,,,,,,,,,,,3.92,2.39,5.58,,,,,,,,,,,
2022-08-21,,,,,,,,,,27.41,25.48,29.27,,,,,,,,,,,,,51.45,49.5,53.64,,,,,,,,,,,,,8.35,6.65,10.0,,,,,,,,,,,,,,,,,,,,,,,,,6.81,5.15,8.4,,,,,,,,,,,,,3.93,2.4,5.61,,,,,,,,,,,
2022-08-22,,,,,,,,,,27.32,25.38,29.22,,,,,,,,,,,,,51.57,49.61,53.79,,,,,,,,,,,,,8.32,6.62,9.97,,,,,,,,,,,,,,,,,,,,,,,,,6.79,5.12,8.42,,,,,,,,,,,,,3.95,2.41,5.64,,,,,,,,,,,
2022-08-23,,,,,,,,,,27.24,25.29,29.16,,,,,,,,,,,,,51.69,49.69,54.01,,,,,,,,,,,,,8.3,6.6,9.94,,,,,,,,,,,,,,,,,,,,,,,,,6.77,5.1,8.42,,,,,,,,,,,,,3.96,2.4,5.65,,,,,,,,,,,
2022-08-24,,,,,,,,,,27.16,25.23,29.08,,,,,,,,,,,,,51.81,49.78,54.22,,,,,,,,,,,,,8.27,6.59,9.92,,,,,,,,,,,,,,,,,,,,,,,,,6.75,5.07,8.43,,,,,,,,,,,,,3.97,2.42,5.65,,,,30.0,49.0,8.0,,7.0,,,4.0
2022-08-25,,,,,,,,,,27.07,25.12,29.0,,,,,,,,,,,,,51.94,49.85,54.35,,,,,,,,,,,,,8.24,6.55,9.9,,,,,,,,,,,,,,,,,,,,,,,,,6.73,5.04,8.39,,,,,,,,,,,,,3.99,2.46,5.68,,,,,,,,,,,
2022-08-26,,,,,,,,,,26.98,25.02,28.91,,,,,,,,,,,,,52.06,49.91,54.46,,,,,,,,,,,,,8.21,6.53,9.89,,,,,,,,,,,,,,,,,,,,,,,,,6.71,5.01,8.33,,,,,,,,,,,,,4.0,2.51,5.72,,,,,,,,,,,
2022-08-27,,,,,,,,,,26.9,24.9,28.83,,,,,,,,,,,,,52.19,49.98,54.56,,,,,,,,,,,,,8.18,6.52,9.84,,,,,,,,,,,,,,,,,,,,,,,,,6.68,4.98,8.29,,,,,,,,,,,,,4.02,2.55,5.72,,,,,,,,,,,
2022-08-28,,,,,,,,,,26.81,24.84,28.74,,,,,,,,,,,,,52.32,50.08,54.66,,,,,,,,,,,,,8.15,6.51,9.82,,,,,,,,,,,,,,,,,,,,,,,,,6.66,4.99,8.21,,,,,,,,,,,,,4.03,2.61,5.72,,,,,,,,,,,
2022-08-29,,,,,,,,,,26.72,24.78,28.64,,,,,,,,,,,,,52.45,50.19,54.82,,,,,,,,,,,,,8.12,6.53,9.82,,,,,,,,,,,,,,,,,,,,,,,,,6.63,5.0,8.15,,,,,,,,,,,,,4.05,2.63,5.72,,,,,,,,,,,
2022-08-30,,,,,,,,,,26.64,24.68,28.55,,,,,,,,,,,,,52.58,50.25,54.92,,,,,,,,,,,,,8.09,6.56,9.78,,,,,,,,,,,,,,,,,,,,,,,,,6.61,4.99,8.13,,,,,,,,,,,,,4.07,2.69,5.71,,,,,,,,,,,
2022-08-31,,,,,,,,,,26.55,24.63,28.42,,,,,,,,,,,,,52.71,50.38,55.09,,,,,,,,,,,,,8.06,6.52,9.72,,,,,,,,,,,,,,,,,,,,,,,,,6.58,4.95,8.12,,,,,,,,,,,,,4.08,2.74,5.71,,,,,,,,,,,
2022-09-01,,,,,,,,,,26.46,24.57,28.34,,,,,,,,,,,,,52.84,50.51,55.27,,,,,,,,,,,,,8.03,6.48,9.66,,,,,,,,,,,,,,,,,,,,,,,,,6.56,4.93,8.09,,,,,,,,,,,,,4.1,2.73,5.73,,,,27.0,53.0,8.0,,5.0,,,4.0
2022-09-02,,,,,,,,,,26.38,24.5,28.25,,,,,,,,,,,,,52.98,50.62,55.45,,,,,,,,,,,,,8.0,6.47,9.59,,,,,,,,,,,,,,,,,,,,,,,,,6.53,4.91,8.05,,,,,,,,,,,,,4.12,2.73,5.78,,,,,,,,,,,
2022-09-03,,,,,,,,,,26.29,24.41,28.16,,,,,,,,,,,,,53.11,50.74,55.61,,,,,,,,,,,,,7.96,6.46,9.59,,,,,,,,,,,,,,,,,,,,,,,,,6.5,4.89,8.03,,,,,,,,,,,,,4.14,2.76,5.77,,,,,,,,,,,
2022-09-04,,,,,,,,,,26.2,24.32,28.08,,,,,,,,,,,,,53.24,50.85,55.72,,,,,,,,,,,,,7.93,6.44,9.51,,,,,,,,,,,,,,,,,,,,,,,,,6.47,4.9,7.96,,,,,,,,,,,,,4.16,2.81,5.76,,,,,,,,,,,
2022-09-05,,,,,,,,,,26.11,24.18,27.99,,,,,,,,,,,,,53.38,50.98,55.82,,,,,,,,,,,,,7.89,6.42,9.42,,,,,,,,,,,,,,,,,,,,,,,,,6.44,4.92,7.94,,,,,,,,,,,,,4.17,2.82,5.76,,,,,,,,,,,
2022-09-06,,,,,,,,,,26.02,24.07,27.92,,,,,,,,,,,,,53.51,51.18,55.93,,,,,,,,,,,,,7.86,6.38,9.37,,,,,,,,,,,,,,,,,,,,,,,,,6.41,4.92,7.93,,,,,,,,,,,,,4.19,2.85,5.76,,,,,,,,,,,
2022-09-07,,,,,,,,,,25.94,23.95,27.83,,,,,,,,,,,,,53.65,51.41,56.05,,,,,,,,,,,,,7.82,6.34,9.32,,,,,,,,,,,,,,,,,,,,,,,,,6.38,4.91,7.86,,,,,,,,,,,,,4.22,2.86,5.76,,,,24.0,54.0,9.0,,7.0,,,4.0
2022-09-08,,,,,,,,,,25.85,23.82,27.74,,,,,,,,,,,,,53.78,51.58,56.21,,,,,,,,,,,,,7.79,6.31,9.28,,,,,,,,,,,,,,,,,,,,,,,,,6.35,4.87,7.8,,,,,,,,,,,,,4.24,2.89,5.77,,,,,,,,,,,
2022-09-09,,,,,,,,,,25.76,23.7,27.66,,,,,,,,,,,,,53.91,51.72,56.35,,,,,,,,,,,,,7.75,6.27,9.25,,,,,,,,,,,,,,,,,,,,,,,,,6.32,4.83,7.73,,,,,,,,,,,,,4.26,2.92,5.78,,,,,,,,,,,
2022-09-10,,,,,,,,,,25.67,23.59,27.57,,,,,,,,,,,,,54.05,51.86,56.43,,,,,,,,,,,,,7.72,6.23,9.22,,,,,,,,,,,,,,,,,,,,,,,,,6.29,4.81,7.67,,,,,,,,,,,,,4.28,2.98,5.78,,,,,,,,,,,
2022-09-11,,,,,,,,,,25.59,23.48,27.52,,,,,,,,,,,,,54.18,52.0,56.52,,,,,,,,,,,,,7.68,6.21,9.18,,,,,,,,,,,,,,,,,,,,,,,,,6.26,4.8,7.64,,,,,,,,,,,,,4.3,3.02,5.79,,,,,,,,,,,
2022-09-12,,,,,,,,,,25.5,23.37,27.44,,,,,,,,,,,,,54.31,52.18,56.6,,,,,,,,,,,,,7.64,6.15,9.15,,,,,,,,,,,,,,,,,,,,,,,,,6.22,4.77,7.64,,,,,,,,,,,,,4.33,3.02,5.79,,,,31.0,52.0,5.0,,8.0,,,1.0
2022-09-13,,,,,,,,,,25.41,23.26,27.36,,,,,,,,,,,,,54.44,52.37,56.74,,,,,,,,,,,,,7.61,6.14,9.12,,,,,,,,,,,,,,,,,,,,,,,,,6.19,4.74,7.61,,,,,,,,,,,,,4.35,3.03,5.81,,,,,,,,,,,
2022-09-14,,,,,,,,,,25.32,23.18,27.29,,,,,,,,,,,,,54.57,52.55,56.88,,,,,,,,,,,,,7.57,6.1,9.08,,,,,,,,,,,,,,,,,,,,,,,,,6.16,4.71,7.59,,,,,,,,,,,,,4.37,3.05,5.84,,,,,,,,,,,
2022-09-15,,,,,,,,,,25.23,23.1,27.2,,,,,,,,,,,,,54.7,52.73,57.02,,,,,,,,,,,,,7.53,6.07,9.05,,,,,,,,,,,,,,,,,,,,,,,,,6.13,4.71,7.57,,,,,,,,,,,,,4.4,3.07,5.88,,,,,,,,,,,
2022-09-16,,,,,,,,,,25.14,23.07,27.11,,,,,,,,,,,,,54.83,52.88,57.16,,,,,,,,,,,,,7.5,6.04,9.01,,,,,,,,,,,,,,,,,,,,,,,,,6.1,4.69,7.55,,,,,,,,,,,,,4.42,3.09,5.91,,,,,,,,,,,
2022-09-17,,,,,,,,,,25.06,22.98,27.02,,,,,,,,,,,,,54.96,53.06,57.31,,,,,,,,,,,,,7.46,6.02,8.97,,,,,,,,,,,,,,,,,,,,,,,,,6.06,4.64,7.53,,,,,,,,,,,,,4.45,3.12,5.95,,,,,,,,,,,
2022-09-18,,,,,,,,,,24.97,22.9,26.92,,,,,,,,,,,,,55.08,53.17,57.44,,,,,,,,,,,,,7.42,5.99,8.93,,,,,,,,,,,,,,,,,,,,,,,,,6.03,4.61,7.51,,,,,,,,,,,,,4.47,3.11,5.98,,,,,,,,,,,
2022-09-19,,,,,,,,,,24.88,22.83,26.86,,,,,,,,,,,,,55.21,53.29,57.58,,,,,,,,,,,,,7.39,5.94,8.87,,,,,,,,,,,,,,,,,,,,,,,,,6.0,4.6,7.5,,,,,,,,,,,,,4.5,3.13,6.02,,,,,,,,,,,
2022-09-20,,,,,,,,,,24.79,22.74,26.82,,,,,,,,,,,,,55.33,53.4,57.72,,,,,,,,,,,,,7.35,5.91,8.81,,,,,,,,,,,,,,,,,,,,,,,,,5.97,4.59,7.48,,,,,,,,,,,,,4.53,3.15,6.03,,,,,,,,,,,
2022-09-21,,,,,,,,,,24.71,22.67,26.74,,,,,,,,,,,,,55.46,53.52,57.85,,,,,,,,,,,,,7.31,5.88,8.77,,,,,,,,,,,,,,,,,,,,,,,,,5.94,4.57,7.46,,,,,,,,,,,,,4.56,3.17,6.02,,,,,,,,,,,
2022-09-22,,,,,,,,,,24.62,22.6,26.64,,,,,,,,,,,,,55.58,53.65,57.97,,,,,,,,,,,,,7.28,5.87,8.72,,,,,,,,,,,,,,,,,,,,,,,,,5.91,4.54,7.44,,,,,,,,,,,,,4.59,3.19,6.02,,,,32.0,48.0,6.0,,6.0,,,5.0
2022-09-23,,,,,,,,,,24.53,22.53,26.54,,,,,,,,,,,,,55.7,53.79,58.05,,,,,,,,,,,,,7.24,5.85,8.67,,,,,,,,,,,,,,,,,,,,,,,,,5.88,4.52,7.42,,,,,,,,,,,,,4.62,3.21,6.03,,,,,,,,,,,
2022-09-24,,,,,,,,,,24.44,22.46,26.45,,,,,,,,,,,,,55.82,53.94,58.11,,,,,,,,,,,,,7.21,5.83,8.63,,,,,,,,,,,,,,,,,,,,,,,,,5.85,4.49,7.38,,,,,,,,,,,,,4.65,3.23,6.08,,,,,,,,,,,
2022-09-25,,,,,,,,,,24.36,22.39,26.34,,,,,,,,,,,,,55.93,54.09,58.19,,,,,,,,,,,,,7.17,5.81,8.59,,,,,,,,,,,,,,,,,,,,,,,,,5.82,4.46,7.35,,,,,,,,,,,,,4.68,3.26,6.12,,,,25.0,55.0,7.0,,6.0,,,5.0
2022-09-26,,,,,,,,,,24.27,22.32,26.24,,,,,,,,,,,,,56.05,54.24,58.29,,,,,,,,,,,,,7.14,5.77,8.57,,,,,,,,,,,,,,,,,,,,,,,,,5.79,4.44,7.31,,,,,,,,,,,,,4.71,3.28,6.18,,,,,,,,,,,
2022-09-27,,,,,,,,,,24.18,22.25,26.1,,,,,,,,,,,,,56.16,54.38,58.36,,,,,,,,,,,,,7.1,5.73,8.54,,,,,,,,,,,,,,,,,,,,,,,,,5.76,4.41,7.27,,,,,,,,,,,,,4.74,3.31,6.23,,,,,,,,,,,
2022-09-28,,,,,,,,,,24.1,22.18,26.0,,,,,,,,,,,,,56.27,54.53,58.43,,,,,,,,,,,,,7.07,5.68,8.49,,,,,,,,,,,,,,,,,,,,,,,,,5.73,4.38,7.23,,,,,,,,,,,,,4.78,3.33,6.28,,,,,,,,,,,
2022-09-29,,,,,,,,,,24.01,22.11,25.94,,,,,,,,,,,,,56.38,54.67,58.51,,,,,,,,,,,,,7.04,5.64,8.44,,,,,,,,,,,,,,,,,,,,,,,,,5.71,4.36,7.19,,,,,,,,,,,,,4.81,3.36,6.3,,,,22.0,61.0,8.0,,5.0,,,4.0
2022-09-30,,,,,,,,,,23.93,22.04,25.85,,,,,,,,,,,,,56.49,54.79,58.61,,,,,,,,,,,,,7.0,5.61,8.4,,,,,,,,,,,,,,,,,,,,,,,,,5.68,4.33,7.16,,,,,,,,,,,,,4.85,3.38,6.34,,,,,,,,,,,
2022-10-01,,,,,,,,,,23.84,21.98,25.76,,,,,,,,,,,,,56.59,54.89,58.7,,,,,,,,,,,,,6.97,5.57,8.35,,,,,,,,,,,,,,,,,,,,,,,,,5.65,4.31,7.13,,,,,,,,,,,,,4.88,3.41,6.35,,,,,,,,,,,
2022-10-02,,,,,,,,,,23.76,21.91,25.66,,,,,,,,,,,,,56.69,55.0,58.79,,,,,,,,,,,,,6.94,5.54,8.33,,,,,,,,,,,,,,,,,,,,,,,,,5.63,4.28,7.11,,,,,,,,,,,,,4.92,3.43,6.38,,,,,,,,,,,
2022-10-03,,,,,,,,,,23.67,21.78,25.57,,,,,,,,,,,,,56.79,55.09,58.88,,,,,,,,,,,,,6.91,5.51,8.3,,,,,,,,,,,,,,,,,,,,,,,,,5.61,4.25,7.09,,,,,,,,,,,,,4.95,3.47,6.4,,,,,,,,,,,
2022-10-04,,,,,,,,,,23.59,21.73,25.47,,,,,,,,,,,,,56.89,55.19,58.96,,,,,,,,,,,,,6.88,5.48,8.25,,,,,,,,,,,,,,,,,,,,,,,,,5.58,4.22,7.07,,,,,,,,,,,,,4.99,3.5,6.44,,,,,,,,,,,
2022-10-05,,,,,,,,,,23.51,21.67,25.38,,,,,,,,,,,,,56.98,55.29,59.04,,,,,,,,,,,,,6.85,5.45,8.21,,,,,,,,,,,,,,,,,,,,,,,,,5.56,4.19,7.04,,,,,,,,,,,,,5.03,3.54,6.47,,,,,,,,,,,
2022-10-06,,,,,,,,,,23.42,21.62,25.28,,,,,,,,,,,,,57.07,55.39,59.14,,,,,,,,,,,,,6.82,5.42,8.17,,,,,,,,,,,,,,,,,,,,,,,,,5.54,4.16,6.99,,,,,,,,,,,,,5.07,3.57,6.51,,,,,,,,,,,
2022-10-07,,,,,,,,,,23.34,21.53,25.18,,,,,,,,,,,,,57.16,55.48,59.25,,,,,,,,,,,,,6.79,5.39,8.13,,,,,,,,,,,,,,,,,,,,,,,,,5.52,4.14,6.97,,,,,,,,,,,,,5.11,3.6,6.58,,,,19.0,63.0,6.0,,5.0,,,5.0
2022-10-08,,,,,,,,,,23.26,21.43,25.09,,,,,,,,,,,,,57.25,55.58,59.34,,,,,,,,,,,,,6.76,5.36,8.09,,,,,,,,,,,,,,,,,,,,,,,,,5.5,4.13,6.96,,,,,,,,,,,,,5.15,3.64,6.62,,,,,,,,,,,
2022-10-09,,,,,,,,,,23.18,21.35,24.99,,,,,,,,,,,,,57.33,55.67,59.41,,,,,,,,,,,,,6.74,5.33,8.04,,,,,,,,,,,,,,,,,,,,,,,,,5.48,4.11,6.96,,,,,,,,,,,,,5.19,3.7,6.64,,,,,,,,,,,
2022-10-10,,,,,,,,,,23.1,21.28,24.88,,,,,,,,,,,,,57.41,55.77,59.48,,,,,,,,,,,,,6.71,5.31,8.02,,,,,,,,,,,,,,,,,,,,,,,,,5.46,4.09,6.95,,,,,,,,,,,,,5.24,3.77,6.67,,,,,,,,,,,
2022-10-11,,,,,,,,,,23.02,21.18,24.77,,,,,,,,,,,,,57.49,55.86,59.55,,,,,,,,,,,,,6.69,5.28,8.0,,,,,,,,,,,,,,,,,,,,,,,,,5.44,4.08,6.95,,,,,,,,,,,,,5.28,3.83,6.71,,,,,,,,,,,
2022-10-12,,,,,,,,,,22.94,21.1,24.69,,,,,,,,,,,,,57.57,55.94,59.62,,,,,,,,,,,,,6.66,5.26,7.99,,,,,,,,,,,,,,,,,,,,,,,,,5.42,4.08,6.94,,,,,,,,,,,,,5.32,3.9,6.75,,,,20.0,63.0,7.0,,5.0,,,4.0
2022-10-13,,,,,,,,,,22.86,21.02,24.61,,,,,,,,,,,,,57.64,56.03,59.68,,,,,,,,,,,,,6.64,5.24,7.98,,,,,,,,,,,,,,,,,,,,,,,,,5.41,4.08,6.92,,,,,,,,,,,,,5.37,3.97,6.84,,,,,,,,,,,
2022-10-14,,,,,,,,,,22.79,20.96,24.52,,,,,,,,,,,,,57.71,56.12,59.76,,,,,,,,,,,,,6.62,5.22,7.96,,,,,,,,,,,,,,,,,,,,,,,,,5.39,4.05,6.91,,,,,,,,,,,,,5.41,4.04,6.87,,,,,,,,,,,
2022-10-15,,,,,,,,,,22.71,20.9,24.42,,,,,,,,,,,,,57.78,56.18,59.85,,,,,,,,,,,,,6.59,5.2,7.95,,,,,,,,,,,,,,,,,,,,,,,,,5.38,4.03,6.89,,,,,,,,,,,,,5.46,4.08,6.92,,,,,,,,,,,
2022-10-16,,,,,,,,,,22.63,20.84,24.33,,,,,,,,,,,,,57.85,56.24,59.94,,,,,,,,,,,,,6.57,5.18,7.96,,,,,,,,,,,,,,,,,,,,,,,,,5.36,4.02,6.88,,,,,,,,,,,,,5.51,4.1,6.98,,,,,,,,,,,
2022-10-17,,,,,,,,,,22.55,20.78,24.24,,,,,,,,,,,,,57.92,56.29,60.02,,,,,,,,,,,,,6.55,5.17,7.94,,,,,,,,,,,,,,,,,,,,,,,,,5.35,4.01,6.87,,,,,,,,,,,,,5.55,4.18,7.04,,,,,,,,,,,
2022-10-18,,,,,,,,,,22.48,20.73,24.16,,,,,,,,,,,,,57.98,56.35,60.07,,,,,,,,,,,,,6.53,5.15,7.94,,,,,,,,,,,,,,,,,,,,,,,,,5.34,4.0,6.86,,,,,,,,,,,,,5.6,4.25,7.07,,,,,,,,,,,
2022-10-19,,,,,,,,,,22.4,20.67,24.11,,,,,,,,,,,,,58.05,56.4,60.12,,,,,,,,,,,,,6.51,5.15,7.93,,,,,,,,,,,,,,,,,,,,,,,,,5.32,3.99,6.85,,,,,,,,,,,,,5.65,4.33,7.1,,,,,,,,,,,
2022-10-20,,,,,,,,,,22.33,20.62,24.01,,,,,,,,,,,,,58.11,56.45,60.16,,,,,,,,,,,,,6.49,5.14,7.92,,,,,,,,,,,,,,,,,,,,,,,,,5.31,3.98,6.83,,,,,,,,,,,,,5.7,4.41,7.15,,,,,,,,,,,
2022-10-21,,,,,,,,,,22.25,20.57,23.95,,,,,,,,,,,,,58.17,56.5,60.2,,,,,,,,,,,,,6.47,5.12,7.9,,,,,,,,,,,,,,,,,,,,,,,,,5.3,3.98,6.84,,,,,,,,,,,,,5.75,4.47,7.2,,,,15.0,66.0,7.0,,4.0,,,7.0
2022-10-22,,,,,,,,,,22.17,20.52,23.89,,,,,,,,,,,,,58.22,56.55,60.23,,,,,,,,,,,,,6.46,5.13,7.88,,,,,,,,,,,,,,,,,,,,,,,,,5.29,3.99,6.86,,,,,,,,,,,,,5.8,4.52,7.25,,,,,,,,,,,
2022-10-23,,,,,,,,,,22.1,20.47,23.81,,,,,,,,,,,,,58.28,56.6,60.26,,,,,,,,,,,,,6.44,5.12,7.89,,,,,,,,,,,,,,,,,,,,,,,,,5.28,3.99,6.85,,,,,,,,,,,,,5.84,4.58,7.31,,,,,,,,,,,
2022-10-24,,,,,,,,,,22.02,20.43,23.71,,,,,,,,,,,,,58.33,56.65,60.28,,,,,,,,,,,,,6.42,5.09,7.88,,,,,,,,,,,,,,,,,,,,,,,,,5.27,4.01,6.84,,,,,,,,,,,,,5.89,4.61,7.37,,,,,,,,,,,
2022-10-25,,,,,,,,,,21.95,20.37,23.59,,,,,,,,,,,,,58.39,56.72,60.31,,,,,,,,,,,,,6.41,5.09,7.87,,,,,,,,,,,,,,,,,,,,,,,,,5.27,4.02,6.82,,,,,,,,,,,,,5.94,4.69,7.43,,,,,,,,,,,
2022-10-26,,,,,,,,,,21.88,20.29,23.48,,,,,,,,,,,,,58.44,56.76,60.33,,,,,,,,,,,,,6.39,5.09,7.84,,,,,,,,,,,,,,,,,,,,,,,,,5.26,4.04,6.81,,,,,,,,,,,,,6.0,4.75,7.48,,,,20.0,60.0,6.0,,4.0,,,8.0
2022-10-27,,,,,,,,,,21.8,20.25,23.42,,,,,,,,,,,,,58.49,56.82,60.38,,,,,,,,,,,,,6.38,5.09,7.83,,,,,,,,,,,,,,,,,,,,,,,,,5.25,4.06,6.8,,,,,,,,,,,,,6.05,4.81,7.54,,,,,,,,,,,
2022-10-28,,,,,,,,,,21.73,20.2,23.38,,,,,,,,,,,,,58.53,56.87,60.39,,,,,,,,,,,,,6.36,5.09,7.83,,,,,,,,,,,,,,,,,,,,,,,,,5.24,4.08,6.79,,,,,,,,,,,,,6.1,4.87,7.57,,,,,,,,,,,
2022-10-29,,,,,,,,,,21.66,20.16,23.27,,,,,,,,,,,,,58.58,56.99,60.39,,,,,,,,,,,,,6.35,5.09,7.83,,,,,,,,,,,,,,,,,,,,,,,,,5.24,4.09,6.78,,,,,,,,,,,,,6.15,4.93,7.63,,,,,,,,,,,
2022-10-30,,,,,,,,,,21.59,20.06,23.16,,,,,,,,,,,,,58.62,57.02,60.43,,,,,,,,,,,,,6.34,5.09,7.82,,,,,,,,,,,,,,,,,,,,,,,,,5.23,4.08,6.76,,,,,,,,,,,,,6.2,4.97,7.68,,,,,,,,,,,
2022-10-31,,,,,,,,,,21.52,20.05,23.05,,,,,,,,,,,,,58.66,57.06,60.47,,,,,,,,,,,,,6.33,5.09,7.81,,,,,,,,,,,,,,,,,,,,,,,,,5.22,4.07,6.74,,,,,,,,,,,,,6.25,4.99,7.74,,,,,,,,,,,
2022-11-01,,,,,,,,,,21.45,20.03,23.0,,,,,,,,,,,,,58.7,57.09,60.5,,,,,,,,,,,,,6.31,5.09,7.78,,,,,,,,,,,,,,,,,,,,,,,,,5.22,4.06,6.74,,,,,,,,,,,,,6.3,5.01,7.8,,,,,,,,,,,
2022-11-02,,,,,,,,,,21.38,19.94,22.98,,,,,,,,,,,,,58.74,57.12,60.52,,,,,,,,,,,,,6.3,5.09,7.75,,,,,,,,,,,,,,,,,,,,,,,,,5.21,4.05,6.71,,,,,,,,,,,,,6.36,5.03,7.85,,,,21.0,60.0,6.0,,6.0,,,5.0
2022-11-03,,,,,,,,,,21.32,19.84,22.91,,,,,,,,,,,,,58.77,57.15,60.53,,,,,,,,,,,,,6.29,5.08,7.75,,,,,,,,,,,,,,,,,,,,,,,,,5.21,4.04,6.72,,,,,,,,,,,,,6.41,5.07,7.89,,,,,,,,,,,
2022-11-04,,,,,,,,,,21.25,19.76,22.86,,,,,,,,,,,,,58.8,57.19,60.56,,,,,,,,,,,,,6.28,5.05,7.75,,,,,,,,,,,,,,,,,,,,,,,,,5.2,4.03,6.71,,,,,,,,,,,,,6.46,5.12,7.93,,,,,,,,,,,
2022-11-05,,,,,,,,,,21.19,19.7,22.83,,,,,,,,,,,,,58.83,57.21,60.6,,,,,,,,,,,,,6.27,5.02,7.75,,,,,,,,,,,,,,,,,,,,,,,,,5.2,4.01,6.72,,,,,,,,,,,,,6.51,5.18,7.97,,,,,,,,,,,
2022-11-06,,,,,,,,,,21.13,19.63,22.79,,,,,,,,,,,,,58.85,57.25,60.62,,,,,,,,,,,,,6.26,5.02,7.75,,,,,,,,,,,,,,,,,,,,,,,,,5.2,3.98,6.73,,,,,,,,,,,,,6.57,5.2,8.01,,,,,,,,,,,
2022-11-07,,,,,,,,,,21.08,19.57,22.77,,,,,,,,,,,,,58.88,57.29,60.63,,,,,,,,,,,,,6.25,4.99,7.75,,,,,,,,,,,,,,,,,,,,,,,,,5.19,3.96,6.73,,,,,,,,,,,,,6.62,5.23,8.06,,,,,,,,,,,
2022-11-08,,,,,,,,,,21.02,19.5,22.75,,,,,,,,,,,,,58.9,57.32,60.6,,,,,,,,,,,,,6.24,4.96,7.75,,,,,,,,,,,,,,,,,,,,,,,,,5.19,3.93,6.74,,,,,,,,,,,,,6.67,5.31,8.1,,,,,,,,,,,
2022-11-09,,,,,,,,,,20.97,19.43,22.66,,,,,,,,,,,,,58.91,57.36,60.6,,,,,,,,,,,,,6.23,4.94,7.76,,,,,,,,,,,,,,,,,,,,,,,,,5.19,3.95,6.75,,,,,,,,,,,,,6.72,5.37,8.15,,,,,,,,,,,
2022-11-10,,,,,,,,,,20.92,19.38,22.62,,,,,,,,,,,,,58.92,57.39,60.61,,,,,,,,,,,,,6.22,4.92,7.77,,,,,,,,,,,,,,,,,,,,,,,,,5.18,3.95,6.76,,,,,,,,,,,,,6.77,5.39,8.19,,,,20.0,61.0,5.0,,4.0,,,5.0
2022-11-11,,,,,,,,,,20.87,19.3,22.5,,,,,,,,,,,,,58.93,57.41,60.63,,,,,,,,,,,,,6.21,4.9,7.76,,,,,,,,,,,,,,,,,,,,,,,,,5.18,3.94,6.76,,,,,,,,,,,,,6.82,5.39,8.24,,,,,,,,,,,
2022-11-12,,,,,,,,,,20.83,19.26,22.4,,,,,,,,,,,,,58.94,57.38,60.64,,,,,,,,,,,,,6.2,4.87,7.75,,,,,,,,,,,,,,,,,,,,,,,,,5.18,3.9,6.75,,,,,,,,,,,,,6.87,5.43,8.29,,,,,,,,,,,
2022-11-13,,,,,,,,,,20.79,19.24,22.38,,,,,,,,,,,,,58.94,57.4,60.59,,,,,,,,,,,,,6.19,4.85,7.75,,,,,,,,,,,,,,,,,,,,,,,,,5.18,3.83,6.73,,,,,,,,,,,,,6.92,5.5,8.36,,,,,,,,,,,
2022-11-14,,,,,,,,,,20.75,19.24,22.36,,,,,,,,,,,,,58.94,57.41,60.57,,,,,,,,,,,,,6.18,4.83,7.75,,,,,,,,,,,,,,,,,,,,,,,,,5.18,3.82,6.75,,,,,,,,,,,,,6.97,5.54,8.42,,,,,,,,,,,
2022-11-15,,,,,,,,,,20.71,19.19,22.35,,,,,,,,,,,,,58.94,57.4,60.58,,,,,,,,,,,,,6.17,4.82,7.73,,,,,,,,,,,,,,,,,,,,,,,,,5.17,3.8,6.77,,,,,,,,,,,,,7.01,5.57,8.48,,,,,,,,,,,
2022-11-16,,,,,,,,,,20.68,19.15,22.32,,,,,,,,,,,,,58.93,57.38,60.6,,,,,,,,,,,,,6.16,4.82,7.71,,,,,,,,,,,,,,,,,,,,,,,,,5.17,3.79,6.77,,,,,,,,,,,,,7.06,5.6,8.54,,,,23.0,56.0,5.0,,4.0,,,9.0
2022-11-17,,,,,,,,,,20.65,19.15,22.31,,,,,,,,,,,,,58.92,57.39,60.6,,,,,,,,,,,,,6.15,4.79,7.69,,,,,,,,,,,,,,,,,,,,,,,,,5.17,3.78,6.75,,,,,,,,,,,,,7.1,5.63,8.59,,,,,,,,,,,
2022-11-18,,,,,,,,,,20.63,19.16,22.3,,,,,,,,,,,,,58.91,57.4,60.61,,,,,,,,,,,,,6.14,4.78,7.68,,,,,,,,,,,,,,,,,,,,,,,,,5.17,3.77,6.75,,,,,,,,,,,,,7.15,5.66,8.64,,,,,,,,,,,
2022-11-19,,,,,,,,,,20.6,19.17,22.3,,,,,,,,,,,,,58.89,57.38,60.6,,,,,,,,,,,,,6.14,4.77,7.66,,,,,,,,,,,,,,,,,,,,,,,,,5.18,3.76,6.77,,,,,,,,,,,,,7.19,5.67,8.68,,,,,,,,,,,
2022-11-20,,,,,,,,,,20.58,19.15,22.29,,,,,,,,,,,,,58.87,57.38,60.59,,,,,,,,,,,,,6.13,4.77,7.64,,,,,,,,,,,,,,,,,,,,,,,,,5.18,3.75,6.8,,,,,,,,,,,,,7.23,5.68,8.72,,,,,,,,,,,
2022-11-21,,,,,,,,,,20.57,19.13,22.29,,,,,,,,,,,,,58.84,57.38,60.57,,,,,,,,,,,,,6.12,4.78,7.62,,,,,,,,,,,,,,,,,,,,,,,,,5.18,3.77,6.78,,,,,,,,,,,,,7.27,5.71,8.77,,,,,,,,,,,
2022-11-22,,,,,,,,,,20.55,19.1,22.29,,,,,,,,,,,,,58.81,57.31,60.5,,,,,,,,,,,,,6.11,4.77,7.61,,,,,,,,,,,,,,,,,,,,,,,,,5.18,3.77,6.77,,,,,,,,,,,,,7.31,5.75,8.79,,,,,,,,,,,
2022-11-23,,,,,,,,,,20.54,19.08,22.27,,,,,,,,,,,,,58.78,57.3,60.46,,,,,,,,,,,,,6.1,4.72,7.59,,,,,,,,,,,,,,,,,,,,,,,,,5.19,3.77,6.75,,,,,,,,,,,,,7.35,5.79,8.81,,,,21.0,57.0,8.0,,6.0,,,6.0
2022-11-24,,,,,,,,,,20.54,19.09,22.23,,,,,,,,,,,,,58.75,57.29,60.43,,,,,,,,,,,,,6.1,4.71,7.56,,,,,,,,,,,,,,,,,,,,,,,,,5.19,3.78,6.74,,,,,,,,,,,,,7.39,5.82,8.88,,,,,,,,,,,
2022-11-25,,,,,,,,,,20.53,19.08,22.19,,,,,,,,,,,,,58.71,57.24,60.47,,,,,,,,,,,,,6.09,4.7,7.55,,,,,,,,,,,,,,,,,,,,,,,,,5.2,3.79,6.73,,,,,,,,,,,,,7.42,5.84,8.9,,,,,,,,,,,
2022-11-26,,,,,,,,,,20.53,19.06,22.16,,,,,,,,,,,,,58.67,57.17,60.44,,,,,,,,,,,,,6.08,4.67,7.53,,,,,,,,,,,,,,,,,,,,,,,,,5.2,3.8,6.72,,,,,,,,,,,,,7.46,5.87,8.92,,,,,,,,,,,
2022-11-27,,,,,,,,,,20.53,19.04,22.19,,,,,,,,,,,,,58.62,57.08,60.38,,,,,,,,,,,,,6.08,4.64,7.54,,,,,,,,,,,,,,,,,,,,,,,,,5.21,3.81,6.71,,,,,,,,,,,,,7.49,5.89,8.92,,,,,,,,,,,
2022-11-28,,,,,,,,,,20.54,19.03,22.16,,,,,,,,,,,,,58.58,57.03,60.33,,,,,,,,,,,,,6.07,4.63,7.55,,,,,,,,,,,,,,,,,,,,,,,,,5.22,3.82,6.69,,,,,,,,,,,,,7.52,5.92,8.92,,,,,,,,,,,
2022-11-29,,,,,,,,,,20.54,19.01,22.14,,,,,,,,,,,,,58.53,56.94,60.27,,,,,,,,,,,,,6.07,4.65,7.55,,,,,,,,,,,,,,,,,,,,,,,,,5.23,3.83,6.7,,,,,,,,,,,,,7.55,5.95,8.93,,,,,,,,,,,
2022-11-30,,,,,,,,,,20.55,19.01,22.14,,,,,,,,,,,,,58.47,56.86,60.21,,,,,,,,,,,,,6.06,4.64,7.53,,,,,,,,,,,,,,,,,,,,,,,,,5.24,3.82,6.72,,,,,,,,,,,,,7.58,5.97,9.0,,,,22.0,58.0,6.0,,5.0,,,8.0
2022-12-01,,,,,,,,,,20.57,19.0,22.12,,,,,,,,,,,,,58.42,56.77,60.11,,,,,,,,,,,,,6.06,4.63,7.5,,,,,,,,,,,,,,,,,,,,,,,,,5.25,3.82,6.74,,,,,,,,,,,,,7.61,6.0,9.06,,,,,,,,,,,
2022-12-02,,,,,,,,,,20.58,19.0,22.17,,,,,,,,,,,,,58.36,56.68,60.04,,,,,,,,,,,,,6.05,4.62,7.53,,,,,,,,,,,,,,,,,,,,,,,,,5.26,3.84,6.72,,,,,,,,,,,,,7.63,6.03,9.08,,,,,,,,,,,
2022-12-03,,,,,,,,,,20.6,19.01,22.23,,,,,,,,,,,,,58.31,56.59,59.98,,,,,,,,,,,,,6.05,4.57,7.55,,,,,,,,,,,,,,,,,,,,,,,,,5.27,3.83,6.73,,,,,,,,,,,,,7.66,6.06,9.1,,,,,,,,,,,
2022-12-04,,,,,,,,,,20.61,19.01,22.29,,,,,,,,,,,,,58.25,56.51,59.93,,,,,,,,,,,,,6.05,4.58,7.54,,,,,,,,,,,,,,,,,,,,,,,,,5.28,3.83,6.74,,,,,,,,,,,,,7.68,6.08,9.12,,,,,,,,,,,
2022-12-05,,,,,,,,,,20.63,19.01,22.34,,,,,,,,,,,,,58.19,56.45,59.86,,,,,,,,,,,,,6.05,4.6,7.58,,,,,,,,,,,,,,,,,,,,,,,,,5.29,3.84,6.75,,,,,,,,,,,,,7.7,6.12,9.14,,,,,,,,,,,
2022-12-06,,,,,,,,,,20.65,19.01,22.36,,,,,,,,,,,,,58.12,56.39,59.8,,,,,,,,,,,,,6.04,4.62,7.59,,,,,,,,,,,,,,,,,,,,,,,,,5.3,3.85,6.77,,,,,,,,,,,,,7.72,6.2,9.16,,,,,,,,,,,
2022-12-07,,,,,,,,,,20.67,19.02,22.38,,,,,,,,,,,,,58.06,56.33,59.73,,,,,,,,,,,,,6.05,4.6,7.62,,,,,,,,,,,,,,,,,,,,,,,,,5.32,3.87,6.81,,,,,,,,,,,,,7.74,6.22,9.17,,,,18.0,60.0,5.0,,5.0,,,10.0
2022-12-08,,,,,,,,,,20.7,19.03,22.4,,,,,,,,,,,,,58.0,56.3,59.66,,,,,,,,,,,,,6.05,4.59,7.62,,,,,,,,,,,,,,,,,,,,,,,,,5.33,3.89,6.81,,,,,,,,,,,,,7.76,6.24,9.18,,,,,,,,,,,
2022-12-09,,,,,,,,,,20.72,19.04,22.43,,,,,,,,,,,,,57.93,56.29,59.58,,,,,,,,,,,,,6.05,4.57,7.64,,,,,,,,,,,,,,,,,,,,,,,,,5.34,3.91,6.81,,,,,,,,,,,,,7.78,6.27,9.21,,,,,,,,,,,
2022-12-10,,,,,,,,,,20.75,19.05,22.44,,,,,,,,,,,,,57.87,56.23,59.5,,,,,,,,,,,,,6.05,4.58,7.65,,,,,,,,,,,,,,,,,,,,,,,,,5.36,3.93,6.82,,,,,,,,,,,,,7.79,6.26,9.22,,,,,,,,,,,
2022-12-11,,,,,,,,,,20.77,19.08,22.46,,,,,,,,,,,,,57.81,56.15,59.44,,,,,,,,,,,,,6.05,4.61,7.65,,,,,,,,,,,,,,,,,,,,,,,,,5.37,3.95,6.83,,,,,,,,,,,,,7.8,6.29,9.23,,,,,,,,,,,
2022-12-12,,,,,,,,,,20.79,19.16,22.49,,,,,,,,,,,,,57.74,56.08,59.38,,,,,,,,,,,,,6.06,4.6,7.65,,,,,,,,,,,,,,,,,,,,,,,,,5.39,3.98,6.84,,,,,,,,,,,,,7.82,6.33,9.23,,,,,,,,,,,
2022-12-13,,,,,,,,,,20.82,19.16,22.51,,,,,,,,,,,,,57.68,56.0,59.32,,,,,,,,,,,,,6.06,4.59,7.66,,,,,,,,,,,,,,,,,,,,,,,,,5.41,3.98,6.87,,,,,,,,,,,,,7.83,6.36,9.24,,,,,,,,,,,
2022-12-14,,,,,,,,,,20.84,19.14,22.53,,,,,,,,,,,,,57.62,55.93,59.26,,,,,,,,,,,,,6.07,4.58,7.66,,,,,,,,,,,,,,,,,,,,,,,,,5.42,3.99,6.89,,,,,,,,,,,,,7.84,6.38,9.25,,,,,,,,,,,
2022-12-15,,,,,,,,,,20.86,19.13,22.55,,,,,,,,,,,,,57.56,55.89,59.2,,,,,,,,,,,,,6.07,4.56,7.67,,,,,,,,,,,,,,,,,,,,,,,,,5.44,3.99,6.91,,,,,,,,,,,,,7.85,6.4,9.26,,,,20.0,57.0,5.0,,6.0,,,11.0
2022-12-16,,,,,,,,,,20.89,19.12,22.58,,,,,,,,,,,,,57.5,55.84,59.14,,,,,,,,,,,,,6.08,4.55,7.67,,,,,,,,,,,,,,,,,,,,,,,,,5.45,3.99,6.93,,,,,,,,,,,,,7.86,6.43,9.28,,,,,,,,,,,
2022-12-17,,,,,,,,,,20.91,19.13,22.6,,,,,,,,,,,,,57.44,55.79,59.07,,,,,,,,,,,,,6.09,4.55,7.68,,,,,,,,,,,,,,,,,,,,,,,,,5.47,4.0,6.94,,,,,,,,,,,,,7.87,6.46,9.28,,,,,,,,,,,
2022-12-18,,,,,,,,,,20.93,19.14,22.62,,,,,,,,,,,,,57.39,55.75,59.02,,,,,,,,,,,,,6.09,4.54,7.68,,,,,,,,,,,,,,,,,,,,,,,,,5.48,4.0,6.98,,,,,,,,,,,,,7.88,6.48,9.28,,,,,,,,,,,
2022-12-19,,,,,,,,,,20.94,19.15,22.65,,,,,,,,,,,,,57.33,55.7,58.97,,,,,,,,,,,,,6.1,4.54,7.68,,,,,,,,,,,,,,,,,,,,,,,,,5.5,4.0,6.98,,,,,,,,,,,,,7.89,6.5,9.28,,,,,,,,,,,
2022-12-20,,,,,,,,,,20.96,19.17,22.67,,,,,,,,,,,,,57.28,55.64,58.9,,,,,,,,,,,,,6.11,4.56,7.68,,,,,,,,,,,,,,,,,,,,,,,,,5.51,4.01,6.98,,,,,,,,,,,,,7.89,6.48,9.28,,,,,,,,,,,
2022-12-21,,,,,,,,,,20.98,19.18,22.69,,,,,,,,,,,,,57.23,55.57,58.85,,,,,,,,,,,,,6.12,4.59,7.68,,,,,,,,,,,,,,,,,,,,,,,,,5.53,4.01,6.99,,,,,,,,,,,,,7.9,6.47,9.29,,,,19.0,56.0,7.0,,7.0,,,9.0
2022-12-22,,,,,,,,,,20.99,19.2,22.69,,,,,,,,,,,,,57.18,55.55,58.8,,,,,,,,,,,,,6.13,4.59,7.68,,,,,,,,,,,,,,,,,,,,,,,,,5.54,4.01,6.99,,,,,,,,,,,,,7.91,6.47,9.29,,,,,,,,,,,
2022-12-23,,,,,,,,,,21.01,19.22,22.67,,,,,,,,,,,,,57.14,55.53,58.76,,,,,,,,,,,,,6.14,4.59,7.65,,,,,,,,,,,,,,,,,,,,,,,,,5.56,4.02,6.98,,,,,,,,,,,,,7.91,6.49,9.3,,,,,,,,,,,
2022-12-24,,,,,,,,,,21.02,19.24,22.67,,,,,,,,,,,,,57.09,55.51,58.7,,,,,,,,,,,,,6.15,4.59,7.63,,,,,,,,,,,,,,,,,,,,,,,,,5.57,4.03,6.98,,,,,,,,,,,,,7.92,6.51,9.29,,,,,,,,,,,
2022-12-25,,,,,,,,,,21.03,19.25,22.68,,,,,,,,,,,,,57.05,55.5,58.67,,,,,,,,,,,,,6.17,4.59,7.6,,,,,,,,,,,,,,,,,,,,,,,,,5.58,4.05,6.99,,,,,,,,,,,,,7.93,6.5,9.29,,,,,,,,,,,
2022-12-26,,,,,,,,,,21.04,19.24,22.7,,,,,,,,,,,,,57.0,55.48,58.62,,,,,,,,,,,,,6.18,4.6,7.64,,,,,,,,,,,,,,,,,,,,,,,,,5.6,4.08,7.01,,,,,,,,,,,,,7.93,6.49,9.3,,,,,,,,,,,
2022-12-27,,,,,,,,,,21.05,19.24,22.72,,,,,,,,,,,,,56.96,55.45,58.58,,,,,,,,,,,,,6.19,4.61,7.66,,,,,,,,,,,,,,,,,,,,,,,,,5.61,4.14,7.03,,,,,,,,,,,,,7.93,6.49,9.31,,,,,,,,,,,
2022-12-28,,,,,,,,,,21.06,19.24,22.73,,,,,,,,,,,,,56.92,55.41,58.55,,,,,,,,,,,,,6.21,4.62,7.65,,,,,,,,,,,,,,,,,,,,,,,,,5.62,4.14,7.04,,,,,,,,,,,,,7.94,6.5,9.33,,,,,,,,,,,
2022-12-29,,,,,,,,,,21.07,19.23,22.73,,,,,,,,,,,,,56.89,55.37,58.55,,,,,,,,,,,,,6.22,4.64,7.65,,,,,,,,,,,,,,,,,,,,,,,,,5.64,4.14,7.09,,,,,,,,,,,,,7.94,6.51,9.31,,,,,,,,,,,
2022-12-30,,,,,,,,,,21.07,19.22,22.74,,,,,,,,,,,,,56.85,55.33,58.47,,,,,,,,,,,,,6.24,4.65,7.66,,,,,,,,,,,,,,,,,,,,,,,,,5.65,4.15,7.08,,,,,,,,,,,,,7.95,6.5,9.34,,,,,,,,,,,
2022-12-31,,,,,,,,,,21.08,19.22,22.77,,,,,,,,,,,,,56.81,55.29,58.44,,,,,,,,,,,,,6.26,4.67,7.7,,,,,,,,,,,,,,,,,,,,,,,,,5.66,4.17,7.06,,,,,,,,,,,,,7.95,6.53,9.35,,,,,,,,,,,
2023-01-01,,,,,,,,,,21.08,19.25,22.84,,,,,,,,,,,,,56.78,55.23,58.39,,,,,,,,,,,,,6.27,4.69,7.71,,,,,,,,,,,,,,,,,,,,,,,,,5.67,4.19,7.08,,,,,,,,,,,,,7.95,6.5,9.34,,,,,,,,,,,
2023-01-02,,,,,,,,,,21.09,19.3,22.91,,,,,,,,,,,,,56.75,55.16,58.32,,,,,,,,,,,,,6.29,4.7,7.71,,,,,,,,,,,,,,,,,,,,,,,,,5.68,4.17,7.06,,,,,,,,,,,,,7.95,6.48,9.35,,,,,,,,,,,
2023-01-03,,,,,,,,,,21.09,19.3,22.93,,,,,,,,,,,,,56.71,55.12,58.24,,,,,,,,,,,,,6.31,4.72,7.73,,,,,,,,,,,,,,,,,,,,,,,,,5.69,4.2,7.08,,,,,,,,,,,,,7.95,6.47,9.4,,,,,,,,,,,
2023-01-04,,,,,,,,,,21.09,19.3,22.91,,,,,,,,,,,,,56.68,55.11,58.22,,,,,,,,,,,,,6.33,4.75,7.77,,,,,,,,,,,,,,,,,,,,,,,,,5.7,4.18,7.11,,,,,,,,,,,,,7.95,6.47,9.44,,,,,,,,,,,
2023-01-05,,,,,,,,,,21.1,19.3,22.9,,,,,,,,,,,,,56.65,55.1,58.19,,,,,,,,,,,,,6.35,4.78,7.81,,,,,,,,,,,,,,,,,,,,,,,,,5.71,4.18,7.14,,,,,,,,,,,,,7.95,6.47,9.45,,,,19.0,57.0,7.0,,7.0,,,9.0
2023-01-06,,,,,,,,,,21.1,19.3,22.92,,,,,,,,,,,,,56.62,55.08,58.16,,,,,,,,,,,,,6.37,4.8,7.88,,,,,,,,,,,,,,,,,,,,,,,,,5.72,4.21,7.16,,,,,,,,,,,,,7.95,6.47,9.47,,,,,,,,,,,
2023-01-07,,,,,,,,,,21.11,19.31,22.95,,,,,,,,,,,,,56.6,55.07,58.13,,,,,,,,,,,,,6.38,4.83,7.9,,,,,,,,,,,,,,,,,,,,,,,,,5.73,4.24,7.18,,,,,,,,,,,,,7.95,6.47,9.49,,,,,,,,,,,
2023-01-08,,,,,,,,,,21.11,19.31,22.95,,,,,,,,,,,,,56.57,55.05,58.1,,,,,,,,,,,,,6.4,4.86,7.89,,,,,,,,,,,,,,,,,,,,,,,,,5.74,4.25,7.17,,,,,,,,,,,,,7.95,6.47,9.5,,,,,,,,,,,
2023-01-09,,,,,,,,,,21.12,19.32,22.93,,,,,,,,,,,,,56.54,55.0,58.06,,,,,,,,,,,,,6.42,4.88,7.89,,,,,,,,,,,,,,,,,,,,,,,,,5.75,4.25,7.19,,,,,,,,,,,,,7.94,6.45,9.47,,,,,,,,,,,
2023-01-10,,,,,,,,,,21.13,19.35,22.92,,,,,,,,,,,,,56.51,55.01,58.05,,,,,,,,,,,,,6.44,4.91,7.91,,,,,,,,,,,,,,,,,,,,,,,,,5.75,4.25,7.21,,,,,,,,,,,,,7.94,6.45,9.47,,,,,,,,,,,
2023-01-11,,,,,,,,,,21.14,19.4,22.91,,,,,,,,,,,,,56.49,55.01,58.03,,,,,,,,,,,,,6.46,4.95,7.94,,,,,,,,,,,,,,,,,,,,,,,,,5.76,4.26,7.22,,,,,,,,,,,,,7.93,6.44,9.48,,,,26.0,54.0,5.0,,4.0,,,8.0
2023-01-12,,,,,,,,,,21.15,19.44,22.89,,,,,,,,,,,,,56.46,55.02,58.0,,,,,,,,,,,,,6.48,4.98,7.96,,,,,,,,,,,,,,,,,,,,,,,,,5.77,4.28,7.24,,,,,,,,,,,,,7.92,6.43,9.47,,,,,,,,,,,
2023-01-13,,,,,,,,,,21.16,19.49,22.88,,,,,,,,,,,,,56.43,55.0,57.97,,,,,,,,,,,,,6.5,5.01,8.0,,,,,,,,,,,,,,,,,,,,,,,,,5.77,4.27,7.26,,,,,,,,,,,,,7.91,6.42,9.47,,,,,,,,,,,
2023-01-14,,,,,,,,,,21.17,19.55,22.87,,,,,,,,,,,,,56.4,54.98,57.94,,,,,,,,,,,,,6.52,5.04,8.04,,,,,,,,,,,,,,,,,,,,,,,,,5.78,4.27,7.28,,,,,,,,,,,,,7.9,6.41,9.48,,,,,,,,,,,
2023-01-15,,,,,,,,,,21.19,19.61,22.88,,,,,,,,,,,,,56.38,54.96,57.9,,,,,,,,,,,,,6.53,5.05,8.07,,,,,,,,,,,,,,,,,,,,,,,,,5.79,4.33,7.3,,,,,,,,,,,,,7.89,6.39,9.47,,,,,,,,,,,
2023-01-16,,,,,,,,,,21.2,19.65,22.9,,,,,,,,,,,,,56.35,54.92,57.9,,,,,,,,,,,,,6.55,5.05,8.1,,,,,,,,,,,,,,,,,,,,,,,,,5.79,4.37,7.31,,,,,,,,,,,,,7.88,6.38,9.45,,,,,,,,,,,
2023-01-17,,,,,,,,,,21.22,19.65,22.92,,,,,,,,,,,,,56.32,54.91,57.91,,,,,,,,,,,,,6.57,5.06,8.14,,,,,,,,,,,,,,,,,,,,,,,,,5.8,4.36,7.35,,,,,,,,,,,,,7.86,6.39,9.48,,,,,,,,,,,
2023-01-18,,,,,,,,,,21.24,19.65,22.95,,,,,,,,,,,,,56.3,54.87,57.9,,,,,,,,,,,,,6.59,5.06,8.17,,,,,,,,,,,,,,,,,,,,,,,,,5.8,4.35,7.39,,,,,,,,,,,,,7.85,6.4,9.49,,,,,,,,,,,
2023-01-19,,,,,,,,,,21.26,19.65,22.97,,,,,,,,,,,,,56.27,54.83,57.91,,,,,,,,,,,,,6.6,5.09,8.2,,,,,,,,,,,,,,,,,,,,,,,,,5.81,4.34,7.43,,,,,,,,,,,,,7.83,6.42,9.46,,,,26.0,53.0,5.0,,6.0,,,7.0
2023-01-20,,,,,,,,,,21.28,19.66,23.01,,,,,,,,,,,,,56.24,54.78,57.85,,,,,,,,,,,,,6.62,5.1,8.24,,,,,,,,,,,,,,,,,,,,,,,,,5.81,4.34,7.46,,,,,,,,,,,,,7.82,6.42,9.42,,,,,,,,,,,
2023-01-21,,,,,,,,,,21.3,19.67,23.07,,,,,,,,,,,,,56.21,54.73,57.77,,,,,,,,,,,,,6.64,5.11,8.27,,,,,,,,,,,,,,,,,,,,,,,,,5.82,4.34,7.5,,,,,,,,,,,,,7.8,6.4,9.38,,,,,,,,,,,
2023-01-22,,,,,,,,,,21.33,19.69,23.13,,,,,,,,,,,,,56.19,54.69,57.77,,,,,,,,,,,,,6.65,5.11,8.3,,,,,,,,,,,,,,,,,,,,,,,,,5.82,4.34,7.52,,,,,,,,,,,,,7.78,6.39,9.37,,,,,,,,,,,
2023-01-23,,,,,,,,,,21.35,19.7,23.2,,,,,,,,,,,,,56.16,54.63,57.74,,,,,,,,,,,,,6.67,5.15,8.33,,,,,,,,,,,,,,,,,,,,,,,,,5.82,4.33,7.54,,,,,,,,,,,,,7.76,6.36,9.35,,,,,,,,,,,
2023-01-24,,,,,,,,,,21.38,19.72,23.26,,,,,,,,,,,,,56.13,54.58,57.7,,,,,,,,,,,,,6.68,5.17,8.36,,,,,,,,,,,,,,,,,,,,,,,,,5.82,4.31,7.56,,,,,,,,,,,,,7.74,6.32,9.33,,,,,,,,,,,
2023-01-25,,,,,,,,,,21.41,19.74,23.27,,,,,,,,,,,,,56.1,54.52,57.68,,,,,,,,,,,,,6.7,5.19,8.38,,,,,,,,,,,,,,,,,,,,,,,,,5.83,4.29,7.58,,,,,,,,,,,,,7.72,6.28,9.31,,,,19.0,59.0,8.0,,4.0,,,7.0
2023-01-26,,,,,,,,,,21.44,19.76,23.32,,,,,,,,,,,,,56.07,54.47,57.67,,,,,,,,,,,,,6.71,5.22,8.41,,,,,,,,,,,,,,,,,,,,,,,,,5.83,4.28,7.59,,,,,,,,,,,,,7.7,6.26,9.29,,,,,,,,,,,
2023-01-27,,,,,,,,,,21.46,19.79,23.37,,,,,,,,,,,,,56.04,54.42,57.67,,,,,,,,,,,,,6.73,5.25,8.43,,,,,,,,,,,,,,,,,,,,,,,,,5.83,4.26,7.6,,,,,,,,,,,,,7.68,6.22,9.27,,,,,,,,,,,
2023-01-28,,,,,,,,,,21.49,19.81,23.42,,,,,,,,,,,,,56.01,54.38,57.64,,,,,,,,,,,,,6.74,5.27,8.46,,,,,,,,,,,,,,,,,,,,,,,,,5.83,4.24,7.6,,,,,,,,,,,,,7.65,6.17,9.26,,,,,,,,,,,
2023-01-29,,,,,,,,,,21.52,19.83,23.45,,,,,,,,,,,,,55.98,54.34,57.59,,,,,,,,,,,,,6.76,5.28,8.48,,,,,,,,,,,,,,,,,,,,,,,,,5.83,4.23,7.61,,,,,,,,,,,,,7.63,6.13,9.26,,,,,,,,,,,
2023-01-30,,,,,,,,,,21.55,19.86,23.46,,,,,,,,,,,,,55.95,54.33,57.55,,,,,,,,,,,,,6.77,5.28,8.47,,,,,,,,,,,,,,,,,,,,,,,,,5.83,4.21,7.61,,,,,,,,,,,,,7.61,6.08,9.27,,,,,,,,,,,
2023-01-31,,,,,,,,,,21.59,19.87,23.49,,,,,,,,,,,,,55.92,54.3,57.51,,,,,,,,,,,,,6.79,5.3,8.51,,,,,,,,,,,,,,,,,,,,,,,,,5.83,4.2,7.61,,,,,,,,,,,,,7.59,6.03,9.25,,,,,,,,,,,
2023-02-01,,,,,,,,,,21.62,19.83,23.51,,,,,,,,,,,,,55.89,54.23,57.47,,,,,,,,,,,,,6.8,5.3,8.52,,,,,,,,,,,,,,,,,,,,,,,,,5.83,4.18,7.57,,,,,,,,,,,,,7.56,5.99,9.23,,,,21.0,56.0,5.0,,8.0,,,7.0
2023-02-02,,,,,,,,,,21.65,19.87,23.53,,,,,,,,,,,,,55.86,54.2,57.42,,,,,,,,,,,,,6.82,5.32,8.53,,,,,,,,,,,,,,,,,,,,,,,,,5.83,4.17,7.55,,,,,,,,,,,,,7.54,5.94,9.21,,,,,,,,,,,
2023-02-03,,,,,,,,,,21.68,19.88,23.56,,,,,,,,,,,,,55.83,54.17,57.4,,,,,,,,,,,,,6.83,5.35,8.49,,,,,,,,,,,,,,,,,,,,,,,,,5.83,4.16,7.55,,,,,,,,,,,,,7.52,5.92,9.15,,,,,,,,,,,
2023-02-04,,,,,,,,,,21.71,19.88,23.64,,,,,,,,,,,,,55.79,54.16,57.34,,,,,,,,,,,,,6.84,5.34,8.52,,,,,,,,,,,,,,,,,,,,,,,,,5.83,4.16,7.55,,,,,,,,,,,,,7.5,5.91,9.12,,,,,,,,,,,
2023-02-05,,,,,,,,,,21.74,19.94,23.67,,,,,,,,,,,,,55.76,54.14,57.27,,,,,,,,,,,,,6.86,5.31,8.55,,,,,,,,,,,,,,,,,,,,,,,,,5.83,4.16,7.57,,,,,,,,,,,,,7.48,5.89,9.07,,,,,,,,,,,
2023-02-06,,,,,,,,,,21.77,19.99,23.7,,,,,,,,,,,,,55.73,54.11,57.22,,,,,,,,,,,,,6.87,5.29,8.58,,,,,,,,,,,,,,,,,,,,,,,,,5.83,4.15,7.58,,,,,,,,,,,,,7.45,5.86,9.06,,,,,,,,,,,
2023-02-07,,,,,,,,,,21.81,20.0,23.73,,,,,,,,,,,,,55.7,54.08,57.18,,,,,,,,,,,,,6.89,5.3,8.57,,,,,,,,,,,,,,,,,,,,,,,,,5.83,4.11,7.58,,,,,,,,,,,,,7.43,5.84,9.05,,,,,,,,,,,
2023-02-08,,,,,,,,,,21.84,20.05,23.7,,,,,,,,,,,,,55.66,54.04,57.15,,,,,,,,,,,,,6.9,5.3,8.58,,,,,,,,,,,,,,,,,,,,,,,,,5.83,4.1,7.59,,,,,,,,,,,,,7.41,5.8,9.03,,,,,,,,,,,
2023-02-09,,,,,,,,,,21.87,20.11,23.68,,,,,,,,,,,,,55.63,54.01,57.12,,,,,,,,,,,,,6.92,5.32,8.59,,,,,,,,,,,,,,,,,,,,,,,,,5.83,4.09,7.6,,,,,,,,,,,,,7.39,5.75,9.02,,,,20.0,57.0,9.0,,6.0,,,6.0
2023-02-10,,,,,,,,,,21.9,20.14,23.72,,,,,,,,,,,,,55.6,53.98,57.08,,,,,,,,,,,,,6.93,5.36,8.61,,,,,,,,,,,,,,,,,,,,,,,,,5.83,4.11,7.61,,,,,,,,,,,,,7.37,5.71,9.03,,,,,,,,,,,
2023-02-11,,,,,,,,,,21.93,20.17,23.76,,,,,,,,,,,,,55.56,53.97,57.05,,,,,,,,,,,,,6.94,5.4,8.64,,,,,,,,,,,,,,,,,,,,,,,,,5.83,4.13,7.61,,,,,,,,,,,,,7.35,5.66,9.01,,,,,,,,,,,
2023-02-12,,,,,,,,,,21.96,20.19,23.8,,,,,,,,,,,,,55.53,53.95,57.01,,,,,,,,,,,,,6.96,5.42,8.64,,,,,,,,,,,,,,,,,,,,,,,,,5.83,4.16,7.61,,,,,,,,,,,,,7.34,5.63,8.97,,,,,,,,,,,
2023-02-13,,,,,,,,,,21.98,20.23,23.84,,,,,,,,,,,,,55.5,53.9,56.96,,,,,,,,,,,,,6.97,5.42,8.65,,,,,,,,,,,,,,,,,,,,,,,,,5.83,4.17,7.6,,,,,,,,,,,,,7.32,5.62,8.95,,,,,,,,,,,
2023-02-14,,,,,,,,,,22.01,20.26,23.87,,,,,,,,,,,,,55.46,53.87,56.91,,,,,,,,,,,,,6.99,5.42,8.65,,,,,,,,,,,,,,,,,,,,,,,,,5.83,4.2,7.61,,,,,,,,,,,,,7.31,5.58,8.95,,,,,,,,,,,
2023-02-15,,,,,,,,,,22.04,20.28,23.9,,,,,,,,,,,,,55.43,53.83,56.86,,,,,,,,,,,,,7.0,5.42,8.66,,,,,,,,,,,,,,,,,,,,,,,,,5.83,4.19,7.62,,,,,,,,,,,,,7.29,5.57,8.92,,,,21.0,56.0,8.0,,7.0,,,6.0
2023-02-16,,,,,,,,,,22.06,20.31,23.91,,,,,,,,,,,,,55.39,53.78,56.8,,,,,,,,,,,,,7.02,5.43,8.66,,,,,,,,,,,,,,,,,,,,,,,,,5.82,4.19,7.62,,,,,,,,,,,,,7.28,5.53,8.9,,,,,,,,,,,
2023-02-17,,,,,,,,,,22.09,20.34,23.91,,,,,,,,,,,,,55.36,53.75,56.75,,,,,,,,,,,,,7.03,5.43,8.67,,,,,,,,,,,,,,,,,,,,,,,,,5.82,4.19,7.61,,,,,,,,,,,,,7.27,5.49,8.89,,,,,,,,,,,
2023-02-18,,,,,,,,,,22.11,20.37,23.93,,,,,,,,,,,,,55.32,53.71,56.71,,,,,,,,,,,,,7.05,5.46,8.68,,,,,,,,,,,,,,,,,,,,,,,,,5.82,4.19,7.61,,,,,,,,,,,,,7.26,5.48,8.88,,,,,,,,,,,
2023-02-19,,,,,,,,,,22.14,20.4,23.94,,,,,,,,,,,,,55.29,53.68,56.67,,,,,,,,,,,,,7.06,5.47,8.69,,,,,,,,,,,,,,,,,,,,,,,,,5.82,4.19,7.59,,,,,,,,,,,,,7.25,5.46,8.86,,,,,,,,,,,
2023-02-20,,,,,,,,,,22.16,20.42,23.96,,,,,,,,,,,,,55.25,53.66,56.65,,,,,,,,,,,,,7.07,5.47,8.7,,,,,,,,,,,,,,,,,,,,,,,,,5.82,4.19,7.58,,,,,,,,,,,,,7.24,5.45,8.85,,,,,,,,,,,
2023-02-21,,,,,,,,,,22.18,20.45,23.98,,,,,,,,,,,,,55.22,53.63,56.64,,,,,,,,,,,,,7.09,5.48,8.73,,,,,,,,,,,,,,,,,,,,,,,,,5.81,4.18,7.59,,,,,,,,,,,,,7.23,5.44,8.84,,,,,,,,,,,
2023-02-22,,,,,,,,,,22.2,20.48,23.98,,,,,,,,,,,,,55.18,53.59,56.62,,,,,,,,,,,,,7.1,5.49,8.76,,,,,,,,,,,,,,,,,,,,,,,,,5.81,4.17,7.59,,,,,,,,,,,,,7.23,5.43,8.84,,,,22.0,55.0,5.0,,6.0,,,9.0
2023-02-23,,,,,,,,,,22.22,20.51,23.99,,,,,,,,,,,,,55.15,53.56,56.6,,,,,,,,,,,,,7.12,5.5,8.78,,,,,,,,,,,,,,,,,,,,,,,,,5.81,4.17,7.58,,,,,,,,,,,,,7.22,5.42,8.83,,,,,,,,,,,
2023-02-24,,,,,,,,,,22.24,20.51,24.02,,,,,,,,,,,,,55.11,53.52,56.58,,,,,,,,,,,,,7.13,5.52,8.8,,,,,,,,,,,,,,,,,,,,,,,,,5.81,4.17,7.59,,,,,,,,,,,,,7.22,5.41,8.83,,,,,,,,,,,
2023-02-25,,,,,,,,,,22.26,20.5,24.03,,,,,,,,,,,,,55.07,53.5,56.57,,,,,,,,,,,,,7.15,5.54,8.82,,,,,,,,,,,,,,,,,,,,,,,,,5.81,4.15,7.6,,,,,,,,,,,,,7.22,5.4,8.82,,,,,,,,,,,
2023-02-26,,,,,,,,,,22.28,20.51,24.05,,,,,,,,,,,,,55.04,53.47,56.56,,,,,,,,,,,,,7.16,5.56,8.84,,,,,,,,,,,,,,,,,,,,,,,,,5.81,4.13,7.61,,,,,,,,,,,,,7.22,5.42,8.83,,,,,,,,,,,
2023-02-27,,,,,,,,,,22.29,20.53,24.1,,,,,,,,,,,,,55.0,53.45,56.54,,,,,,,,,,,,,7.17,5.58,8.86,,,,,,,,,,,,,,,,,,,,,,,,,5.81,4.11,7.61,,,,,,,,,,,,,7.23,5.43,8.84,,,,,,,,,,,
2023-02-28,,,,,,,,,,22.31,20.56,24.11,,,,,,,,,,,,,54.96,53.4,56.51,,,,,,,,,,,,,7.19,5.61,8.87,,,,,,,,,,,,,,,,,,,,,,,,,5.8,4.11,7.62,,,,,,,,,,,,,7.23,5.43,8.85,,,,,,,,,,,
2023-03-01,,,,,,,,,,22.32,20.6,24.12,,,,,,,,,,,,,54.92,53.32,56.5,,,,,,,,,,,,,7.2,5.63,8.88,,,,,,,,,,,,,,,,,,,,,,,,,5.8,4.12,7.63,,,,,,,,,,,,,7.23,5.43,8.85,,,,20.0,58.0,9.0,,2.0,,,9.0
2023-03-02,,,,,,,,,,22.34,20.64,24.14,,,,,,,,,,,,,54.88,53.28,56.47,,,,,,,,,,,,,7.22,5.66,8.9,,,,,,,,,,,,,,,,,,,,,,,,,5.8,4.12,7.64,,,,,,,,,,,,,7.24,5.43,8.85,,,,,,,,,,,
2023-03-03,,,,,,,,,,22.35,20.65,24.15,,,,,,,,,,,,,54.84,53.23,56.4,,,,,,,,,,,,,7.23,5.68,8.93,,,,,,,,,,,,,,,,,,,,,,,,,5.8,4.11,7.65,,,,,,,,,,,,,7.25,5.45,8.86,,,,,,,,,,,
2023-03-04,,,,,,,,,,22.37,20.68,24.17,,,,,,,,,,,,,54.8,53.18,56.36,,,,,,,,,,,,,7.25,5.7,8.92,,,,,,,,,,,,,,,,,,,,,,,,,5.8,4.11,7.64,,,,,,,,,,,,,7.26,5.49,8.87,,,,,,,,,,,
2023-03-05,,,,,,,,,,22.38,20.7,24.18,,,,,,,,,,,,,54.76,53.13,56.32,,,,,,,,,,,,,7.26,5.72,8.94,,,,,,,,,,,,,,,,,,,,,,,,,5.8,4.11,7.61,,,,,,,,,,,,,7.27,5.53,8.87,,,,,,,,,,,
2023-03-06,,,,,,,,,,22.4,20.73,24.19,,,,,,,,,,,,,54.72,53.08,56.28,,,,,,,,,,,,,7.28,5.74,8.94,,,,,,,,,,,,,,,,,,,,,,,,,5.8,4.11,7.61,,,,,,,,,,,,,7.28,5.56,8.87,,,,,,,,,,,
2023-03-07,,,,,,,,,,22.41,20.77,24.19,,,,,,,,,,,,,54.68,53.02,56.23,,,,,,,,,,,,,7.29,5.74,8.93,,,,,,,,,,,,,,,,,,,,,,,,,5.81,4.12,7.59,,,,,,,,,,,,,7.29,5.58,8.87,,,,,,,,,,,
2023-03-08,,,,,,,,,,22.42,20.78,24.19,,,,,,,,,,,,,54.63,52.97,56.2,,,,,,,,,,,,,7.31,5.73,8.92,,,,,,,,,,,,,,,,,,,,,,,,,5.81,4.12,7.59,,,,,,,,,,,,,7.3,5.6,8.87,,,,20.0,54.0,9.0,,8.0,,,7.0
2023-03-09,,,,,,,,,,22.44,20.8,24.19,,,,,,,,,,,,,54.59,52.91,56.16,,,,,,,,,,,,,7.32,5.75,8.92,,,,,,,,,,,,,,,,,,,,,,,,,5.81,4.13,7.6,,,,,,,,,,,,,7.31,5.62,8.88,,,,,,,,,,,
2023-03-10,,,,,,,,,,22.45,20.83,24.19,,,,,,,,,,,,,54.55,52.84,56.13,,,,,,,,,,,,,7.33,5.76,8.97,,,,,,,,,,,,,,,,,,,,,,,,,5.81,4.14,7.61,,,,,,,,,,,,,7.33,5.63,8.89,,,,,,,,,,,
2023-03-11,,,,,,,,,,22.46,20.84,24.18,,,,,,,,,,,,,54.5,52.77,56.1,,,,,,,,,,,,,7.35,5.81,8.98,,,,,,,,,,,,,,,,,,,,,,,,,5.82,4.15,7.61,,,,,,,,,,,,,7.34,5.64,8.9,,,,,,,,,,,
2023-03-12,,,,,,,,,,22.47,20.86,24.18,,,,,,,,,,,,,54.45,52.71,56.07,,,,,,,,,,,,,7.36,5.79,8.97,,,,,,,,,,,,,,,,,,,,,,,,,5.82,4.16,7.59,,,,,,,,,,,,,7.36,5.65,8.91,,,,,,,,,,,
2023-03-13,,,,,,,,,,22.49,20.88,24.17,,,,,,,,,,,,,54.41,52.67,56.04,,,,,,,,,,,,,7.38,5.77,8.96,,,,,,,,,,,,,,,,,,,,,,,,,5.82,4.17,7.57,,,,,,,,,,,,,7.37,5.67,8.92,,,,,,,,,,,
2023-03-14,,,,,,,,,,22.5,20.88,24.19,,,,,,,,,,,,,54.36,52.63,56.0,,,,,,,,,,,,,7.39,5.78,8.95,,,,,,,,,,,,,,,,,,,,,,,,,5.83,4.19,7.55,,,,,,,,,,,,,7.39,5.68,8.93,,,,,,,,,,,
2023-03-15,,,,,,,,,,22.51,20.89,24.23,,,,,,,,,,,,,54.32,52.59,55.97,,,,,,,,,,,,,7.4,5.79,8.96,,,,,,,,,,,,,,,,,,,,,,,,,5.83,4.18,7.57,,,,,,,,,,,,,7.4,5.7,8.95,,,,,,,,,,,
2023-03-16,,,,,,,,,,22.53,20.9,24.23,,,,,,,,,,,,,54.27,52.54,55.92,,,,,,,,,,,,,7.42,5.79,8.94,,,,,,,,,,,,,,,,,,,,,,,,,5.84,4.22,7.58,,,,,,,,,,,,,7.42,5.72,8.95,,,,25.0,55.0,7.0,,6.0,,,5.0
2023-03-17,,,,,,,,,,22.54,20.92,24.23,,,,,,,,,,,,,54.22,52.5,55.88,,,,,,,,,,,,,7.43,5.81,8.97,,,,,,,,,,,,,,,,,,,,,,,,,5.84,4.25,7.57,,,,,,,,,,,,,7.44,5.74,8.97,,,,,,,,,,,
2023-03-18,,,,,,,,,,22.56,20.91,24.23,,,,,,,,,,,,,54.17,52.46,55.83,,,,,,,,,,,,,7.44,5.86,9.0,,,,,,,,,,,,,,,,,,,,,,,,,5.85,4.28,7.55,,,,,,,,,,,,,7.46,5.77,9.0,,,,,,,,,,,
2023-03-19,,,,,,,,,,22.57,20.92,24.23,,,,,,,,,,,,,54.12,52.38,55.76,,,,,,,,,,,,,7.46,5.88,9.02,,,,,,,,,,,,,,,,,,,,,,,,,5.85,4.3,7.54,,,,,,,,,,,,,7.48,5.79,9.02,,,,,,,,,,,
2023-03-20,,,,,,,,,,22.59,20.94,24.26,,,,,,,,,,,,,54.07,52.31,55.69,,,,,,,,,,,,,7.47,5.88,9.0,,,,,,,,,,,,,,,,,,,,,,,,,5.86,4.33,7.54,,,,,,,,,,,,,7.5,5.82,9.03,,,,,,,,,,,
2023-03-21,,,,,,,,,,22.6,20.95,24.26,,,,,,,,,,,,,54.02,52.25,55.61,,,,,,,,,,,,,7.48,5.88,8.98,,,,,,,,,,,,,,,,,,,,,,,,,5.87,4.35,7.53,,,,,,,,,,,,,7.52,5.85,9.06,,,,,,,,,,,
2023-03-22,,,,,,,,,,22.62,20.96,24.26,,,,,,,,,,,,,53.97,52.18,55.53,,,,,,,,,,,,,7.49,5.88,8.98,,,,,,,,,,,,,,,,,,,,,,,,,5.87,4.33,7.52,,,,,,,,,,,,,7.54,5.88,9.04,,,,27.0,54.0,6.0,,5.0,,,6.0
2023-03-23,,,,,,,,,,22.64,20.98,24.27,,,,,,,,,,,,,53.92,52.13,55.47,,,,,,,,,,,,,7.5,5.91,8.95,,,,,,,,,,,,,,,,,,,,,,,,,5.88,4.33,7.51,,,,,,,,,,,,,7.56,5.91,9.03,,,,,,,,,,,
2023-03-24,,,,,,,,,,22.65,20.99,24.27,,,,,,,,,,,,,53.87,52.14,55.42,,,,,,,,,,,,,7.51,5.95,8.94,,,,,,,,,,,,,,,,,,,,,,,,,5.89,4.34,7.5,,,,,,,,,,,,,7.58,5.95,9.03,,,,,,,,,,,
2023-03-25,,,,,,,,,,22.67,21.01,24.27,,,,,,,,,,,,,53.82,52.12,55.38,,,,,,,,,,,,,7.52,5.98,8.92,,,,,,,,,,,,,,,,,,,,,,,,,5.89,4.34,7.51,,,,,,,,,,,,,7.61,6.0,9.05,,,,,,,,,,,
2023-03-26,,,,,,,,,,22.69,21.05,24.27,,,,,,,,,,,,,53.77,52.05,55.3,,,,,,,,,,,,,7.53,5.99,8.91,,,,,,,,,,,,,,,,,,,,,,,,,5.9,4.35,7.52,,,,,,,,,,,,,7.63,6.05,9.08,,,,,,,,,,,
2023-03-27,,,,,,,,,,22.71,21.09,24.27,,,,,,,,,,,,,53.72,51.99,55.21,,,,,,,,,,,,,7.54,5.98,8.89,,,,,,,,,,,,,,,,,,,,,,,,,5.91,4.36,7.54,,,,,,,,,,,,,7.66,6.1,9.12,,,,,,,,,,,
2023-03-28,,,,,,,,,,22.73,21.12,24.28,,,,,,,,,,,,,53.67,51.93,55.14,,,,,,,,,,,,,7.55,5.97,8.91,,,,,,,,,,,,,,,,,,,,,,,,,5.91,4.38,7.55,,,,,,,,,,,,,7.68,6.13,9.15,,,,,,,,,,,
2023-03-29,,,,,,,,,,22.74,21.17,24.33,,,,,,,,,,,,,53.61,51.88,55.07,,,,,,,,,,,,,7.56,5.97,8.94,,,,,,,,,,,,,,,,,,,,,,,,,5.92,4.41,7.56,,,,,,,,,,,,,7.71,6.16,9.19,,,,,,,,,,,
2023-03-30,,,,,,,,,,22.76,21.23,24.34,,,,,,,,,,,,,53.56,51.84,55.03,,,,,,,,,,,,,7.56,5.96,8.96,,,,,,,,,,,,,,,,,,,,,,,,,5.93,4.44,7.57,,,,,,,,,,,,,7.73,6.17,9.23,,,,23.0,54.0,7.0,,7.0,,,7.0
2023-03-31,,,,,,,,,,22.78,21.26,24.34,,,,,,,,,,,,,53.51,51.8,55.0,,,,,,,,,,,,,7.57,5.96,8.98,,,,,,,,,,,,,,,,,,,,,,,,,5.93,4.47,7.58,,,,,,,,,,,,,7.76,6.19,9.28,,,,,,,,,,,
2023-04-01,,,,,,,,,,22.8,21.29,24.34,,,,,,,,,,,,,53.45,51.74,54.95,,,,,,,,,,,,,7.58,5.99,9.0,,,,,,,,,,,,,,,,,,,,,,,,,5.94,4.48,7.6,,,,,,,,,,,,,7.78,6.2,9.31,,,,,,,,,,,
2023-04-02,,,,,,,,,,22.82,21.3,24.34,,,,,,,,,,,,,53.4,51.68,54.87,,,,,,,,,,,,,7.58,5.99,9.02,,,,,,,,,,,,,,,,,,,,,,,,,5.95,4.49,7.61,,,,,,,,,,,,,7.81,6.21,9.33,,,,,,,,,,,
2023-04-03,,,,,,,,,,22.84,21.32,24.33,,,,,,,,,,,,,53.35,51.62,54.8,,,,,,,,,,,,,7.59,5.97,9.05,,,,,,,,,,,,,,,,,,,,,,,,,5.96,4.49,7.62,,,,,,,,,,,,,7.84,6.21,9.36,,,,,,,,,,,
2023-04-04,,,,,,,,,,22.85,21.34,24.38,,,,,,,,,,,,,53.29,51.57,54.72,,,,,,,,,,,,,7.6,5.97,9.05,,,,,,,,,,,,,,,,,,,,,,,,,5.97,4.51,7.63,,,,,,,,,,,,,7.86,6.22,9.41,,,,,,,,,,,
2023-04-05,,,,,,,,,,22.87,21.38,24.43,,,,,,,,,,,,,53.24,51.53,54.68,,,,,,,,,,,,,7.6,5.98,9.08,,,,,,,,,,,,,,,,,,,,,,,,,5.97,4.55,7.64,,,,,,,,,,,,,7.89,6.23,9.47,,,,,,,,,,,
2023-04-06,,,,,,,,,,22.88,21.41,24.48,,,,,,,,,,,,,53.19,51.48,54.63,,,,,,,,,,,,,7.61,5.99,9.1,,,,,,,,,,,,,,,,,,,,,,,,,5.98,4.59,7.65,,,,,,,,,,,,,7.91,6.24,9.49,,,,23.0,52.0,8.0,,5.0,,,8.0
2023-04-07,,,,,,,,,,22.9,21.44,24.51,,,,,,,,,,,,,53.14,51.44,54.58,,,,,,,,,,,,,7.62,6.01,9.12,,,,,,,,,,,,,,,,,,,,,,,,,5.99,4.61,7.65,,,,,,,,,,,,,7.94,6.24,9.54,,,,,,,,,,,
2023-04-08,,,,,,,,,,22.91,21.43,24.53,,,,,,,,,,,,,53.09,51.4,54.54,,,,,,,,,,,,,7.62,6.02,9.13,,,,,,,,,,,,,,,,,,,,,,,,,6.0,4.62,7.66,,,,,,,,,,,,,7.96,6.25,9.58,,,,,,,,,,,
2023-04-09,,,,,,,,,,22.92,21.43,24.5,,,,,,,,,,,,,53.04,51.36,54.5,,,,,,,,,,,,,7.63,6.04,9.14,,,,,,,,,,,,,,,,,,,,,,,,,6.01,4.63,7.64,,,,,,,,,,,,,7.99,6.28,9.63,,,,,,,,,,,
2023-04-10,,,,,,,,,,22.93,21.45,24.47,,,,,,,,,,,,,52.99,51.32,54.46,,,,,,,,,,,,,7.63,6.04,9.15,,,,,,,,,,,,,,,,,,,,,,,,,6.02,4.65,7.65,,,,,,,,,,,,,8.01,6.35,9.67,,,,,,,,,,,
2023-04-11,,,,,,,,,,22.94,21.45,24.49,,,,,,,,,,,,,52.94,51.31,54.37,,,,,,,,,,,,,7.64,6.03,9.17,,,,,,,,,,,,,,,,,,,,,,,,,6.04,4.67,7.68,,,,,,,,,,,,,8.04,6.39,9.69,,,,,,,,,,,
2023-04-12,,,,,,,,,,22.95,21.48,24.51,,,,,,,,,,,,,52.9,51.27,54.33,,,,,,,,,,,,,7.64,6.08,9.22,,,,,,,,,,,,,,,,,,,,,,,,,6.05,4.66,7.69,,,,,,,,,,,,,8.06,6.43,9.71,,,,,,,,,,,
2023-04-13,,,,,,,,,,22.95,21.5,24.52,,,,,,,,,,,,,52.85,51.23,54.32,,,,,,,,,,,,,7.65,6.11,9.24,,,,,,,,,,,,,,,,,,,,,,,,,6.06,4.66,7.69,,,,,,,,,,,,,8.09,6.47,9.71,,,,21.0,53.0,7.0,,7.0,,,8.0
2023-04-14,,,,,,,,,,22.96,21.52,24.53,,,,,,,,,,,,,52.81,51.19,54.29,,,,,,,,,,,,,7.65,6.12,9.22,,,,,,,,,,,,,,,,,,,,,,,,,6.07,4.65,7.67,,,,,,,,,,,,,8.11,6.48,9.73,,,,,,,,,,,
2023-04-15,,,,,,,,,,22.96,21.53,24.55,,,,,,,,,,,,,52.77,51.15,54.24,,,,,,,,,,,,,7.66,6.15,9.21,,,,,,,,,,,,,,,,,,,,,,,,,6.09,4.64,7.69,,,,,,,,,,,,,8.13,6.49,9.76,,,,,,,,,,,
2023-04-16,,,,,,,,,,22.96,21.55,24.57,,,,,,,,,,,,,52.73,51.12,54.2,,,,,,,,,,,,,7.66,6.17,9.2,,,,,,,,,,,,,,,,,,,,,,,,,6.1,4.64,7.71,,,,,,,,,,,,,8.15,6.5,9.77,,,,,,,,,,,
2023-04-17,,,,,,,,,,22.96,21.57,24.58,,,,,,,,,,,,,52.69,51.09,54.17,,,,,,,,,,,,,7.67,6.2,9.19,,,,,,,,,,,,,,,,,,,,,,,,,6.11,4.65,7.73,,,,,,,,,,,,,8.18,6.54,9.79,,,,,,,,,,,
2023-04-18,,,,,,,,,,22.96,21.52,24.57,,,,,,,,,,,,,52.66,51.07,54.16,,,,,,,,,,,,,7.67,6.24,9.18,,,,,,,,,,,,,,,,,,,,,,,,,6.13,4.71,7.74,,,,,,,,,,,,,8.2,6.6,9.8,,,,,,,,,,,
2023-04-19,,,,,,,,,,22.95,21.48,24.53,,,,,,,,,,,,,52.62,51.07,54.15,,,,,,,,,,,,,7.68,6.25,9.16,,,,,,,,,,,,,,,,,,,,,,,,,6.15,4.76,7.75,,,,,,,,,,,,,8.22,6.64,9.81,,,,26.0,51.0,8.0,,4.0,,,8.0
2023-04-20,,,,,,,,,,22.95,21.44,24.5,,,,,,,,,,,,,52.59,51.1,54.13,,,,,,,,,,,,,7.68,6.26,9.15,,,,,,,,,,,,,,,,,,,,,,,,,6.16,4.78,7.75,,,,,,,,,,,,,8.24,6.66,9.82,,,,,,,,,,,
2023-04-21,,,,,,,,,,22.94,21.4,24.47,,,,,,,,,,,,,52.56,51.09,54.08,,,,,,,,,,,,,7.68,6.26,9.14,,,,,,,,,,,,,,,,,,,,,,,,,6.18,4.81,7.76,,,,,,,,,,,,,8.26,6.68,9.83,,,,,,,,,,,
2023-04-22,,,,,,,,,,22.93,21.45,24.45,,,,,,,,,,,,,52.53,51.07,54.03,,,,,,,,,,,,,7.69,6.26,9.13,,,,,,,,,,,,,,,,,,,,,,,,,6.2,4.84,7.77,,,,,,,,,,,,,8.28,6.7,9.84,,,,,,,,,,,
2023-04-23,,,,,,,,,,22.92,21.46,24.42,,,,,,,,,,,,,52.5,51.07,54.01,,,,,,,,,,,,,7.69,6.27,9.12,,,,,,,,,,,,,,,,,,,,,,,,,6.21,4.85,7.76,,,,,,,,,,,,,8.3,6.72,9.87,,,,,,,,,,,
2023-04-24,,,,,,,,,,22.91,21.44,24.41,,,,,,,,,,,,,52.47,51.05,54.0,,,,,,,,,,,,,7.69,6.3,9.11,,,,,,,,,,,,,,,,,,,,,,,,,6.23,4.87,7.77,,,,,,,,,,,,,8.32,6.75,9.9,,,,,,,,,,,
2023-04-25,,,,,,,,,,22.89,21.41,24.39,,,,,,,,,,,,,52.44,51.01,54.0,,,,,,,,,,,,,7.7,6.32,9.1,,,,,,,,,,,,,,,,,,,,,,,,,6.25,4.89,7.79,,,,,,,,,,,,,8.33,6.8,9.92,,,,,,,,,,,
2023-04-26,,,,,,,,,,22.88,21.4,24.33,,,,,,,,,,,,,52.42,50.99,53.99,,,,,,,,,,,,,7.7,6.33,9.09,,,,,,,,,,,,,,,,,,,,,,,,,6.27,4.91,7.8,,,,,,,,,,,,,8.35,6.87,9.95,,,,,,,,,,,
2023-04-27,,,,,,,,,,22.86,21.42,24.29,,,,,,,,,,,,,52.4,50.98,53.96,,,,,,,,,,,,,7.7,6.35,9.08,,,,,,,,,,,,,,,,,,,,,,,,,6.29,4.95,7.83,,,,,,,,,,,,,8.37,6.92,9.96,,,,23.0,50.0,10.0,,6.0,,,9.0
2023-04-28,,,,,,,,,,22.84,21.42,24.29,,,,,,,,,,,,,52.38,50.97,53.94,,,,,,,,,,,,,7.7,6.34,9.07,,,,,,,,,,,,,,,,,,,,,,,,,6.31,4.97,7.84,,,,,,,,,,,,,8.39,6.95,9.98,,,,,,,,,,,
2023-04-29,,,,,,,,,,22.82,21.41,24.28,,,,,,,,,,,,,52.36,50.96,53.92,,,,,,,,,,,,,7.71,6.33,9.06,,,,,,,,,,,,,,,,,,,,,,,,,6.33,4.99,7.84,,,,,,,,,,,,,8.41,6.94,9.99,,,,,,,,,,,
2023-04-30,,,,,,,,,,22.8,21.39,24.25,,,,,,,,,,,,,52.34,50.95,53.91,,,,,,,,,,,,,7.71,6.33,9.05,,,,,,,,,,,,,,,,,,,,,,,,,6.35,5.02,7.87,,,,,,,,,,,,,8.43,6.92,10.01,,,,,,,,,,,
2023-05-01,,,,,,,,,,22.78,21.31,24.21,,,,,,,,,,,,,52.33,50.91,53.89,,,,,,,,,,,,,7.71,6.32,9.05,,,,,,,,,,,,,,,,,,,,,,,,,6.37,5.03,7.9,,,,,,,,,,,,,8.45,6.91,10.03,,,,,,,,,,,
2023-05-02,,,,,,,,,,22.75,21.29,24.2,,,,,,,,,,,,,52.32,50.91,53.87,,,,,,,,,,,,,7.71,6.33,9.06,,,,,,,,,,,,,,,,,,,,,,,,,6.39,5.04,7.93,,,,,,,,,,,,,8.47,6.94,10.04,,,,,,,,,,,
2023-05-03,,,,,,,,,,22.72,21.3,24.2,,,,,,,,,,,,,52.3,50.92,53.84,,,,,,,,,,,,,7.71,6.35,9.05,,,,,,,,,,,,,,,,,,,,,,,,,6.4,5.07,7.96,,,,,,,,,,,,,8.49,6.97,10.05,,,,,,,,,,,
2023-05-04,,,,,,,,,,22.7,21.27,24.19,,,,,,,,,,,,,52.29,50.9,53.81,,,,,,,,,,,,,7.72,6.36,9.07,,,,,,,,,,,,,,,,,,,,,,,,,6.42,5.1,7.98,,,,,,,,,,,,,8.51,7.04,10.06,,,,23.0,53.0,6.0,,5.0,,,10.0
2023-05-05,,,,,,,,,,22.67,21.23,24.19,,,,,,,,,,,,,52.28,50.89,53.79,,,,,,,,,,,,,7.72,6.36,9.07,,,,,,,,,,,,,,,,,,,,,,,,,6.44,5.08,8.01,,,,,,,,,,,,,8.53,7.09,10.05,,,,,,,,,,,
2023-05-06,,,,,,,,,,22.64,21.19,24.19,,,,,,,,,,,,,52.28,50.88,53.76,,,,,,,,,,,,,7.72,6.37,9.09,,,,,,,,,,,,,,,,,,,,,,,,,6.46,5.08,8.05,,,,,,,,,,,,,8.54,7.1,10.05,,,,,,,,,,,
2023-05-07,,,,,,,,,,22.61,21.16,24.15,,,,,,,,,,,,,52.27,50.87,53.76,,,,,,,,,,,,,7.72,6.36,9.1,,,,,,,,,,,,,,,,,,,,,,,,,6.48,5.07,8.07,,,,,,,,,,,,,8.56,7.14,10.04,,,,,,,,,,,
2023-05-08,,,,,,,,,,22.58,21.14,24.08,,,,,,,,,,,,,52.27,50.86,53.77,,,,,,,,,,,,,7.72,6.35,9.11,,,,,,,,,,,,,,,,,,,,,,,,,6.5,5.14,8.09,,,,,,,,,,,,,8.58,7.2,10.04,,,,,,,,,,,
2023-05-09,,,,,,,,,,22.55,21.12,24.01,,,,,,,,,,,,,52.26,50.85,53.78,,,,,,,,,,,,,7.72,6.34,9.11,,,,,,,,,,,,,,,,,,,,,,,,,6.52,5.13,8.11,,,,,,,,,,,,,8.6,7.25,10.07,,,,,,,,,,,
2023-05-10,,,,,,,,,,22.52,21.08,23.95,,,,,,,,,,,,,52.26,50.85,53.76,,,,,,,,,,,,,7.72,6.36,9.1,,,,,,,,,,,,,,,,,,,,,,,,,6.54,5.18,8.13,,,,,,,,,,,,,8.62,7.3,10.1,,,,23.0,51.0,8.0,,8.0,,,9.0
2023-05-11,,,,,,,,,,22.48,21.05,23.88,,,,,,,,,,,,,52.26,50.85,53.77,,,,,,,,,,,,,7.72,6.36,9.11,,,,,,,,,,,,,,,,,,,,,,,,,6.56,5.22,8.15,,,,,,,,,,,,,8.64,7.36,10.11,,,,,,,,,,,
2023-05-12,,,,,,,,,,22.45,21.01,23.85,,,,,,,,,,,,,52.26,50.84,53.75,,,,,,,,,,,,,7.72,6.35,9.14,,,,,,,,,,,,,,,,,,,,,,,,,6.58,5.28,8.16,,,,,,,,,,,,,8.66,7.32,10.11,,,,,,,,,,,
2023-05-13,,,,,,,,,,22.42,20.98,23.84,,,,,,,,,,,,,52.26,50.83,53.76,,,,,,,,,,,,,7.72,6.34,9.15,,,,,,,,,,,,,,,,,,,,,,,,,6.59,5.33,8.17,,,,,,,,,,,,,8.68,7.36,10.11,,,,,,,,,,,
2023-05-14,,,,,,,,,,22.38,20.95,23.8,,,,,,,,,,,,,52.26,50.85,53.78,,,,,,,,,,,,,7.72,6.3,9.16,,,,,,,,,,,,,,,,,,,,,,,,,6.61,5.38,8.18,,,,,,,,,,,,,8.7,7.38,10.14,,,,,,,,,,,
2023-05-15,,,,,,,,,,22.35,20.91,23.77,,,,,,,,,,,,,52.26,50.86,53.83,,,,,,,,,,,,,7.72,6.3,9.15,,,,,,,,,,,,,,,,,,,,,,,,,6.63,5.38,8.19,,,,,,,,,,,,,8.72,7.37,10.16,,,,,,,,,,,
2023-05-16,,,,,,,,,,22.31,20.87,23.74,,,,,,,,,,,,,52.26,50.87,53.83,,,,,,,,,,,,,7.72,6.3,9.15,,,,,,,,,,,,,,,,,,,,,,,,,6.65,5.34,8.2,,,,,,,,,,,,,8.73,7.36,10.18,,,,,,,,,,,
2023-05-17,,,,,,,,,,22.28,20.8,23.7,,,,,,,,,,,,,52.26,50.88,53.83,,,,,,,,,,,,,7.73,6.29,9.15,,,,,,,,,,,,,,,,,,,,,,,,,6.67,5.3,8.21,,,,,,,,,,,,,8.75,7.37,10.21,,,,,,,,,,,
2023-05-18,,,,,,,,,,22.24,20.74,23.66,,,,,,,,,,,,,52.27,50.89,53.83,,,,,,,,,,,,,7.73,6.28,9.15,,,,,,,,,,,,,,,,,,,,,,,,,6.69,5.32,8.22,,,,,,,,,,,,,8.77,7.36,10.27,,,,23.0,50.0,8.0,,8.0,,,9.0
2023-05-19,,,,,,,,,,22.21,20.73,23.63,,,,,,,,,,,,,52.27,50.85,53.83,,,,,,,,,,,,,7.73,6.27,9.16,,,,,,,,,,,,,,,,,,,,,,,,,6.71,5.36,8.22,,,,,,,,,,,,,8.79,7.37,10.29,,,,,,,,,,,
2023-05-20,,,,,,,,,,22.18,20.73,23.61,,,,,,,,,,,,,52.27,50.84,53.82,,,,,,,,,,,,,7.73,6.26,9.17,,,,,,,,,,,,,,,,,,,,,,,,,6.73,5.4,8.23,,,,,,,,,,,,,8.8,7.41,10.33,,,,,,,,,,,
2023-05-21,,,,,,,,,,22.14,20.71,23.59,,,,,,,,,,,,,52.27,50.82,53.82,,,,,,,,,,,,,7.73,6.26,9.17,,,,,,,,,,,,,,,,,,,,,,,,,6.74,5.43,8.24,,,,,,,,,,,,,8.82,7.45,10.38,,,,,,,,,,,
2023-05-22,,,,,,,,,,22.11,20.7,23.57,,,,,,,,,,,,,52.28,50.79,53.82,,,,,,,,,,,,,7.73,6.25,9.18,,,,,,,,,,,,,,,,,,,,,,,,,6.76,5.46,8.25,,,,,,,,,,,,,8.83,7.44,10.41,,,,,,,,,,,
2023-05-23,,,,,,,,,,22.08,20.67,23.53,,,,,,,,,,,,,52.28,50.78,53.82,,,,,,,,,,,,,7.74,6.24,9.17,,,,,,,,,,,,,,,,,,,,,,,,,6.78,5.47,8.25,,,,,,,,,,,,,8.85,7.45,10.4,,,,,,,,,,,
2023-05-24,,,,,,,,,,22.04,20.65,23.49,,,,,,,,,,,,,52.29,50.78,53.82,,,,,,,,,,,,,7.74,6.23,9.17,,,,,,,,,,,,,,,,,,,,,,,,,6.8,5.43,8.26,,,,,,,,,,,,,8.86,7.44,10.4,,,,,,,,,,,
2023-05-25,,,,,,,,,,22.01,20.62,23.47,,,,,,,,,,,,,52.29,50.77,53.81,,,,,,,,,,,,,7.74,6.24,9.16,,,,,,,,,,,,,,,,,,,,,,,,,6.82,5.47,8.26,,,,,,,,,,,,,8.88,7.46,10.39,,,,,,,,,,,
2023-05-26,,,,,,,,,,21.98,20.57,23.45,,,,,,,,,,,,,52.29,50.76,53.83,,,,,,,,,,,,,7.74,6.23,9.16,,,,,,,,,,,,,,,,,,,,,,,,,6.84,5.51,8.25,,,,,,,,,,,,,8.89,7.5,10.38,,,,22.0,54.0,7.0,,7.0,,,8.0
2023-05-27,,,,,,,,,,21.95,20.52,23.41,,,,,,,,,,,,,52.3,50.75,53.82,,,,,,,,,,,,,7.74,6.22,9.15,,,,,,,,,,,,,,,,,,,,,,,,,6.86,5.51,8.27,,,,,,,,,,,,,8.9,7.54,10.4,,,,,,,,,,,
2023-05-28,,,,,,,,,,21.92,20.47,23.36,,,,,,,,,,,,,52.3,50.75,53.86,,,,,,,,,,,,,7.74,6.22,9.15,,,,,,,,,,,,,,,,,,,,,,,,,6.88,5.51,8.28,,,,,,,,,,,,,8.91,7.56,10.44,,,,,,,,,,,
2023-05-29,,,,,,,,,,21.89,20.42,23.32,,,,,,,,,,,,,52.31,50.78,53.91,,,,,,,,,,,,,7.74,6.24,9.14,,,,,,,,,,,,,,,,,,,,,,,,,6.89,5.52,8.28,,,,,,,,,,,,,8.92,7.56,10.48,,,,,,,,,,,
2023-05-30,,,,,,,,,,21.87,20.36,23.29,,,,,,,,,,,,,52.32,50.8,53.96,,,,,,,,,,,,,7.74,6.27,9.13,,,,,,,,,,,,,,,,,,,,,,,,,6.91,5.53,8.28,,,,,,,,,,,,,8.93,7.55,10.52,,,,,,,,,,,
2023-05-31,,,,,,,,,,21.84,20.31,23.24,,,,,,,,,,,,,52.32,50.8,53.99,,,,,,,,,,,,,7.74,6.31,9.12,,,,,,,,,,,,,,,,,,,,,,,,,6.93,5.54,8.28,,,,,,,,,,,,,8.94,7.55,10.52,,,,23.0,51.0,9.0,,5.0,,,12.0
2023-06-01,,,,,,,,,,21.81,20.29,23.2,,,,,,,,,,,,,52.33,50.8,53.99,,,,,,,,,,,,,7.74,6.3,9.15,,,,,,,,,,,,,,,,,,,,,,,,,6.95,5.56,8.29,,,,,,,,,,,,,8.95,7.54,10.51,,,,,,,,,,,
2023-06-02,,,,,,,,,,21.79,20.29,23.17,,,,,,,,,,,,,52.34,50.78,54.0,,,,,,,,,,,,,7.74,6.28,9.18,,,,,,,,,,,,,,,,,,,,,,,,,6.96,5.57,8.32,,,,,,,,,,,,,8.96,7.51,10.51,,,,,,,,,,,
2023-06-03,,,,,,,,,,21.77,20.31,23.17,,,,,,,,,,,,,52.35,50.75,54.05,,,,,,,,,,,,,7.74,6.26,9.18,,,,,,,,,,,,,,,,,,,,,,,,,6.98,5.58,8.36,,,,,,,,,,,,,8.97,7.54,10.5,,,,,,,,,,,
2023-06-04,,,,,,,,,,21.74,20.29,23.18,,,,,,,,,,,,,52.35,50.75,54.05,,,,,,,,,,,,,7.74,6.23,9.18,,,,,,,,,,,,,,,,,,,,,,,,,6.99,5.62,8.37,,,,,,,,,,,,,8.97,7.53,10.49,,,,,,,,,,,
2023-06-05,,,,,,,,,,21.72,20.25,23.18,,,,,,,,,,,,,52.36,50.76,54.04,,,,,,,,,,,,,7.74,6.23,9.18,,,,,,,,,,,,,,,,,,,,,,,,,7.0,5.66,8.39,,,,,,,,,,,,,8.98,7.52,10.52,,,,,,,,,,,
2023-06-06,,,,,,,,,,21.7,20.21,23.19,,,,,,,,,,,,,52.37,50.77,54.03,,,,,,,,,,,,,7.74,6.23,9.16,,,,,,,,,,,,,,,,,,,,,,,,,7.02,5.68,8.41,,,,,,,,,,,,,8.98,7.51,10.5,,,,,,,,,,,
2023-06-07,,,,,,,,,,21.68,20.22,23.16,,,,,,,,,,,,,52.38,50.79,54.02,,,,,,,,,,,,,7.74,6.23,9.16,,,,,,,,,,,,,,,,,,,,,,,,,7.03,5.7,8.46,,,,,,,,,,,,,8.99,7.5,10.53,,,,21.0,48.0,8.0,,8.0,,,11.0
2023-06-08,,,,,,,,,,21.66,20.23,23.18,,,,,,,,,,,,,52.4,50.82,54.02,,,,,,,,,,,,,7.73,6.23,9.16,,,,,,,,,,,,,,,,,,,,,,,,,7.04,5.72,8.5,,,,,,,,,,,,,8.99,7.49,10.56,,,,,,,,,,,
2023-06-09,,,,,,,,,,21.65,20.23,23.15,,,,,,,,,,,,,52.41,50.82,54.03,,,,,,,,,,,,,7.73,6.23,9.15,,,,,,,,,,,,,,,,,,,,,,,,,7.06,5.74,8.5,,,,,,,,,,,,,8.99,7.48,10.55,,,,,,,,,,,
2023-06-10,,,,,,,,,,21.63,20.22,23.13,,,,,,,,,,,,,52.42,50.84,54.04,,,,,,,,,,,,,7.73,6.23,9.15,,,,,,,,,,,,,,,,,,,,,,,,,7.07,5.76,8.51,,,,,,,,,,,,,9.0,7.47,10.54,,,,,,,,,,,
2023-06-11,,,,,,,,,,21.61,20.18,23.11,,,,,,,,,,,,,52.44,50.87,54.05,,,,,,,,,,,,,7.72,6.22,9.18,,,,,,,,,,,,,,,,,,,,,,,,,7.08,5.78,8.52,,,,,,,,,,,,,9.0,7.47,10.55,,,,,,,,,,,
2023-06-12,,,,,,,,,,21.59,20.13,23.07,,,,,,,,,,,,,52.45,50.91,54.07,,,,,,,,,,,,,7.72,6.22,9.16,,,,,,,,,,,,,,,,,,,,,,,,,7.09,5.8,8.56,,,,,,,,,,,,,9.0,7.46,10.58,,,,,,,,,,,
2023-06-13,,,,,,,,,,21.58,20.1,23.04,,,,,,,,,,,,,52.47,50.94,54.08,,,,,,,,,,,,,7.71,6.22,9.16,,,,,,,,,,,,,,,,,,,,,,,,,7.1,5.8,8.6,,,,,,,,,,,,,9.0,7.45,10.6,,,,,,,,,,,
2023-06-14,,,,,,,,,,21.56,20.09,23.01,,,,,,,,,,,,,52.49,50.97,54.1,,,,,,,,,,,,,7.71,6.21,9.14,,,,,,,,,,,,,,,,,,,,,,,,,7.11,5.8,8.6,,,,,,,,,,,,,9.0,7.44,10.6,,,,,,,,,,,
2023-06-15,,,,,,,,,,21.54,20.08,22.97,,,,,,,,,,,,,52.51,50.99,54.12,,,,,,,,,,,,,7.7,6.21,9.14,,,,,,,,,,,,,,,,,,,,,,,,,7.11,5.81,8.6,,,,,,,,,,,,,9.0,7.43,10.6,,,,,,,,,,,
2023-06-16,,,,,,,,,,21.53,20.07,22.97,,,,,,,,,,,,,52.53,51.03,54.14,,,,,,,,,,,,,7.69,6.2,9.14,,,,,,,,,,,,,,,,,,,,,,,,,7.12,5.82,8.6,,,,,,,,,,,,,9.0,7.42,10.61,,,,21.0,54.0,9.0,,7.0,,,6.0
2023-06-17,,,,,,,,,,21.51,20.07,22.98,,,,,,,,,,,,,52.55,51.06,54.19,,,,,,,,,,,,,7.68,6.18,9.16,,,,,,,,,,,,,,,,,,,,,,,,,7.13,5.83,8.61,,,,,,,,,,,,,9.0,7.42,10.63,,,,,,,,,,,
2023-06-18,,,,,,,,,,21.5,20.05,22.95,,,,,,,,,,,,,52.57,51.1,54.2,,,,,,,,,,,,,7.68,6.17,9.13,,,,,,,,,,,,,,,,,,,,,,,,,7.14,5.83,8.62,,,,,,,,,,,,,8.99,7.4,10.63,,,,,,,,,,,
2023-06-19,,,,,,,,,,21.48,20.0,22.92,,,,,,,,,,,,,52.6,51.14,54.23,,,,,,,,,,,,,7.67,6.15,9.13,,,,,,,,,,,,,,,,,,,,,,,,,7.14,5.84,8.64,,,,,,,,,,,,,8.99,7.4,10.61,,,,,,,,,,,
2023-06-20,,,,,,,,,,21.47,19.95,22.89,,,,,,,,,,,,,52.62,51.17,54.26,,,,,,,,,,,,,7.66,6.12,9.1,,,,,,,,,,,,,,,,,,,,,,,,,7.15,5.85,8.64,,,,,,,,,,,,,8.99,7.39,10.58,,,,,,,,,,,
2023-06-21,,,,,,,,,,21.45,19.94,22.91,,,,,,,,,,,,,52.65,51.2,54.29,,,,,,,,,,,,,7.65,6.1,9.06,,,,,,,,,,,,,,,,,,,,,,,,,7.16,5.85,8.64,,,,,,,,,,,,,8.98,7.39,10.55,,,,19.0,57.0,7.0,,8.0,,,8.0
2023-06-22,,,,,,,,,,21.44,19.92,22.92,,,,,,,,,,,,,52.67,51.23,54.32,,,,,,,,,,,,,7.64,6.09,9.03,,,,,,,,,,,,,,,,,,,,,,,,,7.16,5.85,8.63,,,,,,,,,,,,,8.98,7.39,10.53,,,,,,,,,,,
2023-06-23,,,,,,,,,,21.42,19.9,22.9,,,,,,,,,,,,,52.7,51.27,54.34,,,,,,,,,,,,,7.62,6.09,9.0,,,,,,,,,,,,,,,,,,,,,,,,,7.17,5.84,8.64,,,,,,,,,,,,,8.97,7.38,10.49,,,,,,,,,,,
2023-06-24,,,,,,,,,,21.41,19.87,22.87,,,,,,,,,,,,,52.73,51.29,54.37,,,,,,,,,,,,,7.61,6.1,8.97,,,,,,,,,,,,,,,,,,,,,,,,,7.17,5.83,8.62,,,,,,,,,,,,,8.97,7.35,10.46,,,,,,,,,,,
2023-06-25,,,,,,,,,,21.4,19.83,22.85,,,,,,,,,,,,,52.76,51.28,54.4,,,,,,,,,,,,,7.6,6.1,8.97,,,,,,,,,,,,,,,,,,,,,,,,,7.17,5.81,8.61,,,,,,,,,,,,,8.96,7.33,10.45,,,,,,,,,,,
2023-06-26,,,,,,,,,,21.39,19.8,22.85,,,,,,,,,,,,,52.79,51.3,54.45,,,,,,,,,,,,,7.59,6.1,8.95,,,,,,,,,,,,,,,,,,,,,,,,,7.18,5.8,8.62,,,,,,,,,,,,,8.95,7.34,10.44,,,,,,,,,,,
2023-06-27,,,,,,,,,,21.37,19.78,22.82,,,,,,,,,,,,,52.82,51.31,54.48,,,,,,,,,,,,,7.58,6.09,8.92,,,,,,,,,,,,,,,,,,,,,,,,,7.18,5.79,8.62,,,,,,,,,,,,,8.94,7.37,10.42,,,,,,,,,,,
2023-06-28,,,,,,,,,,21.36,19.76,22.78,,,,,,,,,,,,,52.85,51.37,54.51,,,,,,,,,,,,,7.56,6.1,8.89,,,,,,,,,,,,,,,,,,,,,,,,,7.18,5.78,8.62,,,,,,,,,,,,,8.93,7.38,10.4,,,,20.0,54.0,6.0,,9.0,,,8.0
2023-06-29,,,,,,,,,,21.35,19.76,22.74,,,,,,,,,,,,,52.89,51.42,54.54,,,,,,,,,,,,,7.55,6.06,8.88,,,,,,,,,,,,,,,,,,,,,,,,,7.19,5.76,8.6,,,,,,,,,,,,,8.92,7.4,10.38,,,,,,,,,,,
2023-06-30,,,,,,,,,,21.34,19.78,22.69,,,,,,,,,,,,,52.92,51.44,54.56,,,,,,,,,,,,,7.54,6.03,8.87,,,,,,,,,,,,,,,,,,,,,,,,,7.19,5.75,8.57,,,,,,,,,,,,,8.91,7.39,10.35,,,,,,,,,,,
2023-07-01,,,,,,,,,,21.33,19.75,22.67,,,,,,,,,,,,,52.95,51.45,54.59,,,,,,,,,,,,,7.52,5.99,8.85,,,,,,,,,,,,,,,,,,,,,,,,,7.19,5.73,8.54,,,,,,,,,,,,,8.9,7.35,10.34,,,,,,,,,,,
2023-07-02,,,,,,,,,,21.32,19.72,22.68,,,,,,,,,,,,,52.98,51.47,54.63,,,,,,,,,,,,,7.51,5.95,8.82,,,,,,,,,,,,,,,,,,,,,,,,,7.19,5.72,8.52,,,,,,,,,,,,,8.89,7.34,10.33,,,,,,,,,,,
2023-07-03,,,,,,,,,,21.32,19.72,22.66,,,,,,,,,,,,,53.02,51.49,54.65,,,,,,,,,,,,,7.5,5.92,8.83,,,,,,,,,,,,,,,,,,,,,,,,,7.19,5.7,8.51,,,,,,,,,,,,,8.88,7.33,10.33,,,,,,,,,,,
2023-07-04,,,,,,,,,,21.31,19.71,22.64,,,,,,,,,,,,,53.05,51.5,54.67,,,,,,,,,,,,,7.48,5.9,8.81,,,,,,,,,,,,,,,,,,,,,,,,,7.19,5.69,8.5,,,,,,,,,,,,,8.87,7.29,10.31,,,,,,,,,,,
2023-07-05,,,,,,,,,,21.3,19.71,22.67,,,,,,,,,,,,,53.08,51.52,54.7,,,,,,,,,,,,,7.47,5.89,8.77,,,,,,,,,,,,,,,,,,,,,,,,,7.2,5.69,8.48,,,,,,,,,,,,,8.85,7.26,10.27,,,,,,,,,,,
2023-07-06,,,,,,,,,,21.3,19.71,22.72,,,,,,,,,,,,,53.12,51.53,54.72,,,,,,,,,,,,,7.46,5.87,8.74,,,,,,,,,,,,,,,,,,,,,,,,,7.2,5.71,8.46,,,,,,,,,,,,,8.84,7.23,10.24,,,,19.0,54.0,7.0,,7.0,,,11.0
2023-07-07,,,,,,,,,,21.29,19.71,22.76,,,,,,,,,,,,,53.15,51.55,54.75,,,,,,,,,,,,,7.45,5.85,8.73,,,,,,,,,,,,,,,,,,,,,,,,,7.2,5.75,8.45,,,,,,,,,,,,,8.83,7.26,10.2,,,,,,,,,,,
2023-07-08,,,,,,,,,,21.29,19.71,22.77,,,,,,,,,,,,,53.18,51.58,54.77,,,,,,,,,,,,,7.43,5.84,8.71,,,,,,,,,,,,,,,,,,,,,,,,,7.2,5.77,8.44,,,,,,,,,,,,,8.81,7.27,10.21,,,,,,,,,,,
2023-07-09,,,,,,,,,,21.28,19.71,22.77,,,,,,,,,,,,,53.21,51.6,54.81,,,,,,,,,,,,,7.42,5.85,8.71,,,,,,,,,,,,,,,,,,,,,,,,,7.2,5.77,8.43,,,,,,,,,,,,,8.8,7.25,10.22,,,,,,,,,,,
2023-07-10,,,,,,,,,,21.28,19.74,22.76,,,,,,,,,,,,,53.24,51.63,54.84,,,,,,,,,,,,,7.41,5.84,8.72,,,,,,,,,,,,,,,,,,,,,,,,,7.2,5.78,8.41,,,,,,,,,,,,,8.79,7.23,10.18,,,,,,,,,,,
2023-07-11,,,,,,,,,,21.28,19.73,22.75,,,,,,,,,,,,,53.27,51.65,54.84,,,,,,,,,,,,,7.4,5.81,8.72,,,,,,,,,,,,,,,,,,,,,,,,,7.2,5.78,8.4,,,,,,,,,,,,,8.77,7.21,10.14,,,,21.0,54.0,8.0,,7.0,,,9.0
2023-07-12,,,,,,,,,,21.28,19.73,22.74,,,,,,,,,,,,,53.3,51.65,54.86,,,,,,,,,,,,,7.39,5.8,8.69,,,,,,,,,,,,,,,,,,,,,,,,,7.2,5.79,8.38,,,,,,,,,,,,,8.76,7.2,10.13,,,,,,,,,,,
2023-07-13,,,,,,,,,,21.28,19.76,22.75,,,,,,,,,,,,,53.33,51.64,54.88,,,,,,,,,,,,,7.38,5.8,8.66,,,,,,,,,,,,,,,,,,,,,,,,,7.2,5.8,8.37,,,,,,,,,,,,,8.75,7.18,10.12,,,,,,,,,,,
2023-07-14,,,,,,,,,,21.28,19.78,22.76,,,,,,,,,,,,,53.36,51.71,54.9,,,,,,,,,,,,,7.37,5.8,8.64,,,,,,,,,,,,,,,,,,,,,,,,,7.21,5.79,8.35,,,,,,,,,,,,,8.73,7.17,10.12,,,,,,,,,,,
2023-07-15,,,,,,,,,,21.28,19.79,22.78,,,,,,,,,,,,,53.38,51.77,54.92,,,,,,,,,,,,,7.35,5.8,8.62,,,,,,,,,,,,,,,,,,,,,,,,,7.21,5.82,8.36,,,,,,,,,,,,,8.72,7.16,10.11,,,,,,,,,,,
2023-07-16,,,,,,,,,,21.28,19.8,22.8,,,,,,,,,,,,,53.41,51.8,54.94,,,,,,,,,,,,,7.34,5.81,8.61,,,,,,,,,,,,,,,,,,,,,,,,,7.21,5.83,8.39,,,,,,,,,,,,,8.71,7.16,10.09,,,,,,,,,,,
2023-07-17,,,,,,,,,,21.29,19.82,22.81,,,,,,,,,,,,,53.43,51.83,54.95,,,,,,,,,,,,,7.33,5.81,8.6,,,,,,,,,,,,,,,,,,,,,,,,,7.21,5.83,8.4,,,,,,,,,,,,,8.69,7.16,10.09,,,,,,,,,,,
2023-07-18,,,,,,,,,,21.29,19.85,22.79,,,,,,,,,,,,,53.46,51.86,54.95,,,,,,,,,,,,,7.32,5.81,8.6,,,,,,,,,,,,,,,,,,,,,,,,,7.21,5.82,8.42,,,,,,,,,,,,,8.68,7.15,10.08,,,,,,,,,,,
2023-07-19,,,,,,,,,,21.3,19.79,22.8,,,,,,,,,,,,,53.48,51.89,54.97,,,,,,,,,,,,,7.31,5.82,8.6,,,,,,,,,,,,,,,,,,,,,,,,,7.21,5.81,8.45,,,,,,,,,,,,,8.67,7.12,10.05,,,,,,,,,,,
2023-07-20,,,,,,,,,,21.3,19.83,22.81,,,,,,,,,,,,,53.5,51.96,54.99,,,,,,,,,,,,,7.3,5.84,8.62,,,,,,,,,,,,,,,,,,,,,,,,,7.21,5.8,8.46,,,,,,,,,,,,,8.66,7.09,10.05,,,,23.0,53.0,8.0,,8.0,,,6.0
2023-07-21,,,,,,,,,,21.31,19.88,22.81,,,,,,,,,,,,,53.52,51.99,55.01,,,,,,,,,,,,,7.29,5.85,8.61,,,,,,,,,,,,,,,,,,,,,,,,,7.22,5.79,8.48,,,,,,,,,,,,,8.65,7.03,10.03,,,,,,,,,,,
2023-07-22,,,,,,,,,,21.32,19.88,22.79,,,,,,,,,,,,,53.54,52.01,55.02,,,,,,,,,,,,,7.28,5.85,8.62,,,,,,,,,,,,,,,,,,,,,,,,,7.22,5.76,8.5,,,,,,,,,,,,,8.64,7.01,10.0,,,,,,,,,,,
2023-07-23,,,,,,,,,,21.33,19.87,22.8,,,,,,,,,,,,,53.56,52.03,55.02,,,,,,,,,,,,,7.27,5.85,8.63,,,,,,,,,,,,,,,,,,,,,,,,,7.22,5.78,8.51,,,,,,,,,,,,,8.62,7.01,9.96,,,,,,,,,,,
2023-07-24,,,,,,,,,,21.34,19.88,22.81,,,,,,,,,,,,,53.57,52.04,55.04,,,,,,,,,,,,,7.27,5.84,8.63,,,,,,,,,,,,,,,,,,,,,,,,,7.22,5.77,8.53,,,,,,,,,,,,,8.61,6.99,9.94,,,,,,,,,,,
2023-07-25,,,,,,,,,,21.35,19.89,22.82,,,,,,,,,,,,,53.59,52.06,55.08,,,,,,,,,,,,,7.26,5.85,8.61,,,,,,,,,,,,,,,,,,,,,,,,,7.22,5.8,8.55,,,,,,,,,,,,,8.61,6.97,9.93,,,,,,,,,,,
2023-07-26,,,,,,,,,,21.36,19.91,22.83,,,,,,,,,,,,,53.6,52.08,55.09,,,,,,,,,,,,,7.25,5.82,8.59,,,,,,,,,,,,,,,,,,,,,,,,,7.22,5.81,8.58,,,,,,,,,,,,,8.6,6.97,9.93,,,,21.0,47.0,8.0,,8.0,,,12.0
2023-07-27,,,,,,,,,,21.37,19.94,22.85,,,,,,,,,,,,,53.62,52.1,55.11,,,,,,,,,,,,,7.24,5.82,8.62,,,,,,,,,,,,,,,,,,,,,,,,,7.23,5.79,8.57,,,,,,,,,,,,,8.59,6.99,9.93,,,,,,,,,,,
2023-07-28,,,,,,,,,,21.39,19.96,22.87,,,,,,,,,,,,,53.63,52.11,55.12,,,,,,,,,,,,,7.23,5.8,8.64,,,,,,,,,,,,,,,,,,,,,,,,,7.23,5.81,8.58,,,,,,,,,,,,,8.58,7.0,9.94,,,,,,,,,,,
2023-07-29,,,,,,,,,,21.4,19.97,22.89,,,,,,,,,,,,,53.64,52.12,55.14,,,,,,,,,,,,,7.23,5.8,8.65,,,,,,,,,,,,,,,,,,,,,,,,,7.23,5.79,8.59,,,,,,,,,,,,,8.57,7.02,9.94,,,,,,,,,,,
2023-07-30,,,,,,,,,,21.42,19.99,22.9,,,,,,,,,,,,,53.65,52.08,55.15,,,,,,,,,,,,,7.22,5.79,8.64,,,,,,,,,,,,,,,,,,,,,,,,,7.23,5.78,8.61,,,,,,,,,,,,,8.56,7.0,9.93,,,,,,,,,,,
2023-07-31,,,,,,,,,,21.43,20.01,22.92,,,,,,,,,,,,,53.66,52.09,55.17,,,,,,,,,,,,,7.21,5.79,8.63,,,,,,,,,,,,,,,,,,,,,,,,,7.23,5.78,8.63,,,,,,,,,,,,,8.56,6.99,9.93,,,,,,,,,,,
2023-08-01,,,,,,,,,,21.45,20.04,22.93,,,,,,,,,,,,,53.67,52.12,55.18,,,,,,,,,,,,,7.2,5.78,8.62,,,,,,,,,,,,,,,,,,,,,,,,,7.23,5.8,8.65,,,,,,,,,,,,,8.55,7.02,9.93,,,,,,,,,,,
2023-08-02,,,,,,,,,,21.46,20.07,22.95,,,,,,,,,,,,,53.68,52.16,55.2,,,,,,,,,,,,,7.2,5.8,8.61,,,,,,,,,,,,,,,,,,,,,,,,,7.23,5.84,8.67,,,,,,,,,,,,,8.54,7.06,9.95,,,,,,,,,,,
2023-08-03,,,,,,,,,,21.48,20.09,22.96,,,,,,,,,,,,,53.69,52.19,55.22,,,,,,,,,,,,,7.19,5.82,8.62,,,,,,,,,,,,,,,,,,,,,,,,,7.23,5.84,8.69,,,,,,,,,,,,,8.53,7.08,9.95,,,,21.0,55.0,8.0,,6.0,,,8.0
2023-08-04,,,,,,,,,,21.5,20.12,22.96,,,,,,,,,,,,,53.7,52.2,55.24,,,,,,,,,,,,,7.18,5.84,8.65,,,,,,,,,,,,,,,,,,,,,,,,,7.23,5.84,8.71,,,,,,,,,,,,,8.53,7.06,9.95,,,,,,,,,,,
2023-08-05,,,,,,,,,,21.52,20.15,22.97,,,,,,,,,,,,,53.71,52.19,55.25,,,,,,,,,,,,,7.18,5.87,8.64,,,,,,,,,,,,,,,,,,,,,,,,,7.23,5.84,8.67,,,,,,,,,,,,,8.52,7.05,9.97,,,,,,,,,,,
2023-08-06,,,,,,,,,,21.54,20.19,22.99,,,,,,,,,,,,,53.72,52.17,55.27,,,,,,,,,,,,,7.17,5.85,8.64,,,,,,,,,,,,,,,,,,,,,,,,,7.23,5.85,8.65,,,,,,,,,,,,,8.52,7.07,9.97,,,,,,,,,,,
2023-08-07,,,,,,,,,,21.56,20.2,23.0,,,,,,,,,,,,,53.73,52.15,55.28,,,,,,,,,,,,,7.16,5.86,8.63,,,,,,,,,,,,,,,,,,,,,,,,,7.23,5.86,8.66,,,,,,,,,,,,,8.51,7.06,9.94,,,,,,,,,,,
2023-08-08,,,,,,,,,,21.58,20.23,23.03,,,,,,,,,,,,,53.74,52.14,55.29,,,,,,,,,,,,,7.16,5.83,8.62,,,,,,,,,,,,,,,,,,,,,,,,,7.22,5.88,8.69,,,,,,,,,,,,,8.5,7.04,9.91,,,,,,,,,,,
2023-08-09,,,,,,,,,,21.6,20.22,23.05,,,,,,,,,,,,,53.74,52.12,55.31,,,,,,,,,,,,,7.15,5.82,8.61,,,,,,,,,,,,,,,,,,,,,,,,,7.22,5.88,8.71,,,,,,,,,,,,,8.5,7.02,9.9,,,,,,,,,,,
2023-08-10,,,,,,,,,,21.62,20.22,23.08,,,,,,,,,,,,,53.75,52.11,55.29,,,,,,,,,,,,,7.14,5.81,8.57,,,,,,,,,,,,,,,,,,,,,,,,,7.22,5.87,8.69,,,,,,,,,,,,,8.49,7.01,9.88,,,,,,,,,,,
2023-08-11,,,,,,,,,,21.65,20.25,23.13,,,,,,,,,,,,,53.76,52.09,55.26,,,,,,,,,,,,,7.14,5.79,8.54,,,,,,,,,,,,,,,,,,,,,,,,,7.22,5.88,8.67,,,,,,,,,,,,,8.49,7.0,9.87,,,,23.0,54.0,7.0,,5.0,,,9.0
2023-08-12,,,,,,,,,,21.67,20.26,23.17,,,,,,,,,,,,,53.77,52.08,55.27,,,,,,,,,,,,,7.13,5.75,8.55,,,,,,,,,,,,,,,,,,,,,,,,,7.21,5.86,8.67,,,,,,,,,,,,,8.48,7.0,9.87,,,,,,,,,,,
2023-08-13,,,,,,,,,,21.69,20.31,23.21,,,,,,,,,,,,,53.77,52.07,55.29,,,,,,,,,,,,,7.12,5.75,8.54,,,,,,,,,,,,,,,,,,,,,,,,,7.21,5.86,8.67,,,,,,,,,,,,,8.48,7.0,9.87,,,,,,,,,,,
2023-08-14,,,,,,,,,,21.72,20.32,23.24,,,,,,,,,,,,,53.78,52.05,55.31,,,,,,,,,,,,,7.12,5.75,8.54,,,,,,,,,,,,,,,,,,,,,,,,,7.21,5.83,8.67,,,,,,,,,,,,,8.47,7.01,9.84,,,,,,,,,,,
2023-08-15,,,,,,,,,,21.74,20.33,23.27,,,,,,,,,,,,,53.79,52.04,55.33,,,,,,,,,,,,,7.11,5.73,8.56,,,,,,,,,,,,,,,,,,,,,,,,,7.2,5.83,8.67,,,,,,,,,,,,,8.46,7.01,9.85,,,,,,,,,,,
2023-08-16,,,,,,,,,,21.77,20.34,23.3,,,,,,,,,,,,,53.8,52.06,55.34,,,,,,,,,,,,,7.1,5.72,8.58,,,,,,,,,,,,,,,,,,,,,,,,,7.2,5.82,8.65,,,,,,,,,,,,,8.46,7.01,9.85,,,,,,,,,,,
2023-08-17,,,,,,,,,,21.79,20.35,23.31,,,,,,,,,,,,,53.8,52.07,55.39,,,,,,,,,,,,,7.09,5.73,8.56,,,,,,,,,,,,,,,,,,,,,,,,,7.2,5.83,8.64,,,,,,,,,,,,,8.45,7.04,9.85,,,,,,,,,,,
2023-08-18,,,,,,,,,,21.81,20.36,23.34,,,,,,,,,,,,,53.81,52.09,55.4,,,,,,,,,,,,,7.09,5.74,8.53,,,,,,,,,,,,,,,,,,,,,,,,,7.19,5.81,8.66,,,,,,,,,,,,,8.45,7.04,9.83,,,,25.0,54.0,7.0,,7.0,,,6.0
2023-08-19,,,,,,,,,,21.84,20.34,23.37,,,,,,,,,,,,,53.81,52.11,55.4,,,,,,,,,,,,,7.08,5.74,8.55,,,,,,,,,,,,,,,,,,,,,,,,,7.19,5.79,8.69,,,,,,,,,,,,,8.44,7.03,9.79,,,,,,,,,,,
2023-08-20,,,,,,,,,,21.86,20.36,23.37,,,,,,,,,,,,,53.82,52.16,55.42,,,,,,,,,,,,,7.07,5.72,8.58,,,,,,,,,,,,,,,,,,,,,,,,,7.19,5.8,8.68,,,,,,,,,,,,,8.44,7.03,9.83,,,,,,,,,,,
2023-08-21,,,,,,,,,,21.88,20.38,23.41,,,,,,,,,,,,,53.83,52.21,55.43,,,,,,,,,,,,,7.06,5.7,8.58,,,,,,,,,,,,,,,,,,,,,,,,,7.19,5.81,8.69,,,,,,,,,,,,,8.43,7.04,9.82,,,,,,,,,,,
2023-08-22,,,,,,,,,,21.9,20.4,23.46,,,,,,,,,,,,,53.83,52.26,55.45,,,,,,,,,,,,,7.05,5.69,8.56,,,,,,,,,,,,,,,,,,,,,,,,,7.18,5.81,8.68,,,,,,,,,,,,,8.43,7.05,9.81,,,,,,,,,,,
2023-08-23,,,,,,,,,,21.93,20.43,23.49,,,,,,,,,,,,,53.84,52.26,55.47,,,,,,,,,,,,,7.05,5.7,8.54,,,,,,,,,,,,,,,,,,,,,,,,,7.18,5.79,8.66,,,,,,,,,,,,,8.42,7.0,9.8,,,,17.0,60.0,3.0,,7.0,,,11.0
2023-08-24,,,,,,,,,,21.95,20.45,23.51,,,,,,,,,,,,,53.85,52.25,55.49,,,,,,,,,,,,,7.04,5.72,8.56,,,,,,,,,,,,,,,,,,,,,,,,,7.18,5.76,8.65,,,,,,,,,,,,,8.41,6.94,9.79,,,,,,,,,,,
2023-08-25,,,,,,,,,,21.97,20.47,23.54,,,,,,,,,,,,,53.85,52.26,55.5,,,,,,,,,,,,,7.03,5.73,8.55,,,,,,,,,,,,,,,,,,,,,,,,,7.18,5.75,8.63,,,,,,,,,,,,,8.41,6.91,9.78,,,,,,,,,,,
2023-08-26,,,,,,,,,,21.99,20.51,23.57,,,,,,,,,,,,,53.86,52.29,55.52,,,,,,,,,,,,,7.02,5.75,8.58,,,,,,,,,,,,,,,,,,,,,,,,,7.18,5.74,8.64,,,,,,,,,,,,,8.4,6.9,9.77,,,,,,,,,,,
2023-08-27,,,,,,,,,,22.01,20.56,23.62,,,,,,,,,,,,,53.87,52.29,55.53,,,,,,,,,,,,,7.01,5.73,8.58,,,,,,,,,,,,,,,,,,,,,,,,,7.18,5.73,8.61,,,,,,,,,,,,,8.4,6.88,9.79,,,,,,,,,,,
2023-08-28,,,,,,,,,,22.03,20.6,23.67,,,,,,,,,,,,,53.87,52.3,55.54,,,,,,,,,,,,,7.0,5.75,8.6,,,,,,,,,,,,,,,,,,,,,,,,,7.19,5.76,8.59,,,,,,,,,,,,,8.39,6.87,9.79,,,,,,,,,,,
2023-08-29,,,,,,,,,,22.04,20.63,23.72,,,,,,,,,,,,,53.88,52.3,55.55,,,,,,,,,,,,,6.99,5.74,8.59,,,,,,,,,,,,,,,,,,,,,,,,,7.19,5.76,8.6,,,,,,,,,,,,,8.39,6.86,9.77,,,,,,,,,,,
2023-08-30,,,,,,,,,,22.06,20.67,23.74,,,,,,,,,,,,,53.89,52.34,55.55,,,,,,,,,,,,,6.98,5.76,8.54,,,,,,,,,,,,,,,,,,,,,,,,,7.19,5.75,8.59,,,,,,,,,,,,,8.38,6.85,9.77,,,,,,,,,,,
2023-08-31,,,,,,,,,,22.07,20.7,23.79,,,,,,,,,,,,,53.9,52.37,55.53,,,,,,,,,,,,,6.97,5.78,8.51,,,,,,,,,,,,,,,,,,,,,,,,,7.19,5.74,8.6,,,,,,,,,,,,,8.37,6.85,9.79,,,,24.0,52.0,7.0,,8.0,,,7.0
2023-09-01,,,,,,,,,,22.09,20.73,23.84,,,,,,,,,,,,,53.91,52.39,55.5,,,,,,,,,,,,,6.96,5.77,8.47,,,,,,,,,,,,,,,,,,,,,,,,,7.2,5.74,8.62,,,,,,,,,,,,,8.37,6.86,9.78,,,,,,,,,,,
2023-09-02,,,,,,,,,,22.1,20.73,23.88,,,,,,,,,,,,,53.91,52.42,55.49,,,,,,,,,,,,,6.95,5.76,8.42,,,,,,,,,,,,,,,,,,,,,,,,,7.2,5.73,8.63,,,,,,,,,,,,,8.37,6.85,9.78,,,,,,,,,,,
2023-09-03,,,,,,,,,,22.11,20.73,23.93,,,,,,,,,,,,,53.92,52.43,55.51,,,,,,,,,,,,,6.94,5.74,8.38,,,,,,,,,,,,,,,,,,,,,,,,,7.2,5.73,8.65,,,,,,,,,,,,,8.36,6.86,9.77,,,,,,,,,,,
2023-09-04,,,,,,,,,,22.12,20.74,23.93,,,,,,,,,,,,,53.93,52.42,55.52,,,,,,,,,,,,,6.93,5.72,8.33,,,,,,,,,,,,,,,,,,,,,,,,,7.21,5.73,8.64,,,,,,,,,,,,,8.36,6.87,9.76,,,,,,,,,,,
2023-09-05,,,,,,,,,,22.13,20.73,23.92,,,,,,,,,,,,,53.94,52.45,55.54,,,,,,,,,,,,,6.92,5.67,8.28,,,,,,,,,,,,,,,,,,,,,,,,,7.21,5.73,8.65,,,,,,,,,,,,,8.36,6.88,9.76,,,,,,,,,,,
2023-09-06,,,,,,,,,,22.14,20.72,23.92,,,,,,,,,,,,,53.94,52.48,55.55,,,,,,,,,,,,,6.91,5.63,8.25,,,,,,,,,,,,,,,,,,,,,,,,,7.22,5.72,8.68,,,,,,,,,,,,,8.36,6.89,9.76,,,,,,,,,,,
2023-09-07,,,,,,,,,,22.14,20.72,23.91,,,,,,,,,,,,,53.95,52.48,55.55,,,,,,,,,,,,,6.9,5.62,8.23,,,,,,,,,,,,,,,,,,,,,,,,,7.22,5.72,8.69,,,,,,,,,,,,,8.36,6.9,9.76,,,,,,,,,,,
2023-09-08,,,,,,,,,,22.15,20.72,23.91,,,,,,,,,,,,,53.96,52.46,55.56,,,,,,,,,,,,,6.89,5.61,8.24,,,,,,,,,,,,,,,,,,,,,,,,,7.23,5.72,8.69,,,,,,,,,,,,,8.36,6.92,9.77,,,,22.0,57.0,8.0,,6.0,,,6.0
2023-09-09,,,,,,,,,,22.15,20.72,23.9,,,,,,,,,,,,,53.96,52.43,55.58,,,,,,,,,,,,,6.88,5.61,8.25,,,,,,,,,,,,,,,,,,,,,,,,,7.23,5.72,8.71,,,,,,,,,,,,,8.36,6.92,9.77,,,,,,,,,,,
2023-09-10,,,,,,,,,,22.15,20.72,23.89,,,,,,,,,,,,,53.97,52.41,55.58,,,,,,,,,,,,,6.87,5.6,8.27,,,,,,,,,,,,,,,,,,,,,,,,,7.24,5.72,8.71,,,,,,,,,,,,,8.36,6.91,9.78,,,,,,,,,,,
2023-09-11,,,,,,,,,,22.15,20.71,23.88,,,,,,,,,,,,,53.97,52.38,55.59,,,,,,,,,,,,,6.86,5.6,8.29,,,,,,,,,,,,,,,,,,,,,,,,,7.25,5.72,8.72,,,,,,,,,,,,,8.37,6.9,9.78,,,,,,,,,,,
2023-09-12,,,,,,,,,,22.15,20.71,23.87,,,,,,,,,,,,,53.98,52.37,55.63,,,,,,,,,,,,,6.85,5.6,8.3,,,,,,,,,,,,,,,,,,,,,,,,,7.25,5.73,8.73,,,,,,,,,,,,,8.37,6.86,9.79,,,,,,,,,,,
2023-09-13,,,,,,,,,,22.15,20.7,23.86,,,,,,,,,,,,,53.98,52.37,55.68,,,,,,,,,,,,,6.85,5.59,8.31,,,,,,,,,,,,,,,,,,,,,,,,,7.26,5.73,8.75,,,,,,,,,,,,,8.38,6.87,9.79,,,,,,,,,,,
2023-09-14,,,,,,,,,,22.15,20.69,23.85,,,,,,,,,,,,,53.98,52.37,55.72,,,,,,,,,,,,,6.84,5.59,8.32,,,,,,,,,,,,,,,,,,,,,,,,,7.26,5.73,8.76,,,,,,,,,,,,,8.38,6.88,9.8,,,,21.0,50.0,9.0,,10.0,,,9.0
2023-09-15,,,,,,,,,,22.14,20.69,23.83,,,,,,,,,,,,,53.98,52.35,55.72,,,,,,,,,,,,,6.83,5.58,8.33,,,,,,,,,,,,,,,,,,,,,,,,,7.27,5.73,8.78,,,,,,,,,,,,,8.39,6.9,9.81,,,,,,,,,,,
2023-09-16,,,,,,,,,,22.14,20.67,23.82,,,,,,,,,,,,,53.98,52.34,55.72,,,,,,,,,,,,,6.82,5.56,8.34,,,,,,,,,,,,,,,,,,,,,,,,,7.28,5.74,8.79,,,,,,,,,,,,,8.4,6.92,9.82,,,,,,,,,,,
2023-09-17,,,,,,,,,,22.13,20.66,23.81,,,,,,,,,,,,,53.98,52.35,55.74,,,,,,,,,,,,,6.82,5.55,8.31,,,,,,,,,,,,,,,,,,,,,,,,,7.28,5.76,8.81,,,,,,,,,,,,,8.41,6.92,9.83,,,,,,,,,,,
2023-09-18,,,,,,,,,,22.13,20.65,23.8,,,,,,,,,,,,,53.98,52.36,55.77,,,,,,,,,,,,,6.81,5.54,8.29,,,,,,,,,,,,,,,,,,,,,,,,,7.29,5.75,8.82,,,,,,,,,,,,,8.43,6.93,9.87,,,,,,,,,,,
2023-09-19,,,,,,,,,,22.12,20.65,23.78,,,,,,,,,,,,,53.97,52.37,55.79,,,,,,,,,,,,,6.81,5.52,8.27,,,,,,,,,,,,,,,,,,,,,,,,,7.29,5.76,8.83,,,,,,,,,,,,,8.44,6.93,9.91,,,,,,,,,,,
2023-09-20,,,,,,,,,,22.11,20.64,23.77,,,,,,,,,,,,,53.97,52.37,55.79,,,,,,,,,,,,,6.8,5.52,8.26,,,,,,,,,,,,,,,,,,,,,,,,,7.3,5.76,8.83,,,,,,,,,,,,,8.45,6.94,9.91,,,,24.0,51.0,7.0,,8.0,,,9.0
2023-09-21,,,,,,,,,,22.1,20.64,23.75,,,,,,,,,,,,,53.97,52.37,55.78,,,,,,,,,,,,,6.8,5.51,8.26,,,,,,,,,,,,,,,,,,,,,,,,,7.31,5.78,8.83,,,,,,,,,,,,,8.47,6.94,9.91,,,,,,,,,,,
2023-09-22,,,,,,,,,,22.09,20.64,23.74,,,,,,,,,,,,,53.96,52.38,55.77,,,,,,,,,,,,,6.79,5.51,8.27,,,,,,,,,,,,,,,,,,,,,,,,,7.31,5.8,8.83,,,,,,,,,,,,,8.48,6.95,9.93,,,,23.0,55.0,6.0,,6.0,,,9.0
2023-09-23,,,,,,,,,,22.08,20.63,23.68,,,,,,,,,,,,,53.95,52.39,55.73,,,,,,,,,,,,,6.79,5.5,8.28,,,,,,,,,,,,,,,,,,,,,,,,,7.31,5.84,8.83,,,,,,,,,,,,,8.5,6.97,9.95,,,,,,,,,,,
2023-09-24,,,,,,,,,,22.07,20.62,23.66,,,,,,,,,,,,,53.95,52.36,55.68,,,,,,,,,,,,,6.79,5.47,8.29,,,,,,,,,,,,,,,,,,,,,,,,,7.32,5.86,8.84,,,,,,,,,,,,,8.52,6.98,9.96,,,,,,,,,,,
2023-09-25,,,,,,,,,,22.06,20.6,23.65,,,,,,,,,,,,,53.94,52.38,55.63,,,,,,,,,,,,,6.79,5.45,8.31,,,,,,,,,,,,,,,,,,,,,,,,,7.32,5.88,8.84,,,,,,,,,,,,,8.54,7.0,9.94,,,,,,,,,,,
2023-09-26,,,,,,,,,,22.04,20.59,23.65,,,,,,,,,,,,,53.93,52.41,55.58,,,,,,,,,,,,,6.78,5.43,8.29,,,,,,,,,,,,,,,,,,,,,,,,,7.33,5.87,8.82,,,,,,,,,,,,,8.56,7.02,9.92,,,,,,,,,,,
2023-09-27,,,,,,,,,,22.03,20.61,23.62,,,,,,,,,,,,,53.92,52.42,55.55,,,,,,,,,,,,,6.78,5.4,8.27,,,,,,,,,,,,,,,,,,,,,,,,,7.33,5.85,8.78,,,,,,,,,,,,,8.58,7.04,9.95,,,,21.0,54.0,8.0,,7.0,,,9.0
2023-09-28,,,,,,,,,,22.02,20.58,23.59,,,,,,,,,,,,,53.92,52.44,55.52,,,,,,,,,,,,,6.78,5.38,8.25,,,,,,,,,,,,,,,,,,,,,,,,,7.34,5.84,8.81,,,,,,,,,,,,,8.6,7.06,9.94,,,,,,,,,,,
2023-09-29,,,,,,,,,,22.0,20.56,23.56,,,,,,,,,,,,,53.91,52.46,55.45,,,,,,,,,,,,,6.78,5.38,8.22,,,,,,,,,,,,,,,,,,,,,,,,,7.34,5.83,8.84,,,,,,,,,,,,,8.62,7.09,9.96,,,,,,,,,,,
2023-09-30,,,,,,,,,,21.99,20.53,23.55,,,,,,,,,,,,,53.89,52.46,55.39,,,,,,,,,,,,,6.78,5.38,8.19,,,,,,,,,,,,,,,,,,,,,,,,,7.34,5.81,8.84,,,,,,,,,,,,,8.65,7.12,9.97,,,,,,,,,,,
2023-10-01,,,,,,,,,,21.97,20.52,23.52,,,,,,,,,,,,,53.88,52.46,55.34,,,,,,,,,,,,,6.78,5.38,8.19,,,,,,,,,,,,,,,,,,,,,,,,,7.35,5.8,8.84,,,,,,,,,,,,,8.67,7.16,9.99,,,,,,,,,,,
2023-10-02,,,,,,,,,,21.96,20.51,23.5,,,,,,,,,,,,,53.87,52.46,55.31,,,,,,,,,,,,,6.78,5.38,8.19,,,,,,,,,,,,,,,,,,,,,,,,,7.35,5.79,8.83,,,,,,,,,,,,,8.7,7.19,10.01,,,,,,,,,,,
2023-10-03,,,,,,,,,,21.94,20.51,23.48,,,,,,,,,,,,,53.86,52.42,55.3,,,,,,,,,,,,,6.78,5.39,8.15,,,,,,,,,,,,,,,,,,,,,,,,,7.35,5.78,8.82,,,,,,,,,,,,,8.72,7.22,10.02,,,,,,,,,,,
2023-10-04,,,,,,,,,,21.92,20.5,23.49,,,,,,,,,,,,,53.84,52.37,55.3,,,,,,,,,,,,,6.78,5.39,8.12,,,,,,,,,,,,,,,,,,,,,,,,,7.36,5.77,8.81,,,,,,,,,,,,,8.75,7.26,10.11,,,,,,,,,,,
2023-10-05,,,,,,,,,,21.91,20.51,23.46,,,,,,,,,,,,,53.83,52.36,55.3,,,,,,,,,,,,,6.78,5.4,8.07,,,,,,,,,,,,,,,,,,,,,,,,,7.36,5.78,8.8,,,,,,,,,,,,,8.78,7.29,10.18,,,,22.0,54.0,7.0,,7.0,,,9.0
2023-10-06,,,,,,,,,,21.89,20.5,23.43,,,,,,,,,,,,,53.81,52.37,55.3,,,,,,,,,,,,,6.79,5.4,8.06,,,,,,,,,,,,,,,,,,,,,,,,,7.36,5.76,8.79,,,,,,,,,,,,,8.81,7.32,10.22,,,,,,,,,,,
2023-10-07,,,,,,,,,,21.88,20.51,23.4,,,,,,,,,,,,,53.8,52.37,55.29,,,,,,,,,,,,,6.79,5.41,8.08,,,,,,,,,,,,,,,,,,,,,,,,,7.36,5.75,8.78,,,,,,,,,,,,,8.83,7.35,10.26,,,,,,,,,,,
2023-10-08,,,,,,,,,,21.86,20.52,23.35,,,,,,,,,,,,,53.78,52.36,55.26,,,,,,,,,,,,,6.79,5.42,8.09,,,,,,,,,,,,,,,,,,,,,,,,,7.36,5.77,8.79,,,,,,,,,,,,,8.86,7.41,10.3,,,,,,,,,,,
2023-10-09,,,,,,,,,,21.84,20.53,23.29,,,,,,,,,,,,,53.77,52.37,55.24,,,,,,,,,,,,,6.79,5.42,8.09,,,,,,,,,,,,,,,,,,,,,,,,,7.36,5.79,8.8,,,,,,,,,,,,,8.89,7.44,10.33,,,,,,,,,,,
2023-10-10,,,,,,,,,,21.83,20.54,23.25,,,,,,,,,,,,,53.75,52.38,55.23,,,,,,,,,,,,,6.79,5.41,8.1,,,,,,,,,,,,,,,,,,,,,,,,,7.36,5.82,8.81,,,,,,,,,,,,,8.93,7.44,10.37,,,,,,,,,,,
2023-10-11,,,,,,,,,,21.81,20.56,23.23,,,,,,,,,,,,,53.73,52.38,55.22,,,,,,,,,,,,,6.8,5.44,8.08,,,,,,,,,,,,,,,,,,,,,,,,,7.36,5.83,8.8,,,,,,,,,,,,,8.96,7.44,10.4,,,,,,,,,,,
2023-10-12,,,,,,,,,,21.79,20.58,23.25,,,,,,,,,,,,,53.72,52.39,55.18,,,,,,,,,,,,,6.8,5.46,8.05,,,,,,,,,,,,,,,,,,,,,,,,,7.36,5.84,8.78,,,,,,,,,,,,,8.99,7.46,10.44,,,,24.0,59.0,5.0,,6.0,,,6.0
2023-10-13,,,,,,,,,,21.78,20.58,23.24,,,,,,,,,,,,,53.7,52.38,55.15,,,,,,,,,,,,,6.8,5.45,8.07,,,,,,,,,,,,,,,,,,,,,,,,,7.36,5.85,8.76,,,,,,,,,,,,,9.02,7.49,10.47,,,,,,,,,,,
2023-10-14,,,,,,,,,,21.76,20.55,23.19,,,,,,,,,,,,,53.69,52.38,55.15,,,,,,,,,,,,,6.8,5.42,8.08,,,,,,,,,,,,,,,,,,,,,,,,,7.36,5.86,8.74,,,,,,,,,,,,,9.05,7.52,10.5,,,,,,,,,,,
2023-10-15,,,,,,,,,,21.74,20.53,23.2,,,,,,,,,,,,,53.67,52.38,55.14,,,,,,,,,,,,,6.81,5.44,8.06,,,,,,,,,,,,,,,,,,,,,,,,,7.36,5.87,8.73,,,,,,,,,,,,,9.08,7.54,10.52,,,,,,,,,,,
2023-10-16,,,,,,,,,,21.73,20.5,23.19,,,,,,,,,,,,,53.65,52.38,55.15,,,,,,,,,,,,,6.81,5.46,8.05,,,,,,,,,,,,,,,,,,,,,,,,,7.36,5.88,8.71,,,,,,,,,,,,,9.12,7.58,10.55,,,,,,,,,,,
2023-10-17,,,,,,,,,,21.71,20.48,23.17,,,,,,,,,,,,,53.64,52.34,55.14,,,,,,,,,,,,,6.81,5.48,8.07,,,,,,,,,,,,,,,,,,,,,,,,,7.35,5.87,8.7,,,,,,,,,,,,,9.15,7.59,10.58,,,,,,,,,,,
2023-10-18,,,,,,,,,,21.7,20.47,23.16,,,,,,,,,,,,,53.63,52.31,55.11,,,,,,,,,,,,,6.81,5.5,8.09,,,,,,,,,,,,,,,,,,,,,,,,,7.35,5.86,8.69,,,,,,,,,,,,,9.18,7.6,10.62,,,,23.0,54.0,6.0,,9.0,,,7.0
2023-10-19,,,,,,,,,,21.68,20.44,23.14,,,,,,,,,,,,,53.61,52.27,55.04,,,,,,,,,,,,,6.81,5.52,8.11,,,,,,,,,,,,,,,,,,,,,,,,,7.35,5.87,8.69,,,,,,,,,,,,,9.21,7.64,10.67,,,,,,,,,,,
2023-10-20,,,,,,,,,,21.67,20.4,23.11,,,,,,,,,,,,,53.6,52.23,55.0,,,,,,,,,,,,,6.82,5.51,8.13,,,,,,,,,,,,,,,,,,,,,,,,,7.34,5.88,8.69,,,,,,,,,,,,,9.24,7.69,10.71,,,,,,,,,,,
2023-10-21,,,,,,,,,,21.66,20.4,23.1,,,,,,,,,,,,,53.59,52.21,54.99,,,,,,,,,,,,,6.82,5.49,8.15,,,,,,,,,,,,,,,,,,,,,,,,,7.34,5.89,8.67,,,,,,,,,,,,,9.27,7.74,10.72,,,,,,,,,,,
2023-10-22,,,,,,,,,,21.64,20.4,23.09,,,,,,,,,,,,,53.58,52.2,54.99,,,,,,,,,,,,,6.82,5.46,8.17,,,,,,,,,,,,,,,,,,,,,,,,,7.33,5.9,8.65,,,,,,,,,,,,,9.3,7.78,10.76,,,,,,,,,,,
2023-10-23,,,,,,,,,,21.63,20.38,23.1,,,,,,,,,,,,,53.57,52.2,54.99,,,,,,,,,,,,,6.82,5.45,8.17,,,,,,,,,,,,,,,,,,,,,,,,,7.32,5.89,8.66,,,,,,,,,,,,,9.33,7.82,10.8,,,,,,,,,,,
2023-10-24,,,,,,,,,,21.61,20.35,23.09,,,,,,,,,,,,,53.56,52.2,54.98,,,,,,,,,,,,,6.82,5.49,8.18,,,,,,,,,,,,,,,,,,,,,,,,,7.32,5.88,8.66,,,,,,,,,,,,,9.36,7.87,10.84,,,,,,,,,,,
2023-10-25,,,,,,,,,,21.6,20.34,23.08,,,,,,,,,,,,,53.55,52.18,54.98,,,,,,,,,,,,,6.82,5.52,8.17,,,,,,,,,,,,,,,,,,,,,,,,,7.31,5.85,8.65,,,,,,,,,,,,,9.39,7.89,10.89,,,,23.0,53.0,7.0,,7.0,,,8.0
2023-10-26,,,,,,,,,,21.59,20.31,23.07,,,,,,,,,,,,,53.54,52.14,54.97,,,,,,,,,,,,,6.82,5.55,8.14,,,,,,,,,,,,,,,,,,,,,,,,,7.3,5.82,8.62,,,,,,,,,,,,,9.42,7.91,10.93,,,,,,,,,,,
2023-10-27,,,,,,,,,,21.57,20.3,23.06,,,,,,,,,,,,,53.54,52.15,54.96,,,,,,,,,,,,,6.82,5.54,8.14,,,,,,,,,,,,,,,,,,,,,,,,,7.3,5.79,8.6,,,,,,,,,,,,,9.45,7.93,10.94,,,,,,,,,,,
2023-10-28,,,,,,,,,,21.56,20.31,23.04,,,,,,,,,,,,,53.53,52.13,54.96,,,,,,,,,,,,,6.82,5.52,8.17,,,,,,,,,,,,,,,,,,,,,,,,,7.29,5.76,8.62,,,,,,,,,,,,,9.48,7.99,10.95,,,,,,,,,,,
2023-10-29,,,,,,,,,,21.54,20.28,23.02,,,,,,,,,,,,,53.53,52.15,54.97,,,,,,,,,,,,,6.82,5.5,8.18,,,,,,,,,,,,,,,,,,,,,,,,,7.28,5.73,8.63,,,,,,,,,,,,,9.51,8.01,10.95,,,,,,,,,,,
2023-10-30,,,,,,,,,,21.53,20.26,22.99,,,,,,,,,,,,,53.53,52.13,54.99,,,,,,,,,,,,,6.81,5.51,8.18,,,,,,,,,,,,,,,,,,,,,,,,,7.27,5.74,8.62,,,,,,,,,,,,,9.54,8.01,10.97,,,,,,,,,,,
2023-10-31,,,,,,,,,,21.51,20.25,22.99,,,,,,,,,,,,,53.52,52.09,54.98,,,,,,,,,,,,,6.81,5.53,8.21,,,,,,,,,,,,,,,,,,,,,,,,,7.26,5.76,8.61,,,,,,,,,,,,,9.57,8.02,11.03,,,,,,,,,,,
2023-11-01,,,,,,,,,,21.5,20.19,23.0,,,,,,,,,,,,,53.52,52.04,54.98,,,,,,,,,,,,,6.81,5.54,8.21,,,,,,,,,,,,,,,,,,,,,,,,,7.25,5.75,8.6,,,,,,,,,,,,,9.6,8.02,11.08,,,,20.0,51.0,6.0,,11.0,,,11.0
2023-11-02,,,,,,,,,,21.48,20.17,23.0,,,,,,,,,,,,,53.52,52.02,54.97,,,,,,,,,,,,,6.81,5.52,8.19,,,,,,,,,,,,,,,,,,,,,,,,,7.24,5.75,8.58,,,,,,,,,,,,,9.62,8.02,11.08,,,,,,,,,,,
2023-11-03,,,,,,,,,,21.46,20.15,22.99,,,,,,,,,,,,,53.53,52.04,54.97,,,,,,,,,,,,,6.8,5.51,8.2,,,,,,,,,,,,,,,,,,,,,,,,,7.23,5.75,8.56,,,,,,,,,,,,,9.65,8.06,11.11,,,,,,,,,,,
2023-11-04,,,,,,,,,,21.45,20.11,22.95,,,,,,,,,,,,,53.53,52.06,54.99,,,,,,,,,,,,,6.8,5.5,8.19,,,,,,,,,,,,,,,,,,,,,,,,,7.22,5.74,8.55,,,,,,,,,,,,,9.68,8.09,11.14,,,,,,,,,,,
2023-11-05,,,,,,,,,,21.43,20.07,22.9,,,,,,,,,,,,,53.53,52.06,55.02,,,,,,,,,,,,,6.79,5.49,8.23,,,,,,,,,,,,,,,,,,,,,,,,,7.21,5.72,8.53,,,,,,,,,,,,,9.71,8.12,11.17,,,,,,,,,,,
2023-11-06,,,,,,,,,,21.41,20.03,22.92,,,,,,,,,,,,,53.54,52.05,55.03,,,,,,,,,,,,,6.79,5.47,8.23,,,,,,,,,,,,,,,,,,,,,,,,,7.2,5.72,8.53,,,,,,,,,,,,,9.74,8.15,11.2,,,,,,,,,,,
2023-11-07,,,,,,,,,,21.39,19.98,22.95,,,,,,,,,,,,,53.54,52.01,55.04,,,,,,,,,,,,,6.78,5.46,8.23,,,,,,,,,,,,,,,,,,,,,,,,,7.18,5.68,8.55,,,,,,,,,,,,,9.76,8.15,11.23,,,,,,,,,,,
2023-11-08,,,,,,,,,,21.37,19.94,22.94,,,,,,,,,,,,,53.55,52.01,55.06,,,,,,,,,,,,,6.78,5.46,8.2,,,,,,,,,,,,,,,,,,,,,,,,,7.17,5.66,8.55,,,,,,,,,,,,,9.79,8.22,11.25,,,,22.0,54.0,7.0,,6.0,,,9.0
2023-11-09,,,,,,,,,,21.35,19.9,22.92,,,,,,,,,,,,,53.56,52.01,55.13,,,,,,,,,,,,,6.77,5.43,8.17,,,,,,,,,,,,,,,,,,,,,,,,,7.16,5.66,8.54,,,,,,,,,,,,,9.82,8.27,11.28,,,,,,,,,,,
2023-11-10,,,,,,,,,,21.33,19.86,22.89,,,,,,,,,,,,,53.57,52.03,55.19,,,,,,,,,,,,,6.76,5.41,8.15,,,,,,,,,,,,,,,,,,,,,,,,,7.14,5.61,8.53,,,,,,,,,,,,,9.85,8.29,11.32,,,,,,,,,,,
2023-11-11,,,,,,,,,,21.3,19.81,22.86,,,,,,,,,,,,,53.57,52.02,55.19,,,,,,,,,,,,,6.76,5.4,8.14,,,,,,,,,,,,,,,,,,,,,,,,,7.13,5.54,8.54,,,,,,,,,,,,,9.88,8.33,11.35,,,,,,,,,,,
2023-11-12,,,,,,,,,,21.28,19.77,22.83,,,,,,,,,,,,,53.58,52.02,55.18,,,,,,,,,,,,,6.75,5.38,8.13,,,,,,,,,,,,,,,,,,,,,,,,,7.11,5.51,8.53,,,,,,,,,,,,,9.91,8.35,11.38,,,,,,,,,,,
2023-11-13,,,,,,,,,,21.25,19.73,22.8,,,,,,,,,,,,,53.59,52.06,55.17,,,,,,,,,,,,,6.74,5.35,8.12,,,,,,,,,,,,,,,,,,,,,,,,,7.1,5.48,8.53,,,,,,,,,,,,,9.94,8.34,11.41,,,,,,,,,,,
2023-11-14,,,,,,,,,,21.23,19.68,22.77,,,,,,,,,,,,,53.6,52.09,55.16,,,,,,,,,,,,,6.74,5.34,8.11,,,,,,,,,,,,,,,,,,,,,,,,,7.08,5.44,8.52,,,,,,,,,,,,,9.97,8.39,11.44,,,,,,,,,,,
2023-11-15,,,,,,,,,,21.2,19.64,22.76,,,,,,,,,,,,,53.61,52.1,55.17,,,,,,,,,,,,,6.73,5.32,8.11,,,,,,,,,,,,,,,,,,,,,,,,,7.07,5.41,8.52,,,,,,,,,,,,,10.0,8.41,11.46,,,,16.0,51.0,7.0,,7.0,,,15.0
2023-11-16,,,,,,,,,,21.17,19.6,22.75,,,,,,,,,,,,,53.62,52.1,55.18,,,,,,,,,,,,,6.72,5.29,8.12,,,,,,,,,,,,,,,,,,,,,,,,,7.05,5.38,8.51,,,,,,,,,,,,,10.04,8.41,11.48,,,,,,,,,,,
2023-11-17,,,,,,,,,,21.15,19.56,22.71,,,,,,,,,,,,,53.63,52.09,55.2,,,,,,,,,,,,,6.72,5.27,8.13,,,,,,,,,,,,,,,,,,,,,,,,,7.03,5.34,8.5,,,,,,,,,,,,,10.07,8.4,11.5,,,,,,,,,,,
2023-11-18,,,,,,,,,,21.12,19.52,22.7,,,,,,,,,,,,,53.64,52.1,55.22,,,,,,,,,,,,,6.71,5.26,8.13,,,,,,,,,,,,,,,,,,,,,,,,,7.02,5.31,8.48,,,,,,,,,,,,,10.1,8.38,11.53,,,,,,,,,,,
2023-11-19,,,,,,,,,,21.08,19.47,22.69,,,,,,,,,,,,,53.65,52.1,55.23,,,,,,,,,,,,,6.7,5.25,8.11,,,,,,,,,,,,,,,,,,,,,,,,,7.0,5.29,8.47,,,,,,,,,,,,,10.14,8.38,11.6,,,,,,,,,,,
2023-11-20,,,,,,,,,,21.05,19.42,22.67,,,,,,,,,,,,,53.65,52.1,55.22,,,,,,,,,,,,,6.7,5.22,8.09,,,,,,,,,,,,,,,,,,,,,,,,,6.98,5.23,8.43,,,,,,,,,,,,,10.17,8.41,11.64,,,,,,,,,,,
2023-11-21,,,,,,,,,,21.02,19.37,22.66,,,,,,,,,,,,,53.66,52.1,55.21,,,,,,,,,,,,,6.69,5.2,8.08,,,,,,,,,,,,,,,,,,,,,,,,,6.97,5.22,8.37,,,,,,,,,,,,,10.21,8.43,11.66,,,,,,,,,,,
2023-11-22,,,,,,,,,,20.98,19.32,22.63,,,,,,,,,,,,,53.67,52.09,55.19,,,,,,,,,,,,,6.69,5.18,8.08,,,,,,,,,,,,,,,,,,,,,,,,,6.95,5.19,8.34,,,,,,,,,,,,,10.25,8.49,11.7,,,,,,,,,,,
2023-11-23,,,,,,,,,,20.95,19.27,22.59,,,,,,,,,,,,,53.68,52.08,55.18,,,,,,,,,,,,,6.68,5.16,8.05,,,,,,,,,,,,,,,,,,,,,,,,,6.93,5.15,8.3,,,,,,,,,,,,,10.29,8.53,11.75,,,,23.0,51.0,8.0,,6.0,,,10.0
2023-11-24,,,,,,,,,,20.91,19.26,22.55,,,,,,,,,,,,,53.68,52.06,55.16,,,,,,,,,,,,,6.68,5.14,8.04,,,,,,,,,,,,,,,,,,,,,,,,,6.91,5.12,8.27,,,,,,,,,,,,,10.33,8.57,11.76,,,,,,,,,,,
2023-11-25,,,,,,,,,,20.88,19.22,22.5,,,,,,,,,,,,,53.69,52.04,55.13,,,,,,,,,,,,,6.67,5.15,8.03,,,,,,,,,,,,,,,,,,,,,,,,,6.9,5.08,8.25,,,,,,,,,,,,,10.37,8.61,11.76,,,,,,,,,,,
2023-11-26,,,,,,,,,,20.84,19.14,22.42,,,,,,,,,,,,,53.7,52.02,55.1,,,,,,,,,,,,,6.67,5.13,8.0,,,,,,,,,,,,,,,,,,,,,,,,,6.88,5.07,8.21,,,,,,,,,,,,,10.41,8.64,11.76,,,,,,,,,,,
2023-11-27,,,,,,,,,,20.8,19.06,22.34,,,,,,,,,,,,,53.7,52.0,55.07,,,,,,,,,,,,,6.67,5.12,8.01,,,,,,,,,,,,,,,,,,,,,,,,,6.86,5.07,8.19,,,,,,,,,,,,,10.45,8.66,11.77,,,,,,,,,,,
2023-11-28,,,,,,,,,,20.76,19.01,22.27,,,,,,,,,,,,,53.71,51.98,55.07,,,,,,,,,,,,,6.66,5.1,8.03,,,,,,,,,,,,,,,,,,,,,,,,,6.84,5.07,8.15,,,,,,,,,,,,,10.5,8.69,11.81,,,,,,,,,,,
2023-11-29,,,,,,,,,,20.72,18.96,22.21,,,,,,,,,,,,,53.71,51.96,55.11,,,,,,,,,,,,,6.66,5.09,8.05,,,,,,,,,,,,,,,,,,,,,,,,,6.83,5.06,8.12,,,,,,,,,,,,,10.55,8.71,11.86,,,,,,,,,,,
2023-11-30,,,,,,,,,,20.68,18.91,22.16,,,,,,,,,,,,,53.72,51.93,55.15,,,,,,,,,,,,,6.65,5.07,8.07,,,,,,,,,,,,,,,,,,,,,,,,,6.81,5.04,8.09,,,,,,,,,,,,,10.59,8.73,11.91,,,,19.0,56.0,7.0,,6.0,,,11.0
2023-12-01,,,,,,,,,,20.64,18.89,22.1,,,,,,,,,,,,,53.72,51.9,55.18,,,,,,,,,,,,,6.65,5.04,8.07,,,,,,,,,,,,,,,,,,,,,,,,,6.79,5.01,8.08,,,,,,,,,,,,,10.64,8.78,11.96,,,,,,,,,,,
2023-12-02,,,,,,,,,,20.59,18.88,22.03,,,,,,,,,,,,,53.72,51.87,55.21,,,,,,,,,,,,,6.65,5.05,8.06,,,,,,,,,,,,,,,,,,,,,,,,,6.77,4.97,8.08,,,,,,,,,,,,,10.69,8.85,12.01,,,,,,,,,,,
2023-12-03,,,,,,,,,,20.55,18.87,22.02,,,,,,,,,,,,,53.73,51.88,55.24,,,,,,,,,,,,,6.64,5.04,8.05,,,,,,,,,,,,,,,,,,,,,,,,,6.76,4.93,8.08,,,,,,,,,,,,,10.74,8.92,12.05,,,,,,,,,,,
2023-12-04,,,,,,,,,,20.51,18.86,22.0,,,,,,,,,,,,,53.73,51.88,55.26,,,,,,,,,,,,,6.64,5.0,8.04,,,,,,,,,,,,,,,,,,,,,,,,,6.74,4.88,8.08,,,,,,,,,,,,,10.79,8.98,12.12,,,,,,,,,,,
2023-12-05,,,,,,,,,,20.47,18.85,21.98,,,,,,,,,,,,,53.73,51.87,55.29,,,,,,,,,,,,,6.63,4.96,8.03,,,,,,,,,,,,,,,,,,,,,,,,,6.72,4.83,8.08,,,,,,,,,,,,,10.84,9.06,12.2,,,,,,,,,,,
2023-12-06,,,,,,,,,,20.43,18.83,21.97,,,,,,,,,,,,,53.74,51.86,55.3,,,,,,,,,,,,,6.63,4.92,8.02,,,,,,,,,,,,,,,,,,,,,,,,,6.7,4.8,8.08,,,,,,,,,,,,,10.89,9.13,12.27,,,,,,,,,,,
2023-12-07,,,,,,,,,,20.39,18.77,21.91,,,,,,,,,,,,,53.74,51.82,55.32,,,,,,,,,,,,,6.63,4.9,8.01,,,,,,,,,,,,,,,,,,,,,,,,,6.69,4.78,8.06,,,,,,,,,,,,,10.93,9.18,12.32,,,,20.0,55.0,5.0,,8.0,,,12.0
2023-12-08,,,,,,,,,,20.35,18.72,21.88,,,,,,,,,,,,,53.75,51.8,55.34,,,,,,,,,,,,,6.62,4.89,7.99,,,,,,,,,,,,,,,,,,,,,,,,,6.67,4.76,8.05,,,,,,,,,,,,,10.98,9.22,12.35,,,,,,,,,,,
2023-12-09,,,,,,,,,,20.31,18.69,21.86,,,,,,,,,,,,,53.75,51.8,55.35,,,,,,,,,,,,,6.62,4.88,8.01,,,,,,,,,,,,,,,,,,,,,,,,,6.65,4.75,8.02,,,,,,,,,,,,,11.03,9.24,12.39,,,,,,,,,,,
2023-12-10,,,,,,,,,,20.27,18.61,21.83,,,,,,,,,,,,,53.76,51.81,55.37,,,,,,,,,,,,,6.61,4.87,7.96,,,,,,,,,,,,,,,,,,,,,,,,,6.64,4.73,8.02,,,,,,,,,,,,,11.08,9.27,12.47,,,,,,,,,,,
2023-12-11,,,,,,,,,,20.23,18.59,21.82,,,,,,,,,,,,,53.77,51.84,55.37,,,,,,,,,,,,,6.61,4.86,7.95,,,,,,,,,,,,,,,,,,,,,,,,,6.62,4.72,7.99,,,,,,,,,,,,,11.13,9.32,12.55,,,,,,,,,,,
2023-12-12,,,,,,,,,,20.19,18.55,21.81,,,,,,,,,,,,,53.77,51.84,55.37,,,,,,,,,,,,,6.6,4.85,7.93,,,,,,,,,,,,,,,,,,,,,,,,,6.61,4.7,7.97,,,,,,,,,,,,,11.18,9.39,12.64,,,,,,,,,,,
2023-12-13,,,,,,,,,,20.15,18.5,21.78,,,,,,,,,,,,,53.78,51.86,55.37,,,,,,,,,,,,,6.59,4.84,7.91,,,,,,,,,,,,,,,,,,,,,,,,,6.59,4.69,7.94,,,,,,,,,,,,,11.23,9.43,12.69,,,,21.0,51.0,8.0,,7.0,,,12.0
2023-12-14,,,,,,,,,,20.11,18.41,21.72,,,,,,,,,,,,,53.79,51.87,55.38,,,,,,,,,,,,,6.59,4.83,7.91,,,,,,,,,,,,,,,,,,,,,,,,,6.58,4.68,7.91,,,,,,,,,,,,,11.28,9.46,12.73,,,,,,,,,,,
2023-12-15,,,,,,,,,,20.07,18.32,21.66,,,,,,,,,,,,,53.8,51.89,55.41,,,,,,,,,,,,,6.58,4.83,7.91,,,,,,,,,,,,,,,,,,,,,,,,,6.56,4.69,7.89,,,,,,,,,,,,,11.32,9.51,12.78,,,,,,,,,,,
2023-12-16,,,,,,,,,,20.03,18.27,21.59,,,,,,,,,,,,,53.81,51.91,55.46,,,,,,,,,,,,,6.58,4.85,7.89,,,,,,,,,,,,,,,,,,,,,,,,,6.55,4.69,7.86,,,,,,,,,,,,,11.37,9.56,12.83,,,,,,,,,,,
2023-12-17,,,,,,,,,,20.0,18.25,21.56,,,,,,,,,,,,,53.82,51.92,55.49,,,,,,,,,,,,,6.57,4.84,7.9,,,,,,,,,,,,,,,,,,,,,,,,,6.54,4.68,7.85,,,,,,,,,,,,,11.41,9.6,12.9,,,,,,,,,,,
2023-12-18,,,,,,,,,,19.96,18.22,21.55,,,,,,,,,,,,,53.83,51.94,55.51,,,,,,,,,,,,,6.56,4.81,7.9,,,,,,,,,,,,,,,,,,,,,,,,,6.52,4.64,7.84,,,,,,,,,,,,,11.46,9.64,12.95,,,,,,,,,,,
2023-12-19,,,,,,,,,,19.92,18.2,21.53,,,,,,,,,,,,,53.84,51.96,55.47,,,,,,,,,,,,,6.56,4.82,7.91,,,,,,,,,,,,,,,,,,,,,,,,,6.51,4.63,7.83,,,,,,,,,,,,,11.5,9.69,13.01,,,,,,,,,,,
2023-12-20,,,,,,,,,,19.88,18.18,21.48,,,,,,,,,,,,,53.85,51.98,55.43,,,,,,,,,,,,,6.55,4.82,7.92,,,,,,,,,,,,,,,,,,,,,,,,,6.5,4.62,7.82,,,,,,,,,,,,,11.54,9.73,13.08,,,,23.0,53.0,7.0,,6.0,,,10.0
2023-12-21,,,,,,,,,,19.85,18.14,21.44,,,,,,,,,,,,,53.86,52.0,55.4,,,,,,,,,,,,,6.54,4.8,7.93,,,,,,,,,,,,,,,,,,,,,,,,,6.49,4.61,7.82,,,,,,,,,,,,,11.58,9.78,13.12,,,,,,,,,,,
2023-12-22,,,,,,,,,,19.81,18.12,21.4,,,,,,,,,,,,,53.88,52.01,55.42,,,,,,,,,,,,,6.53,4.79,7.94,,,,,,,,,,,,,,,,,,,,,,,,,6.48,4.61,7.82,,,,,,,,,,,,,11.62,9.83,13.17,,,,,,,,,,,
2023-12-23,,,,,,,,,,19.78,18.1,21.37,,,,,,,,,,,,,53.89,52.01,55.43,,,,,,,,,,,,,6.52,4.78,7.94,,,,,,,,,,,,,,,,,,,,,,,,,6.47,4.61,7.83,,,,,,,,,,,,,11.65,9.88,13.21,,,,,,,,,,,
2023-12-24,,,,,,,,,,19.74,18.07,21.34,,,,,,,,,,,,,53.91,52.01,55.45,,,,,,,,,,,,,6.51,4.76,7.94,,,,,,,,,,,,,,,,,,,,,,,,,6.47,4.59,7.84,,,,,,,,,,,,,11.69,9.9,13.24,,,,,,,,,,,
2023-12-25,,,,,,,,,,19.71,18.04,21.36,,,,,,,,,,,,,53.92,52.0,55.46,,,,,,,,,,,,,6.51,4.75,7.95,,,,,,,,,,,,,,,,,,,,,,,,,6.46,4.57,7.86,,,,,,,,,,,,,11.72,9.92,13.28,,,,,,,,,,,
2023-12-26,,,,,,,,,,19.67,18.02,21.36,,,,,,,,,,,,,53.94,51.99,55.47,,,,,,,,,,,,,6.5,4.75,7.94,,,,,,,,,,,,,,,,,,,,,,,,,6.45,4.59,7.88,,,,,,,,,,,,,11.75,9.93,13.3,,,,,,,,,,,
2023-12-27,,,,,,,,,,19.64,17.99,21.3,,,,,,,,,,,,,53.95,51.98,55.48,,,,,,,,,,,,,6.49,4.75,7.94,,,,,,,,,,,,,,,,,,,,,,,,,6.45,4.6,7.89,,,,,,,,,,,,,11.79,9.93,13.38,,,,,,,,,,,
2023-12-28,,,,,,,,,,19.61,17.96,21.28,,,,,,,,,,,,,53.97,52.01,55.49,,,,,,,,,,,,,6.48,4.75,7.94,,,,,,,,,,,,,,,,,,,,,,,,,6.45,4.61,7.9,,,,,,,,,,,,,11.82,9.95,13.47,,,,,,,,,,,
2023-12-29,,,,,,,,,,19.57,17.93,21.29,,,,,,,,,,,,,53.99,52.04,55.51,,,,,,,,,,,,,6.47,4.74,7.94,,,,,,,,,,,,,,,,,,,,,,,,,6.44,4.62,7.9,,,,,,,,,,,,,11.85,9.98,13.5,,,,,,,,,,,
2023-12-30,,,,,,,,,,19.54,17.88,21.24,,,,,,,,,,,,,54.01,52.06,55.54,,,,,,,,,,,,,6.46,4.71,7.94,,,,,,,,,,,,,,,,,,,,,,,,,6.44,4.61,7.89,,,,,,,,,,,,,11.87,9.98,13.49,,,,,,,,,,,
2023-12-31,,,,,,,,,,19.5,17.82,21.23,,,,,,,,,,,,,54.02,52.06,55.56,,,,,,,,,,,,,6.45,4.68,7.94,,,,,,,,,,,,,,,,,,,,,,,,,6.44,4.61,7.92,,,,,,,,,,,,,11.9,10.0,13.5,,,,,,,,,,,
2024-01-01,,,,,,,,,,19.47,17.75,21.13,,,,,,,,,,,,,54.04,52.07,55.59,,,,,,,,,,,,,6.44,4.67,7.94,,,,,,,,,,,,,,,,,,,,,,,,,6.44,4.57,7.92,,,,,,,,,,,,,11.93,10.0,13.49,,,,,,,,,,,
2024-01-02,,,,,,,,,,19.44,17.68,21.07,,,,,,,,,,,,,54.06,52.07,55.61,,,,,,,,,,,,,6.43,4.67,7.94,,,,,,,,,,,,,,,,,,,,,,,,,6.44,4.56,7.92,,,,,,,,,,,,,11.96,10.08,13.49,,,,,,,,,,,
2024-01-03,,,,,,,,,,19.4,17.62,21.04,,,,,,,,,,,,,54.08,52.08,55.63,,,,,,,,,,,,,6.42,4.66,7.94,,,,,,,,,,,,,,,,,,,,,,,,,6.44,4.57,7.92,,,,,,,,,,,,,11.98,10.1,13.49,,,,20.0,58.0,7.0,,5.0,,,9.0
2024-01-04,,,,,,,,,,19.37,17.55,20.98,,,,,,,,,,,,,54.09,52.11,55.67,,,,,,,,,,,,,6.41,4.63,7.94,,,,,,,,,,,,,,,,,,,,,,,,,6.45,4.57,7.92,,,,,,,,,,,,,12.01,10.12,13.49,,,,,,,,,,,
2024-01-05,,,,,,,,,,19.33,17.48,20.91,,,,,,,,,,,,,54.11,52.16,55.7,,,,,,,,,,,,,6.4,4.6,7.95,,,,,,,,,,,,,,,,,,,,,,,,,6.45,4.57,7.92,,,,,,,,,,,,,12.04,10.12,13.49,,,,,,,,,,,
2024-01-06,,,,,,,,,,19.3,17.42,20.87,,,,,,,,,,,,,54.12,52.21,55.74,,,,,,,,,,,,,6.39,4.57,7.96,,,,,,,,,,,,,,,,,,,,,,,,,6.45,4.59,7.91,,,,,,,,,,,,,12.06,10.15,13.5,,,,,,,,,,,
2024-01-07,,,,,,,,,,19.26,17.38,20.86,,,,,,,,,,,,,54.14,52.26,55.77,,,,,,,,,,,,,6.38,4.59,7.97,,,,,,,,,,,,,,,,,,,,,,,,,6.46,4.63,7.9,,,,,,,,,,,,,12.09,10.18,13.57,,,,,,,,,,,
2024-01-08,,,,,,,,,,19.23,17.35,20.82,,,,,,,,,,,,,54.15,52.27,55.8,,,,,,,,,,,,,6.37,4.6,7.95,,,,,,,,,,,,,,,,,,,,,,,,,6.46,4.61,7.9,,,,,,,,,,,,,12.12,10.2,13.59,,,,,,,,,,,
2024-01-09,,,,,,,,,,19.19,17.32,20.78,,,,,,,,,,,,,54.16,52.27,55.8,,,,,,,,,,,,,6.36,4.57,7.93,,,,,,,,,,,,,,,,,,,,,,,,,6.47,4.6,7.89,,,,,,,,,,,,,12.14,10.18,13.64,,,,,,,,,,,
2024-01-10,,,,,,,,,,19.15,17.29,20.73,,,,,,,,,,,,,54.17,52.28,55.82,,,,,,,,,,,,,6.35,4.58,7.93,,,,,,,,,,,,,,,,,,,,,,,,,6.48,4.61,7.88,,,,,,,,,,,,,12.17,10.22,13.65,,,,,,,,,,,
2024-01-11,,,,,,,,,,19.12,17.27,20.71,,,,,,,,,,,,,54.18,52.3,55.82,,,,,,,,,,,,,6.34,4.59,7.93,,,,,,,,,,,,,,,,,,,,,,,,,6.48,4.58,7.87,,,,,,,,,,,,,12.2,10.25,13.65,,,,19.0,55.0,6.0,,6.0,,,11.0
2024-01-12,,,,,,,,,,19.08,17.23,20.69,,,,,,,,,,,,,54.19,52.32,55.83,,,,,,,,,,,,,6.33,4.6,7.88,,,,,,,,,,,,,,,,,,,,,,,,,6.49,4.57,7.86,,,,,,,,,,,,,12.23,10.27,13.67,,,,,,,,,,,
2024-01-13,,,,,,,,,,19.04,17.2,20.67,,,,,,,,,,,,,54.19,52.35,55.82,,,,,,,,,,,,,6.32,4.58,7.88,,,,,,,,,,,,,,,,,,,,,,,,,6.5,4.58,7.85,,,,,,,,,,,,,12.26,10.29,13.72,,,,,,,,,,,
2024-01-14,,,,,,,,,,19.0,17.17,20.65,,,,,,,,,,,,,54.19,52.35,55.83,,,,,,,,,,,,,6.31,4.52,7.87,,,,,,,,,,,,,,,,,,,,,,,,,6.51,4.61,7.84,,,,,,,,,,,,,12.3,10.32,13.81,,,,,,,,,,,
2024-01-15,,,,,,,,,,18.96,17.14,20.62,,,,,,,,,,,,,54.19,52.34,55.86,,,,,,,,,,,,,6.31,4.47,7.88,,,,,,,,,,,,,,,,,,,,,,,,,6.52,4.63,7.82,,,,,,,,,,,,,12.33,10.34,13.84,,,,,,,,,,,
2024-01-16,,,,,,,,,,18.93,17.11,20.6,,,,,,,,,,,,,54.19,52.34,55.84,,,,,,,,,,,,,6.3,4.48,7.89,,,,,,,,,,,,,,,,,,,,,,,,,6.53,4.65,7.84,,,,,,,,,,,,,12.37,10.36,13.88,,,,,,,,,,,
2024-01-17,,,,,,,,,,18.89,17.08,20.56,,,,,,,,,,,,,54.19,52.34,55.83,,,,,,,,,,,,,6.29,4.49,7.88,,,,,,,,,,,,,,,,,,,,,,,,,6.54,4.68,7.88,,,,,,,,,,,,,12.41,10.39,13.94,,,,20.0,56.0,5.0,,4.0,,,12.0
2024-01-18,,,,,,,,,,18.85,17.05,20.51,,,,,,,,,,,,,54.18,52.34,55.81,,,,,,,,,,,,,6.28,4.5,7.86,,,,,,,,,,,,,,,,,,,,,,,,,6.55,4.69,7.92,,,,,,,,,,,,,12.45,10.41,14.01,,,,,,,,,,,
2024-01-19,,,,,,,,,,18.81,17.02,20.45,,,,,,,,,,,,,54.17,52.34,55.78,,,,,,,,,,,,,6.27,4.51,7.84,,,,,,,,,,,,,,,,,,,,,,,,,6.56,4.67,7.95,,,,,,,,,,,,,12.49,10.44,14.06,,,,,,,,,,,
2024-01-20,,,,,,,,,,18.77,16.98,20.4,,,,,,,,,,,,,54.16,52.35,55.74,,,,,,,,,,,,,6.27,4.53,7.82,,,,,,,,,,,,,,,,,,,,,,,,,6.57,4.7,7.96,,,,,,,,,,,,,12.53,10.48,14.07,,,,,,,,,,,
2024-01-21,,,,,,,,,,18.73,16.94,20.35,,,,,,,,,,,,,54.15,52.35,55.7,,,,,,,,,,,,,6.26,4.54,7.79,,,,,,,,,,,,,,,,,,,,,,,,,6.58,4.75,7.97,,,,,,,,,,,,,12.58,10.53,14.14,,,,,,,,,,,
2024-01-22,,,,,,,,,,18.69,16.9,20.3,,,,,,,,,,,,,54.13,52.35,55.67,,,,,,,,,,,,,6.25,4.53,7.76,,,,,,,,,,,,,,,,,,,,,,,,,6.6,4.8,7.98,,,,,,,,,,,,,12.62,10.57,14.16,,,,,,,,,,,
2024-01-23,,,,,,,,,,18.64,16.87,20.27,,,,,,,,,,,,,54.11,52.36,55.63,,,,,,,,,,,,,6.24,4.55,7.74,,,,,,,,,,,,,,,,,,,,,,,,,6.61,4.83,8.0,,,,,,,,,,,,,12.67,10.65,14.19,,,,,,,,,,,
2024-01-24,,,,,,,,,,18.6,16.83,20.24,,,,,,,,,,,,,54.09,52.36,55.63,,,,,,,,,,,,,6.24,4.55,7.71,,,,,,,,,,,,,,,,,,,,,,,,,6.62,4.83,8.02,,,,,,,,,,,,,12.72,10.69,14.24,,,,17.0,54.0,6.0,,7.0,,,14.0
2024-01-25,,,,,,,,,,18.56,16.8,20.22,,,,,,,,,,,,,54.07,52.36,55.63,,,,,,,,,,,,,6.23,4.55,7.69,,,,,,,,,,,,,,,,,,,,,,,,,6.63,4.85,8.04,,,,,,,,,,,,,12.77,10.72,14.28,,,,,,,,,,,
2024-01-26,,,,,,,,,,18.52,16.78,20.18,,,,,,,,,,,,,54.05,52.36,55.59,,,,,,,,,,,,,6.22,4.54,7.7,,,,,,,,,,,,,,,,,,,,,,,,,6.65,4.88,8.07,,,,,,,,,,,,,12.82,10.77,14.36,,,,,,,,,,,
2024-01-27,,,,,,,,,,18.48,16.75,20.15,,,,,,,,,,,,,54.02,52.36,55.55,,,,,,,,,,,,,6.21,4.53,7.7,,,,,,,,,,,,,,,,,,,,,,,,,6.66,4.91,8.09,,,,,,,,,,,,,12.88,10.83,14.45,,,,,,,,,,,
2024-01-28,,,,,,,,,,18.44,16.72,20.12,,,,,,,,,,,,,53.99,52.37,55.55,,,,,,,,,,,,,6.21,4.52,7.7,,,,,,,,,,,,,,,,,,,,,,,,,6.68,4.94,8.11,,,,,,,,,,,,,12.93,10.88,14.54,,,,,,,,,,,
2024-01-29,,,,,,,,,,18.39,16.69,20.05,,,,,,,,,,,,,53.96,52.37,55.58,,,,,,,,,,,,,6.2,4.52,7.71,,,,,,,,,,,,,,,,,,,,,,,,,6.69,4.97,8.13,,,,,,,,,,,,,12.99,10.97,14.62,,,,,,,,,,,
2024-01-30,,,,,,,,,,18.35,16.66,19.97,,,,,,,,,,,,,53.93,52.33,55.58,,,,,,,,,,,,,6.19,4.51,7.68,,,,,,,,,,,,,,,,,,,,,,,,,6.71,5.0,8.13,,,,,,,,,,,,,13.05,11.07,14.65,,,,,,,,,,,
2024-01-31,,,,,,,,,,18.31,16.61,19.91,,,,,,,,,,,,,53.9,52.3,55.5,,,,,,,,,,,,,6.18,4.51,7.64,,,,,,,,,,,,,,,,,,,,,,,,,6.72,5.03,8.14,,,,,,,,,,,,,13.11,11.17,14.69,,,,16.0,52.0,7.0,,7.0,,,16.0
2024-02-01,,,,,,,,,,18.27,16.55,19.84,,,,,,,,,,,,,53.86,52.26,55.41,,,,,,,,,,,,,6.18,4.5,7.61,,,,,,,,,,,,,,,,,,,,,,,,,6.74,5.06,8.16,,,,,,,,,,,,,13.17,11.28,14.73,,,,,,,,,,,
2024-02-02,,,,,,,,,,18.22,16.48,19.77,,,,,,,,,,,,,53.83,52.24,55.35,,,,,,,,,,,,,6.17,4.5,7.6,,,,,,,,,,,,,,,,,,,,,,,,,6.75,5.09,8.14,,,,,,,,,,,,,13.23,11.4,14.77,,,,,,,,,,,
2024-02-03,,,,,,,,,,18.18,16.45,19.7,,,,,,,,,,,,,53.79,52.21,55.34,,,,,,,,,,,,,6.16,4.51,7.62,,,,,,,,,,,,,,,,,,,,,,,,,6.77,5.12,8.18,,,,,,,,,,,,,13.3,11.47,14.8,,,,,,,,,,,
2024-02-04,,,,,,,,,,18.14,16.39,19.63,,,,,,,,,,,,,53.75,52.17,55.29,,,,,,,,,,,,,6.15,4.51,7.62,,,,,,,,,,,,,,,,,,,,,,,,,6.79,5.16,8.22,,,,,,,,,,,,,13.36,11.53,14.84,,,,,,,,,,,
2024-02-05,,,,,,,,,,18.1,16.34,19.57,,,,,,,,,,,,,53.71,52.14,55.26,,,,,,,,,,,,,6.15,4.51,7.63,,,,,,,,,,,,,,,,,,,,,,,,,6.8,5.16,8.26,,,,,,,,,,,,,13.43,11.6,14.96,,,,,,,,,,,
2024-02-06,,,,,,,,,,18.07,16.33,19.53,,,,,,,,,,,,,53.66,52.1,55.25,,,,,,,,,,,,,6.14,4.51,7.63,,,,,,,,,,,,,,,,,,,,,,,,,6.82,5.17,8.29,,,,,,,,,,,,,13.49,11.66,15.08,,,,,,,,,,,
2024-02-07,,,,,,,,,,18.03,16.32,19.45,,,,,,,,,,,,,53.62,52.06,55.24,,,,,,,,,,,,,6.13,4.51,7.6,,,,,,,,,,,,,,,,,,,,,,,,,6.84,5.2,8.3,,,,,,,,,,,,,13.55,11.72,15.2,,,,,,,,,,,
2024-02-08,,,,,,,,,,17.99,16.31,19.42,,,,,,,,,,,,,53.57,51.99,55.23,,,,,,,,,,,,,6.13,4.51,7.58,,,,,,,,,,,,,,,,,,,,,,,,,6.85,5.2,8.32,,,,,,,,,,,,,13.62,11.78,15.31,,,,18.0,54.0,5.0,,6.0,,,16.0
2024-02-09,,,,,,,,,,17.95,16.31,19.39,,,,,,,,,,,,,53.53,51.96,55.21,,,,,,,,,,,,,6.12,4.51,7.55,,,,,,,,,,,,,,,,,,,,,,,,,6.87,5.24,8.34,,,,,,,,,,,,,13.68,11.83,15.42,,,,,,,,,,,
2024-02-10,,,,,,,,,,17.92,16.28,19.37,,,,,,,,,,,,,53.48,51.93,55.2,,,,,,,,,,,,,6.11,4.52,7.53,,,,,,,,,,,,,,,,,,,,,,,,,6.89,5.27,8.37,,,,,,,,,,,,,13.75,11.89,15.54,,,,,,,,,,,
2024-02-11,,,,,,,,,,17.88,16.23,19.35,,,,,,,,,,,,,53.43,51.88,55.18,,,,,,,,,,,,,6.11,4.52,7.51,,,,,,,,,,,,,,,,,,,,,,,,,6.91,5.31,8.38,,,,,,,,,,,,,13.81,11.94,15.6,,,,,,,,,,,
2024-02-12,,,,,,,,,,17.85,16.23,19.3,,,,,,,,,,,,,53.38,51.84,55.16,,,,,,,,,,,,,6.1,4.53,7.5,,,,,,,,,,,,,,,,,,,,,,,,,6.93,5.33,8.4,,,,,,,,,,,,,13.88,12.0,15.66,,,,,,,,,,,
2024-02-13,,,,,,,,,,17.82,16.2,19.24,,,,,,,,,,,,,53.34,51.79,55.1,,,,,,,,,,,,,6.09,4.52,7.49,,,,,,,,,,,,,,,,,,,,,,,,,6.95,5.37,8.42,,,,,,,,,,,,,13.94,12.07,15.72,,,,,,,,,,,
2024-02-14,,,,,,,,,,17.79,16.18,19.18,,,,,,,,,,,,,53.29,51.73,55.03,,,,,,,,,,,,,6.09,4.53,7.47,,,,,,,,,,,,,,,,,,,,,,,,,6.97,5.43,8.45,,,,,,,,,,,,,14.0,12.19,15.78,,,,,,,,,,,
2024-02-15,,,,,,,,,,17.75,16.16,19.15,,,,,,,,,,,,,53.24,51.64,54.96,,,,,,,,,,,,,6.08,4.55,7.45,,,,,,,,,,,,,,,,,,,,,,,,,6.99,5.47,8.49,,,,,,,,,,,,,14.06,12.24,15.84,,,,22.0,55.0,6.0,,8.0,,,8.0
2024-02-16,,,,,,,,,,17.72,16.13,19.13,,,,,,,,,,,,,53.19,51.65,54.89,,,,,,,,,,,,,6.07,4.56,7.44,,,,,,,,,,,,,,,,,,,,,,,,,7.01,5.52,8.53,,,,,,,,,,,,,14.12,12.3,15.89,,,,,,,,,,,
2024-02-17,,,,,,,,,,17.69,16.11,19.11,,,,,,,,,,,,,53.14,51.61,54.86,,,,,,,,,,,,,6.07,4.57,7.43,,,,,,,,,,,,,,,,,,,,,,,,,7.03,5.54,8.56,,,,,,,,,,,,,14.18,12.37,15.93,,,,,,,,,,,
2024-02-18,,,,,,,,,,17.66,16.09,19.09,,,,,,,,,,,,,53.09,51.56,54.83,,,,,,,,,,,,,6.06,4.6,7.44,,,,,,,,,,,,,,,,,,,,,,,,,7.05,5.58,8.59,,,,,,,,,,,,,14.24,12.46,15.97,,,,,,,,,,,
2024-02-19,,,,,,,,,,17.64,16.07,19.07,,,,,,,,,,,,,53.04,51.52,54.8,,,,,,,,,,,,,6.05,4.61,7.46,,,,,,,,,,,,,,,,,,,,,,,,,7.07,5.6,8.63,,,,,,,,,,,,,14.3,12.54,16.01,,,,,,,,,,,
2024-02-20,,,,,,,,,,17.61,16.05,19.06,,,,,,,,,,,,,52.99,51.46,54.74,,,,,,,,,,,,,6.05,4.62,7.47,,,,,,,,,,,,,,,,,,,,,,,,,7.09,5.63,8.66,,,,,,,,,,,,,14.36,12.61,16.05,,,,,,,,,,,
2024-02-21,,,,,,,,,,17.58,16.03,19.04,,,,,,,,,,,,,52.94,51.39,54.68,,,,,,,,,,,,,6.04,4.63,7.48,,,,,,,,,,,,,,,,,,,,,,,,,7.11,5.65,8.69,,,,,,,,,,,,,14.41,12.68,16.09,,,,16.0,54.0,6.0,,7.0,,,15.0
2024-02-22,,,,,,,,,,17.55,16.02,19.02,,,,,,,,,,,,,52.89,51.33,54.63,,,,,,,,,,,,,6.04,4.63,7.49,,,,,,,,,,,,,,,,,,,,,,,,,7.13,5.68,8.72,,,,,,,,,,,,,14.47,12.75,16.12,,,,,,,,,,,
2024-02-23,,,,,,,,,,17.53,16.0,19.01,,,,,,,,,,,,,52.84,51.24,54.59,,,,,,,,,,,,,6.03,4.63,7.5,,,,,,,,,,,,,,,,,,,,,,,,,7.15,5.68,8.74,,,,,,,,,,,,,14.52,12.82,16.15,,,,,,,,,,,
2024-02-24,,,,,,,,,,17.5,15.99,18.99,,,,,,,,,,,,,52.79,51.18,54.56,,,,,,,,,,,,,6.03,4.65,7.52,,,,,,,,,,,,,,,,,,,,,,,,,7.18,5.71,8.77,,,,,,,,,,,,,14.57,12.85,16.18,,,,,,,,,,,
2024-02-25,,,,,,,,,,17.48,15.98,18.95,,,,,,,,,,,,,52.74,51.11,54.53,,,,,,,,,,,,,6.02,4.67,7.52,,,,,,,,,,,,,,,,,,,,,,,,,7.2,5.74,8.79,,,,,,,,,,,,,14.62,12.87,16.21,,,,,,,,,,,
2024-02-26,,,,,,,,,,17.46,15.97,18.92,,,,,,,,,,,,,52.7,51.07,54.48,,,,,,,,,,,,,6.01,4.69,7.51,,,,,,,,,,,,,,,,,,,,,,,,,7.22,5.76,8.82,,,,,,,,,,,,,14.67,12.93,16.25,,,,,,,,,,,
2024-02-27,,,,,,,,,,17.43,15.96,18.93,,,,,,,,,,,,,52.65,51.03,54.44,,,,,,,,,,,,,6.01,4.69,7.5,,,,,,,,,,,,,,,,,,,,,,,,,7.24,5.79,8.84,,,,,,,,,,,,,14.72,13.0,16.32,,,,,,,,,,,
2024-02-28,,,,,,,,,,17.41,15.95,18.94,,,,,,,,,,,,,52.6,50.99,54.42,,,,,,,,,,,,,6.0,4.7,7.5,,,,,,,,,,,,,,,,,,,,,,,,,7.26,5.81,8.85,,,,,,,,,,,,,14.76,13.06,16.37,,,,,,,,,,,
2024-02-29,,,,,,,,,,17.39,15.95,18.92,,,,,,,,,,,,,52.56,50.97,54.38,,,,,,,,,,,,,6.0,4.69,7.5,,,,,,,,,,,,,,,,,,,,,,,,,7.28,5.85,8.86,,,,,,,,,,,,,14.81,13.1,16.39,,,,16.0,55.0,6.0,,9.0,,,11.0
2024-03-01,,,,,,,,,,17.37,15.94,18.89,,,,,,,,,,,,,52.52,50.93,54.36,,,,,,,,,,,,,5.99,4.68,7.49,,,,,,,,,,,,,,,,,,,,,,,,,7.3,5.89,8.88,,,,,,,,,,,,,14.85,13.17,16.41,,,,,,,,,,,
2024-03-02,,,,,,,,,,17.35,15.92,18.87,,,,,,,,,,,,,52.48,50.89,54.31,,,,,,,,,,,,,5.99,4.67,7.48,,,,,,,,,,,,,,,,,,,,,,,,,7.33,5.94,8.94,,,,,,,,,,,,,14.89,13.23,16.43,,,,,,,,,,,
2024-03-03,,,,,,,,,,17.33,15.9,18.84,,,,,,,,,,,,,52.44,50.85,54.25,,,,,,,,,,,,,5.98,4.67,7.49,,,,,,,,,,,,,,,,,,,,,,,,,7.35,5.97,8.97,,,,,,,,,,,,,14.93,13.29,16.5,,,,,,,,,,,
2024-03-04,,,,,,,,,,17.31,15.82,18.81,,,,,,,,,,,,,52.4,50.78,54.22,,,,,,,,,,,,,5.98,4.66,7.5,,,,,,,,,,,,,,,,,,,,,,,,,7.37,6.0,8.97,,,,,,,,,,,,,14.97,13.35,16.54,,,,,,,,,,,
2024-03-05,,,,,,,,,,17.29,15.83,18.78,,,,,,,,,,,,,52.36,50.72,54.21,,,,,,,,,,,,,5.97,4.66,7.49,,,,,,,,,,,,,,,,,,,,,,,,,7.39,6.03,8.98,,,,,,,,,,,,,15.0,13.38,16.6,,,,,,,,,,,
2024-03-06,,,,,,,,,,17.27,15.77,18.75,,,,,,,,,,,,,52.33,50.66,54.17,,,,,,,,,,,,,5.97,4.67,7.48,,,,,,,,,,,,,,,,,,,,,,,,,7.41,6.06,9.02,,,,,,,,,,,,,15.04,13.41,16.67,,,,,,,,,,,
2024-03-07,,,,,,,,,,17.25,15.77,18.72,,,,,,,,,,,,,52.3,50.62,54.14,,,,,,,,,,,,,5.96,4.65,7.49,,,,,,,,,,,,,,,,,,,,,,,,,7.43,6.09,9.07,,,,,,,,,,,,,15.07,13.44,16.64,,,,15.0,54.0,7.0,,8.0,,,15.0
2024-03-08,,,,,,,,,,17.23,15.73,18.7,,,,,,,,,,,,,52.27,50.57,54.12,,,,,,,,,,,,,5.96,4.62,7.5,,,,,,,,,,,,,,,,,,,,,,,,,7.45,6.13,9.11,,,,,,,,,,,,,15.1,13.47,16.62,,,,,,,,,,,
2024-03-09,,,,,,,,,,17.21,15.71,18.67,,,,,,,,,,,,,52.24,50.54,54.1,,,,,,,,,,,,,5.95,4.63,7.51,,,,,,,,,,,,,,,,,,,,,,,,,7.46,6.16,9.15,,,,,,,,,,,,,15.13,13.49,16.62,,,,,,,,,,,
2024-03-10,,,,,,,,,,17.19,15.71,18.64,,,,,,,,,,,,,52.22,50.52,54.1,,,,,,,,,,,,,5.94,4.63,7.47,,,,,,,,,,,,,,,,,,,,,,,,,7.48,6.19,9.2,,,,,,,,,,,,,15.16,13.52,16.65,,,,,,,,,,,
2024-03-11,,,,,,,,,,17.17,15.72,18.67,,,,,,,,,,,,,52.19,50.49,54.09,,,,,,,,,,,,,5.94,4.62,7.45,,,,,,,,,,,,,,,,,,,,,,,,,7.5,6.22,9.2,,,,,,,,,,,,,15.19,13.54,16.69,,,,,,,,,,,
2024-03-12,,,,,,,,,,17.16,15.72,18.63,,,,,,,,,,,,,52.17,50.48,54.08,,,,,,,,,,,,,5.93,4.62,7.45,,,,,,,,,,,,,,,,,,,,,,,,,7.51,6.24,9.15,,,,,,,,,,,,,15.21,13.56,16.73,,,,,,,,,,,
2024-03-13,,,,,,,,,,17.14,15.72,18.57,,,,,,,,,,,,,52.16,50.47,54.07,,,,,,,,,,,,,5.93,4.62,7.44,,,,,,,,,,,,,,,,,,,,,,,,,7.53,6.26,9.19,,,,,,,,,,,,,15.24,13.58,16.78,,,,17.0,53.0,6.0,,6.0,,,16.0
2024-03-14,,,,,,,,,,17.12,15.73,18.54,,,,,,,,,,,,,52.14,50.44,54.07,,,,,,,,,,,,,5.92,4.62,7.43,,,,,,,,,,,,,,,,,,,,,,,,,7.54,6.28,9.2,,,,,,,,,,,,,15.26,13.61,16.79,,,,,,,,,,,
2024-03-15,,,,,,,,,,17.1,15.73,18.52,,,,,,,,,,,,,52.13,50.41,54.07,,,,,,,,,,,,,5.92,4.62,7.43,,,,,,,,,,,,,,,,,,,,,,,,,7.55,6.26,9.19,,,,,,,,,,,,,15.28,13.66,16.78,,,,,,,,,,,
2024-03-16,,,,,,,,,,17.09,15.7,18.49,,,,,,,,,,,,,52.12,50.39,54.07,,,,,,,,,,,,,5.91,4.58,7.42,,,,,,,,,,,,,,,,,,,,,,,,,7.56,6.26,9.17,,,,,,,,,,,,,15.3,13.7,16.8,,,,,,,,,,,
2024-03-17,,,,,,,,,,17.07,15.67,18.43,,,,,,,,,,,,,52.11,50.37,54.07,,,,,,,,,,,,,5.91,4.59,7.41,,,,,,,,,,,,,,,,,,,,,,,,,7.57,6.26,9.17,,,,,,,,,,,,,15.32,13.74,16.82,,,,,,,,,,,
2024-03-18,,,,,,,,,,17.06,15.66,18.41,,,,,,,,,,,,,52.11,50.37,54.08,,,,,,,,,,,,,5.9,4.58,7.4,,,,,,,,,,,,,,,,,,,,,,,,,7.58,6.23,9.18,,,,,,,,,,,,,15.34,13.77,16.84,,,,,,,,,,,
2024-03-19,,,,,,,,,,17.04,15.64,18.39,,,,,,,,,,,,,52.1,50.37,54.08,,,,,,,,,,,,,5.89,4.56,7.39,,,,,,,,,,,,,,,,,,,,,,,,,7.59,6.21,9.16,,,,,,,,,,,,,15.36,13.81,16.86,,,,,,,,,,,
2024-03-20,,,,,,,,,,17.03,15.65,18.36,,,,,,,,,,,,,52.1,50.37,54.05,,,,,,,,,,,,,5.89,4.53,7.38,,,,,,,,,,,,,,,,,,,,,,,,,7.59,6.26,9.13,,,,,,,,,,,,,15.37,13.85,16.88,,,,17.0,50.0,6.0,,7.0,,,18.0
2024-03-21,,,,,,,,,,17.01,15.67,18.34,,,,,,,,,,,,,52.1,50.36,54.07,,,,,,,,,,,,,5.88,4.5,7.37,,,,,,,,,,,,,,,,,,,,,,,,,7.6,6.27,9.11,,,,,,,,,,,,,15.39,13.88,16.9,,,,,,,,,,,
2024-03-22,,,,,,,,,,17.0,15.68,18.35,,,,,,,,,,,,,52.11,50.36,54.09,,,,,,,,,,,,,5.88,4.48,7.36,,,,,,,,,,,,,,,,,,,,,,,,,7.6,6.27,9.08,,,,,,,,,,,,,15.4,13.9,16.93,,,,,,,,,,,
2024-03-23,,,,,,,,,,16.99,15.66,18.35,,,,,,,,,,,,,52.11,50.37,54.1,,,,,,,,,,,,,5.87,4.46,7.35,,,,,,,,,,,,,,,,,,,,,,,,,7.6,6.27,9.07,,,,,,,,,,,,,15.42,13.91,16.96,,,,,,,,,,,
2024-03-24,,,,,,,,,,16.98,15.62,18.34,,,,,,,,,,,,,52.12,50.38,54.1,,,,,,,,,,,,,5.86,4.47,7.34,,,,,,,,,,,,,,,,,,,,,,,,,7.6,6.27,9.04,,,,,,,,,,,,,15.44,13.92,16.97,,,,,,,,,,,
2024-03-25,,,,,,,,,,16.96,15.59,18.31,,,,,,,,,,,,,52.12,50.38,54.1,,,,,,,,,,,,,5.86,4.5,7.3,,,,,,,,,,,,,,,,,,,,,,,,,7.6,6.26,9.03,,,,,,,,,,,,,15.45,13.94,16.96,,,,,,,,,,,
2024-03-26,,,,,,,,,,16.95,15.62,18.27,,,,,,,,,,,,,52.13,50.35,54.1,,,,,,,,,,,,,5.85,4.53,7.29,,,,,,,,,,,,,,,,,,,,,,,,,7.6,6.23,9.04,,,,,,,,,,,,,15.47,13.96,16.97,,,,,,,,,,,
2024-03-27,,,,,,,,,,16.94,15.6,18.22,,,,,,,,,,,,,52.13,50.34,54.09,,,,,,,,,,,,,5.84,4.51,7.28,,,,,,,,,,,,,,,,,,,,,,,,,7.6,6.23,9.04,,,,,,,,,,,,,15.49,13.97,16.99,,,,18.0,42.0,8.0,,9.0,,,21.0
2024-03-28,,,,,,,,,,16.93,15.56,18.2,,,,,,,,,,,,,52.13,50.35,54.08,,,,,,,,,,,,,5.84,4.51,7.26,,,,,,,,,,,,,,,,,,,,,,,,,7.59,6.21,9.04,,,,,,,,,,,,,15.5,13.99,17.01,,,,,,,,,,,
2024-03-29,,,,,,,,,,16.92,15.54,18.19,,,,,,,,,,,,,52.14,50.35,54.06,,,,,,,,,,,,,5.83,4.51,7.25,,,,,,,,,,,,,,,,,,,,,,,,,7.59,6.18,9.03,,,,,,,,,,,,,15.52,14.04,17.04,,,,,,,,,,,
2024-03-30,,,,,,,,,,16.92,15.55,18.18,,,,,,,,,,,,,52.14,50.36,54.04,,,,,,,,,,,,,5.82,4.53,7.23,,,,,,,,,,,,,,,,,,,,,,,,,7.58,6.21,9.02,,,,,,,,,,,,,15.54,14.09,17.06,,,,,,,,,,,
2024-03-31,,,,,,,,,,16.91,15.55,18.17,,,,,,,,,,,,,52.14,50.36,54.01,,,,,,,,,,,,,5.82,4.53,7.21,,,,,,,,,,,,,,,,,,,,,,,,,7.58,6.25,9.0,,,,,,,,,,,,,15.56,14.12,17.09,,,,,,,,,,,
2024-04-01,,,,,,,,,,16.9,15.57,18.16,,,,,,,,,,,,,52.14,50.37,53.96,,,,,,,,,,,,,5.81,4.51,7.19,,,,,,,,,,,,,,,,,,,,,,,,,7.57,6.25,8.97,,,,,,,,,,,,,15.58,14.14,17.12,,,,,,,,,,,
2024-04-02,,,,,,,,,,16.9,15.57,18.14,,,,,,,,,,,,,52.14,50.39,53.95,,,,,,,,,,,,,5.81,4.49,7.17,,,,,,,,,,,,,,,,,,,,,,,,,7.56,6.26,8.95,,,,,,,,,,,,,15.61,14.16,17.15,,,,,,,,,,,
2024-04-03,,,,,,,,,,16.89,15.58,18.14,,,,,,,,,,,,,52.13,50.37,53.92,,,,,,,,,,,,,5.8,4.47,7.15,,,,,,,,,,,,,,,,,,,,,,,,,7.56,6.25,8.92,,,,,,,,,,,,,15.63,14.18,17.15,,,,16.0,54.0,3.0,,9.0,,,17.0
2024-04-04,,,,,,,,,,16.89,15.57,18.16,,,,,,,,,,,,,52.12,50.38,53.95,,,,,,,,,,,,,5.8,4.46,7.12,,,,,,,,,,,,,,,,,,,,,,,,,7.55,6.23,8.9,,,,,,,,,,,,,15.66,14.22,17.15,,,,,,,,,,,
2024-04-05,,,,,,,,,,16.89,15.57,18.18,,,,,,,,,,,,,52.11,50.37,53.93,,,,,,,,,,,,,5.79,4.45,7.09,,,,,,,,,,,,,,,,,,,,,,,,,7.54,6.22,8.88,,,,,,,,,,,,,15.69,14.25,17.15,,,,,,,,,,,
2024-04-06,,,,,,,,,,16.88,15.57,18.19,,,,,,,,,,,,,52.1,50.37,53.89,,,,,,,,,,,,,5.79,4.44,7.07,,,,,,,,,,,,,,,,,,,,,,,,,7.53,6.2,8.85,,,,,,,,,,,,,15.72,14.26,17.15,,,,,,,,,,,
2024-04-07,,,,,,,,,,16.88,15.58,18.21,,,,,,,,,,,,,52.08,50.37,53.84,,,,,,,,,,,,,5.78,4.45,7.04,,,,,,,,,,,,,,,,,,,,,,,,,7.52,6.18,8.85,,,,,,,,,,,,,15.75,14.28,17.18,,,,,,,,,,,
2024-04-08,,,,,,,,,,16.88,15.58,18.23,,,,,,,,,,,,,52.06,50.33,53.83,,,,,,,,,,,,,5.78,4.45,7.04,,,,,,,,,,,,,,,,,,,,,,,,,7.51,6.15,8.86,,,,,,,,,,,,,15.78,14.3,17.21,,,,,,,,,,,
2024-04-09,,,,,,,,,,16.88,15.59,18.25,,,,,,,,,,,,,52.04,50.3,53.82,,,,,,,,,,,,,5.78,4.45,7.03,,,,,,,,,,,,,,,,,,,,,,,,,7.5,6.12,8.84,,,,,,,,,,,,,15.82,14.33,17.28,,,,,,,,,,,
2024-04-10,,,,,,,,,,16.88,15.59,18.26,,,,,,,,,,,,,52.01,50.26,53.81,,,,,,,,,,,,,5.78,4.45,7.01,,,,,,,,,,,,,,,,,,,,,,,,,7.49,6.1,8.84,,,,,,,,,,,,,15.85,14.37,17.35,,,,,,,,,,,
2024-04-11,,,,,,,,,,16.88,15.6,18.27,,,,,,,,,,,,,51.98,50.21,53.8,,,,,,,,,,,,,5.78,4.46,7.0,,,,,,,,,,,,,,,,,,,,,,,,,7.48,6.08,8.85,,,,,,,,,,,,,15.89,14.4,17.38,,,,17.0,49.0,6.0,,8.0,,,18.0
2024-04-12,,,,,,,,,,16.88,15.61,18.27,,,,,,,,,,,,,51.95,50.18,53.69,,,,,,,,,,,,,5.78,4.47,7.04,,,,,,,,,,,,,,,,,,,,,,,,,7.47,6.06,8.82,,,,,,,,,,,,,15.93,14.44,17.4,,,,,,,,,,,
2024-04-13,,,,,,,,,,16.88,15.62,18.27,,,,,,,,,,,,,51.92,50.13,53.58,,,,,,,,,,,,,5.79,4.48,7.08,,,,,,,,,,,,,,,,,,,,,,,,,7.46,6.04,8.83,,,,,,,,,,,,,15.97,14.48,17.44,,,,,,,,,,,
2024-04-14,,,,,,,,,,16.89,15.63,18.27,,,,,,,,,,,,,51.88,50.09,53.52,,,,,,,,,,,,,5.79,4.49,7.08,,,,,,,,,,,,,,,,,,,,,,,,,7.45,6.06,8.82,,,,,,,,,,,,,16.01,14.55,17.49,,,,,,,,,,,
2024-04-15,,,,,,,,,,16.89,15.65,18.26,,,,,,,,,,,,,51.84,50.04,53.45,,,,,,,,,,,,,5.79,4.5,7.06,,,,,,,,,,,,,,,,,,,,,,,,,7.44,6.07,8.8,,,,,,,,,,,,,16.05,14.61,17.53,,,,,,,,,,,
2024-04-16,,,,,,,,,,16.89,15.65,18.25,,,,,,,,,,,,,51.8,50.0,53.44,,,,,,,,,,,,,5.8,4.52,7.04,,,,,,,,,,,,,,,,,,,,,,,,,7.43,6.08,8.78,,,,,,,,,,,,,16.09,14.65,17.57,,,,,,,,,,,
2024-04-17,,,,,,,,,,16.89,15.63,18.24,,,,,,,,,,,,,51.75,49.95,53.42,,,,,,,,,,,,,5.81,4.54,7.01,,,,,,,,,,,,,,,,,,,,,,,,,7.41,6.09,8.77,,,,,,,,,,,,,16.14,14.7,17.62,,,,19.0,49.0,6.0,,7.0,,,15.0
2024-04-18,,,,,,,,,,16.9,15.6,18.23,,,,,,,,,,,,,51.7,49.91,53.33,,,,,,,,,,,,,5.81,4.57,7.0,,,,,,,,,,,,,,,,,,,,,,,,,7.4,6.1,8.74,,,,,,,,,,,,,16.18,14.73,17.65,,,,,,,,,,,
2024-04-19,,,,,,,,,,16.9,15.58,18.21,,,,,,,,,,,,,51.66,49.86,53.3,,,,,,,,,,,,,5.82,4.59,7.0,,,,,,,,,,,,,,,,,,,,,,,,,7.39,6.11,8.71,,,,,,,,,,,,,16.22,14.77,17.7,,,,,,,,,,,
2024-04-20,,,,,,,,,,16.91,15.6,18.18,,,,,,,,,,,,,51.6,49.79,53.29,,,,,,,,,,,,,5.83,4.57,6.99,,,,,,,,,,,,,,,,,,,,,,,,,7.38,6.06,8.68,,,,,,,,,,,,,16.27,14.83,17.73,,,,,,,,,,,
2024-04-21,,,,,,,,,,16.91,15.58,18.16,,,,,,,,,,,,,51.55,49.73,53.29,,,,,,,,,,,,,5.84,4.59,7.0,,,,,,,,,,,,,,,,,,,,,,,,,7.37,6.05,8.66,,,,,,,,,,,,,16.31,14.89,17.78,,,,,,,,,,,
2024-04-22,,,,,,,,,,16.92,15.57,18.13,,,,,,,,,,,,,51.5,49.65,53.28,,,,,,,,,,,,,5.85,4.56,6.99,,,,,,,,,,,,,,,,,,,,,,,,,7.36,6.0,8.63,,,,,,,,,,,,,16.35,14.95,17.8,,,,,,,,,,,
2024-04-23,,,,,,,,,,16.92,15.57,18.11,,,,,,,,,,,,,51.44,49.58,53.24,,,,,,,,,,,,,5.86,4.55,6.97,,,,,,,,,,,,,,,,,,,,,,,,,7.35,5.96,8.6,,,,,,,,,,,,,16.4,15.0,17.81,,,,,,,,,,,
2024-04-24,,,,,,,,,,16.93,15.6,18.08,,,,,,,,,,,,,51.39,49.5,53.16,,,,,,,,,,,,,5.87,4.57,6.98,,,,,,,,,,,,,,,,,,,,,,,,,7.34,5.92,8.58,,,,,,,,,,,,,16.44,15.05,17.86,,,,16.0,51.0,7.0,,8.0,,,15.0
2024-04-25,,,,,,,,,,16.93,15.62,18.1,,,,,,,,,,,,,51.33,49.43,53.07,,,,,,,,,,,,,5.88,4.59,6.99,,,,,,,,,,,,,,,,,,,,,,,,,7.33,5.89,8.56,,,,,,,,,,,,,16.48,15.11,17.9,,,,,,,,,,,
2024-04-26,,,,,,,,,,16.94,15.64,18.12,,,,,,,,,,,,,51.28,49.38,52.99,,,,,,,,,,,,,5.89,4.6,7.0,,,,,,,,,,,,,,,,,,,,,,,,,7.32,5.9,8.53,,,,,,,,,,,,,16.52,15.15,17.94,,,,,,,,,,,
2024-04-27,,,,,,,,,,16.95,15.64,18.13,,,,,,,,,,,,,51.22,49.33,52.9,,,,,,,,,,,,,5.91,4.59,7.01,,,,,,,,,,,,,,,,,,,,,,,,,7.31,5.92,8.55,,,,,,,,,,,,,16.56,15.2,17.99,,,,,,,,,,,
2024-04-28,,,,,,,,,,16.95,15.66,18.14,,,,,,,,,,,,,51.17,49.27,52.81,,,,,,,,,,,,,5.92,4.58,7.02,,,,,,,,,,,,,,,,,,,,,,,,,7.3,5.92,8.57,,,,,,,,,,,,,16.6,15.26,18.05,,,,,,,,,,,
2024-04-29,,,,,,,,,,16.96,15.65,18.15,,,,,,,,,,,,,51.11,49.19,52.73,,,,,,,,,,,,,5.93,4.58,7.04,,,,,,,,,,,,,,,,,,,,,,,,,7.29,5.91,8.56,,,,,,,,,,,,,16.63,15.3,18.08,,,,,,,,,,,
2024-04-30,,,,,,,,,,16.97,15.63,18.16,,,,,,,,,,,,,51.06,49.11,52.64,,,,,,,,,,,,,5.95,4.59,7.06,,,,,,,,,,,,,,,,,,,,,,,,,7.28,5.9,8.56,,,,,,,,,,,,,16.67,15.33,18.11,,,,,,,,,,,
2024-05-01,,,,,,,,,,16.98,15.61,18.18,,,,,,,,,,,,,51.01,49.04,52.56,,,,,,,,,,,,,5.96,4.63,7.09,,,,,,,,,,,,,,,,,,,,,,,,,7.27,5.88,8.55,,,,,,,,,,,,,16.7,15.37,18.14,,,,15.0,55.0,4.0,,8.0,,,15.0
2024-05-02,,,,,,,,,,16.98,15.61,18.21,,,,,,,,,,,,,50.96,48.99,52.48,,,,,,,,,,,,,5.97,4.66,7.11,,,,,,,,,,,,,,,,,,,,,,,,,7.26,5.9,8.54,,,,,,,,,,,,,16.73,15.39,18.16,,,,,,,,,,,
2024-05-03,,,,,,,,,,16.99,15.64,18.22,,,,,,,,,,,,,50.9,48.96,52.41,,,,,,,,,,,,,5.99,4.71,7.14,,,,,,,,,,,,,,,,,,,,,,,,,7.25,5.93,8.53,,,,,,,,,,,,,16.76,15.4,18.19,,,,,,,,,,,
2024-05-04,,,,,,,,,,17.0,15.64,18.23,,,,,,,,,,,,,50.85,48.94,52.35,,,,,,,,,,,,,6.0,4.71,7.16,,,,,,,,,,,,,,,,,,,,,,,,,7.24,5.95,8.52,,,,,,,,,,,,,16.79,15.43,18.21,,,,,,,,,,,
2024-05-05,,,,,,,,,,17.0,15.65,18.26,,,,,,,,,,,,,50.81,48.91,52.29,,,,,,,,,,,,,6.01,4.71,7.18,,,,,,,,,,,,,,,,,,,,,,,,,7.23,5.94,8.51,,,,,,,,,,,,,16.82,15.45,18.24,,,,,,,,,,,
2024-05-06,,,,,,,,,,17.01,15.67,18.28,,,,,,,,,,,,,50.76,48.83,52.24,,,,,,,,,,,,,6.03,4.71,7.2,,,,,,,,,,,,,,,,,,,,,,,,,7.23,5.91,8.5,,,,,,,,,,,,,16.85,15.47,18.26,,,,,,,,,,,
2024-05-07,,,,,,,,,,17.01,15.7,18.3,,,,,,,,,,,,,50.71,48.75,52.21,,,,,,,,,,,,,6.04,4.71,7.22,,,,,,,,,,,,,,,,,,,,,,,,,7.22,5.89,8.49,,,,,,,,,,,,,16.87,15.45,18.29,,,,,,,,,,,
2024-05-08,,,,,,,,,,17.02,15.69,18.32,,,,,,,,,,,,,50.67,48.72,52.17,,,,,,,,,,,,,6.05,4.72,7.24,,,,,,,,,,,,,,,,,,,,,,,,,7.21,5.86,8.48,,,,,,,,,,,,,16.9,15.43,18.33,,,,17.0,53.0,5.0,,8.0,,,15.0
2024-05-09,,,,,,,,,,17.03,15.71,18.3,,,,,,,,,,,,,50.63,48.67,52.13,,,,,,,,,,,,,6.07,4.72,7.25,,,,,,,,,,,,,,,,,,,,,,,,,7.2,5.84,8.47,,,,,,,,,,,,,16.92,15.43,18.34,,,,,,,,,,,
2024-05-10,,,,,,,,,,17.03,15.69,18.29,,,,,,,,,,,,,50.59,48.63,52.1,,,,,,,,,,,,,6.08,4.73,7.27,,,,,,,,,,,,,,,,,,,,,,,,,7.19,5.84,8.45,,,,,,,,,,,,,16.94,15.43,18.35,,,,,,,,,,,
2024-05-11,,,,,,,,,,17.03,15.66,18.27,,,,,,,,,,,,,50.55,48.6,52.07,,,,,,,,,,,,,6.09,4.73,7.29,,,,,,,,,,,,,,,,,,,,,,,,,7.19,5.85,8.44,,,,,,,,,,,,,16.96,15.45,18.36,,,,,,,,,,,
2024-05-12,,,,,,,,,,17.04,15.64,18.26,,,,,,,,,,,,,50.51,48.54,52.04,,,,,,,,,,,,,6.11,4.74,7.3,,,,,,,,,,,,,,,,,,,,,,,,,7.18,5.85,8.43,,,,,,,,,,,,,16.98,15.48,18.37,,,,,,,,,,,
2024-05-13,,,,,,,,,,17.04,15.64,18.26,,,,,,,,,,,,,50.47,48.49,52.02,,,,,,,,,,,,,6.12,4.74,7.32,,,,,,,,,,,,,,,,,,,,,,,,,7.17,5.85,8.43,,,,,,,,,,,,,17.0,15.51,18.38,,,,,,,,,,,
2024-05-14,,,,,,,,,,17.05,15.65,18.25,,,,,,,,,,,,,50.44,48.44,52.03,,,,,,,,,,,,,6.13,4.75,7.33,,,,,,,,,,,,,,,,,,,,,,,,,7.16,5.85,8.42,,,,,,,,,,,,,17.02,15.54,18.39,,,,,,,,,,,
2024-05-15,,,,,,,,,,17.05,15.66,18.25,,,,,,,,,,,,,50.41,48.39,52.05,,,,,,,,,,,,,6.15,4.75,7.33,,,,,,,,,,,,,,,,,,,,,,,,,7.16,5.86,8.41,,,,,,,,,,,,,17.04,15.58,18.41,,,,,,,,,,,
2024-05-16,,,,,,,,,,17.05,15.66,18.27,,,,,,,,,,,,,50.37,48.35,52.06,,,,,,,,,,,,,6.16,4.76,7.35,,,,,,,,,,,,,,,,,,,,,,,,,7.15,5.85,8.4,,,,,,,,,,,,,17.05,15.6,18.41,,,,15.0,60.0,5.0,,7.0,,,12.0
2024-05-17,,,,,,,,,,17.05,15.67,18.31,,,,,,,,,,,,,50.34,48.31,52.02,,,,,,,,,,,,,6.17,4.76,7.37,,,,,,,,,,,,,,,,,,,,,,,,,7.14,5.84,8.38,,,,,,,,,,,,,17.06,15.61,18.42,,,,,,,,,,,
2024-05-18,,,,,,,,,,17.06,15.66,18.32,,,,,,,,,,,,,50.32,48.27,52.0,,,,,,,,,,,,,6.18,4.77,7.39,,,,,,,,,,,,,,,,,,,,,,,,,7.14,5.83,8.37,,,,,,,,,,,,,17.08,15.63,18.43,,,,,,,,,,,
2024-05-19,,,,,,,,,,17.06,15.65,18.31,,,,,,,,,,,,,50.29,48.25,51.97,,,,,,,,,,,,,6.2,4.78,7.4,,,,,,,,,,,,,,,,,,,,,,,,,7.13,5.82,8.37,,,,,,,,,,,,,17.09,15.65,18.44,,,,,,,,,,,
2024-05-20,,,,,,,,,,17.06,15.65,18.31,,,,,,,,,,,,,50.26,48.23,51.94,,,,,,,,,,,,,6.21,4.78,7.43,,,,,,,,,,,,,,,,,,,,,,,,,7.12,5.81,8.36,,,,,,,,,,,,,17.1,15.68,18.49,,,,,,,,,,,
2024-05-21,,,,,,,,,,17.06,15.63,18.31,,,,,,,,,,,,,50.24,48.22,51.91,,,,,,,,,,,,,6.22,4.79,7.45,,,,,,,,,,,,,,,,,,,,,,,,,7.11,5.8,8.34,,,,,,,,,,,,,17.12,15.69,18.54,,,,,,,,,,,
2024-05-22,,,,,,,,,,17.06,15.62,18.3,,,,,,,,,,,,,50.22,48.2,51.88,,,,,,,,,,,,,6.23,4.81,7.47,,,,,,,,,,,,,,,,,,,,,,,,,7.11,5.79,8.33,,,,,,,,,,,,,17.13,15.7,18.6,,,,19.0,56.0,7.0,,5.0,,,14.0
2024-05-23,,,,,,,,,,17.07,15.6,18.3,,,,,,,,,,,,,50.19,48.18,51.85,,,,,,,,,,,,,6.24,4.82,7.49,,,,,,,,,,,,,,,,,,,,,,,,,7.1,5.78,8.33,,,,,,,,,,,,,17.14,15.7,18.6,,,,,,,,,,,
2024-05-24,,,,,,,,,,17.07,15.59,18.3,,,,,,,,,,,,,50.17,48.17,51.81,,,,,,,,,,,,,6.26,4.84,7.51,,,,,,,,,,,,,,,,,,,,,,,,,7.09,5.78,8.32,,,,,,,,,,,,,17.15,15.7,18.6,,,,18.0,51.0,5.0,,6.0,,,18.0
2024-05-25,,,,,,,,,,17.07,15.58,18.29,,,,,,,,,,,,,50.15,48.14,51.76,,,,,,,,,,,,,6.27,4.85,7.53,,,,,,,,,,,,,,,,,,,,,,,,,7.08,5.76,8.31,,,,,,,,,,,,,17.16,15.7,18.59,,,,,,,,,,,
2024-05-26,,,,,,,,,,17.07,15.59,18.29,,,,,,,,,,,,,50.13,48.07,51.72,,,,,,,,,,,,,6.28,4.87,7.54,,,,,,,,,,,,,,,,,,,,,,,,,7.08,5.74,8.3,,,,,,,,,,,,,17.17,15.69,18.59,,,,,,,,,,,
2024-05-27,,,,,,,,,,17.07,15.6,18.29,,,,,,,,,,,,,50.11,48.01,51.67,,,,,,,,,,,,,6.29,4.88,7.56,,,,,,,,,,,,,,,,,,,,,,,,,7.07,5.73,8.29,,,,,,,,,,,,,17.18,15.69,18.59,,,,,,,,,,,
2024-05-28,,,,,,,,,,17.07,15.61,18.29,,,,,,,,,,,,,50.1,47.99,51.67,,,,,,,,,,,,,6.3,4.9,7.57,,,,,,,,,,,,,,,,,,,,,,,,,7.06,5.72,8.28,,,,,,,,,,,,,17.19,15.69,18.61,,,,16.0,57.0,6.0,,7.0,,,12.0
2024-05-29,,,,,,,,,,17.08,15.62,18.29,,,,,,,,,,,,,50.08,47.97,51.66,,,,,,,,,,,,,6.31,4.91,7.59,,,,,,,,,,,,,,,,,,,,,,,,,7.05,5.7,8.28,,,,,,,,,,,,,17.2,15.69,18.62,,,,,,,,,,,
2024-05-30,,,,,,,,,,17.08,15.63,18.3,,,,,,,,,,,,,50.06,47.95,51.63,,,,,,,,,,,,,6.32,4.92,7.6,,,,,,,,,,,,,,,,,,,,,,,,,7.04,5.69,8.28,,,,,,,,,,,,,17.21,15.69,18.63,,,,17.0,54.0,5.0,,6.0,,,17.0
2024-05-31,,,,,,,,,,17.08,15.65,18.31,,,,,,,,,,,,,50.04,47.93,51.59,,,,,,,,,,,,,6.33,4.92,7.61,,,,,,,,,,,,,,,,,,,,,,,,,7.04,5.68,8.27,,,,,,,,,,,,,17.22,15.69,18.6,,,,,,,,,,,
2024-06-01,,,,,,,,,,17.08,15.66,18.32,,,,,,,,,,,,,50.02,47.91,51.55,,,,,,,,,,,,,6.34,4.92,7.62,,,,,,,,,,,,,,,,,,,,,,,,,7.03,5.68,8.27,,,,,,,,,,,,,17.24,15.69,18.59,,,,,,,,,,,
2024-06-02,,,,,,,,,,17.08,15.68,18.33,,,,,,,,,,,,,50.0,47.88,51.52,,,,,,,,,,,,,6.35,4.92,7.63,,,,,,,,,,,,,,,,,,,,,,,,,7.02,5.69,8.26,,,,,,,,,,,,,17.25,15.7,18.61,,,,,,,,,,,
2024-06-03,,,,,,,,,,17.09,15.7,18.35,,,,,,,,,,,,,49.98,47.86,51.49,,,,,,,,,,,,,6.37,4.91,7.61,,,,,,,,,,,,,,,,,,,,,,,,,7.01,5.7,8.26,,,,,,,,,,,,,17.26,15.7,18.62,,,,,,,,,,,
2024-06-04,,,,,,,,,,17.09,15.71,18.36,,,,,,,,,,,,,49.96,47.84,51.47,,,,,,,,,,,,,6.38,4.91,7.64,,,,,,,,,,,,,,,,,,,,,,,,,7.01,5.69,8.26,,,,,,,,,,,,,17.27,15.71,18.67,,,,16.0,48.0,5.0,,8.0,,,21.0
2024-06-05,,,,,,,,,,17.09,15.73,18.37,,,,,,,,,,,,,49.94,47.82,51.45,,,,,,,,,,,,,6.39,4.91,7.65,,,,,,,,,,,,,,,,,,,,,,,,,7.0,5.69,8.26,,,,,,,,,,,,,17.29,15.71,18.7,,,,,,,,,,,
2024-06-06,,,,,,,,,,17.1,15.72,18.39,,,,,,,,,,,,,49.92,47.8,51.43,,,,,,,,,,,,,6.4,4.94,7.66,,,,,,,,,,,,,,,,,,,,,,,,,6.99,5.68,8.26,,,,,,,,,,,,,17.3,15.71,18.71,,,,17.0,50.0,5.0,,6.0,,,19.0
2024-06-07,,,,,,,,,,17.1,15.71,18.42,,,,,,,,,,,,,49.9,47.79,51.4,,,,,,,,,,,,,6.41,4.97,7.66,,,,,,,,,,,,,,,,,,,,,,,,,6.98,5.66,8.26,,,,,,,,,,,,,17.32,15.71,18.73,,,,,,,,,,,
2024-06-08,,,,,,,,,,17.1,15.69,18.45,,,,,,,,,,,,,49.88,47.77,51.37,,,,,,,,,,,,,6.42,4.99,7.67,,,,,,,,,,,,,,,,,,,,,,,,,6.98,5.67,8.26,,,,,,,,,,,,,17.33,15.73,18.76,,,,,,,,,,,
2024-06-09,,,,,,,,,,17.1,15.67,18.48,,,,,,,,,,,,,49.85,47.75,51.33,,,,,,,,,,,,,6.43,5.01,7.7,,,,,,,,,,,,,,,,,,,,,,,,,6.97,5.67,8.26,,,,,,,,,,,,,17.35,15.74,18.8,,,,,,,,,,,
2024-06-10,,,,,,,,,,17.11,15.65,18.51,,,,,,,,,,,,,49.82,47.74,51.3,,,,,,,,,,,,,6.44,5.0,7.74,,,,,,,,,,,,,,,,,,,,,,,,,6.96,5.65,8.26,,,,,,,,,,,,,17.37,15.75,18.83,,,,,,,,,,,
2024-06-11,,,,,,,,,,17.11,15.64,18.52,,,,,,,,,,,,,49.8,47.72,51.29,,,,,,,,,,,,,6.45,4.99,7.78,,,,,,,,,,,,,,,,,,,,,,,,,6.96,5.63,8.26,,,,,,,,,,,,,17.39,15.77,18.87,,,,19.0,43.0,8.0,,11.0,,,17.0
2024-06-12,,,,,,,,,,17.12,15.62,18.51,,,,,,,,,,,,,49.77,47.7,51.28,,,,,,,,,,,,,6.46,4.99,7.81,,,,,,,,,,,,,,,,,,,,,,,,,6.95,5.62,8.27,,,,,,,,,,,,,17.41,15.79,18.91,,,,,,,,,,,
2024-06-13,,,,,,,,,,17.12,15.61,18.49,,,,,,,,,,,,,49.74,47.68,51.27,,,,,,,,,,,,,6.47,4.98,7.84,,,,,,,,,,,,,,,,,,,,,,,,,6.95,5.6,8.27,,,,,,,,,,,,,17.43,15.8,18.93,,,,19.0,44.0,7.0,,5.0,,,21.0
2024-06-14,,,,,,,,,,17.12,15.61,18.5,,,,,,,,,,,,,49.7,47.65,51.25,,,,,,,,,,,,,6.48,4.97,7.86,,,,,,,,,,,,,,,,,,,,,,,,,6.94,5.57,8.27,,,,,,,,,,,,,17.45,15.82,18.94,,,,,,,,,,,
2024-06-15,,,,,,,,,,17.13,15.61,18.5,,,,,,,,,,,,,49.67,47.63,51.24,,,,,,,,,,,,,6.49,4.97,7.87,,,,,,,,,,,,,,,,,,,,,,,,,6.94,5.55,8.27,,,,,,,,,,,,,17.47,15.84,18.96,,,,,,,,,,,
2024-06-16,,,,,,,,,,17.13,15.61,18.53,,,,,,,,,,,,,49.64,47.62,51.22,,,,,,,,,,,,,6.5,4.98,7.89,,,,,,,,,,,,,,,,,,,,,,,,,6.93,5.53,8.25,,,,,,,,,,,,,17.5,15.86,18.99,,,,,,,,,,,
2024-06-17,,,,,,,,,,17.14,15.61,18.55,,,,,,,,,,,,,49.6,47.57,51.2,,,,,,,,,,,,,6.51,4.99,7.91,,,,,,,,,,,,,,,,,,,,,,,,,6.93,5.51,8.26,,,,,,,,,,,,,17.52,15.88,19.03,,,,,,,,,,,
2024-06-18,,,,,,,,,,17.14,15.61,18.57,,,,,,,,,,,,,49.56,47.54,51.18,,,,,,,,,,,,,6.52,4.99,7.93,,,,,,,,,,,,,,,,,,,,,,,,,6.92,5.49,8.27,,,,,,,,,,,,,17.55,15.9,19.07,,,,20.0,44.0,9.0,,6.0,,,19.0
2024-06-19,,,,,,,,,,17.15,15.61,18.58,,,,,,,,,,,,,49.52,47.51,51.16,,,,,,,,,,,,,6.53,4.98,7.95,,,,,,,,,,,,,,,,,,,,,,,,,6.92,5.47,8.28,,,,,,,,,,,,,17.57,15.93,19.11,,,,,,,,,,,
2024-06-20,,,,,,,,,,17.15,15.61,18.6,,,,,,,,,,,,,49.48,47.47,51.14,,,,,,,,,,,,,6.55,4.98,7.98,,,,,,,,,,,,,,,,,,,,,,,,,6.92,5.45,8.29,,,,,,,,,,,,,17.6,15.96,19.15,,,,15.0,48.0,7.0,,7.0,,,21.0
2024-06-21,,,,,,,,,,17.16,15.61,18.62,,,,,,,,,,,,,49.43,47.43,51.13,,,,,,,,,,,,,6.56,4.98,8.0,,,,,,,,,,,,,,,,,,,,,,,,,6.91,5.43,8.3,,,,,,,,,,,,,17.63,16.0,19.19,,,,,,,,,,,
2024-06-22,,,,,,,,,,17.16,15.61,18.64,,,,,,,,,,,,,49.39,47.39,51.11,,,,,,,,,,,,,6.57,4.97,8.02,,,,,,,,,,,,,,,,,,,,,,,,,6.91,5.41,8.3,,,,,,,,,,,,,17.66,16.04,19.23,,,,,,,,,,,
2024-06-23,,,,,,,,,,17.17,15.61,18.66,,,,,,,,,,,,,49.34,47.32,51.09,,,,,,,,,,,,,6.58,4.97,8.04,,,,,,,,,,,,,,,,,,,,,,,,,6.91,5.4,8.3,,,,,,,,,,,,,17.69,16.08,19.28,,,,,,,,,,,
2024-06-24,,,,,,,,,,17.17,15.61,18.69,,,,,,,,,,,,,49.29,47.25,51.06,,,,,,,,,,,,,6.6,4.97,8.07,,,,,,,,,,,,,,,,,,,,,,,,,6.9,5.38,8.29,,,,,,,,,,,,,17.72,16.12,19.34,,,,,,,,,,,
2024-06-25,,,,,,,,,,17.18,15.61,18.71,,,,,,,,,,,,,49.24,47.17,51.03,,,,,,,,,,,,,6.61,4.97,8.09,,,,,,,,,,,,,,,,,,,,,,,,,6.9,5.36,8.29,,,,,,,,,,,,,17.75,16.17,19.4,,,,12.0,45.0,11.0,,6.0,,,21.0
2024-06-26,,,,,,,,,,17.18,15.61,18.71,,,,,,,,,,,,,49.18,47.1,51.01,,,,,,,,,,,,,6.62,4.97,8.12,,,,,,,,,,,,,,,,,,,,,,,,,6.9,5.35,8.29,,,,,,,,,,,,,17.78,16.19,19.45,,,,,,,,,,,
2024-06-27,,,,,,,,,,17.19,15.6,18.73,,,,,,,,,,,,,49.12,47.03,50.97,,,,,,,,,,,,,6.64,4.98,8.15,,,,,,,,,,,,,,,,,,,,,,,,,6.89,5.34,8.31,,,,,,,,,,,,,17.81,16.22,19.48,,,,19.0,45.0,6.0,,8.0,,,19.0
2024-06-28,,,,,,,,,,17.2,15.57,18.75,,,,,,,,,,,,,49.06,46.97,50.93,,,,,,,,,,,,,6.65,5.01,8.17,,,,,,,,,,,,,,,,,,,,,,,,,6.89,5.33,8.34,,,,,,,,,,,,,17.85,16.24,19.49,,,,,,,,,,,
2024-06-29,,,,,,,,,,17.2,15.55,18.77,,,,,,,,,,,,,49.0,46.91,50.87,,,,,,,,,,,,,6.67,5.04,8.2,,,,,,,,,,,,,,,,,,,,,,,,,6.89,5.32,8.36,,,,,,,,,,,,,17.88,16.27,19.52,,,,,,,,,,,
2024-06-30,,,,,,,,,,17.21,15.54,18.77,,,,,,,,,,,,,48.94,46.85,50.82,,,,,,,,,,,,,6.69,5.07,8.23,,,,,,,,,,,,,,,,,,,,,,,,,6.89,5.32,8.37,,,,,,,,,,,,,17.92,16.29,19.53,,,,,,,,,,,
2024-07-01,,,,,,,,,,17.21,15.52,18.77,,,,,,,,,,,,,48.87,46.8,50.78,,,,,,,,,,,,,6.7,5.09,8.26,,,,,,,,,,,,,,,,,,,,,,,,,6.89,5.32,8.36,,,,,,,,,,,,,17.95,16.31,19.56,,,,,,,,,,,
2024-07-02,,,,,,,,,,17.22,15.49,18.78,,,,,,,,,,,,,48.81,46.75,50.72,,,,,,,,,,,,,6.72,5.12,8.29,,,,,,,,,,,,,,,,,,,,,,,,,6.89,5.32,8.36,,,,,,,,,,,,,17.99,16.33,19.6,,,,,,,,,,,
2024-07-03,,,,,,,,,,17.23,15.47,18.79,,,,,,,,,,,,,48.74,46.7,50.66,,,,,,,,,,,,,6.74,5.15,8.33,,,,,,,,,,,,,,,,,,,,,,,,,6.89,5.32,8.36,,,,,,,,,,,,,18.02,16.35,19.63,,,,19.0,47.0,7.0,,7.0,,,17.0
2024-07-04,,,,,,,,,,,,,19.67,14.79,26.54,,,,,,,,,,,,,41.43,35.4,46.15,,,,,,,,,,,,,6.78,1.53,11.6,,,,,,,,,,,,,,,,,,,,,,,,,7.01,1.27,13.32,,,,,,,,,,,,,18.82,13.42,24.1,21.0,43.0,7.0,,7.0,,,17.0
2024-07-05,,,,,,,,,,,,,19.73,14.97,26.54,,,,,,,,,,,,,41.36,35.39,45.96,,,,,,,,,,,,,6.81,1.62,11.58,,,,,,,,,,,,,,,,,,,,,,,,,7.02,1.39,13.28,,,,,,,,,,,,,18.8,13.43,24.01,,,,,,,,
2024-07-06,,,,,,,,,,,,,19.81,15.17,26.54,,,,,,,,,,,,,41.29,35.38,45.9,,,,,,,,,,,,,6.84,1.73,11.55,,,,,,,,,,,,,,,,,,,,,,,,,7.04,1.51,13.12,,,,,,,,,,,,,18.77,13.45,23.86,,,,,,,,
2024-07-07,,,,,,,,,,,,,19.89,15.34,26.53,,,,,,,,,,,,,41.2,35.36,45.78,,,,,,,,,,,,,6.87,1.85,11.54,,,,,,,,,,,,,,,,,,,,,,,,,7.05,1.62,12.93,,,,,,,,,,,,,18.74,13.46,23.74,,,,,,,,
2024-07-08,,,,,,,,,,,,,19.98,15.47,26.53,,,,,,,,,,,,,41.12,35.35,45.66,,,,,,,,,,,,,6.91,1.98,11.61,,,,,,,,,,,,,,,,,,,,,,,,,7.06,1.78,12.73,,,,,,,,,,,,,18.7,13.47,23.69,,,,,,,,
2024-07-09,,,,,,,,,,,,,20.07,15.61,26.61,,,,,,,,,,,,,41.02,35.33,45.42,,,,,,,,,,,,,6.95,2.11,11.67,,,,,,,,,,,,,,,,,,,,,,,,,7.08,1.88,12.7,,,,,,,,,,,,,18.67,13.49,23.58,,,,,,,,
2024-07-10,,,,,,,,,,,,,20.17,15.76,26.66,,,,,,,,,,,,,40.93,35.31,45.3,,,,,,,,,,,,,6.99,2.25,11.73,,,,,,,,,,,,,,,,,,,,,,,,,7.09,2.05,12.65,,,,,,,,,,,,,18.62,13.51,23.4,,,,,,,,
2024-07-11,,,,,,,,,,,,,20.27,15.84,26.77,,,,,,,,,,,,,40.83,35.2,45.21,,,,,,,,,,,,,7.03,2.4,11.78,,,,,,,,,,,,,,,,,,,,,,,,,7.11,2.36,12.63,,,,,,,,,,,,,18.58,13.51,23.34,,,,,,,,
2024-07-12,,,,,,,,,,,,,20.38,15.9,26.95,,,,,,,,,,,,,40.73,35.19,45.11,,,,,,,,,,,,,7.07,2.56,11.83,,,,,,,,,,,,,,,,,,,,,,,,,7.12,2.45,12.6,,,,,,,,,,,,,18.54,13.48,23.22,,,,,,,,
2024-07-13,,,,,,,,,,,,,20.49,16.04,27.08,,,,,,,,,,,,,40.63,35.12,44.99,,,,,,,,,,,,,7.11,2.71,11.87,,,,,,,,,,,,,,,,,,,,,,,,,7.14,2.5,12.49,,,,,,,,,,,,,18.49,13.44,23.08,,,,,,,,
2024-07-14,,,,,,,,,,,,,20.6,16.36,27.16,,,,,,,,,,,,,40.52,35.01,44.86,,,,,,,,,,,,,7.16,2.86,11.89,,,,,,,,,,,,,,,,,,,,,,,,,7.16,2.63,12.31,,,,,,,,,,,,,18.45,13.41,22.93,,,,,,,,
2024-07-15,,,,,,,,,,,,,20.71,16.48,27.24,,,,,,,,,,,,,40.42,34.91,44.73,,,,,,,,,,,,,7.2,3.01,11.88,,,,,,,,,,,,,,,,,,,,,,,,,7.17,2.76,12.12,,,,,,,,,,,,,18.4,13.37,22.88,,,,,,,,
2024-07-16,,,,,,,,,,,,,20.82,16.55,27.42,,,,,,,,,,,,,40.31,34.82,44.6,,,,,,,,,,,,,7.25,3.13,11.78,,,,,,,,,,,,,,,,,,,,,,,,,7.19,2.78,11.94,,,,,,,,,,,,,18.36,13.35,22.82,,,,,,,,
2024-07-17,,,,,,,,,,,,,20.93,16.62,27.59,,,,,,,,,,,,,40.21,34.73,44.49,,,,,,,,,,,,,7.29,3.18,11.75,,,,,,,,,,,,,,,,,,,,,,,,,7.2,2.89,11.74,,,,,,,,,,,,,18.31,13.33,22.73,,,,,,,,
2024-07-18,,,,,,,,,,,,,21.04,16.66,27.72,,,,,,,,,,,,,40.1,34.66,44.43,,,,,,,,,,,,,7.33,3.23,11.79,,,,,,,,,,,,,,,,,,,,,,,,,7.22,2.99,11.6,,,,,,,,,,,,,18.26,13.32,22.62,,,,,,,,
2024-07-19,,,,,,,,,,,,,21.14,16.68,28.32,,,,,,,,,,,,,40.0,34.36,44.39,,,,,,,,,,,,,7.38,3.26,12.26,,,,,,,,,,,,,,,,,,,,,,,,,7.23,3.09,11.64,,,,,,,,,,,,,18.22,13.28,22.69,,,,,,,,
2024-07-20,,,,,,,,,,,,,21.25,16.78,28.32,,,,,,,,,,,,,39.9,34.31,44.34,,,,,,,,,,,,,7.42,3.27,12.48,,,,,,,,,,,,,,,,,,,,,,,,,7.25,3.21,11.63,,,,,,,,,,,,,18.17,13.34,22.63,,,,,,,,
2024-07-21,,,,,,,,,,,,,21.36,16.82,28.32,,,,,,,,,,,,,39.8,34.26,44.3,,,,,,,,,,,,,7.46,3.31,12.49,,,,,,,,,,,,,,,,,,,,,,,,,7.26,3.28,11.64,,,,,,,,,,,,,18.13,13.36,22.56,,,,,,,,
2024-07-22,,,,,,,,,,,,,21.46,16.87,28.33,,,,,,,,,,,,,39.7,34.22,44.26,,,,,,,,,,,,,7.5,3.41,12.41,,,,,,,,,,,,,,,,,,,,,,,,,7.28,3.36,11.66,,,,,,,,,,,,,18.09,13.39,22.49,,,,,,,,
2024-07-23,,,,,,,,,,,,,21.57,16.91,28.43,,,,,,,,,,,,,39.6,34.18,44.2,,,,,,,,,,,,,7.54,3.44,12.33,,,,,,,,,,,,,,,,,,,,,,,,,7.29,3.45,11.59,,,,,,,,,,,,,18.05,13.45,22.44,,,,,,,,
2024-07-24,,,,,,,,,,,,,21.68,16.95,28.44,,,,,,,,,,,,,39.49,34.13,44.15,,,,,,,,,,,,,7.59,3.47,12.26,,,,,,,,,,,,,,,,,,,,,,,,,7.31,3.52,11.53,,,,,,,,,,,,,18.02,13.43,22.44,,,,,,,,
2024-07-25,,,,,,,,,,,,,21.79,17.02,28.41,,,,,,,,,,,,,39.39,34.08,44.06,,,,,,,,,,,,,7.63,3.5,12.2,,,,,,,,,,,,,,,,,,,,,,,,,7.32,3.61,11.45,,,,,,,,,,,,,17.99,13.39,22.46,,,,,,,,
2024-07-26,,,,,,,,,,,,,21.89,17.08,28.46,,,,,,,,,,,,,39.28,33.94,43.94,,,,,,,,,,,,,7.67,3.52,12.19,,,,,,,,,,,,,,,,,,,,,,,,,7.33,3.71,11.37,,,,,,,,,,,,,17.96,13.36,22.41,19.0,40.0,6.0,,5.0,,,20.0
2024-07-27,,,,,,,,,,,,,22.0,17.28,28.48,,,,,,,,,,,,,39.18,33.82,43.81,,,,,,,,,,,,,7.72,3.61,12.18,,,,,,,,,,,,,,,,,,,,,,,,,7.35,3.73,11.29,,,,,,,,,,,,,17.94,13.36,22.39,,,,,,,,
2024-07-28,,,,,,,,,,,,,22.11,17.45,28.49,,,,,,,,,,,,,39.07,33.71,43.74,,,,,,,,,,,,,7.76,3.82,12.16,,,,,,,,,,,,,,,,,,,,,,,,,7.36,3.72,11.2,,,,,,,,,,,,,17.92,13.35,22.44,,,,,,,,
2024-07-29,,,,,,,,,,,,,22.22,17.63,28.38,,,,,,,,,,,,,38.96,33.61,43.64,,,,,,,,,,,,,7.81,4.03,12.15,,,,,,,,,,,,,,,,,,,,,,,,,7.38,3.76,11.1,,,,,,,,,,,,,17.91,13.35,22.39,,,,,,,,
2024-07-30,,,,,,,,,,,,,22.33,17.84,28.19,,,,,,,,,,,,,38.85,33.56,43.54,,,,,,,,,,,,,7.85,4.17,12.13,,,,,,,,,,,,,,,,,,,,,,,,,7.39,3.88,11.04,,,,,,,,,,,,,17.9,13.48,22.18,18.0,42.0,7.0,,9.0,,,20.0
2024-07-31,,,,,,,,,,,,,22.44,18.07,28.03,,,,,,,,,,,,,38.75,33.52,43.45,,,,,,,,,,,,,7.89,4.3,12.11,,,,,,,,,,,,,,,,,,,,,,,,,7.4,4.01,11.06,,,,,,,,,,,,,17.89,13.53,22.14,,,,,,,,
2024-08-01,,,,,,,,,,,,,22.54,18.33,27.98,,,,,,,,,,,,,38.64,33.48,43.35,,,,,,,,,,,,,7.94,4.57,12.09,,,,,,,,,,,,,,,,,,,,,,,,,7.41,4.1,11.06,,,,,,,,,,,,,17.89,13.65,22.11,,,,,,,,
2024-08-02,,,,,,,,,,,,,22.65,18.55,27.92,,,,,,,,,,,,,38.53,33.46,43.24,,,,,,,,,,,,,7.98,4.69,12.04,,,,,,,,,,,,,,,,,,,,,,,,,7.42,4.11,11.07,,,,,,,,,,,,,17.9,13.86,22.08,,,,,,,,
2024-08-03,,,,,,,,,,,,,22.75,18.75,27.86,,,,,,,,,,,,,38.43,33.45,43.14,,,,,,,,,,,,,8.02,4.71,11.97,,,,,,,,,,,,,,,,,,,,,,,,,7.43,4.13,11.07,,,,,,,,,,,,,17.9,14.07,22.06,,,,,,,,
2024-08-04,,,,,,,,,,,,,22.85,18.96,27.82,,,,,,,,,,,,,38.33,33.46,43.11,,,,,,,,,,,,,8.06,4.77,11.96,,,,,,,,,,,,,,,,,,,,,,,,,7.45,4.15,11.03,,,,,,,,,,,,,17.91,14.19,22.04,,,,,,,,
2024-08-05,,,,,,,,,,,,,22.95,19.15,27.81,,,,,,,,,,,,,38.23,33.47,43.1,,,,,,,,,,,,,8.1,4.83,11.94,,,,,,,,,,,,,,,,,,,,,,,,,7.45,4.16,10.94,,,,,,,,,,,,,17.93,14.25,22.01,,,,,,,,
2024-08-06,,,,,,,,,,,,,23.05,19.27,27.8,,,,,,,,,,,,,38.13,33.41,43.03,,,,,,,,,,,,,8.14,4.89,11.91,,,,,,,,,,,,,,,,,,,,,,,,,7.46,4.25,10.84,,,,,,,,,,,,,17.94,14.48,21.98,,,,,,,,
2024-08-07,,,,,,,,,,,,,23.15,19.41,27.85,,,,,,,,,,,,,38.04,33.33,42.88,,,,,,,,,,,,,8.18,4.95,11.88,,,,,,,,,,,,,,,,,,,,,,,,,7.47,4.19,10.75,,,,,,,,,,,,,17.96,14.57,21.97,,,,,,,,
2024-08-08,,,,,,,,,,,,,23.24,19.54,27.85,,,,,,,,,,,,,37.94,33.34,42.73,,,,,,,,,,,,,8.21,5.02,11.83,,,,,,,,,,,,,,,,,,,,,,,,,7.48,4.24,10.75,,,,,,,,,,,,,17.98,14.69,21.95,,,,,,,,
2024-08-09,,,,,,,,,,,,,23.33,19.68,27.88,,,,,,,,,,,,,37.85,33.27,42.57,,,,,,,,,,,,,8.25,5.15,11.81,,,,,,,,,,,,,,,,,,,,,,,,,7.49,4.32,10.65,,,,,,,,,,,,,18.0,14.76,21.95,,,,,,,,
2024-08-10,,,,,,,,,,,,,23.42,19.8,27.95,,,,,,,,,,,,,37.77,33.28,42.27,,,,,,,,,,,,,8.29,5.23,11.77,,,,,,,,,,,,,,,,,,,,,,,,,7.49,4.53,10.6,,,,,,,,,,,,,18.03,14.82,21.92,,,,,,,,
2024-08-11,,,,,,,,,,,,,23.5,19.93,28.0,,,,,,,,,,,,,37.68,33.32,42.15,,,,,,,,,,,,,8.32,5.24,11.73,,,,,,,,,,,,,,,,,,,,,,,,,7.5,4.58,10.51,,,,,,,,,,,,,18.05,14.88,21.91,,,,,,,,
2024-08-12,,,,,,,,,,,,,23.59,20.05,28.06,,,,,,,,,,,,,37.6,33.29,42.09,,,,,,,,,,,,,8.35,5.24,11.68,,,,,,,,,,,,,,,,,,,,,,,,,7.51,4.6,10.52,,,,,,,,,,,,,18.08,14.96,21.86,,,,,,,,
2024-08-13,,,,,,,,,,,,,23.67,20.17,28.11,,,,,,,,,,,,,37.52,33.35,42.04,,,,,,,,,,,,,8.38,5.27,11.65,,,,,,,,,,,,,,,,,,,,,,,,,7.51,4.62,10.48,,,,,,,,,,,,,18.1,15.02,21.8,,,,,,,,
2024-08-14,,,,,,,,,,,,,23.75,20.29,28.15,,,,,,,,,,,,,37.45,33.39,41.92,,,,,,,,,,,,,8.41,5.32,11.61,,,,,,,,,,,,,,,,,,,,,,,,,7.52,4.68,10.61,,,,,,,,,,,,,18.13,15.15,21.81,,,,,,,,
2024-08-15,,,,,,,,,,,,,23.82,20.42,28.19,,,,,,,,,,,,,37.37,33.44,41.81,,,,,,,,,,,,,8.44,5.46,11.57,,,,,,,,,,,,,,,,,,,,,,,,,7.52,4.65,10.65,,,,,,,,,,,,,18.15,15.21,21.85,,,,,,,,
2024-08-16,,,,,,,,,,,,,23.9,20.51,28.24,,,,,,,,,,,,,37.3,33.55,41.7,,,,,,,,,,,,,8.47,5.67,11.54,,,,,,,,,,,,,,,,,,,,,,,,,7.53,4.67,10.6,,,,,,,,,,,,,18.18,15.19,21.82,,,,,,,,
2024-08-17,,,,,,,,,,,,,23.97,20.55,28.29,,,,,,,,,,,,,37.23,33.59,41.59,,,,,,,,,,,,,8.5,5.69,11.57,,,,,,,,,,,,,,,,,,,,,,,,,7.53,4.75,10.47,,,,,,,,,,,,,18.21,15.2,21.79,,,,,,,,
2024-08-18,,,,,,,,,,,,,24.04,20.62,28.33,,,,,,,,,,,,,37.16,33.51,41.5,,,,,,,,,,,,,8.53,5.71,11.63,,,,,,,,,,,,,,,,,,,,,,,,,7.53,4.86,10.34,,,,,,,,,,,,,18.23,15.29,21.76,,,,,,,,
2024-08-19,,,,,,,,,,,,,24.1,20.65,28.39,,,,,,,,,,,,,37.1,33.23,41.39,,,,,,,,,,,,,8.56,5.68,11.6,,,,,,,,,,,,,,,,,,,,,,,,,7.54,4.93,10.33,,,,,,,,,,,,,18.26,15.35,21.72,,,,,,,,
2024-08-20,,,,,,,,,,,,,24.17,20.72,28.45,,,,,,,,,,,,,37.04,33.16,41.36,,,,,,,,,,,,,8.59,5.67,11.56,,,,,,,,,,,,,,,,,,,,,,,,,7.54,4.92,10.39,,,,,,,,,,,,,18.28,15.4,21.68,,,,,,,,
2024-08-21,,,,,,,,,,,,,24.23,20.79,28.48,,,,,,,,,,,,,36.98,33.22,41.37,,,,,,,,,,,,,8.62,5.66,11.53,,,,,,,,,,,,,,,,,,,,,,,,,7.54,4.91,10.44,,,,,,,,,,,,,18.31,15.44,21.65,,,,,,,,
2024-08-22,,,,,,,,,,,,,24.3,20.86,28.51,,,,,,,,,,,,,36.92,33.28,41.24,,,,,,,,,,,,,8.65,5.7,11.55,,,,,,,,,,,,,,,,,,,,,,,,,7.54,4.91,10.49,,,,,,,,,,,,,18.33,15.48,21.6,,,,,,,,
2024-08-23,,,,,,,,,,,,,24.36,20.94,28.54,,,,,,,,,,,,,36.86,33.26,41.08,,,,,,,,,,,,,8.69,5.81,11.58,,,,,,,,,,,,,,,,,,,,,,,,,7.55,4.91,10.53,,,,,,,,,,,,,18.35,15.53,21.55,,,,,,,,
2024-08-24,,,,,,,,,,,,,24.41,21.01,28.54,,,,,,,,,,,,,36.81,33.2,40.99,,,,,,,,,,,,,8.72,5.88,11.59,,,,,,,,,,,,,,,,,,,,,,,,,7.55,4.92,10.46,,,,,,,,,,,,,18.37,15.57,21.53,,,,,,,,
2024-08-25,,,,,,,,,,,,,24.47,21.09,28.53,,,,,,,,,,,,,36.76,33.11,40.89,,,,,,,,,,,,,8.75,5.92,11.65,,,,,,,,,,,,,,,,,,,,,,,,,7.55,4.92,10.39,,,,,,,,,,,,,18.39,15.57,21.53,,,,,,,,
2024-08-26,,,,,,,,,,,,,24.53,21.16,28.49,,,,,,,,,,,,,36.71,33.11,40.71,,,,,,,,,,,,,8.78,5.95,11.65,,,,,,,,,,,,,,,,,,,,,,,,,7.55,4.94,10.32,,,,,,,,,,,,,18.41,15.57,21.54,,,,,,,,
2024-08-27,,,,,,,,,,,,,24.58,21.22,28.47,,,,,,,,,,,,,36.67,33.07,40.58,,,,,,,,,,,,,8.81,6.0,11.64,,,,,,,,,,,,,,,,,,,,,,,,,7.55,4.95,10.24,,,,,,,,,,,,,18.43,15.57,21.54,,,,,,,,
2024-08-28,,,,,,,,,,,,,24.63,21.35,28.46,,,,,,,,,,,,,36.62,33.03,40.47,,,,,,,,,,,,,8.84,6.05,11.63,,,,,,,,,,,,,,,,,,,,,,,,,7.55,5.07,10.16,,,,,,,,,,,,,18.44,15.64,21.51,,,,,,,,
2024-08-29,,,,,,,,,,,,,24.68,21.43,28.46,,,,,,,,,,,,,36.58,33.04,40.41,,,,,,,,,,,,,8.88,6.1,11.63,,,,,,,,,,,,,,,,,,,,,,,,,7.55,5.12,10.08,,,,,,,,,,,,,18.46,15.61,21.45,,,,,,,,
2024-08-30,,,,,,,,,,,,,24.73,21.52,28.44,,,,,,,,,,,,,36.54,32.98,40.28,,,,,,,,,,,,,8.91,6.14,11.62,,,,,,,,,,,,,,,,,,,,,,,,,7.55,5.13,10.1,,,,,,,,,,,,,18.47,15.58,21.38,,,,,,,,
2024-08-31,,,,,,,,,,,,,24.78,21.61,28.42,,,,,,,,,,,,,36.5,32.96,40.15,,,,,,,,,,,,,8.94,6.19,11.61,,,,,,,,,,,,,,,,,,,,,,,,,7.55,5.11,10.18,,,,,,,,,,,,,18.48,15.58,21.37,,,,,,,,
2024-09-01,,,,,,,,,,,,,24.82,21.69,28.36,,,,,,,,,,,,,36.47,32.97,40.02,,,,,,,,,,,,,8.97,6.23,11.6,,,,,,,,,,,,,,,,,,,,,,,,,7.55,5.09,10.19,,,,,,,,,,,,,18.49,15.59,21.37,,,,,,,,
2024-09-02,,,,,,,,,,,,,24.87,21.81,28.27,,,,,,,,,,,,,36.44,32.94,39.91,,,,,,,,,,,,,9.0,6.27,11.59,,,,,,,,,,,,,,,,,,,,,,,,,7.55,5.13,10.17,,,,,,,,,,,,,18.5,15.59,21.38,,,,,,,,
2024-09-03,,,,,,,,,,,,,24.91,21.91,28.18,,,,,,,,,,,,,36.4,32.94,39.83,,,,,,,,,,,,,9.03,6.31,11.58,,,,,,,,,,,,,,,,,,,,,,,,,7.55,5.12,10.18,,,,,,,,,,,,,18.51,15.61,21.38,,,,,,,,
2024-09-04,,,,,,,,,,,,,24.96,21.98,28.09,,,,,,,,,,,,,36.37,32.94,39.78,,,,,,,,,,,,,9.07,6.34,11.57,,,,,,,,,,,,,,,,,,,,,,,,,7.55,5.14,10.17,,,,,,,,,,,,,18.51,15.62,21.37,,,,,,,,
2024-09-05,,,,,,,,,,,,,25.0,22.03,28.0,,,,,,,,,,,,,36.34,32.95,39.73,,,,,,,,,,,,,9.1,6.37,11.56,,,,,,,,,,,,,,,,,,,,,,,,,7.55,5.13,10.11,,,,,,,,,,,,,18.52,15.64,21.38,,,,,,,,
2024-09-06,,,,,,,,,,,,,25.04,22.1,28.0,,,,,,,,,,,,,36.32,32.96,39.68,,,,,,,,,,,,,9.13,6.41,11.55,,,,,,,,,,,,,,,,,,,,,,,,,7.55,5.12,10.0,,,,,,,,,,,,,18.52,15.66,21.42,,,,,,,,
2024-09-07,,,,,,,,,,,,,25.07,22.21,28.06,,,,,,,,,,,,,36.29,32.95,39.66,,,,,,,,,,,,,9.16,6.47,11.58,,,,,,,,,,,,,,,,,,,,,,,,,7.55,5.13,9.96,,,,,,,,,,,,,18.53,15.69,21.42,,,,,,,,
2024-09-08,,,,,,,,,,,,,25.11,22.31,28.11,,,,,,,,,,,,,36.27,32.92,39.64,,,,,,,,,,,,,9.19,6.51,11.63,,,,,,,,,,,,,,,,,,,,,,,,,7.55,5.13,9.95,,,,,,,,,,,,,18.53,15.71,21.4,,,,,,,,
2024-09-09,,,,,,,,,,,,,25.15,22.42,28.15,,,,,,,,,,,,,36.25,32.93,39.62,,,,,,,,,,,,,9.21,6.55,11.67,,,,,,,,,,,,,,,,,,,,,,,,,7.55,5.14,9.93,,,,,,,,,,,,,18.53,15.74,21.38,,,,,,,,
2024-09-10,,,,,,,,,,,,,25.18,22.51,28.11,,,,,,,,,,,,,36.23,32.94,39.6,,,,,,,,,,,,,9.24,6.59,11.71,,,,,,,,,,,,,,,,,,,,,,,,,7.55,5.14,9.88,,,,,,,,,,,,,18.53,15.77,21.35,,,,,,,,
2024-09-11,,,,,,,,,,,,,25.22,22.57,28.15,,,,,,,,,,,,,36.21,32.95,39.58,,,,,,,,,,,,,9.27,6.63,11.75,,,,,,,,,,,,,,,,,,,,,,,,,7.55,5.14,9.8,,,,,,,,,,,,,18.53,15.81,21.31,,,,,,,,
2024-09-12,,,,,,,,,,,,,25.25,22.64,28.19,,,,,,,,,,,,,36.19,32.97,39.57,,,,,,,,,,,,,9.3,6.65,11.77,,,,,,,,,,,,,,,,,,,,,,,,,7.55,5.15,9.8,,,,,,,,,,,,,18.53,15.86,21.32,27.0,34.7,9.7,,8.0,,,15.7
2024-09-13,,,,,,,,,,,,,25.29,22.69,28.23,,,,,,,,,,,,,36.17,32.92,39.55,,,,,,,,,,,,,9.32,6.67,11.82,,,,,,,,,,,,,,,,,,,,,,,,,7.54,5.16,9.83,,,,,,,,,,,,,18.52,15.88,21.3,,,,,,,,
2024-09-14,,,,,,,,,,,,,25.32,22.74,28.28,,,,,,,,,,,,,36.15,32.86,39.54,,,,,,,,,,,,,9.35,6.68,11.86,,,,,,,,,,,,,,,,,,,,,,,,,7.54,5.17,9.85,,,,,,,,,,,,,18.52,15.92,21.28,,,,,,,,
2024-09-15,,,,,,,,,,,,,25.35,22.79,28.32,,,,,,,,,,,,,36.14,32.8,39.52,,,,,,,,,,,,,9.37,6.69,11.86,,,,,,,,,,,,,,,,,,,,,,,,,7.54,5.18,9.84,,,,,,,,,,,,,18.52,15.93,21.27,,,,,,,,
2024-09-16,,,,,,,,,,,,,25.38,22.82,28.32,,,,,,,,,,,,,36.13,32.76,39.51,,,,,,,,,,,,,9.4,6.7,11.91,,,,,,,,,,,,,,,,,,,,,,,,,7.54,5.19,9.82,,,,,,,,,,,,,18.51,15.93,21.26,,,,,,,,
2024-09-17,,,,,,,,,,,,,25.41,22.86,28.29,,,,,,,,,,,,,36.11,32.75,39.49,,,,,,,,,,,,,9.42,6.71,11.9,,,,,,,,,,,,,,,,,,,,,,,,,7.54,5.21,9.8,,,,,,,,,,,,,18.51,15.97,21.24,,,,,,,,
2024-09-18,,,,,,,,,,,,,25.43,22.9,28.25,,,,,,,,,,,,,36.1,32.72,39.48,,,,,,,,,,,,,9.44,6.73,11.92,,,,,,,,,,,,,,,,,,,,,,,,,7.54,5.2,9.83,,,,,,,,,,,,,18.5,16.01,21.24,,,,,,,,
2024-09-19,,,,,,,,,,,,,25.46,22.94,28.26,,,,,,,,,,,,,36.09,32.67,39.47,,,,,,,,,,,,,9.46,6.76,11.94,,,,,,,,,,,,,,,,,,,,,,,,,7.54,5.16,9.85,,,,,,,,,,,,,18.5,16.02,21.26,,,,,,,,
2024-09-20,,,,,,,,,,,,,25.48,22.97,28.27,,,,,,,,,,,,,36.08,32.64,39.45,,,,,,,,,,,,,9.48,6.8,11.95,,,,,,,,,,,,,,,,,,,,,,,,,7.54,5.14,9.86,,,,,,,,,,,,,18.5,15.93,21.29,,,,,,,,
2024-09-21,,,,,,,,,,,,,25.51,23.01,28.3,,,,,,,,,,,,,36.07,32.6,39.44,,,,,,,,,,,,,9.5,6.82,11.97,,,,,,,,,,,,,,,,,,,,,,,,,7.54,5.16,9.91,,,,,,,,,,,,,18.49,15.97,21.3,,,,,,,,
2024-09-22,,,,,,,,,,,,,25.53,23.07,28.32,,,,,,,,,,,,,36.07,32.58,39.43,,,,,,,,,,,,,9.52,6.86,11.97,,,,,,,,,,,,,,,,,,,,,,,,,7.54,5.18,9.97,,,,,,,,,,,,,18.49,16.03,21.28,,,,,,,,
2024-09-23,,,,,,,,,,,,,25.55,23.09,28.32,,,,,,,,,,,,,36.06,32.56,39.42,,,,,,,,,,,,,9.54,6.9,11.95,,,,,,,,,,,,,,,,,,,,,,,,,7.54,5.17,10.0,,,,,,,,,,,,,18.49,16.06,21.28,,,,,,,,
2024-09-24,,,,,,,,,,,,,25.57,23.11,28.3,,,,,,,,,,,,,36.05,32.61,39.41,,,,,,,,,,,,,9.55,6.94,11.98,,,,,,,,,,,,,,,,,,,,,,,,,7.54,5.14,10.0,,,,,,,,,,,,,18.49,16.05,21.29,,,,,,,,
2024-09-25,,,,,,,,,,,,,25.59,23.14,28.27,,,,,,,,,,,,,36.04,32.67,39.4,,,,,,,,,,,,,9.57,6.98,11.98,,,,,,,,,,,,,,,,,,,,,,,,,7.54,5.11,10.0,,,,,,,,,,,,,18.49,16.03,21.32,,,,,,,,
2024-09-26,,,,,,,,,,,,,25.61,23.18,28.25,,,,,,,,,,,,,36.04,32.66,39.3,,,,,,,,,,,,,9.58,7.01,12.0,,,,,,,,,,,,,,,,,,,,,,,,,7.54,5.08,10.0,,,,,,,,,,,,,18.49,16.06,21.3,,,,,,,,
2024-09-27,,,,,,,,,,,,,25.62,23.2,28.22,,,,,,,,,,,,,36.03,32.64,39.19,,,,,,,,,,,,,9.59,7.01,12.03,,,,,,,,,,,,,,,,,,,,,,,,,7.54,5.06,10.0,,,,,,,,,,,,,18.49,16.07,21.34,,,,,,,,
2024-09-28,,,,,,,,,,,,,25.64,23.22,28.25,,,,,,,,,,,,,36.02,32.65,39.08,,,,,,,,,,,,,9.6,7.03,12.08,,,,,,,,,,,,,,,,,,,,,,,,,7.54,5.03,9.99,,,,,,,,,,,,,18.49,16.08,21.3,,,,,,,,
2024-09-29,,,,,,,,,,,,,25.65,23.22,28.27,,,,,,,,,,,,,36.02,32.68,39.01,,,,,,,,,,,,,9.61,7.06,12.12,,,,,,,,,,,,,,,,,,,,,,,,,7.54,5.02,10.01,,,,,,,,,,,,,18.5,16.09,21.24,,,,,,,,
2024-09-30,,,,,,,,,,,,,25.66,23.26,28.29,,,,,,,,,,,,,36.01,32.7,38.98,,,,,,,,,,,,,9.62,7.1,12.15,,,,,,,,,,,,,,,,,,,,,,,,,7.53,5.0,10.04,,,,,,,,,,,,,18.5,16.11,21.22,,,,,,,,
2024-10-01,,,,,,,,,,,,,25.67,23.29,28.32,,,,,,,,,,,,,36.01,32.7,38.98,,,,,,,,,,,,,9.63,7.08,12.18,,,,,,,,,,,,,,,,,,,,,,,,,7.53,5.01,10.01,,,,,,,,,,,,,18.51,16.13,21.2,,,,,,,,
2024-10-02,,,,,,,,,,,,,25.68,23.29,28.33,,,,,,,,,,,,,36.0,32.69,39.0,,,,,,,,,,,,,9.64,7.07,12.2,,,,,,,,,,,,,,,,,,,,,,,,,7.53,5.04,9.99,,,,,,,,,,,,,18.52,16.16,21.18,,,,,,,,
2024-10-03,,,,,,,,,,,,,25.68,23.31,28.35,,,,,,,,,,,,,36.0,32.71,39.03,,,,,,,,,,,,,9.64,7.04,12.23,,,,,,,,,,,,,,,,,,,,,,,,,7.53,5.04,9.96,,,,,,,,,,,,,18.53,16.19,21.17,,,,,,,,
2024-10-04,,,,,,,,,,,,,25.69,23.32,28.36,,,,,,,,,,,,,35.99,32.74,39.04,,,,,,,,,,,,,9.65,7.03,12.23,,,,,,,,,,,,,,,,,,,,,,,,,7.53,5.03,9.93,,,,,,,,,,,,,18.54,16.19,21.18,,,,,,,,
2024-10-05,,,,,,,,,,,,,25.69,23.31,28.36,,,,,,,,,,,,,35.99,32.73,39.06,,,,,,,,,,,,,9.65,7.06,12.23,,,,,,,,,,,,,,,,,,,,,,,,,7.53,5.03,9.89,,,,,,,,,,,,,18.55,16.19,21.23,,,,,,,,
2024-10-06,,,,,,,,,,,,,25.69,23.34,28.38,,,,,,,,,,,,,35.99,32.71,39.0,,,,,,,,,,,,,9.65,7.09,12.23,,,,,,,,,,,,,,,,,,,,,,,,,7.53,5.04,9.86,,,,,,,,,,,,,18.57,16.19,21.29,,,,,,,,
2024-10-07,,,,,,,,,,,,,25.68,23.36,28.39,,,,,,,,,,,,,35.99,32.71,38.96,,,,,,,,,,,,,9.65,7.11,12.22,,,,,,,,,,,,,,,,,,,,,,,,,7.53,5.04,9.85,,,,,,,,,,,,,18.58,16.19,21.3,26.2,34.8,9.5,,7.8,,,20.5
2024-10-08,,,,,,,,,,,,,25.68,23.35,28.4,,,,,,,,,,,,,35.99,32.72,38.91,,,,,,,,,,,,,9.65,7.14,12.22,,,,,,,,,,,,,,,,,,,,,,,,,7.53,5.09,9.86,,,,,,,,,,,,,18.6,16.2,21.29,,,,,,,,
2024-10-09,,,,,,,,,,,,,25.68,23.35,28.4,,,,,,,,,,,,,35.99,32.74,38.87,,,,,,,,,,,,,9.65,7.15,12.22,,,,,,,,,,,,,,,,,,,,,,,,,7.53,5.09,9.82,,,,,,,,,,,,,18.62,16.25,21.28,,,,,,,,
2024-10-10,,,,,,,,,,,,,25.67,23.34,28.38,,,,,,,,,,,,,35.99,32.75,38.86,,,,,,,,,,,,,9.65,7.16,12.22,,,,,,,,,,,,,,,,,,,,,,,,,7.53,5.09,9.8,,,,,,,,,,,,,18.64,16.32,21.27,,,,,,,,
2024-10-11,,,,,,,,,,,,,25.66,23.33,28.37,,,,,,,,,,,,,35.99,32.78,38.87,,,,,,,,,,,,,9.64,7.17,12.21,,,,,,,,,,,,,,,,,,,,,,,,,7.53,5.09,9.81,,,,,,,,,,,,,18.66,16.4,21.25,,,,,,,,
2024-10-12,,,,,,,,,,,,,25.65,23.36,28.36,,,,,,,,,,,,,36.0,32.79,38.87,,,,,,,,,,,,,9.64,7.18,12.2,,,,,,,,,,,,,,,,,,,,,,,,,7.53,5.09,9.82,,,,,,,,,,,,,18.68,16.43,21.24,,,,,,,,
2024-10-13,,,,,,,,,,,,,25.64,23.35,28.35,,,,,,,,,,,,,36.0,32.79,38.88,,,,,,,,,,,,,9.63,7.18,12.22,,,,,,,,,,,,,,,,,,,,,,,,,7.54,5.1,9.82,,,,,,,,,,,,,18.7,16.46,21.26,,,,,,,,
2024-10-14,,,,,,,,,,,,,25.62,23.33,28.34,,,,,,,,,,,,,36.0,32.78,38.88,,,,,,,,,,,,,9.63,7.2,12.22,,,,,,,,,,,,,,,,,,,,,,,,,7.54,5.11,9.83,,,,,,,,,,,,,18.73,16.49,21.23,25.0,39.0,8.0,,6.0,,,20.0
2024-10-15,,,,,,,,,,,,,25.61,23.31,28.36,,,,,,,,,,,,,36.01,32.78,38.89,,,,,,,,,,,,,9.62,7.22,12.18,,,,,,,,,,,,,,,,,,,,,,,,,7.54,5.13,9.81,,,,,,,,,,,,,18.76,16.5,21.27,,,,,,,,
2024-10-16,,,,,,,,,,,,,25.59,23.3,28.32,,,,,,,,,,,,,36.02,32.78,38.88,,,,,,,,,,,,,9.61,7.24,12.19,,,,,,,,,,,,,,,,,,,,,,,,,7.54,5.14,9.76,,,,,,,,,,,,,18.78,16.52,21.32,,,,,,,,
2024-10-17,,,,,,,,,,,,,25.58,23.28,28.3,,,,,,,,,,,,,36.02,32.78,38.88,,,,,,,,,,,,,9.6,7.24,12.19,,,,,,,,,,,,,,,,,,,,,,,,,7.54,5.1,9.7,,,,,,,,,,,,,18.81,16.53,21.34,,,,,,,,
2024-10-18,,,,,,,,,,,,,25.56,23.26,28.28,,,,,,,,,,,,,36.03,32.78,38.89,,,,,,,,,,,,,9.59,7.24,12.19,,,,,,,,,,,,,,,,,,,,,,,,,7.54,5.11,9.68,,,,,,,,,,,,,18.84,16.56,21.36,,,,,,,,
2024-10-19,,,,,,,,,,,,,25.54,23.24,28.26,,,,,,,,,,,,,36.04,32.78,38.89,,,,,,,,,,,,,9.58,7.23,12.17,,,,,,,,,,,,,,,,,,,,,,,,,7.54,5.08,9.69,,,,,,,,,,,,,18.87,16.6,21.38,,,,,,,,
2024-10-20,,,,,,,,,,,,,25.52,23.22,28.24,,,,,,,,,,,,,36.05,32.79,38.91,,,,,,,,,,,,,9.57,7.23,12.17,,,,,,,,,,,,,,,,,,,,,,,,,7.54,5.05,9.69,,,,,,,,,,,,,18.91,16.67,21.41,,,,,,,,
2024-10-21,,,,,,,,,,,,,25.5,23.2,28.22,,,,,,,,,,,,,36.06,32.82,38.91,,,,,,,,,,,,,9.56,7.22,12.16,,,,,,,,,,,,,,,,,,,,,,,,,7.55,5.02,9.65,,,,,,,,,,,,,18.94,16.69,21.48,,,,,,,,
2024-10-22,,,,,,,,,,,,,25.48,23.17,28.21,,,,,,,,,,,,,36.07,32.86,38.91,,,,,,,,,,,,,9.54,7.21,12.14,,,,,,,,,,,,,,,,,,,,,,,,,7.55,5.02,9.64,,,,,,,,,,,,,18.97,16.69,21.56,,,,,,,,
2024-10-23,,,,,,,,,,,,,25.46,23.16,28.18,,,,,,,,,,,,,36.08,32.9,38.91,,,,,,,,,,,,,9.53,7.2,12.13,,,,,,,,,,,,,,,,,,,,,,,,,7.55,5.04,9.67,,,,,,,,,,,,,19.01,16.73,21.59,,,,,,,,
2024-10-24,,,,,,,,,,,,,25.44,23.12,28.13,,,,,,,,,,,,,36.09,32.93,38.91,,,,,,,,,,,,,9.52,7.2,12.13,,,,,,,,,,,,,,,,,,,,,,,,,7.55,5.06,9.71,,,,,,,,,,,,,19.04,16.75,21.67,,,,,,,,
2024-10-25,,,,,,,,,,,,,25.41,23.08,28.08,,,,,,,,,,,,,36.1,32.96,38.92,,,,,,,,,,,,,9.5,7.19,12.13,,,,,,,,,,,,,,,,,,,,,,,,,7.55,5.08,9.75,,,,,,,,,,,,,19.08,16.77,21.75,,,,,,,,
2024-10-26,,,,,,,,,,,,,25.39,23.02,28.04,,,,,,,,,,,,,36.12,32.95,38.92,,,,,,,,,,,,,9.49,7.18,12.13,,,,,,,,,,,,,,,,,,,,,,,,,7.55,5.11,9.8,,,,,,,,,,,,,19.11,16.79,21.83,,,,,,,,
2024-10-27,,,,,,,,,,,,,25.37,23.01,27.99,,,,,,,,,,,,,36.13,32.92,38.93,,,,,,,,,,,,,9.48,7.18,12.12,,,,,,,,,,,,,,,,,,,,,,,,,7.55,5.13,9.84,,,,,,,,,,,,,19.15,16.83,21.91,,,,,,,,
2024-10-28,,,,,,,,,,,,,25.34,23.01,27.93,,,,,,,,,,,,,36.15,32.91,38.94,,,,,,,,,,,,,9.46,7.17,12.11,,,,,,,,,,,,,,,,,,,,,,,,,7.55,5.16,9.83,,,,,,,,,,,,,19.19,16.87,21.92,,,,,,,,
2024-10-29,,,,,,,,,,,,,25.31,22.95,27.87,,,,,,,,,,,,,36.16,32.9,38.94,,,,,,,,,,,,,9.45,7.17,12.1,,,,,,,,,,,,,,,,,,,,,,,,,7.56,5.16,9.83,,,,,,,,,,,,,19.23,16.94,21.89,,,,,,,,
2024-10-30,,,,,,,,,,,,,25.28,22.89,27.81,,,,,,,,,,,,,36.18,32.98,38.94,,,,,,,,,,,,,9.43,7.16,12.09,,,,,,,,,,,,,,,,,,,,,,,,,7.56,5.16,9.84,,,,,,,,,,,,,19.27,16.98,21.86,,,,,,,,
2024-10-31,,,,,,,,,,,,,25.25,22.84,27.75,,,,,,,,,,,,,36.2,33.07,38.95,,,,,,,,,,,,,9.42,7.16,12.08,,,,,,,,,,,,,,,,,,,,,,,,,7.56,5.16,9.87,,,,,,,,,,,,,19.31,17.0,21.82,,,,,,,,
2024-11-01,,,,,,,,,,,,,25.22,22.81,27.68,,,,,,,,,,,,,36.21,33.05,38.95,,,,,,,,,,,,,9.41,7.17,12.06,,,,,,,,,,,,,,,,,,,,,,,,,7.56,5.16,9.9,,,,,,,,,,,,,19.35,17.02,21.78,24.0,37.0,11.3,,7.3,,,17.3
2024-11-02,,,,,,,,,,,,,25.18,22.78,27.62,,,,,,,,,,,,,36.23,33.03,38.95,,,,,,,,,,,,,9.39,7.19,12.05,,,,,,,,,,,,,,,,,,,,,,,,,7.56,5.17,9.88,,,,,,,,,,,,,19.4,17.03,21.79,,,,,,,,
2024-11-03,,,,,,,,,,,,,25.15,22.76,27.57,,,,,,,,,,,,,36.25,33.07,38.95,,,,,,,,,,,,,9.38,7.16,12.03,,,,,,,,,,,,,,,,,,,,,,,,,7.56,5.18,9.87,,,,,,,,,,,,,19.44,17.05,21.83,,,,,,,,
2024-11-04,,,,,,,,,,,,,25.11,22.73,27.53,,,,,,,,,,,,,36.26,33.11,38.94,,,,,,,,,,,,,9.37,7.15,11.98,,,,,,,,,,,,,,,,,,,,,,,,,7.56,5.19,9.91,,,,,,,,,,,,,19.49,17.09,21.88,26.0,39.0,8.0,,7.0,,,19.0
2024-11-05,,,,,,,,,,,,,25.06,22.66,27.49,,,,,,,,,,,,,36.28,33.16,38.96,,,,,,,,,,,,,9.36,7.11,11.97,,,,,,,,,,,,,,,,,,,,,,,,,7.57,5.21,9.95,,,,,,,,,,,,,19.54,17.15,21.92,,,,,,,,
2024-11-06,,,,,,,,,,,,,25.02,22.61,27.47,,,,,,,,,,,,,36.3,33.21,38.96,,,,,,,,,,,,,9.35,7.08,11.97,,,,,,,,,,,,,,,,,,,,,,,,,7.57,5.19,9.99,,,,,,,,,,,,,19.59,17.18,21.96,,,,,,,,
2024-11-07,,,,,,,,,,,,,24.97,22.54,27.47,,,,,,,,,,,,,36.31,33.27,38.92,,,,,,,,,,,,,9.34,7.05,11.94,,,,,,,,,,,,,,,,,,,,,,,,,7.57,5.18,10.03,,,,,,,,,,,,,19.65,17.22,22.0,,,,,,,,
2024-11-08,,,,,,,,,,,,,24.92,22.53,27.46,,,,,,,,,,,,,36.33,33.27,38.96,,,,,,,,,,,,,9.33,7.03,11.92,,,,,,,,,,,,,,,,,,,,,,,,,7.58,5.18,10.03,,,,,,,,,,,,,19.7,17.27,22.06,,,,,,,,
2024-11-09,,,,,,,,,,,,,24.86,22.5,27.37,,,,,,,,,,,,,36.34,33.26,39.02,,,,,,,,,,,,,9.32,7.0,11.9,,,,,,,,,,,,,,,,,,,,,,,,,7.58,5.18,10.02,,,,,,,,,,,,,19.76,17.34,22.13,,,,,,,,
2024-11-10,,,,,,,,,,,,,24.81,22.44,27.26,,,,,,,,,,,,,36.35,33.28,39.05,,,,,,,,,,,,,9.31,6.98,11.89,,,,,,,,,,,,,,,,,,,,,,,,,7.59,5.22,10.05,,,,,,,,,,,,,19.83,17.4,22.21,,,,,,,,
2024-11-11,,,,,,,,,,,,,24.74,22.48,27.19,,,,,,,,,,,,,36.36,33.33,39.06,,,,,,,,,,,,,9.31,6.97,11.88,,,,,,,,,,,,,,,,,,,,,,,,,7.59,5.25,10.02,,,,,,,,,,,,,19.89,17.51,22.23,,,,,,,,
2024-11-12,,,,,,,,,,,,,24.68,22.51,27.16,,,,,,,,,,,,,36.37,33.39,39.08,,,,,,,,,,,,,9.3,6.95,11.88,,,,,,,,,,,,,,,,,,,,,,,,,7.6,5.28,10.0,,,,,,,,,,,,,19.96,17.66,22.31,,,,,,,,
2024-11-13,,,,,,,,,,,,,24.6,22.5,27.08,,,,,,,,,,,,,36.38,33.45,39.1,,,,,,,,,,,,,9.3,6.94,11.87,,,,,,,,,,,,,,,,,,,,,,,,,7.61,5.32,10.02,,,,,,,,,,,,,20.04,17.81,22.4,,,,,,,,
2024-11-14,,,,,,,,,,,,,24.53,22.46,27.01,,,,,,,,,,,,,36.38,33.59,39.11,,,,,,,,,,,,,9.29,6.91,11.86,,,,,,,,,,,,,,,,,,,,,,,,,7.62,5.37,10.03,,,,,,,,,,,,,20.12,17.86,22.49,,,,,,,,
2024-11-15,,,,,,,,,,,,,24.44,22.36,26.9,,,,,,,,,,,,,36.38,33.71,39.01,,,,,,,,,,,,,9.29,6.95,11.85,,,,,,,,,,,,,,,,,,,,,,,,,7.63,5.38,10.04,,,,,,,,,,,,,20.2,17.91,22.58,,,,,,,,
2024-11-16,,,,,,,,,,,,,24.35,22.26,26.79,,,,,,,,,,,,,36.38,33.78,38.91,,,,,,,,,,,,,9.29,6.96,11.82,,,,,,,,,,,,,,,,,,,,,,,,,7.64,5.4,10.06,,,,,,,,,,,,,20.3,17.96,22.66,,,,,,,,
2024-11-17,,,,,,,,,,,,,24.26,22.16,26.68,,,,,,,,,,,,,36.37,33.76,38.87,,,,,,,,,,,,,9.29,6.97,11.8,,,,,,,,,,,,,,,,,,,,,,,,,7.66,5.42,10.07,,,,,,,,,,,,,20.39,18.06,22.76,,,,,,,,
2024-11-18,,,,,,,,,,,,,24.16,22.05,26.55,,,,,,,,,,,,,36.36,33.78,38.82,,,,,,,,,,,,,9.3,6.99,11.79,,,,,,,,,,,,,,,,,,,,,,,,,7.67,5.49,10.07,,,,,,,,,,,,,20.5,18.19,22.92,26.0,36.0,10.0,,8.0,,,19.0
2024-11-19,,,,,,,,,,,,,24.05,21.93,26.37,,,,,,,,,,,,,36.34,33.86,38.77,,,,,,,,,,,,,9.3,6.99,11.77,,,,,,,,,,,,,,,,,,,,,,,,,7.69,5.54,10.08,,,,,,,,,,,,,20.61,18.33,23.06,,,,,,,,
2024-11-20,,,,,,,,,,,,,23.94,21.59,26.21,,,,,,,,,,,,,36.32,33.88,38.77,,,,,,,,,,,,,9.3,6.98,11.78,,,,,,,,,,,,,,,,,,,,,,,,,7.71,5.53,10.11,,,,,,,,,,,,,20.73,18.47,23.14,,,,,,,,
2024-11-21,,,,,,,,,,,,,23.82,21.55,26.04,,,,,,,,,,,,,36.29,33.81,38.67,,,,,,,,,,,,,9.31,6.98,11.75,,,,,,,,,,,,,,,,,,,,,,,,,7.73,5.51,10.13,,,,,,,,,,,,,20.85,18.63,23.23,,,,,,,,
2024-11-22,,,,,,,,,,,,,23.7,21.5,25.9,,,,,,,,,,,,,36.26,33.82,38.57,,,,,,,,,,,,,9.31,6.97,11.75,,,,,,,,,,,,,,,,,,,,,,,,,7.75,5.55,10.12,,,,,,,,,,,,,20.98,18.79,23.32,,,,,,,,
2024-11-23,,,,,,,,,,,,,23.57,21.37,25.77,,,,,,,,,,,,,36.22,33.83,38.48,,,,,,,,,,,,,9.32,7.04,11.69,,,,,,,,,,,,,,,,,,,,,,,,,7.77,5.56,10.13,,,,,,,,,,,,,21.11,18.95,23.41,,,,,,,,
2024-11-24,,,,,,,,,,,,,23.44,21.18,25.63,,,,,,,,,,,,,36.18,33.85,38.42,,,,,,,,,,,,,9.33,7.09,11.65,,,,,,,,,,,,,,,,,,,,,,,,,7.8,5.56,10.09,,,,,,,,,,,,,21.25,19.1,23.52,,,,,,,,
2024-11-25,,,,,,,,,,,,,23.3,21.05,25.48,,,,,,,,,,,,,36.14,33.8,38.38,,,,,,,,,,,,,9.34,7.12,11.65,,,,,,,,,,,,,,,,,,,,,,,,,7.82,5.59,10.07,,,,,,,,,,,,,21.39,19.28,23.71,,,,,,,,
2024-11-26,,,,,,,,,,,,,23.15,20.97,25.43,,,,,,,,,,,,,36.09,33.54,38.32,,,,,,,,,,,,,9.34,7.12,11.64,,,,,,,,,,,,,,,,,,,,,,,,,7.85,5.62,10.06,,,,,,,,,,,,,21.53,19.46,23.84,,,,,,,,
2024-11-27,,,,,,,,,,,,,23.01,20.85,25.33,,,,,,,,,,,,,36.04,33.35,38.24,,,,,,,,,,,,,9.35,7.11,11.69,,,,,,,,,,,,,,,,,,,,,,,,,7.88,5.66,10.04,,,,,,,,,,,,,21.68,19.65,23.88,,,,,,,,
2024-11-28,,,,,,,,,,,,,22.86,20.68,25.12,,,,,,,,,,,,,35.98,33.31,38.1,,,,,,,,,,,,,9.36,7.11,11.66,,,,,,,,,,,,,,,,,,,,,,,,,7.91,5.7,10.03,,,,,,,,,,,,,21.83,19.83,24.01,26.0,37.0,8.0,,7.0,,,20.0
2024-11-29,,,,,,,,,,,,,22.7,20.52,24.89,,,,,,,,,,,,,35.92,33.28,37.96,,,,,,,,,,,,,9.37,7.1,11.59,,,,,,,,,,,,,,,,,,,,,,,,,7.93,5.74,10.0,,,,,,,,,,,,,21.98,19.94,24.14,,,,,,,,
2024-11-30,,,,,,,,,,,,,22.55,20.34,24.8,,,,,,,,,,,,,35.86,33.24,37.92,,,,,,,,,,,,,9.37,7.15,11.57,,,,,,,,,,,,,,,,,,,,,,,,,7.96,5.79,9.97,,,,,,,,,,,,,22.13,20.0,24.34,,,,,,,,
2024-12-01,,,,,,,,,,,,,22.39,20.16,24.68,,,,,,,,,,,,,35.79,33.22,37.81,,,,,,,,,,,,,9.38,7.22,11.49,,,,,,,,,,,,,,,,,,,,,,,,,7.99,5.86,9.98,,,,,,,,,,,,,22.29,20.16,24.53,,,,,,,,
2024-12-02,,,,,,,,,,,,,22.23,19.98,24.57,,,,,,,,,,,,,35.73,33.18,37.76,,,,,,,,,,,,,9.39,7.29,11.41,,,,,,,,,,,,,,,,,,,,,,,,,8.02,5.96,10.01,,,,,,,,,,,,,22.44,20.33,24.71,,,,,,,,
2024-12-03,,,,,,,,,,,,,22.08,19.82,24.41,,,,,,,,,,,,,35.66,33.16,37.74,,,,,,,,,,,,,9.39,7.37,11.42,,,,,,,,,,,,,,,,,,,,,,,,,8.05,6.03,10.04,,,,,,,,,,,,,22.6,20.54,24.86,,,,,,,,
2024-12-04,,,,,,,,,,,,,21.92,19.59,24.22,,,,,,,,,,,,,35.58,33.08,37.63,,,,,,,,,,,,,9.4,7.43,11.35,,,,,,,,,,,,,,,,,,,,,,,,,8.08,6.03,10.07,,,,,,,,,,,,,22.76,20.73,25.03,,,,,,,,
2024-12-05,,,,,,,,,,,,,21.76,19.44,24.04,,,,,,,,,,,,,35.51,33.08,37.49,,,,,,,,,,,,,9.41,7.46,11.39,,,,,,,,,,,,,,,,,,,,,,,,,8.11,6.09,10.09,,,,,,,,,,,,,22.92,20.93,25.18,,,,,,,,
2024-12-06,,,,,,,,,,,,,21.6,19.34,23.84,,,,,,,,,,,,,35.43,33.1,37.38,,,,,,,,,,,,,9.41,7.51,11.37,,,,,,,,,,,,,,,,,,,,,,,,,8.14,6.21,10.12,,,,,,,,,,,,,23.08,21.13,25.31,22.0,33.0,8.0,,9.0,,,24.0
2024-12-07,,,,,,,,,,,,,21.44,19.14,23.68,,,,,,,,,,,,,35.36,33.1,37.27,,,,,,,,,,,,,9.42,7.55,11.4,,,,,,,,,,,,,,,,,,,,,,,,,8.16,6.34,10.14,,,,,,,,,,,,,23.23,21.26,25.44,,,,,,,,
2024-12-08,,,,,,,,,,,,,21.29,18.98,23.48,,,,,,,,,,,,,35.28,33.08,37.19,,,,,,,,,,,,,9.42,7.56,11.39,,,,,,,,,,,,,,,,,,,,,,,,,8.19,6.43,10.15,,,,,,,,,,,,,23.39,21.38,25.64,,,,,,,,
2024-12-09,,,,,,,,,,,,,21.14,18.85,23.34,,,,,,,,,,,,,35.2,33.03,37.11,,,,,,,,,,,,,9.43,7.55,11.47,,,,,,,,,,,,,,,,,,,,,,,,,8.22,6.42,10.17,,,,,,,,,,,,,23.54,21.55,25.76,,,,,,,,
2024-12-10,,,,,,,,,,,,,20.99,18.66,23.2,,,,,,,,,,,,,35.12,32.93,37.06,,,,,,,,,,,,,9.43,7.54,11.42,,,,,,,,,,,,,,,,,,,,,,,,,8.24,6.42,10.19,,,,,,,,,,,,,23.7,21.59,25.94,,,,,,,,
2024-12-11,,,,,,,,,,,,,20.84,18.47,23.06,,,,,,,,,,,,,35.04,32.85,37.02,,,,,,,,,,,,,9.44,7.57,11.45,,,,,,,,,,,,,,,,,,,,,,,,,8.27,6.42,10.21,,,,,,,,,,,,,23.85,21.69,26.09,,,,,,,,
2024-12-12,,,,,,,,,,,,,20.7,18.37,22.92,,,,,,,,,,,,,34.96,32.76,36.98,,,,,,,,,,,,,9.44,7.53,11.39,,,,,,,,,,,,,,,,,,,,,,,,,8.3,6.42,10.23,,,,,,,,,,,,,24.0,21.7,26.29,,,,,,,,
2024-12-13,,,,,,,,,,,,,20.56,18.31,22.76,,,,,,,,,,,,,34.87,32.68,36.94,,,,,,,,,,,,,9.44,7.53,11.33,,,,,,,,,,,,,,,,,,,,,,,,,8.32,6.42,10.25,,,,,,,,,,,,,24.15,21.81,26.44,,,,,,,,
2024-12-14,,,,,,,,,,,,,20.43,18.25,22.56,,,,,,,,,,,,,34.79,32.61,36.84,,,,,,,,,,,,,9.45,7.51,11.27,,,,,,,,,,,,,,,,,,,,,,,,,8.34,6.45,10.27,,,,,,,,,,,,,24.29,21.96,26.53,,,,,,,,
2024-12-15,,,,,,,,,,,,,20.3,18.09,22.37,,,,,,,,,,,,,34.71,32.56,36.75,,,,,,,,,,,,,9.45,7.53,11.28,,,,,,,,,,,,,,,,,,,,,,,,,8.37,6.45,10.27,,,,,,,,,,,,,24.44,22.07,26.61,,,,,,,,
2024-12-16,,,,,,,,,,,,,20.17,17.96,22.2,,,,,,,,,,,,,34.63,32.5,36.64,,,,,,,,,,,,,9.45,7.59,11.22,,,,,,,,,,,,,,,,,,,,,,,,,8.39,6.45,10.24,,,,,,,,,,,,,24.58,22.12,26.69,,,,,,,,
2024-12-17,,,,,,,,,,,,,20.05,17.85,22.11,,,,,,,,,,,,,34.55,32.45,36.44,,,,,,,,,,,,,9.45,7.58,11.15,,,,,,,,,,,,,,,,,,,,,,,,,8.41,6.46,10.22,,,,,,,,,,,,,24.71,22.17,26.82,,,,,,,,
2024-12-18,,,,,,,,,,,,,19.93,17.8,21.99,,,,,,,,,,,,,34.47,32.39,36.29,,,,,,,,,,,,,9.45,7.57,11.15,,,,,,,,,,,,,,,,,,,,,,,,,8.44,6.47,10.25,,,,,,,,,,,,,24.84,22.36,26.95,,,,,,,,
2024-12-19,,,,,,,,,,,,,19.82,17.68,21.91,,,,,,,,,,,,,34.4,32.33,36.22,,,,,,,,,,,,,9.45,7.62,11.15,,,,,,,,,,,,,,,,,,,,,,,,,8.46,6.49,10.31,,,,,,,,,,,,,24.97,22.49,27.05,,,,,,,,
2024-12-20,,,,,,,,,,,,,19.72,17.56,21.74,,,,,,,,,,,,,34.32,32.26,36.15,,,,,,,,,,,,,9.46,7.73,11.15,,,,,,,,,,,,,,,,,,,,,,,,,8.48,6.51,10.36,,,,,,,,,,,,,25.1,22.57,27.13,,,,,,,,
2024-12-21,,,,,,,,,,,,,19.61,17.46,21.59,,,,,,,,,,,,,34.25,32.2,36.09,,,,,,,,,,,,,9.46,7.72,11.14,,,,,,,,,,,,,,,,,,,,,,,,,8.5,6.55,10.38,,,,,,,,,,,,,25.22,22.62,27.29,,,,,,,,
2024-12-22,,,,,,,,,,,,,19.51,17.39,21.46,,,,,,,,,,,,,34.18,32.17,35.99,,,,,,,,,,,,,9.46,7.7,11.13,,,,,,,,,,,,,,,,,,,,,,,,,8.52,6.57,10.39,,,,,,,,,,,,,25.34,22.67,27.41,,,,,,,,
2024-12-23,,,,,,,,,,,,,19.42,17.33,21.32,,,,,,,,,,,,,34.1,32.11,35.88,,,,,,,,,,,,,9.46,7.69,11.11,,,,,,,,,,,,,,,,,,,,,,,,,8.54,6.59,10.4,,,,,,,,,,,,,25.45,22.72,27.51,23.0,38.0,5.0,,9.0,,,24.0
2024-12-24,,,,,,,,,,,,,19.33,17.27,21.19,,,,,,,,,,,,,34.04,32.07,35.77,,,,,,,,,,,,,9.46,7.67,11.09,,,,,,,,,,,,,,,,,,,,,,,,,8.56,6.62,10.41,,,,,,,,,,,,,25.56,22.77,27.6,,,,,,,,
2024-12-25,,,,,,,,,,,,,19.24,17.22,21.07,,,,,,,,,,,,,33.97,32.09,35.66,,,,,,,,,,,,,9.46,7.65,10.99,,,,,,,,,,,,,,,,,,,,,,,,,8.58,6.64,10.42,,,,,,,,,,,,,25.67,22.82,27.69,,,,,,,,
2024-12-26,,,,,,,,,,,,,19.16,17.12,20.97,,,,,,,,,,,,,33.9,32.05,35.56,,,,,,,,,,,,,9.45,7.63,10.99,,,,,,,,,,,,,,,,,,,,,,,,,8.6,6.67,10.43,,,,,,,,,,,,,25.78,22.87,27.82,,,,,,,,
2024-12-27,,,,,,,,,,,,,19.08,17.01,20.88,,,,,,,,,,,,,33.84,31.97,35.45,,,,,,,,,,,,,9.45,7.62,11.02,,,,,,,,,,,,,,,,,,,,,,,,,8.62,6.67,10.45,,,,,,,,,,,,,25.88,22.92,27.97,,,,,,,,
2024-12-28,,,,,,,,,,,,,19.0,16.95,20.76,,,,,,,,,,,,,33.78,31.89,35.35,,,,,,,,,,,,,9.45,7.62,11.05,,,,,,,,,,,,,,,,,,,,,,,,,8.63,6.68,10.46,,,,,,,,,,,,,25.98,22.97,28.1,,,,,,,,
2024-12-29,,,,,,,,,,,,,18.93,16.91,20.64,,,,,,,,,,,,,33.72,31.81,35.26,,,,,,,,,,,,,9.45,7.63,11.05,,,,,,,,,,,,,,,,,,,,,,,,,8.65,6.72,10.47,,,,,,,,,,,,,26.07,23.03,28.23,,,,,,,,
2024-12-30,,,,,,,,,,,,,18.85,16.87,20.55,,,,,,,,,,,,,33.66,31.74,35.25,,,,,,,,,,,,,9.45,7.65,11.04,,,,,,,,,,,,,,,,,,,,,,,,,8.67,6.74,10.49,,,,,,,,,,,,,26.16,23.18,28.3,21.0,40.0,8.0,,7.0,,,22.0
2024-12-31,,,,,,,,,,,,,18.78,16.79,20.5,,,,,,,,,,,,,33.6,31.7,35.23,,,,,,,,,,,,,9.45,7.67,11.03,,,,,,,,,,,,,,,,,,,,,,,,,8.69,6.77,10.52,,,,,,,,,,,,,26.25,23.33,28.37,,,,,,,,
2025-01-01,,,,,,,,,,,,,18.72,16.71,20.4,,,,,,,,,,,,,33.55,31.65,35.22,,,,,,,,,,,,,9.45,7.69,11.02,,,,,,,,,,,,,,,,,,,,,,,,,8.71,6.8,10.52,,,,,,,,,,,,,26.34,23.46,28.43,,,,,,,,
2025-01-02,,,,,,,,,,,,,18.65,16.63,20.31,,,,,,,,,,,,,33.49,31.6,35.18,,,,,,,,,,,,,9.45,7.69,11.01,,,,,,,,,,,,,,,,,,,,,,,,,8.72,6.83,10.52,,,,,,,,,,,,,26.42,23.57,28.49,,,,,,,,
2025-01-03,,,,,,,,,,,,,18.59,16.55,20.21,,,,,,,,,,,,,33.44,31.55,35.11,,,,,,,,,,,,,9.46,7.71,11.0,,,,,,,,,,,,,,,,,,,,,,,,,8.74,6.85,10.51,,,,,,,,,,,,,26.5,23.61,28.56,,,,,,,,
2025-01-04,,,,,,,,,,,,,18.53,16.5,20.16,,,,,,,,,,,,,33.39,31.51,35.06,,,,,,,,,,,,,9.46,7.72,11.02,,,,,,,,,,,,,,,,,,,,,,,,,8.76,6.87,10.51,,,,,,,,,,,,,26.58,23.7,28.65,,,,,,,,
2025-01-05,,,,,,,,,,,,,18.47,16.46,20.12,,,,,,,,,,,,,33.34,31.45,34.99,,,,,,,,,,,,,9.46,7.74,11.02,,,,,,,,,,,,,,,,,,,,,,,,,8.77,6.89,10.5,,,,,,,,,,,,,26.65,23.8,28.73,,,,,,,,
2025-01-06,,,,,,,,,,,,,18.42,16.43,20.06,,,,,,,,,,,,,33.29,31.37,34.93,,,,,,,,,,,,,9.46,7.76,10.99,,,,,,,,,,,,,,,,,,,,,,,,,8.79,6.91,10.49,,,,,,,,,,,,,26.72,23.86,28.83,,,,,,,,
2025-01-07,,,,,,,,,,,,,18.36,16.4,19.96,,,,,,,,,,,,,33.24,31.29,34.87,,,,,,,,,,,,,9.46,7.78,10.98,,,,,,,,,,,,,,,,,,,,,,,,,8.8,6.98,10.51,,,,,,,,,,,,,26.79,23.87,28.86,,,,,,,,
2025-01-08,,,,,,,,,,,,,18.31,16.38,19.89,,,,,,,,,,,,,33.2,31.21,34.81,,,,,,,,,,,,,9.47,7.8,10.98,,,,,,,,,,,,,,,,,,,,,,,,,8.82,7.04,10.51,,,,,,,,,,,,,26.85,23.93,28.9,,,,,,,,
2025-01-09,,,,,,,,,,,,,18.27,16.35,19.82,,,,,,,,,,,,,33.16,31.18,34.77,,,,,,,,,,,,,9.47,7.81,10.98,,,,,,,,,,,,,,,,,,,,,,,,,8.84,7.07,10.51,,,,,,,,,,,,,26.91,24.06,28.95,,,,,,,,
2025-01-10,,,,,,,,,,,,,18.22,16.33,19.75,,,,,,,,,,,,,33.11,31.15,34.75,,,,,,,,,,,,,9.47,7.83,10.99,,,,,,,,,,,,,,,,,,,,,,,,,8.85,7.07,10.51,,,,,,,,,,,,,26.96,24.19,28.98,,,,,,,,
2025-01-11,,,,,,,,,,,,,18.18,16.31,19.73,,,,,,,,,,,,,33.07,31.12,34.73,,,,,,,,,,,,,9.47,7.83,10.99,,,,,,,,,,,,,,,,,,,,,,,,,8.86,7.07,10.51,,,,,,,,,,,,,27.01,24.26,28.98,,,,,,,,
2025-01-12,,,,,,,,,,,,,18.14,16.29,19.7,,,,,,,,,,,,,33.03,31.1,34.7,,,,,,,,,,,,,9.48,7.83,10.99,,,,,,,,,,,,,,,,,,,,,,,,,8.88,7.08,10.51,,,,,,,,,,,,,27.06,24.29,28.99,,,,,,,,
2025-01-13,,,,,,,,,,,,,18.1,16.27,19.65,,,,,,,,,,,,,32.99,31.09,34.68,,,,,,,,,,,,,9.48,7.82,10.99,,,,,,,,,,,,,,,,,,,,,,,,,8.89,7.11,10.52,,,,,,,,,,,,,27.1,24.31,29.03,18.0,35.0,11.0,,8.0,,,27.0
2025-01-14,,,,,,,,,,,,,18.07,16.26,19.61,,,,,,,,,,,,,32.96,31.07,34.66,,,,,,,,,,,,,9.49,7.82,10.98,,,,,,,,,,,,,,,,,,,,,,,,,8.91,7.14,10.53,,,,,,,,,,,,,27.14,24.32,29.06,,,,,,,,
2025-01-15,,,,,,,,,,,,,18.04,16.24,19.59,,,,,,,,,,,,,32.92,31.07,34.64,,,,,,,,,,,,,9.49,7.82,10.97,,,,,,,,,,,,,,,,,,,,,,,,,8.92,7.17,10.55,,,,,,,,,,,,,27.17,24.33,29.08,,,,,,,,
2025-01-16,,,,,,,,,,,,,18.0,16.22,19.57,,,,,,,,,,,,,32.88,31.05,34.6,,,,,,,,,,,,,9.49,7.83,10.97,,,,,,,,,,,,,,,,,,,,,,,,,8.94,7.19,10.57,,,,,,,,,,,,,27.21,24.35,29.09,,,,,,,,
2025-01-17,,,,,,,,,,,,,17.98,16.2,19.54,,,,,,,,,,,,,32.85,31.02,34.55,,,,,,,,,,,,,9.5,7.84,10.97,,,,,,,,,,,,,,,,,,,,,,,,,8.95,7.23,10.58,,,,,,,,,,,,,27.24,24.35,29.12,,,,,,,,
2025-01-18,,,,,,,,,,,,,17.95,16.2,19.52,,,,,,,,,,,,,32.81,31.02,34.49,,,,,,,,,,,,,9.5,7.85,10.98,,,,,,,,,,,,,,,,,,,,,,,,,8.97,7.26,10.6,,,,,,,,,,,,,27.26,24.37,29.14,,,,,,,,
2025-01-19,,,,,,,,,,,,,17.92,16.2,19.49,,,,,,,,,,,,,32.77,30.98,34.44,,,,,,,,,,,,,9.51,7.86,10.99,,,,,,,,,,,,,,,,,,,,,,,,,8.99,7.29,10.61,,,,,,,,,,,,,27.29,24.43,29.17,,,,,,,,
2025-01-20,,,,,,,,,,,,,17.9,16.19,19.47,,,,,,,,,,,,,32.74,30.93,34.39,,,,,,,,,,,,,9.51,7.87,11.01,,,,,,,,,,,,,,,,,,,,,,,,,9.0,7.33,10.62,,,,,,,,,,,,,27.31,24.53,29.17,18.0,31.0,12.0,,10.0,,,27.0
2025-01-21,,,,,,,,,,,,,17.88,16.17,19.44,,,,,,,,,,,,,32.7,30.89,34.34,,,,,,,,,,,,,9.52,7.89,11.02,,,,,,,,,,,,,,,,,,,,,,,,,9.02,7.36,10.63,,,,,,,,,,,,,27.34,24.64,29.19,,,,,,,,
2025-01-22,,,,,,,,,,,,,17.86,16.16,19.41,,,,,,,,,,,,,32.66,30.86,34.29,,,,,,,,,,,,,9.52,7.9,11.03,,,,,,,,,,,,,,,,,,,,,,,,,9.04,7.38,10.65,,,,,,,,,,,,,27.36,24.74,29.22,,,,,,,,
2025-01-23,,,,,,,,,,,,,17.84,16.16,19.38,,,,,,,,,,,,,32.63,30.83,34.22,,,,,,,,,,,,,9.53,7.91,11.03,,,,,,,,,,,,,,,,,,,,,,,,,9.06,7.4,10.66,,,,,,,,,,,,,27.38,24.79,29.25,20.0,36.0,9.0,,9.0,,,25.0
2025-01-24,,,,,,,,,,,,,17.82,16.16,19.34,,,,,,,,,,,,,32.59,30.8,34.16,,,,,,,,,,,,,9.53,7.93,11.04,,,,,,,,,,,,,,,,,,,,,,,,,9.08,7.42,10.67,,,,,,,,,,,,,27.4,24.85,29.28,,,,,,,,
2025-01-25,,,,,,,,,,,,,17.8,16.19,19.31,,,,,,,,,,,,,32.55,30.77,34.12,,,,,,,,,,,,,9.54,7.94,11.04,,,,,,,,,,,,,,,,,,,,,,,,,9.1,7.44,10.68,,,,,,,,,,,,,27.42,24.91,29.3,,,,,,,,
2025-01-26,,,,,,,,,,,,,17.78,16.2,19.29,,,,,,,,,,,,,32.51,30.78,34.07,,,,,,,,,,,,,9.54,7.95,11.05,,,,,,,,,,,,,,,,,,,,,,,,,9.12,7.46,10.69,,,,,,,,,,,,,27.44,24.98,29.32,,,,,,,,
2025-01-27,,,,,,,,,,,,,17.77,16.2,19.27,,,,,,,,,,,,,32.47,30.79,34.01,,,,,,,,,,,,,9.55,7.97,11.05,,,,,,,,,,,,,,,,,,,,,,,,,9.14,7.49,10.7,,,,,,,,,,,,,27.46,25.04,29.34,14.0,37.0,9.0,,9.0,,,28.0
2025-01-28,,,,,,,,,,,,,17.75,16.2,19.25,,,,,,,,,,,,,32.43,30.79,33.97,,,,,,,,,,,,,9.55,7.98,11.05,,,,,,,,,,,,,,,,,,,,,,,,,9.16,7.51,10.7,,,,,,,,,,,,,27.48,25.1,29.36,,,,,,,,
2025-01-29,,,,,,,,,,,,,17.73,16.19,19.24,,,,,,,,,,,,,32.39,30.8,33.95,,,,,,,,,,,,,9.56,8.0,11.05,,,,,,,,,,,,,,,,,,,,,,,,,9.18,7.55,10.71,,,,,,,,,,,,,27.49,25.17,29.37,19.0,27.3,10.0,,9.3,,,32.3
2025-01-30,,,,,,,,,,,,,17.72,16.18,19.22,,,,,,,,,,,,,32.35,30.78,33.86,,,,,,,,,,,,,9.57,8.02,11.05,,,,,,,,,,,,,,,,,,,,,,,,,9.2,7.59,10.71,,,,,,,,,,,,,27.51,25.23,29.39,,,,,,,,
2025-01-31,,,,,,,,,,,,,17.71,16.2,19.21,,,,,,,,,,,,,32.31,30.71,33.79,,,,,,,,,,,,,9.57,8.03,11.05,,,,,,,,,,,,,,,,,,,,,,,,,9.22,7.61,10.73,,,,,,,,,,,,,27.52,25.29,29.41,,,,,,,,
2025-02-01,,,,,,,,,,,,,17.69,16.2,19.19,,,,,,,,,,,,,32.27,30.68,33.74,,,,,,,,,,,,,9.58,8.06,11.06,,,,,,,,,,,,,,,,,,,,,,,,,9.24,7.65,10.75,,,,,,,,,,,,,27.54,25.36,29.42,,,,,,,,
2025-02-02,,,,,,,,,,,,,17.68,16.2,19.16,,,,,,,,,,,,,32.23,30.63,33.69,,,,,,,,,,,,,9.59,8.09,11.07,,,,,,,,,,,,,,,,,,,,,,,,,9.26,7.69,10.78,,,,,,,,,,,,,27.55,25.42,29.43,,,,,,,,
2025-02-03,,,,,,,,,,,,,17.67,16.2,19.13,,,,,,,,,,,,,32.19,30.58,33.68,,,,,,,,,,,,,9.6,8.09,11.07,,,,,,,,,,,,,,,,,,,,,,,,,9.28,7.73,10.82,,,,,,,,,,,,,27.57,25.47,29.42,14.0,35.0,10.0,,9.0,,,28.0
2025-02-04,,,,,,,,,,,,,17.66,16.2,19.13,,,,,,,,,,,,,32.15,30.53,33.65,,,,,,,,,,,,,9.6,8.1,11.08,,,,,,,,,,,,,,,,,,,,,,,,,9.31,7.78,10.86,,,,,,,,,,,,,27.58,25.5,29.41,,,,,,,,
2025-02-05,,,,,,,,,,,,,17.65,16.2,19.14,,,,,,,,,,,,,32.11,30.48,33.63,,,,,,,,,,,,,9.61,8.1,11.08,,,,,,,,,,,,,,,,,,,,,,,,,9.33,7.81,10.9,,,,,,,,,,,,,27.59,25.52,29.39,,,,,,,,
2025-02-06,,,,,,,,,,,,,17.64,16.2,19.12,,,,,,,,,,,,,32.08,30.45,33.56,,,,,,,,,,,,,9.62,8.11,11.09,,,,,,,,,,,,,,,,,,,,,,,,,9.35,7.87,10.93,,,,,,,,,,,,,27.6,25.55,29.38,,,,,,,,
2025-02-07,,,,,,,,,,,,,17.63,16.2,19.11,,,,,,,,,,,,,32.04,30.43,33.48,,,,,,,,,,,,,9.63,8.12,11.09,,,,,,,,,,,,,,,,,,,,,,,,,9.37,7.89,10.97,,,,,,,,,,,,,27.62,25.57,29.37,17.5,36.0,8.0,,7.0,,,14.0
2025-02-08,,,,,,,,,,,,,17.62,16.2,19.1,,,,,,,,,,,,,32.0,30.36,33.44,,,,,,,,,,,,,9.63,8.13,11.06,,,,,,,,,,,,,,,,,,,,,,,,,9.38,7.9,10.99,,,,,,,,,,,,,27.63,25.58,29.4,18.0,32.0,9.0,,9.0,,,29.0
2025-02-09,,,,,,,,,,,,,17.61,16.2,19.08,,,,,,,,,,,,,31.96,30.31,33.41,,,,,,,,,,,,,9.64,8.14,11.04,,,,,,,,,,,,,,,,,,,,,,,,,9.4,7.93,11.01,,,,,,,,,,,,,27.64,25.57,29.43,,,,,,,,
2025-02-10,,,,,,,,,,,,,17.6,16.2,19.07,,,,,,,,,,,,,31.92,30.27,33.38,,,,,,,,,,,,,9.65,8.15,11.04,,,,,,,,,,,,,,,,,,,,,,,,,9.42,7.95,11.02,,,,,,,,,,,,,27.65,25.57,29.46,18.0,30.0,9.0,,9.0,,,31.0
2025-02-11,,,,,,,,,,,,,17.6,16.2,19.06,,,,,,,,,,,,,31.89,30.21,33.35,,,,,,,,,,,,,9.66,8.16,11.07,,,,,,,,,,,,,,,,,,,,,,,,,9.44,7.97,11.03,,,,,,,,,,,,,27.66,25.63,29.49,,,,,,,,
2025-02-12,,,,,,,,,,,,,17.59,16.19,19.05,,,,,,,,,,,,,31.85,30.16,33.33,,,,,,,,,,,,,9.67,8.17,11.11,,,,,,,,,,,,,,,,,,,,,,,,,9.46,8.0,11.04,,,,,,,,,,,,,27.67,25.61,29.53,,,,,,,,
2025-02-13,,,,,,,,,,,,,17.58,16.15,19.03,,,,,,,,,,,,,31.81,30.11,33.3,,,,,,,,,,,,,9.67,8.18,11.11,,,,,,,,,,,,,,,,,,,,,,,,,9.47,8.02,11.05,,,,,,,,,,,,,27.68,25.64,29.56,,,,,,,,
2025-02-14,,,,,,,,,,,,,17.58,16.15,19.02,,,,,,,,,,,,,31.78,30.07,33.27,,,,,,,,,,,,,9.68,8.19,11.12,,,,,,,,,,,,,,,,,,,,,,,,,9.49,8.04,11.07,,,,,,,,,,,,,27.7,25.65,29.57,,,,,,,,
2025-02-15,,,,,,,,,,,,,17.57,16.15,19.03,,,,,,,,,,,,,31.74,30.06,33.25,,,,,,,,,,,,,9.69,8.2,11.13,,,,,,,,,,,,,,,,,,,,,,,,,9.51,8.07,11.07,,,,,,,,,,,,,27.71,25.62,29.58,,,,,,,,
2025-02-16,,,,,,,,,,,,,17.57,16.14,19.04,,,,,,,,,,,,,31.7,30.03,33.22,,,,,,,,,,,,,9.7,8.21,11.13,,,,,,,,,,,,,,,,,,,,,,,,,9.52,8.09,11.07,,,,,,,,,,,,,27.72,25.6,29.58,,,,,,,,
2025-02-17,,,,,,,,,,,,,17.57,16.12,19.06,,,,,,,,,,,,,31.67,30.02,33.19,,,,,,,,,,,,,9.71,8.22,11.14,,,,,,,,,,,,,,,,,,,,,,,,,9.54,8.11,11.09,,,,,,,,,,,,,27.73,25.58,29.58,18.0,30.0,11.0,,8.0,,,32.0
2025-02-18,,,,,,,,,,,,,17.56,16.11,19.06,,,,,,,,,,,,,31.63,29.99,33.16,,,,,,,,,,,,,9.72,8.24,11.15,,,,,,,,,,,,,,,,,,,,,,,,,9.55,8.11,11.1,,,,,,,,,,,,,27.74,25.6,29.57,,,,,,,,
2025-02-19,,,,,,,,,,,,,17.56,16.11,19.04,,,,,,,,,,,,,31.6,29.94,33.14,,,,,,,,,,,,,9.72,8.25,11.15,,,,,,,,,,,,,,,,,,,,,,,,,9.57,8.12,11.12,,,,,,,,,,,,,27.76,25.65,29.55,17.0,32.0,9.0,,9.0,,,30.0
2025-02-20,,,,,,,,,,,,,17.55,16.11,19.02,,,,,,,,,,,,,31.56,29.89,33.13,,,,,,,,,,,,,9.73,8.26,11.13,,,,,,,,,,,,,,,,,,,,,,,,,9.58,8.15,11.14,,,,,,,,,,,,,27.77,25.7,29.56,,,,,,,,
2025-02-21,,,,,,,,,,,,,17.55,16.12,19.05,,,,,,,,,,,,,31.52,29.84,33.11,,,,,,,,,,,,,9.74,8.27,11.11,,,,,,,,,,,,,,,,,,,,,,,,,9.6,8.18,11.16,,,,,,,,,,,,,27.79,25.75,29.57,,,,,,,,
2025-02-22,,,,,,,,,,,,,17.55,16.12,19.08,,,,,,,,,,,,,31.49,29.78,33.07,,,,,,,,,,,,,9.75,8.28,11.09,,,,,,,,,,,,,,,,,,,,,,,,,9.61,8.21,11.19,,,,,,,,,,,,,27.8,25.81,29.58,,,,,,,,
2025-02-23,,,,,,,,,,,,,17.54,16.14,19.08,,,,,,,,,,,,,31.45,29.72,33.03,,,,,,,,,,,,,9.76,8.29,11.07,,,,,,,,,,,,,,,,,,,,,,,,,9.62,8.22,11.21,,,,,,,,,,,,,27.82,25.87,29.62,,,,,,,,
2025-02-24,,,,,,,,,,,,,17.54,16.14,19.07,,,,,,,,,,,,,31.42,29.67,33.0,,,,,,,,,,,,,9.77,8.3,11.07,,,,,,,,,,,,,,,,,,,,,,,,,9.64,8.23,11.21,,,,,,,,,,,,,27.84,25.9,29.62,16.0,29.0,10.0,,11.0,,,31.0
2025-02-25,,,,,,,,,,,,,17.53,16.13,19.07,,,,,,,,,,,,,31.38,29.61,32.97,,,,,,,,,,,,,9.78,8.32,11.09,,,,,,,,,,,,,,,,,,,,,,,,,9.65,8.23,11.24,,,,,,,,,,,,,27.85,25.9,29.63,,,,,,,,
2025-02-26,,,,,,,,,,,,,17.53,16.11,19.04,,,,,,,,,,,,,31.34,29.58,32.92,,,,,,,,,,,,,9.79,8.33,11.08,,,,,,,,,,,,,,,,,,,,,,,,,9.66,8.23,11.25,,,,,,,,,,,,,27.87,25.91,29.65,,,,,,,,
2025-02-27,,,,,,,,,,,,,17.52,16.1,19.01,,,,,,,,,,,,,31.31,29.54,32.86,,,,,,,,,,,,,9.8,8.34,11.06,,,,,,,,,,,,,,,,,,,,,,,,,9.68,8.23,11.25,,,,,,,,,,,,,27.89,25.91,29.66,,,,,,,,
2025-02-28,,,,,,,,,,,,,17.52,16.1,18.99,,,,,,,,,,,,,31.27,29.51,32.8,,,,,,,,,,,,,9.81,8.35,11.04,,,,,,,,,,,,,,,,,,,,,,,,,9.69,8.24,11.25,,,,,,,,,,,,,27.91,25.92,29.68,,,,,,,,
2025-03-01,,,,,,,,,,,,,17.51,16.11,18.99,,,,,,,,,,,,,31.24,29.48,32.75,,,,,,,,,,,,,9.82,8.37,11.05,,,,,,,,,,,,,,,,,,,,,,,,,9.7,8.24,11.25,,,,,,,,,,,,,27.93,25.93,29.69,,,,,,,,
2025-03-02,,,,,,,,,,,,,17.51,16.12,18.99,,,,,,,,,,,,,31.2,29.44,32.71,,,,,,,,,,,,,9.83,8.38,11.07,,,,,,,,,,,,,,,,,,,,,,,,,9.71,8.24,11.25,,,,,,,,,,,,,27.95,25.94,29.73,,,,,,,,
2025-03-03,,,,,,,,,,,,,17.5,16.13,18.99,,,,,,,,,,,,,31.17,29.42,32.67,,,,,,,,,,,,,9.84,8.39,11.1,,,,,,,,,,,,,,,,,,,,,,,,,9.73,8.25,11.26,,,,,,,,,,,,,27.97,25.95,29.78,18.0,33.0,8.0,,11.0,,,29.0
2025-03-04,,,,,,,,,,,,,17.5,16.14,18.99,,,,,,,,,,,,,31.13,29.38,32.62,,,,,,,,,,,,,9.85,8.4,11.12,,,,,,,,,,,,,,,,,,,,,,,,,9.74,8.26,11.28,,,,,,,,,,,,,28.0,25.95,29.79,,,,,,,,
2025-03-05,,,,,,,,,,,,,17.49,16.14,18.99,,,,,,,,,,,,,31.1,29.33,32.58,,,,,,,,,,,,,9.86,8.42,11.14,,,,,,,,,,,,,,,,,,,,,,,,,9.75,8.29,11.31,,,,,,,,,,,,,28.02,26.0,29.8,,,,,,,,
2025-03-06,,,,,,,,,,,,,17.49,16.15,18.97,,,,,,,,,,,,,31.07,29.28,32.54,,,,,,,,,,,,,9.87,8.45,11.16,,,,,,,,,,,,,,,,,,,,,,,,,9.76,8.32,11.3,,,,,,,,,,,,,28.04,26.05,29.8,,,,,,,,
2025-03-07,,,,,,,,,,,,,17.48,16.14,18.96,,,,,,,,,,,,,31.03,29.23,32.5,,,,,,,,,,,,,9.88,8.47,11.16,,,,,,,,,,,,,,,,,,,,,,,,,9.78,8.35,11.29,,,,,,,,,,,,,28.07,26.07,29.8,,,,,,,,
2025-03-08,,,,,,,,,,,,,17.48,16.13,18.95,,,,,,,,,,,,,31.0,29.2,32.46,,,,,,,,,,,,,9.89,8.48,11.17,,,,,,,,,,,,,,,,,,,,,,,,,9.79,8.37,11.3,,,,,,,,,,,,,28.09,26.08,29.83,,,,,,,,
2025-03-09,,,,,,,,,,,,,17.47,16.12,18.94,,,,,,,,,,,,,30.97,29.15,32.43,,,,,,,,,,,,,9.9,8.5,11.16,,,,,,,,,,,,,,,,,,,,,,,,,9.8,8.4,11.28,,,,,,,,,,,,,28.11,26.08,29.84,,,,,,,,
2025-03-10,,,,,,,,,,,,,17.46,16.11,18.93,,,,,,,,,,,,,30.93,29.11,32.4,,,,,,,,,,,,,9.91,8.54,11.15,,,,,,,,,,,,,,,,,,,,,,,,,9.81,8.43,11.26,,,,,,,,,,,,,28.14,26.1,29.84,18.0,31.0,11.0,,10.0,,,26.0
2025-03-11,,,,,,,,,,,,,17.45,16.1,18.9,,,,,,,,,,,,,30.9,29.07,32.35,,,,,,,,,,,,,9.92,8.58,11.15,,,,,,,,,,,,,,,,,,,,,,,,,9.82,8.45,11.26,,,,,,,,,,,,,28.16,26.12,29.87,17.0,32.0,10.0,,9.0,,,30.0
2025-03-12,,,,,,,,,,,,,17.45,16.1,18.87,,,,,,,,,,,,,30.87,29.06,32.31,,,,,,,,,,,,,9.94,8.62,11.17,,,,,,,,,,,,,,,,,,,,,,,,,9.84,8.46,11.26,,,,,,,,,,,,,28.19,26.13,29.91,,,,,,,,
2025-03-13,,,,,,,,,,,,,17.44,16.11,18.87,,,,,,,,,,,,,30.83,29.05,32.26,,,,,,,,,,,,,9.95,8.65,11.19,,,,,,,,,,,,,,,,,,,,,,,,,9.85,8.46,11.27,,,,,,,,,,,,,28.22,26.14,29.95,,,,,,,,
2025-03-14,,,,,,,,,,,,,17.43,16.13,18.87,,,,,,,,,,,,,30.8,29.04,32.21,,,,,,,,,,,,,9.96,8.68,11.22,,,,,,,,,,,,,,,,,,,,,,,,,9.86,8.46,11.28,,,,,,,,,,,,,28.24,26.16,29.98,,,,,,,,
2025-03-15,,,,,,,,,,,,,17.42,16.16,18.87,,,,,,,,,,,,,30.77,29.04,32.16,,,,,,,,,,,,,9.97,8.68,11.24,,,,,,,,,,,,,,,,,,,,,,,,,9.87,8.46,11.28,,,,,,,,,,,,,28.27,26.19,30.01,,,,,,,,
2025-03-16,,,,,,,,,,,,,17.41,16.17,18.87,,,,,,,,,,,,,30.74,29.03,32.12,,,,,,,,,,,,,9.99,8.71,11.27,,,,,,,,,,,,,,,,,,,,,,,,,9.89,8.46,11.29,,,,,,,,,,,,,28.3,26.23,30.02,,,,,,,,
2025-03-17,,,,,,,,,,,,,17.4,16.16,18.87,,,,,,,,,,,,,30.7,29.03,32.09,,,,,,,,,,,,,10.0,8.72,11.27,,,,,,,,,,,,,,,,,,,,,,,,,9.9,8.5,11.29,,,,,,,,,,,,,28.33,26.27,30.05,17.0,32.0,10.0,,8.0,,,30.0
2025-03-18,,,,,,,,,,,,,17.39,16.16,18.86,,,,,,,,,,,,,30.67,29.02,32.07,,,,,,,,,,,,,10.01,8.73,11.3,,,,,,,,,,,,,,,,,,,,,,,,,9.91,8.51,11.3,,,,,,,,,,,,,28.36,26.37,30.09,,,,,,,,
2025-03-19,,,,,,,,,,,,,17.38,16.17,18.86,,,,,,,,,,,,,30.63,29.01,32.05,,,,,,,,,,,,,10.03,8.78,11.29,,,,,,,,,,,,,,,,,,,,,,,,,9.92,8.55,11.31,,,,,,,,,,,,,28.39,26.46,30.12,,,,,,,,
2025-03-20,,,,,,,,,,,,,17.37,16.15,18.85,,,,,,,,,,,,,30.6,29.01,32.04,,,,,,,,,,,,,10.04,8.79,11.3,,,,,,,,,,,,,,,,,,,,,,,,,9.94,8.58,11.3,,,,,,,,,,,,,28.42,26.56,30.16,,,,,,,,
2025-03-21,,,,,,,,,,,,,17.36,16.13,18.83,,,,,,,,,,,,,30.56,29.01,32.02,,,,,,,,,,,,,10.06,8.79,11.32,,,,,,,,,,,,,,,,,,,,,,,,,9.95,8.62,11.31,,,,,,,,,,,,,28.45,26.66,30.2,20.0,31.5,8.5,,10.0,,,16.5
2025-03-22,,,,,,,,,,,,,17.35,16.11,18.8,,,,,,,,,,,,,30.53,29.0,31.98,,,,,,,,,,,,,10.07,8.81,11.34,,,,,,,,,,,,,,,,,,,,,,,,,9.96,8.66,11.32,,,,,,,,,,,,,28.48,26.72,30.23,,,,,,,,
2025-03-23,,,,,,,,,,,,,17.34,16.1,18.77,,,,,,,,,,,,,30.49,29.0,31.95,,,,,,,,,,,,,10.09,8.83,11.36,,,,,,,,,,,,,,,,,,,,,,,,,9.98,8.69,11.32,,,,,,,,,,,,,28.51,26.7,30.26,,,,,,,,
2025-03-24,,,,,,,,,,,,,17.33,16.08,18.8,,,,,,,,,,,,,30.46,28.99,31.92,,,,,,,,,,,,,10.1,8.85,11.39,,,,,,,,,,,,,,,,,,,,,,,,,9.99,8.73,11.34,,,,,,,,,,,,,28.55,26.77,30.3,17.7,30.7,9.0,,10.7,,,29.0
2025-03-25,,,,,,,,,,,,,17.31,16.07,18.82,,,,,,,,,,,,,30.42,28.99,31.9,,,,,,,,,,,,,10.12,8.85,11.4,,,,,,,,,,,,,,,,,,,,,,,,,10.01,8.77,11.35,,,,,,,,,,,,,28.58,26.86,30.33,,,,,,,,
2025-03-26,,,,,,,,,,,,,17.3,16.06,18.81,,,,,,,,,,,,,30.38,28.96,31.88,,,,,,,,,,,,,10.14,8.86,11.41,,,,,,,,,,,,,,,,,,,,,,,,,10.02,8.79,11.35,,,,,,,,,,,,,28.61,26.9,30.36,,,,,,,,
2025-03-27,,,,,,,,,,,,,17.29,16.04,18.8,,,,,,,,,,,,,30.35,28.93,31.84,,,,,,,,,,,,,10.16,8.88,11.43,,,,,,,,,,,,,,,,,,,,,,,,,10.03,8.78,11.35,,,,,,,,,,,,,28.65,26.91,30.39,,,,,,,,
2025-03-28,,,,,,,,,,,,,17.27,16.03,18.79,,,,,,,,,,,,,30.31,28.87,31.81,,,,,,,,,,,,,10.17,8.9,11.45,,,,,,,,,,,,,,,,,,,,,,,,,10.05,8.77,11.36,,,,,,,,,,,,,28.68,26.94,30.42,,,,,,,,
2025-03-29,,,,,,,,,,,,,17.26,16.02,18.78,,,,,,,,,,,,,30.27,28.82,31.78,,,,,,,,,,,,,10.19,8.94,11.48,,,,,,,,,,,,,,,,,,,,,,,,,10.06,8.8,11.39,,,,,,,,,,,,,28.72,26.96,30.45,,,,,,,,
2025-03-30,,,,,,,,,,,,,17.24,16.0,18.77,,,,,,,,,,,,,30.24,28.77,31.75,,,,,,,,,,,,,10.21,8.94,11.5,,,,,,,,,,,,,,,,,,,,,,,,,10.08,8.83,11.39,,,,,,,,,,,,,28.76,27.05,30.48,,,,,,,,
2025-03-31,,,,,,,,,,,,,17.23,15.99,18.76,,,,,,,,,,,,,30.2,28.74,31.72,,,,,,,,,,,,,10.23,8.96,11.55,,,,,,,,,,,,,,,,,,,,,,,,,10.09,8.86,11.4,,,,,,,,,,,,,28.79,27.12,30.51,18.0,31.0,9.0,,13.0,,,26.0
2025-04-01,,,,,,,,,,,,,17.21,15.98,18.74,,,,,,,,,,,,,30.16,28.7,31.69,,,,,,,,,,,,,10.25,8.98,11.57,,,,,,,,,,,,,,,,,,,,,,,,,10.11,8.89,11.39,,,,,,,,,,,,,28.83,27.16,30.54,,,,,,,,
2025-04-02,,,,,,,,,,,,,17.19,15.97,18.72,,,,,,,,,,,,,30.13,28.66,31.67,,,,,,,,,,,,,10.27,9.0,11.59,,,,,,,,,,,,,,,,,,,,,,,,,10.12,8.92,11.4,,,,,,,,,,,,,28.87,27.19,30.57,18.0,24.3,9.7,,12.7,,,32.7
2025-04-03,,,,,,,,,,,,,17.18,15.94,18.71,,,,,,,,,,,,,30.09,28.62,31.64,,,,,,,,,,,,,10.29,9.03,11.63,,,,,,,,,,,,,,,,,,,,,,,,,10.14,8.95,11.41,,,,,,,,,,,,,28.9,27.22,30.59,,,,,,,,
2025-04-04,,,,,,,,,,,,,17.16,15.91,18.7,,,,,,,,,,,,,30.05,28.58,31.57,,,,,,,,,,,,,10.31,9.04,11.65,,,,,,,,,,,,,,,,,,,,,,,,,10.15,8.97,11.42,,,,,,,,,,,,,28.94,27.26,30.64,,,,,,,,
2025-04-05,,,,,,,,,,,,,17.14,15.89,18.68,,,,,,,,,,,,,30.02,28.54,31.51,,,,,,,,,,,,,10.33,9.04,11.66,,,,,,,,,,,,,,,,,,,,,,,,,10.17,8.98,11.44,,,,,,,,,,,,,28.98,27.3,30.68,,,,,,,,
2025-04-06,,,,,,,,,,,,,17.12,15.88,18.66,,,,,,,,,,,,,29.98,28.5,31.44,,,,,,,,,,,,,10.35,9.04,11.68,,,,,,,,,,,,,,,,,,,,,,,,,10.18,8.99,11.47,,,,,,,,,,,,,29.02,27.32,30.69,,,,,,,,
2025-04-07,,,,,,,,,,,,,17.1,15.88,18.64,,,,,,,,,,,,,29.95,28.48,31.4,,,,,,,,,,,,,10.37,9.05,11.69,,,,,,,,,,,,,,,,,,,,,,,,,10.19,9.01,11.5,,,,,,,,,,,,,29.06,27.34,30.7,16.0,32.0,13.0,,9.0,,,27.0
2025-04-08,,,,,,,,,,,,,17.08,15.85,18.62,,,,,,,,,,,,,29.91,28.47,31.36,,,,,,,,,,,,,10.39,9.05,11.71,,,,,,,,,,,,,,,,,,,,,,,,,10.21,9.03,11.52,,,,,,,,,,,,,29.1,27.37,30.72,,,,,,,,
2025-04-09,,,,,,,,,,,,,17.06,15.82,18.6,,,,,,,,,,,,,29.88,28.45,31.3,,,,,,,,,,,,,10.41,9.07,11.73,,,,,,,,,,,,,,,,,,,,,,,,,10.22,9.05,11.54,,,,,,,,,,,,,29.14,27.41,30.74,,,,,,,,
2025-04-10,,,,,,,,,,,,,17.03,15.79,18.56,,,,,,,,,,,,,29.85,28.44,31.27,,,,,,,,,,,,,10.43,9.1,11.75,,,,,,,,,,,,,,,,,,,,,,,,,10.24,9.07,11.55,,,,,,,,,,,,,29.18,27.44,30.76,,,,,,,,
2025-04-11,,,,,,,,,,,,,17.01,15.77,18.52,,,,,,,,,,,,,29.82,28.42,31.25,,,,,,,,,,,,,10.45,9.13,11.78,,,,,,,,,,,,,,,,,,,,,,,,,10.25,9.08,11.57,,,,,,,,,,,,,29.22,27.48,30.81,,,,,,,,
2025-04-12,,,,,,,,,,,,,16.99,15.74,18.48,,,,,,,,,,,,,29.78,28.38,31.22,,,,,,,,,,,,,10.48,9.16,11.79,,,,,,,,,,,,,,,,,,,,,,,,,10.26,9.1,11.58,,,,,,,,,,,,,29.25,27.52,30.89,,,,,,,,
2025-04-13,,,,,,,,,,,,,16.96,15.72,18.44,,,,,,,,,,,,,29.75,28.36,31.18,,,,,,,,,,,,,10.5,9.18,11.78,,,,,,,,,,,,,,,,,,,,,,,,,10.27,9.11,11.59,,,,,,,,,,,,,29.29,27.55,30.93,,,,,,,,
2025-04-14,,,,,,,,,,,,,16.94,15.7,18.44,,,,,,,,,,,,,29.72,28.35,31.15,,,,,,,,,,,,,10.52,9.19,11.8,,,,,,,,,,,,,,,,,,,,,,,,,10.29,9.13,11.59,,,,,,,,,,,,,29.33,27.59,30.96,17.0,31.0,11.0,,10.0,,,28.0
2025-04-15,,,,,,,,,,,,,16.91,15.67,18.43,,,,,,,,,,,,,29.7,28.32,31.11,,,,,,,,,,,,,10.54,9.21,11.84,,,,,,,,,,,,,,,,,,,,,,,,,10.3,9.15,11.6,,,,,,,,,,,,,29.37,27.66,30.98,,,,,,,,
2025-04-16,,,,,,,,,,,,,16.89,15.64,18.39,,,,,,,,,,,,,29.67,28.29,31.07,,,,,,,,,,,,,10.56,9.22,11.87,,,,,,,,,,,,,,,,,,,,,,,,,10.31,9.16,11.6,,,,,,,,,,,,,29.41,27.73,31.01,18.0,31.0,11.0,,10.0,,,27.0
2025-04-17,,,,,,,,,,,,,16.86,15.62,18.36,,,,,,,,,,,,,29.64,28.26,31.03,,,,,,,,,,,,,10.58,9.23,11.89,,,,,,,,,,,,,,,,,,,,,,,,,10.32,9.15,11.6,,,,,,,,,,,,,29.45,27.8,31.03,,,,,,,,
2025-04-18,,,,,,,,,,,,,16.83,15.59,18.31,,,,,,,,,,,,,29.61,28.23,31.0,,,,,,,,,,,,,10.6,9.23,11.9,,,,,,,,,,,,,,,,,,,,,,,,,10.33,9.16,11.6,,,,,,,,,,,,,29.48,27.84,31.04,,,,,,,,
2025-04-19,,,,,,,,,,,,,16.8,15.56,18.27,,,,,,,,,,,,,29.59,28.19,30.99,,,,,,,,,,,,,10.62,9.23,11.93,,,,,,,,,,,,,,,,,,,,,,,,,10.34,9.17,11.61,,,,,,,,,,,,,29.52,27.88,31.07,,,,,,,,
2025-04-20,,,,,,,,,,,,,16.77,15.52,18.22,,,,,,,,,,,,,29.56,28.17,30.98,,,,,,,,,,,,,10.64,9.24,11.96,,,,,,,,,,,,,,,,,,,,,,,,,10.35,9.18,11.64,,,,,,,,,,,,,29.56,27.9,31.1,,,,,,,,
2025-04-21,,,,,,,,,,,,,16.74,15.49,18.19,,,,,,,,,,,,,29.54,28.13,30.97,,,,,,,,,,,,,10.66,9.27,11.98,,,,,,,,,,,,,,,,,,,,,,,,,10.36,9.2,11.67,,,,,,,,,,,,,29.59,27.92,31.12,,,,,,,,
2025-04-22,,,,,,,,,,,,,16.71,15.45,18.18,,,,,,,,,,,,,29.52,28.1,30.96,,,,,,,,,,,,,10.68,9.29,12.0,,,,,,,,,,,,,,,,,,,,,,,,,10.37,9.19,11.69,,,,,,,,,,,,,29.63,27.95,31.14,19.0,29.0,11.0,,9.0,,,30.0
2025-04-23,,,,,,,,,,,,,16.68,15.45,18.16,,,,,,,,,,,,,29.5,28.07,30.92,,,,,,,,,,,,,10.7,9.32,12.01,,,,,,,,,,,,,,,,,,,,,,,,,10.37,9.15,11.71,,,,,,,,,,,,,29.66,27.97,31.16,,,,,,,,
2025-04-24,,,,,,,,,,,,,16.65,15.41,18.1,,,,,,,,,,,,,29.48,28.03,30.89,,,,,,,,,,,,,10.72,9.34,12.07,,,,,,,,,,,,,,,,,,,,,,,,,10.38,9.11,11.69,,,,,,,,,,,,,29.7,28.02,31.17,,,,,,,,
2025-04-25,,,,,,,,,,,,,16.62,15.36,18.06,,,,,,,,,,,,,29.46,28.0,30.85,,,,,,,,,,,,,10.74,9.37,12.07,,,,,,,,,,,,,,,,,,,,,,,,,10.39,9.08,11.7,,,,,,,,,,,,,29.73,28.07,31.2,19.0,32.0,9.0,,9.0,,,30.0
2025-04-26,,,,,,,,,,,,,16.59,15.33,18.03,,,,,,,,,,,,,29.44,27.96,30.81,,,,,,,,,,,,,10.76,9.4,12.07,,,,,,,,,,,,,,,,,,,,,,,,,10.39,9.05,11.71,,,,,,,,,,,,,29.77,28.13,31.23,,,,,,,,
2025-04-27,,,,,,,,,,,,,16.55,15.28,17.99,,,,,,,,,,,,,29.42,27.93,30.78,,,,,,,,,,,,,10.78,9.42,12.08,,,,,,,,,,,,,,,,,,,,,,,,,10.4,9.01,11.68,,,,,,,,,,,,,29.8,28.19,31.27,,,,,,,,
2025-04-28,,,,,,,,,,,,,16.52,15.24,17.95,,,,,,,,,,,,,29.41,27.89,30.74,,,,,,,,,,,,,10.8,9.43,12.09,,,,,,,,,,,,,,,,,,,,,,,,,10.41,9.02,11.7,,,,,,,,,,,,,29.84,28.24,31.32,18.0,29.0,11.0,,9.0,,,31.0
2025-04-29,,,,,,,,,,,,,16.49,15.19,17.89,,,,,,,,,,,,,29.39,27.89,30.7,,,,,,,,,,,,,10.82,9.45,12.1,,,,,,,,,,,,,,,,,,,,,,,,,10.41,9.06,11.69,,,,,,,,,,,,,29.88,28.28,31.34,,,,,,,,
2025-04-30,,,,,,,,,,,,,16.45,15.15,17.82,,,,,,,,,,,,,29.37,27.89,30.66,,,,,,,,,,,,,10.84,9.47,12.12,,,,,,,,,,,,,,,,,,,,,,,,,10.42,9.11,11.68,,,,,,,,,,,,,29.92,28.29,31.37,,,,,,,,
2025-05-01,,,,,,,,,,,,,16.42,15.09,17.76,,,,,,,,,,,,,29.36,27.89,30.62,,,,,,,,,,,,,10.85,9.48,12.14,,,,,,,,,,,,,,,,,,,,,,,,,10.42,9.15,11.67,,,,,,,,,,,,,29.95,28.29,31.43,,,,,,,,
2025-05-02,,,,,,,,,,,,,16.38,15.04,17.74,,,,,,,,,,,,,29.34,27.89,30.58,,,,,,,,,,,,,10.87,9.5,12.16,,,,,,,,,,,,,,,,,,,,,,,,,10.43,9.19,11.66,,,,,,,,,,,,,29.99,28.3,31.48,15.0,30.0,11.0,,11.0,,,29.0
2025-05-03,,,,,,,,,,,,,16.35,14.99,17.72,,,,,,,,,,,,,29.33,27.89,30.56,,,,,,,,,,,,,10.89,9.51,12.18,,,,,,,,,,,,,,,,,,,,,,,,,10.43,9.18,11.65,,,,,,,,,,,,,30.03,28.38,31.49,17.0,29.0,11.0,,11.0,,,29.0
2025-05-04,,,,,,,,,,,,,16.31,14.93,17.67,,,,,,,,,,,,,29.31,27.88,30.54,,,,,,,,,,,,,10.91,9.51,12.19,,,,,,,,,,,,,,,,,,,,,,,,,10.44,9.16,11.63,,,,,,,,,,,,,30.08,28.48,31.52,,,,,,,,
2025-05-05,,,,,,,,,,,,,16.27,14.88,17.65,,,,,,,,,,,,,29.3,27.83,30.52,,,,,,,,,,,,,10.93,9.52,12.21,,,,,,,,,,,,,,,,,,,,,,,,,10.44,9.14,11.62,,,,,,,,,,,,,30.12,28.55,31.54,,,,,,,,
2025-05-06,,,,,,,,,,,,,16.23,14.83,17.6,,,,,,,,,,,,,29.29,27.84,30.5,,,,,,,,,,,,,10.94,9.52,12.23,,,,,,,,,,,,,,,,,,,,,,,,,10.45,9.17,11.6,,,,,,,,,,,,,30.16,28.58,31.54,13.0,27.0,14.0,,10.0,,,35.0
2025-05-07,,,,,,,,,,,,,16.19,14.78,17.55,,,,,,,,,,,,,29.27,27.86,30.49,,,,,,,,,,,,,10.96,9.52,12.25,,,,,,,,,,,,,,,,,,,,,,,,,10.45,9.2,11.59,,,,,,,,,,,,,30.2,28.62,31.58,,,,,,,,
2025-05-08,,,,,,,,,,,,,16.15,14.73,17.51,,,,,,,,,,,,,29.26,27.86,30.46,,,,,,,,,,,,,10.98,9.52,12.27,,,,,,,,,,,,,,,,,,,,,,,,,10.46,9.2,11.6,,,,,,,,,,,,,30.25,28.7,31.61,,,,,,,,
2025-05-09,,,,,,,,,,,,,16.11,14.69,17.48,,,,,,,,,,,,,29.25,27.84,30.44,,,,,,,,,,,,,10.99,9.52,12.29,,,,,,,,,,,,,,,,,,,,,,,,,10.46,9.19,11.6,,,,,,,,,,,,,30.29,28.78,31.65,,,,,,,,
2025-05-10,,,,,,,,,,,,,16.07,14.64,17.45,,,,,,,,,,,,,29.24,27.81,30.43,,,,,,,,,,,,,11.01,9.52,12.31,,,,,,,,,,,,,,,,,,,,,,,,,10.47,9.2,11.6,,,,,,,,,,,,,30.33,28.83,31.69,,,,,,,,
2025-05-11,,,,,,,,,,,,,16.03,14.63,17.41,,,,,,,,,,,,,29.23,27.78,30.43,,,,,,,,,,,,,11.03,9.52,12.32,,,,,,,,,,,,,,,,,,,,,,,,,10.47,9.22,11.58,,,,,,,,,,,,,30.38,28.88,31.75,,,,,,,,
2025-05-12,,,,,,,,,,,,,15.99,14.62,17.38,,,,,,,,,,,,,29.22,27.79,30.43,,,,,,,,,,,,,11.04,9.52,12.32,,,,,,,,,,,,,,,,,,,,,,,,,10.47,9.2,11.6,,,,,,,,,,,,,30.42,28.92,31.79,16.0,31.0,8.0,,11.0,,,29.0
2025-05-13,,,,,,,,,,,,,15.95,14.59,17.34,,,,,,,,,,,,,29.21,27.81,30.4,,,,,,,,,,,,,11.06,9.52,12.33,,,,,,,,,,,,,,,,,,,,,,,,,10.48,9.19,11.6,,,,,,,,,,,,,30.47,28.95,31.84,,,,,,,,
2025-05-14,,,,,,,,,,,,,15.9,14.54,17.31,,,,,,,,,,,,,29.2,27.8,30.39,,,,,,,,,,,,,11.07,9.53,12.34,,,,,,,,,,,,,,,,,,,,,,,,,10.48,9.18,11.6,,,,,,,,,,,,,30.51,28.98,31.87,,,,,,,,
2025-05-15,,,,,,,,,,,,,15.86,14.49,17.26,,,,,,,,,,,,,29.19,27.8,30.41,,,,,,,,,,,,,11.09,9.53,12.37,,,,,,,,,,,,,,,,,,,,,,,,,10.49,9.16,11.63,,,,,,,,,,,,,30.56,29.01,31.92,,,,,,,,
2025-05-16,,,,,,,,,,,,,15.81,14.43,17.22,,,,,,,,,,,,,29.19,27.77,30.44,,,,,,,,,,,,,11.1,9.54,12.42,,,,,,,,,,,,,,,,,,,,,,,,,10.49,9.15,11.65,,,,,,,,,,,,,30.6,29.08,31.99,,,,,,,,
2025-05-17,,,,,,,,,,,,,15.77,14.37,17.18,,,,,,,,,,,,,29.18,27.75,30.45,,,,,,,,,,,,,11.11,9.56,12.43,,,,,,,,,,,,,,,,,,,,,,,,,10.5,9.14,11.67,,,,,,,,,,,,,30.64,29.12,32.03,,,,,,,,
2025-05-18,,,,,,,,,,,,,15.73,14.33,17.14,,,,,,,,,,,,,29.18,27.73,30.46,,,,,,,,,,,,,11.13,9.59,12.44,,,,,,,,,,,,,,,,,,,,,,,,,10.5,9.15,11.68,,,,,,,,,,,,,30.69,29.17,32.07,,,,,,,,
2025-05-19,,,,,,,,,,,,,15.68,14.28,17.1,,,,,,,,,,,,,29.17,27.71,30.47,,,,,,,,,,,,,11.14,9.6,12.46,,,,,,,,,,,,,,,,,,,,,,,,,10.5,9.18,11.69,,,,,,,,,,,,,30.73,29.22,32.11,13.0,29.0,14.0,,10.0,,,33.0
2025-05-20,,,,,,,,,,,,,15.64,14.23,17.06,,,,,,,,,,,,,29.17,27.73,30.46,,,,,,,,,,,,,11.15,9.59,12.48,,,,,,,,,,,,,,,,,,,,,,,,,10.51,9.21,11.69,,,,,,,,,,,,,30.77,29.28,32.14,,,,,,,,
2025-05-21,,,,,,,,,,,,,15.59,14.16,17.02,,,,,,,,,,,,,29.17,27.75,30.45,,,,,,,,,,,,,11.16,9.62,12.51,,,,,,,,,,,,,,,,,,,,,,,,,10.51,9.21,11.7,,,,,,,,,,,,,30.81,29.34,32.18,16.0,29.0,11.0,,10.0,,,32.0
2025-05-22,,,,,,,,,,,,,15.55,14.11,16.98,,,,,,,,,,,,,29.17,27.76,30.48,,,,,,,,,,,,,11.17,9.65,12.54,,,,,,,,,,,,,,,,,,,,,,,,,10.52,9.21,11.73,,,,,,,,,,,,,30.85,29.43,32.25,,,,,,,,
2025-05-23,,,,,,,,,,,,,15.5,14.05,16.96,,,,,,,,,,,,,29.16,27.79,30.48,,,,,,,,,,,,,11.18,9.67,12.57,,,,,,,,,,,,,,,,,,,,,,,,,10.52,9.22,11.75,,,,,,,,,,,,,30.89,29.46,32.32,,,,,,,,
2025-05-24,,,,,,,,,,,,,15.46,13.99,16.94,,,,,,,,,,,,,29.16,27.82,30.45,,,,,,,,,,,,,11.19,9.67,12.59,,,,,,,,,,,,,,,,,,,,,,,,,10.52,9.22,11.75,,,,,,,,,,,,,30.93,29.48,32.39,,,,,,,,
2025-05-25,,,,,,,,,,,,,15.41,13.94,16.91,,,,,,,,,,,,,29.16,27.83,30.46,,,,,,,,,,,,,11.2,9.67,12.62,,,,,,,,,,,,,,,,,,,,,,,,,10.53,9.22,11.74,,,,,,,,,,,,,30.97,29.55,32.45,,,,,,,,
2025-05-26,,,,,,,,,,,,,15.37,13.88,16.89,,,,,,,,,,,,,29.16,27.85,30.49,,,,,,,,,,,,,11.21,9.66,12.65,,,,,,,,,,,,,,,,,,,,,,,,,10.53,9.23,11.76,,,,,,,,,,,,,31.01,29.57,32.48,,,,,,,,
2025-05-27,,,,,,,,,,,,,15.32,13.83,16.87,,,,,,,,,,,,,29.16,27.85,30.52,,,,,,,,,,,,,11.22,9.64,12.68,,,,,,,,,,,,,,,,,,,,,,,,,10.53,9.23,11.78,,,,,,,,,,,,,31.05,29.63,32.51,16.0,24.0,12.0,,11.0,,,34.0
2025-05-28,,,,,,,,,,,,,15.28,13.77,16.81,,,,,,,,,,,,,29.16,27.86,30.54,,,,,,,,,,,,,11.23,9.62,12.71,,,,,,,,,,,,,,,,,,,,,,,,,10.54,9.24,11.78,,,,,,,,,,,,,31.08,29.66,32.55,,,,,,,,
2025-05-29,,,,,,,,,,,,,15.23,13.72,16.75,,,,,,,,,,,,,29.16,27.85,30.55,,,,,,,,,,,,,11.23,9.62,12.7,,,,,,,,,,,,,,,,,,,,,,,,,10.54,9.24,11.78,,,,,,,,,,,,,31.12,29.68,32.57,,,,,,,,
2025-05-30,,,,,,,,,,,,,15.19,13.66,16.72,,,,,,,,,,,,,29.16,27.82,30.55,,,,,,,,,,,,,11.24,9.64,12.74,,,,,,,,,,,,,,,,,,,,,,,,,10.55,9.25,11.78,,,,,,,,,,,,,31.15,29.69,32.6,,,,,,,,
2025-05-31,,,,,,,,,,,,,15.15,13.61,16.7,,,,,,,,,,,,,29.16,27.8,30.53,,,,,,,,,,,,,11.24,9.66,12.72,,,,,,,,,,,,,,,,,,,,,,,,,10.55,9.27,11.77,,,,,,,,,,,,,31.19,29.71,32.62,,,,,,,,
2025-06-01,,,,,,,,,,,,,15.11,13.57,16.67,,,,,,,,,,,,,29.16,27.79,30.51,,,,,,,,,,,,,11.25,9.68,12.73,,,,,,,,,,,,,,,,,,,,,,,,,10.55,9.27,11.77,,,,,,,,,,,,,31.22,29.71,32.68,,,,,,,,
2025-06-02,,,,,,,,,,,,,15.07,13.53,16.64,,,,,,,,,,,,,29.16,27.81,30.51,,,,,,,,,,,,,11.25,9.69,12.75,,,,,,,,,,,,,,,,,,,,,,,,,10.56,9.27,11.78,,,,,,,,,,,,,31.25,29.73,32.73,16.0,27.0,10.0,,12.0,,,32.0
2025-06-03,,,,,,,,,,,,,15.03,13.52,16.59,,,,,,,,,,,,,29.16,27.83,30.51,,,,,,,,,,,,,11.25,9.7,12.77,,,,,,,,,,,,,,,,,,,,,,,,,10.56,9.28,11.79,,,,,,,,,,,,,31.28,29.76,32.75,,,,,,,,
2025-06-04,,,,,,,,,,,,,14.99,13.51,16.52,,,,,,,,,,,,,29.16,27.86,30.51,,,,,,,,,,,,,11.25,9.7,12.79,,,,,,,,,,,,,,,,,,,,,,,,,10.57,9.29,11.79,,,,,,,,,,,,,31.31,29.77,32.78,,,,,,,,
2025-06-05,,,,,,,,,,,,,14.95,13.45,16.48,,,,,,,,,,,,,29.16,27.84,30.51,,,,,,,,,,,,,11.26,9.71,12.79,,,,,,,,,,,,,,,,,,,,,,,,,10.57,9.31,11.8,,,,,,,,,,,,,31.33,29.79,32.82,,,,,,,,
2025-06-06,,,,,,,,,,,,,14.91,13.4,16.47,,,,,,,,,,,,,29.16,27.82,30.53,,,,,,,,,,,,,11.26,9.72,12.78,,,,,,,,,,,,,,,,,,,,,,,,,10.58,9.33,11.8,,,,,,,,,,,,,31.36,29.8,32.88,,,,,,,,
2025-06-07,,,,,,,,,,,,,14.88,13.36,16.43,,,,,,,,,,,,,29.16,27.81,30.54,,,,,,,,,,,,,11.26,9.74,12.78,,,,,,,,,,,,,,,,,,,,,,,,,10.58,9.34,11.81,,,,,,,,,,,,,31.38,29.82,32.92,,,,,,,,
2025-06-08,,,,,,,,,,,,,14.84,13.33,16.4,,,,,,,,,,,,,29.15,27.8,30.56,,,,,,,,,,,,,11.25,9.78,12.8,,,,,,,,,,,,,,,,,,,,,,,,,10.59,9.34,11.82,,,,,,,,,,,,,31.41,29.84,32.93,,,,,,,,
2025-06-09,,,,,,,,,,,,,14.81,13.3,16.39,,,,,,,,,,,,,29.15,27.79,30.54,,,,,,,,,,,,,11.25,9.82,12.79,,,,,,,,,,,,,,,,,,,,,,,,,10.59,9.36,11.83,,,,,,,,,,,,,31.43,29.86,32.97,12.0,31.0,14.0,,9.0,,,33.0
2025-06-10,,,,,,,,,,,,,14.77,13.28,16.35,,,,,,,,,,,,,29.15,27.77,30.56,,,,,,,,,,,,,11.25,9.84,12.79,,,,,,,,,,,,,,,,,,,,,,,,,10.6,9.38,11.83,,,,,,,,,,,,,31.45,29.87,33.05,,,,,,,,
2025-06-11,,,,,,,,,,,,,14.74,13.25,16.31,,,,,,,,,,,,,29.14,27.75,30.56,,,,,,,,,,,,,11.25,9.82,12.78,,,,,,,,,,,,,,,,,,,,,,,,,10.61,9.37,11.84,,,,,,,,,,,,,31.48,29.9,33.1,,,,,,,,
2025-06-12,,,,,,,,,,,,,14.71,13.23,16.26,,,,,,,,,,,,,29.14,27.74,30.55,,,,,,,,,,,,,11.25,9.8,12.78,,,,,,,,,,,,,,,,,,,,,,,,,10.61,9.4,11.85,,,,,,,,,,,,,31.5,29.92,33.11,16.0,30.0,10.0,,10.0,,,32.0
2025-06-13,,,,,,,,,,,,,14.68,13.2,16.22,,,,,,,,,,,,,29.13,27.72,30.54,,,,,,,,,,,,,11.24,9.82,12.79,,,,,,,,,,,,,,,,,,,,,,,,,10.62,9.43,11.86,,,,,,,,,,,,,31.52,29.95,33.11,15.0,30.0,9.0,,10.0,,,32.0
2025-06-14,,,,,,,,,,,,,14.65,13.17,16.17,,,,,,,,,,,,,29.12,27.7,30.53,,,,,,,,,,,,,11.24,9.84,12.8,,,,,,,,,,,,,,,,,,,,,,,,,10.63,9.45,11.87,,,,,,,,,,,,,31.54,29.97,33.11,,,,,,,,
2025-06-15,,,,,,,,,,,,,14.62,13.15,16.13,,,,,,,,,,,,,29.12,27.7,30.53,,,,,,,,,,,,,11.24,9.85,12.82,,,,,,,,,,,,,,,,,,,,,,,,,10.63,9.46,11.88,,,,,,,,,,,,,31.56,30.01,33.11,,,,,,,,
2025-06-16,,,,,,,,,,,,,14.59,13.14,16.1,,,,,,,,,,,,,29.11,27.68,30.53,,,,,,,,,,,,,11.23,9.88,12.83,,,,,,,,,,,,,,,,,,,,,,,,,10.64,9.45,11.86,,,,,,,,,,,,,31.58,30.05,33.1,15.0,28.0,12.0,,12.0,,,30.0
2025-06-17,,,,,,,,,,,,,14.57,13.12,16.08,,,,,,,,,,,,,29.1,27.65,30.52,,,,,,,,,,,,,11.23,9.91,12.83,,,,,,,,,,,,,,,,,,,,,,,,,10.65,9.44,11.87,,,,,,,,,,,,,31.59,30.06,33.12,,,,,,,,
2025-06-18,,,,,,,,,,,,,14.54,13.1,16.03,,,,,,,,,,,,,29.09,27.63,30.52,,,,,,,,,,,,,11.22,9.93,12.84,,,,,,,,,,,,,,,,,,,,,,,,,10.65,9.47,11.89,,,,,,,,,,,,,31.61,30.08,33.14,,,,,,,,
2025-06-19,,,,,,,,,,,,,14.52,13.09,16.0,,,,,,,,,,,,,29.08,27.62,30.5,,,,,,,,,,,,,11.22,9.95,12.85,,,,,,,,,,,,,,,,,,,,,,,,,10.66,9.5,11.91,,,,,,,,,,,,,31.63,30.12,33.17,,,,,,,,
2025-06-20,,,,,,,,,,,,,14.5,13.07,15.98,,,,,,,,,,,,,29.07,27.58,30.47,,,,,,,,,,,,,11.22,9.95,12.86,,,,,,,,,,,,,,,,,,,,,,,,,10.67,9.49,11.94,,,,,,,,,,,,,31.64,30.15,33.19,,,,,,,,
2025-06-21,,,,,,,,,,,,,14.48,13.04,15.96,,,,,,,,,,,,,29.05,27.54,30.48,,,,,,,,,,,,,11.21,9.95,12.82,,,,,,,,,,,,,,,,,,,,,,,,,10.67,9.46,11.95,,,,,,,,,,,,,31.66,30.17,33.22,,,,,,,,
2025-06-22,,,,,,,,,,,,,14.46,13.05,15.94,,,,,,,,,,,,,29.04,27.52,30.49,,,,,,,,,,,,,11.21,9.95,12.78,,,,,,,,,,,,,,,,,,,,,,,,,10.68,9.44,11.96,,,,,,,,,,,,,31.67,30.17,33.24,,,,,,,,
2025-06-23,,,,,,,,,,,,,14.44,13.04,15.92,,,,,,,,,,,,,29.03,27.49,30.48,,,,,,,,,,,,,11.21,9.95,12.76,,,,,,,,,,,,,,,,,,,,,,,,,10.68,9.43,11.96,,,,,,,,,,,,,31.68,30.16,33.27,14.0,29.0,13.0,,12.0,,,29.0
2025-06-24,,,,,,,,,,,,,14.42,13.04,15.9,,,,,,,,,,,,,29.02,27.47,30.5,,,,,,,,,,,,,11.21,9.95,12.77,,,,,,,,,,,,,,,,,,,,,,,,,10.68,9.43,11.98,,,,,,,,,,,,,31.69,30.17,33.28,,,,,,,,
2025-06-25,,,,,,,,,,,,,14.4,13.04,15.89,,,,,,,,,,,,,29.01,27.44,30.52,,,,,,,,,,,,,11.2,9.95,12.79,,,,,,,,,,,,,,,,,,,,,,,,,10.69,9.43,12.0,,,,,,,,,,,,,31.7,30.21,33.29,,,,,,,,
2025-06-26,,,,,,,,,,,,,14.38,13.05,15.9,,,,,,,,,,,,,28.99,27.42,30.51,,,,,,,,,,,,,11.2,9.95,12.83,,,,,,,,,,,,,,,,,,,,,,,,,10.69,9.44,12.01,,,,,,,,,,,,,31.71,30.24,33.3,,,,,,,,
2025-06-27,,,,,,,,,,,,,14.37,13.06,15.88,,,,,,,,,,,,,28.98,27.39,30.48,,,,,,,,,,,,,11.2,9.94,12.81,,,,,,,,,,,,,,,,,,,,,,,,,10.7,9.47,12.01,,,,,,,,,,,,,31.72,30.25,33.27,,,,,,,,
2025-06-28,,,,,,,,,,,,,14.36,13.02,15.9,,,,,,,,,,,,,28.97,27.37,30.48,,,,,,,,,,,,,11.2,9.94,12.82,,,,,,,,,,,,,,,,,,,,,,,,,10.7,9.49,12.03,,,,,,,,,,,,,31.73,30.27,33.29,,,,,,,,
2025-06-29,,,,,,,,,,,,,14.34,12.99,15.9,,,,,,,,,,,,,28.95,27.34,30.48,,,,,,,,,,,,,11.19,9.93,12.84,,,,,,,,,,,,,,,,,,,,,,,,,10.7,9.51,12.06,,,,,,,,,,,,,31.73,30.28,33.3,,,,,,,,
2025-06-30,,,,,,,,,,,,,14.33,12.96,15.9,,,,,,,,,,,,,28.94,27.35,30.49,,,,,,,,,,,,,11.19,9.93,12.85,,,,,,,,,,,,,,,,,,,,,,,,,10.7,9.52,12.08,,,,,,,,,,,,,31.74,30.3,33.31,13.3,31.3,10.3,,10.3,,,31.7
2025-07-01,,,,,,,,,,,,,14.32,12.93,15.89,,,,,,,,,,,,,28.92,27.35,30.48,,,,,,,,,,,,,11.19,9.93,12.87,,,,,,,,,,,,,,,,,,,,,,,,,10.71,9.51,12.08,,,,,,,,,,,,,31.74,30.32,33.33,,,,,,,,
2025-07-02,,,,,,,,,,,,,14.31,12.89,15.89,,,,,,,,,,,,,28.91,27.35,30.47,,,,,,,,,,,,,11.19,9.91,12.88,,,,,,,,,,,,,,,,,,,,,,,,,10.71,9.51,12.07,,,,,,,,,,,,,31.75,30.33,33.35,,,,,,,,
2025-07-03,,,,,,,,,,,,,14.3,12.86,15.89,,,,,,,,,,,,,28.89,27.36,30.45,,,,,,,,,,,,,11.18,9.91,12.89,,,,,,,,,,,,,,,,,,,,,,,,,10.71,9.52,12.07,,,,,,,,,,,,,31.75,30.34,33.34,,,,,,,,
2025-07-04,,,,,,,,,,,,,14.3,12.83,15.89,,,,,,,,,,,,,28.87,27.36,30.44,,,,,,,,,,,,,11.18,9.91,12.91,,,,,,,,,,,,,,,,,,,,,,,,,10.72,9.5,12.06,,,,,,,,,,,,,31.75,30.33,33.33,,,,,,,,
2025-07-05,,,,,,,,,,,,,14.29,12.84,15.89,,,,,,,,,,,,,28.86,27.36,30.43,,,,,,,,,,,,,11.18,9.91,12.91,,,,,,,,,,,,,,,,,,,,,,,,,10.72,9.5,12.07,,,,,,,,,,,,,31.76,30.34,33.32,,,,,,,,
2025-07-06,,,,,,,,,,,,,14.28,12.86,15.86,,,,,,,,,,,,,28.84,27.36,30.41,,,,,,,,,,,,,11.17,9.91,12.9,,,,,,,,,,,,,,,,,,,,,,,,,10.72,9.51,12.09,,,,,,,,,,,,,31.76,30.35,33.31,,,,,,,,
2025-07-07,,,,,,,,,,,,,14.28,12.88,15.84,,,,,,,,,,,,,28.81,27.36,30.37,,,,,,,,,,,,,11.17,9.91,12.88,,,,,,,,,,,,,,,,,,,,,,,,,10.73,9.52,12.1,,,,,,,,,,,,,31.77,30.32,33.3,14.0,31.0,9.0,,11.0,,,31.0
2025-07-08,,,,,,,,,,,,,14.28,12.89,15.82,,,,,,,,,,,,,28.79,27.35,30.33,,,,,,,,,,,,,11.17,9.9,12.86,,,,,,,,,,,,,,,,,,,,,,,,,10.73,9.5,12.1,,,,,,,,,,,,,31.77,30.32,33.3,,,,,,,,
2025-07-09,,,,,,,,,,,,,14.28,12.89,15.83,,,,,,,,,,,,,28.76,27.34,30.31,,,,,,,,,,,,,11.16,9.9,12.85,,,,,,,,,,,,,,,,,,,,,,,,,10.74,9.5,12.09,,,,,,,,,,,,,31.78,30.34,33.29,,,,,,,,
2025-07-10,,,,,,,,,,,,,14.27,12.88,15.83,,,,,,,,,,,,,28.74,27.32,30.29,,,,,,,,,,,,,11.16,9.9,12.83,,,,,,,,,,,,,,,,,,,,,,,,,10.74,9.54,12.09,,,,,,,,,,,,,31.78,30.35,33.31,,,,,,,,
2025-07-11,,,,,,,,,,,,,14.27,12.88,15.85,,,,,,,,,,,,,28.71,27.29,30.27,,,,,,,,,,,,,11.15,9.9,12.82,,,,,,,,,,,,,,,,,,,,,,,,,10.75,9.54,12.08,,,,,,,,,,,,,31.79,30.35,33.35,15.0,30.0,9.0,,10.0,,3.0,32.0
2025-07-12,,,,,,,,,,,,,14.27,12.86,15.87,,,,,,,,,,,,,28.68,27.27,30.24,,,,,,,,,,,,,11.15,9.87,12.81,,,,,,,,,,,,,,,,,,,,,,,,,10.76,9.52,12.07,,,,,,,,,,,,,31.8,30.38,33.38,,,,,,,,
2025-07-13,,,,,,,,,,,,,14.27,12.84,15.88,,,,,,,,,,,,,28.64,27.24,30.21,,,,,,,,,,,,,11.14,9.84,12.81,,,,,,,,,,,,,,,,,,,,,,,,,10.76,9.49,12.06,,,,,,,,,,,,,31.81,30.41,33.4,,,,,,,,
2025-07-14,,,,,,,,,,,,,14.27,12.83,15.87,,,,,,,,,,,,,28.61,27.21,30.16,,,,,,,,,,,,,11.13,9.83,12.8,,,,,,,,,,,,,,,,,,,,,,,,,10.77,9.47,12.06,,,,,,,,,,,,,31.81,30.43,33.39,13.0,26.0,14.0,,12.0,,,33.0
2025-07-15,,,,,,,,,,,,,14.27,12.82,15.87,,,,,,,,,,,,,28.57,27.18,30.12,,,,,,,,,,,,,11.13,9.8,12.79,,,,,,,,,,,,,,,,,,,,,,,,,10.78,9.47,12.05,,,,,,,,,,,,,31.82,30.43,33.38,,,,,,,,
2025-07-16,,,,,,,,,,,,,14.28,12.82,15.86,,,,,,,,,,,,,28.53,27.15,30.1,,,,,,,,,,,,,11.12,9.77,12.8,,,,,,,,,,,,,,,,,,,,,,,,,10.79,9.48,12.04,,,,,,,,,,,,,31.83,30.48,33.37,,,,,,,,
2025-07-17,,,,,,,,,,,,,14.28,12.82,15.85,,,,,,,,,,,,,28.5,27.13,30.08,,,,,,,,,,,,,11.11,9.74,12.78,,,,,,,,,,,,,,,,,,,,,,,,,10.8,9.49,12.03,,,,,,,,,,,,,31.85,30.51,33.36,,,,,,,,
2025-07-18,,,,,,,,,,,,,14.28,12.85,15.84,,,,,,,,,,,,,28.46,27.1,30.05,,,,,,,,,,,,,11.1,9.71,12.78,,,,,,,,,,,,,,,,,,,,,,,,,10.81,9.5,12.04,,,,,,,,,,,,,31.86,30.52,33.35,,,,,,,,
2025-07-19,,,,,,,,,,,,,14.28,12.89,15.82,,,,,,,,,,,,,28.41,27.06,30.03,,,,,,,,,,,,,11.1,9.68,12.77,,,,,,,,,,,,,,,,,,,,,,,,,10.82,9.52,12.06,,,,,,,,,,,,,31.87,30.52,33.38,,,,,,,,
2025-07-20,,,,,,,,,,,,,14.28,12.92,15.81,,,,,,,,,,,,,28.37,27.03,30.0,,,,,,,,,,,,,11.09,9.65,12.77,,,,,,,,,,,,,,,,,,,,,,,,,10.83,9.52,12.05,,,,,,,,,,,,,31.88,30.52,33.4,,,,,,,,
2025-07-21,,,,,,,,,,,,,14.28,12.94,15.81,,,,,,,,,,,,,28.33,27.0,29.95,,,,,,,,,,,,,11.08,9.63,12.76,,,,,,,,,,,,,,,,,,,,,,,,,10.84,9.51,12.04,,,,,,,,,,,,,31.9,30.53,33.42,14.0,32.0,10.0,,10.0,,,30.0
2025-07-22,,,,,,,,,,,,,14.28,12.94,15.79,,,,,,,,,,,,,28.28,26.98,29.88,,,,,,,,,,,,,11.07,9.62,12.75,,,,,,,,,,,,,,,,,,,,,,,,,10.85,9.5,12.07,,,,,,,,,,,,,31.91,30.58,33.43,,,,,,,,
2025-07-23,,,,,,,,,,,,,14.29,12.91,15.8,,,,,,,,,,,,,28.24,26.92,29.8,,,,,,,,,,,,,11.07,9.63,12.75,,,,,,,,,,,,,,,,,,,,,,,,,10.86,9.5,12.09,,,,,,,,,,,,,31.93,30.61,33.42,14.0,29.0,12.0,,11.0,,,31.0
2025-07-24,,,,,,,,,,,,,14.29,12.89,15.81,,,,,,,,,,,,,28.19,26.88,29.76,,,,,,,,,,,,,11.06,9.62,12.74,,,,,,,,,,,,,,,,,,,,,,,,,10.88,9.49,12.08,,,,,,,,,,,,,31.94,30.6,33.44,,,,,,,,
2025-07-25,,,,,,,,,,,,,14.29,12.9,15.81,,,,,,,,,,,,,28.15,26.84,29.72,,,,,,,,,,,,,11.05,9.59,12.7,,,,,,,,,,,,,,,,,,,,,,,,,10.89,9.49,12.08,,,,,,,,,,,,,31.96,30.59,33.48,,,,,,,,
2025-07-26,,,,,,,,,,,,,14.29,12.93,15.8,,,,,,,,,,,,,28.1,26.81,29.67,,,,,,,,,,,,,11.04,9.56,12.66,,,,,,,,,,,,,,,,,,,,,,,,,10.9,9.52,12.08,,,,,,,,,,,,,31.97,30.56,33.49,,,,,,,,
2025-07-27,,,,,,,,,,,,,14.3,12.93,15.81,,,,,,,,,,,,,28.05,26.73,29.64,,,,,,,,,,,,,11.04,9.55,12.65,,,,,,,,,,,,,,,,,,,,,,,,,10.92,9.56,12.09,,,,,,,,,,,,,31.99,30.54,33.52,,,,,,,,
2025-07-28,,,,,,,,,,,,,14.3,12.93,15.83,,,,,,,,,,,,,28.0,26.68,29.58,,,,,,,,,,,,,11.03,9.54,12.63,,,,,,,,,,,,,,,,,,,,,,,,,10.93,9.59,12.12,,,,,,,,,,,,,32.0,30.55,33.53,13.0,31.0,10.0,,11.0,,,32.0
2025-07-29,,,,,,,,,,,,,14.3,12.93,15.83,,,,,,,,,,,,,27.96,26.63,29.54,,,,,,,,,,,,,11.02,9.51,12.62,,,,,,,,,,,,,,,,,,,,,,,,,10.95,9.62,12.16,,,,,,,,,,,,,32.02,30.55,33.56,,,,,,,,
2025-07-30,,,,,,,,,,,,,14.31,12.93,15.83,,,,,,,,,,,,,27.91,26.58,29.49,,,,,,,,,,,,,11.02,9.51,12.6,,,,,,,,,,,,,,,,,,,,,,,,,10.96,9.63,12.2,,,,,,,,,,,,,32.03,30.55,33.58,15.0,30.0,10.0,,10.0,,,33.0
2025-07-31,,,,,,,,,,,,,14.31,12.93,15.84,,,,,,,,,,,,,27.86,26.53,29.44,,,,,,,,,,,,,11.01,9.54,12.59,,,,,,,,,,,,,,,,,,,,,,,,,10.98,9.64,12.24,,,,,,,,,,,,,32.05,30.56,33.6,,,,,,,,
2025-08-01,,,,,,,,,,,,,14.32,12.93,15.83,,,,,,,,,,,,,27.81,26.47,29.4,,,,,,,,,,,,,11.0,9.55,12.58,,,,,,,,,,,,,,,,,,,,,,,,,10.99,9.64,12.25,,,,,,,,,,,,,32.06,30.57,33.62,,,,,,,,
2025-08-02,,,,,,,,,,,,,14.33,12.94,15.83,,,,,,,,,,,,,27.76,26.39,29.38,,,,,,,,,,,,,11.0,9.58,12.57,,,,,,,,,,,,,,,,,,,,,,,,,11.01,9.65,12.26,,,,,,,,,,,,,32.08,30.59,33.61,,,,,,,,
2025-08-03,,,,,,,,,,,,,14.33,12.94,15.83,,,,,,,,,,,,,27.71,26.32,29.37,,,,,,,,,,,,,10.99,9.58,12.57,,,,,,,,,,,,,,,,,,,,,,,,,11.02,9.68,12.27,,,,,,,,,,,,,32.09,30.6,33.66,,,,,,,,
2025-08-04,,,,,,,,,,,,,14.34,12.95,15.83,,,,,,,,,,,,,27.66,26.26,29.32,,,,,,,,,,,,,10.98,9.56,12.54,,,,,,,,,,,,,,,,,,,,,,,,,11.04,9.71,12.29,,,,,,,,,,,,,32.11,30.61,33.68,14.0,27.0,11.0,,11.0,,,33.0
2025-08-05,,,,,,,,,,,,,14.35,12.96,15.82,,,,,,,,,,,,,27.61,26.21,29.28,,,,,,,,,,,,,10.98,9.55,12.53,,,,,,,,,,,,,,,,,,,,,,,,,11.06,9.74,12.29,,,,,,,,,,,,,32.12,30.61,33.7,,,,,,,,
2025-08-06,,,,,,,,,,,,,14.35,12.98,15.82,,,,,,,,,,,,,27.56,26.16,29.24,,,,,,,,,,,,,10.97,9.54,12.51,,,,,,,,,,,,,,,,,,,,,,,,,11.08,9.74,12.3,,,,,,,,,,,,,32.14,30.61,33.68,,,,,,,,
2025-08-07,,,,,,,,,,,,,14.36,13.0,15.82,,,,,,,,,,,,,27.51,26.11,29.19,,,,,,,,,,,,,10.97,9.53,12.5,,,,,,,,,,,,,,,,,,,,,,,,,11.09,9.74,12.3,,,,,,,,,,,,,32.15,30.61,33.69,,,,,,,,
2025-08-08,,,,,,,,,,,,,14.37,13.01,15.81,,,,,,,,,,,,,27.46,26.06,29.14,,,,,,,,,,,,,10.96,9.52,12.49,,,,,,,,,,,,,,,,,,,,,,,,,11.11,9.74,12.31,,,,,,,,,,,,,32.16,30.6,33.72,,,,,,,,
2025-08-09,,,,,,,,,,,,,14.38,13.02,15.81,,,,,,,,,,,,,27.41,25.97,29.08,,,,,,,,,,,,,10.96,9.51,12.48,,,,,,,,,,,,,,,,,,,,,,,,,11.13,9.77,12.32,,,,,,,,,,,,,32.18,30.6,33.75,,,,,,,,
2025-08-10,,,,,,,,,,,,,14.39,12.99,15.8,,,,,,,,,,,,,27.37,25.86,29.03,,,,,,,,,,,,,10.96,9.51,12.44,,,,,,,,,,,,,,,,,,,,,,,,,11.15,9.8,12.33,,,,,,,,,,,,,32.19,30.6,33.78,,,,,,,,
2025-08-11,,,,,,,,,,,,,14.4,12.98,15.83,,,,,,,,,,,,,27.32,25.8,28.97,,,,,,,,,,,,,10.95,9.51,12.42,,,,,,,,,,,,,,,,,,,,,,,,,11.17,9.84,12.35,,,,,,,,,,,,,32.2,30.55,33.81,14.0,27.0,12.0,,10.0,,,33.0
2025-08-12,,,,,,,,,,,,,14.41,12.96,15.85,,,,,,,,,,,,,27.27,25.76,28.91,,,,,,,,,,,,,10.95,9.49,12.44,,,,,,,,,,,,,,,,,,,,,,,,,11.19,9.87,12.37,,,,,,,,,,,,,32.21,30.56,33.83,,,,,,,,
2025-08-13,,,,,,,,,,,,,14.42,12.96,15.86,,,,,,,,,,,,,27.22,25.69,28.85,,,,,,,,,,,,,10.95,9.43,12.43,,,,,,,,,,,,,,,,,,,,,,,,,11.21,9.9,12.39,,,,,,,,,,,,,32.22,30.56,33.82,,,,,,,,
2025-08-14,,,,,,,,,,,,,14.43,12.96,15.87,,,,,,,,,,,,,27.17,25.61,28.79,,,,,,,,,,,,,10.94,9.44,12.41,,,,,,,,,,,,,,,,,,,,,,,,,11.23,9.94,12.41,,,,,,,,,,,,,32.23,30.57,33.84,,,,,,,,
2025-08-15,,,,,,,,,,,,,14.44,12.95,15.87,,,,,,,,,,,,,27.12,25.52,28.73,,,,,,,,,,,,,10.94,9.45,12.4,,,,,,,,,,,,,,,,,,,,,,,,,11.25,9.97,12.43,,,,,,,,,,,,,32.24,30.57,33.84,,,,,,,,
2025-08-16,,,,,,,,,,,,,14.45,12.94,15.88,,,,,,,,,,,,,27.07,25.49,28.68,,,,,,,,,,,,,10.94,9.46,12.41,,,,,,,,,,,,,,,,,,,,,,,,,11.28,10.01,12.47,,,,,,,,,,,,,32.25,30.58,33.84,,,,,,,,
2025-08-17,,,,,,,,,,,,,14.47,12.93,15.9,,,,,,,,,,,,,27.02,25.43,28.64,,,,,,,,,,,,,10.94,9.48,12.45,,,,,,,,,,,,,,,,,,,,,,,,,11.3,10.05,12.5,,,,,,,,,,,,,32.26,30.58,33.83,,,,,,,,
2025-08-18,,,,,,,,,,,,,14.48,12.94,15.91,,,,,,,,,,,,,26.97,25.35,28.59,,,,,,,,,,,,,10.94,9.5,12.45,,,,,,,,,,,,,,,,,,,,,,,,,11.32,10.07,12.55,,,,,,,,,,,,,32.27,30.58,33.82,15.7,26.7,9.7,,10.7,,,32.0
2025-08-19,,,,,,,,,,,,,14.49,12.98,15.94,,,,,,,,,,,,,26.93,25.28,28.54,,,,,,,,,,,,,10.94,9.52,12.44,,,,,,,,,,,,,,,,,,,,,,,,,11.35,10.09,12.59,,,,,,,,,,,,,32.27,30.58,33.81,,,,,,,,
2025-08-20,,,,,,,,,,,,,14.5,13.0,15.95,,,,,,,,,,,,,26.88,25.2,28.52,,,,,,,,,,,,,10.94,9.53,12.45,,,,,,,,,,,,,,,,,,,,,,,,,11.37,10.09,12.63,,,,,,,,,,,,,32.28,30.58,33.82,,,,,,,,
2025-08-21,,,,,,,,,,,,,14.52,13.01,15.96,,,,,,,,,,,,,26.83,25.08,28.48,,,,,,,,,,,,,10.94,9.51,12.44,,,,,,,,,,,,,,,,,,,,,,,,,11.39,10.11,12.66,,,,,,,,,,,,,32.28,30.58,33.8,,,,,,,,
2025-08-22,,,,,,,,,,,,,14.53,13.02,15.98,,,,,,,,,,,,,26.78,25.03,28.43,,,,,,,,,,,,,10.94,9.49,12.41,,,,,,,,,,,,,,,,,,,,,,,,,11.42,10.13,12.66,,,,,,,,,,,,,32.29,30.58,33.82,,,,,,,,
2025-08-23,,,,,,,,,,,,,14.54,13.05,15.98,,,,,,,,,,,,,26.74,24.95,28.41,,,,,,,,,,,,,10.95,9.47,12.39,,,,,,,,,,,,,,,,,,,,,,,,,11.45,10.14,12.67,,,,,,,,,,,,,32.29,30.58,33.85,,,,,,,,
2025-08-24,,,,,,,,,,,,,14.55,13.08,15.99,,,,,,,,,,,,,26.69,24.84,28.38,,,,,,,,,,,,,10.95,9.46,12.37,,,,,,,,,,,,,,,,,,,,,,,,,11.47,10.16,12.7,,,,,,,,,,,,,32.29,30.58,33.83,,,,,,,,
2025-08-25,,,,,,,,,,,,,14.57,13.11,16.0,,,,,,,,,,,,,26.64,24.75,28.31,,,,,,,,,,,,,10.95,9.43,12.34,,,,,,,,,,,,,,,,,,,,,,,,,11.5,10.18,12.74,,,,,,,,,,,,,32.3,30.59,33.81,,,,,,,,
2025-08-26,,,,,,,,,,,,,14.58,13.13,16.02,,,,,,,,,,,,,26.6,24.74,28.27,,,,,,,,,,,,,10.96,9.42,12.34,,,,,,,,,,,,,,,,,,,,,,,,,11.53,10.2,12.78,,,,,,,,,,,,,32.3,30.6,33.82,15.0,26.0,13.0,,9.0,,,32.0
2025-08-27,,,,,,,,,,,,,14.59,13.14,16.03,,,,,,,,,,,,,26.55,24.73,28.2,,,,,,,,,,,,,10.96,9.4,12.35,,,,,,,,,,,,,,,,,,,,,,,,,11.56,10.22,12.82,,,,,,,,,,,,,32.3,30.61,33.83,,,,,,,,
2025-08-28,,,,,,,,,,,,,14.6,13.16,16.04,,,,,,,,,,,,,26.51,24.71,28.15,,,,,,,,,,,,,10.96,9.39,12.37,,,,,,,,,,,,,,,,,,,,,,,,,11.59,10.26,12.86,,,,,,,,,,,,,32.3,30.62,33.84,,,,,,,,
2025-08-29,,,,,,,,,,,,,14.62,13.16,16.04,,,,,,,,,,,,,26.46,24.69,28.08,,,,,,,,,,,,,10.97,9.37,12.38,,,,,,,,,,,,,,,,,,,,,,,,,11.62,10.29,12.89,,,,,,,,,,,,,32.29,30.63,33.85,,,,,,,,
2025-08-30,,,,,,,,,,,,,14.63,13.15,16.04,,,,,,,,,,,,,26.42,24.65,28.03,,,,,,,,,,,,,10.98,9.38,12.38,,,,,,,,,,,,,,,,,,,,,,,,,11.65,10.32,12.93,,,,,,,,,,,,,32.29,30.65,33.87,,,,,,,,
2025-08-31,,,,,,,,,,,,,14.64,13.14,16.03,,,,,,,,,,,,,26.37,24.6,27.99,,,,,,,,,,,,,10.98,9.39,12.4,,,,,,,,,,,,,,,,,,,,,,,,,11.68,10.34,12.97,,,,,,,,,,,,,32.29,30.64,33.88,,,,,,,,
2025-09-01,,,,,,,,,,,,,14.66,13.14,16.04,,,,,,,,,,,,,26.33,24.54,27.97,,,,,,,,,,,,,10.99,9.36,12.43,,,,,,,,,,,,,,,,,,,,,,,,,11.72,10.38,13.01,,,,,,,,,,,,,32.28,30.62,33.9,15.0,25.0,13.0,,10.0,,,32.0
2025-09-02,,,,,,,,,,,,,14.67,13.16,16.04,,,,,,,,,,,,,26.28,24.49,27.94,,,,,,,,,,,,,10.99,9.33,12.45,,,,,,,,,,,,,,,,,,,,,,,,,11.75,10.39,13.02,,,,,,,,,,,,,32.28,30.61,33.91,,,,,,,,
2025-09-03,,,,,,,,,,,,,14.68,13.17,16.05,,,,,,,,,,,,,26.24,24.41,27.91,,,,,,,,,,,,,11.0,9.31,12.47,,,,,,,,,,,,,,,,,,,,,,,,,11.79,10.41,13.07,,,,,,,,,,,,,32.27,30.59,33.92,15.0,27.0,11.0,,10.0,,,32.0
2025-09-04,,,,,,,,,,,,,14.69,13.19,16.06,,,,,,,,,,,,,26.2,24.37,27.88,,,,,,,,,,,,,11.0,9.29,12.48,,,,,,,,,,,,,,,,,,,,,,,,,11.83,10.45,13.13,,,,,,,,,,,,,32.26,30.59,33.93,,,,,,,,
2025-09-05,,,,,,,,,,,,,14.71,13.19,16.08,,,,,,,,,,,,,26.15,24.32,27.84,,,,,,,,,,,,,11.01,9.31,12.5,,,,,,,,,,,,,,,,,,,,,,,,,11.86,10.49,13.16,,,,,,,,,,,,,32.25,30.59,33.94,,,,,,,,
2025-09-06,,,,,,,,,,,,,14.72,13.18,16.09,,,,,,,,,,,,,26.11,24.25,27.8,,,,,,,,,,,,,11.01,9.33,12.51,,,,,,,,,,,,,,,,,,,,,,,,,11.9,10.54,13.18,,,,,,,,,,,,,32.25,30.58,33.94,,,,,,,,
2025-09-07,,,,,,,,,,,,,14.73,13.16,16.09,,,,,,,,,,,,,26.07,24.19,27.77,,,,,,,,,,,,,11.02,9.34,12.5,,,,,,,,,,,,,,,,,,,,,,,,,11.94,10.58,13.23,,,,,,,,,,,,,32.24,30.56,33.93,,,,,,,,
2025-09-08,,,,,,,,,,,,,14.74,13.15,16.12,,,,,,,,,,,,,26.03,24.13,27.72,,,,,,,,,,,,,11.03,9.36,12.5,,,,,,,,,,,,,,,,,,,,,,,,,11.98,10.63,13.25,,,,,,,,,,,,,32.23,30.54,33.91,14.0,28.0,10.0,,15.0,,,29.0
2025-09-09,,,,,,,,,,,,,14.76,13.13,16.12,,,,,,,,,,,,,25.99,24.09,27.68,,,,,,,,,,,,,11.03,9.39,12.48,,,,,,,,,,,,,,,,,,,,,,,,,12.02,10.66,13.28,,,,,,,,,,,,,32.21,30.52,33.88,,,,,,,,
2025-09-10,,,,,,,,,,,,,14.77,13.12,16.13,,,,,,,,,,,,,25.95,24.09,27.63,,,,,,,,,,,,,11.04,9.41,12.47,,,,,,,,,,,,,,,,,,,,,,,,,12.07,10.69,13.3,,,,,,,,,,,,,32.2,30.51,33.88,,,,,,,,
2025-09-11,,,,,,,,,,,,,14.78,13.13,16.12,,,,,,,,,,,,,25.91,24.05,27.59,,,,,,,,,,,,,11.04,9.43,12.46,,,,,,,,,,,,,,,,,,,,,,,,,12.11,10.72,13.33,,,,,,,,,,,,,32.19,30.49,33.9,,,,,,,,
2025-09-12,,,,,,,,,,,,,14.79,13.15,16.14,,,,,,,,,,,,,25.87,24.02,27.53,,,,,,,,,,,,,11.04,9.45,12.48,,,,,,,,,,,,,,,,,,,,,,,,,12.16,10.76,13.35,,,,,,,,,,,,,32.18,30.48,33.88,,,,,,,,
2025-09-13,,,,,,,,,,,,,14.8,13.16,16.17,,,,,,,,,,,,,25.84,23.94,27.47,,,,,,,,,,,,,11.05,9.45,12.51,,,,,,,,,,,,,,,,,,,,,,,,,12.2,10.8,13.38,,,,,,,,,,,,,32.16,30.47,33.85,,,,,,,,
2025-09-14,,,,,,,,,,,,,14.81,13.15,16.19,,,,,,,,,,,,,25.8,23.92,27.42,,,,,,,,,,,,,11.05,9.45,12.49,,,,,,,,,,,,,,,,,,,,,,,,,12.25,10.84,13.42,,,,,,,,,,,,,32.15,30.46,33.83,,,,,,,,
2025-09-15,,,,,,,,,,,,,14.82,13.16,16.23,,,,,,,,,,,,,25.76,23.92,27.39,,,,,,,,,,,,,11.05,9.45,12.47,,,,,,,,,,,,,,,,,,,,,,,,,12.29,10.88,13.47,,,,,,,,,,,,,32.13,30.45,33.8,15.0,25.0,11.0,,12.0,,,34.0
2025-09-16,,,,,,,,,,,,,14.84,13.16,16.28,,,,,,,,,,,,,25.73,23.92,27.36,,,,,,,,,,,,,11.06,9.45,12.44,,,,,,,,,,,,,,,,,,,,,,,,,12.34,10.92,13.51,,,,,,,,,,,,,32.12,30.45,33.78,,,,,,,,
2025-09-17,,,,,,,,,,,,,14.85,13.18,16.31,,,,,,,,,,,,,25.69,23.89,27.31,,,,,,,,,,,,,11.06,9.46,12.41,,,,,,,,,,,,,,,,,,,,,,,,,12.39,10.96,13.53,,,,,,,,,,,,,32.1,30.44,33.76,,,,,,,,
2025-09-18,,,,,,,,,,,,,14.86,13.2,16.32,,,,,,,,,,,,,25.66,23.85,27.27,,,,,,,,,,,,,11.06,9.49,12.42,,,,,,,,,,,,,,,,,,,,,,,,,12.44,11.0,13.55,,,,,,,,,,,,,32.09,30.44,33.75,16.3,14.0,9.3,,13.3,1.0,,40.3
2025-09-19,,,,,,,,,,,,,14.87,13.22,16.33,,,,,,,,,,,,,25.62,23.81,27.24,,,,,,,,,,,,,11.06,9.48,12.42,,,,,,,,,,,,,,,,,,,,,,,,,12.49,11.05,13.61,,,,,,,,,,,,,32.07,30.43,33.73,,,,,,,,
2025-09-20,,,,,,,,,,,,,14.88,13.23,16.35,,,,,,,,,,,,,25.59,23.77,27.21,,,,,,,,,,,,,11.06,9.5,12.44,,,,,,,,,,,,,,,,,,,,,,,,,12.54,11.1,13.67,,,,,,,,,,,,,32.05,30.41,33.7,,,,,,,,
2025-09-21,,,,,,,,,,,,,14.89,13.25,16.37,,,,,,,,,,,,,25.56,23.73,27.19,,,,,,,,,,,,,11.06,9.52,12.45,,,,,,,,,,,,,,,,,,,,,,,,,12.6,11.15,13.73,,,,,,,,,,,,,32.04,30.37,33.66,,,,,,,,
2025-09-22,,,,,,,,,,,,,14.9,13.28,16.37,,,,,,,,,,,,,25.52,23.7,27.14,,,,,,,,,,,,,11.06,9.53,12.45,,,,,,,,,,,,,,,,,,,,,,,,,12.65,11.2,13.79,,,,,,,,,,,,,32.02,30.34,33.63,11.0,31.0,10.0,,13.0,,,30.0
2025-09-23,,,,,,,,,,,,,14.92,13.31,16.38,,,,,,,,,,,,,25.49,23.67,27.09,,,,,,,,,,,,,11.06,9.53,12.46,,,,,,,,,,,,,,,,,,,,,,,,,12.7,11.26,13.84,,,,,,,,,,,,,32.0,30.31,33.6,,,,,,,,
2025-09-24,,,,,,,,,,,,,14.93,13.34,16.37,,,,,,,,,,,,,25.46,23.63,27.04,,,,,,,,,,,,,11.06,9.55,12.46,,,,,,,,,,,,,,,,,,,,,,,,,12.76,11.31,13.88,,,,,,,,,,,,,31.98,30.26,33.56,,,,,,,,
2025-09-25,,,,,,,,,,,,,14.94,13.35,16.37,,,,,,,,,,,,,25.43,23.58,27.02,,,,,,,,,,,,,11.06,9.57,12.46,,,,,,,,,,,,,,,,,,,,,,,,,12.81,11.37,13.94,,,,,,,,,,,,,31.96,30.22,33.51,15.0,27.0,10.0,,10.0,,,35.0
2025-09-26,,,,,,,,,,,,,14.95,13.35,16.36,,,,,,,,,,,,,25.4,23.54,26.96,,,,,,,,,,,,,11.06,9.58,12.43,,,,,,,,,,,,,,,,,,,,,,,,,12.87,11.43,13.99,,,,,,,,,,,,,31.94,30.21,33.48,,,,,,,,
2025-09-27,,,,,,,,,,,,,14.96,13.36,16.36,,,,,,,,,,,,,25.37,23.52,26.89,,,,,,,,,,,,,11.06,9.6,12.39,,,,,,,,,,,,,,,,,,,,,,,,,12.92,11.49,14.05,,,,,,,,,,,,,31.92,30.19,33.47,,,,,,,,
2025-09-28,,,,,,,,,,,,,14.97,13.35,16.35,,,,,,,,,,,,,25.34,23.53,26.84,,,,,,,,,,,,,11.06,9.61,12.38,,,,,,,,,,,,,,,,,,,,,,,,,12.98,11.54,14.13,,,,,,,,,,,,,31.9,30.18,33.46,,,,,,,,
2025-09-29,,,,,,,,,,,,,14.99,13.37,16.34,,,,,,,,,,,,,25.31,23.53,26.79,,,,,,,,,,,,,11.06,9.62,12.37,,,,,,,,,,,,,,,,,,,,,,,,,13.04,11.57,14.18,,,,,,,,,,,,,31.88,30.17,33.46,15.0,28.0,12.0,,11.0,,,30.0
2025-09-30,,,,,,,,,,,,,15.0,13.38,16.33,,,,,,,,,,,,,25.28,23.51,26.74,,,,,,,,,,,,,11.05,9.64,12.35,,,,,,,,,,,,,,,,,,,,,,,,,13.1,11.6,14.24,,,,,,,,,,,,,31.86,30.13,33.44,,,,,,,,
2025-10-01,,,,,,,,,,,,,15.01,13.4,16.31,,,,,,,,,,,,,25.26,23.46,26.7,,,,,,,,,,,,,11.05,9.65,12.34,,,,,,,,,,,,,,,,,,,,,,,,,13.15,11.64,14.27,,,,,,,,,,,,,31.83,30.11,33.44,,,,,,,,
2025-10-02,,,,,,,,,,,,,15.02,13.44,16.3,,,,,,,,,,,,,25.23,23.45,26.66,,,,,,,,,,,,,11.05,9.67,12.31,,,,,,,,,,,,,,,,,,,,,,,,,13.21,11.71,14.31,,,,,,,,,,,,,31.81,30.09,33.4,,,,,,,,
2025-10-03,,,,,,,,,,,,,15.03,13.46,16.28,,,,,,,,,,,,,25.21,23.44,26.62,,,,,,,,,,,,,11.05,9.68,12.3,,,,,,,,,,,,,,,,,,,,,,,,,13.27,11.77,14.36,,,,,,,,,,,,,31.79,30.07,33.36,,,,,,,,
2025-10-04,,,,,,,,,,,,,15.04,13.49,16.28,,,,,,,,,,,,,25.19,23.43,26.6,,,,,,,,,,,,,11.04,9.7,12.27,,,,,,,,,,,,,,,,,,,,,,,,,13.33,11.84,14.45,,,,,,,,,,,,,31.76,30.05,33.33,,,,,,,,
2025-10-05,,,,,,,,,,,,,15.05,13.51,16.31,,,,,,,,,,,,,25.16,23.39,26.6,,,,,,,,,,,,,11.04,9.72,12.25,,,,,,,,,,,,,,,,,,,,,,,,,13.39,11.9,14.51,,,,,,,,,,,,,31.74,30.03,33.31,,,,,,,,
2025-10-06,,,,,,,,,,,,,15.06,13.54,16.29,,,,,,,,,,,,,25.14,23.34,26.59,,,,,,,,,,,,,11.04,9.73,12.22,,,,,,,,,,,,,,,,,,,,,,,,,13.45,11.97,14.58,,,,,,,,,,,,,31.72,30.02,33.27,16.0,24.0,14.0,,14.0,,,30.0
2025-10-07,,,,,,,,,,,,,15.07,13.56,16.32,,,,,,,,,,,,,25.12,23.35,26.55,,,,,,,,,,,,,11.04,9.73,12.2,,,,,,,,,,,,,,,,,,,,,,,,,13.51,12.04,14.64,,,,,,,,,,,,,31.69,29.99,33.24,,,,,,,,
2025-10-08,,,,,,,,,,,,,15.08,13.59,16.33,,,,,,,,,,,,,25.11,23.31,26.51,,,,,,,,,,,,,11.03,9.74,12.21,,,,,,,,,,,,,,,,,,,,,,,,,13.57,12.11,14.71,,,,,,,,,,,,,31.67,29.98,33.19,,,,,,,,
2025-10-09,,,,,,,,,,,,,15.09,13.62,16.32,,,,,,,,,,,,,25.09,23.23,26.47,,,,,,,,,,,,,11.03,9.75,12.25,,,,,,,,,,,,,,,,,,,,,,,,,13.63,12.19,14.78,,,,,,,,,,,,,31.64,29.95,33.14,,,,,,,,
2025-10-10,,,,,,,,,,,,,15.1,13.63,16.32,,,,,,,,,,,,,25.07,23.22,26.43,,,,,,,,,,,,,11.03,9.73,12.24,,,,,,,,,,,,,,,,,,,,,,,,,13.69,12.29,14.85,,,,,,,,,,,,,31.62,29.93,33.16,18.0,28.0,9.0,,11.0,,,32.0
2025-10-11,,,,,,,,,,,,,15.11,13.65,16.37,,,,,,,,,,,,,25.06,23.22,26.39,,,,,,,,,,,,,11.02,9.71,12.23,,,,,,,,,,,,,,,,,,,,,,,,,13.75,12.38,14.89,,,,,,,,,,,,,31.59,29.91,33.13,,,,,,,,
2025-10-12,,,,,,,,,,,,,15.12,13.66,16.4,,,,,,,,,,,,,25.04,23.22,26.38,,,,,,,,,,,,,11.02,9.7,12.22,,,,,,,,,,,,,,,,,,,,,,,,,13.81,12.44,14.93,,,,,,,,,,,,,31.56,29.89,33.1,,,,,,,,
2025-10-13,,,,,,,,,,,,,15.13,13.67,16.35,,,,,,,,,,,,,25.03,23.23,26.38,,,,,,,,,,,,,11.02,9.7,12.2,,,,,,,,,,,,,,,,,,,,,,,,,13.87,12.49,15.01,,,,,,,,,,,,,31.54,29.87,33.08,16.0,30.0,9.0,,14.0,,,28.0
2025-10-14,,,,,,,,,,,,,15.14,13.69,16.38,,,,,,,,,,,,,25.02,23.24,26.39,,,,,,,,,,,,,11.01,9.69,12.2,,,,,,,,,,,,,,,,,,,,,,,,,13.93,12.56,15.1,,,,,,,,,,,,,31.51,29.85,33.05,,,,,,,,
2025-10-15,,,,,,,,,,,,,15.15,13.71,16.42,,,,,,,,,,,,,25.0,23.26,26.42,,,,,,,,,,,,,11.01,9.7,12.18,,,,,,,,,,,,,,,,,,,,,,,,,13.99,12.63,15.16,,,,,,,,,,,,,31.48,29.84,33.02,,,,,,,,
2025-10-16,,,,,,,,,,,,,15.16,13.7,16.42,,,,,,,,,,,,,24.99,23.25,26.41,,,,,,,,,,,,,11.01,9.71,12.16,,,,,,,,,,,,,,,,,,,,,,,,,14.05,12.67,15.18,,,,,,,,,,,,,31.46,29.82,32.99,,,,,,,,
2025-10-17,,,,,,,,,,,,,15.16,13.73,16.46,,,,,,,,,,,,,24.98,23.24,26.38,,,,,,,,,,,,,11.01,9.71,12.16,,,,,,,,,,,,,,,,,,,,,,,,,14.11,12.74,15.22,,,,,,,,,,,,,31.43,29.8,32.96,,,,,,,,
2025-10-18,,,,,,,,,,,,,15.17,13.75,16.49,,,,,,,,,,,,,24.97,23.23,26.36,,,,,,,,,,,,,11.0,9.71,12.18,,,,,,,,,,,,,,,,,,,,,,,,,14.17,12.81,15.26,,,,,,,,,,,,,31.4,29.79,32.93,,,,,,,,
2025-10-19,,,,,,,,,,,,,15.18,13.77,16.53,,,,,,,,,,,,,24.97,23.21,26.35,,,,,,,,,,,,,11.0,9.69,12.2,,,,,,,,,,,,,,,,,,,,,,,,,14.23,12.85,15.29,,,,,,,,,,,,,31.37,29.78,32.89,,,,,,,,
2025-10-20,,,,,,,,,,,,,15.19,13.79,16.56,,,,,,,,,,,,,24.96,23.19,26.33,,,,,,,,,,,,,11.0,9.68,12.15,,,,,,,,,,,,,,,,,,,,,,,,,14.28,12.9,15.32,,,,,,,,,,,,,31.34,29.77,32.84,13.0,24.0,13.0,,15.0,,,33.0
2025-10-21,,,,,,,,,,,,,15.2,13.8,16.58,,,,,,,,,,,,,24.95,23.18,26.31,,,,,,,,,,,,,11.0,9.69,12.16,,,,,,,,,,,,,,,,,,,,,,,,,14.34,12.97,15.45,,,,,,,,,,,,,31.31,29.74,32.8,,,,,,,,
2025-10-22,,,,,,,,,,,,,15.21,13.82,16.58,,,,,,,,,,,,,24.94,23.2,26.29,,,,,,,,,,,,,10.99,9.71,12.18,,,,,,,,,,,,,,,,,,,,,,,,,14.4,13.04,15.51,,,,,,,,,,,,,31.29,29.72,32.77,,,,,,,,
2025-10-23,,,,,,,,,,,,,15.22,13.84,16.58,,,,,,,,,,,,,24.94,23.23,26.28,,,,,,,,,,,,,10.99,9.68,12.21,,,,,,,,,,,,,,,,,,,,,,,,,14.46,13.11,15.57,,,,,,,,,,,,,31.26,29.69,32.75,,,,,,,,
2025-10-24,,,,,,,,,,,,,15.23,13.84,16.59,,,,,,,,,,,,,24.93,23.2,26.26,,,,,,,,,,,,,10.99,9.66,12.21,,,,,,,,,,,,,,,,,,,,,,,,,14.51,13.15,15.62,,,,,,,,,,,,,31.23,29.67,32.71,,,,,,,,
2025-10-25,,,,,,,,,,,,,15.24,13.86,16.64,,,,,,,,,,,,,24.92,23.16,26.25,,,,,,,,,,,,,10.99,9.68,12.22,,,,,,,,,,,,,,,,,,,,,,,,,14.57,13.22,15.68,,,,,,,,,,,,,31.2,29.64,32.67,,,,,,,,
2025-10-26,,,,,,,,,,,,,15.25,13.88,16.65,,,,,,,,,,,,,24.92,23.13,26.25,,,,,,,,,,,,,10.98,9.69,12.21,,,,,,,,,,,,,,,,,,,,,,,,,14.63,13.28,15.74,,,,,,,,,,,,,31.17,29.62,32.63,,,,,,,,
2025-10-27,,,,,,,,,,,,,15.27,13.87,16.66,,,,,,,,,,,,,24.91,23.11,26.27,,,,,,,,,,,,,10.98,9.67,12.22,,,,,,,,,,,,,,,,,,,,,,,,,14.68,13.35,15.79,,,,,,,,,,,,,31.13,29.59,32.59,16.0,21.0,13.0,,17.0,,,29.0
2025-10-28,,,,,,,,,,,,,15.28,13.87,16.69,,,,,,,,,,,,,24.91,23.1,26.29,,,,,,,,,,,,,10.98,9.67,12.19,,,,,,,,,,,,,,,,,,,,,,,,,14.74,13.4,15.89,,,,,,,,,,,,,31.1,29.56,32.55,,,,,,,,
2025-10-29,,,,,,,,,,,,,15.29,13.91,16.69,,,,,,,,,,,,,24.91,23.09,26.3,,,,,,,,,,,,,10.98,9.66,12.17,,,,,,,,,,,,,,,,,,,,,,,,,14.79,13.45,15.95,,,,,,,,,,,,,31.07,29.55,32.51,,,,,,,,
2025-10-30,,,,,,,,,,,,,15.3,13.89,16.68,,,,,,,,,,,,,24.9,23.09,26.31,,,,,,,,,,,,,10.98,9.66,12.15,,,,,,,,,,,,,,,,,,,,,,,,,14.85,13.51,15.99,,,,,,,,,,,,,31.04,29.53,32.47,,,,,,,,
2025-10-31,,,,,,,,,,,,,15.31,13.87,16.66,,,,,,,,,,,,,24.9,23.08,26.31,,,,,,,,,,,,,10.98,9.66,12.12,,,,,,,,,,,,,,,,,,,,,,,,,14.9,13.57,16.04,,,,,,,,,,,,,31.01,29.51,32.42,,,,,,,,
2025-11-01,,,,,,,,,,,,,15.33,13.86,16.66,,,,,,,,,,,,,24.89,23.08,26.28,,,,,,,,,,,,,10.98,9.64,12.1,,,,,,,,,,,,,,,,,,,,,,,,,14.95,13.62,16.1,,,,,,,,,,,,,30.98,29.48,32.37,,,,,,,,
2025-11-02,,,,,,,,,,,,,15.34,13.87,16.66,,,,,,,,,,,,,24.89,23.07,26.29,,,,,,,,,,,,,10.97,9.6,12.1,,,,,,,,,,,,,,,,,,,,,,,,,15.0,13.66,16.18,,,,,,,,,,,,,30.94,29.44,32.31,,,,,,,,
2025-11-03,,,,,,,,,,,,,15.35,13.87,16.66,,,,,,,,,,,,,24.89,23.05,26.29,,,,,,,,,,,,,10.97,9.56,12.12,,,,,,,,,,,,,,,,,,,,,,,,,15.05,13.71,16.22,,,,,,,,,,,,,30.91,29.38,32.26,14.0,27.0,11.0,,15.0,,,32.0
2025-11-04,,,,,,,,,,,,,15.37,13.87,16.67,,,,,,,,,,,,,24.89,23.06,26.23,,,,,,,,,,,,,10.97,9.6,12.12,,,,,,,,,,,,,,,,,,,,,,,,,15.1,13.73,16.29,,,,,,,,,,,,,30.88,29.35,32.25,,,,,,,,
2025-11-05,,,,,,,,,,,,,15.38,13.89,16.67,,,,,,,,,,,,,24.88,23.07,26.19,,,,,,,,,,,,,10.97,9.59,12.11,,,,,,,,,,,,,,,,,,,,,,,,,15.15,13.76,16.35,,,,,,,,,,,,,30.84,29.32,32.23,,,,,,,,
2025-11-06,,,,,,,,,,,,,15.4,13.95,16.67,,,,,,,,,,,,,24.88,23.07,26.17,,,,,,,,,,,,,10.97,9.56,12.1,,,,,,,,,,,,,,,,,,,,,,,,,15.2,13.8,16.4,,,,,,,,,,,,,30.81,29.28,32.19,,,,,,,,
2025-11-07,,,,,,,,,,,,,15.41,13.98,16.68,,,,,,,,,,,,,24.88,23.07,26.17,,,,,,,,,,,,,10.97,9.53,12.1,,,,,,,,,,,,,,,,,,,,,,,,,15.24,13.84,16.45,,,,,,,,,,,,,30.78,29.25,32.14,16.0,25.0,11.0,,12.0,,,32.0
2025-11-08,,,,,,,,,,,,,15.43,13.97,16.69,,,,,,,,,,,,,24.88,23.08,26.17,,,,,,,,,,,,,10.97,9.51,12.12,,,,,,,,,,,,,,,,,,,,,,,,,15.29,13.87,16.5,,,,,,,,,,,,,30.74,29.22,32.1,,,,,,,,
2025-11-09,,,,,,,,,,,,,15.45,13.94,16.69,,,,,,,,,,,,,24.87,23.12,26.16,,,,,,,,,,,,,10.97,9.48,12.15,,,,,,,,,,,,,,,,,,,,,,,,,15.33,13.91,16.55,,,,,,,,,,,,,30.71,29.19,32.05,,,,,,,,
2025-11-10,,,,,,,,,,,,,15.46,13.91,16.7,,,,,,,,,,,,,24.87,23.13,26.16,,,,,,,,,,,,,10.97,9.45,12.17,,,,,,,,,,,,,,,,,,,,,,,,,15.38,13.97,16.55,,,,,,,,,,,,,30.68,29.17,31.99,15.0,25.0,11.0,,18.0,,,29.0
2025-11-11,,,,,,,,,,,,,15.48,13.92,16.7,,,,,,,,,,,,,24.87,23.1,26.15,,,,,,,,,,,,,10.97,9.46,12.18,,,,,,,,,,,,,,,,,,,,,,,,,15.42,13.99,16.57,,,,,,,,,,,,,30.64,29.14,31.92,,,,,,,,
2025-11-12,,,,,,,,,,,,,15.49,13.87,16.71,,,,,,,,,,,,,24.87,23.09,26.15,,,,,,,,,,,,,10.97,9.48,12.18,,,,,,,,,,,,,,,,,,,,,,,,,15.46,14.04,16.61,,,,,,,,,,,,,30.61,29.12,31.86,,,,,,,,
2025-11-13,,,,,,,,,,,,,15.51,13.89,16.73,,,,,,,,,,,,,24.87,23.1,26.17,,,,,,,,,,,,,10.97,9.49,12.19,,,,,,,,,,,,,,,,,,,,,,,,,15.5,14.09,16.63,,,,,,,,,,,,,30.58,29.09,31.8,,,,,,,,
2025-11-14,,,,,,,,,,,,,15.53,13.92,16.73,,,,,,,,,,,,,24.87,23.11,26.14,,,,,,,,,,,,,10.97,9.5,12.21,,,,,,,,,,,,,,,,,,,,,,,,,15.53,14.12,16.68,,,,,,,,,,,,,30.55,29.06,31.73,16.0,25.0,10.0,,13.0,,,34.0
2025-11-15,,,,,,,,,,,,,15.54,13.94,16.74,,,,,,,,,,,,,24.86,23.12,26.15,,,,,,,,,,,,,10.97,9.52,12.22,,,,,,,,,,,,,,,,,,,,,,,,,15.57,14.14,16.73,,,,,,,,,,,,,30.51,29.04,31.69,,,,,,,,
2025-11-16,,,,,,,,,,,,,15.56,13.95,16.75,,,,,,,,,,,,,24.86,23.15,26.16,,,,,,,,,,,,,10.97,9.53,12.24,,,,,,,,,,,,,,,,,,,,,,,,,15.61,14.18,16.78,,,,,,,,,,,,,30.48,29.01,31.66,,,,,,,,
2025-11-17,,,,,,,,,,,,,15.58,13.96,16.78,,,,,,,,,,,,,24.86,23.14,26.17,,,,,,,,,,,,,10.97,9.55,12.24,,,,,,,,,,,,,,,,,,,,,,,,,15.64,14.22,16.84,,,,,,,,,,,,,30.45,28.99,31.63,15.0,27.0,9.0,,17.0,,,29.0
2025-11-18,,,,,,,,,,,,,15.59,13.97,16.8,,,,,,,,,,,,,24.86,23.15,26.19,,,,,,,,,,,,,10.97,9.57,12.26,,,,,,,,,,,,,,,,,,,,,,,,,15.67,14.25,16.89,,,,,,,,,,,,,30.42,28.98,31.64,,,,,,,,
2025-11-19,,,,,,,,,,,,,15.61,14.02,16.82,,,,,,,,,,,,,24.86,23.17,26.2,,,,,,,,,,,,,10.97,9.58,12.27,,,,,,,,,,,,,,,,,,,,,,,,,15.7,14.29,16.92,,,,,,,,,,,,,30.4,28.98,31.59,,,,,,,,
2025-11-20,,,,,,,,,,,,,15.63,14.06,16.83,,,,,,,,,,,,,24.86,23.17,26.21,,,,,,,,,,,,,10.97,9.6,12.28,,,,,,,,,,,,,,,,,,,,,,,,,15.73,14.33,16.95,,,,,,,,,,,,,30.37,28.98,31.54,,,,,,,,
2025-11-21,,,,,,,,,,,,,15.64,14.07,16.83,,,,,,,,,,,,,24.86,23.19,26.19,,,,,,,,,,,,,10.96,9.54,12.28,,,,,,,,,,,,,,,,,,,,,,,,,15.76,14.38,16.97,,,,,,,,,,,,,30.34,28.91,31.51,,,,,,,,
2025-11-22,,,,,,,,,,,,,15.66,14.07,16.81,,,,,,,,,,,,,24.86,23.22,26.16,,,,,,,,,,,,,10.96,9.48,12.27,,,,,,,,,,,,,,,,,,,,,,,,,15.79,14.43,17.0,,,,,,,,,,,,,30.32,28.88,31.49,,,,,,,,
2025-11-23,,,,,,,,,,,,,15.67,14.05,16.81,,,,,,,,,,,,,24.85,23.2,26.13,,,,,,,,,,,,,10.96,9.43,12.27,,,,,,,,,,,,,,,,,,,,,,,,,15.82,14.46,17.05,,,,,,,,,,,,,30.29,28.86,31.46,,,,,,,,
2025-11-24,,,,,,,,,,,,,15.69,14.03,16.83,,,,,,,,,,,,,24.85,23.2,26.1,,,,,,,,,,,,,10.95,9.4,12.27,,,,,,,,,,,,,,,,,,,,,,,,,15.84,14.48,17.13,,,,,,,,,,,,,30.27,28.84,31.44,16.0,24.0,12.0,,17.0,,,28.0
2025-11-25,,,,,,,,,,,,,15.71,14.04,16.84,,,,,,,,,,,,,24.85,23.22,26.07,,,,,,,,,,,,,10.94,9.41,12.26,,,,,,,,,,,,,,,,,,,,,,,,,15.87,14.47,17.17,,,,,,,,,,,,,30.25,28.79,31.43,,,,,,,,
2025-11-26,,,,,,,,,,,,,15.72,14.05,16.86,,,,,,,,,,,,,24.85,23.22,26.05,,,,,,,,,,,,,10.93,9.42,12.26,,,,,,,,,,,,,,,,,,,,,,,,,15.89,14.47,17.18,,,,,,,,,,,,,30.24,28.73,31.42,,,,,,,,
2025-11-27,,,,,,,,,,,,,15.73,14.06,16.88,,,,,,,,,,,,,24.84,23.19,26.06,,,,,,,,,,,,,10.92,9.43,12.26,,,,,,,,,,,,,,,,,,,,,,,,,15.91,14.48,17.19,,,,,,,,,,,,,30.22,28.68,31.4,,,,,,,,
2025-11-28,,,,,,,,,,,,,15.75,14.07,16.9,,,,,,,,,,,,,24.84,23.16,26.05,,,,,,,,,,,,,10.91,9.44,12.25,,,,,,,,,,,,,,,,,,,,,,,,,15.94,14.48,17.2,,,,,,,,,,,,,30.21,28.63,31.39,,,,,,,,
2025-11-29,,,,,,,,,,,,,15.76,14.08,16.92,,,,,,,,,,,,,24.83,23.17,26.05,,,,,,,,,,,,,10.9,9.42,12.25,,,,,,,,,,,,,,,,,,,,,,,,,15.96,14.49,17.22,,,,,,,,,,,,,30.19,28.59,31.38,,,,,,,,
2025-11-30,,,,,,,,,,,,,15.78,14.09,16.94,,,,,,,,,,,,,24.83,23.2,26.04,,,,,,,,,,,,,10.89,9.43,12.25,,,,,,,,,,,,,,,,,,,,,,,,,15.98,14.5,17.23,,,,,,,,,,,,,30.19,28.55,31.39,,,,,,,,
2025-12-01,,,,,,,,,,,,,15.79,14.13,16.96,,,,,,,,,,,,,24.82,23.21,26.03,,,,,,,,,,,,,10.88,9.38,12.23,,,,,,,,,,,,,,,,,,,,,,,,,15.99,14.51,17.25,,,,,,,,,,,,,30.18,28.53,31.4,19.0,21.0,10.0,,19.0,,,29.0
2025-12-02,,,,,,,,,,,,,15.8,14.16,16.98,,,,,,,,,,,,,24.81,23.21,26.02,,,,,,,,,,,,,10.86,9.36,12.22,,,,,,,,,,,,,,,,,,,,,,,,,16.01,14.53,17.27,,,,,,,,,,,,,30.17,28.55,31.41,,,,,,,,
2025-12-03,,,,,,,,,,,,,15.81,14.18,16.99,,,,,,,,,,,,,24.81,23.22,26.01,,,,,,,,,,,,,10.85,9.34,12.2,,,,,,,,,,,,,,,,,,,,,,,,,16.03,14.54,17.29,,,,,,,,,,,,,30.17,28.52,31.41,16.0,24.0,10.0,,14.0,,,34.0
2025-12-04,,,,,,,,,,,,,15.83,14.2,17.01,,,,,,,,,,,,,24.8,23.23,25.99,,,,,,,,,,,,,10.83,9.33,12.18,,,,,,,,,,,,,,,,,,,,,,,,,16.04,14.53,17.31,,,,,,,,,,,,,30.17,28.51,31.44,,,,,,,,
2025-12-05,,,,,,,,,,,,,15.84,14.21,17.02,,,,,,,,,,,,,24.79,23.23,25.98,,,,,,,,,,,,,10.82,9.33,12.16,,,,,,,,,,,,,,,,,,,,,,,,,16.06,14.53,17.32,,,,,,,,,,,,,30.17,28.51,31.45,,,,,,,,
2025-12-06,,,,,,,,,,,,,15.85,14.23,17.04,,,,,,,,,,,,,24.79,23.24,25.98,,,,,,,,,,,,,10.8,9.32,12.13,,,,,,,,,,,,,,,,,,,,,,,,,16.07,14.52,17.33,,,,,,,,,,,,,30.17,28.49,31.43,,,,,,,,
2025-12-07,,,,,,,,,,,,,15.85,14.25,17.06,,,,,,,,,,,,,24.78,23.22,25.98,,,,,,,,,,,,,10.78,9.3,12.1,,,,,,,,,,,,,,,,,,,,,,,,,16.09,14.51,17.35,,,,,,,,,,,,,30.17,28.5,31.43,,,,,,,,
2025-12-08,,,,,,,,,,,,,15.86,14.27,17.07,,,,,,,,,,,,,24.77,23.2,25.99,,,,,,,,,,,,,10.77,9.27,12.08,,,,,,,,,,,,,,,,,,,,,,,,,16.1,14.52,17.37,,,,,,,,,,,,,30.17,28.51,31.43,15.0,26.0,10.0,,18.0,,,29.0
2025-12-09,,,,,,,,,,,,,15.87,14.3,17.08,,,,,,,,,,,,,24.77,23.22,25.99,,,,,,,,,,,,,10.75,9.26,12.05,,,,,,,,,,,,,,,,,,,,,,,,,16.11,14.51,17.36,,,,,,,,,,,,,30.17,28.54,31.43,,,,,,,,
2025-12-10,,,,,,,,,,,,,15.88,14.32,17.07,,,,,,,,,,,,,24.76,23.21,25.99,,,,,,,,,,,,,10.73,9.24,12.02,,,,,,,,,,,,,,,,,,,,,,,,,16.13,14.52,17.38,,,,,,,,,,,,,30.18,28.56,31.43,,,,,,,,
2025-12-11,,,,,,,,,,,,,15.88,14.34,17.09,,,,,,,,,,,,,24.75,23.17,25.99,,,,,,,,,,,,,10.71,9.23,12.0,,,,,,,,,,,,,,,,,,,,,,,,,16.14,14.5,17.43,,,,,,,,,,,,,30.18,28.57,31.43,,,,,,,,
2025-12-12,,,,,,,,,,,,,15.89,14.37,17.12,,,,,,,,,,,,,24.75,23.13,25.99,,,,,,,,,,,,,10.7,9.19,11.97,,,,,,,,,,,,,,,,,,,,,,,,,16.15,14.49,17.45,,,,,,,,,,,,,30.18,28.58,31.43,,,,,,,,
2025-12-13,,,,,,,,,,,,,15.89,14.4,17.15,,,,,,,,,,,,,24.74,23.09,25.96,,,,,,,,,,,,,10.68,9.15,11.94,,,,,,,,,,,,,,,,,,,,,,,,,16.16,14.48,17.47,,,,,,,,,,,,,30.18,28.59,31.43,,,,,,,,
2025-12-14,,,,,,,,,,,,,15.9,14.43,17.16,,,,,,,,,,,,,24.74,23.08,25.93,,,,,,,,,,,,,10.66,9.13,11.91,,,,,,,,,,,,,,,,,,,,,,,,,16.18,14.49,17.51,,,,,,,,,,,,,30.19,28.6,31.43,,,,,,,,
2025-12-15,,,,,,,,,,,,,15.9,14.47,17.16,,,,,,,,,,,,,24.73,23.08,25.91,,,,,,,,,,,,,10.65,9.14,11.88,,,,,,,,,,,,,,,,,,,,,,,,,16.19,14.51,17.55,,,,,,,,,,,,,30.19,28.62,31.44,12.0,23.0,14.0,,18.0,,,32.0
2025-12-16,,,,,,,,,,,,,15.9,14.47,17.16,,,,,,,,,,,,,24.72,23.08,25.9,,,,,,,,,,,,,10.63,9.13,11.87,,,,,,,,,,,,,,,,,,,,,,,,,16.2,14.54,17.59,,,,,,,,,,,,,30.19,28.63,31.44,,,,,,,,
2025-12-17,,,,,,,,,,,,,15.9,14.44,17.12,,,,,,,,,,,,,24.72,23.02,25.89,,,,,,,,,,,,,10.61,9.1,11.86,,,,,,,,,,,,,,,,,,,,,,,,,16.22,14.56,17.6,,,,,,,,,,,,,30.2,28.65,31.44,,,,,,,,
2025-12-18,,,,,,,,,,,,,15.91,14.41,17.15,,,,,,,,,,,,,24.71,22.97,25.88,,,,,,,,,,,,,10.6,9.06,11.86,,,,,,,,,,,,,,,,,,,,,,,,,16.23,14.59,17.61,,,,,,,,,,,,,30.2,28.66,31.49,,,,,,,,
2025-12-19,,,,,,,,,,,,,15.9,14.38,17.14,,,,,,,,,,,,,24.7,23.0,25.9,,,,,,,,,,,,,10.58,9.02,11.87,,,,,,,,,,,,,,,,,,,,,,,,,16.25,14.62,17.62,,,,,,,,,,,,,30.21,28.67,31.51,,,,,,,,
2025-12-20,,,,,,,,,,,,,15.9,14.41,17.14,,,,,,,,,,,,,24.7,22.98,25.92,,,,,,,,,,,,,10.56,8.99,11.87,,,,,,,,,,,,,,,,,,,,,,,,,16.27,14.65,17.65,,,,,,,,,,,,,30.21,28.69,31.51,,,,,,,,
2025-12-21,,,,,,,,,,,,,15.9,14.43,17.17,,,,,,,,,,,,,24.69,22.97,25.92,,,,,,,,,,,,,10.55,8.96,11.86,,,,,,,,,,,,,,,,,,,,,,,,,16.28,14.69,17.67,,,,,,,,,,,,,30.21,28.7,31.53,,,,,,,,
2025-12-22,,,,,,,,,,,,,15.89,14.45,17.19,,,,,,,,,,,,,24.68,22.95,25.91,,,,,,,,,,,,,10.53,8.92,11.84,,,,,,,,,,,,,,,,,,,,,,,,,16.3,14.75,17.7,,,,,,,,,,,,,30.22,28.71,31.56,19.0,26.0,9.0,,17.0,,,28.0
2025-12-23,,,,,,,,,,,,,15.89,14.44,17.15,,,,,,,,,,,,,24.67,22.99,25.9,,,,,,,,,,,,,10.52,8.92,11.82,,,,,,,,,,,,,,,,,,,,,,,,,16.32,14.77,17.73,,,,,,,,,,,,,30.22,28.73,31.58,,,,,,,,
2025-12-24,,,,,,,,,,,,,15.88,14.43,17.11,,,,,,,,,,,,,24.66,23.02,25.89,,,,,,,,,,,,,10.51,8.92,11.8,,,,,,,,,,,,,,,,,,,,,,,,,16.34,14.79,17.76,,,,,,,,,,,,,30.22,28.74,31.61,,,,,,,,
2025-12-25,,,,,,,,,,,,,15.87,14.39,17.11,,,,,,,,,,,,,24.65,23.06,25.86,,,,,,,,,,,,,10.49,8.91,11.77,,,,,,,,,,,,,,,,,,,,,,,,,16.36,14.81,17.78,,,,,,,,,,,,,30.23,28.71,31.61,,,,,,,,
2025-12-26,,,,,,,,,,,,,15.87,14.35,17.06,,,,,,,,,,,,,24.64,23.03,25.85,,,,,,,,,,,,,10.48,8.89,11.77,,,,,,,,,,,,,,,,,,,,,,,,,16.38,14.83,17.79,,,,,,,,,,,,,30.23,28.66,31.62,,,,,,,,
2025-12-27,,,,,,,,,,,,,15.86,14.32,17.06,,,,,,,,,,,,,24.63,23.01,25.84,,,,,,,,,,,,,10.46,8.89,11.75,,,,,,,,,,,,,,,,,,,,,,,,,16.4,14.86,17.78,,,,,,,,,,,,,30.23,28.61,31.63,,,,,,,,
2025-12-28,,,,,,,,,,,,,15.85,14.28,17.05,,,,,,,,,,,,,24.62,22.98,25.83,,,,,,,,,,,,,10.45,8.89,11.71,,,,,,,,,,,,,,,,,,,,,,,,,16.42,14.88,17.78,,,,,,,,,,,,,30.24,28.58,31.63,,,,,,,,
2025-12-29,,,,,,,,,,,,,15.83,14.28,17.04,,,,,,,,,,,,,24.61,22.96,25.82,,,,,,,,,,,,,10.44,8.89,11.69,,,,,,,,,,,,,,,,,,,,,,,,,16.45,14.88,17.84,,,,,,,,,,,,,30.24,28.54,31.61,,,,,,,,
2025-12-30,,,,,,,,,,,,,15.82,14.27,17.05,,,,,,,,,,,,,24.59,22.94,25.82,,,,,,,,,,,,,10.43,8.89,11.67,,,,,,,,,,,,,,,,,,,,,,,,,16.47,14.88,17.85,,,,,,,,,,,,,30.25,28.56,31.58,,,,,,,,
2025-12-31,,,,,,,,,,,,,15.81,14.23,17.07,,,,,,,,,,,,,24.58,22.92,25.85,,,,,,,,,,,,,10.42,8.88,11.65,,,,,,,,,,,,,,,,,,,,,,,,,16.5,14.88,17.82,,,,,,,,,,,,,30.25,28.59,31.62,,,,,,,,
2026-01-01,,,,,,,,,,,,,15.79,14.2,17.09,,,,,,,,,,,,,24.57,22.88,25.86,,,,,,,,,,,,,10.4,8.89,11.64,,,,,,,,,,,,,,,,,,,,,,,,,16.52,14.94,17.89,,,,,,,,,,,,,30.25,28.61,31.64,,,,,,,,
2026-01-02,,,,,,,,,,,,,15.77,14.2,17.08,,,,,,,,,,,,,24.55,22.85,25.86,,,,,,,,,,,,,10.39,8.89,11.62,,,,,,,,,,,,,,,,,,,,,,,,,16.55,15.02,17.91,,,,,,,,,,,,,30.26,28.63,31.63,,,,,,,,
2026-01-03,,,,,,,,,,,,,15.76,14.2,17.06,,,,,,,,,,,,,24.54,22.86,25.86,,,,,,,,,,,,,10.38,8.88,11.61,,,,,,,,,,,,,,,,,,,,,,,,,16.57,15.07,17.94,,,,,,,,,,,,,30.26,28.64,31.61,16.0,24.0,10.0,,15.0,,,33.0
2026-01-04,,,,,,,,,,,,,15.74,14.2,17.03,,,,,,,,,,,,,24.52,22.84,25.84,,,,,,,,,,,,,10.38,8.84,11.6,,,,,,,,,,,,,,,,,,,,,,,,,16.6,15.07,17.97,,,,,,,,,,,,,30.27,28.61,31.58,,,,,,,,
2026-01-05,,,,,,,,,,,,,15.72,14.2,17.01,,,,,,,,,,,,,24.51,22.82,25.82,,,,,,,,,,,,,10.37,8.8,11.59,,,,,,,,,,,,,,,,,,,,,,,,,16.63,15.13,17.99,,,,,,,,,,,,,30.27,28.62,31.59,16.0,25.0,11.0,,16.0,,,29.0
2026-01-06,,,,,,,,,,,,,15.7,14.2,16.98,,,,,,,,,,,,,24.49,22.8,25.83,,,,,,,,,,,,,10.36,8.76,11.59,,,,,,,,,,,,,,,,,,,,,,,,,16.66,15.18,18.03,,,,,,,,,,,,,30.28,28.66,31.6,,,,,,,,
2026-01-07,,,,,,,,,,,,,15.68,14.2,16.94,,,,,,,,,,,,,24.47,22.78,25.8,,,,,,,,,,,,,10.35,8.71,11.6,,,,,,,,,,,,,,,,,,,,,,,,,16.68,15.18,18.06,,,,,,,,,,,,,30.28,28.7,31.61,,,,,,,,
2026-01-08,,,,,,,,,,,,,15.66,14.16,16.89,,,,,,,,,,,,,24.45,22.77,25.77,,,,,,,,,,,,,10.35,8.7,11.6,,,,,,,,,,,,,,,,,,,,,,,,,16.71,15.17,18.1,,,,,,,,,,,,,30.28,28.69,31.59,,,,,,,,
2026-01-09,,,,,,,,,,,,,15.64,14.12,16.84,,,,,,,,,,,,,24.43,22.75,25.78,,,,,,,,,,,,,10.34,8.7,11.61,,,,,,,,,,,,,,,,,,,,,,,,,16.74,15.18,18.14,,,,,,,,,,,,,30.29,28.72,31.56,16.0,22.0,10.0,,16.0,,,33.0
2026-01-10,,,,,,,,,,,,,15.62,14.08,16.82,,,,,,,,,,,,,24.41,22.73,25.73,,,,,,,,,,,,,10.33,8.7,11.6,,,,,,,,,,,,,,,,,,,,,,,,,16.77,15.19,18.17,,,,,,,,,,,,,30.29,28.72,31.55,,,,,,,,
2026-01-11,,,,,,,,,,,,,15.6,14.03,16.8,,,,,,,,,,,,,24.39,22.71,25.67,,,,,,,,,,,,,10.33,8.69,11.61,,,,,,,,,,,,,,,,,,,,,,,,,16.8,15.21,18.21,,,,,,,,,,,,,30.29,28.74,31.57,,,,,,,,
2026-01-12,,,,,,,,,,,,,15.58,13.99,16.76,,,,,,,,,,,,,24.37,22.66,25.64,,,,,,,,,,,,,10.32,8.69,11.6,,,,,,,,,,,,,,,,,,,,,,,,,16.83,15.23,18.27,,,,,,,,,,,,,30.3,28.74,31.55,19.0,25.0,11.0,,13.0,,,29.0
2026-01-13,,,,,,,,,,,,,15.56,13.94,16.72,,,,,,,,,,,,,24.34,22.66,25.64,,,,,,,,,,,,,10.31,8.7,11.59,,,,,,,,,,,,,,,,,,,,,,,,,16.86,15.28,18.33,,,,1.5,-4.05,5.62,,,,,,,30.3,28.76,31.54,,,,,,,,
2026-01-14,,,,,,,,,,,,,15.54,13.9,16.69,,,,,,,,,,,,,24.32,22.62,25.64,,,,,,,,,,,,,10.31,8.7,11.58,,,,,,,,,,,,,,,,,,,,,,,,,16.89,15.3,18.39,,,,1.5,-4.05,5.62,,,,,,,30.3,28.77,31.56,,,,,,,,
2026-01-15,,,,,,,,,,,,,15.52,13.86,16.68,,,,,,,,,,,,,24.29,22.58,25.64,,,,,,,,,,,,,10.3,8.71,11.58,,,,,,,,,,,,,,,,,,,,,,,,,16.92,15.31,18.45,,,,1.5,-4.05,5.62,,,,,,,30.3,28.78,31.59,,,,,,,,
2026-01-16,,,,,,,,,,,,,15.5,13.83,16.64,,,,,,,,,,,,,24.26,22.53,25.63,,,,,,,,,,,,,10.29,8.72,11.59,,,,,,,,,,,,,,,,,,,,,,,,,16.95,15.33,18.51,,,,1.5,-4.05,5.62,,,,,,,30.3,28.79,31.63,,,,,,,,
2026-01-17,,,,,,,,,,,,,15.48,13.8,16.64,,,,,,,,,,,,,24.23,22.49,25.6,,,,,,,,,,,,,10.29,8.72,11.58,,,,,,,,,,,,,,,,,,,,,,,,,16.99,15.35,18.53,,,,1.5,-4.05,5.62,,,,,,,30.3,28.8,31.66,,,,,,,,
2026-01-18,,,,,,,,,,,,,15.46,13.76,16.64,,,,,,,,,,,,,24.2,22.46,25.59,,,,,,,,,,,,,10.28,8.72,11.55,,,,,,,,,,,,,,,,,,,,,,,,,17.02,15.37,18.54,,,,1.5,-4.05,5.62,,,,,,,30.3,28.8,31.7,,,,,,,,
2026-01-19,,,,,,,,,,,,,15.44,13.73,16.63,,,,,,,,,,,,,24.17,22.45,25.59,,,,,,,,,,,,,10.27,8.73,11.54,,,,,,,,,,,,,,,,,,,,,,,,,17.06,15.39,18.56,,,,1.5,-4.05,5.62,,,,,,,30.29,28.8,31.72,15.0,25.0,12.0,,16.0,,,30.0
2026-01-20,,,,,,,,,,,,,15.42,13.7,16.62,,,,,,,,,,,,,24.13,22.42,25.58,,,,,,,,,,,,,10.26,8.74,11.54,,,,,,,,,,,,,,,,,,,,,,,,,17.09,15.39,18.58,,,,1.5,-4.05,5.62,,,,,,,30.29,28.81,31.76,,,,,,,,
2026-01-21,,,,,,,,,,,,,15.41,13.68,16.62,,,,,,,,,,,,,24.09,22.39,25.57,,,,,,,,,,,,,10.25,8.74,11.55,,,,,,,,,,,,,,,,,,,,,,,,,17.13,15.4,18.59,,,,1.5,-4.05,5.62,,,,,,,30.29,28.81,31.8,,,,,,,,
2026-01-22,,,,,,,,,,,,,15.39,13.69,16.59,,,,,,,,,,,,,24.06,22.36,25.51,,,,,,,,,,,,,10.24,8.74,11.55,,,,,,,,,,,,,,,,,,,,,,,,,17.17,15.41,18.61,,,,1.5,-4.05,5.62,,,,,,,30.28,28.81,31.82,,,,,,,,
2026-01-23,,,,,,,,,,,,,15.37,13.71,16.57,,,,,,,,,,,,,24.02,22.31,25.45,,,,,,,,,,,,,10.23,8.73,11.55,,,,,,,,,,,,,,,,,,,,,,,,,17.21,15.44,18.65,,,,1.5,-4.05,5.62,,,,,,,30.28,28.79,31.79,18.0,27.0,11.0,,10.0,,,30.0
2026-01-24,,,,,,,,,,,,,15.36,13.74,16.55,,,,,,,,,,,,,23.97,22.24,25.38,,,,,,,,,,,,,10.22,8.73,11.55,,,,,,,,,,,,,,,,,,,,,,,,,17.24,15.48,18.69,,,,1.5,-4.05,5.62,,,,,,,30.27,28.78,31.77,,,,,,,,
2026-01-25,,,,,,,,,,,,,15.34,13.76,16.53,,,,,,,,,,,,,23.93,22.18,25.38,,,,,,,,,,,,,10.2,8.72,11.55,,,,,,,,,,,,,,,,,,,,,,,,,17.28,15.51,18.74,,,,1.5,-4.05,5.62,,,,,,,30.27,28.78,31.74,,,,,,,,
2026-01-26,,,,,,,,,,,,,15.33,13.79,16.51,,,,,,,,,,,,,23.89,22.16,25.36,,,,,,,,,,,,,10.19,8.72,11.54,,,,,,,,,,,,,,,,,,,,,,,,,17.32,15.56,18.79,,,,1.5,-4.05,5.62,,,,,,,30.26,28.77,31.71,15.0,28.0,10.0,,14.0,,,29.0
2026-01-27,,,,,,,,,,,,,15.31,13.74,16.51,,,,,,,,,,,,,23.84,22.15,25.33,,,,,,,,,,,,,10.18,8.71,11.54,,,,,,,,,,,,,,,,,,,,,,,,,17.37,15.59,18.83,,,,1.5,-4.05,5.62,,,,,,,30.26,28.76,31.68,,,,,,,,
2026-01-28,,,,,,,,,,,,,15.3,13.71,16.54,,,,,,,,,,,,,23.79,22.13,25.32,,,,,,,,,,,,,10.16,8.71,11.53,,,,,,,,,,,,,,,,,,,,,,,,,17.41,15.63,18.89,,,,1.5,-4.05,5.62,,,,,,,30.25,28.76,31.65,,,,,,,,
2026-01-29,,,,,,,,,,,,,15.29,13.72,16.52,,,,,,,,,,,,,23.75,22.1,25.31,,,,,,,,,,,,,10.14,8.7,11.52,,,,,,,,,,,,,,,,,,,,,,,,,17.45,15.68,18.94,,,,1.5,-4.05,5.62,,,,,,,30.25,28.75,31.61,,,,,,,,
2026-01-30,,,,,,,,,,,,,15.28,13.73,16.52,,,,,,,,,,,,,23.7,22.05,25.29,,,,,,,,,,,,,10.13,8.7,11.52,,,,,,,,,,,,,,,,,,,,,,,,,17.49,15.74,19.01,,,,1.5,-4.05,5.62,,,,,,,30.24,28.75,31.59,,,,,,,,
2026-01-31,,,,,,,,,,,,,15.27,13.74,16.53,,,,,,,,,,,,,23.65,22.01,25.22,,,,,,,,,,,,,10.11,8.71,11.51,,,,,,,,,,,,,,,,,,,,,,,,,17.53,15.78,19.1,,,,1.5,-4.05,5.62,,,,,,,30.23,28.76,31.58,,,,,,,,
2026-02-01,,,,,,,,,,,,,15.26,13.75,16.52,,,,,,,,,,,,,23.6,21.96,25.13,,,,,,,,,,,,,10.09,8.69,11.48,,,,,,,,,,,,,,,,,,,,,,,,,17.58,15.81,19.18,,,,1.5,-4.05,5.62,,,,,,,30.23,28.76,31.59,,,,,,,,
2026-02-02,,,,,,,,,,,,,15.25,13.76,16.47,,,,,,,,,,,,,23.54,21.92,25.05,,,,,,,,,,,,,10.07,8.68,11.46,,,,,,,,,,,,,,,,,,,,,,,,,17.62,15.84,19.26,,,,1.5,-4.06,5.74,,,,,,,30.22,28.76,31.58,16.0,25.0,7.0,,20.0,,,31.0
2026-02-03,,,,,,,,,,,,,15.24,13.75,16.49,,,,,,,,,,,,,23.49,21.91,25.0,,,,,,,,,,,,,10.06,8.69,11.44,,,,,,,,,,,,,,,,,,,,,,,,,17.66,15.9,19.3,,,,1.5,-4.04,8.33,,,,,,,30.21,28.73,31.61,,,,,,,,
2026-02-04,,,,,,,,,,,,,15.23,13.74,16.5,,,,,,,,,,,,,23.44,21.87,24.98,,,,,,,,,,,,,10.04,8.7,11.42,,,,,,,,,,,,,,,,,,,,,,,,,17.71,15.94,19.33,,,,1.52,-4.02,8.37,,,,,,,30.2,28.71,31.61,,,,,,,,
2026-02-05,,,,,,,,,,,,,15.22,13.74,16.51,,,,,,,,,,,,,23.39,21.83,24.96,,,,,,,,,,,,,10.02,8.68,11.39,,,,,,,,,,,,,,,,,,,,,,,,,17.75,15.99,19.4,,,,1.56,-3.97,8.43,,,,,,,30.19,28.71,31.57,,,,,,,,
2026-02-06,,,,,,,,,,,,,15.22,13.74,16.53,,,,,,,,,,,,,23.33,21.79,24.94,,,,,,,,,,,,,10.0,8.66,11.36,,,,,,,,,,,,,,,,,,,,,,,,,17.79,16.02,19.45,,,,1.62,-3.85,8.53,,,,,,,30.18,28.66,31.54,15.5,25.5,8.5,,15.0,,,33.5
2026-02-07,,,,,,,,,,,,,15.21,13.74,16.54,,,,,,,,,,,,,23.28,21.75,24.91,,,,,,,,,,,,,9.98,8.64,11.32,,,,,,,,,,,,,,,,,,,,,,,,,17.84,16.05,19.45,,,,1.72,-3.65,8.66,,,,,,,30.17,28.63,31.53,,,,,,,,
2026-02-08,,,,,,,,,,,,,15.2,13.75,16.53,,,,,,,,,,,,,23.22,21.71,24.86,,,,,,,,,,,,,9.96,8.62,11.29,,,,,,,,,,,,,,,,,,,,,,,,,17.88,16.07,19.46,,,,1.83,-3.41,8.67,,,,,,,30.16,28.61,31.53,,,,,,,,
2026-02-09,,,,,,,,,,,,,15.2,13.75,16.53,,,,,,,,,,,,,23.17,21.61,24.8,,,,,,,,,,,,,9.94,8.6,11.28,,,,,,,,,,,,,,,,,,,,,,,,,17.92,16.11,19.55,,,,1.97,-3.19,8.77,,,,,,,30.15,28.63,31.55,16.0,22.0,10.0,,18.0,,,32.0
2026-02-10,,,,,,,,,,,,,15.19,13.76,16.54,,,,,,,,,,,,,23.11,21.53,24.76,,,,,,,,,,,,,9.91,8.57,11.25,,,,,,,,,,,,,,,,,,,,,,,,,17.97,16.14,19.63,,,,2.13,-2.78,9.12,,,,,,,30.14,28.66,31.56,,,,,,,,
2026-02-11,,,,,,,,,,,,,15.18,13.78,16.54,,,,,,,,,,,,,23.05,21.49,24.71,,,,,,,,,,,,,9.89,8.55,11.22,,,,,,,,,,,,,,,,,,,,,,,,,18.01,16.18,19.73,,,,2.31,-2.54,9.43,,,,,,,30.12,28.68,31.57,,,,,,,,
2026-02-12,,,,,,,,,,,,,15.18,13.79,16.54,,,,,,,,,,,,,23.0,21.44,24.65,,,,,,,,,,,,,9.87,8.52,11.18,,,,,,,,,,,,,,,,,,,,,,,,,18.06,16.21,19.81,,,,2.5,-2.21,9.76,,,,,,,30.11,28.68,31.59,,,,,,,,
2026-02-13,,,,,,,,,,,,,15.17,13.81,16.53,,,,,,,,,,,,,22.94,21.4,24.58,,,,,,,,,,,,,9.85,8.5,11.16,,,,,,,,,,,,,,,,,,,,,,,,,18.1,16.26,19.89,,,,2.71,-2.19,10.61,,,,,,,30.09,28.67,31.6,,,,,,,,
2026-02-14,,,,,,,,,,,,,15.17,13.83,16.52,,,,,,,,,,,,,22.88,21.35,24.54,,,,,,,,,,,,,9.83,8.49,11.14,,,,,,,,,,,,,,,,,,,,,,,,,18.14,16.3,19.97,,,,2.92,-2.19,11.46,,,,,,,30.08,28.65,31.61,,,,,,,,
2026-02-15,,,,,,,,,,,,,15.16,13.85,16.53,,,,,,,,,,,,,22.83,21.31,24.51,,,,,,,,,,,,,9.8,8.47,11.14,,,,,,,,,,,,,,,,,,,,,,,,,18.18,16.34,20.03,,,,3.14,-2.17,12.18,,,,,,,30.06,28.61,31.61,,,,,,,,
2026-02-16,,,,,,,,,,,,,15.16,13.87,16.5,,,,,,,,,,,,,22.77,21.27,24.44,,,,,,,,,,,,,9.78,8.45,11.13,,,,,,,,,,,,,,,,,,,,,,,,,18.23,16.38,20.05,,,,3.37,-1.94,12.86,,,,,,,30.05,28.56,31.6,13.0,23.0,10.0,,20.0,,,30.0
2026-02-17,,,,,,,,,,,,,15.15,13.87,16.49,,,,,,,,,,,,,22.71,21.22,24.4,,,,,,,,,,,,,9.76,8.44,11.11,,,,,,,,,,,,,,,,,,,,,,,,,18.27,16.42,20.08,,,,3.6,-1.9,13.48,,,,,,,30.03,28.53,31.6,,,,,,,,
2026-02-18,,,,,,,,,,,,,15.15,13.88,16.48,,,,,,,,,,,,,22.66,21.18,24.36,,,,,,,,,,,,,9.74,8.42,11.1,,,,,,,,,,,,,,,,,,,,,,,,,18.31,16.47,20.09,,,,3.83,-1.75,14.24,,,,,,,30.01,28.49,31.57,,,,,,,,
2026-02-19,,,,,,,,,,,,,15.14,13.85,16.47,,,,,,,,,,,,,22.6,21.14,24.31,,,,,,,,,,,,,9.71,8.41,11.09,,,,,,,,,,,,,,,,,,,,,,,,,18.35,16.53,20.1,,,,4.06,-1.72,14.88,,,,,,,29.99,28.47,31.53,,,,,,,,
2026-02-20,,,,,,,,,,,,,15.14,13.82,16.45,,,,,,,,,,,,,22.55,21.1,24.26,,,,,,,,,,,,,9.69,8.39,11.07,,,,,,,,,,,,,,,,,,,,,,,,,18.39,16.62,20.14,,,,4.29,-1.72,15.45,,,,,,,29.97,28.45,31.48,,,,,,,,
2026-02-21,,,,,,,,,,,,,15.13,13.8,16.43,,,,,,,,,,,,,22.49,21.05,24.21,,,,,,,,,,,,,9.67,8.39,11.06,,,,,,,,,,,,,,,,,,,,,,,,,18.43,16.7,20.18,,,,4.52,-1.69,15.98,,,,,,,29.95,28.39,31.49,,,,,,,,
2026-02-22,,,,,,,,,,,,,15.12,13.78,16.44,,,,,,,,,,,,,22.44,21.03,24.15,,,,,,,,,,,,,9.65,8.39,11.04,,,,,,,,,,,,,,,,,,,,,,,,,18.47,16.75,20.22,,,,4.75,-1.6,16.41,,,,,,,29.93,28.37,31.51,,,,,,,,
2026-02-23,,,,,,,,,,,,,15.11,13.76,16.46,,,,,,,,,,,,,22.38,20.99,24.1,,,,,,,,,,,,,9.62,8.38,11.03,,,,,,,,,,,,,,,,,,,,,,,,,18.51,16.77,20.25,,,,4.97,-1.49,16.82,,,,,,,29.91,28.34,31.52,13.0,21.0,11.0,,19.0,,,29.0
2026-02-24,,,,,,,,,,,,,15.11,13.73,16.46,,,,,,,,,,,,,22.33,20.95,24.05,,,,,,,,,,,,,9.6,8.36,11.01,,,,,,,,,,,,,,,,,,,,,,,,,18.55,16.79,20.29,,,,5.2,-1.39,17.21,,,,,,,29.89,28.32,31.51,,,,,,,,
2026-02-25,,,,,,,,,,,,,15.1,13.71,16.47,,,,,,,,,,,,,22.28,20.92,24.0,,,,,,,,,,,,,9.58,8.38,10.99,,,,,,,,,,,,,,,,,,,,,,,,,18.59,16.81,20.32,,,,5.41,-1.39,17.57,,,,,,,29.87,28.3,31.48,,,,,,,,
2026-02-26,,,,,,,,,,,,,15.09,13.71,16.48,,,,,,,,,,,,,22.23,20.88,23.94,,,,,,,,,,,,,9.56,8.39,10.97,,,,,,,,,,,,,,,,,,,,,,,,,18.63,16.82,20.36,,,,5.62,-1.39,17.91,,,,,,,29.85,28.26,31.45,,,,,,,,
2026-02-27,,,,,,,,,,,,,15.08,13.71,16.48,,,,,,,,,,,,,22.18,20.84,23.9,,,,,,,,,,,,,9.54,8.4,10.9,,,,,,,,,,,,,,,,,,,,,,,,,18.66,16.85,20.39,,,,5.83,-1.39,18.23,,,,,,,29.82,28.22,31.43,,,,,,,,
2026-02-28,,,,,,,,,,,,,15.07,13.7,16.49,,,,,,,,,,,,,22.13,20.79,23.85,,,,,,,,,,,,,9.52,8.37,10.84,,,,,,,,,,,,,,,,,,,,,,,,,18.7,16.89,20.41,,,,6.04,-1.39,18.54,,,,,,,29.8,28.19,31.41,12.0,25.0,11.0,,18.0,,,32.0
2026-03-01,,,,,,,,,,,,,15.06,13.7,16.49,,,,,,,,,,,,,22.08,20.74,23.79,,,,,,,,,,,,,9.5,8.34,10.85,,,,,,,,,,,,,,,,,,,,,,,,,18.74,16.91,20.47,,,,6.23,-1.39,18.83,,,,,,,29.78,28.16,31.38,,,,,,,,
2026-03-02,,,,,,,,,,,,,15.05,13.69,16.49,,,,,,,,,,,,,22.03,20.68,23.74,,,,,,,,,,,,,9.48,8.32,10.86,,,,,,,,,,,,,,,,,,,,,,,,,18.77,16.95,20.51,,,,6.43,-1.36,19.1,,,,,,,29.76,28.15,31.36,12.0,22.0,11.0,,24.0,,,28.0
2026-03-03,,,,,,,,,,,,,15.04,13.68,16.5,,,,,,,,,,,,,21.98,20.62,23.69,,,,,,,,,,,,,9.46,8.29,10.85,,,,,,,,,,,,,,,,,,,,,,,,,18.81,16.99,20.57,,,,6.62,-1.27,19.35,,,,,,,29.73,28.1,31.3,,,,,,,,
2026-03-04,,,,,,,,,,,,,15.03,13.64,16.5,,,,,,,,,,,,,21.93,20.57,23.62,,,,,,,,,,,,,9.44,8.25,10.83,,,,,,,,,,,,,,,,,,,,,,,,,18.84,17.02,20.63,,,,6.8,-1.27,19.54,,,,,,,29.71,28.05,31.3,,,,,,,,
2026-03-05,,,,,,,,,,,,,15.01,13.6,16.5,,,,,,,,,,,,,21.88,20.51,23.56,,,,,,,,,,,,,9.42,8.23,10.8,,,,,,,,,,,,,,,,,,,,,,,,,18.87,17.05,20.64,,,,6.98,-1.27,19.67,,,,,,,29.69,28.01,31.27,13.0,22.0,10.0,,18.0,,,34.0
2026-03-06,,,,,,,,,,,,,15.0,13.57,16.5,,,,,,,,,,,,,21.83,20.46,23.49,,,,,,,,,,,,,9.41,8.2,10.78,,,,,,,,,,,,,,,,,,,,,,,,,18.91,17.09,20.66,,,,7.15,-1.27,19.79,,,,,,,29.67,27.96,31.25,,,,,,,,
2026-03-07,,,,,,,,,,,,,14.99,13.54,16.48,,,,,,,,,,,,,21.79,20.4,23.45,,,,,,,,,,,,,9.39,8.18,10.78,,,,,,,,,,,,,,,,,,,,,,,,,18.94,17.13,20.69,,,,7.32,-1.27,19.88,,,,,,,29.65,27.92,31.25,,,,,,,,
2026-03-08,,,,,,,,,,,,,14.98,13.53,16.47,,,,,,,,,,,,,21.74,20.35,23.4,,,,,,,,,,,,,9.37,8.16,10.79,,,,,,,,,,,,,,,,,,,,,,,,,18.97,17.16,20.75,,,,7.48,-1.27,19.97,,,,,,,29.62,27.87,31.24,,,,,,,,
2026-03-09,,,,,,,,,,,,,14.97,13.52,16.45,,,,,,,,,,,,,21.69,20.3,23.34,,,,,,,,,,,,,9.35,8.14,10.81,,,,,,,,,,,,,,,,,,,,,,,,,19.0,17.17,20.81,,,,7.64,-1.27,20.05,,,,,,,29.6,27.83,31.21,,,,,,,,
2026-03-10,,,,,,,,,,,,,14.96,13.5,16.46,,,,,,,,,,,,,21.65,20.28,23.28,,,,,,,,,,,,,9.34,8.11,10.81,,,,,,,,,,,,,,,,,,,,,,,,,19.03,17.18,20.86,,,,7.79,-1.27,20.13,,,,,,,29.58,27.79,31.21,15.0,24.0,8.0,,21.0,,,30.0
2026-03-11,,,,,,,,,,,,,14.95,13.47,16.48,,,,,,,,,,,,,21.6,20.25,23.23,,,,,,,,,,,,,9.32,8.08,10.79,,,,,,,,,,,,,,,,,,,,,,,,,19.06,17.19,20.91,,,,7.94,-1.27,20.2,,,,,,,29.56,27.76,31.22,,,,,,,,
2026-03-12,,,,,,,,,,,,,14.94,13.44,16.48,,,,,,,,,,,,,21.56,20.23,23.2,,,,,,,,,,,,,9.31,8.07,10.77,,,,,,,,,,,,,,,,,,,,,,,,,19.09,17.22,20.96,,,,8.08,-1.27,20.28,,,,,,,29.54,27.75,31.22,,,,,,,,
2026-03-13,,,,,,,,,,,,,14.93,13.43,16.45,,,,,,,,,,,,,21.51,20.21,23.17,,,,,,,,,,,,,9.29,8.06,10.75,,,,,,,,,,,,,,,,,,,,,,,,,19.12,17.27,21.01,,,,8.22,-1.27,20.34,,,,,,,29.51,27.72,31.23,,,,,,,,
2026-03-14,,,,,,,,,,,,,14.92,13.42,16.42,,,,,,,,,,,,,21.47,20.18,23.13,,,,,,,,,,,,,9.28,8.03,10.76,,,,,,,,,,,,,,,,,,,,,,,,,19.14,17.31,21.04,,,,8.35,-1.27,20.41,,,,,,,29.49,27.7,31.23,,,,,,,,
2026-03-15,,,,,,,,,,,,,14.91,13.42,16.42,,,,,,,,,,,,,21.43,20.15,23.08,,,,,,,,,,,,,9.27,7.99,10.75,,,,,,,,,,,,,,,,,,,,,,,,,19.17,17.33,21.05,,,,8.48,-1.27,20.47,,,,,,,29.47,27.69,31.24,,,,,,,,
2026-03-16,,,,,,,,,,,,,14.9,13.42,16.42,,,,,,,,,,,,,21.39,20.11,23.04,,,,,,,,,,,,,9.25,7.95,10.73,,,,,,,,,,,,,,,,,,,,,,,,,19.2,17.35,21.06,,,,8.6,-1.27,20.53,,,,,,,29.45,27.68,31.24,12.0,20.0,13.0,,20.0,,,30.0
2026-03-17,,,,,,,,,,,,,14.89,13.41,16.4,,,,,,,,,,,,,21.34,20.07,22.98,,,,,,,,,,,,,9.24,7.91,10.72,,,,,,,,,,,,,,,,,,,,,,,,,19.22,17.38,21.07,,,,8.72,-1.25,20.59,,,,,,,29.43,27.67,31.23,,,,,,,,
2026-03-18,,,,,,,,,,,,,14.88,13.42,16.37,,,,,,,,,,,,,21.3,20.01,22.91,,,,,,,,,,,,,9.23,7.87,10.72,,,,,,,,,,,,,,,,,,,,,,,,,19.24,17.4,21.09,,,,8.84,-1.24,20.71,,,,,,,29.41,27.65,31.24,,,,,,,,
2026-03-19,,,,,,,,,,,,,14.88,13.42,16.35,,,,,,,,,,,,,21.26,19.96,22.88,,,,,,,,,,,,,9.22,7.84,10.72,,,,,,,,,,,,,,,,,,,,,,,,,19.26,17.43,21.13,,,,8.95,-1.24,20.83,,,,,,,29.39,27.64,31.24,,,,,,,,
2026-03-20,,,,,,,,,,,,,14.87,13.41,16.36,,,,,,,,,,,,,21.22,19.92,22.84,,,,,,,,,,,,,9.21,7.83,10.72,,,,,,,,,,,,,,,,,,,,,,,,,19.29,17.51,21.16,,,,9.05,-1.24,20.95,,,,,,,29.37,27.62,31.23,,,,,,,,
2026-03-21,,,,,,,,,,,,,14.86,13.41,16.38,,,,,,,,,,,,,21.18,19.88,22.8,,,,,,,,,,,,,9.2,7.79,10.72,,,,,,,,,,,,,,,,,,,,,,,,,19.3,17.61,21.19,,,,9.15,-1.24,21.06,,,,,,,29.34,27.59,31.23,,,,,,,,
2026-03-22,,,,,,,,,,,,,14.86,13.38,16.41,,,,,,,,,,,,,21.14,19.84,22.77,,,,,,,,,,,,,9.19,7.77,10.72,,,,,,,,,,,,,,,,,,,,,,,,,19.32,17.6,21.22,,,,9.25,-1.24,21.16,,,,,,,29.32,27.56,31.21,,,,,,,,
2026-03-23,,,,,,,,,,,,,14.85,13.35,16.43,,,,,,,,,,,,,21.11,19.81,22.72,,,,,,,,,,,,,9.18,7.75,10.72,,,,,,,,,,,,,,,,,,,,,,,,,19.34,17.59,21.25,,,,9.34,-1.24,21.25,,,,,,,29.3,27.53,31.19,16.0,22.0,12.0,,16.0,,,29.0
2026-03-24,,,,,,,,,,,,,14.85,13.33,16.43,,,,,,,,,,,,,21.07,19.77,22.68,,,,,,,,,,,,,9.17,7.73,10.72,,,,,,,,,,,,,,,,,,,,,,,,,19.35,17.58,21.26,,,,9.43,-1.24,21.34,,,,,,,29.28,27.5,31.16,,,,,,,,
2026-03-25,,,,,,,,,,,,,14.85,13.31,16.43,,,,,,,,,,,,,21.03,19.74,22.64,,,,,,,,,,,,,9.17,7.73,10.72,,,,,,,,,,,,,,,,,,,,,,,,,19.37,17.56,21.25,,,,9.51,-1.24,21.43,,,,,,,29.27,27.47,31.14,17.0,17.3,6.7,,22.3,1.0,,27.0
2026-03-26,,,,,,,,,,,,,14.85,13.29,16.45,,,,,,,,,,,,,21.0,19.71,22.6,,,,,,,,,,,,,9.16,7.71,10.71,,,,,,,,,,,,,,,,,,,,,,,,,19.38,17.57,21.23,,,,9.59,-1.24,21.51,,,,,,,29.25,27.41,31.11,,,,,,,,
2026-03-27,,,,,,,,,,,,,14.85,13.27,16.46,,,,,,,,,,,,,20.97,19.65,22.56,,,,,,,,,,,,,9.15,7.68,10.7,,,,,,,,,,,,,,,,,,,,,,,,,19.39,17.61,21.21,,,,9.66,-1.24,21.58,,,,,,,29.23,27.35,31.11,,,,,,,,
2026-03-28,,,,,,,,,,,,,14.85,13.26,16.48,,,,,,,,,,,,,20.93,19.57,22.52,,,,,,,,,,,,,9.14,7.69,10.68,,,,,,,,,,,,,,,,,,,,,,,,,19.4,17.65,21.22,,,,9.73,-1.24,21.65,,,,,,,29.21,27.31,31.06,,,,,,,,
2026-03-29,,,,,,,,,,,,,14.85,13.26,16.47,,,,,,,,,,,,,20.9,19.5,22.48,,,,,,,,,,,,,9.14,7.7,10.66,,,,,,,,,,,,,,,,,,,,,,,,,19.41,17.65,21.25,,,,9.8,-1.24,21.72,,,,,,,29.19,27.28,31.04,,,,,,,,
2026-03-30,,,,,,,,,,,,,14.85,13.26,16.47,,,,,,,,,,,,,20.87,19.46,22.46,,,,,,,,,,,,,9.13,7.71,10.65,,,,,,,,,,,,,,,,,,,,,,,,,19.41,17.66,21.24,,,,9.86,-1.24,21.77,,,,,,,29.17,27.25,31.02,16.0,19.0,9.0,,24.0,,,27.0
2026-03-31,,,,,,,,,,,,,14.85,13.26,16.49,,,,,,,,,,,,,20.84,19.44,22.43,,,,,,,,,,,,,9.12,7.69,10.66,,,,,,,,,,,,,,,,,,,,,,,,,19.42,17.66,21.23,,,,9.91,-1.24,21.83,,,,,,,29.15,27.21,30.99,,,,,,,,
2026-04-01,,,,,,,,,,,,,14.86,13.27,16.5,,,,,,,,,,,,,20.81,19.41,22.41,,,,,,,,,,,,,9.12,7.69,10.64,,,,,,,,,,,,,,,,,,,,,,,,,19.42,17.67,21.22,,,,9.97,-1.24,21.88,,,,,,,29.14,27.19,30.97,,,,,,,,
2026-04-02,,,,,,,,,,,,,14.86,13.28,16.51,,,,,,,,,,,,,20.79,19.38,22.38,,,,,,,,,,,,,9.11,7.69,10.67,,,,,,,,,,,,,,,,,,,,,,,,,19.42,17.68,21.23,,,,10.01,-1.24,21.93,,,,,,,29.12,27.17,30.95,15.7,17.7,7.7,,21.7,,1.5,32.7
2026-04-03,,,,,,,,,,,,,14.86,13.3,16.52,,,,,,,,,,,,,20.76,19.36,22.37,,,,,,,,,,,,,9.1,7.7,10.68,,,,,,,,,,,,,,,,,,,,,,,,,19.42,17.68,21.24,,,,10.06,-1.24,21.96,,,,,,,29.1,27.13,30.95,,,,,,,,
2026-04-04,,,,,,,,,,,,,14.87,13.31,16.53,,,,,,,,,,,,,20.74,19.34,22.33,,,,,,,,,,,,,9.1,7.67,10.66,,,,,,,,,,,,,,,,,,,,,,,,,19.42,17.66,21.25,,,,10.1,-1.24,22.0,,,,,,,29.09,27.07,30.97,,,,,,,,
2026-04-05,,,,,,,,,,,,,14.88,13.32,16.54,,,,,,,,,,,,,20.72,19.32,22.29,,,,,,,,,,,,,9.09,7.64,10.64,,,,,,,,,,,,,,,,,,,,,,,,,19.42,17.66,21.26,,,,10.13,-1.24,22.04,,,,,,,29.07,27.06,30.98,,,,,,,,
2026-04-06,,,,,,,,,,,,,14.89,13.34,16.57,,,,,,,,,,,,,20.7,19.3,22.26,,,,,,,,,,,,,9.08,7.62,10.66,,,,,,,,,,,,,,,,,,,,,,,,,19.41,17.66,21.26,,,,10.17,-1.24,22.07,,,,,,,29.06,27.05,31.0,,,,,,,,
2026-04-07,,,,,,,,,,,,,14.89,13.36,16.59,,,,,,,,,,,,,20.69,19.28,22.25,,,,,,,,,,,,,9.07,7.63,10.67,,,,,,,,,,,,,,,,,,,,,,,,,19.4,17.66,21.27,,,,10.2,-1.24,22.1,,,,,,,29.04,27.05,31.02,17.0,18.0,10.0,,18.0,,,29.0
2026-04-08,,,,,,,,,,,,,14.9,13.36,16.6,,,,,,,,,,,,,20.67,19.26,22.22,,,,,,,,,,,,,9.07,7.62,10.66,,,,,,,,,,,,,,,,,,,,,,,,,19.39,17.65,21.27,,,,10.22,-1.24,22.13,,,,,,,29.03,27.0,31.0,,,,,,,,
2026-04-09,,,,,,,,,,,,,14.91,13.36,16.61,,,,,,,,,,,,,20.66,19.25,22.2,,,,,,,,,,,,,9.06,7.59,10.64,,,,,,,,,,,,,,,,,,,,,,,,,19.38,17.63,21.26,,,,10.25,-1.24,22.15,,,,,,,29.01,26.96,30.99,14.0,22.0,6.0,,13.0,,,36.0
2026-04-10,,,,,,,,,,,,,14.92,13.36,16.63,,,,,,,,,,,,,20.65,19.23,22.22,,,,,,,,,,,,,9.05,7.57,10.62,,,,,,,,,,,,,,,,,,,,,,,,,19.37,17.61,21.26,,,,10.28,-1.24,22.17,,,,,,,29.0,26.91,31.01,,,,,,,,
2026-04-11,,,,,,,,,,,,,14.93,13.37,16.64,,,,,,,,,,,,,20.64,19.22,22.24,,,,,,,,,,,,,9.04,7.56,10.6,,,,,,,,,,,,,,,,,,,,,,,,,19.36,17.59,21.25,,,,10.3,-1.24,22.2,,,,,,,28.99,26.86,31.04,,,,,,,,
2026-04-12,,,,,,,,,,,,,14.95,13.41,16.66,,,,,,,,,,,,,20.64,19.21,22.25,,,,,,,,,,,,,9.03,7.57,10.58,,,,,,,,,,,,,,,,,,,,,,,,,19.34,17.58,21.24,,,,10.32,-1.24,22.22,,,,,,,28.98,26.83,31.06,,,,,,,,
2026-04-13,,,,,,,,,,,,,14.96,13.47,16.73,,,,,,,,,,,,,20.63,19.21,22.26,,,,,,,,,,,,,9.02,7.57,10.55,,,,,,,,,,,,,,,,,,,,,,,,,19.32,17.56,21.21,,,,10.34,-1.24,22.24,,,,,,,28.97,26.82,31.09,15.0,23.0,10.0,,20.0,,,26.0
2026-04-14,,,,,,,,,,,,,14.97,13.52,16.76,,,,,,,,,,,,,20.63,19.2,22.29,,,,,,,,,,,,,9.01,7.57,10.53,,,,,,,,,,,,,,,,,,,,,,,,,19.3,17.54,21.18,,,,10.37,-1.24,22.26,,,,,,,28.96,26.8,31.09,,,,,,,,
2026-04-15,,,,,,,,,,,,,14.98,13.55,16.8,,,,,,,,,,,,,20.63,19.2,22.29,,,,,,,,,,,,,9.0,7.53,10.5,,,,,,,,,,,,,,,,,,,,,,,,,19.28,17.54,21.14,,,,10.39,-1.24,22.28,,,,,,,28.95,26.79,31.08,,,,,,,,
2026-04-16,,,,,,,,,,,,,15.0,13.57,16.79,,,,,,,,,,,,,20.64,19.2,22.3,,,,,,,,,,,,,8.98,7.5,10.48,,,,,,,,,,,,,,,,,,,,,,,,,19.26,17.54,21.1,,,,10.42,-1.24,22.3,,,,,,,28.94,26.78,31.04,,,,,,,,
2026-04-17,,,,,,,,,,,,,15.01,13.58,16.77,,,,,,,,,,,,,20.64,19.21,22.3,,,,,,,,,,,,,8.97,7.49,10.45,,,,,,,,,,,,,,,,,,,,,,,,,19.24,17.53,21.08,,,,10.44,-1.24,22.33,,,,,,,28.94,26.77,31.01,,,,,,,,
2026-04-18,,,,,,,,,,,,,15.03,13.59,16.79,,,,,,,,,,,,,20.65,19.23,22.31,,,,,,,,,,,,,8.96,7.48,10.42,,,,,,,,,,,,,,,,,,,,,,,,,19.21,17.49,21.03,,,,10.47,-1.24,22.35,,,,,,,28.93,26.76,30.98,,,,,,,,
2026-04-19,,,,,,,,,,,,,15.04,13.6,16.82,,,,,,,,,,,,,20.66,19.23,22.32,,,,,,,,,,,,,8.95,7.45,10.39,,,,,,,,,,,,,,,,,,,,,,,,,19.19,17.42,20.96,,,,10.5,-1.24,22.38,,,,,,,28.92,26.74,31.01,,,,,,,,
2026-04-20,,,,,,,,,,,,,15.05,13.59,16.84,,,,,,,,,,,,,20.67,19.23,22.33,,,,,,,,,,,,,8.93,7.45,10.37,,,,,,,,,,,,,,,,,,,,,,,,,19.16,17.39,20.92,,,,10.54,-1.24,22.41,,,,,,,28.92,26.74,31.01,15.0,21.0,9.0,,20.0,,,29.0
2026-04-21,,,,,,,,,,,,,15.07,13.58,16.87,,,,,,,,,,,,,20.68,19.24,22.35,,,,,,,,,,,,,8.92,7.44,10.35,,,,,,,,,,,,,,,,,,,,,,,,,19.13,17.36,20.88,,,,10.57,-1.24,22.44,,,,,,,28.92,26.73,30.99,,,,,,,,
2026-04-22,,,,,,,,,,,,,15.08,13.61,16.89,,,,,,,,,,,,,20.7,19.26,22.36,,,,,,,,,,,,,8.91,7.43,10.33,,,,,,,,,,,,,,,,,,,,,,,,,19.1,17.35,20.84,,,,10.61,-1.24,22.48,,,,,,,28.91,26.72,30.98,,,,,,,,
2026-04-23,,,,,,,,,,,,,15.1,13.64,16.9,,,,,,,,,,,,,20.71,19.27,22.38,,,,,,,,,,,,,8.89,7.43,10.32,,,,,,,,,,,,,,,,,,,,,,,,,19.07,17.34,20.8,,,,10.66,-1.24,22.52,,,,,,,28.91,26.71,30.96,15.7,18.3,7.0,26.0,17.5,,28.0,23.3
2026-04-24,,,,,,,,,,,,,15.11,13.65,16.92,,,,,,,,,,,,,20.73,19.29,22.4,,,,,,,,,,,,,8.88,7.43,10.3,,,,,,,,,,,,,,,,,,,,,,,,,19.03,17.33,20.76,,,,,,,,,,,,,28.91,26.7,30.94,,,,,,,,
2026-04-25,,,,,,,,,,,,,15.13,13.66,16.93,,,,,,,,,,,,,20.75,19.31,22.42,,,,,,,,,,,,,8.87,7.43,10.29,,,,,,,,,,,,,,,,,,,,,,,,,19.0,17.32,20.72,,,,,,,,,,,,,28.91,26.7,30.92,,,,,,,,
2026-04-26,,,,,,,,,,,,,15.14,13.67,16.94,,,,,,,,,,,,,20.77,19.34,22.46,,,,,,,,,,,,,8.85,7.41,10.27,,,,,,,,,,,,,,,,,,,,,,,,,18.96,17.3,20.68,,,,,,,,,,,,,28.9,26.69,30.9,,,,,,,,
2026-04-27,,,,,,,,,,,,,15.15,13.67,16.95,,,,,,,,,,,,,20.8,19.36,22.51,,,,,,,,,,,,,8.84,7.41,10.25,,,,,,,,,,,,,,,,,,,,,,,,,18.93,17.29,20.63,,,,,,,,,,,,,28.9,26.67,30.89,14.0,24.0,9.0,,17.0,,,29.0
2026-04-28,,,,,,,,,,,,,15.16,13.68,16.95,,,,,,,,,,,,,20.82,19.36,22.56,,,,,,,,,,,,,8.82,7.41,10.23,,,,,,,,,,,,,,,,,,,,,,,,,18.89,17.28,20.59,,,,,,,,,,,,,28.9,26.67,30.9,,,,,,,,
2026-04-29,,,,,,,,,,,,,15.18,13.69,16.96,,,,,,,,,,,,,20.85,19.39,22.58,,,,,,,,,,,,,8.81,7.38,10.22,,,,,,,,,,,,,,,,,,,,,,,,,18.85,17.26,20.54,,,,,,,,,,,,,28.9,26.66,30.92,,,,,,,,
2026-04-30,,,,,,,,,,,,,15.19,13.7,16.96,,,,,,,,,,,,,20.87,19.42,22.6,,,,,,,,,,,,,8.8,7.32,10.2,,,,,,,,,,,,,,,,,,,,,,,,,18.81,17.25,20.5,,,,,,,,,,,,,28.9,26.65,30.93,,,,,,,,
2026-05-01,,,,,,,,,,,,,15.2,13.71,16.96,,,,,,,,,,,,,20.9,19.46,22.63,,,,,,,,,,,,,8.79,7.31,10.19,,,,,,,,,,,,,,,,,,,,,,,,,18.77,17.2,20.45,,,,,,,,,,,,,28.9,26.65,30.94,,,,,,,,
2026-05-02,,,,,,,,,,,,,15.21,13.72,16.96,,,,,,,,,,,,,20.93,19.48,22.65,,,,,,,,,,,,,8.78,7.31,10.18,,,,,,,,,,,,,,,,,,,,,,,,,18.73,17.15,20.4,,,,,,,,,,,,,28.9,26.64,30.96,,,,,,,,
2026-05-03,,,,,,,,,,,,,15.21,13.73,16.95,,,,,,,,,,,,,20.96,19.52,22.68,,,,,,,,,,,,,8.76,7.31,10.18,,,,,,,,,,,,,,,,,,,,,,,,,18.69,17.09,20.35,,,,,,,,,,,,,28.9,26.63,30.94,,,,,,,,
2026-05-04,,,,,,,,,,,,,15.22,13.75,16.95,,,,,,,,,,,,,21.0,19.55,22.72,,,,,,,,,,,,,8.75,7.3,10.17,,,,,,,,,,,,,,,,,,,,,,,,,18.65,17.04,20.3,,,,,,,,,,,,,28.9,26.62,30.95,,,,,,,,
2026-05-05,,,,,,,,,,,,,15.23,13.77,16.94,,,,,,,,,,,,,21.03,19.57,22.75,,,,,,,,,,,,,8.74,7.3,10.17,,,,,,,,,,,,,,,,,,,,,,,,,18.61,17.01,20.27,,,,,,,,,,,,,28.9,26.61,30.97,14.0,22.0,9.0,,17.0,,,28.0
2026-05-06,,,,,,,,,,,,,15.24,13.78,16.93,,,,,,,,,,,,,21.06,19.6,22.77,,,,,,,,,,,,,8.73,7.29,10.16,,,,,,,,,,,,,,,,,,,,,,,,,18.56,16.99,20.23,,,,,,,,,,,,,28.91,26.61,30.98,,,,,,,,
2026-05-07,,,,,,,,,,,,,15.24,13.8,16.92,,,,,,,,,,,,,21.1,19.63,22.8,,,,,,,,,,,,,8.72,7.27,10.15,,,,,,,,,,,,,,,,,,,,,,,,,18.52,16.96,20.2,,,,,,,,,,,,,28.91,26.65,31.0,13.0,22.0,8.0,,16.0,,,33.0
2026-05-08,,,,,,,,,,,,,15.24,13.82,16.91,,,,,,,,,,,,,21.14,19.66,22.83,,,,,,,,,,,,,8.71,7.23,10.16,,,,,,,,,,,,,,,,,,,,,,,,,18.48,16.94,20.16,,,,,,,,,,,,,28.91,26.65,31.02,,,,,,,,
2026-05-09,,,,,,,,,,,,,15.25,13.81,16.9,,,,,,,,,,,,,21.18,19.7,22.88,,,,,,,,,,,,,8.71,7.21,10.18,,,,,,,,,,,,,,,,,,,,,,,,,18.43,16.9,20.08,,,,,,,,,,,,,28.91,26.63,31.03,,,,,,,,
2026-05-10,,,,,,,,,,,,,15.25,13.83,16.9,,,,,,,,,,,,,21.22,19.74,22.94,,,,,,,,,,,,,8.7,7.18,10.2,,,,,,,,,,,,,,,,,,,,,,,,,18.38,16.87,19.99,,,,,,,,,,,,,28.91,26.61,31.05,,,,,,,,
2026-05-11,,,,,,,,,,,,,15.25,13.84,16.89,,,,,,,,,,,,,21.26,19.78,23.0,,,,,,,,,,,,,8.69,7.15,10.2,,,,,,,,,,,,,,,,,,,,,,,,,18.34,16.83,19.93,,,,,,,,,,,,,28.92,26.59,31.07,14.0,20.0,9.0,,19.0,,,32.0
2026-05-12,,,,,,,,,,,,,15.26,13.85,16.91,,,,,,,,,,,,,21.31,19.82,23.06,,,,,,,,,,,,,8.69,7.12,10.2,,,,,,,,,,,,,,,,,,,,,,,,,18.29,16.79,19.88,,,,,,,,,,,,,28.92,26.57,31.09,,,,,,,,
2026-05-13,,,,,,,,,,,,,15.26,13.85,16.96,,,,,,,,,,,,,21.35,19.84,23.12,,,,,,,,,,,,,8.69,7.09,10.22,,,,,,,,,,,,,,,,,,,,,,,,,18.24,16.72,19.85,,,,,,,,,,,,,28.92,26.56,31.1,,,,,,,,
2026-05-14,,,,,,,,,,,,,15.26,13.86,17.01,,,,,,,,,,,,,21.4,19.85,23.22,,,,,,,,,,,,,8.68,7.08,10.21,,,,,,,,,,,,,,,,,,,,,,,,,18.18,16.64,19.83,,,,,,,,,,,,,28.93,26.54,31.07,,,,,,,,
2026-05-15,,,,,,,,,,,,,15.26,13.84,17.03,,,,,,,,,,,,,21.45,19.89,23.32,,,,,,,,,,,,,8.68,7.08,10.2,,,,,,,,,,,,,,,,,,,,,,,,,18.13,16.61,19.81,,,,,,,,,,,,,28.93,26.52,31.04,,,,,,,,
2026-05-16,,,,,,,,,,,,,15.26,13.82,17.05,,,,,,,,,,,,,21.5,19.95,23.42,,,,,,,,,,,,,8.68,7.09,10.2,,,,,,,,,,,,,,,,,,,,,,,,,18.08,16.56,19.78,,,,,,,,,,,,,28.94,26.53,31.0,,,,,,,,
2026-05-17,,,,,,,,,,,,,15.26,13.81,17.03,,,,,,,,,,,,,21.55,19.97,23.48,,,,,,,,,,,,,8.68,7.07,10.2,,,,,,,,,,,,,,,,,,,,,,,,,18.02,16.5,19.72,,,,,,,,,,,,,28.94,26.54,30.96,,,,,,,,
2026-05-18,,,,,,,,,,,,,15.26,13.8,17.0,,,,,,,,,,,,,21.61,19.99,23.54,,,,,,,,,,,,,8.68,7.01,10.2,,,,,,,,,,,,,,,,,,,,,,,,,17.96,16.43,19.69,,,,,,,,,,,,,28.95,26.54,30.98,14.0,19.0,14.0,,18.0,,,30.0
2026-05-19,,,,,,,,,,,,,15.26,13.79,16.99,,,,,,,,,,,,,21.67,20.02,23.6,,,,,,,,,,,,,8.68,6.99,10.18,,,,,,,,,,,,,,,,,,,,,,,,,17.91,16.37,19.64,,,,,,,,,,,,,28.95,26.55,30.99,,,,,,,,
2026-05-20,,,,,,,,,,,,,15.25,13.78,17.0,,,,,,,,,,,,,21.73,20.05,23.63,,,,,,,,,,,,,8.68,6.99,10.16,,,,,,,,,,,,,,,,,,,,,,,,,17.84,16.3,19.55,,,,,,,,,,,,,28.96,26.58,31.01,,,,,,,,
2026-05-21,,,,,,,,,,,,,15.25,13.76,17.02,,,,,,,,,,,,,21.79,20.09,23.66,,,,,,,,,,,,,8.69,6.97,10.14,,,,,,,,,,,,,,,,,,,,,,,,,17.78,16.23,19.5,,,,,,,,,,,,,28.97,26.61,31.02,,,,,,,,
2026-05-22,,,,,,,,,,,,,15.25,13.74,17.04,,,,,,,,,,,,,21.85,20.13,23.7,,,,,,,,,,,,,8.69,6.95,10.15,,,,,,,,,,,,,,,,,,,,,,,,,17.72,16.11,19.49,,,,,,,,,,,,,28.97,26.63,31.01,,,,,,,,
2026-05-23,,,,,,,,,,,,,15.25,13.72,17.05,,,,,,,,,,,,,21.91,20.19,23.76,,,,,,,,,,,,,8.7,6.93,10.18,,,,,,,,,,,,,,,,,,,,,,,,,17.65,15.98,19.47,,,,,,,,,,,,,28.98,26.68,30.98,,,,,,,,
2026-05-24,,,,,,,,,,,,,15.25,13.68,17.07,,,,,,,,,,,,,21.98,20.26,23.83,,,,,,,,,,,,,8.7,6.92,10.2,,,,,,,,,,,,,,,,,,,,,,,,,17.59,15.93,19.45,,,,,,,,,,,,,28.99,26.74,30.95,,,,,,,,
2026-05-25,,,,,,,,,,,,,15.25,13.7,17.08,,,,,,,,,,,,,22.05,20.34,23.9,,,,,,,,,,,,,8.71,6.9,10.24,,,,,,,,,,,,,,,,,,,,,,,,,17.52,15.89,19.4,,,,,,,,,,,,,28.99,26.81,30.98,,,,,,,,
2026-05-26,,,,,,,,,,,,,15.26,13.71,17.07,,,,,,,,,,,,,22.12,20.41,23.97,,,,,,,,,,,,,8.72,6.92,10.25,,,,,,,,,,,,,,,,,,,,,,,,,17.45,15.87,19.33,,,,,,,,,,,,,29.0,26.87,31.01,18.0,23.0,10.0,,20.0,,,25.0
2026-05-27,,,,,,,,,,,,,15.26,13.7,17.06,,,,,,,,,,,,,22.19,20.49,24.05,,,,,,,,,,,,,8.72,6.95,10.29,,,,,,,,,,,,,,,,,,,,,,,,,17.37,15.84,19.29,,,,,,,,,,,,,29.01,26.84,31.02,,,,,,,,
2026-05-28,,,,,,,,,,,,,15.26,13.68,17.03,,,,,,,,,,,,,22.26,20.57,24.12,,,,,,,,,,,,,8.73,6.97,10.32,,,,,,,,,,,,,,,,,,,,,,,,,17.3,15.72,19.19,,,,,,,,,,,,,29.01,26.81,31.0,,,,,,,,
2026-05-29,,,,,,,,,,,,,15.26,13.66,17.02,,,,,,,,,,,,,22.33,20.66,24.21,,,,,,,,,,,,,8.74,7.01,10.35,,,,,,,,,,,,,,,,,,,,,,,,,17.23,15.57,19.11,,,,,,,,,,,,,29.02,26.9,31.0,,,,,,,,
2026-05-30,,,,,,,,,,,,,15.27,13.65,17.03,,,,,,,,,,,,,22.4,20.74,24.31,,,,,,,,,,,,,8.75,7.04,10.38,,,,,,,,,,,,,,,,,,,,,,,,,17.15,15.43,19.03,,,,,,,,,,,,,29.03,26.97,31.05,,,,,,,,
2026-05-31,,,,,,,,,,,,,15.27,13.63,17.05,,,,,,,,,,,,,22.48,20.8,24.39,,,,,,,,,,,,,8.76,7.08,10.41,,,,,,,,,,,,,,,,,,,,,,,,,17.08,15.33,18.96,,,,,,,,,,,,,29.03,27.04,31.08,,,,,,,,
2026-06-01,,,,,,,,,,,,,15.28,13.62,17.07,,,,,,,,,,,,,22.55,20.87,24.46,,,,,,,,,,,,,8.78,7.12,10.44,,,,,,,,,,,,,,,,,,,,,,,,,17.0,15.28,18.88,,,,,,,,,,,,,29.04,27.07,31.11,16.0,23.0,7.0,,15.0,,,35.0
2026-06-02,,,,,,,,,,,,,15.28,13.61,17.12,,,,,,,,,,,,,22.63,20.92,24.53,,,,,,,,,,,,,8.79,7.16,10.46,,,,,,,,,,,,,,,,,,,,,,,,,16.93,15.22,18.79,,,,,,,,,,,,,29.05,27.04,31.17,,,,,,,,
2026-06-03,,,,,,,,,,,,,15.29,13.59,17.1,,,,,,,,,,,,,22.7,20.96,24.6,,,,,,,,,,,,,8.8,7.16,10.5,,,,,,,,,,,,,,,,,,,,,,,,,16.85,15.14,18.71,,,,,,,,,,,,,29.05,27.09,31.16,,,,,,,,
2026-06-04,,,,,,,,,,,,,15.3,13.58,17.09,,,,,,,,,,,,,22.78,21.02,24.67,,,,,,,,,,,,,8.81,7.15,10.53,,,,,,,,,,,,,,,,,,,,,,,,,16.77,15.07,18.63,,,,,,,,,,,,,29.06,27.17,31.13,,,,,,,,
2026-06-05,,,,,,,,,,,,,15.31,13.56,17.1,,,,,,,,,,,,,22.86,21.08,24.74,,,,,,,,,,,,,8.83,7.14,10.56,,,,,,,,,,,,,,,,,,,,,,,,,16.7,15.0,18.55,,,,,,,,,,,,,29.07,27.21,31.15,,,,,,,,
2026-06-06,,,,,,,,,,,,,15.32,13.55,17.1,,,,,,,,,,,,,22.93,21.11,24.88,,,,,,,,,,,,,8.84,7.14,10.59,,,,,,,,,,,,,,,,,,,,,,,,,16.62,14.87,18.53,,,,,,,,,,,,,29.07,27.23,31.14,,,,,,,,
2026-06-07,,,,,,,,,,,,,15.33,13.54,17.07,,,,,,,,,,,,,23.01,21.12,25.01,,,,,,,,,,,,,8.85,7.13,10.57,,,,,,,,,,,,,,,,,,,,,,,,,16.55,14.78,18.46,,,,,,,,,,,,,29.08,27.22,31.13,,,,,,,,
2026-06-08,,,,,,,,,,,,,15.34,13.53,17.03,,,,,,,,,,,,,23.08,21.15,25.11,,,,,,,,,,,,,8.87,7.14,10.56,,,,,,,,,,,,,,,,,,,,,,,,,16.48,14.69,18.38,,,,,,,,,,,,,29.09,27.17,31.13,16.0,25.0,8.0,,15.0,,,28.0
2026-06-09,,,,,,,,,,,,,15.35,13.55,17.04,,,,,,,,,,,,,23.16,21.17,25.21,,,,,,,,,,,,,8.88,7.14,10.61,,,,,,,,,,,,,,,,,,,,,,,,,16.41,14.57,18.29,,,,,,,,,,,,,29.1,27.17,31.13,14.0,22.0,9.0,,17.0,,,31.0
2026-06-10,,,,,,,,,,,,,15.37,13.52,17.06,,,,,,,,,,,,,23.23,21.19,25.31,,,,,,,,,,,,,8.9,7.13,10.66,,,,,,,,,,,,,,,,,,,,,,,,,16.34,14.47,18.23,,,,,,,,,,,,,29.11,27.2,31.13,,,,,,,,
2026-06-11,,,,,,,,,,,,,15.38,13.49,17.09,,,,,,,,,,,,,23.3,21.21,25.36,,,,,,,,,,,,,8.91,7.14,10.66,,,,,,,,,,,,,,,,,,,,,,,,,16.27,14.37,18.19,,,,,,,,,,,,,29.11,27.16,31.13,,,,,,,,
2026-06-12,,,,,,,,,,,,,15.4,13.5,17.1,,,,,,,,,,,,,23.38,21.23,25.39,,,,,,,,,,,,,8.92,7.15,10.66,,,,,,,,,,,,,,,,,,,,,,,,,16.2,14.28,18.16,,,,,,,,,,,,,29.12,27.13,31.13,,,,,,,,
2026-06-13,,,,,,,,,,,,,15.42,13.49,17.11,,,,,,,,,,,,,23.45,21.26,25.43,,,,,,,,,,,,,8.93,7.16,10.66,,,,,,,,,,,,,,,,,,,,,,,,,16.13,14.19,18.13,,,,,,,,,,,,,29.13,27.17,31.14,,,,,,,,
2026-06-14,,,,,,,,,,,,,15.43,13.47,17.21,,,,,,,,,,,,,23.52,21.28,25.49,,,,,,,,,,,,,8.95,7.17,10.7,,,,,,,,,,,,,,,,,,,,,,,,,16.07,14.08,18.09,,,,,,,,,,,,,29.14,27.21,31.16,,,,,,,,
2026-06-15,,,,,,,,,,,,,15.45,13.45,17.21,,,,,,,,,,,,,23.59,21.35,25.55,,,,,,,,,,,,,8.96,7.16,10.75,,,,,,,,,,,,,,,,,,,,,,,,,16.01,13.95,18.08,,,,,,,,,,,,,29.15,27.23,31.17,14.0,28.0,8.0,,17.0,,,28.0
2026-06-16,,,,,,,,,,,,,15.47,13.46,17.21,,,,,,,,,,,,,23.66,21.41,25.61,,,,,,,,,,,,,8.97,7.14,10.82,,,,,,,,,,,,,,,,,,,,,,,,,15.95,13.82,18.08,,,,,,,,,,,,,29.17,27.24,31.16,,,,,,,,
2026-06-17,,,,,,,,,,,,,15.49,13.47,17.23,,,,,,,,,,,,,23.73,21.49,25.7,,,,,,,,,,,,,8.98,7.13,10.83,,,,,,,,,,,,,,,,,,,,,,,,,15.88,13.69,18.09,,,,,,,,,,,,,29.18,27.2,31.23,18.0,26.0,8.0,,17.0,,,29.0
2026-06-18,,,,,,,,,,,,,15.51,13.48,17.3,,,,,,,,,,,,,23.8,21.56,25.84,,,,,,,,,,,,,8.99,7.14,10.86,,,,,,,,,,,,,,,,,,,,,,,,,15.82,13.58,18.1,,,,,,,,,,,,,29.19,27.22,31.27,,,,,,,,
2026-06-19,,,,,,,,,,,,,15.53,13.5,17.33,,,,,,,,,,,,,23.87,21.67,25.93,,,,,,,,,,,,,9.0,7.16,10.93,,,,,,,,,,,,,,,,,,,,,,,,,15.76,13.46,18.1,,,,,,,,,,,,,29.2,27.25,31.3,,,,,,,,
2026-06-20,,,,,,,,,,,,,15.55,13.51,17.4,,,,,,,,,,,,,23.94,21.71,25.98,,,,,,,,,,,,,9.01,7.13,10.95,,,,,,,,,,,,,,,,,,,,,,,,,15.71,13.35,18.1,,,,,,,,,,,,,29.22,27.29,31.3,,,,,,,,
2026-06-21,,,,,,,,,,,,,15.57,13.55,17.48,,,,,,,,,,,,,24.01,21.78,26.1,,,,,,,,,,,,,9.02,7.08,10.97,,,,,,,,,,,,,,,,,,,,,,,,,15.65,13.27,18.1,,,,,,,,,,,,,29.23,27.28,31.28,,,,,,,,
2026-06-22,,,,,,,,,,,,,15.59,13.58,17.57,,,,,,,,,,,,,24.08,21.85,26.22,,,,,,,,,,,,,9.03,7.07,11.04,,,,,,,,,,,,,,,,,,,,,,,,,15.59,13.11,18.09,,,,,,,,,,,,,29.24,27.27,31.3,15.0,25.0,8.0,,15.0,,,33.0
2026-06-23,,,,,,,,,,,,,15.61,13.53,17.62,,,,,,,,,,,,,24.15,21.94,26.34,,,,,,,,,,,,,9.04,7.05,11.1,,,,,,,,,,,,,,,,,,,,,,,,,15.53,13.05,18.09,,,,,,,,,,,,,29.25,27.26,31.41,,,,,,,,
2026-06-24,,,,,,,,,,,,,15.64,13.53,17.62,,,,,,,,,,,,,24.22,22.03,26.47,,,,,,,,,,,,,9.05,7.04,11.16,,,,,,,,,,,,,,,,,,,,,,,,,15.47,12.99,18.08,,,,,,,,,,,,,29.26,27.25,31.43,,,,,,,,
2026-06-25,,,,,,,,,,,,,15.66,13.52,17.62,,,,,,,,,,,,,24.29,22.05,26.59,,,,,,,,,,,,,9.06,7.04,11.23,,,,,,,,,,,,,,,,,,,,,,,,,15.41,12.94,18.07,,,,,,,,,,,,,29.27,27.24,31.45,,,,,,,,
2026-06-26,,,,,,,,,,,,,15.68,13.53,17.66,,,,,,,,,,,,,24.36,22.07,26.7,,,,,,,,,,,,,9.06,7.04,11.29,,,,,,,,,,,,,,,,,,,,,,,,,15.36,12.88,18.04,,,,,,,,,,,,,29.28,27.23,31.48,,,,,,,,
2026-06-27,,,,,,,,,,,,,15.7,13.53,17.71,,,,,,,,,,,,,24.43,22.1,26.82,,,,,,,,,,,,,9.07,7.03,11.35,,,,,,,,,,,,,,,,,,,,,,,,,15.3,12.83,18.01,,,,,,,,,,,,,29.28,27.21,31.5,,,,,,,,
2026-06-28,,,,,,,,,,,,,15.72,13.52,17.8,,,,,,,,,,,,,24.5,22.13,26.94,,,,,,,,,,,,,9.08,7.04,11.41,,,,,,,,,,,,,,,,,,,,,,,,,15.25,12.77,17.98,,,,,,,,,,,,,29.29,27.19,31.51,,,,,,,,
2026-06-29,,,,,,,,,,,,,15.75,13.52,17.79,,,,,,,,,,,,,24.56,22.17,27.01,,,,,,,,,,,,,9.08,7.04,11.47,,,,,,,,,,,,,,,,,,,,,,,,,15.19,12.65,17.95,,,,,,,,,,,,,29.29,27.16,31.53,15.5,25.0,8.5,,15.0,,,29.5
2026-06-30,,,,,,,,,,,,,15.77,13.51,17.82,,,,,,,,,,,,,24.63,22.19,27.08,,,,,,,,,,,,,9.09,7.01,11.48,,,,,,,,,,,,,,,,,,,,,,,,,15.14,12.58,17.92,,,,,,,,,,,,,29.29,27.14,31.54,,,,,,,,
2026-07-01,,,,,,,,,,,,,15.79,13.51,17.9,,,,,,,,,,,,,24.7,22.2,27.18,,,,,,,,,,,,,9.09,6.97,11.5,,,,,,,,,,,,,,,,,,,,,,,,,15.08,12.49,17.89,,,,,,,,,,,,,29.29,27.13,31.56,,,,,,,,
2026-07-02,,,,,,,,,,,,,15.81,13.51,17.99,,,,,,,,,,,,,24.76,22.23,27.29,,,,,,,,,,,,,9.1,6.92,11.52,,,,,,,,,,,,,,,,,,,,,,,,,15.03,12.4,17.87,,,,,,,,,,,,,29.29,27.1,31.56,,,,,,,,
2026-07-03,,,,,,,,,,,,,15.83,13.48,18.0,,,,,,,,,,,,,24.82,22.25,27.32,,,,,,,,,,,,,9.1,6.87,11.51,,,,,,,,,,,,,,,,,,,,,,,,,14.98,12.34,17.84,,,,,,,,,,,,,29.29,27.04,31.58,,,,,,,,
2026-07-04,,,,,,,,,,,,,15.85,13.49,18.07,,,,,,,,,,,,,24.88,22.28,27.39,,,,,,,,,,,,,9.1,6.8,11.5,,,,,,,,,,,,,,,,,,,,,,,,,14.93,12.27,17.8,,,,,,,,,,,,,29.28,26.98,31.59,,,,,,,,
2026-07-05,,,,,,,,,,,,,15.87,13.48,18.13,,,,,,,,,,,,,24.94,22.33,27.46,,,,,,,,,,,,,9.1,6.71,11.49,,,,,,,,,,,,,,,,,,,,,,,,,14.88,12.15,17.76,,,,,,,,,,,,,29.27,26.92,31.59,,,,,,,,
2026-07-06,,,,,,,,,,,,,15.89,13.5,18.19,,,,,,,,,,,,,25.0,22.37,27.52,,,,,,,,,,,,,9.1,6.7,11.48,,,,,,,,,,,,,,,,,,,,,,,,,14.83,12.03,17.71,,,,,,,,,,,,,29.26,26.95,31.62,,,,,,,,
2026-07-07,,,,,,,,,,,,,15.91,13.52,18.26,,,,,,,,,,,,,25.06,22.42,27.59,,,,,,,,,,,,,9.1,6.67,11.49,,,,,,,,,,,,,,,,,,,,,,,,,14.78,11.96,17.67,,,,,,,,,,,,,29.25,26.92,31.67,,,,,,,,
2026-07-08,,,,,,,,,,,,,15.93,13.54,18.34,,,,,,,,,,,,,25.11,22.45,27.7,,,,,,,,,,,,,9.1,6.67,11.55,,,,,,,,,,,,,,,,,,,,,,,,,14.73,11.89,17.62,,,,,,,,,,,,,29.24,26.88,31.71,,,,,,,,
2026-07-09,,,,,,,,,,,,,15.95,13.58,18.41,,,,,,,,,,,,,25.16,22.49,27.79,,,,,,,,,,,,,9.1,6.66,11.6,,,,,,,,,,,,,,,,,,,,,,,,,14.68,11.82,17.57,,,,,,,,,,,,,29.22,26.83,31.76,,,,,,,,
2026-07-10,,,,,,,,,,,,,15.97,13.6,18.49,,,,,,,,,,,,,25.22,22.52,27.89,,,,,,,,,,,,,9.1,6.64,11.61,,,,,,,,,,,,,,,,,,,,,,,,,14.63,11.76,17.54,,,,,,,,,,,,,29.21,26.79,31.79,,,,,,,,
2026-07-11,,,,,,,,,,,,,15.99,13.63,18.55,,,,,,,,,,,,,25.27,22.56,27.94,,,,,,,,,,,,,9.1,6.64,11.62,,,,,,,,,,,,,,,,,,,,,,,,,14.58,11.67,17.5,,,,,,,,,,,,,29.19,26.74,31.83,,,,,,,,
2026-07-12,,,,,,,,,,,,,16.01,13.66,18.62,,,,,,,,,,,,,25.32,22.6,27.99,,,,,,,,,,,,,9.1,6.66,11.62,,,,,,,,,,,,,,,,,,,,,,,,,14.53,11.59,17.47,,,,,,,,,,,,,29.17,26.7,31.86,,,,,,,,
2026-07-13,,,,,,,,,,,,,16.02,13.69,18.68,,,,,,,,,,,,,25.36,22.64,28.04,,,,,,,,,,,,,9.1,6.67,11.63,,,,,,,,,,,,,,,,,,,,,,,,,14.48,11.55,17.43,,,,,,,,,,,,,29.15,26.64,31.89,,,,,,,,
2026-07-14,,,,,,,,,,,,,16.04,13.71,18.74,,,,,,,,,,,,,25.41,22.68,28.14,,,,,,,,,,,,,9.1,6.66,11.68,,,,,,,,,,,,,,,,,,,,,,,,,14.43,11.48,17.4,,,,,,,,,,,,,29.14,26.56,31.94,,,,,,,,
2026-07-15,,,,,,,,,,,,,16.06,13.7,18.8,,,,,,,,,,,,,25.46,22.71,28.25,,,,,,,,,,,,,9.1,6.61,11.73,,,,,,,,,,,,,,,,,,,,,,,,,14.38,11.42,17.37,,,,,,,,,,,,,29.12,26.52,31.98,,,,,,,,
2026-07-16,,,,,,,,,,,,,16.07,13.65,18.85,,,,,,,,,,,,,25.51,22.76,28.27,,,,,,,,,,,,,9.1,6.55,11.79,,,,,,,,,,,,,,,,,,,,,,,,,14.33,11.36,17.34,,,,,,,,,,,,,29.1,26.45,32.02,,,,,,,,
2026-07-17,,,,,,,,,,,,,16.08,13.61,18.86,,,,,,,,,,,,,25.56,22.8,28.28,,,,,,,,,,,,,9.1,6.56,11.86,,,,,,,,,,,,,,,,,,,,,,,,,14.28,11.3,17.31,,,,,,,,,,,,,29.08,26.36,32.07,,,,,,,,
2026-07-18,,,,,,,,,,,,,16.1,13.56,18.86,,,,,,,,,,,,,25.6,22.84,28.29,,,,,,,,,,,,,9.1,6.56,11.92,,,,,,,,,,,,,,,,,,,,,,,,,14.23,11.24,17.27,,,,,,,,,,,,,29.06,26.27,32.04,,,,,,,,
2026-07-19,,,,,,,,,,,,,16.11,13.51,18.87,,,,,,,,,,,,,25.65,22.89,28.4,,,,,,,,,,,,,9.1,6.56,11.98,,,,,,,,,,,,,,,,,,,,,,,,,14.17,11.19,17.24,,,,,,,,,,,,,29.04,26.21,32.0,,,,,,,,
2026-07-20,,,,,,,,,,,,,16.12,13.47,18.86,,,,,,,,,,,,,25.69,22.92,28.5,,,,,,,,,,,,,9.11,6.57,12.04,,,,,,,,,,,,,,,,,,,,,,,,,14.12,11.12,17.2,,,,,,,,,,,,,29.02,26.18,31.95,,,,,,,,
2026-07-21,,,,,,,,,,,,,16.14,13.45,18.86,,,,,,,,,,,,,25.73,22.96,28.6,,,,,,,,,,,,,9.11,6.58,12.03,,,,,,,,,,,,,,,,,,,,,,,,,14.06,11.07,17.14,,,,,,,,,,,,,29.0,26.15,31.91,,,,,,,,
2026-07-22,,,,,,,,,,,,,16.15,13.46,18.9,,,,,,,,,,,,,25.77,23.0,28.64,,,,,,,,,,,,,9.12,6.56,12.04,,,,,,,,,,,,,,,,,,,,,,,,,14.01,11.0,17.08,,,,,,,,,,,,,28.98,26.12,31.86,20.0,25.0,14.0,,8.0,,,30.0
2026-07-23,,,,,,,,,,,,,16.16,13.47,18.97,,,,,,,,,,,,,25.81,23.04,28.7,,,,,,,,,,,,,9.12,6.52,12.03,,,,,,,,,,,,,,,,,,,,,,,,,13.95,10.95,17.05,,,,,,,,,,,,,28.96,26.09,31.81,,,,,,,,
2026-07-24,,,,,,,,,,,,,16.17,13.41,19.04,,,,,,,,,,,,,25.85,23.09,28.74,,,,,,,,,,,,,9.13,6.48,12.06,,,,,,,,,,,,,,,,,,,,,,,,,13.9,10.9,17.02,,,,,,,,,,,,,28.94,26.05,31.75,16.0,31.0,9.0,,10.0,,,29.0
2026-07-25,,,,,,,,,,,,,16.18,13.35,19.1,,,,,,,,,,,,,25.89,23.12,28.78,,,,,,,,,,,,,9.14,6.46,12.14,,,,,,,,,,,,,,,,,,,,,,,,,13.84,10.85,17.0,,,,,,,,,,,,,28.92,26.02,31.7,,,,,,,,
2026-07-26,,,,,,,,,,,,,16.2,13.32,19.18,,,,,,,,,,,,,25.93,23.14,28.83,,,,,,,,,,,,,9.15,6.46,12.23,,,,,,,,,,,,,,,,,,,,,,,,,13.78,10.79,16.95,,,,,,,,,,,,,28.9,25.98,31.7,,,,,,,,
2026-07-27,,,,,,,,,,,,,16.21,13.29,19.2,,,,,,,,,,,,,25.97,23.12,28.87,,,,,,,,,,,,,9.17,6.46,12.23,,,,,,,,,,,,,,,,,,,,,,,,,13.72,10.74,16.9,,,,,,,,,,,,,28.87,25.91,31.72,,,,,,,,
2026-07-28,,,,,,,,,,,,,16.22,13.26,19.18,,,,,,,,,,,,,26.01,23.11,28.91,,,,,,,,,,,,,9.18,6.45,12.23,,,,,,,,,,,,,,,,,,,,,,,,,13.65,10.69,16.85,,,,,,,,,,,,,28.85,25.84,31.67,,,,,,,,
2026-07-29,,,,,,,,,,,,,16.23,13.26,19.16,,,,,,,,,,,,,26.05,23.08,28.95,,,,,,,,,,,,,9.2,6.45,12.23,,,,,,,,,,,,,,,,,,,,,,,,,13.59,10.64,16.8,,,,,,,,,,,,,28.83,25.78,31.61,,,,,,,,
2026-07-30,,,,,,,,,,,,,16.25,13.31,19.14,,,,,,,,,,,,,26.09,23.08,28.99,,,,,,,,,,,,,9.21,6.43,12.23,,,,,,,,,,,,,,,,,,,,,,,,,13.52,10.58,16.72,,,,,,,,,,,,,28.8,25.67,31.54,,,,,,,,
2026-07-31,,,,,,,,,,,,,16.26,13.36,19.12,,,,,,,,,,,,,26.13,23.09,29.06,,,,,,,,,,,,,9.23,6.37,12.23,,,,,,,,,,,,,,,,,,,,,,,,,13.45,10.47,16.72,,,,,,,,,,,,,28.77,25.56,31.51,,,,,,,,
2026-08-01,,,,,,,,,,,,,16.28,13.42,19.14,,,,,,,,,,,,,26.17,23.11,29.16,,,,,,,,,,,,,9.26,6.33,12.23,,,,,,,,,,,,,,,,,,,,,,,,,13.38,10.4,16.72,,,,,,,,,,,,,28.74,25.44,31.49,16.0,27.0,9.0,,12.0,,,22.0