date,Con (to 2024 election),Con (to 2024 election) (low),Con (to 2024 election) (high),Con (post-2024 election),Con (post-2024 election) (low),Con (post-2024 election) (high),Lab (to 2024 election),Lab (to 2024 election) (low),Lab (to 2024 election) (high),Lab (post-2024 election),Lab (post-2024 election) (low),Lab (post-2024 election) (high),LDem (to 2024 election),LDem (to 2024 election) (low),LDem (to 2024 election) (high),LDem (post-2024 election),LDem (post-2024 election) (low),LDem (post-2024 election) (high),Grn (to 2024 election),Grn (to 2024 election) (low),Grn (to 2024 election) (high),Grn (post-2024 election),Grn (post-2024 election) (low),Grn (post-2024 election) (high),SNP (to 2024 election),SNP (to 2024 election) (low),SNP (to 2024 election) (high),SNP (post-2024 election),SNP (post-2024 election) (low),SNP (post-2024 election) (high),PC (to 2024 election),PC (to 2024 election) (low),PC (to 2024 election) (high),PC (post-2024 election),PC (post-2024 election) (low),PC (post-2024 election) (high),Reform (to 2024 election),Reform (to 2024 election) (low),Reform (to 2024 election) (high),Reform (post-2024 election),Reform (post-2024 election) (low),Reform (post-2024 election) (high),Con (poll),Lab (poll),LDem (poll),Grn (poll),SNP (poll),PC (poll),Reform (poll)
2020-01-26,36.04,30.34,42.54,,,,37.41,33.19,42.98,,,,10.48,6.13,15.25,,,,6.6,2.05,11.71,,,,5.86,0.49,10.61,,,,1.0,-3.83,5.7,,,,1.93,-2.58,7.07,,,,40.0,35.0,10.0,6.0,7.0,1.0,1.0
2020-01-27,36.07,30.42,42.52,,,,37.43,33.22,42.94,,,,10.45,6.14,15.21,,,,6.59,2.05,11.62,,,,5.85,0.54,10.58,,,,1.0,-3.83,5.7,,,,1.92,-2.57,7.04,,,,,,,,,,
2020-01-28,36.1,30.5,42.49,,,,37.45,33.25,42.88,,,,10.43,6.15,15.19,,,,6.58,2.04,11.53,,,,5.84,0.59,10.54,,,,1.0,-3.83,5.7,,,,1.91,-2.55,7.0,,,,,,,,,,
2020-01-29,36.14,30.61,42.46,,,,37.47,33.27,42.79,,,,10.4,6.17,15.16,,,,6.57,2.04,11.42,,,,5.82,0.66,10.49,,,,1.0,-3.82,5.7,,,,1.91,-2.52,6.92,,,,,,,,,,
2020-01-30,36.18,30.74,42.41,,,,37.49,33.31,42.73,,,,10.37,6.2,15.14,,,,6.56,2.04,11.32,,,,5.8,0.72,10.45,,,,1.0,-3.83,5.69,,,,1.9,-2.45,6.8,,,,,,,,,,
2020-01-31,36.22,30.86,42.34,,,,37.52,33.37,42.72,,,,10.34,6.2,15.1,,,,6.54,2.05,11.21,,,,5.79,0.8,10.4,,,,1.0,-3.82,5.68,,,,1.89,-2.41,6.68,,,,,,,,,,
2020-02-01,36.26,31.01,42.29,,,,37.55,33.51,42.7,,,,10.31,6.19,15.05,,,,6.53,2.07,11.11,,,,5.77,0.89,10.35,,,,1.0,-3.78,5.66,,,,1.88,-2.38,6.55,,,,,,,,,,
2020-02-02,36.31,31.16,42.28,,,,37.58,33.68,42.68,,,,10.27,6.13,14.84,,,,6.51,2.14,11.06,,,,5.75,0.98,10.22,,,,1.0,-3.73,5.59,,,,1.88,-2.31,6.43,,,,35.0,40.0,11.0,6.0,5.0,1.0,2.0
2020-02-03,36.35,31.28,42.32,,,,37.61,33.79,42.63,,,,10.24,6.07,14.48,,,,6.49,2.16,10.95,,,,5.74,1.15,10.1,,,,1.0,-3.65,5.54,,,,1.87,-2.29,6.3,,,,,,,,,,
2020-02-04,36.4,31.43,42.34,,,,37.64,33.84,42.59,,,,10.2,6.01,14.3,,,,6.47,2.19,10.73,,,,5.72,1.23,9.97,,,,1.0,-3.58,5.45,,,,1.86,-2.33,6.11,,,,,,,,,,
2020-02-05,36.45,31.55,42.38,,,,37.68,33.84,42.56,,,,10.16,5.96,14.25,,,,6.44,2.24,10.64,,,,5.7,1.25,9.83,,,,1.0,-3.5,5.37,,,,1.85,-2.33,6.05,,,,,,,,,,
2020-02-06,36.5,31.62,42.54,,,,37.72,33.85,42.53,,,,10.12,5.91,14.3,,,,6.42,2.27,10.66,,,,5.68,1.29,10.14,,,,1.0,-3.64,5.42,,,,1.84,-2.26,6.15,,,,,,,,,,
2020-02-07,36.56,31.69,42.59,,,,37.76,34.01,42.5,,,,10.08,5.86,14.27,,,,6.4,2.29,10.59,,,,5.67,1.33,9.87,,,,1.0,-3.59,5.37,,,,1.84,-2.15,6.14,,,,,,,,,,
2020-02-08,36.61,31.79,42.62,,,,37.8,34.05,42.48,,,,10.03,5.82,14.25,,,,6.37,2.31,10.51,,,,5.65,1.39,9.56,,,,1.0,-3.57,5.31,,,,1.83,-2.03,6.1,,,,,,,,,,
2020-02-09,36.66,31.82,42.6,,,,37.84,34.1,42.44,,,,9.99,5.85,14.2,,,,6.35,2.35,10.41,,,,5.63,1.4,9.54,,,,1.0,-3.55,5.3,,,,1.82,-1.96,6.0,,,,,,,,,,
2020-02-10,36.72,31.89,42.64,,,,37.88,34.13,42.45,,,,9.94,5.89,14.09,,,,6.32,2.38,10.31,,,,5.61,1.39,9.51,,,,1.0,-3.52,5.28,,,,1.81,-1.94,5.83,,,,32.0,37.0,11.0,8.0,6.0,1.0,3.0
2020-02-11,36.77,32.12,42.69,,,,37.92,34.16,42.46,,,,9.9,5.99,14.0,,,,6.29,2.41,10.2,,,,5.6,1.47,9.48,,,,1.0,-3.47,5.26,,,,1.8,-1.94,5.66,,,,,,,,,,
2020-02-12,36.83,32.24,42.73,,,,37.96,34.19,42.5,,,,9.85,5.98,13.87,,,,6.26,2.41,10.1,,,,5.58,1.53,9.45,,,,1.0,-3.39,5.23,,,,1.8,-1.87,5.55,,,,,,,,,,
2020-02-13,36.88,32.29,42.66,,,,38.0,34.24,42.56,,,,9.8,6.0,13.72,,,,6.24,2.42,10.02,,,,5.56,1.56,9.36,,,,1.0,-3.32,5.21,,,,1.79,-1.78,5.43,,,,,,,,,,
2020-02-14,36.94,32.34,42.54,,,,38.04,34.27,42.61,,,,9.75,6.01,13.58,,,,6.21,2.45,9.94,,,,5.55,1.62,9.27,,,,1.0,-3.26,5.19,,,,1.78,-1.77,5.35,,,,,,,,,,
2020-02-15,37.0,32.39,42.61,,,,38.08,34.37,42.6,,,,9.7,6.02,13.41,,,,6.18,2.58,9.86,,,,5.53,1.69,9.18,,,,1.0,-3.18,5.24,,,,1.78,-1.75,5.31,,,,,,,,,,
2020-02-16,37.05,32.41,42.67,,,,38.12,34.53,42.56,,,,9.65,5.98,13.35,,,,6.15,2.59,9.78,,,,5.51,1.75,9.1,,,,1.0,-3.11,5.28,,,,1.77,-1.73,5.27,,,,,,,,,,
2020-02-17,37.11,32.44,42.72,,,,38.16,34.6,42.51,,,,9.6,5.95,13.26,,,,6.12,2.59,9.73,,,,5.5,1.79,9.06,,,,1.0,-3.07,5.31,,,,1.77,-1.7,5.27,,,,,,,,,,
2020-02-18,37.17,32.47,42.77,,,,38.2,34.65,42.49,,,,9.55,5.91,13.19,,,,6.09,2.6,9.69,,,,5.48,1.83,9.04,,,,1.0,-3.03,5.32,,,,1.76,-1.69,5.26,,,,,,,,,,
2020-02-19,37.23,32.3,42.81,,,,38.24,34.66,42.51,,,,9.51,5.74,13.13,,,,6.06,2.63,9.63,,,,5.47,1.74,8.99,,,,1.0,-3.02,5.36,,,,1.76,-1.68,5.24,,,,,,,,,,
2020-02-20,37.28,32.35,42.84,,,,38.27,34.66,42.53,,,,9.46,5.72,13.09,,,,6.04,2.59,9.6,,,,5.46,1.77,8.96,,,,1.0,-2.99,5.4,,,,1.75,-1.67,5.24,,,,,,,,,,
2020-02-21,37.34,32.4,42.84,,,,38.31,34.72,42.62,,,,9.41,5.71,13.05,,,,6.01,2.58,9.56,,,,5.44,1.8,8.91,,,,1.0,-2.92,5.39,,,,1.75,-1.63,5.23,,,,,,,,,,
2020-02-22,37.4,32.46,42.84,,,,38.34,34.78,42.7,,,,9.36,5.7,13.0,,,,5.98,2.59,9.47,,,,5.43,1.82,8.89,,,,1.0,-2.85,5.35,,,,1.74,-1.59,5.23,,,,,,,,,,
2020-02-23,37.45,32.52,42.82,,,,38.37,34.85,42.74,,,,9.31,5.65,12.95,,,,5.95,2.67,9.48,,,,5.41,1.85,8.86,,,,1.0,-2.78,5.31,,,,1.74,-1.56,5.21,,,,,,,,,,
2020-02-24,37.51,32.65,42.8,,,,38.41,34.92,42.77,,,,9.26,5.63,12.91,,,,5.93,2.56,9.5,,,,5.4,2.0,8.84,,,,1.0,-2.69,5.23,,,,1.74,-1.51,5.2,,,,,,,,,,
2020-02-25,37.56,32.69,42.76,,,,38.44,34.97,42.81,,,,9.21,5.63,12.87,,,,5.9,2.51,9.48,,,,5.39,2.09,8.82,,,,1.0,-2.62,5.15,,,,1.73,-1.48,5.17,,,,,,,,,,
2020-02-26,37.62,32.72,42.73,,,,38.47,35.02,42.84,,,,9.16,5.6,12.84,,,,5.87,2.44,9.46,,,,5.38,2.02,8.8,,,,1.0,-2.67,5.09,,,,1.73,-1.46,5.18,,,,,,,,,,
2020-02-27,37.67,32.76,42.68,,,,38.5,35.07,42.87,,,,9.12,5.56,12.8,,,,5.85,2.41,9.44,,,,5.37,1.99,8.78,,,,1.0,-2.62,5.03,,,,1.73,-1.44,5.12,,,,,,,,,,
2020-02-28,37.72,32.88,42.62,,,,38.53,35.12,42.9,,,,9.07,5.54,12.76,,,,5.82,2.4,9.37,,,,5.35,2.0,8.75,,,,1.0,-2.58,4.97,,,,1.72,-1.41,5.05,,,,,,,,,,
2020-02-29,37.77,33.05,42.67,,,,38.57,35.19,42.93,,,,9.02,5.49,12.72,,,,5.8,2.4,9.3,,,,5.34,2.03,8.73,,,,1.0,-2.57,4.9,,,,1.72,-1.39,4.98,,,,,,,,,,
2020-03-01,37.82,33.19,42.7,,,,38.6,35.25,42.96,,,,8.97,5.44,12.68,,,,5.78,2.44,9.27,,,,5.33,2.06,8.7,,,,1.0,-2.68,4.82,,,,1.72,-1.38,4.99,,,,,,,,,,
2020-03-02,37.87,33.23,42.72,,,,38.63,35.28,42.99,,,,8.93,5.45,12.64,,,,5.75,2.49,9.25,,,,5.32,2.09,8.65,,,,1.0,-2.67,4.75,,,,1.71,-1.46,5.0,,,,,,,,,,
2020-03-03,37.91,33.27,42.68,,,,38.66,35.27,43.01,,,,8.88,5.45,12.6,,,,5.73,2.54,9.23,,,,5.31,2.12,8.61,,,,1.0,-2.66,4.67,,,,1.71,-1.43,5.0,,,,,,,,,,
2020-03-04,37.96,33.31,42.63,,,,38.7,35.27,43.04,,,,8.83,5.37,12.56,,,,5.71,2.57,9.22,,,,5.31,2.12,8.6,,,,1.0,-2.64,4.59,,,,1.71,-1.41,5.01,,,,,,,,,,
2020-03-05,38.0,33.35,42.55,,,,38.73,35.27,43.01,,,,8.78,5.31,12.52,,,,5.69,2.49,9.21,,,,5.3,2.19,8.57,,,,1.0,-2.62,4.62,,,,1.7,-1.43,4.99,,,,,,,,,,
2020-03-06,38.04,33.4,42.46,,,,38.77,35.29,42.99,,,,8.74,5.31,12.48,,,,5.67,2.49,9.19,,,,5.29,2.17,8.56,,,,1.0,-2.59,4.63,,,,1.7,-1.46,4.94,,,,,,,,,,
2020-03-07,38.08,33.43,42.36,,,,38.81,35.31,42.96,,,,8.69,5.31,12.44,,,,5.65,2.54,9.15,,,,5.28,2.14,8.52,,,,1.0,-2.5,4.55,,,,1.69,-1.52,4.93,,,,,,,,,,
2020-03-08,38.11,33.49,42.3,,,,38.84,35.35,42.92,,,,8.64,5.31,12.35,,,,5.63,2.58,9.13,,,,5.27,2.13,8.47,,,,1.0,-2.5,4.46,,,,1.69,-1.5,4.9,,,,,,,,,,
2020-03-09,38.15,33.53,42.25,,,,38.88,35.37,42.86,,,,8.59,5.31,12.1,,,,5.61,2.61,9.11,,,,5.27,2.14,8.44,,,,1.0,-2.49,4.35,,,,1.69,-1.51,4.9,,,,,,,,,,
2020-03-10,38.18,33.57,42.21,,,,38.92,35.41,42.88,,,,8.55,5.29,11.97,,,,5.59,2.63,9.06,,,,5.26,2.16,8.39,,,,1.0,-2.48,4.23,,,,1.68,-1.53,4.89,,,,,,,,,,
2020-03-11,38.21,33.61,42.18,,,,38.97,35.51,42.85,,,,8.5,5.29,11.9,,,,5.57,2.58,9.04,,,,5.26,2.25,8.4,,,,1.0,-2.47,4.12,,,,1.68,-1.56,4.87,,,,,,,,,,
2020-03-12,38.24,33.67,42.15,,,,39.01,35.62,42.83,,,,8.45,5.3,11.84,,,,5.55,2.54,9.02,,,,5.25,2.33,8.39,,,,1.0,-2.42,4.04,,,,1.67,-1.57,4.86,,,,,,,,,,
2020-03-13,38.26,33.75,42.1,,,,39.05,35.66,42.8,,,,8.4,5.3,11.77,,,,5.53,2.5,9.0,,,,5.25,2.36,8.39,,,,1.0,-2.29,3.92,,,,1.67,-1.6,4.84,,,,,,,,,,
2020-03-14,38.29,33.85,42.06,,,,39.1,35.72,42.78,,,,8.36,5.29,11.69,,,,5.51,2.47,8.98,,,,5.24,2.37,8.39,,,,1.0,-2.27,3.98,,,,1.67,-1.54,4.82,,,,,,,,,,
2020-03-15,38.31,33.94,42.02,,,,39.14,35.82,42.75,,,,8.31,5.29,11.58,,,,5.5,2.46,8.9,,,,5.24,2.36,8.27,,,,1.0,-2.27,4.04,,,,1.66,-1.49,4.8,,,,,,,,,,
2020-03-16,38.34,34.04,41.98,,,,39.19,35.95,42.73,,,,8.26,5.26,11.52,,,,5.48,2.5,8.84,,,,5.24,2.36,8.26,,,,1.0,-2.28,4.08,,,,1.66,-1.46,4.78,,,,,,,,,,
2020-03-17,38.36,34.14,41.95,,,,39.24,36.01,42.72,,,,8.21,5.19,11.46,,,,5.46,2.55,8.8,,,,5.23,2.39,8.26,,,,1.0,-2.16,4.11,,,,1.65,-1.43,4.75,,,,,,,,,,
2020-03-18,38.37,34.24,41.93,,,,39.29,36.12,42.71,,,,8.17,5.12,11.37,,,,5.45,2.51,8.76,,,,5.23,2.38,8.26,,,,1.0,-2.09,4.16,,,,1.65,-1.33,4.72,,,,,,,,,,
2020-03-19,38.39,34.33,41.9,,,,39.34,36.16,42.69,,,,8.12,5.05,11.29,,,,5.43,2.45,8.71,,,,5.23,2.35,8.33,,,,1.0,-2.09,4.2,,,,1.64,-1.26,4.63,,,,,,,,,,
2020-03-20,38.4,34.38,41.92,,,,39.39,36.24,42.68,,,,8.07,5.0,11.21,,,,5.42,2.41,8.67,,,,5.23,2.39,8.35,,,,1.0,-2.09,4.24,,,,1.64,-1.19,4.66,,,,,,,,,,
2020-03-21,38.42,34.43,41.93,,,,39.44,36.29,42.67,,,,8.03,5.0,11.11,,,,5.4,2.52,8.62,,,,5.23,2.45,8.26,,,,1.0,-2.1,4.28,,,,1.63,-1.24,4.64,,,,,,,,,,
2020-03-22,38.43,34.48,41.81,,,,39.5,36.35,42.73,,,,7.98,5.0,11.03,,,,5.39,2.52,8.57,,,,5.23,2.5,8.27,,,,1.0,-2.08,4.31,,,,1.63,-1.32,4.61,,,,,,,,,,
2020-03-23,38.44,34.52,41.77,,,,39.55,36.41,42.72,,,,7.93,4.99,10.95,,,,5.37,2.46,8.52,,,,5.23,2.52,8.28,,,,1.0,-2.11,4.33,,,,1.62,-1.39,4.59,,,,,,,,,,
2020-03-24,38.44,34.44,41.73,,,,39.61,36.48,42.67,,,,7.89,4.99,11.01,,,,5.36,2.41,8.42,,,,5.23,2.53,8.27,,,,1.0,-2.26,4.34,,,,1.62,-1.43,4.58,,,,,,,,,,
2020-03-25,38.45,34.36,41.69,,,,39.67,36.53,42.69,,,,7.84,4.94,11.01,,,,5.34,2.38,8.32,,,,5.23,2.52,8.25,,,,1.0,-2.2,4.33,,,,1.61,-1.42,4.58,,,,,,,,,,
2020-03-26,38.45,34.33,41.73,,,,39.73,36.55,42.72,,,,7.8,4.89,10.93,,,,5.33,2.48,8.39,,,,5.23,2.49,8.23,,,,1.0,-2.1,4.38,,,,1.61,-1.42,4.58,,,,,,,,,,
2020-03-27,38.45,34.31,41.76,,,,39.79,36.57,42.8,,,,7.75,4.84,10.69,,,,5.32,2.47,8.29,,,,5.23,2.48,8.22,,,,1.0,-2.02,4.42,,,,1.6,-1.41,4.56,,,,,,,,,,
2020-03-28,38.45,34.4,41.69,,,,39.85,36.59,42.88,,,,7.71,4.81,10.58,,,,5.3,2.44,8.3,,,,5.23,2.42,8.2,,,,1.0,-1.97,4.46,,,,1.6,-1.4,4.49,,,,,,,,,,
2020-03-29,38.45,34.48,41.49,,,,39.91,36.61,42.93,,,,7.67,4.77,10.59,,,,5.29,2.41,8.27,,,,5.23,2.38,8.19,,,,1.0,-1.94,4.42,,,,1.59,-1.38,4.47,,,,,,,,,,
2020-03-30,38.45,34.57,41.5,,,,39.97,36.65,42.98,,,,7.62,4.74,10.59,,,,5.28,2.39,8.23,,,,5.23,2.39,8.14,,,,1.0,-1.9,4.43,,,,1.59,-1.4,4.46,,,,,,,,,,
2020-03-31,38.44,34.63,41.44,,,,40.03,36.7,43.01,,,,7.58,4.72,10.59,,,,5.27,2.35,8.21,,,,5.23,2.4,7.99,,,,1.0,-1.86,4.44,,,,1.58,-1.53,4.43,,,,,,,,,,
2020-04-01,38.44,34.6,41.37,,,,40.09,36.78,43.02,,,,7.54,4.61,10.52,,,,5.26,2.32,8.21,,,,5.23,2.38,8.0,,,,1.0,-1.88,4.36,,,,1.58,-1.58,4.41,,,,,,,,,,
2020-04-02,38.43,34.75,41.29,,,,40.15,36.88,43.08,,,,7.5,4.45,10.41,,,,5.24,2.29,8.21,,,,5.24,2.37,7.98,,,,1.0,-1.86,4.39,,,,1.57,-1.57,4.35,,,,41.0,38.0,8.0,6.0,4.0,1.0,1.0
2020-04-03,38.42,34.74,41.22,,,,40.21,36.88,43.23,,,,7.46,4.39,10.31,,,,5.23,2.26,8.19,,,,5.24,2.36,8.0,,,,1.0,-1.81,4.42,,,,1.57,-1.57,4.33,,,,,,,,,,
2020-04-04,38.41,34.67,41.15,,,,40.28,36.91,43.35,,,,7.42,4.34,10.19,,,,5.22,2.21,8.2,,,,5.24,2.34,8.04,,,,1.0,-1.78,4.41,,,,1.56,-1.56,4.32,,,,,,,,,,
2020-04-05,38.4,34.64,41.09,,,,40.34,36.95,43.39,,,,7.38,4.3,10.15,,,,5.21,2.17,8.17,,,,5.24,2.32,7.99,,,,1.0,-1.73,4.41,,,,1.56,-1.55,4.3,,,,,,,,,,
2020-04-06,38.39,34.6,41.01,,,,40.4,37.0,43.42,,,,7.35,4.26,10.13,,,,5.2,2.12,8.15,,,,5.25,2.31,7.95,,,,1.0,-1.75,4.37,,,,1.56,-1.53,4.28,,,,,,,,,,
2020-04-07,38.37,34.58,41.01,,,,40.46,37.05,43.52,,,,7.31,4.22,10.12,,,,5.19,2.08,8.13,,,,5.25,2.32,7.96,,,,1.0,-1.83,4.33,,,,1.55,-1.51,4.3,,,,,,,,,,
2020-04-08,38.36,34.55,41.01,,,,40.52,37.09,43.63,,,,7.28,4.17,10.09,,,,5.19,2.04,8.04,,,,5.26,2.31,7.96,,,,1.0,-1.9,4.28,,,,1.55,-1.5,4.27,,,,,,,,,,
2020-04-09,38.34,34.52,41.01,,,,40.58,37.26,43.7,,,,7.25,4.09,10.07,,,,5.18,2.03,7.95,,,,5.26,2.3,7.96,,,,1.0,-1.96,4.35,,,,1.54,-1.49,4.24,,,,,,,,,,
2020-04-10,38.32,34.5,41.0,,,,40.64,37.35,43.83,,,,7.22,4.11,10.05,,,,5.17,2.05,7.96,,,,5.26,2.29,7.95,,,,1.0,-2.03,4.44,,,,1.54,-1.49,4.21,,,,,,,,,,
2020-04-11,38.3,34.47,41.0,,,,40.7,37.33,43.96,,,,7.19,4.08,10.08,,,,5.16,2.04,7.94,,,,5.27,2.29,7.97,,,,1.0,-2.08,4.43,,,,1.54,-1.48,4.18,,,,,,,,,,
2020-04-12,38.28,34.45,40.99,,,,40.76,37.3,44.05,,,,7.16,4.09,10.07,,,,5.15,2.1,7.96,,,,5.27,2.29,7.99,,,,1.0,-2.1,4.41,,,,1.53,-1.47,4.11,,,,,,,,,,
2020-04-13,38.25,34.43,40.98,,,,40.82,37.32,44.11,,,,7.13,4.09,9.99,,,,5.15,2.13,7.94,,,,5.28,2.31,7.97,,,,1.0,-2.11,4.4,,,,1.53,-1.45,4.08,,,,,,,,,,
2020-04-14,38.23,34.41,40.97,,,,40.88,37.36,44.12,,,,7.11,4.09,9.95,,,,5.14,2.16,7.91,,,,5.28,2.3,7.97,,,,1.0,-2.13,4.42,,,,1.53,-1.42,4.04,,,,,,,,,,
2020-04-15,38.2,34.39,41.05,,,,40.94,37.4,44.14,,,,7.09,4.06,9.92,,,,5.13,2.19,7.88,,,,5.29,2.3,7.94,,,,1.0,-2.15,4.43,,,,1.52,-1.43,4.04,,,,,,,,,,
2020-04-16,38.17,34.39,41.02,,,,40.99,37.44,44.21,,,,7.07,4.04,9.82,,,,5.13,2.23,7.84,,,,5.29,2.36,7.92,,,,1.0,-2.16,4.36,,,,1.52,-1.43,4.04,,,,,,,,,,
2020-04-17,38.14,34.39,41.03,,,,41.05,37.47,44.3,,,,7.05,4.03,9.78,,,,5.12,2.26,7.8,,,,5.3,2.48,7.91,,,,1.0,-2.17,4.41,,,,1.52,-1.43,3.99,,,,39.0,45.0,6.0,3.0,4.0,,1.0
2020-04-18,38.11,34.38,41.04,,,,41.1,37.5,44.49,,,,7.03,4.03,9.77,,,,5.11,2.29,7.76,,,,5.31,2.48,7.9,,,,1.0,-2.17,4.46,,,,1.52,-1.44,3.99,,,,,,,,,,
2020-04-19,38.07,34.37,41.02,,,,41.16,37.52,44.61,,,,7.01,4.06,9.75,,,,5.11,2.3,7.74,,,,5.31,2.49,7.89,,,,1.0,-2.18,4.51,,,,1.52,-1.43,4.0,,,,,,,,,,
2020-04-20,38.04,34.36,40.95,,,,41.21,37.55,44.66,,,,7.0,4.1,9.74,,,,5.1,2.34,7.68,,,,5.32,2.5,7.89,,,,1.0,-2.11,4.56,,,,1.52,-1.4,3.98,,,,,,,,,,
2020-04-21,38.0,34.37,40.89,,,,41.26,37.58,44.69,,,,6.99,4.14,9.73,,,,5.1,2.36,7.67,,,,5.32,2.52,7.89,,,,1.0,-2.11,4.59,,,,1.51,-1.38,3.97,,,,,,,,,,
2020-04-22,37.96,34.43,40.87,,,,41.32,37.6,44.74,,,,6.98,4.11,9.72,,,,5.09,2.39,7.69,,,,5.33,2.52,7.92,,,,1.0,-2.11,4.6,,,,1.51,-1.39,3.99,,,,,,,,,,
2020-04-23,37.92,34.48,40.88,,,,41.37,37.62,44.81,,,,6.97,4.12,9.71,,,,5.09,2.42,7.71,,,,5.34,2.53,7.97,,,,1.0,-2.11,4.6,,,,1.51,-1.4,3.98,,,,,,,,,,
2020-04-24,37.88,34.4,40.87,,,,41.42,37.64,44.88,,,,6.96,4.15,9.7,,,,5.08,2.45,7.73,,,,5.34,2.54,8.01,,,,1.0,-2.11,4.58,,,,1.51,-1.4,4.0,,,,42.0,39.0,6.0,4.0,6.0,1.0,2.0
2020-04-25,37.84,34.34,40.89,,,,41.47,37.66,44.95,,,,6.96,4.18,9.69,,,,5.08,2.43,7.74,,,,5.35,2.57,8.01,,,,1.0,-2.11,4.56,,,,1.52,-1.4,4.02,,,,,,,,,,
2020-04-26,37.79,34.26,40.89,,,,41.52,37.69,45.0,,,,6.95,4.14,9.68,,,,5.08,2.39,7.75,,,,5.35,2.63,8.02,,,,1.0,-2.11,4.54,,,,1.52,-1.37,4.04,,,,,,,,,,
2020-04-27,37.75,34.24,40.85,,,,41.56,37.71,45.05,,,,6.95,4.11,9.67,,,,5.07,2.35,7.77,,,,5.36,2.68,7.97,,,,1.0,-2.07,4.56,,,,1.52,-1.34,4.04,,,,,,,,,,
2020-04-28,37.7,34.21,40.8,,,,41.61,37.73,45.09,,,,6.95,4.08,9.66,,,,5.07,2.33,7.72,,,,5.37,2.74,7.95,,,,1.0,-2.02,4.56,,,,1.52,-1.31,4.03,,,,,,,,,,
2020-04-29,37.66,34.19,40.75,,,,41.66,37.75,45.12,,,,6.95,4.1,9.64,,,,5.07,2.31,7.65,,,,5.37,2.73,7.94,,,,1.0,-2.06,4.54,,,,1.52,-1.29,4.03,,,,,,,,,,
2020-04-30,37.61,34.17,40.7,,,,41.7,37.8,45.14,,,,6.95,4.1,9.63,,,,5.06,2.28,7.65,,,,5.38,2.72,7.96,,,,1.0,-2.08,4.52,,,,1.52,-1.28,4.02,,,,,,,,,,
2020-05-01,37.56,34.11,40.6,,,,41.75,37.9,45.16,,,,6.95,4.15,9.62,,,,5.06,2.3,7.64,,,,5.38,2.7,7.98,,,,1.0,-2.15,4.48,,,,1.53,-1.3,4.01,,,,,,,,,,
2020-05-02,37.51,34.06,40.53,,,,41.8,38.01,45.18,,,,6.95,4.21,9.6,,,,5.06,2.33,7.64,,,,5.39,2.7,8.0,,,,1.0,-2.15,4.46,,,,1.53,-1.32,4.01,,,,,,,,,,
2020-05-03,37.46,34.01,40.47,,,,41.84,38.13,45.33,,,,6.95,4.24,9.59,,,,5.06,2.35,7.63,,,,5.39,2.7,8.01,,,,1.0,-2.13,4.45,,,,1.53,-1.25,4.0,,,,,,,,,,
2020-05-04,37.41,33.96,40.4,,,,41.88,38.18,45.48,,,,6.96,4.27,9.58,,,,5.06,2.35,7.63,,,,5.4,2.69,8.01,,,,1.0,-2.14,4.43,,,,1.54,-1.16,4.0,,,,,,,,,,
2020-05-05,37.36,33.91,40.34,,,,41.93,38.22,45.51,,,,6.96,4.27,9.55,,,,5.05,2.36,7.62,,,,5.41,2.68,8.0,,,,1.0,-2.15,4.44,,,,1.54,-1.16,4.0,,,,,,,,,,
2020-05-06,37.31,33.86,40.27,,,,41.97,38.26,45.51,,,,6.97,4.28,9.54,,,,5.05,2.37,7.61,,,,5.41,2.67,7.99,,,,1.0,-2.18,4.49,,,,1.54,-1.16,4.01,,,,42.0,36.0,7.0,5.0,5.0,1.0,2.0
2020-05-07,37.25,33.82,40.21,,,,42.01,38.29,45.51,,,,6.97,4.27,9.56,,,,5.05,2.37,7.61,,,,5.42,2.67,7.99,,,,1.0,-2.18,4.53,,,,1.55,-1.15,4.03,,,,,,,,,,
2020-05-08,37.2,33.72,40.14,,,,42.06,38.32,45.52,,,,6.98,4.29,9.58,,,,5.05,2.38,7.61,,,,5.42,2.69,7.99,,,,1.0,-2.15,4.57,,,,1.55,-1.15,4.04,,,,,,,,,,
2020-05-09,37.15,33.64,40.06,,,,42.1,38.35,45.54,,,,6.98,4.3,9.61,,,,5.05,2.39,7.61,,,,5.43,2.7,7.98,,,,1.0,-2.12,4.61,,,,1.55,-1.14,4.05,,,,,,,,,,
2020-05-10,37.09,33.61,39.96,,,,42.14,38.38,45.59,,,,6.98,4.3,9.63,,,,5.05,2.4,7.6,,,,5.44,2.72,7.98,,,,1.0,-2.11,4.6,,,,1.56,-1.14,4.06,,,,,,,,,,
2020-05-11,37.04,33.6,39.91,,,,42.19,38.42,45.65,,,,6.99,4.35,9.66,,,,5.05,2.43,7.6,,,,5.44,2.73,7.97,,,,1.0,-2.08,4.58,,,,1.56,-1.13,4.11,,,,,,,,,,
2020-05-12,36.98,33.54,39.87,,,,42.23,38.46,45.71,,,,6.99,4.41,9.68,,,,5.05,2.44,7.58,,,,5.45,2.74,8.01,,,,1.0,-2.05,4.56,,,,1.57,-1.13,4.09,,,,,,,,,,
2020-05-13,36.92,33.48,39.8,,,,42.28,38.5,45.76,,,,7.0,4.38,9.66,,,,5.05,2.44,7.55,,,,5.46,2.73,8.09,,,,1.0,-2.02,4.54,,,,1.57,-1.11,4.08,,,,,,,,,,
2020-05-14,36.86,33.41,39.72,,,,42.32,38.55,45.83,,,,7.0,4.36,9.65,,,,5.05,2.44,7.53,,,,5.46,2.73,8.05,,,,1.0,-1.99,4.52,,,,1.57,-1.08,4.09,,,,,,,,,,
2020-05-15,36.8,33.39,39.63,,,,42.37,38.6,45.83,,,,7.01,4.34,9.63,,,,5.05,2.44,7.5,,,,5.47,2.72,8.03,,,,1.0,-1.96,4.54,,,,1.58,-1.07,4.09,,,,,,,,,,
2020-05-16,36.74,33.37,39.58,,,,42.41,38.66,45.84,,,,7.01,4.35,9.68,,,,5.05,2.45,7.5,,,,5.48,2.72,7.99,,,,1.0,-1.94,4.56,,,,1.58,-1.09,4.09,,,,,,,,,,
2020-05-17,36.68,33.31,39.53,,,,42.46,38.68,45.9,,,,7.02,4.36,9.74,,,,5.05,2.45,7.49,,,,5.48,2.72,7.95,,,,1.0,-1.92,4.53,,,,1.59,-1.09,4.08,,,,,,,,,,
2020-05-18,36.62,33.24,39.49,,,,42.51,38.74,45.98,,,,7.02,4.37,9.72,,,,5.05,2.46,7.52,,,,5.49,2.74,7.92,,,,1.0,-1.9,4.5,,,,1.59,-1.08,4.08,,,,,,,,,,
2020-05-19,36.55,33.17,39.43,,,,42.55,38.78,46.05,,,,7.02,4.39,9.71,,,,5.06,2.46,7.49,,,,5.5,2.76,7.91,,,,1.0,-1.91,4.46,,,,1.6,-1.07,4.07,,,,36.0,42.0,7.0,7.0,6.0,1.0,1.0
2020-05-20,36.49,33.1,39.27,,,,42.6,38.86,46.12,,,,7.03,4.4,9.69,,,,5.06,2.47,7.46,,,,5.51,2.86,7.9,,,,1.0,-1.91,4.44,,,,1.61,-1.0,4.06,,,,,,,,,,
2020-05-21,36.42,33.03,39.19,,,,42.65,38.94,46.19,,,,7.03,4.44,9.66,,,,5.06,2.48,7.48,,,,5.51,2.93,7.88,,,,1.0,-1.91,4.41,,,,1.61,-1.01,4.05,,,,,,,,,,
2020-05-22,36.35,32.97,39.14,,,,42.7,39.01,46.25,,,,7.03,4.49,9.64,,,,5.07,2.53,7.51,,,,5.52,2.92,7.86,,,,1.0,-1.92,4.4,,,,1.62,-1.01,4.04,,,,,,,,,,
2020-05-23,36.28,32.89,39.09,,,,42.74,39.07,46.31,,,,7.04,4.53,9.62,,,,5.07,2.54,7.53,,,,5.53,2.91,7.85,,,,1.0,-1.92,4.39,,,,1.63,-1.01,4.03,,,,,,,,,,
2020-05-24,36.21,32.82,39.01,,,,42.79,39.13,46.36,,,,7.04,4.58,9.6,,,,5.08,2.55,7.53,,,,5.54,2.95,7.83,,,,1.0,-1.92,4.37,,,,1.63,-1.0,4.01,,,,,,,,,,
2020-05-25,36.14,32.77,38.93,,,,42.83,39.17,46.42,,,,7.04,4.62,9.58,,,,5.08,2.6,7.55,,,,5.55,2.93,7.81,,,,1.0,-1.93,4.36,,,,1.64,-0.98,4.0,,,,,,,,,,
2020-05-26,36.07,32.74,38.85,,,,42.88,39.19,46.38,,,,7.04,4.64,9.56,,,,5.09,2.64,7.57,,,,5.56,2.97,7.79,,,,1.0,-1.93,4.32,,,,1.65,-0.95,3.98,,,,33.0,45.0,8.0,5.0,6.0,1.0,1.0
2020-05-27,36.0,32.7,38.78,,,,42.93,39.23,46.28,,,,7.05,4.63,9.53,,,,5.1,2.64,7.56,,,,5.57,3.0,7.77,,,,1.0,-1.93,4.28,,,,1.66,-0.92,3.97,,,,,,,,,,
2020-05-28,35.92,32.66,38.7,,,,42.97,39.3,46.33,,,,7.05,4.62,9.51,,,,5.11,2.69,7.54,,,,5.58,3.06,7.75,,,,1.0,-1.94,4.24,,,,1.67,-0.92,3.95,,,,,,,,,,
2020-05-29,35.84,32.58,38.62,,,,43.02,39.37,46.41,,,,7.05,4.66,9.49,,,,5.12,2.74,7.54,,,,5.59,3.11,7.73,,,,1.0,-1.94,4.23,,,,1.68,-0.9,3.95,,,,,,,,,,
2020-05-30,35.77,32.56,38.54,,,,43.06,39.44,46.47,,,,7.05,4.69,9.47,,,,5.13,2.79,7.51,,,,5.6,3.16,7.71,,,,1.0,-1.95,4.22,,,,1.69,-0.88,3.95,,,,38.0,41.0,6.0,5.0,6.0,1.0,2.0
2020-05-31,35.69,32.53,38.44,,,,43.1,39.52,46.55,,,,7.05,4.67,9.43,,,,5.14,2.79,7.5,,,,5.61,3.16,7.7,,,,1.0,-1.96,4.22,,,,1.7,-0.85,3.96,,,,,,,,,,
2020-06-01,35.61,32.47,38.36,,,,43.15,39.6,46.6,,,,7.05,4.65,9.38,,,,5.15,2.81,7.49,,,,5.62,3.23,7.69,,,,1.0,-1.97,4.12,,,,1.71,-0.82,3.97,,,,,,,,,,
2020-06-02,35.53,32.47,38.24,,,,43.19,39.68,46.61,,,,7.04,4.62,9.34,,,,5.17,2.81,7.48,,,,5.63,3.29,7.69,,,,1.01,-1.92,4.02,,,,1.72,-0.79,3.98,,,,,,,,,,
2020-06-03,35.44,32.32,38.12,,,,43.24,39.76,46.62,,,,7.04,4.62,9.32,,,,5.18,2.82,7.44,,,,5.64,3.34,7.72,,,,1.01,-1.89,3.97,,,,1.73,-0.77,3.98,,,,,,,,,,
2020-06-04,35.36,32.28,38.01,,,,43.28,39.85,46.62,,,,7.04,4.66,9.33,,,,5.2,2.83,7.41,,,,5.65,3.37,7.74,,,,1.01,-1.88,3.92,,,,1.74,-0.77,3.99,,,,,,,,,,
2020-06-05,35.28,32.23,37.91,,,,43.32,39.93,46.63,,,,7.04,4.65,9.33,,,,5.21,2.84,7.41,,,,5.67,3.4,7.77,,,,1.01,-1.88,3.87,,,,1.75,-0.78,3.97,,,,,,,,,,
2020-06-06,35.19,32.18,37.78,,,,43.36,40.0,46.63,,,,7.03,4.63,9.34,,,,5.23,2.87,7.41,,,,5.68,3.43,7.79,,,,1.01,-1.87,3.82,,,,1.76,-0.77,3.96,,,,,,,,,,
2020-06-07,35.11,32.11,37.65,,,,43.41,40.08,46.64,,,,7.03,4.61,9.34,,,,5.25,2.91,7.41,,,,5.69,3.45,7.82,,,,1.01,-1.86,3.77,,,,1.78,-0.73,3.94,,,,,,,,,,
2020-06-08,35.02,32.04,37.56,,,,43.45,40.13,46.64,,,,7.03,4.58,9.33,,,,5.27,2.94,7.41,,,,5.7,3.48,7.84,,,,1.01,-1.86,3.81,,,,1.79,-0.67,3.92,,,,,,,,,,
2020-06-09,34.94,31.98,37.45,,,,43.49,40.19,46.63,,,,7.02,4.55,9.33,,,,5.28,2.95,7.41,,,,5.72,3.5,7.84,,,,1.02,-1.85,3.8,,,,1.8,-0.62,3.91,,,,,,,,,,
2020-06-10,34.85,31.91,37.38,,,,43.53,40.26,46.63,,,,7.02,4.55,9.32,,,,5.3,2.99,7.42,,,,5.73,3.52,7.86,,,,1.02,-1.84,3.73,,,,1.81,-0.6,3.91,,,,,,,,,,
2020-06-11,34.76,31.84,37.29,,,,43.57,40.38,46.67,,,,7.01,4.59,9.31,,,,5.32,3.02,7.43,,,,5.74,3.54,7.87,,,,1.02,-1.83,3.64,,,,1.82,-0.58,3.92,,,,,,,,,,
2020-06-12,34.68,31.77,37.21,,,,43.61,40.47,46.7,,,,7.01,4.64,9.29,,,,5.34,3.06,7.42,,,,5.76,3.54,7.88,,,,1.02,-1.82,3.59,,,,1.84,-0.57,3.93,,,,31.0,47.0,7.0,6.0,6.0,1.0,2.0
2020-06-13,34.59,31.7,37.12,,,,43.65,40.55,46.7,,,,7.0,4.65,9.27,,,,5.37,3.1,7.43,,,,5.77,3.52,7.87,,,,1.02,-1.82,3.58,,,,1.85,-0.55,3.96,,,,,,,,,,
2020-06-14,34.51,31.66,37.03,,,,43.69,40.62,46.71,,,,7.0,4.65,9.25,,,,5.39,3.14,7.43,,,,5.78,3.51,7.85,,,,1.03,-1.81,3.58,,,,1.86,-0.53,3.97,,,,,,,,,,
2020-06-15,34.42,31.63,36.97,,,,43.73,40.7,46.72,,,,6.99,4.64,9.22,,,,5.41,3.19,7.43,,,,5.79,3.49,7.84,,,,1.03,-1.79,3.53,,,,1.87,-0.52,3.96,,,,,,,,,,
2020-06-16,34.33,31.56,36.88,,,,43.77,40.77,46.79,,,,6.98,4.68,9.29,,,,5.43,3.19,7.45,,,,5.81,3.5,7.85,,,,1.03,-1.78,3.53,,,,1.89,-0.52,3.95,,,,,,,,,,
2020-06-17,34.25,31.48,36.77,,,,43.81,40.83,46.8,,,,6.98,4.72,9.31,,,,5.45,3.19,7.54,,,,5.82,3.54,7.87,,,,1.03,-1.77,3.57,,,,1.9,-0.53,4.01,,,,,,,,,,
2020-06-18,34.16,31.38,36.65,,,,43.84,40.9,46.82,,,,6.97,4.72,9.31,,,,5.48,3.22,7.62,,,,5.83,3.59,7.88,,,,1.04,-1.72,3.58,,,,1.91,-0.55,4.09,,,,,,,,,,
2020-06-19,34.08,31.3,36.6,,,,43.88,40.96,46.82,,,,6.96,4.72,9.24,,,,5.5,3.35,7.67,,,,5.84,3.64,7.92,,,,1.04,-1.68,3.59,,,,1.92,-0.57,4.1,,,,,,,,,,
2020-06-20,33.99,31.23,36.55,,,,43.92,41.03,46.82,,,,6.96,4.73,9.18,,,,5.52,3.47,7.64,,,,5.85,3.68,7.97,,,,1.04,-1.73,3.59,,,,1.93,-0.53,4.05,,,,,,,,,,
2020-06-21,33.91,31.14,36.5,,,,43.96,41.07,46.8,,,,6.95,4.74,9.12,,,,5.54,3.45,7.64,,,,5.86,3.72,7.99,,,,1.04,-1.72,3.59,,,,1.94,-0.45,4.07,,,,,,,,,,
2020-06-22,33.83,31.07,36.45,,,,44.0,41.11,46.79,,,,6.94,4.74,9.06,,,,5.57,3.44,7.64,,,,5.87,3.71,8.02,,,,1.05,-1.72,3.59,,,,1.96,-0.36,4.1,,,,,,,,,,
2020-06-23,33.75,31.03,36.41,,,,44.04,41.15,46.8,,,,6.93,4.71,9.08,,,,5.59,3.42,7.65,,,,5.88,3.7,8.04,,,,1.05,-1.73,3.59,,,,1.97,-0.34,4.19,,,,,,,,,,
2020-06-24,33.66,31.0,36.35,,,,44.08,41.2,46.81,,,,6.93,4.68,9.12,,,,5.61,3.42,7.7,,,,5.89,3.76,8.0,,,,1.05,-1.67,3.59,,,,1.98,-0.34,4.19,,,,,,,,,,
2020-06-25,33.58,30.97,36.27,,,,44.11,41.24,46.81,,,,6.92,4.64,9.15,,,,5.63,3.41,7.74,,,,5.9,3.85,8.02,,,,1.05,-1.64,3.59,,,,1.99,-0.33,4.19,,,,,,,,,,
2020-06-26,33.51,30.92,36.15,,,,44.15,41.29,46.82,,,,6.91,4.61,9.15,,,,5.66,3.46,7.79,,,,5.91,3.93,8.02,,,,1.06,-1.59,3.58,,,,2.0,-0.33,4.22,,,,,,,,,,
2020-06-27,33.43,30.87,36.03,,,,44.19,41.34,46.81,,,,6.9,4.61,9.1,,,,5.68,3.5,7.78,,,,5.92,3.97,8.0,,,,1.06,-1.54,3.57,,,,2.01,-0.33,4.25,,,,,,,,,,
2020-06-28,33.35,30.83,35.91,,,,44.23,41.39,46.84,,,,6.89,4.58,9.07,,,,5.7,3.55,7.83,,,,5.93,4.0,7.95,,,,1.06,-1.5,3.58,,,,2.02,-0.33,4.28,,,,32.0,45.0,8.0,5.0,6.0,1.0,2.0
2020-06-29,33.28,30.8,35.79,,,,44.27,41.45,46.88,,,,6.88,4.56,9.05,,,,5.72,3.61,7.85,,,,5.93,3.99,7.95,,,,1.06,-1.46,3.57,,,,2.03,-0.32,4.3,,,,,,,,,,
2020-06-30,33.2,30.77,35.71,,,,44.31,41.51,46.94,,,,6.88,4.53,9.01,,,,5.74,3.66,7.85,,,,5.94,3.99,7.99,,,,1.06,-1.4,3.57,,,,2.03,-0.32,4.29,,,,,,,,,,
2020-07-01,33.13,30.74,35.57,,,,44.35,41.57,46.99,,,,6.87,4.52,9.01,,,,5.76,3.71,7.85,,,,5.94,4.0,8.04,,,,1.07,-1.35,3.58,,,,2.04,-0.25,4.28,,,,,,,,,,
2020-07-02,33.06,30.7,35.48,,,,44.39,41.63,47.05,,,,6.86,4.55,9.02,,,,5.78,3.78,7.86,,,,5.95,3.99,8.09,,,,1.07,-1.38,3.59,,,,2.05,-0.18,4.28,,,,,,,,,,
2020-07-03,32.99,30.67,35.34,,,,44.44,41.69,47.06,,,,6.85,4.56,9.02,,,,5.8,3.82,7.86,,,,5.95,3.98,8.12,,,,1.07,-1.42,3.56,,,,2.06,-0.11,4.27,,,,,,,,,,
2020-07-04,32.92,30.64,35.17,,,,44.48,41.75,47.08,,,,6.84,4.57,9.01,,,,5.82,3.88,7.86,,,,5.96,3.97,8.13,,,,1.07,-1.46,3.54,,,,2.07,-0.04,4.25,,,,,,,,,,
2020-07-05,32.85,30.61,35.03,,,,44.52,41.8,47.13,,,,6.83,4.54,8.98,,,,5.84,3.9,7.86,,,,5.96,3.97,8.08,,,,1.07,-1.49,3.53,,,,2.08,0.04,4.24,,,,,,,,,,
2020-07-06,32.78,30.58,34.92,,,,44.56,41.86,47.12,,,,6.82,4.51,8.99,,,,5.86,3.91,7.86,,,,5.96,3.96,8.03,,,,1.08,-1.48,3.58,,,,2.08,0.06,4.22,,,,,,,,,,
2020-07-07,32.71,30.53,34.82,,,,44.61,41.91,47.16,,,,6.81,4.48,9.02,,,,5.88,3.92,7.84,,,,5.97,3.99,8.06,,,,1.08,-1.43,3.51,,,,2.09,0.04,4.2,,,,,,,,,,
2020-07-08,32.65,30.48,34.77,,,,44.65,41.96,47.2,,,,6.8,4.45,9.02,,,,5.89,3.93,7.86,,,,5.97,4.04,8.1,,,,1.08,-1.35,3.48,,,,2.1,0.03,4.19,,,,,,,,,,
2020-07-09,32.59,30.45,34.72,,,,44.7,42.01,47.24,,,,6.79,4.42,9.01,,,,5.91,3.94,7.86,,,,5.97,4.09,8.14,,,,1.08,-1.32,3.47,,,,2.1,0.03,4.18,,,,32.0,48.0,8.0,4.0,5.0,,2.0
2020-07-10,32.53,30.43,34.68,,,,44.74,42.07,47.28,,,,6.78,4.38,9.01,,,,5.93,3.95,7.87,,,,5.97,4.14,8.11,,,,1.08,-1.34,3.44,,,,2.11,0.08,4.16,,,,,,,,,,
2020-07-11,32.47,30.4,34.63,,,,44.78,42.17,47.32,,,,6.77,4.36,8.99,,,,5.94,3.96,7.87,,,,5.97,4.14,8.03,,,,1.08,-1.35,3.42,,,,2.12,0.11,4.15,,,,,,,,,,
2020-07-12,32.41,30.34,34.57,,,,44.83,42.18,47.39,,,,6.76,4.32,8.97,,,,5.96,3.98,7.85,,,,5.97,4.11,7.94,,,,1.08,-1.32,3.4,,,,2.12,0.11,4.18,,,,,,,,,,
2020-07-13,32.35,30.28,34.52,,,,44.87,42.2,47.44,,,,6.75,4.28,8.9,,,,5.97,3.99,7.85,,,,5.97,4.08,7.9,,,,1.09,-1.28,3.37,,,,2.13,0.12,4.2,,,,,,,,,,
2020-07-14,32.29,30.21,34.43,,,,44.92,42.24,47.5,,,,6.74,4.26,8.88,,,,5.99,3.99,7.86,,,,5.96,4.06,7.93,,,,1.09,-1.29,3.36,,,,2.13,0.13,4.2,,,,,,,,,,
2020-07-15,32.24,30.16,34.32,,,,44.96,42.28,47.49,,,,6.73,4.31,8.82,,,,6.0,3.98,7.88,,,,5.96,4.04,7.96,,,,1.09,-1.27,3.35,,,,2.14,0.14,4.2,,,,,,,,,,
2020-07-16,32.19,30.1,34.27,,,,45.0,42.32,47.51,,,,6.72,4.37,8.82,,,,6.01,4.01,7.9,,,,5.96,4.01,7.99,,,,1.09,-1.26,3.35,,,,2.15,0.15,4.2,,,,,,,,,,
2020-07-17,32.14,30.05,34.22,,,,45.04,42.47,47.54,,,,6.71,4.39,8.82,,,,6.03,4.03,7.92,,,,5.95,4.05,8.02,,,,1.09,-1.33,3.34,,,,2.15,0.16,4.2,,,,,,,,,,
2020-07-18,32.09,30.02,34.17,,,,45.09,42.6,47.51,,,,6.7,4.37,8.82,,,,6.04,4.05,7.94,,,,5.95,4.09,8.03,,,,1.09,-1.33,3.37,,,,2.16,0.18,4.2,,,,,,,,,,
2020-07-19,32.04,29.95,34.18,,,,45.13,42.63,47.49,,,,6.69,4.41,8.8,,,,6.05,4.12,7.95,,,,5.95,4.13,8.06,,,,1.09,-1.33,3.43,,,,2.16,0.2,4.21,,,,,,,,,,
2020-07-20,31.99,29.9,34.12,,,,45.17,42.66,47.51,,,,6.68,4.42,8.79,,,,6.07,4.15,7.96,,,,5.94,4.18,8.06,,,,1.09,-1.32,3.44,,,,2.17,0.22,4.22,,,,,,,,,,
2020-07-21,31.94,29.82,34.04,,,,45.21,42.69,47.53,,,,6.67,4.38,8.78,,,,6.08,4.18,7.96,,,,5.94,4.15,8.09,,,,1.09,-1.38,3.41,,,,2.17,0.25,4.23,,,,,,,,,,
2020-07-22,31.89,29.78,34.03,,,,45.25,42.73,47.56,,,,6.66,4.34,8.77,,,,6.09,4.21,7.97,,,,5.93,4.11,8.07,,,,1.09,-1.43,3.38,,,,2.18,0.28,4.24,,,,,,,,,,
2020-07-23,31.85,29.73,34.03,,,,45.29,42.77,47.59,,,,6.65,4.34,8.76,,,,6.1,4.24,7.97,,,,5.93,4.08,8.04,,,,1.09,-1.37,3.35,,,,2.18,0.3,4.24,,,,34.0,45.0,8.0,5.0,6.0,,1.0
2020-07-24,31.81,29.69,33.99,,,,45.33,42.87,47.66,,,,6.64,4.35,8.74,,,,6.12,4.29,7.98,,,,5.92,4.1,8.02,,,,1.09,-1.29,3.31,,,,2.19,0.33,4.29,,,,,,,,,,
2020-07-25,31.76,29.65,33.94,,,,45.37,42.97,47.69,,,,6.63,4.36,8.73,,,,6.13,4.31,7.98,,,,5.91,4.07,8.0,,,,1.09,-1.28,3.29,,,,2.19,0.36,4.32,,,,,,,,,,
2020-07-26,31.72,29.62,33.91,,,,45.41,43.06,47.64,,,,6.62,4.38,8.73,,,,6.14,4.36,8.0,,,,5.91,4.03,7.97,,,,1.09,-1.27,3.31,,,,2.2,0.39,4.33,,,,,,,,,,
2020-07-27,31.68,29.6,33.88,,,,45.44,43.13,47.71,,,,6.61,4.38,8.71,,,,6.15,4.42,8.01,,,,5.9,4.0,7.94,,,,1.1,-1.38,3.32,,,,2.21,0.41,4.34,,,,,,,,,,
2020-07-28,31.64,29.53,33.84,,,,45.48,43.16,47.71,,,,6.6,4.4,8.69,,,,6.16,4.44,8.03,,,,5.89,4.02,7.9,,,,1.1,-1.39,3.33,,,,2.21,0.43,4.35,,,,,,,,,,
2020-07-29,31.6,29.52,33.8,,,,45.52,43.19,47.71,,,,6.59,4.41,8.67,,,,6.18,4.43,8.04,,,,5.89,4.04,7.87,,,,1.1,-1.37,3.34,,,,2.22,0.42,4.36,,,,,,,,,,
2020-07-30,31.56,29.49,33.77,,,,45.55,43.23,47.73,,,,6.58,4.42,8.65,,,,6.19,4.38,8.08,,,,5.88,3.96,7.83,,,,1.1,-1.34,3.35,,,,2.22,0.37,4.35,,,,,,,,,,
2020-07-31,31.52,29.47,33.72,,,,45.59,43.26,47.76,,,,6.57,4.44,8.63,,,,6.2,4.39,8.1,,,,5.87,3.92,7.79,,,,1.1,-1.32,3.36,,,,2.23,0.31,4.33,,,,29.0,48.0,5.0,6.0,6.0,1.0,3.0
2020-08-01,31.48,29.43,33.66,,,,45.62,43.3,47.79,,,,6.56,4.45,8.59,,,,6.21,4.41,8.13,,,,5.86,3.95,7.75,,,,1.1,-1.28,3.37,,,,2.23,0.29,4.3,,,,,,,,,,
2020-08-02,31.45,29.4,33.61,,,,45.66,43.33,47.78,,,,6.55,4.46,8.58,,,,6.22,4.43,8.17,,,,5.85,3.97,7.72,,,,1.1,-1.29,3.4,,,,2.24,0.25,4.27,,,,,,,,,,
2020-08-03,31.41,29.37,33.55,,,,45.69,43.37,47.79,,,,6.54,4.48,8.56,,,,6.23,4.44,8.21,,,,5.84,4.0,7.67,,,,1.1,-1.36,3.43,,,,2.24,0.25,4.25,,,,,,,,,,
2020-08-04,31.38,29.35,33.49,,,,45.72,43.4,47.81,,,,6.53,4.45,8.54,,,,6.24,4.42,8.22,,,,5.83,4.01,7.64,,,,1.1,-1.41,3.45,,,,2.25,0.28,4.24,,,,,,,,,,
2020-08-05,31.35,29.29,33.44,,,,45.76,43.42,47.83,,,,6.53,4.44,8.52,,,,6.25,4.41,8.21,,,,5.83,3.94,7.63,,,,1.1,-1.36,3.47,,,,2.25,0.31,4.22,,,,32.0,44.0,8.0,6.0,6.0,1.0,2.0
2020-08-06,31.32,29.22,33.42,,,,45.79,43.44,47.89,,,,6.52,4.42,8.51,,,,6.26,4.41,8.23,,,,5.82,3.87,7.62,,,,1.1,-1.31,3.49,,,,2.26,0.35,4.19,,,,,,,,,,
2020-08-07,31.28,29.15,33.42,,,,45.82,43.53,47.91,,,,6.51,4.4,8.53,,,,6.27,4.4,8.24,,,,5.81,3.87,7.6,,,,1.1,-1.29,3.51,,,,2.26,0.39,4.24,,,,,,,,,,
2020-08-08,31.25,29.12,33.36,,,,45.85,43.57,47.9,,,,6.5,4.41,8.53,,,,6.28,4.42,8.25,,,,5.79,3.88,7.57,,,,1.1,-1.27,3.54,,,,2.27,0.43,4.24,,,,,,,,,,
2020-08-09,31.22,29.11,33.31,,,,45.88,43.62,47.89,,,,6.49,4.37,8.51,,,,6.29,4.42,8.26,,,,5.78,3.87,7.54,,,,1.1,-1.32,3.56,,,,2.27,0.42,4.25,,,,,,,,,,
2020-08-10,31.19,29.1,33.25,,,,45.92,43.67,47.9,,,,6.48,4.39,8.48,,,,6.3,4.41,8.26,,,,5.77,3.86,7.52,,,,1.09,-1.36,3.57,,,,2.28,0.39,4.25,,,,,,,,,,
2020-08-11,31.17,29.1,33.26,,,,45.95,43.71,47.92,,,,6.47,4.42,8.42,,,,6.31,4.42,8.26,,,,5.76,3.84,7.52,,,,1.09,-1.39,3.61,,,,2.28,0.43,4.25,,,,,,,,,,
2020-08-12,31.14,29.07,33.25,,,,45.97,43.71,47.93,,,,6.46,4.44,8.4,,,,6.32,4.42,8.27,,,,5.75,3.83,7.53,,,,1.09,-1.43,3.6,,,,2.29,0.48,4.29,,,,33.0,40.0,6.0,8.0,6.0,1.0,5.0
2020-08-13,31.11,29.05,33.24,,,,46.0,43.73,47.94,,,,6.45,4.48,8.38,,,,6.32,4.42,8.34,,,,5.74,3.82,7.58,,,,1.09,-1.46,3.61,,,,2.3,0.51,4.32,,,,,,,,,,
2020-08-14,31.09,29.04,33.24,,,,46.03,43.74,47.95,,,,6.44,4.51,8.37,,,,6.33,4.42,8.41,,,,5.73,3.81,7.62,,,,1.09,-1.48,3.63,,,,2.3,0.52,4.31,,,,,,,,,,
2020-08-15,31.06,29.02,33.23,,,,46.06,43.75,47.95,,,,6.44,4.54,8.35,,,,6.34,4.43,8.44,,,,5.72,3.8,7.64,,,,1.09,-1.5,3.64,,,,2.31,0.53,4.3,,,,,,,,,,
2020-08-16,31.04,29.01,33.23,,,,46.09,43.78,47.96,,,,6.43,4.51,8.32,,,,6.35,4.44,8.44,,,,5.71,3.8,7.66,,,,1.09,-1.47,3.65,,,,2.31,0.54,4.32,,,,,,,,,,
2020-08-17,31.01,28.97,33.2,,,,46.11,43.79,47.99,,,,6.42,4.49,8.29,,,,6.35,4.45,8.43,,,,5.69,3.8,7.67,,,,1.09,-1.48,3.66,,,,2.32,0.55,4.37,,,,,,,,,,
2020-08-18,30.99,28.93,33.18,,,,46.14,43.79,48.01,,,,6.41,4.46,8.26,,,,6.36,4.46,8.43,,,,5.68,3.83,7.69,,,,1.09,-1.51,3.64,,,,2.32,0.55,4.38,,,,,,,,,,
2020-08-19,30.96,28.89,33.15,,,,46.17,43.8,48.03,,,,6.4,4.43,8.26,,,,6.37,4.47,8.42,,,,5.67,3.87,7.69,,,,1.09,-1.52,3.63,,,,2.33,0.56,4.39,,,,29.0,44.0,4.0,9.0,8.0,2.0,2.0
2020-08-20,30.94,28.89,33.13,,,,46.19,43.8,48.05,,,,6.39,4.43,8.26,,,,6.37,4.5,8.43,,,,5.66,3.88,7.7,,,,1.09,-1.46,3.62,,,,2.33,0.56,4.4,,,,,,,,,,
2020-08-21,30.92,28.89,33.1,,,,46.22,43.81,48.08,,,,6.38,4.44,8.26,,,,6.38,4.5,8.42,,,,5.65,3.85,7.65,,,,1.09,-1.46,3.61,,,,2.34,0.57,4.4,,,,,,,,,,
2020-08-22,30.89,28.87,33.08,,,,46.25,43.82,48.12,,,,6.38,4.45,8.22,,,,6.38,4.52,8.44,,,,5.64,3.82,7.65,,,,1.09,-1.48,3.6,,,,2.34,0.55,4.4,,,,,,,,,,
2020-08-23,30.87,28.83,33.06,,,,46.27,43.83,48.17,,,,6.37,4.46,8.21,,,,6.39,4.53,8.42,,,,5.62,3.8,7.66,,,,1.09,-1.5,3.59,,,,2.35,0.56,4.4,,,,,,,,,,
2020-08-24,30.85,28.81,33.03,,,,46.3,43.84,48.22,,,,6.36,4.45,8.22,,,,6.4,4.52,8.39,,,,5.61,3.78,7.67,,,,1.09,-1.52,3.57,,,,2.36,0.57,4.41,,,,,,,,,,
2020-08-25,30.82,28.78,33.01,,,,46.32,43.84,48.26,,,,6.35,4.4,8.24,,,,6.4,4.5,8.36,,,,5.6,3.75,7.68,,,,1.09,-1.54,3.56,,,,2.36,0.56,4.4,,,,31.0,46.0,6.0,6.0,6.0,1.0,2.0
2020-08-26,30.8,28.76,32.99,,,,46.35,43.88,48.31,,,,6.34,4.36,8.25,,,,6.41,4.53,8.34,,,,5.59,3.73,7.69,,,,1.09,-1.54,3.54,,,,2.37,0.55,4.39,,,,,,,,,,
2020-08-27,30.77,28.73,32.96,,,,46.37,43.93,48.35,,,,6.33,4.34,8.27,,,,6.41,4.55,8.32,,,,5.58,3.71,7.69,,,,1.09,-1.53,3.55,,,,2.37,0.54,4.41,,,,,,,,,,
2020-08-28,30.75,28.71,32.94,,,,46.39,43.97,48.4,,,,6.33,4.34,8.27,,,,6.42,4.56,8.31,,,,5.57,3.7,7.7,,,,1.09,-1.48,3.59,,,,2.38,0.54,4.42,,,,,,,,,,
2020-08-29,30.72,28.68,32.91,,,,46.42,44.02,48.44,,,,6.32,4.35,8.27,,,,6.42,4.56,8.33,,,,5.56,3.68,7.71,,,,1.09,-1.41,3.61,,,,2.39,0.53,4.43,,,,,,,,,,
2020-08-30,30.7,28.66,32.89,,,,46.44,44.07,48.48,,,,6.31,4.35,8.28,,,,6.43,4.57,8.35,,,,5.55,3.66,7.69,,,,1.09,-1.4,3.59,,,,2.39,0.53,4.43,,,,,,,,,,
2020-08-31,30.67,28.63,32.86,,,,46.47,44.12,48.51,,,,6.3,4.36,8.28,,,,6.43,4.56,8.37,,,,5.54,3.67,7.65,,,,1.09,-1.4,3.57,,,,2.4,0.53,4.44,,,,,,,,,,
2020-09-01,30.64,28.61,32.84,,,,46.49,44.18,48.55,,,,6.3,4.38,8.29,,,,6.43,4.51,8.39,,,,5.53,3.7,7.6,,,,1.09,-1.41,3.54,,,,2.41,0.56,4.45,,,,,,,,,,
2020-09-02,30.62,28.58,32.82,,,,46.51,44.22,48.58,,,,6.29,4.39,8.3,,,,6.44,4.47,8.4,,,,5.52,3.68,7.58,,,,1.09,-1.38,3.51,,,,2.41,0.57,4.47,,,,,,,,,,
2020-09-03,30.59,28.56,32.81,,,,46.54,44.27,48.62,,,,6.28,4.41,8.33,,,,6.44,4.43,8.43,,,,5.51,3.66,7.58,,,,1.09,-1.35,3.51,,,,2.42,0.54,4.46,,,,,,,,,,
2020-09-04,30.56,28.53,32.8,,,,46.56,44.32,48.65,,,,6.28,4.4,8.36,,,,6.45,4.4,8.45,,,,5.5,3.63,7.57,,,,1.08,-1.32,3.49,,,,2.43,0.55,4.44,,,,34.0,44.0,7.0,6.0,6.0,1.0,2.0
2020-09-05,30.54,28.5,32.78,,,,46.58,44.34,48.69,,,,6.27,4.41,8.32,,,,6.45,4.36,8.46,,,,5.49,3.63,7.54,,,,1.08,-1.3,3.47,,,,2.44,0.58,4.44,,,,,,,,,,
2020-09-06,30.51,28.42,32.74,,,,46.61,44.37,48.72,,,,6.26,4.39,8.32,,,,6.46,4.34,8.47,,,,5.48,3.62,7.51,,,,1.08,-1.29,3.46,,,,2.44,0.63,4.44,,,,,,,,,,
2020-09-07,30.48,28.41,32.65,,,,46.63,44.39,48.75,,,,6.26,4.42,8.29,,,,6.46,4.31,8.48,,,,5.48,3.58,7.47,,,,1.08,-1.3,3.44,,,,2.45,0.66,4.47,,,,,,,,,,
2020-09-08,30.45,28.37,32.58,,,,46.65,44.43,48.77,,,,6.25,4.43,8.26,,,,6.46,4.31,8.5,,,,5.47,3.57,7.45,,,,1.08,-1.32,3.42,,,,2.46,0.67,4.51,,,,,,,,,,
2020-09-09,30.42,28.32,32.55,,,,46.67,44.46,48.8,,,,6.25,4.41,8.24,,,,6.47,4.35,8.51,,,,5.46,3.56,7.45,,,,1.08,-1.33,3.4,,,,2.46,0.66,4.55,,,,29.0,49.0,6.0,7.0,5.0,1.0,2.0
2020-09-10,30.39,28.28,32.51,,,,46.7,44.48,48.82,,,,6.24,4.4,8.2,,,,6.47,4.39,8.52,,,,5.45,3.54,7.43,,,,1.08,-1.34,3.39,,,,2.47,0.64,4.54,,,,,,,,,,
2020-09-11,30.36,28.25,32.47,,,,46.72,44.51,48.84,,,,6.24,4.45,8.18,,,,6.47,4.43,8.53,,,,5.44,3.54,7.46,,,,1.08,-1.35,3.38,,,,2.48,0.67,4.53,,,,,,,,,,
2020-09-12,30.33,28.23,32.44,,,,46.74,44.53,48.86,,,,6.23,4.44,8.2,,,,6.47,4.43,8.54,,,,5.44,3.54,7.47,,,,1.08,-1.33,3.39,,,,2.49,0.66,4.52,,,,,,,,,,
2020-09-13,30.3,28.21,32.4,,,,46.76,44.56,48.88,,,,6.23,4.41,8.16,,,,6.48,4.41,8.55,,,,5.43,3.54,7.48,,,,1.08,-1.36,3.39,,,,2.49,0.64,4.51,,,,,,,,,,
2020-09-14,30.27,28.16,32.37,,,,46.79,44.58,48.89,,,,6.22,4.39,8.14,,,,6.48,4.39,8.55,,,,5.42,3.55,7.51,,,,1.08,-1.38,3.36,,,,2.5,0.62,4.5,,,,,,,,,,
2020-09-15,30.24,28.09,32.35,,,,46.81,44.61,48.91,,,,6.22,4.36,8.18,,,,6.48,4.38,8.56,,,,5.41,3.54,7.54,,,,1.08,-1.4,3.37,,,,2.51,0.63,4.5,,,,,,,,,,
2020-09-16,30.2,28.06,32.31,,,,46.83,44.63,48.92,,,,6.22,4.34,8.18,,,,6.48,4.36,8.57,,,,5.41,3.5,7.54,,,,1.08,-1.41,3.38,,,,2.52,0.67,4.49,,,,,,,,,,
2020-09-17,30.17,28.04,32.28,,,,46.85,44.66,48.94,,,,6.22,4.36,8.16,,,,6.49,4.34,8.57,,,,5.4,3.46,7.53,,,,1.08,-1.41,3.4,,,,2.53,0.69,4.48,,,,31.0,49.0,6.0,6.0,5.0,1.0,1.0
2020-09-18,30.14,28.05,32.27,,,,46.87,44.69,49.0,,,,6.22,4.32,8.12,,,,6.49,4.35,8.58,,,,5.39,3.44,7.52,,,,1.08,-1.42,3.43,,,,2.53,0.67,4.47,,,,,,,,,,
2020-09-19,30.11,28.06,32.26,,,,46.89,44.72,49.0,,,,6.21,4.29,8.13,,,,6.49,4.37,8.58,,,,5.38,3.4,7.51,,,,1.08,-1.41,3.45,,,,2.54,0.66,4.47,,,,,,,,,,
2020-09-20,30.07,28.01,32.24,,,,46.91,44.74,49.01,,,,6.21,4.26,8.12,,,,6.49,4.38,8.59,,,,5.38,3.4,7.49,,,,1.08,-1.38,3.46,,,,2.55,0.65,4.48,,,,,,,,,,
2020-09-21,30.04,27.98,32.22,,,,46.93,44.77,49.02,,,,6.21,4.25,8.13,,,,6.49,4.37,8.6,,,,5.37,3.36,7.5,,,,1.08,-1.35,3.48,,,,2.56,0.63,4.49,,,,,,,,,,
2020-09-22,30.01,27.92,32.2,,,,46.95,44.8,48.98,,,,6.21,4.23,8.14,,,,6.49,4.36,8.59,,,,5.36,3.32,7.5,,,,1.08,-1.33,3.5,,,,2.57,0.62,4.47,,,,,,,,,,
2020-09-23,29.97,27.9,32.19,,,,46.97,44.82,49.0,,,,6.22,4.22,8.15,,,,6.49,4.36,8.59,,,,5.36,3.29,7.5,,,,1.08,-1.33,3.52,,,,2.58,0.61,4.45,,,,,,,,,,
2020-09-24,29.94,27.85,32.12,,,,46.99,44.84,49.02,,,,6.22,4.24,8.13,,,,6.49,4.35,8.58,,,,5.35,3.3,7.5,,,,1.08,-1.34,3.48,,,,2.59,0.64,4.44,,,,31.0,47.0,7.0,7.0,4.0,1.0,3.0
2020-09-25,29.91,27.79,32.06,,,,47.01,44.83,49.05,,,,6.22,4.26,8.1,,,,6.49,4.35,8.57,,,,5.34,3.32,7.49,,,,1.08,-1.32,3.46,,,,2.59,0.67,4.45,,,,,,,,,,
2020-09-26,29.87,27.73,32.0,,,,47.02,44.81,49.08,,,,6.22,4.28,8.1,,,,6.49,4.32,8.57,,,,5.34,3.31,7.46,,,,1.08,-1.32,3.42,,,,2.6,0.7,4.45,,,,,,,,,,
2020-09-27,29.84,27.67,31.98,,,,47.04,44.78,49.08,,,,6.23,4.29,8.11,,,,6.49,4.31,8.56,,,,5.33,3.27,7.41,,,,1.08,-1.32,3.43,,,,2.61,0.71,4.46,,,,,,,,,,
2020-09-28,29.81,27.61,31.96,,,,47.06,44.78,49.1,,,,6.23,4.32,8.08,,,,6.5,4.33,8.55,,,,5.32,3.29,7.43,,,,1.08,-1.31,3.43,,,,2.62,0.75,4.45,,,,,,,,,,
2020-09-29,29.77,27.55,31.94,,,,47.07,44.82,49.13,,,,6.23,4.31,8.08,,,,6.5,4.37,8.54,,,,5.32,3.31,7.4,,,,1.08,-1.31,3.45,,,,2.63,0.78,4.45,,,,,,,,,,
2020-09-30,29.74,27.49,31.92,,,,47.09,44.82,49.16,,,,6.24,4.31,8.08,,,,6.5,4.42,8.53,,,,5.31,3.3,7.38,,,,1.08,-1.31,3.46,,,,2.64,0.81,4.45,,,,28.0,49.0,5.0,7.0,6.0,1.0,2.0
2020-10-01,29.7,27.45,31.91,,,,47.11,44.8,49.19,,,,6.24,4.33,8.07,,,,6.5,4.47,8.5,,,,5.3,3.29,7.37,,,,1.09,-1.29,3.43,,,,2.65,0.84,4.45,,,,,,,,,,
2020-10-02,29.67,27.42,31.89,,,,47.12,44.87,49.21,,,,6.25,4.34,8.07,,,,6.5,4.51,8.49,,,,5.3,3.28,7.36,,,,1.09,-1.28,3.4,,,,2.66,0.86,4.45,,,,,,,,,,
2020-10-03,29.63,27.37,31.88,,,,47.14,44.94,49.24,,,,6.25,4.34,8.08,,,,6.5,4.52,8.48,,,,5.29,3.28,7.36,,,,1.09,-1.26,3.37,,,,2.66,0.89,4.46,,,,,,,,,,
2020-10-04,29.6,27.33,31.86,,,,47.15,44.98,49.27,,,,6.26,4.34,8.11,,,,6.5,4.53,8.49,,,,5.28,3.27,7.35,,,,1.09,-1.24,3.33,,,,2.67,0.9,4.45,,,,,,,,,,
2020-10-05,29.56,27.28,31.85,,,,47.17,45.01,49.29,,,,6.26,4.35,8.14,,,,6.5,4.54,8.48,,,,5.28,3.25,7.34,,,,1.09,-1.22,3.3,,,,2.68,0.92,4.45,,,,,,,,,,
2020-10-06,29.53,27.24,31.79,,,,47.19,45.04,49.32,,,,6.27,4.34,8.17,,,,6.5,4.53,8.49,,,,5.27,3.24,7.33,,,,1.09,-1.22,3.27,,,,2.69,0.94,4.44,,,,,,,,,,
2020-10-07,29.5,27.2,31.74,,,,47.2,45.06,49.33,,,,6.28,4.35,8.2,,,,6.5,4.52,8.51,,,,5.27,3.22,7.32,,,,1.09,-1.22,3.26,,,,2.7,0.96,4.46,,,,28.0,48.0,7.0,7.0,5.0,1.0,3.0
2020-10-08,29.46,27.16,31.69,,,,47.21,45.09,49.34,,,,6.28,4.37,8.23,,,,6.5,4.51,8.5,,,,5.26,3.2,7.33,,,,1.1,-1.22,3.28,,,,2.71,0.95,4.49,,,,,,,,,,
2020-10-09,29.43,27.12,31.61,,,,47.23,45.11,49.35,,,,6.29,4.39,8.25,,,,6.5,4.5,8.48,,,,5.26,3.22,7.34,,,,1.1,-1.21,3.26,,,,2.71,0.94,4.5,,,,,,,,,,
2020-10-10,29.39,27.09,31.56,,,,47.24,45.13,49.35,,,,6.29,4.39,8.23,,,,6.5,4.49,8.46,,,,5.25,3.24,7.35,,,,1.1,-1.21,3.23,,,,2.72,0.94,4.51,,,,,,,,,,
2020-10-11,29.36,27.06,31.5,,,,47.26,45.15,49.37,,,,6.3,4.38,8.2,,,,6.5,4.48,8.49,,,,5.25,3.26,7.32,,,,1.1,-1.22,3.22,,,,2.73,0.92,4.53,,,,,,,,,,
2020-10-12,29.33,27.03,31.43,,,,47.27,45.16,49.39,,,,6.31,4.37,8.19,,,,6.5,4.47,8.51,,,,5.24,3.28,7.3,,,,1.1,-1.23,3.21,,,,2.74,0.9,4.55,,,,,,,,,,
2020-10-13,29.29,26.98,31.36,,,,47.29,45.18,49.4,,,,6.31,4.36,8.19,,,,6.5,4.46,8.52,,,,5.24,3.28,7.32,,,,1.1,-1.23,3.13,,,,2.75,0.88,4.58,,,,,,,,,,
2020-10-14,29.26,26.95,31.34,,,,47.3,45.2,49.44,,,,6.32,4.37,8.16,,,,6.5,4.47,8.54,,,,5.23,3.26,7.34,,,,1.11,-1.22,3.12,,,,2.75,0.86,4.6,,,,,,,,,,
2020-10-15,29.23,26.95,31.33,,,,47.31,45.21,49.48,,,,6.33,4.37,8.18,,,,6.5,4.46,8.56,,,,5.23,3.25,7.37,,,,1.11,-1.21,3.13,,,,2.76,0.85,4.62,,,,30.0,48.0,6.0,6.0,5.0,,3.0
2020-10-16,29.19,26.92,31.32,,,,47.33,45.23,49.5,,,,6.33,4.38,8.21,,,,6.49,4.46,8.57,,,,5.23,3.2,7.37,,,,1.11,-1.2,3.14,,,,2.77,0.83,4.64,,,,,,,,,,
2020-10-17,29.16,26.89,31.3,,,,47.34,45.25,49.49,,,,6.34,4.38,8.25,,,,6.49,4.45,8.59,,,,5.22,3.19,7.37,,,,1.11,-1.19,3.15,,,,2.78,0.82,4.66,,,,,,,,,,
2020-10-18,29.13,26.88,31.29,,,,47.35,45.28,49.48,,,,6.35,4.37,8.28,,,,6.49,4.45,8.59,,,,5.22,3.22,7.36,,,,1.11,-1.18,3.15,,,,2.79,0.82,4.68,,,,,,,,,,
2020-10-19,29.1,26.86,31.27,,,,47.37,45.29,49.54,,,,6.35,4.38,8.31,,,,6.49,4.44,8.56,,,,5.21,3.25,7.36,,,,1.12,-1.17,3.13,,,,2.79,0.84,4.7,,,,,,,,,,
2020-10-20,29.06,26.84,31.26,,,,47.38,45.31,49.59,,,,6.36,4.38,8.33,,,,6.49,4.44,8.57,,,,5.21,3.27,7.35,,,,1.12,-1.17,3.12,,,,2.8,0.82,4.72,,,,,,,,,,
2020-10-21,29.03,26.78,31.24,,,,47.39,45.32,49.65,,,,6.36,4.38,8.3,,,,6.49,4.44,8.58,,,,5.21,3.27,7.33,,,,1.12,-1.16,3.11,,,,2.81,0.81,4.75,,,,,,,,,,
2020-10-22,29.0,26.77,31.22,,,,47.41,45.31,49.7,,,,6.37,4.41,8.27,,,,6.49,4.45,8.56,,,,5.2,3.27,7.33,,,,1.12,-1.15,3.11,,,,2.82,0.81,4.77,,,,31.0,50.0,6.0,5.0,3.0,,3.0
2020-10-23,28.97,26.69,31.2,,,,47.42,45.29,49.76,,,,6.38,4.43,8.25,,,,6.49,4.5,8.55,,,,5.2,3.24,7.36,,,,1.12,-1.14,3.1,,,,2.82,0.83,4.8,,,,,,,,,,
2020-10-24,28.94,26.64,31.14,,,,47.43,45.27,49.8,,,,6.38,4.44,8.28,,,,6.49,4.48,8.53,,,,5.2,3.19,7.35,,,,1.13,-1.13,3.11,,,,2.83,0.82,4.77,,,,,,,,,,
2020-10-25,28.91,26.59,31.05,,,,47.44,45.25,49.86,,,,6.39,4.44,8.27,,,,6.49,4.43,8.51,,,,5.19,3.14,7.33,,,,1.13,-1.12,3.12,,,,2.84,0.8,4.78,,,,,,,,,,
2020-10-26,28.88,26.63,30.96,,,,47.45,45.23,49.9,,,,6.39,4.41,8.3,,,,6.48,4.43,8.5,,,,5.19,3.12,7.32,,,,1.13,-1.1,3.16,,,,2.85,0.82,4.8,,,,,,,,,,
2020-10-27,28.84,26.68,30.85,,,,47.47,45.21,49.93,,,,6.4,4.42,8.32,,,,6.48,4.42,8.51,,,,5.19,3.11,7.32,,,,1.13,-1.09,3.18,,,,2.86,0.82,4.81,,,,,,,,,,
2020-10-28,28.81,26.7,30.85,,,,47.48,45.19,49.95,,,,6.4,4.41,8.32,,,,6.48,4.42,8.53,,,,5.18,3.09,7.31,,,,1.13,-1.07,3.21,,,,2.86,0.82,4.82,,,,,,,,,,
2020-10-29,28.78,26.67,30.84,,,,47.49,45.14,49.97,,,,6.41,4.38,8.32,,,,6.48,4.42,8.54,,,,5.18,3.1,7.29,,,,1.13,-1.06,3.22,,,,2.87,0.82,4.83,,,,30.0,48.0,6.0,6.0,4.0,1.0,2.0
2020-10-30,28.75,26.64,30.83,,,,47.5,45.15,49.99,,,,6.42,4.34,8.34,,,,6.48,4.42,8.52,,,,5.18,3.09,7.28,,,,1.14,-1.04,3.23,,,,2.88,0.82,4.85,,,,,,,,,,
2020-10-31,28.72,26.61,30.83,,,,47.5,45.14,50.01,,,,6.42,4.33,8.31,,,,6.48,4.41,8.51,,,,5.18,3.09,7.27,,,,1.14,-1.02,3.22,,,,2.89,0.82,4.87,,,,,,,,,,
2020-11-01,28.69,26.59,30.78,,,,47.51,45.13,50.03,,,,6.43,4.34,8.28,,,,6.48,4.41,8.5,,,,5.18,3.12,7.28,,,,1.14,-1.0,3.22,,,,2.9,0.83,4.87,,,,,,,,,,
2020-11-02,28.66,26.56,30.75,,,,47.52,45.12,50.06,,,,6.43,4.34,8.28,,,,6.48,4.42,8.52,,,,5.18,3.19,7.3,,,,1.14,-0.98,3.22,,,,2.9,0.83,4.87,,,,,,,,,,
2020-11-03,28.63,26.53,30.72,,,,47.53,45.1,50.09,,,,6.44,4.34,8.28,,,,6.48,4.41,8.55,,,,5.18,3.25,7.29,,,,1.14,-0.97,3.19,,,,2.91,0.82,4.88,,,,,,,,,,
2020-11-04,28.6,26.46,30.67,,,,47.53,45.09,50.11,,,,6.44,4.32,8.29,,,,6.48,4.4,8.55,,,,5.18,3.28,7.28,,,,1.15,-0.96,3.2,,,,2.92,0.82,4.9,,,,,,,,,,
2020-11-05,28.57,26.41,30.62,,,,47.54,45.09,50.14,,,,6.45,4.3,8.29,,,,6.48,4.39,8.55,,,,5.18,3.27,7.25,,,,1.15,-0.95,3.21,,,,2.92,0.82,4.87,,,,26.0,50.0,7.0,5.0,5.0,1.0,4.0
2020-11-06,28.54,26.33,30.56,,,,47.55,45.07,50.16,,,,6.45,4.34,8.31,,,,6.48,4.38,8.55,,,,5.18,3.24,7.25,,,,1.15,-0.98,3.25,,,,2.93,0.82,4.87,,,,,,,,,,
2020-11-07,28.51,26.2,30.52,,,,47.55,45.08,50.17,,,,6.45,4.37,8.33,,,,6.49,4.37,8.52,,,,5.18,3.25,7.26,,,,1.15,-1.04,3.22,,,,2.94,0.8,4.9,,,,,,,,,,
2020-11-08,28.49,26.1,30.49,,,,47.55,45.07,50.18,,,,6.46,4.39,8.39,,,,6.49,4.36,8.54,,,,5.18,3.2,7.27,,,,1.15,-1.03,3.23,,,,2.94,0.77,4.96,,,,,,,,,,
2020-11-09,28.46,26.09,30.47,,,,47.56,45.05,50.18,,,,6.46,4.4,8.38,,,,6.49,4.35,8.53,,,,5.18,3.19,7.28,,,,1.16,-1.02,3.23,,,,2.95,0.77,5.0,,,,,,,,,,
2020-11-10,28.43,26.09,30.48,,,,47.56,45.07,50.2,,,,6.47,4.41,8.39,,,,6.49,4.34,8.55,,,,5.18,3.17,7.3,,,,1.16,-1.01,3.21,,,,2.95,0.78,5.03,,,,,,,,,,
2020-11-11,28.4,26.07,30.49,,,,47.56,45.1,50.22,,,,6.47,4.4,8.41,,,,6.49,4.33,8.56,,,,5.19,3.16,7.31,,,,1.16,-0.99,3.17,,,,2.96,0.79,5.03,,,,,,,,,,
2020-11-12,28.37,26.04,30.48,,,,47.56,45.13,50.21,,,,6.48,4.4,8.43,,,,6.49,4.33,8.55,,,,5.19,3.18,7.33,,,,1.16,-0.97,3.17,,,,2.96,0.81,5.04,,,,26.0,48.0,6.0,8.0,6.0,1.0,3.0
2020-11-13,28.34,25.98,30.48,,,,47.57,45.13,50.19,,,,6.48,4.39,8.44,,,,6.5,4.34,8.55,,,,5.2,3.2,7.36,,,,1.16,-0.95,3.15,,,,2.97,0.81,5.04,,,,,,,,,,
2020-11-14,28.32,25.92,30.46,,,,47.57,45.12,50.21,,,,6.48,4.36,8.45,,,,6.5,4.35,8.55,,,,5.2,3.21,7.38,,,,1.17,-0.93,3.13,,,,2.97,0.82,5.03,,,,,,,,,,
2020-11-15,28.29,25.94,30.44,,,,47.57,45.13,50.24,,,,6.49,4.37,8.47,,,,6.5,4.37,8.55,,,,5.21,3.2,7.38,,,,1.17,-0.91,3.16,,,,2.97,0.83,5.01,,,,,,,,,,
2020-11-16,28.26,25.96,30.43,,,,47.57,45.15,50.24,,,,6.49,4.36,8.48,,,,6.5,4.38,8.57,,,,5.21,3.19,7.39,,,,1.17,-0.88,3.19,,,,2.98,0.81,5.0,,,,,,,,,,
2020-11-17,28.24,25.93,30.42,,,,47.56,45.17,50.22,,,,6.5,4.36,8.49,,,,6.51,4.4,8.54,,,,5.22,3.18,7.39,,,,1.17,-0.86,3.22,,,,2.98,0.8,5.02,,,,,,,,,,
2020-11-18,28.21,25.84,30.39,,,,47.56,45.18,50.21,,,,6.5,4.36,8.5,,,,6.51,4.41,8.52,,,,5.23,3.17,7.4,,,,1.17,-0.84,3.21,,,,2.98,0.79,5.02,,,,30.0,44.0,7.0,6.0,6.0,1.0,3.0
2020-11-19,28.18,25.74,30.34,,,,47.56,45.2,50.19,,,,6.51,4.36,8.52,,,,6.51,4.41,8.53,,,,5.23,3.16,7.4,,,,1.17,-0.83,3.2,,,,2.98,0.78,5.01,,,,,,,,,,
2020-11-20,28.16,25.74,30.29,,,,47.55,45.18,50.16,,,,6.51,4.39,8.53,,,,6.52,4.41,8.53,,,,5.24,3.15,7.4,,,,1.17,-0.81,3.18,,,,2.98,0.78,4.99,,,,,,,,,,
2020-11-21,28.13,25.75,30.24,,,,47.55,45.16,50.17,,,,6.52,4.37,8.53,,,,6.52,4.38,8.53,,,,5.25,3.14,7.4,,,,1.18,-0.79,3.17,,,,2.98,0.78,4.98,,,,,,,,,,
2020-11-22,28.11,25.76,30.19,,,,47.54,45.13,50.18,,,,6.52,4.37,8.53,,,,6.53,4.35,8.53,,,,5.26,3.13,7.41,,,,1.18,-0.78,3.18,,,,2.98,0.77,4.96,,,,,,,,,,
2020-11-23,28.09,25.71,30.13,,,,47.54,45.11,50.16,,,,6.53,4.36,8.52,,,,6.53,4.32,8.52,,,,5.27,3.13,7.42,,,,1.18,-0.76,3.18,,,,2.98,0.77,4.95,,,,,,,,,,
2020-11-24,28.06,25.66,30.08,,,,47.53,45.09,50.14,,,,6.54,4.36,8.52,,,,6.54,4.32,8.52,,,,5.28,3.17,7.42,,,,1.18,-0.75,3.15,,,,2.97,0.77,4.93,,,,,,,,,,
2020-11-25,28.04,25.66,30.02,,,,47.52,45.1,50.12,,,,6.54,4.35,8.52,,,,6.54,4.32,8.52,,,,5.29,3.17,7.42,,,,1.18,-0.75,3.17,,,,2.97,0.76,4.91,,,,,,,,,,
2020-11-26,28.02,25.66,30.0,,,,47.51,45.1,50.11,,,,6.55,4.35,8.53,,,,6.55,4.33,8.51,,,,5.3,3.14,7.38,,,,1.18,-0.74,3.15,,,,2.97,0.77,4.89,,,,,,,,,,
2020-11-27,28.0,25.66,29.98,,,,47.5,45.08,50.14,,,,6.56,4.34,8.53,,,,6.55,4.33,8.51,,,,5.31,3.12,7.37,,,,1.18,-0.73,3.15,,,,2.96,0.77,4.9,,,,26.0,49.0,6.0,6.0,7.0,,4.0
2020-11-28,27.98,25.66,29.96,,,,47.49,45.06,50.18,,,,6.56,4.34,8.57,,,,6.56,4.34,8.5,,,,5.33,3.14,7.37,,,,1.18,-0.73,3.15,,,,2.96,0.78,4.91,,,,,,,,,,
2020-11-29,27.96,25.67,29.93,,,,47.48,45.03,50.2,,,,6.57,4.32,8.61,,,,6.57,4.34,8.5,,,,5.34,3.21,7.38,,,,1.18,-0.72,3.15,,,,2.95,0.79,4.93,,,,,,,,,,
2020-11-30,27.94,25.64,29.9,,,,47.47,45.01,50.13,,,,6.58,4.32,8.65,,,,6.58,4.35,8.5,,,,5.35,3.19,7.39,,,,1.18,-0.71,3.14,,,,2.95,0.77,4.96,,,,,,,,,,
2020-12-01,27.92,25.6,29.89,,,,47.45,44.99,50.06,,,,6.59,4.31,8.66,,,,6.59,4.36,8.49,,,,5.36,3.14,7.4,,,,1.18,-0.71,3.14,,,,2.94,0.75,4.99,,,,,,,,,,
2020-12-02,27.9,25.6,29.87,,,,47.44,44.97,49.99,,,,6.59,4.35,8.63,,,,6.6,4.37,8.51,,,,5.38,3.12,7.41,,,,1.18,-0.7,3.14,,,,2.94,0.74,4.98,,,,,,,,,,
2020-12-03,27.89,25.62,29.84,,,,47.42,44.95,49.93,,,,6.6,4.39,8.6,,,,6.61,4.38,8.55,,,,5.39,3.14,7.42,,,,1.18,-0.65,3.13,,,,2.93,0.74,4.96,,,,28.0,44.0,7.0,7.0,4.0,2.0,4.0
2020-12-04,27.87,25.67,29.82,,,,47.41,44.92,49.98,,,,6.61,4.39,8.63,,,,6.62,4.38,8.53,,,,5.4,3.16,7.42,,,,1.18,-0.65,3.13,,,,2.92,0.73,4.94,,,,,,,,,,
2020-12-05,27.85,25.71,29.79,,,,47.39,44.85,50.02,,,,6.62,4.41,8.68,,,,6.63,4.39,8.51,,,,5.42,3.18,7.42,,,,1.18,-0.65,3.13,,,,2.92,0.72,4.92,,,,,,,,,,
2020-12-06,27.84,25.71,29.77,,,,47.37,44.84,50.06,,,,6.63,4.42,8.67,,,,6.64,4.41,8.48,,,,5.43,3.2,7.46,,,,1.18,-0.6,3.13,,,,2.91,0.72,4.89,,,,,,,,,,
2020-12-07,27.83,25.72,29.77,,,,47.35,44.83,50.05,,,,6.63,4.41,8.65,,,,6.65,4.43,8.46,,,,5.45,3.22,7.45,,,,1.18,-0.59,3.16,,,,2.9,0.72,4.87,,,,,,,,,,
2020-12-08,27.81,25.7,29.79,,,,47.33,44.82,50.01,,,,6.64,4.4,8.63,,,,6.67,4.43,8.47,,,,5.46,3.25,7.42,,,,1.18,-0.59,3.22,,,,2.89,0.71,4.84,,,,,,,,,,
2020-12-09,27.8,25.68,29.82,,,,47.31,44.81,49.98,,,,6.65,4.41,8.6,,,,6.68,4.42,8.51,,,,5.48,3.28,7.4,,,,1.18,-0.57,3.23,,,,2.88,0.69,4.83,,,,27.0,45.0,9.0,7.0,5.0,1.0,4.0
2020-12-10,27.79,25.68,29.85,,,,47.29,44.79,49.94,,,,6.66,4.44,8.59,,,,6.69,4.43,8.55,,,,5.49,3.3,7.38,,,,1.18,-0.55,3.23,,,,2.87,0.65,4.82,,,,,,,,,,
2020-12-11,27.78,25.67,29.85,,,,47.27,44.77,49.87,,,,6.66,4.46,8.56,,,,6.71,4.43,8.6,,,,5.51,3.3,7.37,,,,1.18,-0.52,3.23,,,,2.86,0.62,4.85,,,,,,,,,,
2020-12-12,27.77,25.68,29.82,,,,47.25,44.74,49.8,,,,6.67,4.49,8.54,,,,6.72,4.43,8.66,,,,5.52,3.3,7.37,,,,1.18,-0.5,3.25,,,,2.85,0.6,4.84,,,,,,,,,,
2020-12-13,27.77,25.7,29.79,,,,47.22,44.72,49.74,,,,6.68,4.52,8.54,,,,6.74,4.47,8.65,,,,5.53,3.3,7.4,,,,1.18,-0.5,3.27,,,,2.84,0.57,4.86,,,,,,,,,,
2020-12-14,27.76,25.71,29.77,,,,47.2,44.71,49.76,,,,6.69,4.55,8.61,,,,6.75,4.48,8.68,,,,5.55,3.3,7.45,,,,1.18,-0.5,3.29,,,,2.84,0.55,4.9,,,,,,,,,,
2020-12-15,27.76,25.74,29.75,,,,47.18,44.69,49.76,,,,6.69,4.55,8.68,,,,6.77,4.46,8.7,,,,5.56,3.3,7.49,,,,1.18,-0.54,3.3,,,,2.83,0.57,4.93,,,,,,,,,,
2020-12-16,27.75,25.76,29.72,,,,47.15,44.68,49.72,,,,6.7,4.55,8.76,,,,6.79,4.45,8.69,,,,5.58,3.3,7.5,,,,1.18,-0.56,3.3,,,,2.82,0.59,4.95,,,,30.0,42.0,7.0,9.0,7.0,2.0,2.0
2020-12-17,27.75,25.73,29.69,,,,47.12,44.67,49.69,,,,6.71,4.56,8.78,,,,6.8,4.44,8.68,,,,5.59,3.3,7.54,,,,1.18,-0.55,3.31,,,,2.81,0.61,4.92,,,,,,,,,,
2020-12-18,27.75,25.67,29.69,,,,47.1,44.65,49.69,,,,6.71,4.56,8.75,,,,6.82,4.46,8.73,,,,5.61,3.3,7.55,,,,1.18,-0.57,3.32,,,,2.8,0.61,4.93,,,,,,,,,,
2020-12-19,27.75,25.62,29.75,,,,47.07,44.65,49.64,,,,6.72,4.56,8.78,,,,6.84,4.51,8.79,,,,5.62,3.34,7.55,,,,1.17,-0.58,3.33,,,,2.79,0.6,4.95,,,,,,,,,,
2020-12-20,27.75,25.58,29.72,,,,47.04,44.62,49.58,,,,6.73,4.57,8.82,,,,6.85,4.57,8.85,,,,5.63,3.37,7.56,,,,1.17,-0.55,3.33,,,,2.78,0.58,4.92,,,,,,,,,,
2020-12-21,27.75,25.53,29.71,,,,47.02,44.58,49.54,,,,6.73,4.57,8.85,,,,6.87,4.58,8.89,,,,5.65,3.41,7.6,,,,1.17,-0.51,3.32,,,,2.77,0.56,4.89,,,,,,,,,,
2020-12-22,27.76,25.51,29.74,,,,46.99,44.54,49.49,,,,6.74,4.58,8.88,,,,6.89,4.58,8.98,,,,5.66,3.46,7.64,,,,1.17,-0.52,3.35,,,,2.76,0.54,4.92,,,,26.0,52.0,4.0,6.0,6.0,1.0,3.0
2020-12-23,27.76,25.6,29.76,,,,46.96,44.49,49.46,,,,6.74,4.58,8.91,,,,6.91,4.63,9.04,,,,5.67,3.5,7.7,,,,1.17,-0.54,3.35,,,,2.75,0.56,4.97,,,,,,,,,,
2020-12-24,27.77,25.6,29.77,,,,46.93,44.44,49.42,,,,6.75,4.62,8.95,,,,6.93,4.69,9.02,,,,5.69,3.54,7.76,,,,1.17,-0.59,3.36,,,,2.74,0.61,5.02,,,,,,,,,,
2020-12-25,27.77,25.58,29.8,,,,46.9,44.41,49.38,,,,6.75,4.65,8.98,,,,6.94,4.74,9.0,,,,5.7,3.58,7.72,,,,1.17,-0.6,3.36,,,,2.73,0.58,4.98,,,,,,,,,,
2020-12-26,27.78,25.56,29.82,,,,46.88,44.41,49.34,,,,6.75,4.69,8.96,,,,6.96,4.74,8.98,,,,5.71,3.57,7.68,,,,1.17,-0.64,3.32,,,,2.72,0.58,4.93,,,,,,,,,,
2020-12-27,27.79,25.54,29.87,,,,46.85,44.38,49.39,,,,6.76,4.73,8.99,,,,6.98,4.75,9.02,,,,5.72,3.53,7.66,,,,1.17,-0.67,3.28,,,,2.71,0.6,4.91,,,,,,,,,,
2020-12-28,27.8,25.53,29.88,,,,46.82,44.35,49.45,,,,6.76,4.76,9.01,,,,7.0,4.79,8.99,,,,5.73,3.52,7.74,,,,1.16,-0.69,3.26,,,,2.7,0.61,4.91,,,,,,,,,,
2020-12-29,27.81,25.53,29.89,,,,46.79,44.37,49.5,,,,6.76,4.76,9.03,,,,7.02,4.83,9.02,,,,5.75,3.56,7.8,,,,1.16,-0.7,3.28,,,,2.69,0.64,4.91,,,,,,,,,,
2020-12-30,27.83,25.58,29.93,,,,46.76,44.36,49.5,,,,6.77,4.75,9.05,,,,7.03,4.87,9.08,,,,5.76,3.61,7.79,,,,1.16,-0.71,3.24,,,,2.68,0.59,4.9,,,,,,,,,,
2020-12-31,27.84,25.6,29.95,,,,46.73,44.34,49.44,,,,6.77,4.73,9.07,,,,7.05,4.91,9.16,,,,5.76,3.66,7.77,,,,1.16,-0.72,3.25,,,,2.67,0.54,4.9,,,,,,,,,,
2021-01-01,27.86,25.56,29.98,,,,46.7,44.3,49.37,,,,6.77,4.72,9.1,,,,7.07,4.95,9.18,,,,5.77,3.71,7.74,,,,1.16,-0.74,3.25,,,,2.67,0.51,4.9,,,,,,,,,,
2021-01-02,27.88,25.57,30.0,,,,46.68,44.28,49.3,,,,6.78,4.71,9.12,,,,7.08,5.0,9.19,,,,5.78,3.69,7.73,,,,1.16,-0.77,3.21,,,,2.66,0.49,4.89,,,,,,,,,,
2021-01-03,27.9,25.59,30.03,,,,46.65,44.25,49.24,,,,6.78,4.69,9.15,,,,7.1,5.03,9.21,,,,5.79,3.64,7.74,,,,1.16,-0.8,3.17,,,,2.65,0.41,4.88,,,,,,,,,,
2021-01-04,27.92,25.6,30.06,,,,46.62,44.22,49.17,,,,6.78,4.68,9.17,,,,7.12,5.08,9.22,,,,5.8,3.58,7.76,,,,1.16,-0.83,3.14,,,,2.64,0.34,4.87,,,,,,,,,,
2021-01-05,27.94,25.61,30.09,,,,46.59,44.2,49.1,,,,6.79,4.67,9.19,,,,7.13,5.05,9.21,,,,5.8,3.61,7.77,,,,1.15,-0.87,3.17,,,,2.63,0.32,4.87,,,,27.0,51.0,7.0,5.0,4.0,1.0,3.0
2021-01-06,27.97,25.59,30.12,,,,46.55,44.16,49.04,,,,6.79,4.66,9.21,,,,7.15,5.0,9.2,,,,5.81,3.64,7.78,,,,1.15,-0.91,3.2,,,,2.63,0.35,4.86,,,,,,,,,,
2021-01-07,27.99,25.64,30.14,,,,46.52,44.11,48.97,,,,6.79,4.66,9.21,,,,7.16,4.97,9.19,,,,5.81,3.68,7.78,,,,1.15,-0.95,3.24,,,,2.62,0.38,4.86,,,,,,,,,,
2021-01-08,28.02,25.66,30.18,,,,46.49,44.12,48.9,,,,6.8,4.66,9.2,,,,7.17,4.92,9.18,,,,5.82,3.71,7.78,,,,1.15,-0.98,3.28,,,,2.61,0.35,4.84,,,,,,,,,,
2021-01-09,28.05,25.72,30.25,,,,46.46,44.1,48.84,,,,6.8,4.66,9.2,,,,7.19,4.88,9.17,,,,5.82,3.72,7.78,,,,1.15,-1.02,3.33,,,,2.61,0.32,4.83,,,,,,,,,,
2021-01-10,28.07,25.76,30.28,,,,46.43,44.06,48.81,,,,6.81,4.67,9.19,,,,7.2,4.94,9.15,,,,5.83,3.75,7.77,,,,1.14,-1.04,3.34,,,,2.6,0.3,4.83,,,,,,,,,,
2021-01-11,28.1,25.8,30.33,,,,46.4,44.03,48.75,,,,6.81,4.68,9.18,,,,7.21,4.99,9.13,,,,5.83,3.79,7.79,,,,1.14,-1.07,3.32,,,,2.59,0.28,4.82,,,,,,,,,,
2021-01-12,28.14,25.83,30.39,,,,46.37,43.96,48.72,,,,6.82,4.69,9.17,,,,7.22,5.06,9.11,,,,5.83,3.82,7.81,,,,1.14,-1.08,3.34,,,,2.59,0.28,4.81,,,,,,,,,,
2021-01-13,28.17,25.87,30.45,,,,46.33,43.96,48.71,,,,6.82,4.71,9.16,,,,7.23,5.11,9.09,,,,5.83,3.86,7.84,,,,1.14,-1.05,3.32,,,,2.58,0.3,4.8,,,,,,,,,,
2021-01-14,28.2,25.91,30.5,,,,46.3,43.9,48.69,,,,6.83,4.72,9.16,,,,7.24,5.18,9.13,,,,5.83,3.85,7.87,,,,1.14,-1.07,3.3,,,,2.58,0.32,4.79,,,,26.0,49.0,7.0,8.0,5.0,,2.0
2021-01-15,28.23,25.92,30.56,,,,46.27,43.91,48.66,,,,6.83,4.75,9.15,,,,7.25,5.25,9.18,,,,5.83,3.83,7.89,,,,1.13,-1.07,3.28,,,,2.57,0.34,4.77,,,,,,,,,,
2021-01-16,28.27,25.94,30.61,,,,46.23,43.84,48.63,,,,6.84,4.78,9.14,,,,7.26,5.28,9.24,,,,5.83,3.82,7.91,,,,1.13,-1.07,3.29,,,,2.57,0.33,4.76,,,,,,,,,,
2021-01-17,28.3,25.96,30.66,,,,46.2,43.78,48.6,,,,6.85,4.78,9.13,,,,7.27,5.27,9.3,,,,5.83,3.8,7.93,,,,1.13,-1.09,3.31,,,,2.56,0.35,4.74,,,,,,,,,,
2021-01-18,28.34,25.98,30.71,,,,46.16,43.77,48.59,,,,6.86,4.84,9.12,,,,7.28,5.26,9.36,,,,5.83,3.82,7.9,,,,1.13,-1.1,3.32,,,,2.56,0.37,4.72,,,,,,,,,,
2021-01-19,28.37,26.0,30.77,,,,46.13,43.8,48.56,,,,6.87,4.87,9.11,,,,7.28,5.25,9.4,,,,5.83,3.84,7.88,,,,1.12,-1.12,3.35,,,,2.55,0.39,4.7,,,,,,,,,,
2021-01-20,28.41,26.02,30.82,,,,46.09,43.78,48.53,,,,6.88,4.9,9.09,,,,7.29,5.25,9.46,,,,5.83,3.86,7.84,,,,1.12,-1.14,3.37,,,,2.55,0.42,4.67,,,,,,,,,,
2021-01-21,28.45,26.05,30.87,,,,46.05,43.74,48.49,,,,6.89,4.95,9.08,,,,7.3,5.24,9.44,,,,5.83,3.85,7.81,,,,1.12,-1.15,3.4,,,,2.54,0.45,4.65,,,,,,,,,,
2021-01-22,28.48,26.07,30.92,,,,46.02,43.63,48.45,,,,6.9,4.98,9.05,,,,7.3,5.23,9.43,,,,5.82,3.83,7.77,,,,1.11,-1.15,3.36,,,,2.54,0.46,4.64,,,,28.0,46.0,6.0,7.0,7.0,1.0,2.0
2021-01-23,28.52,26.13,30.95,,,,45.98,43.58,48.4,,,,6.91,4.99,8.99,,,,7.31,5.23,9.41,,,,5.82,3.82,7.78,,,,1.11,-1.17,3.31,,,,2.54,0.45,4.66,,,,,,,,,,
2021-01-24,28.56,26.2,30.98,,,,45.94,43.49,48.36,,,,6.92,4.98,8.94,,,,7.32,5.22,9.39,,,,5.82,3.82,7.82,,,,1.11,-1.18,3.28,,,,2.53,0.44,4.67,,,,,,,,,,
2021-01-25,28.59,26.24,31.0,,,,45.9,43.41,48.31,,,,6.93,4.98,8.88,,,,7.32,5.22,9.36,,,,5.82,3.84,7.86,,,,1.11,-1.19,3.29,,,,2.53,0.44,4.65,,,,,,,,,,
2021-01-26,28.63,26.28,31.02,,,,45.85,43.39,48.26,,,,6.94,5.0,8.89,,,,7.33,5.22,9.34,,,,5.82,3.87,7.9,,,,1.1,-1.19,3.32,,,,2.53,0.43,4.62,,,,,,,,,,
2021-01-27,28.66,26.33,31.05,,,,45.81,43.39,48.2,,,,6.96,5.07,8.91,,,,7.33,5.27,9.34,,,,5.81,3.88,7.93,,,,1.1,-1.18,3.28,,,,2.52,0.42,4.6,,,,27.0,48.0,8.0,6.0,6.0,1.0,2.0
2021-01-28,28.7,26.37,31.07,,,,45.77,43.38,48.14,,,,6.97,5.1,8.94,,,,7.34,5.24,9.37,,,,5.81,3.92,7.97,,,,1.1,-1.18,3.3,,,,2.52,0.42,4.57,,,,,,,,,,
2021-01-29,28.73,26.41,31.09,,,,45.73,43.34,48.07,,,,6.98,5.08,8.97,,,,7.34,5.21,9.4,,,,5.81,3.94,8.01,,,,1.09,-1.18,3.29,,,,2.52,0.42,4.53,,,,,,,,,,
2021-01-30,28.77,26.44,31.11,,,,45.68,43.26,48.0,,,,7.0,5.08,8.95,,,,7.35,5.21,9.37,,,,5.81,3.92,8.02,,,,1.09,-1.19,3.31,,,,2.52,0.4,4.5,,,,,,,,,,
2021-01-31,28.8,26.47,31.12,,,,45.64,43.18,47.94,,,,7.01,5.08,8.93,,,,7.35,5.24,9.35,,,,5.81,3.9,7.97,,,,1.08,-1.2,3.29,,,,2.52,0.37,4.47,,,,,,,,,,
2021-02-01,28.83,26.5,31.13,,,,45.59,43.12,47.92,,,,7.03,5.07,8.96,,,,7.36,5.24,9.34,,,,5.81,3.87,7.97,,,,1.08,-1.2,3.27,,,,2.52,0.42,4.46,,,,,,,,,,
2021-02-02,28.87,26.53,31.15,,,,45.54,43.04,47.88,,,,7.04,5.07,9.02,,,,7.36,5.2,9.36,,,,5.8,3.85,7.98,,,,1.08,-1.18,3.27,,,,2.51,0.43,4.47,,,,,,,,,,
2021-02-03,28.9,26.56,31.21,,,,45.5,43.0,47.83,,,,7.06,5.05,9.03,,,,7.37,5.21,9.34,,,,5.8,3.82,7.99,,,,1.07,-1.18,3.25,,,,2.51,0.43,4.49,,,,30.0,45.0,7.0,7.0,7.0,1.0,1.0
2021-02-04,28.93,26.59,31.26,,,,45.45,42.98,47.78,,,,7.07,5.06,9.02,,,,7.37,5.21,9.3,,,,5.8,3.81,8.0,,,,1.07,-1.22,3.23,,,,2.51,0.45,4.51,,,,,,,,,,
2021-02-05,28.97,26.6,31.31,,,,45.4,42.96,47.68,,,,7.09,5.08,9.03,,,,7.38,5.21,9.32,,,,5.8,3.8,8.01,,,,1.07,-1.25,3.23,,,,2.51,0.48,4.54,,,,,,,,,,
2021-02-06,29.0,26.65,31.36,,,,45.35,42.9,47.64,,,,7.11,5.09,9.06,,,,7.38,5.21,9.36,,,,5.8,3.8,8.01,,,,1.06,-1.27,3.24,,,,2.51,0.5,4.55,,,,,,,,,,
2021-02-07,29.03,26.69,31.41,,,,45.3,42.88,47.6,,,,7.12,5.12,9.09,,,,7.39,5.22,9.4,,,,5.8,3.81,8.01,,,,1.06,-1.22,3.25,,,,2.51,0.51,4.58,,,,,,,,,,
2021-02-08,29.07,26.72,31.46,,,,45.24,42.88,47.56,,,,7.14,5.14,9.12,,,,7.4,5.24,9.43,,,,5.8,3.82,8.01,,,,1.06,-1.25,3.26,,,,2.51,0.52,4.57,,,,,,,,,,
2021-02-09,29.1,26.76,31.5,,,,45.19,42.82,47.52,,,,7.15,5.17,9.14,,,,7.4,5.24,9.47,,,,5.8,3.83,8.0,,,,1.06,-1.28,3.26,,,,2.51,0.5,4.54,,,,,,,,,,
2021-02-10,29.13,26.78,31.55,,,,45.14,42.76,47.48,,,,7.17,5.2,9.17,,,,7.41,5.26,9.5,,,,5.8,3.83,8.0,,,,1.05,-1.3,3.27,,,,2.51,0.52,4.51,,,,25.0,45.0,8.0,11.0,7.0,1.0,1.0
2021-02-11,29.17,26.83,31.59,,,,45.08,42.69,47.44,,,,7.19,5.23,9.18,,,,7.42,5.26,9.49,,,,5.8,3.84,8.0,,,,1.05,-1.33,3.28,,,,2.51,0.54,4.48,,,,,,,,,,
2021-02-12,29.2,26.84,31.62,,,,45.03,42.63,47.39,,,,7.2,5.26,9.19,,,,7.42,5.27,9.47,,,,5.8,3.84,8.0,,,,1.05,-1.34,3.28,,,,2.51,0.54,4.48,,,,,,,,,,
2021-02-13,29.23,26.83,31.66,,,,44.97,42.57,47.34,,,,7.22,5.28,9.21,,,,7.43,5.29,9.46,,,,5.8,3.85,7.99,,,,1.05,-1.36,3.29,,,,2.51,0.54,4.47,,,,,,,,,,
2021-02-14,29.27,26.84,31.7,,,,44.91,42.52,47.28,,,,7.23,5.3,9.21,,,,7.44,5.31,9.48,,,,5.8,3.84,7.99,,,,1.04,-1.37,3.29,,,,2.51,0.51,4.47,,,,,,,,,,
2021-02-15,29.3,26.85,31.7,,,,44.85,42.47,47.23,,,,7.25,5.33,9.21,,,,7.45,5.33,9.49,,,,5.8,3.82,7.99,,,,1.04,-1.38,3.3,,,,2.51,0.5,4.47,,,,,,,,,,
2021-02-16,29.34,26.87,31.69,,,,44.79,42.41,47.17,,,,7.27,5.34,9.25,,,,7.45,5.35,9.51,,,,5.81,3.81,7.99,,,,1.04,-1.4,3.29,,,,2.52,0.51,4.47,,,,,,,,,,
2021-02-17,29.37,26.9,31.7,,,,44.73,42.36,47.11,,,,7.28,5.34,9.28,,,,7.46,5.37,9.52,,,,5.81,3.79,7.98,,,,1.04,-1.41,3.3,,,,2.52,0.53,4.47,,,,,,,,,,
2021-02-18,29.41,26.92,31.69,,,,44.67,42.33,47.04,,,,7.3,5.37,9.3,,,,7.47,5.39,9.54,,,,5.81,3.79,7.98,,,,1.04,-1.42,3.3,,,,2.52,0.55,4.48,,,,31.0,43.0,7.0,8.0,6.0,1.0,3.0
2021-02-19,29.44,26.94,31.68,,,,44.6,42.3,46.98,,,,7.31,5.36,9.33,,,,7.48,5.41,9.55,,,,5.81,3.78,7.98,,,,1.04,-1.4,3.31,,,,2.52,0.51,4.48,,,,,,,,,,
2021-02-20,29.48,26.97,31.67,,,,44.54,42.24,46.91,,,,7.33,5.35,9.35,,,,7.49,5.44,9.57,,,,5.81,3.77,7.95,,,,1.04,-1.31,3.3,,,,2.52,0.47,4.48,,,,,,,,,,
2021-02-21,29.52,27.0,31.66,,,,44.48,42.14,46.76,,,,7.34,5.34,9.37,,,,7.5,5.46,9.59,,,,5.81,3.76,7.9,,,,1.04,-1.3,3.27,,,,2.52,0.46,4.48,,,,,,,,,,
2021-02-22,29.55,27.03,31.66,,,,44.41,42.06,46.64,,,,7.36,5.33,9.38,,,,7.51,5.49,9.6,,,,5.81,3.77,7.86,,,,1.04,-1.29,3.24,,,,2.52,0.47,4.51,,,,,,,,,,
2021-02-23,29.59,27.08,31.66,,,,44.34,42.02,46.6,,,,7.37,5.29,9.39,,,,7.52,5.51,9.6,,,,5.81,3.79,7.81,,,,1.04,-1.25,3.27,,,,2.53,0.47,4.54,,,,,,,,,,
2021-02-24,29.63,27.11,31.7,,,,44.28,41.97,46.49,,,,7.39,5.28,9.39,,,,7.53,5.55,9.61,,,,5.81,3.81,7.78,,,,1.04,-1.21,3.31,,,,2.53,0.46,4.57,,,,,,,,,,
2021-02-25,29.67,27.15,31.74,,,,44.21,41.9,46.38,,,,7.4,5.28,9.39,,,,7.54,5.57,9.61,,,,5.81,3.83,7.75,,,,1.04,-1.21,3.34,,,,2.53,0.45,4.6,,,,,,,,,,
2021-02-26,29.71,27.19,31.79,,,,44.14,41.74,46.25,,,,7.42,5.26,9.39,,,,7.55,5.57,9.61,,,,5.81,3.84,7.78,,,,1.04,-1.24,3.34,,,,2.53,0.45,4.63,,,,30.0,46.0,5.0,8.0,6.0,1.0,2.0
2021-02-27,29.75,27.22,31.83,,,,44.07,41.58,46.12,,,,7.43,5.24,9.43,,,,7.56,5.58,9.57,,,,5.81,3.81,7.81,,,,1.04,-1.21,3.35,,,,2.53,0.47,4.66,,,,,,,,,,
2021-02-28,29.79,27.25,31.87,,,,44.0,41.49,45.98,,,,7.45,5.24,9.5,,,,7.58,5.59,9.54,,,,5.81,3.78,7.84,,,,1.04,-1.17,3.31,,,,2.54,0.49,4.68,,,,,,,,,,
2021-03-01,29.83,27.27,31.96,,,,43.93,41.48,45.85,,,,7.46,5.29,9.55,,,,7.59,5.63,9.54,,,,5.81,3.75,7.86,,,,1.04,-1.14,3.25,,,,2.54,0.51,4.7,,,,,,,,,,
2021-03-02,29.87,27.3,32.08,,,,43.86,41.46,45.75,,,,7.48,5.29,9.55,,,,7.6,5.67,9.53,,,,5.81,3.71,7.84,,,,1.04,-1.12,3.21,,,,2.54,0.49,4.73,,,,,,,,,,
2021-03-03,29.92,27.35,32.19,,,,43.78,41.45,45.68,,,,7.49,5.3,9.56,,,,7.62,5.69,9.53,,,,5.81,3.7,7.8,,,,1.04,-1.12,3.21,,,,2.54,0.46,4.73,,,,,,,,,,
2021-03-04,29.96,27.4,32.21,,,,43.71,41.41,45.59,,,,7.51,5.3,9.56,,,,7.63,5.69,9.56,,,,5.81,3.7,7.74,,,,1.04,-1.11,3.21,,,,2.55,0.42,4.71,,,,33.0,44.0,7.0,7.0,5.0,1.0,3.0
2021-03-05,30.0,27.44,32.22,,,,43.64,41.35,45.55,,,,7.52,5.31,9.55,,,,7.65,5.72,9.6,,,,5.81,3.66,7.71,,,,1.04,-1.08,3.21,,,,2.55,0.43,4.68,,,,,,,,,,
2021-03-06,30.05,27.49,32.28,,,,43.56,41.28,45.48,,,,7.53,5.32,9.54,,,,7.66,5.73,9.61,,,,5.81,3.65,7.74,,,,1.04,-1.04,3.2,,,,2.55,0.43,4.65,,,,,,,,,,
2021-03-07,30.09,27.54,32.33,,,,43.49,41.24,45.39,,,,7.55,5.33,9.56,,,,7.68,5.74,9.61,,,,5.81,3.64,7.76,,,,1.04,-1.03,3.2,,,,2.55,0.42,4.61,,,,,,,,,,
2021-03-08,30.14,27.59,32.35,,,,43.41,41.22,45.28,,,,7.56,5.34,9.58,,,,7.69,5.75,9.64,,,,5.8,3.64,7.79,,,,1.04,-1.01,3.2,,,,2.55,0.42,4.58,,,,,,,,,,
2021-03-09,30.19,27.64,32.38,,,,43.33,41.2,45.21,,,,7.58,5.35,9.55,,,,7.71,5.76,9.72,,,,5.8,3.64,7.76,,,,1.04,-1.01,3.19,,,,2.56,0.41,4.54,,,,,,,,,,
2021-03-10,30.23,27.7,32.39,,,,43.26,41.16,45.13,,,,7.59,5.36,9.53,,,,7.72,5.77,9.77,,,,5.8,3.64,7.73,,,,1.05,-0.99,3.21,,,,2.56,0.41,4.52,,,,29.0,45.0,7.0,8.0,6.0,1.0,3.0
2021-03-11,30.28,27.75,32.42,,,,43.18,41.13,45.09,,,,7.6,5.37,9.51,,,,7.74,5.77,9.8,,,,5.8,3.64,7.75,,,,1.05,-0.97,3.24,,,,2.56,0.41,4.5,,,,,,,,,,
2021-03-12,30.33,27.8,32.47,,,,43.1,41.01,45.05,,,,7.61,5.38,9.52,,,,7.76,5.74,9.83,,,,5.8,3.63,7.77,,,,1.05,-0.96,3.22,,,,2.56,0.41,4.51,,,,,,,,,,
2021-03-13,30.38,27.86,32.52,,,,43.02,40.88,45.01,,,,7.63,5.39,9.54,,,,7.77,5.77,9.8,,,,5.8,3.64,7.74,,,,1.05,-0.96,3.19,,,,2.56,0.41,4.5,,,,,,,,,,
2021-03-14,30.43,27.93,32.57,,,,42.95,40.83,44.94,,,,7.64,5.4,9.54,,,,7.79,5.8,9.78,,,,5.79,3.64,7.69,,,,1.05,-0.97,3.17,,,,2.56,0.41,4.5,,,,,,,,,,
2021-03-15,30.48,27.99,32.62,,,,42.87,40.79,44.9,,,,7.65,5.41,9.58,,,,7.81,5.81,9.75,,,,5.79,3.65,7.65,,,,1.05,-0.97,3.16,,,,2.56,0.42,4.48,,,,,,,,,,
2021-03-16,30.53,28.04,32.69,,,,42.79,40.74,44.83,,,,7.66,5.43,9.6,,,,7.83,5.81,9.72,,,,5.79,3.63,7.68,,,,1.05,-0.97,3.13,,,,2.56,0.42,4.46,,,,,,,,,,
2021-03-17,30.58,28.09,32.78,,,,42.71,40.7,44.79,,,,7.67,5.44,9.63,,,,7.84,5.81,9.74,,,,5.79,3.58,7.72,,,,1.06,-0.97,3.12,,,,2.56,0.42,4.44,,,,,,,,,,
2021-03-18,30.63,28.14,32.8,,,,42.63,40.62,44.74,,,,7.69,5.45,9.69,,,,7.86,5.81,9.72,,,,5.78,3.57,7.76,,,,1.06,-0.97,3.12,,,,2.57,0.42,4.43,,,,,,,,,,
2021-03-19,30.69,28.19,32.85,,,,42.56,40.51,44.69,,,,7.7,5.47,9.72,,,,7.88,5.82,9.7,,,,5.78,3.57,7.78,,,,1.06,-0.98,3.1,,,,2.57,0.42,4.42,,,,34.0,44.0,5.0,7.0,4.0,,4.0
2021-03-20,30.74,28.24,32.94,,,,42.48,40.39,44.63,,,,7.71,5.49,9.75,,,,7.9,5.85,9.74,,,,5.77,3.58,7.82,,,,1.06,-0.98,3.09,,,,2.57,0.42,4.41,,,,,,,,,,
2021-03-21,30.79,28.31,33.01,,,,42.4,40.29,44.58,,,,7.72,5.51,9.78,,,,7.92,5.87,9.79,,,,5.77,3.6,7.79,,,,1.06,-0.98,3.08,,,,2.57,0.42,4.41,,,,,,,,,,
2021-03-22,30.85,28.35,33.04,,,,42.32,40.21,44.52,,,,7.73,5.54,9.79,,,,7.94,5.9,9.84,,,,5.77,3.6,7.76,,,,1.06,-0.98,3.07,,,,2.57,0.44,4.4,,,,,,,,,,
2021-03-23,30.9,28.39,33.12,,,,42.25,40.08,44.46,,,,7.74,5.56,9.79,,,,7.96,5.93,9.89,,,,5.76,3.59,7.8,,,,1.06,-0.98,3.08,,,,2.57,0.47,4.4,,,,,,,,,,
2021-03-24,30.95,28.43,33.22,,,,42.17,39.97,44.4,,,,7.75,5.56,9.8,,,,7.98,5.94,9.96,,,,5.75,3.61,7.79,,,,1.06,-0.97,3.09,,,,2.57,0.5,4.39,,,,,,,,,,
2021-03-25,31.01,28.47,33.32,,,,42.09,39.87,44.34,,,,7.76,5.56,9.79,,,,7.99,5.92,9.99,,,,5.75,3.65,7.79,,,,1.06,-0.95,3.12,,,,2.57,0.55,4.39,,,,,,,,,,
2021-03-26,31.06,28.52,33.35,,,,42.01,39.78,44.28,,,,7.77,5.56,9.78,,,,8.01,5.9,10.04,,,,5.74,3.69,7.79,,,,1.07,-0.94,3.15,,,,2.57,0.55,4.42,,,,33.0,37.0,12.0,6.0,6.0,1.0,3.0
2021-03-27,31.12,28.56,33.39,,,,41.94,39.75,44.23,,,,7.78,5.55,9.76,,,,8.03,5.92,10.09,,,,5.74,3.7,7.8,,,,1.07,-0.93,3.15,,,,2.57,0.57,4.45,,,,,,,,,,
2021-03-28,31.17,28.61,33.42,,,,41.86,39.7,44.17,,,,7.79,5.56,9.81,,,,8.05,5.94,10.13,,,,5.73,3.71,7.8,,,,1.07,-0.92,3.15,,,,2.57,0.59,4.48,,,,,,,,,,
2021-03-29,31.23,28.66,33.45,,,,41.78,39.67,44.12,,,,7.8,5.57,9.86,,,,8.07,5.96,10.16,,,,5.72,3.68,7.81,,,,1.07,-0.92,3.14,,,,2.57,0.61,4.51,,,,,,,,,,
2021-03-30,31.28,28.73,33.48,,,,41.71,39.52,44.06,,,,7.81,5.58,9.92,,,,8.09,5.98,10.18,,,,5.72,3.69,7.83,,,,1.07,-0.9,3.14,,,,2.57,0.64,4.52,,,,,,,,,,
2021-03-31,31.34,28.79,33.51,,,,41.63,39.38,44.0,,,,7.82,5.59,9.97,,,,8.11,6.0,10.21,,,,5.71,3.7,7.84,,,,1.07,-0.85,3.13,,,,2.57,0.66,4.54,,,,,,,,,,
2021-04-01,31.39,28.86,33.55,,,,41.56,39.25,43.94,,,,7.84,5.6,10.02,,,,8.13,6.03,10.26,,,,5.7,3.72,7.82,,,,1.07,-0.84,3.12,,,,2.57,0.69,4.6,,,,29.0,43.0,10.0,7.0,5.0,1.0,3.0
2021-04-02,31.44,28.92,33.58,,,,41.48,39.21,43.87,,,,7.85,5.61,10.08,,,,8.15,6.05,10.3,,,,5.69,3.74,7.83,,,,1.07,-0.84,3.11,,,,2.57,0.69,4.63,,,,,,,,,,
2021-04-03,31.5,28.99,33.63,,,,41.41,39.21,43.81,,,,7.86,5.62,10.12,,,,8.17,6.08,10.32,,,,5.69,3.75,7.81,,,,1.07,-0.87,3.09,,,,2.57,0.68,4.66,,,,,,,,,,
2021-04-04,31.55,29.06,33.7,,,,41.33,39.21,43.74,,,,7.87,5.66,10.17,,,,8.19,6.11,10.35,,,,5.68,3.74,7.81,,,,1.07,-0.91,3.06,,,,2.57,0.68,4.62,,,,,,,,,,
2021-04-05,31.6,29.12,33.8,,,,41.26,39.21,43.66,,,,7.88,5.63,10.22,,,,8.21,6.13,10.36,,,,5.67,3.73,7.81,,,,1.07,-0.92,3.04,,,,2.57,0.7,4.58,,,,,,,,,,
2021-04-06,31.65,29.22,33.89,,,,41.19,39.1,43.58,,,,7.89,5.64,10.26,,,,8.23,6.15,10.39,,,,5.67,3.69,7.8,,,,1.08,-0.95,3.03,,,,2.57,0.68,4.6,,,,,,,,,,
2021-04-07,31.7,29.27,33.97,,,,41.12,38.98,43.5,,,,7.9,5.67,10.3,,,,8.25,6.18,10.4,,,,5.66,3.64,7.8,,,,1.08,-0.95,3.03,,,,2.57,0.67,4.64,,,,,,,,,,
2021-04-08,31.75,29.32,34.05,,,,41.04,38.86,43.45,,,,7.92,5.7,10.34,,,,8.27,6.21,10.41,,,,5.65,3.6,7.81,,,,1.08,-0.95,3.06,,,,2.57,0.68,4.64,,,,31.0,41.0,7.0,8.0,5.0,1.0,3.0
2021-04-09,31.79,29.37,34.13,,,,40.97,38.8,43.39,,,,7.93,5.71,10.38,,,,8.29,6.25,10.43,,,,5.65,3.56,7.83,,,,1.08,-0.95,3.05,,,,2.57,0.68,4.64,,,,,,,,,,
2021-04-10,31.84,29.44,34.14,,,,40.9,38.68,43.34,,,,7.94,5.74,10.42,,,,8.31,6.28,10.45,,,,5.64,3.52,7.85,,,,1.08,-0.95,3.04,,,,2.57,0.69,4.64,,,,,,,,,,
2021-04-11,31.89,29.51,34.15,,,,40.83,38.58,43.27,,,,7.96,5.74,10.45,,,,8.33,6.31,10.47,,,,5.63,3.5,7.86,,,,1.08,-0.94,3.05,,,,2.57,0.69,4.64,,,,,,,,,,
2021-04-12,31.93,29.56,34.17,,,,40.76,38.54,43.23,,,,7.97,5.77,10.49,,,,8.35,6.33,10.48,,,,5.63,3.49,7.88,,,,1.08,-0.92,3.04,,,,2.57,0.67,4.62,,,,,,,,,,
2021-04-13,31.97,29.63,34.2,,,,40.69,38.45,43.18,,,,7.99,5.83,10.51,,,,8.37,6.36,10.54,,,,5.62,3.53,7.89,,,,1.08,-0.9,3.03,,,,2.57,0.65,4.63,,,,,,,,,,
2021-04-14,32.02,29.69,34.34,,,,40.62,38.35,43.13,,,,8.0,5.87,10.54,,,,8.39,6.41,10.6,,,,5.62,3.57,7.89,,,,1.09,-0.88,3.02,,,,2.57,0.64,4.63,,,,28.0,38.0,11.0,8.0,8.0,1.0,4.0
2021-04-15,32.06,29.7,34.4,,,,40.55,38.26,43.08,,,,8.02,5.91,10.56,,,,8.41,6.44,10.61,,,,5.61,3.62,7.9,,,,1.09,-0.87,3.0,,,,2.57,0.65,4.62,,,,,,,,,,
2021-04-16,32.1,29.73,34.43,,,,40.49,38.17,43.02,,,,8.03,5.92,10.56,,,,8.43,6.48,10.61,,,,5.61,3.67,7.9,,,,1.09,-0.87,2.99,,,,2.56,0.66,4.61,,,,,,,,,,
2021-04-17,32.13,29.77,34.47,,,,40.42,38.08,42.96,,,,8.05,5.93,10.53,,,,8.44,6.51,10.61,,,,5.61,3.69,7.91,,,,1.09,-0.86,2.99,,,,2.56,0.7,4.6,,,,,,,,,,
2021-04-18,32.17,29.81,34.51,,,,40.35,38.0,42.92,,,,8.06,5.98,10.51,,,,8.46,6.48,10.61,,,,5.6,3.71,7.91,,,,1.09,-0.86,3.0,,,,2.56,0.73,4.6,,,,,,,,,,
2021-04-19,32.2,29.85,34.54,,,,40.29,37.93,42.87,,,,8.08,6.02,10.49,,,,8.48,6.47,10.61,,,,5.6,3.73,7.91,,,,1.09,-0.85,3.0,,,,2.56,0.72,4.63,,,,,,,,,,
2021-04-20,32.24,29.89,34.54,,,,40.22,37.9,42.83,,,,8.1,6.08,10.47,,,,8.5,6.48,10.61,,,,5.6,3.72,7.9,,,,1.1,-0.85,3.02,,,,2.56,0.69,4.66,,,,,,,,,,
2021-04-21,32.27,29.92,34.54,,,,40.16,37.86,42.77,,,,8.12,6.11,10.45,,,,8.52,6.53,10.61,,,,5.59,3.68,7.9,,,,1.1,-0.84,3.06,,,,2.56,0.66,4.66,,,,,,,,,,
2021-04-22,32.3,29.95,34.54,,,,40.1,37.83,42.69,,,,8.14,6.13,10.43,,,,8.54,6.59,10.61,,,,5.59,3.65,7.89,,,,1.1,-0.85,3.09,,,,2.56,0.66,4.68,,,,28.0,45.0,6.0,9.0,6.0,1.0,2.0
2021-04-23,32.33,29.98,34.54,,,,40.03,37.8,42.61,,,,8.15,6.15,10.41,,,,8.56,6.65,10.6,,,,5.59,3.62,7.88,,,,1.1,-0.88,3.08,,,,2.56,0.66,4.69,,,,,,,,,,
2021-04-24,32.36,30.01,34.59,,,,39.97,37.77,42.53,,,,8.17,6.17,10.41,,,,8.58,6.64,10.59,,,,5.59,3.6,7.88,,,,1.1,-0.91,3.06,,,,2.56,0.65,4.68,,,,,,,,,,
2021-04-25,32.38,30.03,34.67,,,,39.91,37.74,42.46,,,,8.19,6.19,10.41,,,,8.6,6.66,10.59,,,,5.59,3.58,7.87,,,,1.1,-0.91,3.04,,,,2.55,0.65,4.66,,,,,,,,,,
2021-04-26,32.41,30.06,34.69,,,,39.85,37.68,42.39,,,,8.21,6.21,10.46,,,,8.62,6.69,10.62,,,,5.59,3.59,7.85,,,,1.1,-0.91,3.04,,,,2.55,0.65,4.64,,,,,,,,,,
2021-04-27,32.43,30.08,34.7,,,,39.79,37.63,42.33,,,,8.23,6.23,10.51,,,,8.64,6.71,10.65,,,,5.59,3.63,7.84,,,,1.11,-0.91,3.05,,,,2.55,0.65,4.62,,,,,,,,,,
2021-04-28,32.45,30.09,34.7,,,,39.74,37.57,42.29,,,,8.25,6.25,10.57,,,,8.66,6.72,10.68,,,,5.59,3.68,7.82,,,,1.11,-0.91,3.05,,,,2.55,0.63,4.59,,,,37.0,39.0,7.0,8.0,4.0,2.0,2.0
2021-04-29,32.47,30.11,34.71,,,,39.68,37.55,42.21,,,,8.28,6.27,10.62,,,,8.68,6.78,10.71,,,,5.59,3.7,7.81,,,,1.11,-0.88,3.06,,,,2.55,0.62,4.56,,,,,,,,,,
2021-04-30,32.49,30.13,34.71,,,,39.62,37.47,42.12,,,,8.3,6.3,10.67,,,,8.7,6.84,10.74,,,,5.59,3.7,7.79,,,,1.11,-0.9,3.07,,,,2.54,0.64,4.53,,,,,,,,,,
2021-05-01,32.51,30.17,34.72,,,,39.57,37.39,42.05,,,,8.32,6.3,10.65,,,,8.72,6.89,10.77,,,,5.59,3.69,7.78,,,,1.11,-0.89,3.07,,,,2.54,0.63,4.51,,,,,,,,,,
2021-05-02,32.52,30.19,34.73,,,,39.51,37.3,41.98,,,,8.34,6.34,10.63,,,,8.75,6.88,10.8,,,,5.59,3.68,7.76,,,,1.11,-0.88,3.07,,,,2.54,0.63,4.48,,,,,,,,,,
2021-05-03,32.54,30.19,34.76,,,,39.46,37.28,41.91,,,,8.36,6.36,10.68,,,,8.77,6.85,10.83,,,,5.59,3.68,7.74,,,,1.12,-0.87,3.07,,,,2.53,0.63,4.46,,,,,,,,,,
2021-05-04,32.55,30.18,34.77,,,,39.41,37.22,41.84,,,,8.38,6.38,10.71,,,,8.79,6.89,10.86,,,,5.59,3.66,7.71,,,,1.12,-0.85,3.07,,,,2.53,0.64,4.44,,,,,,,,,,
2021-05-05,32.57,30.2,34.82,,,,39.36,37.21,41.76,,,,8.4,6.4,10.71,,,,8.81,6.88,10.89,,,,5.59,3.67,7.7,,,,1.12,-0.84,3.07,,,,2.53,0.62,4.42,,,,32.0,39.0,8.0,9.0,7.0,1.0,3.0
2021-05-06,32.58,30.2,34.85,,,,39.31,37.2,41.69,,,,8.43,6.42,10.7,,,,8.84,6.87,10.92,,,,5.6,3.64,7.67,,,,1.12,-0.84,3.07,,,,2.52,0.61,4.42,,,,,,,,,,
2021-05-07,32.59,30.2,34.87,,,,39.26,37.2,41.7,,,,8.45,6.43,10.7,,,,8.86,6.9,10.95,,,,5.6,3.67,7.67,,,,1.12,-0.84,3.07,,,,2.52,0.6,4.47,,,,,,,,,,
2021-05-08,32.6,30.2,34.87,,,,39.21,37.21,41.7,,,,8.47,6.46,10.68,,,,8.88,6.98,10.94,,,,5.6,3.68,7.67,,,,1.12,-0.81,3.08,,,,2.52,0.59,4.51,,,,,,,,,,
2021-05-09,32.61,30.22,34.83,,,,39.16,37.08,41.64,,,,8.49,6.48,10.64,,,,8.91,7.05,10.93,,,,5.6,3.68,7.66,,,,1.12,-0.78,3.08,,,,2.51,0.58,4.54,,,,,,,,,,
2021-05-10,32.61,30.23,34.83,,,,39.12,36.97,41.55,,,,8.51,6.52,10.63,,,,8.93,7.07,10.92,,,,5.6,3.68,7.64,,,,1.13,-0.78,3.08,,,,2.51,0.58,4.55,,,,,,,,,,
2021-05-11,32.62,30.26,34.8,,,,39.07,36.96,41.48,,,,8.53,6.6,10.65,,,,8.95,7.09,10.92,,,,5.6,3.69,7.63,,,,1.13,-0.77,3.08,,,,2.5,0.57,4.51,,,,,,,,,,
2021-05-12,32.63,30.27,34.79,,,,39.03,36.97,41.41,,,,8.56,6.61,10.65,,,,8.98,7.1,10.95,,,,5.61,3.7,7.62,,,,1.13,-0.77,3.1,,,,2.5,0.56,4.47,,,,36.0,37.0,9.0,9.0,5.0,,1.0
2021-05-13,32.63,30.29,34.82,,,,38.99,36.96,41.33,,,,8.58,6.58,10.65,,,,9.0,7.11,10.96,,,,5.61,3.69,7.6,,,,1.13,-0.76,3.11,,,,2.5,0.56,4.44,,,,,,,,,,
2021-05-14,32.64,30.3,34.84,,,,38.95,36.92,41.27,,,,8.6,6.57,10.64,,,,9.03,7.12,11.0,,,,5.61,3.7,7.59,,,,1.13,-0.76,3.13,,,,2.49,0.55,4.45,,,,,,,,,,
2021-05-15,32.64,30.32,34.85,,,,38.91,36.89,41.22,,,,8.62,6.59,10.67,,,,9.05,7.13,11.04,,,,5.61,3.71,7.57,,,,1.13,-0.75,3.14,,,,2.49,0.54,4.46,,,,,,,,,,
2021-05-16,32.65,30.34,34.85,,,,38.87,36.83,41.17,,,,8.64,6.61,10.71,,,,9.07,7.11,11.07,,,,5.61,3.72,7.56,,,,1.13,-0.74,3.14,,,,2.48,0.54,4.46,,,,,,,,,,
2021-05-17,32.65,30.38,34.84,,,,38.83,36.77,41.12,,,,8.66,6.63,10.74,,,,9.1,7.15,11.11,,,,5.61,3.74,7.56,,,,1.13,-0.74,3.15,,,,2.48,0.53,4.45,,,,,,,,,,
2021-05-18,32.65,30.36,34.83,,,,38.8,36.73,41.09,,,,8.68,6.65,10.78,,,,9.12,7.17,11.14,,,,5.62,3.75,7.56,,,,1.13,-0.73,3.13,,,,2.47,0.53,4.42,,,,,,,,,,
2021-05-19,32.65,30.38,34.82,,,,38.76,36.66,41.06,,,,8.7,6.69,10.8,,,,9.14,7.21,11.16,,,,5.62,3.76,7.54,,,,1.14,-0.72,3.16,,,,2.47,0.5,4.4,,,,,,,,,,
2021-05-20,32.65,30.39,34.8,,,,38.73,36.6,41.04,,,,8.72,6.7,10.8,,,,9.17,7.22,11.18,,,,5.62,3.76,7.49,,,,1.14,-0.72,3.17,,,,2.46,0.51,4.4,,,,35.0,36.0,9.0,11.0,5.0,1.0,2.0
2021-05-21,32.65,30.43,34.81,,,,38.7,36.59,41.01,,,,8.73,6.74,10.83,,,,9.19,7.23,11.18,,,,5.62,3.77,7.48,,,,1.14,-0.75,3.22,,,,2.45,0.51,4.39,,,,,,,,,,
2021-05-22,32.65,30.47,34.83,,,,38.67,36.58,40.96,,,,8.75,6.75,10.85,,,,9.21,7.26,11.21,,,,5.62,3.72,7.46,,,,1.14,-0.74,3.25,,,,2.45,0.51,4.34,,,,,,,,,,
2021-05-23,32.65,30.43,34.85,,,,38.64,36.58,40.91,,,,8.77,6.76,10.87,,,,9.23,7.26,11.24,,,,5.62,3.65,7.44,,,,1.14,-0.73,3.26,,,,2.44,0.5,4.37,,,,,,,,,,
2021-05-24,32.65,30.42,34.84,,,,38.61,36.52,40.92,,,,8.79,6.76,10.9,,,,9.26,7.27,11.25,,,,5.63,3.62,7.45,,,,1.14,-0.75,3.29,,,,2.44,0.5,4.35,,,,,,,,,,
2021-05-25,32.65,30.4,34.82,,,,38.58,36.5,40.91,,,,8.81,6.78,10.92,,,,9.28,7.29,11.25,,,,5.63,3.64,7.46,,,,1.14,-0.77,3.32,,,,2.43,0.43,4.34,,,,,,,,,,
2021-05-26,32.64,30.43,34.8,,,,38.56,36.44,40.88,,,,8.82,6.79,10.94,,,,9.3,7.31,11.26,,,,5.63,3.66,7.48,,,,1.14,-0.74,3.35,,,,2.43,0.43,4.31,,,,,,,,,,
2021-05-27,32.64,30.46,34.78,,,,38.53,36.39,40.83,,,,8.84,6.81,10.96,,,,9.32,7.33,11.27,,,,5.63,3.68,7.46,,,,1.14,-0.76,3.37,,,,2.42,0.45,4.3,,,,,,,,,,
2021-05-28,32.63,30.48,34.75,,,,38.51,36.34,40.76,,,,8.86,6.84,11.0,,,,9.34,7.35,11.27,,,,5.63,3.66,7.47,,,,1.14,-0.79,3.38,,,,2.41,0.46,4.28,,,,32.0,36.0,9.0,10.0,7.0,1.0,2.0
2021-05-29,32.63,30.47,34.76,,,,38.49,36.32,40.74,,,,8.88,6.87,11.05,,,,9.36,7.38,11.28,,,,5.63,3.62,7.48,,,,1.15,-0.81,3.39,,,,2.41,0.47,4.27,,,,,,,,,,
2021-05-30,32.62,30.46,34.73,,,,38.46,36.32,40.75,,,,8.89,6.9,11.1,,,,9.38,7.4,11.27,,,,5.63,3.59,7.49,,,,1.15,-0.81,3.38,,,,2.4,0.48,4.25,,,,,,,,,,
2021-05-31,32.62,30.45,34.7,,,,38.44,36.32,40.73,,,,8.91,6.91,11.14,,,,9.4,7.42,11.27,,,,5.64,3.56,7.51,,,,1.15,-0.84,3.36,,,,2.4,0.49,4.23,,,,,,,,,,
2021-06-01,32.61,30.45,34.67,,,,38.42,36.25,40.7,,,,8.93,6.92,11.17,,,,9.41,7.45,11.27,,,,5.64,3.53,7.52,,,,1.15,-0.83,3.35,,,,2.39,0.5,4.21,,,,,,,,,,
2021-06-02,32.6,30.44,34.67,,,,38.41,36.26,40.67,,,,8.94,6.93,11.19,,,,9.43,7.48,11.26,,,,5.64,3.5,7.53,,,,1.15,-0.8,3.32,,,,2.39,0.49,4.19,,,,,,,,,,
2021-06-03,32.59,30.43,34.67,,,,38.39,36.28,40.66,,,,8.96,6.94,11.21,,,,9.45,7.52,11.26,,,,5.64,3.53,7.54,,,,1.15,-0.78,3.3,,,,2.38,0.47,4.18,,,,37.0,38.0,7.0,10.0,4.0,1.0,1.0
2021-06-04,32.58,30.42,34.62,,,,38.37,36.28,40.67,,,,8.98,6.95,11.23,,,,9.47,7.53,11.27,,,,5.64,3.57,7.55,,,,1.15,-0.78,3.3,,,,2.38,0.43,4.18,,,,,,,,,,
2021-06-05,32.57,30.41,34.56,,,,38.35,36.29,40.68,,,,9.0,6.96,11.24,,,,9.48,7.53,11.29,,,,5.64,3.62,7.56,,,,1.15,-0.79,3.31,,,,2.37,0.4,4.19,,,,,,,,,,
2021-06-06,32.56,30.4,34.52,,,,38.34,36.3,40.69,,,,9.01,6.99,11.25,,,,9.5,7.52,11.31,,,,5.64,3.66,7.56,,,,1.15,-0.74,3.31,,,,2.37,0.38,4.18,,,,,,,,,,
2021-06-07,32.55,30.39,34.49,,,,38.32,36.32,40.7,,,,9.03,7.0,11.23,,,,9.51,7.52,11.33,,,,5.64,3.66,7.57,,,,1.15,-0.71,3.3,,,,2.36,0.36,4.18,,,,,,,,,,
2021-06-08,32.53,30.38,34.46,,,,38.31,36.31,40.7,,,,9.05,7.05,11.22,,,,9.53,7.51,11.36,,,,5.64,3.65,7.57,,,,1.16,-0.71,3.31,,,,2.36,0.38,4.18,,,,,,,,,,
2021-06-09,32.52,30.37,34.43,,,,38.29,36.29,40.66,,,,9.07,7.08,11.21,,,,9.54,7.51,11.35,,,,5.64,3.64,7.59,,,,1.16,-0.71,3.32,,,,2.35,0.42,4.17,,,,,,,,,,
2021-06-10,32.51,30.37,34.39,,,,38.28,36.26,40.63,,,,9.08,7.13,11.23,,,,9.56,7.5,11.35,,,,5.64,3.62,7.61,,,,1.16,-0.71,3.3,,,,2.35,0.42,4.17,,,,35.0,38.0,7.0,11.0,5.0,1.0,2.0
2021-06-11,32.49,30.36,34.35,,,,38.27,36.26,40.61,,,,9.1,7.15,11.24,,,,9.57,7.51,11.36,,,,5.64,3.6,7.58,,,,1.16,-0.71,3.28,,,,2.34,0.4,4.22,,,,,,,,,,
2021-06-12,32.48,30.31,34.3,,,,38.26,36.26,40.58,,,,9.12,7.19,11.27,,,,9.58,7.5,11.37,,,,5.64,3.62,7.62,,,,1.16,-0.73,3.25,,,,2.34,0.4,4.2,,,,,,,,,,
2021-06-13,32.46,30.32,34.27,,,,38.25,36.25,40.61,,,,9.13,7.23,11.3,,,,9.6,7.53,11.44,,,,5.64,3.65,7.7,,,,1.16,-0.74,3.23,,,,2.34,0.4,4.19,,,,,,,,,,
2021-06-14,32.44,30.28,34.24,,,,38.24,36.23,40.63,,,,9.15,7.27,11.35,,,,9.61,7.54,11.53,,,,5.64,3.64,7.71,,,,1.16,-0.71,3.22,,,,2.33,0.37,4.17,,,,,,,,,,
2021-06-15,32.42,30.21,34.23,,,,38.23,36.22,40.63,,,,9.17,7.29,11.41,,,,9.62,7.55,11.58,,,,5.64,3.63,7.72,,,,1.16,-0.71,3.2,,,,2.33,0.35,4.16,,,,,,,,,,
2021-06-16,32.4,30.21,34.22,,,,38.22,36.22,40.59,,,,9.19,7.27,11.42,,,,9.63,7.56,11.64,,,,5.64,3.65,7.67,,,,1.16,-0.72,3.19,,,,2.33,0.38,4.17,,,,,,,,,,
2021-06-17,32.38,30.2,34.21,,,,38.21,36.23,40.53,,,,9.2,7.25,11.42,,,,9.65,7.57,11.72,,,,5.64,3.67,7.63,,,,1.16,-0.74,3.18,,,,2.33,0.4,4.16,,,,33.0,41.0,8.0,9.0,6.0,1.0,3.0
2021-06-18,32.36,30.23,34.22,,,,38.2,36.2,40.48,,,,9.22,7.24,11.42,,,,9.66,7.58,11.74,,,,5.63,3.69,7.59,,,,1.16,-0.75,3.17,,,,2.32,0.41,4.17,,,,,,,,,,
2021-06-19,32.33,30.22,34.25,,,,38.2,36.18,40.42,,,,9.24,7.22,11.44,,,,9.67,7.58,11.73,,,,5.63,3.71,7.6,,,,1.16,-0.75,3.18,,,,2.32,0.39,4.18,,,,,,,,,,
2021-06-20,32.31,30.19,34.25,,,,38.19,36.2,40.37,,,,9.26,7.22,11.43,,,,9.68,7.58,11.71,,,,5.63,3.73,7.61,,,,1.16,-0.76,3.21,,,,2.32,0.37,4.19,,,,,,,,,,
2021-06-21,32.28,30.17,34.26,,,,38.18,36.24,40.37,,,,9.28,7.25,11.48,,,,9.69,7.6,11.7,,,,5.63,3.73,7.61,,,,1.16,-0.76,3.24,,,,2.32,0.38,4.19,,,,,,,,,,
2021-06-22,32.25,30.16,34.27,,,,38.18,36.27,40.4,,,,9.29,7.31,11.51,,,,9.7,7.65,11.69,,,,5.63,3.7,7.61,,,,1.16,-0.77,3.26,,,,2.32,0.39,4.19,,,,,,,,,,
2021-06-23,32.22,30.15,34.27,,,,38.18,36.24,40.42,,,,9.31,7.31,11.53,,,,9.71,7.67,11.65,,,,5.63,3.67,7.62,,,,1.16,-0.77,3.29,,,,2.32,0.36,4.19,,,,,,,,,,
2021-06-24,32.19,30.14,34.22,,,,38.18,36.24,40.42,,,,9.33,7.34,11.54,,,,9.73,7.64,11.63,,,,5.63,3.65,7.63,,,,1.16,-0.77,3.32,,,,2.32,0.33,4.19,,,,32.0,33.0,11.0,11.0,7.0,2.0,3.0
2021-06-25,32.15,30.07,34.18,,,,38.18,36.23,40.45,,,,9.35,7.36,11.52,,,,9.74,7.6,11.63,,,,5.63,3.64,7.64,,,,1.17,-0.77,3.35,,,,2.32,0.32,4.23,,,,,,,,,,
2021-06-26,32.12,30.0,34.21,,,,38.18,36.2,40.41,,,,9.36,7.36,11.53,,,,9.75,7.61,11.63,,,,5.63,3.62,7.65,,,,1.17,-0.76,3.38,,,,2.32,0.36,4.21,,,,,,,,,,
2021-06-27,32.08,29.93,34.25,,,,38.18,36.18,40.36,,,,9.38,7.36,11.57,,,,9.76,7.63,11.67,,,,5.63,3.61,7.64,,,,1.17,-0.77,3.4,,,,2.32,0.37,4.21,,,,,,,,,,
2021-06-28,32.04,29.89,34.27,,,,38.18,36.16,40.31,,,,9.4,7.37,11.57,,,,9.77,7.64,11.7,,,,5.63,3.6,7.6,,,,1.17,-0.77,3.42,,,,2.32,0.35,4.21,,,,,,,,,,
2021-06-29,32.0,29.85,34.23,,,,38.19,36.14,40.36,,,,9.41,7.38,11.54,,,,9.78,7.63,11.75,,,,5.63,3.6,7.62,,,,1.17,-0.78,3.45,,,,2.32,0.3,4.2,,,,,,,,,,
2021-06-30,31.96,29.81,34.16,,,,38.19,36.13,40.41,,,,9.43,7.39,11.55,,,,9.79,7.66,11.8,,,,5.63,3.6,7.63,,,,1.17,-0.79,3.44,,,,2.32,0.3,4.19,,,,33.0,38.0,11.0,8.0,5.0,1.0,4.0
2021-07-01,31.91,29.77,34.08,,,,38.2,36.14,40.45,,,,9.45,7.41,11.56,,,,9.8,7.67,11.81,,,,5.63,3.59,7.62,,,,1.17,-0.79,3.41,,,,2.32,0.31,4.13,,,,,,,,,,
2021-07-02,31.87,29.74,34.01,,,,38.21,36.15,40.5,,,,9.46,7.43,11.57,,,,9.81,7.7,11.83,,,,5.63,3.61,7.62,,,,1.17,-0.78,3.38,,,,2.33,0.31,4.08,,,,,,,,,,
2021-07-03,31.82,29.71,33.93,,,,38.22,36.17,40.5,,,,9.48,7.45,11.57,,,,9.82,7.71,11.87,,,,5.63,3.63,7.6,,,,1.17,-0.78,3.37,,,,2.33,0.32,4.03,,,,,,,,,,
2021-07-04,31.78,29.67,33.86,,,,38.23,36.18,40.47,,,,9.49,7.49,11.58,,,,9.83,7.7,11.88,,,,5.63,3.65,7.59,,,,1.17,-0.79,3.42,,,,2.33,0.34,4.02,,,,,,,,,,
2021-07-05,31.73,29.64,33.8,,,,38.24,36.17,40.46,,,,9.51,7.55,11.59,,,,9.84,7.71,11.86,,,,5.63,3.66,7.57,,,,1.17,-0.77,3.44,,,,2.34,0.37,4.01,,,,,,,,,,
2021-07-06,31.68,29.6,33.78,,,,38.26,36.19,40.45,,,,9.52,7.61,11.59,,,,9.85,7.76,11.84,,,,5.63,3.68,7.55,,,,1.17,-0.76,3.43,,,,2.34,0.4,4.03,,,,,,,,,,
2021-07-07,31.63,29.57,33.74,,,,38.27,36.21,40.43,,,,9.54,7.67,11.6,,,,9.86,7.78,11.87,,,,5.64,3.69,7.54,,,,1.17,-0.75,3.42,,,,2.34,0.41,4.05,,,,,,,,,,
2021-07-08,31.57,29.53,33.66,,,,38.29,36.25,40.46,,,,9.55,7.69,11.6,,,,9.86,7.76,11.9,,,,5.64,3.69,7.52,,,,1.17,-0.73,3.41,,,,2.35,0.41,4.07,,,,30.0,37.0,12.0,10.0,6.0,1.0,2.0
2021-07-09,31.52,29.51,33.63,,,,38.3,36.28,40.52,,,,9.57,7.7,11.61,,,,9.87,7.76,11.91,,,,5.64,3.67,7.54,,,,1.17,-0.71,3.4,,,,2.35,0.42,4.1,,,,,,,,,,
2021-07-10,31.47,29.49,33.62,,,,38.32,36.28,40.56,,,,9.58,7.71,11.61,,,,9.88,7.74,11.98,,,,5.64,3.7,7.57,,,,1.17,-0.69,3.4,,,,2.36,0.44,4.11,,,,,,,,,,
2021-07-11,31.41,29.47,33.59,,,,38.34,36.28,40.62,,,,9.59,7.76,11.61,,,,9.89,7.74,12.03,,,,5.64,3.74,7.6,,,,1.17,-0.7,3.39,,,,2.36,0.49,4.14,,,,,,,,,,
2021-07-12,31.35,29.45,33.56,,,,38.36,36.28,40.68,,,,9.61,7.8,11.61,,,,9.9,7.77,12.07,,,,5.64,3.77,7.62,,,,1.17,-0.7,3.39,,,,2.37,0.53,4.16,,,,,,,,,,
2021-07-13,31.3,29.41,33.55,,,,38.38,36.27,40.74,,,,9.62,7.81,11.62,,,,9.9,7.79,12.09,,,,5.65,3.81,7.6,,,,1.17,-0.71,3.4,,,,2.37,0.58,4.19,,,,,,,,,,
2021-07-14,31.24,29.35,33.53,,,,38.4,36.27,40.8,,,,9.63,7.81,11.62,,,,9.91,7.82,12.1,,,,5.65,3.83,7.64,,,,1.17,-0.71,3.42,,,,2.38,0.62,4.21,,,,,,,,,,
2021-07-15,31.18,29.3,33.46,,,,38.42,36.27,40.82,,,,9.65,7.83,11.62,,,,9.92,7.85,12.1,,,,5.65,3.84,7.68,,,,1.17,-0.72,3.43,,,,2.38,0.68,4.21,,,,,,,,,,
2021-07-16,31.13,29.24,33.39,,,,38.44,36.28,40.81,,,,9.66,7.85,11.62,,,,9.93,7.88,12.08,,,,5.65,3.9,7.68,,,,1.17,-0.72,3.43,,,,2.39,0.71,4.24,,,,29.0,42.0,9.0,10.0,5.0,1.0,3.0
2021-07-17,31.07,29.19,33.32,,,,38.47,36.29,40.81,,,,9.67,7.87,11.62,,,,9.93,7.91,12.06,,,,5.65,3.92,7.67,,,,1.17,-0.73,3.39,,,,2.4,0.71,4.28,,,,,,,,,,
2021-07-18,31.01,29.14,33.24,,,,38.49,36.3,40.82,,,,9.68,7.94,11.62,,,,9.94,7.92,12.05,,,,5.66,3.91,7.66,,,,1.17,-0.74,3.41,,,,2.4,0.72,4.32,,,,,,,,,,
2021-07-19,30.95,29.11,33.15,,,,38.51,36.32,40.81,,,,9.69,7.97,11.62,,,,9.95,7.89,12.04,,,,5.66,3.91,7.67,,,,1.17,-0.76,3.43,,,,2.41,0.73,4.35,,,,,,,,,,
2021-07-20,30.89,29.09,33.07,,,,38.54,36.33,40.81,,,,9.7,7.96,11.62,,,,9.95,7.9,12.03,,,,5.66,3.9,7.66,,,,1.18,-0.77,3.42,,,,2.42,0.74,4.38,,,,,,,,,,
2021-07-21,30.83,29.06,32.99,,,,38.56,36.35,40.84,,,,9.71,7.95,11.63,,,,9.96,7.94,12.05,,,,5.66,3.9,7.64,,,,1.18,-0.76,3.39,,,,2.42,0.75,4.41,,,,32.0,37.0,11.0,10.0,6.0,,2.0
2021-07-22,30.77,29.01,32.91,,,,38.59,36.4,40.88,,,,9.72,7.96,11.64,,,,9.97,7.97,12.07,,,,5.67,3.9,7.62,,,,1.18,-0.75,3.41,,,,2.43,0.76,4.44,,,,,,,,,,
2021-07-23,30.71,28.95,32.82,,,,38.61,36.45,40.93,,,,9.73,7.95,11.65,,,,9.97,8.01,12.11,,,,5.67,3.9,7.6,,,,1.18,-0.76,3.44,,,,2.44,0.77,4.43,,,,,,,,,,
2021-07-24,30.65,28.91,32.73,,,,38.63,36.5,40.98,,,,9.74,7.94,11.65,,,,9.98,8.05,12.14,,,,5.67,3.87,7.58,,,,1.18,-0.76,3.46,,,,2.44,0.8,4.43,,,,,,,,,,
2021-07-25,30.6,28.89,32.65,,,,38.66,36.54,40.98,,,,9.75,7.93,11.66,,,,9.99,8.09,12.15,,,,5.68,3.85,7.55,,,,1.18,-0.75,3.43,,,,2.45,0.83,4.41,,,,,,,,,,
2021-07-26,30.54,28.86,32.61,,,,38.68,36.56,40.97,,,,9.76,7.92,11.65,,,,9.99,8.06,12.15,,,,5.68,3.82,7.53,,,,1.18,-0.77,3.39,,,,2.46,0.84,4.38,,,,,,,,,,
2021-07-27,30.48,28.8,32.56,,,,38.71,36.61,40.98,,,,9.77,7.94,11.67,,,,10.0,8.06,12.15,,,,5.68,3.82,7.51,,,,1.19,-0.77,3.34,,,,2.47,0.84,4.36,,,,,,,,,,
2021-07-28,30.42,28.76,32.51,,,,38.73,36.69,40.97,,,,9.77,7.96,11.67,,,,10.01,8.1,12.15,,,,5.69,3.85,7.48,,,,1.19,-0.78,3.34,,,,2.47,0.84,4.39,,,,,,,,,,
2021-07-29,30.36,28.7,32.46,,,,38.76,36.75,40.96,,,,9.78,7.96,11.67,,,,10.01,8.08,12.16,,,,5.69,3.88,7.46,,,,1.19,-0.81,3.35,,,,2.48,0.83,4.41,,,,30.0,40.0,10.0,11.0,5.0,,2.0
2021-07-30,30.3,28.62,32.41,,,,38.78,36.78,40.96,,,,9.79,7.98,11.66,,,,10.02,8.15,12.16,,,,5.69,3.92,7.47,,,,1.19,-0.89,3.4,,,,2.49,0.83,4.39,,,,,,,,,,
2021-07-31,30.25,28.56,32.33,,,,38.8,36.8,40.95,,,,9.8,8.01,11.65,,,,10.03,8.23,12.17,,,,5.7,3.97,7.48,,,,1.19,-0.83,3.46,,,,2.5,0.82,4.38,,,,,,,,,,
2021-08-01,30.19,28.51,32.23,,,,38.83,36.82,40.97,,,,9.8,8.03,11.65,,,,10.03,8.27,12.16,,,,5.7,3.99,7.5,,,,1.19,-0.84,3.51,,,,2.5,0.82,4.36,,,,,,,,,,
2021-08-02,30.13,28.44,32.13,,,,38.85,36.84,40.98,,,,9.81,8.02,11.68,,,,10.04,8.26,12.16,,,,5.7,4.01,7.51,,,,1.19,-0.87,3.55,,,,2.51,0.81,4.33,,,,,,,,,,
2021-08-03,30.07,28.41,32.04,,,,38.88,36.86,41.01,,,,9.82,8.01,11.69,,,,10.05,8.24,12.16,,,,5.71,4.03,7.53,,,,1.19,-0.91,3.6,,,,2.52,0.81,4.33,,,,,,,,,,
2021-08-04,30.02,28.36,31.94,,,,38.9,36.89,41.03,,,,9.82,7.99,11.69,,,,10.06,8.23,12.15,,,,5.71,4.08,7.53,,,,1.19,-0.9,3.61,,,,2.53,0.81,4.34,,,,,,,,,,
2021-08-05,29.96,28.27,31.84,,,,38.92,36.93,41.05,,,,9.83,7.98,11.7,,,,10.07,8.2,12.12,,,,5.71,4.12,7.53,,,,1.19,-0.89,3.61,,,,2.53,0.81,4.34,,,,,,,,,,
2021-08-06,29.91,28.22,31.75,,,,38.94,36.96,41.08,,,,9.83,7.98,11.7,,,,10.07,8.18,12.15,,,,5.72,4.1,7.56,,,,1.2,-0.88,3.59,,,,2.54,0.84,4.34,,,,30.0,40.0,9.0,8.0,6.0,1.0,2.0
2021-08-07,29.85,28.14,31.73,,,,38.97,36.99,41.13,,,,9.84,7.99,11.71,,,,10.08,8.16,12.17,,,,5.72,4.12,7.57,,,,1.2,-0.87,3.56,,,,2.55,0.91,4.34,,,,,,,,,,
2021-08-08,29.79,28.09,31.71,,,,38.99,37.02,41.18,,,,9.84,7.94,11.72,,,,10.09,8.15,12.18,,,,5.72,4.14,7.57,,,,1.2,-0.85,3.55,,,,2.56,0.92,4.34,,,,,,,,,,
2021-08-09,29.74,28.04,31.69,,,,39.01,37.07,41.18,,,,9.84,7.9,11.72,,,,10.1,8.13,12.2,,,,5.73,4.1,7.6,,,,1.2,-0.83,3.55,,,,2.56,0.92,4.36,,,,,,,,,,
2021-08-10,29.69,27.99,31.6,,,,39.03,37.11,41.17,,,,9.85,7.95,11.73,,,,10.11,8.1,12.2,,,,5.73,4.07,7.64,,,,1.2,-0.82,3.53,,,,2.57,0.88,4.37,,,,,,,,,,
2021-08-11,29.63,27.93,31.53,,,,39.05,37.13,41.15,,,,9.85,7.94,11.73,,,,10.13,8.09,12.2,,,,5.73,4.04,7.68,,,,1.2,-0.81,3.51,,,,2.58,0.87,4.38,,,,,,,,,,
2021-08-12,29.58,27.83,31.53,,,,39.07,37.16,41.17,,,,9.85,7.94,11.74,,,,10.14,8.14,12.21,,,,5.74,4.07,7.7,,,,1.2,-0.8,3.48,,,,2.58,0.9,4.4,,,,29.0,37.0,11.0,9.0,7.0,2.0,2.0
2021-08-13,29.53,27.74,31.53,,,,39.09,37.23,41.2,,,,9.85,7.97,11.74,,,,10.15,8.14,12.22,,,,5.74,4.1,7.72,,,,1.2,-0.81,3.46,,,,2.59,0.93,4.41,,,,,,,,,,
2021-08-14,29.48,27.68,31.53,,,,39.12,37.24,41.21,,,,9.85,7.99,11.75,,,,10.16,8.12,12.2,,,,5.74,4.13,7.72,,,,1.2,-0.8,3.43,,,,2.6,0.91,4.42,,,,,,,,,,
2021-08-15,29.42,27.64,31.53,,,,39.14,37.26,41.19,,,,9.85,8.02,11.75,,,,10.17,8.11,12.25,,,,5.75,4.11,7.7,,,,1.2,-0.79,3.45,,,,2.6,0.9,4.45,,,,,,,,,,
2021-08-16,29.37,27.6,31.53,,,,39.16,37.28,41.17,,,,9.85,8.03,11.75,,,,10.19,8.1,12.26,,,,5.75,4.09,7.69,,,,1.2,-0.82,3.49,,,,2.61,0.9,4.47,,,,,,,,,,
2021-08-17,29.32,27.57,31.53,,,,39.18,37.29,41.18,,,,9.85,8.04,11.76,,,,10.2,8.09,12.3,,,,5.75,4.07,7.67,,,,1.2,-0.83,3.5,,,,2.62,0.93,4.52,,,,,,,,,,
2021-08-18,29.27,27.52,31.49,,,,39.2,37.28,41.2,,,,9.84,8.02,11.76,,,,10.22,8.13,12.33,,,,5.75,4.08,7.65,,,,1.2,-0.85,3.52,,,,2.62,0.96,4.53,,,,29.0,40.0,11.0,8.0,6.0,1.0,3.0
2021-08-19,29.23,27.5,31.44,,,,39.21,37.26,41.23,,,,9.84,7.99,11.75,,,,10.23,8.18,12.37,,,,5.76,4.08,7.64,,,,1.2,-0.87,3.54,,,,2.63,0.98,4.54,,,,,,,,,,
2021-08-20,29.18,27.47,31.38,,,,39.23,37.25,41.26,,,,9.83,7.98,11.74,,,,10.25,8.23,12.41,,,,5.76,4.08,7.63,,,,1.2,-0.92,3.55,,,,2.64,1.01,4.5,,,,,,,,,,
2021-08-21,29.13,27.45,31.25,,,,39.25,37.24,41.36,,,,9.83,7.99,11.72,,,,10.26,8.28,12.45,,,,5.76,4.08,7.61,,,,1.19,-0.92,3.56,,,,2.65,1.02,4.47,,,,,,,,,,
2021-08-22,29.08,27.43,31.13,,,,39.27,37.25,41.42,,,,9.82,8.0,11.68,,,,10.28,8.34,12.45,,,,5.76,4.08,7.63,,,,1.19,-0.96,3.59,,,,2.65,1.02,4.45,,,,,,,,,,
2021-08-23,29.04,27.41,30.99,,,,39.29,37.28,41.45,,,,9.81,8.01,11.64,,,,10.3,8.39,12.44,,,,5.76,4.08,7.68,,,,1.19,-1.0,3.6,,,,2.66,1.01,4.47,,,,,,,,,,
2021-08-24,29.0,27.39,30.92,,,,39.31,37.31,41.46,,,,9.8,7.97,11.59,,,,10.31,8.45,12.44,,,,5.76,4.08,7.66,,,,1.19,-1.02,3.57,,,,2.67,1.03,4.49,,,,,,,,,,
2021-08-25,28.95,27.32,30.87,,,,39.33,37.34,41.47,,,,9.79,8.03,11.55,,,,10.33,8.46,12.47,,,,5.76,4.08,7.65,,,,1.19,-1.03,3.54,,,,2.67,1.02,4.52,,,,,,,,,,
2021-08-26,28.91,27.25,30.81,,,,39.35,37.38,41.49,,,,9.78,8.04,11.52,,,,10.35,8.47,12.5,,,,5.77,4.09,7.65,,,,1.19,-1.05,3.52,,,,2.68,1.02,4.52,,,,29.0,38.0,10.0,12.0,3.0,1.0,2.0
2021-08-27,28.87,27.18,30.77,,,,39.37,37.41,41.5,,,,9.77,8.04,11.48,,,,10.37,8.48,12.53,,,,5.77,4.12,7.66,,,,1.19,-1.07,3.5,,,,2.69,1.03,4.5,,,,,,,,,,
2021-08-28,28.83,27.11,30.74,,,,39.39,37.42,41.52,,,,9.76,8.05,11.47,,,,10.39,8.5,12.56,,,,5.77,4.15,7.64,,,,1.19,-1.09,3.48,,,,2.7,1.03,4.51,,,,,,,,,,
2021-08-29,28.79,27.05,30.7,,,,39.41,37.43,41.53,,,,9.74,8.06,11.43,,,,10.41,8.52,12.57,,,,5.77,4.18,7.66,,,,1.19,-1.11,3.5,,,,2.71,1.04,4.52,,,,,,,,,,
2021-08-30,28.75,26.98,30.66,,,,39.43,37.45,41.51,,,,9.73,8.05,11.38,,,,10.43,8.54,12.58,,,,5.76,4.15,7.68,,,,1.18,-1.09,3.54,,,,2.72,1.07,4.53,,,,,,,,,,
2021-08-31,28.71,26.92,30.61,,,,39.45,37.48,41.53,,,,9.71,8.07,11.34,,,,10.45,8.59,12.54,,,,5.76,4.16,7.7,,,,1.18,-1.08,3.58,,,,2.72,1.07,4.51,,,,,,,,,,
2021-09-01,28.68,26.85,30.6,,,,39.46,37.49,41.55,,,,9.7,8.11,11.29,,,,10.47,8.59,12.49,,,,5.76,4.17,7.71,,,,1.18,-1.1,3.61,,,,2.73,1.11,4.53,,,,,,,,,,
2021-09-02,28.64,26.8,30.56,,,,39.48,37.51,41.55,,,,9.68,8.12,11.35,,,,10.49,8.62,12.59,,,,5.76,4.17,7.72,,,,1.18,-1.12,3.64,,,,2.74,1.11,4.54,,,,,,,,,,
2021-09-03,28.61,26.77,30.53,,,,39.5,37.52,41.55,,,,9.66,8.07,11.35,,,,10.52,8.65,12.6,,,,5.76,4.21,7.73,,,,1.18,-1.14,3.68,,,,2.75,1.12,4.55,,,,29.0,39.0,7.0,13.0,8.0,,2.0
2021-09-04,28.57,26.74,30.51,,,,39.52,37.53,41.55,,,,9.64,8.0,11.31,,,,10.54,8.66,12.61,,,,5.76,4.18,7.74,,,,1.18,-1.15,3.69,,,,2.77,1.14,4.55,,,,,,,,,,
2021-09-05,28.54,26.71,30.5,,,,39.54,37.56,41.55,,,,9.63,7.94,11.28,,,,10.56,8.65,12.63,,,,5.76,4.12,7.75,,,,1.17,-1.17,3.68,,,,2.78,1.16,4.55,,,,,,,,,,
2021-09-06,28.51,26.68,30.51,,,,39.56,37.6,41.55,,,,9.61,7.9,11.25,,,,10.58,8.67,12.69,,,,5.76,4.05,7.75,,,,1.17,-1.18,3.67,,,,2.79,1.18,4.56,,,,,,,,,,
2021-09-07,28.48,26.65,30.48,,,,39.57,37.64,41.55,,,,9.59,7.9,11.23,,,,10.61,8.65,12.75,,,,5.75,4.01,7.75,,,,1.17,-1.18,3.65,,,,2.8,1.16,4.56,,,,,,,,,,
2021-09-08,28.45,26.63,30.47,,,,39.59,37.68,41.54,,,,9.57,7.89,11.23,,,,10.63,8.68,12.81,,,,5.75,4.06,7.73,,,,1.17,-1.18,3.65,,,,2.81,1.16,4.58,,,,,,,,,,
2021-09-09,28.42,26.64,30.46,,,,39.61,37.73,41.53,,,,9.55,7.89,11.24,,,,10.65,8.72,12.86,,,,5.75,4.06,7.73,,,,1.17,-1.19,3.63,,,,2.83,1.19,4.59,,,,26.0,42.0,11.0,10.0,4.0,,3.0
2021-09-10,28.39,26.64,30.45,,,,39.62,37.76,41.53,,,,9.53,7.89,11.25,,,,10.68,8.76,12.91,,,,5.75,4.03,7.72,,,,1.17,-1.22,3.62,,,,2.84,1.16,4.61,,,,,,,,,,
2021-09-11,28.36,26.63,30.45,,,,39.64,37.75,41.52,,,,9.51,7.89,11.22,,,,10.7,8.76,12.97,,,,5.75,3.99,7.71,,,,1.16,-1.21,3.6,,,,2.85,1.12,4.62,,,,,,,,,,
2021-09-12,28.33,26.56,30.43,,,,39.65,37.74,41.49,,,,9.49,7.85,11.19,,,,10.72,8.79,12.98,,,,5.75,4.01,7.7,,,,1.16,-1.16,3.61,,,,2.87,1.1,4.64,,,,,,,,,,
2021-09-13,28.3,26.53,30.4,,,,39.67,37.71,41.46,,,,9.47,7.8,11.15,,,,10.75,8.82,12.99,,,,5.74,4.0,7.68,,,,1.16,-1.14,3.64,,,,2.88,1.12,4.65,,,,,,,,,,
2021-09-14,28.28,26.51,30.37,,,,39.68,37.74,41.47,,,,9.45,7.75,11.12,,,,10.77,8.84,13.0,,,,5.74,3.98,7.66,,,,1.16,-1.13,3.67,,,,2.9,1.09,4.65,,,,,,,,,,
2021-09-15,28.25,26.45,30.34,,,,39.7,37.77,41.47,,,,9.43,7.7,11.09,,,,10.79,8.87,13.01,,,,5.74,4.01,7.64,,,,1.16,-1.12,3.7,,,,2.92,1.07,4.65,,,,,,,,,,
2021-09-16,28.22,26.32,30.29,,,,39.71,37.8,41.46,,,,9.41,7.65,11.06,,,,10.81,8.89,13.01,,,,5.74,4.04,7.63,,,,1.16,-1.1,3.71,,,,2.93,1.05,4.65,,,,27.0,41.0,8.0,12.0,7.0,1.0,3.0
2021-09-17,28.2,26.25,30.24,,,,39.72,37.82,41.46,,,,9.39,7.6,11.03,,,,10.84,8.91,13.0,,,,5.74,4.06,7.61,,,,1.16,-1.08,3.72,,,,2.95,1.03,4.65,,,,,,,,,,
2021-09-18,28.17,26.19,30.18,,,,39.74,37.81,41.46,,,,9.37,7.56,11.0,,,,10.86,8.95,13.0,,,,5.73,4.08,7.59,,,,1.16,-1.05,3.72,,,,2.97,1.01,4.65,,,,,,,,,,
2021-09-19,28.14,26.14,30.13,,,,39.75,37.81,41.48,,,,9.36,7.51,10.97,,,,10.88,8.99,13.0,,,,5.73,4.11,7.57,,,,1.16,-1.05,3.72,,,,2.99,1.01,4.64,,,,,,,,,,
2021-09-20,28.12,26.09,30.08,,,,39.76,37.8,41.49,,,,9.34,7.46,10.94,,,,10.9,9.03,12.99,,,,5.73,4.08,7.55,,,,1.16,-1.04,3.73,,,,3.0,1.02,4.66,,,,,,,,,,
2021-09-21,28.09,26.06,30.03,,,,39.78,37.81,41.53,,,,9.32,7.38,10.92,,,,10.92,9.04,12.98,,,,5.73,4.04,7.53,,,,1.15,-1.03,3.73,,,,3.02,1.03,4.7,,,,,,,,,,
2021-09-22,28.06,26.04,30.0,,,,39.79,37.8,41.59,,,,9.31,7.3,10.89,,,,10.94,9.03,12.97,,,,5.72,4.0,7.52,,,,1.15,-1.01,3.73,,,,3.04,1.03,4.74,,,,,,,,,,
2021-09-23,28.03,26.03,29.98,,,,39.81,37.78,41.64,,,,9.29,7.3,10.87,,,,10.96,9.09,12.96,,,,5.72,3.98,7.51,,,,1.15,-1.02,3.73,,,,3.07,1.05,4.77,,,,30.0,43.0,10.0,8.0,5.0,1.0,2.0
2021-09-24,28.0,25.99,29.96,,,,39.82,37.81,41.69,,,,9.28,7.24,10.87,,,,10.98,9.14,12.95,,,,5.72,3.95,7.49,,,,1.15,-1.08,3.73,,,,3.09,1.07,4.81,,,,,,,,,,
2021-09-25,27.97,25.95,29.94,,,,39.84,37.84,41.73,,,,9.27,7.18,10.85,,,,11.0,9.19,12.94,,,,5.72,3.93,7.49,,,,1.15,-1.08,3.73,,,,3.11,1.14,4.85,,,,,,,,,,
2021-09-26,27.94,25.88,29.92,,,,39.86,37.86,41.78,,,,9.26,7.13,10.83,,,,11.01,9.22,12.94,,,,5.72,3.97,7.49,,,,1.15,-1.08,3.7,,,,3.13,1.21,4.89,,,,,,,,,,
2021-09-27,27.91,25.79,29.88,,,,39.88,37.89,41.83,,,,9.25,7.11,10.83,,,,11.03,9.21,13.01,,,,5.71,3.94,7.49,,,,1.15,-1.09,3.67,,,,3.15,1.27,4.93,,,,,,,,,,
2021-09-28,27.87,25.71,29.84,,,,39.9,37.91,41.88,,,,9.24,7.12,10.83,,,,11.05,9.21,13.06,,,,5.71,3.94,7.49,,,,1.15,-1.12,3.64,,,,3.18,1.28,4.97,,,,,,,,,,
2021-09-29,27.84,25.65,29.81,,,,39.92,37.93,41.88,,,,9.23,7.11,10.82,,,,11.06,9.21,13.09,,,,5.71,3.94,7.49,,,,1.15,-1.08,3.62,,,,3.2,1.29,5.0,,,,28.0,36.0,11.0,10.0,6.0,2.0,4.0
2021-09-30,27.8,25.62,29.79,,,,39.94,37.97,41.88,,,,9.22,7.07,10.81,,,,11.08,9.2,13.08,,,,5.71,3.91,7.5,,,,1.15,-1.06,3.61,,,,3.22,1.3,5.03,,,,,,,,,,
2021-10-01,27.77,25.59,29.75,,,,39.96,37.99,41.87,,,,9.21,7.06,10.8,,,,11.09,9.2,13.05,,,,5.7,3.87,7.51,,,,1.15,-1.04,3.62,,,,3.24,1.32,5.07,,,,,,,,,,
2021-10-02,27.73,25.56,29.68,,,,39.99,37.99,41.87,,,,9.2,7.05,10.79,,,,11.1,9.2,13.03,,,,5.7,3.85,7.52,,,,1.15,-1.03,3.61,,,,3.27,1.32,5.1,,,,,,,,,,
2021-10-03,27.69,25.52,29.63,,,,40.01,38.02,41.87,,,,9.2,7.04,10.78,,,,11.12,9.21,13.02,,,,5.7,3.86,7.53,,,,1.15,-1.02,3.62,,,,3.29,1.35,5.12,,,,,,,,,,
2021-10-04,27.65,25.49,29.59,,,,40.03,38.05,41.89,,,,9.19,7.04,10.77,,,,11.13,9.23,13.04,,,,5.7,3.87,7.53,,,,1.15,-1.02,3.64,,,,3.32,1.4,5.15,,,,,,,,,,
2021-10-05,27.61,25.46,29.54,,,,40.06,38.09,41.93,,,,9.19,7.03,10.76,,,,11.14,9.26,13.08,,,,5.7,3.86,7.54,,,,1.15,-1.03,3.64,,,,3.34,1.41,5.18,,,,,,,,,,
2021-10-06,27.57,25.42,29.5,,,,40.08,38.15,41.96,,,,9.19,7.03,10.74,,,,11.15,9.28,13.08,,,,5.7,3.84,7.54,,,,1.15,-1.05,3.63,,,,3.36,1.41,5.21,,,,26.0,38.0,9.0,13.0,7.0,1.0,4.0
2021-10-07,27.53,25.39,29.45,,,,40.11,38.2,41.97,,,,9.18,7.04,10.75,,,,11.16,9.3,13.1,,,,5.7,3.83,7.54,,,,1.15,-1.06,3.64,,,,3.39,1.41,5.19,,,,,,,,,,
2021-10-08,27.48,25.36,29.41,,,,40.14,38.2,41.98,,,,9.18,7.05,10.75,,,,11.17,9.33,13.11,,,,5.7,3.84,7.54,,,,1.15,-1.07,3.65,,,,3.41,1.39,5.16,,,,,,,,,,
2021-10-09,27.44,25.33,29.37,,,,40.16,38.23,41.98,,,,9.18,7.08,10.73,,,,11.18,9.35,13.13,,,,5.7,3.84,7.53,,,,1.15,-1.08,3.65,,,,3.43,1.41,5.17,,,,,,,,,,
2021-10-10,27.4,25.31,29.38,,,,40.19,38.27,42.01,,,,9.18,7.1,10.74,,,,11.19,9.36,13.13,,,,5.69,3.85,7.53,,,,1.14,-1.09,3.65,,,,3.46,1.45,5.19,,,,,,,,,,
2021-10-11,27.36,25.27,29.36,,,,40.22,38.3,42.03,,,,9.18,7.12,10.75,,,,11.2,9.38,13.13,,,,5.69,3.87,7.52,,,,1.14,-1.1,3.65,,,,3.48,1.49,5.2,,,,,,,,,,
2021-10-12,27.31,25.19,29.31,,,,40.25,38.34,42.04,,,,9.18,7.15,10.76,,,,11.21,9.4,13.13,,,,5.69,3.88,7.51,,,,1.14,-1.11,3.64,,,,3.5,1.53,5.19,,,,,,,,,,
2021-10-13,27.27,25.18,29.24,,,,40.28,38.32,42.06,,,,9.18,7.14,10.77,,,,11.22,9.38,13.13,,,,5.69,3.88,7.49,,,,1.14,-1.11,3.62,,,,3.52,1.57,5.19,,,,28.0,41.0,9.0,10.0,6.0,1.0,3.0
2021-10-14,27.22,25.18,29.24,,,,40.31,38.32,42.09,,,,9.18,7.14,10.77,,,,11.22,9.39,13.11,,,,5.69,3.88,7.48,,,,1.14,-1.12,3.61,,,,3.55,1.61,5.18,,,,,,,,,,
2021-10-15,27.18,25.16,29.26,,,,40.34,38.3,42.19,,,,9.19,7.17,10.79,,,,11.23,9.4,13.09,,,,5.69,3.88,7.46,,,,1.14,-1.12,3.6,,,,3.57,1.65,5.18,,,,,,,,,,
2021-10-16,27.13,25.12,29.26,,,,40.36,38.38,42.26,,,,9.19,7.19,10.83,,,,11.23,9.42,13.11,,,,5.69,3.88,7.49,,,,1.14,-1.14,3.59,,,,3.59,1.69,5.23,,,,,,,,,,
2021-10-17,27.09,25.01,29.21,,,,40.39,38.4,42.26,,,,9.19,7.2,10.84,,,,11.24,9.42,13.15,,,,5.69,3.88,7.54,,,,1.14,-1.14,3.65,,,,3.61,1.69,5.28,,,,,,,,,,
2021-10-18,27.04,24.97,29.17,,,,40.43,38.4,42.24,,,,9.2,7.18,10.86,,,,11.24,9.44,13.17,,,,5.7,3.89,7.6,,,,1.14,-1.14,3.69,,,,3.63,1.68,5.34,,,,,,,,,,
2021-10-19,26.99,24.92,29.12,,,,40.46,38.42,42.31,,,,9.2,7.15,10.87,,,,11.25,9.46,13.15,,,,5.7,3.91,7.57,,,,1.14,-1.13,3.69,,,,3.65,1.72,5.39,,,,,,,,,,
2021-10-20,26.94,24.89,29.06,,,,40.49,38.41,42.38,,,,9.21,7.12,10.9,,,,11.25,9.46,13.15,,,,5.7,3.9,7.54,,,,1.14,-1.13,3.69,,,,3.67,1.75,5.45,,,,,,,,,,
2021-10-21,26.89,24.79,29.01,,,,40.52,38.41,42.45,,,,9.22,7.13,10.92,,,,11.25,9.43,13.15,,,,5.7,3.89,7.51,,,,1.14,-1.14,3.69,,,,3.69,1.78,5.46,,,,26.0,41.0,9.0,13.0,6.0,1.0,4.0
2021-10-22,26.84,24.65,28.95,,,,40.56,38.41,42.49,,,,9.22,7.13,10.94,,,,11.25,9.4,13.15,,,,5.7,3.9,7.48,,,,1.14,-1.15,3.72,,,,3.72,1.81,5.43,,,,,,,,,,
2021-10-23,26.79,24.53,28.9,,,,40.59,38.44,42.53,,,,9.23,7.14,10.94,,,,11.25,9.36,13.16,,,,5.7,3.9,7.44,,,,1.14,-1.18,3.71,,,,3.74,1.8,5.39,,,,,,,,,,
2021-10-24,26.74,24.48,28.85,,,,40.63,38.49,42.56,,,,9.24,7.14,10.96,,,,11.24,9.36,13.19,,,,5.7,3.9,7.41,,,,1.14,-1.15,3.69,,,,3.76,1.81,5.36,,,,,,,,,,
2021-10-25,26.69,24.44,28.76,,,,40.67,38.54,42.6,,,,9.25,7.13,10.97,,,,11.24,9.35,13.22,,,,5.7,3.91,7.44,,,,1.14,-1.13,3.72,,,,3.77,1.8,5.35,,,,,,,,,,
2021-10-26,26.63,24.4,28.69,,,,40.7,38.58,42.63,,,,9.27,7.1,10.99,,,,11.24,9.3,13.25,,,,5.7,3.91,7.47,,,,1.14,-1.1,3.76,,,,3.79,1.86,5.41,,,,,,,,,,
2021-10-27,26.58,24.36,28.62,,,,40.74,38.63,42.67,,,,9.28,7.11,11.0,,,,11.23,9.25,13.27,,,,5.7,3.89,7.49,,,,1.14,-1.09,3.76,,,,3.81,1.88,5.47,,,,,,,,,,
2021-10-28,26.52,24.32,28.54,,,,40.79,38.68,42.71,,,,9.29,7.1,11.01,,,,11.22,9.21,13.29,,,,5.7,3.88,7.51,,,,1.14,-1.08,3.72,,,,3.83,1.87,5.52,,,,28.0,39.0,9.0,12.0,5.0,1.0,2.0
2021-10-29,26.46,24.27,28.49,,,,40.83,38.7,42.8,,,,9.31,7.11,11.02,,,,11.22,9.17,13.3,,,,5.7,3.86,7.49,,,,1.14,-1.07,3.68,,,,3.85,1.86,5.58,,,,,,,,,,
2021-10-30,26.4,24.19,28.45,,,,40.87,38.73,42.95,,,,9.32,7.14,11.04,,,,11.21,9.15,13.32,,,,5.7,3.82,7.47,,,,1.14,-1.06,3.64,,,,3.87,1.89,5.59,,,,,,,,,,
2021-10-31,26.34,24.09,28.41,,,,40.92,38.77,43.04,,,,9.34,7.13,11.07,,,,11.2,9.12,13.33,,,,5.69,3.79,7.45,,,,1.14,-1.04,3.61,,,,3.89,1.93,5.6,,,,,,,,,,
2021-11-01,26.28,24.03,28.36,,,,40.96,38.82,43.08,,,,9.35,7.1,11.1,,,,11.18,9.1,13.35,,,,5.69,3.75,7.44,,,,1.14,-1.02,3.59,,,,3.9,1.95,5.61,,,,,,,,,,
2021-11-02,26.22,23.99,28.28,,,,41.01,38.87,43.13,,,,9.37,7.08,11.09,,,,11.17,9.08,13.35,,,,5.69,3.72,7.46,,,,1.14,-1.01,3.57,,,,3.92,1.93,5.62,,,,,,,,,,
2021-11-03,26.16,23.95,28.2,,,,41.06,38.9,43.2,,,,9.39,7.14,11.14,,,,11.16,9.06,13.36,,,,5.69,3.68,7.46,,,,1.14,-0.99,3.57,,,,3.94,1.95,5.66,,,,,,,,,,
2021-11-04,26.09,23.92,28.13,,,,41.11,38.93,43.32,,,,9.4,7.21,11.18,,,,11.14,9.04,13.35,,,,5.69,3.66,7.47,,,,1.14,-0.98,3.57,,,,3.95,1.95,5.69,,,,26.0,41.0,7.0,14.0,5.0,1.0,5.0
2021-11-05,26.03,23.88,28.05,,,,41.16,38.96,43.37,,,,9.42,7.27,11.22,,,,11.13,9.02,13.35,,,,5.69,3.66,7.48,,,,1.14,-0.96,3.55,,,,3.97,1.95,5.72,,,,,,,,,,
2021-11-06,25.96,23.83,27.97,,,,41.21,39.0,43.4,,,,9.44,7.28,11.25,,,,11.11,8.97,13.35,,,,5.69,3.63,7.47,,,,1.14,-0.95,3.5,,,,3.98,1.98,5.75,,,,,,,,,,
2021-11-07,25.9,23.78,27.89,,,,41.27,39.05,43.41,,,,9.46,7.29,11.29,,,,11.1,8.94,13.35,,,,5.68,3.63,7.49,,,,1.14,-0.94,3.45,,,,3.99,2.01,5.78,,,,,,,,,,
2021-11-08,25.83,23.66,27.81,,,,41.32,39.13,43.43,,,,9.48,7.31,11.32,,,,11.08,8.98,13.34,,,,5.68,3.64,7.5,,,,1.14,-0.93,3.42,,,,4.01,2.04,5.8,,,,,,,,,,
2021-11-09,25.76,23.55,27.73,,,,41.38,39.22,43.48,,,,9.5,7.32,11.37,,,,11.06,8.99,13.3,,,,5.68,3.65,7.52,,,,1.14,-0.91,3.39,,,,4.02,2.07,5.82,,,,,,,,,,
2021-11-10,25.69,23.45,27.64,,,,41.44,39.25,43.51,,,,9.52,7.33,11.4,,,,11.04,8.98,13.23,,,,5.68,3.67,7.56,,,,1.14,-0.91,3.36,,,,4.03,2.1,5.84,,,,,,,,,,
2021-11-11,25.63,23.35,27.61,,,,41.49,39.28,43.54,,,,9.54,7.34,11.42,,,,11.02,8.98,13.19,,,,5.67,3.64,7.56,,,,1.14,-0.9,3.33,,,,4.05,2.09,5.82,,,,28.0,42.0,8.0,11.0,6.0,1.0,4.0
2021-11-12,25.56,23.26,27.54,,,,41.55,39.31,43.57,,,,9.56,7.36,11.46,,,,11.01,8.97,13.13,,,,5.67,3.6,7.53,,,,1.14,-0.88,3.31,,,,4.06,2.06,5.81,,,,,,,,,,
2021-11-13,25.49,23.23,27.47,,,,41.62,39.34,43.6,,,,9.58,7.34,11.49,,,,10.99,8.97,13.07,,,,5.67,3.6,7.52,,,,1.14,-0.87,3.31,,,,4.07,2.07,5.8,,,,,,,,,,
2021-11-14,25.42,23.17,27.44,,,,41.68,39.4,43.63,,,,9.61,7.39,11.53,,,,10.97,8.91,13.01,,,,5.67,3.6,7.52,,,,1.14,-0.86,3.31,,,,4.08,2.1,5.79,,,,,,,,,,
2021-11-15,25.35,23.07,27.35,,,,41.74,39.49,43.66,,,,9.63,7.39,11.57,,,,10.94,8.91,12.98,,,,5.66,3.57,7.53,,,,1.14,-0.85,3.31,,,,4.09,2.12,5.81,,,,,,,,,,
2021-11-16,25.28,22.95,27.23,,,,41.8,39.59,43.69,,,,9.65,7.4,11.61,,,,10.92,8.9,12.88,,,,5.66,3.53,7.53,,,,1.14,-0.82,3.31,,,,4.1,2.12,5.84,,,,,,,,,,
2021-11-17,25.21,22.89,27.19,,,,41.87,39.63,43.72,,,,9.67,7.41,11.61,,,,10.9,8.86,12.81,,,,5.66,3.49,7.53,,,,1.14,-0.78,3.31,,,,4.11,2.13,5.85,,,,,,,,,,
2021-11-18,25.14,22.8,27.16,,,,41.93,39.67,43.75,,,,9.69,7.43,11.59,,,,10.88,8.83,12.75,,,,5.65,3.45,7.55,,,,1.14,-0.77,3.33,,,,4.11,2.13,5.84,,,,30.0,39.0,6.0,14.0,4.0,1.0,5.0
2021-11-19,25.07,22.72,27.12,,,,42.0,39.72,43.8,,,,9.71,7.45,11.58,,,,10.86,8.81,12.7,,,,5.65,3.41,7.58,,,,1.14,-0.72,3.33,,,,4.12,2.13,5.86,,,,,,,,,,
2021-11-20,25.01,22.63,27.04,,,,42.06,39.76,43.82,,,,9.73,7.46,11.56,,,,10.84,8.76,12.69,,,,5.64,3.47,7.53,,,,1.14,-0.67,3.33,,,,4.13,2.12,5.85,,,,,,,,,,
2021-11-21,24.94,22.56,26.95,,,,42.13,39.81,43.88,,,,9.76,7.48,11.54,,,,10.82,8.73,12.68,,,,5.64,3.44,7.52,,,,1.14,-0.62,3.34,,,,4.13,2.12,5.81,,,,,,,,,,
2021-11-22,24.87,22.5,26.86,,,,42.2,39.86,43.96,,,,9.78,7.49,11.56,,,,10.8,8.79,12.67,,,,5.64,3.41,7.46,,,,1.14,-0.6,3.37,,,,4.14,2.12,5.84,,,,,,,,,,
2021-11-23,24.8,22.49,26.83,,,,42.26,39.9,44.03,,,,9.8,7.5,11.59,,,,10.77,8.82,12.66,,,,5.63,3.38,7.39,,,,1.14,-0.62,3.37,,,,4.15,2.11,5.86,,,,,,,,,,
2021-11-24,24.73,22.47,26.8,,,,42.33,40.01,44.11,,,,9.82,7.52,11.62,,,,10.75,8.78,12.67,,,,5.63,3.37,7.36,,,,1.14,-0.66,3.39,,,,4.15,2.1,5.89,,,,,,,,,,
2021-11-25,24.67,22.44,26.78,,,,42.4,40.13,44.18,,,,9.84,7.54,11.65,,,,10.73,8.72,12.67,,,,5.63,3.38,7.35,,,,1.14,-0.65,3.35,,,,4.15,2.1,5.92,,,,26.0,41.0,9.0,10.0,6.0,1.0,5.0
2021-11-26,24.6,22.34,26.75,,,,42.47,40.27,44.25,,,,9.86,7.59,11.67,,,,10.7,8.69,12.68,,,,5.62,3.38,7.34,,,,1.14,-0.63,3.35,,,,4.16,2.09,5.94,,,,,,,,,,
2021-11-27,24.54,22.25,26.72,,,,42.54,40.34,44.32,,,,9.88,7.66,11.7,,,,10.68,8.68,12.64,,,,5.62,3.39,7.33,,,,1.14,-0.63,3.35,,,,4.16,2.09,5.88,,,,,,,,,,
2021-11-28,24.47,22.19,26.69,,,,42.61,40.38,44.41,,,,9.9,7.69,11.73,,,,10.66,8.65,12.59,,,,5.61,3.39,7.31,,,,1.14,-0.64,3.35,,,,4.16,2.11,5.89,,,,,,,,,,
2021-11-29,24.41,22.16,26.66,,,,42.67,40.43,44.54,,,,9.92,7.68,11.76,,,,10.63,8.6,12.53,,,,5.61,3.4,7.31,,,,1.14,-0.6,3.35,,,,4.17,2.12,5.87,,,,,,,,,,
2021-11-30,24.35,22.0,26.65,,,,42.74,40.47,44.61,,,,9.94,7.68,11.78,,,,10.61,8.55,12.5,,,,5.61,3.41,7.33,,,,1.14,-0.61,3.35,,,,4.17,2.14,5.88,,,,,,,,,,
2021-12-01,24.29,21.93,26.66,,,,42.81,40.52,44.7,,,,9.96,7.69,11.81,,,,10.58,8.5,12.48,,,,5.6,3.42,7.35,,,,1.14,-0.63,3.35,,,,4.17,2.15,5.85,,,,,,,,,,
2021-12-02,24.22,21.89,26.58,,,,42.88,40.56,44.79,,,,9.98,7.69,11.81,,,,10.56,8.47,12.45,,,,5.6,3.43,7.36,,,,1.14,-0.64,3.35,,,,4.17,2.15,5.83,,,,29.0,36.0,12.0,11.0,6.0,2.0,4.0
2021-12-03,24.16,21.86,26.56,,,,42.95,40.61,44.86,,,,10.0,7.69,11.77,,,,10.53,8.45,12.42,,,,5.59,3.42,7.37,,,,1.14,-0.63,3.34,,,,4.17,2.16,5.8,,,,,,,,,,
2021-12-04,24.1,21.83,26.53,,,,43.02,40.66,44.96,,,,10.03,7.71,11.75,,,,10.5,8.43,12.4,,,,5.59,3.41,7.39,,,,1.14,-0.61,3.34,,,,4.18,2.16,5.79,,,,,,,,,,
2021-12-05,24.04,21.76,26.51,,,,43.09,40.71,45.06,,,,10.05,7.74,11.77,,,,10.48,8.41,12.4,,,,5.58,3.42,7.41,,,,1.14,-0.62,3.34,,,,4.18,2.15,5.82,,,,,,,,,,
2021-12-06,23.99,21.7,26.48,,,,43.17,40.77,45.15,,,,10.07,7.76,11.79,,,,10.45,8.39,12.39,,,,5.58,3.42,7.41,,,,1.14,-0.65,3.33,,,,4.18,2.13,5.84,,,,,,,,,,
2021-12-07,23.93,21.64,26.45,,,,43.24,40.82,45.25,,,,10.09,7.79,11.81,,,,10.42,8.37,12.39,,,,5.58,3.4,7.4,,,,1.14,-0.62,3.3,,,,4.18,2.12,5.87,,,,,,,,,,
2021-12-08,23.87,21.59,26.4,,,,43.31,40.89,45.31,,,,10.11,7.82,11.83,,,,10.39,8.36,12.4,,,,5.57,3.38,7.39,,,,1.14,-0.57,3.33,,,,4.18,2.1,5.89,,,,,,,,,,
2021-12-09,23.81,21.53,26.35,,,,43.38,40.99,45.38,,,,10.13,7.85,11.85,,,,10.37,8.32,12.39,,,,5.57,3.37,7.38,,,,1.14,-0.53,3.32,,,,4.18,2.09,5.9,,,,20.0,45.0,12.0,9.0,7.0,1.0,5.0
2021-12-10,23.76,21.49,26.29,,,,43.45,41.08,45.43,,,,10.14,7.88,11.93,,,,10.34,8.28,12.38,,,,5.56,3.41,7.37,,,,1.14,-0.52,3.33,,,,4.18,2.07,5.88,,,,24.0,45.0,8.0,11.0,4.0,,6.0
2021-12-11,23.7,21.46,26.25,,,,43.52,41.13,45.5,,,,10.16,7.94,11.99,,,,10.31,8.23,12.36,,,,5.56,3.42,7.36,,,,1.14,-0.54,3.32,,,,4.18,2.06,5.87,,,,,,,,,,
2021-12-12,23.65,21.44,26.2,,,,43.59,41.16,45.56,,,,10.18,7.99,12.06,,,,10.28,8.2,12.34,,,,5.55,3.42,7.36,,,,1.14,-0.57,3.32,,,,4.17,2.05,5.85,,,,,,,,,,
2021-12-13,23.59,21.43,26.15,,,,43.66,41.18,45.6,,,,10.2,8.04,12.08,,,,10.25,8.16,12.31,,,,5.55,3.43,7.35,,,,1.14,-0.63,3.31,,,,4.17,2.06,5.83,,,,,,,,,,
2021-12-14,23.54,21.41,26.11,,,,43.73,41.21,45.67,,,,10.22,8.1,12.1,,,,10.22,8.12,12.31,,,,5.55,3.43,7.35,,,,1.14,-0.65,3.31,,,,4.17,2.07,5.81,,,,,,,,,,
2021-12-15,23.49,21.4,26.07,,,,43.79,41.27,45.74,,,,10.24,8.12,12.08,,,,10.19,8.08,12.3,,,,5.54,3.44,7.38,,,,1.14,-0.64,3.32,,,,4.17,2.09,5.8,,,,24.0,45.0,11.0,10.0,5.0,,4.0
2021-12-16,23.44,21.39,26.03,,,,43.86,41.33,45.81,,,,10.25,8.12,12.12,,,,10.16,8.07,12.29,,,,5.54,3.41,7.42,,,,1.14,-0.64,3.35,,,,4.17,2.1,5.83,,,,,,,,,,
2021-12-17,23.39,21.35,25.99,,,,43.93,41.38,45.92,,,,10.27,8.14,12.15,,,,10.13,8.09,12.26,,,,5.53,3.42,7.4,,,,1.14,-0.66,3.36,,,,4.17,2.16,5.86,,,,,,,,,,
2021-12-18,23.34,21.3,25.95,,,,44.0,41.42,45.98,,,,10.29,8.16,12.19,,,,10.1,8.1,12.24,,,,5.53,3.43,7.38,,,,1.14,-0.68,3.39,,,,4.17,2.18,5.89,,,,,,,,,,
2021-12-19,23.29,21.27,25.91,,,,44.06,41.43,46.03,,,,10.31,8.15,12.17,,,,10.07,8.11,12.23,,,,5.53,3.45,7.4,,,,1.14,-0.69,3.41,,,,4.16,2.19,5.92,,,,,,,,,,
2021-12-20,23.24,21.23,25.87,,,,44.13,41.5,46.1,,,,10.32,8.17,12.19,,,,10.04,8.11,12.21,,,,5.52,3.46,7.41,,,,1.14,-0.72,3.43,,,,4.16,2.19,5.95,,,,17.0,44.0,12.0,11.0,8.0,1.0,4.0
2021-12-21,23.19,21.19,25.82,,,,44.19,41.57,46.16,,,,10.34,8.18,12.23,,,,10.01,8.12,12.19,,,,5.52,3.47,7.39,,,,1.14,-0.75,3.44,,,,4.16,2.2,5.97,,,,,,,,,,
2021-12-22,23.14,21.15,25.78,,,,44.26,41.59,46.22,,,,10.35,8.18,12.28,,,,9.98,8.11,12.17,,,,5.52,3.49,7.38,,,,1.14,-0.78,3.46,,,,4.16,2.22,6.0,,,,,,,,,,
2021-12-23,23.09,21.12,25.73,,,,44.32,41.65,46.28,,,,10.37,8.2,12.34,,,,9.95,8.08,12.16,,,,5.51,3.47,7.4,,,,1.14,-0.8,3.45,,,,4.15,2.25,6.05,,,,,,,,,,
2021-12-24,23.04,21.11,25.68,,,,44.39,41.75,46.34,,,,10.39,8.22,12.37,,,,9.92,8.03,12.14,,,,5.51,3.51,7.43,,,,1.14,-0.82,3.42,,,,4.15,2.28,6.09,,,,,,,,,,
2021-12-25,23.0,21.07,25.62,,,,44.45,41.83,46.42,,,,10.4,8.23,12.34,,,,9.89,7.99,12.12,,,,5.51,3.52,7.47,,,,1.14,-0.85,3.4,,,,4.15,2.31,6.14,,,,,,,,,,
2021-12-26,22.95,21.03,25.57,,,,44.51,41.9,46.46,,,,10.42,8.25,12.33,,,,9.86,7.95,12.1,,,,5.5,3.53,7.48,,,,1.14,-0.84,3.4,,,,4.15,2.33,6.18,,,,,,,,,,
2021-12-27,22.9,20.99,25.52,,,,44.57,41.98,46.49,,,,10.43,8.27,12.3,,,,9.82,7.92,12.08,,,,5.5,3.55,7.47,,,,1.14,-0.81,3.42,,,,4.14,2.33,6.18,,,,,,,,,,
2021-12-28,22.85,20.96,25.45,,,,44.64,42.05,46.58,,,,10.44,8.29,12.28,,,,9.79,7.88,12.06,,,,5.5,3.58,7.49,,,,1.14,-0.81,3.41,,,,4.14,2.31,6.17,,,,,,,,,,
2021-12-29,22.81,20.96,25.41,,,,44.7,42.13,46.66,,,,10.46,8.32,12.25,,,,9.76,7.85,12.04,,,,5.5,3.59,7.49,,,,1.14,-0.8,3.37,,,,4.13,2.31,6.15,,,,,,,,,,
2021-12-30,22.76,20.92,25.36,,,,44.76,42.2,46.71,,,,10.47,8.42,12.26,,,,9.73,7.82,12.01,,,,5.49,3.57,7.49,,,,1.14,-0.78,3.34,,,,4.13,2.33,6.15,,,,,,,,,,
2021-12-31,22.72,20.87,25.31,,,,44.82,42.28,46.77,,,,10.48,8.44,12.3,,,,9.7,7.78,11.98,,,,5.49,3.58,7.5,,,,1.14,-0.77,3.3,,,,4.12,2.36,6.16,,,,,,,,,,
2022-01-01,22.67,20.82,25.25,,,,44.88,42.35,46.82,,,,10.5,8.42,12.33,,,,9.67,7.75,11.96,,,,5.49,3.58,7.5,,,,1.14,-0.75,3.3,,,,4.12,2.37,6.17,,,,,,,,,,
2022-01-02,22.63,20.79,25.19,,,,44.94,42.42,46.88,,,,10.51,8.45,12.35,,,,9.64,7.73,11.92,,,,5.48,3.59,7.5,,,,1.14,-0.78,3.31,,,,4.11,2.34,6.16,,,,,,,,,,
2022-01-03,22.58,20.73,25.13,,,,45.0,42.49,46.93,,,,10.52,8.48,12.41,,,,9.61,7.73,11.89,,,,5.48,3.6,7.47,,,,1.14,-0.79,3.32,,,,4.11,2.3,6.14,,,,,,,,,,
2022-01-04,22.54,20.69,25.04,,,,45.06,42.56,47.0,,,,10.53,8.5,12.43,,,,9.58,7.74,11.85,,,,5.48,3.61,7.44,,,,1.14,-0.84,3.33,,,,4.1,2.28,6.12,,,,,,,,,,
2022-01-05,22.5,20.66,24.93,,,,45.12,42.64,47.03,,,,10.55,8.56,12.43,,,,9.55,7.74,11.81,,,,5.48,3.62,7.4,,,,1.14,-0.89,3.34,,,,4.1,2.32,6.09,,,,,,,,,,
2022-01-06,22.45,20.64,24.8,,,,45.18,42.72,47.08,,,,10.56,8.57,12.45,,,,9.52,7.74,11.76,,,,5.48,3.62,7.36,,,,1.14,-0.86,3.35,,,,4.09,2.35,6.11,,,,,,,,,,
2022-01-07,22.41,20.58,24.7,,,,45.24,42.8,47.13,,,,10.57,8.59,12.51,,,,9.49,7.74,11.71,,,,5.47,3.64,7.32,,,,1.14,-0.84,3.36,,,,4.08,2.31,6.1,,,,22.0,45.0,11.0,8.0,5.0,1.0,4.0
2022-01-08,22.37,20.53,24.65,,,,45.3,42.88,47.15,,,,10.58,8.61,12.54,,,,9.46,7.73,11.65,,,,5.47,3.64,7.34,,,,1.14,-0.81,3.37,,,,4.08,2.26,6.06,,,,,,,,,,
2022-01-09,22.33,20.49,24.6,,,,45.36,42.93,47.17,,,,10.59,8.62,12.58,,,,9.43,7.7,11.64,,,,5.47,3.65,7.35,,,,1.14,-0.8,3.34,,,,4.07,2.2,6.02,,,,,,,,,,
2022-01-10,22.29,20.48,24.56,,,,45.42,42.96,47.24,,,,10.6,8.65,12.6,,,,9.4,7.67,11.6,,,,5.47,3.65,7.37,,,,1.14,-0.81,3.32,,,,4.06,2.17,5.98,,,,,,,,,,
2022-01-11,22.25,20.41,24.53,,,,45.47,43.06,47.32,,,,10.61,8.68,12.6,,,,9.37,7.63,11.55,,,,5.47,3.66,7.38,,,,1.13,-0.81,3.29,,,,4.05,2.17,5.94,,,,,,,,,,
2022-01-12,22.21,20.38,24.44,,,,45.53,43.18,47.39,,,,10.62,8.71,12.6,,,,9.34,7.58,11.51,,,,5.47,3.66,7.39,,,,1.13,-0.8,3.26,,,,4.05,2.16,5.91,,,,18.0,43.0,16.0,10.0,6.0,1.0,4.0
2022-01-13,22.17,20.34,24.36,,,,45.59,43.29,47.46,,,,10.63,8.69,12.61,,,,9.31,7.52,11.46,,,,5.46,3.68,7.39,,,,1.13,-0.8,3.21,,,,4.04,2.15,5.9,,,,20.0,48.0,11.0,8.0,5.0,1.0,6.0
2022-01-14,22.13,20.31,24.27,,,,45.64,43.37,47.53,,,,10.64,8.72,12.64,,,,9.27,7.5,11.43,,,,5.46,3.7,7.39,,,,1.13,-0.8,3.15,,,,4.03,2.15,5.92,,,,24.0,48.0,10.0,7.0,4.0,2.0,4.0
2022-01-15,22.1,20.28,24.18,,,,45.7,43.45,47.55,,,,10.64,8.71,12.68,,,,9.24,7.46,11.39,,,,5.46,3.72,7.39,,,,1.13,-0.81,3.16,,,,4.02,2.15,5.9,,,,,,,,,,
2022-01-16,22.06,20.26,24.1,,,,45.75,43.53,47.57,,,,10.65,8.73,12.72,,,,9.22,7.38,11.37,,,,5.46,3.74,7.38,,,,1.13,-0.82,3.15,,,,4.01,2.14,5.87,,,,,,,,,,
2022-01-17,22.03,20.26,24.09,,,,45.8,43.61,47.59,,,,10.66,8.76,12.77,,,,9.19,7.38,11.29,,,,5.46,3.76,7.36,,,,1.13,-0.83,3.12,,,,4.01,2.14,5.86,,,,,,,,,,
2022-01-18,22.0,20.27,24.06,,,,45.86,43.69,47.62,,,,10.67,8.79,12.82,,,,9.16,7.37,11.22,,,,5.46,3.78,7.35,,,,1.12,-0.84,3.12,,,,4.0,2.14,5.83,,,,,,,,,,
2022-01-19,21.96,20.26,24.0,,,,45.91,43.75,47.63,,,,10.67,8.82,12.82,,,,9.13,7.34,11.14,,,,5.46,3.8,7.33,,,,1.12,-0.84,3.14,,,,3.99,2.14,5.81,,,,,,,,,,
2022-01-20,21.93,20.27,23.94,,,,45.96,43.79,47.64,,,,10.68,8.85,12.78,,,,9.1,7.3,11.07,,,,5.45,3.77,7.29,,,,1.12,-0.85,3.17,,,,3.98,2.14,5.79,,,,,,,,,,
2022-01-21,21.9,20.23,23.82,,,,46.01,43.83,47.71,,,,10.68,8.89,12.74,,,,9.07,7.26,11.0,,,,5.45,3.79,7.25,,,,1.12,-0.86,3.19,,,,3.97,2.14,5.76,,,,20.0,50.0,8.0,11.0,6.0,1.0,2.0
2022-01-22,21.87,20.19,23.71,,,,46.06,43.87,47.77,,,,10.69,8.9,12.76,,,,9.04,7.21,10.95,,,,5.45,3.78,7.25,,,,1.12,-0.87,3.21,,,,3.96,2.14,5.73,,,,,,,,,,
2022-01-23,21.85,20.14,23.64,,,,46.11,43.91,47.87,,,,10.69,8.92,12.79,,,,9.02,7.19,10.89,,,,5.45,3.76,7.25,,,,1.11,-0.88,3.24,,,,3.95,2.14,5.7,,,,,,,,,,
2022-01-24,21.82,20.09,23.61,,,,46.16,43.98,47.94,,,,10.69,8.92,12.74,,,,8.99,7.18,10.87,,,,5.45,3.74,7.22,,,,1.11,-0.9,3.27,,,,3.94,2.15,5.68,,,,,,,,,,
2022-01-25,21.8,20.05,23.58,,,,46.2,44.06,48.02,,,,10.7,8.97,12.7,,,,8.96,7.18,10.86,,,,5.45,3.71,7.19,,,,1.11,-0.92,3.3,,,,3.93,2.15,5.67,,,,,,,,,,
2022-01-26,21.77,20.0,23.54,,,,46.25,44.11,48.09,,,,10.7,8.97,12.65,,,,8.94,7.16,10.84,,,,5.45,3.68,7.18,,,,1.11,-0.9,3.32,,,,3.92,2.15,5.66,,,,,,,,,,
2022-01-27,21.75,19.96,23.47,,,,46.29,44.16,48.09,,,,10.7,8.96,12.61,,,,8.91,7.16,10.81,,,,5.45,3.66,7.17,,,,1.11,-0.88,3.31,,,,3.91,2.17,5.64,,,,20.0,46.0,14.0,8.0,6.0,,3.0
2022-01-28,21.73,19.91,23.43,,,,46.34,44.2,48.09,,,,10.7,8.95,12.63,,,,8.89,7.17,10.76,,,,5.44,3.64,7.17,,,,1.11,-0.88,3.31,,,,3.9,2.17,5.63,,,,,,,,,,
2022-01-29,21.71,19.87,23.43,,,,46.38,44.24,48.1,,,,10.7,8.95,12.65,,,,8.86,7.15,10.75,,,,5.44,3.62,7.16,,,,1.1,-0.88,3.34,,,,3.89,2.16,5.62,,,,,,,,,,
2022-01-30,21.69,19.85,23.42,,,,46.43,44.29,48.17,,,,10.7,8.94,12.67,,,,8.84,7.1,10.69,,,,5.44,3.64,7.16,,,,1.1,-0.89,3.37,,,,3.88,2.19,5.61,,,,,,,,,,
2022-01-31,21.67,19.82,23.4,,,,46.47,44.33,48.24,,,,10.69,8.91,12.68,,,,8.82,7.05,10.64,,,,5.44,3.68,7.15,,,,1.1,-0.9,3.4,,,,3.87,2.22,5.64,,,,,,,,,,
2022-02-01,21.66,19.79,23.34,,,,46.51,44.38,48.3,,,,10.69,8.9,12.7,,,,8.8,7.0,10.58,,,,5.44,3.72,7.15,,,,1.1,-0.92,3.43,,,,3.86,2.24,5.59,,,,,,,,,,
2022-02-02,21.64,19.77,23.29,,,,46.55,44.42,48.35,,,,10.69,8.89,12.71,,,,8.78,6.97,10.53,,,,5.44,3.76,7.14,,,,1.1,-0.94,3.46,,,,3.85,2.23,5.55,,,,21.0,50.0,10.0,8.0,6.0,1.0,3.0
2022-02-03,21.63,19.78,23.25,,,,46.59,44.46,48.4,,,,10.68,8.88,12.71,,,,8.75,6.92,10.49,,,,5.44,3.77,7.14,,,,1.1,-0.96,3.48,,,,3.84,2.22,5.53,,,,,,,,,,
2022-02-04,21.62,19.77,23.21,,,,46.63,44.51,48.45,,,,10.68,8.88,12.72,,,,8.73,6.92,10.46,,,,5.44,3.74,7.15,,,,1.1,-0.98,3.48,,,,3.82,2.21,5.52,,,,,,,,,,
2022-02-05,21.61,19.77,23.21,,,,46.67,44.56,48.54,,,,10.67,8.86,12.72,,,,8.71,6.92,10.44,,,,5.44,3.7,7.18,,,,1.1,-1.0,3.46,,,,3.81,2.21,5.48,,,,,,,,,,
2022-02-06,21.6,19.71,23.21,,,,46.71,44.61,48.55,,,,10.66,8.82,12.71,,,,8.69,6.91,10.43,,,,5.43,3.71,7.16,,,,1.1,-1.02,3.45,,,,3.8,2.18,5.47,,,,,,,,,,
2022-02-07,21.6,19.67,23.21,,,,46.74,44.64,48.63,,,,10.66,8.78,12.7,,,,8.67,6.88,10.41,,,,5.43,3.74,7.16,,,,1.09,-1.04,3.52,,,,3.79,2.16,5.43,,,,,,,,,,
2022-02-08,21.59,19.65,23.22,,,,46.78,44.65,48.65,,,,10.65,8.77,12.7,,,,8.66,6.84,10.41,,,,5.43,3.78,7.14,,,,1.09,-1.01,3.54,,,,3.78,2.14,5.38,,,,,,,,,,
2022-02-09,21.59,19.63,23.23,,,,46.81,44.66,48.64,,,,10.64,8.74,12.68,,,,8.64,6.8,10.44,,,,5.43,3.82,7.11,,,,1.09,-0.98,3.53,,,,3.76,2.13,5.4,,,,,,,,,,
2022-02-10,21.58,19.64,23.25,,,,46.84,44.67,48.66,,,,10.63,8.71,12.67,,,,8.62,6.77,10.39,,,,5.43,3.86,7.09,,,,1.09,-0.95,3.54,,,,3.75,2.1,5.41,,,,,,,,,,
2022-02-11,21.58,19.67,23.26,,,,46.88,44.72,48.69,,,,10.62,8.68,12.66,,,,8.6,6.74,10.35,,,,5.43,3.84,7.08,,,,1.09,-0.96,3.53,,,,3.74,2.07,5.4,,,,22.0,45.0,11.0,10.0,6.0,,4.0
2022-02-12,21.58,19.69,23.27,,,,46.91,44.76,48.72,,,,10.61,8.64,12.65,,,,8.59,6.71,10.32,,,,5.43,3.82,7.07,,,,1.09,-0.96,3.52,,,,3.72,2.03,5.38,,,,,,,,,,
2022-02-13,21.58,19.72,23.29,,,,46.94,44.79,48.74,,,,10.6,8.61,12.63,,,,8.57,6.68,10.3,,,,5.43,3.81,7.07,,,,1.09,-0.96,3.52,,,,3.71,1.99,5.35,,,,,,,,,,
2022-02-14,21.59,19.74,23.3,,,,46.96,44.79,48.77,,,,10.59,8.6,12.6,,,,8.56,6.65,10.27,,,,5.43,3.75,7.05,,,,1.09,-0.96,3.51,,,,3.7,1.95,5.33,,,,,,,,,,
2022-02-15,21.59,19.76,23.32,,,,46.99,44.79,48.79,,,,10.58,8.59,12.58,,,,8.54,6.62,10.25,,,,5.43,3.68,7.04,,,,1.09,-0.96,3.47,,,,3.69,1.91,5.32,,,,,,,,,,
2022-02-16,21.6,19.75,23.34,,,,47.02,44.8,48.81,,,,10.57,8.59,12.55,,,,8.53,6.61,10.3,,,,5.43,3.66,7.05,,,,1.09,-0.95,3.43,,,,3.67,1.88,5.3,,,,,,,,,,
2022-02-17,21.6,19.74,23.34,,,,47.04,44.8,48.83,,,,10.56,8.58,12.52,,,,8.52,6.57,10.25,,,,5.43,3.68,7.04,,,,1.09,-0.95,3.46,,,,3.66,1.85,5.28,,,,26.0,49.0,11.0,6.0,3.0,1.0,3.0
2022-02-18,21.61,19.73,23.3,,,,47.07,44.79,48.85,,,,10.55,8.59,12.49,,,,8.5,6.56,10.21,,,,5.43,3.66,7.04,,,,1.09,-0.94,3.43,,,,3.65,1.83,5.26,,,,,,,,,,
2022-02-19,21.62,19.73,23.27,,,,47.09,44.79,48.87,,,,10.54,8.57,12.48,,,,8.49,6.56,10.17,,,,5.43,3.66,7.03,,,,1.09,-0.93,3.4,,,,3.63,1.78,5.23,,,,,,,,,,
2022-02-20,21.63,19.73,23.25,,,,47.11,44.79,48.9,,,,10.52,8.57,12.51,,,,8.48,6.56,10.15,,,,5.42,3.66,7.02,,,,1.09,-0.93,3.36,,,,3.62,1.73,5.21,,,,,,,,,,
2022-02-21,21.64,19.75,23.24,,,,47.13,44.79,48.97,,,,10.51,8.56,12.49,,,,8.47,6.56,10.12,,,,5.42,3.66,7.02,,,,1.09,-0.93,3.37,,,,3.61,1.68,5.24,,,,,,,,,,
2022-02-22,21.65,19.77,23.24,,,,47.15,44.78,49.03,,,,10.5,8.56,12.5,,,,8.46,6.55,10.1,,,,5.42,3.65,7.0,,,,1.09,-0.96,3.39,,,,3.59,1.64,5.26,,,,,,,,,,
2022-02-23,21.66,19.78,23.23,,,,47.17,44.81,49.09,,,,10.49,8.54,12.53,,,,8.45,6.55,10.1,,,,5.42,3.64,6.98,,,,1.09,-0.99,3.41,,,,3.58,1.62,5.24,,,,,,,,,,
2022-02-24,21.67,19.73,23.22,,,,47.19,44.86,49.16,,,,10.48,8.5,12.55,,,,8.44,6.54,10.12,,,,5.42,3.63,6.97,,,,1.09,-0.99,3.42,,,,3.57,1.61,5.21,,,,,,,,,,
2022-02-25,21.68,19.72,23.22,,,,47.21,44.91,49.22,,,,10.47,8.46,12.57,,,,8.43,6.51,10.14,,,,5.42,3.61,6.99,,,,1.09,-0.95,3.44,,,,3.56,1.6,5.23,,,,17.0,51.0,9.0,9.0,5.0,1.0,5.0
2022-02-26,21.69,19.72,23.23,,,,47.23,44.89,49.28,,,,10.45,8.43,12.55,,,,8.42,6.49,10.17,,,,5.42,3.57,7.02,,,,1.09,-0.91,3.45,,,,3.54,1.56,5.18,,,,,,,,,,
2022-02-27,21.71,19.73,23.24,,,,47.24,44.84,49.33,,,,10.44,8.41,12.54,,,,8.41,6.46,10.19,,,,5.42,3.53,7.05,,,,1.09,-0.91,3.4,,,,3.53,1.53,5.22,,,,,,,,,,
2022-02-28,21.72,19.71,23.25,,,,47.26,44.81,49.35,,,,10.43,8.36,12.51,,,,8.41,6.43,10.2,,,,5.42,3.49,7.08,,,,1.09,-0.92,3.41,,,,3.52,1.51,5.25,,,,,,,,,,
2022-03-01,21.73,19.69,23.26,,,,47.27,44.84,49.37,,,,10.42,8.32,12.5,,,,8.4,6.4,10.15,,,,5.42,3.46,7.11,,,,1.09,-0.94,3.45,,,,3.51,1.5,5.27,,,,,,,,,,
2022-03-02,21.74,19.66,23.28,,,,47.29,44.82,49.39,,,,10.41,8.29,12.48,,,,8.39,6.36,10.14,,,,5.42,3.43,7.11,,,,1.09,-0.96,3.47,,,,3.5,1.5,5.26,,,,,,,,,,
2022-03-03,21.75,19.66,23.29,,,,47.31,44.78,49.41,,,,10.4,8.28,12.46,,,,8.39,6.34,10.14,,,,5.42,3.44,7.07,,,,1.09,-0.98,3.46,,,,3.48,1.48,5.2,,,,,,,,,,
2022-03-04,21.77,19.67,23.3,,,,47.32,44.74,49.43,,,,10.39,8.27,12.4,,,,8.38,6.33,10.14,,,,5.42,3.43,7.03,,,,1.09,-1.0,3.46,,,,3.47,1.46,5.14,,,,26.0,44.0,7.0,9.0,6.0,1.0,4.0
2022-03-05,21.78,19.65,23.32,,,,47.34,44.72,49.46,,,,10.38,8.26,12.4,,,,8.38,6.32,10.15,,,,5.42,3.4,6.99,,,,1.09,-1.01,3.45,,,,3.46,1.43,5.08,,,,,,,,,,
2022-03-06,21.79,19.61,23.33,,,,47.35,44.73,49.48,,,,10.37,8.25,12.39,,,,8.37,6.3,10.15,,,,5.42,3.37,6.96,,,,1.09,-0.98,3.44,,,,3.45,1.41,5.02,,,,,,,,,,
2022-03-07,21.79,19.56,23.34,,,,47.37,44.75,49.5,,,,10.36,8.2,12.39,,,,8.37,6.27,10.14,,,,5.42,3.34,6.98,,,,1.09,-0.95,3.43,,,,3.44,1.38,4.99,,,,,,,,,,
2022-03-08,21.8,19.57,23.35,,,,47.38,44.77,49.51,,,,10.34,8.14,12.37,,,,8.36,6.24,10.13,,,,5.42,3.31,7.01,,,,1.09,-0.91,3.42,,,,3.43,1.36,5.01,,,,,,,,,,
2022-03-09,21.81,19.58,23.37,,,,47.4,44.78,49.53,,,,10.33,8.08,12.35,,,,8.36,6.25,10.13,,,,5.42,3.31,7.03,,,,1.09,-0.88,3.4,,,,3.42,1.34,5.04,,,,20.0,45.0,10.0,11.0,5.0,1.0,3.0
2022-03-10,21.82,19.63,23.42,,,,47.42,44.8,49.55,,,,10.33,8.03,12.33,,,,8.36,6.26,10.13,,,,5.42,3.27,7.06,,,,1.09,-0.85,3.39,,,,3.41,1.31,5.07,,,,,,,,,,
2022-03-11,21.82,19.68,23.48,,,,47.43,44.81,49.57,,,,10.32,8.01,12.31,,,,8.35,6.24,10.11,,,,5.42,3.23,7.08,,,,1.09,-0.83,3.39,,,,3.4,1.29,5.1,,,,,,,,,,
2022-03-12,21.83,19.67,23.5,,,,47.45,44.83,49.6,,,,10.31,8.0,12.29,,,,8.35,6.23,10.1,,,,5.42,3.21,7.12,,,,1.09,-0.82,3.4,,,,3.39,1.27,5.13,,,,,,,,,,
2022-03-13,21.83,19.67,23.54,,,,47.46,44.84,49.64,,,,10.3,7.98,12.27,,,,8.35,6.21,10.09,,,,5.42,3.19,7.15,,,,1.09,-0.81,3.39,,,,3.38,1.25,5.15,,,,,,,,,,
2022-03-14,21.84,19.66,23.59,,,,47.48,44.85,49.66,,,,10.29,7.97,12.27,,,,8.35,6.19,10.09,,,,5.42,3.17,7.18,,,,1.09,-0.8,3.4,,,,3.37,1.22,5.17,,,,,,,,,,
2022-03-15,21.84,19.65,23.64,,,,47.5,44.85,49.68,,,,10.28,7.96,12.3,,,,8.34,6.18,10.11,,,,5.42,3.16,7.22,,,,1.09,-0.79,3.41,,,,3.36,1.21,5.18,,,,,,,,,,
2022-03-16,21.84,19.64,23.69,,,,47.51,44.84,49.71,,,,10.28,7.95,12.3,,,,8.34,6.19,10.13,,,,5.42,3.14,7.26,,,,1.09,-0.79,3.41,,,,3.35,1.19,5.15,,,,,,,,,,
2022-03-17,21.84,19.62,23.73,,,,47.53,44.82,49.74,,,,10.27,7.93,12.29,,,,8.34,6.2,10.14,,,,5.42,3.13,7.28,,,,1.09,-0.79,3.41,,,,3.34,1.15,5.13,,,,21.0,53.0,11.0,5.0,5.0,1.0,2.0
2022-03-18,21.84,19.61,23.78,,,,47.55,44.78,49.77,,,,10.27,7.92,12.27,,,,8.34,6.21,10.15,,,,5.42,3.12,7.3,,,,1.09,-0.83,3.42,,,,3.33,1.1,5.11,,,,,,,,,,
2022-03-19,21.84,19.6,23.82,,,,47.56,44.76,49.78,,,,10.26,7.91,12.26,,,,8.34,6.16,10.18,,,,5.42,3.1,7.34,,,,1.09,-0.86,3.45,,,,3.32,1.07,5.11,,,,,,,,,,
2022-03-20,21.84,19.59,23.87,,,,47.58,44.82,49.77,,,,10.26,7.91,12.25,,,,8.33,6.12,10.2,,,,5.42,3.09,7.37,,,,1.09,-0.88,3.51,,,,3.31,1.04,5.12,,,,,,,,,,
2022-03-21,21.83,19.59,23.91,,,,47.6,44.88,49.78,,,,10.25,7.92,12.26,,,,8.33,6.08,10.21,,,,5.42,3.1,7.41,,,,1.09,-0.84,3.52,,,,3.3,1.01,5.13,,,,,,,,,,
2022-03-22,21.83,19.62,23.96,,,,47.61,44.92,49.8,,,,10.25,7.93,12.28,,,,8.33,6.08,10.22,,,,5.42,3.1,7.44,,,,1.09,-0.82,3.5,,,,3.3,0.98,5.14,,,,,,,,,,
2022-03-23,21.83,19.67,24.0,,,,47.63,44.94,49.88,,,,10.25,7.93,12.3,,,,8.33,6.08,10.23,,,,5.42,3.1,7.48,,,,1.09,-0.79,3.49,,,,3.29,0.95,5.13,,,,23.0,46.0,9.0,9.0,5.0,1.0,5.0
2022-03-24,21.82,19.65,24.04,,,,47.65,44.96,49.91,,,,10.25,7.91,12.3,,,,8.33,6.07,10.25,,,,5.42,3.1,7.52,,,,1.09,-0.83,3.47,,,,3.28,0.93,5.15,,,,23.0,43.0,13.0,8.0,5.0,1.0,4.0
2022-03-25,21.81,19.63,24.05,,,,47.67,44.98,49.93,,,,10.25,7.9,12.3,,,,8.32,6.05,10.26,,,,5.42,3.1,7.55,,,,1.09,-0.89,3.46,,,,3.27,0.92,5.16,,,,,,,,,,
2022-03-26,21.8,19.6,23.97,,,,47.68,45.0,49.95,,,,10.25,7.88,12.29,,,,8.32,6.02,10.29,,,,5.42,3.1,7.59,,,,1.09,-0.96,3.45,,,,3.26,0.93,5.17,,,,,,,,,,
2022-03-27,21.8,19.57,23.89,,,,47.7,45.02,49.96,,,,10.25,7.87,12.29,,,,8.32,6.0,10.31,,,,5.42,3.11,7.62,,,,1.09,-0.96,3.45,,,,3.26,0.95,5.17,,,,,,,,,,
2022-03-28,21.79,19.58,23.81,,,,47.72,45.04,49.97,,,,10.25,7.86,12.28,,,,8.32,5.98,10.32,,,,5.41,3.12,7.65,,,,1.09,-0.9,3.45,,,,3.25,0.94,5.19,,,,,,,,,,
2022-03-29,21.77,19.58,23.82,,,,47.73,45.07,49.98,,,,10.25,7.86,12.27,,,,8.32,5.96,10.35,,,,5.41,3.15,7.68,,,,1.09,-0.89,3.46,,,,3.24,0.94,5.23,,,,,,,,,,
2022-03-30,21.76,19.57,23.84,,,,47.75,45.09,49.99,,,,10.25,7.85,12.27,,,,8.32,5.94,10.38,,,,5.41,3.15,7.7,,,,1.09,-0.92,3.46,,,,3.24,0.96,5.27,,,,21.0,47.0,9.0,7.0,9.0,,4.0
2022-03-31,21.75,19.53,23.86,,,,47.77,45.11,49.99,,,,10.25,7.85,12.28,,,,8.31,5.98,10.38,,,,5.41,3.14,7.73,,,,1.09,-0.95,3.46,,,,3.23,0.91,5.3,,,,,,,,,,
2022-04-01,21.74,19.49,23.87,,,,47.79,45.14,49.99,,,,10.26,7.83,12.3,,,,8.31,5.98,10.35,,,,5.41,3.15,7.75,,,,1.09,-0.98,3.47,,,,3.23,0.86,5.35,,,,,,,,,,
2022-04-02,21.72,19.45,23.89,,,,47.8,45.16,49.99,,,,10.26,7.81,12.32,,,,8.31,5.93,10.36,,,,5.41,3.14,7.77,,,,1.09,-0.93,3.47,,,,3.22,0.84,5.37,,,,,,,,,,
2022-04-03,21.71,19.44,23.88,,,,47.82,45.19,49.99,,,,10.27,7.78,12.34,,,,8.31,5.9,10.38,,,,5.41,3.1,7.79,,,,1.1,-0.94,3.47,,,,3.22,0.82,5.35,,,,,,,,,,
2022-04-04,21.69,19.43,23.86,,,,47.84,45.21,49.99,,,,10.27,7.76,12.35,,,,8.31,5.92,10.38,,,,5.41,3.06,7.8,,,,1.1,-0.91,3.47,,,,3.21,0.8,5.33,,,,,,,,,,
2022-04-05,21.68,19.4,23.87,,,,47.85,45.23,50.01,,,,10.28,7.73,12.38,,,,8.31,5.93,10.41,,,,5.41,3.01,7.82,,,,1.1,-0.87,3.46,,,,3.21,0.79,5.3,,,,,,,,,,
2022-04-06,21.66,19.36,23.87,,,,47.87,45.25,50.03,,,,10.28,7.72,12.41,,,,8.31,5.95,10.46,,,,5.41,2.97,7.84,,,,1.1,-0.86,3.46,,,,3.21,0.77,5.29,,,,,,,,,,
2022-04-07,21.64,19.33,23.87,,,,47.88,45.27,50.06,,,,10.29,7.71,12.44,,,,8.31,5.96,10.51,,,,5.41,2.94,7.83,,,,1.1,-0.89,3.46,,,,3.2,0.77,5.27,,,,25.0,48.0,11.0,7.0,4.0,1.0,3.0
2022-04-08,21.62,19.33,23.83,,,,47.9,45.29,50.08,,,,10.3,7.7,12.46,,,,8.31,5.98,10.54,,,,5.41,2.92,7.83,,,,1.1,-0.92,3.43,,,,3.2,0.78,5.24,,,,,,,,,,
2022-04-09,21.61,19.32,23.83,,,,47.92,45.32,50.1,,,,10.31,7.69,12.47,,,,8.31,5.99,10.53,,,,5.41,2.9,7.82,,,,1.1,-0.92,3.39,,,,3.19,0.79,5.21,,,,,,,,,,
2022-04-10,21.59,19.28,23.85,,,,47.93,45.34,50.1,,,,10.31,7.69,12.51,,,,8.31,6.01,10.5,,,,5.41,2.89,7.81,,,,1.11,-0.92,3.39,,,,3.19,0.78,5.22,,,,,,,,,,
2022-04-11,21.57,19.23,23.84,,,,47.95,45.37,50.1,,,,10.32,7.72,12.55,,,,8.32,6.02,10.47,,,,5.41,2.88,7.8,,,,1.11,-0.92,3.39,,,,3.18,0.78,5.23,,,,,,,,,,
2022-04-12,21.55,19.18,23.83,,,,47.97,45.39,50.1,,,,10.33,7.75,12.58,,,,8.32,6.02,10.44,,,,5.41,2.86,7.8,,,,1.11,-0.92,3.39,,,,3.18,0.79,5.24,,,,,,,,,,
2022-04-13,21.53,19.13,23.81,,,,47.98,45.39,50.09,,,,10.34,7.77,12.6,,,,8.32,6.02,10.43,,,,5.41,2.85,7.79,,,,1.11,-0.92,3.39,,,,3.18,0.79,5.26,,,,,,,,,,
2022-04-14,21.51,19.11,23.77,,,,48.0,45.41,50.1,,,,10.35,7.8,12.63,,,,8.32,6.02,10.46,,,,5.41,2.84,7.75,,,,1.11,-0.87,3.36,,,,3.17,0.79,5.26,,,,20.0,47.0,10.0,10.0,6.0,,3.0
2022-04-15,21.48,19.1,23.74,,,,48.01,45.46,50.09,,,,10.36,7.83,12.66,,,,8.32,6.04,10.49,,,,5.41,2.84,7.76,,,,1.11,-0.91,3.33,,,,3.17,0.78,5.23,,,,,,,,,,
2022-04-16,21.46,19.08,23.72,,,,48.03,45.44,50.11,,,,10.37,7.86,12.69,,,,8.33,6.06,10.48,,,,5.41,2.84,7.75,,,,1.12,-0.94,3.34,,,,3.16,0.77,5.24,,,,,,,,,,
2022-04-17,21.44,19.07,23.71,,,,48.05,45.43,50.11,,,,10.39,7.88,12.68,,,,8.33,6.08,10.47,,,,5.41,2.85,7.75,,,,1.12,-0.95,3.34,,,,3.15,0.79,5.27,,,,,,,,,,
2022-04-18,21.42,19.03,23.67,,,,48.06,45.42,50.14,,,,10.4,7.91,12.71,,,,8.33,6.09,10.47,,,,5.41,2.85,7.77,,,,1.12,-0.96,3.35,,,,3.15,0.8,5.3,,,,,,,,,,
2022-04-19,21.39,18.99,23.67,,,,48.08,45.41,50.19,,,,10.41,7.94,12.76,,,,8.34,6.11,10.46,,,,5.41,2.85,7.78,,,,1.12,-0.96,3.37,,,,3.14,0.82,5.32,,,,,,,,,,
2022-04-20,21.37,18.98,23.67,,,,48.1,45.4,50.23,,,,10.42,7.97,12.77,,,,8.34,6.13,10.48,,,,5.41,2.86,7.75,,,,1.12,-0.97,3.35,,,,3.13,0.82,5.32,,,,22.0,49.0,8.0,9.0,5.0,2.0,2.0
2022-04-21,21.34,18.97,23.64,,,,48.11,45.39,50.28,,,,10.44,8.0,12.74,,,,8.35,6.11,10.49,,,,5.41,2.86,7.72,,,,1.12,-0.96,3.34,,,,3.13,0.83,5.29,,,,,,,,,,
2022-04-22,21.32,18.96,23.58,,,,48.13,45.38,50.32,,,,10.45,8.03,12.81,,,,8.35,6.13,10.45,,,,5.41,2.87,7.67,,,,1.13,-0.88,3.33,,,,3.12,0.83,5.27,,,,,,,,,,
2022-04-23,21.29,18.95,23.55,,,,48.15,45.39,50.33,,,,10.47,8.06,12.84,,,,8.35,6.15,10.46,,,,5.41,2.88,7.65,,,,1.13,-0.87,3.32,,,,3.11,0.84,5.25,,,,,,,,,,
2022-04-24,21.27,18.95,23.49,,,,48.17,45.4,50.34,,,,10.49,8.09,12.85,,,,8.36,6.17,10.46,,,,5.41,2.88,7.63,,,,1.13,-0.87,3.32,,,,3.11,0.85,5.24,,,,,,,,,,
2022-04-25,21.24,18.94,23.46,,,,48.18,45.43,50.36,,,,10.5,8.13,12.86,,,,8.36,6.16,10.45,,,,5.41,2.91,7.61,,,,1.13,-0.86,3.33,,,,3.1,0.83,5.23,,,,,,,,,,
2022-04-26,21.21,18.94,23.4,,,,48.2,45.46,50.36,,,,10.52,8.17,12.87,,,,8.37,6.15,10.46,,,,5.41,2.95,7.59,,,,1.13,-0.85,3.3,,,,3.09,0.82,5.22,,,,,,,,,,
2022-04-27,21.18,18.94,23.37,,,,48.22,45.46,50.37,,,,10.54,8.2,12.88,,,,8.37,6.13,10.47,,,,5.41,2.98,7.57,,,,1.13,-0.87,3.27,,,,3.08,0.84,5.2,,,,23.0,49.0,10.0,7.0,7.0,1.0,1.0
2022-04-28,21.16,18.89,23.35,,,,48.24,45.45,50.38,,,,10.56,8.22,12.91,,,,8.38,6.1,10.47,,,,5.41,2.99,7.53,,,,1.13,-0.88,3.25,,,,3.07,0.87,5.19,,,,,,,,,,
2022-04-29,21.13,18.85,23.34,,,,48.26,45.44,50.39,,,,10.58,8.26,12.92,,,,8.38,6.08,10.48,,,,5.41,2.98,7.48,,,,1.14,-0.86,3.23,,,,3.06,0.88,5.17,,,,,,,,,,
2022-04-30,21.1,18.83,23.31,,,,48.28,45.45,50.44,,,,10.6,8.29,12.92,,,,8.39,6.07,10.49,,,,5.41,2.98,7.47,,,,1.14,-0.85,3.22,,,,3.05,0.9,5.16,,,,,,,,,,
2022-05-01,21.07,18.77,23.26,,,,48.3,45.48,50.47,,,,10.62,8.3,12.93,,,,8.39,6.05,10.49,,,,5.41,3.0,7.47,,,,1.14,-0.87,3.22,,,,3.04,0.93,5.17,,,,,,,,,,
2022-05-02,21.04,18.71,23.21,,,,48.32,45.51,50.46,,,,10.64,8.32,12.94,,,,8.4,6.03,10.5,,,,5.41,3.02,7.45,,,,1.14,-0.84,3.21,,,,3.03,0.9,5.16,,,,,,,,,,
2022-05-03,21.01,18.66,23.16,,,,48.34,45.55,50.43,,,,10.67,8.35,12.94,,,,8.4,6.07,10.5,,,,5.41,3.03,7.42,,,,1.14,-0.83,3.21,,,,3.02,0.9,5.16,,,,,,,,,,
2022-05-04,20.98,18.65,23.11,,,,48.36,45.58,50.4,,,,10.69,8.38,12.95,,,,8.41,6.06,10.5,,,,5.41,3.05,7.41,,,,1.14,-0.86,3.2,,,,3.01,0.87,5.16,,,,,,,,,,
2022-05-05,20.95,18.62,23.08,,,,48.38,45.61,50.39,,,,10.71,8.41,13.02,,,,8.42,6.05,10.53,,,,5.41,3.07,7.41,,,,1.14,-0.89,3.19,,,,3.0,0.84,5.14,,,,,,,,,,
2022-05-06,20.92,18.59,23.04,,,,48.4,45.65,50.4,,,,10.74,8.42,13.02,,,,8.42,6.04,10.59,,,,5.41,3.09,7.44,,,,1.14,-0.9,3.19,,,,2.99,0.8,5.1,,,,23.0,47.0,11.0,10.0,4.0,1.0,3.0
2022-05-07,20.89,18.54,23.02,,,,48.42,45.69,50.42,,,,10.76,8.43,13.02,,,,8.43,6.03,10.6,,,,5.41,3.12,7.43,,,,1.15,-0.92,3.2,,,,2.98,0.77,5.07,,,,,,,,,,
2022-05-08,20.86,18.48,23.0,,,,48.44,45.72,50.43,,,,10.78,8.45,13.02,,,,8.44,6.03,10.61,,,,5.4,3.14,7.4,,,,1.15,-0.96,3.21,,,,2.97,0.74,5.03,,,,,,,,,,
2022-05-09,20.82,18.42,22.95,,,,48.46,45.76,50.44,,,,10.81,8.47,13.02,,,,8.44,6.03,10.59,,,,5.4,3.15,7.37,,,,1.15,-1.0,3.22,,,,2.96,0.71,5.0,,,,,,,,,,
2022-05-10,20.79,18.36,22.89,,,,48.48,45.79,50.45,,,,10.83,8.49,13.03,,,,8.45,6.02,10.55,,,,5.4,3.15,7.33,,,,1.15,-1.03,3.23,,,,2.95,0.7,4.99,,,,,,,,,,
2022-05-11,20.76,18.28,22.85,,,,48.5,45.8,50.47,,,,10.86,8.51,13.05,,,,8.46,6.02,10.51,,,,5.4,3.15,7.35,,,,1.15,-1.06,3.24,,,,2.94,0.71,4.98,,,,23.0,47.0,11.0,8.0,5.0,1.0,3.0
2022-05-12,20.73,18.25,22.8,,,,48.52,45.8,50.53,,,,10.88,8.54,13.07,,,,8.47,6.03,10.49,,,,5.39,3.13,7.38,,,,1.15,-1.07,3.23,,,,2.93,0.71,4.97,,,,,,,,,,
2022-05-13,20.7,18.19,22.82,,,,48.54,45.81,50.56,,,,10.91,8.57,13.09,,,,8.47,6.05,10.52,,,,5.39,3.1,7.4,,,,1.15,-1.07,3.24,,,,2.92,0.71,4.95,,,,,,,,,,
2022-05-14,20.67,18.13,22.79,,,,48.56,45.85,50.56,,,,10.93,8.61,13.1,,,,8.48,6.09,10.57,,,,5.38,3.09,7.32,,,,1.15,-1.08,3.27,,,,2.91,0.72,4.94,,,,,,,,,,
2022-05-15,20.63,18.06,22.78,,,,48.58,45.9,50.55,,,,10.96,8.64,13.12,,,,8.49,6.11,10.58,,,,5.38,3.11,7.32,,,,1.15,-1.09,3.27,,,,2.9,0.7,4.92,,,,,,,,,,
2022-05-16,20.6,18.0,22.79,,,,48.6,45.93,50.56,,,,10.98,8.67,13.11,,,,8.5,6.14,10.55,,,,5.38,3.12,7.32,,,,1.15,-1.09,3.28,,,,2.89,0.68,4.9,,,,,,,,,,
2022-05-17,20.57,17.97,22.78,,,,48.62,45.97,50.6,,,,11.01,8.71,13.17,,,,8.51,6.18,10.54,,,,5.37,3.13,7.33,,,,1.15,-1.09,3.28,,,,2.88,0.66,4.88,,,,,,,,,,
2022-05-18,20.54,17.96,22.75,,,,48.64,45.98,50.63,,,,11.03,8.73,13.2,,,,8.52,6.2,10.57,,,,5.37,3.11,7.34,,,,1.15,-1.09,3.29,,,,2.87,0.65,4.86,,,,,,,,,,
2022-05-19,20.5,17.94,22.73,,,,48.66,46.0,50.67,,,,11.06,8.72,13.23,,,,8.53,6.2,10.6,,,,5.36,3.08,7.35,,,,1.15,-1.09,3.29,,,,2.86,0.65,4.82,,,,16.0,52.0,13.0,8.0,6.0,1.0,3.0
2022-05-20,20.47,17.93,22.69,,,,48.68,46.01,50.7,,,,11.08,8.73,13.25,,,,8.54,6.21,10.58,,,,5.36,3.05,7.36,,,,1.15,-1.08,3.26,,,,2.85,0.65,4.78,,,,,,,,,,
2022-05-21,20.44,17.92,22.66,,,,48.7,46.04,50.72,,,,11.11,8.79,13.28,,,,8.55,6.24,10.59,,,,5.35,3.02,7.37,,,,1.15,-1.08,3.2,,,,2.84,0.64,4.73,,,,,,,,,,
2022-05-22,20.4,17.88,22.63,,,,48.72,46.06,50.76,,,,11.13,8.84,13.3,,,,8.56,6.29,10.6,,,,5.35,3.0,7.39,,,,1.15,-1.08,3.16,,,,2.83,0.64,4.74,,,,,,,,,,
2022-05-23,20.37,17.89,22.58,,,,48.74,46.09,50.78,,,,11.15,8.9,13.31,,,,8.57,6.32,10.61,,,,5.35,2.98,7.38,,,,1.15,-1.08,3.16,,,,2.82,0.64,4.75,,,,,,,,,,
2022-05-24,20.33,17.89,22.55,,,,48.76,46.14,50.76,,,,11.17,8.95,13.34,,,,8.58,6.33,10.63,,,,5.34,2.96,7.39,,,,1.15,-1.12,3.15,,,,2.82,0.64,4.77,,,,,,,,,,
2022-05-25,20.3,17.88,22.52,,,,48.78,46.17,50.74,,,,11.19,8.98,13.36,,,,8.59,6.35,10.66,,,,5.34,2.93,7.41,,,,1.15,-1.15,3.15,,,,2.81,0.63,4.78,,,,19.0,53.0,9.0,8.0,5.0,,3.0
2022-05-26,20.26,17.88,22.5,,,,48.8,46.21,50.75,,,,11.21,9.02,13.39,,,,8.6,6.38,10.68,,,,5.33,2.91,7.37,,,,1.15,-1.11,3.14,,,,2.8,0.64,4.81,,,,,,,,,,
2022-05-27,20.23,17.88,22.43,,,,48.81,46.26,50.8,,,,11.23,9.04,13.4,,,,8.61,6.39,10.7,,,,5.33,2.92,7.38,,,,1.15,-1.06,3.14,,,,2.79,0.64,4.82,,,,,,,,,,
2022-05-28,20.2,17.88,22.41,,,,48.83,46.3,50.87,,,,11.25,9.07,13.42,,,,8.63,6.42,10.68,,,,5.33,2.93,7.37,,,,1.14,-1.03,3.11,,,,2.78,0.64,4.83,,,,,,,,,,
2022-05-29,20.16,17.88,22.4,,,,48.85,46.36,50.95,,,,11.27,9.11,13.44,,,,8.64,6.45,10.66,,,,5.32,2.95,7.38,,,,1.14,-1.02,3.1,,,,2.78,0.64,4.84,,,,,,,,,,
2022-05-30,20.13,17.89,22.36,,,,48.87,46.41,50.92,,,,11.29,9.16,13.46,,,,8.65,6.48,10.7,,,,5.32,2.98,7.38,,,,1.14,-1.04,3.1,,,,2.77,0.64,4.85,,,,,,,,,,
2022-05-31,20.09,17.89,22.33,,,,48.89,46.47,50.9,,,,11.31,9.23,13.47,,,,8.66,6.5,10.7,,,,5.32,3.0,7.42,,,,1.14,-1.06,3.11,,,,2.76,0.64,4.83,,,,,,,,,,
2022-06-01,20.06,17.9,22.32,,,,48.9,46.49,50.97,,,,11.33,9.29,13.48,,,,8.67,6.55,10.7,,,,5.32,3.03,7.47,,,,1.14,-1.09,3.12,,,,2.76,0.64,4.79,,,,,,,,,,
2022-06-02,20.03,17.88,22.32,,,,48.92,46.52,51.04,,,,11.34,9.33,13.48,,,,8.69,6.61,10.7,,,,5.31,3.06,7.48,,,,1.14,-1.09,3.11,,,,2.75,0.64,4.75,,,,,,,,,,
2022-06-03,19.99,17.87,22.31,,,,48.94,46.56,51.06,,,,11.36,9.37,13.49,,,,8.7,6.62,10.7,,,,5.31,3.12,7.43,,,,1.14,-1.09,3.13,,,,2.75,0.65,4.71,,,,18.0,47.0,15.0,9.0,5.0,1.0,4.0
2022-06-04,19.96,17.87,22.27,,,,48.95,46.59,51.07,,,,11.37,9.42,13.54,,,,8.71,6.63,10.71,,,,5.31,3.13,7.41,,,,1.13,-1.09,3.12,,,,2.74,0.69,4.66,,,,,,,,,,
2022-06-05,19.93,17.84,22.2,,,,48.97,46.65,51.06,,,,11.39,9.46,13.56,,,,8.72,6.64,10.71,,,,5.31,3.15,7.42,,,,1.13,-1.08,3.11,,,,2.74,0.71,4.61,,,,,,,,,,
2022-06-06,19.9,17.8,22.14,,,,48.98,46.66,51.06,,,,11.4,9.51,13.57,,,,8.73,6.65,10.71,,,,5.31,3.18,7.42,,,,1.13,-1.12,3.08,,,,2.74,0.74,4.58,,,,,,,,,,
2022-06-07,19.86,17.75,22.09,,,,49.0,46.71,51.06,,,,11.42,9.56,13.59,,,,8.74,6.67,10.71,,,,5.31,3.21,7.42,,,,1.13,-1.18,3.08,,,,2.73,0.78,4.6,,,,,,,,,,
2022-06-08,19.83,17.71,22.08,,,,49.01,46.78,51.06,,,,11.43,9.58,13.6,,,,8.75,6.72,10.72,,,,5.3,3.24,7.42,,,,1.13,-1.21,3.09,,,,2.73,0.81,4.61,,,,,,,,,,
2022-06-09,19.8,17.68,22.09,,,,49.03,46.78,51.06,,,,11.44,9.63,13.6,,,,8.76,6.75,10.73,,,,5.3,3.27,7.43,,,,1.13,-1.26,3.09,,,,2.73,0.85,4.63,,,,19.0,50.0,10.0,9.0,6.0,2.0,2.0
2022-06-10,19.77,17.65,22.11,,,,49.04,46.81,51.07,,,,11.46,9.65,13.61,,,,8.76,6.77,10.74,,,,5.3,3.31,7.45,,,,1.12,-1.32,3.09,,,,2.73,0.89,4.66,,,,,,,,,,
2022-06-11,19.74,17.62,22.07,,,,49.06,46.84,51.08,,,,11.47,9.68,13.61,,,,8.77,6.79,10.74,,,,5.3,3.34,7.46,,,,1.12,-1.31,3.09,,,,2.73,0.93,4.68,,,,,,,,,,
2022-06-12,19.71,17.62,22.03,,,,49.07,46.88,51.04,,,,11.48,9.67,13.61,,,,8.78,6.82,10.79,,,,5.3,3.37,7.47,,,,1.12,-1.29,3.08,,,,2.73,0.97,4.7,,,,,,,,,,
2022-06-13,19.68,17.63,21.97,,,,49.09,46.91,51.03,,,,11.49,9.67,13.64,,,,8.78,6.84,10.78,,,,5.3,3.4,7.45,,,,1.12,-1.28,3.07,,,,2.73,0.99,4.74,,,,,,,,,,
2022-06-14,19.65,17.63,21.94,,,,49.1,46.95,51.02,,,,11.5,9.66,13.69,,,,8.79,6.86,10.75,,,,5.31,3.43,7.43,,,,1.12,-1.28,3.05,,,,2.73,1.01,4.78,,,,,,,,,,
2022-06-15,19.63,17.63,21.92,,,,49.12,46.99,51.01,,,,11.51,9.67,13.72,,,,8.8,6.89,10.75,,,,5.31,3.46,7.41,,,,1.11,-1.28,3.03,,,,2.73,1.03,4.79,,,,,,,,,,
2022-06-16,19.6,17.59,21.91,,,,49.13,47.03,51.02,,,,11.52,9.66,13.71,,,,8.8,6.91,10.74,,,,5.31,3.49,7.38,,,,1.11,-1.28,3.0,,,,2.74,1.04,4.77,,,,21.0,49.0,10.0,8.0,4.0,1.0,5.0
2022-06-17,19.57,17.56,21.89,,,,49.15,47.08,51.06,,,,11.53,9.67,13.69,,,,8.81,6.94,10.74,,,,5.31,3.51,7.35,,,,1.11,-1.29,3.01,,,,2.74,1.06,4.76,,,,,,,,,,
2022-06-18,19.54,17.52,21.87,,,,49.16,47.11,51.09,,,,11.54,9.71,13.71,,,,8.81,6.96,10.74,,,,5.31,3.5,7.33,,,,1.11,-1.3,3.02,,,,2.74,1.08,4.77,,,,,,,,,,
2022-06-19,19.52,17.52,21.85,,,,49.18,47.12,51.13,,,,11.54,9.74,13.7,,,,8.81,6.99,10.73,,,,5.32,3.5,7.32,,,,1.11,-1.32,3.01,,,,2.74,1.1,4.75,,,,,,,,,,
2022-06-20,19.49,17.53,21.83,,,,49.19,47.14,51.15,,,,11.55,9.78,13.69,,,,8.82,7.01,10.73,,,,5.32,3.5,7.29,,,,1.11,-1.34,2.99,,,,2.75,1.11,4.76,,,,,,,,,,
2022-06-21,19.46,17.54,21.8,,,,49.21,47.19,51.15,,,,11.55,9.82,13.68,,,,8.82,7.01,10.72,,,,5.32,3.52,7.29,,,,1.1,-1.35,2.98,,,,2.75,1.13,4.78,,,,,,,,,,
2022-06-22,19.44,17.55,21.77,,,,49.22,47.24,51.15,,,,11.56,9.87,13.66,,,,8.82,7.03,10.71,,,,5.32,3.5,7.32,,,,1.1,-1.35,2.98,,,,2.75,1.14,4.77,,,,,,,,,,
2022-06-23,19.41,17.53,21.65,,,,49.24,47.29,51.15,,,,11.56,9.88,13.66,,,,8.83,7.06,10.7,,,,5.33,3.49,7.35,,,,1.1,-1.35,2.99,,,,2.76,1.14,4.79,,,,20.0,51.0,10.0,10.0,5.0,1.0,2.0
2022-06-24,19.38,17.51,21.54,,,,49.26,47.32,51.15,,,,11.56,9.86,13.64,,,,8.83,7.08,10.68,,,,5.33,3.5,7.38,,,,1.1,-1.35,3.01,,,,2.76,1.13,4.76,,,,,,,,,,
2022-06-25,19.36,17.51,21.55,,,,49.28,47.32,51.14,,,,11.57,9.83,13.62,,,,8.83,7.1,10.67,,,,5.34,3.5,7.4,,,,1.1,-1.34,3.02,,,,2.76,1.12,4.75,,,,,,,,,,
2022-06-26,19.33,17.52,21.56,,,,49.3,47.31,51.14,,,,11.57,9.78,13.63,,,,8.84,7.15,10.65,,,,5.34,3.5,7.37,,,,1.1,-1.32,3.03,,,,2.77,1.12,4.74,,,,,,,,,,
2022-06-27,19.3,17.53,21.53,,,,49.32,47.33,51.15,,,,11.57,9.75,13.64,,,,8.84,7.15,10.66,,,,5.35,3.47,7.35,,,,1.1,-1.35,3.04,,,,2.77,1.14,4.77,,,,,,,,,,
2022-06-28,19.28,17.53,21.49,,,,49.34,47.37,51.13,,,,11.57,9.7,13.64,,,,8.84,7.14,10.66,,,,5.35,3.48,7.34,,,,1.1,-1.35,3.05,,,,2.77,1.17,4.77,,,,,,,,,,
2022-06-29,19.25,17.52,21.5,,,,49.36,47.37,51.15,,,,11.57,9.68,13.64,,,,8.84,7.16,10.68,,,,5.36,3.49,7.34,,,,1.1,-1.34,3.06,,,,2.78,1.16,4.75,,,,21.0,45.0,12.0,9.0,7.0,1.0,2.0
2022-06-30,19.23,17.49,21.44,,,,49.38,47.45,51.19,,,,11.57,9.69,13.65,,,,8.85,7.14,10.68,,,,5.36,3.53,7.33,,,,1.1,-1.35,3.07,,,,2.78,1.16,4.73,,,,,,,,,,
2022-07-01,19.2,17.48,21.38,,,,49.4,47.5,51.21,,,,11.56,9.7,13.6,,,,8.85,7.15,10.68,,,,5.37,3.54,7.31,,,,1.1,-1.36,3.08,,,,2.78,1.16,4.71,,,,,,,,,,
2022-07-02,19.18,17.43,21.35,,,,49.42,47.56,51.22,,,,11.56,9.68,13.54,,,,8.85,7.15,10.68,,,,5.37,3.53,7.31,,,,1.1,-1.37,3.09,,,,2.78,1.18,4.69,,,,,,,,,,
2022-07-03,19.15,17.41,21.32,,,,49.45,47.6,51.24,,,,11.56,9.66,13.49,,,,8.85,7.16,10.68,,,,5.38,3.54,7.33,,,,1.1,-1.4,3.08,,,,2.78,1.2,4.67,,,,,,,,,,
2022-07-04,19.13,17.4,21.29,,,,49.47,47.67,51.31,,,,11.55,9.63,13.52,,,,8.85,7.19,10.68,,,,5.38,3.56,7.32,,,,1.1,-1.43,3.1,,,,2.78,1.22,4.69,,,,,,,,,,
2022-07-05,19.1,17.4,21.26,,,,49.5,47.67,51.34,,,,11.55,9.61,13.48,,,,8.86,7.22,10.66,,,,5.39,3.59,7.29,,,,1.09,-1.46,3.11,,,,2.78,1.23,4.76,,,,,,,,,,
2022-07-06,19.08,17.39,21.23,,,,49.52,47.66,51.33,,,,11.54,9.59,13.45,,,,8.86,7.23,10.64,,,,5.4,3.63,7.3,,,,1.09,-1.47,3.12,,,,2.78,1.24,4.75,,,,,,,,,,
2022-07-07,19.05,17.36,21.19,,,,49.55,47.65,51.3,,,,11.54,9.56,13.48,,,,8.86,7.24,10.61,,,,5.4,3.65,7.31,,,,1.09,-1.43,3.12,,,,2.78,1.25,4.75,,,,16.0,49.0,16.0,9.0,5.0,1.0,2.0
2022-07-08,19.03,17.32,21.15,,,,49.58,47.72,51.3,,,,11.53,9.53,13.5,,,,8.86,7.24,10.59,,,,5.41,3.65,7.32,,,,1.09,-1.41,3.13,,,,2.78,1.25,4.74,,,,,,,,,,
2022-07-09,19.01,17.29,21.1,,,,49.6,47.77,51.35,,,,11.52,9.5,13.51,,,,8.87,7.24,10.57,,,,5.41,3.65,7.3,,,,1.1,-1.42,3.13,,,,2.78,1.26,4.74,,,,,,,,,,
2022-07-10,18.98,17.25,21.09,,,,49.63,47.82,51.41,,,,11.51,9.46,13.52,,,,8.87,7.22,10.54,,,,5.42,3.64,7.33,,,,1.1,-1.42,3.13,,,,2.78,1.25,4.76,,,,,,,,,,
2022-07-11,18.96,17.23,21.06,,,,49.67,47.8,51.46,,,,11.5,9.41,13.54,,,,8.87,7.23,10.56,,,,5.43,3.63,7.34,,,,1.1,-1.42,3.14,,,,2.78,1.22,4.82,,,,,,,,,,
2022-07-12,18.93,17.19,21.04,,,,49.7,47.77,51.47,,,,11.49,9.39,13.51,,,,8.87,7.24,10.58,,,,5.43,3.63,7.37,,,,1.1,-1.4,3.15,,,,2.77,1.2,4.87,,,,,,,,,,
2022-07-13,18.91,17.16,21.01,,,,49.73,47.75,51.49,,,,11.48,9.4,13.44,,,,8.87,7.23,10.58,,,,5.44,3.62,7.38,,,,1.1,-1.38,3.18,,,,2.77,1.17,4.83,,,,,,,,,,
2022-07-14,18.88,17.15,20.98,,,,49.77,47.74,51.53,,,,11.47,9.38,13.42,,,,8.87,7.16,10.61,,,,5.44,3.62,7.39,,,,1.1,-1.34,3.21,,,,2.76,1.15,4.79,,,,16.0,53.0,15.0,8.0,4.0,,2.0
2022-07-15,18.86,17.15,20.95,,,,49.8,47.78,51.57,,,,11.45,9.35,13.42,,,,8.87,7.08,10.63,,,,5.45,3.63,7.37,,,,1.1,-1.31,3.26,,,,2.76,1.14,4.74,,,,,,,,,,
2022-07-16,18.83,17.15,20.97,,,,49.84,47.85,51.61,,,,11.44,9.29,13.43,,,,8.87,7.05,10.65,,,,5.45,3.63,7.36,,,,1.1,-1.27,3.26,,,,2.76,1.11,4.71,,,,,,,,,,
2022-07-17,18.81,17.09,20.98,,,,49.88,47.86,51.66,,,,11.43,9.28,13.44,,,,8.88,7.03,10.66,,,,5.46,3.63,7.34,,,,1.1,-1.23,3.27,,,,2.75,1.11,4.76,,,,,,,,,,
2022-07-18,18.78,17.1,21.0,,,,49.92,47.86,51.7,,,,11.41,9.27,13.39,,,,8.88,7.0,10.67,,,,5.46,3.65,7.34,,,,1.1,-1.2,3.29,,,,2.75,1.1,4.75,,,,,,,,,,
2022-07-19,18.76,17.05,21.0,,,,49.97,47.88,51.75,,,,11.4,9.26,13.38,,,,8.88,6.99,10.69,,,,5.47,3.66,7.34,,,,1.1,-1.2,3.32,,,,2.74,1.1,4.7,,,,,,,,,,
2022-07-20,18.73,17.01,20.96,,,,50.01,47.9,51.79,,,,11.38,9.24,13.37,,,,8.88,6.97,10.73,,,,5.47,3.68,7.4,,,,1.1,-1.18,3.34,,,,2.73,1.09,4.64,,,,,,,,,,
2022-07-21,18.71,16.97,20.89,,,,50.06,47.99,51.84,,,,11.36,9.24,13.34,,,,8.87,6.96,10.73,,,,5.48,3.73,7.44,,,,1.1,-1.14,3.37,,,,2.73,1.1,4.64,,,,,,,,,,
2022-07-22,18.68,16.93,20.87,,,,50.11,47.99,51.9,,,,11.34,9.27,13.3,,,,8.87,6.95,10.76,,,,5.48,3.78,7.48,,,,1.1,-1.11,3.35,,,,2.72,1.1,4.65,,,,20.0,48.0,11.0,10.0,5.0,1.0,3.0
2022-07-23,18.65,16.89,20.86,,,,50.16,47.97,51.95,,,,11.33,9.3,13.28,,,,8.87,6.95,10.78,,,,5.49,3.81,7.49,,,,1.1,-1.07,3.32,,,,2.72,1.1,4.66,,,,,,,,,,
2022-07-24,18.63,16.86,20.83,,,,50.21,48.03,52.0,,,,11.31,9.32,13.3,,,,8.87,6.94,10.79,,,,5.49,3.83,7.52,,,,1.1,-1.04,3.33,,,,2.71,1.07,4.68,,,,,,,,,,
2022-07-25,18.6,16.81,20.8,,,,50.26,48.1,52.04,,,,11.29,9.32,13.33,,,,8.87,6.97,10.8,,,,5.5,3.85,7.53,,,,1.1,-1.0,3.34,,,,2.7,1.07,4.68,,,,,,,,,,
2022-07-26,18.57,16.73,20.79,,,,50.32,48.19,52.09,,,,11.27,9.31,13.33,,,,8.87,6.92,10.8,,,,5.5,3.81,7.51,,,,1.1,-1.02,3.34,,,,2.7,1.07,4.69,,,,,,,,,,
2022-07-27,18.54,16.7,20.79,,,,50.37,48.27,52.14,,,,11.25,9.29,13.34,,,,8.87,6.91,10.77,,,,5.51,3.78,7.49,,,,1.1,-1.0,3.33,,,,2.69,1.07,4.7,,,,,,,,,,
2022-07-28,18.51,16.67,20.76,,,,50.43,48.35,52.21,,,,11.23,9.27,13.35,,,,8.86,6.91,10.74,,,,5.51,3.76,7.47,,,,1.1,-0.98,3.32,,,,2.68,1.04,4.7,,,,20.0,47.0,13.0,9.0,5.0,1.0,2.0
2022-07-29,18.48,16.65,20.7,,,,50.49,48.45,52.27,,,,11.21,9.25,13.34,,,,8.86,6.9,10.7,,,,5.52,3.71,7.44,,,,1.1,-0.94,3.34,,,,2.68,0.98,4.71,,,,,,,,,,
2022-07-30,18.45,16.64,20.66,,,,50.55,48.52,52.33,,,,11.18,9.25,13.31,,,,8.86,6.89,10.65,,,,5.52,3.68,7.41,,,,1.1,-0.94,3.37,,,,2.67,0.93,4.71,,,,,,,,,,
2022-07-31,18.42,16.6,20.62,,,,50.62,48.54,52.44,,,,11.16,9.27,13.27,,,,8.85,6.89,10.63,,,,5.53,3.7,7.38,,,,1.09,-0.94,3.36,,,,2.67,0.91,4.71,,,,,,,,,,
2022-08-01,18.38,16.53,20.58,,,,50.68,48.58,52.55,,,,11.14,9.28,13.23,,,,8.85,6.89,10.64,,,,5.53,3.73,7.36,,,,1.09,-0.91,3.38,,,,2.66,0.94,4.71,,,,,,,,,,
2022-08-02,18.35,16.46,20.54,,,,50.75,48.61,52.67,,,,11.12,9.29,13.21,,,,8.84,6.88,10.65,,,,5.53,3.75,7.37,,,,1.09,-0.91,3.4,,,,2.66,0.95,4.7,,,,,,,,,,
2022-08-03,18.32,16.39,20.5,,,,50.82,48.64,52.79,,,,11.09,9.26,13.18,,,,8.84,6.92,10.67,,,,5.54,3.81,7.37,,,,1.09,-0.92,3.39,,,,2.65,0.97,4.72,,,,,,,,,,
2022-08-04,18.28,16.32,20.45,,,,50.9,48.7,52.91,,,,11.07,9.22,13.15,,,,8.83,6.95,10.67,,,,5.54,3.88,7.37,,,,1.09,-0.92,3.37,,,,2.65,1.0,4.74,,,,,,,,,,
2022-08-05,18.24,16.29,20.41,,,,50.97,48.8,53.03,,,,11.04,9.17,13.12,,,,8.82,6.92,10.65,,,,5.54,3.86,7.37,,,,1.09,-0.93,3.39,,,,2.64,1.02,4.77,,,,22.0,48.0,9.0,10.0,6.0,1.0,2.0
2022-08-06,18.2,16.26,20.37,,,,51.05,48.88,53.15,,,,11.02,9.13,13.09,,,,8.81,6.93,10.62,,,,5.55,3.87,7.37,,,,1.09,-0.94,3.46,,,,2.64,0.98,4.71,,,,,,,,,,
2022-08-07,18.16,16.24,20.33,,,,51.13,48.98,53.27,,,,10.99,9.09,13.06,,,,8.8,6.96,10.59,,,,5.55,3.89,7.38,,,,1.09,-0.94,3.47,,,,2.63,0.94,4.65,,,,,,,,,,
2022-08-08,18.12,16.21,20.3,,,,51.22,49.04,53.38,,,,10.96,9.08,13.03,,,,8.79,6.98,10.57,,,,5.55,3.92,7.41,,,,1.09,-0.94,3.48,,,,2.63,0.94,4.64,,,,,,,,,,
2022-08-09,18.08,16.18,20.28,,,,51.3,49.09,53.5,,,,10.94,9.06,12.99,,,,8.78,7.0,10.53,,,,5.56,3.92,7.43,,,,1.09,-0.93,3.48,,,,2.63,0.95,4.62,,,,,,,,,,
2022-08-10,18.04,16.15,20.29,,,,51.39,49.15,53.65,,,,10.91,9.03,12.96,,,,8.77,6.99,10.5,,,,5.56,3.9,7.41,,,,1.09,-0.92,3.49,,,,2.63,0.96,4.59,,,,16.0,51.0,10.0,9.0,7.0,1.0,4.0
2022-08-11,18.0,16.13,20.2,,,,51.48,49.21,53.79,,,,10.88,9.01,12.9,,,,8.76,6.95,10.48,,,,5.56,3.88,7.41,,,,1.09,-0.91,3.49,,,,2.62,0.97,4.57,,,,,,,,,,
2022-08-12,17.95,16.09,20.16,,,,51.58,49.33,53.94,,,,10.85,8.96,12.88,,,,8.74,6.89,10.45,,,,5.57,3.85,7.38,,,,1.09,-0.91,3.49,,,,2.62,0.95,4.55,,,,,,,,,,
2022-08-13,17.9,16.03,20.08,,,,51.67,49.42,54.01,,,,10.82,8.91,12.86,,,,8.73,6.88,10.42,,,,5.57,3.81,7.35,,,,1.08,-0.9,3.48,,,,2.62,0.91,4.5,,,,,,,,,,
2022-08-14,17.86,16.0,20.06,,,,51.77,49.49,54.12,,,,10.79,8.86,12.84,,,,8.71,6.88,10.4,,,,5.57,3.77,7.33,,,,1.08,-0.89,3.48,,,,2.62,0.88,4.46,,,,,,,,,,
2022-08-15,17.81,15.96,20.02,,,,51.87,49.54,54.25,,,,10.76,8.82,12.8,,,,8.7,6.9,10.38,,,,5.57,3.74,7.31,,,,1.08,-0.87,3.47,,,,2.62,0.84,4.48,,,,,,,,,,
2022-08-16,17.76,15.92,19.99,,,,51.97,49.57,54.46,,,,10.73,8.78,12.77,,,,8.68,6.91,10.37,,,,5.58,3.77,7.29,,,,1.08,-0.85,3.46,,,,2.62,0.89,4.46,,,,,,,,,,
2022-08-17,17.71,15.83,19.95,,,,52.08,49.73,54.67,,,,10.7,8.75,12.74,,,,8.66,6.89,10.36,,,,5.58,3.79,7.27,,,,1.08,-0.83,3.44,,,,2.62,0.92,4.47,,,,19.0,50.0,10.0,10.0,6.0,1.0,3.0
2022-08-18,17.66,15.75,19.87,,,,52.18,49.91,54.84,,,,10.67,8.72,12.71,,,,8.64,6.87,10.34,,,,5.58,3.78,7.25,,,,1.08,-0.82,3.43,,,,2.62,0.94,4.49,,,,,,,,,,
2022-08-19,17.6,15.73,19.79,,,,52.29,50.08,54.93,,,,10.64,8.69,12.67,,,,8.62,6.86,10.33,,,,5.58,3.78,7.27,,,,1.08,-0.81,3.43,,,,2.63,0.9,4.51,,,,,,,,,,
2022-08-20,17.55,15.66,19.76,,,,52.4,50.15,55.03,,,,10.6,8.67,12.63,,,,8.61,6.86,10.3,,,,5.58,3.77,7.29,,,,1.08,-0.8,3.43,,,,2.63,0.87,4.5,,,,,,,,,,
2022-08-21,17.5,15.6,19.72,,,,52.51,50.19,55.12,,,,10.57,8.67,12.6,,,,8.58,6.84,10.25,,,,5.59,3.77,7.31,,,,1.08,-0.81,3.41,,,,2.63,0.84,4.48,,,,,,,,,,
2022-08-22,17.45,15.54,19.67,,,,52.62,50.24,55.21,,,,10.54,8.68,12.56,,,,8.56,6.8,10.2,,,,5.59,3.76,7.3,,,,1.08,-0.79,3.42,,,,2.63,0.81,4.46,,,,,,,,,,
2022-08-23,17.39,15.48,19.64,,,,52.73,50.29,55.3,,,,10.51,8.67,12.52,,,,8.54,6.79,10.14,,,,5.59,3.76,7.28,,,,1.08,-0.77,3.42,,,,2.64,0.79,4.44,,,,,,,,,,
2022-08-24,17.34,15.42,19.57,,,,52.85,50.39,55.53,,,,10.47,8.61,12.46,,,,8.52,6.77,10.08,,,,5.59,3.76,7.29,,,,1.08,-0.77,3.41,,,,2.64,0.81,4.44,,,,22.0,49.0,11.0,6.0,5.0,1.0,5.0
2022-08-25,17.28,15.28,19.5,,,,52.96,50.47,55.67,,,,10.44,8.58,12.39,,,,8.5,6.77,10.07,,,,5.59,3.76,7.27,,,,1.08,-0.76,3.4,,,,2.65,0.79,4.44,,,,,,,,,,
2022-08-26,17.23,15.16,19.45,,,,53.08,50.5,55.75,,,,10.41,8.55,12.32,,,,8.47,6.76,10.09,,,,5.59,3.76,7.29,,,,1.08,-0.79,3.4,,,,2.65,0.77,4.44,,,,,,,,,,
2022-08-27,17.17,15.06,19.41,,,,53.19,50.56,55.84,,,,10.37,8.54,12.29,,,,8.45,6.75,10.08,,,,5.59,3.74,7.3,,,,1.08,-0.82,3.39,,,,2.66,0.75,4.45,,,,,,,,,,
2022-08-28,17.12,15.05,19.38,,,,53.31,50.64,55.95,,,,10.34,8.52,12.28,,,,8.42,6.73,10.04,,,,5.59,3.72,7.32,,,,1.08,-0.83,3.38,,,,2.66,0.74,4.46,,,,,,,,,,
2022-08-29,17.06,15.05,19.32,,,,53.43,50.68,56.12,,,,10.31,8.46,12.27,,,,8.4,6.67,10.0,,,,5.59,3.7,7.32,,,,1.08,-0.78,3.39,,,,2.67,0.72,4.46,,,,,,,,,,
2022-08-30,17.01,15.04,19.26,,,,53.54,50.73,56.31,,,,10.27,8.41,12.25,,,,8.37,6.59,10.0,,,,5.59,3.69,7.33,,,,1.08,-0.73,3.41,,,,2.68,0.71,4.46,,,,,,,,,,
2022-08-31,16.96,15.01,19.19,,,,53.66,50.8,56.49,,,,10.24,8.36,12.21,,,,8.34,6.52,10.0,,,,5.59,3.68,7.34,,,,1.08,-0.74,3.42,,,,2.68,0.72,4.47,,,,,,,,,,
2022-09-01,16.9,14.95,19.13,,,,53.78,50.9,56.68,,,,10.2,8.32,12.16,,,,8.32,6.45,10.0,,,,5.59,3.71,7.34,,,,1.08,-0.73,3.44,,,,2.69,0.74,4.51,,,,16.0,53.0,12.0,8.0,7.0,1.0,2.0
2022-09-02,16.85,14.89,19.07,,,,53.89,50.95,56.85,,,,10.17,8.29,12.13,,,,8.29,6.38,9.99,,,,5.59,3.72,7.34,,,,1.09,-0.74,3.45,,,,2.7,0.77,4.54,,,,,,,,,,
2022-09-03,16.79,14.79,19.0,,,,54.01,51.03,56.98,,,,10.14,8.24,12.09,,,,8.26,6.31,9.99,,,,5.59,3.72,7.3,,,,1.09,-0.72,3.45,,,,2.7,0.78,4.59,,,,,,,,,,
2022-09-04,16.74,14.69,18.94,,,,54.13,51.17,57.06,,,,10.1,8.19,12.07,,,,8.23,6.24,9.92,,,,5.59,3.74,7.28,,,,1.09,-0.66,3.38,,,,2.71,0.81,4.57,,,,,,,,,,
2022-09-05,16.69,14.6,18.87,,,,54.25,51.26,57.15,,,,10.07,8.14,12.04,,,,8.21,6.21,9.91,,,,5.59,3.76,7.3,,,,1.09,-0.65,3.33,,,,2.72,0.84,4.55,,,,,,,,,,
2022-09-06,16.64,14.5,18.86,,,,54.36,51.32,57.22,,,,10.03,8.1,12.0,,,,8.18,6.2,9.9,,,,5.58,3.78,7.31,,,,1.09,-0.67,3.3,,,,2.73,0.87,4.59,,,,,,,,,,
2022-09-07,16.58,14.43,18.84,,,,54.48,51.39,57.3,,,,10.0,8.07,11.96,,,,8.15,6.19,9.89,,,,5.58,3.8,7.32,,,,1.1,-0.7,3.29,,,,2.74,0.89,4.62,,,,16.0,56.0,9.0,9.0,5.0,2.0,2.0
2022-09-08,16.53,14.39,18.83,,,,54.59,51.46,57.43,,,,9.96,8.03,11.92,,,,8.12,6.17,9.88,,,,5.58,3.81,7.33,,,,1.1,-0.74,3.27,,,,2.75,0.84,4.61,,,,,,,,,,
2022-09-09,16.48,14.34,18.8,,,,54.71,51.53,57.55,,,,9.93,8.0,11.88,,,,8.09,6.16,9.86,,,,5.58,3.81,7.32,,,,1.1,-0.76,3.21,,,,2.75,0.81,4.71,,,,,,,,,,
2022-09-10,16.43,14.3,18.79,,,,54.82,51.6,57.66,,,,9.9,7.97,11.83,,,,8.06,6.15,9.85,,,,5.58,3.76,7.34,,,,1.1,-0.76,3.14,,,,2.76,0.8,4.69,,,,,,,,,,
2022-09-11,16.38,14.26,18.77,,,,54.93,51.67,57.78,,,,9.86,7.93,11.79,,,,8.03,6.15,9.82,,,,5.57,3.79,7.34,,,,1.11,-0.77,3.12,,,,2.77,0.8,4.66,,,,,,,,,,
2022-09-12,16.33,14.2,18.74,,,,55.05,51.74,57.89,,,,9.83,7.91,11.75,,,,8.0,6.15,9.77,,,,5.57,3.81,7.34,,,,1.11,-0.77,3.09,,,,2.78,0.76,4.64,,,,15.0,55.0,10.0,10.0,6.0,1.0,2.0
2022-09-13,16.28,14.13,18.69,,,,55.16,51.8,58.0,,,,9.79,7.88,11.7,,,,7.97,6.15,9.72,,,,5.57,3.77,7.34,,,,1.11,-0.75,3.08,,,,2.79,0.78,4.61,,,,,,,,,,
2022-09-14,16.23,14.03,18.63,,,,55.27,51.87,58.11,,,,9.76,7.83,11.65,,,,7.94,6.15,9.67,,,,5.56,3.79,7.33,,,,1.11,-0.72,3.12,,,,2.8,0.79,4.62,,,,,,,,,,
2022-09-15,16.18,13.96,18.58,,,,55.38,51.94,58.22,,,,9.73,7.75,11.59,,,,7.91,6.1,9.62,,,,5.56,3.76,7.34,,,,1.12,-0.69,3.15,,,,2.81,0.81,4.64,,,,,,,,,,
2022-09-16,16.13,13.94,18.53,,,,55.49,52.0,58.33,,,,9.7,7.69,11.55,,,,7.88,6.05,9.59,,,,5.56,3.74,7.37,,,,1.12,-0.67,3.13,,,,2.82,0.82,4.66,,,,,,,,,,
2022-09-17,16.09,13.88,18.47,,,,55.59,52.08,58.45,,,,9.66,7.64,11.51,,,,7.85,6.03,9.59,,,,5.56,3.72,7.38,,,,1.12,-0.65,3.13,,,,2.84,0.82,4.68,,,,,,,,,,
2022-09-18,16.04,13.86,18.42,,,,55.7,52.15,58.56,,,,9.63,7.61,11.48,,,,7.82,5.96,9.58,,,,5.55,3.69,7.41,,,,1.12,-0.69,3.11,,,,2.85,0.8,4.71,,,,,,,,,,
2022-09-19,15.99,13.8,18.36,,,,55.8,52.26,58.67,,,,9.6,7.57,11.45,,,,7.8,5.95,9.54,,,,5.55,3.67,7.44,,,,1.13,-0.72,3.12,,,,2.86,0.79,4.72,,,,,,,,,,
2022-09-20,15.94,13.73,18.31,,,,55.91,52.37,58.79,,,,9.57,7.52,11.41,,,,7.77,5.94,9.5,,,,5.55,3.66,7.46,,,,1.13,-0.71,3.16,,,,2.87,0.78,4.74,,,,,,,,,,
2022-09-21,15.9,13.66,18.27,,,,56.01,52.47,58.91,,,,9.54,7.48,11.38,,,,7.74,5.95,9.47,,,,5.54,3.65,7.43,,,,1.13,-0.7,3.2,,,,2.88,0.77,4.76,,,,,,,,,,
2022-09-22,15.85,13.6,18.26,,,,56.11,52.54,59.02,,,,9.51,7.43,11.35,,,,7.71,5.92,9.44,,,,5.54,3.63,7.41,,,,1.14,-0.7,3.24,,,,2.89,0.76,4.77,,,,22.0,48.0,8.0,9.0,7.0,1.0,2.0
2022-09-23,15.81,13.53,18.26,,,,56.21,52.63,59.13,,,,9.49,7.38,11.32,,,,7.68,5.85,9.4,,,,5.53,3.62,7.42,,,,1.14,-0.71,3.22,,,,2.9,0.79,4.8,,,,,,,,,,
2022-09-24,15.76,13.5,18.24,,,,56.3,52.69,59.27,,,,9.46,7.35,11.29,,,,7.65,5.79,9.36,,,,5.53,3.61,7.43,,,,1.14,-0.71,3.19,,,,2.91,0.81,4.82,,,,,,,,,,
2022-09-25,15.72,13.46,18.18,,,,56.4,52.75,59.39,,,,9.43,7.31,11.25,,,,7.62,5.73,9.33,,,,5.53,3.61,7.45,,,,1.14,-0.73,3.19,,,,2.92,0.84,4.85,,,,17.0,53.0,12.0,9.0,5.0,1.0,2.0
2022-09-26,15.67,13.44,18.12,,,,56.5,52.81,59.52,,,,9.4,7.26,11.26,,,,7.59,5.67,9.3,,,,5.52,3.62,7.46,,,,1.15,-0.73,3.2,,,,2.94,0.87,4.88,,,,,,,,,,
2022-09-27,15.63,13.41,18.05,,,,56.59,52.92,59.64,,,,9.38,7.22,11.28,,,,7.56,5.62,9.29,,,,5.52,3.62,7.48,,,,1.15,-0.69,3.2,,,,2.95,0.89,4.92,,,,,,,,,,
2022-09-28,15.59,13.34,17.98,,,,56.68,53.09,59.76,,,,9.35,7.18,11.29,,,,7.53,5.6,9.27,,,,5.51,3.61,7.43,,,,1.15,-0.65,3.15,,,,2.96,0.92,4.95,,,,,,,,,,
2022-09-29,15.54,13.29,17.91,,,,56.77,53.26,59.87,,,,9.33,7.15,11.3,,,,7.5,5.58,9.27,,,,5.51,3.62,7.39,,,,1.16,-0.68,3.12,,,,2.97,0.94,4.99,,,,12.0,64.0,8.0,7.0,4.0,1.0,2.0
2022-09-30,15.5,13.22,17.85,,,,56.86,53.37,59.98,,,,9.3,7.13,11.31,,,,7.47,5.56,9.26,,,,5.5,3.62,7.41,,,,1.16,-0.73,3.12,,,,2.98,0.95,5.02,,,,,,,,,,
2022-10-01,15.46,13.19,17.85,,,,56.95,53.5,60.07,,,,9.28,7.12,11.32,,,,7.44,5.55,9.25,,,,5.5,3.63,7.43,,,,1.16,-0.75,3.13,,,,3.0,0.96,5.05,,,,,,,,,,
2022-10-02,15.42,13.19,17.81,,,,57.04,53.63,60.11,,,,9.26,7.09,11.3,,,,7.41,5.53,9.24,,,,5.49,3.63,7.45,,,,1.16,-0.8,3.14,,,,3.01,0.96,5.07,,,,,,,,,,
2022-10-03,15.38,13.13,17.73,,,,57.13,53.67,60.09,,,,9.24,7.08,11.28,,,,7.38,5.43,9.22,,,,5.48,3.64,7.47,,,,1.17,-0.81,3.13,,,,3.02,0.97,5.05,,,,,,,,,,
2022-10-04,15.34,13.04,17.7,,,,57.21,53.72,60.08,,,,9.21,7.07,11.26,,,,7.35,5.34,9.21,,,,5.48,3.6,7.49,,,,1.17,-0.81,3.14,,,,3.03,0.97,5.08,,,,,,,,,,
2022-10-05,15.3,12.93,17.69,,,,57.29,53.82,60.2,,,,9.19,7.06,11.22,,,,7.32,5.25,9.19,,,,5.47,3.56,7.51,,,,1.17,-0.79,3.14,,,,3.04,0.97,5.1,,,,,,,,,,
2022-10-06,15.27,12.89,17.69,,,,57.38,53.91,60.32,,,,9.17,7.06,11.19,,,,7.29,5.18,9.18,,,,5.46,3.53,7.53,,,,1.17,-0.74,3.14,,,,3.06,0.97,5.12,,,,,,,,,,
2022-10-07,15.23,12.86,17.67,,,,57.46,54.02,60.43,,,,9.15,7.05,11.18,,,,7.26,5.17,9.16,,,,5.45,3.48,7.56,,,,1.18,-0.7,3.15,,,,3.07,0.97,5.15,,,,14.0,60.0,8.0,8.0,5.0,,3.0
2022-10-08,15.2,12.79,17.65,,,,57.54,54.12,60.53,,,,9.13,7.05,11.18,,,,7.23,5.16,9.13,,,,5.44,3.44,7.57,,,,1.18,-0.7,3.15,,,,3.08,0.98,5.17,,,,,,,,,,
2022-10-09,15.16,12.75,17.6,,,,57.62,54.22,60.61,,,,9.11,7.01,11.17,,,,7.2,5.1,9.12,,,,5.44,3.42,7.57,,,,1.18,-0.71,3.15,,,,3.1,1.0,5.19,,,,,,,,,,
2022-10-10,15.13,12.71,17.58,,,,57.69,54.37,60.63,,,,9.09,6.97,11.16,,,,7.17,5.05,9.08,,,,5.43,3.42,7.56,,,,1.18,-0.72,3.15,,,,3.11,1.04,5.21,,,,,,,,,,
2022-10-11,15.1,12.68,17.56,,,,57.77,54.44,60.64,,,,9.07,6.92,11.14,,,,7.14,5.06,9.07,,,,5.42,3.42,7.56,,,,1.18,-0.74,3.16,,,,3.12,1.08,5.23,,,,,,,,,,
2022-10-12,15.06,12.64,17.53,,,,57.84,54.54,60.66,,,,9.05,6.9,11.13,,,,7.11,5.06,9.07,,,,5.41,3.4,7.55,,,,1.19,-0.75,3.18,,,,3.13,1.11,5.24,,,,13.0,59.0,8.0,8.0,8.0,,3.0
2022-10-13,15.03,12.62,17.51,,,,57.91,54.62,60.67,,,,9.03,6.91,11.11,,,,7.08,5.07,9.07,,,,5.4,3.4,7.48,,,,1.19,-0.77,3.2,,,,3.15,1.14,5.26,,,,,,,,,,
2022-10-14,15.0,12.59,17.44,,,,57.98,54.69,60.68,,,,9.01,6.87,11.11,,,,7.05,5.04,9.05,,,,5.39,3.4,7.48,,,,1.19,-0.78,3.26,,,,3.16,1.17,5.28,,,,,,,,,,
2022-10-15,14.98,12.57,17.36,,,,58.05,54.76,60.7,,,,8.99,6.82,11.12,,,,7.02,5.0,9.04,,,,5.38,3.37,7.48,,,,1.19,-0.77,3.28,,,,3.17,1.18,5.29,,,,,,,,,,
2022-10-16,14.95,12.53,17.29,,,,58.12,54.84,60.77,,,,8.98,6.78,11.07,,,,7.0,4.96,8.99,,,,5.37,3.34,7.46,,,,1.19,-0.76,3.32,,,,3.19,1.2,5.31,,,,,,,,,,
2022-10-17,14.92,12.47,17.22,,,,58.18,54.9,60.84,,,,8.96,6.73,11.05,,,,6.97,4.94,9.01,,,,5.37,3.31,7.44,,,,1.19,-0.77,3.36,,,,3.2,1.21,5.32,,,,,,,,,,
2022-10-18,14.9,12.43,17.17,,,,58.25,54.97,60.9,,,,8.94,6.69,11.04,,,,6.94,4.9,8.99,,,,5.36,3.29,7.42,,,,1.2,-0.79,3.41,,,,3.21,1.23,5.35,,,,,,,,,,
2022-10-19,14.87,12.37,17.15,,,,58.31,55.07,60.96,,,,8.92,6.68,10.98,,,,6.91,4.87,8.98,,,,5.35,3.27,7.4,,,,1.2,-0.81,3.44,,,,3.23,1.25,5.39,,,,,,,,,,
2022-10-20,14.85,12.28,17.14,,,,58.37,55.16,61.02,,,,8.9,6.69,10.94,,,,6.88,4.84,8.95,,,,5.34,3.23,7.38,,,,1.2,-0.83,3.46,,,,3.24,1.27,5.4,,,,,,,,,,
2022-10-21,14.82,12.2,17.12,,,,58.43,55.19,61.07,,,,8.88,6.7,10.91,,,,6.86,4.82,8.9,,,,5.33,3.21,7.38,,,,1.2,-0.85,3.47,,,,3.26,1.26,5.37,,,,9.0,68.0,9.0,4.0,4.0,1.0,4.0
2022-10-22,14.8,12.2,17.1,,,,58.49,55.27,61.12,,,,8.86,6.71,10.91,,,,6.83,4.82,8.85,,,,5.32,3.19,7.39,,,,1.2,-0.9,3.43,,,,3.27,1.26,5.38,,,,,,,,,,
2022-10-23,14.78,12.21,17.09,,,,58.55,55.34,61.18,,,,8.84,6.72,10.91,,,,6.8,4.75,8.84,,,,5.31,3.16,7.33,,,,1.2,-0.94,3.42,,,,3.29,1.26,5.39,,,,,,,,,,
2022-10-24,14.76,12.22,17.08,,,,58.6,55.42,61.25,,,,8.83,6.73,10.9,,,,6.77,4.73,8.83,,,,5.3,3.14,7.34,,,,1.2,-0.96,3.47,,,,3.3,1.25,5.4,,,,,,,,,,
2022-10-25,14.74,12.2,17.03,,,,58.66,55.49,61.31,,,,8.81,6.74,10.9,,,,6.75,4.71,8.79,,,,5.29,3.17,7.31,,,,1.2,-0.98,3.45,,,,3.32,1.25,5.41,,,,,,,,,,
2022-10-26,14.72,12.18,17.01,,,,58.71,55.55,61.37,,,,8.79,6.72,10.89,,,,6.72,4.69,8.71,,,,5.28,3.14,7.3,,,,1.2,-0.99,3.44,,,,3.34,1.25,5.42,,,,14.0,63.0,8.0,4.0,5.0,1.0,4.0
2022-10-27,14.71,12.16,16.99,,,,58.76,55.62,61.38,,,,8.77,6.71,10.87,,,,6.69,4.67,8.64,,,,5.28,3.07,7.25,,,,1.2,-1.0,3.41,,,,3.35,1.23,5.44,,,,,,,,,,
2022-10-28,14.69,12.15,16.97,,,,58.82,55.7,61.39,,,,8.75,6.68,10.85,,,,6.66,4.64,8.61,,,,5.27,3.06,7.24,,,,1.2,-1.01,3.39,,,,3.37,1.2,5.43,,,,,,,,,,
2022-10-29,14.67,12.13,16.95,,,,58.87,55.77,61.43,,,,8.73,6.66,10.83,,,,6.63,4.56,8.53,,,,5.26,3.08,7.27,,,,1.2,-1.03,3.4,,,,3.39,1.23,5.46,,,,,,,,,,
2022-10-30,14.66,12.13,16.93,,,,58.92,55.84,61.47,,,,8.71,6.65,10.83,,,,6.61,4.52,8.48,,,,5.25,3.09,7.27,,,,1.2,-1.05,3.41,,,,3.4,1.24,5.47,,,,,,,,,,
2022-10-31,14.64,12.13,16.9,,,,58.96,55.94,61.56,,,,8.7,6.63,10.86,,,,6.58,4.5,8.48,,,,5.24,3.11,7.24,,,,1.2,-1.06,3.41,,,,3.42,1.22,5.49,,,,,,,,,,
2022-11-01,14.63,12.12,16.89,,,,59.01,56.03,61.63,,,,8.68,6.61,10.85,,,,6.55,4.47,8.46,,,,5.23,3.13,7.21,,,,1.2,-1.07,3.43,,,,3.44,1.21,5.52,,,,,,,,,,
2022-11-02,14.62,12.12,16.89,,,,59.06,56.1,61.67,,,,8.66,6.61,10.83,,,,6.52,4.45,8.42,,,,5.22,3.15,7.18,,,,1.2,-1.11,3.46,,,,3.46,1.25,5.55,,,,11.0,66.0,8.0,7.0,5.0,1.0,2.0
2022-11-03,14.6,12.12,16.9,,,,59.1,56.17,61.71,,,,8.64,6.59,10.81,,,,6.5,4.43,8.38,,,,5.22,3.17,7.15,,,,1.2,-1.16,3.45,,,,3.48,1.29,5.56,,,,,,,,,,
2022-11-04,14.59,12.13,16.9,,,,59.14,56.24,61.75,,,,8.62,6.59,10.79,,,,6.47,4.41,8.35,,,,5.21,3.19,7.15,,,,1.2,-1.19,3.46,,,,3.5,1.35,5.57,,,,,,,,,,
2022-11-05,14.58,12.14,16.91,,,,59.18,56.3,61.76,,,,8.61,6.6,10.77,,,,6.44,4.39,8.35,,,,5.2,3.2,7.16,,,,1.2,-1.22,3.47,,,,3.52,1.41,5.58,,,,,,,,,,
2022-11-06,14.57,12.15,16.88,,,,59.22,56.37,61.77,,,,8.59,6.6,10.74,,,,6.42,4.37,8.37,,,,5.19,3.22,7.19,,,,1.2,-1.25,3.44,,,,3.54,1.49,5.59,,,,,,,,,,
2022-11-07,14.56,12.13,16.86,,,,59.26,56.44,61.77,,,,8.57,6.62,10.72,,,,6.39,4.36,8.36,,,,5.18,3.25,7.23,,,,1.2,-1.28,3.47,,,,3.56,1.53,5.61,,,,,,,,,,
2022-11-08,14.55,12.1,16.86,,,,59.3,56.5,61.78,,,,8.56,6.62,10.7,,,,6.37,4.34,8.33,,,,5.17,3.28,7.22,,,,1.2,-1.31,3.49,,,,3.58,1.51,5.61,,,,,,,,,,
2022-11-09,14.54,12.06,16.83,,,,59.33,56.57,61.78,,,,8.54,6.55,10.68,,,,6.34,4.33,8.32,,,,5.17,3.25,7.19,,,,1.2,-1.31,3.51,,,,3.6,1.49,5.62,,,,,,,,,,
2022-11-10,14.53,12.05,16.83,,,,59.37,56.67,61.81,,,,8.53,6.49,10.66,,,,6.32,4.34,8.3,,,,5.16,3.22,7.17,,,,1.2,-1.32,3.53,,,,3.62,1.49,5.65,,,,13.0,59.0,10.0,5.0,5.0,2.0,5.0
2022-11-11,14.52,12.07,16.86,,,,59.4,56.76,61.83,,,,8.52,6.5,10.59,,,,6.3,4.34,8.27,,,,5.15,3.18,7.17,,,,1.2,-1.32,3.55,,,,3.64,1.53,5.65,,,,,,,,,,
2022-11-12,14.52,12.08,16.89,,,,59.43,56.84,61.85,,,,8.5,6.51,10.57,,,,6.27,4.33,8.24,,,,5.14,3.15,7.17,,,,1.19,-1.3,3.56,,,,3.66,1.56,5.66,,,,,,,,,,
2022-11-13,14.51,12.11,16.9,,,,59.45,56.92,61.88,,,,8.49,6.53,10.56,,,,6.25,4.27,8.25,,,,5.13,3.11,7.16,,,,1.19,-1.29,3.56,,,,3.68,1.6,5.67,,,,,,,,,,
2022-11-14,14.51,12.12,16.88,,,,59.48,57.0,61.9,,,,8.48,6.53,10.55,,,,6.23,4.26,8.26,,,,5.12,3.08,7.15,,,,1.19,-1.31,3.57,,,,3.71,1.65,5.69,,,,,,,,,,
2022-11-15,14.5,12.13,16.83,,,,59.51,57.02,61.92,,,,8.47,6.54,10.53,,,,6.21,4.26,8.27,,,,5.11,3.03,7.13,,,,1.19,-1.31,3.57,,,,3.73,1.64,5.7,,,,,,,,,,
2022-11-16,14.5,12.17,16.78,,,,59.53,57.04,61.94,,,,8.46,6.51,10.48,,,,6.19,4.28,8.28,,,,5.1,3.0,7.1,,,,1.19,-1.35,3.57,,,,3.75,1.62,5.73,,,,16.0,60.0,9.0,5.0,5.0,1.0,3.0
2022-11-17,14.49,12.21,16.74,,,,59.55,57.05,61.96,,,,8.45,6.48,10.44,,,,6.17,4.27,8.29,,,,5.09,2.99,7.1,,,,1.19,-1.38,3.57,,,,3.77,1.61,5.75,,,,,,,,,,
2022-11-18,14.49,12.19,16.72,,,,59.57,57.06,61.97,,,,8.44,6.47,10.39,,,,6.15,4.26,8.26,,,,5.09,2.97,7.1,,,,1.19,-1.4,3.57,,,,3.79,1.59,5.77,,,,,,,,,,
2022-11-19,14.48,12.16,16.71,,,,59.58,57.11,61.99,,,,8.43,6.45,10.38,,,,6.14,4.25,8.22,,,,5.08,2.92,7.08,,,,1.19,-1.36,3.57,,,,3.81,1.68,5.79,,,,,,,,,,
2022-11-20,14.48,12.14,16.68,,,,59.6,57.11,62.01,,,,8.42,6.42,10.38,,,,6.12,4.2,8.22,,,,5.07,2.88,7.06,,,,1.19,-1.33,3.51,,,,3.83,1.72,5.81,,,,,,,,,,
2022-11-21,14.48,12.11,16.68,,,,59.61,57.17,62.03,,,,8.42,6.4,10.42,,,,6.11,4.17,8.2,,,,5.06,2.83,7.03,,,,1.18,-1.3,3.47,,,,3.86,1.71,5.82,,,,,,,,,,
2022-11-22,14.48,12.09,16.68,,,,59.62,57.21,62.04,,,,8.41,6.39,10.43,,,,6.09,4.13,8.18,,,,5.05,2.8,7.01,,,,1.18,-1.3,3.48,,,,3.88,1.69,5.82,,,,,,,,,,
2022-11-23,14.47,12.07,16.66,,,,59.62,57.19,62.03,,,,8.41,6.42,10.37,,,,6.08,4.1,8.12,,,,5.04,2.77,6.98,,,,1.18,-1.29,3.42,,,,3.9,1.74,5.8,,,,16.0,58.0,7.0,8.0,4.0,2.0,3.0
2022-11-24,14.47,12.04,16.66,,,,59.63,57.18,62.01,,,,8.4,6.45,10.32,,,,6.07,4.06,8.07,,,,5.03,2.77,6.96,,,,1.18,-1.28,3.37,,,,3.92,1.77,5.81,,,,,,,,,,
2022-11-25,14.47,12.04,16.64,,,,59.63,57.16,62.0,,,,8.4,6.42,10.27,,,,6.06,4.03,8.05,,,,5.02,2.77,6.96,,,,1.18,-1.27,3.31,,,,3.94,1.81,5.82,,,,,,,,,,
2022-11-26,14.47,12.08,16.64,,,,59.64,57.14,61.99,,,,8.4,6.43,10.26,,,,6.05,4.01,8.07,,,,5.01,2.77,6.97,,,,1.18,-1.24,3.26,,,,3.96,1.87,5.82,,,,,,,,,,
2022-11-27,14.47,12.11,16.62,,,,59.64,57.11,62.01,,,,8.4,6.45,10.27,,,,6.04,4.0,8.05,,,,5.0,2.77,6.93,,,,1.18,-1.26,3.28,,,,3.98,1.92,5.83,,,,,,,,,,
2022-11-28,14.47,12.08,16.59,,,,59.63,57.12,62.02,,,,8.4,6.47,10.28,,,,6.04,3.97,8.02,,,,4.99,2.76,6.88,,,,1.18,-1.25,3.31,,,,3.99,1.93,5.85,,,,,,,,,,
2022-11-29,14.46,12.06,16.56,,,,59.63,57.12,61.99,,,,8.4,6.5,10.3,,,,6.03,3.96,8.0,,,,4.99,2.74,6.83,,,,1.18,-1.25,3.34,,,,4.01,1.92,5.9,,,,,,,,,,
2022-11-30,14.46,12.05,16.54,,,,59.62,57.18,61.98,,,,8.4,6.51,10.29,,,,6.03,3.95,7.97,,,,4.98,2.73,6.84,,,,1.18,-1.24,3.36,,,,4.03,1.94,5.93,,,,13.0,56.0,9.0,5.0,7.0,1.0,7.0
2022-12-01,14.47,12.04,16.53,,,,59.61,57.13,61.99,,,,8.4,6.5,10.3,,,,6.03,3.99,7.94,,,,4.97,2.75,6.84,,,,1.18,-1.24,3.37,,,,4.05,1.95,5.97,,,,,,,,,,
2022-12-02,14.47,12.03,16.53,,,,59.6,57.13,62.02,,,,8.4,6.5,10.31,,,,6.02,4.02,7.91,,,,4.96,2.76,6.81,,,,1.17,-1.23,3.37,,,,4.07,1.96,6.01,,,,,,,,,,
2022-12-03,14.47,12.02,16.53,,,,59.59,57.12,62.03,,,,8.4,6.5,10.31,,,,6.03,4.01,7.87,,,,4.95,2.74,6.77,,,,1.17,-1.22,3.38,,,,4.08,1.94,6.04,,,,,,,,,,
2022-12-04,14.47,12.04,16.54,,,,59.57,57.14,61.96,,,,8.4,6.51,10.27,,,,6.03,4.01,7.86,,,,4.94,2.73,6.77,,,,1.17,-1.2,3.39,,,,4.1,1.96,6.08,,,,,,,,,,
2022-12-05,14.47,12.08,16.52,,,,59.56,57.14,61.85,,,,8.41,6.51,10.26,,,,6.03,3.98,7.87,,,,4.93,2.74,6.79,,,,1.17,-1.21,3.35,,,,4.11,1.99,6.09,,,,,,,,,,
2022-12-06,14.47,12.12,16.49,,,,59.54,57.14,61.87,,,,8.41,6.51,10.26,,,,6.03,3.98,7.88,,,,4.92,2.77,6.8,,,,1.17,-1.21,3.31,,,,4.13,2.0,6.08,,,,,,,,,,
2022-12-07,14.48,12.17,16.47,,,,59.52,57.14,61.87,,,,8.42,6.51,10.26,,,,6.04,3.99,7.9,,,,4.91,2.79,6.81,,,,1.17,-1.21,3.21,,,,4.14,2.01,6.06,,,,15.0,60.0,8.0,6.0,4.0,,4.0
2022-12-08,14.48,12.21,16.44,,,,59.49,57.15,61.82,,,,8.42,6.5,10.27,,,,6.04,3.98,7.91,,,,4.91,2.79,6.82,,,,1.17,-1.25,3.11,,,,4.16,2.02,6.04,,,,,,,,,,
2022-12-09,14.49,12.22,16.46,,,,59.47,57.15,61.78,,,,8.43,6.49,10.27,,,,6.05,4.0,7.92,,,,4.9,2.79,6.83,,,,1.17,-1.31,3.11,,,,4.17,2.05,6.03,,,,,,,,,,
2022-12-10,14.5,12.22,16.51,,,,59.44,57.15,61.76,,,,8.43,6.49,10.26,,,,6.06,4.05,7.93,,,,4.89,2.78,6.84,,,,1.16,-1.34,3.14,,,,4.18,2.09,6.0,,,,,,,,,,
2022-12-11,14.5,12.25,16.55,,,,59.41,57.1,61.68,,,,8.44,6.48,10.24,,,,6.07,4.09,7.95,,,,4.88,2.78,6.86,,,,1.16,-1.35,3.15,,,,4.2,2.1,5.98,,,,,,,,,,
2022-12-12,14.51,12.28,16.51,,,,59.38,57.05,61.63,,,,8.44,6.5,10.23,,,,6.08,4.14,7.97,,,,4.87,2.78,6.85,,,,1.16,-1.37,3.1,,,,4.21,2.11,5.95,,,,,,,,,,
2022-12-13,14.52,12.32,16.5,,,,59.35,57.0,61.57,,,,8.45,6.51,10.25,,,,6.09,4.18,7.99,,,,4.87,2.79,6.85,,,,1.16,-1.37,3.07,,,,4.22,2.12,5.94,,,,,,,,,,
2022-12-14,14.53,12.32,16.54,,,,59.31,56.95,61.52,,,,8.46,6.51,10.25,,,,6.1,4.2,8.01,,,,4.86,2.79,6.85,,,,1.16,-1.36,3.05,,,,4.23,2.09,5.97,,,,,,,,,,
2022-12-15,14.54,12.33,16.57,,,,59.28,56.91,61.45,,,,8.47,6.51,10.24,,,,6.11,4.17,8.03,,,,4.85,2.8,6.82,,,,1.16,-1.38,3.06,,,,4.24,2.1,5.98,,,,18.0,57.0,7.0,4.0,6.0,1.0,5.0
2022-12-16,14.55,12.34,16.6,,,,59.24,56.87,61.4,,,,8.47,6.51,10.26,,,,6.12,4.12,8.03,,,,4.84,2.81,6.82,,,,1.15,-1.37,3.05,,,,4.25,2.1,5.99,,,,,,,,,,
2022-12-17,14.56,12.35,16.63,,,,59.2,56.82,61.35,,,,8.48,6.52,10.31,,,,6.14,4.13,8.0,,,,4.83,2.8,6.8,,,,1.15,-1.37,3.06,,,,4.25,2.12,6.01,,,,,,,,,,
2022-12-18,14.57,12.37,16.66,,,,59.16,56.78,61.27,,,,8.49,6.52,10.29,,,,6.15,4.16,7.99,,,,4.83,2.79,6.76,,,,1.15,-1.36,3.02,,,,4.26,2.13,6.02,,,,,,,,,,
2022-12-19,14.58,12.38,16.69,,,,59.12,56.76,61.2,,,,8.5,6.52,10.27,,,,6.17,4.2,7.99,,,,4.82,2.77,6.76,,,,1.15,-1.35,2.98,,,,4.27,2.14,6.0,,,,,,,,,,
2022-12-20,14.6,12.39,16.71,,,,59.08,56.74,61.17,,,,8.51,6.51,10.31,,,,6.19,4.23,8.05,,,,4.81,2.76,6.78,,,,1.14,-1.37,3.01,,,,4.27,2.16,5.97,,,,,,,,,,
2022-12-21,14.61,12.41,16.74,,,,59.04,56.73,61.12,,,,8.52,6.51,10.35,,,,6.2,4.26,8.04,,,,4.81,2.74,6.71,,,,1.14,-1.4,3.04,,,,4.28,2.17,6.0,,,,17.0,58.0,9.0,6.0,3.0,,4.0
2022-12-22,14.62,12.5,16.76,,,,58.99,56.72,61.08,,,,8.53,6.52,10.37,,,,6.22,4.27,8.04,,,,4.8,2.72,6.65,,,,1.14,-1.42,3.01,,,,4.28,2.19,5.99,,,,,,,,,,
2022-12-23,14.64,12.52,16.77,,,,58.95,56.72,61.07,,,,8.54,6.53,10.41,,,,6.24,4.32,8.03,,,,4.79,2.71,6.61,,,,1.14,-1.38,3.01,,,,4.29,2.2,5.98,,,,,,,,,,
2022-12-24,14.65,12.53,16.79,,,,58.91,56.73,61.02,,,,8.55,6.56,10.45,,,,6.26,4.36,8.06,,,,4.78,2.7,6.61,,,,1.13,-1.33,3.04,,,,4.29,2.23,6.01,,,,,,,,,,
2022-12-25,14.66,12.53,16.8,,,,58.86,56.73,61.02,,,,8.56,6.58,10.48,,,,6.28,4.4,8.11,,,,4.78,2.68,6.6,,,,1.13,-1.28,3.08,,,,4.29,2.24,6.04,,,,,,,,,,
2022-12-26,14.68,12.54,16.81,,,,58.82,56.73,60.9,,,,8.57,6.59,10.49,,,,6.3,4.41,8.15,,,,4.77,2.67,6.59,,,,1.13,-1.24,3.03,,,,4.3,2.26,6.06,,,,,,,,,,
2022-12-27,14.69,12.57,16.76,,,,58.78,56.7,60.83,,,,8.58,6.61,10.49,,,,6.32,4.32,8.17,,,,4.76,2.65,6.58,,,,1.13,-1.28,3.03,,,,4.3,2.31,6.08,,,,,,,,,,
2022-12-28,14.7,12.6,16.79,,,,58.74,56.62,60.79,,,,8.6,6.62,10.5,,,,6.34,4.29,8.17,,,,4.76,2.65,6.57,,,,1.12,-1.25,3.02,,,,4.3,2.33,6.1,,,,,,,,,,
2022-12-29,14.72,12.63,16.83,,,,58.7,56.61,60.76,,,,8.61,6.61,10.5,,,,6.36,4.31,8.16,,,,4.75,2.69,6.57,,,,1.12,-1.25,2.99,,,,4.3,2.31,6.11,,,,,,,,,,
2022-12-30,14.73,12.67,16.8,,,,58.66,56.57,60.73,,,,8.62,6.57,10.49,,,,6.38,4.32,8.17,,,,4.74,2.68,6.56,,,,1.12,-1.25,2.97,,,,4.3,2.33,6.12,,,,,,,,,,
2022-12-31,14.74,12.69,16.77,,,,58.62,56.54,60.7,,,,8.63,6.59,10.44,,,,6.4,4.36,8.16,,,,4.74,2.67,6.54,,,,1.11,-1.22,2.95,,,,4.3,2.33,6.13,,,,,,,,,,
2023-01-01,14.75,12.71,16.76,,,,58.58,56.52,60.66,,,,8.64,6.61,10.46,,,,6.42,4.4,8.18,,,,4.73,2.59,6.54,,,,1.11,-1.19,2.93,,,,4.3,2.33,6.14,,,,,,,,,,
2023-01-02,14.76,12.74,16.75,,,,58.54,56.49,60.61,,,,8.65,6.61,10.52,,,,6.45,4.44,8.22,,,,4.72,2.58,6.55,,,,1.11,-1.2,2.91,,,,4.3,2.33,6.11,,,,,,,,,,
2023-01-03,14.78,12.76,16.77,,,,58.5,56.47,60.61,,,,8.66,6.61,10.53,,,,6.47,4.48,8.27,,,,4.71,2.57,6.55,,,,1.11,-1.15,2.91,,,,4.3,2.33,6.08,,,,,,,,,,
2023-01-04,14.79,12.78,16.78,,,,58.47,56.45,60.58,,,,8.67,6.61,10.53,,,,6.49,4.52,8.26,,,,4.71,2.56,6.58,,,,1.1,-1.12,2.93,,,,4.3,2.34,6.11,,,,,,,,,,
2023-01-05,14.8,12.8,16.76,,,,58.44,56.42,60.55,,,,8.67,6.62,10.53,,,,6.51,4.54,8.25,,,,4.7,2.55,6.61,,,,1.1,-1.09,2.94,,,,4.3,2.33,6.14,,,,16.0,58.0,7.0,6.0,5.0,1.0,5.0
2023-01-06,14.8,12.81,16.78,,,,58.4,56.4,60.51,,,,8.68,6.63,10.56,,,,6.53,4.58,8.22,,,,4.69,2.52,6.65,,,,1.1,-1.06,2.95,,,,4.3,2.3,6.15,,,,,,,,,,
2023-01-07,14.81,12.83,16.8,,,,58.37,56.38,60.48,,,,8.69,6.65,10.6,,,,6.56,4.59,8.24,,,,4.69,2.53,6.63,,,,1.09,-1.03,2.97,,,,4.3,2.27,6.16,,,,,,,,,,
2023-01-08,14.82,12.84,16.81,,,,58.34,56.36,60.43,,,,8.7,6.66,10.56,,,,6.58,4.6,8.3,,,,4.68,2.53,6.63,,,,1.09,-1.06,2.99,,,,4.3,2.25,6.22,,,,,,,,,,
2023-01-09,14.83,12.87,16.83,,,,58.32,56.34,60.38,,,,8.71,6.69,10.53,,,,6.6,4.69,8.32,,,,4.67,2.52,6.68,,,,1.09,-1.08,2.99,,,,4.29,2.22,6.24,,,,,,,,,,
2023-01-10,14.83,12.9,16.82,,,,58.29,56.32,60.34,,,,8.72,6.76,10.57,,,,6.62,4.72,8.31,,,,4.66,2.51,6.72,,,,1.08,-1.11,2.96,,,,4.29,2.27,6.24,,,,,,,,,,
2023-01-11,14.84,12.92,16.87,,,,58.26,56.31,60.33,,,,8.73,6.76,10.65,,,,6.64,4.75,8.3,,,,4.65,2.51,6.76,,,,1.08,-1.14,2.96,,,,4.29,2.3,6.22,,,,15.0,60.0,8.0,4.0,6.0,1.0,5.0
2023-01-12,14.85,12.92,16.89,,,,58.24,56.3,60.34,,,,8.74,6.77,10.68,,,,6.66,4.78,8.37,,,,4.65,2.51,6.8,,,,1.08,-1.12,2.97,,,,4.29,2.35,6.24,,,,,,,,,,
2023-01-13,14.85,12.92,16.9,,,,58.22,56.24,60.37,,,,8.75,6.77,10.7,,,,6.68,4.8,8.46,,,,4.64,2.51,6.76,,,,1.07,-1.1,2.95,,,,4.29,2.39,6.24,,,,,,,,,,
2023-01-14,14.85,12.94,16.92,,,,58.2,56.19,60.33,,,,8.75,6.77,10.73,,,,6.7,4.83,8.5,,,,4.63,2.51,6.72,,,,1.07,-1.08,2.96,,,,4.28,2.39,6.24,,,,,,,,,,
2023-01-15,14.86,12.95,16.94,,,,58.18,56.13,60.27,,,,8.76,6.79,10.78,,,,6.72,4.86,8.52,,,,4.62,2.52,6.69,,,,1.06,-1.06,2.99,,,,4.28,2.4,6.23,,,,,,,,,,
2023-01-16,14.86,12.95,16.95,,,,58.16,56.09,60.21,,,,8.77,6.78,10.78,,,,6.74,4.88,8.54,,,,4.61,2.52,6.71,,,,1.06,-1.03,3.01,,,,4.28,2.41,6.23,,,,,,,,,,
2023-01-17,14.86,12.95,16.95,,,,58.15,56.01,60.15,,,,8.78,6.78,10.77,,,,6.76,4.91,8.59,,,,4.6,2.53,6.7,,,,1.06,-1.01,3.02,,,,4.27,2.37,6.21,,,,,,,,,,
2023-01-18,14.86,12.97,17.0,,,,58.13,55.95,60.14,,,,8.79,6.79,10.76,,,,6.78,4.93,8.63,,,,4.59,2.54,6.73,,,,1.05,-1.02,3.03,,,,4.27,2.35,6.2,,,,,,,,,,
2023-01-19,14.86,12.97,17.07,,,,58.12,55.9,60.12,,,,8.8,6.79,10.75,,,,6.8,4.93,8.68,,,,4.58,2.55,6.74,,,,1.05,-1.02,3.02,,,,4.27,2.37,6.19,,,,16.0,59.0,8.0,7.0,4.0,1.0,4.0
2023-01-20,14.86,12.99,17.12,,,,58.1,55.85,60.15,,,,8.81,6.83,10.73,,,,6.82,4.92,8.72,,,,4.57,2.57,6.71,,,,1.05,-1.02,3.04,,,,4.27,2.4,6.2,,,,,,,,,,
2023-01-21,14.86,13.01,17.13,,,,58.09,55.8,60.13,,,,8.82,6.86,10.78,,,,6.84,4.92,8.69,,,,4.56,2.56,6.68,,,,1.04,-1.06,3.06,,,,4.26,2.43,6.22,,,,,,,,,,
2023-01-22,14.86,13.04,17.14,,,,58.08,55.76,60.14,,,,8.83,6.87,10.79,,,,6.86,4.92,8.79,,,,4.55,2.57,6.66,,,,1.04,-1.06,3.07,,,,4.26,2.44,6.25,,,,,,,,,,
2023-01-23,14.86,13.06,17.13,,,,58.06,55.75,60.13,,,,8.84,6.87,10.81,,,,6.88,4.92,8.82,,,,4.54,2.58,6.62,,,,1.04,-1.02,3.07,,,,4.26,2.46,6.25,,,,,,,,,,
2023-01-24,14.86,13.1,17.06,,,,58.05,55.76,60.14,,,,8.85,6.86,10.82,,,,6.9,4.92,8.89,,,,4.53,2.59,6.59,,,,1.03,-1.0,3.06,,,,4.25,2.46,6.24,,,,,,,,,,
2023-01-25,14.86,13.12,17.09,,,,58.04,55.78,60.11,,,,8.86,6.86,10.83,,,,6.92,4.93,8.95,,,,4.52,2.6,6.56,,,,1.03,-0.99,3.08,,,,4.25,2.48,6.23,,,,13.0,57.0,10.0,10.0,4.0,1.0,5.0
2023-01-26,14.86,13.1,17.07,,,,58.02,55.79,60.06,,,,8.87,6.88,10.84,,,,6.93,4.93,9.02,,,,4.51,2.62,6.53,,,,1.03,-0.99,3.07,,,,4.24,2.48,6.22,,,,,,,,,,
2023-01-27,14.86,13.08,17.07,,,,58.01,55.82,60.07,,,,8.88,6.9,10.85,,,,6.95,4.93,9.07,,,,4.5,2.65,6.5,,,,1.03,-1.01,3.07,,,,4.24,2.48,6.2,,,,,,,,,,
2023-01-28,14.86,13.07,17.06,,,,58.0,55.84,60.09,,,,8.89,6.93,10.86,,,,6.97,4.97,9.09,,,,4.49,2.66,6.48,,,,1.02,-1.05,3.08,,,,4.24,2.49,6.18,,,,,,,,,,
2023-01-29,14.86,13.06,17.06,,,,57.98,55.87,60.11,,,,8.91,6.95,10.85,,,,6.99,4.98,9.1,,,,4.48,2.65,6.48,,,,1.02,-1.08,3.07,,,,4.23,2.49,6.15,,,,,,,,,,
2023-01-30,14.86,13.04,17.05,,,,57.97,55.89,60.13,,,,8.92,6.98,10.84,,,,7.01,4.99,9.1,,,,4.46,2.66,6.44,,,,1.02,-1.11,3.09,,,,4.23,2.47,6.12,,,,,,,,,,
2023-01-31,14.86,13.05,17.02,,,,57.95,55.89,60.09,,,,8.93,7.0,10.87,,,,7.03,5.04,9.08,,,,4.45,2.67,6.39,,,,1.02,-1.14,3.08,,,,4.23,2.45,6.09,,,,,,,,,,
2023-02-01,14.87,13.08,17.0,,,,57.94,55.89,60.03,,,,8.95,7.03,10.89,,,,7.04,5.05,9.05,,,,4.44,2.68,6.37,,,,1.01,-1.18,3.07,,,,4.22,2.43,6.08,,,,13.0,58.0,10.0,8.0,5.0,1.0,3.0
2023-02-02,14.87,13.11,17.01,,,,57.92,55.85,60.02,,,,8.96,7.05,10.9,,,,7.06,5.07,9.04,,,,4.43,2.68,6.35,,,,1.01,-1.21,3.07,,,,4.22,2.42,6.07,,,,,,,,,,
2023-02-03,14.87,13.15,16.99,,,,57.9,55.81,60.02,,,,8.98,7.06,10.91,,,,7.08,5.1,9.11,,,,4.42,2.68,6.33,,,,1.01,-1.24,3.08,,,,4.22,2.45,6.06,,,,,,,,,,
2023-02-04,14.87,13.13,16.96,,,,57.88,55.77,60.02,,,,8.99,7.04,10.92,,,,7.1,5.13,9.15,,,,4.4,2.66,6.3,,,,1.01,-1.27,3.07,,,,4.22,2.48,6.03,,,,,,,,,,
2023-02-05,14.87,13.09,16.93,,,,57.86,55.73,60.0,,,,9.01,7.03,10.93,,,,7.11,5.16,9.15,,,,4.39,2.65,6.28,,,,1.01,-1.3,3.08,,,,4.21,2.49,6.02,,,,,,,,,,
2023-02-06,14.88,13.11,16.91,,,,57.84,55.7,60.0,,,,9.03,7.02,10.97,,,,7.13,5.19,9.16,,,,4.38,2.63,6.26,,,,1.01,-1.32,3.06,,,,4.21,2.52,6.01,,,,,,,,,,
2023-02-07,14.88,13.11,16.9,,,,57.82,55.67,59.99,,,,9.04,7.01,11.0,,,,7.15,5.21,9.16,,,,4.37,2.61,6.24,,,,1.01,-1.33,3.07,,,,4.21,2.51,6.01,,,,,,,,,,
2023-02-08,14.88,13.11,16.88,,,,57.8,55.67,59.96,,,,9.06,7.03,11.0,,,,7.17,5.24,9.16,,,,4.35,2.6,6.24,,,,1.0,-1.35,3.1,,,,4.21,2.47,6.01,,,,,,,,,,
2023-02-09,14.89,13.09,16.91,,,,57.78,55.67,59.9,,,,9.08,7.05,11.02,,,,7.18,5.22,9.16,,,,4.34,2.57,6.24,,,,1.0,-1.36,3.11,,,,4.2,2.43,6.0,,,,12.0,56.0,11.0,9.0,4.0,1.0,5.0
2023-02-10,14.89,13.06,16.94,,,,57.75,55.62,59.91,,,,9.09,7.07,11.05,,,,7.2,5.19,9.16,,,,4.33,2.55,6.24,,,,1.0,-1.36,3.11,,,,4.2,2.41,6.0,,,,,,,,,,
2023-02-11,14.89,13.03,16.95,,,,57.73,55.58,59.87,,,,9.11,7.1,11.08,,,,7.21,5.18,9.16,,,,4.32,2.56,6.24,,,,1.0,-1.36,3.1,,,,4.2,2.41,6.0,,,,,,,,,,
2023-02-12,14.9,13.04,16.95,,,,57.7,55.61,59.84,,,,9.13,7.12,11.11,,,,7.23,5.19,9.15,,,,4.31,2.51,6.25,,,,1.0,-1.37,3.07,,,,4.2,2.4,5.99,,,,,,,,,,
2023-02-13,14.9,13.05,16.93,,,,57.68,55.58,59.83,,,,9.15,7.15,11.13,,,,7.25,5.21,9.15,,,,4.29,2.46,6.26,,,,1.0,-1.36,3.06,,,,4.19,2.36,5.99,,,,,,,,,,
2023-02-14,14.91,13.06,16.92,,,,57.65,55.59,59.82,,,,9.17,7.16,11.16,,,,7.26,5.24,9.17,,,,4.28,2.41,6.23,,,,1.0,-1.36,3.07,,,,4.19,2.33,5.99,,,,,,,,,,
2023-02-15,14.91,13.04,16.98,,,,57.62,55.58,59.82,,,,9.18,7.19,11.18,,,,7.28,5.29,9.21,,,,4.27,2.36,6.23,,,,1.0,-1.34,3.05,,,,4.19,2.31,5.99,,,,13.0,63.0,8.0,6.0,4.0,1.0,4.0
2023-02-16,14.92,13.05,17.0,,,,57.59,55.53,59.81,,,,9.2,7.21,11.19,,,,7.3,5.34,9.19,,,,4.26,2.33,6.22,,,,1.0,-1.23,3.04,,,,4.19,2.32,6.0,,,,,,,,,,
2023-02-17,14.92,13.06,17.02,,,,57.56,55.47,59.8,,,,9.22,7.24,11.14,,,,7.31,5.38,9.22,,,,4.25,2.32,6.2,,,,1.0,-1.17,3.01,,,,4.19,2.34,6.0,,,,,,,,,,
2023-02-18,14.93,13.01,17.01,,,,57.53,55.43,59.79,,,,9.24,7.25,11.11,,,,7.33,5.37,9.27,,,,4.23,2.3,6.14,,,,1.0,-1.12,2.98,,,,4.19,2.35,5.97,,,,,,,,,,
2023-02-19,14.94,12.97,16.99,,,,57.5,55.37,59.77,,,,9.26,7.25,11.14,,,,7.35,5.41,9.25,,,,4.22,2.29,6.12,,,,1.0,-1.08,2.97,,,,4.18,2.37,5.97,,,,,,,,,,
2023-02-20,14.94,12.94,16.97,,,,57.47,55.34,59.73,,,,9.27,7.25,11.15,,,,7.36,5.44,9.24,,,,4.21,2.28,6.12,,,,1.0,-1.07,2.95,,,,4.18,2.35,5.97,,,,,,,,,,
2023-02-21,14.95,12.98,16.96,,,,57.44,55.32,59.69,,,,9.29,7.25,11.17,,,,7.38,5.44,9.26,,,,4.2,2.24,6.1,,,,1.0,-1.07,2.92,,,,4.18,2.32,5.96,,,,,,,,,,
2023-02-22,14.95,13.03,16.97,,,,57.4,55.26,59.68,,,,9.31,7.25,11.19,,,,7.39,5.43,9.27,,,,4.19,2.22,6.07,,,,1.0,-1.07,2.9,,,,4.18,2.35,5.96,,,,15.0,57.0,9.0,7.0,5.0,1.0,4.0
2023-02-23,14.96,12.99,16.98,,,,57.37,55.2,59.66,,,,9.33,7.26,11.2,,,,7.41,5.45,9.29,,,,4.18,2.18,6.07,,,,1.0,-1.06,2.89,,,,4.18,2.37,5.96,,,,,,,,,,
2023-02-24,14.97,12.95,17.0,,,,57.34,55.15,59.65,,,,9.34,7.3,11.2,,,,7.42,5.46,9.3,,,,4.16,2.14,6.07,,,,1.0,-1.06,2.88,,,,4.18,2.35,5.93,,,,,,,,,,
2023-02-25,14.97,12.92,17.03,,,,57.3,55.09,59.63,,,,9.36,7.36,11.18,,,,7.44,5.48,9.35,,,,4.15,2.11,6.08,,,,1.0,-1.05,2.87,,,,4.18,2.35,5.92,,,,,,,,,,
2023-02-26,14.98,12.97,17.06,,,,57.27,55.04,59.61,,,,9.38,7.41,11.21,,,,7.46,5.51,9.39,,,,4.14,2.06,6.06,,,,1.0,-1.05,2.86,,,,4.18,2.36,5.92,,,,,,,,,,
2023-02-27,14.99,13.03,17.09,,,,57.24,55.0,59.59,,,,9.4,7.42,11.23,,,,7.47,5.53,9.4,,,,4.13,2.03,6.06,,,,1.0,-1.04,2.85,,,,4.18,2.37,5.92,,,,,,,,,,
2023-02-28,14.99,13.04,17.12,,,,57.2,54.92,59.57,,,,9.41,7.45,11.25,,,,7.49,5.56,9.4,,,,4.12,2.0,6.06,,,,1.0,-1.03,2.82,,,,4.18,2.37,5.91,,,,,,,,,,
2023-03-01,15.0,13.02,17.14,,,,57.17,54.85,59.54,,,,9.43,7.46,11.27,,,,7.5,5.57,9.4,,,,4.11,1.98,6.06,,,,1.0,-1.02,2.8,,,,4.18,2.38,5.91,,,,16.0,58.0,10.0,6.0,5.0,1.0,3.0
2023-03-02,15.01,13.01,17.16,,,,57.13,54.82,59.52,,,,9.45,7.44,11.27,,,,7.52,5.58,9.39,,,,4.1,1.95,6.04,,,,1.0,-1.01,2.78,,,,4.18,2.39,5.9,,,,,,,,,,
2023-03-03,15.01,12.99,17.15,,,,57.1,54.8,59.48,,,,9.46,7.39,11.28,,,,7.53,5.59,9.4,,,,4.09,1.93,6.04,,,,1.0,-1.01,2.81,,,,4.17,2.4,5.9,,,,,,,,,,
2023-03-04,15.02,12.99,17.15,,,,57.06,54.78,59.44,,,,9.48,7.4,11.28,,,,7.55,5.6,9.41,,,,4.08,1.94,6.04,,,,1.0,-1.01,2.8,,,,4.17,2.4,5.9,,,,,,,,,,
2023-03-05,15.03,12.98,17.18,,,,57.03,54.75,59.4,,,,9.5,7.43,11.34,,,,7.56,5.61,9.42,,,,4.07,1.91,6.05,,,,1.0,-0.98,2.79,,,,4.17,2.38,5.91,,,,,,,,,,
2023-03-06,15.04,12.97,17.2,,,,56.99,54.68,59.36,,,,9.52,7.41,11.37,,,,7.58,5.63,9.43,,,,4.06,1.88,6.05,,,,1.0,-1.0,2.78,,,,4.17,2.35,5.9,,,,,,,,,,
2023-03-07,15.05,13.01,17.21,,,,56.96,54.64,59.31,,,,9.53,7.39,11.39,,,,7.59,5.63,9.46,,,,4.05,1.9,6.04,,,,1.0,-1.03,2.77,,,,4.17,2.28,5.9,,,,,,,,,,
2023-03-08,15.05,13.03,17.22,,,,56.92,54.62,59.26,,,,9.55,7.42,11.4,,,,7.61,5.64,9.5,,,,4.04,1.94,6.04,,,,1.0,-1.05,2.76,,,,4.17,2.22,5.89,,,,16.0,52.0,11.0,11.0,4.0,,3.0
2023-03-09,15.06,13.02,17.25,,,,56.88,54.61,59.21,,,,9.57,7.45,11.42,,,,7.62,5.62,9.52,,,,4.03,1.94,6.04,,,,1.0,-1.02,2.75,,,,4.17,2.15,5.89,,,,,,,,,,
2023-03-10,15.07,13.04,17.3,,,,56.85,54.6,59.16,,,,9.58,7.47,11.45,,,,7.64,5.63,9.55,,,,4.02,1.91,6.03,,,,1.0,-1.04,2.74,,,,4.16,2.17,5.88,,,,,,,,,,
2023-03-11,15.08,13.07,17.32,,,,56.81,54.59,59.16,,,,9.6,7.48,11.49,,,,7.65,5.64,9.52,,,,4.01,1.86,6.03,,,,1.0,-1.03,2.74,,,,4.16,2.17,5.87,,,,,,,,,,
2023-03-12,15.09,13.04,17.33,,,,56.77,54.53,59.18,,,,9.62,7.47,11.51,,,,7.66,5.64,9.53,,,,4.0,1.82,6.03,,,,1.0,-1.01,2.77,,,,4.16,2.18,5.87,,,,,,,,,,
2023-03-13,15.1,12.99,17.35,,,,56.74,54.5,59.13,,,,9.63,7.47,11.56,,,,7.68,5.62,9.56,,,,3.99,1.83,6.02,,,,1.0,-1.0,2.81,,,,4.16,2.18,5.86,,,,,,,,,,
2023-03-14,15.11,12.98,17.36,,,,56.7,54.48,59.1,,,,9.65,7.46,11.61,,,,7.69,5.61,9.58,,,,3.98,1.79,6.01,,,,1.0,-0.99,2.86,,,,4.16,2.17,5.85,,,,,,,,,,
2023-03-15,15.12,12.96,17.37,,,,56.66,54.43,59.05,,,,9.67,7.48,11.65,,,,7.71,5.57,9.6,,,,3.97,1.72,6.01,,,,1.0,-0.97,2.91,,,,4.16,2.14,5.84,,,,,,,,,,
2023-03-16,15.13,12.93,17.38,,,,56.62,54.37,59.0,,,,9.68,7.5,11.69,,,,7.72,5.53,9.63,,,,3.96,1.72,6.0,,,,1.0,-0.96,2.9,,,,4.15,2.12,5.84,,,,17.0,58.0,8.0,7.0,4.0,,4.0
2023-03-17,15.14,12.94,17.42,,,,56.59,54.31,58.95,,,,9.7,7.53,11.74,,,,7.73,5.49,9.67,,,,3.95,1.72,5.99,,,,1.0,-1.0,2.88,,,,4.15,2.12,5.83,,,,,,,,,,
2023-03-18,15.15,12.92,17.43,,,,56.55,54.23,58.89,,,,9.72,7.54,11.74,,,,7.75,5.49,9.71,,,,3.94,1.72,5.98,,,,1.0,-1.11,2.86,,,,4.15,2.08,5.85,,,,,,,,,,
2023-03-19,15.16,12.91,17.44,,,,56.51,54.17,58.84,,,,9.74,7.57,11.83,,,,7.76,5.5,9.74,,,,3.93,1.72,5.97,,,,1.0,-1.14,2.88,,,,4.15,2.05,5.86,,,,,,,,,,
2023-03-20,15.17,12.89,17.44,,,,56.47,54.17,58.78,,,,9.75,7.59,11.87,,,,7.78,5.49,9.78,,,,3.93,1.72,5.99,,,,1.0,-1.13,2.9,,,,4.15,2.02,5.89,,,,,,,,,,
2023-03-21,15.18,12.88,17.43,,,,56.43,54.15,58.75,,,,9.77,7.6,11.92,,,,7.79,5.47,9.8,,,,3.92,1.73,5.98,,,,1.0,-1.11,2.92,,,,4.15,2.0,5.92,,,,,,,,,,
2023-03-22,15.19,12.87,17.44,,,,56.4,54.12,58.73,,,,9.79,7.61,11.94,,,,7.8,5.45,9.82,,,,3.91,1.74,5.96,,,,1.0,-1.09,2.94,,,,4.14,1.99,5.93,,,,12.0,62.0,8.0,7.0,3.0,1.0,4.0
2023-03-23,15.2,12.86,17.45,,,,56.36,54.08,58.73,,,,9.81,7.61,11.93,,,,7.82,5.44,9.84,,,,3.9,1.72,5.94,,,,1.0,-1.04,2.96,,,,4.14,1.98,5.93,,,,,,,,,,
2023-03-24,15.21,12.84,17.45,,,,56.32,54.04,58.74,,,,9.83,7.61,11.94,,,,7.83,5.42,9.86,,,,3.89,1.69,5.94,,,,1.0,-0.98,2.97,,,,4.14,1.98,5.96,,,,,,,,,,
2023-03-25,15.22,12.83,17.46,,,,56.28,54.01,58.69,,,,9.85,7.6,11.94,,,,7.85,5.44,9.88,,,,3.89,1.68,5.95,,,,1.0,-0.98,2.99,,,,4.14,1.97,5.99,,,,,,,,,,
2023-03-26,15.23,12.82,17.46,,,,56.24,53.98,58.63,,,,9.86,7.61,11.93,,,,7.86,5.47,9.89,,,,3.88,1.69,5.96,,,,1.0,-0.99,3.01,,,,4.14,1.96,6.02,,,,,,,,,,
2023-03-27,15.24,12.82,17.46,,,,56.21,53.95,58.57,,,,9.88,7.61,11.93,,,,7.88,5.45,9.93,,,,3.87,1.71,5.96,,,,1.0,-0.97,3.02,,,,4.14,1.97,6.05,,,,,,,,,,
2023-03-28,15.25,12.81,17.46,,,,56.17,53.93,58.53,,,,9.9,7.61,11.93,,,,7.89,5.43,9.99,,,,3.86,1.72,5.93,,,,1.0,-0.95,3.03,,,,4.13,1.98,6.04,,,,,,,,,,
2023-03-29,15.26,12.8,17.46,,,,56.13,53.9,58.51,,,,9.92,7.66,11.97,,,,7.9,5.45,10.0,,,,3.86,1.68,5.91,,,,1.0,-0.92,3.07,,,,4.13,2.0,6.03,,,,,,,,,,
2023-03-30,15.27,12.79,17.46,,,,56.09,53.85,58.47,,,,9.94,7.7,12.04,,,,7.92,5.48,10.01,,,,3.85,1.67,5.89,,,,1.0,-0.9,3.1,,,,4.13,1.98,6.01,,,,16.0,58.0,9.0,8.0,3.0,1.0,5.0
2023-03-31,15.27,12.79,17.46,,,,56.05,53.8,58.43,,,,9.96,7.69,12.11,,,,7.93,5.52,10.03,,,,3.85,1.65,5.86,,,,1.0,-0.87,3.12,,,,4.13,1.95,5.99,,,,,,,,,,
2023-04-01,15.28,12.81,17.45,,,,56.02,53.74,58.39,,,,9.98,7.7,12.17,,,,7.95,5.55,10.09,,,,3.84,1.63,5.86,,,,1.0,-0.89,3.1,,,,4.13,1.95,5.96,,,,,,,,,,
2023-04-02,15.29,12.83,17.45,,,,55.98,53.62,58.31,,,,10.0,7.74,12.23,,,,7.96,5.58,10.08,,,,3.83,1.61,5.86,,,,1.0,-0.9,3.1,,,,4.13,1.95,5.98,,,,,,,,,,
2023-04-03,15.3,12.85,17.44,,,,55.94,53.5,58.23,,,,10.01,7.78,12.26,,,,7.98,5.58,10.12,,,,3.83,1.59,5.88,,,,1.0,-0.92,3.08,,,,4.13,1.95,6.01,,,,,,,,,,
2023-04-04,15.3,12.87,17.44,,,,55.91,53.39,58.18,,,,10.03,7.8,12.26,,,,7.99,5.56,10.15,,,,3.82,1.57,5.9,,,,1.0,-0.94,3.07,,,,4.13,1.98,6.04,,,,,,,,,,
2023-04-05,15.31,12.89,17.42,,,,55.87,53.28,58.13,,,,10.05,7.8,12.25,,,,8.0,5.55,10.2,,,,3.82,1.55,5.95,,,,1.0,-0.96,3.06,,,,4.13,1.98,6.06,,,,,,,,,,
2023-04-06,15.31,12.9,17.4,,,,55.83,53.26,58.08,,,,10.07,7.8,12.23,,,,8.02,5.67,10.23,,,,3.82,1.55,6.0,,,,1.0,-0.99,3.09,,,,4.13,1.98,6.08,,,,14.0,54.0,10.0,8.0,5.0,1.0,5.0
2023-04-07,15.32,12.92,17.4,,,,55.8,53.24,58.02,,,,10.09,7.79,12.21,,,,8.03,5.67,10.25,,,,3.81,1.56,6.0,,,,1.0,-1.01,3.08,,,,4.13,1.98,6.1,,,,,,,,,,
2023-04-08,15.32,12.93,17.38,,,,55.76,53.23,57.97,,,,10.11,7.81,12.19,,,,8.05,5.68,10.29,,,,3.81,1.57,5.94,,,,1.0,-1.03,3.05,,,,4.13,1.96,6.12,,,,,,,,,,
2023-04-09,15.32,12.93,17.37,,,,55.73,53.22,57.93,,,,10.13,7.81,12.23,,,,8.06,5.68,10.3,,,,3.8,1.58,5.92,,,,1.0,-1.05,3.04,,,,4.13,1.95,6.14,,,,,,,,,,
2023-04-10,15.32,12.96,17.35,,,,55.7,53.2,57.93,,,,10.15,7.79,12.28,,,,8.07,5.68,10.32,,,,3.8,1.56,5.91,,,,1.0,-1.06,3.02,,,,4.13,1.94,6.15,,,,,,,,,,
2023-04-11,15.32,12.97,17.34,,,,55.66,53.19,57.92,,,,10.17,7.8,12.3,,,,8.09,5.71,10.32,,,,3.8,1.5,5.9,,,,1.0,-1.05,3.05,,,,4.13,1.94,6.17,,,,,,,,,,
2023-04-12,15.32,13.03,17.32,,,,55.63,53.18,57.87,,,,10.19,7.8,12.3,,,,8.1,5.73,10.36,,,,3.79,1.45,5.9,,,,1.0,-1.02,3.06,,,,4.14,1.94,6.18,,,,,,,,,,
2023-04-13,15.32,13.09,17.3,,,,55.6,53.17,57.79,,,,10.21,7.81,12.32,,,,8.12,5.73,10.38,,,,3.79,1.44,5.88,,,,1.0,-1.04,3.08,,,,4.14,1.95,6.19,,,,19.0,53.0,12.0,6.0,3.0,1.0,4.0
2023-04-14,15.32,13.08,17.28,,,,55.57,53.09,57.76,,,,10.23,7.81,12.32,,,,8.13,5.72,10.4,,,,3.78,1.43,5.87,,,,1.0,-1.01,3.07,,,,4.14,2.02,6.2,,,,,,,,,,
2023-04-15,15.32,13.07,17.27,,,,55.54,53.01,57.69,,,,10.25,7.93,12.33,,,,8.14,5.7,10.44,,,,3.78,1.44,5.87,,,,1.0,-0.97,3.06,,,,4.15,2.0,6.19,,,,,,,,,,
2023-04-16,15.32,13.07,17.25,,,,55.5,53.08,57.67,,,,10.27,8.01,12.34,,,,8.16,5.69,10.45,,,,3.78,1.5,5.83,,,,1.0,-0.94,3.06,,,,4.15,2.0,6.14,,,,,,,,,,
2023-04-17,15.31,13.06,17.23,,,,55.48,53.15,57.66,,,,10.29,8.04,12.37,,,,8.17,5.7,10.49,,,,3.78,1.49,5.84,,,,1.0,-0.92,3.06,,,,4.15,2.01,6.11,,,,,,,,,,
2023-04-18,15.31,13.05,17.21,,,,55.45,53.15,57.65,,,,10.3,8.07,12.41,,,,8.18,5.71,10.52,,,,3.77,1.48,5.86,,,,1.0,-0.91,3.06,,,,4.16,2.02,6.1,,,,,,,,,,
2023-04-19,15.3,13.05,17.2,,,,55.42,53.15,57.64,,,,10.32,8.07,12.43,,,,8.2,5.73,10.51,,,,3.77,1.47,5.89,,,,1.0,-0.9,3.06,,,,4.16,2.03,6.1,,,,19.0,54.0,10.0,7.0,2.0,1.0,5.0
2023-04-20,15.29,13.05,17.2,,,,55.39,53.15,57.63,,,,10.34,8.07,12.46,,,,8.21,5.74,10.49,,,,3.77,1.48,5.89,,,,1.0,-0.89,3.1,,,,4.17,2.05,6.1,,,,,,,,,,
2023-04-21,15.28,13.06,17.22,,,,55.36,53.15,57.65,,,,10.36,8.07,12.47,,,,8.23,5.75,10.51,,,,3.77,1.49,5.84,,,,1.0,-0.91,3.18,,,,4.17,2.07,6.1,,,,,,,,,,
2023-04-22,15.27,13.07,17.25,,,,55.34,53.15,57.59,,,,10.38,8.08,12.5,,,,8.24,5.77,10.54,,,,3.76,1.49,5.79,,,,1.0,-0.94,3.25,,,,4.18,2.08,6.12,,,,,,,,,,
2023-04-23,15.26,13.07,17.31,,,,55.31,53.13,57.58,,,,10.4,8.08,12.54,,,,8.25,5.78,10.58,,,,3.76,1.49,5.76,,,,1.0,-0.95,3.32,,,,4.18,2.1,6.1,,,,,,,,,,
2023-04-24,15.25,13.08,17.38,,,,55.28,53.12,57.57,,,,10.42,8.12,12.57,,,,8.26,5.8,10.6,,,,3.76,1.51,5.76,,,,1.0,-0.93,3.33,,,,4.19,2.12,6.13,,,,,,,,,,
2023-04-25,15.24,13.08,17.44,,,,55.26,53.1,57.55,,,,10.44,8.18,12.6,,,,8.28,5.81,10.6,,,,3.76,1.52,5.75,,,,1.0,-0.91,3.36,,,,4.19,2.14,6.18,,,,,,,,,,
2023-04-26,15.22,13.09,17.4,,,,55.24,53.07,57.53,,,,10.46,8.21,12.64,,,,8.29,5.83,10.61,,,,3.76,1.53,5.75,,,,1.0,-0.9,3.42,,,,4.2,2.15,6.2,,,,,,,,,,
2023-04-27,15.21,13.1,17.35,,,,55.21,52.99,57.52,,,,10.48,8.22,12.68,,,,8.3,5.85,10.64,,,,3.76,1.54,5.74,,,,1.0,-0.88,3.47,,,,4.21,2.17,6.24,,,,16.0,51.0,12.0,8.0,5.0,1.0,5.0
2023-04-28,15.19,13.11,17.34,,,,55.19,52.93,57.5,,,,10.49,8.22,12.72,,,,8.31,5.9,10.67,,,,3.76,1.55,5.76,,,,1.0,-0.84,3.53,,,,4.21,2.2,6.27,,,,,,,,,,
2023-04-29,15.17,13.05,17.36,,,,55.17,52.94,57.49,,,,10.51,8.23,12.75,,,,8.33,5.95,10.72,,,,3.76,1.56,5.78,,,,1.0,-0.84,3.55,,,,4.22,2.22,6.26,,,,,,,,,,
2023-04-30,15.16,13.05,17.37,,,,55.15,52.93,57.47,,,,10.53,8.25,12.76,,,,8.34,5.99,10.73,,,,3.76,1.57,5.79,,,,1.0,-0.85,3.55,,,,4.23,2.24,6.27,,,,,,,,,,
2023-05-01,15.14,13.04,17.38,,,,55.13,52.89,57.5,,,,10.55,8.29,12.76,,,,8.35,6.04,10.76,,,,3.76,1.58,5.8,,,,1.0,-0.86,3.55,,,,4.23,2.22,6.29,,,,,,,,,,
2023-05-02,15.12,13.04,17.39,,,,55.11,52.84,57.51,,,,10.56,8.33,12.77,,,,8.36,6.08,10.74,,,,3.76,1.6,5.81,,,,1.0,-0.87,3.54,,,,4.24,2.22,6.32,,,,,,,,,,
2023-05-03,15.1,12.97,17.39,,,,55.09,52.81,57.48,,,,10.58,8.38,12.78,,,,8.37,6.13,10.73,,,,3.76,1.64,5.82,,,,1.0,-0.88,3.54,,,,4.25,2.23,6.36,,,,,,,,,,
2023-05-04,15.08,12.97,17.4,,,,55.07,52.8,57.46,,,,10.6,8.43,12.8,,,,8.38,6.15,10.76,,,,3.76,1.69,5.82,,,,1.0,-0.88,3.54,,,,4.26,2.24,6.39,,,,15.0,57.0,9.0,9.0,3.0,1.0,3.0
2023-05-05,15.06,12.97,17.4,,,,55.06,52.78,57.47,,,,10.61,8.49,12.82,,,,8.39,6.1,10.8,,,,3.76,1.68,5.82,,,,1.0,-0.89,3.53,,,,4.27,2.26,6.43,,,,,,,,,,
2023-05-06,15.04,12.98,17.39,,,,55.04,52.79,57.5,,,,10.63,8.55,12.84,,,,8.4,6.15,10.83,,,,3.77,1.74,5.85,,,,1.0,-0.9,3.53,,,,4.27,2.25,6.43,,,,,,,,,,
2023-05-07,15.02,12.92,17.39,,,,55.03,52.78,57.53,,,,10.65,8.53,12.87,,,,8.41,6.19,10.86,,,,3.77,1.78,5.89,,,,1.0,-0.9,3.51,,,,4.28,2.28,6.42,,,,,,,,,,
2023-05-08,14.99,12.86,17.39,,,,55.01,52.78,57.55,,,,10.66,8.57,12.93,,,,8.42,6.18,10.89,,,,3.77,1.83,5.88,,,,1.0,-0.91,3.52,,,,4.29,2.29,6.41,,,,,,,,,,
2023-05-09,14.97,12.8,17.39,,,,55.0,52.78,57.57,,,,10.67,8.6,12.96,,,,8.43,6.22,10.92,,,,3.77,1.87,5.86,,,,1.0,-0.92,3.5,,,,4.3,2.31,6.41,,,,,,,,,,
2023-05-10,14.95,12.75,17.39,,,,54.99,52.81,57.53,,,,10.69,8.62,12.99,,,,8.44,6.23,10.92,,,,3.78,1.87,5.85,,,,1.0,-0.93,3.46,,,,4.31,2.32,6.4,,,,15.0,54.0,9.0,10.0,3.0,1.0,5.0
2023-05-11,14.92,12.7,17.38,,,,54.98,52.84,57.5,,,,10.7,8.62,13.02,,,,8.45,6.23,10.91,,,,3.78,1.86,5.86,,,,1.0,-0.94,3.41,,,,4.31,2.37,6.39,,,,,,,,,,
2023-05-12,14.9,12.67,17.35,,,,54.97,52.87,57.45,,,,10.72,8.6,13.0,,,,8.46,6.23,10.9,,,,3.78,1.84,5.86,,,,1.0,-0.95,3.35,,,,4.32,2.38,6.38,,,,,,,,,,
2023-05-13,14.88,12.62,17.33,,,,54.97,52.9,57.42,,,,10.73,8.64,12.99,,,,8.47,6.23,10.9,,,,3.79,1.83,5.88,,,,1.0,-0.95,3.3,,,,4.33,2.36,6.37,,,,,,,,,,
2023-05-14,14.85,12.63,17.31,,,,54.96,52.93,57.38,,,,10.74,8.65,12.99,,,,8.47,6.28,10.89,,,,3.79,1.8,5.89,,,,1.0,-0.94,3.25,,,,4.34,2.35,6.36,,,,,,,,,,
2023-05-15,14.83,12.65,17.28,,,,54.96,52.96,57.4,,,,10.76,8.62,12.99,,,,8.48,6.36,10.88,,,,3.79,1.77,5.9,,,,1.0,-0.92,3.29,,,,4.34,2.32,6.35,,,,,,,,,,
2023-05-16,14.8,12.66,17.26,,,,54.95,52.99,57.48,,,,10.77,8.61,12.99,,,,8.49,6.42,10.87,,,,3.8,1.75,5.91,,,,1.0,-0.91,3.28,,,,4.35,2.28,6.36,,,,,,,,,,
2023-05-17,14.78,12.63,17.23,,,,54.95,53.01,57.56,,,,10.78,8.59,12.98,,,,8.5,6.43,10.86,,,,3.8,1.72,5.91,,,,1.0,-0.93,3.25,,,,4.36,2.28,6.37,,,,,,,,,,
2023-05-18,14.75,12.57,17.21,,,,54.95,52.97,57.57,,,,10.79,8.57,12.98,,,,8.5,6.44,10.85,,,,3.81,1.73,5.92,,,,1.0,-0.95,3.21,,,,4.36,2.35,6.36,,,,13.0,56.0,12.0,10.0,4.0,1.0,3.0
2023-05-19,14.73,12.52,17.16,,,,54.94,52.94,57.59,,,,10.8,8.56,12.97,,,,8.51,6.49,10.83,,,,3.81,1.74,5.92,,,,1.0,-0.96,3.17,,,,4.37,2.38,6.36,,,,,,,,,,
2023-05-20,14.7,12.45,17.1,,,,54.94,52.9,57.59,,,,10.81,8.54,12.95,,,,8.52,6.54,10.82,,,,3.82,1.74,5.89,,,,1.0,-0.98,3.14,,,,4.37,2.39,6.35,,,,,,,,,,
2023-05-21,14.68,12.49,17.04,,,,54.95,52.87,57.52,,,,10.82,8.53,12.97,,,,8.52,6.56,10.8,,,,3.82,1.75,5.86,,,,1.0,-1.0,3.1,,,,4.38,2.39,6.37,,,,,,,,,,
2023-05-22,14.65,12.52,16.97,,,,54.95,52.85,57.45,,,,10.83,8.56,12.98,,,,8.53,6.55,10.78,,,,3.83,1.76,5.83,,,,1.0,-1.02,3.08,,,,4.38,2.4,6.4,,,,,,,,,,
2023-05-23,14.63,12.56,16.9,,,,54.95,52.84,57.37,,,,10.84,8.65,12.99,,,,8.54,6.53,10.76,,,,3.83,1.77,5.79,,,,1.0,-1.03,3.08,,,,4.39,2.4,6.4,,,,,,,,,,
2023-05-24,14.61,12.54,16.83,,,,54.95,52.86,57.29,,,,10.85,8.75,13.01,,,,8.54,6.5,10.76,,,,3.84,1.79,5.8,,,,1.0,-1.0,3.08,,,,4.39,2.41,6.4,,,,,,,,,,
2023-05-25,14.58,12.5,16.81,,,,54.96,52.88,57.27,,,,10.86,8.84,13.03,,,,8.55,6.5,10.76,,,,3.85,1.78,5.8,,,,1.0,-0.97,3.08,,,,4.4,2.42,6.4,,,,,,,,,,
2023-05-26,14.56,12.47,16.78,,,,54.96,52.9,57.34,,,,10.87,8.85,13.01,,,,8.56,6.51,10.74,,,,3.85,1.79,5.81,,,,1.0,-1.01,3.11,,,,4.4,2.42,6.41,,,,14.0,55.0,11.0,8.0,5.0,1.0,4.0
2023-05-27,14.53,12.44,16.84,,,,54.97,52.92,57.42,,,,10.88,8.86,12.99,,,,8.56,6.48,10.73,,,,3.86,1.79,5.83,,,,1.0,-1.04,3.12,,,,4.41,2.42,6.45,,,,,,,,,,
2023-05-28,14.51,12.4,16.88,,,,54.98,52.95,57.49,,,,10.88,8.87,12.98,,,,8.57,6.45,10.72,,,,3.86,1.8,5.84,,,,1.0,-1.07,3.15,,,,4.41,2.42,6.47,,,,,,,,,,
2023-05-29,14.49,12.37,16.8,,,,54.99,52.97,57.56,,,,10.89,8.88,12.99,,,,8.58,6.42,10.71,,,,3.87,1.8,5.83,,,,1.0,-1.03,3.18,,,,4.42,2.42,6.47,,,,,,,,,,
2023-05-30,14.46,12.37,16.71,,,,55.0,52.99,57.54,,,,10.9,8.89,13.0,,,,8.58,6.39,10.69,,,,3.88,1.8,5.82,,,,1.0,-1.05,3.2,,,,4.42,2.42,6.46,,,,,,,,,,
2023-05-31,14.44,12.35,16.64,,,,55.01,52.99,57.51,,,,10.9,8.91,13.01,,,,8.59,6.37,10.68,,,,3.88,1.81,5.83,,,,1.0,-1.06,3.22,,,,4.42,2.44,6.46,,,,17.0,53.0,12.0,8.0,3.0,,5.0
2023-06-01,14.41,12.33,16.6,,,,55.02,52.97,57.53,,,,10.91,8.92,13.01,,,,8.6,6.36,10.67,,,,3.89,1.79,5.87,,,,1.0,-1.08,3.25,,,,4.43,2.46,6.45,,,,,,,,,,
2023-06-02,14.39,12.31,16.57,,,,55.04,52.96,57.53,,,,10.91,8.93,13.02,,,,8.61,6.4,10.67,,,,3.89,1.77,5.88,,,,1.0,-1.04,3.26,,,,4.43,2.48,6.45,,,,,,,,,,
2023-06-03,14.37,12.3,16.53,,,,55.05,52.94,57.49,,,,10.92,8.95,13.02,,,,8.61,6.45,10.67,,,,3.9,1.76,5.89,,,,1.0,-1.0,3.22,,,,4.43,2.5,6.44,,,,,,,,,,
2023-06-04,14.35,12.3,16.5,,,,55.07,52.93,57.44,,,,10.92,8.96,13.03,,,,8.62,6.44,10.66,,,,3.9,1.74,5.89,,,,1.0,-1.03,3.23,,,,4.44,2.52,6.44,,,,,,,,,,
2023-06-05,14.32,12.31,16.46,,,,55.08,52.91,57.41,,,,10.92,8.98,13.0,,,,8.63,6.42,10.66,,,,3.91,1.72,5.9,,,,1.0,-1.06,3.26,,,,4.44,2.56,6.43,,,,,,,,,,
2023-06-06,14.3,12.31,16.42,,,,55.1,52.9,57.36,,,,10.93,8.99,12.97,,,,8.64,6.41,10.65,,,,3.92,1.7,5.89,,,,1.0,-1.09,3.22,,,,4.44,2.58,6.39,,,,,,,,,,
2023-06-07,14.28,12.31,16.38,,,,55.12,52.92,57.33,,,,10.93,9.0,12.94,,,,8.64,6.4,10.64,,,,3.92,1.74,5.88,,,,1.0,-1.08,3.18,,,,4.45,2.6,6.36,,,,14.0,53.0,14.0,11.0,4.0,1.0,3.0
2023-06-08,14.25,12.31,16.34,,,,55.14,52.94,57.3,,,,10.93,9.01,12.9,,,,8.65,6.4,10.62,,,,3.93,1.78,5.89,,,,1.0,-1.1,3.14,,,,4.45,2.6,6.36,,,,,,,,,,
2023-06-09,14.23,12.32,16.31,,,,55.17,52.95,57.33,,,,10.93,9.03,12.87,,,,8.66,6.39,10.63,,,,3.93,1.83,5.9,,,,1.0,-1.08,3.1,,,,4.45,2.59,6.35,,,,,,,,,,
2023-06-10,14.21,12.32,16.3,,,,55.19,52.97,57.36,,,,10.93,9.04,12.88,,,,8.66,6.41,10.63,,,,3.93,1.84,5.91,,,,1.0,-1.12,3.05,,,,4.46,2.61,6.34,,,,,,,,,,
2023-06-11,14.19,12.33,16.24,,,,55.22,52.99,57.39,,,,10.93,9.06,12.88,,,,8.67,6.45,10.65,,,,3.94,1.85,5.91,,,,1.0,-1.18,3.04,,,,4.46,2.6,6.35,,,,,,,,,,
2023-06-12,14.16,12.31,16.22,,,,55.24,53.01,57.41,,,,10.92,9.06,12.89,,,,8.68,6.49,10.65,,,,3.94,1.84,5.91,,,,1.0,-1.19,3.05,,,,4.46,2.59,6.35,,,,,,,,,,
2023-06-13,14.14,12.27,16.22,,,,55.27,53.04,57.45,,,,10.92,9.05,12.89,,,,8.68,6.51,10.66,,,,3.95,1.84,5.91,,,,1.0,-1.19,3.07,,,,4.47,2.58,6.35,,,,,,,,,,
2023-06-14,14.12,12.23,16.22,,,,55.3,53.06,57.48,,,,10.92,9.04,12.91,,,,8.69,6.5,10.68,,,,3.95,1.84,5.91,,,,1.0,-1.19,3.07,,,,4.47,2.57,6.35,,,,,,,,,,
2023-06-15,14.1,12.19,16.23,,,,55.33,53.09,57.52,,,,10.91,9.04,12.9,,,,8.7,6.49,10.68,,,,3.96,1.86,5.91,,,,1.0,-1.19,3.09,,,,4.47,2.57,6.35,,,,,,,,,,
2023-06-16,14.07,12.15,16.22,,,,55.36,53.11,57.56,,,,10.91,9.02,12.89,,,,8.7,6.49,10.69,,,,3.96,1.92,5.9,,,,1.0,-1.21,3.1,,,,4.48,2.57,6.36,,,,13.0,53.0,11.0,11.0,5.0,1.0,4.0
2023-06-17,14.05,12.15,16.2,,,,55.39,53.14,57.62,,,,10.9,9.01,12.88,,,,8.71,6.51,10.68,,,,3.96,1.98,5.89,,,,1.0,-1.25,3.11,,,,4.48,2.56,6.4,,,,,,,,,,
2023-06-18,14.03,12.13,16.16,,,,55.42,53.18,57.67,,,,10.9,9.0,12.88,,,,8.72,6.54,10.68,,,,3.97,2.04,5.89,,,,1.0,-1.28,3.04,,,,4.48,2.54,6.4,,,,,,,,,,
2023-06-19,14.01,12.12,16.16,,,,55.45,53.26,57.71,,,,10.89,9.0,12.86,,,,8.72,6.55,10.68,,,,3.97,2.09,5.92,,,,1.0,-1.26,3.08,,,,4.49,2.5,6.36,,,,,,,,,,
2023-06-20,13.99,12.12,16.11,,,,55.48,53.35,57.75,,,,10.88,8.99,12.85,,,,8.73,6.58,10.7,,,,3.97,2.1,5.96,,,,1.0,-1.25,3.1,,,,4.49,2.49,6.36,,,,,,,,,,
2023-06-21,13.97,12.06,16.06,,,,55.52,53.41,57.76,,,,10.87,8.99,12.84,,,,8.73,6.61,10.69,,,,3.98,2.11,5.97,,,,1.0,-1.23,3.07,,,,4.49,2.52,6.37,,,,13.0,55.0,12.0,8.0,4.0,1.0,4.0
2023-06-22,13.95,12.0,16.05,,,,55.55,53.41,57.84,,,,10.87,9.0,12.85,,,,8.74,6.67,10.68,,,,3.98,2.12,5.99,,,,1.0,-1.21,3.08,,,,4.5,2.56,6.38,,,,,,,,,,
2023-06-23,13.93,11.97,16.04,,,,55.58,53.4,57.79,,,,10.86,8.99,12.85,,,,8.74,6.76,10.68,,,,3.99,2.12,6.06,,,,1.0,-1.18,3.03,,,,4.5,2.55,6.38,,,,,,,,,,
2023-06-24,13.91,11.95,16.0,,,,55.62,53.42,57.82,,,,10.85,8.97,12.84,,,,8.75,6.86,10.68,,,,3.99,2.13,6.1,,,,1.0,-1.15,3.0,,,,4.5,2.55,6.41,,,,,,,,,,
2023-06-25,13.89,11.93,15.98,,,,55.65,53.47,57.87,,,,10.84,8.93,12.82,,,,8.75,6.87,10.68,,,,3.99,2.14,6.13,,,,1.0,-1.11,2.94,,,,4.51,2.57,6.44,,,,,,,,,,
2023-06-26,13.87,11.87,15.98,,,,55.69,53.52,57.98,,,,10.83,8.89,12.84,,,,8.76,6.84,10.67,,,,3.99,2.16,6.16,,,,1.0,-1.08,2.96,,,,4.51,2.56,6.48,,,,,,,,,,
2023-06-27,13.85,11.82,15.95,,,,55.72,53.58,58.11,,,,10.82,8.85,12.83,,,,8.76,6.82,10.67,,,,4.0,2.15,6.19,,,,1.0,-1.06,2.97,,,,4.51,2.56,6.5,,,,,,,,,,
2023-06-28,13.83,11.77,15.84,,,,55.76,53.63,58.18,,,,10.8,8.81,12.81,,,,8.77,6.8,10.68,,,,4.0,2.15,6.22,,,,1.0,-1.04,2.97,,,,4.51,2.56,6.53,,,,13.0,60.0,10.0,7.0,3.0,1.0,6.0
2023-06-29,13.81,11.75,15.83,,,,55.79,53.69,58.22,,,,10.79,8.78,12.78,,,,8.77,6.83,10.69,,,,4.0,2.11,6.23,,,,1.0,-1.02,2.98,,,,4.52,2.56,6.55,,,,,,,,,,
2023-06-30,13.8,11.73,15.82,,,,55.82,53.75,58.27,,,,10.78,8.74,12.75,,,,8.78,6.85,10.69,,,,4.01,2.09,6.22,,,,1.0,-1.0,2.99,,,,4.52,2.54,6.56,,,,,,,,,,
2023-07-01,13.78,11.73,15.8,,,,55.86,53.78,58.36,,,,10.77,8.74,12.73,,,,8.79,6.81,10.7,,,,4.01,2.12,6.19,,,,1.0,-1.0,2.99,,,,4.52,2.52,6.57,,,,,,,,,,
2023-07-02,13.76,11.69,15.84,,,,55.89,53.84,58.47,,,,10.75,8.76,12.71,,,,8.79,6.77,10.73,,,,4.01,2.14,6.15,,,,1.0,-1.0,2.99,,,,4.52,2.55,6.6,,,,,,,,,,
2023-07-03,13.75,11.65,15.81,,,,55.92,53.91,58.51,,,,10.74,8.78,12.69,,,,8.8,6.79,10.71,,,,4.02,2.16,6.12,,,,1.0,-1.01,2.99,,,,4.52,2.56,6.6,,,,,,,,,,
2023-07-04,13.73,11.61,15.79,,,,55.96,53.97,58.54,,,,10.72,8.79,12.66,,,,8.8,6.81,10.7,,,,4.02,2.14,6.08,,,,1.0,-1.01,2.99,,,,4.52,2.55,6.61,,,,,,,,,,
2023-07-05,13.72,11.57,15.77,,,,55.99,54.04,58.56,,,,10.71,8.75,12.67,,,,8.81,6.83,10.7,,,,4.02,2.11,6.05,,,,1.0,-0.98,2.99,,,,4.53,2.53,6.61,,,,,,,,,,
2023-07-06,13.7,11.53,15.76,,,,56.02,54.07,58.58,,,,10.69,8.76,12.67,,,,8.82,6.81,10.7,,,,4.02,2.08,6.06,,,,1.0,-0.94,2.99,,,,4.53,2.5,6.61,,,,10.0,56.0,9.0,8.0,4.0,1.0,7.0
2023-07-07,13.69,11.49,15.75,,,,56.05,54.09,58.59,,,,10.67,8.72,12.65,,,,8.82,6.8,10.7,,,,4.03,2.06,6.12,,,,1.0,-0.91,2.98,,,,4.53,2.52,6.61,,,,,,,,,,
2023-07-08,13.68,11.46,15.75,,,,56.08,54.11,58.6,,,,10.66,8.72,12.62,,,,8.83,6.78,10.69,,,,4.03,2.04,6.09,,,,1.0,-0.94,2.96,,,,4.53,2.54,6.6,,,,,,,,,,
2023-07-09,13.67,11.43,15.76,,,,56.11,54.13,58.61,,,,10.64,8.72,12.64,,,,8.84,6.8,10.69,,,,4.03,2.02,6.08,,,,1.0,-0.96,2.96,,,,4.53,2.54,6.6,,,,,,,,,,
2023-07-10,13.65,11.41,15.78,,,,56.15,54.16,58.62,,,,10.62,8.69,12.66,,,,8.84,6.85,10.71,,,,4.03,2.02,6.05,,,,1.0,-0.95,2.98,,,,4.53,2.54,6.6,,,,,,,,,,
2023-07-11,13.64,11.38,15.82,,,,56.18,54.16,58.62,,,,10.6,8.66,12.65,,,,8.85,6.88,10.73,,,,4.04,1.99,6.03,,,,1.0,-0.93,2.98,,,,4.53,2.52,6.59,,,,14.0,54.0,12.0,9.0,6.0,1.0,3.0
2023-07-12,13.63,11.36,15.79,,,,56.21,54.17,58.63,,,,10.59,8.62,12.65,,,,8.86,6.87,10.74,,,,4.04,1.95,6.02,,,,1.0,-0.95,2.98,,,,4.53,2.48,6.59,,,,,,,,,,
2023-07-13,13.62,11.38,15.75,,,,56.24,54.19,58.62,,,,10.57,8.6,12.64,,,,8.87,6.86,10.74,,,,4.04,1.95,6.01,,,,1.0,-0.99,2.97,,,,4.53,2.45,6.59,,,,,,,,,,
2023-07-14,13.61,11.39,15.7,,,,56.26,54.22,58.62,,,,10.55,8.57,12.62,,,,8.87,6.87,10.74,,,,4.04,1.97,6.01,,,,1.0,-1.02,2.96,,,,4.53,2.45,6.59,,,,,,,,,,
2023-07-15,13.6,11.4,15.69,,,,56.29,54.24,58.63,,,,10.53,8.55,12.61,,,,8.88,6.9,10.75,,,,4.04,2.0,6.01,,,,1.0,-1.06,2.97,,,,4.53,2.48,6.57,,,,,,,,,,
2023-07-16,13.59,11.41,15.69,,,,56.32,54.27,58.65,,,,10.51,8.52,12.57,,,,8.89,6.93,10.75,,,,4.04,2.01,6.01,,,,1.0,-1.09,2.97,,,,4.53,2.47,6.56,,,,,,,,,,
2023-07-17,13.58,11.43,15.68,,,,56.35,54.3,58.67,,,,10.49,8.5,12.51,,,,8.9,6.93,10.76,,,,4.04,2.0,6.0,,,,1.0,-1.05,2.97,,,,4.53,2.44,6.54,,,,,,,,,,
2023-07-18,13.57,11.44,15.68,,,,56.38,54.35,58.7,,,,10.47,8.48,12.48,,,,8.91,6.99,10.79,,,,4.04,1.99,6.0,,,,1.0,-1.0,2.98,,,,4.53,2.41,6.54,,,,,,,,,,
2023-07-19,13.56,11.46,15.67,,,,56.41,54.39,58.67,,,,10.45,8.45,12.49,,,,8.92,7.02,10.8,,,,4.05,1.98,6.0,,,,1.0,-0.99,3.02,,,,4.53,2.39,6.53,,,,,,,,,,
2023-07-20,13.56,11.46,15.65,,,,56.43,54.43,58.65,,,,10.42,8.42,12.5,,,,8.93,7.05,10.81,,,,4.05,2.04,6.02,,,,1.0,-1.01,3.01,,,,4.53,2.37,6.53,,,,14.0,56.0,10.0,8.0,4.0,1.0,6.0
2023-07-21,13.55,11.43,15.63,,,,56.46,54.48,58.63,,,,10.4,8.4,12.51,,,,8.93,7.05,10.83,,,,4.05,2.09,6.04,,,,1.0,-1.04,3.0,,,,4.53,2.35,6.53,,,,,,,,,,
2023-07-22,13.54,11.4,15.63,,,,56.49,54.49,58.66,,,,10.38,8.37,12.47,,,,8.94,7.07,10.83,,,,4.05,2.14,6.05,,,,1.0,-1.02,2.98,,,,4.53,2.37,6.53,,,,,,,,,,
2023-07-23,13.53,11.44,15.62,,,,56.52,54.52,58.71,,,,10.36,8.34,12.4,,,,8.95,7.07,10.84,,,,4.05,2.14,6.06,,,,1.0,-1.0,2.97,,,,4.53,2.4,6.53,,,,,,,,,,
2023-07-24,13.53,11.47,15.57,,,,56.55,54.54,58.77,,,,10.34,8.31,12.36,,,,8.96,7.07,10.85,,,,4.05,2.14,6.07,,,,1.0,-0.98,2.96,,,,4.53,2.41,6.49,,,,,,,,,,
2023-07-25,13.52,11.49,15.57,,,,56.57,54.57,58.82,,,,10.31,8.28,12.34,,,,8.97,7.08,10.86,,,,4.05,2.15,6.03,,,,1.0,-1.0,2.95,,,,4.53,2.43,6.48,,,,,,,,,,
2023-07-26,13.51,11.46,15.56,,,,56.6,54.6,58.85,,,,10.29,8.25,12.3,,,,8.98,7.07,10.87,,,,4.05,2.15,6.0,,,,1.0,-1.02,2.94,,,,4.53,2.44,6.47,,,,14.0,58.0,11.0,9.0,3.0,,4.0
2023-07-27,13.51,11.42,15.56,,,,56.63,54.62,58.86,,,,10.27,8.22,12.28,,,,8.99,7.04,10.88,,,,4.05,2.15,5.95,,,,1.0,-1.03,2.95,,,,4.53,2.41,6.45,,,,,,,,,,
2023-07-28,13.5,11.38,15.55,,,,56.66,54.65,58.88,,,,10.24,8.19,12.27,,,,8.99,7.04,10.89,,,,4.05,2.15,5.91,,,,1.0,-1.05,2.98,,,,4.53,2.38,6.46,,,,,,,,,,
2023-07-29,13.5,11.34,15.53,,,,56.69,54.68,58.89,,,,10.22,8.17,12.24,,,,9.0,7.07,10.88,,,,4.05,2.15,5.92,,,,1.0,-1.07,2.96,,,,4.52,2.37,6.52,,,,,,,,,,
2023-07-30,13.49,11.3,15.49,,,,56.72,54.67,58.9,,,,10.2,8.11,12.21,,,,9.01,7.07,10.89,,,,4.05,2.14,5.91,,,,1.0,-1.09,2.92,,,,4.52,2.42,6.53,,,,,,,,,,
2023-07-31,13.49,11.28,15.44,,,,56.75,54.66,58.94,,,,10.17,8.11,12.18,,,,9.02,7.07,10.9,,,,4.05,2.12,5.91,,,,1.0,-1.1,2.89,,,,4.52,2.46,6.52,,,,,,,,,,
2023-08-01,13.48,11.33,15.42,,,,56.78,54.66,58.98,,,,10.15,8.08,12.15,,,,9.02,7.07,10.93,,,,4.05,2.09,5.92,,,,1.0,-1.15,2.89,,,,4.52,2.51,6.46,,,,,,,,,,
2023-08-02,13.48,11.37,15.41,,,,56.81,54.67,59.01,,,,10.12,8.04,12.12,,,,9.03,7.06,10.95,,,,4.05,2.11,5.92,,,,1.0,-1.23,2.92,,,,4.52,2.52,6.41,,,,,,,,,,
2023-08-03,13.47,11.42,15.4,,,,56.84,54.71,59.01,,,,10.1,8.02,12.09,,,,9.04,7.06,10.96,,,,4.05,2.12,5.92,,,,1.0,-1.29,2.93,,,,4.52,2.51,6.41,,,,13.0,59.0,11.0,7.0,5.0,1.0,4.0
2023-08-04,13.47,11.47,15.39,,,,56.87,54.81,59.01,,,,10.08,7.99,12.05,,,,9.04,7.05,10.98,,,,4.05,2.12,5.92,,,,1.0,-1.36,2.96,,,,4.52,2.48,6.4,,,,,,,,,,
2023-08-05,13.46,11.48,15.38,,,,56.9,54.9,59.02,,,,10.05,7.96,12.02,,,,9.05,7.06,11.0,,,,4.04,2.12,5.91,,,,1.0,-1.37,3.0,,,,4.52,2.46,6.39,,,,,,,,,,
2023-08-06,13.46,11.45,15.38,,,,56.93,54.94,59.02,,,,10.03,7.98,12.03,,,,9.05,7.07,10.97,,,,4.04,2.12,5.91,,,,1.0,-1.38,3.04,,,,4.52,2.44,6.38,,,,,,,,,,
2023-08-07,13.46,11.48,15.37,,,,56.96,54.97,59.02,,,,10.01,8.0,12.04,,,,9.06,7.09,10.96,,,,4.04,2.1,5.9,,,,1.0,-1.39,3.01,,,,4.52,2.43,6.37,,,,,,,,,,
2023-08-08,13.45,11.48,15.35,,,,56.99,55.0,59.03,,,,9.99,8.02,12.03,,,,9.06,7.09,10.98,,,,4.04,2.08,5.93,,,,1.0,-1.4,2.97,,,,4.52,2.42,6.36,,,,,,,,,,
2023-08-09,13.45,11.5,15.34,,,,57.02,55.03,59.04,,,,9.96,8.01,12.0,,,,9.07,7.04,11.01,,,,4.04,2.05,5.96,,,,1.0,-1.41,2.96,,,,4.51,2.4,6.37,,,,,,,,,,
2023-08-10,13.45,11.51,15.39,,,,57.05,55.06,59.09,,,,9.94,7.98,11.96,,,,9.07,7.02,11.04,,,,4.04,2.01,5.96,,,,1.0,-1.44,2.93,,,,4.51,2.39,6.41,,,,,,,,,,
2023-08-11,13.44,11.51,15.4,,,,57.08,55.09,59.15,,,,9.92,7.98,11.92,,,,9.08,7.02,11.06,,,,4.04,2.0,5.96,,,,1.0,-1.46,2.91,,,,4.51,2.37,6.42,,,,15.0,57.0,9.0,9.0,4.0,,6.0
2023-08-12,13.44,11.52,15.42,,,,57.11,55.11,59.21,,,,9.9,7.98,11.88,,,,9.08,7.0,11.07,,,,4.04,1.97,5.97,,,,1.0,-1.47,2.85,,,,4.51,2.37,6.4,,,,,,,,,,
2023-08-13,13.44,11.52,15.45,,,,57.14,55.14,59.22,,,,9.88,7.95,11.84,,,,9.08,7.01,11.08,,,,4.04,2.01,5.97,,,,1.0,-1.46,2.86,,,,4.51,2.37,6.39,,,,,,,,,,
2023-08-14,13.44,11.53,15.47,,,,57.17,55.15,59.28,,,,9.86,7.92,11.8,,,,9.09,7.05,11.09,,,,4.04,1.97,5.97,,,,1.0,-1.45,2.84,,,,4.51,2.36,6.39,,,,,,,,,,
2023-08-15,13.43,11.52,15.42,,,,57.19,55.18,59.38,,,,9.84,7.88,11.79,,,,9.09,7.07,11.1,,,,4.04,1.94,5.98,,,,1.0,-1.43,2.85,,,,4.51,2.36,6.41,,,,,,,,,,
2023-08-16,13.43,11.5,15.39,,,,57.22,55.21,59.39,,,,9.82,7.82,11.8,,,,9.09,7.1,11.13,,,,4.04,1.96,6.01,,,,1.0,-1.46,2.87,,,,4.51,2.35,6.44,,,,,,,,,,
2023-08-17,13.43,11.49,15.42,,,,57.25,55.22,59.39,,,,9.8,7.79,11.78,,,,9.1,7.14,11.15,,,,4.04,1.99,6.04,,,,1.0,-1.5,2.9,,,,4.51,2.35,6.47,,,,,,,,,,
2023-08-18,13.43,11.47,15.43,,,,57.28,55.24,59.38,,,,9.79,7.77,11.75,,,,9.1,7.17,11.18,,,,4.04,2.02,6.06,,,,1.0,-1.51,2.95,,,,4.51,2.36,6.49,,,,15.0,58.0,10.0,9.0,3.0,1.0,4.0
2023-08-19,13.43,11.45,15.44,,,,57.3,55.26,59.38,,,,9.77,7.74,11.73,,,,9.1,7.16,11.16,,,,4.04,2.06,6.03,,,,1.0,-1.5,3.01,,,,4.51,2.38,6.52,,,,,,,,,,
2023-08-20,13.42,11.43,15.48,,,,57.33,55.28,59.41,,,,9.75,7.71,11.71,,,,9.1,7.15,11.12,,,,4.04,2.08,6.02,,,,1.0,-1.52,3.06,,,,4.51,2.4,6.54,,,,,,,,,,
2023-08-21,13.42,11.41,15.51,,,,57.36,55.3,59.47,,,,9.74,7.69,11.74,,,,9.1,7.12,11.12,,,,4.04,2.1,6.05,,,,1.0,-1.51,3.07,,,,4.51,2.42,6.52,,,,,,,,,,
2023-08-22,13.42,11.39,15.54,,,,57.38,55.32,59.52,,,,9.72,7.67,11.75,,,,9.11,7.08,11.13,,,,4.04,2.08,6.05,,,,1.0,-1.47,3.09,,,,4.51,2.44,6.48,,,,,,,,,,
2023-08-23,13.42,11.38,15.55,,,,57.41,55.33,59.58,,,,9.71,7.64,11.77,,,,9.11,7.05,11.14,,,,4.04,2.07,6.02,,,,1.0,-1.44,3.1,,,,4.51,2.45,6.44,,,,13.0,57.0,10.0,10.0,3.0,1.0,5.0
2023-08-24,13.42,11.37,15.54,,,,57.43,55.34,59.62,,,,9.69,7.62,11.73,,,,9.11,7.02,11.16,,,,4.04,2.06,6.04,,,,1.0,-1.45,3.12,,,,4.51,2.47,6.46,,,,,,,,,,
2023-08-25,13.42,11.36,15.54,,,,57.46,55.36,59.64,,,,9.68,7.6,11.69,,,,9.11,7.05,11.17,,,,4.04,2.05,6.04,,,,1.0,-1.42,3.11,,,,4.51,2.46,6.47,,,,,,,,,,
2023-08-26,13.41,11.37,15.54,,,,57.48,55.38,59.68,,,,9.67,7.58,11.65,,,,9.11,7.06,11.16,,,,4.04,2.03,6.07,,,,1.0,-1.42,3.14,,,,4.51,2.45,6.49,,,,,,,,,,
2023-08-27,13.41,11.4,15.55,,,,57.5,55.4,59.73,,,,9.66,7.56,11.65,,,,9.11,7.09,11.17,,,,4.04,2.03,6.08,,,,1.0,-1.42,3.16,,,,4.51,2.44,6.45,,,,,,,,,,
2023-08-28,13.41,11.39,15.54,,,,57.53,55.39,59.7,,,,9.64,7.54,11.6,,,,9.11,7.1,11.16,,,,4.04,2.02,6.09,,,,1.0,-1.41,3.18,,,,4.51,2.42,6.45,,,,,,,,,,
2023-08-29,13.41,11.42,15.54,,,,57.55,55.43,59.67,,,,9.63,7.54,11.55,,,,9.12,7.1,11.17,,,,4.04,2.02,6.11,,,,1.0,-1.37,3.22,,,,4.51,2.41,6.48,,,,,,,,,,
2023-08-30,13.4,11.44,15.54,,,,57.57,55.49,59.65,,,,9.62,7.55,11.54,,,,9.12,7.15,11.18,,,,4.04,2.02,6.13,,,,1.0,-1.37,3.24,,,,4.51,2.42,6.49,,,,,,,,,,
2023-08-31,13.4,11.47,15.54,,,,57.59,55.55,59.71,,,,9.61,7.57,11.56,,,,9.12,7.17,11.18,,,,4.04,2.04,6.14,,,,1.0,-1.39,3.27,,,,4.51,2.45,6.47,,,,14.0,59.0,7.0,9.0,5.0,1.0,5.0
2023-09-01,13.4,11.49,15.56,,,,57.61,55.6,59.73,,,,9.6,7.58,11.58,,,,9.12,7.15,11.19,,,,4.04,2.07,6.15,,,,1.0,-1.38,3.28,,,,4.51,2.46,6.45,,,,,,,,,,
2023-09-02,13.39,11.47,15.57,,,,57.63,55.66,59.73,,,,9.6,7.57,11.59,,,,9.12,7.13,11.2,,,,4.04,2.08,6.16,,,,1.0,-1.37,3.3,,,,4.51,2.46,6.42,,,,,,,,,,
2023-09-03,13.39,11.44,15.58,,,,57.65,55.72,59.71,,,,9.59,7.57,11.52,,,,9.12,7.11,11.21,,,,4.04,2.06,6.17,,,,1.0,-1.41,3.25,,,,4.51,2.49,6.4,,,,,,,,,,
2023-09-04,13.38,11.44,15.58,,,,57.67,55.77,59.69,,,,9.58,7.56,11.48,,,,9.13,7.08,11.22,,,,4.04,2.04,6.18,,,,1.0,-1.44,3.23,,,,4.51,2.52,6.37,,,,,,,,,,
2023-09-05,13.38,11.46,15.54,,,,57.69,55.79,59.68,,,,9.57,7.56,11.48,,,,9.13,7.06,11.24,,,,4.04,2.04,6.19,,,,1.0,-1.44,3.24,,,,4.51,2.54,6.34,,,,,,,,,,
2023-09-06,13.37,11.48,15.53,,,,57.71,55.78,59.7,,,,9.56,7.55,11.47,,,,9.13,7.06,11.24,,,,4.04,2.03,6.16,,,,1.0,-1.45,3.25,,,,4.51,2.57,6.33,,,,,,,,,,
2023-09-07,13.37,11.49,15.53,,,,57.73,55.81,59.72,,,,9.56,7.55,11.47,,,,9.13,7.06,11.24,,,,4.04,2.04,6.12,,,,1.0,-1.48,3.27,,,,4.51,2.59,6.35,,,,,,,,,,
2023-09-08,13.36,11.52,15.52,,,,57.74,55.85,59.73,,,,9.55,7.54,11.45,,,,9.13,7.05,11.24,,,,4.04,2.08,6.1,,,,1.0,-1.51,3.3,,,,4.51,2.6,6.37,,,,13.0,58.0,11.0,8.0,4.0,1.0,3.0
2023-09-09,13.36,11.54,15.52,,,,57.76,55.88,59.75,,,,9.54,7.54,11.44,,,,9.14,7.05,11.25,,,,4.05,2.12,6.09,,,,1.0,-1.5,3.31,,,,4.51,2.6,6.4,,,,,,,,,,
2023-09-10,13.35,11.57,15.52,,,,57.77,55.9,59.76,,,,9.54,7.54,11.43,,,,9.14,7.06,11.26,,,,4.05,2.15,6.1,,,,1.0,-1.49,3.32,,,,4.51,2.6,6.43,,,,,,,,,,
2023-09-11,13.35,11.55,15.52,,,,57.79,55.9,59.77,,,,9.53,7.54,11.42,,,,9.14,7.08,11.26,,,,4.05,2.19,6.1,,,,1.0,-1.49,3.35,,,,4.51,2.6,6.45,,,,,,,,,,
2023-09-12,13.34,11.5,15.52,,,,57.8,55.89,59.77,,,,9.52,7.55,11.4,,,,9.14,7.1,11.27,,,,4.05,2.22,6.11,,,,1.0,-1.48,3.34,,,,4.52,2.6,6.48,,,,,,,,,,
2023-09-13,13.33,11.45,15.52,,,,57.81,55.89,59.78,,,,9.52,7.56,11.4,,,,9.14,7.12,11.27,,,,4.05,2.24,6.12,,,,1.0,-1.47,3.34,,,,4.52,2.6,6.51,,,,,,,,,,
2023-09-14,13.33,11.4,15.51,,,,57.82,55.88,59.81,,,,9.51,7.56,11.4,,,,9.14,7.12,11.28,,,,4.06,2.27,6.12,,,,1.0,-1.45,3.34,,,,4.52,2.59,6.54,,,,12.0,57.0,7.0,13.0,4.0,1.0,3.0
2023-09-15,13.32,11.36,15.51,,,,57.83,55.88,59.84,,,,9.5,7.57,11.41,,,,9.15,7.1,11.28,,,,4.06,2.24,6.13,,,,1.0,-1.45,3.35,,,,4.52,2.58,6.57,,,,,,,,,,
2023-09-16,13.31,11.32,15.51,,,,57.84,55.88,59.86,,,,9.5,7.57,11.42,,,,9.15,7.08,11.27,,,,4.06,2.2,6.16,,,,1.0,-1.53,3.36,,,,4.52,2.57,6.57,,,,,,,,,,
2023-09-17,13.31,11.28,15.5,,,,57.85,55.87,59.88,,,,9.49,7.58,11.43,,,,9.15,7.08,11.26,,,,4.06,2.18,6.18,,,,1.0,-1.53,3.38,,,,4.52,2.56,6.59,,,,,,,,,,
2023-09-18,13.3,11.23,15.5,,,,57.86,55.87,59.9,,,,9.49,7.58,11.44,,,,9.15,7.1,11.27,,,,4.07,2.21,6.21,,,,1.0,-1.5,3.39,,,,4.52,2.56,6.61,,,,,,,,,,
2023-09-19,13.29,11.19,15.52,,,,57.87,55.87,59.92,,,,9.48,7.59,11.45,,,,9.15,7.12,11.29,,,,4.07,2.22,6.25,,,,1.0,-1.47,3.42,,,,4.53,2.58,6.63,,,,,,,,,,
2023-09-20,13.28,11.18,15.53,,,,57.87,55.86,59.94,,,,9.48,7.59,11.46,,,,9.15,7.14,11.3,,,,4.07,2.25,6.28,,,,1.0,-1.44,3.41,,,,4.53,2.57,6.65,,,,15.0,55.0,10.0,11.0,5.0,1.0,2.0
2023-09-21,13.28,11.16,15.54,,,,57.88,55.86,59.95,,,,9.47,7.59,11.47,,,,9.16,7.17,11.3,,,,4.07,2.26,6.31,,,,1.0,-1.46,3.42,,,,4.53,2.56,6.67,,,,,,,,,,
2023-09-22,13.27,11.15,15.53,,,,57.89,55.85,59.97,,,,9.47,7.6,11.48,,,,9.16,7.19,11.3,,,,4.08,2.26,6.34,,,,1.01,-1.44,3.44,,,,4.54,2.55,6.7,,,,13.0,57.0,10.0,10.0,4.0,,5.0
2023-09-23,13.26,11.13,15.53,,,,57.89,55.85,59.98,,,,9.46,7.6,11.5,,,,9.16,7.18,11.29,,,,4.08,2.22,6.34,,,,1.01,-1.48,3.45,,,,4.54,2.53,6.71,,,,,,,,,,
2023-09-24,13.25,11.12,15.52,,,,57.89,55.84,60.0,,,,9.46,7.6,11.5,,,,9.16,7.15,11.31,,,,4.08,2.18,6.31,,,,1.01,-1.54,3.44,,,,4.55,2.52,6.73,,,,,,,,,,
2023-09-25,13.24,11.1,15.48,,,,57.89,55.83,60.05,,,,9.45,7.59,11.49,,,,9.16,7.11,11.3,,,,4.08,2.15,6.31,,,,1.01,-1.58,3.46,,,,4.55,2.51,6.73,,,,,,,,,,
2023-09-26,13.23,11.09,15.48,,,,57.89,55.82,60.06,,,,9.45,7.57,11.48,,,,9.16,7.11,11.31,,,,4.09,2.1,6.33,,,,1.01,-1.57,3.46,,,,4.56,2.51,6.74,,,,,,,,,,
2023-09-27,13.22,11.1,15.46,,,,57.89,55.8,60.08,,,,9.44,7.53,11.46,,,,9.16,7.12,11.33,,,,4.09,2.07,6.31,,,,1.01,-1.53,3.45,,,,4.57,2.51,6.77,,,,12.0,58.0,9.0,11.0,3.0,1.0,6.0
2023-09-28,13.21,11.13,15.46,,,,57.89,55.78,60.09,,,,9.44,7.5,11.45,,,,9.17,7.09,11.33,,,,4.09,2.06,6.31,,,,1.01,-1.5,3.44,,,,4.57,2.51,6.77,,,,,,,,,,
2023-09-29,13.2,11.15,15.44,,,,57.89,55.77,60.1,,,,9.43,7.49,11.45,,,,9.17,7.07,11.32,,,,4.1,2.07,6.3,,,,1.01,-1.45,3.44,,,,4.58,2.51,6.78,,,,,,,,,,
2023-09-30,13.2,11.18,15.42,,,,57.89,55.75,60.1,,,,9.43,7.45,11.48,,,,9.17,7.04,11.32,,,,4.1,2.08,6.28,,,,1.02,-1.41,3.43,,,,4.59,2.51,6.78,,,,,,,,,,
2023-10-01,13.19,11.15,15.42,,,,57.88,55.73,60.1,,,,9.42,7.41,11.5,,,,9.17,7.02,11.33,,,,4.1,2.1,6.26,,,,1.02,-1.37,3.43,,,,4.6,2.51,6.79,,,,,,,,,,
2023-10-02,13.18,11.12,15.43,,,,57.88,55.73,60.1,,,,9.42,7.38,11.49,,,,9.17,7.0,11.33,,,,4.11,2.11,6.26,,,,1.02,-1.39,3.42,,,,4.6,2.52,6.8,,,,,,,,,,
2023-10-03,13.17,11.09,15.44,,,,57.87,55.7,60.09,,,,9.42,7.36,11.51,,,,9.17,7.01,11.34,,,,4.11,2.12,6.32,,,,1.02,-1.41,3.42,,,,4.61,2.52,6.8,,,,,,,,,,
2023-10-04,13.16,11.07,15.44,,,,57.86,55.7,60.08,,,,9.41,7.37,11.54,,,,9.17,7.05,11.34,,,,4.11,2.13,6.32,,,,1.02,-1.43,3.42,,,,4.62,2.53,6.83,,,,,,,,,,
2023-10-05,13.15,11.14,15.43,,,,57.86,55.71,60.06,,,,9.41,7.38,11.57,,,,9.17,7.08,11.34,,,,4.12,2.15,6.31,,,,1.02,-1.38,3.41,,,,4.63,2.54,6.82,,,,15.0,57.0,10.0,8.0,4.0,1.0,4.0
2023-10-06,13.15,11.19,15.43,,,,57.85,55.7,60.05,,,,9.41,7.38,11.6,,,,9.17,7.12,11.35,,,,4.12,2.15,6.29,,,,1.03,-1.33,3.44,,,,4.64,2.55,6.82,,,,,,,,,,
2023-10-07,13.14,11.22,15.42,,,,57.84,55.7,60.04,,,,9.41,7.39,11.6,,,,9.17,7.12,11.34,,,,4.12,2.13,6.27,,,,1.03,-1.34,3.47,,,,4.65,2.56,6.82,,,,,,,,,,
2023-10-08,13.13,11.19,15.42,,,,57.83,55.7,60.01,,,,9.41,7.41,11.59,,,,9.17,7.12,11.33,,,,4.13,2.12,6.27,,,,1.03,-1.39,3.5,,,,4.66,2.57,6.83,,,,,,,,,,
2023-10-09,13.12,11.15,15.41,,,,57.82,55.7,59.98,,,,9.4,7.36,11.57,,,,9.17,7.11,11.32,,,,4.13,2.13,6.28,,,,1.03,-1.39,3.52,,,,4.67,2.59,6.8,,,,,,,,,,
2023-10-10,13.12,11.08,15.41,,,,57.81,55.71,59.97,,,,9.4,7.35,11.55,,,,9.16,7.11,11.31,,,,4.13,2.15,6.31,,,,1.03,-1.36,3.55,,,,4.68,2.59,6.79,,,,,,,,,,
2023-10-11,13.11,11.09,15.41,,,,57.8,55.68,59.96,,,,9.4,7.39,11.53,,,,9.16,7.11,11.29,,,,4.14,2.16,6.34,,,,1.04,-1.33,3.59,,,,4.69,2.59,6.79,,,,,,,,,,
2023-10-12,13.1,11.08,15.42,,,,57.79,55.67,59.95,,,,9.4,7.44,11.58,,,,9.16,7.11,11.28,,,,4.14,2.16,6.36,,,,1.04,-1.3,3.61,,,,4.7,2.59,6.78,,,,13.0,62.0,8.0,7.0,4.0,,5.0
2023-10-13,13.1,11.06,15.41,,,,57.78,55.62,59.94,,,,9.4,7.46,11.6,,,,9.16,7.11,11.26,,,,4.14,2.18,6.38,,,,1.04,-1.25,3.6,,,,4.72,2.59,6.84,,,,,,,,,,
2023-10-14,13.09,11.05,15.41,,,,57.77,55.62,59.92,,,,9.4,7.5,11.6,,,,9.15,7.09,11.28,,,,4.14,2.21,6.4,,,,1.04,-1.22,3.6,,,,4.73,2.59,6.88,,,,,,,,,,
2023-10-15,13.09,11.07,15.4,,,,57.76,55.64,59.91,,,,9.4,7.5,11.58,,,,9.15,7.06,11.3,,,,4.15,2.24,6.42,,,,1.04,-1.17,3.61,,,,4.74,2.62,6.89,,,,,,,,,,
2023-10-16,13.08,11.09,15.4,,,,57.75,55.61,59.9,,,,9.4,7.47,11.53,,,,9.14,7.02,11.33,,,,4.15,2.23,6.45,,,,1.05,-1.15,3.6,,,,4.75,2.64,6.91,,,,,,,,,,
2023-10-17,13.07,11.1,15.4,,,,57.74,55.61,59.88,,,,9.4,7.45,11.49,,,,9.14,6.99,11.36,,,,4.15,2.23,6.43,,,,1.05,-1.13,3.6,,,,4.77,2.64,6.92,,,,,,,,,,
2023-10-18,13.07,11.12,15.4,,,,57.73,55.62,59.87,,,,9.4,7.43,11.48,,,,9.13,7.0,11.37,,,,4.16,2.24,6.38,,,,1.05,-1.14,3.59,,,,4.78,2.66,6.93,,,,12.0,59.0,9.0,9.0,4.0,,5.0
2023-10-19,13.06,11.11,15.4,,,,57.72,55.63,59.85,,,,9.4,7.42,11.49,,,,9.13,7.01,11.37,,,,4.16,2.18,6.36,,,,1.05,-1.15,3.57,,,,4.79,2.68,6.94,,,,,,,,,,
2023-10-20,13.06,11.12,15.4,,,,57.71,55.63,59.86,,,,9.4,7.4,11.5,,,,9.12,7.02,11.37,,,,4.16,2.2,6.37,,,,1.05,-1.16,3.56,,,,4.81,2.71,6.94,,,,,,,,,,
2023-10-21,13.05,11.13,15.41,,,,57.7,55.63,59.87,,,,9.4,7.39,11.51,,,,9.11,7.02,11.37,,,,4.16,2.24,6.37,,,,1.06,-1.17,3.55,,,,4.82,2.72,6.99,,,,,,,,,,
2023-10-22,13.05,11.15,15.41,,,,57.69,55.6,59.86,,,,9.4,7.41,11.52,,,,9.11,7.02,11.38,,,,4.17,2.27,6.38,,,,1.06,-1.18,3.51,,,,4.83,2.75,7.03,,,,,,,,,,
2023-10-23,13.04,11.16,15.41,,,,57.69,55.57,59.86,,,,9.4,7.43,11.52,,,,9.1,7.01,11.36,,,,4.17,2.3,6.39,,,,1.06,-1.18,3.5,,,,4.85,2.75,7.06,,,,,,,,,,
2023-10-24,13.04,11.15,15.41,,,,57.68,55.55,59.85,,,,9.4,7.35,11.52,,,,9.09,7.03,11.29,,,,4.17,2.31,6.39,,,,1.06,-1.14,3.5,,,,4.86,2.77,7.07,,,,,,,,,,
2023-10-25,13.03,11.14,15.41,,,,57.67,55.54,59.85,,,,9.4,7.34,11.53,,,,9.08,6.97,11.27,,,,4.17,2.31,6.4,,,,1.06,-1.11,3.48,,,,4.88,2.81,7.08,,,,14.0,59.0,10.0,6.0,5.0,1.0,5.0
2023-10-26,13.02,11.13,15.41,,,,57.66,55.52,59.81,,,,9.4,7.37,11.53,,,,9.07,6.98,11.27,,,,4.18,2.31,6.41,,,,1.06,-1.08,3.47,,,,4.9,2.85,7.08,,,,,,,,,,
2023-10-27,13.02,11.12,15.41,,,,57.65,55.51,59.82,,,,9.4,7.4,11.53,,,,9.06,6.99,11.26,,,,4.18,2.3,6.4,,,,1.07,-1.11,3.5,,,,4.91,2.87,7.08,,,,,,,,,,
2023-10-28,13.01,11.11,15.4,,,,57.64,55.51,59.84,,,,9.4,7.43,11.53,,,,9.06,7.0,11.25,,,,4.18,2.3,6.39,,,,1.07,-1.09,3.52,,,,4.93,2.89,7.09,,,,,,,,,,
2023-10-29,13.01,11.11,15.39,,,,57.64,55.51,59.83,,,,9.4,7.45,11.53,,,,9.05,6.98,11.25,,,,4.18,2.31,6.4,,,,1.07,-1.08,3.54,,,,4.95,2.91,7.09,,,,,,,,,,
2023-10-30,13.0,11.11,15.37,,,,57.63,55.5,59.83,,,,9.41,7.43,11.53,,,,9.04,7.0,11.25,,,,4.19,2.29,6.43,,,,1.07,-1.1,3.57,,,,4.96,2.94,7.1,,,,,,,,,,
2023-10-31,13.0,11.12,15.35,,,,57.62,55.5,59.85,,,,9.41,7.46,11.52,,,,9.03,6.99,11.24,,,,4.19,2.28,6.43,,,,1.07,-1.1,3.59,,,,4.98,2.97,7.13,,,,,,,,,,
2023-11-01,12.99,11.13,15.33,,,,57.61,55.48,59.87,,,,9.41,7.49,11.52,,,,9.01,7.0,11.23,,,,4.19,2.29,6.43,,,,1.07,-1.11,3.59,,,,5.0,2.99,7.15,,,,11.0,56.0,10.0,11.0,4.0,,7.0
2023-11-02,12.99,11.14,15.3,,,,57.61,55.42,59.89,,,,9.41,7.46,11.51,,,,9.0,7.02,11.22,,,,4.19,2.29,6.44,,,,1.08,-1.11,3.57,,,,5.02,2.99,7.18,,,,,,,,,,
2023-11-03,12.98,11.15,15.28,,,,57.6,55.4,59.91,,,,9.41,7.45,11.51,,,,8.99,7.04,11.21,,,,4.19,2.3,6.45,,,,1.08,-1.12,3.56,,,,5.04,2.97,7.18,,,,,,,,,,
2023-11-04,12.98,11.14,15.26,,,,57.59,55.37,59.93,,,,9.41,7.48,11.5,,,,8.98,7.05,11.2,,,,4.19,2.32,6.46,,,,1.08,-1.12,3.54,,,,5.06,2.97,7.15,,,,,,,,,,
2023-11-05,12.97,11.14,15.24,,,,57.58,55.35,59.94,,,,9.41,7.5,11.49,,,,8.97,7.06,11.18,,,,4.19,2.34,6.46,,,,1.08,-1.1,3.52,,,,5.08,2.96,7.17,,,,,,,,,,
2023-11-06,12.97,11.14,15.22,,,,57.58,55.36,59.96,,,,9.41,7.51,11.51,,,,8.96,7.08,11.17,,,,4.19,2.29,6.46,,,,1.08,-1.08,3.51,,,,5.1,2.99,7.25,,,,,,,,,,
2023-11-07,12.96,11.14,15.2,,,,57.57,55.38,59.93,,,,9.41,7.51,11.52,,,,8.95,7.1,11.15,,,,4.19,2.28,6.46,,,,1.08,-1.05,3.49,,,,5.12,3.01,7.32,,,,,,,,,,
2023-11-08,12.96,11.13,15.18,,,,57.56,55.39,59.87,,,,9.4,7.51,11.53,,,,8.94,7.09,11.13,,,,4.19,2.22,6.46,,,,1.08,-1.03,3.48,,,,5.14,3.04,7.34,,,,12.0,62.0,10.0,8.0,4.0,1.0,3.0
2023-11-09,12.95,11.13,15.16,,,,57.56,55.35,59.87,,,,9.4,7.51,11.54,,,,8.93,7.04,11.1,,,,4.19,2.19,6.46,,,,1.09,-1.06,3.47,,,,5.17,3.08,7.37,,,,,,,,,,
2023-11-10,12.95,11.13,15.15,,,,57.55,55.29,59.87,,,,9.4,7.52,11.55,,,,8.91,7.0,11.08,,,,4.19,2.19,6.47,,,,1.09,-1.05,3.44,,,,5.19,3.11,7.39,,,,,,,,,,
2023-11-11,12.94,11.12,15.16,,,,57.55,55.29,59.91,,,,9.4,7.46,11.55,,,,8.9,6.99,11.05,,,,4.19,2.19,6.47,,,,1.09,-1.02,3.4,,,,5.21,3.1,7.41,,,,,,,,,,
2023-11-12,12.94,11.1,15.17,,,,57.54,55.32,59.94,,,,9.4,7.48,11.56,,,,8.89,6.99,11.03,,,,4.19,2.2,6.47,,,,1.09,-0.98,3.36,,,,5.23,3.15,7.42,,,,,,,,,,
2023-11-13,12.93,11.1,15.16,,,,57.54,55.3,59.94,,,,9.4,7.48,11.56,,,,8.88,7.0,11.0,,,,4.19,2.21,6.48,,,,1.09,-1.01,3.33,,,,5.26,3.16,7.43,,,,,,,,,,
2023-11-14,12.93,11.1,15.12,,,,57.53,55.31,59.94,,,,9.39,7.44,11.56,,,,8.87,7.0,10.97,,,,4.19,2.22,6.48,,,,1.09,-1.05,3.34,,,,5.28,3.15,7.48,,,,,,,,,,
2023-11-15,12.92,11.07,15.08,,,,57.53,55.26,59.93,,,,9.39,7.44,11.54,,,,8.86,7.0,10.94,,,,4.18,2.24,6.45,,,,1.09,-0.98,3.36,,,,5.3,3.14,7.5,,,,11.0,58.0,11.0,8.0,5.0,1.0,5.0
2023-11-16,12.92,11.03,15.04,,,,57.52,55.24,59.92,,,,9.39,7.46,11.54,,,,8.85,6.96,10.92,,,,4.18,2.25,6.43,,,,1.09,-0.99,3.38,,,,5.33,3.14,7.51,,,,,,,,,,
2023-11-17,12.91,10.99,15.01,,,,57.52,55.23,59.91,,,,9.38,7.47,11.55,,,,8.84,6.94,10.89,,,,4.18,2.26,6.41,,,,1.09,-1.0,3.39,,,,5.35,3.14,7.53,,,,,,,,,,
2023-11-18,12.91,10.95,15.02,,,,57.51,55.21,59.92,,,,9.38,7.48,11.55,,,,8.83,6.9,10.87,,,,4.17,2.28,6.39,,,,1.09,-0.93,3.4,,,,5.38,3.14,7.56,,,,,,,,,,
2023-11-19,12.9,10.92,15.04,,,,57.51,55.21,59.92,,,,9.38,7.48,11.54,,,,8.82,6.85,10.84,,,,4.17,2.31,6.37,,,,1.09,-0.92,3.42,,,,5.4,3.15,7.57,,,,,,,,,,
2023-11-20,12.9,10.88,15.06,,,,57.51,55.22,59.92,,,,9.37,7.48,11.53,,,,8.81,6.85,10.8,,,,4.17,2.33,6.35,,,,1.09,-0.91,3.4,,,,5.42,3.17,7.59,,,,,,,,,,
2023-11-21,12.89,10.85,15.08,,,,57.5,55.23,59.89,,,,9.37,7.48,11.52,,,,8.8,6.87,10.79,,,,4.16,2.35,6.35,,,,1.09,-0.9,3.39,,,,5.45,3.18,7.59,,,,,,,,,,
2023-11-22,12.89,10.84,15.09,,,,57.5,55.24,59.88,,,,9.36,7.47,11.51,,,,8.79,6.88,10.77,,,,4.16,2.37,6.38,,,,1.09,-0.88,3.4,,,,5.47,3.2,7.61,,,,,,,,,,
2023-11-23,12.88,10.86,15.11,,,,57.5,55.2,59.88,,,,9.36,7.46,11.49,,,,8.78,6.89,10.74,,,,4.15,2.38,6.41,,,,1.09,-0.89,3.36,,,,5.5,3.22,7.62,,,,15.0,55.0,9.0,9.0,5.0,1.0,5.0
2023-11-24,12.88,10.88,15.13,,,,57.49,55.23,59.84,,,,9.35,7.45,11.48,,,,8.77,6.84,10.74,,,,4.15,2.37,6.44,,,,1.09,-0.9,3.32,,,,5.52,3.24,7.59,,,,,,,,,,
2023-11-25,12.87,10.89,15.1,,,,57.49,55.26,59.79,,,,9.34,7.46,11.46,,,,8.76,6.84,10.76,,,,4.15,2.37,6.4,,,,1.09,-0.86,3.31,,,,5.54,3.27,7.59,,,,,,,,,,
2023-11-26,12.87,10.91,15.07,,,,57.48,55.28,59.76,,,,9.34,7.49,11.41,,,,8.76,6.84,10.75,,,,4.14,2.38,6.37,,,,1.09,-0.89,3.35,,,,5.57,3.3,7.6,,,,,,,,,,
2023-11-27,12.86,10.92,15.05,,,,57.48,55.29,59.73,,,,9.33,7.47,11.42,,,,8.75,6.8,10.76,,,,4.14,2.39,6.33,,,,1.09,-0.91,3.39,,,,5.59,3.34,7.6,,,,,,,,,,
2023-11-28,12.86,10.91,15.02,,,,57.47,55.27,59.7,,,,9.32,7.45,11.39,,,,8.74,6.78,10.8,,,,4.13,2.4,6.33,,,,1.09,-0.94,3.37,,,,5.61,3.37,7.63,,,,,,,,,,
2023-11-29,12.86,10.92,14.98,,,,57.47,55.24,59.67,,,,9.32,7.44,11.37,,,,8.74,6.82,10.83,,,,4.13,2.4,6.31,,,,1.09,-0.96,3.39,,,,5.63,3.41,7.66,,,,,,,,,,
2023-11-30,12.85,10.95,14.95,,,,57.46,55.21,59.64,,,,9.31,7.46,11.35,,,,8.73,6.84,10.81,,,,4.12,2.37,6.31,,,,1.09,-0.97,3.42,,,,5.65,3.46,7.68,,,,14.0,56.0,8.0,10.0,4.0,1.0,6.0
2023-12-01,12.85,10.96,14.94,,,,57.45,55.21,59.62,,,,9.3,7.48,11.36,,,,8.73,6.79,10.77,,,,4.12,2.34,6.32,,,,1.09,-0.99,3.46,,,,5.67,3.5,7.69,,,,,,,,,,
2023-12-02,12.85,10.93,14.94,,,,57.45,55.21,59.61,,,,9.29,7.48,11.34,,,,8.73,6.74,10.72,,,,4.11,2.29,6.34,,,,1.09,-1.01,3.46,,,,5.69,3.55,7.69,,,,,,,,,,
2023-12-03,12.84,10.9,14.95,,,,57.44,55.21,59.6,,,,9.28,7.42,11.31,,,,8.72,6.69,10.67,,,,4.1,2.27,6.33,,,,1.09,-1.06,3.46,,,,5.71,3.61,7.7,,,,,,,,,,
2023-12-04,12.84,10.88,14.96,,,,57.43,55.22,59.6,,,,9.27,7.35,11.28,,,,8.72,6.65,10.62,,,,4.1,2.23,6.28,,,,1.09,-1.06,3.46,,,,5.73,3.66,7.7,,,,,,,,,,
2023-12-05,12.84,10.9,14.97,,,,57.42,55.21,59.61,,,,9.27,7.33,11.26,,,,8.72,6.6,10.58,,,,4.09,2.2,6.22,,,,1.09,-1.06,3.46,,,,5.75,3.71,7.7,,,,,,,,,,
2023-12-06,12.84,10.95,14.98,,,,57.41,55.21,59.6,,,,9.26,7.32,11.25,,,,8.72,6.58,10.54,,,,4.09,2.16,6.17,,,,1.09,-1.08,3.47,,,,5.77,3.76,7.71,,,,,,,,,,
2023-12-07,12.84,10.98,14.98,,,,57.4,55.21,59.6,,,,9.25,7.34,11.23,,,,8.72,6.6,10.54,,,,4.08,2.16,6.11,,,,1.09,-1.11,3.47,,,,5.79,3.79,7.71,,,,13.0,56.0,10.0,9.0,3.0,2.0,6.0
2023-12-08,12.83,10.95,14.99,,,,57.39,55.16,59.58,,,,9.24,7.33,11.21,,,,8.72,6.63,10.54,,,,4.07,2.19,6.06,,,,1.09,-1.15,3.47,,,,5.81,3.78,7.71,,,,,,,,,,
2023-12-09,12.83,10.94,14.96,,,,57.38,55.14,59.57,,,,9.23,7.33,11.2,,,,8.73,6.66,10.54,,,,4.07,2.2,6.06,,,,1.09,-1.17,3.47,,,,5.83,3.81,7.74,,,,,,,,,,
2023-12-10,12.83,10.94,14.9,,,,57.36,55.13,59.55,,,,9.22,7.33,11.2,,,,8.73,6.7,10.56,,,,4.06,2.23,6.07,,,,1.09,-1.18,3.47,,,,5.85,3.81,7.77,,,,,,,,,,
2023-12-11,12.83,10.93,14.85,,,,57.35,55.11,59.55,,,,9.21,7.31,11.19,,,,8.74,6.72,10.57,,,,4.05,2.24,6.03,,,,1.09,-1.19,3.46,,,,5.86,3.79,7.77,,,,,,,,,,
2023-12-12,12.83,10.96,14.8,,,,57.34,55.1,59.52,,,,9.2,7.33,11.15,,,,8.74,6.72,10.59,,,,4.05,2.21,6.04,,,,1.09,-1.2,3.46,,,,5.88,3.76,7.77,,,,,,,,,,
2023-12-13,12.83,10.96,14.76,,,,57.32,55.1,59.57,,,,9.18,7.34,11.11,,,,8.75,6.7,10.6,,,,4.04,2.21,6.06,,,,1.09,-1.21,3.47,,,,5.9,3.81,7.78,,,,11.0,56.0,9.0,9.0,5.0,1.0,8.0
2023-12-14,12.83,10.94,14.77,,,,57.31,55.07,59.52,,,,9.17,7.33,11.08,,,,8.75,6.73,10.62,,,,4.03,2.21,6.09,,,,1.09,-1.21,3.47,,,,5.92,3.85,7.81,,,,,,,,,,
2023-12-15,12.83,10.96,14.74,,,,57.29,55.06,59.47,,,,9.16,7.3,11.07,,,,8.76,6.71,10.65,,,,4.02,2.17,6.11,,,,1.09,-1.23,3.48,,,,5.93,3.84,7.84,,,,,,,,,,
2023-12-16,12.83,10.95,14.73,,,,57.27,55.01,59.4,,,,9.15,7.27,11.04,,,,8.77,6.69,10.67,,,,4.02,2.15,6.1,,,,1.09,-1.24,3.48,,,,5.95,3.87,7.87,,,,,,,,,,
2023-12-17,12.83,10.93,14.73,,,,57.26,54.98,59.36,,,,9.14,7.24,11.02,,,,8.77,6.68,10.69,,,,4.01,2.11,6.06,,,,1.09,-1.26,3.47,,,,5.97,3.92,7.9,,,,,,,,,,
2023-12-18,12.84,10.91,14.75,,,,57.24,54.99,59.38,,,,9.13,7.17,11.01,,,,8.78,6.67,10.71,,,,4.0,2.11,6.03,,,,1.09,-1.28,3.47,,,,5.99,3.97,7.88,,,,,,,,,,
2023-12-19,12.84,10.9,14.77,,,,57.22,54.94,59.39,,,,9.12,7.12,11.0,,,,8.79,6.66,10.71,,,,3.99,2.1,6.04,,,,1.09,-1.29,3.46,,,,6.0,3.95,7.86,,,,,,,,,,
2023-12-20,12.84,10.89,14.79,,,,57.2,54.88,59.4,,,,9.11,7.07,11.02,,,,8.8,6.65,10.74,,,,3.98,2.06,6.05,,,,1.09,-1.31,3.45,,,,6.02,3.96,7.89,,,,16.0,55.0,10.0,8.0,4.0,,5.0
2023-12-21,12.84,10.88,14.82,,,,57.18,54.82,59.42,,,,9.1,7.03,11.01,,,,8.81,6.64,10.78,,,,3.97,2.03,6.06,,,,1.09,-1.32,3.46,,,,6.04,3.92,7.91,,,,,,,,,,
2023-12-22,12.84,10.86,14.82,,,,57.16,54.8,59.43,,,,9.09,6.98,11.01,,,,8.82,6.63,10.8,,,,3.97,2.0,6.07,,,,1.09,-1.32,3.49,,,,6.06,3.95,7.93,,,,,,,,,,
2023-12-23,12.84,10.78,14.84,,,,57.14,54.79,59.45,,,,9.08,6.98,11.02,,,,8.83,6.63,10.82,,,,3.96,1.97,6.09,,,,1.09,-1.33,3.53,,,,6.07,4.01,7.96,,,,,,,,,,
2023-12-24,12.84,10.8,14.85,,,,57.12,54.77,59.44,,,,9.07,6.99,11.02,,,,8.83,6.62,10.83,,,,3.95,1.94,6.1,,,,1.09,-1.34,3.55,,,,6.09,4.03,7.98,,,,,,,,,,
2023-12-25,12.85,10.81,14.87,,,,57.1,54.77,59.42,,,,9.06,6.99,11.03,,,,8.84,6.57,10.85,,,,3.94,1.91,6.11,,,,1.09,-1.34,3.6,,,,6.11,4.05,8.06,,,,,,,,,,
2023-12-26,12.85,10.83,14.88,,,,57.08,54.77,59.39,,,,9.05,7.0,11.03,,,,8.85,6.52,10.87,,,,3.93,1.89,6.12,,,,1.09,-1.34,3.64,,,,6.13,4.07,8.13,,,,,,,,,,
2023-12-27,12.85,10.8,14.89,,,,57.06,54.73,59.34,,,,9.03,7.0,11.01,,,,8.86,6.46,10.85,,,,3.92,1.85,6.12,,,,1.09,-1.3,3.62,,,,6.15,4.08,8.12,,,,,,,,,,
2023-12-28,12.85,10.79,14.9,,,,57.04,54.68,59.29,,,,9.02,6.95,11.01,,,,8.87,6.46,10.82,,,,3.91,1.83,6.13,,,,1.09,-1.3,3.6,,,,6.17,4.09,8.11,,,,,,,,,,
2023-12-29,12.85,10.77,14.93,,,,57.02,54.63,59.24,,,,9.01,6.9,11.02,,,,8.88,6.46,10.83,,,,3.9,1.81,6.13,,,,1.09,-1.28,3.57,,,,6.19,4.11,8.11,,,,,,,,,,
2023-12-30,12.85,10.74,14.92,,,,57.0,54.61,59.2,,,,9.0,6.86,11.03,,,,8.88,6.45,10.88,,,,3.89,1.8,6.14,,,,1.09,-1.23,3.54,,,,6.21,4.11,8.16,,,,,,,,,,
2023-12-31,12.85,10.71,14.89,,,,56.99,54.59,59.14,,,,8.99,6.81,11.03,,,,8.89,6.47,10.91,,,,3.88,1.79,6.15,,,,1.09,-1.24,3.5,,,,6.23,4.11,8.2,,,,,,,,,,
2024-01-01,12.85,10.69,14.9,,,,56.97,54.57,59.09,,,,8.98,6.77,11.04,,,,8.9,6.48,10.92,,,,3.87,1.78,6.13,,,,1.09,-1.24,3.47,,,,6.25,4.11,8.24,,,,,,,,,,
2024-01-02,12.85,10.67,14.91,,,,56.95,54.54,59.03,,,,8.97,6.73,11.04,,,,8.9,6.48,10.92,,,,3.86,1.73,6.15,,,,1.09,-1.25,3.44,,,,6.27,4.12,8.28,,,,,,,,,,
2024-01-03,12.85,10.64,14.9,,,,56.93,54.53,58.97,,,,8.96,6.69,11.04,,,,8.91,6.49,10.93,,,,3.85,1.68,6.16,,,,1.09,-1.26,3.43,,,,6.3,4.14,8.33,,,,11.0,60.0,9.0,8.0,4.0,1.0,6.0
2024-01-04,12.85,10.63,14.89,,,,56.91,54.52,58.92,,,,8.95,6.65,11.05,,,,8.92,6.49,10.98,,,,3.84,1.66,6.17,,,,1.09,-1.26,3.43,,,,6.32,4.16,8.37,,,,,,,,,,
2024-01-05,12.85,10.61,14.89,,,,56.89,54.52,58.85,,,,8.94,6.62,11.07,,,,8.92,6.49,11.03,,,,3.82,1.63,6.17,,,,1.08,-1.25,3.43,,,,6.34,4.18,8.39,,,,,,,,,,
2024-01-06,12.85,10.6,14.89,,,,56.88,54.51,58.85,,,,8.93,6.55,11.07,,,,8.93,6.5,11.07,,,,3.81,1.61,6.16,,,,1.08,-1.25,3.43,,,,6.36,4.19,8.41,,,,,,,,,,
2024-01-07,12.85,10.59,14.89,,,,56.86,54.5,58.84,,,,8.92,6.46,11.07,,,,8.93,6.49,11.08,,,,3.8,1.59,6.14,,,,1.08,-1.25,3.38,,,,6.39,4.19,8.42,,,,,,,,,,
2024-01-08,12.85,10.58,14.89,,,,56.84,54.43,58.84,,,,8.92,6.42,11.06,,,,8.94,6.49,11.06,,,,3.79,1.57,6.12,,,,1.08,-1.26,3.33,,,,6.41,4.21,8.45,,,,,,,,,,
2024-01-09,12.84,10.56,14.89,,,,56.83,54.32,58.82,,,,8.91,6.4,11.06,,,,8.95,6.49,11.05,,,,3.78,1.55,6.13,,,,1.08,-1.29,3.31,,,,6.43,4.22,8.47,,,,,,,,,,
2024-01-10,12.84,10.55,14.88,,,,56.81,54.3,58.82,,,,8.9,6.47,11.06,,,,8.95,6.5,11.03,,,,3.77,1.51,6.15,,,,1.08,-1.34,3.3,,,,6.46,4.25,8.49,,,,,,,,,,
2024-01-11,12.84,10.54,14.88,,,,56.79,54.3,58.79,,,,8.89,6.48,11.05,,,,8.96,6.5,11.01,,,,3.76,1.5,6.14,,,,1.08,-1.31,3.29,,,,6.48,4.28,8.54,,,,13.0,54.0,9.0,9.0,5.0,1.0,7.0
2024-01-12,12.83,10.54,14.88,,,,56.78,54.29,58.77,,,,8.88,6.46,11.05,,,,8.96,6.52,11.0,,,,3.75,1.48,6.12,,,,1.08,-1.29,3.29,,,,6.51,4.28,8.6,,,,,,,,,,
2024-01-13,12.83,10.61,14.87,,,,56.76,54.29,58.74,,,,8.87,6.44,11.05,,,,8.97,6.55,10.99,,,,3.74,1.47,6.1,,,,1.08,-1.25,3.26,,,,6.53,4.28,8.58,,,,,,,,,,
2024-01-14,12.82,10.63,14.86,,,,56.75,54.26,58.67,,,,8.86,6.43,11.03,,,,8.97,6.6,10.98,,,,3.73,1.45,6.08,,,,1.08,-1.25,3.21,,,,6.56,4.29,8.58,,,,,,,,,,
2024-01-15,12.82,10.6,14.85,,,,56.73,54.23,58.61,,,,8.85,6.43,11.01,,,,8.98,6.65,10.97,,,,3.72,1.44,6.04,,,,1.07,-1.23,3.17,,,,6.58,4.3,8.57,,,,,,,,,,
2024-01-16,12.81,10.58,14.85,,,,56.71,54.2,58.59,,,,8.85,6.45,10.99,,,,8.98,6.69,10.98,,,,3.71,1.43,6.01,,,,1.07,-1.26,3.17,,,,6.61,4.31,8.58,,,,,,,,,,
2024-01-17,12.81,10.6,14.85,,,,56.7,54.17,58.58,,,,8.84,6.48,11.0,,,,8.99,6.71,11.01,,,,3.7,1.43,5.97,,,,1.07,-1.22,3.17,,,,6.64,4.35,8.61,,,,12.0,59.0,8.0,10.0,3.0,1.0,6.0
2024-01-18,12.8,10.62,14.85,,,,56.69,54.15,58.6,,,,8.83,6.49,11.01,,,,9.0,6.66,11.05,,,,3.69,1.41,5.93,,,,1.07,-1.2,3.17,,,,6.66,4.36,8.63,,,,,,,,,,
2024-01-19,12.79,10.54,14.82,,,,56.67,54.12,58.61,,,,8.82,6.46,11.02,,,,9.0,6.69,11.07,,,,3.68,1.41,5.89,,,,1.07,-1.19,3.19,,,,6.69,4.37,8.67,,,,,,,,,,
2024-01-20,12.79,10.55,14.82,,,,56.66,54.09,58.63,,,,8.81,6.48,11.01,,,,9.01,6.73,11.1,,,,3.67,1.41,5.84,,,,1.07,-1.18,3.23,,,,6.72,4.38,8.7,,,,,,,,,,
2024-01-21,12.78,10.56,14.83,,,,56.65,54.1,58.57,,,,8.81,6.47,11.0,,,,9.01,6.75,11.13,,,,3.66,1.4,5.81,,,,1.06,-1.22,3.26,,,,6.74,4.43,8.7,,,,,,,,,,
2024-01-22,12.77,10.57,14.83,,,,56.63,54.07,58.57,,,,8.8,6.44,10.94,,,,9.02,6.73,11.16,,,,3.65,1.37,5.79,,,,1.06,-1.25,3.27,,,,6.77,4.5,8.7,,,,,,,,,,
2024-01-23,12.76,10.58,14.82,,,,56.62,54.05,58.58,,,,8.79,6.4,10.98,,,,9.02,6.78,11.19,,,,3.64,1.38,5.8,,,,1.06,-1.29,3.3,,,,6.79,4.51,8.73,,,,,,,,,,
2024-01-24,12.75,10.58,14.81,,,,56.61,54.01,58.6,,,,8.78,6.36,10.97,,,,9.03,6.85,11.15,,,,3.63,1.37,5.79,,,,1.06,-1.34,3.32,,,,6.82,4.46,8.77,,,,14.0,57.0,8.0,8.0,3.0,1.0,8.0
2024-01-25,12.74,10.57,14.8,,,,56.6,53.97,58.58,,,,8.78,6.36,10.95,,,,9.04,6.87,11.15,,,,3.62,1.36,5.75,,,,1.06,-1.37,3.35,,,,6.85,4.44,8.78,,,,,,,,,,
2024-01-26,12.73,10.56,14.82,,,,56.59,53.94,58.55,,,,8.77,6.39,10.94,,,,9.04,6.86,11.12,,,,3.61,1.35,5.72,,,,1.05,-1.38,3.38,,,,6.87,4.45,8.78,,,,,,,,,,
2024-01-27,12.72,10.56,14.83,,,,56.58,53.92,58.52,,,,8.76,6.42,10.92,,,,9.05,6.84,11.09,,,,3.6,1.35,5.68,,,,1.05,-1.44,3.4,,,,6.9,4.52,8.79,,,,,,,,,,
2024-01-28,12.71,10.56,14.83,,,,56.57,53.94,58.5,,,,8.76,6.45,10.88,,,,9.05,6.89,11.07,,,,3.59,1.35,5.68,,,,1.05,-1.48,3.38,,,,6.93,4.54,8.82,,,,,,,,,,
2024-01-29,12.7,10.55,14.78,,,,56.56,53.92,58.47,,,,8.75,6.49,10.84,,,,9.06,6.91,11.07,,,,3.58,1.36,5.64,,,,1.05,-1.47,3.37,,,,6.95,4.55,8.9,,,,,,,,,,
2024-01-30,12.68,10.56,14.75,,,,56.55,53.9,58.43,,,,8.74,6.53,10.8,,,,9.07,6.9,11.09,,,,3.57,1.32,5.63,,,,1.05,-1.47,3.36,,,,6.98,4.59,8.92,,,,,,,,,,
2024-01-31,12.67,10.54,14.72,,,,56.55,53.87,58.4,,,,8.73,6.57,10.76,,,,9.07,6.94,11.12,,,,3.56,1.31,5.62,,,,1.04,-1.48,3.34,,,,7.0,4.62,8.93,,,,12.0,60.0,8.0,9.0,2.0,1.0,7.0
2024-02-01,12.66,10.51,14.69,,,,56.54,53.83,58.36,,,,8.73,6.6,10.71,,,,9.08,6.94,11.14,,,,3.55,1.35,5.61,,,,1.04,-1.45,3.32,,,,7.02,4.69,8.94,,,,,,,,,,
2024-02-02,12.65,10.5,14.65,,,,56.53,53.8,58.32,,,,8.72,6.56,10.67,,,,9.09,6.92,11.15,,,,3.54,1.38,5.55,,,,1.04,-1.43,3.29,,,,7.05,4.7,8.95,,,,,,,,,,
2024-02-03,12.64,10.47,14.62,,,,56.53,53.76,58.31,,,,8.71,6.51,10.63,,,,9.09,6.88,11.15,,,,3.53,1.35,5.53,,,,1.04,-1.4,3.28,,,,7.07,4.73,8.96,,,,,,,,,,
2024-02-04,12.63,10.45,14.58,,,,56.52,53.74,58.31,,,,8.7,6.46,10.53,,,,9.1,6.87,11.14,,,,3.52,1.32,5.51,,,,1.04,-1.36,3.32,,,,7.09,4.76,8.96,,,,,,,,,,
2024-02-05,12.61,10.42,14.53,,,,56.52,53.79,58.32,,,,8.7,6.41,10.54,,,,9.11,6.87,11.13,,,,3.51,1.28,5.49,,,,1.03,-1.35,3.28,,,,7.12,4.73,8.97,,,,,,,,,,
2024-02-06,12.6,10.39,14.51,,,,56.52,53.77,58.28,,,,8.69,6.38,10.51,,,,9.11,6.89,11.13,,,,3.5,1.25,5.47,,,,1.03,-1.38,3.24,,,,7.14,4.69,8.99,,,,,,,,,,
2024-02-07,12.59,10.38,14.47,,,,56.51,53.76,58.29,,,,8.68,6.34,10.49,,,,9.12,6.91,11.13,,,,3.49,1.23,5.47,,,,1.03,-1.41,3.19,,,,7.16,4.65,9.01,,,,,,,,,,
2024-02-08,12.58,10.37,14.48,,,,56.51,53.75,58.28,,,,8.67,6.29,10.48,,,,9.13,6.94,11.15,,,,3.47,1.22,5.43,,,,1.03,-1.46,3.18,,,,7.18,4.66,9.03,,,,12.0,58.0,10.0,8.0,4.0,,6.0
2024-02-09,12.57,10.38,14.5,,,,56.5,53.73,58.29,,,,8.66,6.24,10.45,,,,9.14,6.9,11.16,,,,3.47,1.21,5.41,,,,1.02,-1.47,3.19,,,,7.2,4.69,9.05,,,,,,,,,,
2024-02-10,12.56,10.4,14.51,,,,56.5,53.71,58.3,,,,8.66,6.21,10.43,,,,9.14,6.86,11.18,,,,3.46,1.19,5.39,,,,1.02,-1.47,3.19,,,,7.22,4.74,9.07,,,,,,,,,,
2024-02-11,12.55,10.35,14.52,,,,56.5,53.72,58.29,,,,8.65,6.17,10.43,,,,9.15,6.87,11.2,,,,3.45,1.18,5.4,,,,1.02,-1.49,3.2,,,,7.24,4.78,9.09,,,,,,,,,,
2024-02-12,12.54,10.32,14.48,,,,56.49,53.66,58.31,,,,8.64,6.14,10.43,,,,9.16,6.87,11.22,,,,3.44,1.18,5.4,,,,1.02,-1.47,3.19,,,,7.26,4.83,9.08,,,,,,,,,,
2024-02-13,12.53,10.27,14.51,,,,56.49,53.64,58.31,,,,8.63,6.12,10.42,,,,9.17,6.86,11.21,,,,3.43,1.14,5.41,,,,1.02,-1.44,3.16,,,,7.28,4.86,9.09,,,,,,,,,,
2024-02-14,12.52,10.22,14.54,,,,56.48,53.64,58.32,,,,8.63,6.09,10.42,,,,9.17,6.86,11.22,,,,3.42,1.07,5.35,,,,1.02,-1.41,3.17,,,,7.3,4.88,9.11,,,,,,,,,,
2024-02-15,12.51,10.21,14.56,,,,56.48,53.65,58.32,,,,8.62,6.06,10.41,,,,9.18,6.86,11.23,,,,3.41,1.01,5.31,,,,1.01,-1.38,3.18,,,,7.31,4.9,9.13,,,,15.0,55.0,7.0,11.0,4.0,1.0,5.0
2024-02-16,12.51,10.22,14.58,,,,56.48,53.66,58.33,,,,8.61,6.06,10.4,,,,9.19,6.88,11.26,,,,3.4,0.96,5.29,,,,1.01,-1.39,3.19,,,,7.33,4.92,9.15,,,,,,,,,,
2024-02-17,12.5,10.23,14.59,,,,56.47,53.67,58.33,,,,8.6,6.02,10.39,,,,9.2,6.88,11.27,,,,3.39,0.93,5.25,,,,1.01,-1.42,3.2,,,,7.35,4.95,9.17,,,,,,,,,,
2024-02-18,12.49,10.23,14.59,,,,56.47,53.67,58.33,,,,8.59,6.0,10.38,,,,9.2,6.88,11.27,,,,3.38,0.91,5.25,,,,1.01,-1.43,3.2,,,,7.36,4.96,9.2,,,,,,,,,,
2024-02-19,12.48,10.22,14.59,,,,56.47,53.68,58.34,,,,8.59,5.98,10.38,,,,9.21,6.89,11.27,,,,3.37,0.92,5.28,,,,1.01,-1.41,3.19,,,,7.38,4.95,9.21,,,,,,,,,,
2024-02-20,12.48,10.2,14.55,,,,56.46,53.69,58.32,,,,8.58,5.96,10.39,,,,9.22,6.89,11.27,,,,3.36,0.94,5.3,,,,1.01,-1.39,3.19,,,,7.39,4.96,9.22,,,,,,,,,,
2024-02-21,12.47,10.18,14.52,,,,56.46,53.7,58.31,,,,8.57,5.95,10.4,,,,9.23,6.9,11.27,,,,3.35,0.95,5.33,,,,1.01,-1.4,3.2,,,,7.41,4.94,9.24,,,,13.0,57.0,9.0,8.0,4.0,,7.0
2024-02-22,12.46,10.16,14.49,,,,56.46,53.71,58.29,,,,8.56,5.94,10.37,,,,9.24,6.92,11.27,,,,3.34,0.96,5.33,,,,1.0,-1.42,3.22,,,,7.42,4.95,9.26,,,,,,,,,,
2024-02-23,12.46,10.15,14.45,,,,56.45,53.72,58.28,,,,8.56,5.94,10.34,,,,9.25,6.95,11.27,,,,3.33,0.97,5.31,,,,1.0,-1.45,3.23,,,,7.44,4.95,9.27,,,,,,,,,,
2024-02-24,12.45,10.13,14.46,,,,56.45,53.76,58.27,,,,8.55,5.94,10.34,,,,9.26,6.95,11.32,,,,3.32,0.94,5.29,,,,1.0,-1.48,3.19,,,,7.45,4.95,9.28,,,,,,,,,,
2024-02-25,12.45,10.11,14.41,,,,56.45,53.74,58.28,,,,8.54,5.94,10.33,,,,9.27,6.96,11.3,,,,3.31,0.9,5.31,,,,1.0,-1.46,3.15,,,,7.46,4.94,9.29,,,,,,,,,,
2024-02-26,12.44,10.09,14.41,,,,56.45,53.71,58.28,,,,8.54,5.94,10.33,,,,9.27,6.96,11.26,,,,3.3,0.86,5.34,,,,1.0,-1.42,3.14,,,,7.47,4.94,9.33,,,,,,,,,,
2024-02-27,12.44,10.07,14.45,,,,56.44,53.67,58.3,,,,8.53,5.94,10.35,,,,9.28,6.96,11.25,,,,3.29,0.83,5.37,,,,1.0,-1.37,3.16,,,,7.49,4.95,9.38,,,,,,,,,,
2024-02-28,12.43,10.05,14.5,,,,56.44,53.69,58.3,,,,8.52,5.91,10.36,,,,9.29,6.94,11.25,,,,3.28,0.82,5.38,,,,1.0,-1.38,3.17,,,,7.5,4.95,9.39,,,,,,,,,,
2024-02-29,12.43,10.04,14.54,,,,56.44,53.71,58.29,,,,8.52,5.9,10.38,,,,9.3,6.94,11.24,,,,3.27,0.82,5.35,,,,1.0,-1.39,3.18,,,,7.51,4.95,9.4,,,,11.0,55.0,8.0,11.0,3.0,,9.0
2024-03-01,12.42,10.03,14.55,,,,56.43,53.73,58.27,,,,8.51,5.87,10.4,,,,9.31,6.94,11.24,,,,3.26,0.82,5.32,,,,1.0,-1.4,3.2,,,,7.52,4.95,9.4,,,,,,,,,,
2024-03-02,12.42,10.03,14.52,,,,56.43,53.76,58.26,,,,8.51,5.85,10.41,,,,9.32,6.91,11.23,,,,3.26,0.83,5.29,,,,1.0,-1.4,3.21,,,,7.53,4.95,9.41,,,,,,,,,,
2024-03-03,12.41,10.02,14.49,,,,56.43,53.73,58.24,,,,8.5,5.84,10.4,,,,9.33,6.88,11.22,,,,3.25,0.83,5.26,,,,1.0,-1.41,3.21,,,,7.54,4.95,9.41,,,,,,,,,,
2024-03-04,12.41,10.02,14.46,,,,56.43,53.69,58.24,,,,8.5,5.84,10.38,,,,9.34,6.89,11.22,,,,3.24,0.84,5.23,,,,1.0,-1.42,3.22,,,,7.55,4.95,9.43,,,,,,,,,,
2024-03-05,12.4,10.02,14.43,,,,56.42,53.72,58.24,,,,8.49,5.85,10.38,,,,9.35,6.91,11.2,,,,3.23,0.84,5.2,,,,1.0,-1.41,3.22,,,,7.56,4.95,9.45,,,,,,,,,,
2024-03-06,12.4,9.97,14.41,,,,56.42,53.76,58.25,,,,8.49,5.86,10.4,,,,9.36,6.93,11.2,,,,3.22,0.84,5.17,,,,1.0,-1.43,3.21,,,,7.57,4.96,9.47,,,,,,,,,,
2024-03-07,12.4,9.93,14.43,,,,56.42,53.8,58.26,,,,8.48,5.88,10.43,,,,9.37,6.95,11.19,,,,3.21,0.84,5.14,,,,1.0,-1.44,3.19,,,,7.58,4.96,9.49,,,,14.0,54.0,10.0,9.0,3.0,1.0,6.0
2024-03-08,12.39,9.94,14.46,,,,56.42,53.84,58.27,,,,8.48,5.92,10.45,,,,9.37,6.98,11.19,,,,3.2,0.85,5.12,,,,1.0,-1.41,3.16,,,,7.58,4.96,9.52,,,,,,,,,,
2024-03-09,12.39,9.94,14.48,,,,56.42,53.85,58.29,,,,8.48,5.94,10.46,,,,9.38,6.99,11.18,,,,3.19,0.86,5.13,,,,1.0,-1.39,3.17,,,,7.59,4.96,9.55,,,,,,,,,,
2024-03-10,12.38,9.96,14.51,,,,56.42,53.86,58.34,,,,8.48,5.94,10.46,,,,9.39,6.99,11.2,,,,3.19,0.86,5.14,,,,1.0,-1.36,3.18,,,,7.6,4.96,9.55,,,,,,,,,,
2024-03-11,12.38,9.96,14.51,,,,56.42,53.86,58.34,,,,8.47,5.95,10.47,,,,9.4,6.99,11.25,,,,3.18,0.87,5.14,,,,1.0,-1.35,3.17,,,,7.61,4.97,9.56,,,,,,,,,,
2024-03-12,12.37,9.97,14.49,,,,56.42,53.85,58.35,,,,8.47,5.97,10.51,,,,9.4,7.0,11.29,,,,3.17,0.88,5.16,,,,1.0,-1.32,3.19,,,,7.62,4.98,9.58,,,,,,,,,,
2024-03-13,12.36,9.98,14.47,,,,56.41,53.84,58.34,,,,8.47,5.97,10.49,,,,9.41,7.0,11.33,,,,3.16,0.84,5.18,,,,1.0,-1.3,3.2,,,,7.63,4.97,9.62,,,,11.0,55.0,9.0,9.0,3.0,1.0,10.0
2024-03-14,12.36,9.99,14.44,,,,56.41,53.82,58.35,,,,8.47,5.93,10.49,,,,9.42,7.01,11.35,,,,3.15,0.8,5.21,,,,1.0,-1.28,3.2,,,,7.64,4.97,9.61,,,,,,,,,,
2024-03-15,12.35,10.0,14.4,,,,56.41,53.81,58.35,,,,8.47,5.89,10.49,,,,9.42,7.02,11.32,,,,3.15,0.77,5.23,,,,1.0,-1.32,3.19,,,,7.65,4.97,9.63,,,,,,,,,,
2024-03-16,12.34,10.0,14.38,,,,56.41,53.79,58.35,,,,8.47,5.86,10.47,,,,9.43,7.03,11.34,,,,3.14,0.74,5.23,,,,1.0,-1.38,3.18,,,,7.66,4.97,9.64,,,,,,,,,,
2024-03-17,12.34,10.02,14.37,,,,56.4,53.77,58.35,,,,8.47,5.88,10.48,,,,9.44,7.04,11.37,,,,3.13,0.73,5.21,,,,1.0,-1.38,3.15,,,,7.67,4.99,9.63,,,,,,,,,,
2024-03-18,12.33,10.02,14.34,,,,56.4,53.79,58.34,,,,8.48,5.9,10.45,,,,9.44,7.05,11.4,,,,3.13,0.75,5.2,,,,1.0,-1.37,3.16,,,,7.68,5.02,9.63,,,,,,,,,,
2024-03-19,12.32,10.03,14.33,,,,56.39,53.81,58.41,,,,8.48,5.92,10.43,,,,9.45,7.05,11.42,,,,3.12,0.76,5.24,,,,1.0,-1.37,3.15,,,,7.69,5.04,9.65,,,,,,,,,,
2024-03-20,12.31,10.05,14.31,,,,56.38,53.84,58.41,,,,8.49,5.96,10.41,,,,9.45,7.06,11.45,,,,3.11,0.78,5.28,,,,1.0,-1.36,3.14,,,,7.7,5.07,9.66,,,,11.0,59.0,9.0,8.0,3.0,1.0,9.0
2024-03-21,12.3,10.07,14.27,,,,56.37,53.83,58.42,,,,8.49,6.01,10.4,,,,9.45,7.04,11.48,,,,3.11,0.81,5.27,,,,1.0,-1.32,3.13,,,,7.72,5.1,9.69,,,,,,,,,,
2024-03-22,12.29,10.09,14.25,,,,56.36,53.84,58.41,,,,8.5,6.05,10.41,,,,9.46,7.01,11.49,,,,3.1,0.83,5.26,,,,1.0,-1.3,3.12,,,,7.73,5.12,9.73,,,,,,,,,,
2024-03-23,12.28,10.06,14.25,,,,56.35,53.87,58.41,,,,8.51,6.1,10.43,,,,9.46,6.96,11.5,,,,3.1,0.81,5.23,,,,1.0,-1.29,3.07,,,,7.75,5.15,9.75,,,,,,,,,,
2024-03-24,12.27,10.05,14.21,,,,56.33,53.89,58.4,,,,8.52,6.15,10.44,,,,9.46,6.93,11.49,,,,3.09,0.75,5.18,,,,1.0,-1.3,3.02,,,,7.77,5.18,9.77,,,,,,,,,,
2024-03-25,12.26,10.06,14.22,,,,56.31,53.91,58.39,,,,8.53,6.2,10.45,,,,9.47,6.89,11.48,,,,3.09,0.71,5.14,,,,1.0,-1.3,3.03,,,,7.79,5.19,9.79,,,,,,,,,,
2024-03-26,12.24,10.05,14.23,,,,56.29,53.94,58.37,,,,8.54,6.25,10.47,,,,9.47,6.87,11.46,,,,3.08,0.73,5.11,,,,1.0,-1.3,3.06,,,,7.81,5.19,9.87,,,,,,,,,,
2024-03-27,12.23,10.05,14.25,,,,56.27,53.92,58.35,,,,8.56,6.29,10.49,,,,9.47,6.83,11.49,,,,3.08,0.79,5.09,,,,1.01,-1.29,3.07,,,,7.84,5.25,9.92,,,,13.0,51.0,9.0,11.0,4.0,1.0,9.0
2024-03-28,12.21,9.96,14.26,,,,56.25,53.84,58.32,,,,8.58,6.26,10.5,,,,9.47,6.86,11.51,,,,3.07,0.76,5.08,,,,1.01,-1.3,3.06,,,,7.86,5.28,9.9,,,,,,,,,,
2024-03-29,12.2,9.87,14.28,,,,56.22,53.84,58.31,,,,8.59,6.31,10.52,,,,9.47,6.91,11.5,,,,3.07,0.69,5.07,,,,1.01,-1.29,3.05,,,,7.89,5.31,9.9,,,,,,,,,,
2024-03-30,12.18,9.77,14.29,,,,56.19,53.85,58.3,,,,8.61,6.36,10.54,,,,9.47,6.95,11.53,,,,3.07,0.68,5.04,,,,1.01,-1.29,3.05,,,,7.92,5.33,9.93,,,,,,,,,,
2024-03-31,12.17,9.74,14.3,,,,56.15,53.85,58.25,,,,8.63,6.4,10.56,,,,9.47,7.04,11.55,,,,3.06,0.71,5.0,,,,1.01,-1.28,3.02,,,,7.95,5.39,9.96,,,,,,,,,,
2024-04-01,12.15,9.74,14.32,,,,56.11,53.85,58.22,,,,8.66,6.4,10.59,,,,9.47,7.04,11.57,,,,3.06,0.75,4.96,,,,1.01,-1.28,3.01,,,,7.99,5.46,9.99,,,,,,,,,,
2024-04-02,12.14,9.78,14.33,,,,56.07,53.86,58.19,,,,8.68,6.41,10.62,,,,9.47,7.08,11.55,,,,3.05,0.78,4.96,,,,1.02,-1.27,3.01,,,,8.03,5.51,10.01,,,,,,,,,,
2024-04-03,12.12,9.83,14.34,,,,56.03,53.86,58.15,,,,8.71,6.42,10.65,,,,9.47,7.12,11.51,,,,3.05,0.82,4.95,,,,1.02,-1.25,2.98,,,,8.06,5.57,10.04,,,,12.0,57.0,7.0,10.0,3.0,1.0,9.0
2024-04-04,12.1,9.81,14.35,,,,55.98,53.79,58.11,,,,8.73,6.54,10.72,,,,9.47,7.11,11.5,,,,3.05,0.87,4.95,,,,1.02,-1.25,3.0,,,,8.1,5.61,10.1,,,,,,,,,,
2024-04-05,12.08,9.75,14.32,,,,55.93,53.71,58.08,,,,8.76,6.59,10.75,,,,9.47,7.16,11.52,,,,3.05,0.92,4.97,,,,1.02,-1.24,3.04,,,,8.15,5.61,10.19,,,,,,,,,,
2024-04-06,12.07,9.73,14.24,,,,55.88,53.63,58.03,,,,8.79,6.57,10.76,,,,9.47,7.2,11.53,,,,3.04,0.91,4.97,,,,1.03,-1.22,3.06,,,,8.19,5.63,10.27,,,,,,,,,,
2024-04-07,12.05,9.74,14.16,,,,55.82,53.54,57.99,,,,8.82,6.62,10.79,,,,9.47,7.26,11.53,,,,3.04,0.9,4.95,,,,1.03,-1.18,3.03,,,,8.24,5.72,10.3,,,,,,,,,,
2024-04-08,12.03,9.76,14.08,,,,55.77,53.45,57.94,,,,8.86,6.71,10.81,,,,9.46,7.31,11.56,,,,3.04,0.93,4.93,,,,1.03,-1.2,2.99,,,,8.29,5.84,10.34,,,,,,,,,,
2024-04-09,12.01,9.78,14.02,,,,55.7,53.36,57.88,,,,8.89,6.77,10.86,,,,9.46,7.34,11.57,,,,3.03,0.96,4.91,,,,1.03,-1.21,2.96,,,,8.34,5.92,10.37,,,,,,,,,,
2024-04-10,11.99,9.8,13.98,,,,55.64,53.34,57.82,,,,8.93,6.8,10.95,,,,9.46,7.35,11.55,,,,3.03,0.99,4.89,,,,1.04,-1.2,2.91,,,,8.39,5.97,10.39,,,,,,,,,,
2024-04-11,11.98,9.82,13.94,,,,55.58,53.27,57.76,,,,8.96,6.85,10.99,,,,9.45,7.32,11.54,,,,3.03,1.02,4.88,,,,1.04,-1.19,2.9,,,,8.44,6.07,10.41,,,,10.0,57.0,9.0,9.0,3.0,1.0,8.0
2024-04-12,11.96,9.85,13.9,,,,55.51,53.17,57.7,,,,9.0,6.96,11.02,,,,9.45,7.32,11.53,,,,3.03,1.03,4.88,,,,1.04,-1.18,2.95,,,,8.49,6.14,10.43,,,,,,,,,,
2024-04-13,11.94,9.82,13.86,,,,55.44,53.06,57.63,,,,9.04,7.05,11.06,,,,9.44,7.39,11.52,,,,3.02,1.06,4.86,,,,1.04,-1.15,3.0,,,,8.55,6.23,10.45,,,,,,,,,,
2024-04-14,11.92,9.79,13.82,,,,55.37,53.03,57.57,,,,9.07,7.13,11.09,,,,9.44,7.46,11.5,,,,3.02,1.1,4.85,,,,1.05,-1.08,3.0,,,,8.6,6.31,10.54,,,,,,,,,,
2024-04-15,11.91,9.78,13.79,,,,55.3,52.94,57.48,,,,9.11,7.19,11.12,,,,9.44,7.45,11.49,,,,3.02,1.07,4.83,,,,1.05,-1.02,2.98,,,,8.66,6.4,10.6,,,,,,,,,,
2024-04-16,11.89,9.78,13.77,,,,55.22,52.87,57.42,,,,9.15,7.22,11.18,,,,9.43,7.49,11.45,,,,3.02,1.03,4.81,,,,1.05,-0.95,2.96,,,,8.72,6.5,10.65,,,,,,,,,,
2024-04-17,11.87,9.79,13.71,,,,55.15,52.78,57.35,,,,9.19,7.24,11.22,,,,9.42,7.54,11.39,,,,3.01,1.0,4.8,,,,1.05,-0.93,2.93,,,,8.77,6.56,10.73,,,,13.0,57.0,7.0,10.0,2.0,1.0,8.0
2024-04-18,11.86,9.8,13.65,,,,55.07,52.69,57.25,,,,9.23,7.25,11.23,,,,9.42,7.59,11.34,,,,3.01,0.96,4.78,,,,1.06,-0.93,2.93,,,,8.83,6.57,10.81,,,,,,,,,,
2024-04-19,11.84,9.81,13.61,,,,55.0,52.62,57.19,,,,9.27,7.26,11.25,,,,9.41,7.59,11.33,,,,3.01,0.98,4.79,,,,1.06,-0.92,2.94,,,,8.89,6.58,10.89,,,,,,,,,,
2024-04-20,11.83,9.79,13.57,,,,54.92,52.52,57.15,,,,9.31,7.28,11.28,,,,9.41,7.6,11.33,,,,3.01,1.02,4.81,,,,1.06,-0.91,2.95,,,,8.95,6.66,10.96,,,,,,,,,,
2024-04-21,11.81,9.82,13.56,,,,54.84,52.44,57.12,,,,9.35,7.31,11.32,,,,9.4,7.6,11.33,,,,3.0,1.07,4.8,,,,1.06,-0.9,2.95,,,,9.0,6.73,11.03,,,,,,,,,,
2024-04-22,11.8,9.83,13.55,,,,54.77,52.35,57.07,,,,9.39,7.38,11.35,,,,9.39,7.61,11.3,,,,3.0,1.1,4.78,,,,1.07,-0.86,2.96,,,,9.06,6.82,11.1,,,,,,,,,,
2024-04-23,11.78,9.84,13.55,,,,54.69,52.27,56.99,,,,9.43,7.44,11.38,,,,9.39,7.61,11.29,,,,3.0,1.14,4.75,,,,1.07,-0.81,2.96,,,,9.12,6.9,11.16,,,,,,,,,,
2024-04-24,11.77,9.84,13.54,,,,54.62,52.19,56.91,,,,9.47,7.51,11.42,,,,9.38,7.62,11.25,,,,3.0,1.16,4.74,,,,1.07,-0.77,2.97,,,,9.17,7.0,11.23,,,,14.0,57.0,7.0,10.0,3.0,,7.0
2024-04-25,11.76,9.84,13.53,,,,54.54,52.11,56.83,,,,9.51,7.55,11.46,,,,9.37,7.6,11.21,,,,2.99,1.16,4.78,,,,1.07,-0.77,2.98,,,,9.23,7.12,11.23,,,,,,,,,,
2024-04-26,11.74,9.85,13.52,,,,54.46,52.02,56.77,,,,9.55,7.57,11.51,,,,9.37,7.58,11.16,,,,2.99,1.16,4.81,,,,1.07,-0.77,2.99,,,,9.28,7.24,11.23,,,,,,,,,,
2024-04-27,11.73,9.85,13.51,,,,54.39,51.91,56.75,,,,9.59,7.62,11.55,,,,9.36,7.56,11.15,,,,2.99,1.17,4.82,,,,1.08,-0.77,3.01,,,,9.34,7.31,11.23,,,,,,,,,,
2024-04-28,11.72,9.86,13.5,,,,54.32,51.78,56.65,,,,9.63,7.71,11.59,,,,9.36,7.59,11.14,,,,2.99,1.17,4.82,,,,1.08,-0.77,3.02,,,,9.39,7.34,11.28,,,,,,,,,,
2024-04-29,11.71,9.85,13.48,,,,54.24,51.67,56.56,,,,9.66,7.76,11.63,,,,9.35,7.6,11.15,,,,2.99,1.18,4.82,,,,1.08,-0.77,3.01,,,,9.44,7.38,11.34,,,,,,,,,,
2024-04-30,11.7,9.83,13.48,,,,54.17,51.59,56.46,,,,9.7,7.81,11.67,,,,9.34,7.58,11.16,,,,2.99,1.19,4.82,,,,1.08,-0.76,3.0,,,,9.49,7.45,11.41,,,,,,,,,,
2024-05-01,11.69,9.81,13.48,,,,54.1,51.54,56.39,,,,9.74,7.84,11.71,,,,9.34,7.56,11.14,,,,2.98,1.18,4.82,,,,1.09,-0.76,2.99,,,,9.54,7.5,11.47,,,,12.0,56.0,10.0,9.0,3.0,1.0,7.0
2024-05-02,11.68,9.79,13.48,,,,54.03,51.45,56.33,,,,9.78,7.9,11.74,,,,9.33,7.58,11.17,,,,2.98,1.19,4.82,,,,1.09,-0.78,2.99,,,,9.59,7.52,11.56,,,,,,,,,,
2024-05-03,11.67,9.78,13.49,,,,53.96,51.36,56.27,,,,9.81,7.95,11.73,,,,9.32,7.61,11.16,,,,2.98,1.2,4.78,,,,1.09,-0.78,3.03,,,,9.64,7.54,11.59,,,,,,,,,,
2024-05-04,11.66,9.76,13.49,,,,53.89,51.28,56.21,,,,9.85,8.01,11.74,,,,9.32,7.62,11.14,,,,2.98,1.21,4.8,,,,1.09,-0.77,3.06,,,,9.69,7.56,11.64,,,,,,,,,,
2024-05-05,11.65,9.77,13.48,,,,53.82,51.21,56.15,,,,9.88,8.07,11.76,,,,9.31,7.63,11.13,,,,2.98,1.22,4.8,,,,1.09,-0.78,3.09,,,,9.73,7.59,11.69,,,,,,,,,,
2024-05-06,11.64,9.8,13.47,,,,53.75,51.15,56.09,,,,9.92,8.11,11.81,,,,9.31,7.61,11.11,,,,2.98,1.22,4.78,,,,1.09,-0.8,3.11,,,,9.78,7.66,11.72,,,,,,,,,,
2024-05-07,11.64,9.81,13.49,,,,53.69,51.08,56.04,,,,9.95,8.13,11.87,,,,9.3,7.59,11.09,,,,2.98,1.22,4.76,,,,1.1,-0.8,3.12,,,,9.82,7.72,11.74,,,,,,,,,,
2024-05-08,11.63,9.77,13.44,,,,53.62,50.94,55.98,,,,9.98,8.15,11.93,,,,9.29,7.56,11.08,,,,2.98,1.21,4.75,,,,1.1,-0.8,3.13,,,,9.87,7.78,11.8,,,,11.0,59.0,8.0,10.0,2.0,1.0,8.0
2024-05-09,11.62,9.69,13.4,,,,53.56,50.82,55.93,,,,10.02,8.17,11.98,,,,9.29,7.54,11.06,,,,2.98,1.19,4.73,,,,1.1,-0.81,3.1,,,,9.91,7.85,11.88,,,,,,,,,,
2024-05-10,11.62,9.66,13.39,,,,53.5,50.74,55.87,,,,10.05,8.2,12.01,,,,9.28,7.52,11.04,,,,2.98,1.17,4.72,,,,1.1,-0.81,3.08,,,,9.95,7.9,11.95,,,,,,,,,,
2024-05-11,11.61,9.64,13.39,,,,53.43,50.65,55.81,,,,10.08,8.22,12.04,,,,9.28,7.49,11.03,,,,2.98,1.15,4.72,,,,1.1,-0.82,3.1,,,,9.99,7.96,12.02,,,,,,,,,,
2024-05-12,11.6,9.62,13.4,,,,53.37,50.55,55.77,,,,10.11,8.24,12.09,,,,9.27,7.47,11.01,,,,2.98,1.11,4.72,,,,1.1,-0.85,3.12,,,,10.03,8.01,12.08,,,,,,,,,,
2024-05-13,11.6,9.63,13.4,,,,53.31,50.46,55.72,,,,10.14,8.28,12.15,,,,9.27,7.44,10.99,,,,2.98,1.04,4.72,,,,1.11,-0.88,3.14,,,,10.06,8.06,12.15,,,,,,,,,,
2024-05-14,11.59,9.65,13.41,,,,53.26,50.4,55.67,,,,10.17,8.3,12.19,,,,9.26,7.36,10.97,,,,2.98,0.98,4.71,,,,1.11,-0.91,3.16,,,,10.1,8.08,12.2,,,,,,,,,,
2024-05-15,11.59,9.63,13.42,,,,53.2,50.34,55.62,,,,10.2,8.32,12.21,,,,9.26,7.31,10.94,,,,2.98,0.92,4.71,,,,1.11,-0.93,3.18,,,,10.14,8.13,12.24,,,,,,,,,,
2024-05-16,11.58,9.61,13.43,,,,53.14,50.27,55.58,,,,10.23,8.35,12.23,,,,9.25,7.3,10.92,,,,2.98,0.86,4.71,,,,1.11,-0.96,3.19,,,,10.17,8.12,12.27,,,,13.0,58.0,8.0,11.0,3.0,1.0,6.0
2024-05-17,11.58,9.59,13.43,,,,53.09,50.2,55.53,,,,10.26,8.36,12.28,,,,9.25,7.29,10.9,,,,2.98,0.86,4.71,,,,1.11,-0.97,3.21,,,,10.21,8.11,12.31,,,,,,,,,,
2024-05-18,11.58,9.57,13.44,,,,53.03,50.13,55.49,,,,10.29,8.38,12.31,,,,9.24,7.29,10.89,,,,2.97,0.88,4.71,,,,1.11,-0.96,3.19,,,,10.24,8.12,12.34,,,,,,,,,,
2024-05-19,11.57,9.56,13.44,,,,52.98,50.07,55.45,,,,10.31,8.39,12.33,,,,9.24,7.32,10.9,,,,2.97,0.91,4.73,,,,1.11,-0.94,3.16,,,,10.27,8.14,12.37,,,,,,,,,,
2024-05-20,11.57,9.54,13.44,,,,52.93,50.0,55.41,,,,10.34,8.41,12.36,,,,9.23,7.33,10.92,,,,2.97,0.93,4.74,,,,1.11,-0.92,3.15,,,,10.3,8.14,12.4,,,,,,,,,,
2024-05-21,11.56,9.52,13.42,,,,52.88,49.94,55.37,,,,10.37,8.42,12.42,,,,9.23,7.31,10.94,,,,2.97,0.96,4.74,,,,1.12,-0.96,3.2,,,,10.34,8.15,12.44,,,,,,,,,,
2024-05-22,11.56,9.5,13.4,,,,52.82,49.88,55.33,,,,10.39,8.44,12.46,,,,9.22,7.29,10.94,,,,2.97,0.96,4.72,,,,1.12,-0.96,3.25,,,,10.37,8.16,12.47,,,,14.0,56.0,9.0,9.0,3.0,1.0,7.0
2024-05-23,11.56,9.48,13.39,,,,52.77,49.82,55.29,,,,10.42,8.45,12.51,,,,9.22,7.27,10.96,,,,2.97,0.94,4.72,,,,1.12,-0.96,3.24,,,,10.4,8.17,12.51,,,,,,,,,,
2024-05-24,11.55,9.45,13.36,,,,52.73,49.77,55.26,,,,10.45,8.47,12.56,,,,9.21,7.24,10.98,,,,2.97,0.93,4.72,,,,1.12,-0.95,3.22,,,,10.43,8.19,12.53,,,,13.0,57.0,9.0,9.0,2.0,1.0,8.0
2024-05-25,11.55,9.42,13.33,,,,52.68,49.71,55.22,,,,10.47,8.48,12.58,,,,9.21,7.23,10.96,,,,2.97,0.91,4.72,,,,1.12,-0.96,3.21,,,,10.46,8.2,12.57,,,,,,,,,,
2024-05-26,11.54,9.4,13.3,,,,52.63,49.66,55.18,,,,10.5,8.51,12.6,,,,9.2,7.22,10.94,,,,2.97,0.89,4.73,,,,1.12,-0.99,3.22,,,,10.48,8.21,12.61,,,,,,,,,,
2024-05-27,11.54,9.38,13.3,,,,52.58,49.62,55.15,,,,10.52,8.55,12.63,,,,9.2,7.22,10.93,,,,2.97,0.88,4.72,,,,1.12,-1.04,3.24,,,,10.51,8.25,12.62,,,,,,,,,,
2024-05-28,11.54,9.37,13.28,,,,52.54,49.6,55.1,,,,10.55,8.59,12.67,,,,9.19,7.21,10.95,,,,2.97,0.86,4.72,,,,1.12,-1.04,3.27,,,,10.54,8.3,12.64,,,,9.0,58.0,7.0,10.0,4.0,,9.0
2024-05-29,11.53,9.37,13.29,,,,52.49,49.57,55.06,,,,10.57,8.63,12.71,,,,9.19,7.21,10.97,,,,2.98,0.84,4.72,,,,1.12,-1.02,3.29,,,,10.57,8.34,12.67,,,,,,,,,,
2024-05-30,11.53,9.38,13.31,,,,52.44,49.53,55.03,,,,10.6,8.67,12.75,,,,9.19,7.21,10.99,,,,2.98,0.86,4.71,,,,1.13,-1.0,3.31,,,,10.59,8.39,12.7,,,,9.0,61.0,10.0,8.0,3.0,,7.0
2024-05-31,11.53,9.37,13.32,,,,52.4,49.48,55.01,,,,10.62,8.69,12.79,,,,9.18,7.21,11.0,,,,2.98,0.84,4.71,,,,1.13,-1.0,3.32,,,,10.62,8.42,12.72,,,,,,,,,,
2024-06-01,11.52,9.36,13.29,,,,52.35,49.41,54.99,,,,10.65,8.73,12.81,,,,9.18,7.21,11.02,,,,2.98,0.82,4.7,,,,1.13,-1.01,3.34,,,,10.65,8.45,12.75,,,,,,,,,,
2024-06-02,11.52,9.35,13.26,,,,52.31,49.34,54.96,,,,10.67,8.77,12.82,,,,9.17,7.21,11.03,,,,2.98,0.8,4.71,,,,1.13,-1.02,3.36,,,,10.67,8.46,12.78,,,,,,,,,,
2024-06-03,11.51,9.33,13.24,,,,52.27,49.29,54.93,,,,10.69,8.8,12.83,,,,9.17,7.21,11.04,,,,2.98,0.78,4.74,,,,1.13,-1.02,3.38,,,,10.7,8.47,12.81,,,,,,,,,,
2024-06-04,11.51,9.32,13.25,,,,52.22,49.24,54.9,,,,10.72,8.83,12.87,,,,9.16,7.18,11.06,,,,2.98,0.76,4.74,,,,1.13,-1.03,3.38,,,,10.73,8.49,12.84,,,,11.0,51.0,11.0,9.0,3.0,1.0,12.0
2024-06-05,11.51,9.31,13.26,,,,52.18,49.2,54.87,,,,10.74,8.85,12.94,,,,9.16,7.13,11.08,,,,2.98,0.74,4.73,,,,1.13,-1.03,3.39,,,,10.75,8.49,12.86,,,,,,,,,,
2024-06-06,11.5,9.3,13.25,,,,52.13,49.16,54.84,,,,10.77,8.85,12.97,,,,9.15,7.08,11.1,,,,2.98,0.72,4.73,,,,1.13,-1.05,3.4,,,,10.78,8.51,12.9,,,,12.0,48.0,11.0,7.0,4.0,1.0,12.0
2024-06-07,11.5,9.29,13.26,,,,52.09,49.12,54.81,,,,10.79,8.84,13.0,,,,9.14,7.03,11.11,,,,2.98,0.7,4.76,,,,1.13,-1.06,3.4,,,,10.81,8.52,12.94,,,,,,,,,,
2024-06-08,11.49,9.3,13.26,,,,52.04,49.03,54.78,,,,10.82,8.85,13.03,,,,9.14,6.99,11.11,,,,2.98,0.69,4.78,,,,1.14,-1.07,3.41,,,,10.83,8.54,12.98,,,,,,,,,,
2024-06-09,11.49,9.3,13.27,,,,52.0,48.97,54.75,,,,10.84,8.85,13.05,,,,9.13,6.95,11.1,,,,2.98,0.67,4.81,,,,1.14,-1.07,3.41,,,,10.86,8.55,13.02,,,,,,,,,,
2024-06-10,11.48,9.3,13.27,,,,51.95,48.93,54.72,,,,10.87,8.88,13.08,,,,9.13,6.92,11.1,,,,2.98,0.68,4.82,,,,1.14,-1.08,3.42,,,,10.89,8.58,13.06,,,,,,,,,,
2024-06-11,11.48,9.32,13.27,,,,51.9,48.9,54.64,,,,10.89,8.93,13.1,,,,9.12,6.91,11.09,,,,2.99,0.71,4.82,,,,1.14,-1.08,3.42,,,,10.92,8.63,13.11,,,,10.0,47.0,16.0,12.0,3.0,2.0,12.0
2024-06-12,11.47,9.35,13.29,,,,51.86,48.86,54.58,,,,10.92,8.98,13.12,,,,9.12,6.91,11.09,,,,2.99,0.74,4.81,,,,1.14,-1.09,3.42,,,,10.95,8.69,13.18,,,,,,,,,,
2024-06-13,11.47,9.37,13.32,,,,51.81,48.8,54.53,,,,10.95,9.03,13.16,,,,9.11,6.91,11.08,,,,2.99,0.76,4.81,,,,1.14,-1.09,3.43,,,,10.98,8.72,13.21,,,,12.0,45.0,14.0,9.0,3.0,1.0,15.0
2024-06-14,11.46,9.4,13.33,,,,51.76,48.75,54.5,,,,10.97,9.09,13.21,,,,9.11,6.9,11.05,,,,2.99,0.79,4.82,,,,1.14,-1.08,3.44,,,,11.01,8.75,13.24,,,,,,,,,,
2024-06-15,11.45,9.41,13.35,,,,51.71,48.69,54.51,,,,11.0,9.12,13.26,,,,9.1,6.93,11.03,,,,2.99,0.82,4.83,,,,1.14,-1.09,3.45,,,,11.04,8.77,13.28,,,,,,,,,,
2024-06-16,11.45,9.44,13.34,,,,51.66,48.64,54.52,,,,11.03,9.15,13.31,,,,9.09,6.95,11.03,,,,2.99,0.85,4.85,,,,1.14,-1.1,3.45,,,,11.07,8.8,13.31,,,,,,,,,,
2024-06-17,11.44,9.44,13.33,,,,51.61,48.58,54.49,,,,11.05,9.18,13.36,,,,9.09,6.98,11.02,,,,3.0,0.88,4.86,,,,1.15,-1.11,3.46,,,,11.11,8.84,13.34,,,,,,,,,,
2024-06-18,11.43,9.43,13.31,,,,51.56,48.54,54.46,,,,11.08,9.2,13.37,,,,9.08,7.0,11.0,,,,3.0,0.91,4.87,,,,1.15,-1.12,3.46,,,,11.14,8.87,13.36,,,,10.0,46.0,12.0,9.0,3.0,2.0,16.0
2024-06-19,11.43,9.41,13.29,,,,51.5,48.51,54.42,,,,11.11,9.22,13.38,,,,9.08,7.02,10.98,,,,3.0,0.95,4.88,,,,1.15,-1.12,3.47,,,,11.17,8.91,13.41,,,,,,,,,,
2024-06-20,11.42,9.38,13.27,,,,51.44,48.47,54.38,,,,11.14,9.21,13.4,,,,9.07,7.05,10.99,,,,3.0,0.94,4.88,,,,1.15,-1.13,3.48,,,,11.21,8.95,13.51,,,,10.0,48.0,13.0,7.0,2.0,1.0,17.0
2024-06-21,11.41,9.34,13.25,,,,51.39,48.38,54.34,,,,11.17,9.2,13.41,,,,9.06,7.07,11.0,,,,3.01,0.93,4.88,,,,1.15,-1.13,3.48,,,,11.24,8.99,13.55,,,,,,,,,,
2024-06-22,11.41,9.31,13.24,,,,51.33,48.29,54.3,,,,11.2,9.21,13.44,,,,9.06,7.1,10.98,,,,3.01,0.91,4.89,,,,1.15,-1.14,3.49,,,,11.28,9.03,13.59,,,,,,,,,,
2024-06-23,11.4,9.31,13.24,,,,51.27,48.23,54.26,,,,11.23,9.2,13.46,,,,9.05,7.06,10.96,,,,3.01,0.92,4.89,,,,1.15,-1.14,3.51,,,,11.32,9.07,13.61,,,,,,,,,,
2024-06-24,11.39,9.28,13.24,,,,51.21,48.18,54.22,,,,11.26,9.2,13.48,,,,9.05,7.03,10.95,,,,3.01,0.9,4.89,,,,1.15,-1.15,3.53,,,,11.36,9.11,13.64,,,,,,,,,,
2024-06-25,11.39,9.28,13.26,,,,51.15,48.12,54.17,,,,11.29,9.25,13.51,,,,9.04,7.0,10.94,,,,3.02,0.88,4.9,,,,1.16,-1.16,3.55,,,,11.4,9.16,13.68,,,,10.0,45.0,15.0,9.0,3.0,1.0,15.0
2024-06-26,11.38,9.27,13.28,,,,51.08,48.07,54.13,,,,11.32,9.29,13.56,,,,9.04,6.98,10.95,,,,3.02,0.9,4.9,,,,1.16,-1.16,3.57,,,,11.44,9.2,13.71,,,,,,,,,,
2024-06-27,11.37,9.23,13.3,,,,51.02,48.02,54.08,,,,11.35,9.34,13.6,,,,9.03,6.94,10.95,,,,3.02,0.91,4.91,,,,1.16,-1.17,3.58,,,,11.48,9.22,13.74,,,,13.0,43.0,14.0,8.0,4.0,1.0,15.0
2024-06-28,11.36,9.19,13.32,,,,50.95,47.97,54.02,,,,11.38,9.4,13.64,,,,9.02,6.91,10.97,,,,3.02,0.92,4.94,,,,1.16,-1.18,3.6,,,,11.52,9.25,13.77,,,,,,,,,,
2024-06-29,11.36,9.17,13.34,,,,50.88,47.93,53.95,,,,11.41,9.45,13.68,,,,9.02,6.9,10.98,,,,3.03,0.94,4.96,,,,1.16,-1.18,3.59,,,,11.57,9.28,13.81,,,,,,,,,,
2024-06-30,11.35,9.17,13.34,,,,50.81,47.85,53.89,,,,11.44,9.49,13.73,,,,9.01,6.9,10.99,,,,3.03,0.95,4.98,,,,1.16,-1.19,3.59,,,,11.61,9.31,13.85,,,,,,,,,,
2024-07-01,11.34,9.16,13.33,,,,50.74,47.76,53.82,,,,11.48,9.51,13.77,,,,9.0,6.89,11.0,,,,3.03,0.97,5.01,,,,1.16,-1.19,3.62,,,,11.66,9.34,13.88,,,,,,,,,,
2024-07-02,11.33,9.15,13.32,,,,50.67,47.67,53.76,,,,11.51,9.52,13.82,,,,9.0,6.85,11.01,,,,3.03,0.98,5.02,,,,1.17,-1.19,3.62,,,,11.7,9.38,13.94,,,,,,,,,,
2024-07-03,11.32,9.12,13.31,,,,50.59,47.57,53.69,,,,11.54,9.53,13.87,,,,8.99,6.86,11.02,,,,3.04,1.0,5.0,,,,1.17,-1.2,3.63,,,,11.75,9.41,14.0,,,,13.0,47.0,12.0,9.0,3.0,1.0,12.0
2024-09-12,,,,20.03,14.56,26.26,,,,31.57,27.13,36.01,,,,11.02,7.24,15.43,,,,10.35,6.17,14.73,,,,,,,,,,,,,,,,17.92,13.63,23.56,16.5,33.0,13.5,10.5,,,16.0
2024-09-13,,,,20.04,14.6,26.25,,,,31.56,27.1,36.01,,,,11.01,7.25,15.38,,,,10.34,6.15,14.7,,,,,,,,,,,,,,,,17.93,13.65,23.59,,,,,,,
2024-09-14,,,,20.05,14.67,26.25,,,,31.54,27.05,36.02,,,,11.0,7.29,15.33,,,,10.33,6.13,14.67,,,,,,,,,,,,,,,,17.95,13.68,23.61,,,,,,,
2024-09-15,,,,20.06,14.73,26.24,,,,31.53,27.01,36.01,,,,10.98,7.33,15.31,,,,10.32,6.13,14.67,,,,,,,,,,,,,,,,17.96,13.71,23.63,,,,,,,
2024-09-16,,,,20.07,14.79,26.22,,,,31.52,26.97,36.01,,,,10.97,7.33,15.28,,,,10.31,6.13,14.68,,,,,,,,,,,,,,,,17.98,13.73,23.65,,,,,,,
2024-09-17,,,,20.08,14.84,26.21,,,,31.5,26.93,36.01,,,,10.96,7.33,15.24,,,,10.3,6.15,14.67,,,,,,,,,,,,,,,,17.99,13.76,23.66,,,,,,,
2024-09-18,,,,20.09,14.89,26.2,,,,31.49,26.89,36.02,,,,10.95,7.34,15.2,,,,10.29,6.19,14.64,,,,,,,,,,,,,,,,18.0,13.77,23.64,,,,,,,
2024-09-19,,,,20.1,14.95,26.18,,,,31.48,26.85,36.02,,,,10.94,7.34,15.17,,,,10.29,6.24,14.6,,,,,,,,,,,,,,,,18.01,13.79,23.63,,,,,,,
2024-09-20,,,,20.11,14.99,26.16,,,,31.47,26.81,36.02,,,,10.93,7.33,15.14,,,,10.28,6.28,14.54,,,,,,,,,,,,,,,,18.03,13.81,23.65,,,,,,,
2024-09-21,,,,20.12,15.04,26.14,,,,31.46,26.78,36.02,,,,10.92,7.33,15.14,,,,10.27,6.33,14.47,,,,,,,,,,,,,,,,18.04,13.84,23.68,,,,,,,
2024-09-22,,,,20.13,15.09,26.13,,,,31.45,26.75,36.02,,,,10.91,7.32,15.15,,,,10.26,6.37,14.42,,,,,,,,,,,,,,,,18.05,13.85,23.71,,,,,,,
2024-09-23,,,,20.13,15.13,26.11,,,,31.44,26.71,36.02,,,,10.9,7.31,15.15,,,,10.26,6.4,14.41,,,,,,,,,,,,,,,,18.06,13.87,23.73,,,,,,,
2024-09-24,,,,20.14,15.17,26.1,,,,31.43,26.72,36.02,,,,10.9,7.3,15.16,,,,10.25,6.4,14.4,,,,,,,,,,,,,,,,18.07,13.89,23.76,,,,,,,
2024-09-25,,,,20.15,15.22,26.09,,,,31.42,26.76,36.02,,,,10.89,7.29,15.17,,,,10.24,6.4,14.39,,,,,,,,,,,,,,,,18.08,13.91,23.78,,,,,,,
2024-09-26,,,,20.15,15.26,26.07,,,,31.41,26.8,36.02,,,,10.88,7.31,15.17,,,,10.24,6.4,14.39,,,,,,,,,,,,,,,,18.09,13.93,23.8,,,,,,,
2024-09-27,,,,20.16,15.27,26.06,,,,31.4,26.83,36.02,,,,10.87,7.32,15.18,,,,10.23,6.39,14.38,,,,,,,,,,,,,,,,18.1,13.95,23.81,,,,,,,
2024-09-28,,,,20.17,15.25,26.05,,,,31.4,26.86,36.01,,,,10.86,7.37,15.18,,,,10.23,6.38,14.38,,,,,,,,,,,,,,,,18.11,13.98,23.82,,,,,,,
2024-09-29,,,,20.17,15.24,26.06,,,,31.39,26.8,36.01,,,,10.86,7.41,15.18,,,,10.22,6.38,14.38,,,,,,,,,,,,,,,,18.12,14.0,23.83,,,,,,,
2024-09-30,,,,20.18,15.24,26.07,,,,31.38,26.75,36.01,,,,10.85,7.41,15.19,,,,10.22,6.38,14.37,,,,,,,,,,,,,,,,18.12,14.0,23.84,,,,,,,
2024-10-01,,,,20.19,15.23,26.07,,,,31.37,26.69,35.99,,,,10.84,7.41,15.19,,,,10.21,6.37,14.38,,,,,,,,,,,,,,,,18.13,14.01,23.85,,,,,,,
2024-10-02,,,,20.2,15.22,26.07,,,,31.36,26.64,35.95,,,,10.83,7.41,15.2,,,,10.21,6.37,14.38,,,,,,,,,,,,,,,,18.14,14.02,23.85,,,,,,,
2024-10-03,,,,20.2,15.21,26.08,,,,31.36,26.59,35.94,,,,10.83,7.42,15.2,,,,10.2,6.37,14.38,,,,,,,,,,,,,,,,18.15,14.02,23.86,,,,,,,
2024-10-04,,,,20.21,15.21,26.08,,,,31.35,26.54,35.94,,,,10.82,7.4,15.21,,,,10.2,6.37,14.38,,,,,,,,,,,,,,,,18.16,14.03,23.87,,,,,,,
2024-10-05,,,,20.22,15.2,26.09,,,,31.34,26.49,35.94,,,,10.81,7.37,15.21,,,,10.19,6.36,14.39,,,,,,,,,,,,,,,,18.17,14.04,23.87,,,,,,,
2024-10-06,,,,20.23,15.19,26.09,,,,31.33,26.47,35.94,,,,10.8,7.36,15.21,,,,10.19,6.36,14.4,,,,,,,,,,,,,,,,18.18,14.04,23.88,,,,,,,
2024-10-07,,,,20.24,15.19,26.1,,,,31.33,26.45,35.94,,,,10.79,7.34,15.21,,,,10.18,6.35,14.4,,,,,,,,,,,,,,,,18.18,14.04,23.88,23.5,31.0,9.0,11.0,,,19.0
2024-10-08,,,,20.25,15.19,26.1,,,,31.32,26.44,35.93,,,,10.78,7.31,15.21,,,,10.18,6.35,14.41,,,,,,,,,,,,,,,,18.19,14.05,23.88,,,,,,,
2024-10-09,,,,20.26,15.17,26.1,,,,31.31,26.43,35.93,,,,10.77,7.3,15.21,,,,10.18,6.36,14.42,,,,,,,,,,,,,,,,18.2,14.05,23.89,,,,,,,
2024-10-10,,,,20.27,15.17,26.1,,,,31.3,26.41,35.92,,,,10.76,7.28,15.22,,,,10.17,6.36,14.42,,,,,,,,,,,,,,,,18.21,14.05,23.89,,,,,,,
2024-10-11,,,,20.29,15.16,26.1,,,,31.29,26.41,35.92,,,,10.75,7.26,15.22,,,,10.17,6.35,14.42,,,,,,,,,,,,,,,,18.22,14.05,23.88,,,,,,,
2024-10-12,,,,20.3,15.17,26.11,,,,31.29,26.4,35.91,,,,10.74,7.24,15.22,,,,10.17,6.34,14.44,,,,,,,,,,,,,,,,18.23,14.04,23.89,,,,,,,
2024-10-13,,,,20.31,15.18,26.11,,,,31.28,26.39,35.9,,,,10.73,7.22,15.22,,,,10.16,6.33,14.44,,,,,,,,,,,,,,,,18.24,14.04,23.88,,,,,,,
2024-10-14,,,,20.33,15.2,26.11,,,,31.27,26.38,35.89,,,,10.72,7.2,15.22,,,,10.16,6.32,14.45,,,,,,,,,,,,,,,,18.25,14.04,23.88,,,,,,,
2024-10-15,,,,20.34,15.23,26.27,,,,31.26,26.38,35.96,,,,10.71,7.19,15.38,,,,10.16,6.31,14.6,,,,,,,,,,,,,,,,18.26,14.03,23.96,,,,,,,
2024-10-16,,,,20.36,15.24,26.27,,,,31.25,26.37,35.96,,,,10.7,7.18,15.36,,,,10.15,6.3,14.6,,,,,,,,,,,,,,,,18.28,14.02,23.96,,,,,,,
2024-10-17,,,,20.38,15.26,26.27,,,,31.24,26.36,35.96,,,,10.68,7.16,15.34,,,,10.15,6.29,14.59,,,,,,,,,,,,,,,,18.29,14.01,23.96,,,,,,,
2024-10-18,,,,20.39,15.27,26.27,,,,31.23,26.35,35.95,,,,10.67,7.15,15.33,,,,10.15,6.28,14.58,,,,,,,,,,,,,,,,18.3,14.02,23.96,,,,,,,
2024-10-19,,,,20.41,15.3,26.26,,,,31.22,26.34,35.95,,,,10.66,7.15,15.31,,,,10.14,6.27,14.57,,,,,,,,,,,,,,,,18.31,14.02,23.96,,,,,,,
2024-10-20,,,,20.43,15.32,26.25,,,,31.21,26.34,35.95,,,,10.64,7.14,15.25,,,,10.14,6.26,14.54,,,,,,,,,,,,,,,,18.33,14.04,23.96,,,,,,,
2024-10-21,,,,20.45,15.35,26.27,,,,31.2,26.33,35.94,,,,10.63,7.14,15.22,,,,10.14,6.25,14.52,,,,,,,,,,,,,,,,18.34,14.05,23.95,,,,,,,
2024-10-22,,,,20.46,15.37,26.26,,,,31.19,26.3,35.94,,,,10.62,7.13,15.22,,,,10.13,6.27,14.5,,,,,,,,,,,,,,,,18.35,14.06,23.95,,,,,,,
2024-10-23,,,,20.48,15.41,26.23,,,,31.18,26.28,35.95,,,,10.61,7.14,15.22,,,,10.13,6.29,14.48,,,,,,,,,,,,,,,,18.37,14.08,23.97,,,,,,,
2024-10-24,,,,20.5,15.44,26.23,,,,31.17,26.28,35.95,,,,10.6,7.14,15.2,,,,10.12,6.31,14.44,,,,,,,,,,,,,,,,18.39,14.09,23.98,,,,,,,
2024-10-25,,,,20.51,15.47,26.21,,,,31.16,26.28,35.95,,,,10.59,7.15,15.15,,,,10.12,6.33,14.42,,,,,,,,,,,,,,,,18.4,14.11,24.0,,,,,,,
2024-10-26,,,,20.53,15.5,26.2,,,,31.15,26.26,35.95,,,,10.58,7.16,15.14,,,,10.11,6.35,14.38,,,,,,,,,,,,,,,,18.42,14.13,24.01,,,,,,,
2024-10-27,,,,20.54,15.54,26.17,,,,31.15,26.25,35.96,,,,10.57,7.16,15.15,,,,10.11,6.34,14.33,,,,,,,,,,,,,,,,18.44,14.14,24.03,,,,,,,
2024-10-28,,,,20.56,15.58,26.15,,,,31.14,26.24,35.95,,,,10.56,7.19,15.16,,,,10.1,6.29,14.29,,,,,,,,,,,,,,,,18.46,14.15,24.03,,,,,,,
2024-10-29,,,,20.57,15.63,26.12,,,,31.13,26.23,35.96,,,,10.55,7.21,15.18,,,,10.09,6.23,14.24,,,,,,,,,,,,,,,,18.49,14.16,24.04,,,,,,,
2024-10-30,,,,20.58,15.68,26.05,,,,31.12,26.23,35.94,,,,10.55,7.24,15.16,,,,10.09,6.25,14.18,,,,,,,,,,,,,,,,18.51,14.14,24.03,,,,,,,
2024-10-31,,,,20.59,15.75,26.11,,,,31.11,26.25,35.91,,,,10.54,7.28,15.14,,,,10.08,6.32,14.23,,,,,,,,,,,,,,,,18.54,14.13,24.28,,,,,,,
2024-11-01,,,,20.6,15.81,26.08,,,,31.1,26.26,35.88,,,,10.54,7.31,15.13,,,,10.07,6.39,14.19,,,,,,,,,,,,,,,,18.57,14.11,24.27,20.5,30.0,10.0,9.0,,,19.5
2024-11-02,,,,20.6,15.87,26.06,,,,31.1,26.34,35.87,,,,10.54,7.31,15.11,,,,10.06,6.47,14.15,,,,,,,,,,,,,,,,18.6,14.1,24.24,,,,,,,
2024-11-03,,,,20.6,15.89,26.02,,,,31.09,26.41,35.84,,,,10.54,7.34,15.11,,,,10.06,6.5,14.12,,,,,,,,,,,,,,,,18.63,14.16,24.29,,,,,,,
2024-11-04,,,,20.59,15.86,25.95,,,,31.08,26.44,35.81,,,,10.54,7.39,15.11,,,,10.05,6.51,14.07,,,,,,,,,,,,,,,,18.67,14.27,24.39,,,,,,,
2024-11-05,,,,20.59,15.82,25.88,,,,31.08,26.46,35.76,,,,10.55,7.43,15.11,,,,10.04,6.51,14.03,,,,,,,,,,,,,,,,18.71,14.3,24.45,,,,,,,
2024-11-06,,,,20.57,15.85,25.78,,,,31.07,26.47,35.72,,,,10.55,7.44,15.12,,,,10.03,6.52,13.98,,,,,,,,,,,,,,,,18.75,14.34,24.36,,,,,,,
2024-11-07,,,,20.55,15.87,25.67,,,,31.06,26.48,35.62,,,,10.57,7.44,15.12,,,,10.03,6.54,13.99,,,,,,,,,,,,,,,,18.8,14.39,24.27,,,,,,,
2024-11-08,,,,20.53,15.86,25.54,,,,31.05,26.49,35.54,,,,10.58,7.44,15.12,,,,10.02,6.55,14.0,,,,,,,,,,,,,,,,18.85,14.45,24.17,,,,,,,
2024-11-09,,,,20.5,15.88,25.51,,,,31.04,26.51,35.45,,,,10.6,7.45,15.12,,,,10.01,6.58,14.0,,,,,,,,,,,,,,,,18.91,14.61,24.16,,,,,,,
2024-11-10,,,,20.46,15.95,25.47,,,,31.03,26.55,35.36,,,,10.62,7.54,15.11,,,,10.01,6.6,13.94,,,,,,,,,,,,,,,,18.97,14.66,24.21,,,,,,,
2024-11-11,,,,20.42,15.96,25.37,,,,31.02,26.59,35.42,,,,10.64,7.63,15.11,,,,10.0,6.67,13.93,,,,,,,,,,,,,,,,19.03,14.74,24.24,,,,,,,
2024-11-12,,,,20.37,15.99,25.29,,,,31.01,26.64,35.38,,,,10.66,7.68,15.0,,,,10.0,6.75,13.9,,,,,,,,,,,,,,,,19.1,14.93,24.2,,,,,,,
2024-11-13,,,,20.31,15.97,24.91,,,,31.0,26.68,35.35,,,,10.69,7.7,15.05,,,,9.99,6.79,13.88,,,,,,,,,,,,,,,,19.17,15.08,24.23,,,,,,,
2024-11-14,,,,20.25,15.81,24.81,,,,30.99,26.73,35.34,,,,10.73,7.73,15.05,,,,9.99,6.76,13.77,,,,,,,,,,,,,,,,19.24,15.15,24.26,,,,,,,
2024-11-15,,,,20.18,15.63,24.69,,,,30.98,26.77,35.31,,,,10.76,7.75,15.02,,,,9.98,6.8,13.64,,,,,,,,,,,,,,,,19.32,15.22,24.29,,,,,,,
2024-11-16,,,,20.1,15.47,24.57,,,,30.96,26.75,35.29,,,,10.8,7.84,14.99,,,,9.98,6.9,13.54,,,,,,,,,,,,,,,,19.39,15.3,24.32,,,,,,,
2024-11-17,,,,20.02,15.31,24.44,,,,30.95,26.72,35.25,,,,10.84,7.93,14.95,,,,9.97,7.07,13.71,,,,,,,,,,,,,,,,19.46,15.5,24.35,,,,,,,
2024-11-18,,,,19.93,15.25,24.31,,,,30.93,26.81,35.15,,,,10.89,7.93,14.91,,,,9.97,7.11,13.63,,,,,,,,,,,,,,,,19.53,15.63,24.38,,,,,,,
2024-11-19,,,,19.84,15.35,24.18,,,,30.92,26.81,35.17,,,,10.93,8.15,14.85,,,,9.97,7.21,13.44,,,,,,,,,,,,,,,,19.6,15.8,24.41,,,,,,,
2024-11-20,,,,19.75,15.47,24.04,,,,30.9,26.76,35.05,,,,10.98,8.33,14.71,,,,9.97,7.31,13.25,,,,,,,,,,,,,,,,19.67,15.84,24.44,,,,,,,
2024-11-21,,,,19.65,15.55,23.98,,,,30.89,26.72,34.85,,,,11.04,8.46,14.71,,,,9.97,7.38,13.05,,,,,,,,,,,,,,,,19.74,15.98,24.45,,,,,,,
2024-11-22,,,,19.55,15.46,23.78,,,,30.87,26.68,34.7,,,,11.09,8.52,14.76,,,,9.96,7.33,12.97,,,,,,,,,,,,,,,,19.8,16.14,24.36,,,,,,,
2024-11-23,,,,19.44,15.23,23.56,,,,30.86,26.64,34.54,,,,11.15,8.57,14.75,,,,9.96,7.26,12.99,,,,,,,,,,,,,,,,19.86,16.31,24.22,,,,,,,
2024-11-24,,,,19.34,15.18,23.3,,,,30.85,26.61,34.51,,,,11.21,8.62,14.74,,,,9.96,7.2,12.81,,,,,,,,,,,,,,,,19.91,16.48,24.16,,,,,,,
2024-11-25,,,,19.23,15.24,23.05,,,,30.84,26.55,34.57,,,,11.27,8.71,14.81,,,,9.96,7.19,12.76,,,,,,,,,,,,,,,,19.96,16.65,24.15,,,,,,,
2024-11-26,,,,19.12,15.29,22.8,,,,30.83,26.55,34.57,,,,11.33,8.77,14.86,,,,9.97,7.23,12.74,,,,,,,,,,,,,,,,20.01,16.74,24.12,,,,,,,
2024-11-27,,,,19.01,15.15,22.63,,,,30.82,26.58,34.6,,,,11.4,8.84,14.91,,,,9.97,7.28,12.74,,,,,,,,,,,,,,,,20.05,16.8,23.89,,,,,,,
2024-11-28,,,,18.9,15.02,22.35,,,,30.81,26.57,34.53,,,,11.46,8.94,14.96,,,,9.97,7.36,12.79,,,,,,,,,,,,,,,,20.09,16.85,23.74,,,,,,,
2024-11-29,,,,18.79,14.9,22.31,,,,30.8,26.57,34.46,,,,11.53,8.99,15.0,,,,9.97,7.46,12.82,,,,,,,,,,,,,,,,20.12,16.91,23.68,,,,,,,
2024-11-30,,,,18.69,14.98,22.2,,,,30.8,26.59,34.37,,,,11.59,9.06,15.02,,,,9.97,7.39,12.76,,,,,,,,,,,,,,,,20.15,16.96,23.74,,,,,,,
2024-12-01,,,,18.58,15.01,22.04,,,,30.79,26.65,34.36,,,,11.66,9.13,15.03,,,,9.98,7.41,12.83,,,,,,,,,,,,,,,,20.18,17.02,23.85,,,,,,,
2024-12-02,,,,18.48,14.93,21.87,,,,30.79,26.69,34.41,,,,11.72,9.31,15.03,,,,9.98,7.44,12.94,,,,,,,,,,,,,,,,20.2,17.09,23.77,,,,,,,
2024-12-03,,,,18.37,14.88,21.74,,,,30.78,26.71,34.43,,,,11.79,9.4,15.12,,,,9.99,7.46,12.83,,,,,,,,,,,,,,,,20.22,17.2,23.8,,,,,,,
2024-12-04,,,,18.27,14.85,21.59,,,,30.78,26.73,34.42,,,,11.85,9.39,15.1,,,,9.99,7.42,12.79,,,,,,,,,,,,,,,,20.23,17.23,23.86,,,,,,,
2024-12-05,,,,18.18,14.82,21.48,,,,30.78,26.78,34.45,,,,11.92,9.44,15.21,,,,10.0,7.31,12.79,,,,,,,,,,,,,,,,20.24,17.21,23.9,,,,,,,
2024-12-06,,,,18.08,14.8,21.31,,,,30.78,26.83,34.48,,,,11.98,9.52,15.34,,,,10.0,7.28,12.8,,,,,,,,,,,,,,,,20.25,17.23,23.94,,,,,,,
2024-12-07,,,,17.99,14.67,21.15,,,,30.78,26.89,34.52,,,,12.04,9.6,15.36,,,,10.01,7.37,12.8,,,,,,,,,,,,,,,,20.26,17.11,23.97,,,,,,,
2024-12-08,,,,17.9,14.51,21.14,,,,30.79,26.95,34.45,,,,12.1,9.66,15.32,,,,10.02,7.46,12.8,,,,,,,,,,,,,,,,20.27,17.02,23.91,,,,,,,
2024-12-09,,,,17.81,14.36,21.11,,,,30.79,26.96,34.4,,,,12.16,9.74,15.27,,,,10.03,7.55,12.8,,,,,,,,,,,,,,,,20.27,16.96,23.82,,,,,,,
2024-12-10,,,,17.73,14.38,21.06,,,,30.79,26.99,34.39,,,,12.22,9.82,15.29,,,,10.04,7.59,12.8,,,,,,,,,,,,,,,,20.27,16.91,23.85,,,,,,,
2024-12-11,,,,17.65,14.22,20.93,,,,30.8,27.05,34.41,,,,12.28,9.88,15.35,,,,10.04,7.64,12.87,,,,,,,,,,,,,,,,20.28,16.84,23.9,,,,,,,
2024-12-12,,,,17.57,14.2,20.77,,,,30.8,27.05,34.42,,,,12.33,9.88,15.4,,,,10.05,7.69,12.84,,,,,,,,,,,,,,,,20.28,16.79,23.94,,,,,,,
2024-12-13,,,,17.5,14.23,20.62,,,,30.81,27.05,34.37,,,,12.39,9.99,15.43,,,,10.06,7.71,12.91,,,,,,,,,,,,,,,,20.28,16.75,23.87,,,,,,,
2024-12-14,,,,17.43,14.27,20.46,,,,30.81,27.05,34.37,,,,12.44,9.99,15.48,,,,10.08,7.74,12.96,,,,,,,,,,,,,,,,20.28,16.73,23.77,,,,,,,
2024-12-15,,,,17.36,14.29,20.3,,,,30.82,27.05,34.32,,,,12.49,9.97,15.49,,,,10.09,7.74,12.97,,,,,,,,,,,,,,,,20.28,16.73,23.77,,,,,,,
2024-12-16,,,,17.3,14.19,20.18,,,,30.82,27.11,34.34,,,,12.53,10.05,15.47,,,,10.1,7.74,12.96,,,,,,,,,,,,,,,,20.27,16.69,23.82,,,,,,,
2024-12-17,,,,17.24,14.09,20.19,,,,30.83,27.18,34.38,,,,12.58,10.09,15.46,,,,10.11,7.73,12.88,,,,,,,,,,,,,,,,20.27,16.67,23.83,,,,,,,
2024-12-18,,,,17.18,14.0,20.09,,,,30.84,27.19,34.41,,,,12.62,10.1,15.49,,,,10.12,7.76,12.9,,,,,,,,,,,,,,,,20.27,16.72,23.74,,,,,,,
2024-12-19,,,,17.12,13.94,19.95,,,,30.84,27.23,34.44,,,,12.67,10.12,15.53,,,,10.14,7.78,12.93,,,,,,,,,,,,,,,,20.27,16.77,23.63,,,,,,,
2024-12-20,,,,17.07,13.94,19.87,,,,30.85,27.28,34.46,,,,12.71,10.17,15.53,,,,10.15,7.76,12.97,,,,,,,,,,,,,,,,20.26,16.79,23.61,,,,,,,
2024-12-21,,,,17.02,13.94,19.78,,,,30.86,27.34,34.47,,,,12.75,10.26,15.56,,,,10.17,7.74,13.0,,,,,,,,,,,,,,,,20.26,16.76,23.64,,,,,,,
2024-12-22,,,,16.98,13.95,19.8,,,,30.87,27.33,34.49,,,,12.79,10.28,15.56,,,,10.18,7.73,13.03,,,,,,,,,,,,,,,,20.26,16.75,23.67,,,,,,,
2024-12-23,,,,16.93,13.94,19.73,,,,30.88,27.32,34.5,,,,12.82,10.31,15.54,,,,10.2,7.73,12.99,,,,,,,,,,,,,,,,20.25,16.77,23.7,,,,,,,
2024-12-24,,,,16.89,13.91,19.59,,,,30.88,27.32,34.49,,,,12.86,10.35,15.65,,,,10.21,7.73,13.07,,,,,,,,,,,,,,,,20.25,16.77,23.73,,,,,,,
2024-12-25,,,,16.86,13.75,19.51,,,,30.89,27.32,34.5,,,,12.89,10.38,15.76,,,,10.23,7.78,13.16,,,,,,,,,,,,,,,,20.24,16.76,23.77,,,,,,,
2024-12-26,,,,16.82,13.61,19.41,,,,30.9,27.36,34.43,,,,12.92,10.41,15.71,,,,10.24,7.76,13.2,,,,,,,,,,,,,,,,20.23,16.78,23.79,,,,,,,
2024-12-27,,,,16.79,13.49,19.33,,,,30.91,27.39,34.39,,,,12.95,10.44,15.7,,,,10.26,7.83,13.23,,,,,,,,,,,,,,,,20.22,16.78,23.8,,,,,,,
2024-12-28,,,,16.76,13.48,19.33,,,,30.92,27.44,34.36,,,,12.98,10.46,15.73,,,,10.28,7.85,13.22,,,,,,,,,,,,,,,,20.21,16.8,23.74,,,,,,,
2024-12-29,,,,16.73,13.48,19.33,,,,30.93,27.44,34.42,,,,13.01,10.49,15.75,,,,10.29,7.8,13.21,,,,,,,,,,,,,,,,20.2,16.81,23.75,,,,,,,
2024-12-30,,,,16.71,13.48,19.32,,,,30.94,27.45,34.44,,,,13.04,10.51,15.77,,,,10.31,7.76,13.19,,,,,,,,,,,,,,,,20.18,16.8,23.71,,,,,,,
2024-12-31,,,,16.68,13.49,19.32,,,,30.95,27.46,34.43,,,,13.06,10.54,15.79,,,,10.33,7.76,13.2,,,,,,,,,,,,,,,,20.17,16.79,23.65,,,,,,,
2025-01-01,,,,16.66,13.5,19.32,,,,30.96,27.46,34.42,,,,13.08,10.57,15.79,,,,10.34,7.77,13.22,,,,,,,,,,,,,,,,20.15,16.81,23.58,,,,,,,
2025-01-02,,,,16.65,13.52,19.32,,,,30.97,27.49,34.47,,,,13.1,10.6,15.78,,,,10.36,7.78,13.24,,,,,,,,,,,,,,,,20.13,16.78,23.51,,,,,,,
2025-01-03,,,,16.63,13.53,19.32,,,,30.98,27.52,34.48,,,,13.13,10.59,15.76,,,,10.38,7.8,13.25,,,,,,,,,,,,,,,,20.11,16.76,23.44,,,,,,,
2025-01-04,,,,16.61,13.55,19.33,,,,30.99,27.53,34.47,,,,13.15,10.6,15.74,,,,10.4,7.81,13.26,,,,,,,,,,,,,,,,20.09,16.73,23.39,,,,,,,
2025-01-05,,,,16.6,13.57,19.33,,,,30.99,27.55,34.48,,,,13.17,10.66,15.74,,,,10.41,7.82,13.27,,,,,,,,,,,,,,,,20.07,16.71,23.33,,,,,,,
2025-01-06,,,,16.59,13.59,19.32,,,,31.0,27.59,34.49,,,,13.19,10.7,15.77,,,,10.43,7.84,13.29,,,,,,,,,,,,,,,,20.04,16.68,23.31,,,,,,,
2025-01-07,,,,16.58,13.61,19.32,,,,31.01,27.6,34.49,,,,13.21,10.72,15.78,,,,10.45,7.86,13.3,,,,,,,,,,,,,,,,20.02,16.71,23.29,,,,,,,
2025-01-08,,,,16.57,13.63,19.32,,,,31.01,27.61,34.45,,,,13.22,10.74,15.8,,,,10.47,7.9,13.32,,,,,,,,,,,,,,,,19.99,16.73,23.25,,,,,,,
2025-01-09,,,,16.56,13.65,19.32,,,,31.02,27.63,34.46,,,,13.24,10.78,15.82,,,,10.49,7.91,13.34,,,,,,,,,,,,,,,,19.97,16.74,23.21,,,,,,,
2025-01-10,,,,16.55,13.68,19.3,,,,31.02,27.64,34.47,,,,13.26,10.79,15.84,,,,10.51,7.93,13.36,,,,,,,,,,,,,,,,19.94,16.73,23.17,,,,,,,
2025-01-11,,,,16.54,13.69,19.29,,,,31.02,27.67,34.5,,,,13.28,10.85,15.84,,,,10.53,7.96,13.38,,,,,,,,,,,,,,,,19.92,16.71,23.12,,,,,,,
2025-01-12,,,,16.53,13.62,19.28,,,,31.02,27.73,34.52,,,,13.3,10.85,15.83,,,,10.55,7.99,13.41,,,,,,,,,,,,,,,,19.89,16.71,23.08,,,,,,,
2025-01-13,,,,16.52,13.65,19.22,,,,31.02,27.78,34.54,,,,13.32,10.84,15.83,,,,10.57,8.01,13.43,,,,,,,,,,,,,,,,19.87,16.71,23.03,16.0,33.0,16.0,9.0,,,20.0
2025-01-14,,,,16.52,13.66,19.17,,,,31.02,27.82,34.54,,,,13.33,10.87,15.83,,,,10.59,8.04,13.44,,,,,,,,,,,,,,,,19.85,16.71,22.98,,,,,,,
2025-01-15,,,,16.51,13.68,19.11,,,,31.01,27.87,34.5,,,,13.35,10.89,15.82,,,,10.61,8.06,13.45,,,,,,,,,,,,,,,,19.82,16.71,22.95,,,,,,,
2025-01-16,,,,16.51,13.71,19.1,,,,31.01,27.88,34.46,,,,13.37,10.91,15.82,,,,10.64,8.09,13.46,,,,,,,,,,,,,,,,19.8,16.67,22.95,,,,,,,
2025-01-17,,,,16.51,13.73,19.1,,,,31.0,27.88,34.41,,,,13.39,10.96,15.82,,,,10.66,8.11,13.46,,,,,,,,,,,,,,,,19.78,16.67,22.95,,,,,,,
2025-01-18,,,,16.5,13.76,19.1,,,,31.0,27.88,34.44,,,,13.4,11.01,15.81,,,,10.68,8.13,13.46,,,,,,,,,,,,,,,,19.75,16.68,22.94,,,,,,,
2025-01-19,,,,16.5,13.78,19.1,,,,30.99,27.89,34.41,,,,13.42,11.05,15.79,,,,10.7,8.15,13.46,,,,,,,,,,,,,,,,19.73,16.67,22.93,,,,,,,
2025-01-20,,,,16.5,13.8,19.09,,,,30.98,27.92,34.38,,,,13.43,11.09,15.81,,,,10.73,8.16,13.46,,,,,,,,,,,,,,,,19.71,16.62,22.85,16.0,33.0,12.0,11.0,,,22.0
2025-01-21,,,,16.5,13.83,19.09,,,,30.97,27.96,34.34,,,,13.45,11.13,15.84,,,,10.75,8.18,13.46,,,,,,,,,,,,,,,,19.69,16.56,22.77,,,,,,,
2025-01-22,,,,16.5,13.85,19.09,,,,30.96,28.0,34.28,,,,13.47,11.19,15.83,,,,10.77,8.2,13.46,,,,,,,,,,,,,,,,19.67,16.52,22.69,,,,,,,
2025-01-23,,,,16.5,13.88,19.09,,,,30.94,28.03,34.21,,,,13.48,11.23,15.82,,,,10.8,8.24,13.46,,,,,,,,,,,,,,,,19.65,16.48,22.6,,,,,,,
2025-01-24,,,,16.5,13.91,19.08,,,,30.93,28.07,34.16,,,,13.5,11.28,15.83,,,,10.82,8.33,13.47,,,,,,,,,,,,,,,,19.63,16.44,22.52,,,,,,,
2025-01-25,,,,16.5,13.93,19.08,,,,30.92,28.1,34.13,,,,13.51,11.32,15.84,,,,10.84,8.42,13.47,,,,,,,,,,,,,,,,19.62,16.4,22.47,,,,,,,
2025-01-26,,,,16.5,13.95,19.07,,,,30.9,28.14,34.1,,,,13.53,11.37,15.85,,,,10.87,8.47,13.47,,,,,,,,,,,,,,,,19.6,16.37,22.51,,,,,,,
2025-01-27,,,,16.51,14.0,19.06,,,,30.89,28.17,34.08,,,,13.54,11.41,15.85,,,,10.89,8.5,13.47,,,,,,,,,,,,,,,,19.58,16.34,22.53,14.0,33.0,14.0,11.0,,,22.0
2025-01-28,,,,16.51,14.05,19.06,,,,30.87,28.19,34.05,,,,13.56,11.46,15.86,,,,10.92,8.52,13.49,,,,,,,,,,,,,,,,19.57,16.31,22.52,,,,,,,
2025-01-29,,,,16.51,14.1,19.05,,,,30.85,28.23,34.03,,,,13.57,11.48,15.86,,,,10.94,8.55,13.5,,,,4.26,-0.45,8.45,,,,,,,,,,19.55,16.31,22.54,16.0,27.5,12.0,11.0,5.0,,24.0
2025-01-30,,,,16.51,14.12,19.04,,,,30.84,28.24,34.01,,,,13.58,11.48,15.86,,,,10.96,8.59,13.51,,,,4.24,-0.42,8.38,,,,,,,,,,19.54,16.32,22.56,,,,,,,
2025-01-31,,,,16.51,14.13,19.03,,,,30.82,28.24,33.98,,,,13.6,11.49,15.86,,,,10.99,8.58,13.53,,,,4.23,-0.38,8.31,,,,,,,,,,19.53,16.34,22.58,,,,,,,
2025-02-01,,,,16.51,14.16,19.02,,,,30.8,28.24,33.96,,,,13.61,11.5,15.89,,,,11.01,8.61,13.55,,,,4.22,-0.57,8.44,,,,,,,,,,19.52,16.35,22.58,,,,,,,
2025-02-02,,,,16.51,14.19,19.01,,,,30.78,28.24,33.93,,,,13.63,11.52,15.9,,,,11.03,8.62,13.57,,,,4.2,-0.52,8.36,,,,,,,,,,19.51,16.36,22.55,,,,,,,
2025-02-03,,,,16.51,14.18,18.99,,,,30.76,28.23,33.91,,,,13.65,11.53,15.93,,,,11.06,8.64,13.59,,,,4.19,-0.51,8.34,,,,,,,,,,19.5,16.37,22.52,15.0,29.0,13.0,9.0,,,25.0
2025-02-04,,,,16.51,14.19,18.98,,,,30.74,28.23,33.89,,,,13.66,11.54,15.95,,,,11.08,8.66,13.63,,,,4.18,-0.52,8.32,,,,,,,,,,19.49,16.39,22.49,,,,,,,
2025-02-05,,,,16.5,14.21,18.96,,,,30.72,28.22,33.85,,,,13.68,11.55,15.98,,,,11.1,8.69,13.63,,,,4.17,-0.55,8.3,,,,,,,,,,19.48,16.4,22.46,,,,,,,
2025-02-06,,,,16.5,14.22,18.94,,,,30.7,28.21,33.81,,,,13.69,11.56,15.99,,,,11.13,8.73,13.65,,,,4.15,-0.58,8.29,,,,,,,,,,19.47,16.42,22.43,,,,,,,
2025-02-07,,,,16.5,14.23,18.92,,,,30.68,28.2,33.81,,,,13.71,11.57,16.03,,,,11.15,8.77,13.64,,,,4.14,-0.61,8.27,,,,,,,,,,19.47,16.44,22.4,20.0,30.0,11.0,9.0,4.0,,4.0
2025-02-08,,,,16.5,14.25,18.9,,,,30.66,28.19,33.81,,,,13.73,11.58,16.05,,,,11.17,8.8,13.65,,,,4.13,-0.64,8.25,,,,,,,,,,19.46,16.48,22.37,,,,,,,
2025-02-09,,,,16.49,14.28,18.88,,,,30.64,28.16,33.78,,,,13.74,11.6,16.08,,,,11.2,8.84,13.65,,,,4.12,-0.64,8.23,,,,,,,,,,19.46,16.48,22.34,,,,,,,
2025-02-10,,,,16.49,14.3,18.86,,,,30.62,28.16,33.76,,,,13.76,11.61,16.09,,,,11.22,8.87,13.66,,,,4.1,-0.65,8.21,,,,,,,,,,19.46,16.48,22.32,19.0,33.0,15.0,11.0,,,18.0
2025-02-11,,,,16.48,14.31,18.83,,,,30.6,28.16,33.73,,,,13.78,11.61,16.1,,,,11.24,8.9,13.66,,,,4.09,-0.64,8.2,,,,,,,,,,19.45,16.5,22.29,,,,,,,
2025-02-12,,,,16.48,14.31,18.81,,,,30.58,28.14,33.71,,,,13.79,11.61,16.12,,,,11.26,8.93,13.67,,,,4.08,-0.62,8.18,,,,,,,,,,19.45,16.52,22.28,,,,,,,
2025-02-13,,,,16.47,14.34,18.78,,,,30.56,28.13,33.67,,,,13.81,11.65,16.14,,,,11.28,8.97,13.72,,,,4.06,-0.56,8.17,,,,,,,,,,19.45,16.55,22.28,,,,,,,
2025-02-14,,,,16.46,14.32,18.75,,,,30.54,28.11,33.62,,,,13.83,11.66,16.13,,,,11.3,9.0,13.71,,,,4.05,-0.51,8.16,,,,,,,,,,19.46,16.59,22.28,,,,,,,
2025-02-15,,,,16.46,14.33,18.72,,,,30.52,28.1,33.56,,,,13.84,11.67,16.14,,,,11.32,9.03,13.71,,,,4.04,-0.49,8.14,,,,,,,,,,19.46,16.62,22.28,,,,,,,
2025-02-16,,,,16.45,14.34,18.69,,,,30.5,28.09,33.51,,,,13.86,11.68,16.15,,,,11.34,9.05,13.72,,,,4.02,-0.52,8.13,,,,,,,,,,19.46,16.66,22.28,,,,,,,
2025-02-17,,,,16.44,14.35,18.66,,,,30.47,28.09,33.45,,,,13.88,11.7,16.16,,,,11.36,9.07,13.73,,,,4.01,-0.55,8.12,,,,,,,,,,19.47,16.68,22.28,16.0,34.0,15.0,10.0,,,20.0
2025-02-18,,,,16.43,14.36,18.65,,,,30.45,28.08,33.39,,,,13.89,11.74,16.17,,,,11.38,9.08,13.74,,,,3.99,-0.57,8.07,,,,,,,,,,19.47,16.7,22.28,,,,,,,
2025-02-19,,,,16.42,14.37,18.63,,,,30.43,28.09,33.34,,,,13.91,11.78,16.18,,,,11.4,9.1,13.76,,,,3.98,-0.6,8.04,,,,,,,,,,19.48,16.73,22.28,,,,,,,
2025-02-20,,,,16.41,14.38,18.62,,,,30.41,28.09,33.27,,,,13.93,11.82,16.19,,,,11.42,9.1,13.77,,,,3.96,-0.56,7.99,,,,,,,,,,19.48,16.77,22.28,,,,,,,
2025-02-21,,,,16.4,14.39,18.61,,,,30.39,28.08,33.21,,,,13.94,11.85,16.2,,,,11.43,9.12,13.79,,,,3.94,-0.53,7.95,,,,,,,,,,19.49,16.8,22.28,,,,,,,
2025-02-22,,,,16.39,14.38,18.6,,,,30.37,28.07,33.15,,,,13.96,11.88,16.21,,,,11.45,9.15,13.8,,,,3.93,-0.47,7.92,,,,,,,,,,19.5,16.85,22.28,,,,,,,
2025-02-23,,,,16.38,14.37,18.59,,,,30.35,28.06,33.08,,,,13.98,11.92,16.22,,,,11.47,9.17,13.82,,,,3.91,-0.41,7.86,,,,,,,,,,19.51,16.86,22.28,,,,,,,
2025-02-24,,,,16.37,14.36,18.55,,,,30.33,28.05,33.02,,,,13.99,11.96,16.21,,,,11.49,9.18,13.84,,,,3.89,-0.33,7.77,,,,,,,,,,19.52,16.87,22.28,18.0,29.0,13.0,12.0,,,22.0
2025-02-25,,,,16.36,14.35,18.53,,,,30.3,28.03,32.96,,,,14.01,11.97,16.24,,,,11.5,9.2,13.85,,,,3.88,-0.26,7.67,,,,,,,,,,19.53,16.87,22.28,,,,,,,
2025-02-26,,,,16.35,14.34,18.54,,,,30.28,28.02,32.92,,,,14.03,11.98,16.26,,,,11.52,9.26,13.87,,,,3.86,-0.23,7.59,,,,,,,,,,19.55,16.88,22.28,,,,,,,
2025-02-27,,,,16.34,14.32,18.54,,,,30.26,28.0,32.89,,,,14.04,11.99,16.27,,,,11.54,9.34,13.89,,,,3.84,-0.22,7.58,,,,,,,,,,19.56,16.89,22.29,,,,,,,
2025-02-28,,,,16.33,14.32,18.53,,,,30.24,27.99,32.86,,,,14.06,12.0,16.27,,,,11.55,9.41,13.91,,,,3.82,-0.21,7.59,,,,,,,,,,19.57,16.9,22.29,,,,,,,
2025-03-01,,,,16.31,14.32,18.51,,,,30.22,27.97,32.83,,,,14.08,12.01,16.28,,,,11.57,9.44,13.93,,,,3.8,-0.21,7.6,,,,,,,,,,19.59,16.93,22.31,,,,,,,
2025-03-02,,,,16.3,14.29,18.48,,,,30.2,27.95,32.81,,,,14.09,12.03,16.28,,,,11.59,9.46,13.94,,,,3.79,-0.2,7.61,,,,,,,,,,19.6,16.93,22.31,,,,,,,
2025-03-03,,,,16.29,14.28,18.46,,,,30.17,27.94,32.78,,,,14.11,12.04,16.28,,,,11.6,9.48,13.96,,,,3.77,-0.19,7.62,,,,,,,,,,19.62,16.93,22.32,14.0,34.0,13.0,12.0,,,22.0
2025-03-04,,,,16.27,14.26,18.45,,,,30.15,27.93,32.73,,,,14.13,12.05,16.29,,,,11.62,9.53,13.99,,,,3.75,-0.17,7.62,,,,,,,,,,19.63,16.94,22.33,,,,,,,
2025-03-05,,,,16.26,14.25,18.44,,,,30.13,27.92,32.68,,,,14.14,12.06,16.29,,,,11.64,9.54,14.01,,,,3.73,-0.17,7.63,,,,,,,,,,19.65,16.95,22.34,,,,,,,
2025-03-06,,,,16.25,14.24,18.44,,,,30.11,27.91,32.63,,,,14.16,12.07,16.29,,,,11.65,9.56,14.01,,,,3.71,-0.17,7.61,,,,,,,,,,19.67,16.96,22.37,,,,,,,
2025-03-07,,,,16.23,14.23,18.44,,,,30.08,27.91,32.59,,,,14.18,12.11,16.28,,,,11.67,9.58,14.01,,,,3.69,-0.21,7.58,,,,,,,,,,19.69,16.98,22.4,,,,,,,
2025-03-08,,,,16.22,14.22,18.43,,,,30.06,27.9,32.57,,,,14.19,12.15,16.29,,,,11.69,9.61,14.01,,,,3.66,-0.29,7.54,,,,,,,,,,19.7,16.99,22.44,,,,,,,
2025-03-09,,,,16.2,14.21,18.42,,,,30.04,27.9,32.54,,,,14.21,12.18,16.29,,,,11.7,9.63,14.03,,,,3.64,-0.39,7.5,,,,,,,,,,19.72,17.02,22.47,,,,,,,
2025-03-10,,,,16.19,14.2,18.39,,,,30.01,27.9,32.48,,,,14.23,12.22,16.28,,,,11.72,9.65,14.04,,,,3.62,-0.43,7.46,,,,,,,,,,19.74,17.04,22.5,17.0,30.0,16.0,12.0,,,18.0
2025-03-11,,,,16.18,14.19,18.36,,,,29.99,27.89,32.42,,,,14.24,12.24,16.28,,,,11.74,9.68,14.03,,,,3.6,-0.38,7.43,,,,,,,,,,19.76,17.07,22.53,,,,,,,
2025-03-12,,,,16.16,14.18,18.35,,,,29.97,27.89,32.36,,,,14.26,12.23,16.27,,,,11.76,9.7,14.03,,,,3.57,-0.33,7.42,,,,,,,,,,19.79,17.1,22.52,,,,,,,
2025-03-13,,,,16.15,14.18,18.32,,,,29.94,27.88,32.3,,,,14.28,12.21,16.26,,,,11.77,9.72,14.05,,,,3.55,-0.33,7.42,,,,,,,,,,19.81,17.13,22.55,,,,,,,
2025-03-14,,,,16.13,14.17,18.27,,,,29.92,27.87,32.25,,,,14.3,12.23,16.25,,,,11.79,9.74,14.07,,,,3.53,-0.34,7.43,,,,,,,,,,19.83,17.17,22.59,,,,,,,
2025-03-15,,,,16.11,14.16,18.22,,,,29.89,27.8,32.19,,,,14.32,12.24,16.24,,,,11.81,9.76,14.09,,,,3.5,-0.35,7.44,,,,,,,,,,19.85,17.21,22.63,,,,,,,
2025-03-16,,,,16.1,14.15,18.24,,,,29.87,27.77,32.14,,,,14.34,12.24,16.26,,,,11.83,9.78,14.1,,,,3.48,-0.42,7.46,,,,,,,,,,19.87,17.26,22.69,,,,,,,
2025-03-17,,,,16.08,14.13,18.21,,,,29.84,27.74,32.09,,,,14.35,12.23,16.3,,,,11.85,9.81,14.1,,,,3.45,-0.49,7.48,,,,,,,,,,19.9,17.3,22.75,16.0,33.0,12.0,11.0,,,21.0
2025-03-18,,,,16.07,14.12,18.18,,,,29.82,27.71,32.05,,,,14.37,12.23,16.35,,,,11.86,9.84,14.11,,,,3.42,-0.56,7.5,,,,,,,,,,19.92,17.33,22.8,,,,,,,
2025-03-19,,,,16.05,14.12,18.16,,,,29.79,27.68,32.0,,,,14.39,12.24,16.38,,,,11.88,9.87,14.13,,,,3.39,-0.66,7.53,,,,,,,,,,19.94,17.34,22.82,,,,,,,
2025-03-20,,,,16.03,14.11,18.18,,,,29.77,27.67,31.95,,,,14.41,12.26,16.42,,,,11.9,9.9,14.15,,,,3.37,-0.71,7.55,,,,,,,,,,19.97,17.34,22.81,,,,,,,
2025-03-21,,,,16.01,14.1,18.13,,,,29.74,27.66,31.86,,,,14.43,12.27,16.47,,,,11.92,9.93,14.16,,,,3.34,-0.77,7.58,,,,1.0,-3.59,5.36,,,,19.99,17.35,22.8,17.0,32.0,12.0,10.0,2.0,1.0,4.0
2025-03-22,,,,16.0,14.08,18.14,,,,29.71,27.65,31.79,,,,14.45,12.28,16.47,,,,11.94,9.96,14.18,,,,3.31,-0.81,7.58,,,,1.0,-3.56,5.37,,,,20.02,17.36,22.84,,,,,,,
2025-03-23,,,,15.98,14.08,18.15,,,,29.69,27.65,31.76,,,,14.47,12.3,16.49,,,,11.96,9.98,14.19,,,,3.27,-0.79,7.58,,,,1.0,-3.55,5.39,,,,20.04,17.37,22.86,,,,,,,
2025-03-24,,,,15.96,14.09,18.16,,,,29.66,27.65,31.73,,,,14.5,12.31,16.55,,,,11.97,9.96,14.2,,,,3.24,-0.78,7.58,,,,1.0,-3.54,5.41,,,,20.07,17.39,22.88,20.0,28.0,16.0,13.0,,,19.0
2025-03-25,,,,15.94,14.09,18.17,,,,29.64,27.6,31.71,,,,14.52,12.38,16.6,,,,11.99,9.95,14.21,,,,3.21,-0.76,7.58,,,,1.0,-3.53,5.41,,,,20.09,17.41,22.88,,,,,,,
2025-03-26,,,,15.92,14.07,18.16,,,,29.61,27.6,31.66,,,,14.54,12.47,16.62,,,,12.01,9.93,14.2,,,,3.17,-0.74,7.58,,,,1.0,-3.52,5.39,,,,20.12,17.45,22.84,,,,,,,
2025-03-27,,,,15.9,14.03,18.15,,,,29.58,27.61,31.64,,,,14.56,12.54,16.63,,,,12.03,9.96,14.17,,,,3.14,-0.77,7.55,,,,1.0,-3.51,5.39,,,,20.15,17.48,22.86,,,,,,,
2025-03-28,,,,15.87,14.03,18.13,,,,29.56,27.62,31.59,,,,14.58,12.58,16.65,,,,12.05,10.01,14.15,,,,3.1,-0.83,7.52,,,,1.0,-3.5,5.42,,,,20.18,17.52,22.88,,,,,,,
2025-03-29,,,,15.85,14.01,18.11,,,,29.53,27.63,31.55,,,,14.6,12.61,16.66,,,,12.07,10.07,14.13,,,,3.07,-0.91,7.47,,,,1.0,-3.49,5.45,,,,20.21,17.56,22.91,,,,,,,
2025-03-30,,,,15.83,13.97,18.09,,,,29.5,27.59,31.53,,,,14.62,12.63,16.69,,,,12.09,10.14,14.12,,,,3.03,-0.89,7.43,,,,1.0,-3.5,5.48,,,,20.24,17.6,22.96,,,,,,,
2025-03-31,,,,15.81,13.95,18.06,,,,29.48,27.57,31.47,,,,14.65,12.65,16.73,,,,12.1,10.2,14.1,,,,2.99,-0.86,7.42,,,,1.0,-3.5,5.49,,,,20.27,17.64,23.01,15.0,30.0,16.0,14.0,,,19.0
2025-04-01,,,,15.78,13.93,18.04,,,,29.45,27.55,31.46,,,,14.67,12.71,16.79,,,,12.12,10.23,14.08,,,,2.95,-0.89,7.37,,,,1.0,-3.5,5.51,,,,20.3,17.68,23.03,,,,,,,
2025-04-02,,,,15.76,13.91,17.95,,,,29.42,27.49,31.43,,,,14.69,12.77,16.85,,,,12.14,10.22,14.08,,,,2.91,-0.97,7.32,,,,1.0,-3.5,5.52,,,,20.33,17.72,23.05,16.0,27.0,14.5,13.5,,,23.0
2025-04-03,,,,15.74,13.89,17.85,,,,29.4,27.47,31.4,,,,14.71,12.81,16.83,,,,12.16,10.24,14.11,,,,2.87,-1.01,7.28,,,,1.0,-3.5,5.53,,,,20.36,17.8,23.08,,,,,,,
2025-04-04,,,,15.71,13.87,17.83,,,,29.37,27.47,31.39,,,,14.73,12.8,16.81,,,,12.18,10.29,14.16,,,,2.82,-1.01,7.24,,,,1.0,-3.5,5.54,,,,20.39,17.87,23.11,,,,,,,
2025-04-05,,,,15.69,13.85,17.85,,,,29.35,27.47,31.39,,,,14.75,12.79,16.79,,,,12.2,10.33,14.18,,,,2.78,-1.05,7.23,,,,1.0,-3.5,5.54,,,,20.42,17.91,23.15,,,,,,,
2025-04-06,,,,15.66,13.82,17.8,,,,29.32,27.47,31.39,,,,14.78,12.82,16.77,,,,12.21,10.36,14.19,,,,2.74,-1.09,7.25,,,,1.0,-3.51,5.56,,,,20.45,17.94,23.18,,,,,,,
2025-04-07,,,,15.64,13.8,17.74,,,,29.3,27.47,31.37,,,,14.8,12.85,16.77,,,,12.23,10.39,14.18,,,,2.69,-1.14,7.25,,,,1.0,-3.51,5.57,,,,20.49,17.98,23.22,18.0,28.0,16.0,13.0,,,20.0
2025-04-08,,,,15.61,13.78,17.71,,,,29.27,27.44,31.33,,,,14.82,12.87,16.79,,,,12.25,10.4,14.17,,,,2.65,-1.17,7.24,,,,1.0,-3.51,5.57,,,,20.52,18.03,23.25,,,,,,,
2025-04-09,,,,15.58,13.75,17.69,,,,29.25,27.4,31.3,,,,14.84,12.91,16.82,,,,12.26,10.43,14.17,,,,2.61,-1.21,7.22,,,,1.0,-3.51,5.58,,,,20.55,18.07,23.29,,,,,,,
2025-04-10,,,,15.56,13.74,17.64,,,,29.22,27.36,31.28,,,,14.86,12.95,16.84,,,,12.28,10.43,14.19,,,,2.56,-1.25,7.21,,,,1.0,-3.53,5.59,,,,20.59,18.11,23.31,,,,,,,
2025-04-11,,,,15.53,13.73,17.58,,,,29.2,27.33,31.29,,,,14.88,12.97,16.86,,,,12.3,10.41,14.23,,,,2.52,-1.29,7.2,,,,1.0,-3.54,5.6,,,,20.62,18.16,23.31,,,,,,,
2025-04-12,,,,15.5,13.72,17.52,,,,29.17,27.3,31.24,,,,14.9,12.99,16.88,,,,12.31,10.44,14.22,,,,2.47,-1.59,7.93,,,,1.0,-7.52,5.93,,,,20.65,18.18,23.31,,,,,,,
2025-04-13,,,,15.48,13.71,17.49,,,,29.15,27.27,31.23,,,,14.91,13.04,16.9,,,,12.33,10.49,14.24,,,,2.43,-1.72,7.94,,,,1.0,-7.37,5.96,,,,20.69,18.23,23.31,,,,,,,
2025-04-14,,,,15.45,13.68,17.46,,,,29.13,27.24,31.22,,,,14.93,13.06,16.91,,,,12.34,10.53,14.25,,,,2.39,-2.02,7.92,,,,1.0,-7.36,5.98,,,,20.72,18.28,23.31,15.0,30.0,17.0,15.0,,,16.0
2025-04-15,,,,15.42,13.65,17.46,,,,29.1,27.22,31.21,,,,14.95,13.1,16.92,,,,12.36,10.53,14.27,,,,2.35,-2.32,7.96,,,,1.0,-7.35,6.01,,,,20.76,18.33,23.31,,,,,,,
2025-04-16,,,,15.4,13.62,17.41,,,,29.08,27.19,31.2,,,,14.97,13.13,16.93,,,,12.37,10.52,14.27,,,,2.31,-2.42,8.01,,,,1.0,-7.33,6.04,,,,20.79,18.38,23.35,,,,,,,
2025-04-17,,,,15.37,13.59,17.39,,,,29.06,27.15,31.17,,,,14.98,13.16,16.94,,,,12.39,10.54,14.28,,,,2.27,-2.47,8.11,,,,1.0,-7.3,6.06,,,,20.83,18.44,23.38,,,,,,,
2025-04-18,,,,15.34,13.57,17.38,,,,29.04,27.12,31.14,,,,14.99,13.23,16.91,,,,12.4,10.56,14.28,,,,2.24,-2.78,8.06,,,,1.01,-7.26,6.09,,,,20.86,18.49,23.41,,,,,,,
2025-04-19,,,,15.31,13.55,17.34,,,,29.01,27.13,31.11,,,,15.01,13.3,16.89,,,,12.41,10.58,14.28,,,,2.21,-3.13,7.75,,,,1.01,-7.2,6.12,,,,20.9,18.52,23.45,,,,,,,
2025-04-20,,,,15.28,13.53,17.28,,,,28.99,27.11,31.03,,,,15.02,13.35,16.94,,,,12.43,10.6,14.31,,,,2.18,-3.46,7.46,,,,1.02,-7.12,6.15,,,,20.94,18.55,23.43,,,,,,,
2025-04-21,,,,15.26,13.51,17.25,,,,28.97,27.09,30.95,,,,15.03,13.37,16.95,,,,12.44,10.62,14.34,,,,2.15,-3.67,7.47,,,,1.02,-7.04,6.18,,,,20.97,18.59,23.45,,,,,,,
2025-04-22,,,,15.23,13.5,17.21,,,,28.95,27.08,30.88,,,,15.04,13.39,16.98,,,,12.45,10.63,14.31,,,,2.13,-3.69,7.39,,,,1.03,-6.93,6.22,,,,21.01,18.63,23.47,13.0,26.0,17.0,14.0,,,24.0
2025-04-23,,,,15.2,13.49,17.18,,,,28.93,27.07,30.83,,,,15.05,13.4,16.99,,,,12.46,10.65,14.33,,,,2.11,-3.58,7.36,,,,1.04,-6.81,6.26,,,,21.04,18.69,23.5,,,,,,,
2025-04-24,,,,15.18,13.45,17.14,,,,28.91,27.04,30.82,,,,15.06,13.42,16.97,,,,12.47,10.66,14.35,,,,2.1,-3.66,7.36,,,,1.05,-6.68,6.28,,,,21.08,18.75,23.49,,,,,,,
2025-04-25,,,,15.15,13.43,17.1,,,,28.89,27.05,30.81,,,,15.07,13.42,16.93,,,,12.48,10.67,14.36,,,,2.09,-3.48,7.3,,,,1.06,-6.54,6.27,,,,21.12,18.81,23.49,,,,,,,
2025-04-26,,,,15.12,13.42,17.06,,,,28.87,27.04,30.8,,,,15.08,13.4,16.91,,,,12.49,10.72,14.34,,,,2.08,-3.26,7.37,,,,1.07,-6.4,6.2,,,,21.15,18.87,23.53,,,,,,,
2025-04-27,,,,15.09,13.4,17.05,,,,28.85,27.03,30.79,,,,15.08,13.38,16.9,,,,12.5,10.78,14.3,,,,2.08,-3.02,7.41,,,,1.08,-6.23,6.13,,,,21.19,18.93,23.52,,,,,,,
2025-04-28,,,,15.07,13.38,17.05,,,,28.84,27.01,30.76,,,,15.09,13.41,16.88,,,,12.51,10.77,14.32,,,,2.07,-2.77,7.28,,,,1.09,-6.06,6.07,,,,21.23,18.98,23.52,14.0,29.0,16.0,11.0,,,22.0
2025-04-29,,,,15.04,13.38,17.05,,,,28.82,27.01,30.75,,,,15.09,13.44,16.88,,,,12.52,10.75,14.31,,,,2.07,-2.95,7.34,,,,1.11,-5.92,6.11,,,,21.26,19.03,23.54,,,,,,,
2025-04-30,,,,15.02,13.37,17.02,,,,28.8,26.99,30.74,,,,15.1,13.44,16.91,,,,12.52,10.77,14.34,,,,2.08,-2.35,7.46,,,,1.12,-5.88,6.13,,,,21.3,19.06,23.55,,,,,,,
2025-05-01,,,,14.99,13.36,16.97,,,,28.78,26.97,30.72,,,,15.1,13.42,16.9,,,,12.53,10.77,14.35,,,,2.08,-2.36,7.43,,,,1.14,-5.74,6.06,,,,21.34,19.1,23.56,,,,,,,
2025-05-02,,,,14.96,13.33,16.9,,,,28.77,26.95,30.69,,,,15.1,13.4,16.87,,,,12.54,10.77,14.36,,,,2.09,-2.37,7.45,,,,1.16,-5.79,6.16,,,,21.37,19.21,23.57,13.0,31.0,14.0,10.0,2.0,1.0,26.0
2025-05-03,,,,14.94,13.33,16.83,,,,28.75,26.93,30.67,,,,15.1,13.38,16.83,,,,12.55,10.81,14.27,,,,2.09,-2.36,7.49,,,,1.18,-5.87,6.26,,,,21.41,19.27,23.53,,,,,,,
2025-05-04,,,,14.91,13.31,16.77,,,,28.74,26.92,30.64,,,,15.1,13.41,16.83,,,,12.55,10.84,14.24,,,,2.1,-2.36,7.48,,,,1.2,-5.62,6.35,,,,21.44,19.34,23.51,,,,,,,
2025-05-05,,,,14.89,13.25,16.75,,,,28.72,26.9,30.62,,,,15.1,13.45,16.85,,,,12.56,10.87,14.27,,,,2.11,-2.35,7.5,,,,1.22,-5.32,6.44,,,,21.48,19.39,23.5,,,,,,,
2025-05-06,,,,14.86,13.19,16.74,,,,28.71,26.88,30.59,,,,15.1,13.49,16.81,,,,12.56,10.9,14.3,,,,2.12,-2.33,7.53,,,,1.24,-4.99,6.47,,,,21.52,19.39,23.59,15.0,27.0,15.0,13.0,,,24.0
2025-05-07,,,,14.84,13.13,16.74,,,,28.69,26.88,30.56,,,,15.1,13.52,16.81,,,,12.57,10.87,14.33,,,,2.13,-2.31,7.53,,,,1.26,-4.74,6.52,,,,21.55,19.42,23.6,,,,,,,
2025-05-08,,,,14.81,13.07,16.73,,,,28.68,26.86,30.53,,,,15.1,13.51,16.81,,,,12.58,10.86,14.36,,,,2.14,-2.29,7.53,,,,1.28,-4.54,6.56,,,,21.59,19.45,23.6,,,,,,,
2025-05-09,,,,14.79,13.01,16.73,,,,28.67,26.91,30.51,,,,15.09,13.5,16.8,,,,12.58,10.85,14.39,,,,2.15,-2.03,7.48,,,,1.3,-4.44,6.61,,,,21.63,19.5,23.61,,,,,,,
2025-05-10,,,,14.76,12.95,16.68,,,,28.66,26.91,30.49,,,,15.09,13.53,16.79,,,,12.59,10.84,14.39,,,,2.16,-2.0,7.48,,,,1.33,-4.36,6.67,,,,21.67,19.57,23.61,,,,,,,
2025-05-11,,,,14.74,12.9,16.52,,,,28.65,26.9,30.47,,,,15.08,13.5,16.77,,,,12.59,10.83,14.38,,,,2.17,-1.97,7.39,,,,1.35,-4.31,6.74,,,,21.71,19.63,23.65,,,,,,,
2025-05-12,,,,14.71,12.85,16.48,,,,28.63,26.89,30.45,,,,15.08,13.49,16.76,,,,12.6,10.83,14.36,,,,2.19,-1.94,7.32,,,,1.37,-4.3,6.78,,,,21.74,19.69,23.69,14.0,28.0,15.0,11.0,,,23.0
2025-05-13,,,,14.68,12.8,16.45,,,,28.62,26.88,30.44,,,,15.07,13.49,16.74,,,,12.6,10.85,14.35,,,,2.2,-1.91,7.28,,,,1.4,-4.26,6.73,,,,21.78,19.76,23.72,,,,,,,
2025-05-14,,,,14.66,12.75,16.41,,,,28.61,26.87,30.4,,,,15.07,13.49,16.72,,,,12.61,10.87,14.33,,,,2.21,-1.87,7.27,,,,1.42,-4.07,6.65,,,,21.82,19.83,23.74,,,,,,,
2025-05-15,,,,14.63,12.71,16.38,,,,28.6,26.86,30.39,,,,15.06,13.49,16.67,,,,12.61,10.89,14.32,,,,2.22,-1.84,7.27,,,,1.44,-3.99,6.67,,,,21.87,19.91,23.76,,,,,,,
2025-05-16,,,,14.6,12.67,16.36,,,,28.59,26.84,30.34,,,,15.05,13.48,16.63,,,,12.62,10.91,14.31,,,,2.23,-1.82,7.27,,,,1.47,-4.08,6.67,,,,21.91,19.98,23.78,,,,,,,
2025-05-17,,,,14.58,12.64,16.33,,,,28.58,26.79,30.29,,,,15.04,13.43,16.62,,,,12.62,10.9,14.31,,,,2.25,-1.81,7.27,,,,1.49,-4.17,6.78,,,,21.95,20.01,23.81,,,,,,,
2025-05-18,,,,14.55,12.63,16.3,,,,28.57,26.77,30.24,,,,15.04,13.45,16.61,,,,12.63,10.89,14.3,,,,2.26,-1.84,7.28,,,,1.52,-4.18,6.9,,,,21.99,20.01,23.84,,,,,,,
2025-05-19,,,,14.52,12.62,16.26,,,,28.56,26.76,30.24,,,,15.03,13.47,16.6,,,,12.63,10.87,14.31,,,,2.27,-1.91,7.29,,,,1.54,-4.21,7.02,,,,22.03,20.02,23.87,14.0,27.0,16.0,14.0,,,24.0
2025-05-20,,,,14.5,12.61,16.21,,,,28.55,26.75,30.2,,,,15.02,13.46,16.6,,,,12.64,10.84,14.31,,,,2.28,-2.0,7.3,,,,1.57,-4.19,7.1,,,,22.07,20.03,23.95,,,,,,,
2025-05-21,,,,14.47,12.59,16.14,,,,28.54,26.67,30.15,,,,15.01,13.32,16.58,,,,12.64,10.84,14.32,,,,2.3,-2.01,7.32,,,,1.59,-4.15,7.14,,,,22.12,20.04,23.96,,,,,,,
2025-05-22,,,,14.44,12.58,16.1,,,,28.53,26.68,30.13,,,,15.0,13.23,16.56,,,,12.65,10.84,14.32,,,,2.31,-1.93,7.33,,,,1.62,-4.1,7.26,,,,22.16,20.05,24.03,,,,,,,
2025-05-23,,,,14.41,12.56,16.08,,,,28.52,26.69,30.13,,,,14.99,13.2,16.59,,,,12.65,10.85,14.33,,,,2.32,-1.87,7.39,,,,1.64,-4.05,7.41,,,,22.2,20.07,24.07,,,,,,,
2025-05-24,,,,14.39,12.52,16.04,,,,28.5,26.7,30.13,,,,14.98,13.18,16.63,,,,12.66,10.86,14.32,,,,2.33,-1.86,7.33,,,,1.67,-4.0,7.65,,,,22.24,20.15,24.11,,,,,,,
2025-05-25,,,,14.36,12.47,16.01,,,,28.49,26.71,30.13,,,,14.97,13.16,16.67,,,,12.66,10.86,14.31,,,,2.35,-1.84,7.3,,,,1.69,-3.96,7.8,,,,22.28,20.28,24.18,,,,,,,
2025-05-26,,,,14.33,12.42,16.0,,,,28.48,26.73,30.12,,,,14.96,13.17,16.63,,,,12.67,10.85,14.3,,,,2.36,-1.82,7.27,,,,1.72,-3.88,7.88,,,,22.32,20.31,24.24,,,,,,,
2025-05-27,,,,14.3,12.37,15.98,,,,28.47,26.72,30.09,,,,14.95,13.17,16.59,,,,12.67,10.87,14.32,,,,2.37,-1.83,7.25,,,,1.74,-3.78,8.13,,,,22.36,20.35,24.28,16.0,24.0,14.0,14.0,,,27.0
2025-05-28,,,,14.28,12.33,15.97,,,,28.46,26.67,30.05,,,,14.94,13.17,16.55,,,,12.68,10.89,14.33,,,,2.38,-1.86,7.3,,,,1.76,-3.66,8.43,,,,22.4,20.4,24.31,,,,,,,
2025-05-29,,,,14.25,12.28,15.95,,,,28.45,26.62,30.02,,,,14.93,13.17,16.52,,,,12.68,10.87,14.33,,,,2.39,-1.89,7.38,,,,1.79,-3.55,8.63,,,,22.44,20.47,24.34,,,,,,,
2025-05-30,,,,14.23,12.24,15.93,,,,28.43,26.59,29.97,,,,14.92,13.17,16.5,,,,12.69,10.84,14.38,,,,2.41,-1.8,7.43,,,,1.81,-3.47,8.81,,,,22.48,20.49,24.38,,,,,,,
2025-05-31,,,,14.2,12.2,15.9,,,,28.42,26.54,29.94,,,,14.9,13.17,16.49,,,,12.69,10.81,14.43,,,,2.42,-1.71,7.42,,,,1.84,-3.38,8.92,,,,22.52,20.51,24.45,,,,,,,
2025-06-01,,,,14.17,12.16,15.88,,,,28.41,26.5,29.93,,,,14.89,13.16,16.48,,,,12.7,10.8,14.43,,,,2.43,-1.76,7.39,,,,1.86,-3.38,9.03,,,,22.56,20.52,24.51,,,,,,,
2025-06-02,,,,14.15,12.14,15.86,,,,28.39,26.46,29.93,,,,14.88,13.12,16.5,,,,12.7,10.81,14.43,,,,2.44,-1.81,7.38,,,,1.88,-3.48,9.12,,,,22.59,20.53,24.54,13.0,30.0,18.0,12.0,,,20.0
2025-06-03,,,,14.12,12.1,15.81,,,,28.38,26.42,29.93,,,,14.87,13.12,16.55,,,,12.71,10.8,14.43,,,,2.45,-1.87,7.36,,,,1.9,-3.52,9.27,,,,22.62,20.54,24.56,,,,,,,
2025-06-04,,,,14.1,12.07,15.78,,,,28.37,26.38,29.93,,,,14.86,13.08,16.59,,,,12.71,10.82,14.43,,,,2.46,-1.9,7.36,,,,1.93,-3.52,9.41,,,,22.66,20.56,24.59,,,,,,,
2025-06-05,,,,14.08,12.03,15.75,,,,28.35,26.34,29.92,,,,14.84,13.05,16.63,,,,12.72,10.86,14.43,,,,2.47,-1.9,7.37,,,,1.95,-3.51,9.54,,,,22.69,20.6,24.64,,,,,,,
2025-06-06,,,,14.05,12.01,15.73,,,,28.34,26.32,29.91,,,,14.83,13.02,16.63,,,,12.72,10.82,14.43,,,,2.48,-1.89,7.4,,,,1.97,-3.5,9.66,,,,22.72,20.62,24.68,,,,,,,
2025-06-07,,,,14.03,11.99,15.72,,,,28.32,26.31,29.91,,,,14.82,12.99,16.62,,,,12.73,10.79,14.43,,,,2.5,-1.89,7.44,,,,1.99,-3.52,9.74,,,,22.75,20.62,24.71,,,,,,,
2025-06-08,,,,14.01,11.97,15.73,,,,28.3,26.31,29.9,,,,14.81,12.96,16.62,,,,12.73,10.76,14.43,,,,2.51,-1.91,7.44,,,,2.01,-3.54,9.82,,,,22.78,20.64,24.73,,,,,,,
2025-06-09,,,,13.99,11.96,15.74,,,,28.29,26.32,29.95,,,,14.79,12.93,16.62,,,,12.74,10.76,14.43,,,,2.52,-1.93,7.48,,,,2.03,-3.55,9.86,,,,22.8,20.69,24.74,12.0,29.0,17.0,12.0,,,24.0
2025-06-10,,,,13.97,11.96,15.72,,,,28.27,26.32,30.02,,,,14.78,12.9,16.64,,,,12.74,10.73,14.52,,,,2.53,-1.95,7.54,,,,2.05,-3.57,9.89,,,,22.83,20.7,24.75,,,,,,,
2025-06-11,,,,13.95,11.95,15.75,,,,28.25,26.3,30.01,,,,14.77,12.87,16.64,,,,12.75,10.7,14.53,,,,2.54,-1.96,7.61,,,,2.07,-3.58,9.91,,,,22.85,20.72,24.76,,,,,,,
2025-06-12,,,,13.93,11.91,15.78,,,,28.23,26.31,30.0,,,,14.76,12.85,16.66,,,,12.75,10.67,14.53,,,,2.55,-1.98,7.65,,,,2.09,-3.61,9.98,,,,22.87,20.76,24.76,,,,,,,
2025-06-13,,,,13.91,11.87,15.79,,,,28.21,26.28,29.98,,,,14.74,12.82,16.64,,,,12.76,10.64,14.54,,,,2.55,-1.98,7.67,,,,2.11,-3.63,10.04,,,,22.89,20.79,24.79,15.0,29.0,13.0,11.0,,,23.0
2025-06-14,,,,13.9,11.83,15.8,,,,28.19,26.23,29.96,,,,14.73,12.8,16.63,,,,12.76,10.62,14.58,,,,2.56,-1.97,7.68,,,,2.13,-3.65,10.08,,,,22.91,20.8,24.84,,,,,,,
2025-06-15,,,,13.88,11.78,15.81,,,,28.17,26.17,29.93,,,,14.72,12.77,16.65,,,,12.77,10.6,14.59,,,,2.57,-1.97,7.69,,,,2.15,-3.66,10.12,,,,22.93,20.81,24.88,,,,,,,
2025-06-16,,,,13.87,11.76,15.78,,,,28.15,26.1,29.91,,,,14.71,12.75,16.7,,,,12.78,10.6,14.62,,,,2.58,-1.96,7.69,,,,2.17,-3.66,10.14,,,,22.94,20.81,24.92,12.0,30.0,14.0,12.0,,,22.0
2025-06-17,,,,13.85,11.77,15.74,,,,28.13,26.04,29.88,,,,14.69,12.74,16.73,,,,12.78,10.59,14.62,,,,2.59,-1.94,7.71,,,,2.18,-3.67,10.15,,,,22.96,20.82,24.98,,,,,,,
2025-06-18,,,,13.84,11.73,15.72,,,,28.1,26.0,29.86,,,,14.68,12.71,16.7,,,,12.79,10.59,14.67,,,,2.6,-1.92,7.72,,,,2.2,-3.67,10.23,,,,22.97,20.81,25.01,,,,,,,
2025-06-19,,,,13.82,11.69,15.73,,,,28.08,25.97,29.84,,,,14.67,12.69,16.71,,,,12.8,10.59,14.72,,,,2.61,-1.97,7.62,,,,2.22,-3.77,10.29,,,,22.98,20.77,25.09,,,,,,,
2025-06-20,,,,13.81,11.66,15.77,,,,28.06,25.94,29.82,,,,14.66,12.68,16.75,,,,12.81,10.59,14.76,,,,2.62,-1.96,7.53,,,,2.24,-4.5,9.51,,,,22.99,20.74,25.12,,,,,,,
2025-06-21,,,,13.8,11.62,15.79,,,,28.03,25.9,29.82,,,,14.65,12.66,16.75,,,,12.81,10.59,14.8,,,,2.63,-1.95,7.63,,,,2.26,-4.49,9.16,,,,23.0,20.75,25.11,,,,,,,
2025-06-22,,,,13.79,11.63,15.78,,,,28.01,25.86,29.81,,,,14.64,12.65,16.74,,,,12.82,10.59,14.83,,,,2.64,-1.94,7.71,,,,2.28,-4.45,9.16,,,,23.02,20.77,25.08,,,,,,,
2025-06-23,,,,13.78,11.65,15.76,,,,27.98,25.81,29.81,,,,14.63,12.63,16.75,,,,12.83,10.6,14.87,,,,2.65,-1.89,7.74,,,,2.3,-4.43,9.15,,,,23.02,20.76,25.07,15.0,30.0,15.0,13.0,,,19.0
2025-06-24,,,,13.77,11.66,15.77,,,,27.95,25.77,29.8,,,,14.62,12.62,16.76,,,,12.84,10.6,14.86,,,,2.66,-1.82,7.76,,,,2.32,-4.39,9.14,,,,23.03,20.76,25.08,,,,,,,
2025-06-25,,,,13.76,11.68,15.73,,,,27.92,25.71,29.8,,,,14.61,12.61,16.78,,,,12.85,10.63,14.86,,,,2.68,-1.77,7.77,,,,2.34,-4.35,9.14,,,,23.04,20.76,25.1,,,,,,,
2025-06-26,,,,13.75,11.67,15.72,,,,27.89,25.64,29.8,,,,14.6,12.59,16.78,,,,12.87,10.68,14.86,,,,2.69,-1.71,7.78,,,,2.36,-4.29,9.15,,,,23.05,20.76,25.13,,,,,,,
2025-06-27,,,,13.74,11.65,15.7,,,,27.86,25.6,29.82,,,,14.59,12.58,16.78,,,,12.88,10.7,14.86,,,,2.71,-1.64,7.79,,,,2.37,-4.21,9.17,,,,23.06,20.77,25.16,,,,,,,
2025-06-28,,,,13.73,11.63,15.68,,,,27.83,25.56,29.77,,,,14.58,12.57,16.76,,,,12.89,10.7,14.86,,,,2.73,-1.55,7.78,,,,2.39,-4.11,9.13,,,,23.07,20.78,25.19,,,,,,,
2025-06-29,,,,13.73,11.6,15.65,,,,27.79,25.51,29.75,,,,14.57,12.55,16.75,,,,12.9,10.7,14.88,,,,2.75,-1.56,7.76,,,,2.41,-3.97,8.97,,,,23.07,20.8,25.2,,,,,,,
2025-06-30,,,,13.72,11.57,15.63,,,,27.76,25.46,29.74,,,,14.57,12.54,16.75,,,,12.92,10.7,14.9,,,,2.78,-1.54,7.73,,,,2.42,-3.68,8.78,,,,23.08,20.79,25.2,15.0,28.0,15.0,13.0,,,21.0
2025-07-01,,,,13.71,11.54,15.61,,,,27.72,25.41,29.72,,,,14.56,12.54,16.74,,,,12.93,10.7,14.93,,,,2.8,-1.33,7.68,,,,2.43,-3.43,8.7,,,,23.09,20.78,25.21,,,,,,,
2025-07-02,,,,13.71,11.51,15.65,,,,27.68,25.34,29.72,,,,14.55,12.53,16.72,,,,12.95,10.71,14.95,,,,2.83,-1.28,7.51,,,,2.45,-3.3,8.54,,,,23.1,20.78,25.21,,,,,,,
2025-07-03,,,,13.7,11.47,15.74,,,,27.64,25.27,29.72,,,,14.54,12.52,16.7,,,,12.96,10.74,14.98,,,,2.86,-1.23,7.37,,,,2.46,-3.21,8.28,,,,23.11,20.79,25.21,,,,,,,
2025-07-04,,,,13.7,11.45,15.73,,,,27.6,25.2,29.72,,,,14.54,12.52,16.68,,,,12.98,10.78,15.02,,,,2.89,-1.18,7.39,,,,2.46,-3.18,8.19,,,,23.11,20.79,25.21,,,,,,,
2025-07-05,,,,13.69,11.42,15.71,,,,27.55,25.16,29.73,,,,14.53,12.51,16.66,,,,12.99,10.82,15.06,,,,2.92,-1.1,7.44,,,,2.47,-3.18,7.97,,,,23.12,20.8,25.24,,,,,,,
2025-07-06,,,,13.69,11.39,15.68,,,,27.51,25.13,29.7,,,,14.52,12.51,16.63,,,,13.01,10.85,15.11,,,,2.95,-0.94,7.47,,,,2.47,-3.11,7.84,,,,23.13,20.79,25.28,,,,,,,
2025-07-07,,,,13.68,11.36,15.66,,,,27.46,25.1,29.69,,,,14.52,12.51,16.61,,,,13.03,10.88,15.12,,,,2.99,-0.88,7.6,,,,2.47,-2.91,7.71,,,,23.14,20.8,25.29,13.0,31.0,13.0,14.0,,,23.0
2025-07-08,,,,13.67,11.37,15.63,,,,27.42,25.07,29.68,,,,14.51,12.49,16.67,,,,13.05,10.89,15.12,,,,3.02,-0.84,7.74,,,,2.47,-2.65,7.65,,,,23.15,20.82,25.31,,,,,,,
2025-07-09,,,,13.67,11.39,15.62,,,,27.37,25.04,29.66,,,,14.5,12.5,16.68,,,,13.07,10.91,15.11,,,,3.06,-0.79,7.71,,,,2.47,-2.58,7.72,,,,23.16,20.78,25.33,,,,,,,
2025-07-10,,,,13.66,11.4,15.63,,,,27.32,25.01,29.64,,,,14.5,12.51,16.68,,,,13.09,10.93,15.14,,,,3.09,-0.76,7.74,,,,2.47,-2.52,7.85,,,,23.17,20.81,25.36,,,,,,,
2025-07-11,,,,13.66,11.42,15.63,,,,27.27,24.93,29.58,,,,14.49,12.52,16.68,,,,13.11,10.96,15.16,,,,3.12,-0.74,7.88,,,,2.46,-2.45,8.0,,,,23.18,20.8,25.38,16.0,30.0,12.0,11.0,3.0,3.0,24.0
2025-07-12,,,,13.66,11.45,15.63,,,,27.22,24.91,29.5,,,,14.48,12.52,16.7,,,,13.13,10.98,15.21,,,,3.16,-0.74,8.07,,,,2.46,-2.46,8.06,,,,23.19,20.8,25.45,,,,,,,
2025-07-13,,,,13.65,11.45,15.62,,,,27.17,24.9,29.43,,,,14.48,12.52,16.67,,,,13.15,11.0,15.24,,,,3.19,-0.76,8.1,,,,2.45,-2.41,8.04,,,,23.2,20.8,25.52,,,,,,,
2025-07-14,,,,13.65,11.44,15.62,,,,27.12,24.8,29.35,,,,14.47,12.5,16.63,,,,13.17,11.02,15.26,,,,3.22,-0.82,8.09,,,,2.44,-2.5,7.99,,,,23.22,20.83,25.6,13.0,27.0,14.0,15.0,,,22.0
2025-07-15,,,,13.64,11.44,15.62,,,,27.06,24.71,29.26,,,,14.46,12.48,16.6,,,,13.19,11.04,15.27,,,,3.25,-0.87,8.3,,,,2.43,-2.37,7.85,,,,23.23,20.82,25.67,,,,,,,
2025-07-16,,,,13.64,11.44,15.58,,,,27.01,24.66,29.2,,,,14.46,12.45,16.63,,,,13.21,11.05,15.27,,,,3.28,-0.88,8.32,,,,2.41,-2.32,7.77,,,,23.25,20.82,25.67,,,,,,,
2025-07-17,,,,13.63,11.44,15.58,,,,26.96,24.63,29.15,,,,14.45,12.49,16.66,,,,13.23,11.07,15.28,,,,3.31,-0.83,8.34,,,,2.4,-2.56,7.78,,,,23.26,20.83,25.66,,,,,,,
2025-07-18,,,,13.63,11.43,15.58,,,,26.9,24.61,29.1,,,,14.45,12.52,16.69,,,,13.25,11.09,15.29,,,,3.34,-0.79,8.37,,,,2.39,-2.53,7.69,,,,23.28,20.84,25.66,,,,,,,
2025-07-19,,,,13.62,11.42,15.57,,,,26.85,24.59,29.05,,,,14.44,12.52,16.69,,,,13.27,11.13,15.3,,,,3.36,-0.83,8.39,,,,2.37,-2.74,7.58,,,,23.3,20.85,25.65,,,,,,,
2025-07-20,,,,13.62,11.44,15.57,,,,26.79,24.56,28.99,,,,14.43,12.49,16.67,,,,13.29,11.15,15.31,,,,3.38,-0.91,8.41,,,,2.36,-2.86,7.48,,,,23.31,20.9,25.64,,,,,,,
2025-07-21,,,,13.61,11.45,15.56,,,,26.74,24.53,28.93,,,,14.43,12.43,16.71,,,,13.31,11.18,15.31,,,,3.41,-0.9,8.43,,,,2.34,-2.93,7.42,,,,23.33,20.92,25.63,13.0,27.0,12.0,13.0,,,27.0
2025-07-22,,,,13.61,11.46,15.56,,,,26.68,24.45,28.87,,,,14.42,12.48,16.75,,,,13.33,11.2,15.31,,,,3.43,-0.89,8.45,,,,2.32,-2.96,7.35,,,,23.35,20.94,25.62,,,,,,,
2025-07-23,,,,13.6,11.48,15.54,,,,26.63,24.38,28.81,,,,14.42,12.48,16.78,,,,13.35,11.23,15.32,,,,3.44,-0.88,8.46,,,,2.31,-3.0,7.29,,,,23.38,20.95,25.6,,,,,,,
2025-07-24,,,,13.6,11.53,15.54,,,,26.57,24.27,28.79,,,,14.41,12.45,16.82,,,,13.37,11.26,15.33,,,,3.46,-0.88,8.48,,,,2.29,-3.01,7.28,,,,23.4,21.0,25.61,,,,,,,
2025-07-25,,,,13.59,11.54,15.56,,,,26.51,24.18,28.68,,,,14.4,12.43,16.85,,,,13.39,11.28,15.36,,,,3.48,-0.87,8.51,,,,2.27,-3.02,7.27,,,,23.42,21.06,25.66,,,,,,,
2025-07-26,,,,13.59,11.55,15.56,,,,26.46,24.13,28.58,,,,14.4,12.42,16.87,,,,13.41,11.31,15.38,,,,3.49,-0.87,8.55,,,,2.26,-3.01,7.27,,,,23.45,21.12,25.71,,,,,,,
2025-07-27,,,,13.58,11.56,15.57,,,,26.4,24.07,28.5,,,,14.39,12.44,16.88,,,,13.43,11.35,15.4,,,,3.5,-0.87,8.58,,,,2.24,-2.99,7.28,,,,23.47,21.18,25.76,,,,,,,
2025-07-28,,,,13.58,11.56,15.58,,,,26.34,24.02,28.42,,,,14.39,12.46,16.88,,,,13.45,11.4,15.43,,,,3.52,-0.85,8.6,,,,2.22,-2.99,7.3,,,,23.5,21.24,25.8,13.0,29.0,12.0,15.0,,,22.0
2025-07-29,,,,13.58,11.59,15.59,,,,26.29,23.98,28.34,,,,14.38,12.49,16.89,,,,13.47,11.45,15.44,,,,3.53,-0.83,8.61,,,,2.21,-2.97,7.31,,,,23.52,21.31,25.85,,,,,,,
2025-07-30,,,,13.57,11.62,15.6,,,,26.23,23.92,28.28,,,,14.38,12.49,16.83,,,,13.49,11.51,15.45,,,,3.54,-0.8,8.61,,,,2.19,-2.97,7.33,,,,23.55,21.37,25.89,,,,,,,
2025-07-31,,,,13.57,11.66,15.59,,,,26.17,23.87,28.23,,,,14.37,12.46,16.78,,,,13.51,11.52,15.47,,,,3.55,-0.68,8.64,,,,2.18,-2.97,7.35,,,,23.58,21.43,25.89,,,,,,,
2025-08-01,,,,13.56,11.69,15.57,,,,26.12,23.82,28.17,,,,14.37,12.44,16.71,,,,13.53,11.54,15.48,,,,3.56,-0.25,8.07,,,,2.16,-2.45,7.34,,,,23.61,21.47,25.9,,,,,,,
2025-08-02,,,,13.56,11.68,15.55,,,,26.06,23.75,28.1,,,,14.37,12.42,16.65,,,,13.55,11.56,15.47,,,,3.57,-0.25,8.11,,,,2.15,-2.52,7.24,,,,23.63,21.49,25.91,,,,,,,
2025-08-03,,,,13.56,11.66,15.6,,,,26.0,23.67,28.04,,,,14.36,12.4,16.59,,,,13.57,11.59,15.51,,,,3.58,-0.25,8.15,,,,2.13,-2.59,7.13,,,,23.66,21.53,25.92,,,,,,,
2025-08-04,,,,13.55,11.64,15.62,,,,25.94,23.61,28.0,,,,14.36,12.38,16.53,,,,13.59,11.63,15.52,,,,3.59,-0.25,8.19,,,,2.12,-2.66,7.04,,,,23.69,21.58,25.92,12.0,25.0,18.0,13.0,,,22.0
2025-08-05,,,,13.55,11.65,15.58,,,,25.89,23.54,27.96,,,,14.36,12.36,16.47,,,,13.61,11.67,15.53,,,,3.6,-0.25,8.15,,,,2.11,-2.69,7.02,,,,23.72,21.63,25.92,,,,,,,
2025-08-06,,,,13.55,11.64,15.53,,,,25.83,23.48,27.9,,,,14.35,12.34,16.44,,,,13.63,11.7,15.54,,,,3.6,-0.25,8.05,,,,2.09,-2.72,7.02,,,,23.75,21.65,25.92,,,,,,,
2025-08-07,,,,13.54,11.62,15.5,,,,25.77,23.45,27.82,,,,14.35,12.32,16.44,,,,13.65,11.73,15.56,,,,3.61,-0.25,8.04,,,,2.08,-2.75,7.02,,,,23.77,21.66,25.92,,,,,,,
2025-08-08,,,,13.54,11.6,15.46,,,,25.71,23.41,27.74,,,,14.35,12.32,16.45,,,,13.68,11.78,15.6,,,,3.62,-0.25,8.07,,,,2.07,-2.78,7.01,,,,23.8,21.67,25.93,,,,,,,
2025-08-09,,,,13.54,11.55,15.45,,,,25.65,23.38,27.66,,,,14.35,12.3,16.47,,,,13.7,11.83,15.62,,,,3.63,-0.25,8.1,,,,2.06,-2.82,7.02,,,,23.83,21.68,25.93,,,,,,,
2025-08-10,,,,13.53,11.54,15.44,,,,25.59,23.35,27.58,,,,14.35,12.29,16.44,,,,13.73,11.88,15.58,,,,3.63,-0.25,8.13,,,,2.05,-2.82,7.02,,,,23.86,21.69,25.93,,,,,,,
2025-08-11,,,,13.53,11.53,15.43,,,,25.53,23.32,27.51,,,,14.35,12.31,16.45,,,,13.75,11.92,15.57,,,,3.64,-0.25,8.16,,,,2.04,-2.83,7.02,,,,23.88,21.7,25.93,13.0,24.0,16.0,13.0,,,24.0
2025-08-12,,,,13.53,11.52,15.42,,,,25.47,23.29,27.46,,,,14.35,12.34,16.45,,,,13.78,11.9,15.58,,,,3.65,-0.25,8.19,,,,2.03,-2.85,7.02,,,,23.91,21.73,25.93,,,,,,,
2025-08-13,,,,13.52,11.51,15.41,,,,25.41,23.25,27.43,,,,14.35,12.36,16.46,,,,13.8,11.91,15.58,,,,3.66,-0.25,8.21,,,,2.02,-2.86,7.02,,,,23.94,21.75,25.96,,,,,,,
2025-08-14,,,,13.52,11.52,15.4,,,,25.35,23.22,27.39,,,,14.35,12.38,16.46,,,,13.83,11.93,15.61,,,,3.66,-0.25,8.24,,,,2.01,-2.87,7.03,,,,23.96,21.77,26.04,,,,,,,
2025-08-15,,,,13.52,11.52,15.38,,,,25.29,23.18,27.3,,,,14.36,12.41,16.45,,,,13.86,11.95,15.64,,,,3.67,-0.25,8.27,,,,1.99,-2.89,7.03,,,,23.99,21.79,26.13,,,,,,,
2025-08-16,,,,13.51,11.51,15.38,,,,25.23,23.15,27.21,,,,14.36,12.43,16.45,,,,13.89,11.97,15.68,,,,3.68,-0.25,8.31,,,,1.98,-2.92,7.03,,,,24.02,21.81,26.23,,,,,,,
2025-08-17,,,,13.51,11.5,15.35,,,,25.17,23.11,27.16,,,,14.36,12.45,16.45,,,,13.92,12.03,15.71,,,,3.68,-0.25,8.33,,,,1.97,-2.94,7.06,,,,24.04,21.83,26.31,,,,,,,
2025-08-18,,,,13.51,11.49,15.33,,,,25.11,23.05,27.11,,,,14.37,12.48,16.43,,,,13.95,12.09,15.74,,,,3.69,-0.25,8.36,,,,1.96,-2.97,7.08,,,,24.07,21.86,26.33,15.0,23.0,13.0,14.0,,,25.0
2025-08-19,,,,13.5,11.48,15.32,,,,25.05,22.99,27.06,,,,14.37,12.47,16.39,,,,13.98,12.16,15.76,,,,3.7,-0.25,8.39,,,,1.95,-3.04,7.06,,,,24.09,21.9,26.34,,,,,,,
2025-08-20,,,,13.5,11.48,15.3,,,,24.99,22.93,27.01,,,,14.37,12.48,16.38,,,,14.01,12.21,15.79,,,,3.7,-0.25,8.42,,,,1.94,-3.04,7.07,,,,24.11,21.94,26.34,,,,,,,
2025-08-21,,,,13.5,11.48,15.29,,,,24.93,22.86,26.95,,,,14.38,12.48,16.4,,,,14.05,12.26,15.83,,,,3.71,-0.24,8.44,,,,1.93,-3.04,7.08,,,,24.14,21.99,26.4,,,,,,,
2025-08-22,,,,13.5,11.48,15.27,,,,24.87,22.8,26.89,,,,14.38,12.48,16.41,,,,14.08,12.29,15.88,,,,3.72,-0.22,8.44,,,,1.92,-3.05,7.09,,,,24.16,22.07,26.41,,,,,,,
2025-08-23,,,,13.49,11.48,15.25,,,,24.81,22.75,26.84,,,,14.38,12.49,16.4,,,,14.12,12.32,15.92,,,,3.72,-0.2,8.45,,,,1.91,-3.05,7.1,,,,24.18,22.08,26.42,,,,,,,
2025-08-24,,,,13.49,11.47,15.23,,,,24.75,22.69,26.74,,,,14.39,12.49,16.39,,,,14.15,12.36,15.96,,,,3.73,-0.17,8.45,,,,1.9,-3.05,7.11,,,,24.21,22.09,26.41,,,,,,,
2025-08-25,,,,13.49,11.48,15.22,,,,24.69,22.64,26.69,,,,14.39,12.5,16.38,,,,14.19,12.36,16.01,,,,3.74,-0.14,8.49,,,,1.89,-3.1,7.04,,,,24.23,22.1,26.38,,,,,,,
2025-08-26,,,,13.49,11.48,15.2,,,,24.63,22.59,26.66,,,,14.4,12.51,16.37,,,,14.23,12.3,16.1,,,,3.75,-0.12,8.54,,,,1.88,-3.21,7.0,,,,24.25,22.11,26.35,12.0,24.0,15.0,15.0,,,23.0
2025-08-27,,,,13.48,11.48,15.19,,,,24.57,22.55,26.61,,,,14.4,12.51,16.35,,,,14.26,12.32,16.18,,,,3.75,-0.09,8.59,,,,1.87,-3.21,6.99,,,,24.27,22.12,26.34,,,,,,,
2025-08-28,,,,13.48,11.48,15.18,,,,24.51,22.51,26.54,,,,14.41,12.53,16.33,,,,14.3,12.36,16.25,,,,3.76,-0.07,8.65,,,,1.86,-3.21,6.99,,,,24.29,22.16,26.35,,,,,,,
2025-08-29,,,,13.48,11.48,15.18,,,,24.45,22.46,26.48,,,,14.41,12.53,16.31,,,,14.34,12.41,16.31,,,,3.77,-0.05,8.68,,,,1.85,-3.2,6.99,,,,24.31,22.17,26.39,,,,,,,
2025-08-30,,,,13.47,11.49,15.19,,,,24.39,22.37,26.42,,,,14.42,12.54,16.28,,,,14.38,12.52,16.38,,,,3.77,-0.02,8.75,,,,1.84,-3.2,6.99,,,,24.32,22.21,26.47,,,,,,,
2025-08-31,,,,13.47,11.49,15.19,,,,24.34,22.29,26.36,,,,14.42,12.54,16.31,,,,14.43,12.54,16.42,,,,3.78,0.01,8.83,,,,1.83,-3.25,6.99,,,,24.34,22.24,26.5,,,,,,,
2025-09-01,,,,13.47,11.5,15.2,,,,24.28,22.22,26.3,,,,14.43,12.55,16.34,,,,14.47,12.55,16.51,,,,3.79,0.04,8.9,,,,1.82,-3.33,6.99,,,,24.35,22.24,26.51,13.0,23.0,16.0,12.0,,,26.0
2025-09-02,,,,13.47,11.51,15.21,,,,24.22,22.14,26.22,,,,14.43,12.56,16.35,,,,14.51,12.55,16.59,,,,3.8,0.07,8.96,,,,1.81,-3.4,6.99,,,,24.37,22.24,26.53,,,,,,,
2025-09-03,,,,13.46,11.52,15.22,,,,24.17,22.08,26.15,,,,14.43,12.56,16.38,,,,14.56,12.57,16.67,,,,3.8,0.1,9.03,,,,1.79,-3.47,6.98,,,,24.38,22.26,26.54,,,,,,,
2025-09-04,,,,13.46,11.52,15.23,,,,24.12,22.02,26.09,,,,14.44,12.54,16.38,,,,14.6,12.61,16.74,,,,3.81,0.13,9.1,,,,1.78,-3.47,6.98,,,,24.4,22.29,26.54,,,,,,,
2025-09-05,,,,13.46,11.51,15.25,,,,24.06,21.94,26.02,,,,14.44,12.52,16.35,,,,14.65,12.66,16.81,,,,3.82,0.14,9.17,,,,1.77,-3.47,6.98,,,,24.41,22.29,26.55,,,,,,,
2025-09-06,,,,13.46,11.51,15.25,,,,24.01,21.85,25.95,,,,14.45,12.5,16.34,,,,14.69,12.71,16.88,,,,3.83,0.14,9.23,,,,1.76,-3.48,6.98,,,,24.42,22.32,26.55,,,,,,,
2025-09-07,,,,13.45,11.51,15.26,,,,23.96,21.82,25.87,,,,14.45,12.48,16.37,,,,14.74,12.76,16.92,,,,3.84,0.14,9.27,,,,1.75,-3.48,6.98,,,,24.43,22.31,26.55,,,,,,,
2025-09-08,,,,13.45,11.51,15.27,,,,23.91,21.8,25.8,,,,14.45,12.46,16.4,,,,14.78,12.81,16.99,,,,3.84,0.1,9.27,,,,1.74,-3.48,6.98,,,,24.44,22.32,26.55,15.0,25.0,14.0,15.0,,,22.0
2025-09-09,,,,13.45,11.51,15.28,,,,23.86,21.78,25.73,,,,14.46,12.44,16.43,,,,14.83,12.85,17.05,,,,3.85,0.04,9.28,,,,1.72,-3.48,6.98,,,,24.44,22.33,26.56,,,,,,,
2025-09-10,,,,13.45,11.51,15.26,,,,23.81,21.74,25.69,,,,14.46,12.45,16.46,,,,14.88,12.85,17.1,,,,3.86,0.02,9.28,,,,1.71,-3.49,6.97,,,,24.45,22.34,26.57,,,,,,,
2025-09-11,,,,13.45,11.51,15.24,,,,23.77,21.72,25.68,,,,14.46,12.44,16.49,,,,14.93,12.87,17.15,,,,3.87,-0.05,9.28,,,,1.7,-3.49,6.97,,,,24.46,22.35,26.58,,,,,,,
2025-09-12,,,,13.45,11.51,15.24,,,,23.72,21.7,25.67,,,,14.46,12.42,16.53,,,,14.98,12.91,17.2,,,,3.88,-0.12,9.29,,,,1.69,-3.5,6.97,,,,24.46,22.36,26.59,,,,,,,
2025-09-13,,,,13.45,11.49,15.25,,,,23.68,21.68,25.66,,,,14.47,12.43,16.56,,,,15.03,12.95,17.24,,,,3.88,-0.18,9.33,,,,1.67,-3.58,6.97,,,,24.46,22.35,26.6,,,,,,,
2025-09-14,,,,13.45,11.48,15.27,,,,23.63,21.66,25.65,,,,14.47,12.43,16.59,,,,15.08,12.98,17.32,,,,3.89,-0.24,9.3,,,,1.66,-3.73,6.97,,,,24.46,22.36,26.6,,,,,,,
2025-09-15,,,,13.45,11.48,15.29,,,,23.59,21.63,25.64,,,,14.47,12.4,16.62,,,,15.13,13.03,17.37,,,,3.9,-0.27,9.29,,,,1.65,-3.88,6.97,,,,24.47,22.38,26.6,14.0,25.0,15.0,14.0,,,23.0
2025-09-16,,,,13.45,11.48,15.3,,,,23.55,21.59,25.62,,,,14.47,12.4,16.65,,,,15.18,13.08,17.42,,,,3.91,-0.35,9.29,,,,1.64,-4.04,6.97,,,,24.47,22.39,26.6,,,,,,,
2025-09-17,,,,13.45,11.48,15.32,,,,23.5,21.55,25.59,,,,14.47,12.42,16.68,,,,15.23,13.12,17.48,,,,3.92,-0.36,9.29,,,,1.63,-4.17,6.96,,,,24.47,22.4,26.61,,,,,,,
2025-09-18,,,,13.45,11.48,15.33,,,,23.46,21.52,25.58,,,,14.47,12.47,16.68,,,,15.29,13.15,17.57,,,,3.92,-0.37,9.31,,,,1.61,-4.16,6.98,,,,24.47,22.38,26.61,12.5,19.5,14.5,14.5,4.0,1.5,28.0
2025-09-19,,,,13.46,11.48,15.34,,,,23.42,21.5,25.55,,,,14.46,12.46,16.64,,,,15.34,13.19,17.66,,,,3.93,-0.37,9.34,,,,1.6,-4.17,7.03,,,,24.46,22.37,26.64,,,,,,,
2025-09-20,,,,13.46,11.49,15.37,,,,23.38,21.47,25.53,,,,14.46,12.45,16.61,,,,15.39,13.23,17.75,,,,3.94,-0.37,9.37,,,,1.59,-4.17,7.11,,,,24.46,22.38,26.67,,,,,,,
2025-09-21,,,,13.46,11.48,15.4,,,,23.35,21.44,25.51,,,,14.46,12.44,16.57,,,,15.44,13.3,17.85,,,,3.95,-0.38,9.39,,,,1.58,-4.16,7.01,,,,24.46,22.37,26.66,,,,,,,
2025-09-22,,,,13.47,11.49,15.4,,,,23.31,21.42,25.49,,,,14.46,12.42,16.53,,,,15.5,13.34,17.94,,,,3.95,-0.38,9.41,,,,1.57,-4.17,6.97,,,,24.45,22.36,26.66,16.0,22.0,14.0,16.0,,,25.0
2025-09-23,,,,13.47,11.49,15.4,,,,23.27,21.37,25.47,,,,14.45,12.41,16.54,,,,15.55,13.39,18.04,,,,3.96,-0.38,9.44,,,,1.56,-4.17,6.96,,,,24.45,22.35,26.65,,,,,,,
2025-09-24,,,,13.47,11.5,15.4,,,,23.24,21.3,25.46,,,,14.45,12.4,16.56,,,,15.6,13.43,18.13,,,,3.96,-0.46,9.47,,,,1.55,-4.16,6.96,,,,24.44,22.34,26.64,,,,,,,
2025-09-25,,,,13.48,11.51,15.41,,,,23.2,21.25,25.42,,,,14.45,12.4,16.57,,,,15.66,13.47,18.16,,,,3.97,-0.48,9.57,,,,1.55,-4.16,6.97,,,,24.44,22.33,26.65,,,,,,,
2025-09-26,,,,13.49,11.52,15.42,,,,23.17,21.2,25.4,,,,14.44,12.39,16.58,,,,15.71,13.56,18.2,,,,3.97,-0.51,9.66,,,,1.54,-4.2,7.06,,,,24.43,22.32,26.64,,,,,,,
2025-09-27,,,,13.49,11.53,15.43,,,,23.14,21.15,25.37,,,,14.44,12.38,16.59,,,,15.77,13.67,18.25,,,,3.98,-0.53,9.76,,,,1.53,-4.25,7.21,,,,24.42,22.31,26.6,,,,,,,
2025-09-28,,,,13.5,11.54,15.44,,,,23.11,21.11,25.32,,,,14.43,12.4,16.6,,,,15.82,13.71,18.32,,,,3.98,-0.55,9.85,,,,1.53,-4.39,7.35,,,,24.42,22.29,26.56,,,,,,,
2025-09-29,,,,13.5,11.53,15.45,,,,23.08,21.14,25.27,,,,14.42,12.38,16.61,,,,15.87,13.74,18.34,,,,3.99,-0.56,9.92,,,,1.52,-4.58,7.48,,,,24.41,22.26,26.56,12.0,25.0,13.0,16.0,,,24.0
2025-09-30,,,,13.51,11.54,15.46,,,,23.05,21.16,25.22,,,,14.42,12.39,16.62,,,,15.93,13.77,18.36,,,,3.99,-0.61,10.0,,,,1.51,-4.75,7.51,,,,24.4,22.23,26.59,,,,,,,
2025-10-01,,,,13.52,11.55,15.46,,,,23.03,21.13,25.22,,,,14.41,12.39,16.62,,,,15.98,13.79,18.44,,,,3.99,-0.65,10.06,,,,1.51,-4.9,7.51,,,,24.39,22.21,26.58,,,,,,,
2025-10-02,,,,13.53,11.57,15.47,,,,23.0,21.09,25.22,,,,14.4,12.38,16.64,,,,16.03,13.82,18.56,,,,3.99,-0.68,10.11,,,,1.51,-5.01,7.51,,,,24.38,22.19,26.57,,,,,,,
2025-10-03,,,,13.53,11.61,15.48,,,,22.98,21.06,25.18,,,,14.4,12.36,16.65,,,,16.09,13.88,18.68,,,,4.0,-0.7,10.15,,,,1.5,-5.12,7.51,,,,24.37,22.17,26.57,,,,,,,
2025-10-04,,,,13.54,11.64,15.49,,,,22.95,21.02,25.14,,,,14.39,12.35,16.65,,,,16.14,13.98,18.76,,,,4.0,-0.72,10.18,,,,1.5,-5.19,7.51,,,,24.36,22.16,26.58,,,,,,,
2025-10-05,,,,13.55,11.63,15.49,,,,22.93,20.98,25.14,,,,14.38,12.37,16.65,,,,16.19,14.02,18.82,,,,4.0,-0.73,10.21,,,,1.5,-5.24,7.51,,,,24.34,22.14,26.58,,,,,,,
2025-10-06,,,,13.56,11.63,15.5,,,,22.91,20.95,25.11,,,,14.37,12.41,16.67,,,,16.24,13.98,18.89,,,,4.0,-0.74,10.22,,,,1.5,-5.28,7.52,,,,24.33,22.12,26.56,13.0,24.0,17.0,14.0,,,24.0
2025-10-07,,,,13.57,11.66,15.51,,,,22.89,20.95,25.08,,,,14.36,12.43,16.64,,,,16.3,14.02,18.94,,,,4.0,-0.75,10.23,,,,1.5,-5.3,7.52,,,,24.32,22.11,26.53,,,,,,,
2025-10-08,,,,13.57,11.69,15.49,,,,22.87,20.94,25.05,,,,14.35,12.43,16.61,,,,16.35,14.06,19.0,,,,4.0,-0.75,10.23,,,,1.5,-5.3,7.52,,,,24.3,22.09,26.49,,,,,,,
2025-10-09,,,,13.58,11.7,15.47,,,,22.85,20.92,25.02,,,,14.35,12.41,16.57,,,,16.4,14.14,19.05,,,,4.0,-0.76,10.36,,,,1.5,-5.5,7.63,,,,24.29,22.08,26.47,,,,,,,
2025-10-10,,,,13.59,11.7,15.47,,,,22.83,20.87,25.01,,,,14.34,12.42,16.54,,,,16.45,14.24,19.09,,,,4.0,-0.66,9.26,,,,1.5,-3.0,6.9,,,,24.27,22.07,26.43,14.0,25.0,13.0,9.0,,,31.0
2025-10-11,,,,13.6,11.7,15.48,,,,22.81,20.88,25.0,,,,14.33,12.41,16.54,,,,16.5,14.32,19.14,,,,4.0,-0.66,9.26,,,,1.5,-3.0,6.9,,,,24.26,22.05,26.39,,,,,,,
2025-10-12,,,,13.61,11.72,15.49,,,,22.8,20.88,24.99,,,,14.32,12.4,16.52,,,,16.56,14.38,19.18,,,,4.0,-0.66,9.26,,,,1.5,-3.0,6.9,,,,24.24,22.04,26.35,,,,,,,
2025-10-13,,,,13.62,11.75,15.5,,,,22.78,20.85,24.98,,,,14.31,12.4,16.5,,,,16.61,14.42,19.22,,,,4.0,-0.66,9.26,,,,1.5,-3.0,6.9,,,,24.22,22.03,26.31,13.0,24.0,15.0,16.0,,,25.0
2025-10-14,,,,13.63,11.77,15.51,,,,22.76,20.82,24.96,,,,14.31,12.41,16.47,,,,16.66,14.45,19.26,,,,4.0,-0.66,9.26,,,,1.5,-3.0,6.9,,,,24.21,22.02,26.27,,,,,,,
2025-10-15,,,,13.64,11.8,15.51,,,,22.75,20.79,24.96,,,,14.3,12.42,16.48,,,,16.71,14.48,19.31,,,,4.0,-0.66,9.26,,,,1.5,-3.0,6.9,,,,24.19,22.01,26.3,,,,,,,
2025-10-16,,,,13.65,11.81,15.52,,,,22.73,20.76,24.94,,,,14.29,12.43,16.49,,,,16.76,14.5,19.34,,,,4.0,-0.66,9.26,,,,1.5,-3.0,6.9,,,,24.17,22.01,26.36,,,,,,,
2025-10-17,,,,13.66,11.83,15.53,,,,22.72,20.73,24.93,,,,14.28,12.41,16.5,,,,16.81,14.56,19.37,,,,4.0,-0.66,9.26,,,,1.5,-3.0,6.9,,,,24.15,21.99,26.37,,,,,,,
2025-10-18,,,,13.67,11.85,15.53,,,,22.71,20.7,24.91,,,,14.28,12.37,16.5,,,,16.86,14.59,19.41,,,,4.0,-0.66,9.26,,,,1.5,-3.0,6.9,,,,24.13,21.96,26.33,,,,,,,
2025-10-19,,,,13.68,11.87,15.54,,,,22.69,20.68,24.89,,,,14.27,12.35,16.5,,,,16.91,14.65,19.47,,,,4.0,-0.66,9.26,,,,1.5,-3.0,6.9,,,,24.11,21.9,26.3,,,,,,,
2025-10-20,,,,13.7,11.89,15.54,,,,22.68,20.69,24.87,,,,14.26,12.37,16.5,,,,16.96,14.71,19.52,,,,4.0,-0.66,9.26,,,,1.5,-3.0,6.9,,,,24.09,21.83,26.3,15.0,22.0,15.0,19.0,,,21.0
2025-10-21,,,,13.71,11.91,15.55,,,,22.67,20.73,24.85,,,,14.26,12.37,16.48,,,,17.01,14.77,19.58,,,,4.0,-0.66,9.26,,,,1.5,-3.0,6.9,,,,24.07,21.79,26.29,,,,,,,
2025-10-22,,,,13.72,11.94,15.56,,,,22.66,20.66,24.83,,,,14.25,12.36,16.44,,,,17.06,14.83,19.63,,,,4.0,-0.66,9.26,,,,1.5,-3.0,6.9,,,,24.04,21.78,26.3,,,,,,,
2025-10-23,,,,13.73,11.96,15.57,,,,22.64,20.59,24.81,,,,14.25,12.36,16.4,,,,17.11,14.89,19.69,,,,4.0,-0.66,9.26,,,,1.5,-3.0,6.9,,,,24.02,21.76,26.31,,,,,,,
2025-10-24,,,,13.75,11.98,15.59,,,,22.63,20.53,24.79,,,,14.24,12.37,16.36,,,,17.16,14.9,19.74,,,,4.0,-0.66,9.26,,,,1.5,-3.0,6.9,,,,23.99,21.75,26.31,,,,,,,
2025-10-25,,,,13.76,12.01,15.6,,,,22.62,20.54,24.77,,,,14.24,12.33,16.32,,,,17.21,14.96,19.79,,,,4.0,-0.66,9.26,,,,1.5,-3.0,6.9,,,,23.97,21.73,26.3,,,,,,,
2025-10-26,,,,13.77,12.03,15.62,,,,22.61,20.55,24.74,,,,14.23,12.31,16.28,,,,17.26,15.0,19.83,,,,4.0,-0.66,9.26,,,,1.5,-3.0,6.9,,,,23.94,21.75,26.3,,,,,,,
2025-10-27,,,,13.79,12.04,15.64,,,,22.6,20.56,24.71,,,,14.23,12.33,16.24,,,,17.31,15.05,19.88,,,,4.0,-0.66,9.26,,,,1.5,-3.0,6.9,,,,23.91,21.77,26.29,12.0,22.0,16.0,21.0,,,21.0
2025-10-28,,,,13.8,12.05,15.66,,,,22.58,20.58,24.71,,,,14.23,12.34,16.22,,,,17.36,15.08,19.93,,,,4.0,-0.66,9.26,,,,1.5,-3.0,6.9,,,,23.89,21.78,26.22,,,,,,,
2025-10-29,,,,13.82,12.06,15.67,,,,22.57,20.6,24.71,,,,14.22,12.36,16.21,,,,17.4,15.11,19.96,,,,4.0,-0.66,9.26,,,,1.5,-3.0,6.9,,,,23.86,21.68,26.14,,,,,,,
2025-10-30,,,,13.83,12.06,15.69,,,,22.56,20.62,24.72,,,,14.22,12.37,16.2,,,,17.45,15.13,20.0,,,,4.0,-0.66,9.26,,,,1.5,-3.0,6.9,,,,23.83,21.66,26.06,,,,,,,
2025-10-31,,,,13.85,12.07,15.7,,,,22.55,20.64,24.72,,,,14.22,12.39,16.18,,,,17.5,15.16,19.99,,,,4.0,-0.66,9.26,,,,1.5,-3.0,6.9,,,,23.8,21.62,25.99,,,,,,,
2025-11-01,,,,13.87,12.07,15.72,,,,22.54,20.62,24.72,,,,14.22,12.4,16.13,,,,17.55,15.19,20.03,,,,4.0,-0.66,9.26,,,,1.5,-3.0,6.9,,,,23.77,21.57,25.94,,,,,,,
2025-11-02,,,,13.88,12.07,15.74,,,,22.53,20.57,24.72,,,,14.21,12.42,16.11,,,,17.6,15.21,20.06,,,,4.0,-0.66,9.26,,,,1.5,-3.0,6.9,,,,23.74,21.53,25.85,,,,,,,
2025-11-03,,,,13.9,12.09,15.75,,,,22.52,20.51,24.72,,,,14.21,12.42,16.11,,,,17.65,15.24,20.07,,,,4.0,-0.66,9.26,,,,1.5,-3.0,6.9,,,,23.7,21.48,25.76,13.0,23.0,14.0,21.0,,,21.0
2025-11-04,,,,13.92,12.12,15.76,,,,22.51,20.48,24.73,,,,14.21,12.39,16.11,,,,17.69,15.26,20.07,,,,4.0,-0.66,9.26,,,,1.5,-3.0,6.9,,,,23.67,21.41,25.68,,,,,,,
2025-11-05,,,,13.93,12.13,15.78,,,,22.5,20.43,24.73,,,,14.21,12.38,16.11,,,,17.74,15.31,20.12,,,,4.0,-0.66,9.26,,,,1.5,-3.0,6.9,,,,23.64,21.38,25.64,,,,,,,
2025-11-06,,,,13.95,12.15,15.8,,,,22.49,20.42,24.7,,,,14.2,12.36,16.14,,,,17.79,15.42,20.19,,,,4.0,-0.66,9.26,,,,1.5,-3.0,6.9,,,,23.61,21.34,25.56,,,,,,,
2025-11-07,,,,13.97,12.16,15.81,,,,22.47,20.43,24.67,,,,14.2,12.35,16.13,,,,17.84,15.46,20.25,,,,4.0,-0.66,9.26,,,,1.5,-3.0,6.9,,,,23.57,21.28,25.55,16.0,20.0,12.0,14.0,,,31.0
2025-11-08,,,,13.99,12.17,15.81,,,,22.47,20.41,24.63,,,,14.2,12.34,16.11,,,,17.88,15.5,20.28,,,,4.0,-0.66,9.26,,,,1.5,-3.0,6.9,,,,23.54,21.23,25.54,,,,,,,
2025-11-09,,,,14.0,12.16,15.81,,,,22.46,20.37,24.6,,,,14.2,12.33,16.11,,,,17.93,15.53,20.33,,,,4.0,-0.66,9.26,,,,1.5,-3.0,6.9,,,,23.5,21.15,25.53,,,,,,,
2025-11-10,,,,14.02,12.17,15.82,,,,22.45,20.32,24.56,,,,14.19,12.33,16.11,,,,17.98,15.57,20.36,,,,4.0,-0.66,9.26,,,,1.5,-3.0,6.9,,,,23.47,21.12,25.53,14.0,21.0,13.0,22.0,,,23.0
2025-11-11,,,,14.04,12.15,15.83,,,,22.44,20.28,24.49,,,,14.19,12.35,16.1,,,,18.03,15.64,20.38,,,,4.0,-0.66,9.26,,,,1.5,-3.0,6.9,,,,23.43,21.1,25.49,,,,,,,
2025-11-12,,,,14.06,12.12,15.83,,,,22.43,20.25,24.42,,,,14.19,12.34,16.08,,,,18.07,15.73,20.41,,,,4.0,-0.66,9.26,,,,1.5,-3.0,6.9,,,,23.4,21.07,25.44,,,,,,,
2025-11-13,,,,14.07,12.12,15.84,,,,22.42,20.28,24.34,,,,14.19,12.32,16.05,,,,18.12,15.8,20.43,,,,4.0,-0.66,9.26,,,,1.5,-3.0,6.9,,,,23.36,21.03,25.4,,,,,,,
2025-11-14,,,,14.09,12.13,15.88,,,,22.41,20.3,24.3,,,,14.18,12.33,16.06,,,,18.17,15.88,20.46,,,,4.0,-0.66,9.26,,,,1.5,-3.0,6.9,,,,23.32,20.98,25.35,,,,,,,
2025-11-15,,,,14.11,12.15,15.88,,,,22.4,20.33,24.29,,,,14.18,12.33,16.06,,,,18.21,15.94,20.48,,,,4.0,-0.66,9.26,,,,1.5,-3.0,6.9,,,,23.29,20.91,25.33,,,,,,,
2025-11-16,,,,14.13,12.16,15.88,,,,22.4,20.36,24.29,,,,14.17,12.31,16.06,,,,18.26,15.97,20.5,,,,4.0,-0.66,9.26,,,,1.5,-3.0,6.9,,,,23.25,20.84,25.3,,,,,,,
2025-11-17,,,,14.15,12.17,15.89,,,,22.39,20.36,24.28,,,,14.17,12.27,16.06,,,,18.3,15.99,20.54,,,,4.0,-0.66,9.26,,,,1.5,-3.0,6.9,,,,23.22,20.8,25.27,10.0,25.0,14.0,23.0,,,22.0
2025-11-18,,,,14.16,12.18,15.89,,,,22.39,20.34,24.26,,,,14.16,12.25,16.05,,,,18.35,16.03,20.58,,,,4.0,-0.66,9.26,,,,1.5,-3.0,6.9,,,,23.18,20.77,25.25,,,,,,,
2025-11-19,,,,14.18,12.2,15.92,,,,22.38,20.35,24.2,,,,14.16,12.26,16.05,,,,18.39,16.13,20.61,,,,4.0,-0.66,9.26,,,,1.5,-3.0,6.9,,,,23.14,20.75,25.24,,,,,,,
2025-11-20,,,,14.2,12.22,15.92,,,,22.38,20.4,24.17,,,,14.15,12.26,16.05,,,,18.44,16.16,20.66,,,,4.0,-0.66,9.26,,,,1.5,-3.0,6.9,,,,23.11,20.71,25.23,,,,,,,
2025-11-21,,,,14.22,12.23,15.94,,,,22.37,20.41,24.16,,,,14.14,12.26,16.04,,,,18.48,16.19,20.7,,,,4.0,-0.66,9.26,,,,1.5,-3.0,6.9,,,,23.07,20.68,25.21,,,,,,,
2025-11-22,,,,14.23,12.25,15.96,,,,22.37,20.39,24.15,,,,14.14,12.27,16.02,,,,18.52,16.23,20.74,,,,4.0,-0.66,9.26,,,,1.5,-3.0,6.9,,,,23.03,20.66,25.2,,,,,,,
2025-11-23,,,,14.25,12.25,15.99,,,,22.37,20.39,24.13,,,,14.13,12.27,16.0,,,,18.57,16.28,20.77,,,,4.0,-0.66,9.26,,,,1.5,-3.0,6.9,,,,23.0,20.61,25.18,,,,,,,
2025-11-24,,,,14.27,12.25,16.01,,,,22.36,20.37,24.1,,,,14.12,12.28,15.98,,,,18.61,16.37,20.8,,,,4.0,-0.66,9.26,,,,1.5,-3.0,6.9,,,,22.96,20.55,25.16,15.0,22.0,14.0,20.0,,,21.0
2025-11-25,,,,14.29,12.25,16.03,,,,22.36,20.36,24.11,,,,14.11,12.29,15.95,,,,18.65,16.47,20.87,,,,4.0,-0.66,9.26,,,,1.5,-3.0,6.9,,,,22.93,20.5,25.12,,,,,,,
2025-11-26,,,,14.31,12.23,16.02,,,,22.36,20.35,24.09,,,,14.1,12.3,15.93,,,,18.69,16.57,20.91,,,,4.0,-0.66,9.26,,,,1.5,-3.0,6.9,,,,22.89,20.45,25.09,,,,,,,
2025-11-27,,,,14.32,12.23,16.05,,,,22.36,20.34,24.08,,,,14.09,12.31,15.92,,,,18.73,16.62,20.93,,,,4.0,-0.66,9.26,,,,1.5,-3.0,6.9,,,,22.85,20.41,25.05,,,,,,,
2025-11-28,,,,14.34,12.23,16.09,,,,22.36,20.33,24.06,,,,14.08,12.28,15.9,,,,18.77,16.65,20.99,,,,4.0,-0.66,9.26,,,,1.5,-3.0,6.9,,,,22.82,20.36,25.02,,,,,,,
2025-11-29,,,,14.36,12.23,16.13,,,,22.36,20.33,24.08,,,,14.07,12.24,15.89,,,,18.81,16.71,21.05,,,,4.0,-0.66,9.26,,,,1.5,-3.0,6.9,,,,22.78,20.31,24.99,,,,,,,
2025-11-30,,,,14.38,12.24,16.14,,,,22.36,20.32,24.12,,,,14.06,12.21,15.88,,,,18.84,16.72,21.1,,,,4.0,-0.66,9.26,,,,1.5,-3.0,6.9,,,,22.75,20.28,24.94,,,,,,,
2025-12-01,,,,14.4,12.25,16.15,,,,22.36,20.34,24.14,,,,14.05,12.19,15.88,,,,18.88,16.75,21.14,,,,4.0,-0.66,9.26,,,,1.5,-3.0,6.9,,,,22.71,20.24,24.9,15.0,23.0,13.0,21.0,,,21.0
2025-12-02,,,,14.41,12.28,16.18,,,,22.36,20.39,24.17,,,,14.04,12.16,15.9,,,,18.92,16.79,21.18,,,,4.0,-0.66,9.26,,,,1.5,-3.0,6.9,,,,22.68,20.21,24.86,,,,,,,
2025-12-03,,,,14.43,12.29,16.2,,,,22.36,20.4,24.19,,,,14.02,12.14,15.87,,,,18.95,16.81,21.21,,,,4.0,-0.66,9.26,,,,1.5,-3.0,6.9,,,,22.64,20.17,24.82,,,,,,,
2025-12-04,,,,14.45,12.29,16.21,,,,22.36,20.4,24.2,,,,14.01,12.16,15.84,,,,18.99,16.8,21.23,,,,4.0,-0.66,9.26,,,,1.5,-3.0,6.9,,,,22.61,20.1,24.78,,,,,,,
2025-12-05,,,,14.47,12.32,16.23,,,,22.35,20.4,24.17,,,,14.0,12.17,15.8,,,,19.02,16.8,21.2,,,,4.0,-0.66,9.26,,,,1.5,-3.0,6.9,,,,22.58,20.04,24.74,,,,,,,
2025-12-06,,,,14.49,12.37,16.26,,,,22.35,20.4,24.14,,,,13.98,12.18,15.8,,,,19.06,16.83,21.25,,,,4.0,-0.66,9.26,,,,1.5,-3.0,6.9,,,,22.54,20.0,24.72,,,,,,,
2025-12-07,,,,14.51,12.4,16.27,,,,22.35,20.4,24.13,,,,13.97,12.2,15.8,,,,19.09,16.87,21.29,,,,4.0,-0.66,9.26,,,,1.5,-3.0,6.9,,,,22.51,19.96,24.7,,,,,,,
2025-12-08,,,,14.52,12.42,16.31,,,,22.35,20.4,24.11,,,,13.95,12.18,15.8,,,,19.12,16.91,21.31,,,,4.0,-0.66,9.26,,,,1.5,-3.0,6.9,,,,22.48,19.97,24.69,16.0,20.0,12.0,19.0,,,24.0
2025-12-09,,,,14.54,12.45,16.35,,,,22.35,20.41,24.1,,,,13.94,12.12,15.76,,,,19.15,16.96,21.32,,,,4.0,-0.66,9.26,,,,1.5,-3.0,6.9,,,,22.45,19.98,24.68,,,,,,,
2025-12-10,,,,14.56,12.49,16.38,,,,22.35,20.41,24.1,,,,13.92,12.08,15.71,,,,19.18,17.0,21.34,,,,4.0,-0.66,9.26,,,,1.5,-3.0,6.9,,,,22.42,20.0,24.6,,,,,,,
2025-12-11,,,,14.58,12.51,16.4,,,,22.35,20.41,24.09,,,,13.91,12.02,15.68,,,,19.21,17.05,21.36,,,,4.0,-0.66,9.26,,,,1.5,-3.0,6.9,,,,22.38,20.02,24.54,,,,,,,
2025-12-12,,,,14.6,12.54,16.43,,,,22.35,20.42,24.09,,,,13.89,12.01,15.63,,,,19.24,17.09,21.37,,,,4.0,-0.66,9.26,,,,1.5,-3.0,6.9,,,,22.35,19.99,24.5,,,,,,,
2025-12-13,,,,14.61,12.58,16.45,,,,22.34,20.42,24.08,,,,13.88,12.02,15.58,,,,19.27,17.14,21.4,,,,4.0,-0.66,9.26,,,,1.5,-3.0,6.9,,,,22.32,19.94,24.47,,,,,,,
2025-12-14,,,,14.63,12.61,16.48,,,,22.34,20.42,24.08,,,,13.86,12.02,15.55,,,,19.3,17.15,21.43,,,,4.0,-0.66,9.26,,,,1.5,-3.0,6.9,,,,22.29,19.87,24.43,,,,,,,
2025-12-15,,,,14.65,12.65,16.5,,,,22.34,20.43,24.07,,,,13.85,12.0,15.55,,,,19.33,17.19,21.47,,,,4.0,-0.66,9.26,,,,1.5,-3.0,6.9,,,,22.26,19.88,24.43,14.0,21.0,15.0,21.0,,,21.0
2025-12-16,,,,14.66,12.68,16.51,,,,22.33,20.43,24.06,,,,13.83,11.96,15.54,,,,19.36,17.23,21.51,,,,4.0,-0.66,9.26,,,,1.5,-3.0,6.9,,,,22.24,19.89,24.39,,,,,,,
2025-12-17,,,,14.68,12.71,16.53,,,,22.33,20.43,24.05,,,,13.81,11.91,15.53,,,,19.39,17.27,21.54,,,,,,,,,,,,,,,,22.21,19.87,24.35,,,,,,,
2025-12-18,,,,14.7,12.74,16.54,,,,22.32,20.41,24.04,,,,13.8,11.89,15.5,,,,19.42,17.31,21.58,,,,,,,,,,,,,,,,22.18,19.82,24.32,,,,,,,
2025-12-19,,,,14.71,12.74,16.55,,,,22.32,20.4,24.02,,,,13.78,11.89,15.51,,,,19.44,17.34,21.61,,,,,,,,,,,,,,,,22.15,19.79,24.28,,,,,,,
2025-12-20,,,,14.73,12.75,16.56,,,,22.31,20.42,24.07,,,,13.77,11.89,15.51,,,,19.47,17.38,21.62,,,,,,,,,,,,,,,,22.12,19.79,24.24,,,,,,,
2025-12-21,,,,14.75,12.76,16.57,,,,22.31,20.43,24.06,,,,13.75,11.89,15.49,,,,19.5,17.41,21.61,,,,,,,,,,,,,,,,22.09,19.75,24.21,,,,,,,
2025-12-22,,,,14.76,12.77,16.58,,,,22.3,20.43,24.09,,,,13.74,11.84,15.48,,,,19.53,17.42,21.64,,,,,,,,,,,,,,,,22.06,19.7,24.18,16.0,23.0,16.0,21.0,,,18.0
2025-12-23,,,,14.78,12.75,16.58,,,,22.29,20.43,24.1,,,,13.72,11.86,15.48,,,,19.56,17.41,21.65,,,,,,,,,,,,,,,,22.03,19.65,24.17,,,,,,,
2025-12-24,,,,14.79,12.73,16.58,,,,22.29,20.43,24.13,,,,13.71,11.84,15.47,,,,19.58,17.41,21.67,,,,,,,,,,,,,,,,22.0,19.6,24.16,,,,,,,
2025-12-25,,,,14.81,12.72,16.58,,,,22.28,20.42,24.11,,,,13.7,11.82,15.46,,,,19.61,17.41,21.68,,,,,,,,,,,,,,,,21.97,19.6,24.15,,,,,,,
2025-12-26,,,,14.82,12.75,16.59,,,,22.27,20.42,24.08,,,,13.68,11.79,15.45,,,,19.64,17.41,21.69,,,,3.0,-1.13,8.03,,,,,,,,,,21.95,19.61,24.13,,,,,,,
2025-12-27,,,,14.83,12.76,16.6,,,,22.26,20.42,24.06,,,,13.67,11.77,15.44,,,,19.66,17.42,21.76,,,,3.0,-1.13,8.03,,,,,,,,,,21.92,19.62,24.12,,,,,,,
2025-12-28,,,,14.85,12.75,16.59,,,,22.26,20.41,24.03,,,,13.66,11.74,15.42,,,,19.69,17.43,21.83,,,,3.0,-1.13,8.03,,,,,,,,,,21.89,19.64,24.1,,,,,,,
2025-12-29,,,,14.86,12.73,16.57,,,,22.25,20.41,24.0,,,,13.64,11.72,15.41,,,,19.72,17.45,21.85,,,,3.0,-1.13,8.03,,,,,,,,,,21.86,19.62,24.08,,,,,,,
2025-12-30,,,,14.87,12.71,16.58,,,,22.24,20.4,23.97,,,,13.63,11.71,15.42,,,,19.75,17.46,21.87,,,,3.0,-1.13,8.03,,,,,,,,,,21.83,19.59,24.02,,,,,,,
2025-12-31,,,,14.88,12.7,16.58,,,,22.23,20.38,23.94,,,,13.62,11.7,15.43,,,,19.77,17.47,21.88,,,,3.0,-1.13,8.03,,,,,,,,,,21.8,19.53,23.94,,,,,,,
2026-01-01,,,,14.89,12.71,16.59,,,,22.22,20.36,23.94,,,,13.6,11.69,15.4,,,,19.8,17.49,21.94,,,,3.0,-1.13,8.03,,,,,,,,,,21.77,19.46,23.87,,,,,,,
2026-01-02,,,,14.9,12.7,16.63,,,,22.21,20.37,23.94,,,,13.59,11.67,15.37,,,,19.83,17.54,21.98,,,,3.0,-1.13,8.03,,,,,,,,,,21.74,19.4,23.8,,,,,,,
2026-01-03,,,,14.91,12.68,16.65,,,,22.2,20.38,23.94,,,,13.57,11.63,15.36,,,,19.86,17.6,22.07,,,,3.0,-1.13,8.03,,,,2.0,-2.88,7.41,,,,21.71,19.34,23.72,,,,,,,
2026-01-04,,,,14.92,12.67,16.69,,,,22.19,20.37,23.94,,,,13.56,11.6,15.36,,,,19.89,17.54,22.09,,,,3.0,-1.13,8.03,,,,2.0,-2.88,7.41,,,,21.68,19.29,23.67,,,,,,,
2026-01-05,,,,14.93,12.68,16.72,,,,22.18,20.36,23.91,,,,13.54,11.57,15.37,,,,19.92,17.58,22.12,,,,3.0,-1.13,8.03,,,,2.0,-2.88,7.41,,,,21.65,19.24,23.66,17.0,21.0,17.0,20.0,,,19.0
2026-01-06,,,,14.93,12.69,16.75,,,,22.17,20.35,23.87,,,,13.53,11.55,15.37,,,,19.95,17.64,22.14,,,,3.0,-1.13,8.03,,,,2.0,-2.88,7.41,,,,21.61,19.21,23.62,,,,,,,
2026-01-07,,,,14.94,12.7,16.75,,,,22.16,20.31,23.84,,,,13.51,11.55,15.38,,,,19.98,17.68,22.22,,,,3.0,-1.13,8.03,,,,2.0,-2.88,7.41,,,,21.58,19.22,23.59,,,,,,,
2026-01-08,,,,14.94,12.72,16.74,,,,22.15,20.28,23.8,,,,13.5,11.55,15.4,,,,20.02,17.7,22.21,,,,3.0,-1.13,8.03,,,,2.0,-2.88,7.41,,,,21.55,19.22,23.54,,,,,,,
2026-01-09,,,,14.94,12.74,16.77,,,,22.14,20.24,23.79,,,,13.48,11.5,15.42,,,,20.05,17.75,22.21,,,,3.0,-1.13,8.03,,,,2.0,-2.88,7.41,,,,21.51,19.2,23.49,16.0,20.0,13.0,15.0,,,28.0
2026-01-10,,,,14.95,12.84,16.76,,,,22.12,20.23,23.79,,,,13.46,11.45,15.43,,,,20.09,17.8,22.23,,,,3.0,-1.13,8.03,,,,2.0,-2.88,7.41,,,,21.48,19.15,23.47,,,,,,,
2026-01-11,,,,14.95,12.83,16.75,,,,22.11,20.23,23.79,,,,13.44,11.4,15.44,,,,20.13,17.84,22.25,,,,3.0,-1.13,8.03,,,,2.0,-2.88,7.41,,,,21.44,19.11,23.49,,,,,,,
2026-01-12,,,,14.95,12.82,16.76,,,,22.1,20.23,23.81,,,,13.42,11.38,15.45,,,,20.17,17.88,22.27,,,,3.0,-1.13,8.03,,,,2.0,-2.88,7.41,,,,21.4,19.09,23.45,16.0,24.0,13.0,19.0,,,19.0
2026-01-13,,,,14.95,12.81,16.78,,,,22.08,20.22,23.78,,,,13.4,11.37,15.45,,,,20.21,17.93,22.29,,,,3.0,-1.13,8.03,,,,2.0,-2.88,7.41,,,,21.36,19.08,23.4,,,,,,,
2026-01-14,,,,14.95,12.8,16.77,,,,22.06,20.23,23.78,,,,13.38,11.35,15.44,,,,20.25,17.99,22.3,,,,3.0,-1.13,8.03,,,,2.0,-2.88,7.41,,,,21.32,19.06,23.35,,,,,,,
2026-01-15,,,,14.94,12.81,16.76,,,,22.05,20.23,23.76,,,,13.36,11.37,15.4,,,,20.3,18.09,22.32,,,,3.0,-1.13,8.03,,,,2.0,-2.88,7.41,,,,21.28,19.05,23.3,,,,,,,
2026-01-16,,,,14.94,12.83,16.76,,,,22.03,20.23,23.7,,,,13.34,11.38,15.36,,,,20.34,18.15,22.39,,,,3.0,-1.13,8.03,,,,2.0,-2.88,7.41,,,,21.24,19.03,23.25,,,,,,,
2026-01-17,,,,14.93,12.85,16.75,,,,22.02,20.22,23.66,,,,13.31,11.34,15.32,,,,20.39,18.21,22.41,,,,3.0,-1.13,8.03,,,,2.0,-2.88,7.41,,,,21.2,19.0,23.26,,,,,,,
2026-01-18,,,,14.93,12.86,16.74,,,,22.0,20.2,23.64,,,,13.29,11.3,15.28,,,,20.43,18.28,22.52,,,,3.0,-1.13,8.03,,,,2.0,-2.88,7.41,,,,21.16,18.99,23.21,,,,,,,
2026-01-19,,,,14.92,12.88,16.73,,,,21.98,20.29,23.62,,,,13.27,11.26,15.23,,,,20.48,18.28,22.61,,,,3.0,-1.13,8.03,,,,2.0,-2.88,7.41,,,,21.12,18.98,23.15,15.0,20.0,17.0,20.0,,,20.0
2026-01-20,,,,14.92,12.88,16.72,,,,21.96,20.3,23.6,,,,13.25,11.22,15.19,,,,20.53,18.34,22.68,,,,3.0,-1.13,8.03,,,,2.0,-2.88,7.41,,,,21.08,18.93,23.09,,,,,,,
2026-01-21,,,,14.91,12.88,16.72,,,,21.94,20.31,23.57,,,,13.22,11.18,15.14,,,,20.57,18.4,22.75,,,,3.0,-1.13,8.03,,,,2.0,-2.88,7.41,,,,21.04,18.84,23.02,,,,,,,
2026-01-22,,,,14.9,12.87,16.74,,,,21.92,20.27,23.56,,,,13.2,11.15,15.1,,,,20.62,18.46,22.83,,,,3.0,-1.13,8.03,,,,2.0,-2.88,7.41,,,,21.0,18.86,22.97,,,,,,,
2026-01-23,,,,14.89,12.89,16.77,,,,21.9,20.29,23.56,,,,13.17,11.14,15.1,,,,20.67,18.53,22.9,,,,3.0,-1.13,8.03,,,,2.0,-3.59,7.51,,,,20.96,18.86,22.94,14.0,26.0,12.0,13.0,,,27.0
2026-01-24,,,,14.88,12.87,16.79,,,,21.88,20.3,23.56,,,,13.15,11.15,15.07,,,,20.71,18.59,22.95,,,,3.0,-1.13,8.03,,,,2.0,-3.38,7.44,,,,20.92,18.86,22.92,,,,,,,
2026-01-25,,,,14.87,12.87,16.76,,,,21.86,20.28,23.56,,,,13.12,11.14,15.02,,,,20.76,18.65,22.99,,,,3.0,-1.13,8.03,,,,2.0,-3.38,7.44,,,,20.88,18.83,22.89,,,,,,,
2026-01-26,,,,14.86,12.88,16.78,,,,21.84,20.26,23.56,,,,13.1,11.05,14.99,,,,20.81,18.68,23.03,,,,3.0,-1.13,8.03,,,,2.0,-3.38,7.43,,,,20.84,18.81,22.87,13.0,24.0,13.0,22.0,,,20.0
2026-01-27,,,,14.85,12.88,16.77,,,,21.82,20.27,23.54,,,,13.07,11.01,14.98,,,,20.86,18.73,23.08,,,,3.0,-1.13,8.03,,,,1.99,-3.37,7.41,,,,20.8,18.78,22.82,,,,,,,
2026-01-28,,,,14.83,12.89,16.75,,,,21.8,20.26,23.55,,,,13.05,10.97,14.98,,,,20.91,18.79,23.12,,,,3.0,-1.13,8.03,,,,1.99,-3.36,7.4,,,,20.77,18.77,22.8,,,,,,,
2026-01-29,,,,14.82,12.89,16.74,,,,21.78,20.23,23.56,,,,13.02,10.96,14.94,,,,20.96,18.85,23.16,,,,3.0,-1.13,8.03,,,,1.98,-3.34,7.38,,,,20.73,18.75,22.76,,,,,,,
2026-01-30,,,,14.8,12.89,16.73,,,,21.76,20.2,23.55,,,,13.0,10.96,14.93,,,,21.0,18.91,23.2,,,,3.0,-1.13,8.03,,,,1.97,-3.32,7.35,,,,20.7,18.7,22.71,,,,,,,
2026-01-31,,,,14.79,12.87,16.73,,,,21.74,20.18,23.54,,,,12.97,10.94,14.92,,,,21.05,18.94,23.25,,,,3.0,-1.13,8.03,,,,1.96,-3.3,7.33,,,,20.66,18.69,22.66,,,,,,,
2026-02-01,,,,14.77,12.86,16.71,,,,21.71,20.16,23.53,,,,12.95,10.92,14.9,,,,21.1,18.95,23.29,,,,3.0,-1.13,8.03,,,,1.95,-3.17,7.28,,,,20.63,18.68,22.62,,,,,,,
2026-02-02,,,,14.76,12.84,16.71,,,,21.69,20.15,23.5,,,,12.92,10.93,14.88,,,,21.15,18.96,23.34,,,,3.0,-1.13,8.03,,,,1.93,-3.14,7.18,,,,20.59,18.66,22.58,13.0,23.0,14.0,22.0,,,20.0
2026-02-03,,,,14.74,12.83,16.72,,,,21.67,20.12,23.48,,,,12.89,10.94,14.86,,,,21.2,18.98,23.38,,,,3.0,-1.13,8.03,,,,1.92,-3.12,7.07,,,,20.56,18.61,22.53,,,,,,,
2026-02-04,,,,14.72,12.81,16.7,,,,21.65,20.04,23.47,,,,12.87,10.94,14.84,,,,21.25,19.03,23.43,,,,3.0,-1.13,8.03,,,,1.91,-3.09,7.0,,,,20.53,18.57,22.49,,,,,,,
2026-02-05,,,,14.7,12.8,16.67,,,,21.62,20.0,23.46,,,,12.84,10.89,14.82,,,,21.3,19.08,23.47,,,,3.0,-1.13,8.03,,,,1.89,-3.01,6.95,,,,20.5,18.52,22.45,,,,,,,
2026-02-06,,,,14.68,12.79,16.61,,,,21.6,19.97,23.42,,,,12.81,10.85,14.78,,,,21.35,19.13,23.52,,,,3.0,-1.13,8.03,,,,1.88,-2.91,6.91,,,,20.47,18.47,22.41,16.0,25.0,9.0,17.0,,,26.0
2026-02-07,,,,14.66,12.8,16.56,,,,21.58,19.94,23.36,,,,12.79,10.83,14.71,,,,21.4,19.17,23.57,,,,3.0,-1.13,8.03,,,,1.87,-2.89,6.83,,,,20.44,18.45,22.4,,,,,,,
2026-02-08,,,,14.64,12.77,16.53,,,,21.55,19.9,23.33,,,,12.76,10.82,14.68,,,,21.45,19.21,23.62,,,,3.0,-1.13,8.03,,,,1.85,-2.88,6.71,,,,20.41,18.4,22.4,,,,,,,
2026-02-09,,,,14.62,12.74,16.5,,,,21.53,19.86,23.32,,,,12.73,10.81,14.69,,,,21.5,19.26,23.67,,,,3.0,-1.13,8.03,,,,1.84,-2.83,6.59,,,,20.38,18.4,22.39,17.0,23.0,14.0,17.0,,,23.0
2026-02-10,,,,14.6,12.73,16.48,,,,21.51,19.82,23.3,,,,12.71,10.8,14.68,,,,21.56,19.3,23.72,,,,3.0,-1.13,8.03,,,,1.82,-2.78,6.47,,,,20.36,18.31,22.37,,,,,,,
2026-02-11,,,,14.58,12.71,16.45,,,,21.48,19.81,23.27,,,,12.68,10.8,14.65,,,,21.61,19.34,23.78,,,,3.0,-1.13,8.03,,,,1.81,-2.74,6.42,,,,20.33,18.26,22.33,,,,,,,
2026-02-12,,,,14.56,12.72,16.44,,,,21.46,19.74,23.27,,,,12.66,10.77,14.62,,,,21.65,19.39,23.83,,,,3.0,-1.13,8.03,,,,1.8,-2.74,6.42,,,,20.3,18.26,22.3,,,,,,,
2026-02-13,,,,14.53,12.71,16.43,,,,21.44,19.69,23.24,,,,12.63,10.76,14.59,,,,21.7,19.47,23.88,,,,3.0,-1.13,8.03,,,,1.79,-2.73,6.38,,,,20.28,18.27,22.27,,,,,,,
2026-02-14,,,,14.51,12.67,16.42,,,,21.42,19.71,23.22,,,,12.6,10.75,14.56,,,,21.75,19.53,23.94,,,,3.0,-1.13,8.03,,,,1.77,-2.74,6.35,,,,20.25,18.27,22.23,,,,,,,
2026-02-15,,,,14.49,12.63,16.42,,,,21.39,19.7,23.16,,,,12.58,10.74,14.52,,,,21.8,19.56,23.99,,,,3.0,-1.13,8.03,,,,1.76,-2.74,6.32,,,,20.23,18.27,22.2,,,,,,,
2026-02-16,,,,14.47,12.62,16.41,,,,21.37,19.67,23.13,,,,12.55,10.74,14.48,,,,21.85,19.59,24.04,,,,3.0,-1.13,8.03,,,,1.75,-2.78,6.3,,,,20.2,18.27,22.16,16.0,23.0,11.0,24.0,,,17.0
2026-02-17,,,,14.44,12.62,16.4,,,,21.35,19.66,23.1,,,,12.53,10.69,14.43,,,,21.9,19.63,24.09,,,,3.0,-1.13,8.03,,,,1.74,-2.77,6.29,,,,20.18,18.26,22.12,,,,,,,
2026-02-18,,,,14.42,12.61,16.37,,,,21.32,19.63,23.08,,,,12.5,10.63,14.39,,,,21.94,19.68,24.13,,,,3.0,-1.13,8.03,,,,1.73,-2.74,6.29,,,,20.15,18.21,22.08,,,,,,,
2026-02-19,,,,14.4,12.59,16.32,,,,21.3,19.61,23.08,,,,12.48,10.57,14.35,,,,21.99,19.73,24.18,,,,3.0,-1.13,8.03,,,,1.72,-2.71,6.29,,,,20.13,18.17,22.04,,,,,,,
2026-02-20,,,,14.38,12.54,16.26,,,,21.28,19.58,23.07,,,,12.46,10.51,14.31,,,,22.04,19.78,24.19,,,,3.0,-1.13,8.03,,,,1.71,-2.7,6.3,,,,20.11,18.12,22.0,,,,,,,
2026-02-21,,,,14.36,12.5,16.22,,,,21.25,19.52,23.07,,,,12.43,10.49,14.27,,,,22.08,19.83,24.2,,,,3.0,-1.13,8.03,,,,1.7,-2.72,6.3,,,,20.08,18.07,21.96,,,,,,,
2026-02-22,,,,14.33,12.48,16.19,,,,21.23,19.47,23.07,,,,12.41,10.49,14.23,,,,22.13,19.86,24.27,,,,3.0,-1.13,8.03,,,,1.69,-2.71,6.33,,,,20.06,18.03,21.92,,,,,,,
2026-02-23,,,,14.31,12.5,16.15,,,,21.21,19.48,23.07,,,,12.39,10.49,14.19,,,,22.17,19.89,24.34,,,,3.0,-1.13,8.03,,,,1.68,-2.72,6.35,,,,20.04,18.03,21.88,15.0,19.0,13.0,23.0,,,19.0
2026-02-24,,,,14.29,12.49,16.09,,,,21.18,19.47,23.07,,,,12.37,10.5,14.14,,,,22.22,19.9,24.41,,,,3.0,-1.13,8.03,,,,1.67,-2.77,6.33,,,,20.02,18.04,21.86,,,,,,,
2026-02-25,,,,14.27,12.46,16.04,,,,21.16,19.42,23.07,,,,12.34,10.5,14.1,,,,22.26,19.92,24.45,,,,3.0,-1.13,8.03,,,,1.66,-2.82,6.3,,,,19.99,18.04,21.86,,,,,,,
2026-02-26,,,,14.25,12.4,15.99,,,,21.14,19.38,23.06,,,,12.32,10.47,14.07,,,,22.3,19.97,24.45,,,,3.0,-1.13,8.03,,,,1.66,-2.83,6.3,,,,19.97,18.03,21.86,,,,,,,
2026-02-27,,,,14.23,12.41,15.94,,,,21.11,19.34,23.06,,,,12.3,10.42,14.07,,,,22.35,20.01,24.46,,,,3.0,-1.13,8.03,,,,1.65,-2.85,6.29,,,,19.95,18.03,21.85,,,,,,,
2026-02-28,,,,14.21,12.38,15.9,,,,21.09,19.3,23.05,,,,12.28,10.37,14.06,,,,22.39,20.06,24.53,,,,3.0,-1.13,8.03,,,,1.64,-2.85,6.29,,,,19.93,17.96,21.84,,,,,,,
2026-03-01,,,,14.19,12.36,15.88,,,,21.07,19.26,23.02,,,,12.26,10.32,14.05,,,,22.43,20.11,24.61,,,,3.0,-1.13,8.03,,,,1.63,-2.86,6.28,,,,19.91,17.9,21.77,,,,,,,
2026-03-02,,,,14.16,12.35,15.87,,,,21.04,19.19,22.99,,,,12.25,10.3,14.0,,,,22.47,20.15,24.64,,,,3.0,-1.13,8.03,,,,1.63,-2.91,6.28,,,,19.89,17.84,21.72,15.0,18.0,13.0,27.0,,,19.0
2026-03-03,,,,14.14,12.33,15.86,,,,21.02,19.13,22.98,,,,12.23,10.3,13.95,,,,22.51,20.19,24.68,,,,3.0,-1.13,8.03,,,,1.62,-2.95,6.28,,,,19.86,17.77,21.66,,,,,,,
2026-03-04,,,,14.12,12.3,15.86,,,,20.99,19.06,23.0,,,,12.21,10.29,13.94,,,,22.55,20.2,24.71,,,,3.0,-1.13,8.03,,,,1.61,-2.97,6.28,,,,19.84,17.71,21.68,,,,,,,
2026-03-05,,,,14.11,12.27,15.87,,,,20.97,19.0,22.98,,,,12.19,10.27,13.94,,,,22.59,20.2,24.74,,,,3.0,-1.13,8.03,,,,1.61,-3.0,6.28,,,,19.82,17.73,21.68,,,,,,,
2026-03-06,,,,14.09,12.29,15.87,,,,20.94,18.98,22.95,,,,12.18,10.24,13.91,,,,22.63,20.22,24.77,,,,3.0,-1.13,8.03,,,,1.6,-3.01,6.28,,,,19.8,17.71,21.7,,,,,,,
2026-03-07,,,,14.07,12.26,15.85,,,,20.91,18.96,22.91,,,,12.16,10.22,13.92,,,,22.67,20.3,24.81,,,,3.0,-1.13,8.03,,,,1.6,-3.03,6.23,,,,19.78,17.67,21.66,,,,,,,
2026-03-08,,,,14.05,12.21,15.83,,,,20.89,18.94,22.88,,,,12.15,10.2,13.93,,,,22.71,20.38,24.86,,,,3.0,-1.13,8.03,,,,1.59,-3.05,6.17,,,,19.75,17.68,21.62,,,,,,,
2026-03-09,,,,14.03,12.16,15.82,,,,20.86,18.92,22.85,,,,12.14,10.18,13.94,,,,22.75,20.46,24.95,,,,3.0,-1.13,8.03,,,,1.58,-3.06,6.14,,,,19.73,17.68,21.56,,,,,,,
2026-03-10,,,,14.01,12.12,15.82,,,,20.84,18.9,22.82,,,,12.12,10.17,13.94,,,,22.79,20.49,25.04,,,,3.0,-1.13,8.03,,,,1.58,-3.08,6.13,,,,19.71,17.68,21.5,15.0,18.0,14.0,24.0,,,20.0
2026-03-11,,,,13.99,12.09,15.81,,,,20.81,18.89,22.79,,,,12.11,10.17,13.93,,,,22.83,20.52,25.12,,,,3.0,-1.13,8.03,,,,1.58,-3.1,6.13,,,,19.69,17.63,21.47,,,,,,,
2026-03-12,,,,13.98,12.09,15.81,,,,20.78,18.87,22.75,,,,12.1,10.17,13.94,,,,22.87,20.54,25.21,,,,3.0,-1.13,8.03,,,,1.57,-3.11,6.12,,,,19.66,17.58,21.46,,,,,,,
2026-03-13,,,,13.96,12.11,15.8,,,,20.76,18.81,22.72,,,,12.09,10.18,13.94,,,,22.91,20.57,25.3,,,,3.0,-1.13,8.03,,,,1.57,-3.1,6.12,,,,19.64,17.58,21.46,,,,,,,
2026-03-14,,,,13.94,12.11,15.8,,,,20.73,18.79,22.7,,,,12.08,10.18,13.91,,,,22.95,20.62,25.32,,,,3.0,-1.13,8.03,,,,1.56,-3.07,6.12,,,,19.61,17.58,21.45,,,,,,,
2026-03-15,,,,13.93,12.12,15.79,,,,20.7,18.77,22.7,,,,12.07,10.18,13.89,,,,22.98,20.68,25.35,,,,3.0,-1.13,8.03,,,,1.56,-3.04,6.12,,,,19.59,17.57,21.44,,,,,,,
2026-03-16,,,,13.91,12.1,15.78,,,,20.67,18.73,22.7,,,,12.06,10.17,13.86,,,,23.02,20.69,25.37,,,,3.0,-1.13,8.03,,,,1.55,-3.01,6.11,,,,19.56,17.57,21.41,12.0,21.0,12.0,26.0,,,19.0
2026-03-17,,,,13.9,12.05,15.78,,,,20.65,18.71,22.7,,,,12.06,10.16,13.85,,,,23.05,20.71,25.39,,,,3.0,-1.13,8.03,,,,1.55,-2.98,6.11,,,,19.54,17.57,21.39,,,,,,,
2026-03-18,,,,13.88,12.02,15.77,,,,20.62,18.7,22.67,,,,12.05,10.12,13.84,,,,23.09,20.72,25.4,,,,3.0,-1.13,8.03,,,,1.55,-2.95,6.11,,,,19.51,17.57,21.39,,,,,,,
2026-03-19,,,,13.87,11.98,15.77,,,,20.59,18.7,22.61,,,,12.04,10.06,13.84,,,,23.12,20.74,25.42,,,,3.0,-2.84,8.39,,,,1.54,-3.25,6.3,,,,19.49,17.54,21.39,,,,,,,
2026-03-20,,,,13.86,11.95,15.76,,,,20.57,18.68,22.55,,,,12.04,10.04,13.85,,,,23.16,20.76,25.47,,,,3.0,-4.13,8.34,,,,1.54,-3.27,6.3,,,,19.46,17.54,21.39,,,,,,,
2026-03-21,,,,13.84,11.94,15.74,,,,20.54,18.64,22.54,,,,12.03,10.04,13.86,,,,23.19,20.79,25.54,,,,3.0,-4.13,8.34,,,,1.54,-3.28,6.3,,,,19.44,17.53,21.4,,,,,,,
2026-03-22,,,,13.83,11.95,15.72,,,,20.51,18.61,22.54,,,,12.03,10.02,13.85,,,,23.22,20.81,25.61,,,,3.0,-4.13,8.32,,,,1.53,-3.29,6.29,,,,19.41,17.49,21.4,,,,,,,
2026-03-23,,,,13.82,11.95,15.7,,,,20.48,18.58,22.54,,,,12.02,10.02,13.83,,,,23.25,20.84,25.61,,,,3.0,-4.13,8.3,,,,1.53,-3.3,6.28,,,,19.39,17.46,21.36,12.0,25.0,12.0,22.0,,,18.0
2026-03-24,,,,13.81,11.94,15.72,,,,20.46,18.55,22.53,,,,12.02,10.02,13.82,,,,23.28,20.92,25.67,,,,2.99,-4.13,8.28,,,,1.53,-3.31,6.27,,,,19.36,17.42,21.33,,,,,,,
2026-03-25,,,,13.8,11.92,15.74,,,,20.43,18.53,22.5,,,,12.02,10.02,13.81,,,,23.31,20.99,25.71,,,,2.99,-4.12,8.25,,,,1.53,-3.32,6.25,,,,19.34,17.39,21.32,13.5,20.0,9.0,25.0,3.0,,18.0
2026-03-26,,,,13.79,11.91,15.73,,,,20.4,18.53,22.48,,,,12.02,10.01,13.79,,,,23.33,21.07,25.76,,,,2.99,-4.12,8.18,,,,1.53,-3.33,6.22,,,,19.32,17.35,21.31,,,,,,,
2026-03-27,,,,13.78,11.9,15.73,,,,20.38,18.53,22.46,,,,12.01,10.01,13.78,,,,23.35,21.13,25.81,,,,2.98,-4.11,8.09,,,,1.53,-3.34,6.19,,,,19.3,17.32,21.3,,,,,,,
2026-03-28,,,,13.78,11.89,15.72,,,,20.35,18.48,22.43,,,,12.01,10.0,13.76,,,,23.37,21.14,25.86,,,,2.97,-4.11,7.98,,,,1.53,-3.36,6.17,,,,19.28,17.29,21.3,,,,,,,
2026-03-29,,,,13.77,11.88,15.7,,,,20.32,18.42,22.41,,,,12.01,9.98,13.74,,,,23.39,21.15,25.9,,,,2.96,-4.11,7.91,,,,1.54,-3.35,6.18,,,,19.26,17.26,21.29,,,,,,,
2026-03-30,,,,13.77,11.87,15.68,,,,20.3,18.37,22.36,,,,12.01,9.97,13.72,,,,23.4,21.15,25.89,,,,2.95,-4.11,7.87,,,,1.54,-3.34,6.18,,,,19.24,17.23,21.28,14.0,21.0,11.0,25.0,,,18.0
2026-03-31,,,,13.76,11.87,15.66,,,,20.28,18.31,22.3,,,,12.01,9.95,13.74,,,,23.41,21.13,25.88,,,,2.94,-4.11,7.84,,,,1.54,-3.33,6.16,,,,19.22,17.2,21.27,,,,,,,
2026-04-01,,,,13.76,11.87,15.64,,,,20.25,18.29,22.23,,,,12.01,9.94,13.76,,,,23.42,21.11,25.86,,,,2.93,-3.97,7.82,,,,1.55,-3.31,6.13,,,,19.21,17.17,21.22,,,,,,,
2026-04-02,,,,13.76,11.86,15.61,,,,20.23,18.28,22.16,,,,12.02,9.96,13.78,,,,23.42,21.11,25.83,,,,2.91,-3.78,7.8,,,,1.56,-3.25,6.03,,,,19.2,17.15,21.2,13.5,20.0,10.5,26.0,,2.0,18.0
2026-04-03,,,,13.76,11.87,15.6,,,,20.21,18.23,22.09,,,,12.02,9.98,13.79,,,,23.42,21.14,25.84,,,,2.9,-3.7,7.77,,,,1.56,-3.16,5.97,,,,19.18,17.12,21.22,,,,,,,
2026-04-04,,,,13.76,11.87,15.58,,,,20.18,18.18,22.07,,,,12.02,10.03,13.8,,,,23.42,21.15,25.8,,,,2.88,-4.27,7.74,,,,1.57,-3.05,5.99,,,,19.18,17.11,21.23,,,,,,,
2026-04-05,,,,13.76,11.87,15.58,,,,20.16,18.13,22.05,,,,12.02,10.05,13.82,,,,23.41,21.15,25.74,,,,2.86,-4.27,7.55,,,,1.58,-2.94,6.02,,,,19.17,17.1,21.24,,,,,,,
2026-04-06,,,,13.77,11.88,15.59,,,,20.15,18.09,22.04,,,,12.02,10.06,13.83,,,,23.4,21.15,25.73,,,,2.84,-4.21,7.32,,,,1.59,-2.83,5.99,,,,19.17,17.08,21.2,,,,,,,
2026-04-07,,,,13.77,11.89,15.58,,,,20.13,18.08,22.02,,,,12.03,10.07,13.83,,,,23.39,21.14,25.7,,,,2.82,-4.16,7.25,,,,1.6,-2.72,5.97,,,,19.17,17.09,21.18,14.0,19.0,15.0,19.0,,,18.0
2026-04-08,,,,13.77,11.89,15.59,,,,20.12,18.04,22.01,,,,12.03,10.1,13.84,,,,23.37,21.14,25.65,,,,2.8,-4.02,7.23,,,,1.61,-2.6,5.94,,,,19.17,17.12,21.17,,,,,,,
2026-04-09,,,,13.78,11.91,15.6,,,,20.1,18.03,22.02,,,,12.03,10.1,13.84,,,,23.35,21.12,25.62,,,,2.78,-3.91,7.09,,,,1.62,-2.55,5.89,,,,19.17,17.15,21.15,,,,,,,
2026-04-10,,,,13.79,11.93,15.63,,,,20.09,18.03,22.02,,,,12.03,10.08,13.83,,,,23.32,21.03,25.63,,,,2.76,-3.61,6.95,,,,1.63,-2.52,5.77,,,,19.18,17.18,21.14,,,,,,,
2026-04-11,,,,13.79,11.94,15.65,,,,20.09,18.04,22.02,,,,12.03,10.09,13.83,,,,23.29,20.95,25.62,,,,2.74,-3.56,6.8,,,,1.64,-2.5,5.63,,,,19.19,17.19,21.15,,,,,,,
2026-04-12,,,,13.8,11.96,15.66,,,,20.08,18.02,22.01,,,,12.04,10.13,13.83,,,,23.25,20.97,25.59,,,,2.72,-3.51,6.66,,,,1.65,-2.49,5.48,,,,19.21,17.2,21.13,,,,,,,
2026-04-13,,,,13.81,11.98,15.67,,,,20.08,18.02,21.99,,,,12.04,10.13,13.82,,,,23.21,20.97,25.56,,,,2.7,-3.44,6.5,,,,1.66,-2.47,5.33,,,,19.23,17.25,21.15,16.0,18.0,13.0,23.0,,,19.0
2026-04-14,,,,13.82,11.98,15.65,,,,20.08,18.08,22.0,,,,12.04,10.13,13.81,,,,23.17,20.93,25.52,,,,2.68,-3.37,6.34,,,,1.67,-2.44,5.28,,,,19.25,17.26,21.18,,,,,,,
2026-04-15,,,,13.83,11.96,15.64,,,,20.09,18.12,21.98,,,,12.04,10.14,13.8,,,,23.11,20.85,25.45,,,,2.66,-3.3,6.2,,,,1.68,-2.42,5.24,,,,19.28,17.33,21.24,,,,,,,
2026-04-16,,,,13.84,11.98,15.61,,,,20.09,18.14,21.97,,,,12.04,10.14,13.79,,,,23.06,20.75,25.36,,,,2.64,-3.22,6.21,,,,1.69,-2.4,5.2,,,,19.31,17.39,21.26,,,,,,,
2026-04-17,,,,13.85,12.03,15.61,,,,20.1,18.16,21.96,,,,12.04,10.15,13.77,,,,23.0,20.71,25.28,,,,2.62,-3.14,6.22,,,,1.7,-2.38,5.17,,,,19.34,17.43,21.3,,,,,,,
2026-04-18,,,,13.87,12.04,15.62,,,,20.12,18.19,21.95,,,,12.04,10.16,13.74,,,,22.94,20.68,25.18,,,,2.61,-3.07,6.09,,,,1.71,-2.36,5.13,,,,19.38,17.48,21.31,,,,,,,
2026-04-19,,,,13.88,12.07,15.65,,,,20.13,18.27,21.96,,,,12.04,10.17,13.72,,,,22.87,20.64,25.09,,,,2.59,-2.96,6.13,,,,1.72,-2.34,5.16,,,,19.42,17.58,21.33,,,,,,,
2026-04-20,,,,13.9,12.14,15.66,,,,20.15,18.31,22.0,,,,12.04,10.18,13.71,,,,22.79,20.6,25.02,,,,2.57,-2.91,6.16,,,,1.73,-2.33,5.17,,,,19.47,17.64,21.35,11.0,20.0,11.0,25.0,,,23.0
2026-04-21,,,,13.91,12.23,15.68,,,,20.18,18.33,22.02,,,,12.04,10.19,13.67,,,,22.71,20.54,24.93,,,,2.55,-2.78,6.21,,,,1.74,-2.3,5.19,,,,19.51,17.69,21.38,,,,,,,
2026-04-22,,,,13.93,12.25,15.69,,,,20.2,18.35,22.04,,,,12.04,10.2,13.65,,,,22.63,20.46,24.86,,,,2.54,-2.7,6.14,,,,1.75,-2.28,5.21,,,,19.56,17.73,21.46,,,,,,,
2026-04-23,,,,13.95,12.29,15.69,,,,20.23,18.41,22.06,,,,12.04,10.21,13.66,,,,22.55,20.35,24.77,,,,2.52,-2.6,6.01,,,,1.76,-2.23,5.22,,,,19.61,17.79,21.5,11.5,17.5,11.5,28.5,,1.0,18.0
2026-04-24,,,,13.97,12.33,15.7,,,,20.27,18.43,22.08,,,,12.03,10.22,13.63,,,,22.46,20.22,24.68,,,,2.51,-2.59,5.86,,,,1.77,-2.2,5.16,,,,19.67,17.86,21.5,,,,,,,
2026-04-25,,,,13.99,12.37,15.7,,,,20.3,18.43,22.11,,,,12.03,10.23,13.59,,,,22.36,20.16,24.57,,,,2.49,-2.61,5.84,,,,1.77,-2.17,5.1,,,,19.72,17.93,21.57,,,,,,,
2026-04-26,,,,14.01,12.41,15.71,,,,20.34,18.46,22.16,,,,12.03,10.24,13.56,,,,22.27,20.09,24.46,,,,2.48,-2.45,5.82,,,,1.78,-2.11,5.02,,,,19.78,17.99,21.65,,,,,,,
2026-04-27,,,,14.03,12.48,15.71,,,,20.38,18.49,22.19,,,,12.03,10.25,13.52,,,,22.17,20.02,24.35,,,,2.47,-2.4,5.8,,,,1.79,-2.0,4.96,,,,19.84,18.06,21.74,15.0,21.0,11.0,20.0,,,22.0
2026-04-28,,,,14.05,12.5,15.72,,,,20.43,18.52,22.22,,,,12.03,10.26,13.51,,,,22.06,19.94,24.27,,,,2.46,-2.28,5.67,,,,1.8,-1.95,4.88,,,,19.9,18.14,21.8,,,,,,,
2026-04-29,,,,14.07,12.56,15.72,,,,20.48,18.56,22.25,,,,12.02,10.29,13.49,,,,21.95,19.85,24.1,,,,2.45,-2.17,5.65,,,,1.81,-1.94,4.87,,,,19.96,18.2,21.88,,,,,,,
2026-04-30,,,,14.09,12.58,15.71,,,,20.53,18.6,22.29,,,,12.02,10.29,13.46,,,,21.84,19.74,23.94,,,,2.44,-2.04,5.63,,,,1.82,-1.84,4.88,,,,20.02,18.25,21.95,,,,,,,
2026-05-01,,,,14.12,12.59,15.7,,,,20.59,18.65,22.34,,,,12.02,10.33,13.43,,,,21.73,19.63,23.79,,,,2.44,-2.03,5.65,,,,1.83,-1.73,4.9,,,,20.08,18.31,21.98,,,,,,,
2026-05-02,,,,14.14,12.61,15.7,,,,20.65,18.77,22.38,,,,12.01,10.35,13.4,,,,21.61,19.52,23.64,,,,2.43,-1.9,5.61,,,,1.84,-1.59,4.92,,,,20.14,18.4,22.01,,,,,,,
2026-05-03,,,,14.16,12.63,15.7,,,,20.71,18.82,22.4,,,,12.01,10.37,13.37,,,,21.48,19.41,23.5,,,,2.42,-1.89,5.5,,,,1.85,-1.55,4.95,,,,20.2,18.52,22.1,,,,,,,
2026-05-04,,,,14.19,12.71,15.7,,,,20.77,18.88,22.47,,,,12.0,10.34,13.33,,,,21.36,19.24,23.37,,,,2.42,-1.57,5.39,,,,1.86,-1.49,4.97,,,,20.27,18.59,22.15,,,,,,,
2026-05-05,,,,14.21,12.79,15.7,,,,20.84,18.95,22.52,,,,11.99,10.32,13.31,,,,21.23,19.17,23.23,,,,2.42,-1.47,5.4,,,,1.87,-1.41,4.88,,,,20.33,18.65,22.16,11.0,23.0,13.0,20.0,,,18.0
2026-05-06,,,,14.24,12.8,15.72,,,,20.92,19.05,22.59,,,,11.98,10.29,13.34,,,,21.1,19.04,23.1,,,,2.41,-1.35,5.4,,,,1.89,-1.34,4.79,,,,20.39,18.71,22.18,,,,,,,
2026-05-07,,,,14.26,12.84,15.75,,,,21.0,19.18,22.67,,,,11.98,10.28,13.36,,,,20.96,18.86,22.96,,,,2.41,-1.25,5.38,,,,1.9,-1.27,4.72,,,,20.45,18.75,22.21,,,,,,,
2026-05-08,,,,14.29,12.87,15.78,,,,21.08,19.28,22.77,,,,11.97,10.28,13.39,,,,20.83,18.75,22.81,,,,2.41,-1.14,5.36,,,,1.92,-1.21,4.7,,,,20.52,18.81,22.26,,,,,,,
2026-05-09,,,,14.31,12.9,15.8,,,,21.16,19.34,22.83,,,,11.96,10.27,13.41,,,,20.69,18.56,22.67,,,,2.41,-1.05,5.34,,,,1.93,-1.17,4.66,,,,20.58,18.85,22.31,,,,,,,
2026-05-10,,,,14.34,12.93,15.79,,,,21.24,19.41,22.87,,,,11.95,10.27,13.42,,,,20.55,18.38,22.53,,,,2.41,-0.97,5.32,,,,1.95,-1.12,4.58,,,,20.64,18.89,22.36,,,,,,,
2026-05-11,,,,14.36,12.96,15.76,,,,21.33,19.49,22.94,,,,11.94,10.26,13.42,,,,20.41,18.19,22.38,,,,2.41,-0.93,5.3,,,,1.96,-1.04,4.49,,,,20.69,18.92,22.39,14.0,18.0,12.0,21.0,,,20.0
2026-05-12,,,,14.39,13.0,15.8,,,,21.42,19.53,23.0,,,,11.92,10.25,13.41,,,,20.27,18.03,22.23,,,,2.42,-0.88,5.29,,,,1.98,-0.95,4.48,,,,20.75,18.97,22.46,,,,,,,
2026-05-13,,,,14.41,13.07,15.83,,,,21.51,19.63,23.06,,,,11.91,10.26,13.4,,,,20.13,17.87,22.09,,,,2.42,-0.84,5.18,,,,1.99,-0.86,4.47,,,,20.81,19.03,22.51,,,,,,,
2026-05-14,,,,14.43,13.14,15.85,,,,21.61,19.73,23.2,,,,11.9,10.25,13.39,,,,19.99,17.71,21.94,,,,2.42,-0.84,5.23,,,,2.01,-0.79,4.45,,,,20.86,19.09,22.53,,,,,,,
2026-05-15,,,,14.45,13.12,15.88,,,,21.7,19.84,23.34,,,,11.89,10.23,13.37,,,,19.86,17.56,21.79,,,,2.42,-0.83,5.24,,,,2.02,-0.72,4.44,,,,20.91,19.15,22.56,,,,,,,
2026-05-16,,,,14.48,13.19,15.87,,,,21.8,19.94,23.45,,,,11.87,10.24,13.32,,,,19.72,17.43,21.56,,,,2.42,-0.69,5.2,,,,2.04,-0.7,4.42,,,,20.97,19.21,22.6,,,,,,,
2026-05-17,,,,14.5,13.21,15.89,,,,21.9,20.03,23.51,,,,11.86,10.24,13.27,,,,19.58,17.31,21.43,,,,2.43,-0.65,5.15,,,,2.06,-0.69,4.44,,,,21.02,19.26,22.68,,,,,,,
2026-05-18,,,,14.52,13.24,15.91,,,,21.99,20.11,23.61,,,,11.85,10.24,13.21,,,,19.45,17.19,21.31,,,,2.43,-0.61,5.14,,,,2.07,-0.67,4.37,,,,21.07,19.31,22.73,14.0,20.0,16.0,23.0,,,18.0
2026-05-19,,,,14.54,13.24,15.9,,,,22.09,20.2,23.74,,,,11.83,10.24,13.14,,,,19.31,17.08,21.19,,,,2.43,-0.61,5.11,,,,2.09,-0.66,4.35,,,,21.11,19.33,22.77,,,,,,,
2026-05-20,,,,14.56,13.23,15.88,,,,22.19,20.28,23.88,,,,11.82,10.25,13.07,,,,19.18,16.96,21.03,,,,2.43,-0.59,5.05,,,,2.1,-0.64,4.36,,,,21.16,19.38,22.78,,,,,,,
2026-05-21,,,,14.57,13.24,15.87,,,,22.29,20.37,24.0,,,,11.8,10.25,13.0,,,,19.05,16.82,20.89,,,,2.43,-0.59,5.07,,,,2.12,-0.63,4.4,,,,21.21,19.39,22.77,,,,,,,
2026-05-22,,,,14.59,13.24,15.88,,,,22.39,20.46,24.07,,,,11.79,10.26,12.99,,,,18.92,16.6,20.74,,,,2.44,-0.58,5.16,,,,2.13,-0.56,4.38,,,,21.25,19.43,22.79,,,,,,,
2026-05-23,,,,14.61,13.27,15.9,,,,22.5,20.55,24.15,,,,11.77,10.29,12.97,,,,18.79,16.47,20.58,,,,2.44,-0.59,5.15,,,,2.15,-0.54,4.39,,,,21.29,19.46,22.87,,,,,,,
2026-05-24,,,,14.63,13.3,15.91,,,,22.6,20.65,24.22,,,,11.76,10.32,12.94,,,,18.66,16.35,20.45,,,,2.44,-0.51,5.12,,,,2.16,-0.52,4.4,,,,21.34,19.5,22.91,,,,,,,
2026-05-25,,,,14.64,13.32,15.93,,,,22.7,20.75,24.32,,,,11.74,10.34,12.93,,,,18.53,16.24,20.33,,,,2.44,-0.44,5.07,,,,2.17,-0.46,4.42,,,,21.38,19.56,22.97,,,,,,,
2026-05-26,,,,14.66,13.31,15.92,,,,22.8,20.85,24.4,,,,11.72,10.37,12.92,,,,18.41,16.13,20.18,,,,2.44,-0.36,5.02,,,,2.19,-0.36,4.43,,,,21.42,19.64,23.03,15.0,17.0,14.0,23.0,,,17.0
2026-05-27,,,,14.67,13.3,15.91,,,,22.9,20.97,24.47,,,,11.71,10.38,12.9,,,,18.29,16.03,20.05,,,,2.45,-0.29,5.03,,,,2.2,-0.34,4.46,,,,21.46,19.71,23.07,,,,,,,
2026-05-28,,,,14.69,13.32,15.93,,,,23.0,21.09,24.58,,,,11.69,10.37,12.88,,,,18.17,15.9,19.92,,,,2.45,-0.22,5.1,,,,2.21,-0.3,4.47,,,,21.5,19.76,23.1,,,,,,,
2026-05-29,,,,14.7,13.36,15.96,,,,23.1,21.22,24.7,,,,11.67,10.35,12.86,,,,18.05,15.8,19.81,,,,2.45,-0.16,5.1,,,,2.22,-0.29,4.48,,,,21.53,19.8,23.15,,,,,,,
2026-05-30,,,,14.72,13.41,15.96,,,,23.2,21.33,24.8,,,,11.66,10.35,12.82,,,,17.94,15.73,19.71,,,,2.45,-0.14,5.13,,,,2.23,-0.25,4.52,,,,21.57,19.85,23.19,,,,,,,
2026-05-31,,,,14.73,13.44,15.96,,,,23.3,21.42,24.91,,,,11.64,10.35,12.77,,,,17.82,15.64,19.6,,,,2.45,-0.1,5.17,,,,2.24,-0.19,4.54,,,,21.6,19.9,23.23,,,,,,,
2026-06-01,,,,14.74,13.48,15.99,,,,23.39,21.54,25.02,,,,11.63,10.34,12.76,,,,17.71,15.53,19.49,,,,2.45,-0.09,5.13,,,,2.25,-0.24,4.6,,,,21.64,19.94,23.24,15.0,22.0,13.0,22.0,,,18.0
2026-06-02,,,,14.76,13.51,16.01,,,,23.49,21.68,25.12,,,,11.61,10.33,12.75,,,,17.61,15.44,19.38,,,,2.45,-0.09,5.1,,,,2.26,-0.28,4.65,,,,21.67,19.98,23.29,,,,,,,
2026-06-03,,,,14.77,13.49,16.01,,,,23.58,21.75,25.23,,,,11.59,10.32,12.75,,,,17.5,15.35,19.26,,,,2.45,-0.12,5.06,,,,2.27,-0.32,4.62,,,,21.7,20.0,23.33,,,,,,,
2026-06-04,,,,14.78,13.46,16.0,,,,23.67,21.84,25.33,,,,11.58,10.32,12.74,,,,17.4,15.26,19.14,,,,2.45,-0.14,5.05,,,,2.28,-0.32,4.6,,,,21.73,20.04,23.36,,,,,,,
2026-06-05,,,,14.79,13.47,16.03,,,,23.76,21.93,25.43,,,,11.56,10.31,12.72,,,,17.3,15.17,19.02,,,,2.45,-0.12,5.05,,,,2.29,-0.27,4.61,,,,21.76,20.04,23.38,,,,,,,
2026-06-06,,,,14.8,13.51,16.06,,,,23.85,22.01,25.52,,,,11.55,10.3,12.69,,,,17.2,15.09,18.93,,,,2.45,-0.1,5.04,,,,2.3,-0.3,4.63,,,,21.79,20.05,23.4,,,,,,,
2026-06-07,,,,14.81,13.53,16.09,,,,23.94,22.1,25.61,,,,11.53,10.29,12.68,,,,17.11,15.01,18.84,,,,2.45,-0.08,5.01,,,,2.3,-0.34,4.65,,,,21.82,20.06,23.42,,,,,,,
2026-06-08,,,,14.82,13.56,16.09,,,,24.03,22.18,25.7,,,,11.51,10.26,12.68,,,,17.02,14.94,18.78,,,,2.45,-0.09,4.97,,,,2.31,-0.32,4.67,,,,21.84,20.1,23.44,18.0,19.0,13.0,19.0,,,21.0
2026-06-09,,,,14.83,13.58,16.1,,,,24.11,22.27,25.79,,,,11.5,10.24,12.67,,,,16.93,14.87,18.72,,,,2.45,-0.08,4.94,,,,2.32,-0.31,4.68,,,,21.87,20.11,23.45,,,,,,,
2026-06-10,,,,14.84,13.59,16.13,,,,24.19,22.36,25.87,,,,11.48,10.21,12.65,,,,16.84,14.8,18.66,,,,2.45,-0.11,4.92,,,,2.32,-0.29,4.68,,,,21.9,20.11,23.47,,,,,,,
2026-06-11,,,,14.85,13.58,16.14,,,,24.28,22.46,25.96,,,,11.47,10.21,12.63,,,,16.76,14.73,18.57,,,,2.45,-0.14,4.89,,,,2.33,-0.33,4.68,,,,21.92,20.12,23.49,,,,,,,
2026-06-12,,,,14.86,13.59,16.15,,,,24.35,22.55,26.03,,,,11.45,10.19,12.6,,,,16.67,14.65,18.47,,,,2.45,-0.16,4.9,,,,2.34,-0.37,4.68,,,,21.94,20.13,23.51,,,,,,,
2026-06-13,,,,14.87,13.58,16.16,,,,24.43,22.64,26.09,,,,11.44,10.17,12.58,,,,16.6,14.57,18.38,,,,2.45,-0.18,4.91,,,,2.34,-0.41,4.69,,,,21.97,20.14,23.57,,,,,,,
2026-06-14,,,,14.87,13.58,16.17,,,,24.51,22.73,26.15,,,,11.42,10.17,12.57,,,,16.52,14.5,18.33,,,,2.45,-0.2,4.92,,,,2.35,-0.45,4.7,,,,21.99,20.14,23.63,,,,,,,
2026-06-15,,,,14.88,13.6,16.18,,,,24.58,22.82,26.22,,,,11.41,10.16,12.56,,,,16.44,14.43,18.29,,,,2.45,-0.2,4.94,,,,2.35,-0.49,4.71,,,,22.01,20.15,23.69,14.0,22.0,14.0,20.0,,,19.0
2026-06-16,,,,14.89,13.61,16.2,,,,24.65,22.9,26.28,,,,11.39,10.16,12.55,,,,16.37,14.36,18.23,,,,2.45,-0.2,4.95,,,,2.36,-0.53,4.71,,,,22.03,20.17,23.73,,,,,,,
2026-06-17,,,,14.9,13.6,16.23,,,,24.72,22.98,26.33,,,,11.38,10.15,12.54,,,,16.3,14.3,18.17,,,,2.45,-0.2,4.96,,,,2.36,-0.57,4.71,,,,22.05,20.19,23.75,17.5,20.0,12.0,11.5,1.5,3.0,26.5
2026-06-18,,,,14.9,13.6,16.25,,,,24.79,23.06,26.39,,,,11.36,10.15,12.51,,,,16.24,14.25,18.11,,,,2.45,-0.2,4.97,,,,2.37,-0.61,4.71,,,,22.07,20.2,23.77,,,,,,,
2026-06-19,,,,14.91,13.6,16.27,,,,24.85,23.12,26.45,,,,11.35,10.14,12.49,,,,16.17,14.19,18.04,,,,2.45,-0.2,4.98,,,,2.37,-0.64,4.72,,,,22.09,20.21,23.78,,,,,,,
2026-06-20,,,,14.92,13.6,16.29,,,,24.92,23.18,26.5,,,,11.34,10.12,12.5,,,,16.11,14.14,17.98,,,,2.45,-0.2,4.99,,,,2.37,-0.66,4.74,,,,22.1,20.22,23.8,,,,,,,
2026-06-21,,,,14.92,13.61,16.31,,,,24.98,23.24,26.55,,,,11.32,10.11,12.49,,,,16.05,14.09,17.94,,,,2.45,-0.2,4.95,,,,2.38,-0.69,4.77,,,,22.12,20.23,23.82,,,,,,,
2026-06-22,,,,14.93,13.61,16.33,,,,25.04,23.29,26.61,,,,11.31,10.11,12.48,,,,15.99,14.02,17.91,,,,2.45,-0.21,4.88,,,,2.38,-0.71,4.8,,,,22.14,20.24,23.83,17.0,21.0,11.0,20.0,,,22.0
2026-06-23,,,,14.94,13.6,16.35,,,,25.1,23.35,26.67,,,,11.3,10.11,12.46,,,,15.93,13.94,17.83,,,,2.45,-0.21,4.82,,,,2.38,-0.7,4.82,,,,22.15,20.24,23.84,,,,,,,
2026-06-24,,,,14.94,13.58,16.37,,,,25.16,23.42,26.72,,,,11.28,10.1,12.45,,,,15.88,13.88,17.79,,,,2.45,-0.22,4.8,,,,2.39,-0.69,4.84,,,,22.17,20.25,23.86,,,,,,,
2026-06-25,,,,14.95,13.57,16.39,,,,25.21,23.47,26.76,,,,11.27,10.08,12.44,,,,15.83,13.82,17.75,,,,2.45,-0.22,4.8,,,,2.39,-0.68,4.86,,,,22.18,20.27,23.87,,,,,,,
2026-06-26,,,,14.95,13.6,16.41,,,,25.26,23.53,26.81,,,,11.26,10.06,12.43,,,,15.77,13.75,17.7,,,,2.45,-0.23,4.81,,,,2.39,-0.67,4.87,,,,22.2,20.29,23.88,,,,,,,
2026-06-27,,,,14.96,13.62,16.42,,,,25.32,23.57,26.88,,,,11.24,10.04,12.41,,,,15.73,13.72,17.66,,,,2.45,-0.25,4.81,,,,2.39,-0.66,4.86,,,,22.21,20.3,23.91,,,,,,,
2026-06-28,,,,14.96,13.62,16.44,,,,25.37,23.63,26.94,,,,11.23,10.03,12.39,,,,15.68,13.68,17.62,,,,2.45,-0.27,4.81,,,,2.4,-0.64,4.85,,,,22.23,20.32,23.93,,,,,,,
2026-06-29,,,,14.97,13.62,16.45,,,,25.41,23.68,27.01,,,,11.22,10.0,12.37,,,,15.63,13.64,17.59,,,,2.45,-0.29,4.81,,,,2.4,-0.63,4.84,,,,22.24,20.34,23.94,14.3,25.3,10.0,14.3,,,28.3
2026-06-30,,,,14.97,13.62,16.47,,,,25.46,23.72,27.06,,,,11.21,9.99,12.34,,,,15.59,13.6,17.56,,,,2.45,-0.3,4.81,,,,2.4,-0.62,4.83,,,,22.26,20.36,23.95,,,,,,,
2026-07-01,,,,14.98,13.62,16.47,,,,25.51,23.76,27.1,,,,11.2,9.99,12.32,,,,15.54,13.56,17.52,,,,2.45,-0.3,4.81,,,,2.4,-0.61,4.82,,,,22.27,20.37,23.95,,,,,,,
2026-07-02,,,,14.98,13.63,16.47,,,,25.55,23.77,27.13,,,,11.19,9.97,12.29,,,,15.5,13.52,17.48,,,,2.45,-0.3,4.82,,,,2.4,-0.6,4.9,,,,22.29,20.39,23.99,13.0,26.0,11.0,21.5,,,19.5
2026-07-03,,,,14.99,13.64,16.5,,,,25.6,23.81,27.16,,,,11.18,9.94,12.29,,,,15.46,13.5,17.42,,,,2.45,-0.3,4.82,,,,2.4,-0.58,4.89,,,,22.3,20.41,24.0,17.0,25.0,9.0,14.0,3.0,1.0,25.0
2026-07-04,,,,14.99,13.65,16.51,,,,25.64,23.86,27.22,,,,11.16,9.93,12.31,,,,15.42,13.47,17.39,,,,2.45,-0.29,4.82,,,,2.4,-0.57,4.88,,,,22.31,20.42,24.01,,,,,,,
2026-07-05,,,,15.0,13.65,16.51,,,,25.68,23.9,27.3,,,,11.15,9.92,12.31,,,,15.38,13.44,17.36,,,,2.45,-0.29,4.82,,,,2.4,-0.56,4.87,,,,22.33,20.41,24.02,,,,,,,
2026-07-06,,,,15.0,13.64,16.51,,,,25.72,23.92,27.37,,,,11.14,9.91,12.3,,,,15.34,13.39,17.33,,,,2.45,-0.29,4.83,,,,2.4,-0.55,4.86,,,,22.34,20.4,24.04,18.5,23.0,12.0,11.0,,,29.5
2026-07-07,,,,15.0,13.64,16.51,,,,25.76,23.95,27.45,,,,11.13,9.9,12.29,,,,15.31,13.35,17.3,,,,2.45,-0.28,4.83,,,,2.4,-0.55,4.85,,,,22.35,20.4,24.04,,,,,,,
2026-07-08,,,,15.01,13.63,16.51,,,,25.8,23.99,27.47,,,,11.12,9.88,12.27,,,,15.27,13.3,17.28,,,,2.45,-0.28,4.83,,,,2.4,-0.54,4.84,,,,22.37,20.4,24.07,,,,,,,
2026-07-09,,,,15.01,13.63,16.51,,,,25.83,24.02,27.49,,,,11.11,9.87,12.27,,,,15.24,13.27,17.25,,,,2.44,-0.28,4.83,,,,2.4,-0.53,4.83,,,,22.38,20.4,24.1,13.0,23.0,15.0,24.0,,,16.0
2026-07-10,,,,15.01,13.62,16.5,,,,25.87,24.05,27.52,,,,11.1,9.86,12.26,,,,15.21,13.24,17.23,,,,2.45,-0.29,4.84,,,,2.4,-0.52,4.82,,,,22.39,20.41,24.14,12.0,20.0,14.0,17.0,,,27.0
2026-07-11,,,,15.02,13.62,16.51,,,,25.91,24.1,27.54,,,,11.09,9.84,12.25,,,,15.18,13.2,17.2,,,,2.45,-0.29,4.85,,,,2.4,-0.51,4.81,,,,22.4,20.41,24.17,,,,,,,
2026-07-12,,,,15.02,13.62,16.51,,,,25.94,24.16,27.56,,,,11.08,9.83,12.25,,,,15.15,13.17,17.17,,,,2.45,-0.29,4.85,,,,2.4,-0.51,4.8,,,,22.42,20.41,24.2,,,,,,,
2026-07-13,,,,15.02,13.61,16.5,,,,25.97,24.22,27.57,,,,11.07,9.82,12.25,,,,15.12,13.13,17.14,,,,2.45,-0.3,4.85,,,,2.4,-0.51,4.79,,,,22.43,20.43,24.22,,,,,,,
2026-07-14,,,,15.02,13.61,16.5,,,,26.01,24.25,27.62,,,,11.06,9.8,12.24,,,,15.09,13.1,17.11,,,,2.45,-0.31,4.85,,,,2.4,-0.51,4.78,,,,22.44,20.44,24.25,20.5,25.5,10.5,10.0,3.0,1.5,21.5
2026-07-15,,,,15.02,13.6,16.49,,,,26.04,24.27,27.68,,,,11.05,9.79,12.23,,,,15.06,13.08,17.08,,,,2.45,-0.31,4.85,,,,2.4,-0.51,4.77,,,,22.45,20.46,24.27,12.5,28.5,13.5,18.0,,,18.0
2026-07-16,,,,15.02,13.6,16.49,,,,26.07,24.3,27.74,,,,11.04,9.78,12.23,,,,15.04,13.06,17.05,,,,2.45,-0.31,4.85,,,,2.39,-0.51,4.76,,,,22.46,20.45,24.28,,,,,,,
2026-07-17,,,,15.02,13.59,16.49,,,,26.1,24.32,27.8,,,,11.03,9.77,12.23,,,,15.01,13.03,17.02,,,,2.45,-0.3,4.85,,,,2.39,-0.52,4.75,,,,22.47,20.44,24.3,15.5,22.5,9.0,15.5,,4.0,21.0
2026-07-18,,,,15.02,13.59,16.51,,,,26.13,24.35,27.86,,,,11.03,9.76,12.23,,,,14.99,13.0,16.99,,,,2.45,-0.29,4.84,,,,2.39,-0.52,4.74,,,,22.48,20.43,24.32,,,,,,,
2026-07-19,,,,15.02,13.58,16.54,,,,26.16,24.37,27.91,,,,11.02,9.74,12.23,,,,14.97,12.97,16.96,,,,2.45,-0.29,4.84,,,,2.39,-0.53,4.73,,,,22.49,20.42,24.33,,,,,,,
2026-07-20,,,,15.02,13.58,16.56,,,,26.19,24.39,27.96,,,,11.01,9.73,12.23,,,,14.94,12.95,16.94,,,,2.45,-0.28,4.84,,,,2.39,-0.53,4.74,,,,22.49,20.42,24.34,,,,,,,
2026-07-21,,,,15.02,13.58,16.58,,,,26.22,24.42,28.02,,,,11.0,9.72,12.23,,,,14.92,12.92,16.91,,,,2.45,-0.28,4.84,,,,2.38,-0.53,4.75,,,,22.5,20.42,24.35,,,,,,,
2026-07-22,,,,15.02,13.57,16.61,,,,26.25,24.45,28.08,,,,10.99,9.71,12.23,,,,14.9,12.89,16.89,,,,2.45,-0.29,4.84,,,,2.38,-0.53,4.76,,,,22.51,20.41,24.36,13.0,27.0,13.0,18.0,2.5,,18.5
2026-07-23,,,,15.02,13.56,16.61,,,,26.28,24.46,28.12,,,,10.98,9.7,12.22,,,,14.88,12.86,16.86,,,,2.45,-0.3,4.84,,,,2.38,-0.52,4.77,,,,22.52,20.41,24.37,,,,,,,
2026-07-24,,,,15.02,13.55,16.61,,,,26.31,24.5,28.16,,,,10.97,9.68,12.2,,,,14.86,12.84,16.83,,,,2.46,-0.31,4.84,,,,2.38,-0.52,4.78,,,,22.52,20.42,24.37,16.2,28.8,8.0,7.5,2.8,3.2,23.8
2026-07-25,,,,15.01,13.55,16.6,,,,26.33,24.52,28.18,,,,10.96,9.68,12.19,,,,14.84,12.81,16.8,,,,2.46,-0.31,4.84,,,,2.38,-0.51,4.79,,,,22.53,20.42,24.39,,,,,,,
2026-07-26,,,,15.01,13.54,16.59,,,,26.36,24.55,28.2,,,,10.95,9.67,12.18,,,,14.81,12.78,16.79,,,,2.46,-0.32,4.84,,,,2.37,-0.51,4.8,,,,22.53,20.43,24.39,,,,,,,
2026-07-27,,,,15.01,13.53,16.59,,,,26.39,24.58,28.23,,,,10.94,9.66,12.17,,,,14.79,12.76,16.77,,,,2.46,-0.33,4.83,,,,2.37,-0.5,4.81,,,,22.54,20.43,24.4,16.5,30.5,9.0,6.0,,,30.0
2026-07-28,,,,15.01,13.52,16.58,,,,26.42,24.61,28.25,,,,10.93,9.65,12.15,,,,14.77,12.73,16.77,,,,2.46,-0.34,4.83,,,,2.37,-0.5,4.83,,,,22.54,20.43,24.4,,,,,,,
2026-07-29,,,,15.0,13.51,16.57,,,,26.46,24.64,28.27,,,,10.92,9.65,12.15,,,,14.75,12.7,16.78,,,,2.46,-0.35,4.83,,,,2.37,-0.5,4.84,,,,22.55,20.42,24.42,12.0,29.0,12.0,20.5,,,16.5
2026-07-30,,,,15.0,13.5,16.56,,,,26.49,24.67,28.3,,,,10.91,9.62,12.15,,,,14.73,12.67,16.77,,,,2.47,-0.36,4.82,,,,2.37,-0.49,4.85,,,,22.55,20.42,24.42,,,,,,,
2026-07-31,,,,15.0,13.49,16.55,,,,26.52,24.7,28.32,,,,10.9,9.6,12.15,,,,14.71,12.64,16.73,,,,2.47,-0.36,4.82,,,,2.37,-0.49,4.87,,,,22.55,20.41,24.43,14.0,30.0,8.0,16.0,2.0,2.0,25.0
2026-08-01,,,,14.99,13.48,16.53,,,,26.55,24.73,28.34,,,,10.89,9.59,12.15,,,,14.69,12.6,16.72,,,,2.47,-0.37,4.81,,,,2.36,-0.48,4.88,,,,22.56,20.41,24.43,,,,,,,
2026-08-02,,,,14.99,13.47,16.53,,,,26.58,24.76,28.37,,,,10.89,9.59,12.15,,,,14.67,12.58,16.73,,,,2.47,-0.38,4.81,,,,2.36,-0.48,4.9,,,,22.56,20.42,24.43,,,,,,,
2026-08-03,,,,14.99,13.46,16.54,,,,26.61,24.8,28.41,,,,10.88,9.59,12.13,,,,14.65,12.55,16.74,,,,2.47,-0.39,4.81,,,,2.36,-0.47,4.91,,,,22.56,20.43,24.44,,,,,,,
2026-08-04,,,,14.98,13.45,16.55,,,,26.65,24.85,28.46,,,,10.87,9.59,12.14,,,,14.63,12.53,16.74,,,,2.47,-0.4,4.8,,,,2.36,-0.48,4.92,,,,22.56,20.44,24.47,,,,,,,
2026-08-05,,,,14.98,13.44,16.57,,,,26.68,24.89,28.5,,,,10.86,9.59,12.14,,,,14.61,12.51,16.72,,,,2.48,-0.41,4.8,,,,2.36,-0.51,4.94,,,,22.56,20.43,24.5,,,,,,,
2026-08-06,,,,14.97,13.43,16.57,,,,26.71,24.92,28.54,,,,10.85,9.59,12.13,,,,14.59,12.48,16.69,,,,2.48,-0.38,4.79,,,,2.36,-0.53,4.95,,,,22.56,20.42,24.52,,,,,,,
2026-08-07,,,,14.97,13.42,16.56,,,,26.75,24.95,28.59,,,,10.84,9.58,12.13,,,,14.57,12.46,16.67,,,,2.48,-0.34,4.81,,,,2.36,-0.55,4.97,,,,22.56,20.41,24.54,15.0,30.0,9.0,12.0,,,25.0
2026-08-08,,,,14.96,13.42,16.55,,,,26.78,24.99,28.63,,,,10.83,9.56,12.13,,,,14.55,12.44,16.63,,,,2.48,-0.32,4.83,,,,2.36,-0.58,4.99,,,,22.56,20.4,24.57,,,,,,,
2026-08-09,,,,14.96,13.42,16.54,,,,26.81,25.02,28.68,,,,10.82,9.55,12.12,,,,14.53,12.42,16.6,,,,2.48,-0.3,4.85,,,,2.35,-0.6,5.01,,,,22.56,20.39,24.59,,,,,,,
2026-08-10,,,,14.95,13.41,16.52,,,,26.85,25.05,28.72,,,,10.81,9.54,12.1,,,,14.51,12.39,16.56,,,,2.49,-0.3,4.87,,,,2.35,-0.63,5.01,,,,22.55,20.38,24.59,,,,,,,
2026-08-11,,,,14.95,13.41,16.51,,,,26.89,25.09,28.78,,,,10.8,9.52,12.08,,,,14.49,12.37,16.52,,,,2.49,-0.3,4.9,,,,2.35,-0.65,5.01,,,,22.55,20.37,24.57,,,,,,,
2026-08-12,,,,14.94,13.41,16.5,,,,26.92,25.13,28.84,,,,10.79,9.5,12.08,,,,14.47,12.34,16.49,,,,2.49,-0.3,4.92,,,,2.35,-0.67,5.01,,,,22.55,20.36,24.54,14.0,28.5,11.0,16.5,,,21.5
2026-08-13,,,,14.93,13.4,16.48,,,,26.96,25.17,28.87,,,,10.78,9.48,12.09,,,,14.45,12.31,16.48,,,,2.49,-0.3,4.92,,,,2.35,-0.7,5.02,,,,22.54,20.36,24.52,16.5,30.5,10.5,7.5,2.0,1.0,25.5
2026-08-14,,,,14.93,13.38,16.47,,,,27.0,25.21,28.92,,,,10.77,9.46,12.1,,,,14.43,12.28,16.48,,,,,,,,,,,,,,,,22.54,20.35,24.51,14.0,32.0,9.0,13.0,,,23.0