date,Con (to 2015 election),Con (to 2015 election) (low),Con (to 2015 election) (high),Con (to 2017 election),Con (to 2017 election) (low),Con (to 2017 election) (high),Con (to 2019 election),Con (to 2019 election) (low),Con (to 2019 election) (high),Con (to 2024 election),Con (to 2024 election) (low),Con (to 2024 election) (high),Con (post-2024 election),Con (post-2024 election) (low),Con (post-2024 election) (high),Lab (to 2015 election),Lab (to 2015 election) (low),Lab (to 2015 election) (high),Lab (to 2017 election),Lab (to 2017 election) (low),Lab (to 2017 election) (high),Lab (to 2019 election),Lab (to 2019 election) (low),Lab (to 2019 election) (high),Lab (to 2024 election),Lab (to 2024 election) (low),Lab (to 2024 election) (high),Lab (post-2024 election),Lab (post-2024 election) (low),Lab (post-2024 election) (high),LDem (to 2015 election),LDem (to 2015 election) (low),LDem (to 2015 election) (high),LDem (to 2017 election),LDem (to 2017 election) (low),LDem (to 2017 election) (high),LDem (to 2019 election),LDem (to 2019 election) (low),LDem (to 2019 election) (high),LDem (to 2024 election),LDem (to 2024 election) (low),LDem (to 2024 election) (high),LDem (post-2024 election),LDem (post-2024 election) (low),LDem (post-2024 election) (high),Ukip (to 2015 election),Ukip (to 2015 election) (low),Ukip (to 2015 election) (high),Ukip (to 2017 election),Ukip (to 2017 election) (low),Ukip (to 2017 election) (high),Grn (to 2015 election),Grn (to 2015 election) (low),Grn (to 2015 election) (high),Grn (to 2017 election),Grn (to 2017 election) (low),Grn (to 2017 election) (high),Grn (to 2019 election),Grn (to 2019 election) (low),Grn (to 2019 election) (high),Grn (to 2024 election),Grn (to 2024 election) (low),Grn (to 2024 election) (high),Grn (post-2024 election),Grn (post-2024 election) (low),Grn (post-2024 election) (high),Reform (to 2019 election),Reform (to 2019 election) (low),Reform (to 2019 election) (high),Reform (to 2024 election),Reform (to 2024 election) (low),Reform (to 2024 election) (high),Reform (post-2024 election),Reform (post-2024 election) (low),Reform (post-2024 election) (high),Con (poll),Lab (poll),LDem (poll),Ukip (poll),Grn (poll),Reform (poll)
2010-07-27,,,,,,,,,,,,,,,,,,,,,,,,,,,,,,,,,,,,,,,,,,,,,,,,,,,,,,,,,,,,,,,,,,,,,,,,,,,,45.0,35.0,15.0,1.0,1.0,
2010-09-18,45.0,39.59,50.51,,,,,,,,,,,,,35.0,29.59,40.51,,,,,,,,,,,,,15.0,9.6,20.51,,,,,,,,,,,,,1.0,-4.41,6.51,,,,1.0,-4.41,6.51,,,,,,,,,,,,,,,,,,,,,,,,,,,
2010-09-19,45.0,38.83,50.44,,,,,,,,,,,,,35.0,29.73,40.91,,,,,,,,,,,,,15.0,5.97,20.44,,,,,,,,,,,,,1.0,-4.27,6.78,,,,1.0,-4.41,6.44,,,,,,,,,,,,,,,,,,,,,,,,,,,
2010-09-20,45.0,38.83,50.44,,,,,,,,,,,,,35.01,29.74,40.9,,,,,,,,,,,,,14.99,5.97,20.44,,,,,,,,,,,,,1.0,-4.27,6.77,,,,1.0,-4.42,6.44,,,,,,,,,,,,,,,,,,,,,,,,,,,
2010-09-21,44.99,38.83,50.43,,,,,,,,,,,,,35.02,29.76,40.9,,,,,,,,,,,,,14.97,5.97,20.42,,,,,,,,,,,,,1.01,-4.24,6.77,,,,1.0,-4.42,6.43,,,,,,,,,,,,,,,,,,,,,,,,,,,
2010-09-22,44.98,38.83,50.4,,,,,,,,,,,,,35.04,29.83,40.89,,,,,,,,,,,,,14.93,5.97,20.39,,,,,,,,,,,,,1.02,-4.19,6.77,,,,1.01,-4.42,6.41,,,,,,,,,,,,,,,,,,,,,,,,,,,
2010-09-23,44.96,38.86,50.35,,,,,,,,,,,,,35.09,29.94,40.88,,,,,,,,,,,,,14.87,5.97,20.24,,,,,,,,,,,,,1.04,-4.1,6.74,,,,1.02,-4.43,6.37,,,,,,,,,,,,,,,,,,,,,,,,,,,
2010-09-24,44.92,38.96,50.22,,,,,,,,,,,,,35.16,30.04,40.85,,,,,,,,,,,,,14.76,5.97,20.07,,,,,,,,,,,,,1.08,-4.04,6.69,,,,1.04,-4.43,6.34,,,,,,,,,,,,,,,,,,,,,,,,,,,
2010-09-25,44.87,39.17,50.07,,,,,,,,,,,,,35.27,30.14,40.81,,,,,,,,,,,,,14.6,5.97,19.87,,,,,,,,,,,,,1.13,-3.99,6.61,,,,1.07,-4.45,6.3,,,,,,,,,,,,,,,,,,,,,,,,,,,
2010-09-26,44.79,39.21,49.9,,,,,,,,,,,,,35.41,30.53,40.83,,,,,,,,,,,,,14.38,5.97,19.64,,,,,,,,,,,,,1.21,-3.74,6.49,,,,1.1,-4.14,6.25,,,,,,,,,,,,,,,,,,,,,,,,,,,
2010-09-27,44.7,39.12,49.63,,,,,,,,,,,,,35.61,30.96,40.86,,,,,,,,,,,,,14.09,5.97,19.45,,,,,,,,,,,,,1.3,-3.53,6.42,,,,1.15,-3.73,6.13,,,,,,,,,,,,,,,,,,,,,,,,,,,
2010-09-28,44.58,39.08,49.48,,,,,,,,,,,,,35.85,31.14,41.06,,,,,,,,,,,,,13.73,5.97,19.29,,,,,,,,,,,,,1.42,-3.2,6.41,,,,1.21,-3.36,6.04,,,,,,,,,,,,,,,,,,,,,,,,,,,
2010-09-29,44.43,39.33,49.41,,,,,,,,,,,,,36.13,31.54,41.2,,,,,,,,,,,,,13.3,5.97,19.06,,,,,,,,,,,,,1.57,-3.03,6.58,,,,1.28,-3.32,6.07,,,,,,,,,,,,,,,,,,,,,,,,,,,
2010-09-30,44.27,39.29,49.25,,,,,,,,,,,,,36.46,31.82,41.26,,,,,,,,,,,,,12.81,5.97,18.46,,,,,,,,,,,,,1.73,-2.87,6.66,,,,1.37,-3.05,6.07,,,,,,,,,,,,,,,,,,,,,,,,,,,
2010-10-01,44.09,39.08,48.89,,,,,,,,,,,,,36.82,32.03,41.54,,,,,,,,,,,,,12.27,5.95,18.18,,,,,,,,,,,,,1.91,-2.72,6.54,,,,1.45,-2.97,5.94,,,,,,,,,,,,,,,,,,,,,,,,,,,
2010-10-02,43.91,38.83,48.98,,,,,,,,,,,,,37.18,31.71,41.52,,,,,,,,,,,,,11.73,5.97,17.95,,,,,,,,,,,,,2.09,-3.16,6.7,,,,1.55,-3.54,6.07,,,,,,,,,,,,,,,,,,,,,,,,,,,
2010-10-03,43.73,38.6,49.18,,,,,,,,,,,,,37.54,32.04,42.23,,,,,,,,,,,,,11.19,5.22,17.66,,,,,,,,,,,,,2.27,-2.96,7.07,,,,1.63,-3.44,6.45,,,,,,,,,,,,,,,,,,,,,,,,,,,
2010-10-04,43.57,37.95,49.39,,,,,,,,,,,,,37.87,32.02,42.75,,,,,,,,,,,,,10.7,4.66,17.7,,,,,,,,,,,,,2.43,-3.07,7.27,,,,1.72,-3.85,6.78,,,,,,,,,,,,,,,,,,,,,,,,,,,
2010-10-05,43.42,37.41,49.48,,,,,,,,,,,,,38.15,32.0,43.18,,,,,,,,,,,,,10.27,4.12,17.75,,,,,,,,,,,,,2.58,-3.34,7.63,,,,1.79,-4.18,7.14,,,,,,,,,,,,,,,,,,,,,,,,,,,
2010-10-06,43.3,36.97,49.53,,,,,,,,,,,,,38.39,31.98,43.94,,,,,,,,,,,,,9.91,3.5,17.8,,,,,,,,,,,,,2.7,-3.55,8.39,,,,1.85,-4.42,7.61,,,,,,,,,,,,,,,,,,,,,,,,,,,
2010-10-07,43.21,36.63,49.64,,,,,,,,,,,,,38.59,31.97,44.61,,,,,,,,,,,,,9.62,3.01,17.85,,,,,,,,,,,,,2.79,-3.69,8.84,,,,1.9,-4.61,7.96,,,,,,,,,,,,,,,,,,,,,,,,,,,
2010-10-08,43.13,36.41,49.94,,,,,,,,,,,,,38.73,31.94,45.09,,,,,,,,,,,,,9.4,2.63,18.16,,,,,,,,,,,,,2.87,-3.83,9.27,,,,1.93,-4.7,8.32,,,,,,,,,,,,,,,,,,,,,,,,,,,
2010-10-09,43.08,36.3,50.14,,,,,,,,,,,,,38.84,31.84,45.32,,,,,,,,,,,,,9.24,2.4,18.47,,,,,,,,,,,,,2.92,-3.99,9.42,,,,1.96,-4.88,8.46,,,,,,,,,,,,,,,,,,,,,,,,,,,
2010-10-10,43.04,36.01,50.19,,,,,,,,,,,,,38.91,31.71,45.46,,,,,,,,,,,,,9.13,2.14,18.62,,,,,,,,,,,,,2.96,-4.08,9.55,,,,1.98,-5.05,8.59,,,,,,,,,,,,,,,,,,,,,,,,,,,
2010-10-11,43.02,35.93,50.26,,,,,,,,,,,,,38.96,31.65,45.7,,,,,,,,,,,,,9.07,1.96,18.64,,,,,,,,,,,,,2.98,-4.11,9.74,,,,1.99,-5.1,8.76,,,,,,,,,,,,,,,,,,,,,,,,,,,
2010-10-12,43.01,35.89,50.29,,,,,,,,,,,,,38.98,31.66,45.84,,,,,,,,,,,,,9.03,1.9,18.65,,,,,,,,,,,,,2.99,-4.13,9.85,,,,2.0,-5.12,8.86,,,,,,,,,,,,,,,,,,,,,,,,,,,
2010-10-13,43.0,35.87,50.31,,,,,,,,,,,,,38.99,31.66,45.91,,,,,,,,,,,,,9.01,1.88,18.65,,,,,,,,,,,,,3.0,-4.14,9.91,,,,2.0,-5.13,8.91,,,,,,,,,,,,,,,,,,,,,,,,,,,
2010-10-14,43.0,35.87,50.32,,,,,,,,,,,,,39.0,31.66,45.93,,,,,,,,,,,,,9.0,1.87,18.66,,,,,,,,,,,,,3.0,-4.15,9.93,,,,2.0,-5.14,8.93,,,,,,,,,,,,,,,,,,,,,,,,,,,
2010-10-15,43.0,35.85,50.19,,,,,,,,,,,,,39.0,31.85,46.19,,,,,,,,,,,,,9.0,1.85,16.19,,,,,,,,,,,,,3.0,-4.15,10.19,,,,2.0,-5.15,9.19,,,,,,,,,,,,,,,,,,,,,,,,,,,
2010-11-12,43.0,36.76,49.21,,,,,,,,,,,,,39.0,32.76,45.21,,,,,,,,,,,,,9.0,2.76,15.21,,,,,,,,,,,,,3.0,-3.24,9.21,,,,2.0,-4.24,8.21,,,,,,,,,,,,,,,,,,,,,,,,,,,
2010-11-13,43.0,36.84,49.02,,,,,,,,,,,,,39.0,33.51,46.47,,,,,,,,,,,,,9.0,2.84,15.02,,,,,,,,,,,,,3.0,-3.16,9.02,,,,2.0,-4.13,8.22,,,,,,,,,,,,,,,,,,,,,,,,,,,
2010-11-14,43.0,36.84,49.02,,,,,,,,,,,,,39.0,33.51,46.47,,,,,,,,,,,,,9.0,2.84,15.02,,,,,,,,,,,,,3.0,-3.16,9.02,,,,2.0,-4.13,8.22,,,,,,,,,,,,,,,,,,,,,,,,,,,
2010-11-15,43.0,36.85,49.02,,,,,,,,,,,,,39.01,33.53,46.47,,,,,,,,,,,,,9.0,2.85,15.02,,,,,,,,,,,,,3.0,-3.15,9.02,,,,2.0,-4.12,8.22,,,,,,,,,,,,,,,,,,,,,,,,,,,
2010-11-16,43.0,36.86,49.01,,,,,,,,,,,,,39.01,33.56,46.46,,,,,,,,,,,,,9.0,2.85,15.01,,,,,,,,,,,,,3.0,-3.15,9.01,,,,2.0,-4.11,8.22,,,,,,,,,,,,,,,,,,,,,,,,,,,
2010-11-17,42.99,36.86,49.0,,,,,,,,,,,,,39.02,33.59,46.45,,,,,,,,,,,,,8.99,2.86,15.0,,,,,,,,,,,,,2.99,-3.14,9.0,,,,2.0,-4.09,8.22,,,,,,,,,,,,,,,,,,,,,,,,,,,
2010-11-18,42.99,36.88,49.0,,,,,,,,,,,,,39.04,33.64,46.44,,,,,,,,,,,,,8.99,2.88,15.0,,,,,,,,,,,,,2.99,-3.12,9.0,,,,2.0,-4.05,8.21,,,,,,,,,,,,,,,,,,,,,,,,,,,
2010-11-19,42.99,36.89,48.99,,,,,,,,,,,,,39.06,33.72,46.42,,,,,,,,,,,,,8.99,2.89,14.99,,,,,,,,,,,,,2.99,-3.11,8.99,,,,2.0,-4.02,8.21,,,,,,,,,,,,,,,,,,,,,,,,,,,
2010-11-20,42.98,36.91,48.98,,,,,,,,,,,,,39.08,33.8,46.41,,,,,,,,,,,,,8.98,2.91,14.98,,,,,,,,,,,,,2.98,-3.09,8.98,,,,2.0,-3.96,8.21,,,,,,,,,,,,,,,,,,,,,,,,,,,
2010-11-21,42.97,36.93,48.97,,,,,,,,,,,,,39.11,33.91,46.37,,,,,,,,,,,,,8.97,2.93,14.96,,,,,,,,,,,,,2.97,-3.07,8.96,,,,2.0,-3.9,8.21,,,,,,,,,,,,,,,,,,,,,,,,,,,
2010-11-22,42.96,36.95,48.95,,,,,,,,,,,,,39.14,34.03,46.28,,,,,,,,,,,,,8.96,2.96,14.95,,,,,,,,,,,,,2.96,-3.04,8.95,,,,2.0,-3.83,8.21,,,,,,,,,,,,,,,,,,,,,,,,,,,
2010-11-23,42.96,36.98,48.94,,,,,,,,,,,,,39.18,34.12,46.2,,,,,,,,,,,,,8.96,2.98,14.93,,,,,,,,,,,,,2.96,-3.02,8.93,,,,2.0,-3.75,8.21,,,,,,,,,,,,,,,,,,,,,,,,,,,
2010-11-24,42.94,37.02,48.91,,,,,,,,,,,,,39.22,34.2,46.1,,,,,,,,,,,,,8.94,3.02,14.91,,,,,,,,,,,,,2.94,-2.98,8.91,,,,2.0,-3.67,8.21,,,,,,,,,,,,,,,,,,,,,,,,,,,
2010-11-25,42.93,37.06,48.89,,,,,,,,,,,,,39.26,34.27,46.0,,,,,,,,,,,,,8.93,3.06,14.89,,,,,,,,,,,,,2.93,-2.94,8.89,,,,2.0,-3.57,8.21,,,,,,,,,,,,,,,,,,,,,,,,,,,
2010-11-26,42.92,37.16,48.8,,,,,,,,,,,,,39.31,34.36,45.89,,,,,,,,,,,,,8.92,3.16,14.8,,,,,,,,,,,,,2.92,-2.84,8.8,,,,2.0,-3.46,8.16,,,,,,,,,,,,,,,,,,,,,,,,,,,
2010-11-27,42.91,37.27,48.62,,,,,,,,,,,,,39.36,34.45,45.78,,,,,,,,,,,,,8.91,3.27,14.62,,,,,,,,,,,,,2.91,-2.73,8.62,,,,2.0,-3.35,8.11,,,,,,,,,,,,,,,,,,,,,,,,,,,
2010-11-28,42.9,37.37,48.45,,,,,,,,,,,,,39.42,34.53,45.67,,,,,,,,,,,,,8.9,3.37,14.45,,,,,,,,,,,,,2.9,-2.63,8.45,,,,2.0,-3.27,8.04,,,,,,,,,,,,,,,,,,,,,,,,,,,
2010-11-29,42.88,37.48,48.41,,,,,,,,,,,,,39.47,34.63,45.59,,,,,,,,,,,,,8.88,3.48,14.41,,,,,,,,,,,,,2.88,-2.52,8.41,,,,2.0,-3.22,7.96,,,,,,,,,,,,,,,,,,,,,,,,,,,
2010-11-30,42.87,37.59,48.38,,,,,,,,,,,,,39.53,34.68,45.53,,,,,,,,,,,,,8.87,3.59,14.38,,,,,,,,,,,,,2.87,-2.41,8.38,,,,2.0,-3.17,7.89,,,,,,,,,,,,,,,,,,,,,,,,,,,
2010-12-01,42.85,37.71,48.35,,,,,,,,,,,,,39.59,34.68,45.49,,,,,,,,,,,,,8.85,3.71,14.35,,,,,,,,,,,,,2.85,-2.29,8.35,,,,2.0,-3.08,7.82,,,,,,,,,,,,,,,,,,,,,,,,,,,
2010-12-02,42.84,37.86,48.27,,,,,,,,,,,,,39.65,34.7,45.45,,,,,,,,,,,,,8.84,3.85,14.27,,,,,,,,,,,,,2.84,-2.15,8.27,,,,2.0,-2.98,7.8,,,,,,,,,,,,,,,,,,,,,,,,,,,
2010-12-03,42.82,38.02,48.23,,,,,,,,,,,,,39.71,34.84,45.4,,,,,,,,,,,,,8.82,4.01,14.23,,,,,,,,,,,,,2.82,-1.98,8.23,,,,2.0,-2.8,7.78,,,,,,,,,,,,,,,,,,,,,,,,,,,
2010-12-04,42.81,38.17,48.23,,,,,,,,,,,,,39.77,34.92,45.41,,,,,,,,,,,,,8.81,4.18,14.23,,,,,,,,,,,,,2.81,-1.83,8.23,,,,2.0,-2.63,7.76,,,,,,,,,,,,,,,,,,,,,,,,,,,
2010-12-05,42.79,38.27,48.23,,,,,,,,,,,,,39.83,35.07,45.44,,,,,,,,,,,,,8.79,4.27,14.23,,,,,,,,,,,,,2.79,-1.73,8.23,,,,2.0,-2.57,7.69,,,,,,,,,,,,,,,,,,,,,,,,,,,
2010-12-06,42.78,38.26,48.2,,,,,,,,,,,,,39.88,35.23,45.46,,,,,,,,,,,,,8.78,4.25,14.21,,,,,,,,,,,,,2.78,-1.75,8.21,,,,2.0,-2.53,7.56,,,,,,,,,,,,,,,,,,,,,,,,,,,
2010-12-07,42.76,38.29,48.13,,,,,,,,,,,,,39.94,35.27,45.48,,,,,,,,,,,,,8.76,4.29,14.13,,,,,,,,,,,,,2.76,-1.71,8.13,,,,2.0,-2.47,7.44,,,,,,,,,,,,,,,,,,,,,,43.0,39.0,9.0,3.0,2.0,
2010-12-08,42.75,38.32,48.0,,,,,,,,,,,,,40.0,35.3,45.5,,,,,,,,,,,,,8.75,4.32,14.0,,,,,,,,,,,,,2.75,-1.68,8.0,,,,2.0,-2.35,7.32,,,,,,,,,,,,,,,,,,,,,,,,,,,
2010-12-09,42.74,38.33,47.87,,,,,,,,,,,,,40.05,35.31,45.53,,,,,,,,,,,,,8.74,4.32,13.87,,,,,,,,,,,,,2.74,-1.67,7.87,,,,2.0,-2.3,7.21,,,,,,,,,,,,,,,,,,,,,,,,,,,
2010-12-10,42.72,38.31,47.75,,,,,,,,,,,,,40.11,35.34,45.52,,,,,,,,,,,,,8.72,4.31,13.75,,,,,,,,,,,,,2.72,-1.69,7.75,,,,2.0,-2.27,7.1,,,,,,,,,,,,,,,,,,,,,,,,,,,
2010-12-11,42.71,38.3,47.66,,,,,,,,,,,,,40.16,35.37,45.48,,,,,,,,,,,,,8.71,4.29,13.66,,,,,,,,,,,,,2.71,-1.71,7.66,,,,2.0,-2.28,7.0,,,,,,,,,,,,,,,,,,,,,,,,,,,
2010-12-12,42.7,38.28,47.62,,,,,,,,,,,,,40.21,35.38,45.43,,,,,,,,,,,,,8.7,4.28,13.62,,,,,,,,,,,,,2.7,-1.72,7.62,,,,2.0,-2.29,6.91,,,,,,,,,,,,,,,,,,,,,,,,,,,
2010-12-13,42.69,38.27,47.58,,,,,,,,,,,,,40.26,35.38,45.4,,,,,,,,,,,,,8.69,4.26,13.58,,,,,,,,,,,,,2.69,-1.73,7.58,,,,2.0,-2.29,6.84,,,,,,,,,,,,,,,,,,,,,,,,,,,
2010-12-14,42.67,38.25,47.55,,,,,,,,,,,,,40.3,35.39,45.5,,,,,,,,,,,,,8.67,4.25,13.54,,,,,,,,,,,,,2.67,-1.75,7.54,,,,2.0,-2.3,6.87,,,,,,,,,,,,,,,,,,,,,,,,,,,
2010-12-15,42.66,38.24,47.52,,,,,,,,,,,,,40.35,35.4,45.59,,,,,,,,,,,,,8.66,4.24,13.52,,,,,,,,,,,,,2.66,-1.76,7.51,,,,2.0,-2.31,6.89,,,,,,,,,,,,,,,,,,,,,,,,,,,
2010-12-16,42.65,38.23,47.48,,,,,,,,,,,,,40.39,35.41,45.69,,,,,,,,,,,,,8.65,4.22,13.48,,,,,,,,,,,,,2.65,-1.77,7.49,,,,2.0,-2.31,6.92,,,,,,,,,,,,,,,,,,,,,,,,,,,
2010-12-17,42.64,38.22,47.47,,,,,,,,,,,,,40.43,35.41,45.7,,,,,,,,,,,,,8.64,4.21,13.47,,,,,,,,,,,,,2.64,-1.78,7.47,,,,2.0,-2.32,6.95,,,,,,,,,,,,,,,,,,,,,,,,,,,
2010-12-18,42.63,38.2,47.53,,,,,,,,,,,,,40.47,35.42,45.73,,,,,,,,,,,,,8.63,4.21,13.52,,,,,,,,,,,,,2.63,-1.79,7.53,,,,2.0,-2.33,6.94,,,,,,,,,,,,,,,,,,,,,,,,,,,
2010-12-19,42.62,38.2,47.58,,,,,,,,,,,,,40.51,35.43,45.74,,,,,,,,,,,,,8.62,4.2,13.57,,,,,,,,,,,,,2.62,-1.8,7.58,,,,2.0,-2.33,6.9,,,,,,,,,,,,,,,,,,,,,,,,,,,
2010-12-20,42.61,38.19,47.57,,,,,,,,,,,,,40.55,35.44,45.8,,,,,,,,,,,,,8.61,4.18,13.57,,,,,,,,,,,,,2.61,-1.81,7.57,,,,2.0,-2.33,6.86,,,,,,,,,,,,,,,,,,,,,,,,,,,
2010-12-21,42.6,38.17,47.56,,,,,,,,,,,,,40.59,35.44,45.86,,,,,,,,,,,,,8.6,4.17,13.56,,,,,,,,,,,,,2.6,-1.82,7.56,,,,2.0,-2.34,6.82,,,,,,,,,,,,,,,,,,,,,,,,,,,
2010-12-22,42.59,38.17,47.55,,,,,,,,,,,,,40.62,35.45,45.92,,,,,,,,,,,,,8.59,4.16,13.55,,,,,,,,,,,,,2.59,-1.83,7.55,,,,2.0,-2.34,6.82,,,,,,,,,,,,,,,,,,,,,,,,,,,
2010-12-23,42.59,38.16,47.55,,,,,,,,,,,,,40.66,35.45,45.99,,,,,,,,,,,,,8.59,4.16,13.54,,,,,,,,,,,,,2.59,-1.84,7.54,,,,2.0,-2.35,6.82,,,,,,,,,,,,,,,,,,,,,,,,,,,
2010-12-24,42.58,38.15,47.54,,,,,,,,,,,,,40.69,35.46,46.01,,,,,,,,,,,,,8.58,4.15,13.54,,,,,,,,,,,,,2.58,-1.85,7.54,,,,2.0,-2.35,6.83,,,,,,,,,,,,,,,,,,,,,,,,,,,
2010-12-25,42.57,38.14,47.55,,,,,,,,,,,,,40.72,35.47,46.02,,,,,,,,,,,,,8.57,4.14,13.55,,,,,,,,,,,,,2.57,-1.86,7.55,,,,2.0,-2.35,6.89,,,,,,,,,,,,,,,,,,,,,,,,,,,
2010-12-26,42.56,38.14,47.59,,,,,,,,,,,,,40.76,35.47,46.02,,,,,,,,,,,,,8.56,4.13,13.59,,,,,,,,,,,,,2.56,-1.86,7.6,,,,2.0,-2.36,6.97,,,,,,,,,,,,,,,,,,,,,,,,,,,
2010-12-27,42.55,38.11,47.64,,,,,,,,,,,,,40.79,35.48,46.02,,,,,,,,,,,,,8.55,4.1,13.64,,,,,,,,,,,,,2.55,-1.9,7.64,,,,2.0,-2.37,7.05,,,,,,,,,,,,,,,,,,,,,,,,,,,
2010-12-28,42.55,38.08,47.69,,,,,,,,,,,,,40.82,35.48,46.06,,,,,,,,,,,,,8.55,4.08,13.68,,,,,,,,,,,,,2.55,-1.92,7.69,,,,2.0,-2.38,7.14,,,,,,,,,,,,,,,,,,,,,,,,,,,
2010-12-29,42.54,38.05,47.73,,,,,,,,,,,,,40.85,35.48,46.12,,,,,,,,,,,,,8.54,4.05,13.73,,,,,,,,,,,,,2.54,-1.95,7.72,,,,2.0,-2.41,7.21,,,,,,,,,,,,,,,,,,,,,,,,,,,
2010-12-30,42.53,38.02,47.77,,,,,,,,,,,,,40.87,35.49,46.19,,,,,,,,,,,,,8.53,4.02,13.77,,,,,,,,,,,,,2.53,-1.98,7.77,,,,2.0,-2.42,7.29,,,,,,,,,,,,,,,,,,,,,,,,,,,
2010-12-31,42.52,38.0,47.81,,,,,,,,,,,,,40.9,35.5,46.25,,,,,,,,,,,,,8.52,4.0,13.81,,,,,,,,,,,,,2.52,-2.0,7.81,,,,2.0,-2.45,7.37,,,,,,,,,,,,,,,,,,,,,,,,,,,
2011-01-01,42.52,37.97,47.88,,,,,,,,,,,,,40.93,35.5,46.3,,,,,,,,,,,,,8.52,3.97,13.88,,,,,,,,,,,,,2.52,-2.03,7.88,,,,2.0,-2.46,7.44,,,,,,,,,,,,,,,,,,,,,,,,,,,
2011-01-02,42.51,37.94,47.94,,,,,,,,,,,,,40.96,35.5,46.37,,,,,,,,,,,,,8.51,3.94,13.94,,,,,,,,,,,,,2.51,-2.06,7.94,,,,2.0,-2.49,7.52,,,,,,,,,,,,,,,,,,,,,,,,,,,
2011-01-03,42.5,37.91,48.0,,,,,,,,,,,,,40.99,35.51,46.42,,,,,,,,,,,,,8.5,3.92,14.0,,,,,,,,,,,,,2.5,-2.08,8.01,,,,2.0,-2.5,7.58,,,,,,,,,,,,,,,,,,,,,,,,,,,
2011-01-04,42.5,37.89,48.08,,,,,,,,,,,,,41.01,35.52,46.48,,,,,,,,,,,,,8.5,3.89,14.07,,,,,,,,,,,,,2.5,-2.11,8.07,,,,2.0,-2.53,7.66,,,,,,,,,,,,,,,,,,,,,,,,,,,
2011-01-05,42.49,37.86,48.14,,,,,,,,,,,,,41.04,35.52,46.55,,,,,,,,,,,,,8.49,3.87,14.13,,,,,,,,,,,,,2.49,-2.13,8.13,,,,2.0,-2.54,7.73,,,,,,,,,,,,,,,,,,,,,,,,,,,
2011-01-06,42.48,37.84,48.18,,,,,,,,,,,,,41.07,35.53,46.59,,,,,,,,,,,,,8.48,3.83,14.18,,,,,,,,,,,,,2.48,-2.17,8.18,,,,2.0,-2.56,7.8,,,,,,,,,,,,,,,,,,,,,,,,,,,
2011-01-07,42.48,37.81,48.21,,,,,,,,,,,,,41.1,35.53,46.61,,,,,,,,,,,,,8.48,3.81,14.21,,,,,,,,,,,,,2.48,-2.19,8.21,,,,2.0,-2.58,7.88,,,,,,,,,,,,,,,,,,,,,,,,,,,
2011-01-08,42.47,37.78,48.23,,,,,,,,,,,,,41.13,35.53,46.61,,,,,,,,,,,,,8.47,3.79,14.23,,,,,,,,,,,,,2.47,-2.21,8.23,,,,2.0,-2.6,7.94,,,,,,,,,,,,,,,,,,,,,,,,,,,
2011-01-09,42.46,37.76,48.23,,,,,,,,,,,,,41.15,35.54,46.62,,,,,,,,,,,,,8.46,3.76,14.23,,,,,,,,,,,,,2.46,-2.24,8.23,,,,2.0,-2.62,7.98,,,,,,,,,,,,,,,,,,,,,,,,,,,
2011-01-10,42.45,37.73,48.23,,,,,,,,,,,,,41.18,35.55,46.64,,,,,,,,,,,,,8.45,3.73,14.23,,,,,,,,,,,,,2.45,-2.27,8.23,,,,2.0,-2.64,7.98,,,,,,,,,,,,,,,,,,,,,,,,,,,
2011-01-11,42.45,37.7,48.23,,,,,,,,,,,,,41.21,35.55,46.65,,,,,,,,,,,,,8.45,3.7,14.23,,,,,,,,,,,,,2.45,-2.3,8.23,,,,2.0,-2.66,7.98,,,,,,,,,,,,,,,,,,,,,,,,,,,
2011-01-12,42.44,37.67,48.23,,,,,,,,,,,,,41.24,35.55,46.66,,,,,,,,,,,,,8.44,3.67,14.23,,,,,,,,,,,,,2.44,-2.33,8.23,,,,2.0,-2.69,7.98,,,,,,,,,,,,,,,,,,,,,,,,,,,
2011-01-13,42.43,37.64,48.23,,,,,,,,,,,,,41.28,35.55,46.67,,,,,,,,,,,,,8.43,3.65,14.23,,,,,,,,,,,,,2.43,-2.35,8.23,,,,2.0,-2.71,7.98,,,,,,,,,,,,,,,,,,,,,,,,,,,
2011-01-14,42.42,37.62,48.23,,,,,,,,,,,,,41.31,35.55,46.69,,,,,,,,,,,,,8.42,3.62,14.23,,,,,,,,,,,,,2.42,-2.38,8.23,,,,2.0,-2.73,7.97,,,,,,,,,,,,,,,,,,,,,,,,,,,
2011-01-15,42.41,37.59,48.23,,,,,,,,,,,,,41.34,35.55,46.7,,,,,,,,,,,,,8.41,3.58,14.23,,,,,,,,,,,,,2.41,-2.42,8.23,,,,2.0,-2.75,7.97,,,,,,,,,,,,,,,,,,,,,,,,,,,
2011-01-16,42.41,37.55,48.23,,,,,,,,,,,,,41.38,35.55,46.72,,,,,,,,,,,,,8.41,3.55,14.23,,,,,,,,,,,,,2.41,-2.45,8.23,,,,2.0,-2.78,7.97,,,,,,,,,,,,,,,,,,,,,,,,,,,
2011-01-17,42.4,37.52,48.23,,,,,,,,,,,,,41.41,35.55,46.73,,,,,,,,,,,,,8.4,3.52,14.23,,,,,,,,,,,,,2.4,-2.48,8.23,,,,2.0,-2.8,7.96,,,,,,,,,,,,,,,,,,,,,,,,,,,
2011-01-18,42.39,37.49,48.23,,,,,,,,,,,,,41.45,35.55,46.74,,,,,,,,,,,,,8.39,3.49,14.23,,,,,,,,,,,,,2.39,-2.51,8.23,,,,2.0,-2.82,7.96,,,,,,,,,,,,,,,,,,,,,,,,,,,
2011-01-19,42.38,37.45,48.23,,,,,,,,,,,,,41.49,35.56,46.76,,,,,,,,,,,,,8.38,3.46,14.23,,,,,,,,,,,,,2.38,-2.54,8.23,,,,2.0,-2.83,7.96,,,,,,,,,,,,,,,,,,,,,,,,,,,
2011-01-20,42.37,37.42,48.23,,,,,,,,,,,,,41.53,35.56,46.78,,,,,,,,,,,,,8.37,3.42,14.23,,,,,,,,,,,,,2.37,-2.58,8.23,,,,2.0,-2.83,7.96,,,,,,,,,,,,,,,,,,,,,,,,,,,
2011-01-21,42.36,37.38,48.24,,,,,,,,,,,,,41.57,35.58,46.8,,,,,,,,,,,,,8.36,3.38,14.24,,,,,,,,,,,,,2.36,-2.62,8.24,,,,2.0,-2.83,7.95,,,,,,,,,,,,,,,,,,,,,,,,,,,
2011-01-22,42.35,37.34,48.26,,,,,,,,,,,,,41.61,35.58,46.81,,,,,,,,,,,,,8.35,3.34,14.26,,,,,,,,,,,,,2.35,-2.66,8.26,,,,2.0,-2.83,7.95,,,,,,,,,,,,,,,,,,,,,,,,,,,
2011-01-23,42.34,37.3,48.28,,,,,,,,,,,,,41.65,35.59,46.84,,,,,,,,,,,,,8.34,3.3,14.28,,,,,,,,,,,,,2.34,-2.7,8.28,,,,2.0,-2.84,7.95,,,,,,,,,,,,,,,,,,,,,,,,,,,
2011-01-24,42.33,37.27,48.29,,,,,,,,,,,,,41.7,35.59,46.86,,,,,,,,,,,,,8.33,3.26,14.29,,,,,,,,,,,,,2.33,-2.74,8.29,,,,2.0,-2.84,7.94,,,,,,,,,,,,,,,,,,,,,,,,,,,
2011-01-25,42.31,37.24,48.28,,,,,,,,,,,,,41.74,35.61,46.88,,,,,,,,,,,,,8.31,3.25,14.28,,,,,,,,,,,,,2.31,-2.75,8.28,,,,2.0,-2.84,7.93,,,,,,,,,,,,,,,,,,,,,,,,,,,
2011-01-26,42.3,37.24,48.27,,,,,,,,,,,,,41.79,35.61,46.9,,,,,,,,,,,,,8.3,3.24,14.27,,,,,,,,,,,,,2.3,-2.76,8.27,,,,2.0,-2.88,7.93,,,,,,,,,,,,,,,,,,,,,,,,,,,
2011-01-27,42.29,37.17,48.26,,,,,,,,,,,,,41.84,35.62,46.92,,,,,,,,,,,,,8.29,3.17,14.25,,,,,,,,,,,,,2.29,-2.83,8.25,,,,2.0,-2.97,7.95,,,,,,,,,,,,,,,,,,,,,,,,,,,
2011-01-28,42.28,37.08,48.24,,,,,,,,,,,,,41.89,35.63,46.95,,,,,,,,,,,,,8.28,3.08,14.24,,,,,,,,,,,,,2.28,-2.92,8.24,,,,2.0,-3.06,7.98,,,,,,,,,,,,,,,,,,,,,,,,,,,
2011-01-29,42.26,36.98,48.23,,,,,,,,,,,,,41.95,35.64,46.98,,,,,,,,,,,,,8.26,2.98,14.23,,,,,,,,,,,,,2.26,-3.02,8.23,,,,2.0,-3.15,8.03,,,,,,,,,,,,,,,,,,,,,,,,,,,
2011-01-30,42.25,36.88,48.23,,,,,,,,,,,,,42.0,35.65,47.0,,,,,,,,,,,,,8.25,2.88,14.23,,,,,,,,,,,,,2.25,-3.12,8.23,,,,2.0,-3.24,8.07,,,,,,,,,,,,,,,,,,,,,,,,,,,
2011-01-31,42.24,36.78,48.23,,,,,,,,,,,,,42.06,35.74,47.13,,,,,,,,,,,,,8.24,2.78,14.23,,,,,,,,,,,,,2.24,-3.22,8.23,,,,2.0,-3.33,8.12,,,,,,,,,,,,,,,,,,,,,,42.0,43.0,8.0,2.0,2.0,
2011-02-01,42.22,36.67,48.23,,,,,,,,,,,,,42.12,35.83,47.27,,,,,,,,,,,,,8.22,2.67,14.23,,,,,,,,,,,,,2.22,-3.33,8.23,,,,2.0,-3.47,8.12,,,,,,,,,,,,,,,,,,,,,,,,,,,
2011-02-02,42.21,36.61,48.23,,,,,,,,,,,,,42.17,35.92,47.41,,,,,,,,,,,,,8.21,2.61,14.23,,,,,,,,,,,,,2.21,-3.39,8.23,,,,2.0,-3.58,8.12,,,,,,,,,,,,,,,,,,,,,,,,,,,
2011-02-03,42.19,36.53,48.23,,,,,,,,,,,,,42.23,35.97,47.55,,,,,,,,,,,,,8.19,2.54,14.23,,,,,,,,,,,,,2.19,-3.46,8.23,,,,2.0,-3.66,8.12,,,,,,,,,,,,,,,,,,,,,,,,,,,
2011-02-04,42.18,36.48,48.23,,,,,,,,,,,,,42.29,35.89,47.75,,,,,,,,,,,,,8.18,2.48,14.23,,,,,,,,,,,,,2.18,-3.52,8.23,,,,2.0,-3.7,8.12,,,,,,,,,,,,,,,,,,,,,,,,,,,
2011-02-05,42.16,36.48,48.23,,,,,,,,,,,,,42.35,35.82,47.98,,,,,,,,,,,,,8.16,2.48,14.23,,,,,,,,,,,,,2.16,-3.52,8.23,,,,2.0,-3.68,8.12,,,,,,,,,,,,,,,,,,,,,,,,,,,
2011-02-06,42.15,36.48,48.23,,,,,,,,,,,,,42.41,35.75,48.21,,,,,,,,,,,,,8.15,2.48,14.23,,,,,,,,,,,,,2.15,-3.52,8.23,,,,2.0,-3.67,8.12,,,,,,,,,,,,,,,,,,,,,,,,,,,
2011-02-07,42.13,36.48,48.23,,,,,,,,,,,,,42.47,35.75,48.46,,,,,,,,,,,,,8.13,2.48,14.23,,,,,,,,,,,,,2.13,-3.52,8.23,,,,2.0,-3.65,8.12,,,,,,,,,,,,,,,,,,,,,,,,,,,
2011-02-08,42.12,36.48,48.27,,,,,,,,,,,,,42.53,35.77,48.72,,,,,,,,,,,,,8.12,2.48,14.27,,,,,,,,,,,,,2.12,-3.52,8.27,,,,2.0,-3.64,8.2,,,,,,,,,,,,,,,,,,,,,,,,,,,
2011-02-09,42.1,36.46,48.33,,,,,,,,,,,,,42.58,35.78,48.97,,,,,,,,,,,,,8.1,2.46,14.33,,,,,,,,,,,,,2.1,-3.54,8.33,,,,2.0,-3.65,8.23,,,,,,,,,,,,,,,,,,,,,,,,,,,
2011-02-10,42.09,36.34,48.39,,,,,,,,,,,,,42.64,35.79,49.16,,,,,,,,,,,,,8.09,2.34,14.39,,,,,,,,,,,,,2.09,-3.66,8.39,,,,2.0,-3.75,8.23,,,,,,,,,,,,,,,,,,,,,,,,,,,
2011-02-11,42.08,36.23,48.45,,,,,,,,,,,,,42.69,35.8,49.23,,,,,,,,,,,,,8.08,2.24,14.46,,,,,,,,,,,,,2.08,-3.76,8.46,,,,2.0,-3.84,8.23,,,,,,,,,,,,,,,,,,,,,,,,,,,
2011-02-12,42.07,36.13,48.51,,,,,,,,,,,,,42.74,35.82,49.23,,,,,,,,,,,,,8.07,2.13,14.51,,,,,,,,,,,,,2.07,-3.87,8.51,,,,2.0,-4.0,8.23,,,,,,,,,,,,,,,,,,,,,,,,,,,
2011-02-13,42.06,35.94,48.56,,,,,,,,,,,,,42.78,35.83,49.23,,,,,,,,,,,,,8.06,1.94,14.57,,,,,,,,,,,,,2.06,-4.06,8.57,,,,2.0,-4.19,8.23,,,,,,,,,,,,,,,,,,,,,,,,,,,
2011-02-14,42.04,35.75,48.61,,,,,,,,,,,,,42.82,35.84,49.23,,,,,,,,,,,,,8.04,1.75,14.61,,,,,,,,,,,,,2.04,-4.26,8.61,,,,2.0,-4.35,8.23,,,,,,,,,,,,,,,,,,,,,,,,,,,
2011-02-15,42.04,35.64,48.68,,,,,,,,,,,,,42.86,35.81,49.23,,,,,,,,,,,,,8.04,1.65,14.68,,,,,,,,,,,,,2.04,-4.36,8.68,,,,2.0,-4.39,8.27,,,,,,,,,,,,,,,,,,,,,,,,,,,
2011-02-16,42.03,35.6,48.73,,,,,,,,,,,,,42.89,35.75,49.27,,,,,,,,,,,,,8.03,1.6,14.72,,,,,,,,,,,,,2.03,-4.4,8.72,,,,2.0,-4.43,8.32,,,,,,,,,,,,,,,,,,,,,,,,,,,
2011-02-17,42.02,35.56,48.77,,,,,,,,,,,,,42.92,35.7,49.32,,,,,,,,,,,,,8.02,1.56,14.77,,,,,,,,,,,,,2.02,-4.44,8.77,,,,2.0,-4.46,8.36,,,,,,,,,,,,,,,,,,,,,,,,,,,
2011-02-18,42.01,35.52,48.8,,,,,,,,,,,,,42.94,35.66,49.37,,,,,,,,,,,,,8.01,1.52,14.79,,,,,,,,,,,,,2.01,-4.47,8.79,,,,2.0,-4.49,8.39,,,,,,,,,,,,,,,,,,,,,,,,,,,
2011-02-19,42.01,35.5,48.82,,,,,,,,,,,,,42.96,35.62,49.4,,,,,,,,,,,,,8.01,1.5,14.82,,,,,,,,,,,,,2.01,-4.5,8.82,,,,2.0,-4.51,8.43,,,,,,,,,,,,,,,,,,,,,,,,,,,
2011-02-20,42.01,35.47,48.84,,,,,,,,,,,,,42.98,35.59,49.44,,,,,,,,,,,,,8.01,1.48,14.84,,,,,,,,,,,,,2.01,-4.53,8.84,,,,2.0,-4.53,8.47,,,,,,,,,,,,,,,,,,,,,,,,,,,
2011-02-21,42.0,35.46,48.86,,,,,,,,,,,,,42.99,35.57,49.48,,,,,,,,,,,,,8.0,1.46,14.86,,,,,,,,,,,,,2.0,-4.54,8.86,,,,2.0,-4.54,8.5,,,,,,,,,,,,,,,,,,,,,,,,,,,
2011-02-22,42.0,35.45,48.87,,,,,,,,,,,,,42.99,35.55,49.52,,,,,,,,,,,,,8.0,1.46,14.86,,,,,,,,,,,,,2.0,-4.54,8.86,,,,2.0,-4.54,8.52,,,,,,,,,,,,,,,,,,,,,,,,,,,
2011-02-23,42.0,35.45,48.87,,,,,,,,,,,,,43.0,35.55,49.53,,,,,,,,,,,,,8.0,1.45,14.87,,,,,,,,,,,,,2.0,-4.55,8.87,,,,2.0,-4.55,8.54,,,,,,,,,,,,,,,,,,,,,,,,,,,
2011-02-24,42.0,35.45,48.87,,,,,,,,,,,,,43.0,35.55,49.53,,,,,,,,,,,,,8.0,1.45,14.87,,,,,,,,,,,,,2.0,-4.55,8.87,,,,2.0,-4.55,8.54,,,,,,,,,,,,,,,,,,,,,,,,,,,
2011-02-25,42.0,35.27,48.95,,,,,,,,,,,,,43.0,36.27,49.95,,,,,,,,,,,,,8.0,1.27,14.95,,,,,,,,,,,,,2.0,-4.73,8.95,,,,2.0,-4.73,8.95,,,,,,,,,,,,,,,,,,,,,,,,,,,
2011-03-20,42.0,35.6,49.81,,,,,,,,,,,,,43.0,36.6,50.81,,,,,,,,,,,,,8.0,1.6,15.81,,,,,,,,,,,,,2.0,-4.4,9.81,,,,2.0,-4.4,9.81,,,,,,,,,,,,,,,,,,,,,,,,,,,
2011-03-21,42.0,35.76,48.67,,,,,,,,,,,,,43.0,36.63,49.64,,,,,,,,,,,,,8.0,1.76,14.67,,,,,,,,,,,,,2.0,-4.01,9.32,,,,2.0,-4.24,9.3,,,,,,,,,,,,,,,,,,,,,,,,,,,
2011-03-22,42.0,35.77,48.67,,,,,,,,,,,,,43.0,36.63,49.63,,,,,,,,,,,,,8.0,1.77,14.67,,,,,,,,,,,,,2.0,-4.01,9.31,,,,2.0,-4.23,9.29,,,,,,,,,,,,,,,,,,,,,,,,,,,
2011-03-23,42.0,35.77,48.65,,,,,,,,,,,,,43.0,36.63,49.62,,,,,,,,,,,,,8.0,1.77,14.65,,,,,,,,,,,,,2.01,-4.01,9.29,,,,2.0,-4.23,9.26,,,,,,,,,,,,,,,,,,,,,,,,,,,
2011-03-24,42.0,35.77,48.64,,,,,,,,,,,,,42.99,36.63,49.59,,,,,,,,,,,,,8.0,1.77,14.64,,,,,,,,,,,,,2.02,-4.01,9.24,,,,2.01,-4.22,9.21,,,,,,,,,,,,,,,,,,,,,,,,,,,
2011-03-25,42.0,35.78,48.6,,,,,,,,,,,,,42.98,36.63,49.54,,,,,,,,,,,,,8.0,1.78,14.6,,,,,,,,,,,,,2.03,-3.99,9.17,,,,2.02,-4.2,9.11,,,,,,,,,,,,,,,,,,,,,,,,,,,
2011-03-26,42.0,35.79,48.54,,,,,,,,,,,,,42.97,36.63,49.47,,,,,,,,,,,,,8.0,1.79,14.54,,,,,,,,,,,,,2.05,-4.01,9.06,,,,2.03,-4.18,8.97,,,,,,,,,,,,,,,,,,,,,,,,,,,
2011-03-27,42.0,35.74,48.47,,,,,,,,,,,,,42.96,36.63,49.37,,,,,,,,,,,,,8.0,1.74,14.47,,,,,,,,,,,,,2.09,-3.97,8.9,,,,2.04,-4.22,8.77,,,,,,,,,,,,,,,,,,,,,,,,,,,
2011-03-28,42.0,35.88,48.4,,,,,,,,,,,,,42.93,36.63,49.24,,,,,,,,,,,,,8.0,1.89,14.4,,,,,,,,,,,,,2.13,-3.71,8.84,,,,2.07,-4.04,8.52,,,,,,,,,,,,,,,,,,,,,,,,,,,
2011-03-29,42.0,36.0,48.16,,,,,,,,,,,,,42.91,36.63,48.99,,,,,,,,,,,,,8.0,2.0,14.16,,,,,,,,,,,,,2.19,-3.29,8.79,,,,2.09,-3.78,8.26,,,,,,,,,,,,,,,,,,,,,,,,,,,
2011-03-30,42.0,36.15,48.01,,,,,,,,,,,,,42.87,36.68,48.82,,,,,,,,,,,,,8.0,2.15,14.01,,,,,,,,,,,,,2.26,-3.12,8.78,,,,2.13,-3.46,8.1,,,,,,,,,,,,,,,,,,,,,,,,,,,
2011-03-31,42.0,36.43,47.98,,,,,,,,,,,,,42.82,36.84,48.53,,,,,,,,,,,,,8.0,2.43,13.98,,,,,,,,,,,,,2.35,-2.79,8.6,,,,2.18,-3.19,8.01,,,,,,,,,,,,,,,,,,,,,,,,,,,
2011-04-01,42.0,36.63,47.57,,,,,,,,,,,,,42.77,36.95,48.32,,,,,,,,,,,,,8.0,2.63,13.57,,,,,,,,,,,,,2.46,-2.48,8.41,,,,2.23,-2.73,7.99,,,,,,,,,,,,,,,,,,,,,,,,,,,
2011-04-02,42.0,36.65,47.54,,,,,,,,,,,,,42.71,37.02,48.2,,,,,,,,,,,,,8.0,2.65,13.54,,,,,,,,,,,,,2.58,-2.2,8.56,,,,2.29,-2.6,8.0,,,,,,,,,,,,,,,,,,,,,,,,,,,
2011-04-03,42.0,36.67,47.45,,,,,,,,,,,,,42.64,37.04,47.9,,,,,,,,,,,,,8.0,2.67,13.44,,,,,,,,,,,,,2.71,-1.97,8.17,,,,2.36,-2.44,7.87,,,,,,,,,,,,,,,,,,,,,,,,,,,
2011-04-04,42.0,36.7,47.4,,,,,,,,,,,,,42.57,37.05,47.98,,,,,,,,,,,,,8.0,2.7,13.4,,,,,,,,,,,,,2.85,-1.75,8.26,,,,2.43,-2.36,7.87,,,,,,,,,,,,,,,,,,,,,,,,,,,
2011-04-05,42.0,36.81,47.51,,,,,,,,,,,,,42.5,37.06,47.88,,,,,,,,,,,,,8.0,2.81,13.51,,,,,,,,,,,,,3.0,-1.55,8.34,,,,2.5,-2.34,7.89,,,,,,,,,,,,,,,,,,,,,,,,,,,
2011-04-06,42.0,36.92,47.5,,,,,,,,,,,,,42.43,37.07,47.84,,,,,,,,,,,,,8.0,2.92,13.5,,,,,,,,,,,,,3.15,-1.61,8.57,,,,2.57,-2.37,8.0,,,,,,,,,,,,,,,,,,,,,,,,,,,
2011-04-07,42.0,36.68,47.62,,,,,,,,,,,,,42.36,36.7,48.11,,,,,,,,,,,,,8.0,2.68,13.62,,,,,,,,,,,,,3.29,-1.64,8.83,,,,2.64,-2.35,8.1,,,,,,,,,,,,,,,,,,,,,,,,,,,
2011-04-08,42.0,36.63,47.95,,,,,,,,,,,,,42.29,36.64,48.35,,,,,,,,,,,,,8.0,2.63,13.95,,,,,,,,,,,,,3.42,-1.92,9.23,,,,2.71,-2.52,8.35,,,,,,,,,,,,,,,,,,,,,,,,,,,
2011-04-09,42.0,36.42,47.95,,,,,,,,,,,,,42.23,36.63,48.35,,,,,,,,,,,,,8.0,2.42,13.95,,,,,,,,,,,,,3.54,-2.25,9.28,,,,2.77,-2.91,8.38,,,,,,,,,,,,,,,,,,,,,,,,,,,
2011-04-10,42.0,35.95,47.95,,,,,,,,,,,,,42.18,36.23,48.35,,,,,,,,,,,,,8.0,1.95,13.95,,,,,,,,,,,,,3.65,-2.61,9.31,,,,2.82,-3.33,8.39,,,,,,,,,,,,,,,,,,,,,,,,,,,
2011-04-11,42.0,35.5,47.95,,,,,,,,,,,,,42.13,35.71,48.22,,,,,,,,,,,,,8.0,1.5,13.95,,,,,,,,,,,,,3.74,-2.93,9.38,,,,2.87,-3.72,8.44,,,,,,,,,,,,,,,,,,,,,,,,,,,
2011-04-12,42.0,35.1,47.88,,,,,,,,,,,,,42.09,35.27,48.05,,,,,,,,,,,,,8.0,1.1,13.88,,,,,,,,,,,,,3.81,-3.19,9.48,,,,2.91,-4.06,8.6,,,,,,,,,,,,,,,,,,,,,,,,,,,
2011-04-13,42.0,34.83,48.01,,,,,,,,,,,,,42.07,34.94,48.32,,,,,,,,,,,,,8.0,0.83,14.01,,,,,,,,,,,,,3.87,-3.22,9.75,,,,2.93,-4.21,8.81,,,,,,,,,,,,,,,,,,,,,,,,,,,
2011-04-14,42.0,34.84,48.11,,,,,,,,,,,,,42.04,34.92,48.4,,,,,,,,,,,,,8.0,0.84,14.11,,,,,,,,,,,,,3.91,-3.25,9.97,,,,2.96,-4.23,9.0,,,,,,,,,,,,,,,,,,,,,,,,,,,
2011-04-15,42.0,34.86,48.24,,,,,,,,,,,,,42.03,34.9,48.42,,,,,,,,,,,,,8.0,0.86,14.24,,,,,,,,,,,,,3.95,-3.25,10.12,,,,2.97,-4.19,9.15,,,,,,,,,,,,,,,,,,,,,,,,,,,
2011-04-16,42.0,34.86,48.33,,,,,,,,,,,,,42.02,34.88,48.43,,,,,,,,,,,,,8.0,0.86,14.33,,,,,,,,,,,,,3.97,-3.19,10.24,,,,2.98,-4.17,9.25,,,,,,,,,,,,,,,,,,,,,,,,,,,
2011-04-17,42.0,34.84,48.38,,,,,,,,,,,,,42.01,34.85,48.46,,,,,,,,,,,,,8.0,0.84,14.38,,,,,,,,,,,,,3.98,-3.19,10.33,,,,2.99,-4.17,9.33,,,,,,,,,,,,,,,,,,,,,,,,,,,
2011-04-18,42.0,34.8,48.38,,,,,,,,,,,,,42.0,34.8,48.49,,,,,,,,,,,,,8.0,0.8,14.38,,,,,,,,,,,,,3.99,-3.21,10.35,,,,3.0,-4.21,9.35,,,,,,,,,,,,,,,,,,,,,,,,,,,
2011-04-19,42.0,34.79,48.38,,,,,,,,,,,,,42.0,34.79,48.51,,,,,,,,,,,,,8.0,0.79,14.38,,,,,,,,,,,,,4.0,-3.21,10.35,,,,3.0,-4.21,9.35,,,,,,,,,,,,,,,,,,,,,,,,,,,
2011-04-20,42.0,34.78,48.38,,,,,,,,,,,,,42.0,34.78,48.51,,,,,,,,,,,,,8.0,0.78,14.38,,,,,,,,,,,,,4.0,-3.22,10.36,,,,3.0,-4.22,9.36,,,,,,,,,,,,,,,,,,,,,,,,,,,
2011-04-21,42.0,34.72,48.22,,,,,,,,,,,,,42.0,34.72,48.22,,,,,,,,,,,,,8.0,0.72,14.22,,,,,,,,,,,,,4.0,-3.28,10.22,,,,3.0,-4.28,9.22,,,,,,,,,,,,,,,,,,,,,,,,,,,
2011-06-08,,,,,,,,,,,,,,,,,,,,,,,,,,,,,,,,,,,,,,,,,,,,,,,,,,,,,,,,,,,,,,,,,,,,,,,,,,,,42.0,42.0,8.0,4.0,3.0,
2011-07-09,42.0,34.29,48.24,,,,,,,,,,,,,42.0,34.29,48.24,,,,,,,,,,,,,8.0,0.29,14.24,,,,,,,,,,,,,4.0,-3.71,10.24,,,,3.0,-4.71,9.24,,,,,,,,,,,,,,,,,,,,,,,,,,,
2011-07-10,42.0,34.16,48.33,,,,,,,,,,,,,42.0,34.72,48.54,,,,,,,,,,,,,8.0,0.2,14.5,,,,,,,,,,,,,4.0,-3.8,10.5,,,,3.0,-4.8,9.5,,,,,,,,,,,,,,,,,,,,,,,,,,,
2011-07-11,42.0,34.17,48.32,,,,,,,,,,,,,42.0,34.72,48.54,,,,,,,,,,,,,8.0,0.21,14.5,,,,,,,,,,,,,4.0,-3.79,10.5,,,,3.0,-4.79,9.5,,,,,,,,,,,,,,,,,,,,,,,,,,,
2011-07-12,42.0,34.17,48.31,,,,,,,,,,,,,42.0,34.73,48.54,,,,,,,,,,,,,8.0,0.21,14.5,,,,,,,,,,,,,4.0,-3.79,10.5,,,,3.0,-4.79,9.5,,,,,,,,,,,,,,,,,,,,,,,,,,,
2011-07-13,41.99,34.19,48.29,,,,,,,,,,,,,42.01,34.74,48.52,,,,,,,,,,,,,8.0,0.23,14.49,,,,,,,,,,,,,4.0,-3.77,10.49,,,,3.0,-4.77,9.49,,,,,,,,,,,,,,,,,,,,,,,,,,,
2011-07-14,41.99,34.2,48.26,,,,,,,,,,,,,42.01,34.76,48.52,,,,,,,,,,,,,7.99,0.25,14.46,,,,,,,,,,,,,4.0,-3.73,10.47,,,,2.99,-4.75,9.46,,,,,,,,,,,,,,,,,,,,,,,,,,,
2011-07-15,41.98,34.23,48.24,,,,,,,,,,,,,42.02,34.77,48.5,,,,,,,,,,,,,7.99,0.3,14.42,,,,,,,,,,,,,4.0,-3.68,10.43,,,,2.99,-4.7,9.42,,,,,,,,,,,,,,,,,,,,,,,,,,,
2011-07-16,41.96,34.26,48.21,,,,,,,,,,,,,42.04,34.78,48.48,,,,,,,,,,,,,7.98,0.34,14.36,,,,,,,,,,,,,4.0,-3.62,10.38,,,,2.98,-4.66,9.36,,,,,,,,,,,,,,,,,,,,,,,,,,,
2011-07-17,41.94,34.31,48.14,,,,,,,,,,,,,42.06,34.79,48.46,,,,,,,,,,,,,7.97,0.4,14.3,,,,,,,,,,,,,4.0,-3.54,10.33,,,,2.97,-4.6,9.3,,,,,,,,,,,,,,,,,,,,,,,,,,,
2011-07-18,41.92,34.36,48.04,,,,,,,,,,,,,42.08,34.8,48.45,,,,,,,,,,,,,7.96,0.48,14.24,,,,,,,,,,,,,4.0,-3.45,10.27,,,,2.96,-4.52,9.24,,,,,,,,,,,,,,,,,,,,,,,,,,,
2011-07-19,41.89,34.42,47.93,,,,,,,,,,,,,42.11,34.83,48.43,,,,,,,,,,,,,7.95,0.56,14.17,,,,,,,,,,,,,4.0,-3.35,10.2,,,,2.95,-4.44,9.17,,,,,,,,,,,,,,,,,,,,,,,,,,,
2011-07-20,41.86,34.5,47.79,,,,,,,,,,,,,42.14,35.0,48.41,,,,,,,,,,,,,7.93,0.65,14.08,,,,,,,,,,,,,4.0,-3.23,10.13,,,,2.93,-4.35,9.08,,,,,,,,,,,,,,,,,,,,,,,,,,,
2011-07-21,41.83,34.55,47.67,,,,,,,,,,,,,42.17,35.09,48.39,,,,,,,,,,,,,7.91,0.76,13.97,,,,,,,,,,,,,4.0,-3.11,10.03,,,,2.91,-4.24,8.97,,,,,,,,,,,,,,,,,,,,,,,,,,,
2011-07-22,41.78,34.57,47.65,,,,,,,,,,,,,42.22,35.14,48.35,,,,,,,,,,,,,7.89,0.8,13.86,,,,,,,,,,,,,4.0,-3.08,9.92,,,,2.89,-4.2,8.86,,,,,,,,,,,,,,,,,,,,,,,,,,,
2011-07-23,41.74,34.56,47.65,,,,,,,,,,,,,42.26,35.29,48.32,,,,,,,,,,,,,7.87,0.81,13.77,,,,,,,,,,,,,4.0,-3.06,9.82,,,,2.87,-4.19,8.77,,,,,,,,,,,,,,,,,,,,,,,,,,,
2011-07-24,41.68,34.59,47.54,,,,,,,,,,,,,42.32,35.58,48.28,,,,,,,,,,,,,7.84,0.88,13.66,,,,,,,,,,,,,4.0,-2.87,9.73,,,,2.84,-4.12,8.66,,,,,,,,,,,,,,,,,,,,,,,,,,,
2011-07-25,41.63,34.82,47.37,,,,,,,,,,,,,42.37,35.78,48.23,,,,,,,,,,,,,7.81,1.12,13.49,,,,,,,,,,,,,4.0,-2.65,9.62,,,,2.81,-3.88,8.49,,,,,,,,,,,,,,,,,,,,,,,,,,,
2011-07-26,41.57,35.0,47.18,,,,,,,,,,,,,42.43,36.22,47.94,,,,,,,,,,,,,7.78,1.37,13.3,,,,,,,,,,,,,4.0,-2.39,9.46,,,,2.78,-3.63,8.3,,,,,,,,,,,,,,,,,,,,,,,,,,,
2011-07-27,41.5,35.11,47.02,,,,,,,,,,,,,42.5,36.64,47.66,,,,,,,,,,,,,7.75,1.56,13.13,,,,,,,,,,,,,4.0,-2.05,9.28,,,,2.75,-3.44,8.13,,,,,,,,,,,,,,,,,,,,,,,,,,,
2011-07-28,41.43,35.4,46.86,,,,,,,,,,,,,42.57,36.85,47.73,,,,,,,,,,,,,7.71,1.84,12.97,,,,,,,,,,,,,4.0,-1.71,9.13,,,,2.71,-3.16,7.97,,,,,,,,,,,,,,,,,,,,,,,,,,,
2011-07-29,41.36,35.65,46.57,,,,,,,,,,,,,42.64,36.9,47.61,,,,,,,,,,,,,7.68,2.13,12.73,,,,,,,,,,,,,4.0,-1.39,8.96,,,,2.68,-2.87,7.73,,,,,,,,,,,,,,,,,,,,,,,,,,,
2011-07-30,41.28,35.81,46.47,,,,,,,,,,,,,42.72,36.9,47.61,,,,,,,,,,,,,7.64,2.34,12.54,,,,,,,,,,,,,4.0,-1.34,8.85,,,,2.64,-2.66,7.54,,,,,,,,,,,,,,,,,,,,,,,,,,,
2011-07-31,41.2,35.93,46.42,,,,,,,,,,,,,42.8,36.96,47.61,,,,,,,,,,,,,7.6,2.45,12.47,,,,,,,,,,,,,4.0,-1.34,8.83,,,,2.6,-2.55,7.47,,,,,,,,,,,,,,,,,,,,,,,,,,,
2011-08-01,41.12,35.89,46.23,,,,,,,,,,,,,42.88,37.07,47.61,,,,,,,,,,,,,7.56,2.34,12.41,,,,,,,,,,,,,4.0,-1.35,8.84,,,,2.56,-2.66,7.41,,,,,,,,,,,,,,,,,,,,,,,,,,,
2011-08-02,41.04,36.03,46.06,,,,,,,,,,,,,42.96,37.23,47.61,,,,,,,,,,,,,7.52,2.48,12.4,,,,,,,,,,,,,4.0,-1.33,8.84,,,,2.52,-2.52,7.4,,,,,,,,,,,,,,,,,,,,,,,,,,,
2011-08-03,40.96,36.16,45.9,,,,,,,,,,,,,43.04,37.42,47.61,,,,,,,,,,,,,7.48,2.51,12.35,,,,,,,,,,,,,4.0,-1.2,8.84,,,,2.48,-2.49,7.35,,,,,,,,,,,,,,,,,,,,,,,,,,,
2011-08-04,40.88,36.13,45.79,,,,,,,,,,,,,43.12,37.56,47.63,,,,,,,,,,,,,7.44,2.53,12.22,,,,,,,,,,,,,4.0,-1.15,8.82,,,,2.44,-2.47,7.22,,,,,,,,,,,,,,,,,,,,,,,,,,,
2011-08-05,40.8,36.21,45.75,,,,,,,,,,,,,43.2,37.55,47.82,,,,,,,,,,,,,7.4,2.68,12.1,,,,,,,,,,,,,4.0,-1.13,8.73,,,,2.4,-2.32,7.1,,,,,,,,,,,,,,,,,,,,,,,,,,,
2011-08-06,40.72,36.34,45.79,,,,,,,,,,,,,43.28,37.53,47.98,,,,,,,,,,,,,7.36,2.68,12.28,,,,,,,,,,,,,4.0,-1.13,8.84,,,,2.36,-2.32,7.28,,,,,,,,,,,,,,,,,,,,,,,,,,,
2011-08-07,40.64,36.07,45.98,,,,,,,,,,,,,43.36,37.52,48.1,,,,,,,,,,,,,7.32,2.64,12.4,,,,,,,,,,,,,4.0,-1.12,8.84,,,,2.32,-2.36,7.4,,,,,,,,,,,,,,,,,,,,,,,,,,,
2011-08-08,40.57,35.79,46.22,,,,,,,,,,,,,43.43,37.5,48.22,,,,,,,,,,,,,7.29,2.41,12.43,,,,,,,,,,,,,4.0,-1.12,8.84,,,,2.29,-2.59,7.43,,,,,,,,,,,,,,,,,,,,,,,,,,,
2011-08-09,40.5,35.59,46.38,,,,,,,,,,,,,43.5,37.48,48.42,,,,,,,,,,,,,7.25,2.31,12.5,,,,,,,,,,,,,4.0,-1.11,8.96,,,,2.25,-2.69,7.5,,,,,,,,,,,,,,,,,,,,,,,,,,,
2011-08-10,40.43,35.6,46.45,,,,,,,,,,,,,43.57,37.43,48.59,,,,,,,,,,,,,7.22,2.35,12.78,,,,,,,,,,,,,4.0,-1.14,8.96,,,,2.22,-2.65,7.78,,,,,,,,,,,,,,,,,,,,,,,,,,,
2011-08-11,40.37,35.62,46.52,,,,,,,,,,,,,43.63,37.27,48.69,,,,,,,,,,,,,7.19,2.35,12.8,,,,,,,,,,,,,4.0,-1.26,8.97,,,,2.19,-2.65,7.8,,,,,,,,,,,,,,,,,,,,,,,,,,,
2011-08-12,40.32,35.59,46.71,,,,,,,,,,,,,43.68,37.19,48.78,,,,,,,,,,,,,7.16,2.33,12.8,,,,,,,,,,,,,4.0,-1.32,8.98,,,,2.16,-2.67,7.8,,,,,,,,,,,,,,,,,,,,,,,,,,,
2011-08-13,40.26,35.33,46.57,,,,,,,,,,,,,43.74,37.19,48.9,,,,,,,,,,,,,7.13,2.03,12.82,,,,,,,,,,,,,4.0,-1.36,9.3,,,,2.13,-2.97,7.82,,,,,,,,,,,,,,,,,,,,,,,,,,,
2011-08-14,40.22,34.94,46.49,,,,,,,,,,,,,43.78,37.18,48.98,,,,,,,,,,,,,7.11,1.69,12.92,,,,,,,,,,,,,4.0,-1.44,9.44,,,,2.11,-3.31,7.92,,,,,,,,,,,,,,,,,,,,,,,,,,,
2011-08-15,40.17,34.71,46.49,,,,,,,,,,,,,43.83,37.18,49.04,,,,,,,,,,,,,7.09,1.68,13.11,,,,,,,,,,,,,4.0,-1.44,9.47,,,,2.09,-3.32,8.11,,,,,,,,,,,,,,,,,,,,,,,,,,,
2011-08-16,40.14,34.69,46.61,,,,,,,,,,,,,43.86,37.15,49.09,,,,,,,,,,,,,7.07,1.68,13.02,,,,,,,,,,,,,4.0,-1.44,9.5,,,,2.07,-3.32,8.02,,,,,,,,,,,,,,,,,,,,,,,,,,,
2011-08-17,40.11,34.63,46.79,,,,,,,,,,,,,43.89,37.04,49.22,,,,,,,,,,,,,7.05,1.62,12.94,,,,,,,,,,,,,4.0,-1.44,9.52,,,,2.05,-3.38,7.94,,,,,,,,,,,,,,,,,,,,,,,,,,,
2011-08-18,40.08,34.58,46.8,,,,,,,,,,,,,43.92,37.04,49.39,,,,,,,,,,,,,7.04,1.58,12.88,,,,,,,,,,,,,4.0,-1.44,9.6,,,,2.04,-3.42,7.88,,,,,,,,,,,,,,,,,,,,,,,,,,,
2011-08-19,40.06,34.54,46.8,,,,,,,,,,,,,43.94,37.04,49.54,,,,,,,,,,,,,7.03,1.53,12.86,,,,,,,,,,,,,4.0,-1.49,9.69,,,,2.03,-3.47,7.86,,,,,,,,,,,,,,,,,,,,,,,,,,,
2011-08-20,40.04,34.43,46.8,,,,,,,,,,,,,43.96,37.04,49.68,,,,,,,,,,,,,7.02,1.41,12.86,,,,,,,,,,,,,4.0,-1.6,9.74,,,,2.02,-3.59,7.86,,,,,,,,,,,,,,,,,,,,,,,,,,,
2011-08-21,40.02,34.33,46.8,,,,,,,,,,,,,43.98,37.04,49.75,,,,,,,,,,,,,7.01,1.32,12.88,,,,,,,,,,,,,4.0,-1.69,9.8,,,,2.01,-3.68,7.88,,,,,,,,,,,,,,,,,,,,,,,,,,,
2011-08-22,40.01,34.26,46.8,,,,,,,,,,,,,43.99,37.04,49.81,,,,,,,,,,,,,7.01,1.25,12.91,,,,,,,,,,,,,4.0,-1.76,9.85,,,,2.01,-3.75,7.91,,,,,,,,,,,,,,,,,,,,,,,,,,,
2011-08-23,40.01,34.2,46.8,,,,,,,,,,,,,43.99,37.04,49.85,,,,,,,,,,,,,7.0,1.2,12.94,,,,,,,,,,,,,4.0,-1.8,9.87,,,,2.0,-3.8,7.94,,,,,,,,,,,,,,,,,,,,,,,,,,,
2011-08-24,40.0,34.18,46.8,,,,,,,,,,,,,44.0,37.04,49.87,,,,,,,,,,,,,7.0,1.17,12.96,,,,,,,,,,,,,4.0,-1.83,9.88,,,,2.0,-3.83,7.96,,,,,,,,,,,,,,,,,,,,,,,,,,,
2011-08-25,40.0,34.16,46.8,,,,,,,,,,,,,44.0,37.04,49.89,,,,,,,,,,,,,7.0,1.16,12.97,,,,,,,,,,,,,4.0,-1.84,9.89,,,,2.0,-3.84,7.97,,,,,,,,,,,,,,,,,,,,,,,,,,,
2011-08-26,40.0,34.16,46.8,,,,,,,,,,,,,44.0,37.04,49.9,,,,,,,,,,,,,7.0,1.16,12.98,,,,,,,,,,,,,4.0,-1.84,9.9,,,,2.0,-3.84,7.98,,,,,,,,,,,,,,,,,,,,,,,,,,,
2011-08-27,40.0,33.71,46.14,,,,,,,,,,,,,44.0,37.71,50.14,,,,,,,,,,,,,7.0,0.71,13.14,,,,,,,,,,,,,4.0,-2.29,10.14,,,,2.0,-4.29,8.14,,,,,,,,,,,,,,,,,,,,,,,,,,,
2011-09-26,40.0,34.53,46.32,,,,,,,,,,,,,44.0,38.53,50.32,,,,,,,,,,,,,7.0,1.53,13.32,,,,,,,,,,,,,4.0,-1.47,10.32,,,,2.0,-3.47,8.32,,,,,,,,,,,,,,,,,,,,,,,,,,,
2011-09-27,40.0,34.86,48.63,,,,,,,,,,,,,44.0,35.71,49.96,,,,,,,,,,,,,7.0,1.86,14.59,,,,,,,,,,,,,4.0,-1.5,9.96,,,,2.0,-3.46,7.96,,,,,,,,,,,,,,,,,,,,,,40.0,44.0,7.0,4.0,2.0,
2011-09-28,40.0,34.86,48.63,,,,,,,,,,,,,44.0,35.71,49.95,,,,,,,,,,,,,7.0,1.86,14.59,,,,,,,,,,,,,4.0,-1.5,9.95,,,,2.0,-3.46,7.95,,,,,,,,,,,,,,,,,,,,,,,,,,,
2011-09-29,40.01,34.87,48.63,,,,,,,,,,,,,43.99,35.71,49.93,,,,,,,,,,,,,7.0,1.87,14.59,,,,,,,,,,,,,4.0,-1.5,9.94,,,,2.0,-3.46,7.95,,,,,,,,,,,,,,,,,,,,,,,,,,,
2011-09-30,40.02,34.89,48.63,,,,,,,,,,,,,43.98,35.71,49.9,,,,,,,,,,,,,7.01,1.88,14.59,,,,,,,,,,,,,3.99,-1.49,9.92,,,,2.0,-3.46,7.93,,,,,,,,,,,,,,,,,,,,,,,,,,,
2011-10-01,40.03,34.92,48.63,,,,,,,,,,,,,43.97,35.71,49.85,,,,,,,,,,,,,7.02,1.9,14.59,,,,,,,,,,,,,3.99,-1.47,9.9,,,,1.99,-3.44,7.91,,,,,,,,,,,,,,,,,,,,,,,,,,,
2011-10-02,40.05,34.97,48.63,,,,,,,,,,,,,43.95,35.71,49.79,,,,,,,,,,,,,7.03,1.94,14.59,,,,,,,,,,,,,3.98,-1.47,9.86,,,,1.99,-3.4,7.87,,,,,,,,,,,,,,,,,,,,,,,,,,,
2011-10-03,40.08,35.02,48.63,,,,,,,,,,,,,43.92,35.71,49.71,,,,,,,,,,,,,7.04,1.98,14.59,,,,,,,,,,,,,3.97,-1.47,9.8,,,,1.99,-3.36,7.83,,,,,,,,,,,,,,,,,,,,,,,,,,,
2011-10-04,40.12,35.09,48.63,,,,,,,,,,,,,43.88,35.71,49.6,,,,,,,,,,,,,7.06,2.03,14.59,,,,,,,,,,,,,3.96,-1.47,9.75,,,,1.98,-3.29,7.78,,,,,,,,,,,,,,,,,,,,,,,,,,,
2011-10-05,40.16,35.18,48.63,,,,,,,,,,,,,43.84,35.71,49.47,,,,,,,,,,,,,7.08,2.1,14.59,,,,,,,,,,,,,3.95,-1.47,9.67,,,,1.97,-3.21,7.72,,,,,,,,,,,,,,,,,,,,,,,,,,,
2011-10-06,40.21,35.27,48.63,,,,,,,,,,,,,43.79,35.71,49.46,,,,,,,,,,,,,7.1,2.15,14.59,,,,,,,,,,,,,3.93,-1.47,9.58,,,,1.97,-3.13,7.65,,,,,,,,,,,,,,,,,,,,,,,,,,,
2011-10-07,40.27,35.37,48.57,,,,,,,,,,,,,43.73,35.71,49.45,,,,,,,,,,,,,7.13,2.24,14.59,,,,,,,,,,,,,3.91,-1.47,9.49,,,,1.96,-3.09,7.57,,,,,,,,,,,,,,,,,,,,,,,,,,,
2011-10-08,40.33,35.49,48.51,,,,,,,,,,,,,43.67,35.71,49.39,,,,,,,,,,,,,7.16,2.33,14.59,,,,,,,,,,,,,3.89,-1.47,9.46,,,,1.95,-3.18,7.48,,,,,,,,,,,,,,,,,,,,,,,,,,,
2011-10-09,40.4,35.61,48.44,,,,,,,,,,,,,43.6,35.71,49.34,,,,,,,,,,,,,7.2,2.41,14.59,,,,,,,,,,,,,3.87,-1.47,9.45,,,,1.93,-3.26,7.46,,,,,,,,,,,,,,,,,,,,,,,,,,,
2011-10-10,40.47,35.74,48.42,,,,,,,,,,,,,43.53,35.71,49.34,,,,,,,,,,,,,7.24,2.51,14.59,,,,,,,,,,,,,3.84,-1.47,9.45,,,,1.92,-3.36,7.45,,,,,,,,,,,,,,,,,,,,,,,,,,,
2011-10-11,40.55,35.89,48.42,,,,,,,,,,,,,43.45,35.71,49.34,,,,,,,,,,,,,7.28,2.62,14.59,,,,,,,,,,,,,3.82,-1.51,9.36,,,,1.91,-3.42,7.45,,,,,,,,,,,,,,,,,,,,,,,,,,,
2011-10-12,40.64,36.04,48.42,,,,,,,,,,,,,43.36,35.71,49.34,,,,,,,,,,,,,7.32,2.73,14.59,,,,,,,,,,,,,3.79,-1.47,9.34,,,,1.89,-3.31,7.37,,,,,,,,,,,,,,,,,,,,,,,,,,,
2011-10-13,40.72,36.2,48.42,,,,,,,,,,,,,43.28,35.71,49.34,,,,,,,,,,,,,7.36,2.84,14.48,,,,,,,,,,,,,3.76,-1.47,9.34,,,,1.88,-3.18,7.34,,,,,,,,,,,,,,,,,,,,,,,,,,,
2011-10-14,40.82,36.38,48.42,,,,,,,,,,,,,43.18,35.71,49.18,,,,,,,,,,,,,7.41,2.97,14.33,,,,,,,,,,,,,3.73,-1.47,9.34,,,,1.86,-3.05,7.34,,,,,,,,,,,,,,,,,,,,,,,,,,,
2011-10-15,40.91,36.54,48.42,,,,,,,,,,,,,43.09,35.71,48.82,,,,,,,,,,,,,7.45,3.09,14.18,,,,,,,,,,,,,3.7,-1.46,9.34,,,,1.85,-2.92,7.34,,,,,,,,,,,,,,,,,,,,,,,,,,,
2011-10-16,41.01,36.65,48.42,,,,,,,,,,,,,42.99,35.71,48.54,,,,,,,,,,,,,7.5,3.15,14.03,,,,,,,,,,,,,3.66,-1.39,9.34,,,,1.83,-2.78,7.34,,,,,,,,,,,,,,,,,,,,,,,,,,,
2011-10-17,41.1,36.71,48.42,,,,,,,,,,,,,42.9,35.71,48.52,,,,,,,,,,,,,7.55,3.16,13.88,,,,,,,,,,,,,3.63,-1.36,9.31,,,,1.82,-2.63,7.34,,,,,,,,,,,,,,,,,,,,,,,,,,,
2011-10-18,41.2,36.93,48.42,,,,,,,,,,,,,42.8,35.71,48.3,,,,,,,,,,,,,7.6,3.33,13.74,,,,,,,,,,,,,3.6,-1.36,9.05,,,,1.8,-2.66,7.33,,,,,,,,,,,,,,,,,,,,,,,,,,,
2011-10-19,41.3,37.07,48.42,,,,,,,,,,,,,42.7,35.71,48.05,,,,,,,,,,,,,7.65,3.46,13.6,,,,,,,,,,,,,3.57,-1.36,8.81,,,,1.78,-2.71,7.15,,,,,,,,,,,,,,,,,,,,,,,,,,,
2011-10-20,41.4,37.15,48.42,,,,,,,,,,,,,42.6,35.71,48.0,,,,,,,,,,,,,7.7,3.46,13.6,,,,,,,,,,,,,3.53,-1.36,8.57,,,,1.77,-2.67,6.93,,,,,,,,,,,,,,,,,,,,,,,,,,,
2011-10-21,41.5,37.22,48.42,,,,,,,,,,,,,42.5,35.71,48.0,,,,,,,,,,,,,7.75,3.46,13.6,,,,,,,,,,,,,3.5,-1.36,8.55,,,,1.75,-2.61,6.77,,,,,,,,,,,,,,,,,,,,,,,,,,,
2011-10-22,41.6,37.3,48.42,,,,,,,,,,,,,42.4,35.71,48.0,,,,,,,,,,,,,7.8,3.46,13.6,,,,,,,,,,,,,3.47,-1.36,8.54,,,,1.73,-2.61,6.77,,,,,,,,,,,,,,,,,,,,,,,,,,,
2011-10-23,41.7,37.38,48.42,,,,,,,,,,,,,42.3,35.52,48.0,,,,,,,,,,,,,7.85,3.49,13.59,,,,,,,,,,,,,3.43,-1.36,8.53,,,,1.72,-2.62,6.78,,,,,,,,,,,,,,,,,,,,,,,,,,,
2011-10-24,41.8,37.47,48.42,,,,,,,,,,,,,42.2,35.33,48.0,,,,,,,,,,,,,7.9,3.64,13.63,,,,,,,,,,,,,3.4,-1.32,8.53,,,,1.7,-2.62,6.78,,,,,,,,,,,,,,,,,,,,,,,,,,,
2011-10-25,41.9,37.57,48.41,,,,,,,,,,,,,42.1,35.36,48.0,,,,,,,,,,,,,7.95,3.62,13.7,,,,,,,,,,,,,3.37,-1.36,8.52,,,,1.68,-2.65,6.77,,,,,,,,,,,,,,,,,,,,,,,,,,,
2011-10-26,42.0,37.65,48.41,,,,,,,,,,,,,42.0,35.4,48.0,,,,,,,,,,,,,8.0,3.6,13.78,,,,,,,,,,,,,3.33,-1.36,8.39,,,,1.67,-2.73,6.78,,,,,,,,,,,,,,,,,,,,,,,,,,,
2011-10-27,42.1,37.82,48.41,,,,,,,,,,,,,41.9,35.42,47.99,,,,,,,,,,,,,8.05,3.76,13.84,,,,,,,,,,,,,3.3,-1.36,8.27,,,,1.65,-2.64,6.76,,,,,,,,,,,,,,,,,,,,,,,,,,,
2011-10-28,42.19,37.96,48.49,,,,,,,,,,,,,41.81,35.46,47.98,,,,,,,,,,,,,8.1,3.93,13.8,,,,,,,,,,,,,3.27,-1.36,8.26,,,,1.63,-2.62,6.66,,,,,,,,,,,,,,,,,,,,,,,,,,,
2011-10-29,42.29,37.95,48.49,,,,,,,,,,,,,41.71,35.5,47.9,,,,,,,,,,,,,8.15,4.11,13.76,,,,,,,,,,,,,3.24,-1.39,8.25,,,,1.62,-2.62,6.55,,,,,,,,,,,,,,,,,,,,,,,,,,,
2011-10-30,42.39,38.01,48.48,,,,,,,,,,,,,41.61,35.54,47.71,,,,,,,,,,,,,8.19,4.16,13.73,,,,,,,,,,,,,3.2,-1.46,8.24,,,,1.6,-2.62,6.53,,,,,,,,,,,,,,,,,,,,,,,,,,,
2011-10-31,42.48,38.09,48.48,,,,,,,,,,,,,41.52,35.58,47.65,,,,,,,,,,,,,8.24,4.11,13.69,,,,,,,,,,,,,3.17,-1.47,8.23,,,,1.59,-2.63,6.53,,,,,,,,,,,,,,,,,,,,,,,,,,,
2011-11-01,42.58,38.19,48.47,,,,,,,,,,,,,41.42,35.62,47.65,,,,,,,,,,,,,8.29,4.05,13.66,,,,,,,,,,,,,3.14,-1.47,8.22,,,,1.57,-2.63,6.53,,,,,,,,,,,,,,,,,,,,,,,,,,,
2011-11-02,42.67,38.27,48.46,,,,,,,,,,,,,41.33,35.65,47.65,,,,,,,,,,,,,8.34,4.0,13.62,,,,,,,,,,,,,3.11,-1.47,8.21,,,,1.55,-2.71,6.53,,,,,,,,,,,,,,,,,,,,,,,,,,,
2011-11-03,42.77,38.34,48.46,,,,,,,,,,,,,41.23,35.7,47.65,,,,,,,,,,,,,8.38,3.95,13.59,,,,,,,,,,,,,3.08,-1.47,8.2,,,,1.54,-2.89,6.53,,,,,,,,,,,,,,,,,,,,,,,,,,,
2011-11-04,42.86,38.28,48.46,,,,,,,,,,,,,41.14,35.71,47.65,,,,,,,,,,,,,8.43,3.86,13.59,,,,,,,,,,,,,3.05,-1.5,8.2,,,,1.52,-3.05,6.53,,,,,,,,,,,,,,,,,,,,,,,,,,,
2011-11-05,42.95,38.19,48.47,,,,,,,,,,,,,41.05,35.71,47.65,,,,,,,,,,,,,8.48,3.75,13.59,,,,,,,,,,,,,3.02,-1.6,8.19,,,,1.51,-3.21,6.54,,,,,,,,,,,,,,,,,,,,,,,,,,,
2011-11-06,43.05,38.11,48.48,,,,,,,,,,,,,40.95,35.62,47.65,,,,,,,,,,,,,8.52,3.65,13.59,,,,,,,,,,,,,2.98,-1.61,8.17,,,,1.49,-3.37,6.54,,,,,,,,,,,,,,,,,,,,,,,,,,,
2011-11-07,43.14,38.02,48.48,,,,,,,,,,,,,40.86,35.49,47.65,,,,,,,,,,,,,8.57,3.55,13.58,,,,,,,,,,,,,2.95,-1.62,8.15,,,,1.48,-3.46,6.53,,,,,,,,,,,,,,,,,,,,,,,,,,,
2011-11-08,43.23,37.93,48.49,,,,,,,,,,,,,40.77,35.36,47.65,,,,,,,,,,,,,8.62,3.47,13.58,,,,,,,,,,,,,2.92,-1.63,8.1,,,,1.46,-3.47,6.53,,,,,,,,,,,,,,,,,,,,,,,,,,,
2011-11-09,43.33,37.89,48.49,,,,,,,,,,,,,40.67,35.23,47.65,,,,,,,,,,,,,8.66,3.46,13.58,,,,,,,,,,,,,2.89,-1.64,7.98,,,,1.45,-3.48,6.52,,,,,,,,,,,,,,,,,,,,,,,,,,,
2011-11-10,43.42,37.93,48.5,,,,,,,,,,,,,40.58,35.09,47.65,,,,,,,,,,,,,8.71,3.46,13.58,,,,,,,,,,,,,2.86,-1.64,7.98,,,,1.43,-3.49,6.42,,,,,,,,,,,,,,,,,,,,,,,,,,,
2011-11-11,43.52,37.93,48.51,,,,,,,,,,,,,40.48,34.89,47.65,,,,,,,,,,,,,8.76,3.46,13.57,,,,,,,,,,,,,2.83,-1.63,7.98,,,,1.41,-3.48,6.3,,,,,,,,,,,,,,,,,,,,,,,,,,,
2011-11-12,43.61,37.94,48.51,,,,,,,,,,,,,40.39,34.81,47.65,,,,,,,,,,,,,8.81,3.39,13.57,,,,,,,,,,,,,2.8,-1.77,7.98,,,,1.4,-3.47,6.19,,,,,,,,,,,,,,,,,,,,,,,,,,,
2011-11-13,43.71,37.96,48.52,,,,,,,,,,,,,40.29,34.66,47.65,,,,,,,,,,,,,8.85,3.33,13.52,,,,,,,,,,,,,2.76,-1.91,7.98,,,,1.38,-3.47,6.07,,,,,,,,,,,,,,,,,,,,,,,,,,,
2011-11-14,43.81,37.98,48.52,,,,,,,,,,,,,40.19,34.63,47.65,,,,,,,,,,,,,8.9,3.26,13.47,,,,,,,,,,,,,2.73,-1.91,7.98,,,,1.37,-3.47,6.0,,,,,,,,,,,,,,,,,,,,,,,,,,,
2011-11-15,43.9,38.08,48.53,,,,,,,,,,,,,40.1,34.63,47.65,,,,,,,,,,,,,8.95,3.23,13.44,,,,,,,,,,,,,2.7,-1.94,7.98,,,,1.35,-3.56,6.0,,,,,,,,,,,,,,,,,,,,,,,,,,,
2011-11-16,44.0,38.22,48.54,,,,,,,,,,,,,40.0,34.63,47.65,,,,,,,,,,,,,9.0,3.22,13.44,,,,,,,,,,,,,2.67,-2.22,7.97,,,,1.33,-3.81,6.0,,,,,,,,,,,,,,,,,,,,,,,,,,,
2011-11-17,44.1,38.28,48.54,,,,,,,,,,,,,39.9,34.63,47.65,,,,,,,,,,,,,9.05,3.23,13.44,,,,,,,,,,,,,2.63,-2.49,7.97,,,,1.32,-4.05,6.0,,,,,,,,,,,,,,,,,,,,,,,,,,,
2011-11-18,44.2,38.33,48.54,,,,,,,,,,,,,39.8,34.63,47.65,,,,,,,,,,,,,9.1,3.23,13.44,,,,,,,,,,,,,2.6,-2.75,7.97,,,,1.3,-4.22,6.0,,,,,,,,,,,,,,,,,,,,,,,,,,,
2011-11-19,44.3,38.38,48.54,,,,,,,,,,,,,39.7,34.63,47.65,,,,,,,,,,,,,9.15,3.23,13.44,,,,,,,,,,,,,2.57,-2.95,7.97,,,,1.28,-4.39,6.0,,,,,,,,,,,,,,,,,,,,,,,,,,,
2011-11-20,44.4,38.42,48.59,,,,,,,,,,,,,39.6,34.55,47.65,,,,,,,,,,,,,9.2,3.22,13.44,,,,,,,,,,,,,2.53,-3.14,7.97,,,,1.27,-4.56,6.0,,,,,,,,,,,,,,,,,,,,,,,,,,,
2011-11-21,44.5,38.48,48.64,,,,,,,,,,,,,39.5,34.28,47.65,,,,,,,,,,,,,9.25,3.23,13.53,,,,,,,,,,,,,2.5,-3.33,7.97,,,,1.25,-4.72,6.0,,,,,,,,,,,,,,,,,,,,,,,,,,,
2011-11-22,44.6,38.53,48.73,,,,,,,,,,,,,39.4,33.98,47.65,,,,,,,,,,,,,9.3,3.23,13.58,,,,,,,,,,,,,2.47,-3.52,7.97,,,,1.23,-4.82,6.0,,,,,,,,,,,,,,,,,,,,,,,,,,,
2011-11-23,44.7,38.58,49.0,,,,,,,,,,,,,39.3,33.67,47.65,,,,,,,,,,,,,9.35,3.23,13.65,,,,,,,,,,,,,2.43,-3.66,7.97,,,,1.22,-4.89,6.0,,,,,,,,,,,,,,,,,,,,,,,,,,,
2011-11-24,44.8,38.59,49.27,,,,,,,,,,,,,39.2,33.37,47.65,,,,,,,,,,,,,9.4,3.23,13.86,,,,,,,,,,,,,2.4,-3.75,7.97,,,,1.2,-4.97,6.0,,,,,,,,,,,,,,,,,,,,,,,,,,,
2011-11-25,44.9,38.59,49.43,,,,,,,,,,,,,39.1,33.07,47.65,,,,,,,,,,,,,9.45,3.24,14.08,,,,,,,,,,,,,2.37,-3.84,7.97,,,,1.18,-5.03,6.0,,,,,,,,,,,,,,,,,,,,,,,,,,,
2011-11-26,44.99,38.59,49.44,,,,,,,,,,,,,39.01,32.77,47.65,,,,,,,,,,,,,9.5,3.23,14.24,,,,,,,,,,,,,2.34,-3.92,7.97,,,,1.17,-5.09,6.23,,,,,,,,,,,,,,,,,,,,,,,,,,,
2011-11-27,45.09,38.59,49.58,,,,,,,,,,,,,38.91,32.61,47.65,,,,,,,,,,,,,9.55,3.23,14.5,,,,,,,,,,,,,2.3,-4.01,7.97,,,,1.15,-5.15,6.52,,,,,,,,,,,,,,,,,,,,,,,,,,,
2011-11-28,45.18,38.59,49.6,,,,,,,,,,,,,38.82,32.47,47.65,,,,,,,,,,,,,9.59,3.23,14.59,,,,,,,,,,,,,2.27,-4.08,8.0,,,,1.14,-5.21,6.54,,,,,,,,,,,,,,,,,,,,,,,,,,,
2011-11-29,45.28,38.59,49.63,,,,,,,,,,,,,38.72,32.32,47.65,,,,,,,,,,,,,9.64,3.24,14.65,,,,,,,,,,,,,2.24,-4.15,8.02,,,,1.12,-5.26,6.54,,,,,,,,,,,,,,,,,,,,,,,,,,,
2011-11-30,45.36,38.6,49.83,,,,,,,,,,,,,38.64,32.19,47.65,,,,,,,,,,,,,9.68,3.24,14.68,,,,,,,,,,,,,2.21,-4.22,8.01,,,,1.11,-5.32,6.54,,,,,,,,,,,,,,,,,,,,,,,,,,,
2011-12-01,45.45,38.6,50.03,,,,,,,,,,,,,38.55,32.07,47.65,,,,,,,,,,,,,9.72,3.24,14.68,,,,,,,,,,,,,2.18,-4.28,8.01,,,,1.09,-5.37,6.66,,,,,,,,,,,,,,,,,,,,,,,,,,,
2011-12-02,45.53,38.6,50.21,,,,,,,,,,,,,38.47,31.95,47.65,,,,,,,,,,,,,9.76,3.24,14.68,,,,,,,,,,,,,2.16,-4.34,8.0,,,,1.08,-5.42,6.78,,,,,,,,,,,,,,,,,,,,,,,,,,,
2011-12-03,45.6,38.6,50.37,,,,,,,,,,,,,38.4,31.85,47.65,,,,,,,,,,,,,9.8,3.24,14.68,,,,,,,,,,,,,2.13,-4.41,8.0,,,,1.07,-5.46,6.89,,,,,,,,,,,,,,,,,,,,,,,,,,,
2011-12-04,45.67,38.6,50.52,,,,,,,,,,,,,38.33,31.75,47.65,,,,,,,,,,,,,9.84,3.24,14.69,,,,,,,,,,,,,2.11,-4.45,8.07,,,,1.05,-5.51,6.93,,,,,,,,,,,,,,,,,,,,,,,,,,,
2011-12-05,45.73,38.6,50.59,,,,,,,,,,,,,38.27,31.67,47.65,,,,,,,,,,,,,9.87,3.24,14.77,,,,,,,,,,,,,2.09,-4.5,8.15,,,,1.04,-5.53,6.95,,,,,,,,,,,,,,,,,,,,,,,,,,,
2011-12-06,45.79,38.6,50.6,,,,,,,,,,,,,38.21,31.58,47.65,,,,,,,,,,,,,9.9,3.24,14.78,,,,,,,,,,,,,2.07,-4.53,8.23,,,,1.03,-5.53,6.95,,,,,,,,,,,,,,,,,,,,,,,,,,,
2011-12-07,45.84,38.6,50.6,,,,,,,,,,,,,38.16,31.52,47.65,,,,,,,,,,,,,9.92,3.24,14.78,,,,,,,,,,,,,2.05,-4.53,8.29,,,,1.03,-5.53,6.96,,,,,,,,,,,,,,,,,,,,,,,,,,,
2011-12-08,45.88,38.6,50.67,,,,,,,,,,,,,38.12,31.47,47.65,,,,,,,,,,,,,9.94,3.24,14.8,,,,,,,,,,,,,2.04,-4.53,8.35,,,,1.02,-5.54,6.96,,,,,,,,,,,,,,,,,,,,,,,,,,,
2011-12-09,45.92,38.6,50.77,,,,,,,,,,,,,38.08,31.47,47.65,,,,,,,,,,,,,9.96,3.22,14.91,,,,,,,,,,,,,2.03,-4.55,8.39,,,,1.01,-5.58,6.96,,,,,,,,,,,,,,,,,,,,,,,,,,,
2011-12-10,45.95,34.71,51.61,,,,,,,,,,,,,38.05,31.46,48.04,,,,,,,,,,,,,9.97,0.84,15.75,,,,,,,,,,,,,2.02,-4.66,9.62,,,,1.01,-6.07,7.87,,,,,,,,,,,,,,,,,,,,,,,,,,,
2011-12-11,45.97,34.67,51.46,,,,,,,,,,,,,38.03,31.43,47.97,,,,,,,,,,,,,9.98,1.23,15.67,,,,,,,,,,,,,2.01,-4.67,9.4,,,,1.01,-5.74,7.78,,,,,,,,,,,,,,,,,,,,,,,,,,,
2011-12-12,45.98,35.16,51.41,,,,,,,,,,,,,38.02,31.71,47.76,,,,,,,,,,,,,9.99,2.31,15.65,,,,,,,,,,,,,2.01,-4.62,9.4,,,,1.0,-5.7,7.79,,,,,,,,,,,,,,,,,,,,,,,,,,,
2011-12-13,45.98,36.36,51.2,,,,,,,,,,,,,38.01,31.71,47.37,,,,,,,,,,,,,9.99,3.28,15.65,,,,,,,,,,,,,2.0,-4.29,8.5,,,,1.01,-5.29,7.4,,,,,,,,,,,,,,,,,,,,,,,,,,,
2011-12-14,45.98,36.42,51.2,,,,,,,,,,,,,38.02,31.72,47.37,,,,,,,,,,,,,10.0,3.71,15.66,,,,,,,,,,,,,2.0,-4.29,8.5,,,,1.01,-5.28,7.56,,,,,,,,,,,,,,,,,,,,,,,,,,,
2011-12-15,45.96,36.4,51.19,,,,,,,,,,,,,38.03,31.74,47.49,,,,,,,,,,,,,9.99,3.72,15.65,,,,,,,,,,,,,2.01,-4.27,8.49,,,,1.02,-5.27,7.78,,,,,,,,,,,,,,,,,,,,,,46.0,38.0,10.0,2.0,1.0,
2011-12-16,45.94,36.24,51.24,,,,,,,,,,,,,38.04,31.47,46.13,,,,,,,,,,,,,9.99,3.46,15.65,,,,,,,,,,,,,2.01,-4.53,7.69,,,,1.03,-5.53,7.46,,,,,,,,,,,,,,,,,,,,,,,,,,,
2011-12-17,45.9,37.27,51.62,,,,,,,,,,,,,38.07,34.05,45.32,,,,,,,,,,,,,9.99,5.01,15.65,,,,,,,,,,,,,2.01,-1.99,7.67,,,,1.04,-2.97,7.1,,,,,,,,,,,,,,,,,,,,,,,,,,,
2011-12-18,45.86,37.27,51.54,,,,,,,,,,,,,38.1,34.1,45.32,,,,,,,,,,,,,9.98,5.01,15.63,,,,,,,,,,,,,2.02,-1.96,7.65,,,,1.06,-2.93,7.09,,,,,,,,,,,,,,,,,,,,,,,,,,,
2011-12-19,45.81,37.27,51.44,,,,,,,,,,,,,38.13,34.15,45.32,,,,,,,,,,,,,9.97,5.01,15.62,,,,,,,,,,,,,2.03,-1.93,7.64,,,,1.08,-2.89,7.08,,,,,,,,,,,,,,,,,,,,,,,,,,,
2011-12-20,45.76,37.27,51.32,,,,,,,,,,,,,38.17,34.21,45.32,,,,,,,,,,,,,9.97,5.01,15.58,,,,,,,,,,,,,2.03,-1.9,7.62,,,,1.1,-2.84,7.07,,,,,,,,,,,,,,,,,,,,,,,,,,,
2011-12-21,45.69,37.27,51.18,,,,,,,,,,,,,38.22,34.27,45.32,,,,,,,,,,,,,9.96,5.01,15.51,,,,,,,,,,,,,2.04,-1.86,7.6,,,,1.13,-2.79,7.03,,,,,,,,,,,,,,,,,,,,,,,,,,,
2011-12-22,45.62,37.27,51.03,,,,,,,,,,,,,38.27,34.34,45.32,,,,,,,,,,,,,9.95,5.01,15.44,,,,,,,,,,,,,2.05,-1.81,7.57,,,,1.16,-2.74,6.98,,,,,,,,,,,,,,,,,,,,,,,,,,,
2011-12-23,45.54,37.27,50.83,,,,,,,,,,,,,38.33,34.4,45.32,,,,,,,,,,,,,9.93,5.01,15.36,,,,,,,,,,,,,2.07,-1.78,7.52,,,,1.2,-2.68,6.93,,,,,,,,,,,,,,,,,,,,,,,,,,,
2011-12-24,45.45,37.27,50.71,,,,,,,,,,,,,38.39,34.42,45.32,,,,,,,,,,,,,9.92,5.01,15.32,,,,,,,,,,,,,2.08,-1.76,7.57,,,,1.23,-2.65,6.93,,,,,,,,,,,,,,,,,,,,,,,,,,,
2011-12-25,45.36,37.27,50.58,,,,,,,,,,,,,38.46,34.45,45.32,,,,,,,,,,,,,9.91,5.01,15.22,,,,,,,,,,,,,2.09,-1.76,7.52,,,,1.27,-2.64,7.03,,,,,,,,,,,,,,,,,,,,,,,,,,,
2011-12-26,45.27,37.27,50.48,,,,,,,,,,,,,38.52,34.48,45.32,,,,,,,,,,,,,9.9,5.01,15.08,,,,,,,,,,,,,2.1,-1.77,7.42,,,,1.31,-2.62,7.05,,,,,,,,,,,,,,,,,,,,,,,,,,,
2011-12-27,45.17,37.27,50.44,,,,,,,,,,,,,38.6,34.49,45.32,,,,,,,,,,,,,9.88,5.01,14.98,,,,,,,,,,,,,2.12,-1.77,7.32,,,,1.36,-2.61,7.01,,,,,,,,,,,,,,,,,,,,,,,,,,,
2011-12-28,45.06,37.27,50.42,,,,,,,,,,,,,38.67,34.5,45.45,,,,,,,,,,,,,9.87,5.01,14.88,,,,,,,,,,,,,2.13,-1.78,7.22,,,,1.4,-2.59,6.99,,,,,,,,,,,,,,,,,,,,,,,,,,,
2011-12-29,44.96,37.27,50.33,,,,,,,,,,,,,38.75,34.61,45.52,,,,,,,,,,,,,9.85,5.02,14.78,,,,,,,,,,,,,2.15,-1.78,7.14,,,,1.45,-2.58,6.99,,,,,,,,,,,,,,,,,,,,,,,,,,,
2011-12-30,44.85,37.27,50.09,,,,,,,,,,,,,38.82,34.73,45.48,,,,,,,,,,,,,9.84,5.06,14.74,,,,,,,,,,,,,2.16,-1.79,7.07,,,,1.49,-2.57,6.99,,,,,,,,,,,,,,,,,,,,,,,,,,,
2011-12-31,44.74,37.27,49.83,,,,,,,,,,,,,38.9,34.88,45.38,,,,,,,,,,,,,9.82,5.16,14.74,,,,,,,,,,,,,2.18,-1.8,7.03,,,,1.54,-2.48,6.99,,,,,,,,,,,,,,,,,,,,,,,,,,,
2012-01-01,44.63,37.27,49.74,,,,,,,,,,,,,38.98,35.03,45.28,,,,,,,,,,,,,9.8,5.27,14.75,,,,,,,,,,,,,2.2,-1.8,7.0,,,,1.59,-2.38,6.99,,,,,,,,,,,,,,,,,,,,,,,,,,,
2012-01-02,44.52,37.27,49.71,,,,,,,,,,,,,39.06,35.11,45.22,,,,,,,,,,,,,9.79,5.37,14.76,,,,,,,,,,,,,2.21,-1.78,6.99,,,,1.64,-2.23,6.99,,,,,,,,,,,,,,,,,,,,,,,,,,,
2012-01-03,44.4,37.27,49.69,,,,,,,,,,,,,39.14,35.14,45.19,,,,,,,,,,,,,9.77,5.47,14.7,,,,,,,,,,,,,2.23,-1.73,7.01,,,,1.68,-2.14,6.93,,,,,,,,,,,,,,,,,,,,,,,,,,,
2012-01-04,44.29,37.27,49.66,,,,,,,,,,,,,39.22,35.16,45.17,,,,,,,,,,,,,9.76,5.39,14.64,,,,,,,,,,,,,2.24,-1.65,7.02,,,,1.73,-2.14,6.82,,,,,,,,,,,,,,,,,,,,,,,,,,,
2012-01-05,44.18,37.27,49.63,,,,,,,,,,,,,39.3,35.19,45.14,,,,,,,,,,,,,9.74,5.27,14.61,,,,,,,,,,,,,2.26,-1.59,6.97,,,,1.78,-2.2,6.72,,,,,,,,,,,,,,,,,,,,,,,,,,,
2012-01-06,44.07,37.27,49.61,,,,,,,,,,,,,39.38,35.31,45.12,,,,,,,,,,,,,9.72,5.22,14.53,,,,,,,,,,,,,2.28,-1.54,6.92,,,,1.83,-2.24,6.63,,,,,,,,,,,,,,,,,,,,,,,,,,,
2012-01-07,43.96,37.27,49.59,,,,,,,,,,,,,39.45,35.35,45.1,,,,,,,,,,,,,9.71,5.22,14.46,,,,,,,,,,,,,2.29,-1.54,6.94,,,,1.87,-2.23,6.6,,,,,,,,,,,,,,,,,,,,,,,,,,,
2012-01-08,43.86,37.34,49.57,,,,,,,,,,,,,39.53,35.31,45.07,,,,,,,,,,,,,9.69,5.22,14.39,,,,,,,,,,,,,2.31,-1.59,6.96,,,,1.92,-2.06,6.62,,,,,,,,,,,,,,,,,,,,,,,,,,,
2012-01-09,43.75,37.37,49.44,,,,,,,,,,,,,39.61,35.3,45.05,,,,,,,,,,,,,9.68,5.22,14.34,,,,,,,,,,,,,2.32,-1.65,6.97,,,,1.96,-1.92,6.64,,,,,,,,,,,,,,,,,,,,,,,,,,,
2012-01-10,43.64,37.27,49.25,,,,,,,,,,,,,39.68,35.33,45.04,,,,,,,,,,,,,9.66,5.23,14.28,,,,,,,,,,,,,2.34,-1.64,6.96,,,,2.01,-1.94,6.67,,,,,,,,,,,,,,,,,,,,,,,,,,,
2012-01-11,43.54,37.27,49.1,,,,,,,,,,,,,39.76,35.36,44.99,,,,,,,,,,,,,9.65,5.28,14.27,,,,,,,,,,,,,2.35,-1.52,6.93,,,,2.05,-1.96,6.7,,,,,,,,,,,,,,,,,,,,,,,,,,,
2012-01-12,43.44,37.27,48.94,,,,,,,,,,,,,39.83,35.38,44.91,,,,,,,,,,,,,9.63,5.25,14.28,,,,,,,,,,,,,2.37,-1.5,6.9,,,,2.1,-1.98,6.73,,,,,,,,,,,,,,,,,,,,,,,,,,,
2012-01-13,43.33,37.27,48.78,,,,,,,,,,,,,39.9,35.41,44.83,,,,,,,,,,,,,9.62,5.19,14.25,,,,,,,,,,,,,2.38,-1.5,6.9,,,,2.14,-2.01,6.72,,,,,,,,,,,,,,,,,,,,,,,,,,,
2012-01-14,43.23,37.27,48.73,,,,,,,,,,,,,39.98,35.43,44.73,,,,,,,,,,,,,9.6,5.18,14.15,,,,,,,,,,,,,2.4,-1.57,6.9,,,,2.19,-2.03,6.68,,,,,,,,,,,,,,,,,,,,,,,,,,,
2012-01-15,43.13,37.27,48.7,,,,,,,,,,,,,40.05,35.46,44.62,,,,,,,,,,,,,9.59,5.16,14.04,,,,,,,,,,,,,2.41,-1.67,6.86,,,,2.23,-2.11,6.67,,,,,,,,,,,,,,,,,,,,,,,,,,,
2012-01-16,43.03,37.23,48.67,,,,,,,,,,,,,40.12,35.49,44.56,,,,,,,,,,,,,9.58,5.12,13.94,,,,,,,,,,,,,2.42,-1.77,6.79,,,,2.27,-2.22,6.67,,,,,,,,,,,,,,,,,,,,,,,,,,,
2012-01-17,42.94,37.14,48.64,,,,,,,,,,,,,40.19,35.47,44.61,,,,,,,,,,,,,9.56,5.02,13.78,,,,,,,,,,,,,2.44,-1.88,6.74,,,,2.31,-2.3,6.64,,,,,,,,,,,,,,,,,,,,,,,,,,,
2012-01-18,42.84,37.03,48.61,,,,,,,,,,,,,40.26,35.42,44.7,,,,,,,,,,,,,9.55,5.01,13.66,,,,,,,,,,,,,2.45,-1.93,6.68,,,,2.35,-2.37,6.6,,,,,,,,,,,,,,,,,,,,,,,,,,,
2012-01-19,42.74,36.92,48.58,,,,,,,,,,,,,40.33,35.36,44.78,,,,,,,,,,,,,9.53,5.01,13.61,,,,,,,,,,,,,2.47,-1.93,6.64,,,,2.4,-2.46,6.6,,,,,,,,,,,,,,,,,,,,,,,,,,,
2012-01-20,42.64,36.81,48.54,,,,,,,,,,,,,40.4,35.29,44.86,,,,,,,,,,,,,9.52,5.01,13.64,,,,,,,,,,,,,2.48,-1.94,6.68,,,,2.44,-2.48,6.62,,,,,,,,,,,,,,,,,,,,,,,,,,,
2012-01-21,42.55,36.7,48.51,,,,,,,,,,,,,40.47,35.21,44.95,,,,,,,,,,,,,9.51,5.01,13.68,,,,,,,,,,,,,2.49,-1.95,6.73,,,,2.48,-2.48,6.67,,,,,,,,,,,,,,,,,,,,,,,,,,,
2012-01-22,42.45,36.52,48.48,,,,,,,,,,,,,40.53,35.21,45.03,,,,,,,,,,,,,9.49,5.01,13.71,,,,,,,,,,,,,2.51,-1.98,6.78,,,,2.52,-2.47,6.74,,,,,,,,,,,,,,,,,,,,,,,,,,,
2012-01-23,42.36,36.38,48.44,,,,,,,,,,,,,40.6,35.23,45.09,,,,,,,,,,,,,9.48,5.01,13.75,,,,,,,,,,,,,2.52,-2.03,6.82,,,,2.56,-2.46,6.81,,,,,,,,,,,,,,,,,,,,,,,,,,,
2012-01-24,42.26,36.24,48.41,,,,,,,,,,,,,40.67,35.25,45.14,,,,,,,,,,,,,9.47,5.0,13.79,,,,,,,,,,,,,2.53,-2.1,6.88,,,,2.6,-2.46,6.88,,,,,,,,,,,,,,,,,,,,,,,,,,,
2012-01-25,42.16,36.09,48.37,,,,,,,,,,,,,40.74,35.27,45.25,,,,,,,,,,,,,9.45,4.91,13.83,,,,,,,,,,,,,2.55,-2.17,6.9,,,,2.65,-2.45,6.98,,,,,,,,,,,,,,,,,,,,,,,,,,,
2012-01-26,42.06,36.01,48.34,,,,,,,,,,,,,40.81,35.28,45.37,,,,,,,,,,,,,9.44,4.8,13.87,,,,,,,,,,,,,2.56,-2.24,6.9,,,,2.69,-2.45,7.07,,,,,,,,,,,,,,,,,,,,,,,,,,,
2012-01-27,41.97,36.01,48.3,,,,,,,,,,,,,40.88,35.29,45.46,,,,,,,,,,,,,9.42,4.69,13.9,,,,,,,,,,,,,2.58,-2.32,6.9,,,,2.73,-2.44,7.11,,,,,,,,,,,,,,,,,,,,,,,,,,,
2012-01-28,41.87,36.01,48.26,,,,,,,,,,,,,40.95,35.28,45.52,,,,,,,,,,,,,9.41,4.58,13.91,,,,,,,,,,,,,2.59,-2.4,6.9,,,,2.77,-2.46,7.16,,,,,,,,,,,,,,,,,,,,,,,,,,,
2012-01-29,41.77,36.01,48.23,,,,,,,,,,,,,41.02,35.26,45.59,,,,,,,,,,,,,9.4,4.56,13.92,,,,,,,,,,,,,2.6,-2.49,6.9,,,,2.81,-2.49,7.2,,,,,,,,,,,,,,,,,,,,,,,,,,,
2012-01-30,41.67,36.01,48.2,,,,,,,,,,,,,41.1,35.24,45.68,,,,,,,,,,,,,9.38,4.49,13.92,,,,,,,,,,,,,2.62,-2.62,6.95,,,,2.86,-2.54,7.24,,,,,,,,,,,,,,,,,,,,,,,,,,,
2012-01-31,41.56,35.94,48.16,,,,,,,,,,,,,41.17,35.2,45.78,,,,,,,,,,,,,9.37,4.43,13.97,,,,,,,,,,,,,2.63,-2.75,7.01,,,,2.9,-2.64,7.31,,,,,,,,,,,,,,,,,,,,,,,,,,,
2012-02-01,41.46,35.81,48.12,,,,,,,,,,,,,41.24,35.15,45.88,,,,,,,,,,,,,9.35,4.36,14.03,,,,,,,,,,,,,2.65,-2.86,7.08,,,,2.95,-2.74,7.43,,,,,,,,,,,,,,,,,,,,,,,,,,,
2012-02-02,41.36,35.66,48.09,,,,,,,,,,,,,41.32,35.11,46.02,,,,,,,,,,,,,9.34,4.27,14.08,,,,,,,,,,,,,2.66,-2.91,7.15,,,,2.99,-2.85,7.56,,,,,,,,,,,,,,,,,,,,,,,,,,,
2012-02-03,41.25,35.65,48.02,,,,,,,,,,,,,41.39,35.06,46.17,,,,,,,,,,,,,9.32,4.18,14.13,,,,,,,,,,,,,2.68,-2.97,7.28,,,,3.04,-2.95,7.69,,,,,,,,,,,,,,,,,,,,,,,,,,,
2012-02-04,41.14,35.65,47.97,,,,,,,,,,,,,41.47,35.01,46.29,,,,,,,,,,,,,9.31,4.09,14.18,,,,,,,,,,,,,2.69,-3.04,7.42,,,,3.08,-3.07,7.82,,,,,,,,,,,,,,,,,,,,,,,,,,,
2012-02-05,41.04,35.65,47.92,,,,,,,,,,,,,41.55,34.97,46.37,,,,,,,,,,,,,9.29,3.99,14.24,,,,,,,,,,,,,2.71,-3.12,7.55,,,,3.13,-3.18,7.94,,,,,,,,,,,,,,,,,,,,,,,,,,,
2012-02-06,40.93,35.65,47.87,,,,,,,,,,,,,41.62,34.92,46.53,,,,,,,,,,,,,9.28,3.85,14.31,,,,,,,,,,,,,2.72,-3.19,7.64,,,,3.17,-3.3,8.03,,,,,,,,,,,,,,,,,,,,,,,,,,,
2012-02-07,40.82,35.6,47.83,,,,,,,,,,,,,41.7,34.87,46.67,,,,,,,,,,,,,9.26,3.79,14.38,,,,,,,,,,,,,2.74,-3.27,7.71,,,,3.22,-3.41,8.12,,,,,,,,,,,,,,,,,,,,,,,,,,,
2012-02-08,40.71,35.48,47.78,,,,,,,,,,,,,41.78,34.81,46.78,,,,,,,,,,,,,9.24,3.75,14.5,,,,,,,,,,,,,2.76,-3.35,7.73,,,,3.27,-3.53,8.18,,,,,,,,,,,,,,,,,,,,,,,,,,,
2012-02-09,40.6,35.26,47.74,,,,,,,,,,,,,41.86,34.76,46.89,,,,,,,,,,,,,9.23,3.71,14.62,,,,,,,,,,,,,2.77,-3.44,7.76,,,,3.32,-3.65,8.3,,,,,,,,,,,,,,,,,,,,,,,,,,,
2012-02-10,40.48,35.09,47.7,,,,,,,,,,,,,41.94,34.67,47.0,,,,,,,,,,,,,9.21,3.67,14.72,,,,,,,,,,,,,2.79,-3.52,7.86,,,,3.36,-3.78,8.44,,,,,,,,,,,,,,,,,,,,,,,,,,,
2012-02-11,40.37,35.0,47.65,,,,,,,,,,,,,42.02,34.62,47.12,,,,,,,,,,,,,9.2,3.63,14.79,,,,,,,,,,,,,2.8,-3.61,7.99,,,,3.41,-3.88,8.59,,,,,,,,,,,,,,,,,,,,,,,,,,,
2012-02-12,40.26,34.91,47.6,,,,,,,,,,,,,42.1,34.57,47.26,,,,,,,,,,,,,9.18,3.59,14.86,,,,,,,,,,,,,2.82,-3.71,8.1,,,,3.46,-3.95,8.74,,,,,,,,,,,,,,,,,,,,,,,,,,,
2012-02-13,40.15,34.81,47.55,,,,,,,,,,,,,42.18,34.52,47.39,,,,,,,,,,,,,9.16,3.55,14.92,,,,,,,,,,,,,2.84,-3.8,8.26,,,,3.51,-4.01,8.85,,,,,,,,,,,,,,,,,,,,,,,,,,,
2012-02-14,40.04,34.71,47.51,,,,,,,,,,,,,42.25,34.47,47.53,,,,,,,,,,,,,9.15,3.52,15.03,,,,,,,,,,,,,2.85,-3.84,8.48,,,,3.55,-4.07,8.98,,,,,,,,,,,,,,,,,,,,,,,,,,,
2012-02-15,39.94,34.61,47.53,,,,,,,,,,,,,42.33,34.42,47.71,,,,,,,,,,,,,9.13,3.47,15.13,,,,,,,,,,,,,2.87,-3.84,8.65,,,,3.6,-4.1,9.18,,,,,,,,,,,,,,,,,,,,,,,,,,,
2012-02-16,39.83,34.53,47.55,,,,,,,,,,,,,42.4,34.36,47.95,,,,,,,,,,,,,9.12,3.43,15.23,,,,,,,,,,,,,2.88,-3.84,8.81,,,,3.64,-4.13,9.38,,,,,,,,,,,,,,,,,,,,,,,,,,,
2012-02-17,39.73,34.46,47.57,,,,,,,,,,,,,42.48,34.31,48.22,,,,,,,,,,,,,9.1,3.39,15.4,,,,,,,,,,,,,2.9,-3.84,8.98,,,,3.69,-4.16,9.6,,,,,,,,,,,,,,,,,,,,,,,,,,,
2012-02-18,39.64,34.38,47.58,,,,,,,,,,,,,42.54,34.25,48.47,,,,,,,,,,,,,9.09,3.35,15.58,,,,,,,,,,,,,2.91,-3.86,9.13,,,,3.73,-4.18,9.8,,,,,,,,,,,,,,,,,,,,,,,,,,,
2012-02-19,39.55,34.21,47.61,,,,,,,,,,,,,42.61,34.2,48.63,,,,,,,,,,,,,9.08,3.21,15.68,,,,,,,,,,,,,2.92,-3.96,9.34,,,,3.77,-4.2,9.96,,,,,,,,,,,,,,,,,,,,,,,,,,,
2012-02-20,39.46,33.98,47.62,,,,,,,,,,,,,42.67,34.14,48.85,,,,,,,,,,,,,9.07,3.03,15.7,,,,,,,,,,,,,2.93,-4.05,9.52,,,,3.8,-4.23,10.19,,,,,,,,,,,,,,,,,,,,,,,,,,,
2012-02-21,39.38,33.68,47.64,,,,,,,,,,,,,42.73,34.1,49.13,,,,,,,,,,,,,9.05,2.83,15.77,,,,,,,,,,,,,2.95,-4.15,9.61,,,,3.84,-4.25,10.44,,,,,,,,,,,,,,,,,,,,,,,,,,,
2012-02-22,39.31,33.35,47.66,,,,,,,,,,,,,42.78,34.05,49.43,,,,,,,,,,,,,9.04,2.64,15.83,,,,,,,,,,,,,2.96,-4.24,9.71,,,,3.87,-4.27,10.59,,,,,,,,,,,,,,,,,,,,,,,,,,,
2012-02-23,39.24,33.12,47.68,,,,,,,,,,,,,42.83,34.01,49.58,,,,,,,,,,,,,9.03,2.57,15.88,,,,,,,,,,,,,2.97,-4.32,9.78,,,,3.9,-4.29,10.69,,,,,,,,,,,,,,,,,,,,,,,,,,,
2012-02-24,39.19,32.9,47.69,,,,,,,,,,,,,42.87,33.98,49.69,,,,,,,,,,,,,9.03,2.52,15.92,,,,,,,,,,,,,2.97,-4.4,9.84,,,,3.92,-4.3,10.77,,,,,,,,,,,,,,,,,,,,,,,,,,,
2012-02-25,39.14,32.7,47.7,,,,,,,,,,,,,42.9,33.95,49.78,,,,,,,,,,,,,9.02,2.46,15.95,,,,,,,,,,,,,2.98,-4.47,9.9,,,,3.94,-4.31,10.84,,,,,,,,,,,,,,,,,,,,,,,,,,,
2012-02-26,39.1,32.53,47.72,,,,,,,,,,,,,42.93,33.92,49.87,,,,,,,,,,,,,9.01,2.37,15.98,,,,,,,,,,,,,2.99,-4.53,9.94,,,,3.96,-4.33,10.9,,,,,,,,,,,,,,,,,,,,,,,,,,,
2012-02-27,39.06,32.39,47.73,,,,,,,,,,,,,42.96,33.9,49.93,,,,,,,,,,,,,9.01,2.28,16.0,,,,,,,,,,,,,2.99,-4.59,9.98,,,,3.97,-4.33,10.95,,,,,,,,,,,,,,,,,,,,,,,,,,,
2012-02-28,39.04,32.28,47.74,,,,,,,,,,,,,42.97,33.89,49.97,,,,,,,,,,,,,9.01,2.22,16.02,,,,,,,,,,,,,2.99,-4.64,10.01,,,,3.98,-4.34,10.99,,,,,,,,,,,,,,,,,,,,,,39.0,43.0,9.0,3.0,4.0,
2012-02-29,39.02,32.2,47.74,,,,,,,,,,,,,42.99,33.87,50.01,,,,,,,,,,,,,9.0,2.17,16.03,,,,,,,,,,,,,3.0,-4.67,10.02,,,,3.99,-4.34,11.02,,,,,,,,,,,,,,,,,,,,,,,,,,,
2012-03-01,39.01,32.16,47.75,,,,,,,,,,,,,42.99,33.87,50.03,,,,,,,,,,,,,9.0,2.14,16.04,,,,,,,,,,,,,3.0,-4.7,10.04,,,,4.0,-4.35,11.04,,,,,,,,,,,,,,,,,,,,,,,,,,,
2012-03-02,39.0,32.13,47.75,,,,,,,,,,,,,43.0,33.86,50.04,,,,,,,,,,,,,9.0,2.13,16.05,,,,,,,,,,,,,3.0,-4.71,10.05,,,,4.0,-4.35,11.05,,,,,,,,,,,,,,,,,,,,,,,,,,,
2012-03-03,39.0,32.12,47.75,,,,,,,,,,,,,43.0,33.86,50.05,,,,,,,,,,,,,9.0,2.12,16.05,,,,,,,,,,,,,3.0,-4.71,10.05,,,,4.0,-4.35,11.05,,,,,,,,,,,,,,,,,,,,,,,,,,,
2012-03-04,39.0,31.71,46.23,,,,,,,,,,,,,43.0,35.71,50.23,,,,,,,,,,,,,9.0,1.71,16.23,,,,,,,,,,,,,3.0,-4.29,10.23,,,,4.0,-3.29,11.23,,,,,,,,,,,,,,,,,,,,,,,,,,,
2012-03-24,39.0,32.18,46.05,,,,,,,,,,,,,43.0,36.18,50.05,,,,,,,,,,,,,9.0,2.18,16.05,,,,,,,,,,,,,3.0,-3.82,10.04,,,,4.0,-2.82,11.04,,,,,,,,,,,,,,,,,,,,,,,,,,,
2012-03-25,39.0,29.83,45.49,,,,,,,,,,,,,43.0,36.37,49.85,,,,,,,,,,,,,9.0,2.37,15.85,,,,,,,,,,,,,3.0,-3.63,10.55,,,,4.0,-2.63,10.49,,,,,,,,,,,,,,,,,,,,,,,,,,,
2012-03-26,39.0,29.83,45.49,,,,,,,,,,,,,43.0,36.39,49.85,,,,,,,,,,,,,9.0,2.39,15.85,,,,,,,,,,,,,3.0,-3.61,10.55,,,,4.0,-2.63,10.49,,,,,,,,,,,,,,,,,,,,,,,,,,,
2012-03-27,38.99,29.83,45.47,,,,,,,,,,,,,43.0,36.42,49.85,,,,,,,,,,,,,9.0,2.42,15.85,,,,,,,,,,,,,3.01,-3.56,10.55,,,,4.0,-2.6,10.48,,,,,,,,,,,,,,,,,,,,,,,,,,,
2012-03-28,38.98,29.83,45.45,,,,,,,,,,,,,43.01,36.5,49.84,,,,,,,,,,,,,9.01,2.5,15.84,,,,,,,,,,,,,3.02,-3.46,10.55,,,,4.0,-2.56,10.47,,,,,,,,,,,,,,,,,,,,,,,,,,,
2012-03-29,38.96,29.83,45.42,,,,,,,,,,,,,43.01,36.62,49.84,,,,,,,,,,,,,9.01,2.62,15.84,,,,,,,,,,,,,3.03,-3.31,10.56,,,,3.99,-2.48,10.45,,,,,,,,,,,,,,,,,,,,,,,,,,,
2012-03-30,38.92,29.83,45.36,,,,,,,,,,,,,43.02,36.77,49.83,,,,,,,,,,,,,9.02,2.77,15.83,,,,,,,,,,,,,3.05,-3.15,10.56,,,,3.99,-2.4,10.43,,,,,,,,,,,,,,,,,,,,,,,,,,,
2012-03-31,38.88,29.83,45.29,,,,,,,,,,,,,43.03,36.88,49.82,,,,,,,,,,,,,9.03,2.88,15.82,,,,,,,,,,,,,3.08,-3.05,10.57,,,,3.98,-2.35,10.39,,,,,,,,,,,,,,,,,,,,,,,,,,,
2012-04-01,38.83,29.83,45.22,,,,,,,,,,,,,43.05,36.95,49.82,,,,,,,,,,,,,9.05,2.95,15.82,,,,,,,,,,,,,3.12,-2.98,10.59,,,,3.98,-2.35,10.34,,,,,,,,,,,,,,,,,,,,,,,,,,,
2012-04-02,38.77,29.88,45.13,,,,,,,,,,,,,43.07,37.0,49.77,,,,,,,,,,,,,9.07,3.0,15.77,,,,,,,,,,,,,3.17,-2.9,10.6,,,,3.97,-2.34,10.29,,,,,,,,,,,,,,,,,,,,,,,,,,,
2012-04-03,38.69,29.96,44.96,,,,,,,,,,,,,43.09,37.06,49.7,,,,,,,,,,,,,9.09,3.06,15.7,,,,,,,,,,,,,3.22,-2.81,10.63,,,,3.96,-2.33,10.17,,,,,,,,,,,,,,,,,,,,,,,,,,,
2012-04-04,38.6,30.0,44.74,,,,,,,,,,,,,43.12,37.14,49.62,,,,,,,,,,,,,9.12,3.14,15.62,,,,,,,,,,,,,3.29,-2.69,10.69,,,,3.94,-2.27,10.02,,,,,,,,,,,,,,,,,,,,,,,,,,,
2012-04-05,38.49,30.09,44.49,,,,,,,,,,,,,43.15,37.22,49.53,,,,,,,,,,,,,9.15,3.22,15.53,,,,,,,,,,,,,3.36,-2.45,10.69,,,,3.93,-2.16,9.84,,,,,,,,,,,,,,,,,,,,,,,,,,,
2012-04-06,38.37,30.22,44.2,,,,,,,,,,,,,43.18,37.52,49.42,,,,,,,,,,,,,9.18,3.52,15.42,,,,,,,,,,,,,3.45,-2.13,10.58,,,,3.91,-2.0,9.64,,,,,,,,,,,,,,,,,,,,,,,,,,,
2012-04-07,38.24,30.32,43.98,,,,,,,,,,,,,43.22,37.75,49.31,,,,,,,,,,,,,9.22,3.75,15.31,,,,,,,,,,,,,3.54,-1.85,10.6,,,,3.89,-1.78,9.42,,,,,,,,,,,,,,,,,,,,,,,,,,,
2012-04-08,38.09,30.44,43.82,,,,,,,,,,,,,43.26,37.99,49.22,,,,,,,,,,,,,9.26,3.99,15.22,,,,,,,,,,,,,3.65,-1.58,10.63,,,,3.87,-1.62,9.22,,,,,,,,,,,,,,,,,,,,,,,,,,,
2012-04-09,37.94,30.54,43.44,,,,,,,,,,,,,43.3,38.25,49.08,,,,,,,,,,,,,9.3,4.25,15.08,,,,,,,,,,,,,3.76,-1.29,10.63,,,,3.85,-1.48,9.19,,,,,,,,,,,,,,,,,,,,,,,,,,,
2012-04-10,37.77,30.55,43.25,,,,,,,,,,,,,43.35,38.51,48.88,,,,,,,,,,,,,9.35,4.51,14.88,,,,,,,,,,,,,3.88,-0.87,10.6,,,,3.82,-1.36,9.26,,,,,,,,,,,,,,,,,,,,,,,,,,,
2012-04-11,37.58,30.56,43.06,,,,,,,,,,,,,43.4,38.78,48.95,,,,,,,,,,,,,9.4,4.78,14.95,,,,,,,,,,,,,4.01,-0.46,10.58,,,,3.8,-1.19,9.04,,,,,,,,,,,,,,,,,,,,,,,,,,,
2012-04-12,37.39,30.58,43.04,,,,,,,,,,,,,43.46,39.14,49.01,,,,,,,,,,,,,9.46,5.14,15.01,,,,,,,,,,,,,4.15,-0.25,10.56,,,,3.77,-0.81,8.98,,,,,,,,,,,,,,,,,,,,,,,,,,,
2012-04-13,37.19,30.59,42.98,,,,,,,,,,,,,43.52,39.4,48.95,,,,,,,,,,,,,9.52,5.4,14.95,,,,,,,,,,,,,4.29,-0.11,10.55,,,,3.74,-0.69,8.96,,,,,,,,,,,,,,,,,,,,,,,,,,,
2012-04-14,36.98,30.61,42.98,,,,,,,,,,,,,43.58,39.48,48.93,,,,,,,,,,,,,9.58,5.48,14.93,,,,,,,,,,,,,4.44,-0.09,10.74,,,,3.71,-0.68,8.82,,,,,,,,,,,,,,,,,,,,,,,,,,,
2012-04-15,36.77,30.61,42.98,,,,,,,,,,,,,43.64,39.51,48.87,,,,,,,,,,,,,9.64,5.51,14.87,,,,,,,,,,,,,4.59,0.02,11.02,,,,3.68,-0.68,8.71,,,,,,,,,,,,,,,,,,,,,,,,,,,
2012-04-16,36.55,30.61,42.89,,,,,,,,,,,,,43.7,39.57,48.76,,,,,,,,,,,,,9.7,5.57,14.76,,,,,,,,,,,,,4.75,0.24,11.03,,,,3.65,-0.67,8.62,,,,,,,,,,,,,,,,,,,,,,,,,,,
2012-04-17,36.32,30.61,42.83,,,,,,,,,,,,,43.77,39.65,48.69,,,,,,,,,,,,,9.77,5.65,14.69,,,,,,,,,,,,,4.91,0.49,11.05,,,,3.62,-0.44,8.51,,,,,,,,,,,,,,,,,,,,,,,,,,,
2012-04-18,36.09,30.58,42.76,,,,,,,,,,,,,43.83,39.67,48.62,,,,,,,,,,,,,9.83,5.67,14.62,,,,,,,,,,,,,5.08,0.47,11.2,,,,3.58,-0.52,8.45,,,,,,,,,,,,,,,,,,,,,,,,,,,
2012-04-19,35.85,30.57,42.69,,,,,,,,,,,,,43.9,39.65,48.74,,,,,,,,,,,,,9.9,5.65,14.74,,,,,,,,,,,,,5.25,0.48,11.49,,,,3.55,-0.47,8.44,,,,,,,,,,,,,,,,,,,,,,,,,,,
2012-04-20,35.62,30.6,42.64,,,,,,,,,,,,,43.97,39.58,48.89,,,,,,,,,,,,,9.97,5.58,14.89,,,,,,,,,,,,,5.42,0.62,11.49,,,,3.52,-0.76,8.47,,,,,,,,,,,,,,,,,,,,,,,,,,,
2012-04-21,35.38,30.35,42.64,,,,,,,,,,,,,44.03,39.58,49.09,,,,,,,,,,,,,10.03,5.58,15.09,,,,,,,,,,,,,5.58,0.59,11.49,,,,3.48,-0.83,8.5,,,,,,,,,,,,,,,,,,,,,,,,,,,
2012-04-22,35.15,29.96,42.55,,,,,,,,,,,,,44.1,39.64,49.29,,,,,,,,,,,,,10.1,5.64,15.29,,,,,,,,,,,,,5.75,0.5,11.49,,,,3.45,-0.89,8.53,,,,,,,,,,,,,,,,,,,,,,,,,,,
2012-04-23,34.91,29.77,42.4,,,,,,,,,,,,,44.17,39.67,49.5,,,,,,,,,,,,,10.17,5.67,15.5,,,,,,,,,,,,,5.92,0.49,11.53,,,,3.42,-0.96,8.58,,,,,,,,,,,,,,,,,,,,,,,,,,,
2012-04-24,34.68,29.77,42.25,,,,,,,,,,,,,44.23,39.77,49.7,,,,,,,,,,,,,10.23,5.77,15.7,,,,,,,,,,,,,6.09,0.7,11.62,,,,3.38,-0.83,8.65,,,,,,,,,,,,,,,,,,,,,,,,,,,
2012-04-25,34.45,29.55,42.1,,,,,,,,,,,,,44.3,39.92,49.81,,,,,,,,,,,,,10.3,5.92,15.81,,,,,,,,,,,,,6.25,0.74,11.83,,,,3.35,-0.87,8.71,,,,,,,,,,,,,,,,,,,,,,,,,,,
2012-04-26,34.23,29.3,41.98,,,,,,,,,,,,,44.36,39.84,49.96,,,,,,,,,,,,,10.36,5.84,15.96,,,,,,,,,,,,,6.41,0.86,12.02,,,,3.32,-0.97,8.78,,,,,,,,,,,,,,,,,,,,,,,,,,,
2012-04-27,34.02,29.11,41.98,,,,,,,,,,,,,44.42,39.88,50.13,,,,,,,,,,,,,10.42,5.88,16.13,,,,,,,,,,,,,6.56,1.16,12.31,,,,3.29,-1.1,8.85,,,,,,,,,,,,,,,,,,,,,,,,,,,
2012-04-28,33.81,28.86,41.98,,,,,,,,,,,,,44.48,39.9,50.31,,,,,,,,,,,,,10.48,5.9,16.31,,,,,,,,,,,,,6.71,1.21,12.61,,,,3.26,-1.24,8.9,,,,,,,,,,,,,,,,,,,,,,,,,,,
2012-04-29,33.61,28.66,41.98,,,,,,,,,,,,,44.54,39.73,50.43,,,,,,,,,,,,,10.54,5.73,16.43,,,,,,,,,,,,,6.85,1.2,12.78,,,,3.23,-1.57,8.97,,,,,,,,,,,,,,,,,,,,,,,,,,,
2012-04-30,33.42,28.18,41.93,,,,,,,,,,,,,44.6,39.62,50.54,,,,,,,,,,,,,10.6,5.62,16.54,,,,,,,,,,,,,6.99,1.16,12.96,,,,3.2,-1.97,9.02,,,,,,,,,,,,,,,,,,,,,,,,,,,
2012-05-01,33.23,27.82,41.86,,,,,,,,,,,,,44.65,39.43,50.66,,,,,,,,,,,,,10.65,5.43,16.66,,,,,,,,,,,,,7.12,1.12,13.21,,,,3.18,-2.21,9.07,,,,,,,,,,,,,,,,,,,,,,,,,,,
2012-05-02,33.06,27.47,41.78,,,,,,,,,,,,,44.7,39.2,50.75,,,,,,,,,,,,,10.7,5.21,16.75,,,,,,,,,,,,,7.24,1.03,13.43,,,,3.15,-2.41,9.13,,,,,,,,,,,,,,,,,,,,,,,,,,,
2012-05-03,32.91,27.08,41.72,,,,,,,,,,,,,44.74,38.94,50.84,,,,,,,,,,,,,10.74,4.94,16.84,,,,,,,,,,,,,7.35,0.98,13.57,,,,3.13,-2.52,9.17,,,,,,,,,,,,,,,,,,,,,,,,,,,
2012-05-04,32.76,26.82,41.65,,,,,,,,,,,,,44.78,38.79,50.94,,,,,,,,,,,,,10.78,4.79,16.94,,,,,,,,,,,,,7.46,0.92,13.7,,,,3.11,-2.61,9.21,,,,,,,,,,,,,,,,,,,,,,,,,,,
2012-05-05,32.63,26.76,41.59,,,,,,,,,,,,,44.82,38.6,51.01,,,,,,,,,,,,,10.82,4.6,17.01,,,,,,,,,,,,,7.55,0.79,13.82,,,,3.09,-2.81,9.26,,,,,,,,,,,,,,,,,,,,,,,,,,,
2012-05-06,32.51,26.67,41.57,,,,,,,,,,,,,44.85,38.33,51.08,,,,,,,,,,,,,10.85,4.33,17.08,,,,,,,,,,,,,7.64,0.63,13.93,,,,3.07,-3.15,9.3,,,,,,,,,,,,,,,,,,,,,,,,,,,
2012-05-07,32.4,26.34,41.56,,,,,,,,,,,,,44.88,38.07,51.16,,,,,,,,,,,,,10.88,4.07,17.16,,,,,,,,,,,,,7.71,0.49,14.02,,,,3.06,-3.51,9.33,,,,,,,,,,,,,,,,,,,,,,,,,,,
2012-05-08,32.31,25.84,41.54,,,,,,,,,,,,,44.91,37.92,51.24,,,,,,,,,,,,,10.91,3.92,17.24,,,,,,,,,,,,,7.78,0.46,14.1,,,,3.04,-3.83,9.37,,,,,,,,,,,,,,,,,,,,,,,,,,,
2012-05-09,32.23,25.39,41.53,,,,,,,,,,,,,44.93,37.85,51.29,,,,,,,,,,,,,10.93,3.85,17.29,,,,,,,,,,,,,7.83,0.4,14.19,,,,3.03,-4.02,9.39,,,,,,,,,,,,,,,,,,,,,,,,,,,
2012-05-10,32.17,25.07,41.52,,,,,,,,,,,,,44.95,37.8,51.35,,,,,,,,,,,,,10.95,3.8,17.35,,,,,,,,,,,,,7.88,0.32,14.28,,,,3.02,-4.11,9.42,,,,,,,,,,,,,,,,,,,,,,,,,,,
2012-05-11,32.12,24.94,41.51,,,,,,,,,,,,,44.97,37.75,51.39,,,,,,,,,,,,,10.97,3.75,17.39,,,,,,,,,,,,,7.92,0.26,14.34,,,,3.02,-4.19,9.44,,,,,,,,,,,,,,,,,,,,,,,,,,,
2012-05-12,32.08,24.84,41.5,,,,,,,,,,,,,44.98,37.71,51.42,,,,,,,,,,,,,10.98,3.71,17.42,,,,,,,,,,,,,7.95,0.21,14.38,,,,3.01,-4.25,9.45,,,,,,,,,,,,,,,,,,,,,,,,,,,
2012-05-13,32.04,24.75,41.5,,,,,,,,,,,,,44.99,37.69,51.44,,,,,,,,,,,,,10.99,3.69,17.44,,,,,,,,,,,,,7.97,0.17,14.42,,,,3.01,-4.3,9.46,,,,,,,,,,,,,,,,,,,,,,,,,,,
2012-05-14,32.02,24.7,41.49,,,,,,,,,,,,,44.99,37.66,51.46,,,,,,,,,,,,,10.99,3.66,17.46,,,,,,,,,,,,,7.98,0.14,14.45,,,,3.0,-4.32,9.47,,,,,,,,,,,,,,,,,,,,,,,,,,,
2012-05-15,32.01,24.67,41.49,,,,,,,,,,,,,45.0,37.65,51.47,,,,,,,,,,,,,11.0,3.65,17.47,,,,,,,,,,,,,7.99,0.13,14.47,,,,3.0,-4.34,9.48,,,,,,,,,,,,,,,,,,,,,,,,,,,
2012-05-16,32.0,24.65,41.49,,,,,,,,,,,,,45.0,37.65,51.48,,,,,,,,,,,,,11.0,3.65,17.48,,,,,,,,,,,,,8.0,0.12,14.47,,,,3.0,-4.35,9.48,,,,,,,,,,,,,,,,,,,,,,,,,,,
2012-05-17,32.0,24.64,41.49,,,,,,,,,,,,,45.0,37.65,51.48,,,,,,,,,,,,,11.0,3.65,17.48,,,,,,,,,,,,,8.0,0.12,14.48,,,,3.0,-4.35,9.48,,,,,,,,,,,,,,,,,,,,,,,,,,,
2012-05-18,32.0,24.13,38.38,,,,,,,,,,,,,45.0,37.13,51.38,,,,,,,,,,,,,11.0,3.13,17.38,,,,,,,,,,,,,8.0,0.13,14.38,,,,3.0,-4.87,9.38,,,,,,,,,,,,,,,,,,,,,,,,,,,
2012-06-12,,,,,,,,,,,,,,,,,,,,,,,,,,,,,,,,,,,,,,,,,,,,,,,,,,,,,,,,,,,,,,,,,,,,,,,,,,,,32.0,45.0,11.0,8.0,3.0,
2012-06-17,32.0,25.24,39.13,,,,,,,,,,,,,45.0,38.24,52.13,,,,,,,,,,,,,11.0,4.24,18.13,,,,,,,,,,,,,8.0,1.24,15.13,,,,3.0,-3.76,10.13,,,,,,,,,,,,,,,,,,,,,,,,,,,
2012-06-18,32.0,25.77,39.32,,,,,,,,,,,,,45.0,36.98,51.66,,,,,,,,,,,,,11.0,2.98,17.66,,,,,,,,,,,,,8.0,0.96,14.66,,,,3.0,-4.04,9.66,,,,,,,,,,,,,,,,,,,,,,,,,,,
2012-06-19,32.0,25.77,39.32,,,,,,,,,,,,,45.0,36.98,51.66,,,,,,,,,,,,,11.0,2.98,17.66,,,,,,,,,,,,,8.0,0.96,14.66,,,,3.0,-4.04,9.66,,,,,,,,,,,,,,,,,,,,,,,,,,,
2012-06-20,32.01,25.78,39.32,,,,,,,,,,,,,44.99,36.99,51.64,,,,,,,,,,,,,11.0,2.99,17.64,,,,,,,,,,,,,8.0,0.97,14.65,,,,3.0,-4.04,9.64,,,,,,,,,,,,,,,,,,,,,,,,,,,
2012-06-21,32.01,25.8,39.31,,,,,,,,,,,,,44.99,36.99,51.61,,,,,,,,,,,,,10.99,3.0,17.62,,,,,,,,,,,,,8.0,0.98,14.63,,,,3.0,-4.02,9.63,,,,,,,,,,,,,,,,,,,,,,,,,,,
2012-06-22,32.02,25.84,39.31,,,,,,,,,,,,,44.98,37.01,51.57,,,,,,,,,,,,,10.98,3.02,17.58,,,,,,,,,,,,,8.0,1.01,14.6,,,,2.99,-4.0,9.59,,,,,,,,,,,,,,,,,,,,,,,,,,,
2012-06-23,32.04,25.88,39.31,,,,,,,,,,,,,44.96,37.03,51.52,,,,,,,,,,,,,10.97,3.05,17.52,,,,,,,,,,,,,8.0,1.05,14.56,,,,2.99,-3.96,9.55,,,,,,,,,,,,,,,,,,,,,,,,,,,
2012-06-24,32.06,25.94,39.3,,,,,,,,,,,,,44.94,37.06,51.43,,,,,,,,,,,,,10.96,3.08,17.46,,,,,,,,,,,,,8.0,1.1,14.51,,,,2.99,-3.92,9.49,,,,,,,,,,,,,,,,,,,,,,,,,,,
2012-06-25,32.08,26.02,39.29,,,,,,,,,,,,,44.92,37.09,51.34,,,,,,,,,,,,,10.94,3.13,17.36,,,,,,,,,,,,,8.0,1.16,14.45,,,,2.98,-3.87,9.42,,,,,,,,,,,,,,,,,,,,,,,,,,,
2012-06-26,32.11,26.12,39.28,,,,,,,,,,,,,44.89,37.12,51.22,,,,,,,,,,,,,10.92,3.18,17.25,,,,,,,,,,,,,8.0,1.24,14.36,,,,2.97,-3.83,9.33,,,,,,,,,,,,,,,,,,,,,,,,,,,
2012-06-27,32.14,26.23,39.27,,,,,,,,,,,,,44.86,37.12,51.09,,,,,,,,,,,,,10.89,3.24,17.13,,,,,,,,,,,,,8.0,1.32,14.27,,,,2.96,-3.78,9.23,,,,,,,,,,,,,,,,,,,,,,,,,,,
2012-06-28,32.18,26.34,39.24,,,,,,,,,,,,,44.82,37.12,50.93,,,,,,,,,,,,,10.86,3.31,16.99,,,,,,,,,,,,,8.0,1.42,14.17,,,,2.95,-3.73,9.11,,,,,,,,,,,,,,,,,,,,,,,,,,,
2012-06-29,32.22,26.37,39.2,,,,,,,,,,,,,44.78,37.12,50.76,,,,,,,,,,,,,10.83,3.38,16.83,,,,,,,,,,,,,8.0,1.52,14.05,,,,2.94,-3.67,8.98,,,,,,,,,,,,,,,,,,,,,,,,,,,
2012-06-30,32.27,26.41,39.15,,,,,,,,,,,,,44.73,37.12,50.56,,,,,,,,,,,,,10.8,3.45,16.65,,,,,,,,,,,,,8.0,1.63,13.91,,,,2.93,-3.61,8.82,,,,,,,,,,,,,,,,,,,,,,,,,,,
2012-07-01,32.32,26.5,39.16,,,,,,,,,,,,,44.68,37.12,50.3,,,,,,,,,,,,,10.76,3.53,16.4,,,,,,,,,,,,,8.0,1.74,13.72,,,,2.92,-3.55,8.62,,,,,,,,,,,,,,,,,,,,,,,,,,,
2012-07-02,32.38,26.65,39.16,,,,,,,,,,,,,44.62,37.12,50.03,,,,,,,,,,,,,10.72,3.61,16.15,,,,,,,,,,,,,8.0,1.87,13.52,,,,2.91,-3.49,8.4,,,,,,,,,,,,,,,,,,,,,,,,,,,
2012-07-03,32.44,26.7,39.17,,,,,,,,,,,,,44.56,37.12,49.75,,,,,,,,,,,,,10.67,3.72,15.89,,,,,,,,,,,,,8.0,1.99,13.3,,,,2.89,-3.38,8.16,,,,,,,,,,,,,,,,,,,,,,,,,,,
2012-07-04,32.5,26.7,39.14,,,,,,,,,,,,,44.5,37.12,49.45,,,,,,,,,,,,,10.63,3.83,15.6,,,,,,,,,,,,,8.0,2.13,13.21,,,,2.88,-3.26,7.92,,,,,,,,,,,,,,,,,,,,,,,,,,,
2012-07-05,32.56,26.76,39.11,,,,,,,,,,,,,44.44,37.13,49.23,,,,,,,,,,,,,10.58,3.87,15.41,,,,,,,,,,,,,8.0,2.31,13.13,,,,2.86,-3.14,7.77,,,,,,,,,,,,,,,,,,,,,,,,,,,
2012-07-06,32.63,26.86,39.08,,,,,,,,,,,,,44.37,37.15,49.04,,,,,,,,,,,,,10.53,3.9,15.26,,,,,,,,,,,,,8.0,2.44,13.04,,,,2.84,-3.09,7.65,,,,,,,,,,,,,,,,,,,,,,,,,,,
2012-07-07,32.7,26.96,39.05,,,,,,,,,,,,,44.3,37.2,48.78,,,,,,,,,,,,,10.48,3.93,15.04,,,,,,,,,,,,,8.0,2.47,12.91,,,,2.83,-3.04,7.53,,,,,,,,,,,,,,,,,,,,,,,,,,,
2012-07-08,32.77,27.07,39.02,,,,,,,,,,,,,44.23,37.25,48.53,,,,,,,,,,,,,10.42,3.97,14.8,,,,,,,,,,,,,8.0,2.51,12.78,,,,2.81,-2.99,7.36,,,,,,,,,,,,,,,,,,,,,,,,,,,
2012-07-09,32.84,27.23,38.99,,,,,,,,,,,,,44.16,37.34,48.39,,,,,,,,,,,,,10.37,4.03,14.57,,,,,,,,,,,,,8.0,2.55,12.77,,,,2.79,-2.94,7.17,,,,,,,,,,,,,,,,,,,,,,,,,,,
2012-07-10,32.91,27.43,38.96,,,,,,,,,,,,,44.09,37.44,48.3,,,,,,,,,,,,,10.31,4.09,14.5,,,,,,,,,,,,,8.0,2.57,12.76,,,,2.77,-2.89,7.14,,,,,,,,,,,,,,,,,,,,,,,,,,,
2012-07-11,32.99,27.63,38.92,,,,,,,,,,,,,44.01,37.54,48.23,,,,,,,,,,,,,10.26,4.15,14.48,,,,,,,,,,,,,8.0,2.57,12.75,,,,2.75,-2.84,7.13,,,,,,,,,,,,,,,,,,,,,,,,,,,
2012-07-12,33.06,27.75,38.86,,,,,,,,,,,,,43.94,37.64,48.14,,,,,,,,,,,,,10.2,4.21,14.46,,,,,,,,,,,,,8.0,2.57,12.74,,,,2.73,-2.75,7.11,,,,,,,,,,,,,,,,,,,,,,,,,,,
2012-07-13,33.14,27.88,38.8,,,,,,,,,,,,,43.86,37.66,48.05,,,,,,,,,,,,,10.15,4.28,14.39,,,,,,,,,,,,,8.0,2.57,12.71,,,,2.72,-2.67,7.1,,,,,,,,,,,,,,,,,,,,,,,,,,,
2012-07-14,33.21,27.98,38.74,,,,,,,,,,,,,43.79,37.68,47.95,,,,,,,,,,,,,10.09,4.39,14.32,,,,,,,,,,,,,8.0,2.57,12.65,,,,2.7,-2.59,7.09,,,,,,,,,,,,,,,,,,,,,,,,,,,
2012-07-15,33.29,28.0,38.68,,,,,,,,,,,,,43.71,37.7,47.8,,,,,,,,,,,,,10.03,4.51,14.23,,,,,,,,,,,,,8.0,2.6,12.6,,,,2.68,-2.52,7.05,,,,,,,,,,,,,,,,,,,,,,,,,,,
2012-07-16,33.36,28.04,38.61,,,,,,,,,,,,,43.64,37.72,47.73,,,,,,,,,,,,,9.98,4.55,14.11,,,,,,,,,,,,,8.0,2.67,12.53,,,,2.66,-2.54,7.0,,,,,,,,,,,,,,,,,,,,,,,,,,,
2012-07-17,33.44,28.03,38.55,,,,,,,,,,,,,43.56,37.73,47.72,,,,,,,,,,,,,9.92,4.36,13.98,,,,,,,,,,,,,8.0,2.65,12.45,,,,2.64,-2.56,7.0,,,,,,,,,,,,,,,,,,,,,,,,,,,
2012-07-18,33.51,28.04,38.5,,,,,,,,,,,,,43.49,37.71,47.72,,,,,,,,,,,,,9.86,4.23,13.87,,,,,,,,,,,,,8.0,2.7,12.46,,,,2.62,-2.52,7.01,,,,,,,,,,,,,,,,,,,,,,,,,,,
2012-07-19,33.59,28.04,38.44,,,,,,,,,,,,,43.41,37.6,47.69,,,,,,,,,,,,,9.81,4.25,13.88,,,,,,,,,,,,,8.0,2.7,12.49,,,,2.6,-2.49,7.03,,,,,,,,,,,,,,,,,,,,,,,,,,,
2012-07-20,33.66,28.04,38.36,,,,,,,,,,,,,43.34,37.55,47.64,,,,,,,,,,,,,9.75,4.29,13.85,,,,,,,,,,,,,8.0,2.7,12.5,,,,2.58,-2.45,7.01,,,,,,,,,,,,,,,,,,,,,,,,,,,
2012-07-21,33.74,28.04,38.36,,,,,,,,,,,,,43.26,37.59,47.58,,,,,,,,,,,,,9.7,4.33,13.83,,,,,,,,,,,,,8.0,2.7,12.47,,,,2.57,-2.41,7.0,,,,,,,,,,,,,,,,,,,,,,,,,,,
2012-07-22,33.81,28.04,38.39,,,,,,,,,,,,,43.19,37.61,47.46,,,,,,,,,,,,,9.64,4.37,13.77,,,,,,,,,,,,,8.0,2.7,12.37,,,,2.55,-2.36,6.92,,,,,,,,,,,,,,,,,,,,,,,,,,,
2012-07-23,33.89,28.04,38.48,,,,,,,,,,,,,43.11,37.62,47.37,,,,,,,,,,,,,9.58,4.41,13.69,,,,,,,,,,,,,8.0,2.7,12.25,,,,2.53,-2.31,6.78,,,,,,,,,,,,,,,,,,,,,,,,,,,
2012-07-24,33.96,28.04,38.53,,,,,,,,,,,,,43.04,37.62,47.37,,,,,,,,,,,,,9.53,4.44,13.63,,,,,,,,,,,,,8.0,2.7,12.14,,,,2.51,-2.42,6.65,,,,,,,,,,,,,,,,,,,,,,,,,,,
2012-07-25,34.04,28.04,38.55,,,,,,,,,,,,,42.96,37.62,47.34,,,,,,,,,,,,,9.47,4.33,13.63,,,,,,,,,,,,,8.0,2.7,12.04,,,,2.49,-2.48,6.55,,,,,,,,,,,,,,,,,,,,,,,,,,,
2012-07-26,34.11,28.04,38.62,,,,,,,,,,,,,42.89,37.49,47.26,,,,,,,,,,,,,9.42,4.22,13.61,,,,,,,,,,,,,8.0,2.68,12.04,,,,2.47,-2.55,6.55,,,,,,,,,,,,,,,,,,,,,,,,,,,
2012-07-27,34.19,28.04,38.74,,,,,,,,,,,,,42.81,37.34,47.09,,,,,,,,,,,,,9.36,4.14,13.54,,,,,,,,,,,,,8.0,2.58,12.09,,,,2.45,-2.61,6.52,,,,,,,,,,,,,,,,,,,,,,,,,,,
2012-07-28,34.26,28.05,38.86,,,,,,,,,,,,,42.74,37.22,46.92,,,,,,,,,,,,,9.3,4.07,13.41,,,,,,,,,,,,,8.0,2.57,12.12,,,,2.43,-2.67,6.49,,,,,,,,,,,,,,,,,,,,,,,,,,,
2012-07-29,34.34,28.15,38.96,,,,,,,,,,,,,42.66,37.14,46.75,,,,,,,,,,,,,9.25,3.98,13.35,,,,,,,,,,,,,8.0,2.57,12.08,,,,2.42,-2.77,6.54,,,,,,,,,,,,,,,,,,,,,,,,,,,
2012-07-30,34.41,28.26,38.99,,,,,,,,,,,,,42.59,37.12,46.62,,,,,,,,,,,,,9.19,3.84,13.29,,,,,,,,,,,,,8.0,2.57,12.11,,,,2.4,-2.88,6.62,,,,,,,,,,,,,,,,,,,,,,,,,,,
2012-07-31,34.49,28.28,39.04,,,,,,,,,,,,,42.51,37.07,46.65,,,,,,,,,,,,,9.14,3.74,13.35,,,,,,,,,,,,,8.0,2.57,12.14,,,,2.38,-2.95,6.63,,,,,,,,,,,,,,,,,,,,,,,,,,,
2012-08-01,34.56,28.23,39.08,,,,,,,,,,,,,42.44,37.01,46.67,,,,,,,,,,,,,9.08,3.69,13.37,,,,,,,,,,,,,8.0,2.52,12.19,,,,2.36,-3.15,6.61,,,,,,,,,,,,,,,,,,,,,,,,,,,
2012-08-02,34.64,28.11,39.12,,,,,,,,,,,,,42.36,36.94,46.66,,,,,,,,,,,,,9.02,3.54,13.33,,,,,,,,,,,,,8.0,2.42,12.22,,,,2.34,-3.35,6.56,,,,,,,,,,,,,,,,,,,,,,,,,,,
2012-08-03,34.71,28.04,39.16,,,,,,,,,,,,,42.29,36.84,46.63,,,,,,,,,,,,,8.97,3.3,13.28,,,,,,,,,,,,,8.0,2.46,12.26,,,,2.32,-3.4,6.51,,,,,,,,,,,,,,,,,,,,,,,,,,,
2012-08-04,34.79,28.04,39.19,,,,,,,,,,,,,42.21,36.74,46.6,,,,,,,,,,,,,8.91,3.17,13.24,,,,,,,,,,,,,8.0,2.49,12.24,,,,2.3,-3.35,6.47,,,,,,,,,,,,,,,,,,,,,,,,,,,
2012-08-05,34.86,28.01,39.24,,,,,,,,,,,,,42.14,36.67,46.57,,,,,,,,,,,,,8.85,3.18,13.19,,,,,,,,,,,,,8.0,2.52,12.21,,,,2.28,-3.31,6.42,,,,,,,,,,,,,,,,,,,,,,,,,,,
2012-08-06,34.94,27.98,39.33,,,,,,,,,,,,,42.06,36.59,46.54,,,,,,,,,,,,,8.8,3.13,13.14,,,,,,,,,,,,,8.0,2.51,12.17,,,,2.27,-3.34,6.37,,,,,,,,,,,,,,,,,,,,,,,,,,,
2012-08-07,35.01,27.95,39.41,,,,,,,,,,,,,41.99,36.49,46.51,,,,,,,,,,,,,8.74,3.04,13.13,,,,,,,,,,,,,8.0,2.48,12.14,,,,2.25,-3.4,6.32,,,,,,,,,,,,,,,,,,,,,,,,,,,
2012-08-08,35.09,27.92,39.47,,,,,,,,,,,,,41.91,36.39,46.46,,,,,,,,,,,,,8.69,2.95,13.13,,,,,,,,,,,,,8.0,2.45,12.14,,,,2.23,-3.46,6.31,,,,,,,,,,,,,,,,,,,,,,,,,,,
2012-08-09,35.16,27.89,39.5,,,,,,,,,,,,,41.84,36.22,46.44,,,,,,,,,,,,,8.63,2.87,13.13,,,,,,,,,,,,,8.0,2.38,12.17,,,,2.21,-3.5,6.34,,,,,,,,,,,,,,,,,,,,,,,,,,,
2012-08-10,35.23,27.86,39.54,,,,,,,,,,,,,41.77,36.01,46.49,,,,,,,,,,,,,8.58,2.82,13.13,,,,,,,,,,,,,8.0,2.24,12.19,,,,2.19,-3.56,6.35,,,,,,,,,,,,,,,,,,,,,,,,,,,
2012-08-11,35.3,27.83,39.62,,,,,,,,,,,,,41.7,35.81,46.54,,,,,,,,,,,,,8.52,2.64,13.13,,,,,,,,,,,,,8.0,2.11,12.24,,,,2.17,-3.71,6.39,,,,,,,,,,,,,,,,,,,,,,,,,,,
2012-08-12,35.37,27.81,39.71,,,,,,,,,,,,,41.63,35.63,46.6,,,,,,,,,,,,,8.47,2.51,13.13,,,,,,,,,,,,,8.0,2.0,12.3,,,,2.16,-3.85,6.43,,,,,,,,,,,,,,,,,,,,,,,,,,,
2012-08-13,35.44,27.78,39.85,,,,,,,,,,,,,41.56,35.52,46.66,,,,,,,,,,,,,8.42,2.47,13.22,,,,,,,,,,,,,8.0,1.9,12.35,,,,2.14,-3.96,6.49,,,,,,,,,,,,,,,,,,,,,,,,,,,
2012-08-14,35.5,27.75,39.99,,,,,,,,,,,,,41.5,35.47,46.72,,,,,,,,,,,,,8.37,2.43,13.3,,,,,,,,,,,,,8.0,1.8,12.41,,,,2.12,-4.07,6.62,,,,,,,,,,,,,,,,,,,,,,,,,,,
2012-08-15,35.56,27.73,40.09,,,,,,,,,,,,,41.44,35.43,46.78,,,,,,,,,,,,,8.33,2.39,13.39,,,,,,,,,,,,,8.0,1.71,12.58,,,,2.11,-4.18,6.72,,,,,,,,,,,,,,,,,,,,,,,,,,,
2012-08-16,35.62,27.7,40.19,,,,,,,,,,,,,41.38,35.39,46.84,,,,,,,,,,,,,8.28,2.35,13.44,,,,,,,,,,,,,8.0,1.62,12.69,,,,2.09,-4.29,6.79,,,,,,,,,,,,,,,,,,,,,,,,,,,
2012-08-17,35.68,27.68,40.3,,,,,,,,,,,,,41.32,35.33,46.9,,,,,,,,,,,,,8.24,2.25,13.47,,,,,,,,,,,,,8.0,1.54,12.79,,,,2.08,-4.38,6.82,,,,,,,,,,,,,,,,,,,,,,,,,,,
2012-08-18,35.73,27.66,40.54,,,,,,,,,,,,,41.27,35.15,46.95,,,,,,,,,,,,,8.2,2.08,13.47,,,,,,,,,,,,,8.0,1.46,12.83,,,,2.07,-4.47,6.85,,,,,,,,,,,,,,,,,,,,,,,,,,,
2012-08-19,35.78,27.64,40.72,,,,,,,,,,,,,41.22,34.98,46.98,,,,,,,,,,,,,8.17,1.92,13.47,,,,,,,,,,,,,8.0,1.39,12.85,,,,2.06,-4.55,6.87,,,,,,,,,,,,,,,,,,,,,,,,,,,
2012-08-20,35.82,27.62,40.81,,,,,,,,,,,,,41.18,34.83,47.0,,,,,,,,,,,,,8.14,1.78,13.47,,,,,,,,,,,,,8.0,1.33,12.87,,,,2.05,-4.63,6.89,,,,,,,,,,,,,,,,,,,,,,,,,,,
2012-08-21,35.86,27.61,40.85,,,,,,,,,,,,,41.14,34.69,47.02,,,,,,,,,,,,,8.11,1.66,13.47,,,,,,,,,,,,,8.0,1.27,12.9,,,,2.04,-4.69,6.91,,,,,,,,,,,,,,,,,,,,,,,,,,,
2012-08-22,35.89,27.59,40.88,,,,,,,,,,,,,41.11,34.57,47.04,,,,,,,,,,,,,8.08,1.54,13.47,,,,,,,,,,,,,8.0,1.22,12.91,,,,2.03,-4.74,6.92,,,,,,,,,,,,,,,,,,,,,,,,,,,
2012-08-23,35.92,27.59,40.91,,,,,,,,,,,,,41.08,34.48,47.06,,,,,,,,,,,,,8.06,1.46,13.47,,,,,,,,,,,,,8.0,1.15,12.93,,,,2.02,-4.79,6.94,,,,,,,,,,,,,,,,,,,,,,,,,,,
2012-08-24,35.94,27.59,40.92,,,,,,,,,,,,,41.06,34.41,47.07,,,,,,,,,,,,,8.04,1.4,13.47,,,,,,,,,,,,,8.0,1.08,12.94,,,,2.01,-4.84,6.94,,,,,,,,,,,,,,,,,,,,,,,,,,,
2012-08-25,35.96,27.59,40.94,,,,,,,,,,,,,41.04,34.36,47.07,,,,,,,,,,,,,8.03,1.35,13.47,,,,,,,,,,,,,8.0,1.02,12.95,,,,2.01,-4.89,6.96,,,,,,,,,,,,,,,,,,,,,,,,,,,
2012-08-26,35.98,27.59,40.95,,,,,,,,,,,,,41.02,34.32,47.07,,,,,,,,,,,,,8.02,1.31,13.47,,,,,,,,,,,,,8.0,0.98,12.96,,,,2.01,-4.92,6.96,,,,,,,,,,,,,,,,,,,,,,,,,,,
2012-08-27,35.99,27.59,40.96,,,,,,,,,,,,,41.01,34.29,47.06,,,,,,,,,,,,,8.01,1.28,13.47,,,,,,,,,,,,,8.0,0.95,12.96,,,,2.0,-4.95,6.96,,,,,,,,,,,,,,,,,,,,,,,,,,,
2012-08-28,35.99,27.59,40.97,,,,,,,,,,,,,41.01,34.27,47.06,,,,,,,,,,,,,8.0,1.27,13.47,,,,,,,,,,,,,8.0,0.93,12.97,,,,2.0,-4.96,6.97,,,,,,,,,,,,,,,,,,,,,,,,,,,
2012-08-29,36.0,27.59,40.97,,,,,,,,,,,,,41.0,34.26,47.06,,,,,,,,,,,,,8.0,1.26,13.47,,,,,,,,,,,,,8.0,0.92,12.97,,,,2.0,-4.97,6.97,,,,,,,,,,,,,,,,,,,,,,,,,,,
2012-08-30,36.0,27.59,40.97,,,,,,,,,,,,,41.0,34.25,47.06,,,,,,,,,,,,,8.0,1.25,13.47,,,,,,,,,,,,,8.0,0.91,12.97,,,,2.0,-4.97,6.97,,,,,,,,,,,,,,,,,,,,,,,,,,,
2012-08-31,36.0,29.03,41.12,,,,,,,,,,,,,41.0,34.03,46.12,,,,,,,,,,,,,8.0,1.03,13.12,,,,,,,,,,,,,8.0,1.03,13.12,,,,2.0,-4.97,7.12,,,,,,,,,,,,,,,,,,,,,,,,,,,
2012-09-05,,,,,,,,,,,,,,,,,,,,,,,,,,,,,,,,,,,,,,,,,,,,,,,,,,,,,,,,,,,,,,,,,,,,,,,,,,,,36.0,41.0,8.0,8.0,2.0,
2012-09-14,36.0,30.3,42.35,,,,,,,,,,,,,41.0,35.3,47.35,,,,,,,,,,,,,8.0,2.3,14.35,,,,,,,,,,,,,8.0,2.3,14.35,,,,2.0,-3.7,8.35,,,,,,,,,,,,,,,,,,,,,,,,,,,
2012-09-15,36.0,28.63,41.64,,,,,,,,,,,,,41.0,35.32,47.45,,,,,,,,,,,,,8.0,2.32,14.45,,,,,,,,,,,,,8.0,0.64,13.64,,,,2.0,-4.34,7.64,,,,,,,,,,,,,,,,,,,,,,,,,,,
2012-09-16,36.0,28.63,41.64,,,,,,,,,,,,,41.0,35.32,47.45,,,,,,,,,,,,,8.0,2.32,14.45,,,,,,,,,,,,,8.0,0.64,13.64,,,,2.0,-4.33,7.64,,,,,,,,,,,,,,,,,,,,,,,,,,,
2012-09-17,36.0,28.63,41.63,,,,,,,,,,,,,41.0,35.33,47.44,,,,,,,,,,,,,8.01,2.33,14.45,,,,,,,,,,,,,8.0,0.64,13.63,,,,2.0,-4.33,7.63,,,,,,,,,,,,,,,,,,,,,,,,,,,
2012-09-18,35.99,28.64,41.62,,,,,,,,,,,,,41.01,35.34,47.44,,,,,,,,,,,,,8.01,2.34,14.44,,,,,,,,,,,,,7.99,0.64,13.62,,,,2.0,-4.33,7.63,,,,,,,,,,,,,,,,,,,,,,,,,,,
2012-09-19,35.99,28.64,41.61,,,,,,,,,,,,,41.02,35.37,47.43,,,,,,,,,,,,,8.02,2.38,14.44,,,,,,,,,,,,,7.99,0.64,13.61,,,,2.0,-4.32,7.62,,,,,,,,,,,,,,,,,,,,,,,,,,,
2012-09-20,35.98,28.64,41.59,,,,,,,,,,,,,41.03,35.41,47.42,,,,,,,,,,,,,8.04,2.42,14.43,,,,,,,,,,,,,7.98,0.64,13.59,,,,2.0,-4.31,7.61,,,,,,,,,,,,,,,,,,,,,,,,,,,
2012-09-21,35.97,28.64,41.56,,,,,,,,,,,,,41.04,35.46,47.39,,,,,,,,,,,,,8.06,2.47,14.41,,,,,,,,,,,,,7.97,0.64,13.56,,,,2.0,-4.3,7.59,,,,,,,,,,,,,,,,,,,,,,,,,,,
2012-09-22,35.96,28.64,41.54,,,,,,,,,,,,,41.06,35.49,47.36,,,,,,,,,,,,,8.08,2.5,14.38,,,,,,,,,,,,,7.96,0.64,13.54,,,,2.0,-4.28,7.58,,,,,,,,,,,,,,,,,,,,,,,,,,,
2012-09-23,35.95,28.65,41.49,,,,,,,,,,,,,41.08,35.49,47.31,,,,,,,,,,,,,8.11,2.5,14.35,,,,,,,,,,,,,7.95,0.65,13.49,,,,2.0,-4.26,7.55,,,,,,,,,,,,,,,,,,,,,,,,,,,
2012-09-24,35.93,28.65,41.45,,,,,,,,,,,,,41.11,35.49,47.24,,,,,,,,,,,,,8.14,2.5,14.35,,,,,,,,,,,,,7.93,0.65,13.45,,,,2.0,-4.25,7.52,,,,,,,,,,,,,,,,,,,,,,,,,,,
2012-09-25,35.91,28.66,41.38,,,,,,,,,,,,,41.14,35.49,47.17,,,,,,,,,,,,,8.18,2.5,14.34,,,,,,,,,,,,,7.91,0.66,13.38,,,,2.0,-4.25,7.47,,,,,,,,,,,,,,,,,,,,,,,,,,,
2012-09-26,35.89,28.68,41.32,,,,,,,,,,,,,41.17,35.48,47.08,,,,,,,,,,,,,8.23,2.5,14.32,,,,,,,,,,,,,7.89,0.68,13.32,,,,2.0,-4.25,7.44,,,,,,,,,,,,,,,,,,,,,,,,,,,
2012-09-27,35.86,28.71,41.25,,,,,,,,,,,,,41.21,35.48,46.99,,,,,,,,,,,,,8.28,2.5,14.3,,,,,,,,,,,,,7.86,0.71,13.25,,,,2.0,-4.25,7.39,,,,,,,,,,,,,,,,,,,,,,,,,,,
2012-09-28,35.83,28.73,41.17,,,,,,,,,,,,,41.25,35.47,46.89,,,,,,,,,,,,,8.33,2.52,14.27,,,,,,,,,,,,,7.83,0.74,13.17,,,,2.0,-4.24,7.33,,,,,,,,,,,,,,,,,,,,,,,,,,,
2012-09-29,35.8,28.76,41.09,,,,,,,,,,,,,41.29,35.48,46.77,,,,,,,,,,,,,8.39,2.53,14.25,,,,,,,,,,,,,7.8,0.76,13.09,,,,2.0,-4.23,7.28,,,,,,,,,,,,,,,,,,,,,,,,,,,
2012-09-30,35.77,28.79,40.99,,,,,,,,,,,,,41.34,35.48,46.66,,,,,,,,,,,,,8.45,2.55,14.22,,,,,,,,,,,,,7.77,0.79,12.99,,,,2.0,-4.21,7.22,,,,,,,,,,,,,,,,,,,,,,,,,,,
2012-10-01,35.74,28.83,40.93,,,,,,,,,,,,,41.39,35.53,46.68,,,,,,,,,,,,,8.52,2.65,14.19,,,,,,,,,,,,,7.74,0.83,12.93,,,,2.0,-4.2,7.08,,,,,,,,,,,,,,,,,,,,,,,,,,,
2012-10-02,35.71,28.85,40.86,,,,,,,,,,,,,41.44,35.62,46.73,,,,,,,,,,,,,8.59,2.69,14.16,,,,,,,,,,,,,7.71,0.85,12.86,,,,2.0,-4.19,6.99,,,,,,,,,,,,,,,,,,,,,,,,,,,
2012-10-03,35.67,28.85,40.79,,,,,,,,,,,,,41.49,35.67,46.78,,,,,,,,,,,,,8.66,2.79,14.21,,,,,,,,,,,,,7.67,0.85,12.79,,,,2.0,-4.18,6.98,,,,,,,,,,,,,,,,,,,,,,,,,,,
2012-10-04,35.63,28.85,40.72,,,,,,,,,,,,,41.55,35.7,46.82,,,,,,,,,,,,,8.73,2.96,14.29,,,,,,,,,,,,,7.63,0.85,12.72,,,,2.0,-4.16,6.97,,,,,,,,,,,,,,,,,,,,,,,,,,,
2012-10-05,35.6,28.85,40.63,,,,,,,,,,,,,41.61,35.83,46.82,,,,,,,,,,,,,8.81,3.11,14.35,,,,,,,,,,,,,7.6,0.85,12.63,,,,2.0,-4.15,6.97,,,,,,,,,,,,,,,,,,,,,,,,,,,
2012-10-06,35.56,28.85,40.53,,,,,,,,,,,,,41.66,35.97,46.77,,,,,,,,,,,,,8.88,3.22,14.36,,,,,,,,,,,,,7.56,0.85,12.53,,,,2.0,-4.08,6.95,,,,,,,,,,,,,,,,,,,,,,,,,,,
2012-10-07,35.52,28.85,40.46,,,,,,,,,,,,,41.72,36.11,46.73,,,,,,,,,,,,,8.96,3.34,14.38,,,,,,,,,,,,,7.52,0.85,12.46,,,,2.0,-4.01,6.92,,,,,,,,,,,,,,,,,,,,,,,,,,,
2012-10-08,35.48,28.85,40.36,,,,,,,,,,,,,41.78,36.12,46.7,,,,,,,,,,,,,9.04,3.46,14.39,,,,,,,,,,,,,7.48,0.85,12.36,,,,2.0,-4.03,6.84,,,,,,,,,,,,,,,,,,,,,,,,,,,
2012-10-09,35.44,28.85,40.27,,,,,,,,,,,,,41.84,36.12,46.71,,,,,,,,,,,,,9.12,3.61,14.4,,,,,,,,,,,,,7.44,0.85,12.27,,,,2.0,-4.07,6.78,,,,,,,,,,,,,,,,,,,,,,,,,,,
2012-10-10,35.4,28.86,40.19,,,,,,,,,,,,,41.9,36.13,46.73,,,,,,,,,,,,,9.21,3.75,14.41,,,,,,,,,,,,,7.4,0.86,12.19,,,,2.0,-4.11,6.76,,,,,,,,,,,,,,,,,,,,,,,,,,,
2012-10-11,35.36,28.88,40.11,,,,,,,,,,,,,41.97,36.15,46.88,,,,,,,,,,,,,9.29,3.78,14.42,,,,,,,,,,,,,7.36,0.88,12.11,,,,2.0,-4.06,6.72,,,,,,,,,,,,,,,,,,,,,,,,,,,
2012-10-12,35.31,28.91,40.04,,,,,,,,,,,,,42.03,36.18,47.05,,,,,,,,,,,,,9.37,3.82,14.59,,,,,,,,,,,,,7.31,0.91,12.04,,,,2.0,-3.98,6.68,,,,,,,,,,,,,,,,,,,,,,,,,,,
2012-10-13,35.27,29.01,40.04,,,,,,,,,,,,,42.09,36.32,47.22,,,,,,,,,,,,,9.45,3.86,14.78,,,,,,,,,,,,,7.27,1.01,12.04,,,,2.0,-3.89,6.66,,,,,,,,,,,,,,,,,,,,,,,,,,,
2012-10-14,35.23,29.1,40.04,,,,,,,,,,,,,42.15,36.53,47.28,,,,,,,,,,,,,9.54,4.02,14.92,,,,,,,,,,,,,7.23,1.1,12.04,,,,2.0,-3.79,6.77,,,,,,,,,,,,,,,,,,,,,,,,,,,
2012-10-15,35.19,29.08,40.04,,,,,,,,,,,,,42.22,36.75,47.3,,,,,,,,,,,,,9.62,4.15,14.83,,,,,,,,,,,,,7.19,1.08,12.04,,,,2.0,-3.7,6.87,,,,,,,,,,,,,,,,,,,,,,,,,,,
2012-10-16,35.15,29.0,40.0,,,,,,,,,,,,,42.28,36.84,47.27,,,,,,,,,,,,,9.71,4.18,14.75,,,,,,,,,,,,,7.15,1.0,12.0,,,,2.0,-3.61,6.91,,,,,,,,,,,,,,,,,,,,,,,,,,,
2012-10-17,35.11,28.92,39.9,,,,,,,,,,,,,42.34,36.87,47.16,,,,,,,,,,,,,9.79,4.28,14.66,,,,,,,,,,,,,7.11,0.92,11.9,,,,2.0,-3.53,6.81,,,,,,,,,,,,,,,,,,,,,,,,,,,
2012-10-18,35.06,28.88,39.95,,,,,,,,,,,,,42.41,36.98,47.06,,,,,,,,,,,,,9.87,4.28,14.57,,,,,,,,,,,,,7.06,0.88,11.95,,,,2.0,-3.45,6.64,,,,,,,,,,,,,,,,,,,,,,,,,,,
2012-10-19,35.02,28.86,39.98,,,,,,,,,,,,,42.47,37.11,47.01,,,,,,,,,,,,,9.96,4.28,14.48,,,,,,,,,,,,,7.02,0.86,11.98,,,,2.0,-3.4,6.48,,,,,,,,,,,,,,,,,,,,,,,,,,,
2012-10-20,34.98,28.85,39.91,,,,,,,,,,,,,42.53,37.12,47.08,,,,,,,,,,,,,10.04,4.28,14.64,,,,,,,,,,,,,6.98,0.85,11.91,,,,2.0,-3.4,6.48,,,,,,,,,,,,,,,,,,,,,,,,,,,
2012-10-21,34.94,28.85,39.82,,,,,,,,,,,,,42.59,37.12,47.18,,,,,,,,,,,,,10.13,4.28,14.89,,,,,,,,,,,,,6.94,0.85,11.82,,,,2.0,-3.4,6.55,,,,,,,,,,,,,,,,,,,,,,,,,,,
2012-10-22,34.89,28.85,39.82,,,,,,,,,,,,,42.66,37.12,47.4,,,,,,,,,,,,,10.21,4.28,15.13,,,,,,,,,,,,,6.89,0.85,11.82,,,,2.0,-3.4,6.64,,,,,,,,,,,,,,,,,,,,,,,,,,,
2012-10-23,34.85,28.85,39.82,,,,,,,,,,,,,42.72,37.12,47.51,,,,,,,,,,,,,10.29,4.28,15.34,,,,,,,,,,,,,6.85,0.85,11.82,,,,2.0,-3.4,6.72,,,,,,,,,,,,,,,,,,,,,,,,,,,
2012-10-24,34.81,28.85,39.82,,,,,,,,,,,,,42.78,37.12,47.59,,,,,,,,,,,,,10.38,4.28,15.4,,,,,,,,,,,,,6.81,0.85,11.82,,,,2.0,-3.4,6.8,,,,,,,,,,,,,,,,,,,,,,,,,,,
2012-10-25,34.77,28.85,39.82,,,,,,,,,,,,,42.85,37.12,47.73,,,,,,,,,,,,,10.46,4.28,15.45,,,,,,,,,,,,,6.77,0.85,11.82,,,,2.0,-3.4,6.88,,,,,,,,,,,,,,,,,,,,,,,,,,,
2012-10-26,34.73,28.85,39.82,,,,,,,,,,,,,42.91,37.12,47.8,,,,,,,,,,,,,10.55,4.28,15.55,,,,,,,,,,,,,6.73,0.85,11.82,,,,2.0,-3.4,6.96,,,,,,,,,,,,,,,,,,,,,,,,,,,
2012-10-27,34.69,27.68,40.62,,,,,,,,,,,,,42.97,35.75,48.77,,,,,,,,,,,,,10.63,2.77,16.57,,,,,,,,,,,,,6.69,-0.32,12.62,,,,2.0,-5.07,7.74,,,,,,,,,,,,,,,,,,,,,,,,,,,
2012-10-28,34.64,27.6,40.53,,,,,,,,,,,,,43.03,35.83,49.59,,,,,,,,,,,,,10.71,2.75,16.59,,,,,,,,,,,,,6.64,-0.4,12.53,,,,2.0,-5.29,7.5,,,,,,,,,,,,,,,,,,,,,,,,,,,
2012-10-29,34.6,27.54,40.58,,,,,,,,,,,,,43.1,35.83,49.7,,,,,,,,,,,,,10.79,2.76,16.74,,,,,,,,,,,,,6.6,-0.46,12.58,,,,2.0,-5.36,7.55,,,,,,,,,,,,,,,,,,,,,,,,,,,
2012-10-30,34.56,27.42,40.6,,,,,,,,,,,,,43.16,35.84,49.8,,,,,,,,,,,,,10.87,2.78,16.78,,,,,,,,,,,,,6.56,-0.57,12.62,,,,2.0,-5.43,7.7,,,,,,,,,,,,,,,,,,,,,,,,,,,
2012-10-31,34.52,27.32,40.45,,,,,,,,,,,,,43.23,35.87,49.91,,,,,,,,,,,,,10.95,2.8,16.83,,,,,,,,,,,,,6.52,-0.67,12.51,,,,2.0,-5.49,7.85,,,,,,,,,,,,,,,,,,,,,,,,,,,
2012-11-01,34.47,27.21,40.37,,,,,,,,,,,,,43.3,35.91,50.01,,,,,,,,,,,,,11.03,2.78,16.87,,,,,,,,,,,,,6.48,-0.77,12.38,,,,2.0,-5.53,7.88,,,,,,,,,,,,,,,,,,,,,,,,,,,
2012-11-02,34.43,27.19,40.42,,,,,,,,,,,,,43.38,35.98,50.02,,,,,,,,,,,,,11.1,2.77,16.84,,,,,,,,,,,,,6.45,-0.81,12.42,,,,2.0,-5.56,7.9,,,,,,,,,,,,,,,,,,,,,,,,,,,
2012-11-03,34.39,27.19,40.52,,,,,,,,,,,,,43.45,36.09,49.97,,,,,,,,,,,,,11.16,2.85,16.95,,,,,,,,,,,,,6.41,-0.64,12.53,,,,2.0,-5.56,7.98,,,,,,,,,,,,,,,,,,,,,,,,,,,
2012-11-04,34.34,27.29,40.64,,,,,,,,,,,,,43.54,36.22,50.07,,,,,,,,,,,,,11.23,2.94,17.1,,,,,,,,,,,,,6.38,-0.39,12.65,,,,2.0,-5.54,8.19,,,,,,,,,,,,,,,,,,,,,,,,,,,
2012-11-05,34.3,27.45,40.7,,,,,,,,,,,,,43.62,36.36,50.09,,,,,,,,,,,,,11.28,3.06,17.15,,,,,,,,,,,,,6.35,-0.15,12.75,,,,2.0,-5.39,8.38,,,,,,,,,,,,,,,,,,,,,,,,,,,
2012-11-06,34.25,27.65,40.68,,,,,,,,,,,,,43.71,36.47,50.28,,,,,,,,,,,,,11.33,3.18,17.06,,,,,,,,,,,,,6.32,-0.14,12.79,,,,2.0,-5.19,8.53,,,,,,,,,,,,,,,,,,,,,,,,,,,
2012-11-07,34.21,27.85,40.65,,,,,,,,,,,,,43.8,36.86,50.42,,,,,,,,,,,,,11.38,3.32,17.05,,,,,,,,,,,,,6.29,0.24,12.73,,,,2.0,-4.92,8.3,,,,,,,,,,,,,,,,,,,,,,,,,,,
2012-11-08,34.16,28.09,40.6,,,,,,,,,,,,,43.89,36.88,50.46,,,,,,,,,,,,,11.41,3.47,17.08,,,,,,,,,,,,,6.27,0.37,12.74,,,,2.0,-4.41,8.43,,,,,,,,,,,,,,,,,,,,,,,,,,,
2012-11-09,34.12,28.31,40.61,,,,,,,,,,,,,43.98,37.57,50.77,,,,,,,,,,,,,11.44,3.62,17.1,,,,,,,,,,,,,6.25,0.41,12.82,,,,2.0,-4.3,8.47,,,,,,,,,,,,,,,,,,,,,,,,,,,
2012-11-10,34.08,27.97,40.57,,,,,,,,,,,,,44.08,37.86,50.97,,,,,,,,,,,,,11.46,3.77,17.12,,,,,,,,,,,,,6.23,0.68,12.84,,,,2.0,-4.14,8.43,,,,,,,,,,,,,,,,,,,,,,,,,,,
2012-11-11,34.04,28.01,40.47,,,,,,,,,,,,,44.17,37.86,51.09,,,,,,,,,,,,,11.48,3.87,17.2,,,,,,,,,,,,,6.22,0.64,13.07,,,,2.0,-4.08,8.42,,,,,,,,,,,,,,,,,,,,,,,,,,,
2012-11-12,34.0,27.87,40.49,,,,,,,,,,,,,44.26,37.97,51.21,,,,,,,,,,,,,11.48,3.88,17.39,,,,,,,,,,,,,6.21,0.34,13.0,,,,2.0,-4.13,8.5,,,,,,,,,,,,,,,,,,,,,,,,,,,
2012-11-13,33.96,27.77,40.42,,,,,,,,,,,,,44.35,37.99,51.52,,,,,,,,,,,,,11.48,4.23,17.55,,,,,,,,,,,,,6.2,0.3,12.86,,,,2.0,-4.14,8.56,,,,,,,,,,,,,,,,,,,,,,,,,,,
2012-11-14,33.93,27.86,40.23,,,,,,,,,,,,,44.44,38.15,51.44,,,,,,,,,,,,,11.48,4.25,17.67,,,,,,,,,,,,,6.2,0.3,12.72,,,,2.0,-4.14,8.48,,,,,,,,,,,,,,,,,,,,,,,,,,,
2012-11-15,33.9,27.86,40.09,,,,,,,,,,,,,44.52,38.38,51.41,,,,,,,,,,,,,11.46,4.28,17.53,,,,,,,,,,,,,6.19,0.17,12.77,,,,2.0,-4.13,8.44,,,,,,,,,,,,,,,,,,,,,,,,,,,
2012-11-16,33.87,27.86,40.0,,,,,,,,,,,,,44.6,38.39,51.62,,,,,,,,,,,,,11.44,4.25,17.53,,,,,,,,,,,,,6.2,-0.06,12.82,,,,2.0,-4.13,8.45,,,,,,,,,,,,,,,,,,,,,,,,,,,
2012-11-17,33.84,27.85,39.93,,,,,,,,,,,,,44.68,38.39,51.8,,,,,,,,,,,,,11.42,4.04,17.41,,,,,,,,,,,,,6.2,0.18,12.86,,,,2.0,-4.12,8.44,,,,,,,,,,,,,,,,,,,,,,,,,,,
2012-11-18,33.82,27.75,39.88,,,,,,,,,,,,,44.75,38.39,51.91,,,,,,,,,,,,,11.39,3.89,17.4,,,,,,,,,,,,,6.21,0.3,12.89,,,,2.0,-3.92,8.41,,,,,,,,,,,,,,,,,,,,,,,,,,,
2012-11-19,33.8,27.82,39.85,,,,,,,,,,,,,44.82,38.56,52.09,,,,,,,,,,,,,11.36,3.89,17.28,,,,,,,,,,,,,6.22,0.33,12.9,,,,2.0,-3.98,8.37,,,,,,,,,,,,,,,,,,,,,,,,,,,
2012-11-20,33.78,27.65,39.83,,,,,,,,,,,,,44.88,38.69,52.22,,,,,,,,,,,,,11.32,3.89,17.23,,,,,,,,,,,,,6.23,0.35,12.92,,,,2.0,-4.13,8.3,,,,,,,,,,,,,,,,,,,,,,,,,,,
2012-11-21,33.77,27.73,39.81,,,,,,,,,,,,,44.94,38.71,52.28,,,,,,,,,,,,,11.29,3.89,17.24,,,,,,,,,,,,,6.24,0.36,12.92,,,,2.0,-4.03,8.22,,,,,,,,,,,,,,,,,,,,,,,,,,,
2012-11-22,33.75,27.82,39.81,,,,,,,,,,,,,45.0,38.71,52.26,,,,,,,,,,,,,11.25,3.89,17.23,,,,,,,,,,,,,6.25,0.38,12.9,,,,2.0,-3.92,8.14,,,,,,,,,,,,,,,,,,,,,,,,,,,
2012-11-23,33.74,27.85,39.8,,,,,,,,,,,,,45.06,38.72,52.24,,,,,,,,,,,,,11.21,3.89,17.22,,,,,,,,,,,,,6.26,0.45,12.8,,,,2.0,-3.82,8.05,,,,,,,,,,,,,,,,,,,,,,,,,,,
2012-11-24,33.72,27.67,39.74,,,,,,,,,,,,,45.11,39.67,52.3,,,,,,,,,,,,,11.17,5.1,17.18,,,,,,,,,,,,,6.28,0.49,12.83,,,,2.0,-3.94,8.18,,,,,,,,,,,,,,,,,,,,,,,,,,,
2012-11-25,33.71,28.08,39.25,,,,,,,,,,,,,45.16,40.08,51.51,,,,,,,,,,,,,11.13,5.36,17.0,,,,,,,,,,,,,6.29,0.68,12.16,,,,2.0,-3.75,7.87,,,,,,,,,,,,,,,,,,,,,,,,,,,
2012-11-26,33.7,28.09,39.25,,,,,,,,,,,,,45.21,40.08,51.45,,,,,,,,,,,,,11.09,5.36,16.87,,,,,,,,,,,,,6.3,0.7,12.08,,,,2.0,-3.74,7.77,,,,,,,,,,,,,,,,,,,,,,,,,,,
2012-11-27,33.69,28.09,39.25,,,,,,,,,,,,,45.26,40.08,51.4,,,,,,,,,,,,,11.06,5.36,16.74,,,,,,,,,,,,,6.31,0.7,12.0,,,,2.0,-3.72,7.69,,,,,,,,,,,,,,,,,,,,,,,,,,,
2012-11-28,33.67,28.09,39.25,,,,,,,,,,,,,45.3,40.08,51.35,,,,,,,,,,,,,11.02,5.36,16.62,,,,,,,,,,,,,6.33,0.7,11.93,,,,2.0,-3.71,7.6,,,,,,,,,,,,,,,,,,,,,,,,,,,
2012-11-29,33.66,28.1,39.18,,,,,,,,,,,,,45.35,40.12,51.3,,,,,,,,,,,,,10.99,5.36,16.51,,,,,,,,,,,,,6.34,0.7,11.85,,,,2.0,-3.7,7.52,,,,,,,,,,,,,,,,,,,,,,,,,,,
2012-11-30,33.65,28.1,39.09,,,,,,,,,,,,,45.39,40.25,51.25,,,,,,,,,,,,,10.96,5.36,16.4,,,,,,,,,,,,,6.35,0.7,11.79,,,,2.0,-3.69,7.44,,,,,,,,,,,,,,,,,,,,,,,,,,,
2012-12-01,33.64,28.11,39.01,,,,,,,,,,,,,45.43,40.38,51.21,,,,,,,,,,,,,10.93,5.36,16.29,,,,,,,,,,,,,6.36,0.7,11.72,,,,2.0,-3.68,7.36,,,,,,,,,,,,,,,,,,,,,,,,,,,
2012-12-02,33.63,28.11,38.95,,,,,,,,,,,,,45.47,40.5,51.21,,,,,,,,,,,,,10.9,5.36,16.19,,,,,,,,,,,,,6.37,0.7,11.66,,,,2.0,-3.67,7.29,,,,,,,,,,,,,,,,,,,,,,,,,,,
2012-12-03,33.62,28.11,38.95,,,,,,,,,,,,,45.5,40.61,51.21,,,,,,,,,,,,,10.87,5.36,16.09,,,,,,,,,,,,,6.38,0.7,11.6,,,,2.0,-3.66,7.25,,,,,,,,,,,,,,,,,,,,,,34.0,44.0,12.0,6.0,2.0,
2012-12-04,33.62,28.12,38.95,,,,,,,,,,,,,45.54,40.72,51.21,,,,,,,,,,,,,10.85,5.36,16.0,,,,,,,,,,,,,6.38,0.7,11.54,,,,2.0,-3.65,7.25,,,,,,,,,,,,,,,,,,,,,,,,,,,
2012-12-05,33.61,28.12,38.95,,,,,,,,,,,,,45.57,40.82,51.21,,,,,,,,,,,,,10.82,5.36,15.96,,,,,,,,,,,,,6.39,0.7,11.49,,,,2.0,-3.64,7.25,,,,,,,,,,,,,,,,,,,,,,,,,,,
2012-12-06,33.6,28.12,38.95,,,,,,,,,,,,,45.6,40.91,51.21,,,,,,,,,,,,,10.8,5.36,15.96,,,,,,,,,,,,,6.4,0.7,11.44,,,,2.0,-3.63,7.25,,,,,,,,,,,,,,,,,,,,,,,,,,,
2012-12-07,33.59,28.12,38.94,,,,,,,,,,,,,45.64,40.91,51.21,,,,,,,,,,,,,10.77,5.36,15.96,,,,,,,,,,,,,6.41,0.7,11.42,,,,2.0,-3.62,7.25,,,,,,,,,,,,,,,,,,,,,,,,,,,
2012-12-08,33.58,28.13,38.87,,,,,,,,,,,,,45.66,40.91,51.21,,,,,,,,,,,,,10.75,5.36,15.96,,,,,,,,,,,,,6.42,0.7,11.42,,,,2.0,-3.61,7.25,,,,,,,,,,,,,,,,,,,,,,,,,,,
2012-12-09,33.58,28.13,38.81,,,,,,,,,,,,,45.69,40.91,51.21,,,,,,,,,,,,,10.73,5.36,15.96,,,,,,,,,,,,,6.42,0.7,11.42,,,,2.0,-3.6,7.23,,,,,,,,,,,,,,,,,,,,,,,,,,,
2012-12-10,33.57,28.13,38.74,,,,,,,,,,,,,45.72,40.91,51.21,,,,,,,,,,,,,10.71,5.36,15.94,,,,,,,,,,,,,6.43,0.7,11.42,,,,2.0,-3.59,7.17,,,,,,,,,,,,,,,,,,,,,,,,,,,
2012-12-11,33.56,28.13,38.69,,,,,,,,,,,,,45.74,40.91,51.21,,,,,,,,,,,,,10.69,5.36,15.94,,,,,,,,,,,,,6.44,0.7,11.42,,,,2.0,-3.59,7.12,,,,,,,,,,,,,,,,,,,,,,,,,,,
2012-12-12,33.56,28.14,38.63,,,,,,,,,,,,,45.77,40.91,51.21,,,,,,,,,,,,,10.68,5.36,15.94,,,,,,,,,,,,,6.44,0.7,11.42,,,,2.0,-3.58,7.07,,,,,,,,,,,,,,,,,,,,,,,,,,,
2012-12-13,33.55,28.14,38.58,,,,,,,,,,,,,45.79,40.91,51.21,,,,,,,,,,,,,10.66,5.36,15.94,,,,,,,,,,,,,6.45,0.72,11.42,,,,2.0,-3.57,7.02,,,,,,,,,,,,,,,,,,,,,,,,,,,
2012-12-14,33.55,28.14,38.53,,,,,,,,,,,,,45.81,40.91,51.21,,,,,,,,,,,,,10.64,5.36,15.94,,,,,,,,,,,,,6.45,0.73,11.42,,,,2.0,-3.57,6.98,,,,,,,,,,,,,,,,,,,,,,,,,,,
2012-12-15,33.54,28.14,38.48,,,,,,,,,,,,,45.83,40.91,51.21,,,,,,,,,,,,,10.63,5.36,15.94,,,,,,,,,,,,,6.46,0.74,11.39,,,,2.0,-3.56,6.93,,,,,,,,,,,,,,,,,,,,,,,,,,,
2012-12-16,33.54,28.15,38.43,,,,,,,,,,,,,45.85,40.91,51.21,,,,,,,,,,,,,10.61,5.36,15.94,,,,,,,,,,,,,6.46,0.75,11.35,,,,2.0,-3.55,6.89,,,,,,,,,,,,,,,,,,,,,,,,,,,
2012-12-17,33.53,28.15,38.38,,,,,,,,,,,,,45.87,40.91,51.21,,,,,,,,,,,,,10.6,5.36,15.94,,,,,,,,,,,,,6.47,0.76,11.32,,,,2.0,-3.55,6.85,,,,,,,,,,,,,,,,,,,,,,,,,,,
2012-12-18,33.53,28.15,38.34,,,,,,,,,,,,,45.89,40.91,51.21,,,,,,,,,,,,,10.58,5.36,15.94,,,,,,,,,,,,,6.47,0.77,11.28,,,,2.0,-3.54,6.81,,,,,,,,,,,,,,,,,,,,,,,,,,,
2012-12-19,33.52,28.15,38.3,,,,,,,,,,,,,45.91,40.91,51.21,,,,,,,,,,,,,10.57,5.36,15.94,,,,,,,,,,,,,6.48,0.78,11.25,,,,2.0,-3.54,6.77,,,,,,,,,,,,,,,,,,,,,,,,,,,
2012-12-20,33.52,28.15,38.26,,,,,,,,,,,,,45.92,40.91,51.21,,,,,,,,,,,,,10.56,5.36,15.94,,,,,,,,,,,,,6.48,0.79,11.25,,,,2.0,-3.53,6.74,,,,,,,,,,,,,,,,,,,,,,,,,,,
2012-12-21,33.51,28.15,38.22,,,,,,,,,,,,,45.94,40.91,51.21,,,,,,,,,,,,,10.54,5.36,15.94,,,,,,,,,,,,,6.49,0.8,11.25,,,,2.0,-3.52,6.7,,,,,,,,,,,,,,,,,,,,,,,,,,,
2012-12-22,33.51,28.16,38.18,,,,,,,,,,,,,45.96,40.91,51.21,,,,,,,,,,,,,10.53,5.36,15.94,,,,,,,,,,,,,6.49,0.81,11.25,,,,2.0,-3.52,6.67,,,,,,,,,,,,,,,,,,,,,,,,,,,
2012-12-23,33.51,28.16,38.14,,,,,,,,,,,,,45.98,40.91,51.21,,,,,,,,,,,,,10.52,5.36,15.94,,,,,,,,,,,,,6.49,0.81,11.25,,,,2.0,-3.51,6.63,,,,,,,,,,,,,,,,,,,,,,,,,,,
2012-12-24,33.5,28.16,38.1,,,,,,,,,,,,,45.99,40.91,51.21,,,,,,,,,,,,,10.51,5.36,15.94,,,,,,,,,,,,,6.5,0.82,11.25,,,,2.0,-3.51,6.6,,,,,,,,,,,,,,,,,,,,,,,,,,,
2012-12-25,33.5,28.16,38.06,,,,,,,,,,,,,46.01,40.91,51.21,,,,,,,,,,,,,10.49,5.36,15.94,,,,,,,,,,,,,6.5,0.83,11.25,,,,2.0,-3.5,6.56,,,,,,,,,,,,,,,,,,,,,,,,,,,
2012-12-26,33.49,28.16,38.02,,,,,,,,,,,,,46.02,40.91,51.21,,,,,,,,,,,,,10.48,5.36,15.94,,,,,,,,,,,,,6.51,0.84,11.25,,,,2.0,-3.5,6.53,,,,,,,,,,,,,,,,,,,,,,,,,,,
2012-12-27,33.49,28.17,37.98,,,,,,,,,,,,,46.04,40.91,51.21,,,,,,,,,,,,,10.47,5.36,15.94,,,,,,,,,,,,,6.51,0.85,11.25,,,,2.0,-3.49,6.49,,,,,,,,,,,,,,,,,,,,,,,,,,,
2012-12-28,33.49,28.17,37.96,,,,,,,,,,,,,46.06,40.91,51.21,,,,,,,,,,,,,10.46,5.36,15.94,,,,,,,,,,,,,6.51,0.86,11.25,,,,2.0,-3.49,6.45,,,,,,,,,,,,,,,,,,,,,,,,,,,
2012-12-29,33.48,28.17,37.96,,,,,,,,,,,,,46.08,40.91,51.21,,,,,,,,,,,,,10.44,5.36,15.94,,,,,,,,,,,,,6.52,0.87,11.25,,,,2.0,-3.48,6.42,,,,,,,,,,,,,,,,,,,,,,,,,,,
2012-12-30,33.48,28.17,37.96,,,,,,,,,,,,,46.09,40.91,51.21,,,,,,,,,,,,,10.43,5.36,15.94,,,,,,,,,,,,,6.52,0.88,11.25,,,,2.0,-3.47,6.42,,,,,,,,,,,,,,,,,,,,,,,,,,,
2012-12-31,33.47,28.17,37.96,,,,,,,,,,,,,46.11,40.91,51.21,,,,,,,,,,,,,10.42,5.36,15.94,,,,,,,,,,,,,6.53,0.89,11.25,,,,2.0,-3.47,6.42,,,,,,,,,,,,,,,,,,,,,,,,,,,
2013-01-01,33.47,28.18,37.96,,,,,,,,,,,,,46.13,40.91,51.21,,,,,,,,,,,,,10.4,5.36,15.94,,,,,,,,,,,,,6.53,0.9,11.25,,,,2.0,-3.46,6.42,,,,,,,,,,,,,,,,,,,,,,,,,,,
2013-01-02,33.46,28.18,37.96,,,,,,,,,,,,,46.15,40.91,51.21,,,,,,,,,,,,,10.39,5.36,15.94,,,,,,,,,,,,,6.54,0.91,11.25,,,,2.0,-3.46,6.42,,,,,,,,,,,,,,,,,,,,,,,,,,,
2013-01-03,33.46,28.18,37.96,,,,,,,,,,,,,46.17,40.91,51.21,,,,,,,,,,,,,10.37,5.36,15.94,,,,,,,,,,,,,6.54,0.92,11.25,,,,2.0,-3.45,6.42,,,,,,,,,,,,,,,,,,,,,,,,,,,
2013-01-04,33.45,28.18,37.96,,,,,,,,,,,,,46.19,40.91,51.21,,,,,,,,,,,,,10.36,5.31,15.94,,,,,,,,,,,,,6.55,0.94,11.25,,,,2.0,-3.44,6.42,,,,,,,,,,,,,,,,,,,,,,,,,,,
2013-01-05,33.45,28.18,37.96,,,,,,,,,,,,,46.21,40.91,51.21,,,,,,,,,,,,,10.34,5.22,15.94,,,,,,,,,,,,,6.55,0.95,11.25,,,,2.0,-3.43,6.42,,,,,,,,,,,,,,,,,,,,,,,,,,,
2013-01-06,33.44,28.19,37.96,,,,,,,,,,,,,46.23,40.91,51.21,,,,,,,,,,,,,10.32,5.16,15.89,,,,,,,,,,,,,6.56,0.96,11.25,,,,2.0,-3.43,6.42,,,,,,,,,,,,,,,,,,,,,,,,,,,
2013-01-07,33.44,28.14,37.96,,,,,,,,,,,,,46.26,40.91,51.21,,,,,,,,,,,,,10.31,5.16,15.84,,,,,,,,,,,,,6.56,0.98,11.25,,,,2.0,-3.42,6.42,,,,,,,,,,,,,,,,,,,,,,,,,,,
2013-01-08,33.43,28.04,37.96,,,,,,,,,,,,,46.28,40.9,51.21,,,,,,,,,,,,,10.29,5.16,15.8,,,,,,,,,,,,,6.57,0.99,11.25,,,,2.0,-3.41,6.42,,,,,,,,,,,,,,,,,,,,,,,,,,,
2013-01-09,33.42,27.94,37.96,,,,,,,,,,,,,46.31,40.83,51.21,,,,,,,,,,,,,10.27,5.11,15.8,,,,,,,,,,,,,6.58,1.01,11.25,,,,2.0,-3.48,6.42,,,,,,,,,,,,,,,,,,,,,,,,,,,
2013-01-10,33.42,27.85,37.96,,,,,,,,,,,,,46.34,40.75,51.21,,,,,,,,,,,,,10.25,5.04,15.8,,,,,,,,,,,,,6.58,1.0,11.25,,,,2.0,-3.58,6.42,,,,,,,,,,,,,,,,,,,,,,,,,,,
2013-01-11,33.41,27.85,37.96,,,,,,,,,,,,,46.36,40.67,51.21,,,,,,,,,,,,,10.23,5.02,15.8,,,,,,,,,,,,,6.59,0.9,11.25,,,,2.0,-3.69,6.42,,,,,,,,,,,,,,,,,,,,,,,,,,,
2013-01-12,33.4,27.85,37.96,,,,,,,,,,,,,46.4,40.62,51.21,,,,,,,,,,,,,10.2,5.02,15.8,,,,,,,,,,,,,6.6,0.82,11.25,,,,2.0,-3.78,6.42,,,,,,,,,,,,,,,,,,,,,,,,,,,
2013-01-13,33.39,27.85,37.96,,,,,,,,,,,,,46.43,40.68,51.23,,,,,,,,,,,,,10.18,5.02,15.8,,,,,,,,,,,,,6.61,0.86,11.25,,,,2.0,-3.75,6.42,,,,,,,,,,,,,,,,,,,,,,,,,,,
2013-01-14,33.38,27.85,37.96,,,,,,,,,,,,,46.46,40.74,51.25,,,,,,,,,,,,,10.15,5.02,15.8,,,,,,,,,,,,,6.62,0.89,11.25,,,,2.0,-3.72,6.42,,,,,,,,,,,,,,,,,,,,,,,,,,,
2013-01-15,33.38,27.85,37.96,,,,,,,,,,,,,46.5,40.81,51.28,,,,,,,,,,,,,10.13,5.02,15.8,,,,,,,,,,,,,6.62,0.93,11.25,,,,2.0,-3.69,6.42,,,,,,,,,,,,,,,,,,,,,,33.0,48.0,9.0,7.0,2.0,
2013-01-16,33.37,27.85,37.96,,,,,,,,,,,,,46.53,40.87,51.3,,,,,,,,,,,,,10.1,5.02,15.8,,,,,,,,,,,,,6.63,0.97,11.25,,,,2.0,-3.66,6.42,,,,,,,,,,,,,,,,,,,,,,,,,,,
2013-01-17,33.36,27.85,37.96,,,,,,,,,,,,,46.57,40.91,51.32,,,,,,,,,,,,,10.07,5.02,15.8,,,,,,,,,,,,,6.64,1.02,11.25,,,,2.0,-3.63,6.42,,,,,,,,,,,,,,,,,,,,,,,,,,,
2013-01-18,33.35,27.85,37.96,,,,,,,,,,,,,46.61,40.91,51.35,,,,,,,,,,,,,10.04,5.02,15.8,,,,,,,,,,,,,6.65,1.06,11.25,,,,2.0,-3.59,6.42,,,,,,,,,,,,,,,,,,,,,,,,,,,
2013-01-19,33.34,27.85,38.01,,,,,,,,,,,,,46.65,40.91,51.38,,,,,,,,,,,,,10.01,5.02,15.8,,,,,,,,,,,,,6.66,1.11,11.25,,,,2.0,-3.56,6.42,,,,,,,,,,,,,,,,,,,,,,,,,,,
2013-01-20,33.33,27.85,38.09,,,,,,,,,,,,,46.7,40.91,51.4,,,,,,,,,,,,,9.98,5.02,15.8,,,,,,,,,,,,,6.67,1.16,11.25,,,,2.0,-3.52,6.5,,,,,,,,,,,,,,,,,,,,,,,,,,,
2013-01-21,33.31,27.84,38.16,,,,,,,,,,,,,46.74,40.91,51.43,,,,,,,,,,,,,9.94,5.02,15.8,,,,,,,,,,,,,6.69,1.21,11.25,,,,2.0,-3.48,6.6,,,,,,,,,,,,,,,,,,,,,,,,,,,
2013-01-22,33.3,27.85,38.09,,,,,,,,,,,,,46.79,40.94,51.46,,,,,,,,,,,,,9.91,5.02,15.8,,,,,,,,,,,,,6.7,1.26,11.25,,,,2.0,-3.44,6.7,,,,,,,,,,,,,,,,,,,,,,,,,,,
2013-01-23,33.29,27.85,38.01,,,,,,,,,,,,,46.84,41.01,51.49,,,,,,,,,,,,,9.87,5.02,15.8,,,,,,,,,,,,,6.71,1.31,11.27,,,,2.0,-3.49,6.72,,,,,,,,,,,,,,,,,,,,,,,,,,,
2013-01-24,33.28,27.85,37.96,,,,,,,,,,,,,46.89,41.01,51.52,,,,,,,,,,,,,9.83,5.02,15.8,,,,,,,,,,,,,6.72,1.28,11.37,,,,2.0,-3.56,6.64,,,,,,,,,,,,,,,,,,,,,,,,,,,
2013-01-25,33.26,27.85,37.96,,,,,,,,,,,,,46.94,41.01,51.52,,,,,,,,,,,,,9.79,5.02,15.8,,,,,,,,,,,,,6.74,1.22,11.31,,,,2.0,-3.63,6.57,,,,,,,,,,,,,,,,,,,,,,,,,,,
2013-01-26,33.25,27.83,39.8,,,,,,,,,,,,,47.0,40.9,52.42,,,,,,,,,,,,,9.75,4.99,17.28,,,,,,,,,,,,,6.75,1.44,13.62,,,,2.0,-3.55,8.7,,,,,,,,,,,,,,,,,,,,,,,,,,,
2013-01-27,33.24,27.94,40.6,,,,,,,,,,,,,47.05,40.69,52.39,,,,,,,,,,,,,9.71,5.04,17.53,,,,,,,,,,,,,6.76,1.5,13.71,,,,2.0,-3.38,8.36,,,,,,,,,,,,,,,,,,,,,,,,,,,
2013-01-28,33.22,27.95,40.6,,,,,,,,,,,,,47.11,40.69,52.39,,,,,,,,,,,,,9.67,5.03,17.52,,,,,,,,,,,,,6.78,1.52,13.71,,,,2.0,-3.35,8.36,,,,,,,,,,,,,,,,,,,,,,,,,,,
2013-01-29,33.21,27.98,40.6,,,,,,,,,,,,,47.16,40.66,52.36,,,,,,,,,,,,,9.63,5.01,17.49,,,,,,,,,,,,,6.79,1.54,13.71,,,,2.0,-3.33,8.36,,,,,,,,,,,,,,,,,,,,,,,,,,,
2013-01-30,33.2,27.99,40.6,,,,,,,,,,,,,47.2,40.61,52.25,,,,,,,,,,,,,9.59,4.86,17.44,,,,,,,,,,,,,6.81,1.46,13.71,,,,2.0,-3.38,8.36,,,,,,,,,,,,,,,,,,,,,,,,,,,
2013-01-31,33.2,27.86,40.6,,,,,,,,,,,,,47.25,40.53,52.33,,,,,,,,,,,,,9.55,4.73,17.35,,,,,,,,,,,,,6.83,1.33,13.71,,,,2.0,-3.52,8.35,,,,,,,,,,,,,,,,,,,,,,,,,,,
2013-02-01,33.2,27.81,40.6,,,,,,,,,,,,,47.28,40.5,52.28,,,,,,,,,,,,,9.51,4.71,17.21,,,,,,,,,,,,,6.86,1.22,13.69,,,,1.99,-3.67,8.4,,,,,,,,,,,,,,,,,,,,,,,,,,,
2013-02-02,33.2,27.91,40.6,,,,,,,,,,,,,47.31,40.5,52.22,,,,,,,,,,,,,9.47,4.71,17.02,,,,,,,,,,,,,6.89,1.21,13.64,,,,1.99,-3.77,8.45,,,,,,,,,,,,,,,,,,,,,,,,,,,
2013-02-03,33.21,27.98,40.55,,,,,,,,,,,,,47.32,40.41,52.28,,,,,,,,,,,,,9.44,4.69,16.87,,,,,,,,,,,,,6.92,1.25,13.59,,,,1.98,-3.75,8.16,,,,,,,,,,,,,,,,,,,,,,,,,,,
2013-02-04,33.22,28.11,40.31,,,,,,,,,,,,,47.32,40.25,52.37,,,,,,,,,,,,,9.41,4.67,16.88,,,,,,,,,,,,,6.95,1.32,13.52,,,,1.98,-3.7,7.99,,,,,,,,,,,,,,,,,,,,,,,,,,,
2013-02-05,33.24,28.3,40.38,,,,,,,,,,,,,47.32,40.02,52.47,,,,,,,,,,,,,9.38,4.67,16.59,,,,,,,,,,,,,6.99,1.47,13.54,,,,1.97,-3.71,7.99,,,,,,,,,,,,,,,,,,,,,,,,,,,
2013-02-06,33.26,28.38,40.47,,,,,,,,,,,,,47.29,39.73,52.61,,,,,,,,,,,,,9.36,4.65,16.34,,,,,,,,,,,,,7.04,1.51,13.53,,,,1.96,-3.99,7.91,,,,,,,,,,,,,,,,,,,,,,,,,,,
2013-02-07,33.29,28.39,40.42,,,,,,,,,,,,,47.26,39.61,52.72,,,,,,,,,,,,,9.34,4.6,16.21,,,,,,,,,,,,,7.08,1.81,13.52,,,,1.95,-3.82,7.88,,,,,,,,,,,,,,,,,,,,,,,,,,,
2013-02-08,33.33,28.3,40.51,,,,,,,,,,,,,47.21,39.44,52.73,,,,,,,,,,,,,9.33,4.33,16.44,,,,,,,,,,,,,7.13,2.13,13.5,,,,1.93,-3.6,7.99,,,,,,,,,,,,,,,,,,,,,,,,,,,
2013-02-09,33.37,28.34,40.62,,,,,,,,,,,,,47.14,39.21,52.79,,,,,,,,,,,,,9.32,4.35,16.48,,,,,,,,,,,,,7.19,2.13,13.55,,,,1.92,-3.38,7.99,,,,,,,,,,,,,,,,,,,,,,,,,,,
2013-02-10,33.43,28.3,40.72,,,,,,,,,,,,,47.06,38.79,52.4,,,,,,,,,,,,,9.32,4.37,16.37,,,,,,,,,,,,,7.24,2.13,13.68,,,,1.9,-3.49,7.99,,,,,,,,,,,,,,,,,,,,,,,,,,,
2013-02-11,33.48,28.23,40.85,,,,,,,,,,,,,46.97,38.24,52.37,,,,,,,,,,,,,9.33,4.36,16.41,,,,,,,,,,,,,7.3,2.1,13.71,,,,1.89,-3.68,7.96,,,,,,,,,,,,,,,,,,,,,,,,,,,
2013-02-12,33.54,28.17,40.94,,,,,,,,,,,,,46.86,38.16,52.39,,,,,,,,,,,,,9.34,3.96,16.45,,,,,,,,,,,,,7.36,1.95,13.96,,,,1.87,-3.61,7.99,,,,,,,,,,,,,,,,,,,,,,,,,,,
2013-02-13,33.61,28.12,41.0,,,,,,,,,,,,,46.74,37.95,52.39,,,,,,,,,,,,,9.35,3.89,16.37,,,,,,,,,,,,,7.42,1.87,14.25,,,,1.85,-3.54,7.99,,,,,,,,,,,,,,,,,,,,,,,,,,,
2013-02-14,33.68,28.0,41.05,,,,,,,,,,,,,46.61,37.87,52.36,,,,,,,,,,,,,9.37,3.94,16.33,,,,,,,,,,,,,7.49,1.93,14.5,,,,1.83,-3.49,7.99,,,,,,,,,,,,,,,,,,,,,,,,,,,
2013-02-15,33.75,28.03,41.28,,,,,,,,,,,,,46.48,37.7,52.16,,,,,,,,,,,,,9.4,3.98,16.31,,,,,,,,,,,,,7.55,1.99,14.57,,,,1.81,-3.62,7.99,,,,,,,,,,,,,,,,,,,,,,,,,,,
2013-02-16,33.83,28.0,41.39,,,,,,,,,,,,,46.33,37.55,52.02,,,,,,,,,,,,,9.43,4.02,16.34,,,,,,,,,,,,,7.61,1.98,14.7,,,,1.79,-3.71,7.96,,,,,,,,,,,,,,,,,,,,,,,,,,,
2013-02-17,33.91,27.98,41.42,,,,,,,,,,,,,46.17,37.45,51.88,,,,,,,,,,,,,9.46,3.99,16.36,,,,,,,,,,,,,7.68,1.96,14.88,,,,1.77,-3.8,7.96,,,,,,,,,,,,,,,,,,,,,,,,,,,
2013-02-18,33.99,27.96,41.5,,,,,,,,,,,,,46.01,37.39,51.78,,,,,,,,,,,,,9.5,3.96,16.38,,,,,,,,,,,,,7.74,1.96,14.98,,,,1.75,-3.73,7.97,,,,,,,,,,,,,,,,,,,,,,,,,,,
2013-02-19,34.08,27.97,41.56,,,,,,,,,,,,,45.84,37.36,51.74,,,,,,,,,,,,,9.54,3.96,16.39,,,,,,,,,,,,,7.81,1.95,14.96,,,,1.73,-3.64,7.98,,,,,,,,,,,,,,,,,,,,,,,,,,,
2013-02-20,34.16,28.1,41.57,,,,,,,,,,,,,45.67,37.36,51.74,,,,,,,,,,,,,9.58,3.98,16.33,,,,,,,,,,,,,7.87,2.04,14.91,,,,1.71,-3.56,7.98,,,,,,,,,,,,,,,,,,,,,,,,,,,
2013-02-21,34.25,28.15,41.45,,,,,,,,,,,,,45.5,37.26,51.73,,,,,,,,,,,,,9.62,4.08,16.05,,,,,,,,,,,,,7.94,2.11,14.95,,,,1.69,-3.59,7.7,,,,,,,,,,,,,,,,,,,,,,,,,,,
2013-02-22,34.34,28.93,40.37,,,,,,,,,,,,,45.33,37.69,50.57,,,,,,,,,,,,,9.67,4.71,14.7,,,,,,,,,,,,,8.0,2.77,13.57,,,,1.67,-3.1,6.25,,,,,,,,,,,,,,,,,,,,,,,,,,,
2013-02-23,34.42,29.18,40.37,,,,,,,,,,,,,45.15,37.69,50.45,,,,,,,,,,,,,9.71,4.83,14.7,,,,,,,,,,,,,8.07,3.0,13.5,,,,1.64,-3.03,6.25,,,,,,,,,,,,,,,,,,,,,,,,,,,
2013-02-24,34.51,29.43,40.37,,,,,,,,,,,,,44.98,37.69,50.3,,,,,,,,,,,,,9.76,5.06,14.7,,,,,,,,,,,,,8.13,3.25,13.45,,,,1.62,-3.0,6.11,,,,,,,,,,,,,,,,,,,,,,,,,,,
2013-02-25,34.6,29.65,40.28,,,,,,,,,,,,,44.8,37.69,50.15,,,,,,,,,,,,,9.8,5.2,14.7,,,,,,,,,,,,,8.2,3.42,13.42,,,,1.6,-3.0,5.97,,,,,,,,,,,,,,,,,,,,,,,,,,,
2013-02-26,34.69,29.77,40.19,,,,,,,,,,,,,44.62,37.69,50.06,,,,,,,,,,,,,9.84,5.33,14.61,,,,,,,,,,,,,8.27,3.58,13.39,,,,1.58,-3.0,5.85,,,,,,,,,,,,,,,,,,,,,,,,,,,
2013-02-27,34.78,29.83,40.12,,,,,,,,,,,,,44.45,37.69,50.0,,,,,,,,,,,,,9.89,5.43,14.58,,,,,,,,,,,,,8.33,3.63,13.37,,,,1.56,-3.0,5.8,,,,,,,,,,,,,,,,,,,,,,,,,,,
2013-02-28,34.87,29.89,40.08,,,,,,,,,,,,,44.27,37.69,49.94,,,,,,,,,,,,,9.93,5.47,14.57,,,,,,,,,,,,,8.4,3.68,13.37,,,,1.53,-3.02,5.72,,,,,,,,,,,,,,,,,,,,,,,,,,,
2013-03-01,34.96,29.94,40.04,,,,,,,,,,,,,44.09,37.69,49.89,,,,,,,,,,,,,9.98,5.42,14.57,,,,,,,,,,,,,8.47,3.73,13.36,,,,1.51,-3.06,5.63,,,,,,,,,,,,,,,,,,,,,,,,,,,
2013-03-02,35.04,29.95,40.05,,,,,,,,,,,,,43.91,37.69,49.83,,,,,,,,,,,,,10.02,5.37,14.57,,,,,,,,,,,,,8.53,3.72,13.23,,,,1.49,-3.09,5.53,,,,,,,,,,,,,,,,,,,,,,,,,,,
2013-03-03,35.13,29.95,40.07,,,,,,,,,,,,,43.73,37.69,49.78,,,,,,,,,,,,,10.07,5.19,14.57,,,,,,,,,,,,,8.6,3.61,13.13,,,,1.47,-3.13,5.48,,,,,,,,,,,,,,,,,,,,,,,,,,,
2013-03-04,35.22,29.95,40.08,,,,,,,,,,,,,43.55,37.69,49.44,,,,,,,,,,,,,10.11,5.27,14.51,,,,,,,,,,,,,8.67,3.78,13.15,,,,1.44,-3.31,5.44,,,,,,,,,,,,,,,,,,,,,,,,,,,
2013-03-05,35.31,29.95,40.1,,,,,,,,,,,,,43.38,37.63,49.09,,,,,,,,,,,,,10.16,5.41,14.44,,,,,,,,,,,,,8.73,3.92,13.16,,,,1.42,-3.31,5.47,,,,,,,,,,,,,,,,,,,,,,,,,,,
2013-03-06,35.4,30.05,40.11,,,,,,,,,,,,,43.2,37.63,48.74,,,,,,,,,,,,,10.2,5.56,14.44,,,,,,,,,,,,,8.8,3.95,13.18,,,,1.4,-3.24,5.51,,,,,,,,,,,,,,,,,,,,,,,,,,,
2013-03-07,35.49,30.16,40.12,,,,,,,,,,,,,43.02,37.63,48.48,,,,,,,,,,,,,10.24,5.7,14.48,,,,,,,,,,,,,8.87,4.02,13.21,,,,1.38,-3.16,5.53,,,,,,,,,,,,,,,,,,,,,,,,,,,
2013-03-08,35.58,30.23,40.14,,,,,,,,,,,,,42.85,37.63,48.44,,,,,,,,,,,,,10.29,5.8,14.57,,,,,,,,,,,,,8.93,4.09,13.32,,,,1.36,-3.13,5.43,,,,,,,,,,,,,,,,,,,,,,,,,,,
2013-03-09,35.66,30.27,40.21,,,,,,,,,,,,,42.67,37.52,48.44,,,,,,,,,,,,,10.33,5.86,14.57,,,,,,,,,,,,,9.0,4.12,13.42,,,,1.33,-3.09,5.48,,,,,,,,,,,,,,,,,,,,,,,,,,,
2013-03-10,35.75,30.3,40.38,,,,,,,,,,,,,42.5,37.32,48.44,,,,,,,,,,,,,10.38,5.91,14.63,,,,,,,,,,,,,9.06,4.15,13.42,,,,1.31,-3.06,5.55,,,,,,,,,,,,,,,,,,,,,,,,,,,
2013-03-11,35.84,30.34,40.41,,,,,,,,,,,,,42.33,37.26,48.44,,,,,,,,,,,,,10.42,5.93,14.7,,,,,,,,,,,,,9.13,4.16,13.54,,,,1.29,-3.08,5.67,,,,,,,,,,,,,,,,,,,,,,,,,,,
2013-03-12,35.92,30.38,40.53,,,,,,,,,,,,,42.15,37.21,48.44,,,,,,,,,,,,,10.46,5.95,14.73,,,,,,,,,,,,,9.19,4.15,13.57,,,,1.27,-3.14,5.77,,,,,,,,,,,,,,,,,,,,,,,,,,,
2013-03-13,36.01,30.4,40.57,,,,,,,,,,,,,41.99,37.15,48.44,,,,,,,,,,,,,10.5,5.95,14.88,,,,,,,,,,,,,9.25,4.14,13.68,,,,1.25,-3.23,5.82,,,,,,,,,,,,,,,,,,,,,,,,,,,
2013-03-14,36.09,30.39,40.68,,,,,,,,,,,,,41.82,37.04,48.44,,,,,,,,,,,,,10.54,5.95,14.88,,,,,,,,,,,,,9.32,4.13,13.7,,,,1.23,-3.35,5.86,,,,,,,,,,,,,,,,,,,,,,,,,,,
2013-03-15,36.17,30.53,40.7,,,,,,,,,,,,,41.66,36.94,48.44,,,,,,,,,,,,,10.58,5.95,14.88,,,,,,,,,,,,,9.38,4.12,13.7,,,,1.21,-3.43,5.97,,,,,,,,,,,,,,,,,,,,,,,,,,,
2013-03-16,36.25,30.68,40.7,,,,,,,,,,,,,41.5,36.77,48.44,,,,,,,,,,,,,10.62,5.95,14.98,,,,,,,,,,,,,9.44,4.11,13.7,,,,1.19,-3.46,6.21,,,,,,,,,,,,,,,,,,,,,,,,,,,
2013-03-17,36.33,30.83,40.9,,,,,,,,,,,,,41.35,36.61,48.52,,,,,,,,,,,,,10.66,5.92,15.35,,,,,,,,,,,,,9.49,4.11,14.17,,,,1.17,-3.49,6.39,,,,,,,,,,,,,,,,,,,,,,,,,,,
2013-03-18,36.4,30.98,41.28,,,,,,,,,,,,,41.2,36.45,48.82,,,,,,,,,,,,,10.7,5.84,15.39,,,,,,,,,,,,,9.55,4.11,14.31,,,,1.15,-3.54,6.44,,,,,,,,,,,,,,,,,,,,,,,,,,,
2013-03-19,36.47,31.11,41.3,,,,,,,,,,,,,41.06,36.29,49.13,,,,,,,,,,,,,10.73,5.77,15.44,,,,,,,,,,,,,9.6,4.23,14.37,,,,1.13,-3.58,6.54,,,,,,,,,,,,,,,,,,,,,,,,,,,
2013-03-20,36.54,31.04,41.37,,,,,,,,,,,,,40.92,36.12,49.43,,,,,,,,,,,,,10.77,5.63,15.5,,,,,,,,,,,,,9.65,4.26,14.43,,,,1.12,-3.61,6.63,,,,,,,,,,,,,,,,,,,,,,,,,,,
2013-03-21,36.6,30.93,41.44,,,,,,,,,,,,,40.8,35.91,49.62,,,,,,,,,,,,,10.8,5.56,15.58,,,,,,,,,,,,,9.7,4.15,14.49,,,,1.1,-3.72,6.72,,,,,,,,,,,,,,,,,,,,,,,,,,,
2013-03-22,36.66,30.8,41.5,,,,,,,,,,,,,40.68,35.69,49.62,,,,,,,,,,,,,10.83,5.55,15.69,,,,,,,,,,,,,9.75,4.08,14.59,,,,1.08,-3.9,6.8,,,,,,,,,,,,,,,,,,,,,,,,,,,
2013-03-23,36.72,30.68,41.62,,,,,,,,,,,,,40.57,35.57,49.62,,,,,,,,,,,,,10.86,5.47,15.81,,,,,,,,,,,,,9.79,4.07,14.71,,,,1.07,-3.93,6.87,,,,,,,,,,,,,,,,,,,,,,,,,,,
2013-03-24,36.77,30.57,41.75,,,,,,,,,,,,,40.47,35.51,49.62,,,,,,,,,,,,,10.88,5.39,15.9,,,,,,,,,,,,,9.83,4.07,14.83,,,,1.06,-3.97,6.94,,,,,,,,,,,,,,,,,,,,,,,,,,,
2013-03-25,36.81,30.46,41.88,,,,,,,,,,,,,40.37,35.39,49.62,,,,,,,,,,,,,10.91,5.32,16.0,,,,,,,,,,,,,9.86,4.06,14.94,,,,1.05,-4.03,7.02,,,,,,,,,,,,,,,,,,,,,,,,,,,
2013-03-26,36.85,30.35,41.99,,,,,,,,,,,,,40.29,35.31,49.62,,,,,,,,,,,,,10.93,5.26,16.09,,,,,,,,,,,,,9.89,4.06,15.04,,,,1.04,-4.08,7.1,,,,,,,,,,,,,,,,,,,,,,,,,,,
2013-03-27,36.89,30.35,42.09,,,,,,,,,,,,,40.22,35.23,49.62,,,,,,,,,,,,,10.94,5.2,16.16,,,,,,,,,,,,,9.92,4.06,15.12,,,,1.03,-4.12,7.11,,,,,,,,,,,,,,,,,,,,,,,,,,,
2013-03-28,36.92,30.35,42.17,,,,,,,,,,,,,40.16,35.17,49.62,,,,,,,,,,,,,10.96,5.17,16.25,,,,,,,,,,,,,9.94,4.05,15.21,,,,1.02,-4.17,7.12,,,,,,,,,,,,,,,,,,,,,,,,,,,
2013-03-29,36.94,30.34,42.28,,,,,,,,,,,,,40.11,35.12,49.62,,,,,,,,,,,,,10.97,5.14,16.34,,,,,,,,,,,,,9.96,4.04,15.31,,,,1.01,-4.2,7.12,,,,,,,,,,,,,,,,,,,,,,,,,,,
2013-03-30,36.96,30.33,42.36,,,,,,,,,,,,,40.07,35.06,49.62,,,,,,,,,,,,,10.98,5.13,16.4,,,,,,,,,,,,,9.97,4.04,15.38,,,,1.01,-4.22,7.13,,,,,,,,,,,,,,,,,,,,,,,,,,,
2013-03-31,36.98,30.33,42.42,,,,,,,,,,,,,40.04,35.0,49.62,,,,,,,,,,,,,10.99,5.12,16.45,,,,,,,,,,,,,9.98,4.03,15.43,,,,1.01,-4.24,7.13,,,,,,,,,,,,,,,,,,,,,,,,,,,
2013-04-01,36.99,30.33,42.47,,,,,,,,,,,,,40.02,34.95,49.62,,,,,,,,,,,,,10.99,5.11,16.48,,,,,,,,,,,,,9.99,4.02,15.47,,,,1.0,-4.25,7.14,,,,,,,,,,,,,,,,,,,,,,,,,,,
2013-04-02,36.99,30.32,42.5,,,,,,,,,,,,,40.01,34.93,49.62,,,,,,,,,,,,,11.0,5.1,16.5,,,,,,,,,,,,,10.0,4.02,15.5,,,,1.0,-4.26,7.14,,,,,,,,,,,,,,,,,,,,,,,,,,,
2013-04-03,37.0,30.32,42.51,,,,,,,,,,,,,40.0,34.91,49.62,,,,,,,,,,,,,11.0,5.09,16.52,,,,,,,,,,,,,10.0,4.02,15.51,,,,1.0,-4.26,7.14,,,,,,,,,,,,,,,,,,,,,,,,,,,
2013-04-04,37.0,30.32,42.52,,,,,,,,,,,,,40.0,34.91,49.62,,,,,,,,,,,,,11.0,5.09,16.52,,,,,,,,,,,,,10.0,4.01,15.52,,,,1.0,-4.26,7.15,,,,,,,,,,,,,,,,,,,,,,,,,,,
2013-04-05,37.0,31.75,43.1,,,,,,,,,,,,,40.0,34.75,46.1,,,,,,,,,,,,,11.0,5.75,17.1,,,,,,,,,,,,,10.0,4.75,16.1,,,,1.0,-4.25,7.1,,,,,,,,,,,,,,,,,,,,,,,,,,,
2013-04-16,,,,,,,,,,,,,,,,,,,,,,,,,,,,,,,,,,,,,,,,,,,,,,,,,,,,,,,,,,,,,,,,,,,,,,,,,,,,37.0,40.0,11.0,10.0,1.0,
2013-05-19,37.0,31.34,42.58,,,,,,,,,,,,,40.0,34.34,45.58,,,,,,,,,,,,,11.0,5.34,16.58,,,,,,,,,,,,,10.0,4.34,15.58,,,,1.0,-4.66,6.58,,,,,,,,,,,,,,,,,,,,,,,,,,,
2013-05-20,37.0,30.51,42.05,,,,,,,,,,,,,40.0,26.4,45.05,,,,,,,,,,,,,11.0,5.73,18.16,,,,,,,,,,,,,10.0,4.73,16.29,,,,1.0,-4.27,9.02,,,,,,,,,,,,,,,,,,,,,,,,,,,
2013-05-21,37.0,30.51,42.05,,,,,,,,,,,,,39.99,26.4,45.04,,,,,,,,,,,,,11.0,5.74,18.16,,,,,,,,,,,,,10.0,4.74,16.29,,,,1.0,-4.26,9.02,,,,,,,,,,,,,,,,,,,,,,,,,,,
2013-05-22,36.99,30.51,42.03,,,,,,,,,,,,,39.98,26.4,45.01,,,,,,,,,,,,,11.01,5.75,18.17,,,,,,,,,,,,,10.0,4.75,16.29,,,,1.01,-4.25,9.02,,,,,,,,,,,,,,,,,,,,,,,,,,,
2013-05-23,36.99,30.51,42.0,,,,,,,,,,,,,39.96,26.4,44.96,,,,,,,,,,,,,11.02,5.77,18.17,,,,,,,,,,,,,10.01,4.76,16.29,,,,1.02,-4.22,9.02,,,,,,,,,,,,,,,,,,,,,,,,,,,
2013-05-24,36.98,30.51,41.97,,,,,,,,,,,,,39.92,26.4,44.88,,,,,,,,,,,,,11.04,5.79,18.17,,,,,,,,,,,,,10.02,4.78,16.29,,,,1.05,-4.2,9.02,,,,,,,,,,,,,,,,,,,,,,,,,,,
2013-05-25,36.96,30.51,41.94,,,,,,,,,,,,,39.86,26.4,44.75,,,,,,,,,,,,,11.06,5.81,18.17,,,,,,,,,,,,,10.03,4.79,16.29,,,,1.08,-4.18,9.02,,,,,,,,,,,,,,,,,,,,,,,,,,,
2013-05-26,36.94,30.51,41.9,,,,,,,,,,,,,39.78,26.4,44.59,,,,,,,,,,,,,11.1,5.84,18.17,,,,,,,,,,,,,10.04,4.81,16.29,,,,1.12,-4.15,9.02,,,,,,,,,,,,,,,,,,,,,,,,,,,
2013-05-27,36.91,30.51,41.84,,,,,,,,,,,,,39.67,26.4,44.37,,,,,,,,,,,,,11.15,5.87,18.17,,,,,,,,,,,,,10.06,4.83,16.29,,,,1.18,-4.12,9.02,,,,,,,,,,,,,,,,,,,,,,,,,,,
2013-05-28,36.87,30.51,41.77,,,,,,,,,,,,,39.54,26.4,44.1,,,,,,,,,,,,,11.21,5.91,18.17,,,,,,,,,,,,,10.08,4.85,16.29,,,,1.25,-4.07,9.02,,,,,,,,,,,,,,,,,,,,,,,,,,,
2013-05-29,36.83,30.51,41.67,,,,,,,,,,,,,39.38,26.4,43.79,,,,,,,,,,,,,11.28,6.04,18.18,,,,,,,,,,,,,10.11,4.88,16.29,,,,1.34,-3.9,9.02,,,,,,,,,,,,,,,,,,,,,,,,,,,
2013-05-30,36.78,30.51,41.57,,,,,,,,,,,,,39.19,26.4,43.61,,,,,,,,,,,,,11.37,6.25,18.18,,,,,,,,,,,,,10.15,5.03,16.29,,,,1.44,-3.68,9.02,,,,,,,,,,,,,,,,,,,,,,,,,,,
2013-05-31,36.72,30.51,41.49,,,,,,,,,,,,,38.97,26.4,43.61,,,,,,,,,,,,,11.47,6.43,18.19,,,,,,,,,,,,,10.19,5.16,16.29,,,,1.56,-3.52,9.02,,,,,,,,,,,,,,,,,,,,,,,,,,,
2013-06-01,36.65,30.51,41.35,,,,,,,,,,,,,38.72,26.4,43.61,,,,,,,,,,,,,11.58,6.52,18.2,,,,,,,,,,,,,10.23,5.21,16.29,,,,1.7,-3.45,9.02,,,,,,,,,,,,,,,,,,,,,,,,,,,
2013-06-02,36.57,30.51,41.22,,,,,,,,,,,,,38.43,26.4,43.48,,,,,,,,,,,,,11.71,6.54,18.2,,,,,,,,,,,,,10.29,5.27,16.29,,,,1.86,-3.42,9.02,,,,,,,,,,,,,,,,,,,,,,,,,,,
2013-06-03,36.49,30.51,41.08,,,,,,,,,,,,,38.12,26.4,43.27,,,,,,,,,,,,,11.86,6.57,18.21,,,,,,,,,,,,,10.34,5.29,16.29,,,,2.03,-3.39,9.02,,,,,,,,,,,,,,,,,,,,,,,,,,,
2013-06-04,36.39,30.51,40.92,,,,,,,,,,,,,37.77,26.4,43.21,,,,,,,,,,,,,12.01,6.59,18.22,,,,,,,,,,,,,10.41,5.29,16.23,,,,2.22,-3.36,9.02,,,,,,,,,,,,,,,,,,,,,,,,,,,
2013-06-05,36.29,30.51,40.75,,,,,,,,,,,,,37.4,26.4,42.91,,,,,,,,,,,,,12.18,6.62,18.23,,,,,,,,,,,,,10.47,5.29,16.17,,,,2.42,-3.32,9.02,,,,,,,,,,,,,,,,,,,,,,,,,,,
2013-06-06,36.18,30.51,40.7,,,,,,,,,,,,,37.0,26.4,42.73,,,,,,,,,,,,,12.36,6.65,18.24,,,,,,,,,,,,,10.55,5.29,16.11,,,,2.64,-3.23,9.02,,,,,,,,,,,,,,,,,,,,,,,,,,,
2013-06-07,36.07,30.51,40.94,,,,,,,,,,,,,36.58,26.4,42.64,,,,,,,,,,,,,12.56,6.82,18.26,,,,,,,,,,,,,10.62,5.35,16.04,,,,2.87,-3.02,9.02,,,,,,,,,,,,,,,,,,,,,,,,,,,
2013-06-08,35.95,30.51,40.78,,,,,,,,,,,,,36.14,26.4,42.59,,,,,,,,,,,,,12.76,7.01,18.3,,,,,,,,,,,,,10.7,5.37,16.29,,,,3.11,-2.8,9.02,,,,,,,,,,,,,,,,,,,,,,,,,,,
2013-06-09,35.82,30.48,40.68,,,,,,,,,,,,,35.68,26.4,42.59,,,,,,,,,,,,,12.96,7.08,18.32,,,,,,,,,,,,,10.79,5.35,16.29,,,,3.36,-2.68,9.29,,,,,,,,,,,,,,,,,,,,,,,,,,,
2013-06-10,35.69,30.33,40.68,,,,,,,,,,,,,35.21,26.37,42.59,,,,,,,,,,,,,13.18,7.17,18.34,,,,,,,,,,,,,10.87,5.33,16.29,,,,3.61,-2.48,9.29,,,,,,,,,,,,,,,,,,,,,,,,,,,
2013-06-11,35.56,30.22,40.68,,,,,,,,,,,,,34.74,26.26,42.33,,,,,,,,,,,,,13.39,7.52,18.35,,,,,,,,,,,,,10.96,5.35,16.29,,,,3.87,-2.09,9.29,,,,,,,,,,,,,,,,,,,,,,,,,,,
2013-06-12,35.44,30.22,40.68,,,,,,,,,,,,,34.26,26.15,42.31,,,,,,,,,,,,,13.61,7.58,18.35,,,,,,,,,,,,,11.04,5.29,16.29,,,,4.13,-1.98,9.29,,,,,,,,,,,,,,,,,,,,,,,,,,,
2013-06-13,35.31,29.99,40.68,,,,,,,,,,,,,33.79,26.05,42.4,,,,,,,,,,,,,13.82,7.66,18.35,,,,,,,,,,,,,11.13,5.28,16.29,,,,4.39,-1.87,9.29,,,,,,,,,,,,,,,,,,,,,,,,,,,
2013-06-14,35.18,29.77,40.68,,,,,,,,,,,,,33.32,25.94,42.47,,,,,,,,,,,,,14.04,7.74,18.45,,,,,,,,,,,,,11.21,5.28,16.26,,,,4.64,-1.75,9.29,,,,,,,,,,,,,,,,,,,,,,,,,,,
2013-06-15,35.05,29.5,40.68,,,,,,,,,,,,,32.86,25.82,42.55,,,,,,,,,,,,,14.24,7.81,18.5,,,,,,,,,,,,,11.3,5.28,16.22,,,,4.89,-1.63,9.35,,,,,,,,,,,,,,,,,,,,,,,,,,,
2013-06-16,34.93,29.11,40.55,,,,,,,,,,,,,32.42,25.75,42.59,,,,,,,,,,,,,14.44,7.89,18.61,,,,,,,,,,,,,11.38,5.28,16.29,,,,5.13,-1.52,9.42,,,,,,,,,,,,,,,,,,,,,,,,,,,
2013-06-17,34.82,28.88,40.55,,,,,,,,,,,,,32.0,25.42,42.59,,,,,,,,,,,,,14.64,8.01,18.69,,,,,,,,,,,,,11.45,5.2,16.29,,,,5.36,-1.39,9.59,,,,,,,,,,,,,,,,,,,,,,,,,,,
2013-06-18,34.71,28.79,40.55,,,,,,,,,,,,,31.6,25.11,42.59,,,,,,,,,,,,,14.82,8.16,18.81,,,,,,,,,,,,,11.53,5.14,16.29,,,,5.58,-1.36,9.68,,,,,,,,,,,,,,,,,,,,,,,,,,,
2013-06-19,34.61,28.68,40.55,,,,,,,,,,,,,31.23,24.82,42.59,,,,,,,,,,,,,14.99,8.33,19.1,,,,,,,,,,,,,11.59,5.27,16.29,,,,5.78,-1.27,9.93,,,,,,,,,,,,,,,,,,,,,,,,,,,
2013-06-20,34.51,28.47,40.55,,,,,,,,,,,,,30.88,24.62,42.59,,,,,,,,,,,,,15.14,8.45,19.42,,,,,,,,,,,,,11.66,5.32,16.31,,,,5.97,-1.26,10.28,,,,,,,,,,,,,,,,,,,,,,,,,,,
2013-06-21,34.43,28.36,40.57,,,,,,,,,,,,,30.57,24.24,42.59,,,,,,,,,,,,,15.29,8.42,19.64,,,,,,,,,,,,,11.71,5.27,16.48,,,,6.14,-1.18,10.53,,,,,,,,,,,,,,,,,,,,,,,,,,,
2013-06-22,34.35,28.01,40.61,,,,,,,,,,,,,30.28,23.89,42.59,,,,,,,,,,,,,15.42,8.34,19.85,,,,,,,,,,,,,11.77,5.14,16.52,,,,6.3,-1.11,10.76,,,,,,,,,,,,,,,,,,,,,,,,,,,
2013-06-23,34.28,27.72,40.65,,,,,,,,,,,,,30.03,23.73,42.59,,,,,,,,,,,,,15.53,8.38,20.06,,,,,,,,,,,,,11.81,4.9,16.6,,,,6.44,-1.13,10.95,,,,,,,,,,,,,,,,,,,,,,,,,,,
2013-06-24,34.22,27.55,40.68,,,,,,,,,,,,,29.81,23.38,42.59,,,,,,,,,,,,,15.63,8.34,20.2,,,,,,,,,,,,,11.85,4.78,16.71,,,,6.56,-1.16,11.11,,,,,,,,,,,,,,,,,,,,,,,,,,,
2013-06-25,34.17,27.4,40.68,,,,,,,,,,,,,29.62,23.06,42.59,,,,,,,,,,,,,15.72,8.25,20.33,,,,,,,,,,,,,11.89,4.76,16.85,,,,6.66,-1.18,11.25,,,,,,,,,,,,,,,,,,,,,,,,,,,
2013-06-26,34.13,27.35,40.68,,,,,,,,,,,,,29.46,22.77,42.59,,,,,,,,,,,,,15.79,8.13,20.47,,,,,,,,,,,,,11.92,4.75,16.97,,,,6.75,-1.21,11.41,,,,,,,,,,,,,,,,,,,,,,,,,,,
2013-06-27,34.09,27.32,40.72,,,,,,,,,,,,,29.33,22.53,42.59,,,,,,,,,,,,,15.85,8.04,20.67,,,,,,,,,,,,,11.94,4.74,17.04,,,,6.82,-1.24,11.61,,,,,,,,,,,,,,,,,,,,,,,,,,,
2013-06-28,34.06,27.29,40.77,,,,,,,,,,,,,29.22,22.37,42.59,,,,,,,,,,,,,15.9,7.99,20.83,,,,,,,,,,,,,11.96,4.73,17.08,,,,6.88,-1.25,11.79,,,,,,,,,,,,,,,,,,,,,,,,,,,
2013-06-29,34.04,27.27,40.81,,,,,,,,,,,,,29.14,22.32,42.59,,,,,,,,,,,,,15.94,7.96,20.97,,,,,,,,,,,,,11.97,4.72,17.11,,,,6.92,-1.28,11.93,,,,,,,,,,,,,,,,,,,,,,,,,,,
2013-06-30,34.02,27.26,40.83,,,,,,,,,,,,,29.08,22.29,42.59,,,,,,,,,,,,,15.96,7.95,21.03,,,,,,,,,,,,,11.98,4.71,17.13,,,,6.95,-1.29,12.02,,,,,,,,,,,,,,,,,,,,,,,,,,,
2013-07-01,34.01,27.25,40.86,,,,,,,,,,,,,29.04,22.26,42.59,,,,,,,,,,,,,15.98,7.93,21.08,,,,,,,,,,,,,11.99,4.71,17.14,,,,6.98,-1.31,12.08,,,,,,,,,,,,,,,,,,,,,,,,,,,
2013-07-02,34.01,27.24,40.87,,,,,,,,,,,,,29.02,22.25,42.59,,,,,,,,,,,,,15.99,7.92,21.11,,,,,,,,,,,,,12.0,4.71,17.15,,,,6.99,-1.31,12.1,,,,,,,,,,,,,,,,,,,,,,,,,,,
2013-07-03,34.0,27.24,40.87,,,,,,,,,,,,,29.01,22.24,42.59,,,,,,,,,,,,,16.0,7.91,21.12,,,,,,,,,,,,,12.0,4.71,17.16,,,,7.0,-1.32,12.12,,,,,,,,,,,,,,,,,,,,,,,,,,,
2013-07-04,34.0,27.24,40.87,,,,,,,,,,,,,29.0,22.24,42.59,,,,,,,,,,,,,16.0,7.91,21.13,,,,,,,,,,,,,12.0,4.71,17.16,,,,7.0,-1.32,12.13,,,,,,,,,,,,,,,,,,,,,,,,,,,
2013-07-05,34.0,26.69,39.39,,,,,,,,,,,,,29.0,21.69,34.39,,,,,,,,,,,,,16.0,8.69,21.39,,,,,,,,,,,,,12.0,4.69,17.39,,,,7.0,-0.31,12.39,,,,,,,,,,,,,,,,,,,,,,,,,,,
2013-08-07,,,,,,,,,,,,,,,,,,,,,,,,,,,,,,,,,,,,,,,,,,,,,,,,,,,,,,,,,,,,,,,,,,,,,,,,,,,,34.0,29.0,16.0,12.0,7.0,
2013-08-16,34.0,25.83,40.66,,,,,,,,,,,,,29.0,20.83,35.66,,,,,,,,,,,,,16.0,7.83,22.66,,,,,,,,,,,,,12.0,3.83,18.66,,,,7.0,-1.17,13.66,,,,,,,,,,,,,,,,,,,,,,,,,,,
2013-08-17,34.0,25.86,39.95,,,,,,,,,,,,,29.0,21.0,48.76,,,,,,,,,,,,,16.0,7.17,21.95,,,,,,,,,,,,,12.0,3.56,17.95,,,,7.0,-1.24,12.95,,,,,,,,,,,,,,,,,,,,,,,,,,,
2013-08-18,34.0,25.86,39.95,,,,,,,,,,,,,29.01,21.02,48.76,,,,,,,,,,,,,16.0,7.17,21.95,,,,,,,,,,,,,12.0,3.56,17.95,,,,7.0,-1.24,12.95,,,,,,,,,,,,,,,,,,,,,,,,,,,
2013-08-19,34.0,25.86,39.94,,,,,,,,,,,,,29.02,21.06,48.76,,,,,,,,,,,,,15.99,7.17,21.93,,,,,,,,,,,,,11.99,3.57,17.93,,,,6.99,-1.23,12.93,,,,,,,,,,,,,,,,,,,,,,,,,,,
2013-08-20,33.99,25.86,39.91,,,,,,,,,,,,,29.05,21.13,48.76,,,,,,,,,,,,,15.98,7.17,21.91,,,,,,,,,,,,,11.99,3.57,17.91,,,,6.99,-1.2,12.91,,,,,,,,,,,,,,,,,,,,,,,,,,,
2013-08-21,33.98,25.86,39.88,,,,,,,,,,,,,29.09,21.25,48.76,,,,,,,,,,,,,15.97,7.17,21.86,,,,,,,,,,,,,11.97,3.58,17.87,,,,6.98,-1.16,12.87,,,,,,,,,,,,,,,,,,,,,,,,,,,
2013-08-22,33.97,25.91,39.83,,,,,,,,,,,,,29.16,21.41,48.76,,,,,,,,,,,,,15.94,7.17,21.8,,,,,,,,,,,,,11.95,3.59,17.81,,,,6.96,-1.15,12.82,,,,,,,,,,,,,,,,,,,,,,,,,,,
2013-08-23,33.96,25.99,39.77,,,,,,,,,,,,,29.24,21.62,48.76,,,,,,,,,,,,,15.92,7.17,21.72,,,,,,,,,,,,,11.93,3.61,17.74,,,,6.94,-1.15,12.75,,,,,,,,,,,,,,,,,,,,,,,,,,,
2013-08-24,33.94,25.99,39.68,,,,,,,,,,,,,29.34,21.88,48.76,,,,,,,,,,,,,15.88,7.17,21.62,,,,,,,,,,,,,11.9,3.62,17.64,,,,6.92,-1.14,12.66,,,,,,,,,,,,,,,,,,,,,,,,,,,
2013-08-25,33.92,25.99,39.59,,,,,,,,,,,,,29.47,22.28,48.76,,,,,,,,,,,,,15.84,7.17,21.5,,,,,,,,,,,,,11.86,3.65,17.53,,,,6.89,-1.14,12.56,,,,,,,,,,,,,,,,,,,,,,,,,,,
2013-08-26,33.89,25.99,39.47,,,,,,,,,,,,,29.61,22.48,48.76,,,,,,,,,,,,,15.78,7.17,21.36,,,,,,,,,,,,,11.82,3.67,17.4,,,,6.86,-1.13,12.43,,,,,,,,,,,,,,,,,,,,,,,,,,,
2013-08-27,33.86,25.99,39.34,,,,,,,,,,,,,29.78,22.62,48.76,,,,,,,,,,,,,15.72,7.17,21.2,,,,,,,,,,,,,11.77,3.7,17.25,,,,6.82,-1.12,12.29,,,,,,,,,,,,,,,,,,,,,,,,,,,
2013-08-28,33.83,25.99,39.19,,,,,,,,,,,,,29.97,22.77,48.76,,,,,,,,,,,,,15.66,7.17,21.02,,,,,,,,,,,,,11.71,3.74,17.07,,,,6.77,-1.11,12.13,,,,,,,,,,,,,,,,,,,,,,,,,,,
2013-08-29,33.79,25.99,39.02,,,,,,,,,,,,,30.18,23.17,48.76,,,,,,,,,,,,,15.58,7.18,20.81,,,,,,,,,,,,,11.65,3.77,16.88,,,,6.72,-1.11,11.95,,,,,,,,,,,,,,,,,,,,,,,,,,,
2013-08-30,33.75,25.99,38.84,,,,,,,,,,,,,30.41,23.55,48.76,,,,,,,,,,,,,15.5,7.2,20.59,,,,,,,,,,,,,11.58,3.82,16.68,,,,6.67,-1.1,11.76,,,,,,,,,,,,,,,,,,,,,,,,,,,
2013-08-31,33.71,26.06,38.65,,,,,,,,,,,,,30.66,24.11,48.76,,,,,,,,,,,,,15.41,7.22,20.35,,,,,,,,,,,,,11.51,3.86,16.45,,,,6.61,-1.07,11.55,,,,,,,,,,,,,,,,,,,,,,,,,,,
2013-09-01,33.66,26.13,38.44,,,,,,,,,,,,,30.92,24.11,48.76,,,,,,,,,,,,,15.32,7.24,20.17,,,,,,,,,,,,,11.43,3.88,16.21,,,,6.55,-1.06,11.33,,,,,,,,,,,,,,,,,,,,,,,,,,,
2013-09-02,33.61,26.21,38.3,,,,,,,,,,,,,31.2,24.11,48.76,,,,,,,,,,,,,15.22,7.26,20.16,,,,,,,,,,,,,11.35,3.89,16.2,,,,6.48,-1.04,11.25,,,,,,,,,,,,,,,,,,,,,,,,,,,
2013-09-03,33.56,26.11,38.3,,,,,,,,,,,,,31.49,24.23,48.76,,,,,,,,,,,,,15.12,7.29,20.14,,,,,,,,,,,,,11.27,3.81,16.19,,,,6.41,-1.04,11.25,,,,,,,,,,,,,,,,,,,,,,,,,,,
2013-09-04,33.51,26.16,38.3,,,,,,,,,,,,,31.79,24.29,48.76,,,,,,,,,,,,,15.01,7.31,20.12,,,,,,,,,,,,,11.18,3.67,16.18,,,,6.34,-1.11,11.24,,,,,,,,,,,,,,,,,,,,,,,,,,,
2013-09-05,33.45,26.26,38.31,,,,,,,,,,,,,32.11,24.81,48.76,,,,,,,,,,,,,14.9,7.33,20.1,,,,,,,,,,,,,11.09,3.64,16.12,,,,6.27,-1.05,11.24,,,,,,,,,,,,,,,,,,,,,,,,,,,
2013-09-06,33.39,26.3,38.18,,,,,,,,,,,,,32.43,25.38,48.76,,,,,,,,,,,,,14.79,7.29,20.08,,,,,,,,,,,,,10.99,3.67,16.12,,,,6.19,-1.0,11.12,,,,,,,,,,,,,,,,,,,,,,,,,,,
2013-09-07,33.34,26.18,38.12,,,,,,,,,,,,,32.76,25.38,48.76,,,,,,,,,,,,,14.67,7.17,20.05,,,,,,,,,,,,,10.89,3.69,16.12,,,,6.12,-1.05,11.12,,,,,,,,,,,,,,,,,,,,,,,,,,,
2013-09-08,33.28,26.22,38.12,,,,,,,,,,,,,33.09,25.38,48.76,,,,,,,,,,,,,14.56,7.17,20.03,,,,,,,,,,,,,10.8,3.69,16.12,,,,6.04,-1.11,11.12,,,,,,,,,,,,,,,,,,,,,,,,,,,
2013-09-09,33.22,26.25,38.12,,,,,,,,,,,,,33.43,25.65,48.76,,,,,,,,,,,,,14.44,7.17,19.69,,,,,,,,,,,,,10.7,3.54,15.95,,,,5.96,-1.11,11.12,,,,,,,,,,,,,,,,,,,,,,,,,,,
2013-09-10,33.16,26.29,38.12,,,,,,,,,,,,,33.78,25.66,48.76,,,,,,,,,,,,,14.31,7.17,19.34,,,,,,,,,,,,,10.59,3.39,15.62,,,,5.88,-1.11,10.9,,,,,,,,,,,,,,,,,,,,,,,,,,,
2013-09-11,33.1,26.1,38.04,,,,,,,,,,,,,34.13,25.66,48.76,,,,,,,,,,,,,14.19,7.05,18.99,,,,,,,,,,,,,10.49,3.23,15.29,,,,5.79,-1.2,10.6,,,,,,,,,,,,,,,,,,,,,,,,,,,
2013-09-12,33.03,25.99,38.04,,,,,,,,,,,,,34.48,25.85,48.76,,,,,,,,,,,,,14.07,6.87,18.67,,,,,,,,,,,,,10.39,3.06,14.96,,,,5.71,-1.42,10.29,,,,,,,,,,,,,,,,,,,,,,,,,,,
2013-09-13,32.97,25.99,37.61,,,,,,,,,,,,,34.83,26.08,48.76,,,,,,,,,,,,,13.94,6.67,18.59,,,,,,,,,,,,,10.29,2.9,14.8,,,,5.63,-1.65,10.1,,,,,,,,,,,,,,,,,,,,,,,,,,,
2013-09-14,32.91,25.86,37.59,,,,,,,,,,,,,35.18,26.3,48.76,,,,,,,,,,,,,13.82,6.4,18.59,,,,,,,,,,,,,10.18,2.76,14.73,,,,5.55,-1.87,10.04,,,,,,,,,,,,,,,,,,,,,,,,,,,
2013-09-15,32.85,25.86,37.61,,,,,,,,,,,,,35.54,26.3,48.76,,,,,,,,,,,,,13.69,6.13,18.53,,,,,,,,,,,,,10.08,2.55,14.66,,,,5.46,-2.01,10.04,,,,,,,,,,,,,,,,,,,,,,,,,,,
2013-09-16,32.78,25.86,37.64,,,,,,,,,,,,,35.89,26.63,48.76,,,,,,,,,,,,,13.57,5.89,18.44,,,,,,,,,,,,,9.97,2.36,14.59,,,,5.38,-2.01,10.04,,,,,,,,,,,,,,,,,,,,,,,,,,,
2013-09-17,32.72,25.86,37.66,,,,,,,,,,,,,36.25,27.01,48.76,,,,,,,,,,,,,13.44,5.89,18.38,,,,,,,,,,,,,9.87,2.17,14.59,,,,5.29,-2.14,10.04,,,,,,,,,,,,,,,,,,,,,,,,,,,
2013-09-18,32.66,25.74,37.69,,,,,,,,,,,,,36.61,27.35,48.76,,,,,,,,,,,,,13.32,5.69,18.38,,,,,,,,,,,,,9.76,1.99,14.59,,,,5.21,-2.14,10.04,,,,,,,,,,,,,,,,,,,,,,,,,,,
2013-09-19,32.59,25.61,37.71,,,,,,,,,,,,,36.96,27.62,48.76,,,,,,,,,,,,,13.19,5.43,18.38,,,,,,,,,,,,,9.66,1.9,14.59,,,,5.13,-2.14,10.04,,,,,,,,,,,,,,,,,,,,,,,,,,,
2013-09-20,32.53,25.48,37.73,,,,,,,,,,,,,37.32,27.66,48.76,,,,,,,,,,,,,13.06,5.16,18.38,,,,,,,,,,,,,9.55,1.86,14.59,,,,5.04,-2.14,10.04,,,,,,,,,,,,,,,,,,,,,,,,,,,
2013-09-21,32.47,25.35,37.76,,,,,,,,,,,,,37.68,27.66,48.76,,,,,,,,,,,,,12.94,5.02,18.38,,,,,,,,,,,,,9.45,1.86,14.59,,,,4.96,-2.16,10.04,,,,,,,,,,,,,,,,,,,,,,,,,,,
2013-09-22,32.41,25.24,37.64,,,,,,,,,,,,,38.04,27.66,48.76,,,,,,,,,,,,,12.81,4.99,18.38,,,,,,,,,,,,,9.34,1.86,14.59,,,,4.87,-2.31,10.04,,,,,,,,,,,,,,,,,,,,,,,,,,,
2013-09-23,32.34,25.31,37.48,,,,,,,,,,,,,38.39,27.66,48.76,,,,,,,,,,,,,12.68,4.99,18.33,,,,,,,,,,,,,9.24,1.89,14.59,,,,4.79,-2.4,10.04,,,,,,,,,,,,,,,,,,,,,,,,,,,
2013-09-24,32.28,25.39,37.45,,,,,,,,,,,,,38.75,27.66,48.76,,,,,,,,,,,,,12.56,4.99,18.11,,,,,,,,,,,,,9.13,1.86,14.5,,,,4.71,-2.34,9.91,,,,,,,,,,,,,,,,,,,,,,,,,,,
2013-09-25,32.22,25.46,37.45,,,,,,,,,,,,,39.11,27.66,48.76,,,,,,,,,,,,,12.43,4.99,18.07,,,,,,,,,,,,,9.03,1.86,14.38,,,,4.62,-2.29,9.71,,,,,,,,,,,,,,,,,,,,,,,,,,,
2013-09-26,32.15,25.52,37.4,,,,,,,,,,,,,39.46,27.66,48.76,,,,,,,,,,,,,12.31,4.86,18.03,,,,,,,,,,,,,8.92,1.86,14.38,,,,4.54,-2.24,9.59,,,,,,,,,,,,,,,,,,,,,,,,,,,
2013-09-27,32.09,25.59,37.22,,,,,,,,,,,,,39.82,27.66,48.76,,,,,,,,,,,,,12.18,4.86,17.82,,,,,,,,,,,,,8.82,1.86,14.29,,,,4.45,-2.19,9.59,,,,,,,,,,,,,,,,,,,,,,,,,,,
2013-09-28,32.03,25.66,37.04,,,,,,,,,,,,,40.17,27.66,48.76,,,,,,,,,,,,,12.06,4.86,17.72,,,,,,,,,,,,,8.71,1.86,14.06,,,,4.37,-2.14,9.55,,,,,,,,,,,,,,,,,,,,,,,,,,,
2013-09-29,31.97,25.58,37.1,,,,,,,,,,,,,40.52,27.69,48.78,,,,,,,,,,,,,11.93,4.86,17.72,,,,,,,,,,,,,8.61,1.86,14.07,,,,4.29,-2.14,9.58,,,,,,,,,,,,,,,,,,,,,,,,,,,
2013-09-30,31.9,25.47,37.22,,,,,,,,,,,,,40.87,27.69,48.78,,,,,,,,,,,,,11.81,4.86,17.72,,,,,,,,,,,,,8.51,1.86,14.14,,,,4.21,-2.14,9.59,,,,,,,,,,,,,,,,,,,,,,,,,,,
2013-10-01,31.84,25.36,37.34,,,,,,,,,,,,,41.22,27.69,48.78,,,,,,,,,,,,,11.69,4.86,17.72,,,,,,,,,,,,,8.41,1.86,14.22,,,,4.12,-2.2,9.59,,,,,,,,,,,,,,,,,,,,,,,,,,,
2013-10-02,31.78,25.25,37.45,,,,,,,,,,,,,41.57,27.69,48.92,,,,,,,,,,,,,11.56,4.86,17.72,,,,,,,,,,,,,8.3,1.86,14.29,,,,4.04,-2.33,9.59,,,,,,,,,,,,,,,,,,,,,,,,,,,
2013-10-03,31.72,25.14,37.45,,,,,,,,,,,,,41.91,27.69,49.07,,,,,,,,,,,,,11.44,4.86,17.76,,,,,,,,,,,,,8.2,1.86,14.37,,,,3.96,-2.47,9.59,,,,,,,,,,,,,,,,,,,,,,,,,,,
2013-10-04,31.66,25.02,37.45,,,,,,,,,,,,,42.24,27.69,49.31,,,,,,,,,,,,,11.33,4.86,17.73,,,,,,,,,,,,,8.11,1.75,14.38,,,,3.88,-2.61,9.59,,,,,,,,,,,,,,,,,,,,,,,,,,,
2013-10-05,31.61,24.91,37.45,,,,,,,,,,,,,42.57,27.69,49.55,,,,,,,,,,,,,11.21,4.86,17.72,,,,,,,,,,,,,8.01,1.58,14.38,,,,3.81,-2.76,9.59,,,,,,,,,,,,,,,,,,,,,,,,,,,
2013-10-06,31.55,24.79,37.45,,,,,,,,,,,,,42.89,27.69,49.77,,,,,,,,,,,,,11.1,4.71,17.72,,,,,,,,,,,,,7.91,1.4,14.38,,,,3.73,-2.9,9.59,,,,,,,,,,,,,,,,,,,,,,,,,,,
2013-10-07,31.49,24.67,37.45,,,,,,,,,,,,,43.21,27.69,49.98,,,,,,,,,,,,,10.99,4.51,17.72,,,,,,,,,,,,,7.82,1.23,14.38,,,,3.66,-3.05,9.59,,,,,,,,,,,,,,,,,,,,,,,,,,,
2013-10-08,31.44,24.55,37.45,,,,,,,,,,,,,43.51,27.69,50.22,,,,,,,,,,,,,10.88,4.32,17.72,,,,,,,,,,,,,7.73,1.06,14.38,,,,3.59,-3.2,9.59,,,,,,,,,,,,,,,,,,,,,,,,,,,
2013-10-09,31.39,24.43,37.45,,,,,,,,,,,,,43.8,27.69,50.58,,,,,,,,,,,,,10.78,4.12,17.72,,,,,,,,,,,,,7.65,0.89,14.38,,,,3.52,-3.34,9.59,,,,,,,,,,,,,,,,,,,,,,,,,,,
2013-10-10,31.34,24.3,37.49,,,,,,,,,,,,,44.08,27.69,50.92,,,,,,,,,,,,,10.68,3.91,17.72,,,,,,,,,,,,,7.57,0.7,14.38,,,,3.45,-3.5,9.59,,,,,,,,,,,,,,,,,,,,,,,,,,,
2013-10-11,31.29,23.96,37.58,,,,,,,,,,,,,44.34,27.69,51.03,,,,,,,,,,,,,10.59,3.49,17.72,,,,,,,,,,,,,7.49,0.31,14.38,,,,3.39,-3.87,9.75,,,,,,,,,,,,,,,,,,,,,,,,,,,
2013-10-12,31.25,23.63,37.75,,,,,,,,,,,,,44.59,27.69,51.03,,,,,,,,,,,,,10.5,3.09,17.72,,,,,,,,,,,,,7.42,-0.06,14.38,,,,3.33,-4.22,9.91,,,,,,,,,,,,,,,,,,,,,,,,,,,
2013-10-13,31.21,23.32,37.92,,,,,,,,,,,,,44.82,27.69,51.21,,,,,,,,,,,,,10.42,2.71,17.72,,,,,,,,,,,,,7.35,-0.42,14.38,,,,3.28,-4.55,10.04,,,,,,,,,,,,,,,,,,,,,,,,,,,
2013-10-14,31.17,23.02,38.04,,,,,,,,,,,,,45.03,27.69,51.21,,,,,,,,,,,,,10.34,2.35,17.72,,,,,,,,,,,,,7.29,-0.76,14.37,,,,3.23,-4.87,10.04,,,,,,,,,,,,,,,,,,,,,,,,,,,
2013-10-15,31.14,22.75,38.04,,,,,,,,,,,,,45.22,27.69,51.47,,,,,,,,,,,,,10.28,2.01,17.72,,,,,,,,,,,,,7.23,-1.07,14.38,,,,3.18,-5.16,10.04,,,,,,,,,,,,,,,,,,,,,,,,,,,
2013-10-16,31.11,22.53,38.04,,,,,,,,,,,,,45.39,27.69,51.85,,,,,,,,,,,,,10.22,1.71,17.72,,,,,,,,,,,,,7.18,-1.36,14.38,,,,3.14,-5.43,10.04,,,,,,,,,,,,,,,,,,,,,,,,,,,
2013-10-17,31.08,22.48,38.04,,,,,,,,,,,,,45.53,27.69,52.05,,,,,,,,,,,,,10.16,1.56,17.72,,,,,,,,,,,,,7.14,-1.47,14.38,,,,3.11,-5.5,10.04,,,,,,,,,,,,,,,,,,,,,,,,,,,
2013-10-18,31.06,22.43,38.04,,,,,,,,,,,,,45.66,27.69,52.45,,,,,,,,,,,,,10.12,1.49,17.72,,,,,,,,,,,,,7.1,-1.53,14.38,,,,3.08,-5.55,10.04,,,,,,,,,,,,,,,,,,,,,,,,,,,
2013-10-19,31.04,22.39,38.04,,,,,,,,,,,,,45.76,27.69,52.45,,,,,,,,,,,,,10.08,1.43,17.75,,,,,,,,,,,,,7.07,-1.58,14.38,,,,3.06,-5.59,10.04,,,,,,,,,,,,,,,,,,,,,,,,,,,
2013-10-20,31.03,22.86,38.53,,,,,,,,,,,,,45.84,27.32,53.05,,,,,,,,,,,,,10.06,1.86,18.38,,,,,,,,,,,,,7.05,-1.14,14.71,,,,3.04,-5.14,10.68,,,,,,,,,,,,,,,,,,,,,,,,,,,
2013-10-21,31.02,23.06,38.62,,,,,,,,,,,,,45.91,27.68,53.02,,,,,,,,,,,,,10.03,2.07,18.29,,,,,,,,,,,,,7.03,-1.04,14.66,,,,3.02,-4.94,10.63,,,,,,,,,,,,,,,,,,,,,,,,,,,
2013-10-22,31.01,23.07,38.48,,,,,,,,,,,,,45.95,28.16,53.02,,,,,,,,,,,,,10.02,2.07,17.82,,,,,,,,,,,,,7.01,-1.04,14.65,,,,3.01,-4.93,10.63,,,,,,,,,,,,,,,,,,,,,,,,,,,
2013-10-23,31.01,23.1,38.76,,,,,,,,,,,,,45.97,32.43,53.02,,,,,,,,,,,,,10.01,2.09,17.46,,,,,,,,,,,,,7.01,-1.04,14.46,,,,3.01,-4.91,10.32,,,,,,,,,,,,,,,,,,,,,,,,,,,
2013-10-24,31.02,23.15,39.34,,,,,,,,,,,,,45.98,34.66,53.02,,,,,,,,,,,,,10.0,2.13,17.32,,,,,,,,,,,,,7.0,-1.04,14.32,,,,3.0,-4.87,10.33,,,,,,,,,,,,,,,,,,,,,,,,,,,
2013-10-25,31.03,23.24,39.34,,,,,,,,,,,,,45.98,34.78,53.02,,,,,,,,,,,,,10.0,2.18,17.43,,,,,,,,,,,,,6.99,-1.44,14.32,,,,3.01,-4.81,10.44,,,,,,,,,,,,,,,,,,,,,,,,,,,
2013-10-26,31.05,23.15,39.37,,,,,,,,,,,,,45.97,36.81,53.08,,,,,,,,,,,,,10.0,2.06,17.27,,,,,,,,,,,,,6.99,-1.6,14.08,,,,3.01,-4.92,10.36,,,,,,,,,,,,,,,,,,,,,,,,,,,
2013-10-27,31.07,22.43,39.0,,,,,,,,,,,,,45.96,36.85,52.9,,,,,,,,,,,,,10.0,1.3,16.9,,,,,,,,,,,,,6.99,-1.73,13.9,,,,3.01,-5.67,10.07,,,,,,,,,,,,,,,,,,,,,,,,,,,
2013-10-28,31.1,22.57,39.0,,,,,,,,,,,,,45.94,36.9,52.88,,,,,,,,,,,,,10.0,1.38,16.9,,,,,,,,,,,,,6.98,-1.66,13.89,,,,3.02,-5.58,10.07,,,,,,,,,,,,,,,,,,,,,,,,,,,
2013-10-29,31.13,22.74,38.97,,,,,,,,,,,,,45.92,36.98,52.87,,,,,,,,,,,,,10.0,1.48,16.88,,,,,,,,,,,,,6.97,-1.57,13.88,,,,3.03,-5.47,10.07,,,,,,,,,,,,,,,,,,,,,,,,,,,
2013-10-30,31.17,22.93,38.95,,,,,,,,,,,,,45.9,37.06,52.82,,,,,,,,,,,,,10.0,1.6,16.87,,,,,,,,,,,,,6.97,-1.47,13.86,,,,3.03,-5.34,10.07,,,,,,,,,,,,,,,,,,,,,,,,,,,
2013-10-31,31.22,23.15,38.92,,,,,,,,,,,,,45.87,37.15,52.75,,,,,,,,,,,,,10.0,1.73,16.86,,,,,,,,,,,,,6.96,-1.36,13.83,,,,3.04,-5.19,10.06,,,,,,,,,,,,,,,,,,,,,,,,,,,
2013-11-01,31.27,23.38,38.95,,,,,,,,,,,,,45.84,37.3,52.67,,,,,,,,,,,,,10.0,1.86,16.86,,,,,,,,,,,,,6.95,-1.23,13.8,,,,3.05,-5.03,10.04,,,,,,,,,,,,,,,,,,,,,,,,,,,
2013-11-02,31.33,23.63,38.97,,,,,,,,,,,,,45.8,37.38,52.64,,,,,,,,,,,,,10.0,2.02,16.85,,,,,,,,,,,,,6.93,-1.12,13.76,,,,3.07,-4.86,10.0,,,,,,,,,,,,,,,,,,,,,,,,,,,
2013-11-03,31.39,23.9,38.96,,,,,,,,,,,,,45.77,37.52,52.61,,,,,,,,,,,,,10.0,2.17,16.8,,,,,,,,,,,,,6.92,-1.06,13.7,,,,3.08,-4.68,9.94,,,,,,,,,,,,,,,,,,,,,,,,,,,
2013-11-04,31.45,24.19,38.96,,,,,,,,,,,,,45.73,37.63,52.52,,,,,,,,,,,,,10.0,2.36,16.7,,,,,,,,,,,,,6.91,-0.86,13.64,,,,3.09,-4.48,9.92,,,,,,,,,,,,,,,,,,,,,,31.0,46.0,10.0,7.0,3.0,
2013-11-05,31.52,24.53,38.96,,,,,,,,,,,,,45.69,37.73,52.43,,,,,,,,,,,,,10.0,2.59,16.65,,,,,,,,,,,,,6.9,-0.68,13.59,,,,3.1,-4.22,9.89,,,,,,,,,,,,,,,,,,,,,,,,,,,
2013-11-06,31.59,24.9,38.96,,,,,,,,,,,,,45.65,37.84,52.33,,,,,,,,,,,,,10.0,2.85,16.59,,,,,,,,,,,,,6.88,-0.53,13.52,,,,3.12,-3.94,9.84,,,,,,,,,,,,,,,,,,,,,,,,,,,
2013-11-07,31.66,25.28,38.95,,,,,,,,,,,,,45.6,37.93,52.31,,,,,,,,,,,,,10.0,2.93,16.54,,,,,,,,,,,,,6.87,-0.36,13.44,,,,3.13,-3.65,9.76,,,,,,,,,,,,,,,,,,,,,,,,,,,
2013-11-08,31.74,25.67,38.96,,,,,,,,,,,,,45.56,38.0,52.21,,,,,,,,,,,,,10.0,3.06,16.47,,,,,,,,,,,,,6.85,-0.2,13.36,,,,3.15,-3.36,9.66,,,,,,,,,,,,,,,,,,,,,,,,,,,
2013-11-09,31.81,26.05,39.04,,,,,,,,,,,,,45.51,38.04,52.06,,,,,,,,,,,,,10.0,3.24,16.4,,,,,,,,,,,,,6.84,-0.04,13.27,,,,3.16,-3.17,9.56,,,,,,,,,,,,,,,,,,,,,,,,,,,
2013-11-10,31.88,26.42,39.12,,,,,,,,,,,,,45.47,38.07,51.95,,,,,,,,,,,,,10.0,3.42,16.27,,,,,,,,,,,,,6.82,0.12,13.16,,,,3.18,-3.09,9.47,,,,,,,,,,,,,,,,,,,,,,,,,,,
2013-11-11,31.96,26.61,39.19,,,,,,,,,,,,,45.42,38.1,51.89,,,,,,,,,,,,,10.0,3.6,16.21,,,,,,,,,,,,,6.81,0.26,13.09,,,,3.19,-2.98,9.41,,,,,,,,,,,,,,,,,,,,,,,,,,,
2013-11-12,32.03,26.71,39.26,,,,,,,,,,,,,45.38,38.18,51.83,,,,,,,,,,,,,10.0,3.78,16.18,,,,,,,,,,,,,6.79,0.3,13.04,,,,3.21,-2.85,9.35,,,,,,,,,,,,,,,,,,,,,,,,,,,
2013-11-13,32.11,26.8,39.3,,,,,,,,,,,,,45.33,38.32,51.75,,,,,,,,,,,,,10.0,3.95,16.18,,,,,,,,,,,,,6.78,0.34,12.99,,,,3.22,-2.69,9.3,,,,,,,,,,,,,,,,,,,,,,,,,,,
2013-11-14,32.18,26.8,39.34,,,,,,,,,,,,,45.29,38.42,51.66,,,,,,,,,,,,,10.0,4.11,16.17,,,,,,,,,,,,,6.76,0.38,12.94,,,,3.24,-2.51,9.29,,,,,,,,,,,,,,,,,,,,,,,,,,,
2013-11-15,32.25,26.87,39.38,,,,,,,,,,,,,45.25,38.46,51.58,,,,,,,,,,,,,10.0,4.24,16.15,,,,,,,,,,,,,6.75,0.56,12.9,,,,3.25,-2.3,9.27,,,,,,,,,,,,,,,,,,,,,,,,,,,
2013-11-16,32.32,26.87,39.42,,,,,,,,,,,,,45.21,38.5,51.49,,,,,,,,,,,,,10.0,4.32,16.14,,,,,,,,,,,,,6.74,0.74,12.85,,,,3.26,-2.09,9.26,,,,,,,,,,,,,,,,,,,,,,,,,,,
2013-11-17,32.39,26.94,39.46,,,,,,,,,,,,,45.16,38.55,51.41,,,,,,,,,,,,,10.0,4.44,16.12,,,,,,,,,,,,,6.72,0.91,12.81,,,,3.28,-2.02,9.23,,,,,,,,,,,,,,,,,,,,,,,,,,,
2013-11-18,32.46,27.05,39.42,,,,,,,,,,,,,45.12,38.62,51.33,,,,,,,,,,,,,10.0,4.57,16.08,,,,,,,,,,,,,6.71,1.03,12.76,,,,3.29,-1.92,9.21,,,,,,,,,,,,,,,,,,,,,,,,,,,
2013-11-19,32.53,27.1,39.34,,,,,,,,,,,,,45.08,38.72,51.25,,,,,,,,,,,,,10.0,4.53,16.06,,,,,,,,,,,,,6.69,1.06,12.7,,,,3.31,-1.89,9.21,,,,,,,,,,,,,,,,,,,,,,,,,,,
2013-11-20,32.59,27.17,39.27,,,,,,,,,,,,,45.04,38.81,51.15,,,,,,,,,,,,,10.0,4.5,16.01,,,,,,,,,,,,,6.68,1.09,12.64,,,,3.32,-1.89,9.21,,,,,,,,,,,,,,,,,,,,,,,,,,,
2013-11-21,32.66,27.17,39.15,,,,,,,,,,,,,45.01,38.9,51.07,,,,,,,,,,,,,10.0,4.5,15.96,,,,,,,,,,,,,6.67,1.11,12.59,,,,3.33,-1.84,9.21,,,,,,,,,,,,,,,,,,,,,,,,,,,
2013-11-22,32.72,27.17,39.02,,,,,,,,,,,,,44.97,38.98,51.05,,,,,,,,,,,,,10.0,4.54,15.9,,,,,,,,,,,,,6.66,1.09,12.54,,,,3.34,-1.8,9.21,,,,,,,,,,,,,,,,,,,,,,,,,,,
2013-11-23,32.78,27.17,38.89,,,,,,,,,,,,,44.93,39.03,50.9,,,,,,,,,,,,,10.0,4.61,15.85,,,,,,,,,,,,,6.64,1.11,12.48,,,,3.36,-1.76,9.2,,,,,,,,,,,,,,,,,,,,,,,,,,,
2013-11-24,32.84,27.17,38.86,,,,,,,,,,,,,44.9,39.08,50.79,,,,,,,,,,,,,10.0,4.69,15.7,,,,,,,,,,,,,6.63,1.11,12.33,,,,3.37,-1.71,9.08,,,,,,,,,,,,,,,,,,,,,,,,,,,
2013-11-25,32.9,27.18,38.85,,,,,,,,,,,,,44.86,39.08,50.71,,,,,,,,,,,,,10.0,4.77,15.66,,,,,,,,,,,,,6.62,1.14,12.21,,,,3.38,-1.66,8.98,,,,,,,,,,,,,,,,,,,,,,,,,,,
2013-11-26,32.95,27.18,38.85,,,,,,,,,,,,,44.83,39.04,50.65,,,,,,,,,,,,,10.0,4.83,15.62,,,,,,,,,,,,,6.61,1.17,12.19,,,,3.39,-1.66,8.95,,,,,,,,,,,,,,,,,,,,,,,,,,,
2013-11-27,33.01,27.18,38.85,,,,,,,,,,,,,44.79,39.04,50.63,,,,,,,,,,,,,10.0,4.86,15.57,,,,,,,,,,,,,6.6,1.21,12.16,,,,3.4,-1.62,8.9,,,,,,,,,,,,,,,,,,,,,,,,,,,
2013-11-28,33.06,27.18,38.84,,,,,,,,,,,,,44.76,39.04,50.61,,,,,,,,,,,,,10.0,4.89,15.53,,,,,,,,,,,,,6.59,1.27,12.13,,,,3.41,-1.58,8.86,,,,,,,,,,,,,,,,,,,,,,,,,,,
2013-11-29,33.12,27.19,38.83,,,,,,,,,,,,,44.73,39.05,50.59,,,,,,,,,,,,,10.0,4.93,15.49,,,,,,,,,,,,,6.58,1.35,12.09,,,,3.42,-1.58,8.82,,,,,,,,,,,,,,,,,,,,,,,,,,,
2013-11-30,33.17,27.19,38.83,,,,,,,,,,,,,44.7,39.05,50.57,,,,,,,,,,,,,10.0,4.98,15.45,,,,,,,,,,,,,6.57,1.43,12.06,,,,3.43,-1.59,8.79,,,,,,,,,,,,,,,,,,,,,,,,,,,
2013-12-01,33.22,27.24,38.83,,,,,,,,,,,,,44.67,39.05,50.55,,,,,,,,,,,,,10.0,5.01,15.4,,,,,,,,,,,,,6.56,1.48,12.06,,,,3.44,-1.63,8.75,,,,,,,,,,,,,,,,,,,,,,,,,,,
2013-12-02,33.27,27.34,38.83,,,,,,,,,,,,,44.64,39.05,50.52,,,,,,,,,,,,,10.0,4.99,15.35,,,,,,,,,,,,,6.55,1.49,12.05,,,,3.45,-1.64,8.72,,,,,,,,,,,,,,,,,,,,,,,,,,,
2013-12-03,33.33,27.37,38.82,,,,,,,,,,,,,44.6,39.06,50.49,,,,,,,,,,,,,10.0,5.0,15.3,,,,,,,,,,,,,6.53,1.48,12.04,,,,3.47,-1.62,8.69,,,,,,,,,,,,,,,,,,,,,,,,,,,
2013-12-04,33.38,27.35,38.81,,,,,,,,,,,,,44.57,39.09,50.45,,,,,,,,,,,,,10.0,4.96,15.25,,,,,,,,,,,,,6.52,1.47,12.02,,,,3.48,-1.58,8.66,,,,,,,,,,,,,,,,,,,,,,,,,,,
2013-12-05,33.43,27.34,38.81,,,,,,,,,,,,,44.54,39.1,50.41,,,,,,,,,,,,,10.0,4.93,15.22,,,,,,,,,,,,,6.51,1.45,12.0,,,,3.49,-1.58,8.63,,,,,,,,,,,,,,,,,,,,,,,,,,,
2013-12-06,33.48,27.32,38.81,,,,,,,,,,,,,44.51,39.08,50.36,,,,,,,,,,,,,10.0,4.92,15.2,,,,,,,,,,,,,6.5,1.4,11.96,,,,3.5,-1.59,8.59,,,,,,,,,,,,,,,,,,,,,,,,,,,
2013-12-07,33.52,27.31,38.82,,,,,,,,,,,,,44.49,39.05,50.3,,,,,,,,,,,,,10.0,4.9,15.18,,,,,,,,,,,,,6.5,1.34,11.91,,,,3.5,-1.6,8.57,,,,,,,,,,,,,,,,,,,,,,,,,,,
2013-12-08,33.57,27.29,38.91,,,,,,,,,,,,,44.46,39.03,50.25,,,,,,,,,,,,,10.0,4.88,15.15,,,,,,,,,,,,,6.49,1.31,11.87,,,,3.51,-1.61,8.6,,,,,,,,,,,,,,,,,,,,,,,,,,,
2013-12-09,33.62,27.28,38.98,,,,,,,,,,,,,44.43,39.01,50.23,,,,,,,,,,,,,10.0,4.86,15.18,,,,,,,,,,,,,6.48,1.27,11.82,,,,3.52,-1.62,8.6,,,,,,,,,,,,,,,,,,,,,,,,,,,
2013-12-10,33.67,27.26,39.07,,,,,,,,,,,,,44.4,38.98,50.2,,,,,,,,,,,,,10.0,4.84,15.15,,,,,,,,,,,,,6.47,1.25,11.77,,,,3.53,-1.62,8.62,,,,,,,,,,,,,,,,,,,,,,,,,,,
2013-12-11,33.73,27.24,39.15,,,,,,,,,,,,,44.36,38.94,50.15,,,,,,,,,,,,,10.0,4.83,15.13,,,,,,,,,,,,,6.45,1.23,11.77,,,,3.55,-1.62,8.64,,,,,,,,,,,,,,,,,,,,,,,,,,,
2013-12-12,33.78,27.23,39.23,,,,,,,,,,,,,44.33,38.9,50.1,,,,,,,,,,,,,10.0,4.82,15.12,,,,,,,,,,,,,6.44,1.2,11.76,,,,3.56,-1.61,8.69,,,,,,,,,,,,,,,,,,,,,,,,,,,
2013-12-13,33.83,27.23,39.28,,,,,,,,,,,,,44.3,38.85,50.07,,,,,,,,,,,,,10.0,4.8,15.1,,,,,,,,,,,,,6.43,1.18,11.75,,,,3.57,-1.6,8.78,,,,,,,,,,,,,,,,,,,,,,,,,,,
2013-12-14,33.88,27.23,39.33,,,,,,,,,,,,,44.27,38.77,50.07,,,,,,,,,,,,,10.0,4.79,15.16,,,,,,,,,,,,,6.42,1.16,11.75,,,,3.58,-1.6,8.88,,,,,,,,,,,,,,,,,,,,,,,,,,,
2013-12-15,33.94,27.24,39.38,,,,,,,,,,,,,44.24,38.7,50.07,,,,,,,,,,,,,10.0,4.78,15.2,,,,,,,,,,,,,6.41,1.14,11.78,,,,3.59,-1.6,8.95,,,,,,,,,,,,,,,,,,,,,,,,,,,
2013-12-16,33.99,27.34,39.48,,,,,,,,,,,,,44.21,38.62,50.07,,,,,,,,,,,,,10.0,4.73,15.24,,,,,,,,,,,,,6.4,1.13,11.84,,,,3.6,-1.62,9.02,,,,,,,,,,,,,,,,,,,,,,,,,,,
2013-12-17,34.05,27.16,39.9,,,,,,,,,,,,,44.17,38.12,50.9,,,,,,,,,,,,,10.0,4.47,16.34,,,,,,,,,,,,,6.39,0.6,12.96,,,,3.61,-1.72,9.8,,,,,,,,,,,,,,,,,,,,,,,,,,,
2013-12-18,34.1,27.18,39.94,,,,,,,,,,,,,44.14,37.91,50.86,,,,,,,,,,,,,10.0,4.5,16.9,,,,,,,,,,,,,6.38,0.63,12.88,,,,3.62,-1.8,9.75,,,,,,,,,,,,,,,,,,,,,,,,,,,
2013-12-19,34.16,27.18,39.95,,,,,,,,,,,,,44.1,37.93,50.86,,,,,,,,,,,,,10.0,4.49,16.9,,,,,,,,,,,,,6.37,0.67,12.88,,,,3.63,-1.88,9.74,,,,,,,,,,,,,,,,,,,,,,,,,,,
2013-12-20,34.22,27.19,39.97,,,,,,,,,,,,,44.06,37.98,50.85,,,,,,,,,,,,,10.0,4.52,16.9,,,,,,,,,,,,,6.36,0.71,12.89,,,,3.64,-1.97,9.75,,,,,,,,,,,,,,,,,,,,,,,,,,,
2013-12-21,34.28,27.19,40.11,,,,,,,,,,,,,44.02,38.0,50.85,,,,,,,,,,,,,10.01,4.49,16.9,,,,,,,,,,,,,6.35,0.68,12.89,,,,3.65,-2.06,9.84,,,,,,,,,,,,,,,,,,,,,,,,,,,
2013-12-22,34.34,27.19,40.1,,,,,,,,,,,,,43.98,38.01,50.84,,,,,,,,,,,,,10.02,4.46,16.91,,,,,,,,,,,,,6.35,0.76,12.9,,,,3.66,-2.12,9.94,,,,,,,,,,,,,,,,,,,,,,,,,,,
2013-12-23,34.4,27.19,40.09,,,,,,,,,,,,,43.93,37.95,50.83,,,,,,,,,,,,,10.03,4.46,16.92,,,,,,,,,,,,,6.34,0.75,12.91,,,,3.67,-1.95,9.9,,,,,,,,,,,,,,,,,,,,,,,,,,,
2013-12-24,34.46,27.27,40.07,,,,,,,,,,,,,43.88,37.78,50.82,,,,,,,,,,,,,10.05,4.51,16.91,,,,,,,,,,,,,6.34,0.81,12.92,,,,3.68,-1.93,9.89,,,,,,,,,,,,,,,,,,,,,,,,,,,
2013-12-25,34.52,27.44,40.05,,,,,,,,,,,,,43.82,37.84,50.77,,,,,,,,,,,,,10.07,4.47,16.85,,,,,,,,,,,,,6.34,0.76,12.94,,,,3.68,-1.92,9.97,,,,,,,,,,,,,,,,,,,,,,,,,,,
2013-12-26,34.57,27.51,40.04,,,,,,,,,,,,,43.76,37.93,50.66,,,,,,,,,,,,,10.1,4.42,16.77,,,,,,,,,,,,,6.35,0.84,12.96,,,,3.69,-1.97,9.9,,,,,,,,,,,,,,,,,,,,,,,,,,,
2013-12-27,34.63,27.66,40.01,,,,,,,,,,,,,43.7,38.02,50.58,,,,,,,,,,,,,10.13,4.38,16.78,,,,,,,,,,,,,6.36,0.9,13.05,,,,3.69,-2.0,9.84,,,,,,,,,,,,,,,,,,,,,,,,,,,
2013-12-28,34.69,27.99,40.05,,,,,,,,,,,,,43.63,37.98,50.53,,,,,,,,,,,,,10.17,4.48,16.88,,,,,,,,,,,,,6.38,0.84,12.98,,,,3.69,-2.03,9.76,,,,,,,,,,,,,,,,,,,,,,,,,,,
2013-12-29,34.74,27.98,40.08,,,,,,,,,,,,,43.55,37.93,50.54,,,,,,,,,,,,,10.21,4.45,16.96,,,,,,,,,,,,,6.4,0.78,13.05,,,,3.69,-2.06,9.63,,,,,,,,,,,,,,,,,,,,,,,,,,,
2013-12-30,34.79,27.98,40.1,,,,,,,,,,,,,43.47,37.89,50.59,,,,,,,,,,,,,10.26,4.43,16.97,,,,,,,,,,,,,6.42,0.74,13.02,,,,3.69,-2.09,9.39,,,,,,,,,,,,,,,,,,,,,,,,,,,
2013-12-31,34.84,27.94,40.12,,,,,,,,,,,,,43.39,37.8,50.41,,,,,,,,,,,,,10.31,4.42,17.06,,,,,,,,,,,,,6.45,0.7,13.02,,,,3.68,-2.03,9.25,,,,,,,,,,,,,,,,,,,,,,,,,,,
2014-01-01,34.89,27.98,40.12,,,,,,,,,,,,,43.31,37.71,50.19,,,,,,,,,,,,,10.37,4.42,17.14,,,,,,,,,,,,,6.48,0.67,13.02,,,,3.67,-2.05,9.24,,,,,,,,,,,,,,,,,,,,,,,,,,,
2014-01-02,34.93,28.19,40.02,,,,,,,,,,,,,43.22,37.6,49.97,,,,,,,,,,,,,10.44,4.56,17.18,,,,,,,,,,,,,6.51,0.66,13.05,,,,3.66,-2.09,9.24,,,,,,,,,,,,,,,,,,,,,,,,,,,
2014-01-03,34.97,28.34,39.93,,,,,,,,,,,,,43.13,37.51,49.75,,,,,,,,,,,,,10.5,4.62,17.22,,,,,,,,,,,,,6.55,0.65,13.07,,,,3.65,-2.05,9.22,,,,,,,,,,,,,,,,,,,,,,,,,,,
2014-01-04,35.0,28.47,39.94,,,,,,,,,,,,,43.04,37.39,49.53,,,,,,,,,,,,,10.58,4.6,17.25,,,,,,,,,,,,,6.59,0.82,13.1,,,,3.64,-1.96,8.98,,,,,,,,,,,,,,,,,,,,,,,,,,,
2014-01-05,35.03,28.61,39.99,,,,,,,,,,,,,42.96,37.32,49.22,,,,,,,,,,,,,10.65,4.61,17.23,,,,,,,,,,,,,6.64,0.8,13.13,,,,3.62,-1.98,8.67,,,,,,,,,,,,,,,,,,,,,,,,,,,
2014-01-06,35.06,28.59,40.01,,,,,,,,,,,,,42.87,37.19,49.08,,,,,,,,,,,,,10.73,4.7,17.14,,,,,,,,,,,,,6.68,0.73,13.03,,,,3.61,-2.23,8.66,,,,,,,,,,,,,,,,,,,,,,,,,,,
2014-01-07,35.08,28.55,40.07,,,,,,,,,,,,,42.78,37.14,48.96,,,,,,,,,,,,,10.81,4.76,17.06,,,,,,,,,,,,,6.73,0.68,12.91,,,,3.59,-2.25,8.72,,,,,,,,,,,,,,,,,,,,,,,,,,,
2014-01-08,35.1,28.5,40.13,,,,,,,,,,,,,42.69,37.02,48.89,,,,,,,,,,,,,10.89,4.87,17.32,,,,,,,,,,,,,6.78,0.77,12.96,,,,3.57,-2.29,8.68,,,,,,,,,,,,,,,,,,,,,,36.0,43.0,10.0,6.0,4.0,
2014-01-09,35.11,28.29,40.18,,,,,,,,,,,,,42.61,36.95,48.81,,,,,,,,,,,,,10.97,5.06,17.36,,,,,,,,,,,,,6.84,0.92,13.1,,,,3.55,-2.31,8.64,,,,,,,,,,,,,,,,,,,,,,,,,,,
2014-01-10,35.11,28.06,40.22,,,,,,,,,,,,,42.53,36.88,48.74,,,,,,,,,,,,,11.05,5.17,17.51,,,,,,,,,,,,,6.89,1.02,13.29,,,,3.53,-2.19,8.64,,,,,,,,,,,,,,,,,,,,,,,,,,,
2014-01-11,35.11,28.0,40.11,,,,,,,,,,,,,42.45,36.82,48.7,,,,,,,,,,,,,11.13,5.26,17.89,,,,,,,,,,,,,6.94,1.12,13.44,,,,3.51,-2.28,8.65,,,,,,,,,,,,,,,,,,,,,,,,,,,
2014-01-12,35.11,28.0,39.99,,,,,,,,,,,,,42.38,36.77,48.69,,,,,,,,,,,,,11.21,5.41,18.04,,,,,,,,,,,,,7.0,1.17,13.71,,,,3.48,-2.27,8.66,,,,,,,,,,,,,,,,,,,,,,,,,,,
2014-01-13,35.1,28.0,39.89,,,,,,,,,,,,,42.31,36.74,48.69,,,,,,,,,,,,,11.28,5.54,17.98,,,,,,,,,,,,,7.05,1.18,13.74,,,,3.46,-2.21,8.66,,,,,,,,,,,,,,,,,,,,,,,,,,,
2014-01-14,35.09,27.99,39.89,,,,,,,,,,,,,42.24,36.65,48.69,,,,,,,,,,,,,11.36,5.66,17.92,,,,,,,,,,,,,7.1,1.19,13.66,,,,3.44,-2.17,8.69,,,,,,,,,,,,,,,,,,,,,,,,,,,
2014-01-15,35.07,27.99,39.89,,,,,,,,,,,,,42.19,36.62,48.61,,,,,,,,,,,,,11.43,5.63,17.99,,,,,,,,,,,,,7.16,1.25,13.58,,,,3.42,-2.45,8.68,,,,,,,,,,,,,,,,,,,,,,,,,,,
2014-01-16,35.05,27.86,39.89,,,,,,,,,,,,,42.13,36.56,48.41,,,,,,,,,,,,,11.5,5.59,18.15,,,,,,,,,,,,,7.21,1.33,13.5,,,,3.39,-2.46,8.67,,,,,,,,,,,,,,,,,,,,,,,,,,,
2014-01-17,35.03,27.62,39.93,,,,,,,,,,,,,42.08,36.53,48.25,,,,,,,,,,,,,11.56,5.56,18.28,,,,,,,,,,,,,7.26,1.42,13.45,,,,3.37,-2.47,8.67,,,,,,,,,,,,,,,,,,,,,,,,,,,
2014-01-18,35.01,27.46,39.94,,,,,,,,,,,,,42.04,36.51,48.22,,,,,,,,,,,,,11.63,5.54,18.36,,,,,,,,,,,,,7.3,1.5,13.47,,,,3.35,-2.48,8.66,,,,,,,,,,,,,,,,,,,,,,,,,,,
2014-01-19,34.98,27.37,39.95,,,,,,,,,,,,,41.99,36.49,48.21,,,,,,,,,,,,,11.69,5.52,18.42,,,,,,,,,,,,,7.35,1.51,13.49,,,,3.32,-2.49,8.66,,,,,,,,,,,,,,,,,,,,,,,,,,,
2014-01-20,34.95,27.37,39.96,,,,,,,,,,,,,41.96,36.48,48.21,,,,,,,,,,,,,11.74,5.51,18.46,,,,,,,,,,,,,7.4,1.51,13.51,,,,3.3,-2.5,8.65,,,,,,,,,,,,,,,,,,,,,,,,,,,
2014-01-21,34.92,27.37,39.96,,,,,,,,,,,,,41.92,36.48,48.21,,,,,,,,,,,,,11.8,5.5,18.48,,,,,,,,,,,,,7.44,1.5,13.53,,,,3.28,-2.5,8.64,,,,,,,,,,,,,,,,,,,,,,,,,,,
2014-01-22,34.89,27.37,39.96,,,,,,,,,,,,,41.89,36.48,48.21,,,,,,,,,,,,,11.85,5.5,18.48,,,,,,,,,,,,,7.48,1.51,13.55,,,,3.26,-2.5,8.63,,,,,,,,,,,,,,,,,,,,,,,,,,,
2014-01-23,34.86,29.04,40.15,,,,,,,,,,,,,41.86,36.04,47.15,,,,,,,,,,,,,11.9,5.3,18.66,,,,,,,,,,,,,7.52,1.3,13.91,,,,3.24,-2.52,8.43,,,,,,,,,,,,,,,,,,,,,,,,,,,
2014-01-24,34.83,30.0,39.64,,,,,,,,,,,,,41.83,37.0,46.64,,,,,,,,,,,,,11.95,6.54,17.58,,,,,,,,,,,,,7.56,2.25,13.03,,,,3.22,-1.94,7.97,,,,,,,,,,,,,,,,,,,,,,,,,,,
2014-01-25,34.8,30.05,39.65,,,,,,,,,,,,,41.8,37.05,46.65,,,,,,,,,,,,,12.0,6.58,17.63,,,,,,,,,,,,,7.6,2.28,13.06,,,,3.2,-1.94,8.0,,,,,,,,,,,,,,,,,,,,,,,,,,,
2014-01-26,34.77,30.06,39.65,,,,,,,,,,,,,41.77,37.06,46.65,,,,,,,,,,,,,12.05,6.63,17.67,,,,,,,,,,,,,7.64,2.3,13.08,,,,3.18,-1.94,8.01,,,,,,,,,,,,,,,,,,,,,,,,,,,
2014-01-27,34.74,30.06,39.64,,,,,,,,,,,,,41.74,37.06,46.64,,,,,,,,,,,,,12.09,6.64,17.71,,,,,,,,,,,,,7.67,2.31,13.11,,,,3.16,-1.94,8.03,,,,,,,,,,,,,,,,,,,,,,,,,,,
2014-01-28,34.72,30.06,39.6,,,,,,,,,,,,,41.72,37.06,46.6,,,,,,,,,,,,,12.14,6.63,17.76,,,,,,,,,,,,,7.71,2.34,13.13,,,,3.15,-1.94,8.03,,,,,,,,,,,,,,,,,,,,,,,,,,,
2014-01-29,34.69,30.06,39.55,,,,,,,,,,,,,41.69,37.06,46.55,,,,,,,,,,,,,12.18,6.63,17.8,,,,,,,,,,,,,7.74,2.35,13.14,,,,3.13,-1.94,7.99,,,,,,,,,,,,,,,,,,,,,,,,,,,
2014-01-30,34.67,29.96,39.52,,,,,,,,,,,,,41.67,36.96,46.52,,,,,,,,,,,,,12.22,6.62,17.84,,,,,,,,,,,,,7.78,2.37,13.16,,,,3.11,-1.94,7.93,,,,,,,,,,,,,,,,,,,,,,,,,,,
2014-01-31,34.64,29.87,39.53,,,,,,,,,,,,,41.64,36.87,46.53,,,,,,,,,,,,,12.26,6.61,17.87,,,,,,,,,,,,,7.81,2.39,13.17,,,,3.09,-1.94,7.87,,,,,,,,,,,,,,,,,,,,,,,,,,,
2014-02-01,34.62,29.79,39.53,,,,,,,,,,,,,41.62,36.79,46.53,,,,,,,,,,,,,12.3,6.6,17.9,,,,,,,,,,,,,7.84,2.39,13.18,,,,3.08,-1.94,7.88,,,,,,,,,,,,,,,,,,,,,,,,,,,
2014-02-02,34.59,29.7,39.53,,,,,,,,,,,,,41.59,36.7,46.53,,,,,,,,,,,,,12.34,6.6,17.93,,,,,,,,,,,,,7.87,2.41,13.2,,,,3.06,-1.94,7.92,,,,,,,,,,,,,,,,,,,,,,,,,,,
2014-02-03,34.57,28.42,39.77,,,,,,,,,,,,,41.57,35.42,46.77,,,,,,,,,,,,,12.38,4.54,18.18,,,,,,,,,,,,,7.91,0.54,13.47,,,,3.05,-2.66,8.08,,,,,,,,,,,,,,,,,,,,,,,,,,,
2014-02-04,34.55,28.62,39.72,,,,,,,,,,,,,41.55,35.27,46.72,,,,,,,,,,,,,12.42,4.79,18.15,,,,,,,,,,,,,7.94,0.79,13.85,,,,3.03,-2.57,8.16,,,,,,,,,,,,,,,,,,,,,,,,,,,
2014-02-05,34.52,28.62,39.72,,,,,,,,,,,,,41.52,35.27,46.72,,,,,,,,,,,,,12.46,4.79,18.15,,,,,,,,,,,,,7.97,0.79,13.85,,,,3.02,-2.57,8.16,,,,,,,,,,,,,,,,,,,,,,,,,,,
2014-02-06,34.5,28.64,39.72,,,,,,,,,,,,,41.5,35.27,46.72,,,,,,,,,,,,,12.5,4.8,18.15,,,,,,,,,,,,,8.0,0.8,13.86,,,,3.0,-2.58,8.17,,,,,,,,,,,,,,,,,,,,,,,,,,,
2014-02-07,34.48,28.67,39.72,,,,,,,,,,,,,41.47,35.27,46.71,,,,,,,,,,,,,12.53,4.8,18.15,,,,,,,,,,,,,8.04,0.82,13.87,,,,2.99,-2.58,8.17,,,,,,,,,,,,,,,,,,,,,,,,,,,
2014-02-08,34.45,28.68,39.71,,,,,,,,,,,,,41.44,35.27,46.7,,,,,,,,,,,,,12.57,4.83,18.14,,,,,,,,,,,,,8.07,0.85,13.87,,,,2.98,-2.58,8.18,,,,,,,,,,,,,,,,,,,,,,,,,,,
2014-02-09,34.43,28.68,39.7,,,,,,,,,,,,,41.41,35.27,46.68,,,,,,,,,,,,,12.6,4.85,18.18,,,,,,,,,,,,,8.11,0.9,13.86,,,,2.96,-2.58,8.19,,,,,,,,,,,,,,,,,,,,,,,,,,,
2014-02-10,34.4,28.68,39.69,,,,,,,,,,,,,41.38,35.27,46.66,,,,,,,,,,,,,12.64,4.88,18.19,,,,,,,,,,,,,8.15,0.96,13.85,,,,2.95,-2.59,8.21,,,,,,,,,,,,,,,,,,,,,,,,,,,
2014-02-11,34.38,28.67,39.71,,,,,,,,,,,,,41.34,35.27,46.66,,,,,,,,,,,,,12.67,4.92,18.17,,,,,,,,,,,,,8.19,1.04,13.84,,,,2.95,-2.61,8.22,,,,,,,,,,,,,,,,,,,,,,,,,,,
2014-02-12,34.35,28.61,39.71,,,,,,,,,,,,,41.3,35.27,46.62,,,,,,,,,,,,,12.69,4.97,18.16,,,,,,,,,,,,,8.23,1.08,13.85,,,,2.94,-2.61,8.21,,,,,,,,,,,,,,,,,,,,,,,,,,,
2014-02-13,34.33,28.55,39.66,,,,,,,,,,,,,41.26,35.27,46.54,,,,,,,,,,,,,12.72,5.03,18.17,,,,,,,,,,,,,8.28,1.11,13.88,,,,2.93,-2.62,8.21,,,,,,,,,,,,,,,,,,,,,,,,,,,
2014-02-14,34.3,28.51,39.57,,,,,,,,,,,,,41.22,35.27,46.42,,,,,,,,,,,,,12.75,5.08,18.18,,,,,,,,,,,,,8.33,1.16,13.91,,,,2.93,-2.64,8.19,,,,,,,,,,,,,,,,,,,,,,,,,,,
2014-02-15,34.27,28.48,39.48,,,,,,,,,,,,,41.17,35.27,46.39,,,,,,,,,,,,,12.77,5.11,18.16,,,,,,,,,,,,,8.38,1.28,13.96,,,,2.93,-2.67,8.16,,,,,,,,,,,,,,,,,,,,,,,,,,,
2014-02-16,34.25,28.49,39.47,,,,,,,,,,,,,41.12,35.27,46.35,,,,,,,,,,,,,12.79,5.15,18.14,,,,,,,,,,,,,8.44,1.49,14.03,,,,2.93,-2.69,8.17,,,,,,,,,,,,,,,,,,,,,,,,,,,
2014-02-17,34.22,28.55,39.45,,,,,,,,,,,,,41.07,35.27,46.31,,,,,,,,,,,,,12.81,5.21,18.11,,,,,,,,,,,,,8.49,1.6,14.09,,,,2.93,-2.72,8.17,,,,,,,,,,,,,,,,,,,,,,,,,,,
2014-02-18,34.19,28.6,39.43,,,,,,,,,,,,,41.01,35.27,46.25,,,,,,,,,,,,,12.83,5.35,18.11,,,,,,,,,,,,,8.55,1.87,14.13,,,,2.93,-2.73,8.17,,,,,,,,,,,,,,,,,,,,,,,,,,,
2014-02-19,34.16,28.62,39.4,,,,,,,,,,,,,40.96,35.26,46.14,,,,,,,,,,,,,12.84,5.55,18.1,,,,,,,,,,,,,8.61,2.13,14.09,,,,2.93,-2.74,8.17,,,,,,,,,,,,,,,,,,,,,,,,,,,
2014-02-20,34.13,28.53,39.35,,,,,,,,,,,,,40.9,35.22,46.02,,,,,,,,,,,,,12.85,5.75,18.0,,,,,,,,,,,,,8.67,2.31,14.12,,,,2.94,-2.75,8.17,,,,,,,,,,,,,,,,,,,,,,,,,,,
2014-02-21,34.1,28.44,39.29,,,,,,,,,,,,,40.83,35.2,45.86,,,,,,,,,,,,,12.87,5.82,17.89,,,,,,,,,,,,,8.74,2.3,14.16,,,,2.94,-2.83,8.17,,,,,,,,,,,,,,,,,,,,,,,,,,,
2014-02-22,34.07,28.33,39.2,,,,,,,,,,,,,40.77,35.19,45.75,,,,,,,,,,,,,12.88,5.97,17.9,,,,,,,,,,,,,8.81,2.29,14.09,,,,2.95,-2.9,8.18,,,,,,,,,,,,,,,,,,,,,,,,,,,
2014-02-23,34.04,28.26,39.09,,,,,,,,,,,,,40.7,35.18,45.62,,,,,,,,,,,,,12.89,6.16,17.84,,,,,,,,,,,,,8.87,2.28,14.03,,,,2.96,-2.92,8.18,,,,,,,,,,,,,,,,,,,,,,,,,,,
2014-02-24,34.01,28.24,38.98,,,,,,,,,,,,,40.64,35.17,45.47,,,,,,,,,,,,,12.89,6.3,17.77,,,,,,,,,,,,,8.94,2.27,13.95,,,,2.97,-2.94,8.18,,,,,,,,,,,,,,,,,,,,,,,,,,,
2014-02-25,33.98,28.27,38.92,,,,,,,,,,,,,40.57,35.13,45.44,,,,,,,,,,,,,12.9,6.36,17.83,,,,,,,,,,,,,9.01,2.27,13.87,,,,2.98,-2.76,8.16,,,,,,,,,,,,,,,,,,,,,,,,,,,
2014-02-26,33.95,28.24,38.94,,,,,,,,,,,,,40.5,35.03,45.43,,,,,,,,,,,,,12.91,6.36,17.87,,,,,,,,,,,,,9.08,2.25,13.81,,,,2.99,-2.76,8.17,,,,,,,,,,,,,,,,,,,,,,,,,,,
2014-02-27,33.92,28.23,38.95,,,,,,,,,,,,,40.43,34.97,45.39,,,,,,,,,,,,,12.91,6.25,17.72,,,,,,,,,,,,,9.16,2.3,13.9,,,,3.0,-2.75,8.17,,,,,,,,,,,,,,,,,,,,,,,,,,,
2014-02-28,33.89,28.23,38.93,,,,,,,,,,,,,40.35,35.03,45.31,,,,,,,,,,,,,12.91,6.18,17.57,,,,,,,,,,,,,9.23,2.55,13.99,,,,3.01,-2.75,8.18,,,,,,,,,,,,,,,,,,,,,,,,,,,
2014-03-01,33.86,28.23,38.78,,,,,,,,,,,,,40.28,34.97,45.23,,,,,,,,,,,,,12.92,6.12,17.63,,,,,,,,,,,,,9.3,2.63,14.09,,,,3.03,-2.75,8.17,,,,,,,,,,,,,,,,,,,,,,,,,,,
2014-03-02,33.83,28.23,38.77,,,,,,,,,,,,,40.21,34.94,45.12,,,,,,,,,,,,,12.92,6.08,17.66,,,,,,,,,,,,,9.38,2.6,14.17,,,,3.04,-2.81,8.11,,,,,,,,,,,,,,,,,,,,,,,,,,,
2014-03-03,33.8,28.23,38.72,,,,,,,,,,,,,40.14,34.9,45.05,,,,,,,,,,,,,12.92,5.99,17.71,,,,,,,,,,,,,9.45,2.6,14.29,,,,3.06,-2.82,8.01,,,,,,,,,,,,,,,,,,,,,,,,,,,
2014-03-04,33.78,28.2,38.73,,,,,,,,,,,,,40.06,34.86,44.99,,,,,,,,,,,,,12.92,6.06,17.92,,,,,,,,,,,,,9.52,2.68,14.28,,,,3.07,-2.84,8.09,,,,,,,,,,,,,,,,,,,,,,,,,,,
2014-03-05,33.75,28.08,38.69,,,,,,,,,,,,,39.99,34.82,44.76,,,,,,,,,,,,,12.91,6.0,17.95,,,,,,,,,,,,,9.59,2.8,14.27,,,,3.09,-2.98,8.17,,,,,,,,,,,,,,,,,,,,,,,,,,,
2014-03-06,33.72,28.03,38.61,,,,,,,,,,,,,39.92,34.61,44.63,,,,,,,,,,,,,12.91,5.94,17.82,,,,,,,,,,,,,9.66,2.8,14.36,,,,3.1,-3.19,8.17,,,,,,,,,,,,,,,,,,,,,,,,,,,
2014-03-07,33.69,27.88,38.42,,,,,,,,,,,,,39.85,34.45,44.52,,,,,,,,,,,,,12.91,5.87,17.89,,,,,,,,,,,,,9.73,2.81,14.44,,,,3.12,-3.33,8.14,,,,,,,,,,,,,,,,,,,,,,33.0,40.0,15.0,10.0,2.0,
2014-03-08,33.67,27.64,38.35,,,,,,,,,,,,,39.79,34.24,44.46,,,,,,,,,,,,,12.9,5.81,17.98,,,,,,,,,,,,,9.8,2.84,14.44,,,,3.13,-3.29,8.16,,,,,,,,,,,,,,,,,,,,,,,,,,,
2014-03-09,33.64,27.41,38.31,,,,,,,,,,,,,39.72,34.02,44.36,,,,,,,,,,,,,12.9,5.75,18.05,,,,,,,,,,,,,9.86,2.82,14.64,,,,3.15,-3.18,8.2,,,,,,,,,,,,,,,,,,,,,,,,,,,
2014-03-10,33.62,27.45,38.4,,,,,,,,,,,,,39.66,33.81,44.19,,,,,,,,,,,,,12.89,5.7,18.11,,,,,,,,,,,,,9.92,2.83,14.8,,,,3.16,-3.08,8.25,,,,,,,,,,,,,,,,,,,,,,,,,,,
2014-03-11,33.6,27.51,38.45,,,,,,,,,,,,,39.6,33.64,44.12,,,,,,,,,,,,,12.89,5.67,18.14,,,,,,,,,,,,,9.98,2.82,14.82,,,,3.18,-2.98,8.34,,,,,,,,,,,,,,,,,,,,,,,,,,,
2014-03-12,33.58,27.57,38.44,,,,,,,,,,,,,39.54,33.58,44.06,,,,,,,,,,,,,12.88,5.58,18.16,,,,,,,,,,,,,10.04,2.79,14.82,,,,3.2,-2.88,8.42,,,,,,,,,,,,,,,,,,,,,,,,,,,
2014-03-13,33.56,27.63,38.52,,,,,,,,,,,,,39.48,33.36,43.98,,,,,,,,,,,,,12.87,5.44,18.18,,,,,,,,,,,,,10.09,2.78,14.89,,,,3.21,-2.85,8.43,,,,,,,,,,,,,,,,,,,,,,,,,,,
2014-03-14,33.54,27.68,38.56,,,,,,,,,,,,,39.43,33.18,43.97,,,,,,,,,,,,,12.86,5.32,18.32,,,,,,,,,,,,,10.14,2.78,14.99,,,,3.23,-2.84,8.45,,,,,,,,,,,,,,,,,,,,,,,,,,,
2014-03-15,33.53,27.74,38.49,,,,,,,,,,,,,39.38,33.02,43.94,,,,,,,,,,,,,12.85,5.2,18.45,,,,,,,,,,,,,10.19,2.78,15.21,,,,3.24,-2.83,8.49,,,,,,,,,,,,,,,,,,,,,,,,,,,
2014-03-16,33.51,27.7,38.41,,,,,,,,,,,,,39.33,32.85,43.92,,,,,,,,,,,,,12.83,5.15,18.52,,,,,,,,,,,,,10.23,2.78,15.27,,,,3.26,-2.82,8.52,,,,,,,,,,,,,,,,,,,,,,,,,,,
2014-03-17,33.5,27.61,38.41,,,,,,,,,,,,,39.29,32.69,43.9,,,,,,,,,,,,,12.82,5.15,18.55,,,,,,,,,,,,,10.27,2.78,15.34,,,,3.28,-2.81,8.54,,,,,,,,,,,,,,,,,,,,,,,,,,,
2014-03-18,33.49,27.52,38.43,,,,,,,,,,,,,39.25,32.56,43.91,,,,,,,,,,,,,12.8,5.15,18.55,,,,,,,,,,,,,10.31,2.78,15.39,,,,3.29,-2.81,8.62,,,,,,,,,,,,,,,,,,,,,,,,,,,
2014-03-19,33.48,27.45,38.45,,,,,,,,,,,,,39.22,32.47,43.96,,,,,,,,,,,,,12.79,5.15,18.57,,,,,,,,,,,,,10.34,2.78,15.42,,,,3.31,-2.79,8.67,,,,,,,,,,,,,,,,,,,,,,,,,,,
2014-03-20,33.48,27.39,38.47,,,,,,,,,,,,,39.18,32.38,44.01,,,,,,,,,,,,,12.77,5.15,18.57,,,,,,,,,,,,,10.37,2.78,15.45,,,,3.32,-2.79,8.73,,,,,,,,,,,,,,,,,,,,,,,,,,,
2014-03-21,33.47,27.35,38.48,,,,,,,,,,,,,39.15,32.31,44.07,,,,,,,,,,,,,12.75,5.15,18.64,,,,,,,,,,,,,10.39,2.78,15.47,,,,3.34,-2.78,8.74,,,,,,,,,,,,,,,,,,,,,,,,,,,
2014-03-22,33.47,27.34,38.5,,,,,,,,,,,,,39.13,32.26,44.12,,,,,,,,,,,,,12.73,5.15,18.71,,,,,,,,,,,,,10.42,2.78,15.49,,,,3.36,-2.77,8.75,,,,,,,,,,,,,,,,,,,,,,,,,,,
2014-03-23,33.47,27.33,38.51,,,,,,,,,,,,,39.11,32.23,44.16,,,,,,,,,,,,,12.7,5.15,18.78,,,,,,,,,,,,,10.43,2.78,15.5,,,,3.37,-2.76,8.76,,,,,,,,,,,,,,,,,,,,,,,,,,,
2014-03-24,33.47,27.32,38.52,,,,,,,,,,,,,39.09,32.21,44.2,,,,,,,,,,,,,12.68,5.15,18.81,,,,,,,,,,,,,10.45,2.78,15.52,,,,3.39,-2.75,8.77,,,,,,,,,,,,,,,,,,,,,,,,,,,
2014-03-25,33.47,27.31,38.53,,,,,,,,,,,,,39.07,32.19,44.21,,,,,,,,,,,,,12.66,5.14,18.81,,,,,,,,,,,,,10.46,2.78,15.53,,,,3.4,-2.78,8.77,,,,,,,,,,,,,,,,,,,,,,,,,,,
2014-03-26,33.48,27.31,38.53,,,,,,,,,,,,,39.06,32.19,44.23,,,,,,,,,,,,,12.63,5.14,18.8,,,,,,,,,,,,,10.47,2.78,15.53,,,,3.42,-2.78,8.76,,,,,,,,,,,,,,,,,,,,,,,,,,,
2014-03-27,33.48,27.31,38.53,,,,,,,,,,,,,39.04,32.19,44.24,,,,,,,,,,,,,12.6,5.14,18.79,,,,,,,,,,,,,10.48,2.78,15.53,,,,3.44,-2.77,8.76,,,,,,,,,,,,,,,,,,,,,,,,,,,
2014-03-28,33.48,27.31,38.53,,,,,,,,,,,,,39.03,32.19,44.24,,,,,,,,,,,,,12.58,5.13,18.76,,,,,,,,,,,,,10.48,2.78,15.53,,,,3.45,-2.76,8.76,,,,,,,,,,,,,,,,,,,,,,,,,,,
2014-03-29,33.49,27.23,38.77,,,,,,,,,,,,,39.02,32.08,44.32,,,,,,,,,,,,,12.55,5.15,18.83,,,,,,,,,,,,,10.49,4.23,15.77,,,,3.47,-2.77,8.77,,,,,,,,,,,,,,,,,,,,,,,,,,,
2014-03-30,33.49,28.21,38.03,,,,,,,,,,,,,39.01,33.72,43.6,,,,,,,,,,,,,12.53,6.33,18.26,,,,,,,,,,,,,10.49,5.21,15.03,,,,3.48,-2.52,8.17,,,,,,,,,,,,,,,,,,,,,,,,,,,
2014-03-31,33.5,28.21,38.04,,,,,,,,,,,,,39.0,33.68,43.6,,,,,,,,,,,,,12.5,6.33,18.26,,,,,,,,,,,,,10.5,5.21,15.04,,,,3.5,-2.54,8.17,,,,,,,,,,,,,,,,,,,,,,,,,,,
2014-04-01,33.51,28.2,38.05,,,,,,,,,,,,,38.99,33.65,43.6,,,,,,,,,,,,,12.47,6.33,18.26,,,,,,,,,,,,,10.51,5.2,15.04,,,,3.52,-2.54,8.16,,,,,,,,,,,,,,,,,,,,,,,,,,,
2014-04-02,33.51,28.2,38.05,,,,,,,,,,,,,38.98,33.6,43.59,,,,,,,,,,,,,12.45,6.33,18.26,,,,,,,,,,,,,10.51,5.2,15.05,,,,3.53,-2.56,8.16,,,,,,,,,,,,,,,,,,,,,,,,,,,
2014-04-03,33.52,28.2,38.06,,,,,,,,,,,,,38.97,33.57,43.59,,,,,,,,,,,,,12.42,6.33,18.26,,,,,,,,,,,,,10.52,5.2,15.06,,,,3.55,-2.57,8.16,,,,,,,,,,,,,,,,,,,,,,,,,,,
2014-04-04,33.52,28.2,38.05,,,,,,,,,,,,,38.96,33.53,43.58,,,,,,,,,,,,,12.39,6.33,18.25,,,,,,,,,,,,,10.52,5.2,15.05,,,,3.56,-2.57,8.16,,,,,,,,,,,,,,,,,,,,,,,,,,,
2014-04-05,33.53,28.19,38.05,,,,,,,,,,,,,38.95,33.49,43.58,,,,,,,,,,,,,12.37,6.33,18.25,,,,,,,,,,,,,10.53,5.19,15.04,,,,3.58,-2.55,8.16,,,,,,,,,,,,,,,,,,,,,,,,,,,
2014-04-06,33.53,28.19,38.03,,,,,,,,,,,,,38.94,33.45,43.57,,,,,,,,,,,,,12.34,6.33,18.24,,,,,,,,,,,,,10.53,5.19,15.03,,,,3.6,-2.53,8.16,,,,,,,,,,,,,,,,,,,,,,,,,,,
2014-04-07,33.54,28.19,38.02,,,,,,,,,,,,,38.92,33.41,43.57,,,,,,,,,,,,,12.31,6.33,18.24,,,,,,,,,,,,,10.54,5.19,15.02,,,,3.61,-2.51,8.16,,,,,,,,,,,,,,,,,,,,,,,,,,,
2014-04-08,33.54,28.16,38.0,,,,,,,,,,,,,38.91,33.36,43.56,,,,,,,,,,,,,12.28,6.33,18.24,,,,,,,,,,,,,10.54,5.17,15.0,,,,3.63,-2.49,8.16,,,,,,,,,,,,,,,,,,,,,,,,,,,
2014-04-09,33.55,28.14,37.99,,,,,,,,,,,,,38.9,33.31,43.56,,,,,,,,,,,,,12.25,6.33,18.23,,,,,,,,,,,,,10.55,5.14,14.99,,,,3.65,-2.46,8.17,,,,,,,,,,,,,,,,,,,,,,,,,,,
2014-04-10,33.56,28.12,37.98,,,,,,,,,,,,,38.89,33.27,43.56,,,,,,,,,,,,,12.22,6.33,18.19,,,,,,,,,,,,,10.56,5.12,14.98,,,,3.67,-2.44,8.17,,,,,,,,,,,,,,,,,,,,,,,,,,,
2014-04-11,33.56,28.09,37.96,,,,,,,,,,,,,38.88,33.23,43.55,,,,,,,,,,,,,12.19,6.33,18.15,,,,,,,,,,,,,10.56,5.09,14.96,,,,3.69,-2.41,8.17,,,,,,,,,,,,,,,,,,,,,,,,,,,
2014-04-12,33.57,28.05,37.95,,,,,,,,,,,,,38.86,33.17,43.55,,,,,,,,,,,,,12.16,6.33,18.12,,,,,,,,,,,,,10.57,5.05,14.95,,,,3.71,-2.39,8.17,,,,,,,,,,,,,,,,,,,,,,,,,,,
2014-04-13,33.58,27.99,37.95,,,,,,,,,,,,,38.85,33.12,43.55,,,,,,,,,,,,,12.12,6.33,18.12,,,,,,,,,,,,,10.58,4.99,14.95,,,,3.73,-2.36,8.18,,,,,,,,,,,,,,,,,,,,,,,,,,,
2014-04-14,33.58,27.94,37.96,,,,,,,,,,,,,38.83,33.05,43.54,,,,,,,,,,,,,12.09,6.33,18.12,,,,,,,,,,,,,10.58,4.94,14.96,,,,3.75,-2.33,8.18,,,,,,,,,,,,,,,,,,,,,,,,,,,
2014-04-15,33.59,27.88,37.96,,,,,,,,,,,,,38.82,33.0,43.54,,,,,,,,,,,,,12.05,6.33,18.12,,,,,,,,,,,,,10.59,4.88,14.96,,,,3.77,-2.31,8.18,,,,,,,,,,,,,,,,,,,,,,,,,,,
2014-04-16,33.6,27.82,37.96,,,,,,,,,,,,,38.8,32.94,43.53,,,,,,,,,,,,,12.01,6.28,18.12,,,,,,,,,,,,,10.6,4.82,14.96,,,,3.79,-2.27,8.19,,,,,,,,,,,,,,,,,,,,,,,,,,,
2014-04-17,33.61,27.76,37.96,,,,,,,,,,,,,38.79,32.86,43.53,,,,,,,,,,,,,11.97,6.27,18.12,,,,,,,,,,,,,10.61,4.76,14.96,,,,3.82,-2.24,8.19,,,,,,,,,,,,,,,,,,,,,,,,,,,
2014-04-18,33.61,27.69,37.96,,,,,,,,,,,,,38.77,32.79,43.52,,,,,,,,,,,,,11.93,6.26,18.12,,,,,,,,,,,,,10.61,4.69,14.96,,,,3.84,-2.21,8.19,,,,,,,,,,,,,,,,,,,,,,,,,,,
2014-04-19,33.62,27.62,37.96,,,,,,,,,,,,,38.75,32.72,43.52,,,,,,,,,,,,,11.88,6.19,18.12,,,,,,,,,,,,,10.62,4.62,14.96,,,,3.87,-2.18,8.2,,,,,,,,,,,,,,,,,,,,,,,,,,,
2014-04-20,33.63,27.55,37.97,,,,,,,,,,,,,38.73,32.64,43.51,,,,,,,,,,,,,11.83,6.09,18.12,,,,,,,,,,,,,10.63,4.55,14.97,,,,3.9,-2.22,8.2,,,,,,,,,,,,,,,,,,,,,,,,,,,
2014-04-21,33.64,27.48,37.97,,,,,,,,,,,,,38.71,32.55,43.51,,,,,,,,,,,,,11.79,6.0,18.12,,,,,,,,,,,,,10.64,4.48,14.97,,,,3.93,-2.27,8.2,,,,,,,,,,,,,,,,,,,,,,,,,,,
2014-04-22,33.65,27.42,37.97,,,,,,,,,,,,,38.69,32.46,43.5,,,,,,,,,,,,,11.73,5.9,18.12,,,,,,,,,,,,,10.65,4.42,14.97,,,,3.96,-2.33,8.2,,,,,,,,,,,,,,,,,,,,,,,,,,,
2014-04-23,33.66,27.44,38.03,,,,,,,,,,,,,38.67,32.36,43.5,,,,,,,,,,,,,11.68,5.76,18.12,,,,,,,,,,,,,10.66,4.44,15.03,,,,3.99,-2.4,8.2,,,,,,,,,,,,,,,,,,,,,,,,,,,
2014-04-24,33.67,27.47,38.13,,,,,,,,,,,,,38.65,32.25,43.51,,,,,,,,,,,,,11.63,5.54,18.12,,,,,,,,,,,,,10.67,4.47,15.13,,,,4.02,-2.46,8.2,,,,,,,,,,,,,,,,,,,,,,34.0,38.0,10.0,11.0,5.0,
2014-04-25,33.69,27.44,38.24,,,,,,,,,,,,,38.63,32.24,43.55,,,,,,,,,,,,,11.57,5.3,18.12,,,,,,,,,,,,,10.69,4.44,15.24,,,,4.06,-2.53,8.29,,,,,,,,,,,,,,,,,,,,,,,,,,,
2014-04-26,33.7,27.35,38.34,,,,,,,,,,,,,38.6,32.17,43.61,,,,,,,,,,,,,11.51,5.05,18.12,,,,,,,,,,,,,10.7,4.35,15.34,,,,4.1,-2.59,8.43,,,,,,,,,,,,,,,,,,,,,,,,,,,
2014-04-27,33.71,27.33,38.39,,,,,,,,,,,,,38.58,32.06,43.68,,,,,,,,,,,,,11.45,4.8,18.12,,,,,,,,,,,,,10.71,4.33,15.39,,,,4.13,-2.67,8.53,,,,,,,,,,,,,,,,,,,,,,,,,,,
2014-04-28,33.72,27.31,38.43,,,,,,,,,,,,,38.55,32.04,43.74,,,,,,,,,,,,,11.38,4.55,18.12,,,,,,,,,,,,,10.72,4.31,15.42,,,,4.17,-2.72,8.57,,,,,,,,,,,,,,,,,,,,,,,,,,,
2014-04-29,33.74,27.29,38.49,,,,,,,,,,,,,38.53,32.03,43.8,,,,,,,,,,,,,11.32,4.52,18.12,,,,,,,,,,,,,10.74,4.29,15.49,,,,4.21,-2.83,8.71,,,,,,,,,,,,,,,,,,,,,,,,,,,
2014-04-30,33.75,27.28,38.53,,,,,,,,,,,,,38.5,32.02,43.88,,,,,,,,,,,,,11.25,4.5,18.12,,,,,,,,,,,,,10.75,4.28,15.53,,,,4.25,-2.93,8.79,,,,,,,,,,,,,,,,,,,,,,,,,,,
2014-05-01,33.76,27.27,38.56,,,,,,,,,,,,,38.47,32.0,43.95,,,,,,,,,,,,,11.18,4.46,18.12,,,,,,,,,,,,,10.76,4.27,15.56,,,,4.29,-3.03,8.8,,,,,,,,,,,,,,,,,,,,,,,,,,,
2014-05-02,33.78,27.26,38.6,,,,,,,,,,,,,38.44,32.01,44.03,,,,,,,,,,,,,11.11,4.44,18.12,,,,,,,,,,,,,10.78,4.26,15.6,,,,4.34,-3.13,8.91,,,,,,,,,,,,,,,,,,,,,,,,,,,
2014-05-03,33.79,27.25,38.64,,,,,,,,,,,,,38.41,31.94,44.11,,,,,,,,,,,,,11.04,4.42,18.12,,,,,,,,,,,,,10.79,4.25,15.64,,,,4.38,-3.24,8.94,,,,,,,,,,,,,,,,,,,,,,,,,,,
2014-05-04,33.81,27.21,38.69,,,,,,,,,,,,,38.39,31.86,44.19,,,,,,,,,,,,,10.96,4.4,18.12,,,,,,,,,,,,,10.81,4.21,15.69,,,,4.42,-3.32,8.95,,,,,,,,,,,,,,,,,,,,,,,,,,,
2014-05-05,33.82,27.16,38.73,,,,,,,,,,,,,38.36,31.78,44.28,,,,,,,,,,,,,10.89,4.35,18.12,,,,,,,,,,,,,10.82,4.16,15.73,,,,4.47,-3.42,8.99,,,,,,,,,,,,,,,,,,,,,,,,,,,
2014-05-06,33.84,27.1,38.83,,,,,,,,,,,,,38.33,31.69,44.37,,,,,,,,,,,,,10.82,4.25,18.12,,,,,,,,,,,,,10.84,4.1,15.83,,,,4.51,-3.5,9.09,,,,,,,,,,,,,,,,,,,,,,,,,,,
2014-05-07,33.85,27.04,38.93,,,,,,,,,,,,,38.3,31.61,44.46,,,,,,,,,,,,,10.74,4.23,18.12,,,,,,,,,,,,,10.85,4.04,15.93,,,,4.55,-3.59,9.18,,,,,,,,,,,,,,,,,,,,,,,,,,,
2014-05-08,33.87,27.0,39.02,,,,,,,,,,,,,38.27,31.53,44.56,,,,,,,,,,,,,10.67,4.22,18.12,,,,,,,,,,,,,10.87,4.0,16.02,,,,4.6,-3.64,9.27,,,,,,,,,,,,,,,,,,,,,,,,,,,
2014-05-09,33.88,26.94,39.11,,,,,,,,,,,,,38.24,31.45,44.64,,,,,,,,,,,,,10.6,4.21,18.12,,,,,,,,,,,,,10.88,3.94,16.11,,,,4.64,-3.65,9.37,,,,,,,,,,,,,,,,,,,,,,,,,,,
2014-05-10,33.89,26.88,39.19,,,,,,,,,,,,,38.21,31.37,44.73,,,,,,,,,,,,,10.53,4.19,18.12,,,,,,,,,,,,,10.89,3.88,16.19,,,,4.68,-3.66,9.44,,,,,,,,,,,,,,,,,,,,,,,,,,,
2014-05-11,33.91,26.83,39.28,,,,,,,,,,,,,38.19,31.33,44.81,,,,,,,,,,,,,10.47,4.18,18.12,,,,,,,,,,,,,10.91,3.83,16.28,,,,4.72,-3.67,9.53,,,,,,,,,,,,,,,,,,,,,,,,,,,
2014-05-12,33.92,26.78,39.36,,,,,,,,,,,,,38.16,31.32,44.9,,,,,,,,,,,,,10.4,4.17,18.12,,,,,,,,,,,,,10.92,3.78,16.36,,,,4.76,-3.68,9.61,,,,,,,,,,,,,,,,,,,,,,,,,,,
2014-05-13,33.93,26.73,39.43,,,,,,,,,,,,,38.14,31.31,44.97,,,,,,,,,,,,,10.34,4.1,18.12,,,,,,,,,,,,,10.93,3.73,16.43,,,,4.8,-3.69,9.68,,,,,,,,,,,,,,,,,,,,,,,,,,,
2014-05-14,33.94,26.66,39.5,,,,,,,,,,,,,38.11,31.29,45.05,,,,,,,,,,,,,10.28,3.71,18.15,,,,,,,,,,,,,10.94,3.66,16.5,,,,4.83,-3.69,9.8,,,,,,,,,,,,,,,,,,,,,,,,,,,
2014-05-15,33.95,26.42,39.56,,,,,,,,,,,,,38.09,30.99,45.11,,,,,,,,,,,,,10.23,3.33,18.2,,,,,,,,,,,,,10.95,3.42,16.56,,,,4.86,-3.7,9.88,,,,,,,,,,,,,,,,,,,,,,,,,,,
2014-05-16,33.96,26.18,39.65,,,,,,,,,,,,,38.07,30.9,45.17,,,,,,,,,,,,,10.18,3.03,18.23,,,,,,,,,,,,,10.96,3.18,16.65,,,,4.89,-3.7,9.93,,,,,,,,,,,,,,,,,,,,,,,,,,,
2014-05-17,33.97,25.98,39.7,,,,,,,,,,,,,38.06,30.83,45.24,,,,,,,,,,,,,10.14,2.93,18.24,,,,,,,,,,,,,10.97,2.98,16.7,,,,4.91,-3.7,9.98,,,,,,,,,,,,,,,,,,,,,,,,,,,
2014-05-18,33.98,25.8,39.75,,,,,,,,,,,,,38.04,30.76,45.28,,,,,,,,,,,,,10.11,2.83,18.24,,,,,,,,,,,,,10.98,2.8,16.75,,,,4.94,-3.7,10.03,,,,,,,,,,,,,,,,,,,,,,,,,,,
2014-05-19,33.99,25.65,39.78,,,,,,,,,,,,,38.03,30.7,45.33,,,,,,,,,,,,,10.07,2.76,18.24,,,,,,,,,,,,,10.99,2.65,16.78,,,,4.96,-3.7,10.07,,,,,,,,,,,,,,,,,,,,,,,,,,,
2014-05-20,33.99,25.52,39.78,,,,,,,,,,,,,38.02,30.65,45.36,,,,,,,,,,,,,10.05,2.69,18.25,,,,,,,,,,,,,10.99,2.52,16.78,,,,4.97,-3.7,10.1,,,,,,,,,,,,,,,,,,,,,,,,,,,
2014-05-21,33.99,25.41,39.79,,,,,,,,,,,,,38.01,30.61,45.38,,,,,,,,,,,,,10.03,2.64,18.25,,,,,,,,,,,,,10.99,2.42,16.79,,,,4.98,-3.7,10.12,,,,,,,,,,,,,,,,,,,,,,,,,,,
2014-05-22,34.0,25.34,39.79,,,,,,,,,,,,,38.01,30.59,45.38,,,,,,,,,,,,,10.02,2.6,18.25,,,,,,,,,,,,,11.0,2.34,16.79,,,,4.99,-3.7,10.14,,,,,,,,,,,,,,,,,,,,,,,,,,,
2014-05-23,34.0,25.3,39.79,,,,,,,,,,,,,38.0,30.57,45.39,,,,,,,,,,,,,10.01,2.58,18.25,,,,,,,,,,,,,11.0,2.3,16.79,,,,5.0,-3.71,10.15,,,,,,,,,,,,,,,,,,,,,,,,,,,
2014-05-24,34.0,25.27,39.79,,,,,,,,,,,,,38.0,30.56,45.39,,,,,,,,,,,,,10.0,2.56,18.25,,,,,,,,,,,,,11.0,2.27,16.79,,,,5.0,-3.74,10.16,,,,,,,,,,,,,,,,,,,,,,,,,,,
2014-05-25,34.0,25.25,39.79,,,,,,,,,,,,,38.0,30.56,45.39,,,,,,,,,,,,,10.0,2.56,18.25,,,,,,,,,,,,,11.0,2.25,16.79,,,,5.0,-3.75,10.16,,,,,,,,,,,,,,,,,,,,,,,,,,,
2014-05-26,34.0,25.28,39.95,,,,,,,,,,,,,38.0,29.28,43.95,,,,,,,,,,,,,10.0,1.28,15.95,,,,,,,,,,,,,11.0,2.28,16.95,,,,5.0,-3.72,10.95,,,,,,,,,,,,,,,,,,,,,,,,,,,
2014-06-07,34.0,26.72,39.95,,,,,,,,,,,,,38.0,30.72,43.95,,,,,,,,,,,,,10.0,2.72,15.95,,,,,,,,,,,,,11.0,3.72,16.95,,,,5.0,-2.28,10.95,,,,,,,,,,,,,,,,,,,,,,,,,,,
2014-06-08,34.0,25.89,39.9,,,,,,,,,,,,,38.0,31.11,46.48,,,,,,,,,,,,,10.0,2.7,15.9,,,,,,,,,,,,,11.0,4.11,16.97,,,,5.0,-1.89,10.97,,,,,,,,,,,,,,,,,,,,,,,,,,,
2014-06-09,34.0,25.89,39.89,,,,,,,,,,,,,38.01,31.13,46.48,,,,,,,,,,,,,10.0,2.7,15.89,,,,,,,,,,,,,11.0,4.12,16.96,,,,5.0,-1.88,10.96,,,,,,,,,,,,,,,,,,,,,,,,,,,
2014-06-10,33.99,25.89,39.85,,,,,,,,,,,,,38.02,31.18,46.47,,,,,,,,,,,,,9.99,2.71,15.85,,,,,,,,,,,,,11.0,4.13,16.96,,,,5.0,-1.86,10.96,,,,,,,,,,,,,,,,,,,,,,,,,,,
2014-06-11,33.98,25.89,39.77,,,,,,,,,,,,,38.04,31.26,46.46,,,,,,,,,,,,,9.99,2.75,15.82,,,,,,,,,,,,,10.99,4.17,16.94,,,,4.99,-1.83,10.93,,,,,,,,,,,,,,,,,,,,,,,,,,,
2014-06-12,33.96,25.89,39.65,,,,,,,,,,,,,38.08,31.4,46.44,,,,,,,,,,,,,9.98,2.81,15.82,,,,,,,,,,,,,10.99,4.21,16.9,,,,4.99,-1.79,10.9,,,,,,,,,,,,,,,,,,,,,,,,,,,
2014-06-13,33.94,25.89,39.48,,,,,,,,,,,,,38.14,31.61,46.43,,,,,,,,,,,,,9.96,2.89,15.77,,,,,,,,,,,,,10.98,4.29,16.8,,,,4.98,-1.71,10.8,,,,,,,,,,,,,,,,,,,,,,,,,,,
2014-06-14,33.9,25.89,39.31,,,,,,,,,,,,,38.23,31.89,46.39,,,,,,,,,,,,,9.93,2.89,15.54,,,,,,,,,,,,,10.97,4.38,16.72,,,,4.97,-1.62,10.72,,,,,,,,,,,,,,,,,,,,,,,,,,,
2014-06-15,33.85,25.89,39.15,,,,,,,,,,,,,38.35,32.15,46.34,,,,,,,,,,,,,9.9,2.89,15.29,,,,,,,,,,,,,10.95,4.5,16.71,,,,4.95,-1.5,10.71,,,,,,,,,,,,,,,,,,,,,,,,,,,
2014-06-16,33.79,25.91,39.08,,,,,,,,,,,,,38.5,32.44,46.28,,,,,,,,,,,,,9.86,2.89,15.19,,,,,,,,,,,,,10.93,4.65,16.63,,,,4.93,-1.35,10.63,,,,,,,,,,,,,,,,,,,,,,,,,,,
2014-06-17,33.71,26.26,38.95,,,,,,,,,,,,,38.68,32.47,46.27,,,,,,,,,,,,,9.8,2.89,15.11,,,,,,,,,,,,,10.9,4.83,16.51,,,,4.9,-1.17,10.51,,,,,,,,,,,,,,,,,,,,,,,,,,,
2014-06-18,33.61,26.81,38.84,,,,,,,,,,,,,38.91,32.67,46.27,,,,,,,,,,,,,9.74,3.03,15.09,,,,,,,,,,,,,10.87,4.89,16.38,,,,4.87,-1.11,10.38,,,,,,,,,,,,,,,,,,,,,,,,,,,
2014-06-19,33.49,27.5,38.81,,,,,,,,,,,,,39.18,33.28,46.27,,,,,,,,,,,,,9.66,3.71,15.0,,,,,,,,,,,,,10.83,4.96,16.2,,,,4.83,-1.03,10.2,,,,,,,,,,,,,,,,,,,,,,,,,,,
2014-06-20,33.36,27.51,38.55,,,,,,,,,,,,,39.49,34.02,46.25,,,,,,,,,,,,,9.57,3.84,14.76,,,,,,,,,,,,,10.79,5.23,16.08,,,,4.79,-0.76,10.08,,,,,,,,,,,,,,,,,,,,,,,,,,,
2014-06-21,33.21,27.62,38.12,,,,,,,,,,,,,39.84,34.5,46.22,,,,,,,,,,,,,9.48,3.9,14.47,,,,,,,,,,,,,10.74,5.3,15.75,,,,4.74,-0.7,9.75,,,,,,,,,,,,,,,,,,,,,,,,,,,
2014-06-22,33.05,27.79,37.76,,,,,,,,,,,,,40.22,34.96,46.12,,,,,,,,,,,,,9.37,4.11,14.07,,,,,,,,,,,,,10.68,5.42,15.39,,,,4.68,-0.58,9.39,,,,,,,,,,,,,,,,,,,,,,,,,,,
2014-06-23,32.87,27.61,37.45,,,,,,,,,,,,,40.63,35.37,46.25,,,,,,,,,,,,,9.25,3.98,13.82,,,,,,,,,,,,,10.62,5.36,15.18,,,,4.62,-0.64,9.18,,,,,,,,,,,,,,,,,,,,,,,,,,,
2014-06-24,32.69,27.24,37.04,,,,,,,,,,,,,41.06,35.75,46.27,,,,,,,,,,,,,9.13,3.69,13.38,,,,,,,,,,,,,10.56,5.17,14.7,,,,4.56,-0.83,8.7,,,,,,,,,,,,,,,,,,,,,,,,,,,
2014-06-25,32.5,27.02,36.56,,,,,,,,,,,,,41.5,36.01,46.27,,,,,,,,,,,,,9.0,3.54,13.11,,,,,,,,,,,,,10.5,5.13,14.62,,,,4.5,-0.87,8.62,,,,,,,,,,,,,,,,,,,,,,,,,,,
2014-06-26,32.31,26.79,36.42,,,,,,,,,,,,,41.94,36.04,46.38,,,,,,,,,,,,,8.87,3.4,12.99,,,,,,,,,,,,,10.44,5.1,14.55,,,,4.44,-0.9,8.55,,,,,,,,,,,,,,,,,,,,,,,,,,,
2014-06-27,32.13,26.55,36.59,,,,,,,,,,,,,42.37,36.04,46.81,,,,,,,,,,,,,8.75,3.19,13.23,,,,,,,,,,,,,10.38,4.93,14.85,,,,4.38,-1.07,8.85,,,,,,,,,,,,,,,,,,,,,,,,,,,
2014-06-28,31.95,26.13,37.13,,,,,,,,,,,,,42.78,36.04,47.41,,,,,,,,,,,,,8.63,2.95,13.8,,,,,,,,,,,,,10.32,4.75,15.43,,,,4.32,-1.24,9.43,,,,,,,,,,,,,,,,,,,,,,,,,,,
2014-06-29,31.79,25.93,37.6,,,,,,,,,,,,,43.16,36.02,48.03,,,,,,,,,,,,,8.52,2.77,13.97,,,,,,,,,,,,,10.26,4.62,15.61,,,,4.26,-1.38,9.61,,,,,,,,,,,,,,,,,,,,,,,,,,,
2014-06-30,31.64,25.73,37.73,,,,,,,,,,,,,43.51,35.89,48.59,,,,,,,,,,,,,8.43,2.66,14.01,,,,,,,,,,,,,10.21,4.52,15.71,,,,4.21,-1.48,9.71,,,,,,,,,,,,,,,,,,,,,,,,,,,
2014-07-01,31.51,25.65,37.73,,,,,,,,,,,,,43.82,35.89,49.03,,,,,,,,,,,,,8.34,2.6,14.01,,,,,,,,,,,,,10.17,4.44,15.78,,,,4.17,-1.56,9.78,,,,,,,,,,,,,,,,,,,,,,,,,,,
2014-07-02,31.39,25.52,37.73,,,,,,,,,,,,,44.09,35.89,49.4,,,,,,,,,,,,,8.26,2.4,14.01,,,,,,,,,,,,,10.13,4.26,15.85,,,,4.13,-1.74,9.85,,,,,,,,,,,,,,,,,,,,,,,,,,,
2014-07-03,31.29,25.15,37.73,,,,,,,,,,,,,44.32,35.89,49.91,,,,,,,,,,,,,8.2,2.04,14.31,,,,,,,,,,,,,10.1,3.92,16.08,,,,4.1,-2.08,10.08,,,,,,,,,,,,,,,,,,,,,,,,,,,
2014-07-04,31.21,24.91,37.82,,,,,,,,,,,,,44.5,35.89,50.5,,,,,,,,,,,,,8.14,1.78,14.68,,,,,,,,,,,,,10.07,3.71,16.13,,,,4.07,-2.29,10.13,,,,,,,,,,,,,,,,,,,,,,,,,,,
2014-07-05,31.15,24.74,37.95,,,,,,,,,,,,,44.65,35.74,51.02,,,,,,,,,,,,,8.1,1.6,14.74,,,,,,,,,,,,,10.05,3.55,16.43,,,,4.05,-2.45,10.43,,,,,,,,,,,,,,,,,,,,,,,,,,,
2014-07-06,31.1,24.72,37.97,,,,,,,,,,,,,44.77,35.71,51.43,,,,,,,,,,,,,8.07,1.44,14.75,,,,,,,,,,,,,10.03,3.41,16.67,,,,4.03,-2.59,10.67,,,,,,,,,,,,,,,,,,,,,,,,,,,
2014-07-07,31.06,24.65,37.99,,,,,,,,,,,,,44.86,35.69,51.71,,,,,,,,,,,,,8.04,1.34,14.91,,,,,,,,,,,,,10.02,3.32,16.73,,,,4.02,-2.68,10.73,,,,,,,,,,,,,,,,,,,,,,,,,,,
2014-07-08,31.04,24.49,38.1,,,,,,,,,,,,,44.92,35.68,51.73,,,,,,,,,,,,,8.02,1.26,15.03,,,,,,,,,,,,,10.01,3.25,16.74,,,,4.01,-2.75,10.74,,,,,,,,,,,,,,,,,,,,,,,,,,,
2014-07-09,31.02,24.39,38.18,,,,,,,,,,,,,44.96,35.66,51.74,,,,,,,,,,,,,8.01,1.2,15.08,,,,,,,,,,,,,10.01,3.2,16.75,,,,4.01,-2.8,10.75,,,,,,,,,,,,,,,,,,,,,,,,,,,
2014-07-10,31.01,24.32,38.23,,,,,,,,,,,,,44.98,35.66,51.75,,,,,,,,,,,,,8.01,1.17,15.09,,,,,,,,,,,,,10.0,3.17,16.75,,,,4.0,-2.83,10.75,,,,,,,,,,,,,,,,,,,,,,,,,,,
2014-07-11,31.0,24.28,38.25,,,,,,,,,,,,,44.99,35.66,51.76,,,,,,,,,,,,,8.0,1.16,15.09,,,,,,,,,,,,,10.0,3.15,16.76,,,,4.0,-2.85,10.76,,,,,,,,,,,,,,,,,,,,,,,,,,,
2014-07-12,31.0,24.27,38.26,,,,,,,,,,,,,45.0,35.65,51.76,,,,,,,,,,,,,8.0,1.15,15.09,,,,,,,,,,,,,10.0,3.15,16.76,,,,4.0,-2.85,10.76,,,,,,,,,,,,,,,,,,,,,,,,,,,
2014-07-13,31.0,24.2,38.21,,,,,,,,,,,,,45.0,38.2,52.21,,,,,,,,,,,,,8.0,1.2,15.21,,,,,,,,,,,,,10.0,3.2,17.21,,,,4.0,-2.8,11.21,,,,,,,,,,,,,,,,,,,,,,,,,,,
2014-07-26,31.0,23.93,38.73,,,,,,,,,,,,,45.0,37.93,52.73,,,,,,,,,,,,,8.0,0.93,15.73,,,,,,,,,,,,,10.0,2.93,17.73,,,,4.0,-3.07,11.73,,,,,,,,,,,,,,,,,,,,,,,,,,,
2014-07-27,31.0,24.21,38.8,,,,,,,,,,,,,45.0,34.72,52.15,,,,,,,,,,,,,8.0,1.21,15.8,,,,,,,,,,,,,10.0,3.21,17.8,,,,4.0,-2.79,11.68,,,,,,,,,,,,,,,,,,,,,,,,,,,
2014-07-28,31.0,24.21,38.8,,,,,,,,,,,,,45.0,34.72,52.14,,,,,,,,,,,,,8.0,1.21,15.8,,,,,,,,,,,,,10.0,3.21,17.8,,,,4.0,-2.79,11.68,,,,,,,,,,,,,,,,,,,,,,,,,,,
2014-07-29,31.0,24.22,38.79,,,,,,,,,,,,,44.99,34.72,52.1,,,,,,,,,,,,,8.0,1.22,15.79,,,,,,,,,,,,,10.0,3.23,17.79,,,,4.0,-2.78,11.66,,,,,,,,,,,,,,,,,,,,,,,,,,,
2014-07-30,31.01,24.24,38.78,,,,,,,,,,,,,44.98,34.72,52.03,,,,,,,,,,,,,8.01,1.24,15.78,,,,,,,,,,,,,10.01,3.25,17.78,,,,4.0,-2.76,11.63,,,,,,,,,,,,,,,,,,,,,,,,,,,
2014-07-31,31.01,24.26,38.76,,,,,,,,,,,,,44.96,34.73,51.93,,,,,,,,,,,,,8.01,1.26,15.76,,,,,,,,,,,,,10.02,3.27,17.77,,,,4.0,-2.75,11.6,,,,,,,,,,,,,,,,,,,,,,,,,,,
2014-08-01,31.02,24.3,38.74,,,,,,,,,,,,,44.93,34.74,51.78,,,,,,,,,,,,,8.02,1.3,15.74,,,,,,,,,,,,,10.03,3.31,17.74,,,,4.0,-2.71,11.56,,,,,,,,,,,,,,,,,,,,,,,,,,,
2014-08-02,31.03,24.35,38.71,,,,,,,,,,,,,44.9,34.75,51.7,,,,,,,,,,,,,8.03,1.35,15.71,,,,,,,,,,,,,10.04,3.36,17.71,,,,4.0,-2.68,11.49,,,,,,,,,,,,,,,,,,,,,,,,,,,
2014-08-03,31.04,24.38,38.67,,,,,,,,,,,,,44.85,34.77,51.67,,,,,,,,,,,,,8.04,1.38,15.67,,,,,,,,,,,,,10.06,3.4,17.68,,,,4.0,-2.67,11.43,,,,,,,,,,,,,,,,,,,,,,,,,,,
2014-08-04,31.06,24.45,38.62,,,,,,,,,,,,,44.8,34.79,51.64,,,,,,,,,,,,,8.06,1.46,15.62,,,,,,,,,,,,,10.08,3.5,17.63,,,,4.0,-2.64,11.35,,,,,,,,,,,,,,,,,,,,,,,,,,,
2014-08-05,31.07,24.58,38.56,,,,,,,,,,,,,44.74,34.81,51.63,,,,,,,,,,,,,8.07,1.58,15.56,,,,,,,,,,,,,10.11,3.63,17.58,,,,4.0,-2.55,11.26,,,,,,,,,,,,,,,,,,,,,,,,,,,
2014-08-06,31.09,24.69,38.5,,,,,,,,,,,,,44.68,34.84,51.52,,,,,,,,,,,,,8.09,1.69,15.5,,,,,,,,,,,,,10.14,3.75,17.52,,,,4.0,-2.45,11.17,,,,,,,,,,,,,,,,,,,,,,,,,,,
2014-08-07,31.11,24.82,38.43,,,,,,,,,,,,,44.6,34.85,51.29,,,,,,,,,,,,,8.11,1.82,15.43,,,,,,,,,,,,,10.17,3.87,17.46,,,,4.0,-2.33,11.08,,,,,,,,,,,,,,,,,,,,,,,,,,,
2014-08-08,31.14,24.94,38.35,,,,,,,,,,,,,44.53,34.86,51.05,,,,,,,,,,,,,8.14,1.94,15.35,,,,,,,,,,,,,10.2,4.01,17.4,,,,4.0,-2.21,10.97,,,,,,,,,,,,,,,,,,,,,,,,,,,
2014-08-09,31.16,25.06,38.27,,,,,,,,,,,,,44.44,34.86,50.81,,,,,,,,,,,,,8.16,2.06,15.27,,,,,,,,,,,,,10.24,4.07,17.35,,,,4.0,-2.1,10.86,,,,,,,,,,,,,,,,,,,,,,,,,,,
2014-08-10,31.19,25.07,38.18,,,,,,,,,,,,,44.35,34.86,50.61,,,,,,,,,,,,,8.19,2.07,15.18,,,,,,,,,,,,,10.28,4.08,17.34,,,,4.0,-1.98,10.85,,,,,,,,,,,,,,,,,,,,,,,,,,,
2014-08-11,31.21,25.1,38.08,,,,,,,,,,,,,44.26,34.89,50.53,,,,,,,,,,,,,8.21,2.1,15.08,,,,,,,,,,,,,10.32,4.28,17.33,,,,4.0,-1.93,10.84,,,,,,,,,,,,,,,,,,,,,,,,,,,
2014-08-12,31.24,25.35,37.98,,,,,,,,,,,,,44.16,34.97,50.2,,,,,,,,,,,,,8.24,2.35,14.98,,,,,,,,,,,,,10.36,4.56,17.32,,,,4.0,-1.92,10.84,,,,,,,,,,,,,,,,,,,,,,,,,,,
2014-08-13,31.27,25.6,37.88,,,,,,,,,,,,,44.06,35.04,49.87,,,,,,,,,,,,,8.27,2.6,14.88,,,,,,,,,,,,,10.4,4.67,17.32,,,,4.0,-1.85,10.74,,,,,,,,,,,,,,,,,,,,,,,,,,,
2014-08-14,31.3,25.65,37.77,,,,,,,,,,,,,43.96,35.11,49.55,,,,,,,,,,,,,8.3,2.65,14.77,,,,,,,,,,,,,10.45,4.67,17.31,,,,4.0,-1.72,10.7,,,,,,,,,,,,,,,,,,,,,,,,,,,
2014-08-15,31.33,25.65,37.71,,,,,,,,,,,,,43.86,35.12,49.47,,,,,,,,,,,,,8.33,2.65,14.71,,,,,,,,,,,,,10.49,4.66,17.3,,,,4.0,-1.77,10.69,,,,,,,,,,,,,,,,,,,,,,,,,,,
2014-08-16,31.36,25.65,37.69,,,,,,,,,,,,,43.76,35.13,49.43,,,,,,,,,,,,,8.36,2.65,14.69,,,,,,,,,,,,,10.53,4.65,17.3,,,,4.0,-1.63,10.66,,,,,,,,,,,,,,,,,,,,,,,,,,,
2014-08-17,31.38,25.65,37.68,,,,,,,,,,,,,43.65,35.13,49.42,,,,,,,,,,,,,8.38,2.65,14.68,,,,,,,,,,,,,10.58,4.65,17.29,,,,4.0,-1.48,10.53,,,,,,,,,,,,,,,,,,,,,,,,,,,
2014-08-18,31.41,25.65,37.68,,,,,,,,,,,,,43.55,35.13,49.42,,,,,,,,,,,,,8.41,2.65,14.68,,,,,,,,,,,,,10.62,4.65,17.29,,,,4.0,-1.35,10.4,,,,,,,,,,,,,,,,,,,,,,,,,,,
2014-08-19,31.44,25.65,37.67,,,,,,,,,,,,,43.45,35.13,49.42,,,,,,,,,,,,,8.44,2.65,14.67,,,,,,,,,,,,,10.66,4.65,17.29,,,,4.0,-1.35,10.28,,,,,,,,,,,,,,,,,,,,,,,,,,,
2014-08-20,31.47,25.65,37.67,,,,,,,,,,,,,43.35,35.14,49.42,,,,,,,,,,,,,8.47,2.65,14.67,,,,,,,,,,,,,10.71,4.65,17.29,,,,4.0,-1.35,10.17,,,,,,,,,,,,,,,,,,,,,,,,,,,
2014-08-21,31.5,25.65,37.67,,,,,,,,,,,,,43.25,35.14,49.42,,,,,,,,,,,,,8.5,2.65,14.67,,,,,,,,,,,,,10.75,4.66,17.29,,,,4.0,-1.35,10.07,,,,,,,,,,,,,,,,,,,,,,,,,,,
2014-08-22,31.53,25.65,37.67,,,,,,,,,,,,,43.16,35.14,49.42,,,,,,,,,,,,,8.53,2.65,14.67,,,,,,,,,,,,,10.79,4.78,17.29,,,,4.0,-1.35,9.96,,,,,,,,,,,,,,,,,,,,,,,,,,,
2014-08-23,31.55,25.65,37.67,,,,,,,,,,,,,43.07,35.15,49.25,,,,,,,,,,,,,8.55,2.65,14.67,,,,,,,,,,,,,10.83,4.86,17.23,,,,4.0,-1.35,9.87,,,,,,,,,,,,,,,,,,,,,,,,,,,
2014-08-24,31.58,25.68,37.67,,,,,,,,,,,,,42.98,35.15,49.08,,,,,,,,,,,,,8.58,2.68,14.67,,,,,,,,,,,,,10.87,4.92,17.17,,,,4.0,-1.36,9.78,,,,,,,,,,,,,,,,,,,,,,,,,,,
2014-08-25,31.6,25.71,37.67,,,,,,,,,,,,,42.89,35.15,48.91,,,,,,,,,,,,,8.6,2.71,14.67,,,,,,,,,,,,,10.9,4.99,17.11,,,,4.0,-1.41,9.71,,,,,,,,,,,,,,,,,,,,,,,,,,,
2014-08-26,31.63,25.77,37.67,,,,,,,,,,,,,42.8,35.15,48.8,,,,,,,,,,,,,8.63,2.77,14.67,,,,,,,,,,,,,10.94,5.0,17.03,,,,4.0,-1.47,9.63,,,,,,,,,,,,,,,,,,,,,,31.0,45.0,8.0,10.0,4.0,
2014-08-27,31.65,25.9,37.65,,,,,,,,,,,,,42.72,35.16,48.74,,,,,,,,,,,,,8.65,2.9,14.65,,,,,,,,,,,,,10.98,5.0,16.98,,,,4.0,-1.52,9.56,,,,,,,,,,,,,,,,,,,,,,,,,,,
2014-08-28,31.67,25.93,37.58,,,,,,,,,,,,,42.65,35.16,48.56,,,,,,,,,,,,,8.67,2.93,14.58,,,,,,,,,,,,,11.01,5.0,16.92,,,,4.0,-1.48,9.51,,,,,,,,,,,,,,,,,,,,,,,,,,,
2014-08-29,31.69,25.93,37.51,,,,,,,,,,,,,42.57,35.16,48.39,,,,,,,,,,,,,8.69,2.93,14.51,,,,,,,,,,,,,11.04,5.0,16.86,,,,4.0,-1.38,9.44,,,,,,,,,,,,,,,,,,,,,,,,,,,
2014-08-30,31.71,25.95,37.45,,,,,,,,,,,,,42.5,35.16,48.23,,,,,,,,,,,,,8.71,2.96,14.45,,,,,,,,,,,,,11.07,5.0,16.81,,,,4.0,-1.35,9.39,,,,,,,,,,,,,,,,,,,,,,,,,,,
2014-08-31,31.73,25.98,37.39,,,,,,,,,,,,,42.43,35.15,48.08,,,,,,,,,,,,,8.73,2.98,14.39,,,,,,,,,,,,,11.1,5.0,16.76,,,,4.0,-1.35,9.33,,,,,,,,,,,,,,,,,,,,,,,,,,,
2014-09-01,31.75,25.95,37.35,,,,,,,,,,,,,42.37,35.14,47.99,,,,,,,,,,,,,8.75,2.96,14.35,,,,,,,,,,,,,11.13,5.0,16.71,,,,4.0,-1.35,9.29,,,,,,,,,,,,,,,,,,,,,,,,,,,
2014-09-02,31.77,25.93,37.34,,,,,,,,,,,,,42.3,35.13,47.96,,,,,,,,,,,,,8.77,2.93,14.34,,,,,,,,,,,,,11.16,5.0,16.7,,,,4.0,-1.35,9.24,,,,,,,,,,,,,,,,,,,,,,,,,,,
2014-09-03,31.79,25.93,37.34,,,,,,,,,,,,,42.24,35.11,47.94,,,,,,,,,,,,,8.79,2.93,14.34,,,,,,,,,,,,,11.18,5.0,16.7,,,,4.0,-1.35,9.2,,,,,,,,,,,,,,,,,,,,,,,,,,,
2014-09-04,31.8,25.93,37.33,,,,,,,,,,,,,42.18,35.01,47.92,,,,,,,,,,,,,8.8,2.93,14.33,,,,,,,,,,,,,11.21,5.0,16.7,,,,4.0,-1.35,9.16,,,,,,,,,,,,,,,,,,,,,,,,,,,
2014-09-05,31.82,25.93,37.33,,,,,,,,,,,,,42.13,34.92,47.9,,,,,,,,,,,,,8.82,2.93,14.32,,,,,,,,,,,,,11.23,5.0,16.69,,,,4.0,-1.34,9.12,,,,,,,,,,,,,,,,,,,,,,,,,,,
2014-09-06,31.84,25.65,38.42,,,,,,,,,,,,,42.08,34.81,47.7,,,,,,,,,,,,,8.84,2.65,15.42,,,,,,,,,,,,,11.25,4.65,17.84,,,,4.0,-1.92,10.57,,,,,,,,,,,,,,,,,,,,,,,,,,,
2014-09-07,31.85,25.65,38.63,,,,,,,,,,,,,42.03,34.74,47.5,,,,,,,,,,,,,8.85,2.65,15.63,,,,,,,,,,,,,11.28,4.65,18.54,,,,4.0,-1.89,10.69,,,,,,,,,,,,,,,,,,,,,,,,,,,
2014-09-08,31.87,25.65,38.63,,,,,,,,,,,,,41.97,34.66,47.39,,,,,,,,,,,,,8.86,2.65,15.62,,,,,,,,,,,,,11.3,4.65,18.54,,,,4.0,-1.89,10.69,,,,,,,,,,,,,,,,,,,,,,,,,,,
2014-09-09,31.88,25.65,38.63,,,,,,,,,,,,,41.93,34.65,47.38,,,,,,,,,,,,,8.88,2.65,15.62,,,,,,,,,,,,,11.32,4.66,18.53,,,,4.0,-1.89,10.69,,,,,,,,,,,,,,,,,,,,,,,,,,,
2014-09-10,31.9,25.66,38.63,,,,,,,,,,,,,41.88,34.65,47.36,,,,,,,,,,,,,8.89,2.65,15.61,,,,,,,,,,,,,11.34,4.67,18.53,,,,4.0,-1.87,10.68,,,,,,,,,,,,,,,,,,,,,,,,,,,
2014-09-11,31.92,25.67,38.62,,,,,,,,,,,,,41.82,34.65,47.35,,,,,,,,,,,,,8.9,2.66,15.59,,,,,,,,,,,,,11.37,4.68,18.53,,,,4.0,-1.86,10.67,,,,,,,,,,,,,,,,,,,,,,,,,,,
2014-09-12,31.94,25.69,38.62,,,,,,,,,,,,,41.77,34.65,47.32,,,,,,,,,,,,,8.92,2.67,15.57,,,,,,,,,,,,,11.4,4.7,18.52,,,,4.01,-1.84,10.66,,,,,,,,,,,,,,,,,,,,,,,,,,,
2014-09-13,31.97,25.68,38.61,,,,,,,,,,,,,41.72,34.65,47.29,,,,,,,,,,,,,8.93,2.67,15.55,,,,,,,,,,,,,11.43,4.74,18.52,,,,4.01,-1.81,10.65,,,,,,,,,,,,,,,,,,,,,,,,,,,
2014-09-14,31.99,25.71,38.61,,,,,,,,,,,,,41.66,34.64,47.26,,,,,,,,,,,,,8.94,2.66,15.51,,,,,,,,,,,,,11.46,4.77,18.51,,,,4.01,-1.77,10.59,,,,,,,,,,,,,,,,,,,,,,,,,,,
2014-09-15,32.03,25.77,38.6,,,,,,,,,,,,,41.6,34.65,47.22,,,,,,,,,,,,,8.95,2.64,15.48,,,,,,,,,,,,,11.49,4.81,18.5,,,,4.01,-1.72,10.45,,,,,,,,,,,,,,,,,,,,,,,,,,,
2014-09-16,32.06,25.84,38.6,,,,,,,,,,,,,41.54,34.65,47.17,,,,,,,,,,,,,8.96,2.65,15.43,,,,,,,,,,,,,11.53,4.93,18.49,,,,4.02,-1.67,10.4,,,,,,,,,,,,,,,,,,,,,,,,,,,
2014-09-17,32.1,25.9,38.59,,,,,,,,,,,,,41.48,34.64,47.11,,,,,,,,,,,,,8.97,2.68,15.39,,,,,,,,,,,,,11.57,5.0,18.48,,,,4.02,-1.58,10.36,,,,,,,,,,,,,,,,,,,,,,,,,,,
2014-09-18,32.14,25.97,38.59,,,,,,,,,,,,,41.42,34.64,47.05,,,,,,,,,,,,,8.98,2.71,15.37,,,,,,,,,,,,,11.61,5.0,18.47,,,,4.03,-1.51,10.31,,,,,,,,,,,,,,,,,,,,,,,,,,,
2014-09-19,32.18,26.0,38.58,,,,,,,,,,,,,41.35,34.65,46.99,,,,,,,,,,,,,8.99,2.78,15.27,,,,,,,,,,,,,11.66,5.01,18.45,,,,4.04,-1.43,10.26,,,,,,,,,,,,,,,,,,,,,,,,,,,
2014-09-20,32.23,26.07,38.58,,,,,,,,,,,,,41.28,34.64,46.93,,,,,,,,,,,,,9.01,2.86,15.16,,,,,,,,,,,,,11.71,5.07,18.44,,,,4.04,-1.37,10.12,,,,,,,,,,,,,,,,,,,,,,,,,,,
2014-09-21,32.27,26.2,38.57,,,,,,,,,,,,,41.21,34.64,46.87,,,,,,,,,,,,,9.02,2.9,15.06,,,,,,,,,,,,,11.76,5.2,18.42,,,,4.05,-1.37,9.99,,,,,,,,,,,,,,,,,,,,,,,,,,,
2014-09-22,32.32,26.27,38.57,,,,,,,,,,,,,41.14,34.62,46.81,,,,,,,,,,,,,9.03,2.94,14.97,,,,,,,,,,,,,11.81,5.31,18.39,,,,4.06,-1.38,9.87,,,,,,,,,,,,,,,,,,,,,,,,,,,
2014-09-23,32.38,26.34,38.56,,,,,,,,,,,,,41.07,34.62,46.77,,,,,,,,,,,,,9.04,2.99,14.89,,,,,,,,,,,,,11.86,5.41,18.25,,,,4.07,-1.12,9.76,,,,,,,,,,,,,,,,,,,,,,,,,,,
2014-09-24,32.43,26.44,38.45,,,,,,,,,,,,,40.99,34.65,46.74,,,,,,,,,,,,,9.05,3.04,14.82,,,,,,,,,,,,,11.92,5.51,18.11,,,,4.08,-1.08,9.64,,,,,,,,,,,,,,,,,,,,,,,,,,,
2014-09-25,32.49,26.55,38.35,,,,,,,,,,,,,40.91,34.67,46.71,,,,,,,,,,,,,9.06,3.09,14.75,,,,,,,,,,,,,11.97,5.59,17.97,,,,4.09,-1.05,9.52,,,,,,,,,,,,,,,,,,,,,,,,,,,
2014-09-26,32.55,26.66,38.32,,,,,,,,,,,,,40.83,34.63,46.66,,,,,,,,,,,,,9.07,3.14,14.67,,,,,,,,,,,,,12.03,5.66,17.87,,,,4.1,-1.02,9.41,,,,,,,,,,,,,,,,,,,,,,,,,,,
2014-09-27,32.61,26.78,38.3,,,,,,,,,,,,,40.75,34.64,46.61,,,,,,,,,,,,,9.08,3.19,14.6,,,,,,,,,,,,,12.09,5.78,17.85,,,,4.11,-1.0,9.3,,,,,,,,,,,,,,,,,,,,,,,,,,,
2014-09-28,32.67,26.9,38.29,,,,,,,,,,,,,40.67,34.71,46.55,,,,,,,,,,,,,9.09,3.18,14.5,,,,,,,,,,,,,12.16,5.9,17.83,,,,4.12,-1.0,9.2,,,,,,,,,,,,,,,,,,,,,,,,,,,
2014-09-29,32.74,27.03,38.29,,,,,,,,,,,,,40.59,34.77,46.5,,,,,,,,,,,,,9.1,3.18,14.35,,,,,,,,,,,,,12.22,6.03,17.83,,,,4.13,-1.0,9.13,,,,,,,,,,,,,,,,,,,,,,,,,,,
2014-09-30,32.8,27.16,38.3,,,,,,,,,,,,,40.5,34.83,46.46,,,,,,,,,,,,,9.11,3.2,14.22,,,,,,,,,,,,,12.28,6.17,17.85,,,,4.14,-1.0,9.12,,,,,,,,,,,,,,,,,,,,,,,,,,,
2014-10-01,32.87,27.32,38.31,,,,,,,,,,,,,40.42,34.78,46.4,,,,,,,,,,,,,9.12,3.24,14.09,,,,,,,,,,,,,12.35,6.31,17.86,,,,4.15,-1.0,9.12,,,,,,,,,,,,,,,,,,,,,,,,,,,
2014-10-02,32.93,27.51,38.38,,,,,,,,,,,,,40.33,34.7,46.36,,,,,,,,,,,,,9.13,3.29,14.08,,,,,,,,,,,,,12.42,6.55,17.87,,,,4.16,-0.99,9.11,,,,,,,,,,,,,,,,,,,,,,,,,,,
2014-10-03,33.0,27.62,38.44,,,,,,,,,,,,,40.24,34.69,46.31,,,,,,,,,,,,,9.14,3.35,14.14,,,,,,,,,,,,,12.48,6.73,17.88,,,,4.17,-0.96,9.11,,,,,,,,,,,,,,,,,,,,,,,,,,,
2014-10-04,33.07,27.76,38.49,,,,,,,,,,,,,40.16,34.64,46.25,,,,,,,,,,,,,9.15,3.46,14.12,,,,,,,,,,,,,12.55,6.91,17.95,,,,4.18,-0.95,9.12,,,,,,,,,,,,,,,,,,,,,,,,,,,
2014-10-05,33.14,27.92,38.49,,,,,,,,,,,,,40.07,34.59,46.19,,,,,,,,,,,,,9.16,3.59,14.07,,,,,,,,,,,,,12.62,7.1,18.03,,,,4.2,-0.94,9.13,,,,,,,,,,,,,,,,,,,,,,,,,,,
2014-10-06,33.21,28.07,38.5,,,,,,,,,,,,,39.98,34.55,46.13,,,,,,,,,,,,,9.17,3.74,14.01,,,,,,,,,,,,,12.69,7.26,18.12,,,,4.21,-0.94,9.15,,,,,,,,,,,,,,,,,,,,,,,,,,,
2014-10-07,33.28,28.05,38.52,,,,,,,,,,,,,39.89,34.52,46.08,,,,,,,,,,,,,9.18,3.89,13.99,,,,,,,,,,,,,12.76,7.42,18.2,,,,4.22,-0.94,9.17,,,,,,,,,,,,,,,,,,,,,,,,,,,
2014-10-08,33.35,28.14,38.62,,,,,,,,,,,,,39.79,34.54,46.03,,,,,,,,,,,,,9.19,4.0,14.02,,,,,,,,,,,,,12.83,7.49,18.26,,,,4.23,-0.96,9.19,,,,,,,,,,,,,,,,,,,,,,,,,,,
2014-10-09,33.42,28.22,38.66,,,,,,,,,,,,,39.7,34.55,45.97,,,,,,,,,,,,,9.2,4.15,14.08,,,,,,,,,,,,,12.9,7.53,18.31,,,,4.24,-0.98,9.21,,,,,,,,,,,,,,,,,,,,,,,,,,,
2014-10-10,33.49,28.37,38.73,,,,,,,,,,,,,39.61,34.47,45.91,,,,,,,,,,,,,9.21,4.15,14.13,,,,,,,,,,,,,12.97,7.53,18.3,,,,4.25,-0.99,9.24,,,,,,,,,,,,,,,,,,,,,,,,,,,
2014-10-11,33.56,28.4,38.88,,,,,,,,,,,,,39.52,34.36,45.84,,,,,,,,,,,,,9.22,4.07,14.19,,,,,,,,,,,,,13.03,7.56,18.15,,,,4.27,-0.98,9.24,,,,,,,,,,,,,,,,,,,,,,,,,,,
2014-10-12,33.63,28.43,38.96,,,,,,,,,,,,,39.42,34.28,45.7,,,,,,,,,,,,,9.24,3.98,14.24,,,,,,,,,,,,,13.1,7.59,18.11,,,,4.28,-0.97,9.28,,,,,,,,,,,,,,,,,,,,,,,,,,,
2014-10-13,33.69,28.49,39.01,,,,,,,,,,,,,39.33,34.14,45.63,,,,,,,,,,,,,9.25,3.91,14.29,,,,,,,,,,,,,13.17,7.59,18.21,,,,4.29,-0.96,9.24,,,,,,,,,,,,,,,,,,,,,,,,,,,
2014-10-14,33.76,28.53,39.07,,,,,,,,,,,,,39.24,34.11,45.55,,,,,,,,,,,,,9.26,3.82,14.33,,,,,,,,,,,,,13.24,7.72,18.35,,,,4.3,-0.94,9.26,,,,,,,,,,,,,,,,,,,,,,33.0,38.0,10.0,13.0,4.0,
2014-10-15,33.83,28.53,39.14,,,,,,,,,,,,,39.14,34.09,45.46,,,,,,,,,,,,,9.27,3.74,14.35,,,,,,,,,,,,,13.31,7.74,18.49,,,,4.31,-0.93,9.28,,,,,,,,,,,,,,,,,,,,,,,,,,,
2014-10-16,33.9,28.53,39.2,,,,,,,,,,,,,39.05,34.04,45.29,,,,,,,,,,,,,9.29,3.75,14.29,,,,,,,,,,,,,13.38,7.74,18.64,,,,4.32,-0.91,9.3,,,,,,,,,,,,,,,,,,,,,,,,,,,
2014-10-17,33.97,28.57,39.4,,,,,,,,,,,,,38.96,34.01,45.14,,,,,,,,,,,,,9.3,3.77,14.24,,,,,,,,,,,,,13.45,7.74,18.82,,,,4.33,-0.9,9.36,,,,,,,,,,,,,,,,,,,,,,,,,,,
2014-10-18,34.03,28.6,39.58,,,,,,,,,,,,,38.86,33.97,44.98,,,,,,,,,,,,,9.31,3.78,14.19,,,,,,,,,,,,,13.51,7.71,18.94,,,,4.34,-0.89,9.44,,,,,,,,,,,,,,,,,,,,,,,,,,,
2014-10-19,34.1,28.39,39.68,,,,,,,,,,,,,38.77,33.6,44.79,,,,,,,,,,,,,9.32,3.61,15.14,,,,,,,,,,,,,13.58,7.55,19.18,,,,4.35,-1.0,9.68,,,,,,,,,,,,,,,,,,,,,,,,,,,
2014-10-20,34.16,26.97,39.73,,,,,,,,,,,,,38.68,33.42,44.68,,,,,,,,,,,,,9.34,3.68,15.1,,,,,,,,,,,,,13.65,7.52,19.31,,,,4.37,-1.0,9.85,,,,,,,,,,,,,,,,,,,,,,,,,,,
2014-10-21,34.22,26.95,39.8,,,,,,,,,,,,,38.59,33.37,44.68,,,,,,,,,,,,,9.35,3.68,15.08,,,,,,,,,,,,,13.71,7.51,19.44,,,,4.38,-0.99,9.93,,,,,,,,,,,,,,,,,,,,,,,,,,,
2014-10-22,34.28,26.92,39.91,,,,,,,,,,,,,38.51,33.32,44.68,,,,,,,,,,,,,9.36,3.7,15.04,,,,,,,,,,,,,13.77,7.51,19.5,,,,4.39,-0.99,10.03,,,,,,,,,,,,,,,,,,,,,,,,,,,
2014-10-23,34.34,26.88,40.02,,,,,,,,,,,,,38.42,33.16,44.62,,,,,,,,,,,,,9.38,3.73,15.01,,,,,,,,,,,,,13.83,7.5,19.54,,,,4.4,-0.99,10.17,,,,,,,,,,,,,,,,,,,,,,,,,,,
2014-10-24,34.39,26.83,40.04,,,,,,,,,,,,,38.34,33.05,44.59,,,,,,,,,,,,,9.39,3.72,14.99,,,,,,,,,,,,,13.89,7.5,19.58,,,,4.41,-0.99,10.25,,,,,,,,,,,,,,,,,,,,,,,,,,,
2014-10-25,34.43,26.78,40.05,,,,,,,,,,,,,38.25,32.97,44.49,,,,,,,,,,,,,9.41,3.51,15.04,,,,,,,,,,,,,13.95,7.48,19.58,,,,4.43,-0.98,10.25,,,,,,,,,,,,,,,,,,,,,,,,,,,
2014-10-26,34.47,26.71,40.05,,,,,,,,,,,,,38.18,32.73,44.48,,,,,,,,,,,,,9.42,3.3,14.96,,,,,,,,,,,,,14.0,7.43,19.68,,,,4.45,-0.96,10.23,,,,,,,,,,,,,,,,,,,,,,,,,,,
2014-10-27,34.51,26.65,40.09,,,,,,,,,,,,,38.1,32.53,44.47,,,,,,,,,,,,,9.44,3.14,14.89,,,,,,,,,,,,,14.05,7.38,19.71,,,,4.47,-0.95,10.27,,,,,,,,,,,,,,,,,,,,,,,,,,,
2014-10-28,34.53,26.57,40.11,,,,,,,,,,,,,38.03,32.38,44.41,,,,,,,,,,,,,9.46,3.22,14.94,,,,,,,,,,,,,14.1,7.31,19.73,,,,4.49,-1.02,10.34,,,,,,,,,,,,,,,,,,,,,,,,,,,
2014-10-29,34.56,26.49,40.1,,,,,,,,,,,,,37.96,32.45,44.28,,,,,,,,,,,,,9.48,3.32,15.03,,,,,,,,,,,,,14.15,7.22,19.75,,,,4.51,-1.04,10.4,,,,,,,,,,,,,,,,,,,,,,,,,,,
2014-10-30,34.57,26.39,40.08,,,,,,,,,,,,,37.9,32.54,44.15,,,,,,,,,,,,,9.5,3.43,15.05,,,,,,,,,,,,,14.19,7.18,19.76,,,,4.54,-1.08,10.23,,,,,,,,,,,,,,,,,,,,,,,,,,,
2014-10-31,34.58,26.29,40.06,,,,,,,,,,,,,37.84,32.57,44.1,,,,,,,,,,,,,9.52,3.43,15.07,,,,,,,,,,,,,14.23,7.13,19.77,,,,4.56,-1.13,10.25,,,,,,,,,,,,,,,,,,,,,,,,,,,
2014-11-01,34.57,26.27,40.02,,,,,,,,,,,,,37.79,32.52,43.9,,,,,,,,,,,,,9.55,3.35,15.09,,,,,,,,,,,,,14.26,7.09,19.77,,,,4.59,-1.17,10.26,,,,,,,,,,,,,,,,,,,,,,,,,,,
2014-11-02,34.57,26.27,39.98,,,,,,,,,,,,,37.74,32.47,43.88,,,,,,,,,,,,,9.57,3.38,15.08,,,,,,,,,,,,,14.29,7.08,19.75,,,,4.62,-1.22,10.27,,,,,,,,,,,,,,,,,,,,,,,,,,,
2014-11-03,34.55,26.27,39.96,,,,,,,,,,,,,37.7,32.38,43.86,,,,,,,,,,,,,9.59,3.45,15.09,,,,,,,,,,,,,14.31,7.06,19.73,,,,4.66,-1.25,10.57,,,,,,,,,,,,,,,,,,,,,,,,,,,
2014-11-04,34.53,26.27,39.91,,,,,,,,,,,,,37.66,32.29,43.81,,,,,,,,,,,,,9.62,3.52,15.34,,,,,,,,,,,,,14.34,7.08,19.71,,,,4.69,-1.24,10.8,,,,,,,,,,,,,,,,,,,,,,,,,,,
2014-11-05,34.51,26.23,39.88,,,,,,,,,,,,,37.63,32.25,43.73,,,,,,,,,,,,,9.64,3.59,15.32,,,,,,,,,,,,,14.35,7.05,19.67,,,,4.73,-1.22,10.84,,,,,,,,,,,,,,,,,,,,,,,,,,,
2014-11-06,34.47,26.08,39.83,,,,,,,,,,,,,37.6,32.09,43.6,,,,,,,,,,,,,9.66,3.65,15.49,,,,,,,,,,,,,14.37,7.04,19.61,,,,4.76,-1.04,10.87,,,,,,,,,,,,,,,,,,,,,,,,,,,
2014-11-07,34.43,26.0,39.76,,,,,,,,,,,,,37.58,31.77,43.46,,,,,,,,,,,,,9.69,3.71,15.46,,,,,,,,,,,,,14.38,7.02,19.55,,,,4.8,-1.05,11.01,,,,,,,,,,,,,,,,,,,,,,,,,,,
2014-11-08,34.39,25.98,39.69,,,,,,,,,,,,,37.56,31.26,43.33,,,,,,,,,,,,,9.71,3.75,15.44,,,,,,,,,,,,,14.38,7.0,19.45,,,,4.84,-1.09,11.06,,,,,,,,,,,,,,,,,,,,,,,,,,,
2014-11-09,34.34,25.97,39.66,,,,,,,,,,,,,37.55,30.95,43.27,,,,,,,,,,,,,9.73,3.74,15.45,,,,,,,,,,,,,14.39,7.0,19.35,,,,4.88,-1.11,11.07,,,,,,,,,,,,,,,,,,,,,,,,,,,
2014-11-10,34.29,25.86,39.72,,,,,,,,,,,,,37.54,30.87,43.19,,,,,,,,,,,,,9.76,3.76,15.41,,,,,,,,,,,,,14.39,6.99,19.3,,,,4.91,-1.13,11.08,,,,,,,,,,,,,,,,,,,,,,,,,,,
2014-11-11,34.24,25.75,39.76,,,,,,,,,,,,,37.54,30.97,43.11,,,,,,,,,,,,,9.78,3.77,15.44,,,,,,,,,,,,,14.39,6.99,19.25,,,,4.95,-1.14,11.08,,,,,,,,,,,,,,,,,,,,,,,,,,,
2014-11-12,34.19,25.66,39.77,,,,,,,,,,,,,37.54,31.1,43.08,,,,,,,,,,,,,9.8,3.79,15.46,,,,,,,,,,,,,14.39,6.98,19.21,,,,4.99,-1.14,11.07,,,,,,,,,,,,,,,,,,,,,,,,,,,
2014-11-13,34.13,25.58,39.77,,,,,,,,,,,,,37.54,31.24,43.04,,,,,,,,,,,,,9.83,3.88,15.47,,,,,,,,,,,,,14.38,6.98,19.16,,,,5.03,-1.13,11.07,,,,,,,,,,,,,,,,,,,,,,,,,,,
2014-11-14,34.07,25.51,39.76,,,,,,,,,,,,,37.54,31.29,43.02,,,,,,,,,,,,,9.85,4.06,15.51,,,,,,,,,,,,,14.38,7.21,19.14,,,,5.07,-1.12,11.07,,,,,,,,,,,,,,,,,,,,,,,,,,,
2014-11-15,34.01,25.98,39.4,,,,,,,,,,,,,37.54,31.77,42.58,,,,,,,,,,,,,9.87,4.23,15.16,,,,,,,,,,,,,14.37,7.57,19.12,,,,5.12,-1.05,10.6,,,,,,,,,,,,,,,,,,,,,,,,,,,
2014-11-16,33.95,25.97,39.3,,,,,,,,,,,,,37.54,31.84,42.55,,,,,,,,,,,,,9.89,4.23,15.14,,,,,,,,,,,,,14.37,7.61,19.09,,,,5.16,-0.87,10.56,,,,,,,,,,,,,,,,,,,,,,,,,,,
2014-11-17,33.89,25.96,39.33,,,,,,,,,,,,,37.54,31.94,42.53,,,,,,,,,,,,,9.92,4.24,15.12,,,,,,,,,,,,,14.37,7.64,19.06,,,,5.2,-0.74,10.5,,,,,,,,,,,,,,,,,,,,,,,,,,,
2014-11-18,33.83,25.95,39.36,,,,,,,,,,,,,37.55,32.0,42.51,,,,,,,,,,,,,9.94,4.24,15.11,,,,,,,,,,,,,14.36,7.72,19.03,,,,5.24,-0.69,10.48,,,,,,,,,,,,,,,,,,,,,,,,,,,
2014-11-19,33.78,25.98,39.33,,,,,,,,,,,,,37.55,32.0,42.49,,,,,,,,,,,,,9.96,4.24,15.09,,,,,,,,,,,,,14.36,7.79,18.99,,,,5.28,-0.63,10.5,,,,,,,,,,,,,,,,,,,,,,,,,,,
2014-11-20,33.72,26.01,39.26,,,,,,,,,,,,,37.55,31.99,42.47,,,,,,,,,,,,,9.98,4.24,15.04,,,,,,,,,,,,,14.35,7.86,19.01,,,,5.32,-0.58,10.53,,,,,,,,,,,,,,,,,,,,,,,,,,,
2014-11-21,33.66,26.01,39.22,,,,,,,,,,,,,37.55,31.97,42.44,,,,,,,,,,,,,10.01,4.29,14.99,,,,,,,,,,,,,14.35,7.93,19.0,,,,5.36,-0.54,10.55,,,,,,,,,,,,,,,,,,,,,,,,,,,
2014-11-22,33.6,25.97,39.22,,,,,,,,,,,,,37.55,31.96,42.4,,,,,,,,,,,,,10.03,4.35,15.01,,,,,,,,,,,,,14.35,7.99,18.9,,,,5.41,-0.6,10.57,,,,,,,,,,,,,,,,,,,,,,,,,,,
2014-11-23,33.55,25.94,39.22,,,,,,,,,,,,,37.55,31.95,42.38,,,,,,,,,,,,,10.05,4.3,15.05,,,,,,,,,,,,,14.35,8.06,18.86,,,,5.45,-0.53,10.58,,,,,,,,,,,,,,,,,,,,,,,,,,,
2014-11-24,33.5,25.88,39.22,,,,,,,,,,,,,37.55,31.97,42.39,,,,,,,,,,,,,10.07,4.26,15.06,,,,,,,,,,,,,14.35,8.16,18.83,,,,5.49,-0.4,10.58,,,,,,,,,,,,,,,,,,,,,,,,,,,
2014-11-25,33.44,25.75,39.31,,,,,,,,,,,,,37.55,31.96,42.36,,,,,,,,,,,,,10.09,4.26,15.06,,,,,,,,,,,,,14.35,8.26,18.79,,,,5.53,-0.28,10.6,,,,,,,,,,,,,,,,,,,,,,37.0,37.0,9.0,16.0,5.0,
2014-11-26,33.39,25.59,39.36,,,,,,,,,,,,,37.55,31.91,42.32,,,,,,,,,,,,,10.11,4.28,15.12,,,,,,,,,,,,,14.35,8.25,18.8,,,,5.57,-0.22,10.54,,,,,,,,,,,,,,,,,,,,,,,,,,,
2014-11-27,33.34,25.52,39.32,,,,,,,,,,,,,37.55,31.89,42.33,,,,,,,,,,,,,10.13,4.31,15.14,,,,,,,,,,,,,14.35,8.14,18.84,,,,5.61,-0.15,10.52,,,,,,,,,,,,,,,,,,,,,,,,,,,
2014-11-28,33.29,25.54,39.48,,,,,,,,,,,,,37.55,31.45,43.02,,,,,,,,,,,,,10.15,3.78,15.69,,,,,,,,,,,,,14.35,7.58,19.15,,,,5.65,-0.74,11.08,,,,,,,,,,,,,,,,,,,,,,,,,,,
2014-11-29,33.24,25.49,39.44,,,,,,,,,,,,,37.55,31.46,43.06,,,,,,,,,,,,,10.17,3.79,15.81,,,,,,,,,,,,,14.35,7.78,19.33,,,,5.69,-0.68,11.07,,,,,,,,,,,,,,,,,,,,,,,,,,,
2014-11-30,33.2,25.4,39.41,,,,,,,,,,,,,37.55,31.46,43.07,,,,,,,,,,,,,10.19,3.78,15.81,,,,,,,,,,,,,14.35,7.66,19.5,,,,5.73,-0.62,11.35,,,,,,,,,,,,,,,,,,,,,,,,,,,
2014-12-01,33.15,25.32,39.38,,,,,,,,,,,,,37.55,31.47,43.11,,,,,,,,,,,,,10.21,3.78,15.8,,,,,,,,,,,,,14.36,7.5,19.48,,,,5.77,-0.56,11.63,,,,,,,,,,,,,,,,,,,,,,,,,,,
2014-12-02,33.11,25.3,39.34,,,,,,,,,,,,,37.55,31.49,43.09,,,,,,,,,,,,,10.22,3.8,15.77,,,,,,,,,,,,,14.36,7.33,19.38,,,,5.82,-0.49,11.69,,,,,,,,,,,,,,,,,,,,,,,,,,,
2014-12-03,33.07,25.29,39.31,,,,,,,,,,,,,37.54,31.44,43.06,,,,,,,,,,,,,10.23,3.78,15.74,,,,,,,,,,,,,14.37,7.29,19.29,,,,5.86,-0.41,11.71,,,,,,,,,,,,,,,,,,,,,,,,,,,
2014-12-04,33.03,25.29,39.31,,,,,,,,,,,,,37.54,31.34,43.02,,,,,,,,,,,,,10.24,3.79,15.7,,,,,,,,,,,,,14.38,7.34,19.2,,,,5.9,-0.36,11.72,,,,,,,,,,,,,,,,,,,,,,,,,,,
2014-12-05,32.99,25.32,39.27,,,,,,,,,,,,,37.53,31.25,42.97,,,,,,,,,,,,,10.24,3.79,15.65,,,,,,,,,,,,,14.38,7.37,19.12,,,,5.94,-0.37,11.72,,,,,,,,,,,,,,,,,,,,,,,,,,,
2014-12-06,32.95,25.47,39.25,,,,,,,,,,,,,37.53,31.29,42.92,,,,,,,,,,,,,10.24,3.78,15.58,,,,,,,,,,,,,14.4,7.41,19.29,,,,5.98,-0.42,11.72,,,,,,,,,,,,,,,,,,,,,,,,,,,
2014-12-07,32.91,25.65,39.23,,,,,,,,,,,,,37.52,31.34,42.89,,,,,,,,,,,,,10.24,3.73,15.58,,,,,,,,,,,,,14.41,7.49,19.47,,,,6.02,-0.47,11.69,,,,,,,,,,,,,,,,,,,,,,,,,,,
2014-12-08,32.88,25.72,39.16,,,,,,,,,,,,,37.51,31.3,42.92,,,,,,,,,,,,,10.23,3.63,15.58,,,,,,,,,,,,,14.42,7.53,19.65,,,,6.06,-0.47,11.68,,,,,,,,,,,,,,,,,,,,,,,,,,,
2014-12-09,32.85,25.8,39.15,,,,,,,,,,,,,37.51,31.42,42.86,,,,,,,,,,,,,10.21,3.53,15.55,,,,,,,,,,,,,14.44,7.75,19.82,,,,6.1,-0.38,11.66,,,,,,,,,,,,,,,,,,,,,,,,,,,
2014-12-10,32.81,25.68,39.14,,,,,,,,,,,,,37.5,31.25,42.74,,,,,,,,,,,,,10.2,3.53,15.6,,,,,,,,,,,,,14.46,7.78,19.98,,,,6.14,-0.15,11.68,,,,,,,,,,,,,,,,,,,,,,,,,,,
2014-12-11,32.78,25.58,39.16,,,,,,,,,,,,,37.49,31.25,42.73,,,,,,,,,,,,,10.18,3.53,15.66,,,,,,,,,,,,,14.48,7.88,20.12,,,,6.18,0.24,11.64,,,,,,,,,,,,,,,,,,,,,,,,,,,
2014-12-12,32.75,25.66,39.16,,,,,,,,,,,,,37.47,31.34,42.66,,,,,,,,,,,,,10.15,3.51,15.7,,,,,,,,,,,,,14.5,7.98,20.15,,,,6.22,0.06,11.59,,,,,,,,,,,,,,,,,,,,,,,,,,,
2014-12-13,32.73,25.7,39.15,,,,,,,,,,,,,37.46,31.43,42.66,,,,,,,,,,,,,10.12,3.53,15.59,,,,,,,,,,,,,14.52,8.07,20.16,,,,6.26,0.08,11.7,,,,,,,,,,,,,,,,,,,,,,,,,,,
2014-12-14,32.7,25.61,39.15,,,,,,,,,,,,,37.45,31.27,42.88,,,,,,,,,,,,,10.09,3.15,15.57,,,,,,,,,,,,,14.54,8.08,20.16,,,,6.3,0.19,11.82,,,,,,,,,,,,,,,,,,,,,,,,,,,
2014-12-15,32.68,25.64,39.15,,,,,,,,,,,,,37.44,31.22,43.03,,,,,,,,,,,,,10.05,3.08,15.64,,,,,,,,,,,,,14.56,8.08,20.17,,,,6.34,0.21,12.05,,,,,,,,,,,,,,,,,,,,,,,,,,,
2014-12-16,32.65,25.7,39.15,,,,,,,,,,,,,37.42,30.58,42.92,,,,,,,,,,,,,10.01,3.0,15.72,,,,,,,,,,,,,14.59,7.97,20.17,,,,6.38,0.25,11.93,,,,,,,,,,,,,,,,,,,,,,,,,,,
2014-12-17,32.63,25.65,39.15,,,,,,,,,,,,,37.41,30.59,42.82,,,,,,,,,,,,,9.96,2.93,15.81,,,,,,,,,,,,,14.61,7.47,20.17,,,,6.41,0.19,11.81,,,,,,,,,,,,,,,,,,,,,,,,,,,
2014-12-18,32.61,25.52,39.15,,,,,,,,,,,,,37.4,30.59,42.7,,,,,,,,,,,,,9.92,2.83,15.7,,,,,,,,,,,,,14.64,7.32,20.17,,,,6.45,0.12,11.77,,,,,,,,,,,,,,,,,,,,,,,,,,,
2014-12-19,32.59,25.6,39.15,,,,,,,,,,,,,37.38,30.59,42.6,,,,,,,,,,,,,9.87,2.64,15.55,,,,,,,,,,,,,14.66,7.31,20.36,,,,6.48,0.06,11.88,,,,,,,,,,,,,,,,,,,,,,,,,,,
2014-12-20,32.57,25.69,39.15,,,,,,,,,,,,,37.37,30.59,42.49,,,,,,,,,,,,,9.82,2.46,15.65,,,,,,,,,,,,,14.69,7.3,20.57,,,,6.51,-0.0,11.99,,,,,,,,,,,,,,,,,,,,,,,,,,,
2014-12-21,32.55,25.67,39.21,,,,,,,,,,,,,37.35,30.59,42.38,,,,,,,,,,,,,9.76,2.34,15.74,,,,,,,,,,,,,14.71,7.3,20.65,,,,6.54,-0.06,12.09,,,,,,,,,,,,,,,,,,,,,,,,,,,
2014-12-22,32.53,25.6,39.3,,,,,,,,,,,,,37.34,30.59,42.36,,,,,,,,,,,,,9.71,2.18,15.81,,,,,,,,,,,,,14.73,7.3,20.74,,,,6.57,-0.11,12.19,,,,,,,,,,,,,,,,,,,,,,,,,,,
2014-12-23,32.51,25.53,39.3,,,,,,,,,,,,,37.32,30.59,42.36,,,,,,,,,,,,,9.65,2.19,15.74,,,,,,,,,,,,,14.75,7.35,20.79,,,,6.6,-0.16,12.22,,,,,,,,,,,,,,,,,,,,,,,,,,,
2014-12-24,32.49,25.46,39.3,,,,,,,,,,,,,37.31,30.59,42.35,,,,,,,,,,,,,9.6,2.13,15.64,,,,,,,,,,,,,14.78,7.59,20.76,,,,6.63,-0.2,12.25,,,,,,,,,,,,,,,,,,,,,,,,,,,
2014-12-25,32.47,25.41,39.31,,,,,,,,,,,,,37.29,30.59,42.36,,,,,,,,,,,,,9.54,2.07,15.56,,,,,,,,,,,,,14.8,7.71,20.72,,,,6.65,-0.24,12.22,,,,,,,,,,,,,,,,,,,,,,,,,,,
2014-12-26,32.45,25.37,39.44,,,,,,,,,,,,,37.28,30.58,42.36,,,,,,,,,,,,,9.48,2.02,15.49,,,,,,,,,,,,,14.82,7.75,20.66,,,,6.67,-0.28,12.29,,,,,,,,,,,,,,,,,,,,,,,,,,,
2014-12-27,32.43,25.38,39.59,,,,,,,,,,,,,37.27,30.57,42.36,,,,,,,,,,,,,9.43,1.97,15.3,,,,,,,,,,,,,14.83,7.79,20.67,,,,6.7,-0.3,12.32,,,,,,,,,,,,,,,,,,,,,,,,,,,
2014-12-28,32.41,25.46,39.69,,,,,,,,,,,,,37.25,30.56,42.36,,,,,,,,,,,,,9.37,1.93,15.11,,,,,,,,,,,,,14.85,7.89,20.69,,,,6.72,-0.21,12.34,,,,,,,,,,,,,,,,,,,,,,,,,,,
2014-12-29,32.39,25.54,39.56,,,,,,,,,,,,,37.24,30.55,42.36,,,,,,,,,,,,,9.31,1.89,14.93,,,,,,,,,,,,,14.87,8.0,20.8,,,,6.74,-0.1,12.36,,,,,,,,,,,,,,,,,,,,,,,,,,,
2014-12-30,32.37,25.61,39.4,,,,,,,,,,,,,37.23,30.55,42.36,,,,,,,,,,,,,9.26,1.85,14.8,,,,,,,,,,,,,14.88,8.07,20.85,,,,6.76,0.03,12.38,,,,,,,,,,,,,,,,,,,,,,,,,,,
2014-12-31,32.34,25.7,39.31,,,,,,,,,,,,,37.22,30.55,42.36,,,,,,,,,,,,,9.2,1.82,14.87,,,,,,,,,,,,,14.9,8.08,20.88,,,,6.78,0.14,12.4,,,,,,,,,,,,,,,,,,,,,,,,,,,
2015-01-01,32.32,25.78,39.31,,,,,,,,,,,,,37.21,30.55,42.37,,,,,,,,,,,,,9.15,1.79,14.91,,,,,,,,,,,,,14.91,8.08,20.89,,,,6.79,0.26,12.43,,,,,,,,,,,,,,,,,,,,,,,,,,,
2015-01-02,32.3,25.85,39.32,,,,,,,,,,,,,37.2,30.55,42.37,,,,,,,,,,,,,9.1,1.74,14.73,,,,,,,,,,,,,14.92,8.07,20.9,,,,6.81,0.36,12.45,,,,,,,,,,,,,,,,,,,,,,,,,,,
2015-01-03,32.27,26.21,39.01,,,,,,,,,,,,,37.19,31.58,42.14,,,,,,,,,,,,,9.05,2.94,14.29,,,,,,,,,,,,,14.93,9.31,20.14,,,,6.83,1.22,11.82,,,,,,,,,,,,,,,,,,,,,,,,,,,
2015-01-04,32.24,26.22,39.03,,,,,,,,,,,,,37.17,31.59,42.23,,,,,,,,,,,,,8.99,2.96,14.27,,,,,,,,,,,,,14.95,9.3,20.18,,,,6.85,1.25,11.91,,,,,,,,,,,,,,,,,,,,,,,,,,,
2015-01-05,32.22,26.24,39.03,,,,,,,,,,,,,37.16,31.59,42.29,,,,,,,,,,,,,8.94,2.97,14.22,,,,,,,,,,,,,14.96,9.28,20.17,,,,6.87,1.27,11.99,,,,,,,,,,,,,,,,,,,,,,,,,,,
2015-01-06,32.19,26.26,39.03,,,,,,,,,,,,,37.15,31.6,42.31,,,,,,,,,,,,,8.89,2.99,14.14,,,,,,,,,,,,,14.97,9.28,20.16,,,,6.89,1.29,12.08,,,,,,,,,,,,,,,,,,,,,,,,,,,
2015-01-07,32.16,26.28,39.01,,,,,,,,,,,,,37.15,31.61,42.33,,,,,,,,,,,,,8.85,3.01,14.04,,,,,,,,,,,,,14.97,9.31,20.16,,,,6.91,1.33,12.16,,,,,,,,,,,,,,,,,,,,,,28.0,38.0,12.0,13.0,8.0,
2015-01-08,32.12,26.3,38.96,,,,,,,,,,,,,37.14,31.62,42.3,,,,,,,,,,,,,8.8,3.02,14.01,,,,,,,,,,,,,14.98,9.34,20.19,,,,6.93,1.39,12.25,,,,,,,,,,,,,,,,,,,,,,,,,,,
2015-01-09,32.09,26.34,38.9,,,,,,,,,,,,,37.13,31.64,42.25,,,,,,,,,,,,,8.75,3.04,13.95,,,,,,,,,,,,,14.99,9.37,20.21,,,,6.95,1.46,12.33,,,,,,,,,,,,,,,,,,,,,,,,,,,
2015-01-10,32.05,26.38,38.86,,,,,,,,,,,,,37.12,31.71,42.2,,,,,,,,,,,,,8.71,3.06,13.89,,,,,,,,,,,,,15.0,9.39,20.23,,,,6.97,1.56,12.37,,,,,,,,,,,,,,,,,,,,,,,,,,,
2015-01-11,32.02,26.39,38.87,,,,,,,,,,,,,37.11,31.87,42.28,,,,,,,,,,,,,8.67,3.04,13.85,,,,,,,,,,,,,15.0,9.44,20.25,,,,6.99,1.7,12.36,,,,,,,,,,,,,,,,,,,,,,,,,,,
2015-01-12,31.98,26.36,38.87,,,,,,,,,,,,,37.1,32.02,42.36,,,,,,,,,,,,,8.62,2.99,13.87,,,,,,,,,,,,,15.01,9.51,20.27,,,,7.02,1.9,12.28,,,,,,,,,,,,,,,,,,,,,,,,,,,
2015-01-13,31.94,26.34,38.88,,,,,,,,,,,,,37.09,32.18,42.42,,,,,,,,,,,,,8.58,2.87,13.88,,,,,,,,,,,,,15.01,9.58,20.29,,,,7.04,2.04,12.31,,,,,,,,,,,,,,,,,,,,,,,,,,,
2015-01-14,31.9,26.34,38.88,,,,,,,,,,,,,37.09,32.28,42.48,,,,,,,,,,,,,8.54,2.68,13.9,,,,,,,,,,,,,15.02,9.64,20.31,,,,7.06,2.06,12.3,,,,,,,,,,,,,,,,,,,,,,,,,,,
2015-01-15,31.86,26.37,38.89,,,,,,,,,,,,,37.08,32.31,42.48,,,,,,,,,,,,,8.5,2.49,13.91,,,,,,,,,,,,,15.02,9.71,20.33,,,,7.08,2.11,12.31,,,,,,,,,,,,,,,,,,,,,,,,,,,
2015-01-16,31.82,26.31,38.89,,,,,,,,,,,,,37.07,32.33,42.48,,,,,,,,,,,,,8.46,2.32,13.93,,,,,,,,,,,,,15.03,9.77,20.38,,,,7.11,2.15,12.37,,,,,,,,,,,,,,,,,,,,,,,,,,,
2015-01-17,31.78,26.27,38.89,,,,,,,,,,,,,37.07,32.36,42.49,,,,,,,,,,,,,8.42,2.35,13.95,,,,,,,,,,,,,15.03,9.83,20.47,,,,7.13,2.17,12.49,,,,,,,,,,,,,,,,,,,,,,,,,,,
2015-01-18,31.73,26.2,38.9,,,,,,,,,,,,,37.06,32.38,42.47,,,,,,,,,,,,,8.39,2.44,13.96,,,,,,,,,,,,,15.03,9.87,20.55,,,,7.15,2.17,12.6,,,,,,,,,,,,,,,,,,,,,,,,,,,
2015-01-19,31.69,26.12,38.9,,,,,,,,,,,,,37.05,32.4,42.46,,,,,,,,,,,,,8.35,2.55,13.97,,,,,,,,,,,,,15.04,9.72,20.65,,,,7.17,2.15,12.71,,,,,,,,,,,,,,,,,,,,,,,,,,,
2015-01-20,31.65,26.06,38.9,,,,,,,,,,,,,37.05,32.43,42.46,,,,,,,,,,,,,8.31,2.35,13.99,,,,,,,,,,,,,15.04,9.55,20.74,,,,7.19,2.16,12.81,,,,,,,,,,,,,,,,,,,,,,,,,,,
2015-01-21,31.61,26.01,38.9,,,,,,,,,,,,,37.04,32.4,42.53,,,,,,,,,,,,,8.28,2.18,14.06,,,,,,,,,,,,,15.04,9.38,20.83,,,,7.22,2.18,12.87,,,,,,,,,,,,,,,,,,,,,,,,,,,
2015-01-22,31.57,24.52,39.16,,,,,,,,,,,,,37.03,30.2,42.42,,,,,,,,,,,,,8.24,0.67,14.22,,,,,,,,,,,,,15.05,8.52,21.04,,,,7.24,0.19,12.8,,,,,,,,,,,,,,,,,,,,,,,,,,,
2015-01-23,31.53,24.5,39.16,,,,,,,,,,,,,37.03,30.0,42.46,,,,,,,,,,,,,8.21,0.48,14.22,,,,,,,,,,,,,15.05,8.07,21.04,,,,7.26,-0.04,12.77,,,,,,,,,,,,,,,,,,,,,,,,,,,
2015-01-24,31.49,24.48,39.16,,,,,,,,,,,,,37.02,30.0,42.54,,,,,,,,,,,,,8.17,0.48,14.29,,,,,,,,,,,,,15.05,8.07,21.04,,,,7.28,-0.04,12.75,,,,,,,,,,,,,,,,,,,,,,,,,,,
2015-01-25,31.46,24.45,39.16,,,,,,,,,,,,,37.01,30.01,42.61,,,,,,,,,,,,,8.13,0.48,14.32,,,,,,,,,,,,,15.06,8.08,21.04,,,,7.3,-0.02,12.72,,,,,,,,,,,,,,,,,,,,,,,,,,,
2015-01-26,31.43,24.43,39.16,,,,,,,,,,,,,37.01,30.02,42.69,,,,,,,,,,,,,8.1,0.37,14.31,,,,,,,,,,,,,15.06,8.06,21.03,,,,7.32,0.0,12.69,,,,,,,,,,,,,,,,,,,,,,,,,,,
2015-01-27,31.4,24.42,39.15,,,,,,,,,,,,,37.0,30.08,42.76,,,,,,,,,,,,,8.06,0.03,14.32,,,,,,,,,,,,,15.06,8.08,21.01,,,,7.33,0.04,12.66,,,,,,,,,,,,,,,,,,,,,,,,,,,
2015-01-28,31.38,24.4,39.01,,,,,,,,,,,,,37.0,30.16,42.81,,,,,,,,,,,,,8.03,-0.05,14.37,,,,,,,,,,,,,15.07,8.09,20.99,,,,7.35,0.09,12.64,,,,,,,,,,,,,,,,,,,,,,,,,,,
2015-01-29,31.36,24.29,38.79,,,,,,,,,,,,,36.99,30.27,42.3,,,,,,,,,,,,,7.99,-0.03,14.24,,,,,,,,,,,,,15.07,8.1,20.97,,,,7.36,0.39,12.71,,,,,,,,,,,,,,,,,,,,,,,,,,,
2015-01-30,31.34,24.18,38.79,,,,,,,,,,,,,36.99,30.33,42.04,,,,,,,,,,,,,7.95,0.02,14.19,,,,,,,,,,,,,15.07,8.12,20.96,,,,7.37,0.41,12.77,,,,,,,,,,,,,,,,,,,,,,,,,,,
2015-01-31,31.33,24.07,38.21,,,,,,,,,,,,,36.99,30.32,41.97,,,,,,,,,,,,,7.91,-0.16,14.13,,,,,,,,,,,,,15.08,8.13,20.95,,,,7.38,0.36,12.74,,,,,,,,,,,,,,,,,,,,,,,,,,,
2015-02-01,31.33,23.98,37.82,,,,,,,,,,,,,36.98,30.32,41.88,,,,,,,,,,,,,7.87,-0.36,14.09,,,,,,,,,,,,,15.08,8.14,20.94,,,,7.38,0.42,12.7,,,,,,,,,,,,,,,,,,,,,,,,,,,
2015-02-02,31.34,23.9,37.85,,,,,,,,,,,,,36.98,30.23,41.81,,,,,,,,,,,,,7.83,-0.54,14.06,,,,,,,,,,,,,15.08,8.15,20.93,,,,7.39,0.45,12.66,,,,,,,,,,,,,,,,,,,,,,,,,,,
2015-02-03,31.35,23.85,37.88,,,,,,,,,,,,,36.98,30.35,41.79,,,,,,,,,,,,,7.79,-0.71,14.01,,,,,,,,,,,,,15.09,8.16,20.92,,,,7.39,0.45,12.62,,,,,,,,,,,,,,,,,,,,,,,,,,,
2015-02-04,31.36,24.12,38.04,,,,,,,,,,,,,36.98,30.38,41.77,,,,,,,,,,,,,7.75,-0.5,13.96,,,,,,,,,,,,,15.09,8.17,20.79,,,,7.38,0.34,12.5,,,,,,,,,,,,,,,,,,,,,,,,,,,
2015-02-05,31.39,24.39,38.06,,,,,,,,,,,,,36.98,30.4,41.84,,,,,,,,,,,,,7.71,-0.24,13.9,,,,,,,,,,,,,15.1,8.16,20.57,,,,7.38,0.09,12.41,,,,,,,,,,,,,,,,,,,,,,,,,,,
2015-02-06,31.42,24.24,38.72,,,,,,,,,,,,,36.98,30.0,42.46,,,,,,,,,,,,,7.66,-0.41,14.49,,,,,,,,,,,,,15.1,6.94,20.62,,,,7.37,-0.03,12.41,,,,,,,,,,,,,,,,,,,,,,,,,,,
2015-02-07,31.45,24.39,38.62,,,,,,,,,,,,,36.98,29.97,42.89,,,,,,,,,,,,,7.62,-0.41,14.6,,,,,,,,,,,,,15.11,7.17,20.47,,,,7.36,0.01,12.88,,,,,,,,,,,,,,,,,,,,,,,,,,,
2015-02-08,31.49,24.46,38.4,,,,,,,,,,,,,36.98,30.02,42.83,,,,,,,,,,,,,7.57,0.07,14.39,,,,,,,,,,,,,15.11,7.37,20.49,,,,7.35,0.03,12.47,,,,,,,,,,,,,,,,,,,,,,,,,,,
2015-02-09,31.54,24.23,37.45,,,,,,,,,,,,,36.98,30.23,42.44,,,,,,,,,,,,,7.53,0.1,14.19,,,,,,,,,,,,,15.12,7.71,20.28,,,,7.33,0.13,12.42,,,,,,,,,,,,,,,,,,,,,,,,,,,
2015-02-10,31.59,24.51,37.28,,,,,,,,,,,,,36.99,30.35,42.45,,,,,,,,,,,,,7.49,0.14,14.14,,,,,,,,,,,,,15.12,7.17,20.22,,,,7.31,0.09,12.38,,,,,,,,,,,,,,,,,,,,,,,,,,,
2015-02-11,31.64,23.89,37.26,,,,,,,,,,,,,36.99,30.47,42.44,,,,,,,,,,,,,7.44,0.19,14.09,,,,,,,,,,,,,15.12,7.04,20.09,,,,7.29,0.14,12.32,,,,,,,,,,,,,,,,,,,,,,,,,,,
2015-02-12,31.7,23.94,37.23,,,,,,,,,,,,,37.0,30.58,42.42,,,,,,,,,,,,,7.4,0.24,14.02,,,,,,,,,,,,,15.12,7.05,19.93,,,,7.27,0.22,12.25,,,,,,,,,,,,,,,,,,,,,,,,,,,
2015-02-13,31.76,23.99,37.18,,,,,,,,,,,,,37.01,30.62,42.33,,,,,,,,,,,,,7.36,0.29,13.92,,,,,,,,,,,,,15.12,7.01,19.8,,,,7.25,0.28,12.16,,,,,,,,,,,,,,,,,,,,,,,,,,,
2015-02-14,31.82,24.96,37.32,,,,,,,,,,,,,37.03,30.85,42.17,,,,,,,,,,,,,7.32,0.38,13.61,,,,,,,,,,,,,15.12,7.81,19.68,,,,7.23,0.61,12.01,,,,,,,,,,,,,,,,,,,,,,,,,,,
2015-02-15,31.87,24.16,37.32,,,,,,,,,,,,,37.04,30.69,42.18,,,,,,,,,,,,,7.28,0.4,13.7,,,,,,,,,,,,,15.11,7.07,19.91,,,,7.2,0.24,11.91,,,,,,,,,,,,,,,,,,,,,,,,,,,
2015-02-16,31.93,24.26,37.31,,,,,,,,,,,,,37.06,30.77,42.1,,,,,,,,,,,,,7.25,0.41,13.64,,,,,,,,,,,,,15.1,7.14,19.81,,,,7.18,0.23,11.81,,,,,,,,,,,,,,,,,,,,,,34.0,36.0,4.0,17.0,7.0,
2015-02-17,31.99,24.37,37.28,,,,,,,,,,,,,37.08,30.92,42.03,,,,,,,,,,,,,7.21,0.43,13.65,,,,,,,,,,,,,15.09,7.21,19.72,,,,7.16,0.25,11.69,,,,,,,,,,,,,,,,,,,,,,,,,,,
2015-02-18,32.05,24.48,37.21,,,,,,,,,,,,,37.11,31.06,41.95,,,,,,,,,,,,,7.18,0.44,13.66,,,,,,,,,,,,,15.08,7.29,19.64,,,,7.13,0.37,11.51,,,,,,,,,,,,,,,,,,,,,,,,,,,
2015-02-19,32.1,24.63,37.2,,,,,,,,,,,,,37.14,31.13,42.12,,,,,,,,,,,,,7.15,0.49,13.7,,,,,,,,,,,,,15.06,7.4,19.64,,,,7.1,0.58,11.34,,,,,,,,,,,,,,,,,,,,,,,,,,,
2015-02-20,32.15,24.71,37.14,,,,,,,,,,,,,37.17,31.21,42.08,,,,,,,,,,,,,7.12,0.59,13.66,,,,,,,,,,,,,15.04,7.6,19.62,,,,7.08,0.78,11.3,,,,,,,,,,,,,,,,,,,,,,,,,,,
2015-02-21,32.21,24.79,37.06,,,,,,,,,,,,,37.21,31.34,42.02,,,,,,,,,,,,,7.09,0.72,13.56,,,,,,,,,,,,,15.01,7.66,19.54,,,,7.05,0.87,11.19,,,,,,,,,,,,,,,,,,,,,,,,,,,
2015-02-22,32.26,25.06,36.98,,,,,,,,,,,,,37.25,31.47,41.93,,,,,,,,,,,,,7.07,0.89,13.4,,,,,,,,,,,,,14.98,7.75,19.44,,,,7.02,0.96,11.08,,,,,,,,,,,,,,,,,,,,,,,,,,,
2015-02-23,32.3,25.22,36.9,,,,,,,,,,,,,37.29,31.62,41.88,,,,,,,,,,,,,7.05,0.88,13.22,,,,,,,,,,,,,14.95,7.75,19.31,,,,6.99,1.04,10.99,,,,,,,,,,,,,,,,,,,,,,,,,,,
2015-02-24,32.35,25.48,36.82,,,,,,,,,,,,,37.34,31.8,41.89,,,,,,,,,,,,,7.04,0.88,13.01,,,,,,,,,,,,,14.91,7.77,19.29,,,,6.96,1.12,10.93,,,,,,,,,,,,,,,,,,,,,,,,,,,
2015-02-25,32.39,25.85,36.78,,,,,,,,,,,,,37.39,31.98,41.88,,,,,,,,,,,,,7.03,0.91,12.79,,,,,,,,,,,,,14.87,8.01,19.19,,,,6.93,1.2,10.84,,,,,,,,,,,,,,,,,,,,,,,,,,,
2015-02-26,32.42,25.92,36.99,,,,,,,,,,,,,37.45,32.17,41.86,,,,,,,,,,,,,7.02,1.0,12.52,,,,,,,,,,,,,14.83,8.21,19.02,,,,6.9,1.28,10.73,,,,,,,,,,,,,,,,,,,,,,,,,,,
2015-02-27,32.46,25.98,37.09,,,,,,,,,,,,,37.51,32.29,41.94,,,,,,,,,,,,,7.01,1.22,12.36,,,,,,,,,,,,,14.78,8.21,18.84,,,,6.87,1.36,10.66,,,,,,,,,,,,,,,,,,,,,,,,,,,
2015-02-28,32.49,26.06,36.97,,,,,,,,,,,,,37.57,32.41,41.96,,,,,,,,,,,,,7.01,1.47,12.21,,,,,,,,,,,,,14.73,8.22,18.8,,,,6.84,1.47,10.66,,,,,,,,,,,,,,,,,,,,,,,,,,,
2015-03-01,32.52,26.33,36.89,,,,,,,,,,,,,37.63,32.59,42.07,,,,,,,,,,,,,7.01,1.71,12.05,,,,,,,,,,,,,14.68,8.23,18.7,,,,6.81,1.59,10.64,,,,,,,,,,,,,,,,,,,,,,,,,,,
2015-03-02,32.54,26.47,36.84,,,,,,,,,,,,,37.69,32.66,42.02,,,,,,,,,,,,,7.02,1.8,12.07,,,,,,,,,,,,,14.63,8.24,18.56,,,,6.78,1.7,10.59,,,,,,,,,,,,,,,,,,,,,,,,,,,
2015-03-03,32.56,26.62,36.9,,,,,,,,,,,,,37.76,32.63,42.14,,,,,,,,,,,,,7.03,1.85,12.06,,,,,,,,,,,,,14.57,8.24,18.48,,,,6.75,1.89,10.54,,,,,,,,,,,,,,,,,,,,,,,,,,,
2015-03-04,32.58,26.71,36.78,,,,,,,,,,,,,37.83,32.63,42.22,,,,,,,,,,,,,7.04,1.83,12.09,,,,,,,,,,,,,14.52,8.15,18.43,,,,6.72,1.85,10.62,,,,,,,,,,,,,,,,,,,,,,,,,,,
2015-03-05,32.6,26.75,36.96,,,,,,,,,,,,,37.89,32.7,42.26,,,,,,,,,,,,,7.05,1.76,12.13,,,,,,,,,,,,,14.46,8.25,18.28,,,,6.69,1.8,10.58,,,,,,,,,,,,,,,,,,,,,,,,,,,
2015-03-06,32.61,26.81,36.96,,,,,,,,,,,,,37.96,32.82,42.26,,,,,,,,,,,,,7.06,1.76,11.98,,,,,,,,,,,,,14.4,8.36,18.39,,,,6.66,1.76,10.55,,,,,,,,,,,,,,,,,,,,,,,,,,,
2015-03-07,32.62,26.93,36.89,,,,,,,,,,,,,38.03,32.82,42.27,,,,,,,,,,,,,7.08,1.75,12.04,,,,,,,,,,,,,14.34,8.33,18.42,,,,6.63,1.72,10.58,,,,,,,,,,,,,,,,,,,,,,,,,,,
2015-03-08,32.62,27.0,36.82,,,,,,,,,,,,,38.1,32.98,42.28,,,,,,,,,,,,,7.1,1.76,12.01,,,,,,,,,,,,,14.28,8.31,18.45,,,,6.61,1.7,10.62,,,,,,,,,,,,,,,,,,,,,,,,,,,
2015-03-09,32.63,27.07,36.78,,,,,,,,,,,,,38.16,32.98,42.28,,,,,,,,,,,,,7.12,1.75,12.0,,,,,,,,,,,,,14.23,8.3,18.48,,,,6.58,1.74,10.64,,,,,,,,,,,,,,,,,,,,,,,,,,,
2015-03-10,32.63,27.14,36.76,,,,,,,,,,,,,38.23,32.94,42.32,,,,,,,,,,,,,7.15,1.76,11.96,,,,,,,,,,,,,14.17,8.19,18.49,,,,6.56,1.77,10.66,,,,,,,,,,,,,,,,,,,,,,,,,,,
2015-03-11,32.62,27.2,36.74,,,,,,,,,,,,,38.3,33.01,42.69,,,,,,,,,,,,,7.18,1.73,11.97,,,,,,,,,,,,,14.11,7.92,18.46,,,,6.53,1.79,10.68,,,,,,,,,,,,,,,,,,,,,,,,,,,
2015-03-12,32.62,27.26,36.74,,,,,,,,,,,,,38.36,33.13,42.97,,,,,,,,,,,,,7.21,1.76,12.21,,,,,,,,,,,,,14.05,7.75,18.4,,,,6.51,1.81,10.69,,,,,,,,,,,,,,,,,,,,,,,,,,,
2015-03-13,32.61,27.21,36.78,,,,,,,,,,,,,38.43,33.2,43.24,,,,,,,,,,,,,7.24,1.84,12.29,,,,,,,,,,,,,13.99,7.79,18.33,,,,6.49,1.65,10.72,,,,,,,,,,,,,,,,,,,,,,,,,,,
2015-03-14,32.6,26.99,36.81,,,,,,,,,,,,,38.49,33.25,43.37,,,,,,,,,,,,,7.27,1.85,12.35,,,,,,,,,,,,,13.93,7.84,18.26,,,,6.46,1.66,10.72,,,,,,,,,,,,,,,,,,,,,,,,,,,
2015-03-15,32.59,26.89,36.84,,,,,,,,,,,,,38.55,33.31,43.63,,,,,,,,,,,,,7.3,1.91,12.39,,,,,,,,,,,,,13.87,7.7,18.17,,,,6.44,1.66,10.65,,,,,,,,,,,,,,,,,,,,,,,,,,,
2015-03-16,32.58,26.89,36.87,,,,,,,,,,,,,38.61,33.38,44.02,,,,,,,,,,,,,7.34,1.97,12.44,,,,,,,,,,,,,13.82,7.7,18.15,,,,6.42,1.62,10.65,,,,,,,,,,,,,,,,,,,,,,,,,,,
2015-03-17,32.56,26.89,36.89,,,,,,,,,,,,,38.67,33.45,44.17,,,,,,,,,,,,,7.38,2.07,12.47,,,,,,,,,,,,,13.76,7.69,18.15,,,,6.41,1.61,10.64,,,,,,,,,,,,,,,,,,,,,,,,,,,
2015-03-18,32.54,26.89,36.92,,,,,,,,,,,,,38.73,33.44,44.25,,,,,,,,,,,,,7.42,2.17,12.52,,,,,,,,,,,,,13.7,7.69,18.14,,,,6.39,1.59,10.6,,,,,,,,,,,,,,,,,,,,,,,,,,,
2015-03-19,32.52,26.89,36.95,,,,,,,,,,,,,38.79,33.43,44.32,,,,,,,,,,,,,7.46,2.18,12.64,,,,,,,,,,,,,13.65,7.69,18.09,,,,6.37,1.57,10.58,,,,,,,,,,,,,,,,,,,,,,,,,,,
2015-03-20,32.5,26.89,36.96,,,,,,,,,,,,,38.84,33.43,44.37,,,,,,,,,,,,,7.5,2.16,12.68,,,,,,,,,,,,,13.59,7.69,18.08,,,,6.36,1.56,10.63,,,,,,,,,,,,,,,,,,,,,,,,,,,
2015-03-21,32.48,26.89,36.98,,,,,,,,,,,,,38.9,33.43,44.42,,,,,,,,,,,,,7.55,2.21,12.7,,,,,,,,,,,,,13.54,7.69,18.08,,,,6.34,1.55,10.59,,,,,,,,,,,,,,,,,,,,,,,,,,,
2015-03-22,32.45,26.89,36.98,,,,,,,,,,,,,38.95,33.46,44.47,,,,,,,,,,,,,7.59,2.28,12.73,,,,,,,,,,,,,13.49,7.69,18.07,,,,6.33,1.52,10.57,,,,,,,,,,,,,,,,,,,,,,,,,,,
2015-03-23,32.42,26.9,36.98,,,,,,,,,,,,,39.0,33.49,44.52,,,,,,,,,,,,,7.64,2.35,12.76,,,,,,,,,,,,,13.43,7.67,18.05,,,,6.32,1.51,10.61,,,,,,,,,,,,,,,,,,,,,,,,,,,
2015-03-24,32.4,26.91,37.0,,,,,,,,,,,,,39.05,33.52,44.59,,,,,,,,,,,,,7.68,2.43,12.78,,,,,,,,,,,,,13.38,7.65,18.01,,,,6.3,1.49,10.62,,,,,,,,,,,,,,,,,,,,,,,,,,,
2015-03-25,32.37,26.92,37.02,,,,,,,,,,,,,39.1,33.56,44.65,,,,,,,,,,,,,7.73,2.51,12.83,,,,,,,,,,,,,13.33,7.63,17.96,,,,6.29,1.5,10.64,,,,,,,,,,,,,,,,,,,,,,,,,,,
2015-03-26,32.34,26.93,37.03,,,,,,,,,,,,,39.15,33.6,44.68,,,,,,,,,,,,,7.78,2.48,12.92,,,,,,,,,,,,,13.28,7.62,17.91,,,,6.28,1.51,10.65,,,,,,,,,,,,,,,,,,,,,,,,,,,
2015-03-27,32.31,26.94,37.04,,,,,,,,,,,,,39.2,33.68,44.71,,,,,,,,,,,,,7.82,2.45,13.02,,,,,,,,,,,,,13.23,7.62,17.86,,,,6.27,1.51,10.66,,,,,,,,,,,,,,,,,,,,,,,,,,,
2015-03-28,32.28,27.1,37.05,,,,,,,,,,,,,39.25,34.21,44.73,,,,,,,,,,,,,7.87,2.4,13.1,,,,,,,,,,,,,13.18,7.7,17.81,,,,6.26,1.53,10.7,,,,,,,,,,,,,,,,,,,,,,,,,,,
2015-03-29,32.26,27.63,36.89,,,,,,,,,,,,,39.29,34.5,44.69,,,,,,,,,,,,,7.91,3.2,12.85,,,,,,,,,,,,,13.13,7.89,17.77,,,,6.25,1.74,10.46,,,,,,,,,,,,,,,,,,,,,,,,,,,
2015-03-30,32.23,27.61,36.89,,,,,,,,,,,,,39.34,34.51,44.74,,,,,,,,,,,,,7.96,3.2,12.95,,,,,,,,,,,,,13.08,7.88,17.72,,,,6.24,1.69,10.47,,,,,,,,,,,,,,,,,,,,,,,,,,,
2015-03-31,32.2,27.59,36.88,,,,,,,,,,,,,39.38,34.53,44.79,,,,,,,,,,,,,8.01,3.21,13.07,,,,,,,,,,,,,13.04,7.87,17.67,,,,6.23,1.66,10.47,,,,,,,,,,,,,,,,,,,,,,,,,,,
2015-04-01,32.18,27.55,36.89,,,,,,,,,,,,,39.43,34.54,44.85,,,,,,,,,,,,,8.05,3.22,13.15,,,,,,,,,,,,,12.99,7.85,17.63,,,,6.22,1.65,10.48,,,,,,,,,,,,,,,,,,,,,,,,,,,
2015-04-02,32.15,27.49,36.91,,,,,,,,,,,,,39.47,34.56,44.88,,,,,,,,,,,,,8.09,3.22,13.17,,,,,,,,,,,,,12.94,7.84,17.61,,,,6.21,1.66,10.49,,,,,,,,,,,,,,,,,,,,,,,,,,,
2015-04-03,32.13,27.43,36.96,,,,,,,,,,,,,39.51,34.67,44.92,,,,,,,,,,,,,8.14,3.22,13.19,,,,,,,,,,,,,12.9,7.83,17.61,,,,6.2,1.66,10.5,,,,,,,,,,,,,,,,,,,,,,,,,,,
2015-04-04,32.1,27.34,36.98,,,,,,,,,,,,,39.55,34.76,44.94,,,,,,,,,,,,,8.18,3.22,13.21,,,,,,,,,,,,,12.85,7.82,17.63,,,,6.19,1.67,10.53,,,,,,,,,,,,,,,,,,,,,,,,,,,
2015-04-05,32.08,27.26,36.94,,,,,,,,,,,,,39.6,34.78,44.97,,,,,,,,,,,,,8.22,3.21,13.23,,,,,,,,,,,,,12.81,7.81,17.6,,,,6.18,1.67,10.58,,,,,,,,,,,,,,,,,,,,,,,,,,,
2015-04-06,32.05,27.19,36.91,,,,,,,,,,,,,39.64,34.78,44.99,,,,,,,,,,,,,8.27,3.21,13.24,,,,,,,,,,,,,12.76,7.81,17.57,,,,6.17,1.62,10.63,,,,,,,,,,,,,,,,,,,,,,,,,,,
2015-04-07,32.03,27.18,36.89,,,,,,,,,,,,,39.68,34.74,45.02,,,,,,,,,,,,,8.31,3.2,13.28,,,,,,,,,,,,,12.72,7.8,17.54,,,,6.16,1.64,10.67,,,,,,,,,,,,,,,,,,,,,,,,,,,
2015-04-08,32.0,27.17,36.88,,,,,,,,,,,,,39.72,34.68,45.07,,,,,,,,,,,,,8.35,3.19,13.34,,,,,,,,,,,,,12.68,7.79,17.5,,,,6.15,1.62,10.72,,,,,,,,,,,,,,,,,,,,,,,,,,,
2015-04-09,31.98,27.1,36.87,,,,,,,,,,,,,39.76,34.62,45.08,,,,,,,,,,,,,8.39,3.24,13.42,,,,,,,,,,,,,12.63,7.78,17.48,,,,6.14,1.58,10.77,,,,,,,,,,,,,,,,,,,,,,,,,,,
2015-04-10,31.96,27.08,36.87,,,,,,,,,,,,,39.8,34.62,45.1,,,,,,,,,,,,,8.43,3.22,13.52,,,,,,,,,,,,,12.59,7.77,17.44,,,,6.13,1.55,10.82,,,,,,,,,,,,,,,,,,,,,,,,,,,
2015-04-11,31.94,27.09,36.84,,,,,,,,,,,,,39.84,34.61,45.12,,,,,,,,,,,,,8.47,3.2,13.62,,,,,,,,,,,,,12.55,7.73,17.41,,,,6.12,1.53,10.86,,,,,,,,,,,,,,,,,,,,,,,,,,,
2015-04-12,31.92,27.07,36.81,,,,,,,,,,,,,39.87,34.56,45.15,,,,,,,,,,,,,8.51,3.28,13.71,,,,,,,,,,,,,12.51,7.62,17.37,,,,6.11,1.47,10.87,,,,,,,,,,,,,,,,,,,,,,34.0,38.0,7.0,14.0,6.0,
2015-04-13,31.9,27.0,36.79,,,,,,,,,,,,,39.91,34.57,45.16,,,,,,,,,,,,,8.55,3.29,13.71,,,,,,,,,,,,,12.47,7.58,17.35,,,,6.11,1.44,10.87,,,,,,,,,,,,,,,,,,,,,,,,,,,
2015-04-14,31.88,27.0,36.79,,,,,,,,,,,,,39.95,34.64,45.15,,,,,,,,,,,,,8.58,3.21,13.72,,,,,,,,,,,,,12.43,7.51,17.32,,,,6.1,1.4,10.87,,,,,,,,,,,,,,,,,,,,,,,,,,,
2015-04-15,31.86,26.99,36.79,,,,,,,,,,,,,39.98,34.7,45.14,,,,,,,,,,,,,8.62,3.12,13.74,,,,,,,,,,,,,12.39,7.5,17.31,,,,6.09,1.37,10.88,,,,,,,,,,,,,,,,,,,,,,,,,,,
2015-04-16,31.84,26.83,36.81,,,,,,,,,,,,,40.01,34.69,45.17,,,,,,,,,,,,,8.66,3.07,13.77,,,,,,,,,,,,,12.36,7.5,17.29,,,,6.08,1.34,10.88,,,,,,,,,,,,,,,,,,,,,,,,,,,
2015-04-17,31.82,26.83,36.81,,,,,,,,,,,,,40.05,34.65,45.28,,,,,,,,,,,,,8.69,3.03,13.84,,,,,,,,,,,,,12.32,7.47,17.22,,,,6.07,1.3,10.94,,,,,,,,,,,,,,,,,,,,,,,,,,,
2015-04-18,31.8,26.78,36.82,,,,,,,,,,,,,40.08,34.58,45.3,,,,,,,,,,,,,8.72,2.96,13.84,,,,,,,,,,,,,12.29,7.42,17.16,,,,6.06,1.26,11.02,,,,,,,,,,,,,,,,,,,,,,,,,,,
2015-04-19,31.79,26.67,36.83,,,,,,,,,,,,,40.11,34.57,45.31,,,,,,,,,,,,,8.75,2.9,13.85,,,,,,,,,,,,,12.25,7.23,17.1,,,,6.06,1.22,11.08,,,,,,,,,,,,,,,,,,,,,,,,,,,
2015-04-20,31.77,26.47,36.84,,,,,,,,,,,,,40.14,34.51,45.33,,,,,,,,,,,,,8.78,2.89,13.9,,,,,,,,,,,,,12.22,7.18,17.06,,,,6.05,1.18,11.08,,,,,,,,,,,,,,,,,,,,,,,,,,,
2015-04-21,31.76,26.3,36.84,,,,,,,,,,,,,40.16,34.41,45.42,,,,,,,,,,,,,8.81,2.9,13.89,,,,,,,,,,,,,12.19,7.11,17.04,,,,6.04,1.08,11.1,,,,,,,,,,,,,,,,,,,,,,,,,,,
2015-04-22,31.74,26.15,36.85,,,,,,,,,,,,,40.19,34.32,45.51,,,,,,,,,,,,,8.84,2.92,13.92,,,,,,,,,,,,,12.16,6.93,17.05,,,,6.04,0.96,11.13,,,,,,,,,,,,,,,,,,,,,,,,,,,
2015-04-23,31.73,26.02,36.86,,,,,,,,,,,,,40.21,34.23,45.63,,,,,,,,,,,,,8.87,2.94,14.04,,,,,,,,,,,,,12.14,6.87,17.09,,,,6.03,0.84,11.16,,,,,,,,,,,,,,,,,,,,,,,,,,,
2015-04-24,31.71,25.91,36.86,,,,,,,,,,,,,40.24,34.19,45.74,,,,,,,,,,,,,8.89,2.95,14.08,,,,,,,,,,,,,12.11,6.8,17.13,,,,6.03,0.69,11.21,,,,,,,,,,,,,,,,,,,,,,,,,,,
2015-04-25,31.7,25.82,36.87,,,,,,,,,,,,,40.26,34.17,45.85,,,,,,,,,,,,,8.91,2.96,14.16,,,,,,,,,,,,,12.09,6.64,17.17,,,,6.02,0.54,11.21,,,,,,,,,,,,,,,,,,,,,,,,,,,
2015-04-26,31.69,25.7,36.87,,,,,,,,,,,,,40.28,34.15,45.95,,,,,,,,,,,,,8.93,2.97,14.24,,,,,,,,,,,,,12.07,6.48,17.16,,,,6.02,0.4,11.2,,,,,,,,,,,,,,,,,,,,,,,,,,,
2015-04-27,31.68,25.59,36.87,,,,,,,,,,,,,40.29,34.13,45.97,,,,,,,,,,,,,8.95,2.97,14.32,,,,,,,,,,,,,12.05,6.33,17.18,,,,6.01,0.26,11.19,,,,,,,,,,,,,,,,,,,,,,30.0,41.0,11.0,11.0,7.0,
2015-04-28,31.67,25.48,36.86,,,,,,,,,,,,,40.31,34.12,46.04,,,,,,,,,,,,,8.97,2.98,14.36,,,,,,,,,,,,,12.03,6.19,17.19,,,,6.01,0.19,11.19,,,,,,,,,,,,,,,,,,,,,,,,,,,
2015-04-29,31.66,25.42,36.86,,,,,,,,,,,,,40.33,34.12,46.1,,,,,,,,,,,,,8.99,3.03,14.39,,,,,,,,,,,,,12.01,6.07,17.21,,,,6.01,0.14,11.18,,,,,,,,,,,,,,,,,,,,,,,,,,,
2015-04-30,31.65,25.37,36.86,,,,,,,,,,,,,40.34,34.17,46.16,,,,,,,,,,,,,9.0,3.12,14.42,,,,,,,,,,,,,12.0,5.96,17.22,,,,6.01,0.1,11.18,,,,,,,,,,,,,,,,,,,,,,,,,,,
2015-05-01,31.64,25.33,36.85,,,,,,,,,,,,,40.35,34.18,46.18,,,,,,,,,,,,,9.01,3.17,14.44,,,,,,,,,,,,,11.99,5.87,17.23,,,,6.0,0.07,11.18,,,,,,,,,,,,,,,,,,,,,,,,,,,
2015-05-02,31.64,25.31,36.85,,,,,,,,,,,,,40.36,34.19,46.18,,,,,,,,,,,,,9.02,3.21,14.46,,,,,,,,,,,,,11.98,5.83,17.24,,,,6.0,0.07,11.18,,,,,,,,,,,,,,,,,,,,,,,,,,,
2015-05-03,31.63,25.31,36.86,,,,,,,,,,,,,40.37,34.19,46.18,,,,,,,,,,,,,9.03,3.25,14.48,,,,,,,,,,,,,11.97,5.82,17.24,,,,6.0,0.06,11.17,,,,,,,,,,,,,,,,,,,,,,,,,,,
2015-05-04,31.62,25.31,36.87,,,,,,,,,,,,,40.38,34.19,46.18,,,,,,,,,,,,,9.04,3.27,14.49,,,,,,,,,,,,,11.96,5.82,17.24,,,,6.0,0.07,11.17,,,,,,,,,,,,,,,,,,,,,,,,,,,
2015-05-05,31.61,25.31,36.86,,,,,,,,,,,,,40.39,34.19,46.18,,,,,,,,,,,,,9.04,3.29,14.51,,,,,,,,,,,,,11.95,5.83,17.24,,,,6.0,0.07,11.17,,,,,,,,,,,,,,,,,,,,,,,,,,,
2015-05-06,31.61,25.31,36.86,,,,,,,,,,,,,40.4,34.18,46.18,,,,,,,,,,,,,9.05,3.31,14.52,,,,,,,,,,,,,11.95,5.82,17.23,,,,6.0,0.08,11.18,,,,,,,,,,,,,,,,,,,,,,31.0,42.0,9.0,11.0,5.0,
2015-05-26,,,,,,,,,,,,,,,,,,,,,,,,,,,,,,,,,,,,,,,,,,,,,,,,,,,,,,,,,,,,,,,,,,,,,,,,,,,,34.0,44.0,7.0,6.0,5.0,
2015-12-01,,,,,,,,,,,,,,,,,,,,,,,,,,,,,,,,,,,,,,,,,,,,,,,,,,,,,,,,,,,,,,,,,,,,,,,,,,,,38.0,37.0,6.0,14.0,4.0,
2015-12-28,,,,38.0,32.49,44.29,,,,,,,,,,,,,37.0,31.49,43.29,,,,,,,,,,,,,6.0,0.49,12.29,,,,,,,,,,,,,14.0,8.49,20.29,,,,4.0,-1.51,10.29,,,,,,,,,,,,,,,,,,,,,,,,
2015-12-29,,,,38.0,28.76,43.98,,,,,,,,,,,,,37.0,31.89,49.57,,,,,,,,,,,,,6.0,0.89,12.95,,,,,,,,,,,,,14.0,7.91,19.98,,,,4.0,-2.09,9.98,,,,,,,,,,,,,,,,,,,,,,,,
2015-12-30,,,,38.0,28.76,43.96,,,,,,,,,,,,,37.0,31.89,49.57,,,,,,,,,,,,,6.0,0.89,12.94,,,,,,,,,,,,,14.0,7.92,19.97,,,,4.0,-2.08,9.97,,,,,,,,,,,,,,,,,,,,,,,,
2015-12-31,,,,37.99,28.76,43.93,,,,,,,,,,,,,37.02,31.9,49.57,,,,,,,,,,,,,6.0,0.9,12.93,,,,,,,,,,,,,14.0,7.92,19.96,,,,4.0,-2.08,9.96,,,,,,,,,,,,,,,,,,,,,,,,
2016-01-01,,,,37.97,28.76,43.87,,,,,,,,,,,,,37.04,31.91,49.57,,,,,,,,,,,,,6.01,0.91,12.92,,,,,,,,,,,,,13.99,7.92,19.93,,,,3.99,-2.08,9.93,,,,,,,,,,,,,,,,,,,,,,,,
2016-01-02,,,,37.94,28.76,43.75,,,,,,,,,,,,,37.07,31.94,49.57,,,,,,,,,,,,,6.01,0.92,12.9,,,,,,,,,,,,,13.99,7.93,19.88,,,,3.99,-2.07,9.88,,,,,,,,,,,,,,,,,,,,,,,,
2016-01-03,,,,37.9,28.76,43.6,,,,,,,,,,,,,37.12,31.97,49.57,,,,,,,,,,,,,6.02,0.95,12.87,,,,,,,,,,,,,13.98,7.94,19.81,,,,3.98,-2.06,9.81,,,,,,,,,,,,,,,,,,,,,,,,
2016-01-04,,,,37.84,28.76,43.4,,,,,,,,,,,,,37.19,32.0,49.57,,,,,,,,,,,,,6.03,0.97,12.82,,,,,,,,,,,,,13.97,7.96,19.72,,,,3.97,-2.04,9.72,,,,,,,,,,,,,,,,,,,,,,,,
2016-01-05,,,,37.77,28.76,43.16,,,,,,,,,,,,,37.28,32.04,49.57,,,,,,,,,,,,,6.05,1.0,12.76,,,,,,,,,,,,,13.95,7.98,19.63,,,,3.95,-2.02,9.63,,,,,,,,,,,,,,,,,,,,,,,,
2016-01-06,,,,37.68,28.76,42.91,,,,,,,,,,,,,37.39,32.08,49.57,,,,,,,,,,,,,6.07,1.01,12.7,,,,,,,,,,,,,13.93,8.0,19.53,,,,3.93,-2.0,9.53,,,,,,,,,,,,,,,,,,,,,,,,
2016-01-07,,,,37.58,28.76,42.69,,,,,,,,,,,,,37.52,32.14,49.57,,,,,,,,,,,,,6.09,1.02,12.61,,,,,,,,,,,,,13.91,8.04,19.46,,,,3.91,-1.96,9.46,,,,,,,,,,,,,,,,,,,,,,,,
2016-01-08,,,,37.45,28.76,42.43,,,,,,,,,,,,,37.67,32.2,49.57,,,,,,,,,,,,,6.12,1.03,12.51,,,,,,,,,,,,,13.88,8.08,19.39,,,,3.88,-1.92,9.39,,,,,,,,,,,,,,,,,,,,,,,,
2016-01-09,,,,37.31,28.76,42.18,,,,,,,,,,,,,37.84,32.28,49.57,,,,,,,,,,,,,6.15,1.04,12.4,,,,,,,,,,,,,13.85,8.12,19.28,,,,3.85,-1.88,9.28,,,,,,,,,,,,,,,,,,,,,,,,
2016-01-10,,,,37.15,28.76,41.95,,,,,,,,,,,,,38.04,32.32,49.57,,,,,,,,,,,,,6.19,1.06,12.27,,,,,,,,,,,,,13.81,8.18,19.08,,,,3.81,-1.82,9.08,,,,,,,,,,,,,,,,,,,,,,,,
2016-01-11,,,,36.96,28.76,41.73,,,,,,,,,,,,,38.27,32.39,49.57,,,,,,,,,,,,,6.23,1.08,12.16,,,,,,,,,,,,,13.77,8.23,18.81,,,,3.77,-1.77,8.81,,,,,,,,,,,,,,,,,,,,,,,,
2016-01-12,,,,36.76,28.76,41.5,,,,,,,,,,,,,38.51,32.54,49.57,,,,,,,,,,,,,6.27,1.1,12.07,,,,,,,,,,,,,13.73,8.28,18.52,,,,3.73,-1.72,8.52,,,,,,,,,,,,,,,,,,,,,,,,
2016-01-13,,,,36.55,28.76,41.11,,,,,,,,,,,,,38.78,32.73,49.57,,,,,,,,,,,,,6.32,1.12,11.96,,,,,,,,,,,,,13.68,8.32,18.2,,,,3.68,-1.68,8.2,,,,,,,,,,,,,,,,,,,,,,,,
2016-01-14,,,,36.31,28.76,40.89,,,,,,,,,,,,,39.07,33.05,49.57,,,,,,,,,,,,,6.38,1.17,11.85,,,,,,,,,,,,,13.62,8.36,17.88,,,,3.62,-1.64,7.88,,,,,,,,,,,,,,,,,,,,,,,,
2016-01-15,,,,36.06,28.76,40.69,,,,,,,,,,,,,39.37,33.25,49.57,,,,,,,,,,,,,6.43,1.33,11.73,,,,,,,,,,,,,13.57,8.39,17.68,,,,3.57,-1.61,7.68,,,,,,,,,,,,,,,,,,,,,,,,
2016-01-16,,,,35.79,28.76,40.46,,,,,,,,,,,,,39.7,33.39,49.52,,,,,,,,,,,,,6.49,1.51,11.61,,,,,,,,,,,,,13.51,8.37,17.48,,,,3.51,-1.63,7.48,,,,,,,,,,,,,,,,,,,,,,,,
2016-01-17,,,,35.52,28.76,40.28,,,,,,,,,,,,,40.04,33.59,49.52,,,,,,,,,,,,,6.55,1.69,11.5,,,,,,,,,,,,,13.45,8.47,17.32,,,,3.45,-1.53,7.32,,,,,,,,,,,,,,,,,,,,,,,,
2016-01-18,,,,35.23,28.76,39.86,,,,,,,,,,,,,40.39,33.93,49.52,,,,,,,,,,,,,6.62,1.92,11.15,,,,,,,,,,,,,13.38,8.58,17.21,,,,3.38,-1.42,7.21,,,,,,,,,,,,,,,,,,,,,,,,
2016-01-19,,,,34.93,28.76,39.71,,,,,,,,,,,,,40.76,34.3,49.52,,,,,,,,,,,,,6.68,2.06,10.84,,,,,,,,,,,,,13.32,8.64,17.12,,,,3.32,-1.36,7.12,,,,,,,,,,,,,,,,,,,,,,,,
2016-01-20,,,,34.62,28.76,39.62,,,,,,,,,,,,,41.13,34.55,49.52,,,,,,,,,,,,,6.75,2.06,10.78,,,,,,,,,,,,,13.25,8.57,17.03,,,,3.25,-1.43,7.03,,,,,,,,,,,,,,,,,,,,,,,,
2016-01-21,,,,34.3,28.76,39.53,,,,,,,,,,,,,41.52,34.78,49.52,,,,,,,,,,,,,6.82,2.04,10.91,,,,,,,,,,,,,13.18,8.4,17.03,,,,3.18,-1.6,7.03,,,,,,,,,,,,,,,,,,,,,,,,
2016-01-22,,,,33.98,28.63,39.39,,,,,,,,,,,,,41.91,35.01,49.52,,,,,,,,,,,,,6.89,2.04,10.88,,,,,,,,,,,,,13.11,8.2,16.89,,,,3.11,-1.8,6.89,,,,,,,,,,,,,,,,,,,,,,,,
2016-01-23,,,,33.66,28.37,39.21,,,,,,,,,,,,,42.3,35.28,49.52,,,,,,,,,,,,,6.96,2.06,10.7,,,,,,,,,,,,,13.04,8.21,16.84,,,,3.04,-1.79,6.84,,,,,,,,,,,,,,,,,,,,,,,,
2016-01-24,,,,33.34,27.98,39.21,,,,,,,,,,,,,42.7,35.71,49.52,,,,,,,,,,,,,7.04,2.04,10.55,,,,,,,,,,,,,12.96,8.28,16.67,,,,2.96,-1.72,6.67,,,,,,,,,,,,,,,,,,,,,,,,
2016-01-25,,,,33.02,27.76,39.21,,,,,,,,,,,,,43.09,35.92,49.52,,,,,,,,,,,,,7.11,2.08,10.61,,,,,,,,,,,,,12.89,8.17,16.57,,,,2.89,-1.83,6.57,,,,,,,,,,,,,,,,,,,,,,,,
2016-01-26,,,,32.7,27.51,39.21,,,,,,,,,,,,,43.48,36.02,49.57,,,,,,,,,,,,,7.18,2.06,10.71,,,,,,,,,,,,,12.82,8.08,16.59,,,,2.82,-1.92,6.59,,,,,,,,,,,,,,,,,,,,,,,,
2016-01-27,,,,32.38,27.26,39.21,,,,,,,,,,,,,43.87,36.3,49.66,,,,,,,,,,,,,7.25,2.06,10.84,,,,,,,,,,,,,12.75,8.04,16.64,,,,2.75,-1.96,6.64,,,,,,,,,,,,,,,,,,,,,,,,
2016-01-28,,,,32.07,27.1,39.21,,,,,,,,,,,,,44.24,36.42,49.72,,,,,,,,,,,,,7.32,2.06,10.96,,,,,,,,,,,,,12.68,7.9,16.74,,,,2.68,-2.1,6.74,,,,,,,,,,,,,,,,,,,,,,,,
2016-01-29,,,,31.77,26.84,39.24,,,,,,,,,,,,,44.61,36.42,49.88,,,,,,,,,,,,,7.38,2.09,11.09,,,,,,,,,,,,,12.62,7.73,16.82,,,,2.62,-2.27,6.82,,,,,,,,,,,,,,,,,,,,,,,,
2016-01-30,,,,31.48,26.51,39.3,,,,,,,,,,,,,44.96,36.42,50.11,,,,,,,,,,,,,7.45,2.04,11.32,,,,,,,,,,,,,12.55,7.56,16.83,,,,2.55,-2.44,6.83,,,,,,,,,,,,,,,,,,,,,,,,
2016-01-31,,,,31.21,26.21,39.31,,,,,,,,,,,,,45.3,36.42,50.43,,,,,,,,,,,,,7.51,1.89,11.56,,,,,,,,,,,,,12.49,7.4,16.84,,,,2.49,-2.6,6.84,,,,,,,,,,,,,,,,,,,,,,,,
2016-02-01,,,,30.94,25.91,39.31,,,,,,,,,,,,,45.63,36.42,50.56,,,,,,,,,,,,,7.57,1.71,11.9,,,,,,,,,,,,,12.43,7.29,16.98,,,,2.43,-2.71,6.98,,,,,,,,,,,,,,,,,,,,,,,,
2016-02-02,,,,30.69,25.49,39.31,,,,,,,,,,,,,45.93,36.42,50.72,,,,,,,,,,,,,7.62,1.61,12.26,,,,,,,,,,,,,12.38,7.05,16.98,,,,2.38,-2.95,6.98,,,,,,,,,,,,,,,,,,,,,,,,
2016-02-03,,,,30.45,25.07,39.31,,,,,,,,,,,,,46.22,36.42,50.89,,,,,,,,,,,,,7.68,1.46,12.55,,,,,,,,,,,,,12.32,6.66,16.99,,,,2.32,-3.34,6.99,,,,,,,,,,,,,,,,,,,,,,,,
2016-02-04,,,,30.24,24.46,39.31,,,,,,,,,,,,,46.49,36.42,51.3,,,,,,,,,,,,,7.73,1.31,12.79,,,,,,,,,,,,,12.27,6.22,17.0,,,,2.27,-3.78,7.0,,,,,,,,,,,,,,,,,,,,,,,,
2016-02-05,,,,30.04,24.11,39.31,,,,,,,,,,,,,46.73,36.42,51.88,,,,,,,,,,,,,7.77,1.18,12.85,,,,,,,,,,,,,12.23,6.05,17.02,,,,2.23,-3.95,7.02,,,,,,,,,,,,,,,,,,,,,,,,
2016-02-06,,,,29.85,23.9,39.82,,,,,,,,,,,,,46.96,35.33,52.96,,,,,,,,,,,,,7.81,0.97,13.56,,,,,,,,,,,,,12.19,5.8,19.4,,,,2.19,-4.2,9.4,,,,,,,,,,,,,,,,,,,,,,,,
2016-02-07,,,,29.69,23.52,39.84,,,,,,,,,,,,,47.16,35.45,52.9,,,,,,,,,,,,,7.85,0.92,13.71,,,,,,,,,,,,,12.15,5.67,19.39,,,,2.15,-4.33,9.39,,,,,,,,,,,,,,,,,,,,,,,,
2016-02-08,,,,29.55,23.19,39.83,,,,,,,,,,,,,47.33,35.51,53.05,,,,,,,,,,,,,7.88,0.77,13.88,,,,,,,,,,,,,12.12,5.5,19.36,,,,2.12,-4.5,9.36,,,,,,,,,,,,,,,,,,,,,,,,
2016-02-09,,,,29.42,22.89,39.59,,,,,,,,,,,,,47.48,35.68,53.3,,,,,,,,,,,,,7.9,0.72,14.02,,,,,,,,,,,,,12.1,5.39,19.3,,,,2.1,-4.61,9.3,,,,,,,,,,,,,,,,,,,,,,,,
2016-02-10,,,,29.32,22.72,39.26,,,,,,,,,,,,,47.61,35.97,53.3,,,,,,,,,,,,,7.92,0.67,14.14,,,,,,,,,,,,,12.07,5.29,19.3,,,,2.07,-4.71,9.3,,,,,,,,,,,,,,,,,,,,,,,,
2016-02-11,,,,29.23,22.55,38.97,,,,,,,,,,,,,47.71,36.38,53.3,,,,,,,,,,,,,7.94,0.63,13.81,,,,,,,,,,,,,12.06,5.19,19.28,,,,2.06,-4.81,9.28,,,,,,,,,,,,,,,,,,,,,,,,
2016-02-12,,,,29.17,22.42,38.35,,,,,,,,,,,,,47.79,36.69,53.3,,,,,,,,,,,,,7.94,0.56,13.33,,,,,,,,,,,,,12.05,5.13,18.93,,,,2.05,-4.87,8.93,,,,,,,,,,,,,,,,,,,,,,,,
2016-02-13,,,,29.12,22.35,37.54,,,,,,,,,,,,,47.85,37.36,53.3,,,,,,,,,,,,,7.94,0.48,13.3,,,,,,,,,,,,,12.04,5.17,19.04,,,,2.04,-4.83,9.04,,,,,,,,,,,,,,,,,,,,,,,,
2016-02-14,,,,29.08,22.29,37.21,,,,,,,,,,,,,47.88,37.04,53.3,,,,,,,,,,,,,7.94,-0.28,13.58,,,,,,,,,,,,,12.04,5.19,18.92,,,,2.04,-4.81,8.92,,,,,,,,,,,,,,,,,,,,,,,,
2016-02-15,,,,29.06,22.09,37.1,,,,,,,,,,,,,47.9,37.4,53.73,,,,,,,,,,,,,7.93,-0.5,14.31,,,,,,,,,,,,,12.04,4.93,18.98,,,,2.04,-5.07,8.98,,,,,,,,,,,,,,,,,,,,,,,,
2016-02-16,,,,29.05,21.6,36.7,,,,,,,,,,,,,47.9,37.4,54.23,,,,,,,,,,,,,7.92,-0.55,14.24,,,,,,,,,,,,,12.04,4.6,18.89,,,,2.04,-5.4,8.89,,,,,,,,,,,,,,,,,,,,,,,,
2016-02-17,,,,29.05,21.61,36.66,,,,,,,,,,,,,47.89,37.4,54.15,,,,,,,,,,,,,7.9,-0.56,14.15,,,,,,,,,,,,,12.05,4.61,18.8,,,,2.05,-5.39,8.8,,,,,,,,,,,,,,,,,,,,,,,,
2016-02-18,,,,29.06,21.61,36.65,,,,,,,,,,,,,47.88,37.4,54.05,,,,,,,,,,,,,7.88,-0.55,14.05,,,,,,,,,,,,,12.06,4.61,18.73,,,,2.06,-5.39,8.73,,,,,,,,,,,,,,,,,,,,,,,,
2016-02-19,,,,29.07,21.39,35.7,,,,,,,,,,,,,47.85,39.64,54.13,,,,,,,,,,,,,7.85,-0.36,14.13,,,,,,,,,,,,,12.07,4.39,18.7,,,,2.07,-5.61,8.7,,,,,,,,,,,,,,,,,,,,,,,,
2016-02-20,,,,29.09,22.41,35.57,,,,,,,,,,,,,47.83,40.52,54.02,,,,,,,,,,,,,7.83,0.52,14.02,,,,,,,,,,,,,12.09,5.41,18.57,,,,2.09,-4.59,8.57,,,,,,,,,,,,,,,,,,,,,,,,
2016-02-21,,,,29.1,22.48,35.47,,,,,,,,,,,,,47.8,40.53,53.85,,,,,,,,,,,,,7.8,0.53,13.85,,,,,,,,,,,,,12.1,5.48,18.47,,,,2.1,-4.52,8.47,,,,,,,,,,,,,,,,,,,,,,,,
2016-02-22,,,,29.11,22.48,35.35,,,,,,,,,,,,,47.78,40.54,53.68,,,,,,,,,,,,,7.78,0.54,13.68,,,,,,,,,,,,,12.11,5.48,18.35,,,,2.11,-4.52,8.35,,,,,,,,,,,,,,,,,,,,,,,,
2016-02-23,,,,29.13,22.49,35.25,,,,,,,,,,,,,47.75,40.53,53.54,,,,,,,,,,,,,7.75,0.53,13.54,,,,,,,,,,,,,12.13,5.49,18.25,,,,2.13,-4.51,8.25,,,,,,,,,,,,,,,,,,,,,,,,
2016-02-24,,,,29.14,22.49,35.15,,,,,,,,,,,,,47.72,40.72,53.41,,,,,,,,,,,,,7.72,0.72,13.41,,,,,,,,,,,,,12.14,5.49,18.15,,,,2.14,-4.51,8.15,,,,,,,,,,,,,,,,,,,,,,,,
2016-02-25,,,,29.15,22.76,35.05,,,,,,,,,,,,,47.69,40.91,53.24,,,,,,,,,,,,,7.69,0.91,13.24,,,,,,,,,,,,,12.15,5.76,18.05,,,,2.15,-4.24,8.05,,,,,,,,,,,,,,,,,,,,,,,,
2016-02-26,,,,29.17,23.03,34.96,,,,,,,,,,,,,47.66,40.92,53.09,,,,,,,,,,,,,7.66,0.92,13.09,,,,,,,,,,,,,12.17,6.03,17.96,,,,2.17,-3.97,7.96,,,,,,,,,,,,,,,,,,,,,,,,
2016-02-27,,,,29.18,23.15,34.87,,,,,,,,,,,,,47.63,40.89,53.02,,,,,,,,,,,,,7.63,0.89,13.02,,,,,,,,,,,,,12.18,6.15,17.87,,,,2.18,-3.85,7.87,,,,,,,,,,,,,,,,,,,,,,,,
2016-02-28,,,,29.2,23.25,34.78,,,,,,,,,,,,,47.61,40.84,53.02,,,,,,,,,,,,,7.61,0.84,13.02,,,,,,,,,,,,,12.2,6.25,17.78,,,,2.2,-3.75,7.78,,,,,,,,,,,,,,,,,,,,,,,,
2016-02-29,,,,29.21,23.32,34.7,,,,,,,,,,,,,47.58,40.9,53.02,,,,,,,,,,,,,7.58,0.9,13.02,,,,,,,,,,,,,12.21,6.32,17.7,,,,2.21,-3.68,7.7,,,,,,,,,,,,,,,,,,,,,,,,
2016-03-01,,,,29.23,23.3,34.61,,,,,,,,,,,,,47.55,40.96,52.92,,,,,,,,,,,,,7.55,0.96,12.92,,,,,,,,,,,,,12.23,6.3,17.61,,,,2.23,-3.7,7.61,,,,,,,,,,,,,,,,,,,,,,,,
2016-03-02,,,,29.24,23.28,34.53,,,,,,,,,,,,,47.52,41.03,52.9,,,,,,,,,,,,,7.52,1.03,12.9,,,,,,,,,,,,,12.24,6.28,17.53,,,,2.24,-3.72,7.53,,,,,,,,,,,,,,,,,,,,,,,,
2016-03-03,,,,29.25,23.25,34.47,,,,,,,,,,,,,47.5,41.09,52.87,,,,,,,,,,,,,7.5,1.09,12.87,,,,,,,,,,,,,12.25,6.25,17.47,,,,2.25,-3.75,7.47,,,,,,,,,,,,,,,,,,,,,,,,
2016-03-04,,,,29.27,23.23,34.42,,,,,,,,,,,,,47.47,41.15,52.85,,,,,,,,,,,,,7.47,1.15,12.85,,,,,,,,,,,,,12.27,6.23,17.42,,,,2.27,-3.77,7.42,,,,,,,,,,,,,,,,,,,,,,,,
2016-03-05,,,,29.28,23.2,34.4,,,,,,,,,,,,,47.44,41.22,52.75,,,,,,,,,,,,,7.44,1.22,12.75,,,,,,,,,,,,,12.28,6.2,17.4,,,,2.28,-3.8,7.4,,,,,,,,,,,,,,,,,,,,,,,,
2016-03-06,,,,29.29,23.18,34.39,,,,,,,,,,,,,47.42,41.28,52.65,,,,,,,,,,,,,7.42,1.28,12.65,,,,,,,,,,,,,12.29,6.18,17.39,,,,2.29,-3.82,7.39,,,,,,,,,,,,,,,,,,,,,,,,
2016-03-07,,,,29.3,23.16,34.37,,,,,,,,,,,,,47.39,41.34,52.55,,,,,,,,,,,,,7.39,1.34,12.55,,,,,,,,,,,,,12.3,6.16,17.37,,,,2.3,-3.84,7.37,,,,,,,,,,,,,,,,,,,,,,,,
2016-03-08,,,,29.31,23.13,34.34,,,,,,,,,,,,,47.37,41.37,52.46,,,,,,,,,,,,,7.37,1.37,12.46,,,,,,,,,,,,,12.31,6.13,17.34,,,,2.31,-3.87,7.34,,,,,,,,,,,,,,,,,,,,,,,,
2016-03-09,,,,29.33,23.12,34.26,,,,,,,,,,,,,47.35,41.37,52.39,,,,,,,,,,,,,7.35,1.37,12.39,,,,,,,,,,,,,12.33,6.12,17.26,,,,2.33,-3.88,7.26,,,,,,,,,,,,,,,,,,,,,,,,
2016-03-10,,,,29.34,23.2,34.17,,,,,,,,,,,,,47.33,41.37,52.32,,,,,,,,,,,,,7.33,1.37,12.32,,,,,,,,,,,,,12.34,6.2,17.17,,,,2.34,-3.8,7.17,,,,,,,,,,,,,,,,,,,,,,,,
2016-03-11,,,,29.35,23.27,34.1,,,,,,,,,,,,,47.31,41.35,52.26,,,,,,,,,,,,,7.31,1.35,12.26,,,,,,,,,,,,,12.35,6.27,17.1,,,,2.35,-3.73,7.1,,,,,,,,,,,,,,,,,,,,,,,,
2016-03-12,,,,29.36,23.33,34.04,,,,,,,,,,,,,47.29,41.31,52.2,,,,,,,,,,,,,7.29,1.31,12.2,,,,,,,,,,,,,12.36,6.33,17.04,,,,2.36,-3.67,7.04,,,,,,,,,,,,,,,,,,,,,,,,
2016-03-13,,,,29.37,23.39,34.02,,,,,,,,,,,,,47.27,41.27,52.18,,,,,,,,,,,,,7.27,1.27,12.18,,,,,,,,,,,,,12.37,6.39,17.02,,,,2.37,-3.61,7.02,,,,,,,,,,,,,,,,,,,,,,,,
2016-03-14,,,,29.38,23.4,34.02,,,,,,,,,,,,,47.25,41.24,52.14,,,,,,,,,,,,,7.25,1.24,12.14,,,,,,,,,,,,,12.38,6.4,17.02,,,,2.38,-3.6,7.02,,,,,,,,,,,,,,,,,,,,,,,,
2016-03-15,,,,29.38,23.42,34.02,,,,,,,,,,,,,47.23,41.2,52.05,,,,,,,,,,,,,7.23,1.2,12.05,,,,,,,,,,,,,12.38,6.42,17.02,,,,2.38,-3.58,7.02,,,,,,,,,,,,,,,,,,,,,,,,
2016-03-16,,,,29.39,23.43,34.02,,,,,,,,,,,,,47.21,41.23,51.98,,,,,,,,,,,,,7.21,1.23,11.98,,,,,,,,,,,,,12.39,6.43,17.02,,,,2.39,-3.57,7.02,,,,,,,,,,,,,,,,,,,,,,,,
2016-03-17,,,,29.4,23.49,34.02,,,,,,,,,,,,,47.2,41.27,51.95,,,,,,,,,,,,,7.2,1.27,11.95,,,,,,,,,,,,,12.4,6.49,17.02,,,,2.4,-3.51,7.02,,,,,,,,,,,,,,,,,,,29.0,48.0,8.0,12.0,2.0,
2016-03-18,,,,29.41,23.55,33.98,,,,,,,,,,,,,47.18,41.29,51.94,,,,,,,,,,,,,7.18,1.29,11.94,,,,,,,,,,,,,12.41,6.55,16.98,,,,2.41,-3.45,6.98,,,,,,,,,,,,,,,,,,,,,,,,
2016-03-19,,,,29.42,23.6,33.95,,,,,,,,,,,,,47.17,41.32,51.92,,,,,,,,,,,,,7.17,1.32,11.92,,,,,,,,,,,,,12.42,6.6,16.95,,,,2.42,-3.4,6.95,,,,,,,,,,,,,,,,,,,,,,,,
2016-03-20,,,,29.42,23.64,33.93,,,,,,,,,,,,,47.15,41.35,51.91,,,,,,,,,,,,,7.15,1.35,11.91,,,,,,,,,,,,,12.42,6.64,16.93,,,,2.42,-3.36,6.93,,,,,,,,,,,,,,,,,,,,,,,,
2016-03-21,,,,29.43,23.68,33.92,,,,,,,,,,,,,47.14,41.37,51.86,,,,,,,,,,,,,7.14,1.37,11.86,,,,,,,,,,,,,12.43,6.68,16.92,,,,2.43,-3.32,6.92,,,,,,,,,,,,,,,,,,,,,,,,
2016-03-22,,,,29.43,23.73,33.91,,,,,,,,,,,,,47.13,41.38,51.81,,,,,,,,,,,,,7.13,1.38,11.81,,,,,,,,,,,,,12.43,6.73,16.91,,,,2.43,-3.27,6.91,,,,,,,,,,,,,,,,,,,,,,,,
2016-03-23,,,,29.44,23.76,33.9,,,,,,,,,,,,,47.12,41.38,51.76,,,,,,,,,,,,,7.12,1.38,11.76,,,,,,,,,,,,,12.44,6.76,16.9,,,,2.44,-3.24,6.9,,,,,,,,,,,,,,,,,,,,,,,,
2016-03-24,,,,29.45,23.79,33.9,,,,,,,,,,,,,47.11,41.39,51.7,,,,,,,,,,,,,7.11,1.39,11.7,,,,,,,,,,,,,12.45,6.79,16.9,,,,2.45,-3.21,6.9,,,,,,,,,,,,,,,,,,,,,,,,
2016-03-25,,,,29.45,23.75,33.9,,,,,,,,,,,,,47.1,41.37,51.66,,,,,,,,,,,,,7.1,1.37,11.66,,,,,,,,,,,,,12.45,6.75,16.9,,,,2.45,-3.25,6.9,,,,,,,,,,,,,,,,,,,,,,,,
2016-03-26,,,,29.46,23.71,33.9,,,,,,,,,,,,,47.09,41.33,51.63,,,,,,,,,,,,,7.09,1.33,11.63,,,,,,,,,,,,,12.46,6.71,16.9,,,,2.46,-3.29,6.9,,,,,,,,,,,,,,,,,,,,,,,,
2016-03-27,,,,29.46,23.68,33.91,,,,,,,,,,,,,47.08,41.28,51.62,,,,,,,,,,,,,7.08,1.28,11.62,,,,,,,,,,,,,12.46,6.68,16.91,,,,2.46,-3.32,6.91,,,,,,,,,,,,,,,,,,,,,,,,
2016-03-28,,,,29.47,23.64,33.92,,,,,,,,,,,,,47.07,41.23,51.61,,,,,,,,,,,,,7.07,1.23,11.61,,,,,,,,,,,,,12.47,6.64,16.92,,,,2.47,-3.36,6.92,,,,,,,,,,,,,,,,,,,,,,,,
2016-03-29,,,,29.47,23.61,33.94,,,,,,,,,,,,,47.06,41.19,51.6,,,,,,,,,,,,,7.06,1.19,11.6,,,,,,,,,,,,,12.47,6.61,16.94,,,,2.47,-3.39,6.94,,,,,,,,,,,,,,,,,,,,,,,,
2016-03-30,,,,29.47,23.58,33.97,,,,,,,,,,,,,47.05,41.15,51.61,,,,,,,,,,,,,7.05,1.15,11.61,,,,,,,,,,,,,12.47,6.58,16.97,,,,2.47,-3.42,6.97,,,,,,,,,,,,,,,,,,,,,,,,
2016-03-31,,,,29.48,23.55,33.98,,,,,,,,,,,,,47.04,41.11,51.61,,,,,,,,,,,,,7.04,1.11,11.61,,,,,,,,,,,,,12.48,6.55,16.98,,,,2.48,-3.45,6.98,,,,,,,,,,,,,,,,,,,,,,,,
2016-04-01,,,,29.48,23.52,33.97,,,,,,,,,,,,,47.04,41.07,51.61,,,,,,,,,,,,,7.04,1.07,11.61,,,,,,,,,,,,,12.48,6.52,16.97,,,,2.48,-3.48,6.97,,,,,,,,,,,,,,,,,,,,,,,,
2016-04-02,,,,29.49,23.48,33.96,,,,,,,,,,,,,47.03,41.02,51.62,,,,,,,,,,,,,7.03,1.02,11.62,,,,,,,,,,,,,12.49,6.48,16.96,,,,2.49,-3.52,6.96,,,,,,,,,,,,,,,,,,,,,,,,
2016-04-03,,,,29.49,23.47,33.95,,,,,,,,,,,,,47.02,40.99,51.62,,,,,,,,,,,,,7.02,0.99,11.62,,,,,,,,,,,,,12.49,6.47,16.95,,,,2.49,-3.53,6.95,,,,,,,,,,,,,,,,,,,,,,,,
2016-04-04,,,,29.49,23.47,33.94,,,,,,,,,,,,,47.01,40.95,51.62,,,,,,,,,,,,,7.01,0.95,11.62,,,,,,,,,,,,,12.49,6.47,16.94,,,,2.49,-3.53,6.94,,,,,,,,,,,,,,,,,,,,,,,,
2016-04-05,,,,29.5,23.47,33.93,,,,,,,,,,,,,47.01,40.91,51.63,,,,,,,,,,,,,7.01,0.91,11.63,,,,,,,,,,,,,12.5,6.47,16.93,,,,2.5,-3.53,6.93,,,,,,,,,,,,,,,,,,,,,,,,
2016-04-06,,,,29.5,23.47,33.92,,,,,,,,,,,,,47.0,40.87,51.63,,,,,,,,,,,,,7.0,0.87,11.63,,,,,,,,,,,,,12.5,6.47,16.92,,,,2.5,-3.53,6.92,,,,,,,,,,,,,,,,,,,,,,,,
2016-04-07,,,,29.5,23.47,33.92,,,,,,,,,,,,,46.99,40.83,51.64,,,,,,,,,,,,,6.99,0.83,11.64,,,,,,,,,,,,,12.5,6.47,16.92,,,,2.5,-3.53,6.92,,,,,,,,,,,,,,,,,,,,,,,,
2016-04-08,,,,29.51,23.47,33.92,,,,,,,,,,,,,46.99,40.79,51.65,,,,,,,,,,,,,6.99,0.79,11.65,,,,,,,,,,,,,12.51,6.47,16.92,,,,2.51,-3.53,6.92,,,,,,,,,,,,,,,,,,,,,,,,
2016-04-09,,,,29.51,23.47,33.91,,,,,,,,,,,,,46.98,40.76,51.66,,,,,,,,,,,,,6.98,0.76,11.66,,,,,,,,,,,,,12.51,6.47,16.91,,,,2.51,-3.53,6.91,,,,,,,,,,,,,,,,,,,,,,,,
2016-04-10,,,,29.51,23.47,33.91,,,,,,,,,,,,,46.97,40.71,51.68,,,,,,,,,,,,,6.97,0.71,11.68,,,,,,,,,,,,,12.51,6.47,16.91,,,,2.51,-3.53,6.91,,,,,,,,,,,,,,,,,,,,,,,,
2016-04-11,,,,29.52,23.47,33.91,,,,,,,,,,,,,46.96,40.67,51.69,,,,,,,,,,,,,6.96,0.67,11.69,,,,,,,,,,,,,12.52,6.47,16.91,,,,2.52,-3.53,6.91,,,,,,,,,,,,,,,,,,,,,,,,
2016-04-12,,,,29.52,23.47,33.91,,,,,,,,,,,,,46.96,40.63,51.7,,,,,,,,,,,,,6.96,0.63,11.7,,,,,,,,,,,,,12.52,6.47,16.91,,,,2.52,-3.53,6.91,,,,,,,,,,,,,,,,,,,,,,,,
2016-04-13,,,,29.53,23.47,33.9,,,,,,,,,,,,,46.95,40.59,51.72,,,,,,,,,,,,,6.95,0.59,11.72,,,,,,,,,,,,,12.53,6.47,16.9,,,,2.53,-3.53,6.9,,,,,,,,,,,,,,,,,,,,,,,,
2016-04-14,,,,29.53,23.47,33.89,,,,,,,,,,,,,46.94,40.57,51.73,,,,,,,,,,,,,6.94,0.57,11.73,,,,,,,,,,,,,12.53,6.47,16.89,,,,2.53,-3.53,6.89,,,,,,,,,,,,,,,,,,,,,,,,
2016-04-15,,,,29.53,23.47,33.87,,,,,,,,,,,,,46.93,40.57,51.75,,,,,,,,,,,,,6.93,0.57,11.75,,,,,,,,,,,,,12.53,6.47,16.87,,,,2.53,-3.53,6.87,,,,,,,,,,,,,,,,,,,,,,,,
2016-04-16,,,,29.54,23.47,33.89,,,,,,,,,,,,,46.92,40.57,51.77,,,,,,,,,,,,,6.92,0.57,11.77,,,,,,,,,,,,,12.54,6.47,16.89,,,,2.54,-3.53,6.89,,,,,,,,,,,,,,,,,,,,,,,,
2016-04-17,,,,29.54,23.48,33.9,,,,,,,,,,,,,46.91,40.57,51.78,,,,,,,,,,,,,6.91,0.57,11.78,,,,,,,,,,,,,12.54,6.48,16.9,,,,2.54,-3.52,6.9,,,,,,,,,,,,,,,,,,,,,,,,
2016-04-18,,,,29.55,23.48,33.89,,,,,,,,,,,,,46.9,40.56,51.8,,,,,,,,,,,,,6.9,0.56,11.8,,,,,,,,,,,,,12.55,6.48,16.89,,,,2.55,-3.52,6.89,,,,,,,,,,,,,,,,,,,,,,,,
2016-04-19,,,,29.55,23.48,33.89,,,,,,,,,,,,,46.89,40.56,51.81,,,,,,,,,,,,,6.89,0.56,11.81,,,,,,,,,,,,,12.55,6.48,16.89,,,,2.55,-3.52,6.89,,,,,,,,,,,,,,,,,,,,,,,,
2016-04-20,,,,29.56,23.48,33.88,,,,,,,,,,,,,46.88,40.56,51.84,,,,,,,,,,,,,6.88,0.56,11.84,,,,,,,,,,,,,12.56,6.48,16.88,,,,2.56,-3.52,6.88,,,,,,,,,,,,,,,,,,,,,,,,
2016-04-21,,,,29.57,23.48,33.88,,,,,,,,,,,,,46.87,40.55,51.86,,,,,,,,,,,,,6.87,0.55,11.86,,,,,,,,,,,,,12.57,6.48,16.88,,,,2.57,-3.52,6.88,,,,,,,,,,,,,,,,,,,,,,,,
2016-04-22,,,,29.57,23.48,33.88,,,,,,,,,,,,,46.86,40.55,51.88,,,,,,,,,,,,,6.86,0.55,11.88,,,,,,,,,,,,,12.57,6.48,16.88,,,,2.57,-3.52,6.88,,,,,,,,,,,,,,,,,,,,,,,,
2016-04-23,,,,29.58,23.48,33.87,,,,,,,,,,,,,46.85,40.55,51.9,,,,,,,,,,,,,6.85,0.55,11.9,,,,,,,,,,,,,12.58,6.48,16.87,,,,2.58,-3.52,6.87,,,,,,,,,,,,,,,,,,,,,,,,
2016-04-24,,,,29.58,23.48,33.87,,,,,,,,,,,,,46.83,40.55,51.9,,,,,,,,,,,,,6.83,0.55,11.9,,,,,,,,,,,,,12.58,6.48,16.87,,,,2.58,-3.52,6.87,,,,,,,,,,,,,,,,,,,,,,,,
2016-04-25,,,,29.59,23.48,33.86,,,,,,,,,,,,,46.82,40.54,51.9,,,,,,,,,,,,,6.82,0.54,11.9,,,,,,,,,,,,,12.59,6.48,16.86,,,,2.59,-3.52,6.86,,,,,,,,,,,,,,,,,,,,,,,,
2016-04-26,,,,29.6,23.48,33.86,,,,,,,,,,,,,46.8,40.54,51.9,,,,,,,,,,,,,6.8,0.54,11.9,,,,,,,,,,,,,12.6,6.48,16.86,,,,2.6,-3.52,6.86,,,,,,,,,,,,,,,,,,,30.0,46.0,6.0,13.0,3.0,
2016-04-27,,,,29.61,23.48,33.86,,,,,,,,,,,,,46.79,40.54,51.9,,,,,,,,,,,,,6.79,0.54,11.9,,,,,,,,,,,,,12.61,6.48,16.86,,,,2.61,-3.52,6.86,,,,,,,,,,,,,,,,,,,,,,,,
2016-04-28,,,,29.62,23.48,33.85,,,,,,,,,,,,,46.77,40.53,51.9,,,,,,,,,,,,,6.77,0.53,11.9,,,,,,,,,,,,,12.62,6.48,16.85,,,,2.62,-3.52,6.85,,,,,,,,,,,,,,,,,,,,,,,,
2016-04-29,,,,29.62,23.49,33.85,,,,,,,,,,,,,46.75,40.53,51.9,,,,,,,,,,,,,6.75,0.53,11.9,,,,,,,,,,,,,12.62,6.49,16.85,,,,2.62,-3.51,6.85,,,,,,,,,,,,,,,,,,,,,,,,
2016-04-30,,,,29.63,23.49,33.84,,,,,,,,,,,,,46.73,40.52,51.9,,,,,,,,,,,,,6.73,0.52,11.9,,,,,,,,,,,,,12.63,6.49,16.84,,,,2.63,-3.51,6.84,,,,,,,,,,,,,,,,,,,,,,,,
2016-05-01,,,,29.64,23.49,33.84,,,,,,,,,,,,,46.71,40.52,51.9,,,,,,,,,,,,,6.71,0.52,11.9,,,,,,,,,,,,,12.64,6.49,16.84,,,,2.64,-3.51,6.84,,,,,,,,,,,,,,,,,,,,,,,,
2016-05-02,,,,29.65,23.49,33.83,,,,,,,,,,,,,46.69,40.51,51.9,,,,,,,,,,,,,6.69,0.51,11.9,,,,,,,,,,,,,12.65,6.49,16.83,,,,2.65,-3.51,6.83,,,,,,,,,,,,,,,,,,,,,,,,
2016-05-03,,,,29.66,23.47,33.83,,,,,,,,,,,,,46.67,40.49,51.87,,,,,,,,,,,,,6.67,0.49,11.87,,,,,,,,,,,,,12.66,6.47,16.83,,,,2.66,-3.53,6.83,,,,,,,,,,,,,,,,,,,,,,,,
2016-05-04,,,,29.67,23.45,33.86,,,,,,,,,,,,,46.65,40.47,51.81,,,,,,,,,,,,,6.65,0.47,11.81,,,,,,,,,,,,,12.67,6.45,16.86,,,,2.67,-3.55,6.86,,,,,,,,,,,,,,,,,,,,,,,,
2016-05-05,,,,29.69,23.44,33.89,,,,,,,,,,,,,46.63,40.44,51.76,,,,,,,,,,,,,6.63,0.44,11.76,,,,,,,,,,,,,12.69,6.44,16.89,,,,2.69,-3.56,6.89,,,,,,,,,,,,,,,,,,,,,,,,
2016-05-06,,,,29.7,23.42,33.91,,,,,,,,,,,,,46.61,40.41,51.78,,,,,,,,,,,,,6.61,0.41,11.78,,,,,,,,,,,,,12.7,6.42,16.91,,,,2.7,-3.58,6.91,,,,,,,,,,,,,,,,,,,,,,,,
2016-05-07,,,,29.71,23.39,34.01,,,,,,,,,,,,,46.58,40.34,51.81,,,,,,,,,,,,,6.58,0.34,11.81,,,,,,,,,,,,,12.71,6.39,17.01,,,,2.71,-3.61,7.01,,,,,,,,,,,,,,,,,,,,,,,,
2016-05-08,,,,29.72,23.36,34.02,,,,,,,,,,,,,46.56,40.22,51.85,,,,,,,,,,,,,6.56,0.22,11.85,,,,,,,,,,,,,12.72,6.36,17.02,,,,2.72,-3.64,7.02,,,,,,,,,,,,,,,,,,,,,,,,
2016-05-09,,,,29.73,23.27,34.06,,,,,,,,,,,,,46.53,40.11,51.89,,,,,,,,,,,,,6.53,0.11,11.89,,,,,,,,,,,,,12.73,6.27,17.06,,,,2.73,-3.73,7.06,,,,,,,,,,,,,,,,,,,,,,,,
2016-05-10,,,,29.75,23.18,34.2,,,,,,,,,,,,,46.5,39.98,51.93,,,,,,,,,,,,,6.5,-0.02,11.93,,,,,,,,,,,,,12.75,6.18,17.2,,,,2.75,-3.82,7.2,,,,,,,,,,,,,,,,,,,,,,,,
2016-05-11,,,,29.76,23.08,34.3,,,,,,,,,,,,,46.48,39.86,51.95,,,,,,,,,,,,,6.48,-0.14,11.95,,,,,,,,,,,,,12.76,6.08,17.3,,,,2.76,-3.92,7.3,,,,,,,,,,,,,,,,,,,,,,,,
2016-05-12,,,,29.77,23.0,34.24,,,,,,,,,,,,,46.45,39.74,52.01,,,,,,,,,,,,,6.45,-0.26,12.01,,,,,,,,,,,,,12.77,6.0,17.24,,,,2.77,-4.0,7.24,,,,,,,,,,,,,,,,,,,,,,,,
2016-05-13,,,,29.79,22.9,34.18,,,,,,,,,,,,,46.42,39.61,52.13,,,,,,,,,,,,,6.42,-0.39,12.13,,,,,,,,,,,,,12.79,5.9,17.18,,,,2.79,-4.1,7.18,,,,,,,,,,,,,,,,,,,,,,,,
2016-05-14,,,,29.8,22.8,34.23,,,,,,,,,,,,,46.39,39.58,52.2,,,,,,,,,,,,,6.39,-0.42,12.2,,,,,,,,,,,,,12.8,5.8,17.23,,,,2.8,-4.2,7.23,,,,,,,,,,,,,,,,,,,,,,,,
2016-05-15,,,,29.82,22.71,34.36,,,,,,,,,,,,,46.37,39.58,52.22,,,,,,,,,,,,,6.37,-0.42,12.22,,,,,,,,,,,,,12.82,5.71,17.36,,,,2.82,-4.29,7.36,,,,,,,,,,,,,,,,,,,,,,,,
2016-05-16,,,,29.83,22.61,34.38,,,,,,,,,,,,,46.34,39.58,52.26,,,,,,,,,,,,,6.34,-0.42,12.26,,,,,,,,,,,,,12.83,5.61,17.38,,,,2.83,-4.39,7.38,,,,,,,,,,,,,,,,,,,,,,,,
2016-05-17,,,,29.85,22.51,34.4,,,,,,,,,,,,,46.31,39.58,52.29,,,,,,,,,,,,,6.31,-0.42,12.29,,,,,,,,,,,,,12.85,5.51,17.4,,,,2.85,-4.49,7.4,,,,,,,,,,,,,,,,,,,,,,,,
2016-05-18,,,,29.86,22.41,34.42,,,,,,,,,,,,,46.28,39.58,52.32,,,,,,,,,,,,,6.28,-0.42,12.32,,,,,,,,,,,,,12.86,5.41,17.42,,,,2.86,-4.59,7.42,,,,,,,,,,,,,,,,,,,,,,,,
2016-05-19,,,,29.87,22.32,34.48,,,,,,,,,,,,,46.25,39.58,52.35,,,,,,,,,,,,,6.25,-0.42,12.35,,,,,,,,,,,,,12.87,5.32,17.48,,,,2.87,-4.68,7.48,,,,,,,,,,,,,,,,,,,,,,,,
2016-05-20,,,,29.89,22.28,34.54,,,,,,,,,,,,,46.22,39.58,52.38,,,,,,,,,,,,,6.22,-0.42,12.38,,,,,,,,,,,,,12.89,5.28,17.54,,,,2.89,-4.72,7.54,,,,,,,,,,,,,,,,,,,,,,,,
2016-05-21,,,,29.9,22.29,34.59,,,,,,,,,,,,,46.2,39.58,52.42,,,,,,,,,,,,,6.2,-0.42,12.42,,,,,,,,,,,,,12.9,5.29,17.59,,,,2.9,-4.71,7.59,,,,,,,,,,,,,,,,,,,,,,,,
2016-05-22,,,,29.91,22.3,34.65,,,,,,,,,,,,,46.17,39.57,52.44,,,,,,,,,,,,,6.17,-0.43,12.44,,,,,,,,,,,,,12.91,5.3,17.65,,,,2.91,-4.7,7.65,,,,,,,,,,,,,,,,,,,,,,,,
2016-05-23,,,,29.93,22.31,34.7,,,,,,,,,,,,,46.15,39.57,52.47,,,,,,,,,,,,,6.15,-0.43,12.47,,,,,,,,,,,,,12.93,5.31,17.7,,,,2.93,-4.69,7.7,,,,,,,,,,,,,,,,,,,,,,,,
2016-05-24,,,,29.94,22.32,34.75,,,,,,,,,,,,,46.12,39.56,52.5,,,,,,,,,,,,,6.12,-0.44,12.5,,,,,,,,,,,,,12.94,5.32,17.75,,,,2.94,-4.68,7.75,,,,,,,,,,,,,,,,,,,,,,,,
2016-05-25,,,,29.95,22.32,34.79,,,,,,,,,,,,,46.1,39.55,52.53,,,,,,,,,,,,,6.1,-0.45,12.53,,,,,,,,,,,,,12.95,5.32,17.79,,,,2.95,-4.68,7.79,,,,,,,,,,,,,,,,,,,,,,,,
2016-05-26,,,,29.96,22.32,34.83,,,,,,,,,,,,,46.08,39.54,52.57,,,,,,,,,,,,,6.08,-0.46,12.57,,,,,,,,,,,,,12.96,5.32,17.83,,,,2.96,-4.68,7.83,,,,,,,,,,,,,,,,,,,,,,,,
2016-05-27,,,,29.97,22.33,34.87,,,,,,,,,,,,,46.06,39.53,52.6,,,,,,,,,,,,,6.06,-0.47,12.6,,,,,,,,,,,,,12.97,5.33,17.87,,,,2.97,-4.67,7.87,,,,,,,,,,,,,,,,,,,,,,,,
2016-05-28,,,,29.98,22.34,34.89,,,,,,,,,,,,,46.05,39.52,52.64,,,,,,,,,,,,,6.05,-0.48,12.64,,,,,,,,,,,,,12.98,5.34,17.89,,,,2.98,-4.66,7.89,,,,,,,,,,,,,,,,,,,,,,,,
2016-05-29,,,,29.98,22.34,34.92,,,,,,,,,,,,,46.03,39.51,52.66,,,,,,,,,,,,,6.03,-0.49,12.66,,,,,,,,,,,,,12.98,5.34,17.92,,,,2.98,-4.66,7.92,,,,,,,,,,,,,,,,,,,,,,,,
2016-05-30,,,,29.99,22.35,34.94,,,,,,,,,,,,,46.02,39.51,52.68,,,,,,,,,,,,,6.02,-0.49,12.68,,,,,,,,,,,,,12.99,5.35,17.94,,,,2.99,-4.65,7.94,,,,,,,,,,,,,,,,,,,,,,,,
2016-05-31,,,,29.99,22.35,34.95,,,,,,,,,,,,,46.01,39.5,52.7,,,,,,,,,,,,,6.01,-0.5,12.7,,,,,,,,,,,,,12.99,5.35,17.95,,,,2.99,-4.65,7.95,,,,,,,,,,,,,,,,,,,,,,,,
2016-06-01,,,,30.0,22.35,34.97,,,,,,,,,,,,,46.01,39.5,52.73,,,,,,,,,,,,,6.01,-0.5,12.73,,,,,,,,,,,,,13.0,5.35,17.97,,,,3.0,-4.65,7.97,,,,,,,,,,,,,,,,,,,,,,,,
2016-06-02,,,,30.0,22.35,34.98,,,,,,,,,,,,,46.0,39.5,52.74,,,,,,,,,,,,,6.0,-0.5,12.74,,,,,,,,,,,,,13.0,5.35,17.98,,,,3.0,-4.65,7.98,,,,,,,,,,,,,,,,,,,,,,,,
2016-06-03,,,,30.0,22.35,34.98,,,,,,,,,,,,,46.0,39.5,52.75,,,,,,,,,,,,,6.0,-0.5,12.75,,,,,,,,,,,,,13.0,5.35,17.98,,,,3.0,-4.65,7.98,,,,,,,,,,,,,,,,,,,,,,,,
2016-06-04,,,,30.0,22.35,34.99,,,,,,,,,,,,,46.0,39.5,52.75,,,,,,,,,,,,,6.0,-0.5,12.75,,,,,,,,,,,,,13.0,5.35,17.99,,,,3.0,-4.65,7.99,,,,,,,,,,,,,,,,,,,,,,,,
2016-06-05,,,,30.0,21.79,36.38,,,,,,,,,,,,,46.0,37.79,52.38,,,,,,,,,,,,,6.0,-2.21,12.38,,,,,,,,,,,,,13.0,4.79,19.38,,,,3.0,-5.21,9.38,,,,,,,,,,,,,,,,,,,,,,,,
2016-11-01,,,,,,,,,,,,,,,,,,,,,,,,,,,,,,,,,,,,,,,,,,,,,,,,,,,,,,,,,,,,,,,,,,,,,,,,,,,,35.0,36.0,13.0,9.0,7.0,
2016-11-18,,,,35.0,29.4,42.01,,,,,,,,,,,,,36.0,30.4,43.01,,,,,,,,,,,,,13.0,7.4,20.01,,,,,,,,,,,,,9.0,3.4,16.01,,,,7.0,1.4,14.01,,,,,,,,,,,,,,,,,,,,,,,,
2016-11-19,,,,35.0,28.8,41.92,,,,,,,,,,,,,36.0,30.51,42.92,,,,,,,,,,,,,13.0,7.51,19.92,,,,,,,,,,,,,9.0,3.51,15.92,,,,7.0,1.43,13.92,,,,,,,,,,,,,,,,,,,,,,,,
2016-11-20,,,,35.0,28.8,41.92,,,,,,,,,,,,,36.0,30.51,42.92,,,,,,,,,,,,,13.0,7.51,19.92,,,,,,,,,,,,,9.0,3.51,15.92,,,,7.0,1.43,13.92,,,,,,,,,,,,,,,,,,,,,,,,
2016-11-21,,,,35.0,28.8,41.91,,,,,,,,,,,,,36.0,30.51,42.91,,,,,,,,,,,,,13.0,7.51,19.91,,,,,,,,,,,,,9.0,3.51,15.91,,,,7.0,1.43,13.91,,,,,,,,,,,,,,,,,,,,,,,,
2016-11-22,,,,34.99,28.8,41.9,,,,,,,,,,,,,36.0,30.52,42.91,,,,,,,,,,,,,13.0,7.52,19.91,,,,,,,,,,,,,9.0,3.52,15.91,,,,7.0,1.42,13.9,,,,,,,,,,,,,,,,,,,,,,,,
2016-11-23,,,,34.99,28.8,41.88,,,,,,,,,,,,,36.0,30.52,42.89,,,,,,,,,,,,,13.0,7.52,19.89,,,,,,,,,,,,,9.0,3.52,15.89,,,,6.99,1.43,13.89,,,,,,,,,,,,,,,,,,,,,,,,
2016-11-24,,,,34.98,28.8,41.86,,,,,,,,,,,,,36.0,30.56,42.87,,,,,,,,,,,,,13.0,7.56,19.87,,,,,,,,,,,,,9.0,3.56,15.87,,,,6.99,1.44,13.86,,,,,,,,,,,,,,,,,,,,,,,,
2016-11-25,,,,34.97,28.8,41.82,,,,,,,,,,,,,36.0,30.6,42.84,,,,,,,,,,,,,13.0,7.6,19.84,,,,,,,,,,,,,9.0,3.6,15.84,,,,6.99,1.45,13.83,,,,,,,,,,,,,,,,,,,,,,,,
2016-11-26,,,,34.96,28.8,41.78,,,,,,,,,,,,,36.0,30.65,42.81,,,,,,,,,,,,,13.0,7.65,19.81,,,,,,,,,,,,,9.0,3.65,15.81,,,,6.98,1.47,13.79,,,,,,,,,,,,,,,,,,,,,,,,
2016-11-27,,,,34.94,28.8,41.73,,,,,,,,,,,,,36.0,30.71,42.77,,,,,,,,,,,,,13.0,7.71,19.77,,,,,,,,,,,,,9.0,3.71,15.77,,,,6.97,1.49,13.75,,,,,,,,,,,,,,,,,,,,,,,,
2016-11-28,,,,34.92,28.88,41.65,,,,,,,,,,,,,36.0,30.77,42.72,,,,,,,,,,,,,13.0,7.77,19.72,,,,,,,,,,,,,9.0,3.77,15.72,,,,6.96,1.5,13.7,,,,,,,,,,,,,,,,,,,,,,,,
2016-11-29,,,,34.9,29.01,41.49,,,,,,,,,,,,,36.0,30.83,42.62,,,,,,,,,,,,,13.0,7.83,19.62,,,,,,,,,,,,,9.0,3.83,15.62,,,,6.95,1.5,13.56,,,,,,,,,,,,,,,,,,,,,,,,
2016-11-30,,,,34.88,29.12,41.32,,,,,,,,,,,,,36.0,30.88,42.48,,,,,,,,,,,,,13.0,7.88,19.48,,,,,,,,,,,,,9.0,3.88,15.48,,,,6.94,1.5,13.4,,,,,,,,,,,,,,,,,,,,,,,,
2016-12-01,,,,34.85,29.18,41.12,,,,,,,,,,,,,36.0,30.93,42.32,,,,,,,,,,,,,13.0,7.93,19.32,,,,,,,,,,,,,9.0,3.93,15.32,,,,6.92,1.64,13.22,,,,,,,,,,,,,,,,,,,,,,,,
2016-12-02,,,,34.82,29.18,40.92,,,,,,,,,,,,,36.0,31.17,42.15,,,,,,,,,,,,,13.0,8.17,19.15,,,,,,,,,,,,,9.0,4.17,15.15,,,,6.91,1.69,13.02,,,,,,,,,,,,,,,,,,,,,,,,
2016-12-03,,,,34.78,29.17,40.76,,,,,,,,,,,,,36.0,31.35,42.03,,,,,,,,,,,,,13.0,8.35,19.03,,,,,,,,,,,,,9.0,4.35,15.03,,,,6.89,1.7,12.85,,,,,,,,,,,,,,,,,,,,,,,,
2016-12-04,,,,34.75,29.16,40.6,,,,,,,,,,,,,36.0,31.44,41.9,,,,,,,,,,,,,13.0,8.44,18.9,,,,,,,,,,,,,9.0,4.44,14.9,,,,6.87,1.7,12.71,,,,,,,,,,,,,,,,,,,,,,,,
2016-12-05,,,,34.71,29.16,40.42,,,,,,,,,,,,,36.0,31.48,41.77,,,,,,,,,,,,,13.0,8.48,18.77,,,,,,,,,,,,,9.0,4.48,14.77,,,,6.85,1.7,12.55,,,,,,,,,,,,,,,,,,,,,,,,
2016-12-06,,,,34.67,29.15,40.24,,,,,,,,,,,,,36.0,31.5,41.64,,,,,,,,,,,,,13.0,8.5,18.64,,,,,,,,,,,,,9.0,4.5,14.64,,,,6.83,1.7,12.39,,,,,,,,,,,,,,,,,,,,,,,,
2016-12-07,,,,34.63,29.14,40.05,,,,,,,,,,,,,36.0,31.5,41.51,,,,,,,,,,,,,13.0,8.5,18.51,,,,,,,,,,,,,9.0,4.5,14.51,,,,6.81,1.71,12.21,,,,,,,,,,,,,,,,,,,,,,,,
2016-12-08,,,,34.58,29.13,39.87,,,,,,,,,,,,,36.0,31.47,41.43,,,,,,,,,,,,,13.0,8.47,18.43,,,,,,,,,,,,,9.0,4.47,14.43,,,,6.79,1.71,12.03,,,,,,,,,,,,,,,,,,,,,,,,
2016-12-09,,,,34.54,29.12,39.8,,,,,,,,,,,,,36.0,31.39,41.37,,,,,,,,,,,,,13.0,8.39,18.37,,,,,,,,,,,,,9.0,4.39,14.37,,,,6.77,1.71,11.89,,,,,,,,,,,,,,,,,,,,,,,,
2016-12-10,,,,34.49,29.11,39.75,,,,,,,,,,,,,36.0,31.26,41.35,,,,,,,,,,,,,13.0,8.26,18.35,,,,,,,,,,,,,9.0,4.26,14.35,,,,6.74,1.72,11.84,,,,,,,,,,,,,,,,,,,,,,,,
2016-12-11,,,,34.44,29.22,39.72,,,,,,,,,,,,,36.0,31.37,41.34,,,,,,,,,,,,,13.0,8.37,18.34,,,,,,,,,,,,,9.0,4.37,14.34,,,,6.72,1.76,11.8,,,,,,,,,,,,,,,,,,,,,,,,
2016-12-12,,,,34.39,29.12,39.69,,,,,,,,,,,,,36.0,31.5,41.32,,,,,,,,,,,,,13.0,8.5,18.32,,,,,,,,,,,,,9.0,4.5,14.32,,,,6.7,1.72,11.76,,,,,,,,,,,,,,,,,,,,,,,,
2016-12-13,,,,34.34,29.05,39.67,,,,,,,,,,,,,36.0,31.5,41.3,,,,,,,,,,,,,13.0,8.5,18.3,,,,,,,,,,,,,9.0,4.5,14.3,,,,6.67,1.72,11.74,,,,,,,,,,,,,,,,,,,,,,,,
2016-12-14,,,,34.29,29.05,39.66,,,,,,,,,,,,,36.0,31.5,41.29,,,,,,,,,,,,,13.0,8.5,18.29,,,,,,,,,,,,,9.0,4.5,14.29,,,,6.64,1.73,11.71,,,,,,,,,,,,,,,,,,,,,,,,
2016-12-15,,,,34.24,29.14,39.66,,,,,,,,,,,,,36.0,31.5,41.27,,,,,,,,,,,,,13.0,8.5,18.27,,,,,,,,,,,,,9.0,4.5,14.27,,,,6.62,1.73,11.69,,,,,,,,,,,,,,,,,,,,,,,,
2016-12-16,,,,34.19,29.21,39.66,,,,,,,,,,,,,36.0,31.5,41.31,,,,,,,,,,,,,13.0,8.5,18.31,,,,,,,,,,,,,9.0,4.5,14.31,,,,6.59,1.75,11.67,,,,,,,,,,,,,,,,,,,,,,,,
2016-12-17,,,,34.13,29.22,39.6,,,,,,,,,,,,,36.0,31.5,41.38,,,,,,,,,,,,,13.0,8.5,18.38,,,,,,,,,,,,,9.0,4.5,14.38,,,,6.57,1.9,11.69,,,,,,,,,,,,,,,,,,,,,,,,
2016-12-18,,,,34.08,29.22,39.49,,,,,,,,,,,,,36.0,31.51,41.45,,,,,,,,,,,,,13.0,8.51,18.45,,,,,,,,,,,,,9.0,4.51,14.45,,,,6.54,1.97,11.73,,,,,,,,,,,,,,,,,,,,,,,,
2016-12-19,,,,34.03,29.21,39.26,,,,,,,,,,,,,36.0,31.67,41.42,,,,,,,,,,,,,13.0,8.67,18.42,,,,,,,,,,,,,9.0,4.67,14.42,,,,6.51,1.98,11.75,,,,,,,,,,,,,,,,,,,,,,,,
2016-12-20,,,,33.97,29.21,39.33,,,,,,,,,,,,,36.0,31.67,41.4,,,,,,,,,,,,,13.0,8.67,18.4,,,,,,,,,,,,,9.0,4.67,14.4,,,,6.49,1.99,11.76,,,,,,,,,,,,,,,,,,,,,,,,
2016-12-21,,,,33.92,29.18,39.34,,,,,,,,,,,,,36.0,31.54,41.36,,,,,,,,,,,,,13.0,8.54,18.36,,,,,,,,,,,,,9.0,4.54,14.36,,,,6.46,1.91,11.7,,,,,,,,,,,,,,,,,,,,,,,,
2016-12-22,,,,33.87,29.06,39.29,,,,,,,,,,,,,36.0,31.57,41.19,,,,,,,,,,,,,13.0,8.57,18.19,,,,,,,,,,,,,9.0,4.57,14.19,,,,6.43,1.76,11.59,,,,,,,,,,,,,,,,,,,,,,,,
2016-12-23,,,,33.81,28.86,39.24,,,,,,,,,,,,,36.0,31.59,41.04,,,,,,,,,,,,,13.0,8.59,18.04,,,,,,,,,,,,,9.0,4.58,14.04,,,,6.41,1.76,11.51,,,,,,,,,,,,,,,,,,,,,,,,
2016-12-24,,,,33.76,28.8,39.18,,,,,,,,,,,,,36.0,31.61,40.9,,,,,,,,,,,,,13.0,8.61,17.9,,,,,,,,,,,,,9.0,4.61,13.9,,,,6.38,1.76,11.51,,,,,,,,,,,,,,,,,,,,,,,,
2016-12-25,,,,33.71,28.8,39.18,,,,,,,,,,,,,36.0,31.63,40.96,,,,,,,,,,,,,13.0,8.63,17.96,,,,,,,,,,,,,9.0,4.63,13.96,,,,6.36,1.77,11.51,,,,,,,,,,,,,,,,,,,,,,,,
2016-12-26,,,,33.66,28.8,39.23,,,,,,,,,,,,,36.0,31.65,41.06,,,,,,,,,,,,,13.0,8.65,18.06,,,,,,,,,,,,,9.0,4.65,14.06,,,,6.33,1.77,11.51,,,,,,,,,,,,,,,,,,,,,,,,
2016-12-27,,,,33.61,28.8,39.28,,,,,,,,,,,,,36.0,31.66,41.18,,,,,,,,,,,,,13.0,8.66,18.18,,,,,,,,,,,,,9.0,4.66,14.18,,,,6.3,1.77,11.6,,,,,,,,,,,,,,,,,,,,,,,,
2016-12-28,,,,33.56,28.8,39.32,,,,,,,,,,,,,36.0,31.64,41.25,,,,,,,,,,,,,13.0,8.64,18.25,,,,,,,,,,,,,9.0,4.64,14.25,,,,6.28,1.74,11.67,,,,,,,,,,,,,,,,,,,,,,,,
2016-12-29,,,,33.51,28.74,39.37,,,,,,,,,,,,,36.0,31.46,41.25,,,,,,,,,,,,,13.0,8.46,18.25,,,,,,,,,,,,,9.0,4.46,14.25,,,,6.26,1.65,11.67,,,,,,,,,,,,,,,,,,,,,,,,
2016-12-30,,,,33.46,28.65,39.41,,,,,,,,,,,,,36.0,31.38,41.26,,,,,,,,,,,,,13.0,8.38,18.26,,,,,,,,,,,,,9.0,4.38,14.26,,,,6.23,1.49,11.67,,,,,,,,,,,,,,,,,,,,,,,,
2016-12-31,,,,33.42,28.49,39.45,,,,,,,,,,,,,36.0,31.28,41.3,,,,,,,,,,,,,13.0,8.28,18.3,,,,,,,,,,,,,9.0,4.28,14.3,,,,6.21,1.41,11.67,,,,,,,,,,,,,,,,,,,,,,,,
2017-01-01,,,,33.37,28.42,39.49,,,,,,,,,,,,,36.0,31.18,41.37,,,,,,,,,,,,,13.0,8.18,18.37,,,,,,,,,,,,,9.0,4.18,14.37,,,,6.19,1.3,11.67,,,,,,,,,,,,,,,,,,,,,,,,
2017-01-02,,,,33.33,28.3,39.55,,,,,,,,,,,,,36.0,31.09,41.46,,,,,,,,,,,,,13.0,8.09,18.46,,,,,,,,,,,,,9.0,4.09,14.46,,,,6.17,1.2,11.71,,,,,,,,,,,,,,,,,,,,,,,,
2017-01-03,,,,33.29,28.2,39.62,,,,,,,,,,,,,36.0,30.98,41.57,,,,,,,,,,,,,13.0,7.98,18.57,,,,,,,,,,,,,9.0,3.98,14.57,,,,6.15,1.1,11.82,,,,,,,,,,,,,,,,,,,,,,,,
2017-01-04,,,,33.25,28.19,39.65,,,,,,,,,,,,,36.0,30.82,41.73,,,,,,,,,,,,,13.0,7.82,18.73,,,,,,,,,,,,,9.0,3.82,14.73,,,,6.13,0.95,11.96,,,,,,,,,,,,,,,,,,,,,,,,
2017-01-05,,,,33.22,28.1,39.62,,,,,,,,,,,,,36.0,30.66,41.88,,,,,,,,,,,,,13.0,7.66,18.88,,,,,,,,,,,,,9.0,3.66,14.88,,,,6.11,0.77,12.09,,,,,,,,,,,,,,,,,,,,,,,,
2017-01-06,,,,33.18,27.98,39.65,,,,,,,,,,,,,36.0,30.53,42.03,,,,,,,,,,,,,13.0,7.53,19.03,,,,,,,,,,,,,9.0,3.53,15.03,,,,6.09,0.66,12.22,,,,,,,,,,,,,,,,,,,,,,,,
2017-01-07,,,,33.15,27.8,39.71,,,,,,,,,,,,,36.0,30.46,42.17,,,,,,,,,,,,,13.0,7.46,19.17,,,,,,,,,,,,,9.0,3.46,15.17,,,,6.08,0.57,12.3,,,,,,,,,,,,,,,,,,,,,,,,
2017-01-08,,,,33.12,27.7,39.7,,,,,,,,,,,,,36.0,30.39,42.18,,,,,,,,,,,,,13.0,7.39,19.18,,,,,,,,,,,,,9.0,3.39,15.18,,,,6.06,0.47,12.28,,,,,,,,,,,,,,,,,,,,,,,,
2017-01-09,,,,33.1,27.62,39.69,,,,,,,,,,,,,36.0,30.3,42.18,,,,,,,,,,,,,13.0,7.3,19.18,,,,,,,,,,,,,9.0,3.3,15.18,,,,6.05,0.37,12.28,,,,,,,,,,,,,,,,,,,,,,,,
2017-01-10,,,,33.08,27.54,39.69,,,,,,,,,,,,,36.0,30.22,42.2,,,,,,,,,,,,,13.0,7.22,19.2,,,,,,,,,,,,,9.0,3.22,15.2,,,,6.04,0.27,12.27,,,,,,,,,,,,,,,,,,,,,,,,
2017-01-11,,,,33.06,27.46,39.68,,,,,,,,,,,,,36.0,30.13,42.2,,,,,,,,,,,,,13.0,7.13,19.2,,,,,,,,,,,,,9.0,3.13,15.2,,,,6.03,0.19,12.26,,,,,,,,,,,,,,,,,,,,,,,,
2017-01-12,,,,33.04,27.38,39.68,,,,,,,,,,,,,36.0,30.06,42.21,,,,,,,,,,,,,13.0,7.06,19.21,,,,,,,,,,,,,9.0,3.06,15.21,,,,6.02,0.16,12.25,,,,,,,,,,,,,,,,,,,,,,,,
2017-01-13,,,,33.03,27.32,39.67,,,,,,,,,,,,,36.0,30.01,42.22,,,,,,,,,,,,,13.0,7.01,19.22,,,,,,,,,,,,,9.0,3.01,15.22,,,,6.01,0.14,12.25,,,,,,,,,,,,,,,,,,,,,,,,
2017-01-14,,,,33.02,27.27,39.67,,,,,,,,,,,,,36.0,29.97,42.22,,,,,,,,,,,,,13.0,6.97,19.22,,,,,,,,,,,,,9.0,2.97,15.22,,,,6.01,0.12,12.24,,,,,,,,,,,,,,,,,,,,,,,,
2017-01-15,,,,33.01,27.24,39.67,,,,,,,,,,,,,36.0,29.94,42.22,,,,,,,,,,,,,13.0,6.94,19.22,,,,,,,,,,,,,9.0,2.94,15.22,,,,6.01,0.1,12.24,,,,,,,,,,,,,,,,,,,,,,,,
2017-01-16,,,,33.01,27.22,39.66,,,,,,,,,,,,,36.0,29.91,42.22,,,,,,,,,,,,,13.0,6.92,19.22,,,,,,,,,,,,,9.0,2.92,15.22,,,,6.0,0.09,12.24,,,,,,,,,,,,,,,,,,,,,,,,
2017-01-17,,,,33.0,27.21,39.66,,,,,,,,,,,,,36.0,29.9,42.23,,,,,,,,,,,,,13.0,6.9,19.23,,,,,,,,,,,,,9.0,2.9,15.23,,,,6.0,0.08,12.24,,,,,,,,,,,,,,,,,,,,,,,,
2017-01-18,,,,33.0,27.19,39.66,,,,,,,,,,,,,36.0,29.89,42.23,,,,,,,,,,,,,13.0,6.89,19.23,,,,,,,,,,,,,9.0,2.89,15.23,,,,6.0,0.08,12.24,,,,,,,,,,,,,,,,,,,,,,,,
2017-01-19,,,,33.0,27.19,39.66,,,,,,,,,,,,,36.0,29.89,42.23,,,,,,,,,,,,,13.0,6.89,19.23,,,,,,,,,,,,,9.0,2.89,15.23,,,,6.0,0.08,12.24,,,,,,,,,,,,,,,,,,,,,,,,
2017-01-20,,,,33.0,26.83,39.38,,,,,,,,,,,,,36.0,29.83,42.38,,,,,,,,,,,,,13.0,6.83,19.38,,,,,,,,,,,,,9.0,2.83,15.38,,,,6.0,-0.17,12.38,,,,,,,,,,,,,,,,,,,,,,,,
2017-01-31,,,,33.0,26.66,39.43,,,,,,,,,,,,,36.0,29.66,42.43,,,,,,,,,,,,,13.0,6.66,19.43,,,,,,,,,,,,,9.0,2.66,15.43,,,,6.0,-0.34,12.43,,,,,,,,,,,,,,,,,,,,,,,,
2017-02-01,,,,33.0,27.02,43.21,,,,,,,,,,,,,36.0,29.36,42.44,,,,,,,,,,,,,13.0,7.02,20.78,,,,,,,,,,,,,9.0,0.96,15.03,,,,6.0,-0.64,12.44,,,,,,,,,,,,,,,,,,,,,,,,
2017-02-02,,,,33.0,27.02,43.21,,,,,,,,,,,,,36.0,29.36,42.44,,,,,,,,,,,,,13.0,7.02,20.78,,,,,,,,,,,,,9.0,0.96,15.02,,,,6.0,-0.64,12.44,,,,,,,,,,,,,,,,,,,,,,,,
2017-02-03,,,,33.01,27.03,43.21,,,,,,,,,,,,,36.0,29.35,42.43,,,,,,,,,,,,,13.01,7.03,20.78,,,,,,,,,,,,,8.99,0.96,15.01,,,,6.0,-0.65,12.43,,,,,,,,,,,,,,,,,,,,,,,,
2017-02-04,,,,33.03,27.06,43.21,,,,,,,,,,,,,35.99,29.35,42.41,,,,,,,,,,,,,13.02,7.05,20.77,,,,,,,,,,,,,8.98,0.96,14.99,,,,5.99,-0.65,12.4,,,,,,,,,,,,,,,,,,,,,,,,
2017-02-05,,,,33.05,27.1,44.82,,,,,,,,,,,,,35.98,28.46,42.37,,,,,,,,,,,,,13.03,7.08,22.05,,,,,,,,,,,,,8.97,-0.79,14.93,,,,5.98,-1.54,12.37,,,,,,,,,,,,,,,,,,,,,,,,
2017-02-06,,,,33.08,27.23,44.79,,,,,,,,,,,,,35.97,28.62,42.18,,,,,,,,,,,,,13.05,7.21,21.94,,,,,,,,,,,,,8.95,-0.59,14.81,,,,5.97,-1.38,12.18,,,,,,,,,,,,,,,,,,,33.0,36.0,13.0,9.0,6.0,
2017-02-07,,,,33.12,27.27,44.78,,,,,,,,,,,,,35.96,28.68,42.12,,,,,,,,,,,,,13.08,7.24,21.91,,,,,,,,,,,,,8.92,-0.29,14.76,,,,5.96,-1.32,12.12,,,,,,,,,,,,,,,,,,,,,,,,
2017-02-08,,,,33.18,27.37,44.55,,,,,,,,,,,,,35.94,28.75,42.05,,,,,,,,,,,,,13.12,7.28,21.81,,,,,,,,,,,,,8.88,-0.03,14.72,,,,5.94,-1.25,12.04,,,,,,,,,,,,,,,,,,,,,,,,
2017-02-09,,,,33.25,27.51,44.27,,,,,,,,,,,,,35.92,28.81,41.97,,,,,,,,,,,,,13.17,7.44,21.82,,,,,,,,,,,,,8.83,0.12,14.68,,,,5.92,-1.19,11.97,,,,,,,,,,,,,,,,,,,,,,,,
2017-02-10,,,,33.33,27.63,44.05,,,,,,,,,,,,,35.9,29.03,41.89,,,,,,,,,,,,,13.22,7.57,21.79,,,,,,,,,,,,,8.78,0.13,14.65,,,,5.89,-1.12,11.89,,,,,,,,,,,,,,,,,,,,,,,,
2017-02-11,,,,33.42,27.8,43.55,,,,,,,,,,,,,35.87,29.22,41.81,,,,,,,,,,,,,13.29,7.72,21.64,,,,,,,,,,,,,8.71,0.13,14.62,,,,5.86,-0.98,11.81,,,,,,,,,,,,,,,,,,,,,,,,
2017-02-12,,,,33.52,27.99,43.54,,,,,,,,,,,,,35.84,29.28,41.72,,,,,,,,,,,,,13.36,7.9,21.38,,,,,,,,,,,,,8.64,0.09,14.49,,,,5.83,-0.84,11.72,,,,,,,,,,,,,,,,,,,,,,,,
2017-02-13,,,,33.64,28.18,43.5,,,,,,,,,,,,,35.81,29.31,41.67,,,,,,,,,,,,,13.44,8.09,21.19,,,,,,,,,,,,,8.56,0.07,14.34,,,,5.79,-0.73,11.67,,,,,,,,,,,,,,,,,,,,,,,,
2017-02-14,,,,33.76,28.36,43.33,,,,,,,,,,,,,35.77,29.37,41.62,,,,,,,,,,,,,13.53,8.32,21.06,,,,,,,,,,,,,8.47,0.12,14.24,,,,5.75,-0.65,11.62,,,,,,,,,,,,,,,,,,,,,,,,
2017-02-15,,,,33.89,28.55,43.18,,,,,,,,,,,,,35.74,29.5,41.59,,,,,,,,,,,,,13.62,8.55,21.05,,,,,,,,,,,,,8.38,0.14,14.12,,,,5.7,-0.52,11.58,,,,,,,,,,,,,,,,,,,,,,,,
2017-02-16,,,,34.02,28.77,43.13,,,,,,,,,,,,,35.7,29.55,41.56,,,,,,,,,,,,,13.72,8.77,21.07,,,,,,,,,,,,,8.28,0.12,13.99,,,,5.66,-0.46,11.54,,,,,,,,,,,,,,,,,,,,,,,,
2017-02-17,,,,34.16,28.99,43.09,,,,,,,,,,,,,35.66,29.61,41.54,,,,,,,,,,,,,13.82,8.99,21.1,,,,,,,,,,,,,8.18,0.22,13.85,,,,5.61,-0.42,11.42,,,,,,,,,,,,,,,,,,,,,,,,
2017-02-18,,,,34.31,29.22,43.08,,,,,,,,,,,,,35.62,29.66,41.47,,,,,,,,,,,,,13.93,9.12,21.11,,,,,,,,,,,,,8.07,0.31,13.73,,,,5.56,-0.46,11.31,,,,,,,,,,,,,,,,,,,,,,,,
2017-02-19,,,,34.45,29.36,43.09,,,,,,,,,,,,,35.58,29.68,41.4,,,,,,,,,,,,,14.04,9.11,21.07,,,,,,,,,,,,,7.96,0.47,13.65,,,,5.52,-0.51,11.2,,,,,,,,,,,,,,,,,,,,,,,,
2017-02-20,,,,34.6,29.48,43.1,,,,,,,,,,,,,35.55,29.72,41.34,,,,,,,,,,,,,14.14,9.31,21.06,,,,,,,,,,,,,7.86,0.59,13.55,,,,5.47,-0.54,11.1,,,,,,,,,,,,,,,,,,,,,,,,
2017-02-21,,,,34.74,29.66,43.11,,,,,,,,,,,,,35.51,29.76,41.29,,,,,,,,,,,,,14.25,9.39,21.07,,,,,,,,,,,,,7.75,0.65,13.46,,,,5.42,-0.51,10.99,,,,,,,,,,,,,,,,,,,,,,,,
2017-02-22,,,,34.88,29.89,43.11,,,,,,,,,,,,,35.47,29.82,41.23,,,,,,,,,,,,,14.35,9.44,21.08,,,,,,,,,,,,,7.65,0.67,13.36,,,,5.37,-0.42,10.9,,,,,,,,,,,,,,,,,,,,,,,,
2017-02-23,,,,35.02,29.92,43.08,,,,,,,,,,,,,35.44,29.88,41.18,,,,,,,,,,,,,14.46,9.59,21.09,,,,,,,,,,,,,7.54,0.69,13.28,,,,5.33,-0.34,10.8,,,,,,,,,,,,,,,,,,,,,,,,
2017-02-24,,,,35.16,29.95,43.05,,,,,,,,,,,,,35.4,29.93,41.13,,,,,,,,,,,,,14.56,9.82,21.1,,,,,,,,,,,,,7.44,0.71,13.23,,,,5.28,-0.27,10.74,,,,,,,,,,,,,,,,,,,,,,,,
2017-02-25,,,,35.29,29.98,43.02,,,,,,,,,,,,,35.37,29.98,41.09,,,,,,,,,,,,,14.66,9.96,21.12,,,,,,,,,,,,,7.34,0.73,13.1,,,,5.24,-0.2,10.69,,,,,,,,,,,,,,,,,,,,,,,,
2017-02-26,,,,35.42,30.01,43.0,,,,,,,,,,,,,35.34,30.07,41.0,,,,,,,,,,,,,14.76,10.01,21.14,,,,,,,,,,,,,7.24,0.77,12.86,,,,5.19,-0.14,10.59,,,,,,,,,,,,,,,,,,,,,,,,
2017-02-27,,,,35.55,30.2,42.98,,,,,,,,,,,,,35.31,30.21,40.9,,,,,,,,,,,,,14.85,10.04,21.17,,,,,,,,,,,,,7.15,0.79,12.62,,,,5.15,-0.06,10.44,,,,,,,,,,,,,,,,,,,,,,,,
2017-02-28,,,,35.67,30.05,42.98,,,,,,,,,,,,,35.28,30.3,41.16,,,,,,,,,,,,,14.94,9.92,21.25,,,,,,,,,,,,,7.06,0.79,12.82,,,,5.11,0.04,10.87,,,,,,,,,,,,,,,,,,,,,,,,
2017-03-01,,,,35.78,30.1,42.94,,,,,,,,,,,,,35.25,30.31,41.06,,,,,,,,,,,,,15.03,9.85,21.26,,,,,,,,,,,,,6.97,0.67,12.6,,,,5.07,-0.01,10.83,,,,,,,,,,,,,,,,,,,,,,,,
2017-03-02,,,,35.9,30.11,42.93,,,,,,,,,,,,,35.22,30.25,41.02,,,,,,,,,,,,,15.12,9.89,21.27,,,,,,,,,,,,,6.88,0.72,12.41,,,,5.03,0.02,10.72,,,,,,,,,,,,,,,,,,,,,,,,
2017-03-03,,,,36.0,30.11,42.91,,,,,,,,,,,,,35.2,30.16,40.99,,,,,,,,,,,,,15.2,9.95,21.27,,,,,,,,,,,,,6.8,0.77,12.23,,,,5.0,-0.01,10.57,,,,,,,,,,,,,,,,,,,,,,,,
2017-03-04,,,,36.11,30.24,42.89,,,,,,,,,,,,,35.18,30.14,40.93,,,,,,,,,,,,,15.27,10.04,21.27,,,,,,,,,,,,,6.72,0.81,12.05,,,,4.96,-0.1,10.45,,,,,,,,,,,,,,,,,,,,,,,,
2017-03-05,,,,36.2,30.42,42.88,,,,,,,,,,,,,35.17,30.15,40.89,,,,,,,,,,,,,15.34,10.11,21.25,,,,,,,,,,,,,6.63,0.85,11.92,,,,4.92,-0.18,10.37,,,,,,,,,,,,,,,,,,,,,,,,
2017-03-06,,,,36.3,30.52,42.86,,,,,,,,,,,,,35.17,30.16,40.88,,,,,,,,,,,,,15.41,10.14,21.22,,,,,,,,,,,,,6.55,0.9,11.81,,,,4.89,-0.24,10.3,,,,,,,,,,,,,,,,,,,,,,,,
2017-03-07,,,,36.38,30.59,42.85,,,,,,,,,,,,,35.17,30.17,40.87,,,,,,,,,,,,,15.47,10.17,21.19,,,,,,,,,,,,,6.47,0.93,11.7,,,,4.85,-0.27,10.22,,,,,,,,,,,,,,,,,,,,,,,,
2017-03-08,,,,36.46,30.63,42.84,,,,,,,,,,,,,35.17,30.19,40.91,,,,,,,,,,,,,15.53,10.2,21.16,,,,,,,,,,,,,6.39,0.92,11.59,,,,4.82,-0.32,10.17,,,,,,,,,,,,,,,,,,,,,,,,
2017-03-09,,,,36.54,30.65,42.83,,,,,,,,,,,,,35.18,30.22,40.89,,,,,,,,,,,,,15.59,10.21,21.15,,,,,,,,,,,,,6.32,0.85,11.48,,,,4.78,-0.37,10.12,,,,,,,,,,,,,,,,,,,,,,,,
2017-03-10,,,,36.61,30.67,42.81,,,,,,,,,,,,,35.2,30.28,40.82,,,,,,,,,,,,,15.63,10.22,21.07,,,,,,,,,,,,,6.24,0.76,11.39,,,,4.75,-0.39,10.08,,,,,,,,,,,,,,,,,,,,,,,,
2017-03-11,,,,36.68,30.69,42.77,,,,,,,,,,,,,35.22,30.38,40.77,,,,,,,,,,,,,15.68,10.23,21.03,,,,,,,,,,,,,6.16,0.72,11.3,,,,4.71,-0.4,10.05,,,,,,,,,,,,,,,,,,,,,,,,
2017-03-12,,,,36.75,30.45,42.79,,,,,,,,,,,,,35.25,30.35,41.02,,,,,,,,,,,,,15.72,10.2,21.02,,,,,,,,,,,,,6.09,0.56,11.46,,,,4.68,-0.53,10.03,,,,,,,,,,,,,,,,,,,,,,,,
2017-03-13,,,,36.81,30.55,42.77,,,,,,,,,,,,,35.28,30.43,40.98,,,,,,,,,,,,,15.76,10.3,20.97,,,,,,,,,,,,,6.01,0.53,11.32,,,,4.64,-0.53,9.83,,,,,,,,,,,,,,,,,,,,,,,,
2017-03-14,,,,36.86,30.67,42.76,,,,,,,,,,,,,35.32,30.56,40.97,,,,,,,,,,,,,15.79,10.4,20.96,,,,,,,,,,,,,5.94,0.5,11.16,,,,4.61,-0.53,9.63,,,,,,,,,,,,,,,,,,,,,,,,
2017-03-15,,,,36.91,30.79,42.69,,,,,,,,,,,,,35.37,30.63,41.04,,,,,,,,,,,,,15.81,10.49,20.9,,,,,,,,,,,,,5.86,0.46,11.03,,,,4.57,-0.5,9.53,,,,,,,,,,,,,,,,,,,,,,,,
2017-03-16,,,,36.96,30.92,42.59,,,,,,,,,,,,,35.42,30.72,41.11,,,,,,,,,,,,,15.83,10.54,20.89,,,,,,,,,,,,,5.79,0.45,10.8,,,,4.54,-0.41,9.42,,,,,,,,,,,,,,,,,,,,,,,,
2017-03-17,,,,37.01,31.05,42.53,,,,,,,,,,,,,35.49,30.83,41.15,,,,,,,,,,,,,15.85,10.61,20.9,,,,,,,,,,,,,5.71,0.48,10.66,,,,4.5,-0.32,9.25,,,,,,,,,,,,,,,,,,,,,,,,
2017-03-18,,,,37.05,31.19,42.49,,,,,,,,,,,,,35.56,30.91,41.19,,,,,,,,,,,,,15.86,10.66,20.89,,,,,,,,,,,,,5.64,0.52,10.48,,,,4.46,-0.22,9.06,,,,,,,,,,,,,,,,,,,,,,,,
2017-03-19,,,,37.09,31.25,42.42,,,,,,,,,,,,,35.64,30.92,41.23,,,,,,,,,,,,,15.86,10.75,20.81,,,,,,,,,,,,,5.56,0.56,10.41,,,,4.42,-0.15,8.95,,,,,,,,,,,,,,,,,,,,,,,,
2017-03-20,,,,37.13,31.3,42.45,,,,,,,,,,,,,35.73,30.94,41.27,,,,,,,,,,,,,15.86,10.84,20.69,,,,,,,,,,,,,5.49,0.56,10.26,,,,4.38,-0.2,8.83,,,,,,,,,,,,,,,,,,,,,,,,
2017-03-21,,,,37.16,31.36,42.48,,,,,,,,,,,,,35.82,30.98,41.32,,,,,,,,,,,,,15.86,10.9,20.54,,,,,,,,,,,,,5.41,0.57,10.18,,,,4.34,-0.24,8.69,,,,,,,,,,,,,,,,,,,,,,,,
2017-03-22,,,,37.2,31.45,42.42,,,,,,,,,,,,,35.92,31.1,41.59,,,,,,,,,,,,,15.84,10.8,20.44,,,,,,,,,,,,,5.34,0.59,10.18,,,,4.3,-0.23,8.54,,,,,,,,,,,,,,,,,,,,,,,,
2017-03-23,,,,37.23,31.56,42.32,,,,,,,,,,,,,36.03,31.23,41.79,,,,,,,,,,,,,15.83,10.72,20.36,,,,,,,,,,,,,5.27,0.62,9.98,,,,4.25,-0.15,8.39,,,,,,,,,,,,,,,,,,,,,,,,
2017-03-24,,,,37.26,31.61,42.2,,,,,,,,,,,,,36.15,31.44,41.81,,,,,,,,,,,,,15.8,10.75,20.27,,,,,,,,,,,,,5.19,0.68,9.81,,,,4.21,-0.08,8.31,,,,,,,,,,,,,,,,,,,,,,,,
2017-03-25,,,,37.29,31.68,42.11,,,,,,,,,,,,,36.27,31.5,41.85,,,,,,,,,,,,,15.78,10.68,20.14,,,,,,,,,,,,,5.12,0.76,9.69,,,,4.16,-0.07,8.2,,,,,,,,,,,,,,,,,,,,,,,,
2017-03-26,,,,37.31,31.83,42.04,,,,,,,,,,,,,36.4,31.59,42.03,,,,,,,,,,,,,15.75,10.65,20.01,,,,,,,,,,,,,5.05,0.79,9.6,,,,4.12,-0.18,8.24,,,,,,,,,,,,,,,,,,,,,,,,
2017-03-27,,,,37.34,31.98,42.06,,,,,,,,,,,,,36.53,31.71,42.29,,,,,,,,,,,,,15.72,10.62,19.89,,,,,,,,,,,,,4.98,0.62,9.46,,,,4.07,-0.32,8.28,,,,,,,,,,,,,,,,,,,,,,,,
2017-03-28,,,,37.36,31.91,42.01,,,,,,,,,,,,,36.66,31.8,42.7,,,,,,,,,,,,,15.68,10.63,19.93,,,,,,,,,,,,,4.91,0.55,9.3,,,,4.03,-0.43,8.25,,,,,,,,,,,,,,,,,,,,,,,,
2017-03-29,,,,37.39,31.91,41.93,,,,,,,,,,,,,36.8,31.86,42.95,,,,,,,,,,,,,15.64,10.65,19.93,,,,,,,,,,,,,4.84,0.5,9.14,,,,3.98,-0.51,8.22,,,,,,,,,,,,,,,,,,,,,,,,
2017-03-30,,,,37.41,31.95,41.82,,,,,,,,,,,,,36.94,31.89,43.24,,,,,,,,,,,,,15.6,10.56,19.81,,,,,,,,,,,,,4.77,0.46,9.11,,,,3.94,-0.48,8.11,,,,,,,,,,,,,,,,,,,,,,,,
2017-03-31,,,,37.43,31.99,41.81,,,,,,,,,,,,,37.08,32.07,43.62,,,,,,,,,,,,,15.55,10.43,19.71,,,,,,,,,,,,,4.71,0.42,9.08,,,,3.89,-0.34,7.93,,,,,,,,,,,,,,,,,,,,,,,,
2017-04-01,,,,37.44,32.03,41.91,,,,,,,,,,,,,37.22,32.16,43.88,,,,,,,,,,,,,15.51,10.3,19.7,,,,,,,,,,,,,4.65,0.39,9.02,,,,3.85,-0.19,7.78,,,,,,,,,,,,,,,,,,,,,,,,
2017-04-02,,,,37.46,32.07,42.03,,,,,,,,,,,,,37.36,32.25,43.97,,,,,,,,,,,,,15.46,10.16,19.64,,,,,,,,,,,,,4.58,0.39,8.88,,,,3.8,-0.06,7.72,,,,,,,,,,,,,,,,,,,,,,,,
2017-04-03,,,,37.48,32.18,42.1,,,,,,,,,,,,,37.5,32.27,44.05,,,,,,,,,,,,,15.41,10.1,19.61,,,,,,,,,,,,,4.52,0.4,8.66,,,,3.76,-0.04,7.64,,,,,,,,,,,,,,,,,,,,,,,,
2017-04-04,,,,37.49,32.17,42.12,,,,,,,,,,,,,37.64,32.27,44.24,,,,,,,,,,,,,15.36,10.01,19.64,,,,,,,,,,,,,4.47,0.4,8.44,,,,3.72,-0.06,7.55,,,,,,,,,,,,,,,,,,,,,,,,
2017-04-05,,,,37.51,32.12,42.11,,,,,,,,,,,,,37.78,32.27,44.57,,,,,,,,,,,,,15.31,9.88,19.67,,,,,,,,,,,,,4.41,0.38,8.23,,,,3.67,-0.08,7.4,,,,,,,,,,,,,,,,,,,,,,,,
2017-04-06,,,,37.52,32.1,42.1,,,,,,,,,,,,,37.92,32.26,44.84,,,,,,,,,,,,,15.26,9.75,19.69,,,,,,,,,,,,,4.36,0.35,8.09,,,,3.63,-0.3,7.38,,,,,,,,,,,,,,,,,,,,,,,,
2017-04-07,,,,37.53,32.05,42.14,,,,,,,,,,,,,38.06,32.25,45.01,,,,,,,,,,,,,15.21,9.61,19.71,,,,,,,,,,,,,4.31,0.33,8.01,,,,3.59,-0.51,7.36,,,,,,,,,,,,,,,,,,,,,,,,
2017-04-08,,,,37.54,32.02,42.2,,,,,,,,,,,,,38.19,32.25,45.13,,,,,,,,,,,,,15.15,9.49,19.69,,,,,,,,,,,,,4.26,0.31,8.01,,,,3.55,-0.5,7.34,,,,,,,,,,,,,,,,,,,,,,,,
2017-04-09,,,,37.55,32.03,42.26,,,,,,,,,,,,,38.32,32.27,45.19,,,,,,,,,,,,,15.1,9.48,19.67,,,,,,,,,,,,,4.21,0.19,8.0,,,,3.52,-0.53,7.3,,,,,,,,,,,,,,,,,,,,,,,,
2017-04-10,,,,37.56,32.08,42.31,,,,,,,,,,,,,38.45,32.3,45.26,,,,,,,,,,,,,15.05,9.5,19.62,,,,,,,,,,,,,4.17,-0.02,7.93,,,,3.48,-0.64,7.33,,,,,,,,,,,,,,,,,,,,,,,,
2017-04-11,,,,37.56,32.11,42.31,,,,,,,,,,,,,38.57,32.37,45.56,,,,,,,,,,,,,15.0,9.43,19.55,,,,,,,,,,,,,4.12,-0.18,7.87,,,,3.45,-0.81,7.36,,,,,,,,,,,,,,,,,,,,,,,,
2017-04-12,,,,37.57,32.14,42.3,,,,,,,,,,,,,38.69,32.49,45.83,,,,,,,,,,,,,14.95,9.34,19.47,,,,,,,,,,,,,4.09,-0.25,7.83,,,,3.41,-0.94,7.35,,,,,,,,,,,,,,,,,,,,,,,,
2017-04-13,,,,37.57,32.16,42.35,,,,,,,,,,,,,38.81,32.63,46.02,,,,,,,,,,,,,14.9,9.22,19.31,,,,,,,,,,,,,4.05,-0.29,7.79,,,,3.38,-1.06,7.31,,,,,,,,,,,,,,,,,,,,,,,,
2017-04-14,,,,37.58,32.18,42.37,,,,,,,,,,,,,38.92,32.68,46.44,,,,,,,,,,,,,14.85,9.15,19.26,,,,,,,,,,,,,4.02,-0.41,7.73,,,,3.35,-1.1,7.28,,,,,,,,,,,,,,,,,,,,,,,,
2017-04-15,,,,37.58,32.2,42.38,,,,,,,,,,,,,39.03,32.68,46.83,,,,,,,,,,,,,14.8,9.08,19.25,,,,,,,,,,,,,3.99,-0.51,7.68,,,,3.33,-1.12,7.26,,,,,,,,,,,,,,,,,,,,,,,,
2017-04-16,,,,37.58,32.22,42.39,,,,,,,,,,,,,39.13,32.69,47.02,,,,,,,,,,,,,14.75,9.0,19.23,,,,,,,,,,,,,3.96,-0.57,7.66,,,,3.3,-1.14,7.34,,,,,,,,,,,,,,,,,,,,,,,,
2017-04-17,,,,37.58,32.24,42.38,,,,,,,,,,,,,39.23,32.7,47.11,,,,,,,,,,,,,14.7,8.93,19.19,,,,,,,,,,,,,3.93,-0.61,7.65,,,,3.27,-1.15,7.34,,,,,,,,,,,,,,,,,,,,,,,,
2017-04-18,,,,37.57,32.27,42.38,,,,,,,,,,,,,39.33,32.72,47.17,,,,,,,,,,,,,14.66,8.86,19.14,,,,,,,,,,,,,3.91,-0.64,7.65,,,,3.25,-1.17,7.31,,,,,,,,,,,,,,,,,,,,,,,,
2017-04-19,,,,37.57,32.29,42.36,,,,,,,,,,,,,39.42,32.73,47.24,,,,,,,,,,,,,14.61,8.8,19.09,,,,,,,,,,,,,3.89,-0.67,7.64,,,,3.23,-1.19,7.27,,,,,,,,,,,,,,,,,,,,,,,,
2017-04-20,,,,37.57,32.27,42.35,,,,,,,,,,,,,39.5,32.75,47.28,,,,,,,,,,,,,14.57,8.75,19.06,,,,,,,,,,,,,3.87,-0.69,7.62,,,,3.21,-1.25,7.22,,,,,,,,,,,,,,,,,,,,,,,,
2017-04-21,,,,37.56,32.26,42.33,,,,,,,,,,,,,39.58,32.77,47.31,,,,,,,,,,,,,14.53,8.71,19.05,,,,,,,,,,,,,3.86,-0.71,7.63,,,,3.19,-1.3,7.16,,,,,,,,,,,,,,,,,,,42.0,33.0,19.0,3.0,3.0,
2017-04-22,,,,37.56,32.25,42.3,,,,,,,,,,,,,39.65,32.78,47.34,,,,,,,,,,,,,14.49,8.69,19.02,,,,,,,,,,,,,3.85,-0.71,7.64,,,,3.18,-1.35,7.11,,,,,,,,,,,,,,,,,,,,,,,,
2017-04-23,,,,37.55,32.24,42.27,,,,,,,,,,,,,39.72,32.79,47.36,,,,,,,,,,,,,14.45,8.68,18.97,,,,,,,,,,,,,3.83,-0.71,7.65,,,,3.16,-1.38,7.05,,,,,,,,,,,,,,,,,,,,,,,,
2017-04-24,,,,37.55,32.24,42.25,,,,,,,,,,,,,39.79,32.8,47.37,,,,,,,,,,,,,14.42,8.67,18.93,,,,,,,,,,,,,3.83,-0.71,7.66,,,,3.15,-1.39,7.04,,,,,,,,,,,,,,,,,,,,,,,,
2017-04-25,,,,37.54,32.23,42.22,,,,,,,,,,,,,39.85,32.82,47.38,,,,,,,,,,,,,14.38,8.67,18.9,,,,,,,,,,,,,3.82,-0.71,7.67,,,,3.14,-1.41,7.04,,,,,,,,,,,,,,,,,,,,,,,,
2017-04-26,,,,37.53,32.22,42.2,,,,,,,,,,,,,39.91,32.83,47.4,,,,,,,,,,,,,14.35,8.67,18.88,,,,,,,,,,,,,3.81,-0.71,7.68,,,,3.12,-1.43,7.04,,,,,,,,,,,,,,,,,,,36.0,36.0,16.0,6.0,5.0,
2017-04-27,,,,37.53,32.38,42.19,,,,,,,,,,,,,39.96,32.83,47.41,,,,,,,,,,,,,14.32,8.66,18.87,,,,,,,,,,,,,3.81,-0.74,7.69,,,,3.11,-1.47,7.05,,,,,,,,,,,,,,,,,,,,,,,,
2017-04-28,,,,37.52,32.35,42.19,,,,,,,,,,,,,40.01,32.91,47.2,,,,,,,,,,,,,14.29,8.65,18.89,,,,,,,,,,,,,3.8,-0.8,7.59,,,,3.1,-1.54,7.02,,,,,,,,,,,,,,,,,,,,,,,,
2017-04-29,,,,37.52,32.34,42.16,,,,,,,,,,,,,40.06,32.92,47.2,,,,,,,,,,,,,14.26,8.62,18.89,,,,,,,,,,,,,3.8,-0.8,7.6,,,,3.1,-1.55,7.01,,,,,,,,,,,,,,,,,,,,,,,,
2017-04-30,,,,37.51,32.33,42.15,,,,,,,,,,,,,40.1,32.93,47.21,,,,,,,,,,,,,14.23,8.59,18.89,,,,,,,,,,,,,3.79,-0.8,7.6,,,,3.09,-1.56,6.98,,,,,,,,,,,,,,,,,,,,,,,,
2017-05-01,,,,37.5,32.32,42.14,,,,,,,,,,,,,40.15,32.94,47.21,,,,,,,,,,,,,14.21,8.57,18.89,,,,,,,,,,,,,3.79,-0.8,7.6,,,,3.08,-1.57,6.97,,,,,,,,,,,,,,,,,,,,,,,,
2017-05-02,,,,37.5,32.31,42.12,,,,,,,,,,,,,40.19,32.95,47.21,,,,,,,,,,,,,14.18,8.55,18.89,,,,,,,,,,,,,3.78,-0.8,7.61,,,,3.07,-1.59,6.96,,,,,,,,,,,,,,,,,,,,,,,,
2017-05-03,,,,37.49,32.31,42.11,,,,,,,,,,,,,40.23,32.96,47.22,,,,,,,,,,,,,14.16,8.55,18.89,,,,,,,,,,,,,3.78,-0.8,7.61,,,,3.06,-1.6,6.96,,,,,,,,,,,,,,,,,,,,,,,,
2017-05-04,,,,37.49,32.3,42.1,,,,,,,,,,,,,40.27,32.98,47.25,,,,,,,,,,,,,14.14,8.55,18.89,,,,,,,,,,,,,3.78,-0.8,7.61,,,,3.06,-1.61,6.96,,,,,,,,,,,,,,,,,,,,,,,,
2017-05-05,,,,37.48,32.29,42.08,,,,,,,,,,,,,40.3,33.01,47.27,,,,,,,,,,,,,14.11,8.55,18.89,,,,,,,,,,,,,3.77,-0.82,7.61,,,,3.05,-1.62,6.96,,,,,,,,,,,,,,,,,,,,,,,,
2017-05-06,,,,37.48,32.29,42.07,,,,,,,,,,,,,40.34,33.03,47.29,,,,,,,,,,,,,14.09,8.54,18.89,,,,,,,,,,,,,3.77,-0.83,7.61,,,,3.04,-1.63,6.96,,,,,,,,,,,,,,,,,,,,,,,,
2017-05-07,,,,37.47,32.28,42.05,,,,,,,,,,,,,40.37,33.04,47.31,,,,,,,,,,,,,14.07,8.54,18.87,,,,,,,,,,,,,3.77,-0.85,7.6,,,,3.04,-1.63,6.96,,,,,,,,,,,,,,,,,,,,,,,,
2017-05-08,,,,37.47,32.27,42.04,,,,,,,,,,,,,40.41,33.05,47.33,,,,,,,,,,,,,14.05,8.53,18.87,,,,,,,,,,,,,3.76,-0.86,7.58,,,,3.03,-1.64,6.96,,,,,,,,,,,,,,,,,,,,,,,,
2017-05-09,,,,37.46,32.27,42.03,,,,,,,,,,,,,40.44,33.06,47.35,,,,,,,,,,,,,14.03,8.52,18.86,,,,,,,,,,,,,3.76,-0.88,7.57,,,,3.02,-1.65,6.97,,,,,,,,,,,,,,,,,,,,,,,,
2017-05-10,,,,37.46,32.26,42.03,,,,,,,,,,,,,40.47,33.06,47.37,,,,,,,,,,,,,14.01,8.5,18.84,,,,,,,,,,,,,3.76,-0.9,7.56,,,,3.02,-1.66,6.97,,,,,,,,,,,,,,,,,,,,,,,,
2017-05-11,,,,37.45,32.25,42.03,,,,,,,,,,,,,40.51,33.07,47.39,,,,,,,,,,,,,13.99,8.49,18.83,,,,,,,,,,,,,3.76,-0.91,7.55,,,,3.01,-1.68,6.97,,,,,,,,,,,,,,,,,,,,,,,,
2017-05-12,,,,37.44,32.24,42.03,,,,,,,,,,,,,40.54,33.08,47.4,,,,,,,,,,,,,13.97,8.47,18.83,,,,,,,,,,,,,3.75,-0.93,7.53,,,,3.01,-1.7,6.97,,,,,,,,,,,,,,,,,,,,,,,,
2017-05-13,,,,37.44,32.24,42.03,,,,,,,,,,,,,40.58,33.09,47.42,,,,,,,,,,,,,13.95,8.45,18.81,,,,,,,,,,,,,3.75,-0.95,7.52,,,,3.0,-1.71,6.98,,,,,,,,,,,,,,,,,,,,,,,,
2017-05-14,,,,37.43,32.23,42.03,,,,,,,,,,,,,40.61,33.1,47.43,,,,,,,,,,,,,13.93,8.43,18.8,,,,,,,,,,,,,3.75,-0.96,7.51,,,,3.0,-1.74,6.97,,,,,,,,,,,,,,,,,,,,,,,,
2017-05-15,,,,37.42,32.22,42.03,,,,,,,,,,,,,40.65,33.11,47.45,,,,,,,,,,,,,13.91,8.42,18.79,,,,,,,,,,,,,3.75,-0.97,7.52,,,,2.99,-1.76,6.98,,,,,,,,,,,,,,,,,,,,,,,,
2017-05-16,,,,37.41,32.21,42.03,,,,,,,,,,,,,40.68,33.12,47.46,,,,,,,,,,,,,13.89,8.4,18.78,,,,,,,,,,,,,3.74,-0.99,7.51,,,,2.99,-1.78,6.98,,,,,,,,,,,,,,,,,,,,,,,,
2017-05-17,,,,37.4,32.2,42.03,,,,,,,,,,,,,40.72,33.13,47.48,,,,,,,,,,,,,13.86,8.38,18.77,,,,,,,,,,,,,3.74,-1.01,7.48,,,,2.98,-1.8,6.98,,,,,,,,,,,,,,,,,,,,,,,,
2017-05-18,,,,37.39,32.19,42.03,,,,,,,,,,,,,40.76,33.15,47.49,,,,,,,,,,,,,13.84,8.37,18.76,,,,,,,,,,,,,3.74,-1.02,7.45,,,,2.97,-1.82,6.98,,,,,,,,,,,,,,,,,,,,,,,,
2017-05-19,,,,37.38,32.18,42.03,,,,,,,,,,,,,40.8,33.17,47.5,,,,,,,,,,,,,13.81,8.35,18.74,,,,,,,,,,,,,3.74,-1.04,7.44,,,,2.97,-1.84,6.99,,,,,,,,,,,,,,,,,,,34.0,44.0,12.0,3.0,3.0,
2017-05-20,,,,37.37,32.17,42.03,,,,,,,,,,,,,40.85,33.2,47.52,,,,,,,,,,,,,13.79,8.33,18.73,,,,,,,,,,,,,3.73,-1.05,7.42,,,,2.96,-1.87,6.98,,,,,,,,,,,,,,,,,,,,,,,,
2017-05-21,,,,37.35,32.13,42.03,,,,,,,,,,,,,40.89,33.22,47.54,,,,,,,,,,,,,13.76,8.31,18.72,,,,,,,,,,,,,3.73,-1.07,7.41,,,,2.96,-1.87,6.97,,,,,,,,,,,,,,,,,,,,,,,,
2017-05-22,,,,37.34,32.1,42.03,,,,,,,,,,,,,40.94,33.25,47.58,,,,,,,,,,,,,13.73,8.29,18.7,,,,,,,,,,,,,3.72,-1.09,7.41,,,,2.95,-1.87,6.96,,,,,,,,,,,,,,,,,,,,,,,,
2017-05-23,,,,37.33,32.06,42.03,,,,,,,,,,,,,40.99,33.28,47.63,,,,,,,,,,,,,13.7,8.27,18.68,,,,,,,,,,,,,3.72,-1.1,7.41,,,,2.94,-1.86,6.95,,,,,,,,,,,,,,,,,,,,,,,,
2017-05-24,,,,37.31,32.02,42.03,,,,,,,,,,,,,41.05,33.31,47.68,,,,,,,,,,,,,13.67,8.25,18.66,,,,,,,,,,,,,3.72,-1.11,7.4,,,,2.93,-1.86,6.94,,,,,,,,,,,,,,,,,,,,,,,,
2017-05-25,,,,37.29,31.97,42.03,,,,,,,,,,,,,41.1,33.34,47.72,,,,,,,,,,,,,13.64,8.23,18.64,,,,,,,,,,,,,3.71,-1.12,7.4,,,,2.93,-1.86,6.93,,,,,,,,,,,,,,,,,,,,,,,,
2017-05-26,,,,37.28,31.95,42.03,,,,,,,,,,,,,41.16,33.38,47.76,,,,,,,,,,,,,13.6,8.2,18.62,,,,,,,,,,,,,3.71,-1.11,7.39,,,,2.92,-1.86,6.92,,,,,,,,,,,,,,,,,,,,,,,,
2017-05-27,,,,37.26,31.92,42.03,,,,,,,,,,,,,41.22,33.39,47.79,,,,,,,,,,,,,13.56,8.17,18.59,,,,,,,,,,,,,3.7,-1.11,7.39,,,,2.91,-1.86,6.9,,,,,,,,,,,,,,,,,,,,,,,,
2017-05-28,,,,37.24,31.89,42.02,,,,,,,,,,,,,41.29,33.4,47.81,,,,,,,,,,,,,13.52,8.14,18.57,,,,,,,,,,,,,3.69,-1.1,7.38,,,,2.9,-1.86,6.89,,,,,,,,,,,,,,,,,,,,,,,,
2017-05-29,,,,37.22,31.86,42.01,,,,,,,,,,,,,41.36,33.42,47.81,,,,,,,,,,,,,13.48,8.12,18.5,,,,,,,,,,,,,3.69,-1.09,7.38,,,,2.89,-1.85,6.87,,,,,,,,,,,,,,,,,,,,,,,,
2017-05-30,,,,37.2,31.84,42.0,,,,,,,,,,,,,41.44,33.43,47.86,,,,,,,,,,,,,13.44,8.08,18.42,,,,,,,,,,,,,3.68,-1.09,7.37,,,,2.88,-1.85,6.86,,,,,,,,,,,,,,,,,,,,,,,,
2017-05-31,,,,37.18,31.84,41.99,,,,,,,,,,,,,41.51,33.44,47.91,,,,,,,,,,,,,13.39,8.05,18.34,,,,,,,,,,,,,3.67,-1.08,7.37,,,,2.87,-1.84,6.84,,,,,,,,,,,,,,,,,,,38.0,49.0,9.0,3.0,1.0,
2019-11-02,,,,,,,32.61,25.84,40.07,,,,,,,,,,,,,41.78,33.62,52.07,,,,,,,,,,,,,17.52,9.42,23.88,,,,,,,,,,,,,,,,,,,2.13,-4.12,7.79,,,,,,,5.39,-2.23,11.1,,,,,,,30.0,37.0,21.0,,3.0,8.0
2019-11-03,,,,,,,32.64,25.84,40.07,,,,,,,,,,,,,41.84,33.69,52.07,,,,,,,,,,,,,17.48,9.42,23.88,,,,,,,,,,,,,,,,,,,2.12,-4.12,7.75,,,,,,,5.36,-2.23,11.07,,,,,,,,,,,,
2019-11-04,,,,,,,32.67,25.84,40.07,,,,,,,,,,,,,41.9,33.73,52.07,,,,,,,,,,,,,17.43,9.41,23.88,,,,,,,,,,,,,,,,,,,2.11,-4.13,7.69,,,,,,,5.33,-2.24,11.06,,,,,,,,,,,,
2019-11-05,,,,,,,32.7,25.84,40.07,,,,,,,,,,,,,41.96,33.74,52.07,,,,,,,,,,,,,17.4,9.41,23.88,,,,,,,,,,,,,,,,,,,2.1,-4.14,7.63,,,,,,,5.3,-2.24,11.06,,,,,,,,,,,,
2019-11-06,,,,,,,32.73,25.84,40.07,,,,,,,,,,,,,42.01,33.74,52.07,,,,,,,,,,,,,17.36,9.41,23.87,,,,,,,,,,,,,,,,,,,2.09,-4.13,7.57,,,,,,,5.27,-2.24,11.02,,,,,,,,,,,,
2019-11-07,,,,,,,32.76,25.85,40.07,,,,,,,,,,,,,42.06,33.77,52.07,,,,,,,,,,,,,17.32,9.41,23.87,,,,,,,,,,,,,,,,,,,2.08,-4.12,7.52,,,,,,,5.24,-2.24,10.98,,,,,,,,,,,,
2019-11-08,,,,,,,32.78,25.89,40.07,,,,,,,,,,,,,42.1,33.77,52.07,,,,,,,,,,,,,17.29,9.41,23.87,,,,,,,,,,,,,,,,,,,2.07,-4.12,7.53,,,,,,,5.22,-2.24,10.98,,,,,,,,,,,,
2019-11-09,,,,,,,32.81,25.93,40.07,,,,,,,,,,,,,42.14,33.77,52.07,,,,,,,,,,,,,17.26,9.41,23.87,,,,,,,,,,,,,,,,,,,2.06,-4.12,7.56,,,,,,,5.19,-2.24,10.98,,,,,,,,,,,,
2019-11-10,,,,,,,32.83,25.95,40.07,,,,,,,,,,,,,42.19,33.77,52.07,,,,,,,,,,,,,17.23,9.38,23.87,,,,,,,,,,,,,,,,,,,2.06,-4.12,7.55,,,,,,,5.17,-2.24,10.98,,,,,,,,,,,,
2019-11-11,,,,,,,32.85,25.98,40.07,,,,,,,,,,,,,42.22,33.77,52.07,,,,,,,,,,,,,17.2,9.33,23.87,,,,,,,,,,,,,,,,,,,2.05,-4.12,7.53,,,,,,,5.15,-2.24,10.98,,,,,,,,,,,,
2019-11-12,,,,,,,32.87,25.98,40.07,,,,,,,,,,,,,42.26,33.77,52.07,,,,,,,,,,,,,17.17,9.29,23.87,,,,,,,,,,,,,,,,,,,2.04,-4.12,7.52,,,,,,,5.13,-2.24,10.98,,,,,,,,,,,,
2019-11-13,,,,,,,32.89,25.98,40.07,,,,,,,,,,,,,42.3,33.77,52.07,,,,,,,,,,,,,17.15,9.25,23.87,,,,,,,,,,,,,,,,,,,2.04,-4.12,7.5,,,,,,,5.11,-2.24,10.98,,,,,,,,,,,,
2019-11-14,,,,,,,32.91,25.98,40.07,,,,,,,,,,,,,42.33,33.77,52.07,,,,,,,,,,,,,17.12,9.21,23.87,,,,,,,,,,,,,,,,,,,2.03,-4.12,7.48,,,,,,,5.09,-2.24,10.98,,,,,,,,,,,,
2019-11-15,,,,,,,32.92,25.98,40.07,,,,,,,,,,,,,42.36,33.77,52.07,,,,,,,,,,,,,17.1,9.17,23.87,,,,,,,,,,,,,,,,,,,2.03,-4.12,7.46,,,,,,,5.08,-2.24,10.98,,,,,,,,,,,,
2019-11-16,,,,,,,32.94,25.98,40.07,,,,,,,,,,,,,42.39,33.77,52.07,,,,,,,,,,,,,17.08,9.14,23.87,,,,,,,,,,,,,,,,,,,2.02,-4.12,7.46,,,,,,,5.06,-2.24,10.98,,,,,,,,,,,,
2019-11-17,,,,,,,32.96,25.98,40.07,,,,,,,,,,,,,42.42,33.77,52.07,,,,,,,,,,,,,17.05,9.1,23.87,,,,,,,,,,,,,,,,,,,2.01,-4.12,7.46,,,,,,,5.04,-2.24,10.98,,,,,,,,,,,,
2019-11-18,,,,,,,32.98,25.98,40.07,,,,,,,,,,,,,42.45,33.77,52.07,,,,,,,,,,,,,17.03,9.07,23.87,,,,,,,,,,,,,,,,,,,2.01,-4.12,7.46,,,,,,,5.02,-2.24,10.98,,,,,,,,,,,,
2019-11-19,,,,,,,32.99,25.98,40.07,,,,,,,,,,,,,42.49,33.77,52.07,,,,,,,,,,,,,17.01,9.04,23.87,,,,,,,,,,,,,,,,,,,2.0,-4.12,7.46,,,,,,,5.01,-2.24,10.98,,,,,,,,,,,,
2019-11-20,,,,,,,33.01,25.98,40.07,,,,,,,,,,,,,42.51,33.77,52.07,,,,,,,,,,,,,16.99,9.01,23.87,,,,,,,,,,,,,,,,,,,2.0,-4.12,7.45,,,,,,,4.99,-2.24,10.98,,,,,,,,,,,,
2019-11-21,,,,,,,33.02,25.98,40.07,,,,,,,,,,,,,42.55,33.77,52.07,,,,,,,,,,,,,16.97,8.97,23.87,,,,,,,,,,,,,,,,,,,1.99,-4.12,7.42,,,,,,,4.98,-2.24,10.98,,,,,,,,,,,,
2019-11-22,,,,,,,33.04,25.98,40.07,,,,,,,,,,,,,42.58,33.77,52.07,,,,,,,,,,,,,16.95,8.94,23.87,,,,,,,,,,,,,,,,,,,1.99,-4.12,7.4,,,,,,,4.96,-2.24,10.98,,,,,,,,,,,,
2019-11-23,,,,,,,33.06,25.98,40.07,,,,,,,,,,,,,42.61,33.77,52.07,,,,,,,,,,,,,16.92,8.9,23.87,,,,,,,,,,,,,,,,,,,1.98,-4.12,7.37,,,,,,,4.94,-2.24,10.98,,,,,,,,,,,,
2019-11-24,,,,,,,33.08,25.98,40.07,,,,,,,,,,,,,42.64,33.77,52.07,,,,,,,,,,,,,16.9,8.86,23.87,,,,,,,,,,,,,,,,,,,1.97,-4.12,7.36,,,,,,,4.92,-2.24,10.98,,,,,,,,,,,,
2019-11-25,,,,,,,33.09,25.98,40.07,,,,,,,,,,,,,42.67,33.77,52.07,,,,,,,,,,,,,16.88,8.84,23.87,,,,,,,,,,,,,,,,,,,1.97,-4.12,7.34,,,,,,,4.91,-2.24,10.98,,,,,,,,,,,,
2019-11-26,,,,,,,33.11,25.98,40.07,,,,,,,,,,,,,42.7,33.77,52.07,,,,,,,,,,,,,16.85,8.82,23.87,,,,,,,,,,,,,,,,,,,1.96,-4.12,7.31,,,,,,,4.89,-2.24,10.98,,,,,,,,,,,,
2019-11-27,,,,,,,33.13,25.98,40.07,,,,,,,,,,,,,42.74,33.77,52.07,,,,,,,,,,,,,16.83,8.8,23.87,,,,,,,,,,,,,,,,,,,1.96,-4.12,7.29,,,,,,,4.87,-2.24,10.98,,,,,,,,,,,,
2019-11-28,,,,,,,33.15,25.98,40.07,,,,,,,,,,,,,42.78,33.77,52.07,,,,,,,,,,,,,16.8,8.77,23.87,,,,,,,,,,,,,,,,,,,1.95,-4.12,7.31,,,,,,,4.85,-2.24,10.98,,,,,,,,,,,,
2019-11-29,,,,,,,33.17,25.98,40.07,,,,,,,,,,,,,42.81,33.77,52.07,,,,,,,,,,,,,16.77,8.77,23.87,,,,,,,,,,,,,,,,,,,1.94,-4.11,7.33,,,,,,,4.83,-2.24,10.98,,,,,,,,,,,,
2019-11-30,,,,,,,33.19,25.98,40.07,,,,,,,,,,,,,42.86,33.77,52.07,,,,,,,,,,,,,16.74,8.77,23.87,,,,,,,,,,,,,,,,,,,1.94,-4.12,7.35,,,,,,,4.81,-2.24,10.98,,,,,,,,,,,,
2019-12-01,,,,,,,33.22,25.98,40.07,,,,,,,,,,,,,42.9,33.77,52.07,,,,,,,,,,,,,16.71,8.77,23.87,,,,,,,,,,,,,,,,,,,1.93,-4.14,7.36,,,,,,,4.78,-2.24,10.97,,,,,,,,,,,,
2019-12-02,,,,,,,33.24,25.98,40.07,,,,,,,,,,,,,42.94,33.77,52.07,,,,,,,,,,,,,16.68,8.77,23.87,,,,,,,,,,,,,,,,,,,1.92,-4.14,7.37,,,,,,,4.76,-2.24,10.93,,,,,,,,,,,,
2019-12-03,,,,,,,33.27,25.98,40.07,,,,,,,,,,,,,42.99,33.77,52.07,,,,,,,,,,,,,16.64,8.76,23.87,,,,,,,,,,,,,,,,,,,1.91,-4.15,7.4,,,,,,,4.73,-2.24,10.88,,,,,,,,,,,,
2019-12-04,,,,,,,33.3,25.98,40.07,,,,,,,,,,,,,43.04,33.77,52.07,,,,,,,,,,,,,16.6,8.76,23.87,,,,,,,,,,,,,,,,,,,1.9,-4.15,7.42,,,,,,,4.7,-2.31,10.88,,,,,,,,,,,,
2019-12-05,,,,,,,33.33,25.98,40.07,,,,,,,,,,,,,43.1,33.77,52.07,,,,,,,,,,,,,16.57,8.76,23.87,,,,,,,,,,,,,,,,,,,1.89,-4.15,7.44,,,,,,,4.67,-2.36,10.88,,,,,,,,,,,,
2019-12-06,,,,,,,33.36,25.98,40.07,,,,,,,,,,,,,43.16,33.77,52.07,,,,,,,,,,,,,16.52,8.76,23.87,,,,,,,,,,,,,,,,,,,1.88,-4.15,7.46,,,,,,,4.64,-2.43,10.88,,,,,,,,,,,,
2019-12-07,,,,,,,33.39,25.98,40.13,,,,,,,,,,,,,43.22,33.77,52.07,,,,,,,,,,,,,16.48,8.76,23.87,,,,,,,,,,,,,,,,,,,1.87,-4.17,7.46,,,,,,,4.61,-2.44,10.88,,,,,,,36.0,48.0,13.0,,1.0,2.0
2019-12-12,,,,,,,,,,33.96,30.3,37.77,,,,,,,,,,,,,45.88,41.63,50.21,,,,,,,,,,,,,13.53,9.73,17.72,,,,,,,,,,,,,,,,,,,5.09,1.58,9.22,,,,,,,1.23,-1.86,4.67,,,,32.0,48.0,15.0,,3.0,1.0
2019-12-13,,,,,,,,,,34.01,30.49,37.77,,,,,,,,,,,,,45.79,41.63,49.88,,,,,,,,,,,,,13.52,9.72,17.74,,,,,,,,,,,,,,,,,,,5.14,1.66,9.22,,,,,,,1.24,-1.86,4.64,,,,,,,,,
2019-12-14,,,,,,,,,,34.04,30.55,37.78,,,,,,,,,,,,,45.71,41.62,49.78,,,,,,,,,,,,,13.52,9.74,17.75,,,,,,,,,,,,,,,,,,,5.2,1.8,9.22,,,,,,,1.24,-1.81,4.59,,,,,,,,,
2019-12-15,,,,,,,,,,34.08,30.6,37.78,,,,,,,,,,,,,45.63,41.62,49.67,,,,,,,,,,,,,13.52,9.77,17.7,,,,,,,,,,,,,,,,,,,5.25,1.92,9.22,,,,,,,1.25,-1.74,4.55,,,,,,,,,
2019-12-16,,,,,,,,,,34.11,30.66,37.79,,,,,,,,,,,,,45.56,41.61,49.54,,,,,,,,,,,,,13.51,9.75,17.62,,,,,,,,,,,,,,,,,,,5.31,1.91,9.22,,,,,,,1.25,-1.68,4.52,,,,,,,,,
2019-12-17,,,,,,,,,,34.14,30.69,37.79,,,,,,,,,,,,,45.48,41.61,49.47,,,,,,,,,,,,,13.51,9.73,17.54,,,,,,,,,,,,,,,,,,,5.35,1.92,9.22,,,,,,,1.26,-1.61,4.48,,,,,,,,,
2019-12-18,,,,,,,,,,34.17,30.73,37.79,,,,,,,,,,,,,45.41,41.6,49.39,,,,,,,,,,,,,13.51,9.72,17.55,,,,,,,,,,,,,,,,,,,5.4,2.0,9.22,,,,,,,1.26,-1.63,4.35,,,,,,,,,
2019-12-19,,,,,,,,,,34.2,30.77,37.8,,,,,,,,,,,,,45.35,41.6,49.31,,,,,,,,,,,,,13.51,9.7,17.59,,,,,,,,,,,,,,,,,,,5.44,2.15,9.22,,,,,,,1.26,-1.63,4.37,,,,,,,,,
2019-12-20,,,,,,,,,,34.23,30.82,37.79,,,,,,,,,,,,,45.29,41.6,49.24,,,,,,,,,,,,,13.51,9.7,17.64,,,,,,,,,,,,,,,,,,,5.49,2.29,9.22,,,,,,,1.26,-1.66,4.37,,,,,,,,,
2019-12-21,,,,,,,,,,34.25,30.87,37.8,,,,,,,,,,,,,45.23,41.59,49.19,,,,,,,,,,,,,13.51,9.7,17.68,,,,,,,,,,,,,,,,,,,5.53,2.42,9.25,,,,,,,1.27,-1.68,4.33,,,,,,,,,
2019-12-22,,,,,,,,,,34.27,30.92,37.77,,,,,,,,,,,,,45.17,41.54,49.14,,,,,,,,,,,,,13.5,9.69,17.68,,,,,,,,,,,,,,,,,,,5.57,2.56,9.28,,,,,,,1.27,-1.7,4.28,,,,,,,,,
2019-12-23,,,,,,,,,,34.3,30.97,37.79,,,,,,,,,,,,,45.12,41.55,49.1,,,,,,,,,,,,,13.5,9.7,17.68,,,,,,,,,,,,,,,,,,,5.61,2.68,9.31,,,,,,,1.27,-1.8,4.26,,,,,,,,,
2019-12-24,,,,,,,,,,34.32,31.02,37.79,,,,,,,,,,,,,45.07,41.57,49.08,,,,,,,,,,,,,13.5,9.75,17.68,,,,,,,,,,,,,,,,,,,5.64,2.81,9.34,,,,,,,1.27,-1.84,4.27,,,,,,,,,
2019-12-25,,,,,,,,,,34.33,31.08,37.79,,,,,,,,,,,,,45.02,41.57,49.07,,,,,,,,,,,,,13.5,9.72,17.68,,,,,,,,,,,,,,,,,,,5.68,2.83,9.35,,,,,,,1.27,-1.8,4.25,,,,,,,,,
2019-12-26,,,,,,,,,,34.35,31.14,37.79,,,,,,,,,,,,,44.97,41.55,49.07,,,,,,,,,,,,,13.49,9.75,17.68,,,,,,,,,,,,,,,,,,,5.71,2.84,9.37,,,,,,,1.27,-1.76,4.22,,,,,,,,,
2019-12-27,,,,,,,,,,34.37,31.21,37.79,,,,,,,,,,,,,44.93,41.49,49.06,,,,,,,,,,,,,13.49,9.78,17.68,,,,,,,,,,,,,,,,,,,5.74,2.83,9.39,,,,,,,1.28,-1.74,4.19,,,,,,,,,
2019-12-28,,,,,,,,,,34.39,31.28,37.78,,,,,,,,,,,,,44.89,41.45,49.05,,,,,,,,,,,,,13.48,9.8,17.67,,,,,,,,,,,,,,,,,,,5.77,2.83,9.4,,,,,,,1.28,-1.7,4.16,,,,,,,,,
2019-12-29,,,,,,,,,,34.4,31.34,37.77,,,,,,,,,,,,,44.85,41.39,49.04,,,,,,,,,,,,,13.48,9.83,17.62,,,,,,,,,,,,,,,,,,,5.8,2.84,9.41,,,,,,,1.28,-1.67,4.14,,,,,,,,,
2019-12-30,,,,,,,,,,34.41,31.42,37.76,,,,,,,,,,,,,44.81,41.35,49.03,,,,,,,,,,,,,13.48,9.86,17.5,,,,,,,,,,,,,,,,,,,5.83,2.84,9.41,,,,,,,1.28,-1.64,4.12,,,,,,,,,
2019-12-31,,,,,,,,,,34.43,31.48,37.74,,,,,,,,,,,,,44.78,41.35,49.02,,,,,,,,,,,,,13.47,9.89,17.37,,,,,,,,,,,,,,,,,,,5.86,2.84,9.43,,,,,,,1.28,-1.62,4.09,,,,,,,,,
2020-01-01,,,,,,,,,,34.44,31.55,37.72,,,,,,,,,,,,,44.74,41.37,49.01,,,,,,,,,,,,,13.46,9.91,17.25,,,,,,,,,,,,,,,,,,,5.89,2.84,9.41,,,,,,,1.28,-1.59,4.07,,,,,,,,,
2020-01-02,,,,,,,,,,34.45,31.6,37.7,,,,,,,,,,,,,44.71,41.38,48.96,,,,,,,,,,,,,13.46,9.94,17.12,,,,,,,,,,,,,,,,,,,5.92,2.85,9.42,,,,,,,1.28,-1.61,4.06,,,,,,,,,
2020-01-03,,,,,,,,,,34.46,31.59,37.7,,,,,,,,,,,,,44.68,41.35,48.92,,,,,,,,,,,,,13.45,10.0,17.07,,,,,,,,,,,,,,,,,,,5.94,2.87,9.42,,,,,,,1.28,-1.64,4.04,,,,,,,,,
2020-01-04,,,,,,,,,,34.48,31.59,37.67,,,,,,,,,,,,,44.65,41.33,48.88,,,,,,,,,,,,,13.44,10.08,16.95,,,,,,,,,,,,,,,,,,,5.97,2.95,9.42,,,,,,,1.28,-1.66,4.0,,,,,,,,,
2020-01-05,,,,,,,,,,34.49,31.58,37.67,,,,,,,,,,,,,44.63,41.29,48.85,,,,,,,,,,,,,13.44,10.14,16.82,,,,,,,,,,,,,,,,,,,5.99,2.96,9.41,,,,,,,1.28,-1.64,3.98,,,,,,,,,
2020-01-06,,,,,,,,,,34.5,31.58,37.67,,,,,,,,,,,,,44.6,41.26,48.81,,,,,,,,,,,,,13.43,10.22,16.79,,,,,,,,,,,,,,,,,,,6.02,2.96,9.41,,,,,,,1.28,-1.62,3.97,,,,,,,,,
2020-01-07,,,,,,,,,,34.51,31.6,37.68,,,,,,,,,,,,,44.57,41.23,48.77,,,,,,,,,,,,,13.42,10.3,16.76,,,,,,,,,,,,,,,,,,,6.04,2.96,9.4,,,,,,,1.28,-1.6,3.96,,,,,,,,,
2020-01-08,,,,,,,,,,34.52,31.59,37.67,,,,,,,,,,,,,44.55,41.2,48.73,,,,,,,,,,,,,13.41,10.33,16.69,,,,,,,,,,,,,,,,,,,6.06,2.96,9.39,,,,,,,1.28,-1.58,3.98,,,,,,,,,
2020-01-09,,,,,,,,,,34.52,31.59,37.65,,,,,,,,,,,,,44.53,41.17,48.69,,,,,,,,,,,,,13.41,10.29,16.7,,,,,,,,,,,,,,,,,,,6.08,2.96,9.38,,,,,,,1.28,-1.56,3.98,,,,,,,,,
2020-01-10,,,,,,,,,,34.53,31.58,37.63,,,,,,,,,,,,,44.51,41.14,48.65,,,,,,,,,,,,,13.4,10.25,16.7,,,,,,,,,,,,,,,,,,,6.11,2.96,9.37,,,,,,,1.28,-1.53,3.99,,,,,,,,,
2020-01-11,,,,,,,,,,34.54,31.56,37.62,,,,,,,,,,,,,44.49,41.11,48.62,,,,,,,,,,,,,13.39,10.22,16.69,,,,,,,,,,,,,,,,,,,6.13,2.96,9.36,,,,,,,1.28,-1.51,4.0,,,,,,,,,
2020-01-12,,,,,,,,,,34.55,31.55,37.6,,,,,,,,,,,,,44.47,41.09,48.58,,,,,,,,,,,,,13.38,10.19,16.69,,,,,,,,,,,,,,,,,,,6.15,2.96,9.39,,,,,,,1.28,-1.49,3.98,,,,,,,,,
2020-01-13,,,,,,,,,,34.56,31.54,37.59,,,,,,,,,,,,,44.45,41.07,48.53,,,,,,,,,,,,,13.37,10.17,16.7,,,,,,,,,,,,,,,,,,,6.17,2.96,9.39,,,,,,,1.28,-1.46,4.02,,,,,,,,,
2020-01-14,,,,,,,,,,34.57,31.53,37.57,,,,,,,,,,,,,44.43,41.15,48.5,,,,,,,,,,,,,13.36,10.18,16.7,,,,,,,,,,,,,,,,,,,6.19,2.95,9.37,,,,,,,1.28,-1.44,4.03,,,,,,,,,
2020-01-15,,,,,,,,,,34.58,31.52,37.55,,,,,,,,,,,,,44.41,41.25,48.46,,,,,,,,,,,,,13.35,10.18,16.7,,,,,,,,,,,,,,,,,,,6.21,2.98,9.38,,,,,,,1.28,-1.45,4.04,,,,,,,,,
2020-01-16,,,,,,,,,,34.59,31.55,37.53,,,,,,,,,,,,,44.39,41.28,48.43,,,,,,,,,,,,,13.34,10.2,16.7,,,,,,,,,,,,,,,,,,,6.23,3.01,9.39,,,,,,,1.28,-1.48,4.06,,,,,,,,,
2020-01-17,,,,,,,,,,34.59,31.59,37.53,,,,,,,,,,,,,44.38,41.28,48.4,,,,,,,,,,,,,13.33,10.21,16.7,,,,,,,,,,,,,,,,,,,6.24,3.05,9.41,,,,,,,1.28,-1.46,4.07,,,,,,,,,
2020-01-18,,,,,,,,,,34.6,31.63,37.56,,,,,,,,,,,,,44.36,41.26,48.34,,,,,,,,,,,,,13.31,10.21,16.68,,,,,,,,,,,,,,,,,,,6.26,3.08,9.42,,,,,,,1.28,-1.43,4.08,,,,,,,,,
2020-01-19,,,,,,,,,,34.61,31.68,37.58,,,,,,,,,,,,,44.35,41.22,48.33,,,,,,,,,,,,,13.3,10.23,16.67,,,,,,,,,,,,,,,,,,,6.28,3.12,9.42,,,,,,,1.28,-1.41,4.08,,,,,,,,,
2020-01-20,,,,,,,,,,34.63,31.73,37.55,,,,,,,,,,,,,44.33,41.16,48.31,,,,,,,,,,,,,13.29,10.23,16.66,,,,,,,,,,,,,,,,,,,6.3,3.15,9.43,,,,,,,1.28,-1.38,4.08,,,,,,,,,
2020-01-21,,,,,,,,,,34.64,31.78,37.46,,,,,,,,,,,,,44.32,41.1,48.31,,,,,,,,,,,,,13.27,10.24,16.67,,,,,,,,,,,,,,,,,,,6.32,3.21,9.44,,,,,,,1.28,-1.35,4.08,,,,,,,,,
2020-01-22,,,,,,,,,,34.65,31.84,37.47,,,,,,,,,,,,,44.31,41.06,48.31,,,,,,,,,,,,,13.25,10.22,16.68,,,,,,,,,,,,,,,,,,,6.34,3.28,9.45,,,,,,,1.27,-1.37,4.08,,,,,,,,,
2020-01-23,,,,,,,,,,34.66,31.87,37.53,,,,,,,,,,,,,44.3,41.01,48.3,,,,,,,,,,,,,13.23,10.22,16.65,,,,,,,,,,,,,,,,,,,6.36,3.31,9.44,,,,,,,1.27,-1.34,4.06,,,,,,,,,
2020-01-24,,,,,,,,,,34.68,31.88,37.58,,,,,,,,,,,,,44.28,41.01,48.3,,,,,,,,,,,,,13.21,10.18,16.64,,,,,,,,,,,,,,,,,,,6.38,3.34,9.4,,,,,,,1.27,-1.34,4.02,,,,,,,,,
2020-01-25,,,,,,,,,,34.69,31.89,37.63,,,,,,,,,,,,,44.27,41.02,48.27,,,,,,,,,,,,,13.19,10.12,16.56,,,,,,,,,,,,,,,,,,,6.39,3.38,9.46,,,,,,,1.27,-1.4,3.99,,,,,,,,,
2020-01-26,,,,,,,,,,34.71,31.89,37.68,,,,,,,,,,,,,44.26,41.02,48.2,,,,,,,,,,,,,13.17,10.05,16.5,,,,,,,,,,,,,,,,,,,6.41,3.43,9.46,,,,,,,1.27,-1.47,3.95,,,,35.0,48.0,10.0,,6.0,1.0
2020-01-27,,,,,,,,,,34.73,31.91,37.73,,,,,,,,,,,,,44.26,41.03,48.16,,,,,,,,,,,,,13.15,10.0,16.42,,,,,,,,,,,,,,,,,,,6.43,3.48,9.47,,,,,,,1.27,-1.49,3.92,,,,,,,,,
2020-01-28,,,,,,,,,,34.74,31.95,37.78,,,,,,,,,,,,,44.25,41.05,48.15,,,,,,,,,,,,,13.12,9.96,16.34,,,,,,,,,,,,,,,,,,,6.45,3.51,9.47,,,,,,,1.27,-1.47,3.91,,,,,,,,,
2020-01-29,,,,,,,,,,34.76,32.02,37.82,,,,,,,,,,,,,44.24,41.06,48.13,,,,,,,,,,,,,13.1,10.0,16.26,,,,,,,,,,,,,,,,,,,6.47,3.52,9.46,,,,,,,1.27,-1.45,3.91,,,,,,,,,
2020-01-30,,,,,,,,,,34.78,32.02,37.84,,,,,,,,,,,,,44.23,41.08,48.12,,,,,,,,,,,,,13.07,10.03,16.15,,,,,,,,,,,,,,,,,,,6.48,3.56,9.48,,,,,,,1.27,-1.42,3.91,,,,,,,,,
2020-01-31,,,,,,,,,,34.8,32.01,37.85,,,,,,,,,,,,,44.22,41.1,48.06,,,,,,,,,,,,,13.04,10.06,16.06,,,,,,,,,,,,,,,,,,,6.5,3.61,9.55,,,,,,,1.27,-1.38,3.91,,,,,,,,,
2020-02-01,,,,,,,,,,34.83,32.0,37.87,,,,,,,,,,,,,44.22,41.08,48.04,,,,,,,,,,,,,13.02,10.03,16.02,,,,,,,,,,,,,,,,,,,6.52,3.63,9.62,,,,,,,1.26,-1.34,3.91,,,,,,,,,
2020-02-02,,,,,,,,,,34.85,32.0,37.89,,,,,,,,,,,,,44.21,41.0,48.03,,,,,,,,,,,,,12.99,10.0,15.94,,,,,,,,,,,,,,,,,,,6.53,3.65,9.67,,,,,,,1.26,-1.3,3.87,,,,34.0,43.0,17.0,,4.0,2.0
2020-02-03,,,,,,,,,,34.87,32.02,37.91,,,,,,,,,,,,,44.21,40.97,48.01,,,,,,,,,,,,,12.95,9.99,15.93,,,,,,,,,,,,,,,,,,,6.54,3.66,9.72,,,,,,,1.26,-1.26,3.84,,,,,,,,,
2020-02-04,,,,,,,,,,34.9,32.05,37.92,,,,,,,,,,,,,44.21,40.98,47.99,,,,,,,,,,,,,12.92,9.99,15.91,,,,,,,,,,,,,,,,,,,6.56,3.66,9.76,,,,,,,1.26,-1.21,3.81,,,,,,,,,
2020-02-05,,,,,,,,,,34.93,32.09,37.94,,,,,,,,,,,,,44.2,41.0,47.98,,,,,,,,,,,,,12.89,9.95,15.89,,,,,,,,,,,,,,,,,,,6.57,3.66,9.78,,,,,,,1.26,-1.19,3.79,,,,,,,,,
2020-02-06,,,,,,,,,,34.96,32.12,37.95,,,,,,,,,,,,,44.2,41.02,47.96,,,,,,,,,,,,,12.85,9.91,15.86,,,,,,,,,,,,,,,,,,,6.58,3.66,9.78,,,,,,,1.26,-1.18,3.78,,,,,,,,,
2020-02-07,,,,,,,,,,35.0,32.17,38.05,,,,,,,,,,,,,44.2,41.04,47.94,,,,,,,,,,,,,12.82,9.86,15.83,,,,,,,,,,,,,,,,,,,6.59,3.66,9.78,,,,,,,1.26,-1.16,3.78,,,,,,,,,
2020-02-08,,,,,,,,,,35.04,32.22,38.15,,,,,,,,,,,,,44.21,41.06,47.95,,,,,,,,,,,,,12.78,9.81,15.79,,,,,,,,,,,,,,,,,,,6.59,3.66,9.78,,,,,,,1.26,-1.14,3.78,,,,,,,,,
2020-02-09,,,,,,,,,,35.08,32.28,38.18,,,,,,,,,,,,,44.21,41.11,47.92,,,,,,,,,,,,,12.74,9.77,15.74,,,,,,,,,,,,,,,,,,,6.6,3.65,9.73,,,,,,,1.26,-1.18,3.78,,,,,,,,,
2020-02-10,,,,,,,,,,35.12,32.34,38.21,,,,,,,,,,,,,44.21,41.16,47.89,,,,,,,,,,,,,12.69,9.73,15.7,,,,,,,,,,,,,,,,,,,6.6,3.64,9.64,,,,,,,1.25,-1.18,3.77,,,,36.0,40.0,13.0,,10.0,1.0
2020-02-11,,,,,,,,,,35.16,32.42,38.22,,,,,,,,,,,,,44.22,41.14,47.86,,,,,,,,,,,,,12.65,9.69,15.64,,,,,,,,,,,,,,,,,,,6.6,3.63,9.6,,,,,,,1.25,-1.18,3.82,,,,,,,,,
2020-02-12,,,,,,,,,,35.21,32.5,38.25,,,,,,,,,,,,,44.22,41.15,47.83,,,,,,,,,,,,,12.61,9.66,15.54,,,,,,,,,,,,,,,,,,,6.59,3.61,9.52,,,,,,,1.25,-1.18,3.79,,,,,,,,,
2020-02-13,,,,,,,,,,35.26,32.58,38.21,,,,,,,,,,,,,44.23,41.17,47.75,,,,,,,,,,,,,12.56,9.64,15.43,,,,,,,,,,,,,,,,,,,6.59,3.6,9.45,,,,,,,1.25,-1.11,3.76,,,,,,,,,
2020-02-14,,,,,,,,,,35.31,32.67,38.16,,,,,,,,,,,,,44.24,41.19,47.66,,,,,,,,,,,,,12.51,9.61,15.34,,,,,,,,,,,,,,,,,,,6.58,3.6,9.39,,,,,,,1.25,-1.11,3.75,,,,,,,,,
2020-02-15,,,,,,,,,,35.37,32.76,38.11,,,,,,,,,,,,,44.25,41.27,47.62,,,,,,,,,,,,,12.46,9.58,15.28,,,,,,,,,,,,,,,,,,,6.57,3.61,9.37,,,,,,,1.25,-1.11,3.74,,,,,,,,,
2020-02-16,,,,,,,,,,35.42,32.85,38.09,,,,,,,,,,,,,44.26,41.34,47.57,,,,,,,,,,,,,12.41,9.59,15.23,,,,,,,,,,,,,,,,,,,6.56,3.62,9.28,,,,,,,1.25,-1.11,3.74,,,,,,,,,
2020-02-17,,,,,,,,,,35.48,32.95,38.12,,,,,,,,,,,,,44.28,41.41,47.53,,,,,,,,,,,,,12.36,9.54,15.17,,,,,,,,,,,,,,,,,,,6.54,3.62,9.19,,,,,,,1.25,-1.1,3.74,,,,,,,,,
2020-02-18,,,,,,,,,,35.54,33.08,38.23,,,,,,,,,,,,,44.29,41.43,47.49,,,,,,,,,,,,,12.31,9.51,15.1,,,,,,,,,,,,,,,,,,,6.52,3.62,9.09,,,,,,,1.24,-1.13,3.72,,,,,,,,,
2020-02-19,,,,,,,,,,35.6,33.15,38.29,,,,,,,,,,,,,44.3,41.45,47.45,,,,,,,,,,,,,12.26,9.49,15.02,,,,,,,,,,,,,,,,,,,6.51,3.63,9.05,,,,,,,1.24,-1.18,3.73,,,,,,,,,
2020-02-20,,,,,,,,,,35.66,33.26,38.3,,,,,,,,,,,,,44.32,41.47,47.4,,,,,,,,,,,,,12.21,9.48,14.98,,,,,,,,,,,,,,,,,,,6.49,3.64,9.0,,,,,,,1.24,-1.19,3.7,,,,,,,,,
2020-02-21,,,,,,,,,,35.72,33.34,38.37,,,,,,,,,,,,,44.33,41.52,47.35,,,,,,,,,,,,,12.16,9.47,14.92,,,,,,,,,,,,,,,,,,,6.46,3.65,8.99,,,,,,,1.24,-1.21,3.7,,,,,,,,,
2020-02-22,,,,,,,,,,35.78,33.39,38.38,,,,,,,,,,,,,44.35,41.61,47.31,,,,,,,,,,,,,12.1,9.43,14.85,,,,,,,,,,,,,,,,,,,6.44,3.66,8.97,,,,,,,1.24,-1.25,3.69,,,,,,,,,
2020-02-23,,,,,,,,,,35.85,33.45,38.41,,,,,,,,,,,,,44.36,41.7,47.26,,,,,,,,,,,,,12.05,9.41,14.76,,,,,,,,,,,,,,,,,,,6.42,3.67,8.95,,,,,,,1.24,-1.29,3.68,,,,,,,,,
2020-02-24,,,,,,,,,,35.91,33.5,38.5,,,,,,,,,,,,,44.38,41.79,47.22,,,,,,,,,,,,,12.0,9.38,14.64,,,,,,,,,,,,,,,,,,,6.4,3.68,8.9,,,,,,,1.23,-1.32,3.66,,,,,,,,,
2020-02-25,,,,,,,,,,35.98,33.59,38.59,,,,,,,,,,,,,44.39,41.88,47.18,,,,,,,,,,,,,11.95,9.36,14.56,,,,,,,,,,,,,,,,,,,6.37,3.7,8.84,,,,,,,1.23,-1.36,3.65,,,,,,,,,
2020-02-26,,,,,,,,,,36.04,33.78,38.67,,,,,,,,,,,,,44.41,41.91,47.14,,,,,,,,,,,,,11.89,9.33,14.46,,,,,,,,,,,,,,,,,,,6.35,3.71,8.82,,,,,,,1.23,-1.39,3.64,,,,,,,,,
2020-02-27,,,,,,,,,,36.11,33.94,38.76,,,,,,,,,,,,,44.42,41.9,47.09,,,,,,,,,,,,,11.84,9.3,14.38,,,,,,,,,,,,,,,,,,,6.32,3.73,8.8,,,,,,,1.23,-1.43,3.62,,,,,,,,,
2020-02-28,,,,,,,,,,36.17,34.03,38.85,,,,,,,,,,,,,44.43,41.89,47.05,,,,,,,,,,,,,11.79,9.24,14.29,,,,,,,,,,,,,,,,,,,6.3,3.69,8.78,,,,,,,1.23,-1.45,3.61,,,,,,,,,
2020-02-29,,,,,,,,,,36.24,34.11,38.94,,,,,,,,,,,,,44.45,41.97,47.01,,,,,,,,,,,,,11.74,9.18,14.2,,,,,,,,,,,,,,,,,,,6.27,3.68,8.75,,,,,,,1.23,-1.48,3.59,,,,,,,,,
2020-03-01,,,,,,,,,,36.31,34.17,39.02,,,,,,,,,,,,,44.46,42.04,47.01,,,,,,,,,,,,,11.68,9.19,14.1,,,,,,,,,,,,,,,,,,,6.25,3.67,8.73,,,,,,,1.22,-1.51,3.57,,,,,,,,,
2020-03-02,,,,,,,,,,36.38,34.22,39.11,,,,,,,,,,,,,44.47,42.12,47.02,,,,,,,,,,,,,11.63,9.14,14.01,,,,,,,,,,,,,,,,,,,6.23,3.66,8.71,,,,,,,1.22,-1.52,3.56,,,,,,,,,
2020-03-03,,,,,,,,,,36.44,34.28,39.15,,,,,,,,,,,,,44.48,42.19,47.03,,,,,,,,,,,,,11.58,9.18,13.92,,,,,,,,,,,,,,,,,,,6.2,3.63,8.67,,,,,,,1.22,-1.52,3.53,,,,,,,,,
2020-03-04,,,,,,,,,,36.51,34.33,39.18,,,,,,,,,,,,,44.49,42.25,47.05,,,,,,,,,,,,,11.53,9.17,13.81,,,,,,,,,,,,,,,,,,,6.18,3.57,8.62,,,,,,,1.22,-1.51,3.51,,,,34.0,46.0,11.0,,7.0,1.0
2020-03-05,,,,,,,,,,36.57,34.38,39.21,,,,,,,,,,,,,44.5,42.3,47.06,,,,,,,,,,,,,11.47,9.15,13.78,,,,,,,,,,,,,,,,,,,6.16,3.58,8.56,,,,,,,1.22,-1.51,3.49,,,,,,,,,
2020-03-06,,,,,,,,,,36.64,34.44,39.25,,,,,,,,,,,,,44.51,42.31,47.0,,,,,,,,,,,,,11.42,9.12,13.76,,,,,,,,,,,,,,,,,,,6.14,3.59,8.51,,,,,,,1.22,-1.51,3.52,,,,,,,,,
2020-03-07,,,,,,,,,,36.7,34.49,39.32,,,,,,,,,,,,,44.53,42.32,46.97,,,,,,,,,,,,,11.36,9.11,13.73,,,,,,,,,,,,,,,,,,,6.12,3.55,8.45,,,,,,,1.22,-1.5,3.53,,,,,,,,,
2020-03-08,,,,,,,,,,36.76,34.54,39.37,,,,,,,,,,,,,44.54,42.34,46.98,,,,,,,,,,,,,11.31,9.08,13.64,,,,,,,,,,,,,,,,,,,6.11,3.58,8.38,,,,,,,1.22,-1.5,3.5,,,,,,,,,
2020-03-09,,,,,,,,,,36.82,34.57,39.41,,,,,,,,,,,,,44.55,42.39,46.96,,,,,,,,,,,,,11.25,9.03,13.56,,,,,,,,,,,,,,,,,,,6.09,3.63,8.34,,,,,,,1.22,-1.49,3.52,,,,,,,,,
2020-03-10,,,,,,,,,,36.88,34.59,39.45,,,,,,,,,,,,,44.56,42.41,46.95,,,,,,,,,,,,,11.2,9.0,13.46,,,,,,,,,,,,,,,,,,,6.08,3.64,8.29,,,,,,,1.22,-1.48,3.53,,,,,,,,,
2020-03-11,,,,,,,,,,36.94,34.6,39.5,,,,,,,,,,,,,44.58,42.39,46.93,,,,,,,,,,,,,11.14,8.91,13.37,,,,,,,,,,,,,,,,,,,6.06,3.66,8.29,,,,,,,1.22,-1.46,3.56,,,,,,,,,
2020-03-12,,,,,,,,,,36.99,34.67,39.61,,,,,,,,,,,,,44.59,42.42,46.94,,,,,,,,,,,,,11.08,8.84,13.28,,,,,,,,,,,,,,,,,,,6.05,3.68,8.32,,,,,,,1.23,-1.45,3.59,,,,,,,,,
2020-03-13,,,,,,,,,,37.04,34.74,39.66,,,,,,,,,,,,,44.61,42.48,46.98,,,,,,,,,,,,,11.03,8.76,13.25,,,,,,,,,,,,,,,,,,,6.04,3.69,8.34,,,,,,,1.23,-1.45,3.57,,,,,,,,,
2020-03-14,,,,,,,,,,37.09,34.75,39.61,,,,,,,,,,,,,44.64,42.5,47.04,,,,,,,,,,,,,10.97,8.73,13.21,,,,,,,,,,,,,,,,,,,6.03,3.71,8.31,,,,,,,1.24,-1.48,3.54,,,,,,,,,
2020-03-15,,,,,,,,,,37.14,34.81,39.61,,,,,,,,,,,,,44.66,42.53,47.06,,,,,,,,,,,,,10.91,8.66,13.19,,,,,,,,,,,,,,,,,,,6.02,3.76,8.29,,,,,,,1.24,-1.5,3.57,,,,,,,,,
2020-03-16,,,,,,,,,,37.18,34.93,39.66,,,,,,,,,,,,,44.69,42.59,47.1,,,,,,,,,,,,,10.84,8.58,13.17,,,,,,,,,,,,,,,,,,,6.01,3.79,8.22,,,,,,,1.25,-1.43,3.6,,,,,,,,,
2020-03-17,,,,,,,,,,37.22,34.91,39.66,,,,,,,,,,,,,44.73,42.67,47.11,,,,,,,,,,,,,10.78,8.51,13.06,,,,,,,,,,,,,,,,,,,6.0,3.79,8.21,,,,,,,1.26,-1.46,3.63,,,,,,,,,
2020-03-18,,,,,,,,,,37.26,35.0,39.65,,,,,,,,,,,,,44.76,42.71,47.13,,,,,,,,,,,,,10.72,8.37,12.9,,,,,,,,,,,,,,,,,,,5.99,3.8,8.19,,,,,,,1.26,-1.45,3.64,,,,,,,,,
2020-03-19,,,,,,,,,,37.29,35.08,39.64,,,,,,,,,,,,,44.8,42.76,47.14,,,,,,,,,,,,,10.65,8.29,12.84,,,,,,,,,,,,,,,,,,,5.98,3.82,8.15,,,,,,,1.27,-1.36,3.67,,,,,,,,,
2020-03-20,,,,,,,,,,37.32,35.12,39.68,,,,,,,,,,,,,44.85,42.81,47.13,,,,,,,,,,,,,10.59,8.28,12.77,,,,,,,,,,,,,,,,,,,5.97,3.88,8.1,,,,,,,1.29,-1.32,3.65,,,,,,,,,
2020-03-21,,,,,,,,,,37.34,35.15,39.71,,,,,,,,,,,,,44.9,42.86,47.11,,,,,,,,,,,,,10.52,8.21,12.7,,,,,,,,,,,,,,,,,,,5.96,3.9,8.12,,,,,,,1.3,-1.32,3.6,,,,,,,,,
2020-03-22,,,,,,,,,,37.37,35.1,39.72,,,,,,,,,,,,,44.95,42.91,47.14,,,,,,,,,,,,,10.45,8.14,12.64,,,,,,,,,,,,,,,,,,,5.95,3.9,8.16,,,,,,,1.31,-1.3,3.58,,,,,,,,,
2020-03-23,,,,,,,,,,37.39,35.02,39.75,,,,,,,,,,,,,45.0,42.96,47.19,,,,,,,,,,,,,10.38,8.09,12.57,,,,,,,,,,,,,,,,,,,5.94,3.91,8.15,,,,,,,1.32,-1.28,3.67,,,,,,,,,
2020-03-24,,,,,,,,,,37.4,35.07,39.78,,,,,,,,,,,,,45.06,42.98,47.31,,,,,,,,,,,,,10.32,8.09,12.5,,,,,,,,,,,,,,,,,,,5.93,3.88,8.13,,,,,,,1.34,-1.28,3.73,,,,,,,,,
2020-03-25,,,,,,,,,,37.42,35.04,39.79,,,,,,,,,,,,,45.13,43.04,47.34,,,,,,,,,,,,,10.25,8.08,12.44,,,,,,,,,,,,,,,,,,,5.92,3.86,8.11,,,,,,,1.36,-1.25,3.75,,,,,,,,,
2020-03-26,,,,,,,,,,37.43,35.06,39.81,,,,,,,,,,,,,45.19,43.06,47.42,,,,,,,,,,,,,10.18,8.01,12.38,,,,,,,,,,,,,,,,,,,5.91,3.86,8.09,,,,,,,1.37,-1.26,3.92,,,,,,,,,
2020-03-27,,,,,,,,,,37.43,35.09,39.8,,,,,,,,,,,,,45.26,43.13,47.5,,,,,,,,,,,,,10.11,7.94,12.33,,,,,,,,,,,,,,,,,,,5.9,3.85,7.99,,,,,,,1.39,-1.26,4.01,,,,,,,,,
2020-03-28,,,,,,,,,,37.43,35.07,39.72,,,,,,,,,,,,,45.33,43.22,47.49,,,,,,,,,,,,,10.04,7.87,12.22,,,,,,,,,,,,,,,,,,,5.89,3.85,7.93,,,,,,,1.41,-1.28,4.04,,,,,,,,,
2020-03-29,,,,,,,,,,37.43,35.0,39.72,,,,,,,,,,,,,45.4,43.26,47.6,,,,,,,,,,,,,9.98,7.81,12.12,,,,,,,,,,,,,,,,,,,5.88,3.87,7.96,,,,,,,1.43,-1.29,4.11,,,,,,,,,
2020-03-30,,,,,,,,,,37.43,34.93,39.74,,,,,,,,,,,,,45.48,43.26,47.74,,,,,,,,,,,,,9.91,7.75,12.03,,,,,,,,,,,,,,,,,,,5.87,3.84,7.94,,,,,,,1.45,-1.29,4.18,,,,,,,,,
2020-03-31,,,,,,,,,,37.42,34.85,39.75,,,,,,,,,,,,,45.56,43.28,47.8,,,,,,,,,,,,,9.84,7.7,11.91,,,,,,,,,,,,,,,,,,,5.86,3.87,7.88,,,,,,,1.47,-1.29,4.25,,,,,,,,,
2020-04-01,,,,,,,,,,37.41,34.81,39.76,,,,,,,,,,,,,45.64,43.35,47.86,,,,,,,,,,,,,9.78,7.62,11.84,,,,,,,,,,,,,,,,,,,5.85,3.85,7.86,,,,,,,1.49,-1.29,4.28,,,,,,,,,
2020-04-02,,,,,,,,,,37.39,34.78,39.75,,,,,,,,,,,,,45.72,43.41,47.92,,,,,,,,,,,,,9.72,7.56,11.78,,,,,,,,,,,,,,,,,,,5.83,3.79,7.84,,,,,,,1.51,-1.24,4.23,,,,37.0,45.0,10.0,,7.0,1.0
2020-04-03,,,,,,,,,,37.38,34.75,39.73,,,,,,,,,,,,,45.81,43.48,47.98,,,,,,,,,,,,,9.65,7.47,11.69,,,,,,,,,,,,,,,,,,,5.82,3.82,7.81,,,,,,,1.53,-1.27,4.26,,,,,,,,,
2020-04-04,,,,,,,,,,37.36,34.72,39.7,,,,,,,,,,,,,45.89,43.53,48.03,,,,,,,,,,,,,9.59,7.4,11.57,,,,,,,,,,,,,,,,,,,5.81,3.85,7.81,,,,,,,1.55,-1.3,4.23,,,,,,,,,
2020-04-05,,,,,,,,,,37.33,34.71,39.68,,,,,,,,,,,,,45.98,43.63,48.15,,,,,,,,,,,,,9.54,7.35,11.46,,,,,,,,,,,,,,,,,,,5.8,3.82,7.81,,,,,,,1.57,-1.25,4.1,,,,,,,,,
2020-04-06,,,,,,,,,,37.31,34.67,39.65,,,,,,,,,,,,,46.07,43.67,48.29,,,,,,,,,,,,,9.48,7.31,11.4,,,,,,,,,,,,,,,,,,,5.79,3.77,7.81,,,,,,,1.58,-1.23,4.1,,,,,,,,,
2020-04-07,,,,,,,,,,37.28,34.65,39.61,,,,,,,,,,,,,46.15,43.72,48.39,,,,,,,,,,,,,9.43,7.28,11.35,,,,,,,,,,,,,,,,,,,5.77,3.7,7.79,,,,,,,1.6,-1.21,4.15,,,,,,,,,
2020-04-08,,,,,,,,,,37.25,34.62,39.5,,,,,,,,,,,,,46.24,43.76,48.45,,,,,,,,,,,,,9.38,7.24,11.28,,,,,,,,,,,,,,,,,,,5.76,3.65,7.78,,,,,,,1.62,-1.18,4.21,,,,,,,,,
2020-04-09,,,,,,,,,,37.22,34.6,39.46,,,,,,,,,,,,,46.32,43.81,48.53,,,,,,,,,,,,,9.33,7.21,11.26,,,,,,,,,,,,,,,,,,,5.75,3.59,7.73,,,,,,,1.64,-1.16,4.25,,,,,,,,,
2020-04-10,,,,,,,,,,37.18,34.58,39.42,,,,,,,,,,,,,46.41,43.87,48.67,,,,,,,,,,,,,9.28,7.19,11.21,,,,,,,,,,,,,,,,,,,5.74,3.59,7.71,,,,,,,1.65,-1.16,4.29,,,,,,,,,
2020-04-11,,,,,,,,,,37.15,34.56,39.38,,,,,,,,,,,,,46.49,43.92,48.81,,,,,,,,,,,,,9.24,7.14,11.16,,,,,,,,,,,,,,,,,,,5.72,3.64,7.7,,,,,,,1.67,-1.2,4.33,,,,,,,,,
2020-04-12,,,,,,,,,,37.11,34.52,39.33,,,,,,,,,,,,,46.57,43.97,48.87,,,,,,,,,,,,,9.2,7.09,11.11,,,,,,,,,,,,,,,,,,,5.71,3.68,7.68,,,,,,,1.68,-1.24,4.33,,,,,,,,,
2020-04-13,,,,,,,,,,37.08,34.53,39.27,,,,,,,,,,,,,46.65,44.03,48.94,,,,,,,,,,,,,9.16,7.07,11.06,,,,,,,,,,,,,,,,,,,5.7,3.64,7.64,,,,,,,1.69,-1.28,4.28,,,,,,,,,
2020-04-14,,,,,,,,,,37.04,34.51,39.23,,,,,,,,,,,,,46.73,44.09,48.99,,,,,,,,,,,,,9.12,7.02,11.01,,,,,,,,,,,,,,,,,,,5.68,3.6,7.6,,,,,,,1.7,-1.3,4.25,,,,,,,,,
2020-04-15,,,,,,,,,,37.0,34.5,39.21,,,,,,,,,,,,,46.8,44.22,49.11,,,,,,,,,,,,,9.09,6.98,10.96,,,,,,,,,,,,,,,,,,,5.67,3.6,7.57,,,,,,,1.72,-1.33,4.31,,,,,,,,,
2020-04-16,,,,,,,,,,36.96,34.47,39.19,,,,,,,,,,,,,46.88,44.3,49.22,,,,,,,,,,,,,9.06,6.94,10.93,,,,,,,,,,,,,,,,,,,5.66,3.56,7.58,,,,,,,1.73,-1.35,4.25,,,,,,,,,
2020-04-17,,,,,,,,,,36.92,34.44,39.16,,,,,,,,,,,,,46.95,44.38,49.29,,,,,,,,,,,,,9.03,6.92,10.87,,,,,,,,,,,,,,,,,,,5.64,3.5,7.58,,,,,,,1.74,-1.31,4.17,,,,41.0,47.0,8.0,,4.0,
2020-04-18,,,,,,,,,,36.88,34.41,39.13,,,,,,,,,,,,,47.02,44.46,49.33,,,,,,,,,,,,,9.0,6.92,10.82,,,,,,,,,,,,,,,,,,,5.63,3.45,7.57,,,,,,,1.75,-1.25,4.14,,,,,,,,,
2020-04-19,,,,,,,,,,36.84,34.39,39.1,,,,,,,,,,,,,47.09,44.54,49.39,,,,,,,,,,,,,8.98,6.9,10.77,,,,,,,,,,,,,,,,,,,5.62,3.39,7.55,,,,,,,1.75,-1.21,4.09,,,,,,,,,
2020-04-20,,,,,,,,,,36.8,34.36,39.07,,,,,,,,,,,,,47.16,44.6,49.5,,,,,,,,,,,,,8.95,6.86,10.73,,,,,,,,,,,,,,,,,,,5.6,3.36,7.53,,,,,,,1.76,-1.26,4.1,,,,,,,,,
2020-04-21,,,,,,,,,,36.76,34.34,39.05,,,,,,,,,,,,,47.23,44.66,49.56,,,,,,,,,,,,,8.93,6.78,10.68,,,,,,,,,,,,,,,,,,,5.59,3.31,7.51,,,,,,,1.77,-1.24,4.14,,,,,,,,,
2020-04-22,,,,,,,,,,36.72,34.29,39.02,,,,,,,,,,,,,47.29,44.72,49.58,,,,,,,,,,,,,8.91,6.75,10.63,,,,,,,,,,,,,,,,,,,5.57,3.26,7.49,,,,,,,1.78,-1.22,4.19,,,,,,,,,
2020-04-23,,,,,,,,,,36.69,34.25,38.98,,,,,,,,,,,,,47.35,44.85,49.65,,,,,,,,,,,,,8.89,6.74,10.61,,,,,,,,,,,,,,,,,,,5.56,3.21,7.47,,,,,,,1.78,-1.23,4.26,,,,,,,,,
2020-04-24,,,,,,,,,,36.65,34.21,38.93,,,,,,,,,,,,,47.42,44.95,49.73,,,,,,,,,,,,,8.87,6.69,10.61,,,,,,,,,,,,,,,,,,,5.55,3.17,7.47,,,,,,,1.79,-1.26,4.36,,,,40.0,46.0,9.0,,2.0,
2020-04-25,,,,,,,,,,36.61,34.18,38.88,,,,,,,,,,,,,47.48,45.03,49.81,,,,,,,,,,,,,8.85,6.65,10.58,,,,,,,,,,,,,,,,,,,5.53,3.13,7.48,,,,,,,1.79,-1.29,4.43,,,,,,,,,
2020-04-26,,,,,,,,,,36.57,34.14,38.83,,,,,,,,,,,,,47.54,45.11,49.91,,,,,,,,,,,,,8.82,6.62,10.52,,,,,,,,,,,,,,,,,,,5.52,3.09,7.49,,,,,,,1.8,-1.3,4.41,,,,,,,,,
2020-04-27,,,,,,,,,,36.53,34.1,38.78,,,,,,,,,,,,,47.6,45.2,49.96,,,,,,,,,,,,,8.8,6.6,10.47,,,,,,,,,,,,,,,,,,,5.51,3.08,7.5,,,,,,,1.8,-1.31,4.43,,,,,,,,,
2020-04-28,,,,,,,,,,36.49,34.06,38.73,,,,,,,,,,,,,47.66,45.26,50.01,,,,,,,,,,,,,8.78,6.59,10.42,,,,,,,,,,,,,,,,,,,5.5,3.08,7.46,,,,,,,1.81,-1.31,4.49,,,,,,,,,
2020-04-29,,,,,,,,,,36.45,34.02,38.68,,,,,,,,,,,,,47.72,45.28,50.05,,,,,,,,,,,,,8.76,6.57,10.37,,,,,,,,,,,,,,,,,,,5.48,3.06,7.43,,,,,,,1.82,-1.31,4.5,,,,,,,,,
2020-04-30,,,,,,,,,,36.41,33.99,38.63,,,,,,,,,,,,,47.78,45.3,50.1,,,,,,,,,,,,,8.74,6.53,10.35,,,,,,,,,,,,,,,,,,,5.47,3.05,7.4,,,,,,,1.82,-1.29,4.5,,,,,,,,,
2020-05-01,,,,,,,,,,36.37,33.93,38.57,,,,,,,,,,,,,47.84,45.32,50.14,,,,,,,,,,,,,8.72,6.51,10.34,,,,,,,,,,,,,,,,,,,5.46,3.06,7.37,,,,,,,1.83,-1.27,4.5,,,,,,,,,
2020-05-02,,,,,,,,,,36.33,33.86,38.5,,,,,,,,,,,,,47.91,45.34,50.2,,,,,,,,,,,,,8.7,6.5,10.32,,,,,,,,,,,,,,,,,,,5.45,3.05,7.34,,,,,,,1.84,-1.18,4.53,,,,,,,,,
2020-05-03,,,,,,,,,,36.29,33.81,38.46,,,,,,,,,,,,,47.97,45.46,50.24,,,,,,,,,,,,,8.68,6.48,10.3,,,,,,,,,,,,,,,,,,,5.44,3.04,7.31,,,,,,,1.84,-1.21,4.56,,,,,,,,,
2020-05-04,,,,,,,,,,36.25,33.76,38.41,,,,,,,,,,,,,48.03,45.58,50.31,,,,,,,,,,,,,8.65,6.46,10.28,,,,,,,,,,,,,,,,,,,5.43,3.02,7.31,,,,,,,1.85,-1.17,4.58,,,,,,,,,
2020-05-05,,,,,,,,,,36.2,33.76,38.38,,,,,,,,,,,,,48.09,45.71,50.37,,,,,,,,,,,,,8.63,6.45,10.26,,,,,,,,,,,,,,,,,,,5.41,3.01,7.31,,,,,,,1.86,-1.13,4.61,,,,,,,,,
2020-05-06,,,,,,,,,,36.16,33.71,38.37,,,,,,,,,,,,,48.15,45.84,50.44,,,,,,,,,,,,,8.61,6.43,10.25,,,,,,,,,,,,,,,,,,,5.4,3.02,7.31,,,,,,,1.87,-1.18,4.63,,,,40.0,42.0,10.0,,8.0,
2020-05-07,,,,,,,,,,36.12,33.66,38.33,,,,,,,,,,,,,48.21,45.89,50.51,,,,,,,,,,,,,8.59,6.42,10.23,,,,,,,,,,,,,,,,,,,5.39,3.02,7.31,,,,,,,1.87,-1.23,4.66,,,,,,,,,
2020-05-08,,,,,,,,,,36.07,33.62,38.27,,,,,,,,,,,,,48.27,45.93,50.58,,,,,,,,,,,,,8.57,6.41,10.2,,,,,,,,,,,,,,,,,,,5.38,3.02,7.31,,,,,,,1.88,-1.21,4.68,,,,,,,,,
2020-05-09,,,,,,,,,,36.02,33.57,38.21,,,,,,,,,,,,,48.33,45.97,50.65,,,,,,,,,,,,,8.54,6.4,10.18,,,,,,,,,,,,,,,,,,,5.37,3.01,7.29,,,,,,,1.89,-1.19,4.69,,,,,,,,,
2020-05-10,,,,,,,,,,35.98,33.52,38.13,,,,,,,,,,,,,48.39,46.01,50.72,,,,,,,,,,,,,8.52,6.4,10.16,,,,,,,,,,,,,,,,,,,5.36,3.01,7.27,,,,,,,1.9,-1.22,4.7,,,,,,,,,
2020-05-11,,,,,,,,,,35.93,33.47,38.06,,,,,,,,,,,,,48.45,46.05,50.79,,,,,,,,,,,,,8.5,6.39,10.14,,,,,,,,,,,,,,,,,,,5.36,3.03,7.25,,,,,,,1.91,-1.25,4.72,,,,,,,,,
2020-05-12,,,,,,,,,,35.88,33.4,38.0,,,,,,,,,,,,,48.51,46.1,50.86,,,,,,,,,,,,,8.48,6.37,10.11,,,,,,,,,,,,,,,,,,,5.35,3.0,7.23,,,,,,,1.92,-1.25,4.74,,,,,,,,,
2020-05-13,,,,,,,,,,35.83,33.31,37.92,,,,,,,,,,,,,48.57,46.14,50.91,,,,,,,,,,,,,8.45,6.35,10.07,,,,,,,,,,,,,,,,,,,5.34,3.0,7.22,,,,,,,1.93,-1.21,4.75,,,,,,,,,
2020-05-14,,,,,,,,,,35.77,33.21,37.84,,,,,,,,,,,,,48.63,46.18,50.96,,,,,,,,,,,,,8.43,6.33,10.02,,,,,,,,,,,,,,,,,,,5.33,3.0,7.22,,,,,,,1.94,-1.17,4.77,,,,,,,,,
2020-05-15,,,,,,,,,,35.72,33.13,37.77,,,,,,,,,,,,,48.69,46.26,51.01,,,,,,,,,,,,,8.41,6.31,9.97,,,,,,,,,,,,,,,,,,,5.33,2.99,7.21,,,,,,,1.95,-1.11,4.79,,,,,,,,,
2020-05-16,,,,,,,,,,35.66,33.09,37.72,,,,,,,,,,,,,48.75,46.33,51.07,,,,,,,,,,,,,8.38,6.29,9.94,,,,,,,,,,,,,,,,,,,5.32,3.0,7.21,,,,,,,1.96,-1.06,4.77,,,,,,,,,
2020-05-17,,,,,,,,,,35.6,33.06,37.67,,,,,,,,,,,,,48.82,46.41,51.12,,,,,,,,,,,,,8.36,6.27,9.92,,,,,,,,,,,,,,,,,,,5.32,3.01,7.19,,,,,,,1.97,-1.07,4.77,,,,,,,,,
2020-05-18,,,,,,,,,,35.54,33.03,37.61,,,,,,,,,,,,,48.88,46.47,51.17,,,,,,,,,,,,,8.34,6.28,9.91,,,,,,,,,,,,,,,,,,,5.32,3.01,7.2,,,,,,,1.98,-1.02,4.77,,,,,,,,,
2020-05-19,,,,,,,,,,35.48,33.0,37.55,,,,,,,,,,,,,48.95,46.51,51.21,,,,,,,,,,,,,8.31,6.28,9.89,,,,,,,,,,,,,,,,,,,5.31,3.02,7.2,,,,,,,1.99,-0.99,4.77,,,,32.0,47.0,9.0,,9.0,3.0
2020-05-20,,,,,,,,,,35.41,32.94,37.5,,,,,,,,,,,,,49.02,46.55,51.25,,,,,,,,,,,,,8.29,6.25,9.84,,,,,,,,,,,,,,,,,,,5.31,3.02,7.2,,,,,,,2.01,-1.02,4.77,,,,,,,,,
2020-05-21,,,,,,,,,,35.34,32.85,37.44,,,,,,,,,,,,,49.09,46.62,51.3,,,,,,,,,,,,,8.26,6.22,9.84,,,,,,,,,,,,,,,,,,,5.31,3.03,7.2,,,,,,,2.02,-1.03,4.76,,,,,,,,,
2020-05-22,,,,,,,,,,35.27,32.76,37.38,,,,,,,,,,,,,49.16,46.71,51.32,,,,,,,,,,,,,8.24,6.19,9.83,,,,,,,,,,,,,,,,,,,5.31,3.04,7.17,,,,,,,2.03,-0.99,4.74,,,,,,,,,
2020-05-23,,,,,,,,,,35.19,32.68,37.3,,,,,,,,,,,,,49.23,46.81,51.37,,,,,,,,,,,,,8.21,6.16,9.8,,,,,,,,,,,,,,,,,,,5.31,3.05,7.14,,,,,,,2.04,-0.91,4.73,,,,,,,,,
2020-05-24,,,,,,,,,,35.12,32.6,37.22,,,,,,,,,,,,,49.3,46.87,51.45,,,,,,,,,,,,,8.18,6.14,9.78,,,,,,,,,,,,,,,,,,,5.32,3.06,7.11,,,,,,,2.05,-0.81,4.72,,,,,,,,,
2020-05-25,,,,,,,,,,35.04,32.53,37.13,,,,,,,,,,,,,49.37,46.96,51.51,,,,,,,,,,,,,8.16,6.12,9.76,,,,,,,,,,,,,,,,,,,5.32,3.1,7.12,,,,,,,2.06,-0.75,4.71,,,,,,,,,
2020-05-26,,,,,,,,,,34.96,32.46,37.05,,,,,,,,,,,,,49.44,47.11,51.57,,,,,,,,,,,,,8.13,6.11,9.74,,,,,,,,,,,,,,,,,,,5.32,3.12,7.12,,,,,,,2.08,-0.72,4.7,,,,34.0,54.0,8.0,,4.0,
2020-05-27,,,,,,,,,,34.88,32.39,36.96,,,,,,,,,,,,,49.51,47.18,51.61,,,,,,,,,,,,,8.11,6.11,9.71,,,,,,,,,,,,,,,,,,,5.32,3.12,7.13,,,,,,,2.09,-0.7,4.69,,,,,,,,,
2020-05-28,,,,,,,,,,34.8,32.36,36.87,,,,,,,,,,,,,49.58,47.26,51.67,,,,,,,,,,,,,8.08,6.13,9.72,,,,,,,,,,,,,,,,,,,5.33,3.12,7.12,,,,,,,2.1,-0.69,4.72,,,,,,,,,
2020-05-29,,,,,,,,,,34.72,32.36,36.77,,,,,,,,,,,,,49.65,47.33,51.73,,,,,,,,,,,,,8.05,6.13,9.72,,,,,,,,,,,,,,,,,,,5.33,3.12,7.09,,,,,,,2.12,-0.68,4.79,,,,,,,,,
2020-05-30,,,,,,,,,,34.64,32.25,36.7,,,,,,,,,,,,,49.72,47.42,51.79,,,,,,,,,,,,,8.03,6.08,9.69,,,,,,,,,,,,,,,,,,,5.34,3.12,7.05,,,,,,,2.13,-0.62,4.84,,,,34.0,50.0,8.0,,5.0,2.0
2020-05-31,,,,,,,,,,34.56,32.14,36.61,,,,,,,,,,,,,49.79,47.49,51.84,,,,,,,,,,,,,8.0,6.05,9.61,,,,,,,,,,,,,,,,,,,5.35,3.12,7.02,,,,,,,2.15,-0.59,4.89,,,,,,,,,
2020-06-01,,,,,,,,,,34.47,32.03,36.5,,,,,,,,,,,,,49.86,47.57,51.89,,,,,,,,,,,,,7.98,6.04,9.54,,,,,,,,,,,,,,,,,,,5.36,3.12,7.0,,,,,,,2.16,-0.55,4.93,,,,,,,,,
2020-06-02,,,,,,,,,,34.39,31.92,36.39,,,,,,,,,,,,,49.93,47.64,51.94,,,,,,,,,,,,,7.95,6.02,9.5,,,,,,,,,,,,,,,,,,,5.36,3.13,6.97,,,,,,,2.17,-0.5,4.86,,,,,,,,,
2020-06-03,,,,,,,,,,34.3,31.83,36.32,,,,,,,,,,,,,49.99,47.72,51.98,,,,,,,,,,,,,7.93,5.99,9.47,,,,,,,,,,,,,,,,,,,5.37,3.18,7.04,,,,,,,2.19,-0.42,4.82,,,,,,,,,
2020-06-04,,,,,,,,,,34.22,31.75,36.23,,,,,,,,,,,,,50.06,47.8,52.06,,,,,,,,,,,,,7.9,5.98,9.44,,,,,,,,,,,,,,,,,,,5.38,3.23,7.08,,,,,,,2.2,-0.32,4.9,,,,,,,,,
2020-06-05,,,,,,,,,,34.13,31.66,36.18,,,,,,,,,,,,,50.12,47.87,52.11,,,,,,,,,,,,,7.88,5.95,9.41,,,,,,,,,,,,,,,,,,,5.39,3.24,7.1,,,,,,,2.22,-0.24,4.9,,,,,,,,,
2020-06-06,,,,,,,,,,34.04,31.58,36.12,,,,,,,,,,,,,50.18,47.95,52.21,,,,,,,,,,,,,7.86,5.91,9.46,,,,,,,,,,,,,,,,,,,5.41,3.26,7.14,,,,,,,2.23,-0.17,4.86,,,,,,,,,
2020-06-07,,,,,,,,,,33.96,31.49,36.05,,,,,,,,,,,,,50.24,48.02,52.31,,,,,,,,,,,,,7.83,5.9,9.41,,,,,,,,,,,,,,,,,,,5.42,3.29,7.17,,,,,,,2.24,-0.1,4.81,,,,,,,,,
2020-06-08,,,,,,,,,,33.87,31.41,35.98,,,,,,,,,,,,,50.3,48.09,52.38,,,,,,,,,,,,,7.81,5.91,9.38,,,,,,,,,,,,,,,,,,,5.43,3.31,7.21,,,,,,,2.26,-0.04,4.81,,,,,,,,,
2020-06-09,,,,,,,,,,33.78,31.35,35.89,,,,,,,,,,,,,50.36,48.15,52.45,,,,,,,,,,,,,7.79,5.9,9.35,,,,,,,,,,,,,,,,,,,5.45,3.29,7.24,,,,,,,2.27,-0.0,4.82,,,,,,,,,
2020-06-10,,,,,,,,,,33.69,31.34,35.78,,,,,,,,,,,,,50.42,48.23,52.48,,,,,,,,,,,,,7.77,5.89,9.34,,,,,,,,,,,,,,,,,,,5.46,3.27,7.26,,,,,,,2.28,-0.01,4.81,,,,,,,,,
2020-06-11,,,,,,,,,,33.61,31.32,35.67,,,,,,,,,,,,,50.48,48.3,52.44,,,,,,,,,,,,,7.75,5.89,9.34,,,,,,,,,,,,,,,,,,,5.48,3.24,7.28,,,,,,,2.29,0.02,4.81,,,,,,,,,
2020-06-12,,,,,,,,,,33.52,31.32,35.56,,,,,,,,,,,,,50.53,48.37,52.44,,,,,,,,,,,,,7.72,5.88,9.34,,,,,,,,,,,,,,,,,,,5.49,3.21,7.28,,,,,,,2.31,-0.03,4.79,,,,32.0,52.0,8.0,,5.0,1.0
2020-06-13,,,,,,,,,,33.44,31.32,35.45,,,,,,,,,,,,,50.59,48.38,52.53,,,,,,,,,,,,,7.7,5.81,9.31,,,,,,,,,,,,,,,,,,,5.51,3.29,7.26,,,,,,,2.32,-0.04,4.72,,,,,,,,,
2020-06-14,,,,,,,,,,33.35,31.3,35.4,,,,,,,,,,,,,50.64,48.43,52.55,,,,,,,,,,,,,7.68,5.78,9.28,,,,,,,,,,,,,,,,,,,5.52,3.38,7.24,,,,,,,2.33,-0.05,4.66,,,,,,,,,
2020-06-15,,,,,,,,,,33.27,31.2,35.37,,,,,,,,,,,,,50.69,48.47,52.57,,,,,,,,,,,,,7.66,5.76,9.27,,,,,,,,,,,,,,,,,,,5.54,3.48,7.26,,,,,,,2.34,-0.02,4.64,,,,,,,,,
2020-06-16,,,,,,,,,,33.19,31.11,35.31,,,,,,,,,,,,,50.74,48.52,52.62,,,,,,,,,,,,,7.64,5.76,9.3,,,,,,,,,,,,,,,,,,,5.55,3.55,7.23,,,,,,,2.35,0.01,4.65,,,,,,,,,
2020-06-17,,,,,,,,,,33.11,31.02,35.27,,,,,,,,,,,,,50.79,48.54,52.67,,,,,,,,,,,,,7.62,5.75,9.26,,,,,,,,,,,,,,,,,,,5.57,3.59,7.19,,,,,,,2.36,0.02,4.65,,,,,,,,,
2020-06-18,,,,,,,,,,33.04,30.96,35.22,,,,,,,,,,,,,50.84,48.61,52.73,,,,,,,,,,,,,7.6,5.72,9.26,,,,,,,,,,,,,,,,,,,5.59,3.63,7.18,,,,,,,2.37,0.01,4.6,,,,,,,,,
2020-06-19,,,,,,,,,,32.96,30.86,35.14,,,,,,,,,,,,,50.89,48.64,52.79,,,,,,,,,,,,,7.58,5.68,9.26,,,,,,,,,,,,,,,,,,,5.6,3.67,7.2,,,,,,,2.37,0.07,4.56,,,,,,,,,
2020-06-20,,,,,,,,,,32.89,30.76,35.1,,,,,,,,,,,,,50.93,48.66,52.84,,,,,,,,,,,,,7.56,5.61,9.27,,,,,,,,,,,,,,,,,,,5.62,3.7,7.23,,,,,,,2.38,0.1,4.56,,,,,,,,,
2020-06-21,,,,,,,,,,32.82,30.69,35.07,,,,,,,,,,,,,50.98,48.7,52.92,,,,,,,,,,,,,7.55,5.63,9.3,,,,,,,,,,,,,,,,,,,5.63,3.7,7.22,,,,,,,2.39,0.09,4.62,,,,,,,,,
2020-06-22,,,,,,,,,,32.75,30.62,35.03,,,,,,,,,,,,,51.02,48.82,52.99,,,,,,,,,,,,,7.53,5.6,9.29,,,,,,,,,,,,,,,,,,,5.64,3.71,7.21,,,,,,,2.4,0.09,4.68,,,,,,,,,
2020-06-23,,,,,,,,,,32.69,30.55,34.95,,,,,,,,,,,,,51.06,48.9,53.05,,,,,,,,,,,,,7.51,5.58,9.28,,,,,,,,,,,,,,,,,,,5.66,3.68,7.19,,,,,,,2.41,0.09,4.67,,,,,,,,,
2020-06-24,,,,,,,,,,32.63,30.47,34.87,,,,,,,,,,,,,51.1,48.95,53.11,,,,,,,,,,,,,7.49,5.57,9.26,,,,,,,,,,,,,,,,,,,5.67,3.72,7.21,,,,,,,2.42,0.09,4.65,,,,,,,,,
2020-06-25,,,,,,,,,,32.57,30.4,34.78,,,,,,,,,,,,,51.14,49.0,53.1,,,,,,,,,,,,,7.47,5.57,9.25,,,,,,,,,,,,,,,,,,,5.68,3.72,7.22,,,,,,,2.42,0.15,4.64,,,,,,,,,
2020-06-26,,,,,,,,,,32.52,30.34,34.69,,,,,,,,,,,,,51.17,49.03,53.13,,,,,,,,,,,,,7.46,5.57,9.24,,,,,,,,,,,,,,,,,,,5.69,3.72,7.23,,,,,,,2.43,0.2,4.68,,,,,,,,,
2020-06-27,,,,,,,,,,32.46,30.32,34.61,,,,,,,,,,,,,51.2,49.05,53.18,,,,,,,,,,,,,7.44,5.57,9.22,,,,,,,,,,,,,,,,,,,5.7,3.73,7.25,,,,,,,2.44,0.2,4.68,,,,,,,,,
2020-06-28,,,,,,,,,,32.42,30.26,34.52,,,,,,,,,,,,,51.23,49.05,53.22,,,,,,,,,,,,,7.43,5.53,9.2,,,,,,,,,,,,,,,,,,,5.71,3.74,7.28,,,,,,,2.45,0.19,4.64,,,,34.0,55.0,6.0,,3.0,
2020-06-29,,,,,,,,,,32.38,30.21,34.45,,,,,,,,,,,,,51.26,49.05,53.27,,,,,,,,,,,,,7.41,5.49,9.17,,,,,,,,,,,,,,,,,,,5.71,3.73,7.3,,,,,,,2.46,0.19,4.66,,,,,,,,,
2020-06-30,,,,,,,,,,32.34,30.16,34.4,,,,,,,,,,,,,51.29,49.05,53.31,,,,,,,,,,,,,7.4,5.47,9.14,,,,,,,,,,,,,,,,,,,5.72,3.73,7.32,,,,,,,2.46,0.19,4.69,,,,,,,,,
2020-07-01,,,,,,,,,,32.3,30.12,34.32,,,,,,,,,,,,,51.31,49.05,53.33,,,,,,,,,,,,,7.39,5.51,9.14,,,,,,,,,,,,,,,,,,,5.73,3.72,7.3,,,,,,,2.47,0.19,4.64,,,,,,,,,
2020-07-02,,,,,,,,,,32.27,30.13,34.29,,,,,,,,,,,,,51.33,49.06,53.39,,,,,,,,,,,,,7.38,5.58,9.14,,,,,,,,,,,,,,,,,,,5.73,3.73,7.26,,,,,,,2.48,0.2,4.64,,,,,,,,,
2020-07-03,,,,,,,,,,32.24,30.12,34.25,,,,,,,,,,,,,51.35,49.07,53.43,,,,,,,,,,,,,7.37,5.56,9.12,,,,,,,,,,,,,,,,,,,5.74,3.77,7.23,,,,,,,2.49,0.2,4.64,,,,,,,,,
2020-07-04,,,,,,,,,,32.21,30.06,34.22,,,,,,,,,,,,,51.36,49.07,53.46,,,,,,,,,,,,,7.36,5.53,9.08,,,,,,,,,,,,,,,,,,,5.74,3.8,7.23,,,,,,,2.49,0.23,4.64,,,,,,,,,
2020-07-05,,,,,,,,,,32.19,30.08,34.2,,,,,,,,,,,,,51.38,49.07,53.5,,,,,,,,,,,,,7.35,5.5,9.08,,,,,,,,,,,,,,,,,,,5.74,3.83,7.23,,,,,,,2.5,0.24,4.61,,,,,,,,,
2020-07-06,,,,,,,,,,32.17,30.09,34.2,,,,,,,,,,,,,51.39,49.09,53.49,,,,,,,,,,,,,7.34,5.51,9.06,,,,,,,,,,,,,,,,,,,5.75,3.84,7.24,,,,,,,2.51,0.24,4.58,,,,,,,,,
2020-07-07,,,,,,,,,,32.15,30.05,34.2,,,,,,,,,,,,,51.4,49.1,53.47,,,,,,,,,,,,,7.33,5.53,9.04,,,,,,,,,,,,,,,,,,,5.75,3.86,7.23,,,,,,,2.51,0.25,4.58,,,,,,,,,
2020-07-08,,,,,,,,,,32.13,30.01,34.21,,,,,,,,,,,,,51.41,49.09,53.51,,,,,,,,,,,,,7.32,5.54,9.02,,,,,,,,,,,,,,,,,,,5.75,3.87,7.19,,,,,,,2.52,0.27,4.56,,,,,,,,,
2020-07-09,,,,,,,,,,32.11,30.02,34.21,,,,,,,,,,,,,51.42,49.09,53.46,,,,,,,,,,,,,7.32,5.54,9.0,,,,,,,,,,,,,,,,,,,5.75,3.95,7.2,,,,,,,2.53,0.29,4.59,,,,29.0,53.0,6.0,,6.0,3.0
2020-07-10,,,,,,,,,,32.1,30.02,34.21,,,,,,,,,,,,,51.43,49.1,53.51,,,,,,,,,,,,,7.31,5.54,8.96,,,,,,,,,,,,,,,,,,,5.76,4.01,7.22,,,,,,,2.53,0.31,4.6,,,,,,,,,
2020-07-11,,,,,,,,,,32.08,30.01,34.31,,,,,,,,,,,,,51.44,49.1,53.54,,,,,,,,,,,,,7.31,5.53,8.91,,,,,,,,,,,,,,,,,,,5.76,4.02,7.24,,,,,,,2.54,0.33,4.58,,,,,,,,,
2020-07-12,,,,,,,,,,32.07,30.0,34.39,,,,,,,,,,,,,51.45,49.1,53.53,,,,,,,,,,,,,7.3,5.47,8.85,,,,,,,,,,,,,,,,,,,5.76,4.03,7.21,,,,,,,2.54,0.36,4.63,,,,,,,,,
2020-07-13,,,,,,,,,,32.06,29.98,34.33,,,,,,,,,,,,,51.46,49.11,53.58,,,,,,,,,,,,,7.3,5.46,8.81,,,,,,,,,,,,,,,,,,,5.76,4.01,7.25,,,,,,,2.55,0.36,4.63,,,,,,,,,
2020-07-14,,,,,,,,,,32.04,29.98,34.23,,,,,,,,,,,,,51.47,49.11,53.61,,,,,,,,,,,,,7.29,5.46,8.76,,,,,,,,,,,,,,,,,,,5.76,4.0,7.29,,,,,,,2.55,0.37,4.62,,,,,,,,,
2020-07-15,,,,,,,,,,32.03,29.96,34.15,,,,,,,,,,,,,51.47,49.05,53.66,,,,,,,,,,,,,7.29,5.49,8.76,,,,,,,,,,,,,,,,,,,5.76,3.98,7.3,,,,,,,2.56,0.38,4.62,,,,,,,,,
2020-07-16,,,,,,,,,,32.02,29.92,34.13,,,,,,,,,,,,,51.48,48.95,53.72,,,,,,,,,,,,,7.29,5.5,8.76,,,,,,,,,,,,,,,,,,,5.77,3.97,7.3,,,,,,,2.56,0.34,4.62,,,,,,,,,
2020-07-17,,,,,,,,,,32.0,29.88,34.11,,,,,,,,,,,,,51.49,48.87,53.77,,,,,,,,,,,,,7.29,5.51,8.77,,,,,,,,,,,,,,,,,,,5.77,3.95,7.29,,,,,,,2.56,0.3,4.61,,,,,,,,,
2020-07-18,,,,,,,,,,31.99,29.83,34.07,,,,,,,,,,,,,51.5,48.83,53.83,,,,,,,,,,,,,7.28,5.53,8.79,,,,,,,,,,,,,,,,,,,5.77,3.94,7.27,,,,,,,2.57,0.31,4.58,,,,,,,,,
2020-07-19,,,,,,,,,,31.98,29.83,34.06,,,,,,,,,,,,,51.5,48.82,53.88,,,,,,,,,,,,,7.28,5.51,8.82,,,,,,,,,,,,,,,,,,,5.77,3.94,7.26,,,,,,,2.57,0.33,4.58,,,,,,,,,
2020-07-20,,,,,,,,,,31.96,29.81,34.03,,,,,,,,,,,,,51.51,48.81,53.92,,,,,,,,,,,,,7.28,5.54,8.8,,,,,,,,,,,,,,,,,,,5.77,3.94,7.27,,,,,,,2.57,0.37,4.58,,,,,,,,,
2020-07-21,,,,,,,,,,31.95,29.79,34.01,,,,,,,,,,,,,51.52,48.81,53.99,,,,,,,,,,,,,7.28,5.57,8.82,,,,,,,,,,,,,,,,,,,5.78,3.98,7.28,,,,,,,2.57,0.4,4.57,,,,,,,,,
2020-07-22,,,,,,,,,,31.94,29.77,33.98,,,,,,,,,,,,,51.52,48.75,54.06,,,,,,,,,,,,,7.29,5.61,8.81,,,,,,,,,,,,,,,,,,,5.78,3.94,7.28,,,,,,,2.57,0.44,4.57,,,,,,,,,
2020-07-23,,,,,,,,,,31.92,29.75,33.99,,,,,,,,,,,,,51.53,48.64,54.16,,,,,,,,,,,,,7.29,5.63,8.81,,,,,,,,,,,,,,,,,,,5.78,3.94,7.26,,,,,,,2.57,0.47,4.56,,,,30.0,53.0,7.0,,6.0,2.0
2020-07-24,,,,,,,,,,31.91,29.75,34.0,,,,,,,,,,,,,51.54,48.63,54.22,,,,,,,,,,,,,7.29,5.63,8.81,,,,,,,,,,,,,,,,,,,5.78,3.94,7.24,,,,,,,2.58,0.51,4.55,,,,,,,,,
2020-07-25,,,,,,,,,,31.89,29.77,34.0,,,,,,,,,,,,,51.54,48.7,54.29,,,,,,,,,,,,,7.29,5.64,8.82,,,,,,,,,,,,,,,,,,,5.78,4.0,7.22,,,,,,,2.58,0.55,4.54,,,,,,,,,
2020-07-26,,,,,,,,,,31.88,29.75,34.02,,,,,,,,,,,,,51.55,48.77,54.33,,,,,,,,,,,,,7.3,5.63,8.81,,,,,,,,,,,,,,,,,,,5.79,4.06,7.23,,,,,,,2.58,0.57,4.53,,,,,,,,,
2020-07-27,,,,,,,,,,31.86,29.72,34.06,,,,,,,,,,,,,51.56,48.81,54.33,,,,,,,,,,,,,7.3,5.63,8.82,,,,,,,,,,,,,,,,,,,5.79,4.12,7.25,,,,,,,2.57,0.59,4.52,,,,,,,,,
2020-07-28,,,,,,,,,,31.84,29.66,34.07,,,,,,,,,,,,,51.57,48.82,54.35,,,,,,,,,,,,,7.3,5.63,8.84,,,,,,,,,,,,,,,,,,,5.79,4.16,7.26,,,,,,,2.57,0.57,4.51,,,,,,,,,
2020-07-29,,,,,,,,,,31.83,29.67,34.05,,,,,,,,,,,,,51.58,48.84,54.38,,,,,,,,,,,,,7.3,5.62,8.88,,,,,,,,,,,,,,,,,,,5.79,4.16,7.28,,,,,,,2.57,0.61,4.5,,,,,,,,,
2020-07-30,,,,,,,,,,31.81,29.65,34.04,,,,,,,,,,,,,51.6,48.82,54.41,,,,,,,,,,,,,7.31,5.65,8.86,,,,,,,,,,,,,,,,,,,5.8,4.16,7.3,,,,,,,2.57,0.63,4.51,,,,,,,,,
2020-07-31,,,,,,,,,,31.79,29.63,34.03,,,,,,,,,,,,,51.61,48.82,54.43,,,,,,,,,,,,,7.31,5.65,8.85,,,,,,,,,,,,,,,,,,,5.8,4.17,7.33,,,,,,,2.57,0.62,4.55,,,,28.0,57.0,4.0,,7.0,2.0
2020-08-01,,,,,,,,,,31.77,29.62,34.03,,,,,,,,,,,,,51.62,48.81,54.46,,,,,,,,,,,,,7.32,5.66,8.86,,,,,,,,,,,,,,,,,,,5.8,4.17,7.36,,,,,,,2.57,0.65,4.57,,,,,,,,,
2020-08-02,,,,,,,,,,31.75,29.62,34.03,,,,,,,,,,,,,51.63,48.8,54.47,,,,,,,,,,,,,7.32,5.69,8.87,,,,,,,,,,,,,,,,,,,5.8,4.17,7.37,,,,,,,2.57,0.65,4.56,,,,,,,,,
2020-08-03,,,,,,,,,,31.73,29.59,34.05,,,,,,,,,,,,,51.64,48.79,54.5,,,,,,,,,,,,,7.32,5.73,8.88,,,,,,,,,,,,,,,,,,,5.81,4.17,7.36,,,,,,,2.57,0.66,4.52,,,,,,,,,
2020-08-04,,,,,,,,,,31.72,29.55,34.08,,,,,,,,,,,,,51.65,48.79,54.51,,,,,,,,,,,,,7.33,5.76,8.89,,,,,,,,,,,,,,,,,,,5.81,4.19,7.34,,,,,,,2.57,0.66,4.5,,,,,,,,,
2020-08-05,,,,,,,,,,31.7,29.53,34.11,,,,,,,,,,,,,51.66,48.78,54.52,,,,,,,,,,,,,7.33,5.75,8.93,,,,,,,,,,,,,,,,,,,5.81,4.19,7.33,,,,,,,2.57,0.63,4.51,,,,31.0,51.0,9.0,,4.0,4.0
2020-08-06,,,,,,,,,,31.69,29.55,34.15,,,,,,,,,,,,,51.67,48.76,54.58,,,,,,,,,,,,,7.34,5.75,8.93,,,,,,,,,,,,,,,,,,,5.81,4.19,7.31,,,,,,,2.57,0.61,4.49,,,,,,,,,
2020-08-07,,,,,,,,,,31.67,29.56,34.15,,,,,,,,,,,,,51.67,48.74,54.57,,,,,,,,,,,,,7.34,5.74,8.96,,,,,,,,,,,,,,,,,,,5.81,4.2,7.3,,,,,,,2.58,0.58,4.48,,,,48.0,29.0,14.0,,7.0,
2020-08-08,,,,,,,,,,31.66,29.57,34.17,,,,,,,,,,,,,51.68,48.73,54.56,,,,,,,,,,,,,7.35,5.74,8.97,,,,,,,,,,,,,,,,,,,5.81,4.19,7.31,,,,,,,2.58,0.56,4.46,,,,,,,,,
2020-08-09,,,,,,,,,,31.64,29.53,34.18,,,,,,,,,,,,,51.69,48.72,54.53,,,,,,,,,,,,,7.35,5.73,9.0,,,,,,,,,,,,,,,,,,,5.81,4.19,7.3,,,,,,,2.58,0.54,4.45,,,,,,,,,
2020-08-10,,,,,,,,,,31.63,29.49,34.19,,,,,,,,,,,,,51.69,48.7,54.53,,,,,,,,,,,,,7.36,5.73,8.99,,,,,,,,,,,,,,,,,,,5.81,4.2,7.31,,,,,,,2.58,0.52,4.44,,,,,,,,,
2020-08-11,,,,,,,,,,31.62,29.47,34.19,,,,,,,,,,,,,51.69,48.69,54.52,,,,,,,,,,,,,7.37,5.73,9.0,,,,,,,,,,,,,,,,,,,5.81,4.2,7.32,,,,,,,2.59,0.49,4.43,,,,,,,,,
2020-08-12,,,,,,,,,,31.61,29.47,34.18,,,,,,,,,,,,,51.69,48.68,54.48,,,,,,,,,,,,,7.37,5.73,9.01,,,,,,,,,,,,,,,,,,,5.8,4.2,7.34,,,,,,,2.59,0.47,4.42,,,,32.0,50.0,6.0,,8.0,3.0
2020-08-13,,,,,,,,,,31.6,29.46,34.18,,,,,,,,,,,,,51.7,48.62,54.48,,,,,,,,,,,,,7.38,5.74,9.0,,,,,,,,,,,,,,,,,,,5.8,4.21,7.35,,,,,,,2.59,0.48,4.42,,,,,,,,,
2020-08-14,,,,,,,,,,31.59,29.45,34.17,,,,,,,,,,,,,51.7,48.52,54.48,,,,,,,,,,,,,7.39,5.78,8.98,,,,,,,,,,,,,,,,,,,5.8,4.21,7.36,,,,,,,2.6,0.48,4.41,,,,,,,,,
2020-08-15,,,,,,,,,,31.58,29.45,34.17,,,,,,,,,,,,,51.7,48.47,54.48,,,,,,,,,,,,,7.4,5.82,8.98,,,,,,,,,,,,,,,,,,,5.79,4.24,7.37,,,,,,,2.6,0.49,4.39,,,,,,,,,
2020-08-16,,,,,,,,,,31.58,29.41,34.17,,,,,,,,,,,,,51.69,48.47,54.47,,,,,,,,,,,,,7.41,5.86,8.98,,,,,,,,,,,,,,,,,,,5.79,4.28,7.37,,,,,,,2.6,0.5,4.38,,,,,,,,,
2020-08-17,,,,,,,,,,31.57,29.36,34.17,,,,,,,,,,,,,51.69,48.48,54.47,,,,,,,,,,,,,7.42,5.88,9.0,,,,,,,,,,,,,,,,,,,5.78,4.29,7.36,,,,,,,2.61,0.49,4.37,,,,,,,,,
2020-08-18,,,,,,,,,,31.56,29.35,34.16,,,,,,,,,,,,,51.69,48.49,54.48,,,,,,,,,,,,,7.43,5.92,9.03,,,,,,,,,,,,,,,,,,,5.78,4.28,7.35,,,,,,,2.61,0.46,4.37,,,,,,,,,
2020-08-19,,,,,,,,,,31.55,29.38,34.16,,,,,,,,,,,,,51.69,48.5,54.48,,,,,,,,,,,,,7.45,5.92,9.05,,,,,,,,,,,,,,,,,,,5.77,4.28,7.35,,,,,,,2.62,0.51,4.36,,,,24.0,56.0,8.0,,8.0,3.0
2020-08-20,,,,,,,,,,31.54,29.42,34.16,,,,,,,,,,,,,51.69,48.51,54.52,,,,,,,,,,,,,7.46,5.95,9.04,,,,,,,,,,,,,,,,,,,5.77,4.28,7.36,,,,,,,2.63,0.56,4.36,,,,,,,,,
2020-08-21,,,,,,,,,,31.53,29.44,34.16,,,,,,,,,,,,,51.68,48.53,54.59,,,,,,,,,,,,,7.47,5.98,9.08,,,,,,,,,,,,,,,,,,,5.76,4.29,7.37,,,,,,,2.63,0.57,4.35,,,,,,,,,
2020-08-22,,,,,,,,,,31.52,29.46,34.16,,,,,,,,,,,,,51.68,48.55,54.65,,,,,,,,,,,,,7.48,6.01,9.14,,,,,,,,,,,,,,,,,,,5.76,4.3,7.37,,,,,,,2.64,0.6,4.35,,,,,,,,,
2020-08-23,,,,,,,,,,31.51,29.47,34.15,,,,,,,,,,,,,51.68,48.57,54.65,,,,,,,,,,,,,7.5,6.02,9.19,,,,,,,,,,,,,,,,,,,5.75,4.26,7.37,,,,,,,2.65,0.62,4.35,,,,,,,,,
2020-08-24,,,,,,,,,,31.49,29.47,34.15,,,,,,,,,,,,,51.68,48.6,54.62,,,,,,,,,,,,,7.51,6.01,9.23,,,,,,,,,,,,,,,,,,,5.74,4.25,7.36,,,,,,,2.66,0.6,4.34,,,,,,,,,
2020-08-25,,,,,,,,,,31.48,29.47,34.15,,,,,,,,,,,,,51.67,48.6,54.59,,,,,,,,,,,,,7.52,6.0,9.26,,,,,,,,,,,,,,,,,,,5.73,4.25,7.36,,,,,,,2.66,0.61,4.34,,,,37.0,50.0,5.0,,5.0,
2020-08-26,,,,,,,,,,31.47,29.43,34.14,,,,,,,,,,,,,51.67,48.55,54.55,,,,,,,,,,,,,7.54,5.98,9.26,,,,,,,,,,,,,,,,,,,5.72,4.24,7.35,,,,,,,2.67,0.66,4.34,,,,,,,,,
2020-08-27,,,,,,,,,,31.46,29.42,34.15,,,,,,,,,,,,,51.67,48.52,54.54,,,,,,,,,,,,,7.55,5.96,9.26,,,,,,,,,,,,,,,,,,,5.71,4.24,7.33,,,,,,,2.68,0.71,4.34,,,,,,,,,
2020-08-28,,,,,,,,,,31.45,29.39,34.16,,,,,,,,,,,,,51.67,48.51,54.54,,,,,,,,,,,,,7.56,6.0,9.26,,,,,,,,,,,,,,,,,,,5.7,4.23,7.32,,,,,,,2.69,0.73,4.33,,,,,,,,,
2020-08-29,,,,,,,,,,31.43,29.36,34.16,,,,,,,,,,,,,51.68,48.52,54.53,,,,,,,,,,,,,7.58,5.99,9.26,,,,,,,,,,,,,,,,,,,5.69,4.23,7.31,,,,,,,2.7,0.76,4.33,,,,,,,,,
2020-08-30,,,,,,,,,,31.42,29.33,34.16,,,,,,,,,,,,,51.68,48.55,54.5,,,,,,,,,,,,,7.59,5.97,9.25,,,,,,,,,,,,,,,,,,,5.68,4.22,7.28,,,,,,,2.71,0.78,4.33,,,,,,,,,
2020-08-31,,,,,,,,,,31.41,29.3,34.16,,,,,,,,,,,,,51.69,48.56,54.47,,,,,,,,,,,,,7.6,6.0,9.25,,,,,,,,,,,,,,,,,,,5.67,4.22,7.25,,,,,,,2.73,0.81,4.33,,,,,,,,,
2020-09-01,,,,,,,,,,31.39,29.26,34.16,,,,,,,,,,,,,51.69,48.56,54.45,,,,,,,,,,,,,7.61,6.04,9.27,,,,,,,,,,,,,,,,,,,5.66,4.2,7.22,,,,,,,2.74,0.84,4.33,,,,,,,,,
2020-09-02,,,,,,,,,,31.38,29.27,34.14,,,,,,,,,,,,,51.7,48.58,54.41,,,,,,,,,,,,,7.63,6.08,9.3,,,,,,,,,,,,,,,,,,,5.64,4.18,7.22,,,,,,,2.75,0.86,4.34,,,,,,,,,
2020-09-03,,,,,,,,,,31.36,29.29,34.12,,,,,,,,,,,,,51.71,48.58,54.4,,,,,,,,,,,,,7.64,6.11,9.34,,,,,,,,,,,,,,,,,,,5.63,4.16,7.21,,,,,,,2.76,0.89,4.32,,,,,,,,,
2020-09-04,,,,,,,,,,31.34,29.3,34.1,,,,,,,,,,,,,51.72,48.6,54.41,,,,,,,,,,,,,7.65,6.15,9.38,,,,,,,,,,,,,,,,,,,5.62,4.14,7.17,,,,,,,2.77,0.93,4.33,,,,32.0,52.0,9.0,,5.0,3.0
2020-09-05,,,,,,,,,,31.32,29.26,34.07,,,,,,,,,,,,,51.74,48.62,54.44,,,,,,,,,,,,,7.66,6.16,9.42,,,,,,,,,,,,,,,,,,,5.6,4.12,7.14,,,,,,,2.79,0.96,4.34,,,,,,,,,
2020-09-06,,,,,,,,,,31.3,29.2,34.04,,,,,,,,,,,,,51.76,48.65,54.47,,,,,,,,,,,,,7.67,6.17,9.4,,,,,,,,,,,,,,,,,,,5.58,4.1,7.13,,,,,,,2.8,0.98,4.38,,,,,,,,,
2020-09-07,,,,,,,,,,31.28,29.15,34.02,,,,,,,,,,,,,51.77,48.68,54.47,,,,,,,,,,,,,7.68,6.18,9.41,,,,,,,,,,,,,,,,,,,5.57,4.07,7.11,,,,,,,2.82,1.01,4.42,,,,,,,,,
2020-09-08,,,,,,,,,,31.25,29.09,34.0,,,,,,,,,,,,,51.8,48.71,54.46,,,,,,,,,,,,,7.69,6.19,9.44,,,,,,,,,,,,,,,,,,,5.55,4.06,7.09,,,,,,,2.83,1.03,4.42,,,,50.0,29.0,12.0,,6.0,
2020-09-09,,,,,,,,,,31.23,29.07,33.96,,,,,,,,,,,,,51.82,48.75,54.56,,,,,,,,,,,,,7.69,6.17,9.46,,,,,,,,,,,,,,,,,,,5.54,4.04,7.06,,,,,,,2.84,1.02,4.41,,,,31.0,53.0,9.0,,6.0,
2020-09-10,,,,,,,,,,31.21,29.07,33.9,,,,,,,,,,,,,51.85,48.79,54.61,,,,,,,,,,,,,7.7,6.12,9.48,,,,,,,,,,,,,,,,,,,5.52,4.04,7.04,,,,,,,2.86,1.02,4.41,,,,,,,,,
2020-09-11,,,,,,,,,,31.18,29.01,33.86,,,,,,,,,,,,,51.88,48.83,54.62,,,,,,,,,,,,,7.71,6.09,9.48,,,,,,,,,,,,,,,,,,,5.5,4.03,7.02,,,,,,,2.87,1.01,4.41,,,,,,,,,
2020-09-12,,,,,,,,,,31.15,28.98,33.82,,,,,,,,,,,,,51.91,48.88,54.64,,,,,,,,,,,,,7.71,6.11,9.47,,,,,,,,,,,,,,,,,,,5.48,4.02,7.0,,,,,,,2.89,1.05,4.43,,,,,,,,,
2020-09-13,,,,,,,,,,31.12,28.97,33.77,,,,,,,,,,,,,51.94,48.93,54.63,,,,,,,,,,,,,7.72,6.12,9.45,,,,,,,,,,,,,,,,,,,5.47,4.01,6.99,,,,,,,2.9,1.1,4.44,,,,,,,,,
2020-09-14,,,,,,,,,,31.09,28.95,33.74,,,,,,,,,,,,,51.98,49.0,54.64,,,,,,,,,,,,,7.72,6.13,9.47,,,,,,,,,,,,,,,,,,,5.45,4.0,7.0,,,,,,,2.92,1.14,4.45,,,,,,,,,
2020-09-15,,,,,,,,,,31.05,28.88,33.7,,,,,,,,,,,,,52.01,49.06,54.69,,,,,,,,,,,,,7.73,6.16,9.52,,,,,,,,,,,,,,,,,,,5.43,3.99,6.98,,,,,,,2.93,1.19,4.46,,,,,,,,,
2020-09-16,,,,,,,,,,31.02,28.83,33.65,,,,,,,,,,,,,52.05,49.12,54.69,,,,,,,,,,,,,7.73,6.18,9.49,,,,,,,,,,,,,,,,,,,5.41,3.99,6.95,,,,,,,2.95,1.25,4.46,,,,,,,,,
2020-09-17,,,,,,,,,,30.98,28.75,33.6,,,,,,,,,,,,,52.1,49.17,54.68,,,,,,,,,,,,,7.74,6.2,9.46,,,,,,,,,,,,,,,,,,,5.39,3.98,6.91,,,,,,,2.96,1.29,4.47,,,,24.0,63.0,4.0,,6.0,1.0
2020-09-18,,,,,,,,,,30.94,28.68,33.58,,,,,,,,,,,,,52.14,49.24,54.73,,,,,,,,,,,,,7.74,6.23,9.46,,,,,,,,,,,,,,,,,,,5.38,3.96,6.88,,,,,,,2.98,1.32,4.48,,,,,,,,,
2020-09-19,,,,,,,,,,30.89,28.62,33.54,,,,,,,,,,,,,52.19,49.31,54.79,,,,,,,,,,,,,7.74,6.2,9.48,,,,,,,,,,,,,,,,,,,5.36,3.93,6.86,,,,,,,2.99,1.34,4.48,,,,,,,,,
2020-09-20,,,,,,,,,,30.85,28.57,33.45,,,,,,,,,,,,,52.24,49.38,54.82,,,,,,,,,,,,,7.74,6.22,9.49,,,,,,,,,,,,,,,,,,,5.34,3.92,6.89,,,,,,,3.01,1.36,4.49,,,,,,,,,
2020-09-21,,,,,,,,,,30.8,28.5,33.4,,,,,,,,,,,,,52.29,49.46,54.86,,,,,,,,,,,,,7.75,6.24,9.5,,,,,,,,,,,,,,,,,,,5.33,3.92,6.87,,,,,,,3.02,1.38,4.49,,,,,,,,,
2020-09-22,,,,,,,,,,30.75,28.42,33.38,,,,,,,,,,,,,52.34,49.54,54.92,,,,,,,,,,,,,7.75,6.27,9.51,,,,,,,,,,,,,,,,,,,5.31,3.91,6.84,,,,,,,3.04,1.41,4.49,,,,,,,,,
2020-09-23,,,,,,,,,,30.7,28.34,33.31,,,,,,,,,,,,,52.39,49.59,55.03,,,,,,,,,,,,,7.75,6.3,9.52,,,,,,,,,,,,,,,,,,,5.3,3.89,6.82,,,,,,,3.05,1.44,4.49,,,,,,,,,
2020-09-24,,,,,,,,,,30.65,28.25,33.24,,,,,,,,,,,,,52.44,49.61,55.09,,,,,,,,,,,,,7.75,6.31,9.52,,,,,,,,,,,,,,,,,,,5.28,3.86,6.79,,,,,,,3.07,1.46,4.49,,,,29.0,53.0,9.0,,4.0,2.0
2020-09-25,,,,,,,,,,30.6,28.2,33.18,,,,,,,,,,,,,52.5,49.67,55.15,,,,,,,,,,,,,7.75,6.29,9.52,,,,,,,,,,,,,,,,,,,5.27,3.85,6.77,,,,,,,3.08,1.49,4.48,,,,,,,,,
2020-09-26,,,,,,,,,,30.54,28.15,33.12,,,,,,,,,,,,,52.55,49.73,55.22,,,,,,,,,,,,,7.75,6.29,9.53,,,,,,,,,,,,,,,,,,,5.25,3.84,6.76,,,,,,,3.09,1.52,4.48,,,,,,,,,
2020-09-27,,,,,,,,,,30.48,28.08,33.06,,,,,,,,,,,,,52.61,49.74,55.31,,,,,,,,,,,,,7.75,6.27,9.53,,,,,,,,,,,,,,,,,,,5.24,3.81,6.77,,,,,,,3.11,1.58,4.49,,,,,,,,,
2020-09-28,,,,,,,,,,30.43,27.94,33.05,,,,,,,,,,,,,52.66,49.75,55.4,,,,,,,,,,,,,7.76,6.25,9.57,,,,,,,,,,,,,,,,,,,5.23,3.79,6.78,,,,,,,3.12,1.63,4.51,,,,,,,,,
2020-09-29,,,,,,,,,,30.37,27.9,32.97,,,,,,,,,,,,,52.72,49.75,55.49,,,,,,,,,,,,,7.76,6.25,9.59,,,,,,,,,,,,,,,,,,,5.22,3.77,6.79,,,,,,,3.14,1.67,4.52,,,,,,,,,
2020-09-30,,,,,,,,,,30.31,27.87,32.89,,,,,,,,,,,,,52.77,49.76,55.57,,,,,,,,,,,,,7.76,6.24,9.58,,,,,,,,,,,,,,,,,,,5.21,3.75,6.8,,,,,,,3.15,1.66,4.54,,,,31.0,53.0,9.0,,4.0,2.0
2020-10-01,,,,,,,,,,30.24,27.79,32.8,,,,,,,,,,,,,52.82,49.77,55.61,,,,,,,,,,,,,7.77,6.25,9.58,,,,,,,,,,,,,,,,,,,5.2,3.73,6.79,,,,,,,3.16,1.7,4.55,,,,,,,,,
2020-10-02,,,,,,,,,,30.18,27.72,32.73,,,,,,,,,,,,,52.87,49.77,55.66,,,,,,,,,,,,,7.77,6.25,9.56,,,,,,,,,,,,,,,,,,,5.19,3.72,6.75,,,,,,,3.18,1.77,4.55,,,,,,,,,
2020-10-03,,,,,,,,,,30.12,27.67,32.65,,,,,,,,,,,,,52.92,49.83,55.7,,,,,,,,,,,,,7.77,6.22,9.56,,,,,,,,,,,,,,,,,,,5.18,3.7,6.7,,,,,,,3.19,1.78,4.57,,,,,,,,,
2020-10-04,,,,,,,,,,30.05,27.61,32.6,,,,,,,,,,,,,52.97,49.89,55.74,,,,,,,,,,,,,7.78,6.2,9.57,,,,,,,,,,,,,,,,,,,5.18,3.68,6.68,,,,,,,3.2,1.81,4.64,,,,,,,,,
2020-10-05,,,,,,,,,,29.99,27.54,32.53,,,,,,,,,,,,,53.02,49.97,55.76,,,,,,,,,,,,,7.78,6.19,9.58,,,,,,,,,,,,,,,,,,,5.18,3.65,6.68,,,,,,,3.21,1.82,4.62,,,,,,,,,
2020-10-06,,,,,,,,,,29.93,27.48,32.5,,,,,,,,,,,,,53.06,50.04,55.78,,,,,,,,,,,,,7.79,6.19,9.59,,,,,,,,,,,,,,,,,,,5.17,3.64,6.68,,,,,,,3.23,1.82,4.65,,,,,,,,,
2020-10-07,,,,,,,,,,29.86,27.43,32.46,,,,,,,,,,,,,53.11,50.12,55.74,,,,,,,,,,,,,7.8,6.19,9.6,,,,,,,,,,,,,,,,,,,5.17,3.63,6.67,,,,,,,3.24,1.82,4.68,,,,29.0,56.0,5.0,,7.0,2.0
2020-10-08,,,,,,,,,,29.8,27.37,32.43,,,,,,,,,,,,,53.15,50.2,55.71,,,,,,,,,,,,,7.8,6.23,9.61,,,,,,,,,,,,,,,,,,,5.17,3.62,6.67,,,,,,,3.25,1.83,4.7,,,,,,,,,
2020-10-09,,,,,,,,,,29.73,27.31,32.39,,,,,,,,,,,,,53.19,50.28,55.69,,,,,,,,,,,,,7.81,6.27,9.62,,,,,,,,,,,,,,,,,,,5.17,3.62,6.67,,,,,,,3.26,1.83,4.72,,,,,,,,,
2020-10-10,,,,,,,,,,29.67,27.25,32.36,,,,,,,,,,,,,53.22,50.36,55.73,,,,,,,,,,,,,7.82,6.32,9.63,,,,,,,,,,,,,,,,,,,5.17,3.62,6.7,,,,,,,3.28,1.84,4.74,,,,,,,,,
2020-10-11,,,,,,,,,,29.61,27.2,32.32,,,,,,,,,,,,,53.26,50.44,55.77,,,,,,,,,,,,,7.83,6.35,9.66,,,,,,,,,,,,,,,,,,,5.18,3.61,6.73,,,,,,,3.29,1.84,4.76,,,,,,,,,
2020-10-12,,,,,,,,,,29.54,27.15,32.29,,,,,,,,,,,,,53.29,50.52,55.81,,,,,,,,,,,,,7.83,6.34,9.69,,,,,,,,,,,,,,,,,,,5.18,3.61,6.75,,,,,,,3.3,1.85,4.77,,,,,,,,,
2020-10-13,,,,,,,,,,29.48,27.09,32.23,,,,,,,,,,,,,53.32,50.6,55.83,,,,,,,,,,,,,7.84,6.33,9.72,,,,,,,,,,,,,,,,,,,5.18,3.6,6.75,,,,,,,3.31,1.86,4.78,,,,,,,,,
2020-10-14,,,,,,,,,,29.42,27.02,32.16,,,,,,,,,,,,,53.35,50.68,55.87,,,,,,,,,,,,,7.85,6.31,9.75,,,,,,,,,,,,,,,,,,,5.19,3.6,6.76,,,,,,,3.32,1.86,4.79,,,,,,,,,
2020-10-15,,,,,,,,,,29.36,26.95,32.09,,,,,,,,,,,,,53.37,50.76,55.89,,,,,,,,,,,,,7.86,6.34,9.74,,,,,,,,,,,,,,,,,,,5.2,3.6,6.79,,,,,,,3.34,1.88,4.8,,,,28.0,54.0,5.0,,4.0,7.0
2020-10-16,,,,,,,,,,29.3,26.89,32.0,,,,,,,,,,,,,53.39,50.84,55.91,,,,,,,,,,,,,7.87,6.38,9.77,,,,,,,,,,,,,,,,,,,5.2,3.6,6.81,,,,,,,3.35,1.88,4.81,,,,,,,,,
2020-10-17,,,,,,,,,,29.24,26.84,31.91,,,,,,,,,,,,,53.41,50.88,55.91,,,,,,,,,,,,,7.88,6.37,9.75,,,,,,,,,,,,,,,,,,,5.21,3.61,6.84,,,,,,,3.36,1.88,4.79,,,,53.0,26.0,12.0,,6.0,
2020-10-18,,,,,,,,,,29.19,26.79,31.83,,,,,,,,,,,,,53.43,50.88,55.88,,,,,,,,,,,,,7.89,6.37,9.73,,,,,,,,,,,,,,,,,,,5.22,3.61,6.86,,,,,,,3.37,1.88,4.8,,,,,,,,,
2020-10-19,,,,,,,,,,29.13,26.74,31.77,,,,,,,,,,,,,53.44,50.92,55.89,,,,,,,,,,,,,7.9,6.4,9.7,,,,,,,,,,,,,,,,,,,5.23,3.62,6.88,,,,,,,3.38,1.89,4.81,,,,,,,,,
2020-10-20,,,,,,,,,,29.08,26.7,31.75,,,,,,,,,,,,,53.46,50.92,55.87,,,,,,,,,,,,,7.92,6.44,9.74,,,,,,,,,,,,,,,,,,,5.24,3.63,6.9,,,,,,,3.39,1.9,4.82,,,,,,,,,
2020-10-21,,,,,,,,,,29.02,26.69,31.7,,,,,,,,,,,,,53.47,50.88,55.87,,,,,,,,,,,,,7.93,6.45,9.78,,,,,,,,,,,,,,,,,,,5.25,3.66,6.92,,,,,,,3.4,1.91,4.82,,,,,,,,,
2020-10-22,,,,,,,,,,28.97,26.68,31.66,,,,,,,,,,,,,53.48,50.82,55.88,,,,,,,,,,,,,7.94,6.46,9.82,,,,,,,,,,,,,,,,,,,5.26,3.68,6.94,,,,,,,3.42,1.92,4.85,,,,28.0,55.0,13.0,,2.0,1.0
2020-10-23,,,,,,,,,,28.92,26.68,31.63,,,,,,,,,,,,,53.48,50.86,55.86,,,,,,,,,,,,,7.95,6.48,9.85,,,,,,,,,,,,,,,,,,,5.27,3.69,6.96,,,,,,,3.43,1.92,4.86,,,,,,,,,
2020-10-24,,,,,,,,,,28.87,26.67,31.61,,,,,,,,,,,,,53.49,50.88,55.85,,,,,,,,,,,,,7.97,6.49,9.9,,,,,,,,,,,,,,,,,,,5.28,3.7,6.97,,,,,,,3.44,1.92,4.87,,,,,,,,,
2020-10-25,,,,,,,,,,28.82,26.65,31.58,,,,,,,,,,,,,53.49,50.85,55.84,,,,,,,,,,,,,7.98,6.49,9.98,,,,,,,,,,,,,,,,,,,5.29,3.71,6.97,,,,,,,3.45,1.92,4.88,,,,,,,,,
2020-10-26,,,,,,,,,,28.77,26.66,31.56,,,,,,,,,,,,,53.49,50.82,55.83,,,,,,,,,,,,,7.99,6.48,10.0,,,,,,,,,,,,,,,,,,,5.3,3.74,6.97,,,,,,,3.46,1.91,4.9,,,,,,,,,
2020-10-27,,,,,,,,,,28.72,26.66,31.52,,,,,,,,,,,,,53.5,50.79,55.82,,,,,,,,,,,,,8.01,6.52,10.02,,,,,,,,,,,,,,,,,,,5.32,3.76,6.97,,,,,,,3.47,1.91,4.9,,,,,,,,,
2020-10-28,,,,,,,,,,28.67,26.66,31.48,,,,,,,,,,,,,53.5,50.76,55.81,,,,,,,,,,,,,8.02,6.55,10.03,,,,,,,,,,,,,,,,,,,5.33,3.79,6.97,,,,,,,3.48,1.91,4.91,,,,,,,,,
2020-10-29,,,,,,,,,,28.62,26.62,31.44,,,,,,,,,,,,,53.5,50.74,55.8,,,,,,,,,,,,,8.03,6.54,10.03,,,,,,,,,,,,,,,,,,,5.34,3.82,7.0,,,,,,,3.49,1.92,4.92,,,,23.0,54.0,8.0,,7.0,6.0
2020-10-30,,,,,,,,,,28.57,26.56,31.38,,,,,,,,,,,,,53.5,50.77,55.81,,,,,,,,,,,,,8.05,6.54,10.01,,,,,,,,,,,,,,,,,,,5.36,3.83,6.99,,,,,,,3.5,1.92,4.93,,,,,,,,,
2020-10-31,,,,,,,,,,28.52,26.51,31.36,,,,,,,,,,,,,53.51,50.81,55.83,,,,,,,,,,,,,8.06,6.53,9.99,,,,,,,,,,,,,,,,,,,5.37,3.86,6.99,,,,,,,3.51,1.94,4.95,,,,,,,,,
2020-11-01,,,,,,,,,,28.47,26.46,31.28,,,,,,,,,,,,,53.51,50.86,55.85,,,,,,,,,,,,,8.07,6.53,10.03,,,,,,,,,,,,,,,,,,,5.39,3.88,7.01,,,,,,,3.51,1.99,4.96,,,,,,,,,
2020-11-02,,,,,,,,,,28.42,26.42,31.21,,,,,,,,,,,,,53.51,50.92,55.86,,,,,,,,,,,,,8.09,6.53,10.03,,,,,,,,,,,,,,,,,,,5.4,3.91,7.03,,,,,,,3.52,2.04,4.96,,,,,,,,,
2020-11-03,,,,,,,,,,28.37,26.39,31.13,,,,,,,,,,,,,53.51,50.97,55.87,,,,,,,,,,,,,8.1,6.55,10.02,,,,,,,,,,,,,,,,,,,5.42,3.93,7.04,,,,,,,3.53,2.05,4.95,,,,,,,,,
2020-11-04,,,,,,,,,,28.31,26.36,31.05,,,,,,,,,,,,,53.51,50.96,55.88,,,,,,,,,,,,,8.12,6.58,10.02,,,,,,,,,,,,,,,,,,,5.43,3.96,7.06,,,,,,,3.54,2.06,4.96,,,,,,,,,
2020-11-05,,,,,,,,,,28.26,26.34,30.97,,,,,,,,,,,,,53.52,50.93,55.83,,,,,,,,,,,,,8.13,6.6,10.02,,,,,,,,,,,,,,,,,,,5.45,3.94,7.05,,,,,,,3.55,2.07,4.96,,,,31.0,57.0,6.0,,2.0,4.0
2020-11-06,,,,,,,,,,28.21,26.3,30.89,,,,,,,,,,,,,53.52,50.9,55.79,,,,,,,,,,,,,8.14,6.56,10.02,,,,,,,,,,,,,,,,,,,5.46,3.9,7.06,,,,,,,3.55,2.06,4.96,,,,,,,,,
2020-11-07,,,,,,,,,,28.16,26.25,30.84,,,,,,,,,,,,,53.52,50.89,55.77,,,,,,,,,,,,,8.16,6.53,10.02,,,,,,,,,,,,,,,,,,,5.48,3.9,7.08,,,,,,,3.56,2.07,4.97,,,,,,,,,
2020-11-08,,,,,,,,,,28.11,26.19,30.72,,,,,,,,,,,,,53.53,50.87,55.77,,,,,,,,,,,,,8.17,6.57,10.03,,,,,,,,,,,,,,,,,,,5.5,3.93,7.09,,,,,,,3.57,2.08,4.97,,,,,,,,,
2020-11-09,,,,,,,,,,28.06,26.17,30.69,,,,,,,,,,,,,53.53,50.91,55.78,,,,,,,,,,,,,8.18,6.61,10.04,,,,,,,,,,,,,,,,,,,5.51,3.96,7.12,,,,,,,3.57,2.09,4.97,,,,,,,,,
2020-11-10,,,,,,,,,,28.01,26.12,30.66,,,,,,,,,,,,,53.53,50.97,55.78,,,,,,,,,,,,,8.2,6.65,10.05,,,,,,,,,,,,,,,,,,,5.53,3.98,7.15,,,,,,,3.58,2.1,4.97,,,,,,,,,
2020-11-11,,,,,,,,,,27.96,26.07,30.62,,,,,,,,,,,,,53.53,51.03,55.8,,,,,,,,,,,,,8.21,6.62,10.06,,,,,,,,,,,,,,,,,,,5.55,3.98,7.18,,,,,,,3.59,2.1,5.0,,,,,,,,,
2020-11-12,,,,,,,,,,27.91,26.02,30.56,,,,,,,,,,,,,53.54,51.08,55.79,,,,,,,,,,,,,8.22,6.63,10.07,,,,,,,,,,,,,,,,,,,5.57,3.97,7.2,,,,,,,3.59,2.11,4.98,,,,24.0,60.0,6.0,,4.0,4.0
2020-11-13,,,,,,,,,,27.86,25.99,30.53,,,,,,,,,,,,,53.54,51.04,55.81,,,,,,,,,,,,,8.24,6.67,10.08,,,,,,,,,,,,,,,,,,,5.59,3.98,7.22,,,,,,,3.6,2.13,5.01,,,,,,,,,
2020-11-14,,,,,,,,,,27.81,25.99,30.52,,,,,,,,,,,,,53.54,50.99,55.83,,,,,,,,,,,,,8.25,6.67,10.08,,,,,,,,,,,,,,,,,,,5.6,3.96,7.24,,,,,,,3.6,2.14,4.99,,,,,,,,,
2020-11-15,,,,,,,,,,27.76,25.94,30.42,,,,,,,,,,,,,53.55,50.98,55.84,,,,,,,,,,,,,8.27,6.67,10.08,,,,,,,,,,,,,,,,,,,5.62,3.96,7.27,,,,,,,3.61,2.15,5.0,,,,,,,,,
2020-11-16,,,,,,,,,,27.71,25.9,30.32,,,,,,,,,,,,,53.55,50.98,55.84,,,,,,,,,,,,,8.28,6.67,10.08,,,,,,,,,,,,,,,,,,,5.64,3.95,7.29,,,,,,,3.61,2.16,4.99,,,,,,,,,
2020-11-17,,,,,,,,,,27.66,25.85,30.24,,,,,,,,,,,,,53.55,50.98,55.83,,,,,,,,,,,,,8.3,6.67,10.08,,,,,,,,,,,,,,,,,,,5.66,3.98,7.31,,,,,,,3.61,2.17,5.0,,,,,,,,,
2020-11-18,,,,,,,,,,27.6,25.81,30.16,,,,,,,,,,,,,53.55,50.98,55.83,,,,,,,,,,,,,8.31,6.7,10.08,,,,,,,,,,,,,,,,,,,5.68,4.0,7.33,,,,,,,3.61,2.18,5.02,,,,24.0,61.0,6.0,,6.0,3.0
2020-11-19,,,,,,,,,,27.55,25.76,30.09,,,,,,,,,,,,,53.56,51.0,55.83,,,,,,,,,,,,,8.33,6.75,10.08,,,,,,,,,,,,,,,,,,,5.71,4.03,7.36,,,,,,,3.62,2.19,5.03,,,,,,,,,
2020-11-20,,,,,,,,,,27.5,25.72,30.01,,,,,,,,,,,,,53.56,51.06,55.82,,,,,,,,,,,,,8.35,6.78,10.09,,,,,,,,,,,,,,,,,,,5.73,4.04,7.38,,,,,,,3.62,2.15,5.06,,,,,,,,,
2020-11-21,,,,,,,,,,27.45,25.7,29.93,,,,,,,,,,,,,53.56,51.1,55.81,,,,,,,,,,,,,8.37,6.79,10.09,,,,,,,,,,,,,,,,,,,5.75,4.05,7.41,,,,,,,3.62,2.1,5.08,,,,,,,,,
2020-11-22,,,,,,,,,,27.4,25.66,29.84,,,,,,,,,,,,,53.56,51.07,55.8,,,,,,,,,,,,,8.38,6.81,10.09,,,,,,,,,,,,,,,,,,,5.77,4.06,7.43,,,,,,,3.62,2.06,5.09,,,,,,,,,
2020-11-23,,,,,,,,,,27.35,25.61,29.76,,,,,,,,,,,,,53.55,51.05,55.79,,,,,,,,,,,,,8.4,6.82,10.09,,,,,,,,,,,,,,,,,,,5.8,4.08,7.46,,,,,,,3.61,2.06,5.1,,,,,,,,,
2020-11-24,,,,,,,,,,27.31,25.55,29.67,,,,,,,,,,,,,53.55,51.02,55.77,,,,,,,,,,,,,8.42,6.83,10.09,,,,,,,,,,,,,,,,,,,5.82,4.1,7.5,,,,,,,3.61,2.06,5.11,,,,,,,,,
2020-11-25,,,,,,,,,,27.26,25.5,29.6,,,,,,,,,,,,,53.55,51.03,55.74,,,,,,,,,,,,,8.44,6.85,10.13,,,,,,,,,,,,,,,,,,,5.84,4.12,7.54,,,,,,,3.61,2.05,5.12,,,,,,,,,
2020-11-26,,,,,,,,,,27.21,25.46,29.51,,,,,,,,,,,,,53.55,51.06,55.72,,,,,,,,,,,,,8.46,6.85,10.18,,,,,,,,,,,,,,,,,,,5.87,4.15,7.58,,,,,,,3.6,2.05,5.11,,,,,,,,,
2020-11-27,,,,,,,,,,27.16,25.42,29.41,,,,,,,,,,,,,53.54,51.09,55.7,,,,,,,,,,,,,8.48,6.84,10.22,,,,,,,,,,,,,,,,,,,5.89,4.17,7.61,,,,,,,3.59,2.06,5.09,,,,23.0,55.0,9.0,,7.0,6.0
2020-11-28,,,,,,,,,,27.11,25.38,29.32,,,,,,,,,,,,,53.54,51.12,55.67,,,,,,,,,,,,,8.5,6.82,10.25,,,,,,,,,,,,,,,,,,,5.91,4.18,7.62,,,,,,,3.59,2.05,5.07,,,,,,,,,
2020-11-29,,,,,,,,,,27.07,25.35,29.24,,,,,,,,,,,,,53.53,51.12,55.62,,,,,,,,,,,,,8.52,6.81,10.25,,,,,,,,,,,,,,,,,,,5.94,4.2,7.64,,,,,,,3.58,2.07,5.01,,,,,,,,,
2020-11-30,,,,,,,,,,27.02,25.33,29.23,,,,,,,,,,,,,53.53,51.04,55.59,,,,,,,,,,,,,8.54,6.8,10.25,,,,,,,,,,,,,,,,,,,5.96,4.21,7.72,,,,,,,3.57,2.11,5.0,,,,,,,,,
2020-12-01,,,,,,,,,,26.97,25.32,29.21,,,,,,,,,,,,,53.52,50.96,55.56,,,,,,,,,,,,,8.56,6.79,10.25,,,,,,,,,,,,,,,,,,,5.99,4.24,7.72,,,,,,,3.56,2.14,4.99,,,,,,,,,
2020-12-02,,,,,,,,,,26.92,25.26,29.15,,,,,,,,,,,,,53.52,50.89,55.55,,,,,,,,,,,,,8.58,6.77,10.28,,,,,,,,,,,,,,,,,,,6.01,4.26,7.75,,,,,,,3.55,2.14,4.97,,,,,,,,,
2020-12-03,,,,,,,,,,26.88,25.21,28.99,,,,,,,,,,,,,53.51,50.92,55.53,,,,,,,,,,,,,8.6,6.81,10.29,,,,,,,,,,,,,,,,,,,6.03,4.31,7.79,,,,,,,3.53,2.12,4.96,,,,29.0,53.0,7.0,,7.0,2.0
2020-12-04,,,,,,,,,,26.83,25.18,28.94,,,,,,,,,,,,,53.5,50.97,55.51,,,,,,,,,,,,,8.62,6.85,10.24,,,,,,,,,,,,,,,,,,,6.06,4.37,7.82,,,,,,,3.52,2.1,4.95,,,,,,,,,
2020-12-05,,,,,,,,,,26.79,25.15,28.84,,,,,,,,,,,,,53.5,51.04,55.48,,,,,,,,,,,,,8.64,6.9,10.27,,,,,,,,,,,,,,,,,,,6.08,4.37,7.86,,,,,,,3.5,2.1,4.97,,,,,,,,,
2020-12-06,,,,,,,,,,26.75,25.13,28.74,,,,,,,,,,,,,53.49,51.06,55.47,,,,,,,,,,,,,8.66,6.96,10.31,,,,,,,,,,,,,,,,,,,6.11,4.4,7.89,,,,,,,3.49,2.1,4.95,,,,,,,,,
2020-12-07,,,,,,,,,,26.71,25.11,28.68,,,,,,,,,,,,,53.48,51.0,55.48,,,,,,,,,,,,,8.68,7.0,10.33,,,,,,,,,,,,,,,,,,,6.13,4.4,7.93,,,,,,,3.47,2.12,4.92,,,,,,,,,
2020-12-08,,,,,,,,,,26.67,25.11,28.66,,,,,,,,,,,,,53.46,50.98,55.49,,,,,,,,,,,,,8.7,7.05,10.33,,,,,,,,,,,,,,,,,,,6.15,4.4,7.97,,,,,,,3.45,2.15,4.91,,,,,,,,,
2020-12-09,,,,,,,,,,26.64,25.09,28.52,,,,,,,,,,,,,53.45,50.96,55.51,,,,,,,,,,,,,8.72,7.03,10.35,,,,,,,,,,,,,,,,,,,6.18,4.41,8.01,,,,,,,3.43,2.14,4.91,,,,27.0,44.0,15.0,,9.0,4.0
2020-12-10,,,,,,,,,,26.6,25.08,28.39,,,,,,,,,,,,,53.43,50.98,55.52,,,,,,,,,,,,,8.74,7.01,10.39,,,,,,,,,,,,,,,,,,,6.2,4.44,8.05,,,,,,,3.41,2.1,4.9,,,,,,,,,
2020-12-11,,,,,,,,,,26.57,25.08,28.3,,,,,,,,,,,,,53.42,50.95,55.56,,,,,,,,,,,,,8.75,6.99,10.41,,,,,,,,,,,,,,,,,,,6.23,4.48,8.07,,,,,,,3.39,2.06,4.88,,,,,,,,,
2020-12-12,,,,,,,,,,26.54,25.08,28.24,,,,,,,,,,,,,53.4,50.97,55.52,,,,,,,,,,,,,8.77,7.01,10.42,,,,,,,,,,,,,,,,,,,6.25,4.52,8.1,,,,,,,3.36,2.06,4.83,,,,,,,,,
2020-12-13,,,,,,,,,,26.52,25.06,28.24,,,,,,,,,,,,,53.38,50.99,55.51,,,,,,,,,,,,,8.79,7.04,10.41,,,,,,,,,,,,,,,,,,,6.28,4.56,8.13,,,,,,,3.34,2.05,4.78,,,,,,,,,
2020-12-14,,,,,,,,,,26.49,25.04,28.21,,,,,,,,,,,,,53.36,50.94,55.5,,,,,,,,,,,,,8.81,7.06,10.4,,,,,,,,,,,,,,,,,,,6.31,4.61,8.15,,,,,,,3.32,2.02,4.77,,,,,,,,,
2020-12-15,,,,,,,,,,26.47,25.02,28.18,,,,,,,,,,,,,53.33,50.89,55.48,,,,,,,,,,,,,8.82,7.1,10.39,,,,,,,,,,,,,,,,,,,6.33,4.66,8.18,,,,,,,3.29,1.97,4.76,,,,,,,,,
2020-12-16,,,,,,,,,,26.45,25.0,28.19,,,,,,,,,,,,,53.31,50.85,55.4,,,,,,,,,,,,,8.84,7.11,10.42,,,,,,,,,,,,,,,,,,,6.36,4.65,8.2,,,,,,,3.27,1.93,4.74,,,,31.0,45.0,8.0,,10.0,5.0
2020-12-17,,,,,,,,,,26.43,25.01,28.19,,,,,,,,,,,,,53.28,50.84,55.34,,,,,,,,,,,,,8.85,7.12,10.46,,,,,,,,,,,,,,,,,,,6.39,4.65,8.2,,,,,,,3.24,1.89,4.72,,,,,,,,,
2020-12-18,,,,,,,,,,26.42,25.02,28.2,,,,,,,,,,,,,53.25,50.84,55.28,,,,,,,,,,,,,8.87,7.13,10.52,,,,,,,,,,,,,,,,,,,6.42,4.69,8.21,,,,,,,3.22,1.85,4.72,,,,,,,,,
2020-12-19,,,,,,,,,,26.41,25.0,28.21,,,,,,,,,,,,,53.22,50.78,55.23,,,,,,,,,,,,,8.88,7.14,10.56,,,,,,,,,,,,,,,,,,,6.45,4.73,8.22,,,,,,,3.19,1.85,4.72,,,,,,,,,
2020-12-20,,,,,,,,,,26.41,24.99,28.22,,,,,,,,,,,,,53.18,50.72,55.19,,,,,,,,,,,,,8.89,7.15,10.6,,,,,,,,,,,,,,,,,,,6.48,4.77,8.23,,,,,,,3.16,1.84,4.73,,,,,,,,,
2020-12-21,,,,,,,,,,26.4,24.99,28.2,,,,,,,,,,,,,53.15,50.66,55.15,,,,,,,,,,,,,8.9,7.16,10.58,,,,,,,,,,,,,,,,,,,6.51,4.82,8.26,,,,,,,3.14,1.85,4.7,,,,,,,,,
2020-12-22,,,,,,,,,,26.4,25.0,28.21,,,,,,,,,,,,,53.11,50.7,55.1,,,,,,,,,,,,,8.91,7.17,10.57,,,,,,,,,,,,,,,,,,,6.54,4.87,8.26,,,,,,,3.11,1.82,4.68,,,,26.0,59.0,8.0,,3.0,2.0
2020-12-23,,,,,,,,,,26.41,25.02,28.22,,,,,,,,,,,,,53.07,50.65,55.05,,,,,,,,,,,,,8.92,7.16,10.56,,,,,,,,,,,,,,,,,,,6.57,4.92,8.27,,,,,,,3.08,1.78,4.65,,,,,,,,,
2020-12-24,,,,,,,,,,26.41,25.03,28.24,,,,,,,,,,,,,53.02,50.61,55.0,,,,,,,,,,,,,8.93,7.15,10.56,,,,,,,,,,,,,,,,,,,6.6,4.93,8.28,,,,,,,3.05,1.74,4.63,,,,,,,,,
2020-12-25,,,,,,,,,,26.43,24.98,28.26,,,,,,,,,,,,,52.97,50.57,54.94,,,,,,,,,,,,,8.94,7.14,10.62,,,,,,,,,,,,,,,,,,,6.64,4.95,8.3,,,,,,,3.03,1.69,4.6,,,,,,,,,
2020-12-26,,,,,,,,,,26.44,24.99,28.29,,,,,,,,,,,,,52.93,50.51,54.88,,,,,,,,,,,,,8.95,7.13,10.65,,,,,,,,,,,,,,,,,,,6.67,4.97,8.34,,,,,,,3.0,1.65,4.58,,,,,,,,,
2020-12-27,,,,,,,,,,26.46,24.99,28.31,,,,,,,,,,,,,52.87,50.46,54.83,,,,,,,,,,,,,8.96,7.13,10.61,,,,,,,,,,,,,,,,,,,6.7,4.99,8.37,,,,,,,2.97,1.62,4.55,,,,,,,,,
2020-12-28,,,,,,,,,,26.48,25.02,28.33,,,,,,,,,,,,,52.82,50.41,54.78,,,,,,,,,,,,,8.97,7.12,10.57,,,,,,,,,,,,,,,,,,,6.73,5.0,8.41,,,,,,,2.94,1.58,4.51,,,,,,,,,
2020-12-29,,,,,,,,,,26.5,25.05,28.31,,,,,,,,,,,,,52.76,50.35,54.74,,,,,,,,,,,,,8.98,7.12,10.56,,,,,,,,,,,,,,,,,,,6.76,5.05,8.43,,,,,,,2.91,1.53,4.5,,,,,,,,,
2020-12-30,,,,,,,,,,26.53,25.05,28.29,,,,,,,,,,,,,52.71,50.29,54.7,,,,,,,,,,,,,8.99,7.13,10.59,,,,,,,,,,,,,,,,,,,6.79,5.1,8.46,,,,,,,2.89,1.5,4.48,,,,,,,,,
2020-12-31,,,,,,,,,,26.56,25.06,28.28,,,,,,,,,,,,,52.65,50.24,54.66,,,,,,,,,,,,,8.99,7.13,10.63,,,,,,,,,,,,,,,,,,,6.82,5.11,8.49,,,,,,,2.86,1.47,4.44,,,,,,,,,
2021-01-01,,,,,,,,,,26.6,25.08,28.28,,,,,,,,,,,,,52.58,50.18,54.6,,,,,,,,,,,,,9.0,7.16,10.61,,,,,,,,,,,,,,,,,,,6.84,5.16,8.52,,,,,,,2.83,1.43,4.42,,,,,,,,,
2021-01-02,,,,,,,,,,26.63,25.1,28.28,,,,,,,,,,,,,52.52,50.12,54.56,,,,,,,,,,,,,9.01,7.15,10.6,,,,,,,,,,,,,,,,,,,6.87,5.19,8.55,,,,,,,2.8,1.41,4.37,,,,,,,,,
2021-01-03,,,,,,,,,,26.67,25.11,28.3,,,,,,,,,,,,,52.46,50.07,54.52,,,,,,,,,,,,,9.02,7.16,10.59,,,,,,,,,,,,,,,,,,,6.9,5.17,8.58,,,,,,,2.77,1.41,4.32,,,,,,,,,
2021-01-04,,,,,,,,,,26.71,25.1,28.31,,,,,,,,,,,,,52.4,50.01,54.42,,,,,,,,,,,,,9.02,7.2,10.57,,,,,,,,,,,,,,,,,,,6.93,5.17,8.6,,,,,,,2.74,1.38,4.29,,,,,,,,,
2021-01-05,,,,,,,,,,26.75,25.11,28.39,,,,,,,,,,,,,52.33,49.96,54.36,,,,,,,,,,,,,9.03,7.2,10.59,,,,,,,,,,,,,,,,,,,6.95,5.16,8.63,,,,,,,2.72,1.35,4.26,,,,24.0,55.0,10.0,,6.0,2.0
2021-01-06,,,,,,,,,,26.8,25.13,28.43,,,,,,,,,,,,,52.27,49.91,54.28,,,,,,,,,,,,,9.04,7.23,10.64,,,,,,,,,,,,,,,,,,,6.98,5.19,8.67,,,,,,,2.69,1.31,4.25,,,,,,,,,
2021-01-07,,,,,,,,,,26.84,25.15,28.48,,,,,,,,,,,,,52.21,49.85,54.2,,,,,,,,,,,,,9.04,7.26,10.68,,,,,,,,,,,,,,,,,,,7.0,5.23,8.7,,,,,,,2.66,1.27,4.24,,,,,,,,,
2021-01-08,,,,,,,,,,26.89,25.17,28.55,,,,,,,,,,,,,52.15,49.79,54.12,,,,,,,,,,,,,9.05,7.27,10.72,,,,,,,,,,,,,,,,,,,7.02,5.22,8.72,,,,,,,2.63,1.18,4.24,,,,,,,,,
2021-01-09,,,,,,,,,,26.93,25.2,28.62,,,,,,,,,,,,,52.09,49.75,54.09,,,,,,,,,,,,,9.05,7.31,10.76,,,,,,,,,,,,,,,,,,,7.04,5.22,8.74,,,,,,,2.6,1.14,4.23,,,,,,,,,
2021-01-10,,,,,,,,,,26.98,25.23,28.69,,,,,,,,,,,,,52.03,49.68,54.06,,,,,,,,,,,,,9.06,7.32,10.8,,,,,,,,,,,,,,,,,,,7.07,5.21,8.77,,,,,,,2.57,1.11,4.21,,,,,,,,,
2021-01-11,,,,,,,,,,27.02,25.26,28.76,,,,,,,,,,,,,51.97,49.63,54.02,,,,,,,,,,,,,9.06,7.31,10.78,,,,,,,,,,,,,,,,,,,7.09,5.21,8.78,,,,,,,2.54,1.08,4.2,,,,,,,,,
2021-01-12,,,,,,,,,,27.07,25.31,28.79,,,,,,,,,,,,,51.92,49.57,54.0,,,,,,,,,,,,,9.06,7.31,10.76,,,,,,,,,,,,,,,,,,,7.1,5.21,8.78,,,,,,,2.52,1.05,4.2,,,,,,,,,
2021-01-13,,,,,,,,,,27.12,25.36,28.82,,,,,,,,,,,,,51.86,49.52,53.97,,,,,,,,,,,,,9.07,7.29,10.74,,,,,,,,,,,,,,,,,,,7.12,5.25,8.79,,,,,,,2.49,1.03,4.18,,,,,,,,,
2021-01-14,,,,,,,,,,27.17,25.37,28.86,,,,,,,,,,,,,51.81,49.44,53.92,,,,,,,,,,,,,9.07,7.27,10.76,,,,,,,,,,,,,,,,,,,7.14,5.23,8.8,,,,,,,2.46,1.01,4.17,,,,22.0,56.0,9.0,,9.0,2.0
2021-01-15,,,,,,,,,,27.22,25.41,28.89,,,,,,,,,,,,,51.75,49.38,53.89,,,,,,,,,,,,,9.07,7.25,10.73,,,,,,,,,,,,,,,,,,,7.15,5.25,8.81,,,,,,,2.44,0.96,4.15,,,,,,,,,
2021-01-16,,,,,,,,,,27.27,25.45,28.98,,,,,,,,,,,,,51.7,49.36,53.86,,,,,,,,,,,,,9.07,7.23,10.72,,,,,,,,,,,,,,,,,,,7.17,5.28,8.81,,,,,,,2.41,0.93,4.14,,,,,,,,,
2021-01-17,,,,,,,,,,27.31,25.5,29.08,,,,,,,,,,,,,51.66,49.32,53.83,,,,,,,,,,,,,9.08,7.22,10.72,,,,,,,,,,,,,,,,,,,7.18,5.31,8.81,,,,,,,2.39,0.92,4.12,,,,,,,,,
2021-01-18,,,,,,,,,,27.36,25.52,29.18,,,,,,,,,,,,,51.61,49.27,53.79,,,,,,,,,,,,,9.08,7.22,10.74,,,,,,,,,,,,,,,,,,,7.19,5.35,8.82,,,,,,,2.36,0.91,4.09,,,,,,,,,
2021-01-19,,,,,,,,,,27.41,25.56,29.25,,,,,,,,,,,,,51.56,49.23,53.71,,,,,,,,,,,,,9.08,7.22,10.77,,,,,,,,,,,,,,,,,,,7.2,5.38,8.84,,,,,,,2.34,0.9,4.08,,,,,,,,,
2021-01-20,,,,,,,,,,27.46,25.63,29.31,,,,,,,,,,,,,51.52,49.17,53.63,,,,,,,,,,,,,9.08,7.23,10.79,,,,,,,,,,,,,,,,,,,7.21,5.42,8.86,,,,,,,2.32,0.89,4.07,,,,,,,,,
2021-01-21,,,,,,,,,,27.51,25.67,29.37,,,,,,,,,,,,,51.48,49.12,53.59,,,,,,,,,,,,,9.08,7.23,10.82,,,,,,,,,,,,,,,,,,,7.22,5.44,8.87,,,,,,,2.29,0.87,4.05,,,,,,,,,
2021-01-22,,,,,,,,,,27.56,25.68,29.39,,,,,,,,,,,,,51.44,49.07,53.58,,,,,,,,,,,,,9.08,7.25,10.85,,,,,,,,,,,,,,,,,,,7.22,5.45,8.89,,,,,,,2.27,0.85,4.03,,,,25.0,53.0,7.0,,8.0,4.0
2021-01-23,,,,,,,,,,27.61,25.72,29.41,,,,,,,,,,,,,51.4,49.03,53.57,,,,,,,,,,,,,9.08,7.28,10.87,,,,,,,,,,,,,,,,,,,7.22,5.46,8.9,,,,,,,2.25,0.83,4.0,,,,,,,,,
2021-01-24,,,,,,,,,,27.65,25.76,29.49,,,,,,,,,,,,,51.36,48.98,53.52,,,,,,,,,,,,,9.09,7.32,10.9,,,,,,,,,,,,,,,,,,,7.23,5.43,8.9,,,,,,,2.23,0.78,3.98,,,,,,,,,
2021-01-25,,,,,,,,,,27.7,25.85,29.57,,,,,,,,,,,,,51.33,48.94,53.46,,,,,,,,,,,,,9.09,7.35,10.9,,,,,,,,,,,,,,,,,,,7.23,5.42,8.91,,,,,,,2.21,0.73,3.96,,,,,,,,,
2021-01-26,,,,,,,,,,27.75,25.89,29.65,,,,,,,,,,,,,51.29,48.89,53.42,,,,,,,,,,,,,9.09,7.39,10.87,,,,,,,,,,,,,,,,,,,7.23,5.42,8.91,,,,,,,2.19,0.67,3.93,,,,,,,,,
2021-01-27,,,,,,,,,,27.8,25.93,29.71,,,,,,,,,,,,,51.26,48.85,53.4,,,,,,,,,,,,,9.1,7.36,10.82,,,,,,,,,,,,,,,,,,,7.22,5.4,8.9,,,,,,,2.17,0.62,3.9,,,,26.0,50.0,14.0,,5.0,2.0
2021-01-28,,,,,,,,,,27.84,25.96,29.75,,,,,,,,,,,,,51.23,48.8,53.35,,,,,,,,,,,,,9.1,7.35,10.77,,,,,,,,,,,,,,,,,,,7.22,5.4,8.9,,,,,,,2.16,0.57,3.87,,,,,,,,,
2021-01-29,,,,,,,,,,27.89,25.99,29.8,,,,,,,,,,,,,51.19,48.76,53.34,,,,,,,,,,,,,9.11,7.38,10.79,,,,,,,,,,,,,,,,,,,7.22,5.39,8.89,,,,,,,2.14,0.52,3.86,,,,,,,,,
2021-01-30,,,,,,,,,,27.94,26.03,29.85,,,,,,,,,,,,,51.16,48.71,53.33,,,,,,,,,,,,,9.11,7.41,10.81,,,,,,,,,,,,,,,,,,,7.21,5.39,8.88,,,,,,,2.12,0.48,3.81,,,,,,,,,
2021-01-31,,,,,,,,,,27.98,26.09,29.9,,,,,,,,,,,,,51.13,48.68,53.32,,,,,,,,,,,,,9.12,7.44,10.84,,,,,,,,,,,,,,,,,,,7.2,5.39,8.87,,,,,,,2.11,0.44,3.77,,,,,,,,,
2021-02-01,,,,,,,,,,28.03,26.11,29.94,,,,,,,,,,,,,51.1,48.63,53.31,,,,,,,,,,,,,9.13,7.47,10.88,,,,,,,,,,,,,,,,,,,7.2,5.38,8.85,,,,,,,2.09,0.4,3.79,,,,,,,,,
2021-02-02,,,,,,,,,,28.08,26.14,29.98,,,,,,,,,,,,,51.06,48.63,53.3,,,,,,,,,,,,,9.14,7.49,10.92,,,,,,,,,,,,,,,,,,,7.19,5.33,8.84,,,,,,,2.08,0.37,3.77,,,,,,,,,
2021-02-03,,,,,,,,,,28.13,26.21,30.0,,,,,,,,,,,,,51.02,48.62,53.28,,,,,,,,,,,,,9.16,7.49,10.96,,,,,,,,,,,,,,,,,,,7.18,5.28,8.82,,,,,,,2.06,0.34,3.78,,,,32.0,43.0,11.0,,7.0,1.0
2021-02-04,,,,,,,,,,28.17,26.24,30.01,,,,,,,,,,,,,50.99,48.62,53.25,,,,,,,,,,,,,9.17,7.49,10.97,,,,,,,,,,,,,,,,,,,7.17,5.23,8.8,,,,,,,2.05,0.32,3.71,,,,,,,,,
2021-02-05,,,,,,,,,,28.22,26.26,30.05,,,,,,,,,,,,,50.95,48.63,53.19,,,,,,,,,,,,,9.19,7.48,11.02,,,,,,,,,,,,,,,,,,,7.16,5.21,8.78,,,,,,,2.04,0.3,3.68,,,,,,,,,
2021-02-06,,,,,,,,,,28.27,26.28,30.11,,,,,,,,,,,,,50.91,48.63,53.11,,,,,,,,,,,,,9.2,7.47,11.04,,,,,,,,,,,,,,,,,,,7.15,5.21,8.73,,,,,,,2.03,0.28,3.65,,,,,,,,,
2021-02-07,,,,,,,,,,28.32,26.3,30.17,,,,,,,,,,,,,50.86,48.63,53.02,,,,,,,,,,,,,9.22,7.46,11.05,,,,,,,,,,,,,,,,,,,7.14,5.2,8.71,,,,,,,2.02,0.28,3.62,,,,,,,,,
2021-02-08,,,,,,,,,,28.37,26.32,30.25,,,,,,,,,,,,,50.82,48.63,52.93,,,,,,,,,,,,,9.24,7.47,11.05,,,,,,,,,,,,,,,,,,,7.13,5.19,8.71,,,,,,,2.01,0.27,3.59,,,,,,,,,
2021-02-09,,,,,,,,,,28.42,26.35,30.32,,,,,,,,,,,,,50.77,48.52,52.91,,,,,,,,,,,,,9.27,7.47,11.08,,,,,,,,,,,,,,,,,,,7.11,5.18,8.7,,,,,,,2.0,0.27,3.55,,,,,,,,,
2021-02-10,,,,,,,,,,28.48,26.39,30.36,,,,,,,,,,,,,50.72,48.41,52.84,,,,,,,,,,,,,9.29,7.48,11.12,,,,,,,,,,,,,,,,,,,7.1,5.18,8.73,,,,,,,1.99,0.28,3.53,,,,28.0,56.0,7.0,,3.0,1.0
2021-02-11,,,,,,,,,,28.53,26.42,30.41,,,,,,,,,,,,,50.67,48.31,52.73,,,,,,,,,,,,,9.31,7.47,11.18,,,,,,,,,,,,,,,,,,,7.09,5.13,8.76,,,,,,,1.98,0.29,3.51,,,,,,,,,
2021-02-12,,,,,,,,,,28.58,26.46,30.46,,,,,,,,,,,,,50.62,48.27,52.63,,,,,,,,,,,,,9.34,7.47,11.23,,,,,,,,,,,,,,,,,,,7.08,5.13,8.75,,,,,,,1.98,0.3,3.49,,,,,,,,,
2021-02-13,,,,,,,,,,28.64,26.51,30.51,,,,,,,,,,,,,50.57,48.2,52.54,,,,,,,,,,,,,9.36,7.48,11.29,,,,,,,,,,,,,,,,,,,7.06,5.14,8.71,,,,,,,1.97,0.31,3.5,,,,,,,,,
2021-02-14,,,,,,,,,,28.69,26.56,30.57,,,,,,,,,,,,,50.51,48.1,52.51,,,,,,,,,,,,,9.38,7.48,11.3,,,,,,,,,,,,,,,,,,,7.05,5.14,8.71,,,,,,,1.97,0.32,3.49,,,,,,,,,
2021-02-15,,,,,,,,,,28.75,26.61,30.62,,,,,,,,,,,,,50.46,48.01,52.44,,,,,,,,,,,,,9.41,7.49,11.32,,,,,,,,,,,,,,,,,,,7.04,5.13,8.71,,,,,,,1.97,0.33,3.48,,,,,,,,,
2021-02-16,,,,,,,,,,28.81,26.67,30.67,,,,,,,,,,,,,50.4,47.91,52.36,,,,,,,,,,,,,9.43,7.52,11.34,,,,,,,,,,,,,,,,,,,7.02,5.12,8.71,,,,,,,1.97,0.34,3.48,,,,,,,,,
2021-02-17,,,,,,,,,,28.87,26.74,30.72,,,,,,,,,,,,,50.34,47.88,52.28,,,,,,,,,,,,,9.46,7.57,11.36,,,,,,,,,,,,,,,,,,,7.01,5.11,8.71,,,,,,,1.97,0.36,3.47,,,,,,,,,
2021-02-18,,,,,,,,,,28.93,26.81,30.77,,,,,,,,,,,,,50.28,47.84,52.21,,,,,,,,,,,,,9.48,7.61,11.39,,,,,,,,,,,,,,,,,,,7.0,5.09,8.71,,,,,,,1.97,0.4,3.47,,,,27.0,54.0,7.0,,11.0,1.0
2021-02-19,,,,,,,,,,28.99,26.89,30.82,,,,,,,,,,,,,50.22,47.8,52.18,,,,,,,,,,,,,9.51,7.65,11.42,,,,,,,,,,,,,,,,,,,6.98,5.09,8.68,,,,,,,1.97,0.43,3.47,,,,,,,,,
2021-02-20,,,,,,,,,,29.05,26.95,30.87,,,,,,,,,,,,,50.16,47.77,52.14,,,,,,,,,,,,,9.53,7.7,11.47,,,,,,,,,,,,,,,,,,,6.97,5.1,8.65,,,,,,,1.97,0.41,3.46,,,,,,,,,
2021-02-21,,,,,,,,,,29.11,27.03,30.92,,,,,,,,,,,,,50.1,47.72,52.1,,,,,,,,,,,,,9.55,7.74,11.51,,,,,,,,,,,,,,,,,,,6.96,5.1,8.67,,,,,,,1.98,0.41,3.46,,,,,,,,,
2021-02-22,,,,,,,,,,29.17,27.11,30.97,,,,,,,,,,,,,50.03,47.69,52.07,,,,,,,,,,,,,9.57,7.75,11.54,,,,,,,,,,,,,,,,,,,6.94,5.08,8.69,,,,,,,1.98,0.43,3.46,,,,,,,,,
2021-02-23,,,,,,,,,,29.24,27.18,31.03,,,,,,,,,,,,,49.97,47.65,52.0,,,,,,,,,,,,,9.59,7.76,11.57,,,,,,,,,,,,,,,,,,,6.93,5.04,8.69,,,,,,,1.99,0.44,3.47,,,,,,,,,
2021-02-24,,,,,,,,,,29.3,27.25,31.06,,,,,,,,,,,,,49.91,47.62,51.9,,,,,,,,,,,,,9.61,7.78,11.59,,,,,,,,,,,,,,,,,,,6.92,5.01,8.65,,,,,,,1.99,0.45,3.46,,,,,,,,,
2021-02-25,,,,,,,,,,29.36,27.31,31.14,,,,,,,,,,,,,49.85,47.56,51.81,,,,,,,,,,,,,9.63,7.79,11.58,,,,,,,,,,,,,,,,,,,6.91,4.99,8.61,,,,,,,2.0,0.46,3.47,,,,,,,,,
2021-02-26,,,,,,,,,,29.43,27.36,31.19,,,,,,,,,,,,,49.79,47.49,51.79,,,,,,,,,,,,,9.65,7.8,11.57,,,,,,,,,,,,,,,,,,,6.89,4.97,8.61,,,,,,,2.01,0.46,3.49,,,,29.0,52.0,4.0,,11.0,2.0
2021-02-27,,,,,,,,,,29.49,27.44,31.25,,,,,,,,,,,,,49.73,47.42,51.77,,,,,,,,,,,,,9.67,7.81,11.59,,,,,,,,,,,,,,,,,,,6.88,4.96,8.62,,,,,,,2.01,0.46,3.49,,,,,,,,,
2021-02-28,,,,,,,,,,29.56,27.56,31.3,,,,,,,,,,,,,49.67,47.34,51.69,,,,,,,,,,,,,9.68,7.82,11.61,,,,,,,,,,,,,,,,,,,6.87,4.94,8.62,,,,,,,2.02,0.46,3.53,,,,,,,,,
2021-03-01,,,,,,,,,,29.62,27.67,31.36,,,,,,,,,,,,,49.61,47.27,51.66,,,,,,,,,,,,,9.69,7.84,11.61,,,,,,,,,,,,,,,,,,,6.86,4.92,8.61,,,,,,,2.03,0.45,3.51,,,,,,,,,
2021-03-02,,,,,,,,,,29.69,27.77,31.42,,,,,,,,,,,,,49.55,47.2,51.59,,,,,,,,,,,,,9.71,7.85,11.64,,,,,,,,,,,,,,,,,,,6.84,4.91,8.59,,,,,,,2.04,0.45,3.5,,,,,,,,,
2021-03-03,,,,,,,,,,29.75,27.86,31.48,,,,,,,,,,,,,49.5,47.13,51.51,,,,,,,,,,,,,9.72,7.87,11.66,,,,,,,,,,,,,,,,,,,6.83,4.89,8.58,,,,,,,2.05,0.46,3.5,,,,,,,,,
2021-03-04,,,,,,,,,,29.82,27.95,31.56,,,,,,,,,,,,,49.44,47.08,51.46,,,,,,,,,,,,,9.73,7.88,11.71,,,,,,,,,,,,,,,,,,,6.82,4.88,8.58,,,,,,,2.06,0.46,3.51,,,,34.0,44.0,12.0,,8.0,2.0
2021-03-05,,,,,,,,,,29.88,28.04,31.59,,,,,,,,,,,,,49.39,47.01,51.39,,,,,,,,,,,,,9.74,7.89,11.74,,,,,,,,,,,,,,,,,,,6.81,4.86,8.59,,,,,,,2.07,0.45,3.53,,,,,,,,,
2021-03-06,,,,,,,,,,29.95,28.13,31.64,,,,,,,,,,,,,49.34,46.95,51.32,,,,,,,,,,,,,9.75,7.9,11.77,,,,,,,,,,,,,,,,,,,6.8,4.85,8.61,,,,,,,2.08,0.45,3.56,,,,,,,,,
2021-03-07,,,,,,,,,,30.01,28.22,31.72,,,,,,,,,,,,,49.28,46.89,51.25,,,,,,,,,,,,,9.76,7.92,11.79,,,,,,,,,,,,,,,,,,,6.78,4.83,8.63,,,,,,,2.09,0.49,3.58,,,,,,,,,
2021-03-08,,,,,,,,,,30.07,28.27,31.82,,,,,,,,,,,,,49.23,46.85,51.18,,,,,,,,,,,,,9.77,7.92,11.8,,,,,,,,,,,,,,,,,,,6.77,4.77,8.61,,,,,,,2.09,0.52,3.53,,,,,,,,,
2021-03-09,,,,,,,,,,30.14,28.35,31.89,,,,,,,,,,,,,49.18,46.79,51.12,,,,,,,,,,,,,9.78,7.94,11.83,,,,,,,,,,,,,,,,,,,6.76,4.78,8.57,,,,,,,2.1,0.52,3.54,,,,,,,,,
2021-03-10,,,,,,,,,,30.2,28.44,31.95,,,,,,,,,,,,,49.13,46.71,51.05,,,,,,,,,,,,,9.78,7.97,11.82,,,,,,,,,,,,,,,,,,,6.75,4.78,8.54,,,,,,,2.11,0.52,3.55,,,,32.0,48.0,9.0,,6.0,1.0
2021-03-11,,,,,,,,,,30.26,28.54,32.01,,,,,,,,,,,,,49.08,46.65,50.98,,,,,,,,,,,,,9.79,8.0,11.81,,,,,,,,,,,,,,,,,,,6.74,4.78,8.5,,,,,,,2.12,0.52,3.55,,,,,,,,,
2021-03-12,,,,,,,,,,30.32,28.63,32.07,,,,,,,,,,,,,49.03,46.59,50.92,,,,,,,,,,,,,9.8,8.03,11.8,,,,,,,,,,,,,,,,,,,6.74,4.77,8.46,,,,,,,2.13,0.53,3.55,,,,,,,,,
2021-03-13,,,,,,,,,,30.38,28.72,32.13,,,,,,,,,,,,,48.99,46.59,50.85,,,,,,,,,,,,,9.8,8.06,11.79,,,,,,,,,,,,,,,,,,,6.73,4.76,8.44,,,,,,,2.13,0.59,3.58,,,,,,,,,
2021-03-14,,,,,,,,,,30.44,28.77,32.18,,,,,,,,,,,,,48.94,46.54,50.8,,,,,,,,,,,,,9.81,8.07,11.78,,,,,,,,,,,,,,,,,,,6.72,4.76,8.43,,,,,,,2.14,0.61,3.57,,,,,,,,,
2021-03-15,,,,,,,,,,30.51,28.78,32.22,,,,,,,,,,,,,48.89,46.49,50.76,,,,,,,,,,,,,9.82,8.03,11.77,,,,,,,,,,,,,,,,,,,6.72,4.77,8.42,,,,,,,2.15,0.59,3.56,,,,,,,,,
2021-03-16,,,,,,,,,,30.57,28.8,32.27,,,,,,,,,,,,,48.84,46.45,50.73,,,,,,,,,,,,,9.82,8.0,11.76,,,,,,,,,,,,,,,,,,,6.71,4.78,8.41,,,,,,,2.16,0.57,3.57,,,,,,,,,
2021-03-17,,,,,,,,,,30.62,28.87,32.32,,,,,,,,,,,,,48.79,46.42,50.69,,,,,,,,,,,,,9.83,8.0,11.73,,,,,,,,,,,,,,,,,,,6.71,4.79,8.4,,,,,,,2.16,0.54,3.57,,,,,,,,,
2021-03-18,,,,,,,,,,30.68,28.94,32.35,,,,,,,,,,,,,48.74,46.36,50.66,,,,,,,,,,,,,9.83,8.01,11.72,,,,,,,,,,,,,,,,,,,6.7,4.79,8.43,,,,,,,2.17,0.52,3.57,,,,,,,,,
2021-03-19,,,,,,,,,,30.74,29.03,32.37,,,,,,,,,,,,,48.68,46.32,50.62,,,,,,,,,,,,,9.84,8.01,11.7,,,,,,,,,,,,,,,,,,,6.7,4.8,8.44,,,,,,,2.18,0.5,3.58,,,,32.0,52.0,6.0,,8.0,1.0
2021-03-20,,,,,,,,,,30.8,29.12,32.46,,,,,,,,,,,,,48.63,46.28,50.58,,,,,,,,,,,,,9.84,7.98,11.68,,,,,,,,,,,,,,,,,,,6.7,4.81,8.47,,,,,,,2.18,0.48,3.61,,,,,,,,,
2021-03-21,,,,,,,,,,30.86,29.16,32.51,,,,,,,,,,,,,48.58,46.26,50.47,,,,,,,,,,,,,9.85,8.0,11.67,,,,,,,,,,,,,,,,,,,6.7,4.82,8.49,,,,,,,2.19,0.45,3.64,,,,,,,,,
2021-03-22,,,,,,,,,,30.91,29.2,32.58,,,,,,,,,,,,,48.53,46.2,50.43,,,,,,,,,,,,,9.85,8.0,11.69,,,,,,,,,,,,,,,,,,,6.7,4.84,8.49,,,,,,,2.2,0.43,3.64,,,,,,,,,
2021-03-23,,,,,,,,,,30.97,29.24,32.66,,,,,,,,,,,,,48.47,46.16,50.41,,,,,,,,,,,,,9.86,8.0,11.67,,,,,,,,,,,,,,,,,,,6.71,4.85,8.48,,,,,,,2.21,0.41,3.62,,,,,,,,,
2021-03-24,,,,,,,,,,31.02,29.29,32.71,,,,,,,,,,,,,48.42,46.11,50.39,,,,,,,,,,,,,9.86,7.99,11.68,,,,,,,,,,,,,,,,,,,6.71,4.87,8.47,,,,,,,2.21,0.42,3.63,,,,,,,,,
2021-03-25,,,,,,,,,,31.07,29.35,32.73,,,,,,,,,,,,,48.36,46.07,50.34,,,,,,,,,,,,,9.87,8.01,11.68,,,,,,,,,,,,,,,,,,,6.72,4.89,8.47,,,,,,,2.22,0.44,3.66,,,,,,,,,
2021-03-26,,,,,,,,,,31.13,29.4,32.8,,,,,,,,,,,,,48.31,46.03,50.31,,,,,,,,,,,,,9.87,7.99,11.68,,,,,,,,,,,,,,,,,,,6.72,4.91,8.46,,,,,,,2.23,0.42,3.69,,,,28.0,48.0,14.0,,5.0,4.0
2021-03-27,,,,,,,,,,31.18,29.48,32.87,,,,,,,,,,,,,48.25,46.0,50.28,,,,,,,,,,,,,9.88,7.99,11.67,,,,,,,,,,,,,,,,,,,6.73,4.93,8.45,,,,,,,2.24,0.4,3.73,,,,,,,,,
2021-03-28,,,,,,,,,,31.23,29.55,32.94,,,,,,,,,,,,,48.19,45.93,50.27,,,,,,,,,,,,,9.88,7.99,11.67,,,,,,,,,,,,,,,,,,,6.74,4.96,8.44,,,,,,,2.25,0.39,3.76,,,,,,,,,
2021-03-29,,,,,,,,,,31.27,29.58,33.0,,,,,,,,,,,,,48.13,45.84,50.26,,,,,,,,,,,,,9.89,8.0,11.66,,,,,,,,,,,,,,,,,,,6.75,4.99,8.43,,,,,,,2.26,0.43,3.76,,,,,,,,,
2021-03-30,,,,,,,,,,31.32,29.6,33.0,,,,,,,,,,,,,48.07,45.8,50.2,,,,,,,,,,,,,9.89,8.02,11.66,,,,,,,,,,,,,,,,,,,6.76,5.02,8.43,,,,,,,2.27,0.47,3.76,,,,,,,,,
2021-03-31,,,,,,,,,,31.37,29.65,33.0,,,,,,,,,,,,,48.01,45.76,50.17,,,,,,,,,,,,,9.89,8.02,11.67,,,,,,,,,,,,,,,,,,,6.77,5.05,8.42,,,,,,,2.28,0.54,3.77,,,,,,,,,
2021-04-01,,,,,,,,,,31.41,29.67,33.01,,,,,,,,,,,,,47.95,45.7,50.14,,,,,,,,,,,,,9.9,8.03,11.69,,,,,,,,,,,,,,,,,,,6.78,5.08,8.42,,,,,,,2.29,0.57,3.77,,,,31.0,47.0,13.0,,5.0,3.0
2021-04-02,,,,,,,,,,31.45,29.72,33.01,,,,,,,,,,,,,47.89,45.62,50.1,,,,,,,,,,,,,9.9,8.05,11.72,,,,,,,,,,,,,,,,,,,6.8,5.11,8.41,,,,,,,2.3,0.56,3.77,,,,,,,,,
2021-04-03,,,,,,,,,,31.49,29.74,33.03,,,,,,,,,,,,,47.83,45.54,50.04,,,,,,,,,,,,,9.91,8.05,11.74,,,,,,,,,,,,,,,,,,,6.82,5.13,8.41,,,,,,,2.31,0.56,3.77,,,,,,,,,
2021-04-04,,,,,,,,,,31.53,29.79,33.07,,,,,,,,,,,,,47.76,45.52,49.95,,,,,,,,,,,,,9.91,8.05,11.77,,,,,,,,,,,,,,,,,,,6.83,5.16,8.4,,,,,,,2.32,0.57,3.76,,,,,,,,,
2021-04-05,,,,,,,,,,31.57,29.83,33.14,,,,,,,,,,,,,47.7,45.5,49.83,,,,,,,,,,,,,9.92,8.05,11.79,,,,,,,,,,,,,,,,,,,6.85,5.2,8.4,,,,,,,2.33,0.58,3.78,,,,,,,,,
2021-04-06,,,,,,,,,,31.61,29.83,33.23,,,,,,,,,,,,,47.63,45.46,49.71,,,,,,,,,,,,,9.92,8.07,11.82,,,,,,,,,,,,,,,,,,,6.87,5.23,8.4,,,,,,,2.34,0.61,3.81,,,,,,,,,
2021-04-07,,,,,,,,,,31.65,29.83,33.28,,,,,,,,,,,,,47.57,45.4,49.58,,,,,,,,,,,,,9.92,8.1,11.81,,,,,,,,,,,,,,,,,,,6.89,5.26,8.41,,,,,,,2.35,0.66,3.84,,,,,,,,,
2021-04-08,,,,,,,,,,31.69,29.86,33.31,,,,,,,,,,,,,47.5,45.34,49.5,,,,,,,,,,,,,9.93,8.1,11.84,,,,,,,,,,,,,,,,,,,6.91,5.29,8.43,,,,,,,2.37,0.7,3.85,,,,31.0,53.0,9.0,,4.0,1.0
2021-04-09,,,,,,,,,,31.72,29.88,33.33,,,,,,,,,,,,,47.43,45.34,49.43,,,,,,,,,,,,,9.93,8.1,11.87,,,,,,,,,,,,,,,,,,,6.93,5.33,8.46,,,,,,,2.38,0.75,3.84,,,,,,,,,
2021-04-10,,,,,,,,,,31.75,29.89,33.35,,,,,,,,,,,,,47.36,45.33,49.35,,,,,,,,,,,,,9.94,8.08,11.84,,,,,,,,,,,,,,,,,,,6.96,5.35,8.48,,,,,,,2.39,0.79,3.83,,,,,,,,,
2021-04-11,,,,,,,,,,31.79,29.91,33.36,,,,,,,,,,,,,47.28,45.31,49.23,,,,,,,,,,,,,9.95,8.06,11.82,,,,,,,,,,,,,,,,,,,6.98,5.35,8.51,,,,,,,2.4,0.82,3.85,,,,,,,,,
2021-04-12,,,,,,,,,,31.82,29.93,33.39,,,,,,,,,,,,,47.21,45.2,49.08,,,,,,,,,,,,,9.95,8.04,11.8,,,,,,,,,,,,,,,,,,,7.01,5.38,8.55,,,,,,,2.41,0.8,3.87,,,,,,,,,
2021-04-13,,,,,,,,,,31.85,29.95,33.43,,,,,,,,,,,,,47.14,45.09,49.05,,,,,,,,,,,,,9.96,8.04,11.82,,,,,,,,,,,,,,,,,,,7.03,5.41,8.59,,,,,,,2.42,0.78,3.89,,,,,,,,,
2021-04-14,,,,,,,,,,31.88,30.01,33.46,,,,,,,,,,,,,47.06,44.97,49.02,,,,,,,,,,,,,9.97,8.05,11.83,,,,,,,,,,,,,,,,,,,7.06,5.42,8.64,,,,,,,2.43,0.77,3.91,,,,36.0,34.0,20.0,,7.0,2.0
2021-04-15,,,,,,,,,,31.91,30.09,33.53,,,,,,,,,,,,,46.99,44.92,48.98,,,,,,,,,,,,,9.98,8.06,11.82,,,,,,,,,,,,,,,,,,,7.08,5.42,8.68,,,,,,,2.44,0.75,3.94,,,,,,,,,
2021-04-16,,,,,,,,,,31.94,30.18,33.54,,,,,,,,,,,,,46.91,44.8,48.95,,,,,,,,,,,,,9.99,8.07,11.83,,,,,,,,,,,,,,,,,,,7.11,5.41,8.75,,,,,,,2.45,0.74,3.96,,,,,,,,,
2021-04-17,,,,,,,,,,31.96,30.27,33.54,,,,,,,,,,,,,46.84,44.69,48.92,,,,,,,,,,,,,10.0,8.1,11.87,,,,,,,,,,,,,,,,,,,7.14,5.44,8.76,,,,,,,2.46,0.72,3.98,,,,,,,,,
2021-04-18,,,,,,,,,,31.99,30.34,33.56,,,,,,,,,,,,,46.76,44.66,48.84,,,,,,,,,,,,,10.01,8.11,11.91,,,,,,,,,,,,,,,,,,,7.17,5.49,8.8,,,,,,,2.47,0.75,4.0,,,,,,,,,
2021-04-19,,,,,,,,,,32.01,30.41,33.58,,,,,,,,,,,,,46.68,44.56,48.74,,,,,,,,,,,,,10.02,8.13,11.95,,,,,,,,,,,,,,,,,,,7.19,5.54,8.83,,,,,,,2.48,0.77,4.02,,,,,,,,,
2021-04-20,,,,,,,,,,32.04,30.44,33.59,,,,,,,,,,,,,46.61,44.47,48.64,,,,,,,,,,,,,10.03,8.14,11.98,,,,,,,,,,,,,,,,,,,7.22,5.58,8.84,,,,,,,2.49,0.76,4.04,,,,,,,,,
2021-04-21,,,,,,,,,,32.06,30.45,33.61,,,,,,,,,,,,,46.53,44.38,48.55,,,,,,,,,,,,,10.04,8.16,11.95,,,,,,,,,,,,,,,,,,,7.25,5.61,8.84,,,,,,,2.5,0.78,4.05,,,,,,,,,
2021-04-22,,,,,,,,,,32.07,30.43,33.63,,,,,,,,,,,,,46.46,44.3,48.46,,,,,,,,,,,,,10.05,8.17,11.93,,,,,,,,,,,,,,,,,,,7.28,5.62,8.89,,,,,,,2.51,0.8,4.05,,,,30.0,49.0,9.0,,6.0,5.0
2021-04-23,,,,,,,,,,32.09,30.41,33.64,,,,,,,,,,,,,46.39,44.21,48.44,,,,,,,,,,,,,10.06,8.18,11.92,,,,,,,,,,,,,,,,,,,7.31,5.62,8.91,,,,,,,2.52,0.8,4.04,,,,,,,,,
2021-04-24,,,,,,,,,,32.11,30.39,33.65,,,,,,,,,,,,,46.32,44.14,48.42,,,,,,,,,,,,,10.07,8.2,11.93,,,,,,,,,,,,,,,,,,,7.33,5.66,8.96,,,,,,,2.53,0.76,4.05,,,,,,,,,
2021-04-25,,,,,,,,,,32.12,30.37,33.67,,,,,,,,,,,,,46.25,44.12,48.35,,,,,,,,,,,,,10.08,8.21,11.95,,,,,,,,,,,,,,,,,,,7.36,5.71,9.02,,,,,,,2.54,0.76,4.07,,,,,,,,,
2021-04-26,,,,,,,,,,32.13,30.34,33.66,,,,,,,,,,,,,46.18,44.06,48.28,,,,,,,,,,,,,10.09,8.2,11.96,,,,,,,,,,,,,,,,,,,7.39,5.71,9.05,,,,,,,2.55,0.78,4.09,,,,,,,,,
2021-04-27,,,,,,,,,,32.14,30.3,33.69,,,,,,,,,,,,,46.12,44.0,48.21,,,,,,,,,,,,,10.11,8.16,11.98,,,,,,,,,,,,,,,,,,,7.42,5.72,9.08,,,,,,,2.56,0.79,4.1,,,,,,,,,
2021-04-28,,,,,,,,,,32.15,30.28,33.7,,,,,,,,,,,,,46.05,43.94,48.13,,,,,,,,,,,,,10.12,8.17,11.99,,,,,,,,,,,,,,,,,,,7.45,5.72,9.13,,,,,,,2.56,0.81,4.11,,,,34.0,50.0,5.0,,5.0,5.0
2021-04-29,,,,,,,,,,32.15,30.24,33.73,,,,,,,,,,,,,45.99,43.88,48.05,,,,,,,,,,,,,10.13,8.18,12.01,,,,,,,,,,,,,,,,,,,7.47,5.73,9.14,,,,,,,2.57,0.82,4.12,,,,,,,,,
2021-04-30,,,,,,,,,,32.16,30.22,33.74,,,,,,,,,,,,,45.93,43.84,48.01,,,,,,,,,,,,,10.14,8.18,12.01,,,,,,,,,,,,,,,,,,,7.5,5.73,9.16,,,,,,,2.58,0.84,4.13,,,,,,,,,
2021-05-01,,,,,,,,,,32.16,30.24,33.74,,,,,,,,,,,,,45.87,43.78,47.97,,,,,,,,,,,,,10.15,8.2,12.02,,,,,,,,,,,,,,,,,,,7.53,5.74,9.17,,,,,,,2.59,0.86,4.14,,,,,,,,,
2021-05-02,,,,,,,,,,32.16,30.26,33.74,,,,,,,,,,,,,45.81,43.74,47.93,,,,,,,,,,,,,10.16,8.21,12.03,,,,,,,,,,,,,,,,,,,7.56,5.8,9.19,,,,,,,2.6,0.88,4.14,,,,,,,,,
2021-05-03,,,,,,,,,,32.16,30.27,33.73,,,,,,,,,,,,,45.76,43.68,47.9,,,,,,,,,,,,,10.17,8.23,12.04,,,,,,,,,,,,,,,,,,,7.59,5.86,9.22,,,,,,,2.61,0.88,4.15,,,,,,,,,
2021-05-04,,,,,,,,,,32.15,30.29,33.72,,,,,,,,,,,,,45.71,43.61,47.84,,,,,,,,,,,,,10.18,8.24,12.02,,,,,,,,,,,,,,,,,,,7.62,5.82,9.29,,,,,,,2.61,0.9,4.16,,,,,,,,,
2021-05-05,,,,,,,,,,32.15,30.31,33.71,,,,,,,,,,,,,45.65,43.55,47.78,,,,,,,,,,,,,10.19,8.25,12.0,,,,,,,,,,,,,,,,,,,7.65,5.84,9.32,,,,,,,2.62,0.9,4.16,,,,32.0,52.0,7.0,,5.0,2.0
2021-05-06,,,,,,,,,,32.14,30.32,33.69,,,,,,,,,,,,,45.6,43.52,47.72,,,,,,,,,,,,,10.21,8.23,11.97,,,,,,,,,,,,,,,,,,,7.67,5.87,9.35,,,,,,,2.63,0.94,4.17,,,,,,,,,
2021-05-07,,,,,,,,,,32.14,30.3,33.67,,,,,,,,,,,,,45.56,43.51,47.66,,,,,,,,,,,,,10.22,8.22,11.95,,,,,,,,,,,,,,,,,,,7.7,5.9,9.36,,,,,,,2.63,0.97,4.17,,,,,,,,,
2021-05-08,,,,,,,,,,32.13,30.27,33.66,,,,,,,,,,,,,45.51,43.5,47.66,,,,,,,,,,,,,10.23,8.22,11.92,,,,,,,,,,,,,,,,,,,7.74,5.91,9.41,,,,,,,2.64,0.98,4.17,,,,,,,,,
2021-05-09,,,,,,,,,,32.12,30.23,33.69,,,,,,,,,,,,,45.46,43.44,47.65,,,,,,,,,,,,,10.24,8.21,11.89,,,,,,,,,,,,,,,,,,,7.77,5.91,9.41,,,,,,,2.64,1.0,4.17,,,,,,,,,
2021-05-10,,,,,,,,,,32.11,30.2,33.69,,,,,,,,,,,,,45.42,43.41,47.65,,,,,,,,,,,,,10.25,8.21,11.86,,,,,,,,,,,,,,,,,,,7.8,5.91,9.41,,,,,,,2.65,1.02,4.2,,,,,,,,,
2021-05-11,,,,,,,,,,32.09,30.18,33.67,,,,,,,,,,,,,45.38,43.38,47.65,,,,,,,,,,,,,10.26,8.21,11.85,,,,,,,,,,,,,,,,,,,7.83,5.92,9.43,,,,,,,2.65,1.04,4.19,,,,,,,,,
2021-05-12,,,,,,,,,,32.08,30.16,33.66,,,,,,,,,,,,,45.33,43.35,47.62,,,,,,,,,,,,,10.27,8.21,11.87,,,,,,,,,,,,,,,,,,,7.86,5.96,9.46,,,,,,,2.66,1.06,4.19,,,,29.0,48.0,12.0,,8.0,1.0
2021-05-13,,,,,,,,,,32.07,30.14,33.64,,,,,,,,,,,,,45.29,43.33,47.56,,,,,,,,,,,,,10.29,8.21,11.89,,,,,,,,,,,,,,,,,,,7.89,5.97,9.53,,,,,,,2.66,1.08,4.16,,,,,,,,,
2021-05-14,,,,,,,,,,32.05,30.1,33.62,,,,,,,,,,,,,45.26,43.31,47.56,,,,,,,,,,,,,10.3,8.22,11.91,,,,,,,,,,,,,,,,,,,7.93,5.98,9.59,,,,,,,2.66,1.09,4.18,,,,,,,,,
2021-05-15,,,,,,,,,,32.04,30.08,33.62,,,,,,,,,,,,,45.22,43.28,47.56,,,,,,,,,,,,,10.31,8.23,11.92,,,,,,,,,,,,,,,,,,,7.96,6.01,9.65,,,,,,,2.66,1.08,4.21,,,,,,,,,
2021-05-16,,,,,,,,,,32.02,30.06,33.62,,,,,,,,,,,,,45.18,43.26,47.53,,,,,,,,,,,,,10.32,8.29,11.94,,,,,,,,,,,,,,,,,,,7.99,6.05,9.69,,,,,,,2.67,1.06,4.24,,,,,,,,,
2021-05-17,,,,,,,,,,32.01,30.06,33.59,,,,,,,,,,,,,45.15,43.24,47.48,,,,,,,,,,,,,10.33,8.35,11.95,,,,,,,,,,,,,,,,,,,8.03,6.08,9.72,,,,,,,2.67,1.04,4.27,,,,,,,,,
2021-05-18,,,,,,,,,,31.99,30.07,33.52,,,,,,,,,,,,,45.12,43.22,47.43,,,,,,,,,,,,,10.34,8.41,11.96,,,,,,,,,,,,,,,,,,,8.06,6.12,9.76,,,,,,,2.67,1.03,4.3,,,,,,,,,
2021-05-19,,,,,,,,,,31.97,30.08,33.54,,,,,,,,,,,,,45.09,43.18,47.38,,,,,,,,,,,,,10.35,8.46,11.97,,,,,,,,,,,,,,,,,,,8.1,6.15,9.76,,,,,,,2.66,1.01,4.32,,,,,,,,,
2021-05-20,,,,,,,,,,31.96,30.09,33.54,,,,,,,,,,,,,45.06,43.14,47.33,,,,,,,,,,,,,10.36,8.47,11.97,,,,,,,,,,,,,,,,,,,8.13,6.19,9.74,,,,,,,2.66,0.99,4.33,,,,36.0,40.0,11.0,,11.0,1.0
2021-05-21,,,,,,,,,,31.94,30.11,33.55,,,,,,,,,,,,,45.03,43.1,47.31,,,,,,,,,,,,,10.37,8.48,11.98,,,,,,,,,,,,,,,,,,,8.16,6.23,9.71,,,,,,,2.66,0.97,4.35,,,,,,,,,
2021-05-22,,,,,,,,,,31.92,30.11,33.55,,,,,,,,,,,,,45.0,43.08,47.29,,,,,,,,,,,,,10.38,8.5,11.99,,,,,,,,,,,,,,,,,,,8.2,6.27,9.68,,,,,,,2.66,0.91,4.33,,,,,,,,,
2021-05-23,,,,,,,,,,31.9,30.09,33.51,,,,,,,,,,,,,44.97,43.11,47.26,,,,,,,,,,,,,10.39,8.51,11.98,,,,,,,,,,,,,,,,,,,8.23,6.31,9.7,,,,,,,2.65,0.87,4.32,,,,,,,,,
2021-05-24,,,,,,,,,,31.89,30.06,33.46,,,,,,,,,,,,,44.95,43.13,47.2,,,,,,,,,,,,,10.4,8.51,11.95,,,,,,,,,,,,,,,,,,,8.27,6.35,9.77,,,,,,,2.65,0.88,4.28,,,,,,,,,
2021-05-25,,,,,,,,,,31.87,30.03,33.41,,,,,,,,,,,,,44.93,43.06,47.14,,,,,,,,,,,,,10.4,8.56,11.94,,,,,,,,,,,,,,,,,,,8.3,6.4,9.83,,,,,,,2.64,0.88,4.24,,,,,,,,,
2021-05-26,,,,,,,,,,31.85,30.0,33.38,,,,,,,,,,,,,44.91,43.01,47.09,,,,,,,,,,,,,10.41,8.59,11.97,,,,,,,,,,,,,,,,,,,8.34,6.44,9.9,,,,,,,2.64,0.88,4.24,,,,,,,,,
2021-05-27,,,,,,,,,,31.83,29.98,33.39,,,,,,,,,,,,,44.89,42.96,47.04,,,,,,,,,,,,,10.42,8.63,12.0,,,,,,,,,,,,,,,,,,,8.37,6.49,9.96,,,,,,,2.63,0.89,4.25,,,,,,,,,
2021-05-28,,,,,,,,,,31.81,29.96,33.39,,,,,,,,,,,,,44.87,42.93,46.99,,,,,,,,,,,,,10.43,8.65,11.99,,,,,,,,,,,,,,,,,,,8.41,6.53,10.02,,,,,,,2.63,0.89,4.24,,,,35.0,40.0,9.0,,9.0,3.0
2021-05-29,,,,,,,,,,31.79,29.94,33.39,,,,,,,,,,,,,44.86,42.92,46.94,,,,,,,,,,,,,10.43,8.66,12.0,,,,,,,,,,,,,,,,,,,8.44,6.57,10.06,,,,,,,2.62,0.9,4.26,,,,,,,,,
2021-05-30,,,,,,,,,,31.77,29.93,33.39,,,,,,,,,,,,,44.84,42.95,46.89,,,,,,,,,,,,,10.44,8.62,11.99,,,,,,,,,,,,,,,,,,,8.47,6.63,10.06,,,,,,,2.61,0.91,4.28,,,,,,,,,
2021-05-31,,,,,,,,,,31.75,29.93,33.38,,,,,,,,,,,,,44.83,42.98,46.86,,,,,,,,,,,,,10.45,8.65,12.0,,,,,,,,,,,,,,,,,,,8.51,6.69,10.08,,,,,,,2.61,0.92,4.28,,,,,,,,,
2021-06-01,,,,,,,,,,31.73,29.92,33.38,,,,,,,,,,,,,44.82,42.99,46.9,,,,,,,,,,,,,10.45,8.63,12.0,,,,,,,,,,,,,,,,,,,8.54,6.75,10.08,,,,,,,2.6,0.92,4.28,,,,,,,,,
2021-06-02,,,,,,,,,,31.7,29.91,33.37,,,,,,,,,,,,,44.81,42.97,46.89,,,,,,,,,,,,,10.46,8.58,12.0,,,,,,,,,,,,,,,,,,,8.58,6.77,10.09,,,,,,,2.59,0.9,4.27,,,,,,,,,
2021-06-03,,,,,,,,,,31.68,29.9,33.33,,,,,,,,,,,,,44.81,42.93,46.89,,,,,,,,,,,,,10.47,8.6,12.02,,,,,,,,,,,,,,,,,,,8.61,6.8,10.1,,,,,,,2.58,0.89,4.28,,,,34.0,42.0,7.0,,12.0,4.0
2021-06-04,,,,,,,,,,31.66,29.89,33.33,,,,,,,,,,,,,44.8,42.9,46.85,,,,,,,,,,,,,10.47,8.61,12.03,,,,,,,,,,,,,,,,,,,8.64,6.8,10.17,,,,,,,2.57,0.87,4.27,,,,,,,,,
2021-06-05,,,,,,,,,,31.64,29.85,33.34,,,,,,,,,,,,,44.8,42.9,46.81,,,,,,,,,,,,,10.48,8.6,12.0,,,,,,,,,,,,,,,,,,,8.67,6.83,10.24,,,,,,,2.57,0.88,4.27,,,,,,,,,
2021-06-06,,,,,,,,,,31.61,29.8,33.34,,,,,,,,,,,,,44.79,42.9,46.79,,,,,,,,,,,,,10.49,8.65,11.98,,,,,,,,,,,,,,,,,,,8.7,6.87,10.29,,,,,,,2.56,0.86,4.27,,,,,,,,,
2021-06-07,,,,,,,,,,31.59,29.75,33.29,,,,,,,,,,,,,44.79,42.99,46.8,,,,,,,,,,,,,10.5,8.68,11.98,,,,,,,,,,,,,,,,,,,8.73,6.92,10.36,,,,,,,2.55,0.85,4.27,,,,,,,,,
2021-06-08,,,,,,,,,,31.56,29.7,33.24,,,,,,,,,,,,,44.79,43.02,46.8,,,,,,,,,,,,,10.5,8.7,11.98,,,,,,,,,,,,,,,,,,,8.76,6.95,10.41,,,,,,,2.54,0.86,4.25,,,,,,,,,
2021-06-09,,,,,,,,,,31.54,29.65,33.2,,,,,,,,,,,,,44.79,43.02,46.82,,,,,,,,,,,,,10.51,8.69,12.02,,,,,,,,,,,,,,,,,,,8.79,6.96,10.44,,,,,,,2.53,0.87,4.23,,,,,,,,,
2021-06-10,,,,,,,,,,31.51,29.63,33.17,,,,,,,,,,,,,44.79,43.02,46.84,,,,,,,,,,,,,10.52,8.68,12.05,,,,,,,,,,,,,,,,,,,8.82,6.99,10.46,,,,,,,2.53,0.86,4.17,,,,30.0,46.0,7.0,,10.0,3.0
2021-06-11,,,,,,,,,,31.48,29.55,33.15,,,,,,,,,,,,,44.79,43.03,46.85,,,,,,,,,,,,,10.53,8.69,12.09,,,,,,,,,,,,,,,,,,,8.85,7.03,10.47,,,,,,,2.52,0.84,4.15,,,,,,,,,
2021-06-12,,,,,,,,,,31.46,29.52,33.12,,,,,,,,,,,,,44.8,43.04,46.86,,,,,,,,,,,,,10.54,8.68,12.12,,,,,,,,,,,,,,,,,,,8.87,7.07,10.48,,,,,,,2.51,0.81,4.15,,,,,,,,,
2021-06-13,,,,,,,,,,31.43,29.51,33.07,,,,,,,,,,,,,44.8,43.04,46.87,,,,,,,,,,,,,10.55,8.68,12.16,,,,,,,,,,,,,,,,,,,8.9,7.1,10.5,,,,,,,2.51,0.81,4.13,,,,,,,,,
2021-06-14,,,,,,,,,,31.4,29.5,33.02,,,,,,,,,,,,,44.8,43.05,46.88,,,,,,,,,,,,,10.56,8.72,12.19,,,,,,,,,,,,,,,,,,,8.93,7.12,10.53,,,,,,,2.5,0.79,4.1,,,,,,,,,
2021-06-15,,,,,,,,,,31.37,29.48,32.97,,,,,,,,,,,,,44.8,43.05,46.88,,,,,,,,,,,,,10.57,8.73,12.19,,,,,,,,,,,,,,,,,,,8.95,7.14,10.59,,,,,,,2.49,0.79,4.1,,,,,,,,,
2021-06-16,,,,,,,,,,31.34,29.42,32.92,,,,,,,,,,,,,44.81,43.06,46.88,,,,,,,,,,,,,10.59,8.72,12.19,,,,,,,,,,,,,,,,,,,8.98,7.18,10.62,,,,,,,2.49,0.78,4.09,,,,,,,,,
2021-06-17,,,,,,,,,,31.31,29.39,32.87,,,,,,,,,,,,,44.81,43.06,46.87,,,,,,,,,,,,,10.6,8.72,12.23,,,,,,,,,,,,,,,,,,,9.0,7.21,10.67,,,,,,,2.48,0.78,4.09,,,,33.0,39.0,10.0,,16.0,1.0
2021-06-18,,,,,,,,,,31.27,29.36,32.81,,,,,,,,,,,,,44.81,43.05,46.86,,,,,,,,,,,,,10.61,8.72,12.27,,,,,,,,,,,,,,,,,,,9.03,7.23,10.68,,,,,,,2.47,0.79,4.09,,,,,,,,,
2021-06-19,,,,,,,,,,31.24,29.33,32.76,,,,,,,,,,,,,44.82,43.06,46.85,,,,,,,,,,,,,10.63,8.71,12.3,,,,,,,,,,,,,,,,,,,9.05,7.22,10.68,,,,,,,2.47,0.82,4.08,,,,,,,,,
2021-06-20,,,,,,,,,,31.21,29.3,32.75,,,,,,,,,,,,,44.82,43.08,46.84,,,,,,,,,,,,,10.64,8.72,12.35,,,,,,,,,,,,,,,,,,,9.07,7.25,10.67,,,,,,,2.46,0.86,4.09,,,,,,,,,
2021-06-21,,,,,,,,,,31.17,29.26,32.74,,,,,,,,,,,,,44.83,43.1,46.8,,,,,,,,,,,,,10.66,8.73,12.38,,,,,,,,,,,,,,,,,,,9.1,7.25,10.68,,,,,,,2.46,0.84,4.13,,,,,,,,,
2021-06-22,,,,,,,,,,31.14,29.23,32.74,,,,,,,,,,,,,44.83,43.08,46.75,,,,,,,,,,,,,10.68,8.79,12.4,,,,,,,,,,,,,,,,,,,9.12,7.27,10.7,,,,,,,2.45,0.85,4.14,,,,,,,,,
2021-06-23,,,,,,,,,,31.1,29.2,32.73,,,,,,,,,,,,,44.83,43.06,46.7,,,,,,,,,,,,,10.69,8.82,12.41,,,,,,,,,,,,,,,,,,,9.14,7.28,10.71,,,,,,,2.45,0.87,4.18,,,,,,,,,
2021-06-24,,,,,,,,,,31.06,29.16,32.65,,,,,,,,,,,,,44.84,43.07,46.67,,,,,,,,,,,,,10.71,8.82,12.42,,,,,,,,,,,,,,,,,,,9.16,7.27,10.73,,,,,,,2.44,0.88,4.19,,,,33.0,43.0,14.0,,7.0,3.0
2021-06-25,,,,,,,,,,31.03,29.12,32.57,,,,,,,,,,,,,44.84,43.08,46.65,,,,,,,,,,,,,10.73,8.83,12.39,,,,,,,,,,,,,,,,,,,9.18,7.27,10.75,,,,,,,2.44,0.9,4.16,,,,,,,,,
2021-06-26,,,,,,,,,,30.99,29.08,32.49,,,,,,,,,,,,,44.85,43.09,46.63,,,,,,,,,,,,,10.75,8.84,12.39,,,,,,,,,,,,,,,,,,,9.2,7.26,10.77,,,,,,,2.44,0.92,4.14,,,,,,,,,
2021-06-27,,,,,,,,,,30.95,29.04,32.47,,,,,,,,,,,,,44.85,43.09,46.64,,,,,,,,,,,,,10.77,8.86,12.42,,,,,,,,,,,,,,,,,,,9.22,7.3,10.8,,,,,,,2.44,0.95,4.12,,,,,,,,,
2021-06-28,,,,,,,,,,30.91,28.99,32.47,,,,,,,,,,,,,44.86,43.1,46.65,,,,,,,,,,,,,10.8,8.89,12.45,,,,,,,,,,,,,,,,,,,9.24,7.32,10.82,,,,,,,2.43,0.95,4.1,,,,,,,,,
2021-06-29,,,,,,,,,,30.87,28.93,32.43,,,,,,,,,,,,,44.86,43.11,46.64,,,,,,,,,,,,,10.82,8.92,12.45,,,,,,,,,,,,,,,,,,,9.26,7.3,10.84,,,,,,,2.43,0.9,4.07,,,,,,,,,
2021-06-30,,,,,,,,,,30.82,28.88,32.42,,,,,,,,,,,,,44.87,43.13,46.61,,,,,,,,,,,,,10.84,8.95,12.44,,,,,,,,,,,,,,,,,,,9.28,7.34,10.89,,,,,,,2.43,0.85,4.04,,,,24.0,48.0,12.0,,6.0,4.0
2021-07-01,,,,,,,,,,30.78,28.85,32.38,,,,,,,,,,,,,44.87,43.14,46.58,,,,,,,,,,,,,10.87,8.98,12.45,,,,,,,,,,,,,,,,,,,9.29,7.38,10.89,,,,,,,2.43,0.81,4.04,,,,,,,,,
2021-07-02,,,,,,,,,,30.73,28.82,32.32,,,,,,,,,,,,,44.88,43.15,46.57,,,,,,,,,,,,,10.89,9.01,12.44,,,,,,,,,,,,,,,,,,,9.3,7.43,10.92,,,,,,,2.44,0.81,4.02,,,,,,,,,
2021-07-03,,,,,,,,,,30.69,28.78,32.29,,,,,,,,,,,,,44.89,43.18,46.54,,,,,,,,,,,,,10.92,9.04,12.44,,,,,,,,,,,,,,,,,,,9.32,7.47,10.95,,,,,,,2.44,0.82,4.01,,,,,,,,,
2021-07-04,,,,,,,,,,30.64,28.75,32.2,,,,,,,,,,,,,44.9,43.21,46.53,,,,,,,,,,,,,10.94,9.08,12.44,,,,,,,,,,,,,,,,,,,9.33,7.51,10.98,,,,,,,2.44,0.82,4.05,,,,,,,,,
2021-07-05,,,,,,,,,,30.59,28.72,32.11,,,,,,,,,,,,,44.92,43.25,46.52,,,,,,,,,,,,,10.97,9.14,12.46,,,,,,,,,,,,,,,,,,,9.34,7.52,10.99,,,,,,,2.45,0.82,4.06,,,,,,,,,
2021-07-06,,,,,,,,,,30.54,28.7,32.06,,,,,,,,,,,,,44.93,43.28,46.55,,,,,,,,,,,,,10.99,9.19,12.48,,,,,,,,,,,,,,,,,,,9.35,7.54,11.01,,,,,,,2.45,0.81,4.06,,,,,,,,,
2021-07-07,,,,,,,,,,30.49,28.64,32.0,,,,,,,,,,,,,44.95,43.32,46.58,,,,,,,,,,,,,11.02,9.19,12.5,,,,,,,,,,,,,,,,,,,9.35,7.56,11.02,,,,,,,2.46,0.86,4.11,,,,,,,,,
2021-07-08,,,,,,,,,,30.44,28.6,31.94,,,,,,,,,,,,,44.97,43.37,46.56,,,,,,,,,,,,,11.04,9.23,12.52,,,,,,,,,,,,,,,,,,,9.36,7.58,11.01,,,,,,,2.46,0.85,4.14,,,,30.0,43.0,16.0,,7.0,2.0
2021-07-09,,,,,,,,,,30.38,28.58,31.87,,,,,,,,,,,,,44.99,43.39,46.6,,,,,,,,,,,,,11.07,9.26,12.55,,,,,,,,,,,,,,,,,,,9.36,7.59,11.04,,,,,,,2.47,0.86,4.11,,,,,,,,,
2021-07-10,,,,,,,,,,30.33,28.56,31.81,,,,,,,,,,,,,45.01,43.39,46.66,,,,,,,,,,,,,11.09,9.27,12.57,,,,,,,,,,,,,,,,,,,9.36,7.61,11.05,,,,,,,2.48,0.89,4.1,,,,,,,,,
2021-07-11,,,,,,,,,,30.28,28.52,31.75,,,,,,,,,,,,,45.04,43.39,46.67,,,,,,,,,,,,,11.11,9.27,12.6,,,,,,,,,,,,,,,,,,,9.36,7.63,11.05,,,,,,,2.48,0.89,4.11,,,,,,,,,
2021-07-12,,,,,,,,,,30.22,28.45,31.68,,,,,,,,,,,,,45.06,43.41,46.68,,,,,,,,,,,,,11.14,9.27,12.63,,,,,,,,,,,,,,,,,,,9.36,7.63,11.05,,,,,,,2.49,0.89,4.12,,,,,,,,,
2021-07-13,,,,,,,,,,30.17,28.39,31.63,,,,,,,,,,,,,45.09,43.45,46.7,,,,,,,,,,,,,11.16,9.27,12.65,,,,,,,,,,,,,,,,,,,9.35,7.61,11.01,,,,,,,2.5,0.93,4.13,,,,,,,,,
2021-07-14,,,,,,,,,,30.11,28.33,31.55,,,,,,,,,,,,,45.12,43.48,46.75,,,,,,,,,,,,,11.18,9.32,12.68,,,,,,,,,,,,,,,,,,,9.35,7.57,10.98,,,,,,,2.51,0.92,4.13,,,,,,,,,
2021-07-15,,,,,,,,,,30.06,28.3,31.52,,,,,,,,,,,,,45.15,43.52,46.78,,,,,,,,,,,,,11.2,9.37,12.72,,,,,,,,,,,,,,,,,,,9.34,7.54,10.96,,,,,,,2.52,0.9,4.13,,,,,,,,,
2021-07-16,,,,,,,,,,30.0,28.25,31.51,,,,,,,,,,,,,45.19,43.56,46.83,,,,,,,,,,,,,11.23,9.42,12.77,,,,,,,,,,,,,,,,,,,9.33,7.5,10.93,,,,,,,2.53,0.89,4.14,,,,29.0,47.0,15.0,,7.0,2.0
2021-07-17,,,,,,,,,,29.95,28.2,31.51,,,,,,,,,,,,,45.22,43.61,46.87,,,,,,,,,,,,,11.25,9.47,12.77,,,,,,,,,,,,,,,,,,,9.31,7.46,10.96,,,,,,,2.54,0.88,4.15,,,,,,,,,
2021-07-18,,,,,,,,,,29.9,28.16,31.5,,,,,,,,,,,,,45.26,43.66,46.89,,,,,,,,,,,,,11.27,9.52,12.78,,,,,,,,,,,,,,,,,,,9.3,7.42,10.95,,,,,,,2.55,0.87,4.16,,,,,,,,,
2021-07-19,,,,,,,,,,29.84,28.12,31.43,,,,,,,,,,,,,45.29,43.69,46.95,,,,,,,,,,,,,11.29,9.53,12.81,,,,,,,,,,,,,,,,,,,9.29,7.37,10.92,,,,,,,2.56,0.86,4.17,,,,,,,,,
2021-07-20,,,,,,,,,,29.79,28.07,31.36,,,,,,,,,,,,,45.33,43.7,46.95,,,,,,,,,,,,,11.31,9.58,12.85,,,,,,,,,,,,,,,,,,,9.27,7.33,10.89,,,,,,,2.57,0.85,4.17,,,,,,,,,
2021-07-21,,,,,,,,,,29.73,28.03,31.28,,,,,,,,,,,,,45.37,43.71,46.98,,,,,,,,,,,,,11.33,9.63,12.89,,,,,,,,,,,,,,,,,,,9.25,7.29,10.85,,,,,,,2.58,0.84,4.18,,,,31.0,45.0,9.0,,13.0,2.0
2021-07-22,,,,,,,,,,29.68,27.99,31.21,,,,,,,,,,,,,45.41,43.73,47.03,,,,,,,,,,,,,11.35,9.68,12.93,,,,,,,,,,,,,,,,,,,9.23,7.29,10.87,,,,,,,2.59,0.86,4.18,,,,,,,,,
2021-07-23,,,,,,,,,,29.63,27.95,31.17,,,,,,,,,,,,,45.44,43.75,47.08,,,,,,,,,,,,,11.36,9.73,12.92,,,,,,,,,,,,,,,,,,,9.21,7.3,10.85,,,,,,,2.6,0.89,4.19,,,,,,,,,
2021-07-24,,,,,,,,,,29.58,27.89,31.14,,,,,,,,,,,,,45.48,43.81,47.11,,,,,,,,,,,,,11.38,9.75,12.95,,,,,,,,,,,,,,,,,,,9.19,7.28,10.82,,,,,,,2.61,0.92,4.18,,,,,,,,,
2021-07-25,,,,,,,,,,29.53,27.84,31.12,,,,,,,,,,,,,45.52,43.82,47.2,,,,,,,,,,,,,11.4,9.77,12.97,,,,,,,,,,,,,,,,,,,9.17,7.28,10.77,,,,,,,2.62,0.95,4.18,,,,,,,,,
2021-07-26,,,,,,,,,,29.48,27.81,31.09,,,,,,,,,,,,,45.55,43.83,47.22,,,,,,,,,,,,,11.42,9.8,12.99,,,,,,,,,,,,,,,,,,,9.15,7.29,10.74,,,,,,,2.63,0.98,4.2,,,,,,,,,
2021-07-27,,,,,,,,,,29.43,27.75,31.0,,,,,,,,,,,,,45.59,43.85,47.21,,,,,,,,,,,,,11.43,9.84,13.01,,,,,,,,,,,,,,,,,,,9.12,7.31,10.74,,,,,,,2.65,1.01,4.2,,,,,,,,,
2021-07-28,,,,,,,,,,29.38,27.69,30.92,,,,,,,,,,,,,45.62,43.88,47.25,,,,,,,,,,,,,11.45,9.84,13.04,,,,,,,,,,,,,,,,,,,9.1,7.3,10.7,,,,,,,2.66,1.02,4.2,,,,,,,,,
2021-07-29,,,,,,,,,,29.34,27.63,30.87,,,,,,,,,,,,,45.66,43.88,47.27,,,,,,,,,,,,,11.46,9.84,13.05,,,,,,,,,,,,,,,,,,,9.08,7.27,10.72,,,,,,,2.67,1.01,4.2,,,,30.0,50.0,9.0,,8.0,1.0
2021-07-30,,,,,,,,,,29.29,27.57,30.83,,,,,,,,,,,,,45.69,43.88,47.29,,,,,,,,,,,,,11.48,9.85,13.07,,,,,,,,,,,,,,,,,,,9.05,7.3,10.71,,,,,,,2.69,1.01,4.2,,,,,,,,,
2021-07-31,,,,,,,,,,29.25,27.53,30.79,,,,,,,,,,,,,45.72,43.89,47.34,,,,,,,,,,,,,11.49,9.9,13.13,,,,,,,,,,,,,,,,,,,9.03,7.33,10.69,,,,,,,2.7,1.01,4.2,,,,,,,,,
2021-08-01,,,,,,,,,,29.21,27.49,30.77,,,,,,,,,,,,,45.75,43.92,47.39,,,,,,,,,,,,,11.5,9.88,13.17,,,,,,,,,,,,,,,,,,,9.0,7.26,10.64,,,,,,,2.72,1.01,4.2,,,,,,,,,
2021-08-02,,,,,,,,,,29.17,27.45,30.75,,,,,,,,,,,,,45.78,43.95,47.41,,,,,,,,,,,,,11.51,9.85,13.17,,,,,,,,,,,,,,,,,,,8.98,7.2,10.6,,,,,,,2.74,1.01,4.19,,,,,,,,,
2021-08-03,,,,,,,,,,29.14,27.41,30.73,,,,,,,,,,,,,45.8,43.98,47.47,,,,,,,,,,,,,11.52,9.85,13.18,,,,,,,,,,,,,,,,,,,8.95,7.18,10.56,,,,,,,2.75,1.06,4.19,,,,,,,,,
2021-08-04,,,,,,,,,,29.1,27.38,30.71,,,,,,,,,,,,,45.83,44.01,47.5,,,,,,,,,,,,,11.53,9.86,13.19,,,,,,,,,,,,,,,,,,,8.93,7.16,10.56,,,,,,,2.77,1.07,4.18,,,,,,,,,
2021-08-05,,,,,,,,,,29.07,27.31,30.66,,,,,,,,,,,,,45.85,44.04,47.54,,,,,,,,,,,,,11.54,9.86,13.19,,,,,,,,,,,,,,,,,,,8.9,7.15,10.54,,,,,,,2.79,1.08,4.18,,,,,,,,,
2021-08-06,,,,,,,,,,29.04,27.29,30.62,,,,,,,,,,,,,45.87,44.07,47.59,,,,,,,,,,,,,11.55,9.87,13.2,,,,,,,,,,,,,,,,,,,8.88,7.14,10.5,,,,,,,2.8,1.12,4.22,,,,32.0,47.0,11.0,,9.0,
2021-08-07,,,,,,,,,,29.01,27.28,30.61,,,,,,,,,,,,,45.89,44.1,47.63,,,,,,,,,,,,,11.56,9.87,13.22,,,,,,,,,,,,,,,,,,,8.86,7.14,10.51,,,,,,,2.82,1.11,4.25,,,,,,,,,
2021-08-08,,,,,,,,,,28.98,27.26,30.62,,,,,,,,,,,,,45.91,44.13,47.63,,,,,,,,,,,,,11.57,9.89,13.25,,,,,,,,,,,,,,,,,,,8.83,7.13,10.52,,,,,,,2.84,1.11,4.29,,,,,,,,,
2021-08-09,,,,,,,,,,28.95,27.25,30.59,,,,,,,,,,,,,45.93,44.15,47.61,,,,,,,,,,,,,11.58,9.95,13.27,,,,,,,,,,,,,,,,,,,8.81,7.13,10.51,,,,,,,2.86,1.1,4.33,,,,,,,,,
2021-08-10,,,,,,,,,,28.93,27.24,30.55,,,,,,,,,,,,,45.94,44.18,47.59,,,,,,,,,,,,,11.58,9.97,13.29,,,,,,,,,,,,,,,,,,,8.79,7.15,10.45,,,,,,,2.87,1.1,4.36,,,,,,,,,
2021-08-11,,,,,,,,,,28.9,27.24,30.51,,,,,,,,,,,,,45.96,44.2,47.57,,,,,,,,,,,,,11.59,9.98,13.29,,,,,,,,,,,,,,,,,,,8.76,7.14,10.39,,,,,,,2.89,1.09,4.35,,,,,,,,,
2021-08-12,,,,,,,,,,28.88,27.23,30.47,,,,,,,,,,,,,45.97,44.22,47.55,,,,,,,,,,,,,11.59,10.02,13.28,,,,,,,,,,,,,,,,,,,8.74,7.14,10.33,,,,,,,2.91,1.12,4.34,,,,29.0,48.0,13.0,,7.0,2.0
2021-08-13,,,,,,,,,,28.86,27.23,30.45,,,,,,,,,,,,,45.98,44.25,47.61,,,,,,,,,,,,,11.6,10.05,13.28,,,,,,,,,,,,,,,,,,,8.72,7.12,10.28,,,,,,,2.93,1.15,4.32,,,,,,,,,
2021-08-14,,,,,,,,,,28.84,27.19,30.45,,,,,,,,,,,,,46.0,44.28,47.66,,,,,,,,,,,,,11.6,10.06,13.27,,,,,,,,,,,,,,,,,,,8.7,7.07,10.29,,,,,,,2.95,1.12,4.3,,,,,,,,,
2021-08-15,,,,,,,,,,28.82,27.19,30.42,,,,,,,,,,,,,46.01,44.31,47.68,,,,,,,,,,,,,11.61,10.1,13.27,,,,,,,,,,,,,,,,,,,8.69,7.03,10.3,,,,,,,2.96,1.09,4.31,,,,,,,,,
2021-08-16,,,,,,,,,,28.8,27.2,30.4,,,,,,,,,,,,,46.01,44.33,47.74,,,,,,,,,,,,,11.61,10.11,13.28,,,,,,,,,,,,,,,,,,,8.67,6.99,10.33,,,,,,,2.98,1.09,4.35,,,,,,,,,
2021-08-17,,,,,,,,,,28.78,27.2,30.36,,,,,,,,,,,,,46.02,44.33,47.75,,,,,,,,,,,,,11.61,10.11,13.29,,,,,,,,,,,,,,,,,,,8.66,6.96,10.3,,,,,,,3.0,1.1,4.39,,,,,,,,,
2021-08-18,,,,,,,,,,28.76,27.18,30.33,,,,,,,,,,,,,46.03,44.32,47.75,,,,,,,,,,,,,11.62,10.11,13.3,,,,,,,,,,,,,,,,,,,8.65,6.93,10.3,,,,,,,3.01,1.13,4.43,,,,30.0,47.0,7.0,,8.0,4.0
2021-08-19,,,,,,,,,,28.75,27.16,30.29,,,,,,,,,,,,,46.03,44.35,47.76,,,,,,,,,,,,,11.62,10.1,13.31,,,,,,,,,,,,,,,,,,,8.63,6.9,10.28,,,,,,,3.03,1.17,4.47,,,,,,,,,
2021-08-20,,,,,,,,,,28.73,27.14,30.3,,,,,,,,,,,,,46.03,44.35,47.76,,,,,,,,,,,,,11.62,10.09,13.35,,,,,,,,,,,,,,,,,,,8.63,6.88,10.27,,,,,,,3.04,1.2,4.51,,,,,,,,,
2021-08-21,,,,,,,,,,28.71,27.14,30.32,,,,,,,,,,,,,46.04,44.36,47.76,,,,,,,,,,,,,11.62,10.07,13.35,,,,,,,,,,,,,,,,,,,8.62,6.86,10.28,,,,,,,3.06,1.23,4.55,,,,,,,,,
2021-08-22,,,,,,,,,,28.69,27.12,30.33,,,,,,,,,,,,,46.04,44.41,47.76,,,,,,,,,,,,,11.62,10.06,13.34,,,,,,,,,,,,,,,,,,,8.61,6.85,10.28,,,,,,,3.07,1.27,4.55,,,,,,,,,
2021-08-23,,,,,,,,,,28.68,27.11,30.35,,,,,,,,,,,,,46.04,44.44,47.76,,,,,,,,,,,,,11.63,10.06,13.33,,,,,,,,,,,,,,,,,,,8.61,6.85,10.29,,,,,,,3.09,1.3,4.55,,,,,,,,,
2021-08-24,,,,,,,,,,28.66,27.11,30.37,,,,,,,,,,,,,46.03,44.46,47.75,,,,,,,,,,,,,11.63,10.05,13.33,,,,,,,,,,,,,,,,,,,8.61,6.84,10.29,,,,,,,3.1,1.34,4.55,,,,,,,,,
2021-08-25,,,,,,,,,,28.64,27.08,30.38,,,,,,,,,,,,,46.03,44.45,47.76,,,,,,,,,,,,,11.63,10.06,13.32,,,,,,,,,,,,,,,,,,,8.61,6.84,10.3,,,,,,,3.12,1.37,4.54,,,,,,,,,
2021-08-26,,,,,,,,,,28.63,27.09,30.4,,,,,,,,,,,,,46.02,44.45,47.75,,,,,,,,,,,,,11.63,10.1,13.32,,,,,,,,,,,,,,,,,,,8.62,6.85,10.31,,,,,,,3.13,1.39,4.55,,,,22.0,42.0,14.0,,16.0,3.0
2021-08-27,,,,,,,,,,28.61,27.07,30.42,,,,,,,,,,,,,46.02,44.48,47.72,,,,,,,,,,,,,11.63,10.12,13.3,,,,,,,,,,,,,,,,,,,8.62,6.86,10.32,,,,,,,3.14,1.41,4.55,,,,,,,,,
2021-08-28,,,,,,,,,,28.59,27.06,30.43,,,,,,,,,,,,,46.01,44.5,47.74,,,,,,,,,,,,,11.63,10.12,13.29,,,,,,,,,,,,,,,,,,,8.63,6.87,10.32,,,,,,,3.16,1.44,4.55,,,,,,,,,
2021-08-29,,,,,,,,,,28.57,27.03,30.44,,,,,,,,,,,,,46.01,44.51,47.75,,,,,,,,,,,,,11.63,10.1,13.28,,,,,,,,,,,,,,,,,,,8.64,6.89,10.31,,,,,,,3.17,1.46,4.6,,,,,,,,,
2021-08-30,,,,,,,,,,28.56,27.0,30.46,,,,,,,,,,,,,46.0,44.53,47.74,,,,,,,,,,,,,11.63,10.09,13.27,,,,,,,,,,,,,,,,,,,8.65,6.91,10.32,,,,,,,3.18,1.46,4.66,,,,,,,,,
2021-08-31,,,,,,,,,,28.54,26.96,30.44,,,,,,,,,,,,,45.99,44.56,47.72,,,,,,,,,,,,,11.63,10.08,13.27,,,,,,,,,,,,,,,,,,,8.66,6.93,10.32,,,,,,,3.19,1.44,4.61,,,,,,,,,
2021-09-01,,,,,,,,,,28.52,26.93,30.41,,,,,,,,,,,,,45.98,44.55,47.69,,,,,,,,,,,,,11.63,10.07,13.25,,,,,,,,,,,,,,,,,,,8.67,6.96,10.33,,,,,,,3.21,1.47,4.61,,,,,,,,,
2021-09-02,,,,,,,,,,28.5,26.91,30.42,,,,,,,,,,,,,45.97,44.53,47.7,,,,,,,,,,,,,11.63,10.07,13.24,,,,,,,,,,,,,,,,,,,8.68,6.98,10.34,,,,,,,3.22,1.49,4.62,,,,,,,,,
2021-09-03,,,,,,,,,,28.47,26.91,30.42,,,,,,,,,,,,,45.96,44.52,47.68,,,,,,,,,,,,,11.63,10.06,13.25,,,,,,,,,,,,,,,,,,,8.7,7.01,10.35,,,,,,,3.23,1.53,4.64,,,,32.0,48.0,10.0,,8.0,
2021-09-04,,,,,,,,,,28.45,26.89,30.41,,,,,,,,,,,,,45.95,44.53,47.66,,,,,,,,,,,,,11.63,10.06,13.26,,,,,,,,,,,,,,,,,,,8.71,7.05,10.35,,,,,,,3.24,1.55,4.65,,,,,,,,,
2021-09-05,,,,,,,,,,28.43,26.83,30.4,,,,,,,,,,,,,45.94,44.53,47.66,,,,,,,,,,,,,11.63,10.04,13.28,,,,,,,,,,,,,,,,,,,8.73,7.08,10.35,,,,,,,3.25,1.56,4.66,,,,,,,,,
2021-09-06,,,,,,,,,,28.4,26.83,30.37,,,,,,,,,,,,,45.94,44.51,47.67,,,,,,,,,,,,,11.63,10.0,13.3,,,,,,,,,,,,,,,,,,,8.74,7.11,10.35,,,,,,,3.27,1.59,4.67,,,,,,,,,
2021-09-07,,,,,,,,,,28.38,26.85,30.31,,,,,,,,,,,,,45.93,44.5,47.68,,,,,,,,,,,,,11.63,9.97,13.31,,,,,,,,,,,,,,,,,,,8.76,7.14,10.35,,,,,,,3.28,1.63,4.68,,,,,,,,,
2021-09-08,,,,,,,,,,28.35,26.87,30.25,,,,,,,,,,,,,45.92,44.5,47.66,,,,,,,,,,,,,11.63,9.94,13.29,,,,,,,,,,,,,,,,,,,8.78,7.16,10.35,,,,,,,3.29,1.67,4.69,,,,,,,,,
2021-09-09,,,,,,,,,,28.32,26.88,30.2,,,,,,,,,,,,,45.91,44.5,47.67,,,,,,,,,,,,,11.63,9.93,13.25,,,,,,,,,,,,,,,,,,,8.79,7.17,10.35,,,,,,,3.31,1.67,4.69,,,,23.0,44.0,16.0,,10.0,4.0
2021-09-10,,,,,,,,,,28.29,26.89,30.13,,,,,,,,,,,,,45.91,44.5,47.68,,,,,,,,,,,,,11.63,9.93,13.28,,,,,,,,,,,,,,,,,,,8.81,7.18,10.35,,,,,,,3.32,1.66,4.7,,,,,,,,,
2021-09-11,,,,,,,,,,28.26,26.89,30.06,,,,,,,,,,,,,45.9,44.5,47.66,,,,,,,,,,,,,11.63,9.92,13.3,,,,,,,,,,,,,,,,,,,8.82,7.2,10.34,,,,,,,3.33,1.71,4.7,,,,,,,,,
2021-09-12,,,,,,,,,,28.23,26.84,30.0,,,,,,,,,,,,,45.9,44.51,47.65,,,,,,,,,,,,,11.63,9.91,13.32,,,,,,,,,,,,,,,,,,,8.84,7.26,10.37,,,,,,,3.35,1.74,4.71,,,,,,,,,
2021-09-13,,,,,,,,,,28.2,26.8,29.96,,,,,,,,,,,,,45.89,44.52,47.63,,,,,,,,,,,,,11.62,9.91,13.32,,,,,,,,,,,,,,,,,,,8.86,7.32,10.42,,,,,,,3.36,1.74,4.71,,,,,,,,,
2021-09-14,,,,,,,,,,28.16,26.76,29.93,,,,,,,,,,,,,45.89,44.53,47.64,,,,,,,,,,,,,11.62,9.92,13.32,,,,,,,,,,,,,,,,,,,8.87,7.3,10.43,,,,,,,3.37,1.76,4.71,,,,,,,,,
2021-09-15,,,,,,,,,,28.13,26.77,29.9,,,,,,,,,,,,,45.88,44.54,47.66,,,,,,,,,,,,,11.62,9.93,13.33,,,,,,,,,,,,,,,,,,,8.89,7.29,10.45,,,,,,,3.39,1.8,4.72,,,,,,,,,
2021-09-16,,,,,,,,,,28.09,26.71,29.87,,,,,,,,,,,,,45.88,44.53,47.66,,,,,,,,,,,,,11.62,9.94,13.34,,,,,,,,,,,,,,,,,,,8.91,7.3,10.44,,,,,,,3.4,1.83,4.76,,,,28.0,48.0,10.0,,6.0,3.0
2021-09-17,,,,,,,,,,28.05,26.63,29.84,,,,,,,,,,,,,45.87,44.51,47.65,,,,,,,,,,,,,11.61,9.97,13.37,,,,,,,,,,,,,,,,,,,8.92,7.32,10.45,,,,,,,3.42,1.86,4.8,,,,,,,,,
2021-09-18,,,,,,,,,,28.02,26.59,29.81,,,,,,,,,,,,,45.87,44.52,47.63,,,,,,,,,,,,,11.61,9.99,13.37,,,,,,,,,,,,,,,,,,,8.94,7.35,10.46,,,,,,,3.43,1.89,4.82,,,,,,,,,
2021-09-19,,,,,,,,,,27.98,26.56,29.77,,,,,,,,,,,,,45.87,44.52,47.61,,,,,,,,,,,,,11.61,10.02,13.34,,,,,,,,,,,,,,,,,,,8.96,7.35,10.46,,,,,,,3.44,1.93,4.81,,,,,,,,,
2021-09-20,,,,,,,,,,27.94,26.56,29.73,,,,,,,,,,,,,45.86,44.5,47.59,,,,,,,,,,,,,11.6,10.03,13.36,,,,,,,,,,,,,,,,,,,8.97,7.33,10.48,,,,,,,3.46,1.96,4.83,,,,,,,,,
2021-09-21,,,,,,,,,,27.91,26.56,29.67,,,,,,,,,,,,,45.85,44.47,47.56,,,,,,,,,,,,,11.6,10.0,13.36,,,,,,,,,,,,,,,,,,,8.99,7.33,10.57,,,,,,,3.47,2.0,4.84,,,,,,,,,
2021-09-22,,,,,,,,,,27.87,26.56,29.6,,,,,,,,,,,,,45.85,44.44,47.56,,,,,,,,,,,,,11.6,10.01,13.38,,,,,,,,,,,,,,,,,,,9.0,7.36,10.58,,,,,,,3.49,1.99,4.87,,,,,,,,,
2021-09-23,,,,,,,,,,27.84,26.53,29.53,,,,,,,,,,,,,45.84,44.41,47.56,,,,,,,,,,,,,11.59,10.02,13.39,,,,,,,,,,,,,,,,,,,9.02,7.39,10.58,,,,,,,3.5,1.99,4.91,,,,31.0,48.0,9.0,,5.0,4.0
2021-09-24,,,,,,,,,,27.8,26.47,29.47,,,,,,,,,,,,,45.83,44.41,47.6,,,,,,,,,,,,,11.59,10.03,13.36,,,,,,,,,,,,,,,,,,,9.04,7.43,10.62,,,,,,,3.52,1.98,4.95,,,,,,,,,
2021-09-25,,,,,,,,,,27.76,26.41,29.44,,,,,,,,,,,,,45.83,44.45,47.59,,,,,,,,,,,,,11.59,10.04,13.36,,,,,,,,,,,,,,,,,,,9.05,7.43,10.64,,,,,,,3.53,1.97,4.97,,,,,,,,,
2021-09-26,,,,,,,,,,27.73,26.4,29.43,,,,,,,,,,,,,45.82,44.45,47.63,,,,,,,,,,,,,11.59,10.06,13.37,,,,,,,,,,,,,,,,,,,9.06,7.45,10.65,,,,,,,3.55,2.01,4.97,,,,,,,,,
2021-09-27,,,,,,,,,,27.69,26.38,29.43,,,,,,,,,,,,,45.81,44.43,47.62,,,,,,,,,,,,,11.58,10.07,13.38,,,,,,,,,,,,,,,,,,,9.08,7.46,10.66,,,,,,,3.56,2.04,4.97,,,,,,,,,
2021-09-28,,,,,,,,,,27.66,26.32,29.38,,,,,,,,,,,,,45.8,44.4,47.63,,,,,,,,,,,,,11.58,10.08,13.4,,,,,,,,,,,,,,,,,,,9.09,7.48,10.67,,,,,,,3.58,2.02,4.99,,,,,,,,,
2021-09-29,,,,,,,,,,27.62,26.25,29.35,,,,,,,,,,,,,45.8,44.38,47.65,,,,,,,,,,,,,11.58,10.09,13.43,,,,,,,,,,,,,,,,,,,9.1,7.49,10.69,,,,,,,3.59,2.06,5.04,,,,28.0,43.0,11.0,,7.0,5.0
2021-09-30,,,,,,,,,,27.59,26.19,29.32,,,,,,,,,,,,,45.79,44.35,47.64,,,,,,,,,,,,,11.57,10.07,13.45,,,,,,,,,,,,,,,,,,,9.11,7.51,10.71,,,,,,,3.61,2.06,5.09,,,,,,,,,
2021-10-01,,,,,,,,,,27.55,26.15,29.29,,,,,,,,,,,,,45.79,44.34,47.64,,,,,,,,,,,,,11.57,10.06,13.44,,,,,,,,,,,,,,,,,,,9.12,7.52,10.72,,,,,,,3.62,2.07,5.14,,,,,,,,,
2021-10-02,,,,,,,,,,27.52,26.13,29.25,,,,,,,,,,,,,45.79,44.35,47.63,,,,,,,,,,,,,11.57,10.04,13.43,,,,,,,,,,,,,,,,,,,9.13,7.53,10.73,,,,,,,3.64,2.08,5.17,,,,,,,,,
2021-10-03,,,,,,,,,,27.48,26.12,29.19,,,,,,,,,,,,,45.79,44.36,47.63,,,,,,,,,,,,,11.56,10.04,13.43,,,,,,,,,,,,,,,,,,,9.13,7.56,10.74,,,,,,,3.66,2.09,5.19,,,,,,,,,
2021-10-04,,,,,,,,,,27.45,26.09,29.09,,,,,,,,,,,,,45.79,44.38,47.63,,,,,,,,,,,,,11.56,10.03,13.45,,,,,,,,,,,,,,,,,,,9.14,7.56,10.76,,,,,,,3.67,2.11,5.2,,,,,,,,,
2021-10-05,,,,,,,,,,27.41,26.06,29.03,,,,,,,,,,,,,45.79,44.38,47.62,,,,,,,,,,,,,11.55,10.04,13.46,,,,,,,,,,,,,,,,,,,9.14,7.56,10.79,,,,,,,3.69,2.13,5.22,,,,,,,,,
2021-10-06,,,,,,,,,,27.38,26.02,28.99,,,,,,,,,,,,,45.8,44.36,47.61,,,,,,,,,,,,,11.55,10.08,13.47,,,,,,,,,,,,,,,,,,,9.14,7.54,10.82,,,,,,,3.7,2.15,5.22,,,,28.0,43.0,11.0,,9.0,7.0
2021-10-07,,,,,,,,,,27.34,25.98,28.95,,,,,,,,,,,,,45.8,44.34,47.61,,,,,,,,,,,,,11.54,10.08,13.46,,,,,,,,,,,,,,,,,,,9.14,7.54,10.83,,,,,,,3.72,2.17,5.22,,,,,,,,,
2021-10-08,,,,,,,,,,27.31,25.93,28.9,,,,,,,,,,,,,45.81,44.33,47.6,,,,,,,,,,,,,11.54,10.05,13.43,,,,,,,,,,,,,,,,,,,9.14,7.51,10.83,,,,,,,3.73,2.15,5.26,,,,,,,,,
2021-10-09,,,,,,,,,,27.27,25.87,28.87,,,,,,,,,,,,,45.83,44.32,47.6,,,,,,,,,,,,,11.53,10.07,13.41,,,,,,,,,,,,,,,,,,,9.14,7.51,10.82,,,,,,,3.74,2.16,5.29,,,,,,,,,
2021-10-10,,,,,,,,,,27.24,25.82,28.85,,,,,,,,,,,,,45.84,44.34,47.6,,,,,,,,,,,,,11.52,10.06,13.39,,,,,,,,,,,,,,,,,,,9.14,7.5,10.82,,,,,,,3.76,2.2,5.3,,,,,,,,,
2021-10-11,,,,,,,,,,27.2,25.76,28.83,,,,,,,,,,,,,45.86,44.36,47.63,,,,,,,,,,,,,11.52,10.06,13.35,,,,,,,,,,,,,,,,,,,9.13,7.45,10.81,,,,,,,3.77,2.25,5.36,,,,,,,,,
2021-10-12,,,,,,,,,,27.17,25.74,28.82,,,,,,,,,,,,,45.88,44.39,47.65,,,,,,,,,,,,,11.51,10.06,13.33,,,,,,,,,,,,,,,,,,,9.13,7.41,10.8,,,,,,,3.78,2.3,5.42,,,,,,,,,
2021-10-13,,,,,,,,,,27.13,25.77,28.79,,,,,,,,,,,,,45.9,44.41,47.68,,,,,,,,,,,,,11.51,10.06,13.27,,,,,,,,,,,,,,,,,,,9.12,7.36,10.79,,,,,,,3.79,2.29,5.45,,,,31.0,44.0,16.0,,6.0,2.0
2021-10-14,,,,,,,,,,27.1,25.73,28.76,,,,,,,,,,,,,45.93,44.43,47.71,,,,,,,,,,,,,11.5,10.09,13.23,,,,,,,,,,,,,,,,,,,9.11,7.32,10.78,,,,,,,3.8,2.27,5.46,,,,,,,,,
2021-10-15,,,,,,,,,,27.06,25.66,28.72,,,,,,,,,,,,,45.95,44.46,47.73,,,,,,,,,,,,,11.5,10.15,13.21,,,,,,,,,,,,,,,,,,,9.1,7.29,10.76,,,,,,,3.81,2.25,5.47,,,,,,,,,
2021-10-16,,,,,,,,,,27.03,25.59,28.68,,,,,,,,,,,,,45.98,44.49,47.76,,,,,,,,,,,,,11.49,10.15,13.2,,,,,,,,,,,,,,,,,,,9.09,7.28,10.74,,,,,,,3.82,2.24,5.51,,,,,,,,,
2021-10-17,,,,,,,,,,27.0,25.55,28.62,,,,,,,,,,,,,46.01,44.52,47.79,,,,,,,,,,,,,11.49,10.13,13.17,,,,,,,,,,,,,,,,,,,9.08,7.28,10.72,,,,,,,3.83,2.25,5.55,,,,,,,,,
2021-10-18,,,,,,,,,,26.96,25.56,28.59,,,,,,,,,,,,,46.05,44.52,47.83,,,,,,,,,,,,,11.49,10.09,13.14,,,,,,,,,,,,,,,,,,,9.07,7.28,10.71,,,,,,,3.84,2.28,5.56,,,,,,,,,
2021-10-19,,,,,,,,,,26.93,25.57,28.56,,,,,,,,,,,,,46.08,44.55,47.86,,,,,,,,,,,,,11.48,10.1,13.11,,,,,,,,,,,,,,,,,,,9.06,7.28,10.7,,,,,,,3.85,2.31,5.55,,,,,,,,,
2021-10-20,,,,,,,,,,26.89,25.56,28.52,,,,,,,,,,,,,46.11,44.56,47.89,,,,,,,,,,,,,11.48,10.08,13.13,,,,,,,,,,,,,,,,,,,9.05,7.29,10.69,,,,,,,3.85,2.35,5.55,,,,,,,,,
2021-10-21,,,,,,,,,,26.86,25.51,28.5,,,,,,,,,,,,,46.15,44.57,47.92,,,,,,,,,,,,,11.48,10.07,13.14,,,,,,,,,,,,,,,,,,,9.03,7.3,10.72,,,,,,,3.86,2.39,5.54,,,,25.0,48.0,16.0,,10.0,1.0
2021-10-22,,,,,,,,,,26.83,25.45,28.46,,,,,,,,,,,,,46.19,44.58,47.95,,,,,,,,,,,,,11.47,10.04,13.15,,,,,,,,,,,,,,,,,,,9.02,7.3,10.73,,,,,,,3.87,2.41,5.53,,,,,,,,,
2021-10-23,,,,,,,,,,26.79,25.4,28.41,,,,,,,,,,,,,46.23,44.66,48.04,,,,,,,,,,,,,11.47,10.02,13.17,,,,,,,,,,,,,,,,,,,9.01,7.29,10.7,,,,,,,3.87,2.39,5.52,,,,,,,,,
2021-10-24,,,,,,,,,,26.76,25.34,28.36,,,,,,,,,,,,,46.27,44.67,48.12,,,,,,,,,,,,,11.47,10.0,13.18,,,,,,,,,,,,,,,,,,,9.0,7.3,10.66,,,,,,,3.88,2.36,5.51,,,,,,,,,
2021-10-25,,,,,,,,,,26.73,25.29,28.31,,,,,,,,,,,,,46.31,44.71,48.2,,,,,,,,,,,,,11.47,9.95,13.19,,,,,,,,,,,,,,,,,,,8.99,7.28,10.63,,,,,,,3.88,2.33,5.5,,,,,,,,,
2021-10-26,,,,,,,,,,26.69,25.25,28.26,,,,,,,,,,,,,46.35,44.74,48.28,,,,,,,,,,,,,11.47,9.97,13.2,,,,,,,,,,,,,,,,,,,8.98,7.27,10.58,,,,,,,3.89,2.31,5.52,,,,,,,,,
2021-10-27,,,,,,,,,,26.66,25.22,28.21,,,,,,,,,,,,,46.39,44.76,48.27,,,,,,,,,,,,,11.46,9.98,13.21,,,,,,,,,,,,,,,,,,,8.96,7.28,10.54,,,,,,,3.89,2.29,5.55,,,,,,,,,
2021-10-28,,,,,,,,,,26.62,25.18,28.17,,,,,,,,,,,,,46.43,44.8,48.31,,,,,,,,,,,,,11.46,10.0,13.2,,,,,,,,,,,,,,,,,,,8.95,7.28,10.51,,,,,,,3.89,2.31,5.57,,,,27.0,43.0,12.0,,14.0,2.0
2021-10-29,,,,,,,,,,26.58,25.14,28.13,,,,,,,,,,,,,46.48,44.86,48.35,,,,,,,,,,,,,11.46,9.98,13.17,,,,,,,,,,,,,,,,,,,8.94,7.28,10.49,,,,,,,3.89,2.32,5.58,,,,,,,,,
2021-10-30,,,,,,,,,,26.55,25.09,28.1,,,,,,,,,,,,,46.52,44.91,48.35,,,,,,,,,,,,,11.46,9.97,13.13,,,,,,,,,,,,,,,,,,,8.93,7.25,10.51,,,,,,,3.9,2.29,5.61,,,,,,,,,
2021-10-31,,,,,,,,,,26.5,25.03,28.06,,,,,,,,,,,,,46.57,44.93,48.39,,,,,,,,,,,,,11.46,9.95,13.13,,,,,,,,,,,,,,,,,,,8.93,7.2,10.53,,,,,,,3.9,2.26,5.63,,,,,,,,,
2021-11-01,,,,,,,,,,26.46,24.95,28.01,,,,,,,,,,,,,46.62,44.95,48.45,,,,,,,,,,,,,11.46,9.93,13.15,,,,,,,,,,,,,,,,,,,8.92,7.13,10.55,,,,,,,3.9,2.23,5.65,,,,,,,,,
2021-11-02,,,,,,,,,,26.42,24.89,27.9,,,,,,,,,,,,,46.67,44.97,48.53,,,,,,,,,,,,,11.46,9.92,13.17,,,,,,,,,,,,,,,,,,,8.91,7.09,10.55,,,,,,,3.9,2.2,5.64,,,,,,,,,
2021-11-03,,,,,,,,,,26.37,24.84,27.87,,,,,,,,,,,,,46.72,45.02,48.59,,,,,,,,,,,,,11.47,9.91,13.18,,,,,,,,,,,,,,,,,,,8.91,7.09,10.53,,,,,,,3.9,2.17,5.63,,,,,,,,,
2021-11-04,,,,,,,,,,26.32,24.78,27.84,,,,,,,,,,,,,46.77,45.06,48.61,,,,,,,,,,,,,11.47,9.9,13.15,,,,,,,,,,,,,,,,,,,8.9,7.08,10.51,,,,,,,3.9,2.14,5.63,,,,28.0,44.0,9.0,,14.0,4.0
2021-11-05,,,,,,,,,,26.27,24.73,27.76,,,,,,,,,,,,,46.82,45.11,48.67,,,,,,,,,,,,,11.47,9.89,13.12,,,,,,,,,,,,,,,,,,,8.9,7.08,10.51,,,,,,,3.91,2.14,5.66,,,,,,,,,
2021-11-06,,,,,,,,,,26.22,24.68,27.69,,,,,,,,,,,,,46.88,45.17,48.73,,,,,,,,,,,,,11.48,9.88,13.09,,,,,,,,,,,,,,,,,,,8.89,7.08,10.53,,,,,,,3.91,2.15,5.69,,,,,,,,,
2021-11-07,,,,,,,,,,26.16,24.63,27.61,,,,,,,,,,,,,46.93,45.19,48.8,,,,,,,,,,,,,11.48,9.87,13.06,,,,,,,,,,,,,,,,,,,8.89,7.09,10.52,,,,,,,3.91,2.17,5.72,,,,,,,,,
2021-11-08,,,,,,,,,,26.11,24.57,27.54,,,,,,,,,,,,,46.99,45.22,48.85,,,,,,,,,,,,,11.49,9.9,13.02,,,,,,,,,,,,,,,,,,,8.89,7.1,10.5,,,,,,,3.91,2.18,5.73,,,,,,,,,
2021-11-09,,,,,,,,,,26.05,24.5,27.47,,,,,,,,,,,,,47.04,45.24,48.91,,,,,,,,,,,,,11.49,9.93,13.02,,,,,,,,,,,,,,,,,,,8.89,7.11,10.49,,,,,,,3.91,2.18,5.71,,,,,,,,,
2021-11-10,,,,,,,,,,25.99,24.42,27.4,,,,,,,,,,,,,47.1,45.29,48.97,,,,,,,,,,,,,11.5,9.96,13.04,,,,,,,,,,,,,,,,,,,8.89,7.12,10.47,,,,,,,3.91,2.19,5.74,,,,,,,,,
2021-11-11,,,,,,,,,,25.92,24.34,27.33,,,,,,,,,,,,,47.16,45.36,49.03,,,,,,,,,,,,,11.5,9.99,13.06,,,,,,,,,,,,,,,,,,,8.89,7.14,10.46,,,,,,,3.91,2.21,5.77,,,,24.0,54.0,9.0,,6.0,5.0
2021-11-12,,,,,,,,,,25.86,24.26,27.25,,,,,,,,,,,,,47.22,45.43,49.12,,,,,,,,,,,,,11.51,10.03,13.07,,,,,,,,,,,,,,,,,,,8.89,7.16,10.47,,,,,,,3.91,2.24,5.79,,,,,,,,,
2021-11-13,,,,,,,,,,25.79,24.18,27.17,,,,,,,,,,,,,47.28,45.47,49.21,,,,,,,,,,,,,11.52,10.06,13.09,,,,,,,,,,,,,,,,,,,8.89,7.16,10.47,,,,,,,3.91,2.27,5.78,,,,,,,,,
2021-11-14,,,,,,,,,,25.72,24.12,27.1,,,,,,,,,,,,,47.34,45.52,49.3,,,,,,,,,,,,,11.53,10.07,13.11,,,,,,,,,,,,,,,,,,,8.89,7.19,10.47,,,,,,,3.92,2.27,5.76,,,,,,,,,
2021-11-15,,,,,,,,,,25.66,24.06,27.03,,,,,,,,,,,,,47.4,45.59,49.38,,,,,,,,,,,,,11.53,10.08,13.11,,,,,,,,,,,,,,,,,,,8.9,7.2,10.46,,,,,,,3.92,2.27,5.75,,,,,,,,,
2021-11-16,,,,,,,,,,25.59,24.0,26.96,,,,,,,,,,,,,47.46,45.66,49.45,,,,,,,,,,,,,11.54,10.03,13.12,,,,,,,,,,,,,,,,,,,8.9,7.18,10.46,,,,,,,3.92,2.28,5.74,,,,,,,,,
2021-11-17,,,,,,,,,,25.52,23.94,26.92,,,,,,,,,,,,,47.52,45.73,49.5,,,,,,,,,,,,,11.55,10.02,13.14,,,,,,,,,,,,,,,,,,,8.9,7.14,10.45,,,,,,,3.92,2.28,5.72,,,,,,,,,
2021-11-18,,,,,,,,,,25.45,23.88,26.85,,,,,,,,,,,,,47.58,45.77,49.55,,,,,,,,,,,,,11.56,10.06,13.14,,,,,,,,,,,,,,,,,,,8.9,7.11,10.43,,,,,,,3.92,2.28,5.71,,,,23.0,47.0,7.0,,14.0,4.0
2021-11-19,,,,,,,,,,25.37,23.81,26.8,,,,,,,,,,,,,47.64,45.82,49.6,,,,,,,,,,,,,11.57,10.1,13.15,,,,,,,,,,,,,,,,,,,8.9,7.07,10.43,,,,,,,3.92,2.3,5.73,,,,,,,,,
2021-11-20,,,,,,,,,,25.3,23.76,26.76,,,,,,,,,,,,,47.7,45.9,49.63,,,,,,,,,,,,,11.58,10.1,13.13,,,,,,,,,,,,,,,,,,,8.9,7.11,10.44,,,,,,,3.92,2.32,5.74,,,,,,,,,
2021-11-21,,,,,,,,,,25.23,23.7,26.69,,,,,,,,,,,,,47.77,45.98,49.71,,,,,,,,,,,,,11.59,10.08,13.15,,,,,,,,,,,,,,,,,,,8.9,7.15,10.42,,,,,,,3.92,2.34,5.76,,,,,,,,,
2021-11-22,,,,,,,,,,25.15,23.65,26.62,,,,,,,,,,,,,47.83,46.04,49.76,,,,,,,,,,,,,11.6,10.1,13.16,,,,,,,,,,,,,,,,,,,8.9,7.2,10.39,,,,,,,3.92,2.36,5.74,,,,,,,,,
2021-11-23,,,,,,,,,,25.08,23.59,26.53,,,,,,,,,,,,,47.89,46.08,49.81,,,,,,,,,,,,,11.61,10.11,13.16,,,,,,,,,,,,,,,,,,,8.9,7.22,10.4,,,,,,,3.92,2.38,5.71,,,,,,,,,
2021-11-24,,,,,,,,,,25.01,23.54,26.42,,,,,,,,,,,,,47.96,46.15,49.87,,,,,,,,,,,,,11.62,10.11,13.15,,,,,,,,,,,,,,,,,,,8.9,7.22,10.42,,,,,,,3.93,2.41,5.67,,,,,,,,,
2021-11-25,,,,,,,,,,24.93,23.48,26.35,,,,,,,,,,,,,48.02,46.23,49.92,,,,,,,,,,,,,11.62,10.09,13.14,,,,,,,,,,,,,,,,,,,8.9,7.23,10.43,,,,,,,3.93,2.44,5.64,,,,28.0,46.0,10.0,,8.0,4.0
2021-11-26,,,,,,,,,,24.86,23.39,26.26,,,,,,,,,,,,,48.09,46.3,49.97,,,,,,,,,,,,,11.63,10.08,13.12,,,,,,,,,,,,,,,,,,,8.89,7.22,10.4,,,,,,,3.93,2.45,5.6,,,,,,,,,
2021-11-27,,,,,,,,,,24.78,23.31,26.19,,,,,,,,,,,,,48.15,46.38,50.02,,,,,,,,,,,,,11.64,10.07,13.17,,,,,,,,,,,,,,,,,,,8.89,7.22,10.38,,,,,,,3.93,2.48,5.56,,,,,,,,,
2021-11-28,,,,,,,,,,24.71,23.22,26.12,,,,,,,,,,,,,48.22,46.44,50.09,,,,,,,,,,,,,11.65,10.06,13.21,,,,,,,,,,,,,,,,,,,8.88,7.21,10.38,,,,,,,3.93,2.5,5.52,,,,,,,,,
2021-11-29,,,,,,,,,,24.63,23.12,26.04,,,,,,,,,,,,,48.28,46.51,50.16,,,,,,,,,,,,,11.66,10.07,13.25,,,,,,,,,,,,,,,,,,,8.88,7.16,10.38,,,,,,,3.93,2.49,5.54,,,,,,,,,
2021-11-30,,,,,,,,,,24.56,23.06,25.96,,,,,,,,,,,,,48.35,46.57,50.27,,,,,,,,,,,,,11.66,10.06,13.23,,,,,,,,,,,,,,,,,,,8.87,7.11,10.35,,,,,,,3.93,2.47,5.58,,,,,,,,,
2021-12-01,,,,,,,,,,24.49,23.01,25.89,,,,,,,,,,,,,48.41,46.6,50.35,,,,,,,,,,,,,11.67,10.06,13.2,,,,,,,,,,,,,,,,,,,8.86,7.11,10.34,,,,,,,3.93,2.45,5.62,,,,,,,,,
2021-12-02,,,,,,,,,,24.42,22.95,25.82,,,,,,,,,,,,,48.47,46.66,50.43,,,,,,,,,,,,,11.68,10.07,13.17,,,,,,,,,,,,,,,,,,,8.85,7.12,10.31,,,,,,,3.93,2.44,5.63,,,,27.0,36.0,15.0,,12.0,6.0
2021-12-03,,,,,,,,,,24.35,22.87,25.75,,,,,,,,,,,,,48.53,46.76,50.5,,,,,,,,,,,,,11.68,10.09,13.16,,,,,,,,,,,,,,,,,,,8.84,7.12,10.27,,,,,,,3.93,2.45,5.6,,,,,,,,,
2021-12-04,,,,,,,,,,24.29,22.79,25.67,,,,,,,,,,,,,48.59,46.8,50.57,,,,,,,,,,,,,11.69,10.11,13.16,,,,,,,,,,,,,,,,,,,8.83,7.08,10.27,,,,,,,3.93,2.43,5.57,,,,,,,,,
2021-12-05,,,,,,,,,,24.22,22.7,25.6,,,,,,,,,,,,,48.65,46.84,50.62,,,,,,,,,,,,,11.7,10.12,13.21,,,,,,,,,,,,,,,,,,,8.82,7.1,10.23,,,,,,,3.93,2.4,5.59,,,,,,,,,
2021-12-06,,,,,,,,,,24.16,22.63,25.53,,,,,,,,,,,,,48.71,46.91,50.68,,,,,,,,,,,,,11.7,10.14,13.26,,,,,,,,,,,,,,,,,,,8.8,7.1,10.18,,,,,,,3.93,2.39,5.62,,,,,,,,,
2021-12-07,,,,,,,,,,24.1,22.57,25.46,,,,,,,,,,,,,48.76,46.96,50.73,,,,,,,,,,,,,11.71,10.08,13.27,,,,,,,,,,,,,,,,,,,8.79,7.09,10.15,,,,,,,3.93,2.38,5.62,,,,,,,,,
2021-12-08,,,,,,,,,,24.04,22.51,25.4,,,,,,,,,,,,,48.82,47.0,50.77,,,,,,,,,,,,,11.72,10.06,13.28,,,,,,,,,,,,,,,,,,,8.77,7.06,10.11,,,,,,,3.93,2.37,5.6,,,,,,,,,
2021-12-09,,,,,,,,,,23.98,22.45,25.32,,,,,,,,,,,,,48.87,47.04,50.8,,,,,,,,,,,,,11.73,10.07,13.29,,,,,,,,,,,,,,,,,,,8.76,7.03,10.06,,,,,,,3.93,2.37,5.59,,,,24.0,47.0,15.0,,5.0,5.0
2021-12-10,,,,,,,,,,23.93,22.38,25.25,,,,,,,,,,,,,48.92,47.08,50.84,,,,,,,,,,,,,11.73,10.06,13.29,,,,,,,,,,,,,,,,,,,8.74,7.0,10.02,,,,,,,3.93,2.36,5.57,,,,25.0,53.0,8.0,,6.0,6.0
2021-12-11,,,,,,,,,,23.87,22.32,25.21,,,,,,,,,,,,,48.96,47.11,50.88,,,,,,,,,,,,,11.74,10.07,13.3,,,,,,,,,,,,,,,,,,,8.72,6.97,10.02,,,,,,,3.93,2.36,5.56,,,,,,,,,
2021-12-12,,,,,,,,,,23.82,22.25,25.15,,,,,,,,,,,,,49.01,47.12,50.92,,,,,,,,,,,,,11.75,10.06,13.33,,,,,,,,,,,,,,,,,,,8.7,6.94,10.0,,,,,,,3.93,2.36,5.56,,,,,,,,,
2021-12-13,,,,,,,,,,23.77,22.22,25.06,,,,,,,,,,,,,49.05,47.14,50.95,,,,,,,,,,,,,11.77,10.05,13.37,,,,,,,,,,,,,,,,,,,8.68,6.92,9.99,,,,,,,3.93,2.35,5.52,,,,,,,,,
2021-12-14,,,,,,,,,,23.73,22.16,25.01,,,,,,,,,,,,,49.09,47.21,50.99,,,,,,,,,,,,,11.78,10.05,13.37,,,,,,,,,,,,,,,,,,,8.66,6.91,9.96,,,,,,,3.92,2.35,5.5,,,,,,,,,
2021-12-15,,,,,,,,,,23.68,22.11,24.97,,,,,,,,,,,,,49.13,47.25,51.04,,,,,,,,,,,,,11.79,10.04,13.37,,,,,,,,,,,,,,,,,,,8.64,6.92,9.96,,,,,,,3.92,2.35,5.48,,,,23.0,58.0,10.0,,5.0,1.0
2021-12-16,,,,,,,,,,23.64,22.06,24.92,,,,,,,,,,,,,49.17,47.27,51.08,,,,,,,,,,,,,11.8,10.04,13.35,,,,,,,,,,,,,,,,,,,8.62,6.92,9.94,,,,,,,3.92,2.35,5.48,,,,,,,,,
2021-12-17,,,,,,,,,,23.59,22.03,24.86,,,,,,,,,,,,,49.21,47.3,51.12,,,,,,,,,,,,,11.82,10.04,13.33,,,,,,,,,,,,,,,,,,,8.6,6.9,9.93,,,,,,,3.91,2.35,5.48,,,,,,,,,
2021-12-18,,,,,,,,,,23.55,21.98,24.81,,,,,,,,,,,,,49.25,47.34,51.14,,,,,,,,,,,,,11.83,10.05,13.34,,,,,,,,,,,,,,,,,,,8.58,6.9,9.91,,,,,,,3.91,2.32,5.47,,,,,,,,,
2021-12-19,,,,,,,,,,23.52,21.92,24.79,,,,,,,,,,,,,49.28,47.37,51.19,,,,,,,,,,,,,11.85,10.05,13.35,,,,,,,,,,,,,,,,,,,8.55,6.87,9.89,,,,,,,3.9,2.29,5.47,,,,,,,,,
2021-12-20,,,,,,,,,,23.48,21.9,24.75,,,,,,,,,,,,,49.32,47.38,51.23,,,,,,,,,,,,,11.87,10.04,13.38,,,,,,,,,,,,,,,,,,,8.53,6.89,9.86,,,,,,,3.9,2.29,5.47,,,,22.0,53.0,13.0,,9.0,3.0
2021-12-21,,,,,,,,,,23.44,21.89,24.71,,,,,,,,,,,,,49.35,47.41,51.27,,,,,,,,,,,,,11.89,10.04,13.38,,,,,,,,,,,,,,,,,,,8.51,6.89,9.8,,,,,,,3.89,2.28,5.43,,,,,,,,,
2021-12-22,,,,,,,,,,23.41,21.87,24.66,,,,,,,,,,,,,49.38,47.42,51.3,,,,,,,,,,,,,11.9,10.04,13.38,,,,,,,,,,,,,,,,,,,8.48,6.88,9.77,,,,,,,3.88,2.28,5.39,,,,,,,,,
2021-12-23,,,,,,,,,,23.38,21.86,24.62,,,,,,,,,,,,,49.42,47.44,51.35,,,,,,,,,,,,,11.92,10.03,13.39,,,,,,,,,,,,,,,,,,,8.46,6.84,9.74,,,,,,,3.87,2.27,5.37,,,,,,,,,
2021-12-24,,,,,,,,,,23.35,21.85,24.61,,,,,,,,,,,,,49.45,47.46,51.38,,,,,,,,,,,,,11.94,10.04,13.43,,,,,,,,,,,,,,,,,,,8.44,6.79,9.72,,,,,,,3.86,2.26,5.34,,,,,,,,,
2021-12-25,,,,,,,,,,23.33,21.81,24.59,,,,,,,,,,,,,49.48,47.47,51.4,,,,,,,,,,,,,11.96,10.04,13.48,,,,,,,,,,,,,,,,,,,8.41,6.76,9.69,,,,,,,3.85,2.26,5.3,,,,,,,,,
2021-12-26,,,,,,,,,,23.3,21.77,24.57,,,,,,,,,,,,,49.51,47.49,51.41,,,,,,,,,,,,,11.98,10.04,13.53,,,,,,,,,,,,,,,,,,,8.39,6.71,9.67,,,,,,,3.84,2.25,5.26,,,,,,,,,
2021-12-27,,,,,,,,,,23.28,21.74,24.57,,,,,,,,,,,,,49.54,47.53,51.42,,,,,,,,,,,,,12.0,10.05,13.58,,,,,,,,,,,,,,,,,,,8.36,6.67,9.65,,,,,,,3.83,2.24,5.23,,,,,,,,,
2021-12-28,,,,,,,,,,23.26,21.71,24.56,,,,,,,,,,,,,49.57,47.58,51.44,,,,,,,,,,,,,12.02,10.05,13.59,,,,,,,,,,,,,,,,,,,8.34,6.63,9.63,,,,,,,3.81,2.22,5.19,,,,,,,,,
2021-12-29,,,,,,,,,,23.24,21.68,24.56,,,,,,,,,,,,,49.6,47.6,51.47,,,,,,,,,,,,,12.04,10.06,13.62,,,,,,,,,,,,,,,,,,,8.31,6.61,9.61,,,,,,,3.79,2.2,5.2,,,,,,,,,
2021-12-30,,,,,,,,,,23.22,21.66,24.56,,,,,,,,,,,,,49.63,47.6,51.5,,,,,,,,,,,,,12.07,10.07,13.67,,,,,,,,,,,,,,,,,,,8.29,6.6,9.6,,,,,,,3.78,2.19,5.2,,,,,,,,,
2021-12-31,,,,,,,,,,23.2,21.64,24.56,,,,,,,,,,,,,49.66,47.63,51.52,,,,,,,,,,,,,12.09,10.08,13.71,,,,,,,,,,,,,,,,,,,8.27,6.59,9.59,,,,,,,3.76,2.17,5.21,,,,,,,,,
2022-01-01,,,,,,,,,,23.18,21.63,24.53,,,,,,,,,,,,,49.7,47.62,51.55,,,,,,,,,,,,,12.11,10.09,13.75,,,,,,,,,,,,,,,,,,,8.24,6.57,9.57,,,,,,,3.74,2.16,5.18,,,,,,,,,
2022-01-02,,,,,,,,,,23.17,21.61,24.5,,,,,,,,,,,,,49.73,47.6,51.58,,,,,,,,,,,,,12.13,10.11,13.78,,,,,,,,,,,,,,,,,,,8.22,6.54,9.55,,,,,,,3.72,2.14,5.13,,,,,,,,,
2022-01-03,,,,,,,,,,23.15,21.58,24.47,,,,,,,,,,,,,49.76,47.58,51.6,,,,,,,,,,,,,12.15,10.12,13.78,,,,,,,,,,,,,,,,,,,8.2,6.54,9.53,,,,,,,3.7,2.13,5.12,,,,,,,,,
2022-01-04,,,,,,,,,,23.14,21.55,24.45,,,,,,,,,,,,,49.79,47.64,51.63,,,,,,,,,,,,,12.17,10.14,13.77,,,,,,,,,,,,,,,,,,,8.18,6.53,9.51,,,,,,,3.68,2.11,5.07,,,,,,,,,
2022-01-05,,,,,,,,,,23.13,21.55,24.43,,,,,,,,,,,,,49.82,47.71,51.66,,,,,,,,,,,,,12.19,10.16,13.78,,,,,,,,,,,,,,,,,,,8.16,6.51,9.5,,,,,,,3.66,2.09,5.04,,,,,,,,,
2022-01-06,,,,,,,,,,23.11,21.55,24.43,,,,,,,,,,,,,49.85,47.79,51.69,,,,,,,,,,,,,12.21,10.17,13.82,,,,,,,,,,,,,,,,,,,8.14,6.51,9.47,,,,,,,3.64,2.08,5.01,,,,,,,,,
2022-01-07,,,,,,,,,,23.1,21.55,24.42,,,,,,,,,,,,,49.88,47.85,51.72,,,,,,,,,,,,,12.23,10.19,13.85,,,,,,,,,,,,,,,,,,,8.12,6.5,9.44,,,,,,,3.61,2.05,5.0,,,,24.0,49.0,10.0,,8.0,5.0
2022-01-08,,,,,,,,,,23.09,21.55,24.42,,,,,,,,,,,,,49.91,47.87,51.76,,,,,,,,,,,,,12.25,10.23,13.93,,,,,,,,,,,,,,,,,,,8.1,6.49,9.44,,,,,,,3.59,2.03,4.98,,,,,,,,,
2022-01-09,,,,,,,,,,23.09,21.55,24.43,,,,,,,,,,,,,49.94,47.88,51.79,,,,,,,,,,,,,12.27,10.28,13.92,,,,,,,,,,,,,,,,,,,8.09,6.48,9.44,,,,,,,3.57,2.0,4.94,,,,,,,,,
2022-01-10,,,,,,,,,,23.08,21.59,24.45,,,,,,,,,,,,,49.97,47.86,51.83,,,,,,,,,,,,,12.29,10.33,13.91,,,,,,,,,,,,,,,,,,,8.07,6.46,9.45,,,,,,,3.54,1.98,4.92,,,,,,,,,
2022-01-11,,,,,,,,,,23.07,21.56,24.48,,,,,,,,,,,,,50.0,47.84,51.89,,,,,,,,,,,,,12.3,10.38,13.9,,,,,,,,,,,,,,,,,,,8.06,6.46,9.45,,,,,,,3.52,1.95,4.9,,,,,,,,,
2022-01-12,,,,,,,,,,23.07,21.53,24.46,,,,,,,,,,,,,50.03,47.83,51.93,,,,,,,,,,,,,12.32,10.39,13.89,,,,,,,,,,,,,,,,,,,8.04,6.46,9.44,,,,,,,3.5,1.92,4.88,,,,19.0,47.0,21.0,,9.0,2.0
2022-01-13,,,,,,,,,,23.06,21.52,24.45,,,,,,,,,,,,,50.06,47.83,51.97,,,,,,,,,,,,,12.33,10.39,13.92,,,,,,,,,,,,,,,,,,,8.03,6.45,9.42,,,,,,,3.47,1.9,4.86,,,,20.0,53.0,14.0,,5.0,6.0
2022-01-14,,,,,,,,,,23.06,21.51,24.43,,,,,,,,,,,,,50.08,47.91,52.0,,,,,,,,,,,,,12.34,10.41,13.97,,,,,,,,,,,,,,,,,,,8.02,6.45,9.41,,,,,,,3.45,1.87,4.85,,,,21.0,55.0,7.0,,10.0,5.0
2022-01-15,,,,,,,,,,23.06,21.5,24.41,,,,,,,,,,,,,50.11,47.91,52.03,,,,,,,,,,,,,12.35,10.43,14.01,,,,,,,,,,,,,,,,,,,8.0,6.42,9.39,,,,,,,3.42,1.84,4.84,,,,,,,,,
2022-01-16,,,,,,,,,,23.06,21.56,24.4,,,,,,,,,,,,,50.13,47.89,52.06,,,,,,,,,,,,,12.36,10.44,14.06,,,,,,,,,,,,,,,,,,,7.99,6.39,9.38,,,,,,,3.4,1.81,4.82,,,,,,,,,
2022-01-17,,,,,,,,,,23.05,21.57,24.41,,,,,,,,,,,,,50.16,47.89,52.13,,,,,,,,,,,,,12.37,10.46,14.07,,,,,,,,,,,,,,,,,,,7.98,6.36,9.39,,,,,,,3.38,1.79,4.8,,,,,,,,,
2022-01-18,,,,,,,,,,23.05,21.57,24.41,,,,,,,,,,,,,50.18,47.92,52.22,,,,,,,,,,,,,12.38,10.46,14.08,,,,,,,,,,,,,,,,,,,7.98,6.32,9.41,,,,,,,3.36,1.77,4.79,,,,,,,,,
2022-01-19,,,,,,,,,,23.06,21.58,24.41,,,,,,,,,,,,,50.21,47.94,52.29,,,,,,,,,,,,,12.38,10.47,14.08,,,,,,,,,,,,,,,,,,,7.97,6.32,9.41,,,,,,,3.34,1.75,4.78,,,,,,,,,
2022-01-20,,,,,,,,,,23.06,21.58,24.43,,,,,,,,,,,,,50.23,47.93,52.33,,,,,,,,,,,,,12.38,10.49,14.08,,,,,,,,,,,,,,,,,,,7.96,6.31,9.41,,,,,,,3.32,1.73,4.75,,,,,,,,,
2022-01-21,,,,,,,,,,23.06,21.58,24.45,,,,,,,,,,,,,50.25,47.94,52.36,,,,,,,,,,,,,12.39,10.51,14.08,,,,,,,,,,,,,,,,,,,7.95,6.29,9.4,,,,,,,3.3,1.71,4.71,,,,24.0,46.0,11.0,,11.0,3.0
2022-01-22,,,,,,,,,,23.06,21.59,24.45,,,,,,,,,,,,,50.27,47.95,52.39,,,,,,,,,,,,,12.39,10.52,14.06,,,,,,,,,,,,,,,,,,,7.94,6.27,9.39,,,,,,,3.28,1.69,4.67,,,,,,,,,
2022-01-23,,,,,,,,,,23.07,21.6,24.43,,,,,,,,,,,,,50.29,47.96,52.42,,,,,,,,,,,,,12.39,10.54,14.03,,,,,,,,,,,,,,,,,,,7.94,6.26,9.39,,,,,,,3.26,1.67,4.62,,,,,,,,,
2022-01-24,,,,,,,,,,23.07,21.6,24.41,,,,,,,,,,,,,50.31,48.01,52.45,,,,,,,,,,,,,12.38,10.51,14.05,,,,,,,,,,,,,,,,,,,7.93,6.25,9.4,,,,,,,3.24,1.66,4.61,,,,,,,,,
2022-01-25,,,,,,,,,,23.08,21.58,24.42,,,,,,,,,,,,,50.33,48.01,52.48,,,,,,,,,,,,,12.38,10.47,14.04,,,,,,,,,,,,,,,,,,,7.93,6.29,9.42,,,,,,,3.23,1.63,4.59,,,,,,,,,
2022-01-26,,,,,,,,,,23.08,21.6,24.43,,,,,,,,,,,,,50.34,47.99,52.5,,,,,,,,,,,,,12.38,10.44,14.08,,,,,,,,,,,,,,,,,,,7.92,6.3,9.42,,,,,,,3.21,1.62,4.56,,,,,,,,,
2022-01-27,,,,,,,,,,23.09,21.59,24.45,,,,,,,,,,,,,50.36,47.98,52.52,,,,,,,,,,,,,12.37,10.43,14.07,,,,,,,,,,,,,,,,,,,7.92,6.29,9.42,,,,,,,3.19,1.6,4.56,,,,21.0,47.0,16.0,,9.0,3.0
2022-01-28,,,,,,,,,,23.1,21.58,24.47,,,,,,,,,,,,,50.37,47.96,52.54,,,,,,,,,,,,,12.36,10.43,14.05,,,,,,,,,,,,,,,,,,,7.91,6.27,9.44,,,,,,,3.18,1.59,4.54,,,,,,,,,
2022-01-29,,,,,,,,,,23.11,21.58,24.5,,,,,,,,,,,,,50.38,47.95,52.55,,,,,,,,,,,,,12.36,10.43,14.02,,,,,,,,,,,,,,,,,,,7.91,6.24,9.45,,,,,,,3.16,1.57,4.53,,,,,,,,,
2022-01-30,,,,,,,,,,23.12,21.57,24.54,,,,,,,,,,,,,50.39,47.98,52.57,,,,,,,,,,,,,12.35,10.42,14.0,,,,,,,,,,,,,,,,,,,7.91,6.25,9.47,,,,,,,3.15,1.56,4.51,,,,,,,,,
2022-01-31,,,,,,,,,,23.13,21.57,24.57,,,,,,,,,,,,,50.39,48.0,52.56,,,,,,,,,,,,,12.34,10.42,13.97,,,,,,,,,,,,,,,,,,,7.91,6.27,9.47,,,,,,,3.13,1.52,4.49,,,,,,,,,
2022-02-01,,,,,,,,,,23.15,21.64,24.61,,,,,,,,,,,,,50.4,47.98,52.48,,,,,,,,,,,,,12.33,10.41,13.99,,,,,,,,,,,,,,,,,,,7.91,6.28,9.46,,,,,,,3.12,1.5,4.46,,,,,,,,,
2022-02-02,,,,,,,,,,23.16,21.62,24.64,,,,,,,,,,,,,50.4,47.96,52.4,,,,,,,,,,,,,12.32,10.41,14.0,,,,,,,,,,,,,,,,,,,7.9,6.28,9.43,,,,,,,3.1,1.48,4.46,,,,19.0,62.0,10.0,,4.0,3.0
2022-02-03,,,,,,,,,,23.18,21.6,24.68,,,,,,,,,,,,,50.4,47.93,52.32,,,,,,,,,,,,,12.31,10.41,14.02,,,,,,,,,,,,,,,,,,,7.9,6.25,9.41,,,,,,,3.09,1.47,4.44,,,,,,,,,
2022-02-04,,,,,,,,,,23.2,21.58,24.71,,,,,,,,,,,,,50.4,47.91,52.27,,,,,,,,,,,,,12.3,10.39,14.0,,,,,,,,,,,,,,,,,,,7.9,6.23,9.38,,,,,,,3.08,1.46,4.42,,,,,,,,,
2022-02-05,,,,,,,,,,23.22,21.59,24.74,,,,,,,,,,,,,50.39,47.88,52.26,,,,,,,,,,,,,12.28,10.4,13.97,,,,,,,,,,,,,,,,,,,7.9,6.21,9.36,,,,,,,3.06,1.45,4.41,,,,,,,,,
2022-02-06,,,,,,,,,,23.24,21.62,24.78,,,,,,,,,,,,,50.39,47.88,52.27,,,,,,,,,,,,,12.27,10.36,13.98,,,,,,,,,,,,,,,,,,,7.9,6.18,9.38,,,,,,,3.05,1.44,4.39,,,,,,,,,
2022-02-07,,,,,,,,,,23.27,21.63,24.82,,,,,,,,,,,,,50.38,47.9,52.25,,,,,,,,,,,,,12.26,10.32,13.99,,,,,,,,,,,,,,,,,,,7.9,6.21,9.4,,,,,,,3.04,1.43,4.37,,,,,,,,,
2022-02-08,,,,,,,,,,23.29,21.64,24.85,,,,,,,,,,,,,50.36,47.9,52.21,,,,,,,,,,,,,12.24,10.28,13.99,,,,,,,,,,,,,,,,,,,7.9,6.26,9.42,,,,,,,3.02,1.43,4.36,,,,,,,,,
2022-02-09,,,,,,,,,,23.32,21.66,24.88,,,,,,,,,,,,,50.35,47.91,52.2,,,,,,,,,,,,,12.23,10.28,13.99,,,,,,,,,,,,,,,,,,,7.91,6.32,9.43,,,,,,,3.01,1.42,4.33,,,,,,,,,
2022-02-10,,,,,,,,,,23.35,21.68,24.9,,,,,,,,,,,,,50.34,47.91,52.18,,,,,,,,,,,,,12.21,10.29,13.98,,,,,,,,,,,,,,,,,,,7.91,6.38,9.45,,,,,,,3.0,1.38,4.32,,,,,,,,,
2022-02-11,,,,,,,,,,23.38,21.71,24.96,,,,,,,,,,,,,50.32,47.92,52.15,,,,,,,,,,,,,12.2,10.28,13.97,,,,,,,,,,,,,,,,,,,7.91,6.35,9.47,,,,,,,2.99,1.34,4.32,,,,23.0,48.0,11.0,,11.0,2.0
2022-02-12,,,,,,,,,,23.42,21.74,25.0,,,,,,,,,,,,,50.3,47.88,52.12,,,,,,,,,,,,,12.18,10.3,13.96,,,,,,,,,,,,,,,,,,,7.91,6.31,9.48,,,,,,,2.97,1.32,4.29,,,,,,,,,
2022-02-13,,,,,,,,,,23.45,21.77,25.03,,,,,,,,,,,,,50.28,47.86,52.09,,,,,,,,,,,,,12.17,10.31,13.95,,,,,,,,,,,,,,,,,,,7.91,6.27,9.5,,,,,,,2.96,1.33,4.27,,,,,,,,,
2022-02-14,,,,,,,,,,23.49,21.77,25.06,,,,,,,,,,,,,50.26,47.83,52.08,,,,,,,,,,,,,12.15,10.31,13.93,,,,,,,,,,,,,,,,,,,7.91,6.23,9.51,,,,,,,2.95,1.32,4.26,,,,,,,,,
2022-02-15,,,,,,,,,,23.52,21.8,25.09,,,,,,,,,,,,,50.24,47.8,52.05,,,,,,,,,,,,,12.14,10.3,13.92,,,,,,,,,,,,,,,,,,,7.91,6.19,9.51,,,,,,,2.94,1.29,4.24,,,,,,,,,
2022-02-16,,,,,,,,,,23.56,21.84,25.13,,,,,,,,,,,,,50.21,47.76,52.01,,,,,,,,,,,,,12.12,10.28,13.91,,,,,,,,,,,,,,,,,,,7.91,6.22,9.52,,,,,,,2.92,1.27,4.19,,,,,,,,,
2022-02-17,,,,,,,,,,23.6,21.88,25.16,,,,,,,,,,,,,50.19,47.72,51.99,,,,,,,,,,,,,12.1,10.27,13.89,,,,,,,,,,,,,,,,,,,7.91,6.2,9.52,,,,,,,2.91,1.3,4.14,,,,30.0,37.0,19.0,,9.0,1.0
2022-02-18,,,,,,,,,,23.64,21.9,25.2,,,,,,,,,,,,,50.16,47.69,51.97,,,,,,,,,,,,,12.09,10.27,13.88,,,,,,,,,,,,,,,,,,,7.91,6.21,9.5,,,,,,,2.9,1.32,4.12,,,,,,,,,
2022-02-19,,,,,,,,,,23.68,21.95,25.23,,,,,,,,,,,,,50.14,47.65,51.91,,,,,,,,,,,,,12.07,10.25,13.86,,,,,,,,,,,,,,,,,,,7.91,6.25,9.49,,,,,,,2.89,1.32,4.14,,,,,,,,,
2022-02-20,,,,,,,,,,23.72,21.97,25.27,,,,,,,,,,,,,50.11,47.62,51.86,,,,,,,,,,,,,12.05,10.23,13.85,,,,,,,,,,,,,,,,,,,7.9,6.24,9.47,,,,,,,2.87,1.31,4.17,,,,,,,,,
2022-02-21,,,,,,,,,,23.76,21.98,25.29,,,,,,,,,,,,,50.09,47.59,51.82,,,,,,,,,,,,,12.04,10.21,13.84,,,,,,,,,,,,,,,,,,,7.9,6.23,9.45,,,,,,,2.86,1.31,4.15,,,,,,,,,
2022-02-22,,,,,,,,,,23.8,22.03,25.32,,,,,,,,,,,,,50.07,47.6,51.8,,,,,,,,,,,,,12.02,10.2,13.82,,,,,,,,,,,,,,,,,,,7.9,6.21,9.43,,,,,,,2.85,1.32,4.14,,,,,,,,,
2022-02-23,,,,,,,,,,23.85,22.05,25.38,,,,,,,,,,,,,50.04,47.6,51.78,,,,,,,,,,,,,12.0,10.15,13.81,,,,,,,,,,,,,,,,,,,7.9,6.21,9.4,,,,,,,2.83,1.34,4.12,,,,,,,,,
2022-02-24,,,,,,,,,,23.89,22.07,25.44,,,,,,,,,,,,,50.02,47.62,51.79,,,,,,,,,,,,,11.98,10.13,13.79,,,,,,,,,,,,,,,,,,,7.89,6.23,9.39,,,,,,,2.82,1.35,4.11,,,,,,,,,
2022-02-25,,,,,,,,,,23.93,22.14,25.5,,,,,,,,,,,,,50.0,47.62,51.8,,,,,,,,,,,,,11.96,10.14,13.78,,,,,,,,,,,,,,,,,,,7.89,6.26,9.4,,,,,,,2.81,1.36,4.09,,,,21.0,57.0,12.0,,5.0,2.0
2022-02-26,,,,,,,,,,23.97,22.2,25.54,,,,,,,,,,,,,49.98,47.6,51.77,,,,,,,,,,,,,11.94,10.11,13.76,,,,,,,,,,,,,,,,,,,7.88,6.27,9.41,,,,,,,2.79,1.37,4.08,,,,,,,,,
2022-02-27,,,,,,,,,,24.02,22.26,25.55,,,,,,,,,,,,,49.97,47.58,51.75,,,,,,,,,,,,,11.92,10.09,13.74,,,,,,,,,,,,,,,,,,,7.88,6.29,9.38,,,,,,,2.78,1.37,4.06,,,,,,,,,
2022-02-28,,,,,,,,,,24.06,22.33,25.57,,,,,,,,,,,,,49.95,47.56,51.73,,,,,,,,,,,,,11.9,10.07,13.72,,,,,,,,,,,,,,,,,,,7.87,6.31,9.38,,,,,,,2.76,1.38,4.06,,,,,,,,,
2022-03-01,,,,,,,,,,24.1,22.4,25.62,,,,,,,,,,,,,49.93,47.56,51.7,,,,,,,,,,,,,11.88,10.05,13.69,,,,,,,,,,,,,,,,,,,7.87,6.28,9.34,,,,,,,2.75,1.38,4.04,,,,,,,,,
2022-03-02,,,,,,,,,,24.14,22.46,25.64,,,,,,,,,,,,,49.92,47.56,51.68,,,,,,,,,,,,,11.86,10.03,13.66,,,,,,,,,,,,,,,,,,,7.86,6.28,9.36,,,,,,,2.73,1.32,4.03,,,,,,,,,
2022-03-03,,,,,,,,,,24.19,22.48,25.68,,,,,,,,,,,,,49.91,47.54,51.69,,,,,,,,,,,,,11.84,10.01,13.64,,,,,,,,,,,,,,,,,,,7.85,6.29,9.39,,,,,,,2.72,1.31,4.03,,,,,,,,,
2022-03-04,,,,,,,,,,24.23,22.51,25.72,,,,,,,,,,,,,49.89,47.53,51.69,,,,,,,,,,,,,11.82,9.97,13.61,,,,,,,,,,,,,,,,,,,7.85,6.3,9.36,,,,,,,2.7,1.32,4.02,,,,28.0,49.0,8.0,,10.0,2.0
2022-03-05,,,,,,,,,,24.27,22.53,25.76,,,,,,,,,,,,,49.88,47.51,51.66,,,,,,,,,,,,,11.8,9.95,13.58,,,,,,,,,,,,,,,,,,,7.84,6.29,9.31,,,,,,,2.68,1.3,4.02,,,,,,,,,
2022-03-06,,,,,,,,,,24.31,22.56,25.8,,,,,,,,,,,,,49.87,47.5,51.66,,,,,,,,,,,,,11.78,9.95,13.56,,,,,,,,,,,,,,,,,,,7.83,6.28,9.25,,,,,,,2.67,1.3,4.01,,,,,,,,,
2022-03-07,,,,,,,,,,24.36,22.59,25.84,,,,,,,,,,,,,49.86,47.49,51.63,,,,,,,,,,,,,11.76,9.94,13.51,,,,,,,,,,,,,,,,,,,7.83,6.29,9.24,,,,,,,2.65,1.31,4.02,,,,,,,,,
2022-03-08,,,,,,,,,,24.4,22.62,25.88,,,,,,,,,,,,,49.85,47.48,51.59,,,,,,,,,,,,,11.74,9.92,13.48,,,,,,,,,,,,,,,,,,,7.82,6.27,9.24,,,,,,,2.64,1.32,4.01,,,,,,,,,
2022-03-09,,,,,,,,,,24.44,22.65,25.93,,,,,,,,,,,,,49.84,47.47,51.55,,,,,,,,,,,,,11.72,9.94,13.47,,,,,,,,,,,,,,,,,,,7.81,6.26,9.25,,,,,,,2.62,1.32,4.0,,,,26.0,55.0,11.0,,6.0,1.0
2022-03-10,,,,,,,,,,24.48,22.7,25.97,,,,,,,,,,,,,49.84,47.46,51.53,,,,,,,,,,,,,11.7,9.93,13.44,,,,,,,,,,,,,,,,,,,7.8,6.24,9.25,,,,,,,2.6,1.31,4.0,,,,,,,,,
2022-03-11,,,,,,,,,,24.52,22.73,26.01,,,,,,,,,,,,,49.83,47.45,51.51,,,,,,,,,,,,,11.68,9.88,13.37,,,,,,,,,,,,,,,,,,,7.79,6.23,9.27,,,,,,,2.59,1.29,4.0,,,,,,,,,
2022-03-12,,,,,,,,,,24.56,22.77,26.08,,,,,,,,,,,,,49.83,47.45,51.5,,,,,,,,,,,,,11.66,9.86,13.29,,,,,,,,,,,,,,,,,,,7.79,6.22,9.26,,,,,,,2.57,1.28,4.0,,,,,,,,,
2022-03-13,,,,,,,,,,24.6,22.81,26.16,,,,,,,,,,,,,49.82,47.45,51.49,,,,,,,,,,,,,11.64,9.85,13.22,,,,,,,,,,,,,,,,,,,7.78,6.2,9.24,,,,,,,2.56,1.27,3.99,,,,,,,,,
2022-03-14,,,,,,,,,,24.64,22.86,26.21,,,,,,,,,,,,,49.82,47.45,51.47,,,,,,,,,,,,,11.62,9.83,13.18,,,,,,,,,,,,,,,,,,,7.77,6.21,9.22,,,,,,,2.55,1.25,3.99,,,,,,,,,
2022-03-15,,,,,,,,,,24.68,22.9,26.28,,,,,,,,,,,,,49.82,47.46,51.46,,,,,,,,,,,,,11.6,9.81,13.18,,,,,,,,,,,,,,,,,,,7.76,6.21,9.19,,,,,,,2.53,1.24,3.98,,,,,,,,,
2022-03-16,,,,,,,,,,24.72,22.91,26.35,,,,,,,,,,,,,49.82,47.47,51.44,,,,,,,,,,,,,11.58,9.8,13.14,,,,,,,,,,,,,,,,,,,7.75,6.21,9.17,,,,,,,2.52,1.21,3.98,,,,,,,,,
2022-03-17,,,,,,,,,,24.75,22.96,26.37,,,,,,,,,,,,,49.82,47.48,51.41,,,,,,,,,,,,,11.56,9.8,13.08,,,,,,,,,,,,,,,,,,,7.74,6.21,9.14,,,,,,,2.51,1.2,3.98,,,,20.0,52.0,14.0,,7.0,3.0
2022-03-18,,,,,,,,,,24.79,23.0,26.39,,,,,,,,,,,,,49.82,47.49,51.41,,,,,,,,,,,,,11.54,9.8,13.08,,,,,,,,,,,,,,,,,,,7.72,6.22,9.1,,,,,,,2.5,1.2,3.97,,,,,,,,,
2022-03-19,,,,,,,,,,24.82,23.04,26.44,,,,,,,,,,,,,49.82,47.51,51.37,,,,,,,,,,,,,11.53,9.79,13.09,,,,,,,,,,,,,,,,,,,7.71,6.23,9.07,,,,,,,2.49,1.17,3.97,,,,,,,,,
2022-03-20,,,,,,,,,,24.85,23.08,26.52,,,,,,,,,,,,,49.83,47.52,51.37,,,,,,,,,,,,,11.51,9.79,13.1,,,,,,,,,,,,,,,,,,,7.7,6.23,9.04,,,,,,,2.48,1.14,3.95,,,,,,,,,
2022-03-21,,,,,,,,,,24.88,23.12,26.57,,,,,,,,,,,,,49.83,47.56,51.39,,,,,,,,,,,,,11.49,9.78,13.06,,,,,,,,,,,,,,,,,,,7.69,6.25,9.03,,,,,,,2.47,1.14,3.95,,,,,,,,,
2022-03-22,,,,,,,,,,24.91,23.2,26.58,,,,,,,,,,,,,49.84,47.59,51.4,,,,,,,,,,,,,11.48,9.78,13.03,,,,,,,,,,,,,,,,,,,7.68,6.24,9.04,,,,,,,2.47,1.16,3.94,,,,,,,,,
2022-03-23,,,,,,,,,,24.94,23.21,26.61,,,,,,,,,,,,,49.84,47.62,51.42,,,,,,,,,,,,,11.46,9.78,12.99,,,,,,,,,,,,,,,,,,,7.67,6.23,9.03,,,,,,,2.46,1.17,3.92,,,,28.0,50.0,7.0,,8.0,2.0
2022-03-24,,,,,,,,,,24.96,23.2,26.63,,,,,,,,,,,,,49.85,47.66,51.45,,,,,,,,,,,,,11.45,9.78,12.98,,,,,,,,,,,,,,,,,,,7.66,6.23,8.98,,,,,,,2.46,1.17,3.92,,,,26.0,46.0,13.0,,8.0,5.0
2022-03-25,,,,,,,,,,24.99,23.21,26.64,,,,,,,,,,,,,49.86,47.69,51.45,,,,,,,,,,,,,11.43,9.78,12.98,,,,,,,,,,,,,,,,,,,7.64,6.22,8.96,,,,,,,2.46,1.15,3.92,,,,,,,,,
2022-03-26,,,,,,,,,,25.01,23.23,26.65,,,,,,,,,,,,,49.87,47.72,51.44,,,,,,,,,,,,,11.42,9.79,12.99,,,,,,,,,,,,,,,,,,,7.63,6.22,8.97,,,,,,,2.45,1.15,3.92,,,,,,,,,
2022-03-27,,,,,,,,,,25.03,23.25,26.66,,,,,,,,,,,,,49.89,47.74,51.42,,,,,,,,,,,,,11.41,9.79,12.99,,,,,,,,,,,,,,,,,,,7.62,6.22,9.0,,,,,,,2.45,1.14,3.92,,,,,,,,,
2022-03-28,,,,,,,,,,25.04,23.26,26.67,,,,,,,,,,,,,49.9,47.77,51.42,,,,,,,,,,,,,11.4,9.76,12.98,,,,,,,,,,,,,,,,,,,7.61,6.22,9.02,,,,,,,2.45,1.13,3.92,,,,,,,,,
2022-03-29,,,,,,,,,,25.06,23.28,26.67,,,,,,,,,,,,,49.91,47.83,51.43,,,,,,,,,,,,,11.38,9.74,12.98,,,,,,,,,,,,,,,,,,,7.6,6.22,9.05,,,,,,,2.45,1.13,3.91,,,,,,,,,
2022-03-30,,,,,,,,,,25.07,23.29,26.7,,,,,,,,,,,,,49.93,47.86,51.43,,,,,,,,,,,,,11.38,9.72,12.95,,,,,,,,,,,,,,,,,,,7.58,6.21,9.01,,,,,,,2.45,1.12,3.91,,,,23.0,50.0,9.0,,7.0,6.0
2022-03-31,,,,,,,,,,25.08,23.31,26.73,,,,,,,,,,,,,49.94,47.9,51.48,,,,,,,,,,,,,11.37,9.69,12.92,,,,,,,,,,,,,,,,,,,7.57,6.19,8.96,,,,,,,2.46,1.12,3.9,,,,,,,,,
2022-04-01,,,,,,,,,,25.09,23.31,26.76,,,,,,,,,,,,,49.96,47.95,51.56,,,,,,,,,,,,,11.36,9.66,12.93,,,,,,,,,,,,,,,,,,,7.56,6.17,8.95,,,,,,,2.46,1.12,3.9,,,,,,,,,
2022-04-02,,,,,,,,,,25.1,23.32,26.72,,,,,,,,,,,,,49.98,47.96,51.66,,,,,,,,,,,,,11.35,9.67,12.95,,,,,,,,,,,,,,,,,,,7.55,6.15,8.95,,,,,,,2.46,1.1,3.89,,,,,,,,,
2022-04-03,,,,,,,,,,25.1,23.33,26.76,,,,,,,,,,,,,50.0,47.97,51.68,,,,,,,,,,,,,11.35,9.69,12.92,,,,,,,,,,,,,,,,,,,7.54,6.13,8.94,,,,,,,2.46,1.12,3.9,,,,,,,,,
2022-04-04,,,,,,,,,,25.11,23.34,26.76,,,,,,,,,,,,,50.02,48.01,51.67,,,,,,,,,,,,,11.34,9.71,12.9,,,,,,,,,,,,,,,,,,,7.52,6.11,8.93,,,,,,,2.47,1.12,3.91,,,,,,,,,
2022-04-05,,,,,,,,,,25.11,23.37,26.79,,,,,,,,,,,,,50.04,48.05,51.66,,,,,,,,,,,,,11.34,9.72,12.91,,,,,,,,,,,,,,,,,,,7.51,6.06,8.92,,,,,,,2.47,1.1,3.92,,,,,,,,,
2022-04-06,,,,,,,,,,25.11,23.4,26.81,,,,,,,,,,,,,50.06,48.11,51.66,,,,,,,,,,,,,11.33,9.72,12.88,,,,,,,,,,,,,,,,,,,7.5,6.04,8.9,,,,,,,2.48,1.09,3.92,,,,,,,,,
2022-04-07,,,,,,,,,,25.11,23.4,26.83,,,,,,,,,,,,,50.08,48.16,51.66,,,,,,,,,,,,,11.33,9.7,12.86,,,,,,,,,,,,,,,,,,,7.49,6.01,8.9,,,,,,,2.48,1.08,3.93,,,,27.0,48.0,14.0,,7.0,1.0
2022-04-08,,,,,,,,,,25.11,23.34,26.85,,,,,,,,,,,,,50.1,48.18,51.66,,,,,,,,,,,,,11.33,9.69,12.83,,,,,,,,,,,,,,,,,,,7.47,5.99,8.9,,,,,,,2.48,1.07,3.94,,,,,,,,,
2022-04-09,,,,,,,,,,25.11,23.36,26.87,,,,,,,,,,,,,50.12,48.24,51.66,,,,,,,,,,,,,11.33,9.68,12.83,,,,,,,,,,,,,,,,,,,7.46,5.96,8.89,,,,,,,2.49,1.07,3.94,,,,,,,,,
2022-04-10,,,,,,,,,,25.1,23.38,26.88,,,,,,,,,,,,,50.15,48.26,51.66,,,,,,,,,,,,,11.33,9.68,12.83,,,,,,,,,,,,,,,,,,,7.45,5.94,8.88,,,,,,,2.49,1.08,3.94,,,,,,,,,
2022-04-11,,,,,,,,,,25.1,23.4,26.88,,,,,,,,,,,,,50.17,48.31,51.66,,,,,,,,,,,,,11.33,9.66,12.83,,,,,,,,,,,,,,,,,,,7.43,5.91,8.88,,,,,,,2.49,1.06,3.94,,,,,,,,,
2022-04-12,,,,,,,,,,25.09,23.42,26.85,,,,,,,,,,,,,50.2,48.35,51.67,,,,,,,,,,,,,11.33,9.65,12.83,,,,,,,,,,,,,,,,,,,7.42,5.88,8.89,,,,,,,2.5,1.04,3.93,,,,,,,,,
2022-04-13,,,,,,,,,,25.08,23.41,26.83,,,,,,,,,,,,,50.22,48.4,51.68,,,,,,,,,,,,,11.34,9.7,12.83,,,,,,,,,,,,,,,,,,,7.41,5.85,8.89,,,,,,,2.5,1.04,3.93,,,,,,,,,
2022-04-14,,,,,,,,,,25.07,23.41,26.81,,,,,,,,,,,,,50.25,48.44,51.74,,,,,,,,,,,,,11.34,9.74,12.83,,,,,,,,,,,,,,,,,,,7.39,5.82,8.89,,,,,,,2.5,1.04,3.95,,,,27.0,47.0,10.0,,8.0,2.0
2022-04-15,,,,,,,,,,25.06,23.4,26.77,,,,,,,,,,,,,50.27,48.49,51.74,,,,,,,,,,,,,11.35,9.79,12.83,,,,,,,,,,,,,,,,,,,7.38,5.8,8.89,,,,,,,2.51,1.03,3.95,,,,,,,,,
2022-04-16,,,,,,,,,,25.05,23.4,26.75,,,,,,,,,,,,,50.3,48.53,51.76,,,,,,,,,,,,,11.36,9.79,12.88,,,,,,,,,,,,,,,,,,,7.37,5.77,8.88,,,,,,,2.51,1.02,3.95,,,,,,,,,
2022-04-17,,,,,,,,,,25.04,23.39,26.74,,,,,,,,,,,,,50.32,48.57,51.8,,,,,,,,,,,,,11.37,9.79,12.92,,,,,,,,,,,,,,,,,,,7.36,5.74,8.86,,,,,,,2.51,1.02,3.97,,,,,,,,,
2022-04-18,,,,,,,,,,25.03,23.4,26.72,,,,,,,,,,,,,50.35,48.62,51.83,,,,,,,,,,,,,11.37,9.82,12.96,,,,,,,,,,,,,,,,,,,7.35,5.7,8.78,,,,,,,2.51,1.02,3.96,,,,,,,,,
2022-04-19,,,,,,,,,,25.01,23.41,26.69,,,,,,,,,,,,,50.37,48.66,51.87,,,,,,,,,,,,,11.38,9.86,12.97,,,,,,,,,,,,,,,,,,,7.33,5.65,8.73,,,,,,,2.51,1.02,3.95,,,,,,,,,
2022-04-20,,,,,,,,,,25.0,23.41,26.66,,,,,,,,,,,,,50.4,48.7,51.9,,,,,,,,,,,,,11.4,9.9,12.98,,,,,,,,,,,,,,,,,,,7.32,5.6,8.72,,,,,,,2.51,1.02,3.94,,,,30.0,49.0,9.0,,9.0,1.0
2022-04-21,,,,,,,,,,24.98,23.39,26.65,,,,,,,,,,,,,50.42,48.74,51.92,,,,,,,,,,,,,11.41,9.89,12.97,,,,,,,,,,,,,,,,,,,7.31,5.56,8.72,,,,,,,2.51,1.02,3.92,,,,,,,,,
2022-04-22,,,,,,,,,,24.97,23.35,26.64,,,,,,,,,,,,,50.44,48.78,51.93,,,,,,,,,,,,,11.42,9.88,12.98,,,,,,,,,,,,,,,,,,,7.3,5.52,8.71,,,,,,,2.51,1.01,3.91,,,,,,,,,
2022-04-23,,,,,,,,,,24.95,23.33,26.62,,,,,,,,,,,,,50.47,48.82,51.98,,,,,,,,,,,,,11.44,9.88,13.02,,,,,,,,,,,,,,,,,,,7.29,5.48,8.72,,,,,,,2.51,1.02,3.91,,,,,,,,,
2022-04-24,,,,,,,,,,24.93,23.32,26.6,,,,,,,,,,,,,50.49,48.86,52.01,,,,,,,,,,,,,11.46,9.85,13.04,,,,,,,,,,,,,,,,,,,7.28,5.46,8.73,,,,,,,2.51,1.03,3.9,,,,,,,,,
2022-04-25,,,,,,,,,,24.91,23.3,26.58,,,,,,,,,,,,,50.51,48.89,52.03,,,,,,,,,,,,,11.47,9.87,13.06,,,,,,,,,,,,,,,,,,,7.27,5.49,8.72,,,,,,,2.51,1.03,3.89,,,,,,,,,
2022-04-26,,,,,,,,,,24.9,23.27,26.58,,,,,,,,,,,,,50.52,48.92,52.04,,,,,,,,,,,,,11.5,9.88,13.08,,,,,,,,,,,,,,,,,,,7.27,5.53,8.72,,,,,,,2.51,1.02,3.88,,,,,,,,,
2022-04-27,,,,,,,,,,24.88,23.24,26.55,,,,,,,,,,,,,50.54,48.95,52.06,,,,,,,,,,,,,11.52,9.88,13.1,,,,,,,,,,,,,,,,,,,7.26,5.53,8.72,,,,,,,2.51,1.04,3.88,,,,21.0,50.0,12.0,,8.0,2.0
2022-04-28,,,,,,,,,,24.86,23.21,26.52,,,,,,,,,,,,,50.56,48.98,52.09,,,,,,,,,,,,,11.54,9.89,13.12,,,,,,,,,,,,,,,,,,,7.25,5.52,8.71,,,,,,,2.5,1.05,3.9,,,,,,,,,
2022-04-29,,,,,,,,,,24.84,23.19,26.49,,,,,,,,,,,,,50.57,49.01,52.13,,,,,,,,,,,,,11.57,9.92,13.14,,,,,,,,,,,,,,,,,,,7.24,5.53,8.71,,,,,,,2.5,1.06,3.87,,,,,,,,,
2022-04-30,,,,,,,,,,24.82,23.16,26.44,,,,,,,,,,,,,50.59,49.04,52.16,,,,,,,,,,,,,11.59,9.94,13.17,,,,,,,,,,,,,,,,,,,7.24,5.55,8.7,,,,,,,2.5,1.06,3.88,,,,,,,,,
2022-05-01,,,,,,,,,,24.79,23.13,26.43,,,,,,,,,,,,,50.6,49.03,52.18,,,,,,,,,,,,,11.62,9.97,13.18,,,,,,,,,,,,,,,,,,,7.23,5.56,8.7,,,,,,,2.49,1.06,3.94,,,,,,,,,
2022-05-02,,,,,,,,,,24.77,23.1,26.41,,,,,,,,,,,,,50.61,49.01,52.2,,,,,,,,,,,,,11.65,10.01,13.22,,,,,,,,,,,,,,,,,,,7.22,5.57,8.69,,,,,,,2.48,1.06,3.95,,,,,,,,,
2022-05-03,,,,,,,,,,24.75,23.07,26.39,,,,,,,,,,,,,50.63,49.0,52.23,,,,,,,,,,,,,11.69,10.07,13.26,,,,,,,,,,,,,,,,,,,7.22,5.54,8.68,,,,,,,2.48,1.06,3.96,,,,,,,,,
2022-05-04,,,,,,,,,,24.73,23.03,26.38,,,,,,,,,,,,,50.64,48.99,52.23,,,,,,,,,,,,,11.72,10.13,13.29,,,,,,,,,,,,,,,,,,,7.21,5.5,8.68,,,,,,,2.47,1.09,3.92,,,,,,,,,
2022-05-05,,,,,,,,,,24.71,22.98,26.36,,,,,,,,,,,,,50.65,49.02,52.22,,,,,,,,,,,,,11.75,10.19,13.33,,,,,,,,,,,,,,,,,,,7.21,5.46,8.67,,,,,,,2.46,1.07,3.87,,,,,,,,,
2022-05-06,,,,,,,,,,24.68,22.97,26.34,,,,,,,,,,,,,50.67,49.01,52.25,,,,,,,,,,,,,11.79,10.26,13.36,,,,,,,,,,,,,,,,,,,7.2,5.41,8.66,,,,,,,2.45,1.08,3.81,,,,22.0,54.0,11.0,,6.0,3.0
2022-05-07,,,,,,,,,,24.66,22.95,26.32,,,,,,,,,,,,,50.68,49.0,52.31,,,,,,,,,,,,,11.82,10.33,13.4,,,,,,,,,,,,,,,,,,,7.19,5.37,8.65,,,,,,,2.44,1.09,3.83,,,,,,,,,
2022-05-08,,,,,,,,,,24.63,22.92,26.29,,,,,,,,,,,,,50.7,48.99,52.33,,,,,,,,,,,,,11.86,10.39,13.44,,,,,,,,,,,,,,,,,,,7.18,5.36,8.64,,,,,,,2.44,1.11,3.87,,,,,,,,,
2022-05-09,,,,,,,,,,24.61,22.89,26.27,,,,,,,,,,,,,50.72,49.0,52.35,,,,,,,,,,,,,11.9,10.46,13.47,,,,,,,,,,,,,,,,,,,7.18,5.35,8.63,,,,,,,2.43,1.12,3.89,,,,,,,,,
2022-05-10,,,,,,,,,,24.58,22.85,26.25,,,,,,,,,,,,,50.74,49.0,52.37,,,,,,,,,,,,,11.93,10.51,13.51,,,,,,,,,,,,,,,,,,,7.17,5.35,8.62,,,,,,,2.41,1.14,3.92,,,,,,,,,
2022-05-11,,,,,,,,,,24.56,22.82,26.22,,,,,,,,,,,,,50.76,49.02,52.39,,,,,,,,,,,,,11.97,10.56,13.55,,,,,,,,,,,,,,,,,,,7.16,5.43,8.61,,,,,,,2.4,1.11,3.97,,,,27.0,47.0,12.0,,9.0,2.0
2022-05-12,,,,,,,,,,24.53,22.79,26.18,,,,,,,,,,,,,50.78,49.04,52.41,,,,,,,,,,,,,12.01,10.58,13.59,,,,,,,,,,,,,,,,,,,7.16,5.44,8.61,,,,,,,2.39,1.07,3.96,,,,,,,,,
2022-05-13,,,,,,,,,,24.5,22.75,26.15,,,,,,,,,,,,,50.8,49.07,52.43,,,,,,,,,,,,,12.04,10.59,13.62,,,,,,,,,,,,,,,,,,,7.15,5.4,8.62,,,,,,,2.38,1.08,3.95,,,,,,,,,
2022-05-14,,,,,,,,,,24.47,22.72,26.07,,,,,,,,,,,,,50.83,49.12,52.45,,,,,,,,,,,,,12.08,10.61,13.66,,,,,,,,,,,,,,,,,,,7.14,5.37,8.61,,,,,,,2.37,1.07,3.94,,,,,,,,,
2022-05-15,,,,,,,,,,24.44,22.68,26.07,,,,,,,,,,,,,50.86,49.15,52.48,,,,,,,,,,,,,12.12,10.66,13.7,,,,,,,,,,,,,,,,,,,7.13,5.38,8.61,,,,,,,2.36,1.08,3.92,,,,,,,,,
2022-05-16,,,,,,,,,,24.41,22.65,26.05,,,,,,,,,,,,,50.88,49.19,52.5,,,,,,,,,,,,,12.15,10.73,13.74,,,,,,,,,,,,,,,,,,,7.13,5.39,8.62,,,,,,,2.34,1.08,3.92,,,,,,,,,
2022-05-17,,,,,,,,,,24.38,22.61,26.02,,,,,,,,,,,,,50.91,49.21,52.52,,,,,,,,,,,,,12.19,10.73,13.77,,,,,,,,,,,,,,,,,,,7.12,5.4,8.61,,,,,,,2.33,1.09,3.95,,,,,,,,,
2022-05-18,,,,,,,,,,24.35,22.59,26.02,,,,,,,,,,,,,50.94,49.26,52.55,,,,,,,,,,,,,12.23,10.73,13.83,,,,,,,,,,,,,,,,,,,7.11,5.4,8.6,,,,,,,2.32,1.09,3.98,,,,,,,,,
2022-05-19,,,,,,,,,,24.32,22.56,26.02,,,,,,,,,,,,,50.97,49.31,52.57,,,,,,,,,,,,,12.27,10.75,13.86,,,,,,,,,,,,,,,,,,,7.1,5.41,8.62,,,,,,,2.3,1.1,3.98,,,,25.0,54.0,12.0,,5.0,3.0
2022-05-20,,,,,,,,,,24.29,22.52,26.02,,,,,,,,,,,,,51.0,49.37,52.6,,,,,,,,,,,,,12.3,10.75,13.91,,,,,,,,,,,,,,,,,,,7.1,5.41,8.67,,,,,,,2.29,1.06,4.0,,,,,,,,,
2022-05-21,,,,,,,,,,24.26,22.53,26.03,,,,,,,,,,,,,51.04,49.39,52.63,,,,,,,,,,,,,12.34,10.75,13.99,,,,,,,,,,,,,,,,,,,7.09,5.43,8.71,,,,,,,2.28,1.0,4.01,,,,,,,,,
2022-05-22,,,,,,,,,,24.23,22.51,26.02,,,,,,,,,,,,,51.07,49.38,52.69,,,,,,,,,,,,,12.38,10.75,14.07,,,,,,,,,,,,,,,,,,,7.08,5.46,8.73,,,,,,,2.26,1.01,3.99,,,,,,,,,
2022-05-23,,,,,,,,,,24.2,22.52,25.98,,,,,,,,,,,,,51.1,49.37,52.72,,,,,,,,,,,,,12.42,10.76,14.13,,,,,,,,,,,,,,,,,,,7.07,5.48,8.78,,,,,,,2.25,1.01,3.97,,,,,,,,,
2022-05-24,,,,,,,,,,24.17,22.5,25.95,,,,,,,,,,,,,51.13,49.36,52.78,,,,,,,,,,,,,12.46,10.78,14.17,,,,,,,,,,,,,,,,,,,7.07,5.51,8.81,,,,,,,2.24,0.99,3.98,,,,,,,,,
2022-05-25,,,,,,,,,,24.14,22.47,25.92,,,,,,,,,,,,,51.16,49.38,52.84,,,,,,,,,,,,,12.5,10.88,14.22,,,,,,,,,,,,,,,,,,,7.06,5.54,8.83,,,,,,,2.22,0.97,4.03,,,,23.0,54.0,13.0,,6.0,3.0
2022-05-26,,,,,,,,,,24.11,22.44,25.88,,,,,,,,,,,,,51.19,49.37,52.88,,,,,,,,,,,,,12.54,10.98,14.26,,,,,,,,,,,,,,,,,,,7.05,5.56,8.86,,,,,,,2.21,0.96,4.07,,,,,,,,,
2022-05-27,,,,,,,,,,24.09,22.42,25.85,,,,,,,,,,,,,51.22,49.37,52.88,,,,,,,,,,,,,12.58,11.05,14.3,,,,,,,,,,,,,,,,,,,7.05,5.57,8.82,,,,,,,2.2,0.94,4.05,,,,,,,,,
2022-05-28,,,,,,,,,,24.06,22.4,25.82,,,,,,,,,,,,,51.25,49.36,52.92,,,,,,,,,,,,,12.62,11.09,14.34,,,,,,,,,,,,,,,,,,,7.04,5.59,8.78,,,,,,,2.19,0.92,4.03,,,,,,,,,
2022-05-29,,,,,,,,,,24.03,22.37,25.78,,,,,,,,,,,,,51.28,49.39,52.98,,,,,,,,,,,,,12.66,11.12,14.39,,,,,,,,,,,,,,,,,,,7.03,5.56,8.77,,,,,,,2.18,0.9,4.01,,,,,,,,,
2022-05-30,,,,,,,,,,24.0,22.35,25.75,,,,,,,,,,,,,51.31,49.42,53.03,,,,,,,,,,,,,12.7,11.13,14.46,,,,,,,,,,,,,,,,,,,7.03,5.52,8.79,,,,,,,2.16,0.88,4.0,,,,,,,,,
2022-05-31,,,,,,,,,,23.97,22.31,25.71,,,,,,,,,,,,,51.34,49.45,53.08,,,,,,,,,,,,,12.74,11.14,14.49,,,,,,,,,,,,,,,,,,,7.02,5.48,8.8,,,,,,,2.15,0.86,4.0,,,,,,,,,
2022-06-01,,,,,,,,,,23.94,22.28,25.68,,,,,,,,,,,,,51.36,49.47,53.1,,,,,,,,,,,,,12.78,11.16,14.52,,,,,,,,,,,,,,,,,,,7.01,5.5,8.81,,,,,,,2.14,0.87,3.98,,,,,,,,,
2022-06-02,,,,,,,,,,23.91,22.28,25.64,,,,,,,,,,,,,51.39,49.49,53.13,,,,,,,,,,,,,12.82,11.18,14.55,,,,,,,,,,,,,,,,,,,7.01,5.53,8.82,,,,,,,2.13,0.87,3.99,,,,,,,,,
2022-06-03,,,,,,,,,,23.88,22.27,25.61,,,,,,,,,,,,,51.41,49.52,53.22,,,,,,,,,,,,,12.86,11.25,14.57,,,,,,,,,,,,,,,,,,,7.0,5.55,8.79,,,,,,,2.13,0.83,4.0,,,,26.0,51.0,10.0,,8.0,3.0
2022-06-04,,,,,,,,,,23.85,22.23,25.57,,,,,,,,,,,,,51.44,49.55,53.26,,,,,,,,,,,,,12.9,11.28,14.6,,,,,,,,,,,,,,,,,,,7.0,5.58,8.76,,,,,,,2.12,0.79,4.01,,,,,,,,,
2022-06-05,,,,,,,,,,23.82,22.22,25.54,,,,,,,,,,,,,51.46,49.57,53.25,,,,,,,,,,,,,12.94,11.3,14.62,,,,,,,,,,,,,,,,,,,6.99,5.57,8.74,,,,,,,2.11,0.75,4.0,,,,,,,,,
2022-06-06,,,,,,,,,,23.8,22.2,25.51,,,,,,,,,,,,,51.48,49.6,53.2,,,,,,,,,,,,,12.97,11.32,14.64,,,,,,,,,,,,,,,,,,,6.99,5.58,8.72,,,,,,,2.1,0.73,4.0,,,,,,,,,
2022-06-07,,,,,,,,,,23.77,22.19,25.49,,,,,,,,,,,,,51.5,49.61,53.16,,,,,,,,,,,,,13.01,11.34,14.66,,,,,,,,,,,,,,,,,,,6.98,5.57,8.71,,,,,,,2.09,0.71,3.99,,,,,,,,,
2022-06-08,,,,,,,,,,23.74,22.17,25.44,,,,,,,,,,,,,51.52,49.67,53.19,,,,,,,,,,,,,13.05,11.37,14.67,,,,,,,,,,,,,,,,,,,6.98,5.56,8.68,,,,,,,2.09,0.7,3.94,,,,,,,,,
2022-06-09,,,,,,,,,,23.72,22.16,25.42,,,,,,,,,,,,,51.54,49.71,53.21,,,,,,,,,,,,,13.09,11.43,14.73,,,,,,,,,,,,,,,,,,,6.98,5.54,8.64,,,,,,,2.08,0.68,3.9,,,,23.0,53.0,15.0,,6.0,1.0
2022-06-10,,,,,,,,,,23.69,22.15,25.39,,,,,,,,,,,,,51.55,49.74,53.23,,,,,,,,,,,,,13.12,11.5,14.77,,,,,,,,,,,,,,,,,,,6.97,5.52,8.62,,,,,,,2.08,0.68,3.85,,,,,,,,,
2022-06-11,,,,,,,,,,23.67,22.14,25.35,,,,,,,,,,,,,51.57,49.74,53.26,,,,,,,,,,,,,13.16,11.57,14.78,,,,,,,,,,,,,,,,,,,6.97,5.53,8.65,,,,,,,2.07,0.68,3.81,,,,,,,,,
2022-06-12,,,,,,,,,,23.65,22.12,25.35,,,,,,,,,,,,,51.58,49.74,53.28,,,,,,,,,,,,,13.2,11.62,14.8,,,,,,,,,,,,,,,,,,,6.97,5.55,8.62,,,,,,,2.07,0.69,3.8,,,,,,,,,
2022-06-13,,,,,,,,,,23.63,22.08,25.36,,,,,,,,,,,,,51.59,49.74,53.29,,,,,,,,,,,,,13.23,11.64,14.81,,,,,,,,,,,,,,,,,,,6.96,5.55,8.58,,,,,,,2.06,0.69,3.82,,,,,,,,,
2022-06-14,,,,,,,,,,23.6,22.1,25.34,,,,,,,,,,,,,51.6,49.76,53.31,,,,,,,,,,,,,13.27,11.65,14.89,,,,,,,,,,,,,,,,,,,6.96,5.56,8.55,,,,,,,2.06,0.7,3.84,,,,,,,,,
2022-06-15,,,,,,,,,,23.58,22.09,25.32,,,,,,,,,,,,,51.61,49.77,53.32,,,,,,,,,,,,,13.3,11.68,14.96,,,,,,,,,,,,,,,,,,,6.96,5.56,8.56,,,,,,,2.05,0.71,3.82,,,,,,,,,
2022-06-16,,,,,,,,,,23.56,22.06,25.28,,,,,,,,,,,,,51.61,49.79,53.34,,,,,,,,,,,,,13.34,11.7,14.96,,,,,,,,,,,,,,,,,,,6.96,5.57,8.57,,,,,,,2.05,0.72,3.78,,,,20.0,55.0,16.0,,3.0,2.0
2022-06-17,,,,,,,,,,23.55,22.03,25.25,,,,,,,,,,,,,51.62,49.81,53.34,,,,,,,,,,,,,13.37,11.79,14.96,,,,,,,,,,,,,,,,,,,6.95,5.55,8.54,,,,,,,2.04,0.7,3.75,,,,,,,,,
2022-06-18,,,,,,,,,,23.53,21.98,25.21,,,,,,,,,,,,,51.62,49.81,53.33,,,,,,,,,,,,,13.4,11.87,14.96,,,,,,,,,,,,,,,,,,,6.95,5.52,8.51,,,,,,,2.04,0.67,3.72,,,,,,,,,
2022-06-19,,,,,,,,,,23.51,21.98,25.17,,,,,,,,,,,,,51.62,49.81,53.31,,,,,,,,,,,,,13.44,11.91,14.96,,,,,,,,,,,,,,,,,,,6.95,5.56,8.54,,,,,,,2.04,0.65,3.73,,,,,,,,,
2022-06-20,,,,,,,,,,23.5,21.95,25.17,,,,,,,,,,,,,51.62,49.79,53.28,,,,,,,,,,,,,13.47,11.92,15.0,,,,,,,,,,,,,,,,,,,6.95,5.58,8.53,,,,,,,2.03,0.62,3.74,,,,,,,,,
2022-06-21,,,,,,,,,,23.48,21.91,25.16,,,,,,,,,,,,,51.62,49.76,53.27,,,,,,,,,,,,,13.5,11.97,15.04,,,,,,,,,,,,,,,,,,,6.95,5.56,8.56,,,,,,,2.03,0.6,3.74,,,,,,,,,
2022-06-22,,,,,,,,,,23.47,21.85,25.13,,,,,,,,,,,,,51.62,49.73,53.27,,,,,,,,,,,,,13.53,12.04,15.05,,,,,,,,,,,,,,,,,,,6.95,5.5,8.58,,,,,,,2.03,0.59,3.75,,,,,,,,,
2022-06-23,,,,,,,,,,23.45,21.8,25.1,,,,,,,,,,,,,51.61,49.7,53.25,,,,,,,,,,,,,13.56,12.04,15.06,,,,,,,,,,,,,,,,,,,6.95,5.49,8.59,,,,,,,2.02,0.64,3.76,,,,26.0,50.0,10.0,,11.0,2.0
2022-06-24,,,,,,,,,,23.44,21.79,25.08,,,,,,,,,,,,,51.61,49.68,53.23,,,,,,,,,,,,,13.59,12.05,15.06,,,,,,,,,,,,,,,,,,,6.95,5.51,8.59,,,,,,,2.02,0.63,3.75,,,,,,,,,
2022-06-25,,,,,,,,,,23.43,21.79,25.07,,,,,,,,,,,,,51.6,49.64,53.23,,,,,,,,,,,,,13.62,12.08,15.06,,,,,,,,,,,,,,,,,,,6.96,5.52,8.58,,,,,,,2.02,0.62,3.73,,,,,,,,,
2022-06-26,,,,,,,,,,23.42,21.79,25.09,,,,,,,,,,,,,51.6,49.64,53.22,,,,,,,,,,,,,13.65,12.11,15.06,,,,,,,,,,,,,,,,,,,6.96,5.48,8.6,,,,,,,2.01,0.64,3.74,,,,,,,,,
2022-06-27,,,,,,,,,,23.41,21.76,25.11,,,,,,,,,,,,,51.59,49.62,53.21,,,,,,,,,,,,,13.67,12.13,15.06,,,,,,,,,,,,,,,,,,,6.96,5.46,8.61,,,,,,,2.01,0.65,3.74,,,,,,,,,
2022-06-28,,,,,,,,,,23.4,21.73,25.12,,,,,,,,,,,,,51.59,49.58,53.23,,,,,,,,,,,,,13.7,12.11,15.04,,,,,,,,,,,,,,,,,,,6.97,5.44,8.56,,,,,,,2.01,0.66,3.75,,,,,,,,,
2022-06-29,,,,,,,,,,23.39,21.68,25.13,,,,,,,,,,,,,51.58,49.55,53.28,,,,,,,,,,,,,13.72,12.08,15.04,,,,,,,,,,,,,,,,,,,6.97,5.4,8.54,,,,,,,2.0,0.68,3.75,,,,22.0,48.0,16.0,,8.0,3.0
2022-06-30,,,,,,,,,,23.38,21.64,25.09,,,,,,,,,,,,,51.57,49.61,53.28,,,,,,,,,,,,,13.74,12.05,15.03,,,,,,,,,,,,,,,,,,,6.97,5.37,8.56,,,,,,,2.0,0.66,3.75,,,,,,,,,
2022-07-01,,,,,,,,,,23.37,21.65,25.05,,,,,,,,,,,,,51.57,49.57,53.27,,,,,,,,,,,,,13.75,12.05,15.03,,,,,,,,,,,,,,,,,,,6.98,5.36,8.59,,,,,,,2.0,0.63,3.74,,,,,,,,,
2022-07-02,,,,,,,,,,23.36,21.63,25.03,,,,,,,,,,,,,51.56,49.53,53.24,,,,,,,,,,,,,13.77,12.07,15.05,,,,,,,,,,,,,,,,,,,6.98,5.38,8.61,,,,,,,1.99,0.58,3.73,,,,,,,,,
2022-07-03,,,,,,,,,,23.35,21.56,25.03,,,,,,,,,,,,,51.55,49.5,53.27,,,,,,,,,,,,,13.78,12.1,15.08,,,,,,,,,,,,,,,,,,,6.99,5.37,8.63,,,,,,,1.99,0.54,3.72,,,,,,,,,
2022-07-04,,,,,,,,,,23.34,21.53,25.04,,,,,,,,,,,,,51.55,49.47,53.31,,,,,,,,,,,,,13.79,12.12,15.1,,,,,,,,,,,,,,,,,,,7.0,5.36,8.66,,,,,,,1.99,0.54,3.68,,,,,,,,,
2022-07-05,,,,,,,,,,23.34,21.52,25.04,,,,,,,,,,,,,51.54,49.5,53.35,,,,,,,,,,,,,13.81,12.14,15.11,,,,,,,,,,,,,,,,,,,7.01,5.34,8.66,,,,,,,1.98,0.51,3.65,,,,,,,,,
2022-07-06,,,,,,,,,,23.33,21.5,25.0,,,,,,,,,,,,,51.54,49.53,53.4,,,,,,,,,,,,,13.81,12.17,15.09,,,,,,,,,,,,,,,,,,,7.01,5.33,8.68,,,,,,,1.98,0.47,3.62,,,,,,,,,
2022-07-07,,,,,,,,,,23.32,21.49,24.97,,,,,,,,,,,,,51.53,49.52,53.44,,,,,,,,,,,,,13.82,12.18,15.12,,,,,,,,,,,,,,,,,,,7.02,5.32,8.7,,,,,,,1.98,0.42,3.62,,,,20.0,51.0,19.0,,6.0,1.0
2022-07-08,,,,,,,,,,23.31,21.47,24.93,,,,,,,,,,,,,51.53,49.48,53.48,,,,,,,,,,,,,13.83,12.15,15.17,,,,,,,,,,,,,,,,,,,7.03,5.31,8.71,,,,,,,1.97,0.37,3.65,,,,,,,,,
2022-07-09,,,,,,,,,,23.31,21.45,24.9,,,,,,,,,,,,,51.53,49.47,53.5,,,,,,,,,,,,,13.83,12.13,15.19,,,,,,,,,,,,,,,,,,,7.04,5.33,8.69,,,,,,,1.97,0.34,3.63,,,,,,,,,
2022-07-10,,,,,,,,,,23.3,21.42,24.9,,,,,,,,,,,,,51.52,49.48,53.53,,,,,,,,,,,,,13.83,12.14,15.16,,,,,,,,,,,,,,,,,,,7.05,5.36,8.67,,,,,,,1.97,0.34,3.61,,,,,,,,,
2022-07-11,,,,,,,,,,23.29,21.4,24.89,,,,,,,,,,,,,51.52,49.42,53.58,,,,,,,,,,,,,13.83,12.15,15.15,,,,,,,,,,,,,,,,,,,7.06,5.39,8.65,,,,,,,1.96,0.35,3.59,,,,,,,,,
2022-07-12,,,,,,,,,,23.28,21.35,24.94,,,,,,,,,,,,,51.52,49.36,53.62,,,,,,,,,,,,,13.84,12.15,15.14,,,,,,,,,,,,,,,,,,,7.07,5.42,8.64,,,,,,,1.96,0.35,3.57,,,,,,,,,
2022-07-13,,,,,,,,,,23.27,21.3,24.98,,,,,,,,,,,,,51.52,49.35,53.59,,,,,,,,,,,,,13.83,12.17,15.16,,,,,,,,,,,,,,,,,,,7.08,5.43,8.62,,,,,,,1.96,0.35,3.54,,,,,,,,,
2022-07-14,,,,,,,,,,23.27,21.24,24.96,,,,,,,,,,,,,51.52,49.35,53.57,,,,,,,,,,,,,13.83,12.18,15.18,,,,,,,,,,,,,,,,,,,7.1,5.44,8.61,,,,,,,1.95,0.33,3.54,,,,26.0,55.0,11.0,,5.0,1.0
2022-07-15,,,,,,,,,,23.26,21.19,24.92,,,,,,,,,,,,,51.52,49.36,53.58,,,,,,,,,,,,,13.83,12.19,15.14,,,,,,,,,,,,,,,,,,,7.11,5.46,8.62,,,,,,,1.95,0.32,3.54,,,,,,,,,
2022-07-16,,,,,,,,,,23.25,21.13,24.94,,,,,,,,,,,,,51.53,49.4,53.59,,,,,,,,,,,,,13.82,12.2,15.14,,,,,,,,,,,,,,,,,,,7.12,5.51,8.63,,,,,,,1.94,0.31,3.53,,,,,,,,,
2022-07-17,,,,,,,,,,23.24,21.08,24.95,,,,,,,,,,,,,51.53,49.38,53.6,,,,,,,,,,,,,13.81,12.19,15.14,,,,,,,,,,,,,,,,,,,7.13,5.55,8.65,,,,,,,1.94,0.3,3.56,,,,,,,,,
2022-07-18,,,,,,,,,,23.23,21.02,24.96,,,,,,,,,,,,,51.54,49.4,53.61,,,,,,,,,,,,,13.8,12.17,15.13,,,,,,,,,,,,,,,,,,,7.15,5.55,8.67,,,,,,,1.94,0.32,3.55,,,,,,,,,
2022-07-19,,,,,,,,,,23.22,20.97,24.98,,,,,,,,,,,,,51.55,49.43,53.63,,,,,,,,,,,,,13.79,12.16,15.12,,,,,,,,,,,,,,,,,,,7.16,5.53,8.67,,,,,,,1.93,0.35,3.53,,,,,,,,,
2022-07-20,,,,,,,,,,23.21,20.93,24.97,,,,,,,,,,,,,51.56,49.46,53.63,,,,,,,,,,,,,13.78,12.14,15.11,,,,,,,,,,,,,,,,,,,7.17,5.52,8.68,,,,,,,1.93,0.38,3.51,,,,,,,,,
2022-07-21,,,,,,,,,,23.2,20.9,24.93,,,,,,,,,,,,,51.57,49.47,53.64,,,,,,,,,,,,,13.76,12.12,15.09,,,,,,,,,,,,,,,,,,,7.19,5.51,8.7,,,,,,,1.92,0.4,3.5,,,,,,,,,
2022-07-22,,,,,,,,,,23.19,20.87,24.94,,,,,,,,,,,,,51.59,49.48,53.66,,,,,,,,,,,,,13.74,12.09,15.06,,,,,,,,,,,,,,,,,,,7.2,5.52,8.71,,,,,,,1.92,0.4,3.49,,,,20.0,54.0,12.0,,9.0,2.0
2022-07-23,,,,,,,,,,23.18,20.84,24.92,,,,,,,,,,,,,51.61,49.5,53.67,,,,,,,,,,,,,13.73,12.07,15.04,,,,,,,,,,,,,,,,,,,7.21,5.54,8.73,,,,,,,1.91,0.39,3.48,,,,,,,,,
2022-07-24,,,,,,,,,,23.16,20.82,24.88,,,,,,,,,,,,,51.63,49.49,53.66,,,,,,,,,,,,,13.7,12.07,15.04,,,,,,,,,,,,,,,,,,,7.23,5.55,8.77,,,,,,,1.91,0.38,3.47,,,,,,,,,
2022-07-25,,,,,,,,,,23.15,20.79,24.88,,,,,,,,,,,,,51.65,49.49,53.65,,,,,,,,,,,,,13.68,12.07,15.03,,,,,,,,,,,,,,,,,,,7.24,5.5,8.78,,,,,,,1.91,0.39,3.46,,,,,,,,,
2022-07-26,,,,,,,,,,23.14,20.77,24.89,,,,,,,,,,,,,51.68,49.53,53.64,,,,,,,,,,,,,13.66,12.07,15.02,,,,,,,,,,,,,,,,,,,7.25,5.48,8.78,,,,,,,1.9,0.41,3.44,,,,,,,,,
2022-07-27,,,,,,,,,,23.12,20.74,24.9,,,,,,,,,,,,,51.71,49.53,53.71,,,,,,,,,,,,,13.63,12.06,15.01,,,,,,,,,,,,,,,,,,,7.26,5.48,8.78,,,,,,,1.9,0.42,3.44,,,,,,,,,
2022-07-28,,,,,,,,,,23.11,20.72,24.91,,,,,,,,,,,,,51.74,49.53,53.79,,,,,,,,,,,,,13.61,12.0,15.01,,,,,,,,,,,,,,,,,,,7.28,5.52,8.78,,,,,,,1.9,0.43,3.42,,,,25.0,51.0,17.0,,6.0,1.0
2022-07-29,,,,,,,,,,23.09,20.7,24.91,,,,,,,,,,,,,51.77,49.53,53.83,,,,,,,,,,,,,13.58,11.94,15.04,,,,,,,,,,,,,,,,,,,7.29,5.57,8.78,,,,,,,1.9,0.42,3.43,,,,,,,,,
2022-07-30,,,,,,,,,,23.07,20.68,24.88,,,,,,,,,,,,,51.81,49.56,53.87,,,,,,,,,,,,,13.55,11.88,15.07,,,,,,,,,,,,,,,,,,,7.3,5.61,8.78,,,,,,,1.89,0.39,3.45,,,,,,,,,
2022-07-31,,,,,,,,,,23.05,20.7,24.84,,,,,,,,,,,,,51.85,49.56,53.91,,,,,,,,,,,,,13.52,11.86,15.02,,,,,,,,,,,,,,,,,,,7.31,5.62,8.77,,,,,,,1.89,0.35,3.47,,,,,,,,,
2022-08-01,,,,,,,,,,23.03,20.71,24.82,,,,,,,,,,,,,51.89,49.62,53.99,,,,,,,,,,,,,13.49,11.83,14.95,,,,,,,,,,,,,,,,,,,7.32,5.63,8.77,,,,,,,1.89,0.31,3.48,,,,,,,,,
2022-08-02,,,,,,,,,,23.0,20.69,24.78,,,,,,,,,,,,,51.94,49.7,54.07,,,,,,,,,,,,,13.45,11.78,14.89,,,,,,,,,,,,,,,,,,,7.33,5.64,8.77,,,,,,,1.89,0.29,3.48,,,,,,,,,
2022-08-03,,,,,,,,,,22.98,20.66,24.73,,,,,,,,,,,,,51.99,49.78,54.15,,,,,,,,,,,,,13.42,11.72,14.85,,,,,,,,,,,,,,,,,,,7.34,5.65,8.77,,,,,,,1.89,0.29,3.5,,,,,,,,,
2022-08-04,,,,,,,,,,22.96,20.62,24.69,,,,,,,,,,,,,52.04,49.78,54.18,,,,,,,,,,,,,13.38,11.7,14.82,,,,,,,,,,,,,,,,,,,7.35,5.66,8.76,,,,,,,1.89,0.28,3.49,,,,,,,,,
2022-08-05,,,,,,,,,,22.93,20.61,24.64,,,,,,,,,,,,,52.1,49.78,54.21,,,,,,,,,,,,,13.34,11.7,14.75,,,,,,,,,,,,,,,,,,,7.35,5.66,8.76,,,,,,,1.9,0.27,3.5,,,,28.0,42.0,15.0,,10.0,2.0
2022-08-06,,,,,,,,,,22.9,20.64,24.6,,,,,,,,,,,,,52.16,49.83,54.25,,,,,,,,,,,,,13.3,11.67,14.68,,,,,,,,,,,,,,,,,,,7.36,5.69,8.75,,,,,,,1.9,0.27,3.5,,,,,,,,,
2022-08-07,,,,,,,,,,22.87,20.59,24.57,,,,,,,,,,,,,52.22,49.96,54.31,,,,,,,,,,,,,13.26,11.62,14.64,,,,,,,,,,,,,,,,,,,7.36,5.71,8.75,,,,,,,1.9,0.27,3.54,,,,,,,,,
2022-08-08,,,,,,,,,,22.84,20.56,24.54,,,,,,,,,,,,,52.29,50.04,54.39,,,,,,,,,,,,,13.22,11.58,14.61,,,,,,,,,,,,,,,,,,,7.37,5.72,8.74,,,,,,,1.91,0.27,3.52,,,,,,,,,
2022-08-09,,,,,,,,,,22.81,20.54,24.52,,,,,,,,,,,,,52.36,50.08,54.43,,,,,,,,,,,,,13.18,11.48,14.54,,,,,,,,,,,,,,,,,,,7.37,5.73,8.74,,,,,,,1.91,0.25,3.51,,,,,,,,,
2022-08-10,,,,,,,,,,22.77,20.52,24.51,,,,,,,,,,,,,52.44,50.14,54.47,,,,,,,,,,,,,13.13,11.39,14.48,,,,,,,,,,,,,,,,,,,7.37,5.73,8.73,,,,,,,1.91,0.21,3.52,,,,19.0,54.0,15.0,,6.0,2.0
2022-08-11,,,,,,,,,,22.73,20.48,24.5,,,,,,,,,,,,,52.52,50.24,54.52,,,,,,,,,,,,,13.09,11.4,14.5,,,,,,,,,,,,,,,,,,,7.37,5.73,8.75,,,,,,,1.92,0.17,3.53,,,,,,,,,
2022-08-12,,,,,,,,,,22.69,20.43,24.48,,,,,,,,,,,,,52.6,50.34,54.62,,,,,,,,,,,,,13.04,11.41,14.45,,,,,,,,,,,,,,,,,,,7.37,5.75,8.77,,,,,,,1.93,0.18,3.55,,,,,,,,,
2022-08-13,,,,,,,,,,22.65,20.38,24.45,,,,,,,,,,,,,52.69,50.43,54.71,,,,,,,,,,,,,12.99,11.4,14.37,,,,,,,,,,,,,,,,,,,7.37,5.75,8.75,,,,,,,1.93,0.21,3.55,,,,,,,,,
2022-08-14,,,,,,,,,,22.61,20.35,24.42,,,,,,,,,,,,,52.78,50.49,54.75,,,,,,,,,,,,,12.94,11.35,14.29,,,,,,,,,,,,,,,,,,,7.37,5.75,8.76,,,,,,,1.94,0.23,3.55,,,,,,,,,
2022-08-15,,,,,,,,,,22.57,20.31,24.39,,,,,,,,,,,,,52.87,50.55,54.79,,,,,,,,,,,,,12.89,11.29,14.21,,,,,,,,,,,,,,,,,,,7.36,5.75,8.78,,,,,,,1.95,0.24,3.57,,,,,,,,,
2022-08-16,,,,,,,,,,22.52,20.28,24.36,,,,,,,,,,,,,52.97,50.62,54.89,,,,,,,,,,,,,12.84,11.21,14.14,,,,,,,,,,,,,,,,,,,7.36,5.76,8.76,,,,,,,1.96,0.22,3.58,,,,,,,,,
2022-08-17,,,,,,,,,,22.47,20.25,24.31,,,,,,,,,,,,,53.07,50.72,55.04,,,,,,,,,,,,,12.79,11.15,14.1,,,,,,,,,,,,,,,,,,,7.35,5.74,8.73,,,,,,,1.97,0.24,3.59,,,,21.0,57.0,13.0,,7.0,1.0
2022-08-18,,,,,,,,,,22.42,20.21,24.27,,,,,,,,,,,,,53.17,50.82,55.2,,,,,,,,,,,,,12.73,11.09,14.06,,,,,,,,,,,,,,,,,,,7.34,5.74,8.72,,,,,,,1.98,0.27,3.57,,,,,,,,,
2022-08-19,,,,,,,,,,22.37,20.18,24.21,,,,,,,,,,,,,53.28,50.9,55.3,,,,,,,,,,,,,12.68,11.03,14.0,,,,,,,,,,,,,,,,,,,7.33,5.74,8.72,,,,,,,1.99,0.27,3.55,,,,,,,,,
2022-08-20,,,,,,,,,,22.32,20.14,24.16,,,,,,,,,,,,,53.39,50.99,55.4,,,,,,,,,,,,,12.62,10.97,13.91,,,,,,,,,,,,,,,,,,,7.32,5.72,8.71,,,,,,,2.01,0.29,3.57,,,,,,,,,
2022-08-21,,,,,,,,,,22.26,20.1,24.1,,,,,,,,,,,,,53.51,51.06,55.49,,,,,,,,,,,,,12.56,10.9,13.83,,,,,,,,,,,,,,,,,,,7.31,5.7,8.71,,,,,,,2.02,0.32,3.6,,,,,,,,,
2022-08-22,,,,,,,,,,22.21,20.07,24.03,,,,,,,,,,,,,53.62,51.17,55.62,,,,,,,,,,,,,12.51,10.84,13.78,,,,,,,,,,,,,,,,,,,7.3,5.66,8.66,,,,,,,2.03,0.35,3.62,,,,,,,,,
2022-08-23,,,,,,,,,,22.15,20.05,23.96,,,,,,,,,,,,,53.74,51.29,55.77,,,,,,,,,,,,,12.45,10.78,13.74,,,,,,,,,,,,,,,,,,,7.28,5.62,8.6,,,,,,,2.05,0.39,3.64,,,,,,,,,
2022-08-24,,,,,,,,,,22.09,20.01,23.91,,,,,,,,,,,,,53.87,51.41,55.94,,,,,,,,,,,,,12.39,10.72,13.72,,,,,,,,,,,,,,,,,,,7.27,5.57,8.58,,,,,,,2.06,0.42,3.67,,,,30.0,41.0,14.0,,8.0,4.0
2022-08-25,,,,,,,,,,22.03,19.94,23.88,,,,,,,,,,,,,53.99,51.51,56.11,,,,,,,,,,,,,12.33,10.68,13.69,,,,,,,,,,,,,,,,,,,7.25,5.56,8.55,,,,,,,2.08,0.46,3.71,,,,,,,,,
2022-08-26,,,,,,,,,,21.96,19.89,23.85,,,,,,,,,,,,,54.12,51.62,56.27,,,,,,,,,,,,,12.27,10.61,13.66,,,,,,,,,,,,,,,,,,,7.24,5.55,8.54,,,,,,,2.1,0.49,3.74,,,,,,,,,
2022-08-27,,,,,,,,,,21.9,19.85,23.77,,,,,,,,,,,,,54.25,51.73,56.44,,,,,,,,,,,,,12.21,10.52,13.63,,,,,,,,,,,,,,,,,,,7.22,5.51,8.57,,,,,,,2.12,0.53,3.77,,,,,,,,,
2022-08-28,,,,,,,,,,21.84,19.8,23.71,,,,,,,,,,,,,54.38,51.85,56.58,,,,,,,,,,,,,12.15,10.44,13.6,,,,,,,,,,,,,,,,,,,7.2,5.48,8.54,,,,,,,2.14,0.56,3.81,,,,,,,,,
2022-08-29,,,,,,,,,,21.77,19.75,23.67,,,,,,,,,,,,,54.51,51.97,56.74,,,,,,,,,,,,,12.09,10.38,13.57,,,,,,,,,,,,,,,,,,,7.18,5.46,8.49,,,,,,,2.16,0.56,3.84,,,,,,,,,
2022-08-30,,,,,,,,,,21.7,19.7,23.57,,,,,,,,,,,,,54.64,52.13,56.89,,,,,,,,,,,,,12.03,10.31,13.53,,,,,,,,,,,,,,,,,,,7.16,5.43,8.47,,,,,,,2.18,0.55,3.88,,,,,,,,,
2022-08-31,,,,,,,,,,21.63,19.65,23.48,,,,,,,,,,,,,54.77,52.33,57.07,,,,,,,,,,,,,11.96,10.23,13.5,,,,,,,,,,,,,,,,,,,7.14,5.41,8.42,,,,,,,2.2,0.55,3.91,,,,,,,,,
2022-09-01,,,,,,,,,,21.56,19.59,23.38,,,,,,,,,,,,,54.9,52.42,57.28,,,,,,,,,,,,,11.9,10.13,13.46,,,,,,,,,,,,,,,,,,,7.12,5.39,8.39,,,,,,,2.23,0.58,3.95,,,,19.0,54.0,13.0,,7.0,3.0
2022-09-02,,,,,,,,,,21.5,19.49,23.3,,,,,,,,,,,,,55.03,52.52,57.48,,,,,,,,,,,,,11.84,10.04,13.42,,,,,,,,,,,,,,,,,,,7.1,5.38,8.38,,,,,,,2.25,0.62,3.98,,,,,,,,,
2022-09-03,,,,,,,,,,21.43,19.38,23.25,,,,,,,,,,,,,55.16,52.61,57.66,,,,,,,,,,,,,11.78,10.0,13.38,,,,,,,,,,,,,,,,,,,7.08,5.37,8.38,,,,,,,2.28,0.65,4.0,,,,,,,,,
2022-09-04,,,,,,,,,,21.36,19.3,23.2,,,,,,,,,,,,,55.29,52.71,57.83,,,,,,,,,,,,,11.72,9.94,13.33,,,,,,,,,,,,,,,,,,,7.06,5.34,8.38,,,,,,,2.3,0.69,3.99,,,,,,,,,
2022-09-05,,,,,,,,,,21.29,19.22,23.15,,,,,,,,,,,,,55.42,52.85,57.94,,,,,,,,,,,,,11.66,9.89,13.24,,,,,,,,,,,,,,,,,,,7.04,5.31,8.37,,,,,,,2.33,0.73,4.01,,,,,,,,,
2022-09-06,,,,,,,,,,21.22,19.14,23.08,,,,,,,,,,,,,55.55,52.99,58.03,,,,,,,,,,,,,11.6,9.84,13.15,,,,,,,,,,,,,,,,,,,7.02,5.28,8.37,,,,,,,2.36,0.75,4.03,,,,,,,,,
2022-09-07,,,,,,,,,,21.15,19.07,23.01,,,,,,,,,,,,,55.68,53.13,58.13,,,,,,,,,,,,,11.54,9.78,13.08,,,,,,,,,,,,,,,,,,,7.0,5.26,8.36,,,,,,,2.38,0.77,4.06,,,,21.0,61.0,9.0,,6.0,2.0
2022-09-08,,,,,,,,,,21.08,19.02,22.95,,,,,,,,,,,,,55.81,53.27,58.25,,,,,,,,,,,,,11.47,9.73,12.99,,,,,,,,,,,,,,,,,,,6.98,5.23,8.36,,,,,,,2.41,0.8,4.08,,,,,,,,,
2022-09-09,,,,,,,,,,21.01,18.98,22.89,,,,,,,,,,,,,55.94,53.42,58.4,,,,,,,,,,,,,11.41,9.67,12.9,,,,,,,,,,,,,,,,,,,6.95,5.21,8.35,,,,,,,2.44,0.86,4.08,,,,,,,,,
2022-09-10,,,,,,,,,,20.94,18.91,22.86,,,,,,,,,,,,,56.06,53.57,58.54,,,,,,,,,,,,,11.35,9.61,12.87,,,,,,,,,,,,,,,,,,,6.93,5.19,8.34,,,,,,,2.47,0.91,4.08,,,,,,,,,
2022-09-11,,,,,,,,,,20.87,18.83,22.84,,,,,,,,,,,,,56.19,53.65,58.66,,,,,,,,,,,,,11.29,9.56,12.85,,,,,,,,,,,,,,,,,,,6.91,5.19,8.33,,,,,,,2.5,0.94,4.09,,,,,,,,,
2022-09-12,,,,,,,,,,20.8,18.76,22.82,,,,,,,,,,,,,56.31,53.74,58.8,,,,,,,,,,,,,11.24,9.52,12.82,,,,,,,,,,,,,,,,,,,6.89,5.2,8.33,,,,,,,2.53,0.98,4.09,,,,27.0,51.0,9.0,,10.0,1.0
2022-09-13,,,,,,,,,,20.73,18.69,22.78,,,,,,,,,,,,,56.43,53.85,58.93,,,,,,,,,,,,,11.18,9.48,12.8,,,,,,,,,,,,,,,,,,,6.87,5.2,8.33,,,,,,,2.55,1.01,4.09,,,,,,,,,
2022-09-14,,,,,,,,,,20.66,18.66,22.69,,,,,,,,,,,,,56.55,54.01,59.06,,,,,,,,,,,,,11.12,9.43,12.68,,,,,,,,,,,,,,,,,,,6.84,5.2,8.32,,,,,,,2.58,1.03,4.12,,,,,,,,,
2022-09-15,,,,,,,,,,20.59,18.64,22.59,,,,,,,,,,,,,56.67,54.16,59.19,,,,,,,,,,,,,11.06,9.38,12.57,,,,,,,,,,,,,,,,,,,6.82,5.19,8.31,,,,,,,2.61,1.03,4.15,,,,,,,,,
2022-09-16,,,,,,,,,,20.53,18.61,22.48,,,,,,,,,,,,,56.79,54.31,59.31,,,,,,,,,,,,,11.01,9.33,12.54,,,,,,,,,,,,,,,,,,,6.8,5.16,8.3,,,,,,,2.64,1.03,4.18,,,,,,,,,
2022-09-17,,,,,,,,,,20.46,18.53,22.38,,,,,,,,,,,,,56.91,54.43,59.43,,,,,,,,,,,,,10.95,9.26,12.49,,,,,,,,,,,,,,,,,,,6.77,5.12,8.29,,,,,,,2.67,1.09,4.2,,,,,,,,,
2022-09-18,,,,,,,,,,20.39,18.47,22.29,,,,,,,,,,,,,57.03,54.55,59.55,,,,,,,,,,,,,10.89,9.19,12.46,,,,,,,,,,,,,,,,,,,6.75,5.07,8.27,,,,,,,2.7,1.15,4.22,,,,,,,,,
2022-09-19,,,,,,,,,,20.33,18.41,22.21,,,,,,,,,,,,,57.14,54.67,59.67,,,,,,,,,,,,,10.84,9.13,12.43,,,,,,,,,,,,,,,,,,,6.72,5.03,8.26,,,,,,,2.73,1.21,4.24,,,,,,,,,
2022-09-20,,,,,,,,,,20.26,18.35,22.16,,,,,,,,,,,,,57.26,54.79,59.79,,,,,,,,,,,,,10.79,9.09,12.38,,,,,,,,,,,,,,,,,,,6.7,5.0,8.22,,,,,,,2.76,1.27,4.26,,,,,,,,,
2022-09-21,,,,,,,,,,20.19,18.29,22.11,,,,,,,,,,,,,57.38,54.91,59.91,,,,,,,,,,,,,10.73,9.05,12.36,,,,,,,,,,,,,,,,,,,6.67,4.99,8.16,,,,,,,2.79,1.3,4.27,,,,,,,,,
2022-09-22,,,,,,,,,,20.13,18.23,22.05,,,,,,,,,,,,,57.49,55.02,60.03,,,,,,,,,,,,,10.68,9.01,12.33,,,,,,,,,,,,,,,,,,,6.65,4.98,8.13,,,,,,,2.82,1.32,4.28,,,,23.0,50.0,14.0,,10.0,1.0
2022-09-23,,,,,,,,,,20.06,18.17,21.97,,,,,,,,,,,,,57.6,55.12,60.08,,,,,,,,,,,,,10.63,8.97,12.28,,,,,,,,,,,,,,,,,,,6.62,4.97,8.13,,,,,,,2.85,1.36,4.29,,,,,,,,,
2022-09-24,,,,,,,,,,20.0,18.06,21.91,,,,,,,,,,,,,57.72,55.22,60.19,,,,,,,,,,,,,10.58,8.94,12.25,,,,,,,,,,,,,,,,,,,6.59,4.96,8.13,,,,,,,2.88,1.4,4.3,,,,,,,,,
2022-09-25,,,,,,,,,,19.94,18.01,21.86,,,,,,,,,,,,,57.83,55.37,60.33,,,,,,,,,,,,,10.53,8.92,12.21,,,,,,,,,,,,,,,,,,,6.57,4.95,8.1,,,,,,,2.91,1.43,4.38,,,,21.0,57.0,13.0,,6.0,1.0
2022-09-26,,,,,,,,,,19.87,17.98,21.8,,,,,,,,,,,,,57.94,55.52,60.47,,,,,,,,,,,,,10.48,8.89,12.14,,,,,,,,,,,,,,,,,,,6.54,4.94,8.07,,,,,,,2.93,1.47,4.41,,,,,,,,,
2022-09-27,,,,,,,,,,19.81,17.92,21.69,,,,,,,,,,,,,58.05,55.64,60.58,,,,,,,,,,,,,10.44,8.84,12.08,,,,,,,,,,,,,,,,,,,6.51,4.93,8.03,,,,,,,2.96,1.51,4.43,,,,,,,,,
2022-09-28,,,,,,,,,,19.75,17.86,21.59,,,,,,,,,,,,,58.16,55.76,60.69,,,,,,,,,,,,,10.39,8.78,12.04,,,,,,,,,,,,,,,,,,,6.48,4.92,7.98,,,,,,,2.99,1.55,4.45,,,,,,,,,
2022-09-29,,,,,,,,,,19.69,17.82,21.49,,,,,,,,,,,,,58.27,55.88,60.78,,,,,,,,,,,,,10.34,8.74,12.0,,,,,,,,,,,,,,,,,,,6.46,4.9,7.95,,,,,,,3.02,1.58,4.46,,,,18.0,63.0,6.0,,8.0,2.0
2022-09-30,,,,,,,,,,19.63,17.78,21.44,,,,,,,,,,,,,58.37,56.0,60.9,,,,,,,,,,,,,10.3,8.69,11.96,,,,,,,,,,,,,,,,,,,6.43,4.88,7.9,,,,,,,3.05,1.61,4.53,,,,,,,,,
2022-10-01,,,,,,,,,,19.56,17.75,21.38,,,,,,,,,,,,,58.48,56.08,61.01,,,,,,,,,,,,,10.25,8.62,11.93,,,,,,,,,,,,,,,,,,,6.4,4.88,7.86,,,,,,,3.08,1.62,4.56,,,,,,,,,
2022-10-02,,,,,,,,,,19.5,17.71,21.33,,,,,,,,,,,,,58.58,56.21,61.11,,,,,,,,,,,,,10.21,8.58,11.86,,,,,,,,,,,,,,,,,,,6.37,4.86,7.85,,,,,,,3.1,1.63,4.57,,,,,,,,,
2022-10-03,,,,,,,,,,19.44,17.68,21.24,,,,,,,,,,,,,58.69,56.35,61.2,,,,,,,,,,,,,10.17,8.53,11.79,,,,,,,,,,,,,,,,,,,6.34,4.8,7.84,,,,,,,3.13,1.64,4.58,,,,,,,,,
2022-10-04,,,,,,,,,,19.39,17.63,21.12,,,,,,,,,,,,,58.79,56.42,61.29,,,,,,,,,,,,,10.13,8.49,11.72,,,,,,,,,,,,,,,,,,,6.31,4.8,7.83,,,,,,,3.16,1.66,4.58,,,,,,,,,
2022-10-05,,,,,,,,,,19.33,17.57,21.04,,,,,,,,,,,,,58.89,56.49,61.38,,,,,,,,,,,,,10.09,8.45,11.65,,,,,,,,,,,,,,,,,,,6.28,4.78,7.81,,,,,,,3.19,1.68,4.62,,,,,,,,,
2022-10-06,,,,,,,,,,19.27,17.52,20.98,,,,,,,,,,,,,58.98,56.58,61.46,,,,,,,,,,,,,10.05,8.42,11.57,,,,,,,,,,,,,,,,,,,6.25,4.76,7.78,,,,,,,3.22,1.7,4.66,,,,,,,,,
2022-10-07,,,,,,,,,,19.21,17.46,20.93,,,,,,,,,,,,,59.08,56.64,61.55,,,,,,,,,,,,,10.01,8.39,11.5,,,,,,,,,,,,,,,,,,,6.22,4.72,7.76,,,,,,,3.25,1.72,4.69,,,,14.0,61.0,10.0,,6.0,6.0
2022-10-08,,,,,,,,,,19.15,17.42,20.87,,,,,,,,,,,,,59.17,56.72,61.63,,,,,,,,,,,,,9.98,8.36,11.45,,,,,,,,,,,,,,,,,,,6.19,4.68,7.74,,,,,,,3.28,1.71,4.73,,,,,,,,,
2022-10-09,,,,,,,,,,19.09,17.39,20.82,,,,,,,,,,,,,59.26,56.82,61.75,,,,,,,,,,,,,9.94,8.33,11.41,,,,,,,,,,,,,,,,,,,6.16,4.64,7.72,,,,,,,3.31,1.7,4.78,,,,,,,,,
2022-10-10,,,,,,,,,,19.03,17.33,20.76,,,,,,,,,,,,,59.35,56.92,61.84,,,,,,,,,,,,,9.91,8.32,11.39,,,,,,,,,,,,,,,,,,,6.13,4.6,7.7,,,,,,,3.34,1.73,4.82,,,,,,,,,
2022-10-11,,,,,,,,,,18.98,17.29,20.71,,,,,,,,,,,,,59.44,57.07,61.92,,,,,,,,,,,,,9.88,8.25,11.35,,,,,,,,,,,,,,,,,,,6.1,4.56,7.67,,,,,,,3.37,1.77,4.86,,,,,,,,,
2022-10-12,,,,,,,,,,18.92,17.25,20.65,,,,,,,,,,,,,59.53,57.15,61.99,,,,,,,,,,,,,9.85,8.23,11.33,,,,,,,,,,,,,,,,,,,6.07,4.52,7.65,,,,,,,3.4,1.81,4.91,,,,18.0,65.0,9.0,,4.0,2.0
2022-10-13,,,,,,,,,,18.86,17.21,20.59,,,,,,,,,,,,,59.61,57.25,62.06,,,,,,,,,,,,,9.82,8.2,11.31,,,,,,,,,,,,,,,,,,,6.04,4.47,7.6,,,,,,,3.43,1.85,4.96,,,,,,,,,
2022-10-14,,,,,,,,,,18.81,17.14,20.53,,,,,,,,,,,,,59.69,57.34,62.13,,,,,,,,,,,,,9.79,8.18,11.3,,,,,,,,,,,,,,,,,,,6.01,4.41,7.54,,,,,,,3.47,1.87,5.01,,,,,,,,,
2022-10-15,,,,,,,,,,18.75,17.08,20.47,,,,,,,,,,,,,59.77,57.41,62.17,,,,,,,,,,,,,9.76,8.16,11.28,,,,,,,,,,,,,,,,,,,5.98,4.38,7.5,,,,,,,3.5,1.88,5.04,,,,,,,,,
2022-10-16,,,,,,,,,,18.7,17.02,20.43,,,,,,,,,,,,,59.85,57.48,62.22,,,,,,,,,,,,,9.74,8.13,11.27,,,,,,,,,,,,,,,,,,,5.95,4.35,7.49,,,,,,,3.53,1.89,5.07,,,,,,,,,
2022-10-17,,,,,,,,,,18.64,16.95,20.38,,,,,,,,,,,,,59.92,57.55,62.29,,,,,,,,,,,,,9.71,8.12,11.23,,,,,,,,,,,,,,,,,,,5.91,4.32,7.48,,,,,,,3.57,1.9,5.1,,,,,,,,,
2022-10-18,,,,,,,,,,18.59,16.89,20.3,,,,,,,,,,,,,59.99,57.63,62.36,,,,,,,,,,,,,9.69,8.12,11.19,,,,,,,,,,,,,,,,,,,5.88,4.24,7.48,,,,,,,3.6,1.92,5.15,,,,,,,,,
2022-10-19,,,,,,,,,,18.53,16.83,20.22,,,,,,,,,,,,,60.07,57.69,62.43,,,,,,,,,,,,,9.67,8.08,11.17,,,,,,,,,,,,,,,,,,,5.85,4.15,7.44,,,,,,,3.64,1.96,5.19,,,,,,,,,
2022-10-20,,,,,,,,,,18.48,16.77,20.15,,,,,,,,,,,,,60.13,57.75,62.47,,,,,,,,,,,,,9.64,8.05,11.13,,,,,,,,,,,,,,,,,,,5.82,4.09,7.4,,,,,,,3.67,2.0,5.23,,,,,,,,,
2022-10-21,,,,,,,,,,18.42,16.69,20.11,,,,,,,,,,,,,60.2,57.82,62.51,,,,,,,,,,,,,9.62,8.01,11.1,,,,,,,,,,,,,,,,,,,5.78,4.09,7.35,,,,,,,3.71,2.03,5.28,,,,13.0,74.0,5.0,,4.0,3.0
2022-10-22,,,,,,,,,,18.37,16.62,20.05,,,,,,,,,,,,,60.27,57.9,62.54,,,,,,,,,,,,,9.6,7.97,11.1,,,,,,,,,,,,,,,,,,,5.75,4.08,7.32,,,,,,,3.74,2.07,5.32,,,,,,,,,
2022-10-23,,,,,,,,,,18.32,16.55,19.99,,,,,,,,,,,,,60.33,57.94,62.54,,,,,,,,,,,,,9.58,7.93,11.09,,,,,,,,,,,,,,,,,,,5.72,4.07,7.3,,,,,,,3.78,2.1,5.37,,,,,,,,,
2022-10-24,,,,,,,,,,18.27,16.48,19.93,,,,,,,,,,,,,60.39,57.97,62.61,,,,,,,,,,,,,9.56,7.9,11.08,,,,,,,,,,,,,,,,,,,5.69,4.03,7.3,,,,,,,3.82,2.13,5.41,,,,,,,,,
2022-10-25,,,,,,,,,,18.22,16.41,19.87,,,,,,,,,,,,,60.45,57.99,62.67,,,,,,,,,,,,,9.55,7.86,11.08,,,,,,,,,,,,,,,,,,,5.65,3.97,7.28,,,,,,,3.85,2.2,5.41,,,,,,,,,
2022-10-26,,,,,,,,,,18.16,16.35,19.82,,,,,,,,,,,,,60.51,58.02,62.71,,,,,,,,,,,,,9.53,7.85,11.09,,,,,,,,,,,,,,,,,,,5.62,3.91,7.22,,,,,,,3.89,2.26,5.45,,,,16.0,64.0,9.0,,4.0,7.0
2022-10-27,,,,,,,,,,18.12,16.32,19.75,,,,,,,,,,,,,60.56,58.06,62.76,,,,,,,,,,,,,9.51,7.83,11.09,,,,,,,,,,,,,,,,,,,5.59,3.89,7.16,,,,,,,3.93,2.3,5.5,,,,,,,,,
2022-10-28,,,,,,,,,,18.07,16.25,19.71,,,,,,,,,,,,,60.62,58.11,62.8,,,,,,,,,,,,,9.5,7.82,11.08,,,,,,,,,,,,,,,,,,,5.55,3.87,7.1,,,,,,,3.97,2.33,5.55,,,,,,,,,
2022-10-29,,,,,,,,,,18.02,16.22,19.67,,,,,,,,,,,,,60.67,58.15,62.84,,,,,,,,,,,,,9.48,7.81,11.07,,,,,,,,,,,,,,,,,,,5.52,3.85,7.04,,,,,,,4.0,2.4,5.58,,,,,,,,,
2022-10-30,,,,,,,,,,17.97,16.18,19.6,,,,,,,,,,,,,60.72,58.19,62.88,,,,,,,,,,,,,9.47,7.79,11.07,,,,,,,,,,,,,,,,,,,5.49,3.84,6.98,,,,,,,4.04,2.43,5.6,,,,,,,,,
2022-10-31,,,,,,,,,,17.93,16.09,19.56,,,,,,,,,,,,,60.77,58.23,62.93,,,,,,,,,,,,,9.46,7.75,11.08,,,,,,,,,,,,,,,,,,,5.46,3.82,6.95,,,,,,,4.08,2.44,5.64,,,,,,,,,
2022-11-01,,,,,,,,,,17.88,16.04,19.55,,,,,,,,,,,,,60.81,58.28,62.94,,,,,,,,,,,,,9.44,7.71,11.09,,,,,,,,,,,,,,,,,,,5.43,3.81,6.92,,,,,,,4.12,2.47,5.65,,,,,,,,,
2022-11-02,,,,,,,,,,17.84,16.0,19.54,,,,,,,,,,,,,60.85,58.36,62.95,,,,,,,,,,,,,9.43,7.68,11.09,,,,,,,,,,,,,,,,,,,5.4,3.79,6.9,,,,,,,4.15,2.49,5.7,,,,15.0,67.0,7.0,,4.0,4.0
2022-11-03,,,,,,,,,,17.8,15.99,19.48,,,,,,,,,,,,,60.89,58.42,62.95,,,,,,,,,,,,,9.42,7.65,11.09,,,,,,,,,,,,,,,,,,,5.36,3.78,6.88,,,,,,,4.19,2.51,5.77,,,,,,,,,
2022-11-04,,,,,,,,,,17.76,15.99,19.43,,,,,,,,,,,,,60.93,58.43,62.97,,,,,,,,,,,,,9.41,7.63,11.11,,,,,,,,,,,,,,,,,,,5.33,3.76,6.87,,,,,,,4.23,2.56,5.79,,,,,,,,,
2022-11-05,,,,,,,,,,17.73,15.97,19.37,,,,,,,,,,,,,60.97,58.43,63.04,,,,,,,,,,,,,9.39,7.62,11.1,,,,,,,,,,,,,,,,,,,5.31,3.75,6.86,,,,,,,4.26,2.6,5.8,,,,,,,,,
2022-11-06,,,,,,,,,,17.69,15.91,19.34,,,,,,,,,,,,,61.0,58.43,63.06,,,,,,,,,,,,,9.38,7.61,11.11,,,,,,,,,,,,,,,,,,,5.28,3.73,6.83,,,,,,,4.3,2.64,5.82,,,,,,,,,
2022-11-07,,,,,,,,,,17.66,15.85,19.32,,,,,,,,,,,,,61.03,58.44,63.13,,,,,,,,,,,,,9.37,7.59,11.09,,,,,,,,,,,,,,,,,,,5.25,3.7,6.82,,,,,,,4.34,2.67,5.85,,,,,,,,,
2022-11-08,,,,,,,,,,17.63,15.79,19.28,,,,,,,,,,,,,61.05,58.44,63.18,,,,,,,,,,,,,9.36,7.6,11.07,,,,,,,,,,,,,,,,,,,5.22,3.71,6.8,,,,,,,4.37,2.71,5.88,,,,,,,,,
2022-11-09,,,,,,,,,,17.6,15.74,19.28,,,,,,,,,,,,,61.07,58.46,63.14,,,,,,,,,,,,,9.35,7.61,11.05,,,,,,,,,,,,,,,,,,,5.2,3.68,6.78,,,,,,,4.41,2.75,5.92,,,,,,,,,
2022-11-10,,,,,,,,,,17.58,15.7,19.27,,,,,,,,,,,,,61.09,58.48,63.1,,,,,,,,,,,,,9.34,7.63,11.04,,,,,,,,,,,,,,,,,,,5.17,3.65,6.76,,,,,,,4.44,2.79,5.99,,,,17.0,55.0,11.0,,8.0,7.0
2022-11-11,,,,,,,,,,17.55,15.67,19.26,,,,,,,,,,,,,61.1,58.51,63.06,,,,,,,,,,,,,9.33,7.63,11.04,,,,,,,,,,,,,,,,,,,5.15,3.62,6.75,,,,,,,4.48,2.83,6.04,,,,,,,,,
2022-11-12,,,,,,,,,,17.53,15.65,19.25,,,,,,,,,,,,,61.12,58.53,63.07,,,,,,,,,,,,,9.31,7.61,11.03,,,,,,,,,,,,,,,,,,,5.13,3.61,6.73,,,,,,,4.51,2.87,6.09,,,,,,,,,
2022-11-13,,,,,,,,,,17.52,15.6,19.24,,,,,,,,,,,,,61.12,58.54,63.07,,,,,,,,,,,,,9.3,7.61,11.02,,,,,,,,,,,,,,,,,,,5.11,3.6,6.72,,,,,,,4.54,2.92,6.13,,,,,,,,,
2022-11-14,,,,,,,,,,17.5,15.58,19.23,,,,,,,,,,,,,61.13,58.56,63.09,,,,,,,,,,,,,9.29,7.62,11.0,,,,,,,,,,,,,,,,,,,5.09,3.6,6.73,,,,,,,4.58,2.96,6.18,,,,,,,,,
2022-11-15,,,,,,,,,,17.49,15.57,19.23,,,,,,,,,,,,,61.13,58.57,63.1,,,,,,,,,,,,,9.28,7.6,10.99,,,,,,,,,,,,,,,,,,,5.07,3.57,6.75,,,,,,,4.61,3.02,6.21,,,,,,,,,
2022-11-16,,,,,,,,,,17.48,15.55,19.22,,,,,,,,,,,,,61.13,58.59,63.1,,,,,,,,,,,,,9.27,7.58,10.95,,,,,,,,,,,,,,,,,,,5.06,3.57,6.72,,,,,,,4.64,3.05,6.24,,,,22.0,56.0,11.0,,4.0,3.0
2022-11-17,,,,,,,,,,17.47,15.53,19.24,,,,,,,,,,,,,61.12,58.59,63.1,,,,,,,,,,,,,9.26,7.56,10.91,,,,,,,,,,,,,,,,,,,5.04,3.56,6.68,,,,,,,4.67,3.1,6.29,,,,,,,,,
2022-11-18,,,,,,,,,,17.46,15.54,19.23,,,,,,,,,,,,,61.11,58.6,63.09,,,,,,,,,,,,,9.25,7.54,10.87,,,,,,,,,,,,,,,,,,,5.03,3.51,6.64,,,,,,,4.69,3.14,6.32,,,,,,,,,
2022-11-19,,,,,,,,,,17.46,15.6,19.23,,,,,,,,,,,,,61.1,58.61,63.08,,,,,,,,,,,,,9.24,7.53,10.84,,,,,,,,,,,,,,,,,,,5.02,3.48,6.63,,,,,,,4.72,3.18,6.34,,,,,,,,,
2022-11-20,,,,,,,,,,17.46,15.6,19.23,,,,,,,,,,,,,61.08,58.61,63.09,,,,,,,,,,,,,9.22,7.54,10.82,,,,,,,,,,,,,,,,,,,5.01,3.47,6.61,,,,,,,4.74,3.21,6.36,,,,,,,,,
2022-11-21,,,,,,,,,,17.46,15.59,19.24,,,,,,,,,,,,,61.06,58.65,63.09,,,,,,,,,,,,,9.21,7.53,10.8,,,,,,,,,,,,,,,,,,,5.01,3.47,6.58,,,,,,,4.77,3.23,6.39,,,,,,,,,
2022-11-22,,,,,,,,,,17.47,15.58,19.24,,,,,,,,,,,,,61.04,58.62,63.1,,,,,,,,,,,,,9.2,7.53,10.78,,,,,,,,,,,,,,,,,,,5.0,3.46,6.57,,,,,,,4.79,3.25,6.44,,,,,,,,,
2022-11-23,,,,,,,,,,17.48,15.56,19.23,,,,,,,,,,,,,61.01,58.62,63.12,,,,,,,,,,,,,9.19,7.52,10.78,,,,,,,,,,,,,,,,,,,5.0,3.47,6.58,,,,,,,4.81,3.27,6.49,,,,18.0,62.0,7.0,,5.0,4.0
2022-11-24,,,,,,,,,,17.49,15.54,19.23,,,,,,,,,,,,,60.98,58.61,63.08,,,,,,,,,,,,,9.18,7.5,10.79,,,,,,,,,,,,,,,,,,,5.0,3.47,6.57,,,,,,,4.83,3.29,6.5,,,,,,,,,
2022-11-25,,,,,,,,,,17.5,15.53,19.27,,,,,,,,,,,,,60.95,58.63,63.01,,,,,,,,,,,,,9.17,7.5,10.8,,,,,,,,,,,,,,,,,,,5.0,3.45,6.57,,,,,,,4.84,3.31,6.51,,,,,,,,,
2022-11-26,,,,,,,,,,17.52,15.52,19.31,,,,,,,,,,,,,60.91,58.65,62.93,,,,,,,,,,,,,9.16,7.51,10.79,,,,,,,,,,,,,,,,,,,5.01,3.44,6.61,,,,,,,4.86,3.32,6.52,,,,,,,,,
2022-11-27,,,,,,,,,,17.54,15.51,19.34,,,,,,,,,,,,,60.87,58.67,62.85,,,,,,,,,,,,,9.15,7.47,10.77,,,,,,,,,,,,,,,,,,,5.01,3.44,6.63,,,,,,,4.87,3.33,6.52,,,,,,,,,
2022-11-28,,,,,,,,,,17.56,15.53,19.35,,,,,,,,,,,,,60.83,58.69,62.76,,,,,,,,,,,,,9.14,7.43,10.76,,,,,,,,,,,,,,,,,,,5.02,3.45,6.67,,,,,,,4.88,3.31,6.51,,,,,,,,,
2022-11-29,,,,,,,,,,17.58,15.57,19.36,,,,,,,,,,,,,60.78,58.68,62.71,,,,,,,,,,,,,9.13,7.43,10.73,,,,,,,,,,,,,,,,,,,5.03,3.44,6.69,,,,,,,4.9,3.32,6.51,,,,,,,,,
2022-11-30,,,,,,,,,,17.61,15.62,19.37,,,,,,,,,,,,,60.73,58.65,62.62,,,,,,,,,,,,,9.12,7.44,10.68,,,,,,,,,,,,,,,,,,,5.04,3.46,6.67,,,,,,,4.91,3.33,6.51,,,,17.0,62.0,12.0,,3.0,6.0
2022-12-01,,,,,,,,,,17.64,15.67,19.37,,,,,,,,,,,,,60.67,58.56,62.6,,,,,,,,,,,,,9.11,7.44,10.67,,,,,,,,,,,,,,,,,,,5.05,3.45,6.66,,,,,,,4.91,3.35,6.51,,,,,,,,,
2022-12-02,,,,,,,,,,17.67,15.72,19.37,,,,,,,,,,,,,60.62,58.48,62.57,,,,,,,,,,,,,9.11,7.43,10.69,,,,,,,,,,,,,,,,,,,5.06,3.43,6.7,,,,,,,4.92,3.37,6.53,,,,,,,,,
2022-12-03,,,,,,,,,,17.7,15.75,19.37,,,,,,,,,,,,,60.56,58.42,62.53,,,,,,,,,,,,,9.1,7.41,10.71,,,,,,,,,,,,,,,,,,,5.08,3.44,6.73,,,,,,,4.93,3.36,6.55,,,,,,,,,
2022-12-04,,,,,,,,,,17.73,15.75,19.37,,,,,,,,,,,,,60.49,58.32,62.48,,,,,,,,,,,,,9.1,7.38,10.73,,,,,,,,,,,,,,,,,,,5.09,3.45,6.75,,,,,,,4.93,3.37,6.56,,,,,,,,,
2022-12-05,,,,,,,,,,17.76,15.79,19.38,,,,,,,,,,,,,60.43,58.24,62.44,,,,,,,,,,,,,9.1,7.41,10.73,,,,,,,,,,,,,,,,,,,5.11,3.46,6.78,,,,,,,4.94,3.38,6.62,,,,,,,,,
2022-12-06,,,,,,,,,,17.79,15.8,19.44,,,,,,,,,,,,,60.36,58.21,62.36,,,,,,,,,,,,,9.1,7.41,10.74,,,,,,,,,,,,,,,,,,,5.13,3.48,6.8,,,,,,,4.94,3.39,6.66,,,,,,,,,
2022-12-07,,,,,,,,,,17.83,15.82,19.45,,,,,,,,,,,,,60.29,58.21,62.26,,,,,,,,,,,,,9.1,7.42,10.75,,,,,,,,,,,,,,,,,,,5.15,3.5,6.78,,,,,,,4.94,3.38,6.63,,,,17.0,60.0,12.0,,5.0,4.0
2022-12-08,,,,,,,,,,17.86,15.84,19.46,,,,,,,,,,,,,60.22,58.21,62.15,,,,,,,,,,,,,9.1,7.42,10.76,,,,,,,,,,,,,,,,,,,5.17,3.52,6.77,,,,,,,4.94,3.37,6.6,,,,,,,,,
2022-12-09,,,,,,,,,,17.9,15.88,19.47,,,,,,,,,,,,,60.14,58.21,62.07,,,,,,,,,,,,,9.1,7.43,10.77,,,,,,,,,,,,,,,,,,,5.19,3.56,6.76,,,,,,,4.94,3.38,6.57,,,,,,,,,
2022-12-10,,,,,,,,,,17.93,15.94,19.48,,,,,,,,,,,,,60.07,58.12,61.98,,,,,,,,,,,,,9.11,7.42,10.78,,,,,,,,,,,,,,,,,,,5.21,3.6,6.74,,,,,,,4.94,3.38,6.56,,,,,,,,,
2022-12-11,,,,,,,,,,17.96,16.0,19.47,,,,,,,,,,,,,59.99,57.98,61.92,,,,,,,,,,,,,9.11,7.44,10.77,,,,,,,,,,,,,,,,,,,5.24,3.64,6.77,,,,,,,4.94,3.37,6.57,,,,,,,,,
2022-12-12,,,,,,,,,,18.0,16.05,19.5,,,,,,,,,,,,,59.92,57.94,61.83,,,,,,,,,,,,,9.11,7.46,10.74,,,,,,,,,,,,,,,,,,,5.27,3.65,6.81,,,,,,,4.94,3.41,6.56,,,,,,,,,
2022-12-13,,,,,,,,,,18.03,16.1,19.54,,,,,,,,,,,,,59.84,57.88,61.78,,,,,,,,,,,,,9.12,7.48,10.72,,,,,,,,,,,,,,,,,,,5.29,3.68,6.83,,,,,,,4.94,3.44,6.53,,,,,,,,,
2022-12-14,,,,,,,,,,18.06,16.15,19.58,,,,,,,,,,,,,59.76,57.85,61.72,,,,,,,,,,,,,9.12,7.49,10.69,,,,,,,,,,,,,,,,,,,5.32,3.73,6.81,,,,,,,4.94,3.44,6.49,,,,,,,,,
2022-12-15,,,,,,,,,,18.08,16.2,19.62,,,,,,,,,,,,,59.69,57.82,61.67,,,,,,,,,,,,,9.13,7.51,10.67,,,,,,,,,,,,,,,,,,,5.35,3.76,6.84,,,,,,,4.94,3.45,6.47,,,,19.0,57.0,7.0,,4.0,7.0
2022-12-16,,,,,,,,,,18.11,16.25,19.66,,,,,,,,,,,,,59.61,57.77,61.63,,,,,,,,,,,,,9.14,7.52,10.66,,,,,,,,,,,,,,,,,,,5.38,3.79,6.9,,,,,,,4.94,3.47,6.47,,,,,,,,,
2022-12-17,,,,,,,,,,18.13,16.3,19.69,,,,,,,,,,,,,59.54,57.7,61.58,,,,,,,,,,,,,9.14,7.53,10.66,,,,,,,,,,,,,,,,,,,5.41,3.82,6.94,,,,,,,4.94,3.48,6.47,,,,,,,,,
2022-12-18,,,,,,,,,,18.16,16.34,19.72,,,,,,,,,,,,,59.47,57.68,61.5,,,,,,,,,,,,,9.15,7.52,10.66,,,,,,,,,,,,,,,,,,,5.44,3.86,7.0,,,,,,,4.94,3.5,6.46,,,,,,,,,
2022-12-19,,,,,,,,,,18.18,16.39,19.75,,,,,,,,,,,,,59.39,57.6,61.38,,,,,,,,,,,,,9.15,7.56,10.66,,,,,,,,,,,,,,,,,,,5.47,3.9,7.05,,,,,,,4.94,3.51,6.46,,,,,,,,,
2022-12-20,,,,,,,,,,18.2,16.43,19.78,,,,,,,,,,,,,59.32,57.59,61.26,,,,,,,,,,,,,9.16,7.59,10.63,,,,,,,,,,,,,,,,,,,5.5,3.89,7.08,,,,,,,4.95,3.51,6.46,,,,,,,,,
2022-12-21,,,,,,,,,,18.22,16.46,19.79,,,,,,,,,,,,,59.25,57.56,61.16,,,,,,,,,,,,,9.17,7.63,10.63,,,,,,,,,,,,,,,,,,,5.54,3.87,7.1,,,,,,,4.95,3.51,6.46,,,,15.0,60.0,10.0,,4.0,9.0
2022-12-22,,,,,,,,,,18.23,16.5,19.82,,,,,,,,,,,,,59.18,57.5,61.11,,,,,,,,,,,,,9.18,7.67,10.65,,,,,,,,,,,,,,,,,,,5.57,3.87,7.13,,,,,,,4.95,3.5,6.46,,,,,,,,,
2022-12-23,,,,,,,,,,18.24,16.53,19.84,,,,,,,,,,,,,59.12,57.45,61.05,,,,,,,,,,,,,9.18,7.7,10.65,,,,,,,,,,,,,,,,,,,5.6,3.86,7.15,,,,,,,4.96,3.5,6.46,,,,,,,,,
2022-12-24,,,,,,,,,,18.25,16.55,19.83,,,,,,,,,,,,,59.05,57.4,61.0,,,,,,,,,,,,,9.19,7.73,10.71,,,,,,,,,,,,,,,,,,,5.64,3.92,7.18,,,,,,,4.96,3.51,6.45,,,,,,,,,
2022-12-25,,,,,,,,,,18.26,16.57,19.81,,,,,,,,,,,,,58.99,57.32,60.95,,,,,,,,,,,,,9.2,7.77,10.77,,,,,,,,,,,,,,,,,,,5.67,4.01,7.22,,,,,,,4.97,3.54,6.45,,,,,,,,,
2022-12-26,,,,,,,,,,18.27,16.61,19.79,,,,,,,,,,,,,58.93,57.25,60.9,,,,,,,,,,,,,9.2,7.79,10.74,,,,,,,,,,,,,,,,,,,5.7,4.03,7.27,,,,,,,4.97,3.53,6.44,,,,,,,,,
2022-12-27,,,,,,,,,,18.27,16.62,19.77,,,,,,,,,,,,,58.87,57.2,60.86,,,,,,,,,,,,,9.21,7.81,10.7,,,,,,,,,,,,,,,,,,,5.74,4.08,7.28,,,,,,,4.98,3.51,6.5,,,,,,,,,
2022-12-28,,,,,,,,,,18.28,16.66,19.78,,,,,,,,,,,,,58.81,57.12,60.82,,,,,,,,,,,,,9.22,7.84,10.7,,,,,,,,,,,,,,,,,,,5.78,4.15,7.3,,,,,,,4.99,3.52,6.5,,,,,,,,,
2022-12-29,,,,,,,,,,18.28,16.71,19.78,,,,,,,,,,,,,58.75,57.06,60.78,,,,,,,,,,,,,9.22,7.86,10.71,,,,,,,,,,,,,,,,,,,5.81,4.21,7.33,,,,,,,4.99,3.53,6.5,,,,,,,,,
2022-12-30,,,,,,,,,,18.28,16.71,19.79,,,,,,,,,,,,,58.7,56.99,60.74,,,,,,,,,,,,,9.23,7.88,10.73,,,,,,,,,,,,,,,,,,,5.85,4.22,7.36,,,,,,,5.0,3.54,6.5,,,,,,,,,
2022-12-31,,,,,,,,,,18.28,16.69,19.8,,,,,,,,,,,,,58.65,56.93,60.7,,,,,,,,,,,,,9.24,7.88,10.75,,,,,,,,,,,,,,,,,,,5.88,4.28,7.39,,,,,,,5.01,3.55,6.51,,,,,,,,,
2023-01-01,,,,,,,,,,18.27,16.67,19.8,,,,,,,,,,,,,58.6,56.82,60.65,,,,,,,,,,,,,9.24,7.85,10.76,,,,,,,,,,,,,,,,,,,5.92,4.32,7.42,,,,,,,5.01,3.56,6.52,,,,,,,,,
2023-01-02,,,,,,,,,,18.27,16.67,19.79,,,,,,,,,,,,,58.55,56.75,60.61,,,,,,,,,,,,,9.25,7.83,10.79,,,,,,,,,,,,,,,,,,,5.96,4.34,7.45,,,,,,,5.02,3.58,6.53,,,,,,,,,
2023-01-03,,,,,,,,,,18.26,16.68,19.8,,,,,,,,,,,,,58.5,56.67,60.57,,,,,,,,,,,,,9.26,7.84,10.81,,,,,,,,,,,,,,,,,,,5.99,4.35,7.49,,,,,,,5.03,3.58,6.54,,,,,,,,,
2023-01-04,,,,,,,,,,18.25,16.68,19.79,,,,,,,,,,,,,58.46,56.61,60.55,,,,,,,,,,,,,9.27,7.82,10.83,,,,,,,,,,,,,,,,,,,6.03,4.36,7.54,,,,,,,5.04,3.6,6.55,,,,,,,,,
2023-01-05,,,,,,,,,,18.24,16.68,19.77,,,,,,,,,,,,,58.41,56.53,60.53,,,,,,,,,,,,,9.27,7.8,10.84,,,,,,,,,,,,,,,,,,,6.07,4.37,7.58,,,,,,,5.04,3.62,6.55,,,,21.0,55.0,11.0,,6.0,4.0
2023-01-06,,,,,,,,,,18.23,16.68,19.76,,,,,,,,,,,,,58.37,56.49,60.46,,,,,,,,,,,,,9.28,7.78,10.85,,,,,,,,,,,,,,,,,,,6.11,4.42,7.63,,,,,,,5.05,3.63,6.53,,,,,,,,,
2023-01-07,,,,,,,,,,18.22,16.69,19.74,,,,,,,,,,,,,58.33,56.46,60.41,,,,,,,,,,,,,9.29,7.77,10.86,,,,,,,,,,,,,,,,,,,6.14,4.5,7.62,,,,,,,5.06,3.65,6.53,,,,,,,,,
2023-01-08,,,,,,,,,,18.21,16.68,19.72,,,,,,,,,,,,,58.29,56.43,60.36,,,,,,,,,,,,,9.3,7.75,10.88,,,,,,,,,,,,,,,,,,,6.18,4.57,7.68,,,,,,,5.06,3.65,6.53,,,,,,,,,
2023-01-09,,,,,,,,,,18.2,16.68,19.72,,,,,,,,,,,,,58.25,56.42,60.32,,,,,,,,,,,,,9.31,7.76,10.9,,,,,,,,,,,,,,,,,,,6.22,4.6,7.73,,,,,,,5.07,3.65,6.56,,,,,,,,,
2023-01-10,,,,,,,,,,18.18,16.69,19.76,,,,,,,,,,,,,58.21,56.4,60.29,,,,,,,,,,,,,9.32,7.8,10.92,,,,,,,,,,,,,,,,,,,6.26,4.63,7.78,,,,,,,5.08,3.67,6.58,,,,,,,,,
2023-01-11,,,,,,,,,,18.17,16.68,19.77,,,,,,,,,,,,,58.17,56.38,60.25,,,,,,,,,,,,,9.33,7.79,10.95,,,,,,,,,,,,,,,,,,,6.29,4.66,7.83,,,,,,,5.08,3.62,6.59,,,,19.0,62.0,7.0,,7.0,2.0
2023-01-12,,,,,,,,,,18.16,16.65,19.79,,,,,,,,,,,,,58.13,56.36,60.21,,,,,,,,,,,,,9.34,7.79,10.99,,,,,,,,,,,,,,,,,,,6.33,4.67,7.88,,,,,,,5.09,3.57,6.56,,,,,,,,,
2023-01-13,,,,,,,,,,18.14,16.61,19.8,,,,,,,,,,,,,58.09,56.34,60.16,,,,,,,,,,,,,9.35,7.8,11.02,,,,,,,,,,,,,,,,,,,6.37,4.7,7.93,,,,,,,5.09,3.59,6.56,,,,,,,,,
2023-01-14,,,,,,,,,,18.13,16.57,19.77,,,,,,,,,,,,,58.05,56.3,60.12,,,,,,,,,,,,,9.36,7.84,11.05,,,,,,,,,,,,,,,,,,,6.4,4.72,7.95,,,,,,,5.09,3.62,6.58,,,,,,,,,
2023-01-15,,,,,,,,,,18.11,16.56,19.75,,,,,,,,,,,,,58.01,56.22,60.11,,,,,,,,,,,,,9.37,7.83,11.07,,,,,,,,,,,,,,,,,,,6.44,4.75,7.99,,,,,,,5.1,3.66,6.56,,,,,,,,,
2023-01-16,,,,,,,,,,18.1,16.55,19.74,,,,,,,,,,,,,57.97,56.17,60.06,,,,,,,,,,,,,9.39,7.84,11.09,,,,,,,,,,,,,,,,,,,6.48,4.77,8.02,,,,,,,5.1,3.68,6.53,,,,,,,,,
2023-01-17,,,,,,,,,,18.09,16.51,19.75,,,,,,,,,,,,,57.93,56.14,60.01,,,,,,,,,,,,,9.4,7.9,11.1,,,,,,,,,,,,,,,,,,,6.52,4.82,8.08,,,,,,,5.1,3.71,6.51,,,,,,,,,
2023-01-18,,,,,,,,,,18.07,16.46,19.75,,,,,,,,,,,,,57.89,56.11,59.96,,,,,,,,,,,,,9.41,7.93,11.12,,,,,,,,,,,,,,,,,,,6.55,4.86,8.14,,,,,,,5.1,3.74,6.51,,,,,,,,,
2023-01-19,,,,,,,,,,18.06,16.43,19.76,,,,,,,,,,,,,57.85,56.09,59.93,,,,,,,,,,,,,9.43,7.94,11.14,,,,,,,,,,,,,,,,,,,6.59,4.91,8.18,,,,,,,5.1,3.74,6.52,,,,20.0,60.0,6.0,,7.0,5.0
2023-01-20,,,,,,,,,,18.05,16.4,19.76,,,,,,,,,,,,,57.81,56.07,59.89,,,,,,,,,,,,,9.44,7.96,11.13,,,,,,,,,,,,,,,,,,,6.63,4.96,8.21,,,,,,,5.1,3.68,6.53,,,,,,,,,
2023-01-21,,,,,,,,,,18.03,16.36,19.78,,,,,,,,,,,,,57.77,56.03,59.85,,,,,,,,,,,,,9.46,7.98,11.08,,,,,,,,,,,,,,,,,,,6.66,5.01,8.25,,,,,,,5.1,3.64,6.54,,,,,,,,,
2023-01-22,,,,,,,,,,18.02,16.32,19.8,,,,,,,,,,,,,57.73,55.98,59.81,,,,,,,,,,,,,9.47,8.0,11.05,,,,,,,,,,,,,,,,,,,6.7,5.06,8.29,,,,,,,5.1,3.59,6.54,,,,,,,,,
2023-01-23,,,,,,,,,,18.01,16.28,19.81,,,,,,,,,,,,,57.69,55.92,59.77,,,,,,,,,,,,,9.49,8.02,11.07,,,,,,,,,,,,,,,,,,,6.74,5.09,8.37,,,,,,,5.1,3.63,6.54,,,,,,,,,
2023-01-24,,,,,,,,,,18.01,16.27,19.83,,,,,,,,,,,,,57.65,55.92,59.73,,,,,,,,,,,,,9.5,8.04,11.09,,,,,,,,,,,,,,,,,,,6.77,5.13,8.41,,,,,,,5.1,3.65,6.55,,,,,,,,,
2023-01-25,,,,,,,,,,18.0,16.26,19.82,,,,,,,,,,,,,57.61,55.86,59.68,,,,,,,,,,,,,9.52,8.03,11.09,,,,,,,,,,,,,,,,,,,6.81,5.17,8.42,,,,,,,5.1,3.69,6.56,,,,20.0,52.0,9.0,,9.0,4.0
2023-01-26,,,,,,,,,,17.99,16.26,19.81,,,,,,,,,,,,,57.57,55.81,59.64,,,,,,,,,,,,,9.53,8.01,11.11,,,,,,,,,,,,,,,,,,,6.84,5.21,8.46,,,,,,,5.1,3.73,6.56,,,,,,,,,
2023-01-27,,,,,,,,,,17.99,16.26,19.82,,,,,,,,,,,,,57.53,55.75,59.59,,,,,,,,,,,,,9.55,8.03,11.12,,,,,,,,,,,,,,,,,,,6.87,5.25,8.5,,,,,,,5.09,3.76,6.57,,,,,,,,,
2023-01-28,,,,,,,,,,17.99,16.27,19.83,,,,,,,,,,,,,57.49,55.7,59.55,,,,,,,,,,,,,9.56,8.06,11.13,,,,,,,,,,,,,,,,,,,6.91,5.29,8.53,,,,,,,5.09,3.7,6.56,,,,,,,,,
2023-01-29,,,,,,,,,,17.99,16.27,19.85,,,,,,,,,,,,,57.45,55.64,59.53,,,,,,,,,,,,,9.57,8.09,11.13,,,,,,,,,,,,,,,,,,,6.94,5.33,8.56,,,,,,,5.09,3.67,6.55,,,,,,,,,
2023-01-30,,,,,,,,,,17.99,16.29,19.86,,,,,,,,,,,,,57.41,55.59,59.48,,,,,,,,,,,,,9.59,8.12,11.11,,,,,,,,,,,,,,,,,,,6.97,5.37,8.58,,,,,,,5.08,3.69,6.54,,,,,,,,,
2023-01-31,,,,,,,,,,17.99,16.28,19.86,,,,,,,,,,,,,57.37,55.53,59.43,,,,,,,,,,,,,9.6,8.12,11.13,,,,,,,,,,,,,,,,,,,6.99,5.42,8.59,,,,,,,5.08,3.7,6.52,,,,,,,,,
2023-02-01,,,,,,,,,,17.99,16.29,19.86,,,,,,,,,,,,,57.33,55.5,59.4,,,,,,,,,,,,,9.62,8.08,11.15,,,,,,,,,,,,,,,,,,,7.02,5.49,8.62,,,,,,,5.07,3.71,6.51,,,,18.0,66.0,6.0,,6.0,3.0
2023-02-02,,,,,,,,,,18.0,16.3,19.88,,,,,,,,,,,,,57.29,55.46,59.35,,,,,,,,,,,,,9.63,8.05,11.19,,,,,,,,,,,,,,,,,,,7.04,5.54,8.66,,,,,,,5.07,3.7,6.55,,,,,,,,,
2023-02-03,,,,,,,,,,18.01,16.32,19.88,,,,,,,,,,,,,57.25,55.42,59.27,,,,,,,,,,,,,9.64,8.02,11.23,,,,,,,,,,,,,,,,,,,7.07,5.56,8.67,,,,,,,5.06,3.72,6.55,,,,,,,,,
2023-02-04,,,,,,,,,,18.02,16.33,19.89,,,,,,,,,,,,,57.21,55.39,59.23,,,,,,,,,,,,,9.65,7.99,11.28,,,,,,,,,,,,,,,,,,,7.09,5.58,8.69,,,,,,,5.06,3.66,6.55,,,,,,,,,
2023-02-05,,,,,,,,,,18.03,16.35,19.9,,,,,,,,,,,,,57.17,55.34,59.19,,,,,,,,,,,,,9.66,7.99,11.31,,,,,,,,,,,,,,,,,,,7.11,5.59,8.7,,,,,,,5.05,3.64,6.55,,,,,,,,,
2023-02-06,,,,,,,,,,18.05,16.37,19.92,,,,,,,,,,,,,57.13,55.31,59.15,,,,,,,,,,,,,9.67,8.03,11.34,,,,,,,,,,,,,,,,,,,7.13,5.6,8.72,,,,,,,5.04,3.62,6.55,,,,,,,,,
2023-02-07,,,,,,,,,,18.06,16.39,19.94,,,,,,,,,,,,,57.09,55.28,59.1,,,,,,,,,,,,,9.68,8.07,11.36,,,,,,,,,,,,,,,,,,,7.14,5.61,8.73,,,,,,,5.04,3.59,6.57,,,,,,,,,
2023-02-08,,,,,,,,,,18.08,16.41,19.96,,,,,,,,,,,,,57.05,55.24,59.06,,,,,,,,,,,,,9.69,8.1,11.37,,,,,,,,,,,,,,,,,,,7.16,5.62,8.75,,,,,,,5.04,3.57,6.56,,,,,,,,,
2023-02-09,,,,,,,,,,18.1,16.42,19.99,,,,,,,,,,,,,57.01,55.19,59.01,,,,,,,,,,,,,9.7,8.06,11.39,,,,,,,,,,,,,,,,,,,7.17,5.64,8.77,,,,,,,5.03,3.55,6.56,,,,20.0,52.0,12.0,,6.0,5.0
2023-02-10,,,,,,,,,,18.12,16.41,20.02,,,,,,,,,,,,,56.97,55.13,58.96,,,,,,,,,,,,,9.71,8.02,11.4,,,,,,,,,,,,,,,,,,,7.18,5.67,8.79,,,,,,,5.03,3.54,6.57,,,,,,,,,
2023-02-11,,,,,,,,,,18.15,16.39,20.05,,,,,,,,,,,,,56.93,55.13,58.92,,,,,,,,,,,,,9.72,8.04,11.42,,,,,,,,,,,,,,,,,,,7.19,5.67,8.79,,,,,,,5.02,3.53,6.57,,,,,,,,,
2023-02-12,,,,,,,,,,18.17,16.41,20.05,,,,,,,,,,,,,56.89,55.1,58.93,,,,,,,,,,,,,9.73,8.07,11.43,,,,,,,,,,,,,,,,,,,7.2,5.71,8.81,,,,,,,5.02,3.53,6.57,,,,,,,,,
2023-02-13,,,,,,,,,,18.2,16.44,20.08,,,,,,,,,,,,,56.85,55.04,58.87,,,,,,,,,,,,,9.74,8.09,11.43,,,,,,,,,,,,,,,,,,,7.21,5.74,8.8,,,,,,,5.02,3.53,6.54,,,,,,,,,
2023-02-14,,,,,,,,,,18.23,16.41,20.14,,,,,,,,,,,,,56.81,54.96,58.82,,,,,,,,,,,,,9.75,8.08,11.45,,,,,,,,,,,,,,,,,,,7.21,5.72,8.83,,,,,,,5.02,3.49,6.54,,,,,,,,,
2023-02-15,,,,,,,,,,18.26,16.38,20.19,,,,,,,,,,,,,56.76,54.91,58.77,,,,,,,,,,,,,9.75,8.12,11.49,,,,,,,,,,,,,,,,,,,7.22,5.69,8.84,,,,,,,5.02,3.47,6.54,,,,17.0,56.0,12.0,,7.0,6.0
2023-02-16,,,,,,,,,,18.29,16.37,20.24,,,,,,,,,,,,,56.72,54.85,58.73,,,,,,,,,,,,,9.76,8.16,11.47,,,,,,,,,,,,,,,,,,,7.22,5.67,8.84,,,,,,,5.02,3.46,6.55,,,,,,,,,
2023-02-17,,,,,,,,,,18.32,16.37,20.28,,,,,,,,,,,,,56.67,54.8,58.69,,,,,,,,,,,,,9.77,8.18,11.46,,,,,,,,,,,,,,,,,,,7.22,5.66,8.84,,,,,,,5.02,3.45,6.55,,,,,,,,,
2023-02-18,,,,,,,,,,18.36,16.37,20.32,,,,,,,,,,,,,56.63,54.77,58.64,,,,,,,,,,,,,9.78,8.16,11.46,,,,,,,,,,,,,,,,,,,7.22,5.68,8.85,,,,,,,5.02,3.48,6.56,,,,,,,,,
2023-02-19,,,,,,,,,,18.39,16.37,20.37,,,,,,,,,,,,,56.58,54.73,58.59,,,,,,,,,,,,,9.79,8.14,11.47,,,,,,,,,,,,,,,,,,,7.22,5.69,8.89,,,,,,,5.02,3.52,6.58,,,,,,,,,
2023-02-20,,,,,,,,,,18.43,16.37,20.4,,,,,,,,,,,,,56.53,54.69,58.55,,,,,,,,,,,,,9.8,8.12,11.49,,,,,,,,,,,,,,,,,,,7.22,5.68,8.9,,,,,,,5.02,3.54,6.54,,,,,,,,,
2023-02-21,,,,,,,,,,18.47,16.41,20.44,,,,,,,,,,,,,56.48,54.66,58.5,,,,,,,,,,,,,9.81,8.15,11.5,,,,,,,,,,,,,,,,,,,7.22,5.67,8.9,,,,,,,5.02,3.53,6.55,,,,,,,,,
2023-02-22,,,,,,,,,,18.5,16.46,20.57,,,,,,,,,,,,,56.43,54.62,58.45,,,,,,,,,,,,,9.82,8.18,11.51,,,,,,,,,,,,,,,,,,,7.22,5.65,8.92,,,,,,,5.02,3.53,6.56,,,,12.0,58.0,9.0,,11.0,8.0
2023-02-23,,,,,,,,,,18.54,16.51,20.6,,,,,,,,,,,,,56.37,54.59,58.4,,,,,,,,,,,,,9.83,8.19,11.52,,,,,,,,,,,,,,,,,,,7.21,5.63,8.97,,,,,,,5.03,3.53,6.57,,,,,,,,,
2023-02-24,,,,,,,,,,18.58,16.56,20.64,,,,,,,,,,,,,56.32,54.55,58.33,,,,,,,,,,,,,9.85,8.22,11.54,,,,,,,,,,,,,,,,,,,7.21,5.62,8.97,,,,,,,5.03,3.55,6.56,,,,,,,,,
2023-02-25,,,,,,,,,,18.62,16.62,20.72,,,,,,,,,,,,,56.26,54.51,58.28,,,,,,,,,,,,,9.86,8.22,11.54,,,,,,,,,,,,,,,,,,,7.21,5.6,8.94,,,,,,,5.03,3.55,6.57,,,,,,,,,
2023-02-26,,,,,,,,,,18.66,16.65,20.8,,,,,,,,,,,,,56.21,54.47,58.26,,,,,,,,,,,,,9.87,8.22,11.61,,,,,,,,,,,,,,,,,,,7.21,5.59,8.92,,,,,,,5.03,3.55,6.57,,,,,,,,,
2023-02-27,,,,,,,,,,18.7,16.71,20.89,,,,,,,,,,,,,56.15,54.43,58.22,,,,,,,,,,,,,9.88,8.26,11.63,,,,,,,,,,,,,,,,,,,7.2,5.57,8.93,,,,,,,5.04,3.55,6.58,,,,,,,,,
2023-02-28,,,,,,,,,,18.74,16.76,20.98,,,,,,,,,,,,,56.09,54.35,58.12,,,,,,,,,,,,,9.89,8.26,11.63,,,,,,,,,,,,,,,,,,,7.2,5.56,8.94,,,,,,,5.04,3.53,6.58,,,,,,,,,
2023-03-01,,,,,,,,,,18.78,16.81,21.04,,,,,,,,,,,,,56.03,54.28,58.03,,,,,,,,,,,,,9.9,8.26,11.68,,,,,,,,,,,,,,,,,,,7.2,5.55,8.94,,,,,,,5.04,3.51,6.58,,,,19.0,56.0,10.0,,8.0,6.0
2023-03-02,,,,,,,,,,18.82,16.86,21.08,,,,,,,,,,,,,55.97,54.21,57.98,,,,,,,,,,,,,9.91,8.25,11.76,,,,,,,,,,,,,,,,,,,7.2,5.53,8.91,,,,,,,5.05,3.5,6.59,,,,,,,,,
2023-03-03,,,,,,,,,,18.86,16.92,21.12,,,,,,,,,,,,,55.91,54.13,57.93,,,,,,,,,,,,,9.93,8.24,11.83,,,,,,,,,,,,,,,,,,,7.2,5.53,8.88,,,,,,,5.05,3.5,6.6,,,,,,,,,
2023-03-04,,,,,,,,,,18.9,16.96,21.16,,,,,,,,,,,,,55.85,54.06,57.85,,,,,,,,,,,,,9.94,8.22,11.91,,,,,,,,,,,,,,,,,,,7.2,5.52,8.85,,,,,,,5.05,3.51,6.61,,,,,,,,,
2023-03-05,,,,,,,,,,18.94,17.01,21.21,,,,,,,,,,,,,55.79,53.99,57.77,,,,,,,,,,,,,9.95,8.21,11.91,,,,,,,,,,,,,,,,,,,7.2,5.51,8.82,,,,,,,5.06,3.51,6.62,,,,,,,,,
2023-03-06,,,,,,,,,,18.98,17.05,21.24,,,,,,,,,,,,,55.73,53.92,57.7,,,,,,,,,,,,,9.96,8.2,11.89,,,,,,,,,,,,,,,,,,,7.2,5.52,8.78,,,,,,,5.06,3.51,6.63,,,,,,,,,
2023-03-07,,,,,,,,,,19.02,17.08,21.27,,,,,,,,,,,,,55.67,53.85,57.67,,,,,,,,,,,,,9.98,8.18,11.87,,,,,,,,,,,,,,,,,,,7.2,5.52,8.75,,,,,,,5.06,3.51,6.63,,,,,,,,,
2023-03-08,,,,,,,,,,19.06,17.11,21.3,,,,,,,,,,,,,55.61,53.79,57.59,,,,,,,,,,,,,9.99,8.17,11.86,,,,,,,,,,,,,,,,,,,7.2,5.57,8.75,,,,,,,5.06,3.51,6.63,,,,13.0,56.0,11.0,,9.0,6.0
2023-03-09,,,,,,,,,,19.1,17.12,21.32,,,,,,,,,,,,,55.55,53.76,57.54,,,,,,,,,,,,,10.01,8.16,11.87,,,,,,,,,,,,,,,,,,,7.21,5.59,8.78,,,,,,,5.06,3.53,6.63,,,,,,,,,
2023-03-10,,,,,,,,,,19.13,17.14,21.35,,,,,,,,,,,,,55.49,53.71,57.51,,,,,,,,,,,,,10.02,8.17,11.86,,,,,,,,,,,,,,,,,,,7.21,5.56,8.77,,,,,,,5.06,3.53,6.62,,,,,,,,,
2023-03-11,,,,,,,,,,19.17,17.15,21.37,,,,,,,,,,,,,55.43,53.68,57.47,,,,,,,,,,,,,10.04,8.17,11.85,,,,,,,,,,,,,,,,,,,7.21,5.57,8.78,,,,,,,5.06,3.52,6.61,,,,,,,,,
2023-03-12,,,,,,,,,,19.21,17.16,21.39,,,,,,,,,,,,,55.37,53.67,57.43,,,,,,,,,,,,,10.05,8.18,11.88,,,,,,,,,,,,,,,,,,,7.22,5.61,8.79,,,,,,,5.06,3.51,6.61,,,,,,,,,
2023-03-13,,,,,,,,,,19.25,17.18,21.41,,,,,,,,,,,,,55.31,53.59,57.39,,,,,,,,,,,,,10.07,8.18,11.92,,,,,,,,,,,,,,,,,,,7.22,5.64,8.81,,,,,,,5.06,3.52,6.6,,,,,,,,,
2023-03-14,,,,,,,,,,19.28,17.19,21.45,,,,,,,,,,,,,55.25,53.49,57.35,,,,,,,,,,,,,10.09,8.19,11.95,,,,,,,,,,,,,,,,,,,7.23,5.68,8.82,,,,,,,5.06,3.52,6.59,,,,,,,,,
2023-03-15,,,,,,,,,,19.32,17.22,21.52,,,,,,,,,,,,,55.19,53.42,57.31,,,,,,,,,,,,,10.1,8.2,11.93,,,,,,,,,,,,,,,,,,,7.24,5.7,8.84,,,,,,,5.06,3.51,6.58,,,,,,,,,
2023-03-16,,,,,,,,,,19.36,17.22,21.59,,,,,,,,,,,,,55.13,53.34,57.27,,,,,,,,,,,,,10.12,8.23,11.94,,,,,,,,,,,,,,,,,,,7.24,5.67,8.83,,,,,,,5.05,3.49,6.57,,,,22.0,53.0,14.0,,7.0,4.0
2023-03-17,,,,,,,,,,19.39,17.24,21.6,,,,,,,,,,,,,55.07,53.26,57.22,,,,,,,,,,,,,10.14,8.3,11.95,,,,,,,,,,,,,,,,,,,7.25,5.65,8.81,,,,,,,5.05,3.48,6.56,,,,,,,,,
2023-03-18,,,,,,,,,,19.43,17.26,21.63,,,,,,,,,,,,,55.02,53.19,57.18,,,,,,,,,,,,,10.16,8.36,11.95,,,,,,,,,,,,,,,,,,,7.25,5.64,8.86,,,,,,,5.04,3.46,6.55,,,,,,,,,
2023-03-19,,,,,,,,,,19.46,17.29,21.7,,,,,,,,,,,,,54.96,53.12,57.14,,,,,,,,,,,,,10.18,8.42,11.94,,,,,,,,,,,,,,,,,,,7.26,5.7,8.9,,,,,,,5.03,3.46,6.55,,,,,,,,,
2023-03-20,,,,,,,,,,19.5,17.32,21.7,,,,,,,,,,,,,54.9,53.06,57.07,,,,,,,,,,,,,10.2,8.48,11.9,,,,,,,,,,,,,,,,,,,7.27,5.73,8.93,,,,,,,5.02,3.48,6.55,,,,,,,,,
2023-03-21,,,,,,,,,,19.53,17.35,21.67,,,,,,,,,,,,,54.85,53.0,56.99,,,,,,,,,,,,,10.22,8.5,11.95,,,,,,,,,,,,,,,,,,,7.27,5.74,8.96,,,,,,,5.01,3.45,6.54,,,,,,,,,
2023-03-22,,,,,,,,,,19.57,17.38,21.68,,,,,,,,,,,,,54.79,52.96,56.91,,,,,,,,,,,,,10.24,8.51,11.97,,,,,,,,,,,,,,,,,,,7.28,5.75,9.0,,,,,,,5.0,3.46,6.54,,,,15.0,57.0,12.0,,5.0,3.0
2023-03-23,,,,,,,,,,19.6,17.41,21.74,,,,,,,,,,,,,54.74,52.94,56.83,,,,,,,,,,,,,10.26,8.53,11.99,,,,,,,,,,,,,,,,,,,7.29,5.75,9.05,,,,,,,4.99,3.47,6.54,,,,,,,,,
2023-03-24,,,,,,,,,,19.64,17.44,21.79,,,,,,,,,,,,,54.69,52.89,56.75,,,,,,,,,,,,,10.27,8.55,11.98,,,,,,,,,,,,,,,,,,,7.29,5.72,9.04,,,,,,,4.98,3.45,6.52,,,,,,,,,
2023-03-25,,,,,,,,,,19.67,17.48,21.85,,,,,,,,,,,,,54.63,52.83,56.68,,,,,,,,,,,,,10.29,8.56,11.98,,,,,,,,,,,,,,,,,,,7.3,5.75,9.02,,,,,,,4.97,3.41,6.51,,,,,,,,,
2023-03-26,,,,,,,,,,19.7,17.53,21.9,,,,,,,,,,,,,54.58,52.82,56.6,,,,,,,,,,,,,10.31,8.6,12.02,,,,,,,,,,,,,,,,,,,7.3,5.76,9.04,,,,,,,4.95,3.38,6.49,,,,,,,,,
2023-03-27,,,,,,,,,,19.73,17.57,21.95,,,,,,,,,,,,,54.53,52.78,56.53,,,,,,,,,,,,,10.33,8.67,12.05,,,,,,,,,,,,,,,,,,,7.31,5.8,9.06,,,,,,,4.94,3.38,6.48,,,,,,,,,
2023-03-28,,,,,,,,,,19.77,17.61,22.0,,,,,,,,,,,,,54.48,52.76,56.45,,,,,,,,,,,,,10.35,8.7,12.09,,,,,,,,,,,,,,,,,,,7.32,5.79,9.08,,,,,,,4.92,3.39,6.48,,,,,,,,,
2023-03-29,,,,,,,,,,19.8,17.65,21.97,,,,,,,,,,,,,54.44,52.74,56.38,,,,,,,,,,,,,10.37,8.71,12.16,,,,,,,,,,,,,,,,,,,7.33,5.76,9.08,,,,,,,4.9,3.36,6.47,,,,,,,,,
2023-03-30,,,,,,,,,,19.83,17.7,21.92,,,,,,,,,,,,,54.39,52.72,56.33,,,,,,,,,,,,,10.39,8.7,12.21,,,,,,,,,,,,,,,,,,,7.33,5.74,9.07,,,,,,,4.88,3.32,6.47,,,,18.0,56.0,10.0,,10.0,6.0
2023-03-31,,,,,,,,,,19.86,17.75,21.9,,,,,,,,,,,,,54.34,52.66,56.28,,,,,,,,,,,,,10.41,8.69,12.21,,,,,,,,,,,,,,,,,,,7.34,5.73,9.07,,,,,,,4.86,3.31,6.45,,,,,,,,,
2023-04-01,,,,,,,,,,19.89,17.79,21.94,,,,,,,,,,,,,54.3,52.62,56.23,,,,,,,,,,,,,10.43,8.68,12.19,,,,,,,,,,,,,,,,,,,7.35,5.71,9.06,,,,,,,4.84,3.3,6.44,,,,,,,,,
2023-04-02,,,,,,,,,,19.93,17.83,21.96,,,,,,,,,,,,,54.25,52.61,56.17,,,,,,,,,,,,,10.44,8.66,12.22,,,,,,,,,,,,,,,,,,,7.36,5.7,9.06,,,,,,,4.82,3.28,6.41,,,,,,,,,
2023-04-03,,,,,,,,,,19.96,17.83,21.94,,,,,,,,,,,,,54.2,52.57,56.12,,,,,,,,,,,,,10.46,8.66,12.25,,,,,,,,,,,,,,,,,,,7.37,5.71,9.03,,,,,,,4.8,3.27,6.36,,,,,,,,,
2023-04-04,,,,,,,,,,19.99,17.84,21.94,,,,,,,,,,,,,54.15,52.51,56.02,,,,,,,,,,,,,10.48,8.69,12.28,,,,,,,,,,,,,,,,,,,7.38,5.72,9.05,,,,,,,4.78,3.26,6.3,,,,,,,,,
2023-04-05,,,,,,,,,,20.02,17.85,21.92,,,,,,,,,,,,,54.11,52.44,55.9,,,,,,,,,,,,,10.5,8.72,12.31,,,,,,,,,,,,,,,,,,,7.39,5.72,9.04,,,,,,,4.76,3.25,6.25,,,,,,,,,
2023-04-06,,,,,,,,,,20.05,17.88,21.9,,,,,,,,,,,,,54.06,52.4,55.84,,,,,,,,,,,,,10.51,8.76,12.34,,,,,,,,,,,,,,,,,,,7.4,5.73,9.04,,,,,,,4.74,3.24,6.21,,,,23.0,57.0,8.0,,4.0,6.0
2023-04-07,,,,,,,,,,20.09,17.93,21.9,,,,,,,,,,,,,54.01,52.35,55.79,,,,,,,,,,,,,10.53,8.76,12.36,,,,,,,,,,,,,,,,,,,7.41,5.73,9.04,,,,,,,4.71,3.22,6.18,,,,,,,,,
2023-04-08,,,,,,,,,,20.12,18.0,21.92,,,,,,,,,,,,,53.96,52.32,55.74,,,,,,,,,,,,,10.54,8.72,12.42,,,,,,,,,,,,,,,,,,,7.42,5.74,9.05,,,,,,,4.69,3.2,6.19,,,,,,,,,
2023-04-09,,,,,,,,,,20.16,18.07,21.94,,,,,,,,,,,,,53.91,52.25,55.7,,,,,,,,,,,,,10.56,8.75,12.46,,,,,,,,,,,,,,,,,,,7.43,5.71,9.05,,,,,,,4.67,3.17,6.19,,,,,,,,,
2023-04-10,,,,,,,,,,20.19,18.1,21.96,,,,,,,,,,,,,53.86,52.19,55.65,,,,,,,,,,,,,10.58,8.79,12.44,,,,,,,,,,,,,,,,,,,7.45,5.68,9.05,,,,,,,4.64,3.15,6.19,,,,,,,,,
2023-04-11,,,,,,,,,,20.22,18.12,21.98,,,,,,,,,,,,,53.81,52.12,55.57,,,,,,,,,,,,,10.59,8.84,12.46,,,,,,,,,,,,,,,,,,,7.46,5.68,9.05,,,,,,,4.62,3.12,6.16,,,,,,,,,
2023-04-12,,,,,,,,,,20.26,18.16,22.0,,,,,,,,,,,,,53.75,52.05,55.48,,,,,,,,,,,,,10.61,8.89,12.48,,,,,,,,,,,,,,,,,,,7.47,5.69,9.05,,,,,,,4.6,3.07,6.18,,,,,,,,,
2023-04-13,,,,,,,,,,20.29,18.18,22.04,,,,,,,,,,,,,53.7,51.98,55.42,,,,,,,,,,,,,10.62,8.95,12.5,,,,,,,,,,,,,,,,,,,7.48,5.71,9.06,,,,,,,4.58,3.05,6.19,,,,24.0,53.0,9.0,,4.0,5.0
2023-04-14,,,,,,,,,,20.33,18.23,22.09,,,,,,,,,,,,,53.65,51.9,55.37,,,,,,,,,,,,,10.64,9.0,12.51,,,,,,,,,,,,,,,,,,,7.5,5.72,9.06,,,,,,,4.56,3.04,6.16,,,,,,,,,
2023-04-15,,,,,,,,,,20.36,18.31,22.18,,,,,,,,,,,,,53.6,51.86,55.31,,,,,,,,,,,,,10.65,9.05,12.52,,,,,,,,,,,,,,,,,,,7.51,5.74,9.07,,,,,,,4.54,3.02,6.11,,,,,,,,,
2023-04-16,,,,,,,,,,20.39,18.37,22.27,,,,,,,,,,,,,53.55,51.82,55.26,,,,,,,,,,,,,10.67,9.07,12.53,,,,,,,,,,,,,,,,,,,7.52,5.75,9.11,,,,,,,4.52,2.99,6.07,,,,,,,,,
2023-04-17,,,,,,,,,,20.43,18.45,22.29,,,,,,,,,,,,,53.5,51.76,55.2,,,,,,,,,,,,,10.68,9.09,12.53,,,,,,,,,,,,,,,,,,,7.53,5.73,9.15,,,,,,,4.5,2.96,6.04,,,,,,,,,
2023-04-18,,,,,,,,,,20.46,18.48,22.33,,,,,,,,,,,,,53.45,51.71,55.16,,,,,,,,,,,,,10.7,9.11,12.51,,,,,,,,,,,,,,,,,,,7.54,5.74,9.18,,,,,,,4.48,2.91,6.03,,,,,,,,,
2023-04-19,,,,,,,,,,20.49,18.51,22.36,,,,,,,,,,,,,53.4,51.65,55.11,,,,,,,,,,,,,10.71,9.12,12.48,,,,,,,,,,,,,,,,,,,7.55,5.77,9.22,,,,,,,4.46,2.86,6.0,,,,28.0,49.0,6.0,,6.0,6.0
2023-04-20,,,,,,,,,,20.53,18.54,22.37,,,,,,,,,,,,,53.35,51.61,55.08,,,,,,,,,,,,,10.72,9.15,12.47,,,,,,,,,,,,,,,,,,,7.57,5.78,9.24,,,,,,,4.44,2.83,5.99,,,,,,,,,
2023-04-21,,,,,,,,,,20.56,18.57,22.38,,,,,,,,,,,,,53.3,51.56,55.06,,,,,,,,,,,,,10.73,9.17,12.48,,,,,,,,,,,,,,,,,,,7.58,5.81,9.23,,,,,,,4.43,2.85,5.98,,,,,,,,,
2023-04-22,,,,,,,,,,20.59,18.6,22.38,,,,,,,,,,,,,53.26,51.47,55.0,,,,,,,,,,,,,10.75,9.18,12.5,,,,,,,,,,,,,,,,,,,7.59,5.82,9.23,,,,,,,4.41,2.86,5.96,,,,,,,,,
2023-04-23,,,,,,,,,,20.62,18.62,22.39,,,,,,,,,,,,,53.21,51.41,54.94,,,,,,,,,,,,,10.76,9.21,12.52,,,,,,,,,,,,,,,,,,,7.6,5.85,9.22,,,,,,,4.4,2.86,5.97,,,,,,,,,
2023-04-24,,,,,,,,,,20.64,18.66,22.39,,,,,,,,,,,,,53.17,51.38,54.89,,,,,,,,,,,,,10.77,9.22,12.53,,,,,,,,,,,,,,,,,,,7.61,5.86,9.2,,,,,,,4.39,2.84,5.96,,,,,,,,,
2023-04-25,,,,,,,,,,20.67,18.68,22.41,,,,,,,,,,,,,53.12,51.34,54.85,,,,,,,,,,,,,10.78,9.23,12.53,,,,,,,,,,,,,,,,,,,7.62,5.88,9.19,,,,,,,4.38,2.84,5.95,,,,,,,,,
2023-04-26,,,,,,,,,,20.69,18.71,22.4,,,,,,,,,,,,,53.08,51.28,54.81,,,,,,,,,,,,,10.79,9.21,12.52,,,,,,,,,,,,,,,,,,,7.63,5.89,9.19,,,,,,,4.37,2.85,5.93,,,,,,,,,
2023-04-27,,,,,,,,,,20.71,18.75,22.45,,,,,,,,,,,,,53.04,51.21,54.8,,,,,,,,,,,,,10.79,9.19,12.55,,,,,,,,,,,,,,,,,,,7.64,5.91,9.21,,,,,,,4.37,2.83,5.9,,,,25.0,49.0,13.0,,5.0,5.0
2023-04-28,,,,,,,,,,20.73,18.78,22.49,,,,,,,,,,,,,53.0,51.18,54.76,,,,,,,,,,,,,10.8,9.17,12.57,,,,,,,,,,,,,,,,,,,7.65,5.93,9.24,,,,,,,4.36,2.83,5.92,,,,,,,,,
2023-04-29,,,,,,,,,,20.74,18.81,22.53,,,,,,,,,,,,,52.96,51.12,54.72,,,,,,,,,,,,,10.81,9.15,12.59,,,,,,,,,,,,,,,,,,,7.66,5.94,9.26,,,,,,,4.36,2.82,5.91,,,,,,,,,
2023-04-30,,,,,,,,,,20.76,18.84,22.56,,,,,,,,,,,,,52.92,51.05,54.71,,,,,,,,,,,,,10.82,9.15,12.61,,,,,,,,,,,,,,,,,,,7.67,5.95,9.28,,,,,,,4.36,2.82,5.9,,,,,,,,,
2023-05-01,,,,,,,,,,20.77,18.88,22.59,,,,,,,,,,,,,52.89,51.0,54.71,,,,,,,,,,,,,10.82,9.17,12.58,,,,,,,,,,,,,,,,,,,7.69,5.97,9.31,,,,,,,4.37,2.83,5.88,,,,,,,,,
2023-05-02,,,,,,,,,,20.78,18.91,22.59,,,,,,,,,,,,,52.86,50.95,54.66,,,,,,,,,,,,,10.83,9.15,12.54,,,,,,,,,,,,,,,,,,,7.7,5.98,9.36,,,,,,,4.37,2.83,5.87,,,,,,,,,
2023-05-03,,,,,,,,,,20.78,18.93,22.64,,,,,,,,,,,,,52.83,50.94,54.65,,,,,,,,,,,,,10.83,9.16,12.52,,,,,,,,,,,,,,,,,,,7.71,6.0,9.41,,,,,,,4.38,2.85,5.9,,,,,,,,,
2023-05-04,,,,,,,,,,20.78,18.94,22.66,,,,,,,,,,,,,52.8,50.89,54.64,,,,,,,,,,,,,10.83,9.16,12.48,,,,,,,,,,,,,,,,,,,7.72,6.0,9.44,,,,,,,4.38,2.87,5.91,,,,19.0,53.0,11.0,,12.0,1.0
2023-05-05,,,,,,,,,,20.78,18.92,22.68,,,,,,,,,,,,,52.77,50.84,54.63,,,,,,,,,,,,,10.84,9.18,12.47,,,,,,,,,,,,,,,,,,,7.74,5.99,9.45,,,,,,,4.39,2.88,5.95,,,,,,,,,
2023-05-06,,,,,,,,,,20.78,18.9,22.68,,,,,,,,,,,,,52.75,50.8,54.59,,,,,,,,,,,,,10.84,9.21,12.46,,,,,,,,,,,,,,,,,,,7.75,6.0,9.44,,,,,,,4.4,2.91,5.99,,,,,,,,,
2023-05-07,,,,,,,,,,20.77,18.9,22.63,,,,,,,,,,,,,52.73,50.78,54.59,,,,,,,,,,,,,10.85,9.23,12.47,,,,,,,,,,,,,,,,,,,7.77,6.04,9.49,,,,,,,4.42,2.93,6.01,,,,,,,,,
2023-05-08,,,,,,,,,,20.76,18.88,22.58,,,,,,,,,,,,,52.71,50.75,54.57,,,,,,,,,,,,,10.85,9.25,12.48,,,,,,,,,,,,,,,,,,,7.78,6.04,9.49,,,,,,,4.43,2.96,6.04,,,,,,,,,
2023-05-09,,,,,,,,,,20.75,18.86,22.55,,,,,,,,,,,,,52.69,50.74,54.54,,,,,,,,,,,,,10.85,9.23,12.48,,,,,,,,,,,,,,,,,,,7.8,6.02,9.5,,,,,,,4.45,2.99,6.09,,,,,,,,,
2023-05-10,,,,,,,,,,20.73,18.8,22.53,,,,,,,,,,,,,52.67,50.72,54.54,,,,,,,,,,,,,10.85,9.21,12.5,,,,,,,,,,,,,,,,,,,7.82,6.02,9.52,,,,,,,4.46,3.0,6.13,,,,23.0,51.0,10.0,,10.0,3.0
2023-05-11,,,,,,,,,,20.72,18.79,22.49,,,,,,,,,,,,,52.66,50.7,54.56,,,,,,,,,,,,,10.86,9.23,12.52,,,,,,,,,,,,,,,,,,,7.83,6.0,9.54,,,,,,,4.48,2.97,6.18,,,,,,,,,
2023-05-12,,,,,,,,,,20.7,18.74,22.45,,,,,,,,,,,,,52.64,50.65,54.57,,,,,,,,,,,,,10.86,9.25,12.53,,,,,,,,,,,,,,,,,,,7.85,6.0,9.55,,,,,,,4.5,2.97,6.2,,,,,,,,,
2023-05-13,,,,,,,,,,20.67,18.67,22.43,,,,,,,,,,,,,52.63,50.66,54.54,,,,,,,,,,,,,10.86,9.23,12.54,,,,,,,,,,,,,,,,,,,7.86,6.03,9.58,,,,,,,4.52,2.99,6.24,,,,,,,,,
2023-05-14,,,,,,,,,,20.65,18.64,22.37,,,,,,,,,,,,,52.62,50.62,54.52,,,,,,,,,,,,,10.86,9.19,12.55,,,,,,,,,,,,,,,,,,,7.88,6.06,9.56,,,,,,,4.54,3.02,6.27,,,,,,,,,
2023-05-15,,,,,,,,,,20.62,18.6,22.34,,,,,,,,,,,,,52.62,50.54,54.5,,,,,,,,,,,,,10.87,9.2,12.56,,,,,,,,,,,,,,,,,,,7.9,6.09,9.59,,,,,,,4.56,3.05,6.29,,,,,,,,,
2023-05-16,,,,,,,,,,20.59,18.61,22.28,,,,,,,,,,,,,52.61,50.56,54.48,,,,,,,,,,,,,10.87,9.22,12.57,,,,,,,,,,,,,,,,,,,7.91,6.12,9.63,,,,,,,4.58,3.08,6.32,,,,,,,,,
2023-05-17,,,,,,,,,,20.56,18.62,22.27,,,,,,,,,,,,,52.61,50.57,54.49,,,,,,,,,,,,,10.87,9.26,12.58,,,,,,,,,,,,,,,,,,,7.93,6.15,9.68,,,,,,,4.61,3.11,6.34,,,,,,,,,
2023-05-18,,,,,,,,,,20.53,18.59,22.26,,,,,,,,,,,,,52.61,50.6,54.53,,,,,,,,,,,,,10.88,9.28,12.57,,,,,,,,,,,,,,,,,,,7.95,6.18,9.68,,,,,,,4.63,3.14,6.36,,,,17.0,58.0,10.0,,10.0,3.0
2023-05-19,,,,,,,,,,20.49,18.55,22.25,,,,,,,,,,,,,52.61,50.62,54.56,,,,,,,,,,,,,10.88,9.24,12.57,,,,,,,,,,,,,,,,,,,7.96,6.16,9.71,,,,,,,4.66,3.13,6.38,,,,,,,,,
2023-05-20,,,,,,,,,,20.46,18.51,22.24,,,,,,,,,,,,,52.61,50.61,54.56,,,,,,,,,,,,,10.89,9.3,12.56,,,,,,,,,,,,,,,,,,,7.98,6.16,9.74,,,,,,,4.68,3.11,6.38,,,,,,,,,
2023-05-21,,,,,,,,,,20.42,18.46,22.25,,,,,,,,,,,,,52.62,50.58,54.56,,,,,,,,,,,,,10.89,9.3,12.56,,,,,,,,,,,,,,,,,,,7.99,6.2,9.75,,,,,,,4.71,3.1,6.38,,,,,,,,,
2023-05-22,,,,,,,,,,20.38,18.4,22.26,,,,,,,,,,,,,52.63,50.55,54.57,,,,,,,,,,,,,10.9,9.3,12.57,,,,,,,,,,,,,,,,,,,8.01,6.24,9.75,,,,,,,4.73,3.12,6.39,,,,,,,,,
2023-05-23,,,,,,,,,,20.34,18.34,22.24,,,,,,,,,,,,,52.64,50.52,54.57,,,,,,,,,,,,,10.9,9.29,12.57,,,,,,,,,,,,,,,,,,,8.03,6.28,9.8,,,,,,,4.76,3.14,6.39,,,,,,,,,
2023-05-24,,,,,,,,,,20.3,18.3,22.22,,,,,,,,,,,,,52.65,50.53,54.57,,,,,,,,,,,,,10.91,9.28,12.54,,,,,,,,,,,,,,,,,,,8.04,6.34,9.83,,,,,,,4.78,3.15,6.39,,,,,,,,,
2023-05-25,,,,,,,,,,20.25,18.27,22.2,,,,,,,,,,,,,52.66,50.54,54.57,,,,,,,,,,,,,10.91,9.27,12.53,,,,,,,,,,,,,,,,,,,8.06,6.35,9.85,,,,,,,4.81,3.2,6.43,,,,,,,,,
2023-05-26,,,,,,,,,,20.21,18.24,22.17,,,,,,,,,,,,,52.67,50.56,54.62,,,,,,,,,,,,,10.92,9.26,12.52,,,,,,,,,,,,,,,,,,,8.07,6.39,9.86,,,,,,,4.83,3.26,6.47,,,,20.0,52.0,15.0,,5.0,6.0
2023-05-27,,,,,,,,,,20.16,18.19,22.14,,,,,,,,,,,,,52.68,50.59,54.65,,,,,,,,,,,,,10.93,9.26,12.51,,,,,,,,,,,,,,,,,,,8.08,6.4,9.87,,,,,,,4.86,3.32,6.49,,,,,,,,,
2023-05-28,,,,,,,,,,20.12,18.14,22.1,,,,,,,,,,,,,52.7,50.61,54.65,,,,,,,,,,,,,10.93,9.25,12.5,,,,,,,,,,,,,,,,,,,8.1,6.4,9.88,,,,,,,4.88,3.38,6.51,,,,,,,,,
2023-05-29,,,,,,,,,,20.07,18.09,22.1,,,,,,,,,,,,,52.72,50.67,54.66,,,,,,,,,,,,,10.94,9.25,12.51,,,,,,,,,,,,,,,,,,,8.11,6.4,9.88,,,,,,,4.91,3.4,6.52,,,,,,,,,
2023-05-30,,,,,,,,,,20.03,18.07,22.1,,,,,,,,,,,,,52.73,50.74,54.66,,,,,,,,,,,,,10.95,9.25,12.54,,,,,,,,,,,,,,,,,,,8.13,6.45,9.9,,,,,,,4.93,3.4,6.53,,,,,,,,,
2023-05-31,,,,,,,,,,19.98,18.04,22.06,,,,,,,,,,,,,52.75,50.8,54.68,,,,,,,,,,,,,10.96,9.24,12.56,,,,,,,,,,,,,,,,,,,8.14,6.46,9.92,,,,,,,4.96,3.39,6.54,,,,19.0,53.0,11.0,,6.0,3.0
2023-06-01,,,,,,,,,,19.94,18.01,22.01,,,,,,,,,,,,,52.77,50.87,54.74,,,,,,,,,,,,,10.97,9.24,12.58,,,,,,,,,,,,,,,,,,,8.15,6.48,9.94,,,,,,,4.98,3.37,6.57,,,,,,,,,
2023-06-02,,,,,,,,,,19.9,17.96,21.96,,,,,,,,,,,,,52.79,50.89,54.8,,,,,,,,,,,,,10.98,9.27,12.59,,,,,,,,,,,,,,,,,,,8.17,6.49,9.96,,,,,,,5.0,3.38,6.59,,,,,,,,,
2023-06-03,,,,,,,,,,19.85,17.94,21.9,,,,,,,,,,,,,52.81,50.91,54.86,,,,,,,,,,,,,10.99,9.31,12.6,,,,,,,,,,,,,,,,,,,8.18,6.5,9.96,,,,,,,5.02,3.41,6.61,,,,,,,,,
2023-06-04,,,,,,,,,,19.81,17.95,21.86,,,,,,,,,,,,,52.83,50.93,54.91,,,,,,,,,,,,,10.99,9.35,12.62,,,,,,,,,,,,,,,,,,,8.19,6.52,9.96,,,,,,,5.04,3.41,6.64,,,,,,,,,
2023-06-05,,,,,,,,,,19.77,17.93,21.81,,,,,,,,,,,,,52.85,50.95,54.93,,,,,,,,,,,,,11.0,9.39,12.62,,,,,,,,,,,,,,,,,,,8.21,6.53,9.96,,,,,,,5.06,3.41,6.67,,,,,,,,,
2023-06-06,,,,,,,,,,19.73,17.92,21.76,,,,,,,,,,,,,52.87,50.96,54.92,,,,,,,,,,,,,11.01,9.42,12.62,,,,,,,,,,,,,,,,,,,8.22,6.54,9.95,,,,,,,5.08,3.41,6.7,,,,,,,,,
2023-06-07,,,,,,,,,,19.69,17.86,21.69,,,,,,,,,,,,,52.89,50.96,54.95,,,,,,,,,,,,,11.02,9.41,12.63,,,,,,,,,,,,,,,,,,,8.23,6.55,9.94,,,,,,,5.1,3.41,6.72,,,,19.0,50.0,13.0,,13.0,1.0
2023-06-08,,,,,,,,,,19.65,17.79,21.63,,,,,,,,,,,,,52.91,50.97,55.0,,,,,,,,,,,,,11.03,9.42,12.64,,,,,,,,,,,,,,,,,,,8.24,6.57,9.94,,,,,,,5.12,3.4,6.74,,,,,,,,,
2023-06-09,,,,,,,,,,19.61,17.73,21.57,,,,,,,,,,,,,52.94,50.97,55.0,,,,,,,,,,,,,11.03,9.43,12.63,,,,,,,,,,,,,,,,,,,8.26,6.6,9.96,,,,,,,5.14,3.4,6.76,,,,,,,,,
2023-06-10,,,,,,,,,,19.57,17.71,21.51,,,,,,,,,,,,,52.96,51.0,54.99,,,,,,,,,,,,,11.04,9.44,12.62,,,,,,,,,,,,,,,,,,,8.27,6.63,9.97,,,,,,,5.15,3.41,6.78,,,,,,,,,
2023-06-11,,,,,,,,,,19.54,17.7,21.45,,,,,,,,,,,,,52.98,51.03,54.98,,,,,,,,,,,,,11.05,9.47,12.61,,,,,,,,,,,,,,,,,,,8.28,6.66,10.0,,,,,,,5.17,3.41,6.79,,,,,,,,,
2023-06-12,,,,,,,,,,19.5,17.68,21.39,,,,,,,,,,,,,52.99,51.06,55.01,,,,,,,,,,,,,11.06,9.49,12.61,,,,,,,,,,,,,,,,,,,8.29,6.69,10.03,,,,,,,5.19,3.46,6.81,,,,,,,,,
2023-06-13,,,,,,,,,,19.47,17.67,21.33,,,,,,,,,,,,,53.01,51.08,55.04,,,,,,,,,,,,,11.06,9.49,12.61,,,,,,,,,,,,,,,,,,,8.31,6.72,10.04,,,,,,,5.2,3.5,6.82,,,,,,,,,
2023-06-14,,,,,,,,,,19.44,17.65,21.33,,,,,,,,,,,,,53.03,51.11,55.08,,,,,,,,,,,,,11.07,9.48,12.6,,,,,,,,,,,,,,,,,,,8.32,6.76,10.05,,,,,,,5.22,3.49,6.82,,,,,,,,,
2023-06-15,,,,,,,,,,19.42,17.64,21.34,,,,,,,,,,,,,53.05,51.1,55.11,,,,,,,,,,,,,11.07,9.49,12.61,,,,,,,,,,,,,,,,,,,8.33,6.76,10.08,,,,,,,5.23,3.49,6.8,,,,,,,,,
2023-06-16,,,,,,,,,,19.39,17.64,21.31,,,,,,,,,,,,,53.06,51.1,55.14,,,,,,,,,,,,,11.08,9.49,12.6,,,,,,,,,,,,,,,,,,,8.35,6.77,10.09,,,,,,,5.25,3.5,6.79,,,,24.0,42.0,13.0,,14.0,4.0
2023-06-17,,,,,,,,,,19.37,17.61,21.2,,,,,,,,,,,,,53.07,51.07,55.17,,,,,,,,,,,,,11.08,9.47,12.6,,,,,,,,,,,,,,,,,,,8.36,6.75,10.1,,,,,,,5.26,3.54,6.81,,,,,,,,,
2023-06-18,,,,,,,,,,19.35,17.54,21.12,,,,,,,,,,,,,53.09,51.04,55.19,,,,,,,,,,,,,11.09,9.47,12.61,,,,,,,,,,,,,,,,,,,8.37,6.72,10.1,,,,,,,5.28,3.55,6.82,,,,,,,,,
2023-06-19,,,,,,,,,,19.33,17.45,21.11,,,,,,,,,,,,,53.1,51.0,55.21,,,,,,,,,,,,,11.09,9.46,12.61,,,,,,,,,,,,,,,,,,,8.38,6.69,10.11,,,,,,,5.29,3.53,6.86,,,,,,,,,
2023-06-20,,,,,,,,,,19.31,17.45,21.09,,,,,,,,,,,,,53.11,51.06,55.21,,,,,,,,,,,,,11.1,9.46,12.6,,,,,,,,,,,,,,,,,,,8.39,6.68,10.11,,,,,,,5.31,3.51,6.86,,,,,,,,,
2023-06-21,,,,,,,,,,19.3,17.46,21.07,,,,,,,,,,,,,53.12,51.09,55.22,,,,,,,,,,,,,11.1,9.47,12.61,,,,,,,,,,,,,,,,,,,8.4,6.67,10.12,,,,,,,5.32,3.5,6.86,,,,18.0,52.0,13.0,,5.0,9.0
2023-06-22,,,,,,,,,,19.28,17.46,21.05,,,,,,,,,,,,,53.13,51.1,55.24,,,,,,,,,,,,,11.1,9.47,12.63,,,,,,,,,,,,,,,,,,,8.41,6.66,10.12,,,,,,,5.34,3.51,6.92,,,,,,,,,
2023-06-23,,,,,,,,,,19.27,17.47,21.04,,,,,,,,,,,,,53.13,51.11,55.25,,,,,,,,,,,,,11.1,9.47,12.64,,,,,,,,,,,,,,,,,,,8.42,6.7,10.11,,,,,,,5.35,3.57,6.97,,,,,,,,,
2023-06-24,,,,,,,,,,19.27,17.47,21.02,,,,,,,,,,,,,53.14,51.11,55.26,,,,,,,,,,,,,11.1,9.46,12.64,,,,,,,,,,,,,,,,,,,8.43,6.75,10.11,,,,,,,5.37,3.62,7.03,,,,,,,,,
2023-06-25,,,,,,,,,,19.26,17.5,21.0,,,,,,,,,,,,,53.15,51.11,55.27,,,,,,,,,,,,,11.11,9.44,12.64,,,,,,,,,,,,,,,,,,,8.43,6.74,10.1,,,,,,,5.38,3.6,7.08,,,,,,,,,
2023-06-26,,,,,,,,,,19.25,17.46,21.01,,,,,,,,,,,,,53.15,51.12,55.27,,,,,,,,,,,,,11.11,9.42,12.63,,,,,,,,,,,,,,,,,,,8.44,6.74,10.09,,,,,,,5.4,3.65,7.11,,,,,,,,,
2023-06-27,,,,,,,,,,19.25,17.47,21.03,,,,,,,,,,,,,53.16,51.12,55.27,,,,,,,,,,,,,11.11,9.4,12.63,,,,,,,,,,,,,,,,,,,8.44,6.75,10.06,,,,,,,5.41,3.66,7.13,,,,,,,,,
2023-06-28,,,,,,,,,,19.25,17.48,21.04,,,,,,,,,,,,,53.16,51.13,55.27,,,,,,,,,,,,,11.1,9.38,12.62,,,,,,,,,,,,,,,,,,,8.45,6.75,10.03,,,,,,,5.43,3.7,7.16,,,,18.0,61.0,9.0,,6.0,5.0
2023-06-29,,,,,,,,,,19.25,17.5,21.05,,,,,,,,,,,,,53.17,51.1,55.27,,,,,,,,,,,,,11.1,9.36,12.6,,,,,,,,,,,,,,,,,,,8.45,6.75,9.99,,,,,,,5.44,3.75,7.16,,,,,,,,,
2023-06-30,,,,,,,,,,19.25,17.52,21.05,,,,,,,,,,,,,53.17,51.07,55.26,,,,,,,,,,,,,11.1,9.33,12.59,,,,,,,,,,,,,,,,,,,8.45,6.75,9.97,,,,,,,5.46,3.78,7.18,,,,,,,,,
2023-07-01,,,,,,,,,,19.25,17.52,21.05,,,,,,,,,,,,,53.17,51.04,55.25,,,,,,,,,,,,,11.1,9.29,12.58,,,,,,,,,,,,,,,,,,,8.46,6.76,9.96,,,,,,,5.47,3.75,7.19,,,,,,,,,
2023-07-02,,,,,,,,,,19.25,17.53,21.05,,,,,,,,,,,,,53.18,51.01,55.24,,,,,,,,,,,,,11.09,9.26,12.58,,,,,,,,,,,,,,,,,,,8.46,6.76,9.95,,,,,,,5.49,3.77,7.19,,,,,,,,,
2023-07-03,,,,,,,,,,19.26,17.52,21.05,,,,,,,,,,,,,53.19,51.0,55.26,,,,,,,,,,,,,11.08,9.25,12.58,,,,,,,,,,,,,,,,,,,8.46,6.76,9.94,,,,,,,5.5,3.82,7.19,,,,,,,,,
2023-07-04,,,,,,,,,,19.26,17.5,21.08,,,,,,,,,,,,,53.19,51.02,55.27,,,,,,,,,,,,,11.08,9.25,12.58,,,,,,,,,,,,,,,,,,,8.46,6.76,9.92,,,,,,,5.52,3.84,7.19,,,,,,,,,
2023-07-05,,,,,,,,,,19.26,17.48,21.11,,,,,,,,,,,,,53.2,51.02,55.29,,,,,,,,,,,,,11.07,9.24,12.58,,,,,,,,,,,,,,,,,,,8.47,6.77,9.93,,,,,,,5.53,3.87,7.18,,,,,,,,,
2023-07-06,,,,,,,,,,19.26,17.46,21.14,,,,,,,,,,,,,53.21,51.04,55.3,,,,,,,,,,,,,11.06,9.24,12.56,,,,,,,,,,,,,,,,,,,8.47,6.77,9.9,,,,,,,5.55,3.86,7.18,,,,11.0,59.0,5.0,,9.0,12.0
2023-07-07,,,,,,,,,,19.27,17.48,21.13,,,,,,,,,,,,,53.22,51.06,55.31,,,,,,,,,,,,,11.05,9.22,12.5,,,,,,,,,,,,,,,,,,,8.47,6.78,9.89,,,,,,,5.56,3.85,7.17,,,,,,,,,
2023-07-08,,,,,,,,,,19.27,17.49,21.1,,,,,,,,,,,,,53.23,51.08,55.32,,,,,,,,,,,,,11.04,9.2,12.5,,,,,,,,,,,,,,,,,,,8.48,6.78,9.87,,,,,,,5.58,3.84,7.15,,,,,,,,,
2023-07-09,,,,,,,,,,19.27,17.49,21.09,,,,,,,,,,,,,53.24,51.1,55.32,,,,,,,,,,,,,11.02,9.19,12.5,,,,,,,,,,,,,,,,,,,8.48,6.79,9.87,,,,,,,5.59,3.84,7.14,,,,,,,,,
2023-07-10,,,,,,,,,,19.27,17.51,21.08,,,,,,,,,,,,,53.26,51.07,55.29,,,,,,,,,,,,,11.01,9.17,12.49,,,,,,,,,,,,,,,,,,,8.49,6.8,9.86,,,,,,,5.6,3.91,7.13,,,,,,,,,
2023-07-11,,,,,,,,,,19.27,17.52,21.06,,,,,,,,,,,,,53.27,51.04,55.29,,,,,,,,,,,,,10.99,9.16,12.49,,,,,,,,,,,,,,,,,,,8.49,6.8,9.86,,,,,,,5.62,3.96,7.13,,,,18.0,53.0,13.0,,8.0,7.0
2023-07-12,,,,,,,,,,19.27,17.53,21.03,,,,,,,,,,,,,53.29,51.04,55.28,,,,,,,,,,,,,10.98,9.15,12.48,,,,,,,,,,,,,,,,,,,8.5,6.8,9.86,,,,,,,5.63,3.96,7.13,,,,,,,,,
2023-07-13,,,,,,,,,,19.26,17.53,21.02,,,,,,,,,,,,,53.31,51.1,55.28,,,,,,,,,,,,,10.96,9.13,12.48,,,,,,,,,,,,,,,,,,,8.5,6.8,9.87,,,,,,,5.64,3.96,7.12,,,,,,,,,
2023-07-14,,,,,,,,,,19.26,17.53,21.0,,,,,,,,,,,,,53.33,51.13,55.28,,,,,,,,,,,,,10.94,9.13,12.47,,,,,,,,,,,,,,,,,,,8.51,6.8,9.87,,,,,,,5.66,3.96,7.12,,,,,,,,,
2023-07-15,,,,,,,,,,19.26,17.54,21.0,,,,,,,,,,,,,53.36,51.15,55.28,,,,,,,,,,,,,10.92,9.13,12.46,,,,,,,,,,,,,,,,,,,8.52,6.81,9.88,,,,,,,5.67,3.96,7.11,,,,,,,,,
2023-07-16,,,,,,,,,,19.25,17.52,20.97,,,,,,,,,,,,,53.38,51.2,55.28,,,,,,,,,,,,,10.9,9.13,12.45,,,,,,,,,,,,,,,,,,,8.53,6.81,9.91,,,,,,,5.68,3.96,7.11,,,,,,,,,
2023-07-17,,,,,,,,,,19.24,17.5,20.96,,,,,,,,,,,,,53.41,51.22,55.27,,,,,,,,,,,,,10.88,9.11,12.44,,,,,,,,,,,,,,,,,,,8.54,6.83,9.93,,,,,,,5.69,3.98,7.1,,,,,,,,,
2023-07-18,,,,,,,,,,19.23,17.48,20.96,,,,,,,,,,,,,53.44,51.24,55.29,,,,,,,,,,,,,10.86,9.07,12.43,,,,,,,,,,,,,,,,,,,8.55,6.87,9.96,,,,,,,5.7,3.99,7.1,,,,,,,,,
2023-07-19,,,,,,,,,,19.22,17.47,20.95,,,,,,,,,,,,,53.47,51.27,55.31,,,,,,,,,,,,,10.84,9.06,12.38,,,,,,,,,,,,,,,,,,,8.56,6.86,9.98,,,,,,,5.71,4.02,7.1,,,,,,,,,
2023-07-20,,,,,,,,,,19.21,17.45,20.94,,,,,,,,,,,,,53.51,51.3,55.31,,,,,,,,,,,,,10.82,9.04,12.33,,,,,,,,,,,,,,,,,,,8.57,6.87,9.97,,,,,,,5.72,4.07,7.12,,,,18.0,53.0,13.0,,6.0,7.0
2023-07-21,,,,,,,,,,19.2,17.43,20.92,,,,,,,,,,,,,53.54,51.34,55.31,,,,,,,,,,,,,10.79,9.03,12.29,,,,,,,,,,,,,,,,,,,8.59,6.9,9.96,,,,,,,5.73,4.1,7.13,,,,,,,,,
2023-07-22,,,,,,,,,,19.18,17.4,20.91,,,,,,,,,,,,,53.58,51.42,55.32,,,,,,,,,,,,,10.77,9.02,12.27,,,,,,,,,,,,,,,,,,,8.6,6.92,9.98,,,,,,,5.73,4.15,7.16,,,,,,,,,
2023-07-23,,,,,,,,,,19.17,17.37,20.89,,,,,,,,,,,,,53.62,51.49,55.33,,,,,,,,,,,,,10.74,9.01,12.22,,,,,,,,,,,,,,,,,,,8.61,6.93,10.01,,,,,,,5.74,4.14,7.18,,,,,,,,,
2023-07-24,,,,,,,,,,19.16,17.35,20.88,,,,,,,,,,,,,53.66,51.57,55.33,,,,,,,,,,,,,10.72,9.0,12.2,,,,,,,,,,,,,,,,,,,8.62,6.95,10.03,,,,,,,5.75,4.11,7.2,,,,,,,,,
2023-07-25,,,,,,,,,,19.14,17.33,20.85,,,,,,,,,,,,,53.71,51.68,55.34,,,,,,,,,,,,,10.69,8.99,12.17,,,,,,,,,,,,,,,,,,,8.63,6.97,10.05,,,,,,,5.75,4.1,7.24,,,,,,,,,
2023-07-26,,,,,,,,,,19.12,17.3,20.83,,,,,,,,,,,,,53.75,51.74,55.35,,,,,,,,,,,,,10.67,8.98,12.15,,,,,,,,,,,,,,,,,,,8.64,7.0,10.07,,,,,,,5.76,4.08,7.29,,,,19.0,59.0,9.0,,7.0,7.0
2023-07-27,,,,,,,,,,19.11,17.28,20.81,,,,,,,,,,,,,53.8,51.81,55.36,,,,,,,,,,,,,10.65,8.97,12.13,,,,,,,,,,,,,,,,,,,8.65,7.02,10.09,,,,,,,5.76,4.05,7.32,,,,,,,,,
2023-07-28,,,,,,,,,,19.09,17.25,20.78,,,,,,,,,,,,,53.85,51.9,55.38,,,,,,,,,,,,,10.62,8.97,12.11,,,,,,,,,,,,,,,,,,,8.66,7.04,10.1,,,,,,,5.76,4.07,7.35,,,,,,,,,
2023-07-29,,,,,,,,,,19.07,17.23,20.76,,,,,,,,,,,,,53.89,51.98,55.42,,,,,,,,,,,,,10.6,8.96,12.09,,,,,,,,,,,,,,,,,,,8.67,7.06,10.11,,,,,,,5.77,4.12,7.3,,,,,,,,,
2023-07-30,,,,,,,,,,19.05,17.2,20.73,,,,,,,,,,,,,53.94,52.05,55.42,,,,,,,,,,,,,10.58,8.95,12.05,,,,,,,,,,,,,,,,,,,8.68,7.09,10.12,,,,,,,5.77,4.15,7.31,,,,,,,,,
2023-07-31,,,,,,,,,,19.03,17.17,20.72,,,,,,,,,,,,,53.99,52.13,55.48,,,,,,,,,,,,,10.55,8.92,12.03,,,,,,,,,,,,,,,,,,,8.68,7.1,10.13,,,,,,,5.77,4.16,7.33,,,,,,,,,
2023-08-01,,,,,,,,,,19.01,17.15,20.71,,,,,,,,,,,,,54.05,52.21,55.56,,,,,,,,,,,,,10.53,8.9,12.0,,,,,,,,,,,,,,,,,,,8.69,7.13,10.13,,,,,,,5.77,4.14,7.34,,,,,,,,,
2023-08-02,,,,,,,,,,19.0,17.12,20.67,,,,,,,,,,,,,54.1,52.29,55.62,,,,,,,,,,,,,10.51,8.87,11.96,,,,,,,,,,,,,,,,,,,8.7,7.15,10.12,,,,,,,5.77,4.12,7.35,,,,,,,,,
2023-08-03,,,,,,,,,,18.98,17.1,20.63,,,,,,,,,,,,,54.15,52.38,55.65,,,,,,,,,,,,,10.49,8.86,11.93,,,,,,,,,,,,,,,,,,,8.7,7.16,10.1,,,,,,,5.76,4.1,7.36,,,,23.0,53.0,9.0,,9.0,6.0
2023-08-04,,,,,,,,,,18.96,17.1,20.59,,,,,,,,,,,,,54.2,52.42,55.67,,,,,,,,,,,,,10.47,8.83,11.91,,,,,,,,,,,,,,,,,,,8.7,7.18,10.11,,,,,,,5.76,4.09,7.37,,,,,,,,,
2023-08-05,,,,,,,,,,18.94,17.1,20.55,,,,,,,,,,,,,54.25,52.46,55.75,,,,,,,,,,,,,10.44,8.8,11.9,,,,,,,,,,,,,,,,,,,8.71,7.15,10.12,,,,,,,5.76,4.06,7.35,,,,,,,,,
2023-08-06,,,,,,,,,,18.93,17.1,20.55,,,,,,,,,,,,,54.3,52.53,55.82,,,,,,,,,,,,,10.42,8.78,11.86,,,,,,,,,,,,,,,,,,,8.71,7.16,10.11,,,,,,,5.75,4.04,7.3,,,,,,,,,
2023-08-07,,,,,,,,,,18.91,17.08,20.55,,,,,,,,,,,,,54.36,52.58,55.88,,,,,,,,,,,,,10.4,8.79,11.86,,,,,,,,,,,,,,,,,,,8.71,7.16,10.12,,,,,,,5.75,4.02,7.24,,,,,,,,,
2023-08-08,,,,,,,,,,18.9,17.07,20.52,,,,,,,,,,,,,54.41,52.67,55.91,,,,,,,,,,,,,10.39,8.81,11.86,,,,,,,,,,,,,,,,,,,8.71,7.16,10.15,,,,,,,5.74,4.01,7.25,,,,,,,,,
2023-08-09,,,,,,,,,,18.89,17.05,20.51,,,,,,,,,,,,,54.46,52.78,55.96,,,,,,,,,,,,,10.37,8.82,11.85,,,,,,,,,,,,,,,,,,,8.71,7.17,10.17,,,,,,,5.73,3.98,7.26,,,,,,,,,
2023-08-10,,,,,,,,,,18.87,17.04,20.51,,,,,,,,,,,,,54.51,52.88,55.96,,,,,,,,,,,,,10.35,8.8,11.84,,,,,,,,,,,,,,,,,,,8.71,7.18,10.19,,,,,,,5.72,3.97,7.26,,,,,,,,,
2023-08-11,,,,,,,,,,18.86,17.02,20.5,,,,,,,,,,,,,54.55,52.92,55.97,,,,,,,,,,,,,10.33,8.79,11.84,,,,,,,,,,,,,,,,,,,8.71,7.18,10.21,,,,,,,5.72,3.95,7.27,,,,24.0,50.0,11.0,,10.0,1.0
2023-08-12,,,,,,,,,,18.85,17.01,20.5,,,,,,,,,,,,,54.6,52.95,56.06,,,,,,,,,,,,,10.31,8.79,11.83,,,,,,,,,,,,,,,,,,,8.71,7.18,10.22,,,,,,,5.71,3.93,7.27,,,,,,,,,
2023-08-13,,,,,,,,,,18.85,17.0,20.5,,,,,,,,,,,,,54.65,52.98,56.14,,,,,,,,,,,,,10.29,8.79,11.83,,,,,,,,,,,,,,,,,,,8.71,7.2,10.22,,,,,,,5.69,3.92,7.26,,,,,,,,,
2023-08-14,,,,,,,,,,18.84,16.99,20.51,,,,,,,,,,,,,54.69,52.99,56.18,,,,,,,,,,,,,10.27,8.8,11.84,,,,,,,,,,,,,,,,,,,8.71,7.2,10.2,,,,,,,5.68,3.9,7.25,,,,,,,,,
2023-08-15,,,,,,,,,,18.83,16.99,20.51,,,,,,,,,,,,,54.73,53.01,56.28,,,,,,,,,,,,,10.26,8.82,11.86,,,,,,,,,,,,,,,,,,,8.7,7.17,10.19,,,,,,,5.67,3.89,7.22,,,,,,,,,
2023-08-16,,,,,,,,,,18.83,16.98,20.5,,,,,,,,,,,,,54.78,53.04,56.38,,,,,,,,,,,,,10.24,8.78,11.83,,,,,,,,,,,,,,,,,,,8.7,7.17,10.21,,,,,,,5.66,3.87,7.16,,,,,,,,,
2023-08-17,,,,,,,,,,18.82,16.97,20.49,,,,,,,,,,,,,54.82,53.07,56.38,,,,,,,,,,,,,10.22,8.75,11.83,,,,,,,,,,,,,,,,,,,8.7,7.16,10.2,,,,,,,5.65,3.85,7.09,,,,,,,,,
2023-08-18,,,,,,,,,,18.82,16.97,20.5,,,,,,,,,,,,,54.85,53.08,56.37,,,,,,,,,,,,,10.2,8.72,11.83,,,,,,,,,,,,,,,,,,,8.7,7.16,10.19,,,,,,,5.63,3.83,7.08,,,,24.0,52.0,11.0,,9.0,3.0
2023-08-19,,,,,,,,,,18.82,17.01,20.51,,,,,,,,,,,,,54.89,53.1,56.39,,,,,,,,,,,,,10.19,8.68,11.81,,,,,,,,,,,,,,,,,,,8.69,7.16,10.18,,,,,,,5.62,3.81,7.05,,,,,,,,,
2023-08-20,,,,,,,,,,18.82,17.06,20.49,,,,,,,,,,,,,54.93,53.13,56.45,,,,,,,,,,,,,10.17,8.65,11.79,,,,,,,,,,,,,,,,,,,8.69,7.15,10.17,,,,,,,5.6,3.79,7.06,,,,,,,,,
2023-08-21,,,,,,,,,,18.82,17.1,20.46,,,,,,,,,,,,,54.96,53.17,56.5,,,,,,,,,,,,,10.15,8.62,11.79,,,,,,,,,,,,,,,,,,,8.69,7.15,10.16,,,,,,,5.59,3.77,7.05,,,,,,,,,
2023-08-22,,,,,,,,,,18.82,17.12,20.45,,,,,,,,,,,,,54.99,53.19,56.55,,,,,,,,,,,,,10.14,8.59,11.8,,,,,,,,,,,,,,,,,,,8.69,7.15,10.18,,,,,,,5.57,3.74,7.07,,,,,,,,,
2023-08-23,,,,,,,,,,18.82,17.13,20.45,,,,,,,,,,,,,55.02,53.2,56.62,,,,,,,,,,,,,10.12,8.56,11.79,,,,,,,,,,,,,,,,,,,8.69,7.14,10.22,,,,,,,5.56,3.73,7.08,,,,17.0,49.0,13.0,,12.0,7.0
2023-08-24,,,,,,,,,,18.82,17.14,20.47,,,,,,,,,,,,,55.05,53.23,56.67,,,,,,,,,,,,,10.11,8.54,11.77,,,,,,,,,,,,,,,,,,,8.68,7.14,10.21,,,,,,,5.55,3.71,7.09,,,,,,,,,
2023-08-25,,,,,,,,,,18.82,17.15,20.5,,,,,,,,,,,,,55.07,53.26,56.69,,,,,,,,,,,,,10.09,8.54,11.74,,,,,,,,,,,,,,,,,,,8.68,7.13,10.2,,,,,,,5.53,3.72,7.08,,,,,,,,,
2023-08-26,,,,,,,,,,18.83,17.15,20.53,,,,,,,,,,,,,55.1,53.29,56.72,,,,,,,,,,,,,10.08,8.56,11.74,,,,,,,,,,,,,,,,,,,8.68,7.12,10.19,,,,,,,5.52,3.71,7.06,,,,,,,,,
2023-08-27,,,,,,,,,,18.84,17.17,20.56,,,,,,,,,,,,,55.12,53.32,56.76,,,,,,,,,,,,,10.07,8.55,11.75,,,,,,,,,,,,,,,,,,,8.68,7.1,10.2,,,,,,,5.5,3.71,7.06,,,,,,,,,
2023-08-28,,,,,,,,,,18.84,17.16,20.59,,,,,,,,,,,,,55.14,53.34,56.79,,,,,,,,,,,,,10.05,8.54,11.75,,,,,,,,,,,,,,,,,,,8.68,7.11,10.23,,,,,,,5.49,3.67,7.06,,,,,,,,,
2023-08-29,,,,,,,,,,18.85,17.15,20.61,,,,,,,,,,,,,55.16,53.36,56.79,,,,,,,,,,,,,10.04,8.57,11.73,,,,,,,,,,,,,,,,,,,8.68,7.1,10.25,,,,,,,5.48,3.61,7.05,,,,,,,,,
2023-08-30,,,,,,,,,,18.86,17.14,20.64,,,,,,,,,,,,,55.18,53.37,56.78,,,,,,,,,,,,,10.03,8.55,11.71,,,,,,,,,,,,,,,,,,,8.67,7.09,10.23,,,,,,,5.47,3.6,7.04,,,,,,,,,
2023-08-31,,,,,,,,,,18.86,17.13,20.67,,,,,,,,,,,,,55.19,53.39,56.79,,,,,,,,,,,,,10.01,8.56,11.69,,,,,,,,,,,,,,,,,,,8.67,7.07,10.22,,,,,,,5.45,3.61,7.06,,,,22.0,53.0,12.0,,6.0,5.0
2023-09-01,,,,,,,,,,18.87,17.14,20.7,,,,,,,,,,,,,55.21,53.4,56.81,,,,,,,,,,,,,10.0,8.56,11.68,,,,,,,,,,,,,,,,,,,8.67,7.04,10.22,,,,,,,5.44,3.62,7.06,,,,,,,,,
2023-09-02,,,,,,,,,,18.88,17.17,20.72,,,,,,,,,,,,,55.22,53.42,56.82,,,,,,,,,,,,,9.99,8.53,11.71,,,,,,,,,,,,,,,,,,,8.66,7.01,10.2,,,,,,,5.43,3.63,7.04,,,,,,,,,
2023-09-03,,,,,,,,,,18.89,17.19,20.75,,,,,,,,,,,,,55.24,53.45,56.83,,,,,,,,,,,,,9.98,8.48,11.7,,,,,,,,,,,,,,,,,,,8.66,6.99,10.18,,,,,,,5.42,3.63,7.04,,,,,,,,,
2023-09-04,,,,,,,,,,18.89,17.22,20.76,,,,,,,,,,,,,55.25,53.48,56.84,,,,,,,,,,,,,9.97,8.43,11.72,,,,,,,,,,,,,,,,,,,8.66,6.97,10.2,,,,,,,5.41,3.64,7.04,,,,,,,,,
2023-09-05,,,,,,,,,,18.9,17.23,20.75,,,,,,,,,,,,,55.27,53.52,56.84,,,,,,,,,,,,,9.96,8.4,11.74,,,,,,,,,,,,,,,,,,,8.65,7.0,10.23,,,,,,,5.4,3.65,7.05,,,,,,,,,
2023-09-06,,,,,,,,,,18.91,17.21,20.74,,,,,,,,,,,,,55.28,53.55,56.84,,,,,,,,,,,,,9.95,8.39,11.76,,,,,,,,,,,,,,,,,,,8.65,7.03,10.2,,,,,,,5.39,3.66,7.02,,,,,,,,,
2023-09-07,,,,,,,,,,18.91,17.21,20.75,,,,,,,,,,,,,55.29,53.59,56.83,,,,,,,,,,,,,9.94,8.39,11.75,,,,,,,,,,,,,,,,,,,8.64,7.04,10.17,,,,,,,5.38,3.67,6.99,,,,,,,,,
2023-09-08,,,,,,,,,,18.92,17.23,20.76,,,,,,,,,,,,,55.31,53.61,56.82,,,,,,,,,,,,,9.93,8.38,11.73,,,,,,,,,,,,,,,,,,,8.64,7.02,10.16,,,,,,,5.38,3.67,6.99,,,,16.0,59.0,10.0,,9.0,4.0
2023-09-09,,,,,,,,,,18.92,17.24,20.77,,,,,,,,,,,,,55.32,53.6,56.84,,,,,,,,,,,,,9.93,8.41,11.71,,,,,,,,,,,,,,,,,,,8.63,7.01,10.18,,,,,,,5.37,3.67,6.98,,,,,,,,,
2023-09-10,,,,,,,,,,18.92,17.23,20.78,,,,,,,,,,,,,55.34,53.58,56.87,,,,,,,,,,,,,9.92,8.42,11.7,,,,,,,,,,,,,,,,,,,8.62,7.04,10.19,,,,,,,5.36,3.67,6.98,,,,,,,,,
2023-09-11,,,,,,,,,,18.92,17.23,20.78,,,,,,,,,,,,,55.36,53.58,56.9,,,,,,,,,,,,,9.91,8.4,11.7,,,,,,,,,,,,,,,,,,,8.62,7.02,10.21,,,,,,,5.35,3.69,6.98,,,,,,,,,
2023-09-12,,,,,,,,,,18.92,17.22,20.79,,,,,,,,,,,,,55.37,53.6,56.92,,,,,,,,,,,,,9.9,8.41,11.7,,,,,,,,,,,,,,,,,,,8.61,6.99,10.22,,,,,,,5.35,3.7,6.97,,,,,,,,,
2023-09-13,,,,,,,,,,18.92,17.22,20.8,,,,,,,,,,,,,55.39,53.62,56.92,,,,,,,,,,,,,9.9,8.42,11.71,,,,,,,,,,,,,,,,,,,8.6,6.99,10.23,,,,,,,5.34,3.69,6.97,,,,,,,,,
2023-09-14,,,,,,,,,,18.92,17.22,20.8,,,,,,,,,,,,,55.41,53.64,56.92,,,,,,,,,,,,,9.89,8.43,11.71,,,,,,,,,,,,,,,,,,,8.59,6.99,10.23,,,,,,,5.34,3.7,6.96,,,,15.0,59.0,5.0,,11.0,8.0
2023-09-15,,,,,,,,,,18.92,17.23,20.81,,,,,,,,,,,,,55.43,53.66,56.92,,,,,,,,,,,,,9.88,8.38,11.72,,,,,,,,,,,,,,,,,,,8.59,6.96,10.24,,,,,,,5.34,3.68,6.96,,,,,,,,,
2023-09-16,,,,,,,,,,18.91,17.21,20.78,,,,,,,,,,,,,55.45,53.67,56.95,,,,,,,,,,,,,9.88,8.34,11.72,,,,,,,,,,,,,,,,,,,8.58,6.93,10.21,,,,,,,5.33,3.64,6.95,,,,,,,,,
2023-09-17,,,,,,,,,,18.9,17.2,20.74,,,,,,,,,,,,,55.47,53.67,57.0,,,,,,,,,,,,,9.87,8.29,11.68,,,,,,,,,,,,,,,,,,,8.57,6.9,10.2,,,,,,,5.33,3.61,6.92,,,,,,,,,
2023-09-18,,,,,,,,,,18.9,17.16,20.7,,,,,,,,,,,,,55.49,53.68,57.04,,,,,,,,,,,,,9.87,8.26,11.65,,,,,,,,,,,,,,,,,,,8.56,6.89,10.15,,,,,,,5.33,3.6,6.9,,,,,,,,,
2023-09-19,,,,,,,,,,18.89,17.13,20.69,,,,,,,,,,,,,55.51,53.71,57.08,,,,,,,,,,,,,9.86,8.25,11.62,,,,,,,,,,,,,,,,,,,8.56,6.9,10.12,,,,,,,5.33,3.66,6.91,,,,,,,,,
2023-09-20,,,,,,,,,,18.88,17.09,20.74,,,,,,,,,,,,,55.53,53.73,57.1,,,,,,,,,,,,,9.86,8.24,11.62,,,,,,,,,,,,,,,,,,,8.55,6.91,10.12,,,,,,,5.33,3.71,6.91,,,,18.0,54.0,11.0,,12.0,4.0
2023-09-21,,,,,,,,,,18.86,17.08,20.74,,,,,,,,,,,,,55.55,53.78,57.12,,,,,,,,,,,,,9.85,8.23,11.62,,,,,,,,,,,,,,,,,,,8.54,6.92,10.14,,,,,,,5.33,3.71,6.92,,,,,,,,,
2023-09-22,,,,,,,,,,18.85,17.09,20.68,,,,,,,,,,,,,55.57,53.83,57.14,,,,,,,,,,,,,9.85,8.22,11.64,,,,,,,,,,,,,,,,,,,8.53,6.93,10.15,,,,,,,5.33,3.71,6.92,,,,19.0,57.0,8.0,,12.0,4.0
2023-09-23,,,,,,,,,,18.84,17.1,20.62,,,,,,,,,,,,,55.59,53.88,57.16,,,,,,,,,,,,,9.85,8.21,11.68,,,,,,,,,,,,,,,,,,,8.52,6.93,10.16,,,,,,,5.33,3.72,6.92,,,,,,,,,
2023-09-24,,,,,,,,,,18.83,17.11,20.57,,,,,,,,,,,,,55.61,53.9,57.18,,,,,,,,,,,,,9.85,8.22,11.71,,,,,,,,,,,,,,,,,,,8.51,6.94,10.17,,,,,,,5.33,3.73,6.92,,,,,,,,,
2023-09-25,,,,,,,,,,18.81,17.11,20.51,,,,,,,,,,,,,55.63,53.91,57.18,,,,,,,,,,,,,9.85,8.2,11.72,,,,,,,,,,,,,,,,,,,8.5,6.94,10.18,,,,,,,5.33,3.76,6.91,,,,,,,,,
2023-09-26,,,,,,,,,,18.8,17.12,20.5,,,,,,,,,,,,,55.65,53.92,57.21,,,,,,,,,,,,,9.85,8.19,11.72,,,,,,,,,,,,,,,,,,,8.49,6.95,10.19,,,,,,,5.33,3.75,6.92,,,,,,,,,
2023-09-27,,,,,,,,,,18.78,17.1,20.48,,,,,,,,,,,,,55.67,53.93,57.23,,,,,,,,,,,,,9.85,8.23,11.72,,,,,,,,,,,,,,,,,,,8.48,6.95,10.17,,,,,,,5.33,3.75,6.92,,,,13.0,59.0,11.0,,5.0,7.0
2023-09-28,,,,,,,,,,18.77,17.12,20.39,,,,,,,,,,,,,55.68,53.94,57.25,,,,,,,,,,,,,9.85,8.27,11.71,,,,,,,,,,,,,,,,,,,8.47,6.92,10.16,,,,,,,5.33,3.75,6.92,,,,,,,,,
2023-09-29,,,,,,,,,,18.75,17.09,20.32,,,,,,,,,,,,,55.7,53.94,57.27,,,,,,,,,,,,,9.85,8.29,11.67,,,,,,,,,,,,,,,,,,,8.46,6.9,10.14,,,,,,,5.34,3.76,6.94,,,,,,,,,
2023-09-30,,,,,,,,,,18.74,17.09,20.27,,,,,,,,,,,,,55.72,53.96,57.29,,,,,,,,,,,,,9.85,8.3,11.63,,,,,,,,,,,,,,,,,,,8.45,6.88,10.13,,,,,,,5.34,3.8,6.94,,,,,,,,,
2023-10-01,,,,,,,,,,18.72,17.06,20.23,,,,,,,,,,,,,55.74,53.98,57.3,,,,,,,,,,,,,9.85,8.32,11.63,,,,,,,,,,,,,,,,,,,8.44,6.86,10.13,,,,,,,5.34,3.79,6.96,,,,,,,,,
2023-10-02,,,,,,,,,,18.71,17.04,20.2,,,,,,,,,,,,,55.76,54.02,57.31,,,,,,,,,,,,,9.86,8.33,11.62,,,,,,,,,,,,,,,,,,,8.42,6.85,10.13,,,,,,,5.35,3.77,6.99,,,,,,,,,
2023-10-03,,,,,,,,,,18.69,17.02,20.21,,,,,,,,,,,,,55.78,54.07,57.31,,,,,,,,,,,,,9.86,8.35,11.62,,,,,,,,,,,,,,,,,,,8.41,6.84,10.13,,,,,,,5.35,3.81,6.98,,,,,,,,,
2023-10-04,,,,,,,,,,18.68,17.0,20.2,,,,,,,,,,,,,55.8,54.12,57.34,,,,,,,,,,,,,9.86,8.37,11.62,,,,,,,,,,,,,,,,,,,8.4,6.81,10.13,,,,,,,5.36,3.82,6.97,,,,,,,,,
2023-10-05,,,,,,,,,,18.66,16.98,20.21,,,,,,,,,,,,,55.82,54.15,57.38,,,,,,,,,,,,,9.87,8.36,11.63,,,,,,,,,,,,,,,,,,,8.39,6.78,10.11,,,,,,,5.36,3.8,7.0,,,,19.0,56.0,12.0,,6.0,5.0
2023-10-06,,,,,,,,,,18.65,16.95,20.16,,,,,,,,,,,,,55.83,54.19,57.39,,,,,,,,,,,,,9.87,8.34,11.64,,,,,,,,,,,,,,,,,,,8.37,6.76,10.07,,,,,,,5.37,3.8,7.03,,,,,,,,,
2023-10-07,,,,,,,,,,18.63,16.92,20.12,,,,,,,,,,,,,55.85,54.21,57.41,,,,,,,,,,,,,9.88,8.37,11.66,,,,,,,,,,,,,,,,,,,8.36,6.78,10.07,,,,,,,5.37,3.85,7.06,,,,,,,,,
2023-10-08,,,,,,,,,,18.62,16.94,20.12,,,,,,,,,,,,,55.87,54.23,57.4,,,,,,,,,,,,,9.88,8.4,11.67,,,,,,,,,,,,,,,,,,,8.34,6.79,10.04,,,,,,,5.38,3.86,7.09,,,,,,,,,
2023-10-09,,,,,,,,,,18.61,16.95,20.07,,,,,,,,,,,,,55.88,54.27,57.38,,,,,,,,,,,,,9.88,8.42,11.68,,,,,,,,,,,,,,,,,,,8.33,6.79,10.02,,,,,,,5.39,3.86,7.12,,,,,,,,,
2023-10-10,,,,,,,,,,18.6,16.95,20.06,,,,,,,,,,,,,55.89,54.31,57.4,,,,,,,,,,,,,9.89,8.39,11.69,,,,,,,,,,,,,,,,,,,8.32,6.77,10.0,,,,,,,5.39,3.86,7.14,,,,,,,,,
2023-10-11,,,,,,,,,,18.59,16.95,20.05,,,,,,,,,,,,,55.91,54.34,57.42,,,,,,,,,,,,,9.89,8.4,11.71,,,,,,,,,,,,,,,,,,,8.3,6.76,9.99,,,,,,,5.4,3.86,7.16,,,,,,,,,
2023-10-12,,,,,,,,,,18.58,16.93,20.05,,,,,,,,,,,,,55.92,54.35,57.42,,,,,,,,,,,,,9.9,8.43,11.72,,,,,,,,,,,,,,,,,,,8.29,6.76,9.98,,,,,,,5.41,3.86,7.17,,,,19.0,58.0,10.0,,8.0,4.0
2023-10-13,,,,,,,,,,18.57,16.93,20.04,,,,,,,,,,,,,55.93,54.36,57.41,,,,,,,,,,,,,9.9,8.47,11.71,,,,,,,,,,,,,,,,,,,8.28,6.76,9.96,,,,,,,5.42,3.9,7.18,,,,,,,,,
2023-10-14,,,,,,,,,,18.56,16.92,20.04,,,,,,,,,,,,,55.93,54.37,57.39,,,,,,,,,,,,,9.91,8.47,11.7,,,,,,,,,,,,,,,,,,,8.26,6.76,9.95,,,,,,,5.43,3.89,7.2,,,,,,,,,
2023-10-15,,,,,,,,,,18.55,16.94,20.05,,,,,,,,,,,,,55.94,54.38,57.37,,,,,,,,,,,,,9.91,8.5,11.68,,,,,,,,,,,,,,,,,,,8.25,6.76,9.94,,,,,,,5.44,3.93,7.21,,,,,,,,,
2023-10-16,,,,,,,,,,18.55,16.96,20.07,,,,,,,,,,,,,55.94,54.43,57.34,,,,,,,,,,,,,9.92,8.53,11.67,,,,,,,,,,,,,,,,,,,8.24,6.76,9.92,,,,,,,5.45,3.98,7.22,,,,,,,,,
2023-10-17,,,,,,,,,,18.55,16.97,20.11,,,,,,,,,,,,,55.95,54.43,57.33,,,,,,,,,,,,,9.92,8.53,11.66,,,,,,,,,,,,,,,,,,,8.22,6.76,9.91,,,,,,,5.46,4.02,7.23,,,,,,,,,
2023-10-18,,,,,,,,,,18.55,17.0,20.1,,,,,,,,,,,,,55.95,54.43,57.34,,,,,,,,,,,,,9.93,8.52,11.64,,,,,,,,,,,,,,,,,,,8.21,6.77,9.9,,,,,,,5.47,4.05,7.23,,,,21.0,59.0,4.0,,5.0,8.0
2023-10-19,,,,,,,,,,18.55,17.0,20.08,,,,,,,,,,,,,55.95,54.43,57.32,,,,,,,,,,,,,9.93,8.52,11.64,,,,,,,,,,,,,,,,,,,8.2,6.78,9.88,,,,,,,5.48,4.08,7.24,,,,,,,,,
2023-10-20,,,,,,,,,,18.55,17.0,20.08,,,,,,,,,,,,,55.95,54.43,57.29,,,,,,,,,,,,,9.94,8.51,11.65,,,,,,,,,,,,,,,,,,,8.19,6.74,9.85,,,,,,,5.49,4.11,7.25,,,,,,,,,
2023-10-21,,,,,,,,,,18.55,17.0,20.07,,,,,,,,,,,,,55.94,54.43,57.28,,,,,,,,,,,,,9.95,8.5,11.64,,,,,,,,,,,,,,,,,,,8.17,6.73,9.84,,,,,,,5.5,4.12,7.29,,,,,,,,,
2023-10-22,,,,,,,,,,18.55,17.0,20.07,,,,,,,,,,,,,55.94,54.43,57.29,,,,,,,,,,,,,9.95,8.51,11.63,,,,,,,,,,,,,,,,,,,8.16,6.74,9.82,,,,,,,5.5,4.12,7.36,,,,,,,,,
2023-10-23,,,,,,,,,,18.56,17.01,20.08,,,,,,,,,,,,,55.93,54.42,57.31,,,,,,,,,,,,,9.96,8.53,11.63,,,,,,,,,,,,,,,,,,,8.15,6.76,9.8,,,,,,,5.51,4.1,7.37,,,,,,,,,
2023-10-24,,,,,,,,,,18.56,17.01,20.1,,,,,,,,,,,,,55.92,54.41,57.33,,,,,,,,,,,,,9.97,8.56,11.63,,,,,,,,,,,,,,,,,,,8.14,6.77,9.78,,,,,,,5.52,4.09,7.36,,,,,,,,,
2023-10-25,,,,,,,,,,18.57,17.03,20.11,,,,,,,,,,,,,55.91,54.4,57.34,,,,,,,,,,,,,9.98,8.58,11.67,,,,,,,,,,,,,,,,,,,8.13,6.76,9.76,,,,,,,5.53,4.07,7.37,,,,16.0,58.0,8.0,,8.0,8.0
2023-10-26,,,,,,,,,,18.58,17.05,20.13,,,,,,,,,,,,,55.89,54.39,57.31,,,,,,,,,,,,,9.98,8.61,11.71,,,,,,,,,,,,,,,,,,,8.12,6.75,9.74,,,,,,,5.54,4.1,7.39,,,,,,,,,
2023-10-27,,,,,,,,,,18.59,17.08,20.15,,,,,,,,,,,,,55.88,54.37,57.29,,,,,,,,,,,,,9.99,8.61,11.75,,,,,,,,,,,,,,,,,,,8.11,6.74,9.73,,,,,,,5.55,4.13,7.43,,,,,,,,,
2023-10-28,,,,,,,,,,18.6,17.1,20.17,,,,,,,,,,,,,55.86,54.35,57.31,,,,,,,,,,,,,10.0,8.66,11.74,,,,,,,,,,,,,,,,,,,8.1,6.73,9.71,,,,,,,5.56,4.13,7.45,,,,,,,,,
2023-10-29,,,,,,,,,,18.61,17.13,20.19,,,,,,,,,,,,,55.84,54.33,57.29,,,,,,,,,,,,,10.01,8.68,11.72,,,,,,,,,,,,,,,,,,,8.09,6.72,9.69,,,,,,,5.57,4.12,7.46,,,,,,,,,
2023-10-30,,,,,,,,,,18.62,17.15,20.19,,,,,,,,,,,,,55.82,54.3,57.23,,,,,,,,,,,,,10.02,8.7,11.7,,,,,,,,,,,,,,,,,,,8.09,6.72,9.68,,,,,,,5.58,4.12,7.49,,,,,,,,,
2023-10-31,,,,,,,,,,18.63,17.15,20.18,,,,,,,,,,,,,55.79,54.27,57.19,,,,,,,,,,,,,10.04,8.69,11.68,,,,,,,,,,,,,,,,,,,8.08,6.71,9.66,,,,,,,5.59,4.13,7.53,,,,,,,,,
2023-11-01,,,,,,,,,,18.65,17.16,20.17,,,,,,,,,,,,,55.77,54.24,57.17,,,,,,,,,,,,,10.05,8.67,11.67,,,,,,,,,,,,,,,,,,,8.08,6.71,9.64,,,,,,,5.6,4.13,7.53,,,,21.0,53.0,11.0,,7.0,6.0
2023-11-02,,,,,,,,,,18.66,17.16,20.16,,,,,,,,,,,,,55.74,54.22,57.16,,,,,,,,,,,,,10.06,8.67,11.66,,,,,,,,,,,,,,,,,,,8.07,6.7,9.63,,,,,,,5.61,4.17,7.52,,,,,,,,,
2023-11-03,,,,,,,,,,18.68,17.17,20.15,,,,,,,,,,,,,55.71,54.19,57.14,,,,,,,,,,,,,10.07,8.66,11.67,,,,,,,,,,,,,,,,,,,8.07,6.7,9.61,,,,,,,5.62,4.21,7.5,,,,,,,,,
2023-11-04,,,,,,,,,,18.69,17.18,20.14,,,,,,,,,,,,,55.68,54.16,57.12,,,,,,,,,,,,,10.08,8.66,11.69,,,,,,,,,,,,,,,,,,,8.07,6.71,9.6,,,,,,,5.64,4.23,7.49,,,,,,,,,
2023-11-05,,,,,,,,,,18.7,17.19,20.14,,,,,,,,,,,,,55.64,54.13,57.1,,,,,,,,,,,,,10.1,8.69,11.71,,,,,,,,,,,,,,,,,,,8.07,6.7,9.58,,,,,,,5.65,4.23,7.5,,,,,,,,,
2023-11-06,,,,,,,,,,18.72,17.2,20.13,,,,,,,,,,,,,55.61,54.11,57.11,,,,,,,,,,,,,10.11,8.77,11.72,,,,,,,,,,,,,,,,,,,8.07,6.69,9.57,,,,,,,5.66,4.24,7.48,,,,,,,,,
2023-11-07,,,,,,,,,,18.73,17.23,20.17,,,,,,,,,,,,,55.57,54.1,57.1,,,,,,,,,,,,,10.13,8.77,11.72,,,,,,,,,,,,,,,,,,,8.07,6.69,9.56,,,,,,,5.67,4.24,7.46,,,,,,,,,
2023-11-08,,,,,,,,,,18.75,17.3,20.22,,,,,,,,,,,,,55.53,54.05,57.09,,,,,,,,,,,,,10.14,8.77,11.74,,,,,,,,,,,,,,,,,,,8.07,6.69,9.55,,,,,,,5.68,4.25,7.44,,,,22.0,54.0,10.0,,9.0,4.0
2023-11-09,,,,,,,,,,18.76,17.39,20.23,,,,,,,,,,,,,55.49,54.03,57.04,,,,,,,,,,,,,10.16,8.76,11.74,,,,,,,,,,,,,,,,,,,8.08,6.69,9.55,,,,,,,5.7,4.26,7.47,,,,,,,,,
2023-11-10,,,,,,,,,,18.77,17.39,20.22,,,,,,,,,,,,,55.45,54.0,57.01,,,,,,,,,,,,,10.17,8.76,11.75,,,,,,,,,,,,,,,,,,,8.08,6.69,9.54,,,,,,,5.71,4.26,7.5,,,,,,,,,
2023-11-11,,,,,,,,,,18.79,17.38,20.21,,,,,,,,,,,,,55.41,53.98,57.02,,,,,,,,,,,,,10.19,8.76,11.77,,,,,,,,,,,,,,,,,,,8.09,6.69,9.54,,,,,,,5.72,4.27,7.5,,,,,,,,,
2023-11-12,,,,,,,,,,18.8,17.37,20.23,,,,,,,,,,,,,55.37,53.95,57.02,,,,,,,,,,,,,10.21,8.79,11.79,,,,,,,,,,,,,,,,,,,8.09,6.69,9.54,,,,,,,5.73,4.29,7.51,,,,,,,,,
2023-11-13,,,,,,,,,,18.81,17.36,20.25,,,,,,,,,,,,,55.32,53.93,56.97,,,,,,,,,,,,,10.23,8.78,11.81,,,,,,,,,,,,,,,,,,,8.1,6.69,9.54,,,,,,,5.75,4.29,7.55,,,,,,,,,
2023-11-14,,,,,,,,,,18.83,17.36,20.27,,,,,,,,,,,,,55.28,53.9,56.92,,,,,,,,,,,,,10.24,8.78,11.83,,,,,,,,,,,,,,,,,,,8.11,6.69,9.54,,,,,,,5.76,4.29,7.58,,,,,,,,,
2023-11-15,,,,,,,,,,18.84,17.38,20.29,,,,,,,,,,,,,55.24,53.88,56.86,,,,,,,,,,,,,10.26,8.86,11.84,,,,,,,,,,,,,,,,,,,8.12,6.7,9.53,,,,,,,5.77,4.31,7.61,,,,19.0,54.0,14.0,,8.0,4.0
2023-11-16,,,,,,,,,,18.85,17.39,20.28,,,,,,,,,,,,,55.19,53.85,56.84,,,,,,,,,,,,,10.28,8.89,11.83,,,,,,,,,,,,,,,,,,,8.13,6.72,9.53,,,,,,,5.79,4.33,7.64,,,,,,,,,
2023-11-17,,,,,,,,,,18.86,17.39,20.26,,,,,,,,,,,,,55.15,53.82,56.84,,,,,,,,,,,,,10.3,8.9,11.82,,,,,,,,,,,,,,,,,,,8.14,6.75,9.49,,,,,,,5.8,4.34,7.63,,,,,,,,,
2023-11-18,,,,,,,,,,18.87,17.4,20.24,,,,,,,,,,,,,55.1,53.78,56.87,,,,,,,,,,,,,10.32,8.91,11.83,,,,,,,,,,,,,,,,,,,8.15,6.78,9.52,,,,,,,5.81,4.36,7.61,,,,,,,,,
2023-11-19,,,,,,,,,,18.88,17.4,20.32,,,,,,,,,,,,,55.06,53.72,56.86,,,,,,,,,,,,,10.34,8.92,11.83,,,,,,,,,,,,,,,,,,,8.16,6.8,9.54,,,,,,,5.83,4.38,7.6,,,,,,,,,
2023-11-20,,,,,,,,,,18.88,17.4,20.36,,,,,,,,,,,,,55.01,53.65,56.83,,,,,,,,,,,,,10.36,8.91,11.85,,,,,,,,,,,,,,,,,,,8.17,6.79,9.58,,,,,,,5.84,4.43,7.65,,,,,,,,,
2023-11-21,,,,,,,,,,18.89,17.4,20.36,,,,,,,,,,,,,54.97,53.61,56.78,,,,,,,,,,,,,10.38,8.91,11.87,,,,,,,,,,,,,,,,,,,8.19,6.76,9.62,,,,,,,5.85,4.48,7.71,,,,,,,,,
2023-11-22,,,,,,,,,,18.89,17.49,20.3,,,,,,,,,,,,,54.92,53.57,56.7,,,,,,,,,,,,,10.4,8.91,11.88,,,,,,,,,,,,,,,,,,,8.2,6.78,9.63,,,,,,,5.87,4.48,7.77,,,,,,,,,
2023-11-23,,,,,,,,,,18.9,17.56,20.3,,,,,,,,,,,,,54.88,53.5,56.62,,,,,,,,,,,,,10.42,8.91,11.89,,,,,,,,,,,,,,,,,,,8.22,6.75,9.65,,,,,,,5.88,4.48,7.82,,,,18.0,56.0,12.0,,8.0,4.0
2023-11-24,,,,,,,,,,18.9,17.58,20.36,,,,,,,,,,,,,54.84,53.48,56.53,,,,,,,,,,,,,10.44,8.91,11.91,,,,,,,,,,,,,,,,,,,8.23,6.76,9.66,,,,,,,5.9,4.52,7.84,,,,,,,,,
2023-11-25,,,,,,,,,,18.9,17.58,20.33,,,,,,,,,,,,,54.8,53.46,56.45,,,,,,,,,,,,,10.46,8.92,11.94,,,,,,,,,,,,,,,,,,,8.25,6.78,9.68,,,,,,,5.91,4.59,7.84,,,,,,,,,
2023-11-26,,,,,,,,,,18.9,17.52,20.3,,,,,,,,,,,,,54.75,53.41,56.45,,,,,,,,,,,,,10.48,8.92,11.94,,,,,,,,,,,,,,,,,,,8.27,6.78,9.7,,,,,,,5.92,4.61,7.84,,,,,,,,,
2023-11-27,,,,,,,,,,18.9,17.47,20.31,,,,,,,,,,,,,54.71,53.39,56.38,,,,,,,,,,,,,10.5,8.93,11.98,,,,,,,,,,,,,,,,,,,8.29,6.79,9.72,,,,,,,5.94,4.66,7.84,,,,,,,,,
2023-11-28,,,,,,,,,,18.89,17.42,20.32,,,,,,,,,,,,,54.67,53.35,56.36,,,,,,,,,,,,,10.52,8.93,11.98,,,,,,,,,,,,,,,,,,,8.31,6.81,9.73,,,,,,,5.95,4.67,7.85,,,,,,,,,
2023-11-29,,,,,,,,,,18.89,17.4,20.32,,,,,,,,,,,,,54.63,53.3,56.32,,,,,,,,,,,,,10.54,8.93,11.95,,,,,,,,,,,,,,,,,,,8.32,6.83,9.74,,,,,,,5.97,4.66,7.86,,,,,,,,,
2023-11-30,,,,,,,,,,18.88,17.4,20.33,,,,,,,,,,,,,54.59,53.23,56.28,,,,,,,,,,,,,10.56,8.94,12.0,,,,,,,,,,,,,,,,,,,8.34,6.87,9.79,,,,,,,5.98,4.66,7.91,,,,20.0,54.0,11.0,,7.0,5.0
2023-12-01,,,,,,,,,,18.88,17.39,20.33,,,,,,,,,,,,,54.56,53.2,56.23,,,,,,,,,,,,,10.58,8.93,12.01,,,,,,,,,,,,,,,,,,,8.36,6.87,9.79,,,,,,,6.0,4.66,7.95,,,,,,,,,
2023-12-02,,,,,,,,,,18.87,17.4,20.33,,,,,,,,,,,,,54.52,53.16,56.18,,,,,,,,,,,,,10.6,8.92,12.01,,,,,,,,,,,,,,,,,,,8.38,6.89,9.79,,,,,,,6.01,4.66,7.99,,,,,,,,,
2023-12-03,,,,,,,,,,18.86,17.35,20.3,,,,,,,,,,,,,54.48,53.11,56.13,,,,,,,,,,,,,10.63,8.93,12.02,,,,,,,,,,,,,,,,,,,8.4,6.88,9.82,,,,,,,6.03,4.67,7.99,,,,,,,,,
2023-12-04,,,,,,,,,,18.85,17.31,20.29,,,,,,,,,,,,,54.45,53.05,56.11,,,,,,,,,,,,,10.65,8.96,11.99,,,,,,,,,,,,,,,,,,,8.42,6.88,9.83,,,,,,,6.04,4.7,7.99,,,,,,,,,
2023-12-05,,,,,,,,,,18.83,17.33,20.3,,,,,,,,,,,,,54.41,53.0,56.08,,,,,,,,,,,,,10.67,8.96,12.01,,,,,,,,,,,,,,,,,,,8.44,6.88,9.84,,,,,,,6.06,4.7,7.99,,,,,,,,,
2023-12-06,,,,,,,,,,18.82,17.33,20.27,,,,,,,,,,,,,54.38,52.94,56.06,,,,,,,,,,,,,10.69,8.97,12.04,,,,,,,,,,,,,,,,,,,8.45,6.88,9.84,,,,,,,6.08,4.7,7.98,,,,,,,,,
2023-12-07,,,,,,,,,,18.8,17.28,20.24,,,,,,,,,,,,,54.35,52.89,56.04,,,,,,,,,,,,,10.71,8.98,12.05,,,,,,,,,,,,,,,,,,,8.47,6.88,9.84,,,,,,,6.09,4.71,7.98,,,,19.0,54.0,10.0,,9.0,5.0
2023-12-08,,,,,,,,,,18.79,17.27,20.2,,,,,,,,,,,,,54.32,52.84,55.98,,,,,,,,,,,,,10.74,8.99,12.05,,,,,,,,,,,,,,,,,,,8.49,6.88,9.84,,,,,,,6.11,4.73,7.97,,,,,,,,,
2023-12-09,,,,,,,,,,18.77,17.26,20.2,,,,,,,,,,,,,54.29,52.79,55.92,,,,,,,,,,,,,10.76,9.0,12.06,,,,,,,,,,,,,,,,,,,8.5,6.89,9.86,,,,,,,6.13,4.74,8.01,,,,,,,,,
2023-12-10,,,,,,,,,,18.75,17.26,20.17,,,,,,,,,,,,,54.26,52.74,55.86,,,,,,,,,,,,,10.78,9.01,12.07,,,,,,,,,,,,,,,,,,,8.51,6.87,9.91,,,,,,,6.15,4.73,8.02,,,,,,,,,
2023-12-11,,,,,,,,,,18.73,17.26,20.14,,,,,,,,,,,,,54.24,52.69,55.8,,,,,,,,,,,,,10.8,9.03,12.07,,,,,,,,,,,,,,,,,,,8.53,6.87,9.91,,,,,,,6.17,4.73,8.01,,,,,,,,,
2023-12-12,,,,,,,,,,18.71,17.24,20.15,,,,,,,,,,,,,54.21,52.63,55.81,,,,,,,,,,,,,10.83,9.04,12.08,,,,,,,,,,,,,,,,,,,8.54,6.87,9.94,,,,,,,6.19,4.73,8.03,,,,,,,,,
2023-12-13,,,,,,,,,,18.68,17.24,20.15,,,,,,,,,,,,,54.19,52.6,55.78,,,,,,,,,,,,,10.85,9.06,12.08,,,,,,,,,,,,,,,,,,,8.55,6.87,9.98,,,,,,,6.21,4.76,8.0,,,,17.0,56.0,10.0,,9.0,8.0
2023-12-14,,,,,,,,,,18.66,17.21,20.16,,,,,,,,,,,,,54.17,52.53,55.74,,,,,,,,,,,,,10.87,9.1,12.11,,,,,,,,,,,,,,,,,,,8.55,6.86,10.0,,,,,,,6.23,4.78,8.0,,,,,,,,,
2023-12-15,,,,,,,,,,18.63,17.16,20.16,,,,,,,,,,,,,54.15,52.51,55.68,,,,,,,,,,,,,10.89,9.16,12.14,,,,,,,,,,,,,,,,,,,8.56,6.84,9.98,,,,,,,6.25,4.81,8.05,,,,,,,,,
2023-12-16,,,,,,,,,,18.61,17.1,20.14,,,,,,,,,,,,,54.13,52.48,55.63,,,,,,,,,,,,,10.91,9.17,12.15,,,,,,,,,,,,,,,,,,,8.57,6.83,10.0,,,,,,,6.27,4.82,8.07,,,,,,,,,
2023-12-17,,,,,,,,,,18.58,17.05,20.11,,,,,,,,,,,,,54.12,52.45,55.64,,,,,,,,,,,,,10.93,9.16,12.18,,,,,,,,,,,,,,,,,,,8.57,6.81,10.02,,,,,,,6.3,4.83,8.09,,,,,,,,,
2023-12-18,,,,,,,,,,18.55,16.99,20.07,,,,,,,,,,,,,54.1,52.43,55.66,,,,,,,,,,,,,10.95,9.18,12.22,,,,,,,,,,,,,,,,,,,8.57,6.8,10.04,,,,,,,6.32,4.84,8.1,,,,,,,,,
2023-12-19,,,,,,,,,,18.52,16.94,20.05,,,,,,,,,,,,,54.09,52.43,55.68,,,,,,,,,,,,,10.97,9.17,12.25,,,,,,,,,,,,,,,,,,,8.58,6.78,10.05,,,,,,,6.34,4.85,8.09,,,,,,,,,
2023-12-20,,,,,,,,,,18.49,16.88,20.06,,,,,,,,,,,,,54.08,52.43,55.7,,,,,,,,,,,,,10.98,9.19,12.29,,,,,,,,,,,,,,,,,,,8.58,6.78,10.06,,,,,,,6.37,4.87,8.11,,,,20.0,49.0,12.0,,9.0,9.0
2023-12-21,,,,,,,,,,18.46,16.83,20.07,,,,,,,,,,,,,54.07,52.41,55.71,,,,,,,,,,,,,11.0,9.21,12.3,,,,,,,,,,,,,,,,,,,8.58,6.79,10.06,,,,,,,6.4,4.89,8.14,,,,,,,,,
2023-12-22,,,,,,,,,,18.43,16.77,20.08,,,,,,,,,,,,,54.06,52.37,55.72,,,,,,,,,,,,,11.01,9.23,12.32,,,,,,,,,,,,,,,,,,,8.58,6.77,10.06,,,,,,,6.42,4.9,8.18,,,,,,,,,
2023-12-23,,,,,,,,,,18.4,16.72,20.09,,,,,,,,,,,,,54.05,52.34,55.74,,,,,,,,,,,,,11.03,9.25,12.37,,,,,,,,,,,,,,,,,,,8.58,6.76,10.07,,,,,,,6.45,4.91,8.19,,,,,,,,,
2023-12-24,,,,,,,,,,18.37,16.68,20.09,,,,,,,,,,,,,54.05,52.31,55.76,,,,,,,,,,,,,11.04,9.27,12.4,,,,,,,,,,,,,,,,,,,8.58,6.75,10.07,,,,,,,6.48,4.91,8.21,,,,,,,,,
2023-12-25,,,,,,,,,,18.34,16.62,20.06,,,,,,,,,,,,,54.05,52.3,55.76,,,,,,,,,,,,,11.05,9.29,12.42,,,,,,,,,,,,,,,,,,,8.58,6.77,10.08,,,,,,,6.51,4.93,8.24,,,,,,,,,
2023-12-26,,,,,,,,,,18.3,16.57,20.0,,,,,,,,,,,,,54.05,52.29,55.74,,,,,,,,,,,,,11.06,9.31,12.44,,,,,,,,,,,,,,,,,,,8.58,6.79,10.1,,,,,,,6.54,4.96,8.26,,,,,,,,,
2023-12-27,,,,,,,,,,18.27,16.53,19.95,,,,,,,,,,,,,54.05,52.29,55.79,,,,,,,,,,,,,11.06,9.32,12.46,,,,,,,,,,,,,,,,,,,8.58,6.82,10.13,,,,,,,6.57,4.97,8.29,,,,,,,,,
2023-12-28,,,,,,,,,,18.23,16.51,19.88,,,,,,,,,,,,,54.05,52.3,55.78,,,,,,,,,,,,,11.07,9.34,12.47,,,,,,,,,,,,,,,,,,,8.57,6.85,10.16,,,,,,,6.6,4.97,8.3,,,,,,,,,
2023-12-29,,,,,,,,,,18.2,16.48,19.81,,,,,,,,,,,,,54.06,52.28,55.79,,,,,,,,,,,,,11.07,9.32,12.49,,,,,,,,,,,,,,,,,,,8.57,6.85,10.17,,,,,,,6.63,5.0,8.3,,,,,,,,,
2023-12-30,,,,,,,,,,18.16,16.44,19.75,,,,,,,,,,,,,54.06,52.28,55.84,,,,,,,,,,,,,11.07,9.29,12.5,,,,,,,,,,,,,,,,,,,8.57,6.87,10.19,,,,,,,6.66,5.04,8.35,,,,,,,,,
2023-12-31,,,,,,,,,,18.12,16.37,19.75,,,,,,,,,,,,,54.07,52.29,55.89,,,,,,,,,,,,,11.08,9.28,12.5,,,,,,,,,,,,,,,,,,,8.57,6.88,10.18,,,,,,,6.7,5.05,8.38,,,,,,,,,
2024-01-01,,,,,,,,,,18.08,16.3,19.73,,,,,,,,,,,,,54.07,52.29,55.94,,,,,,,,,,,,,11.07,9.25,12.53,,,,,,,,,,,,,,,,,,,8.57,6.88,10.17,,,,,,,6.74,5.06,8.4,,,,,,,,,
2024-01-02,,,,,,,,,,18.05,16.26,19.72,,,,,,,,,,,,,54.08,52.3,55.98,,,,,,,,,,,,,11.07,9.25,12.59,,,,,,,,,,,,,,,,,,,8.56,6.88,10.18,,,,,,,6.77,5.1,8.42,,,,,,,,,
2024-01-03,,,,,,,,,,18.01,16.21,19.7,,,,,,,,,,,,,54.09,52.29,55.99,,,,,,,,,,,,,11.07,9.26,12.58,,,,,,,,,,,,,,,,,,,8.56,6.88,10.16,,,,,,,6.81,5.17,8.44,,,,18.0,57.0,11.0,,9.0,5.0
2024-01-04,,,,,,,,,,17.97,16.16,19.68,,,,,,,,,,,,,54.1,52.28,55.99,,,,,,,,,,,,,11.06,9.27,12.59,,,,,,,,,,,,,,,,,,,8.56,6.9,10.2,,,,,,,6.85,5.25,8.46,,,,,,,,,
2024-01-05,,,,,,,,,,17.92,16.11,19.67,,,,,,,,,,,,,54.11,52.27,55.99,,,,,,,,,,,,,11.06,9.29,12.57,,,,,,,,,,,,,,,,,,,8.56,6.93,10.2,,,,,,,6.89,5.3,8.51,,,,,,,,,
2024-01-06,,,,,,,,,,17.88,16.07,19.64,,,,,,,,,,,,,54.12,52.26,56.0,,,,,,,,,,,,,11.05,9.26,12.54,,,,,,,,,,,,,,,,,,,8.56,6.92,10.23,,,,,,,6.94,5.34,8.57,,,,,,,,,
2024-01-07,,,,,,,,,,17.84,16.03,19.61,,,,,,,,,,,,,54.13,52.25,56.02,,,,,,,,,,,,,11.04,9.23,12.51,,,,,,,,,,,,,,,,,,,8.56,6.9,10.23,,,,,,,6.98,5.38,8.62,,,,,,,,,
2024-01-08,,,,,,,,,,17.8,16.0,19.59,,,,,,,,,,,,,54.13,52.24,56.03,,,,,,,,,,,,,11.04,9.2,12.48,,,,,,,,,,,,,,,,,,,8.56,6.9,10.18,,,,,,,7.02,5.42,8.67,,,,,,,,,
2024-01-09,,,,,,,,,,17.76,15.96,19.54,,,,,,,,,,,,,54.14,52.24,55.98,,,,,,,,,,,,,11.03,9.16,12.45,,,,,,,,,,,,,,,,,,,8.55,6.91,10.17,,,,,,,7.07,5.47,8.72,,,,,,,,,
2024-01-10,,,,,,,,,,17.71,15.92,19.5,,,,,,,,,,,,,54.15,52.23,56.03,,,,,,,,,,,,,11.02,9.14,12.48,,,,,,,,,,,,,,,,,,,8.55,6.91,10.16,,,,,,,7.12,5.52,8.78,,,,,,,,,
2024-01-11,,,,,,,,,,17.67,15.89,19.46,,,,,,,,,,,,,54.16,52.24,56.07,,,,,,,,,,,,,11.01,9.11,12.47,,,,,,,,,,,,,,,,,,,8.55,6.92,10.18,,,,,,,7.16,5.56,8.81,,,,18.0,48.0,9.0,,15.0,7.0
2024-01-12,,,,,,,,,,17.63,15.85,19.38,,,,,,,,,,,,,54.16,52.25,56.12,,,,,,,,,,,,,11.0,9.08,12.46,,,,,,,,,,,,,,,,,,,8.55,6.95,10.2,,,,,,,7.21,5.63,8.85,,,,,,,,,
2024-01-13,,,,,,,,,,17.59,15.82,19.34,,,,,,,,,,,,,54.17,52.24,56.11,,,,,,,,,,,,,10.99,9.11,12.46,,,,,,,,,,,,,,,,,,,8.55,6.96,10.22,,,,,,,7.26,5.71,8.88,,,,,,,,,
2024-01-14,,,,,,,,,,17.55,15.79,19.31,,,,,,,,,,,,,54.17,52.21,56.1,,,,,,,,,,,,,10.98,9.05,12.46,,,,,,,,,,,,,,,,,,,8.55,6.96,10.23,,,,,,,7.3,5.79,8.9,,,,,,,,,
2024-01-15,,,,,,,,,,17.51,15.74,19.3,,,,,,,,,,,,,54.18,52.2,56.07,,,,,,,,,,,,,10.97,9.01,12.46,,,,,,,,,,,,,,,,,,,8.55,6.94,10.25,,,,,,,7.35,5.86,8.93,,,,,,,,,
2024-01-16,,,,,,,,,,17.47,15.69,19.28,,,,,,,,,,,,,54.18,52.19,56.07,,,,,,,,,,,,,10.96,9.01,12.46,,,,,,,,,,,,,,,,,,,8.55,6.9,10.26,,,,,,,7.4,5.94,8.95,,,,,,,,,
2024-01-17,,,,,,,,,,17.43,15.64,19.26,,,,,,,,,,,,,54.19,52.19,56.04,,,,,,,,,,,,,10.95,9.02,12.45,,,,,,,,,,,,,,,,,,,8.55,6.87,10.27,,,,,,,7.45,6.02,8.97,,,,15.0,57.0,11.0,,8.0,8.0
2024-01-18,,,,,,,,,,17.39,15.6,19.25,,,,,,,,,,,,,54.19,52.19,56.01,,,,,,,,,,,,,10.93,9.0,12.43,,,,,,,,,,,,,,,,,,,8.55,6.85,10.27,,,,,,,7.5,6.02,9.02,,,,,,,,,
2024-01-19,,,,,,,,,,17.36,15.54,19.22,,,,,,,,,,,,,54.2,52.19,55.97,,,,,,,,,,,,,10.92,8.95,12.44,,,,,,,,,,,,,,,,,,,8.55,6.83,10.28,,,,,,,7.54,6.11,9.03,,,,,,,,,
2024-01-20,,,,,,,,,,17.32,15.46,19.17,,,,,,,,,,,,,54.2,52.19,55.94,,,,,,,,,,,,,10.91,8.96,12.39,,,,,,,,,,,,,,,,,,,8.55,6.82,10.28,,,,,,,7.59,6.17,9.05,,,,,,,,,
2024-01-21,,,,,,,,,,17.28,15.39,19.13,,,,,,,,,,,,,54.2,52.19,55.95,,,,,,,,,,,,,10.9,8.97,12.37,,,,,,,,,,,,,,,,,,,8.55,6.81,10.28,,,,,,,7.64,6.21,9.11,,,,,,,,,
2024-01-22,,,,,,,,,,17.25,15.32,19.1,,,,,,,,,,,,,54.2,52.2,55.93,,,,,,,,,,,,,10.88,8.98,12.37,,,,,,,,,,,,,,,,,,,8.55,6.81,10.27,,,,,,,7.68,6.22,9.18,,,,,,,,,
2024-01-23,,,,,,,,,,17.22,15.32,19.09,,,,,,,,,,,,,54.21,52.19,55.94,,,,,,,,,,,,,10.87,8.93,12.37,,,,,,,,,,,,,,,,,,,8.55,6.78,10.27,,,,,,,7.73,6.26,9.24,,,,,,,,,
2024-01-24,,,,,,,,,,17.19,15.33,19.05,,,,,,,,,,,,,54.21,52.19,55.98,,,,,,,,,,,,,10.86,8.92,12.38,,,,,,,,,,,,,,,,,,,8.55,6.76,10.26,,,,,,,7.78,6.32,9.3,,,,21.0,53.0,13.0,,7.0,6.0
2024-01-25,,,,,,,,,,17.16,15.32,19.01,,,,,,,,,,,,,54.21,52.2,56.02,,,,,,,,,,,,,10.84,8.94,12.37,,,,,,,,,,,,,,,,,,,8.54,6.76,10.24,,,,,,,7.82,6.34,9.35,,,,,,,,,
2024-01-26,,,,,,,,,,17.13,15.32,18.97,,,,,,,,,,,,,54.21,52.21,56.04,,,,,,,,,,,,,10.83,8.92,12.37,,,,,,,,,,,,,,,,,,,8.54,6.77,10.24,,,,,,,7.86,6.36,9.37,,,,,,,,,
2024-01-27,,,,,,,,,,17.1,15.32,18.95,,,,,,,,,,,,,54.22,52.22,56.02,,,,,,,,,,,,,10.82,8.89,12.37,,,,,,,,,,,,,,,,,,,8.54,6.79,10.24,,,,,,,7.91,6.4,9.41,,,,,,,,,
2024-01-28,,,,,,,,,,17.07,15.3,18.91,,,,,,,,,,,,,54.22,52.23,55.96,,,,,,,,,,,,,10.81,8.87,12.36,,,,,,,,,,,,,,,,,,,8.53,6.8,10.23,,,,,,,7.95,6.42,9.46,,,,,,,,,
2024-01-29,,,,,,,,,,17.04,15.26,18.88,,,,,,,,,,,,,54.22,52.24,55.93,,,,,,,,,,,,,10.79,8.85,12.38,,,,,,,,,,,,,,,,,,,8.52,6.82,10.21,,,,,,,7.99,6.45,9.47,,,,,,,,,
2024-01-30,,,,,,,,,,17.02,15.23,18.85,,,,,,,,,,,,,54.22,52.26,55.97,,,,,,,,,,,,,10.78,8.82,12.38,,,,,,,,,,,,,,,,,,,8.52,6.82,10.2,,,,,,,8.03,6.47,9.5,,,,,,,,,
2024-01-31,,,,,,,,,,16.99,15.18,18.81,,,,,,,,,,,,,54.23,52.28,55.98,,,,,,,,,,,,,10.77,8.8,12.36,,,,,,,,,,,,,,,,,,,8.51,6.84,10.18,,,,,,,8.07,6.5,9.5,,,,16.0,55.0,11.0,,7.0,9.0
2024-02-01,,,,,,,,,,16.97,15.15,18.77,,,,,,,,,,,,,54.23,52.31,55.98,,,,,,,,,,,,,10.76,8.79,12.32,,,,,,,,,,,,,,,,,,,8.51,6.83,10.17,,,,,,,8.11,6.53,9.5,,,,,,,,,
2024-02-02,,,,,,,,,,16.94,15.11,18.74,,,,,,,,,,,,,54.23,52.32,55.98,,,,,,,,,,,,,10.75,8.79,12.28,,,,,,,,,,,,,,,,,,,8.5,6.81,10.15,,,,,,,8.14,6.6,9.53,,,,,,,,,
2024-02-03,,,,,,,,,,16.92,15.1,18.69,,,,,,,,,,,,,54.23,52.34,55.99,,,,,,,,,,,,,10.73,8.78,12.25,,,,,,,,,,,,,,,,,,,8.49,6.79,10.13,,,,,,,8.18,6.66,9.57,,,,,,,,,
2024-02-04,,,,,,,,,,16.9,15.05,18.64,,,,,,,,,,,,,54.23,52.36,55.97,,,,,,,,,,,,,10.72,8.74,12.21,,,,,,,,,,,,,,,,,,,8.48,6.76,10.11,,,,,,,8.21,6.72,9.63,,,,,,,,,
2024-02-05,,,,,,,,,,16.88,15.03,18.61,,,,,,,,,,,,,54.24,52.38,55.94,,,,,,,,,,,,,10.71,8.76,12.19,,,,,,,,,,,,,,,,,,,8.48,6.75,10.1,,,,,,,8.25,6.76,9.67,,,,,,,,,
2024-02-06,,,,,,,,,,16.86,15.0,18.59,,,,,,,,,,,,,54.24,52.41,55.93,,,,,,,,,,,,,10.7,8.79,12.2,,,,,,,,,,,,,,,,,,,8.47,6.73,10.08,,,,,,,8.28,6.78,9.72,,,,,,,,,
2024-02-07,,,,,,,,,,16.84,14.98,18.57,,,,,,,,,,,,,54.24,52.38,55.91,,,,,,,,,,,,,10.68,8.81,12.19,,,,,,,,,,,,,,,,,,,8.46,6.71,10.05,,,,,,,8.31,6.81,9.75,,,,,,,,,
2024-02-08,,,,,,,,,,16.82,14.97,18.55,,,,,,,,,,,,,54.24,52.34,55.89,,,,,,,,,,,,,10.67,8.82,12.2,,,,,,,,,,,,,,,,,,,8.45,6.7,10.03,,,,,,,8.35,6.83,9.77,,,,19.0,54.0,12.0,,7.0,7.0
2024-02-09,,,,,,,,,,16.8,14.95,18.5,,,,,,,,,,,,,54.24,52.38,55.88,,,,,,,,,,,,,10.66,8.81,12.2,,,,,,,,,,,,,,,,,,,8.45,6.68,10.01,,,,,,,8.38,6.86,9.77,,,,,,,,,
2024-02-10,,,,,,,,,,16.78,14.89,18.44,,,,,,,,,,,,,54.24,52.37,55.9,,,,,,,,,,,,,10.65,8.8,12.15,,,,,,,,,,,,,,,,,,,8.44,6.7,10.0,,,,,,,8.41,6.88,9.79,,,,,,,,,
2024-02-11,,,,,,,,,,16.76,14.86,18.39,,,,,,,,,,,,,54.25,52.37,55.92,,,,,,,,,,,,,10.63,8.76,12.1,,,,,,,,,,,,,,,,,,,8.43,6.73,9.99,,,,,,,8.44,6.91,9.84,,,,,,,,,
2024-02-12,,,,,,,,,,16.74,14.84,18.34,,,,,,,,,,,,,54.25,52.36,55.94,,,,,,,,,,,,,10.62,8.72,12.06,,,,,,,,,,,,,,,,,,,8.42,6.71,9.97,,,,,,,8.46,6.92,9.88,,,,,,,,,
2024-02-13,,,,,,,,,,16.73,14.82,18.28,,,,,,,,,,,,,54.25,52.36,55.94,,,,,,,,,,,,,10.61,8.68,12.03,,,,,,,,,,,,,,,,,,,8.42,6.74,9.95,,,,,,,8.49,6.93,9.93,,,,,,,,,
2024-02-14,,,,,,,,,,16.71,14.8,18.28,,,,,,,,,,,,,54.25,52.39,55.92,,,,,,,,,,,,,10.59,8.65,12.06,,,,,,,,,,,,,,,,,,,8.41,6.73,9.94,,,,,,,8.52,6.94,9.96,,,,,,,,,
2024-02-15,,,,,,,,,,16.69,14.81,18.3,,,,,,,,,,,,,54.26,52.42,55.91,,,,,,,,,,,,,10.58,8.63,12.08,,,,,,,,,,,,,,,,,,,8.4,6.71,9.92,,,,,,,8.55,6.97,9.99,,,,14.0,55.0,11.0,,7.0,10.0
2024-02-16,,,,,,,,,,16.68,14.81,18.3,,,,,,,,,,,,,54.26,52.44,55.9,,,,,,,,,,,,,10.56,8.62,12.07,,,,,,,,,,,,,,,,,,,8.39,6.71,9.9,,,,,,,8.57,6.99,9.99,,,,,,,,,
2024-02-17,,,,,,,,,,16.66,14.81,18.32,,,,,,,,,,,,,54.26,52.46,55.9,,,,,,,,,,,,,10.55,8.63,12.02,,,,,,,,,,,,,,,,,,,8.39,6.73,9.89,,,,,,,8.6,7.02,10.0,,,,,,,,,
2024-02-18,,,,,,,,,,16.64,14.84,18.3,,,,,,,,,,,,,54.26,52.45,55.88,,,,,,,,,,,,,10.54,8.6,11.98,,,,,,,,,,,,,,,,,,,8.38,6.71,9.9,,,,,,,8.62,7.04,10.0,,,,,,,,,
2024-02-19,,,,,,,,,,16.62,14.85,18.24,,,,,,,,,,,,,54.26,52.45,55.88,,,,,,,,,,,,,10.52,8.58,11.98,,,,,,,,,,,,,,,,,,,8.37,6.7,9.92,,,,,,,8.65,7.05,10.01,,,,,,,,,
2024-02-20,,,,,,,,,,16.6,14.84,18.18,,,,,,,,,,,,,54.26,52.46,55.9,,,,,,,,,,,,,10.51,8.56,11.99,,,,,,,,,,,,,,,,,,,8.37,6.68,9.93,,,,,,,8.68,7.07,10.06,,,,,,,,,
2024-02-21,,,,,,,,,,16.58,14.81,18.12,,,,,,,,,,,,,54.25,52.46,55.92,,,,,,,,,,,,,10.5,8.55,12.01,,,,,,,,,,,,,,,,,,,8.36,6.69,9.92,,,,,,,8.7,7.09,10.11,,,,17.0,58.0,11.0,,6.0,7.0
2024-02-22,,,,,,,,,,16.56,14.76,18.06,,,,,,,,,,,,,54.25,52.47,55.94,,,,,,,,,,,,,10.49,8.54,11.96,,,,,,,,,,,,,,,,,,,8.36,6.72,9.91,,,,,,,8.73,7.12,10.13,,,,,,,,,
2024-02-23,,,,,,,,,,16.54,14.76,18.02,,,,,,,,,,,,,54.25,52.47,55.95,,,,,,,,,,,,,10.48,8.55,11.93,,,,,,,,,,,,,,,,,,,8.36,6.69,9.89,,,,,,,8.76,7.15,10.16,,,,,,,,,
2024-02-24,,,,,,,,,,16.52,14.74,18.0,,,,,,,,,,,,,54.24,52.48,55.93,,,,,,,,,,,,,10.47,8.55,11.89,,,,,,,,,,,,,,,,,,,8.35,6.67,9.87,,,,,,,8.78,7.16,10.22,,,,,,,,,
2024-02-25,,,,,,,,,,16.5,14.74,17.98,,,,,,,,,,,,,54.24,52.45,55.9,,,,,,,,,,,,,10.46,8.56,11.89,,,,,,,,,,,,,,,,,,,8.35,6.65,9.87,,,,,,,8.81,7.19,10.28,,,,,,,,,
2024-02-26,,,,,,,,,,16.47,14.71,17.95,,,,,,,,,,,,,54.23,52.39,55.89,,,,,,,,,,,,,10.45,8.58,11.91,,,,,,,,,,,,,,,,,,,8.35,6.66,9.84,,,,,,,8.84,7.24,10.34,,,,,,,,,
2024-02-27,,,,,,,,,,16.45,14.68,17.92,,,,,,,,,,,,,54.22,52.32,55.88,,,,,,,,,,,,,10.44,8.61,11.92,,,,,,,,,,,,,,,,,,,8.35,6.67,9.87,,,,,,,8.86,7.27,10.39,,,,,,,,,
2024-02-28,,,,,,,,,,16.43,14.67,17.9,,,,,,,,,,,,,54.22,52.28,55.88,,,,,,,,,,,,,10.43,8.59,11.91,,,,,,,,,,,,,,,,,,,8.35,6.67,9.89,,,,,,,8.89,7.31,10.45,,,,,,,,,
2024-02-29,,,,,,,,,,16.4,14.68,17.87,,,,,,,,,,,,,54.21,52.28,55.87,,,,,,,,,,,,,10.42,8.58,11.9,,,,,,,,,,,,,,,,,,,8.35,6.69,9.89,,,,,,,8.92,7.35,10.51,,,,15.0,55.0,9.0,,10.0,9.0
2024-03-01,,,,,,,,,,16.38,14.68,17.86,,,,,,,,,,,,,54.2,52.28,55.87,,,,,,,,,,,,,10.42,8.56,11.89,,,,,,,,,,,,,,,,,,,8.35,6.7,9.89,,,,,,,8.95,7.38,10.57,,,,,,,,,
2024-03-02,,,,,,,,,,16.35,14.69,17.84,,,,,,,,,,,,,54.19,52.28,55.9,,,,,,,,,,,,,10.41,8.55,11.9,,,,,,,,,,,,,,,,,,,8.35,6.72,9.89,,,,,,,8.97,7.39,10.63,,,,,,,,,
2024-03-03,,,,,,,,,,16.33,14.69,17.87,,,,,,,,,,,,,54.18,52.27,55.91,,,,,,,,,,,,,10.41,8.53,11.88,,,,,,,,,,,,,,,,,,,8.35,6.74,9.89,,,,,,,9.0,7.42,10.69,,,,,,,,,
2024-03-04,,,,,,,,,,16.3,14.7,17.89,,,,,,,,,,,,,54.16,52.28,55.89,,,,,,,,,,,,,10.4,8.52,11.87,,,,,,,,,,,,,,,,,,,8.35,6.76,9.88,,,,,,,9.03,7.49,10.74,,,,,,,,,
2024-03-05,,,,,,,,,,16.27,14.71,17.87,,,,,,,,,,,,,54.15,52.27,55.85,,,,,,,,,,,,,10.4,8.51,11.86,,,,,,,,,,,,,,,,,,,8.35,6.78,9.87,,,,,,,9.06,7.52,10.8,,,,,,,,,
2024-03-06,,,,,,,,,,16.25,14.69,17.82,,,,,,,,,,,,,54.14,52.25,55.82,,,,,,,,,,,,,10.39,8.5,11.84,,,,,,,,,,,,,,,,,,,8.36,6.81,9.86,,,,,,,9.08,7.55,10.84,,,,,,,,,
2024-03-07,,,,,,,,,,16.22,14.65,17.76,,,,,,,,,,,,,54.13,52.25,55.83,,,,,,,,,,,,,10.39,8.51,11.82,,,,,,,,,,,,,,,,,,,8.36,6.84,9.85,,,,,,,9.11,7.55,10.9,,,,14.0,57.0,11.0,,10.0,7.0
2024-03-08,,,,,,,,,,16.19,14.65,17.74,,,,,,,,,,,,,54.12,52.24,55.83,,,,,,,,,,,,,10.38,8.52,11.8,,,,,,,,,,,,,,,,,,,8.37,6.86,9.84,,,,,,,9.13,7.54,10.96,,,,,,,,,
2024-03-09,,,,,,,,,,16.16,14.63,17.73,,,,,,,,,,,,,54.11,52.24,55.84,,,,,,,,,,,,,10.38,8.54,11.8,,,,,,,,,,,,,,,,,,,8.37,6.89,9.82,,,,,,,9.16,7.57,11.01,,,,,,,,,
2024-03-10,,,,,,,,,,16.14,14.6,17.72,,,,,,,,,,,,,54.09,52.24,55.85,,,,,,,,,,,,,10.38,8.55,11.8,,,,,,,,,,,,,,,,,,,8.38,6.92,9.81,,,,,,,9.18,7.6,11.06,,,,,,,,,
2024-03-11,,,,,,,,,,16.11,14.58,17.67,,,,,,,,,,,,,54.08,52.24,55.85,,,,,,,,,,,,,10.38,8.57,11.79,,,,,,,,,,,,,,,,,,,8.39,6.95,9.8,,,,,,,9.21,7.63,11.11,,,,,,,,,
2024-03-12,,,,,,,,,,16.08,14.55,17.65,,,,,,,,,,,,,54.07,52.23,55.83,,,,,,,,,,,,,10.37,8.59,11.81,,,,,,,,,,,,,,,,,,,8.4,6.98,9.84,,,,,,,9.23,7.67,11.13,,,,,,,,,
2024-03-13,,,,,,,,,,16.05,14.53,17.62,,,,,,,,,,,,,54.06,52.25,55.8,,,,,,,,,,,,,10.37,8.61,11.86,,,,,,,,,,,,,,,,,,,8.41,7.0,9.84,,,,,,,9.25,7.69,11.18,,,,15.0,51.0,9.0,,9.0,15.0
2024-03-14,,,,,,,,,,16.02,14.48,17.57,,,,,,,,,,,,,54.05,52.23,55.77,,,,,,,,,,,,,10.37,8.64,11.87,,,,,,,,,,,,,,,,,,,8.42,6.99,9.84,,,,,,,9.27,7.71,11.2,,,,,,,,,
2024-03-15,,,,,,,,,,16.0,14.43,17.52,,,,,,,,,,,,,54.04,52.2,55.74,,,,,,,,,,,,,10.37,8.62,11.9,,,,,,,,,,,,,,,,,,,8.43,6.98,9.85,,,,,,,9.29,7.76,11.2,,,,,,,,,
2024-03-16,,,,,,,,,,15.97,14.4,17.48,,,,,,,,,,,,,54.03,52.18,55.73,,,,,,,,,,,,,10.37,8.63,11.9,,,,,,,,,,,,,,,,,,,8.44,6.98,9.88,,,,,,,9.31,7.8,11.19,,,,,,,,,
2024-03-17,,,,,,,,,,15.94,14.41,17.5,,,,,,,,,,,,,54.02,52.17,55.73,,,,,,,,,,,,,10.36,8.68,11.92,,,,,,,,,,,,,,,,,,,8.45,6.98,9.91,,,,,,,9.33,7.82,11.18,,,,,,,,,
2024-03-18,,,,,,,,,,15.92,14.41,17.48,,,,,,,,,,,,,54.01,52.15,55.76,,,,,,,,,,,,,10.36,8.68,11.95,,,,,,,,,,,,,,,,,,,8.47,6.97,9.93,,,,,,,9.35,7.8,11.18,,,,,,,,,
2024-03-19,,,,,,,,,,15.89,14.37,17.43,,,,,,,,,,,,,54.0,52.14,55.74,,,,,,,,,,,,,10.36,8.68,11.96,,,,,,,,,,,,,,,,,,,8.48,6.97,9.95,,,,,,,9.36,7.79,11.18,,,,,,,,,
2024-03-20,,,,,,,,,,15.87,14.34,17.4,,,,,,,,,,,,,53.99,52.12,55.76,,,,,,,,,,,,,10.36,8.65,11.94,,,,,,,,,,,,,,,,,,,8.5,6.97,9.99,,,,,,,9.38,7.78,11.15,,,,16.0,50.0,13.0,,8.0,11.0
2024-03-21,,,,,,,,,,15.84,14.35,17.38,,,,,,,,,,,,,53.99,52.1,55.79,,,,,,,,,,,,,10.35,8.67,11.92,,,,,,,,,,,,,,,,,,,8.51,6.96,10.03,,,,,,,9.39,7.84,11.16,,,,,,,,,
2024-03-22,,,,,,,,,,15.82,14.34,17.36,,,,,,,,,,,,,53.98,52.08,55.83,,,,,,,,,,,,,10.35,8.66,11.9,,,,,,,,,,,,,,,,,,,8.53,6.95,10.03,,,,,,,9.4,7.91,11.17,,,,,,,,,
2024-03-23,,,,,,,,,,15.8,14.31,17.34,,,,,,,,,,,,,53.97,52.06,55.78,,,,,,,,,,,,,10.35,8.65,11.88,,,,,,,,,,,,,,,,,,,8.55,6.95,10.02,,,,,,,9.42,7.99,11.17,,,,,,,,,
2024-03-24,,,,,,,,,,15.77,14.26,17.27,,,,,,,,,,,,,53.96,52.07,55.72,,,,,,,,,,,,,10.35,8.65,11.89,,,,,,,,,,,,,,,,,,,8.57,6.96,10.04,,,,,,,9.43,8.02,11.2,,,,,,,,,
2024-03-25,,,,,,,,,,15.75,14.21,17.21,,,,,,,,,,,,,53.95,52.07,55.7,,,,,,,,,,,,,10.34,8.65,11.92,,,,,,,,,,,,,,,,,,,8.59,6.99,10.07,,,,,,,9.44,8.05,11.24,,,,,,,,,
2024-03-26,,,,,,,,,,15.73,14.17,17.19,,,,,,,,,,,,,53.93,52.06,55.69,,,,,,,,,,,,,10.34,8.66,11.95,,,,,,,,,,,,,,,,,,,8.61,7.0,10.06,,,,,,,9.45,8.08,11.28,,,,,,,,,
2024-03-27,,,,,,,,,,15.71,14.14,17.18,,,,,,,,,,,,,53.92,52.06,55.69,,,,,,,,,,,,,10.33,8.64,11.98,,,,,,,,,,,,,,,,,,,8.63,7.04,10.06,,,,,,,9.46,8.07,11.28,,,,19.0,58.0,5.0,,7.0,9.0
2024-03-28,,,,,,,,,,15.69,14.13,17.17,,,,,,,,,,,,,53.91,52.03,55.68,,,,,,,,,,,,,10.33,8.63,12.0,,,,,,,,,,,,,,,,,,,8.65,7.08,10.06,,,,,,,9.48,8.09,11.26,,,,,,,,,
2024-03-29,,,,,,,,,,15.67,14.12,17.16,,,,,,,,,,,,,53.89,51.99,55.67,,,,,,,,,,,,,10.33,8.61,12.01,,,,,,,,,,,,,,,,,,,8.66,7.11,10.08,,,,,,,9.49,8.1,11.26,,,,,,,,,
2024-03-30,,,,,,,,,,15.66,14.11,17.15,,,,,,,,,,,,,53.88,51.97,55.67,,,,,,,,,,,,,10.32,8.59,12.01,,,,,,,,,,,,,,,,,,,8.68,7.14,10.12,,,,,,,9.5,8.16,11.24,,,,,,,,,
2024-03-31,,,,,,,,,,15.64,14.1,17.14,,,,,,,,,,,,,53.86,51.94,55.64,,,,,,,,,,,,,10.32,8.6,12.0,,,,,,,,,,,,,,,,,,,8.7,7.17,10.15,,,,,,,9.51,8.18,11.22,,,,,,,,,
2024-04-01,,,,,,,,,,15.62,14.13,17.11,,,,,,,,,,,,,53.85,51.91,55.61,,,,,,,,,,,,,10.32,8.62,11.99,,,,,,,,,,,,,,,,,,,8.72,7.2,10.19,,,,,,,9.52,8.2,11.19,,,,,,,,,
2024-04-02,,,,,,,,,,15.6,14.16,17.1,,,,,,,,,,,,,53.83,51.89,55.57,,,,,,,,,,,,,10.32,8.64,11.98,,,,,,,,,,,,,,,,,,,8.74,7.25,10.23,,,,,,,9.54,8.22,11.17,,,,,,,,,
2024-04-03,,,,,,,,,,15.59,14.16,17.09,,,,,,,,,,,,,53.81,51.88,55.56,,,,,,,,,,,,,10.32,8.66,11.98,,,,,,,,,,,,,,,,,,,8.75,7.32,10.23,,,,,,,9.55,8.23,11.15,,,,18.0,52.0,10.0,,7.0,10.0
2024-04-04,,,,,,,,,,15.57,14.13,17.07,,,,,,,,,,,,,53.78,51.86,55.55,,,,,,,,,,,,,10.32,8.68,11.97,,,,,,,,,,,,,,,,,,,8.77,7.39,10.21,,,,,,,9.56,8.25,11.18,,,,,,,,,
2024-04-05,,,,,,,,,,15.56,14.14,17.05,,,,,,,,,,,,,53.76,51.85,55.5,,,,,,,,,,,,,10.32,8.69,11.95,,,,,,,,,,,,,,,,,,,8.79,7.37,10.2,,,,,,,9.58,8.26,11.21,,,,,,,,,
2024-04-06,,,,,,,,,,15.54,14.13,17.05,,,,,,,,,,,,,53.73,51.83,55.47,,,,,,,,,,,,,10.32,8.72,11.94,,,,,,,,,,,,,,,,,,,8.8,7.37,10.18,,,,,,,9.59,8.27,11.23,,,,,,,,,
2024-04-07,,,,,,,,,,15.53,14.1,17.05,,,,,,,,,,,,,53.7,51.8,55.47,,,,,,,,,,,,,10.33,8.8,11.93,,,,,,,,,,,,,,,,,,,8.82,7.41,10.18,,,,,,,9.61,8.29,11.26,,,,,,,,,
2024-04-08,,,,,,,,,,15.52,14.1,17.07,,,,,,,,,,,,,53.67,51.77,55.46,,,,,,,,,,,,,10.33,8.81,11.91,,,,,,,,,,,,,,,,,,,8.83,7.41,10.17,,,,,,,9.62,8.3,11.26,,,,,,,,,
2024-04-09,,,,,,,,,,15.51,14.11,17.04,,,,,,,,,,,,,53.64,51.73,55.45,,,,,,,,,,,,,10.34,8.81,11.91,,,,,,,,,,,,,,,,,,,8.85,7.45,10.19,,,,,,,9.64,8.31,11.24,,,,,,,,,
2024-04-10,,,,,,,,,,15.5,14.12,17.01,,,,,,,,,,,,,53.6,51.69,55.42,,,,,,,,,,,,,10.35,8.81,11.92,,,,,,,,,,,,,,,,,,,8.86,7.49,10.19,,,,,,,9.66,8.35,11.26,,,,,,,,,
2024-04-11,,,,,,,,,,15.49,14.11,16.99,,,,,,,,,,,,,53.56,51.67,55.29,,,,,,,,,,,,,10.36,8.82,11.94,,,,,,,,,,,,,,,,,,,8.87,7.53,10.19,,,,,,,9.67,8.39,11.29,,,,16.0,55.0,12.0,,9.0,6.0
2024-04-12,,,,,,,,,,15.48,14.11,16.99,,,,,,,,,,,,,53.51,51.65,55.24,,,,,,,,,,,,,10.37,8.85,11.95,,,,,,,,,,,,,,,,,,,8.89,7.57,10.21,,,,,,,9.69,8.43,11.32,,,,,,,,,
2024-04-13,,,,,,,,,,15.47,14.12,16.96,,,,,,,,,,,,,53.46,51.63,55.19,,,,,,,,,,,,,10.39,8.88,11.97,,,,,,,,,,,,,,,,,,,8.9,7.61,10.26,,,,,,,9.71,8.43,11.33,,,,,,,,,
2024-04-14,,,,,,,,,,15.46,14.12,16.95,,,,,,,,,,,,,53.41,51.59,55.14,,,,,,,,,,,,,10.41,8.92,11.98,,,,,,,,,,,,,,,,,,,8.91,7.66,10.3,,,,,,,9.73,8.43,11.31,,,,,,,,,
2024-04-15,,,,,,,,,,15.46,14.13,16.93,,,,,,,,,,,,,53.36,51.54,55.09,,,,,,,,,,,,,10.42,8.95,12.0,,,,,,,,,,,,,,,,,,,8.93,7.7,10.34,,,,,,,9.74,8.46,11.33,,,,,,,,,
2024-04-16,,,,,,,,,,15.45,14.14,16.92,,,,,,,,,,,,,53.3,51.5,55.04,,,,,,,,,,,,,10.45,8.99,12.01,,,,,,,,,,,,,,,,,,,8.94,7.69,10.37,,,,,,,9.76,8.5,11.38,,,,,,,,,
2024-04-17,,,,,,,,,,15.45,14.15,16.91,,,,,,,,,,,,,53.24,51.44,54.97,,,,,,,,,,,,,10.47,9.03,12.03,,,,,,,,,,,,,,,,,,,8.95,7.7,10.37,,,,,,,9.78,8.5,11.36,,,,16.0,50.0,8.0,,13.0,12.0
2024-04-18,,,,,,,,,,15.44,14.16,16.89,,,,,,,,,,,,,53.18,51.35,54.91,,,,,,,,,,,,,10.49,9.07,12.04,,,,,,,,,,,,,,,,,,,8.96,7.74,10.35,,,,,,,9.8,8.48,11.37,,,,,,,,,
2024-04-19,,,,,,,,,,15.44,14.18,16.9,,,,,,,,,,,,,53.11,51.28,54.84,,,,,,,,,,,,,10.52,9.13,12.04,,,,,,,,,,,,,,,,,,,8.97,7.78,10.38,,,,,,,9.82,8.49,11.38,,,,,,,,,
2024-04-20,,,,,,,,,,15.44,14.19,16.9,,,,,,,,,,,,,53.04,51.24,54.8,,,,,,,,,,,,,10.54,9.21,12.04,,,,,,,,,,,,,,,,,,,8.98,7.81,10.39,,,,,,,9.84,8.53,11.4,,,,,,,,,
2024-04-21,,,,,,,,,,15.44,14.2,16.9,,,,,,,,,,,,,52.97,51.2,54.75,,,,,,,,,,,,,10.57,9.29,12.08,,,,,,,,,,,,,,,,,,,8.99,7.85,10.43,,,,,,,9.86,8.55,11.44,,,,,,,,,
2024-04-22,,,,,,,,,,15.44,14.2,16.9,,,,,,,,,,,,,52.9,51.13,54.68,,,,,,,,,,,,,10.6,9.34,12.08,,,,,,,,,,,,,,,,,,,9.0,7.88,10.43,,,,,,,9.88,8.53,11.47,,,,,,,,,
2024-04-23,,,,,,,,,,15.44,14.19,16.9,,,,,,,,,,,,,52.83,51.06,54.61,,,,,,,,,,,,,10.63,9.38,12.07,,,,,,,,,,,,,,,,,,,9.01,7.9,10.43,,,,,,,9.9,8.54,11.46,,,,,,,,,
2024-04-24,,,,,,,,,,15.44,14.18,16.9,,,,,,,,,,,,,52.76,51.01,54.54,,,,,,,,,,,,,10.66,9.42,12.07,,,,,,,,,,,,,,,,,,,9.02,7.94,10.42,,,,,,,9.92,8.57,11.48,,,,14.0,59.0,8.0,,7.0,8.0
2024-04-25,,,,,,,,,,15.44,14.16,16.9,,,,,,,,,,,,,52.68,50.93,54.47,,,,,,,,,,,,,10.69,9.47,12.07,,,,,,,,,,,,,,,,,,,9.03,7.94,10.4,,,,,,,9.94,8.56,11.56,,,,,,,,,
2024-04-26,,,,,,,,,,15.44,14.15,16.89,,,,,,,,,,,,,52.61,50.85,54.39,,,,,,,,,,,,,10.73,9.49,12.12,,,,,,,,,,,,,,,,,,,9.04,7.97,10.39,,,,,,,9.96,8.55,11.63,,,,,,,,,
2024-04-27,,,,,,,,,,15.44,14.13,16.88,,,,,,,,,,,,,52.53,50.77,54.35,,,,,,,,,,,,,10.76,9.56,12.13,,,,,,,,,,,,,,,,,,,9.05,7.97,10.37,,,,,,,9.98,8.58,11.68,,,,,,,,,
2024-04-28,,,,,,,,,,15.44,14.13,16.87,,,,,,,,,,,,,52.46,50.68,54.33,,,,,,,,,,,,,10.79,9.63,12.17,,,,,,,,,,,,,,,,,,,9.05,7.97,10.39,,,,,,,10.0,8.6,11.69,,,,,,,,,
2024-04-29,,,,,,,,,,15.45,14.17,16.89,,,,,,,,,,,,,52.38,50.6,54.29,,,,,,,,,,,,,10.83,9.66,12.2,,,,,,,,,,,,,,,,,,,9.06,7.97,10.4,,,,,,,10.01,8.67,11.7,,,,,,,,,
2024-04-30,,,,,,,,,,15.45,14.21,16.88,,,,,,,,,,,,,52.3,50.53,54.26,,,,,,,,,,,,,10.86,9.7,12.24,,,,,,,,,,,,,,,,,,,9.07,7.97,10.39,,,,,,,10.03,8.66,11.71,,,,,,,,,
2024-05-01,,,,,,,,,,15.45,14.24,16.87,,,,,,,,,,,,,52.23,50.45,54.19,,,,,,,,,,,,,10.9,9.76,12.26,,,,,,,,,,,,,,,,,,,9.07,7.97,10.39,,,,,,,10.05,8.68,11.71,,,,10.0,44.0,16.0,,12.0,14.0
2024-05-02,,,,,,,,,,15.45,14.24,16.86,,,,,,,,,,,,,52.15,50.37,54.1,,,,,,,,,,,,,10.93,9.84,12.3,,,,,,,,,,,,,,,,,,,9.08,7.97,10.39,,,,,,,10.07,8.71,11.72,,,,,,,,,
2024-05-03,,,,,,,,,,15.46,14.26,16.86,,,,,,,,,,,,,52.08,50.29,54.01,,,,,,,,,,,,,10.97,9.89,12.33,,,,,,,,,,,,,,,,,,,9.09,7.98,10.4,,,,,,,10.08,8.72,11.73,,,,,,,,,
2024-05-04,,,,,,,,,,15.46,14.26,16.86,,,,,,,,,,,,,52.01,50.22,53.93,,,,,,,,,,,,,11.0,9.89,12.35,,,,,,,,,,,,,,,,,,,9.09,7.98,10.42,,,,,,,10.1,8.73,11.76,,,,,,,,,
2024-05-05,,,,,,,,,,15.46,14.25,16.85,,,,,,,,,,,,,51.94,50.16,53.84,,,,,,,,,,,,,11.04,9.89,12.37,,,,,,,,,,,,,,,,,,,9.1,7.98,10.44,,,,,,,10.11,8.74,11.81,,,,,,,,,
2024-05-06,,,,,,,,,,15.46,14.25,16.83,,,,,,,,,,,,,51.86,50.08,53.77,,,,,,,,,,,,,11.07,9.93,12.43,,,,,,,,,,,,,,,,,,,9.1,7.99,10.46,,,,,,,10.13,8.75,11.8,,,,,,,,,
2024-05-07,,,,,,,,,,15.47,14.24,16.85,,,,,,,,,,,,,51.79,50.0,53.68,,,,,,,,,,,,,11.1,9.99,12.46,,,,,,,,,,,,,,,,,,,9.11,7.99,10.47,,,,,,,10.14,8.75,11.81,,,,,,,,,
2024-05-08,,,,,,,,,,15.47,14.24,16.86,,,,,,,,,,,,,51.72,49.92,53.59,,,,,,,,,,,,,11.14,10.03,12.5,,,,,,,,,,,,,,,,,,,9.12,8.0,10.48,,,,,,,10.16,8.76,11.84,,,,16.0,54.0,12.0,,7.0,9.0
2024-05-09,,,,,,,,,,15.47,14.25,16.87,,,,,,,,,,,,,51.66,49.84,53.51,,,,,,,,,,,,,11.17,10.06,12.53,,,,,,,,,,,,,,,,,,,9.12,8.0,10.48,,,,,,,10.17,8.78,11.85,,,,,,,,,
2024-05-10,,,,,,,,,,15.47,14.24,16.89,,,,,,,,,,,,,51.59,49.74,53.44,,,,,,,,,,,,,11.21,10.08,12.56,,,,,,,,,,,,,,,,,,,9.13,8.01,10.48,,,,,,,10.19,8.8,11.86,,,,,,,,,
2024-05-11,,,,,,,,,,15.48,14.23,16.9,,,,,,,,,,,,,51.53,49.65,53.39,,,,,,,,,,,,,11.24,10.11,12.6,,,,,,,,,,,,,,,,,,,9.13,8.01,10.49,,,,,,,10.2,8.81,11.86,,,,,,,,,
2024-05-12,,,,,,,,,,15.48,14.24,16.91,,,,,,,,,,,,,51.46,49.56,53.3,,,,,,,,,,,,,11.27,10.15,12.63,,,,,,,,,,,,,,,,,,,9.14,8.02,10.49,,,,,,,10.21,8.83,11.87,,,,,,,,,
2024-05-13,,,,,,,,,,15.48,14.26,16.92,,,,,,,,,,,,,51.4,49.47,53.25,,,,,,,,,,,,,11.3,10.2,12.66,,,,,,,,,,,,,,,,,,,9.14,8.02,10.49,,,,,,,10.22,8.84,11.88,,,,,,,,,
2024-05-14,,,,,,,,,,15.48,14.28,16.93,,,,,,,,,,,,,51.34,49.42,53.2,,,,,,,,,,,,,11.34,10.21,12.7,,,,,,,,,,,,,,,,,,,9.15,8.04,10.53,,,,,,,10.23,8.85,11.86,,,,,,,,,
2024-05-15,,,,,,,,,,15.48,14.3,16.94,,,,,,,,,,,,,51.28,49.36,53.15,,,,,,,,,,,,,11.37,10.22,12.73,,,,,,,,,,,,,,,,,,,9.15,8.08,10.56,,,,,,,10.25,8.86,11.86,,,,,,,,,
2024-05-16,,,,,,,,,,15.48,14.32,16.95,,,,,,,,,,,,,51.22,49.31,53.1,,,,,,,,,,,,,11.4,10.26,12.76,,,,,,,,,,,,,,,,,,,9.16,8.1,10.6,,,,,,,10.26,8.86,11.88,,,,15.0,58.0,10.0,,10.0,7.0
2024-05-17,,,,,,,,,,15.49,14.35,16.96,,,,,,,,,,,,,51.16,49.25,53.07,,,,,,,,,,,,,11.43,10.31,12.79,,,,,,,,,,,,,,,,,,,9.16,8.08,10.63,,,,,,,10.27,8.85,11.9,,,,,,,,,
2024-05-18,,,,,,,,,,15.49,14.34,16.98,,,,,,,,,,,,,51.11,49.18,53.0,,,,,,,,,,,,,11.46,10.34,12.82,,,,,,,,,,,,,,,,,,,9.17,8.06,10.66,,,,,,,10.28,8.83,11.91,,,,,,,,,
2024-05-19,,,,,,,,,,15.49,14.32,17.01,,,,,,,,,,,,,51.05,49.13,52.96,,,,,,,,,,,,,11.49,10.36,12.87,,,,,,,,,,,,,,,,,,,9.18,8.05,10.66,,,,,,,10.29,8.82,11.93,,,,,,,,,
2024-05-20,,,,,,,,,,15.49,14.33,17.03,,,,,,,,,,,,,51.0,49.08,52.92,,,,,,,,,,,,,11.52,10.38,12.92,,,,,,,,,,,,,,,,,,,9.18,8.04,10.65,,,,,,,10.3,8.81,11.96,,,,,,,,,
2024-05-21,,,,,,,,,,15.49,14.3,17.05,,,,,,,,,,,,,50.95,48.99,52.87,,,,,,,,,,,,,11.54,10.39,12.95,,,,,,,,,,,,,,,,,,,9.19,8.04,10.63,,,,,,,10.31,8.81,11.97,,,,,,,,,
2024-05-22,,,,,,,,,,15.49,14.29,17.07,,,,,,,,,,,,,50.9,48.93,52.83,,,,,,,,,,,,,11.57,10.4,12.97,,,,,,,,,,,,,,,,,,,9.19,8.05,10.62,,,,,,,10.32,8.81,11.99,,,,16.0,58.0,9.0,,9.0,7.0
2024-05-23,,,,,,,,,,15.49,14.3,17.08,,,,,,,,,,,,,50.85,48.87,52.8,,,,,,,,,,,,,11.6,10.41,12.99,,,,,,,,,,,,,,,,,,,9.19,8.07,10.61,,,,,,,10.33,8.82,12.01,,,,,,,,,
2024-05-24,,,,,,,,,,15.49,14.31,17.1,,,,,,,,,,,,,50.8,48.8,52.77,,,,,,,,,,,,,11.62,10.43,13.02,,,,,,,,,,,,,,,,,,,9.2,8.08,10.61,,,,,,,10.34,8.83,12.02,,,,17.0,50.0,13.0,,8.0,10.0
2024-05-25,,,,,,,,,,15.49,14.33,17.12,,,,,,,,,,,,,50.76,48.74,52.75,,,,,,,,,,,,,11.65,10.44,13.07,,,,,,,,,,,,,,,,,,,9.2,8.06,10.63,,,,,,,10.35,8.83,12.04,,,,,,,,,
2024-05-26,,,,,,,,,,15.5,14.34,17.15,,,,,,,,,,,,,50.71,48.67,52.72,,,,,,,,,,,,,11.67,10.46,13.11,,,,,,,,,,,,,,,,,,,9.21,8.05,10.63,,,,,,,10.36,8.84,12.05,,,,,,,,,
2024-05-27,,,,,,,,,,15.5,14.34,17.17,,,,,,,,,,,,,50.67,48.62,52.7,,,,,,,,,,,,,11.7,10.47,13.16,,,,,,,,,,,,,,,,,,,9.21,8.03,10.65,,,,,,,10.36,8.84,12.07,,,,,,,,,
2024-05-28,,,,,,,,,,15.5,14.33,17.19,,,,,,,,,,,,,50.62,48.56,52.68,,,,,,,,,,,,,11.72,10.48,13.2,,,,,,,,,,,,,,,,,,,9.21,8.03,10.66,,,,,,,10.37,8.85,12.08,,,,17.0,56.0,11.0,,10.0,5.0
2024-05-29,,,,,,,,,,15.5,14.31,17.2,,,,,,,,,,,,,50.58,48.5,52.65,,,,,,,,,,,,,11.74,10.5,13.24,,,,,,,,,,,,,,,,,,,9.21,8.05,10.68,,,,,,,10.38,8.86,12.09,,,,,,,,,
2024-05-30,,,,,,,,,,15.51,14.3,17.2,,,,,,,,,,,,,50.54,48.45,52.61,,,,,,,,,,,,,11.77,10.53,13.28,,,,,,,,,,,,,,,,,,,9.22,8.06,10.69,,,,,,,10.39,8.86,12.09,,,,14.0,58.0,7.0,,9.0,12.0
2024-05-31,,,,,,,,,,15.51,14.31,17.2,,,,,,,,,,,,,50.5,48.41,52.58,,,,,,,,,,,,,11.79,10.56,13.32,,,,,,,,,,,,,,,,,,,9.22,8.07,10.7,,,,,,,10.4,8.88,12.11,,,,,,,,,
2024-06-01,,,,,,,,,,15.51,14.3,17.21,,,,,,,,,,,,,50.46,48.37,52.54,,,,,,,,,,,,,11.81,10.57,13.36,,,,,,,,,,,,,,,,,,,9.22,8.07,10.72,,,,,,,10.41,8.89,12.13,,,,,,,,,
2024-06-02,,,,,,,,,,15.52,14.29,17.21,,,,,,,,,,,,,50.42,48.34,52.5,,,,,,,,,,,,,11.83,10.57,13.4,,,,,,,,,,,,,,,,,,,9.22,8.04,10.75,,,,,,,10.42,8.9,12.14,,,,,,,,,
2024-06-03,,,,,,,,,,15.52,14.28,17.22,,,,,,,,,,,,,50.38,48.31,52.47,,,,,,,,,,,,,11.85,10.56,13.43,,,,,,,,,,,,,,,,,,,9.22,8.01,10.74,,,,,,,10.43,8.91,12.16,,,,,,,,,
2024-06-04,,,,,,,,,,15.53,14.27,17.23,,,,,,,,,,,,,50.35,48.28,52.43,,,,,,,,,,,,,11.87,10.56,13.47,,,,,,,,,,,,,,,,,,,9.22,7.98,10.74,,,,,,,10.44,8.92,12.17,,,,16.0,47.0,10.0,,11.0,12.0
2024-06-05,,,,,,,,,,15.53,14.26,17.23,,,,,,,,,,,,,50.31,48.25,52.4,,,,,,,,,,,,,11.88,10.56,13.5,,,,,,,,,,,,,,,,,,,9.22,7.95,10.74,,,,,,,10.45,8.93,12.2,,,,,,,,,
2024-06-06,,,,,,,,,,15.54,14.25,17.26,,,,,,,,,,,,,50.28,48.21,52.36,,,,,,,,,,,,,11.9,10.58,13.53,,,,,,,,,,,,,,,,,,,9.22,7.92,10.73,,,,,,,10.46,8.93,12.23,,,,14.0,51.0,9.0,,7.0,12.0
2024-06-07,,,,,,,,,,15.54,14.26,17.26,,,,,,,,,,,,,50.24,48.17,52.32,,,,,,,,,,,,,11.92,10.59,13.56,,,,,,,,,,,,,,,,,,,9.22,7.89,10.73,,,,,,,10.47,8.93,12.24,,,,,,,,,
2024-06-08,,,,,,,,,,15.55,14.28,17.27,,,,,,,,,,,,,50.21,48.14,52.26,,,,,,,,,,,,,11.93,10.61,13.59,,,,,,,,,,,,,,,,,,,9.22,7.85,10.74,,,,,,,10.48,8.91,12.26,,,,,,,,,
2024-06-09,,,,,,,,,,15.56,14.27,17.28,,,,,,,,,,,,,50.17,48.12,52.22,,,,,,,,,,,,,11.95,10.64,13.61,,,,,,,,,,,,,,,,,,,9.22,7.83,10.74,,,,,,,10.49,8.88,12.27,,,,,,,,,
2024-06-10,,,,,,,,,,15.57,14.25,17.29,,,,,,,,,,,,,50.14,48.08,52.19,,,,,,,,,,,,,11.96,10.63,13.64,,,,,,,,,,,,,,,,,,,9.22,7.83,10.74,,,,,,,10.5,8.85,12.28,,,,,,,,,
2024-06-11,,,,,,,,,,15.57,14.25,17.3,,,,,,,,,,,,,50.1,48.04,52.19,,,,,,,,,,,,,11.98,10.63,13.67,,,,,,,,,,,,,,,,,,,9.22,7.8,10.74,,,,,,,10.51,8.83,12.29,,,,11.0,51.0,16.0,,5.0,14.0
2024-06-12,,,,,,,,,,15.58,14.24,17.31,,,,,,,,,,,,,50.07,47.98,52.15,,,,,,,,,,,,,11.99,10.64,13.7,,,,,,,,,,,,,,,,,,,9.21,7.77,10.74,,,,,,,10.52,8.82,12.3,,,,,,,,,
2024-06-13,,,,,,,,,,15.59,14.23,17.32,,,,,,,,,,,,,50.03,47.92,52.12,,,,,,,,,,,,,12.0,10.64,13.72,,,,,,,,,,,,,,,,,,,9.21,7.74,10.74,,,,,,,10.53,8.82,12.3,,,,13.0,47.0,11.0,,12.0,14.0
2024-06-14,,,,,,,,,,15.6,14.23,17.33,,,,,,,,,,,,,50.0,47.84,52.09,,,,,,,,,,,,,12.02,10.65,13.75,,,,,,,,,,,,,,,,,,,9.21,7.72,10.76,,,,,,,10.54,8.82,12.32,,,,,,,,,
2024-06-15,,,,,,,,,,15.61,14.23,17.34,,,,,,,,,,,,,49.96,47.81,52.06,,,,,,,,,,,,,12.03,10.65,13.75,,,,,,,,,,,,,,,,,,,9.21,7.7,10.8,,,,,,,10.55,8.82,12.33,,,,,,,,,
2024-06-16,,,,,,,,,,15.62,14.23,17.36,,,,,,,,,,,,,49.93,47.78,52.02,,,,,,,,,,,,,12.04,10.65,13.75,,,,,,,,,,,,,,,,,,,9.2,7.69,10.81,,,,,,,10.56,8.82,12.35,,,,,,,,,
2024-06-17,,,,,,,,,,15.63,14.23,17.37,,,,,,,,,,,,,49.89,47.71,51.98,,,,,,,,,,,,,12.05,10.64,13.78,,,,,,,,,,,,,,,,,,,9.2,7.67,10.82,,,,,,,10.57,8.81,12.37,,,,,,,,,
2024-06-18,,,,,,,,,,15.64,14.24,17.38,,,,,,,,,,,,,49.85,47.66,51.95,,,,,,,,,,,,,12.07,10.64,13.8,,,,,,,,,,,,,,,,,,,9.2,7.65,10.82,,,,,,,10.58,8.79,12.4,,,,19.0,45.0,13.0,,13.0,8.0
2024-06-19,,,,,,,,,,15.65,14.24,17.4,,,,,,,,,,,,,49.81,47.61,51.92,,,,,,,,,,,,,12.08,10.64,13.81,,,,,,,,,,,,,,,,,,,9.19,7.63,10.83,,,,,,,10.59,8.77,12.41,,,,,,,,,
2024-06-20,,,,,,,,,,15.67,14.24,17.41,,,,,,,,,,,,,49.77,47.56,51.89,,,,,,,,,,,,,12.09,10.64,13.82,,,,,,,,,,,,,,,,,,,9.19,7.63,10.84,,,,,,,10.6,8.76,12.43,,,,19.0,41.0,17.0,,9.0,12.0
2024-06-21,,,,,,,,,,15.68,14.22,17.43,,,,,,,,,,,,,49.73,47.5,51.85,,,,,,,,,,,,,12.11,10.63,13.85,,,,,,,,,,,,,,,,,,,9.19,7.61,10.85,,,,,,,10.62,8.74,12.46,,,,,,,,,
2024-06-22,,,,,,,,,,15.69,14.2,17.46,,,,,,,,,,,,,49.69,47.45,51.81,,,,,,,,,,,,,12.12,10.62,13.88,,,,,,,,,,,,,,,,,,,9.19,7.57,10.86,,,,,,,10.63,8.75,12.48,,,,,,,,,
2024-06-23,,,,,,,,,,15.7,14.18,17.5,,,,,,,,,,,,,49.65,47.4,51.78,,,,,,,,,,,,,12.14,10.62,13.91,,,,,,,,,,,,,,,,,,,9.19,7.56,10.87,,,,,,,10.64,8.75,12.5,,,,,,,,,
2024-06-24,,,,,,,,,,15.72,14.16,17.53,,,,,,,,,,,,,49.6,47.35,51.74,,,,,,,,,,,,,12.15,10.63,13.94,,,,,,,,,,,,,,,,,,,9.19,7.54,10.88,,,,,,,10.65,8.75,12.53,,,,,,,,,
2024-06-25,,,,,,,,,,15.73,14.14,17.57,,,,,,,,,,,,,49.55,47.29,51.7,,,,,,,,,,,,,12.17,10.64,13.98,,,,,,,,,,,,,,,,,,,9.18,7.52,10.89,,,,,,,10.67,8.74,12.55,,,,16.0,45.0,17.0,,9.0,12.0
2024-06-26,,,,,,,,,,15.74,14.12,17.6,,,,,,,,,,,,,49.5,47.24,51.65,,,,,,,,,,,,,12.18,10.65,14.02,,,,,,,,,,,,,,,,,,,9.18,7.51,10.91,,,,,,,10.68,8.72,12.58,,,,,,,,,
2024-06-27,,,,,,,,,,15.76,14.11,17.62,,,,,,,,,,,,,49.45,47.19,51.6,,,,,,,,,,,,,12.2,10.66,14.07,,,,,,,,,,,,,,,,,,,9.18,7.51,10.92,,,,,,,10.69,8.72,12.6,,,,16.0,43.0,14.0,,8.0,13.0
2024-06-28,,,,,,,,,,15.77,14.11,17.63,,,,,,,,,,,,,49.4,47.14,51.55,,,,,,,,,,,,,12.22,10.67,14.07,,,,,,,,,,,,,,,,,,,9.18,7.52,10.94,,,,,,,10.71,8.7,12.63,,,,,,,,,
2024-06-29,,,,,,,,,,15.79,14.1,17.65,,,,,,,,,,,,,49.34,47.08,51.49,,,,,,,,,,,,,12.24,10.68,14.1,,,,,,,,,,,,,,,,,,,9.18,7.53,10.94,,,,,,,10.72,8.71,12.66,,,,,,,,,
2024-06-30,,,,,,,,,,15.8,14.1,17.66,,,,,,,,,,,,,49.29,46.97,51.45,,,,,,,,,,,,,12.25,10.68,14.13,,,,,,,,,,,,,,,,,,,9.18,7.53,10.93,,,,,,,10.74,8.73,12.68,,,,,,,,,
2024-07-01,,,,,,,,,,15.81,14.1,17.67,,,,,,,,,,,,,49.23,46.89,51.4,,,,,,,,,,,,,12.27,10.69,14.17,,,,,,,,,,,,,,,,,,,9.18,7.52,10.95,,,,,,,10.75,8.77,12.69,,,,,,,,,
2024-07-02,,,,,,,,,,15.83,14.09,17.66,,,,,,,,,,,,,49.17,46.82,51.36,,,,,,,,,,,,,12.29,10.7,14.2,,,,,,,,,,,,,,,,,,,9.19,7.47,10.97,,,,,,,10.77,8.79,12.71,,,,,,,,,
2024-07-03,,,,,,,,,,15.84,14.09,17.65,,,,,,,,,,,,,49.11,46.76,51.31,,,,,,,,,,,,,12.31,10.71,14.23,,,,,,,,,,,,,,,,,,,9.19,7.41,10.99,,,,,,,10.79,8.79,12.72,,,,19.0,48.0,11.0,,9.0,9.0
2024-07-04,,,,,,,,,,,,,18.57,15.12,22.2,,,,,,,,,,,,,43.44,40.17,46.68,,,,,,,,,,,,,11.7,8.45,14.92,,,,,,,,,,,,,,,,,,,10.15,6.59,13.45,,,,,,,10.12,6.64,13.51,21.0,43.0,11.0,,10.0,9.0
2024-07-05,,,,,,,,,,,,,18.58,15.11,22.18,,,,,,,,,,,,,43.43,40.21,46.65,,,,,,,,,,,,,11.71,8.47,14.92,,,,,,,,,,,,,,,,,,,10.13,6.49,13.42,,,,,,,10.13,6.71,13.52,,,,,,
2024-07-06,,,,,,,,,,,,,18.59,15.1,22.17,,,,,,,,,,,,,43.41,40.15,46.62,,,,,,,,,,,,,11.71,8.5,14.85,,,,,,,,,,,,,,,,,,,10.11,6.36,13.39,,,,,,,10.14,6.79,13.54,,,,,,
2024-07-07,,,,,,,,,,,,,18.6,15.14,22.16,,,,,,,,,,,,,43.39,40.11,46.57,,,,,,,,,,,,,11.72,8.52,14.79,,,,,,,,,,,,,,,,,,,10.09,6.25,13.37,,,,,,,10.16,6.86,13.55,,,,,,
2024-07-08,,,,,,,,,,,,,18.61,15.17,22.15,,,,,,,,,,,,,43.36,40.09,46.53,,,,,,,,,,,,,11.73,8.54,14.77,,,,,,,,,,,,,,,,,,,10.07,6.24,13.35,,,,,,,10.17,6.98,13.56,,,,,,
2024-07-09,,,,,,,,,,,,,18.62,15.22,22.13,,,,,,,,,,,,,43.34,40.06,46.49,,,,,,,,,,,,,11.73,8.57,14.75,,,,,,,,,,,,,,,,,,,10.04,6.23,13.33,,,,,,,10.18,7.11,13.57,,,,,,
2024-07-10,,,,,,,,,,,,,18.63,15.27,22.12,,,,,,,,,,,,,43.31,40.07,46.43,,,,,,,,,,,,,11.74,8.61,14.73,,,,,,,,,,,,,,,,,,,10.02,6.24,13.3,,,,,,,10.19,7.15,13.53,,,,,,
2024-07-11,,,,,,,,,,,,,18.65,15.32,22.11,,,,,,,,,,,,,43.29,40.01,46.41,,,,,,,,,,,,,11.75,8.65,14.75,,,,,,,,,,,,,,,,,,,10.0,6.25,13.28,,,,,,,10.21,7.23,13.49,,,,,,
2024-07-12,,,,,,,,,,,,,18.66,15.4,22.1,,,,,,,,,,,,,43.26,39.95,46.36,,,,,,,,,,,,,11.76,8.69,14.74,,,,,,,,,,,,,,,,,,,9.97,6.26,13.26,,,,,,,10.22,7.28,13.45,,,,,,
2024-07-13,,,,,,,,,,,,,18.68,15.49,22.09,,,,,,,,,,,,,43.23,39.93,46.31,,,,,,,,,,,,,11.77,8.74,14.74,,,,,,,,,,,,,,,,,,,9.95,6.34,13.24,,,,,,,10.23,7.37,13.43,,,,,,
2024-07-14,,,,,,,,,,,,,18.7,15.67,22.08,,,,,,,,,,,,,43.2,39.89,46.26,,,,,,,,,,,,,11.78,8.79,14.69,,,,,,,,,,,,,,,,,,,9.92,6.45,13.22,,,,,,,10.24,7.45,13.42,,,,,,
2024-07-15,,,,,,,,,,,,,18.71,15.72,22.06,,,,,,,,,,,,,43.17,39.88,46.21,,,,,,,,,,,,,11.79,8.84,14.64,,,,,,,,,,,,,,,,,,,9.89,6.41,13.2,,,,,,,10.26,7.54,13.41,,,,,,
2024-07-16,,,,,,,,,,,,,18.73,15.75,22.05,,,,,,,,,,,,,43.14,39.86,46.17,,,,,,,,,,,,,11.8,8.89,14.63,,,,,,,,,,,,,,,,,,,9.87,6.38,13.18,,,,,,,10.27,7.63,13.39,,,,,,
2024-07-17,,,,,,,,,,,,,18.75,15.79,22.04,,,,,,,,,,,,,43.11,39.85,46.12,,,,,,,,,,,,,11.81,8.94,14.61,,,,,,,,,,,,,,,,,,,9.84,6.35,13.17,,,,,,,10.28,7.68,13.38,,,,,,
2024-07-18,,,,,,,,,,,,,18.76,15.86,22.03,,,,,,,,,,,,,43.08,39.83,46.07,,,,,,,,,,,,,11.82,8.99,14.6,,,,,,,,,,,,,,,,,,,9.81,6.31,13.15,,,,,,,10.29,7.72,13.32,,,,,,
2024-07-19,,,,,,,,,,,,,18.78,15.9,22.03,,,,,,,,,,,,,43.04,39.82,46.02,,,,,,,,,,,,,11.83,9.04,14.58,,,,,,,,,,,,,,,,,,,9.78,6.33,13.14,,,,,,,10.31,7.76,13.25,,,,,,
2024-07-20,,,,,,,,,,,,,18.79,16.02,22.03,,,,,,,,,,,,,43.01,39.76,45.96,,,,,,,,,,,,,11.84,9.08,14.56,,,,,,,,,,,,,,,,,,,9.76,6.35,13.07,,,,,,,10.32,7.81,13.18,,,,,,
2024-07-21,,,,,,,,,,,,,18.81,16.13,22.03,,,,,,,,,,,,,42.97,39.67,45.91,,,,,,,,,,,,,11.85,9.07,14.54,,,,,,,,,,,,,,,,,,,9.73,6.38,12.97,,,,,,,10.33,7.85,13.12,,,,,,
2024-07-22,,,,,,,,,,,,,18.83,16.21,22.03,,,,,,,,,,,,,42.94,39.6,45.85,,,,,,,,,,,,,11.85,9.08,14.52,,,,,,,,,,,,,,,,,,,9.7,6.4,12.88,,,,,,,10.35,7.85,13.1,,,,,,
2024-07-23,,,,,,,,,,,,,18.84,16.27,22.03,,,,,,,,,,,,,42.9,39.51,45.8,,,,,,,,,,,,,11.86,9.15,14.52,,,,,,,,,,,,,,,,,,,9.68,6.43,12.78,,,,,,,10.36,7.88,13.11,19.0,46.0,11.0,,7.0,9.0
2024-07-24,,,,,,,,,,,,,18.86,16.32,21.97,,,,,,,,,,,,,42.87,39.44,45.75,,,,,,,,,,,,,11.87,9.22,14.54,,,,,,,,,,,,,,,,,,,9.65,6.45,12.69,,,,,,,10.37,7.95,13.13,,,,,,
2024-07-25,,,,,,,,,,,,,18.88,16.37,21.97,,,,,,,,,,,,,42.83,39.37,45.69,,,,,,,,,,,,,11.88,9.29,14.51,,,,,,,,,,,,,,,,,,,9.62,6.46,12.67,,,,,,,10.39,8.02,13.14,,,,,,
2024-07-26,,,,,,,,,,,,,18.91,16.42,21.97,,,,,,,,,,,,,42.79,39.36,45.64,,,,,,,,,,,,,11.89,9.36,14.48,,,,,,,,,,,,,,,,,,,9.59,6.49,12.64,,,,,,,10.4,8.1,13.15,19.0,42.0,13.0,,14.0,9.0
2024-07-27,,,,,,,,,,,,,18.93,16.48,21.98,,,,,,,,,,,,,42.75,39.34,45.58,,,,,,,,,,,,,11.89,9.4,14.47,,,,,,,,,,,,,,,,,,,9.56,6.5,12.62,,,,,,,10.42,8.14,13.11,,,,,,
2024-07-28,,,,,,,,,,,,,18.96,16.54,21.99,,,,,,,,,,,,,42.71,39.33,45.59,,,,,,,,,,,,,11.9,9.41,14.42,,,,,,,,,,,,,,,,,,,9.54,6.53,12.59,,,,,,,10.43,8.17,13.1,,,,,,
2024-07-29,,,,,,,,,,,,,18.98,16.6,22.01,,,,,,,,,,,,,42.68,39.32,45.59,,,,,,,,,,,,,11.9,9.43,14.41,,,,,,,,,,,,,,,,,,,9.51,6.55,12.56,,,,,,,10.45,8.23,13.05,,,,,,
2024-07-30,,,,,,,,,,,,,19.01,16.67,22.02,,,,,,,,,,,,,42.64,39.38,45.58,,,,,,,,,,,,,11.91,9.48,14.4,,,,,,,,,,,,,,,,,,,9.48,6.57,12.5,,,,,,,10.47,8.27,13.01,16.0,42.0,13.0,,13.0,12.0
2024-07-31,,,,,,,,,,,,,19.04,16.73,22.03,,,,,,,,,,,,,42.6,39.42,45.52,,,,,,,,,,,,,11.91,9.52,14.39,,,,,,,,,,,,,,,,,,,9.45,6.61,12.38,,,,,,,10.48,8.31,13.03,,,,,,
2024-08-01,,,,,,,,,,,,,19.07,16.8,22.07,,,,,,,,,,,,,42.55,39.37,45.39,,,,,,,,,,,,,11.92,9.56,14.38,,,,,,,,,,,,,,,,,,,9.42,6.66,12.34,,,,,,,10.5,8.36,13.05,,,,,,
2024-08-02,,,,,,,,,,,,,19.11,16.88,22.08,,,,,,,,,,,,,42.51,39.29,45.34,,,,,,,,,,,,,11.92,9.58,14.36,,,,,,,,,,,,,,,,,,,9.4,6.68,12.33,,,,,,,10.52,8.41,13.07,,,,,,
2024-08-03,,,,,,,,,,,,,19.14,16.92,22.06,,,,,,,,,,,,,42.47,39.25,45.21,,,,,,,,,,,,,11.92,9.61,14.35,,,,,,,,,,,,,,,,,,,9.37,6.7,12.26,,,,,,,10.54,8.45,13.09,,,,,,
2024-08-04,,,,,,,,,,,,,19.17,16.94,22.05,,,,,,,,,,,,,42.43,39.23,45.16,,,,,,,,,,,,,11.92,9.65,14.33,,,,,,,,,,,,,,,,,,,9.34,6.72,12.2,,,,,,,10.56,8.51,13.11,18.0,44.0,11.0,,8.0,11.0
2024-08-05,,,,,,,,,,,,,19.21,16.97,22.04,,,,,,,,,,,,,42.39,39.22,45.1,,,,,,,,,,,,,11.93,9.69,14.29,,,,,,,,,,,,,,,,,,,9.31,6.74,12.12,,,,,,,10.58,8.53,13.12,,,,,,
2024-08-06,,,,,,,,,,,,,19.25,17.05,22.05,,,,,,,,,,,,,42.35,39.21,45.05,,,,,,,,,,,,,11.93,9.74,14.27,,,,,,,,,,,,,,,,,,,9.28,6.76,12.05,,,,,,,10.6,8.57,13.14,,,,,,
2024-08-07,,,,,,,,,,,,,19.28,17.13,22.12,,,,,,,,,,,,,42.3,39.17,44.99,,,,,,,,,,,,,11.93,9.78,14.24,,,,,,,,,,,,,,,,,,,9.26,6.79,11.98,,,,,,,10.63,8.61,13.16,,,,,,
2024-08-08,,,,,,,,,,,,,19.32,17.15,22.21,,,,,,,,,,,,,42.26,39.14,44.97,,,,,,,,,,,,,11.93,9.82,14.21,,,,,,,,,,,,,,,,,,,9.23,6.82,11.9,,,,,,,10.65,8.65,13.18,,,,,,
2024-08-09,,,,,,,,,,,,,19.35,17.17,22.24,,,,,,,,,,,,,42.22,39.16,44.95,,,,,,,,,,,,,11.92,9.86,14.19,,,,,,,,,,,,,,,,,,,9.2,6.84,11.83,,,,,,,10.68,8.69,13.18,,,,,,
2024-08-10,,,,,,,,,,,,,19.39,17.17,22.24,,,,,,,,,,,,,42.18,39.15,44.91,,,,,,,,,,,,,11.92,9.88,14.19,,,,,,,,,,,,,,,,,,,9.17,6.83,11.76,,,,,,,10.7,8.73,13.18,,,,,,
2024-08-11,,,,,,,,,,,,,19.43,17.24,22.27,,,,,,,,,,,,,42.14,39.14,44.84,,,,,,,,,,,,,11.92,9.88,14.21,,,,,,,,,,,,,,,,,,,9.15,6.78,11.72,,,,,,,10.72,8.8,13.18,,,,,,
2024-08-12,,,,,,,,,,,,,19.46,17.3,22.29,,,,,,,,,,,,,42.1,39.13,44.76,,,,,,,,,,,,,11.92,9.87,14.17,,,,,,,,,,,,,,,,,,,9.12,6.78,11.67,,,,,,,10.75,8.82,13.17,,,,,,
2024-08-13,,,,,,,,,,,,,19.5,17.34,22.37,,,,,,,,,,,,,42.06,39.11,44.71,,,,,,,,,,,,,11.92,9.88,14.09,,,,,,,,,,,,,,,,,,,9.09,6.79,11.59,,,,,,,10.77,8.86,13.18,,,,,,
2024-08-14,,,,,,,,,,,,,19.53,17.36,22.33,,,,,,,,,,,,,42.02,39.09,44.67,,,,,,,,,,,,,11.91,9.93,14.02,,,,,,,,,,,,,,,,,,,9.07,6.8,11.53,,,,,,,10.8,8.89,13.18,,,,,,
2024-08-15,,,,,,,,,,,,,19.57,17.39,22.3,,,,,,,,,,,,,41.98,39.09,44.56,,,,,,,,,,,,,11.91,9.98,13.98,,,,,,,,,,,,,,,,,,,9.04,6.77,11.45,,,,,,,10.83,8.94,13.17,17.0,45.0,11.0,,9.0,11.0
2024-08-16,,,,,,,,,,,,,19.6,17.42,22.31,,,,,,,,,,,,,41.94,39.06,44.53,,,,,,,,,,,,,11.91,9.95,13.94,,,,,,,,,,,,,,,,,,,9.02,6.74,11.38,,,,,,,10.85,8.98,13.17,,,,,,
2024-08-17,,,,,,,,,,,,,19.64,17.44,22.31,,,,,,,,,,,,,41.9,39.03,44.53,,,,,,,,,,,,,11.9,9.91,13.91,,,,,,,,,,,,,,,,,,,8.99,6.72,11.32,,,,,,,10.88,9.02,13.17,,,,,,
2024-08-18,,,,,,,,,,,,,19.67,17.47,22.32,,,,,,,,,,,,,41.87,39.0,44.52,,,,,,,,,,,,,11.9,9.9,13.87,,,,,,,,,,,,,,,,,,,8.97,6.71,11.25,,,,,,,10.91,9.07,13.19,,,,,,
2024-08-19,,,,,,,,,,,,,19.71,17.46,22.34,,,,,,,,,,,,,41.83,38.96,44.48,,,,,,,,,,,,,11.9,9.99,13.82,,,,,,,,,,,,,,,,,,,8.94,6.67,11.2,,,,,,,10.94,9.11,13.18,,,,,,
2024-08-20,,,,,,,,,,,,,19.74,17.44,22.36,,,,,,,,,,,,,41.79,38.93,44.44,,,,,,,,,,,,,11.89,10.08,13.8,,,,,,,,,,,,,,,,,,,8.92,6.65,11.16,,,,,,,10.97,9.16,13.18,,,,,,
2024-08-21,,,,,,,,,,,,,19.77,17.43,22.38,,,,,,,,,,,,,41.75,38.89,44.4,,,,,,,,,,,,,11.89,10.05,13.77,,,,,,,,,,,,,,,,,,,8.89,6.63,11.15,,,,,,,11.0,9.2,13.19,,,,,,
2024-08-22,,,,,,,,,,,,,19.81,17.41,22.42,,,,,,,,,,,,,41.71,38.95,44.36,,,,,,,,,,,,,11.89,10.02,13.8,,,,,,,,,,,,,,,,,,,8.87,6.61,11.12,,,,,,,11.03,9.25,13.2,,,,,,
2024-08-23,,,,,,,,,,,,,19.84,17.4,22.44,,,,,,,,,,,,,41.67,38.9,44.32,,,,,,,,,,,,,11.88,9.99,13.83,,,,,,,,,,,,,,,,,,,8.84,6.58,11.1,,,,,,,11.06,9.27,13.21,,,,,,
2024-08-24,,,,,,,,,,,,,19.87,17.38,22.47,,,,,,,,,,,,,41.63,38.85,44.27,,,,,,,,,,,,,11.88,9.97,13.87,,,,,,,,,,,,,,,,,,,8.82,6.59,11.02,,,,,,,11.1,9.28,13.22,,,,,,
2024-08-25,,,,,,,,,,,,,19.91,17.37,22.5,,,,,,,,,,,,,41.59,38.8,44.22,,,,,,,,,,,,,11.88,9.95,13.9,,,,,,,,,,,,,,,,,,,8.8,6.64,10.98,,,,,,,11.14,9.33,13.22,,,,,,
2024-08-26,,,,,,,,,,,,,19.94,17.38,22.53,,,,,,,,,,,,,41.55,38.76,44.18,,,,,,,,,,,,,11.87,9.95,13.94,,,,,,,,,,,,,,,,,,,8.77,6.67,10.97,,,,,,,11.17,9.38,13.19,,,,,,
2024-08-27,,,,,,,,,,,,,19.97,17.38,22.6,,,,,,,,,,,,,41.51,38.72,44.14,,,,,,,,,,,,,11.87,9.98,13.98,,,,,,,,,,,,,,,,,,,8.75,6.66,10.95,,,,,,,11.21,9.42,13.17,,,,,,
2024-08-28,,,,,,,,,,,,,20.01,17.38,22.7,,,,,,,,,,,,,41.47,38.68,44.08,,,,,,,,,,,,,11.87,10.01,14.01,,,,,,,,,,,,,,,,,,,8.73,6.65,10.94,,,,,,,11.25,9.43,13.16,,,,,,
2024-08-29,,,,,,,,,,,,,20.04,17.39,22.77,,,,,,,,,,,,,41.43,38.66,44.03,,,,,,,,,,,,,11.87,10.02,14.04,,,,,,,,,,,,,,,,,,,8.71,6.67,10.92,,,,,,,11.29,9.45,13.14,,,,,,
2024-08-30,,,,,,,,,,,,,20.07,17.39,22.83,,,,,,,,,,,,,41.39,38.65,43.97,,,,,,,,,,,,,11.86,10.0,14.07,,,,,,,,,,,,,,,,,,,8.69,6.69,10.92,,,,,,,11.33,9.53,13.16,,,,,,
2024-08-31,,,,,,,,,,,,,20.1,17.38,22.85,,,,,,,,,,,,,41.35,38.64,43.87,,,,,,,,,,,,,11.86,10.0,14.01,,,,,,,,,,,,,,,,,,,8.66,6.71,10.91,,,,,,,11.38,9.58,13.17,,,,,,
2024-09-01,,,,,,,,,,,,,20.14,17.38,22.87,,,,,,,,,,,,,41.31,38.64,43.73,,,,,,,,,,,,,11.86,10.0,13.93,,,,,,,,,,,,,,,,,,,8.64,6.71,10.91,,,,,,,11.42,9.61,13.2,20.0,41.0,11.0,,9.0,11.0
2024-09-02,,,,,,,,,,,,,20.17,17.39,22.88,,,,,,,,,,,,,41.27,38.63,43.7,,,,,,,,,,,,,11.86,10.0,13.85,,,,,,,,,,,,,,,,,,,8.62,6.69,10.92,,,,,,,11.47,9.62,13.27,,,,,,
2024-09-03,,,,,,,,,,,,,20.2,17.39,22.94,,,,,,,,,,,,,41.23,38.62,43.69,,,,,,,,,,,,,11.85,10.0,13.78,,,,,,,,,,,,,,,,,,,8.6,6.69,10.92,,,,,,,11.51,9.64,13.33,,,,,,
2024-09-04,,,,,,,,,,,,,20.23,17.39,23.02,,,,,,,,,,,,,41.19,38.62,43.62,,,,,,,,,,,,,11.85,10.01,13.79,,,,,,,,,,,,,,,,,,,8.58,6.66,10.83,,,,,,,11.56,9.68,13.39,,,,,,
2024-09-05,,,,,,,,,,,,,20.27,17.4,22.99,,,,,,,,,,,,,41.14,38.62,43.56,,,,,,,,,,,,,11.85,10.0,13.79,,,,,,,,,,,,,,,,,,,8.56,6.64,10.83,,,,,,,11.61,9.72,13.46,,,,,,
2024-09-06,,,,,,,,,,,,,20.3,17.44,23.04,,,,,,,,,,,,,41.1,38.57,43.48,,,,,,,,,,,,,11.84,9.99,13.79,,,,,,,,,,,,,,,,,,,8.54,6.61,10.79,,,,,,,11.66,9.76,13.52,,,,,,
2024-09-07,,,,,,,,,,,,,20.34,17.54,23.08,,,,,,,,,,,,,41.06,38.52,43.45,,,,,,,,,,,,,11.84,9.99,13.8,,,,,,,,,,,,,,,,,,,8.52,6.59,10.73,,,,,,,11.71,9.81,13.62,,,,,,
2024-09-08,,,,,,,,,,,,,20.37,17.6,23.13,,,,,,,,,,,,,41.01,38.51,43.42,,,,,,,,,,,,,11.84,9.98,13.81,,,,,,,,,,,,,,,,,,,8.5,6.56,10.74,,,,,,,11.76,9.85,13.7,,,,,,
2024-09-09,,,,,,,,,,,,,20.41,17.63,23.15,,,,,,,,,,,,,40.97,38.5,43.39,,,,,,,,,,,,,11.83,9.93,13.79,,,,,,,,,,,,,,,,,,,8.48,6.53,10.68,,,,,,,11.81,9.86,13.74,,,,,,
2024-09-10,,,,,,,,,,,,,20.44,17.66,23.14,,,,,,,,,,,,,40.92,38.45,43.36,,,,,,,,,,,,,11.82,9.9,13.78,,,,,,,,,,,,,,,,,,,8.47,6.51,10.66,,,,,,,11.86,9.88,13.87,,,,,,
2024-09-11,,,,,,,,,,,,,20.48,17.67,23.13,,,,,,,,,,,,,40.88,38.38,43.31,,,,,,,,,,,,,11.82,9.88,13.77,,,,,,,,,,,,,,,,,,,8.45,6.49,10.66,,,,,,,11.92,9.9,13.89,17.0,45.0,13.0,,8.0,10.0
2024-09-12,,,,,,,,,,,,,20.51,17.69,23.15,,,,,,,,,,,,,40.83,38.29,43.25,,,,,,,,,,,,,11.81,9.84,13.76,,,,,,,,,,,,,,,,,,,8.43,6.46,10.65,,,,,,,11.97,9.98,13.87,27.0,34.0,15.0,,6.0,12.0
2024-09-13,,,,,,,,,,,,,20.55,17.74,23.18,,,,,,,,,,,,,40.79,38.25,43.14,,,,,,,,,,,,,11.8,9.84,13.75,,,,,,,,,,,,,,,,,,,8.41,6.45,10.6,,,,,,,12.03,10.05,13.85,,,,,,
2024-09-14,,,,,,,,,,,,,20.59,17.77,23.21,,,,,,,,,,,,,40.74,38.21,43.04,,,,,,,,,,,,,11.8,9.82,13.73,,,,,,,,,,,,,,,,,,,8.39,6.43,10.53,,,,,,,12.08,10.09,13.87,,,,,,
2024-09-15,,,,,,,,,,,,,20.63,17.8,23.24,,,,,,,,,,,,,40.7,38.17,43.02,,,,,,,,,,,,,11.79,9.8,13.7,,,,,,,,,,,,,,,,,,,8.37,6.41,10.46,,,,,,,12.14,10.13,13.9,,,,,,
2024-09-16,,,,,,,,,,,,,20.66,17.85,23.27,,,,,,,,,,,,,40.65,38.13,43.01,,,,,,,,,,,,,11.78,9.81,13.69,,,,,,,,,,,,,,,,,,,8.36,6.39,10.41,,,,,,,12.19,10.17,14.0,,,,,,
2024-09-17,,,,,,,,,,,,,20.7,17.9,23.3,,,,,,,,,,,,,40.61,38.09,42.97,,,,,,,,,,,,,11.77,9.8,13.69,,,,,,,,,,,,,,,,,,,8.34,6.37,10.38,,,,,,,12.25,10.18,14.09,,,,,,
2024-09-18,,,,,,,,,,,,,20.74,17.94,23.35,,,,,,,,,,,,,40.56,38.04,42.95,,,,,,,,,,,,,11.76,9.77,13.68,,,,,,,,,,,,,,,,,,,8.32,6.35,10.37,,,,,,,12.3,10.22,14.17,,,,,,
2024-09-19,,,,,,,,,,,,,20.78,17.93,23.44,,,,,,,,,,,,,40.52,38.01,42.92,,,,,,,,,,,,,11.75,9.74,13.67,,,,,,,,,,,,,,,,,,,8.31,6.33,10.35,,,,,,,12.36,10.29,14.22,,,,,,
2024-09-20,,,,,,,,,,,,,20.81,17.93,23.49,,,,,,,,,,,,,40.47,37.97,42.9,,,,,,,,,,,,,11.74,9.73,13.66,,,,,,,,,,,,,,,,,,,8.29,6.3,10.31,,,,,,,12.42,10.33,14.27,,,,,,
2024-09-21,,,,,,,,,,,,,20.85,17.93,23.51,,,,,,,,,,,,,40.43,37.93,42.88,,,,,,,,,,,,,11.73,9.74,13.63,,,,,,,,,,,,,,,,,,,8.28,6.26,10.32,,,,,,,12.47,10.37,14.41,,,,,,
2024-09-22,,,,,,,,,,,,,20.89,17.99,23.53,,,,,,,,,,,,,40.38,37.89,42.85,,,,,,,,,,,,,11.71,9.75,13.61,,,,,,,,,,,,,,,,,,,8.26,6.26,10.31,,,,,,,12.53,10.41,14.51,,,,,,
2024-09-23,,,,,,,,,,,,,20.92,18.02,23.58,,,,,,,,,,,,,40.33,37.86,42.82,,,,,,,,,,,,,11.7,9.7,13.58,,,,,,,,,,,,,,,,,,,8.25,6.21,10.29,,,,,,,12.58,10.45,14.59,17.0,42.0,12.0,,8.0,11.0
2024-09-24,,,,,,,,,,,,,20.96,18.13,23.65,,,,,,,,,,,,,40.29,37.83,42.79,,,,,,,,,,,,,11.69,9.66,13.6,,,,,,,,,,,,,,,,,,,8.24,6.17,10.29,,,,,,,12.64,10.5,14.68,,,,,,
2024-09-25,,,,,,,,,,,,,21.0,18.27,23.7,,,,,,,,,,,,,40.24,37.82,42.77,,,,,,,,,,,,,11.68,9.65,13.57,,,,,,,,,,,,,,,,,,,8.23,6.15,10.28,,,,,,,12.69,10.54,14.75,,,,,,
2024-09-26,,,,,,,,,,,,,21.03,18.33,23.72,,,,,,,,,,,,,40.2,37.8,42.74,,,,,,,,,,,,,11.66,9.6,13.52,,,,,,,,,,,,,,,,,,,8.22,6.16,10.27,,,,,,,12.74,10.58,14.89,,,,,,
2024-09-27,,,,,,,,,,,,,21.06,18.38,23.76,,,,,,,,,,,,,40.15,37.79,42.7,,,,,,,,,,,,,11.65,9.53,13.46,,,,,,,,,,,,,,,,,,,8.21,6.16,10.26,,,,,,,12.8,10.62,14.98,,,,,,
2024-09-28,,,,,,,,,,,,,21.1,18.42,23.79,,,,,,,,,,,,,40.11,37.77,42.65,,,,,,,,,,,,,11.64,9.47,13.42,,,,,,,,,,,,,,,,,,,8.2,6.13,10.22,,,,,,,12.85,10.66,15.03,18.0,39.0,10.0,,9.0,12.0
2024-09-29,,,,,,,,,,,,,21.13,18.41,23.82,,,,,,,,,,,,,40.07,37.76,42.61,,,,,,,,,,,,,11.63,9.44,13.36,,,,,,,,,,,,,,,,,,,8.19,6.1,10.17,,,,,,,12.9,10.64,15.06,,,,,,
2024-09-30,,,,,,,,,,,,,21.16,18.4,23.86,,,,,,,,,,,,,40.02,37.71,42.55,,,,,,,,,,,,,11.61,9.41,13.37,,,,,,,,,,,,,,,,,,,8.19,6.07,10.14,,,,,,,12.95,10.62,15.07,,,,,,
2024-10-01,,,,,,,,,,,,,21.18,18.42,23.88,,,,,,,,,,,,,39.98,37.65,42.46,,,,,,,,,,,,,11.6,9.39,13.38,,,,,,,,,,,,,,,,,,,8.19,6.05,10.19,,,,,,,12.99,10.69,15.1,,,,,,
2024-10-02,,,,,,,,,,,,,21.21,18.44,23.91,,,,,,,,,,,,,39.94,37.61,42.36,,,,,,,,,,,,,11.59,9.37,13.4,,,,,,,,,,,,,,,,,,,8.18,6.04,10.15,,,,,,,13.04,10.77,15.1,,,,,,
2024-10-03,,,,,,,,,,,,,21.23,18.52,23.94,,,,,,,,,,,,,39.9,37.56,42.34,,,,,,,,,,,,,11.57,9.33,13.43,,,,,,,,,,,,,,,,,,,8.18,6.02,10.11,,,,,,,13.08,10.87,15.11,,,,,,
2024-10-04,,,,,,,,,,,,,21.26,18.6,23.99,,,,,,,,,,,,,39.86,37.51,42.33,,,,,,,,,,,,,11.56,9.33,13.44,,,,,,,,,,,,,,,,,,,8.19,6.01,10.13,,,,,,,13.12,10.89,15.15,,,,,,
2024-10-05,,,,,,,,,,,,,21.28,18.66,24.02,,,,,,,,,,,,,39.82,37.46,42.26,,,,,,,,,,,,,11.55,9.35,13.47,,,,,,,,,,,,,,,,,,,8.19,6.0,10.16,,,,,,,13.17,10.92,15.25,,,,,,
2024-10-06,,,,,,,,,,,,,21.3,18.71,24.05,,,,,,,,,,,,,39.78,37.42,42.19,,,,,,,,,,,,,11.54,9.34,13.47,,,,,,,,,,,,,,,,,,,8.19,5.99,10.21,,,,,,,13.2,10.95,15.29,,,,,,
2024-10-07,,,,,,,,,,,,,21.31,18.78,24.08,,,,,,,,,,,,,39.75,37.39,42.1,,,,,,,,,,,,,11.53,9.33,13.39,,,,,,,,,,,,,,,,,,,8.2,5.97,10.2,,,,,,,13.24,10.98,15.31,28.0,39.5,11.5,,7.0,12.0
2024-10-08,,,,,,,,,,,,,21.33,18.8,24.11,,,,,,,,,,,,,39.71,37.36,41.97,,,,,,,,,,,,,11.51,9.32,13.34,,,,,,,,,,,,,,,,,,,8.2,5.95,10.16,,,,,,,13.28,11.01,15.32,,,,,,
2024-10-09,,,,,,,,,,,,,21.34,18.81,24.14,,,,,,,,,,,,,39.68,37.36,41.89,,,,,,,,,,,,,11.5,9.29,13.3,,,,,,,,,,,,,,,,,,,8.21,5.95,10.12,,,,,,,13.31,11.05,15.33,,,,,,
2024-10-10,,,,,,,,,,,,,21.35,18.83,24.17,,,,,,,,,,,,,39.65,37.38,41.81,,,,,,,,,,,,,11.49,9.27,13.27,,,,,,,,,,,,,,,,,,,8.22,5.97,10.09,,,,,,,13.34,11.08,15.34,,,,,,
2024-10-11,,,,,,,,,,,,,21.36,18.84,24.19,,,,,,,,,,,,,39.61,37.38,41.75,,,,,,,,,,,,,11.48,9.25,13.24,,,,,,,,,,,,,,,,,,,8.23,5.99,10.05,,,,,,,13.38,11.11,15.35,,,,,,
2024-10-12,,,,,,,,,,,,,21.37,18.85,24.21,,,,,,,,,,,,,39.58,37.35,41.7,,,,,,,,,,,,,11.47,9.25,13.23,,,,,,,,,,,,,,,,,,,8.24,6.0,10.02,,,,,,,13.41,11.15,15.36,,,,,,
2024-10-13,,,,,,,,,,,,,21.38,18.87,24.24,,,,,,,,,,,,,39.55,37.33,41.64,,,,,,,,,,,,,11.46,9.23,13.25,,,,,,,,,,,,,,,,,,,8.26,6.03,10.02,,,,,,,13.44,11.18,15.38,,,,,,
2024-10-14,,,,,,,,,,,,,21.39,18.88,24.26,,,,,,,,,,,,,39.52,37.3,41.62,,,,,,,,,,,,,11.46,9.2,13.22,,,,,,,,,,,,,,,,,,,8.27,6.05,10.02,,,,,,,13.47,11.22,15.43,19.0,42.0,11.0,,8.0,14.0
2024-10-15,,,,,,,,,,,,,21.39,18.89,24.27,,,,,,,,,,,,,39.49,37.27,41.58,,,,,,,,,,,,,11.45,9.2,13.17,,,,,,,,,,,,,,,,,,,8.28,6.06,10.04,,,,,,,13.5,11.26,15.45,19.0,38.0,11.0,,8.0,13.0
2024-10-16,,,,,,,,,,,,,21.4,18.93,24.29,,,,,,,,,,,,,39.47,37.24,41.51,,,,,,,,,,,,,11.44,9.16,13.12,,,,,,,,,,,,,,,,,,,8.3,6.07,10.09,,,,,,,13.52,11.3,15.49,,,,,,
2024-10-17,,,,,,,,,,,,,21.4,18.98,24.31,,,,,,,,,,,,,39.44,37.21,41.43,,,,,,,,,,,,,11.43,9.16,13.12,,,,,,,,,,,,,,,,,,,8.31,6.08,10.14,,,,,,,13.55,11.34,15.54,,,,,,
2024-10-18,,,,,,,,,,,,,21.4,19.02,24.32,,,,,,,,,,,,,39.41,37.2,41.36,,,,,,,,,,,,,11.42,9.19,13.13,,,,,,,,,,,,,,,,,,,8.33,6.1,10.14,,,,,,,13.58,11.38,15.59,,,,,,
2024-10-19,,,,,,,,,,,,,21.4,19.02,24.34,,,,,,,,,,,,,39.39,37.18,41.28,,,,,,,,,,,,,11.41,9.2,13.1,,,,,,,,,,,,,,,,,,,8.34,6.12,10.14,,,,,,,13.61,11.38,15.64,,,,,,
2024-10-20,,,,,,,,,,,,,21.4,19.01,24.32,,,,,,,,,,,,,39.37,37.16,41.22,,,,,,,,,,,,,11.41,9.21,13.09,,,,,,,,,,,,,,,,,,,8.36,6.13,10.13,,,,,,,13.63,11.39,15.7,,,,,,
2024-10-21,,,,,,,,,,,,,21.4,19.01,24.31,,,,,,,,,,,,,39.34,37.15,41.15,,,,,,,,,,,,,11.4,9.19,13.11,,,,,,,,,,,,,,,,,,,8.38,6.16,10.14,,,,,,,13.66,11.39,15.75,,,,,,
2024-10-22,,,,,,,,,,,,,21.4,18.98,24.32,,,,,,,,,,,,,39.32,37.15,41.1,,,,,,,,,,,,,11.39,9.24,13.11,,,,,,,,,,,,,,,,,,,8.39,6.2,10.16,,,,,,,13.68,11.4,15.8,,,,,,
2024-10-23,,,,,,,,,,,,,21.4,18.95,24.34,,,,,,,,,,,,,39.3,37.14,41.04,,,,,,,,,,,,,11.38,9.24,13.11,,,,,,,,,,,,,,,,,,,8.41,6.25,10.18,,,,,,,13.71,11.4,15.86,,,,,,
2024-10-24,,,,,,,,,,,,,21.4,18.91,24.35,,,,,,,,,,,,,39.28,37.14,41.03,,,,,,,,,,,,,11.38,9.23,13.11,,,,,,,,,,,,,,,,,,,8.42,6.29,10.18,,,,,,,13.73,11.41,15.87,,,,,,
2024-10-25,,,,,,,,,,,,,21.4,18.87,24.36,,,,,,,,,,,,,39.26,37.16,41.05,,,,,,,,,,,,,11.37,9.23,13.1,,,,,,,,,,,,,,,,,,,8.44,6.26,10.19,,,,,,,13.76,11.42,15.85,,,,,,
2024-10-26,,,,,,,,,,,,,21.4,18.84,24.36,,,,,,,,,,,,,39.24,37.18,41.06,,,,,,,,,,,,,11.36,9.24,13.11,,,,,,,,,,,,,,,,,,,8.46,6.27,10.22,,,,,,,13.78,11.42,15.84,,,,,,
2024-10-27,,,,,,,,,,,,,21.4,18.8,24.36,,,,,,,,,,,,,39.22,37.18,41.07,,,,,,,,,,,,,11.35,9.21,13.13,,,,,,,,,,,,,,,,,,,8.48,6.34,10.27,,,,,,,13.81,11.44,15.83,,,,,,
2024-10-28,,,,,,,,,,,,,21.39,18.84,24.36,,,,,,,,,,,,,39.2,37.17,41.02,,,,,,,,,,,,,11.35,9.21,13.15,,,,,,,,,,,,,,,,,,,8.49,6.39,10.27,,,,,,,13.83,11.47,15.87,,,,,,
2024-10-29,,,,,,,,,,,,,21.39,18.82,24.36,,,,,,,,,,,,,39.18,37.17,41.03,,,,,,,,,,,,,11.34,9.22,13.16,,,,,,,,,,,,,,,,,,,8.51,6.41,10.27,,,,,,,13.86,11.52,15.86,,,,,,
2024-10-30,,,,,,,,,,,,,21.39,18.78,24.35,,,,,,,,,,,,,39.16,37.17,41.05,,,,,,,,,,,,,11.33,9.23,13.17,,,,,,,,,,,,,,,,,,,8.53,6.43,10.31,,,,,,,13.88,11.58,15.85,,,,,,
2024-10-31,,,,,,,,,,,,,21.38,18.73,24.34,,,,,,,,,,,,,39.14,37.18,41.05,,,,,,,,,,,,,11.33,9.24,13.18,,,,,,,,,,,,,,,,,,,8.55,6.45,10.32,,,,,,,13.91,11.63,15.84,,,,,,
2024-11-01,,,,,,,,,,,,,21.38,18.76,24.36,,,,,,,,,,,,,39.12,37.17,41.0,,,,,,,,,,,,,11.32,9.24,13.19,,,,,,,,,,,,,,,,,,,8.57,6.47,10.34,,,,,,,13.94,11.65,15.83,23.0,36.0,14.0,,7.0,19.0
2024-11-02,,,,,,,,,,,,,21.37,18.78,24.4,,,,,,,,,,,,,39.1,37.17,40.96,,,,,,,,,,,,,11.31,9.25,13.2,,,,,,,,,,,,,,,,,,,8.59,6.49,10.39,,,,,,,13.97,11.64,15.81,,,,,,
2024-11-03,,,,,,,,,,,,,21.37,18.8,24.4,,,,,,,,,,,,,39.08,37.15,40.95,,,,,,,,,,,,,11.31,9.26,13.18,,,,,,,,,,,,,,,,,,,8.62,6.52,10.43,,,,,,,14.0,11.62,15.79,,,,,,
2024-11-04,,,,,,,,,,,,,21.36,18.78,24.36,,,,,,,,,,,,,39.06,37.14,40.96,,,,,,,,,,,,,11.3,9.27,13.19,,,,,,,,,,,,,,,,,,,8.64,6.55,10.48,,,,,,,14.03,11.67,15.81,20.0,41.0,11.5,,10.0,14.5
2024-11-05,,,,,,,,,,,,,21.36,18.77,24.31,,,,,,,,,,,,,39.03,37.15,40.97,,,,,,,,,,,,,11.3,9.28,13.21,,,,,,,,,,,,,,,,,,,8.67,6.57,10.49,,,,,,,14.06,11.7,15.84,,,,,,
2024-11-06,,,,,,,,,,,,,21.35,18.77,24.29,,,,,,,,,,,,,39.01,37.12,40.89,,,,,,,,,,,,,11.29,9.28,13.2,,,,,,,,,,,,,,,,,,,8.69,6.59,10.58,,,,,,,14.09,11.74,15.82,,,,,,
2024-11-07,,,,,,,,,,,,,21.34,18.77,24.23,,,,,,,,,,,,,38.98,37.12,40.86,,,,,,,,,,,,,11.28,9.3,13.19,,,,,,,,,,,,,,,,,,,8.72,6.61,10.63,,,,,,,14.12,11.76,15.82,,,,,,
2024-11-08,,,,,,,,,,,,,21.34,18.77,24.19,,,,,,,,,,,,,38.96,37.11,40.83,,,,,,,,,,,,,11.28,9.31,13.17,,,,,,,,,,,,,,,,,,,8.75,6.65,10.64,,,,,,,14.15,11.78,15.8,,,,,,
2024-11-09,,,,,,,,,,,,,21.33,18.8,24.16,,,,,,,,,,,,,38.93,37.09,40.79,,,,,,,,,,,,,11.27,9.31,13.15,,,,,,,,,,,,,,,,,,,8.78,6.65,10.67,,,,,,,14.18,11.8,15.84,,,,,,
2024-11-10,,,,,,,,,,,,,21.33,18.84,24.13,,,,,,,,,,,,,38.9,37.09,40.76,,,,,,,,,,,,,11.27,9.3,13.13,,,,,,,,,,,,,,,,,,,8.81,6.71,10.72,,,,,,,14.22,11.82,15.89,,,,,,
2024-11-11,,,,,,,,,,,,,21.32,18.88,24.1,,,,,,,,,,,,,38.87,37.08,40.78,,,,,,,,,,,,,11.27,9.3,13.1,,,,,,,,,,,,,,,,,,,8.85,6.74,10.78,,,,,,,14.25,11.84,15.94,,,,,,
2024-11-12,,,,,,,,,,,,,21.31,18.93,24.06,,,,,,,,,,,,,38.84,37.08,40.78,,,,,,,,,,,,,11.26,9.3,13.1,,,,,,,,,,,,,,,,,,,8.88,6.76,10.86,,,,,,,14.28,11.86,15.99,,,,,,
2024-11-13,,,,,,,,,,,,,21.31,18.96,24.02,,,,,,,,,,,,,38.8,37.06,40.76,,,,,,,,,,,,,11.26,9.3,13.08,,,,,,,,,,,,,,,,,,,8.92,6.79,10.91,,,,,,,14.31,11.88,16.03,,,,,,
2024-11-14,,,,,,,,,,,,,21.3,18.98,23.98,,,,,,,,,,,,,38.77,37.04,40.79,,,,,,,,,,,,,11.26,9.31,13.08,,,,,,,,,,,,,,,,,,,8.96,6.85,10.95,,,,,,,14.35,11.91,16.07,,,,,,
2024-11-15,,,,,,,,,,,,,21.3,18.99,23.94,,,,,,,,,,,,,38.73,36.99,40.79,,,,,,,,,,,,,11.26,9.28,13.07,,,,,,,,,,,,,,,,,,,9.0,6.95,11.01,,,,,,,14.38,11.95,16.1,,,,,,
2024-11-16,,,,,,,,,,,,,21.29,18.99,23.86,,,,,,,,,,,,,38.69,36.94,40.78,,,,,,,,,,,,,11.26,9.24,13.07,,,,,,,,,,,,,,,,,,,9.04,7.06,11.05,,,,,,,14.41,12.0,16.14,,,,,,
2024-11-17,,,,,,,,,,,,,21.29,18.98,23.77,,,,,,,,,,,,,38.65,36.91,40.75,,,,,,,,,,,,,11.26,9.21,13.06,,,,,,,,,,,,,,,,,,,9.08,7.18,11.08,,,,,,,14.44,12.04,16.17,,,,,,
2024-11-18,,,,,,,,,,,,,21.28,18.99,23.77,,,,,,,,,,,,,38.61,36.87,40.69,,,,,,,,,,,,,11.26,9.23,13.06,,,,,,,,,,,,,,,,,,,9.12,7.26,11.11,,,,,,,14.47,12.09,16.21,23.0,38.0,8.5,,8.0,17.0
2024-11-19,,,,,,,,,,,,,21.28,19.01,23.69,,,,,,,,,,,,,38.56,36.83,40.63,,,,,,,,,,,,,11.26,9.27,13.05,,,,,,,,,,,,,,,,,,,9.17,7.32,11.13,,,,,,,14.5,12.14,16.26,,,,,,
2024-11-20,,,,,,,,,,,,,21.28,19.02,23.62,,,,,,,,,,,,,38.51,36.8,40.59,,,,,,,,,,,,,11.26,9.34,13.07,,,,,,,,,,,,,,,,,,,9.22,7.4,11.15,,,,,,,14.53,12.2,16.31,,,,,,
2024-11-21,,,,,,,,,,,,,21.28,19.09,23.56,,,,,,,,,,,,,38.46,36.78,40.59,,,,,,,,,,,,,11.26,9.4,13.06,,,,,,,,,,,,,,,,,,,9.27,7.48,11.19,,,,,,,14.56,12.26,16.36,,,,,,
2024-11-22,,,,,,,,,,,,,21.28,19.1,23.42,,,,,,,,,,,,,38.4,36.74,40.51,,,,,,,,,,,,,11.27,9.41,13.06,,,,,,,,,,,,,,,,,,,9.32,7.58,11.23,,,,,,,14.59,12.34,16.4,,,,,,
2024-11-23,,,,,,,,,,,,,21.28,19.11,23.45,,,,,,,,,,,,,38.35,36.67,40.43,,,,,,,,,,,,,11.27,9.45,13.09,,,,,,,,,,,,,,,,,,,9.37,7.66,11.28,,,,,,,14.61,12.45,16.43,,,,,,
2024-11-24,,,,,,,,,,,,,21.28,19.13,23.47,,,,,,,,,,,,,38.29,36.6,40.38,,,,,,,,,,,,,11.28,9.52,13.11,,,,,,,,,,,,,,,,,,,9.43,7.83,11.32,,,,,,,14.64,12.49,16.51,,,,,,
2024-11-25,,,,,,,,,,,,,21.29,19.17,23.49,,,,,,,,,,,,,38.23,36.53,40.36,,,,,,,,,,,,,11.28,9.64,13.12,,,,,,,,,,,,,,,,,,,9.48,7.9,11.36,,,,,,,14.66,12.51,16.61,,,,,,
2024-11-26,,,,,,,,,,,,,21.3,19.19,23.45,,,,,,,,,,,,,38.16,36.44,40.3,,,,,,,,,,,,,11.29,9.64,13.03,,,,,,,,,,,,,,,,,,,9.54,7.92,11.37,,,,,,,14.68,12.55,16.7,,,,,,
2024-11-27,,,,,,,,,,,,,21.3,19.26,23.4,,,,,,,,,,,,,38.1,36.36,40.21,,,,,,,,,,,,,11.3,9.66,13.05,,,,,,,,,,,,,,,,,,,9.6,8.01,11.42,,,,,,,14.7,12.54,16.69,,,,,,
2024-11-28,,,,,,,,,,,,,21.31,19.28,23.36,,,,,,,,,,,,,38.03,36.28,40.13,,,,,,,,,,,,,11.31,9.65,13.09,,,,,,,,,,,,,,,,,,,9.66,8.1,11.49,,,,,,,14.71,12.52,16.67,21.0,40.0,11.0,,9.0,14.0
2024-11-29,,,,,,,,,,,,,21.32,19.35,23.33,,,,,,,,,,,,,37.96,36.23,40.08,,,,,,,,,,,,,11.32,9.66,13.14,,,,,,,,,,,,,,,,,,,9.71,8.22,11.54,,,,,,,14.72,12.5,16.71,,,,,,
2024-11-30,,,,,,,,,,,,,21.33,19.4,23.28,,,,,,,,,,,,,37.89,36.18,40.03,,,,,,,,,,,,,11.34,9.62,13.18,,,,,,,,,,,,,,,,,,,9.77,8.31,11.58,,,,,,,14.73,12.54,16.78,,,,,,
2024-12-01,,,,,,,,,,,,,21.34,19.45,23.28,,,,,,,,,,,,,37.82,36.02,39.96,,,,,,,,,,,,,11.35,9.61,13.19,,,,,,,,,,,,,,,,,,,9.83,8.31,11.63,,,,,,,14.74,12.57,16.83,,,,,,
2024-12-02,,,,,,,,,,,,,21.35,19.41,23.24,,,,,,,,,,,,,37.75,35.92,39.89,,,,,,,,,,,,,11.36,9.6,13.2,,,,,,,,,,,,,,,,,,,9.89,8.3,11.67,,,,,,,14.75,12.54,16.87,,,,,,
2024-12-03,,,,,,,,,,,,,21.36,19.43,23.27,,,,,,,,,,,,,37.68,35.83,39.82,,,,,,,,,,,,,11.38,9.59,13.21,,,,,,,,,,,,,,,,,,,9.95,8.35,11.76,,,,,,,14.76,12.56,16.81,,,,,,
2024-12-04,,,,,,,,,,,,,21.37,19.41,23.28,,,,,,,,,,,,,37.61,35.73,39.76,,,,,,,,,,,,,11.4,9.59,13.24,,,,,,,,,,,,,,,,,,,10.01,8.39,11.8,,,,,,,14.76,12.6,16.72,,,,,,
2024-12-05,,,,,,,,,,,,,21.38,19.42,23.3,,,,,,,,,,,,,37.53,35.67,39.68,,,,,,,,,,,,,11.41,9.58,13.25,,,,,,,,,,,,,,,,,,,10.06,8.45,11.82,,,,,,,14.76,12.69,16.75,,,,,,
2024-12-06,,,,,,,,,,,,,21.39,19.42,23.33,,,,,,,,,,,,,37.46,35.59,39.58,,,,,,,,,,,,,11.43,9.58,13.25,,,,,,,,,,,,,,,,,,,10.12,8.52,11.9,,,,,,,14.76,12.69,16.8,23.0,34.0,11.0,,12.0,14.0
2024-12-07,,,,,,,,,,,,,21.4,19.43,23.35,,,,,,,,,,,,,37.39,35.47,39.42,,,,,,,,,,,,,11.45,9.6,13.26,,,,,,,,,,,,,,,,,,,10.17,8.59,11.99,,,,,,,14.76,12.75,16.86,,,,,,
2024-12-08,,,,,,,,,,,,,21.41,19.43,23.38,,,,,,,,,,,,,37.32,35.44,39.37,,,,,,,,,,,,,11.47,9.69,13.27,,,,,,,,,,,,,,,,,,,10.23,8.66,12.08,,,,,,,14.76,12.79,16.84,18.0,40.0,11.0,,10.0,12.0
2024-12-09,,,,,,,,,,,,,21.41,19.44,23.42,,,,,,,,,,,,,37.25,35.4,39.29,,,,,,,,,,,,,11.5,9.71,13.28,,,,,,,,,,,,,,,,,,,10.28,8.69,12.11,,,,,,,14.76,12.81,16.82,,,,,,
2024-12-10,,,,,,,,,,,,,21.42,19.45,23.39,,,,,,,,,,,,,37.19,35.31,39.16,,,,,,,,,,,,,11.52,9.72,13.31,,,,,,,,,,,,,,,,,,,10.33,8.73,12.16,,,,,,,14.76,12.85,16.8,,,,,,
2024-12-11,,,,,,,,,,,,,21.43,19.47,23.42,,,,,,,,,,,,,37.12,35.23,39.08,,,,,,,,,,,,,11.54,9.74,13.32,,,,,,,,,,,,,,,,,,,10.37,8.79,12.21,,,,,,,14.76,12.84,16.78,,,,,,
2024-12-12,,,,,,,,,,,,,21.43,19.48,23.45,,,,,,,,,,,,,37.06,35.15,39.03,,,,,,,,,,,,,11.57,9.76,13.34,,,,,,,,,,,,,,,,,,,10.42,8.79,12.23,,,,,,,14.75,12.83,16.76,,,,,,
2024-12-13,,,,,,,,,,,,,21.44,19.49,23.48,,,,,,,,,,,,,36.99,35.11,38.98,,,,,,,,,,,,,11.59,9.79,13.36,,,,,,,,,,,,,,,,,,,10.46,8.81,12.25,,,,,,,14.75,12.82,16.74,16.0,39.0,14.0,,9.0,12.0
2024-12-14,,,,,,,,,,,,,21.44,19.51,23.5,,,,,,,,,,,,,36.93,35.0,38.93,,,,,,,,,,,,,11.62,9.81,13.38,,,,,,,,,,,,,,,,,,,10.51,8.84,12.27,,,,,,,14.75,12.8,16.71,,,,,,
2024-12-15,,,,,,,,,,,,,21.45,19.53,23.49,,,,,,,,,,,,,36.87,34.91,38.87,,,,,,,,,,,,,11.65,9.86,13.4,,,,,,,,,,,,,,,,,,,10.54,8.87,12.29,,,,,,,14.74,12.79,16.69,,,,,,
2024-12-16,,,,,,,,,,,,,21.45,19.58,23.52,,,,,,,,,,,,,36.81,34.84,38.83,,,,,,,,,,,,,11.67,9.91,13.47,,,,,,,,,,,,,,,,,,,10.58,8.9,12.31,,,,,,,14.74,12.76,16.66,,,,,,
2024-12-17,,,,,,,,,,,,,21.45,19.62,23.56,,,,,,,,,,,,,36.75,34.83,38.78,,,,,,,,,,,,,11.7,9.94,13.54,,,,,,,,,,,,,,,,,,,10.62,8.91,12.34,,,,,,,14.74,12.74,16.64,,,,,,
2024-12-18,,,,,,,,,,,,,21.46,19.66,23.54,,,,,,,,,,,,,36.7,34.76,38.74,,,,,,,,,,,,,11.73,10.0,13.62,,,,,,,,,,,,,,,,,,,10.65,8.95,12.37,,,,,,,14.73,12.73,16.61,,,,,,
2024-12-19,,,,,,,,,,,,,21.46,19.67,23.52,,,,,,,,,,,,,36.64,34.67,38.72,,,,,,,,,,,,,11.76,10.06,13.64,,,,,,,,,,,,,,,,,,,10.68,8.98,12.37,,,,,,,14.73,12.67,16.58,,,,,,
2024-12-20,,,,,,,,,,,,,21.46,19.66,23.5,,,,,,,,,,,,,36.59,34.6,38.71,,,,,,,,,,,,,11.79,10.12,13.67,,,,,,,,,,,,,,,,,,,10.71,9.0,12.38,,,,,,,14.73,12.63,16.55,,,,,,
2024-12-21,,,,,,,,,,,,,21.46,19.66,23.46,,,,,,,,,,,,,36.54,34.55,38.62,,,,,,,,,,,,,11.82,10.1,13.71,,,,,,,,,,,,,,,,,,,10.73,9.03,12.41,,,,,,,14.72,12.6,16.52,,,,,,
2024-12-22,,,,,,,,,,,,,21.47,19.66,23.47,,,,,,,,,,,,,36.49,34.5,38.53,,,,,,,,,,,,,11.85,10.14,13.72,,,,,,,,,,,,,,,,,,,10.76,9.05,12.43,,,,,,,14.72,12.59,16.49,,,,,,
2024-12-23,,,,,,,,,,,,,21.47,19.65,23.48,,,,,,,,,,,,,36.45,34.43,38.48,,,,,,,,,,,,,11.88,10.18,13.74,,,,,,,,,,,,,,,,,,,10.78,9.07,12.43,,,,,,,14.72,12.58,16.46,23.0,37.0,12.0,,10.0,18.0
2024-12-24,,,,,,,,,,,,,21.47,19.65,23.48,,,,,,,,,,,,,36.4,34.32,38.46,,,,,,,,,,,,,11.91,10.16,13.77,,,,,,,,,,,,,,,,,,,10.8,9.1,12.44,,,,,,,14.72,12.56,16.43,,,,,,
2024-12-25,,,,,,,,,,,,,21.47,19.64,23.48,,,,,,,,,,,,,36.36,34.27,38.39,,,,,,,,,,,,,11.94,10.13,13.75,,,,,,,,,,,,,,,,,,,10.82,9.12,12.46,,,,,,,14.71,12.56,16.44,,,,,,
2024-12-26,,,,,,,,,,,,,21.47,19.63,23.48,,,,,,,,,,,,,36.32,34.22,38.29,,,,,,,,,,,,,11.98,10.19,13.8,,,,,,,,,,,,,,,,,,,10.84,9.15,12.48,,,,,,,14.71,12.56,16.45,,,,,,
2024-12-27,,,,,,,,,,,,,21.48,19.63,23.48,,,,,,,,,,,,,36.28,34.18,38.19,,,,,,,,,,,,,12.01,10.26,13.85,,,,,,,,,,,,,,,,,,,10.86,9.16,12.51,,,,,,,14.71,12.47,16.43,,,,,,
2024-12-28,,,,,,,,,,,,,21.48,19.62,23.48,,,,,,,,,,,,,36.24,34.15,38.15,,,,,,,,,,,,,12.04,10.33,13.88,,,,,,,,,,,,,,,,,,,10.87,9.14,12.53,,,,,,,14.71,12.44,16.38,,,,,,
2024-12-29,,,,,,,,,,,,,21.47,19.61,23.46,,,,,,,,,,,,,36.2,34.1,38.16,,,,,,,,,,,,,12.07,10.41,13.91,,,,,,,,,,,,,,,,,,,10.89,9.12,12.57,,,,,,,14.71,12.46,16.35,,,,,,
2024-12-30,,,,,,,,,,,,,21.47,19.61,23.45,,,,,,,,,,,,,36.17,34.07,38.17,,,,,,,,,,,,,12.11,10.43,13.94,,,,,,,,,,,,,,,,,,,10.9,9.1,12.57,,,,,,,14.7,12.47,16.34,22.0,41.0,11.0,,9.0,12.0
2024-12-31,,,,,,,,,,,,,21.47,19.6,23.45,,,,,,,,,,,,,36.13,34.05,38.19,,,,,,,,,,,,,12.14,10.48,13.96,,,,,,,,,,,,,,,,,,,10.91,9.09,12.56,,,,,,,14.7,12.49,16.32,,,,,,
2025-01-01,,,,,,,,,,,,,21.47,19.59,23.44,,,,,,,,,,,,,36.1,34.05,38.16,,,,,,,,,,,,,12.17,10.55,13.94,,,,,,,,,,,,,,,,,,,10.92,9.09,12.56,,,,,,,14.7,12.51,16.3,,,,,,
2025-01-02,,,,,,,,,,,,,21.47,19.58,23.43,,,,,,,,,,,,,36.07,34.06,38.12,,,,,,,,,,,,,12.21,10.62,13.94,,,,,,,,,,,,,,,,,,,10.93,9.07,12.57,,,,,,,14.7,12.52,16.29,,,,,,
2025-01-03,,,,,,,,,,,,,21.46,19.57,23.41,,,,,,,,,,,,,36.04,34.07,38.09,,,,,,,,,,,,,12.24,10.67,13.98,,,,,,,,,,,,,,,,,,,10.95,9.06,12.59,,,,,,,14.7,12.54,16.26,,,,,,
2025-01-04,,,,,,,,,,,,,21.46,19.57,23.37,,,,,,,,,,,,,36.01,34.02,38.05,,,,,,,,,,,,,12.28,10.7,14.02,,,,,,,,,,,,,,,,,,,10.96,9.06,12.54,,,,,,,14.69,12.56,16.26,,,,,,
2025-01-05,,,,,,,,,,,,,21.46,19.55,23.33,,,,,,,,,,,,,35.99,33.97,38.02,,,,,,,,,,,,,12.31,10.76,14.04,,,,,,,,,,,,,,,,,,,10.97,9.09,12.57,,,,,,,14.69,12.57,16.28,,,,,,
2025-01-06,,,,,,,,,,,,,21.45,19.56,23.32,,,,,,,,,,,,,35.96,33.97,37.97,,,,,,,,,,,,,12.35,10.82,14.08,,,,,,,,,,,,,,,,,,,10.98,9.12,12.59,,,,,,,14.69,12.59,16.31,,,,,,
2025-01-07,,,,,,,,,,,,,21.45,19.56,23.3,,,,,,,,,,,,,35.94,33.96,37.92,,,,,,,,,,,,,12.38,10.84,14.14,,,,,,,,,,,,,,,,,,,10.98,9.15,12.6,,,,,,,14.68,12.59,16.33,,,,,,
2025-01-08,,,,,,,,,,,,,21.45,19.56,23.29,,,,,,,,,,,,,35.92,33.96,37.86,,,,,,,,,,,,,12.41,10.87,14.18,,,,,,,,,,,,,,,,,,,10.99,9.19,12.61,,,,,,,14.68,12.62,16.31,,,,,,
2025-01-09,,,,,,,,,,,,,21.44,19.56,23.27,,,,,,,,,,,,,35.89,33.96,37.81,,,,,,,,,,,,,12.45,10.89,14.23,,,,,,,,,,,,,,,,,,,11.0,9.22,12.62,,,,,,,14.67,12.64,16.27,,,,,,
2025-01-10,,,,,,,,,,,,,21.44,19.55,23.24,,,,,,,,,,,,,35.87,33.94,37.78,,,,,,,,,,,,,12.48,10.93,14.27,,,,,,,,,,,,,,,,,,,11.01,9.26,12.63,,,,,,,14.67,12.62,16.24,,,,,,
2025-01-11,,,,,,,,,,,,,21.44,19.55,23.22,,,,,,,,,,,,,35.85,33.91,37.76,,,,,,,,,,,,,12.51,10.98,14.31,,,,,,,,,,,,,,,,,,,11.02,9.3,12.63,,,,,,,14.66,12.62,16.22,,,,,,
2025-01-12,,,,,,,,,,,,,21.43,19.54,23.19,,,,,,,,,,,,,35.83,33.9,37.74,,,,,,,,,,,,,12.55,11.0,14.36,,,,,,,,,,,,,,,,,,,11.03,9.34,12.64,,,,,,,14.66,12.63,16.23,,,,,,
2025-01-13,,,,,,,,,,,,,21.43,19.52,23.18,,,,,,,,,,,,,35.82,33.91,37.69,,,,,,,,,,,,,12.58,11.01,14.4,,,,,,,,,,,,,,,,,,,11.04,9.37,12.63,,,,,,,14.65,12.63,16.22,20.0,32.0,11.0,,14.0,19.0
2025-01-14,,,,,,,,,,,,,21.43,19.5,23.14,,,,,,,,,,,,,35.8,33.92,37.62,,,,,,,,,,,,,12.61,11.05,14.44,,,,,,,,,,,,,,,,,,,11.05,9.41,12.62,,,,,,,14.64,12.64,16.24,,,,,,
2025-01-15,,,,,,,,,,,,,21.43,19.5,23.12,,,,,,,,,,,,,35.78,33.91,37.6,,,,,,,,,,,,,12.64,11.1,14.49,,,,,,,,,,,,,,,,,,,11.06,9.42,12.61,,,,,,,14.63,12.64,16.22,,,,,,
2025-01-16,,,,,,,,,,,,,21.42,19.49,23.14,,,,,,,,,,,,,35.76,33.89,37.57,,,,,,,,,,,,,12.67,11.15,14.53,,,,,,,,,,,,,,,,,,,11.07,9.45,12.61,,,,,,,14.63,12.62,16.23,,,,,,
2025-01-17,,,,,,,,,,,,,21.42,19.5,23.12,,,,,,,,,,,,,35.74,33.88,37.53,,,,,,,,,,,,,12.7,11.19,14.57,,,,,,,,,,,,,,,,,,,11.08,9.47,12.63,,,,,,,14.62,12.62,16.24,,,,,,
2025-01-18,,,,,,,,,,,,,21.42,19.52,23.14,,,,,,,,,,,,,35.73,33.86,37.52,,,,,,,,,,,,,12.73,11.27,14.61,,,,,,,,,,,,,,,,,,,11.09,9.48,12.61,,,,,,,14.61,12.63,16.24,,,,,,
2025-01-19,,,,,,,,,,,,,21.42,19.55,23.14,,,,,,,,,,,,,35.71,33.84,37.51,,,,,,,,,,,,,12.76,11.31,14.65,,,,,,,,,,,,,,,,,,,11.1,9.48,12.58,,,,,,,14.6,12.63,16.25,,,,,,
2025-01-20,,,,,,,,,,,,,21.42,19.56,23.15,,,,,,,,,,,,,35.69,33.82,37.48,,,,,,,,,,,,,12.79,11.35,14.69,,,,,,,,,,,,,,,,,,,11.11,9.48,12.63,,,,,,,14.59,12.63,16.28,23.0,39.0,12.0,,11.0,12.0
2025-01-21,,,,,,,,,,,,,21.42,19.58,23.13,,,,,,,,,,,,,35.68,33.8,37.41,,,,,,,,,,,,,12.82,11.42,14.73,,,,,,,,,,,,,,,,,,,11.12,9.48,12.67,,,,,,,14.58,12.61,16.26,,,,,,
2025-01-22,,,,,,,,,,,,,21.42,19.59,23.11,,,,,,,,,,,,,35.66,33.78,37.36,,,,,,,,,,,,,12.84,11.46,14.77,,,,,,,,,,,,,,,,,,,11.13,9.5,12.72,,,,,,,14.57,12.59,16.23,,,,,,
2025-01-23,,,,,,,,,,,,,21.42,19.57,23.09,,,,,,,,,,,,,35.65,33.75,37.33,,,,,,,,,,,,,12.87,11.46,14.8,,,,,,,,,,,,,,,,,,,11.14,9.51,12.74,,,,,,,14.56,12.58,16.2,20.0,37.0,12.0,,11.0,14.0
2025-01-24,,,,,,,,,,,,,21.42,19.55,23.07,,,,,,,,,,,,,35.63,33.74,37.3,,,,,,,,,,,,,12.89,11.49,14.83,,,,,,,,,,,,,,,,,,,11.15,9.54,12.76,,,,,,,14.55,12.58,16.17,,,,,,
2025-01-25,,,,,,,,,,,,,21.42,19.56,23.05,,,,,,,,,,,,,35.61,33.77,37.29,,,,,,,,,,,,,12.91,11.52,14.85,,,,,,,,,,,,,,,,,,,11.16,9.58,12.75,,,,,,,14.54,12.61,16.14,,,,,,
2025-01-26,,,,,,,,,,,,,21.42,19.57,23.06,,,,,,,,,,,,,35.6,33.77,37.26,,,,,,,,,,,,,12.94,11.53,14.86,,,,,,,,,,,,,,,,,,,11.18,9.6,12.78,,,,,,,14.53,12.61,16.11,,,,,,
2025-01-27,,,,,,,,,,,,,21.43,19.58,23.09,,,,,,,,,,,,,35.58,33.74,37.24,,,,,,,,,,,,,12.96,11.54,14.86,,,,,,,,,,,,,,,,,,,11.19,9.61,12.79,,,,,,,14.52,12.59,16.1,22.0,36.0,13.0,,11.0,14.0
2025-01-28,,,,,,,,,,,,,21.43,19.57,23.1,,,,,,,,,,,,,35.57,33.73,37.21,,,,,,,,,,,,,12.98,11.55,14.86,,,,,,,,,,,,,,,,,,,11.2,9.63,12.79,,,,,,,14.51,12.6,16.11,,,,,,
2025-01-29,,,,,,,,,,,,,21.43,19.56,23.1,,,,,,,,,,,,,35.55,33.72,37.19,,,,,,,,,,,,,12.99,11.55,14.87,,,,,,,,,,,,,,,,,,,11.22,9.66,12.79,,,,,,,14.5,12.63,16.11,24.0,24.0,12.0,,14.0,19.0
2025-01-30,,,,,,,,,,,,,21.43,19.55,23.1,,,,,,,,,,,,,35.54,33.7,37.16,,,,,,,,,,,,,13.01,11.56,14.87,,,,,,,,,,,,,,,,,,,11.24,9.69,12.79,,,,,,,14.49,12.63,16.11,,,,,,
2025-01-31,,,,,,,,,,,,,21.44,19.56,23.1,,,,,,,,,,,,,35.52,33.7,37.13,,,,,,,,,,,,,13.03,11.56,14.88,,,,,,,,,,,,,,,,,,,11.25,9.72,12.8,,,,,,,14.48,12.63,16.11,,,,,,
2025-02-01,,,,,,,,,,,,,21.44,19.59,23.09,,,,,,,,,,,,,35.51,33.69,37.11,,,,,,,,,,,,,13.04,11.6,14.89,,,,,,,,,,,,,,,,,,,11.27,9.75,12.82,,,,,,,14.47,12.63,16.11,,,,,,
2025-02-02,,,,,,,,,,,,,21.44,19.62,23.1,,,,,,,,,,,,,35.49,33.72,37.13,,,,,,,,,,,,,13.06,11.65,14.89,,,,,,,,,,,,,,,,,,,11.29,9.8,12.84,,,,,,,14.46,12.62,16.09,,,,,,
2025-02-03,,,,,,,,,,,,,21.44,19.66,23.1,,,,,,,,,,,,,35.48,33.73,37.16,,,,,,,,,,,,,13.07,11.68,14.9,,,,,,,,,,,,,,,,,,,11.31,9.84,12.87,,,,,,,14.44,12.62,16.08,28.0,33.0,10.0,,16.0,13.0
2025-02-04,,,,,,,,,,,,,21.45,19.66,23.1,,,,,,,,,,,,,35.46,33.76,37.14,,,,,,,,,,,,,13.08,11.72,14.91,,,,,,,,,,,,,,,,,,,11.33,9.85,12.83,,,,,,,14.43,12.62,16.07,,,,,,
2025-02-05,,,,,,,,,,,,,21.45,19.67,23.09,,,,,,,,,,,,,35.45,33.79,37.12,,,,,,,,,,,,,13.09,11.72,14.91,,,,,,,,,,,,,,,,,,,11.35,9.86,12.84,,,,,,,14.42,12.61,16.05,,,,,,
2025-02-06,,,,,,,,,,,,,21.45,19.67,23.1,,,,,,,,,,,,,35.44,33.77,37.1,,,,,,,,,,,,,13.11,11.73,14.89,,,,,,,,,,,,,,,,,,,11.37,9.87,12.87,,,,,,,14.4,12.61,16.03,,,,,,
2025-02-07,,,,,,,,,,,,,21.46,19.7,23.07,,,,,,,,,,,,,35.42,33.75,37.08,,,,,,,,,,,,,13.12,11.73,14.88,,,,,,,,,,,,,,,,,,,11.39,9.88,12.9,,,,,,,14.39,12.6,16.01,25.0,34.0,15.0,,8.0,2.0
2025-02-08,,,,,,,,,,,,,21.46,19.74,23.08,,,,,,,,,,,,,35.41,33.73,37.06,,,,,,,,,,,,,13.13,11.75,14.86,,,,,,,,,,,,,,,,,,,11.41,9.92,12.93,,,,,,,14.37,12.6,16.0,22.0,36.0,13.0,,11.0,15.0
2025-02-09,,,,,,,,,,,,,21.46,19.78,23.09,,,,,,,,,,,,,35.4,33.71,37.03,,,,,,,,,,,,,13.14,11.79,14.85,,,,,,,,,,,,,,,,,,,11.44,9.96,12.97,,,,,,,14.36,12.59,15.99,,,,,,
2025-02-10,,,,,,,,,,,,,21.46,19.82,23.09,,,,,,,,,,,,,35.38,33.69,37.01,,,,,,,,,,,,,13.15,11.79,14.84,,,,,,,,,,,,,,,,,,,11.46,10.0,13.0,,,,,,,14.34,12.59,15.97,15.0,38.0,16.0,,10.0,17.0
2025-02-11,,,,,,,,,,,,,21.47,19.87,23.08,,,,,,,,,,,,,35.37,33.67,36.98,,,,,,,,,,,,,13.16,11.79,14.87,,,,,,,,,,,,,,,,,,,11.49,10.05,13.04,,,,,,,14.33,12.58,15.96,,,,,,
2025-02-12,,,,,,,,,,,,,21.47,19.88,23.08,,,,,,,,,,,,,35.36,33.64,36.96,,,,,,,,,,,,,13.17,11.81,14.84,,,,,,,,,,,,,,,,,,,11.51,10.08,13.07,,,,,,,14.31,12.58,15.93,,,,,,
2025-02-13,,,,,,,,,,,,,21.47,19.88,23.07,,,,,,,,,,,,,35.35,33.63,36.95,,,,,,,,,,,,,13.18,11.84,14.81,,,,,,,,,,,,,,,,,,,11.54,10.1,13.09,,,,,,,14.29,12.56,15.89,,,,,,
2025-02-14,,,,,,,,,,,,,21.47,19.87,23.06,,,,,,,,,,,,,35.34,33.63,36.96,,,,,,,,,,,,,13.19,11.85,14.78,,,,,,,,,,,,,,,,,,,11.56,10.11,13.11,,,,,,,14.27,12.55,15.86,,,,,,
2025-02-15,,,,,,,,,,,,,21.47,19.86,23.05,,,,,,,,,,,,,35.33,33.65,36.9,,,,,,,,,,,,,13.2,11.86,14.76,,,,,,,,,,,,,,,,,,,11.59,10.13,13.16,,,,,,,14.25,12.53,15.84,,,,,,
2025-02-16,,,,,,,,,,,,,21.46,19.86,23.04,,,,,,,,,,,,,35.32,33.68,36.88,,,,,,,,,,,,,13.21,11.87,14.74,,,,,,,,,,,,,,,,,,,11.62,10.15,13.2,,,,,,,14.24,12.52,15.79,,,,,,
2025-02-17,,,,,,,,,,,,,21.46,19.85,23.03,,,,,,,,,,,,,35.32,33.7,36.87,,,,,,,,,,,,,13.22,11.88,14.73,,,,,,,,,,,,,,,,,,,11.64,10.19,13.25,,,,,,,14.22,12.53,15.76,20.0,36.0,13.0,,8.0,19.0
2025-02-18,,,,,,,,,,,,,21.46,19.87,23.01,,,,,,,,,,,,,35.31,33.7,36.88,,,,,,,,,,,,,13.23,11.9,14.71,,,,,,,,,,,,,,,,,,,11.67,10.2,13.26,,,,,,,14.2,12.54,15.76,,,,,,
2025-02-19,,,,,,,,,,,,,21.45,19.87,22.97,,,,,,,,,,,,,35.3,33.69,36.89,,,,,,,,,,,,,13.24,11.91,14.72,,,,,,,,,,,,,,,,,,,11.7,10.22,13.27,,,,,,,14.19,12.55,15.73,21.0,36.0,13.0,,11.0,15.0
2025-02-20,,,,,,,,,,,,,21.45,19.85,22.94,,,,,,,,,,,,,35.29,33.69,36.89,,,,,,,,,,,,,13.25,11.93,14.73,,,,,,,,,,,,,,,,,,,11.73,10.24,13.27,,,,,,,14.17,12.53,15.71,,,,,,
2025-02-21,,,,,,,,,,,,,21.44,19.84,22.9,,,,,,,,,,,,,35.29,33.69,36.9,,,,,,,,,,,,,13.26,11.95,14.75,,,,,,,,,,,,,,,,,,,11.75,10.27,13.28,,,,,,,14.15,12.51,15.68,,,,,,
2025-02-22,,,,,,,,,,,,,21.44,19.82,22.87,,,,,,,,,,,,,35.28,33.68,36.9,,,,,,,,,,,,,13.27,11.99,14.74,,,,,,,,,,,,,,,,,,,11.78,10.31,13.29,,,,,,,14.14,12.52,15.65,,,,,,
2025-02-23,,,,,,,,,,,,,21.43,19.82,22.83,,,,,,,,,,,,,35.28,33.66,36.91,,,,,,,,,,,,,13.28,11.99,14.7,,,,,,,,,,,,,,,,,,,11.81,10.35,13.33,,,,,,,14.12,12.53,15.62,,,,,,
2025-02-24,,,,,,,,,,,,,21.42,19.83,22.79,,,,,,,,,,,,,35.27,33.66,36.9,,,,,,,,,,,,,13.29,11.99,14.67,,,,,,,,,,,,,,,,,,,11.84,10.39,13.37,,,,,,,14.11,12.53,15.57,19.0,34.0,15.0,,11.0,18.0
2025-02-25,,,,,,,,,,,,,21.41,19.84,22.74,,,,,,,,,,,,,35.27,33.67,36.88,,,,,,,,,,,,,13.31,12.01,14.63,,,,,,,,,,,,,,,,,,,11.86,10.4,13.38,,,,,,,14.09,12.53,15.54,,,,,,
2025-02-26,,,,,,,,,,,,,21.4,19.85,22.7,,,,,,,,,,,,,35.27,33.67,36.85,,,,,,,,,,,,,13.32,12.04,14.63,,,,,,,,,,,,,,,,,,,11.89,10.41,13.38,,,,,,,14.08,12.54,15.52,,,,,,
2025-02-27,,,,,,,,,,,,,21.38,19.85,22.69,,,,,,,,,,,,,35.26,33.67,36.83,,,,,,,,,,,,,13.33,12.06,14.65,,,,,,,,,,,,,,,,,,,11.92,10.44,13.4,,,,,,,14.07,12.55,15.48,,,,,,
2025-02-28,,,,,,,,,,,,,21.37,19.85,22.7,,,,,,,,,,,,,35.26,33.68,36.81,,,,,,,,,,,,,13.34,12.09,14.67,,,,,,,,,,,,,,,,,,,11.94,10.49,13.46,,,,,,,14.05,12.56,15.45,,,,,,
2025-03-01,,,,,,,,,,,,,21.35,19.82,22.7,,,,,,,,,,,,,35.26,33.69,36.79,,,,,,,,,,,,,13.36,12.12,14.69,,,,,,,,,,,,,,,,,,,11.97,10.55,13.48,,,,,,,14.04,12.58,15.45,,,,,,
2025-03-02,,,,,,,,,,,,,21.34,19.79,22.7,,,,,,,,,,,,,35.25,33.69,36.76,,,,,,,,,,,,,13.37,12.15,14.71,,,,,,,,,,,,,,,,,,,12.0,10.6,13.49,,,,,,,14.03,12.58,15.45,,,,,,
2025-03-03,,,,,,,,,,,,,21.32,19.79,22.69,,,,,,,,,,,,,35.25,33.7,36.74,,,,,,,,,,,,,13.39,12.18,14.73,,,,,,,,,,,,,,,,,,,12.02,10.66,13.51,,,,,,,14.02,12.58,15.43,24.0,37.0,14.0,,9.0,13.0
2025-03-04,,,,,,,,,,,,,21.3,19.73,22.64,,,,,,,,,,,,,35.25,33.71,36.72,,,,,,,,,,,,,13.4,12.2,14.72,,,,,,,,,,,,,,,,,,,12.05,10.71,13.52,,,,,,,14.02,12.58,15.41,,,,,,
2025-03-05,,,,,,,,,,,,,21.28,19.7,22.61,,,,,,,,,,,,,35.24,33.71,36.74,,,,,,,,,,,,,13.42,12.18,14.71,,,,,,,,,,,,,,,,,,,12.08,10.77,13.53,,,,,,,14.01,12.58,15.4,,,,,,
2025-03-06,,,,,,,,,,,,,21.26,19.67,22.58,,,,,,,,,,,,,35.24,33.72,36.71,,,,,,,,,,,,,13.44,12.17,14.69,,,,,,,,,,,,,,,,,,,12.1,10.78,13.54,,,,,,,14.01,12.59,15.38,,,,,,
2025-03-07,,,,,,,,,,,,,21.24,19.63,22.55,,,,,,,,,,,,,35.24,33.73,36.71,,,,,,,,,,,,,13.45,12.19,14.68,,,,,,,,,,,,,,,,,,,12.13,10.81,13.56,,,,,,,14.0,12.57,15.37,,,,,,
2025-03-08,,,,,,,,,,,,,21.22,19.6,22.52,,,,,,,,,,,,,35.23,33.73,36.71,,,,,,,,,,,,,13.47,12.23,14.67,,,,,,,,,,,,,,,,,,,12.15,10.83,13.57,,,,,,,14.0,12.54,15.35,,,,,,
2025-03-09,,,,,,,,,,,,,21.2,19.59,22.5,,,,,,,,,,,,,35.23,33.74,36.72,,,,,,,,,,,,,13.49,12.27,14.68,,,,,,,,,,,,,,,,,,,12.18,10.85,13.58,,,,,,,14.0,12.52,15.32,,,,,,
2025-03-10,,,,,,,,,,,,,21.17,19.57,22.47,,,,,,,,,,,,,35.22,33.75,36.72,,,,,,,,,,,,,13.51,12.3,14.66,,,,,,,,,,,,,,,,,,,12.2,10.85,13.59,,,,,,,14.0,12.55,15.28,21.0,35.0,15.0,,12.0,13.0
2025-03-11,,,,,,,,,,,,,21.15,19.55,22.44,,,,,,,,,,,,,35.22,33.75,36.71,,,,,,,,,,,,,13.53,12.31,14.65,,,,,,,,,,,,,,,,,,,12.23,10.87,13.6,,,,,,,14.0,12.56,15.3,21.0,36.0,14.0,,11.0,15.0
2025-03-12,,,,,,,,,,,,,21.12,19.54,22.38,,,,,,,,,,,,,35.21,33.75,36.71,,,,,,,,,,,,,13.55,12.32,14.64,,,,,,,,,,,,,,,,,,,12.25,10.91,13.61,,,,,,,14.0,12.59,15.3,,,,,,
2025-03-13,,,,,,,,,,,,,21.09,19.53,22.33,,,,,,,,,,,,,35.21,33.75,36.7,,,,,,,,,,,,,13.57,12.33,14.69,,,,,,,,,,,,,,,,,,,12.28,10.95,13.63,,,,,,,14.0,12.57,15.3,,,,,,
2025-03-14,,,,,,,,,,,,,21.06,19.53,22.29,,,,,,,,,,,,,35.2,33.75,36.7,,,,,,,,,,,,,13.59,12.35,14.74,,,,,,,,,,,,,,,,,,,12.3,10.97,13.68,,,,,,,14.01,12.55,15.34,,,,,,
2025-03-15,,,,,,,,,,,,,21.04,19.52,22.25,,,,,,,,,,,,,35.2,33.75,36.68,,,,,,,,,,,,,13.61,12.38,14.8,,,,,,,,,,,,,,,,,,,12.33,11.03,13.73,,,,,,,14.01,12.56,15.33,,,,,,
2025-03-16,,,,,,,,,,,,,21.01,19.51,22.21,,,,,,,,,,,,,35.19,33.74,36.69,,,,,,,,,,,,,13.63,12.41,14.85,,,,,,,,,,,,,,,,,,,12.35,11.07,13.77,,,,,,,14.02,12.56,15.33,,,,,,
2025-03-17,,,,,,,,,,,,,20.98,19.5,22.17,,,,,,,,,,,,,35.18,33.74,36.69,,,,,,,,,,,,,13.65,12.44,14.85,,,,,,,,,,,,,,,,,,,12.38,11.07,13.79,,,,,,,14.03,12.59,15.33,19.0,41.0,13.0,,12.0,13.0
2025-03-18,,,,,,,,,,,,,20.95,19.49,22.13,,,,,,,,,,,,,35.18,33.74,36.68,,,,,,,,,,,,,13.67,12.47,14.84,,,,,,,,,,,,,,,,,,,12.4,11.08,13.8,,,,,,,14.04,12.56,15.34,,,,,,
2025-03-19,,,,,,,,,,,,,20.91,19.48,22.11,,,,,,,,,,,,,35.17,33.74,36.64,,,,,,,,,,,,,13.7,12.5,14.84,,,,,,,,,,,,,,,,,,,12.42,11.11,13.82,,,,,,,14.05,12.6,15.35,,,,,,
2025-03-20,,,,,,,,,,,,,20.88,19.46,22.09,,,,,,,,,,,,,35.16,33.74,36.63,,,,,,,,,,,,,13.72,12.53,14.88,,,,,,,,,,,,,,,,,,,12.45,11.14,13.83,,,,,,,14.06,12.62,15.37,,,,,,
2025-03-21,,,,,,,,,,,,,20.85,19.45,22.05,,,,,,,,,,,,,35.15,33.73,36.6,,,,,,,,,,,,,13.74,12.56,14.94,,,,,,,,,,,,,,,,,,,12.47,11.17,13.87,,,,,,,14.07,12.65,15.38,21.5,35.0,13.5,,11.0,9.5
2025-03-22,,,,,,,,,,,,,20.82,19.44,22.03,,,,,,,,,,,,,35.14,33.72,36.56,,,,,,,,,,,,,13.76,12.59,15.0,,,,,,,,,,,,,,,,,,,12.5,11.2,13.89,,,,,,,14.09,12.69,15.39,,,,,,
2025-03-23,,,,,,,,,,,,,20.79,19.42,22.01,,,,,,,,,,,,,35.13,33.73,36.53,,,,,,,,,,,,,13.78,12.62,15.05,,,,,,,,,,,,,,,,,,,12.52,11.23,13.89,,,,,,,14.1,12.7,15.4,,,,,,
2025-03-24,,,,,,,,,,,,,20.76,19.4,21.99,,,,,,,,,,,,,35.12,33.7,36.51,,,,,,,,,,,,,13.8,12.62,15.11,,,,,,,,,,,,,,,,,,,12.54,11.22,13.91,,,,,,,14.11,12.69,15.43,23.0,32.0,13.7,,12.7,13.7
2025-03-25,,,,,,,,,,,,,20.72,19.39,21.96,,,,,,,,,,,,,35.1,33.68,36.49,,,,,,,,,,,,,13.82,12.61,15.15,,,,,,,,,,,,,,,,,,,12.57,11.19,13.94,,,,,,,14.13,12.69,15.47,,,,,,
2025-03-26,,,,,,,,,,,,,20.69,19.35,21.94,,,,,,,,,,,,,35.09,33.66,36.49,,,,,,,,,,,,,13.84,12.61,15.16,,,,,,,,,,,,,,,,,,,12.59,11.22,13.97,,,,,,,14.15,12.7,15.5,,,,,,
2025-03-27,,,,,,,,,,,,,20.66,19.35,21.92,,,,,,,,,,,,,35.07,33.63,36.49,,,,,,,,,,,,,13.86,12.65,15.17,,,,,,,,,,,,,,,,,,,12.62,11.24,14.0,,,,,,,14.16,12.7,15.52,,,,,,
2025-03-28,,,,,,,,,,,,,20.63,19.31,21.89,,,,,,,,,,,,,35.06,33.58,36.49,,,,,,,,,,,,,13.88,12.67,15.18,,,,,,,,,,,,,,,,,,,12.64,11.27,14.03,,,,,,,14.18,12.7,15.55,,,,,,
2025-03-29,,,,,,,,,,,,,20.6,19.28,21.86,,,,,,,,,,,,,35.04,33.54,36.47,,,,,,,,,,,,,13.9,12.69,15.19,,,,,,,,,,,,,,,,,,,12.66,11.3,14.06,,,,,,,14.2,12.71,15.58,,,,,,
2025-03-30,,,,,,,,,,,,,20.57,19.27,21.84,,,,,,,,,,,,,35.03,33.5,36.44,,,,,,,,,,,,,13.92,12.7,15.23,,,,,,,,,,,,,,,,,,,12.69,11.34,14.13,,,,,,,14.22,12.74,15.61,,,,,,
2025-03-31,,,,,,,,,,,,,20.54,19.26,21.81,,,,,,,,,,,,,35.01,33.46,36.43,,,,,,,,,,,,,13.94,12.74,15.26,,,,,,,,,,,,,,,,,,,12.71,11.41,14.19,,,,,,,14.24,12.74,15.63,21.0,35.0,13.0,,13.0,14.0
2025-04-01,,,,,,,,,,,,,20.51,19.25,21.78,,,,,,,,,,,,,35.0,33.43,36.43,,,,,,,,,,,,,13.95,12.79,15.24,,,,,,,,,,,,,,,,,,,12.74,11.46,14.23,,,,,,,14.26,12.73,15.66,,,,,,
2025-04-02,,,,,,,,,,,,,20.48,19.2,21.74,,,,,,,,,,,,,34.98,33.4,36.43,,,,,,,,,,,,,13.97,12.79,15.23,,,,,,,,,,,,,,,,,,,12.76,11.48,14.23,,,,,,,14.28,12.74,15.69,22.0,30.0,14.0,,12.0,19.0
2025-04-03,,,,,,,,,,,,,20.45,19.19,21.7,,,,,,,,,,,,,34.96,33.36,36.42,,,,,,,,,,,,,13.99,12.78,15.24,,,,,,,,,,,,,,,,,,,12.78,11.5,14.26,,,,,,,14.3,12.75,15.72,,,,,,
2025-04-04,,,,,,,,,,,,,20.42,19.17,21.66,,,,,,,,,,,,,34.94,33.32,36.39,,,,,,,,,,,,,14.0,12.77,15.25,,,,,,,,,,,,,,,,,,,12.81,11.52,14.3,,,,,,,14.32,12.78,15.75,,,,,,
2025-04-05,,,,,,,,,,,,,20.39,19.13,21.62,,,,,,,,,,,,,34.93,33.29,36.38,,,,,,,,,,,,,14.02,12.77,15.26,,,,,,,,,,,,,,,,,,,12.83,11.55,14.32,,,,,,,14.34,12.79,15.77,,,,,,
2025-04-06,,,,,,,,,,,,,20.36,19.09,21.58,,,,,,,,,,,,,34.91,33.26,36.38,,,,,,,,,,,,,14.03,12.78,15.29,,,,,,,,,,,,,,,,,,,12.85,11.58,14.34,,,,,,,14.37,12.8,15.8,,,,,,
2025-04-07,,,,,,,,,,,,,20.34,19.05,21.57,,,,,,,,,,,,,34.89,33.25,36.36,,,,,,,,,,,,,14.04,12.8,15.32,,,,,,,,,,,,,,,,,,,12.87,11.59,14.37,,,,,,,14.39,12.77,15.82,21.0,38.0,12.0,,14.0,13.0
2025-04-08,,,,,,,,,,,,,20.31,19.01,21.56,,,,,,,,,,,,,34.88,33.24,36.34,,,,,,,,,,,,,14.06,12.81,15.35,,,,,,,,,,,,,,,,,,,12.89,11.61,14.4,,,,,,,14.41,12.8,15.85,,,,,,
2025-04-09,,,,,,,,,,,,,20.28,18.98,21.53,,,,,,,,,,,,,34.86,33.19,36.33,,,,,,,,,,,,,14.07,12.83,15.37,,,,,,,,,,,,,,,,,,,12.91,11.65,14.42,,,,,,,14.44,12.82,15.88,,,,,,
2025-04-10,,,,,,,,,,,,,20.25,18.94,21.52,,,,,,,,,,,,,34.84,33.16,36.32,,,,,,,,,,,,,14.08,12.85,15.39,,,,,,,,,,,,,,,,,,,12.94,11.69,14.42,,,,,,,14.46,12.82,15.93,,,,,,
2025-04-11,,,,,,,,,,,,,20.23,18.88,21.52,,,,,,,,,,,,,34.82,33.15,36.3,,,,,,,,,,,,,14.09,12.87,15.42,,,,,,,,,,,,,,,,,,,12.96,11.68,14.43,,,,,,,14.49,12.84,15.97,,,,,,
2025-04-12,,,,,,,,,,,,,20.2,18.8,21.5,,,,,,,,,,,,,34.81,33.16,36.27,,,,,,,,,,,,,14.1,12.85,15.44,,,,,,,,,,,,,,,,,,,12.98,11.7,14.44,,,,,,,14.51,12.86,16.02,,,,,,
2025-04-13,,,,,,,,,,,,,20.18,18.81,21.49,,,,,,,,,,,,,34.79,33.16,36.25,,,,,,,,,,,,,14.11,12.82,15.46,,,,,,,,,,,,,,,,,,,13.0,11.73,14.43,,,,,,,14.54,12.91,16.07,,,,,,
2025-04-14,,,,,,,,,,,,,20.15,18.81,21.48,,,,,,,,,,,,,34.77,33.15,36.26,,,,,,,,,,,,,14.12,12.79,15.48,,,,,,,,,,,,,,,,,,,13.02,11.75,14.43,,,,,,,14.56,12.95,16.12,20.0,34.0,12.0,,21.0,11.0
2025-04-15,,,,,,,,,,,,,20.12,18.8,21.46,,,,,,,,,,,,,34.76,33.14,36.26,,,,,,,,,,,,,14.13,12.77,15.5,,,,,,,,,,,,,,,,,,,13.03,11.76,14.44,,,,,,,14.59,13.01,16.17,,,,,,
2025-04-16,,,,,,,,,,,,,20.1,18.77,21.45,,,,,,,,,,,,,34.74,33.13,36.27,,,,,,,,,,,,,14.14,12.76,15.51,,,,,,,,,,,,,,,,,,,13.05,11.8,14.48,,,,,,,14.61,13.06,16.22,22.0,36.0,14.0,,13.0,13.0
2025-04-17,,,,,,,,,,,,,20.07,18.75,21.45,,,,,,,,,,,,,34.72,33.12,36.28,,,,,,,,,,,,,14.15,12.74,15.53,,,,,,,,,,,,,,,,,,,13.07,11.83,14.5,,,,,,,14.64,13.1,16.27,,,,,,
2025-04-18,,,,,,,,,,,,,20.05,18.72,21.44,,,,,,,,,,,,,34.71,33.11,36.26,,,,,,,,,,,,,14.16,12.77,15.52,,,,,,,,,,,,,,,,,,,13.09,11.86,14.51,,,,,,,14.66,13.13,16.31,,,,,,
2025-04-19,,,,,,,,,,,,,20.02,18.7,21.43,,,,,,,,,,,,,34.69,33.1,36.23,,,,,,,,,,,,,14.16,12.8,15.49,,,,,,,,,,,,,,,,,,,13.11,11.89,14.52,,,,,,,14.69,13.13,16.32,,,,,,
2025-04-20,,,,,,,,,,,,,19.99,18.68,21.42,,,,,,,,,,,,,34.67,33.1,36.2,,,,,,,,,,,,,14.17,12.84,15.51,,,,,,,,,,,,,,,,,,,13.12,11.91,14.52,,,,,,,14.72,13.14,16.34,,,,,,
2025-04-21,,,,,,,,,,,,,19.97,18.66,21.39,,,,,,,,,,,,,34.66,33.1,36.17,,,,,,,,,,,,,14.18,12.84,15.53,,,,,,,,,,,,,,,,,,,13.14,11.93,14.53,,,,,,,14.75,13.14,16.41,,,,,,
2025-04-22,,,,,,,,,,,,,19.94,18.63,21.37,,,,,,,,,,,,,34.64,33.1,36.16,,,,,,,,,,,,,14.19,12.86,15.56,,,,,,,,,,,,,,,,,,,13.16,11.97,14.55,,,,,,,14.77,13.14,16.47,22.0,35.0,17.0,,13.0,9.0
2025-04-23,,,,,,,,,,,,,19.91,18.61,21.35,,,,,,,,,,,,,34.63,33.1,36.16,,,,,,,,,,,,,14.19,12.86,15.6,,,,,,,,,,,,,,,,,,,13.17,11.98,14.56,,,,,,,14.8,13.16,16.54,,,,,,
2025-04-24,,,,,,,,,,,,,19.88,18.59,21.32,,,,,,,,,,,,,34.62,33.11,36.13,,,,,,,,,,,,,14.2,12.85,15.64,,,,,,,,,,,,,,,,,,,13.19,11.98,14.58,,,,,,,14.83,13.22,16.6,,,,,,
2025-04-25,,,,,,,,,,,,,19.85,18.57,21.3,,,,,,,,,,,,,34.6,33.12,36.1,,,,,,,,,,,,,14.21,12.86,15.65,,,,,,,,,,,,,,,,,,,13.21,11.98,14.59,,,,,,,14.86,13.29,16.67,23.0,36.0,12.0,,12.0,14.0
2025-04-26,,,,,,,,,,,,,19.82,18.53,21.27,,,,,,,,,,,,,34.59,33.13,36.1,,,,,,,,,,,,,14.21,12.88,15.67,,,,,,,,,,,,,,,,,,,13.22,11.98,14.6,,,,,,,14.89,13.33,16.7,,,,,,
2025-04-27,,,,,,,,,,,,,19.79,18.49,21.24,,,,,,,,,,,,,34.58,33.11,36.09,,,,,,,,,,,,,14.22,12.86,15.68,,,,,,,,,,,,,,,,,,,13.23,11.99,14.61,,,,,,,14.92,13.37,16.73,,,,,,
2025-04-28,,,,,,,,,,,,,19.76,18.44,21.21,,,,,,,,,,,,,34.57,33.1,36.09,,,,,,,,,,,,,14.23,12.85,15.69,,,,,,,,,,,,,,,,,,,13.25,12.0,14.62,,,,,,,14.95,13.37,16.76,18.0,36.0,13.0,,16.0,16.0
2025-04-29,,,,,,,,,,,,,19.73,18.42,21.2,,,,,,,,,,,,,34.55,33.1,36.08,,,,,,,,,,,,,14.24,12.84,15.7,,,,,,,,,,,,,,,,,,,13.26,12.0,14.65,,,,,,,14.99,13.38,16.79,,,,,,
2025-04-30,,,,,,,,,,,,,19.69,18.39,21.19,,,,,,,,,,,,,34.54,33.11,36.08,,,,,,,,,,,,,14.24,12.83,15.71,,,,,,,,,,,,,,,,,,,13.27,12.0,14.69,,,,,,,15.02,13.39,16.82,,,,,,
2025-05-01,,,,,,,,,,,,,19.65,18.36,21.17,,,,,,,,,,,,,34.53,33.14,36.07,,,,,,,,,,,,,14.25,12.82,15.72,,,,,,,,,,,,,,,,,,,13.29,12.0,14.73,,,,,,,15.06,13.43,16.83,,,,,,
2025-05-02,,,,,,,,,,,,,19.62,18.34,21.16,,,,,,,,,,,,,34.52,33.18,36.06,,,,,,,,,,,,,14.26,12.85,15.74,,,,,,,,,,,,,,,,,,,13.3,12.0,14.78,,,,,,,15.09,13.47,16.83,19.0,35.0,11.0,,11.0,21.0
2025-05-03,,,,,,,,,,,,,19.58,18.32,21.13,,,,,,,,,,,,,34.5,33.22,36.06,,,,,,,,,,,,,14.26,12.85,15.75,,,,,,,,,,,,,,,,,,,13.31,12.01,14.82,,,,,,,15.13,13.49,16.83,20.0,34.0,14.0,,15.0,14.0
2025-05-04,,,,,,,,,,,,,19.54,18.29,21.08,,,,,,,,,,,,,34.49,33.25,36.05,,,,,,,,,,,,,14.27,12.89,15.76,,,,,,,,,,,,,,,,,,,13.33,12.02,14.87,,,,,,,15.17,13.5,16.84,,,,,,
2025-05-05,,,,,,,,,,,,,19.5,18.27,21.01,,,,,,,,,,,,,34.48,33.2,36.04,,,,,,,,,,,,,14.28,12.91,15.77,,,,,,,,,,,,,,,,,,,13.34,12.02,14.91,,,,,,,15.21,13.52,16.85,,,,,,
2025-05-06,,,,,,,,,,,,,19.46,18.22,20.95,,,,,,,,,,,,,34.47,33.22,36.06,,,,,,,,,,,,,14.28,12.9,15.77,,,,,,,,,,,,,,,,,,,13.35,12.04,14.96,,,,,,,15.25,13.53,16.86,17.0,36.0,16.0,,14.0,14.0
2025-05-07,,,,,,,,,,,,,19.42,18.16,20.88,,,,,,,,,,,,,34.45,33.21,36.02,,,,,,,,,,,,,14.29,12.9,15.78,,,,,,,,,,,,,,,,,,,13.36,12.08,14.95,,,,,,,15.29,13.55,16.86,,,,,,
2025-05-08,,,,,,,,,,,,,19.38,18.11,20.83,,,,,,,,,,,,,34.44,33.2,36.01,,,,,,,,,,,,,14.3,12.89,15.78,,,,,,,,,,,,,,,,,,,13.38,12.11,14.95,,,,,,,15.33,13.62,16.87,,,,,,
2025-05-09,,,,,,,,,,,,,19.34,18.06,20.8,,,,,,,,,,,,,34.42,33.18,35.99,,,,,,,,,,,,,14.31,12.91,15.78,,,,,,,,,,,,,,,,,,,13.39,12.14,14.98,,,,,,,15.37,13.68,16.91,,,,,,
2025-05-10,,,,,,,,,,,,,19.29,18.01,20.77,,,,,,,,,,,,,34.41,33.17,35.98,,,,,,,,,,,,,14.31,12.94,15.78,,,,,,,,,,,,,,,,,,,13.4,12.18,15.01,,,,,,,15.41,13.72,16.95,,,,,,
2025-05-11,,,,,,,,,,,,,19.25,17.96,20.73,,,,,,,,,,,,,34.39,33.13,35.96,,,,,,,,,,,,,14.32,12.97,15.78,,,,,,,,,,,,,,,,,,,13.42,12.21,15.04,,,,,,,15.45,13.77,16.98,,,,,,
2025-05-12,,,,,,,,,,,,,19.2,17.91,20.68,,,,,,,,,,,,,34.38,33.1,35.95,,,,,,,,,,,,,14.33,12.97,15.77,,,,,,,,,,,,,,,,,,,13.43,12.22,15.05,,,,,,,15.49,13.82,17.03,16.0,30.0,20.0,,13.0,19.0
2025-05-13,,,,,,,,,,,,,19.16,17.86,20.65,,,,,,,,,,,,,34.36,33.07,35.93,,,,,,,,,,,,,14.33,12.98,15.77,,,,,,,,,,,,,,,,,,,13.45,12.22,15.04,,,,,,,15.54,13.87,17.1,,,,,,
2025-05-14,,,,,,,,,,,,,19.11,17.81,20.61,,,,,,,,,,,,,34.35,33.03,35.91,,,,,,,,,,,,,14.34,12.99,15.76,,,,,,,,,,,,,,,,,,,13.46,12.23,15.04,,,,,,,15.58,13.92,17.17,,,,,,
2025-05-15,,,,,,,,,,,,,19.07,17.77,20.57,,,,,,,,,,,,,34.33,33.0,35.9,,,,,,,,,,,,,14.35,13.0,15.76,,,,,,,,,,,,,,,,,,,13.47,12.24,15.03,,,,,,,15.62,14.0,17.22,,,,,,
2025-05-16,,,,,,,,,,,,,19.02,17.72,20.54,,,,,,,,,,,,,34.31,33.03,35.87,,,,,,,,,,,,,14.35,13.02,15.75,,,,,,,,,,,,,,,,,,,13.49,12.25,15.03,,,,,,,15.67,14.11,17.24,,,,,,
2025-05-17,,,,,,,,,,,,,18.97,17.68,20.5,,,,,,,,,,,,,34.29,33.04,35.85,,,,,,,,,,,,,14.36,13.01,15.76,,,,,,,,,,,,,,,,,,,13.5,12.27,15.02,,,,,,,15.71,14.2,17.28,,,,,,
2025-05-18,,,,,,,,,,,,,18.93,17.64,20.45,,,,,,,,,,,,,34.27,33.07,35.83,,,,,,,,,,,,,14.37,12.98,15.76,,,,,,,,,,,,,,,,,,,13.52,12.28,15.02,,,,,,,15.76,14.25,17.3,,,,,,
2025-05-19,,,,,,,,,,,,,18.88,17.6,20.39,,,,,,,,,,,,,34.24,33.07,35.8,,,,,,,,,,,,,14.37,13.05,15.75,,,,,,,,,,,,,,,,,,,13.53,12.29,15.01,,,,,,,15.8,14.29,17.33,16.0,32.0,15.0,,13.0,20.0
2025-05-20,,,,,,,,,,,,,18.84,17.56,20.32,,,,,,,,,,,,,34.22,33.05,35.77,,,,,,,,,,,,,14.38,13.1,15.75,,,,,,,,,,,,,,,,,,,13.54,12.3,15.01,,,,,,,15.84,14.34,17.36,,,,,,
2025-05-21,,,,,,,,,,,,,18.79,17.52,20.25,,,,,,,,,,,,,34.2,33.02,35.73,,,,,,,,,,,,,14.38,13.07,15.77,,,,,,,,,,,,,,,,,,,13.56,12.31,15.0,,,,,,,15.89,14.39,17.39,18.0,35.0,15.0,,14.0,16.0
2025-05-22,,,,,,,,,,,,,18.74,17.46,20.18,,,,,,,,,,,,,34.17,33.01,35.7,,,,,,,,,,,,,14.39,13.05,15.79,,,,,,,,,,,,,,,,,,,13.57,12.31,15.0,,,,,,,15.93,14.41,17.43,,,,,,
2025-05-23,,,,,,,,,,,,,18.7,17.42,20.12,,,,,,,,,,,,,34.15,32.99,35.66,,,,,,,,,,,,,14.39,13.08,15.8,,,,,,,,,,,,,,,,,,,13.58,12.3,15.0,,,,,,,15.97,14.44,17.48,,,,,,
2025-05-24,,,,,,,,,,,,,18.65,17.38,20.07,,,,,,,,,,,,,34.12,32.98,35.6,,,,,,,,,,,,,14.4,13.09,15.8,,,,,,,,,,,,,,,,,,,13.6,12.28,15.05,,,,,,,16.01,14.47,17.52,,,,,,
2025-05-25,,,,,,,,,,,,,18.61,17.34,20.05,,,,,,,,,,,,,34.1,32.97,35.53,,,,,,,,,,,,,14.4,13.08,15.82,,,,,,,,,,,,,,,,,,,13.61,12.28,15.05,,,,,,,16.05,14.5,17.56,,,,,,
2025-05-26,,,,,,,,,,,,,18.56,17.33,20.04,,,,,,,,,,,,,34.07,32.92,35.48,,,,,,,,,,,,,14.41,13.08,15.79,,,,,,,,,,,,,,,,,,,13.63,12.36,15.07,,,,,,,16.1,14.56,17.6,,,,,,
2025-05-27,,,,,,,,,,,,,18.52,17.32,20.02,,,,,,,,,,,,,34.04,32.93,35.48,,,,,,,,,,,,,14.41,13.07,15.75,,,,,,,,,,,,,,,,,,,13.64,12.39,15.12,,,,,,,16.13,14.64,17.65,21.0,33.0,12.0,,12.0,19.0
2025-05-28,,,,,,,,,,,,,18.48,17.28,19.99,,,,,,,,,,,,,34.01,32.9,35.44,,,,,,,,,,,,,14.42,13.06,15.74,,,,,,,,,,,,,,,,,,,13.65,12.39,15.17,,,,,,,16.17,14.71,17.7,,,,,,
2025-05-29,,,,,,,,,,,,,18.44,17.21,19.96,,,,,,,,,,,,,33.98,32.88,35.4,,,,,,,,,,,,,14.42,13.04,15.76,,,,,,,,,,,,,,,,,,,13.67,12.41,15.21,,,,,,,16.21,14.76,17.76,,,,,,
2025-05-30,,,,,,,,,,,,,18.39,17.13,19.9,,,,,,,,,,,,,33.95,32.85,35.43,,,,,,,,,,,,,14.42,13.06,15.77,,,,,,,,,,,,,,,,,,,13.68,12.41,15.26,,,,,,,16.25,14.79,17.77,,,,,,
2025-05-31,,,,,,,,,,,,,18.35,17.09,19.82,,,,,,,,,,,,,33.92,32.79,35.39,,,,,,,,,,,,,14.43,13.06,15.78,,,,,,,,,,,,,,,,,,,13.7,12.41,15.28,,,,,,,16.28,14.82,17.79,,,,,,
2025-06-01,,,,,,,,,,,,,18.31,17.06,19.74,,,,,,,,,,,,,33.89,32.77,35.35,,,,,,,,,,,,,14.43,13.05,15.79,,,,,,,,,,,,,,,,,,,13.71,12.42,15.29,,,,,,,16.32,14.85,17.83,,,,,,
2025-06-02,,,,,,,,,,,,,18.27,17.03,19.68,,,,,,,,,,,,,33.86,32.74,35.3,,,,,,,,,,,,,14.43,13.06,15.8,,,,,,,,,,,,,,,,,,,13.73,12.42,15.29,,,,,,,16.35,14.88,17.86,21.0,31.0,18.0,,12.0,15.0
2025-06-03,,,,,,,,,,,,,18.24,17.0,19.6,,,,,,,,,,,,,33.83,32.71,35.26,,,,,,,,,,,,,14.43,13.07,15.79,,,,,,,,,,,,,,,,,,,13.74,12.43,15.27,,,,,,,16.38,14.91,17.9,,,,,,
2025-06-04,,,,,,,,,,,,,18.2,16.97,19.53,,,,,,,,,,,,,33.79,32.65,35.23,,,,,,,,,,,,,14.43,13.08,15.78,,,,,,,,,,,,,,,,,,,13.76,12.43,15.3,,,,,,,16.41,14.92,17.95,,,,,,
2025-06-05,,,,,,,,,,,,,18.16,16.94,19.5,,,,,,,,,,,,,33.76,32.58,35.17,,,,,,,,,,,,,14.43,13.05,15.81,,,,,,,,,,,,,,,,,,,13.77,12.49,15.3,,,,,,,16.44,14.94,17.99,,,,,,
2025-06-06,,,,,,,,,,,,,18.13,16.92,19.47,,,,,,,,,,,,,33.73,32.53,35.15,,,,,,,,,,,,,14.43,13.03,15.81,,,,,,,,,,,,,,,,,,,13.79,12.54,15.31,,,,,,,16.46,14.95,18.04,,,,,,
2025-06-07,,,,,,,,,,,,,18.1,16.88,19.44,,,,,,,,,,,,,33.69,32.53,35.13,,,,,,,,,,,,,14.43,13.03,15.81,,,,,,,,,,,,,,,,,,,13.8,12.57,15.32,,,,,,,16.48,14.99,18.06,,,,,,
2025-06-08,,,,,,,,,,,,,18.07,16.83,19.4,,,,,,,,,,,,,33.66,32.49,35.08,,,,,,,,,,,,,14.43,13.03,15.8,,,,,,,,,,,,,,,,,,,13.81,12.6,15.35,,,,,,,16.51,15.01,18.1,,,,,,
2025-06-09,,,,,,,,,,,,,18.04,16.78,19.37,,,,,,,,,,,,,33.62,32.47,35.07,,,,,,,,,,,,,14.43,13.02,15.8,,,,,,,,,,,,,,,,,,,13.83,12.61,15.37,,,,,,,16.53,15.03,18.14,18.0,37.0,13.0,,14.0,15.0
2025-06-10,,,,,,,,,,,,,18.01,16.76,19.37,,,,,,,,,,,,,33.59,32.43,35.06,,,,,,,,,,,,,14.43,13.04,15.81,,,,,,,,,,,,,,,,,,,13.84,12.61,15.39,,,,,,,16.54,15.05,18.14,,,,,,
2025-06-11,,,,,,,,,,,,,17.98,16.72,19.37,,,,,,,,,,,,,33.55,32.38,35.04,,,,,,,,,,,,,14.43,13.07,15.82,,,,,,,,,,,,,,,,,,,13.86,12.63,15.41,,,,,,,16.56,15.05,18.17,,,,,,
2025-06-12,,,,,,,,,,,,,17.95,16.69,19.33,,,,,,,,,,,,,33.52,32.34,35.01,,,,,,,,,,,,,14.43,13.1,15.82,,,,,,,,,,,,,,,,,,,13.87,12.66,15.43,,,,,,,16.58,15.09,18.2,20.0,35.0,13.0,,13.0,16.0
2025-06-13,,,,,,,,,,,,,17.93,16.64,19.3,,,,,,,,,,,,,33.49,32.3,34.97,,,,,,,,,,,,,14.43,13.12,15.81,,,,,,,,,,,,,,,,,,,13.89,12.7,15.39,,,,,,,16.59,15.12,18.22,20.0,32.0,12.0,,9.0,22.0
2025-06-14,,,,,,,,,,,,,17.9,16.61,19.26,,,,,,,,,,,,,33.45,32.25,34.95,,,,,,,,,,,,,14.43,13.13,15.8,,,,,,,,,,,,,,,,,,,13.9,12.74,15.42,,,,,,,16.6,15.17,18.21,,,,,,
2025-06-15,,,,,,,,,,,,,17.88,16.61,19.24,,,,,,,,,,,,,33.42,32.19,34.92,,,,,,,,,,,,,14.43,13.16,15.78,,,,,,,,,,,,,,,,,,,13.92,12.77,15.48,,,,,,,16.61,15.19,18.22,,,,,,
2025-06-16,,,,,,,,,,,,,17.86,16.59,19.21,,,,,,,,,,,,,33.39,32.11,34.87,,,,,,,,,,,,,14.43,13.14,15.79,,,,,,,,,,,,,,,,,,,13.93,12.78,15.5,,,,,,,16.62,15.17,18.21,15.0,38.0,16.0,,11.0,18.0
2025-06-17,,,,,,,,,,,,,17.83,16.56,19.18,,,,,,,,,,,,,33.35,32.05,34.82,,,,,,,,,,,,,14.43,13.12,15.79,,,,,,,,,,,,,,,,,,,13.94,12.81,15.52,,,,,,,16.63,15.14,18.19,,,,,,
2025-06-18,,,,,,,,,,,,,17.81,16.53,19.18,,,,,,,,,,,,,33.32,32.0,34.8,,,,,,,,,,,,,14.43,13.13,15.77,,,,,,,,,,,,,,,,,,,13.96,12.86,15.54,,,,,,,16.63,15.15,18.17,,,,,,
2025-06-19,,,,,,,,,,,,,17.79,16.5,19.13,,,,,,,,,,,,,33.29,31.98,34.77,,,,,,,,,,,,,14.43,13.13,15.79,,,,,,,,,,,,,,,,,,,13.97,12.88,15.56,,,,,,,16.64,15.17,18.15,,,,,,
2025-06-20,,,,,,,,,,,,,17.77,16.47,19.13,,,,,,,,,,,,,33.26,31.9,34.77,,,,,,,,,,,,,14.43,13.11,15.8,,,,,,,,,,,,,,,,,,,13.99,12.87,15.57,,,,,,,16.64,15.2,18.15,,,,,,
2025-06-21,,,,,,,,,,,,,17.75,16.45,19.11,,,,,,,,,,,,,33.22,31.86,34.75,,,,,,,,,,,,,14.42,13.09,15.79,,,,,,,,,,,,,,,,,,,14.0,12.89,15.61,,,,,,,16.64,15.22,18.15,,,,,,
2025-06-22,,,,,,,,,,,,,17.73,16.43,19.05,,,,,,,,,,,,,33.19,31.84,34.72,,,,,,,,,,,,,14.42,13.09,15.78,,,,,,,,,,,,,,,,,,,14.02,12.9,15.65,,,,,,,16.64,15.23,18.15,,,,,,
2025-06-23,,,,,,,,,,,,,17.72,16.4,19.02,,,,,,,,,,,,,33.16,31.83,34.69,,,,,,,,,,,,,14.42,13.08,15.79,,,,,,,,,,,,,,,,,,,14.03,12.9,15.68,,,,,,,16.63,15.25,18.14,19.0,35.0,14.0,,12.0,15.0
2025-06-24,,,,,,,,,,,,,17.7,16.39,19.0,,,,,,,,,,,,,33.13,31.82,34.69,,,,,,,,,,,,,14.42,13.09,15.81,,,,,,,,,,,,,,,,,,,14.04,12.9,15.72,,,,,,,16.63,15.27,18.13,,,,,,
2025-06-25,,,,,,,,,,,,,17.68,16.38,18.97,,,,,,,,,,,,,33.1,31.81,34.68,,,,,,,,,,,,,14.42,13.09,15.78,,,,,,,,,,,,,,,,,,,14.06,12.92,15.76,,,,,,,16.62,15.23,18.13,,,,,,
2025-06-26,,,,,,,,,,,,,17.67,16.35,18.95,,,,,,,,,,,,,33.06,31.78,34.66,,,,,,,,,,,,,14.43,13.08,15.75,,,,,,,,,,,,,,,,,,,14.07,12.93,15.84,,,,,,,16.61,15.18,18.14,,,,,,
2025-06-27,,,,,,,,,,,,,17.65,16.32,18.93,,,,,,,,,,,,,33.03,31.74,34.62,,,,,,,,,,,,,14.43,13.07,15.72,,,,,,,,,,,,,,,,,,,14.09,12.94,15.84,,,,,,,16.6,15.17,18.14,,,,,,
2025-06-28,,,,,,,,,,,,,17.64,16.31,18.91,,,,,,,,,,,,,33.0,31.7,34.58,,,,,,,,,,,,,14.43,13.06,15.71,,,,,,,,,,,,,,,,,,,14.1,12.95,15.84,,,,,,,16.59,15.17,18.14,,,,,,
2025-06-29,,,,,,,,,,,,,17.62,16.3,18.91,,,,,,,,,,,,,32.97,31.67,34.59,,,,,,,,,,,,,14.43,13.05,15.76,,,,,,,,,,,,,,,,,,,14.12,12.97,15.84,,,,,,,16.57,15.16,18.14,,,,,,
2025-06-30,,,,,,,,,,,,,17.61,16.3,18.93,,,,,,,,,,,,,32.94,31.64,34.61,,,,,,,,,,,,,14.43,13.05,15.77,,,,,,,,,,,,,,,,,,,14.14,12.99,15.84,,,,,,,16.56,15.15,18.13,16.3,34.3,14.0,,14.3,18.0
2025-07-01,,,,,,,,,,,,,17.59,16.3,18.96,,,,,,,,,,,,,32.91,31.6,34.61,,,,,,,,,,,,,14.43,13.07,15.75,,,,,,,,,,,,,,,,,,,14.15,13.01,15.83,,,,,,,16.54,15.15,18.1,,,,,,
2025-07-02,,,,,,,,,,,,,17.58,16.29,18.9,,,,,,,,,,,,,32.88,31.57,34.55,,,,,,,,,,,,,14.43,13.09,15.73,,,,,,,,,,,,,,,,,,,14.17,13.02,15.83,,,,,,,16.52,15.11,18.08,,,,,,
2025-07-03,,,,,,,,,,,,,17.57,16.29,18.84,,,,,,,,,,,,,32.85,31.55,34.46,,,,,,,,,,,,,14.44,13.1,15.73,,,,,,,,,,,,,,,,,,,14.18,13.02,15.82,,,,,,,16.5,15.09,18.06,,,,,,
2025-07-04,,,,,,,,,,,,,17.55,16.29,18.85,,,,,,,,,,,,,32.82,31.5,34.38,,,,,,,,,,,,,14.44,13.12,15.72,,,,,,,,,,,,,,,,,,,14.2,13.01,15.84,,,,,,,16.48,15.08,18.03,,,,,,
2025-07-05,,,,,,,,,,,,,17.54,16.29,18.87,,,,,,,,,,,,,32.79,31.45,34.34,,,,,,,,,,,,,14.44,13.11,15.72,,,,,,,,,,,,,,,,,,,14.21,13.02,15.87,,,,,,,16.46,15.08,18.01,,,,,,
2025-07-06,,,,,,,,,,,,,17.53,16.28,18.88,,,,,,,,,,,,,32.76,31.4,34.3,,,,,,,,,,,,,14.44,13.13,15.7,,,,,,,,,,,,,,,,,,,14.23,13.01,15.9,,,,,,,16.44,15.07,17.98,,,,,,
2025-07-07,,,,,,,,,,,,,17.51,16.28,18.88,,,,,,,,,,,,,32.74,31.35,34.28,,,,,,,,,,,,,14.44,13.14,15.68,,,,,,,,,,,,,,,,,,,14.24,13.01,15.91,,,,,,,16.42,15.04,17.96,17.0,32.0,16.0,,18.0,14.0
2025-07-08,,,,,,,,,,,,,17.5,16.25,18.83,,,,,,,,,,,,,32.71,31.31,34.25,,,,,,,,,,,,,14.44,13.14,15.67,,,,,,,,,,,,,,,,,,,14.26,13.02,15.93,,,,,,,16.4,15.03,17.91,,,,,,
2025-07-09,,,,,,,,,,,,,17.48,16.22,18.83,,,,,,,,,,,,,32.68,31.25,34.23,,,,,,,,,,,,,14.45,13.11,15.66,,,,,,,,,,,,,,,,,,,14.27,13.02,15.95,,,,,,,16.38,15.01,17.87,,,,,,
2025-07-10,,,,,,,,,,,,,17.47,16.19,18.82,,,,,,,,,,,,,32.65,31.19,34.2,,,,,,,,,,,,,14.45,13.09,15.68,,,,,,,,,,,,,,,,,,,14.28,13.05,15.97,,,,,,,16.36,14.99,17.84,,,,,,
2025-07-11,,,,,,,,,,,,,17.45,16.21,18.82,,,,,,,,,,,,,32.62,31.14,34.18,,,,,,,,,,,,,14.45,13.11,15.67,,,,,,,,,,,,,,,,,,,14.3,13.06,15.97,,,,,,,16.35,14.98,17.83,18.0,30.0,15.0,,6.0,22.0
2025-07-12,,,,,,,,,,,,,17.44,16.2,18.81,,,,,,,,,,,,,32.6,31.09,34.14,,,,,,,,,,,,,14.45,13.11,15.66,,,,,,,,,,,,,,,,,,,14.31,13.08,15.97,,,,,,,16.33,14.96,17.81,,,,,,
2025-07-13,,,,,,,,,,,,,17.42,16.17,18.79,,,,,,,,,,,,,32.57,31.04,34.1,,,,,,,,,,,,,14.45,13.1,15.67,,,,,,,,,,,,,,,,,,,14.32,13.1,15.99,,,,,,,16.31,14.95,17.79,,,,,,
2025-07-14,,,,,,,,,,,,,17.4,16.12,18.78,,,,,,,,,,,,,32.54,30.99,34.09,,,,,,,,,,,,,14.45,13.09,15.66,,,,,,,,,,,,,,,,,,,14.33,13.11,16.01,,,,,,,16.29,14.94,17.78,14.0,34.0,10.0,,21.0,16.0
2025-07-15,,,,,,,,,,,,,17.39,16.07,18.75,,,,,,,,,,,,,32.51,30.96,34.07,,,,,,,,,,,,,14.45,13.08,15.67,,,,,,,,,,,,,,,,,,,14.35,13.1,16.05,,,,,,,16.28,14.94,17.77,,,,,,
2025-07-16,,,,,,,,,,,,,17.37,16.02,18.72,,,,,,,,,,,,,32.49,30.94,34.04,,,,,,,,,,,,,14.45,13.08,15.68,,,,,,,,,,,,,,,,,,,14.36,13.12,16.05,,,,,,,16.26,14.9,17.75,,,,,,
2025-07-17,,,,,,,,,,,,,17.35,15.99,18.69,,,,,,,,,,,,,32.46,30.93,34.01,,,,,,,,,,,,,14.45,13.09,15.7,,,,,,,,,,,,,,,,,,,14.37,13.14,16.05,,,,,,,16.25,14.9,17.74,,,,,,
2025-07-18,,,,,,,,,,,,,17.32,15.95,18.67,,,,,,,,,,,,,32.43,30.91,33.98,,,,,,,,,,,,,14.45,13.09,15.7,,,,,,,,,,,,,,,,,,,14.38,13.17,16.04,,,,,,,16.23,14.87,17.73,,,,,,
2025-07-19,,,,,,,,,,,,,17.3,15.92,18.65,,,,,,,,,,,,,32.4,30.88,33.95,,,,,,,,,,,,,14.45,13.1,15.7,,,,,,,,,,,,,,,,,,,14.4,13.19,16.04,,,,,,,16.22,14.84,17.72,,,,,,
2025-07-20,,,,,,,,,,,,,17.28,15.9,18.64,,,,,,,,,,,,,32.37,30.86,33.92,,,,,,,,,,,,,14.45,13.12,15.7,,,,,,,,,,,,,,,,,,,14.41,13.22,16.03,,,,,,,16.21,14.82,17.7,,,,,,
2025-07-21,,,,,,,,,,,,,17.26,15.88,18.63,,,,,,,,,,,,,32.34,30.84,33.89,,,,,,,,,,,,,14.45,13.13,15.7,,,,,,,,,,,,,,,,,,,14.42,13.22,16.0,,,,,,,16.2,14.8,17.69,17.0,30.0,14.0,,16.0,18.0
2025-07-22,,,,,,,,,,,,,17.23,15.84,18.62,,,,,,,,,,,,,32.31,30.81,33.85,,,,,,,,,,,,,14.45,13.14,15.7,,,,,,,,,,,,,,,,,,,14.43,13.21,16.0,,,,,,,16.19,14.78,17.68,,,,,,
2025-07-23,,,,,,,,,,,,,17.21,15.8,18.62,,,,,,,,,,,,,32.28,30.76,33.86,,,,,,,,,,,,,14.45,13.14,15.69,,,,,,,,,,,,,,,,,,,14.45,13.21,16.01,,,,,,,16.18,14.77,17.68,18.0,33.0,14.0,,15.0,16.0
2025-07-24,,,,,,,,,,,,,17.19,15.8,18.61,,,,,,,,,,,,,32.25,30.68,33.84,,,,,,,,,,,,,14.45,13.15,15.69,,,,,,,,,,,,,,,,,,,14.46,13.21,16.01,,,,,,,16.17,14.73,17.65,,,,,,
2025-07-25,,,,,,,,,,,,,17.16,15.77,18.57,,,,,,,,,,,,,32.22,30.6,33.79,,,,,,,,,,,,,14.45,13.16,15.7,,,,,,,,,,,,,,,,,,,14.47,13.2,16.0,,,,,,,16.16,14.69,17.62,,,,,,
2025-07-26,,,,,,,,,,,,,17.14,15.73,18.51,,,,,,,,,,,,,32.19,30.54,33.74,,,,,,,,,,,,,14.45,13.17,15.71,,,,,,,,,,,,,,,,,,,14.48,13.19,16.03,,,,,,,16.16,14.68,17.62,,,,,,
2025-07-27,,,,,,,,,,,,,17.11,15.67,18.5,,,,,,,,,,,,,32.15,30.55,33.7,,,,,,,,,,,,,14.45,13.18,15.7,,,,,,,,,,,,,,,,,,,14.5,13.19,16.05,,,,,,,16.15,14.69,17.63,,,,,,
2025-07-28,,,,,,,,,,,,,17.08,15.62,18.49,,,,,,,,,,,,,32.12,30.54,33.67,,,,,,,,,,,,,14.45,13.18,15.68,,,,,,,,,,,,,,,,,,,14.51,13.18,16.07,,,,,,,16.14,14.69,17.63,19.0,26.0,15.0,,15.0,17.0
2025-07-29,,,,,,,,,,,,,17.06,15.57,18.49,,,,,,,,,,,,,32.09,30.55,33.62,,,,,,,,,,,,,14.45,13.17,15.66,,,,,,,,,,,,,,,,,,,14.52,13.17,16.07,,,,,,,16.14,14.68,17.61,,,,,,
2025-07-30,,,,,,,,,,,,,17.03,15.51,18.48,,,,,,,,,,,,,32.05,30.55,33.6,,,,,,,,,,,,,14.46,13.15,15.66,,,,,,,,,,,,,,,,,,,14.53,13.18,16.08,,,,,,,16.14,14.67,17.57,18.0,33.0,13.0,,13.0,18.0
2025-07-31,,,,,,,,,,,,,17.01,15.45,18.46,,,,,,,,,,,,,32.02,30.51,33.55,,,,,,,,,,,,,14.46,13.13,15.67,,,,,,,,,,,,,,,,,,,14.55,13.2,16.08,,,,,,,16.13,14.67,17.61,,,,,,
2025-08-01,,,,,,,,,,,,,16.98,15.4,18.45,,,,,,,,,,,,,31.99,30.43,33.48,,,,,,,,,,,,,14.46,13.12,15.67,,,,,,,,,,,,,,,,,,,14.56,13.25,16.08,,,,,,,16.13,14.67,17.62,,,,,,
2025-08-02,,,,,,,,,,,,,16.96,15.4,18.41,,,,,,,,,,,,,31.95,30.35,33.44,,,,,,,,,,,,,14.47,13.1,15.68,,,,,,,,,,,,,,,,,,,14.57,13.27,16.08,,,,,,,16.12,14.67,17.59,,,,,,
2025-08-03,,,,,,,,,,,,,16.94,15.41,18.36,,,,,,,,,,,,,31.92,30.28,33.44,,,,,,,,,,,,,14.47,13.08,15.68,,,,,,,,,,,,,,,,,,,14.58,13.29,16.07,,,,,,,16.12,14.66,17.56,,,,,,
2025-08-04,,,,,,,,,,,,,16.91,15.42,18.32,,,,,,,,,,,,,31.88,30.21,33.42,,,,,,,,,,,,,14.48,13.06,15.71,,,,,,,,,,,,,,,,,,,14.6,13.33,16.06,,,,,,,16.12,14.62,17.55,16.0,34.0,13.0,,18.0,14.0
2025-08-05,,,,,,,,,,,,,16.89,15.43,18.3,,,,,,,,,,,,,31.85,30.15,33.41,,,,,,,,,,,,,14.48,13.05,15.75,,,,,,,,,,,,,,,,,,,14.61,13.32,16.05,,,,,,,16.11,14.62,17.57,,,,,,
2025-08-06,,,,,,,,,,,,,16.87,15.43,18.27,,,,,,,,,,,,,31.82,30.09,33.4,,,,,,,,,,,,,14.48,13.07,15.75,,,,,,,,,,,,,,,,,,,14.62,13.29,16.04,,,,,,,16.11,14.61,17.58,,,,,,
2025-08-07,,,,,,,,,,,,,16.84,15.38,18.27,,,,,,,,,,,,,31.79,30.03,33.39,,,,,,,,,,,,,14.49,13.09,15.75,,,,,,,,,,,,,,,,,,,14.63,13.32,16.04,,,,,,,16.11,14.6,17.59,,,,,,
2025-08-08,,,,,,,,,,,,,16.82,15.34,18.26,,,,,,,,,,,,,31.75,30.02,33.38,,,,,,,,,,,,,14.49,13.12,15.77,,,,,,,,,,,,,,,,,,,14.65,13.36,16.08,,,,,,,16.1,14.6,17.62,,,,,,
2025-08-09,,,,,,,,,,,,,16.8,15.3,18.26,,,,,,,,,,,,,31.72,30.03,33.37,,,,,,,,,,,,,14.5,13.14,15.8,,,,,,,,,,,,,,,,,,,14.66,13.4,16.11,,,,,,,16.1,14.6,17.63,,,,,,
2025-08-10,,,,,,,,,,,,,16.78,15.25,18.26,,,,,,,,,,,,,31.69,30.04,33.37,,,,,,,,,,,,,14.5,13.16,15.83,,,,,,,,,,,,,,,,,,,14.67,13.4,16.13,,,,,,,16.09,14.59,17.65,,,,,,
2025-08-11,,,,,,,,,,,,,16.76,15.21,18.25,,,,,,,,,,,,,31.66,30.02,33.36,,,,,,,,,,,,,14.51,13.18,15.84,,,,,,,,,,,,,,,,,,,14.68,13.4,16.13,,,,,,,16.09,14.59,17.67,17.0,30.0,16.0,,19.0,13.0
2025-08-12,,,,,,,,,,,,,16.74,15.21,18.26,,,,,,,,,,,,,31.63,30.02,33.36,,,,,,,,,,,,,14.52,13.18,15.83,,,,,,,,,,,,,,,,,,,14.69,13.44,16.13,,,,,,,16.09,14.59,17.69,,,,,,
2025-08-13,,,,,,,,,,,,,16.73,15.22,18.28,,,,,,,,,,,,,31.6,30.03,33.35,,,,,,,,,,,,,14.52,13.18,15.85,,,,,,,,,,,,,,,,,,,14.71,13.46,16.14,,,,,,,16.08,14.59,17.69,,,,,,
2025-08-14,,,,,,,,,,,,,16.71,15.24,18.3,,,,,,,,,,,,,31.57,30.04,33.35,,,,,,,,,,,,,14.53,13.17,15.85,,,,,,,,,,,,,,,,,,,14.72,13.44,16.18,,,,,,,16.08,14.59,17.68,,,,,,
2025-08-15,,,,,,,,,,,,,16.69,15.25,18.32,,,,,,,,,,,,,31.54,30.05,33.32,,,,,,,,,,,,,14.53,13.17,15.84,,,,,,,,,,,,,,,,,,,14.73,13.43,16.21,,,,,,,16.07,14.59,17.69,,,,,,
2025-08-16,,,,,,,,,,,,,16.68,15.26,18.33,,,,,,,,,,,,,31.52,30.06,33.29,,,,,,,,,,,,,14.54,13.17,15.85,,,,,,,,,,,,,,,,,,,14.74,13.42,16.25,,,,,,,16.06,14.6,17.7,,,,,,
2025-08-17,,,,,,,,,,,,,16.66,15.27,18.35,,,,,,,,,,,,,31.49,30.06,33.25,,,,,,,,,,,,,14.55,13.17,15.85,,,,,,,,,,,,,,,,,,,14.76,13.41,16.28,,,,,,,16.06,14.6,17.71,,,,,,
2025-08-18,,,,,,,,,,,,,16.65,15.29,18.35,,,,,,,,,,,,,31.46,30.06,33.22,,,,,,,,,,,,,14.55,13.16,15.9,,,,,,,,,,,,,,,,,,,14.77,13.41,16.29,,,,,,,16.05,14.61,17.69,19.0,34.0,15.7,,11.7,12.3
2025-08-19,,,,,,,,,,,,,16.63,15.3,18.35,,,,,,,,,,,,,31.44,30.08,33.23,,,,,,,,,,,,,14.56,13.16,15.93,,,,,,,,,,,,,,,,,,,14.78,13.42,16.29,,,,,,,16.05,14.61,17.69,,,,,,
2025-08-20,,,,,,,,,,,,,16.62,15.3,18.34,,,,,,,,,,,,,31.41,30.09,33.2,,,,,,,,,,,,,14.56,13.16,15.97,,,,,,,,,,,,,,,,,,,14.8,13.45,16.28,,,,,,,16.04,14.62,17.7,,,,,,
2025-08-21,,,,,,,,,,,,,16.61,15.28,18.32,,,,,,,,,,,,,31.39,30.08,33.16,,,,,,,,,,,,,14.57,13.17,16.01,,,,,,,,,,,,,,,,,,,14.81,13.48,16.27,,,,,,,16.03,14.62,17.72,,,,,,
2025-08-22,,,,,,,,,,,,,16.6,15.26,18.3,,,,,,,,,,,,,31.37,30.08,33.13,,,,,,,,,,,,,14.58,13.17,16.05,,,,,,,,,,,,,,,,,,,14.83,13.52,16.28,,,,,,,16.03,14.63,17.73,,,,,,
2025-08-23,,,,,,,,,,,,,16.58,15.26,18.28,,,,,,,,,,,,,31.34,30.07,33.08,,,,,,,,,,,,,14.58,13.16,16.07,,,,,,,,,,,,,,,,,,,14.84,13.56,16.28,,,,,,,16.02,14.62,17.73,,,,,,
2025-08-24,,,,,,,,,,,,,16.57,15.25,18.29,,,,,,,,,,,,,31.32,30.04,33.04,,,,,,,,,,,,,14.59,13.19,16.09,,,,,,,,,,,,,,,,,,,14.86,13.59,16.32,,,,,,,16.01,14.61,17.73,,,,,,
2025-08-25,,,,,,,,,,,,,16.56,15.23,18.32,,,,,,,,,,,,,31.3,30.01,33.0,,,,,,,,,,,,,14.59,13.21,16.11,,,,,,,,,,,,,,,,,,,14.88,13.58,16.35,,,,,,,16.01,14.59,17.73,,,,,,
2025-08-26,,,,,,,,,,,,,16.55,15.22,18.32,,,,,,,,,,,,,31.28,30.0,32.95,,,,,,,,,,,,,14.6,13.22,16.14,,,,,,,,,,,,,,,,,,,14.89,13.59,16.38,,,,,,,16.0,14.59,17.73,15.0,28.0,17.0,,14.0,17.0
2025-08-27,,,,,,,,,,,,,16.54,15.22,18.31,,,,,,,,,,,,,31.26,30.0,32.91,,,,,,,,,,,,,14.6,13.24,16.16,,,,,,,,,,,,,,,,,,,14.91,13.58,16.4,,,,,,,15.99,14.57,17.72,,,,,,
2025-08-28,,,,,,,,,,,,,16.53,15.23,18.29,,,,,,,,,,,,,31.24,30.01,32.91,,,,,,,,,,,,,14.61,13.26,16.18,,,,,,,,,,,,,,,,,,,14.93,13.56,16.44,,,,,,,15.99,14.56,17.72,,,,,,
2025-08-29,,,,,,,,,,,,,16.52,15.24,18.28,,,,,,,,,,,,,31.22,29.96,32.91,,,,,,,,,,,,,14.62,13.27,16.17,,,,,,,,,,,,,,,,,,,14.95,13.59,16.5,,,,,,,15.98,14.56,17.71,,,,,,
2025-08-30,,,,,,,,,,,,,16.51,15.24,18.27,,,,,,,,,,,,,31.2,29.95,32.92,,,,,,,,,,,,,14.62,13.3,16.17,,,,,,,,,,,,,,,,,,,14.97,13.62,16.5,,,,,,,15.97,14.55,17.71,,,,,,
2025-08-31,,,,,,,,,,,,,16.51,15.23,18.25,,,,,,,,,,,,,31.18,29.91,32.87,,,,,,,,,,,,,14.63,13.32,16.16,,,,,,,,,,,,,,,,,,,14.99,13.66,16.53,,,,,,,15.97,14.56,17.7,,,,,,
2025-09-01,,,,,,,,,,,,,16.5,15.24,18.26,,,,,,,,,,,,,31.16,29.87,32.83,,,,,,,,,,,,,14.63,13.32,16.15,,,,,,,,,,,,,,,,,,,15.02,13.67,16.57,,,,,,,15.96,14.56,17.69,18.0,28.0,17.0,,12.0,16.0
2025-09-02,,,,,,,,,,,,,16.49,15.25,18.3,,,,,,,,,,,,,31.14,29.83,32.78,,,,,,,,,,,,,14.64,13.32,16.14,,,,,,,,,,,,,,,,,,,15.04,13.7,16.61,,,,,,,15.96,14.54,17.68,,,,,,
2025-09-03,,,,,,,,,,,,,16.48,15.27,18.31,,,,,,,,,,,,,31.12,29.82,32.81,,,,,,,,,,,,,14.64,13.34,16.16,,,,,,,,,,,,,,,,,,,15.07,13.71,16.65,,,,,,,15.95,14.53,17.68,17.0,32.0,15.0,,13.0,15.0
2025-09-04,,,,,,,,,,,,,16.47,15.27,18.3,,,,,,,,,,,,,31.1,29.8,32.84,,,,,,,,,,,,,14.65,13.36,16.2,,,,,,,,,,,,,,,,,,,15.1,13.73,16.69,,,,,,,15.94,14.5,17.68,,,,,,
2025-09-05,,,,,,,,,,,,,16.47,15.23,18.29,,,,,,,,,,,,,31.07,29.75,32.85,,,,,,,,,,,,,14.65,13.39,16.21,,,,,,,,,,,,,,,,,,,15.13,13.74,16.79,,,,,,,15.94,14.48,17.68,,,,,,
2025-09-06,,,,,,,,,,,,,16.46,15.2,18.28,,,,,,,,,,,,,31.05,29.7,32.88,,,,,,,,,,,,,14.65,13.41,16.24,,,,,,,,,,,,,,,,,,,15.16,13.76,16.88,,,,,,,15.93,14.46,17.7,,,,,,
2025-09-07,,,,,,,,,,,,,16.45,15.24,18.27,,,,,,,,,,,,,31.02,29.65,32.84,,,,,,,,,,,,,14.66,13.43,16.26,,,,,,,,,,,,,,,,,,,15.2,13.8,16.97,,,,,,,15.93,14.45,17.73,,,,,,
2025-09-08,,,,,,,,,,,,,16.45,15.23,18.26,,,,,,,,,,,,,31.0,29.62,32.79,,,,,,,,,,,,,14.66,13.46,16.24,,,,,,,,,,,,,,,,,,,15.23,13.84,16.98,,,,,,,15.92,14.43,17.73,15.0,31.0,15.0,,18.0,16.0
2025-09-09,,,,,,,,,,,,,16.44,15.21,18.25,,,,,,,,,,,,,30.97,29.62,32.74,,,,,,,,,,,,,14.67,13.44,16.22,,,,,,,,,,,,,,,,,,,15.27,13.84,16.98,,,,,,,15.92,14.42,17.7,,,,,,
2025-09-10,,,,,,,,,,,,,16.44,15.19,18.21,,,,,,,,,,,,,30.95,29.63,32.68,,,,,,,,,,,,,14.67,13.42,16.22,,,,,,,,,,,,,,,,,,,15.31,13.84,17.0,,,,,,,15.91,14.39,17.71,,,,,,
2025-09-11,,,,,,,,,,,,,16.43,15.18,18.18,,,,,,,,,,,,,30.92,29.56,32.62,,,,,,,,,,,,,14.67,13.39,16.23,,,,,,,,,,,,,,,,,,,15.35,13.88,17.05,,,,,,,15.91,14.36,17.72,,,,,,
2025-09-12,,,,,,,,,,,,,16.42,15.18,18.18,,,,,,,,,,,,,30.89,29.53,32.56,,,,,,,,,,,,,14.67,13.38,16.24,,,,,,,,,,,,,,,,,,,15.4,13.94,17.09,,,,,,,15.91,14.32,17.7,,,,,,
2025-09-13,,,,,,,,,,,,,16.42,15.18,18.17,,,,,,,,,,,,,30.86,29.52,32.49,,,,,,,,,,,,,14.68,13.37,16.25,,,,,,,,,,,,,,,,,,,15.44,14.0,17.11,,,,,,,15.9,14.33,17.68,,,,,,
2025-09-14,,,,,,,,,,,,,16.41,15.18,18.15,,,,,,,,,,,,,30.83,29.47,32.42,,,,,,,,,,,,,14.68,13.35,16.27,,,,,,,,,,,,,,,,,,,15.49,14.05,17.13,,,,,,,15.9,14.35,17.72,,,,,,
2025-09-15,,,,,,,,,,,,,16.41,15.17,18.12,,,,,,,,,,,,,30.8,29.45,32.34,,,,,,,,,,,,,14.68,13.33,16.29,,,,,,,,,,,,,,,,,,,15.54,14.11,17.18,,,,,,,15.89,14.36,17.7,16.0,35.0,12.0,,9.0,16.0
2025-09-16,,,,,,,,,,,,,16.4,15.15,18.11,,,,,,,,,,,,,30.77,29.41,32.31,,,,,,,,,,,,,14.68,13.3,16.29,,,,,,,,,,,,,,,,,,,15.59,14.16,17.23,,,,,,,15.89,14.35,17.68,,,,,,
2025-09-17,,,,,,,,,,,,,16.4,15.12,18.11,,,,,,,,,,,,,30.74,29.38,32.28,,,,,,,,,,,,,14.68,13.31,16.28,,,,,,,,,,,,,,,,,,,15.64,14.15,17.28,,,,,,,15.89,14.34,17.63,,,,,,
2025-09-18,,,,,,,,,,,,,16.39,15.08,18.11,,,,,,,,,,,,,30.71,29.37,32.26,,,,,,,,,,,,,14.67,13.33,16.29,,,,,,,,,,,,,,,,,,,15.7,14.19,17.34,,,,,,,15.88,14.32,17.59,15.0,26.0,11.0,,12.0,30.0
2025-09-19,,,,,,,,,,,,,16.39,15.05,18.1,,,,,,,,,,,,,30.68,29.37,32.26,,,,,,,,,,,,,14.67,13.33,16.29,,,,,,,,,,,,,,,,,,,15.76,14.24,17.4,,,,,,,15.88,14.32,17.54,,,,,,
2025-09-20,,,,,,,,,,,,,16.38,15.02,18.11,,,,,,,,,,,,,30.65,29.37,32.27,,,,,,,,,,,,,14.67,13.31,16.31,,,,,,,,,,,,,,,,,,,15.81,14.28,17.45,,,,,,,15.88,14.34,17.52,,,,,,
2025-09-21,,,,,,,,,,,,,16.38,15.0,18.09,,,,,,,,,,,,,30.62,29.33,32.23,,,,,,,,,,,,,14.66,13.3,16.34,,,,,,,,,,,,,,,,,,,15.88,14.32,17.5,,,,,,,15.88,14.34,17.51,,,,,,
2025-09-22,,,,,,,,,,,,,16.37,15.0,18.08,,,,,,,,,,,,,30.59,29.3,32.16,,,,,,,,,,,,,14.66,13.31,16.33,,,,,,,,,,,,,,,,,,,15.94,14.35,17.57,,,,,,,15.88,14.36,17.5,14.0,33.0,13.0,,16.0,15.0
2025-09-23,,,,,,,,,,,,,16.37,15.0,18.06,,,,,,,,,,,,,30.55,29.28,32.09,,,,,,,,,,,,,14.65,13.31,16.33,,,,,,,,,,,,,,,,,,,16.0,14.37,17.63,,,,,,,15.87,14.38,17.49,,,,,,
2025-09-24,,,,,,,,,,,,,16.36,15.02,18.05,,,,,,,,,,,,,30.52,29.22,32.04,,,,,,,,,,,,,14.64,13.3,16.32,,,,,,,,,,,,,,,,,,,16.07,14.43,17.69,,,,,,,15.87,14.38,17.46,,,,,,
2025-09-25,,,,,,,,,,,,,16.36,15.02,18.04,,,,,,,,,,,,,30.48,29.16,32.01,,,,,,,,,,,,,14.63,13.29,16.31,,,,,,,,,,,,,,,,,,,16.13,14.47,17.76,,,,,,,15.87,14.37,17.49,17.0,31.0,14.0,,12.0,16.0
2025-09-26,,,,,,,,,,,,,16.36,15.04,18.03,,,,,,,,,,,,,30.45,29.1,31.97,,,,,,,,,,,,,14.62,13.27,16.3,,,,,,,,,,,,,,,,,,,16.2,14.51,17.83,,,,,,,15.87,14.37,17.47,,,,,,
2025-09-27,,,,,,,,,,,,,16.35,15.06,18.01,,,,,,,,,,,,,30.41,29.05,31.92,,,,,,,,,,,,,14.61,13.25,16.28,,,,,,,,,,,,,,,,,,,16.27,14.56,17.94,,,,,,,15.87,14.36,17.45,,,,,,
2025-09-28,,,,,,,,,,,,,16.35,15.08,17.96,,,,,,,,,,,,,30.38,28.98,31.84,,,,,,,,,,,,,14.6,13.24,16.26,,,,,,,,,,,,,,,,,,,16.34,14.61,18.03,,,,,,,15.88,14.36,17.46,,,,,,
2025-09-29,,,,,,,,,,,,,16.35,15.1,17.92,,,,,,,,,,,,,30.34,28.92,31.8,,,,,,,,,,,,,14.59,13.22,16.24,,,,,,,,,,,,,,,,,,,16.42,14.66,18.16,,,,,,,15.88,14.36,17.47,15.0,30.0,16.0,,17.0,17.0
2025-09-30,,,,,,,,,,,,,16.35,15.08,17.92,,,,,,,,,,,,,30.3,28.88,31.73,,,,,,,,,,,,,14.57,13.21,16.22,,,,,,,,,,,,,,,,,,,16.49,14.72,18.27,,,,,,,15.88,14.36,17.48,,,,,,
2025-10-01,,,,,,,,,,,,,16.36,15.11,17.93,,,,,,,,,,,,,30.27,28.83,31.67,,,,,,,,,,,,,14.56,13.2,16.19,,,,,,,,,,,,,,,,,,,16.57,14.8,18.38,,,,,,,15.88,14.36,17.49,,,,,,
2025-10-02,,,,,,,,,,,,,16.36,15.14,17.93,,,,,,,,,,,,,30.23,28.79,31.65,,,,,,,,,,,,,14.54,13.18,16.17,,,,,,,,,,,,,,,,,,,16.64,14.88,18.49,,,,,,,15.88,14.37,17.51,,,,,,
2025-10-03,,,,,,,,,,,,,16.36,15.14,17.91,,,,,,,,,,,,,30.19,28.76,31.62,,,,,,,,,,,,,14.53,13.17,16.15,,,,,,,,,,,,,,,,,,,16.72,14.93,18.57,,,,,,,15.88,14.37,17.52,,,,,,
2025-10-04,,,,,,,,,,,,,16.37,15.14,17.89,,,,,,,,,,,,,30.15,28.72,31.6,,,,,,,,,,,,,14.51,13.14,16.12,,,,,,,,,,,,,,,,,,,16.8,14.96,18.65,,,,,,,15.88,14.37,17.53,,,,,,
2025-10-05,,,,,,,,,,,,,16.38,15.11,17.88,,,,,,,,,,,,,30.11,28.67,31.57,,,,,,,,,,,,,14.5,13.12,16.09,,,,,,,,,,,,,,,,,,,16.88,15.01,18.73,,,,,,,15.88,14.35,17.54,,,,,,
2025-10-06,,,,,,,,,,,,,16.38,15.11,17.88,,,,,,,,,,,,,30.07,28.64,31.52,,,,,,,,,,,,,14.48,13.12,16.06,,,,,,,,,,,,,,,,,,,16.96,15.08,18.81,,,,,,,15.88,14.32,17.55,17.0,32.0,16.0,,17.0,13.0
2025-10-07,,,,,,,,,,,,,16.39,15.13,17.89,,,,,,,,,,,,,30.02,28.59,31.47,,,,,,,,,,,,,14.46,13.11,16.03,,,,,,,,,,,,,,,,,,,17.04,15.15,18.88,,,,,,,15.88,14.3,17.56,,,,,,
2025-10-08,,,,,,,,,,,,,16.41,15.12,17.89,,,,,,,,,,,,,29.98,28.54,31.42,,,,,,,,,,,,,14.45,13.09,16.0,,,,,,,,,,,,,,,,,,,17.12,15.22,18.97,,,,,,,15.88,14.29,17.56,,,,,,
2025-10-09,,,,,,,,,,,,,16.42,15.15,17.89,,,,,,,,,,,,,29.94,28.47,31.37,,,,,,,,,,,,,14.43,13.07,15.97,,,,,,,,,,,,,,,,,,,17.2,15.29,19.04,,,,,,,15.88,14.27,17.57,,,,,,
2025-10-10,,,,,,,,,,,,,16.44,15.16,17.89,,,,,,,,,,,,,29.9,28.43,31.32,,,,,,,,,,,,,14.42,13.04,15.93,,,,,,,,,,,,,,,,,,,17.28,15.33,19.1,,,,,,,15.88,14.26,17.57,15.0,36.0,17.0,,4.0,22.0
2025-10-11,,,,,,,,,,,,,16.45,15.17,17.89,,,,,,,,,,,,,29.85,28.4,31.27,,,,,,,,,,,,,14.4,13.02,15.9,,,,,,,,,,,,,,,,,,,17.36,15.38,19.19,,,,,,,15.88,14.25,17.57,,,,,,
2025-10-12,,,,,,,,,,,,,16.47,15.18,17.89,,,,,,,,,,,,,29.81,28.35,31.22,,,,,,,,,,,,,14.38,13.02,15.87,,,,,,,,,,,,,,,,,,,17.44,15.42,19.24,,,,,,,15.88,14.25,17.57,,,,,,
2025-10-13,,,,,,,,,,,,,16.49,15.24,17.9,,,,,,,,,,,,,29.77,28.31,31.17,,,,,,,,,,,,,14.37,13.0,15.84,,,,,,,,,,,,,,,,,,,17.53,15.47,19.31,,,,,,,15.88,14.24,17.58,17.0,29.0,16.0,,19.0,13.0
2025-10-14,,,,,,,,,,,,,16.51,15.24,17.94,,,,,,,,,,,,,29.72,28.27,31.12,,,,,,,,,,,,,14.35,12.98,15.81,,,,,,,,,,,,,,,,,,,17.61,15.53,19.38,,,,,,,15.87,14.24,17.58,,,,,,
2025-10-15,,,,,,,,,,,,,16.53,15.23,17.99,,,,,,,,,,,,,29.68,28.26,31.07,,,,,,,,,,,,,14.34,12.96,15.79,,,,,,,,,,,,,,,,,,,17.69,15.66,19.46,,,,,,,15.87,14.24,17.56,,,,,,
2025-10-16,,,,,,,,,,,,,16.56,15.24,18.03,,,,,,,,,,,,,29.64,28.24,31.01,,,,,,,,,,,,,14.32,12.93,15.76,,,,,,,,,,,,,,,,,,,17.77,15.8,19.55,,,,,,,15.87,14.24,17.52,,,,,,
2025-10-17,,,,,,,,,,,,,16.58,15.28,18.05,,,,,,,,,,,,,29.59,28.19,30.96,,,,,,,,,,,,,14.3,12.9,15.75,,,,,,,,,,,,,,,,,,,17.86,15.89,19.65,,,,,,,15.86,14.24,17.48,,,,,,
2025-10-18,,,,,,,,,,,,,16.61,15.33,18.06,,,,,,,,,,,,,29.55,28.15,30.91,,,,,,,,,,,,,14.29,12.89,15.74,,,,,,,,,,,,,,,,,,,17.94,16.0,19.75,,,,,,,15.86,14.24,17.45,,,,,,
2025-10-19,,,,,,,,,,,,,16.64,15.37,18.07,,,,,,,,,,,,,29.51,28.1,30.86,,,,,,,,,,,,,14.27,12.87,15.75,,,,,,,,,,,,,,,,,,,18.02,16.11,19.84,,,,,,,15.85,14.24,17.4,,,,,,
2025-10-20,,,,,,,,,,,,,16.66,15.39,18.09,,,,,,,,,,,,,29.47,28.06,30.83,,,,,,,,,,,,,14.26,12.84,15.75,,,,,,,,,,,,,,,,,,,18.11,16.22,19.94,,,,,,,15.84,14.24,17.4,14.0,32.0,13.0,,19.0,17.0
2025-10-21,,,,,,,,,,,,,16.69,15.39,18.1,,,,,,,,,,,,,29.42,28.02,30.79,,,,,,,,,,,,,14.24,12.82,15.71,,,,,,,,,,,,,,,,,,,18.19,16.35,20.03,,,,,,,15.84,14.25,17.4,,,,,,
2025-10-22,,,,,,,,,,,,,16.72,15.39,18.12,,,,,,,,,,,,,29.38,27.97,30.75,,,,,,,,,,,,,14.23,12.8,15.67,,,,,,,,,,,,,,,,,,,18.27,16.42,20.09,,,,,,,15.83,14.25,17.37,,,,,,
2025-10-23,,,,,,,,,,,,,16.76,15.42,18.14,,,,,,,,,,,,,29.34,27.91,30.71,,,,,,,,,,,,,14.22,12.77,15.63,,,,,,,,,,,,,,,,,,,18.35,16.49,20.15,,,,,,,15.82,14.26,17.35,,,,,,
2025-10-24,,,,,,,,,,,,,16.79,15.46,18.19,,,,,,,,,,,,,29.29,27.85,30.66,,,,,,,,,,,,,14.2,12.74,15.59,,,,,,,,,,,,,,,,,,,18.44,16.56,20.2,,,,,,,15.81,14.26,17.33,,,,,,
2025-10-25,,,,,,,,,,,,,16.82,15.48,18.24,,,,,,,,,,,,,29.25,27.8,30.58,,,,,,,,,,,,,14.19,12.71,15.57,,,,,,,,,,,,,,,,,,,18.52,16.63,20.26,,,,,,,15.8,14.27,17.32,,,,,,
2025-10-26,,,,,,,,,,,,,16.86,15.45,18.26,,,,,,,,,,,,,29.21,27.75,30.54,,,,,,,,,,,,,14.18,12.68,15.54,,,,,,,,,,,,,,,,,,,18.6,16.71,20.34,,,,,,,15.79,14.27,17.31,,,,,,
2025-10-27,,,,,,,,,,,,,16.9,15.46,18.29,,,,,,,,,,,,,29.16,27.69,30.51,,,,,,,,,,,,,14.17,12.65,15.52,,,,,,,,,,,,,,,,,,,18.68,16.78,20.42,,,,,,,15.78,14.28,17.29,18.0,29.0,11.0,,21.0,17.0
2025-10-28,,,,,,,,,,,,,16.93,15.48,18.32,,,,,,,,,,,,,29.12,27.65,30.45,,,,,,,,,,,,,14.15,12.64,15.5,,,,,,,,,,,,,,,,,,,18.75,16.86,20.48,,,,,,,15.77,14.29,17.23,,,,,,
2025-10-29,,,,,,,,,,,,,16.97,15.51,18.35,,,,,,,,,,,,,29.07,27.57,30.38,,,,,,,,,,,,,14.14,12.64,15.48,,,,,,,,,,,,,,,,,,,18.83,16.9,20.53,,,,,,,15.76,14.29,17.23,,,,,,
2025-10-30,,,,,,,,,,,,,17.01,15.54,18.38,,,,,,,,,,,,,29.03,27.51,30.29,,,,,,,,,,,,,14.13,12.63,15.45,,,,,,,,,,,,,,,,,,,18.91,16.94,20.58,,,,,,,15.75,14.24,17.17,,,,,,
2025-10-31,,,,,,,,,,,,,17.05,15.58,18.43,,,,,,,,,,,,,28.98,27.44,30.27,,,,,,,,,,,,,14.12,12.63,15.43,,,,,,,,,,,,,,,,,,,18.98,16.99,20.66,,,,,,,15.74,14.2,17.12,,,,,,
2025-11-01,,,,,,,,,,,,,17.09,15.62,18.46,,,,,,,,,,,,,28.94,27.37,30.23,,,,,,,,,,,,,14.11,12.62,15.41,,,,,,,,,,,,,,,,,,,19.06,17.07,20.75,,,,,,,15.73,14.14,17.06,,,,,,
2025-11-02,,,,,,,,,,,,,17.14,15.7,18.49,,,,,,,,,,,,,28.89,27.31,30.16,,,,,,,,,,,,,14.1,12.62,15.39,,,,,,,,,,,,,,,,,,,19.13,17.16,20.85,,,,,,,15.72,14.11,17.04,,,,,,
2025-11-03,,,,,,,,,,,,,17.18,15.79,18.55,,,,,,,,,,,,,28.85,27.25,30.12,,,,,,,,,,,,,14.09,12.61,15.37,,,,,,,,,,,,,,,,,,,19.2,17.24,20.94,,,,,,,15.72,14.11,17.05,16.0,26.0,16.0,,25.0,13.0
2025-11-04,,,,,,,,,,,,,17.22,15.86,18.6,,,,,,,,,,,,,28.8,27.2,30.07,,,,,,,,,,,,,14.08,12.6,15.35,,,,,,,,,,,,,,,,,,,19.28,17.34,21.02,,,,,,,15.71,14.11,17.06,,,,,,
2025-11-05,,,,,,,,,,,,,17.26,15.87,18.66,,,,,,,,,,,,,28.76,27.17,30.03,,,,,,,,,,,,,14.07,12.6,15.33,,,,,,,,,,,,,,,,,,,19.35,17.45,21.09,,,,,,,15.7,14.1,17.07,,,,,,
2025-11-06,,,,,,,,,,,,,17.31,15.86,18.69,,,,,,,,,,,,,28.71,27.11,29.98,,,,,,,,,,,,,14.06,12.59,15.31,,,,,,,,,,,,,,,,,,,19.41,17.52,21.12,,,,,,,15.69,14.1,17.06,,,,,,
2025-11-07,,,,,,,,,,,,,17.35,15.9,18.72,,,,,,,,,,,,,28.66,27.06,29.95,,,,,,,,,,,,,14.05,12.6,15.3,,,,,,,,,,,,,,,,,,,19.48,17.59,21.16,,,,,,,15.68,14.11,17.05,15.0,31.0,13.0,,14.0,23.0
2025-11-08,,,,,,,,,,,,,17.39,15.95,18.73,,,,,,,,,,,,,28.62,27.01,29.91,,,,,,,,,,,,,14.04,12.6,15.3,,,,,,,,,,,,,,,,,,,19.55,17.68,21.22,,,,,,,15.67,14.12,17.03,,,,,,
2025-11-09,,,,,,,,,,,,,17.44,16.01,18.74,,,,,,,,,,,,,28.57,26.97,29.87,,,,,,,,,,,,,14.03,12.59,15.29,,,,,,,,,,,,,,,,,,,19.61,17.77,21.25,,,,,,,15.67,14.14,17.03,,,,,,
2025-11-10,,,,,,,,,,,,,17.48,16.05,18.79,,,,,,,,,,,,,28.52,26.93,29.82,,,,,,,,,,,,,14.03,12.59,15.26,,,,,,,,,,,,,,,,,,,19.68,17.85,21.29,,,,,,,15.66,14.15,17.01,20.0,25.0,15.0,,23.0,13.0
2025-11-11,,,,,,,,,,,,,17.53,16.08,18.81,,,,,,,,,,,,,28.48,26.9,29.78,,,,,,,,,,,,,14.01,12.59,15.24,,,,,,,,,,,,,,,,,,,19.74,17.92,21.35,,,,,,,15.66,14.17,17.0,,,,,,
2025-11-12,,,,,,,,,,,,,17.57,16.11,18.87,,,,,,,,,,,,,28.43,26.86,29.74,,,,,,,,,,,,,14.0,12.6,15.22,,,,,,,,,,,,,,,,,,,19.8,17.99,21.41,,,,,,,15.65,14.18,16.99,,,,,,
2025-11-13,,,,,,,,,,,,,17.61,16.16,18.94,,,,,,,,,,,,,28.39,26.82,29.7,,,,,,,,,,,,,13.99,12.61,15.21,,,,,,,,,,,,,,,,,,,19.86,18.06,21.47,,,,,,,15.65,14.2,16.98,,,,,,
2025-11-14,,,,,,,,,,,,,17.66,16.2,19.01,,,,,,,,,,,,,28.34,26.76,29.66,,,,,,,,,,,,,13.98,12.61,15.21,,,,,,,,,,,,,,,,,,,19.92,18.14,21.53,,,,,,,15.64,14.22,16.99,17.0,28.0,13.0,,18.0,17.0
2025-11-15,,,,,,,,,,,,,17.7,16.25,19.09,,,,,,,,,,,,,28.3,26.7,29.66,,,,,,,,,,,,,13.97,12.59,15.23,,,,,,,,,,,,,,,,,,,19.97,18.16,21.58,,,,,,,15.64,14.24,16.99,,,,,,
2025-11-16,,,,,,,,,,,,,17.74,16.29,19.14,,,,,,,,,,,,,28.26,26.64,29.61,,,,,,,,,,,,,13.96,12.58,15.24,,,,,,,,,,,,,,,,,,,20.03,18.24,21.63,,,,,,,15.64,14.24,17.02,,,,,,
2025-11-17,,,,,,,,,,,,,17.78,16.33,19.17,,,,,,,,,,,,,28.22,26.6,29.6,,,,,,,,,,,,,13.95,12.57,15.24,,,,,,,,,,,,,,,,,,,20.08,18.29,21.72,,,,,,,15.64,14.22,17.03,15.0,25.0,15.0,,26.0,15.0
2025-11-18,,,,,,,,,,,,,17.83,16.38,19.21,,,,,,,,,,,,,28.18,26.55,29.58,,,,,,,,,,,,,13.93,12.55,15.21,,,,,,,,,,,,,,,,,,,20.13,18.33,21.77,,,,,,,15.63,14.2,17.04,,,,,,
2025-11-19,,,,,,,,,,,,,17.87,16.44,19.27,,,,,,,,,,,,,28.14,26.52,29.61,,,,,,,,,,,,,13.92,12.54,15.24,,,,,,,,,,,,,,,,,,,20.18,18.4,21.8,,,,,,,15.63,14.18,17.03,,,,,,
2025-11-20,,,,,,,,,,,,,17.91,16.5,19.3,,,,,,,,,,,,,28.1,26.48,29.61,,,,,,,,,,,,,13.91,12.52,15.2,,,,,,,,,,,,,,,,,,,20.22,18.5,21.81,,,,,,,15.63,14.15,17.0,,,,,,
2025-11-21,,,,,,,,,,,,,17.95,16.56,19.32,,,,,,,,,,,,,28.06,26.46,29.59,,,,,,,,,,,,,13.89,12.49,15.16,,,,,,,,,,,,,,,,,,,20.27,18.58,21.85,,,,,,,15.63,14.18,17.0,,,,,,
2025-11-22,,,,,,,,,,,,,17.98,16.6,19.34,,,,,,,,,,,,,28.03,26.4,29.56,,,,,,,,,,,,,13.88,12.47,15.11,,,,,,,,,,,,,,,,,,,20.31,18.65,21.87,,,,,,,15.63,14.2,17.04,,,,,,
2025-11-23,,,,,,,,,,,,,18.02,16.63,19.37,,,,,,,,,,,,,27.99,26.34,29.53,,,,,,,,,,,,,13.86,12.44,15.11,,,,,,,,,,,,,,,,,,,20.35,18.7,21.89,,,,,,,15.64,14.22,17.03,,,,,,
2025-11-24,,,,,,,,,,,,,18.06,16.67,19.41,,,,,,,,,,,,,27.96,26.3,29.5,,,,,,,,,,,,,13.85,12.42,15.12,,,,,,,,,,,,,,,,,,,20.39,18.74,21.94,,,,,,,15.64,14.29,17.03,18.0,30.0,14.0,,21.0,11.0
2025-11-25,,,,,,,,,,,,,18.09,16.7,19.48,,,,,,,,,,,,,27.93,26.27,29.46,,,,,,,,,,,,,13.83,12.39,15.09,,,,,,,,,,,,,,,,,,,20.43,18.76,21.97,,,,,,,15.64,14.33,17.02,,,,,,
2025-11-26,,,,,,,,,,,,,18.12,16.73,19.51,,,,,,,,,,,,,27.9,26.25,29.45,,,,,,,,,,,,,13.81,12.37,15.05,,,,,,,,,,,,,,,,,,,20.46,18.79,22.01,,,,,,,15.65,14.39,17.02,,,,,,
2025-11-27,,,,,,,,,,,,,18.16,16.74,19.53,,,,,,,,,,,,,27.88,26.24,29.41,,,,,,,,,,,,,13.8,12.38,15.0,,,,,,,,,,,,,,,,,,,20.5,18.81,21.99,,,,,,,15.65,14.37,17.05,,,,,,
2025-11-28,,,,,,,,,,,,,18.19,16.77,19.55,,,,,,,,,,,,,27.85,26.22,29.37,,,,,,,,,,,,,13.78,12.36,14.98,,,,,,,,,,,,,,,,,,,20.53,18.82,22.0,,,,,,,15.66,14.37,17.09,,,,,,
2025-11-29,,,,,,,,,,,,,18.22,16.79,19.56,,,,,,,,,,,,,27.83,26.21,29.34,,,,,,,,,,,,,13.76,12.34,14.98,,,,,,,,,,,,,,,,,,,20.55,18.84,22.03,,,,,,,15.67,14.36,17.09,,,,,,
2025-11-30,,,,,,,,,,,,,18.24,16.82,19.59,,,,,,,,,,,,,27.81,26.2,29.3,,,,,,,,,,,,,13.74,12.32,14.99,,,,,,,,,,,,,,,,,,,20.58,18.85,22.06,,,,,,,15.67,14.36,17.09,,,,,,
2025-12-01,,,,,,,,,,,,,18.27,16.91,19.66,,,,,,,,,,,,,27.79,26.21,29.27,,,,,,,,,,,,,13.73,12.31,15.0,,,,,,,,,,,,,,,,,,,20.6,18.87,22.12,,,,,,,15.68,14.35,17.09,17.0,30.0,11.7,,21.0,17.3
2025-12-02,,,,,,,,,,,,,18.3,16.95,19.69,,,,,,,,,,,,,27.77,26.23,29.24,,,,,,,,,,,,,13.71,12.29,15.01,,,,,,,,,,,,,,,,,,,20.62,18.88,22.13,,,,,,,15.69,14.35,17.08,,,,,,
2025-12-03,,,,,,,,,,,,,18.32,16.99,19.72,,,,,,,,,,,,,27.76,26.25,29.22,,,,,,,,,,,,,13.69,12.27,15.01,,,,,,,,,,,,,,,,,,,20.64,18.89,22.14,,,,,,,15.7,14.35,17.08,17.0,28.0,12.0,,18.0,17.0
2025-12-04,,,,,,,,,,,,,18.34,17.02,19.75,,,,,,,,,,,,,27.75,26.22,29.2,,,,,,,,,,,,,13.67,12.26,15.02,,,,,,,,,,,,,,,,,,,20.65,18.9,22.17,,,,,,,15.71,14.35,17.08,,,,,,
2025-12-05,,,,,,,,,,,,,18.36,17.05,19.77,,,,,,,,,,,,,27.73,26.23,29.18,,,,,,,,,,,,,13.66,12.23,15.05,,,,,,,,,,,,,,,,,,,20.66,18.91,22.19,,,,,,,15.72,14.36,17.07,,,,,,
2025-12-06,,,,,,,,,,,,,18.38,17.08,19.79,,,,,,,,,,,,,27.72,26.25,29.16,,,,,,,,,,,,,13.64,12.21,15.03,,,,,,,,,,,,,,,,,,,20.67,18.9,22.23,,,,,,,15.73,14.36,17.07,,,,,,
2025-12-07,,,,,,,,,,,,,18.4,17.11,19.81,,,,,,,,,,,,,27.71,26.23,29.14,,,,,,,,,,,,,13.63,12.23,15.02,,,,,,,,,,,,,,,,,,,20.68,18.87,22.27,,,,,,,15.74,14.37,17.06,,,,,,
2025-12-08,,,,,,,,,,,,,18.42,17.12,19.83,,,,,,,,,,,,,27.71,26.23,29.13,,,,,,,,,,,,,13.62,12.23,15.01,,,,,,,,,,,,,,,,,,,20.69,18.84,22.31,,,,,,,15.75,14.42,17.06,22.0,22.0,16.0,,24.0,13.0
2025-12-09,,,,,,,,,,,,,18.44,17.12,19.85,,,,,,,,,,,,,27.7,26.22,29.12,,,,,,,,,,,,,13.6,12.24,15.01,,,,,,,,,,,,,,,,,,,20.7,18.8,22.35,,,,,,,15.76,14.41,17.1,,,,,,
2025-12-10,,,,,,,,,,,,,18.45,17.12,19.87,,,,,,,,,,,,,27.7,26.21,29.11,,,,,,,,,,,,,13.59,12.23,15.0,,,,,,,,,,,,,,,,,,,20.7,18.77,22.38,,,,,,,15.77,14.39,17.08,,,,,,
2025-12-11,,,,,,,,,,,,,18.47,17.11,19.88,,,,,,,,,,,,,27.69,26.21,29.1,,,,,,,,,,,,,13.58,12.23,14.99,,,,,,,,,,,,,,,,,,,20.71,18.73,22.41,,,,,,,15.78,14.4,17.11,,,,,,
2025-12-12,,,,,,,,,,,,,18.48,17.11,19.9,,,,,,,,,,,,,27.69,26.2,29.1,,,,,,,,,,,,,13.57,12.24,14.99,,,,,,,,,,,,,,,,,,,20.71,18.72,22.44,,,,,,,15.79,14.41,17.13,,,,,,
2025-12-13,,,,,,,,,,,,,18.5,17.15,19.92,,,,,,,,,,,,,27.69,26.22,29.09,,,,,,,,,,,,,13.56,12.21,14.98,,,,,,,,,,,,,,,,,,,20.71,18.73,22.47,,,,,,,15.8,14.43,17.11,,,,,,
2025-12-14,,,,,,,,,,,,,18.51,17.19,19.93,,,,,,,,,,,,,27.69,26.26,29.08,,,,,,,,,,,,,13.55,12.2,14.96,,,,,,,,,,,,,,,,,,,20.71,18.74,22.5,,,,,,,15.81,14.47,17.13,,,,,,
2025-12-15,,,,,,,,,,,,,18.52,17.23,19.93,,,,,,,,,,,,,27.69,26.28,29.07,,,,,,,,,,,,,13.55,12.19,14.95,,,,,,,,,,,,,,,,,,,20.71,18.76,22.52,,,,,,,15.82,14.44,17.16,23.0,25.0,14.0,,22.0,16.0
2025-12-16,,,,,,,,,,,,,18.54,17.26,19.96,,,,,,,,,,,,,27.69,26.21,29.06,,,,,,,,,,,,,13.54,12.18,14.95,,,,,,,,,,,,,,,,,,,20.71,18.77,22.54,,,,,,,15.83,14.44,17.17,,,,,,
2025-12-17,,,,,,,,,,,,,18.55,17.27,19.98,,,,,,,,,,,,,27.7,26.21,29.05,,,,,,,,,,,,,13.54,12.14,14.96,,,,,,,,,,,,,,,,,,,20.7,18.78,22.56,,,,,,,15.84,14.45,17.18,,,,,,
2025-12-18,,,,,,,,,,,,,18.56,17.28,20.0,,,,,,,,,,,,,27.7,26.22,29.05,,,,,,,,,,,,,13.53,12.1,14.98,,,,,,,,,,,,,,,,,,,20.7,18.8,22.6,,,,,,,15.84,14.45,17.19,,,,,,
2025-12-19,,,,,,,,,,,,,18.57,17.28,20.01,,,,,,,,,,,,,27.7,26.22,29.07,,,,,,,,,,,,,13.53,12.07,14.99,,,,,,,,,,,,,,,,,,,20.7,18.81,22.64,,,,,,,15.85,14.42,17.19,,,,,,
2025-12-20,,,,,,,,,,,,,18.59,17.29,20.02,,,,,,,,,,,,,27.71,26.23,29.09,,,,,,,,,,,,,13.52,12.08,14.99,,,,,,,,,,,,,,,,,,,20.7,18.8,22.61,,,,,,,15.85,14.37,17.2,,,,,,
2025-12-21,,,,,,,,,,,,,18.6,17.29,20.04,,,,,,,,,,,,,27.71,26.22,29.08,,,,,,,,,,,,,13.52,12.07,15.0,,,,,,,,,,,,,,,,,,,20.69,18.77,22.61,,,,,,,15.86,14.32,17.23,,,,,,
2025-12-22,,,,,,,,,,,,,18.61,17.3,20.05,,,,,,,,,,,,,27.72,26.19,29.06,,,,,,,,,,,,,13.52,12.05,15.01,,,,,,,,,,,,,,,,,,,20.69,18.75,22.61,,,,,,,15.86,14.31,17.24,22.0,28.0,14.0,,20.0,15.0
2025-12-23,,,,,,,,,,,,,18.62,17.32,20.05,,,,,,,,,,,,,27.72,26.17,29.08,,,,,,,,,,,,,13.52,12.03,15.01,,,,,,,,,,,,,,,,,,,20.69,18.73,22.64,,,,,,,15.87,14.32,17.26,,,,,,
2025-12-24,,,,,,,,,,,,,18.63,17.34,20.06,,,,,,,,,,,,,27.73,26.14,29.12,,,,,,,,,,,,,13.51,12.04,15.01,,,,,,,,,,,,,,,,,,,20.69,18.71,22.69,,,,,,,15.87,14.33,17.27,,,,,,
2025-12-25,,,,,,,,,,,,,18.64,17.35,20.07,,,,,,,,,,,,,27.73,26.14,29.16,,,,,,,,,,,,,13.51,12.02,15.02,,,,,,,,,,,,,,,,,,,20.69,18.7,22.7,,,,,,,15.88,14.34,17.29,,,,,,
2025-12-26,,,,,,,,,,,,,18.65,17.35,20.09,,,,,,,,,,,,,27.74,26.15,29.19,,,,,,,,,,,,,13.51,12.01,15.02,,,,,,,,,,,,,,,,,,,20.69,18.71,22.71,,,,,,,15.88,14.35,17.32,,,,,,
2025-12-27,,,,,,,,,,,,,18.66,17.35,20.1,,,,,,,,,,,,,27.74,26.16,29.22,,,,,,,,,,,,,13.51,12.04,15.02,,,,,,,,,,,,,,,,,,,20.69,18.7,22.71,,,,,,,15.88,14.36,17.34,,,,,,
2025-12-28,,,,,,,,,,,,,18.67,17.36,20.11,,,,,,,,,,,,,27.74,26.17,29.25,,,,,,,,,,,,,13.51,12.05,15.02,,,,,,,,,,,,,,,,,,,20.69,18.71,22.72,,,,,,,15.88,14.37,17.36,,,,,,
2025-12-29,,,,,,,,,,,,,18.68,17.38,20.12,,,,,,,,,,,,,27.74,26.19,29.28,,,,,,,,,,,,,13.5,12.06,15.01,,,,,,,,,,,,,,,,,,,20.7,18.72,22.72,,,,,,,15.88,14.35,17.37,,,,,,
2025-12-30,,,,,,,,,,,,,18.69,17.4,20.12,,,,,,,,,,,,,27.75,26.2,29.28,,,,,,,,,,,,,13.5,12.05,15.01,,,,,,,,,,,,,,,,,,,20.7,18.73,22.73,,,,,,,15.89,14.34,17.35,,,,,,
2025-12-31,,,,,,,,,,,,,18.7,17.41,20.12,,,,,,,,,,,,,27.75,26.21,29.29,,,,,,,,,,,,,13.5,12.07,15.02,,,,,,,,,,,,,,,,,,,20.71,18.74,22.73,,,,,,,15.89,14.33,17.34,,,,,,
2026-01-01,,,,,,,,,,,,,18.71,17.38,20.13,,,,,,,,,,,,,27.75,26.22,29.29,,,,,,,,,,,,,13.49,12.07,15.02,,,,,,,,,,,,,,,,,,,20.72,18.74,22.74,,,,,,,15.89,14.34,17.34,19.0,26.0,12.0,,19.0,17.0
2026-01-02,,,,,,,,,,,,,18.72,17.38,20.14,,,,,,,,,,,,,27.75,26.23,29.32,,,,,,,,,,,,,13.49,12.08,15.03,,,,,,,,,,,,,,,,,,,20.73,18.74,22.74,,,,,,,15.89,14.35,17.35,,,,,,
2026-01-03,,,,,,,,,,,,,18.73,17.38,20.14,,,,,,,,,,,,,27.75,26.22,29.36,,,,,,,,,,,,,13.48,12.05,15.06,,,,,,,,,,,,,,,,,,,20.74,18.75,22.74,,,,,,,15.89,14.36,17.36,20.0,26.0,12.0,,19.0,17.0
2026-01-04,,,,,,,,,,,,,18.74,17.41,20.15,,,,,,,,,,,,,27.74,26.23,29.37,,,,,,,,,,,,,13.48,12.03,15.05,,,,,,,,,,,,,,,,,,,20.75,18.74,22.75,,,,,,,15.89,14.37,17.37,,,,,,
2026-01-05,,,,,,,,,,,,,18.75,17.42,20.18,,,,,,,,,,,,,27.74,26.25,29.32,,,,,,,,,,,,,13.47,12.02,15.04,,,,,,,,,,,,,,,,,,,20.77,18.74,22.75,,,,,,,15.89,14.38,17.38,19.0,26.0,15.0,,21.0,18.0
2026-01-06,,,,,,,,,,,,,18.75,17.44,20.19,,,,,,,,,,,,,27.74,26.26,29.34,,,,,,,,,,,,,13.47,11.99,15.03,,,,,,,,,,,,,,,,,,,20.78,18.75,22.75,,,,,,,15.89,14.39,17.39,,,,,,
2026-01-07,,,,,,,,,,,,,18.76,17.42,20.19,,,,,,,,,,,,,27.74,26.27,29.35,,,,,,,,,,,,,13.46,11.96,15.01,,,,,,,,,,,,,,,,,,,20.8,18.76,22.75,,,,,,,15.89,14.41,17.42,,,,,,
2026-01-08,,,,,,,,,,,,,18.77,17.43,20.21,,,,,,,,,,,,,27.73,26.25,29.35,,,,,,,,,,,,,13.45,11.93,14.99,,,,,,,,,,,,,,,,,,,20.82,18.77,22.76,,,,,,,15.89,14.42,17.45,,,,,,
2026-01-09,,,,,,,,,,,,,18.77,17.44,20.25,,,,,,,,,,,,,27.73,26.21,29.31,,,,,,,,,,,,,13.45,11.93,14.98,,,,,,,,,,,,,,,,,,,20.84,18.76,22.76,,,,,,,15.9,14.44,17.47,19.0,33.0,13.0,,8.0,22.0
2026-01-10,,,,,,,,,,,,,18.78,17.45,20.28,,,,,,,,,,,,,27.72,26.2,29.29,,,,,,,,,,,,,13.44,11.92,14.94,,,,,,,,,,,,,,,,,,,20.86,18.78,22.78,,,,,,,15.9,14.44,17.48,,,,,,
2026-01-11,,,,,,,,,,,,,18.78,17.46,20.32,,,,,,,,,,,,,27.72,26.2,29.29,,,,,,,,,,,,,13.43,11.88,14.94,,,,,,,,,,,,,,,,,,,20.88,18.77,22.84,,,,,,,15.9,14.41,17.52,,,,,,
2026-01-12,,,,,,,,,,,,,18.78,17.46,20.34,,,,,,,,,,,,,27.71,26.19,29.32,,,,,,,,,,,,,13.42,11.84,14.94,,,,,,,,,,,,,,,,,,,20.91,18.77,22.86,,,,,,,15.9,14.43,17.55,17.0,27.0,14.0,,24.0,14.0
2026-01-13,,,,,,,,,,,,,18.79,17.44,20.37,,,,,,,,,,,,,27.7,26.18,29.35,,,,,,,,,,,,,13.41,11.8,14.94,,,,,,,,,,,,,,,,,,,20.93,18.78,22.88,,,,,,,15.9,14.42,17.57,,,,,,
2026-01-14,,,,,,,,,,,,,18.79,17.44,20.39,,,,,,,,,,,,,27.69,26.13,29.38,,,,,,,,,,,,,13.4,11.79,14.95,,,,,,,,,,,,,,,,,,,20.96,18.79,22.91,,,,,,,15.91,14.41,17.59,,,,,,
2026-01-15,,,,,,,,,,,,,18.79,17.45,20.41,,,,,,,,,,,,,27.68,26.08,29.4,,,,,,,,,,,,,13.38,11.78,14.95,,,,,,,,,,,,,,,,,,,20.99,18.81,22.93,,,,,,,15.91,14.41,17.6,,,,,,
2026-01-16,,,,,,,,,,,,,18.79,17.46,20.4,,,,,,,,,,,,,27.67,26.05,29.4,,,,,,,,,,,,,13.37,11.77,14.93,,,,,,,,,,,,,,,,,,,21.02,18.87,22.95,,,,,,,15.91,14.46,17.59,,,,,,
2026-01-17,,,,,,,,,,,,,18.78,17.47,20.41,,,,,,,,,,,,,27.66,26.01,29.4,,,,,,,,,,,,,13.36,11.76,14.91,,,,,,,,,,,,,,,,,,,21.05,18.93,22.98,,,,,,,15.91,14.48,17.57,,,,,,
2026-01-18,,,,,,,,,,,,,18.78,17.43,20.41,,,,,,,,,,,,,27.65,26.01,29.39,,,,,,,,,,,,,13.35,11.75,14.89,,,,,,,,,,,,,,,,,,,21.09,19.0,23.0,,,,,,,15.92,14.5,17.58,,,,,,
2026-01-19,,,,,,,,,,,,,18.78,17.43,20.41,,,,,,,,,,,,,27.64,26.03,29.38,,,,,,,,,,,,,13.33,11.74,14.87,,,,,,,,,,,,,,,,,,,21.12,19.07,23.03,,,,,,,15.92,14.54,17.62,21.0,29.0,9.0,,21.0,15.0
2026-01-20,,,,,,,,,,,,,18.77,17.45,20.4,,,,,,,,,,,,,27.63,26.03,29.37,,,,,,,,,,,,,13.32,11.71,14.87,,,,,,,,,,,,,,,,,,,21.15,19.13,23.05,,,,,,,15.92,14.58,17.66,,,,,,
2026-01-21,,,,,,,,,,,,,18.76,17.48,20.39,,,,,,,,,,,,,27.61,26.01,29.38,,,,,,,,,,,,,13.31,11.7,14.83,,,,,,,,,,,,,,,,,,,21.19,19.18,23.08,,,,,,,15.93,14.59,17.67,,,,,,
2026-01-22,,,,,,,,,,,,,18.76,17.48,20.37,,,,,,,,,,,,,27.6,26.0,29.36,,,,,,,,,,,,,13.29,11.7,14.8,,,,,,,,,,,,,,,,,,,21.22,19.24,23.11,,,,,,,15.93,14.56,17.66,,,,,,
2026-01-23,,,,,,,,,,,,,18.75,17.47,20.36,,,,,,,,,,,,,27.59,25.99,29.34,,,,,,,,,,,,,13.28,11.68,14.78,,,,,,,,,,,,,,,,,,,21.26,19.29,23.13,,,,,,,15.94,14.53,17.67,21.0,31.0,11.0,,9.0,24.0
2026-01-24,,,,,,,,,,,,,18.74,17.46,20.38,,,,,,,,,,,,,27.57,25.98,29.31,,,,,,,,,,,,,13.27,11.67,14.75,,,,,,,,,,,,,,,,,,,21.3,19.38,23.16,,,,,,,15.95,14.51,17.7,,,,,,
2026-01-25,,,,,,,,,,,,,18.73,17.45,20.36,,,,,,,,,,,,,27.56,25.98,29.28,,,,,,,,,,,,,13.25,11.65,14.73,,,,,,,,,,,,,,,,,,,21.33,19.46,23.19,,,,,,,15.95,14.51,17.7,,,,,,
2026-01-26,,,,,,,,,,,,,18.72,17.43,20.34,,,,,,,,,,,,,27.54,25.97,29.25,,,,,,,,,,,,,13.23,11.64,14.7,,,,,,,,,,,,,,,,,,,21.37,19.51,23.21,,,,,,,15.96,14.52,17.71,16.0,31.0,14.0,,24.0,13.0
2026-01-27,,,,,,,,,,,,,18.71,17.41,20.31,,,,,,,,,,,,,27.53,25.96,29.25,,,,,,,,,,,,,13.22,11.62,14.67,,,,,,,,,,,,,,,,,,,21.4,19.55,23.22,,,,,,,15.97,14.52,17.72,,,,,,
2026-01-28,,,,,,,,,,,,,18.69,17.39,20.27,,,,,,,,,,,,,27.51,25.95,29.24,,,,,,,,,,,,,13.2,11.61,14.65,,,,,,,,,,,,,,,,,,,21.44,19.59,23.25,,,,,,,15.97,14.53,17.74,,,,,,
2026-01-29,,,,,,,,,,,,,18.68,17.38,20.24,,,,,,,,,,,,,27.5,25.95,29.22,,,,,,,,,,,,,13.19,11.6,14.62,,,,,,,,,,,,,,,,,,,21.48,19.62,23.28,,,,,,,15.98,14.54,17.77,,,,,,
2026-01-30,,,,,,,,,,,,,18.67,17.36,20.2,,,,,,,,,,,,,27.49,25.94,29.21,,,,,,,,,,,,,13.17,11.6,14.59,,,,,,,,,,,,,,,,,,,21.51,19.64,23.28,,,,,,,15.99,14.55,17.78,,,,,,
2026-01-31,,,,,,,,,,,,,18.65,17.35,20.15,,,,,,,,,,,,,27.47,25.92,29.19,,,,,,,,,,,,,13.16,11.6,14.56,,,,,,,,,,,,,,,,,,,21.55,19.66,23.35,,,,,,,15.99,14.56,17.78,,,,,,
2026-02-01,,,,,,,,,,,,,18.63,17.34,20.11,,,,,,,,,,,,,27.46,25.9,29.21,,,,,,,,,,,,,13.14,11.6,14.54,,,,,,,,,,,,,,,,,,,21.59,19.73,23.42,,,,,,,16.0,14.58,17.78,,,,,,
2026-02-02,,,,,,,,,,,,,18.62,17.32,20.1,,,,,,,,,,,,,27.44,25.87,29.22,,,,,,,,,,,,,13.12,11.59,14.52,,,,,,,,,,,,,,,,,,,21.62,19.79,23.46,,,,,,,16.0,14.58,17.78,16.0,25.0,16.0,,21.0,18.0
2026-02-03,,,,,,,,,,,,,18.6,17.3,20.04,,,,,,,,,,,,,27.43,25.86,29.21,,,,,,,,,,,,,13.11,11.59,14.49,,,,,,,,,,,,,,,,,,,21.66,19.8,23.49,,,,,,,16.01,14.58,17.78,,,,,,
2026-02-04,,,,,,,,,,,,,18.58,17.28,20.0,,,,,,,,,,,,,27.41,25.85,29.19,,,,,,,,,,,,,13.09,11.56,14.45,,,,,,,,,,,,,,,,,,,21.69,19.82,23.52,,,,,,,16.02,14.58,17.79,,,,,,
2026-02-05,,,,,,,,,,,,,18.57,17.25,19.97,,,,,,,,,,,,,27.4,25.86,29.17,,,,,,,,,,,,,13.07,11.53,14.43,,,,,,,,,,,,,,,,,,,21.73,19.82,23.53,,,,,,,16.02,14.58,17.82,,,,,,
2026-02-06,,,,,,,,,,,,,18.55,17.22,19.95,,,,,,,,,,,,,27.39,25.88,29.15,,,,,,,,,,,,,13.06,11.5,14.42,,,,,,,,,,,,,,,,,,,21.76,19.82,23.55,,,,,,,16.03,14.6,17.82,18.0,33.5,11.5,,15.0,16.5
2026-02-07,,,,,,,,,,,,,18.53,17.18,19.94,,,,,,,,,,,,,27.37,25.89,29.12,,,,,,,,,,,,,13.04,11.5,14.41,,,,,,,,,,,,,,,,,,,21.8,19.82,23.57,,,,,,,16.03,14.62,17.82,,,,,,
2026-02-08,,,,,,,,,,,,,18.51,17.16,19.92,,,,,,,,,,,,,27.36,25.85,29.08,,,,,,,,,,,,,13.03,11.51,14.42,,,,,,,,,,,,,,,,,,,21.83,19.84,23.58,,,,,,,16.04,14.64,17.82,,,,,,
2026-02-09,,,,,,,,,,,,,18.5,17.14,19.9,,,,,,,,,,,,,27.35,25.81,29.05,,,,,,,,,,,,,13.01,11.51,14.4,,,,,,,,,,,,,,,,,,,21.86,19.86,23.57,,,,,,,16.04,14.66,17.81,16.0,30.0,14.0,,22.0,17.0
2026-02-10,,,,,,,,,,,,,18.48,17.12,19.88,,,,,,,,,,,,,27.33,25.8,29.01,,,,,,,,,,,,,13.0,11.52,14.41,,,,,,,,,,,,,,,,,,,21.89,19.89,23.58,,,,,,,16.04,14.68,17.81,,,,,,
2026-02-11,,,,,,,,,,,,,18.46,17.1,19.86,,,,,,,,,,,,,27.32,25.8,28.99,,,,,,,,,,,,,12.98,11.52,14.41,,,,,,,,,,,,,,,,,,,21.93,19.92,23.59,,,,,,,16.05,14.67,17.8,,,,,,
2026-02-12,,,,,,,,,,,,,18.45,17.08,19.83,,,,,,,,,,,,,27.31,25.79,28.96,,,,,,,,,,,,,12.97,11.53,14.4,,,,,,,,,,,,,,,,,,,21.96,19.95,23.6,,,,,,,16.05,14.66,17.8,,,,,,
2026-02-13,,,,,,,,,,,,,18.43,17.08,19.82,,,,,,,,,,,,,27.29,25.78,28.95,,,,,,,,,,,,,12.95,11.52,14.4,,,,,,,,,,,,,,,,,,,21.99,19.98,23.6,,,,,,,16.05,14.65,17.79,,,,,,
2026-02-14,,,,,,,,,,,,,18.41,17.09,19.82,,,,,,,,,,,,,27.28,25.76,28.93,,,,,,,,,,,,,12.94,11.48,14.39,,,,,,,,,,,,,,,,,,,22.02,20.01,23.64,,,,,,,16.05,14.65,17.79,,,,,,
2026-02-15,,,,,,,,,,,,,18.4,17.08,19.83,,,,,,,,,,,,,27.26,25.73,28.93,,,,,,,,,,,,,12.93,11.45,14.39,,,,,,,,,,,,,,,,,,,22.06,20.04,23.68,,,,,,,16.05,14.64,17.79,,,,,,
2026-02-16,,,,,,,,,,,,,18.38,17.06,19.84,,,,,,,,,,,,,27.24,25.71,28.94,,,,,,,,,,,,,12.92,11.48,14.39,,,,,,,,,,,,,,,,,,,22.09,20.1,23.72,,,,,,,16.06,14.64,17.78,19.0,25.0,18.0,,21.0,14.0
2026-02-17,,,,,,,,,,,,,18.37,17.04,19.85,,,,,,,,,,,,,27.23,25.68,28.95,,,,,,,,,,,,,12.9,11.47,14.38,,,,,,,,,,,,,,,,,,,22.12,20.17,23.76,,,,,,,16.06,14.62,17.75,,,,,,
2026-02-18,,,,,,,,,,,,,18.35,17.03,19.83,,,,,,,,,,,,,27.21,25.65,28.92,,,,,,,,,,,,,12.89,11.45,14.34,,,,,,,,,,,,,,,,,,,22.15,20.25,23.79,,,,,,,16.06,14.61,17.72,,,,,,
2026-02-19,,,,,,,,,,,,,18.34,17.02,19.8,,,,,,,,,,,,,27.19,25.65,28.87,,,,,,,,,,,,,12.88,11.42,14.35,,,,,,,,,,,,,,,,,,,22.18,20.3,23.83,,,,,,,16.06,14.61,17.69,,,,,,
2026-02-20,,,,,,,,,,,,,18.33,17.0,19.79,,,,,,,,,,,,,27.17,25.61,28.82,,,,,,,,,,,,,12.87,11.42,14.36,,,,,,,,,,,,,,,,,,,22.21,20.32,23.86,,,,,,,16.05,14.62,17.67,,,,,,
2026-02-21,,,,,,,,,,,,,18.32,17.0,19.77,,,,,,,,,,,,,27.15,25.61,28.81,,,,,,,,,,,,,12.86,11.43,14.36,,,,,,,,,,,,,,,,,,,22.24,20.33,23.89,,,,,,,16.05,14.61,17.65,,,,,,
2026-02-22,,,,,,,,,,,,,18.31,17.0,19.74,,,,,,,,,,,,,27.13,25.59,28.8,,,,,,,,,,,,,12.85,11.45,14.35,,,,,,,,,,,,,,,,,,,22.28,20.34,23.95,,,,,,,16.05,14.6,17.63,,,,,,
2026-02-23,,,,,,,,,,,,,18.31,16.96,19.73,,,,,,,,,,,,,27.11,25.6,28.75,,,,,,,,,,,,,12.85,11.44,14.33,,,,,,,,,,,,,,,,,,,22.31,20.35,24.0,,,,,,,16.04,14.58,17.66,18.0,30.0,13.0,,24.0,15.0
2026-02-24,,,,,,,,,,,,,18.3,16.97,19.72,,,,,,,,,,,,,27.09,25.57,28.7,,,,,,,,,,,,,12.84,11.41,14.31,,,,,,,,,,,,,,,,,,,22.34,20.39,24.06,,,,,,,16.04,14.57,17.65,,,,,,
2026-02-25,,,,,,,,,,,,,18.29,16.96,19.7,,,,,,,,,,,,,27.06,25.53,28.64,,,,,,,,,,,,,12.84,11.42,14.28,,,,,,,,,,,,,,,,,,,22.37,20.44,24.12,,,,,,,16.03,14.58,17.61,,,,,,
2026-02-26,,,,,,,,,,,,,18.29,16.94,19.69,,,,,,,,,,,,,27.04,25.51,28.59,,,,,,,,,,,,,12.83,11.43,14.3,,,,,,,,,,,,,,,,,,,22.4,20.49,24.17,,,,,,,16.02,14.56,17.58,,,,,,
2026-02-27,,,,,,,,,,,,,18.29,16.91,19.7,,,,,,,,,,,,,27.02,25.49,28.56,,,,,,,,,,,,,12.83,11.42,14.31,,,,,,,,,,,,,,,,,,,22.43,20.53,24.19,,,,,,,16.02,14.53,17.55,,,,,,
2026-02-28,,,,,,,,,,,,,18.28,16.89,19.71,,,,,,,,,,,,,27.0,25.46,28.54,,,,,,,,,,,,,12.82,11.41,14.3,,,,,,,,,,,,,,,,,,,22.46,20.58,24.2,,,,,,,16.01,14.5,17.52,20.0,27.0,11.0,,24.0,15.0
2026-03-01,,,,,,,,,,,,,18.28,16.87,19.72,,,,,,,,,,,,,26.97,25.42,28.52,,,,,,,,,,,,,12.82,11.39,14.29,,,,,,,,,,,,,,,,,,,22.49,20.62,24.21,,,,,,,16.0,14.47,17.51,,,,,,
2026-03-02,,,,,,,,,,,,,18.28,16.86,19.73,,,,,,,,,,,,,26.95,25.4,28.52,,,,,,,,,,,,,12.81,11.37,14.28,,,,,,,,,,,,,,,,,,,22.52,20.67,24.22,,,,,,,15.99,14.45,17.51,21.0,24.0,13.0,,28.0,11.0
2026-03-03,,,,,,,,,,,,,18.28,16.83,19.75,,,,,,,,,,,,,26.92,25.38,28.51,,,,,,,,,,,,,12.81,11.37,14.27,,,,,,,,,,,,,,,,,,,22.55,20.72,24.24,,,,,,,15.98,14.44,17.5,,,,,,
2026-03-04,,,,,,,,,,,,,18.28,16.81,19.75,,,,,,,,,,,,,26.9,25.35,28.5,,,,,,,,,,,,,12.81,11.39,14.26,,,,,,,,,,,,,,,,,,,22.58,20.76,24.26,,,,,,,15.97,14.42,17.48,,,,,,
2026-03-05,,,,,,,,,,,,,18.29,16.79,19.75,,,,,,,,,,,,,26.87,25.33,28.51,,,,,,,,,,,,,12.81,11.37,14.25,,,,,,,,,,,,,,,,,,,22.61,20.82,24.3,,,,,,,15.95,14.41,17.48,21.0,23.0,13.0,,24.0,16.0
2026-03-06,,,,,,,,,,,,,18.29,16.78,19.76,,,,,,,,,,,,,26.85,25.32,28.51,,,,,,,,,,,,,12.81,11.36,14.25,,,,,,,,,,,,,,,,,,,22.64,20.87,24.32,,,,,,,15.94,14.41,17.47,15.0,21.0,12.0,,28.0,18.0
2026-03-07,,,,,,,,,,,,,18.29,16.78,19.78,,,,,,,,,,,,,26.82,25.32,28.51,,,,,,,,,,,,,12.81,11.32,14.25,,,,,,,,,,,,,,,,,,,22.67,20.92,24.33,,,,,,,15.93,14.41,17.46,,,,,,
2026-03-08,,,,,,,,,,,,,18.3,16.79,19.76,,,,,,,,,,,,,26.8,25.3,28.5,,,,,,,,,,,,,12.81,11.32,14.27,,,,,,,,,,,,,,,,,,,22.7,20.97,24.35,,,,,,,15.91,14.39,17.43,,,,,,
2026-03-09,,,,,,,,,,,,,18.3,16.79,19.76,,,,,,,,,,,,,26.77,25.25,28.47,,,,,,,,,,,,,12.81,11.3,14.26,,,,,,,,,,,,,,,,,,,22.72,21.0,24.36,,,,,,,15.9,14.38,17.4,,,,,,
2026-03-10,,,,,,,,,,,,,18.31,16.8,19.76,,,,,,,,,,,,,26.74,25.23,28.45,,,,,,,,,,,,,12.81,11.29,14.23,,,,,,,,,,,,,,,,,,,22.75,21.0,24.41,,,,,,,15.89,14.34,17.37,22.0,23.0,10.0,,28.0,13.0
2026-03-11,,,,,,,,,,,,,18.31,16.81,19.77,,,,,,,,,,,,,26.72,25.22,28.44,,,,,,,,,,,,,12.81,11.27,14.25,,,,,,,,,,,,,,,,,,,22.77,20.96,24.45,,,,,,,15.87,14.36,17.35,,,,,,
2026-03-12,,,,,,,,,,,,,18.32,16.8,19.75,,,,,,,,,,,,,26.69,25.21,28.44,,,,,,,,,,,,,12.81,11.25,14.27,,,,,,,,,,,,,,,,,,,22.8,21.0,24.46,,,,,,,15.86,14.37,17.36,,,,,,
2026-03-13,,,,,,,,,,,,,18.32,16.75,19.72,,,,,,,,,,,,,26.66,25.2,28.4,,,,,,,,,,,,,12.81,11.26,14.29,,,,,,,,,,,,,,,,,,,22.82,21.0,24.46,,,,,,,15.85,14.38,17.33,,,,,,
2026-03-14,,,,,,,,,,,,,18.33,16.73,19.7,,,,,,,,,,,,,26.63,25.19,28.41,,,,,,,,,,,,,12.81,11.23,14.3,,,,,,,,,,,,,,,,,,,22.85,21.0,24.46,,,,,,,15.83,14.35,17.33,,,,,,
2026-03-15,,,,,,,,,,,,,18.34,16.74,19.68,,,,,,,,,,,,,26.61,25.16,28.36,,,,,,,,,,,,,12.81,11.21,14.29,,,,,,,,,,,,,,,,,,,22.87,21.0,24.46,,,,,,,15.82,14.33,17.34,,,,,,
2026-03-16,,,,,,,,,,,,,18.35,16.74,19.68,,,,,,,,,,,,,26.58,25.11,28.3,,,,,,,,,,,,,12.81,11.19,14.27,,,,,,,,,,,,,,,,,,,22.89,21.05,24.46,,,,,,,15.81,14.28,17.29,14.0,29.0,12.0,,24.0,19.0
2026-03-17,,,,,,,,,,,,,18.36,16.75,19.7,,,,,,,,,,,,,26.55,25.1,28.25,,,,,,,,,,,,,12.81,11.17,14.24,,,,,,,,,,,,,,,,,,,22.92,21.1,24.47,,,,,,,15.79,14.25,17.23,,,,,,
2026-03-18,,,,,,,,,,,,,18.36,16.76,19.72,,,,,,,,,,,,,26.52,25.07,28.2,,,,,,,,,,,,,12.82,11.16,14.26,,,,,,,,,,,,,,,,,,,22.94,21.16,24.51,,,,,,,15.78,14.2,17.21,,,,,,
2026-03-19,,,,,,,,,,,,,18.37,16.75,19.74,,,,,,,,,,,,,26.49,25.04,28.17,,,,,,,,,,,,,12.82,11.15,14.29,,,,,,,,,,,,,,,,,,,22.96,21.17,24.52,,,,,,,15.77,14.2,17.21,,,,,,
2026-03-20,,,,,,,,,,,,,18.38,16.75,19.75,,,,,,,,,,,,,26.47,25.01,28.13,,,,,,,,,,,,,12.82,11.18,14.28,,,,,,,,,,,,,,,,,,,22.98,21.14,24.51,,,,,,,15.75,14.17,17.22,,,,,,
2026-03-21,,,,,,,,,,,,,18.39,16.75,19.77,,,,,,,,,,,,,26.44,24.98,28.1,,,,,,,,,,,,,12.82,11.22,14.28,,,,,,,,,,,,,,,,,,,22.99,21.13,24.5,,,,,,,15.74,14.16,17.22,,,,,,
2026-03-22,,,,,,,,,,,,,18.4,16.76,19.79,,,,,,,,,,,,,26.41,24.95,28.07,,,,,,,,,,,,,12.82,11.26,14.27,,,,,,,,,,,,,,,,,,,23.01,21.11,24.52,,,,,,,15.73,14.13,17.21,,,,,,
2026-03-23,,,,,,,,,,,,,18.42,16.75,19.79,,,,,,,,,,,,,26.38,24.94,28.04,,,,,,,,,,,,,12.82,11.29,14.26,,,,,,,,,,,,,,,,,,,23.03,21.12,24.51,,,,,,,15.72,14.11,17.22,17.0,27.0,9.0,,30.0,15.0
2026-03-24,,,,,,,,,,,,,18.43,16.74,19.79,,,,,,,,,,,,,26.35,24.93,28.01,,,,,,,,,,,,,12.82,11.28,14.25,,,,,,,,,,,,,,,,,,,23.05,21.15,24.52,,,,,,,15.71,14.09,17.22,,,,,,
2026-03-25,,,,,,,,,,,,,18.44,16.76,19.82,,,,,,,,,,,,,26.33,24.87,27.99,,,,,,,,,,,,,12.82,11.25,14.26,,,,,,,,,,,,,,,,,,,23.06,21.19,24.52,,,,,,,15.7,14.07,17.23,15.0,25.0,10.0,,23.0,22.0
2026-03-26,,,,,,,,,,,,,18.45,16.8,19.87,,,,,,,,,,,,,26.3,24.84,27.96,,,,,,,,,,,,,12.82,11.28,14.27,,,,,,,,,,,,,,,,,,,23.08,21.2,24.55,,,,,,,15.68,14.05,17.23,,,,,,
2026-03-27,,,,,,,,,,,,,18.47,16.82,19.87,,,,,,,,,,,,,26.27,24.81,27.95,,,,,,,,,,,,,12.82,11.32,14.29,,,,,,,,,,,,,,,,,,,23.09,21.23,24.6,,,,,,,15.67,14.05,17.18,,,,,,
2026-03-28,,,,,,,,,,,,,18.48,16.81,19.92,,,,,,,,,,,,,26.25,24.79,27.96,,,,,,,,,,,,,12.82,11.33,14.3,,,,,,,,,,,,,,,,,,,23.11,21.25,24.63,,,,,,,15.66,14.06,17.13,,,,,,
2026-03-29,,,,,,,,,,,,,18.49,16.79,19.94,,,,,,,,,,,,,26.22,24.76,27.95,,,,,,,,,,,,,12.81,11.3,14.32,,,,,,,,,,,,,,,,,,,23.12,21.28,24.67,,,,,,,15.65,14.08,17.07,,,,,,
2026-03-30,,,,,,,,,,,,,18.51,16.77,19.97,,,,,,,,,,,,,26.2,24.73,27.98,,,,,,,,,,,,,12.81,11.27,14.34,,,,,,,,,,,,,,,,,,,23.13,21.31,24.7,,,,,,,15.64,14.08,17.01,19.0,25.0,15.0,,21.0,16.0
2026-03-31,,,,,,,,,,,,,18.52,16.78,20.0,,,,,,,,,,,,,26.18,24.72,27.95,,,,,,,,,,,,,12.81,11.25,14.35,,,,,,,,,,,,,,,,,,,23.14,21.34,24.72,,,,,,,15.63,14.08,17.01,,,,,,
2026-04-01,,,,,,,,,,,,,18.54,16.79,20.03,,,,,,,,,,,,,26.16,24.71,27.91,,,,,,,,,,,,,12.81,11.26,14.37,,,,,,,,,,,,,,,,,,,23.15,21.33,24.74,,,,,,,15.61,14.07,17.01,,,,,,
2026-04-02,,,,,,,,,,,,,18.56,16.8,20.06,,,,,,,,,,,,,26.13,24.7,27.89,,,,,,,,,,,,,12.8,11.27,14.38,,,,,,,,,,,,,,,,,,,23.16,21.35,24.76,,,,,,,15.6,14.07,17.02,21.0,19.0,11.0,,21.0,23.0
2026-04-03,,,,,,,,,,,,,18.58,16.8,20.09,,,,,,,,,,,,,26.11,24.69,27.88,,,,,,,,,,,,,12.8,11.27,14.36,,,,,,,,,,,,,,,,,,,23.16,21.36,24.78,,,,,,,15.59,14.03,17.04,,,,,,
2026-04-04,,,,,,,,,,,,,18.59,16.84,20.13,,,,,,,,,,,,,26.1,24.67,27.89,,,,,,,,,,,,,12.79,11.25,14.33,,,,,,,,,,,,,,,,,,,23.17,21.37,24.82,,,,,,,15.58,13.98,17.02,,,,,,
2026-04-05,,,,,,,,,,,,,18.61,16.86,20.16,,,,,,,,,,,,,26.08,24.62,27.9,,,,,,,,,,,,,12.79,11.23,14.32,,,,,,,,,,,,,,,,,,,23.17,21.39,24.85,,,,,,,15.57,13.92,17.02,,,,,,
2026-04-06,,,,,,,,,,,,,18.63,16.88,20.2,,,,,,,,,,,,,26.06,24.64,27.92,,,,,,,,,,,,,12.78,11.24,14.32,,,,,,,,,,,,,,,,,,,23.17,21.4,24.87,,,,,,,15.56,13.87,17.05,,,,,,
2026-04-07,,,,,,,,,,,,,18.65,16.9,20.23,,,,,,,,,,,,,26.05,24.63,27.91,,,,,,,,,,,,,12.78,11.25,14.31,,,,,,,,,,,,,,,,,,,23.17,21.43,24.87,,,,,,,15.55,13.83,17.08,16.0,29.0,12.0,,20.0,16.0
2026-04-08,,,,,,,,,,,,,18.68,16.93,20.26,,,,,,,,,,,,,26.03,24.62,27.89,,,,,,,,,,,,,12.77,11.24,14.33,,,,,,,,,,,,,,,,,,,23.16,21.41,24.87,,,,,,,15.53,13.84,17.1,,,,,,
2026-04-09,,,,,,,,,,,,,18.7,16.95,20.3,,,,,,,,,,,,,26.02,24.59,27.88,,,,,,,,,,,,,12.77,11.23,14.36,,,,,,,,,,,,,,,,,,,23.15,21.38,24.87,,,,,,,15.52,13.84,17.11,18.0,30.0,12.0,,18.0,20.0
2026-04-10,,,,,,,,,,,,,18.72,16.98,20.33,,,,,,,,,,,,,26.01,24.58,27.86,,,,,,,,,,,,,12.77,11.22,14.38,,,,,,,,,,,,,,,,,,,23.14,21.35,24.86,,,,,,,15.51,13.79,17.09,,,,,,
2026-04-11,,,,,,,,,,,,,18.75,17.01,20.36,,,,,,,,,,,,,26.0,24.55,27.85,,,,,,,,,,,,,12.76,11.22,14.41,,,,,,,,,,,,,,,,,,,23.13,21.32,24.85,,,,,,,15.5,13.76,17.08,,,,,,
2026-04-12,,,,,,,,,,,,,18.77,17.04,20.39,,,,,,,,,,,,,26.0,24.55,27.83,,,,,,,,,,,,,12.76,11.21,14.42,,,,,,,,,,,,,,,,,,,23.11,21.28,24.87,,,,,,,15.49,13.75,17.06,,,,,,
2026-04-13,,,,,,,,,,,,,18.79,17.08,20.42,,,,,,,,,,,,,25.99,24.57,27.83,,,,,,,,,,,,,12.75,11.21,14.41,,,,,,,,,,,,,,,,,,,23.09,21.25,24.89,,,,,,,15.48,13.73,17.05,21.0,26.0,12.0,,24.0,12.0
2026-04-14,,,,,,,,,,,,,18.82,17.11,20.45,,,,,,,,,,,,,25.99,24.58,27.84,,,,,,,,,,,,,12.75,11.21,14.41,,,,,,,,,,,,,,,,,,,23.07,21.22,24.87,,,,,,,15.47,13.72,17.04,,,,,,
2026-04-15,,,,,,,,,,,,,18.85,17.16,20.5,,,,,,,,,,,,,25.99,24.6,27.85,,,,,,,,,,,,,12.75,11.2,14.38,,,,,,,,,,,,,,,,,,,23.05,21.18,24.83,,,,,,,15.46,13.71,17.03,,,,,,
2026-04-16,,,,,,,,,,,,,18.87,17.21,20.53,,,,,,,,,,,,,25.99,24.58,27.85,,,,,,,,,,,,,12.75,11.2,14.36,,,,,,,,,,,,,,,,,,,23.02,21.15,24.79,,,,,,,15.45,13.71,17.04,,,,,,
2026-04-17,,,,,,,,,,,,,18.9,17.26,20.56,,,,,,,,,,,,,25.99,24.57,27.86,,,,,,,,,,,,,12.75,11.21,14.34,,,,,,,,,,,,,,,,,,,22.99,21.11,24.74,,,,,,,15.44,13.69,17.05,,,,,,
2026-04-18,,,,,,,,,,,,,18.93,17.31,20.6,,,,,,,,,,,,,26.0,24.55,27.87,,,,,,,,,,,,,12.75,11.2,14.33,,,,,,,,,,,,,,,,,,,22.95,21.07,24.67,,,,,,,15.42,13.68,17.07,,,,,,
2026-04-19,,,,,,,,,,,,,18.96,17.34,20.64,,,,,,,,,,,,,26.01,24.54,27.87,,,,,,,,,,,,,12.75,11.18,14.34,,,,,,,,,,,,,,,,,,,22.91,21.04,24.6,,,,,,,15.41,13.66,17.07,,,,,,
2026-04-20,,,,,,,,,,,,,18.98,17.35,20.68,,,,,,,,,,,,,26.02,24.54,27.88,,,,,,,,,,,,,12.75,11.17,14.34,,,,,,,,,,,,,,,,,,,22.87,21.03,24.53,,,,,,,15.4,13.64,17.05,18.0,25.0,15.0,,21.0,16.0
2026-04-21,,,,,,,,,,,,,19.01,17.38,20.71,,,,,,,,,,,,,26.03,24.53,27.88,,,,,,,,,,,,,12.75,11.19,14.35,,,,,,,,,,,,,,,,,,,22.83,21.02,24.46,,,,,,,15.39,13.64,17.03,,,,,,
2026-04-22,,,,,,,,,,,,,19.04,17.42,20.74,,,,,,,,,,,,,26.05,24.53,27.89,,,,,,,,,,,,,12.75,11.18,14.35,,,,,,,,,,,,,,,,,,,22.78,20.99,24.39,,,,,,,15.38,13.64,17.03,,,,,,
2026-04-23,,,,,,,,,,,,,19.07,17.44,20.8,,,,,,,,,,,,,26.07,24.54,27.91,,,,,,,,,,,,,12.75,11.18,14.35,,,,,,,,,,,,,,,,,,,22.72,20.91,24.32,,,,,,,15.38,13.6,17.04,16.0,26.0,11.0,,28.0,15.0
2026-04-24,,,,,,,,,,,,,19.1,17.49,20.86,,,,,,,,,,,,,26.09,24.55,27.91,,,,,,,,,,,,,12.75,11.19,14.35,,,,,,,,,,,,,,,,,,,22.67,20.87,24.25,,,,,,,15.37,13.57,17.06,,,,,,
2026-04-25,,,,,,,,,,,,,19.13,17.53,20.92,,,,,,,,,,,,,26.11,24.56,27.93,,,,,,,,,,,,,12.75,11.17,14.35,,,,,,,,,,,,,,,,,,,22.61,20.83,24.21,,,,,,,15.36,13.53,17.08,,,,,,
2026-04-26,,,,,,,,,,,,,19.17,17.55,20.95,,,,,,,,,,,,,26.14,24.6,27.95,,,,,,,,,,,,,12.75,11.15,14.35,,,,,,,,,,,,,,,,,,,22.55,20.79,24.17,,,,,,,15.35,13.5,17.1,,,,,,
2026-04-27,,,,,,,,,,,,,19.2,17.58,20.97,,,,,,,,,,,,,26.16,24.61,27.97,,,,,,,,,,,,,12.75,11.13,14.35,,,,,,,,,,,,,,,,,,,22.49,20.75,24.12,,,,,,,15.34,13.46,17.09,22.0,21.0,11.0,,23.0,19.0
2026-04-28,,,,,,,,,,,,,19.23,17.62,21.0,,,,,,,,,,,,,26.19,24.62,28.03,,,,,,,,,,,,,12.75,11.14,14.35,,,,,,,,,,,,,,,,,,,22.42,20.71,24.09,,,,,,,15.34,13.43,17.08,,,,,,
2026-04-29,,,,,,,,,,,,,19.26,17.65,21.02,,,,,,,,,,,,,26.23,24.63,28.11,,,,,,,,,,,,,12.75,11.14,14.34,,,,,,,,,,,,,,,,,,,22.35,20.62,24.06,,,,,,,15.33,13.43,17.09,,,,,,
2026-04-30,,,,,,,,,,,,,19.3,17.69,21.02,,,,,,,,,,,,,26.26,24.65,28.18,,,,,,,,,,,,,12.75,11.15,14.34,,,,,,,,,,,,,,,,,,,22.28,20.56,23.96,,,,,,,15.33,13.4,17.1,,,,,,
2026-05-01,,,,,,,,,,,,,19.33,17.73,21.04,,,,,,,,,,,,,26.29,24.66,28.23,,,,,,,,,,,,,12.75,11.17,14.32,,,,,,,,,,,,,,,,,,,22.21,20.46,23.91,,,,,,,15.32,13.39,17.12,,,,,,
2026-05-02,,,,,,,,,,,,,19.36,17.77,21.1,,,,,,,,,,,,,26.33,24.68,28.25,,,,,,,,,,,,,12.75,11.18,14.33,,,,,,,,,,,,,,,,,,,22.14,20.34,23.84,,,,,,,15.32,13.43,17.13,,,,,,
2026-05-03,,,,,,,,,,,,,19.4,17.8,21.12,,,,,,,,,,,,,26.37,24.7,28.28,,,,,,,,,,,,,12.76,11.24,14.32,,,,,,,,,,,,,,,,,,,22.07,20.29,23.79,,,,,,,15.31,13.43,17.13,,,,,,
2026-05-04,,,,,,,,,,,,,19.43,17.83,21.17,,,,,,,,,,,,,26.41,24.79,28.32,,,,,,,,,,,,,12.76,11.27,14.32,,,,,,,,,,,,,,,,,,,21.99,20.28,23.73,,,,,,,15.31,13.43,17.14,,,,,,
2026-05-05,,,,,,,,,,,,,19.46,17.87,21.2,,,,,,,,,,,,,26.45,24.81,28.33,,,,,,,,,,,,,12.76,11.28,14.35,,,,,,,,,,,,,,,,,,,21.92,20.18,23.68,,,,,,,15.31,13.45,17.16,19.0,31.0,16.0,,19.0,11.0
2026-05-06,,,,,,,,,,,,,19.49,17.95,21.22,,,,,,,,,,,,,26.49,24.84,28.33,,,,,,,,,,,,,12.76,11.28,14.39,,,,,,,,,,,,,,,,,,,21.84,20.09,23.63,,,,,,,15.31,13.46,17.16,,,,,,
2026-05-07,,,,,,,,,,,,,19.53,18.02,21.23,,,,,,,,,,,,,26.53,24.9,28.4,,,,,,,,,,,,,12.76,11.27,14.4,,,,,,,,,,,,,,,,,,,21.76,20.02,23.6,,,,,,,15.31,13.47,17.17,20.0,26.0,12.0,,22.0,13.0
2026-05-08,,,,,,,,,,,,,19.56,18.06,21.24,,,,,,,,,,,,,26.57,24.97,28.45,,,,,,,,,,,,,12.75,11.27,14.4,,,,,,,,,,,,,,,,,,,21.68,19.89,23.49,,,,,,,15.3,13.49,17.17,,,,,,
2026-05-09,,,,,,,,,,,,,19.59,18.08,21.24,,,,,,,,,,,,,26.61,25.02,28.48,,,,,,,,,,,,,12.75,11.28,14.42,,,,,,,,,,,,,,,,,,,21.61,19.8,23.41,,,,,,,15.31,13.5,17.18,,,,,,
2026-05-10,,,,,,,,,,,,,19.62,18.1,21.28,,,,,,,,,,,,,26.66,25.05,28.51,,,,,,,,,,,,,12.75,11.27,14.44,,,,,,,,,,,,,,,,,,,21.53,19.73,23.36,,,,,,,15.31,13.48,17.15,,,,,,
2026-05-11,,,,,,,,,,,,,19.65,18.11,21.28,,,,,,,,,,,,,26.7,25.15,28.53,,,,,,,,,,,,,12.75,11.26,14.45,,,,,,,,,,,,,,,,,,,21.45,19.56,23.3,,,,,,,15.31,13.44,17.17,17.0,26.0,15.0,,21.0,17.0
2026-05-12,,,,,,,,,,,,,19.68,18.13,21.28,,,,,,,,,,,,,26.75,25.25,28.54,,,,,,,,,,,,,12.74,11.25,14.46,,,,,,,,,,,,,,,,,,,21.37,19.4,23.25,,,,,,,15.31,13.49,17.2,,,,,,
2026-05-13,,,,,,,,,,,,,19.72,18.16,21.28,,,,,,,,,,,,,26.8,25.25,28.55,,,,,,,,,,,,,12.73,11.24,14.47,,,,,,,,,,,,,,,,,,,21.28,19.26,23.18,,,,,,,15.31,13.52,17.22,,,,,,
2026-05-14,,,,,,,,,,,,,19.75,18.22,21.33,,,,,,,,,,,,,26.84,25.26,28.6,,,,,,,,,,,,,12.73,11.2,14.48,,,,,,,,,,,,,,,,,,,21.2,19.14,23.07,,,,,,,15.32,13.57,17.22,,,,,,
2026-05-15,,,,,,,,,,,,,19.78,18.3,21.37,,,,,,,,,,,,,26.89,25.36,28.66,,,,,,,,,,,,,12.72,11.17,14.49,,,,,,,,,,,,,,,,,,,21.12,19.1,23.02,,,,,,,15.32,13.62,17.23,,,,,,
2026-05-16,,,,,,,,,,,,,19.81,18.36,21.43,,,,,,,,,,,,,26.94,25.46,28.72,,,,,,,,,,,,,12.71,11.17,14.49,,,,,,,,,,,,,,,,,,,21.04,19.08,22.97,,,,,,,15.33,13.67,17.23,,,,,,
2026-05-17,,,,,,,,,,,,,19.85,18.39,21.51,,,,,,,,,,,,,26.98,25.5,28.76,,,,,,,,,,,,,12.7,11.17,14.5,,,,,,,,,,,,,,,,,,,20.96,19.07,22.93,,,,,,,15.34,13.72,17.24,,,,,,
2026-05-18,,,,,,,,,,,,,19.88,18.42,21.58,,,,,,,,,,,,,27.03,25.54,28.81,,,,,,,,,,,,,12.69,11.17,14.46,,,,,,,,,,,,,,,,,,,20.88,19.07,22.83,,,,,,,15.34,13.77,17.24,18.0,28.0,15.0,,17.0,17.0
2026-05-19,,,,,,,,,,,,,19.91,18.43,21.64,,,,,,,,,,,,,27.07,25.57,28.8,,,,,,,,,,,,,12.68,11.19,14.41,,,,,,,,,,,,,,,,,,,20.8,19.06,22.72,,,,,,,15.35,13.81,17.25,,,,,,
2026-05-20,,,,,,,,,,,,,19.94,18.44,21.68,,,,,,,,,,,,,27.12,25.6,28.79,,,,,,,,,,,,,12.67,11.18,14.42,,,,,,,,,,,,,,,,,,,20.71,19.05,22.66,,,,,,,15.36,13.84,17.27,,,,,,
2026-05-21,,,,,,,,,,,,,19.97,18.47,21.67,,,,,,,,,,,,,27.16,25.63,28.81,,,,,,,,,,,,,12.65,11.18,14.42,,,,,,,,,,,,,,,,,,,20.63,18.97,22.6,,,,,,,15.37,13.85,17.35,,,,,,
2026-05-22,,,,,,,,,,,,,20.0,18.53,21.67,,,,,,,,,,,,,27.21,25.67,28.84,,,,,,,,,,,,,12.64,11.18,14.39,,,,,,,,,,,,,,,,,,,20.55,18.91,22.43,,,,,,,15.38,13.9,17.38,,,,,,
2026-05-23,,,,,,,,,,,,,20.03,18.55,21.69,,,,,,,,,,,,,27.25,25.71,28.88,,,,,,,,,,,,,12.62,11.16,14.34,,,,,,,,,,,,,,,,,,,20.47,18.84,22.39,,,,,,,15.4,13.93,17.42,,,,,,
2026-05-24,,,,,,,,,,,,,20.06,18.58,21.72,,,,,,,,,,,,,27.3,25.76,28.9,,,,,,,,,,,,,12.61,11.15,14.34,,,,,,,,,,,,,,,,,,,20.39,18.79,22.35,,,,,,,15.41,13.94,17.46,,,,,,
2026-05-25,,,,,,,,,,,,,20.09,18.62,21.75,,,,,,,,,,,,,27.34,25.8,28.94,,,,,,,,,,,,,12.59,11.15,14.31,,,,,,,,,,,,,,,,,,,20.31,18.7,22.29,,,,,,,15.43,13.93,17.47,,,,,,
2026-05-26,,,,,,,,,,,,,20.12,18.66,21.76,,,,,,,,,,,,,27.39,25.83,28.98,,,,,,,,,,,,,12.57,11.14,14.28,,,,,,,,,,,,,,,,,,,20.24,18.62,22.25,,,,,,,15.44,13.91,17.47,23.0,21.0,15.0,,25.0,14.0
2026-05-27,,,,,,,,,,,,,20.14,18.67,21.78,,,,,,,,,,,,,27.43,25.87,29.02,,,,,,,,,,,,,12.55,11.13,14.25,,,,,,,,,,,,,,,,,,,20.16,18.53,22.16,,,,,,,15.46,13.9,17.55,,,,,,
2026-05-28,,,,,,,,,,,,,20.17,18.66,21.79,,,,,,,,,,,,,27.47,25.92,29.05,,,,,,,,,,,,,12.53,11.08,14.25,,,,,,,,,,,,,,,,,,,20.08,18.46,22.05,,,,,,,15.48,13.95,17.59,,,,,,
2026-05-29,,,,,,,,,,,,,20.19,18.69,21.79,,,,,,,,,,,,,27.52,25.96,29.08,,,,,,,,,,,,,12.51,11.04,14.26,,,,,,,,,,,,,,,,,,,20.0,18.36,21.93,,,,,,,15.5,13.99,17.62,,,,,,
2026-05-30,,,,,,,,,,,,,20.22,18.71,21.84,,,,,,,,,,,,,27.56,25.99,29.13,,,,,,,,,,,,,12.49,10.99,14.25,,,,,,,,,,,,,,,,,,,19.93,18.25,21.81,,,,,,,15.52,14.03,17.65,,,,,,
2026-05-31,,,,,,,,,,,,,20.24,18.72,21.85,,,,,,,,,,,,,27.61,26.03,29.17,,,,,,,,,,,,,12.47,10.98,14.21,,,,,,,,,,,,,,,,,,,19.85,18.14,21.68,,,,,,,15.55,14.06,17.64,,,,,,
2026-06-01,,,,,,,,,,,,,20.26,18.74,21.87,,,,,,,,,,,,,27.65,26.08,29.23,,,,,,,,,,,,,12.45,10.99,14.16,,,,,,,,,,,,,,,,,,,19.78,18.03,21.59,,,,,,,15.57,14.06,17.64,21.0,28.0,11.0,,27.0,12.0
2026-06-02,,,,,,,,,,,,,20.28,18.75,21.87,,,,,,,,,,,,,27.69,26.13,29.31,,,,,,,,,,,,,12.43,10.98,14.11,,,,,,,,,,,,,,,,,,,19.7,17.93,21.48,,,,,,,15.6,14.05,17.66,,,,,,
2026-06-03,,,,,,,,,,,,,20.3,18.76,21.87,,,,,,,,,,,,,27.73,26.17,29.39,,,,,,,,,,,,,12.4,10.96,14.08,,,,,,,,,,,,,,,,,,,19.63,17.83,21.43,,,,,,,15.62,14.07,17.72,,,,,,
2026-06-04,,,,,,,,,,,,,20.31,18.78,21.88,,,,,,,,,,,,,27.78,26.21,29.47,,,,,,,,,,,,,12.38,10.94,14.03,,,,,,,,,,,,,,,,,,,19.56,17.73,21.38,,,,,,,15.65,14.15,17.77,,,,,,
2026-06-05,,,,,,,,,,,,,20.33,18.79,21.88,,,,,,,,,,,,,27.82,26.26,29.54,,,,,,,,,,,,,12.35,10.92,14.01,,,,,,,,,,,,,,,,,,,19.49,17.64,21.32,,,,,,,15.68,14.16,17.78,,,,,,
2026-06-06,,,,,,,,,,,,,20.35,18.8,21.89,,,,,,,,,,,,,27.86,26.31,29.53,,,,,,,,,,,,,12.33,10.9,13.97,,,,,,,,,,,,,,,,,,,19.42,17.55,21.28,,,,,,,15.71,14.18,17.76,,,,,,
2026-06-07,,,,,,,,,,,,,20.36,18.82,21.89,,,,,,,,,,,,,27.9,26.33,29.57,,,,,,,,,,,,,12.3,10.88,13.93,,,,,,,,,,,,,,,,,,,19.35,17.46,21.23,,,,,,,15.74,14.19,17.76,,,,,,
2026-06-08,,,,,,,,,,,,,20.37,18.83,21.9,,,,,,,,,,,,,27.94,26.37,29.58,,,,,,,,,,,,,12.28,10.86,13.91,,,,,,,,,,,,,,,,,,,19.28,17.37,21.21,,,,,,,15.77,14.21,17.76,24.0,24.0,11.0,,24.0,12.0
2026-06-09,,,,,,,,,,,,,20.39,18.85,21.88,,,,,,,,,,,,,27.98,26.42,29.58,,,,,,,,,,,,,12.25,10.82,13.88,,,,,,,,,,,,,,,,,,,19.22,17.29,21.16,,,,,,,15.8,14.23,17.79,20.0,29.0,14.0,,21.0,12.0
2026-06-10,,,,,,,,,,,,,20.4,18.86,21.87,,,,,,,,,,,,,28.01,26.46,29.59,,,,,,,,,,,,,12.23,10.8,13.86,,,,,,,,,,,,,,,,,,,19.15,17.21,21.07,,,,,,,15.83,14.26,17.83,,,,,,
2026-06-11,,,,,,,,,,,,,20.41,18.87,21.88,,,,,,,,,,,,,28.05,26.49,29.64,,,,,,,,,,,,,12.2,10.8,13.87,,,,,,,,,,,,,,,,,,,19.09,17.13,21.07,,,,,,,15.86,14.28,17.87,,,,,,
2026-06-12,,,,,,,,,,,,,20.42,18.89,21.88,,,,,,,,,,,,,28.08,26.54,29.7,,,,,,,,,,,,,12.17,10.77,13.87,,,,,,,,,,,,,,,,,,,19.03,17.06,21.03,,,,,,,15.89,14.3,17.9,,,,,,
2026-06-13,,,,,,,,,,,,,20.43,18.9,21.88,,,,,,,,,,,,,28.12,26.55,29.75,,,,,,,,,,,,,12.15,10.72,13.86,,,,,,,,,,,,,,,,,,,18.97,17.01,20.99,,,,,,,15.92,14.32,17.94,,,,,,
2026-06-14,,,,,,,,,,,,,20.44,18.92,21.9,,,,,,,,,,,,,28.15,26.53,29.81,,,,,,,,,,,,,12.12,10.66,13.84,,,,,,,,,,,,,,,,,,,18.91,16.95,20.95,,,,,,,15.95,14.35,17.98,,,,,,
2026-06-15,,,,,,,,,,,,,20.45,18.94,21.9,,,,,,,,,,,,,28.19,26.51,29.84,,,,,,,,,,,,,12.1,10.64,13.81,,,,,,,,,,,,,,,,,,,18.85,16.92,20.91,,,,,,,15.98,14.38,18.02,21.0,29.0,16.0,,19.0,10.0
2026-06-16,,,,,,,,,,,,,20.46,18.95,21.91,,,,,,,,,,,,,28.22,26.52,29.85,,,,,,,,,,,,,12.07,10.64,13.77,,,,,,,,,,,,,,,,,,,18.79,16.8,20.87,,,,,,,16.01,14.41,18.06,,,,,,
2026-06-17,,,,,,,,,,,,,20.47,18.97,21.9,,,,,,,,,,,,,28.25,26.6,29.87,,,,,,,,,,,,,12.05,10.65,13.72,,,,,,,,,,,,,,,,,,,18.74,16.69,20.83,,,,,,,16.04,14.43,18.07,27.0,27.0,7.0,,11.0,22.0
2026-06-18,,,,,,,,,,,,,20.47,18.99,21.9,,,,,,,,,,,,,28.28,26.68,29.89,,,,,,,,,,,,,12.02,10.62,13.7,,,,,,,,,,,,,,,,,,,18.68,16.67,20.79,,,,,,,16.07,14.44,18.05,,,,,,
2026-06-19,,,,,,,,,,,,,20.48,18.99,21.91,,,,,,,,,,,,,28.31,26.75,29.93,,,,,,,,,,,,,12.0,10.59,13.69,,,,,,,,,,,,,,,,,,,18.63,16.66,20.78,,,,,,,16.1,14.48,18.04,,,,,,
2026-06-20,,,,,,,,,,,,,20.49,18.99,21.92,,,,,,,,,,,,,28.34,26.8,29.98,,,,,,,,,,,,,11.97,10.55,13.65,,,,,,,,,,,,,,,,,,,18.58,16.65,20.73,,,,,,,16.13,14.53,18.06,,,,,,
2026-06-21,,,,,,,,,,,,,20.5,19.0,21.96,,,,,,,,,,,,,28.37,26.82,30.03,,,,,,,,,,,,,11.95,10.51,13.65,,,,,,,,,,,,,,,,,,,18.53,16.64,20.67,,,,,,,16.16,14.57,18.09,,,,,,
2026-06-22,,,,,,,,,,,,,20.5,19.01,21.98,,,,,,,,,,,,,28.39,26.83,30.07,,,,,,,,,,,,,11.92,10.48,13.6,,,,,,,,,,,,,,,,,,,18.48,16.61,20.63,,,,,,,16.19,14.6,18.12,23.0,28.0,15.0,,23.0,11.0
2026-06-23,,,,,,,,,,,,,20.51,19.01,22.0,,,,,,,,,,,,,28.42,26.84,30.11,,,,,,,,,,,,,11.9,10.45,13.56,,,,,,,,,,,,,,,,,,,18.43,16.54,20.6,,,,,,,16.22,14.63,18.14,,,,,,
2026-06-24,,,,,,,,,,,,,20.52,19.03,21.99,,,,,,,,,,,,,28.45,26.85,30.17,,,,,,,,,,,,,11.88,10.43,13.54,,,,,,,,,,,,,,,,,,,18.39,16.47,20.56,,,,,,,16.24,14.66,18.16,,,,,,
2026-06-25,,,,,,,,,,,,,20.52,19.03,21.99,,,,,,,,,,,,,28.47,26.86,30.23,,,,,,,,,,,,,11.85,10.4,13.54,,,,,,,,,,,,,,,,,,,18.35,16.45,20.53,,,,,,,16.27,14.69,18.18,,,,,,
2026-06-26,,,,,,,,,,,,,20.53,19.01,21.98,,,,,,,,,,,,,28.5,26.89,30.27,,,,,,,,,,,,,11.83,10.4,13.53,,,,,,,,,,,,,,,,,,,18.3,16.43,20.5,,,,,,,16.29,14.72,18.15,,,,,,
2026-06-27,,,,,,,,,,,,,20.53,18.99,21.98,,,,,,,,,,,,,28.52,26.9,30.28,,,,,,,,,,,,,11.81,10.39,13.51,,,,,,,,,,,,,,,,,,,18.26,16.4,20.46,,,,,,,16.32,14.75,18.13,,,,,,
2026-06-28,,,,,,,,,,,,,20.54,18.97,21.99,,,,,,,,,,,,,28.54,26.9,30.29,,,,,,,,,,,,,11.79,10.38,13.5,,,,,,,,,,,,,,,,,,,18.22,16.39,20.43,,,,,,,16.34,14.78,18.12,,,,,,
2026-06-29,,,,,,,,,,,,,20.54,18.95,22.0,,,,,,,,,,,,,28.56,26.95,30.29,,,,,,,,,,,,,11.76,10.37,13.5,,,,,,,,,,,,,,,,,,,18.19,16.35,20.4,,,,,,,16.36,14.8,18.15,21.3,29.3,12.7,,18.0,15.0
2026-06-30,,,,,,,,,,,,,20.55,18.97,22.0,,,,,,,,,,,,,28.59,26.97,30.3,,,,,,,,,,,,,11.74,10.36,13.47,,,,,,,,,,,,,,,,,,,18.15,16.31,20.37,,,,,,,16.38,14.82,18.19,,,,,,
2026-07-01,,,,,,,,,,,,,20.55,18.99,21.99,,,,,,,,,,,,,28.61,26.98,30.3,,,,,,,,,,,,,11.72,10.34,13.41,,,,,,,,,,,,,,,,,,,18.12,16.27,20.33,,,,,,,16.41,14.84,18.24,,,,,,
2026-07-02,,,,,,,,,,,,,20.55,19.01,21.98,,,,,,,,,,,,,28.63,26.99,30.3,,,,,,,,,,,,,11.7,10.33,13.37,,,,,,,,,,,,,,,,,,,18.09,16.23,20.3,,,,,,,16.43,14.86,18.28,16.0,32.0,9.0,,17.0,19.0
2026-07-03,,,,,,,,,,,,,20.56,19.01,21.97,,,,,,,,,,,,,28.64,27.0,30.32,,,,,,,,,,,,,11.68,10.32,13.33,,,,,,,,,,,,,,,,,,,18.05,16.18,20.26,,,,,,,16.45,14.87,18.29,17.0,29.0,10.0,,19.0,19.0
2026-07-04,,,,,,,,,,,,,20.56,19.03,21.97,,,,,,,,,,,,,28.66,27.02,30.35,,,,,,,,,,,,,11.66,10.31,13.3,,,,,,,,,,,,,,,,,,,18.02,16.15,20.24,,,,,,,16.47,14.88,18.29,,,,,,
2026-07-05,,,,,,,,,,,,,20.56,19.05,21.99,,,,,,,,,,,,,28.68,27.06,30.35,,,,,,,,,,,,,11.64,10.3,13.28,,,,,,,,,,,,,,,,,,,17.99,16.1,20.21,,,,,,,16.49,14.88,18.31,,,,,,
2026-07-06,,,,,,,,,,,,,20.56,19.06,22.01,,,,,,,,,,,,,28.7,27.1,30.35,,,,,,,,,,,,,11.63,10.28,13.26,,,,,,,,,,,,,,,,,,,17.97,16.06,20.17,,,,,,,16.51,14.89,18.32,23.0,31.0,7.0,,10.0,28.0
2026-07-07,,,,,,,,,,,,,20.56,19.08,22.0,,,,,,,,,,,,,28.71,27.12,30.38,,,,,,,,,,,,,11.61,10.23,13.23,,,,,,,,,,,,,,,,,,,17.94,16.02,20.14,,,,,,,16.53,14.89,18.33,,,,,,
2026-07-08,,,,,,,,,,,,,20.56,19.09,21.99,,,,,,,,,,,,,28.73,27.11,30.41,,,,,,,,,,,,,11.59,10.2,13.2,,,,,,,,,,,,,,,,,,,17.91,15.97,20.1,,,,,,,16.55,14.9,18.34,,,,,,
2026-07-09,,,,,,,,,,,,,20.56,19.09,21.97,,,,,,,,,,,,,28.74,27.11,30.44,,,,,,,,,,,,,11.57,10.15,13.18,,,,,,,,,,,,,,,,,,,17.89,15.94,20.07,,,,,,,16.57,14.93,18.35,19.0,25.0,12.0,,30.0,13.0
2026-07-10,,,,,,,,,,,,,20.56,19.08,22.0,,,,,,,,,,,,,28.76,27.1,30.46,,,,,,,,,,,,,11.56,10.11,13.16,,,,,,,,,,,,,,,,,,,17.86,15.9,20.04,,,,,,,16.58,14.95,18.36,19.0,32.0,13.0,,20.0,14.0
2026-07-11,,,,,,,,,,,,,20.56,19.06,22.03,,,,,,,,,,,,,28.77,27.13,30.49,,,,,,,,,,,,,11.54,10.07,13.14,,,,,,,,,,,,,,,,,,,17.84,15.88,20.01,,,,,,,16.6,14.97,18.37,,,,,,
2026-07-12,,,,,,,,,,,,,20.56,19.08,22.06,,,,,,,,,,,,,28.79,27.18,30.52,,,,,,,,,,,,,11.52,10.05,13.11,,,,,,,,,,,,,,,,,,,17.82,15.87,19.97,,,,,,,16.62,14.99,18.38,,,,,,
2026-07-13,,,,,,,,,,,,,20.56,19.11,22.09,,,,,,,,,,,,,28.8,27.18,30.55,,,,,,,,,,,,,11.51,10.05,13.09,,,,,,,,,,,,,,,,,,,17.79,15.83,19.91,,,,,,,16.64,14.99,18.39,,,,,,
2026-07-14,,,,,,,,,,,,,20.56,19.1,22.1,,,,,,,,,,,,,28.82,27.17,30.58,,,,,,,,,,,,,11.49,10.05,13.07,,,,,,,,,,,,,,,,,,,17.77,15.79,19.88,,,,,,,16.66,14.99,18.41,21.0,29.0,12.0,,18.0,19.0
2026-07-15,,,,,,,,,,,,,20.56,19.08,22.11,,,,,,,,,,,,,28.83,27.17,30.6,,,,,,,,,,,,,11.48,10.06,13.05,,,,,,,,,,,,,,,,,,,17.75,15.74,19.85,,,,,,,16.67,14.99,18.42,17.0,24.0,14.0,,17.0,19.0
2026-07-16,,,,,,,,,,,,,20.56,19.06,22.07,,,,,,,,,,,,,28.84,27.16,30.63,,,,,,,,,,,,,11.46,10.04,13.02,,,,,,,,,,,,,,,,,,,17.73,15.7,19.82,,,,,,,16.69,14.99,18.43,,,,,,
2026-07-17,,,,,,,,,,,,,20.55,19.04,22.04,,,,,,,,,,,,,28.86,27.16,30.65,,,,,,,,,,,,,11.45,10.02,13.01,,,,,,,,,,,,,,,,,,,17.71,15.66,19.79,,,,,,,16.71,14.99,18.48,17.5,27.5,11.0,,14.0,18.5
2026-07-18,,,,,,,,,,,,,20.55,19.03,22.01,,,,,,,,,,,,,28.87,27.17,30.68,,,,,,,,,,,,,11.44,9.99,12.99,,,,,,,,,,,,,,,,,,,17.68,15.62,19.76,,,,,,,16.72,14.99,18.51,,,,,,
2026-07-19,,,,,,,,,,,,,20.54,19.01,21.98,,,,,,,,,,,,,28.88,27.2,30.68,,,,,,,,,,,,,11.43,9.98,12.98,,,,,,,,,,,,,,,,,,,17.66,15.61,19.73,,,,,,,16.74,15.0,18.5,,,,,,
2026-07-20,,,,,,,,,,,,,20.54,18.99,21.94,,,,,,,,,,,,,28.89,27.24,30.68,,,,,,,,,,,,,11.42,9.96,12.96,,,,,,,,,,,,,,,,,,,17.64,15.61,19.7,,,,,,,16.75,15.02,18.5,,,,,,
2026-07-21,,,,,,,,,,,,,20.54,18.98,21.95,,,,,,,,,,,,,28.91,27.24,30.67,,,,,,,,,,,,,11.4,9.92,12.95,,,,,,,,,,,,,,,,,,,17.62,15.6,19.67,,,,,,,16.77,15.05,18.52,,,,,,
2026-07-22,,,,,,,,,,,,,20.53,18.96,21.96,,,,,,,,,,,,,28.92,27.23,30.67,,,,,,,,,,,,,11.39,9.9,12.94,,,,,,,,,,,,,,,,,,,17.6,15.58,19.64,,,,,,,16.78,15.09,18.52,20.0,31.0,12.0,,19.0,14.0
2026-07-23,,,,,,,,,,,,,20.52,18.94,21.97,,,,,,,,,,,,,28.93,27.23,30.68,,,,,,,,,,,,,11.38,9.88,12.93,,,,,,,,,,,,,,,,,,,17.58,15.53,19.6,,,,,,,16.8,15.12,18.54,,,,,,
2026-07-24,,,,,,,,,,,,,20.52,18.93,21.98,,,,,,,,,,,,,28.94,27.23,30.67,,,,,,,,,,,,,11.37,9.87,12.92,,,,,,,,,,,,,,,,,,,17.56,15.46,19.57,,,,,,,16.81,15.12,18.57,24.7,31.0,10.0,,16.0,16.3
2026-07-25,,,,,,,,,,,,,20.51,18.91,21.99,,,,,,,,,,,,,28.95,27.24,30.69,,,,,,,,,,,,,11.36,9.85,12.91,,,,,,,,,,,,,,,,,,,17.54,15.39,19.54,,,,,,,16.83,15.13,18.61,,,,,,
2026-07-26,,,,,,,,,,,,,20.51,18.9,22.0,,,,,,,,,,,,,28.96,27.25,30.71,,,,,,,,,,,,,11.36,9.85,12.91,,,,,,,,,,,,,,,,,,,17.52,15.36,19.51,,,,,,,16.84,15.14,18.64,,,,,,
2026-07-27,,,,,,,,,,,,,20.5,18.88,22.01,,,,,,,,,,,,,28.97,27.26,30.74,,,,,,,,,,,,,11.35,9.84,12.9,,,,,,,,,,,,,,,,,,,17.5,15.35,19.48,,,,,,,16.86,15.15,18.67,30.0,28.0,10.0,,9.0,18.0
2026-07-28,,,,,,,,,,,,,20.49,18.87,22.03,,,,,,,,,,,,,28.98,27.27,30.77,,,,,,,,,,,,,11.34,9.84,12.9,,,,,,,,,,,,,,,,,,,17.48,15.3,19.46,,,,,,,16.88,15.16,18.69,,,,,,
2026-07-29,,,,,,,,,,,,,20.49,18.86,22.05,,,,,,,,,,,,,28.99,27.28,30.8,,,,,,,,,,,,,11.33,9.84,12.9,,,,,,,,,,,,,,,,,,,17.46,15.29,19.47,,,,,,,16.89,15.17,18.71,18.0,25.0,13.0,,21.0,17.0
2026-07-30,,,,,,,,,,,,,20.48,18.84,22.07,,,,,,,,,,,,,29.0,27.29,30.83,,,,,,,,,,,,,11.32,9.84,12.89,,,,,,,,,,,,,,,,,,,17.44,15.28,19.44,,,,,,,16.91,15.18,18.73,,,,,,
2026-07-31,,,,,,,,,,,,,20.47,18.83,22.09,,,,,,,,,,,,,29.01,27.3,30.86,,,,,,,,,,,,,11.31,9.82,12.89,,,,,,,,,,,,,,,,,,,17.42,15.27,19.42,,,,,,,16.92,15.2,18.73,16.0,34.0,14.0,,14.0,16.0
2026-08-01,,,,,,,,,,,,,20.47,18.82,22.11,,,,,,,,,,,,,29.02,27.31,30.87,,,,,,,,,,,,,11.31,9.81,12.89,,,,,,,,,,,,,,,,,,,17.4,15.26,19.4,,,,,,,16.94,15.25,18.73,20.0,25.0,11.0,,22.0,13.0
2026-08-02,,,,,,,,,,,,,20.46,18.81,22.12,,,,,,,,,,,,,29.03,27.31,30.88,,,,,,,,,,,,,11.3,9.81,12.88,,,,,,,,,,,,,,,,,,,17.38,15.25,19.37,,,,,,,16.95,15.33,18.73,,,,,,
2026-08-03,,,,,,,,,,,,,20.45,18.78,22.12,,,,,,,,,,,,,29.04,27.32,30.89,,,,,,,,,,,,,11.29,9.8,12.88,,,,,,,,,,,,,,,,,,,17.36,15.21,19.34,,,,,,,16.97,15.32,18.73,,,,,,
2026-08-04,,,,,,,,,,,,,20.44,18.78,22.09,,,,,,,,,,,,,29.05,27.34,30.89,,,,,,,,,,,,,11.28,9.77,12.88,,,,,,,,,,,,,,,,,,,17.35,15.18,19.32,,,,,,,16.98,15.36,18.73,,,,,,
2026-08-05,,,,,,,,,,,,,20.44,18.77,22.1,,,,,,,,,,,,,29.06,27.34,30.91,,,,,,,,,,,,,11.28,9.74,12.9,,,,,,,,,,,,,,,,,,,17.33,15.15,19.29,,,,,,,17.0,15.36,18.73,,,,,,
2026-08-06,,,,,,,,,,,,,20.43,18.76,22.11,,,,,,,,,,,,,29.06,27.35,30.92,,,,,,,,,,,,,11.27,9.73,12.9,,,,,,,,,,,,,,,,,,,17.31,15.11,19.26,,,,,,,17.01,15.37,18.72,,,,,,
2026-08-07,,,,,,,,,,,,,20.42,18.75,22.12,,,,,,,,,,,,,29.07,27.35,30.94,,,,,,,,,,,,,11.26,9.72,12.9,,,,,,,,,,,,,,,,,,,17.29,15.07,19.26,,,,,,,17.03,15.37,18.71,17.0,32.0,10.0,,13.0,24.0
2026-08-08,,,,,,,,,,,,,20.42,18.74,22.13,,,,,,,,,,,,,29.08,27.35,30.96,,,,,,,,,,,,,11.26,9.69,12.89,,,,,,,,,,,,,,,,,,,17.28,15.03,19.26,,,,,,,17.04,15.36,18.72,,,,,,
2026-08-09,,,,,,,,,,,,,20.41,18.73,22.14,,,,,,,,,,,,,29.08,27.35,30.97,,,,,,,,,,,,,11.25,9.68,12.89,,,,,,,,,,,,,,,,,,,17.26,14.99,19.24,,,,,,,17.06,15.35,18.73,,,,,,
2026-08-10,,,,,,,,,,,,,20.4,18.73,22.16,,,,,,,,,,,,,29.09,27.35,30.97,,,,,,,,,,,,,11.24,9.65,12.89,,,,,,,,,,,,,,,,,,,17.24,14.98,19.21,,,,,,,17.07,15.37,18.74,,,,,,
2026-08-11,,,,,,,,,,,,,20.4,18.73,22.17,,,,,,,,,,,,,29.09,27.36,30.98,,,,,,,,,,,,,11.24,9.62,12.89,,,,,,,,,,,,,,,,,,,17.23,14.96,19.19,,,,,,,17.08,15.41,18.75,,,,,,
2026-08-12,,,,,,,,,,,,,20.39,18.71,22.18,,,,,,,,,,,,,29.1,27.36,30.99,,,,,,,,,,,,,11.23,9.59,12.87,,,,,,,,,,,,,,,,,,,17.21,14.95,19.17,,,,,,,17.09,15.44,18.77,19.0,30.0,11.0,,21.0,13.0
2026-08-13,,,,,,,,,,,,,20.38,18.7,22.17,,,,,,,,,,,,,29.11,27.37,30.99,,,,,,,,,,,,,11.22,9.56,12.84,,,,,,,,,,,,,,,,,,,17.2,14.93,19.14,,,,,,,17.1,15.45,18.79,23.0,27.0,12.0,,13.0,20.0
2026-08-14,,,,,,,,,,,,,20.38,18.69,22.16,,,,,,,,,,,,,29.11,27.38,30.99,,,,,,,,,,,,,11.22,9.55,12.83,,,,,,,,,,,,,,,,,,,17.18,14.92,19.12,,,,,,,17.12,15.45,18.8,19.0,37.0,8.0,,12.0,19.0
2026-08-15,,,,,,,,,,,,,20.37,18.7,22.16,,,,,,,,,,,,,29.12,27.38,31.0,,,,,,,,,,,,,11.21,9.53,12.82,,,,,,,,,,,,,,,,,,,17.17,14.91,19.11,,,,,,,17.13,15.46,18.82,20.0,27.0,11.0,,21.0,13.0
2026-08-16,,,,,,,,,,,,,20.37,18.68,22.15,,,,,,,,,,,,,29.12,27.39,31.0,,,,,,,,,,,,,11.2,9.52,12.81,,,,,,,,,,,,,,,,,,,17.16,14.9,19.1,,,,,,,17.14,15.46,18.85,,,,,,
2026-08-17,,,,,,,,,,,,,20.36,18.67,22.14,,,,,,,,,,,,,29.13,27.4,31.02,,,,,,,,,,,,,11.2,9.51,12.8,,,,,,,,,,,,,,,,,,,17.14,14.89,19.09,,,,,,,17.14,15.47,18.85,,,,,,
2026-08-18,,,,,,,,,,,,,20.36,18.66,22.13,,,,,,,,,,,,,29.13,27.41,31.04,,,,,,,,,,,,,11.19,9.48,12.79,,,,,,,,,,,,,,,,,,,17.13,14.86,19.07,,,,,,,17.15,15.48,18.84,,,,,,
2026-08-19,,,,,,,,,,,,,20.35,18.66,22.12,,,,,,,,,,,,,29.14,27.42,31.07,,,,,,,,,,,,,11.18,9.45,12.78,,,,,,,,,,,,,,,,,,,17.12,14.83,19.06,,,,,,,17.16,15.48,18.83,,,,,,
2026-08-20,,,,,,,,,,,,,20.35,18.65,22.11,,,,,,,,,,,,,29.14,27.4,31.07,,,,,,,,,,,,,11.18,9.42,12.77,,,,,,,,,,,,,,,,,,,17.11,14.8,19.04,,,,,,,17.17,15.47,18.83,,,,,,
2026-08-21,,,,,,,,,,,,,20.35,18.63,22.11,,,,,,,,,,,,,29.15,27.39,31.07,,,,,,,,,,,,,11.17,9.41,12.76,,,,,,,,,,,,,,,,,,,17.1,14.78,19.04,,,,,,,17.17,15.44,18.86,,,,,,
2026-08-22,,,,,,,,,,,,,20.34,18.62,22.11,,,,,,,,,,,,,29.15,27.36,31.06,,,,,,,,,,,,,11.16,9.41,12.75,,,,,,,,,,,,,,,,,,,17.08,14.75,19.03,,,,,,,17.17,15.42,18.87,,,,,,
2026-08-23,,,,,,,,,,,,,20.34,18.61,22.11,,,,,,,,,,,,,29.15,27.33,31.06,,,,,,,,,,,,,11.16,9.4,12.74,,,,,,,,,,,,,,,,,,,17.07,14.72,19.02,,,,,,,17.18,15.39,18.88,,,,,,
2026-08-24,,,,,,,,,,,,,20.34,18.6,22.08,,,,,,,,,,,,,29.16,27.31,31.06,,,,,,,,,,,,,11.15,9.4,12.72,,,,,,,,,,,,,,,,,,,17.06,14.66,19.06,,,,,,,17.18,15.36,18.89,,,,,,
2026-08-25,,,,,,,,,,,,,20.34,18.58,22.09,,,,,,,,,,,,,29.16,27.29,31.06,,,,,,,,,,,,,11.14,9.39,12.71,,,,,,,,,,,,,,,,,,,17.05,14.66,19.09,,,,,,,17.18,15.32,18.9,,,,,,
2026-08-26,,,,,,,,,,,,,20.34,18.56,22.11,,,,,,,,,,,,,29.17,27.27,31.05,,,,,,,,,,,,,11.14,9.37,12.69,,,,,,,,,,,,,,,,,,,17.04,14.64,19.13,,,,,,,17.18,15.29,18.91,,,,,,
2026-08-27,,,,,,,,,,,,,20.34,18.54,22.1,,,,,,,,,,,,,29.17,27.23,31.05,,,,,,,,,,,,,11.13,9.38,12.7,,,,,,,,,,,,,,,,,,,17.03,14.61,19.15,,,,,,,17.18,15.28,18.92,,,,,,
2026-08-28,,,,,,,,,,,,,20.34,18.52,22.07,,,,,,,,,,,,,29.18,27.21,31.04,,,,,,,,,,,,,11.13,9.35,12.7,,,,,,,,,,,,,,,,,,,17.02,14.58,19.13,,,,,,,17.18,15.3,18.93,,,,,,
2026-08-29,,,,,,,,,,,,,20.34,18.5,22.04,,,,,,,,,,,,,29.18,27.19,31.03,,,,,,,,,,,,,11.12,9.33,12.7,,,,,,,,,,,,,,,,,,,17.01,14.56,19.12,,,,,,,17.18,15.31,18.93,,,,,,
2026-08-30,,,,,,,,,,,,,20.34,18.48,22.01,,,,,,,,,,,,,29.18,27.17,31.03,,,,,,,,,,,,,11.11,9.3,12.73,,,,,,,,,,,,,,,,,,,17.0,14.57,19.16,,,,,,,17.18,15.33,18.94,,,,,,
2026-08-31,,,,,,,,,,,,,20.35,18.45,22.03,,,,,,,,,,,,,29.19,27.15,31.02,,,,,,,,,,,,,11.11,9.28,12.76,,,,,,,,,,,,,,,,,,,16.99,14.5,19.21,,,,,,,17.18,15.34,18.95,,,,,,
2026-09-01,,,,,,,,,,,,,20.35,18.43,22.06,,,,,,,,,,,,,29.19,27.13,31.01,,,,,,,,,,,,,11.1,9.27,12.78,,,,,,,,,,,,,,,,,,,16.98,14.45,19.18,,,,,,,17.17,15.34,18.97,24.0,26.0,11.0,,22.0,13.0