date,Con (to 2024 election),Con (to 2024 election) (low),Con (to 2024 election) (high),Con (post-2024 election),Con (post-2024 election) (low),Con (post-2024 election) (high),Lab (to 2024 election),Lab (to 2024 election) (low),Lab (to 2024 election) (high),Lab (post-2024 election),Lab (post-2024 election) (low),Lab (post-2024 election) (high),LDem (to 2024 election),LDem (to 2024 election) (low),LDem (to 2024 election) (high),LDem (post-2024 election),LDem (post-2024 election) (low),LDem (post-2024 election) (high),Grn (to 2024 election),Grn (to 2024 election) (low),Grn (to 2024 election) (high),Grn (post-2024 election),Grn (post-2024 election) (low),Grn (post-2024 election) (high),SNP (to 2024 election),SNP (to 2024 election) (low),SNP (to 2024 election) (high),SNP (post-2024 election),SNP (post-2024 election) (low),SNP (post-2024 election) (high),PC (to 2024 election),PC (to 2024 election) (low),PC (to 2024 election) (high),PC (post-2024 election),PC (post-2024 election) (low),PC (post-2024 election) (high),Reform (to 2024 election),Reform (to 2024 election) (low),Reform (to 2024 election) (high),Reform (post-2024 election),Reform (post-2024 election) (low),Reform (post-2024 election) (high),Con (poll),Lab (poll),LDem (poll),Grn (poll),SNP (poll),PC (poll),Reform (poll)
2020-01-26,19.73,15.34,25.37,,,,52.39,47.14,57.67,,,,13.16,7.69,18.52,,,,7.69,3.51,12.73,,,,6.71,2.12,12.82,,,,1.0,-5.36,7.53,,,,,,,,,,17.0,53.0,15.0,7.0,7.0,1.0,
2020-01-27,19.78,15.38,25.36,,,,52.36,47.17,57.52,,,,13.14,7.67,18.47,,,,7.7,3.53,12.67,,,,6.71,2.19,12.82,,,,1.0,-5.3,7.48,,,,,,,,,,,,,,,,
2020-01-28,19.83,15.46,25.36,,,,52.32,47.19,57.34,,,,13.11,7.66,18.38,,,,7.7,3.55,12.59,,,,6.72,2.28,12.8,,,,1.0,-5.24,7.44,,,,,,,,,,,,,,,,
2020-01-29,19.88,15.57,25.39,,,,52.28,47.21,57.18,,,,13.09,7.65,18.28,,,,7.7,3.6,12.53,,,,6.72,2.4,12.77,,,,1.0,-5.18,7.4,,,,,,,,,,,,,,,,
2020-01-30,19.94,15.74,25.41,,,,52.24,47.24,57.09,,,,13.06,7.64,18.16,,,,7.71,3.65,12.48,,,,6.73,2.53,12.76,,,,1.0,-5.12,7.29,,,,,,,,,,,,,,,,
2020-01-31,20.0,15.79,25.43,,,,52.19,47.27,57.05,,,,13.03,7.62,18.05,,,,7.71,3.72,12.42,,,,6.74,2.69,12.58,,,,1.0,-5.06,7.25,,,,,,,,,,,,,,,,
2020-02-01,20.06,15.82,25.39,,,,52.14,47.25,56.97,,,,13.0,7.61,17.96,,,,7.72,3.77,12.35,,,,6.75,2.74,12.42,,,,1.0,-5.0,7.21,,,,,,,,,,,,,,,,
2020-02-02,20.13,15.9,25.33,,,,52.09,47.21,56.86,,,,12.97,7.59,17.85,,,,7.72,3.81,12.27,,,,6.76,2.85,12.3,,,,1.0,-4.91,7.16,,,,,,,,,,22.0,51.0,10.0,8.0,9.0,,
2020-02-03,20.2,16.06,25.33,,,,52.04,47.16,56.65,,,,12.94,7.64,17.77,,,,7.72,3.84,12.19,,,,6.77,2.91,12.18,,,,1.0,-4.81,7.11,,,,,,,,,,,,,,,,
2020-02-04,20.27,16.22,25.29,,,,51.99,47.13,56.5,,,,12.91,7.87,17.72,,,,7.72,3.88,12.11,,,,6.78,2.96,12.16,,,,1.0,-4.72,7.07,,,,,,,,,,,,,,,,
2020-02-05,20.34,16.4,25.3,,,,51.93,47.1,56.39,,,,12.87,7.89,17.69,,,,7.72,3.91,12.0,,,,6.79,3.1,12.15,,,,1.0,-4.65,7.03,,,,,,,,,,,,,,,,
2020-02-06,20.42,16.59,25.29,,,,51.87,47.08,56.38,,,,12.84,7.91,17.55,,,,7.73,3.93,11.96,,,,6.81,3.05,12.09,,,,1.0,-4.57,6.98,,,,,,,,,,,,,,,,
2020-02-07,20.5,16.69,25.31,,,,51.81,47.08,56.26,,,,12.8,7.91,17.49,,,,7.73,3.92,11.89,,,,6.82,3.11,12.1,,,,1.0,-4.49,6.95,,,,,,,,,,,,,,,,
2020-02-08,20.58,16.82,25.32,,,,51.76,47.08,56.07,,,,12.76,7.91,17.43,,,,7.73,3.93,11.84,,,,6.84,3.17,12.1,,,,1.0,-4.44,6.9,,,,,,,,,,,,,,,,
2020-02-09,20.66,16.95,25.38,,,,51.7,47.04,55.89,,,,12.73,7.92,17.27,,,,7.73,3.95,11.75,,,,6.85,3.23,12.1,,,,1.0,-4.43,6.8,,,,,,,,,,,,,,,,
2020-02-10,20.74,17.03,25.45,,,,51.64,47.03,55.74,,,,12.69,7.97,17.18,,,,7.73,4.0,11.66,,,,6.87,3.31,12.1,,,,1.0,-4.42,6.7,,,,,,,,,,19.0,54.0,15.0,8.0,4.0,,
2020-02-11,20.82,17.11,25.52,,,,51.58,47.11,55.59,,,,12.65,7.95,17.09,,,,7.73,4.13,11.5,,,,6.88,3.44,12.1,,,,1.0,-4.42,6.54,,,,,,,,,,,,,,,,
2020-02-12,20.9,17.2,25.6,,,,51.52,47.11,55.45,,,,12.61,8.08,17.0,,,,7.73,4.26,11.48,,,,6.89,3.57,12.05,,,,1.0,-4.41,6.46,,,,,,,,,,,,,,,,
2020-02-13,20.98,17.28,25.73,,,,51.46,47.14,55.4,,,,12.57,8.13,16.91,,,,7.73,4.32,11.45,,,,6.91,3.64,11.87,,,,1.0,-4.41,6.43,,,,,,,,,,,,,,,,
2020-02-14,21.06,17.36,25.78,,,,51.4,47.12,55.39,,,,12.53,8.14,16.81,,,,7.73,4.37,11.42,,,,6.92,3.71,11.68,,,,1.0,-4.38,6.4,,,,,,,,,,,,,,,,
2020-02-15,21.14,17.45,25.89,,,,51.35,47.11,55.37,,,,12.49,8.12,16.72,,,,7.74,4.44,11.38,,,,6.94,3.74,11.49,,,,1.0,-4.34,6.38,,,,,,,,,,,,,,,,
2020-02-16,21.22,17.48,25.99,,,,51.29,47.02,55.32,,,,12.45,8.08,16.65,,,,7.74,4.49,11.39,,,,6.95,3.79,11.3,,,,1.0,-4.3,6.36,,,,,,,,,,,,,,,,
2020-02-17,21.29,17.56,26.11,,,,51.24,46.93,55.22,,,,12.41,8.03,16.54,,,,7.74,4.54,11.46,,,,6.96,3.8,11.1,,,,1.0,-4.26,6.34,,,,,,,,,,,,,,,,
2020-02-18,21.37,17.59,26.21,,,,51.18,46.89,55.12,,,,12.37,8.01,16.43,,,,7.75,4.57,11.47,,,,6.97,3.81,10.96,,,,1.0,-4.23,6.32,,,,,,,,,,,,,,,,
2020-02-19,21.44,17.61,26.27,,,,51.13,46.78,55.02,,,,12.33,8.01,16.36,,,,7.75,4.61,11.47,,,,6.99,3.83,11.32,,,,1.0,-4.2,6.19,,,,,,,,,,,,,,,,
2020-02-20,21.51,17.63,26.27,,,,51.08,46.78,54.94,,,,12.29,7.99,16.28,,,,7.76,4.65,11.48,,,,7.0,3.84,11.16,,,,1.0,-4.12,6.06,,,,,,,,,,,,,,,,
2020-02-21,21.58,17.65,26.26,,,,51.04,46.74,54.93,,,,12.25,8.1,16.22,,,,7.76,4.69,11.48,,,,7.01,3.85,11.03,,,,1.0,-4.13,6.05,,,,,,,,,,,,,,,,
2020-02-22,21.65,17.68,26.25,,,,50.99,46.56,54.91,,,,12.21,8.12,16.22,,,,7.77,4.73,11.5,,,,7.02,3.86,11.06,,,,1.0,-4.09,6.07,,,,,,,,,,,,,,,,
2020-02-23,21.71,17.71,26.25,,,,50.95,46.59,54.9,,,,12.17,8.12,16.22,,,,7.78,4.74,11.47,,,,7.03,3.87,11.06,,,,1.0,-4.03,6.09,,,,,,,,,,,,,,,,
2020-02-24,21.77,17.73,26.3,,,,50.91,46.71,54.89,,,,12.13,8.12,16.22,,,,7.79,4.74,11.43,,,,7.04,3.92,10.98,,,,1.0,-3.93,6.12,,,,,,,,,,,,,,,,
2020-02-25,21.83,17.8,26.31,,,,50.87,46.63,54.86,,,,12.09,8.12,16.21,,,,7.79,4.74,11.4,,,,7.05,3.92,10.89,,,,1.0,-3.88,6.14,,,,,,,,,,,,,,,,
2020-02-26,21.89,17.88,26.26,,,,50.84,46.56,54.85,,,,12.04,8.12,16.18,,,,7.8,4.78,11.36,,,,7.06,3.95,10.8,,,,1.0,-4.66,6.16,,,,,,,,,,,,,,,,
2020-02-27,21.95,17.96,26.3,,,,50.81,46.59,54.84,,,,12.0,8.12,16.09,,,,7.81,4.76,11.32,,,,7.07,3.99,10.71,,,,1.0,-4.64,6.18,,,,,,,,,,,,,,,,
2020-02-28,22.0,18.06,26.36,,,,50.78,46.63,54.83,,,,11.96,8.13,16.0,,,,7.82,4.75,11.29,,,,7.08,4.01,10.69,,,,1.0,-4.62,6.19,,,,,,,,,,,,,,,,
2020-02-29,22.05,18.14,26.4,,,,50.76,46.7,54.8,,,,11.91,8.13,15.9,,,,7.82,4.74,11.24,,,,7.09,4.03,10.68,,,,1.0,-4.61,6.2,,,,,,,,,,,,,,,,
2020-03-01,22.1,18.23,26.43,,,,50.74,46.83,54.77,,,,11.86,8.14,15.88,,,,7.83,4.72,11.2,,,,7.1,4.06,10.67,,,,1.0,-4.64,6.18,,,,,,,,,,,,,,,,
2020-03-02,22.15,18.25,26.36,,,,50.73,46.85,54.74,,,,11.82,8.14,15.87,,,,7.84,4.71,11.15,,,,7.1,4.09,10.65,,,,1.0,-4.66,6.17,,,,,,,,,,,,,,,,
2020-03-03,22.19,18.28,26.37,,,,50.72,46.9,54.79,,,,11.77,8.05,15.84,,,,7.85,4.72,11.11,,,,7.11,4.12,10.65,,,,1.0,-4.68,6.16,,,,,,,,,,,,,,,,
2020-03-04,22.24,18.3,26.39,,,,50.71,47.01,54.8,,,,11.71,7.93,15.82,,,,7.85,4.77,11.05,,,,7.12,4.16,10.65,,,,1.0,-4.69,6.16,,,,,,,,,,,,,,,,
2020-03-05,22.27,18.31,26.4,,,,50.72,47.07,54.84,,,,11.66,7.87,15.78,,,,7.86,4.78,11.05,,,,7.13,4.19,10.65,,,,1.0,-4.69,6.16,,,,,,,,,,,,,,,,
2020-03-06,22.31,18.38,26.42,,,,50.72,47.09,54.89,,,,11.6,7.89,15.74,,,,7.87,4.75,11.03,,,,7.14,4.23,10.64,,,,1.0,-4.7,6.19,,,,,,,,,,,,,,,,
2020-03-07,22.34,18.45,26.42,,,,50.74,47.23,54.94,,,,11.54,7.92,15.6,,,,7.88,4.72,11.01,,,,7.14,4.34,10.57,,,,1.0,-4.69,6.23,,,,,,,,,,,,,,,,
2020-03-08,22.37,18.52,26.36,,,,50.75,47.4,54.99,,,,11.48,7.88,15.47,,,,7.88,4.69,10.99,,,,7.15,4.45,10.47,,,,1.0,-4.69,6.23,,,,,,,,,,,,,,,,
2020-03-09,22.4,18.58,26.34,,,,50.78,47.46,55.05,,,,11.41,7.78,15.32,,,,7.89,4.72,10.98,,,,7.16,4.48,10.39,,,,1.0,-4.68,6.23,,,,,,,,,,,,,,,,
2020-03-10,22.42,18.61,26.31,,,,50.8,47.54,55.1,,,,11.34,7.69,15.15,,,,7.9,4.75,10.96,,,,7.16,4.5,10.31,,,,1.0,-4.58,6.21,,,,,,,,,,,,,,,,
2020-03-11,22.45,18.64,26.28,,,,50.84,47.45,55.14,,,,11.27,7.64,14.85,,,,7.9,4.69,10.94,,,,7.17,4.52,10.28,,,,1.0,-4.42,6.14,,,,,,,,,,,,,,,,
2020-03-12,22.47,18.66,26.29,,,,50.87,47.36,55.17,,,,11.2,7.58,14.8,,,,7.91,4.6,10.92,,,,7.18,4.48,10.32,,,,1.0,-4.42,6.16,,,,,,,,,,,,,,,,
2020-03-13,22.48,18.69,26.23,,,,50.91,47.43,55.08,,,,11.12,7.38,14.63,,,,7.92,4.54,10.89,,,,7.18,4.55,10.23,,,,1.0,-4.24,6.15,,,,,,,,,,,,,,,,
2020-03-14,22.5,18.71,26.16,,,,50.96,47.52,55.02,,,,11.05,7.26,14.43,,,,7.93,4.55,10.88,,,,7.19,4.59,10.24,,,,1.0,-3.97,6.27,,,,,,,,,,,,,,,,
2020-03-15,22.51,18.73,26.17,,,,51.01,47.56,54.96,,,,10.97,7.17,14.24,,,,7.93,4.56,10.88,,,,7.19,4.61,10.2,,,,1.0,-3.86,6.29,,,,,,,,,,,,,,,,
2020-03-16,22.52,18.76,26.08,,,,51.06,47.65,55.07,,,,10.89,7.04,14.03,,,,7.94,4.57,10.86,,,,7.2,4.66,10.22,,,,1.0,-3.84,6.31,,,,,,,,,,,,,,,,
2020-03-17,22.53,18.78,26.08,,,,51.11,47.66,55.28,,,,10.8,6.92,13.88,,,,7.95,4.57,10.76,,,,7.2,4.64,10.29,,,,1.0,-3.8,6.32,,,,,,,,,,,,,,,,
2020-03-18,22.54,18.8,26.06,,,,51.17,47.63,55.36,,,,10.72,6.83,13.77,,,,7.95,4.58,10.74,,,,7.21,4.66,10.37,,,,1.0,-3.75,6.24,,,,,,,,,,,,,,,,
2020-03-19,22.54,18.82,26.04,,,,51.23,47.58,55.42,,,,10.63,6.72,13.64,,,,7.96,4.58,10.75,,,,7.21,4.67,10.39,,,,1.0,-3.67,6.13,,,,,,,,,,,,,,,,
2020-03-20,22.54,18.88,26.08,,,,51.3,47.59,55.45,,,,10.54,6.62,13.48,,,,7.96,4.57,10.86,,,,7.22,4.69,10.36,,,,1.0,-3.56,6.05,,,,,,,,,,,,,,,,
2020-03-21,22.54,18.84,26.11,,,,51.37,47.6,55.48,,,,10.46,6.57,13.44,,,,7.97,4.57,10.86,,,,7.22,4.71,10.33,,,,1.0,-3.57,5.97,,,,,,,,,,,,,,,,
2020-03-22,22.54,18.84,26.13,,,,51.44,47.62,55.51,,,,10.37,6.51,13.33,,,,7.97,4.55,10.86,,,,7.23,4.84,10.3,,,,1.0,-3.59,5.89,,,,,,,,,,,,,,,,
2020-03-23,22.54,18.85,26.09,,,,51.51,47.63,55.59,,,,10.28,6.44,13.27,,,,7.97,4.54,10.86,,,,7.23,4.84,10.27,,,,1.0,-3.54,5.84,,,,,,,,,,,,,,,,
2020-03-24,22.54,18.86,26.06,,,,51.59,47.64,55.76,,,,10.19,6.37,13.23,,,,7.98,4.51,10.86,,,,7.23,4.83,10.25,,,,1.0,-3.49,5.85,,,,,,,,,,,,,,,,
2020-03-25,22.53,18.77,26.1,,,,51.66,47.61,55.8,,,,10.1,6.31,13.17,,,,7.98,4.49,10.86,,,,7.23,4.83,10.25,,,,1.0,-3.41,5.76,,,,,,,,,,,,,,,,
2020-03-26,22.52,18.68,26.09,,,,51.74,47.57,55.83,,,,10.02,6.25,13.13,,,,7.98,4.45,10.84,,,,7.24,4.8,10.24,,,,1.0,-3.35,5.74,,,,,,,,,,,,,,,,
2020-03-27,22.51,18.59,25.92,,,,51.82,47.54,55.87,,,,9.93,6.06,13.08,,,,7.97,4.44,10.78,,,,7.24,4.82,10.23,,,,1.0,-3.33,5.71,,,,,,,,,,,,,,,,
2020-03-28,22.5,18.58,25.87,,,,51.9,47.51,55.97,,,,9.84,5.99,13.03,,,,7.97,4.43,10.72,,,,7.24,4.83,10.22,,,,1.0,-3.29,5.68,,,,,,,,,,,,,,,,
2020-03-29,22.49,18.58,25.81,,,,51.99,47.48,56.09,,,,9.76,5.95,12.96,,,,7.97,4.42,10.67,,,,7.24,4.84,10.23,,,,1.0,-3.19,5.66,,,,,,,,,,,,,,,,
2020-03-30,22.48,18.54,25.77,,,,52.07,47.47,56.14,,,,9.67,6.0,12.88,,,,7.97,4.43,10.62,,,,7.24,4.85,10.23,,,,1.0,-3.06,5.89,,,,,,,,,,,,,,,,
2020-03-31,22.47,18.58,25.8,,,,52.15,47.5,56.2,,,,9.59,5.89,12.79,,,,7.96,4.41,10.58,,,,7.24,4.86,10.24,,,,1.0,-3.0,5.69,,,,,,,,,,,,,,,,
2020-04-01,22.45,18.61,25.83,,,,52.24,47.64,56.26,,,,9.5,5.85,12.72,,,,7.96,4.39,10.57,,,,7.24,4.87,10.24,,,,1.0,-2.93,5.76,,,,,,,,,,,,,,,,
2020-04-02,22.44,18.65,25.86,,,,52.33,47.72,56.32,,,,9.42,5.81,12.66,,,,7.95,4.39,10.58,,,,7.24,4.84,10.23,,,,1.0,-2.93,5.81,,,,,,,,,,25.0,49.0,11.0,8.0,7.0,1.0,
2020-04-03,22.42,18.67,25.86,,,,52.41,47.75,56.58,,,,9.34,5.75,12.52,,,,7.94,4.35,10.59,,,,7.24,4.79,10.23,,,,1.0,-2.89,5.8,,,,,,,,,,,,,,,,
2020-04-04,22.41,18.7,25.83,,,,52.5,47.79,56.83,,,,9.26,5.69,12.43,,,,7.94,4.31,10.45,,,,7.24,4.75,10.22,,,,1.0,-2.72,5.9,,,,,,,,,,,,,,,,
2020-04-05,22.39,18.73,25.79,,,,52.59,47.83,56.91,,,,9.18,5.63,12.32,,,,7.93,4.27,10.41,,,,7.23,4.69,10.2,,,,1.0,-2.57,5.91,,,,,,,,,,,,,,,,
2020-04-06,22.37,18.76,25.74,,,,52.68,47.89,57.03,,,,9.11,5.54,12.25,,,,7.92,4.23,10.43,,,,7.23,4.66,10.18,,,,1.0,-2.46,5.9,,,,,,,,,,,,,,,,
2020-04-07,22.35,18.78,25.73,,,,52.77,47.99,57.27,,,,9.03,5.42,12.11,,,,7.91,4.2,10.39,,,,7.22,4.62,10.17,,,,1.0,-2.62,5.87,,,,,,,,,,,,,,,,
2020-04-08,22.33,18.77,25.71,,,,52.87,48.06,57.33,,,,8.95,5.37,12.08,,,,7.9,4.17,10.34,,,,7.22,4.57,10.17,,,,1.0,-2.83,5.81,,,,,,,,,,,,,,,,
2020-04-09,22.31,18.75,25.68,,,,52.96,48.12,57.42,,,,8.88,5.33,11.97,,,,7.89,4.15,10.35,,,,7.21,4.53,10.17,,,,1.0,-2.8,5.68,,,,,,,,,,,,,,,,
2020-04-10,22.29,18.72,25.61,,,,53.05,48.26,57.63,,,,8.81,5.3,11.84,,,,7.88,4.14,10.38,,,,7.2,4.49,10.17,,,,1.0,-2.76,5.54,,,,,,,,,,,,,,,,
2020-04-11,22.26,18.7,25.63,,,,53.15,48.38,57.83,,,,8.74,5.16,11.9,,,,7.87,4.13,10.4,,,,7.19,4.48,10.17,,,,1.0,-2.78,5.44,,,,,,,,,,,,,,,,
2020-04-12,22.24,18.67,25.57,,,,53.24,48.52,58.04,,,,8.67,5.02,11.85,,,,7.86,4.12,10.41,,,,7.18,4.47,10.16,,,,1.0,-2.82,5.46,,,,,,,,,,,,,,,,
2020-04-13,22.22,18.65,25.5,,,,53.34,48.68,58.25,,,,8.6,4.97,11.75,,,,7.85,4.14,10.42,,,,7.17,4.44,10.12,,,,1.0,-2.8,5.48,,,,,,,,,,,,,,,,
2020-04-14,22.2,18.62,25.57,,,,53.44,48.79,58.46,,,,8.54,4.94,11.68,,,,7.84,4.14,10.43,,,,7.16,4.38,10.08,,,,1.0,-2.81,5.51,,,,,,,,,,,,,,,,
2020-04-15,22.17,18.6,25.54,,,,53.53,49.04,58.61,,,,8.47,4.9,11.65,,,,7.82,4.16,10.44,,,,7.14,4.34,10.14,,,,1.0,-2.75,5.54,,,,,,,,,,,,,,,,
2020-04-16,22.15,18.58,25.52,,,,53.63,49.17,58.78,,,,8.41,4.87,11.63,,,,7.81,4.21,10.45,,,,7.13,4.37,10.12,,,,1.0,-2.73,5.56,,,,,,,,,,,,,,,,
2020-04-17,22.13,18.56,25.5,,,,53.72,49.3,58.94,,,,8.35,4.84,11.6,,,,7.8,4.21,10.44,,,,7.11,4.4,10.12,,,,1.0,-2.7,5.59,,,,1.29,-3.23,5.63,,,,28.0,44.0,8.0,9.0,9.0,1.0,1.0
2020-04-18,22.11,18.53,25.48,,,,53.81,49.43,59.09,,,,8.29,4.81,11.41,,,,7.78,4.22,10.43,,,,7.09,4.39,10.08,,,,1.0,-2.67,5.55,,,,1.3,-3.24,5.55,,,,,,,,,,
2020-04-19,22.1,18.51,25.46,,,,53.91,49.42,59.24,,,,8.24,4.78,11.32,,,,7.77,4.22,10.43,,,,7.07,4.38,10.06,,,,1.0,-2.64,5.52,,,,1.31,-3.25,5.47,,,,,,,,,,
2020-04-20,22.08,18.5,25.45,,,,54.0,49.38,59.39,,,,8.19,4.75,11.26,,,,7.75,4.25,10.43,,,,7.05,4.36,9.97,,,,1.0,-2.6,5.45,,,,1.32,-3.25,5.38,,,,,,,,,,
2020-04-21,22.07,18.48,25.43,,,,54.09,49.39,59.53,,,,8.14,4.7,11.21,,,,7.74,4.28,10.46,,,,7.03,4.1,9.92,,,,1.0,-2.57,5.37,,,,1.33,-3.25,5.31,,,,,,,,,,
2020-04-22,22.05,18.46,25.41,,,,54.18,49.46,59.67,,,,8.09,4.63,11.16,,,,7.72,4.32,10.48,,,,7.01,4.03,9.94,,,,1.0,-2.53,5.3,,,,1.33,-3.21,5.28,,,,,,,,,,
2020-04-23,22.04,18.46,25.39,,,,54.26,49.53,59.8,,,,8.04,4.57,11.1,,,,7.71,4.35,10.49,,,,6.99,4.0,9.92,,,,1.0,-2.49,5.23,,,,1.34,-3.1,5.25,,,,,,,,,,
2020-04-24,22.03,18.45,25.38,,,,54.35,49.59,59.91,,,,8.0,4.51,11.04,,,,7.69,4.38,10.5,,,,6.96,3.98,9.87,,,,1.0,-2.46,5.16,,,,1.35,-3.13,5.82,,,,26.0,50.0,12.0,5.0,8.0,,
2020-04-25,22.02,18.44,25.36,,,,54.43,49.62,59.97,,,,7.96,4.44,11.01,,,,7.68,4.41,10.51,,,,6.93,3.96,9.84,,,,1.0,-2.45,5.09,,,,1.35,-3.13,5.79,,,,,,,,,,
2020-04-26,22.02,18.43,25.34,,,,54.51,49.75,60.02,,,,7.92,4.35,11.05,,,,7.66,4.39,10.52,,,,6.91,3.93,9.8,,,,1.0,-2.45,5.06,,,,1.36,-3.13,5.75,,,,,,,,,,
2020-04-27,22.01,18.45,25.33,,,,54.59,49.82,60.07,,,,7.88,4.28,11.07,,,,7.64,4.37,10.52,,,,6.88,3.91,9.81,,,,1.0,-2.43,5.0,,,,1.37,-3.13,5.73,,,,,,,,,,
2020-04-28,22.01,18.47,25.37,,,,54.67,49.9,60.11,,,,7.85,4.22,11.1,,,,7.63,4.39,10.52,,,,6.85,3.89,9.81,,,,1.0,-2.4,4.94,,,,1.38,-3.12,5.73,,,,,,,,,,
2020-04-29,22.0,18.48,25.39,,,,54.75,49.97,60.14,,,,7.82,4.16,11.06,,,,7.61,4.41,10.52,,,,6.82,3.87,9.81,,,,1.0,-2.38,4.88,,,,1.38,-3.11,5.74,,,,,,,,,,
2020-04-30,22.0,18.46,25.42,,,,54.82,50.06,60.16,,,,7.79,4.11,11.0,,,,7.6,4.43,10.52,,,,6.79,3.86,9.81,,,,1.0,-2.35,4.83,,,,1.39,-3.09,5.72,,,,,,,,,,
2020-05-01,22.0,18.44,25.44,,,,54.89,50.1,60.18,,,,7.76,4.1,10.97,,,,7.58,4.44,10.52,,,,6.76,3.84,9.81,,,,1.0,-2.31,4.78,,,,1.4,-3.07,5.69,,,,,,,,,,
2020-05-02,21.99,18.42,25.42,,,,54.96,50.17,60.2,,,,7.73,4.13,10.98,,,,7.57,4.4,10.51,,,,6.73,3.82,9.8,,,,1.0,-2.31,4.77,,,,1.4,-3.03,5.64,,,,,,,,,,
2020-05-03,21.99,18.44,25.39,,,,55.03,50.23,60.21,,,,7.71,4.1,10.92,,,,7.55,4.42,10.5,,,,6.7,3.81,9.8,,,,1.0,-2.27,4.76,,,,1.41,-3.01,5.6,,,,,,,,,,
2020-05-04,21.99,18.46,25.34,,,,55.09,50.29,60.23,,,,7.69,4.07,10.86,,,,7.54,4.43,10.48,,,,6.67,3.79,9.79,,,,1.0,-2.26,4.76,,,,1.42,-2.98,5.56,,,,,,,,,,
2020-05-05,21.99,18.6,25.29,,,,55.16,50.36,60.23,,,,7.67,4.06,10.81,,,,7.53,4.45,10.48,,,,6.64,3.78,9.78,,,,1.0,-2.25,4.75,,,,1.42,-2.94,5.51,,,,,,,,,,
2020-05-06,21.98,18.62,25.26,,,,55.22,50.43,60.24,,,,7.65,4.05,10.76,,,,7.51,4.44,10.48,,,,6.6,3.76,9.72,,,,1.0,-2.26,4.74,,,,1.43,-2.9,5.47,,,,19.0,53.0,9.0,12.0,6.0,,1.0
2020-05-07,21.98,18.62,25.27,,,,55.28,50.5,60.22,,,,7.63,4.04,10.7,,,,7.5,4.46,10.47,,,,6.57,3.7,9.6,,,,1.0,-2.18,4.74,,,,1.44,-2.85,5.42,,,,,,,,,,
2020-05-08,21.97,18.62,25.28,,,,55.34,50.56,60.25,,,,7.62,4.03,10.65,,,,7.49,4.46,10.46,,,,6.54,3.63,9.48,,,,1.0,-2.16,4.7,,,,1.44,-2.82,5.37,,,,,,,,,,
2020-05-09,21.97,18.62,25.29,,,,55.4,50.63,60.24,,,,7.6,4.02,10.61,,,,7.48,4.45,10.44,,,,6.51,3.58,9.36,,,,1.0,-2.19,4.65,,,,1.45,-2.78,5.35,,,,,,,,,,
2020-05-10,21.96,18.62,25.29,,,,55.46,50.71,60.24,,,,7.59,4.02,10.56,,,,7.47,4.44,10.43,,,,6.47,3.51,9.35,,,,1.0,-2.22,4.66,,,,1.46,-2.76,5.35,,,,,,,,,,
2020-05-11,21.95,18.61,25.28,,,,55.51,50.79,60.24,,,,7.58,4.01,10.51,,,,7.46,4.44,10.41,,,,6.44,3.47,9.37,,,,1.0,-2.2,4.71,,,,1.46,-2.75,5.35,,,,,,,,,,
2020-05-12,21.94,18.61,25.3,,,,55.57,50.86,60.23,,,,7.57,4.01,10.47,,,,7.45,4.45,10.36,,,,6.41,3.45,9.39,,,,1.0,-2.17,4.73,,,,1.47,-2.7,5.36,,,,,,,,,,
2020-05-13,21.93,18.61,25.27,,,,55.62,50.94,60.3,,,,7.57,4.04,10.43,,,,7.45,4.46,10.32,,,,6.38,3.4,9.41,,,,1.0,-2.15,4.74,,,,1.47,-2.71,5.36,,,,,,,,,,
2020-05-14,21.91,18.6,25.23,,,,55.67,51.02,60.37,,,,7.56,4.08,10.43,,,,7.44,4.47,10.33,,,,6.34,3.31,9.43,,,,1.0,-2.1,4.64,,,,1.48,-2.68,5.32,,,,,,,,,,
2020-05-15,21.9,18.59,25.2,,,,55.73,51.11,60.44,,,,7.56,4.14,10.44,,,,7.44,4.53,10.33,,,,6.31,3.22,9.44,,,,1.0,-2.08,4.66,,,,1.48,-2.65,5.28,,,,,,,,,,
2020-05-16,21.88,18.56,25.17,,,,55.78,51.15,60.46,,,,7.55,4.17,10.44,,,,7.44,4.62,10.32,,,,6.28,3.17,9.43,,,,1.0,-2.05,4.68,,,,1.49,-2.62,5.25,,,,,,,,,,
2020-05-17,21.85,18.51,25.16,,,,55.83,51.18,60.47,,,,7.55,4.21,10.45,,,,7.44,4.69,10.3,,,,6.25,3.12,9.36,,,,1.0,-2.02,4.69,,,,1.49,-2.6,5.21,,,,,,,,,,
2020-05-18,21.83,18.46,25.13,,,,55.88,51.23,60.48,,,,7.55,4.27,10.45,,,,7.44,4.71,10.28,,,,6.22,3.07,9.31,,,,1.0,-1.99,4.7,,,,1.49,-2.6,5.17,,,,,,,,,,
2020-05-19,21.8,18.41,25.1,,,,55.93,51.26,60.48,,,,7.55,4.31,10.45,,,,7.45,4.74,10.26,,,,6.19,3.02,9.25,,,,1.0,-1.97,4.68,,,,1.5,-2.59,5.13,,,,20.0,60.0,7.0,6.0,8.0,,
2020-05-20,21.77,18.35,25.06,,,,55.98,51.34,60.52,,,,7.55,4.33,10.46,,,,7.45,4.76,10.24,,,,6.16,3.0,9.23,,,,1.0,-1.98,4.62,,,,1.5,-2.56,5.09,,,,,,,,,,
2020-05-21,21.73,18.3,25.01,,,,56.03,51.43,60.62,,,,7.56,4.35,10.49,,,,7.46,4.79,10.25,,,,6.13,2.99,9.22,,,,1.0,-1.98,4.54,,,,1.5,-2.41,5.05,,,,,,,,,,
2020-05-22,21.69,18.24,24.96,,,,56.08,51.53,60.66,,,,7.56,4.42,10.52,,,,7.47,4.81,10.27,,,,6.1,2.99,9.22,,,,1.01,-1.99,4.49,,,,1.51,-2.28,5.01,,,,,,,,,,
2020-05-23,21.65,18.17,24.89,,,,56.14,51.63,60.69,,,,7.56,4.52,10.55,,,,7.48,4.83,10.29,,,,6.07,2.98,9.2,,,,1.01,-2.0,4.52,,,,1.51,-2.21,4.97,,,,,,,,,,
2020-05-24,21.61,18.15,24.75,,,,56.19,51.72,60.7,,,,7.57,4.61,10.57,,,,7.5,4.86,10.31,,,,6.05,2.97,9.18,,,,1.01,-2.0,4.55,,,,1.51,-2.13,4.92,,,,,,,,,,
2020-05-25,21.56,18.14,24.69,,,,56.24,51.83,60.78,,,,7.57,4.62,10.6,,,,7.51,4.84,10.32,,,,6.02,2.97,9.12,,,,1.01,-2.02,4.58,,,,1.51,-2.07,4.87,,,,,,,,,,
2020-05-26,21.5,18.09,24.62,,,,56.29,51.94,60.87,,,,7.57,4.63,10.63,,,,7.53,4.83,10.34,,,,6.0,2.97,9.11,,,,1.02,-2.03,4.6,,,,1.51,-2.05,4.83,,,,18.0,65.0,3.0,7.0,7.0,1.0,
2020-05-27,21.45,18.01,24.56,,,,56.34,52.05,60.96,,,,7.58,4.65,10.66,,,,7.55,4.81,10.36,,,,5.98,2.97,9.13,,,,1.02,-2.04,4.63,,,,1.51,-2.05,4.74,,,,,,,,,,
2020-05-28,21.39,17.94,24.49,,,,56.4,52.13,61.05,,,,7.59,4.66,10.67,,,,7.56,4.83,10.38,,,,5.95,2.98,9.15,,,,1.03,-2.04,4.65,,,,1.51,-2.07,4.65,,,,,,,,,,
2020-05-29,21.33,17.85,24.39,,,,56.45,52.21,61.01,,,,7.59,4.67,10.69,,,,7.58,4.81,10.43,,,,5.93,2.98,9.14,,,,1.03,-2.04,4.67,,,,1.51,-2.08,4.58,,,,,,,,,,
2020-05-30,21.27,17.76,24.32,,,,56.5,52.25,60.95,,,,7.6,4.73,10.66,,,,7.6,4.82,10.46,,,,5.91,2.99,9.13,,,,1.04,-2.04,4.69,,,,1.51,-2.0,4.49,,,,19.0,54.0,4.0,10.0,7.0,,2.0
2020-05-31,21.2,17.67,24.24,,,,56.55,52.32,61.07,,,,7.61,4.75,10.62,,,,7.63,4.85,10.55,,,,5.89,3.01,9.13,,,,1.04,-2.01,4.7,,,,1.51,-2.0,4.42,,,,,,,,,,
2020-06-01,21.13,17.57,24.17,,,,56.61,52.39,61.01,,,,7.61,4.82,10.58,,,,7.65,4.89,10.57,,,,5.87,2.99,9.12,,,,1.05,-1.94,4.67,,,,1.51,-1.98,4.41,,,,,,,,,,
2020-06-02,21.06,17.5,24.1,,,,56.66,52.47,60.97,,,,7.62,4.86,10.67,,,,7.67,4.91,10.59,,,,5.86,2.95,9.11,,,,1.06,-1.93,4.62,,,,1.51,-1.97,4.4,,,,,,,,,,
2020-06-03,20.99,17.39,24.0,,,,56.71,52.54,61.01,,,,7.63,4.82,10.76,,,,7.7,4.95,10.58,,,,5.84,2.91,9.11,,,,1.06,-1.91,4.64,,,,1.51,-1.9,4.39,,,,,,,,,,
2020-06-04,20.91,17.29,23.96,,,,56.76,52.55,61.05,,,,7.64,4.86,10.73,,,,7.72,4.98,10.6,,,,5.82,2.93,9.1,,,,1.07,-1.86,4.66,,,,1.51,-1.89,4.38,,,,,,,,,,
2020-06-05,20.83,17.26,23.88,,,,56.8,52.54,61.07,,,,7.66,4.92,10.7,,,,7.74,5.02,10.67,,,,5.81,2.96,9.1,,,,1.08,-1.8,4.69,,,,1.51,-1.89,4.37,,,,,,,,,,
2020-06-06,20.76,17.21,23.81,,,,56.85,52.55,61.07,,,,7.67,4.95,10.67,,,,7.77,5.06,10.74,,,,5.8,3.0,9.1,,,,1.09,-1.75,4.71,,,,1.51,-1.82,4.36,,,,,,,,,,
2020-06-07,20.67,17.17,23.73,,,,56.9,52.61,61.09,,,,7.68,4.99,10.64,,,,7.79,5.07,10.77,,,,5.79,2.98,9.09,,,,1.09,-1.71,4.73,,,,1.51,-1.76,4.39,,,,,,,,,,
2020-06-08,20.59,17.12,23.66,,,,56.94,52.75,61.13,,,,7.7,5.04,10.61,,,,7.82,5.13,10.77,,,,5.78,2.95,9.03,,,,1.1,-1.67,4.73,,,,1.51,-1.71,4.35,,,,,,,,,,
2020-06-09,20.51,17.06,23.57,,,,56.98,52.9,61.16,,,,7.71,5.05,10.61,,,,7.84,5.15,10.81,,,,5.77,2.96,8.95,,,,1.11,-1.66,4.72,,,,1.51,-1.68,4.31,,,,,,,,,,
2020-06-10,20.43,16.99,23.48,,,,57.02,53.02,61.19,,,,7.73,5.06,10.63,,,,7.87,5.16,10.89,,,,5.76,2.99,8.92,,,,1.12,-1.7,4.74,,,,1.51,-1.7,4.3,,,,,,,,,,
2020-06-11,20.35,16.85,23.44,,,,57.06,53.09,61.2,,,,7.75,5.07,10.63,,,,7.89,5.18,10.96,,,,5.75,3.02,8.93,,,,1.13,-1.64,4.71,,,,1.51,-1.72,4.28,,,,,,,,,,
2020-06-12,20.26,16.79,23.37,,,,57.1,53.16,61.16,,,,7.77,5.08,10.65,,,,7.91,5.27,11.04,,,,5.74,3.05,8.93,,,,1.13,-1.6,4.76,,,,1.51,-1.75,4.27,,,,19.0,60.0,11.0,3.0,5.0,1.0,
2020-06-13,20.18,16.69,23.26,,,,57.13,53.23,61.12,,,,7.79,5.09,10.67,,,,7.94,5.29,11.09,,,,5.74,3.09,8.95,,,,1.14,-1.58,4.69,,,,1.51,-1.79,4.26,,,,,,,,,,
2020-06-14,20.1,16.56,23.11,,,,57.17,53.3,61.07,,,,7.81,5.09,10.69,,,,7.96,5.33,11.13,,,,5.73,3.11,8.97,,,,1.15,-1.56,4.66,,,,1.51,-1.84,4.25,,,,,,,,,,
2020-06-15,20.02,16.48,23.05,,,,57.2,53.34,61.02,,,,7.83,5.1,10.75,,,,7.98,5.34,11.17,,,,5.73,3.15,8.98,,,,1.16,-1.55,4.63,,,,1.51,-1.88,4.27,,,,,,,,,,
2020-06-16,19.94,16.4,23.02,,,,57.22,53.35,60.95,,,,7.86,5.11,10.81,,,,8.0,5.35,11.2,,,,5.73,3.13,9.0,,,,1.17,-1.57,4.6,,,,1.51,-1.92,4.26,,,,,,,,,,
2020-06-17,19.87,16.41,23.0,,,,57.24,53.35,60.89,,,,7.88,5.12,10.81,,,,8.02,5.37,11.23,,,,5.72,3.13,9.02,,,,1.18,-1.57,4.58,,,,1.52,-1.9,4.21,,,,,,,,,,
2020-06-18,19.79,16.36,22.93,,,,57.26,53.37,60.92,,,,7.91,5.1,10.77,,,,8.04,5.38,11.25,,,,5.72,3.11,9.03,,,,1.18,-1.55,4.56,,,,1.52,-1.87,4.2,,,,,,,,,,
2020-06-19,19.72,16.3,22.86,,,,57.28,53.42,60.95,,,,7.93,5.08,10.78,,,,8.06,5.4,11.27,,,,5.72,3.1,9.05,,,,1.19,-1.53,4.56,,,,1.52,-1.84,4.19,,,,,,,,,,
2020-06-20,19.64,16.26,22.79,,,,57.29,53.47,60.89,,,,7.96,5.12,10.79,,,,8.08,5.41,11.28,,,,5.72,3.09,9.06,,,,1.2,-1.49,4.56,,,,1.53,-1.84,4.16,,,,,,,,,,
2020-06-21,19.58,16.22,22.81,,,,57.3,53.54,60.85,,,,7.99,5.15,10.81,,,,8.1,5.42,11.29,,,,5.72,3.08,9.08,,,,1.21,-1.43,4.56,,,,1.53,-1.84,4.16,,,,,,,,,,
2020-06-22,19.51,16.18,22.77,,,,57.3,53.64,60.9,,,,8.02,5.18,10.84,,,,8.11,5.44,11.31,,,,5.72,3.07,9.09,,,,1.22,-1.41,4.55,,,,1.54,-1.84,4.16,,,,,,,,,,
2020-06-23,19.44,16.14,22.74,,,,57.31,53.74,60.84,,,,8.05,5.22,10.86,,,,8.13,5.45,11.32,,,,5.72,3.06,9.11,,,,1.23,-1.39,4.55,,,,1.54,-1.84,4.17,,,,,,,,,,
2020-06-24,19.38,16.11,22.69,,,,57.3,53.81,60.83,,,,8.08,5.24,10.88,,,,8.14,5.46,11.33,,,,5.72,3.05,9.12,,,,1.24,-1.39,4.54,,,,1.55,-1.84,4.23,,,,,,,,,,
2020-06-25,19.32,16.0,22.64,,,,57.3,53.77,60.9,,,,8.11,5.26,10.89,,,,8.16,5.47,11.34,,,,5.72,3.05,9.13,,,,1.25,-1.36,4.53,,,,1.55,-1.83,4.26,,,,,,,,,,
2020-06-26,19.26,15.9,22.58,,,,57.29,53.74,61.0,,,,8.14,5.29,10.92,,,,8.17,5.48,11.35,,,,5.72,2.98,9.11,,,,1.26,-1.35,4.53,,,,1.56,-1.85,4.27,,,,,,,,,,
2020-06-27,19.21,15.85,22.53,,,,57.28,53.72,61.09,,,,8.18,5.31,10.95,,,,8.18,5.46,11.35,,,,5.72,3.01,9.1,,,,1.27,-1.28,4.48,,,,1.56,-1.83,4.29,,,,,,,,,,
2020-06-28,19.15,15.75,22.48,,,,57.27,53.82,61.17,,,,8.21,5.33,10.97,,,,8.2,5.43,11.35,,,,5.72,3.02,9.08,,,,1.28,-1.24,4.42,,,,1.57,-1.85,4.37,,,,20.0,69.0,1.0,8.0,1.0,1.0,2.0
2020-06-29,19.1,15.72,22.43,,,,57.25,53.8,61.09,,,,8.25,5.35,10.99,,,,8.21,5.44,11.33,,,,5.72,2.97,9.06,,,,1.29,-1.2,4.4,,,,1.58,-1.88,4.45,,,,,,,,,,
2020-06-30,19.05,15.77,22.38,,,,57.23,53.75,61.06,,,,8.29,5.38,11.01,,,,8.22,5.46,11.31,,,,5.72,2.98,9.04,,,,1.3,-1.18,4.39,,,,1.58,-1.82,4.51,,,,,,,,,,
2020-07-01,19.0,15.79,22.32,,,,57.21,53.75,61.1,,,,8.32,5.4,11.03,,,,8.23,5.47,11.29,,,,5.72,2.96,9.03,,,,1.31,-1.18,4.37,,,,1.59,-1.83,4.54,,,,,,,,,,
2020-07-02,18.95,15.69,22.27,,,,57.19,53.76,61.13,,,,8.36,5.43,11.06,,,,8.23,5.49,11.27,,,,5.73,2.97,9.0,,,,1.32,-1.18,4.31,,,,1.6,-1.8,4.49,,,,,,,,,,
2020-07-03,18.91,15.6,22.21,,,,57.16,53.77,61.08,,,,8.4,5.46,11.06,,,,8.24,5.51,11.26,,,,5.73,2.99,8.96,,,,1.33,-1.18,4.33,,,,1.61,-1.72,4.43,,,,,,,,,,
2020-07-04,18.86,15.53,22.15,,,,57.13,53.77,60.97,,,,8.44,5.5,11.1,,,,8.25,5.54,11.28,,,,5.73,3.01,8.94,,,,1.34,-1.14,4.32,,,,1.62,-1.7,4.39,,,,,,,,,,
2020-07-05,18.82,15.49,22.09,,,,57.1,53.76,60.86,,,,8.48,5.53,11.12,,,,8.26,5.56,11.31,,,,5.73,3.05,8.93,,,,1.35,-1.06,4.29,,,,1.62,-1.64,4.39,,,,,,,,,,
2020-07-06,18.78,15.44,22.03,,,,57.07,53.7,60.73,,,,8.51,5.57,11.14,,,,8.27,5.56,11.34,,,,5.73,3.08,8.92,,,,1.36,-0.99,4.29,,,,1.63,-1.61,4.41,,,,,,,,,,
2020-07-07,18.74,15.38,21.98,,,,57.03,53.69,60.62,,,,8.55,5.65,11.16,,,,8.27,5.58,11.33,,,,5.73,3.09,8.89,,,,1.37,-0.92,4.29,,,,1.64,-1.58,4.48,,,,,,,,,,
2020-07-08,18.7,15.32,21.98,,,,56.99,53.68,60.54,,,,8.59,5.78,11.18,,,,8.28,5.6,11.32,,,,5.73,3.08,8.83,,,,1.38,-0.83,4.3,,,,1.65,-1.55,4.57,,,,,,,,,,
2020-07-09,18.67,15.27,21.98,,,,56.95,53.67,60.53,,,,8.63,5.83,11.2,,,,8.28,5.61,11.31,,,,5.73,3.1,8.77,,,,1.39,-0.75,4.31,,,,1.66,-1.52,4.63,,,,33.0,55.0,8.0,4.0,1.0,,
2020-07-10,18.63,15.22,21.96,,,,56.91,53.67,60.51,,,,8.67,5.85,11.22,,,,8.29,5.62,11.31,,,,5.73,3.13,8.77,,,,1.39,-0.69,4.31,,,,1.67,-1.49,4.68,,,,,,,,,,
2020-07-11,18.6,15.18,21.95,,,,56.87,53.65,60.5,,,,8.71,5.87,11.27,,,,8.29,5.62,11.3,,,,5.74,3.2,8.77,,,,1.4,-0.64,4.34,,,,1.67,-1.46,4.73,,,,,,,,,,
2020-07-12,18.56,15.15,21.89,,,,56.83,53.64,60.47,,,,8.75,5.89,11.31,,,,8.3,5.63,11.29,,,,5.74,3.22,8.74,,,,1.41,-0.65,4.31,,,,1.68,-1.43,4.78,,,,,,,,,,
2020-07-13,18.53,15.12,21.87,,,,56.79,53.65,60.32,,,,8.78,5.92,11.34,,,,8.3,5.67,11.31,,,,5.74,3.19,8.73,,,,1.42,-0.69,4.26,,,,1.69,-1.4,4.82,,,,,,,,,,
2020-07-14,18.5,15.09,21.85,,,,56.74,53.66,60.32,,,,8.82,5.94,11.38,,,,8.31,5.64,11.33,,,,5.75,3.17,8.7,,,,1.43,-0.73,4.21,,,,1.7,-1.36,4.86,,,,,,,,,,
2020-07-15,18.47,15.07,21.83,,,,56.69,53.66,60.31,,,,8.86,5.97,11.31,,,,8.31,5.65,11.28,,,,5.76,3.18,8.74,,,,1.43,-0.74,4.25,,,,1.71,-1.33,4.89,,,,,,,,,,
2020-07-16,18.44,15.05,21.81,,,,56.65,53.66,60.29,,,,8.89,6.0,11.36,,,,8.32,5.65,11.25,,,,5.76,3.2,8.75,,,,1.44,-0.7,4.23,,,,1.71,-1.3,4.91,,,,,,,,,,
2020-07-17,18.41,15.04,21.78,,,,56.6,53.59,60.27,,,,8.93,6.04,11.42,,,,8.32,5.66,11.21,,,,5.77,3.21,8.76,,,,1.45,-0.69,4.26,,,,1.72,-1.28,4.93,,,,,,,,,,
2020-07-18,18.37,15.06,21.76,,,,56.56,53.53,60.25,,,,8.96,6.09,11.49,,,,8.33,5.7,11.2,,,,5.78,3.23,8.8,,,,1.45,-0.7,4.29,,,,1.73,-1.29,4.94,,,,,,,,,,
2020-07-19,18.34,15.08,21.73,,,,56.51,53.49,60.22,,,,8.99,6.11,11.53,,,,8.33,5.73,11.18,,,,5.79,3.23,8.79,,,,1.46,-0.72,4.29,,,,1.74,-1.29,4.95,,,,,,,,,,
2020-07-20,18.31,15.1,21.71,,,,56.46,53.44,60.18,,,,9.03,6.11,11.6,,,,8.34,5.73,11.17,,,,5.8,3.17,8.78,,,,1.47,-0.76,4.28,,,,1.75,-1.27,4.95,,,,,,,,,,
2020-07-21,18.28,15.12,21.68,,,,56.42,53.39,60.13,,,,9.06,6.14,11.63,,,,8.35,5.75,11.18,,,,5.81,3.15,8.78,,,,1.48,-0.77,4.28,,,,1.75,-1.3,4.96,,,,,,,,,,
2020-07-22,18.24,15.14,21.65,,,,56.37,53.34,60.01,,,,9.09,6.17,11.62,,,,8.36,5.77,11.22,,,,5.82,3.21,8.76,,,,1.48,-0.74,4.26,,,,1.76,-1.27,4.96,,,,,,,,,,
2020-07-23,18.21,15.1,21.6,,,,56.32,53.3,59.89,,,,9.11,6.19,11.59,,,,8.36,5.8,11.2,,,,5.83,3.28,8.76,,,,1.49,-0.75,4.2,,,,1.77,-1.26,4.97,,,,16.0,50.0,14.0,10.0,7.0,1.0,2.0
2020-07-24,18.17,15.08,21.55,,,,56.27,53.25,59.8,,,,9.14,6.2,11.61,,,,8.37,5.83,11.16,,,,5.85,3.34,8.74,,,,1.5,-0.74,4.21,,,,1.79,-1.25,4.98,,,,,,,,,,
2020-07-25,18.14,15.1,21.49,,,,56.23,53.24,59.78,,,,9.16,6.16,11.64,,,,8.38,5.86,11.11,,,,5.86,3.41,8.69,,,,1.51,-0.74,4.22,,,,1.8,-1.23,4.99,,,,,,,,,,
2020-07-26,18.1,15.09,21.43,,,,56.18,53.28,59.77,,,,9.19,6.17,11.67,,,,8.39,5.9,11.1,,,,5.88,3.47,8.64,,,,1.51,-0.73,4.24,,,,1.81,-1.22,4.98,,,,,,,,,,
2020-07-27,18.06,15.02,21.38,,,,56.14,53.2,59.71,,,,9.21,6.2,11.7,,,,8.41,5.94,11.08,,,,5.89,3.52,8.65,,,,1.52,-0.72,4.25,,,,1.83,-1.2,4.96,,,,,,,,,,
2020-07-28,18.02,14.94,21.35,,,,56.09,53.11,59.62,,,,9.23,6.24,11.74,,,,8.42,5.97,11.07,,,,5.91,3.57,8.68,,,,1.53,-0.71,4.27,,,,1.84,-1.18,4.96,,,,,,,,,,
2020-07-29,17.98,14.89,21.31,,,,56.04,53.09,59.55,,,,9.25,6.29,11.79,,,,8.43,6.0,11.12,,,,5.93,3.63,8.73,,,,1.53,-0.72,4.29,,,,1.86,-1.16,4.95,,,,,,,,,,
2020-07-30,17.94,14.88,21.24,,,,56.0,53.0,59.48,,,,9.27,6.33,11.81,,,,8.44,6.04,11.17,,,,5.95,3.7,8.78,,,,1.54,-0.68,4.29,,,,1.88,-1.14,4.97,,,,,,,,,,
2020-07-31,17.9,14.83,21.11,,,,55.95,52.9,59.38,,,,9.28,6.24,11.82,,,,8.46,6.05,11.21,,,,5.97,3.73,8.79,,,,1.55,-0.61,4.3,,,,1.9,-1.1,4.99,,,,18.0,59.0,8.0,7.0,4.0,,1.0
2020-08-01,17.85,14.78,21.04,,,,55.91,52.83,59.28,,,,9.3,6.12,11.83,,,,8.47,6.07,11.16,,,,5.99,3.79,8.8,,,,1.56,-0.62,4.31,,,,1.92,-1.07,5.01,,,,,,,,,,
2020-08-02,17.81,14.67,21.01,,,,55.87,52.75,59.18,,,,9.31,6.11,11.83,,,,8.49,6.1,11.13,,,,6.01,3.83,8.83,,,,1.56,-0.62,4.31,,,,1.94,-1.04,5.0,,,,,,,,,,
2020-08-03,17.77,14.55,20.98,,,,55.82,52.67,59.1,,,,9.32,6.13,11.83,,,,8.51,6.13,11.16,,,,6.03,3.83,8.84,,,,1.57,-0.62,4.32,,,,1.97,-1.0,4.99,,,,,,,,,,
2020-08-04,17.72,14.51,20.96,,,,55.78,52.65,59.05,,,,9.33,6.14,11.83,,,,8.52,6.17,11.2,,,,6.06,3.84,8.85,,,,1.58,-0.63,4.33,,,,1.99,-0.96,5.03,,,,,,,,,,
2020-08-05,17.68,14.48,20.91,,,,55.74,52.66,59.02,,,,9.34,6.15,11.83,,,,8.54,6.17,11.21,,,,6.08,3.88,8.87,,,,1.59,-0.63,4.35,,,,2.02,-0.91,5.09,,,,10.0,53.0,16.0,20.0,,,1.0
2020-08-06,17.63,14.46,20.85,,,,55.7,52.67,59.01,,,,9.35,6.17,11.82,,,,8.55,6.19,11.19,,,,6.11,3.93,8.93,,,,1.6,-0.63,4.37,,,,2.04,-0.86,5.16,,,,,,,,,,
2020-08-07,17.59,14.43,20.78,,,,55.65,52.66,58.97,,,,9.35,6.18,11.82,,,,8.57,6.21,11.19,,,,6.13,3.98,8.98,,,,1.61,-0.63,4.45,,,,2.07,-0.81,5.2,,,,,,,,,,
2020-08-08,17.55,14.42,20.72,,,,55.61,52.63,58.89,,,,9.36,6.2,11.8,,,,8.59,6.22,11.21,,,,6.16,4.03,9.04,,,,1.61,-0.62,4.47,,,,2.1,-0.76,5.31,,,,,,,,,,
2020-08-09,17.5,14.38,20.68,,,,55.57,52.61,58.83,,,,9.36,6.22,11.78,,,,8.6,6.25,11.24,,,,6.19,4.06,9.09,,,,1.62,-0.6,4.49,,,,2.13,-0.7,5.39,,,,,,,,,,
2020-08-10,17.46,14.33,20.6,,,,55.53,52.57,58.74,,,,9.36,6.21,11.8,,,,8.62,6.28,11.26,,,,6.22,4.08,9.14,,,,1.63,-0.55,4.55,,,,2.17,-0.63,5.42,,,,,,,,,,
2020-08-11,17.41,14.29,20.54,,,,55.49,52.53,58.66,,,,9.36,6.21,11.75,,,,8.63,6.3,11.28,,,,6.25,4.1,9.19,,,,1.64,-0.51,4.58,,,,2.2,-0.56,5.43,,,,,,,,,,
2020-08-12,17.37,14.25,20.48,,,,55.45,52.5,58.61,,,,9.36,6.23,11.71,,,,8.65,6.32,11.3,,,,6.28,4.13,9.22,,,,1.65,-0.47,4.59,,,,2.24,-0.5,5.44,,,,12.0,62.0,2.0,9.0,11.0,3.0,1.0
2020-08-13,17.33,14.24,20.43,,,,55.41,52.47,58.58,,,,9.35,6.28,11.7,,,,8.66,6.35,11.41,,,,6.31,4.17,9.26,,,,1.66,-0.43,4.56,,,,2.27,-0.47,5.49,,,,,,,,,,
2020-08-14,17.29,14.26,20.37,,,,55.37,52.49,58.54,,,,9.35,6.31,11.7,,,,8.67,6.37,11.45,,,,6.34,4.19,9.3,,,,1.67,-0.38,4.58,,,,2.31,-0.45,5.52,,,,,,,,,,
2020-08-15,17.25,14.21,20.32,,,,55.33,52.47,58.49,,,,9.34,6.33,11.69,,,,8.69,6.39,11.43,,,,6.37,4.24,9.34,,,,1.68,-0.34,4.6,,,,2.35,-0.41,5.54,,,,,,,,,,
2020-08-16,17.21,14.12,20.28,,,,55.29,52.44,58.45,,,,9.34,6.35,11.69,,,,8.7,6.41,11.46,,,,6.4,4.27,9.36,,,,1.69,-0.31,4.66,,,,2.39,-0.4,5.6,,,,,,,,,,
2020-08-17,17.17,14.13,20.22,,,,55.25,52.45,58.4,,,,9.33,6.38,11.68,,,,8.71,6.43,11.51,,,,6.43,4.28,9.37,,,,1.69,-0.34,4.64,,,,2.44,-0.4,5.64,,,,,,,,,,
2020-08-18,17.13,14.15,20.18,,,,55.21,52.42,58.35,,,,9.32,6.39,11.67,,,,8.72,6.46,11.56,,,,6.46,4.32,9.39,,,,1.7,-0.29,4.64,,,,2.48,-0.38,5.71,,,,,,,,,,
2020-08-19,17.09,14.17,20.12,,,,55.17,52.38,58.32,,,,9.31,6.42,11.7,,,,8.74,6.48,11.6,,,,6.49,4.34,9.4,,,,1.71,-0.25,4.64,,,,2.53,-0.29,5.85,,,,19.0,54.0,12.0,7.0,6.0,1.0,
2020-08-20,17.05,14.19,20.07,,,,55.13,52.34,58.31,,,,9.3,6.43,11.74,,,,8.75,6.51,11.61,,,,6.52,4.38,9.4,,,,1.72,-0.21,4.64,,,,2.58,-0.2,5.99,,,,,,,,,,
2020-08-21,17.02,14.12,20.02,,,,55.09,52.31,58.26,,,,9.29,6.44,11.75,,,,8.75,6.52,11.61,,,,6.55,4.4,9.41,,,,1.73,-0.22,4.64,,,,2.62,-0.15,6.13,,,,,,,,,,
2020-08-22,16.98,13.99,19.96,,,,55.05,52.26,58.23,,,,9.28,6.46,11.68,,,,8.76,6.54,11.6,,,,6.57,4.43,9.42,,,,1.74,-0.23,4.66,,,,2.67,-0.12,6.26,,,,,,,,,,
2020-08-23,16.95,13.88,19.91,,,,55.01,52.22,58.21,,,,9.26,6.48,11.62,,,,8.77,6.58,11.6,,,,6.6,4.45,9.42,,,,1.75,-0.19,4.68,,,,2.72,-0.12,6.4,,,,,,,,,,
2020-08-24,16.92,13.85,19.9,,,,54.97,52.2,58.16,,,,9.25,6.48,11.59,,,,8.77,6.64,11.59,,,,6.63,4.48,9.41,,,,1.76,-0.14,4.69,,,,2.78,-0.12,6.5,,,,,,,,,,
2020-08-25,16.89,13.86,19.89,,,,54.93,52.16,58.09,,,,9.24,6.47,11.57,,,,8.78,6.62,11.59,,,,6.66,4.5,9.41,,,,1.77,-0.08,4.69,,,,2.83,-0.11,6.61,,,,14.0,50.0,16.0,8.0,10.0,1.0,
2020-08-26,16.86,13.85,19.87,,,,54.89,52.14,58.02,,,,9.22,6.47,11.56,,,,8.78,6.61,11.58,,,,6.68,4.53,9.4,,,,1.78,-0.04,4.69,,,,2.88,-0.01,6.63,,,,,,,,,,
2020-08-27,16.83,13.86,19.83,,,,54.85,52.06,57.98,,,,9.21,6.44,11.54,,,,8.78,6.59,11.57,,,,6.71,4.56,9.4,,,,1.79,-0.03,4.68,,,,2.93,0.09,6.68,,,,,,,,,,
2020-08-28,16.8,13.87,19.77,,,,54.81,51.91,57.94,,,,9.19,6.43,11.53,,,,8.78,6.57,11.56,,,,6.73,4.59,9.39,,,,1.8,-0.01,4.67,,,,2.99,0.21,6.69,,,,,,,,,,
2020-08-29,16.78,13.86,19.73,,,,54.77,51.87,57.86,,,,9.17,6.38,11.52,,,,8.78,6.56,11.54,,,,6.76,4.6,9.39,,,,1.81,0.02,4.66,,,,3.04,0.27,6.7,,,,,,,,,,
2020-08-30,16.76,13.8,19.68,,,,54.73,51.82,57.89,,,,9.16,6.32,11.5,,,,8.78,6.56,11.52,,,,6.78,4.61,9.38,,,,1.81,0.06,4.66,,,,3.09,0.33,6.71,,,,,,,,,,
2020-08-31,16.74,13.81,19.63,,,,54.69,51.78,57.86,,,,9.14,6.27,11.49,,,,8.78,6.62,11.5,,,,6.81,4.62,9.37,,,,1.82,0.06,4.67,,,,3.15,0.31,6.73,,,,,,,,,,
2020-09-01,16.72,13.81,19.61,,,,54.65,51.73,57.85,,,,9.13,6.29,11.48,,,,8.77,6.62,11.48,,,,6.83,4.62,9.38,,,,1.83,0.06,4.66,,,,3.2,0.39,6.74,,,,,,,,,,
2020-09-02,16.7,13.82,19.59,,,,54.61,51.69,57.82,,,,9.11,6.28,11.47,,,,8.77,6.64,11.45,,,,6.85,4.63,9.41,,,,1.84,0.07,4.65,,,,3.25,0.48,6.74,,,,,,,,,,
2020-09-03,16.69,13.84,19.58,,,,54.57,51.65,57.8,,,,9.09,6.25,11.45,,,,8.76,6.67,11.47,,,,6.87,4.64,9.4,,,,1.85,0.09,4.64,,,,3.31,0.55,6.75,,,,,,,,,,
2020-09-04,16.67,13.86,19.57,,,,54.54,51.6,57.78,,,,9.07,6.23,11.43,,,,8.75,6.66,11.48,,,,6.89,4.64,9.39,,,,1.86,0.09,4.63,,,,3.36,0.6,6.77,,,,29.0,48.0,7.0,5.0,6.0,1.0,4.0
2020-09-05,16.66,13.85,19.57,,,,54.5,51.59,57.77,,,,9.05,6.2,11.4,,,,8.74,6.64,11.49,,,,6.91,4.65,9.38,,,,1.87,0.09,4.61,,,,3.41,0.67,6.76,,,,,,,,,,
2020-09-06,16.65,13.82,19.6,,,,54.46,51.58,57.75,,,,9.03,6.21,11.42,,,,8.73,6.64,11.5,,,,6.94,4.66,9.37,,,,1.88,0.1,4.63,,,,3.46,0.73,6.8,,,,,,,,,,
2020-09-07,16.65,13.81,19.57,,,,54.43,51.57,57.74,,,,9.01,6.23,11.39,,,,8.72,6.63,11.47,,,,6.95,4.67,9.36,,,,1.88,0.1,4.66,,,,3.52,0.7,6.82,,,,,,,,,,
2020-09-08,16.64,13.81,19.55,,,,54.39,51.53,57.73,,,,8.99,6.25,11.39,,,,8.71,6.62,11.43,,,,6.97,4.73,9.34,,,,1.89,0.1,4.69,,,,3.57,0.66,6.86,,,,,,,,,,
2020-09-09,16.64,13.8,19.55,,,,54.36,51.48,57.72,,,,8.97,6.25,11.37,,,,8.7,6.61,11.37,,,,6.99,4.8,9.33,,,,1.9,0.1,4.69,,,,3.62,0.65,6.97,,,,17.0,50.0,13.0,9.0,6.0,4.0,
2020-09-10,16.64,13.81,19.55,,,,54.33,51.52,57.7,,,,8.95,6.2,11.35,,,,8.68,6.66,11.32,,,,7.01,4.86,9.35,,,,1.91,0.1,4.69,,,,3.66,0.73,6.97,,,,,,,,,,
2020-09-11,16.64,13.81,19.55,,,,54.29,51.53,57.7,,,,8.92,6.2,11.34,,,,8.67,6.69,11.27,,,,7.03,4.88,9.4,,,,1.92,0.09,4.69,,,,3.71,0.82,7.09,,,,,,,,,,
2020-09-12,16.64,13.82,19.55,,,,54.26,51.53,57.7,,,,8.9,6.16,11.32,,,,8.65,6.71,11.21,,,,7.04,4.97,9.44,,,,1.92,0.1,4.69,,,,3.76,0.92,7.15,,,,,,,,,,
2020-09-13,16.64,13.83,19.55,,,,54.23,51.52,57.66,,,,8.87,6.12,11.29,,,,8.64,6.69,11.16,,,,7.06,4.94,9.43,,,,1.93,0.09,4.7,,,,3.81,0.99,7.2,,,,,,,,,,
2020-09-14,16.65,13.85,19.54,,,,54.2,51.51,57.62,,,,8.85,6.09,11.27,,,,8.62,6.65,11.12,,,,7.08,4.92,9.42,,,,1.94,0.09,4.69,,,,3.85,1.01,7.24,,,,,,,,,,
2020-09-15,16.66,13.87,19.54,,,,54.18,51.51,57.61,,,,8.82,6.1,11.25,,,,8.6,6.62,11.09,,,,7.09,4.92,9.42,,,,1.95,0.08,4.69,,,,3.89,1.02,7.3,,,,,,,,,,
2020-09-16,16.67,13.88,19.48,,,,54.15,51.5,57.62,,,,8.79,6.12,11.22,,,,8.58,6.57,11.06,,,,7.1,4.93,9.45,,,,1.95,0.08,4.69,,,,3.94,1.03,7.36,,,,,,,,,,
2020-09-17,16.68,13.91,19.44,,,,54.13,51.46,57.6,,,,8.76,6.07,11.18,,,,8.56,6.53,11.01,,,,7.12,4.94,9.47,,,,1.96,0.08,4.7,,,,3.98,1.11,7.4,,,,13.0,61.0,11.0,7.0,2.0,1.0,2.0
2020-09-18,16.69,13.95,19.4,,,,54.11,51.4,57.58,,,,8.73,5.99,11.14,,,,8.55,6.51,10.94,,,,7.13,4.95,9.48,,,,1.97,0.08,4.7,,,,4.02,1.15,7.44,,,,,,,,,,
2020-09-19,16.71,14.04,19.42,,,,54.09,51.37,57.55,,,,8.7,5.89,11.14,,,,8.53,6.51,10.91,,,,7.14,4.94,9.48,,,,1.97,0.12,4.7,,,,4.06,1.18,7.5,,,,,,,,,,
2020-09-20,16.73,14.11,19.45,,,,54.07,51.37,57.53,,,,8.66,5.89,11.14,,,,8.5,6.53,10.89,,,,7.15,4.98,9.47,,,,1.98,0.17,4.7,,,,4.09,1.22,7.51,,,,,,,,,,
2020-09-21,16.74,14.15,19.47,,,,54.05,51.32,57.51,,,,8.63,5.87,11.09,,,,8.48,6.51,10.86,,,,7.16,4.99,9.51,,,,1.99,0.15,4.69,,,,4.13,1.28,7.48,,,,,,,,,,
2020-09-22,16.76,14.12,19.51,,,,54.04,51.28,57.5,,,,8.6,5.79,11.02,,,,8.46,6.48,10.83,,,,7.17,5.0,9.51,,,,1.99,0.14,4.76,,,,4.16,1.38,7.53,,,,,,,,,,
2020-09-23,16.79,14.08,19.56,,,,54.03,51.29,57.48,,,,8.56,5.72,10.95,,,,8.44,6.43,10.76,,,,7.18,5.0,9.51,,,,2.0,0.13,4.8,,,,4.19,1.32,7.58,,,,,,,,,,
2020-09-24,16.81,14.09,19.56,,,,54.02,51.31,57.47,,,,8.52,5.68,10.88,,,,8.41,6.38,10.71,,,,7.19,5.0,9.51,,,,2.0,0.12,4.87,,,,4.22,1.35,7.62,,,,10.0,54.0,10.0,10.0,9.0,1.0,
2020-09-25,16.83,14.12,19.56,,,,54.02,51.33,57.46,,,,8.49,5.68,10.82,,,,8.39,6.33,10.67,,,,7.2,4.99,9.5,,,,2.01,0.11,4.87,,,,4.25,1.38,7.66,,,,,,,,,,
2020-09-26,16.86,14.16,19.58,,,,54.01,51.35,57.47,,,,8.45,5.67,10.78,,,,8.36,6.28,10.63,,,,7.2,4.99,9.5,,,,2.02,0.1,4.87,,,,4.28,1.46,7.66,,,,,,,,,,
2020-09-27,16.88,14.19,19.61,,,,54.01,51.37,57.48,,,,8.41,5.66,10.74,,,,8.34,6.23,10.6,,,,7.21,5.0,9.49,,,,2.02,0.09,4.86,,,,4.3,1.54,7.66,,,,,,,,,,
2020-09-28,16.91,14.24,19.63,,,,54.01,51.34,57.49,,,,8.37,5.66,10.71,,,,8.31,6.18,10.55,,,,7.21,5.0,9.49,,,,2.03,0.09,4.84,,,,4.32,1.61,7.68,,,,,,,,,,
2020-09-29,16.93,14.31,19.65,,,,54.01,51.32,57.5,,,,8.33,5.63,10.67,,,,8.29,6.16,10.52,,,,7.22,5.0,9.49,,,,2.03,0.08,4.83,,,,4.35,1.69,7.68,,,,,,,,,,
2020-09-30,16.96,14.35,19.68,,,,54.01,51.3,57.52,,,,8.3,5.56,10.62,,,,8.26,6.17,10.47,,,,7.22,5.0,9.48,,,,2.04,0.07,4.82,,,,4.36,1.7,7.68,,,,17.0,64.0,1.0,8.0,9.0,,2.0
2020-10-01,16.99,14.36,19.71,,,,54.02,51.31,57.53,,,,8.26,5.49,10.57,,,,8.23,6.16,10.43,,,,7.23,5.0,9.48,,,,2.04,0.07,4.8,,,,4.38,1.69,7.66,,,,,,,,,,
2020-10-02,17.02,14.39,19.75,,,,54.03,51.34,57.51,,,,8.22,5.42,10.54,,,,8.2,6.13,10.39,,,,7.23,5.01,9.48,,,,2.05,0.06,4.77,,,,4.4,1.69,7.64,,,,,,,,,,
2020-10-03,17.05,14.43,19.79,,,,54.04,51.39,57.49,,,,8.18,5.36,10.5,,,,8.18,6.09,10.35,,,,7.23,5.01,9.5,,,,2.06,0.06,4.73,,,,4.41,1.71,7.63,,,,,,,,,,
2020-10-04,17.08,14.45,19.75,,,,54.05,51.44,57.46,,,,8.14,5.34,10.45,,,,8.15,6.05,10.31,,,,7.23,5.02,9.53,,,,2.06,0.06,4.74,,,,4.43,1.77,7.61,,,,,,,,,,
2020-10-05,17.11,14.45,19.76,,,,54.07,51.47,57.45,,,,8.1,5.37,10.41,,,,8.12,6.02,10.31,,,,7.23,5.02,9.56,,,,2.07,0.06,4.75,,,,4.44,1.82,7.62,,,,,,,,,,
2020-10-06,17.13,14.54,19.79,,,,54.08,51.49,57.46,,,,8.06,5.38,10.36,,,,8.09,6.0,10.32,,,,7.24,5.04,9.56,,,,2.07,0.06,4.75,,,,4.45,1.86,7.67,,,,,,,,,,
2020-10-07,17.16,14.61,19.8,,,,54.1,51.5,57.46,,,,8.02,5.26,10.29,,,,8.06,5.97,10.32,,,,7.24,5.05,9.56,,,,2.08,0.07,4.8,,,,4.45,1.86,7.73,,,,14.0,53.0,6.0,10.0,11.0,3.0,
2020-10-08,17.19,14.68,19.82,,,,54.12,51.51,57.44,,,,7.98,5.14,10.2,,,,8.04,5.94,10.33,,,,7.24,5.09,9.56,,,,2.08,0.07,4.82,,,,4.46,1.87,7.78,,,,,,,,,,
2020-10-09,17.21,14.74,19.83,,,,54.14,51.52,57.43,,,,7.94,5.04,10.15,,,,8.01,5.92,10.33,,,,7.24,5.14,9.57,,,,2.09,0.08,4.85,,,,4.47,1.87,7.78,,,,,,,,,,
2020-10-10,17.24,14.79,19.83,,,,54.17,51.54,57.42,,,,7.9,4.96,10.06,,,,7.98,5.89,10.34,,,,7.24,5.19,9.59,,,,2.1,0.09,4.86,,,,4.47,1.87,7.72,,,,,,,,,,
2020-10-11,17.26,14.84,19.89,,,,54.19,51.57,57.41,,,,7.86,4.95,10.05,,,,7.96,5.88,10.34,,,,7.23,5.2,9.6,,,,2.1,0.1,4.88,,,,4.47,1.89,7.65,,,,,,,,,,
2020-10-12,17.29,14.89,19.89,,,,54.22,51.61,57.4,,,,7.82,4.93,10.01,,,,7.93,5.86,10.29,,,,7.23,5.18,9.63,,,,2.11,0.11,4.89,,,,4.47,1.92,7.59,,,,,,,,,,
2020-10-13,17.31,14.95,19.86,,,,54.25,51.6,57.4,,,,7.78,4.92,10.0,,,,7.91,5.85,10.21,,,,7.23,5.17,9.64,,,,2.12,0.12,4.91,,,,4.47,1.95,7.6,,,,,,,,,,
2020-10-14,17.33,15.01,19.85,,,,54.28,51.63,57.49,,,,7.74,4.89,9.95,,,,7.89,5.84,10.17,,,,7.23,5.1,9.64,,,,2.12,0.13,4.93,,,,4.47,1.94,7.61,,,,,,,,,,
2020-10-15,17.35,15.01,19.85,,,,54.31,51.66,57.58,,,,7.7,4.87,9.89,,,,7.86,5.84,10.13,,,,7.23,5.11,9.65,,,,2.13,0.14,4.95,,,,4.46,1.88,7.62,,,,13.0,51.0,5.0,12.0,7.0,1.0,12.0
2020-10-16,17.37,14.99,19.86,,,,54.34,51.67,57.67,,,,7.66,4.85,9.83,,,,7.84,5.83,10.12,,,,7.23,5.11,9.67,,,,2.13,0.15,4.97,,,,4.46,1.87,7.62,,,,,,,,,,
2020-10-17,17.38,14.99,19.88,,,,54.38,51.71,57.75,,,,7.62,4.84,9.77,,,,7.82,5.83,10.03,,,,7.22,5.07,9.67,,,,2.14,0.15,4.99,,,,4.45,1.87,7.63,,,,,,,,,,
2020-10-18,17.4,14.97,19.9,,,,54.41,51.75,57.78,,,,7.58,4.82,9.72,,,,7.8,5.82,10.01,,,,7.22,5.08,9.63,,,,2.15,0.11,5.01,,,,4.44,1.92,7.63,,,,,,,,,,
2020-10-19,17.41,14.97,19.91,,,,54.45,51.79,57.8,,,,7.54,4.8,9.69,,,,7.79,5.77,10.01,,,,7.22,5.07,9.59,,,,2.15,0.07,5.02,,,,4.43,1.9,7.64,,,,,,,,,,
2020-10-20,17.43,14.97,19.96,,,,54.49,51.83,57.8,,,,7.5,4.82,9.68,,,,7.77,5.73,10.01,,,,7.21,5.06,9.56,,,,2.16,0.06,5.04,,,,4.42,1.88,7.64,,,,,,,,,,
2020-10-21,17.44,14.96,19.99,,,,54.53,51.85,57.83,,,,7.47,4.84,9.63,,,,7.75,5.68,10.01,,,,7.21,5.05,9.56,,,,2.16,0.05,5.05,,,,4.41,1.88,7.64,,,,,,,,,,
2020-10-22,17.45,14.94,19.98,,,,54.57,51.9,57.85,,,,7.43,4.86,9.59,,,,7.74,5.65,10.02,,,,7.21,5.04,9.53,,,,2.17,0.04,5.06,,,,4.4,1.89,7.63,,,,18.0,57.0,10.0,6.0,5.0,4.0,
2020-10-23,17.46,14.99,19.96,,,,54.62,51.94,57.89,,,,7.39,4.89,9.49,,,,7.73,5.63,10.0,,,,7.2,5.03,9.53,,,,2.18,0.03,5.07,,,,4.39,1.86,7.63,,,,,,,,,,
2020-10-24,17.47,14.99,19.97,,,,54.66,51.99,57.91,,,,7.35,4.85,9.42,,,,7.72,5.6,10.0,,,,7.2,5.02,9.54,,,,2.18,0.01,5.12,,,,4.37,1.83,7.62,,,,,,,,,,
2020-10-25,17.48,14.98,19.98,,,,54.71,52.04,57.92,,,,7.31,4.79,9.4,,,,7.71,5.54,10.0,,,,7.19,5.02,9.53,,,,2.19,0.01,5.14,,,,4.36,1.79,7.61,,,,,,,,,,
2020-10-26,17.49,14.98,19.98,,,,54.75,52.06,57.98,,,,7.27,4.77,9.37,,,,7.7,5.49,10.0,,,,7.18,5.02,9.53,,,,2.19,-0.01,5.16,,,,4.34,1.76,7.6,,,,,,,,,,
2020-10-27,17.5,14.97,19.98,,,,54.8,52.08,58.05,,,,7.24,4.72,9.32,,,,7.69,5.53,10.0,,,,7.18,5.01,9.53,,,,2.2,-0.01,5.18,,,,4.33,1.72,7.59,,,,,,,,,,
2020-10-28,17.51,14.96,19.98,,,,54.85,52.1,58.08,,,,7.2,4.67,9.3,,,,7.68,5.56,10.01,,,,7.17,5.01,9.53,,,,2.21,0.02,5.2,,,,4.31,1.67,7.57,,,,,,,,,,
2020-10-29,17.52,14.96,19.93,,,,54.9,52.12,58.11,,,,7.16,4.63,9.29,,,,7.68,5.53,10.03,,,,7.16,5.0,9.5,,,,2.21,0.05,5.21,,,,4.3,1.67,7.56,,,,24.0,46.0,7.0,6.0,10.0,1.0,6.0
2020-10-30,17.52,14.96,19.88,,,,54.95,52.15,58.14,,,,7.12,4.58,9.28,,,,7.68,5.48,10.04,,,,7.15,5.0,9.49,,,,2.22,0.04,5.22,,,,4.28,1.67,7.54,,,,,,,,,,
2020-10-31,17.53,14.97,19.84,,,,55.0,52.17,58.18,,,,7.09,4.54,9.27,,,,7.67,5.42,10.04,,,,7.14,4.99,9.44,,,,2.23,0.02,5.21,,,,4.26,1.66,7.51,,,,,,,,,,
2020-11-01,17.54,14.97,19.82,,,,55.05,52.19,58.29,,,,7.05,4.51,9.27,,,,7.67,5.36,10.07,,,,7.13,4.97,9.39,,,,2.23,-0.01,5.18,,,,4.24,1.64,7.48,,,,,,,,,,
2020-11-02,17.54,14.98,19.87,,,,55.1,52.21,58.4,,,,7.01,4.53,9.26,,,,7.67,5.31,10.07,,,,7.12,4.94,9.36,,,,2.24,-0.05,5.15,,,,4.22,1.58,7.45,,,,,,,,,,
2020-11-03,17.55,14.98,19.91,,,,55.15,52.24,58.43,,,,6.98,4.52,9.26,,,,7.67,5.27,10.09,,,,7.11,4.9,9.33,,,,2.24,-0.12,5.14,,,,4.21,1.53,7.42,,,,,,,,,,
2020-11-04,17.55,15.0,19.88,,,,55.2,52.28,58.44,,,,6.94,4.48,9.22,,,,7.67,5.22,10.13,,,,7.1,4.87,9.34,,,,2.25,-0.16,5.19,,,,4.19,1.48,7.33,,,,,,,,,,
2020-11-05,17.56,14.98,19.85,,,,55.25,52.3,58.46,,,,6.91,4.43,9.18,,,,7.67,5.17,10.14,,,,7.09,4.84,9.36,,,,2.26,-0.13,5.24,,,,4.17,1.42,7.27,,,,16.0,48.0,9.0,9.0,2.0,3.0,10.0
2020-11-06,17.57,14.97,19.83,,,,55.3,52.29,58.52,,,,6.87,4.36,9.2,,,,7.67,5.12,10.14,,,,7.08,4.83,9.38,,,,2.27,-0.09,5.3,,,,4.15,1.37,7.19,,,,,,,,,,
2020-11-07,17.57,15.01,19.81,,,,55.35,52.26,58.57,,,,6.83,4.3,9.1,,,,7.68,5.08,10.14,,,,7.06,4.8,9.36,,,,2.27,-0.05,5.28,,,,4.13,1.36,7.19,,,,,,,,,,
2020-11-08,17.58,14.98,19.78,,,,55.4,52.24,58.62,,,,6.8,4.28,9.05,,,,7.68,5.1,10.11,,,,7.05,4.8,9.36,,,,2.28,-0.03,5.26,,,,4.11,1.37,7.21,,,,,,,,,,
2020-11-09,17.59,14.99,19.76,,,,55.45,52.21,58.65,,,,6.76,4.24,8.99,,,,7.68,5.14,10.06,,,,7.03,4.83,9.37,,,,2.29,-0.06,5.29,,,,4.09,1.39,7.22,,,,,,,,,,
2020-11-10,17.59,15.03,19.77,,,,55.49,52.19,58.71,,,,6.73,4.24,8.95,,,,7.68,5.17,10.02,,,,7.02,4.83,9.33,,,,2.29,-0.19,5.33,,,,4.07,1.41,7.19,,,,,,,,,,
2020-11-11,17.6,15.06,19.83,,,,55.54,52.18,58.73,,,,6.7,4.22,8.94,,,,7.69,5.14,9.96,,,,7.0,4.76,9.28,,,,2.3,-0.15,5.36,,,,4.04,1.38,7.12,,,,,,,,,,
2020-11-12,17.61,15.09,19.87,,,,55.59,52.19,58.75,,,,6.67,4.21,8.93,,,,7.69,5.16,9.95,,,,6.99,4.71,9.23,,,,2.31,-0.15,5.36,,,,4.02,1.32,7.0,,,,19.0,62.0,4.0,3.0,5.0,3.0,3.0
2020-11-13,17.61,15.09,19.87,,,,55.63,52.21,58.77,,,,6.64,4.2,8.92,,,,7.7,5.14,9.97,,,,6.97,4.67,9.2,,,,2.32,-0.17,5.36,,,,4.0,1.26,6.99,,,,,,,,,,
2020-11-14,17.62,15.13,19.9,,,,55.68,52.22,58.78,,,,6.6,4.19,8.9,,,,7.7,5.15,9.98,,,,6.95,4.63,9.21,,,,2.33,-0.2,5.36,,,,3.98,1.2,6.95,,,,,,,,,,
2020-11-15,17.63,15.17,19.93,,,,55.72,52.31,58.79,,,,6.58,4.18,8.89,,,,7.71,5.18,10.0,,,,6.93,4.58,9.2,,,,2.33,-0.23,5.36,,,,3.96,1.24,6.92,,,,,,,,,,
2020-11-16,17.64,15.18,19.92,,,,55.76,52.39,58.83,,,,6.55,4.17,8.87,,,,7.71,5.22,10.01,,,,6.91,4.53,9.17,,,,2.34,-0.26,5.36,,,,3.93,1.29,6.9,,,,,,,,,,
2020-11-17,17.64,15.2,19.95,,,,55.8,52.49,58.88,,,,6.52,4.18,8.86,,,,7.72,5.25,10.01,,,,6.89,4.48,9.17,,,,2.35,-0.28,5.38,,,,3.91,1.35,6.89,,,,,,,,,,
2020-11-18,17.65,15.19,19.97,,,,55.84,52.57,58.93,,,,6.49,4.16,8.85,,,,7.73,5.29,10.02,,,,6.87,4.47,9.15,,,,2.36,-0.29,5.38,,,,3.89,1.41,6.84,,,,24.0,47.0,7.0,9.0,11.0,,2.0
2020-11-19,17.66,15.19,19.96,,,,55.88,52.59,58.98,,,,6.47,4.16,8.84,,,,7.73,5.33,10.03,,,,6.85,4.51,9.09,,,,2.36,-0.25,5.39,,,,3.86,1.45,6.78,,,,,,,,,,
2020-11-20,17.67,15.18,19.95,,,,55.92,52.62,59.04,,,,6.44,4.11,8.82,,,,7.74,5.33,10.03,,,,6.83,4.53,9.02,,,,2.37,-0.22,5.39,,,,3.83,1.5,6.72,,,,,,,,,,
2020-11-21,17.67,15.18,19.94,,,,55.95,52.65,59.08,,,,6.42,4.07,8.8,,,,7.75,5.29,10.07,,,,6.81,4.53,8.97,,,,2.38,-0.18,5.45,,,,3.81,1.47,6.66,,,,,,,,,,
2020-11-22,17.68,15.18,20.0,,,,55.99,52.71,59.13,,,,6.39,4.02,8.79,,,,7.76,5.27,10.09,,,,6.79,4.52,8.97,,,,2.39,-0.13,5.51,,,,3.78,1.4,6.6,,,,,,,,,,
2020-11-23,17.69,15.18,20.04,,,,56.02,52.74,59.18,,,,6.37,3.98,8.78,,,,7.77,5.28,10.09,,,,6.77,4.46,8.92,,,,2.39,-0.14,5.5,,,,3.75,1.35,6.54,,,,,,,,,,
2020-11-24,17.69,15.19,20.04,,,,56.06,52.77,59.16,,,,6.35,3.96,8.76,,,,7.77,5.3,10.09,,,,6.74,4.4,8.89,,,,2.4,-0.15,5.52,,,,3.73,1.28,6.47,,,,,,,,,,
2020-11-25,17.7,15.18,20.03,,,,56.09,52.81,59.21,,,,6.32,3.92,8.75,,,,7.78,5.33,10.11,,,,6.72,4.4,8.87,,,,2.41,-0.19,5.5,,,,3.7,1.22,6.4,,,,,,,,,,
2020-11-26,17.71,15.16,20.03,,,,56.13,52.86,59.26,,,,6.3,3.92,8.74,,,,7.79,5.34,10.16,,,,6.7,4.38,8.85,,,,2.42,-0.26,5.47,,,,3.67,1.16,6.34,,,,,,,,,,
2020-11-27,17.71,15.15,20.02,,,,56.16,52.91,59.31,,,,6.28,3.92,8.73,,,,7.8,5.4,10.2,,,,6.68,4.39,8.84,,,,2.42,-0.32,5.49,,,,3.64,1.11,6.28,,,,16.0,55.0,8.0,7.0,11.0,,4.0
2020-11-28,17.72,15.16,20.01,,,,56.19,52.96,59.31,,,,6.26,3.91,8.72,,,,7.81,5.43,10.19,,,,6.65,4.38,8.82,,,,2.43,-0.37,5.46,,,,3.61,1.05,6.26,,,,,,,,,,
2020-11-29,17.72,15.14,20.0,,,,56.23,53.01,59.35,,,,6.24,3.91,8.71,,,,7.82,5.46,10.19,,,,6.63,4.39,8.79,,,,2.44,-0.42,5.4,,,,3.58,1.01,6.23,,,,,,,,,,
2020-11-30,17.72,15.11,19.98,,,,56.26,53.07,59.39,,,,6.22,3.9,8.66,,,,7.83,5.5,10.19,,,,6.61,4.41,8.74,,,,2.44,-0.41,5.34,,,,3.54,0.99,6.15,,,,,,,,,,
2020-12-01,17.72,15.1,19.95,,,,56.29,53.13,59.41,,,,6.21,3.87,8.56,,,,7.84,5.53,10.18,,,,6.58,4.37,8.72,,,,2.45,-0.39,5.32,,,,3.51,1.03,6.1,,,,,,,,,,
2020-12-02,17.72,15.1,19.96,,,,56.33,53.19,59.43,,,,6.19,3.79,8.56,,,,7.85,5.57,10.18,,,,6.56,4.36,8.69,,,,2.45,-0.41,5.34,,,,3.48,1.08,6.04,,,,,,,,,,
2020-12-03,17.72,15.09,19.95,,,,56.36,53.21,59.45,,,,6.18,3.77,8.58,,,,7.86,5.61,10.2,,,,6.54,4.35,8.67,,,,2.46,-0.42,5.35,,,,3.45,1.08,6.01,,,,23.0,56.0,3.0,10.0,5.0,,2.0
2020-12-04,17.72,15.1,19.9,,,,56.4,53.16,59.49,,,,6.16,3.8,8.57,,,,7.88,5.63,10.21,,,,6.51,4.34,8.65,,,,2.46,-0.41,5.34,,,,3.41,1.08,5.99,,,,,,,,,,
2020-12-05,17.71,15.12,19.9,,,,56.44,53.12,59.54,,,,6.15,3.83,8.54,,,,7.89,5.64,10.23,,,,6.49,4.33,8.62,,,,2.46,-0.4,5.34,,,,3.38,1.09,5.92,,,,,,,,,,
2020-12-06,17.71,15.11,19.9,,,,56.47,53.17,59.53,,,,6.13,3.86,8.52,,,,7.9,5.64,10.24,,,,6.47,4.3,8.59,,,,2.47,-0.37,5.33,,,,3.34,1.07,5.9,,,,,,,,,,
2020-12-07,17.7,15.09,19.89,,,,56.51,53.22,59.55,,,,6.12,3.85,8.49,,,,7.91,5.63,10.26,,,,6.44,4.27,8.59,,,,2.47,-0.34,5.32,,,,3.31,1.03,5.9,,,,,,,,,,
2020-12-08,17.68,15.08,19.87,,,,56.55,53.29,59.57,,,,6.11,3.81,8.46,,,,7.92,5.65,10.26,,,,6.42,4.25,8.56,,,,2.47,-0.32,5.29,,,,3.27,0.98,5.86,,,,,,,,,,
2020-12-09,17.67,15.12,19.85,,,,56.6,53.36,59.59,,,,6.1,3.8,8.5,,,,7.93,5.68,10.24,,,,6.4,4.24,8.55,,,,2.47,-0.3,5.29,,,,3.24,0.98,5.83,,,,15.0,59.0,9.0,5.0,11.0,,2.0
2020-12-10,17.65,15.12,19.83,,,,56.64,53.42,59.61,,,,6.09,3.81,8.5,,,,7.95,5.71,10.22,,,,6.38,4.21,8.54,,,,2.47,-0.28,5.31,,,,3.2,0.94,5.8,,,,,,,,,,
2020-12-11,17.64,15.12,19.81,,,,56.69,53.48,59.64,,,,6.08,3.84,8.46,,,,7.96,5.74,10.23,,,,6.36,4.2,8.49,,,,2.47,-0.3,5.34,,,,3.17,0.9,5.76,,,,,,,,,,
2020-12-12,17.62,15.1,19.78,,,,56.73,53.53,59.65,,,,6.07,3.85,8.42,,,,7.97,5.76,10.25,,,,6.34,4.17,8.44,,,,2.47,-0.34,5.34,,,,3.13,0.86,5.72,,,,,,,,,,
2020-12-13,17.59,15.08,19.75,,,,56.78,53.6,59.65,,,,6.06,3.83,8.43,,,,7.98,5.79,10.31,,,,6.32,4.16,8.41,,,,2.46,-0.38,5.31,,,,3.1,0.82,5.68,,,,,,,,,,
2020-12-14,17.57,15.05,19.73,,,,56.82,53.66,59.65,,,,6.05,3.82,8.45,,,,8.0,5.82,10.36,,,,6.3,4.15,8.38,,,,2.46,-0.41,5.21,,,,3.07,0.8,5.66,,,,,,,,,,
2020-12-15,17.55,15.01,19.7,,,,56.87,53.72,59.65,,,,6.04,3.82,8.47,,,,8.01,5.86,10.35,,,,6.28,4.15,8.37,,,,2.46,-0.37,5.12,,,,3.03,0.77,5.65,,,,,,,,,,
2020-12-16,17.52,14.97,19.68,,,,56.92,53.78,59.64,,,,6.03,3.84,8.49,,,,8.03,5.84,10.34,,,,6.26,4.14,8.4,,,,2.45,-0.34,5.06,,,,3.0,0.72,5.63,,,,17.0,68.0,4.0,4.0,2.0,,2.0
2020-12-17,17.49,14.93,19.65,,,,56.97,53.84,59.64,,,,6.02,3.83,8.49,,,,8.04,5.85,10.33,,,,6.25,4.13,8.38,,,,2.45,-0.36,5.06,,,,2.96,0.7,5.62,,,,,,,,,,
2020-12-18,17.46,14.9,19.62,,,,57.01,53.9,59.67,,,,6.01,3.81,8.49,,,,8.06,5.92,10.33,,,,6.23,4.12,8.39,,,,2.44,-0.35,5.05,,,,2.93,0.66,5.61,,,,,,,,,,
2020-12-19,17.44,14.9,19.59,,,,57.06,53.95,59.66,,,,6.0,3.8,8.52,,,,8.08,5.96,10.34,,,,6.21,4.12,8.36,,,,2.43,-0.31,5.07,,,,2.9,0.62,5.6,,,,,,,,,,
2020-12-20,17.41,14.86,19.58,,,,57.11,54.0,59.67,,,,5.99,3.79,8.53,,,,8.1,5.97,10.35,,,,6.2,4.1,8.33,,,,2.43,-0.29,5.08,,,,2.87,0.56,5.56,,,,,,,,,,
2020-12-21,17.38,14.81,19.55,,,,57.15,54.07,59.72,,,,5.98,3.78,8.54,,,,8.11,5.98,10.36,,,,6.18,4.1,8.32,,,,2.42,-0.31,5.07,,,,2.83,0.54,5.51,,,,,,,,,,
2020-12-22,17.35,14.75,19.52,,,,57.2,54.1,59.72,,,,5.97,3.77,8.55,,,,8.13,6.02,10.38,,,,6.17,4.07,8.31,,,,2.41,-0.35,5.02,,,,2.8,0.53,5.44,,,,17.0,58.0,9.0,7.0,6.0,3.0,1.0
2020-12-23,17.32,14.69,19.48,,,,57.24,54.14,59.75,,,,5.96,3.78,8.55,,,,8.15,6.05,10.46,,,,6.15,3.99,8.3,,,,2.4,-0.4,4.98,,,,2.77,0.52,5.37,,,,,,,,,,
2020-12-24,17.29,14.64,19.47,,,,57.28,54.17,59.75,,,,5.95,3.79,8.55,,,,8.17,6.08,10.53,,,,6.14,4.01,8.31,,,,2.39,-0.45,4.94,,,,2.74,0.53,5.27,,,,,,,,,,
2020-12-25,17.26,14.65,19.48,,,,57.32,54.22,59.75,,,,5.94,3.79,8.54,,,,8.2,6.09,10.61,,,,6.12,3.99,8.29,,,,2.39,-0.49,4.89,,,,2.71,0.53,5.23,,,,,,,,,,
2020-12-26,17.23,14.63,19.52,,,,57.36,54.26,59.81,,,,5.94,3.81,8.54,,,,8.22,6.1,10.66,,,,6.11,3.96,8.27,,,,2.38,-0.5,4.85,,,,2.68,0.51,5.19,,,,,,,,,,
2020-12-27,17.2,14.61,19.48,,,,57.39,54.29,59.8,,,,5.93,3.8,8.52,,,,8.24,6.11,10.71,,,,6.09,3.93,8.24,,,,2.37,-0.55,4.85,,,,2.66,0.52,5.14,,,,,,,,,,
2020-12-28,17.18,14.59,19.43,,,,57.43,54.35,59.92,,,,5.92,3.78,8.45,,,,8.27,6.13,10.76,,,,6.08,3.9,8.21,,,,2.36,-0.6,4.9,,,,2.63,0.49,5.1,,,,,,,,,,
2020-12-29,17.15,14.58,19.36,,,,57.46,54.42,59.94,,,,5.91,3.76,8.38,,,,8.29,6.16,10.81,,,,6.06,3.89,8.18,,,,2.35,-0.58,4.91,,,,2.6,0.47,5.07,,,,,,,,,,
2020-12-30,17.12,14.55,19.34,,,,57.49,54.46,59.95,,,,5.91,3.76,8.31,,,,8.32,6.19,10.86,,,,6.05,3.9,8.15,,,,2.34,-0.63,4.88,,,,2.58,0.49,5.04,,,,,,,,,,
2020-12-31,17.1,14.55,19.36,,,,57.51,54.43,59.93,,,,5.9,3.73,8.28,,,,8.35,6.24,10.87,,,,6.03,3.92,8.11,,,,2.33,-0.61,4.84,,,,2.55,0.5,5.01,,,,,,,,,,
2021-01-01,17.08,14.54,19.39,,,,57.53,54.41,59.9,,,,5.89,3.7,8.29,,,,8.38,6.28,10.87,,,,6.01,3.91,8.07,,,,2.32,-0.59,4.83,,,,2.53,0.51,4.99,,,,,,,,,,
2021-01-02,17.05,14.46,19.42,,,,57.55,54.43,59.87,,,,5.89,3.67,8.3,,,,8.4,6.32,10.88,,,,6.0,3.88,8.04,,,,2.32,-0.56,4.92,,,,2.51,0.51,4.96,,,,,,,,,,
2021-01-03,17.03,14.49,19.45,,,,57.57,54.45,59.82,,,,5.88,3.65,8.3,,,,8.43,6.33,10.88,,,,5.98,3.85,7.99,,,,2.31,-0.63,4.99,,,,2.49,0.51,4.95,,,,,,,,,,
2021-01-04,17.01,14.52,19.48,,,,57.59,54.55,59.77,,,,5.88,3.63,8.31,,,,8.47,6.31,10.87,,,,5.96,3.82,7.98,,,,2.3,-0.69,5.07,,,,2.47,0.46,4.93,,,,,,,,,,
2021-01-05,16.99,14.48,19.5,,,,57.6,54.64,59.72,,,,5.87,3.64,8.32,,,,8.5,6.29,10.88,,,,5.94,3.8,8.01,,,,2.29,-0.74,5.08,,,,2.45,0.41,4.92,,,,16.0,62.0,2.0,11.0,7.0,1.0,1.0
2021-01-06,16.98,14.44,19.53,,,,57.61,54.62,59.69,,,,5.87,3.58,8.31,,,,8.53,6.3,10.88,,,,5.92,3.77,7.94,,,,2.28,-0.71,5.08,,,,2.43,0.43,4.88,,,,,,,,,,
2021-01-07,16.96,14.42,19.57,,,,57.61,54.54,59.72,,,,5.87,3.56,8.28,,,,8.56,6.32,10.87,,,,5.9,3.74,7.92,,,,2.27,-0.68,5.08,,,,2.41,0.4,4.85,,,,,,,,,,
2021-01-08,16.95,14.39,19.61,,,,57.61,54.48,59.75,,,,5.87,3.55,8.24,,,,8.6,6.39,10.91,,,,5.88,3.71,7.9,,,,2.26,-0.65,5.07,,,,2.4,0.34,4.84,,,,,,,,,,
2021-01-09,16.93,14.36,19.65,,,,57.61,54.47,59.8,,,,5.86,3.55,8.21,,,,8.63,6.44,10.94,,,,5.86,3.69,7.89,,,,2.26,-0.65,5.07,,,,2.38,0.29,4.84,,,,,,,,,,
2021-01-10,16.92,14.34,19.67,,,,57.6,54.36,59.84,,,,5.86,3.58,8.17,,,,8.67,6.43,10.97,,,,5.84,3.67,7.87,,,,2.25,-0.66,5.06,,,,2.37,0.29,4.79,,,,,,,,,,
2021-01-11,16.91,14.35,19.67,,,,57.6,54.26,59.88,,,,5.86,3.57,8.12,,,,8.71,6.49,11.0,,,,5.81,3.61,7.85,,,,2.24,-0.67,5.03,,,,2.36,0.29,4.78,,,,,,,,,,
2021-01-12,16.91,14.35,19.68,,,,57.58,54.16,59.92,,,,5.86,3.56,8.08,,,,8.74,6.52,11.03,,,,5.79,3.54,7.83,,,,2.23,-0.72,5.0,,,,2.35,0.27,4.76,,,,,,,,,,
2021-01-13,16.9,14.3,19.68,,,,57.57,54.05,59.99,,,,5.86,3.55,8.07,,,,8.78,6.59,11.05,,,,5.76,3.48,7.78,,,,2.22,-0.78,4.97,,,,2.34,0.27,4.74,,,,,,,,,,
2021-01-14,16.9,14.3,19.69,,,,57.55,53.96,60.02,,,,5.86,3.53,8.13,,,,8.82,6.63,11.07,,,,5.74,3.41,7.74,,,,2.22,-0.77,4.94,,,,2.33,0.28,4.72,,,,19.0,59.0,6.0,11.0,1.0,,
2021-01-15,16.9,14.3,19.7,,,,57.53,53.97,60.03,,,,5.86,3.54,8.18,,,,8.86,6.63,11.1,,,,5.71,3.36,7.69,,,,2.21,-0.75,4.92,,,,2.32,0.28,4.7,,,,,,,,,,
2021-01-16,16.9,14.28,19.71,,,,57.5,53.98,60.03,,,,5.87,3.53,8.14,,,,8.9,6.69,11.15,,,,5.68,3.31,7.64,,,,2.2,-0.74,4.9,,,,2.31,0.28,4.67,,,,,,,,,,
2021-01-17,16.9,14.26,19.73,,,,57.47,53.89,59.99,,,,5.87,3.54,8.11,,,,8.94,6.78,11.2,,,,5.65,3.24,7.61,,,,2.19,-0.72,4.87,,,,2.3,0.29,4.66,,,,,,,,,,
2021-01-18,16.9,14.27,19.74,,,,57.44,53.81,59.9,,,,5.87,3.55,8.07,,,,8.98,6.88,11.25,,,,5.62,3.2,7.57,,,,2.19,-0.7,4.85,,,,2.3,0.25,4.63,,,,,,,,,,
2021-01-19,16.91,14.29,19.76,,,,57.4,53.81,59.91,,,,5.87,3.55,8.04,,,,9.02,6.91,11.3,,,,5.59,3.19,7.54,,,,2.18,-0.69,4.83,,,,2.29,0.21,4.6,,,,,,,,,,
2021-01-20,16.92,14.3,19.78,,,,57.36,53.81,59.85,,,,5.88,3.53,8.01,,,,9.06,6.89,11.34,,,,5.55,3.17,7.51,,,,2.17,-0.7,4.8,,,,2.29,0.18,4.57,,,,,,,,,,
2021-01-21,16.93,14.33,19.8,,,,57.31,53.77,59.79,,,,5.88,3.52,8.03,,,,9.1,6.87,11.4,,,,5.52,3.17,7.48,,,,2.17,-0.7,4.77,,,,2.28,0.15,4.54,,,,,,,,,,
2021-01-22,16.94,14.36,19.79,,,,57.27,53.71,59.76,,,,5.89,3.5,8.08,,,,9.14,6.86,11.45,,,,5.49,3.16,7.46,,,,2.16,-0.7,4.75,,,,2.28,0.16,4.53,,,,18.0,57.0,5.0,11.0,2.0,3.0,1.0
2021-01-23,16.96,14.38,19.82,,,,57.21,53.65,59.71,,,,5.89,3.5,8.06,,,,9.19,6.82,11.5,,,,5.46,3.1,7.45,,,,2.16,-0.7,4.72,,,,2.28,0.09,4.58,,,,,,,,,,
2021-01-24,16.97,14.42,19.88,,,,57.16,53.54,59.64,,,,5.89,3.5,8.08,,,,9.23,6.76,11.55,,,,5.42,3.1,7.4,,,,2.15,-0.69,4.73,,,,2.28,0.05,4.62,,,,,,,,,,
2021-01-25,16.99,14.46,19.91,,,,57.1,53.42,59.63,,,,5.9,3.52,8.11,,,,9.27,6.71,11.6,,,,5.39,3.06,7.36,,,,2.14,-0.69,4.74,,,,2.28,0.06,4.66,,,,,,,,,,
2021-01-26,17.01,14.46,19.95,,,,57.04,53.31,59.59,,,,5.9,3.53,8.15,,,,9.32,6.69,11.64,,,,5.35,3.02,7.33,,,,2.14,-0.68,4.73,,,,2.28,0.07,4.69,,,,,,,,,,
2021-01-27,17.03,14.44,19.98,,,,56.98,53.2,59.53,,,,5.91,3.55,8.19,,,,9.36,6.75,11.72,,,,5.32,2.99,7.31,,,,2.13,-0.67,4.74,,,,2.28,0.09,4.75,,,,14.0,58.0,4.0,7.0,8.0,4.0,2.0
2021-01-28,17.05,14.47,20.03,,,,56.92,53.13,59.47,,,,5.91,3.56,8.22,,,,9.4,6.78,11.77,,,,5.28,3.02,7.27,,,,2.12,-0.67,4.74,,,,2.29,0.1,4.79,,,,,,,,,,
2021-01-29,17.07,14.51,20.07,,,,56.85,53.09,59.41,,,,5.92,3.56,8.26,,,,9.45,6.76,11.79,,,,5.25,3.0,7.24,,,,2.12,-0.66,4.72,,,,2.29,0.11,4.82,,,,,,,,,,
2021-01-30,17.09,14.56,20.11,,,,56.78,53.05,59.34,,,,5.92,3.56,8.29,,,,9.49,6.75,11.83,,,,5.21,2.92,7.2,,,,2.11,-0.65,4.68,,,,2.3,0.13,4.86,,,,,,,,,,
2021-01-31,17.12,14.59,20.15,,,,56.72,53.01,59.25,,,,5.93,3.55,8.31,,,,9.54,6.78,11.87,,,,5.18,2.82,7.18,,,,2.11,-0.64,4.64,,,,2.3,0.14,4.83,,,,,,,,,,
2021-02-01,17.14,14.56,20.19,,,,56.65,52.98,59.17,,,,5.93,3.54,8.3,,,,9.58,6.76,11.91,,,,5.14,2.73,7.15,,,,2.1,-0.63,4.59,,,,2.31,0.16,4.86,,,,,,,,,,
2021-02-02,17.16,14.59,20.23,,,,56.57,52.95,59.05,,,,5.93,3.53,8.29,,,,9.62,6.79,11.95,,,,5.11,2.69,7.11,,,,2.1,-0.62,4.54,,,,2.32,0.17,4.88,,,,,,,,,,
2021-02-03,17.19,14.58,20.27,,,,56.5,52.92,58.98,,,,5.94,3.52,8.29,,,,9.66,6.84,11.99,,,,5.08,2.67,7.08,,,,2.09,-0.6,4.5,,,,2.33,0.19,4.91,,,,11.0,57.0,6.0,13.0,5.0,2.0,3.0
2021-02-04,17.21,14.57,20.28,,,,56.43,52.89,58.89,,,,5.94,3.51,8.29,,,,9.7,6.94,12.01,,,,5.05,2.66,7.02,,,,2.09,-0.58,4.45,,,,2.34,0.24,4.94,,,,,,,,,,
2021-02-05,17.23,14.55,20.32,,,,56.35,52.87,58.8,,,,5.95,3.52,8.31,,,,9.75,6.97,12.06,,,,5.02,2.65,6.92,,,,2.08,-0.57,4.4,,,,2.35,0.31,4.96,,,,,,,,,,
2021-02-06,17.26,14.56,20.35,,,,56.28,52.84,58.7,,,,5.95,3.52,8.25,,,,9.79,7.01,12.11,,,,4.99,2.65,6.84,,,,2.08,-0.56,4.35,,,,2.35,0.3,4.94,,,,,,,,,,
2021-02-07,17.28,14.64,20.39,,,,56.2,52.75,58.6,,,,5.95,3.51,8.22,,,,9.82,7.05,12.14,,,,4.96,2.65,6.76,,,,2.07,-0.55,4.3,,,,2.37,0.3,4.92,,,,,,,,,,
2021-02-08,17.31,14.68,20.42,,,,56.13,52.66,58.53,,,,5.96,3.49,8.21,,,,9.86,7.09,12.18,,,,4.93,2.6,6.73,,,,2.07,-0.54,4.31,,,,2.38,0.29,4.91,,,,,,,,,,
2021-02-09,17.33,14.69,20.46,,,,56.05,52.59,58.42,,,,5.96,3.48,8.19,,,,9.9,7.14,12.22,,,,4.91,2.54,6.71,,,,2.06,-0.53,4.31,,,,2.39,0.31,4.92,,,,,,,,,,
2021-02-10,17.36,14.72,20.49,,,,55.97,52.56,58.31,,,,5.97,3.47,8.2,,,,9.94,7.2,12.24,,,,4.89,2.56,6.69,,,,2.06,-0.56,4.32,,,,2.4,0.34,4.94,,,,15.0,56.0,5.0,9.0,8.0,2.0,1.0
2021-02-11,17.38,14.77,20.52,,,,55.89,52.46,58.28,,,,5.97,3.46,8.21,,,,9.97,7.25,12.27,,,,4.87,2.58,6.69,,,,2.05,-0.58,4.28,,,,2.41,0.35,4.91,,,,,,,,,,
2021-02-12,17.41,14.82,20.55,,,,55.81,52.32,58.24,,,,5.98,3.46,8.21,,,,10.01,7.32,12.31,,,,4.84,2.55,6.69,,,,2.05,-0.61,4.24,,,,2.42,0.34,4.98,,,,,,,,,,
2021-02-13,17.43,14.84,20.58,,,,55.74,52.22,58.19,,,,5.99,3.45,8.22,,,,10.04,7.38,12.33,,,,4.83,2.53,6.68,,,,2.04,-0.62,4.2,,,,2.44,0.37,4.97,,,,,,,,,,
2021-02-14,17.45,14.87,20.6,,,,55.66,52.2,58.15,,,,5.99,3.46,8.23,,,,10.07,7.44,12.35,,,,4.81,2.51,6.68,,,,2.04,-0.63,4.19,,,,2.45,0.41,4.97,,,,,,,,,,
2021-02-15,17.48,14.87,20.63,,,,55.58,52.19,58.02,,,,6.0,3.5,8.23,,,,10.11,7.51,12.39,,,,4.79,2.49,6.68,,,,2.03,-0.65,4.2,,,,2.46,0.44,4.95,,,,,,,,,,
2021-02-16,17.5,14.88,20.65,,,,55.5,52.19,57.98,,,,6.01,3.53,8.24,,,,10.14,7.58,12.44,,,,4.78,2.48,6.67,,,,2.02,-0.66,4.17,,,,2.47,0.47,4.94,,,,,,,,,,
2021-02-17,17.52,14.89,20.68,,,,55.42,52.16,57.88,,,,6.01,3.56,8.24,,,,10.17,7.66,12.51,,,,4.77,2.47,6.67,,,,2.02,-0.61,4.16,,,,2.49,0.5,4.93,,,,,,,,,,
2021-02-18,17.54,14.9,20.7,,,,55.34,52.08,57.78,,,,6.02,3.59,8.23,,,,10.19,7.74,12.58,,,,4.76,2.34,6.63,,,,2.01,-0.62,4.18,,,,2.5,0.5,4.95,,,,15.0,61.0,8.0,7.0,5.0,1.0,
2021-02-19,17.56,14.92,20.71,,,,55.26,52.0,57.74,,,,6.03,3.63,8.24,,,,10.22,7.81,12.64,,,,4.75,2.23,6.63,,,,2.01,-0.63,4.2,,,,2.51,0.49,4.92,,,,,,,,,,
2021-02-20,17.58,14.93,20.72,,,,55.18,51.86,57.72,,,,6.04,3.64,8.18,,,,10.25,7.89,12.7,,,,4.75,2.19,6.61,,,,2.0,-0.7,4.22,,,,2.53,0.49,4.97,,,,,,,,,,
2021-02-21,17.59,14.99,20.73,,,,55.11,51.71,57.69,,,,6.05,3.66,8.13,,,,10.27,7.96,12.72,,,,4.74,2.18,6.58,,,,2.0,-0.72,4.23,,,,2.54,0.5,5.01,,,,,,,,,,
2021-02-22,17.61,15.05,20.74,,,,55.03,51.64,57.66,,,,6.06,3.67,8.07,,,,10.3,8.04,12.73,,,,4.74,2.17,6.57,,,,1.99,-0.72,4.15,,,,2.55,0.5,5.0,,,,,,,,,,
2021-02-23,17.62,15.1,20.75,,,,54.96,51.59,57.62,,,,6.07,3.69,8.03,,,,10.32,8.09,12.73,,,,4.74,2.17,6.56,,,,1.98,-0.72,4.12,,,,2.57,0.51,5.0,,,,,,,,,,
2021-02-24,17.63,15.16,20.75,,,,54.88,51.54,57.55,,,,6.08,3.68,8.03,,,,10.34,8.12,12.73,,,,4.74,2.17,6.56,,,,1.98,-0.72,4.15,,,,2.58,0.56,4.99,,,,,,,,,,
2021-02-25,17.64,15.18,20.75,,,,54.81,51.49,57.48,,,,6.09,3.63,8.04,,,,10.36,8.16,12.74,,,,4.75,2.18,6.57,,,,1.97,-0.72,4.16,,,,2.59,0.59,4.98,,,,,,,,,,
2021-02-26,17.65,15.19,20.79,,,,54.74,51.45,57.43,,,,6.1,3.63,8.04,,,,10.38,8.19,12.74,,,,4.75,2.21,6.57,,,,1.96,-0.72,4.19,,,,2.61,0.58,4.97,,,,11.0,61.0,8.0,7.0,7.0,1.0,5.0
2021-02-27,17.66,15.2,20.84,,,,54.66,51.39,57.4,,,,6.11,3.64,8.04,,,,10.4,8.22,12.74,,,,4.76,2.28,6.61,,,,1.96,-0.71,4.16,,,,2.62,0.58,4.96,,,,,,,,,,
2021-02-28,17.67,15.22,20.89,,,,54.59,51.34,57.37,,,,6.13,3.66,8.04,,,,10.42,8.25,12.75,,,,4.76,2.36,6.66,,,,1.95,-0.71,4.13,,,,2.63,0.61,4.95,,,,,,,,,,
2021-03-01,17.67,15.23,20.93,,,,54.52,51.27,57.33,,,,6.14,3.7,8.05,,,,10.44,8.23,12.78,,,,4.77,2.39,6.71,,,,1.94,-0.71,4.17,,,,2.64,0.64,4.95,,,,,,,,,,
2021-03-02,17.68,15.24,20.98,,,,54.45,51.21,57.3,,,,6.15,3.75,8.04,,,,10.46,8.22,12.77,,,,4.78,2.37,6.8,,,,1.94,-0.73,4.21,,,,2.65,0.61,4.95,,,,,,,,,,
2021-03-03,17.68,15.25,21.02,,,,54.38,51.17,57.21,,,,6.17,3.79,8.06,,,,10.48,8.22,12.76,,,,4.79,2.35,6.82,,,,1.93,-0.75,4.23,,,,2.67,0.61,4.94,,,,,,,,,,
2021-03-04,17.68,15.26,21.05,,,,54.31,51.12,57.11,,,,6.19,3.82,8.07,,,,10.5,8.22,12.75,,,,4.8,2.34,6.87,,,,1.92,-0.77,4.21,,,,2.68,0.71,4.93,,,,17.0,53.0,2.0,13.0,7.0,2.0,5.0
2021-03-05,17.68,15.28,21.05,,,,54.24,51.07,57.01,,,,6.2,3.81,8.08,,,,10.52,8.22,12.75,,,,4.82,2.34,6.92,,,,1.92,-0.79,4.19,,,,2.69,0.76,4.92,,,,,,,,,,
2021-03-06,17.69,15.29,21.03,,,,54.17,51.03,56.9,,,,6.22,3.85,8.09,,,,10.53,8.23,12.75,,,,4.83,2.32,6.98,,,,1.91,-0.81,4.17,,,,2.7,0.8,4.91,,,,,,,,,,
2021-03-07,17.69,15.29,21.0,,,,54.1,50.99,56.8,,,,6.24,3.89,8.11,,,,10.55,8.23,12.75,,,,4.84,2.31,7.04,,,,1.9,-0.83,4.15,,,,2.71,0.78,4.91,,,,,,,,,,
2021-03-08,17.69,15.32,20.97,,,,54.03,50.94,56.7,,,,6.26,3.93,8.12,,,,10.57,8.25,12.74,,,,4.86,2.31,7.08,,,,1.9,-0.8,4.12,,,,2.72,0.78,4.92,,,,,,,,,,
2021-03-09,17.69,15.31,20.95,,,,53.95,50.88,56.61,,,,6.28,3.95,8.15,,,,10.59,8.26,12.74,,,,4.87,2.31,7.11,,,,1.89,-0.77,4.09,,,,2.73,0.76,4.93,,,,,,,,,,
2021-03-10,17.69,15.32,20.92,,,,53.88,50.79,56.51,,,,6.3,3.97,8.21,,,,10.61,8.29,12.74,,,,4.89,2.4,7.09,,,,1.88,-0.74,4.06,,,,2.74,0.79,4.95,,,,28.0,44.0,10.0,12.0,2.0,2.0,
2021-03-11,17.69,15.32,20.89,,,,53.81,50.7,56.44,,,,6.33,3.99,8.25,,,,10.63,8.29,12.75,,,,4.91,2.49,7.09,,,,1.88,-0.72,4.03,,,,2.75,0.77,4.96,,,,,,,,,,
2021-03-12,17.69,15.34,20.86,,,,53.73,50.61,56.43,,,,6.35,4.01,8.3,,,,10.64,8.4,12.75,,,,4.92,2.58,7.11,,,,1.87,-0.69,3.99,,,,2.76,0.75,4.99,,,,,,,,,,
2021-03-13,17.69,15.33,20.87,,,,53.65,50.55,56.45,,,,6.37,4.04,8.34,,,,10.66,8.42,12.75,,,,4.94,2.61,7.13,,,,1.87,-0.66,3.95,,,,2.77,0.76,5.03,,,,,,,,,,
2021-03-14,17.69,15.26,20.92,,,,53.57,50.49,56.43,,,,6.4,4.06,8.4,,,,10.68,8.44,12.76,,,,4.96,2.6,7.16,,,,1.86,-0.64,3.92,,,,2.78,0.74,5.06,,,,,,,,,,
2021-03-15,17.69,15.2,20.94,,,,53.49,50.43,56.37,,,,6.42,4.09,8.47,,,,10.7,8.44,12.8,,,,4.97,2.65,7.18,,,,1.86,-0.69,3.9,,,,2.78,0.76,5.09,,,,,,,,,,
2021-03-16,17.69,15.18,20.92,,,,53.41,50.26,56.31,,,,6.45,4.11,8.52,,,,10.73,8.44,12.81,,,,4.99,2.67,7.2,,,,1.86,-0.65,3.91,,,,2.79,0.78,5.12,,,,,,,,,,
2021-03-17,17.69,15.16,20.88,,,,53.32,50.17,56.29,,,,6.48,4.16,8.55,,,,10.75,8.45,12.83,,,,5.01,2.66,7.22,,,,1.85,-0.62,3.94,,,,2.8,0.77,5.15,,,,,,,,,,
2021-03-18,17.69,15.14,20.85,,,,53.23,50.08,56.24,,,,6.5,4.2,8.59,,,,10.78,8.46,12.86,,,,5.03,2.67,7.24,,,,1.85,-0.63,3.94,,,,2.81,0.79,5.18,,,,,,,,,,
2021-03-19,17.69,15.12,20.82,,,,53.14,49.99,56.12,,,,6.53,4.24,8.63,,,,10.8,8.48,12.85,,,,5.04,2.71,7.3,,,,1.85,-0.63,3.94,,,,2.82,0.8,5.22,,,,24.0,47.0,8.0,11.0,3.0,3.0,1.0
2021-03-20,17.7,15.1,20.81,,,,53.05,49.9,56.04,,,,6.56,4.3,8.66,,,,10.83,8.51,12.87,,,,5.06,2.77,7.35,,,,1.84,-0.63,3.95,,,,2.82,0.81,5.25,,,,,,,,,,
2021-03-21,17.7,15.09,20.77,,,,52.95,49.81,55.99,,,,6.59,4.36,8.67,,,,10.86,8.54,12.89,,,,5.08,2.84,7.34,,,,1.84,-0.63,3.95,,,,2.83,0.84,5.28,,,,,,,,,,
2021-03-22,17.7,15.12,20.73,,,,52.86,49.72,55.98,,,,6.62,4.37,8.67,,,,10.89,8.58,12.9,,,,5.09,2.86,7.37,,,,1.84,-0.62,3.95,,,,2.84,0.86,5.31,,,,,,,,,,
2021-03-23,17.71,15.12,20.84,,,,52.76,49.62,55.94,,,,6.65,4.41,8.7,,,,10.93,8.6,12.95,,,,5.11,2.88,7.35,,,,1.84,-0.61,3.95,,,,2.84,0.88,5.34,,,,,,,,,,
2021-03-24,17.71,15.04,20.94,,,,52.65,49.53,55.92,,,,6.68,4.42,8.77,,,,10.96,8.63,12.98,,,,5.13,2.9,7.35,,,,1.84,-0.6,3.95,,,,2.85,0.89,5.32,,,,,,,,,,
2021-03-25,17.72,15.03,21.06,,,,52.55,49.44,55.89,,,,6.72,4.44,8.86,,,,11.0,8.68,13.1,,,,5.14,2.91,7.35,,,,1.84,-0.56,3.95,,,,2.86,0.91,5.29,,,,,,,,,,
2021-03-26,17.73,15.06,21.13,,,,52.44,49.38,55.82,,,,6.75,4.45,8.92,,,,11.04,8.7,13.24,,,,5.16,2.93,7.36,,,,1.84,-0.56,3.91,,,,2.86,0.92,5.28,,,,18.0,57.0,6.0,11.0,3.0,,3.0
2021-03-27,17.74,15.08,21.16,,,,52.34,49.32,55.74,,,,6.78,4.47,8.94,,,,11.08,8.67,13.28,,,,5.17,2.93,7.37,,,,1.84,-0.56,3.85,,,,2.87,0.91,5.3,,,,,,,,,,
2021-03-28,17.74,15.05,21.16,,,,52.23,49.18,55.68,,,,6.81,4.51,8.98,,,,11.12,8.68,13.28,,,,5.19,2.93,7.4,,,,1.84,-0.59,3.84,,,,2.87,0.85,5.31,,,,,,,,,,
2021-03-29,17.75,15.02,21.16,,,,52.12,49.07,55.6,,,,6.84,4.57,9.0,,,,11.16,8.72,13.29,,,,5.2,2.93,7.46,,,,1.84,-0.61,3.82,,,,2.88,0.81,5.34,,,,,,,,,,
2021-03-30,17.76,15.0,21.16,,,,52.01,48.91,55.52,,,,6.87,4.62,9.03,,,,11.21,8.76,13.3,,,,5.21,2.96,7.5,,,,1.84,-0.61,3.81,,,,2.88,0.75,5.36,,,,,,,,,,
2021-03-31,17.78,15.0,21.16,,,,51.9,48.77,55.44,,,,6.9,4.66,9.09,,,,11.25,8.8,13.35,,,,5.22,2.97,7.56,,,,1.84,-0.58,3.8,,,,2.89,0.74,5.38,,,,,,,,,,
2021-04-01,17.79,15.0,21.16,,,,51.78,48.65,55.34,,,,6.94,4.7,9.17,,,,11.3,8.84,13.36,,,,5.23,2.97,7.58,,,,1.84,-0.62,3.79,,,,2.89,0.74,5.39,,,,22.0,46.0,5.0,14.0,3.0,1.0,2.0
2021-04-02,17.8,15.0,21.16,,,,51.67,48.55,55.21,,,,6.97,4.73,9.2,,,,11.35,8.89,13.36,,,,5.24,2.98,7.58,,,,1.85,-0.64,3.83,,,,2.89,0.74,5.4,,,,,,,,,,
2021-04-03,17.82,15.0,21.16,,,,51.56,48.45,55.12,,,,7.0,4.75,9.21,,,,11.4,8.94,13.43,,,,5.25,2.98,7.59,,,,1.85,-0.63,3.84,,,,2.9,0.75,5.41,,,,,,,,,,
2021-04-04,17.83,15.01,21.16,,,,51.45,48.27,55.05,,,,7.03,4.78,9.27,,,,11.45,9.01,13.53,,,,5.26,2.98,7.59,,,,1.85,-0.64,3.84,,,,2.9,0.75,5.43,,,,,,,,,,
2021-04-05,17.85,15.02,21.16,,,,51.34,48.1,54.96,,,,7.05,4.84,9.32,,,,11.5,9.09,13.62,,,,5.27,2.96,7.58,,,,1.85,-0.65,3.87,,,,2.9,0.76,5.44,,,,,,,,,,
2021-04-06,17.86,15.04,21.16,,,,51.24,48.02,54.89,,,,7.08,4.9,9.38,,,,11.55,9.13,13.71,,,,5.27,2.95,7.56,,,,1.86,-0.67,3.89,,,,2.91,0.76,5.43,,,,,,,,,,
2021-04-07,17.88,15.05,21.17,,,,51.13,47.95,54.81,,,,7.11,4.88,9.42,,,,11.6,9.15,13.8,,,,5.28,2.93,7.55,,,,1.86,-0.72,3.87,,,,2.91,0.77,5.43,,,,,,,,,,
2021-04-08,17.9,15.05,21.2,,,,51.02,47.84,54.76,,,,7.14,4.89,9.46,,,,11.65,9.26,13.88,,,,5.28,2.92,7.54,,,,1.87,-0.73,3.84,,,,2.91,0.77,5.44,,,,20.0,53.0,9.0,9.0,2.0,,3.0
2021-04-09,17.92,15.08,21.17,,,,50.92,47.66,54.64,,,,7.16,4.89,9.49,,,,11.7,9.36,13.95,,,,5.29,2.91,7.56,,,,1.87,-0.74,3.86,,,,2.91,0.78,5.44,,,,,,,,,,
2021-04-10,17.94,15.09,21.14,,,,50.81,47.59,54.57,,,,7.19,4.89,9.5,,,,11.75,9.39,14.02,,,,5.29,2.9,7.56,,,,1.88,-0.74,3.85,,,,2.91,0.78,5.44,,,,,,,,,,
2021-04-11,17.96,15.08,21.08,,,,50.71,47.54,54.5,,,,7.21,4.95,9.52,,,,11.8,9.42,14.11,,,,5.29,2.9,7.59,,,,1.88,-0.75,3.84,,,,2.92,0.79,5.43,,,,,,,,,,
2021-04-12,17.98,15.06,21.09,,,,50.61,47.43,54.43,,,,7.24,4.96,9.53,,,,11.85,9.45,14.21,,,,5.29,2.92,7.62,,,,1.89,-0.76,3.83,,,,2.92,0.8,5.41,,,,,,,,,,
2021-04-13,18.0,15.06,21.07,,,,50.52,47.31,54.36,,,,7.26,5.0,9.54,,,,11.9,9.5,14.3,,,,5.29,2.93,7.63,,,,1.89,-0.76,3.85,,,,2.92,0.8,5.38,,,,,,,,,,
2021-04-14,18.02,15.15,21.05,,,,50.42,47.2,54.29,,,,7.28,5.03,9.54,,,,11.95,9.56,14.35,,,,5.29,2.9,7.64,,,,1.9,-0.75,3.9,,,,2.92,0.81,5.35,,,,23.0,48.0,4.0,16.0,6.0,1.0,
2021-04-15,18.04,15.15,21.04,,,,50.33,47.09,54.22,,,,7.3,5.08,9.54,,,,12.0,9.63,14.41,,,,5.29,2.86,7.66,,,,1.91,-0.7,3.95,,,,2.92,0.81,5.32,,,,,,,,,,
2021-04-16,18.06,15.16,21.06,,,,50.24,47.06,54.14,,,,7.33,5.12,9.54,,,,12.05,9.7,14.45,,,,5.28,2.86,7.66,,,,1.92,-0.65,4.0,,,,2.92,0.82,5.3,,,,,,,,,,
2021-04-17,18.08,15.17,21.07,,,,50.15,47.0,54.05,,,,7.34,5.17,9.57,,,,12.09,9.77,14.5,,,,5.28,2.86,7.68,,,,1.93,-0.66,4.05,,,,2.91,0.83,5.32,,,,,,,,,,
2021-04-18,18.09,15.18,21.08,,,,50.06,46.84,54.0,,,,7.36,5.21,9.59,,,,12.14,9.78,14.55,,,,5.28,2.85,7.71,,,,1.94,-0.63,4.1,,,,2.91,0.84,5.34,,,,,,,,,,
2021-04-19,18.11,15.12,21.09,,,,49.98,46.65,53.95,,,,7.38,5.25,9.61,,,,12.18,9.79,14.59,,,,5.28,2.85,7.72,,,,1.95,-0.59,4.14,,,,2.91,0.85,5.3,,,,,,,,,,
2021-04-20,18.13,15.12,21.09,,,,49.9,46.55,53.89,,,,7.4,5.3,9.63,,,,12.23,9.8,14.62,,,,5.27,2.85,7.73,,,,1.95,-0.55,4.14,,,,2.91,0.86,5.28,,,,,,,,,,
2021-04-21,18.14,15.11,21.09,,,,49.82,46.44,53.83,,,,7.42,5.31,9.64,,,,12.27,9.88,14.66,,,,5.27,2.87,7.73,,,,1.96,-0.5,4.13,,,,2.91,0.87,5.28,,,,,,,,,,
2021-04-22,18.16,15.13,21.08,,,,49.75,46.34,53.78,,,,7.44,5.3,9.66,,,,12.31,9.95,14.69,,,,5.27,2.87,7.74,,,,1.97,-0.46,4.17,,,,2.9,0.85,5.23,,,,12.0,64.0,4.0,7.0,2.0,,5.0
2021-04-23,18.17,15.16,21.13,,,,49.68,46.24,53.72,,,,7.45,5.28,9.71,,,,12.35,9.97,14.71,,,,5.27,2.86,7.71,,,,1.99,-0.41,4.23,,,,2.9,0.82,5.22,,,,,,,,,,
2021-04-24,18.18,15.18,21.14,,,,49.61,46.13,53.67,,,,7.47,5.28,9.71,,,,12.39,9.99,14.75,,,,5.26,2.89,7.65,,,,2.0,-0.4,4.23,,,,2.9,0.79,5.24,,,,,,,,,,
2021-04-25,18.19,15.19,21.13,,,,49.54,46.03,53.62,,,,7.48,5.26,9.72,,,,12.43,10.03,14.86,,,,5.26,2.9,7.65,,,,2.01,-0.41,4.2,,,,2.89,0.76,5.26,,,,,,,,,,
2021-04-26,18.2,15.23,21.12,,,,49.48,45.95,53.58,,,,7.5,5.25,9.76,,,,12.46,10.07,14.93,,,,5.26,2.92,7.65,,,,2.02,-0.41,4.26,,,,2.89,0.74,5.27,,,,,,,,,,
2021-04-27,18.21,15.25,21.1,,,,49.43,45.89,53.52,,,,7.51,5.23,9.81,,,,12.49,10.06,14.98,,,,5.25,2.96,7.65,,,,2.03,-0.42,4.27,,,,2.88,0.74,5.28,,,,,,,,,,
2021-04-28,18.22,15.27,21.08,,,,49.38,45.84,53.47,,,,7.53,5.23,9.85,,,,12.52,10.04,14.94,,,,5.25,2.98,7.65,,,,2.04,-0.43,4.32,,,,2.88,0.73,5.28,,,,16.0,47.0,10.0,9.0,11.0,1.0,3.0
2021-04-29,18.22,15.29,21.05,,,,49.33,45.78,53.42,,,,7.54,5.22,9.9,,,,12.55,10.07,14.94,,,,5.25,2.97,7.64,,,,2.04,-0.44,4.37,,,,2.87,0.72,5.28,,,,,,,,,,
2021-04-30,18.22,15.29,21.04,,,,49.29,45.74,53.41,,,,7.55,5.27,9.93,,,,12.58,10.11,14.99,,,,5.25,2.99,7.65,,,,2.05,-0.45,4.38,,,,2.87,0.71,5.28,,,,,,,,,,
2021-05-01,18.22,15.28,21.03,,,,49.25,45.68,53.38,,,,7.57,5.33,9.93,,,,12.6,10.15,15.02,,,,5.24,3.0,7.65,,,,2.06,-0.45,4.41,,,,2.86,0.71,5.25,,,,,,,,,,
2021-05-02,18.22,15.27,21.01,,,,49.22,45.63,53.35,,,,7.58,5.38,9.91,,,,12.62,10.21,15.0,,,,5.24,3.0,7.65,,,,2.07,-0.46,4.44,,,,2.86,0.7,5.22,,,,,,,,,,
2021-05-03,18.22,15.24,20.98,,,,49.19,45.58,53.32,,,,7.59,5.42,9.94,,,,12.64,10.22,14.98,,,,5.24,2.99,7.65,,,,2.08,-0.47,4.45,,,,2.85,0.7,5.19,,,,,,,,,,
2021-05-04,18.21,15.22,20.95,,,,49.17,45.54,53.28,,,,7.6,5.4,9.96,,,,12.66,10.2,15.05,,,,5.24,2.97,7.65,,,,2.09,-0.48,4.46,,,,2.85,0.7,5.15,,,,,,,,,,
2021-05-05,18.2,15.2,20.92,,,,49.15,45.53,53.26,,,,7.61,5.45,9.99,,,,12.68,10.11,15.11,,,,5.24,2.95,7.65,,,,2.09,-0.48,4.47,,,,2.84,0.71,5.12,,,,21.0,51.0,7.0,9.0,3.0,3.0,2.0
2021-05-06,18.19,15.17,20.89,,,,49.14,45.47,53.23,,,,7.62,5.5,10.0,,,,12.69,10.05,15.18,,,,5.23,2.93,7.65,,,,2.1,-0.44,4.45,,,,2.83,0.71,5.09,,,,,,,,,,
2021-05-07,18.18,15.15,20.84,,,,49.13,45.43,53.21,,,,7.63,5.5,10.01,,,,12.71,10.08,15.25,,,,5.23,2.91,7.66,,,,2.11,-0.42,4.49,,,,2.82,0.7,5.05,,,,,,,,,,
2021-05-08,18.17,15.12,20.85,,,,49.13,45.4,53.25,,,,7.64,5.5,10.03,,,,12.72,10.11,15.3,,,,5.23,2.9,7.66,,,,2.11,-0.42,4.5,,,,2.82,0.68,5.02,,,,,,,,,,
2021-05-09,18.15,15.1,20.85,,,,49.13,45.39,53.3,,,,7.65,5.49,10.04,,,,12.73,10.1,15.36,,,,5.23,2.88,7.67,,,,2.12,-0.38,4.51,,,,2.81,0.67,4.99,,,,,,,,,,
2021-05-10,18.13,15.07,20.86,,,,49.13,45.37,53.35,,,,7.66,5.49,10.06,,,,12.74,10.1,15.43,,,,5.22,2.86,7.67,,,,2.12,-0.34,4.51,,,,2.8,0.66,4.95,,,,,,,,,,
2021-05-11,18.11,15.04,20.79,,,,49.14,45.35,53.4,,,,7.67,5.49,10.07,,,,12.74,10.05,15.44,,,,5.22,2.85,7.68,,,,2.12,-0.31,4.48,,,,2.79,0.62,4.92,,,,,,,,,,
2021-05-12,18.09,15.0,20.72,,,,49.16,45.35,53.45,,,,7.67,5.49,10.08,,,,12.75,10.03,15.43,,,,5.22,2.83,7.67,,,,2.13,-0.28,4.45,,,,2.79,0.57,4.89,,,,6.0,52.0,6.0,14.0,16.0,1.0,1.0
2021-05-13,18.07,14.97,20.65,,,,49.18,45.34,53.52,,,,7.68,5.49,10.08,,,,12.76,10.01,15.4,,,,5.22,2.8,7.69,,,,2.13,-0.27,4.42,,,,2.78,0.58,4.88,,,,,,,,,,
2021-05-14,18.04,14.92,20.64,,,,49.2,45.34,53.59,,,,7.69,5.49,10.09,,,,12.76,10.01,15.37,,,,5.22,2.78,7.69,,,,2.13,-0.3,4.42,,,,2.77,0.58,4.87,,,,,,,,,,
2021-05-15,18.01,14.88,20.63,,,,49.23,45.36,53.61,,,,7.7,5.47,10.1,,,,12.77,10.0,15.36,,,,5.21,2.76,7.69,,,,2.13,-0.33,4.44,,,,2.76,0.57,4.88,,,,,,,,,,
2021-05-16,17.98,14.86,20.61,,,,49.26,45.38,53.66,,,,7.71,5.46,10.09,,,,12.77,10.0,15.33,,,,5.21,2.74,7.7,,,,2.13,-0.3,4.45,,,,2.75,0.55,4.89,,,,,,,,,,
2021-05-17,17.95,14.82,20.6,,,,49.29,45.44,53.77,,,,7.71,5.45,10.06,,,,12.77,9.94,15.37,,,,5.21,2.71,7.7,,,,2.13,-0.27,4.46,,,,2.74,0.54,4.9,,,,,,,,,,
2021-05-18,17.92,14.78,20.64,,,,49.33,45.53,53.84,,,,7.72,5.43,10.08,,,,12.78,9.92,15.41,,,,5.21,2.7,7.71,,,,2.13,-0.26,4.48,,,,2.73,0.53,4.91,,,,,,,,,,
2021-05-19,17.89,14.74,20.69,,,,49.36,45.62,53.85,,,,7.72,5.42,10.1,,,,12.78,9.86,15.46,,,,5.21,2.68,7.73,,,,2.13,-0.26,4.48,,,,2.72,0.53,4.92,,,,,,,,,,
2021-05-20,17.86,14.68,20.66,,,,49.4,45.72,53.84,,,,7.73,5.4,10.1,,,,12.78,9.81,15.5,,,,5.2,2.67,7.74,,,,2.13,-0.28,4.49,,,,2.72,0.51,4.95,,,,13.0,46.0,12.0,19.0,2.0,2.0,3.0
2021-05-21,17.82,14.67,20.64,,,,49.45,45.83,53.82,,,,7.74,5.39,10.1,,,,12.79,9.9,15.53,,,,5.2,2.66,7.75,,,,2.13,-0.3,4.5,,,,2.71,0.44,4.99,,,,,,,,,,
2021-05-22,17.79,14.67,20.59,,,,49.49,45.94,53.76,,,,7.74,5.36,10.1,,,,12.79,9.98,15.57,,,,5.2,2.65,7.75,,,,2.13,-0.31,4.5,,,,2.7,0.43,5.0,,,,,,,,,,
2021-05-23,17.76,14.67,20.56,,,,49.53,46.0,53.8,,,,7.75,5.34,10.1,,,,12.79,9.92,15.6,,,,5.19,2.68,7.74,,,,2.13,-0.29,4.51,,,,2.69,0.45,5.0,,,,,,,,,,
2021-05-24,17.73,14.66,20.51,,,,49.58,45.98,53.8,,,,7.75,5.32,10.1,,,,12.79,9.86,15.63,,,,5.19,2.67,7.74,,,,2.13,-0.28,4.54,,,,2.68,0.46,5.0,,,,,,,,,,
2021-05-25,17.69,14.67,20.44,,,,49.63,45.97,53.86,,,,7.76,5.29,10.11,,,,12.8,9.81,15.66,,,,5.19,2.65,7.74,,,,2.12,-0.26,4.56,,,,2.67,0.48,4.99,,,,,,,,,,
2021-05-26,17.66,14.67,20.42,,,,49.67,45.96,53.96,,,,7.76,5.31,10.09,,,,12.8,9.85,15.67,,,,5.18,2.64,7.74,,,,2.12,-0.25,4.56,,,,2.66,0.47,4.99,,,,,,,,,,
2021-05-27,17.63,14.68,20.35,,,,49.72,45.97,54.05,,,,7.76,5.3,10.08,,,,12.8,9.87,15.64,,,,5.18,2.62,7.74,,,,2.12,-0.23,4.52,,,,2.65,0.47,4.98,,,,,,,,,,
2021-05-28,17.61,14.69,20.29,,,,49.77,46.07,54.15,,,,7.77,5.32,10.07,,,,12.81,9.82,15.62,,,,5.17,2.61,7.74,,,,2.12,-0.21,4.5,,,,2.64,0.45,4.95,,,,26.0,35.0,12.0,13.0,9.0,1.0,
2021-05-29,17.58,14.69,20.24,,,,49.81,46.27,54.17,,,,7.77,5.33,10.06,,,,12.81,9.78,15.6,,,,5.16,2.6,7.74,,,,2.11,-0.2,4.49,,,,2.63,0.45,4.95,,,,,,,,,,
2021-05-30,17.56,14.71,20.23,,,,49.86,46.37,54.19,,,,7.77,5.34,10.06,,,,12.81,9.73,15.61,,,,5.15,2.6,7.73,,,,2.11,-0.19,4.48,,,,2.62,0.44,4.95,,,,,,,,,,
2021-05-31,17.54,14.72,20.24,,,,49.91,46.39,54.26,,,,7.77,5.35,10.06,,,,12.82,9.69,15.61,,,,5.15,2.6,7.73,,,,2.11,-0.17,4.47,,,,2.61,0.43,4.92,,,,,,,,,,
2021-06-01,17.52,14.73,20.25,,,,49.95,46.46,54.35,,,,7.78,5.33,10.05,,,,12.82,9.65,15.59,,,,5.14,2.59,7.72,,,,2.11,-0.15,4.46,,,,2.6,0.43,4.9,,,,,,,,,,
2021-06-02,17.5,14.72,20.24,,,,50.0,46.54,54.43,,,,7.78,5.31,10.05,,,,12.83,9.61,15.57,,,,5.13,2.59,7.71,,,,2.1,-0.15,4.45,,,,2.59,0.38,4.87,,,,,,,,,,
2021-06-03,17.48,14.7,20.21,,,,50.04,46.58,54.51,,,,7.78,5.29,10.11,,,,12.84,9.56,15.56,,,,5.12,2.59,7.7,,,,2.1,-0.13,4.44,,,,2.58,0.31,4.85,,,,11.0,46.0,7.0,13.0,6.0,7.0,5.0
2021-06-04,17.47,14.74,20.18,,,,50.08,46.59,54.58,,,,7.78,5.28,10.17,,,,12.84,9.55,15.54,,,,5.1,2.6,7.68,,,,2.1,-0.14,4.43,,,,2.57,0.27,4.85,,,,,,,,,,
2021-06-05,17.46,14.78,20.19,,,,50.13,46.67,54.66,,,,7.79,5.27,10.2,,,,12.85,9.55,15.53,,,,5.09,2.6,7.66,,,,2.1,-0.14,4.42,,,,2.56,0.24,4.85,,,,,,,,,,
2021-06-06,17.45,14.77,20.2,,,,50.17,46.71,54.73,,,,7.79,5.27,10.2,,,,12.85,9.56,15.52,,,,5.08,2.6,7.63,,,,2.09,-0.13,4.43,,,,2.55,0.21,4.82,,,,,,,,,,
2021-06-07,17.44,14.73,20.21,,,,50.21,46.71,54.78,,,,7.79,5.27,10.19,,,,12.86,9.55,15.5,,,,5.06,2.61,7.6,,,,2.09,-0.12,4.47,,,,2.54,0.18,4.79,,,,,,,,,,
2021-06-08,17.43,14.73,20.23,,,,50.25,46.78,54.74,,,,7.8,5.31,10.21,,,,12.87,9.56,15.49,,,,5.04,2.64,7.59,,,,2.09,-0.15,4.46,,,,2.53,0.15,4.76,,,,,,,,,,
2021-06-09,17.43,14.75,20.24,,,,50.29,46.83,54.67,,,,7.8,5.34,10.23,,,,12.88,9.58,15.47,,,,5.03,2.66,7.57,,,,2.09,-0.17,4.47,,,,2.53,0.12,4.74,,,,,,,,,,
2021-06-10,17.43,14.77,20.25,,,,50.32,46.79,54.75,,,,7.8,5.38,10.24,,,,12.88,9.59,15.47,,,,5.01,2.69,7.54,,,,2.08,-0.18,4.48,,,,2.52,0.1,4.72,,,,21.0,35.0,12.0,27.0,3.0,1.0,1.0
2021-06-11,17.42,14.8,20.26,,,,50.36,46.76,54.73,,,,7.81,5.4,10.25,,,,12.89,9.58,15.48,,,,4.99,2.71,7.51,,,,2.08,-0.16,4.49,,,,2.51,0.13,4.7,,,,,,,,,,
2021-06-12,17.42,14.84,20.26,,,,50.4,46.78,54.79,,,,7.81,5.44,10.25,,,,12.9,9.56,15.5,,,,4.97,2.64,7.47,,,,2.08,-0.11,4.49,,,,2.5,0.15,4.68,,,,,,,,,,
2021-06-13,17.43,14.88,20.23,,,,50.43,46.85,54.85,,,,7.82,5.44,10.25,,,,12.9,9.53,15.51,,,,4.94,2.65,7.43,,,,2.08,-0.11,4.49,,,,2.49,0.19,4.66,,,,,,,,,,
2021-06-14,17.43,14.92,20.18,,,,50.47,46.92,54.85,,,,7.82,5.39,10.25,,,,12.91,9.51,15.53,,,,4.92,2.66,7.39,,,,2.07,-0.14,4.48,,,,2.48,0.22,4.64,,,,,,,,,,
2021-06-15,17.43,14.97,20.14,,,,50.5,46.97,54.82,,,,7.82,5.37,10.24,,,,12.92,9.48,15.54,,,,4.9,2.65,7.35,,,,2.07,-0.16,4.47,,,,2.47,0.25,4.62,,,,,,,,,,
2021-06-16,17.44,15.0,20.14,,,,50.54,46.96,54.78,,,,7.83,5.42,10.26,,,,12.92,9.47,15.56,,,,4.87,2.68,7.31,,,,2.07,-0.14,4.47,,,,2.47,0.22,4.61,,,,,,,,,,
2021-06-17,17.44,15.0,20.17,,,,50.57,47.01,54.77,,,,7.83,5.4,10.29,,,,12.93,9.49,15.56,,,,4.85,2.68,7.29,,,,2.07,-0.19,4.46,,,,2.46,0.18,4.59,,,,21.0,49.0,7.0,12.0,6.0,,4.0
2021-06-18,17.45,14.95,20.2,,,,50.6,47.06,54.84,,,,7.84,5.39,10.33,,,,12.93,9.52,15.57,,,,4.82,2.69,7.22,,,,2.07,-0.17,4.46,,,,2.46,0.15,4.58,,,,,,,,,,
2021-06-19,17.46,14.92,20.22,,,,50.64,47.12,54.91,,,,7.84,5.38,10.33,,,,12.94,9.54,15.55,,,,4.79,2.69,7.15,,,,2.06,-0.15,4.46,,,,2.45,0.17,4.58,,,,,,,,,,
2021-06-20,17.46,14.95,20.24,,,,50.67,47.17,54.99,,,,7.85,5.38,10.31,,,,12.94,9.57,15.51,,,,4.76,2.64,7.09,,,,2.06,-0.17,4.46,,,,2.45,0.21,4.59,,,,,,,,,,
2021-06-21,17.47,14.95,20.27,,,,50.7,47.22,55.05,,,,7.85,5.42,10.33,,,,12.95,9.59,15.47,,,,4.73,2.59,7.04,,,,2.06,-0.19,4.45,,,,2.44,0.19,4.59,,,,,,,,,,
2021-06-22,17.48,14.92,20.28,,,,50.73,47.21,55.12,,,,7.86,5.47,10.3,,,,12.95,9.61,15.49,,,,4.71,2.54,7.0,,,,2.06,-0.19,4.45,,,,2.44,0.17,4.55,,,,,,,,,,
2021-06-23,17.49,14.9,20.28,,,,50.76,47.26,55.19,,,,7.86,5.52,10.3,,,,12.95,9.63,15.47,,,,4.68,2.53,6.97,,,,2.06,-0.14,4.45,,,,2.44,0.22,4.52,,,,,,,,,,
2021-06-24,17.5,14.89,20.28,,,,50.79,47.32,55.26,,,,7.87,5.54,10.31,,,,12.95,9.65,15.44,,,,4.65,2.51,6.95,,,,2.05,-0.16,4.42,,,,2.43,0.26,4.54,,,,21.0,61.0,4.0,10.0,2.0,,
2021-06-25,17.51,14.91,20.29,,,,50.83,47.37,55.28,,,,7.87,5.54,10.33,,,,12.95,9.68,15.4,,,,4.62,2.5,6.89,,,,2.05,-0.18,4.39,,,,2.43,0.27,4.56,,,,,,,,,,
2021-06-26,17.52,14.97,20.32,,,,50.86,47.42,55.29,,,,7.88,5.51,10.29,,,,12.95,9.67,15.38,,,,4.59,2.48,6.85,,,,2.05,-0.15,4.36,,,,2.43,0.27,4.58,,,,,,,,,,
2021-06-27,17.54,14.95,20.3,,,,50.89,47.47,55.28,,,,7.88,5.53,10.25,,,,12.94,9.66,15.42,,,,4.56,2.45,6.82,,,,2.05,-0.12,4.34,,,,2.43,0.27,4.62,,,,,,,,,,
2021-06-28,17.55,14.93,20.35,,,,50.92,47.53,55.27,,,,7.88,5.56,10.19,,,,12.94,9.67,15.49,,,,4.53,2.44,6.73,,,,2.04,-0.1,4.37,,,,2.43,0.27,4.67,,,,,,,,,,
2021-06-29,17.56,14.92,20.41,,,,50.95,47.59,55.25,,,,7.89,5.58,10.14,,,,12.93,9.67,15.55,,,,4.5,2.4,6.65,,,,2.04,-0.1,4.41,,,,2.43,0.21,4.67,,,,,,,,,,
2021-06-30,17.57,14.89,20.43,,,,50.99,47.61,55.24,,,,7.89,5.61,10.09,,,,12.92,9.67,15.6,,,,4.48,2.35,6.66,,,,2.04,-0.08,4.46,,,,2.43,0.15,4.66,,,,22.0,48.0,6.0,10.0,3.0,4.0,3.0
2021-07-01,17.58,14.88,20.44,,,,51.02,47.6,55.21,,,,7.89,5.63,10.04,,,,12.91,9.67,15.61,,,,4.45,2.3,6.61,,,,2.04,-0.11,4.48,,,,2.44,0.11,4.65,,,,,,,,,,
2021-07-02,17.6,14.87,20.4,,,,51.05,47.6,55.19,,,,7.89,5.65,10.11,,,,12.9,9.67,15.59,,,,4.42,2.26,6.54,,,,2.03,-0.13,4.48,,,,2.44,0.06,4.64,,,,,,,,,,
2021-07-03,17.61,14.87,20.44,,,,51.08,47.61,55.19,,,,7.9,5.66,10.18,,,,12.89,9.68,15.57,,,,4.4,2.21,6.48,,,,2.03,-0.15,4.49,,,,2.44,0.06,4.63,,,,,,,,,,
2021-07-04,17.62,14.88,20.49,,,,51.12,47.61,55.24,,,,7.9,5.62,10.26,,,,12.88,9.69,15.54,,,,4.37,2.16,6.42,,,,2.03,-0.16,4.49,,,,2.44,0.07,4.61,,,,,,,,,,
2021-07-05,17.63,14.85,20.53,,,,51.15,47.64,55.28,,,,7.9,5.64,10.31,,,,12.87,9.71,15.52,,,,4.35,2.12,6.41,,,,2.02,-0.18,4.49,,,,2.45,0.07,4.59,,,,,,,,,,
2021-07-06,17.64,14.86,20.56,,,,51.18,47.68,55.31,,,,7.9,5.65,10.38,,,,12.86,9.73,15.53,,,,4.33,2.08,6.42,,,,2.02,-0.2,4.49,,,,2.45,0.09,4.56,,,,,,,,,,
2021-07-07,17.65,14.92,20.59,,,,51.21,47.72,55.34,,,,7.9,5.67,10.36,,,,12.84,9.75,15.55,,,,4.3,2.03,6.4,,,,2.02,-0.22,4.49,,,,2.45,0.11,4.53,,,,,,,,,,
2021-07-08,17.65,14.95,20.62,,,,51.25,47.76,55.36,,,,7.9,5.69,10.35,,,,12.83,9.78,15.58,,,,4.28,1.99,6.35,,,,2.01,-0.25,4.47,,,,2.46,0.13,4.54,,,,15.0,46.0,12.0,15.0,6.0,2.0,1.0
2021-07-09,17.66,14.96,20.64,,,,51.28,47.78,55.38,,,,7.9,5.68,10.33,,,,12.81,9.81,15.6,,,,4.26,1.96,6.29,,,,2.01,-0.27,4.42,,,,2.46,0.14,4.56,,,,,,,,,,
2021-07-10,17.67,15.03,20.66,,,,51.31,47.72,55.41,,,,7.9,5.66,10.31,,,,12.8,9.79,15.63,,,,4.24,2.0,6.25,,,,2.01,-0.26,4.37,,,,2.47,0.16,4.55,,,,,,,,,,
2021-07-11,17.67,15.03,20.67,,,,51.35,47.71,55.46,,,,7.9,5.66,10.28,,,,12.79,9.78,15.65,,,,4.22,2.04,6.22,,,,2.0,-0.27,4.36,,,,2.47,0.18,4.54,,,,,,,,,,
2021-07-12,17.67,15.02,20.67,,,,51.38,47.75,55.49,,,,7.9,5.65,10.25,,,,12.77,9.81,15.62,,,,4.21,2.04,6.23,,,,2.0,-0.33,4.37,,,,2.48,0.19,4.56,,,,,,,,,,
2021-07-13,17.67,15.02,20.66,,,,51.42,47.72,55.53,,,,7.89,5.63,10.23,,,,12.76,9.84,15.58,,,,4.19,2.03,6.22,,,,2.0,-0.35,4.37,,,,2.48,0.22,4.58,,,,,,,,,,
2021-07-14,17.67,15.02,20.67,,,,51.45,47.72,55.58,,,,7.89,5.63,10.2,,,,12.74,9.89,15.54,,,,4.18,2.05,6.22,,,,2.0,-0.34,4.33,,,,2.49,0.26,4.58,,,,,,,,,,
2021-07-15,17.67,15.02,20.66,,,,51.49,47.8,55.62,,,,7.89,5.62,10.17,,,,12.72,9.9,15.5,,,,4.17,2.08,6.21,,,,1.99,-0.31,4.34,,,,2.49,0.29,4.54,,,,,,,,,,
2021-07-16,17.66,15.1,20.54,,,,51.52,47.89,55.66,,,,7.88,5.61,10.16,,,,12.71,9.93,15.45,,,,4.15,2.08,6.16,,,,1.99,-0.3,4.34,,,,2.5,0.31,4.5,,,,22.0,55.0,9.0,3.0,3.0,1.0,3.0
2021-07-17,17.66,15.11,20.52,,,,51.56,47.98,55.64,,,,7.88,5.61,10.16,,,,12.69,9.96,15.4,,,,4.14,2.07,6.12,,,,1.99,-0.31,4.39,,,,2.51,0.32,4.52,,,,,,,,,,
2021-07-18,17.65,15.16,20.55,,,,51.6,48.06,55.61,,,,7.87,5.61,10.17,,,,12.67,9.94,15.38,,,,4.13,2.06,6.07,,,,1.98,-0.35,4.44,,,,2.52,0.33,4.53,,,,,,,,,,
2021-07-19,17.64,15.24,20.58,,,,51.63,48.16,55.59,,,,7.87,5.59,10.17,,,,12.66,9.92,15.39,,,,4.13,2.05,6.08,,,,1.98,-0.4,4.46,,,,2.52,0.34,4.54,,,,,,,,,,
2021-07-20,17.63,15.26,20.56,,,,51.67,48.26,55.56,,,,7.86,5.56,10.14,,,,12.64,9.94,15.35,,,,4.12,2.04,6.12,,,,1.98,-0.45,4.47,,,,2.53,0.36,4.55,,,,,,,,,,
2021-07-21,17.62,15.27,20.54,,,,51.71,48.25,55.53,,,,7.85,5.54,10.1,,,,12.62,9.94,15.32,,,,4.11,2.03,6.16,,,,1.97,-0.44,4.48,,,,2.54,0.37,4.55,,,,9.0,77.0,2.0,8.0,2.0,1.0,1.0
2021-07-22,17.61,15.23,20.5,,,,51.74,48.24,55.49,,,,7.85,5.51,10.04,,,,12.6,9.89,15.31,,,,4.11,2.01,6.21,,,,1.97,-0.42,4.45,,,,2.55,0.34,4.57,,,,,,,,,,
2021-07-23,17.59,15.19,20.47,,,,51.78,48.22,55.46,,,,7.84,5.49,9.97,,,,12.59,9.92,15.3,,,,4.1,2.0,6.25,,,,1.97,-0.4,4.39,,,,2.55,0.31,4.57,,,,,,,,,,
2021-07-24,17.58,15.2,20.44,,,,51.81,48.21,55.42,,,,7.83,5.52,9.96,,,,12.57,9.9,15.29,,,,4.1,1.99,6.28,,,,1.96,-0.38,4.34,,,,2.56,0.35,4.58,,,,,,,,,,
2021-07-25,17.56,15.22,20.4,,,,51.85,48.22,55.38,,,,7.82,5.56,9.96,,,,12.55,9.89,15.3,,,,4.1,2.02,6.29,,,,1.96,-0.36,4.28,,,,2.57,0.4,4.58,,,,,,,,,,
2021-07-26,17.55,15.24,20.36,,,,51.89,48.29,55.34,,,,7.81,5.55,9.95,,,,12.54,9.87,15.35,,,,4.1,2.03,6.3,,,,1.96,-0.35,4.22,,,,2.58,0.37,4.58,,,,,,,,,,
2021-07-27,17.53,15.26,20.32,,,,51.92,48.33,55.31,,,,7.8,5.58,9.94,,,,12.52,9.87,15.42,,,,4.1,2.03,6.32,,,,1.95,-0.34,4.16,,,,2.59,0.35,4.6,,,,,,,,,,
2021-07-28,17.51,15.27,20.3,,,,51.95,48.37,55.27,,,,7.79,5.56,9.93,,,,12.5,9.86,15.44,,,,4.1,2.03,6.33,,,,1.95,-0.36,4.14,,,,2.59,0.36,4.65,,,,,,,,,,
2021-07-29,17.49,15.29,20.28,,,,51.99,48.43,55.27,,,,7.78,5.54,9.9,,,,12.49,9.85,15.43,,,,4.1,2.02,6.33,,,,1.95,-0.35,4.14,,,,2.6,0.38,4.69,,,,11.0,55.0,8.0,22.0,2.0,1.0,1.0
2021-07-30,17.46,15.31,20.26,,,,52.02,48.45,55.33,,,,7.78,5.52,9.88,,,,12.48,9.85,15.41,,,,4.11,1.98,6.34,,,,1.94,-0.31,4.15,,,,2.61,0.39,4.73,,,,,,,,,,
2021-07-31,17.44,15.28,20.24,,,,52.05,48.51,55.37,,,,7.77,5.5,9.89,,,,12.46,9.85,15.4,,,,4.11,1.96,6.35,,,,1.94,-0.29,4.16,,,,2.62,0.37,4.77,,,,,,,,,,
2021-08-01,17.42,15.25,20.23,,,,52.08,48.51,55.32,,,,7.76,5.49,9.92,,,,12.45,9.85,15.39,,,,4.11,1.96,6.37,,,,1.94,-0.34,4.2,,,,2.62,0.4,4.76,,,,,,,,,,
2021-08-02,17.39,15.22,20.22,,,,52.11,48.56,55.31,,,,7.75,5.48,9.92,,,,12.44,9.86,15.37,,,,4.12,1.96,6.41,,,,1.94,-0.37,4.23,,,,2.63,0.43,4.71,,,,,,,,,,
2021-08-03,17.36,15.24,20.23,,,,52.14,48.58,55.38,,,,7.75,5.48,9.93,,,,12.43,9.81,15.35,,,,4.13,1.94,6.46,,,,1.93,-0.42,4.26,,,,2.64,0.46,4.68,,,,,,,,,,
2021-08-04,17.34,15.25,20.23,,,,52.17,48.58,55.34,,,,7.74,5.47,9.93,,,,12.42,9.75,15.37,,,,4.13,1.93,6.5,,,,1.93,-0.46,4.26,,,,2.64,0.48,4.63,,,,,,,,,,
2021-08-05,17.31,15.26,20.23,,,,52.19,48.61,55.38,,,,7.73,5.49,9.93,,,,12.42,9.68,15.41,,,,4.14,1.92,6.54,,,,1.93,-0.42,4.28,,,,2.65,0.48,4.64,,,,,,,,,,
2021-08-06,17.28,15.18,20.23,,,,52.22,48.68,55.42,,,,7.73,5.52,9.94,,,,12.41,9.64,15.44,,,,4.15,1.91,6.56,,,,1.92,-0.37,4.31,,,,2.66,0.52,4.67,,,,18.0,54.0,7.0,11.0,5.0,1.0,1.0
2021-08-07,17.25,15.1,20.22,,,,52.24,48.67,55.45,,,,7.73,5.52,9.97,,,,12.41,9.62,15.47,,,,4.16,1.9,6.54,,,,1.92,-0.38,4.33,,,,2.66,0.51,4.7,,,,,,,,,,
2021-08-08,17.22,15.03,20.22,,,,52.26,48.61,55.54,,,,7.72,5.51,9.98,,,,12.41,9.55,15.49,,,,4.17,1.9,6.51,,,,1.92,-0.4,4.35,,,,2.67,0.51,4.73,,,,,,,,,,
2021-08-09,17.18,14.94,20.2,,,,52.28,48.63,55.64,,,,7.72,5.54,9.94,,,,12.41,9.55,15.5,,,,4.18,1.9,6.49,,,,1.92,-0.4,4.36,,,,2.68,0.51,4.75,,,,,,,,,,
2021-08-10,17.15,14.86,20.17,,,,52.3,48.68,55.57,,,,7.72,5.58,9.93,,,,12.41,9.53,15.5,,,,4.19,1.89,6.46,,,,1.91,-0.42,4.38,,,,2.68,0.51,4.78,,,,,,,,,,
2021-08-11,17.12,14.82,20.13,,,,52.31,48.73,55.56,,,,7.72,5.59,9.92,,,,12.41,9.49,15.51,,,,4.2,1.89,6.46,,,,1.91,-0.45,4.39,,,,2.69,0.5,4.8,,,,,,,,,,
2021-08-12,17.09,14.78,20.06,,,,52.32,48.77,55.59,,,,7.72,5.59,9.9,,,,12.42,9.54,15.52,,,,4.2,1.88,6.48,,,,1.91,-0.47,4.44,,,,2.69,0.5,4.83,,,,27.0,51.0,5.0,12.0,2.0,2.0,
2021-08-13,17.06,14.74,19.99,,,,52.33,48.73,55.6,,,,7.72,5.57,9.87,,,,12.42,9.52,15.52,,,,4.21,1.89,6.5,,,,1.91,-0.47,4.44,,,,2.7,0.49,4.85,,,,,,,,,,
2021-08-14,17.03,14.69,19.91,,,,52.34,48.72,55.61,,,,7.72,5.56,9.86,,,,12.43,9.51,15.52,,,,4.22,1.87,6.52,,,,1.91,-0.47,4.44,,,,2.71,0.49,4.87,,,,,,,,,,
2021-08-15,17.0,14.65,19.86,,,,52.35,48.75,55.62,,,,7.72,5.54,9.85,,,,12.44,9.51,15.5,,,,4.23,1.85,6.54,,,,1.91,-0.48,4.45,,,,2.71,0.49,4.9,,,,,,,,,,
2021-08-16,16.97,14.62,19.84,,,,52.36,48.78,55.62,,,,7.72,5.53,9.86,,,,12.45,9.51,15.52,,,,4.24,1.84,6.55,,,,1.9,-0.49,4.45,,,,2.72,0.49,4.92,,,,,,,,,,
2021-08-17,16.93,14.58,19.76,,,,52.36,48.82,55.63,,,,7.72,5.54,9.85,,,,12.46,9.51,15.52,,,,4.25,1.82,6.57,,,,1.9,-0.5,4.46,,,,2.73,0.49,4.94,,,,,,,,,,
2021-08-18,16.9,14.55,19.72,,,,52.36,48.89,55.58,,,,7.73,5.55,9.86,,,,12.47,9.52,15.52,,,,4.26,1.81,6.58,,,,1.9,-0.5,4.47,,,,2.74,0.49,4.98,,,,20.0,53.0,6.0,13.0,4.0,,3.0
2021-08-19,16.88,14.52,19.71,,,,52.37,48.95,55.56,,,,7.73,5.57,9.86,,,,12.48,9.54,15.52,,,,4.27,1.79,6.58,,,,1.9,-0.51,4.47,,,,2.74,0.5,5.07,,,,,,,,,,
2021-08-20,16.85,14.49,19.68,,,,52.37,48.99,55.58,,,,7.73,5.6,9.89,,,,12.5,9.55,15.52,,,,4.28,1.77,6.57,,,,1.9,-0.51,4.48,,,,2.75,0.52,5.12,,,,,,,,,,
2021-08-21,16.82,14.48,19.64,,,,52.36,49.05,55.59,,,,7.74,5.63,9.93,,,,12.51,9.57,15.52,,,,4.29,1.75,6.55,,,,1.9,-0.5,4.49,,,,2.76,0.55,5.08,,,,,,,,,,
2021-08-22,16.79,14.51,19.61,,,,52.36,49.1,55.61,,,,7.74,5.63,9.95,,,,12.53,9.58,15.52,,,,4.3,1.73,6.53,,,,1.9,-0.48,4.49,,,,2.77,0.58,5.06,,,,,,,,,,
2021-08-23,16.76,14.48,19.58,,,,52.35,49.14,55.61,,,,7.75,5.65,9.99,,,,12.54,9.51,15.52,,,,4.31,1.75,6.55,,,,1.9,-0.46,4.5,,,,2.78,0.61,5.08,,,,,,,,,,
2021-08-24,16.74,14.52,19.54,,,,52.35,49.19,55.6,,,,7.76,5.67,10.02,,,,12.56,9.52,15.52,,,,4.32,1.78,6.6,,,,1.9,-0.48,4.51,,,,2.79,0.64,5.15,,,,,,,,,,
2021-08-25,16.71,14.46,19.51,,,,52.34,49.23,55.63,,,,7.77,5.64,10.03,,,,12.58,9.57,15.52,,,,4.32,1.82,6.59,,,,1.9,-0.48,4.53,,,,2.8,0.66,5.16,,,,,,,,,,
2021-08-26,16.68,14.37,19.54,,,,52.32,49.26,55.63,,,,7.77,5.62,10.03,,,,12.6,9.6,15.52,,,,4.33,1.85,6.59,,,,1.9,-0.44,4.55,,,,2.81,0.66,5.23,,,,17.0,52.0,13.0,11.0,1.0,1.0,4.0
2021-08-27,16.66,14.34,19.48,,,,52.31,49.31,55.62,,,,7.78,5.61,10.07,,,,12.62,9.61,15.46,,,,4.34,1.89,6.59,,,,1.9,-0.47,4.58,,,,2.82,0.66,5.29,,,,,,,,,,
2021-08-28,16.63,14.3,19.39,,,,52.3,49.34,55.58,,,,7.79,5.63,10.09,,,,12.64,9.6,15.45,,,,4.35,1.93,6.63,,,,1.9,-0.51,4.59,,,,2.84,0.66,5.3,,,,,,,,,,
2021-08-29,16.61,14.28,19.36,,,,52.28,49.37,55.52,,,,7.8,5.6,10.08,,,,12.66,9.61,15.48,,,,4.36,1.97,6.66,,,,1.9,-0.51,4.58,,,,2.85,0.67,5.35,,,,,,,,,,
2021-08-30,16.59,14.25,19.32,,,,52.26,49.4,55.57,,,,7.81,5.64,10.11,,,,12.69,9.64,15.5,,,,4.36,1.94,6.65,,,,1.91,-0.52,4.61,,,,2.86,0.67,5.39,,,,,,,,,,
2021-08-31,16.56,14.19,19.28,,,,52.25,49.42,55.53,,,,7.82,5.67,10.17,,,,12.71,9.67,15.51,,,,4.37,1.92,6.64,,,,1.91,-0.52,4.65,,,,2.88,0.68,5.41,,,,,,,,,,
2021-09-01,16.54,14.14,19.24,,,,52.23,49.39,55.46,,,,7.83,5.66,10.23,,,,12.74,9.69,15.54,,,,4.37,1.94,6.62,,,,1.91,-0.51,4.68,,,,2.89,0.68,5.38,,,,,,,,,,
2021-09-02,16.52,14.09,19.2,,,,52.2,49.34,55.38,,,,7.84,5.65,10.29,,,,12.76,9.72,15.59,,,,4.38,1.95,6.61,,,,1.91,-0.5,4.67,,,,2.9,0.65,5.35,,,,,,,,,,
2021-09-03,16.5,14.1,19.16,,,,52.18,49.37,55.32,,,,7.86,5.64,10.32,,,,12.79,9.76,15.63,,,,4.39,1.92,6.6,,,,1.91,-0.51,4.64,,,,2.92,0.63,5.34,,,,14.0,48.0,10.0,9.0,3.0,3.0,4.0
2021-09-04,16.48,14.08,19.12,,,,52.16,49.42,55.28,,,,7.87,5.63,10.3,,,,12.82,9.81,15.65,,,,4.39,1.87,6.59,,,,1.91,-0.5,4.64,,,,2.93,0.66,5.38,,,,,,,,,,
2021-09-05,16.47,14.09,19.08,,,,52.13,49.45,55.22,,,,7.88,5.69,10.29,,,,12.84,9.87,15.66,,,,4.4,1.83,6.58,,,,1.92,-0.5,4.66,,,,2.95,0.69,5.39,,,,,,,,,,
2021-09-06,16.45,14.06,19.06,,,,52.1,49.42,55.17,,,,7.89,5.66,10.28,,,,12.87,9.89,15.69,,,,4.4,1.85,6.56,,,,1.92,-0.5,4.67,,,,2.97,0.72,5.38,,,,,,,,,,
2021-09-07,16.43,14.04,19.04,,,,52.07,49.4,55.13,,,,7.9,5.63,10.29,,,,12.9,9.94,15.74,,,,4.41,1.86,6.54,,,,1.92,-0.49,4.69,,,,2.98,0.75,5.38,,,,,,,,,,
2021-09-08,16.42,14.02,19.02,,,,52.04,49.38,55.1,,,,7.91,5.6,10.34,,,,12.93,9.95,15.77,,,,4.41,1.88,6.52,,,,1.92,-0.48,4.7,,,,3.0,0.77,5.42,,,,,,,,,,
2021-09-09,16.41,14.0,19.01,,,,52.01,49.39,55.02,,,,7.92,5.58,10.38,,,,12.96,9.96,15.81,,,,4.42,1.86,6.52,,,,1.92,-0.47,4.71,,,,3.02,0.79,5.49,,,,9.0,50.0,11.0,13.0,8.0,2.0,5.0
2021-09-10,16.4,13.98,18.99,,,,51.98,49.36,54.97,,,,7.93,5.57,10.44,,,,12.99,10.02,15.84,,,,4.43,1.79,6.55,,,,1.93,-0.45,4.72,,,,3.04,0.81,5.55,,,,,,,,,,
2021-09-11,16.39,13.96,18.98,,,,51.95,49.32,54.9,,,,7.94,5.55,10.47,,,,13.02,10.09,15.85,,,,4.43,1.8,6.58,,,,1.93,-0.45,4.68,,,,3.05,0.85,5.57,,,,,,,,,,
2021-09-12,16.38,13.96,18.97,,,,51.92,49.28,54.83,,,,7.95,5.55,10.53,,,,13.05,10.08,15.86,,,,4.44,1.82,6.63,,,,1.93,-0.44,4.65,,,,3.07,0.88,5.59,,,,,,,,,,
2021-09-13,16.37,13.96,18.95,,,,51.88,49.25,54.76,,,,7.95,5.55,10.59,,,,13.08,10.15,15.86,,,,4.45,1.83,6.66,,,,1.94,-0.41,4.61,,,,3.09,0.88,5.6,,,,,,,,,,
2021-09-14,16.36,13.92,18.94,,,,51.85,49.21,54.75,,,,7.96,5.57,10.59,,,,13.1,10.19,15.87,,,,4.45,1.87,6.7,,,,1.94,-0.43,4.57,,,,3.11,0.9,5.62,,,,,,,,,,
2021-09-15,16.35,13.92,18.89,,,,51.81,49.17,54.74,,,,7.96,5.58,10.58,,,,13.13,10.18,15.89,,,,4.46,1.89,6.69,,,,1.95,-0.44,4.54,,,,3.13,0.92,5.61,,,,,,,,,,
2021-09-16,16.34,13.92,18.82,,,,51.78,49.13,54.73,,,,7.97,5.6,10.57,,,,13.16,10.21,15.9,,,,4.47,1.92,6.67,,,,1.95,-0.44,4.51,,,,3.15,0.96,5.6,,,,23.0,55.0,4.0,3.0,11.0,2.0,1.0
2021-09-17,16.34,13.93,18.77,,,,51.74,49.09,54.72,,,,7.97,5.61,10.55,,,,13.19,10.26,15.91,,,,4.47,1.95,6.65,,,,1.96,-0.44,4.47,,,,3.17,0.99,5.58,,,,,,,,,,
2021-09-18,16.33,13.93,18.75,,,,51.7,49.07,54.73,,,,7.98,5.6,10.54,,,,13.21,10.29,15.92,,,,4.48,1.98,6.66,,,,1.97,-0.44,4.46,,,,3.2,1.03,5.6,,,,,,,,,,
2021-09-19,16.32,13.94,18.74,,,,51.67,49.05,54.8,,,,7.98,5.6,10.52,,,,13.24,10.28,15.93,,,,4.49,1.99,6.63,,,,1.97,-0.43,4.54,,,,3.22,1.06,5.66,,,,,,,,,,
2021-09-20,16.32,13.93,18.73,,,,51.63,49.03,54.85,,,,7.98,5.61,10.5,,,,13.27,10.27,15.93,,,,4.5,1.98,6.61,,,,1.98,-0.4,4.63,,,,3.24,1.09,5.68,,,,,,,,,,
2021-09-21,16.31,13.91,18.7,,,,51.6,49.01,54.86,,,,7.98,5.6,10.49,,,,13.29,10.26,15.93,,,,4.51,1.96,6.58,,,,1.99,-0.35,4.71,,,,3.27,1.1,5.69,,,,,,,,,,
2021-09-22,16.3,13.88,18.7,,,,51.56,48.91,54.87,,,,7.98,5.59,10.48,,,,13.31,10.24,15.95,,,,4.52,1.95,6.58,,,,2.0,-0.36,4.76,,,,3.29,1.11,5.69,,,,,,,,,,
2021-09-23,16.29,13.86,18.68,,,,51.52,48.87,54.86,,,,7.98,5.6,10.47,,,,13.34,10.28,16.04,,,,4.53,1.93,6.61,,,,2.01,-0.32,4.74,,,,3.31,1.12,5.7,,,,12.0,37.0,12.0,27.0,5.0,1.0,3.0
2021-09-24,16.28,13.83,18.68,,,,51.49,48.82,54.85,,,,7.98,5.6,10.47,,,,13.36,10.33,16.11,,,,4.54,1.92,6.63,,,,2.02,-0.3,4.72,,,,3.34,1.13,5.71,,,,,,,,,,
2021-09-25,16.27,13.8,18.66,,,,51.45,48.79,54.84,,,,7.98,5.61,10.49,,,,13.38,10.34,16.16,,,,4.55,1.9,6.66,,,,2.03,-0.3,4.68,,,,3.37,1.14,5.73,,,,,,,,,,
2021-09-26,16.26,13.77,18.64,,,,51.41,48.76,54.81,,,,7.98,5.61,10.46,,,,13.4,10.35,16.2,,,,4.57,1.89,6.68,,,,2.04,-0.29,4.62,,,,3.39,1.16,5.76,,,,,,,,,,
2021-09-27,16.25,13.75,18.63,,,,51.38,48.74,54.79,,,,7.97,5.59,10.44,,,,13.42,10.36,16.22,,,,4.58,1.9,6.7,,,,2.05,-0.3,4.56,,,,3.42,1.18,5.84,,,,,,,,,,
2021-09-28,16.23,13.71,18.62,,,,51.34,48.73,54.77,,,,7.97,5.58,10.47,,,,13.44,10.37,16.23,,,,4.59,1.94,6.73,,,,2.07,-0.3,4.53,,,,3.45,1.21,5.86,,,,,,,,,,
2021-09-29,16.22,13.69,18.6,,,,51.31,48.68,54.74,,,,7.97,5.54,10.53,,,,13.46,10.38,16.24,,,,4.61,1.99,6.76,,,,2.08,-0.31,4.57,,,,3.48,1.2,5.87,,,,13.0,52.0,4.0,17.0,6.0,5.0,2.0
2021-09-30,16.2,13.66,18.59,,,,51.28,48.55,54.7,,,,7.96,5.53,10.5,,,,13.48,10.4,16.24,,,,4.62,2.03,6.81,,,,2.09,-0.31,4.58,,,,3.51,1.19,5.88,,,,,,,,,,
2021-10-01,16.18,13.63,18.56,,,,51.24,48.52,54.66,,,,7.96,5.53,10.44,,,,13.49,10.41,16.28,,,,4.64,2.04,6.87,,,,2.1,-0.32,4.56,,,,3.53,1.22,5.89,,,,,,,,,,
2021-10-02,16.16,13.6,18.54,,,,51.21,48.54,54.62,,,,7.96,5.48,10.46,,,,13.51,10.42,16.34,,,,4.65,2.07,6.87,,,,2.12,-0.32,4.61,,,,3.56,1.28,5.91,,,,,,,,,,
2021-10-03,16.14,13.57,18.52,,,,51.18,48.51,54.61,,,,7.95,5.48,10.49,,,,13.52,10.43,16.4,,,,4.67,2.08,6.88,,,,2.13,-0.32,4.67,,,,3.59,1.35,5.93,,,,,,,,,,
2021-10-04,16.12,13.54,18.5,,,,51.15,48.48,54.58,,,,7.95,5.49,10.53,,,,13.54,10.47,16.45,,,,4.68,2.06,6.92,,,,2.14,-0.28,4.74,,,,3.63,1.38,5.95,,,,,,,,,,
2021-10-05,16.1,13.52,18.48,,,,51.13,48.47,54.53,,,,7.94,5.5,10.54,,,,13.55,10.48,16.5,,,,4.69,2.07,6.96,,,,2.15,-0.28,4.78,,,,3.66,1.41,5.97,,,,,,,,,,
2021-10-06,16.08,13.52,18.46,,,,51.1,48.4,54.49,,,,7.94,5.49,10.57,,,,13.56,10.52,16.53,,,,4.71,2.07,7.02,,,,2.16,-0.28,4.75,,,,3.69,1.44,5.99,,,,18.0,47.0,5.0,12.0,6.0,1.0,8.0
2021-10-07,16.06,13.56,18.43,,,,51.08,48.3,54.46,,,,7.93,5.49,10.59,,,,13.57,10.57,16.53,,,,4.72,2.07,7.0,,,,2.18,-0.23,4.71,,,,3.72,1.47,6.02,,,,,,,,,,
2021-10-08,16.03,13.6,18.4,,,,51.06,48.21,54.42,,,,7.92,5.48,10.61,,,,13.58,10.61,16.54,,,,4.74,2.08,7.03,,,,2.19,-0.16,4.67,,,,3.75,1.5,6.05,,,,,,,,,,
2021-10-09,16.01,13.55,18.41,,,,51.04,48.11,54.38,,,,7.92,5.47,10.62,,,,13.59,10.65,16.59,,,,4.75,2.04,7.05,,,,2.2,-0.12,4.62,,,,3.78,1.56,6.07,,,,,,,,,,
2021-10-10,15.99,13.5,18.4,,,,51.03,48.01,54.35,,,,7.91,5.45,10.64,,,,13.6,10.69,16.59,,,,4.77,2.0,7.08,,,,2.21,-0.17,4.63,,,,3.81,1.61,6.12,,,,,,,,,,
2021-10-11,15.96,13.45,18.37,,,,51.01,47.94,54.31,,,,7.9,5.41,10.65,,,,13.61,10.72,16.58,,,,4.78,2.04,7.11,,,,2.22,-0.21,4.65,,,,3.84,1.63,6.2,,,,,,,,,,
2021-10-12,15.93,13.41,18.34,,,,51.0,47.9,54.28,,,,7.89,5.33,10.65,,,,13.61,10.75,16.55,,,,4.79,2.09,7.13,,,,2.23,-0.25,4.68,,,,3.87,1.67,6.29,,,,,,,,,,
2021-10-13,15.91,13.35,18.34,,,,50.99,47.9,54.25,,,,7.88,5.26,10.63,,,,13.62,10.72,16.54,,,,4.8,2.1,7.16,,,,2.24,-0.29,4.7,,,,3.9,1.71,6.34,,,,21.0,53.0,7.0,12.0,1.0,3.0,
2021-10-14,15.88,13.33,18.32,,,,50.98,47.83,54.24,,,,7.87,5.27,10.6,,,,13.63,10.65,16.52,,,,4.82,2.11,7.18,,,,2.25,-0.33,4.72,,,,3.93,1.75,6.42,,,,,,,,,,
2021-10-15,15.85,13.28,18.3,,,,50.98,47.78,54.23,,,,7.87,5.3,10.59,,,,13.63,10.66,16.49,,,,4.83,2.11,7.2,,,,2.26,-0.32,4.75,,,,3.96,1.79,6.43,,,,,,,,,,
2021-10-16,15.82,13.2,18.26,,,,50.98,47.73,54.23,,,,7.86,5.28,10.58,,,,13.64,10.68,16.47,,,,4.84,2.11,7.23,,,,2.27,-0.29,4.75,,,,3.99,1.8,6.42,,,,,,,,,,
2021-10-17,15.8,13.18,18.2,,,,50.97,47.72,54.22,,,,7.85,5.25,10.6,,,,13.64,10.72,16.45,,,,4.85,2.12,7.25,,,,2.28,-0.27,4.78,,,,4.02,1.83,6.43,,,,,,,,,,
2021-10-18,15.77,13.15,18.15,,,,50.97,47.72,54.22,,,,7.84,5.25,10.61,,,,13.65,10.81,16.44,,,,4.86,2.12,7.22,,,,2.29,-0.25,4.81,,,,4.05,1.85,6.47,,,,,,,,,,
2021-10-19,15.74,13.13,18.11,,,,50.98,47.73,54.2,,,,7.83,5.27,10.62,,,,13.65,10.84,16.45,,,,4.87,2.12,7.21,,,,2.3,-0.22,4.83,,,,4.08,1.87,6.57,,,,,,,,,,
2021-10-20,15.71,13.11,18.09,,,,50.98,47.74,54.2,,,,7.82,5.28,10.63,,,,13.66,10.83,16.45,,,,4.88,2.13,7.22,,,,2.3,-0.22,4.86,,,,4.11,1.89,6.59,,,,,,,,,,
2021-10-21,15.68,13.09,18.06,,,,50.98,47.75,54.19,,,,7.81,5.3,10.63,,,,13.66,10.82,16.45,,,,4.89,2.13,7.26,,,,2.31,-0.19,4.88,,,,4.14,1.91,6.58,,,,11.0,51.0,17.0,13.0,7.0,,1.0
2021-10-22,15.65,13.08,18.03,,,,50.99,47.76,54.2,,,,7.8,5.32,10.64,,,,13.66,10.82,16.45,,,,4.9,2.15,7.3,,,,2.32,-0.15,4.9,,,,4.17,1.95,6.65,,,,,,,,,,
2021-10-23,15.62,13.06,18.0,,,,51.0,47.78,54.18,,,,7.78,5.31,10.64,,,,13.66,10.83,16.44,,,,4.9,2.16,7.34,,,,2.33,-0.13,4.91,,,,4.2,1.96,6.73,,,,,,,,,,
2021-10-24,15.59,13.05,17.97,,,,51.01,47.79,54.19,,,,7.77,5.3,10.64,,,,13.67,10.8,16.41,,,,4.91,2.19,7.34,,,,2.34,-0.11,4.93,,,,4.22,2.03,6.81,,,,,,,,,,
2021-10-25,15.56,13.04,17.94,,,,51.03,47.81,54.19,,,,7.76,5.29,10.64,,,,13.67,10.82,16.38,,,,4.92,2.24,7.33,,,,2.35,-0.11,4.94,,,,4.25,2.07,6.88,,,,,,,,,,
2021-10-26,15.54,13.03,17.91,,,,51.04,47.83,54.19,,,,7.75,5.29,10.63,,,,13.66,10.83,16.35,,,,4.92,2.3,7.32,,,,2.35,-0.11,4.95,,,,4.27,2.12,6.93,,,,,,,,,,
2021-10-27,15.51,13.02,17.88,,,,51.06,47.85,54.19,,,,7.73,5.28,10.62,,,,13.66,10.83,16.27,,,,4.93,2.35,7.3,,,,2.36,-0.11,4.95,,,,4.3,2.15,6.93,,,,,,,,,,
2021-10-28,15.48,13.01,17.86,,,,51.08,47.86,54.2,,,,7.72,5.26,10.61,,,,13.66,10.84,16.26,,,,4.93,2.4,7.28,,,,2.37,-0.1,4.96,,,,4.32,2.12,6.94,,,,18.0,50.0,5.0,21.0,3.0,2.0,1.0
2021-10-29,15.45,13.0,17.87,,,,51.1,47.86,54.2,,,,7.71,5.27,10.59,,,,13.66,10.86,16.19,,,,4.94,2.44,7.27,,,,2.38,-0.09,4.96,,,,4.34,2.15,6.93,,,,,,,,,,
2021-10-30,15.43,12.99,17.89,,,,51.13,47.86,54.24,,,,7.69,5.26,10.57,,,,13.65,10.88,16.19,,,,4.94,2.47,7.26,,,,2.39,-0.08,4.96,,,,4.37,2.19,6.92,,,,,,,,,,
2021-10-31,15.4,12.93,17.9,,,,51.15,47.91,54.21,,,,7.67,5.25,10.55,,,,13.65,10.89,16.15,,,,4.95,2.48,7.25,,,,2.4,-0.08,4.96,,,,4.39,2.22,6.9,,,,,,,,,,
2021-11-01,15.38,12.91,17.91,,,,51.18,47.89,54.22,,,,7.66,5.25,10.52,,,,13.64,10.91,16.09,,,,4.95,2.49,7.25,,,,2.41,-0.03,4.97,,,,4.41,2.26,6.88,,,,,,,,,,
2021-11-02,15.36,12.91,17.87,,,,51.21,47.88,54.26,,,,7.64,5.26,10.49,,,,13.63,10.92,16.03,,,,4.95,2.52,7.26,,,,2.42,0.02,4.95,,,,4.43,2.3,6.86,,,,,,,,,,
2021-11-03,15.33,12.91,17.84,,,,51.25,47.9,54.29,,,,7.63,5.24,10.45,,,,13.62,10.93,15.98,,,,4.96,2.53,7.26,,,,2.42,0.06,4.94,,,,4.45,2.33,6.84,,,,,,,,,,
2021-11-04,15.31,12.87,17.8,,,,51.28,47.91,54.31,,,,7.61,5.23,10.4,,,,13.62,10.94,15.91,,,,4.96,2.52,7.28,,,,2.43,0.11,4.93,,,,4.47,2.36,6.81,,,,11.0,68.0,4.0,7.0,3.0,1.0,7.0
2021-11-05,15.28,12.83,17.77,,,,51.32,47.94,54.32,,,,7.59,5.18,10.36,,,,13.61,10.97,15.89,,,,4.96,2.57,7.29,,,,2.44,0.16,4.94,,,,4.49,2.4,6.78,,,,,,,,,,
2021-11-06,15.26,12.79,17.76,,,,51.36,47.95,54.32,,,,7.57,5.15,10.31,,,,13.59,10.98,15.87,,,,4.96,2.63,7.27,,,,2.45,0.22,4.91,,,,4.5,2.44,6.8,,,,,,,,,,
2021-11-07,15.24,12.76,17.79,,,,51.4,47.98,54.35,,,,7.56,5.13,10.22,,,,13.58,10.99,15.86,,,,4.96,2.69,7.27,,,,2.46,0.27,4.92,,,,4.52,2.48,6.83,,,,,,,,,,
2021-11-08,15.21,12.71,17.78,,,,51.44,48.02,54.38,,,,7.54,5.1,10.16,,,,13.57,11.0,15.89,,,,4.96,2.75,7.26,,,,2.47,0.3,4.93,,,,4.54,2.5,6.85,,,,,,,,,,
2021-11-09,15.19,12.66,17.76,,,,51.48,48.08,54.43,,,,7.52,5.08,10.15,,,,13.55,11.0,15.91,,,,4.96,2.8,7.26,,,,2.48,0.32,4.95,,,,4.56,2.52,6.87,,,,,,,,,,
2021-11-10,15.17,12.66,17.78,,,,51.53,48.18,54.51,,,,7.5,5.04,10.12,,,,13.54,10.95,15.92,,,,4.96,2.8,7.24,,,,2.49,0.31,4.96,,,,4.57,2.54,6.91,,,,,,,,,,
2021-11-11,15.14,12.63,17.7,,,,51.58,48.26,54.59,,,,7.48,5.02,10.08,,,,13.52,10.89,15.88,,,,4.96,2.81,7.23,,,,2.49,0.3,4.97,,,,4.59,2.57,6.94,,,,19.0,52.0,13.0,12.0,2.0,,
2021-11-12,15.12,12.6,17.66,,,,51.63,48.3,54.63,,,,7.47,5.0,10.02,,,,13.51,10.86,15.85,,,,4.96,2.81,7.23,,,,2.5,0.29,4.98,,,,4.61,2.58,6.99,,,,,,,,,,
2021-11-13,15.09,12.57,17.62,,,,51.68,48.33,54.67,,,,7.45,4.97,9.99,,,,13.49,10.85,15.81,,,,4.96,2.84,7.21,,,,2.51,0.28,5.0,,,,4.62,2.62,7.03,,,,,,,,,,
2021-11-14,15.06,12.54,17.58,,,,51.73,48.37,54.72,,,,7.43,4.96,9.97,,,,13.47,10.85,15.77,,,,4.95,2.85,7.19,,,,2.52,0.28,5.04,,,,4.64,2.63,7.07,,,,,,,,,,
2021-11-15,15.04,12.54,17.54,,,,51.78,48.41,54.76,,,,7.41,4.94,9.98,,,,13.45,10.82,15.72,,,,4.95,2.86,7.18,,,,2.52,0.31,5.11,,,,4.65,2.7,7.13,,,,,,,,,,
2021-11-16,15.01,12.55,17.49,,,,51.84,48.45,54.8,,,,7.4,4.96,9.97,,,,13.43,10.8,15.7,,,,4.95,2.87,7.13,,,,2.53,0.33,5.09,,,,4.67,2.72,7.2,,,,,,,,,,
2021-11-17,14.98,12.56,17.45,,,,51.89,48.56,54.82,,,,7.38,4.98,9.96,,,,13.41,10.78,15.71,,,,4.95,2.88,7.15,,,,2.54,0.32,5.08,,,,4.69,2.71,7.18,,,,,,,,,,
2021-11-18,14.95,12.57,17.4,,,,51.94,48.58,54.87,,,,7.36,4.93,9.95,,,,13.39,10.76,15.74,,,,4.94,2.89,7.14,,,,2.55,0.31,5.06,,,,4.7,2.72,7.15,,,,16.0,45.0,8.0,20.0,4.0,,5.0
2021-11-19,14.93,12.58,17.35,,,,52.0,48.61,54.91,,,,7.35,4.88,9.91,,,,13.36,10.75,15.67,,,,4.94,2.9,7.14,,,,2.55,0.3,5.04,,,,4.72,2.75,7.13,,,,,,,,,,
2021-11-20,14.9,12.56,17.3,,,,52.05,48.64,54.94,,,,7.33,4.84,9.84,,,,13.34,10.73,15.61,,,,4.94,2.91,7.14,,,,2.56,0.34,5.01,,,,4.74,2.78,7.17,,,,,,,,,,
2021-11-21,14.87,12.53,17.25,,,,52.11,48.65,54.95,,,,7.32,4.81,9.78,,,,13.32,10.7,15.63,,,,4.94,2.93,7.13,,,,2.56,0.37,5.01,,,,4.75,2.78,7.21,,,,,,,,,,
2021-11-22,14.84,12.48,17.2,,,,52.16,48.7,54.98,,,,7.3,4.79,9.7,,,,13.29,10.63,15.64,,,,4.94,2.94,7.15,,,,2.57,0.4,5.0,,,,4.77,2.77,7.25,,,,,,,,,,
2021-11-23,14.81,12.41,17.2,,,,52.22,48.76,55.0,,,,7.29,4.77,9.63,,,,13.27,10.66,15.65,,,,4.93,2.96,7.15,,,,2.57,0.43,4.99,,,,4.79,2.76,7.28,,,,,,,,,,
2021-11-24,14.78,12.42,17.12,,,,52.27,48.81,55.06,,,,7.27,4.81,9.56,,,,13.24,10.7,15.66,,,,4.93,3.0,7.15,,,,2.58,0.41,5.03,,,,4.8,2.75,7.32,,,,,,,,,,
2021-11-25,14.74,12.42,17.04,,,,52.32,48.87,55.13,,,,7.26,4.8,9.5,,,,13.22,10.69,15.66,,,,4.93,3.04,7.16,,,,2.58,0.4,4.99,,,,4.82,2.75,7.35,,,,18.0,53.0,4.0,14.0,6.0,1.0,3.0
2021-11-26,14.71,12.37,16.96,,,,52.38,48.93,55.15,,,,7.24,4.76,9.52,,,,13.19,10.7,15.65,,,,4.93,3.05,7.16,,,,2.59,0.42,4.93,,,,4.83,2.76,7.38,,,,,,,,,,
2021-11-27,14.68,12.29,16.93,,,,52.43,48.99,55.18,,,,7.22,4.76,9.53,,,,13.17,10.72,15.54,,,,4.93,3.08,7.15,,,,2.59,0.4,4.93,,,,4.85,2.78,7.44,,,,,,,,,,
2021-11-28,14.65,12.25,16.89,,,,52.48,49.09,55.21,,,,7.21,4.78,9.54,,,,13.14,10.73,15.54,,,,4.93,3.12,7.14,,,,2.6,0.38,4.95,,,,4.87,2.8,7.48,,,,,,,,,,
2021-11-29,14.62,12.24,16.92,,,,52.53,49.22,55.22,,,,7.19,4.72,9.52,,,,13.12,10.75,15.46,,,,4.93,3.11,7.13,,,,2.6,0.36,4.97,,,,4.88,2.81,7.53,,,,,,,,,,
2021-11-30,14.59,12.24,16.92,,,,52.58,49.3,55.28,,,,7.18,4.66,9.51,,,,13.09,10.76,15.49,,,,4.93,3.11,7.12,,,,2.6,0.37,4.98,,,,4.9,2.83,7.53,,,,,,,,,,
2021-12-01,14.56,12.24,16.9,,,,52.63,49.35,55.31,,,,7.16,4.62,9.49,,,,13.06,10.77,15.49,,,,4.93,3.08,7.11,,,,2.61,0.4,5.0,,,,4.91,2.86,7.59,,,,,,,,,,
2021-12-02,14.53,12.24,16.85,,,,52.68,49.38,55.37,,,,7.15,4.6,9.48,,,,13.04,10.76,15.42,,,,4.94,3.08,7.1,,,,2.61,0.44,5.02,,,,4.93,2.81,7.65,,,,22.0,43.0,3.0,18.0,5.0,5.0,5.0
2021-12-03,14.5,12.24,16.83,,,,52.72,49.39,55.45,,,,7.13,4.59,9.45,,,,13.01,10.79,15.44,,,,4.94,3.06,7.11,,,,2.61,0.47,5.01,,,,4.94,2.76,7.69,,,,,,,,,,
2021-12-04,14.47,12.24,16.84,,,,52.77,49.42,55.48,,,,7.12,4.58,9.4,,,,12.99,10.8,15.45,,,,4.94,3.0,7.14,,,,2.62,0.48,4.98,,,,4.96,2.7,7.69,,,,,,,,,,
2021-12-05,14.44,12.24,16.85,,,,52.81,49.5,55.53,,,,7.1,4.57,9.38,,,,12.96,10.78,15.42,,,,4.94,2.98,7.17,,,,2.62,0.47,4.96,,,,4.97,2.7,7.66,,,,,,,,,,
2021-12-06,14.41,12.25,16.86,,,,52.85,49.55,55.59,,,,7.08,4.58,9.37,,,,12.94,10.76,15.42,,,,4.95,3.0,7.2,,,,2.62,0.46,4.93,,,,4.98,2.7,7.64,,,,,,,,,,
2021-12-07,14.39,12.25,16.83,,,,52.89,49.57,55.63,,,,7.07,4.56,9.36,,,,12.91,10.73,15.42,,,,4.95,3.04,7.24,,,,2.63,0.45,4.9,,,,5.0,2.7,7.61,,,,,,,,,,
2021-12-08,14.36,12.24,16.8,,,,52.93,49.67,55.67,,,,7.05,4.55,9.31,,,,12.89,10.71,15.42,,,,4.95,3.06,7.28,,,,2.63,0.44,4.9,,,,5.01,2.69,7.57,,,,,,,,,,
2021-12-09,14.34,12.24,16.78,,,,52.96,49.71,55.7,,,,7.04,4.52,9.27,,,,12.87,10.69,15.42,,,,4.96,3.02,7.31,,,,2.63,0.42,4.91,,,,5.02,2.72,7.54,,,,4.0,63.0,7.0,12.0,6.0,2.0,6.0
2021-12-10,14.31,12.24,16.75,,,,53.0,49.74,55.73,,,,7.02,4.5,9.23,,,,12.84,10.67,15.42,,,,4.96,2.98,7.35,,,,2.63,0.4,4.91,,,,5.03,2.76,7.51,,,,16.0,50.0,7.0,10.0,5.0,5.0,5.0
2021-12-11,14.29,12.23,16.75,,,,53.03,49.78,55.78,,,,7.0,4.53,9.18,,,,12.82,10.66,15.38,,,,4.97,2.98,7.38,,,,2.63,0.38,4.91,,,,5.04,2.77,7.5,,,,,,,,,,
2021-12-12,14.27,12.2,16.75,,,,53.07,49.81,55.8,,,,6.99,4.55,9.14,,,,12.8,10.66,15.33,,,,4.97,2.99,7.41,,,,2.64,0.36,4.92,,,,5.05,2.73,7.49,,,,,,,,,,
2021-12-13,14.25,12.15,16.7,,,,53.1,49.83,55.83,,,,6.97,4.58,9.09,,,,12.77,10.64,15.34,,,,4.98,2.99,7.44,,,,2.64,0.35,4.93,,,,5.06,2.72,7.47,,,,,,,,,,
2021-12-14,14.23,12.1,16.66,,,,53.13,49.85,55.86,,,,6.96,4.61,9.03,,,,12.75,10.61,15.35,,,,4.98,3.0,7.47,,,,2.64,0.34,4.93,,,,5.07,2.75,7.48,,,,,,,,,,
2021-12-15,14.21,12.06,16.65,,,,53.15,49.87,55.86,,,,6.94,4.62,8.98,,,,12.73,10.59,15.37,,,,4.99,3.0,7.49,,,,2.64,0.35,4.94,,,,5.08,2.79,7.52,,,,13.0,49.0,9.0,7.0,9.0,2.0,9.0
2021-12-16,14.19,12.06,16.64,,,,53.18,49.92,55.9,,,,6.93,4.59,8.97,,,,12.71,10.58,15.33,,,,4.99,3.03,7.49,,,,2.64,0.36,4.95,,,,5.08,2.81,7.56,,,,,,,,,,
2021-12-17,14.17,12.05,16.63,,,,53.2,49.99,55.94,,,,6.91,4.56,8.89,,,,12.69,10.56,15.3,,,,4.99,3.07,7.48,,,,2.65,0.37,4.96,,,,5.09,2.84,7.59,,,,,,,,,,
2021-12-18,14.15,12.05,16.63,,,,53.23,50.05,55.96,,,,6.9,4.53,8.89,,,,12.67,10.54,15.3,,,,5.0,3.1,7.48,,,,2.65,0.38,4.97,,,,5.1,2.87,7.61,,,,,,,,,,
2021-12-19,14.14,12.05,16.62,,,,53.25,50.1,55.99,,,,6.88,4.5,8.89,,,,12.65,10.53,15.34,,,,5.0,3.13,7.44,,,,2.65,0.4,4.97,,,,5.1,2.89,7.64,,,,,,,,,,
2021-12-20,14.12,12.06,16.61,,,,53.27,50.16,56.01,,,,6.87,4.48,8.89,,,,12.64,10.5,15.39,,,,5.0,3.17,7.41,,,,2.65,0.4,4.97,,,,5.11,2.92,7.65,,,,15.0,47.0,10.0,15.0,3.0,1.0,7.0
2021-12-21,14.1,12.05,16.61,,,,53.29,50.18,56.02,,,,6.85,4.46,8.84,,,,12.62,10.47,15.35,,,,5.01,3.2,7.39,,,,2.65,0.41,4.95,,,,5.11,2.91,7.63,,,,,,,,,,
2021-12-22,14.09,12.06,16.6,,,,53.31,50.17,56.04,,,,6.84,4.43,8.86,,,,12.6,10.44,15.33,,,,5.01,3.24,7.41,,,,2.65,0.41,4.94,,,,5.11,2.88,7.6,,,,,,,,,,
2021-12-23,14.08,12.07,16.58,,,,53.33,50.17,56.06,,,,6.83,4.43,8.88,,,,12.59,10.41,15.29,,,,5.01,3.27,7.4,,,,2.65,0.43,4.95,,,,5.12,2.85,7.57,,,,,,,,,,
2021-12-24,14.06,12.07,16.58,,,,53.35,50.2,56.08,,,,6.81,4.44,8.89,,,,12.57,10.4,15.29,,,,5.01,3.25,7.38,,,,2.66,0.45,4.95,,,,5.12,2.81,7.54,,,,,,,,,,
2021-12-25,14.05,12.03,16.57,,,,53.37,50.21,56.11,,,,6.8,4.4,8.89,,,,12.56,10.43,15.32,,,,5.02,3.18,7.41,,,,2.66,0.47,4.95,,,,5.12,2.78,7.5,,,,,,,,,,
2021-12-26,14.04,11.99,16.53,,,,53.38,50.22,56.13,,,,6.79,4.36,8.88,,,,12.54,10.44,15.34,,,,5.02,3.12,7.39,,,,2.66,0.47,4.95,,,,5.12,2.8,7.47,,,,,,,,,,
2021-12-27,14.03,11.95,16.53,,,,53.4,50.27,56.15,,,,6.77,4.34,8.85,,,,12.53,10.4,15.31,,,,5.02,3.07,7.38,,,,2.66,0.49,4.94,,,,5.12,2.79,7.44,,,,,,,,,,
2021-12-28,14.01,11.93,16.52,,,,53.42,50.33,56.17,,,,6.76,4.35,8.85,,,,12.52,10.36,15.31,,,,5.02,3.06,7.36,,,,2.66,0.5,4.94,,,,5.12,2.83,7.42,,,,,,,,,,
2021-12-29,14.0,11.9,16.52,,,,53.44,50.39,56.18,,,,6.75,4.31,8.87,,,,12.5,10.33,15.26,,,,5.02,3.14,7.34,,,,2.67,0.48,4.93,,,,5.11,2.84,7.4,,,,,,,,,,
2021-12-30,13.99,11.88,16.51,,,,53.45,50.45,56.2,,,,6.73,4.33,8.88,,,,12.49,10.31,15.22,,,,5.02,3.2,7.33,,,,2.67,0.45,4.89,,,,5.11,2.86,7.38,,,,,,,,,,
2021-12-31,13.98,11.87,16.47,,,,53.47,50.5,56.21,,,,6.72,4.35,8.87,,,,12.48,10.3,15.19,,,,5.02,3.19,7.32,,,,2.67,0.42,4.89,,,,5.1,2.87,7.35,,,,,,,,,,
2022-01-01,13.97,11.85,16.4,,,,53.49,50.56,56.22,,,,6.71,4.36,8.87,,,,12.47,10.29,15.16,,,,5.02,3.17,7.29,,,,2.68,0.41,4.86,,,,5.1,2.86,7.34,,,,,,,,,,
2022-01-02,13.96,11.91,16.34,,,,53.51,50.62,56.2,,,,6.7,4.35,8.84,,,,12.46,10.29,15.13,,,,5.02,3.14,7.27,,,,2.68,0.41,4.86,,,,5.09,2.85,7.34,,,,,,,,,,
2022-01-03,13.95,11.96,16.3,,,,53.53,50.67,56.23,,,,6.68,4.33,8.82,,,,12.45,10.28,15.09,,,,5.02,3.15,7.25,,,,2.68,0.42,4.87,,,,5.08,2.88,7.34,,,,,,,,,,
2022-01-04,13.94,11.96,16.3,,,,53.54,50.7,56.22,,,,6.67,4.32,8.81,,,,12.45,10.28,15.06,,,,5.01,3.14,7.23,,,,2.69,0.43,4.85,,,,5.07,2.89,7.34,,,,,,,,,,
2022-01-05,13.93,11.93,16.31,,,,53.56,50.72,56.17,,,,6.66,4.3,8.8,,,,12.44,10.31,15.02,,,,5.01,3.13,7.2,,,,2.69,0.44,4.83,,,,5.05,2.89,7.34,,,,,,,,,,
2022-01-06,13.92,11.91,16.31,,,,53.58,50.73,56.18,,,,6.64,4.29,8.78,,,,12.44,10.32,15.0,,,,5.01,3.12,7.18,,,,2.7,0.45,4.82,,,,5.04,2.85,7.34,,,,,,,,,,
2022-01-07,13.91,11.89,16.31,,,,53.6,50.75,56.19,,,,6.63,4.28,8.76,,,,12.43,10.27,14.98,,,,5.01,3.11,7.16,,,,2.7,0.46,4.79,,,,5.03,2.81,7.34,,,,10.0,52.0,11.0,10.0,6.0,2.0,8.0
2022-01-08,13.9,11.87,16.29,,,,53.62,50.76,56.2,,,,6.62,4.27,8.75,,,,12.43,10.27,14.96,,,,5.0,3.1,7.13,,,,2.71,0.48,4.77,,,,5.01,2.79,7.31,,,,,,,,,,
2022-01-09,13.89,11.85,16.29,,,,53.65,50.78,56.2,,,,6.61,4.26,8.72,,,,12.43,10.27,14.93,,,,5.0,3.12,7.11,,,,2.71,0.5,4.74,,,,4.99,2.72,7.25,,,,,,,,,,
2022-01-10,13.88,11.87,16.29,,,,53.67,50.84,56.21,,,,6.6,4.25,8.7,,,,12.43,10.27,14.9,,,,4.99,3.13,7.08,,,,2.72,0.52,4.72,,,,4.97,2.66,7.21,,,,,,,,,,
2022-01-11,13.87,11.83,16.28,,,,53.69,50.92,56.16,,,,6.58,4.28,8.68,,,,12.43,10.23,14.89,,,,4.99,3.15,7.07,,,,2.73,0.54,4.72,,,,4.95,2.61,7.14,,,,,,,,,,
2022-01-12,13.85,11.81,16.24,,,,53.71,50.95,56.1,,,,6.57,4.32,8.66,,,,12.43,10.25,14.87,,,,4.98,3.16,7.05,,,,2.73,0.52,4.73,,,,4.93,2.56,7.08,,,,12.0,63.0,3.0,9.0,4.0,6.0,1.0
2022-01-13,13.84,11.8,16.18,,,,53.74,50.98,56.03,,,,6.56,4.34,8.63,,,,12.44,10.22,14.85,,,,4.98,3.14,7.05,,,,2.74,0.52,4.75,,,,4.91,2.53,7.02,,,,16.0,58.0,6.0,11.0,5.0,3.0,1.0
2022-01-14,13.83,11.75,16.17,,,,53.76,51.0,56.04,,,,6.55,4.38,8.6,,,,12.44,10.21,14.86,,,,4.97,3.12,7.03,,,,2.75,0.55,4.76,,,,4.89,2.53,7.03,,,,17.0,51.0,2.0,13.0,7.0,,6.0
2022-01-15,13.82,11.74,16.18,,,,53.78,51.02,56.05,,,,6.54,4.39,8.57,,,,12.45,10.2,14.88,,,,4.96,3.1,7.04,,,,2.76,0.57,4.78,,,,4.86,2.54,7.02,,,,,,,,,,
2022-01-16,13.81,11.72,16.14,,,,53.8,51.04,56.06,,,,6.52,4.36,8.54,,,,12.45,10.16,14.9,,,,4.96,3.07,7.05,,,,2.77,0.57,4.8,,,,4.84,2.56,7.02,,,,,,,,,,
2022-01-17,13.8,11.71,16.08,,,,53.83,51.06,56.11,,,,6.51,4.33,8.51,,,,12.46,10.18,14.92,,,,4.95,3.06,7.06,,,,2.77,0.56,4.82,,,,4.81,2.58,7.07,,,,,,,,,,
2022-01-18,13.79,11.69,16.0,,,,53.85,51.13,56.16,,,,6.5,4.3,8.47,,,,12.47,10.19,14.93,,,,4.94,3.04,7.08,,,,2.78,0.54,4.82,,,,4.79,2.59,7.04,,,,,,,,,,
2022-01-19,13.78,11.64,15.92,,,,53.87,51.2,56.17,,,,6.49,4.3,8.44,,,,12.47,10.21,14.94,,,,4.93,3.02,7.09,,,,2.79,0.52,4.84,,,,4.76,2.59,7.01,,,,,,,,,,
2022-01-20,13.77,11.59,15.91,,,,53.9,51.27,56.15,,,,6.48,4.31,8.41,,,,12.48,10.22,14.95,,,,4.92,3.0,7.1,,,,2.8,0.55,4.86,,,,4.73,2.56,6.97,,,,,,,,,,
2022-01-21,13.76,11.54,15.91,,,,53.92,51.35,56.13,,,,6.47,4.33,8.41,,,,12.49,10.24,14.96,,,,4.91,2.98,7.11,,,,2.81,0.55,4.88,,,,4.7,2.54,6.93,,,,9.0,52.0,8.0,18.0,6.0,3.0,4.0
2022-01-22,13.75,11.49,15.91,,,,53.95,51.4,56.13,,,,6.45,4.35,8.41,,,,12.5,10.25,14.95,,,,4.9,2.96,7.12,,,,2.82,0.54,4.89,,,,4.68,2.56,6.88,,,,,,,,,,
2022-01-23,13.75,11.49,15.91,,,,53.97,51.41,56.14,,,,6.44,4.38,8.41,,,,12.52,10.27,14.95,,,,4.89,2.93,7.12,,,,2.83,0.53,4.91,,,,4.65,2.51,6.84,,,,,,,,,,
2022-01-24,13.74,11.49,15.92,,,,53.99,51.47,56.15,,,,6.43,4.38,8.41,,,,12.53,10.28,14.93,,,,4.88,2.91,7.13,,,,2.84,0.52,4.94,,,,4.62,2.45,6.76,,,,,,,,,,
2022-01-25,13.73,11.5,15.95,,,,54.02,51.58,56.15,,,,6.42,4.4,8.37,,,,12.54,10.3,14.88,,,,4.87,2.89,7.09,,,,2.85,0.51,4.96,,,,4.59,2.44,6.68,,,,,,,,,,
2022-01-26,13.73,11.51,15.93,,,,54.04,51.7,56.19,,,,6.41,4.41,8.36,,,,12.55,10.31,14.83,,,,4.85,2.87,7.03,,,,2.86,0.5,4.96,,,,4.57,2.4,6.65,,,,,,,,,,
2022-01-27,13.72,11.55,15.9,,,,54.06,51.79,56.21,,,,6.4,4.4,8.31,,,,12.56,10.33,14.8,,,,4.84,2.85,6.98,,,,2.87,0.49,4.98,,,,4.54,2.33,6.62,,,,11.0,57.0,7.0,11.0,6.0,2.0,
2022-01-28,13.72,11.6,15.88,,,,54.09,51.81,56.23,,,,6.39,4.33,8.26,,,,12.58,10.35,14.79,,,,4.83,2.82,6.94,,,,2.88,0.49,4.99,,,,4.51,2.26,6.56,,,,,,,,,,
2022-01-29,13.71,11.61,15.87,,,,54.11,51.84,56.24,,,,6.38,4.35,8.21,,,,12.59,10.36,14.79,,,,4.81,2.78,6.94,,,,2.89,0.49,5.01,,,,4.48,2.22,6.5,,,,,,,,,,
2022-01-30,13.71,11.59,15.88,,,,54.13,51.87,56.23,,,,6.37,4.36,8.17,,,,12.6,10.38,14.81,,,,4.8,2.78,6.89,,,,2.9,0.49,4.99,,,,4.46,2.15,6.49,,,,,,,,,,
2022-01-31,13.71,11.57,15.89,,,,54.15,51.88,56.23,,,,6.36,4.38,8.14,,,,12.61,10.39,14.82,,,,4.78,2.75,6.83,,,,2.91,0.48,4.97,,,,4.43,2.08,6.47,,,,,,,,,,
2022-02-01,13.71,11.56,15.9,,,,54.17,51.89,56.25,,,,6.35,4.4,8.13,,,,12.63,10.34,14.78,,,,4.77,2.73,6.77,,,,2.92,0.54,4.95,,,,4.4,2.01,6.48,,,,,,,,,,
2022-02-02,13.71,11.54,15.91,,,,54.19,51.94,56.26,,,,6.34,4.42,8.16,,,,12.64,10.29,14.78,,,,4.76,2.71,6.71,,,,2.93,0.62,5.03,,,,4.37,1.96,6.48,,,,11.0,59.0,5.0,8.0,4.0,1.0,11.0
2022-02-03,13.71,11.56,15.91,,,,54.21,52.01,56.27,,,,6.33,4.45,8.19,,,,12.66,10.33,14.8,,,,4.74,2.73,6.64,,,,2.94,0.71,5.07,,,,4.35,1.91,6.46,,,,,,,,,,
2022-02-04,13.71,11.55,15.91,,,,54.22,52.03,56.29,,,,6.33,4.45,8.16,,,,12.67,10.37,14.85,,,,4.73,2.71,6.61,,,,2.95,0.79,5.07,,,,4.32,1.95,6.43,,,,,,,,,,
2022-02-05,13.71,11.55,15.92,,,,54.23,52.05,56.3,,,,6.32,4.44,8.12,,,,12.69,10.39,14.89,,,,4.71,2.67,6.58,,,,2.96,0.88,5.07,,,,4.3,1.97,6.42,,,,,,,,,,
2022-02-06,13.71,11.56,15.92,,,,54.25,52.06,56.32,,,,6.31,4.43,8.09,,,,12.71,10.41,14.93,,,,4.7,2.64,6.55,,,,2.97,0.92,5.1,,,,4.27,2.01,6.42,,,,,,,,,,
2022-02-07,13.71,11.56,15.92,,,,54.26,52.07,56.35,,,,6.3,4.42,8.05,,,,12.72,10.44,14.98,,,,4.69,2.61,6.51,,,,2.98,0.92,5.12,,,,4.24,2.04,6.45,,,,,,,,,,
2022-02-08,13.72,11.56,15.92,,,,54.27,52.08,56.37,,,,6.3,4.4,8.02,,,,12.74,10.45,15.02,,,,4.67,2.59,6.48,,,,2.99,0.92,5.17,,,,4.22,2.05,6.42,,,,,,,,,,
2022-02-09,13.72,11.56,15.93,,,,54.27,52.08,56.37,,,,6.29,4.4,7.99,,,,12.76,10.48,15.07,,,,4.66,2.57,6.44,,,,3.0,0.92,5.19,,,,4.2,2.02,6.32,,,,,,,,,,
2022-02-10,13.73,11.56,15.93,,,,54.28,52.07,56.36,,,,6.28,4.38,7.95,,,,12.78,10.5,15.12,,,,4.64,2.56,6.44,,,,3.01,0.98,5.22,,,,4.17,1.98,6.3,,,,,,,,,,
2022-02-11,13.74,11.57,15.95,,,,54.28,52.07,56.35,,,,6.28,4.36,7.98,,,,12.8,10.53,15.17,,,,4.63,2.54,6.39,,,,3.02,0.99,5.25,,,,4.15,1.96,6.27,,,,15.0,51.0,6.0,15.0,6.0,2.0,5.0
2022-02-12,13.75,11.57,15.96,,,,54.29,52.08,56.34,,,,6.27,4.33,7.99,,,,12.82,10.54,15.21,,,,4.62,2.53,6.34,,,,3.03,0.99,5.25,,,,4.12,1.92,6.22,,,,,,,,,,
2022-02-13,13.75,11.56,15.98,,,,54.29,52.09,56.33,,,,6.27,4.32,8.01,,,,12.84,10.57,15.22,,,,4.61,2.52,6.31,,,,3.04,1.02,5.26,,,,4.1,1.89,6.17,,,,,,,,,,
2022-02-14,13.76,11.51,16.0,,,,54.28,52.1,56.32,,,,6.26,4.3,8.03,,,,12.86,10.59,15.24,,,,4.6,2.52,6.3,,,,3.04,1.02,5.26,,,,4.08,1.87,6.11,,,,,,,,,,
2022-02-15,13.78,11.53,16.01,,,,54.28,52.11,56.3,,,,6.26,4.28,8.0,,,,12.88,10.62,15.27,,,,4.59,2.51,6.28,,,,3.05,1.03,5.27,,,,4.06,1.84,6.07,,,,,,,,,,
2022-02-16,13.79,11.58,16.03,,,,54.28,52.11,56.27,,,,6.25,4.27,7.98,,,,12.9,10.62,15.31,,,,4.58,2.51,6.28,,,,3.06,1.03,5.28,,,,4.04,1.88,6.03,,,,,,,,,,
2022-02-17,13.8,11.59,16.04,,,,54.27,52.07,56.25,,,,6.25,4.24,7.96,,,,12.92,10.62,15.34,,,,4.57,2.5,6.3,,,,3.07,1.02,5.28,,,,4.02,1.86,6.01,,,,14.0,56.0,7.0,14.0,1.0,3.0,4.0
2022-02-18,13.81,11.59,16.06,,,,54.26,52.02,56.22,,,,6.25,4.23,7.94,,,,12.94,10.61,15.35,,,,4.56,2.54,6.29,,,,3.08,1.02,5.28,,,,4.0,1.81,6.0,,,,,,,,,,
2022-02-19,13.83,11.58,16.1,,,,54.25,52.04,56.2,,,,6.25,4.23,7.9,,,,12.96,10.64,15.34,,,,4.55,2.52,6.25,,,,3.09,1.04,5.26,,,,3.98,1.77,5.99,,,,,,,,,,
2022-02-20,13.84,11.57,16.12,,,,54.24,52.0,56.18,,,,6.24,4.23,7.86,,,,12.98,10.68,15.33,,,,4.55,2.51,6.25,,,,3.1,1.08,5.24,,,,3.96,1.72,5.95,,,,,,,,,,
2022-02-21,13.85,11.55,16.17,,,,54.22,51.93,56.16,,,,6.24,4.25,7.87,,,,13.0,10.72,15.32,,,,4.54,2.52,6.28,,,,3.11,1.08,5.21,,,,3.94,1.68,5.92,,,,,,,,,,
2022-02-22,13.87,11.54,16.22,,,,54.21,51.86,56.14,,,,6.24,4.27,7.89,,,,13.01,10.76,15.3,,,,4.53,2.53,6.32,,,,3.12,1.05,5.22,,,,3.92,1.66,5.95,,,,,,,,,,
2022-02-23,13.88,11.53,16.27,,,,54.19,51.8,56.1,,,,6.25,4.26,7.89,,,,13.03,10.79,15.29,,,,4.53,2.53,6.36,,,,3.12,1.02,5.23,,,,3.9,1.64,5.93,,,,,,,,,,
2022-02-24,13.9,11.51,16.29,,,,54.17,51.73,56.07,,,,6.25,4.25,7.88,,,,13.05,10.78,15.28,,,,4.52,2.55,6.37,,,,3.13,1.02,5.24,,,,3.88,1.62,5.92,,,,,,,,,,
2022-02-25,13.92,11.5,16.35,,,,54.15,51.68,56.03,,,,6.25,4.25,7.88,,,,13.07,10.78,15.27,,,,4.52,2.57,6.36,,,,3.14,1.02,5.27,,,,3.87,1.6,5.9,,,,21.0,51.0,8.0,6.0,5.0,,3.0
2022-02-26,13.93,11.49,16.34,,,,54.12,51.65,55.99,,,,6.26,4.25,7.88,,,,13.08,10.81,15.26,,,,4.52,2.62,6.36,,,,3.15,1.01,5.31,,,,3.85,1.59,5.88,,,,,,,,,,
2022-02-27,13.95,11.48,16.32,,,,54.1,51.63,55.96,,,,6.27,4.25,7.89,,,,13.1,10.8,15.25,,,,4.52,2.68,6.35,,,,3.16,0.98,5.33,,,,3.84,1.58,5.85,,,,,,,,,,
2022-02-28,13.97,11.49,16.33,,,,54.07,51.58,55.94,,,,6.28,4.25,7.89,,,,13.11,10.8,15.23,,,,4.51,2.72,6.3,,,,3.17,1.0,5.32,,,,3.82,1.57,5.83,,,,,,,,,,
2022-03-01,13.98,11.5,16.37,,,,54.04,51.47,55.93,,,,6.29,4.22,7.87,,,,13.13,10.79,15.22,,,,4.51,2.72,6.3,,,,3.18,1.0,5.33,,,,3.81,1.56,5.81,,,,,,,,,,
2022-03-02,14.0,11.51,16.43,,,,54.01,51.42,55.91,,,,6.3,4.2,7.86,,,,13.14,10.77,15.22,,,,4.51,2.72,6.28,,,,3.19,0.99,5.34,,,,3.8,1.55,5.78,,,,,,,,,,
2022-03-03,14.02,11.55,16.43,,,,53.98,51.37,55.9,,,,6.31,4.22,7.88,,,,13.15,10.71,15.26,,,,4.51,2.73,6.24,,,,3.19,1.0,5.37,,,,3.79,1.56,5.76,,,,,,,,,,
2022-03-04,14.04,11.6,16.43,,,,53.95,51.32,55.88,,,,6.32,4.23,7.84,,,,13.16,10.68,15.22,,,,4.52,2.73,6.21,,,,3.2,1.01,5.37,,,,3.77,1.55,5.73,,,,16.0,57.0,7.0,14.0,2.0,,2.0
2022-03-05,14.05,11.64,16.43,,,,53.91,51.26,55.88,,,,6.34,4.25,7.87,,,,13.17,10.66,15.2,,,,4.52,2.76,6.19,,,,3.21,1.03,5.37,,,,3.76,1.56,5.71,,,,,,,,,,
2022-03-06,14.07,11.69,16.45,,,,53.88,51.21,55.9,,,,6.36,4.25,7.94,,,,13.18,10.63,15.21,,,,4.52,2.77,6.22,,,,3.22,1.04,5.37,,,,3.75,1.56,5.7,,,,,,,,,,
2022-03-07,14.09,11.74,16.43,,,,53.84,51.16,55.92,,,,6.37,4.27,8.0,,,,13.19,10.62,15.21,,,,4.52,2.76,6.24,,,,3.22,1.04,5.36,,,,3.74,1.57,5.68,,,,,,,,,,
2022-03-08,14.1,11.77,16.43,,,,53.8,51.1,55.94,,,,6.39,4.28,8.03,,,,13.19,10.59,15.22,,,,4.52,2.77,6.21,,,,3.23,1.03,5.36,,,,3.73,1.53,5.65,,,,,,,,,,
2022-03-09,14.12,11.79,16.43,,,,53.77,51.05,55.96,,,,6.41,4.27,8.06,,,,13.2,10.57,15.23,,,,4.53,2.8,6.18,,,,3.24,1.03,5.35,,,,3.73,1.52,5.63,,,,14.0,57.0,7.0,15.0,4.0,1.0,2.0
2022-03-10,14.14,11.82,16.42,,,,53.73,50.99,55.97,,,,6.44,4.26,8.09,,,,13.2,10.58,15.23,,,,4.53,2.79,6.2,,,,3.24,1.03,5.35,,,,3.72,1.52,5.63,,,,,,,,,,
2022-03-11,14.16,11.77,16.42,,,,53.69,50.98,55.99,,,,6.46,4.24,8.12,,,,13.21,10.58,15.23,,,,4.54,2.8,6.23,,,,3.25,1.09,5.39,,,,3.71,1.52,5.63,,,,,,,,,,
2022-03-12,14.18,11.71,16.46,,,,53.65,50.97,56.0,,,,6.48,4.23,8.15,,,,13.21,10.55,15.23,,,,4.54,2.8,6.23,,,,3.25,1.11,5.41,,,,3.7,1.53,5.64,,,,,,,,,,
2022-03-13,14.19,11.67,16.51,,,,53.6,50.96,56.01,,,,6.51,4.24,8.21,,,,13.22,10.53,15.22,,,,4.55,2.82,6.22,,,,3.26,1.14,5.44,,,,3.69,1.51,5.65,,,,,,,,,,
2022-03-14,14.21,11.69,16.55,,,,53.56,50.91,55.98,,,,6.54,4.26,8.27,,,,13.22,10.53,15.22,,,,4.55,2.84,6.21,,,,3.26,1.13,5.47,,,,3.69,1.5,5.65,,,,,,,,,,
2022-03-15,14.23,11.71,16.58,,,,53.52,50.84,55.91,,,,6.57,4.27,8.33,,,,13.22,10.53,15.23,,,,4.56,2.87,6.2,,,,3.27,1.11,5.48,,,,3.68,1.49,5.66,,,,,,,,,,
2022-03-16,14.25,11.73,16.56,,,,53.48,50.75,55.85,,,,6.59,4.29,8.39,,,,13.22,10.53,15.25,,,,4.56,2.86,6.19,,,,3.27,1.11,5.47,,,,3.67,1.48,5.67,,,,,,,,,,
2022-03-17,14.27,11.76,16.54,,,,53.43,50.74,55.84,,,,6.62,4.3,8.45,,,,13.22,10.53,15.28,,,,4.57,2.87,6.21,,,,3.28,1.11,5.47,,,,3.66,1.47,5.68,,,,10.0,53.0,4.0,18.0,5.0,6.0,2.0
2022-03-18,14.28,11.78,16.52,,,,53.39,50.72,55.74,,,,6.65,4.33,8.5,,,,13.22,10.56,15.28,,,,4.57,2.88,6.24,,,,3.28,1.11,5.5,,,,3.65,1.47,5.69,,,,,,,,,,
2022-03-19,14.3,11.8,16.49,,,,53.35,50.71,55.71,,,,6.69,4.34,8.54,,,,13.22,10.57,15.29,,,,4.58,2.89,6.25,,,,3.29,1.08,5.51,,,,3.64,1.45,5.7,,,,,,,,,,
2022-03-20,14.32,11.81,16.48,,,,53.31,50.71,55.63,,,,6.72,4.31,8.59,,,,13.22,10.56,15.31,,,,4.59,2.92,6.26,,,,3.29,1.07,5.51,,,,3.63,1.4,5.69,,,,,,,,,,
2022-03-21,14.33,11.82,16.48,,,,53.27,50.7,55.54,,,,6.75,4.34,8.63,,,,13.22,10.54,15.34,,,,4.6,2.93,6.27,,,,3.3,1.11,5.46,,,,3.62,1.35,5.67,,,,,,,,,,
2022-03-22,14.35,11.8,16.47,,,,53.23,50.69,55.51,,,,6.78,4.38,8.68,,,,13.21,10.54,15.35,,,,4.6,2.93,6.28,,,,3.3,1.08,5.44,,,,3.61,1.35,5.66,,,,,,,,,,
2022-03-23,14.36,11.8,16.5,,,,53.19,50.65,55.49,,,,6.82,4.43,8.73,,,,13.21,10.54,15.35,,,,4.61,2.94,6.3,,,,3.31,1.05,5.4,,,,3.6,1.34,5.64,,,,8.0,57.0,4.0,19.0,2.0,5.0,1.0
2022-03-24,14.37,11.79,16.52,,,,53.16,50.59,55.47,,,,6.85,4.46,8.78,,,,13.2,10.54,15.4,,,,4.62,2.94,6.35,,,,3.31,1.06,5.38,,,,3.59,1.33,5.62,,,,19.0,54.0,4.0,12.0,8.0,,1.0
2022-03-25,14.38,11.77,16.51,,,,53.13,50.54,55.45,,,,6.88,4.5,8.88,,,,13.2,10.55,15.41,,,,4.63,2.95,6.4,,,,3.32,1.01,5.37,,,,3.58,1.33,5.6,,,,,,,,,,
2022-03-26,14.39,11.74,16.5,,,,53.09,50.51,55.44,,,,6.92,4.52,8.96,,,,13.19,10.55,15.43,,,,4.64,2.94,6.39,,,,3.32,1.0,5.34,,,,3.56,1.34,5.58,,,,,,,,,,
2022-03-27,14.4,11.72,16.49,,,,53.07,50.49,55.44,,,,6.95,4.54,9.08,,,,13.18,10.55,15.44,,,,4.65,2.92,6.4,,,,3.33,1.02,5.33,,,,3.55,1.35,5.56,,,,,,,,,,
2022-03-28,14.41,11.72,16.54,,,,53.04,50.47,55.44,,,,6.99,4.57,9.19,,,,13.17,10.54,15.46,,,,4.66,2.9,6.43,,,,3.33,1.03,5.33,,,,3.53,1.37,5.54,,,,,,,,,,
2022-03-29,14.41,11.74,16.53,,,,53.02,50.43,55.44,,,,7.02,4.6,9.25,,,,13.16,10.52,15.45,,,,4.67,2.88,6.45,,,,3.34,1.02,5.36,,,,3.52,1.35,5.51,,,,,,,,,,
2022-03-30,14.42,11.76,16.58,,,,53.0,50.4,55.44,,,,7.06,4.63,9.29,,,,13.14,10.5,15.4,,,,4.68,2.88,6.45,,,,3.34,1.03,5.39,,,,3.51,1.36,5.49,,,,14.0,52.0,5.0,17.0,1.0,3.0,5.0
2022-03-31,14.42,11.78,16.62,,,,52.98,50.37,55.42,,,,7.09,4.65,9.32,,,,13.13,10.47,15.4,,,,4.69,2.9,6.44,,,,3.35,1.04,5.43,,,,3.49,1.35,5.52,,,,,,,,,,
2022-04-01,14.42,11.8,16.65,,,,52.96,50.35,55.42,,,,7.13,4.68,9.35,,,,13.11,10.47,15.43,,,,4.71,2.9,6.43,,,,3.35,1.05,5.46,,,,3.47,1.34,5.56,,,,,,,,,,
2022-04-02,14.42,11.82,16.68,,,,52.95,50.32,55.42,,,,7.16,4.7,9.42,,,,13.09,10.5,15.45,,,,4.72,2.88,6.43,,,,3.36,1.06,5.47,,,,3.46,1.33,5.59,,,,,,,,,,
2022-04-03,14.42,11.84,16.71,,,,52.94,50.29,55.41,,,,7.2,4.73,9.43,,,,13.07,10.51,15.44,,,,4.73,2.86,6.46,,,,3.36,1.06,5.44,,,,3.44,1.32,5.61,,,,,,,,,,
2022-04-04,14.41,11.86,16.74,,,,52.94,50.25,55.41,,,,7.23,4.75,9.45,,,,13.05,10.5,15.42,,,,4.75,2.91,6.5,,,,3.36,1.07,5.43,,,,3.43,1.29,5.59,,,,,,,,,,
2022-04-05,14.4,11.86,16.74,,,,52.94,50.22,55.4,,,,7.26,4.78,9.47,,,,13.03,10.47,15.41,,,,4.76,2.89,6.53,,,,3.37,1.04,5.41,,,,3.41,1.25,5.61,,,,,,,,,,
2022-04-06,14.39,11.84,16.68,,,,52.94,50.25,55.42,,,,7.3,4.8,9.5,,,,13.01,10.43,15.37,,,,4.78,2.86,6.56,,,,3.37,1.0,5.44,,,,3.39,1.22,5.62,,,,,,,,,,
2022-04-07,14.38,11.8,16.61,,,,52.94,50.24,55.44,,,,7.33,4.83,9.52,,,,12.98,10.42,15.34,,,,4.79,2.83,6.57,,,,3.37,0.99,5.49,,,,3.37,1.18,5.59,,,,17.0,45.0,8.0,12.0,5.0,6.0,6.0
2022-04-08,14.37,11.76,16.63,,,,52.95,50.25,55.47,,,,7.36,4.85,9.59,,,,12.96,10.39,15.32,,,,4.81,2.85,6.58,,,,3.38,1.03,5.45,,,,3.36,1.15,5.55,,,,,,,,,,
2022-04-09,14.36,11.72,16.59,,,,52.97,50.27,55.5,,,,7.39,4.87,9.65,,,,12.93,10.37,15.27,,,,4.82,2.83,6.6,,,,3.38,1.05,5.42,,,,3.34,1.14,5.52,,,,,,,,,,
2022-04-10,14.34,11.67,16.62,,,,52.98,50.27,55.59,,,,7.43,4.9,9.7,,,,12.9,10.34,15.26,,,,4.84,2.82,6.64,,,,3.38,1.07,5.38,,,,3.32,1.13,5.47,,,,,,,,,,
2022-04-11,14.32,11.63,16.59,,,,53.0,50.28,55.7,,,,7.46,4.92,9.77,,,,12.87,10.32,15.27,,,,4.86,2.81,6.69,,,,3.38,1.04,5.41,,,,3.3,1.11,5.42,,,,,,,,,,
2022-04-12,14.3,11.6,16.56,,,,53.02,50.3,55.71,,,,7.49,4.94,9.82,,,,12.84,10.31,15.27,,,,4.87,2.8,6.72,,,,3.38,1.01,5.44,,,,3.29,1.1,5.37,,,,,,,,,,
2022-04-13,14.27,11.57,16.56,,,,53.05,50.33,55.72,,,,7.52,4.97,9.88,,,,12.8,10.28,15.28,,,,4.89,2.79,6.74,,,,3.38,1.01,5.48,,,,3.27,1.08,5.33,,,,,,,,,,
2022-04-14,14.25,11.53,16.52,,,,53.07,50.36,55.72,,,,7.56,5.02,9.93,,,,12.77,10.24,15.27,,,,4.91,2.79,6.75,,,,3.38,1.02,5.42,,,,3.25,1.07,5.34,,,,16.0,55.0,11.0,9.0,2.0,2.0,3.0
2022-04-15,14.22,11.49,16.51,,,,53.1,50.4,55.73,,,,7.59,5.05,9.94,,,,12.73,10.17,15.21,,,,4.92,2.8,6.73,,,,3.38,0.99,5.46,,,,3.23,1.05,5.36,,,,,,,,,,
2022-04-16,14.19,11.46,16.49,,,,53.14,50.44,55.78,,,,7.62,5.11,9.95,,,,12.7,10.08,15.16,,,,4.94,2.83,6.7,,,,3.38,0.98,5.46,,,,3.22,1.03,5.38,,,,,,,,,,
2022-04-17,14.16,11.46,16.46,,,,53.17,50.48,55.84,,,,7.66,5.16,9.96,,,,12.66,10.13,15.09,,,,4.96,2.86,6.68,,,,3.38,0.97,5.5,,,,3.2,1.02,5.4,,,,,,,,,,
2022-04-18,14.12,11.45,16.43,,,,53.21,50.53,55.89,,,,7.69,5.2,9.97,,,,12.62,10.13,15.02,,,,4.98,2.88,6.71,,,,3.38,0.97,5.53,,,,3.18,1.01,5.42,,,,,,,,,,
2022-04-19,14.09,11.43,16.4,,,,53.25,50.57,55.95,,,,7.72,5.22,9.97,,,,12.58,10.08,14.99,,,,5.0,2.91,6.74,,,,3.38,0.97,5.54,,,,3.17,1.0,5.44,,,,,,,,,,
2022-04-20,14.05,11.38,16.36,,,,53.3,50.56,56.01,,,,7.76,5.24,9.99,,,,12.54,10.02,14.96,,,,5.02,2.94,6.77,,,,3.37,0.98,5.52,,,,3.15,0.99,5.46,,,,15.0,51.0,4.0,15.0,7.0,3.0,3.0
2022-04-21,14.01,11.31,16.35,,,,53.34,50.56,56.07,,,,7.79,5.26,10.02,,,,12.49,9.96,14.92,,,,5.03,2.92,6.77,,,,3.37,0.98,5.49,,,,3.14,0.95,5.46,,,,,,,,,,
2022-04-22,13.97,11.28,16.36,,,,53.39,50.55,56.16,,,,7.83,5.31,10.09,,,,12.45,9.89,14.88,,,,5.05,2.91,6.76,,,,3.36,0.99,5.47,,,,3.13,0.91,5.43,,,,,,,,,,
2022-04-23,13.93,11.2,16.27,,,,53.44,50.59,56.26,,,,7.86,5.35,10.15,,,,12.4,9.83,14.84,,,,5.07,2.89,6.76,,,,3.36,1.0,5.44,,,,3.11,0.87,5.39,,,,,,,,,,
2022-04-24,13.88,11.21,16.19,,,,53.49,50.65,56.32,,,,7.9,5.39,10.21,,,,12.36,9.76,14.79,,,,5.09,2.88,6.75,,,,3.35,1.01,5.41,,,,3.1,0.84,5.35,,,,,,,,,,
2022-04-25,13.84,11.19,16.11,,,,53.55,50.73,56.38,,,,7.93,5.43,10.28,,,,12.31,9.7,14.73,,,,5.11,2.91,6.75,,,,3.35,1.02,5.37,,,,3.09,0.8,5.27,,,,,,,,,,
2022-04-26,13.79,11.12,16.06,,,,53.61,50.81,56.47,,,,7.97,5.46,10.34,,,,12.26,9.64,14.6,,,,5.12,2.91,6.74,,,,3.34,1.02,5.34,,,,3.08,0.77,5.25,,,,,,,,,,
2022-04-27,13.75,11.03,15.99,,,,53.66,50.84,56.6,,,,8.0,5.49,10.41,,,,12.21,9.57,14.45,,,,5.14,2.93,6.77,,,,3.34,1.02,5.3,,,,3.07,0.73,5.23,,,,11.0,53.0,7.0,15.0,6.0,,6.0
2022-04-28,13.7,10.96,15.93,,,,53.72,50.87,56.66,,,,8.04,5.49,10.46,,,,12.16,9.51,14.36,,,,5.16,2.94,6.79,,,,3.33,1.02,5.26,,,,3.06,0.7,5.19,,,,,,,,,,
2022-04-29,13.65,10.93,15.87,,,,53.78,50.89,56.75,,,,8.08,5.57,10.48,,,,12.11,9.47,14.33,,,,5.17,2.96,6.81,,,,3.32,1.03,5.29,,,,3.05,0.69,5.14,,,,,,,,,,
2022-04-30,13.61,10.87,15.82,,,,53.85,50.92,56.88,,,,8.11,5.63,10.47,,,,12.06,9.43,14.31,,,,5.19,2.98,6.81,,,,3.31,1.05,5.27,,,,3.04,0.68,5.09,,,,,,,,,,
2022-05-01,13.56,10.76,15.8,,,,53.91,50.95,57.01,,,,8.15,5.68,10.44,,,,12.01,9.41,14.29,,,,5.21,3.0,6.82,,,,3.3,1.06,5.29,,,,3.03,0.64,5.08,,,,,,,,,,
2022-05-02,13.51,10.66,15.75,,,,53.97,50.99,57.16,,,,8.19,5.71,10.47,,,,11.95,9.41,14.21,,,,5.22,3.02,6.85,,,,3.29,1.03,5.3,,,,3.02,0.61,5.12,,,,,,,,,,
2022-05-03,13.46,10.6,15.66,,,,54.03,51.02,57.31,,,,8.22,5.72,10.59,,,,11.9,9.4,14.12,,,,5.24,3.04,6.87,,,,3.28,1.01,5.31,,,,3.02,0.65,5.17,,,,,,,,,,
2022-05-04,13.41,10.57,15.65,,,,54.09,51.05,57.4,,,,8.26,5.74,10.69,,,,11.85,9.39,14.11,,,,5.26,3.06,6.89,,,,3.27,0.99,5.32,,,,3.01,0.64,5.17,,,,,,,,,,
2022-05-05,13.37,10.53,15.65,,,,54.16,51.08,57.53,,,,8.3,5.76,10.77,,,,11.8,9.39,14.08,,,,5.27,3.09,6.91,,,,3.26,0.96,5.32,,,,3.0,0.61,5.16,,,,,,,,,,
2022-05-06,13.32,10.5,15.65,,,,54.22,51.11,57.64,,,,8.34,5.78,10.79,,,,11.75,9.39,14.01,,,,5.29,3.11,6.93,,,,3.25,0.95,5.31,,,,2.99,0.58,5.2,,,,19.0,46.0,9.0,12.0,9.0,4.0,
2022-05-07,13.28,10.48,15.65,,,,54.28,51.18,57.75,,,,8.38,5.81,10.79,,,,11.7,9.36,13.94,,,,5.3,3.14,6.95,,,,3.23,0.94,5.31,,,,2.98,0.55,5.25,,,,,,,,,,
2022-05-08,13.23,10.49,15.6,,,,54.34,51.16,57.85,,,,8.42,5.83,10.79,,,,11.65,9.33,13.86,,,,5.32,3.16,6.97,,,,3.22,0.94,5.28,,,,2.98,0.62,5.3,,,,,,,,,,
2022-05-09,13.18,10.49,15.54,,,,54.39,51.18,57.95,,,,8.47,5.87,10.83,,,,11.6,9.28,13.78,,,,5.34,3.19,6.97,,,,3.21,0.93,5.23,,,,2.97,0.61,5.36,,,,,,,,,,
2022-05-10,13.14,10.39,15.48,,,,54.45,51.2,58.05,,,,8.51,5.89,10.94,,,,11.56,9.23,13.75,,,,5.35,3.22,6.97,,,,3.19,0.92,5.27,,,,2.96,0.55,5.41,,,,,,,,,,
2022-05-11,13.1,10.37,15.42,,,,54.51,51.21,58.14,,,,8.55,5.92,11.04,,,,11.51,9.17,13.73,,,,5.37,3.24,6.97,,,,3.18,0.91,5.28,,,,2.95,0.49,5.38,,,,12.0,52.0,13.0,10.0,6.0,4.0,2.0
2022-05-12,13.06,10.34,15.41,,,,54.56,51.23,58.22,,,,8.6,5.98,11.06,,,,11.46,9.11,13.65,,,,5.38,3.24,6.96,,,,3.16,0.89,5.27,,,,2.94,0.43,5.36,,,,,,,,,,
2022-05-13,13.02,10.27,15.41,,,,54.61,51.19,58.25,,,,8.64,6.04,11.06,,,,11.42,9.05,13.65,,,,5.4,3.31,6.97,,,,3.15,0.88,5.26,,,,2.93,0.38,5.34,,,,,,,,,,
2022-05-14,12.98,10.2,15.39,,,,54.66,51.14,58.29,,,,8.69,6.1,11.1,,,,11.37,9.04,13.64,,,,5.41,3.27,6.98,,,,3.13,0.87,5.25,,,,2.92,0.39,5.32,,,,,,,,,,
2022-05-15,12.94,10.14,15.35,,,,54.71,51.09,58.32,,,,8.74,6.17,11.19,,,,11.33,8.99,13.5,,,,5.43,3.24,6.99,,,,3.12,0.85,5.19,,,,2.91,0.4,5.29,,,,,,,,,,
2022-05-16,12.9,10.08,15.31,,,,54.76,51.1,58.35,,,,8.79,6.23,11.26,,,,11.29,8.93,13.44,,,,5.44,3.2,7.0,,,,3.1,0.79,5.14,,,,2.9,0.4,5.3,,,,,,,,,,
2022-05-17,12.86,10.01,15.29,,,,54.8,51.23,58.38,,,,8.84,6.3,11.28,,,,11.24,8.87,13.42,,,,5.46,3.23,7.01,,,,3.08,0.78,5.09,,,,2.89,0.41,5.33,,,,,,,,,,
2022-05-18,12.83,9.96,15.29,,,,54.84,51.33,58.46,,,,8.89,6.37,11.28,,,,11.2,8.81,13.39,,,,5.47,3.26,7.01,,,,3.07,0.76,5.04,,,,2.88,0.41,5.36,,,,,,,,,,
2022-05-19,12.79,9.91,15.3,,,,54.89,51.35,58.56,,,,8.94,6.43,11.26,,,,11.16,8.75,13.36,,,,5.49,3.29,7.04,,,,3.05,0.75,5.06,,,,2.86,0.42,5.38,,,,13.0,47.0,13.0,11.0,6.0,2.0,7.0
2022-05-20,12.76,9.86,15.3,,,,54.93,51.28,58.5,,,,8.99,6.5,11.29,,,,11.12,8.7,13.28,,,,5.5,3.33,7.05,,,,3.03,0.73,5.09,,,,2.85,0.41,5.41,,,,,,,,,,
2022-05-21,12.73,9.82,15.31,,,,54.97,51.26,58.47,,,,9.04,6.57,11.35,,,,11.08,8.64,13.3,,,,5.52,3.3,7.06,,,,3.01,0.69,5.1,,,,2.84,0.37,5.44,,,,,,,,,,
2022-05-22,12.7,9.77,15.31,,,,55.0,51.35,58.49,,,,9.09,6.64,11.41,,,,11.04,8.57,13.28,,,,5.53,3.3,7.1,,,,2.99,0.65,5.12,,,,2.82,0.33,5.46,,,,,,,,,,
2022-05-23,12.67,9.73,15.29,,,,55.04,51.41,58.56,,,,9.15,6.73,11.47,,,,11.01,8.51,13.25,,,,5.54,3.29,7.13,,,,2.98,0.66,5.14,,,,2.81,0.29,5.48,,,,,,,,,,
2022-05-24,12.64,9.71,15.24,,,,55.08,51.42,58.63,,,,9.2,6.77,11.52,,,,10.97,8.45,13.21,,,,5.56,3.34,7.18,,,,2.96,0.67,5.13,,,,2.79,0.26,5.44,,,,,,,,,,
2022-05-25,12.61,9.75,15.26,,,,55.12,51.45,58.65,,,,9.26,6.84,11.58,,,,10.93,8.39,13.18,,,,5.57,3.34,7.22,,,,2.94,0.67,5.06,,,,2.77,0.24,5.41,,,,19.0,55.0,6.0,10.0,5.0,3.0,3.0
2022-05-26,12.58,9.7,15.28,,,,55.15,51.51,58.64,,,,9.31,6.91,11.64,,,,10.9,8.33,13.11,,,,5.58,3.35,7.26,,,,2.92,0.65,4.99,,,,2.76,0.24,5.39,,,,,,,,,,
2022-05-27,12.55,9.64,15.3,,,,55.19,51.63,58.71,,,,9.36,6.98,11.66,,,,10.87,8.2,13.02,,,,5.59,3.3,7.24,,,,2.9,0.62,4.98,,,,2.74,0.2,5.38,,,,,,,,,,
2022-05-28,12.52,9.59,15.3,,,,55.23,51.7,58.78,,,,9.42,7.04,11.68,,,,10.83,8.2,12.95,,,,5.6,3.31,7.23,,,,2.88,0.6,4.91,,,,2.72,0.18,5.38,,,,,,,,,,
2022-05-29,12.49,9.56,15.27,,,,55.26,51.75,58.84,,,,9.47,7.11,11.73,,,,10.8,8.21,12.94,,,,5.61,3.34,7.25,,,,2.86,0.6,4.88,,,,2.7,0.15,5.4,,,,,,,,,,
2022-05-30,12.46,9.49,15.25,,,,55.3,51.72,58.91,,,,9.53,7.17,11.8,,,,10.77,8.23,12.94,,,,5.62,3.35,7.28,,,,2.84,0.59,4.9,,,,2.68,0.13,5.41,,,,,,,,,,
2022-05-31,12.43,9.43,15.22,,,,55.34,51.69,58.94,,,,9.58,7.33,11.86,,,,10.74,8.24,12.86,,,,5.62,3.37,7.3,,,,2.82,0.59,4.87,,,,2.66,0.11,5.42,,,,,,,,,,
2022-06-01,12.4,9.44,15.19,,,,55.38,51.65,58.93,,,,9.63,7.4,11.92,,,,10.71,8.21,12.83,,,,5.63,3.38,7.37,,,,2.8,0.56,4.89,,,,2.64,0.07,5.42,,,,,,,,,,
2022-06-02,12.37,9.44,15.15,,,,55.42,51.67,58.98,,,,9.68,7.46,11.98,,,,10.69,8.19,12.8,,,,5.64,3.38,7.36,,,,2.78,0.51,4.89,,,,2.62,0.04,5.43,,,,,,,,,,
2022-06-03,12.33,9.45,15.09,,,,55.46,51.7,59.0,,,,9.74,7.53,12.03,,,,10.66,8.19,12.78,,,,5.64,3.39,7.38,,,,2.76,0.45,4.89,,,,2.59,0.01,5.43,,,,11.0,53.0,14.0,11.0,6.0,3.0,2.0
2022-06-04,12.3,9.45,15.04,,,,55.5,51.74,59.02,,,,9.79,7.6,12.09,,,,10.64,8.16,12.76,,,,5.65,3.42,7.4,,,,2.74,0.42,4.88,,,,2.57,-0.03,5.43,,,,,,,,,,
2022-06-05,12.27,9.37,15.0,,,,55.55,51.79,59.03,,,,9.84,7.71,12.14,,,,10.61,8.15,12.73,,,,5.65,3.46,7.41,,,,2.73,0.39,4.87,,,,2.55,-0.06,5.41,,,,,,,,,,
2022-06-06,12.23,9.33,14.96,,,,55.59,51.84,59.07,,,,9.89,7.81,12.24,,,,10.59,8.14,12.68,,,,5.65,3.49,7.42,,,,2.71,0.4,4.86,,,,2.53,-0.1,5.4,,,,,,,,,,
2022-06-07,12.2,9.31,14.91,,,,55.63,51.89,59.08,,,,9.94,7.92,12.32,,,,10.57,8.14,12.66,,,,5.66,3.5,7.44,,,,2.69,0.38,4.85,,,,2.5,-0.14,5.33,,,,,,,,,,
2022-06-08,12.16,9.25,14.85,,,,55.68,51.94,59.1,,,,9.99,7.99,12.39,,,,10.55,8.16,12.64,,,,5.66,3.52,7.47,,,,2.67,0.36,4.84,,,,2.48,-0.18,5.27,,,,,,,,,,
2022-06-09,12.13,9.21,14.8,,,,55.73,52.0,59.17,,,,10.03,8.02,12.46,,,,10.53,8.19,12.65,,,,5.66,3.54,7.49,,,,2.66,0.33,4.82,,,,2.45,-0.22,5.2,,,,13.0,60.0,8.0,6.0,6.0,2.0,1.0
2022-06-10,12.09,9.17,14.75,,,,55.77,52.07,59.29,,,,10.08,8.06,12.53,,,,10.51,8.16,12.63,,,,5.66,3.54,7.52,,,,2.64,0.32,4.81,,,,2.43,-0.26,5.2,,,,,,,,,,
2022-06-11,12.05,9.16,14.69,,,,55.82,52.14,59.4,,,,10.12,8.1,12.59,,,,10.5,8.17,12.62,,,,5.66,3.53,7.53,,,,2.63,0.28,4.79,,,,2.4,-0.27,5.19,,,,,,,,,,
2022-06-12,12.01,9.16,14.63,,,,55.87,52.21,59.51,,,,10.17,8.13,12.62,,,,10.48,8.18,12.62,,,,5.66,3.52,7.56,,,,2.61,0.29,4.77,,,,2.38,-0.28,5.18,,,,,,,,,,
2022-06-13,11.97,9.09,14.6,,,,55.92,52.29,59.63,,,,10.21,8.18,12.65,,,,10.47,8.19,12.61,,,,5.66,3.52,7.63,,,,2.59,0.28,4.74,,,,2.35,-0.29,5.17,,,,,,,,,,
2022-06-14,11.93,9.01,14.57,,,,55.98,52.37,59.75,,,,10.25,8.19,12.68,,,,10.46,8.2,12.61,,,,5.65,3.51,7.69,,,,2.58,0.27,4.72,,,,2.33,-0.29,5.16,,,,,,,,,,
2022-06-15,11.89,8.97,14.54,,,,56.03,52.46,59.83,,,,10.29,8.24,12.71,,,,10.44,8.21,12.61,,,,5.65,3.51,7.76,,,,2.57,0.27,4.69,,,,2.3,-0.27,5.13,,,,,,,,,,
2022-06-16,11.85,8.94,14.45,,,,56.09,52.53,59.87,,,,10.32,8.31,12.73,,,,10.43,8.18,12.6,,,,5.65,3.5,7.78,,,,2.55,0.3,4.68,,,,2.28,-0.25,5.07,,,,5.0,69.0,10.0,8.0,6.0,,1.0
2022-06-17,11.8,8.91,14.37,,,,56.14,52.61,59.89,,,,10.36,8.32,12.75,,,,10.42,8.23,12.63,,,,5.64,3.5,7.79,,,,2.54,0.3,4.63,,,,2.26,-0.31,5.03,,,,,,,,,,
2022-06-18,11.76,8.88,14.27,,,,56.2,52.71,59.95,,,,10.39,8.33,12.78,,,,10.41,8.27,12.63,,,,5.64,3.47,7.78,,,,2.53,0.31,4.66,,,,2.23,-0.31,4.96,,,,,,,,,,
2022-06-19,11.71,8.85,14.21,,,,56.26,52.83,59.99,,,,10.42,8.35,12.8,,,,10.4,8.26,12.59,,,,5.64,3.45,7.8,,,,2.51,0.31,4.68,,,,2.21,-0.32,4.95,,,,,,,,,,
2022-06-20,11.67,8.81,14.2,,,,56.32,52.92,60.03,,,,10.45,8.41,12.81,,,,10.39,8.24,12.59,,,,5.63,3.42,7.82,,,,2.5,0.31,4.7,,,,2.18,-0.34,4.87,,,,,,,,,,
2022-06-21,11.62,8.79,14.2,,,,56.38,52.97,60.07,,,,10.48,8.47,12.82,,,,10.38,8.23,12.58,,,,5.63,3.4,7.82,,,,2.49,0.26,4.72,,,,2.16,-0.37,4.8,,,,,,,,,,
2022-06-22,11.57,8.77,14.17,,,,56.44,53.02,60.11,,,,10.51,8.47,12.83,,,,10.38,8.23,12.54,,,,5.62,3.37,7.81,,,,2.48,0.22,4.71,,,,2.14,-0.43,4.78,,,,,,,,,,
2022-06-23,11.52,8.75,14.1,,,,56.51,53.09,60.15,,,,10.54,8.46,12.84,,,,10.37,8.22,12.52,,,,5.62,3.37,7.8,,,,2.47,0.2,4.71,,,,2.11,-0.49,4.83,,,,10.0,61.0,6.0,9.0,6.0,1.0,1.0
2022-06-24,11.48,8.73,14.03,,,,56.57,53.15,60.2,,,,10.56,8.49,12.84,,,,10.36,8.22,12.52,,,,5.61,3.41,7.78,,,,2.46,0.2,4.72,,,,2.09,-0.54,4.84,,,,,,,,,,
2022-06-25,11.43,8.71,13.95,,,,56.64,53.27,60.24,,,,10.58,8.52,12.87,,,,10.36,8.26,12.49,,,,5.61,3.44,7.77,,,,2.45,0.16,4.73,,,,2.07,-0.59,4.79,,,,,,,,,,
2022-06-26,11.38,8.73,13.88,,,,56.7,53.32,60.28,,,,10.6,8.55,12.95,,,,10.35,8.3,12.51,,,,5.61,3.48,7.76,,,,2.44,0.14,4.73,,,,2.05,-0.64,4.69,,,,,,,,,,
2022-06-27,11.33,8.66,13.8,,,,56.77,53.34,60.32,,,,10.62,8.58,13.02,,,,10.35,8.34,12.52,,,,5.6,3.5,7.75,,,,2.43,0.13,4.73,,,,2.03,-0.69,4.59,,,,,,,,,,
2022-06-28,11.27,8.63,13.73,,,,56.83,53.4,60.35,,,,10.64,8.61,13.1,,,,10.34,8.37,12.54,,,,5.6,3.5,7.76,,,,2.42,0.12,4.72,,,,2.01,-0.73,4.49,,,,,,,,,,
2022-06-29,11.22,8.6,13.65,,,,56.9,53.4,60.38,,,,10.65,8.59,13.1,,,,10.34,8.34,12.55,,,,5.6,3.52,7.8,,,,2.41,0.12,4.7,,,,1.99,-0.73,4.42,,,,7.0,68.0,14.0,5.0,,3.0,1.0
2022-06-30,11.17,8.58,13.57,,,,56.97,53.5,60.43,,,,10.67,8.56,13.09,,,,10.34,8.32,12.58,,,,5.59,3.53,7.84,,,,2.4,0.1,4.67,,,,1.97,-0.74,4.44,,,,,,,,,,
2022-07-01,11.12,8.54,13.49,,,,57.03,53.57,60.55,,,,10.68,8.55,13.09,,,,10.34,8.31,12.6,,,,5.59,3.52,7.85,,,,2.4,0.05,4.64,,,,1.95,-0.78,4.43,,,,,,,,,,
2022-07-02,11.07,8.51,13.43,,,,57.1,53.61,60.58,,,,10.69,8.51,13.11,,,,10.33,8.31,12.6,,,,5.59,3.5,7.83,,,,2.39,-0.01,4.61,,,,1.93,-0.78,4.44,,,,,,,,,,
2022-07-03,11.01,8.46,13.39,,,,57.17,53.68,60.62,,,,10.69,8.51,13.1,,,,10.33,8.3,12.62,,,,5.59,3.49,7.84,,,,2.38,-0.06,4.57,,,,1.91,-0.79,4.39,,,,,,,,,,
2022-07-04,10.96,8.43,13.33,,,,57.24,53.84,60.65,,,,10.7,8.53,13.17,,,,10.33,8.31,12.66,,,,5.59,3.47,7.81,,,,2.38,-0.11,4.51,,,,1.89,-0.79,4.34,,,,,,,,,,
2022-07-05,10.91,8.4,13.25,,,,57.3,53.89,60.77,,,,10.7,8.54,13.25,,,,10.34,8.29,12.68,,,,5.59,3.45,7.78,,,,2.37,-0.1,4.47,,,,1.88,-0.79,4.29,,,,,,,,,,
2022-07-06,10.85,8.36,13.2,,,,57.37,53.91,60.89,,,,10.7,8.55,13.34,,,,10.34,8.3,12.68,,,,5.59,3.42,7.75,,,,2.37,-0.11,4.44,,,,1.86,-0.79,4.24,,,,,,,,,,
2022-07-07,10.8,8.32,13.16,,,,57.44,53.94,60.96,,,,10.7,8.51,13.37,,,,10.34,8.29,12.67,,,,5.59,3.36,7.72,,,,2.36,-0.14,4.43,,,,1.84,-0.79,4.22,,,,6.0,59.0,8.0,8.0,6.0,5.0,
2022-07-08,10.74,8.28,13.12,,,,57.51,53.97,60.99,,,,10.7,8.47,13.31,,,,10.35,8.27,12.66,,,,5.6,3.29,7.71,,,,2.36,-0.17,4.43,,,,1.83,-0.79,4.21,,,,,,,,,,
2022-07-09,10.69,8.23,13.07,,,,57.58,53.99,60.98,,,,10.69,8.43,13.25,,,,10.35,8.25,12.66,,,,5.6,3.24,7.71,,,,2.35,-0.21,4.42,,,,1.81,-0.79,4.21,,,,,,,,,,
2022-07-10,10.63,8.23,13.01,,,,57.64,54.02,60.98,,,,10.68,8.39,13.19,,,,10.36,8.24,12.67,,,,5.61,3.27,7.77,,,,2.35,-0.19,4.42,,,,1.8,-0.79,4.23,,,,,,,,,,
2022-07-11,10.58,8.15,12.94,,,,57.71,54.06,61.05,,,,10.67,8.34,13.14,,,,10.37,8.24,12.73,,,,5.61,3.33,7.76,,,,2.35,-0.16,4.41,,,,1.78,-0.79,4.25,,,,,,,,,,
2022-07-12,10.52,8.06,12.91,,,,57.78,54.16,61.07,,,,10.66,8.29,13.18,,,,10.37,8.23,12.8,,,,5.62,3.39,7.76,,,,2.34,-0.12,4.4,,,,1.77,-0.79,4.26,,,,,,,,,,
2022-07-13,10.47,8.04,12.86,,,,57.84,54.28,61.06,,,,10.65,8.27,13.13,,,,10.38,8.23,12.84,,,,5.62,3.38,7.77,,,,2.34,-0.08,4.41,,,,1.75,-0.78,4.18,,,,,,,,,,
2022-07-14,10.41,8.05,12.84,,,,57.91,54.42,61.16,,,,10.63,8.25,13.07,,,,10.4,8.23,12.83,,,,5.63,3.36,7.77,,,,2.34,-0.02,4.41,,,,1.74,-0.78,4.18,,,,12.0,62.0,12.0,11.0,1.0,1.0,
2022-07-15,10.36,8.07,12.79,,,,57.97,54.54,61.2,,,,10.61,8.24,13.07,,,,10.41,8.19,12.82,,,,5.64,3.35,7.8,,,,2.34,0.02,4.41,,,,1.73,-0.78,4.17,,,,,,,,,,
2022-07-16,10.31,8.05,12.75,,,,58.04,54.67,61.22,,,,10.59,8.21,13.08,,,,10.42,8.22,12.83,,,,5.65,3.34,7.84,,,,2.34,0.0,4.42,,,,1.72,-0.78,4.17,,,,,,,,,,
2022-07-17,10.25,8.03,12.7,,,,58.1,54.74,61.29,,,,10.57,8.18,13.08,,,,10.43,8.24,12.85,,,,5.66,3.35,7.84,,,,2.34,-0.04,4.42,,,,1.71,-0.78,4.17,,,,,,,,,,
2022-07-18,10.2,7.88,12.65,,,,58.16,54.77,61.39,,,,10.54,8.12,13.08,,,,10.45,8.25,12.89,,,,5.67,3.4,7.85,,,,2.34,-0.06,4.42,,,,1.7,-0.79,4.17,,,,,,,,,,
2022-07-19,10.15,7.74,12.6,,,,58.22,54.81,61.48,,,,10.52,8.11,13.09,,,,10.46,8.29,12.95,,,,5.68,3.43,7.92,,,,2.34,-0.1,4.42,,,,1.69,-0.81,4.17,,,,,,,,,,
2022-07-20,10.09,7.74,12.55,,,,58.29,54.86,61.58,,,,10.49,8.05,13.09,,,,10.47,8.34,12.97,,,,5.69,3.46,7.99,,,,2.34,-0.14,4.42,,,,1.68,-0.83,4.13,,,,,,,,,,
2022-07-21,10.04,7.73,12.43,,,,58.35,54.9,61.65,,,,10.46,8.01,13.04,,,,10.49,8.37,12.96,,,,5.7,3.51,8.05,,,,2.34,-0.16,4.42,,,,1.67,-0.79,3.98,,,,,,,,,,
2022-07-22,9.99,7.73,12.3,,,,58.41,54.94,61.74,,,,10.43,7.99,12.98,,,,10.5,8.39,12.94,,,,5.72,3.55,8.11,,,,2.35,-0.2,4.43,,,,1.66,-0.78,3.92,,,,15.0,52.0,8.0,17.0,6.0,1.0,1.0
2022-07-23,9.94,7.73,12.2,,,,58.47,55.0,61.79,,,,10.4,7.96,12.92,,,,10.51,8.41,12.97,,,,5.73,3.56,8.12,,,,2.35,-0.2,4.43,,,,1.66,-0.75,3.89,,,,,,,,,,
2022-07-24,9.89,7.67,12.16,,,,58.53,55.05,61.8,,,,10.37,7.95,12.88,,,,10.53,8.46,13.05,,,,5.74,3.56,8.14,,,,2.35,-0.17,4.45,,,,1.65,-0.71,3.86,,,,,,,,,,
2022-07-25,9.84,7.68,12.17,,,,58.58,55.1,61.85,,,,10.34,7.93,12.89,,,,10.54,8.47,13.1,,,,5.75,3.54,8.14,,,,2.36,-0.2,4.45,,,,1.64,-0.68,3.85,,,,,,,,,,
2022-07-26,9.8,7.63,12.17,,,,58.64,55.15,61.92,,,,10.31,7.91,12.9,,,,10.56,8.48,13.08,,,,5.77,3.51,8.15,,,,2.36,-0.23,4.46,,,,1.64,-0.72,3.84,,,,,,,,,,
2022-07-27,9.75,7.54,12.17,,,,58.69,55.19,62.0,,,,10.28,7.9,12.91,,,,10.57,8.51,13.11,,,,5.78,3.49,8.14,,,,2.37,-0.26,4.48,,,,1.63,-0.78,3.84,,,,,,,,,,
2022-07-28,9.71,7.44,12.11,,,,58.75,55.25,62.0,,,,10.24,7.87,12.88,,,,10.58,8.54,13.11,,,,5.8,3.47,8.15,,,,2.37,-0.29,4.51,,,,1.63,-0.78,3.81,,,,14.0,40.0,17.0,18.0,9.0,1.0,1.0
2022-07-29,9.66,7.38,12.05,,,,58.8,55.3,62.06,,,,10.21,7.86,12.83,,,,10.59,8.56,13.1,,,,5.81,3.45,8.15,,,,2.38,-0.32,4.54,,,,1.63,-0.83,3.81,,,,,,,,,,
2022-07-30,9.62,7.31,11.99,,,,58.85,55.35,62.12,,,,10.18,7.83,12.79,,,,10.6,8.59,13.09,,,,5.83,3.44,8.14,,,,2.39,-0.33,4.58,,,,1.62,-0.84,3.78,,,,,,,,,,
2022-07-31,9.58,7.26,11.93,,,,58.9,55.41,62.18,,,,10.15,7.82,12.74,,,,10.62,8.61,13.09,,,,5.84,3.46,8.11,,,,2.39,-0.3,4.62,,,,1.62,-0.85,3.77,,,,,,,,,,
2022-08-01,9.54,7.21,11.87,,,,58.95,55.5,62.23,,,,10.11,7.81,12.67,,,,10.63,8.63,13.08,,,,5.86,3.45,8.11,,,,2.4,-0.27,4.66,,,,1.62,-0.93,3.76,,,,,,,,,,
2022-08-02,9.5,7.16,11.86,,,,58.99,55.52,62.27,,,,10.08,7.8,12.57,,,,10.64,8.66,13.06,,,,5.87,3.46,8.16,,,,2.41,-0.23,4.73,,,,1.61,-0.9,3.75,,,,,,,,,,
2022-08-03,9.47,7.11,11.86,,,,59.04,55.57,62.31,,,,10.05,7.75,12.58,,,,10.64,8.68,13.04,,,,5.89,3.45,8.22,,,,2.42,-0.19,4.72,,,,1.61,-0.87,3.78,,,,,,,,,,
2022-08-04,9.43,7.06,11.84,,,,59.08,55.62,62.35,,,,10.02,7.68,12.52,,,,10.65,8.69,13.02,,,,5.9,3.45,8.28,,,,2.42,-0.19,4.75,,,,1.61,-0.82,3.77,,,,,,,,,,
2022-08-05,9.4,7.01,11.83,,,,59.12,55.67,62.34,,,,9.99,7.63,12.47,,,,10.66,8.69,12.99,,,,5.92,3.44,8.34,,,,2.43,-0.15,4.78,,,,1.61,-0.79,3.76,,,,16.0,50.0,11.0,11.0,5.0,4.0,1.0
2022-08-06,9.37,6.95,11.77,,,,59.16,55.73,62.4,,,,9.96,7.58,12.42,,,,10.67,8.68,12.98,,,,5.93,3.44,8.4,,,,2.44,-0.12,4.82,,,,1.61,-0.79,3.78,,,,,,,,,,
2022-08-07,9.33,6.89,11.75,,,,59.2,55.75,62.44,,,,9.93,7.55,12.43,,,,10.67,8.67,13.01,,,,5.95,3.49,8.45,,,,2.45,-0.07,4.85,,,,1.61,-0.79,3.81,,,,,,,,,,
2022-08-08,9.3,6.85,11.69,,,,59.23,55.75,62.47,,,,9.9,7.57,12.45,,,,10.67,8.66,13.03,,,,5.96,3.53,8.51,,,,2.46,-0.03,4.87,,,,1.62,-0.79,3.83,,,,,,,,,,
2022-08-09,9.28,6.85,11.63,,,,59.27,55.78,62.5,,,,9.87,7.58,12.47,,,,10.68,8.65,13.05,,,,5.98,3.56,8.51,,,,2.47,0.01,4.87,,,,1.62,-0.79,3.85,,,,,,,,,,
2022-08-10,9.25,6.82,11.57,,,,59.3,55.85,62.52,,,,9.85,7.57,12.47,,,,10.68,8.62,13.01,,,,5.99,3.6,8.51,,,,2.48,0.06,4.88,,,,1.62,-0.8,3.85,,,,9.0,58.0,15.0,9.0,4.0,1.0,2.0
2022-08-11,9.22,6.78,11.51,,,,59.34,55.92,62.58,,,,9.82,7.52,12.49,,,,10.68,8.59,12.96,,,,6.01,3.64,8.58,,,,2.49,0.08,4.89,,,,1.62,-0.86,3.82,,,,,,,,,,
2022-08-12,9.2,6.75,11.49,,,,59.37,55.99,62.65,,,,9.79,7.47,12.45,,,,10.68,8.6,12.9,,,,6.02,3.6,8.67,,,,2.49,0.08,4.89,,,,1.63,-0.9,3.84,,,,,,,,,,
2022-08-13,9.17,6.72,11.5,,,,59.4,56.05,62.67,,,,9.77,7.41,12.38,,,,10.68,8.62,12.84,,,,6.04,3.58,8.74,,,,2.5,0.12,4.89,,,,1.63,-0.96,3.85,,,,,,,,,,
2022-08-14,9.15,6.69,11.52,,,,59.43,56.08,62.66,,,,9.74,7.34,12.31,,,,10.68,8.64,12.77,,,,6.05,3.54,8.75,,,,2.51,0.14,4.89,,,,1.64,-0.98,3.87,,,,,,,,,,
2022-08-15,9.13,6.67,11.52,,,,59.46,56.15,62.69,,,,9.72,7.25,12.25,,,,10.67,8.66,12.69,,,,6.06,3.59,8.76,,,,2.52,0.12,4.89,,,,1.65,-0.97,3.87,,,,,,,,,,
2022-08-16,9.11,6.64,11.47,,,,59.49,56.21,62.72,,,,9.69,7.22,12.23,,,,10.67,8.66,12.65,,,,6.07,3.63,8.78,,,,2.54,0.11,4.89,,,,1.65,-0.95,3.83,,,,,,,,,,
2022-08-17,9.09,6.63,11.44,,,,59.52,56.26,62.66,,,,9.67,7.18,12.23,,,,10.66,8.67,12.63,,,,6.09,3.68,8.78,,,,2.55,0.17,4.86,,,,1.66,-0.98,3.87,,,,6.0,72.0,10.0,4.0,2.0,2.0,3.0
2022-08-18,9.07,6.58,11.39,,,,59.55,56.19,62.66,,,,9.64,7.16,12.21,,,,10.65,8.63,12.59,,,,6.1,3.7,8.79,,,,2.56,0.23,4.82,,,,1.67,-0.97,3.9,,,,,,,,,,
2022-08-19,9.05,6.52,11.34,,,,59.58,56.09,62.66,,,,9.62,7.15,12.16,,,,10.64,8.59,12.59,,,,6.11,3.72,8.78,,,,2.57,0.29,4.79,,,,1.68,-0.9,3.89,,,,,,,,,,
2022-08-20,9.03,6.47,11.28,,,,59.61,56.16,62.67,,,,9.59,7.16,12.1,,,,10.63,8.55,12.54,,,,6.12,3.74,8.79,,,,2.58,0.34,4.76,,,,1.69,-0.89,3.89,,,,,,,,,,
2022-08-21,9.02,6.41,11.22,,,,59.64,56.24,62.67,,,,9.57,7.15,12.06,,,,10.62,8.51,12.52,,,,6.13,3.75,8.79,,,,2.59,0.34,4.72,,,,1.7,-0.87,3.89,,,,,,,,,,
2022-08-22,9.0,6.39,11.16,,,,59.67,56.31,62.68,,,,9.54,7.14,12.01,,,,10.61,8.47,12.51,,,,6.14,3.79,8.79,,,,2.6,0.37,4.68,,,,1.71,-0.78,3.96,,,,,,,,,,
2022-08-23,8.99,6.38,11.11,,,,59.7,56.36,62.68,,,,9.52,7.13,11.98,,,,10.59,8.41,12.49,,,,6.15,3.85,8.76,,,,2.61,0.38,4.64,,,,1.72,-0.79,3.98,,,,,,,,,,
2022-08-24,8.98,6.36,11.07,,,,59.73,56.35,62.69,,,,9.49,7.12,11.97,,,,10.58,8.38,12.5,,,,6.16,3.9,8.72,,,,2.62,0.4,4.61,,,,1.73,-0.79,4.03,,,,8.0,55.0,13.0,15.0,6.0,,2.0
2022-08-25,8.96,6.34,11.06,,,,59.76,56.35,62.78,,,,9.47,7.12,11.96,,,,10.56,8.33,12.52,,,,6.17,3.94,8.7,,,,2.63,0.41,4.62,,,,1.74,-0.77,4.09,,,,,,,,,,
2022-08-26,8.95,6.33,11.06,,,,59.79,56.36,62.87,,,,9.44,7.11,11.96,,,,10.54,8.35,12.53,,,,6.18,4.0,8.71,,,,2.64,0.43,4.63,,,,1.75,-0.75,4.1,,,,,,,,,,
2022-08-27,8.94,6.33,11.05,,,,59.82,56.36,62.93,,,,9.41,7.11,11.97,,,,10.52,8.37,12.53,,,,6.19,4.03,8.77,,,,2.66,0.47,4.64,,,,1.77,-0.72,4.11,,,,,,,,,,
2022-08-28,8.93,6.32,11.09,,,,59.85,56.37,62.94,,,,9.39,7.1,11.97,,,,10.5,8.32,12.52,,,,6.2,4.02,8.79,,,,2.67,0.53,4.65,,,,1.78,-0.71,4.12,,,,,,,,,,
2022-08-29,8.92,6.3,11.14,,,,59.89,56.46,62.95,,,,9.36,7.1,11.96,,,,10.47,8.26,12.5,,,,6.21,4.01,8.79,,,,2.68,0.58,4.66,,,,1.79,-0.74,4.12,,,,,,,,,,
2022-08-30,8.91,6.31,11.2,,,,59.92,56.46,62.95,,,,9.34,7.07,11.92,,,,10.45,8.28,12.48,,,,6.22,4.0,8.75,,,,2.69,0.64,4.68,,,,1.81,-0.74,4.12,,,,,,,,,,
2022-08-31,8.9,6.33,11.17,,,,59.96,56.44,62.93,,,,9.31,7.03,11.88,,,,10.42,8.22,12.44,,,,6.23,4.0,8.69,,,,2.7,0.71,4.69,,,,1.82,-0.72,4.13,,,,,,,,,,
2022-09-01,8.89,6.36,11.13,,,,60.0,56.42,62.93,,,,9.28,7.0,11.84,,,,10.39,8.15,12.4,,,,6.23,3.99,8.63,,,,2.71,0.77,4.69,,,,1.83,-0.73,4.18,,,,6.0,64.0,11.0,11.0,5.0,2.0,
2022-09-02,8.88,6.37,11.06,,,,60.04,56.43,62.93,,,,9.25,6.98,11.79,,,,10.36,8.07,12.35,,,,6.24,4.04,8.63,,,,2.72,0.83,4.69,,,,1.85,-0.75,4.2,,,,,,,,,,
2022-09-03,8.87,6.39,10.98,,,,60.08,56.46,62.98,,,,9.22,6.94,11.75,,,,10.33,8.05,12.3,,,,6.25,4.08,8.63,,,,2.73,0.89,4.7,,,,1.86,-0.75,4.19,,,,,,,,,,
2022-09-04,8.86,6.41,10.96,,,,60.13,56.49,62.97,,,,9.2,6.92,11.7,,,,10.3,8.04,12.23,,,,6.25,4.12,8.6,,,,2.73,0.96,4.71,,,,1.87,-0.73,4.19,,,,,,,,,,
2022-09-05,8.85,6.42,10.94,,,,60.18,56.52,62.97,,,,9.16,6.9,11.65,,,,10.26,8.01,12.17,,,,6.26,4.14,8.55,,,,2.74,1.01,4.65,,,,1.89,-0.7,4.18,,,,,,,,,,
2022-09-06,8.84,6.38,10.89,,,,60.23,56.56,62.99,,,,9.13,6.89,11.6,,,,10.23,7.96,12.18,,,,6.27,4.13,8.54,,,,2.75,0.96,4.6,,,,1.9,-0.67,4.18,,,,,,,,,,
2022-09-07,8.83,6.33,10.83,,,,60.28,56.61,63.05,,,,9.1,6.9,11.55,,,,10.19,7.91,12.19,,,,6.27,4.1,8.56,,,,2.76,0.92,4.55,,,,1.92,-0.64,4.19,,,,8.0,57.0,7.0,9.0,12.0,3.0,
2022-09-08,8.81,6.29,10.78,,,,60.33,56.67,63.08,,,,9.07,6.9,11.49,,,,10.15,7.88,12.21,,,,6.28,4.08,8.53,,,,2.77,0.88,4.53,,,,1.93,-0.63,4.2,,,,,,,,,,
2022-09-09,8.8,6.23,10.75,,,,60.39,56.75,63.07,,,,9.04,6.9,11.45,,,,10.11,7.85,12.2,,,,6.28,4.05,8.48,,,,2.78,0.85,4.52,,,,1.95,-0.65,4.2,,,,,,,,,,
2022-09-10,8.79,6.25,10.74,,,,60.45,56.85,63.09,,,,9.0,6.9,11.39,,,,10.07,7.82,12.18,,,,6.29,4.02,8.47,,,,2.78,0.85,4.56,,,,1.96,-0.65,4.2,,,,,,,,,,
2022-09-11,8.78,6.28,10.74,,,,60.51,56.96,63.12,,,,8.97,6.89,11.32,,,,10.03,7.79,12.14,,,,6.29,4.02,8.49,,,,2.79,0.89,4.55,,,,1.98,-0.66,4.21,,,,,,,,,,
2022-09-12,8.77,6.34,10.73,,,,60.57,57.06,63.19,,,,8.93,6.81,11.31,,,,9.99,7.76,12.04,,,,6.3,4.04,8.51,,,,2.8,0.93,4.52,,,,1.99,-0.63,4.23,,,,7.0,61.0,4.0,16.0,7.0,4.0,1.0
2022-09-13,8.75,6.41,10.73,,,,60.63,57.18,63.24,,,,8.9,6.72,11.22,,,,9.95,7.73,12.01,,,,6.3,4.07,8.53,,,,2.81,0.97,4.55,,,,2.01,-0.59,4.25,,,,,,,,,,
2022-09-14,8.74,6.38,10.75,,,,60.7,57.3,63.3,,,,8.86,6.7,11.16,,,,9.91,7.7,12.0,,,,6.3,4.09,8.5,,,,2.81,1.01,4.54,,,,2.03,-0.55,4.26,,,,,,,,,,
2022-09-15,8.73,6.37,10.78,,,,60.76,57.4,63.35,,,,8.82,6.67,11.16,,,,9.86,7.68,11.99,,,,6.31,4.12,8.47,,,,2.82,1.02,4.53,,,,2.05,-0.5,4.29,,,,,,,,,,
2022-09-16,8.71,6.4,10.82,,,,60.83,57.51,63.41,,,,8.78,6.62,11.14,,,,9.82,7.65,11.91,,,,6.31,4.15,8.47,,,,2.83,1.06,4.57,,,,2.06,-0.46,4.31,,,,,,,,,,
2022-09-17,8.7,6.41,10.75,,,,60.9,57.66,63.52,,,,8.74,6.59,11.13,,,,9.78,7.62,11.88,,,,6.31,4.19,8.47,,,,2.83,1.1,4.57,,,,2.08,-0.41,4.33,,,,,,,,,,
2022-09-18,8.69,6.44,10.68,,,,60.97,57.79,63.56,,,,8.7,6.57,11.12,,,,9.73,7.6,11.86,,,,6.31,4.21,8.48,,,,2.84,1.08,4.54,,,,2.1,-0.4,4.35,,,,,,,,,,
2022-09-19,8.67,6.45,10.67,,,,61.04,57.93,63.59,,,,8.66,6.53,11.07,,,,9.69,7.57,11.83,,,,6.31,4.24,8.48,,,,2.85,1.06,4.55,,,,2.12,-0.42,4.37,,,,,,,,,,
2022-09-20,8.66,6.36,10.66,,,,61.11,58.02,63.64,,,,8.62,6.51,11.02,,,,9.65,7.55,11.78,,,,6.31,4.27,8.48,,,,2.85,1.03,4.56,,,,2.14,-0.42,4.39,,,,,,,,,,
2022-09-21,8.64,6.28,10.66,,,,61.18,58.1,63.67,,,,8.58,6.48,10.96,,,,9.6,7.51,11.74,,,,6.31,4.31,8.48,,,,2.86,1.02,4.56,,,,2.16,-0.38,4.42,,,,,,,,,,
2022-09-22,8.62,6.2,10.69,,,,61.25,58.17,63.71,,,,8.54,6.45,10.91,,,,9.56,7.49,11.69,,,,6.31,4.35,8.48,,,,2.86,1.0,4.57,,,,2.18,-0.38,4.44,,,,9.0,62.0,4.0,12.0,7.0,,3.0
2022-09-23,8.61,6.18,10.72,,,,61.32,58.3,63.81,,,,8.5,6.42,10.85,,,,9.52,7.43,11.64,,,,6.31,4.35,8.47,,,,2.87,0.99,4.57,,,,2.21,-0.37,4.48,,,,,,,,,,
2022-09-24,8.59,6.19,10.75,,,,61.39,58.44,63.93,,,,8.46,6.39,10.81,,,,9.48,7.36,11.6,,,,6.31,4.33,8.47,,,,2.88,0.97,4.57,,,,2.23,-0.28,4.54,,,,,,,,,,
2022-09-25,8.57,6.21,10.79,,,,61.46,58.52,64.01,,,,8.41,6.35,10.77,,,,9.43,7.29,11.54,,,,6.3,4.3,8.49,,,,2.88,0.96,4.57,,,,2.25,-0.2,4.6,,,,9.0,56.0,9.0,12.0,11.0,2.0,2.0
2022-09-26,8.56,6.24,10.78,,,,61.53,58.55,64.05,,,,8.37,6.27,10.73,,,,9.39,7.23,11.55,,,,6.3,4.28,8.48,,,,2.89,0.88,4.57,,,,2.27,-0.12,4.67,,,,,,,,,,
2022-09-27,8.54,6.27,10.77,,,,61.61,58.62,64.1,,,,8.33,6.17,10.72,,,,9.35,7.16,11.55,,,,6.3,4.26,8.45,,,,2.89,0.9,4.59,,,,2.3,-0.05,4.73,,,,,,,,,,
2022-09-28,8.52,6.29,10.77,,,,61.68,58.72,64.18,,,,8.28,6.15,10.64,,,,9.31,7.1,11.48,,,,6.3,4.25,8.43,,,,2.9,0.92,4.62,,,,2.32,-0.02,4.76,,,,,,,,,,
2022-09-29,8.5,6.33,10.76,,,,61.75,58.85,64.25,,,,8.24,6.13,10.56,,,,9.27,7.04,11.4,,,,6.29,4.28,8.4,,,,2.91,0.95,4.66,,,,2.35,-0.0,4.78,,,,4.0,66.0,5.0,10.0,5.0,5.0,2.0
2022-09-30,8.49,6.35,10.73,,,,61.82,58.98,64.33,,,,8.2,6.1,10.5,,,,9.24,7.02,11.34,,,,6.29,4.29,8.37,,,,2.91,0.97,4.69,,,,2.37,0.02,4.79,,,,,,,,,,
2022-10-01,8.47,6.29,10.74,,,,61.89,59.12,64.4,,,,8.15,6.02,10.44,,,,9.2,7.0,11.27,,,,6.29,4.28,8.34,,,,2.92,0.99,4.72,,,,2.4,0.04,4.81,,,,,,,,,,
2022-10-02,8.45,6.21,10.71,,,,61.95,59.3,64.47,,,,8.11,5.97,10.37,,,,9.16,6.97,11.22,,,,6.28,4.27,8.34,,,,2.92,0.99,4.73,,,,2.42,0.05,4.82,,,,,,,,,,
2022-10-03,8.44,6.2,10.69,,,,62.02,59.39,64.54,,,,8.07,5.95,10.31,,,,9.13,6.93,11.19,,,,6.28,4.27,8.33,,,,2.93,0.97,4.75,,,,2.45,0.07,4.81,,,,,,,,,,
2022-10-04,8.42,6.13,10.68,,,,62.09,59.48,64.6,,,,8.02,5.94,10.24,,,,9.09,6.85,11.16,,,,6.28,4.26,8.31,,,,2.93,1.01,4.74,,,,2.48,0.09,4.79,,,,,,,,,,
2022-10-05,8.4,6.04,10.68,,,,62.15,59.53,64.66,,,,7.98,5.88,10.16,,,,9.06,6.81,11.13,,,,6.28,4.25,8.3,,,,2.93,1.08,4.71,,,,2.5,0.09,4.79,,,,,,,,,,
2022-10-06,8.39,6.04,10.64,,,,62.22,59.62,64.65,,,,7.94,5.79,10.09,,,,9.03,6.8,11.11,,,,6.27,4.25,8.28,,,,2.94,1.09,4.71,,,,2.53,0.08,4.82,,,,,,,,,,
2022-10-07,8.38,6.05,10.62,,,,62.28,59.65,64.71,,,,7.9,5.71,10.01,,,,9.0,6.8,11.08,,,,6.27,4.24,8.26,,,,2.94,1.07,4.73,,,,2.56,0.05,4.83,,,,8.0,72.0,6.0,5.0,4.0,3.0,
2022-10-08,8.36,6.06,10.62,,,,62.34,59.7,64.76,,,,7.85,5.63,9.96,,,,8.97,6.8,11.06,,,,6.27,4.24,8.23,,,,2.94,1.06,4.74,,,,2.58,0.05,4.83,,,,,,,,,,
2022-10-09,8.35,6.05,10.63,,,,62.4,59.78,64.81,,,,7.81,5.55,9.96,,,,8.94,6.8,11.04,,,,6.26,4.24,8.19,,,,2.95,1.05,4.76,,,,2.61,0.11,4.83,,,,,,,,,,
2022-10-10,8.34,6.0,10.64,,,,62.45,59.8,64.81,,,,7.77,5.51,9.96,,,,8.91,6.76,11.03,,,,6.26,4.23,8.16,,,,2.95,1.07,4.78,,,,2.63,0.17,4.88,,,,,,,,,,
2022-10-11,8.33,5.96,10.64,,,,62.51,59.85,64.81,,,,7.73,5.48,9.91,,,,8.88,6.71,10.99,,,,6.26,4.23,8.18,,,,2.95,1.08,4.8,,,,2.66,0.2,4.93,,,,,,,,,,
2022-10-12,8.32,5.93,10.65,,,,62.56,59.86,64.88,,,,7.7,5.43,9.84,,,,8.86,6.67,10.97,,,,6.25,4.23,8.17,,,,2.95,1.1,4.79,,,,2.69,0.24,4.98,,,,6.0,71.0,6.0,4.0,7.0,4.0,
2022-10-13,8.31,5.89,10.61,,,,62.61,59.89,64.94,,,,7.66,5.4,9.77,,,,8.83,6.64,10.95,,,,6.25,4.24,8.16,,,,2.96,1.12,4.78,,,,2.71,0.32,5.01,,,,,,,,,,
2022-10-14,8.3,5.89,10.65,,,,62.66,59.92,64.96,,,,7.62,5.37,9.7,,,,8.81,6.6,10.92,,,,6.25,4.24,8.14,,,,2.96,1.12,4.77,,,,2.74,0.4,5.03,,,,,,,,,,
2022-10-15,8.3,5.91,10.69,,,,62.7,59.98,65.01,,,,7.59,5.33,9.63,,,,8.78,6.57,10.91,,,,6.25,4.24,8.13,,,,2.96,1.12,4.75,,,,2.76,0.44,5.05,,,,,,,,,,
2022-10-16,8.29,5.91,10.71,,,,62.75,60.05,65.1,,,,7.55,5.3,9.56,,,,8.76,6.54,10.89,,,,6.24,4.25,8.12,,,,2.96,1.11,4.74,,,,2.78,0.46,5.07,,,,,,,,,,
2022-10-17,8.29,5.89,10.67,,,,62.79,60.12,65.18,,,,7.52,5.27,9.54,,,,8.74,6.52,10.87,,,,6.24,4.26,8.11,,,,2.96,1.1,4.72,,,,2.81,0.47,5.08,,,,,,,,,,
2022-10-18,8.29,5.88,10.64,,,,62.83,60.19,65.23,,,,7.49,5.23,9.52,,,,8.72,6.5,10.85,,,,6.24,4.24,8.14,,,,2.96,1.09,4.71,,,,2.83,0.49,5.08,,,,,,,,,,
2022-10-19,8.28,5.86,10.64,,,,62.86,60.25,65.26,,,,7.46,5.21,9.48,,,,8.7,6.49,10.83,,,,6.24,4.22,8.16,,,,2.96,1.08,4.69,,,,2.85,0.51,5.08,,,,,,,,,,
2022-10-20,8.29,5.84,10.65,,,,62.89,60.27,65.3,,,,7.43,5.17,9.44,,,,8.68,6.47,10.81,,,,6.24,4.23,8.18,,,,2.96,1.08,4.69,,,,2.87,0.53,5.08,,,,,,,,,,
2022-10-21,8.29,5.82,10.65,,,,62.92,60.28,65.34,,,,7.4,5.11,9.39,,,,8.66,6.46,10.79,,,,6.24,4.23,8.2,,,,2.96,1.07,4.68,,,,2.9,0.55,5.08,,,,9.0,58.0,14.0,8.0,8.0,2.0,1.0
2022-10-22,8.29,5.8,10.68,,,,62.95,60.3,65.37,,,,7.37,5.06,9.36,,,,8.64,6.45,10.77,,,,6.24,4.29,8.22,,,,2.96,1.08,4.67,,,,2.92,0.57,5.1,,,,,,,,,,
2022-10-23,8.29,5.79,10.71,,,,62.97,60.32,65.39,,,,7.35,4.99,9.36,,,,8.62,6.44,10.74,,,,6.24,4.32,8.24,,,,2.96,1.08,4.66,,,,2.94,0.57,5.12,,,,,,,,,,
2022-10-24,8.3,5.81,10.73,,,,63.0,60.34,65.45,,,,7.33,4.94,9.37,,,,8.6,6.39,10.73,,,,6.24,4.3,8.26,,,,2.96,1.08,4.64,,,,2.95,0.56,5.14,,,,,,,,,,
2022-10-25,8.31,5.83,10.77,,,,63.02,60.36,65.56,,,,7.31,4.88,9.38,,,,8.58,6.34,10.71,,,,6.24,4.32,8.28,,,,2.96,1.07,4.62,,,,2.97,0.56,5.15,,,,,,,,,,
2022-10-26,8.31,5.85,10.8,,,,63.04,60.39,65.62,,,,7.29,4.83,9.32,,,,8.57,6.38,10.67,,,,6.24,4.36,8.3,,,,2.96,1.05,4.61,,,,2.99,0.55,5.17,,,,8.0,61.0,11.0,7.0,8.0,3.0,1.0
2022-10-27,8.32,5.89,10.83,,,,63.05,60.43,65.64,,,,7.27,4.79,9.29,,,,8.55,6.41,10.67,,,,6.24,4.36,8.3,,,,2.96,1.04,4.6,,,,3.01,0.55,5.19,,,,,,,,,,
2022-10-28,8.33,5.86,10.84,,,,63.07,60.47,65.66,,,,7.25,4.73,9.28,,,,8.53,6.39,10.65,,,,6.24,4.32,8.28,,,,2.96,1.02,4.61,,,,3.02,0.55,5.23,,,,,,,,,,
2022-10-29,8.34,5.83,10.87,,,,63.09,60.51,65.68,,,,7.23,4.73,9.27,,,,8.51,6.35,10.63,,,,6.24,4.32,8.25,,,,2.96,1.0,4.61,,,,3.04,0.55,5.27,,,,,,,,,,
2022-10-30,8.36,5.82,10.91,,,,63.1,60.52,65.69,,,,7.22,4.73,9.25,,,,8.49,6.37,10.61,,,,6.24,4.33,8.26,,,,2.96,0.98,4.61,,,,3.05,0.56,5.27,,,,,,,,,,
2022-10-31,8.37,5.8,10.94,,,,63.11,60.53,65.71,,,,7.2,4.74,9.22,,,,8.48,6.38,10.59,,,,6.24,4.33,8.28,,,,2.95,0.97,4.61,,,,3.07,0.54,5.27,,,,,,,,,,
2022-11-01,8.38,5.79,10.98,,,,63.13,60.55,65.71,,,,7.19,4.75,9.18,,,,8.46,6.37,10.58,,,,6.24,4.34,8.3,,,,2.95,0.96,4.62,,,,3.08,0.53,5.27,,,,,,,,,,
2022-11-02,8.4,5.78,11.02,,,,63.14,60.59,65.72,,,,7.18,4.73,9.16,,,,8.44,6.34,10.57,,,,6.23,4.33,8.3,,,,2.95,0.96,4.62,,,,3.09,0.56,5.26,,,,10.0,61.0,5.0,8.0,2.0,6.0,4.0
2022-11-03,8.42,5.78,11.05,,,,63.15,60.6,65.72,,,,7.17,4.72,9.16,,,,8.42,6.34,10.55,,,,6.23,4.31,8.3,,,,2.95,0.95,4.62,,,,3.1,0.59,5.25,,,,,,,,,,
2022-11-04,8.43,5.82,11.05,,,,63.15,60.61,65.72,,,,7.16,4.71,9.11,,,,8.4,6.32,10.54,,,,6.23,4.27,8.29,,,,2.95,0.95,4.62,,,,3.12,0.61,5.25,,,,,,,,,,
2022-11-05,8.45,5.87,11.08,,,,63.16,60.63,65.72,,,,7.15,4.71,9.07,,,,8.38,6.29,10.53,,,,6.22,4.24,8.31,,,,2.94,0.94,4.61,,,,3.13,0.63,5.23,,,,,,,,,,
2022-11-06,8.47,5.86,11.14,,,,63.17,60.66,65.71,,,,7.14,4.71,9.04,,,,8.36,6.26,10.52,,,,6.22,4.21,8.33,,,,2.94,0.92,4.6,,,,3.14,0.65,5.23,,,,,,,,,,
2022-11-07,8.49,5.92,11.16,,,,63.17,60.68,65.71,,,,7.14,4.72,9.02,,,,8.35,6.24,10.48,,,,6.22,4.17,8.29,,,,2.94,0.92,4.59,,,,3.15,0.63,5.28,,,,,,,,,,
2022-11-08,8.52,5.94,11.16,,,,63.17,60.69,65.72,,,,7.13,4.73,9.01,,,,8.33,6.23,10.42,,,,6.21,4.13,8.25,,,,2.94,0.93,4.61,,,,3.16,0.55,5.33,,,,,,,,,,
2022-11-09,8.54,5.96,11.15,,,,63.18,60.72,65.71,,,,7.13,4.75,8.98,,,,8.31,6.22,10.46,,,,6.21,4.09,8.23,,,,2.93,0.93,4.63,,,,3.17,0.52,5.36,,,,,,,,,,
2022-11-10,8.56,6.0,11.14,,,,63.18,60.75,65.71,,,,7.12,4.76,8.96,,,,8.29,6.17,10.47,,,,6.2,4.11,8.21,,,,2.93,0.93,4.6,,,,3.18,0.51,5.4,,,,14.0,59.0,5.0,6.0,8.0,2.0,6.0
2022-11-11,8.59,5.99,11.16,,,,63.18,60.77,65.75,,,,7.12,4.8,8.93,,,,8.27,6.09,10.46,,,,6.19,4.13,8.19,,,,2.93,0.93,4.57,,,,3.18,0.51,5.38,,,,,,,,,,
2022-11-12,8.62,5.99,11.24,,,,63.18,60.75,65.77,,,,7.12,4.82,8.91,,,,8.25,6.04,10.46,,,,6.19,4.15,8.19,,,,2.93,0.93,4.54,,,,3.19,0.51,5.38,,,,,,,,,,
2022-11-13,8.64,6.01,11.33,,,,63.17,60.74,65.8,,,,7.11,4.83,8.91,,,,8.23,5.98,10.44,,,,6.18,4.14,8.2,,,,2.92,0.93,4.53,,,,3.2,0.51,5.36,,,,,,,,,,
2022-11-14,8.67,6.1,11.36,,,,63.17,60.74,65.81,,,,7.11,4.86,8.93,,,,8.22,5.93,10.4,,,,6.18,4.09,8.22,,,,2.92,0.91,4.52,,,,3.21,0.52,5.34,,,,,,,,,,
2022-11-15,8.7,6.19,11.39,,,,63.16,60.78,65.85,,,,7.11,4.85,8.92,,,,8.2,5.89,10.33,,,,6.17,4.06,8.23,,,,2.92,0.89,4.51,,,,3.22,0.52,5.33,,,,,,,,,,
2022-11-16,8.73,6.27,11.38,,,,63.15,60.76,65.88,,,,7.11,4.9,8.92,,,,8.18,5.93,10.27,,,,6.16,4.03,8.25,,,,2.91,0.87,4.55,,,,3.22,0.53,5.39,,,,13.0,63.0,8.0,6.0,4.0,1.0,1.0
2022-11-17,8.77,6.36,11.39,,,,63.14,60.75,65.93,,,,7.11,4.94,8.94,,,,8.17,5.96,10.25,,,,6.16,4.04,8.27,,,,2.91,0.88,4.59,,,,3.23,0.54,5.36,,,,,,,,,,
2022-11-18,8.8,6.43,11.39,,,,63.13,60.73,65.95,,,,7.11,4.98,8.95,,,,8.15,6.0,10.2,,,,6.15,4.05,8.28,,,,2.9,0.9,4.65,,,,3.24,0.57,5.41,,,,,,,,,,
2022-11-19,8.83,6.43,11.4,,,,63.12,60.7,65.96,,,,7.11,4.99,8.97,,,,8.14,6.04,10.22,,,,6.14,4.07,8.29,,,,2.9,0.89,4.69,,,,3.24,0.58,5.45,,,,,,,,,,
2022-11-20,8.87,6.42,11.49,,,,63.11,60.69,65.97,,,,7.11,4.97,8.99,,,,8.13,6.07,10.21,,,,6.14,4.09,8.28,,,,2.9,0.87,4.7,,,,3.25,0.6,5.41,,,,,,,,,,
2022-11-21,8.9,6.47,11.54,,,,63.09,60.66,65.98,,,,7.11,4.95,9.01,,,,8.11,6.11,10.17,,,,6.13,4.1,8.3,,,,2.89,0.85,4.68,,,,3.26,0.61,5.42,,,,,,,,,,
2022-11-22,8.94,6.49,11.6,,,,63.08,60.65,65.97,,,,7.11,4.94,9.03,,,,8.1,6.13,10.13,,,,6.12,4.11,8.31,,,,2.89,0.87,4.7,,,,3.26,0.64,5.45,,,,,,,,,,
2022-11-23,8.97,6.47,11.62,,,,63.06,60.65,65.98,,,,7.12,4.94,9.08,,,,8.09,6.07,10.08,,,,6.12,4.11,8.32,,,,2.88,0.9,4.7,,,,3.27,0.66,5.47,,,,5.0,73.0,6.0,5.0,5.0,2.0,3.0
2022-11-24,9.01,6.44,11.65,,,,63.04,60.64,65.96,,,,7.12,4.91,9.09,,,,8.08,6.01,10.06,,,,6.11,4.1,8.32,,,,2.88,0.91,4.7,,,,3.27,0.69,5.49,,,,,,,,,,
2022-11-25,9.05,6.42,11.67,,,,63.03,60.55,65.94,,,,7.12,4.9,9.11,,,,8.07,5.98,10.04,,,,6.1,4.1,8.33,,,,2.87,0.87,4.68,,,,3.28,0.67,5.51,,,,,,,,,,
2022-11-26,9.08,6.4,11.69,,,,63.01,60.52,65.92,,,,7.12,4.89,9.14,,,,8.06,5.96,10.02,,,,6.1,4.11,8.32,,,,2.87,0.8,4.66,,,,3.28,0.65,5.53,,,,,,,,,,
2022-11-27,9.12,6.39,11.71,,,,62.99,60.5,65.91,,,,7.12,4.89,9.16,,,,8.06,5.94,10.0,,,,6.09,4.17,8.31,,,,2.86,0.77,4.66,,,,3.29,0.67,5.55,,,,,,,,,,
2022-11-28,9.16,6.39,11.72,,,,62.97,60.49,65.9,,,,7.12,4.88,9.17,,,,8.05,5.92,9.99,,,,6.08,4.17,8.3,,,,2.86,0.77,4.67,,,,3.3,0.64,5.56,,,,,,,,,,
2022-11-29,9.2,6.39,11.74,,,,62.95,60.48,65.88,,,,7.11,4.88,9.19,,,,8.05,5.9,9.97,,,,6.08,4.15,8.29,,,,2.85,0.78,4.68,,,,3.3,0.59,5.58,,,,,,,,,,
2022-11-30,9.23,6.38,11.75,,,,62.93,60.42,65.87,,,,7.11,4.87,9.21,,,,8.04,5.89,9.97,,,,6.07,4.2,8.27,,,,2.84,0.78,4.69,,,,3.31,0.54,5.58,,,,12.0,61.0,7.0,10.0,2.0,2.0,4.0
2022-12-01,9.27,6.38,11.81,,,,62.91,60.39,65.85,,,,7.11,4.87,9.22,,,,8.04,5.87,9.96,,,,6.06,4.24,8.26,,,,2.84,0.74,4.71,,,,3.31,0.5,5.55,,,,,,,,,,
2022-12-02,9.31,6.38,11.87,,,,62.88,60.36,65.83,,,,7.11,4.87,9.24,,,,8.04,5.86,9.96,,,,6.06,4.21,8.24,,,,2.83,0.75,4.73,,,,3.32,0.46,5.59,,,,,,,,,,
2022-12-03,9.34,6.39,11.94,,,,62.86,60.33,65.82,,,,7.11,4.87,9.25,,,,8.04,5.85,10.0,,,,6.05,4.16,8.24,,,,2.83,0.75,4.72,,,,3.32,0.49,5.6,,,,,,,,,,
2022-12-04,9.38,6.44,11.99,,,,62.84,60.31,65.8,,,,7.11,4.87,9.22,,,,8.05,5.85,10.03,,,,6.05,4.12,8.26,,,,2.82,0.73,4.7,,,,3.33,0.54,5.62,,,,,,,,,,
2022-12-05,9.41,6.49,12.05,,,,62.81,60.28,65.79,,,,7.1,4.87,9.2,,,,8.05,5.84,10.07,,,,6.04,4.08,8.28,,,,2.82,0.72,4.68,,,,3.33,0.56,5.6,,,,,,,,,,
2022-12-06,9.45,6.54,12.01,,,,62.79,60.26,65.77,,,,7.1,4.91,9.17,,,,8.06,5.88,10.12,,,,6.03,4.05,8.3,,,,2.81,0.72,4.71,,,,3.34,0.55,5.62,,,,,,,,,,
2022-12-07,9.48,6.59,11.96,,,,62.76,60.23,65.74,,,,7.1,4.89,9.16,,,,8.07,5.92,10.16,,,,6.03,4.09,8.32,,,,2.8,0.72,4.74,,,,3.34,0.54,5.62,,,,2.0,59.0,7.0,13.0,4.0,4.0,9.0
2022-12-08,9.52,6.67,11.97,,,,62.74,60.2,65.72,,,,7.1,4.89,9.16,,,,8.08,5.92,10.2,,,,6.02,4.13,8.34,,,,2.8,0.73,4.74,,,,3.35,0.53,5.63,,,,,,,,,,
2022-12-09,9.55,6.71,12.0,,,,62.71,60.18,65.73,,,,7.09,4.88,9.16,,,,8.09,5.91,10.21,,,,6.01,4.12,8.35,,,,2.79,0.71,4.73,,,,3.35,0.52,5.62,,,,,,,,,,
2022-12-10,9.58,6.73,12.04,,,,62.69,60.15,65.73,,,,7.09,4.87,9.16,,,,8.11,5.89,10.23,,,,6.01,4.08,8.37,,,,2.79,0.66,4.72,,,,3.36,0.5,5.63,,,,,,,,,,
2022-12-11,9.61,6.72,12.07,,,,62.66,60.1,65.7,,,,7.09,4.88,9.17,,,,8.12,5.87,10.25,,,,6.0,4.1,8.38,,,,2.78,0.64,4.71,,,,3.36,0.42,5.65,,,,,,,,,,
2022-12-12,9.64,6.71,12.1,,,,62.64,60.03,65.66,,,,7.09,4.88,9.14,,,,8.14,5.85,10.27,,,,5.99,4.13,8.4,,,,2.77,0.62,4.71,,,,3.37,0.33,5.66,,,,,,,,,,
2022-12-13,9.66,6.7,12.13,,,,62.62,60.03,65.62,,,,7.09,4.88,9.14,,,,8.16,5.84,10.3,,,,5.99,4.14,8.41,,,,2.77,0.61,4.71,,,,3.37,0.32,5.67,,,,,,,,,,
2022-12-14,9.69,6.68,12.15,,,,62.59,60.03,65.59,,,,7.08,4.88,9.16,,,,8.18,5.85,10.33,,,,5.98,4.15,8.39,,,,2.76,0.6,4.67,,,,3.38,0.37,5.68,,,,,,,,,,
2022-12-15,9.71,6.7,12.18,,,,62.57,59.98,65.55,,,,7.08,4.89,9.13,,,,8.2,5.85,10.36,,,,5.98,4.15,8.37,,,,2.75,0.59,4.67,,,,3.38,0.41,5.69,,,,9.0,67.0,7.0,7.0,8.0,2.0,
2022-12-16,9.73,6.74,12.21,,,,62.54,59.88,65.52,,,,7.08,4.87,9.11,,,,8.22,5.85,10.39,,,,5.97,4.15,8.35,,,,2.74,0.64,4.68,,,,3.38,0.45,5.69,,,,,,,,,,
2022-12-17,9.76,6.76,12.23,,,,62.52,59.83,65.48,,,,7.08,4.81,9.11,,,,8.24,5.85,10.39,,,,5.97,4.14,8.33,,,,2.74,0.65,4.69,,,,3.39,0.46,5.72,,,,,,,,,,
2022-12-18,9.78,6.8,12.25,,,,62.5,59.89,65.45,,,,7.08,4.75,9.13,,,,8.27,5.85,10.39,,,,5.96,4.13,8.31,,,,2.73,0.62,4.69,,,,3.39,0.45,5.74,,,,,,,,,,
2022-12-19,9.79,6.83,12.26,,,,62.48,59.93,65.41,,,,7.08,4.75,9.16,,,,8.29,5.86,10.44,,,,5.96,4.12,8.28,,,,2.72,0.61,4.69,,,,3.39,0.45,5.76,,,,,,,,,,
2022-12-20,9.81,6.87,12.28,,,,62.46,59.82,65.38,,,,7.09,4.8,9.19,,,,8.32,5.87,10.49,,,,5.95,4.15,8.24,,,,2.71,0.58,4.69,,,,3.4,0.45,5.78,,,,,,,,,,
2022-12-21,9.83,6.9,12.29,,,,62.44,59.73,65.35,,,,7.09,4.84,9.22,,,,8.34,5.88,10.53,,,,5.95,4.17,8.24,,,,2.7,0.52,4.72,,,,3.4,0.45,5.8,,,,6.0,65.0,6.0,9.0,9.0,,4.0
2022-12-22,9.84,6.94,12.29,,,,62.42,59.71,65.32,,,,7.09,4.9,9.25,,,,8.37,5.89,10.58,,,,5.95,4.2,8.22,,,,2.7,0.49,4.78,,,,3.4,0.46,5.82,,,,,,,,,,
2022-12-23,9.85,6.97,12.3,,,,62.4,59.7,65.3,,,,7.09,4.9,9.29,,,,8.4,5.91,10.63,,,,5.95,4.2,8.19,,,,2.69,0.53,4.82,,,,3.4,0.51,5.84,,,,,,,,,,
2022-12-24,9.87,6.98,12.31,,,,62.38,59.68,65.29,,,,7.1,4.81,9.34,,,,8.42,5.92,10.67,,,,5.94,4.21,8.17,,,,2.68,0.55,4.87,,,,3.4,0.57,5.84,,,,,,,,,,
2022-12-25,9.88,6.98,12.32,,,,62.36,59.68,65.31,,,,7.1,4.77,9.39,,,,8.45,5.94,10.72,,,,5.94,4.2,8.13,,,,2.67,0.6,4.85,,,,3.4,0.62,5.86,,,,,,,,,,
2022-12-26,9.89,6.98,12.33,,,,62.35,59.68,65.33,,,,7.1,4.78,9.4,,,,8.48,5.95,10.76,,,,5.94,4.26,8.08,,,,2.66,0.6,4.85,,,,3.4,0.68,5.84,,,,,,,,,,
2022-12-27,9.9,6.98,12.34,,,,62.33,59.68,65.32,,,,7.11,4.79,9.41,,,,8.5,5.97,10.79,,,,5.94,4.25,8.04,,,,2.65,0.58,4.83,,,,3.4,0.71,5.77,,,,,,,,,,
2022-12-28,9.91,6.98,12.35,,,,62.31,59.68,65.31,,,,7.11,4.8,9.42,,,,8.53,5.99,10.81,,,,5.94,4.24,8.04,,,,2.64,0.56,4.8,,,,3.39,0.72,5.68,,,,,,,,,,
2022-12-29,9.92,6.98,12.33,,,,62.3,59.66,65.28,,,,7.12,4.81,9.44,,,,8.56,6.01,10.83,,,,5.94,4.23,8.03,,,,2.63,0.54,4.77,,,,3.39,0.77,5.67,,,,,,,,,,
2022-12-30,9.93,7.02,12.31,,,,62.28,59.64,65.18,,,,7.12,4.87,9.45,,,,8.58,6.03,10.85,,,,5.95,4.21,8.03,,,,2.62,0.51,4.74,,,,3.39,0.83,5.66,,,,,,,,,,
2022-12-31,9.94,7.07,12.31,,,,62.27,59.62,65.09,,,,7.13,4.92,9.46,,,,8.61,6.04,10.86,,,,5.95,4.21,8.02,,,,2.61,0.44,4.71,,,,3.39,0.88,5.66,,,,,,,,,,
2023-01-01,9.95,7.13,12.31,,,,62.26,59.61,65.07,,,,7.14,4.92,9.47,,,,8.63,6.08,10.88,,,,5.95,4.21,8.01,,,,2.61,0.37,4.68,,,,3.38,0.89,5.65,,,,,,,,,,
2023-01-02,9.96,7.16,12.31,,,,62.24,59.59,65.04,,,,7.14,4.9,9.49,,,,8.65,6.12,10.9,,,,5.95,4.2,8.01,,,,2.6,0.3,4.64,,,,3.38,0.82,5.67,,,,,,,,,,
2023-01-03,9.97,7.17,12.31,,,,62.22,59.57,64.94,,,,7.15,4.89,9.5,,,,8.68,6.16,10.93,,,,5.96,4.2,8.03,,,,2.59,0.25,4.6,,,,3.37,0.77,5.71,,,,,,,,,,
2023-01-04,9.98,7.2,12.31,,,,62.21,59.43,64.86,,,,7.16,4.88,9.48,,,,8.7,6.21,10.98,,,,5.96,4.19,8.08,,,,2.58,0.23,4.57,,,,3.37,0.77,5.65,,,,,,,,,,
2023-01-05,9.99,7.21,12.31,,,,62.19,59.31,64.77,,,,7.17,4.9,9.46,,,,8.72,6.27,11.03,,,,5.97,4.19,8.13,,,,2.57,0.22,4.57,,,,3.36,0.81,5.66,,,,14.0,59.0,6.0,9.0,9.0,3.0,2.0
2023-01-06,10.0,7.27,12.3,,,,62.17,59.19,64.78,,,,7.18,4.92,9.43,,,,8.75,6.36,11.08,,,,5.97,4.19,8.16,,,,2.56,0.22,4.59,,,,3.35,0.83,5.66,,,,,,,,,,
2023-01-07,10.02,7.29,12.3,,,,62.15,59.16,64.78,,,,7.2,4.94,9.44,,,,8.77,6.44,11.13,,,,5.98,4.19,8.19,,,,2.55,0.23,4.6,,,,3.35,0.86,5.64,,,,,,,,,,
2023-01-08,10.03,7.32,12.31,,,,62.13,59.19,64.78,,,,7.21,4.96,9.49,,,,8.79,6.49,11.17,,,,5.99,4.17,8.2,,,,2.54,0.2,4.6,,,,3.34,0.88,5.63,,,,,,,,,,
2023-01-09,10.04,7.39,12.35,,,,62.11,59.23,64.76,,,,7.22,4.98,9.49,,,,8.81,6.51,11.18,,,,6.0,4.18,8.17,,,,2.53,0.18,4.61,,,,3.33,0.91,5.63,,,,,,,,,,
2023-01-10,10.05,7.35,12.39,,,,62.08,59.27,64.72,,,,7.24,5.0,9.5,,,,8.84,6.54,11.25,,,,6.0,4.19,8.15,,,,2.52,0.19,4.59,,,,3.32,0.9,5.61,,,,,,,,,,
2023-01-11,10.06,7.37,12.35,,,,62.06,59.32,64.72,,,,7.25,5.02,9.49,,,,8.86,6.57,11.27,,,,6.01,4.2,8.13,,,,2.51,0.2,4.54,,,,3.31,0.88,5.58,,,,9.0,58.0,9.0,13.0,8.0,3.0,1.0
2023-01-12,10.08,7.4,12.33,,,,62.03,59.29,64.74,,,,7.27,5.04,9.49,,,,8.88,6.6,11.36,,,,6.02,4.21,8.1,,,,2.51,0.24,4.56,,,,3.3,0.86,5.56,,,,,,,,,,
2023-01-13,10.09,7.42,12.36,,,,62.0,59.22,64.76,,,,7.29,5.03,9.49,,,,8.9,6.63,11.41,,,,6.03,4.23,8.08,,,,2.5,0.21,4.58,,,,3.29,0.85,5.53,,,,,,,,,,
2023-01-14,10.1,7.44,12.39,,,,61.97,59.23,64.74,,,,7.31,5.05,9.58,,,,8.92,6.66,11.36,,,,6.04,4.25,8.08,,,,2.49,0.19,4.59,,,,3.27,0.84,5.53,,,,,,,,,,
2023-01-15,10.12,7.47,12.41,,,,61.94,59.27,64.71,,,,7.33,5.08,9.62,,,,8.94,6.69,11.38,,,,6.05,4.25,8.09,,,,2.48,0.2,4.57,,,,3.26,0.83,5.54,,,,,,,,,,
2023-01-16,10.13,7.49,12.44,,,,61.9,59.29,64.69,,,,7.35,5.12,9.7,,,,8.96,6.69,11.47,,,,6.06,4.27,8.02,,,,2.47,0.21,4.53,,,,3.25,0.82,5.54,,,,,,,,,,
2023-01-17,10.15,7.52,12.46,,,,61.87,59.26,64.63,,,,7.37,5.14,9.72,,,,8.98,6.72,11.47,,,,6.07,4.29,8.02,,,,2.46,0.18,4.52,,,,3.24,0.82,5.56,,,,,,,,,,
2023-01-18,10.16,7.54,12.48,,,,61.83,59.22,64.61,,,,7.39,5.19,9.75,,,,9.0,6.76,11.47,,,,6.08,4.31,8.04,,,,2.46,0.16,4.54,,,,3.22,0.81,5.55,,,,,,,,,,
2023-01-19,10.18,7.61,12.52,,,,61.79,59.17,64.58,,,,7.41,5.21,9.77,,,,9.02,6.81,11.46,,,,6.09,4.33,8.06,,,,2.45,0.14,4.56,,,,3.21,0.77,5.52,,,,11.0,69.0,3.0,6.0,5.0,3.0,
2023-01-20,10.2,7.7,12.51,,,,61.76,59.14,64.53,,,,7.43,5.24,9.78,,,,9.04,6.85,11.45,,,,6.1,4.3,8.09,,,,2.44,0.14,4.58,,,,3.19,0.73,5.49,,,,,,,,,,
2023-01-21,10.21,7.75,12.53,,,,61.72,59.03,64.48,,,,7.45,5.26,9.8,,,,9.05,6.9,11.45,,,,6.11,4.32,8.11,,,,2.44,0.16,4.6,,,,3.18,0.7,5.46,,,,,,,,,,
2023-01-22,10.23,7.76,12.53,,,,61.68,58.92,64.43,,,,7.47,5.29,9.82,,,,9.07,6.92,11.49,,,,6.11,4.34,8.12,,,,2.43,0.17,4.62,,,,3.16,0.66,5.43,,,,,,,,,,
2023-01-23,10.25,7.77,12.53,,,,61.64,58.81,64.37,,,,7.49,5.31,9.84,,,,9.08,6.92,11.5,,,,6.12,4.36,8.11,,,,2.42,0.18,4.64,,,,3.15,0.71,5.43,,,,,,,,,,
2023-01-24,10.27,7.78,12.53,,,,61.6,58.79,64.32,,,,7.51,5.34,9.87,,,,9.1,6.91,11.51,,,,6.13,4.37,8.11,,,,2.42,0.14,4.66,,,,3.13,0.69,5.4,,,,,,,,,,
2023-01-25,10.29,7.79,12.53,,,,61.56,58.79,64.26,,,,7.53,5.36,9.91,,,,9.11,6.91,11.53,,,,6.14,4.35,8.14,,,,2.41,0.1,4.68,,,,3.12,0.75,5.37,,,,15.0,52.0,10.0,7.0,6.0,3.0,2.0
2023-01-26,10.31,7.8,12.53,,,,61.52,58.81,64.19,,,,7.55,5.39,9.97,,,,9.12,6.92,11.55,,,,6.15,4.35,8.21,,,,2.4,0.06,4.66,,,,3.1,0.77,5.34,,,,,,,,,,
2023-01-27,10.33,7.83,12.56,,,,61.48,58.82,64.13,,,,7.57,5.41,10.02,,,,9.14,6.98,11.56,,,,6.15,4.35,8.27,,,,2.4,0.06,4.63,,,,3.09,0.77,5.31,,,,,,,,,,
2023-01-28,10.35,7.89,12.59,,,,61.44,58.78,64.06,,,,7.58,5.42,10.01,,,,9.15,7.04,11.59,,,,6.16,4.33,8.29,,,,2.39,0.06,4.6,,,,3.07,0.77,5.28,,,,,,,,,,
2023-01-29,10.37,7.93,12.62,,,,61.41,58.73,63.98,,,,7.6,5.42,10.0,,,,9.16,7.09,11.58,,,,6.16,4.3,8.32,,,,2.38,0.05,4.66,,,,3.06,0.78,5.25,,,,,,,,,,
2023-01-30,10.39,7.97,12.64,,,,61.37,58.66,63.94,,,,7.62,5.45,9.99,,,,9.17,7.1,11.6,,,,6.17,4.3,8.34,,,,2.38,0.05,4.64,,,,3.04,0.78,5.22,,,,,,,,,,
2023-01-31,10.41,8.01,12.66,,,,61.33,58.59,63.97,,,,7.64,5.5,10.0,,,,9.18,7.12,11.58,,,,6.17,4.29,8.31,,,,2.37,0.02,4.67,,,,3.03,0.81,5.19,,,,,,,,,,
2023-02-01,10.43,8.06,12.68,,,,61.3,58.52,63.96,,,,7.65,5.54,10.0,,,,9.18,7.14,11.58,,,,6.17,4.28,8.3,,,,2.36,-0.02,4.73,,,,3.02,0.84,5.16,,,,13.0,64.0,6.0,8.0,5.0,,4.0
2023-02-02,10.46,8.09,12.69,,,,61.27,58.51,63.94,,,,7.67,5.57,9.99,,,,9.19,7.14,11.58,,,,6.18,4.28,8.29,,,,2.36,-0.06,4.8,,,,3.0,0.87,5.13,,,,,,,,,,
2023-02-03,10.48,8.13,12.72,,,,61.23,58.49,63.97,,,,7.68,5.6,10.02,,,,9.2,7.14,11.58,,,,6.18,4.26,8.3,,,,2.35,-0.1,4.87,,,,2.99,0.84,5.1,,,,,,,,,,
2023-02-04,10.5,8.21,12.74,,,,61.2,58.48,63.92,,,,7.7,5.63,10.04,,,,9.2,7.16,11.57,,,,6.18,4.24,8.32,,,,2.34,-0.13,4.9,,,,2.97,0.86,5.07,,,,,,,,,,
2023-02-05,10.52,8.28,12.77,,,,61.17,58.43,63.86,,,,7.71,5.66,10.07,,,,9.21,7.17,11.57,,,,6.18,4.22,8.35,,,,2.34,-0.13,4.92,,,,2.96,0.88,5.05,,,,,,,,,,
2023-02-06,10.54,8.35,12.73,,,,61.14,58.37,63.8,,,,7.73,5.69,10.09,,,,9.21,7.18,11.56,,,,6.18,4.22,8.37,,,,2.33,-0.13,4.92,,,,2.95,0.91,5.02,,,,,,,,,,
2023-02-07,10.56,8.43,12.74,,,,61.11,58.31,63.74,,,,7.74,5.72,10.11,,,,9.22,7.2,11.55,,,,6.18,4.21,8.39,,,,2.32,-0.13,4.92,,,,2.94,0.94,5.0,,,,,,,,,,
2023-02-08,10.57,8.45,12.76,,,,61.09,58.25,63.68,,,,7.76,5.75,10.13,,,,9.22,7.2,11.55,,,,6.18,4.21,8.39,,,,2.31,-0.13,4.94,,,,2.92,0.98,4.97,,,,,,,,,,
2023-02-09,10.59,8.47,12.81,,,,61.06,58.19,63.62,,,,7.77,5.79,10.15,,,,9.23,7.21,11.54,,,,6.18,4.2,8.38,,,,2.31,-0.14,4.96,,,,2.91,1.01,4.95,,,,10.0,63.0,9.0,6.0,7.0,3.0,2.0
2023-02-10,10.61,8.53,12.82,,,,61.03,58.13,63.61,,,,7.79,5.82,10.17,,,,9.23,7.23,11.53,,,,6.18,4.2,8.38,,,,2.3,-0.13,4.98,,,,2.9,1.01,4.93,,,,,,,,,,
2023-02-11,10.62,8.6,12.79,,,,61.01,58.07,63.55,,,,7.8,5.86,10.19,,,,9.23,7.25,11.51,,,,6.18,4.2,8.38,,,,2.29,-0.18,5.0,,,,2.89,1.01,4.93,,,,,,,,,,
2023-02-12,10.64,8.62,12.78,,,,60.99,58.02,63.46,,,,7.81,5.89,10.21,,,,9.23,7.26,11.5,,,,6.17,4.22,8.38,,,,2.29,-0.23,4.97,,,,2.88,1.01,4.96,,,,,,,,,,
2023-02-13,10.65,8.64,12.78,,,,60.96,57.96,63.44,,,,7.83,5.93,10.21,,,,9.24,7.28,11.49,,,,6.17,4.21,8.38,,,,2.28,-0.18,4.93,,,,2.87,1.01,4.97,,,,,,,,,,
2023-02-14,10.66,8.64,12.77,,,,60.94,57.94,63.38,,,,7.84,5.97,10.21,,,,9.24,7.3,11.49,,,,6.17,4.2,8.38,,,,2.27,-0.12,4.9,,,,2.86,0.98,4.97,,,,,,,,,,
2023-02-15,10.67,8.65,12.8,,,,60.92,57.94,63.32,,,,7.85,6.01,10.2,,,,9.24,7.31,11.5,,,,6.16,4.19,8.42,,,,2.27,-0.12,4.87,,,,2.85,0.92,4.92,,,,10.0,67.0,4.0,10.0,2.0,2.0,5.0
2023-02-16,10.68,8.66,12.82,,,,60.9,57.93,63.28,,,,7.87,6.02,10.2,,,,9.25,7.3,11.49,,,,6.15,4.17,8.45,,,,2.26,-0.12,4.83,,,,2.85,0.87,4.95,,,,,,,,,,
2023-02-17,10.69,8.63,12.82,,,,60.89,57.94,63.26,,,,7.88,6.04,10.2,,,,9.25,7.27,11.5,,,,6.15,4.18,8.45,,,,2.25,-0.12,4.79,,,,2.84,0.82,4.96,,,,,,,,,,
2023-02-18,10.7,8.67,12.83,,,,60.87,57.94,63.26,,,,7.9,6.05,10.2,,,,9.25,7.26,11.5,,,,6.14,4.21,8.47,,,,2.25,-0.17,4.8,,,,2.84,0.77,4.94,,,,,,,,,,
2023-02-19,10.7,8.68,12.84,,,,60.85,57.95,63.26,,,,7.91,6.06,10.2,,,,9.25,7.28,11.49,,,,6.13,4.19,8.48,,,,2.24,-0.17,4.81,,,,2.83,0.72,4.93,,,,,,,,,,
2023-02-20,10.7,8.67,12.85,,,,60.83,57.94,63.26,,,,7.93,6.07,10.2,,,,9.26,7.31,11.49,,,,6.12,4.19,8.46,,,,2.24,-0.17,4.81,,,,2.83,0.67,4.91,,,,,,,,,,
2023-02-21,10.71,8.67,12.87,,,,60.82,57.95,63.26,,,,7.94,6.07,10.22,,,,9.26,7.31,11.49,,,,6.11,4.21,8.47,,,,2.23,-0.21,4.82,,,,2.83,0.62,4.9,,,,,,,,,,
2023-02-22,10.71,8.66,12.86,,,,60.8,57.96,63.26,,,,7.96,6.04,10.23,,,,9.26,7.28,11.48,,,,6.1,4.23,8.44,,,,2.23,-0.21,4.83,,,,2.82,0.58,4.92,,,,9.0,56.0,13.0,14.0,6.0,,3.0
2023-02-23,10.71,8.65,12.87,,,,60.78,57.97,63.23,,,,7.97,6.01,10.24,,,,9.27,7.26,11.5,,,,6.09,4.22,8.42,,,,2.22,-0.27,4.84,,,,2.82,0.58,4.94,,,,,,,,,,
2023-02-24,10.71,8.64,12.86,,,,60.77,57.94,63.23,,,,7.99,6.0,10.24,,,,9.27,7.24,11.52,,,,6.08,4.19,8.4,,,,2.22,-0.31,4.85,,,,2.82,0.59,4.96,,,,,,,,,,
2023-02-25,10.7,8.63,12.86,,,,60.75,57.91,63.22,,,,8.0,6.01,10.22,,,,9.28,7.27,11.55,,,,6.07,4.16,8.35,,,,2.21,-0.29,4.85,,,,2.83,0.61,5.01,,,,,,,,,,
2023-02-26,10.7,8.62,12.85,,,,60.73,57.86,63.2,,,,8.02,6.04,10.2,,,,9.28,7.26,11.57,,,,6.06,4.13,8.31,,,,2.21,-0.28,4.85,,,,2.83,0.62,5.04,,,,,,,,,,
2023-02-27,10.69,8.56,12.84,,,,60.72,57.82,63.17,,,,8.04,6.06,10.2,,,,9.29,7.24,11.59,,,,6.05,4.16,8.3,,,,2.2,-0.3,4.83,,,,2.83,0.6,5.06,,,,,,,,,,
2023-02-28,10.69,8.47,12.83,,,,60.7,57.78,63.14,,,,8.05,6.07,10.2,,,,9.29,7.24,11.6,,,,6.03,4.19,8.29,,,,2.2,-0.32,4.85,,,,2.83,0.61,5.04,,,,,,,,,,
2023-03-01,10.68,8.51,12.82,,,,60.69,57.73,63.11,,,,8.07,6.07,10.24,,,,9.3,7.26,11.63,,,,6.02,4.19,8.27,,,,2.19,-0.32,4.87,,,,2.84,0.6,5.06,,,,9.0,61.0,10.0,10.0,6.0,1.0,3.0
2023-03-02,10.67,8.57,12.8,,,,60.67,57.69,63.08,,,,8.09,6.07,10.25,,,,9.3,7.27,11.65,,,,6.01,4.18,8.26,,,,2.19,-0.3,4.88,,,,2.84,0.59,5.07,,,,,,,,,,
2023-03-03,10.66,8.57,12.79,,,,60.66,57.65,63.04,,,,8.11,6.07,10.25,,,,9.31,7.29,11.67,,,,6.0,4.17,8.25,,,,2.18,-0.28,4.88,,,,2.85,0.58,5.06,,,,,,,,,,
2023-03-04,10.65,8.56,12.78,,,,60.64,57.6,63.04,,,,8.13,6.07,10.25,,,,9.31,7.29,11.69,,,,5.99,4.16,8.23,,,,2.18,-0.23,4.88,,,,2.85,0.59,5.03,,,,,,,,,,
2023-03-05,10.64,8.53,12.79,,,,60.63,57.58,63.04,,,,8.15,6.06,10.25,,,,9.32,7.26,11.7,,,,5.98,4.15,8.23,,,,2.18,-0.24,4.87,,,,2.86,0.59,5.02,,,,,,,,,,
2023-03-06,10.63,8.46,12.8,,,,60.61,57.62,63.06,,,,8.16,6.05,10.26,,,,9.33,7.24,11.71,,,,5.97,4.13,8.22,,,,2.17,-0.21,4.87,,,,2.87,0.6,5.0,,,,,,,,,,
2023-03-07,10.61,8.4,12.79,,,,60.6,57.62,62.98,,,,8.18,6.05,10.26,,,,9.33,7.2,11.72,,,,5.96,4.11,8.22,,,,2.17,-0.21,4.86,,,,2.87,0.62,4.98,,,,,,,,,,
2023-03-08,10.6,8.34,12.78,,,,60.59,57.63,62.98,,,,8.2,6.06,10.28,,,,9.34,7.18,11.73,,,,5.95,4.11,8.21,,,,2.16,-0.19,4.85,,,,2.88,0.63,4.95,,,,7.0,63.0,9.0,11.0,6.0,1.0,1.0
2023-03-09,10.59,8.28,12.76,,,,60.57,57.57,62.98,,,,8.22,6.04,10.29,,,,9.35,7.14,11.74,,,,5.94,4.1,8.2,,,,2.16,-0.17,4.83,,,,2.88,0.64,4.93,,,,,,,,,,
2023-03-10,10.57,8.24,12.75,,,,60.56,57.5,62.98,,,,8.24,6.03,10.31,,,,9.35,7.14,11.76,,,,5.93,4.1,8.19,,,,2.15,-0.18,4.81,,,,2.89,0.65,4.95,,,,,,,,,,
2023-03-11,10.55,8.22,12.75,,,,60.55,57.51,62.98,,,,8.26,6.02,10.32,,,,9.36,7.16,11.77,,,,5.92,4.09,8.19,,,,2.15,-0.24,4.79,,,,2.9,0.67,4.97,,,,,,,,,,
2023-03-12,10.54,8.19,12.73,,,,60.54,57.47,62.96,,,,8.28,6.01,10.33,,,,9.37,7.17,11.77,,,,5.91,4.09,8.18,,,,2.14,-0.24,4.77,,,,2.9,0.68,4.99,,,,,,,,,,
2023-03-13,10.52,8.16,12.72,,,,60.53,57.42,62.93,,,,8.3,6.0,10.33,,,,9.38,7.16,11.76,,,,5.9,4.1,8.17,,,,2.14,-0.32,4.74,,,,2.91,0.71,5.01,,,,,,,,,,
2023-03-14,10.51,8.13,12.72,,,,60.52,57.38,62.91,,,,8.31,6.06,10.32,,,,9.38,7.18,11.75,,,,5.9,4.12,8.15,,,,2.14,-0.39,4.72,,,,2.91,0.73,5.04,,,,,,,,,,
2023-03-15,10.49,8.1,12.71,,,,60.5,57.34,62.91,,,,8.33,6.11,10.32,,,,9.39,7.2,11.74,,,,5.89,4.09,8.14,,,,2.13,-0.41,4.76,,,,2.92,0.76,5.06,,,,,,,,,,
2023-03-16,10.47,8.07,12.7,,,,60.49,57.29,62.89,,,,8.35,6.12,10.32,,,,9.4,7.21,11.74,,,,5.88,4.06,8.13,,,,2.13,-0.43,4.79,,,,2.92,0.79,5.09,,,,17.0,58.0,5.0,6.0,9.0,2.0,3.0
2023-03-17,10.46,8.04,12.67,,,,60.48,57.28,62.87,,,,8.36,6.09,10.37,,,,9.41,7.17,11.73,,,,5.87,4.04,8.11,,,,2.12,-0.43,4.77,,,,2.93,0.82,5.11,,,,,,,,,,
2023-03-18,10.44,8.01,12.66,,,,60.47,57.23,62.89,,,,8.38,6.07,10.36,,,,9.42,7.12,11.74,,,,5.87,4.06,8.1,,,,2.12,-0.41,4.75,,,,2.93,0.85,5.14,,,,,,,,,,
2023-03-19,10.42,7.98,12.65,,,,60.46,57.18,62.88,,,,8.4,6.06,10.36,,,,9.43,7.12,11.79,,,,5.86,4.08,8.1,,,,2.11,-0.4,4.73,,,,2.93,0.84,5.15,,,,,,,,,,
2023-03-20,10.41,7.95,12.64,,,,60.44,57.13,62.87,,,,8.41,6.03,10.35,,,,9.44,7.12,11.79,,,,5.85,4.1,8.09,,,,2.11,-0.39,4.68,,,,2.94,0.84,5.15,,,,,,,,,,
2023-03-21,10.39,7.94,12.66,,,,60.43,57.11,62.81,,,,8.42,6.01,10.37,,,,9.45,7.12,11.79,,,,5.85,4.12,8.08,,,,2.11,-0.37,4.64,,,,2.94,0.84,5.15,,,,,,,,,,
2023-03-22,10.38,7.91,12.69,,,,60.41,57.08,62.74,,,,8.44,6.02,10.38,,,,9.46,7.12,11.8,,,,5.84,4.1,8.06,,,,2.1,-0.35,4.63,,,,2.94,0.85,5.22,,,,13.0,59.0,9.0,9.0,6.0,2.0,
2023-03-23,10.36,7.88,12.71,,,,60.4,57.06,62.7,,,,8.45,6.04,10.39,,,,9.47,7.14,11.8,,,,5.84,4.08,8.06,,,,2.1,-0.34,4.65,,,,2.95,0.86,5.26,,,,,,,,,,
2023-03-24,10.35,7.86,12.74,,,,60.38,57.03,62.7,,,,8.46,6.04,10.43,,,,9.48,7.15,11.81,,,,5.83,4.08,8.07,,,,2.1,-0.32,4.68,,,,2.95,0.88,5.25,,,,,,,,,,
2023-03-25,10.34,7.85,12.74,,,,60.36,57.02,62.68,,,,8.47,6.05,10.47,,,,9.49,7.13,11.83,,,,5.82,4.08,8.06,,,,2.1,-0.3,4.71,,,,2.95,0.89,5.21,,,,,,,,,,
2023-03-26,10.32,7.82,12.74,,,,60.34,57.09,62.67,,,,8.48,6.07,10.5,,,,9.51,7.13,11.88,,,,5.82,4.05,8.04,,,,2.1,-0.28,4.75,,,,2.95,0.91,5.22,,,,,,,,,,
2023-03-27,10.31,7.79,12.73,,,,60.32,57.13,62.7,,,,8.49,6.08,10.55,,,,9.52,7.13,11.87,,,,5.81,4.03,8.02,,,,2.1,-0.26,4.79,,,,2.95,0.89,5.23,,,,,,,,,,
2023-03-28,10.3,7.77,12.72,,,,60.3,57.11,62.73,,,,8.5,6.09,10.58,,,,9.53,7.16,11.88,,,,5.81,4.02,8.0,,,,2.1,-0.24,4.82,,,,2.95,0.86,5.23,,,,,,,,,,
2023-03-29,10.29,7.75,12.73,,,,60.28,57.09,62.71,,,,8.51,6.09,10.62,,,,9.55,7.15,11.9,,,,5.8,3.98,8.01,,,,2.1,-0.24,4.86,,,,2.95,0.85,5.24,,,,,,,,,,
2023-03-30,10.28,7.73,12.77,,,,60.26,57.12,62.69,,,,8.51,6.04,10.65,,,,9.56,7.16,11.91,,,,5.79,3.96,8.01,,,,2.1,-0.23,4.85,,,,2.95,0.85,5.24,,,,9.0,54.0,10.0,13.0,4.0,3.0,4.0
2023-03-31,10.28,7.71,12.75,,,,60.24,57.13,62.72,,,,8.52,6.03,10.67,,,,9.58,7.18,11.93,,,,5.79,3.94,8.01,,,,2.1,-0.22,4.83,,,,2.95,0.85,5.26,,,,,,,,,,
2023-04-01,10.27,7.7,12.7,,,,60.22,57.16,62.69,,,,8.52,6.08,10.69,,,,9.59,7.18,11.94,,,,5.78,3.93,8.02,,,,2.11,-0.16,4.79,,,,2.95,0.85,5.26,,,,,,,,,,
2023-04-02,10.26,7.72,12.69,,,,60.2,57.19,62.71,,,,8.52,6.11,10.72,,,,9.61,7.19,11.95,,,,5.78,3.91,8.01,,,,2.11,-0.15,4.75,,,,2.94,0.86,5.26,,,,,,,,,,
2023-04-03,10.26,7.69,12.69,,,,60.18,57.21,62.73,,,,8.53,6.09,10.74,,,,9.62,7.2,11.96,,,,5.77,3.89,8.01,,,,2.11,-0.13,4.73,,,,2.94,0.89,5.25,,,,,,,,,,
2023-04-04,10.25,7.64,12.68,,,,60.16,57.24,62.75,,,,8.53,6.13,10.72,,,,9.64,7.22,11.96,,,,5.76,3.86,8.01,,,,2.12,-0.14,4.77,,,,2.94,0.88,5.24,,,,,,,,,,
2023-04-05,10.24,7.62,12.67,,,,60.14,57.26,62.78,,,,8.53,6.16,10.76,,,,9.66,7.24,11.97,,,,5.75,3.85,8.01,,,,2.12,-0.16,4.74,,,,2.93,0.92,5.22,,,,,,,,,,
2023-04-06,10.24,7.58,12.66,,,,60.12,57.28,62.77,,,,8.53,6.17,10.81,,,,9.67,7.26,12.01,,,,5.75,3.83,8.01,,,,2.13,-0.15,4.71,,,,2.93,0.91,5.22,,,,6.0,64.0,11.0,8.0,7.0,1.0,2.0
2023-04-07,10.24,7.56,12.67,,,,60.1,57.27,62.78,,,,8.53,6.15,10.83,,,,9.69,7.26,12.01,,,,5.74,3.82,8.04,,,,2.13,-0.11,4.66,,,,2.93,0.91,5.2,,,,,,,,,,
2023-04-08,10.23,7.53,12.68,,,,60.08,57.21,62.83,,,,8.53,6.14,10.81,,,,9.71,7.28,11.97,,,,5.73,3.81,8.02,,,,2.14,-0.08,4.62,,,,2.92,0.88,5.19,,,,,,,,,,
2023-04-09,10.23,7.5,12.69,,,,60.06,57.16,62.83,,,,8.52,6.13,10.78,,,,9.73,7.3,11.95,,,,5.72,3.82,8.03,,,,2.15,-0.04,4.58,,,,2.92,0.85,5.2,,,,,,,,,,
2023-04-10,10.23,7.51,12.67,,,,60.04,57.2,62.8,,,,8.52,6.12,10.75,,,,9.74,7.36,11.97,,,,5.71,3.82,8.05,,,,2.16,-0.01,4.53,,,,2.91,0.86,5.14,,,,,,,,,,
2023-04-11,10.23,7.51,12.68,,,,60.02,57.18,62.77,,,,8.52,6.11,10.71,,,,9.76,7.39,11.97,,,,5.7,3.8,8.02,,,,2.16,-0.02,4.49,,,,2.91,0.88,5.11,,,,,,,,,,
2023-04-12,10.23,7.49,12.7,,,,60.01,57.14,62.75,,,,8.51,6.1,10.72,,,,9.78,7.42,11.97,,,,5.69,3.76,8.0,,,,2.17,-0.04,4.44,,,,2.9,0.86,5.08,,,,,,,,,,
2023-04-13,10.23,7.48,12.69,,,,59.99,57.1,62.83,,,,8.5,6.09,10.74,,,,9.79,7.45,11.96,,,,5.68,3.75,8.0,,,,2.18,-0.05,4.4,,,,2.89,0.86,5.07,,,,15.0,58.0,4.0,9.0,7.0,2.0,3.0
2023-04-14,10.23,7.47,12.7,,,,59.98,57.11,62.86,,,,8.5,6.08,10.75,,,,9.81,7.48,11.96,,,,5.67,3.73,7.95,,,,2.19,-0.06,4.43,,,,2.89,0.84,5.06,,,,,,,,,,
2023-04-15,10.23,7.49,12.72,,,,59.96,57.11,62.85,,,,8.49,6.08,10.77,,,,9.83,7.5,11.97,,,,5.65,3.72,7.94,,,,2.2,-0.06,4.47,,,,2.88,0.8,5.06,,,,,,,,,,
2023-04-16,10.23,7.52,12.73,,,,59.95,57.13,62.79,,,,8.48,6.07,10.78,,,,9.84,7.52,11.99,,,,5.64,3.7,7.93,,,,2.21,-0.09,4.44,,,,2.87,0.79,5.09,,,,,,,,,,
2023-04-17,10.24,7.52,12.75,,,,59.94,57.09,62.73,,,,8.47,6.06,10.78,,,,9.86,7.55,12.02,,,,5.63,3.68,7.92,,,,2.22,-0.1,4.46,,,,2.87,0.73,5.11,,,,,,,,,,
2023-04-18,10.24,7.51,12.76,,,,59.93,57.04,62.8,,,,8.47,6.04,10.78,,,,9.87,7.59,12.04,,,,5.61,3.67,7.91,,,,2.23,-0.12,4.48,,,,2.86,0.67,5.14,,,,,,,,,,
2023-04-19,10.25,7.54,12.78,,,,59.92,57.0,62.82,,,,8.46,6.03,10.72,,,,9.89,7.63,12.06,,,,5.59,3.66,7.9,,,,2.24,-0.13,4.49,,,,2.86,0.61,5.16,,,,7.0,70.0,8.0,9.0,3.0,,3.0
2023-04-20,10.25,7.6,12.75,,,,59.91,57.06,62.81,,,,8.45,6.03,10.71,,,,9.9,7.61,12.08,,,,5.58,3.64,7.89,,,,2.25,-0.14,4.51,,,,2.85,0.55,5.18,,,,,,,,,,
2023-04-21,10.26,7.6,12.81,,,,59.91,57.14,62.8,,,,8.44,6.04,10.73,,,,9.92,7.64,12.1,,,,5.56,3.63,7.89,,,,2.26,-0.09,4.53,,,,2.84,0.53,5.19,,,,,,,,,,
2023-04-22,10.26,7.61,12.82,,,,59.9,57.21,62.79,,,,8.43,6.05,10.75,,,,9.93,7.66,12.11,,,,5.54,3.62,7.86,,,,2.27,-0.03,4.54,,,,2.83,0.54,5.21,,,,,,,,,,
2023-04-23,10.27,7.62,12.84,,,,59.9,57.18,62.78,,,,8.42,6.06,10.77,,,,9.95,7.67,12.13,,,,5.52,3.6,7.85,,,,2.28,0.03,4.56,,,,2.83,0.56,5.23,,,,,,,,,,
2023-04-24,10.28,7.61,12.85,,,,59.89,57.14,62.82,,,,8.41,6.04,10.76,,,,9.96,7.69,12.15,,,,5.5,3.57,7.84,,,,2.29,0.03,4.58,,,,2.82,0.58,5.24,,,,,,,,,,
2023-04-25,10.29,7.6,12.87,,,,59.89,57.12,62.87,,,,8.4,6.05,10.76,,,,9.98,7.72,12.17,,,,5.48,3.52,7.82,,,,2.3,-0.06,4.58,,,,2.82,0.6,5.24,,,,,,,,,,
2023-04-26,10.3,7.6,12.87,,,,59.89,57.09,62.88,,,,8.38,6.05,10.72,,,,9.99,7.74,12.19,,,,5.46,3.47,7.8,,,,2.31,-0.1,4.6,,,,2.81,0.56,5.22,,,,,,,,,,
2023-04-27,10.31,7.59,12.88,,,,59.9,57.06,62.86,,,,8.37,6.07,10.68,,,,10.0,7.74,12.2,,,,5.44,3.42,7.78,,,,2.32,-0.05,4.61,,,,2.8,0.52,5.2,,,,7.0,58.0,8.0,11.0,10.0,,3.0
2023-04-28,10.32,7.59,12.89,,,,59.9,57.09,62.86,,,,8.36,6.09,10.64,,,,10.01,7.74,12.2,,,,5.41,3.37,7.76,,,,2.33,-0.01,4.55,,,,2.8,0.51,5.2,,,,,,,,,,
2023-04-29,10.33,7.59,12.91,,,,59.9,57.12,62.89,,,,8.35,6.11,10.59,,,,10.03,7.74,12.21,,,,5.39,3.32,7.74,,,,2.34,0.03,4.56,,,,2.79,0.51,5.2,,,,,,,,,,
2023-04-30,10.34,7.58,12.91,,,,59.91,57.16,62.91,,,,8.34,6.14,10.61,,,,10.04,7.74,12.22,,,,5.36,3.28,7.72,,,,2.35,0.02,4.6,,,,2.79,0.54,5.19,,,,,,,,,,
2023-05-01,10.34,7.58,12.91,,,,59.92,57.16,62.92,,,,8.33,6.16,10.63,,,,10.05,7.74,12.22,,,,5.34,3.26,7.69,,,,2.37,-0.0,4.63,,,,2.78,0.53,5.2,,,,,,,,,,
2023-05-02,10.35,7.58,12.93,,,,59.93,57.22,62.93,,,,8.32,6.17,10.65,,,,10.06,7.75,12.23,,,,5.31,3.24,7.66,,,,2.38,-0.01,4.67,,,,2.78,0.5,5.22,,,,,,,,,,
2023-05-03,10.36,7.57,12.95,,,,59.94,57.28,62.94,,,,8.31,6.19,10.67,,,,10.07,7.75,12.23,,,,5.29,3.22,7.67,,,,2.39,-0.0,4.71,,,,2.78,0.48,5.28,,,,,,,,,,
2023-05-04,10.37,7.57,12.97,,,,59.95,57.31,63.03,,,,8.3,6.2,10.68,,,,10.09,7.75,12.3,,,,5.26,3.2,7.66,,,,2.4,0.03,4.75,,,,2.77,0.47,5.31,,,,13.0,52.0,10.0,11.0,5.0,4.0,
2023-05-05,10.38,7.61,12.98,,,,59.96,57.36,63.09,,,,8.28,6.2,10.69,,,,10.1,7.8,12.32,,,,5.23,3.19,7.61,,,,2.41,0.06,4.79,,,,2.77,0.47,5.29,,,,,,,,,,
2023-05-06,10.39,7.66,13.0,,,,59.98,57.39,63.12,,,,8.27,6.2,10.71,,,,10.11,7.85,12.33,,,,5.21,3.18,7.56,,,,2.42,0.08,4.83,,,,2.77,0.48,5.26,,,,,,,,,,
2023-05-07,10.4,7.7,13.03,,,,60.0,57.39,63.16,,,,8.26,6.21,10.72,,,,10.12,7.9,12.34,,,,5.18,3.18,7.51,,,,2.43,0.12,4.86,,,,2.77,0.46,5.22,,,,,,,,,,
2023-05-08,10.4,7.75,13.07,,,,60.01,57.4,63.18,,,,8.25,6.23,10.72,,,,10.13,7.96,12.37,,,,5.15,3.17,7.46,,,,2.44,0.16,4.9,,,,2.77,0.43,5.19,,,,,,,,,,
2023-05-09,10.41,7.79,13.1,,,,60.03,57.4,63.2,,,,8.24,6.21,10.7,,,,10.14,8.03,12.43,,,,5.12,3.17,7.4,,,,2.45,0.21,4.93,,,,2.77,0.41,5.17,,,,,,,,,,
2023-05-10,10.42,7.79,13.08,,,,60.05,57.42,63.25,,,,8.23,6.21,10.68,,,,10.15,8.09,12.44,,,,5.09,3.17,7.35,,,,2.46,0.25,4.91,,,,2.77,0.4,5.13,,,,8.0,64.0,12.0,6.0,3.0,2.0,5.0
2023-05-11,10.43,7.78,13.07,,,,60.07,57.4,63.28,,,,8.22,6.21,10.67,,,,10.16,8.14,12.44,,,,5.06,3.14,7.29,,,,2.47,0.27,4.89,,,,2.77,0.39,5.09,,,,,,,,,,
2023-05-12,10.43,7.76,13.07,,,,60.1,57.42,63.31,,,,8.21,6.21,10.75,,,,10.17,8.15,12.44,,,,5.03,3.1,7.24,,,,2.48,0.24,4.96,,,,2.77,0.38,5.06,,,,,,,,,,
2023-05-13,10.44,7.74,13.09,,,,60.12,57.46,63.35,,,,8.2,6.16,10.73,,,,10.18,8.16,12.44,,,,5.0,3.08,7.2,,,,2.48,0.23,4.95,,,,2.77,0.36,5.04,,,,,,,,,,
2023-05-14,10.44,7.82,13.02,,,,60.14,57.5,63.38,,,,8.2,6.11,10.7,,,,10.19,8.17,12.43,,,,4.97,3.08,7.17,,,,2.49,0.21,4.87,,,,2.77,0.35,5.02,,,,,,,,,,
2023-05-15,10.45,7.86,12.96,,,,60.17,57.53,63.41,,,,8.19,6.13,10.67,,,,10.19,8.17,12.43,,,,4.94,3.06,7.14,,,,2.5,0.21,4.85,,,,2.77,0.34,5.04,,,,,,,,,,
2023-05-16,10.45,7.87,12.97,,,,60.19,57.56,63.43,,,,8.18,6.14,10.65,,,,10.2,8.18,12.43,,,,4.91,3.02,7.08,,,,2.51,0.25,4.87,,,,2.77,0.33,5.08,,,,,,,,,,
2023-05-17,10.46,7.88,12.98,,,,60.21,57.6,63.46,,,,8.17,6.17,10.61,,,,10.21,8.2,12.48,,,,4.89,2.98,7.04,,,,2.51,0.27,4.91,,,,2.78,0.33,5.1,,,,,,,,,,
2023-05-18,10.46,7.9,12.94,,,,60.24,57.64,63.49,,,,8.17,6.2,10.59,,,,10.22,8.25,12.53,,,,4.86,2.95,7.01,,,,2.52,0.3,4.91,,,,2.78,0.33,5.08,,,,12.0,58.0,9.0,10.0,6.0,2.0,2.0
2023-05-19,10.47,7.93,12.89,,,,60.26,57.69,63.55,,,,8.16,6.23,10.61,,,,10.23,8.27,12.57,,,,4.83,2.91,7.01,,,,2.52,0.34,5.0,,,,2.78,0.33,5.05,,,,,,,,,,
2023-05-20,10.47,7.92,12.92,,,,60.29,57.73,63.61,,,,8.16,6.22,10.63,,,,10.24,8.29,12.6,,,,4.8,2.87,6.98,,,,2.53,0.37,5.05,,,,2.78,0.34,5.04,,,,,,,,,,
2023-05-21,10.48,7.92,12.94,,,,60.31,57.75,63.65,,,,8.16,6.22,10.65,,,,10.25,8.31,12.65,,,,4.77,2.83,6.95,,,,2.53,0.41,5.09,,,,2.79,0.35,5.02,,,,,,,,,,
2023-05-22,10.48,7.93,12.98,,,,60.34,57.78,63.73,,,,8.15,6.22,10.67,,,,10.26,8.32,12.64,,,,4.74,2.8,6.9,,,,2.54,0.45,5.15,,,,2.79,0.36,5.0,,,,,,,,,,
2023-05-23,10.49,7.99,13.02,,,,60.36,57.79,63.78,,,,8.15,6.21,10.68,,,,10.26,8.34,12.62,,,,4.71,2.78,6.81,,,,2.54,0.47,5.21,,,,2.79,0.37,5.01,,,,,,,,,,
2023-05-24,10.49,7.99,13.05,,,,60.39,57.83,63.84,,,,8.15,6.21,10.73,,,,10.27,8.35,12.62,,,,4.68,2.75,6.76,,,,2.54,0.49,5.3,,,,2.8,0.39,5.02,,,,,,,,,,
2023-05-25,10.5,7.99,13.09,,,,60.41,57.83,63.89,,,,8.15,6.2,10.8,,,,10.28,8.36,12.6,,,,4.65,2.72,6.72,,,,2.55,0.54,5.38,,,,2.8,0.4,5.03,,,,,,,,,,
2023-05-26,10.5,8.03,13.1,,,,60.43,57.83,63.94,,,,8.15,6.2,10.79,,,,10.29,8.38,12.58,,,,4.63,2.7,6.72,,,,2.55,0.53,5.34,,,,2.8,0.42,5.04,,,,9.0,59.0,11.0,11.0,6.0,,3.0
2023-05-27,10.5,8.07,13.11,,,,60.46,57.83,63.98,,,,8.14,6.2,10.77,,,,10.3,8.38,12.55,,,,4.6,2.67,6.72,,,,2.55,0.49,5.32,,,,2.81,0.44,5.03,,,,,,,,,,
2023-05-28,10.51,8.12,13.08,,,,60.48,57.83,64.01,,,,8.14,6.19,10.75,,,,10.31,8.37,12.53,,,,4.57,2.65,6.7,,,,2.55,0.45,5.28,,,,2.81,0.47,5.01,,,,,,,,,,
2023-05-29,10.51,8.16,13.03,,,,60.5,57.84,64.04,,,,8.14,6.2,10.73,,,,10.31,8.36,12.51,,,,4.55,2.63,6.73,,,,2.55,0.42,5.24,,,,2.82,0.5,4.99,,,,,,,,,,
2023-05-30,10.52,8.18,12.98,,,,60.52,57.86,64.04,,,,8.14,6.17,10.71,,,,10.32,8.36,12.48,,,,4.52,2.61,6.76,,,,2.55,0.38,5.28,,,,2.82,0.53,4.97,,,,,,,,,,
2023-05-31,10.52,8.23,12.92,,,,60.54,57.86,64.02,,,,8.14,6.14,10.7,,,,10.33,8.37,12.45,,,,4.5,2.6,6.77,,,,2.55,0.34,5.32,,,,2.82,0.56,4.95,,,,8.0,64.0,5.0,9.0,5.0,1.0,1.0
2023-06-01,10.53,8.27,12.95,,,,60.56,57.88,64.0,,,,8.14,6.13,10.69,,,,10.34,8.37,12.42,,,,4.48,2.57,6.78,,,,2.55,0.31,5.29,,,,2.83,0.58,4.94,,,,,,,,,,
2023-06-02,10.53,8.32,13.03,,,,60.57,57.89,64.03,,,,8.14,6.11,10.67,,,,10.35,8.37,12.44,,,,4.45,2.56,6.76,,,,2.54,0.28,5.36,,,,2.83,0.57,4.92,,,,,,,,,,
2023-06-03,10.54,8.36,13.09,,,,60.59,57.9,64.09,,,,8.14,6.13,10.64,,,,10.37,8.37,12.47,,,,4.43,2.55,6.7,,,,2.54,0.25,5.46,,,,2.83,0.56,4.92,,,,,,,,,,
2023-06-04,10.55,8.41,13.09,,,,60.6,57.91,64.16,,,,8.14,6.1,10.62,,,,10.38,8.38,12.51,,,,4.41,2.54,6.63,,,,2.54,0.22,5.55,,,,2.84,0.6,4.96,,,,,,,,,,
2023-06-05,10.55,8.46,13.07,,,,60.61,57.93,64.14,,,,8.14,6.07,10.58,,,,10.39,8.4,12.54,,,,4.39,2.53,6.64,,,,2.53,0.2,5.59,,,,2.84,0.59,4.98,,,,,,,,,,
2023-06-06,10.56,8.52,13.04,,,,60.62,57.94,64.1,,,,8.14,6.05,10.55,,,,10.4,8.41,12.58,,,,4.37,2.52,6.65,,,,2.53,0.17,5.64,,,,2.84,0.57,4.99,,,,,,,,,,
2023-06-07,10.57,8.54,13.01,,,,60.63,57.96,64.06,,,,8.14,6.03,10.5,,,,10.41,8.43,12.62,,,,4.35,2.48,6.67,,,,2.52,0.17,5.68,,,,2.85,0.62,4.99,,,,13.0,56.0,4.0,14.0,2.0,5.0,4.0
2023-06-08,10.58,8.53,13.03,,,,60.64,57.93,64.02,,,,8.14,6.02,10.47,,,,10.43,8.46,12.66,,,,4.34,2.47,6.68,,,,2.52,0.15,5.71,,,,2.85,0.67,5.0,,,,,,,,,,
2023-06-09,10.59,8.52,13.0,,,,60.65,57.93,63.98,,,,8.14,6.01,10.41,,,,10.44,8.48,12.7,,,,4.32,2.47,6.66,,,,2.51,0.12,5.73,,,,2.85,0.67,5.01,,,,,,,,,,
2023-06-10,10.6,8.55,12.97,,,,60.65,57.93,63.99,,,,8.14,6.0,10.37,,,,10.45,8.51,12.74,,,,4.3,2.48,6.63,,,,2.51,0.09,5.7,,,,2.86,0.67,5.04,,,,,,,,,,
2023-06-11,10.6,8.56,12.95,,,,60.65,57.93,64.01,,,,8.14,5.99,10.34,,,,10.47,8.54,12.78,,,,4.29,2.49,6.61,,,,2.5,0.05,5.67,,,,2.86,0.67,5.06,,,,,,,,,,
2023-06-12,10.61,8.58,12.92,,,,60.66,57.9,64.03,,,,8.14,5.99,10.32,,,,10.49,8.57,12.82,,,,4.27,2.5,6.6,,,,2.49,0.02,5.63,,,,2.87,0.67,5.04,,,,,,,,,,
2023-06-13,10.62,8.58,12.92,,,,60.66,57.85,64.02,,,,8.14,5.98,10.34,,,,10.5,8.61,12.82,,,,4.26,2.51,6.62,,,,2.49,0.05,5.59,,,,2.87,0.66,5.03,,,,,,,,,,
2023-06-14,10.63,8.56,12.95,,,,60.66,57.82,64.03,,,,8.13,5.98,10.35,,,,10.52,8.65,12.81,,,,4.25,2.51,6.65,,,,2.48,0.1,5.55,,,,2.87,0.66,5.02,,,,,,,,,,
2023-06-15,10.64,8.54,12.89,,,,60.65,57.75,64.02,,,,8.13,5.99,10.36,,,,10.54,8.65,12.83,,,,4.24,2.49,6.67,,,,2.47,0.09,5.53,,,,2.87,0.66,5.07,,,,,,,,,,
2023-06-16,10.65,8.53,12.83,,,,60.65,57.68,64.0,,,,8.13,6.0,10.38,,,,10.55,8.66,12.78,,,,4.23,2.5,6.69,,,,2.46,0.05,5.61,,,,2.88,0.67,5.08,,,,16.0,51.0,9.0,11.0,6.0,4.0,1.0
2023-06-17,10.66,8.51,12.81,,,,60.65,57.6,63.99,,,,8.13,6.01,10.39,,,,10.57,8.68,12.82,,,,4.22,2.49,6.71,,,,2.45,0.04,5.68,,,,2.88,0.67,5.05,,,,,,,,,,
2023-06-18,10.67,8.5,12.79,,,,60.64,57.62,63.98,,,,8.13,6.03,10.4,,,,10.59,8.7,12.83,,,,4.21,2.49,6.73,,,,2.44,-0.01,5.73,,,,2.88,0.68,5.04,,,,,,,,,,
2023-06-19,10.68,8.54,12.77,,,,60.63,57.64,63.96,,,,8.13,6.06,10.39,,,,10.61,8.71,12.83,,,,4.2,2.49,6.75,,,,2.44,-0.09,5.72,,,,2.88,0.73,5.06,,,,,,,,,,
2023-06-20,10.69,8.57,12.77,,,,60.63,57.63,63.95,,,,8.13,6.08,10.38,,,,10.63,8.72,12.83,,,,4.19,2.49,6.77,,,,2.43,-0.17,5.68,,,,2.89,0.71,5.07,,,,,,,,,,
2023-06-21,10.7,8.59,12.78,,,,60.62,57.6,63.93,,,,8.14,6.11,10.37,,,,10.65,8.74,12.83,,,,4.18,2.5,6.79,,,,2.42,-0.25,5.62,,,,2.89,0.68,5.07,,,,6.0,71.0,5.0,13.0,3.0,,3.0
2023-06-22,10.71,8.62,12.78,,,,60.61,57.56,63.92,,,,8.14,6.15,10.36,,,,10.66,8.78,12.83,,,,4.18,2.5,6.81,,,,2.41,-0.29,5.56,,,,2.89,0.68,5.06,,,,,,,,,,
2023-06-23,10.71,8.65,12.79,,,,60.61,57.58,63.9,,,,8.14,6.15,10.29,,,,10.68,8.87,12.85,,,,4.17,2.48,6.83,,,,2.4,-0.23,5.49,,,,2.89,0.68,5.07,,,,,,,,,,
2023-06-24,10.72,8.65,12.79,,,,60.6,57.6,63.88,,,,8.14,6.16,10.25,,,,10.7,8.94,12.85,,,,4.16,2.47,6.83,,,,2.39,-0.29,5.41,,,,2.89,0.68,5.09,,,,,,,,,,
2023-06-25,10.73,8.64,12.79,,,,60.59,57.64,63.87,,,,8.14,6.17,10.28,,,,10.72,8.94,12.87,,,,4.16,2.44,6.8,,,,2.38,-0.37,5.33,,,,2.89,0.68,5.14,,,,,,,,,,
2023-06-26,10.74,8.63,12.82,,,,60.58,57.67,63.85,,,,8.15,6.17,10.33,,,,10.74,8.94,12.89,,,,4.16,2.39,6.83,,,,2.37,-0.39,5.25,,,,2.9,0.68,5.18,,,,,,,,,,
2023-06-27,10.74,8.62,12.85,,,,60.57,57.71,63.84,,,,8.15,6.12,10.33,,,,10.76,8.94,12.91,,,,4.15,2.35,6.86,,,,2.36,-0.38,5.17,,,,2.9,0.68,5.22,,,,,,,,,,
2023-06-28,10.75,8.59,12.87,,,,60.57,57.75,63.82,,,,8.15,6.11,10.33,,,,10.77,8.94,12.91,,,,4.15,2.3,6.88,,,,2.34,-0.37,5.07,,,,2.9,0.69,5.22,,,,11.0,60.0,10.0,11.0,2.0,2.0,2.0
2023-06-29,10.75,8.59,12.89,,,,60.56,57.72,63.81,,,,8.16,6.09,10.38,,,,10.79,8.94,12.96,,,,4.15,2.29,6.91,,,,2.33,-0.37,4.98,,,,2.9,0.69,5.21,,,,,,,,,,
2023-06-30,10.76,8.58,12.91,,,,60.55,57.65,63.79,,,,8.16,6.1,10.46,,,,10.81,8.95,12.98,,,,4.15,2.29,6.93,,,,2.32,-0.34,4.87,,,,2.9,0.7,5.24,,,,,,,,,,
2023-07-01,10.76,8.58,12.92,,,,60.54,57.58,63.77,,,,8.16,6.15,10.53,,,,10.83,8.96,12.99,,,,4.15,2.3,6.93,,,,2.31,-0.3,4.77,,,,2.9,0.7,5.29,,,,,,,,,,
2023-07-02,10.77,8.64,12.91,,,,60.54,57.51,63.8,,,,8.17,6.11,10.53,,,,10.84,8.98,13.0,,,,4.15,2.3,6.93,,,,2.3,-0.33,4.76,,,,2.9,0.71,5.34,,,,,,,,,,
2023-07-03,10.77,8.65,12.89,,,,60.53,57.45,63.86,,,,8.17,6.11,10.53,,,,10.86,9.01,13.03,,,,4.15,2.28,6.93,,,,2.28,-0.28,4.75,,,,2.9,0.71,5.38,,,,,,,,,,
2023-07-04,10.77,8.62,12.91,,,,60.53,57.41,63.87,,,,8.18,6.08,10.54,,,,10.87,9.03,13.03,,,,4.15,2.28,6.93,,,,2.27,-0.3,4.75,,,,2.9,0.72,5.36,,,,,,,,,,
2023-07-05,10.77,8.59,12.93,,,,60.53,57.36,63.84,,,,8.18,6.08,10.53,,,,10.89,9.06,13.04,,,,4.15,2.28,6.93,,,,2.26,-0.34,4.75,,,,2.91,0.72,5.39,,,,,,,,,,
2023-07-06,10.77,8.59,12.92,,,,60.52,57.31,63.8,,,,8.19,6.09,10.53,,,,10.91,9.08,13.07,,,,4.15,2.29,6.92,,,,2.24,-0.37,4.73,,,,2.91,0.72,5.41,,,,14.0,62.0,8.0,12.0,3.0,,1.0
2023-07-07,10.77,8.57,12.94,,,,60.52,57.27,63.76,,,,8.19,6.11,10.54,,,,10.92,9.11,13.11,,,,4.15,2.3,6.92,,,,2.23,-0.37,4.73,,,,2.91,0.74,5.42,,,,,,,,,,
2023-07-08,10.77,8.59,12.96,,,,60.52,57.25,63.71,,,,8.19,6.11,10.56,,,,10.93,9.14,13.1,,,,4.15,2.3,6.92,,,,2.21,-0.44,4.72,,,,2.91,0.74,5.41,,,,,,,,,,
2023-07-09,10.77,8.61,12.97,,,,60.52,57.25,63.67,,,,8.2,6.11,10.58,,,,10.95,9.16,13.11,,,,4.16,2.27,6.95,,,,2.2,-0.49,4.73,,,,2.91,0.8,5.37,,,,,,,,,,
2023-07-10,10.76,8.61,12.97,,,,60.53,57.29,63.63,,,,8.2,6.11,10.59,,,,10.96,9.21,13.14,,,,4.16,2.28,6.95,,,,2.19,-0.46,4.71,,,,2.91,0.85,5.32,,,,,,,,,,
2023-07-11,10.76,8.61,12.95,,,,60.53,57.34,63.58,,,,8.21,6.12,10.61,,,,10.98,9.24,13.16,,,,4.16,2.3,6.94,,,,2.17,-0.4,4.71,,,,2.91,0.89,5.28,,,,12.0,65.0,8.0,9.0,1.0,,4.0
2023-07-12,10.75,8.63,12.93,,,,60.54,57.4,63.57,,,,8.21,6.12,10.62,,,,10.99,9.26,13.18,,,,4.17,2.31,6.92,,,,2.16,-0.44,4.71,,,,2.92,0.85,5.23,,,,,,,,,,
2023-07-13,10.74,8.66,12.91,,,,60.54,57.46,63.57,,,,8.22,6.13,10.63,,,,11.0,9.27,13.19,,,,4.17,2.31,6.88,,,,2.14,-0.49,4.67,,,,2.92,0.81,5.19,,,,,,,,,,
2023-07-14,10.73,8.69,12.89,,,,60.55,57.52,63.59,,,,8.22,6.15,10.61,,,,11.02,9.3,13.2,,,,4.17,2.29,6.87,,,,2.13,-0.53,4.66,,,,2.92,0.84,5.14,,,,,,,,,,
2023-07-15,10.72,8.71,12.86,,,,60.56,57.54,63.6,,,,8.23,6.15,10.58,,,,11.03,9.3,13.2,,,,4.18,2.29,6.86,,,,2.11,-0.56,4.63,,,,2.92,0.87,5.12,,,,,,,,,,
2023-07-16,10.7,8.7,12.83,,,,60.57,57.55,63.61,,,,8.23,6.19,10.55,,,,11.04,9.28,13.2,,,,4.18,2.29,6.82,,,,2.1,-0.58,4.63,,,,2.93,0.85,5.12,,,,,,,,,,
2023-07-17,10.69,8.69,12.79,,,,60.58,57.56,63.61,,,,8.24,6.25,10.52,,,,11.05,9.28,13.21,,,,4.18,2.3,6.78,,,,2.08,-0.56,4.62,,,,2.93,0.81,5.12,,,,,,,,,,
2023-07-18,10.67,8.66,12.77,,,,60.6,57.57,63.58,,,,8.25,6.28,10.52,,,,11.07,9.26,13.21,,,,4.19,2.3,6.77,,,,2.07,-0.57,4.6,,,,2.93,0.86,5.11,,,,,,,,,,
2023-07-19,10.65,8.64,12.76,,,,60.61,57.59,63.56,,,,8.26,6.29,10.53,,,,11.08,9.26,13.21,,,,4.19,2.3,6.75,,,,2.06,-0.58,4.53,,,,2.94,0.84,5.12,,,,,,,,,,
2023-07-20,10.63,8.6,12.72,,,,60.63,57.61,63.59,,,,8.26,6.3,10.54,,,,11.09,9.27,13.2,,,,4.19,2.33,6.72,,,,2.04,-0.58,4.52,,,,2.94,0.83,5.1,,,,12.0,60.0,8.0,8.0,5.0,2.0,4.0
2023-07-21,10.61,8.6,12.68,,,,60.64,57.68,63.63,,,,8.27,6.31,10.56,,,,11.1,9.23,13.21,,,,4.2,2.35,6.69,,,,2.02,-0.58,4.49,,,,2.95,0.87,5.11,,,,,,,,,,
2023-07-22,10.58,8.6,12.67,,,,60.66,57.74,63.62,,,,8.28,6.32,10.6,,,,11.11,9.22,13.21,,,,4.2,2.36,6.66,,,,2.01,-0.52,4.52,,,,2.95,0.92,5.1,,,,,,,,,,
2023-07-23,10.56,8.6,12.65,,,,60.67,57.73,63.64,,,,8.29,6.33,10.59,,,,11.12,9.22,13.2,,,,4.21,2.34,6.63,,,,1.99,-0.48,4.52,,,,2.95,0.97,5.08,,,,,,,,,,
2023-07-24,10.54,8.58,12.62,,,,60.69,57.8,63.68,,,,8.3,6.32,10.61,,,,11.13,9.21,13.2,,,,4.21,2.31,6.62,,,,1.98,-0.5,4.53,,,,2.96,1.01,5.09,,,,,,,,,,
2023-07-25,10.51,8.54,12.58,,,,60.71,57.88,63.72,,,,8.31,6.32,10.62,,,,11.14,9.19,13.2,,,,4.21,2.28,6.61,,,,1.96,-0.49,4.52,,,,2.97,1.06,5.09,,,,,,,,,,
2023-07-26,10.48,8.52,12.55,,,,60.73,57.97,63.76,,,,8.32,6.34,10.63,,,,11.15,9.19,13.23,,,,4.22,2.3,6.63,,,,1.95,-0.46,4.53,,,,2.97,1.11,5.1,,,,6.0,68.0,5.0,10.0,3.0,1.0,6.0
2023-07-27,10.45,8.48,12.51,,,,60.76,58.05,63.73,,,,8.33,6.36,10.62,,,,11.16,9.19,13.23,,,,4.22,2.32,6.65,,,,1.93,-0.49,4.5,,,,2.98,1.15,5.1,,,,,,,,,,
2023-07-28,10.42,8.4,12.48,,,,60.78,58.14,63.68,,,,8.34,6.33,10.62,,,,11.17,9.19,13.22,,,,4.22,2.35,6.63,,,,1.92,-0.55,4.49,,,,2.98,1.13,5.09,,,,,,,,,,
2023-07-29,10.4,8.39,12.48,,,,60.81,58.22,63.73,,,,8.35,6.32,10.61,,,,11.17,9.19,13.21,,,,4.23,2.37,6.63,,,,1.9,-0.54,4.48,,,,2.99,1.11,5.09,,,,,,,,,,
2023-07-30,10.36,8.34,12.41,,,,60.83,58.22,63.77,,,,8.36,6.31,10.63,,,,11.18,9.19,13.21,,,,4.23,2.38,6.64,,,,1.89,-0.55,4.48,,,,3.0,1.1,5.08,,,,,,,,,,
2023-07-31,10.33,8.31,12.39,,,,60.86,58.2,63.81,,,,8.37,6.31,10.68,,,,11.19,9.2,13.2,,,,4.23,2.38,6.63,,,,1.87,-0.58,4.47,,,,3.0,1.08,5.07,,,,,,,,,,
2023-08-01,10.3,8.25,12.35,,,,60.89,58.29,63.82,,,,8.38,6.3,10.72,,,,11.19,9.21,13.21,,,,4.23,2.38,6.64,,,,1.85,-0.61,4.45,,,,3.01,1.06,5.05,,,,,,,,,,
2023-08-02,10.27,8.21,12.32,,,,60.92,58.33,63.75,,,,8.39,6.27,10.75,,,,11.2,9.23,13.22,,,,4.24,2.39,6.64,,,,1.84,-0.62,4.44,,,,3.02,1.09,5.01,,,,,,,,,,
2023-08-03,10.24,8.17,12.29,,,,60.95,58.29,63.74,,,,8.4,6.25,10.77,,,,11.2,9.24,13.23,,,,4.24,2.33,6.6,,,,1.82,-0.63,4.43,,,,3.03,1.1,4.98,,,,13.0,61.0,12.0,9.0,4.0,,1.0
2023-08-04,10.2,8.11,12.24,,,,60.98,58.27,63.83,,,,8.41,6.26,10.78,,,,11.21,9.27,13.24,,,,4.24,2.31,6.56,,,,1.81,-0.64,4.46,,,,3.03,1.09,4.96,,,,,,,,,,
2023-08-05,10.17,8.05,12.23,,,,61.02,58.34,63.9,,,,8.42,6.29,10.8,,,,11.21,9.29,13.25,,,,4.24,2.31,6.53,,,,1.79,-0.66,4.47,,,,3.04,1.07,4.99,,,,,,,,,,
2023-08-06,10.14,7.99,12.19,,,,61.05,58.4,63.92,,,,8.43,6.29,10.82,,,,11.21,9.31,13.25,,,,4.24,2.32,6.52,,,,1.77,-0.68,4.48,,,,3.05,1.04,4.98,,,,,,,,,,
2023-08-07,10.1,7.92,12.15,,,,61.08,58.42,63.92,,,,8.43,6.28,10.84,,,,11.22,9.33,13.26,,,,4.25,2.33,6.51,,,,1.76,-0.69,4.49,,,,3.06,1.01,5.0,,,,,,,,,,
2023-08-08,10.07,7.86,12.11,,,,61.12,58.44,63.91,,,,8.44,6.27,10.84,,,,11.22,9.33,13.26,,,,4.25,2.33,6.5,,,,1.74,-0.71,4.48,,,,3.07,0.99,5.02,,,,,,,,,,
2023-08-09,10.04,7.79,12.07,,,,61.15,58.46,63.89,,,,8.45,6.26,10.8,,,,11.22,9.35,13.32,,,,4.25,2.32,6.48,,,,1.73,-0.72,4.47,,,,3.07,1.02,5.03,,,,,,,,,,
2023-08-10,10.01,7.73,12.03,,,,61.18,58.47,63.88,,,,8.45,6.25,10.76,,,,11.22,9.37,13.33,,,,4.25,2.32,6.47,,,,1.72,-0.73,4.48,,,,3.08,1.03,5.05,,,,,,,,,,
2023-08-11,9.97,7.67,11.98,,,,61.22,58.49,63.88,,,,8.46,6.25,10.71,,,,11.23,9.38,13.4,,,,4.25,2.31,6.47,,,,1.7,-0.73,4.46,,,,3.09,1.0,5.07,,,,10.0,58.0,10.0,13.0,3.0,,5.0
2023-08-12,9.94,7.61,11.94,,,,61.25,58.5,63.88,,,,8.46,6.24,10.72,,,,11.23,9.4,13.42,,,,4.25,2.29,6.47,,,,1.69,-0.72,4.43,,,,3.1,0.98,5.09,,,,,,,,,,
2023-08-13,9.91,7.55,11.92,,,,61.28,58.54,63.93,,,,8.47,6.24,10.73,,,,11.23,9.42,13.44,,,,4.25,2.29,6.46,,,,1.68,-0.7,4.41,,,,3.11,0.95,5.1,,,,,,,,,,
2023-08-14,9.88,7.48,11.88,,,,61.31,58.55,63.97,,,,8.47,6.23,10.74,,,,11.23,9.42,13.45,,,,4.26,2.3,6.46,,,,1.66,-0.68,4.4,,,,3.12,0.97,5.12,,,,,,,,,,
2023-08-15,9.85,7.42,11.82,,,,61.34,58.58,63.96,,,,8.47,6.23,10.76,,,,11.24,9.41,13.47,,,,4.26,2.3,6.48,,,,1.65,-0.67,4.4,,,,3.12,0.99,5.14,,,,,,,,,,
2023-08-16,9.82,7.35,11.77,,,,61.37,58.6,63.95,,,,8.47,6.22,10.77,,,,11.24,9.4,13.48,,,,4.26,2.3,6.48,,,,1.64,-0.68,4.39,,,,3.13,1.01,5.15,,,,,,,,,,
2023-08-17,9.79,7.29,11.79,,,,61.39,58.63,63.94,,,,8.47,6.21,10.78,,,,11.25,9.38,13.48,,,,4.26,2.29,6.48,,,,1.63,-0.69,4.36,,,,3.14,1.03,5.12,,,,,,,,,,
2023-08-18,9.76,7.25,11.8,,,,61.42,58.66,63.96,,,,8.48,6.21,10.75,,,,11.25,9.4,13.52,,,,4.26,2.29,6.49,,,,1.62,-0.7,4.4,,,,3.15,1.06,5.14,,,,10.0,54.0,10.0,14.0,8.0,1.0,2.0
2023-08-19,9.74,7.24,11.77,,,,61.44,58.69,64.0,,,,8.48,6.21,10.76,,,,11.26,9.43,13.54,,,,4.26,2.29,6.49,,,,1.61,-0.71,4.41,,,,3.16,1.08,5.16,,,,,,,,,,
2023-08-20,9.71,7.2,11.73,,,,61.46,58.72,64.05,,,,8.48,6.2,10.78,,,,11.27,9.44,13.56,,,,4.26,2.32,6.44,,,,1.6,-0.71,4.37,,,,3.16,1.1,5.17,,,,,,,,,,
2023-08-21,9.68,7.17,11.69,,,,61.48,58.76,64.1,,,,8.48,6.18,10.81,,,,11.28,9.46,13.56,,,,4.26,2.36,6.39,,,,1.6,-0.73,4.33,,,,3.17,1.12,5.16,,,,,,,,,,
2023-08-22,9.66,7.14,11.65,,,,61.49,58.78,64.16,,,,8.48,6.16,10.81,,,,11.29,9.47,13.54,,,,4.26,2.37,6.35,,,,1.59,-0.74,4.39,,,,3.18,1.14,5.19,,,,,,,,,,
2023-08-23,9.63,7.14,11.64,,,,61.51,58.81,64.23,,,,8.47,6.14,10.83,,,,11.3,9.44,13.55,,,,4.26,2.36,6.33,,,,1.58,-0.74,4.4,,,,3.18,1.16,5.22,,,,11.0,59.0,4.0,14.0,6.0,1.0,4.0
2023-08-24,9.61,7.1,11.66,,,,61.52,58.85,64.23,,,,8.47,6.14,10.87,,,,11.31,9.41,13.58,,,,4.26,2.32,6.32,,,,1.58,-0.74,4.39,,,,3.19,1.16,5.24,,,,,,,,,,
2023-08-25,9.59,7.07,11.65,,,,61.52,58.88,64.26,,,,8.47,6.15,10.88,,,,11.32,9.44,13.61,,,,4.26,2.29,6.32,,,,1.57,-0.74,4.37,,,,3.2,1.19,5.25,,,,,,,,,,
2023-08-26,9.56,7.04,11.66,,,,61.53,58.88,64.3,,,,8.47,6.17,10.88,,,,11.34,9.46,13.58,,,,4.26,2.29,6.31,,,,1.57,-0.79,4.37,,,,3.2,1.21,5.26,,,,,,,,,,
2023-08-27,9.54,7.01,11.64,,,,61.53,58.87,64.33,,,,8.47,6.19,10.9,,,,11.35,9.48,13.56,,,,4.26,2.28,6.31,,,,1.57,-0.79,4.35,,,,3.21,1.21,5.26,,,,,,,,,,
2023-08-28,9.52,6.99,11.62,,,,61.53,58.91,64.35,,,,8.46,6.2,10.91,,,,11.37,9.51,13.52,,,,4.26,2.27,6.3,,,,1.57,-0.79,4.33,,,,3.21,1.22,5.27,,,,,,,,,,
2023-08-29,9.5,6.94,11.62,,,,61.53,58.87,64.38,,,,8.46,6.2,10.92,,,,11.39,9.51,13.51,,,,4.26,2.26,6.29,,,,1.56,-0.79,4.32,,,,3.22,1.21,5.27,,,,,,,,,,
2023-08-30,9.49,6.92,11.6,,,,61.53,58.83,64.39,,,,8.46,6.2,10.93,,,,11.41,9.52,13.55,,,,4.26,2.24,6.28,,,,1.56,-0.78,4.31,,,,3.22,1.23,5.3,,,,,,,,,,
2023-08-31,9.47,6.88,11.57,,,,61.52,58.82,64.41,,,,8.46,6.2,10.94,,,,11.43,9.52,13.6,,,,4.26,2.22,6.27,,,,1.57,-0.77,4.3,,,,3.23,1.22,5.31,,,,11.0,57.0,11.0,12.0,6.0,,2.0
2023-09-01,9.45,6.88,11.55,,,,61.51,58.83,64.42,,,,8.46,6.2,10.95,,,,11.45,9.54,13.64,,,,4.26,2.2,6.28,,,,1.57,-0.76,4.28,,,,3.23,1.2,5.31,,,,,,,,,,
2023-09-02,9.43,6.89,11.53,,,,61.5,58.83,64.42,,,,8.45,6.19,10.95,,,,11.47,9.6,13.68,,,,4.26,2.19,6.29,,,,1.57,-0.75,4.27,,,,3.24,1.22,5.31,,,,,,,,,,
2023-09-03,9.42,6.88,11.51,,,,61.49,58.84,64.39,,,,8.45,6.17,10.94,,,,11.49,9.61,13.72,,,,4.26,2.2,6.29,,,,1.57,-0.74,4.26,,,,3.24,1.22,5.31,,,,,,,,,,
2023-09-04,9.4,6.85,11.49,,,,61.48,58.84,64.37,,,,8.45,6.17,10.9,,,,11.51,9.67,13.77,,,,4.26,2.21,6.29,,,,1.57,-0.73,4.27,,,,3.25,1.22,5.31,,,,,,,,,,
2023-09-05,9.39,6.83,11.51,,,,61.46,58.84,64.36,,,,8.45,6.2,10.87,,,,11.53,9.72,13.81,,,,4.26,2.21,6.31,,,,1.58,-0.7,4.27,,,,3.25,1.23,5.34,,,,,,,,,,
2023-09-06,9.37,6.81,11.54,,,,61.45,58.77,64.4,,,,8.45,6.21,10.84,,,,11.56,9.73,13.82,,,,4.26,2.22,6.33,,,,1.58,-0.69,4.3,,,,3.25,1.2,5.38,,,,,,,,,,
2023-09-07,9.36,6.8,11.57,,,,61.43,58.71,64.44,,,,8.45,6.23,10.83,,,,11.58,9.74,13.83,,,,4.26,2.22,6.31,,,,1.59,-0.67,4.32,,,,3.26,1.19,5.39,,,,,,,,,,
2023-09-08,9.35,6.76,11.58,,,,61.41,58.62,64.44,,,,8.45,6.24,10.86,,,,11.6,9.74,13.84,,,,4.26,2.19,6.3,,,,1.59,-0.66,4.34,,,,3.26,1.15,5.38,,,,8.0,63.0,10.0,8.0,6.0,,2.0
2023-09-09,9.33,6.73,11.6,,,,61.4,58.55,64.42,,,,8.45,6.27,10.9,,,,11.63,9.75,13.85,,,,4.26,2.24,6.3,,,,1.59,-0.65,4.34,,,,3.26,1.11,5.37,,,,,,,,,,
2023-09-10,9.32,6.71,11.61,,,,61.38,58.48,64.4,,,,8.45,6.3,10.9,,,,11.65,9.76,13.85,,,,4.26,2.24,6.29,,,,1.6,-0.64,4.37,,,,3.26,1.08,5.36,,,,,,,,,,
2023-09-11,9.31,6.74,11.63,,,,61.36,58.47,64.38,,,,8.46,6.34,10.89,,,,11.68,9.77,13.86,,,,4.26,2.24,6.29,,,,1.6,-0.63,4.37,,,,3.27,1.1,5.35,,,,,,,,,,
2023-09-12,9.3,6.72,11.64,,,,61.34,58.47,64.35,,,,8.46,6.37,10.9,,,,11.7,9.78,13.9,,,,4.26,2.21,6.28,,,,1.61,-0.62,4.37,,,,3.27,1.09,5.34,,,,,,,,,,
2023-09-13,9.29,6.71,11.62,,,,61.32,58.4,64.31,,,,8.46,6.4,10.89,,,,11.72,9.78,13.94,,,,4.25,2.21,6.27,,,,1.61,-0.61,4.33,,,,3.27,1.1,5.34,,,,,,,,,,
2023-09-14,9.27,6.69,11.63,,,,61.3,58.38,64.28,,,,8.47,6.41,10.89,,,,11.75,9.79,13.98,,,,4.25,2.26,6.25,,,,1.62,-0.57,4.35,,,,3.27,1.13,5.33,,,,14.0,57.0,13.0,8.0,6.0,2.0,
2023-09-15,9.26,6.68,11.58,,,,61.28,58.35,64.28,,,,8.48,6.39,10.88,,,,11.77,9.79,14.02,,,,4.25,2.28,6.24,,,,1.62,-0.51,4.41,,,,3.27,1.1,5.32,,,,,,,,,,
2023-09-16,9.25,6.67,11.58,,,,61.26,58.33,64.29,,,,8.48,6.39,10.88,,,,11.79,9.8,14.05,,,,4.25,2.34,6.23,,,,1.63,-0.49,4.49,,,,3.27,1.08,5.32,,,,,,,,,,
2023-09-17,9.24,6.66,11.6,,,,61.24,58.29,64.29,,,,8.49,6.39,10.88,,,,11.81,9.8,14.11,,,,4.25,2.36,6.21,,,,1.63,-0.49,4.49,,,,3.27,1.08,5.31,,,,,,,,,,
2023-09-18,9.23,6.65,11.62,,,,61.21,58.27,64.3,,,,8.5,6.41,10.88,,,,11.84,9.81,14.16,,,,4.24,2.34,6.2,,,,1.64,-0.5,4.48,,,,3.27,1.07,5.31,,,,,,,,,,
2023-09-19,9.22,6.67,11.62,,,,61.19,58.25,64.3,,,,8.51,6.45,10.89,,,,11.86,9.81,14.2,,,,4.24,2.31,6.18,,,,1.64,-0.5,4.47,,,,3.27,1.07,5.31,,,,,,,,,,
2023-09-20,9.21,6.66,11.6,,,,61.17,58.22,64.3,,,,8.52,6.48,10.9,,,,11.88,9.82,14.25,,,,4.23,2.31,6.16,,,,1.65,-0.49,4.45,,,,3.27,1.07,5.3,,,,7.0,59.0,7.0,14.0,3.0,2.0,6.0
2023-09-21,9.2,6.62,11.58,,,,61.15,58.2,64.31,,,,8.53,6.48,10.9,,,,11.9,9.83,14.29,,,,4.23,2.32,6.18,,,,1.65,-0.49,4.45,,,,3.27,1.09,5.27,,,,,,,,,,
2023-09-22,9.19,6.6,11.55,,,,61.13,58.18,64.31,,,,8.54,6.47,10.91,,,,11.92,9.85,14.33,,,,4.22,2.31,6.23,,,,1.65,-0.49,4.45,,,,3.27,1.08,5.28,,,,9.0,64.0,6.0,13.0,3.0,1.0,3.0
2023-09-23,9.18,6.59,11.54,,,,61.11,58.15,64.31,,,,8.56,6.45,10.92,,,,11.94,9.85,14.37,,,,4.22,2.3,6.25,,,,1.66,-0.46,4.45,,,,3.27,1.12,5.3,,,,,,,,,,
2023-09-24,9.17,6.57,11.55,,,,61.09,58.12,64.29,,,,8.57,6.44,10.97,,,,11.96,9.85,14.41,,,,4.21,2.3,6.27,,,,1.66,-0.46,4.45,,,,3.27,1.15,5.3,,,,,,,,,,
2023-09-25,9.16,6.51,11.57,,,,61.07,58.1,64.29,,,,8.58,6.45,11.03,,,,11.98,9.85,14.46,,,,4.2,2.32,6.28,,,,1.66,-0.47,4.45,,,,3.27,1.14,5.31,,,,,,,,,,
2023-09-26,9.16,6.55,11.58,,,,61.05,58.07,64.3,,,,8.6,6.46,11.03,,,,12.0,9.84,14.49,,,,4.2,2.34,6.3,,,,1.67,-0.46,4.44,,,,3.27,1.14,5.31,,,,,,,,,,
2023-09-27,9.15,6.54,11.59,,,,61.03,58.04,64.29,,,,8.61,6.47,11.01,,,,12.02,9.85,14.54,,,,4.19,2.32,6.3,,,,1.67,-0.42,4.47,,,,3.27,1.12,5.29,,,,1.0,69.0,9.0,11.0,6.0,,1.0
2023-09-28,9.14,6.53,11.6,,,,61.01,58.01,64.28,,,,8.62,6.49,11.02,,,,12.04,9.85,14.59,,,,4.18,2.29,6.28,,,,1.67,-0.38,4.51,,,,3.28,1.11,5.26,,,,,,,,,,
2023-09-29,9.13,6.53,11.61,,,,60.99,57.98,64.28,,,,8.64,6.5,11.09,,,,12.05,9.85,14.59,,,,4.17,2.29,6.25,,,,1.68,-0.33,4.55,,,,3.28,1.1,5.23,,,,,,,,,,
2023-09-30,9.12,6.52,11.62,,,,60.97,57.95,64.27,,,,8.65,6.51,11.17,,,,12.07,9.85,14.63,,,,4.16,2.31,6.23,,,,1.68,-0.3,4.59,,,,3.28,1.09,5.19,,,,,,,,,,
2023-10-01,9.11,6.51,11.63,,,,60.96,57.93,64.28,,,,8.67,6.52,11.24,,,,12.09,9.84,14.65,,,,4.15,2.29,6.2,,,,1.68,-0.26,4.61,,,,3.28,1.08,5.19,,,,,,,,,,
2023-10-02,9.11,6.51,11.63,,,,60.94,57.9,64.28,,,,8.69,6.52,11.27,,,,12.11,9.84,14.69,,,,4.14,2.28,6.17,,,,1.68,-0.31,4.64,,,,3.28,1.06,5.19,,,,,,,,,,
2023-10-03,9.1,6.5,11.61,,,,60.92,57.88,64.28,,,,8.7,6.52,11.28,,,,12.12,9.84,14.73,,,,4.13,2.27,6.14,,,,1.68,-0.32,4.63,,,,3.28,1.06,5.2,,,,,,,,,,
2023-10-04,9.09,6.51,11.63,,,,60.91,57.87,64.28,,,,8.72,6.51,11.28,,,,12.14,9.84,14.76,,,,4.12,2.25,6.1,,,,1.69,-0.31,4.6,,,,3.28,1.1,5.19,,,,,,,,,,
2023-10-05,9.08,6.5,11.65,,,,60.89,57.81,64.29,,,,8.73,6.5,11.28,,,,12.15,9.84,14.79,,,,4.11,2.23,6.13,,,,1.69,-0.3,4.62,,,,3.28,1.07,5.18,,,,4.0,68.0,9.0,14.0,1.0,,4.0
2023-10-06,9.08,6.5,11.64,,,,60.88,57.74,64.3,,,,8.75,6.49,11.28,,,,12.17,9.85,14.82,,,,4.09,2.22,6.17,,,,1.69,-0.34,4.67,,,,3.29,1.02,5.16,,,,,,,,,,
2023-10-07,9.07,6.46,11.63,,,,60.86,57.74,64.31,,,,8.76,6.52,11.28,,,,12.18,9.85,14.84,,,,4.08,2.2,6.17,,,,1.69,-0.35,4.72,,,,3.29,1.01,5.17,,,,,,,,,,
2023-10-08,9.06,6.42,11.62,,,,60.85,57.68,64.32,,,,8.78,6.55,11.26,,,,12.2,9.85,14.86,,,,4.07,2.19,6.14,,,,1.69,-0.32,4.72,,,,3.29,1.01,5.16,,,,,,,,,,
2023-10-09,9.05,6.41,11.61,,,,60.83,57.64,64.33,,,,8.79,6.58,11.24,,,,12.21,9.85,14.89,,,,4.05,2.18,6.1,,,,1.69,-0.29,4.71,,,,3.3,1.0,5.16,,,,,,,,,,
2023-10-10,9.04,6.46,11.61,,,,60.82,57.58,64.34,,,,8.81,6.61,11.22,,,,12.23,9.86,14.91,,,,4.04,2.18,6.05,,,,1.7,-0.27,4.72,,,,3.3,1.0,5.15,,,,,,,,,,
2023-10-11,9.04,6.48,11.6,,,,60.81,57.52,64.35,,,,8.82,6.63,11.2,,,,12.24,9.86,14.93,,,,4.03,2.18,6.0,,,,1.7,-0.25,4.75,,,,3.31,0.99,5.14,,,,,,,,,,
2023-10-12,9.03,6.49,11.58,,,,60.79,57.49,64.37,,,,8.84,6.67,11.18,,,,12.26,9.87,14.93,,,,4.01,2.17,5.95,,,,1.7,-0.22,4.77,,,,3.31,1.0,5.13,,,,10.0,59.0,9.0,12.0,5.0,1.0,3.0
2023-10-13,9.02,6.49,11.57,,,,60.78,57.47,64.39,,,,8.85,6.68,11.16,,,,12.27,9.88,14.93,,,,4.0,2.17,5.9,,,,1.7,-0.19,4.78,,,,3.32,1.01,5.12,,,,,,,,,,
2023-10-14,9.01,6.47,11.56,,,,60.77,57.44,64.39,,,,8.86,6.68,11.14,,,,12.28,9.89,14.93,,,,3.98,2.17,5.85,,,,1.7,-0.16,4.79,,,,3.32,1.02,5.12,,,,,,,,,,
2023-10-15,9.0,6.44,11.55,,,,60.76,57.42,64.4,,,,8.88,6.68,11.14,,,,12.3,9.9,14.93,,,,3.97,2.15,5.83,,,,1.7,-0.15,4.79,,,,3.33,1.02,5.13,,,,,,,,,,
2023-10-16,9.0,6.46,11.54,,,,60.75,57.41,64.4,,,,8.89,6.67,11.15,,,,12.31,9.95,14.93,,,,3.95,2.15,5.82,,,,1.7,-0.21,4.8,,,,3.34,1.03,5.13,,,,,,,,,,
2023-10-17,8.99,6.49,11.52,,,,60.73,57.44,64.4,,,,8.9,6.67,11.19,,,,12.32,9.97,14.95,,,,3.94,2.15,5.81,,,,1.7,-0.26,4.79,,,,3.35,1.03,5.14,,,,,,,,,,
2023-10-18,8.98,6.48,11.51,,,,60.72,57.41,64.41,,,,8.91,6.65,11.19,,,,12.34,9.97,14.95,,,,3.92,2.12,5.79,,,,1.7,-0.28,4.79,,,,3.35,1.04,5.15,,,,8.0,78.0,3.0,10.0,2.0,,
2023-10-19,8.97,6.43,11.5,,,,60.71,57.38,64.41,,,,8.93,6.63,11.18,,,,12.35,9.96,14.94,,,,3.91,2.05,5.77,,,,1.7,-0.22,4.77,,,,3.36,1.04,5.16,,,,,,,,,,
2023-10-20,8.97,6.38,11.51,,,,60.7,57.36,64.43,,,,8.94,6.63,11.16,,,,12.37,9.98,14.95,,,,3.89,2.0,5.76,,,,1.7,-0.17,4.76,,,,3.37,1.04,5.17,,,,,,,,,,
2023-10-21,8.96,6.39,11.53,,,,60.69,57.38,64.43,,,,8.95,6.65,11.15,,,,12.38,10.0,14.95,,,,3.88,1.99,5.74,,,,1.7,-0.11,4.75,,,,3.38,1.06,5.18,,,,,,,,,,
2023-10-22,8.95,6.33,11.54,,,,60.67,57.37,64.45,,,,8.96,6.67,11.13,,,,12.4,10.02,14.95,,,,3.86,1.99,5.74,,,,1.7,-0.13,4.78,,,,3.39,1.06,5.2,,,,,,,,,,
2023-10-23,8.95,6.35,11.56,,,,60.66,57.35,64.48,,,,8.97,6.69,11.11,,,,12.41,10.04,14.94,,,,3.85,1.99,5.73,,,,1.7,-0.14,4.79,,,,3.4,1.07,5.23,,,,,,,,,,
2023-10-24,8.94,6.36,11.57,,,,60.65,57.34,64.49,,,,8.98,6.72,11.14,,,,12.43,10.06,14.92,,,,3.83,2.02,5.72,,,,1.7,-0.15,4.78,,,,3.41,1.08,5.23,,,,,,,,,,
2023-10-25,8.94,6.38,11.59,,,,60.63,57.32,64.52,,,,8.99,6.7,11.17,,,,12.45,10.07,14.93,,,,3.81,2.05,5.72,,,,1.7,-0.16,4.78,,,,3.42,1.07,5.24,,,,13.0,57.0,6.0,8.0,4.0,3.0,5.0
2023-10-26,8.93,6.4,11.59,,,,60.62,57.31,64.5,,,,9.01,6.68,11.18,,,,12.46,10.08,14.95,,,,3.8,2.08,5.72,,,,1.7,-0.17,4.77,,,,3.43,1.06,5.25,,,,,,,,,,
2023-10-27,8.93,6.42,11.57,,,,60.6,57.29,64.46,,,,9.02,6.67,11.18,,,,12.48,10.09,14.96,,,,3.78,2.06,5.72,,,,1.7,-0.17,4.76,,,,3.44,1.06,5.25,,,,,,,,,,
2023-10-28,8.92,6.41,11.52,,,,60.58,57.28,64.47,,,,9.03,6.67,11.18,,,,12.5,10.11,14.97,,,,3.77,2.02,5.71,,,,1.7,-0.15,4.75,,,,3.45,1.06,5.25,,,,,,,,,,
2023-10-29,8.92,6.41,11.47,,,,60.57,57.27,64.47,,,,9.04,6.69,11.2,,,,12.52,10.14,14.98,,,,3.75,1.99,5.7,,,,1.7,-0.14,4.75,,,,3.46,1.07,5.25,,,,,,,,,,
2023-10-30,8.91,6.42,11.41,,,,60.55,57.26,64.42,,,,9.05,6.71,11.22,,,,12.54,10.17,14.98,,,,3.74,2.0,5.65,,,,1.7,-0.15,4.75,,,,3.47,1.11,5.25,,,,,,,,,,
2023-10-31,8.91,6.43,11.38,,,,60.53,57.23,64.38,,,,9.06,6.73,11.27,,,,12.56,10.17,14.99,,,,3.72,1.97,5.61,,,,1.7,-0.1,4.74,,,,3.48,1.14,5.3,,,,,,,,,,
2023-11-01,8.9,6.44,11.38,,,,60.51,57.19,64.37,,,,9.08,6.75,11.26,,,,12.58,10.21,15.02,,,,3.71,1.93,5.6,,,,1.7,-0.14,4.73,,,,3.49,1.15,5.33,,,,13.0,57.0,6.0,15.0,1.0,3.0,3.0
2023-11-02,8.9,6.39,11.38,,,,60.48,57.15,64.36,,,,9.09,6.77,11.27,,,,12.6,10.26,15.04,,,,3.7,1.89,5.59,,,,1.7,-0.2,4.73,,,,3.51,1.15,5.33,,,,,,,,,,
2023-11-03,8.9,6.39,11.38,,,,60.46,57.11,64.34,,,,9.1,6.79,11.3,,,,12.62,10.3,15.05,,,,3.68,1.85,5.58,,,,1.7,-0.24,4.72,,,,3.52,1.13,5.33,,,,,,,,,,
2023-11-04,8.89,6.39,11.38,,,,60.44,57.09,64.31,,,,9.11,6.82,11.33,,,,12.64,10.33,15.11,,,,3.67,1.81,5.59,,,,1.7,-0.24,4.71,,,,3.53,1.12,5.34,,,,,,,,,,
2023-11-05,8.89,6.39,11.36,,,,60.41,57.09,64.29,,,,9.13,6.83,11.36,,,,12.66,10.37,15.13,,,,3.66,1.74,5.59,,,,1.7,-0.24,4.71,,,,3.54,1.12,5.35,,,,,,,,,,
2023-11-06,8.89,6.39,11.38,,,,60.38,57.09,64.25,,,,9.14,6.85,11.39,,,,12.68,10.37,15.16,,,,3.65,1.67,5.54,,,,1.7,-0.23,4.7,,,,3.55,1.12,5.38,,,,,,,,,,
2023-11-07,8.89,6.4,11.34,,,,60.35,57.09,64.22,,,,9.16,6.88,11.42,,,,12.7,10.36,15.19,,,,3.63,1.61,5.49,,,,1.7,-0.23,4.69,,,,3.56,1.13,5.41,,,,,,,,,,
2023-11-08,8.88,6.41,11.32,,,,60.32,57.09,64.18,,,,9.17,6.86,11.44,,,,12.72,10.35,15.22,,,,3.62,1.57,5.51,,,,1.7,-0.2,4.68,,,,3.57,1.15,5.44,,,,9.0,52.0,13.0,20.0,3.0,,1.0
2023-11-09,8.88,6.47,11.32,,,,60.29,57.06,64.14,,,,9.19,6.83,11.47,,,,12.74,10.36,15.24,,,,3.62,1.53,5.55,,,,1.69,-0.17,4.67,,,,3.58,1.17,5.47,,,,,,,,,,
2023-11-10,8.88,6.48,11.32,,,,60.26,56.98,64.1,,,,9.2,6.8,11.5,,,,12.76,10.41,15.27,,,,3.61,1.55,5.6,,,,1.69,-0.18,4.65,,,,3.59,1.18,5.49,,,,,,,,,,
2023-11-11,8.88,6.48,11.32,,,,60.22,56.93,64.05,,,,9.22,6.8,11.54,,,,12.78,10.45,15.3,,,,3.6,1.57,5.62,,,,1.69,-0.17,4.61,,,,3.6,1.2,5.5,,,,,,,,,,
2023-11-12,8.88,6.48,11.32,,,,60.18,56.86,64.0,,,,9.24,6.83,11.58,,,,12.8,10.49,15.35,,,,3.59,1.54,5.64,,,,1.69,-0.22,4.59,,,,3.61,1.21,5.48,,,,,,,,,,
2023-11-13,8.88,6.48,11.34,,,,60.14,56.75,63.95,,,,9.25,6.83,11.62,,,,12.82,10.53,15.37,,,,3.59,1.51,5.65,,,,1.69,-0.27,4.55,,,,3.62,1.23,5.46,,,,,,,,,,
2023-11-14,8.88,6.48,11.4,,,,60.1,56.64,63.9,,,,9.27,6.85,11.65,,,,12.83,10.57,15.38,,,,3.58,1.48,5.66,,,,1.69,-0.32,4.5,,,,3.63,1.25,5.47,,,,,,,,,,
2023-11-15,8.88,6.48,11.44,,,,60.06,56.55,63.84,,,,9.29,6.89,11.66,,,,12.85,10.61,15.39,,,,3.58,1.45,5.66,,,,1.69,-0.35,4.48,,,,3.64,1.27,5.5,,,,10.0,52.0,11.0,15.0,5.0,,6.0
2023-11-16,8.88,6.48,11.45,,,,60.02,56.46,63.78,,,,9.31,6.92,11.67,,,,12.87,10.64,15.42,,,,3.58,1.46,5.67,,,,1.69,-0.38,4.45,,,,3.65,1.29,5.52,,,,,,,,,,
2023-11-17,8.88,6.48,11.44,,,,59.97,56.38,63.71,,,,9.33,6.91,11.68,,,,12.89,10.68,15.44,,,,3.57,1.47,5.69,,,,1.69,-0.37,4.42,,,,3.66,1.32,5.54,,,,,,,,,,
2023-11-18,8.88,6.48,11.41,,,,59.93,56.3,63.62,,,,9.35,6.9,11.71,,,,12.9,10.72,15.45,,,,3.57,1.47,5.72,,,,1.69,-0.36,4.39,,,,3.67,1.36,5.55,,,,,,,,,,
2023-11-19,8.88,6.49,11.39,,,,59.88,56.26,63.52,,,,9.37,6.88,11.74,,,,12.92,10.77,15.44,,,,3.57,1.49,5.74,,,,1.69,-0.35,4.37,,,,3.68,1.39,5.54,,,,,,,,,,
2023-11-20,8.89,6.49,11.37,,,,59.83,56.25,63.46,,,,9.39,6.87,11.76,,,,12.93,10.83,15.44,,,,3.57,1.5,5.75,,,,1.69,-0.35,4.34,,,,3.69,1.43,5.5,,,,,,,,,,
2023-11-21,8.89,6.49,11.35,,,,59.78,56.24,63.38,,,,9.42,6.88,11.79,,,,12.95,10.88,15.46,,,,3.57,1.52,5.76,,,,1.69,-0.38,4.31,,,,3.7,1.46,5.45,,,,,,,,,,
2023-11-22,8.89,6.5,11.33,,,,59.73,56.24,63.36,,,,9.44,6.93,11.82,,,,12.96,10.84,15.48,,,,3.57,1.54,5.76,,,,1.69,-0.45,4.35,,,,3.71,1.47,5.46,,,,,,,,,,
2023-11-23,8.89,6.5,11.35,,,,59.68,56.23,63.25,,,,9.47,6.97,11.78,,,,12.97,10.85,15.5,,,,3.57,1.55,5.75,,,,1.69,-0.51,4.34,,,,3.71,1.46,5.47,,,,6.0,69.0,8.0,9.0,5.0,1.0,3.0
2023-11-24,8.89,6.51,11.37,,,,59.63,56.22,63.19,,,,9.49,7.02,11.81,,,,12.99,10.82,15.51,,,,3.57,1.57,5.75,,,,1.69,-0.53,4.4,,,,3.72,1.47,5.48,,,,,,,,,,
2023-11-25,8.9,6.53,11.4,,,,59.58,56.22,63.13,,,,9.52,7.08,11.89,,,,13.0,10.8,15.53,,,,3.58,1.58,5.7,,,,1.69,-0.52,4.4,,,,3.73,1.49,5.5,,,,,,,,,,
2023-11-26,8.9,6.56,11.4,,,,59.52,56.21,62.98,,,,9.55,7.08,11.93,,,,13.01,10.78,15.54,,,,3.58,1.6,5.72,,,,1.69,-0.51,4.43,,,,3.74,1.51,5.52,,,,,,,,,,
2023-11-27,8.9,6.58,11.37,,,,59.47,56.21,62.8,,,,9.57,7.06,11.96,,,,13.02,10.78,15.55,,,,3.58,1.61,5.77,,,,1.69,-0.5,4.37,,,,3.75,1.51,5.53,,,,,,,,,,
2023-11-28,8.91,6.61,11.34,,,,59.42,56.21,62.7,,,,9.6,7.09,11.98,,,,13.03,10.74,15.57,,,,3.58,1.64,5.79,,,,1.69,-0.49,4.37,,,,3.76,1.51,5.56,,,,,,,,,,
2023-11-29,8.91,6.63,11.36,,,,59.36,56.2,62.64,,,,9.63,7.12,12.0,,,,13.03,10.73,15.56,,,,3.59,1.65,5.78,,,,1.69,-0.52,4.37,,,,3.77,1.51,5.59,,,,,,,,,,
2023-11-30,8.91,6.65,11.36,,,,59.31,56.19,62.59,,,,9.66,7.16,12.02,,,,13.04,10.72,15.58,,,,3.59,1.66,5.76,,,,1.69,-0.56,4.37,,,,3.78,1.51,5.6,,,,10.0,58.0,15.0,11.0,2.0,1.0,3.0
2023-12-01,8.92,6.7,11.32,,,,59.25,56.18,62.56,,,,9.69,7.21,12.04,,,,13.05,10.7,15.59,,,,3.59,1.66,5.79,,,,1.7,-0.59,4.37,,,,3.79,1.51,5.62,,,,,,,,,,
2023-12-02,8.92,6.73,11.3,,,,59.2,56.17,62.46,,,,9.71,7.25,12.06,,,,13.06,10.68,15.59,,,,3.6,1.66,5.8,,,,1.7,-0.61,4.38,,,,3.79,1.52,5.63,,,,,,,,,,
2023-12-03,8.92,6.75,11.27,,,,59.14,56.16,62.4,,,,9.74,7.3,12.07,,,,13.06,10.67,15.6,,,,3.6,1.68,5.8,,,,1.7,-0.64,4.4,,,,3.8,1.57,5.63,,,,,,,,,,
2023-12-04,8.93,6.77,11.27,,,,59.09,56.15,62.34,,,,9.77,7.36,12.09,,,,13.07,10.65,15.61,,,,3.6,1.68,5.8,,,,1.71,-0.65,4.38,,,,3.81,1.56,5.62,,,,,,,,,,
2023-12-05,8.93,6.79,11.27,,,,59.04,56.14,62.29,,,,9.8,7.41,12.11,,,,13.07,10.64,15.58,,,,3.61,1.68,5.81,,,,1.71,-0.69,4.35,,,,3.82,1.54,5.62,,,,,,,,,,
2023-12-06,8.93,6.8,11.24,,,,58.99,56.13,62.2,,,,9.83,7.46,12.12,,,,13.08,10.62,15.54,,,,3.61,1.68,5.83,,,,1.72,-0.73,4.34,,,,3.83,1.52,5.6,,,,,,,,,,
2023-12-07,8.93,6.8,11.2,,,,58.93,56.1,62.13,,,,9.86,7.52,12.14,,,,13.08,10.66,15.51,,,,3.61,1.68,5.82,,,,1.72,-0.78,4.32,,,,3.84,1.54,5.59,,,,11.0,54.0,13.0,10.0,6.0,2.0,4.0
2023-12-08,8.94,6.79,11.17,,,,58.89,56.07,62.07,,,,9.88,7.57,12.16,,,,13.08,10.7,15.5,,,,3.62,1.72,5.81,,,,1.73,-0.82,4.38,,,,3.84,1.56,5.57,,,,,,,,,,
2023-12-09,8.94,6.79,11.14,,,,58.84,56.05,62.0,,,,9.91,7.65,12.18,,,,13.09,10.73,15.54,,,,3.62,1.75,5.81,,,,1.73,-0.86,4.44,,,,3.85,1.58,5.56,,,,,,,,,,
2023-12-10,8.94,6.79,11.11,,,,58.79,55.97,61.93,,,,9.93,7.73,12.19,,,,13.09,10.73,15.57,,,,3.63,1.72,5.81,,,,1.74,-0.89,4.5,,,,3.86,1.6,5.59,,,,,,,,,,
2023-12-11,8.94,6.79,11.08,,,,58.75,55.92,61.91,,,,9.96,7.74,12.21,,,,13.09,10.76,15.55,,,,3.63,1.74,5.82,,,,1.75,-0.89,4.52,,,,3.87,1.63,5.63,,,,,,,,,,
2023-12-12,8.93,6.8,11.05,,,,58.7,55.92,61.86,,,,9.98,7.78,12.22,,,,13.09,10.81,15.49,,,,3.63,1.71,5.82,,,,1.75,-0.86,4.54,,,,3.88,1.65,5.68,,,,,,,,,,
2023-12-13,8.93,6.81,11.01,,,,58.67,55.92,61.76,,,,10.0,7.81,12.2,,,,13.09,10.88,15.44,,,,3.64,1.69,5.83,,,,1.76,-0.84,4.56,,,,3.89,1.68,5.69,,,,7.0,60.0,9.0,18.0,1.0,1.0,3.0
2023-12-14,8.93,6.8,10.97,,,,58.63,55.83,61.65,,,,10.02,7.8,12.2,,,,13.09,10.88,15.39,,,,3.64,1.72,5.84,,,,1.77,-0.82,4.61,,,,3.9,1.67,5.69,,,,,,,,,,
2023-12-15,8.92,6.81,10.94,,,,58.6,55.76,61.58,,,,10.04,7.78,12.25,,,,13.09,10.87,15.39,,,,3.65,1.71,5.85,,,,1.77,-0.79,4.65,,,,3.9,1.65,5.72,,,,,,,,,,
2023-12-16,8.92,6.81,10.96,,,,58.57,55.73,61.52,,,,10.06,7.76,12.28,,,,13.09,10.85,15.4,,,,3.65,1.73,5.87,,,,1.78,-0.78,4.69,,,,3.91,1.68,5.75,,,,,,,,,,
2023-12-17,8.91,6.79,10.97,,,,58.54,55.77,61.44,,,,10.08,7.74,12.29,,,,13.09,10.83,15.42,,,,3.65,1.76,5.89,,,,1.79,-0.76,4.74,,,,3.92,1.69,5.77,,,,,,,,,,
2023-12-18,8.9,6.76,10.99,,,,58.52,55.8,61.36,,,,10.09,7.73,12.31,,,,13.09,10.8,15.4,,,,3.65,1.77,5.9,,,,1.8,-0.76,4.79,,,,3.93,1.71,5.79,,,,,,,,,,
2023-12-19,8.89,6.74,11.01,,,,58.5,55.84,61.3,,,,10.11,7.73,12.32,,,,13.09,10.77,15.37,,,,3.66,1.77,5.93,,,,1.8,-0.76,4.82,,,,3.94,1.73,5.81,,,,,,,,,,
2023-12-20,8.88,6.73,11.02,,,,58.48,55.81,61.28,,,,10.12,7.73,12.33,,,,13.08,10.74,15.35,,,,3.66,1.78,5.94,,,,1.81,-0.76,4.86,,,,3.95,1.74,5.83,,,,11.0,54.0,9.0,14.0,4.0,,5.0
2023-12-21,8.87,6.7,11.04,,,,58.47,55.79,61.22,,,,10.13,7.72,12.34,,,,13.08,10.72,15.39,,,,3.66,1.79,5.95,,,,1.82,-0.74,4.9,,,,3.95,1.76,5.85,,,,,,,,,,
2023-12-22,8.86,6.65,11.04,,,,58.46,55.74,61.19,,,,10.15,7.72,12.35,,,,13.08,10.7,15.38,,,,3.66,1.8,5.98,,,,1.83,-0.68,4.94,,,,3.96,1.78,5.84,,,,,,,,,,
2023-12-23,8.84,6.63,11.05,,,,58.46,55.72,61.21,,,,10.15,7.69,12.37,,,,13.07,10.67,15.36,,,,3.66,1.81,5.99,,,,1.84,-0.74,4.98,,,,3.97,1.81,5.83,,,,,,,,,,
2023-12-24,8.83,6.62,11.05,,,,58.46,55.72,61.22,,,,10.16,7.68,12.37,,,,13.06,10.65,15.4,,,,3.67,1.81,6.0,,,,1.84,-0.74,5.04,,,,3.98,1.83,5.81,,,,,,,,,,
2023-12-25,8.82,6.58,11.06,,,,58.46,55.7,61.24,,,,10.17,7.67,12.38,,,,13.06,10.62,15.4,,,,3.67,1.79,6.01,,,,1.85,-0.74,5.08,,,,3.98,1.83,5.81,,,,,,,,,,
2023-12-26,8.8,6.55,11.07,,,,58.46,55.68,61.26,,,,10.18,7.71,12.35,,,,13.05,10.6,15.38,,,,3.67,1.78,6.01,,,,1.86,-0.73,5.14,,,,3.99,1.82,5.8,,,,,,,,,,
2023-12-27,8.79,6.53,11.05,,,,58.47,55.66,61.25,,,,10.18,7.71,12.31,,,,13.04,10.58,15.37,,,,3.67,1.76,6.01,,,,1.87,-0.78,5.18,,,,4.0,1.85,5.81,,,,,,,,,,
2023-12-28,8.77,6.42,11.03,,,,58.49,55.65,61.2,,,,10.18,7.68,12.32,,,,13.03,10.56,15.35,,,,3.67,1.75,6.01,,,,1.88,-0.88,5.19,,,,4.01,1.87,5.84,,,,,,,,,,
2023-12-29,8.76,6.38,11.01,,,,58.5,55.66,61.23,,,,10.18,7.69,12.34,,,,13.02,10.53,15.34,,,,3.67,1.74,6.01,,,,1.89,-0.99,5.21,,,,4.01,1.91,5.86,,,,,,,,,,
2023-12-30,8.74,6.34,10.99,,,,58.52,55.67,61.31,,,,10.18,7.71,12.36,,,,13.0,10.51,15.34,,,,3.67,1.72,6.02,,,,1.9,-1.11,5.25,,,,4.02,1.93,5.89,,,,,,,,,,
2023-12-31,8.73,6.27,10.97,,,,58.54,55.73,61.37,,,,10.18,7.7,12.38,,,,12.99,10.48,15.35,,,,3.67,1.71,6.08,,,,1.91,-1.22,5.29,,,,4.03,1.94,5.9,,,,,,,,,,
2024-01-01,8.71,6.22,10.96,,,,58.57,55.74,61.42,,,,10.18,7.7,12.39,,,,12.98,10.47,15.34,,,,3.67,1.69,6.05,,,,1.91,-1.26,5.33,,,,4.04,1.96,5.9,,,,,,,,,,
2024-01-02,8.7,6.17,10.94,,,,58.59,55.75,61.43,,,,10.18,7.7,12.41,,,,12.96,10.46,15.34,,,,3.67,1.68,6.03,,,,1.92,-1.27,5.36,,,,4.04,1.97,5.89,,,,,,,,,,
2024-01-03,8.68,6.14,10.93,,,,58.62,55.78,61.45,,,,10.17,7.67,12.42,,,,12.94,10.45,15.33,,,,3.67,1.66,6.0,,,,1.93,-1.27,5.41,,,,4.05,1.97,5.9,,,,8.0,57.0,9.0,15.0,5.0,,6.0
2024-01-04,8.67,6.1,10.93,,,,58.65,55.8,61.46,,,,10.16,7.63,12.42,,,,12.93,10.43,15.3,,,,3.66,1.66,5.97,,,,1.94,-1.27,5.48,,,,4.06,1.98,5.89,,,,,,,,,,
2024-01-05,8.65,6.07,10.93,,,,58.68,55.83,61.48,,,,10.16,7.64,12.42,,,,12.91,10.42,15.25,,,,3.66,1.64,5.94,,,,1.95,-1.27,5.52,,,,4.07,1.98,5.89,,,,,,,,,,
2024-01-06,8.64,6.03,10.9,,,,58.72,55.86,61.49,,,,10.15,7.67,12.43,,,,12.89,10.41,15.23,,,,3.66,1.63,5.9,,,,1.96,-1.27,5.58,,,,4.08,1.99,5.88,,,,,,,,,,
2024-01-07,8.63,6.0,10.86,,,,58.75,55.9,61.51,,,,10.14,7.7,12.42,,,,12.87,10.37,15.28,,,,3.66,1.61,5.87,,,,1.97,-1.27,5.66,,,,4.09,2.04,5.87,,,,,,,,,,
2024-01-08,8.62,5.97,10.82,,,,58.79,55.92,61.57,,,,10.13,7.72,12.42,,,,12.85,10.32,15.32,,,,3.66,1.6,5.9,,,,1.98,-1.26,5.7,,,,4.09,2.05,5.86,,,,,,,,,,
2024-01-09,8.6,6.0,10.79,,,,58.83,55.95,61.59,,,,10.11,7.72,12.42,,,,12.83,10.28,15.32,,,,3.65,1.62,5.92,,,,1.99,-1.27,5.72,,,,4.1,2.08,5.89,,,,,,,,,,
2024-01-10,8.59,6.02,10.78,,,,58.87,55.99,61.6,,,,10.1,7.73,12.4,,,,12.81,10.26,15.31,,,,3.65,1.63,5.93,,,,2.0,-1.26,5.74,,,,4.11,2.08,5.93,,,,,,,,,,
2024-01-11,8.58,6.05,10.77,,,,58.9,55.97,61.59,,,,10.09,7.72,12.37,,,,12.79,10.24,15.3,,,,3.65,1.65,5.95,,,,2.01,-1.25,5.76,,,,4.12,2.13,5.97,,,,8.0,58.0,9.0,17.0,3.0,,5.0
2024-01-12,8.57,6.08,10.79,,,,58.94,56.07,61.58,,,,10.07,7.7,12.33,,,,12.77,10.21,15.32,,,,3.64,1.67,5.94,,,,2.02,-1.24,5.78,,,,4.13,2.18,6.0,,,,,,,,,,
2024-01-13,8.56,6.08,10.8,,,,58.98,56.09,61.62,,,,10.06,7.69,12.28,,,,12.75,10.22,15.32,,,,3.64,1.68,5.89,,,,2.03,-1.23,5.83,,,,4.14,2.19,6.0,,,,,,,,,,
2024-01-14,8.55,6.08,10.81,,,,59.02,56.12,61.67,,,,10.04,7.66,12.22,,,,12.73,10.21,15.32,,,,3.64,1.7,5.88,,,,2.04,-1.22,5.9,,,,4.15,2.16,6.05,,,,,,,,,,
2024-01-15,8.55,6.08,10.82,,,,59.06,56.15,61.71,,,,10.02,7.62,12.18,,,,12.71,10.21,15.32,,,,3.63,1.7,5.89,,,,2.05,-1.19,5.98,,,,4.16,2.18,6.09,,,,,,,,,,
2024-01-16,8.54,6.07,10.8,,,,59.1,56.18,61.76,,,,10.0,7.59,12.12,,,,12.69,10.19,15.29,,,,3.63,1.72,5.91,,,,2.06,-1.17,6.06,,,,4.17,2.24,6.11,,,,,,,,,,
2024-01-17,8.53,6.05,10.77,,,,59.14,56.28,61.79,,,,9.99,7.54,12.08,,,,12.67,10.15,15.24,,,,3.62,1.74,5.92,,,,2.07,-1.15,6.11,,,,4.18,2.26,6.17,,,,4.0,66.0,13.0,10.0,4.0,1.0,2.0
2024-01-18,8.53,6.04,10.75,,,,59.18,56.31,61.83,,,,9.97,7.52,12.03,,,,12.65,10.15,15.2,,,,3.62,1.75,5.9,,,,2.08,-1.13,6.12,,,,4.2,2.24,6.25,,,,,,,,,,
2024-01-19,8.52,6.03,10.75,,,,59.21,56.31,61.77,,,,9.95,7.48,11.98,,,,12.63,10.08,15.19,,,,3.61,1.77,5.88,,,,2.09,-1.1,6.12,,,,4.21,2.28,6.31,,,,,,,,,,
2024-01-20,8.52,6.06,10.75,,,,59.25,56.37,61.82,,,,9.93,7.44,11.94,,,,12.61,10.04,15.15,,,,3.6,1.79,5.85,,,,2.1,-1.07,6.18,,,,4.22,2.28,6.37,,,,,,,,,,
2024-01-21,8.52,6.06,10.72,,,,59.28,56.41,61.85,,,,9.91,7.43,11.91,,,,12.59,10.0,15.14,,,,3.6,1.77,5.84,,,,2.12,-1.06,6.23,,,,4.23,2.3,6.39,,,,,,,,,,
2024-01-22,8.52,6.06,10.74,,,,59.31,56.43,61.86,,,,9.89,7.45,11.92,,,,12.57,9.98,15.12,,,,3.59,1.73,5.86,,,,2.13,-1.08,6.26,,,,4.24,2.33,6.4,,,,,,,,,,
2024-01-23,8.51,6.07,10.76,,,,59.34,56.44,61.92,,,,9.87,7.46,11.92,,,,12.55,9.98,15.16,,,,3.59,1.69,5.87,,,,2.14,-1.11,6.28,,,,4.25,2.35,6.41,,,,,,,,,,
2024-01-24,8.51,6.07,10.75,,,,59.37,56.46,61.97,,,,9.85,7.48,11.85,,,,12.54,9.98,15.19,,,,3.58,1.66,5.88,,,,2.15,-1.09,6.29,,,,4.27,2.36,6.41,,,,9.0,60.0,12.0,9.0,5.0,1.0,3.0
2024-01-25,8.51,6.08,10.73,,,,59.4,56.48,61.98,,,,9.83,7.49,11.79,,,,12.52,9.97,15.22,,,,3.57,1.63,5.86,,,,2.16,-1.11,6.25,,,,4.28,2.39,6.42,,,,,,,,,,
2024-01-26,8.52,6.09,10.71,,,,59.42,56.49,61.98,,,,9.81,7.47,11.78,,,,12.51,9.96,15.21,,,,3.57,1.62,5.84,,,,2.17,-1.1,6.23,,,,4.29,2.41,6.43,,,,,,,,,,
2024-01-27,8.52,6.1,10.71,,,,59.45,56.52,61.99,,,,9.79,7.43,11.71,,,,12.49,9.94,15.16,,,,3.56,1.61,5.81,,,,2.18,-1.1,6.19,,,,4.3,2.44,6.44,,,,,,,,,,
2024-01-28,8.52,6.11,10.69,,,,59.47,56.53,62.01,,,,9.77,7.39,11.64,,,,12.48,9.97,15.11,,,,3.56,1.63,5.79,,,,2.18,-1.1,6.26,,,,4.31,2.44,6.44,,,,,,,,,,
2024-01-29,8.52,6.13,10.7,,,,59.49,56.54,62.05,,,,9.75,7.35,11.58,,,,12.46,10.0,15.06,,,,3.55,1.68,5.77,,,,2.19,-1.1,6.36,,,,4.33,2.43,6.45,,,,,,,,,,
2024-01-30,8.53,6.14,10.72,,,,59.51,56.56,62.08,,,,9.73,7.3,11.53,,,,12.45,9.97,15.01,,,,3.54,1.71,5.74,,,,2.2,-1.11,6.38,,,,4.34,2.45,6.47,,,,,,,,,,
2024-01-31,8.53,6.14,10.75,,,,59.53,56.57,62.11,,,,9.71,7.26,11.54,,,,12.44,9.95,14.97,,,,3.54,1.67,5.73,,,,2.21,-1.12,6.37,,,,4.35,2.49,6.5,,,,9.0,53.0,11.0,9.0,6.0,4.0,5.0
2024-02-01,8.54,6.15,10.73,,,,59.54,56.58,62.04,,,,9.69,7.22,11.53,,,,12.43,9.92,14.96,,,,3.53,1.65,5.74,,,,2.22,-1.07,6.25,,,,4.36,2.51,6.55,,,,,,,,,,
2024-02-02,8.54,6.16,10.71,,,,59.56,56.57,62.06,,,,9.67,7.18,11.5,,,,12.42,9.88,14.92,,,,3.53,1.66,5.74,,,,2.23,-1.01,6.29,,,,4.38,2.48,6.58,,,,,,,,,,
2024-02-03,8.55,6.17,10.7,,,,59.57,56.58,62.08,,,,9.65,7.13,11.49,,,,12.41,9.85,14.92,,,,3.53,1.59,5.74,,,,2.23,-0.97,6.21,,,,4.39,2.44,6.62,,,,,,,,,,
2024-02-04,8.56,6.18,10.67,,,,59.58,56.56,62.1,,,,9.64,7.09,11.48,,,,12.39,9.82,14.9,,,,3.52,1.54,5.75,,,,2.24,-0.95,6.1,,,,4.41,2.4,6.66,,,,,,,,,,
2024-02-05,8.56,6.2,10.68,,,,59.59,56.55,62.11,,,,9.62,7.02,11.47,,,,12.38,9.81,14.88,,,,3.52,1.55,5.74,,,,2.25,-0.92,6.03,,,,4.42,2.4,6.65,,,,,,,,,,
2024-02-06,8.57,6.24,10.71,,,,59.6,56.54,62.12,,,,9.6,6.98,11.46,,,,12.37,9.81,14.86,,,,3.51,1.54,5.71,,,,2.25,-0.9,6.1,,,,4.44,2.47,6.66,,,,,,,,,,
2024-02-07,8.58,6.23,10.72,,,,59.61,56.54,62.11,,,,9.58,6.93,11.45,,,,12.36,9.81,14.84,,,,3.51,1.51,5.65,,,,2.26,-0.91,6.16,,,,4.46,2.5,6.74,,,,,,,,,,
2024-02-08,8.59,6.23,10.73,,,,59.61,56.53,62.11,,,,9.56,6.93,11.44,,,,12.35,9.81,14.82,,,,3.51,1.48,5.6,,,,2.26,-0.88,6.22,,,,4.47,2.49,6.78,,,,8.0,60.0,9.0,16.0,1.0,,6.0
2024-02-09,8.6,6.18,10.74,,,,59.61,56.53,62.14,,,,9.55,6.93,11.42,,,,12.34,9.8,14.81,,,,3.5,1.47,5.6,,,,2.27,-0.85,6.29,,,,4.49,2.51,6.8,,,,,,,,,,
2024-02-10,8.61,6.18,10.76,,,,59.62,56.53,62.15,,,,9.53,6.91,11.41,,,,12.33,9.81,14.79,,,,3.5,1.49,5.6,,,,2.27,-0.86,6.35,,,,4.51,2.54,6.83,,,,,,,,,,
2024-02-11,8.62,6.19,10.78,,,,59.62,56.53,62.14,,,,9.51,6.91,11.4,,,,12.32,9.8,14.77,,,,3.5,1.49,5.6,,,,2.27,-0.87,6.39,,,,4.53,2.56,6.85,,,,,,,,,,
2024-02-12,8.63,6.21,10.77,,,,59.62,56.52,62.15,,,,9.49,6.91,11.4,,,,12.31,9.73,14.73,,,,3.49,1.51,5.57,,,,2.28,-0.88,6.39,,,,4.55,2.59,6.86,,,,,,,,,,
2024-02-13,8.64,6.23,10.75,,,,59.62,56.53,62.14,,,,9.48,6.9,11.39,,,,12.3,9.64,14.74,,,,3.49,1.52,5.57,,,,2.28,-0.89,6.4,,,,4.56,2.61,6.88,,,,,,,,,,
2024-02-14,8.65,6.16,10.79,,,,59.62,56.53,62.13,,,,9.46,6.9,11.41,,,,12.29,9.63,14.74,,,,3.49,1.49,5.56,,,,2.28,-0.93,6.4,,,,4.58,2.65,6.89,,,,,,,,,,
2024-02-15,8.66,6.08,10.85,,,,59.61,56.51,62.12,,,,9.45,6.84,11.43,,,,12.28,9.63,14.69,,,,3.49,1.46,5.55,,,,2.28,-0.97,6.41,,,,4.6,2.68,6.9,,,,11.0,56.0,10.0,15.0,2.0,,4.0
2024-02-16,8.67,6.01,10.87,,,,59.61,56.48,62.11,,,,9.43,6.79,11.44,,,,12.27,9.63,14.66,,,,3.49,1.43,5.54,,,,2.28,-0.98,6.41,,,,4.62,2.69,6.92,,,,,,,,,,
2024-02-17,8.68,5.94,10.89,,,,59.6,56.46,62.09,,,,9.42,6.73,11.44,,,,12.26,9.62,14.64,,,,3.48,1.47,5.53,,,,2.28,-0.97,6.41,,,,4.64,2.7,6.93,,,,,,,,,,
2024-02-18,8.69,5.88,10.97,,,,59.6,56.43,62.07,,,,9.4,6.76,11.4,,,,12.25,9.63,14.6,,,,3.48,1.5,5.52,,,,2.28,-0.97,6.43,,,,4.66,2.71,6.94,,,,,,,,,,
2024-02-19,8.7,5.86,10.95,,,,59.59,56.41,62.05,,,,9.39,6.78,11.35,,,,12.24,9.63,14.58,,,,3.48,1.54,5.51,,,,2.28,-0.95,6.42,,,,4.68,2.74,6.97,,,,,,,,,,
2024-02-20,8.71,5.84,10.95,,,,59.58,56.39,62.02,,,,9.38,6.78,11.37,,,,12.23,9.64,14.61,,,,3.48,1.57,5.49,,,,2.28,-0.93,6.43,,,,4.7,2.75,7.02,,,,,,,,,,
2024-02-21,8.72,5.83,10.96,,,,59.57,56.42,61.99,,,,9.37,6.74,11.43,,,,12.22,9.62,14.65,,,,3.47,1.62,5.5,,,,2.28,-0.91,6.43,,,,4.72,2.75,7.06,,,,11.0,59.0,6.0,14.0,3.0,5.0,2.0
2024-02-22,8.73,5.83,10.97,,,,59.56,56.45,61.95,,,,9.36,6.69,11.43,,,,12.21,9.63,14.71,,,,3.47,1.65,5.49,,,,2.28,-0.88,6.44,,,,4.74,2.74,7.11,,,,,,,,,,
2024-02-23,8.74,5.83,10.98,,,,59.55,56.5,61.9,,,,9.35,6.64,11.43,,,,12.2,9.64,14.69,,,,3.47,1.64,5.48,,,,2.28,-0.86,6.49,,,,4.76,2.75,7.15,,,,,,,,,,
2024-02-24,8.75,5.82,10.99,,,,59.54,56.54,61.88,,,,9.35,6.65,11.43,,,,12.19,9.65,14.61,,,,3.47,1.65,5.46,,,,2.27,-0.84,6.55,,,,4.78,2.76,7.18,,,,,,,,,,
2024-02-25,8.76,5.84,10.99,,,,59.52,56.55,61.86,,,,9.34,6.66,11.43,,,,12.18,9.65,14.52,,,,3.46,1.64,5.44,,,,2.27,-0.81,6.59,,,,4.8,2.77,7.2,,,,,,,,,,
2024-02-26,8.77,5.87,10.99,,,,59.51,56.52,61.86,,,,9.33,6.66,11.44,,,,12.17,9.66,14.55,,,,3.46,1.68,5.45,,,,2.27,-0.78,6.64,,,,4.82,2.78,7.21,,,,,,,,,,
2024-02-27,8.78,5.9,10.99,,,,59.49,56.5,61.85,,,,9.33,6.67,11.46,,,,12.16,9.67,14.58,,,,3.46,1.68,5.46,,,,2.27,-0.75,6.63,,,,4.84,2.79,7.23,,,,,,,,,,
2024-02-28,8.79,5.93,10.99,,,,59.47,56.46,61.84,,,,9.32,6.67,11.47,,,,12.16,9.68,14.61,,,,3.46,1.65,5.47,,,,2.26,-0.67,6.61,,,,4.86,2.8,7.24,,,,,,,,,,
2024-02-29,8.8,5.95,10.98,,,,59.46,56.48,61.83,,,,9.32,6.66,11.47,,,,12.15,9.66,14.55,,,,3.45,1.65,5.49,,,,2.26,-0.59,6.58,,,,4.87,2.81,7.25,,,,5.0,65.0,7.0,9.0,5.0,,8.0
2024-03-01,8.8,5.99,10.97,,,,59.44,56.49,61.82,,,,9.32,6.62,11.51,,,,12.15,9.62,14.5,,,,3.45,1.64,5.49,,,,2.25,-0.53,6.54,,,,4.89,2.86,7.26,,,,,,,,,,
2024-03-02,8.81,5.98,10.96,,,,59.42,56.49,61.81,,,,9.31,6.59,11.52,,,,12.14,9.58,14.44,,,,3.45,1.63,5.5,,,,2.25,-0.58,6.34,,,,4.91,2.89,7.27,,,,,,,,,,
2024-03-03,8.82,5.97,10.95,,,,59.39,56.45,61.77,,,,9.31,6.55,11.5,,,,12.14,9.55,14.39,,,,3.45,1.61,5.5,,,,2.24,-0.61,6.3,,,,4.93,2.93,7.3,,,,,,,,,,
2024-03-04,8.82,5.94,10.93,,,,59.37,56.41,61.67,,,,9.31,6.56,11.46,,,,12.13,9.51,14.39,,,,3.44,1.63,5.5,,,,2.24,-0.58,6.27,,,,4.95,2.95,7.29,,,,,,,,,,
2024-03-05,8.83,5.93,10.97,,,,59.35,56.43,61.6,,,,9.3,6.58,11.43,,,,12.13,9.54,14.4,,,,3.44,1.6,5.5,,,,2.24,-0.55,6.26,,,,4.98,2.99,7.3,,,,,,,,,,
2024-03-06,8.83,5.96,11.0,,,,59.33,56.45,61.58,,,,9.3,6.59,11.45,,,,12.13,9.56,14.4,,,,3.44,1.58,5.49,,,,2.23,-0.48,6.25,,,,5.0,3.03,7.35,,,,,,,,,,
2024-03-07,8.83,5.99,11.04,,,,59.3,56.46,61.56,,,,9.3,6.61,11.47,,,,12.13,9.59,14.4,,,,3.44,1.56,5.48,,,,2.22,-0.4,6.19,,,,5.02,3.08,7.35,,,,7.0,68.0,9.0,11.0,2.0,,2.0
2024-03-08,8.83,6.03,11.02,,,,59.28,56.46,61.54,,,,9.3,6.63,11.49,,,,12.13,9.62,14.41,,,,3.44,1.53,5.47,,,,2.22,-0.34,6.23,,,,5.04,3.12,7.37,,,,,,,,,,
2024-03-09,8.83,6.06,10.99,,,,59.25,56.39,61.51,,,,9.3,6.64,11.51,,,,12.14,9.65,14.42,,,,3.43,1.5,5.45,,,,2.21,-0.31,6.18,,,,5.07,3.17,7.37,,,,,,,,,,
2024-03-10,8.83,6.1,10.96,,,,59.23,56.39,61.47,,,,9.29,6.66,11.53,,,,12.14,9.68,14.43,,,,3.43,1.48,5.45,,,,2.21,-0.32,6.14,,,,5.09,3.21,7.37,,,,,,,,,,
2024-03-11,8.83,6.08,10.93,,,,59.2,56.4,61.44,,,,9.29,6.68,11.55,,,,12.14,9.71,14.44,,,,3.43,1.48,5.48,,,,2.2,-0.33,6.09,,,,5.12,3.24,7.37,,,,,,,,,,
2024-03-12,8.83,6.1,10.94,,,,59.18,56.41,61.4,,,,9.29,6.68,11.54,,,,12.15,9.74,14.45,,,,3.43,1.5,5.5,,,,2.19,-0.34,6.04,,,,5.14,3.2,7.38,,,,,,,,,,
2024-03-13,8.82,6.13,10.95,,,,59.15,56.43,61.4,,,,9.29,6.64,11.53,,,,12.15,9.76,14.46,,,,3.43,1.52,5.47,,,,2.19,-0.36,5.99,,,,5.17,3.17,7.38,,,,10.0,65.0,10.0,8.0,4.0,,3.0
2024-03-14,8.82,6.15,10.91,,,,59.12,56.4,61.38,,,,9.29,6.64,11.56,,,,12.16,9.77,14.47,,,,3.43,1.55,5.45,,,,2.18,-0.4,6.0,,,,5.2,3.13,7.42,,,,,,,,,,
2024-03-15,8.81,6.15,10.87,,,,59.1,56.36,61.37,,,,9.29,6.66,11.61,,,,12.16,9.78,14.45,,,,3.43,1.57,5.42,,,,2.18,-0.43,6.05,,,,5.23,3.19,7.46,,,,,,,,,,
2024-03-16,8.81,6.16,10.87,,,,59.07,56.31,61.35,,,,9.29,6.63,11.66,,,,12.17,9.76,14.45,,,,3.42,1.58,5.4,,,,2.17,-0.46,6.1,,,,5.26,3.17,7.5,,,,,,,,,,
2024-03-17,8.8,6.18,10.87,,,,59.04,56.25,61.35,,,,9.3,6.59,11.69,,,,12.18,9.75,14.5,,,,3.42,1.6,5.39,,,,2.17,-0.49,6.13,,,,5.29,3.14,7.53,,,,,,,,,,
2024-03-18,8.79,6.19,10.87,,,,59.01,56.2,61.33,,,,9.3,6.63,11.77,,,,12.18,9.74,14.51,,,,3.42,1.61,5.35,,,,2.16,-0.52,6.07,,,,5.32,3.11,7.57,,,,,,,,,,
2024-03-19,8.78,6.21,10.87,,,,58.98,56.11,61.32,,,,9.3,6.66,11.76,,,,12.19,9.73,14.52,,,,3.42,1.61,5.33,,,,2.15,-0.45,6.01,,,,5.36,3.19,7.61,,,,,,,,,,
2024-03-20,8.77,6.23,10.87,,,,58.95,56.01,61.29,,,,9.31,6.71,11.78,,,,12.19,9.71,14.55,,,,3.42,1.58,5.34,,,,2.15,-0.44,6.07,,,,5.39,3.28,7.64,,,,9.0,59.0,7.0,11.0,3.0,,7.0
2024-03-21,8.76,6.24,10.87,,,,58.91,55.94,61.23,,,,9.32,6.77,11.82,,,,12.2,9.7,14.61,,,,3.42,1.6,5.39,,,,2.14,-0.43,6.06,,,,5.43,3.32,7.67,,,,,,,,,,
2024-03-22,8.75,6.2,10.88,,,,58.87,55.92,61.18,,,,9.33,6.83,11.82,,,,12.21,9.69,14.58,,,,3.41,1.59,5.43,,,,2.13,-0.49,5.99,,,,5.46,3.32,7.71,,,,,,,,,,
2024-03-23,8.74,6.16,10.89,,,,58.84,55.9,61.11,,,,9.34,6.89,11.83,,,,12.21,9.68,14.54,,,,3.41,1.58,5.47,,,,2.13,-0.46,5.95,,,,5.5,3.32,7.75,,,,,,,,,,
2024-03-24,8.72,6.11,10.89,,,,58.79,55.88,61.05,,,,9.36,6.96,11.84,,,,12.22,9.68,14.52,,,,3.41,1.57,5.48,,,,2.12,-0.46,5.97,,,,5.54,3.32,7.76,,,,,,,,,,
2024-03-25,8.71,6.07,10.89,,,,58.75,55.83,60.97,,,,9.38,7.02,11.85,,,,12.23,9.68,14.52,,,,3.41,1.56,5.4,,,,2.11,-0.46,5.97,,,,5.58,3.34,7.77,,,,,,,,,,
2024-03-26,8.69,6.03,10.87,,,,58.7,55.72,60.92,,,,9.4,7.05,11.89,,,,12.23,9.68,14.51,,,,3.41,1.56,5.38,,,,2.1,-0.41,5.96,,,,5.62,3.39,7.78,,,,,,,,,,
2024-03-27,8.68,6.05,10.85,,,,58.65,55.64,60.89,,,,9.42,7.08,11.94,,,,12.24,9.68,14.5,,,,3.4,1.57,5.32,,,,2.1,-0.42,5.86,,,,5.66,3.45,7.78,,,,10.0,54.0,15.0,13.0,3.0,1.0,3.0
2024-03-28,8.66,6.08,10.85,,,,58.59,55.57,60.88,,,,9.45,7.13,11.99,,,,12.25,9.69,14.49,,,,3.4,1.57,5.25,,,,2.09,-0.45,5.75,,,,5.71,3.51,7.79,,,,,,,,,,
2024-03-29,8.64,6.07,10.86,,,,58.53,55.53,60.81,,,,9.48,7.2,12.05,,,,12.26,9.68,14.48,,,,3.4,1.54,5.19,,,,2.08,-0.47,5.64,,,,5.75,3.54,7.81,,,,,,,,,,
2024-03-30,8.62,6.07,10.86,,,,58.47,55.48,60.78,,,,9.51,7.35,12.04,,,,12.27,9.7,14.47,,,,3.4,1.52,5.14,,,,2.07,-0.47,5.55,,,,5.79,3.6,7.85,,,,,,,,,,
2024-03-31,8.6,6.11,10.81,,,,58.4,55.43,60.76,,,,9.55,7.47,12.09,,,,12.28,9.7,14.46,,,,3.4,1.51,5.15,,,,2.06,-0.46,5.56,,,,5.84,3.67,7.89,,,,,,,,,,
2024-04-01,8.57,6.06,10.75,,,,58.33,55.38,60.7,,,,9.59,7.48,12.11,,,,12.29,9.71,14.45,,,,3.39,1.51,5.13,,,,2.05,-0.46,5.48,,,,5.88,3.74,7.91,,,,,,,,,,
2024-04-02,8.55,6.05,10.69,,,,58.25,55.33,60.61,,,,9.64,7.56,12.16,,,,12.3,9.72,14.44,,,,3.39,1.52,5.14,,,,2.04,-0.43,5.54,,,,5.93,3.83,7.95,,,,,,,,,,
2024-04-03,8.53,6.04,10.65,,,,58.16,55.27,60.51,,,,9.69,7.59,12.23,,,,12.32,9.75,14.44,,,,3.39,1.52,5.18,,,,2.03,-0.43,5.56,,,,5.98,3.9,7.99,,,,8.0,58.0,6.0,14.0,3.0,,10.0
2024-04-04,8.5,6.04,10.59,,,,58.08,55.21,60.42,,,,9.74,7.62,12.32,,,,12.33,9.77,14.47,,,,3.39,1.52,5.14,,,,2.01,-0.44,5.61,,,,6.03,3.97,8.03,,,,,,,,,,
2024-04-05,8.48,6.03,10.56,,,,57.98,55.13,60.32,,,,9.8,7.65,12.41,,,,12.34,9.86,14.48,,,,3.38,1.52,5.14,,,,2.0,-0.43,5.54,,,,6.08,4.06,8.06,,,,,,,,,,
2024-04-06,8.45,6.02,10.54,,,,57.89,55.03,60.2,,,,9.86,7.68,12.5,,,,12.36,9.88,14.49,,,,3.38,1.53,5.17,,,,1.99,-0.48,5.39,,,,6.13,4.13,8.1,,,,,,,,,,
2024-04-07,8.43,6.01,10.52,,,,57.78,54.93,60.11,,,,9.92,7.73,12.6,,,,12.38,9.86,14.52,,,,3.38,1.53,5.2,,,,1.98,-0.55,5.31,,,,6.18,4.17,8.14,,,,,,,,,,
2024-04-08,8.4,6.0,10.49,,,,57.68,54.82,60.0,,,,9.99,7.82,12.69,,,,12.39,9.85,14.54,,,,3.38,1.53,5.19,,,,1.96,-0.61,5.39,,,,6.23,4.21,8.16,,,,,,,,,,
2024-04-09,8.37,6.0,10.47,,,,57.57,54.68,59.89,,,,10.06,7.97,12.79,,,,12.41,9.94,14.57,,,,3.37,1.53,5.19,,,,1.95,-0.58,5.39,,,,6.28,4.26,8.2,,,,,,,,,,
2024-04-10,8.35,5.99,10.45,,,,57.45,54.52,59.76,,,,10.13,8.12,12.88,,,,12.43,10.02,14.59,,,,3.37,1.52,5.19,,,,1.94,-0.54,5.36,,,,6.33,4.3,8.25,,,,,,,,,,
2024-04-11,8.32,5.99,10.42,,,,57.34,54.36,59.69,,,,10.2,8.26,12.97,,,,12.45,10.07,14.62,,,,3.37,1.51,5.19,,,,1.92,-0.57,5.25,,,,6.38,4.35,8.29,,,,14.0,60.0,8.0,14.0,1.0,1.0,3.0
2024-04-12,8.29,6.01,10.39,,,,57.21,54.21,59.61,,,,10.28,8.36,13.06,,,,12.47,10.12,14.59,,,,3.37,1.5,5.17,,,,1.91,-0.62,5.1,,,,6.43,4.4,8.34,,,,,,,,,,
2024-04-13,8.27,5.96,10.36,,,,57.09,54.04,59.53,,,,10.36,8.45,13.12,,,,12.49,10.13,14.63,,,,3.37,1.48,5.18,,,,1.9,-0.61,5.0,,,,6.48,4.45,8.4,,,,,,,,,,
2024-04-14,8.24,5.94,10.33,,,,56.96,53.92,59.44,,,,10.44,8.54,13.15,,,,12.52,10.15,14.67,,,,3.36,1.47,5.18,,,,1.88,-0.62,4.95,,,,6.54,4.46,8.44,,,,,,,,,,
2024-04-15,8.21,5.93,10.29,,,,56.83,53.82,59.35,,,,10.52,8.63,13.19,,,,12.54,10.16,14.7,,,,3.36,1.45,5.15,,,,1.87,-0.52,4.87,,,,6.59,4.46,8.49,,,,,,,,,,
2024-04-16,8.18,5.92,10.25,,,,56.7,53.65,59.25,,,,10.6,8.72,13.23,,,,12.56,10.17,14.74,,,,3.36,1.43,5.13,,,,1.86,-0.48,4.85,,,,6.64,4.47,8.56,,,,,,,,,,
2024-04-17,8.16,5.9,10.14,,,,56.56,53.46,59.14,,,,10.68,8.82,13.31,,,,12.58,10.14,14.77,,,,3.36,1.41,5.13,,,,1.84,-0.44,4.85,,,,6.69,4.48,8.61,,,,9.0,56.0,8.0,12.0,8.0,,6.0
2024-04-18,8.13,5.84,10.11,,,,56.43,53.26,59.04,,,,10.77,8.92,13.42,,,,12.61,10.19,14.81,,,,3.36,1.41,5.14,,,,1.83,-0.45,4.77,,,,6.74,4.49,8.66,,,,,,,,,,
2024-04-19,8.11,5.85,10.08,,,,56.29,53.06,58.97,,,,10.85,9.0,13.62,,,,12.63,10.27,14.84,,,,3.35,1.4,5.16,,,,1.82,-0.47,4.74,,,,6.8,4.49,8.72,,,,,,,,,,
2024-04-20,8.08,5.85,10.06,,,,56.15,52.9,58.84,,,,10.94,9.05,13.67,,,,12.66,10.3,14.88,,,,3.35,1.39,5.13,,,,1.81,-0.48,4.71,,,,6.85,4.53,8.77,,,,,,,,,,
2024-04-21,8.06,5.86,10.05,,,,56.01,52.75,58.71,,,,11.02,9.12,13.7,,,,12.68,10.33,14.91,,,,3.35,1.37,5.08,,,,1.8,-0.48,4.66,,,,6.9,4.59,8.82,,,,,,,,,,
2024-04-22,8.03,5.87,10.06,,,,55.87,52.6,58.56,,,,11.11,9.17,13.74,,,,12.71,10.35,14.95,,,,3.35,1.36,5.1,,,,1.79,-0.49,4.65,,,,6.95,4.69,8.87,,,,,,,,,,
2024-04-23,8.01,5.87,10.04,,,,55.73,52.42,58.42,,,,11.19,9.27,13.79,,,,12.73,10.36,14.98,,,,3.35,1.35,5.12,,,,1.78,-0.49,4.63,,,,7.0,4.78,8.92,,,,,,,,,,
2024-04-24,7.99,5.84,10.01,,,,55.58,52.27,58.25,,,,11.27,9.37,13.92,,,,12.76,10.35,15.02,,,,3.34,1.34,5.14,,,,1.77,-0.48,4.61,,,,7.05,4.87,8.97,,,,11.0,55.0,8.0,10.0,2.0,2.0,11.0
2024-04-25,7.96,5.82,9.98,,,,55.44,52.09,58.15,,,,11.36,9.46,14.05,,,,12.79,10.38,15.02,,,,3.34,1.33,5.15,,,,1.76,-0.48,4.53,,,,7.1,4.89,9.02,,,,,,,,,,
2024-04-26,7.94,5.79,9.95,,,,55.3,51.87,58.05,,,,11.44,9.57,14.17,,,,12.81,10.4,15.02,,,,3.34,1.31,5.14,,,,1.75,-0.47,4.43,,,,7.15,4.96,9.08,,,,,,,,,,
2024-04-27,7.92,5.76,9.92,,,,55.16,51.64,57.9,,,,11.52,9.65,14.29,,,,12.84,10.44,15.04,,,,3.34,1.29,5.13,,,,1.74,-0.48,4.36,,,,7.2,5.03,9.13,,,,,,,,,,
2024-04-28,7.9,5.73,9.9,,,,55.02,51.43,57.76,,,,11.6,9.68,14.41,,,,12.87,10.47,15.07,,,,3.34,1.28,5.17,,,,1.74,-0.51,4.36,,,,7.24,5.09,9.18,,,,,,,,,,
2024-04-29,7.88,5.7,9.88,,,,54.88,51.27,57.62,,,,11.68,9.7,14.49,,,,12.9,10.5,15.05,,,,3.33,1.28,5.21,,,,1.73,-0.54,4.36,,,,7.29,5.09,9.23,,,,,,,,,,
2024-04-30,7.86,5.68,9.86,,,,54.74,51.13,57.51,,,,11.76,9.74,14.56,,,,12.93,10.54,15.09,,,,3.33,1.27,5.24,,,,1.72,-0.57,4.34,,,,7.34,5.09,9.29,,,,,,,,,,
2024-05-01,7.83,5.64,9.83,,,,54.6,50.98,57.42,,,,11.84,9.77,14.61,,,,12.95,10.57,15.14,,,,3.33,1.26,5.25,,,,1.72,-0.59,4.33,,,,7.38,5.1,9.34,,,,7.0,52.0,9.0,16.0,4.0,2.0,7.0
2024-05-02,7.81,5.63,9.8,,,,54.47,50.85,57.32,,,,11.92,9.87,14.66,,,,12.98,10.6,15.2,,,,3.33,1.26,5.25,,,,1.71,-0.57,4.32,,,,7.43,5.1,9.4,,,,,,,,,,
2024-05-03,7.8,5.57,9.74,,,,54.33,50.7,57.23,,,,11.99,9.9,14.7,,,,13.01,10.62,15.26,,,,3.32,1.25,5.25,,,,1.71,-0.59,4.32,,,,7.47,5.14,9.42,,,,,,,,,,
2024-05-04,7.78,5.52,9.69,,,,54.2,50.54,57.14,,,,12.07,9.93,14.74,,,,13.04,10.66,15.32,,,,3.32,1.22,5.26,,,,1.7,-0.61,4.31,,,,7.52,5.2,9.47,,,,,,,,,,
2024-05-05,7.76,5.48,9.7,,,,54.07,50.38,57.0,,,,12.14,10.0,14.79,,,,13.07,10.67,15.36,,,,3.32,1.17,5.26,,,,1.7,-0.63,4.31,,,,7.56,5.25,9.51,,,,,,,,,,
2024-05-06,7.74,5.44,9.69,,,,53.94,50.23,56.85,,,,12.21,10.08,14.83,,,,13.1,10.67,15.37,,,,3.31,1.15,5.26,,,,1.7,-0.64,4.31,,,,7.6,5.32,9.55,,,,,,,,,,
2024-05-07,7.72,5.4,9.66,,,,53.82,50.08,56.7,,,,12.28,10.15,14.93,,,,13.13,10.66,15.35,,,,3.31,1.15,5.26,,,,1.69,-0.59,4.34,,,,7.64,5.33,9.6,,,,,,,,,,
2024-05-08,7.7,5.36,9.64,,,,53.69,49.94,56.56,,,,12.35,10.22,15.05,,,,13.16,10.66,15.34,,,,3.31,1.14,5.26,,,,1.69,-0.56,4.33,,,,7.68,5.37,9.65,,,,6.0,59.0,16.0,11.0,4.0,,3.0
2024-05-09,7.68,5.33,9.63,,,,53.57,49.82,56.44,,,,12.42,10.28,15.15,,,,13.18,10.67,15.33,,,,3.3,1.13,5.27,,,,1.69,-0.51,4.31,,,,7.72,5.36,9.7,,,,,,,,,,
2024-05-10,7.67,5.29,9.6,,,,53.45,49.69,56.34,,,,12.49,10.35,15.21,,,,13.21,10.68,15.31,,,,3.3,1.13,5.26,,,,1.69,-0.46,4.3,,,,7.76,5.37,9.74,,,,,,,,,,
2024-05-11,7.65,5.27,9.6,,,,53.33,49.56,56.26,,,,12.55,10.41,15.27,,,,13.24,10.74,15.37,,,,3.3,1.12,5.26,,,,1.68,-0.41,4.28,,,,7.8,5.38,9.79,,,,,,,,,,
2024-05-12,7.63,5.25,9.57,,,,53.22,49.44,56.17,,,,12.62,10.48,15.33,,,,13.27,10.79,15.41,,,,3.3,1.12,5.27,,,,1.68,-0.36,4.3,,,,7.83,5.39,9.83,,,,,,,,,,
2024-05-13,7.61,5.23,9.53,,,,53.1,49.33,56.09,,,,12.68,10.54,15.42,,,,13.29,10.8,15.41,,,,3.29,1.1,5.29,,,,1.68,-0.36,4.33,,,,7.87,5.4,9.88,,,,,,,,,,
2024-05-14,7.6,5.21,9.5,,,,52.99,49.21,56.01,,,,12.74,10.61,15.48,,,,13.32,10.81,15.41,,,,3.29,1.09,5.31,,,,1.68,-0.38,4.35,,,,7.9,5.43,9.92,,,,,,,,,,
2024-05-15,7.58,5.19,9.47,,,,52.89,49.1,55.9,,,,12.8,10.67,15.53,,,,13.34,10.81,15.41,,,,3.29,1.07,5.32,,,,1.68,-0.38,4.38,,,,7.94,5.47,9.96,,,,,,,,,,
2024-05-16,7.56,5.17,9.46,,,,52.78,49.0,55.83,,,,12.86,10.71,15.57,,,,13.37,10.81,15.44,,,,3.29,1.05,5.34,,,,1.68,-0.33,4.38,,,,7.97,5.51,10.0,,,,6.0,60.0,12.0,11.0,2.0,1.0,6.0
2024-05-17,7.54,5.15,9.45,,,,52.68,48.91,55.78,,,,12.92,10.73,15.65,,,,13.39,10.81,15.51,,,,3.28,1.03,5.34,,,,1.69,-0.37,4.36,,,,8.0,5.55,10.04,,,,,,,,,,
2024-05-18,7.53,5.13,9.43,,,,52.58,48.82,55.7,,,,12.97,10.75,15.76,,,,13.42,10.82,15.57,,,,3.28,1.04,5.36,,,,1.69,-0.42,4.35,,,,8.03,5.59,10.09,,,,,,,,,,
2024-05-19,7.51,5.1,9.41,,,,52.48,48.73,55.63,,,,13.03,10.76,15.8,,,,13.44,10.82,15.62,,,,3.28,1.03,5.37,,,,1.69,-0.45,4.32,,,,8.06,5.63,10.13,,,,,,,,,,
2024-05-20,7.49,5.1,9.39,,,,52.39,48.62,55.57,,,,13.08,10.78,15.9,,,,13.46,10.82,15.68,,,,3.28,1.01,5.38,,,,1.69,-0.49,4.3,,,,8.09,5.67,10.17,,,,,,,,,,
2024-05-21,7.47,5.11,9.35,,,,52.3,48.51,55.51,,,,13.13,10.8,15.96,,,,13.49,10.84,15.72,,,,3.27,0.99,5.39,,,,1.69,-0.46,4.32,,,,8.12,5.68,10.22,,,,,,,,,,
2024-05-22,7.45,5.13,9.31,,,,52.21,48.4,55.45,,,,13.19,10.82,15.99,,,,13.51,10.87,15.73,,,,3.27,0.96,5.36,,,,1.69,-0.44,4.35,,,,8.15,5.69,10.25,,,,9.0,54.0,7.0,18.0,5.0,,5.0
2024-05-23,7.44,5.13,9.28,,,,52.13,48.29,55.4,,,,13.24,10.84,16.0,,,,13.53,10.9,15.75,,,,3.27,0.94,5.33,,,,1.69,-0.41,4.38,,,,8.18,5.7,10.28,,,,,,,,,,
2024-05-24,7.42,5.14,9.28,,,,52.04,48.18,55.35,,,,13.29,10.86,16.02,,,,13.55,10.92,15.81,,,,3.27,0.92,5.3,,,,1.7,-0.38,4.4,,,,8.2,5.7,10.31,,,,7.0,54.0,11.0,11.0,5.0,,11.0
2024-05-25,7.4,5.15,9.28,,,,51.96,48.04,55.3,,,,13.34,10.92,16.08,,,,13.57,10.95,15.82,,,,3.27,0.9,5.3,,,,1.7,-0.4,4.44,,,,8.23,5.71,10.34,,,,,,,,,,
2024-05-26,7.38,5.16,9.28,,,,51.88,47.97,55.26,,,,13.39,10.99,16.12,,,,13.58,10.94,15.84,,,,3.27,0.91,5.31,,,,1.7,-0.44,4.46,,,,8.26,5.72,10.37,,,,,,,,,,
2024-05-27,7.36,5.17,9.26,,,,51.81,47.87,55.21,,,,13.43,11.02,16.2,,,,13.6,10.92,15.88,,,,3.26,0.93,5.33,,,,1.7,-0.47,4.44,,,,8.28,5.73,10.4,,,,,,,,,,
2024-05-28,7.34,5.17,9.23,,,,51.74,47.76,55.19,,,,13.48,11.04,16.26,,,,13.62,10.9,15.91,,,,3.26,0.9,5.34,,,,1.7,-0.51,4.42,,,,8.31,5.74,10.42,,,,4.0,65.0,5.0,20.0,,,6.0
2024-05-29,7.32,5.18,9.2,,,,51.67,47.66,55.17,,,,13.53,11.08,16.31,,,,13.64,10.89,15.95,,,,3.26,0.88,5.35,,,,1.71,-0.51,4.44,,,,8.33,5.75,10.45,,,,,,,,,,
2024-05-30,7.3,5.17,9.17,,,,51.6,47.59,55.16,,,,13.57,11.11,16.36,,,,13.65,10.86,15.96,,,,3.26,0.88,5.37,,,,1.71,-0.5,4.48,,,,8.36,5.8,10.46,,,,5.0,55.0,14.0,10.0,4.0,,12.0
2024-05-31,7.28,5.15,9.14,,,,51.53,47.54,55.14,,,,13.62,11.13,16.41,,,,13.67,10.9,15.96,,,,3.26,0.83,5.37,,,,1.71,-0.49,4.49,,,,8.38,5.85,10.49,,,,,,,,,,
2024-06-01,7.26,5.12,9.14,,,,51.47,47.5,55.08,,,,13.66,11.16,16.46,,,,13.68,10.93,15.96,,,,3.25,0.81,5.38,,,,1.71,-0.48,4.48,,,,8.4,5.9,10.53,,,,,,,,,,
2024-06-02,7.24,5.11,9.14,,,,51.4,47.46,55.03,,,,13.71,11.19,16.5,,,,13.69,10.98,15.98,,,,3.25,0.79,5.38,,,,1.71,-0.47,4.48,,,,8.42,5.9,10.55,,,,,,,,,,
2024-06-03,7.22,5.08,9.15,,,,51.34,47.43,54.97,,,,13.75,11.21,16.54,,,,13.71,11.02,16.02,,,,3.25,0.77,5.38,,,,1.72,-0.5,4.48,,,,8.44,5.91,10.58,,,,,,,,,,
2024-06-04,7.2,5.04,9.16,,,,51.28,47.39,54.92,,,,13.79,11.24,16.59,,,,13.72,11.07,16.06,,,,3.25,0.76,5.39,,,,1.72,-0.53,4.52,,,,8.46,5.93,10.61,,,,12.0,55.0,13.0,4.0,1.0,3.0,11.0
2024-06-05,7.18,5.0,9.15,,,,51.23,47.33,54.87,,,,13.84,11.27,16.63,,,,13.73,11.11,16.11,,,,3.24,0.75,5.39,,,,1.72,-0.57,4.54,,,,8.49,5.94,10.62,,,,,,,,,,
2024-06-06,7.16,4.95,9.14,,,,51.17,47.27,54.83,,,,13.88,11.3,16.71,,,,13.74,11.15,16.15,,,,3.24,0.74,5.38,,,,1.72,-0.6,4.57,,,,8.51,5.95,10.64,,,,8.0,60.0,7.0,13.0,1.0,3.0,5.0
2024-06-07,7.15,4.91,9.14,,,,51.11,47.22,54.79,,,,13.92,11.32,16.76,,,,13.75,11.15,16.19,,,,3.24,0.74,5.37,,,,1.72,-0.63,4.6,,,,8.53,5.96,10.65,,,,,,,,,,
2024-06-08,7.13,4.88,9.13,,,,51.05,47.09,54.75,,,,13.97,11.35,16.81,,,,13.76,11.14,16.24,,,,3.23,0.73,5.35,,,,1.73,-0.66,4.63,,,,8.55,5.97,10.67,,,,,,,,,,
2024-06-09,7.11,4.84,9.12,,,,51.0,46.94,54.71,,,,14.01,11.38,16.89,,,,13.77,11.14,16.26,,,,3.23,0.72,5.35,,,,1.73,-0.69,4.64,,,,8.57,5.99,10.68,,,,,,,,,,
2024-06-10,7.09,4.83,9.11,,,,50.94,46.84,54.67,,,,14.05,11.41,16.97,,,,13.78,11.14,16.28,,,,3.23,0.7,5.36,,,,1.73,-0.74,4.62,,,,8.58,6.0,10.7,,,,,,,,,,
2024-06-11,7.07,4.84,9.11,,,,50.89,46.77,54.64,,,,14.1,11.44,17.05,,,,13.79,11.15,16.3,,,,3.22,0.67,5.35,,,,1.73,-0.8,4.6,,,,8.6,6.01,10.72,,,,4.0,43.0,23.0,16.0,3.0,1.0,5.0
2024-06-12,7.05,4.8,9.1,,,,50.83,46.71,54.63,,,,14.14,11.47,17.09,,,,13.8,11.15,16.31,,,,3.22,0.69,5.33,,,,1.73,-0.87,4.59,,,,8.62,6.02,10.77,,,,,,,,,,
2024-06-13,7.03,4.77,9.1,,,,50.78,46.64,54.63,,,,14.18,11.51,17.12,,,,13.81,11.15,16.33,,,,3.22,0.67,5.34,,,,1.74,-0.86,4.66,,,,8.64,6.04,10.84,,,,7.0,41.0,22.0,8.0,5.0,,15.0
2024-06-14,7.02,4.74,9.1,,,,50.72,46.58,54.63,,,,14.23,11.54,17.17,,,,13.82,11.16,16.35,,,,3.21,0.65,5.32,,,,1.74,-0.86,4.76,,,,8.66,6.06,10.88,,,,,,,,,,
2024-06-15,7.0,4.7,9.07,,,,50.66,46.51,54.63,,,,14.27,11.57,17.21,,,,13.83,11.15,16.36,,,,3.21,0.65,5.3,,,,1.74,-0.86,4.85,,,,8.68,6.09,10.9,,,,,,,,,,
2024-06-16,6.98,4.68,9.04,,,,50.6,46.45,54.62,,,,14.32,11.61,17.27,,,,13.84,11.15,16.38,,,,3.2,0.64,5.29,,,,1.74,-0.87,4.88,,,,8.7,6.11,10.93,,,,,,,,,,
2024-06-17,6.96,4.67,9.03,,,,50.54,46.39,54.57,,,,14.37,11.64,17.33,,,,13.85,11.16,16.39,,,,3.2,0.62,5.27,,,,1.74,-0.88,4.87,,,,8.72,6.13,10.95,,,,,,,,,,
2024-06-18,6.95,4.66,9.01,,,,50.48,46.32,54.53,,,,14.41,11.68,17.37,,,,13.86,11.16,16.41,,,,3.19,0.61,5.25,,,,1.74,-0.88,4.86,,,,8.74,6.15,10.98,,,,5.0,43.0,22.0,16.0,1.0,1.0,11.0
2024-06-19,6.93,4.65,9.0,,,,50.42,46.18,54.48,,,,14.46,11.69,17.44,,,,13.87,11.16,16.42,,,,3.19,0.6,5.23,,,,1.75,-0.88,4.86,,,,8.76,6.17,11.0,,,,,,,,,,
2024-06-20,6.92,4.64,9.0,,,,50.36,46.04,54.43,,,,14.51,11.71,17.49,,,,13.89,11.17,16.44,,,,3.18,0.58,5.21,,,,1.75,-0.91,4.84,,,,8.78,6.19,11.0,,,,7.0,37.0,21.0,21.0,5.0,,7.0
2024-06-21,6.9,4.63,9.0,,,,50.29,45.9,54.37,,,,14.56,11.74,17.54,,,,13.9,11.17,16.45,,,,3.18,0.58,5.19,,,,1.75,-0.95,4.82,,,,8.8,6.21,11.01,,,,,,,,,,
2024-06-22,6.88,4.62,9.0,,,,50.22,45.75,54.33,,,,14.61,11.78,17.59,,,,13.91,11.18,16.47,,,,3.17,0.58,5.2,,,,1.75,-0.98,4.81,,,,8.82,6.23,11.02,,,,,,,,,,
2024-06-23,6.87,4.6,9.0,,,,50.16,45.66,54.27,,,,14.66,11.85,17.64,,,,13.92,11.19,16.48,,,,3.17,0.58,5.24,,,,1.75,-1.0,4.81,,,,8.84,6.26,11.03,,,,,,,,,,
2024-06-24,6.85,4.59,9.0,,,,50.09,45.59,54.2,,,,14.71,11.9,17.7,,,,13.93,11.16,16.48,,,,3.16,0.53,5.28,,,,1.75,-1.01,4.8,,,,8.86,6.29,11.04,,,,,,,,,,
2024-06-25,6.84,4.59,9.0,,,,50.02,45.53,54.14,,,,14.76,11.94,17.75,,,,13.95,11.14,16.5,,,,3.16,0.5,5.33,,,,1.75,-1.02,4.62,,,,8.88,6.31,11.05,,,,6.0,34.0,22.0,20.0,3.0,,13.0
2024-06-26,6.83,4.57,9.0,,,,49.94,45.39,54.07,,,,14.82,11.94,17.8,,,,13.96,11.11,16.53,,,,3.15,0.48,5.37,,,,1.75,-1.03,4.63,,,,8.9,6.33,11.06,,,,,,,,,,
2024-06-27,6.81,4.55,8.99,,,,49.87,45.24,54.0,,,,14.87,11.96,17.85,,,,13.97,11.09,16.54,,,,3.14,0.47,5.41,,,,1.75,-1.05,4.65,,,,8.93,6.35,11.07,,,,6.0,48.0,15.0,15.0,2.0,1.0,11.0
2024-06-28,6.8,4.53,9.0,,,,49.79,45.09,53.94,,,,14.92,12.0,17.93,,,,13.99,11.06,16.56,,,,3.14,0.46,5.43,,,,1.75,-1.06,4.67,,,,8.95,6.4,11.08,,,,,,,,,,
2024-06-29,6.79,4.52,9.01,,,,49.72,44.96,53.9,,,,14.98,12.04,17.99,,,,14.0,11.04,16.57,,,,3.13,0.44,5.42,,,,1.75,-1.07,4.7,,,,8.97,6.45,11.08,,,,,,,,,,
2024-06-30,6.78,4.49,9.0,,,,49.64,44.88,53.84,,,,15.03,12.08,18.05,,,,14.02,11.01,16.6,,,,3.12,0.43,5.4,,,,1.75,-1.09,4.71,,,,8.99,6.49,11.1,,,,,,,,,,
2024-07-01,6.77,4.46,8.98,,,,49.56,44.8,53.75,,,,15.09,12.12,18.12,,,,14.04,10.98,16.65,,,,3.12,0.41,5.38,,,,1.75,-1.09,4.71,,,,9.02,6.51,11.11,,,,,,,,,,
2024-07-02,6.76,4.42,8.96,,,,49.47,44.72,53.69,,,,15.14,12.16,18.18,,,,14.05,10.96,16.69,,,,3.11,0.4,5.37,,,,1.75,-1.12,4.72,,,,9.04,6.52,11.13,,,,,,,,,,
2024-07-03,6.75,4.42,8.95,,,,49.39,44.63,53.61,,,,15.2,12.21,18.25,,,,14.07,10.94,16.74,,,,3.1,0.38,5.35,,,,1.75,-1.12,4.74,,,,9.06,6.53,11.16,,,,8.0,47.0,15.0,14.0,3.0,2.0,10.0
2024-09-12,,,,13.94,9.87,18.99,,,,41.39,36.33,46.8,,,,8.73,4.71,13.97,,,,14.38,10.12,18.66,,,,,,,,,,,,,,,,16.36,12.05,21.32,14.5,37.0,10.0,16.0,,,17.0
2024-09-13,,,,13.94,9.86,18.95,,,,41.4,36.38,46.81,,,,8.74,4.75,13.97,,,,14.37,10.11,18.62,,,,,,,,,,,,,,,,16.35,12.05,21.3,,,,,,,
2024-09-14,,,,13.94,9.85,18.89,,,,41.41,36.42,46.81,,,,8.75,4.79,13.96,,,,14.36,10.11,18.59,,,,,,,,,,,,,,,,16.34,12.04,21.28,,,,,,,
2024-09-15,,,,13.95,9.85,18.8,,,,41.43,36.46,46.81,,,,8.76,4.83,13.96,,,,14.34,10.11,18.56,,,,,,,,,,,,,,,,16.33,12.04,21.28,,,,,,,
2024-09-16,,,,13.95,9.83,18.7,,,,41.44,36.5,46.82,,,,8.78,4.87,13.95,,,,14.33,10.11,18.54,,,,,,,,,,,,,,,,16.32,12.04,21.3,,,,,,,
2024-09-17,,,,13.95,9.82,18.61,,,,41.45,36.53,46.83,,,,8.79,4.91,13.94,,,,14.32,10.12,18.53,,,,,,,,,,,,,,,,16.31,12.04,21.32,,,,,,,
2024-09-18,,,,13.95,9.81,18.62,,,,41.45,36.52,46.83,,,,8.8,4.92,13.92,,,,14.31,10.11,18.52,,,,,,,,,,,,,,,,16.3,12.03,21.33,,,,,,,
2024-09-19,,,,13.95,9.79,18.59,,,,41.46,36.51,46.84,,,,8.81,4.92,13.91,,,,14.3,10.11,18.5,,,,,,,,,,,,,,,,16.29,12.01,21.34,,,,,,,
2024-09-20,,,,13.96,9.79,18.54,,,,41.47,36.51,46.84,,,,8.82,4.93,13.89,,,,14.29,10.12,18.48,,,,,,,,,,,,,,,,16.28,11.98,21.36,,,,,,,
2024-09-21,,,,13.96,9.78,18.48,,,,41.48,36.5,46.84,,,,8.83,4.94,13.88,,,,14.28,10.12,18.42,,,,,,,,,,,,,,,,16.27,11.97,21.37,,,,,,,
2024-09-22,,,,13.96,9.77,18.43,,,,41.48,36.49,46.84,,,,8.84,4.96,13.86,,,,14.27,10.12,18.34,,,,,,,,,,,,,,,,16.27,11.94,21.37,,,,,,,
2024-09-23,,,,13.96,9.77,18.42,,,,41.49,36.49,46.84,,,,8.85,4.99,13.85,,,,14.26,10.12,18.32,,,,,,,,,,,,,,,,16.26,11.93,21.39,,,,,,,
2024-09-24,,,,13.96,9.78,18.42,,,,41.5,36.51,46.85,,,,8.86,4.99,13.83,,,,14.25,10.13,18.29,,,,,,,,,,,,,,,,16.25,11.9,21.39,,,,,,,
2024-09-25,,,,13.97,9.81,18.42,,,,41.5,36.52,46.85,,,,8.87,4.99,13.82,,,,14.24,10.12,18.23,,,,,,,,,,,,,,,,16.24,11.88,21.4,,,,,,,
2024-09-26,,,,13.97,9.85,18.42,,,,41.51,36.52,46.85,,,,8.87,4.99,13.82,,,,14.24,10.12,18.21,,,,,,,,,,,,,,,,16.24,11.87,21.41,,,,,,,
2024-09-27,,,,13.97,9.89,18.41,,,,41.52,36.53,46.86,,,,8.88,4.99,13.8,,,,14.23,10.13,18.2,,,,,,,,,,,,,,,,16.23,11.85,21.42,,,,,,,
2024-09-28,,,,13.97,9.92,18.42,,,,41.52,36.57,46.86,,,,8.89,4.98,13.79,,,,14.22,10.13,18.19,,,,,,,,,,,,,,,,16.22,11.84,21.43,,,,,,,
2024-09-29,,,,13.97,9.96,18.41,,,,41.53,36.61,46.87,,,,8.9,4.98,13.81,,,,14.21,10.13,18.18,,,,,,,,,,,,,,,,16.22,11.83,21.43,,,,,,,
2024-09-30,,,,13.97,9.98,18.41,,,,41.54,36.65,46.87,,,,8.9,4.98,13.82,,,,14.2,10.13,18.17,,,,,,,,,,,,,,,,16.21,11.82,21.44,,,,,,,
2024-10-01,,,,13.97,10.01,18.41,,,,41.54,36.69,46.87,,,,8.91,4.98,13.82,,,,14.2,10.13,18.16,,,,,,,,,,,,,,,,16.21,11.81,21.45,,,,,,,
2024-10-02,,,,13.98,10.0,18.41,,,,41.55,36.73,46.88,,,,8.91,4.98,13.82,,,,14.19,10.13,18.15,,,,,,,,,,,,,,,,16.2,11.8,21.45,,,,,,,
2024-10-03,,,,13.98,10.0,18.4,,,,41.56,36.77,46.88,,,,8.92,4.97,13.81,,,,14.18,10.13,18.13,,,,,,,,,,,,,,,,16.2,11.79,21.46,,,,,,,
2024-10-04,,,,13.98,10.0,18.39,,,,41.57,36.8,46.88,,,,8.92,4.97,13.79,,,,14.17,10.13,18.12,,,,,,,,,,,,,,,,16.19,11.79,21.46,,,,,,,
2024-10-05,,,,13.98,10.0,18.39,,,,41.58,36.85,46.89,,,,8.93,4.97,13.78,,,,14.17,10.13,18.1,,,,,,,,,,,,,,,,16.18,11.78,21.47,,,,,,,
2024-10-06,,,,13.98,10.0,18.38,,,,41.59,36.88,46.89,,,,8.93,4.97,13.76,,,,14.16,10.14,18.09,,,,,,,,,,,,,,,,16.18,11.77,21.47,,,,,,,
2024-10-07,,,,13.98,10.0,18.37,,,,41.6,36.92,46.9,,,,8.93,4.97,13.74,,,,14.15,10.14,18.09,,,,,,,,,,,,,,,,16.17,11.77,21.48,13.0,46.0,6.0,13.5,,,16.5
2024-10-08,,,,13.98,9.99,18.36,,,,41.61,36.96,46.91,,,,8.94,4.97,13.72,,,,14.14,10.14,18.08,,,,,,,,,,,,,,,,16.17,11.76,21.48,,,,,,,
2024-10-09,,,,13.98,9.99,18.33,,,,41.62,37.0,46.91,,,,8.94,4.97,13.7,,,,14.14,10.13,18.07,,,,,,,,,,,,,,,,16.16,11.75,21.47,,,,,,,
2024-10-10,,,,13.98,9.99,18.3,,,,41.64,37.02,46.92,,,,8.94,4.96,13.68,,,,14.13,10.13,18.06,,,,,,,,,,,,,,,,16.16,11.73,21.46,,,,,,,
2024-10-11,,,,13.98,9.99,18.29,,,,41.65,37.03,46.92,,,,8.94,4.97,13.66,,,,14.12,10.14,18.05,,,,,,,,,,,,,,,,16.15,11.72,21.45,,,,,,,
2024-10-12,,,,13.98,9.99,18.26,,,,41.67,37.04,46.92,,,,8.94,4.97,13.64,,,,14.11,10.14,18.05,,,,,,,,,,,,,,,,16.15,11.71,21.43,,,,,,,
2024-10-13,,,,13.97,9.98,18.23,,,,41.68,37.06,46.93,,,,8.94,4.97,13.62,,,,14.1,10.13,18.05,,,,,,,,,,,,,,,,16.14,11.7,21.41,,,,,,,
2024-10-14,,,,13.97,9.98,18.2,,,,41.7,37.08,46.93,,,,8.94,4.97,13.6,,,,14.09,10.13,18.05,,,,,,,,,,,,,,,,16.14,11.68,21.4,,,,,,,
2024-10-15,,,,13.97,10.02,18.22,,,,41.72,37.19,46.99,,,,8.94,4.99,13.86,,,,14.08,10.15,18.09,,,,,,,,,,,,,,,,16.13,11.67,21.89,,,,,,,
2024-10-16,,,,13.97,10.02,18.21,,,,41.74,37.21,47.0,,,,8.94,4.99,13.8,,,,14.08,10.16,18.09,,,,,,,,,,,,,,,,16.13,11.66,21.88,,,,,,,
2024-10-17,,,,13.97,10.01,18.2,,,,41.76,37.24,47.01,,,,8.94,4.99,13.72,,,,14.07,10.16,18.09,,,,,,,,,,,,,,,,16.12,11.64,21.85,,,,,,,
2024-10-18,,,,13.97,10.01,18.21,,,,41.78,37.27,47.03,,,,8.93,4.99,13.69,,,,14.06,10.16,18.09,,,,,,,,,,,,,,,,16.12,11.63,21.83,,,,,,,
2024-10-19,,,,13.96,10.01,18.21,,,,41.8,37.28,47.04,,,,8.93,4.99,13.69,,,,14.05,10.16,18.1,,,,,,,,,,,,,,,,16.11,11.6,21.81,,,,,,,
2024-10-20,,,,13.96,10.0,18.2,,,,41.82,37.31,47.05,,,,8.93,5.0,13.69,,,,14.04,10.15,18.1,,,,,,,,,,,,,,,,16.11,11.58,21.77,,,,,,,
2024-10-21,,,,13.95,9.99,18.21,,,,41.84,37.33,47.06,,,,8.93,5.01,13.68,,,,14.03,10.15,18.11,,,,,,,,,,,,,,,,16.1,11.55,21.74,,,,,,,
2024-10-22,,,,13.94,9.97,18.18,,,,41.86,37.35,47.07,,,,8.93,5.03,13.69,,,,14.03,10.15,18.11,,,,,,,,,,,,,,,,16.1,11.53,21.69,,,,,,,
2024-10-23,,,,13.93,9.95,18.16,,,,41.88,37.37,47.08,,,,8.93,5.06,13.69,,,,14.02,10.15,18.12,,,,,,,,,,,,,,,,16.09,11.51,21.68,,,,,,,
2024-10-24,,,,13.92,9.92,18.13,,,,41.9,37.39,47.08,,,,8.93,5.08,13.7,,,,14.02,10.16,18.14,,,,,,,,,,,,,,,,16.09,11.49,21.66,,,,,,,
2024-10-25,,,,13.91,9.92,18.09,,,,41.92,37.42,47.09,,,,8.93,5.12,13.7,,,,14.01,10.18,18.16,,,,,,,,,,,,,,,,16.09,11.46,21.62,,,,,,,
2024-10-26,,,,13.89,9.95,18.09,,,,41.94,37.44,47.1,,,,8.94,5.16,13.7,,,,14.01,10.2,18.18,,,,,,,,,,,,,,,,16.08,11.43,21.59,,,,,,,
2024-10-27,,,,13.87,9.98,18.09,,,,41.96,37.45,47.11,,,,8.94,5.2,13.7,,,,14.01,10.19,18.21,,,,,,,,,,,,,,,,16.07,11.41,21.54,,,,,,,
2024-10-28,,,,13.85,10.0,18.08,,,,41.98,37.46,47.11,,,,8.95,5.23,13.71,,,,14.02,10.17,18.23,,,,,,,,,,,,,,,,16.07,11.39,21.5,,,,,,,
2024-10-29,,,,13.82,10.02,18.08,,,,42.01,37.48,47.11,,,,8.95,5.24,13.71,,,,14.02,10.21,18.27,,,,,,,,,,,,,,,,16.06,11.4,21.44,,,,,,,
2024-10-30,,,,13.8,9.66,18.07,,,,42.03,37.03,47.1,,,,8.96,5.28,13.89,,,,14.03,10.25,18.27,,,,,,,,,,,,,,,,16.05,11.33,21.4,,,,,,,
2024-10-31,,,,13.76,9.61,18.06,,,,42.05,37.11,47.1,,,,8.98,5.33,13.87,,,,14.04,10.28,18.3,,,,,,,,,,,,,,,,16.04,11.31,21.72,,,,,,,
2024-11-01,,,,13.73,9.59,18.05,,,,42.07,37.19,47.1,,,,8.99,5.37,13.87,,,,14.06,10.31,18.31,,,,,,,,,,,,,,,,16.02,11.31,21.56,14.5,41.5,11.0,13.0,,,15.0
2024-11-02,,,,13.69,9.57,17.98,,,,42.09,37.26,47.09,,,,9.01,5.42,13.88,,,,14.07,10.34,18.31,,,,,,,,,,,,,,,,16.0,11.33,21.52,,,,,,,
2024-11-03,,,,13.64,9.56,17.9,,,,42.11,37.34,47.09,,,,9.04,5.47,13.89,,,,14.09,10.39,18.31,,,,,,,,,,,,,,,,15.98,11.33,21.56,,,,,,,
2024-11-04,,,,13.59,9.57,17.78,,,,42.12,37.42,47.09,,,,9.07,5.54,13.91,,,,14.12,10.47,18.32,,,,,,,,,,,,,,,,15.96,11.35,21.59,,,,,,,
2024-11-05,,,,13.54,9.61,17.64,,,,42.14,37.5,47.08,,,,9.1,5.61,13.93,,,,14.14,10.54,18.33,,,,,,,,,,,,,,,,15.94,11.36,21.61,,,,,,,
2024-11-06,,,,13.48,9.64,17.48,,,,42.15,37.58,47.07,,,,9.14,5.65,13.95,,,,14.18,10.72,18.34,,,,,,,,,,,,,,,,15.91,11.34,21.48,,,,,,,
2024-11-07,,,,13.41,9.58,17.29,,,,42.16,37.64,47.05,,,,9.18,5.7,13.98,,,,14.21,10.9,18.35,,,,,,,,,,,,,,,,15.88,11.38,21.43,,,,,,,
2024-11-08,,,,13.35,9.49,17.09,,,,42.17,37.63,47.03,,,,9.24,5.77,14.0,,,,14.25,10.9,18.36,,,,,,,,,,,,,,,,15.84,11.41,21.39,,,,,,,
2024-11-09,,,,13.27,9.46,17.02,,,,42.17,37.76,47.0,,,,9.29,5.84,14.04,,,,14.3,11.04,18.38,,,,,,,,,,,,,,,,15.8,11.43,21.11,,,,,,,
2024-11-10,,,,13.2,9.38,16.92,,,,42.17,37.9,46.96,,,,9.36,5.88,14.07,,,,14.35,11.21,18.52,,,,,,,,,,,,,,,,15.76,11.43,20.82,,,,,,,
2024-11-11,,,,13.12,9.38,16.81,,,,42.16,37.83,46.9,,,,9.43,5.91,14.21,,,,14.41,11.34,18.78,,,,,,,,,,,,,,,,15.72,11.45,20.52,,,,,,,
2024-11-12,,,,13.04,9.39,16.75,,,,42.15,37.81,46.85,,,,9.51,6.05,14.41,,,,14.47,11.36,19.04,,,,,,,,,,,,,,,,15.67,11.43,20.45,,,,,,,
2024-11-13,,,,12.95,9.26,16.52,,,,42.13,37.8,46.8,,,,9.59,6.18,14.61,,,,14.54,11.37,19.07,,,,,,,,,,,,,,,,15.61,11.41,20.44,,,,,,,
2024-11-14,,,,12.86,9.09,16.51,,,,42.1,37.65,46.72,,,,9.68,6.35,14.71,,,,14.61,11.42,19.0,,,,,,,,,,,,,,,,15.55,11.39,20.43,,,,,,,
2024-11-15,,,,12.77,9.03,16.35,,,,42.07,37.52,46.53,,,,9.78,6.48,14.72,,,,14.68,11.4,18.93,,,,,,,,,,,,,,,,15.49,11.35,20.42,,,,,,,
2024-11-16,,,,12.68,8.89,16.29,,,,42.03,37.39,46.25,,,,9.88,6.64,14.67,,,,14.77,11.53,19.17,,,,,,,,,,,,,,,,15.42,11.25,20.39,,,,,,,
2024-11-17,,,,12.59,8.75,16.22,,,,41.98,37.3,45.94,,,,9.99,6.77,14.51,,,,14.85,11.67,19.4,,,,,,,,,,,,,,,,15.35,11.23,20.29,,,,,,,
2024-11-18,,,,12.5,8.66,16.14,,,,41.92,37.25,45.76,,,,10.1,6.84,14.45,,,,14.94,11.65,19.61,,,,,,,,,,,,,,,,15.27,11.15,20.15,,,,,,,
2024-11-19,,,,12.4,8.61,16.06,,,,41.86,37.08,45.47,,,,10.22,7.03,14.55,,,,15.04,11.7,19.81,,,,,,,,,,,,,,,,15.19,11.09,19.97,,,,,,,
2024-11-20,,,,12.3,8.6,15.92,,,,41.78,36.99,45.39,,,,10.34,7.27,14.65,,,,15.13,11.78,19.8,,,,,,,,,,,,,,,,15.11,11.14,19.8,,,,,,,
2024-11-21,,,,12.21,8.45,15.78,,,,41.7,37.0,45.3,,,,10.47,7.4,14.58,,,,15.24,11.85,19.63,,,,,,,,,,,,,,,,15.02,10.97,19.64,,,,,,,
2024-11-22,,,,12.11,8.37,15.62,,,,41.61,36.89,44.97,,,,10.6,7.49,14.53,,,,15.34,12.01,19.46,,,,,,,,,,,,,,,,14.93,10.87,19.47,,,,,,,
2024-11-23,,,,12.02,8.22,15.47,,,,41.52,36.76,44.81,,,,10.73,7.6,14.7,,,,15.45,12.29,19.34,,,,,,,,,,,,,,,,14.83,10.91,19.35,,,,,,,
2024-11-24,,,,11.93,8.04,15.48,,,,41.41,36.63,44.75,,,,10.86,7.79,14.85,,,,15.56,12.58,19.4,,,,,,,,,,,,,,,,14.74,10.95,19.25,,,,,,,
2024-11-25,,,,11.84,7.87,15.3,,,,41.3,36.56,44.57,,,,11.0,7.88,14.86,,,,15.68,12.89,19.49,,,,,,,,,,,,,,,,14.64,11.0,19.25,,,,,,,
2024-11-26,,,,11.75,7.73,15.06,,,,41.19,36.5,44.37,,,,11.14,8.0,14.86,,,,15.79,13.18,19.58,,,,,,,,,,,,,,,,14.55,10.91,19.14,,,,,,,
2024-11-27,,,,11.66,7.61,14.94,,,,41.07,36.45,44.2,,,,11.28,8.14,14.91,,,,15.91,13.3,19.66,,,,,,,,,,,,,,,,14.45,10.95,19.0,,,,,,,
2024-11-28,,,,11.57,7.52,14.97,,,,40.94,36.28,44.04,,,,11.42,8.32,15.02,,,,16.02,13.43,19.74,,,,,,,,,,,,,,,,14.35,10.88,18.88,,,,,,,
2024-11-29,,,,11.49,7.52,15.01,,,,40.81,36.1,43.99,,,,11.56,8.47,15.12,,,,16.14,13.53,19.83,,,,,,,,,,,,,,,,14.26,10.81,18.83,,,,,,,
2024-11-30,,,,11.41,7.53,15.03,,,,40.67,35.96,43.87,,,,11.7,8.64,15.26,,,,16.26,13.56,19.91,,,,,,,,,,,,,,,,14.16,10.69,18.73,,,,,,,
2024-12-01,,,,11.33,7.56,14.93,,,,40.53,35.91,43.78,,,,11.84,8.82,15.38,,,,16.38,13.65,19.99,,,,,,,,,,,,,,,,14.07,10.49,18.62,,,,,,,
2024-12-02,,,,11.26,7.59,14.79,,,,40.39,35.84,43.59,,,,11.98,8.98,15.5,,,,16.49,13.73,20.16,,,,,,,,,,,,,,,,13.98,10.34,18.65,,,,,,,
2024-12-03,,,,11.19,7.62,14.65,,,,40.24,35.78,43.49,,,,12.12,9.18,15.61,,,,16.6,13.82,20.31,,,,,,,,,,,,,,,,13.89,10.18,18.55,,,,,,,
2024-12-04,,,,11.12,7.66,14.49,,,,40.1,35.71,43.36,,,,12.26,9.21,15.71,,,,16.72,13.93,20.43,,,,,,,,,,,,,,,,13.8,10.16,18.44,,,,,,,
2024-12-05,,,,11.05,7.61,14.34,,,,39.95,35.65,43.22,,,,12.4,9.38,15.81,,,,16.82,14.17,20.52,,,,,,,,,,,,,,,,13.71,10.08,18.3,,,,,,,
2024-12-06,,,,10.99,7.53,14.3,,,,39.8,35.61,43.08,,,,12.53,9.6,15.99,,,,16.93,14.21,20.64,,,,,,,,,,,,,,,,13.63,10.08,18.11,,,,,,,
2024-12-07,,,,10.93,7.47,14.29,,,,39.65,35.56,43.0,,,,12.67,9.73,16.15,,,,17.04,14.23,20.75,,,,,,,,,,,,,,,,13.55,10.01,17.97,,,,,,,
2024-12-08,,,,10.87,7.45,14.31,,,,39.5,35.49,42.95,,,,12.81,9.88,16.29,,,,17.14,14.3,20.83,,,,,,,,,,,,,,,,13.47,10.01,17.93,,,,,,,
2024-12-09,,,,10.81,7.47,14.32,,,,39.35,35.37,42.84,,,,12.94,9.98,16.43,,,,17.23,14.39,20.89,,,,,,,,,,,,,,,,13.39,9.93,17.8,,,,,,,
2024-12-10,,,,10.76,7.49,14.34,,,,39.2,35.25,42.72,,,,13.07,10.08,16.56,,,,17.33,14.5,20.95,,,,,,,,,,,,,,,,13.31,9.88,17.7,,,,,,,
2024-12-11,,,,10.71,7.51,14.32,,,,39.06,35.11,42.58,,,,13.21,10.19,16.69,,,,17.42,14.59,21.0,,,,,,,,,,,,,,,,13.24,9.77,17.68,,,,,,,
2024-12-12,,,,10.65,7.53,14.35,,,,38.91,34.98,42.45,,,,13.34,10.27,16.76,,,,17.51,14.74,21.04,,,,,,,,,,,,,,,,13.17,9.7,17.65,,,,,,,
2024-12-13,,,,10.61,7.5,14.35,,,,38.77,34.85,42.33,,,,13.47,10.35,16.84,,,,17.59,14.78,21.13,,,,,,,,,,,,,,,,13.09,9.63,17.62,,,,,,,
2024-12-14,,,,10.56,7.41,14.35,,,,38.63,34.72,42.16,,,,13.59,10.48,16.9,,,,17.68,14.85,21.28,,,,,,,,,,,,,,,,13.03,9.57,17.57,,,,,,,
2024-12-15,,,,10.51,7.34,14.35,,,,38.5,34.6,42.07,,,,13.72,10.63,17.0,,,,17.75,14.99,21.31,,,,,,,,,,,,,,,,12.96,9.41,17.43,,,,,,,
2024-12-16,,,,10.47,7.26,14.35,,,,38.36,34.47,42.0,,,,13.84,10.79,17.14,,,,17.83,15.14,21.33,,,,,,,,,,,,,,,,12.89,9.28,17.28,,,,,,,
2024-12-17,,,,10.43,7.2,14.34,,,,38.23,34.35,41.89,,,,13.96,10.91,17.29,,,,17.9,15.17,21.31,,,,,,,,,,,,,,,,12.83,9.26,17.13,,,,,,,
2024-12-18,,,,10.39,7.22,14.32,,,,38.1,34.24,41.78,,,,14.08,11.02,17.38,,,,17.97,15.2,21.27,,,,,,,,,,,,,,,,12.77,9.24,16.99,,,,,,,
2024-12-19,,,,10.35,7.2,14.31,,,,37.98,34.13,41.68,,,,14.2,11.08,17.46,,,,18.04,15.21,21.23,,,,,,,,,,,,,,,,12.71,9.17,16.91,,,,,,,
2024-12-20,,,,10.31,7.15,14.3,,,,37.86,34.06,41.58,,,,14.31,11.13,17.54,,,,18.1,15.19,21.28,,,,,,,,,,,,,,,,12.65,9.19,16.8,,,,,,,
2024-12-21,,,,10.27,7.16,14.28,,,,37.74,34.05,41.48,,,,14.42,11.19,17.62,,,,18.17,15.18,21.39,,,,,,,,,,,,,,,,12.6,9.19,16.71,,,,,,,
2024-12-22,,,,10.24,7.15,14.26,,,,37.63,34.01,41.42,,,,14.53,11.24,17.72,,,,18.23,15.2,21.41,,,,,,,,,,,,,,,,12.54,9.11,16.63,,,,,,,
2024-12-23,,,,10.21,7.06,14.22,,,,37.52,33.94,41.29,,,,14.63,11.3,17.86,,,,18.28,15.28,21.46,,,,,,,,,,,,,,,,12.49,9.04,16.53,,,,,,,
2024-12-24,,,,10.18,6.98,14.19,,,,37.41,33.86,41.21,,,,14.73,11.38,18.09,,,,18.34,15.33,21.45,,,,,,,,,,,,,,,,12.44,8.97,16.42,,,,,,,
2024-12-25,,,,10.15,6.92,14.16,,,,37.31,33.82,41.12,,,,14.82,11.41,18.31,,,,18.39,15.4,21.47,,,,,,,,,,,,,,,,12.38,8.88,16.3,,,,,,,
2024-12-26,,,,10.12,6.91,14.13,,,,37.21,33.62,41.04,,,,14.91,11.44,18.52,,,,18.44,15.48,21.51,,,,,,,,,,,,,,,,12.33,8.79,16.25,,,,,,,
2024-12-27,,,,10.1,6.94,14.09,,,,37.12,33.49,40.96,,,,15.0,11.5,18.72,,,,18.49,15.5,21.54,,,,,,,,,,,,,,,,12.28,8.7,16.21,,,,,,,
2024-12-28,,,,10.07,6.99,14.06,,,,37.04,33.41,40.79,,,,15.08,11.54,18.86,,,,18.54,15.51,21.58,,,,,,,,,,,,,,,,12.23,8.62,16.17,,,,,,,
2024-12-29,,,,10.05,6.94,14.02,,,,36.95,33.37,40.76,,,,15.15,11.59,18.92,,,,18.58,15.51,21.61,,,,,,,,,,,,,,,,12.19,8.54,16.14,,,,,,,
2024-12-30,,,,10.03,6.9,13.98,,,,36.87,33.32,40.73,,,,15.23,11.66,18.97,,,,18.62,15.52,21.63,,,,,,,,,,,,,,,,12.14,8.5,16.1,,,,,,,
2024-12-31,,,,10.01,6.86,13.96,,,,36.8,33.22,40.66,,,,15.29,11.72,19.01,,,,18.66,15.57,21.67,,,,,,,,,,,,,,,,12.09,8.45,16.03,,,,,,,
2025-01-01,,,,10.0,6.84,13.94,,,,36.73,33.1,40.58,,,,15.36,11.79,19.06,,,,18.7,15.65,21.68,,,,,,,,,,,,,,,,12.04,8.37,15.99,,,,,,,
2025-01-02,,,,9.98,6.82,13.92,,,,36.67,33.0,40.51,,,,15.42,11.85,19.09,,,,18.74,15.67,21.67,,,,,,,,,,,,,,,,12.0,8.29,15.93,,,,,,,
2025-01-03,,,,9.97,6.87,13.89,,,,36.6,32.99,40.43,,,,15.47,11.9,19.13,,,,18.77,15.68,21.7,,,,,,,,,,,,,,,,11.95,8.2,15.88,,,,,,,
2025-01-04,,,,9.95,6.86,13.87,,,,36.54,33.05,40.36,,,,15.53,11.96,19.16,,,,18.8,15.7,21.74,,,,,,,,,,,,,,,,11.91,8.14,15.82,,,,,,,
2025-01-05,,,,9.94,6.82,13.84,,,,36.49,33.0,40.28,,,,15.58,12.0,19.19,,,,18.84,15.73,21.77,,,,,,,,,,,,,,,,11.86,8.08,15.77,,,,,,,
2025-01-06,,,,9.93,6.81,13.82,,,,36.43,33.02,40.2,,,,15.62,12.06,19.21,,,,18.87,15.75,21.79,,,,,,,,,,,,,,,,11.82,8.05,15.71,,,,,,,
2025-01-07,,,,9.92,6.74,13.78,,,,36.38,32.99,40.08,,,,15.67,12.14,19.23,,,,18.9,15.78,21.8,,,,,,,,,,,,,,,,11.77,8.02,15.65,,,,,,,
2025-01-08,,,,9.91,6.73,13.73,,,,36.34,33.0,40.0,,,,15.71,12.24,19.25,,,,18.92,15.82,21.82,,,,,,,,,,,,,,,,11.73,7.98,15.6,,,,,,,
2025-01-09,,,,9.9,6.76,13.68,,,,36.29,32.99,39.96,,,,15.75,12.25,19.27,,,,18.95,15.9,21.84,,,,,,,,,,,,,,,,11.69,7.92,15.54,,,,,,,
2025-01-10,,,,9.89,6.8,13.64,,,,36.25,32.94,39.89,,,,15.78,12.25,19.3,,,,18.98,15.95,21.86,,,,,,,,,,,,,,,,11.65,7.87,15.5,,,,,,,
2025-01-11,,,,9.87,6.83,13.56,,,,36.21,32.93,39.82,,,,15.82,12.28,19.35,,,,19.0,15.99,21.86,,,,,,,,,,,,,,,,11.62,7.88,15.47,,,,,,,
2025-01-12,,,,9.86,6.83,13.49,,,,36.17,32.91,39.79,,,,15.85,12.32,19.4,,,,19.03,16.03,21.83,,,,,,,,,,,,,,,,11.58,7.91,15.42,,,,,,,
2025-01-13,,,,9.85,6.83,13.46,,,,36.13,32.87,39.76,,,,15.88,12.36,19.41,,,,19.05,16.06,21.82,,,,,,,,,,,,,,,,11.55,7.92,15.34,5.0,36.0,12.0,22.0,,,19.0
2025-01-14,,,,9.84,6.83,13.43,,,,36.1,32.86,39.69,,,,15.91,12.4,19.39,,,,19.07,16.1,21.8,,,,,,,,,,,,,,,,11.52,7.95,15.25,,,,,,,
2025-01-15,,,,9.83,6.84,13.4,,,,36.07,32.82,39.62,,,,15.93,12.44,19.37,,,,19.09,16.14,21.79,,,,,,,,,,,,,,,,11.49,7.94,15.19,,,,,,,
2025-01-16,,,,9.82,6.86,13.37,,,,36.04,32.8,39.56,,,,15.95,12.48,19.36,,,,19.11,16.19,21.77,,,,,,,,,,,,,,,,11.47,8.0,15.14,,,,,,,
2025-01-17,,,,9.81,6.87,13.34,,,,36.02,32.78,39.53,,,,15.97,12.51,19.32,,,,19.12,16.22,21.76,,,,,,,,,,,,,,,,11.45,8.01,15.08,,,,,,,
2025-01-18,,,,9.8,6.88,13.27,,,,36.0,32.76,39.46,,,,15.99,12.58,19.29,,,,19.14,16.26,21.81,,,,,,,,,,,,,,,,11.43,8.01,15.03,,,,,,,
2025-01-19,,,,9.8,6.9,13.18,,,,35.98,32.74,39.38,,,,16.01,12.65,19.27,,,,19.15,16.3,21.87,,,,,,,,,,,,,,,,11.41,8.04,14.98,,,,,,,
2025-01-20,,,,9.79,6.92,13.11,,,,35.96,32.73,39.37,,,,16.02,12.7,19.27,,,,19.16,16.33,21.92,,,,,,,,,,,,,,,,11.39,8.05,14.94,7.0,48.0,14.0,19.0,,,6.0
2025-01-21,,,,9.78,6.95,13.02,,,,35.95,32.73,39.38,,,,16.03,12.69,19.29,,,,19.17,16.37,21.97,,,,,,,,,,,,,,,,11.38,8.05,14.9,,,,,,,
2025-01-22,,,,9.77,7.0,12.93,,,,35.94,32.73,39.39,,,,16.04,12.67,19.27,,,,19.18,16.4,21.99,,,,,,,,,,,,,,,,11.37,8.06,14.85,,,,,,,
2025-01-23,,,,9.76,7.05,12.85,,,,35.93,32.74,39.39,,,,16.05,12.72,19.23,,,,19.19,16.43,21.97,,,,,,,,,,,,,,,,11.36,8.06,14.81,,,,,,,
2025-01-24,,,,9.76,7.09,12.78,,,,35.92,32.75,39.4,,,,16.06,12.81,19.21,,,,19.2,16.46,21.96,,,,,,,,,,,,,,,,11.35,8.16,14.84,,,,,,,
2025-01-25,,,,9.75,7.14,12.73,,,,35.92,32.77,39.39,,,,16.06,12.82,19.17,,,,19.2,16.49,21.94,,,,,,,,,,,,,,,,11.34,8.16,14.89,,,,,,,
2025-01-26,,,,9.75,7.19,12.69,,,,35.92,32.81,39.38,,,,16.06,12.81,19.14,,,,19.2,16.52,21.93,,,,,,,,,,,,,,,,11.34,8.14,14.85,,,,,,,
2025-01-27,,,,9.74,7.22,12.65,,,,35.92,32.81,39.37,,,,16.07,12.81,19.1,,,,19.21,16.54,21.9,,,,,,,,,,,,,,,,11.33,8.14,14.8,11.0,34.0,23.0,16.0,,,9.0
2025-01-28,,,,9.74,7.24,12.61,,,,35.92,32.83,39.36,,,,16.07,12.83,19.06,,,,19.21,16.56,21.89,,,,,,,,,,,,,,,,11.33,8.13,14.76,,,,,,,
2025-01-29,,,,9.74,7.29,12.57,,,,35.92,32.85,39.36,,,,16.07,12.83,19.03,,,,19.21,16.59,21.87,,,,,,,,,,,,,,,,11.33,8.12,14.77,6.0,40.0,10.0,22.0,1.0,,19.0
2025-01-30,,,,9.74,7.34,12.53,,,,35.92,32.88,39.37,,,,16.07,12.83,19.03,,,,19.21,16.59,21.85,,,,,,,,,,,,,,,,11.32,8.14,14.78,,,,,,,
2025-01-31,,,,9.73,7.4,12.49,,,,35.93,32.9,39.38,,,,16.07,12.88,19.03,,,,19.21,16.61,21.83,,,,,,,,,,,,,,,,11.32,8.15,14.79,,,,,,,
2025-02-01,,,,9.73,7.41,12.46,,,,35.93,32.92,39.36,,,,16.07,12.92,19.03,,,,19.21,16.64,21.87,,,,1.0,-4.78,7.73,,,,,,,,,,11.32,8.16,14.8,,,,,,,
2025-02-02,,,,9.73,7.41,12.43,,,,35.94,32.94,39.32,,,,16.08,12.97,19.04,,,,19.2,16.66,21.92,,,,1.0,-4.74,7.4,,,,,,,,,,11.32,8.19,14.8,,,,,,,
2025-02-03,,,,9.73,7.39,12.4,,,,35.95,32.96,39.31,,,,16.08,13.01,19.04,,,,19.2,16.66,21.88,,,,1.0,-4.74,7.4,,,,,,,,,,11.32,8.21,14.81,20.0,28.0,17.0,20.0,,,12.0
2025-02-04,,,,9.73,7.41,12.37,,,,35.95,33.0,39.28,,,,16.08,13.05,19.04,,,,19.2,16.66,21.79,,,,1.0,-4.74,7.4,,,,,,,,,,11.32,8.22,14.78,,,,,,,
2025-02-05,,,,9.73,7.44,12.35,,,,35.96,33.03,39.25,,,,16.08,13.1,19.04,,,,19.2,16.64,21.77,,,,1.0,-4.73,7.4,,,,,,,,,,11.32,8.24,14.8,,,,,,,
2025-02-06,,,,9.74,7.46,12.38,,,,35.97,33.1,39.22,,,,16.09,13.14,19.07,,,,19.19,16.61,21.77,,,,1.01,-4.7,7.4,,,,,,,,,,11.32,8.24,14.82,,,,,,,
2025-02-07,,,,9.74,7.47,12.4,,,,35.98,33.17,39.2,,,,16.09,13.16,19.1,,,,19.19,16.57,21.77,,,,1.01,-4.67,7.39,,,,1.0,-5.34,7.07,,,,11.32,8.19,14.83,12.0,39.0,9.0,11.0,,1.0,2.0
2025-02-08,,,,9.74,7.48,12.44,,,,35.98,33.24,39.18,,,,16.09,13.16,19.12,,,,19.18,16.54,21.76,,,,1.02,-4.62,7.38,,,,1.01,-5.29,7.07,,,,11.32,8.14,14.83,,,,,,,
2025-02-09,,,,9.74,7.51,12.42,,,,35.99,33.3,39.16,,,,16.1,13.17,19.15,,,,19.18,16.52,21.75,,,,1.03,-4.56,7.37,,,,1.01,-5.24,7.08,,,,11.32,8.11,14.83,,,,,,,
2025-02-10,,,,9.75,7.54,12.41,,,,36.0,33.31,39.14,,,,16.1,13.17,19.16,,,,19.17,16.49,21.74,,,,1.04,-4.48,7.36,,,,1.01,-5.17,7.08,,,,11.32,8.14,14.83,6.0,35.0,16.0,25.0,,,14.0
2025-02-11,,,,9.75,7.57,12.38,,,,36.0,33.32,39.11,,,,16.11,13.19,19.13,,,,19.16,16.47,21.71,,,,1.05,-4.42,7.35,,,,1.01,-5.09,7.08,,,,11.32,8.18,14.83,,,,,,,
2025-02-12,,,,9.76,7.6,12.35,,,,36.01,33.33,39.09,,,,16.11,13.22,19.08,,,,19.16,16.46,21.69,,,,1.07,-4.38,7.34,,,,1.02,-4.99,7.09,,,,11.32,8.24,14.79,,,,,,,
2025-02-13,,,,9.77,7.63,12.32,,,,36.01,33.37,39.09,,,,16.12,13.25,19.04,,,,19.15,16.46,21.66,,,,1.08,-4.34,7.32,,,,1.02,-4.95,7.1,,,,11.32,8.29,14.75,,,,,,,
2025-02-14,,,,9.78,7.66,12.3,,,,36.02,33.37,39.08,,,,16.13,13.27,19.03,,,,19.14,16.47,21.65,,,,1.1,-4.3,7.3,,,,1.03,-4.92,7.1,,,,11.32,8.32,14.73,,,,,,,
2025-02-15,,,,9.78,7.69,12.27,,,,36.02,33.4,39.07,,,,16.14,13.27,19.06,,,,19.14,16.46,21.67,,,,1.12,-4.24,7.28,,,,1.03,-4.89,7.11,,,,11.33,8.34,14.75,,,,,,,
2025-02-16,,,,9.79,7.72,12.29,,,,36.02,33.46,39.06,,,,16.15,13.26,19.11,,,,19.13,16.46,21.66,,,,1.14,-4.19,7.23,,,,1.04,-4.86,7.12,,,,11.33,8.37,14.77,,,,,,,
2025-02-17,,,,9.8,7.75,12.34,,,,36.02,33.51,39.04,,,,16.16,13.25,19.11,,,,19.12,16.46,21.67,,,,1.17,-4.09,7.19,,,,1.04,-4.81,7.1,,,,11.33,8.41,14.78,12.0,32.0,17.0,21.0,,,17.0
2025-02-18,,,,9.81,7.78,12.32,,,,36.02,33.58,39.03,,,,16.17,13.24,19.08,,,,19.12,16.46,21.7,,,,1.19,-3.99,7.19,,,,1.05,-4.72,7.01,,,,11.33,8.45,14.75,,,,,,,
2025-02-19,,,,9.82,7.81,12.3,,,,36.02,33.59,39.02,,,,16.18,13.24,19.05,,,,19.11,16.46,21.72,,,,1.22,-3.88,7.19,,,,1.06,-4.61,6.95,,,,11.33,8.49,14.73,,,,,,,
2025-02-20,,,,9.84,7.84,12.26,,,,36.01,33.62,39.03,,,,16.2,13.24,19.03,,,,19.11,16.46,21.72,,,,1.24,-3.81,7.19,,,,1.07,-4.48,6.9,,,,11.33,8.5,14.73,,,,,,,
2025-02-21,,,,9.85,7.87,12.25,,,,36.01,33.61,39.04,,,,16.21,13.26,19.03,,,,19.1,16.47,21.7,,,,1.27,-3.78,7.19,,,,1.07,-4.35,6.83,,,,11.33,8.49,14.74,,,,,,,
2025-02-22,,,,9.86,7.9,12.27,,,,36.0,33.6,39.05,,,,16.23,13.35,19.04,,,,19.1,16.47,21.69,,,,1.3,-3.74,7.1,,,,1.08,-4.21,6.78,,,,11.33,8.49,14.74,,,,,,,
2025-02-23,,,,9.88,7.93,12.28,,,,35.99,33.59,39.04,,,,16.25,13.45,19.04,,,,19.09,16.47,21.69,,,,1.33,-3.68,7.09,,,,1.09,-4.17,6.67,,,,11.34,8.46,14.74,,,,,,,
2025-02-24,,,,9.89,7.95,12.3,,,,35.97,33.57,39.0,,,,16.27,13.55,19.04,,,,19.09,16.49,21.71,,,,1.36,-3.69,7.0,,,,1.1,-4.12,6.59,,,,11.34,8.47,14.74,7.0,32.0,28.0,15.0,,,9.0
2025-02-25,,,,9.9,7.98,12.32,,,,35.96,33.57,38.95,,,,16.29,13.56,19.06,,,,19.08,16.53,21.71,,,,1.39,-3.7,6.88,,,,1.1,-3.97,6.58,,,,11.34,8.45,14.73,,,,,,,
2025-02-26,,,,9.92,7.99,12.33,,,,35.94,33.56,38.91,,,,16.31,13.55,19.13,,,,19.08,16.57,21.69,,,,1.42,-3.7,6.81,,,,1.11,-3.9,6.56,,,,11.34,8.45,14.64,,,,,,,
2025-02-27,,,,9.93,8.02,12.35,,,,35.92,33.56,38.86,,,,16.33,13.55,19.11,,,,19.08,16.61,21.67,,,,1.45,-3.71,6.81,,,,1.12,-3.77,6.55,,,,11.34,8.44,14.58,,,,,,,
2025-02-28,,,,9.95,8.03,12.32,,,,35.9,33.55,38.81,,,,16.36,13.6,19.08,,,,19.08,16.61,21.65,,,,1.48,-3.71,6.81,,,,1.13,-3.63,6.48,,,,11.34,8.43,14.59,,,,,,,
2025-03-01,,,,9.96,8.05,12.31,,,,35.88,33.55,38.77,,,,16.38,13.64,19.08,,,,19.07,16.61,21.63,,,,1.51,-3.72,6.81,,,,1.14,-3.53,6.41,,,,11.34,8.42,14.59,,,,,,,
2025-03-02,,,,9.98,8.07,12.37,,,,35.86,33.55,38.71,,,,16.41,13.72,19.09,,,,19.07,16.64,21.62,,,,1.55,-3.73,6.81,,,,1.15,-3.46,6.34,,,,11.34,8.41,14.59,,,,,,,
2025-03-03,,,,10.0,8.08,12.42,,,,35.83,33.55,38.65,,,,16.44,13.76,19.12,,,,19.08,16.66,21.63,,,,1.58,-3.73,6.81,,,,1.15,-3.39,6.27,,,,11.34,8.4,14.59,12.0,33.0,20.0,17.0,,,10.0
2025-03-04,,,,10.01,8.1,12.41,,,,35.8,33.54,38.6,,,,16.47,13.81,19.17,,,,19.08,16.67,21.64,,,,1.61,-3.74,6.81,,,,1.16,-3.32,6.23,,,,11.34,8.39,14.62,,,,,,,
2025-03-05,,,,10.03,8.12,12.4,,,,35.77,33.53,38.54,,,,16.5,13.78,19.21,,,,19.08,16.67,21.64,,,,1.64,-3.75,6.81,,,,1.17,-3.26,6.19,,,,11.34,8.38,14.65,,,,,,,
2025-03-06,,,,10.05,8.14,12.45,,,,35.74,33.52,38.49,,,,16.53,13.76,19.21,,,,19.08,16.7,21.65,,,,1.67,-3.75,6.81,,,,1.18,-3.27,6.15,,,,11.33,8.38,14.68,,,,,,,
2025-03-07,,,,10.06,8.16,12.51,,,,35.7,33.51,38.44,,,,16.56,13.73,19.22,,,,19.09,16.7,21.67,,,,1.7,-3.76,6.81,,,,1.19,-3.27,6.1,,,,11.33,8.36,14.67,,,,,,,
2025-03-08,,,,10.08,8.17,12.57,,,,35.67,33.5,38.38,,,,16.59,13.72,19.22,,,,19.09,16.71,21.67,,,,1.74,-3.77,6.81,,,,1.2,-3.38,6.04,,,,11.33,8.36,14.65,,,,,,,
2025-03-09,,,,10.1,8.19,12.6,,,,35.63,33.47,38.3,,,,16.63,13.69,19.23,,,,19.1,16.71,21.68,,,,1.77,-3.77,6.81,,,,1.2,-3.42,6.02,,,,11.33,8.35,14.62,,,,,,,
2025-03-10,,,,10.12,8.21,12.62,,,,35.59,33.45,38.21,,,,16.66,13.67,19.29,,,,19.11,16.71,21.69,,,,1.8,-3.74,6.8,,,,1.21,-3.35,5.99,,,,11.32,8.34,14.6,9.0,34.0,16.0,21.0,,,12.0
2025-03-11,,,,10.13,8.23,12.64,,,,35.55,33.38,38.17,,,,16.69,13.65,19.34,,,,19.12,16.73,21.7,,,,1.83,-3.71,6.78,,,,1.22,-3.29,5.97,,,,11.32,8.33,14.58,,,,,,,
2025-03-12,,,,10.15,8.24,12.66,,,,35.51,33.33,38.15,,,,16.73,13.65,19.39,,,,19.13,16.72,21.7,,,,1.86,-3.67,6.76,,,,1.23,-3.3,5.96,,,,11.31,8.32,14.56,,,,,,,
2025-03-13,,,,10.16,8.24,12.71,,,,35.47,33.27,38.14,,,,16.77,13.65,19.45,,,,19.14,16.72,21.68,,,,1.89,-3.6,6.74,,,,1.24,-3.3,5.96,,,,11.31,8.37,14.54,,,,,,,
2025-03-14,,,,10.18,8.22,12.7,,,,35.42,33.28,38.06,,,,16.8,13.7,19.54,,,,19.15,16.77,21.66,,,,1.92,-3.67,6.72,,,,1.24,-3.29,5.98,,,,11.3,8.33,14.52,,,,,,,
2025-03-15,,,,10.2,8.23,12.73,,,,35.38,33.28,37.96,,,,16.84,13.79,19.65,,,,19.16,16.82,21.66,,,,1.95,-3.71,6.73,,,,1.25,-3.29,6.04,,,,11.3,8.28,14.5,,,,,,,
2025-03-16,,,,10.21,8.25,12.75,,,,35.33,33.22,37.87,,,,16.88,13.9,19.74,,,,19.18,16.87,21.68,,,,1.98,-3.76,6.76,,,,1.26,-3.3,6.11,,,,11.29,8.25,14.47,,,,,,,
2025-03-17,,,,10.22,8.27,12.76,,,,35.28,33.15,37.77,,,,16.91,14.0,19.84,,,,19.19,16.85,21.68,,,,2.02,-3.77,6.79,,,,1.27,-3.33,6.16,,,,11.29,8.26,14.45,11.0,38.0,15.0,27.0,,,5.0
2025-03-18,,,,10.24,8.27,12.77,,,,35.24,33.09,37.75,,,,16.95,14.06,19.91,,,,19.21,16.83,21.69,,,,2.05,-3.76,6.81,,,,1.27,-3.34,6.21,,,,11.28,8.26,14.44,,,,,,,
2025-03-19,,,,10.25,8.27,12.79,,,,35.19,33.02,37.73,,,,16.99,14.07,19.96,,,,19.23,16.81,21.76,,,,2.08,-3.75,6.81,,,,1.28,-3.32,6.25,,,,11.28,8.26,14.42,,,,,,,
2025-03-20,,,,10.26,8.28,12.8,,,,35.14,32.95,37.72,,,,17.02,14.09,20.08,,,,19.24,16.79,21.81,,,,2.11,-3.74,6.81,,,,1.29,-3.34,6.29,,,,11.27,8.19,14.4,,,,,,,
2025-03-21,,,,10.27,8.33,12.81,,,,35.09,32.88,37.71,,,,17.06,14.11,20.15,,,,19.26,16.78,21.81,,,,2.14,-3.74,7.0,,,,1.3,-3.37,6.33,,,,11.27,8.15,14.4,13.0,39.0,10.0,13.0,,1.0,1.0
2025-03-22,,,,10.28,8.38,12.83,,,,35.04,32.8,37.7,,,,17.09,14.12,20.22,,,,19.28,16.78,21.81,,,,2.17,-3.73,7.09,,,,1.3,-3.39,6.39,,,,11.27,8.13,14.4,,,,,,,
2025-03-23,,,,10.29,8.39,12.85,,,,34.99,32.74,37.69,,,,17.13,14.14,20.27,,,,19.31,16.82,21.85,,,,2.2,-3.73,7.09,,,,1.31,-3.42,6.44,,,,11.26,8.15,14.4,,,,,,,
2025-03-24,,,,10.3,8.39,12.86,,,,34.94,32.67,37.66,,,,17.16,14.18,20.3,,,,19.33,16.83,21.87,,,,2.23,-3.8,7.16,,,,1.32,-3.45,6.47,,,,11.26,8.18,14.4,9.0,35.0,15.0,20.0,,,16.0
2025-03-25,,,,10.31,8.38,12.87,,,,34.89,32.56,37.66,,,,17.2,14.27,20.32,,,,19.35,16.84,21.87,,,,2.26,-3.84,7.19,,,,1.32,-3.48,6.49,,,,11.26,8.21,14.4,,,,,,,
2025-03-26,,,,10.32,8.35,12.89,,,,34.84,32.49,37.66,,,,17.23,14.36,20.35,,,,19.38,16.87,21.88,,,,2.3,-3.85,7.28,,,,1.33,-3.55,6.52,,,,11.26,8.24,14.39,,,,,,,
2025-03-27,,,,10.32,8.33,12.9,,,,34.79,32.46,37.65,,,,17.26,14.39,20.37,,,,19.4,16.9,21.92,,,,2.33,-3.87,7.31,,,,1.34,-3.61,6.56,,,,11.26,8.26,14.4,,,,,,,
2025-03-28,,,,10.33,8.33,12.91,,,,34.74,32.39,37.63,,,,17.29,14.42,20.48,,,,19.43,16.94,21.96,,,,2.36,-3.88,7.35,,,,1.34,-3.68,6.59,,,,11.26,8.24,14.4,,,,,,,
2025-03-29,,,,10.33,8.33,12.91,,,,34.69,32.32,37.62,,,,17.32,14.45,20.58,,,,19.46,16.98,22.01,,,,2.39,-3.9,7.39,,,,1.35,-3.74,6.63,,,,11.27,8.24,14.4,,,,,,,
2025-03-30,,,,10.33,8.33,12.91,,,,34.64,32.26,37.6,,,,17.34,14.47,20.59,,,,19.48,17.02,22.05,,,,2.42,-3.91,7.42,,,,1.36,-3.78,6.66,,,,11.27,8.23,14.4,,,,,,,
2025-03-31,,,,10.33,8.33,12.92,,,,34.59,32.19,37.57,,,,17.37,14.5,20.57,,,,19.51,17.05,22.1,,,,2.45,-3.91,7.42,,,,1.36,-3.81,6.68,,,,11.27,8.22,14.41,8.0,38.0,18.0,21.0,,,7.0
2025-04-01,,,,10.33,8.33,12.92,,,,34.54,32.12,37.48,,,,17.39,14.53,20.54,,,,19.54,17.09,22.15,,,,2.49,-3.95,7.42,,,,1.37,-3.83,6.71,,,,11.28,8.24,14.41,,,,,,,
2025-04-02,,,,10.33,8.33,12.92,,,,34.49,32.06,37.41,,,,17.42,14.56,20.53,,,,19.57,17.1,22.17,,,,2.52,-4.0,7.42,,,,1.38,-3.85,6.73,,,,11.29,8.3,14.41,5.0,31.0,15.0,21.0,,,25.0
2025-04-03,,,,10.33,8.33,12.92,,,,34.44,31.99,37.32,,,,17.44,14.59,20.62,,,,19.6,17.13,22.2,,,,2.55,-4.04,7.42,,,,1.38,-3.88,6.77,,,,11.3,8.35,14.42,,,,,,,
2025-04-04,,,,10.33,8.33,12.92,,,,34.4,31.94,37.26,,,,17.46,14.62,20.69,,,,19.63,17.17,22.23,,,,2.58,-4.08,7.42,,,,1.39,-3.96,6.79,,,,11.31,8.32,14.42,,,,,,,
2025-04-05,,,,10.32,8.32,12.9,,,,34.35,31.88,37.25,,,,17.48,14.64,20.76,,,,19.67,17.21,22.25,,,,2.61,-4.12,7.42,,,,1.4,-4.05,6.85,,,,11.32,8.35,14.43,,,,,,,
2025-04-06,,,,10.31,8.32,12.9,,,,34.31,31.85,37.22,,,,17.5,14.67,20.84,,,,19.7,17.25,22.28,,,,2.64,-4.17,7.42,,,,1.4,-4.13,6.91,,,,11.33,8.33,14.45,,,,,,,
2025-04-07,,,,10.3,8.31,12.91,,,,34.26,31.79,37.21,,,,17.52,14.69,20.92,,,,19.73,17.28,22.31,,,,2.67,-4.21,7.42,,,,1.41,-4.21,6.98,,,,11.35,8.31,14.46,6.0,39.0,19.0,15.0,,,15.0
2025-04-08,,,,10.3,8.3,12.94,,,,34.22,31.74,37.08,,,,17.54,14.68,20.94,,,,19.77,17.32,22.33,,,,2.7,-4.25,7.58,,,,1.42,-4.3,7.05,,,,11.36,8.29,14.47,,,,,,,
2025-04-09,,,,10.29,8.29,12.96,,,,34.18,31.69,37.1,,,,17.55,14.67,20.95,,,,19.8,17.35,22.36,,,,2.73,-4.29,7.79,,,,1.42,-4.39,7.1,,,,11.38,8.32,14.48,,,,,,,
2025-04-10,,,,10.27,8.28,12.87,,,,34.14,31.64,37.08,,,,17.57,14.65,20.95,,,,19.83,17.39,22.39,,,,2.76,-4.33,7.81,,,,1.43,-4.48,7.22,,,,11.4,8.35,14.49,,,,,,,
2025-04-11,,,,10.26,8.26,12.87,,,,34.1,31.56,37.03,,,,17.58,14.68,20.95,,,,19.87,17.43,22.42,,,,2.78,-4.44,7.81,,,,1.44,-4.58,7.41,,,,11.42,8.37,14.5,,,,,,,
2025-04-12,,,,10.25,8.25,12.89,,,,34.06,31.49,36.98,,,,17.6,14.7,20.95,,,,19.9,17.48,22.45,,,,2.81,-4.73,8.71,,,,1.44,-4.79,7.62,,,,11.43,8.41,14.51,,,,,,,
2025-04-13,,,,10.23,8.23,12.85,,,,34.03,31.44,36.94,,,,17.61,14.73,20.94,,,,19.94,17.51,22.48,,,,2.83,-4.75,8.68,,,,1.45,-4.84,7.77,,,,11.45,8.46,14.51,,,,,,,
2025-04-14,,,,10.22,8.22,12.8,,,,33.99,31.4,36.89,,,,17.62,14.76,20.93,,,,19.97,17.57,22.51,,,,2.86,-4.79,8.68,,,,1.46,-4.91,7.84,,,,11.47,8.5,14.56,14.0,42.0,12.0,20.0,,,11.0
2025-04-15,,,,10.2,8.2,12.75,,,,33.96,31.35,36.85,,,,17.64,14.79,20.97,,,,20.01,17.61,22.59,,,,2.88,-4.92,8.66,,,,1.46,-4.99,7.98,,,,11.49,8.56,14.58,,,,,,,
2025-04-16,,,,10.19,8.18,12.72,,,,33.93,31.31,36.81,,,,17.65,14.82,20.97,,,,20.04,17.64,22.63,,,,2.9,-5.04,8.64,,,,1.47,-5.06,8.14,,,,11.51,8.61,14.53,,,,,,,
2025-04-17,,,,10.17,8.17,12.71,,,,33.9,31.28,36.78,,,,17.66,14.85,20.98,,,,20.07,17.66,22.69,,,,2.91,-5.13,8.6,,,,1.48,-5.14,8.15,,,,11.54,8.67,14.53,,,,,,,
2025-04-18,,,,10.15,8.15,12.7,,,,33.86,31.25,36.76,,,,17.67,14.88,21.02,,,,20.11,17.68,22.74,,,,2.93,-5.18,8.54,,,,1.49,-5.21,8.12,,,,11.56,8.69,14.54,,,,,,,
2025-04-19,,,,10.14,8.12,12.68,,,,33.83,31.22,36.71,,,,17.68,14.9,21.07,,,,20.14,17.7,22.79,,,,2.94,-5.17,8.45,,,,1.5,-5.27,8.17,,,,11.58,8.71,14.56,,,,,,,
2025-04-20,,,,10.12,8.06,12.66,,,,33.8,31.19,36.69,,,,17.69,14.93,21.09,,,,20.18,17.72,22.83,,,,2.95,-5.19,8.33,,,,1.51,-5.32,8.13,,,,11.6,8.73,14.58,,,,,,,
2025-04-21,,,,10.1,7.99,12.63,,,,33.77,31.16,36.63,,,,17.7,14.96,21.09,,,,20.21,17.78,22.87,,,,2.95,-5.18,8.2,,,,1.53,-5.32,8.09,,,,11.63,8.79,14.6,,,,,,,
2025-04-22,,,,10.09,7.97,12.62,,,,33.74,31.13,36.6,,,,17.71,15.0,21.1,,,,20.24,17.85,22.91,,,,2.96,-5.14,8.05,,,,1.54,-5.27,8.04,,,,11.65,8.82,14.65,17.0,39.0,20.0,14.0,,,6.0
2025-04-23,,,,10.07,7.94,12.6,,,,33.71,31.1,36.57,,,,17.72,15.03,21.1,,,,20.27,17.86,22.94,,,,2.95,-5.08,7.87,,,,1.56,-5.21,7.99,,,,11.68,8.83,14.71,,,,,,,
2025-04-24,,,,10.06,7.92,12.58,,,,33.68,31.06,36.53,,,,17.72,15.03,21.11,,,,20.31,17.91,22.97,,,,2.95,-5.0,8.37,,,,1.58,-5.13,7.93,,,,11.7,8.88,14.75,,,,,,,
2025-04-25,,,,10.04,7.9,12.54,,,,33.65,31.03,36.49,,,,17.73,15.06,21.11,,,,20.34,17.97,22.99,,,,2.95,-4.93,8.74,,,,1.6,-5.07,7.87,,,,11.73,8.94,14.78,,,,,,,
2025-04-26,,,,10.02,7.88,12.55,,,,33.62,30.99,36.44,,,,17.74,15.07,21.09,,,,20.37,18.05,23.0,,,,2.94,-4.93,8.57,,,,1.62,-5.0,7.81,,,,11.76,9.01,14.76,,,,,,,
2025-04-27,,,,10.01,7.85,12.53,,,,33.59,30.96,36.4,,,,17.75,15.08,21.06,,,,20.4,18.13,22.99,,,,2.93,-4.93,8.61,,,,1.64,-4.92,7.74,,,,11.78,9.06,14.74,,,,,,,
2025-04-28,,,,9.99,7.82,12.51,,,,33.55,30.92,36.35,,,,17.75,15.09,21.06,,,,20.43,18.18,22.98,,,,2.92,-4.93,8.63,,,,1.66,-4.8,7.68,,,,11.81,9.08,14.75,4.0,36.0,24.0,20.0,,,11.0
2025-04-29,,,,9.98,7.83,12.48,,,,33.52,30.89,36.31,,,,17.76,15.1,21.06,,,,20.47,18.21,22.98,,,,2.91,-4.41,8.81,,,,1.69,-4.7,7.62,,,,11.84,9.18,14.77,,,,,,,
2025-04-30,,,,9.97,7.84,12.45,,,,33.49,30.86,36.25,,,,17.77,15.11,21.06,,,,20.5,18.24,23.01,,,,2.9,-3.97,7.75,,,,1.71,-4.59,7.56,,,,11.86,9.2,14.79,,,,,,,
2025-05-01,,,,9.95,7.88,12.41,,,,33.45,30.82,36.19,,,,17.78,15.12,21.0,,,,20.53,18.26,23.04,,,,2.88,-3.8,7.6,,,,1.74,-4.47,7.51,,,,11.89,9.22,14.8,,,,,,,
2025-05-02,,,,9.94,7.88,12.36,,,,33.41,30.8,36.14,,,,17.79,15.14,20.95,,,,20.56,18.2,23.07,,,,2.87,-3.64,7.45,,,,1.77,-4.29,7.57,,,,11.91,9.26,14.82,14.0,36.0,9.0,14.0,3.0,2.0,20.0
2025-05-03,,,,9.92,7.86,12.32,,,,33.38,30.77,36.07,,,,17.8,15.15,20.9,,,,20.59,18.14,23.1,,,,2.86,-3.48,7.41,,,,1.8,-4.04,7.68,,,,11.94,9.27,14.84,,,,,,,
2025-05-04,,,,9.91,7.84,12.27,,,,33.34,30.75,36.01,,,,17.81,15.17,20.89,,,,20.63,18.17,23.11,,,,2.84,-3.3,7.41,,,,1.83,-3.92,7.76,,,,11.96,9.33,14.85,,,,,,,
2025-05-05,,,,9.9,7.83,12.23,,,,33.3,30.72,35.95,,,,17.82,15.18,20.89,,,,20.66,18.21,23.11,,,,2.83,-3.15,7.41,,,,1.86,-3.86,7.81,,,,11.99,9.32,14.88,,,,,,,
2025-05-06,,,,9.89,7.81,12.2,,,,33.25,30.66,35.89,,,,17.84,15.2,20.88,,,,20.69,18.25,23.11,,,,2.82,-2.98,7.41,,,,1.89,-3.72,7.83,,,,12.01,9.33,14.92,16.0,24.0,26.0,26.0,,,6.0
2025-05-07,,,,9.87,7.8,12.21,,,,33.21,30.63,35.85,,,,17.85,15.25,20.88,,,,20.72,18.3,23.11,,,,2.8,-2.83,7.41,,,,1.92,-3.59,7.84,,,,12.04,9.35,14.91,,,,,,,
2025-05-08,,,,9.86,7.78,12.18,,,,33.16,30.58,35.79,,,,17.87,15.31,20.88,,,,20.75,18.35,23.11,,,,2.79,-2.81,7.41,,,,1.95,-3.51,7.89,,,,12.06,9.37,14.93,,,,,,,
2025-05-09,,,,9.85,7.79,12.11,,,,33.12,30.53,35.68,,,,17.88,15.34,20.87,,,,20.78,18.4,23.11,,,,2.78,-2.82,7.41,,,,1.99,-3.03,7.11,,,,12.09,9.4,14.94,,,,,,,
2025-05-10,,,,9.84,7.77,12.04,,,,33.07,30.48,35.65,,,,17.9,15.36,20.87,,,,20.82,18.44,23.11,,,,2.77,-2.83,7.41,,,,2.02,-3.02,7.19,,,,12.11,9.42,14.96,,,,,,,
2025-05-11,,,,9.83,7.75,11.99,,,,33.01,30.44,35.61,,,,17.92,15.38,20.84,,,,20.85,18.49,23.13,,,,2.75,-2.84,7.41,,,,2.06,-3.0,7.29,,,,12.14,9.45,14.98,,,,,,,
2025-05-12,,,,9.82,7.75,11.96,,,,32.96,30.41,35.59,,,,17.94,15.42,20.77,,,,20.88,18.54,23.15,,,,2.74,-2.72,7.41,,,,2.09,-2.94,7.39,,,,12.16,9.48,15.01,9.0,29.0,19.0,21.0,,,13.0
2025-05-13,,,,9.81,7.73,11.91,,,,32.9,30.38,35.56,,,,17.97,15.41,20.77,,,,20.91,18.59,23.16,,,,2.73,-2.54,7.41,,,,2.13,-2.83,7.49,,,,12.19,9.51,15.02,,,,,,,
2025-05-14,,,,9.8,7.74,11.9,,,,32.85,30.35,35.48,,,,17.99,15.43,20.77,,,,20.94,18.63,23.11,,,,2.72,-2.46,7.41,,,,2.16,-2.71,7.55,,,,12.21,9.61,15.04,,,,,,,
2025-05-15,,,,9.79,7.75,11.87,,,,32.78,30.31,35.38,,,,18.02,15.45,20.78,,,,20.97,18.67,23.13,,,,2.7,-2.41,7.41,,,,2.2,-2.61,7.57,,,,12.23,9.71,15.06,,,,,,,
2025-05-16,,,,9.78,7.77,11.85,,,,32.72,30.28,35.35,,,,18.04,15.45,20.79,,,,21.01,18.71,23.16,,,,2.69,-2.37,7.3,,,,2.23,-2.52,7.57,,,,12.26,9.74,15.07,,,,,,,
2025-05-17,,,,9.78,7.78,11.81,,,,32.66,30.23,35.31,,,,18.07,15.48,20.79,,,,21.04,18.75,23.22,,,,2.68,-2.36,7.15,,,,2.27,-2.5,7.58,,,,12.28,9.79,15.09,,,,,,,
2025-05-18,,,,9.77,7.77,11.78,,,,32.59,30.19,35.25,,,,18.1,15.5,20.83,,,,21.07,18.82,23.22,,,,2.67,-2.36,7.06,,,,2.31,-2.48,7.58,,,,12.31,9.81,15.1,,,,,,,
2025-05-19,,,,9.76,7.76,11.75,,,,32.52,30.14,35.16,,,,18.13,15.52,20.88,,,,21.1,18.82,23.22,,,,2.66,-2.35,7.05,,,,2.34,-2.54,7.58,,,,12.33,9.84,15.12,12.0,20.0,27.0,26.0,,,10.0
2025-05-20,,,,9.75,7.75,11.77,,,,32.45,30.07,35.08,,,,18.16,15.53,20.93,,,,21.13,18.86,23.24,,,,2.65,-2.35,7.05,,,,2.38,-2.61,7.58,,,,12.35,9.88,15.13,,,,,,,
2025-05-21,,,,9.75,7.74,11.72,,,,32.37,30.06,34.98,,,,18.2,15.55,20.97,,,,21.16,18.89,23.31,,,,2.64,-2.35,7.05,,,,2.42,-2.66,7.53,,,,12.37,9.87,15.14,,,,,,,
2025-05-22,,,,9.74,7.73,11.72,,,,32.3,29.98,34.89,,,,18.23,15.57,21.02,,,,21.19,18.92,23.36,,,,2.63,-2.35,7.05,,,,2.45,-2.7,7.49,,,,12.4,9.94,15.15,,,,,,,
2025-05-23,,,,9.73,7.72,11.74,,,,32.22,29.86,34.77,,,,18.26,15.56,21.04,,,,21.23,18.85,23.43,,,,2.62,-2.35,7.05,,,,2.49,-2.74,7.48,,,,12.42,9.96,15.2,,,,,,,
2025-05-24,,,,9.73,7.72,11.77,,,,32.14,29.83,34.65,,,,18.3,15.57,21.04,,,,21.26,18.78,23.46,,,,2.61,-2.34,7.05,,,,2.52,-2.78,7.46,,,,12.44,9.97,15.25,,,,,,,
2025-05-25,,,,9.72,7.71,11.78,,,,32.06,29.69,34.52,,,,18.33,15.59,21.05,,,,21.29,18.72,23.46,,,,2.6,-2.34,7.05,,,,2.56,-2.82,7.46,,,,12.46,10.0,15.24,,,,,,,
2025-05-26,,,,9.71,7.71,11.77,,,,31.98,29.57,34.43,,,,18.37,15.61,21.05,,,,21.32,18.8,23.47,,,,2.59,-2.34,7.06,,,,2.59,-2.86,7.48,,,,12.48,10.05,15.24,,,,,,,
2025-05-27,,,,9.71,7.7,11.78,,,,31.9,29.5,34.34,,,,18.4,15.64,21.06,,,,21.35,18.88,23.5,,,,2.58,-2.34,7.06,,,,2.63,-2.9,7.53,,,,12.5,10.1,15.23,12.0,34.0,15.0,25.0,,,8.0
2025-05-28,,,,9.7,7.69,11.74,,,,31.81,29.44,34.25,,,,18.44,15.67,21.06,,,,21.38,18.96,23.52,,,,2.57,-2.34,7.06,,,,2.66,-2.94,7.59,,,,12.51,10.12,15.22,,,,,,,
2025-05-29,,,,9.7,7.67,11.71,,,,31.73,29.38,34.16,,,,18.47,15.7,21.07,,,,21.41,19.03,23.58,,,,2.57,-2.33,7.1,,,,2.7,-2.99,7.66,,,,12.53,10.14,15.2,,,,,,,
2025-05-30,,,,9.69,7.65,11.73,,,,31.64,29.32,34.06,,,,18.51,15.72,21.06,,,,21.44,19.05,23.63,,,,2.56,-2.33,7.14,,,,2.73,-3.03,7.79,,,,12.55,10.16,15.19,,,,,,,
2025-05-31,,,,9.68,7.63,11.72,,,,31.56,29.23,34.01,,,,18.54,15.73,21.04,,,,21.46,19.06,23.7,,,,2.55,-2.33,7.15,,,,2.76,-3.07,7.88,,,,12.56,10.17,15.24,,,,,,,
2025-06-01,,,,9.68,7.62,11.7,,,,31.48,29.11,33.92,,,,18.58,15.78,21.02,,,,21.49,19.08,23.76,,,,2.54,-2.33,7.15,,,,2.79,-3.09,7.9,,,,12.57,10.19,15.29,,,,,,,
2025-06-02,,,,9.67,7.61,11.69,,,,31.39,29.08,33.83,,,,18.61,15.87,21.08,,,,21.52,19.08,23.82,,,,2.53,-2.33,7.15,,,,2.82,-3.12,7.92,,,,12.59,10.21,15.33,5.0,28.0,23.0,22.0,,,11.0
2025-06-03,,,,9.66,7.59,11.69,,,,31.31,28.99,33.75,,,,18.64,15.93,21.09,,,,21.55,19.08,23.88,,,,2.52,-2.33,7.15,,,,2.85,-3.15,7.93,,,,12.6,10.23,15.37,,,,,,,
2025-06-04,,,,9.66,7.58,11.7,,,,31.23,28.94,33.66,,,,18.67,15.97,21.12,,,,21.57,19.07,23.94,,,,2.52,-2.33,7.15,,,,2.88,-3.19,8.0,,,,12.61,10.24,15.42,,,,,,,
2025-06-05,,,,9.65,7.56,11.7,,,,31.15,28.89,33.57,,,,18.71,16.02,21.17,,,,21.6,19.08,23.99,,,,2.51,-2.33,7.15,,,,2.91,-3.28,8.06,,,,12.62,10.26,15.45,,,,,,,
2025-06-06,,,,9.64,7.53,11.7,,,,31.07,28.84,33.49,,,,18.73,16.06,21.16,,,,21.63,19.08,24.06,,,,2.5,-2.33,7.15,,,,2.94,-3.37,8.11,,,,12.63,10.26,15.49,,,,,,,
2025-06-07,,,,9.63,7.51,11.7,,,,30.99,28.79,33.39,,,,18.76,16.06,21.21,,,,21.65,19.08,24.09,,,,2.49,-2.33,7.17,,,,2.97,-3.45,8.15,,,,12.64,10.28,15.45,,,,,,,
2025-06-08,,,,9.62,7.44,11.7,,,,30.92,28.68,33.31,,,,18.79,16.06,21.24,,,,21.68,19.08,24.12,,,,2.48,-2.33,7.17,,,,2.99,-3.54,8.2,,,,12.65,10.28,15.45,,,,,,,
2025-06-09,,,,9.6,7.36,11.71,,,,30.84,28.58,33.23,,,,18.82,16.07,21.27,,,,21.7,19.11,24.14,,,,2.48,-2.33,7.15,,,,3.02,-3.61,8.29,,,,12.65,10.27,15.51,8.0,34.0,15.0,25.0,,,13.0
2025-06-10,,,,9.59,7.32,11.72,,,,30.77,28.52,33.15,,,,18.84,16.15,21.3,,,,21.72,19.16,24.18,,,,2.47,-2.33,7.15,,,,3.04,-3.65,8.36,,,,12.66,10.22,15.52,,,,,,,
2025-06-11,,,,9.58,7.35,11.74,,,,30.7,28.44,33.09,,,,18.86,16.17,21.31,,,,21.74,19.13,24.2,,,,2.46,-2.33,7.15,,,,3.06,-3.69,8.43,,,,12.66,10.23,15.58,,,,,,,
2025-06-12,,,,9.56,7.34,11.75,,,,30.63,28.36,33.03,,,,18.89,16.17,21.31,,,,21.77,19.18,24.21,,,,2.45,-2.33,7.15,,,,3.08,-3.73,8.46,,,,12.67,10.19,15.64,,,,,,,
2025-06-13,,,,9.55,7.32,11.75,,,,30.56,28.28,32.92,,,,18.91,16.2,21.32,,,,21.79,19.23,24.23,,,,2.44,-2.33,7.15,,,,3.11,-3.75,8.48,,,,12.67,10.15,15.67,12.0,32.0,10.0,15.0,,,26.0
2025-06-14,,,,9.53,7.3,11.76,,,,30.5,28.21,32.86,,,,18.93,16.24,21.34,,,,21.81,19.23,24.25,,,,2.43,-2.33,7.15,,,,3.13,-3.73,8.48,,,,12.67,10.12,15.66,,,,,,,
2025-06-15,,,,9.51,7.28,11.76,,,,30.44,28.15,32.81,,,,18.94,16.27,21.36,,,,21.83,19.21,24.27,,,,2.43,-2.29,7.15,,,,3.15,-3.71,8.5,,,,12.67,10.08,15.66,,,,,,,
2025-06-16,,,,9.49,7.26,11.76,,,,30.38,28.08,32.77,,,,18.96,16.28,21.35,,,,21.85,19.17,24.29,,,,2.42,-2.21,7.15,,,,3.17,-3.68,8.52,,,,12.68,10.04,15.68,6.0,35.0,15.0,26.0,,,9.0
2025-06-17,,,,9.47,7.23,11.75,,,,30.32,28.03,32.73,,,,18.97,16.25,21.34,,,,21.86,19.15,24.3,,,,2.41,-2.14,7.15,,,,3.18,-3.67,8.55,,,,12.68,9.96,15.7,,,,,,,
2025-06-18,,,,9.45,7.21,11.75,,,,30.27,27.94,32.69,,,,18.99,16.2,21.38,,,,21.88,19.16,24.32,,,,2.4,-2.06,7.15,,,,3.2,-3.65,8.63,,,,12.68,9.86,15.73,,,,,,,
2025-06-19,,,,9.43,7.18,11.74,,,,30.22,27.83,32.65,,,,19.0,16.18,21.4,,,,21.9,19.18,24.34,,,,2.39,-1.99,7.15,,,,3.22,-3.39,8.81,,,,12.68,9.83,15.73,,,,,,,
2025-06-20,,,,9.4,7.15,11.73,,,,30.17,27.74,32.6,,,,19.01,16.2,21.4,,,,21.92,19.19,24.35,,,,2.38,-2.62,7.93,,,,3.24,-3.11,8.82,,,,12.68,9.82,15.71,,,,,,,
2025-06-21,,,,9.38,7.12,11.71,,,,30.12,27.69,32.55,,,,19.02,16.23,21.4,,,,21.93,19.2,24.36,,,,2.37,-2.63,7.93,,,,3.26,-2.9,8.74,,,,12.68,9.81,15.7,,,,,,,
2025-06-22,,,,9.35,7.09,11.7,,,,30.08,27.65,32.5,,,,19.03,16.24,21.39,,,,21.95,19.22,24.38,,,,2.36,-2.59,7.95,,,,3.28,-2.9,8.75,,,,12.68,9.8,15.67,,,,,,,
2025-06-23,,,,9.32,6.98,11.69,,,,30.04,27.61,32.45,,,,19.03,16.26,21.38,,,,21.96,19.21,24.39,,,,2.35,-2.54,7.96,,,,3.3,-2.9,8.77,,,,12.68,9.8,15.65,7.0,28.0,23.0,22.0,,,14.0
2025-06-24,,,,9.29,6.88,11.67,,,,30.0,27.56,32.38,,,,19.04,16.28,21.36,,,,21.98,19.19,24.4,,,,2.34,-2.52,7.97,,,,3.32,-2.91,8.76,,,,12.68,9.77,15.64,,,,,,,
2025-06-25,,,,9.26,6.84,11.64,,,,29.96,27.52,32.33,,,,19.04,16.28,21.33,,,,21.99,19.17,24.38,,,,2.33,-2.56,7.98,,,,3.34,-2.91,8.79,,,,12.68,9.76,15.62,,,,,,,
2025-06-26,,,,9.23,6.83,11.6,,,,29.93,27.48,32.31,,,,19.04,16.28,21.3,,,,22.01,19.15,24.35,,,,2.31,-2.59,7.98,,,,3.36,-2.87,8.87,,,,12.68,9.76,15.62,,,,,,,
2025-06-27,,,,9.2,6.81,11.56,,,,29.9,27.46,32.32,,,,19.04,16.27,21.27,,,,22.02,19.18,24.34,,,,2.3,-2.62,7.98,,,,3.38,-2.81,8.96,,,,12.67,9.75,15.64,,,,,,,
2025-06-28,,,,9.17,6.8,11.53,,,,29.87,27.43,32.34,,,,19.04,16.27,21.23,,,,22.03,19.16,24.36,,,,2.28,-2.65,7.97,,,,3.4,-2.73,9.06,,,,12.67,9.78,15.68,,,,,,,
2025-06-29,,,,9.13,6.78,11.5,,,,29.85,27.41,32.37,,,,19.04,16.27,21.19,,,,22.05,19.14,24.47,,,,2.27,-2.69,7.95,,,,3.41,-2.66,9.08,,,,12.67,9.84,15.73,,,,,,,
2025-06-30,,,,9.1,6.77,11.46,,,,29.83,27.4,32.35,,,,19.03,16.26,21.19,,,,22.06,19.12,24.48,,,,2.25,-2.65,7.92,,,,3.43,-2.58,9.05,,,,12.67,9.89,15.78,6.0,35.0,22.0,24.0,,,11.0
2025-07-01,,,,9.06,6.74,11.46,,,,29.8,27.39,32.34,,,,19.03,16.22,21.16,,,,22.07,19.12,24.51,,,,2.23,-2.5,7.88,,,,3.45,-2.49,8.98,,,,12.67,9.83,15.79,,,,,,,
2025-07-02,,,,9.03,6.69,11.49,,,,29.79,27.38,32.33,,,,19.02,16.16,21.13,,,,22.09,19.17,24.51,,,,2.21,-2.37,7.81,,,,3.46,-2.42,8.93,,,,12.67,9.78,15.78,,,,,,,
2025-07-03,,,,8.99,6.66,11.49,,,,29.77,27.27,32.31,,,,19.01,16.12,21.1,,,,22.1,19.15,24.52,,,,2.19,-2.33,7.7,,,,3.47,-2.41,8.88,,,,12.67,9.75,15.73,,,,,,,
2025-07-04,,,,8.95,6.64,11.47,,,,29.76,27.26,32.29,,,,19.0,16.06,21.13,,,,22.11,19.14,24.52,,,,2.16,-2.23,7.49,,,,3.48,-2.43,8.77,,,,12.67,9.76,15.69,,,,,,,
2025-07-05,,,,8.92,6.62,11.44,,,,29.74,27.21,32.28,,,,18.99,16.03,21.12,,,,22.12,19.13,24.52,,,,2.14,-2.33,7.36,,,,3.5,-2.47,8.5,,,,12.67,9.78,15.64,,,,,,,
2025-07-06,,,,8.88,6.57,11.41,,,,29.73,27.2,32.33,,,,18.98,15.99,21.14,,,,22.13,19.14,24.53,,,,2.12,-2.43,7.3,,,,3.5,-2.56,8.25,,,,12.67,9.79,15.64,,,,,,,
2025-07-07,,,,8.84,6.48,11.39,,,,29.72,27.11,32.34,,,,18.96,16.0,21.15,,,,22.15,19.15,24.56,,,,2.09,-2.43,7.2,,,,3.51,-2.54,8.32,,,,12.66,9.81,15.66,6.0,33.0,21.0,25.0,,,9.0
2025-07-08,,,,8.81,6.4,11.36,,,,29.72,27.14,32.33,,,,18.95,16.0,21.14,,,,22.16,19.15,24.59,,,,2.07,-2.37,7.19,,,,3.52,-2.47,8.42,,,,12.66,9.83,15.69,,,,,,,
2025-07-09,,,,8.77,6.31,11.31,,,,29.71,27.11,32.32,,,,18.94,16.01,21.11,,,,22.17,19.11,24.59,,,,2.04,-2.33,7.18,,,,3.52,-2.38,8.45,,,,12.66,9.85,15.7,,,,,,,
2025-07-10,,,,8.73,6.25,11.26,,,,29.71,27.1,32.35,,,,18.92,16.01,21.1,,,,22.18,19.09,24.6,,,,2.01,-2.3,7.1,,,,3.52,-2.22,8.48,,,,12.65,9.88,15.72,,,,,,,
2025-07-11,,,,8.7,6.19,11.21,,,,29.7,27.1,32.38,,,,18.9,16.02,21.14,,,,22.2,19.09,24.68,,,,1.99,-2.4,7.1,,,,3.52,-2.12,8.47,,,,12.65,9.83,15.76,15.0,30.0,11.0,13.0,2.0,4.0,24.0
2025-07-12,,,,8.66,6.12,11.16,,,,29.7,27.08,32.41,,,,18.89,16.02,21.22,,,,22.21,19.08,24.72,,,,1.96,-2.5,7.03,,,,3.52,-2.04,8.47,,,,12.65,9.85,15.77,,,,,,,
2025-07-13,,,,8.63,6.05,11.11,,,,29.7,27.04,32.44,,,,18.87,16.03,21.28,,,,22.22,19.08,24.75,,,,1.93,-2.65,7.08,,,,3.52,-1.97,8.5,,,,12.64,9.84,15.76,,,,,,,
2025-07-14,,,,8.6,5.98,11.07,,,,29.7,27.1,32.53,,,,18.86,16.05,21.25,,,,22.23,19.09,24.79,,,,1.91,-2.71,7.07,,,,3.51,-1.9,8.53,,,,12.64,9.82,15.77,9.0,28.0,20.0,26.0,,,8.0
2025-07-15,,,,8.56,5.92,11.06,,,,29.7,27.12,32.61,,,,18.84,16.05,21.16,,,,22.24,19.1,24.82,,,,1.88,-2.77,7.05,,,,3.5,-1.85,8.77,,,,12.63,9.82,15.77,,,,,,,
2025-07-16,,,,8.53,5.9,11.03,,,,29.7,27.12,32.64,,,,18.82,16.04,21.15,,,,22.26,19.1,24.82,,,,1.86,-3.01,7.02,,,,3.5,-1.96,8.94,,,,12.63,9.85,15.77,,,,,,,
2025-07-17,,,,8.5,5.86,11.01,,,,29.71,27.13,32.64,,,,18.8,15.99,21.16,,,,22.27,19.12,24.8,,,,1.84,-3.19,7.01,,,,3.48,-1.95,9.0,,,,12.62,9.89,15.82,,,,,,,
2025-07-18,,,,8.47,5.82,11.0,,,,29.71,27.14,32.69,,,,18.78,15.95,21.16,,,,22.28,19.14,24.78,,,,1.81,-3.21,6.99,,,,3.47,-1.88,9.05,,,,12.62,9.94,15.82,,,,,,,
2025-07-19,,,,8.44,5.81,10.98,,,,29.71,27.14,32.76,,,,18.77,15.93,21.17,,,,22.29,19.15,24.75,,,,1.79,-3.72,6.98,,,,3.46,-1.8,9.09,,,,12.62,9.95,15.86,,,,,,,
2025-07-20,,,,8.41,5.8,10.93,,,,29.71,27.06,32.83,,,,18.75,15.91,21.15,,,,22.3,19.17,24.74,,,,1.77,-4.56,6.97,,,,3.45,-1.74,9.15,,,,12.61,9.95,15.82,,,,,,,
2025-07-21,,,,8.38,5.74,10.89,,,,29.71,27.03,32.9,,,,18.73,15.89,21.1,,,,22.31,19.19,24.79,,,,1.75,-4.85,6.95,,,,3.43,-1.88,9.21,,,,12.61,9.95,15.86,5.0,27.0,22.0,31.0,,,8.0
2025-07-22,,,,8.36,5.72,10.85,,,,29.71,26.97,32.95,,,,18.71,15.89,21.05,,,,22.33,19.24,24.84,,,,1.74,-4.94,6.93,,,,3.41,-2.06,9.3,,,,12.61,9.95,15.89,,,,,,,
2025-07-23,,,,8.33,5.7,10.81,,,,29.71,26.92,33.02,,,,18.69,15.89,21.02,,,,22.34,19.29,24.89,,,,1.72,-5.02,6.92,,,,3.4,-2.2,9.46,,,,12.61,9.96,15.92,,,,,,,
2025-07-24,,,,8.31,5.66,10.77,,,,29.71,26.89,33.03,,,,18.67,15.89,20.96,,,,22.35,19.35,24.94,,,,1.7,-5.08,6.91,,,,3.38,-2.33,9.61,,,,12.61,9.97,15.95,,,,,,,
2025-07-25,,,,8.29,5.62,10.75,,,,29.71,26.89,33.02,,,,18.65,15.88,20.92,,,,22.37,19.39,24.98,,,,1.69,-5.12,6.91,,,,3.36,-2.43,9.73,,,,12.61,9.98,15.92,,,,,,,
2025-07-26,,,,8.27,5.59,10.72,,,,29.71,26.88,33.0,,,,18.63,15.86,20.88,,,,22.38,19.45,25.03,,,,1.68,-5.2,6.93,,,,3.34,-2.5,9.85,,,,12.6,9.99,15.88,,,,,,,
2025-07-27,,,,8.25,5.55,10.69,,,,29.71,26.89,32.98,,,,18.61,15.85,20.84,,,,22.39,19.52,25.08,,,,1.66,-5.27,6.94,,,,3.32,-2.55,9.95,,,,12.6,10.0,15.89,,,,,,,
2025-07-28,,,,8.24,5.59,10.66,,,,29.7,26.97,32.96,,,,18.59,15.84,20.8,,,,22.41,19.55,25.12,,,,1.65,-5.3,6.96,,,,3.3,-2.58,10.04,,,,12.6,10.01,15.91,17.0,21.0,26.0,14.0,,,14.0
2025-07-29,,,,8.22,5.64,10.64,,,,29.69,27.05,32.93,,,,18.57,15.85,20.8,,,,22.43,19.53,25.17,,,,1.64,-5.3,6.98,,,,3.28,-2.6,10.11,,,,12.6,10.02,15.93,,,,,,,
2025-07-30,,,,8.21,5.71,10.61,,,,29.69,26.98,32.9,,,,18.56,15.89,20.84,,,,22.44,19.53,25.21,,,,1.63,-5.29,6.99,,,,3.26,-2.6,10.19,,,,12.6,9.93,15.95,,,,,,,
2025-07-31,,,,8.2,5.77,10.59,,,,29.68,26.9,32.86,,,,18.54,15.91,20.88,,,,22.46,19.52,25.26,,,,1.62,-5.24,6.63,,,,3.24,-1.74,10.45,,,,12.6,9.82,15.92,,,,,,,
2025-08-01,,,,8.19,5.85,10.57,,,,29.67,26.9,32.82,,,,18.52,15.91,20.92,,,,22.48,19.56,25.3,,,,1.61,-2.61,6.61,,,,3.22,-0.7,9.99,,,,12.6,9.74,15.9,,,,,,,
2025-08-02,,,,8.18,5.87,10.55,,,,29.66,26.9,32.78,,,,18.5,15.9,20.95,,,,22.5,19.64,25.34,,,,1.6,-2.67,6.6,,,,3.21,-0.7,10.05,,,,12.59,9.77,15.88,,,,,,,
2025-08-03,,,,8.17,5.79,10.54,,,,29.64,26.88,32.74,,,,18.48,15.84,20.99,,,,22.53,19.71,25.38,,,,1.59,-2.72,6.61,,,,3.19,-0.72,10.1,,,,12.59,9.79,15.84,,,,,,,
2025-08-04,,,,8.16,5.72,10.51,,,,29.63,26.83,32.69,,,,18.46,15.82,21.0,,,,22.55,19.75,25.43,,,,1.58,-2.77,6.62,,,,3.17,-0.76,10.16,,,,12.59,9.82,15.8,6.0,26.0,13.0,25.0,,,21.0
2025-08-05,,,,8.16,5.65,10.48,,,,29.61,26.79,32.64,,,,18.45,15.83,20.99,,,,22.58,19.78,25.45,,,,1.58,-2.83,6.64,,,,3.15,-0.79,10.18,,,,12.58,9.86,15.77,,,,,,,
2025-08-06,,,,8.15,5.58,10.46,,,,29.59,26.74,32.59,,,,18.43,15.83,20.97,,,,22.61,19.82,25.47,,,,1.57,-2.88,6.65,,,,3.14,-0.82,10.19,,,,12.58,9.89,15.73,,,,,,,
2025-08-07,,,,8.15,5.54,10.48,,,,29.57,26.69,32.54,,,,18.41,15.84,20.95,,,,22.64,19.85,25.49,,,,1.56,-2.92,6.6,,,,3.12,-0.86,10.2,,,,12.58,10.0,15.68,,,,,,,
2025-08-08,,,,8.14,5.6,10.46,,,,29.55,26.64,32.5,,,,18.39,15.84,20.93,,,,22.67,19.89,25.52,,,,1.55,-2.98,6.55,,,,3.1,-0.88,10.2,,,,12.57,10.0,15.68,,,,,,,
2025-08-09,,,,8.14,5.65,10.42,,,,29.53,26.61,32.5,,,,18.38,15.85,20.9,,,,22.7,19.92,25.54,,,,1.54,-2.99,6.54,,,,3.09,-0.92,10.21,,,,12.57,9.99,15.69,,,,,,,
2025-08-10,,,,8.13,5.6,10.38,,,,29.51,26.57,32.51,,,,18.36,15.86,20.87,,,,22.74,19.96,25.59,,,,1.54,-3.0,6.55,,,,3.07,-0.96,10.22,,,,12.56,10.0,15.69,,,,,,,
2025-08-11,,,,8.13,5.59,10.35,,,,29.49,26.52,32.5,,,,18.34,15.86,20.86,,,,22.78,20.0,25.64,,,,1.53,-3.02,6.56,,,,3.05,-0.96,10.22,,,,12.55,10.03,15.68,10.0,20.0,25.0,20.0,,,12.0
2025-08-12,,,,8.13,5.62,10.34,,,,29.46,26.48,32.5,,,,18.32,15.85,20.82,,,,22.82,20.09,25.69,,,,1.52,-3.06,6.53,,,,3.04,-0.95,10.23,,,,12.55,10.03,15.68,,,,,,,
2025-08-13,,,,8.13,5.64,10.32,,,,29.44,26.44,32.47,,,,18.3,15.88,20.81,,,,22.86,20.15,25.74,,,,1.51,-3.11,6.49,,,,3.02,-0.95,10.24,,,,12.54,10.03,15.68,,,,,,,
2025-08-14,,,,8.13,5.67,10.29,,,,29.41,26.39,32.48,,,,18.28,15.84,20.84,,,,22.9,20.25,25.79,,,,1.5,-3.15,6.45,,,,3.01,-0.95,10.23,,,,12.53,10.03,15.67,,,,,,,
2025-08-15,,,,8.13,5.71,10.28,,,,29.39,26.37,32.48,,,,18.26,15.8,20.86,,,,22.95,20.35,25.84,,,,1.5,-3.18,6.41,,,,2.99,-0.95,10.16,,,,12.52,10.03,15.66,,,,,,,
2025-08-16,,,,8.13,5.74,10.27,,,,29.36,26.33,32.49,,,,18.24,15.77,20.84,,,,23.0,20.46,25.88,,,,1.49,-3.22,6.37,,,,2.98,-0.95,10.1,,,,12.52,10.04,15.64,,,,,,,
2025-08-17,,,,8.13,5.73,10.26,,,,29.33,26.3,32.49,,,,18.22,15.73,20.79,,,,23.05,20.57,25.93,,,,1.48,-3.22,6.33,,,,2.96,-0.95,10.04,,,,12.51,10.04,15.63,,,,,,,
2025-08-18,,,,8.13,5.71,10.25,,,,29.31,26.29,32.49,,,,18.19,15.74,20.74,,,,23.1,20.59,26.0,,,,1.47,-3.22,6.3,,,,2.95,-0.95,9.97,,,,12.5,10.05,15.61,9.0,38.0,21.0,14.0,,,7.0
2025-08-19,,,,8.13,5.73,10.24,,,,29.28,26.29,32.49,,,,18.17,15.76,20.72,,,,23.15,20.62,26.08,,,,1.46,-3.22,6.25,,,,2.93,-0.94,9.91,,,,12.49,10.06,15.6,,,,,,,
2025-08-20,,,,8.13,5.75,10.23,,,,29.26,26.24,32.48,,,,18.14,15.78,20.7,,,,23.21,20.65,26.1,,,,1.46,-3.23,6.22,,,,2.91,-0.94,9.84,,,,12.48,10.07,15.58,,,,,,,
2025-08-21,,,,8.13,5.78,10.22,,,,29.23,26.18,32.47,,,,18.12,15.8,20.62,,,,23.26,20.67,26.11,,,,1.45,-3.23,6.17,,,,2.9,-0.95,9.78,,,,12.47,10.09,15.56,,,,,,,
2025-08-22,,,,8.13,5.79,10.21,,,,29.2,26.15,32.46,,,,18.09,15.79,20.54,,,,23.32,20.74,26.19,,,,1.44,-3.25,6.14,,,,2.88,-0.99,9.71,,,,12.47,10.11,15.54,,,,,,,
2025-08-23,,,,8.13,5.83,10.2,,,,29.18,26.12,32.44,,,,18.06,15.77,20.51,,,,23.38,20.82,26.27,,,,1.43,-3.26,6.1,,,,2.86,-1.08,9.64,,,,12.46,10.13,15.51,,,,,,,
2025-08-24,,,,8.13,5.86,10.17,,,,29.15,26.11,32.43,,,,18.03,15.75,20.5,,,,23.45,20.89,26.35,,,,1.42,-3.27,6.07,,,,2.85,-1.17,9.58,,,,12.45,10.12,15.48,,,,,,,
2025-08-25,,,,8.13,5.88,10.16,,,,29.13,26.09,32.45,,,,18.0,15.73,20.48,,,,23.51,20.9,26.39,,,,1.42,-3.29,6.04,,,,2.83,-1.28,9.51,,,,12.44,10.13,15.45,,,,,,,
2025-08-26,,,,8.13,5.91,10.15,,,,29.1,26.06,32.4,,,,17.96,15.71,20.46,,,,23.58,20.9,26.43,,,,1.41,-3.32,6.0,,,,2.81,-1.38,9.5,,,,12.43,10.14,15.42,3.0,38.0,18.0,21.0,,,11.0
2025-08-27,,,,8.13,5.94,10.13,,,,29.08,26.09,32.36,,,,17.93,15.69,20.44,,,,23.64,20.95,26.47,,,,1.4,-3.37,5.96,,,,2.79,-1.34,9.53,,,,12.43,10.11,15.42,,,,,,,
2025-08-28,,,,8.13,5.95,10.12,,,,29.05,26.08,32.33,,,,17.9,15.7,20.4,,,,23.72,21.06,26.52,,,,1.39,-3.41,5.93,,,,2.78,-1.36,9.58,,,,12.42,10.07,15.38,,,,,,,
2025-08-29,,,,8.13,5.95,10.1,,,,29.03,25.97,32.3,,,,17.86,15.65,20.34,,,,23.79,21.18,26.56,,,,1.38,-3.46,5.89,,,,2.76,-1.44,9.62,,,,12.41,10.04,15.37,,,,,,,
2025-08-30,,,,8.13,5.95,10.08,,,,29.0,25.97,32.27,,,,17.82,15.61,20.33,,,,23.86,21.24,26.67,,,,1.37,-3.51,5.86,,,,2.74,-1.52,9.66,,,,12.4,10.0,15.39,,,,,,,
2025-08-31,,,,8.13,5.94,10.07,,,,28.98,25.93,32.23,,,,17.78,15.59,20.22,,,,23.94,21.29,26.81,,,,1.36,-3.56,5.83,,,,2.72,-1.61,9.71,,,,12.39,9.98,15.32,,,,,,,
2025-09-01,,,,8.13,5.93,10.06,,,,28.95,25.89,32.19,,,,17.75,15.54,20.16,,,,24.02,21.33,26.91,,,,1.35,-3.61,5.81,,,,2.7,-1.7,9.75,,,,12.39,9.99,15.3,8.0,23.0,19.0,27.0,,,7.0
2025-09-02,,,,8.12,5.92,10.04,,,,28.93,25.86,32.16,,,,17.71,15.49,20.09,,,,24.11,21.38,26.98,,,,1.34,-3.67,5.8,,,,2.68,-1.68,9.8,,,,12.38,9.99,15.28,,,,,,,
2025-09-03,,,,8.12,5.9,10.02,,,,28.9,25.83,32.09,,,,17.66,15.44,20.04,,,,24.19,21.43,27.16,,,,1.33,-3.73,5.81,,,,2.66,-1.63,9.85,,,,12.37,10.0,15.26,,,,,,,
2025-09-04,,,,8.12,5.89,10.02,,,,28.88,25.82,32.02,,,,17.62,15.39,20.02,,,,24.28,21.5,27.33,,,,1.32,-3.79,5.83,,,,2.63,-1.66,9.87,,,,12.36,9.99,15.24,,,,,,,
2025-09-05,,,,8.12,5.88,10.04,,,,28.85,25.81,31.97,,,,17.58,15.33,19.97,,,,24.37,21.57,27.49,,,,1.31,-3.86,5.86,,,,2.61,-1.75,9.86,,,,12.35,9.89,15.23,,,,,,,
2025-09-06,,,,8.12,5.88,10.06,,,,28.83,25.8,31.96,,,,17.54,15.3,19.94,,,,24.47,21.64,27.55,,,,1.29,-3.96,5.91,,,,2.59,-1.86,9.87,,,,12.34,9.84,15.19,,,,,,,
2025-09-07,,,,8.11,5.89,10.09,,,,28.8,25.8,31.95,,,,17.49,15.25,19.88,,,,24.56,21.72,27.6,,,,1.28,-4.07,5.98,,,,2.57,-1.97,9.88,,,,12.33,9.79,15.1,,,,,,,
2025-09-08,,,,8.11,5.9,10.09,,,,28.78,25.77,31.93,,,,17.45,15.21,19.8,,,,24.66,21.8,27.66,,,,1.27,-4.18,6.04,,,,2.54,-2.08,9.89,,,,12.32,9.77,15.14,8.0,35.0,15.0,26.0,,,7.0
2025-09-09,,,,8.11,5.91,10.08,,,,28.75,25.72,31.88,,,,17.4,15.14,19.73,,,,24.76,21.91,27.72,,,,1.26,-4.3,6.11,,,,2.52,-2.18,9.9,,,,12.3,9.7,15.12,,,,,,,
2025-09-10,,,,8.1,5.91,10.07,,,,28.73,25.67,31.84,,,,17.36,15.1,19.65,,,,24.87,22.01,27.77,,,,1.25,-4.41,6.18,,,,2.49,-2.26,9.91,,,,12.29,9.64,15.09,,,,,,,
2025-09-11,,,,8.1,5.9,10.06,,,,28.7,25.62,31.85,,,,17.31,15.07,19.57,,,,24.98,22.14,27.88,,,,1.23,-4.47,6.26,,,,2.47,-2.33,9.93,,,,12.28,9.59,15.06,,,,,,,
2025-09-12,,,,8.1,5.9,10.05,,,,28.68,25.58,31.86,,,,17.27,15.01,19.48,,,,25.09,22.23,28.0,,,,1.22,-4.52,6.38,,,,2.44,-2.37,9.98,,,,12.26,9.55,15.03,,,,,,,
2025-09-13,,,,8.09,5.88,10.04,,,,28.65,25.55,31.81,,,,17.22,14.95,19.42,,,,25.2,22.29,28.11,,,,1.21,-4.56,6.51,,,,2.42,-2.41,10.08,,,,12.25,9.54,15.0,,,,,,,
2025-09-14,,,,8.09,5.87,10.06,,,,28.62,25.52,31.76,,,,17.18,14.88,19.4,,,,25.32,22.36,28.23,,,,1.19,-4.62,6.64,,,,2.39,-2.46,10.18,,,,12.23,9.56,14.96,,,,,,,
2025-09-15,,,,8.08,5.9,10.09,,,,28.59,25.5,31.71,,,,17.13,14.81,19.39,,,,25.43,22.43,28.37,,,,1.18,-4.64,6.82,,,,2.36,-2.52,10.28,,,,12.21,9.48,14.93,4.0,36.0,13.0,21.0,,,12.0
2025-09-16,,,,8.07,5.93,10.12,,,,28.57,25.47,31.65,,,,17.09,14.73,19.4,,,,25.55,22.5,28.5,,,,1.17,-4.69,6.97,,,,2.34,-2.56,10.39,,,,12.2,9.46,14.89,,,,,,,
2025-09-17,,,,8.07,5.96,10.15,,,,28.54,25.45,31.59,,,,17.04,14.67,19.41,,,,25.68,22.59,28.6,,,,1.16,-4.77,7.0,,,,2.31,-2.62,10.49,,,,12.18,9.45,14.85,,,,,,,
2025-09-18,,,,8.06,5.96,10.11,,,,28.51,25.42,31.54,,,,17.0,14.63,19.41,,,,25.8,22.67,28.68,,,,1.14,-4.87,7.06,,,,2.28,-2.67,10.58,,,,12.16,9.49,14.85,7.0,19.0,14.0,26.0,1.0,2.0,22.0
2025-09-19,,,,8.06,5.97,10.07,,,,28.48,25.4,31.48,,,,16.96,14.6,19.41,,,,25.93,22.76,28.84,,,,1.13,-4.98,7.15,,,,2.26,-2.71,10.69,,,,12.14,9.54,14.85,,,,,,,
2025-09-20,,,,8.05,5.97,10.1,,,,28.45,25.38,31.46,,,,16.91,14.57,19.35,,,,26.06,22.86,29.0,,,,1.12,-5.07,7.23,,,,2.23,-2.79,10.71,,,,12.12,9.59,14.81,,,,,,,
2025-09-21,,,,8.04,6.0,10.12,,,,28.42,25.37,31.45,,,,16.87,14.52,19.32,,,,26.19,23.03,29.13,,,,1.1,-5.18,7.32,,,,2.21,-2.84,10.74,,,,12.09,9.54,14.76,,,,,,,
2025-09-22,,,,8.04,6.04,10.08,,,,28.38,25.35,31.43,,,,16.83,14.44,19.33,,,,26.32,23.19,29.24,,,,1.09,-5.21,7.45,,,,2.18,-2.91,10.77,,,,12.07,9.48,14.7,5.0,30.0,21.0,27.0,,,10.0
2025-09-23,,,,8.03,6.07,10.06,,,,28.35,25.3,31.43,,,,16.79,14.38,19.33,,,,26.46,23.27,29.39,,,,1.08,-5.21,7.58,,,,2.16,-2.94,10.79,,,,12.05,9.42,14.74,,,,,,,
2025-09-24,,,,8.02,6.06,10.09,,,,28.31,25.29,31.46,,,,16.75,14.38,19.34,,,,26.6,23.34,29.54,,,,1.07,-5.25,7.71,,,,2.14,-2.97,10.82,,,,12.03,9.35,14.76,,,,,,,
2025-09-25,,,,8.02,6.03,10.12,,,,28.28,25.29,31.48,,,,16.7,14.38,19.34,,,,26.74,23.51,29.7,,,,1.06,-5.3,7.85,,,,2.12,-3.0,10.84,,,,12.0,9.33,14.72,,,,,,,
2025-09-26,,,,8.01,5.99,10.14,,,,28.24,25.28,31.5,,,,16.66,14.28,19.34,,,,26.88,23.67,29.88,,,,1.05,-5.39,7.96,,,,2.1,-3.03,10.86,,,,11.98,9.32,14.67,,,,,,,
2025-09-27,,,,8.01,5.96,10.17,,,,28.21,25.28,31.5,,,,16.62,14.19,19.34,,,,27.02,23.75,30.04,,,,1.04,-5.51,8.1,,,,2.08,-3.14,10.88,,,,11.95,9.29,14.61,,,,,,,
2025-09-28,,,,8.0,5.92,10.19,,,,28.17,25.27,31.5,,,,16.59,14.09,19.31,,,,27.17,23.81,30.2,,,,1.03,-5.63,8.2,,,,2.07,-3.28,10.95,,,,11.93,9.28,14.65,,,,,,,
2025-09-29,,,,8.0,5.92,10.22,,,,28.13,25.26,31.45,,,,16.55,14.08,19.27,,,,27.31,23.92,30.38,,,,1.03,-5.75,8.21,,,,2.05,-3.39,11.0,,,,11.9,9.27,14.69,8.0,32.0,18.0,27.0,,,12.0
2025-09-30,,,,8.0,5.9,10.25,,,,28.09,25.21,31.41,,,,16.51,14.07,19.23,,,,27.46,23.99,30.59,,,,1.02,-5.87,8.25,,,,2.04,-3.43,11.02,,,,11.87,9.26,14.73,,,,,,,
2025-10-01,,,,7.99,5.88,10.26,,,,28.04,25.2,31.35,,,,16.47,13.99,19.19,,,,27.6,24.14,30.79,,,,1.01,-5.96,8.29,,,,2.03,-3.47,11.04,,,,11.85,9.22,14.7,,,,,,,
2025-10-02,,,,7.99,5.86,10.22,,,,28.0,25.19,31.3,,,,16.44,13.97,19.15,,,,27.75,24.24,30.99,,,,1.01,-6.07,8.32,,,,2.02,-3.49,11.04,,,,11.82,9.17,14.65,,,,,,,
2025-10-03,,,,7.99,5.84,10.18,,,,27.95,25.18,31.24,,,,16.4,13.96,19.1,,,,27.9,24.35,31.19,,,,1.01,-6.15,8.37,,,,2.01,-3.52,11.05,,,,11.79,9.12,14.59,,,,,,,
2025-10-04,,,,7.99,5.86,10.14,,,,27.91,25.2,31.18,,,,16.37,13.93,19.06,,,,28.05,24.46,31.38,,,,1.0,-6.21,8.41,,,,2.01,-3.54,11.06,,,,11.77,9.08,14.56,,,,,,,
2025-10-05,,,,7.99,5.87,10.15,,,,27.86,25.19,31.12,,,,16.34,13.9,19.01,,,,28.19,24.57,31.56,,,,1.0,-6.23,8.43,,,,2.0,-3.55,11.06,,,,11.74,9.04,14.51,,,,,,,
2025-10-06,,,,8.0,5.86,10.16,,,,27.81,25.13,31.05,,,,16.3,13.85,18.97,,,,28.34,24.69,31.69,,,,1.0,-6.25,8.45,,,,2.0,-3.56,11.06,,,,11.71,9.0,14.46,8.0,30.0,19.0,22.0,,,13.0
2025-10-07,,,,8.0,5.85,10.17,,,,27.76,25.07,31.04,,,,16.27,13.81,18.92,,,,28.49,24.87,31.84,,,,1.0,-6.26,8.46,,,,2.0,-3.56,11.06,,,,11.68,8.96,14.47,,,,,,,
2025-10-08,,,,8.01,5.83,10.18,,,,27.71,25.02,31.01,,,,16.24,13.77,18.92,,,,28.63,25.09,32.05,,,,1.0,-6.27,8.46,,,,2.0,-3.56,11.06,,,,11.66,8.93,14.47,,,,,,,
2025-10-09,,,,8.01,5.85,10.2,,,,27.66,24.98,30.93,,,,16.21,13.76,18.84,,,,28.78,25.32,32.29,,,,1.0,-6.35,8.46,,,,2.0,-4.04,10.07,,,,11.63,8.89,14.47,,,,,,,
2025-10-10,,,,8.02,5.86,10.22,,,,27.6,24.92,30.84,,,,16.19,13.79,18.8,,,,28.92,25.45,32.45,,,,,,,,,,,,,,,,11.6,8.83,14.48,14.0,32.0,6.0,18.0,,,24.0
2025-10-11,,,,8.03,5.85,10.23,,,,27.55,24.85,30.78,,,,16.16,13.77,18.79,,,,29.07,25.58,32.61,,,,,,,,,,,,,,,,11.58,8.78,14.49,,,,,,,
2025-10-12,,,,8.04,5.88,10.25,,,,27.49,24.79,30.72,,,,16.13,13.72,18.77,,,,29.21,25.69,32.79,,,,,,,,,,,,,,,,11.55,8.72,14.5,,,,,,,
2025-10-13,,,,8.05,5.91,10.27,,,,27.43,24.73,30.66,,,,16.11,13.67,18.75,,,,29.36,25.76,32.99,,,,,,,,,,,,,,,,11.52,8.68,14.47,11.0,23.0,20.0,30.0,,,8.0
2025-10-14,,,,8.06,5.94,10.27,,,,27.37,24.66,30.59,,,,16.09,13.63,18.66,,,,29.5,25.85,33.2,,,,,,,,,,,,,,,,11.5,8.67,14.4,,,,,,,
2025-10-15,,,,8.07,5.96,10.28,,,,27.31,24.59,30.53,,,,16.07,13.58,18.62,,,,29.64,26.01,33.39,,,,,,,,,,,,,,,,11.47,8.64,14.32,,,,,,,
2025-10-16,,,,8.09,5.99,10.28,,,,27.25,24.53,30.46,,,,16.05,13.54,18.62,,,,29.78,26.17,33.54,,,,,,,,,,,,,,,,11.45,8.61,14.24,,,,,,,
2025-10-17,,,,8.1,6.02,10.29,,,,27.19,24.49,30.39,,,,16.03,13.52,18.63,,,,29.92,26.25,33.68,,,,,,,,,,,,,,,,11.42,8.58,14.17,,,,,,,
2025-10-18,,,,8.12,6.06,10.31,,,,27.12,24.46,30.31,,,,16.01,13.53,18.62,,,,30.06,26.43,33.82,,,,,,,,,,,,,,,,11.4,8.54,14.1,,,,,,,
2025-10-19,,,,8.14,6.09,10.32,,,,27.05,24.42,30.23,,,,15.99,13.53,18.63,,,,30.19,26.61,33.95,,,,,,,,,,,,,,,,11.38,8.51,14.09,,,,,,,
2025-10-20,,,,8.16,6.12,10.35,,,,26.99,24.38,30.14,,,,15.98,13.53,18.64,,,,30.33,26.79,34.08,,,,,,,,,,,,,,,,11.36,8.49,14.11,7.0,33.0,18.0,32.0,,,7.0
2025-10-21,,,,8.18,6.14,10.37,,,,26.92,24.34,30.05,,,,15.96,13.54,18.64,,,,30.46,26.88,34.2,,,,,,,,,,,,,,,,11.34,8.46,14.15,,,,,,,
2025-10-22,,,,8.2,6.19,10.39,,,,26.85,24.29,29.97,,,,15.95,13.55,18.65,,,,30.59,26.94,34.32,,,,,,,,,,,,,,,,11.33,8.44,14.18,,,,,,,
2025-10-23,,,,8.22,6.23,10.41,,,,26.77,24.24,29.88,,,,15.94,13.56,18.66,,,,30.71,27.0,34.43,,,,,,,,,,,,,,,,11.31,8.43,14.21,,,,,,,
2025-10-24,,,,8.25,6.27,10.41,,,,26.7,24.18,29.84,,,,15.93,13.57,18.66,,,,30.84,27.06,34.54,,,,,,,,,,,,,,,,11.3,8.41,14.2,,,,,,,
2025-10-25,,,,8.27,6.29,10.42,,,,26.63,24.11,29.76,,,,15.92,13.58,18.64,,,,30.96,27.13,34.67,,,,,,,,,,,,,,,,11.28,8.39,14.17,,,,,,,
2025-10-26,,,,8.3,6.32,10.45,,,,26.55,24.04,29.63,,,,15.91,13.6,18.63,,,,31.08,27.2,34.76,,,,,,,,,,,,,,,,11.27,8.3,14.14,,,,,,,
2025-10-27,,,,8.33,6.36,10.47,,,,26.47,23.94,29.52,,,,15.9,13.56,18.61,,,,31.2,27.26,34.88,,,,,,,,,,,,,,,,11.26,8.24,14.1,6.0,21.0,13.0,40.0,,,12.0
2025-10-28,,,,8.36,6.37,10.5,,,,26.4,23.84,29.51,,,,15.89,13.49,18.59,,,,31.32,27.34,35.05,,,,,,,,,,,,,,,,11.25,8.21,14.06,,,,,,,
2025-10-29,,,,8.39,6.37,10.52,,,,26.32,23.74,29.49,,,,15.89,13.41,18.57,,,,31.43,27.44,35.2,,,,,,,,,,,,,,,,11.24,8.19,14.01,,,,,,,
2025-10-30,,,,8.42,6.38,10.54,,,,26.24,23.71,29.38,,,,15.88,13.41,18.55,,,,31.55,27.57,35.36,,,,,,,,,,,,,,,,11.24,8.17,13.99,,,,,,,
2025-10-31,,,,8.45,6.39,10.54,,,,26.16,23.68,29.26,,,,15.88,13.43,18.52,,,,31.66,27.7,35.52,,,,,,,,,,,,,,,,11.23,8.15,13.96,,,,,,,
2025-11-01,,,,8.48,6.4,10.52,,,,26.09,23.55,29.15,,,,15.87,13.45,18.47,,,,31.77,27.78,35.65,,,,,,,,,,,,,,,,11.23,8.14,13.94,,,,,,,
2025-11-02,,,,8.51,6.4,10.54,,,,26.01,23.45,29.11,,,,15.87,13.47,18.42,,,,31.87,27.86,35.69,,,,,,,,,,,,,,,,11.22,8.13,13.92,,,,,,,
2025-11-03,,,,8.55,6.41,10.58,,,,25.93,23.43,29.05,,,,15.86,13.46,18.37,,,,31.98,27.94,35.72,,,,,,,,,,,,,,,,11.22,8.12,13.91,6.0,28.0,16.0,37.0,,,7.0
2025-11-04,,,,8.58,6.41,10.58,,,,25.85,23.4,28.89,,,,15.86,13.43,18.32,,,,32.08,28.03,35.74,,,,,,,,,,,,,,,,11.22,8.11,13.93,,,,,,,
2025-11-05,,,,8.61,6.44,10.59,,,,25.77,23.38,28.69,,,,15.86,13.45,18.32,,,,32.18,28.09,35.76,,,,,,,,,,,,,,,,11.22,8.1,13.97,,,,,,,
2025-11-06,,,,8.65,6.45,10.61,,,,25.7,23.33,28.6,,,,15.86,13.47,18.31,,,,32.28,28.16,35.84,,,,,,,,,,,,,,,,11.22,8.1,14.03,,,,,,,
2025-11-07,,,,8.68,6.46,10.65,,,,25.62,23.25,28.51,,,,15.85,13.49,18.31,,,,32.37,28.23,35.94,,,,,,,,,,,,,,,,11.22,8.08,14.02,13.0,30.0,10.0,15.0,,,27.0
2025-11-08,,,,8.72,6.5,10.69,,,,25.54,23.18,28.42,,,,15.85,13.52,18.28,,,,32.47,28.3,36.02,,,,,,,,,,,,,,,,11.22,8.07,14.09,,,,,,,
2025-11-09,,,,8.76,6.58,10.71,,,,25.47,23.14,28.31,,,,15.85,13.54,18.24,,,,32.56,28.36,36.1,,,,,,,,,,,,,,,,11.23,8.04,14.16,,,,,,,
2025-11-10,,,,8.79,6.66,10.75,,,,25.4,23.06,28.17,,,,15.85,13.53,18.2,,,,32.65,28.49,36.21,,,,,,,,,,,,,,,,11.23,8.05,14.23,9.0,23.0,19.0,34.0,,,8.0
2025-11-11,,,,8.83,6.71,10.8,,,,25.32,22.97,28.03,,,,15.85,13.52,18.2,,,,32.73,28.64,36.31,,,,,,,,,,,,,,,,11.23,8.07,14.28,,,,,,,
2025-11-12,,,,8.86,6.75,10.84,,,,25.25,22.9,27.95,,,,15.84,13.6,18.2,,,,32.82,28.82,36.41,,,,,,,,,,,,,,,,11.24,8.09,14.27,,,,,,,
2025-11-13,,,,8.9,6.79,10.86,,,,25.18,22.77,27.82,,,,15.84,13.63,18.11,,,,32.91,28.93,36.47,,,,,,,,,,,,,,,,11.24,8.09,14.23,,,,,,,
2025-11-14,,,,8.93,6.83,10.89,,,,25.11,22.68,27.76,,,,15.84,13.65,18.06,,,,32.99,29.04,36.53,,,,,,,,,,,,,,,,11.25,8.07,14.2,,,,,,,
2025-11-15,,,,8.97,6.87,10.96,,,,25.04,22.61,27.71,,,,15.83,13.64,18.03,,,,33.07,29.15,36.63,,,,,,,,,,,,,,,,11.25,8.03,14.15,,,,,,,
2025-11-16,,,,9.0,6.91,11.06,,,,24.97,22.55,27.65,,,,15.83,13.64,18.0,,,,33.15,29.26,36.73,,,,,,,,,,,,,,,,11.26,7.98,14.16,,,,,,,
2025-11-17,,,,9.03,6.95,11.13,,,,24.9,22.49,27.59,,,,15.82,13.62,17.98,,,,33.23,29.37,36.85,,,,,,,,,,,,,,,,11.27,7.95,14.18,7.0,23.0,14.0,47.0,,,5.0
2025-11-18,,,,9.07,6.98,11.18,,,,24.84,22.43,27.51,,,,15.81,13.6,17.95,,,,33.31,29.48,36.96,,,,,,,,,,,,,,,,11.27,7.93,14.26,,,,,,,
2025-11-19,,,,9.1,7.03,11.23,,,,24.77,22.37,27.44,,,,15.8,13.58,17.93,,,,33.39,29.6,37.06,,,,,,,,,,,,,,,,11.28,7.94,14.35,,,,,,,
2025-11-20,,,,9.13,7.07,11.27,,,,24.7,22.31,27.36,,,,15.79,13.57,17.91,,,,33.47,29.71,37.16,,,,,,,,,,,,,,,,11.29,7.95,14.45,,,,,,,
2025-11-21,,,,9.16,7.1,11.3,,,,24.63,22.25,27.29,,,,15.78,13.54,17.88,,,,33.55,29.82,37.25,,,,,,,,,,,,,,,,11.3,7.98,14.46,,,,,,,
2025-11-22,,,,9.19,7.15,11.32,,,,24.57,22.2,27.21,,,,15.77,13.51,17.85,,,,33.63,29.94,37.33,,,,,,,,,,,,,,,,11.31,8.02,14.47,,,,,,,
2025-11-23,,,,9.22,7.18,11.36,,,,24.5,22.15,27.13,,,,15.76,13.48,17.82,,,,33.71,30.06,37.37,,,,,,,,,,,,,,,,11.32,8.06,14.47,,,,,,,
2025-11-24,,,,9.25,7.18,11.41,,,,24.44,22.1,27.06,,,,15.75,13.45,17.79,,,,33.78,30.17,37.5,,,,,,,,,,,,,,,,11.32,8.09,14.46,9.0,17.0,17.0,47.0,,,6.0
2025-11-25,,,,9.27,7.18,11.44,,,,24.37,22.05,26.98,,,,15.74,13.42,17.76,,,,33.86,30.24,37.58,,,,,,,,,,,,,,,,11.33,8.07,14.45,,,,,,,
2025-11-26,,,,9.3,7.19,11.46,,,,24.3,21.98,26.9,,,,15.72,13.4,17.77,,,,33.94,30.3,37.66,,,,,,,,,,,,,,,,11.34,8.05,14.44,,,,,,,
2025-11-27,,,,9.32,7.21,11.42,,,,24.24,21.86,26.83,,,,15.71,13.37,17.81,,,,34.02,30.36,37.72,,,,,,,,,,,,,,,,11.35,8.04,14.42,,,,,,,
2025-11-28,,,,9.34,7.22,11.41,,,,24.17,21.75,26.74,,,,15.7,13.35,17.84,,,,34.09,30.42,37.85,,,,,,,,,,,,,,,,11.36,8.02,14.4,,,,,,,
2025-11-29,,,,9.36,7.22,11.43,,,,24.1,21.67,26.66,,,,15.68,13.35,17.75,,,,34.17,30.49,37.96,,,,,,,,,,,,,,,,11.36,7.99,14.38,,,,,,,
2025-11-30,,,,9.38,7.22,11.47,,,,24.04,21.64,26.58,,,,15.67,13.36,17.68,,,,34.25,30.56,38.03,,,,,,,,,,,,,,,,11.37,7.98,14.36,,,,,,,
2025-12-01,,,,9.4,7.22,11.47,,,,23.97,21.58,26.49,,,,15.66,13.36,17.7,,,,34.32,30.62,38.16,,,,,,,,,,,,,,,,11.38,7.96,14.35,7.0,25.0,14.0,37.0,,,10.0
2025-12-02,,,,9.42,7.23,11.47,,,,23.9,21.47,26.42,,,,15.64,13.31,17.71,,,,34.4,30.69,38.26,,,,,,,,,,,,,,,,11.39,7.94,14.36,,,,,,,
2025-12-03,,,,9.43,7.24,11.48,,,,23.84,21.36,26.38,,,,15.63,13.27,17.73,,,,34.48,30.73,38.38,,,,,,,,,,,,,,,,11.39,7.93,14.32,,,,,,,
2025-12-04,,,,9.45,7.25,11.46,,,,23.77,21.26,26.26,,,,15.62,13.22,17.73,,,,34.55,30.75,38.53,,,,,,,,,,,,,,,,11.4,7.91,14.29,,,,,,,
2025-12-05,,,,9.46,7.26,11.48,,,,23.71,21.18,26.16,,,,15.61,13.22,17.75,,,,34.63,30.79,38.65,,,,,,,,,,,,,,,,11.4,7.9,14.26,,,,,,,
2025-12-06,,,,9.47,7.28,11.5,,,,23.64,21.1,26.05,,,,15.59,13.25,17.73,,,,34.7,30.95,38.81,,,,,,,,,,,,,,,,11.41,7.9,14.22,,,,,,,
2025-12-07,,,,9.48,7.29,11.52,,,,23.57,20.92,25.98,,,,15.58,13.28,17.75,,,,34.78,31.02,38.95,,,,,,,,,,,,,,,,11.41,7.88,14.21,,,,,,,
2025-12-08,,,,9.49,7.31,11.52,,,,23.51,20.83,25.91,,,,15.57,13.23,17.79,,,,34.86,31.09,39.03,,,,,,,,,,,,,,,,11.42,7.94,14.22,9.0,20.0,18.0,42.0,,,5.0
2025-12-09,,,,9.5,7.3,11.51,,,,23.44,20.78,25.81,,,,15.56,13.18,17.8,,,,34.93,31.16,39.05,,,,,,,,,,,,,,,,11.42,7.93,14.22,,,,,,,
2025-12-10,,,,9.5,7.29,11.5,,,,23.37,20.73,25.72,,,,15.55,13.16,17.78,,,,35.01,31.22,39.15,,,,,,,,,,,,,,,,11.42,7.96,14.27,,,,,,,
2025-12-11,,,,9.5,7.28,11.46,,,,23.31,20.68,25.64,,,,15.54,13.12,17.78,,,,35.08,31.29,39.27,,,,,,,,,,,,,,,,11.43,7.99,14.26,,,,,,,
2025-12-12,,,,9.51,7.26,11.47,,,,23.24,20.64,25.55,,,,15.54,13.06,17.8,,,,35.16,31.41,39.32,,,,,,,,,,,,,,,,11.43,8.03,14.25,,,,,,,
2025-12-13,,,,9.51,7.24,11.45,,,,23.18,20.61,25.44,,,,15.53,13.02,17.83,,,,35.23,31.54,39.41,,,,,,,,,,,,,,,,11.43,8.08,14.23,,,,,,,
2025-12-14,,,,9.51,7.22,11.43,,,,23.11,20.56,25.23,,,,15.52,13.04,17.85,,,,35.31,31.69,39.54,,,,,,,,,,,,,,,,11.43,8.05,14.21,,,,,,,
2025-12-15,,,,9.51,7.19,11.46,,,,23.05,20.5,25.13,,,,15.52,13.08,17.87,,,,35.39,31.84,39.61,,,,,,,,,,,,,,,,11.42,8.04,14.18,7.0,18.0,16.0,46.0,,,8.0
2025-12-16,,,,9.51,7.17,11.51,,,,22.98,20.47,25.18,,,,15.52,13.12,17.86,,,,35.46,31.92,39.68,,,,,,,,,,,,,,,,11.42,8.08,14.16,,,,,,,
2025-12-17,,,,9.5,7.15,11.55,,,,22.92,20.38,25.11,,,,15.51,13.11,17.84,,,,35.54,31.98,39.74,,,,,,,,,,,,,,,,11.41,8.12,14.2,,,,,,,
2025-12-18,,,,9.5,7.15,11.59,,,,22.85,20.32,25.1,,,,15.51,13.09,17.83,,,,35.61,32.04,39.79,,,,,,,,,,,,,,,,11.41,8.11,14.23,,,,,,,
2025-12-19,,,,9.49,7.13,11.58,,,,22.79,20.24,25.09,,,,15.51,13.08,17.82,,,,35.69,32.1,39.83,,,,,,,,,,,,,,,,11.4,8.09,14.29,,,,,,,
2025-12-20,,,,9.49,7.13,11.54,,,,22.72,20.19,25.07,,,,15.51,13.07,17.8,,,,35.77,32.15,39.88,,,,,,,,,,,,,,,,11.39,8.07,14.35,,,,,,,
2025-12-21,,,,9.48,7.16,11.49,,,,22.66,20.13,25.05,,,,15.51,13.06,17.83,,,,35.85,32.17,39.93,,,,,,,,,,,,,,,,11.38,8.04,14.4,,,,,,,
2025-12-22,,,,9.48,7.18,11.45,,,,22.6,20.07,25.04,,,,15.51,13.02,17.91,,,,35.92,32.17,39.95,,,,,,,,,,,,,,,,11.37,7.99,14.42,15.0,24.0,19.0,31.0,,,7.0
2025-12-23,,,,9.47,7.2,11.41,,,,22.54,19.97,25.02,,,,15.51,13.02,17.93,,,,36.0,32.22,39.97,,,,,,,,,,,,,,,,11.36,7.99,14.4,,,,,,,
2025-12-24,,,,9.46,7.21,11.39,,,,22.48,19.86,24.93,,,,15.52,13.03,17.93,,,,36.08,32.34,40.06,,,,,,,,,,,,,,,,11.34,8.02,14.36,,,,,,,
2025-12-25,,,,9.46,7.19,11.4,,,,22.41,19.76,24.86,,,,15.52,13.03,17.92,,,,36.15,32.46,40.11,,,,,,,,,,,,,,,,11.33,8.03,14.34,,,,,,,
2025-12-26,,,,9.45,7.15,11.41,,,,22.35,19.72,24.79,,,,15.53,13.03,17.89,,,,36.23,32.53,40.15,,,,,,,,,,,,,,,,11.31,8.05,14.32,,,,,,,
2025-12-27,,,,9.44,7.14,11.41,,,,22.3,19.65,24.79,,,,15.53,13.03,17.87,,,,36.3,32.58,40.33,,,,,,,,,,,,,,,,11.29,8.08,14.3,,,,,,,
2025-12-28,,,,9.43,7.15,11.42,,,,22.24,19.49,24.78,,,,15.54,13.04,17.9,,,,36.38,32.64,40.52,,,,,,,,,,,,,,,,11.28,8.09,14.27,,,,,,,
2025-12-29,,,,9.42,7.13,11.42,,,,22.18,19.31,24.7,,,,15.54,13.04,17.93,,,,36.46,32.71,40.7,,,,,,,,,,,,,,,,11.26,8.12,14.29,,,,,,,
2025-12-30,,,,9.41,7.12,11.42,,,,22.12,19.22,24.61,,,,15.54,13.02,17.92,,,,36.53,32.77,40.81,,,,,,,,,,,,,,,,11.24,8.11,14.26,,,,,,,
2025-12-31,,,,9.4,7.1,11.43,,,,22.06,19.12,24.53,,,,15.55,12.99,17.95,,,,36.61,32.84,40.89,,,,,,,,,,,,,,,,11.22,8.04,14.21,,,,,,,
2026-01-01,,,,9.39,7.09,11.43,,,,22.01,19.04,24.45,,,,15.55,12.97,17.97,,,,36.68,32.92,40.97,,,,,,,,,,,,,,,,11.2,8.03,14.24,,,,,,,
2026-01-02,,,,9.38,7.05,11.43,,,,21.95,18.96,24.37,,,,15.56,13.0,17.97,,,,36.76,33.04,41.04,,,,,,,,,,,,,,,,11.17,8.04,14.26,,,,,,,
2026-01-03,,,,9.37,7.05,11.43,,,,21.89,18.89,24.28,,,,15.56,13.02,17.99,,,,36.83,33.08,41.11,,,,,,,,,,,,,,,,11.15,8.04,14.29,,,,,,,
2026-01-04,,,,9.36,7.06,11.41,,,,21.84,18.84,24.23,,,,15.56,13.04,17.99,,,,36.91,33.16,41.19,,,,,,,,,,,,,,,,11.13,8.0,14.31,,,,,,,
2026-01-05,,,,9.35,7.07,11.41,,,,21.78,18.83,24.18,,,,15.56,13.03,17.96,,,,36.99,33.24,41.26,,,,,,,,,,,,,,,,11.1,7.96,14.31,11.0,18.0,19.0,38.0,,,10.0
2026-01-06,,,,9.33,7.08,11.37,,,,21.72,18.81,24.14,,,,15.57,13.01,17.99,,,,37.06,33.33,41.33,,,,,,,,,,,,,,,,11.08,7.94,14.32,,,,,,,
2026-01-07,,,,9.32,7.09,11.4,,,,21.67,18.77,24.08,,,,15.56,13.03,18.02,,,,37.14,33.43,41.41,,,,,,,,,,,,,,,,11.06,7.93,14.24,,,,,,,
2026-01-08,,,,9.31,7.1,11.38,,,,21.61,18.67,23.99,,,,15.56,13.03,18.04,,,,37.22,33.54,41.48,,,,,,,,,,,,,,,,11.03,7.96,14.15,,,,,,,
2026-01-09,,,,9.29,7.08,11.35,,,,21.56,18.62,23.9,,,,15.56,13.02,18.06,,,,37.3,33.64,41.55,,,,,,,,,,,,,,,,11.01,7.97,14.1,12.0,28.0,11.0,19.0,,,27.0
2026-01-10,,,,9.28,7.1,11.33,,,,21.5,18.57,23.88,,,,15.56,13.01,18.09,,,,37.37,33.75,41.6,,,,,,,,,,,,,,,,10.98,7.95,14.11,,,,,,,
2026-01-11,,,,9.26,7.07,11.28,,,,21.45,18.52,23.87,,,,15.55,12.98,18.11,,,,37.45,33.89,41.67,,,,,,,,,,,,,,,,10.96,7.93,14.1,,,,,,,
2026-01-12,,,,9.25,7.02,11.27,,,,21.39,18.48,23.82,,,,15.55,12.95,18.12,,,,37.53,33.93,41.71,,,,,,,,,,,,,,,,10.93,7.92,14.1,13.0,20.0,23.0,30.0,,,10.0
2026-01-13,,,,9.23,6.97,11.25,,,,21.34,18.43,23.76,,,,15.54,12.93,18.14,,,,37.61,33.93,41.71,,,,,,,,,,,,,,,,10.91,7.92,14.04,,,,,,,
2026-01-14,,,,9.22,6.93,11.23,,,,21.28,18.39,23.72,,,,15.53,12.92,18.15,,,,37.69,33.95,41.73,,,,,,,,,,,,,,,,10.88,7.9,13.99,,,,,,,
2026-01-15,,,,9.2,6.88,11.23,,,,21.23,18.34,23.7,,,,15.52,12.9,18.16,,,,37.77,34.06,41.74,,,,,,,,,,,,,,,,10.86,7.9,13.92,,,,,,,
2026-01-16,,,,9.18,6.84,11.23,,,,21.18,18.3,23.64,,,,15.5,12.89,18.17,,,,37.85,34.17,41.74,,,,,,,,,,,,,,,,10.83,7.88,13.86,,,,,,,
2026-01-17,,,,9.17,6.8,11.23,,,,21.12,18.27,23.62,,,,15.49,12.88,18.18,,,,37.93,34.28,41.91,,,,,,,,,,,,,,,,10.81,7.87,13.79,,,,,,,
2026-01-18,,,,9.15,6.78,11.23,,,,21.07,18.24,23.58,,,,15.47,12.87,18.2,,,,38.01,34.38,42.08,,,,,,,,,,,,,,,,10.78,7.87,13.74,,,,,,,
2026-01-19,,,,9.13,6.79,11.23,,,,21.02,18.27,23.54,,,,15.46,12.85,18.19,,,,38.08,34.42,42.14,,,,,,,,,,,,,,,,10.76,7.86,13.67,9.0,20.0,14.0,45.0,,,9.0
2026-01-20,,,,9.11,6.8,11.22,,,,20.97,18.23,23.5,,,,15.44,12.83,18.15,,,,38.16,34.47,42.19,,,,,,,,,,,,,,,,10.74,7.86,13.61,,,,,,,
2026-01-21,,,,9.09,6.81,11.21,,,,20.92,18.21,23.44,,,,15.42,12.8,18.14,,,,38.24,34.51,42.27,,,,,,,,,,,,,,,,10.72,7.82,13.55,,,,,,,
2026-01-22,,,,9.07,6.83,11.19,,,,20.87,18.16,23.37,,,,15.4,12.77,18.13,,,,38.32,34.57,42.37,,,,,,,,,,,,,,,,10.69,7.81,13.53,,,,,,,
2026-01-23,,,,9.05,6.85,11.17,,,,20.82,18.1,23.36,,,,15.37,12.74,18.12,,,,38.39,34.63,42.47,,,,,,,,,,1.0,-5.39,7.06,,,,10.67,7.82,13.52,12.0,31.0,8.0,20.0,,,26.0
2026-01-24,,,,9.03,6.8,11.15,,,,20.77,18.04,23.32,,,,15.35,12.71,18.11,,,,38.47,34.68,42.62,,,,,,,,,,1.0,-4.83,7.92,,,,10.65,7.81,13.52,,,,,,,
2026-01-25,,,,9.01,6.76,11.14,,,,20.72,17.98,23.27,,,,15.32,12.69,18.11,,,,38.54,34.75,42.77,,,,,,,,,,1.0,-4.82,7.92,,,,10.63,7.8,13.51,,,,,,,
2026-01-26,,,,8.99,6.75,11.12,,,,20.68,17.92,23.23,,,,15.29,12.68,18.09,,,,38.62,34.83,42.85,,,,,,,,,,1.0,-4.8,7.92,,,,10.61,7.78,13.51,7.0,25.0,18.0,35.0,,,10.0
2026-01-27,,,,8.97,6.83,11.1,,,,20.63,17.87,23.17,,,,15.26,12.67,18.08,,,,38.69,34.9,42.88,,,,,,,,,,1.01,-4.76,7.91,,,,10.6,7.76,13.57,,,,,,,
2026-01-28,,,,8.95,6.82,11.07,,,,20.59,17.83,23.16,,,,15.23,12.62,18.07,,,,38.76,34.98,42.92,,,,,,,,,,1.01,-4.7,7.79,,,,10.58,7.75,13.63,,,,,,,
2026-01-29,,,,8.93,6.8,11.03,,,,20.55,17.8,23.16,,,,15.2,12.59,18.01,,,,38.83,35.04,43.01,,,,,,,,,,1.02,-4.63,7.62,,,,10.56,7.73,13.68,,,,,,,
2026-01-30,,,,8.91,6.78,10.99,,,,20.51,17.76,23.14,,,,15.17,12.55,17.95,,,,38.9,35.1,43.1,,,,,,,,,,1.03,-4.54,7.42,,,,10.54,7.71,13.73,,,,,,,
2026-01-31,,,,8.89,6.77,10.95,,,,20.46,17.73,23.14,,,,15.14,12.52,17.9,,,,38.97,35.15,43.16,,,,,,,,,,1.04,-4.46,7.21,,,,10.52,7.7,13.77,,,,,,,
2026-02-01,,,,8.87,6.74,10.96,,,,20.43,17.7,23.1,,,,15.1,12.47,17.86,,,,39.04,35.21,43.2,,,,,,,,,,1.05,-4.35,6.98,,,,10.51,7.68,13.73,,,,,,,
2026-02-02,,,,8.85,6.73,10.92,,,,20.39,17.68,23.04,,,,15.07,12.43,17.82,,,,39.11,35.27,43.27,,,,,,,,,,1.07,-4.25,6.74,,,,10.49,7.67,13.74,12.0,16.0,13.0,46.0,,,6.0
2026-02-03,,,,8.83,6.71,10.88,,,,20.35,17.64,23.0,,,,15.03,12.39,17.77,,,,39.17,35.37,43.36,,,,,,,,,,1.08,-4.13,6.49,,,,10.47,7.65,13.74,,,,,,,
2026-02-04,,,,8.81,6.69,10.84,,,,20.31,17.62,23.0,,,,15.0,12.37,17.72,,,,39.24,35.45,43.46,,,,,,,,,,1.09,-3.87,6.28,,,,10.45,7.63,13.74,,,,,,,
2026-02-05,,,,8.79,6.68,10.83,,,,20.27,17.59,22.99,,,,14.96,12.36,17.65,,,,39.31,35.53,43.49,,,,,,,,,,1.11,-3.77,6.26,,,,10.44,7.61,13.73,,,,,,,
2026-02-06,,,,8.76,6.66,10.83,,,,20.23,17.54,22.99,,,,14.93,12.35,17.58,,,,39.38,35.6,43.58,,,,,,,,,,1.12,-3.69,6.25,,,,10.42,7.6,13.71,10.0,34.0,7.0,19.0,,,25.0
2026-02-07,,,,8.74,6.64,10.85,,,,20.2,17.49,22.99,,,,14.89,12.33,17.53,,,,39.44,35.68,43.69,,,,,,,,,,1.13,-3.63,6.25,,,,10.4,7.58,13.67,,,,,,,
2026-02-08,,,,8.72,6.62,10.81,,,,20.16,17.44,22.99,,,,14.85,12.29,17.51,,,,39.51,35.76,43.78,,,,,,,,,,1.15,-3.55,6.25,,,,10.38,7.57,13.6,,,,,,,
2026-02-09,,,,8.7,6.6,10.81,,,,20.12,17.44,22.95,,,,14.82,12.25,17.46,,,,39.58,35.85,43.84,,,,,,,,,,1.16,-3.5,6.25,,,,10.35,7.58,13.52,5.0,13.0,13.0,49.0,,,9.0
2026-02-10,,,,8.68,6.59,10.83,,,,20.09,17.43,22.91,,,,14.78,12.2,17.4,,,,39.65,35.94,43.89,,,,,,,,,,1.18,-3.46,6.25,,,,10.33,7.59,13.45,,,,,,,
2026-02-11,,,,8.66,6.57,10.85,,,,20.05,17.43,22.87,,,,14.74,12.17,17.34,,,,39.72,36.03,43.96,,,,,,,,,,1.19,-3.3,6.14,,,,10.31,7.56,13.36,,,,,,,
2026-02-12,,,,8.64,6.55,10.84,,,,20.01,17.43,22.86,,,,14.71,12.17,17.27,,,,39.79,36.13,44.01,,,,,,,,,,1.2,-3.23,6.04,,,,10.28,7.56,13.35,,,,,,,
2026-02-13,,,,8.61,6.55,10.8,,,,19.98,17.41,22.81,,,,14.67,12.15,17.19,,,,39.87,36.23,44.06,,,,,,,,,,1.21,-3.18,6.01,,,,10.26,7.57,13.34,,,,,,,
2026-02-14,,,,8.59,6.56,10.79,,,,19.94,17.39,22.76,,,,14.64,12.12,17.11,,,,39.94,36.33,44.11,,,,,,,,,,1.23,-3.13,6.01,,,,10.23,7.57,13.34,,,,,,,
2026-02-15,,,,8.57,6.49,10.79,,,,19.91,17.36,22.72,,,,14.61,12.1,17.1,,,,40.02,36.45,44.15,,,,,,,,,,1.24,-3.11,6.01,,,,10.2,7.57,13.32,,,,,,,
2026-02-16,,,,8.55,6.47,10.75,,,,19.87,17.32,22.67,,,,14.57,12.08,17.03,,,,40.09,36.56,44.2,,,,,,,,,,1.25,-3.1,6.01,,,,10.17,7.57,13.31,7.0,14.0,25.0,43.0,,,6.0
2026-02-17,,,,8.52,6.45,10.72,,,,19.83,17.28,22.62,,,,14.54,12.07,17.0,,,,40.17,36.68,44.24,,,,,,,,,,1.26,-3.1,6.01,,,,10.14,7.55,13.28,,,,,,,
2026-02-18,,,,8.5,6.43,10.68,,,,19.8,17.24,22.56,,,,14.51,12.06,16.96,,,,40.24,36.79,44.29,,,,,,,,,,1.27,-3.03,6.01,,,,10.11,7.55,13.22,,,,,,,
2026-02-19,,,,8.48,6.41,10.65,,,,19.76,17.2,22.51,,,,14.48,12.05,16.93,,,,40.32,36.86,44.34,,,,,,,,,,1.28,-2.94,6.01,,,,10.08,7.55,13.17,,,,,,,
2026-02-20,,,,8.46,6.41,10.63,,,,19.72,17.17,22.46,,,,14.45,12.04,16.93,,,,40.4,36.93,44.38,,,,,,,,,,1.29,-2.84,6.01,,,,10.04,7.54,13.13,,,,,,,
2026-02-21,,,,8.43,6.43,10.58,,,,19.69,17.15,22.4,,,,14.42,12.02,16.94,,,,40.48,37.0,44.42,,,,,,,,,,1.3,-2.78,6.01,,,,10.01,7.53,13.07,,,,,,,
2026-02-22,,,,8.41,6.45,10.54,,,,19.65,17.12,22.35,,,,14.39,12.0,16.95,,,,40.56,37.08,44.46,,,,,,,,,,1.31,-2.77,6.01,,,,9.97,7.52,13.02,,,,,,,
2026-02-23,,,,8.39,6.42,10.51,,,,19.61,17.1,22.29,,,,14.36,11.97,16.96,,,,40.64,37.15,44.49,,,,,,,,,,1.32,-2.77,6.01,,,,9.93,7.54,12.98,7.0,17.0,17.0,46.0,,,6.0
2026-02-24,,,,8.37,6.38,10.46,,,,19.58,17.1,22.24,,,,14.34,11.95,16.96,,,,40.72,37.23,44.54,,,,,,,,,,1.33,-2.77,5.99,,,,9.89,7.48,12.93,,,,,,,
2026-02-25,,,,8.34,6.37,10.42,,,,19.54,17.11,22.18,,,,14.31,11.93,16.97,,,,40.8,37.31,44.67,,,,,,,,,,1.34,-2.76,5.92,,,,9.85,7.45,12.89,,,,,,,
2026-02-26,,,,8.32,6.36,10.38,,,,19.5,17.12,22.12,,,,14.29,11.91,16.97,,,,40.88,37.39,44.81,,,,,,,,,,1.34,-2.76,5.86,,,,9.8,7.44,12.84,,,,,,,
2026-02-27,,,,8.3,6.31,10.34,,,,19.47,17.1,22.06,,,,14.27,11.89,16.97,,,,40.96,37.47,44.93,,,,,,,,,,1.35,-2.75,5.88,,,,9.76,7.41,12.79,,,,,,,
2026-02-28,,,,8.27,6.31,10.31,,,,19.43,17.06,22.0,,,,14.25,11.87,16.97,,,,41.04,37.55,44.94,,,,,,,,,,1.36,-2.75,5.9,,,,9.71,7.38,12.66,,,,,,,
2026-03-01,,,,8.25,6.32,10.31,,,,19.39,17.03,21.95,,,,14.23,11.85,16.96,,,,41.12,37.63,44.91,,,,,,,,,,1.37,-2.75,5.93,,,,9.67,7.35,12.53,,,,,,,
2026-03-02,,,,8.23,6.33,10.3,,,,19.36,17.0,21.93,,,,14.21,11.83,16.91,,,,41.2,37.74,44.88,,,,,,,,,,1.37,-2.75,5.95,,,,9.62,7.31,12.5,5.0,19.0,16.0,49.0,,,4.0
2026-03-03,,,,8.21,6.32,10.26,,,,19.32,16.99,21.9,,,,14.19,11.82,16.86,,,,41.28,37.89,44.85,,,,,,,,,,1.38,-2.74,5.98,,,,9.57,7.25,12.51,,,,,,,
2026-03-04,,,,8.19,6.29,10.22,,,,19.28,16.99,21.87,,,,14.17,11.81,16.81,,,,41.36,37.97,44.87,,,,,,,,,,1.39,-2.74,6.0,,,,9.52,7.2,12.47,,,,,,,
2026-03-05,,,,8.16,6.25,10.17,,,,19.24,16.98,21.83,,,,14.16,11.8,16.76,,,,41.44,38.06,44.96,,,,,,,,,,1.39,-2.74,6.01,,,,9.46,7.14,12.4,,,,,,,
2026-03-06,,,,8.14,6.22,10.13,,,,19.21,16.92,21.82,,,,14.15,11.78,16.71,,,,41.52,38.15,45.03,,,,,,,,,,1.4,-2.73,6.01,,,,9.41,7.08,12.32,,,,,,,
2026-03-07,,,,8.12,6.19,10.08,,,,19.17,16.87,21.79,,,,14.13,11.77,16.66,,,,41.6,38.24,45.06,,,,,,,,,,1.4,-2.73,6.01,,,,9.35,7.07,12.24,,,,,,,
2026-03-08,,,,8.1,6.17,10.03,,,,19.13,16.84,21.75,,,,14.12,11.76,16.61,,,,41.68,38.32,45.15,,,,,,,,,,1.41,-2.74,6.01,,,,9.3,7.05,12.16,,,,,,,
2026-03-09,,,,8.08,6.19,10.02,,,,19.1,16.84,21.72,,,,14.11,11.77,16.57,,,,41.76,38.41,45.22,,,,,,,,,,1.42,-2.73,6.01,,,,9.24,7.04,12.1,,,,,,,
2026-03-10,,,,8.06,6.17,10.03,,,,19.06,16.85,21.69,,,,14.1,11.77,16.54,,,,41.84,38.5,45.3,,,,,,,,,,1.42,-2.73,6.01,,,,9.18,7.02,12.06,6.0,19.0,17.0,50.0,,,2.0
2026-03-11,,,,8.04,6.16,10.05,,,,19.02,16.85,21.68,,,,14.1,11.8,16.53,,,,41.92,38.59,45.37,,,,,,,,,,1.42,-2.73,6.01,,,,9.12,7.0,11.97,,,,,,,
2026-03-12,,,,8.02,6.19,10.07,,,,18.98,16.81,21.6,,,,14.09,11.8,16.53,,,,42.0,38.68,45.45,,,,,,,,,,1.43,-2.72,6.01,,,,9.07,6.93,11.89,,,,,,,
2026-03-13,,,,8.01,6.21,10.09,,,,18.95,16.76,21.54,,,,14.08,11.82,16.53,,,,42.07,38.77,45.52,,,,,,,,,,1.43,-2.72,6.01,,,,9.01,6.82,11.8,,,,,,,
2026-03-14,,,,7.99,6.23,10.07,,,,18.91,16.73,21.47,,,,14.08,11.83,16.55,,,,42.15,38.86,45.55,,,,,,,,,,1.44,-2.72,6.01,,,,8.95,6.79,11.7,,,,,,,
2026-03-15,,,,7.97,6.23,10.07,,,,18.87,16.71,21.4,,,,14.08,11.85,16.57,,,,42.22,38.94,45.55,,,,,,,,,,1.44,-2.72,6.01,,,,8.89,6.74,11.61,,,,,,,
2026-03-16,,,,7.96,6.2,10.11,,,,18.84,16.7,21.32,,,,14.07,11.87,16.59,,,,42.29,39.03,45.57,,,,,,,,,,1.45,-2.73,6.01,,,,8.82,6.71,11.51,7.0,16.0,18.0,47.0,,,6.0
2026-03-17,,,,7.94,6.16,10.08,,,,18.8,16.67,21.28,,,,14.07,11.89,16.59,,,,42.36,39.12,45.58,,,,,,,,,,1.45,-2.73,6.02,,,,8.76,6.68,11.4,,,,,,,
2026-03-18,,,,7.93,6.12,10.06,,,,18.77,16.63,21.26,,,,14.07,11.91,16.61,,,,42.43,39.2,45.59,,,,,,,,,,1.45,-2.74,6.02,,,,8.7,6.66,11.31,,,,,,,
2026-03-19,,,,7.91,6.09,10.04,,,,18.73,16.61,21.21,,,,14.07,11.93,16.62,,,,42.49,39.27,45.64,,,,4.0,-3.85,11.84,,,,1.46,-4.02,6.33,,,,8.64,6.63,11.21,,,,,,,
2026-03-20,,,,7.9,6.06,10.01,,,,18.7,16.58,21.15,,,,14.08,11.95,16.62,,,,42.55,39.32,45.66,,,,4.0,-3.6,10.73,,,,1.46,-3.99,7.62,,,,8.58,6.59,11.12,,,,,,,
2026-03-21,,,,7.89,6.04,9.98,,,,18.67,16.59,21.1,,,,14.08,11.98,16.62,,,,42.61,39.37,45.67,,,,4.0,-3.6,10.73,,,,1.46,-3.99,7.62,,,,8.52,6.5,11.0,,,,,,,
2026-03-22,,,,7.88,6.01,9.96,,,,18.64,16.57,21.06,,,,14.08,11.97,16.62,,,,42.67,39.49,45.68,,,,4.0,-3.59,10.72,,,,1.47,-3.98,7.61,,,,8.47,6.47,10.88,,,,,,,
2026-03-23,,,,7.87,5.95,9.98,,,,18.6,16.59,21.01,,,,14.08,11.95,16.63,,,,42.72,39.56,45.64,,,,4.0,-3.58,10.71,,,,1.47,-3.97,7.59,,,,8.41,6.46,10.8,8.0,17.0,10.0,51.0,,,7.0
2026-03-24,,,,7.86,5.92,10.0,,,,18.57,16.58,20.97,,,,14.08,11.95,16.66,,,,42.77,39.53,45.6,,,,3.99,-3.56,10.68,,,,1.48,-3.94,7.58,,,,8.36,6.4,10.71,,,,,,,
2026-03-25,,,,7.86,5.91,10.01,,,,18.55,16.54,20.93,,,,14.09,11.96,16.68,,,,42.82,39.58,45.6,,,,3.99,-3.54,10.65,,,,1.48,-3.9,7.55,,,,8.31,6.34,10.7,6.0,16.0,8.0,41.0,4.0,,11.0
2026-03-26,,,,7.85,5.91,10.03,,,,18.52,16.5,20.93,,,,14.09,11.94,16.71,,,,42.86,39.65,45.59,,,,3.98,-3.5,10.63,,,,1.49,-3.85,7.51,,,,8.26,6.3,10.63,,,,,,,
2026-03-27,,,,7.85,5.91,10.05,,,,18.5,16.46,20.93,,,,14.09,11.92,16.73,,,,42.89,39.7,45.59,,,,3.97,-3.46,10.59,,,,1.5,-3.79,7.46,,,,8.21,6.26,10.54,,,,,,,
2026-03-28,,,,7.85,5.89,10.07,,,,18.47,16.42,20.94,,,,14.09,11.9,16.74,,,,42.92,39.76,45.65,,,,3.96,-3.41,10.58,,,,1.51,-3.74,7.44,,,,8.17,6.17,10.45,,,,,,,
2026-03-29,,,,7.85,5.88,10.09,,,,18.45,16.38,20.94,,,,14.09,11.88,16.76,,,,42.94,39.82,45.73,,,,3.95,-3.35,10.59,,,,1.52,-3.67,7.42,,,,8.13,6.14,10.42,,,,,,,
2026-03-30,,,,7.85,5.87,10.1,,,,18.43,16.36,20.91,,,,14.09,11.86,16.73,,,,42.96,39.87,45.78,,,,3.94,-3.28,10.59,,,,1.53,-3.59,7.4,,,,8.09,6.08,10.37,9.0,16.0,13.0,46.0,,,8.0
2026-03-31,,,,7.85,5.85,10.11,,,,18.42,16.35,20.78,,,,14.09,11.86,16.68,,,,42.97,39.91,45.74,,,,3.92,-3.2,10.35,,,,1.54,-3.51,7.38,,,,8.06,6.02,10.36,,,,,,,
2026-04-01,,,,7.86,5.84,10.13,,,,18.4,16.35,20.79,,,,14.09,11.89,16.64,,,,42.97,39.95,45.68,,,,3.91,-3.09,10.14,,,,1.55,-3.48,7.36,,,,8.03,6.0,10.34,,,,,,,
2026-04-02,,,,7.87,5.84,10.15,,,,18.39,16.36,20.8,,,,14.09,11.91,16.59,,,,42.97,40.0,45.76,,,,3.89,-3.03,9.97,,,,1.57,-3.39,7.34,,,,8.01,5.97,10.29,8.0,19.0,9.0,42.0,,1.0,11.0
2026-04-03,,,,7.88,5.84,10.17,,,,18.38,16.33,20.77,,,,14.09,11.93,16.59,,,,42.96,40.03,45.8,,,,3.87,-2.93,9.79,,,,1.58,-3.29,7.31,,,,7.99,5.93,10.25,,,,,,,
2026-04-04,,,,7.89,5.83,10.19,,,,18.38,16.33,20.79,,,,14.09,11.94,16.58,,,,42.94,40.04,45.74,,,,3.85,-2.98,9.44,,,,1.6,-3.37,8.02,,,,7.97,5.88,10.21,,,,,,,
2026-04-05,,,,7.91,5.83,10.19,,,,18.38,16.34,20.81,,,,14.08,11.89,16.57,,,,42.92,40.0,45.67,,,,3.83,-2.92,9.44,,,,1.62,-3.34,8.02,,,,7.96,5.84,10.17,,,,,,,
2026-04-06,,,,7.93,5.83,10.18,,,,18.38,16.37,20.75,,,,14.08,11.85,16.56,,,,42.89,39.91,45.61,,,,3.81,-2.86,9.44,,,,1.63,-3.33,8.01,,,,7.95,5.81,10.21,,,,,,,
2026-04-07,,,,7.95,5.83,10.18,,,,18.38,16.45,20.76,,,,14.08,11.86,16.57,,,,42.84,39.93,45.5,,,,3.79,-2.79,9.43,,,,1.65,-3.32,8.01,,,,7.95,5.79,10.18,9.0,17.0,14.0,44.0,,,7.0
2026-04-08,,,,7.97,5.88,10.18,,,,18.4,16.42,20.77,,,,14.07,11.82,16.57,,,,42.79,39.94,45.46,,,,3.76,-2.72,9.41,,,,1.67,-3.26,8.01,,,,7.95,5.85,10.13,,,,,,,
2026-04-09,,,,7.99,5.89,10.18,,,,18.41,16.47,20.74,,,,14.06,11.78,16.58,,,,42.73,39.95,45.4,,,,3.74,-2.66,9.39,,,,1.69,-3.09,8.0,,,,7.95,5.87,10.1,,,,,,,
2026-04-10,,,,8.02,5.9,10.18,,,,18.43,16.5,20.72,,,,14.05,11.74,16.58,,,,42.67,39.8,45.32,,,,3.71,-2.59,9.39,,,,1.71,-3.06,7.99,,,,7.97,5.91,10.1,,,,,,,
2026-04-11,,,,8.05,5.92,10.17,,,,18.46,16.51,20.7,,,,14.04,11.7,16.57,,,,42.59,39.63,45.24,,,,3.69,-2.53,9.3,,,,1.73,-3.02,7.99,,,,7.98,5.86,10.11,,,,,,,
2026-04-12,,,,8.08,5.94,10.17,,,,18.49,16.53,20.72,,,,14.03,11.69,16.53,,,,42.5,39.51,45.15,,,,3.66,-2.47,8.97,,,,1.75,-2.91,7.98,,,,8.01,5.82,10.13,,,,,,,
2026-04-13,,,,8.11,5.99,10.19,,,,18.52,16.55,20.75,,,,14.01,11.71,16.49,,,,42.41,39.46,45.06,,,,3.63,-2.42,8.89,,,,1.77,-2.89,7.97,,,,8.04,5.86,10.13,5.0,17.0,12.0,49.0,,,7.0
2026-04-14,,,,8.15,6.04,10.18,,,,18.56,16.56,20.8,,,,13.99,11.73,16.42,,,,42.3,39.41,44.97,,,,3.6,-2.35,8.86,,,,1.79,-2.87,7.97,,,,8.07,5.91,10.13,,,,,,,
2026-04-15,,,,8.19,6.02,10.18,,,,18.61,16.6,20.81,,,,13.97,11.71,16.32,,,,42.19,39.31,44.89,,,,3.57,-2.89,9.44,,,,1.82,-2.84,8.26,,,,8.11,5.98,10.14,,,,,,,
2026-04-16,,,,8.23,6.06,10.21,,,,18.66,16.63,20.78,,,,13.95,11.66,16.23,,,,42.06,39.12,44.8,,,,3.54,-2.83,9.44,,,,1.84,-2.82,8.43,,,,8.16,6.06,10.18,,,,,,,
2026-04-17,,,,8.27,6.1,10.27,,,,18.71,16.66,20.75,,,,13.92,11.6,16.16,,,,41.93,38.92,44.69,,,,3.51,-2.81,9.43,,,,1.86,-2.75,8.38,,,,8.21,6.13,10.23,,,,,,,
2026-04-18,,,,8.31,6.14,10.29,,,,18.78,16.7,20.81,,,,13.89,11.55,16.1,,,,41.79,38.81,44.57,,,,3.48,-2.77,9.27,,,,1.88,-2.66,8.43,,,,8.27,6.16,10.29,,,,,,,
2026-04-19,,,,8.35,6.19,10.29,,,,18.84,16.8,20.86,,,,13.86,11.5,16.09,,,,41.64,38.62,44.46,,,,3.45,-2.7,9.02,,,,1.9,-2.55,8.36,,,,8.34,6.21,10.35,,,,,,,
2026-04-20,,,,8.4,6.24,10.32,,,,18.91,16.97,20.97,,,,13.83,11.45,16.04,,,,41.48,38.43,44.36,,,,3.41,-2.66,8.82,,,,1.92,-2.45,8.21,,,,8.41,6.3,10.47,9.0,24.0,15.0,36.0,,,6.0
2026-04-21,,,,8.45,6.3,10.39,,,,18.99,17.04,21.05,,,,13.79,11.42,16.03,,,,41.31,38.25,44.19,,,,3.38,-2.6,8.64,,,,1.94,-2.36,8.15,,,,8.48,6.39,10.57,,,,,,,
2026-04-22,,,,8.5,6.37,10.47,,,,19.07,17.2,21.14,,,,13.75,11.43,15.96,,,,41.13,38.03,43.99,,,,3.35,-2.54,8.42,,,,1.96,-2.32,8.1,,,,8.56,6.51,10.68,,,,,,,
2026-04-23,,,,8.55,6.43,10.55,,,,19.16,17.37,21.22,,,,13.71,11.38,15.91,,,,40.95,37.89,43.79,,,,3.31,-2.43,8.15,,,,1.98,-2.26,8.03,,,,8.65,6.63,10.8,5.0,17.0,10.0,43.0,,2.0,14.0
2026-04-24,,,,8.6,6.51,10.57,,,,19.25,17.44,21.26,,,,13.67,11.34,15.9,,,,40.76,37.64,43.62,,,,3.28,-2.37,7.94,,,,2.0,-2.18,7.98,,,,8.74,6.75,10.92,,,,,,,
2026-04-25,,,,8.65,6.58,10.57,,,,19.34,17.55,21.31,,,,13.63,11.3,15.82,,,,40.56,37.42,43.44,,,,3.25,-2.18,7.74,,,,2.01,-2.11,7.88,,,,8.83,6.87,11.0,,,,,,,
2026-04-26,,,,8.7,6.66,10.56,,,,19.44,17.58,21.36,,,,13.59,11.25,15.73,,,,40.36,37.21,43.24,,,,3.22,-2.07,7.54,,,,2.03,-2.02,7.78,,,,8.93,6.99,11.07,,,,,,,
2026-04-27,,,,8.75,6.73,10.62,,,,19.54,17.63,21.41,,,,13.54,11.21,15.64,,,,40.15,36.95,42.96,,,,3.18,-1.96,7.42,,,,2.04,-1.92,7.65,,,,9.04,7.07,11.2,15.0,17.0,17.0,38.0,,,6.0
2026-04-28,,,,8.8,6.77,10.67,,,,19.64,17.7,21.51,,,,13.49,11.16,15.6,,,,39.93,36.74,42.75,,,,3.15,-1.85,7.43,,,,2.05,-1.84,7.49,,,,9.14,7.15,11.29,,,,,,,
2026-04-29,,,,8.86,6.82,10.68,,,,19.75,17.77,21.62,,,,13.44,11.12,15.49,,,,39.71,36.53,42.55,,,,3.12,-1.75,7.42,,,,2.07,-1.79,7.36,,,,9.25,7.23,11.41,,,,,,,
2026-04-30,,,,8.91,6.94,10.7,,,,19.86,17.85,21.72,,,,13.39,11.08,15.38,,,,39.49,36.28,42.39,,,,3.08,-1.76,7.3,,,,2.08,-1.68,7.23,,,,9.37,7.32,11.59,,,,,,,
2026-05-01,,,,8.96,7.01,10.81,,,,19.98,17.92,21.85,,,,13.34,11.04,15.32,,,,39.26,36.0,42.15,,,,3.05,-1.73,7.23,,,,2.09,-1.63,7.09,,,,9.48,7.41,11.75,,,,,,,
2026-05-02,,,,9.02,7.09,10.93,,,,20.1,18.0,21.97,,,,13.29,11.01,15.24,,,,39.02,35.72,41.92,,,,3.02,-1.67,7.21,,,,2.1,-1.6,6.95,,,,9.6,7.51,11.86,,,,,,,
2026-05-03,,,,9.07,7.15,11.02,,,,20.22,18.09,22.11,,,,13.23,11.0,15.19,,,,38.78,35.5,41.65,,,,2.99,-1.58,7.04,,,,2.11,-1.53,6.8,,,,9.72,7.75,11.92,,,,,,,
2026-05-04,,,,9.12,7.2,11.04,,,,20.35,18.18,22.25,,,,13.18,10.96,15.15,,,,38.54,35.25,41.38,,,,2.96,-1.47,6.81,,,,2.12,-1.46,6.64,,,,9.84,7.94,12.01,,,,,,,
2026-05-05,,,,9.17,7.23,11.07,,,,20.48,18.33,22.43,,,,13.12,10.87,15.11,,,,38.29,34.93,41.13,,,,2.94,-1.41,6.7,,,,2.13,-1.42,6.49,,,,9.97,8.01,12.15,6.0,19.0,17.0,46.0,,,7.0
2026-05-06,,,,9.22,7.25,11.08,,,,20.61,18.5,22.55,,,,13.07,10.85,15.07,,,,38.04,34.7,40.81,,,,2.91,-1.41,6.57,,,,2.13,-1.38,6.26,,,,10.09,8.09,12.24,,,,,,,
2026-05-07,,,,9.27,7.28,11.1,,,,20.75,18.65,22.71,,,,13.01,10.83,15.02,,,,37.79,34.5,40.51,,,,2.88,-1.4,6.46,,,,2.14,-1.34,6.16,,,,10.22,8.21,12.43,,,,,,,
2026-05-08,,,,9.32,7.31,11.11,,,,20.89,18.79,22.86,,,,12.96,10.77,14.96,,,,37.54,34.31,40.2,,,,2.86,-1.38,6.35,,,,2.15,-1.29,6.05,,,,10.35,8.36,12.55,,,,,,,
2026-05-09,,,,9.37,7.36,11.12,,,,21.03,18.96,23.03,,,,12.9,10.74,14.9,,,,37.29,34.12,39.88,,,,2.84,-1.29,6.26,,,,2.15,-1.25,5.95,,,,10.47,8.54,12.65,,,,,,,
2026-05-10,,,,9.42,7.43,11.13,,,,21.17,19.13,23.23,,,,12.85,10.71,14.84,,,,37.04,33.93,39.57,,,,2.82,-1.22,6.23,,,,2.15,-1.25,5.86,,,,10.59,8.71,12.8,,,,,,,
2026-05-11,,,,9.46,7.5,11.13,,,,21.31,19.31,23.37,,,,12.79,10.69,14.77,,,,36.78,33.72,39.3,,,,2.8,-1.11,6.21,,,,2.16,-1.17,5.76,,,,10.72,8.88,12.95,8.0,18.0,13.0,46.0,,,4.0
2026-05-12,,,,9.51,7.57,11.14,,,,21.46,19.47,23.48,,,,12.74,10.66,14.71,,,,36.53,33.39,39.09,,,,2.78,-1.13,6.18,,,,2.16,-1.09,5.67,,,,10.84,9.04,13.09,,,,,,,
2026-05-13,,,,9.55,7.59,11.14,,,,21.61,19.58,23.61,,,,12.69,10.63,14.64,,,,36.28,33.05,38.92,,,,2.77,-1.02,6.11,,,,2.16,-1.02,5.6,,,,10.96,9.16,13.21,,,,,,,
2026-05-14,,,,9.59,7.63,11.21,,,,21.76,19.75,23.79,,,,12.63,10.62,14.58,,,,36.03,32.75,38.72,,,,2.75,-0.89,6.07,,,,2.16,-0.96,5.6,,,,11.08,9.27,13.26,,,,,,,
2026-05-15,,,,9.63,7.69,11.27,,,,21.9,19.91,23.94,,,,12.58,10.6,14.51,,,,35.78,32.43,38.46,,,,2.74,-0.86,6.03,,,,2.17,-0.9,5.6,,,,11.2,9.45,13.39,,,,,,,
2026-05-16,,,,9.67,7.74,11.33,,,,22.05,20.08,24.1,,,,12.53,10.55,14.45,,,,35.54,32.12,38.25,,,,2.73,-0.83,5.99,,,,2.17,-0.84,5.6,,,,11.31,9.61,13.52,,,,,,,
2026-05-17,,,,9.71,7.79,11.3,,,,22.2,20.21,24.28,,,,12.48,10.51,14.38,,,,35.3,31.89,38.04,,,,2.72,-0.84,5.89,,,,2.17,-0.77,5.6,,,,11.43,9.69,13.64,,,,,,,
2026-05-18,,,,9.75,7.85,11.36,,,,22.35,20.35,24.4,,,,12.43,10.47,14.32,,,,35.06,31.69,37.82,,,,2.71,-0.86,5.79,,,,2.17,-0.71,5.6,,,,11.54,9.78,13.76,10.0,19.0,17.0,33.0,,,9.0
2026-05-19,,,,9.79,7.9,11.37,,,,22.5,20.46,24.55,,,,12.37,10.44,14.25,,,,34.82,31.5,37.61,,,,2.7,-0.86,5.75,,,,2.17,-0.64,5.58,,,,11.65,9.86,13.86,,,,,,,
2026-05-20,,,,9.82,7.95,11.44,,,,22.65,20.56,24.69,,,,12.32,10.4,14.19,,,,34.59,31.23,37.35,,,,2.69,-0.87,5.7,,,,2.17,-0.57,5.56,,,,11.76,9.95,13.99,,,,,,,
2026-05-21,,,,9.86,8.02,11.47,,,,22.79,20.74,24.77,,,,12.27,10.35,14.13,,,,34.35,31.03,37.09,,,,2.69,-0.79,5.65,,,,2.17,-0.5,5.54,,,,11.87,10.04,14.1,,,,,,,
2026-05-22,,,,9.89,8.1,11.48,,,,22.94,20.93,24.89,,,,12.22,10.3,14.07,,,,34.13,30.82,36.87,,,,2.68,-0.73,5.6,,,,2.17,-0.43,5.48,,,,11.98,10.13,14.2,,,,,,,
2026-05-23,,,,9.92,8.17,11.51,,,,23.09,21.07,25.07,,,,12.17,10.27,14.02,,,,33.9,30.63,36.61,,,,2.68,-0.65,5.55,,,,2.17,-0.38,5.39,,,,12.08,10.22,14.31,,,,,,,
2026-05-24,,,,9.95,8.21,11.55,,,,23.23,21.22,25.25,,,,12.12,10.25,13.96,,,,33.68,30.35,36.31,,,,2.67,-0.58,5.5,,,,2.17,-0.32,5.33,,,,12.19,10.29,14.38,,,,,,,
2026-05-25,,,,9.98,8.25,11.58,,,,23.38,21.37,25.43,,,,12.07,10.22,13.88,,,,33.45,30.06,36.03,,,,2.66,-0.52,5.42,,,,2.17,-0.37,5.28,,,,12.29,10.41,14.48,,,,,,,
2026-05-26,,,,10.0,8.28,11.61,,,,23.52,21.47,25.61,,,,12.02,10.18,13.8,,,,33.23,29.85,35.77,,,,2.66,-0.51,5.33,,,,2.17,-0.41,5.23,,,,12.4,10.54,14.56,8.0,22.0,16.0,37.0,,,6.0
2026-05-27,,,,10.03,8.32,11.63,,,,23.67,21.58,25.75,,,,11.97,10.14,13.73,,,,33.02,29.67,35.51,,,,2.65,-0.48,5.27,,,,2.17,-0.41,5.19,,,,12.5,10.66,14.65,,,,,,,
2026-05-28,,,,10.05,8.35,11.63,,,,23.81,21.69,25.89,,,,11.92,10.1,13.69,,,,32.8,29.38,35.26,,,,2.64,-0.46,5.27,,,,2.17,-0.38,5.17,,,,12.61,10.78,14.74,,,,,,,
2026-05-29,,,,10.07,8.38,11.63,,,,23.95,21.86,26.01,,,,11.87,10.04,13.66,,,,32.59,29.21,35.1,,,,2.64,-0.44,5.22,,,,2.18,-0.34,5.15,,,,12.71,10.89,14.83,,,,,,,
2026-05-30,,,,10.09,8.43,11.66,,,,24.09,22.02,26.12,,,,11.82,9.98,13.56,,,,32.38,29.08,34.95,,,,2.63,-0.4,5.16,,,,2.18,-0.31,5.12,,,,12.81,11.0,14.89,,,,,,,
2026-05-31,,,,10.1,8.48,11.69,,,,24.22,22.16,26.24,,,,11.77,9.92,13.47,,,,32.17,28.92,34.77,,,,2.62,-0.36,5.1,,,,2.18,-0.27,5.06,,,,12.91,11.1,14.95,,,,,,,
2026-06-01,,,,10.12,8.5,11.69,,,,24.35,22.25,26.38,,,,11.72,9.88,13.4,,,,31.97,28.68,34.58,,,,2.61,-0.31,5.03,,,,2.18,-0.24,4.98,,,,13.02,11.2,15.01,10.0,16.0,18.0,41.0,,,9.0
2026-06-02,,,,10.13,8.49,11.68,,,,24.49,22.34,26.47,,,,11.67,9.84,13.35,,,,31.77,28.44,34.44,,,,2.6,-0.27,5.03,,,,2.19,-0.21,4.92,,,,13.12,11.29,15.12,,,,,,,
2026-06-03,,,,10.15,8.5,11.66,,,,24.61,22.44,26.58,,,,11.62,9.81,13.29,,,,31.57,28.21,34.3,,,,2.59,-0.24,5.06,,,,2.19,-0.19,4.84,,,,13.22,11.39,15.2,,,,,,,
2026-06-04,,,,10.16,8.52,11.67,,,,24.74,22.54,26.73,,,,11.57,9.78,13.24,,,,31.38,28.0,34.16,,,,2.58,-0.2,5.0,,,,2.19,-0.17,4.81,,,,13.32,11.49,15.28,,,,,,,
2026-06-05,,,,10.17,8.54,11.71,,,,24.86,22.64,26.84,,,,11.53,9.74,13.19,,,,31.19,27.78,33.97,,,,2.57,-0.18,4.97,,,,2.2,-0.15,4.84,,,,13.41,11.58,15.36,,,,,,,
2026-06-06,,,,10.18,8.55,11.74,,,,24.98,22.74,26.96,,,,11.48,9.7,13.15,,,,31.0,27.57,33.68,,,,2.56,-0.18,4.94,,,,2.2,-0.06,4.86,,,,13.51,11.68,15.44,,,,,,,
2026-06-07,,,,10.18,8.56,11.74,,,,25.1,22.85,27.09,,,,11.43,9.67,13.11,,,,30.82,27.37,33.39,,,,2.55,-0.11,4.94,,,,2.2,-0.0,4.79,,,,13.61,11.78,15.52,,,,,,,
2026-06-08,,,,10.19,8.58,11.74,,,,25.21,22.95,27.22,,,,11.38,9.67,13.08,,,,30.64,27.17,33.11,,,,2.55,-0.09,4.93,,,,2.21,0.02,4.72,,,,13.7,11.9,15.6,8.0,23.0,14.0,37.0,,,9.0
2026-06-09,,,,10.19,8.58,11.74,,,,25.32,23.07,27.36,,,,11.34,9.63,13.03,,,,30.47,27.03,32.9,,,,2.54,-0.07,4.86,,,,2.21,0.04,4.79,,,,13.8,12.03,15.68,,,,,,,
2026-06-10,,,,10.2,8.58,11.73,,,,25.43,23.17,27.47,,,,11.29,9.58,12.96,,,,30.3,26.9,32.74,,,,2.53,-0.06,4.8,,,,2.21,0.05,4.71,,,,13.89,12.15,15.76,,,,,,,
2026-06-11,,,,10.2,8.58,11.73,,,,25.53,23.29,27.58,,,,11.24,9.54,12.91,,,,30.14,26.78,32.58,,,,2.52,-0.06,4.75,,,,2.22,0.07,4.68,,,,13.98,12.27,15.84,,,,,,,
2026-06-12,,,,10.2,8.57,11.73,,,,25.63,23.36,27.67,,,,11.2,9.5,12.87,,,,29.98,26.66,32.43,,,,2.51,-0.06,4.75,,,,2.22,0.06,4.67,,,,14.07,12.39,15.92,,,,,,,
2026-06-13,,,,10.2,8.57,11.72,,,,25.72,23.44,27.79,,,,11.15,9.47,12.82,,,,29.82,26.55,32.28,,,,2.5,-0.06,4.69,,,,2.22,0.05,4.65,,,,14.15,12.51,16.03,,,,,,,
2026-06-14,,,,10.2,8.57,11.69,,,,25.82,23.54,27.9,,,,11.11,9.45,12.79,,,,29.67,26.43,32.12,,,,2.49,-0.05,4.64,,,,2.22,0.06,4.64,,,,14.24,12.63,16.11,,,,,,,
2026-06-15,,,,10.2,8.56,11.64,,,,25.91,23.63,27.99,,,,11.07,9.42,12.77,,,,29.52,26.33,31.97,,,,2.48,-0.04,4.62,,,,2.23,0.05,4.62,,,,14.32,12.72,16.19,11.0,21.0,16.0,35.0,,,7.0
2026-06-16,,,,10.2,8.55,11.59,,,,25.99,23.73,28.08,,,,11.03,9.39,12.72,,,,29.38,26.23,31.83,,,,2.47,-0.01,4.61,,,,2.23,0.04,4.61,,,,14.41,12.79,16.29,,,,,,,
2026-06-17,,,,10.2,8.55,11.57,,,,26.07,23.81,28.17,,,,10.99,9.36,12.67,,,,29.24,26.14,31.69,,,,2.46,0.03,4.59,,,,2.23,0.04,4.56,,,,14.49,12.87,16.38,14.5,25.0,6.5,24.0,3.0,4.0,22.0
2026-06-18,,,,10.2,8.61,11.57,,,,26.15,23.91,28.25,,,,10.95,9.33,12.61,,,,29.1,26.04,31.54,,,,2.45,0.07,4.58,,,,2.24,0.03,4.5,,,,14.56,12.97,16.48,,,,,,,
2026-06-19,,,,10.2,8.66,11.56,,,,26.23,24.0,28.32,,,,10.91,9.31,12.57,,,,28.97,25.95,31.4,,,,2.44,0.06,4.56,,,,2.24,0.02,4.47,,,,14.64,13.08,16.54,,,,,,,
2026-06-20,,,,10.2,8.69,11.56,,,,26.31,24.09,28.38,,,,10.87,9.28,12.52,,,,28.84,25.87,31.23,,,,2.44,0.05,4.54,,,,2.24,0.02,4.49,,,,14.72,13.16,16.59,,,,,,,
2026-06-21,,,,10.2,8.71,11.55,,,,26.38,24.19,28.44,,,,10.83,9.27,12.49,,,,28.71,25.79,31.04,,,,2.43,0.04,4.53,,,,2.24,0.01,4.48,,,,14.79,13.24,16.63,,,,,,,
2026-06-22,,,,10.2,8.72,11.54,,,,26.45,24.29,28.49,,,,10.8,9.27,12.47,,,,28.59,25.72,30.86,,,,2.42,0.06,4.5,,,,2.24,0.01,4.46,,,,14.86,13.3,16.68,8.0,14.0,20.0,46.0,,,5.0
2026-06-23,,,,10.2,8.74,11.54,,,,26.52,24.38,28.54,,,,10.76,9.26,12.44,,,,28.47,25.64,30.74,,,,2.41,0.08,4.45,,,,2.25,0.01,4.43,,,,14.93,13.37,16.72,,,,,,,
2026-06-24,,,,10.2,8.75,11.53,,,,26.58,24.48,28.59,,,,10.73,9.25,12.4,,,,28.35,25.57,30.62,,,,2.4,0.09,4.42,,,,2.25,-0.01,4.41,,,,15.0,13.44,16.77,,,,,,,
2026-06-25,,,,10.2,8.75,11.52,,,,26.64,24.57,28.64,,,,10.7,9.23,12.38,,,,28.24,25.51,30.5,,,,2.39,0.11,4.4,,,,2.25,-0.04,4.39,,,,15.07,13.49,16.81,,,,,,,
2026-06-26,,,,10.2,8.74,11.51,,,,26.71,24.66,28.7,,,,10.66,9.21,12.35,,,,28.13,25.44,30.33,,,,2.39,0.13,4.39,,,,2.25,-0.02,4.4,,,,15.13,13.53,16.85,,,,,,,
2026-06-27,,,,10.2,8.74,11.51,,,,26.76,24.75,28.79,,,,10.63,9.18,12.32,,,,28.02,25.37,30.22,,,,2.38,0.13,4.39,,,,2.25,-0.01,4.4,,,,15.19,13.58,16.88,,,,,,,
2026-06-28,,,,10.2,8.74,11.51,,,,26.82,24.83,28.82,,,,10.6,9.16,12.26,,,,27.91,25.28,30.11,,,,2.37,0.07,4.38,,,,2.25,0.0,4.38,,,,15.26,13.64,16.95,,,,,,,
2026-06-29,,,,10.2,8.74,11.51,,,,26.88,24.89,28.84,,,,10.58,9.14,12.21,,,,27.81,25.18,29.99,,,,2.36,0.09,4.37,,,,2.25,0.02,4.36,,,,15.32,13.71,17.02,12.0,31.7,13.0,25.0,,,12.3
2026-06-30,,,,10.2,8.75,11.5,,,,26.93,24.96,28.87,,,,10.55,9.11,12.16,,,,27.71,25.09,29.88,,,,2.35,0.1,4.37,,,,2.25,0.03,4.34,,,,15.37,13.77,17.09,,,,,,,
2026-07-01,,,,10.2,8.75,11.51,,,,26.98,25.02,28.91,,,,10.52,9.06,12.14,,,,27.61,25.0,29.76,,,,2.35,0.11,4.35,,,,2.25,0.05,4.32,,,,15.43,13.83,17.14,,,,,,,
2026-07-02,,,,10.2,8.76,11.51,,,,27.04,25.09,28.95,,,,10.5,9.03,12.11,,,,27.52,24.93,29.65,,,,2.34,0.13,4.32,,,,2.25,0.06,4.31,,,,15.49,13.91,17.15,7.0,17.0,10.0,35.0,,,19.0
2026-07-03,,,,10.2,8.77,11.52,,,,27.08,25.2,28.97,,,,10.47,9.04,12.08,,,,27.42,24.85,29.54,,,,2.33,0.14,4.3,,,,2.25,0.07,4.29,,,,15.54,13.98,17.17,13.0,25.0,7.0,26.0,1.0,2.0,22.0
2026-07-04,,,,10.2,8.77,11.53,,,,27.13,25.24,28.99,,,,10.45,9.02,12.04,,,,27.33,24.77,29.47,,,,2.32,0.15,4.3,,,,2.25,0.08,4.27,,,,15.59,14.04,17.22,,,,,,,
2026-07-05,,,,10.2,8.78,11.53,,,,27.18,25.28,29.05,,,,10.42,8.99,12.02,,,,27.25,24.69,29.42,,,,2.31,0.16,4.31,,,,2.25,0.09,4.26,,,,15.64,14.13,17.28,,,,,,,
2026-07-06,,,,10.21,8.78,11.54,,,,27.23,25.32,29.07,,,,10.4,8.96,12.0,,,,27.16,24.62,29.35,,,,2.31,0.18,4.31,,,,2.25,0.09,4.25,,,,15.69,14.19,17.34,13.5,28.0,5.0,26.5,,,17.5
2026-07-07,,,,10.21,8.79,11.54,,,,27.27,25.36,29.12,,,,10.38,8.93,11.98,,,,27.08,24.56,29.3,,,,2.3,0.18,4.31,,,,2.25,0.06,4.23,,,,15.74,14.24,17.38,,,,,,,
2026-07-08,,,,10.21,8.8,11.55,,,,27.31,25.45,29.17,,,,10.36,8.9,11.97,,,,27.0,24.5,29.24,,,,2.29,0.19,4.31,,,,2.25,0.05,4.22,,,,15.78,14.29,17.44,,,,,,,
2026-07-09,,,,10.21,8.81,11.56,,,,27.35,25.52,29.2,,,,10.34,8.87,11.93,,,,26.92,24.43,29.19,,,,2.29,0.21,4.31,,,,2.25,0.06,4.21,,,,15.83,14.33,17.49,7.0,19.0,17.0,34.0,,,13.0
2026-07-10,,,,10.21,8.81,11.56,,,,27.4,25.59,29.23,,,,10.32,8.85,11.89,,,,26.84,24.35,29.14,,,,2.28,0.22,4.31,,,,2.25,0.07,4.21,,,,15.87,14.37,17.52,10.0,32.0,7.0,26.0,,,16.0
2026-07-11,,,,10.21,8.81,11.57,,,,27.44,25.66,29.26,,,,10.3,8.82,11.88,,,,26.76,24.25,29.09,,,,2.27,0.21,4.29,,,,2.24,0.08,4.2,,,,15.92,14.4,17.56,,,,,,,
2026-07-12,,,,10.21,8.82,11.57,,,,27.47,25.71,29.31,,,,10.28,8.79,11.87,,,,26.69,24.17,29.03,,,,2.27,0.19,4.28,,,,2.24,0.1,4.19,,,,15.96,14.43,17.62,,,,,,,
2026-07-13,,,,10.22,8.83,11.58,,,,27.51,25.74,29.35,,,,10.26,8.77,11.87,,,,26.62,24.14,28.98,,,,2.26,0.19,4.27,,,,2.24,0.11,4.19,,,,16.0,14.47,17.64,,,,,,,
2026-07-14,,,,10.22,8.83,11.59,,,,27.55,25.77,29.39,,,,10.24,8.74,11.88,,,,26.55,24.1,28.89,,,,2.25,0.18,4.26,,,,2.24,0.12,4.2,,,,16.04,14.5,17.66,11.5,29.5,9.0,24.5,2.5,1.5,18.5
2026-07-15,,,,10.22,8.83,11.6,,,,27.59,25.79,29.43,,,,10.22,8.72,11.86,,,,26.48,24.08,28.8,,,,2.25,0.18,4.25,,,,2.24,0.13,4.21,,,,16.07,14.54,17.67,8.0,17.0,15.0,34.0,,,15.0
2026-07-16,,,,10.22,8.83,11.62,,,,27.62,25.82,29.47,,,,10.21,8.7,11.84,,,,26.42,24.03,28.7,,,,2.24,0.18,4.23,,,,2.24,0.13,4.21,,,,16.11,14.57,17.69,,,,,,,
2026-07-17,,,,10.22,8.85,11.63,,,,27.66,25.86,29.52,,,,10.19,8.69,11.82,,,,26.35,23.98,28.61,,,,2.24,0.17,4.23,,,,2.23,0.14,4.21,,,,16.15,14.61,17.72,10.5,28.0,9.0,25.5,,2.0,15.0
2026-07-18,,,,10.22,8.85,11.63,,,,27.69,25.88,29.59,,,,10.17,8.68,11.8,,,,26.29,23.93,28.51,,,,2.23,0.16,4.23,,,,2.23,0.14,4.21,,,,16.18,14.63,17.77,,,,,,,
2026-07-19,,,,10.23,8.86,11.63,,,,27.72,25.91,29.64,,,,10.16,8.64,11.79,,,,26.23,23.88,28.42,,,,2.22,0.15,4.24,,,,2.23,0.15,4.21,,,,16.21,14.65,17.79,,,,,,,
2026-07-20,,,,10.23,8.88,11.63,,,,27.76,25.94,29.67,,,,10.14,8.61,11.77,,,,26.17,23.83,28.37,,,,2.22,0.15,4.23,,,,2.23,0.16,4.21,,,,16.25,14.67,17.82,,,,,,,
2026-07-21,,,,10.23,8.9,11.63,,,,27.79,25.96,29.71,,,,10.13,8.59,11.74,,,,26.11,23.76,28.33,,,,2.21,0.14,4.23,,,,2.23,0.15,4.22,,,,16.28,14.7,17.85,,,,,,,
2026-07-22,,,,10.23,8.91,11.63,,,,27.82,25.99,29.73,,,,10.12,8.57,11.71,,,,26.05,23.68,28.29,,,,2.21,0.13,4.23,,,,2.22,0.16,4.22,,,,16.31,14.73,17.88,6.0,26.0,10.0,32.0,2.0,,14.0
2026-07-23,,,,10.23,8.93,11.63,,,,27.85,26.04,29.77,,,,10.1,8.55,11.68,,,,26.0,23.61,28.25,,,,2.2,0.13,4.24,,,,2.22,0.15,4.22,,,,16.34,14.74,17.91,,,,,,,
2026-07-24,,,,10.23,8.94,11.63,,,,27.88,26.1,29.82,,,,10.09,8.53,11.68,,,,25.94,23.54,28.21,,,,2.2,0.13,4.24,,,,2.22,0.13,4.2,,,,16.37,14.78,17.94,12.0,31.5,9.0,24.0,3.0,2.3,17.0
2026-07-25,,,,10.23,8.96,11.63,,,,27.91,26.12,29.87,,,,10.07,8.51,11.67,,,,25.89,23.47,28.17,,,,2.19,0.13,4.22,,,,2.22,0.12,4.19,,,,16.39,14.81,17.96,,,,,,,
2026-07-26,,,,10.23,8.97,11.64,,,,27.94,26.14,29.92,,,,10.06,8.49,11.67,,,,25.84,23.41,28.14,,,,2.19,0.12,4.21,,,,2.21,0.12,4.18,,,,16.42,14.84,17.98,,,,,,,
2026-07-27,,,,10.23,8.98,11.66,,,,27.98,26.16,29.97,,,,10.05,8.47,11.66,,,,25.78,23.34,28.09,,,,2.18,0.11,4.19,,,,2.21,0.13,4.18,,,,16.45,14.87,18.0,12.5,39.0,9.5,24.0,,,12.5
2026-07-28,,,,10.24,8.99,11.67,,,,28.01,26.2,30.01,,,,10.04,8.45,11.65,,,,25.73,23.27,28.05,,,,2.18,0.1,4.18,,,,2.21,0.12,4.19,,,,16.47,14.87,18.02,,,,,,,
2026-07-29,,,,10.24,8.97,11.67,,,,28.04,26.25,30.03,,,,10.02,8.43,11.63,,,,25.68,23.22,28.02,,,,2.18,0.09,4.16,,,,2.21,0.09,4.19,,,,16.5,14.87,18.04,6.0,26.0,13.0,27.0,,,12.0
2026-07-30,,,,10.24,8.96,11.68,,,,28.07,26.3,30.06,,,,10.01,8.41,11.59,,,,25.64,23.16,27.98,,,,2.17,0.09,4.15,,,,2.2,0.07,4.19,,,,16.52,14.9,18.05,,,,,,,
2026-07-31,,,,10.24,8.96,11.68,,,,28.1,26.32,30.11,,,,10.0,8.41,11.56,,,,25.59,23.1,27.95,,,,2.17,0.08,4.13,,,,2.2,0.04,4.2,,,,16.55,14.94,18.07,11.0,34.0,8.0,20.0,5.0,1.0,18.0
2026-08-01,,,,10.23,8.97,11.69,,,,28.13,26.32,30.16,,,,9.99,8.4,11.54,,,,25.54,23.04,27.9,,,,2.16,0.08,4.12,,,,2.2,0.04,4.2,,,,16.57,14.97,18.11,,,,,,,
2026-08-02,,,,10.23,8.99,11.69,,,,28.16,26.34,30.21,,,,9.98,8.41,11.55,,,,25.49,22.98,27.83,,,,2.16,0.08,4.1,,,,2.2,0.04,4.21,,,,16.59,14.99,18.15,,,,,,,
2026-08-03,,,,10.23,9.0,11.69,,,,28.19,26.38,30.25,,,,9.96,8.39,11.56,,,,25.45,22.93,27.77,,,,2.16,0.07,4.09,,,,2.19,0.03,4.21,,,,16.61,14.99,18.2,,,,,,,
2026-08-04,,,,10.23,9.0,11.69,,,,28.22,26.42,30.28,,,,9.95,8.39,11.54,,,,25.4,22.88,27.71,,,,2.15,0.07,4.08,,,,2.19,0.03,4.22,,,,16.64,15.0,18.24,,,,,,,
2026-08-05,,,,10.23,9.0,11.7,,,,28.25,26.47,30.3,,,,9.94,8.39,11.53,,,,25.36,22.87,27.66,,,,2.15,0.06,4.07,,,,2.19,0.03,4.22,,,,16.66,15.0,18.25,,,,,,,
2026-08-06,,,,10.23,8.99,11.7,,,,28.28,26.51,30.33,,,,9.93,8.39,11.51,,,,25.31,22.87,27.59,,,,2.15,0.06,4.07,,,,2.19,0.03,4.23,,,,16.68,15.0,18.27,,,,,,,
2026-08-07,,,,10.23,8.97,11.71,,,,28.3,26.51,30.35,,,,9.92,8.39,11.5,,,,25.27,22.84,27.55,,,,2.14,0.06,4.05,,,,2.18,0.03,4.23,,,,16.7,15.01,18.29,13.0,32.0,4.0,22.0,,,21.0
2026-08-08,,,,10.22,8.94,11.71,,,,28.33,26.51,30.38,,,,9.91,8.38,11.48,,,,25.22,22.76,27.51,,,,2.14,0.05,4.06,,,,2.18,0.02,4.24,,,,16.72,15.02,18.3,,,,,,,
2026-08-09,,,,10.22,8.91,11.7,,,,28.36,26.52,30.4,,,,9.9,8.38,11.47,,,,25.18,22.68,27.47,,,,2.14,0.05,4.06,,,,2.18,0.01,4.24,,,,16.74,15.02,18.31,,,,,,,
2026-08-10,,,,10.22,8.89,11.7,,,,28.39,26.56,30.45,,,,9.89,8.36,11.45,,,,25.13,22.6,27.42,,,,2.13,0.05,4.06,,,,2.18,-0.0,4.25,,,,16.76,15.04,18.32,,,,,,,
2026-08-11,,,,10.21,8.87,11.69,,,,28.42,26.61,30.5,,,,9.88,8.34,11.43,,,,25.09,22.52,27.38,,,,2.13,0.04,4.06,,,,2.18,-0.0,4.23,,,,16.78,15.07,18.34,,,,,,,
2026-08-12,,,,10.21,8.84,11.68,,,,28.45,26.66,30.55,,,,9.87,8.33,11.43,,,,25.04,22.5,27.34,,,,2.13,0.04,4.05,,,,2.17,-0.01,4.21,,,,16.8,15.1,18.38,6.0,25.0,11.0,32.0,,,15.0
2026-08-13,,,,10.21,8.81,11.68,,,,28.48,26.69,30.6,,,,9.86,8.31,11.42,,,,25.0,22.47,27.29,,,,2.12,0.04,4.05,,,,2.17,-0.02,4.21,,,,16.82,15.12,18.43,9.5,29.0,10.0,23.0,2.0,3.0,19.5
2026-08-14,,,,10.2,8.83,11.69,,,,28.51,26.7,30.65,,,,9.84,8.29,11.4,,,,24.96,22.39,27.25,,,,2.12,0.03,4.06,,,,2.17,-0.03,4.22,,,,16.84,15.13,18.46,10.0,33.0,8.0,21.0,,,21.0
2026-08-15,,,,10.2,8.84,11.71,,,,28.54,26.73,30.72,,,,9.84,8.27,11.4,,,,24.91,22.34,27.21,,,,2.12,0.02,4.06,,,,2.17,-0.04,4.22,,,,16.86,15.16,18.51,,,,,,,
2026-08-16,,,,10.19,8.86,11.73,,,,28.56,26.77,30.77,,,,9.83,8.26,11.4,,,,24.87,22.29,27.19,,,,2.11,0.02,4.05,,,,2.17,-0.05,4.22,,,,16.88,15.18,18.55,,,,,,,
2026-08-17,,,,10.18,8.85,11.73,,,,28.59,26.8,30.79,,,,9.82,8.25,11.39,,,,24.82,22.25,27.16,,,,2.11,0.0,4.05,,,,2.16,-0.06,4.23,,,,16.9,15.2,18.6,,,,,,,
2026-08-18,,,,10.18,8.87,11.72,,,,28.62,26.84,30.84,,,,9.81,8.24,11.39,,,,24.78,22.2,27.14,,,,2.11,-0.01,4.05,,,,2.16,-0.06,4.23,,,,16.92,15.23,18.65,7.8,28.2,7.8,20.0,1.5,2.3,22.2
2026-08-19,,,,10.17,8.87,11.71,,,,28.65,26.88,30.89,,,,9.8,8.24,11.39,,,,24.73,22.16,27.11,,,,2.1,-0.02,4.05,,,,2.16,-0.06,4.24,,,,16.94,15.25,18.67,5.0,29.0,10.0,28.0,,,12.0
2026-08-20,,,,10.16,8.86,11.7,,,,28.68,26.91,30.94,,,,9.79,8.23,11.39,,,,24.69,22.13,27.04,,,,2.1,-0.04,4.05,,,,2.16,-0.06,4.24,,,,16.96,15.26,18.68,,,,,,,
2026-08-21,,,,10.16,8.83,11.73,,,,28.7,26.91,30.99,,,,9.78,8.23,11.39,,,,24.65,22.09,26.96,,,,2.09,-0.06,4.04,,,,2.16,-0.06,4.25,,,,16.98,15.27,18.7,,,,,,,
2026-08-22,,,,10.15,8.8,11.76,,,,28.73,26.97,31.04,,,,9.77,8.22,11.38,,,,24.6,22.05,26.89,,,,2.09,-0.08,4.04,,,,2.16,-0.06,4.25,,,,17.0,15.27,18.71,,,,,,,
2026-08-23,,,,10.14,8.78,11.76,,,,28.75,26.97,31.09,,,,9.76,8.22,11.38,,,,24.56,22.0,26.81,,,,2.09,-0.1,4.04,,,,2.16,-0.1,4.26,,,,17.02,15.27,18.71,,,,,,,
2026-08-24,,,,10.13,8.75,11.74,,,,28.78,26.95,31.14,,,,9.75,8.21,11.39,,,,24.51,21.91,26.76,,,,2.08,-0.12,4.03,,,,2.16,-0.13,4.26,,,,17.04,15.27,18.71,,,,,,,
2026-08-25,,,,10.12,8.72,11.73,,,,28.8,26.95,31.17,,,,9.75,8.21,11.39,,,,24.47,21.82,26.71,,,,2.08,-0.14,4.03,,,,2.16,-0.16,4.26,,,,17.06,15.28,18.72,,,,,,,
2026-08-26,,,,10.12,8.7,11.72,,,,28.83,26.97,31.21,,,,9.74,8.19,11.4,,,,24.42,21.74,26.66,,,,2.07,-0.15,4.03,,,,2.15,-0.16,4.26,,,,17.08,15.27,18.72,10.0,21.0,13.0,32.0,,,15.0
2026-08-27,,,,10.11,8.67,11.72,,,,28.85,27.0,31.25,,,,9.73,8.16,11.4,,,,24.38,21.65,26.61,,,,2.07,-0.15,4.03,,,,2.15,-0.16,4.26,,,,17.1,15.26,18.75,,,,,,,
2026-08-28,,,,10.1,8.63,11.73,,,,28.87,27.02,31.28,,,,9.73,8.14,11.4,,,,24.33,21.57,26.55,,,,2.06,-0.15,4.04,,,,2.15,-0.16,4.26,,,,17.12,15.26,18.79,,,,,,,
2026-08-29,,,,10.09,8.59,11.73,,,,28.9,27.05,31.32,,,,9.72,8.12,11.41,,,,24.29,21.47,26.51,,,,2.06,-0.15,4.04,,,,2.15,-0.17,4.27,,,,17.15,15.26,18.81,,,,,,,
2026-08-30,,,,10.08,8.57,11.73,,,,28.92,27.08,31.37,,,,9.71,8.09,11.41,,,,24.24,21.43,26.51,,,,2.05,-0.15,4.04,,,,2.15,-0.18,4.27,,,,17.17,15.28,18.83,,,,,,,
2026-08-31,,,,10.07,8.54,11.73,,,,28.94,27.11,31.41,,,,9.71,8.07,11.4,,,,24.19,21.39,26.48,,,,2.05,-0.15,4.04,,,,2.15,-0.2,4.28,,,,17.19,15.3,18.85,,,,,,,
2026-09-01,,,,10.06,8.5,11.73,,,,28.96,27.1,31.43,,,,9.7,8.03,11.41,,,,24.15,21.33,26.43,,,,2.04,-0.14,4.04,,,,2.15,-0.21,4.29,,,,17.21,15.31,18.89,,,,,,,
2026-09-02,,,,10.05,8.46,11.72,,,,28.98,27.11,31.46,,,,9.7,8.01,11.41,,,,24.1,21.29,26.39,,,,2.04,-0.14,4.04,,,,2.16,-0.22,4.29,,,,17.23,15.31,18.93,,,,,,,
2026-09-03,,,,10.04,8.42,11.72,,,,29.0,27.12,31.49,,,,9.69,7.99,11.42,,,,24.06,21.25,26.34,,,,2.03,-0.14,4.04,,,,2.16,-0.21,4.3,,,,17.25,15.31,18.99,,,,,,,
2026-09-04,,,,10.03,8.38,11.72,,,,29.02,27.13,31.52,,,,9.69,7.98,11.43,,,,24.01,21.21,26.32,,,,2.02,-0.14,4.04,,,,2.16,-0.19,4.31,,,,17.28,15.31,19.04,,,,,,,
2026-09-05,,,,10.02,8.34,11.72,,,,29.03,27.13,31.55,,,,9.69,7.95,11.45,,,,23.96,21.16,26.27,,,,2.02,-0.19,4.04,,,,2.16,-0.17,4.32,,,,17.3,15.32,19.09,,,,,,,
2026-09-06,,,,10.02,8.33,11.72,,,,29.05,27.11,31.57,,,,9.68,7.93,11.46,,,,23.92,21.12,26.21,,,,2.01,-0.19,4.04,,,,2.16,-0.16,4.33,,,,17.32,15.33,19.14,16.0,25.0,14.5,21.5,,,13.0
2026-09-07,,,,10.01,8.33,11.72,,,,29.06,27.07,31.6,,,,9.68,7.91,11.47,,,,23.87,21.07,26.2,,,,2.01,-0.18,4.04,,,,2.16,-0.22,4.32,,,,17.34,15.36,19.19,,,,,,,
2026-09-08,,,,10.0,8.3,11.72,,,,29.08,27.03,31.62,,,,9.68,7.88,11.49,,,,23.82,21.03,26.2,,,,2.0,-0.16,4.04,,,,2.16,-0.27,4.31,,,,17.37,15.39,19.24,,,,,,,
2026-09-09,,,,9.99,8.25,11.7,,,,29.09,26.99,31.69,,,,9.68,7.86,11.5,,,,23.78,20.98,26.2,,,,1.99,-0.14,4.05,,,,2.16,-0.28,4.3,,,,17.39,15.43,19.29,8.0,26.0,16.0,28.0,,,12.0
2026-09-10,,,,9.99,8.2,11.68,,,,29.1,26.95,31.77,,,,9.68,7.83,11.52,,,,23.73,20.94,26.2,,,,1.99,-0.12,4.04,,,,2.16,-0.29,4.29,,,,17.41,15.46,19.33,,,,,,,
2026-09-11,,,,9.98,8.15,11.66,,,,29.11,26.93,31.78,,,,9.68,7.81,11.54,,,,23.68,20.89,26.2,,,,1.98,-0.11,4.04,,,,2.16,-0.3,4.27,,,,17.43,15.5,19.38,11.5,36.0,8.5,17.0,1.5,1.5,20.0