date,Con (to 2024 election),Con (to 2024 election) (low),Con (to 2024 election) (high),Con (post-2024 election),Con (post-2024 election) (low),Con (post-2024 election) (high),Lab (to 2024 election),Lab (to 2024 election) (low),Lab (to 2024 election) (high),Lab (post-2024 election),Lab (post-2024 election) (low),Lab (post-2024 election) (high),LDem (to 2024 election),LDem (to 2024 election) (low),LDem (to 2024 election) (high),LDem (post-2024 election),LDem (post-2024 election) (low),LDem (post-2024 election) (high),Grn (to 2024 election),Grn (to 2024 election) (low),Grn (to 2024 election) (high),Grn (post-2024 election),Grn (post-2024 election) (low),Grn (post-2024 election) (high),SNP (to 2024 election),SNP (to 2024 election) (low),SNP (to 2024 election) (high),SNP (post-2024 election),SNP (post-2024 election) (low),SNP (post-2024 election) (high),PC (to 2024 election),PC (to 2024 election) (low),PC (to 2024 election) (high),PC (post-2024 election),PC (post-2024 election) (low),PC (post-2024 election) (high),Reform (to 2024 election),Reform (to 2024 election) (low),Reform (to 2024 election) (high),Reform (post-2024 election),Reform (post-2024 election) (low),Reform (post-2024 election) (high),Con (poll),Lab (poll),LDem (poll),Grn (poll),SNP (poll),PC (poll),Reform (poll)
2020-01-26,69.92,63.51,77.23,,,,14.2,9.73,18.86,,,,6.25,1.73,10.92,,,,3.18,-1.32,7.83,,,,2.44,-1.52,7.31,,,,1.0,-5.09,8.71,,,,2.0,-2.26,6.6,,,,68.0,15.0,7.0,4.0,2.0,1.0,2.0
2020-01-27,69.95,63.52,77.22,,,,14.19,9.73,18.83,,,,6.24,1.73,10.85,,,,3.16,-1.3,7.79,,,,2.45,-1.46,7.29,,,,1.0,-5.09,8.7,,,,2.0,-2.24,6.54,,,,,,,,,,
2020-01-28,69.98,63.57,77.19,,,,14.18,9.73,18.81,,,,6.23,1.73,10.79,,,,3.14,-1.28,7.75,,,,2.46,-1.46,7.28,,,,1.0,-5.09,8.66,,,,2.0,-2.2,6.49,,,,,,,,,,
2020-01-29,70.01,63.62,77.16,,,,14.17,9.74,18.77,,,,6.23,1.73,10.76,,,,3.13,-1.28,7.71,,,,2.47,-1.45,7.25,,,,1.0,-5.08,8.58,,,,2.0,-2.15,6.44,,,,,,,,,,
2020-01-30,70.04,63.68,77.12,,,,14.16,9.74,18.71,,,,6.22,1.74,10.73,,,,3.11,-1.27,7.64,,,,2.47,-1.43,7.22,,,,1.0,-5.08,8.49,,,,2.0,-2.05,6.39,,,,,,,,,,
2020-01-31,70.07,63.74,77.08,,,,14.16,9.76,18.66,,,,6.21,1.75,10.69,,,,3.09,-1.27,7.56,,,,2.48,-1.43,7.21,,,,1.0,-5.06,8.39,,,,2.0,-1.88,6.35,,,,,,,,,,
2020-02-01,70.1,63.84,77.03,,,,14.15,9.77,18.61,,,,6.2,1.75,10.63,,,,3.07,-1.26,7.46,,,,2.49,-1.41,7.2,,,,1.0,-5.05,8.29,,,,2.0,-1.8,6.29,,,,,,,,,,
2020-02-02,70.12,63.9,76.98,,,,14.15,9.83,18.56,,,,6.19,1.91,10.55,,,,3.04,-1.25,7.38,,,,2.5,-1.41,7.18,,,,1.0,-5.03,8.17,,,,2.0,-1.74,6.26,,,,65.0,15.0,7.0,4.0,4.0,,3.0
2020-02-03,70.15,63.94,76.92,,,,14.15,10.19,18.52,,,,6.18,2.16,10.47,,,,3.02,-1.24,7.3,,,,2.51,-1.39,7.16,,,,1.0,-5.01,8.06,,,,2.0,-1.67,6.24,,,,,,,,,,
2020-02-04,70.17,63.98,76.87,,,,14.15,10.38,18.47,,,,6.16,2.31,10.38,,,,3.0,-1.2,7.28,,,,2.52,-1.38,7.14,,,,1.0,-4.97,7.93,,,,2.0,-1.63,6.2,,,,,,,,,,
2020-02-05,70.19,64.02,76.81,,,,14.15,10.37,18.42,,,,6.15,2.42,10.31,,,,2.98,-1.1,7.27,,,,2.52,-1.36,7.1,,,,1.0,-4.89,7.8,,,,2.0,-1.61,6.18,,,,,,,,,,
2020-02-06,70.21,64.07,76.71,,,,14.15,10.5,18.7,,,,6.14,2.51,10.38,,,,2.96,-0.81,7.24,,,,2.53,-1.31,7.09,,,,1.0,-5.08,8.57,,,,2.0,-1.59,6.24,,,,,,,,,,
2020-02-07,70.23,64.12,76.65,,,,14.16,10.58,18.48,,,,6.13,2.51,10.24,,,,2.94,-0.79,7.22,,,,2.54,-1.26,7.07,,,,1.0,-5.02,8.53,,,,2.0,-1.56,6.17,,,,,,,,,,
2020-02-08,70.25,64.18,76.58,,,,14.16,10.57,18.32,,,,6.12,2.58,10.19,,,,2.92,-0.74,7.16,,,,2.55,-1.19,7.05,,,,1.0,-4.98,8.45,,,,2.0,-1.56,6.17,,,,,,,,,,
2020-02-09,70.27,64.26,76.47,,,,14.17,10.54,18.32,,,,6.11,2.61,10.13,,,,2.9,-0.73,7.09,,,,2.55,-1.1,7.03,,,,1.0,-4.94,8.4,,,,2.0,-1.57,6.17,,,,,,,,,,
2020-02-10,70.28,64.36,76.35,,,,14.18,10.53,18.32,,,,6.1,2.61,10.12,,,,2.88,-0.74,7.03,,,,2.56,-0.93,7.01,,,,1.0,-4.89,8.26,,,,2.0,-1.48,6.16,,,,76.0,13.0,5.0,2.0,1.0,,1.0
2020-02-11,70.3,64.47,76.24,,,,14.19,10.53,18.32,,,,6.08,2.58,10.13,,,,2.86,-0.73,6.97,,,,2.57,-0.86,6.99,,,,1.0,-4.81,8.15,,,,2.0,-1.48,6.15,,,,,,,,,,
2020-02-12,70.31,64.57,76.12,,,,14.21,10.54,18.32,,,,6.07,2.57,10.13,,,,2.84,-0.7,6.96,,,,2.58,-0.83,6.96,,,,1.0,-4.68,7.91,,,,2.0,-1.49,6.14,,,,,,,,,,
2020-02-13,70.32,64.69,75.95,,,,14.22,10.55,18.32,,,,6.06,2.54,10.11,,,,2.82,-0.71,6.93,,,,2.58,-0.81,6.92,,,,1.0,-4.73,7.9,,,,2.0,-1.49,6.13,,,,,,,,,,
2020-02-14,70.33,64.7,75.85,,,,14.24,10.56,18.31,,,,6.05,2.52,10.0,,,,2.8,-0.71,6.89,,,,2.59,-0.76,6.86,,,,1.0,-4.69,7.78,,,,2.0,-1.5,6.1,,,,,,,,,,
2020-02-15,70.34,64.75,75.76,,,,14.25,10.57,18.28,,,,6.03,2.51,9.97,,,,2.78,-0.72,6.84,,,,2.6,-0.75,6.81,,,,1.0,-4.64,7.65,,,,2.0,-1.5,5.95,,,,,,,,,,
2020-02-16,70.35,64.81,75.74,,,,14.27,10.59,18.25,,,,6.02,2.51,9.93,,,,2.76,-0.72,6.72,,,,2.6,-0.75,6.76,,,,1.0,-4.59,7.51,,,,2.0,-1.5,5.93,,,,,,,,,,
2020-02-17,70.36,64.95,75.74,,,,14.29,10.62,18.19,,,,6.01,2.51,9.9,,,,2.75,-0.72,6.58,,,,2.61,-0.76,6.76,,,,1.0,-4.53,7.34,,,,2.0,-1.49,5.9,,,,,,,,,,
2020-02-18,70.36,64.94,75.72,,,,14.31,10.64,18.08,,,,6.0,2.52,9.86,,,,2.73,-0.72,6.54,,,,2.61,-0.76,6.72,,,,1.0,-4.39,7.09,,,,2.0,-1.48,5.86,,,,,,,,,,
2020-02-19,70.37,64.88,75.5,,,,14.33,10.53,18.25,,,,5.98,2.46,9.8,,,,2.72,-0.74,6.45,,,,2.62,-0.78,6.66,,,,1.0,-4.37,6.92,,,,2.0,-1.45,5.76,,,,,,,,,,
2020-02-20,70.37,64.91,75.35,,,,14.35,10.6,18.25,,,,5.97,2.46,9.71,,,,2.7,-0.73,6.34,,,,2.62,-0.78,6.65,,,,1.0,-4.32,6.79,,,,2.0,-1.44,5.69,,,,,,,,,,
2020-02-21,70.37,64.95,75.34,,,,14.37,10.67,18.23,,,,5.96,2.45,9.67,,,,2.69,-0.73,6.23,,,,2.63,-0.78,6.65,,,,1.0,-4.31,6.75,,,,1.99,-1.41,5.69,,,,,,,,,,
2020-02-22,70.37,64.98,75.33,,,,14.4,10.79,18.23,,,,5.94,2.46,9.66,,,,2.68,-0.68,6.23,,,,2.64,-0.78,6.64,,,,1.0,-4.28,6.57,,,,1.99,-1.36,5.69,,,,,,,,,,
2020-02-23,70.38,65.02,75.32,,,,14.42,10.82,18.29,,,,5.93,2.44,9.55,,,,2.66,-0.63,6.25,,,,2.64,-0.78,6.63,,,,1.0,-4.15,6.34,,,,1.99,-1.35,5.63,,,,,,,,,,
2020-02-24,70.38,65.06,75.3,,,,14.44,10.97,18.27,,,,5.92,2.48,9.45,,,,2.65,-0.62,6.19,,,,2.65,-0.77,6.61,,,,1.0,-4.0,6.2,,,,1.99,-1.36,5.63,,,,,,,,,,
2020-02-25,70.37,65.09,75.19,,,,14.47,11.04,18.31,,,,5.9,2.53,9.34,,,,2.64,-0.55,6.2,,,,2.65,-0.76,6.58,,,,1.0,-3.84,6.1,,,,1.99,-1.37,5.64,,,,,,,,,,
2020-02-26,70.37,65.14,75.01,,,,14.5,11.06,18.35,,,,5.89,2.58,9.32,,,,2.63,-0.51,6.18,,,,2.65,-0.64,6.55,,,,1.0,-3.7,5.95,,,,1.99,-1.34,5.64,,,,,,,,,,
2020-02-27,70.37,65.18,74.97,,,,14.52,11.14,18.39,,,,5.87,2.6,9.29,,,,2.62,-0.55,6.17,,,,2.66,-0.53,6.52,,,,1.0,-3.66,5.86,,,,1.99,-1.24,5.64,,,,,,,,,,
2020-02-28,70.37,65.22,74.92,,,,14.55,11.14,18.42,,,,5.86,2.61,9.26,,,,2.61,-0.57,6.15,,,,2.66,-0.46,6.48,,,,1.0,-3.64,5.81,,,,1.99,-1.12,5.63,,,,,,,,,,
2020-02-29,70.37,65.42,74.86,,,,14.58,11.12,18.45,,,,5.85,2.68,9.23,,,,2.6,-0.56,6.14,,,,2.67,-0.41,6.46,,,,1.0,-3.59,5.76,,,,1.98,-1.01,5.63,,,,,,,,,,
2020-03-01,70.36,65.66,74.81,,,,14.61,11.14,18.46,,,,5.83,2.75,9.2,,,,2.59,-0.54,6.11,,,,2.67,-0.38,6.44,,,,1.0,-3.48,5.71,,,,1.98,-1.0,5.6,,,,,,,,,,
2020-03-02,70.36,65.69,74.78,,,,14.64,11.21,18.49,,,,5.82,2.75,9.16,,,,2.58,-0.59,6.08,,,,2.68,-0.34,6.42,,,,1.0,-3.36,5.64,,,,1.98,-1.02,5.56,,,,,,,,,,
2020-03-03,70.35,65.7,74.69,,,,14.67,11.27,18.51,,,,5.8,2.75,9.12,,,,2.57,-0.6,6.05,,,,2.68,-0.33,6.42,,,,1.0,-3.24,5.57,,,,1.98,-1.05,5.52,,,,,,,,,,
2020-03-04,70.34,65.58,74.65,,,,14.71,11.28,18.51,,,,5.79,2.79,9.09,,,,2.56,-0.65,6.01,,,,2.69,-0.32,6.43,,,,1.0,-3.12,5.46,,,,1.97,-1.05,5.47,,,,,,,,,,
2020-03-05,70.33,65.54,74.59,,,,14.75,11.34,18.51,,,,5.77,2.74,9.07,,,,2.55,-0.69,5.97,,,,2.69,-0.31,6.39,,,,1.0,-3.01,5.36,,,,1.97,-1.07,5.42,,,,,,,,,,
2020-03-06,70.32,65.6,74.57,,,,14.79,11.51,18.5,,,,5.75,2.76,9.04,,,,2.54,-0.73,5.93,,,,2.7,-0.3,6.27,,,,1.0,-2.9,5.37,,,,1.96,-1.08,5.37,,,,,,,,,,
2020-03-07,70.3,65.67,74.54,,,,14.83,11.67,18.49,,,,5.74,2.73,9.01,,,,2.53,-0.75,5.88,,,,2.7,-0.32,6.22,,,,1.0,-2.8,5.3,,,,1.96,-1.1,5.32,,,,,,,,,,
2020-03-08,70.28,65.74,74.48,,,,14.88,11.8,18.49,,,,5.72,2.72,8.95,,,,2.52,-0.69,5.83,,,,2.71,-0.35,6.17,,,,1.0,-2.75,5.27,,,,1.96,-1.11,5.27,,,,,,,,,,
2020-03-09,70.26,65.81,74.42,,,,14.93,11.88,18.49,,,,5.7,2.74,8.93,,,,2.51,-0.61,5.76,,,,2.72,-0.36,6.06,,,,1.0,-2.7,5.23,,,,1.95,-1.13,5.25,,,,,,,,,,
2020-03-10,70.24,65.88,74.41,,,,14.98,11.97,18.5,,,,5.68,2.76,8.91,,,,2.5,-0.58,5.69,,,,2.72,-0.32,5.97,,,,1.0,-2.58,5.2,,,,1.95,-1.08,5.12,,,,,,,,,,
2020-03-11,70.22,65.95,74.36,,,,15.04,12.04,18.53,,,,5.67,2.78,8.89,,,,2.49,-0.56,5.62,,,,2.73,-0.27,5.92,,,,1.0,-2.55,5.17,,,,1.94,-0.99,5.05,,,,,,,,,,
2020-03-12,70.19,66.03,74.22,,,,15.09,12.09,18.63,,,,5.65,2.79,8.8,,,,2.48,-0.55,5.55,,,,2.74,-0.22,5.9,,,,1.0,-2.45,5.13,,,,1.93,-0.93,4.98,,,,,,,,,,
2020-03-13,70.16,66.08,74.07,,,,15.15,12.1,18.63,,,,5.63,2.77,8.73,,,,2.47,-0.47,5.51,,,,2.74,-0.19,5.9,,,,1.0,-2.36,5.11,,,,1.93,-0.92,4.92,,,,,,,,,,
2020-03-14,70.13,66.1,73.97,,,,15.22,12.11,18.76,,,,5.61,2.75,8.64,,,,2.46,-0.5,5.47,,,,2.75,-0.06,5.85,,,,1.0,-2.27,5.03,,,,1.92,-0.93,4.84,,,,,,,,,,
2020-03-15,70.1,66.1,73.89,,,,15.28,12.11,18.7,,,,5.59,2.72,8.68,,,,2.45,-0.53,5.4,,,,2.76,-0.06,5.73,,,,1.0,-2.28,4.94,,,,1.92,-0.94,4.78,,,,,,,,,,
2020-03-16,70.07,66.11,73.78,,,,15.35,12.13,18.78,,,,5.57,2.69,8.68,,,,2.44,-0.56,5.37,,,,2.77,0.01,5.65,,,,1.0,-2.3,5.07,,,,1.91,-0.96,4.88,,,,,,,,,,
2020-03-17,70.03,66.08,73.67,,,,15.42,12.14,18.87,,,,5.55,2.66,8.56,,,,2.43,-0.57,5.34,,,,2.77,0.04,5.6,,,,1.0,-2.33,5.07,,,,1.9,-0.98,4.89,,,,,,,,,,
2020-03-18,69.99,66.06,73.6,,,,15.49,12.16,18.96,,,,5.53,2.64,8.43,,,,2.42,-0.53,5.32,,,,2.78,0.01,5.62,,,,1.0,-2.32,5.07,,,,1.9,-0.97,4.74,,,,,,,,,,
2020-03-19,69.95,66.05,73.53,,,,15.56,12.28,19.04,,,,5.51,2.62,8.33,,,,2.4,-0.47,5.27,,,,2.79,0.04,5.58,,,,1.0,-2.37,5.05,,,,1.89,-0.98,4.73,,,,,,,,,,
2020-03-20,69.91,66.03,73.5,,,,15.63,12.4,19.12,,,,5.49,2.59,8.22,,,,2.39,-0.5,5.25,,,,2.8,0.01,5.53,,,,1.0,-2.4,5.07,,,,1.88,-0.97,4.72,,,,,,,,,,
2020-03-21,69.87,66.02,73.43,,,,15.71,12.48,19.15,,,,5.47,2.51,8.22,,,,2.38,-0.55,5.22,,,,2.81,-0.01,5.56,,,,1.0,-2.43,5.02,,,,1.88,-0.97,4.71,,,,,,,,,,
2020-03-22,69.83,66.02,73.36,,,,15.79,12.53,19.16,,,,5.45,2.55,8.22,,,,2.37,-0.57,5.19,,,,2.82,-0.04,5.58,,,,1.0,-2.44,5.01,,,,1.87,-0.98,4.7,,,,,,,,,,
2020-03-23,69.78,65.96,73.28,,,,15.87,12.55,19.17,,,,5.43,2.54,8.22,,,,2.36,-0.57,5.16,,,,2.83,-0.06,5.61,,,,1.0,-2.46,5.0,,,,1.87,-0.97,4.66,,,,,,,,,,
2020-03-24,69.73,65.89,73.18,,,,15.95,12.57,19.16,,,,5.41,2.53,8.22,,,,2.35,-0.58,5.13,,,,2.84,-0.09,5.64,,,,1.0,-2.47,4.99,,,,1.86,-0.97,4.59,,,,,,,,,,
2020-03-25,69.69,65.83,73.11,,,,16.03,12.61,19.17,,,,5.38,2.52,8.22,,,,2.34,-0.58,5.1,,,,2.85,-0.07,5.64,,,,1.0,-2.42,4.99,,,,1.86,-0.96,4.59,,,,,,,,,,
2020-03-26,69.64,65.77,73.03,,,,16.11,12.78,19.17,,,,5.36,2.52,8.22,,,,2.32,-0.66,5.08,,,,2.86,-0.02,5.55,,,,1.0,-2.36,4.97,,,,1.85,-0.94,4.58,,,,,,,,,,
2020-03-27,69.59,65.77,72.95,,,,16.19,12.8,19.19,,,,5.34,2.52,8.19,,,,2.31,-0.67,5.06,,,,2.86,-0.01,5.57,,,,1.0,-2.29,4.97,,,,1.85,-0.93,4.58,,,,,,,,,,
2020-03-28,69.53,65.76,72.87,,,,16.28,12.84,19.3,,,,5.32,2.51,8.17,,,,2.3,-0.74,5.04,,,,2.87,-0.06,5.61,,,,1.0,-2.23,4.96,,,,1.84,-0.98,4.57,,,,,,,,,,
2020-03-29,69.48,65.74,72.84,,,,16.36,12.85,19.42,,,,5.3,2.5,8.04,,,,2.29,-0.73,5.01,,,,2.88,-0.09,5.66,,,,1.0,-2.16,4.95,,,,1.84,-1.05,4.57,,,,,,,,,,
2020-03-30,69.43,65.74,72.84,,,,16.45,12.87,19.55,,,,5.27,2.44,8.04,,,,2.27,-0.72,4.98,,,,2.89,-0.08,5.7,,,,1.0,-2.15,4.93,,,,1.83,-1.13,4.59,,,,,,,,,,
2020-03-31,69.38,65.74,72.8,,,,16.53,12.98,19.68,,,,5.25,2.39,7.99,,,,2.26,-0.71,4.96,,,,2.9,-0.08,5.74,,,,1.0,-2.14,4.91,,,,1.83,-1.11,4.54,,,,,,,,,,
2020-04-01,69.32,65.69,72.7,,,,16.61,13.08,19.82,,,,5.23,2.35,7.89,,,,2.25,-0.73,4.85,,,,2.91,-0.07,5.75,,,,1.0,-2.13,4.9,,,,1.83,-1.12,4.53,,,,,,,,,,
2020-04-02,69.27,65.59,72.65,,,,16.7,13.18,19.95,,,,5.21,2.29,7.86,,,,2.24,-0.72,4.76,,,,2.92,-0.05,5.66,,,,1.0,-2.12,4.88,,,,1.82,-1.12,4.51,,,,74.0,12.0,5.0,1.0,4.0,,2.0
2020-04-03,69.22,65.52,72.6,,,,16.78,13.27,20.06,,,,5.19,2.26,7.8,,,,2.23,-0.73,4.76,,,,2.93,-0.17,5.67,,,,1.0,-2.11,4.87,,,,1.82,-1.15,4.53,,,,,,,,,,
2020-04-04,69.16,65.44,72.56,,,,16.86,13.36,20.18,,,,5.16,2.25,7.77,,,,2.21,-0.72,4.71,,,,2.94,-0.27,5.68,,,,1.0,-2.1,4.84,,,,1.82,-1.18,4.53,,,,,,,,,,
2020-04-05,69.11,65.47,72.53,,,,16.94,13.43,20.31,,,,5.14,2.24,7.74,,,,2.2,-0.82,4.72,,,,2.95,-0.32,5.67,,,,1.0,-2.13,4.83,,,,1.81,-1.2,4.51,,,,,,,,,,
2020-04-06,69.05,65.5,72.48,,,,17.03,13.49,20.41,,,,5.12,2.24,7.72,,,,2.19,-0.92,4.71,,,,2.96,-0.32,5.59,,,,1.0,-2.21,4.82,,,,1.81,-1.22,4.47,,,,,,,,,,
2020-04-07,68.99,65.45,72.39,,,,17.11,13.55,20.5,,,,5.1,2.16,7.67,,,,2.18,-1.02,4.73,,,,2.97,-0.24,5.56,,,,1.0,-2.27,4.81,,,,1.81,-1.23,4.44,,,,,,,,,,
2020-04-08,68.93,65.44,72.46,,,,17.18,13.61,20.62,,,,5.08,2.09,7.6,,,,2.17,-1.09,4.73,,,,2.98,-0.12,5.57,,,,1.0,-2.34,4.84,,,,1.81,-1.24,4.41,,,,,,,,,,
2020-04-09,68.88,65.36,72.42,,,,17.26,13.68,20.73,,,,5.07,2.02,7.53,,,,2.16,-1.13,4.73,,,,2.99,0.02,5.57,,,,1.0,-2.32,4.88,,,,1.81,-1.25,4.38,,,,,,,,,,
2020-04-10,68.82,65.31,72.39,,,,17.34,13.73,20.86,,,,5.05,1.97,7.52,,,,2.15,-1.17,4.73,,,,3.0,0.07,5.59,,,,1.0,-2.32,4.92,,,,1.81,-1.26,4.36,,,,,,,,,,
2020-04-11,68.76,65.25,72.35,,,,17.42,13.78,20.98,,,,5.03,1.9,7.53,,,,2.14,-1.21,4.72,,,,3.01,0.05,5.59,,,,1.0,-2.38,4.96,,,,1.81,-1.26,4.33,,,,,,,,,,
2020-04-12,68.7,65.21,72.3,,,,17.49,13.81,21.07,,,,5.02,1.85,7.42,,,,2.13,-1.23,4.72,,,,3.02,0.04,5.59,,,,1.0,-2.38,5.0,,,,1.81,-1.24,4.29,,,,,,,,,,
2020-04-13,68.64,65.15,72.22,,,,17.56,13.88,21.06,,,,5.0,1.82,7.39,,,,2.12,-1.25,4.7,,,,3.03,0.03,5.64,,,,1.0,-2.38,5.03,,,,1.81,-1.1,4.25,,,,,,,,,,
2020-04-14,68.59,65.09,72.09,,,,17.63,13.96,21.06,,,,4.99,1.97,7.4,,,,2.11,-1.25,4.66,,,,3.04,0.03,5.68,,,,1.0,-2.38,5.05,,,,1.81,-1.13,4.31,,,,,,,,,,
2020-04-15,68.53,65.05,72.02,,,,17.7,14.1,21.14,,,,4.97,1.99,7.38,,,,2.1,-1.22,4.63,,,,3.05,0.05,5.68,,,,1.0,-2.37,5.07,,,,1.81,-1.17,4.31,,,,,,,,,,
2020-04-16,68.47,65.03,71.97,,,,17.77,14.17,21.21,,,,4.96,2.02,7.38,,,,2.09,-1.19,4.6,,,,3.06,0.15,5.68,,,,1.0,-2.36,5.06,,,,1.81,-1.18,4.3,,,,,,,,,,
2020-04-17,68.41,65.0,71.9,,,,17.84,14.21,21.32,,,,4.95,2.05,7.37,,,,2.09,-1.11,4.57,,,,3.06,0.16,5.67,,,,1.0,-2.35,5.05,,,,1.81,-1.15,4.28,,,,71.0,16.0,6.0,1.0,2.0,1.0,2.0
2020-04-18,68.35,64.99,71.88,,,,17.9,14.26,21.43,,,,4.94,2.08,7.36,,,,2.08,-0.96,4.56,,,,3.07,0.16,5.66,,,,1.0,-2.33,5.05,,,,1.82,-1.12,4.27,,,,,,,,,,
2020-04-19,68.3,64.97,71.81,,,,17.96,14.32,21.53,,,,4.93,2.12,7.41,,,,2.08,-0.99,4.58,,,,3.08,0.14,5.65,,,,1.0,-2.32,5.04,,,,1.82,-1.11,4.27,,,,,,,,,,
2020-04-20,68.24,64.94,71.76,,,,18.02,14.37,21.64,,,,4.92,2.1,7.39,,,,2.07,-1.02,4.54,,,,3.08,0.18,5.64,,,,1.0,-2.3,5.02,,,,1.82,-1.06,4.25,,,,,,,,,,
2020-04-21,68.18,64.86,71.68,,,,18.08,14.43,21.74,,,,4.91,2.07,7.37,,,,2.07,-1.02,4.57,,,,3.09,0.2,5.63,,,,1.0,-2.28,4.99,,,,1.83,-1.07,4.28,,,,,,,,,,
2020-04-22,68.13,64.78,71.55,,,,18.14,14.49,21.83,,,,4.91,2.04,7.35,,,,2.06,-0.99,4.56,,,,3.1,0.24,5.62,,,,1.0,-2.26,4.96,,,,1.83,-1.07,4.3,,,,,,,,,,
2020-04-23,68.08,64.7,71.42,,,,18.19,14.57,21.92,,,,4.9,2.05,7.36,,,,2.06,-0.96,4.52,,,,3.1,0.27,5.63,,,,1.0,-2.25,4.92,,,,1.83,-1.08,4.32,,,,,,,,,,
2020-04-24,68.02,64.68,71.28,,,,18.25,14.65,22.01,,,,4.9,2.1,7.38,,,,2.06,-0.93,4.49,,,,3.11,0.3,5.63,,,,1.0,-2.23,4.88,,,,1.84,-1.08,4.34,,,,67.0,18.0,5.0,3.0,3.0,1.0,2.0
2020-04-25,67.97,64.66,71.13,,,,18.3,14.74,22.05,,,,4.89,2.14,7.39,,,,2.05,-0.91,4.49,,,,3.11,0.32,5.67,,,,1.0,-2.21,4.82,,,,1.84,-1.12,4.39,,,,,,,,,,
2020-04-26,67.92,64.64,71.0,,,,18.35,14.82,22.07,,,,4.89,2.1,7.41,,,,2.05,-0.88,4.49,,,,3.11,0.34,5.7,,,,1.0,-2.18,4.78,,,,1.85,-1.12,4.38,,,,,,,,,,
2020-04-27,67.87,64.62,70.87,,,,18.39,14.9,22.09,,,,4.88,2.07,7.43,,,,2.05,-0.84,4.51,,,,3.12,0.34,5.69,,,,1.0,-2.15,4.72,,,,1.85,-1.1,4.41,,,,,,,,,,
2020-04-28,67.82,64.61,70.78,,,,18.44,14.97,22.1,,,,4.88,2.04,7.45,,,,2.05,-0.81,4.53,,,,3.12,0.34,5.69,,,,1.0,-2.13,4.65,,,,1.86,-1.07,4.42,,,,,,,,,,
2020-04-29,67.77,64.54,70.68,,,,18.48,15.0,22.16,,,,4.88,2.07,7.43,,,,2.05,-0.79,4.55,,,,3.12,0.36,5.69,,,,1.0,-2.11,4.63,,,,1.86,-1.06,4.44,,,,,,,,,,
2020-04-30,67.73,64.48,70.59,,,,18.52,15.02,22.16,,,,4.88,2.12,7.39,,,,2.04,-0.76,4.57,,,,3.12,0.36,5.68,,,,1.0,-2.09,4.61,,,,1.87,-1.04,4.46,,,,,,,,,,
2020-05-01,67.68,64.42,70.51,,,,18.57,15.05,22.16,,,,4.87,2.12,7.39,,,,2.04,-0.7,4.58,,,,3.13,0.4,5.66,,,,1.0,-2.08,4.59,,,,1.87,-1.03,4.47,,,,,,,,,,
2020-05-02,67.64,64.37,70.42,,,,18.61,15.11,22.13,,,,4.87,2.1,7.4,,,,2.04,-0.66,4.56,,,,3.13,0.38,5.65,,,,1.0,-2.04,4.55,,,,1.88,-0.98,4.49,,,,,,,,,,
2020-05-03,67.6,64.34,70.33,,,,18.64,15.18,22.14,,,,4.87,2.09,7.38,,,,2.04,-0.65,4.56,,,,3.13,0.38,5.64,,,,1.0,-2.02,4.54,,,,1.88,-0.94,4.51,,,,,,,,,,
2020-05-04,67.56,64.26,70.25,,,,18.68,15.21,22.14,,,,4.87,2.08,7.38,,,,2.04,-0.64,4.57,,,,3.13,0.38,5.62,,,,1.0,-2.03,4.53,,,,1.89,-0.92,4.52,,,,,,,,,,
2020-05-05,67.51,64.21,70.22,,,,18.72,15.24,22.13,,,,4.87,2.08,7.36,,,,2.04,-0.63,4.56,,,,3.13,0.41,5.61,,,,1.0,-2.02,4.51,,,,1.9,-0.89,4.52,,,,,,,,,,
2020-05-06,67.47,64.26,70.2,,,,18.76,15.27,22.13,,,,4.87,2.07,7.34,,,,2.04,-0.62,4.56,,,,3.13,0.49,5.59,,,,1.0,-2.01,4.51,,,,1.9,-0.87,4.52,,,,68.0,17.0,5.0,4.0,3.0,1.0,2.0
2020-05-07,67.43,64.28,70.17,,,,18.79,15.29,22.14,,,,4.87,2.11,7.33,,,,2.04,-0.61,4.54,,,,3.13,0.57,5.57,,,,1.0,-2.02,4.5,,,,1.91,-0.85,4.54,,,,,,,,,,
2020-05-08,67.39,64.25,70.15,,,,18.83,15.33,22.16,,,,4.87,2.16,7.31,,,,2.04,-0.59,4.53,,,,3.12,0.56,5.55,,,,1.0,-2.03,4.5,,,,1.92,-0.83,4.57,,,,,,,,,,
2020-05-09,67.35,64.22,70.13,,,,18.86,15.36,22.16,,,,4.87,2.2,7.31,,,,2.04,-0.57,4.53,,,,3.12,0.54,5.56,,,,1.0,-2.05,4.49,,,,1.93,-0.8,4.6,,,,,,,,,,
2020-05-10,67.31,64.19,70.1,,,,18.89,15.4,22.17,,,,4.87,2.25,7.38,,,,2.04,-0.47,4.52,,,,3.12,0.53,5.58,,,,1.0,-2.05,4.45,,,,1.94,-0.77,4.6,,,,,,,,,,
2020-05-11,67.27,64.17,70.06,,,,18.93,15.43,22.18,,,,4.87,2.29,7.35,,,,2.05,-0.41,4.53,,,,3.12,0.53,5.58,,,,1.0,-2.05,4.4,,,,1.94,-0.76,4.65,,,,,,,,,,
2020-05-12,67.23,64.15,70.01,,,,18.96,15.46,22.18,,,,4.87,2.31,7.32,,,,2.05,-0.42,4.53,,,,3.12,0.53,5.6,,,,1.0,-2.04,4.38,,,,1.95,-0.74,4.67,,,,,,,,,,
2020-05-13,67.19,64.13,69.97,,,,19.0,15.49,22.2,,,,4.87,2.29,7.28,,,,2.05,-0.43,4.54,,,,3.12,0.53,5.62,,,,1.0,-2.04,4.35,,,,1.96,-0.72,4.67,,,,,,,,,,
2020-05-14,67.14,64.11,69.92,,,,19.03,15.53,22.2,,,,4.88,2.33,7.25,,,,2.05,-0.44,4.54,,,,3.11,0.53,5.64,,,,1.0,-2.03,4.24,,,,1.97,-0.71,4.65,,,,,,,,,,
2020-05-15,67.1,64.09,69.86,,,,19.06,15.56,22.21,,,,4.88,2.39,7.21,,,,2.05,-0.46,4.54,,,,3.11,0.55,5.62,,,,1.0,-1.95,4.14,,,,1.98,-0.69,4.58,,,,,,,,,,
2020-05-16,67.05,64.07,69.8,,,,19.1,15.61,22.22,,,,4.88,2.36,7.23,,,,2.06,-0.47,4.58,,,,3.11,0.55,5.62,,,,1.0,-1.88,4.05,,,,2.0,-0.67,4.58,,,,,,,,,,
2020-05-17,67.01,64.06,69.73,,,,19.13,15.67,22.22,,,,4.89,2.34,7.26,,,,2.06,-0.46,4.6,,,,3.11,0.54,5.62,,,,1.0,-1.85,4.02,,,,2.01,-0.6,4.61,,,,,,,,,,
2020-05-18,66.96,64.04,69.69,,,,19.16,15.74,22.23,,,,4.89,2.33,7.29,,,,2.06,-0.44,4.62,,,,3.11,0.55,5.63,,,,1.0,-1.8,4.0,,,,2.02,-0.62,4.63,,,,,,,,,,
2020-05-19,66.91,64.0,69.65,,,,19.2,15.8,22.3,,,,4.9,2.35,7.32,,,,2.06,-0.43,4.62,,,,3.1,0.58,5.62,,,,1.0,-1.79,3.98,,,,2.03,-0.61,4.64,,,,70.0,17.0,5.0,2.0,3.0,1.0,1.0
2020-05-20,66.86,64.0,69.6,,,,19.23,15.87,22.39,,,,4.9,2.37,7.32,,,,2.07,-0.42,4.62,,,,3.1,0.6,5.62,,,,1.0,-1.77,3.96,,,,2.04,-0.6,4.66,,,,,,,,,,
2020-05-21,66.81,63.99,69.54,,,,19.27,15.95,22.46,,,,4.91,2.38,7.34,,,,2.07,-0.41,4.62,,,,3.1,0.59,5.61,,,,1.0,-1.77,3.9,,,,2.06,-0.58,4.69,,,,,,,,,,
2020-05-22,66.76,63.97,69.49,,,,19.3,16.02,22.52,,,,4.92,2.4,7.37,,,,2.07,-0.42,4.62,,,,3.1,0.6,5.56,,,,1.0,-1.77,3.89,,,,2.07,-0.56,4.72,,,,,,,,,,
2020-05-23,66.7,63.95,69.38,,,,19.34,16.1,22.5,,,,4.92,2.42,7.39,,,,2.08,-0.42,4.61,,,,3.09,0.6,5.51,,,,1.0,-1.77,3.89,,,,2.08,-0.56,4.74,,,,,,,,,,
2020-05-24,66.65,63.92,69.23,,,,19.37,16.17,22.47,,,,4.93,2.42,7.42,,,,2.08,-0.42,4.6,,,,3.09,0.64,5.46,,,,1.0,-1.76,3.86,,,,2.1,-0.56,4.75,,,,,,,,,,
2020-05-25,66.59,63.87,69.12,,,,19.41,16.24,22.45,,,,4.94,2.42,7.44,,,,2.08,-0.39,4.61,,,,3.09,0.66,5.41,,,,1.0,-1.76,3.84,,,,2.11,-0.52,4.77,,,,,,,,,,
2020-05-26,66.53,63.82,69.07,,,,19.44,16.32,22.42,,,,4.94,2.42,7.47,,,,2.09,-0.36,4.58,,,,3.09,0.68,5.36,,,,1.0,-1.73,3.82,,,,2.12,-0.49,4.78,,,,64.0,24.0,4.0,1.0,3.0,1.0,1.0
2020-05-27,66.48,63.77,68.98,,,,19.48,16.4,22.44,,,,4.95,2.43,7.49,,,,2.09,-0.35,4.57,,,,3.09,0.67,5.31,,,,1.0,-1.78,3.8,,,,2.14,-0.47,4.79,,,,,,,,,,
2020-05-28,66.42,63.72,68.93,,,,19.52,16.48,22.42,,,,4.96,2.44,7.51,,,,2.1,-0.34,4.57,,,,3.09,0.66,5.3,,,,1.0,-1.77,3.79,,,,2.15,-0.46,4.8,,,,,,,,,,
2020-05-29,66.35,63.68,68.88,,,,19.56,16.57,22.5,,,,4.97,2.46,7.45,,,,2.1,-0.34,4.58,,,,3.08,0.66,5.28,,,,1.0,-1.8,3.78,,,,2.17,-0.44,4.81,,,,,,,,,,
2020-05-30,66.29,63.63,68.82,,,,19.59,16.65,22.58,,,,4.98,2.48,7.41,,,,2.11,-0.35,4.6,,,,3.08,0.65,5.26,,,,1.0,-1.74,3.76,,,,2.19,-0.42,4.82,,,,63.0,23.0,5.0,3.0,4.0,,2.0
2020-05-31,66.23,63.59,68.71,,,,19.63,16.71,22.66,,,,4.99,2.46,7.36,,,,2.11,-0.36,4.61,,,,3.08,0.65,5.25,,,,1.0,-1.68,3.76,,,,2.2,-0.4,4.82,,,,,,,,,,
2020-06-01,66.16,63.5,68.65,,,,19.67,16.73,22.73,,,,5.0,2.46,7.32,,,,2.11,-0.38,4.59,,,,3.08,0.65,5.24,,,,1.0,-1.65,3.82,,,,2.22,-0.39,4.82,,,,,,,,,,
2020-06-02,66.1,63.46,68.56,,,,19.71,16.77,22.71,,,,5.01,2.47,7.3,,,,2.12,-0.39,4.57,,,,3.08,0.65,5.24,,,,1.0,-1.62,3.89,,,,2.24,-0.37,4.82,,,,,,,,,,
2020-06-03,66.03,63.43,68.45,,,,19.75,16.86,22.7,,,,5.02,2.52,7.32,,,,2.12,-0.38,4.55,,,,3.08,0.67,5.24,,,,1.0,-1.62,3.9,,,,2.25,-0.36,4.82,,,,,,,,,,
2020-06-04,65.96,63.38,68.34,,,,19.79,16.95,22.68,,,,5.03,2.57,7.33,,,,2.12,-0.39,4.53,,,,3.08,0.67,5.23,,,,1.0,-1.68,3.88,,,,2.27,-0.34,4.82,,,,,,,,,,
2020-06-05,65.89,63.32,68.23,,,,19.83,16.99,22.67,,,,5.04,2.62,7.34,,,,2.13,-0.36,4.51,,,,3.08,0.68,5.23,,,,1.0,-1.74,3.86,,,,2.29,-0.3,4.81,,,,,,,,,,
2020-06-06,65.82,63.31,68.13,,,,19.87,17.03,22.65,,,,5.05,2.67,7.35,,,,2.13,-0.31,4.49,,,,3.08,0.69,5.23,,,,1.0,-1.79,3.84,,,,2.31,-0.27,4.8,,,,,,,,,,
2020-06-07,65.75,63.29,68.08,,,,19.91,17.05,22.64,,,,5.06,2.72,7.35,,,,2.13,-0.29,4.47,,,,3.08,0.71,5.22,,,,1.0,-1.81,3.83,,,,2.33,-0.24,4.8,,,,,,,,,,
2020-06-08,65.68,63.19,68.02,,,,19.95,17.09,22.69,,,,5.07,2.78,7.36,,,,2.14,-0.29,4.45,,,,3.08,0.73,5.19,,,,1.0,-1.73,3.86,,,,2.35,-0.22,4.79,,,,,,,,,,
2020-06-09,65.61,63.16,67.97,,,,20.0,17.12,22.73,,,,5.08,2.83,7.36,,,,2.14,-0.28,4.43,,,,3.09,0.76,5.16,,,,1.0,-1.64,3.85,,,,2.37,-0.2,4.77,,,,,,,,,,
2020-06-10,65.54,63.05,67.88,,,,20.04,17.16,22.77,,,,5.09,2.86,7.36,,,,2.14,-0.28,4.41,,,,3.09,0.78,5.13,,,,1.0,-1.55,3.79,,,,2.39,-0.12,4.76,,,,,,,,,,
2020-06-11,65.46,62.97,67.83,,,,20.08,17.19,22.81,,,,5.11,2.86,7.37,,,,2.14,-0.27,4.39,,,,3.09,0.76,5.1,,,,1.0,-1.47,3.76,,,,2.41,-0.06,4.75,,,,,,,,,,
2020-06-12,65.39,62.91,67.75,,,,20.12,17.22,22.83,,,,5.12,2.87,7.45,,,,2.14,-0.27,4.38,,,,3.09,0.71,5.11,,,,1.0,-1.46,3.74,,,,2.43,-0.07,4.74,,,,66.0,21.0,3.0,1.0,3.0,1.0,3.0
2020-06-13,65.32,62.84,67.59,,,,20.16,17.25,22.87,,,,5.13,2.87,7.44,,,,2.15,-0.27,4.36,,,,3.1,0.65,5.13,,,,1.0,-1.45,3.72,,,,2.45,-0.06,4.71,,,,,,,,,,
2020-06-14,65.24,62.77,67.42,,,,20.2,17.25,22.91,,,,5.14,2.87,7.45,,,,2.15,-0.27,4.42,,,,3.1,0.65,5.13,,,,1.0,-1.37,3.7,,,,2.48,-0.01,4.69,,,,,,,,,,
2020-06-15,65.17,62.68,67.31,,,,20.24,17.31,22.94,,,,5.15,2.86,7.5,,,,2.15,-0.26,4.43,,,,3.1,0.68,5.11,,,,1.0,-1.31,3.68,,,,2.5,0.04,4.67,,,,,,,,,,
2020-06-16,65.1,62.59,67.26,,,,20.27,17.35,22.97,,,,5.16,2.88,7.55,,,,2.15,-0.25,4.4,,,,3.11,0.72,5.12,,,,1.0,-1.26,3.66,,,,2.52,0.08,4.65,,,,,,,,,,
2020-06-17,65.02,62.58,67.21,,,,20.31,17.38,23.01,,,,5.17,2.88,7.54,,,,2.15,-0.23,4.35,,,,3.11,0.77,5.19,,,,1.0,-1.27,3.64,,,,2.54,0.11,4.62,,,,,,,,,,
2020-06-18,64.95,62.53,67.16,,,,20.35,17.43,23.03,,,,5.18,2.88,7.53,,,,2.15,-0.2,4.32,,,,3.12,0.82,5.18,,,,1.0,-1.28,3.61,,,,2.57,0.14,4.63,,,,,,,,,,
2020-06-19,64.88,62.46,67.12,,,,20.38,17.58,23.06,,,,5.19,2.91,7.52,,,,2.15,-0.19,4.29,,,,3.13,0.86,5.18,,,,1.0,-1.28,3.56,,,,2.59,0.2,4.67,,,,,,,,,,
2020-06-20,64.81,62.4,67.07,,,,20.42,17.68,23.04,,,,5.2,2.97,7.52,,,,2.15,-0.22,4.25,,,,3.13,0.91,5.18,,,,1.0,-1.29,3.52,,,,2.61,0.25,4.71,,,,,,,,,,
2020-06-21,64.74,62.35,67.01,,,,20.45,17.75,23.01,,,,5.21,2.96,7.57,,,,2.15,-0.18,4.21,,,,3.14,0.92,5.22,,,,1.0,-1.29,3.55,,,,2.64,0.29,4.73,,,,,,,,,,
2020-06-22,64.67,62.29,67.0,,,,20.49,17.83,22.97,,,,5.22,2.95,7.59,,,,2.14,-0.14,4.19,,,,3.15,0.91,5.29,,,,1.0,-1.28,3.56,,,,2.66,0.31,4.75,,,,,,,,,,
2020-06-23,64.6,62.25,66.93,,,,20.52,17.91,22.98,,,,5.23,2.94,7.62,,,,2.14,-0.12,4.2,,,,3.16,0.93,5.35,,,,1.0,-1.25,3.53,,,,2.69,0.32,4.73,,,,,,,,,,
2020-06-24,64.53,62.23,66.87,,,,20.55,18.0,23.05,,,,5.24,2.97,7.65,,,,2.14,-0.14,4.21,,,,3.17,0.93,5.41,,,,1.0,-1.24,3.52,,,,2.71,0.35,4.76,,,,,,,,,,
2020-06-25,64.46,62.18,66.78,,,,20.58,18.08,23.12,,,,5.25,3.02,7.66,,,,2.14,-0.11,4.18,,,,3.18,0.93,5.38,,,,1.0,-1.23,3.58,,,,2.73,0.4,4.8,,,,,,,,,,
2020-06-26,64.4,62.14,66.7,,,,20.6,18.18,23.18,,,,5.26,3.02,7.67,,,,2.14,-0.08,4.15,,,,3.19,1.01,5.35,,,,1.0,-1.22,3.65,,,,2.76,0.46,4.83,,,,,,,,,,
2020-06-27,64.33,62.09,66.62,,,,20.63,18.26,23.16,,,,5.27,3.01,7.66,,,,2.13,-0.07,4.14,,,,3.2,1.07,5.38,,,,1.0,-1.21,3.69,,,,2.78,0.51,4.89,,,,,,,,,,
2020-06-28,64.27,62.05,66.54,,,,20.66,18.34,23.11,,,,5.27,3.01,7.68,,,,2.13,-0.1,4.17,,,,3.21,1.1,5.41,,,,1.0,-1.21,3.67,,,,2.81,0.57,4.89,,,,63.0,21.0,6.0,2.0,4.0,,2.0
2020-06-29,64.21,62.01,66.47,,,,20.68,18.36,23.09,,,,5.28,3.01,7.69,,,,2.13,-0.05,4.16,,,,3.22,1.12,5.43,,,,1.0,-1.19,3.62,,,,2.83,0.63,4.88,,,,,,,,,,
2020-06-30,64.15,61.96,66.39,,,,20.7,18.38,23.13,,,,5.29,3.01,7.67,,,,2.12,-0.02,4.12,,,,3.24,1.13,5.46,,,,1.0,-1.17,3.56,,,,2.86,0.67,4.9,,,,,,,,,,
2020-07-01,64.09,61.92,66.34,,,,20.72,18.4,23.07,,,,5.3,3.03,7.65,,,,2.12,-0.01,4.11,,,,3.25,1.15,5.48,,,,1.0,-1.15,3.5,,,,2.88,0.72,4.9,,,,,,,,,,
2020-07-02,64.03,61.88,66.31,,,,20.74,18.45,23.02,,,,5.31,3.05,7.63,,,,2.12,-0.01,4.13,,,,3.26,1.16,5.51,,,,1.0,-1.15,3.44,,,,2.9,0.75,4.9,,,,,,,,,,
2020-07-03,63.97,61.84,66.25,,,,20.76,18.49,23.03,,,,5.31,3.05,7.61,,,,2.11,-0.0,4.14,,,,3.27,1.18,5.53,,,,1.0,-1.17,3.38,,,,2.93,0.78,4.9,,,,,,,,,,
2020-07-04,63.91,61.78,66.19,,,,20.78,18.5,23.0,,,,5.32,3.04,7.59,,,,2.11,0.01,4.16,,,,3.29,1.2,5.55,,,,1.0,-1.2,3.32,,,,2.95,0.84,4.94,,,,,,,,,,
2020-07-05,63.85,61.7,66.11,,,,20.8,18.51,23.04,,,,5.33,3.03,7.57,,,,2.11,0.01,4.18,,,,3.3,1.21,5.57,,,,1.0,-1.22,3.33,,,,2.98,0.9,4.99,,,,,,,,,,
2020-07-06,63.8,61.62,66.07,,,,20.82,18.52,23.04,,,,5.34,3.03,7.56,,,,2.1,0.02,4.2,,,,3.31,1.23,5.59,,,,1.0,-1.24,3.35,,,,3.0,0.95,4.96,,,,,,,,,,
2020-07-07,63.74,61.55,66.02,,,,20.83,18.54,23.04,,,,5.34,3.06,7.57,,,,2.1,0.02,4.22,,,,3.32,1.25,5.6,,,,1.0,-1.28,3.36,,,,3.03,1.0,4.96,,,,,,,,,,
2020-07-08,63.69,61.5,65.97,,,,20.85,18.57,23.03,,,,5.35,3.09,7.6,,,,2.09,0.03,4.24,,,,3.33,1.26,5.59,,,,1.0,-1.32,3.41,,,,3.05,1.05,4.98,,,,,,,,,,
2020-07-09,63.64,61.44,65.92,,,,20.86,18.59,23.04,,,,5.36,3.13,7.64,,,,2.09,0.04,4.24,,,,3.35,1.28,5.54,,,,1.0,-1.43,3.44,,,,3.08,1.09,5.0,,,,66.0,21.0,5.0,2.0,2.0,1.0,3.0
2020-07-10,63.58,61.39,65.83,,,,20.87,18.64,23.03,,,,5.37,3.17,7.65,,,,2.09,0.04,4.22,,,,3.36,1.29,5.59,,,,1.0,-1.45,3.48,,,,3.1,1.12,5.03,,,,,,,,,,
2020-07-11,63.53,61.31,65.78,,,,20.88,18.64,23.05,,,,5.37,3.22,7.56,,,,2.08,0.03,4.24,,,,3.37,1.31,5.64,,,,1.0,-1.41,3.48,,,,3.13,1.15,5.05,,,,,,,,,,
2020-07-12,63.48,61.16,65.7,,,,20.89,18.67,23.1,,,,5.38,3.26,7.53,,,,2.08,0.01,4.27,,,,3.38,1.33,5.69,,,,1.0,-1.44,3.46,,,,3.15,1.18,5.11,,,,,,,,,,
2020-07-13,63.43,61.13,65.64,,,,20.9,18.7,23.15,,,,5.39,3.29,7.51,,,,2.08,-0.0,4.29,,,,3.39,1.34,5.71,,,,1.0,-1.44,3.52,,,,3.18,1.2,5.17,,,,,,,,,,
2020-07-14,63.38,61.05,65.57,,,,20.91,18.72,23.12,,,,5.4,3.36,7.49,,,,2.07,-0.01,4.3,,,,3.4,1.36,5.72,,,,1.0,-1.44,3.59,,,,3.2,1.24,5.17,,,,,,,,,,
2020-07-15,63.33,60.95,65.53,,,,20.92,18.75,23.11,,,,5.4,3.42,7.47,,,,2.07,0.04,4.31,,,,3.41,1.38,5.73,,,,1.0,-1.43,3.64,,,,3.23,1.27,5.15,,,,,,,,,,
2020-07-16,63.28,60.85,65.5,,,,20.92,18.78,23.12,,,,5.41,3.48,7.44,,,,2.07,0.09,4.31,,,,3.42,1.45,5.74,,,,1.0,-1.43,3.7,,,,3.25,1.31,5.15,,,,,,,,,,
2020-07-17,63.23,60.74,65.47,,,,20.93,18.81,23.13,,,,5.42,3.5,7.43,,,,2.07,0.12,4.28,,,,3.43,1.45,5.7,,,,1.0,-1.43,3.77,,,,3.28,1.34,5.21,,,,,,,,,,
2020-07-18,63.19,60.64,65.42,,,,20.93,18.84,23.14,,,,5.43,3.49,7.46,,,,2.07,0.15,4.24,,,,3.44,1.48,5.67,,,,1.0,-1.42,3.81,,,,3.3,1.37,5.27,,,,,,,,,,
2020-07-19,63.14,60.57,65.35,,,,20.94,18.87,23.13,,,,5.43,3.48,7.48,,,,2.06,0.17,4.2,,,,3.45,1.49,5.62,,,,1.0,-1.41,3.83,,,,3.33,1.41,5.3,,,,,,,,,,
2020-07-20,63.09,60.56,65.32,,,,20.94,18.91,23.12,,,,5.44,3.48,7.5,,,,2.06,0.23,4.15,,,,3.46,1.5,5.57,,,,1.0,-1.38,3.84,,,,3.35,1.45,5.32,,,,,,,,,,
2020-07-21,63.04,60.53,65.32,,,,20.94,18.94,23.1,,,,5.45,3.51,7.53,,,,2.06,0.24,4.11,,,,3.47,1.48,5.57,,,,1.0,-1.4,3.81,,,,3.38,1.54,5.35,,,,,,,,,,
2020-07-22,62.99,60.46,65.28,,,,20.95,18.95,23.11,,,,5.46,3.56,7.5,,,,2.06,0.25,4.14,,,,3.48,1.54,5.58,,,,1.0,-1.35,3.85,,,,3.4,1.63,5.37,,,,,,,,,,
2020-07-23,62.95,60.38,65.24,,,,20.95,18.96,23.1,,,,5.46,3.57,7.46,,,,2.06,0.27,4.2,,,,3.49,1.56,5.59,,,,1.0,-1.3,3.85,,,,3.43,1.63,5.4,,,,65.0,20.0,5.0,2.0,3.0,1.0,4.0
2020-07-24,62.9,60.3,65.23,,,,20.95,18.97,23.08,,,,5.47,3.58,7.44,,,,2.07,0.28,4.24,,,,3.5,1.59,5.59,,,,1.0,-1.26,3.85,,,,3.46,1.62,5.42,,,,,,,,,,
2020-07-25,62.85,60.22,65.24,,,,20.95,18.97,23.07,,,,5.48,3.55,7.48,,,,2.07,0.25,4.29,,,,3.51,1.59,5.6,,,,1.0,-1.21,3.85,,,,3.48,1.66,5.44,,,,,,,,,,
2020-07-26,62.81,60.14,65.24,,,,20.96,19.0,23.06,,,,5.49,3.51,7.51,,,,2.07,0.23,4.29,,,,3.51,1.57,5.64,,,,1.0,-1.2,3.84,,,,3.51,1.64,5.45,,,,,,,,,,
2020-07-27,62.76,60.07,65.24,,,,20.96,19.01,23.04,,,,5.49,3.5,7.47,,,,2.07,0.27,4.28,,,,3.52,1.58,5.71,,,,1.0,-1.25,3.89,,,,3.53,1.61,5.47,,,,,,,,,,
2020-07-28,62.71,60.0,65.22,,,,20.96,18.98,23.02,,,,5.5,3.55,7.44,,,,2.07,0.3,4.27,,,,3.53,1.59,5.78,,,,1.0,-1.3,3.92,,,,3.56,1.62,5.5,,,,,,,,,,
2020-07-29,62.67,59.96,65.2,,,,20.96,18.99,22.99,,,,5.51,3.58,7.42,,,,2.08,0.23,4.26,,,,3.53,1.6,5.79,,,,1.0,-1.33,3.98,,,,3.59,1.68,5.52,,,,,,,,,,
2020-07-30,62.62,59.97,65.18,,,,20.96,19.0,22.97,,,,5.52,3.56,7.38,,,,2.08,0.22,4.26,,,,3.54,1.53,5.79,,,,1.0,-1.27,4.04,,,,3.61,1.7,5.54,,,,,,,,,,
2020-07-31,62.58,59.97,65.15,,,,20.96,19.04,22.95,,,,5.52,3.54,7.36,,,,2.08,0.26,4.25,,,,3.55,1.5,5.83,,,,1.0,-1.29,4.07,,,,3.64,1.74,5.55,,,,62.0,18.0,7.0,3.0,3.0,1.0,5.0
2020-08-01,62.54,59.99,65.11,,,,20.96,19.01,22.96,,,,5.53,3.57,7.34,,,,2.09,0.29,4.24,,,,3.55,1.5,5.86,,,,1.0,-1.31,4.12,,,,3.66,1.79,5.56,,,,,,,,,,
2020-08-02,62.49,60.0,65.02,,,,20.96,19.02,22.93,,,,5.54,3.6,7.35,,,,2.09,0.27,4.23,,,,3.56,1.47,5.83,,,,1.0,-1.33,4.16,,,,3.69,1.83,5.57,,,,,,,,,,
2020-08-03,62.45,59.96,64.92,,,,20.96,19.02,22.9,,,,5.55,3.64,7.35,,,,2.1,0.28,4.2,,,,3.56,1.48,5.8,,,,1.0,-1.32,4.19,,,,3.71,1.86,5.59,,,,,,,,,,
2020-08-04,62.41,59.89,64.81,,,,20.96,18.96,22.89,,,,5.56,3.67,7.35,,,,2.1,0.32,4.17,,,,3.57,1.52,5.77,,,,1.0,-1.31,4.23,,,,3.74,1.9,5.55,,,,,,,,,,
2020-08-05,62.36,59.82,64.7,,,,20.96,19.0,22.9,,,,5.56,3.71,7.36,,,,2.11,0.26,4.13,,,,3.57,1.53,5.74,,,,1.0,-1.29,4.18,,,,3.76,1.94,5.57,,,,62.0,22.0,8.0,2.0,2.0,1.0,2.0
2020-08-06,62.32,59.74,64.7,,,,20.96,19.04,22.92,,,,5.57,3.75,7.34,,,,2.11,0.23,4.14,,,,3.57,1.55,5.71,,,,1.0,-1.36,4.21,,,,3.79,1.98,5.6,,,,,,,,,,
2020-08-07,62.28,59.68,64.69,,,,20.96,19.04,22.93,,,,5.58,3.73,7.35,,,,2.12,0.23,4.13,,,,3.58,1.56,5.68,,,,1.0,-1.42,4.25,,,,3.81,2.02,5.63,,,,,,,,,,
2020-08-08,62.24,59.64,64.69,,,,20.95,19.04,22.95,,,,5.59,3.73,7.3,,,,2.13,0.23,4.11,,,,3.58,1.55,5.67,,,,1.0,-1.48,4.25,,,,3.83,2.04,5.66,,,,,,,,,,
2020-08-09,62.2,59.65,64.67,,,,20.95,19.05,22.96,,,,5.59,3.77,7.29,,,,2.13,0.24,4.1,,,,3.59,1.56,5.68,,,,1.0,-1.52,4.32,,,,3.86,2.07,5.69,,,,,,,,,,
2020-08-10,62.15,59.65,64.6,,,,20.95,19.04,22.96,,,,5.6,3.78,7.32,,,,2.14,0.27,4.08,,,,3.59,1.55,5.7,,,,1.0,-1.57,4.33,,,,3.88,2.08,5.71,,,,,,,,,,
2020-08-11,62.11,59.62,64.49,,,,20.95,19.02,22.97,,,,5.61,3.77,7.35,,,,2.14,0.31,4.08,,,,3.59,1.57,5.71,,,,1.0,-1.62,4.33,,,,3.9,2.1,5.73,,,,,,,,,,
2020-08-12,62.07,59.59,64.46,,,,20.95,18.98,22.95,,,,5.62,3.78,7.37,,,,2.15,0.35,4.06,,,,3.6,1.57,5.73,,,,1.0,-1.66,4.32,,,,3.93,2.11,5.75,,,,64.0,20.0,4.0,3.0,5.0,1.0,3.0
2020-08-13,62.03,59.56,64.42,,,,20.95,18.95,22.95,,,,5.62,3.78,7.37,,,,2.16,0.35,4.12,,,,3.6,1.58,5.73,,,,1.0,-1.7,4.31,,,,3.95,2.12,5.78,,,,,,,,,,
2020-08-14,61.99,59.54,64.39,,,,20.95,18.92,22.95,,,,5.63,3.79,7.37,,,,2.17,0.36,4.13,,,,3.6,1.59,5.74,,,,1.0,-1.73,4.29,,,,3.97,2.14,5.84,,,,,,,,,,
2020-08-15,61.95,59.53,64.35,,,,20.95,18.93,22.95,,,,5.64,3.78,7.39,,,,2.17,0.36,4.14,,,,3.61,1.59,5.7,,,,1.0,-1.75,4.26,,,,3.99,2.16,5.91,,,,,,,,,,
2020-08-16,61.91,59.53,64.31,,,,20.96,18.96,22.98,,,,5.64,3.79,7.41,,,,2.18,0.37,4.15,,,,3.61,1.6,5.67,,,,1.0,-1.77,4.24,,,,4.01,2.18,5.92,,,,,,,,,,
2020-08-17,61.86,59.51,64.25,,,,20.96,19.0,23.01,,,,5.65,3.79,7.47,,,,2.19,0.38,4.12,,,,3.62,1.6,5.68,,,,1.0,-1.79,4.2,,,,4.03,2.19,5.93,,,,,,,,,,
2020-08-18,61.82,59.44,64.19,,,,20.96,19.04,23.07,,,,5.66,3.79,7.5,,,,2.19,0.38,4.08,,,,3.62,1.62,5.73,,,,1.0,-1.8,4.17,,,,4.05,2.21,5.96,,,,,,,,,,
2020-08-19,61.78,59.41,64.13,,,,20.97,19.08,23.13,,,,5.66,3.79,7.55,,,,2.2,0.43,4.1,,,,3.62,1.64,5.77,,,,1.0,-1.77,4.13,,,,4.08,2.23,6.03,,,,58.0,24.0,7.0,2.0,3.0,,5.0
2020-08-20,61.74,59.38,64.07,,,,20.97,19.09,23.12,,,,5.67,3.79,7.6,,,,2.21,0.46,4.1,,,,3.63,1.62,5.79,,,,1.0,-1.82,4.08,,,,4.1,2.25,6.06,,,,,,,,,,
2020-08-21,61.69,59.36,64.04,,,,20.98,19.03,23.16,,,,5.67,3.78,7.63,,,,2.22,0.49,4.11,,,,3.63,1.62,5.82,,,,1.0,-1.85,4.06,,,,4.12,2.29,6.05,,,,,,,,,,
2020-08-22,61.65,59.33,63.99,,,,20.98,18.98,23.17,,,,5.68,3.78,7.63,,,,2.22,0.52,4.12,,,,3.63,1.59,5.83,,,,1.0,-1.86,4.03,,,,4.14,2.33,6.07,,,,,,,,,,
2020-08-23,61.6,59.26,63.93,,,,20.99,18.99,23.17,,,,5.68,3.77,7.58,,,,2.23,0.5,4.12,,,,3.64,1.55,5.82,,,,1.0,-1.88,4.01,,,,4.16,2.33,6.05,,,,,,,,,,
2020-08-24,61.56,59.24,63.83,,,,21.0,19.03,23.19,,,,5.69,3.84,7.55,,,,2.24,0.45,4.13,,,,3.64,1.51,5.8,,,,1.0,-1.9,4.05,,,,4.18,2.33,6.07,,,,,,,,,,
2020-08-25,61.51,59.21,63.82,,,,21.01,19.09,23.21,,,,5.69,3.9,7.5,,,,2.24,0.45,4.13,,,,3.64,1.49,5.79,,,,1.0,-1.91,4.05,,,,4.2,2.35,6.05,,,,62.0,21.0,6.0,1.0,3.0,,5.0
2020-08-26,61.47,59.2,63.81,,,,21.02,19.15,23.23,,,,5.69,3.95,7.5,,,,2.25,0.43,4.13,,,,3.65,1.51,5.78,,,,1.0,-1.92,4.05,,,,4.22,2.36,6.08,,,,,,,,,,
2020-08-27,61.42,59.17,63.79,,,,21.03,19.17,23.21,,,,5.7,3.97,7.51,,,,2.26,0.4,4.16,,,,3.65,1.54,5.76,,,,1.0,-1.93,4.05,,,,4.24,2.38,6.11,,,,,,,,,,
2020-08-28,61.38,59.14,63.77,,,,21.04,19.18,23.2,,,,5.7,3.97,7.51,,,,2.26,0.38,4.19,,,,3.66,1.56,5.77,,,,1.0,-1.94,4.04,,,,4.26,2.39,6.14,,,,,,,,,,
2020-08-29,61.33,59.1,63.73,,,,21.05,19.18,23.23,,,,5.7,3.95,7.51,,,,2.27,0.35,4.21,,,,3.66,1.59,5.75,,,,1.0,-1.95,4.04,,,,4.28,2.41,6.16,,,,,,,,,,
2020-08-30,61.28,59.07,63.7,,,,21.06,19.18,23.22,,,,5.7,3.92,7.52,,,,2.27,0.33,4.2,,,,3.66,1.61,5.71,,,,1.0,-1.96,4.04,,,,4.3,2.43,6.19,,,,,,,,,,
2020-08-31,61.24,59.03,63.67,,,,21.07,19.19,23.24,,,,5.7,3.9,7.54,,,,2.28,0.31,4.19,,,,3.67,1.64,5.7,,,,1.0,-1.96,4.04,,,,4.32,2.45,6.23,,,,,,,,,,
2020-09-01,61.19,58.98,63.64,,,,21.09,19.16,23.27,,,,5.71,3.88,7.56,,,,2.29,0.3,4.2,,,,3.67,1.7,5.71,,,,1.0,-1.96,4.04,,,,4.34,2.44,6.26,,,,,,,,,,
2020-09-02,61.14,58.91,63.6,,,,21.1,19.15,23.29,,,,5.71,3.86,7.55,,,,2.29,0.28,4.2,,,,3.68,1.71,5.72,,,,1.0,-1.89,4.05,,,,4.36,2.42,6.27,,,,,,,,,,
2020-09-03,61.1,58.83,63.57,,,,21.11,19.14,23.32,,,,5.71,3.84,7.54,,,,2.3,0.26,4.23,,,,3.68,1.71,5.73,,,,1.0,-1.82,4.13,,,,4.38,2.4,6.3,,,,,,,,,,
2020-09-04,61.05,58.75,63.54,,,,21.13,19.16,23.34,,,,5.71,3.82,7.52,,,,2.3,0.25,4.25,,,,3.69,1.73,5.74,,,,1.0,-1.75,4.2,,,,4.4,2.45,6.32,,,,57.0,23.0,4.0,3.0,7.0,1.0,4.0
2020-09-05,61.0,58.67,63.48,,,,21.14,19.16,23.37,,,,5.71,3.81,7.52,,,,2.31,0.23,4.25,,,,3.69,1.72,5.75,,,,1.0,-1.74,4.21,,,,4.42,2.44,6.34,,,,,,,,,,
2020-09-06,60.95,58.64,63.42,,,,21.16,19.21,23.39,,,,5.71,3.81,7.51,,,,2.31,0.21,4.23,,,,3.7,1.71,5.72,,,,1.0,-1.78,4.18,,,,4.44,2.48,6.38,,,,,,,,,,
2020-09-07,60.91,58.62,63.36,,,,21.17,19.22,23.41,,,,5.71,3.8,7.49,,,,2.32,0.2,4.25,,,,3.7,1.69,5.73,,,,1.0,-1.82,4.16,,,,4.45,2.5,6.44,,,,,,,,,,
2020-09-08,60.86,58.59,63.29,,,,21.19,19.21,23.45,,,,5.7,3.79,7.52,,,,2.32,0.2,4.27,,,,3.71,1.67,5.76,,,,1.01,-1.79,4.12,,,,4.47,2.49,6.48,,,,,,,,,,
2020-09-09,60.81,58.52,63.22,,,,21.21,19.25,23.46,,,,5.7,3.81,7.53,,,,2.32,0.2,4.29,,,,3.71,1.66,5.77,,,,1.01,-1.79,4.09,,,,4.49,2.48,6.51,,,,68.0,18.0,5.0,1.0,5.0,1.0,3.0
2020-09-10,60.76,58.45,63.14,,,,21.22,19.26,23.48,,,,5.7,3.79,7.52,,,,2.33,0.22,4.28,,,,3.72,1.66,5.75,,,,1.01,-1.81,4.11,,,,4.5,2.5,6.51,,,,,,,,,,
2020-09-11,60.72,58.41,63.05,,,,21.24,19.26,23.5,,,,5.7,3.78,7.54,,,,2.33,0.27,4.29,,,,3.72,1.65,5.73,,,,1.01,-1.84,4.12,,,,4.52,2.56,6.53,,,,,,,,,,
2020-09-12,60.67,58.38,62.99,,,,21.26,19.27,23.49,,,,5.7,3.81,7.59,,,,2.34,0.31,4.31,,,,3.73,1.64,5.74,,,,1.01,-1.86,4.16,,,,4.54,2.62,6.6,,,,,,,,,,
2020-09-13,60.62,58.32,62.91,,,,21.28,19.29,23.5,,,,5.7,3.84,7.64,,,,2.34,0.35,4.32,,,,3.73,1.64,5.77,,,,1.02,-1.89,4.16,,,,4.55,2.64,6.66,,,,,,,,,,
2020-09-14,60.57,58.23,62.86,,,,21.3,19.35,23.55,,,,5.7,3.83,7.69,,,,2.34,0.38,4.28,,,,3.74,1.64,5.76,,,,1.02,-1.9,4.18,,,,4.57,2.65,6.7,,,,,,,,,,
2020-09-15,60.52,58.14,62.86,,,,21.32,19.37,23.56,,,,5.69,3.81,7.68,,,,2.35,0.38,4.28,,,,3.74,1.64,5.77,,,,1.02,-1.89,4.2,,,,4.58,2.66,6.73,,,,,,,,,,
2020-09-16,60.48,58.04,62.86,,,,21.34,19.39,23.58,,,,5.69,3.8,7.71,,,,2.35,0.38,4.29,,,,3.75,1.69,5.78,,,,1.03,-1.84,4.21,,,,4.59,2.67,6.74,,,,,,,,,,
2020-09-17,60.43,57.98,62.77,,,,21.36,19.41,23.6,,,,5.69,3.78,7.73,,,,2.35,0.38,4.28,,,,3.75,1.69,5.79,,,,1.03,-1.8,4.24,,,,4.61,2.69,6.76,,,,61.0,21.0,5.0,2.0,4.0,1.0,4.0
2020-09-18,60.38,57.94,62.74,,,,21.38,19.44,23.61,,,,5.69,3.77,7.74,,,,2.35,0.39,4.28,,,,3.76,1.67,5.8,,,,1.03,-1.84,4.26,,,,4.62,2.7,6.77,,,,,,,,,,
2020-09-19,60.33,57.88,62.72,,,,21.4,19.45,23.61,,,,5.69,3.78,7.77,,,,2.36,0.4,4.26,,,,3.76,1.68,5.82,,,,1.04,-1.88,4.28,,,,4.63,2.71,6.78,,,,,,,,,,
2020-09-20,60.28,57.8,62.68,,,,21.42,19.44,23.62,,,,5.69,3.78,7.8,,,,2.36,0.41,4.25,,,,3.77,1.66,5.82,,,,1.04,-1.92,4.28,,,,4.65,2.71,6.79,,,,,,,,,,
2020-09-21,60.23,57.73,62.64,,,,21.44,19.43,23.63,,,,5.69,3.78,7.82,,,,2.36,0.4,4.23,,,,3.77,1.64,5.83,,,,1.05,-1.95,4.3,,,,4.66,2.72,6.8,,,,,,,,,,
2020-09-22,60.18,57.66,62.61,,,,21.46,19.43,23.64,,,,5.69,3.79,7.83,,,,2.36,0.39,4.21,,,,3.78,1.62,5.82,,,,1.05,-1.93,4.32,,,,4.67,2.72,6.8,,,,,,,,,,
2020-09-23,60.13,57.58,62.58,,,,21.48,19.47,23.65,,,,5.69,3.77,7.84,,,,2.37,0.41,4.2,,,,3.78,1.61,5.81,,,,1.06,-1.95,4.33,,,,4.68,2.73,6.82,,,,,,,,,,
2020-09-24,60.08,57.48,62.54,,,,21.5,19.47,23.69,,,,5.69,3.81,7.83,,,,2.37,0.43,4.18,,,,3.79,1.63,5.8,,,,1.06,-1.97,4.35,,,,4.7,2.73,6.82,,,,62.0,20.0,5.0,2.0,2.0,1.0,5.0
2020-09-25,60.03,57.39,62.47,,,,21.52,19.47,23.72,,,,5.68,3.82,7.81,,,,2.37,0.46,4.18,,,,3.79,1.66,5.82,,,,1.07,-2.01,4.34,,,,4.71,2.74,6.85,,,,,,,,,,
2020-09-26,59.99,57.31,62.4,,,,21.55,19.48,23.74,,,,5.68,3.83,7.82,,,,2.38,0.46,4.19,,,,3.8,1.7,5.81,,,,1.07,-2.03,4.33,,,,4.72,2.77,6.84,,,,,,,,,,
2020-09-27,59.94,57.22,62.32,,,,21.57,19.48,23.81,,,,5.68,3.84,7.84,,,,2.38,0.45,4.2,,,,3.8,1.74,5.82,,,,1.08,-2.05,4.32,,,,4.73,2.76,6.83,,,,,,,,,,
2020-09-28,59.89,57.14,62.24,,,,21.59,19.49,23.84,,,,5.68,3.83,7.84,,,,2.38,0.47,4.21,,,,3.8,1.74,5.82,,,,1.09,-2.08,4.32,,,,4.74,2.75,6.86,,,,,,,,,,
2020-09-29,59.84,57.08,62.16,,,,21.61,19.5,23.88,,,,5.68,3.82,7.84,,,,2.38,0.49,4.22,,,,3.81,1.75,5.81,,,,1.09,-2.1,4.33,,,,4.76,2.74,6.89,,,,,,,,,,
2020-09-30,59.79,57.04,62.07,,,,21.63,19.5,23.91,,,,5.68,3.79,7.83,,,,2.39,0.49,4.22,,,,3.81,1.79,5.79,,,,1.1,-2.11,4.34,,,,4.77,2.74,6.88,,,,57.0,22.0,8.0,2.0,4.0,,5.0
2020-10-01,59.74,57.0,61.99,,,,21.65,19.49,23.95,,,,5.68,3.76,7.82,,,,2.39,0.5,4.23,,,,3.81,1.8,5.8,,,,1.1,-2.13,4.35,,,,4.78,2.74,6.88,,,,,,,,,,
2020-10-02,59.7,56.96,61.9,,,,21.67,19.5,23.98,,,,5.68,3.76,7.81,,,,2.39,0.5,4.25,,,,3.81,1.78,5.8,,,,1.11,-2.14,4.36,,,,4.79,2.74,6.88,,,,,,,,,,
2020-10-03,59.65,56.93,61.85,,,,21.69,19.52,24.02,,,,5.68,3.77,7.79,,,,2.4,0.49,4.28,,,,3.81,1.76,5.8,,,,1.12,-2.16,4.36,,,,4.8,2.74,6.91,,,,,,,,,,
2020-10-04,59.6,56.9,61.81,,,,21.71,19.54,24.08,,,,5.68,3.77,7.78,,,,2.4,0.49,4.31,,,,3.81,1.74,5.79,,,,1.12,-2.11,4.37,,,,4.82,2.73,6.94,,,,,,,,,,
2020-10-05,59.56,56.87,61.77,,,,21.73,19.55,24.1,,,,5.68,3.78,7.78,,,,2.41,0.51,4.34,,,,3.82,1.72,5.79,,,,1.13,-2.08,4.38,,,,4.83,2.73,6.96,,,,,,,,,,
2020-10-06,59.51,56.84,61.74,,,,21.75,19.57,24.11,,,,5.68,3.79,7.76,,,,2.41,0.53,4.36,,,,3.82,1.72,5.78,,,,1.14,-2.13,4.38,,,,4.84,2.73,6.97,,,,,,,,,,
2020-10-07,59.47,56.83,61.66,,,,21.77,19.59,24.13,,,,5.68,3.8,7.75,,,,2.42,0.54,4.38,,,,3.81,1.73,5.8,,,,1.14,-2.13,4.37,,,,4.85,2.73,6.99,,,,59.0,23.0,4.0,4.0,4.0,,6.0
2020-10-08,59.43,56.81,61.56,,,,21.79,19.6,24.16,,,,5.68,3.79,7.76,,,,2.42,0.54,4.38,,,,3.81,1.73,5.78,,,,1.15,-2.11,4.31,,,,4.87,2.72,7.01,,,,,,,,,,
2020-10-09,59.38,56.8,61.47,,,,21.81,19.59,24.19,,,,5.69,3.76,7.74,,,,2.42,0.54,4.34,,,,3.81,1.73,5.76,,,,1.15,-2.08,4.29,,,,4.88,2.74,7.02,,,,,,,,,,
2020-10-10,59.34,56.79,61.37,,,,21.83,19.59,24.21,,,,5.69,3.77,7.72,,,,2.43,0.53,4.3,,,,3.81,1.73,5.75,,,,1.16,-2.04,4.24,,,,4.89,2.75,7.04,,,,,,,,,,
2020-10-11,59.3,56.79,61.34,,,,21.85,19.59,24.24,,,,5.69,3.79,7.69,,,,2.44,0.53,4.31,,,,3.81,1.71,5.73,,,,1.17,-2.0,4.23,,,,4.9,2.77,7.05,,,,,,,,,,
2020-10-12,59.26,56.78,61.31,,,,21.87,19.6,24.27,,,,5.69,3.78,7.67,,,,2.44,0.53,4.32,,,,3.81,1.68,5.71,,,,1.17,-1.96,4.25,,,,4.92,2.78,7.07,,,,,,,,,,
2020-10-13,59.22,56.78,61.28,,,,21.88,19.63,24.29,,,,5.69,3.76,7.66,,,,2.45,0.53,4.33,,,,3.81,1.7,5.69,,,,1.18,-1.91,4.27,,,,4.93,2.8,7.07,,,,,,,,,,
2020-10-14,59.18,56.78,61.25,,,,21.9,19.65,24.32,,,,5.69,3.71,7.64,,,,2.45,0.53,4.34,,,,3.8,1.72,5.67,,,,1.19,-1.86,4.29,,,,4.94,2.81,7.07,,,,,,,,,,
2020-10-15,59.14,56.76,61.23,,,,21.92,19.68,24.35,,,,5.69,3.64,7.63,,,,2.46,0.53,4.35,,,,3.8,1.71,5.65,,,,1.19,-1.81,4.31,,,,4.95,2.82,7.07,,,,58.0,23.0,6.0,2.0,2.0,1.0,6.0
2020-10-16,59.1,56.71,61.2,,,,21.94,19.71,24.35,,,,5.69,3.58,7.63,,,,2.47,0.53,4.36,,,,3.8,1.7,5.63,,,,1.2,-1.91,4.33,,,,4.96,2.84,7.07,,,,,,,,,,
2020-10-17,59.06,56.7,61.22,,,,21.95,19.74,24.36,,,,5.69,3.54,7.63,,,,2.48,0.52,4.36,,,,3.79,1.69,5.67,,,,1.2,-2.0,4.31,,,,4.97,2.88,7.07,,,,,,,,,,
2020-10-18,59.02,56.69,61.15,,,,21.97,19.76,24.38,,,,5.69,3.52,7.63,,,,2.48,0.52,4.38,,,,3.79,1.68,5.68,,,,1.21,-1.97,4.29,,,,4.99,2.92,7.07,,,,,,,,,,
2020-10-19,58.99,56.69,61.12,,,,21.98,19.75,24.37,,,,5.69,3.54,7.63,,,,2.49,0.52,4.39,,,,3.78,1.67,5.66,,,,1.21,-2.0,4.27,,,,5.0,2.94,7.11,,,,,,,,,,
2020-10-20,58.95,56.68,61.08,,,,22.0,19.77,24.37,,,,5.69,3.56,7.63,,,,2.5,0.52,4.41,,,,3.78,1.67,5.65,,,,1.22,-2.08,4.28,,,,5.01,2.94,7.14,,,,,,,,,,
2020-10-21,58.92,56.65,61.05,,,,22.01,19.77,24.36,,,,5.7,3.55,7.63,,,,2.51,0.52,4.42,,,,3.77,1.65,5.66,,,,1.23,-2.16,4.29,,,,5.02,2.96,7.19,,,,,,,,,,
2020-10-22,58.89,56.62,61.03,,,,22.03,19.83,24.37,,,,5.7,3.51,7.64,,,,2.52,0.52,4.44,,,,3.76,1.65,5.67,,,,1.23,-2.13,4.34,,,,5.03,2.95,7.22,,,,63.0,18.0,7.0,4.0,4.0,1.0,4.0
2020-10-23,58.86,56.58,61.0,,,,22.04,19.89,24.37,,,,5.7,3.51,7.67,,,,2.53,0.52,4.45,,,,3.76,1.65,5.67,,,,1.24,-2.09,4.34,,,,5.04,2.94,7.22,,,,,,,,,,
2020-10-24,58.82,56.54,60.95,,,,22.06,19.93,24.38,,,,5.7,3.52,7.69,,,,2.54,0.53,4.47,,,,3.75,1.62,5.68,,,,1.24,-2.09,4.34,,,,5.04,2.92,7.23,,,,,,,,,,
2020-10-25,58.79,56.49,60.9,,,,22.07,19.95,24.39,,,,5.7,3.52,7.71,,,,2.55,0.54,4.49,,,,3.75,1.59,5.69,,,,1.24,-2.12,4.33,,,,5.05,2.9,7.24,,,,,,,,,,
2020-10-26,58.77,56.44,60.91,,,,22.08,19.95,24.4,,,,5.71,3.53,7.73,,,,2.56,0.55,4.5,,,,3.74,1.57,5.7,,,,1.25,-2.03,4.38,,,,5.06,2.91,7.26,,,,,,,,,,
2020-10-27,58.74,56.45,60.9,,,,22.09,19.95,24.41,,,,5.71,3.53,7.74,,,,2.57,0.59,4.51,,,,3.73,1.54,5.67,,,,1.25,-2.04,4.37,,,,5.07,2.91,7.26,,,,,,,,,,
2020-10-28,58.71,56.36,60.88,,,,22.11,19.96,24.41,,,,5.71,3.54,7.78,,,,2.58,0.6,4.52,,,,3.72,1.53,5.7,,,,1.26,-2.1,4.35,,,,5.07,2.91,7.27,,,,,,,,,,
2020-10-29,58.69,56.32,60.86,,,,22.12,19.96,24.41,,,,5.71,3.54,7.82,,,,2.59,0.57,4.53,,,,3.72,1.52,5.72,,,,1.26,-2.14,4.33,,,,5.08,2.91,7.28,,,,56.0,21.0,6.0,3.0,5.0,,6.0
2020-10-30,58.66,56.3,60.85,,,,22.13,19.96,24.43,,,,5.72,3.54,7.79,,,,2.6,0.58,4.55,,,,3.71,1.5,5.73,,,,1.27,-2.19,4.3,,,,5.08,2.92,7.27,,,,,,,,,,
2020-10-31,58.64,56.28,60.85,,,,22.14,19.97,24.44,,,,5.72,3.55,7.79,,,,2.61,0.59,4.57,,,,3.7,1.5,5.72,,,,1.27,-2.11,4.28,,,,5.09,2.96,7.28,,,,,,,,,,
2020-11-01,58.62,56.27,60.86,,,,22.15,19.98,24.44,,,,5.72,3.56,7.81,,,,2.62,0.6,4.58,,,,3.7,1.48,5.71,,,,1.27,-2.01,4.25,,,,5.09,2.97,7.3,,,,,,,,,,
2020-11-02,58.59,56.25,60.86,,,,22.16,19.99,24.46,,,,5.72,3.57,7.82,,,,2.63,0.61,4.62,,,,3.69,1.45,5.7,,,,1.28,-1.9,4.25,,,,5.1,2.98,7.31,,,,,,,,,,
2020-11-03,58.57,56.24,60.87,,,,22.17,20.01,24.51,,,,5.72,3.58,7.83,,,,2.65,0.62,4.65,,,,3.68,1.45,5.69,,,,1.28,-1.79,4.23,,,,5.1,2.98,7.33,,,,,,,,,,
2020-11-04,58.55,56.22,60.87,,,,22.19,20.02,24.53,,,,5.72,3.58,7.84,,,,2.66,0.63,4.67,,,,3.67,1.45,5.7,,,,1.28,-1.68,4.22,,,,5.1,2.97,7.33,,,,,,,,,,
2020-11-05,58.54,56.2,60.85,,,,22.2,20.04,24.55,,,,5.72,3.53,7.84,,,,2.67,0.61,4.68,,,,3.67,1.44,5.66,,,,1.29,-1.68,4.21,,,,5.1,2.97,7.3,,,,55.0,24.0,5.0,2.0,4.0,,8.0
2020-11-06,58.52,56.2,60.86,,,,22.21,20.05,24.57,,,,5.72,3.47,7.84,,,,2.68,0.59,4.7,,,,3.66,1.42,5.66,,,,1.29,-1.75,4.2,,,,5.11,2.96,7.27,,,,,,,,,,
2020-11-07,58.51,56.19,60.86,,,,22.22,20.07,24.57,,,,5.72,3.47,7.83,,,,2.69,0.57,4.73,,,,3.65,1.42,5.66,,,,1.29,-1.82,4.19,,,,5.11,2.95,7.24,,,,,,,,,,
2020-11-08,58.49,56.2,60.85,,,,22.23,20.08,24.59,,,,5.72,3.48,7.83,,,,2.7,0.55,4.75,,,,3.65,1.42,5.66,,,,1.3,-1.88,4.17,,,,5.11,2.94,7.25,,,,,,,,,,
2020-11-09,58.48,56.23,60.85,,,,22.24,20.08,24.6,,,,5.72,3.49,7.82,,,,2.71,0.54,4.78,,,,3.64,1.4,5.67,,,,1.3,-1.94,4.15,,,,5.11,2.93,7.26,,,,,,,,,,
2020-11-10,58.47,56.25,60.8,,,,22.25,20.07,24.57,,,,5.72,3.5,7.81,,,,2.72,0.53,4.81,,,,3.64,1.41,5.71,,,,1.3,-1.99,4.12,,,,5.11,2.92,7.25,,,,,,,,,,
2020-11-11,58.46,56.27,60.74,,,,22.26,20.08,24.58,,,,5.72,3.46,7.8,,,,2.73,0.52,4.83,,,,3.63,1.41,5.7,,,,1.3,-1.95,4.09,,,,5.11,2.91,7.27,,,,,,,,,,
2020-11-12,58.45,56.22,60.74,,,,22.27,20.11,24.59,,,,5.71,3.45,7.79,,,,2.74,0.54,4.85,,,,3.62,1.4,5.72,,,,1.31,-1.88,4.12,,,,5.11,2.9,7.26,,,,59.0,25.0,5.0,2.0,2.0,,5.0
2020-11-13,58.44,56.24,60.76,,,,22.28,20.14,24.53,,,,5.71,3.47,7.77,,,,2.75,0.55,4.85,,,,3.62,1.36,5.71,,,,1.31,-1.82,4.11,,,,5.1,2.91,7.27,,,,,,,,,,
2020-11-14,58.44,56.22,60.79,,,,22.29,20.16,24.53,,,,5.71,3.49,7.75,,,,2.76,0.54,4.85,,,,3.61,1.36,5.69,,,,1.31,-1.74,4.1,,,,5.1,2.89,7.3,,,,,,,,,,
2020-11-15,58.44,56.21,60.81,,,,22.3,20.18,24.59,,,,5.7,3.5,7.73,,,,2.76,0.56,4.85,,,,3.61,1.36,5.67,,,,1.31,-1.66,4.09,,,,5.1,2.87,7.33,,,,,,,,,,
2020-11-16,58.44,56.21,60.84,,,,22.31,20.19,24.61,,,,5.7,3.52,7.71,,,,2.77,0.58,4.87,,,,3.6,1.37,5.66,,,,1.32,-1.68,4.12,,,,5.1,2.86,7.33,,,,,,,,,,
2020-11-17,58.44,56.22,60.85,,,,22.32,20.21,24.6,,,,5.69,3.54,7.69,,,,2.78,0.61,4.88,,,,3.59,1.38,5.63,,,,1.32,-1.78,4.14,,,,5.09,2.85,7.34,,,,,,,,,,
2020-11-18,58.44,56.23,60.85,,,,22.33,20.22,24.59,,,,5.69,3.56,7.67,,,,2.78,0.6,4.88,,,,3.59,1.39,5.64,,,,1.32,-1.77,4.18,,,,5.09,2.84,7.35,,,,57.0,24.0,6.0,3.0,5.0,,3.0
2020-11-19,58.45,56.21,60.86,,,,22.34,20.21,24.57,,,,5.68,3.58,7.66,,,,2.79,0.59,4.87,,,,3.58,1.39,5.64,,,,1.32,-1.71,4.2,,,,5.08,2.83,7.37,,,,,,,,,,
2020-11-20,58.45,56.22,60.87,,,,22.35,20.18,24.55,,,,5.68,3.57,7.64,,,,2.79,0.63,4.87,,,,3.58,1.4,5.65,,,,1.32,-1.7,4.23,,,,5.08,2.82,7.38,,,,,,,,,,
2020-11-21,58.46,56.22,60.88,,,,22.36,20.21,24.55,,,,5.67,3.53,7.6,,,,2.79,0.63,4.86,,,,3.58,1.41,5.67,,,,1.33,-1.69,4.27,,,,5.07,2.81,7.34,,,,,,,,,,
2020-11-22,58.48,56.24,60.9,,,,22.36,20.2,24.59,,,,5.66,3.5,7.6,,,,2.8,0.62,4.86,,,,3.57,1.42,5.67,,,,1.33,-1.79,4.3,,,,5.06,2.8,7.3,,,,,,,,,,
2020-11-23,58.49,56.25,60.94,,,,22.37,20.19,24.64,,,,5.65,3.46,7.62,,,,2.8,0.62,4.85,,,,3.57,1.37,5.68,,,,1.33,-1.88,4.32,,,,5.05,2.79,7.31,,,,,,,,,,
2020-11-24,58.51,56.27,60.97,,,,22.38,20.18,24.63,,,,5.64,3.42,7.61,,,,2.8,0.62,4.85,,,,3.56,1.36,5.66,,,,1.33,-1.97,4.35,,,,5.04,2.78,7.26,,,,,,,,,,
2020-11-25,58.52,56.3,61.01,,,,22.38,20.19,24.64,,,,5.63,3.38,7.58,,,,2.81,0.61,4.86,,,,3.56,1.39,5.64,,,,1.33,-2.06,4.38,,,,5.03,2.77,7.21,,,,,,,,,,
2020-11-26,58.54,56.33,61.07,,,,22.39,20.21,24.69,,,,5.62,3.35,7.6,,,,2.81,0.6,4.84,,,,3.56,1.38,5.62,,,,1.33,-2.15,4.4,,,,5.02,2.75,7.19,,,,,,,,,,
2020-11-27,58.57,56.36,61.11,,,,22.39,20.22,24.76,,,,5.61,3.32,7.62,,,,2.81,0.59,4.82,,,,3.55,1.37,5.59,,,,1.34,-2.18,4.43,,,,5.01,2.71,7.24,,,,59.0,20.0,5.0,2.0,3.0,3.0,5.0
2020-11-28,58.59,56.36,61.15,,,,22.39,20.24,24.76,,,,5.6,3.29,7.63,,,,2.81,0.54,4.82,,,,3.55,1.36,5.57,,,,1.34,-2.2,4.46,,,,5.0,2.69,7.28,,,,,,,,,,
2020-11-29,58.62,56.35,61.2,,,,22.39,20.24,24.73,,,,5.59,3.26,7.6,,,,2.81,0.51,4.81,,,,3.55,1.37,5.54,,,,1.34,-2.21,4.48,,,,4.99,2.73,7.32,,,,,,,,,,
2020-11-30,58.65,56.34,61.25,,,,22.39,20.19,24.67,,,,5.58,3.22,7.59,,,,2.81,0.54,4.79,,,,3.54,1.39,5.52,,,,1.34,-2.23,4.51,,,,4.97,2.72,7.36,,,,,,,,,,
2020-12-01,58.68,56.37,61.31,,,,22.39,20.13,24.63,,,,5.57,3.19,7.63,,,,2.81,0.56,4.78,,,,3.54,1.36,5.5,,,,1.34,-2.25,4.53,,,,4.96,2.68,7.35,,,,,,,,,,
2020-12-02,58.71,56.41,61.34,,,,22.39,20.13,24.68,,,,5.56,3.19,7.65,,,,2.8,0.58,4.75,,,,3.54,1.37,5.5,,,,1.34,-2.28,4.55,,,,4.95,2.65,7.33,,,,,,,,,,
2020-12-03,58.74,56.44,61.38,,,,22.39,20.12,24.71,,,,5.55,3.19,7.64,,,,2.8,0.59,4.72,,,,3.54,1.38,5.53,,,,1.34,-2.31,4.57,,,,4.93,2.65,7.32,,,,54.0,27.0,7.0,2.0,5.0,1.0,3.0
2020-12-04,58.78,56.48,61.41,,,,22.39,20.12,24.7,,,,5.54,3.12,7.63,,,,2.8,0.58,4.69,,,,3.53,1.4,5.52,,,,1.34,-2.34,4.59,,,,4.92,2.65,7.3,,,,,,,,,,
2020-12-05,58.81,56.53,61.45,,,,22.38,20.11,24.69,,,,5.53,3.08,7.63,,,,2.8,0.58,4.71,,,,3.53,1.41,5.49,,,,1.34,-2.38,4.6,,,,4.9,2.59,7.28,,,,,,,,,,
2020-12-06,58.85,56.57,61.49,,,,22.38,20.1,24.67,,,,5.52,3.05,7.62,,,,2.8,0.58,4.71,,,,3.53,1.43,5.46,,,,1.34,-2.35,4.62,,,,4.88,2.54,7.26,,,,,,,,,,
2020-12-07,58.89,56.62,61.51,,,,22.37,20.11,24.65,,,,5.5,3.02,7.6,,,,2.79,0.6,4.7,,,,3.53,1.44,5.43,,,,1.34,-2.26,4.64,,,,4.87,2.49,7.24,,,,,,,,,,
2020-12-08,58.93,56.66,61.52,,,,22.37,20.12,24.63,,,,5.49,3.0,7.59,,,,2.79,0.62,4.72,,,,3.53,1.42,5.4,,,,1.34,-2.17,4.65,,,,4.85,2.45,7.21,,,,,,,,,,
2020-12-09,58.97,56.67,61.53,,,,22.36,20.12,24.6,,,,5.48,2.98,7.57,,,,2.79,0.63,4.72,,,,3.52,1.41,5.38,,,,1.35,-2.07,4.67,,,,4.83,2.42,7.18,,,,56.0,22.0,8.0,3.0,3.0,,7.0
2020-12-10,59.01,56.7,61.54,,,,22.35,20.13,24.58,,,,5.47,2.97,7.55,,,,2.79,0.6,4.72,,,,3.52,1.39,5.42,,,,1.35,-1.96,4.68,,,,4.81,2.43,7.16,,,,,,,,,,
2020-12-11,59.06,56.75,61.54,,,,22.34,20.08,24.56,,,,5.46,2.98,7.54,,,,2.79,0.61,4.76,,,,3.52,1.37,5.39,,,,1.35,-1.91,4.69,,,,4.8,2.45,7.14,,,,,,,,,,
2020-12-12,59.1,56.88,61.57,,,,22.33,20.06,24.54,,,,5.45,3.0,7.51,,,,2.78,0.61,4.77,,,,3.52,1.37,5.37,,,,1.35,-1.91,4.69,,,,4.78,2.46,7.09,,,,,,,,,,
2020-12-13,59.15,56.93,61.63,,,,22.32,20.05,24.54,,,,5.44,3.02,7.44,,,,2.78,0.61,4.78,,,,3.51,1.37,5.34,,,,1.35,-1.93,4.7,,,,4.76,2.47,7.03,,,,,,,,,,
2020-12-14,59.19,56.99,61.7,,,,22.31,20.01,24.51,,,,5.43,3.04,7.41,,,,2.78,0.63,4.82,,,,3.51,1.35,5.38,,,,1.35,-1.95,4.71,,,,4.74,2.44,6.99,,,,,,,,,,
2020-12-15,59.24,57.0,61.77,,,,22.3,20.02,24.47,,,,5.41,3.07,7.45,,,,2.78,0.64,4.81,,,,3.51,1.33,5.42,,,,1.35,-1.95,4.71,,,,4.72,2.41,6.99,,,,,,,,,,
2020-12-16,59.28,57.1,61.83,,,,22.28,20.0,24.42,,,,5.4,3.09,7.44,,,,2.78,0.65,4.82,,,,3.51,1.32,5.46,,,,1.35,-1.83,4.74,,,,4.7,2.41,6.96,,,,58.0,20.0,6.0,4.0,3.0,,7.0
2020-12-17,59.33,57.17,61.9,,,,22.27,19.97,24.38,,,,5.39,3.12,7.41,,,,2.78,0.66,4.81,,,,3.51,1.3,5.5,,,,1.35,-1.85,4.78,,,,4.68,2.41,6.91,,,,,,,,,,
2020-12-18,59.38,57.24,61.95,,,,22.25,19.94,24.38,,,,5.38,3.14,7.4,,,,2.78,0.68,4.81,,,,3.51,1.28,5.54,,,,1.36,-1.9,4.81,,,,4.66,2.42,6.87,,,,,,,,,,
2020-12-19,59.43,57.31,61.99,,,,22.23,19.93,24.39,,,,5.37,3.17,7.37,,,,2.78,0.69,4.81,,,,3.5,1.27,5.51,,,,1.36,-1.86,4.83,,,,4.64,2.42,6.88,,,,,,,,,,
2020-12-20,59.48,57.38,62.04,,,,22.21,19.93,24.39,,,,5.36,3.2,7.38,,,,2.78,0.7,4.81,,,,3.5,1.25,5.5,,,,1.36,-1.86,4.86,,,,4.61,2.42,6.92,,,,,,,,,,
2020-12-21,59.53,57.41,62.08,,,,22.19,19.93,24.38,,,,5.36,3.23,7.42,,,,2.78,0.67,4.85,,,,3.5,1.28,5.55,,,,1.36,-1.87,4.86,,,,4.59,2.42,6.91,,,,,,,,,,
2020-12-22,59.57,57.43,62.11,,,,22.17,19.92,24.37,,,,5.35,3.25,7.46,,,,2.79,0.64,4.86,,,,3.5,1.31,5.58,,,,1.36,-1.88,4.84,,,,4.57,2.44,6.89,,,,61.0,24.0,3.0,3.0,3.0,1.0,5.0
2020-12-23,59.62,57.45,62.12,,,,22.15,19.88,24.35,,,,5.34,3.26,7.51,,,,2.79,0.62,4.87,,,,3.5,1.33,5.53,,,,1.36,-1.87,4.74,,,,4.55,2.45,6.87,,,,,,,,,,
2020-12-24,59.68,57.48,62.13,,,,22.13,19.83,24.35,,,,5.33,3.27,7.55,,,,2.79,0.58,4.89,,,,3.49,1.37,5.5,,,,1.37,-1.86,4.68,,,,4.53,2.41,6.85,,,,,,,,,,
2020-12-25,59.73,57.52,62.15,,,,22.1,19.79,24.34,,,,5.32,3.29,7.59,,,,2.8,0.61,4.93,,,,3.49,1.4,5.5,,,,1.37,-1.85,4.71,,,,4.5,2.38,6.78,,,,,,,,,,
2020-12-26,59.78,57.57,62.17,,,,22.08,19.72,24.34,,,,5.32,3.26,7.62,,,,2.8,0.65,4.97,,,,3.49,1.39,5.51,,,,1.37,-1.83,4.73,,,,4.48,2.33,6.73,,,,,,,,,,
2020-12-27,59.83,57.62,62.24,,,,22.05,19.67,24.32,,,,5.31,3.19,7.57,,,,2.8,0.7,5.01,,,,3.49,1.33,5.51,,,,1.37,-1.82,4.74,,,,4.46,2.3,6.7,,,,,,,,,,
2020-12-28,59.88,57.68,62.27,,,,22.03,19.63,24.31,,,,5.3,3.21,7.51,,,,2.81,0.74,5.03,,,,3.48,1.3,5.51,,,,1.38,-1.83,4.75,,,,4.44,2.31,6.67,,,,,,,,,,
2020-12-29,59.93,57.75,62.27,,,,22.0,19.58,24.29,,,,5.3,3.22,7.46,,,,2.81,0.77,5.06,,,,3.48,1.36,5.5,,,,1.38,-1.83,4.76,,,,4.41,2.31,6.63,,,,,,,,,,
2020-12-30,59.98,57.83,62.27,,,,21.97,19.54,24.26,,,,5.29,3.24,7.44,,,,2.82,0.78,5.01,,,,3.48,1.38,5.5,,,,1.38,-1.84,4.76,,,,4.39,2.24,6.59,,,,,,,,,,
2020-12-31,60.03,57.91,62.26,,,,21.94,19.5,24.23,,,,5.28,3.22,7.44,,,,2.82,0.79,5.05,,,,3.48,1.35,5.51,,,,1.38,-1.85,4.76,,,,4.37,2.15,6.56,,,,,,,,,,
2021-01-01,60.09,57.99,62.26,,,,21.91,19.46,24.21,,,,5.28,3.21,7.43,,,,2.83,0.8,5.1,,,,3.48,1.33,5.52,,,,1.38,-1.85,4.74,,,,4.34,2.07,6.52,,,,,,,,,,
2021-01-02,60.14,58.08,62.27,,,,21.88,19.4,24.18,,,,5.27,3.2,7.42,,,,2.84,0.81,5.14,,,,3.47,1.29,5.52,,,,1.38,-1.83,4.73,,,,4.32,1.99,6.48,,,,,,,,,,
2021-01-03,60.19,58.09,62.41,,,,21.85,19.32,24.15,,,,5.26,3.19,7.41,,,,2.84,0.75,5.18,,,,3.47,1.26,5.53,,,,1.38,-1.83,4.67,,,,4.3,1.96,6.45,,,,,,,,,,
2021-01-04,60.25,58.14,62.61,,,,21.82,19.27,24.12,,,,5.26,3.15,7.4,,,,2.85,0.78,5.21,,,,3.47,1.26,5.53,,,,1.38,-1.82,4.59,,,,4.27,1.93,6.41,,,,,,,,,,
2021-01-05,60.3,58.16,62.64,,,,21.78,19.24,24.08,,,,5.25,3.11,7.38,,,,2.86,0.79,5.22,,,,3.47,1.28,5.54,,,,1.39,-1.81,4.58,,,,4.25,1.95,6.38,,,,59.0,23.0,6.0,5.0,3.0,,3.0
2021-01-06,60.35,58.2,62.72,,,,21.75,19.24,24.05,,,,5.25,3.06,7.36,,,,2.87,0.76,5.23,,,,3.46,1.3,5.51,,,,1.39,-1.8,4.58,,,,4.22,1.96,6.36,,,,,,,,,,
2021-01-07,60.41,58.29,62.81,,,,21.72,19.21,24.01,,,,5.24,3.02,7.33,,,,2.88,0.73,5.24,,,,3.46,1.33,5.48,,,,1.39,-1.79,4.58,,,,4.2,1.97,6.35,,,,,,,,,,
2021-01-08,60.47,58.38,62.83,,,,21.68,19.19,23.97,,,,5.24,3.0,7.31,,,,2.88,0.69,5.25,,,,3.46,1.29,5.46,,,,1.39,-1.77,4.58,,,,4.18,1.98,6.33,,,,,,,,,,
2021-01-09,60.52,58.43,62.85,,,,21.64,19.17,23.93,,,,5.23,2.97,7.28,,,,2.89,0.71,5.25,,,,3.46,1.3,5.42,,,,1.39,-1.74,4.55,,,,4.15,1.98,6.31,,,,,,,,,,
2021-01-10,60.58,58.46,62.92,,,,21.61,19.15,23.88,,,,5.22,2.94,7.25,,,,2.9,0.74,5.25,,,,3.45,1.31,5.43,,,,1.39,-1.72,4.5,,,,4.13,1.92,6.29,,,,,,,,,,
2021-01-11,60.63,58.47,63.01,,,,21.57,19.14,23.84,,,,5.22,2.92,7.22,,,,2.91,0.78,5.25,,,,3.45,1.33,5.45,,,,1.39,-1.69,4.45,,,,4.1,1.88,6.27,,,,,,,,,,
2021-01-12,60.69,58.48,63.03,,,,21.53,19.1,23.77,,,,5.21,2.92,7.2,,,,2.92,0.82,5.25,,,,3.45,1.34,5.47,,,,1.39,-1.68,4.4,,,,4.08,1.84,6.26,,,,,,,,,,
2021-01-13,60.75,58.5,63.07,,,,21.49,19.06,23.69,,,,5.21,2.93,7.23,,,,2.93,0.83,5.25,,,,3.45,1.36,5.48,,,,1.39,-1.68,4.35,,,,4.06,1.79,6.24,,,,,,,,,,
2021-01-14,60.8,58.52,63.09,,,,21.45,19.07,23.65,,,,5.2,2.95,7.25,,,,2.94,0.81,5.24,,,,3.45,1.36,5.49,,,,1.39,-1.63,4.31,,,,4.03,1.79,6.22,,,,63.0,19.0,5.0,3.0,4.0,1.0,3.0
2021-01-15,60.86,58.53,63.14,,,,21.42,19.08,23.63,,,,5.2,2.96,7.24,,,,2.95,0.79,5.23,,,,3.44,1.35,5.51,,,,1.38,-1.64,4.27,,,,4.01,1.79,6.2,,,,,,,,,,
2021-01-16,60.92,58.56,63.17,,,,21.38,19.07,23.58,,,,5.19,2.98,7.19,,,,2.96,0.77,5.23,,,,3.44,1.33,5.52,,,,1.38,-1.63,4.24,,,,3.98,1.79,6.18,,,,,,,,,,
2021-01-17,60.98,58.6,63.22,,,,21.34,19.07,23.52,,,,5.18,2.99,7.13,,,,2.98,0.75,5.23,,,,3.44,1.3,5.54,,,,1.38,-1.66,4.19,,,,3.96,1.8,6.15,,,,,,,,,,
2021-01-18,61.03,58.65,63.28,,,,21.3,19.05,23.47,,,,5.18,3.0,7.07,,,,2.99,0.75,5.23,,,,3.44,1.27,5.55,,,,1.38,-1.62,4.14,,,,3.93,1.74,6.09,,,,,,,,,,
2021-01-19,61.09,58.7,63.35,,,,21.26,19.02,23.43,,,,5.17,3.01,7.02,,,,3.0,0.76,5.23,,,,3.44,1.25,5.57,,,,1.38,-1.58,4.17,,,,3.91,1.75,6.03,,,,,,,,,,
2021-01-20,61.14,58.71,63.41,,,,21.22,18.95,23.39,,,,5.17,3.03,6.95,,,,3.01,0.82,5.23,,,,3.44,1.22,5.59,,,,1.38,-1.54,4.22,,,,3.89,1.71,5.96,,,,,,,,,,
2021-01-21,61.2,58.7,63.47,,,,21.18,18.89,23.35,,,,5.16,3.04,6.98,,,,3.02,0.82,5.22,,,,3.43,1.2,5.6,,,,1.38,-1.49,4.2,,,,3.86,1.69,5.89,,,,,,,,,,
2021-01-22,61.26,58.84,63.52,,,,21.14,18.8,23.3,,,,5.15,3.02,7.03,,,,3.04,0.82,5.22,,,,3.43,1.18,5.62,,,,1.38,-1.46,4.17,,,,3.84,1.66,5.88,,,,60.0,24.0,4.0,3.0,4.0,1.0,4.0
2021-01-23,61.31,58.89,63.57,,,,21.1,18.76,23.25,,,,5.15,2.96,7.07,,,,3.05,0.82,5.27,,,,3.43,1.16,5.63,,,,1.37,-1.42,4.15,,,,3.81,1.63,5.88,,,,,,,,,,
2021-01-24,61.36,58.91,63.6,,,,21.06,18.68,23.2,,,,5.14,2.91,7.1,,,,3.06,0.83,5.32,,,,3.43,1.14,5.65,,,,1.37,-1.39,4.13,,,,3.79,1.6,5.87,,,,,,,,,,
2021-01-25,61.42,59.02,63.64,,,,21.02,18.65,23.17,,,,5.13,2.93,7.14,,,,3.07,0.84,5.37,,,,3.43,1.14,5.61,,,,1.37,-1.36,4.11,,,,3.77,1.58,5.87,,,,,,,,,,
2021-01-26,61.47,59.1,63.68,,,,20.98,18.62,23.16,,,,5.13,2.94,7.18,,,,3.09,0.85,5.4,,,,3.43,1.19,5.58,,,,1.37,-1.38,4.11,,,,3.74,1.58,5.81,,,,,,,,,,
2021-01-27,61.52,59.18,63.69,,,,20.94,18.6,23.15,,,,5.12,2.96,7.21,,,,3.1,0.84,5.38,,,,3.42,1.22,5.6,,,,1.37,-1.39,4.15,,,,3.72,1.59,5.75,,,,65.0,22.0,3.0,1.0,3.0,,4.0
2021-01-28,61.57,59.3,63.75,,,,20.9,18.59,23.1,,,,5.11,2.98,7.21,,,,3.11,0.84,5.37,,,,3.42,1.24,5.57,,,,1.37,-1.35,4.19,,,,3.69,1.59,5.69,,,,,,,,,,
2021-01-29,61.62,59.39,63.8,,,,20.87,18.58,23.05,,,,5.11,3.0,7.16,,,,3.12,0.83,5.36,,,,3.42,1.27,5.54,,,,1.36,-1.44,4.23,,,,3.67,1.59,5.66,,,,,,,,,,
2021-01-30,61.68,59.44,63.85,,,,20.83,18.53,23.0,,,,5.1,2.97,7.12,,,,3.14,0.89,5.34,,,,3.42,1.31,5.51,,,,1.36,-1.46,4.25,,,,3.65,1.58,5.64,,,,,,,,,,
2021-01-31,61.73,59.47,63.9,,,,20.79,18.43,22.96,,,,5.09,2.98,7.08,,,,3.15,0.93,5.32,,,,3.42,1.34,5.47,,,,1.36,-1.43,4.25,,,,3.62,1.58,5.62,,,,,,,,,,
2021-02-01,61.77,59.5,63.95,,,,20.76,18.41,22.91,,,,5.09,2.96,7.04,,,,3.16,0.95,5.31,,,,3.42,1.33,5.43,,,,1.36,-1.4,4.25,,,,3.6,1.57,5.59,,,,,,,,,,
2021-02-02,61.82,59.56,64.02,,,,20.72,18.4,22.86,,,,5.08,2.93,7.0,,,,3.17,0.97,5.29,,,,3.42,1.33,5.43,,,,1.36,-1.39,4.25,,,,3.58,1.58,5.57,,,,,,,,,,
2021-02-03,61.87,59.62,64.1,,,,20.69,18.4,22.81,,,,5.07,2.9,6.95,,,,3.19,0.96,5.32,,,,3.42,1.32,5.44,,,,1.35,-1.38,4.24,,,,3.55,1.58,5.54,,,,64.0,21.0,5.0,1.0,3.0,,5.0
2021-02-04,61.92,59.69,64.17,,,,20.66,18.35,22.75,,,,5.07,2.85,6.92,,,,3.2,0.94,5.35,,,,3.42,1.31,5.46,,,,1.35,-1.4,4.16,,,,3.53,1.53,5.5,,,,,,,,,,
2021-02-05,61.96,59.75,64.23,,,,20.62,18.29,22.69,,,,5.06,2.81,6.88,,,,3.21,0.93,5.38,,,,3.41,1.3,5.49,,,,1.35,-1.43,4.01,,,,3.51,1.48,5.46,,,,,,,,,,
2021-02-06,62.01,59.77,64.3,,,,20.59,18.29,22.62,,,,5.06,2.76,6.88,,,,3.22,0.97,5.4,,,,3.41,1.3,5.51,,,,1.35,-1.52,4.02,,,,3.48,1.49,5.42,,,,,,,,,,
2021-02-07,62.05,59.77,64.29,,,,20.56,18.25,22.52,,,,5.05,2.77,6.89,,,,3.23,1.01,5.43,,,,3.41,1.29,5.54,,,,1.35,-1.57,4.01,,,,3.46,1.49,5.38,,,,,,,,,,
2021-02-08,62.1,59.88,64.28,,,,20.53,18.21,22.45,,,,5.05,2.78,6.89,,,,3.24,1.05,5.45,,,,3.41,1.28,5.56,,,,1.34,-1.57,4.0,,,,3.43,1.46,5.33,,,,,,,,,,
2021-02-09,62.14,59.99,64.3,,,,20.5,18.17,22.42,,,,5.04,2.78,6.91,,,,3.25,1.08,5.47,,,,3.41,1.28,5.58,,,,1.34,-1.55,3.92,,,,3.41,1.42,5.29,,,,,,,,,,
2021-02-10,62.18,60.08,64.34,,,,20.47,18.13,22.36,,,,5.04,2.76,6.9,,,,3.26,1.12,5.49,,,,3.41,1.27,5.6,,,,1.34,-1.54,3.91,,,,3.39,1.39,5.24,,,,67.0,19.0,5.0,2.0,2.0,,2.0
2021-02-11,62.22,60.1,64.37,,,,20.44,18.13,22.3,,,,5.03,2.74,6.9,,,,3.27,1.16,5.5,,,,3.41,1.26,5.62,,,,1.34,-1.57,3.94,,,,3.36,1.36,5.19,,,,,,,,,,
2021-02-12,62.26,60.12,64.41,,,,20.41,18.14,22.24,,,,5.03,2.74,6.9,,,,3.28,1.18,5.51,,,,3.41,1.26,5.64,,,,1.34,-1.59,3.91,,,,3.34,1.33,5.18,,,,,,,,,,
2021-02-13,62.3,60.14,64.4,,,,20.38,18.11,22.2,,,,5.03,2.73,6.89,,,,3.29,1.22,5.53,,,,3.41,1.25,5.65,,,,1.34,-1.6,3.91,,,,3.32,1.3,5.18,,,,,,,,,,
2021-02-14,62.33,60.16,64.39,,,,20.35,18.07,22.16,,,,5.02,2.71,6.88,,,,3.3,1.25,5.54,,,,3.41,1.25,5.66,,,,1.34,-1.59,3.9,,,,3.29,1.28,5.17,,,,,,,,,,
2021-02-15,62.36,60.18,64.38,,,,20.33,18.04,22.13,,,,5.02,2.7,6.87,,,,3.31,1.29,5.52,,,,3.41,1.24,5.64,,,,1.33,-1.58,3.83,,,,3.27,1.26,5.17,,,,,,,,,,
2021-02-16,62.4,60.21,64.37,,,,20.3,18.0,22.1,,,,5.02,2.71,6.86,,,,3.32,1.3,5.5,,,,3.41,1.23,5.59,,,,1.33,-1.58,3.77,,,,3.25,1.24,5.15,,,,,,,,,,
2021-02-17,62.43,60.23,64.39,,,,20.28,17.99,22.06,,,,5.02,2.71,6.85,,,,3.33,1.29,5.48,,,,3.41,1.25,5.56,,,,1.33,-1.58,3.82,,,,3.22,1.22,5.07,,,,,,,,,,
2021-02-18,62.46,60.26,64.42,,,,20.25,17.96,22.03,,,,5.02,2.72,6.83,,,,3.34,1.29,5.47,,,,3.42,1.24,5.55,,,,1.33,-1.57,3.89,,,,3.2,1.19,4.98,,,,61.0,20.0,6.0,3.0,4.0,1.0,4.0
2021-02-19,62.49,60.26,64.44,,,,20.23,17.95,22.0,,,,5.02,2.72,6.81,,,,3.35,1.28,5.44,,,,3.42,1.23,5.57,,,,1.33,-1.56,3.92,,,,3.18,1.18,4.95,,,,,,,,,,
2021-02-20,62.51,60.28,64.47,,,,20.21,17.92,22.0,,,,5.02,2.75,6.81,,,,3.35,1.27,5.44,,,,3.42,1.24,5.6,,,,1.33,-1.6,3.92,,,,3.16,1.15,4.92,,,,,,,,,,
2021-02-21,62.54,60.29,64.48,,,,20.18,17.87,21.98,,,,5.03,2.8,6.81,,,,3.36,1.24,5.44,,,,3.42,1.27,5.62,,,,1.33,-1.63,3.9,,,,3.14,1.1,4.89,,,,,,,,,,
2021-02-22,62.56,60.31,64.5,,,,20.16,17.81,21.95,,,,5.03,2.85,6.81,,,,3.37,1.23,5.48,,,,3.42,1.3,5.65,,,,1.33,-1.6,3.84,,,,3.12,1.06,4.86,,,,,,,,,,
2021-02-23,62.58,60.32,64.54,,,,20.14,17.78,21.9,,,,5.03,2.89,6.83,,,,3.37,1.21,5.51,,,,3.42,1.32,5.66,,,,1.33,-1.61,3.8,,,,3.1,1.01,4.84,,,,,,,,,,
2021-02-24,62.6,60.33,64.59,,,,20.12,17.73,21.85,,,,5.04,2.92,6.87,,,,3.38,1.2,5.53,,,,3.42,1.34,5.68,,,,1.33,-1.62,3.8,,,,3.08,0.96,4.81,,,,,,,,,,
2021-02-25,62.62,60.35,64.62,,,,20.1,17.68,21.82,,,,5.04,2.94,6.93,,,,3.39,1.18,5.57,,,,3.42,1.32,5.62,,,,1.33,-1.62,3.76,,,,3.06,0.92,4.8,,,,,,,,,,
2021-02-26,62.64,60.36,64.65,,,,20.08,17.64,21.79,,,,5.05,2.94,6.98,,,,3.4,1.17,5.6,,,,3.42,1.28,5.56,,,,1.33,-1.63,3.7,,,,3.04,0.87,4.8,,,,60.0,21.0,4.0,6.0,5.0,,3.0
2021-02-27,62.65,60.38,64.7,,,,20.06,17.63,21.76,,,,5.05,2.96,7.03,,,,3.4,1.19,5.61,,,,3.43,1.24,5.52,,,,1.32,-1.58,3.68,,,,3.02,0.85,4.8,,,,,,,,,,
2021-02-28,62.67,60.39,64.7,,,,20.04,17.66,21.72,,,,5.06,3.02,7.07,,,,3.41,1.22,5.59,,,,3.43,1.2,5.47,,,,1.32,-1.61,3.7,,,,3.0,0.86,4.81,,,,,,,,,,
2021-03-01,62.68,60.41,64.68,,,,20.02,17.68,21.69,,,,5.07,3.08,7.13,,,,3.42,1.23,5.55,,,,3.43,1.19,5.42,,,,1.32,-1.63,3.73,,,,2.98,0.86,4.79,,,,,,,,,,
2021-03-02,62.7,60.43,64.67,,,,20.0,17.68,21.66,,,,5.08,3.11,7.16,,,,3.42,1.25,5.5,,,,3.43,1.17,5.37,,,,1.32,-1.63,3.76,,,,2.97,0.81,4.73,,,,,,,,,,
2021-03-03,62.71,60.47,64.65,,,,19.98,17.64,21.63,,,,5.09,3.13,7.21,,,,3.43,1.27,5.46,,,,3.43,1.16,5.38,,,,1.32,-1.63,3.73,,,,2.95,0.75,4.7,,,,,,,,,,
2021-03-04,62.72,60.56,64.64,,,,19.96,17.61,21.58,,,,5.1,3.13,7.18,,,,3.44,1.29,5.41,,,,3.44,1.16,5.39,,,,1.32,-1.62,3.69,,,,2.93,0.7,4.69,,,,63.0,18.0,5.0,4.0,4.0,3.0,2.0
2021-03-05,62.73,60.66,64.65,,,,19.94,17.57,21.54,,,,5.11,3.13,7.15,,,,3.44,1.32,5.37,,,,3.44,1.17,5.4,,,,1.32,-1.61,3.66,,,,2.92,0.65,4.65,,,,,,,,,,
2021-03-06,62.74,60.71,64.65,,,,19.92,17.51,21.53,,,,5.12,3.14,7.12,,,,3.45,1.33,5.35,,,,3.44,1.15,5.4,,,,1.32,-1.6,3.66,,,,2.9,0.58,4.61,,,,,,,,,,
2021-03-07,62.75,60.67,64.66,,,,19.89,17.46,21.53,,,,5.13,3.15,7.09,,,,3.46,1.32,5.33,,,,3.44,1.15,5.36,,,,1.32,-1.58,3.7,,,,2.89,0.55,4.57,,,,,,,,,,
2021-03-08,62.76,60.63,64.66,,,,19.87,17.45,21.53,,,,5.14,3.15,7.05,,,,3.47,1.3,5.32,,,,3.44,1.15,5.36,,,,1.32,-1.57,3.73,,,,2.87,0.53,4.57,,,,,,,,,,
2021-03-09,62.77,60.6,64.66,,,,19.85,17.43,21.54,,,,5.15,3.16,7.02,,,,3.48,1.27,5.3,,,,3.44,1.15,5.33,,,,1.32,-1.55,3.76,,,,2.86,0.49,4.56,,,,,,,,,,
2021-03-10,62.78,60.56,64.67,,,,19.83,17.42,21.52,,,,5.16,3.17,7.02,,,,3.48,1.31,5.33,,,,3.45,1.16,5.29,,,,1.31,-1.53,3.72,,,,2.85,0.46,4.55,,,,64.0,15.0,8.0,3.0,3.0,1.0,2.0
2021-03-11,62.78,60.62,64.67,,,,19.81,17.4,21.51,,,,5.17,3.21,7.05,,,,3.49,1.36,5.35,,,,3.45,1.16,5.26,,,,1.31,-1.52,3.67,,,,2.84,0.43,4.56,,,,,,,,,,
2021-03-12,62.79,60.7,64.67,,,,19.79,17.38,21.5,,,,5.18,3.22,7.09,,,,3.5,1.37,5.39,,,,3.45,1.16,5.25,,,,1.31,-1.49,3.61,,,,2.82,0.41,4.55,,,,,,,,,,
2021-03-13,62.8,60.77,64.71,,,,19.76,17.36,21.48,,,,5.2,3.24,7.12,,,,3.51,1.4,5.36,,,,3.45,1.17,5.22,,,,1.31,-1.48,3.56,,,,2.81,0.39,4.56,,,,,,,,,,
2021-03-14,62.81,60.77,64.79,,,,19.74,17.34,21.47,,,,5.21,3.26,7.16,,,,3.52,1.42,5.37,,,,3.45,1.17,5.25,,,,1.31,-1.52,3.53,,,,2.8,0.37,4.56,,,,,,,,,,
2021-03-15,62.81,60.77,64.83,,,,19.72,17.33,21.45,,,,5.22,3.22,7.19,,,,3.53,1.43,5.39,,,,3.45,1.18,5.26,,,,1.31,-1.56,3.52,,,,2.79,0.35,4.57,,,,,,,,,,
2021-03-16,62.82,60.77,64.89,,,,19.7,17.3,21.43,,,,5.23,3.23,7.22,,,,3.55,1.45,5.41,,,,3.46,1.18,5.29,,,,1.31,-1.59,3.56,,,,2.78,0.34,4.58,,,,,,,,,,
2021-03-17,62.82,60.78,64.92,,,,19.68,17.27,21.41,,,,5.24,3.24,7.22,,,,3.56,1.47,5.43,,,,3.46,1.21,5.32,,,,1.31,-1.64,3.58,,,,2.76,0.33,4.59,,,,,,,,,,
2021-03-18,62.83,60.79,64.99,,,,19.65,17.24,21.39,,,,5.26,3.25,7.2,,,,3.57,1.49,5.44,,,,3.46,1.25,5.33,,,,1.31,-1.68,3.65,,,,2.75,0.33,4.55,,,,,,,,,,
2021-03-19,62.84,60.8,65.05,,,,19.63,17.21,21.38,,,,5.27,3.26,7.2,,,,3.58,1.51,5.46,,,,3.46,1.28,5.3,,,,1.3,-1.72,3.64,,,,2.74,0.32,4.51,,,,60.0,24.0,6.0,3.0,2.0,,3.0
2021-03-20,62.84,60.82,65.05,,,,19.61,17.19,21.37,,,,5.28,3.28,7.22,,,,3.6,1.51,5.48,,,,3.46,1.29,5.27,,,,1.3,-1.76,3.65,,,,2.73,0.32,4.53,,,,,,,,,,
2021-03-21,62.85,60.83,65.09,,,,19.59,17.19,21.37,,,,5.29,3.29,7.27,,,,3.61,1.51,5.48,,,,3.46,1.31,5.25,,,,1.3,-1.76,3.65,,,,2.72,0.32,4.56,,,,,,,,,,
2021-03-22,62.85,60.86,65.15,,,,19.57,17.2,21.36,,,,5.3,3.3,7.32,,,,3.62,1.51,5.47,,,,3.46,1.33,5.28,,,,1.3,-1.73,3.65,,,,2.71,0.32,4.59,,,,,,,,,,
2021-03-23,62.85,60.9,65.2,,,,19.54,17.2,21.35,,,,5.32,3.31,7.34,,,,3.64,1.51,5.45,,,,3.46,1.35,5.34,,,,1.3,-1.7,3.65,,,,2.69,0.33,4.62,,,,,,,,,,
2021-03-24,62.86,60.95,65.21,,,,19.52,17.21,21.35,,,,5.33,3.33,7.34,,,,3.65,1.54,5.48,,,,3.46,1.36,5.39,,,,1.3,-1.68,3.63,,,,2.68,0.35,4.62,,,,,,,,,,
2021-03-25,62.86,60.98,65.22,,,,19.5,17.21,21.34,,,,5.34,3.34,7.41,,,,3.67,1.54,5.51,,,,3.46,1.37,5.4,,,,1.3,-1.65,3.59,,,,2.67,0.37,4.6,,,,,,,,,,
2021-03-26,62.87,61.02,65.25,,,,19.48,17.22,21.34,,,,5.35,3.34,7.42,,,,3.68,1.55,5.54,,,,3.46,1.39,5.44,,,,1.29,-1.62,3.56,,,,2.66,0.39,4.59,,,,66.0,17.0,2.0,4.0,5.0,1.0,3.0
2021-03-27,62.87,60.98,65.25,,,,19.46,17.22,21.32,,,,5.36,3.35,7.42,,,,3.7,1.61,5.59,,,,3.46,1.39,5.47,,,,1.29,-1.6,3.57,,,,2.65,0.37,4.58,,,,,,,,,,
2021-03-28,62.87,60.94,65.25,,,,19.44,17.23,21.31,,,,5.37,3.36,7.4,,,,3.71,1.56,5.62,,,,3.46,1.39,5.48,,,,1.29,-1.62,3.55,,,,2.64,0.35,4.56,,,,,,,,,,
2021-03-29,62.88,60.94,65.31,,,,19.41,17.2,21.29,,,,5.38,3.38,7.42,,,,3.73,1.51,5.63,,,,3.47,1.39,5.48,,,,1.29,-1.6,3.56,,,,2.63,0.35,4.54,,,,,,,,,,
2021-03-30,62.88,60.95,65.35,,,,19.39,17.14,21.29,,,,5.39,3.39,7.47,,,,3.74,1.52,5.66,,,,3.47,1.39,5.49,,,,1.29,-1.58,3.57,,,,2.62,0.36,4.54,,,,,,,,,,
2021-03-31,62.88,60.92,65.37,,,,19.37,17.08,21.31,,,,5.41,3.4,7.52,,,,3.76,1.55,5.67,,,,3.47,1.39,5.49,,,,1.28,-1.56,3.58,,,,2.61,0.37,4.56,,,,,,,,,,
2021-04-01,62.88,60.94,65.39,,,,19.35,17.02,21.3,,,,5.42,3.41,7.53,,,,3.77,1.6,5.71,,,,3.47,1.38,5.49,,,,1.28,-1.53,3.57,,,,2.6,0.38,4.56,,,,63.0,20.0,5.0,4.0,3.0,2.0,3.0
2021-04-02,62.89,60.93,65.4,,,,19.33,17.01,21.28,,,,5.43,3.48,7.57,,,,3.78,1.65,5.73,,,,3.47,1.38,5.49,,,,1.28,-1.52,3.55,,,,2.59,0.38,4.58,,,,,,,,,,
2021-04-03,62.89,60.92,65.4,,,,19.31,17.01,21.26,,,,5.44,3.53,7.57,,,,3.8,1.69,5.76,,,,3.46,1.4,5.52,,,,1.28,-1.52,3.53,,,,2.58,0.39,4.62,,,,,,,,,,
2021-04-04,62.89,60.91,65.4,,,,19.29,17.01,21.24,,,,5.45,3.56,7.56,,,,3.81,1.7,5.79,,,,3.46,1.41,5.53,,,,1.27,-1.52,3.47,,,,2.57,0.41,4.61,,,,,,,,,,
2021-04-05,62.89,60.93,65.4,,,,19.27,17.0,21.23,,,,5.46,3.57,7.56,,,,3.83,1.71,5.83,,,,3.46,1.42,5.54,,,,1.27,-1.54,3.46,,,,2.56,0.45,4.61,,,,,,,,,,
2021-04-06,62.89,60.95,65.41,,,,19.25,17.0,21.19,,,,5.47,3.58,7.55,,,,3.84,1.72,5.85,,,,3.46,1.43,5.56,,,,1.27,-1.53,3.42,,,,2.56,0.49,4.58,,,,,,,,,,
2021-04-07,62.89,60.95,65.4,,,,19.23,17.0,21.16,,,,5.48,3.59,7.54,,,,3.85,1.73,5.87,,,,3.46,1.43,5.53,,,,1.26,-1.53,3.39,,,,2.55,0.48,4.62,,,,,,,,,,
2021-04-08,62.89,60.94,65.4,,,,19.21,17.0,21.17,,,,5.49,3.62,7.52,,,,3.87,1.75,5.9,,,,3.46,1.44,5.52,,,,1.26,-1.53,3.4,,,,2.54,0.46,4.58,,,,62.0,20.0,6.0,5.0,2.0,1.0,2.0
2021-04-09,62.89,60.92,65.39,,,,19.2,17.0,21.18,,,,5.5,3.62,7.53,,,,3.88,1.76,5.93,,,,3.46,1.42,5.49,,,,1.26,-1.6,3.42,,,,2.54,0.44,4.53,,,,,,,,,,
2021-04-10,62.89,60.9,65.38,,,,19.18,17.0,21.16,,,,5.51,3.6,7.57,,,,3.89,1.78,5.95,,,,3.46,1.42,5.51,,,,1.25,-1.71,3.43,,,,2.53,0.45,4.54,,,,,,,,,,
2021-04-11,62.89,60.88,65.37,,,,19.16,17.0,21.14,,,,5.52,3.6,7.61,,,,3.9,1.8,6.0,,,,3.46,1.43,5.55,,,,1.25,-1.71,3.44,,,,2.53,0.46,4.56,,,,,,,,,,
2021-04-12,62.89,60.87,65.36,,,,19.14,16.96,21.12,,,,5.53,3.6,7.65,,,,3.91,1.82,6.04,,,,3.46,1.45,5.58,,,,1.25,-1.69,3.45,,,,2.52,0.47,4.56,,,,,,,,,,
2021-04-13,62.89,60.85,65.35,,,,19.13,16.92,21.12,,,,5.54,3.6,7.66,,,,3.92,1.85,6.05,,,,3.46,1.46,5.55,,,,1.24,-1.67,3.46,,,,2.52,0.48,4.53,,,,,,,,,,
2021-04-14,62.89,60.83,65.33,,,,19.11,16.89,21.15,,,,5.55,3.6,7.67,,,,3.93,1.87,6.06,,,,3.46,1.48,5.54,,,,1.24,-1.66,3.47,,,,2.52,0.5,4.51,,,,61.0,18.0,6.0,6.0,4.0,1.0,2.0
2021-04-15,62.89,60.82,65.32,,,,19.09,16.86,21.15,,,,5.56,3.61,7.7,,,,3.94,1.89,6.07,,,,3.45,1.51,5.51,,,,1.24,-1.63,3.5,,,,2.52,0.52,4.52,,,,,,,,,,
2021-04-16,62.89,60.84,65.31,,,,19.08,16.84,21.16,,,,5.57,3.6,7.73,,,,3.95,1.93,6.04,,,,3.45,1.55,5.51,,,,1.23,-1.61,3.54,,,,2.51,0.54,4.52,,,,,,,,,,
2021-04-17,62.88,60.89,65.32,,,,19.06,16.86,21.16,,,,5.59,3.6,7.72,,,,3.95,1.96,6.03,,,,3.45,1.56,5.51,,,,1.23,-1.59,3.55,,,,2.51,0.5,4.52,,,,,,,,,,
2021-04-18,62.88,60.86,65.3,,,,19.05,16.83,21.16,,,,5.6,3.58,7.71,,,,3.96,1.99,6.05,,,,3.45,1.58,5.51,,,,1.22,-1.56,3.53,,,,2.51,0.51,4.52,,,,,,,,,,
2021-04-19,62.88,60.82,65.28,,,,19.03,16.79,21.17,,,,5.61,3.59,7.7,,,,3.97,2.03,6.07,,,,3.45,1.61,5.5,,,,1.22,-1.55,3.55,,,,2.51,0.54,4.53,,,,,,,,,,
2021-04-20,62.88,60.79,65.26,,,,19.02,16.76,21.17,,,,5.62,3.59,7.73,,,,3.97,2.09,6.06,,,,3.44,1.61,5.49,,,,1.21,-1.48,3.6,,,,2.51,0.56,4.58,,,,,,,,,,
2021-04-21,62.88,60.81,65.25,,,,19.01,16.79,21.17,,,,5.63,3.59,7.71,,,,3.98,2.13,6.05,,,,3.44,1.61,5.48,,,,1.21,-1.43,3.55,,,,2.52,0.56,4.57,,,,,,,,,,
2021-04-22,62.87,60.84,65.24,,,,18.99,16.8,21.16,,,,5.65,3.59,7.68,,,,3.98,2.13,6.06,,,,3.44,1.61,5.47,,,,1.21,-1.43,3.51,,,,2.52,0.57,4.56,,,,66.0,20.0,4.0,3.0,4.0,1.0,2.0
2021-04-23,62.87,60.85,65.24,,,,18.98,16.78,21.16,,,,5.66,3.6,7.72,,,,3.98,2.16,6.05,,,,3.43,1.61,5.46,,,,1.2,-1.48,3.47,,,,2.52,0.57,4.55,,,,,,,,,,
2021-04-24,62.87,60.83,65.24,,,,18.97,16.76,21.16,,,,5.67,3.6,7.76,,,,3.99,2.18,6.07,,,,3.43,1.59,5.45,,,,1.2,-1.48,3.47,,,,2.52,0.58,4.56,,,,,,,,,,
2021-04-25,62.87,60.79,65.22,,,,18.95,16.75,21.14,,,,5.69,3.61,7.8,,,,3.99,2.17,6.08,,,,3.43,1.55,5.44,,,,1.19,-1.46,3.46,,,,2.52,0.59,4.56,,,,,,,,,,
2021-04-26,62.86,60.83,65.22,,,,18.94,16.77,21.14,,,,5.7,3.62,7.84,,,,3.99,2.16,6.1,,,,3.43,1.52,5.45,,,,1.19,-1.46,3.46,,,,2.53,0.6,4.56,,,,,,,,,,
2021-04-27,62.86,60.83,65.22,,,,18.93,16.79,21.14,,,,5.71,3.62,7.89,,,,3.99,2.15,6.13,,,,3.42,1.49,5.45,,,,1.18,-1.44,3.48,,,,2.53,0.61,4.58,,,,,,,,,,
2021-04-28,62.85,60.8,65.22,,,,18.91,16.75,21.13,,,,5.73,3.63,7.9,,,,3.99,2.13,6.15,,,,3.42,1.51,5.46,,,,1.18,-1.42,3.49,,,,2.53,0.62,4.59,,,,60.0,20.0,7.0,3.0,4.0,1.0,3.0
2021-04-29,62.85,60.78,65.2,,,,18.9,16.75,21.13,,,,5.74,3.7,7.9,,,,4.0,2.13,6.15,,,,3.41,1.54,5.45,,,,1.17,-1.41,3.51,,,,2.54,0.64,4.61,,,,,,,,,,
2021-04-30,62.84,60.74,65.17,,,,18.89,16.77,21.13,,,,5.76,3.71,7.91,,,,4.0,2.12,6.16,,,,3.41,1.55,5.49,,,,1.17,-1.41,3.52,,,,2.54,0.65,4.63,,,,,,,,,,
2021-05-01,62.84,60.66,65.19,,,,18.88,16.78,21.13,,,,5.78,3.73,7.91,,,,4.0,2.12,6.17,,,,3.41,1.54,5.52,,,,1.16,-1.42,3.52,,,,2.55,0.66,4.63,,,,,,,,,,
2021-05-02,62.83,60.64,65.21,,,,18.86,16.8,21.13,,,,5.79,3.78,7.91,,,,4.0,2.12,6.16,,,,3.4,1.54,5.56,,,,1.16,-1.43,3.53,,,,2.55,0.65,4.64,,,,,,,,,,
2021-05-03,62.82,60.66,65.2,,,,18.85,16.83,21.1,,,,5.81,3.81,7.94,,,,4.0,2.11,6.16,,,,3.4,1.54,5.59,,,,1.15,-1.44,3.53,,,,2.55,0.64,4.66,,,,,,,,,,
2021-05-04,62.81,60.61,65.19,,,,18.84,16.84,21.05,,,,5.83,3.82,8.0,,,,4.0,2.11,6.16,,,,3.4,1.55,5.6,,,,1.15,-1.45,3.49,,,,2.56,0.63,4.67,,,,,,,,,,
2021-05-05,62.8,60.58,65.19,,,,18.83,16.85,21.01,,,,5.84,3.82,8.06,,,,4.0,2.13,6.16,,,,3.39,1.55,5.57,,,,1.15,-1.45,3.45,,,,2.56,0.62,4.7,,,,61.0,23.0,5.0,3.0,3.0,,2.0
2021-05-06,62.79,60.56,65.18,,,,18.82,16.85,20.97,,,,5.86,3.82,8.06,,,,4.0,2.13,6.13,,,,3.39,1.55,5.54,,,,1.14,-1.49,3.45,,,,2.57,0.61,4.74,,,,,,,,,,
2021-05-07,62.78,60.54,65.17,,,,18.81,16.86,20.96,,,,5.88,3.83,8.02,,,,4.0,2.13,6.07,,,,3.39,1.54,5.51,,,,1.14,-1.56,3.41,,,,2.57,0.61,4.78,,,,,,,,,,
2021-05-08,62.76,60.53,65.16,,,,18.8,16.86,20.96,,,,5.9,3.84,7.98,,,,4.0,2.1,6.02,,,,3.38,1.53,5.48,,,,1.13,-1.62,3.44,,,,2.58,0.61,4.8,,,,,,,,,,
2021-05-09,62.75,60.53,65.17,,,,18.79,16.79,20.96,,,,5.92,3.88,8.02,,,,4.0,2.09,6.03,,,,3.38,1.52,5.45,,,,1.13,-1.63,3.48,,,,2.58,0.62,4.75,,,,,,,,,,
2021-05-10,62.73,60.57,65.17,,,,18.78,16.68,20.97,,,,5.93,3.89,8.06,,,,4.0,2.08,6.05,,,,3.38,1.51,5.41,,,,1.13,-1.67,3.51,,,,2.59,0.62,4.72,,,,,,,,,,
2021-05-11,62.72,60.47,65.18,,,,18.78,16.59,20.99,,,,5.95,3.92,8.06,,,,4.0,2.09,6.03,,,,3.37,1.51,5.38,,,,1.12,-1.72,3.51,,,,2.59,0.62,4.71,,,,,,,,,,
2021-05-12,62.7,60.42,65.17,,,,18.77,16.6,21.0,,,,5.97,3.95,8.08,,,,4.0,2.08,6.0,,,,3.37,1.52,5.34,,,,1.12,-1.77,3.5,,,,2.6,0.63,4.71,,,,64.0,17.0,8.0,4.0,3.0,1.0,1.0
2021-05-13,62.68,60.47,65.17,,,,18.76,16.62,20.98,,,,5.99,3.96,8.08,,,,4.0,2.07,5.97,,,,3.37,1.43,5.31,,,,1.12,-1.82,3.5,,,,2.61,0.63,4.71,,,,,,,,,,
2021-05-14,62.66,60.44,65.17,,,,18.75,16.64,20.93,,,,6.01,3.94,8.12,,,,4.0,2.03,5.95,,,,3.37,1.4,5.27,,,,1.11,-1.84,3.49,,,,2.61,0.64,4.7,,,,,,,,,,
2021-05-15,62.64,60.39,65.16,,,,18.75,16.67,20.93,,,,6.03,3.97,8.12,,,,4.0,2.04,5.96,,,,3.37,1.37,5.25,,,,1.11,-1.8,3.48,,,,2.62,0.66,4.7,,,,,,,,,,
2021-05-16,62.61,60.33,65.16,,,,18.74,16.71,20.9,,,,6.05,4.0,8.15,,,,4.0,2.05,5.97,,,,3.36,1.35,5.22,,,,1.11,-1.77,3.51,,,,2.62,0.7,4.68,,,,,,,,,,
2021-05-17,62.59,60.28,65.15,,,,18.74,16.69,20.86,,,,6.07,4.05,8.17,,,,4.01,2.06,5.98,,,,3.36,1.33,5.22,,,,1.11,-1.74,3.53,,,,2.63,0.78,4.66,,,,,,,,,,
2021-05-18,62.56,60.22,65.13,,,,18.73,16.68,20.82,,,,6.09,4.12,8.19,,,,4.01,2.08,5.99,,,,3.36,1.39,5.2,,,,1.1,-1.7,3.55,,,,2.64,0.8,4.63,,,,,,,,,,
2021-05-19,62.54,60.16,65.08,,,,18.73,16.72,20.78,,,,6.11,4.18,8.21,,,,4.01,2.09,6.01,,,,3.36,1.41,5.21,,,,1.1,-1.66,3.57,,,,2.64,0.8,4.63,,,,,,,,,,
2021-05-20,62.51,60.13,65.02,,,,18.73,16.76,20.75,,,,6.13,4.19,8.23,,,,4.01,2.11,6.01,,,,3.36,1.34,5.22,,,,1.1,-1.63,3.59,,,,2.65,0.8,4.59,,,,68.0,15.0,6.0,3.0,5.0,,3.0
2021-05-21,62.48,60.11,64.97,,,,18.72,16.75,20.73,,,,6.15,4.2,8.29,,,,4.01,2.12,5.97,,,,3.36,1.34,5.21,,,,1.1,-1.59,3.59,,,,2.65,0.81,4.56,,,,,,,,,,
2021-05-22,62.45,60.09,64.9,,,,18.72,16.74,20.72,,,,6.17,4.21,8.33,,,,4.02,2.13,5.93,,,,3.35,1.33,5.2,,,,1.1,-1.55,3.57,,,,2.66,0.81,4.55,,,,,,,,,,
2021-05-23,62.42,60.06,64.82,,,,18.72,16.74,20.71,,,,6.19,4.21,8.31,,,,4.02,2.12,5.91,,,,3.35,1.33,5.18,,,,1.1,-1.54,3.56,,,,2.67,0.81,4.56,,,,,,,,,,
2021-05-24,62.38,60.04,64.75,,,,18.72,16.73,20.74,,,,6.22,4.25,8.28,,,,4.02,2.12,5.92,,,,3.35,1.34,5.17,,,,1.1,-1.55,3.55,,,,2.67,0.81,4.57,,,,,,,,,,
2021-05-25,62.35,60.02,64.67,,,,18.71,16.73,20.75,,,,6.24,4.25,8.29,,,,4.02,2.11,5.9,,,,3.35,1.34,5.15,,,,1.09,-1.55,3.53,,,,2.68,0.78,4.58,,,,,,,,,,
2021-05-26,62.31,60.0,64.62,,,,18.71,16.75,20.74,,,,6.26,4.27,8.34,,,,4.03,2.1,5.91,,,,3.35,1.36,5.16,,,,1.09,-1.56,3.51,,,,2.68,0.72,4.59,,,,,,,,,,
2021-05-27,62.27,59.97,64.57,,,,18.71,16.72,20.71,,,,6.28,4.29,8.33,,,,4.03,2.1,5.94,,,,3.35,1.37,5.23,,,,1.09,-1.57,3.5,,,,2.69,0.7,4.58,,,,,,,,,,
2021-05-28,62.24,59.94,64.51,,,,18.71,16.7,20.68,,,,6.31,4.32,8.36,,,,4.03,2.08,5.95,,,,3.34,1.39,5.2,,,,1.09,-1.59,3.53,,,,2.7,0.66,4.59,,,,61.0,19.0,6.0,6.0,2.0,1.0,4.0
2021-05-29,62.2,59.92,64.49,,,,18.71,16.68,20.65,,,,6.33,4.34,8.39,,,,4.04,2.08,5.96,,,,3.34,1.4,5.17,,,,1.09,-1.63,3.57,,,,2.7,0.62,4.59,,,,,,,,,,
2021-05-30,62.16,59.89,64.48,,,,18.71,16.67,20.62,,,,6.35,4.37,8.42,,,,4.04,2.07,5.99,,,,3.34,1.42,5.13,,,,1.09,-1.63,3.6,,,,2.71,0.6,4.57,,,,,,,,,,
2021-05-31,62.11,59.81,64.44,,,,18.71,16.67,20.6,,,,6.38,4.36,8.45,,,,4.04,2.07,5.97,,,,3.34,1.43,5.14,,,,1.09,-1.59,3.62,,,,2.72,0.65,4.56,,,,,,,,,,
2021-06-01,62.07,59.73,64.43,,,,18.71,16.67,20.59,,,,6.4,4.38,8.47,,,,4.05,2.06,5.97,,,,3.33,1.44,5.15,,,,1.09,-1.59,3.65,,,,2.72,0.69,4.57,,,,,,,,,,
2021-06-02,62.03,59.7,64.42,,,,18.71,16.64,20.59,,,,6.43,4.41,8.49,,,,4.05,2.06,5.97,,,,3.33,1.44,5.15,,,,1.09,-1.6,3.64,,,,2.73,0.74,4.57,,,,,,,,,,
2021-06-03,61.99,59.67,64.38,,,,18.71,16.64,20.57,,,,6.45,4.43,8.51,,,,4.06,2.05,5.97,,,,3.33,1.42,5.14,,,,1.1,-1.59,3.61,,,,2.74,0.78,4.57,,,,65.0,17.0,5.0,6.0,4.0,,1.0
2021-06-04,61.94,59.65,64.3,,,,18.71,16.63,20.56,,,,6.48,4.43,8.53,,,,4.06,2.05,5.97,,,,3.33,1.42,5.16,,,,1.1,-1.57,3.64,,,,2.74,0.79,4.57,,,,,,,,,,
2021-06-05,61.9,59.64,64.25,,,,18.72,16.62,20.57,,,,6.5,4.42,8.54,,,,4.07,2.05,5.99,,,,3.32,1.4,5.16,,,,1.1,-1.55,3.64,,,,2.75,0.79,4.59,,,,,,,,,,
2021-06-06,61.85,59.61,64.22,,,,18.72,16.61,20.6,,,,6.52,4.42,8.56,,,,4.07,2.06,6.03,,,,3.32,1.4,5.16,,,,1.1,-1.53,3.68,,,,2.76,0.8,4.61,,,,,,,,,,
2021-06-07,61.8,59.57,64.19,,,,18.72,16.6,20.59,,,,6.55,4.41,8.57,,,,4.08,2.1,6.05,,,,3.32,1.41,5.16,,,,1.1,-1.51,3.72,,,,2.76,0.79,4.64,,,,,,,,,,
2021-06-08,61.76,59.52,64.16,,,,18.72,16.6,20.57,,,,6.57,4.42,8.59,,,,4.08,2.11,6.05,,,,3.32,1.44,5.17,,,,1.1,-1.49,3.73,,,,2.77,0.81,4.67,,,,,,,,,,
2021-06-09,61.71,59.46,64.15,,,,18.72,16.6,20.52,,,,6.6,4.46,8.6,,,,4.09,2.11,6.06,,,,3.31,1.43,5.16,,,,1.1,-1.49,3.76,,,,2.78,0.82,4.72,,,,,,,,,,
2021-06-10,61.66,59.39,64.12,,,,18.73,16.59,20.52,,,,6.62,4.5,8.62,,,,4.09,2.11,6.07,,,,3.31,1.42,5.16,,,,1.1,-1.5,3.78,,,,2.79,0.83,4.77,,,,60.0,22.0,5.0,4.0,3.0,1.0,2.0
2021-06-11,61.61,59.34,64.05,,,,18.73,16.6,20.51,,,,6.65,4.54,8.7,,,,4.1,2.11,6.07,,,,3.3,1.42,5.18,,,,1.1,-1.51,3.79,,,,2.79,0.83,4.77,,,,,,,,,,
2021-06-12,61.57,59.28,64.01,,,,18.73,16.59,20.5,,,,6.67,4.52,8.79,,,,4.11,2.14,6.08,,,,3.3,1.4,5.23,,,,1.1,-1.53,3.77,,,,2.8,0.83,4.81,,,,,,,,,,
2021-06-13,61.52,59.23,63.97,,,,18.73,16.59,20.51,,,,6.69,4.52,8.82,,,,4.11,2.14,6.08,,,,3.3,1.42,5.22,,,,1.1,-1.54,3.72,,,,2.81,0.86,4.89,,,,,,,,,,
2021-06-14,61.47,59.17,63.93,,,,18.74,16.59,20.51,,,,6.71,4.51,8.83,,,,4.12,2.15,6.08,,,,3.29,1.43,5.21,,,,1.1,-1.49,3.74,,,,2.82,0.89,4.88,,,,,,,,,,
2021-06-15,61.42,59.15,63.89,,,,18.74,16.62,20.51,,,,6.74,4.57,8.84,,,,4.13,2.14,6.11,,,,3.29,1.41,5.22,,,,1.1,-1.51,3.73,,,,2.82,0.91,4.86,,,,,,,,,,
2021-06-16,61.36,59.06,63.85,,,,18.74,16.63,20.52,,,,6.76,4.61,8.86,,,,4.14,2.1,6.17,,,,3.29,1.39,5.27,,,,1.1,-1.56,3.71,,,,2.83,0.93,4.84,,,,,,,,,,
2021-06-17,61.31,59.01,63.8,,,,18.75,16.63,20.53,,,,6.78,4.67,8.88,,,,4.15,2.1,6.2,,,,3.28,1.37,5.27,,,,1.1,-1.59,3.68,,,,2.84,0.95,4.82,,,,66.0,16.0,5.0,2.0,3.0,1.0,4.0
2021-06-18,61.26,58.97,63.78,,,,18.75,16.64,20.53,,,,6.8,4.72,8.89,,,,4.16,2.1,6.21,,,,3.28,1.35,5.27,,,,1.1,-1.59,3.71,,,,2.85,0.97,4.81,,,,,,,,,,
2021-06-19,61.21,58.95,63.77,,,,18.76,16.64,20.54,,,,6.82,4.78,8.92,,,,4.17,2.11,6.18,,,,3.27,1.34,5.25,,,,1.1,-1.6,3.69,,,,2.86,1.0,4.78,,,,,,,,,,
2021-06-20,61.16,58.93,63.75,,,,18.76,16.65,20.56,,,,6.85,4.81,8.93,,,,4.18,2.12,6.17,,,,3.27,1.32,5.25,,,,1.1,-1.6,3.67,,,,2.87,1.01,4.77,,,,,,,,,,
2021-06-21,61.1,58.91,63.75,,,,18.76,16.65,20.6,,,,6.87,4.8,8.96,,,,4.19,2.13,6.16,,,,3.27,1.3,5.27,,,,1.1,-1.59,3.68,,,,2.87,1.01,4.78,,,,,,,,,,
2021-06-22,61.05,58.84,63.74,,,,18.77,16.66,20.61,,,,6.89,4.8,8.97,,,,4.2,2.16,6.15,,,,3.26,1.27,5.28,,,,1.1,-1.58,3.6,,,,2.88,1.03,4.79,,,,,,,,,,
2021-06-23,60.99,58.76,63.69,,,,18.77,16.68,20.62,,,,6.91,4.82,8.99,,,,4.21,2.2,6.15,,,,3.26,1.27,5.28,,,,1.1,-1.57,3.64,,,,2.89,1.01,4.81,,,,,,,,,,
2021-06-24,60.94,58.71,63.63,,,,18.78,16.69,20.63,,,,6.93,4.8,9.01,,,,4.22,2.2,6.21,,,,3.25,1.26,5.25,,,,1.1,-1.56,3.67,,,,2.9,0.99,4.83,,,,60.0,17.0,9.0,3.0,3.0,,5.0
2021-06-25,60.88,58.65,63.56,,,,18.78,16.7,20.65,,,,6.95,4.8,9.03,,,,4.23,2.21,6.29,,,,3.25,1.25,5.25,,,,1.11,-1.57,3.63,,,,2.91,0.97,4.83,,,,,,,,,,
2021-06-26,60.83,58.58,63.49,,,,18.78,16.68,20.7,,,,6.97,4.86,9.04,,,,4.24,2.23,6.29,,,,3.24,1.25,5.24,,,,1.11,-1.6,3.58,,,,2.92,0.96,4.84,,,,,,,,,,
2021-06-27,60.77,58.48,63.41,,,,18.79,16.7,20.75,,,,6.99,4.88,9.05,,,,4.26,2.25,6.31,,,,3.24,1.24,5.24,,,,1.11,-1.63,3.54,,,,2.93,0.95,4.85,,,,,,,,,,
2021-06-28,60.71,58.35,63.33,,,,18.79,16.73,20.79,,,,7.01,4.91,9.09,,,,4.27,2.23,6.27,,,,3.23,1.24,5.19,,,,1.11,-1.61,3.56,,,,2.94,0.97,4.86,,,,,,,,,,
2021-06-29,60.65,58.24,63.24,,,,18.8,16.76,20.82,,,,7.03,4.95,9.12,,,,4.28,2.22,6.24,,,,3.23,1.21,5.2,,,,1.11,-1.57,3.57,,,,2.95,0.99,4.87,,,,,,,,,,
2021-06-30,60.6,58.16,63.15,,,,18.8,16.8,20.82,,,,7.06,5.0,9.15,,,,4.29,2.22,6.21,,,,3.22,1.19,5.21,,,,1.11,-1.51,3.58,,,,2.96,1.01,4.88,,,,60.0,19.0,9.0,4.0,4.0,1.0,3.0
2021-07-01,60.54,58.1,63.05,,,,18.81,16.82,20.82,,,,7.08,5.04,9.18,,,,4.31,2.25,6.2,,,,3.22,1.2,5.21,,,,1.11,-1.45,3.6,,,,2.97,1.0,4.9,,,,,,,,,,
2021-07-02,60.48,58.07,62.96,,,,18.81,16.86,20.8,,,,7.1,5.08,9.2,,,,4.32,2.31,6.18,,,,3.21,1.23,5.22,,,,1.11,-1.47,3.64,,,,2.98,0.98,4.91,,,,,,,,,,
2021-07-03,60.42,58.04,62.87,,,,18.82,16.9,20.74,,,,7.12,5.13,9.23,,,,4.33,2.33,6.17,,,,3.21,1.24,5.22,,,,1.11,-1.39,3.73,,,,2.99,0.99,4.92,,,,,,,,,,
2021-07-04,60.36,58.0,62.82,,,,18.83,16.9,20.75,,,,7.14,5.17,9.26,,,,4.35,2.32,6.15,,,,3.2,1.24,5.23,,,,1.11,-1.39,3.84,,,,3.0,1.03,4.91,,,,,,,,,,
2021-07-05,60.29,57.91,62.77,,,,18.83,16.87,20.78,,,,7.17,5.22,9.28,,,,4.36,2.35,6.14,,,,3.2,1.23,5.23,,,,1.11,-1.31,3.9,,,,3.02,1.07,4.95,,,,,,,,,,
2021-07-06,60.23,57.87,62.71,,,,18.84,16.84,20.77,,,,7.19,5.27,9.31,,,,4.37,2.39,6.12,,,,3.19,1.24,5.23,,,,1.11,-1.23,3.88,,,,3.03,1.11,4.97,,,,,,,,,,
2021-07-07,60.17,57.82,62.67,,,,18.84,16.85,20.76,,,,7.21,5.32,9.33,,,,4.39,2.4,6.14,,,,3.19,1.24,5.23,,,,1.11,-1.19,3.84,,,,3.04,1.14,4.98,,,,,,,,,,
2021-07-08,60.11,57.74,62.63,,,,18.85,16.88,20.75,,,,7.23,5.38,9.36,,,,4.4,2.4,6.17,,,,3.19,1.25,5.21,,,,1.11,-1.2,3.81,,,,3.05,1.15,5.05,,,,63.0,16.0,8.0,4.0,2.0,,3.0
2021-07-09,60.05,57.65,62.6,,,,18.86,16.91,20.74,,,,7.26,5.39,9.38,,,,4.41,2.38,6.16,,,,3.18,1.26,5.19,,,,1.11,-1.16,3.8,,,,3.06,1.2,5.1,,,,,,,,,,
2021-07-10,59.98,57.57,62.57,,,,18.86,16.93,20.73,,,,7.28,5.41,9.35,,,,4.43,2.38,6.14,,,,3.18,1.27,5.17,,,,1.11,-1.11,3.81,,,,3.07,1.23,5.1,,,,,,,,,,
2021-07-11,59.92,57.49,62.53,,,,18.87,16.91,20.72,,,,7.3,5.47,9.31,,,,4.44,2.41,6.13,,,,3.17,1.28,5.15,,,,1.11,-1.06,3.81,,,,3.09,1.23,5.1,,,,,,,,,,
2021-07-12,59.86,57.42,62.47,,,,18.88,16.91,20.72,,,,7.32,5.49,9.27,,,,4.45,2.44,6.11,,,,3.17,1.29,5.13,,,,1.11,-1.01,3.84,,,,3.1,1.28,5.1,,,,,,,,,,
2021-07-13,59.79,57.35,62.43,,,,18.89,16.95,20.72,,,,7.35,5.5,9.29,,,,4.46,2.47,6.09,,,,3.17,1.32,5.11,,,,1.11,-0.96,3.82,,,,3.11,1.32,5.1,,,,,,,,,,
2021-07-14,59.73,57.31,62.41,,,,18.9,17.0,20.72,,,,7.37,5.52,9.32,,,,4.47,2.49,6.11,,,,3.17,1.33,5.13,,,,1.11,-0.92,3.82,,,,3.12,1.37,5.1,,,,,,,,,,
2021-07-15,59.67,57.25,62.37,,,,18.9,17.05,20.75,,,,7.39,5.54,9.34,,,,4.48,2.54,6.12,,,,3.16,1.35,5.16,,,,1.11,-0.9,3.84,,,,3.14,1.39,5.1,,,,,,,,,,
2021-07-16,59.61,57.18,62.33,,,,18.91,17.11,20.78,,,,7.41,5.57,9.37,,,,4.49,2.53,6.13,,,,3.16,1.37,5.16,,,,1.11,-0.91,3.85,,,,3.15,1.42,5.13,,,,60.0,18.0,8.0,5.0,4.0,1.0,2.0
2021-07-17,59.55,57.11,62.29,,,,18.92,17.13,20.81,,,,7.44,5.6,9.42,,,,4.5,2.56,6.15,,,,3.16,1.41,5.14,,,,1.11,-0.88,3.83,,,,3.16,1.45,5.15,,,,,,,,,,
2021-07-18,59.49,57.04,62.21,,,,18.93,17.14,20.84,,,,7.46,5.65,9.46,,,,4.51,2.57,6.15,,,,3.16,1.47,5.13,,,,1.11,-0.89,3.82,,,,3.17,1.47,5.17,,,,,,,,,,
2021-07-19,59.43,56.97,62.13,,,,18.94,17.16,20.86,,,,7.48,5.69,9.51,,,,4.52,2.57,6.13,,,,3.15,1.47,5.11,,,,1.11,-0.9,3.8,,,,3.18,1.5,5.16,,,,,,,,,,
2021-07-20,59.37,56.92,62.05,,,,18.95,17.17,20.88,,,,7.5,5.72,9.52,,,,4.53,2.58,6.16,,,,3.15,1.46,5.1,,,,1.11,-0.91,3.8,,,,3.2,1.51,5.18,,,,,,,,,,
2021-07-21,59.31,56.9,61.98,,,,18.96,17.17,20.89,,,,7.52,5.77,9.52,,,,4.54,2.61,6.18,,,,3.15,1.48,5.08,,,,1.11,-0.92,3.8,,,,3.21,1.49,5.19,,,,56.0,21.0,6.0,5.0,3.0,2.0,3.0
2021-07-22,59.25,56.87,61.9,,,,18.97,17.17,20.9,,,,7.54,5.78,9.52,,,,4.54,2.64,6.2,,,,3.15,1.48,5.05,,,,1.11,-0.93,3.79,,,,3.22,1.51,5.19,,,,,,,,,,
2021-07-23,59.19,56.81,61.81,,,,18.98,17.17,20.91,,,,7.57,5.78,9.52,,,,4.55,2.63,6.22,,,,3.15,1.48,5.05,,,,1.11,-0.96,3.79,,,,3.23,1.52,5.18,,,,,,,,,,
2021-07-24,59.13,56.76,61.72,,,,18.99,17.18,20.91,,,,7.59,5.78,9.53,,,,4.56,2.63,6.24,,,,3.14,1.48,5.07,,,,1.11,-0.96,3.79,,,,3.24,1.53,5.16,,,,,,,,,,
2021-07-25,59.07,56.71,61.63,,,,19.0,17.18,20.91,,,,7.61,5.8,9.57,,,,4.56,2.63,6.24,,,,3.14,1.48,5.08,,,,1.11,-0.96,3.78,,,,3.26,1.53,5.15,,,,,,,,,,
2021-07-26,59.02,56.64,61.55,,,,19.01,17.18,20.91,,,,7.63,5.83,9.61,,,,4.57,2.69,6.26,,,,3.14,1.49,5.1,,,,1.11,-0.97,3.78,,,,3.27,1.55,5.15,,,,,,,,,,
2021-07-27,58.96,56.56,61.55,,,,19.02,17.19,20.91,,,,7.65,5.87,9.63,,,,4.57,2.72,6.27,,,,3.14,1.51,5.11,,,,1.11,-0.98,3.83,,,,3.28,1.55,5.13,,,,,,,,,,
2021-07-28,58.91,56.49,61.55,,,,19.03,17.19,20.9,,,,7.67,5.97,9.63,,,,4.58,2.71,6.28,,,,3.14,1.49,5.13,,,,1.11,-0.99,3.85,,,,3.29,1.54,5.11,,,,,,,,,,
2021-07-29,58.86,56.44,61.52,,,,19.04,17.2,20.93,,,,7.69,5.98,9.64,,,,4.58,2.71,6.29,,,,3.14,1.49,5.16,,,,1.1,-1.0,3.82,,,,3.3,1.62,5.1,,,,57.0,23.0,6.0,4.0,4.0,,4.0
2021-07-30,58.8,56.44,61.43,,,,19.05,17.2,20.93,,,,7.71,5.97,9.65,,,,4.59,2.71,6.29,,,,3.13,1.47,5.17,,,,1.1,-1.02,3.8,,,,3.31,1.63,5.11,,,,,,,,,,
2021-07-31,58.75,56.39,61.41,,,,19.05,17.21,20.95,,,,7.73,5.97,9.66,,,,4.59,2.74,6.3,,,,3.13,1.45,5.17,,,,1.1,-1.05,3.76,,,,3.33,1.62,5.11,,,,,,,,,,
2021-08-01,58.7,56.3,61.32,,,,19.06,17.22,20.97,,,,7.75,5.99,9.68,,,,4.6,2.76,6.32,,,,3.13,1.43,5.17,,,,1.1,-1.09,3.73,,,,3.34,1.62,5.12,,,,,,,,,,
2021-08-02,58.66,56.3,61.24,,,,19.07,17.19,21.02,,,,7.76,6.02,9.7,,,,4.6,2.78,6.34,,,,3.13,1.41,5.15,,,,1.1,-1.12,3.74,,,,3.35,1.62,5.14,,,,,,,,,,
2021-08-03,58.61,56.22,61.15,,,,19.07,17.17,21.0,,,,7.78,6.06,9.72,,,,4.61,2.8,6.38,,,,3.13,1.39,5.17,,,,1.1,-1.12,3.78,,,,3.36,1.61,5.16,,,,,,,,,,
2021-08-04,58.56,56.19,61.1,,,,19.08,17.17,20.99,,,,7.8,6.07,9.75,,,,4.61,2.83,6.44,,,,3.13,1.36,5.17,,,,1.1,-1.11,3.81,,,,3.37,1.62,5.18,,,,,,,,,,
2021-08-05,58.52,56.14,61.08,,,,19.09,17.17,20.97,,,,7.82,6.08,9.77,,,,4.61,2.85,6.49,,,,3.13,1.35,5.16,,,,1.1,-1.1,3.85,,,,3.38,1.65,5.2,,,,,,,,,,
2021-08-06,58.48,56.11,61.06,,,,19.09,17.18,20.98,,,,7.83,6.09,9.8,,,,4.62,2.88,6.51,,,,3.13,1.34,5.13,,,,1.1,-1.11,3.87,,,,3.39,1.67,5.22,,,,59.0,19.0,9.0,5.0,2.0,,3.0
2021-08-07,58.44,56.05,61.04,,,,19.1,17.17,21.0,,,,7.85,6.1,9.8,,,,4.62,2.88,6.52,,,,3.12,1.31,5.11,,,,1.1,-1.13,3.79,,,,3.4,1.66,5.24,,,,,,,,,,
2021-08-08,58.4,56.04,61.01,,,,19.1,17.18,21.03,,,,7.87,6.11,9.79,,,,4.63,2.84,6.54,,,,3.12,1.33,5.07,,,,1.1,-1.15,3.73,,,,3.41,1.65,5.27,,,,,,,,,,
2021-08-09,58.36,56.03,60.98,,,,19.1,17.19,21.06,,,,7.88,6.12,9.78,,,,4.63,2.81,6.55,,,,3.12,1.31,5.05,,,,1.1,-1.14,3.65,,,,3.42,1.64,5.3,,,,,,,,,,
2021-08-10,58.33,56.02,60.95,,,,19.1,17.2,21.07,,,,7.9,6.12,9.82,,,,4.63,2.77,6.54,,,,3.12,1.3,5.02,,,,1.1,-1.14,3.63,,,,3.43,1.63,5.33,,,,,,,,,,
2021-08-11,58.29,56.01,60.91,,,,19.11,17.19,21.09,,,,7.91,6.14,9.8,,,,4.64,2.78,6.54,,,,3.12,1.29,4.98,,,,1.1,-1.16,3.64,,,,3.44,1.65,5.35,,,,,,,,,,
2021-08-12,58.26,55.98,60.83,,,,19.11,17.17,21.09,,,,7.92,6.18,9.77,,,,4.64,2.8,6.54,,,,3.12,1.27,4.96,,,,1.1,-1.17,3.65,,,,3.45,1.64,5.35,,,,52.0,23.0,10.0,4.0,3.0,1.0,3.0
2021-08-13,58.23,55.96,60.81,,,,19.11,17.15,21.06,,,,7.94,6.22,9.76,,,,4.65,2.82,6.54,,,,3.12,1.28,5.02,,,,1.1,-1.2,3.66,,,,3.46,1.67,5.39,,,,,,,,,,
2021-08-14,58.19,55.94,60.78,,,,19.11,17.12,21.03,,,,7.95,6.26,9.79,,,,4.65,2.85,6.51,,,,3.12,1.28,5.08,,,,1.1,-1.23,3.69,,,,3.47,1.67,5.41,,,,,,,,,,
2021-08-15,58.17,55.92,60.76,,,,19.11,17.1,21.01,,,,7.96,6.26,9.78,,,,4.66,2.87,6.48,,,,3.12,1.3,5.07,,,,1.1,-1.25,3.74,,,,3.48,1.68,5.42,,,,,,,,,,
2021-08-16,58.14,55.91,60.7,,,,19.11,17.07,20.99,,,,7.98,6.26,9.78,,,,4.66,2.9,6.45,,,,3.12,1.33,5.05,,,,1.09,-1.25,3.8,,,,3.49,1.69,5.43,,,,,,,,,,
2021-08-17,58.11,55.89,60.64,,,,19.11,17.09,20.99,,,,7.99,6.29,9.76,,,,4.67,2.93,6.43,,,,3.11,1.34,5.01,,,,1.09,-1.25,3.79,,,,3.5,1.71,5.44,,,,,,,,,,
2021-08-18,58.08,55.88,60.62,,,,19.11,17.06,21.0,,,,8.0,6.32,9.75,,,,4.68,2.96,6.48,,,,3.11,1.36,4.99,,,,1.09,-1.25,3.76,,,,3.51,1.72,5.44,,,,60.0,17.0,8.0,6.0,3.0,1.0,3.0
2021-08-19,58.05,55.87,60.58,,,,19.11,17.07,21.02,,,,8.01,6.37,9.73,,,,4.68,3.0,6.48,,,,3.11,1.39,4.96,,,,1.09,-1.26,3.73,,,,3.52,1.74,5.44,,,,,,,,,,
2021-08-20,58.03,55.87,60.5,,,,19.11,17.1,21.02,,,,8.02,6.39,9.71,,,,4.69,3.03,6.49,,,,3.11,1.42,4.99,,,,1.09,-1.27,3.72,,,,3.53,1.76,5.44,,,,,,,,,,
2021-08-21,58.0,55.88,60.51,,,,19.12,17.13,20.99,,,,8.03,6.38,9.7,,,,4.69,3.04,6.51,,,,3.11,1.44,5.05,,,,1.09,-1.27,3.73,,,,3.54,1.78,5.45,,,,,,,,,,
2021-08-22,57.97,55.88,60.52,,,,19.12,17.16,20.99,,,,8.04,6.42,9.72,,,,4.7,3.08,6.52,,,,3.11,1.46,5.05,,,,1.09,-1.28,3.74,,,,3.55,1.79,5.49,,,,,,,,,,
2021-08-23,57.95,55.87,60.52,,,,19.12,17.18,21.02,,,,8.05,6.42,9.74,,,,4.71,3.11,6.53,,,,3.11,1.42,5.02,,,,1.09,-1.28,3.74,,,,3.56,1.82,5.52,,,,,,,,,,
2021-08-24,57.92,55.84,60.47,,,,19.13,17.16,21.06,,,,8.06,6.39,9.75,,,,4.71,3.13,6.54,,,,3.11,1.41,4.99,,,,1.09,-1.26,3.71,,,,3.57,1.84,5.5,,,,,,,,,,
2021-08-25,57.9,55.82,60.38,,,,19.13,17.12,21.1,,,,8.06,6.38,9.77,,,,4.72,3.13,6.5,,,,3.11,1.41,4.95,,,,1.08,-1.25,3.69,,,,3.58,1.86,5.49,,,,,,,,,,
2021-08-26,57.87,55.78,60.38,,,,19.13,17.08,21.12,,,,8.07,6.39,9.79,,,,4.73,3.12,6.48,,,,3.1,1.42,4.92,,,,1.08,-1.28,3.72,,,,3.59,1.88,5.47,,,,58.0,18.0,7.0,5.0,4.0,1.0,3.0
2021-08-27,57.84,55.73,60.38,,,,19.14,17.03,21.14,,,,8.08,6.41,9.85,,,,4.73,3.1,6.51,,,,3.1,1.41,4.89,,,,1.08,-1.3,3.74,,,,3.6,1.9,5.44,,,,,,,,,,
2021-08-28,57.81,55.69,60.37,,,,19.15,16.99,21.15,,,,8.09,6.41,9.9,,,,4.74,3.07,6.55,,,,3.1,1.38,4.87,,,,1.08,-1.32,3.77,,,,3.61,1.92,5.44,,,,,,,,,,
2021-08-29,57.79,55.65,60.33,,,,19.15,16.94,21.16,,,,8.09,6.43,9.93,,,,4.74,3.05,6.58,,,,3.1,1.37,4.84,,,,1.08,-1.32,3.77,,,,3.62,1.88,5.45,,,,,,,,,,
2021-08-30,57.76,55.6,60.29,,,,19.16,16.91,21.18,,,,8.1,6.45,10.01,,,,4.75,3.05,6.6,,,,3.1,1.42,4.82,,,,1.08,-1.32,3.78,,,,3.63,1.87,5.46,,,,,,,,,,
2021-08-31,57.73,55.56,60.26,,,,19.17,16.96,21.19,,,,8.1,6.47,10.02,,,,4.76,3.07,6.61,,,,3.1,1.47,4.8,,,,1.07,-1.32,3.79,,,,3.64,1.9,5.47,,,,,,,,,,
2021-09-01,57.7,55.53,60.22,,,,19.18,17.06,21.2,,,,8.11,6.44,10.06,,,,4.76,3.06,6.62,,,,3.1,1.49,4.78,,,,1.07,-1.31,3.79,,,,3.65,1.93,5.5,,,,,,,,,,
2021-09-02,57.67,55.48,60.18,,,,19.19,17.16,21.21,,,,8.11,6.4,10.06,,,,4.77,3.08,6.64,,,,3.1,1.5,4.77,,,,1.07,-1.3,3.79,,,,3.66,1.99,5.59,,,,,,,,,,
2021-09-03,57.64,55.43,60.13,,,,19.21,17.27,21.22,,,,8.12,6.37,10.03,,,,4.77,3.09,6.66,,,,3.1,1.52,4.75,,,,1.07,-1.3,3.78,,,,3.67,2.0,5.62,,,,59.0,18.0,8.0,7.0,2.0,1.0,3.0
2021-09-04,57.61,55.38,60.09,,,,19.22,17.36,21.22,,,,8.12,6.37,10.03,,,,4.78,3.1,6.66,,,,3.1,1.54,4.73,,,,1.07,-1.28,3.76,,,,3.68,1.97,5.61,,,,,,,,,,
2021-09-05,57.57,55.34,60.06,,,,19.23,17.37,21.23,,,,8.12,6.38,10.03,,,,4.78,3.11,6.7,,,,3.1,1.54,4.71,,,,1.07,-1.25,3.76,,,,3.69,1.92,5.59,,,,,,,,,,
2021-09-06,57.54,55.31,60.01,,,,19.24,17.32,21.24,,,,8.12,6.42,10.01,,,,4.79,3.11,6.69,,,,3.1,1.48,4.69,,,,1.06,-1.29,3.75,,,,3.7,1.9,5.58,,,,,,,,,,
2021-09-07,57.51,55.35,59.97,,,,19.26,17.29,21.24,,,,8.13,6.41,9.98,,,,4.79,3.1,6.68,,,,3.1,1.44,4.68,,,,1.06,-1.31,3.71,,,,3.72,1.96,5.56,,,,,,,,,,
2021-09-08,57.47,55.33,59.94,,,,19.27,17.3,21.31,,,,8.13,6.39,9.95,,,,4.8,3.09,6.69,,,,3.1,1.42,4.67,,,,1.06,-1.25,3.63,,,,3.73,2.03,5.58,,,,,,,,,,
2021-09-09,57.43,55.3,59.91,,,,19.29,17.31,21.4,,,,8.13,6.41,9.93,,,,4.8,3.08,6.71,,,,3.1,1.39,4.68,,,,1.06,-1.19,3.65,,,,3.74,2.08,5.59,,,,50.0,23.0,9.0,6.0,3.0,,5.0
2021-09-10,57.4,55.3,59.88,,,,19.31,17.25,21.47,,,,8.13,6.38,9.9,,,,4.8,3.06,6.74,,,,3.1,1.37,4.7,,,,1.05,-1.2,3.66,,,,3.76,2.07,5.6,,,,,,,,,,
2021-09-11,57.36,55.21,59.83,,,,19.32,17.18,21.53,,,,8.13,6.36,9.87,,,,4.81,3.04,6.76,,,,3.11,1.34,4.71,,,,1.05,-1.2,3.67,,,,3.77,2.06,5.61,,,,,,,,,,
2021-09-12,57.32,55.12,59.72,,,,19.34,17.2,21.55,,,,8.13,6.34,9.84,,,,4.81,3.01,6.78,,,,3.11,1.31,4.72,,,,1.05,-1.19,3.64,,,,3.79,2.03,5.62,,,,,,,,,,
2021-09-13,57.28,55.03,59.68,,,,19.36,17.21,21.57,,,,8.13,6.33,9.83,,,,4.81,2.98,6.78,,,,3.11,1.27,4.74,,,,1.05,-1.19,3.61,,,,3.81,2.01,5.63,,,,,,,,,,
2021-09-14,57.24,54.99,59.63,,,,19.38,17.17,21.58,,,,8.13,6.33,9.83,,,,4.82,2.95,6.78,,,,3.11,1.2,4.75,,,,1.05,-1.16,3.57,,,,3.82,2.0,5.64,,,,,,,,,,
2021-09-15,57.2,54.93,59.58,,,,19.4,17.21,21.57,,,,8.13,6.33,9.83,,,,4.82,2.92,6.78,,,,3.12,1.17,4.77,,,,1.04,-1.14,3.57,,,,3.84,2.03,5.65,,,,,,,,,,
2021-09-16,57.15,54.8,59.53,,,,19.42,17.26,21.56,,,,8.13,6.32,9.82,,,,4.83,2.89,6.8,,,,3.12,1.19,4.79,,,,1.04,-1.14,3.56,,,,3.86,2.05,5.66,,,,61.0,17.0,9.0,3.0,3.0,1.0,4.0
2021-09-17,57.11,54.73,59.47,,,,19.44,17.32,21.56,,,,8.13,6.31,9.81,,,,4.83,2.87,6.81,,,,3.12,1.2,4.81,,,,1.04,-1.1,3.53,,,,3.88,2.07,5.67,,,,,,,,,,
2021-09-18,57.06,54.72,59.42,,,,19.46,17.38,21.56,,,,8.13,6.3,9.81,,,,4.83,2.86,6.82,,,,3.13,1.23,4.82,,,,1.04,-1.1,3.52,,,,3.9,2.07,5.68,,,,,,,,,,
2021-09-19,57.01,54.59,59.37,,,,19.48,17.39,21.59,,,,8.13,6.31,9.82,,,,4.84,2.85,6.83,,,,3.13,1.22,4.84,,,,1.03,-1.1,3.48,,,,3.92,2.08,5.69,,,,,,,,,,
2021-09-20,56.96,54.52,59.34,,,,19.51,17.39,21.63,,,,8.13,6.31,9.84,,,,4.84,2.84,6.85,,,,3.14,1.2,4.86,,,,1.03,-1.09,3.46,,,,3.94,2.09,5.69,,,,,,,,,,
2021-09-21,56.91,54.46,59.27,,,,19.53,17.39,21.62,,,,8.12,6.31,9.86,,,,4.84,2.8,6.86,,,,3.14,1.14,4.85,,,,1.03,-1.09,3.43,,,,3.96,2.1,5.7,,,,,,,,,,
2021-09-22,56.86,54.4,59.23,,,,19.56,17.42,21.57,,,,8.12,6.31,9.85,,,,4.84,2.81,6.86,,,,3.15,1.09,4.83,,,,1.03,-1.08,3.37,,,,3.98,2.11,5.71,,,,,,,,,,
2021-09-23,56.8,54.37,59.2,,,,19.59,17.45,21.54,,,,8.12,6.31,9.83,,,,4.85,2.81,6.87,,,,3.15,1.08,4.82,,,,1.03,-1.08,3.37,,,,4.0,2.12,5.73,,,,54.0,19.0,10.0,6.0,4.0,1.0,5.0
2021-09-24,56.75,54.29,59.17,,,,19.61,17.42,21.51,,,,8.12,6.31,9.82,,,,4.85,2.8,6.88,,,,3.16,1.1,4.8,,,,1.02,-1.07,3.35,,,,4.03,2.13,5.74,,,,,,,,,,
2021-09-25,56.69,54.24,59.13,,,,19.64,17.39,21.5,,,,8.12,6.29,9.83,,,,4.85,2.79,6.89,,,,3.16,1.11,4.81,,,,1.02,-1.05,3.34,,,,4.05,2.14,5.75,,,,,,,,,,
2021-09-26,56.63,54.23,59.07,,,,19.67,17.38,21.49,,,,8.11,6.25,9.85,,,,4.85,2.78,6.89,,,,3.17,1.12,4.86,,,,1.02,-1.04,3.34,,,,4.07,2.15,5.77,,,,,,,,,,
2021-09-27,56.57,54.24,59.01,,,,19.7,17.38,21.48,,,,8.11,6.22,9.85,,,,4.86,2.78,6.85,,,,3.18,1.14,4.9,,,,1.02,-1.03,3.33,,,,4.1,2.17,5.81,,,,,,,,,,
2021-09-28,56.51,54.15,58.97,,,,19.74,17.39,21.51,,,,8.11,6.24,9.83,,,,4.86,2.76,6.8,,,,3.18,1.16,4.94,,,,1.02,-1.01,3.32,,,,4.12,2.19,5.84,,,,,,,,,,
2021-09-29,56.45,54.08,58.95,,,,19.77,17.39,21.58,,,,8.11,6.25,9.81,,,,4.86,2.73,6.76,,,,3.19,1.17,4.98,,,,1.01,-1.0,3.32,,,,4.15,2.2,5.87,,,,58.0,21.0,6.0,3.0,4.0,,4.0
2021-09-30,56.39,54.01,58.93,,,,19.8,17.39,21.62,,,,8.1,6.27,9.82,,,,4.86,2.7,6.71,,,,3.2,1.19,5.02,,,,1.01,-0.95,3.34,,,,4.18,2.29,5.9,,,,,,,,,,
2021-10-01,56.33,53.94,58.9,,,,19.83,17.4,21.68,,,,8.1,6.24,9.83,,,,4.86,2.69,6.66,,,,3.2,1.19,5.06,,,,1.01,-0.95,3.4,,,,4.2,2.38,5.93,,,,,,,,,,
2021-10-02,56.26,53.86,58.88,,,,19.87,17.42,21.74,,,,8.1,6.21,9.82,,,,4.86,2.69,6.61,,,,3.21,1.24,5.1,,,,1.01,-0.94,3.39,,,,4.23,2.42,5.96,,,,,,,,,,
2021-10-03,56.2,53.79,58.78,,,,19.9,17.44,21.79,,,,8.1,6.16,9.8,,,,4.86,2.7,6.62,,,,3.22,1.26,5.12,,,,1.01,-0.94,3.31,,,,4.26,2.4,5.97,,,,,,,,,,
2021-10-04,56.13,53.73,58.7,,,,19.94,17.45,21.85,,,,8.09,6.12,9.79,,,,4.86,2.7,6.64,,,,3.22,1.25,5.13,,,,1.01,-0.92,3.3,,,,4.28,2.39,5.97,,,,,,,,,,
2021-10-05,56.06,53.67,58.62,,,,19.98,17.5,21.87,,,,8.09,6.12,9.77,,,,4.86,2.71,6.67,,,,3.23,1.22,5.12,,,,1.01,-0.89,3.28,,,,4.31,2.39,6.0,,,,,,,,,,
2021-10-06,56.0,53.61,58.54,,,,20.01,17.56,21.87,,,,8.09,6.12,9.76,,,,4.86,2.71,6.69,,,,3.24,1.22,5.09,,,,1.0,-0.87,3.27,,,,4.34,2.38,6.04,,,,62.0,16.0,9.0,4.0,2.0,1.0,3.0
2021-10-07,55.93,53.55,58.44,,,,20.05,17.62,21.88,,,,8.09,6.12,9.73,,,,4.86,2.72,6.7,,,,3.25,1.2,5.05,,,,1.0,-0.85,3.2,,,,4.37,2.37,6.07,,,,,,,,,,
2021-10-08,55.86,53.49,58.35,,,,20.09,17.66,21.87,,,,8.09,6.12,9.73,,,,4.86,2.73,6.72,,,,3.25,1.22,5.02,,,,1.0,-0.85,3.18,,,,4.39,2.38,6.1,,,,,,,,,,
2021-10-09,55.8,53.43,58.26,,,,20.13,17.72,21.93,,,,8.09,6.13,9.73,,,,4.85,2.75,6.73,,,,3.26,1.24,4.99,,,,1.0,-0.86,3.18,,,,4.42,2.4,6.12,,,,,,,,,,
2021-10-10,55.73,53.34,58.19,,,,20.16,17.76,22.03,,,,8.09,6.11,9.72,,,,4.85,2.79,6.74,,,,3.27,1.27,4.95,,,,1.0,-0.87,3.18,,,,4.45,2.42,6.15,,,,,,,,,,
2021-10-11,55.66,53.2,58.12,,,,20.2,17.77,22.11,,,,8.09,6.09,9.71,,,,4.85,2.83,6.74,,,,3.28,1.29,4.91,,,,1.0,-0.9,3.21,,,,4.48,2.51,6.18,,,,,,,,,,
2021-10-12,55.6,53.07,58.07,,,,20.24,17.79,22.2,,,,8.09,6.06,9.7,,,,4.85,2.84,6.75,,,,3.28,1.32,4.9,,,,1.0,-0.91,3.23,,,,4.5,2.53,6.2,,,,,,,,,,
2021-10-13,55.53,52.93,58.04,,,,20.28,17.81,22.25,,,,8.09,6.03,9.71,,,,4.84,2.82,6.75,,,,3.29,1.35,4.9,,,,1.0,-0.9,3.26,,,,4.53,2.53,6.22,,,,59.0,18.0,8.0,3.0,3.0,1.0,5.0
2021-10-14,55.46,52.81,58.02,,,,20.32,17.83,22.28,,,,8.09,6.01,9.72,,,,4.84,2.78,6.75,,,,3.3,1.37,4.94,,,,1.0,-0.91,3.26,,,,4.56,2.54,6.23,,,,,,,,,,
2021-10-15,55.4,52.69,58.01,,,,20.36,17.89,22.29,,,,8.09,5.98,9.73,,,,4.83,2.78,6.73,,,,3.3,1.39,4.97,,,,1.0,-0.92,3.26,,,,4.58,2.55,6.25,,,,,,,,,,
2021-10-16,55.33,52.63,58.0,,,,20.4,17.97,22.3,,,,8.09,6.01,9.75,,,,4.83,2.76,6.71,,,,3.31,1.37,5.01,,,,1.0,-0.93,3.28,,,,4.61,2.58,6.27,,,,,,,,,,
2021-10-17,55.27,52.56,57.98,,,,20.44,18.01,22.31,,,,8.09,6.04,9.76,,,,4.83,2.74,6.69,,,,3.32,1.4,5.02,,,,1.0,-0.94,3.31,,,,4.63,2.6,6.28,,,,,,,,,,
2021-10-18,55.2,52.49,57.93,,,,20.48,18.04,22.33,,,,8.09,6.08,9.77,,,,4.82,2.73,6.67,,,,3.33,1.42,5.0,,,,1.0,-0.94,3.33,,,,4.66,2.63,6.33,,,,,,,,,,
2021-10-19,55.13,52.43,57.87,,,,20.52,18.05,22.38,,,,8.09,6.12,9.81,,,,4.81,2.75,6.64,,,,3.33,1.41,4.98,,,,1.0,-0.94,3.34,,,,4.69,2.66,6.35,,,,,,,,,,
2021-10-20,55.06,52.34,57.83,,,,20.56,18.06,22.41,,,,8.1,6.09,9.87,,,,4.81,2.76,6.64,,,,3.34,1.39,4.97,,,,1.0,-0.94,3.27,,,,4.71,2.68,6.38,,,,,,,,,,
2021-10-21,54.99,52.23,57.77,,,,20.6,18.08,22.47,,,,8.1,6.08,9.91,,,,4.8,2.78,6.66,,,,3.35,1.39,5.0,,,,1.0,-0.94,3.23,,,,4.74,2.71,6.4,,,,60.0,16.0,6.0,6.0,3.0,1.0,5.0
2021-10-22,54.92,52.12,57.72,,,,20.65,18.13,22.52,,,,8.11,6.06,9.88,,,,4.79,2.81,6.69,,,,3.35,1.4,5.03,,,,1.0,-0.98,3.26,,,,4.76,2.73,6.41,,,,,,,,,,
2021-10-23,54.85,52.02,57.66,,,,20.69,18.18,22.57,,,,8.11,6.07,9.88,,,,4.78,2.83,6.69,,,,3.36,1.41,5.01,,,,1.0,-0.97,3.21,,,,4.79,2.77,6.46,,,,,,,,,,
2021-10-24,54.78,51.91,57.6,,,,20.74,18.25,22.6,,,,8.12,6.11,9.86,,,,4.77,2.86,6.68,,,,3.37,1.43,4.99,,,,1.0,-1.0,3.19,,,,4.81,2.79,6.51,,,,,,,,,,
2021-10-25,54.71,51.8,57.53,,,,20.78,18.29,22.61,,,,8.13,6.13,9.84,,,,4.76,2.84,6.66,,,,3.38,1.44,4.97,,,,1.0,-1.03,3.18,,,,4.83,2.83,6.55,,,,,,,,,,
2021-10-26,54.63,51.7,57.47,,,,20.83,18.34,22.68,,,,8.14,6.13,9.87,,,,4.75,2.83,6.65,,,,3.38,1.44,5.0,,,,1.0,-1.06,3.17,,,,4.86,2.85,6.6,,,,,,,,,,
2021-10-27,54.56,51.61,57.39,,,,20.88,18.38,22.74,,,,8.15,6.13,9.86,,,,4.74,2.8,6.63,,,,3.39,1.44,5.03,,,,1.0,-1.08,3.16,,,,4.88,2.87,6.57,,,,,,,,,,
2021-10-28,54.48,51.52,57.31,,,,20.93,18.44,22.81,,,,8.17,6.12,9.89,,,,4.73,2.76,6.59,,,,3.4,1.45,5.06,,,,1.0,-1.09,3.14,,,,4.9,2.9,6.58,,,,60.0,19.0,9.0,6.0,3.0,,2.0
2021-10-29,54.4,51.43,57.22,,,,20.98,18.51,22.88,,,,8.18,6.09,9.93,,,,4.72,2.74,6.59,,,,3.4,1.47,5.09,,,,1.0,-1.1,3.1,,,,4.92,2.93,6.63,,,,,,,,,,
2021-10-30,54.33,51.35,57.07,,,,21.03,18.58,22.94,,,,8.2,6.08,9.98,,,,4.71,2.71,6.58,,,,3.41,1.49,5.12,,,,1.0,-1.1,3.12,,,,4.95,2.95,6.67,,,,,,,,,,
2021-10-31,54.25,51.27,56.97,,,,21.08,18.65,23.01,,,,8.21,6.11,10.02,,,,4.69,2.69,6.56,,,,3.41,1.48,5.14,,,,1.0,-1.1,3.1,,,,4.97,2.95,6.72,,,,,,,,,,
2021-11-01,54.17,51.25,56.86,,,,21.14,18.69,23.08,,,,8.23,6.14,10.07,,,,4.68,2.67,6.54,,,,3.42,1.48,5.17,,,,1.0,-1.08,3.09,,,,4.99,2.99,6.76,,,,,,,,,,
2021-11-02,54.09,51.18,56.74,,,,21.19,18.72,23.15,,,,8.25,6.17,10.11,,,,4.66,2.65,6.52,,,,3.42,1.47,5.2,,,,1.0,-1.05,3.12,,,,5.01,3.01,6.81,,,,,,,,,,
2021-11-03,54.01,51.08,56.64,,,,21.25,18.75,23.21,,,,8.27,6.18,10.17,,,,4.65,2.62,6.5,,,,3.43,1.47,5.22,,,,1.0,-1.08,3.15,,,,5.03,3.03,6.84,,,,,,,,,,
2021-11-04,53.92,50.99,56.63,,,,21.3,18.79,23.28,,,,8.29,6.2,10.27,,,,4.64,2.6,6.51,,,,3.43,1.47,5.25,,,,1.0,-1.08,3.18,,,,5.05,3.04,6.88,,,,56.0,19.0,10.0,4.0,3.0,,6.0
2021-11-05,53.84,50.89,56.62,,,,21.36,18.83,23.35,,,,8.31,6.21,10.26,,,,4.62,2.58,6.51,,,,3.44,1.47,5.28,,,,1.0,-1.06,3.22,,,,5.07,3.06,6.9,,,,,,,,,,
2021-11-06,53.76,50.82,56.61,,,,21.41,18.87,23.42,,,,8.33,6.28,10.29,,,,4.6,2.56,6.5,,,,3.44,1.45,5.29,,,,1.0,-1.05,3.25,,,,5.09,3.07,6.89,,,,,,,,,,
2021-11-07,53.68,50.72,56.6,,,,21.47,18.93,23.48,,,,8.36,6.33,10.33,,,,4.59,2.54,6.5,,,,3.45,1.46,5.28,,,,1.0,-1.06,3.26,,,,5.1,3.09,6.88,,,,,,,,,,
2021-11-08,53.59,50.68,56.57,,,,21.53,18.98,23.55,,,,8.38,6.35,10.38,,,,4.57,2.52,6.5,,,,3.45,1.44,5.27,,,,1.0,-1.11,3.27,,,,5.12,3.1,6.88,,,,,,,,,,
2021-11-09,53.51,50.62,56.46,,,,21.59,19.03,23.62,,,,8.4,6.38,10.44,,,,4.56,2.52,6.49,,,,3.45,1.43,5.28,,,,1.0,-1.14,3.28,,,,5.14,3.12,6.9,,,,,,,,,,
2021-11-10,53.43,50.56,56.3,,,,21.65,19.08,23.66,,,,8.43,6.41,10.51,,,,4.54,2.49,6.45,,,,3.46,1.43,5.3,,,,1.0,-1.12,3.29,,,,5.15,3.14,6.93,,,,,,,,,,
2021-11-11,53.34,50.5,56.14,,,,21.71,19.13,23.69,,,,8.45,6.44,10.58,,,,4.53,2.48,6.4,,,,3.46,1.4,5.29,,,,1.0,-1.13,3.3,,,,5.17,3.14,6.96,,,,47.0,29.0,8.0,5.0,3.0,1.0,4.0
2021-11-12,53.26,50.44,55.97,,,,21.77,19.18,23.74,,,,8.47,6.46,10.61,,,,4.51,2.46,6.35,,,,3.46,1.39,5.29,,,,1.0,-1.15,3.3,,,,5.19,3.14,6.98,,,,,,,,,,
2021-11-13,53.18,50.4,55.88,,,,21.83,19.23,23.78,,,,8.5,6.47,10.63,,,,4.5,2.45,6.3,,,,3.47,1.37,5.29,,,,1.0,-1.16,3.3,,,,5.2,3.14,7.01,,,,,,,,,,
2021-11-14,53.1,50.36,55.83,,,,21.88,19.31,23.8,,,,8.52,6.51,10.65,,,,4.48,2.44,6.27,,,,3.47,1.4,5.29,,,,1.0,-1.19,3.27,,,,5.21,3.14,7.03,,,,,,,,,,
2021-11-15,53.01,50.33,55.77,,,,21.94,19.36,23.88,,,,8.55,6.54,10.67,,,,4.47,2.43,6.24,,,,3.47,1.43,5.28,,,,1.0,-1.2,3.3,,,,5.23,3.16,7.05,,,,,,,,,,
2021-11-16,52.93,50.24,55.7,,,,22.0,19.42,23.93,,,,8.57,6.55,10.68,,,,4.45,2.42,6.23,,,,3.47,1.44,5.29,,,,1.0,-1.2,3.31,,,,5.24,3.2,7.03,,,,,,,,,,
2021-11-17,52.85,50.13,55.65,,,,22.06,19.48,24.02,,,,8.6,6.57,10.72,,,,4.44,2.42,6.22,,,,3.48,1.42,5.29,,,,1.0,-1.2,3.31,,,,5.25,3.21,7.03,,,,,,,,,,
2021-11-18,52.77,50.1,55.61,,,,22.12,19.54,24.12,,,,8.62,6.58,10.74,,,,4.43,2.41,6.21,,,,3.48,1.41,5.29,,,,1.0,-1.2,3.32,,,,5.26,3.29,7.04,,,,47.0,25.0,7.0,4.0,5.0,1.0,6.0
2021-11-19,52.69,50.0,55.41,,,,22.18,19.6,24.22,,,,8.65,6.58,10.77,,,,4.41,2.41,6.2,,,,3.48,1.39,5.28,,,,1.0,-1.22,3.32,,,,5.27,3.31,7.07,,,,,,,,,,
2021-11-20,52.61,49.91,55.34,,,,22.24,19.66,24.32,,,,8.67,6.59,10.82,,,,4.4,2.4,6.17,,,,3.48,1.37,5.29,,,,1.0,-1.22,3.32,,,,5.29,3.35,7.05,,,,,,,,,,
2021-11-21,52.53,49.81,55.19,,,,22.3,19.77,24.38,,,,8.7,6.61,10.86,,,,4.39,2.34,6.17,,,,3.48,1.36,5.31,,,,1.0,-1.23,3.33,,,,5.3,3.37,7.03,,,,,,,,,,
2021-11-22,52.45,49.72,55.1,,,,22.36,19.87,24.44,,,,8.72,6.63,10.89,,,,4.37,2.29,6.16,,,,3.48,1.36,5.34,,,,1.0,-1.24,3.33,,,,5.31,3.39,7.01,,,,,,,,,,
2021-11-23,52.37,49.65,55.06,,,,22.42,19.96,24.52,,,,8.75,6.65,10.93,,,,4.36,2.33,6.15,,,,3.48,1.37,5.31,,,,1.0,-1.24,3.37,,,,5.31,3.4,6.99,,,,,,,,,,
2021-11-24,52.3,49.63,55.01,,,,22.47,20.06,24.6,,,,8.77,6.68,10.96,,,,4.35,2.28,6.13,,,,3.49,1.37,5.32,,,,1.0,-1.25,3.4,,,,5.32,3.42,6.96,,,,,,,,,,
2021-11-25,52.22,49.61,54.9,,,,22.53,20.15,24.66,,,,8.8,6.71,10.99,,,,4.34,2.27,6.12,,,,3.49,1.45,5.34,,,,1.0,-1.25,3.39,,,,5.33,3.42,6.94,,,,56.0,20.0,5.0,6.0,3.0,1.0,6.0
2021-11-26,52.15,49.57,54.79,,,,22.59,20.21,24.74,,,,8.82,6.75,11.03,,,,4.33,2.28,6.12,,,,3.49,1.53,5.3,,,,1.0,-1.25,3.36,,,,5.34,3.43,6.92,,,,,,,,,,
2021-11-27,52.07,49.48,54.67,,,,22.64,20.27,24.8,,,,8.84,6.79,11.06,,,,4.31,2.29,6.1,,,,3.49,1.51,5.29,,,,1.0,-1.26,3.34,,,,5.35,3.43,6.93,,,,,,,,,,
2021-11-28,52.0,49.44,54.55,,,,22.69,20.36,24.83,,,,8.87,6.83,11.1,,,,4.3,2.27,6.12,,,,3.49,1.49,5.26,,,,1.0,-1.26,3.34,,,,5.35,3.44,6.9,,,,,,,,,,
2021-11-29,51.93,49.41,54.43,,,,22.75,20.45,24.92,,,,8.89,6.87,11.14,,,,4.29,2.26,6.11,,,,3.49,1.47,5.25,,,,1.0,-1.28,3.35,,,,5.36,3.45,6.92,,,,,,,,,,
2021-11-30,51.86,49.29,54.31,,,,22.8,20.52,25.01,,,,8.91,6.89,11.16,,,,4.28,2.24,6.06,,,,3.5,1.45,5.24,,,,1.0,-1.32,3.35,,,,5.37,3.45,6.92,,,,,,,,,,
2021-12-01,51.8,49.15,54.21,,,,22.85,20.58,25.09,,,,8.94,6.91,11.17,,,,4.27,2.22,6.04,,,,3.5,1.43,5.24,,,,1.0,-1.35,3.34,,,,5.37,3.46,6.93,,,,,,,,,,
2021-12-02,51.73,49.04,54.11,,,,22.9,20.6,25.15,,,,8.96,6.94,11.17,,,,4.26,2.21,6.04,,,,3.5,1.44,5.23,,,,1.0,-1.33,3.35,,,,5.38,3.47,6.95,,,,45.0,25.0,8.0,7.0,6.0,,6.0
2021-12-03,51.66,48.96,54.09,,,,22.95,20.62,25.22,,,,8.98,6.96,11.17,,,,4.25,2.21,6.04,,,,3.5,1.46,5.22,,,,1.0,-1.34,3.35,,,,5.38,3.48,6.97,,,,,,,,,,
2021-12-04,51.6,48.88,54.08,,,,22.99,20.69,25.22,,,,9.0,6.99,11.17,,,,4.24,2.22,6.04,,,,3.51,1.48,5.21,,,,1.0,-1.34,3.35,,,,5.39,3.49,6.99,,,,,,,,,,
2021-12-05,51.54,48.8,54.0,,,,23.04,20.74,25.21,,,,9.02,7.01,11.16,,,,4.24,2.2,6.04,,,,3.51,1.5,5.21,,,,1.0,-1.34,3.36,,,,5.39,3.46,7.0,,,,,,,,,,
2021-12-06,51.48,48.73,53.91,,,,23.08,20.79,25.2,,,,9.04,7.04,11.15,,,,4.23,2.18,6.04,,,,3.51,1.52,5.23,,,,1.0,-1.34,3.36,,,,5.4,3.45,7.0,,,,,,,,,,
2021-12-07,51.42,48.66,53.8,,,,23.12,20.84,25.24,,,,9.06,7.07,11.13,,,,4.22,2.18,6.04,,,,3.52,1.54,5.24,,,,1.0,-1.33,3.35,,,,5.4,3.42,6.98,,,,,,,,,,
2021-12-08,51.37,48.59,53.75,,,,23.16,20.88,25.27,,,,9.08,7.09,11.12,,,,4.21,2.18,6.04,,,,3.52,1.56,5.27,,,,1.0,-1.32,3.36,,,,5.4,3.4,6.96,,,,,,,,,,
2021-12-09,51.31,48.53,53.7,,,,23.2,20.93,25.31,,,,9.1,7.12,11.1,,,,4.2,2.19,6.03,,,,3.53,1.56,5.28,,,,1.0,-1.31,3.38,,,,5.41,3.39,6.98,,,,55.0,21.0,7.0,5.0,3.0,1.0,7.0
2021-12-10,51.26,48.47,53.66,,,,23.24,20.97,25.36,,,,9.12,7.15,11.08,,,,4.19,2.19,6.03,,,,3.53,1.57,5.31,,,,1.0,-1.29,3.4,,,,5.41,3.43,7.01,,,,49.0,26.0,6.0,4.0,4.0,1.0,7.0
2021-12-11,51.21,48.47,53.6,,,,23.28,21.01,25.41,,,,9.14,7.17,11.08,,,,4.18,2.17,6.03,,,,3.54,1.58,5.33,,,,1.0,-1.29,3.43,,,,5.42,3.44,7.05,,,,,,,,,,
2021-12-12,51.16,48.48,53.56,,,,23.31,21.07,25.45,,,,9.16,7.2,11.07,,,,4.17,2.13,6.02,,,,3.54,1.59,5.36,,,,1.0,-1.3,3.45,,,,5.42,3.43,7.08,,,,,,,,,,
2021-12-13,51.12,48.5,53.52,,,,23.35,21.15,25.47,,,,9.18,7.21,11.07,,,,4.16,2.1,6.02,,,,3.55,1.6,5.39,,,,1.0,-1.31,3.44,,,,5.42,3.43,7.1,,,,,,,,,,
2021-12-14,51.07,48.49,53.48,,,,23.38,21.23,25.47,,,,9.19,7.22,11.06,,,,4.15,2.06,6.01,,,,3.55,1.63,5.43,,,,1.0,-1.33,3.42,,,,5.42,3.45,7.11,,,,,,,,,,
2021-12-15,51.03,48.42,53.4,,,,23.41,21.26,25.5,,,,9.21,7.22,11.05,,,,4.14,2.05,6.01,,,,3.56,1.66,5.46,,,,1.0,-1.33,3.4,,,,5.43,3.47,7.12,,,,48.0,24.0,11.0,4.0,3.0,1.0,7.0
2021-12-16,51.0,48.43,53.42,,,,23.43,21.28,25.52,,,,9.22,7.25,11.04,,,,4.13,2.06,6.03,,,,3.57,1.7,5.5,,,,1.0,-1.35,3.38,,,,5.43,3.48,7.12,,,,,,,,,,
2021-12-17,50.96,48.43,53.39,,,,23.46,21.3,25.54,,,,9.24,7.31,11.05,,,,4.12,2.08,6.05,,,,3.57,1.73,5.51,,,,1.0,-1.36,3.38,,,,5.43,3.51,7.12,,,,,,,,,,
2021-12-18,50.93,48.41,53.33,,,,23.49,21.34,25.55,,,,9.25,7.34,11.05,,,,4.11,2.09,6.04,,,,3.58,1.74,5.55,,,,1.0,-1.37,3.37,,,,5.43,3.5,7.11,,,,,,,,,,
2021-12-19,50.9,48.4,53.25,,,,23.51,21.4,25.56,,,,9.27,7.35,11.05,,,,4.1,2.11,6.03,,,,3.58,1.73,5.58,,,,1.0,-1.38,3.37,,,,5.43,3.47,7.11,,,,,,,,,,
2021-12-20,50.87,48.38,53.18,,,,23.53,21.43,25.57,,,,9.28,7.37,11.05,,,,4.09,2.12,6.02,,,,3.59,1.74,5.6,,,,1.0,-1.38,3.38,,,,5.43,3.45,7.11,,,,50.0,23.0,13.0,3.0,3.0,1.0,5.0
2021-12-21,50.84,48.38,53.12,,,,23.55,21.46,25.59,,,,9.29,7.39,11.06,,,,4.07,2.12,6.01,,,,3.59,1.75,5.6,,,,1.0,-1.32,3.39,,,,5.43,3.44,7.11,,,,,,,,,,
2021-12-22,50.82,48.38,53.08,,,,23.57,21.49,25.59,,,,9.31,7.41,11.09,,,,4.06,2.14,6.0,,,,3.6,1.78,5.66,,,,1.0,-1.33,3.4,,,,5.43,3.45,7.16,,,,,,,,,,
2021-12-23,50.8,48.39,53.04,,,,23.59,21.51,25.59,,,,9.32,7.43,11.14,,,,4.05,2.12,5.99,,,,3.6,1.81,5.65,,,,1.0,-1.33,3.4,,,,5.43,3.51,7.19,,,,,,,,,,
2021-12-24,50.78,48.38,53.01,,,,23.61,21.54,25.6,,,,9.33,7.44,11.16,,,,4.04,2.08,5.97,,,,3.61,1.84,5.61,,,,1.0,-1.34,3.42,,,,5.43,3.52,7.19,,,,,,,,,,
2021-12-25,50.76,48.39,52.99,,,,23.62,21.57,25.61,,,,9.35,7.46,11.14,,,,4.03,2.09,6.0,,,,3.61,1.87,5.57,,,,1.0,-1.34,3.44,,,,5.43,3.52,7.22,,,,,,,,,,
2021-12-26,50.75,48.39,52.97,,,,23.64,21.59,25.63,,,,9.36,7.47,11.15,,,,4.01,2.12,6.03,,,,3.62,1.9,5.54,,,,1.0,-1.35,3.45,,,,5.43,3.53,7.26,,,,,,,,,,
2021-12-27,50.74,48.41,52.94,,,,23.65,21.61,25.72,,,,9.37,7.49,11.18,,,,4.0,2.15,6.03,,,,3.62,1.93,5.52,,,,1.0,-1.35,3.44,,,,5.43,3.58,7.3,,,,,,,,,,
2021-12-28,50.73,48.38,52.92,,,,23.66,21.63,25.7,,,,9.38,7.51,11.22,,,,3.99,2.14,6.01,,,,3.62,1.96,5.52,,,,1.0,-1.36,3.44,,,,5.43,3.62,7.31,,,,,,,,,,
2021-12-29,50.73,48.33,52.95,,,,23.67,21.65,25.69,,,,9.39,7.52,11.28,,,,3.97,2.12,6.0,,,,3.62,1.94,5.53,,,,1.0,-1.34,3.45,,,,5.43,3.65,7.31,,,,,,,,,,
2021-12-30,50.72,48.27,52.98,,,,23.67,21.64,25.67,,,,9.41,7.52,11.34,,,,3.96,2.1,5.98,,,,3.63,1.91,5.55,,,,1.0,-1.36,3.45,,,,5.42,3.66,7.31,,,,,,,,,,
2021-12-31,50.72,48.22,53.01,,,,23.68,21.65,25.71,,,,9.42,7.52,11.39,,,,3.95,2.11,5.96,,,,3.63,1.88,5.56,,,,1.0,-1.37,3.45,,,,5.42,3.66,7.31,,,,,,,,,,
2022-01-01,50.73,48.17,53.04,,,,23.68,21.67,25.75,,,,9.43,7.51,11.4,,,,3.93,2.13,5.93,,,,3.63,1.85,5.57,,,,1.0,-1.37,3.45,,,,5.42,3.67,7.3,,,,,,,,,,
2022-01-02,50.73,48.13,53.08,,,,23.68,21.69,25.78,,,,9.44,7.51,11.41,,,,3.92,2.11,5.92,,,,3.63,1.82,5.57,,,,1.0,-1.35,3.47,,,,5.42,3.68,7.3,,,,,,,,,,
2022-01-03,50.74,48.17,53.09,,,,23.69,21.71,25.79,,,,9.45,7.51,11.45,,,,3.91,2.06,5.91,,,,3.63,1.82,5.59,,,,1.0,-1.32,3.49,,,,5.41,3.68,7.32,,,,,,,,,,
2022-01-04,50.75,48.21,53.11,,,,23.69,21.69,25.79,,,,9.46,7.51,11.44,,,,3.89,2.07,5.89,,,,3.62,1.87,5.61,,,,1.0,-1.29,3.52,,,,5.41,3.69,7.29,,,,,,,,,,
2022-01-05,50.76,48.25,53.12,,,,23.68,21.69,25.82,,,,9.47,7.52,11.48,,,,3.88,2.09,5.87,,,,3.62,1.9,5.62,,,,1.0,-1.25,3.51,,,,5.4,3.67,7.26,,,,,,,,,,
2022-01-06,50.77,48.27,53.11,,,,23.68,21.71,25.89,,,,9.49,7.52,11.51,,,,3.87,2.06,5.85,,,,3.62,1.85,5.63,,,,1.0,-1.22,3.49,,,,5.4,3.62,7.23,,,,,,,,,,
2022-01-07,50.79,48.29,53.15,,,,23.68,21.71,25.9,,,,9.5,7.52,11.54,,,,3.85,2.01,5.82,,,,3.62,1.79,5.57,,,,1.0,-1.21,3.47,,,,5.39,3.62,7.21,,,,50.0,22.0,11.0,3.0,6.0,,5.0
2022-01-08,50.81,48.35,53.14,,,,23.67,21.7,25.91,,,,9.51,7.54,11.57,,,,3.84,1.96,5.77,,,,3.61,1.78,5.57,,,,1.0,-1.21,3.45,,,,5.39,3.58,7.22,,,,,,,,,,
2022-01-09,50.83,48.39,53.19,,,,23.67,21.71,25.92,,,,9.52,7.56,11.6,,,,3.82,1.95,5.73,,,,3.61,1.78,5.54,,,,1.0,-1.17,3.43,,,,5.38,3.58,7.22,,,,,,,,,,
2022-01-10,50.85,48.39,53.24,,,,23.66,21.72,25.92,,,,9.53,7.59,11.62,,,,3.81,1.94,5.68,,,,3.6,1.78,5.48,,,,1.0,-1.17,3.46,,,,5.38,3.59,7.21,,,,,,,,,,
2022-01-11,50.88,48.4,53.23,,,,23.65,21.73,25.91,,,,9.54,7.62,11.62,,,,3.8,1.94,5.64,,,,3.59,1.77,5.43,,,,1.0,-1.23,3.47,,,,5.37,3.58,7.19,,,,,,,,,,
2022-01-12,50.9,48.43,53.21,,,,23.64,21.74,25.91,,,,9.55,7.65,11.63,,,,3.79,1.94,5.61,,,,3.59,1.78,5.38,,,,1.0,-1.21,3.44,,,,5.37,3.53,7.17,,,,45.0,27.0,13.0,2.0,3.0,1.0,5.0
2022-01-13,50.93,48.48,53.19,,,,23.63,21.75,25.9,,,,9.56,7.65,11.63,,,,3.77,1.92,5.58,,,,3.58,1.73,5.36,,,,1.0,-1.18,3.41,,,,5.36,3.51,7.16,,,,46.0,30.0,11.0,2.0,3.0,1.0,6.0
2022-01-14,50.96,48.54,53.17,,,,23.62,21.77,25.88,,,,9.58,7.64,11.63,,,,3.76,1.92,5.55,,,,3.57,1.67,5.34,,,,1.0,-1.15,3.38,,,,5.35,3.52,7.16,,,,47.0,25.0,13.0,3.0,3.0,1.0,6.0
2022-01-15,50.99,48.56,53.17,,,,23.61,21.78,25.86,,,,9.59,7.64,11.58,,,,3.75,1.89,5.55,,,,3.56,1.62,5.33,,,,1.0,-1.12,3.35,,,,5.35,3.52,7.15,,,,,,,,,,
2022-01-16,51.02,48.59,53.19,,,,23.6,21.8,25.84,,,,9.6,7.64,11.52,,,,3.74,1.86,5.55,,,,3.55,1.59,5.33,,,,1.0,-1.1,3.31,,,,5.34,3.53,7.14,,,,,,,,,,
2022-01-17,51.05,48.65,53.19,,,,23.59,21.79,25.82,,,,9.61,7.64,11.45,,,,3.73,1.83,5.54,,,,3.54,1.6,5.32,,,,1.0,-1.07,3.27,,,,5.33,3.54,7.13,,,,,,,,,,
2022-01-18,51.08,48.71,53.17,,,,23.57,21.74,25.79,,,,9.62,7.66,11.45,,,,3.72,1.82,5.54,,,,3.53,1.61,5.32,,,,1.0,-1.13,3.23,,,,5.32,3.55,7.12,,,,,,,,,,
2022-01-19,51.11,48.72,53.15,,,,23.56,21.69,25.75,,,,9.63,7.71,11.45,,,,3.71,1.83,5.54,,,,3.52,1.62,5.31,,,,1.0,-1.12,3.19,,,,5.32,3.56,7.1,,,,,,,,,,
2022-01-20,51.15,48.72,53.13,,,,23.54,21.65,25.72,,,,9.64,7.73,11.45,,,,3.7,1.84,5.54,,,,3.51,1.59,5.27,,,,1.0,-1.1,3.15,,,,5.31,3.54,7.08,,,,,,,,,,
2022-01-21,51.18,48.77,53.15,,,,23.53,21.6,25.7,,,,9.66,7.68,11.46,,,,3.69,1.86,5.55,,,,3.5,1.56,5.26,,,,1.0,-1.07,3.12,,,,5.3,3.52,7.05,,,,55.0,23.0,9.0,4.0,2.0,,6.0
2022-01-22,51.22,48.82,53.17,,,,23.51,21.56,25.65,,,,9.67,7.7,11.47,,,,3.68,1.87,5.53,,,,3.48,1.55,5.25,,,,1.0,-1.06,3.08,,,,5.29,3.51,7.04,,,,,,,,,,
2022-01-23,51.25,48.86,53.16,,,,23.5,21.52,25.61,,,,9.68,7.73,11.49,,,,3.67,1.87,5.53,,,,3.47,1.52,5.25,,,,1.0,-1.04,3.04,,,,5.28,3.53,7.02,,,,,,,,,,
2022-01-24,51.29,48.88,53.15,,,,23.48,21.48,25.57,,,,9.69,7.75,11.52,,,,3.66,1.89,5.53,,,,3.46,1.5,5.23,,,,1.0,-1.05,3.0,,,,5.28,3.55,6.99,,,,,,,,,,
2022-01-25,51.32,48.94,53.16,,,,23.47,21.43,25.59,,,,9.7,7.77,11.52,,,,3.66,1.89,5.53,,,,3.44,1.47,5.2,,,,1.0,-1.1,2.97,,,,5.27,3.54,6.98,,,,,,,,,,
2022-01-26,51.36,49.01,53.22,,,,23.45,21.39,25.61,,,,9.71,7.78,11.51,,,,3.65,1.9,5.51,,,,3.43,1.45,5.17,,,,1.0,-1.11,2.96,,,,5.26,3.54,6.95,,,,,,,,,,
2022-01-27,51.39,49.05,53.29,,,,23.44,21.35,25.63,,,,9.72,7.82,11.52,,,,3.64,1.91,5.45,,,,3.41,1.44,5.14,,,,1.0,-1.12,2.93,,,,5.25,3.51,6.92,,,,53.0,24.0,7.0,4.0,3.0,1.0,4.0
2022-01-28,51.43,49.1,53.32,,,,23.42,21.32,25.65,,,,9.73,7.83,11.53,,,,3.64,1.92,5.43,,,,3.4,1.44,5.12,,,,1.0,-1.12,2.92,,,,5.24,3.53,6.89,,,,,,,,,,
2022-01-29,51.46,49.16,53.34,,,,23.41,21.29,25.66,,,,9.74,7.82,11.54,,,,3.63,1.93,5.41,,,,3.39,1.44,5.09,,,,1.0,-1.14,2.94,,,,5.23,3.53,6.89,,,,,,,,,,
2022-01-30,51.5,49.21,53.36,,,,23.39,21.25,25.63,,,,9.75,7.81,11.52,,,,3.63,1.95,5.39,,,,3.37,1.45,5.04,,,,1.0,-1.18,2.95,,,,5.23,3.54,6.9,,,,,,,,,,
2022-01-31,51.53,49.27,53.38,,,,23.38,21.22,25.64,,,,9.76,7.8,11.5,,,,3.63,1.95,5.38,,,,3.35,1.47,5.0,,,,1.0,-1.22,2.96,,,,5.22,3.54,6.91,,,,,,,,,,
2022-02-01,51.57,49.33,53.4,,,,23.36,21.22,25.63,,,,9.77,7.79,11.49,,,,3.62,1.97,5.37,,,,3.34,1.48,4.96,,,,1.0,-1.26,2.97,,,,5.21,3.54,6.9,,,,,,,,,,
2022-02-02,51.6,49.36,53.42,,,,23.35,21.22,25.58,,,,9.78,7.8,11.56,,,,3.62,1.97,5.35,,,,3.32,1.51,4.91,,,,1.0,-1.22,2.99,,,,5.2,3.55,6.89,,,,51.0,24.0,11.0,5.0,3.0,,3.0
2022-02-03,51.63,49.41,53.44,,,,23.33,21.21,25.52,,,,9.79,7.81,11.56,,,,3.62,1.98,5.33,,,,3.31,1.53,4.9,,,,1.0,-1.19,3.0,,,,5.19,3.57,6.88,,,,,,,,,,
2022-02-04,51.67,49.46,53.46,,,,23.32,21.2,25.47,,,,9.8,7.83,11.56,,,,3.62,1.99,5.31,,,,3.29,1.48,4.89,,,,1.0,-1.21,3.01,,,,5.19,3.57,6.86,,,,,,,,,,
2022-02-05,51.7,49.53,53.48,,,,23.3,21.15,25.43,,,,9.8,7.84,11.57,,,,3.62,2.01,5.29,,,,3.28,1.45,4.88,,,,1.0,-1.23,3.02,,,,5.18,3.53,6.85,,,,,,,,,,
2022-02-06,51.73,49.62,53.52,,,,23.29,21.13,25.4,,,,9.81,7.86,11.59,,,,3.62,2.06,5.28,,,,3.26,1.46,4.88,,,,1.0,-1.25,3.03,,,,5.17,3.49,6.84,,,,,,,,,,
2022-02-07,51.76,49.67,53.56,,,,23.28,21.13,25.44,,,,9.82,7.87,11.62,,,,3.62,2.01,5.27,,,,3.25,1.46,4.87,,,,1.0,-1.27,3.04,,,,5.16,3.48,6.83,,,,,,,,,,
2022-02-08,51.8,49.71,53.59,,,,23.26,21.13,25.41,,,,9.82,7.89,11.61,,,,3.62,2.02,5.25,,,,3.23,1.44,4.86,,,,1.0,-1.3,3.05,,,,5.15,3.48,6.83,,,,,,,,,,
2022-02-09,51.83,49.74,53.59,,,,23.25,21.14,25.38,,,,9.83,7.91,11.6,,,,3.63,2.01,5.23,,,,3.22,1.41,4.85,,,,1.0,-1.33,3.02,,,,5.14,3.46,6.85,,,,,,,,,,
2022-02-10,51.86,49.78,53.62,,,,23.23,21.15,25.33,,,,9.84,7.92,11.59,,,,3.63,2.02,5.22,,,,3.2,1.38,4.84,,,,1.0,-1.34,3.03,,,,5.13,3.43,6.89,,,,,,,,,,
2022-02-11,51.89,49.81,53.65,,,,23.22,21.13,25.29,,,,9.84,7.95,11.58,,,,3.63,2.02,5.24,,,,3.19,1.36,4.83,,,,1.0,-1.3,3.04,,,,5.13,3.41,6.9,,,,55.0,20.0,11.0,4.0,4.0,,5.0
2022-02-12,51.92,49.82,53.71,,,,23.2,21.12,25.27,,,,9.84,7.97,11.61,,,,3.64,1.99,5.23,,,,3.18,1.37,4.82,,,,1.0,-1.31,3.05,,,,5.12,3.38,6.86,,,,,,,,,,
2022-02-13,51.95,49.85,53.74,,,,23.19,21.12,25.25,,,,9.85,8.01,11.66,,,,3.64,2.0,5.21,,,,3.16,1.38,4.81,,,,1.0,-1.35,3.07,,,,5.11,3.36,6.83,,,,,,,,,,
2022-02-14,51.99,49.91,53.77,,,,23.17,21.09,25.22,,,,9.85,8.04,11.65,,,,3.65,2.03,5.2,,,,3.15,1.4,4.86,,,,1.0,-1.39,2.99,,,,5.1,3.33,6.79,,,,,,,,,,
2022-02-15,52.02,49.97,53.79,,,,23.16,21.07,25.2,,,,9.85,8.03,11.61,,,,3.65,2.01,5.21,,,,3.14,1.4,4.83,,,,1.0,-1.43,2.92,,,,5.1,3.31,6.76,,,,,,,,,,
2022-02-16,52.05,50.02,53.81,,,,23.14,21.04,25.17,,,,9.85,8.02,11.6,,,,3.66,1.96,5.2,,,,3.12,1.36,4.79,,,,1.0,-1.45,2.93,,,,5.09,3.29,6.73,,,,,,,,,,
2022-02-17,52.08,50.05,53.84,,,,23.12,21.02,25.15,,,,9.86,8.04,11.63,,,,3.66,1.91,5.19,,,,3.11,1.34,4.76,,,,1.0,-1.42,2.96,,,,5.08,3.27,6.7,,,,55.0,20.0,8.0,3.0,6.0,1.0,4.0
2022-02-18,52.11,50.06,53.87,,,,23.11,20.99,25.12,,,,9.86,8.04,11.65,,,,3.67,1.93,5.18,,,,3.1,1.34,4.74,,,,1.0,-1.39,3.0,,,,5.08,3.26,6.68,,,,,,,,,,
2022-02-19,52.14,50.09,53.89,,,,23.09,20.97,25.13,,,,9.86,8.05,11.66,,,,3.68,1.94,5.17,,,,3.09,1.32,4.73,,,,1.0,-1.36,3.02,,,,5.07,3.26,6.66,,,,,,,,,,
2022-02-20,52.18,50.13,53.91,,,,23.07,20.9,25.16,,,,9.86,8.06,11.69,,,,3.69,1.96,5.17,,,,3.08,1.29,4.71,,,,1.0,-1.33,3.06,,,,5.06,3.25,6.63,,,,,,,,,,
2022-02-21,52.21,50.16,53.94,,,,23.05,20.9,25.11,,,,9.86,8.07,11.71,,,,3.7,1.98,5.17,,,,3.07,1.26,4.73,,,,1.0,-1.32,3.07,,,,5.06,3.2,6.62,,,,,,,,,,
2022-02-22,52.24,50.19,53.97,,,,23.03,20.86,25.05,,,,9.86,8.07,11.71,,,,3.71,1.97,5.18,,,,3.05,1.23,4.72,,,,1.0,-1.35,3.06,,,,5.05,3.19,6.6,,,,,,,,,,
2022-02-23,52.27,50.2,54.02,,,,23.02,20.81,24.99,,,,9.85,8.08,11.73,,,,3.72,1.95,5.2,,,,3.04,1.19,4.7,,,,1.0,-1.38,3.06,,,,5.05,3.16,6.56,,,,,,,,,,
2022-02-24,52.31,50.22,54.07,,,,23.0,20.77,24.94,,,,9.85,8.06,11.73,,,,3.73,1.94,5.2,,,,3.03,1.16,4.72,,,,1.0,-1.41,3.09,,,,5.04,3.17,6.55,,,,,,,,,,
2022-02-25,52.34,50.24,54.12,,,,22.98,20.72,24.93,,,,9.85,8.05,11.73,,,,3.74,1.92,5.21,,,,3.02,1.12,4.75,,,,1.0,-1.41,3.05,,,,5.04,3.18,6.55,,,,53.0,22.0,8.0,3.0,6.0,1.0,5.0
2022-02-26,52.37,50.26,54.18,,,,22.96,20.68,24.92,,,,9.85,8.0,11.72,,,,3.75,1.91,5.25,,,,3.01,1.06,4.75,,,,1.0,-1.45,3.02,,,,5.03,3.15,6.55,,,,,,,,,,
2022-02-27,52.4,50.29,54.2,,,,22.94,20.65,24.91,,,,9.85,7.95,11.7,,,,3.76,1.9,5.25,,,,3.01,0.99,4.72,,,,1.0,-1.48,3.03,,,,5.03,3.12,6.55,,,,,,,,,,
2022-02-28,52.43,50.33,54.21,,,,22.92,20.64,24.9,,,,9.84,7.9,11.69,,,,3.77,1.88,5.25,,,,3.0,0.96,4.7,,,,1.0,-1.51,3.09,,,,5.02,3.09,6.56,,,,,,,,,,
2022-03-01,52.47,50.36,54.22,,,,22.9,20.62,24.91,,,,9.84,7.84,11.68,,,,3.78,1.86,5.26,,,,2.99,0.94,4.67,,,,1.0,-1.53,3.15,,,,5.02,3.06,6.56,,,,,,,,,,
2022-03-02,52.5,50.38,54.23,,,,22.88,20.59,24.91,,,,9.84,7.79,11.67,,,,3.79,1.85,5.28,,,,2.98,0.91,4.65,,,,1.0,-1.51,3.15,,,,5.01,3.03,6.57,,,,,,,,,,
2022-03-03,52.53,50.41,54.24,,,,22.85,20.54,24.91,,,,9.83,7.74,11.65,,,,3.8,1.83,5.3,,,,2.97,0.88,4.62,,,,1.0,-1.55,3.16,,,,5.01,3.0,6.57,,,,,,,,,,
2022-03-04,52.57,50.45,54.28,,,,22.83,20.49,24.91,,,,9.83,7.68,11.64,,,,3.81,1.84,5.32,,,,2.96,0.82,4.59,,,,1.0,-1.57,3.16,,,,5.01,2.98,6.59,,,,54.0,21.0,8.0,4.0,3.0,1.0,6.0
2022-03-05,52.6,50.46,54.36,,,,22.81,20.44,24.9,,,,9.83,7.63,11.63,,,,3.82,1.82,5.36,,,,2.95,0.77,4.61,,,,1.0,-1.58,3.16,,,,5.0,2.95,6.59,,,,,,,,,,
2022-03-06,52.64,50.52,54.44,,,,22.79,20.39,24.89,,,,9.83,7.59,11.64,,,,3.83,1.81,5.39,,,,2.94,0.73,4.64,,,,1.0,-1.58,3.17,,,,5.0,2.93,6.63,,,,,,,,,,
2022-03-07,52.67,50.56,54.47,,,,22.76,20.34,24.89,,,,9.82,7.55,11.65,,,,3.84,1.8,5.41,,,,2.93,0.69,4.67,,,,1.0,-1.57,3.17,,,,5.0,2.92,6.65,,,,,,,,,,
2022-03-08,52.7,50.6,54.49,,,,22.74,20.31,24.84,,,,9.82,7.52,11.67,,,,3.85,1.79,5.44,,,,2.92,0.64,4.69,,,,1.0,-1.58,3.17,,,,5.0,2.9,6.64,,,,,,,,,,
2022-03-09,52.74,50.64,54.53,,,,22.72,20.31,24.84,,,,9.82,7.45,11.7,,,,3.86,1.77,5.48,,,,2.91,0.59,4.7,,,,1.0,-1.57,3.18,,,,5.0,2.89,6.67,,,,55.0,26.0,9.0,2.0,1.0,1.0,4.0
2022-03-10,52.77,50.68,54.56,,,,22.69,20.3,24.79,,,,9.82,7.45,11.73,,,,3.87,1.76,5.52,,,,2.9,0.57,4.65,,,,1.0,-1.57,3.18,,,,5.0,2.87,6.69,,,,,,,,,,
2022-03-11,52.81,50.72,54.61,,,,22.67,20.29,24.69,,,,9.82,7.47,11.76,,,,3.88,1.75,5.56,,,,2.9,0.53,4.59,,,,1.0,-1.56,3.22,,,,4.99,2.86,6.71,,,,,,,,,,
2022-03-12,52.84,50.76,54.65,,,,22.64,20.29,24.61,,,,9.82,7.5,11.79,,,,3.89,1.75,5.6,,,,2.89,0.5,4.54,,,,1.0,-1.54,3.26,,,,4.99,2.85,6.74,,,,,,,,,,
2022-03-13,52.87,50.8,54.69,,,,22.62,20.29,24.58,,,,9.82,7.53,11.83,,,,3.9,1.74,5.64,,,,2.88,0.46,4.55,,,,1.0,-1.53,3.26,,,,4.99,2.83,6.76,,,,,,,,,,
2022-03-14,52.91,50.85,54.74,,,,22.59,20.28,24.56,,,,9.82,7.55,11.87,,,,3.91,1.75,5.68,,,,2.87,0.44,4.55,,,,1.0,-1.51,3.26,,,,4.99,2.81,6.78,,,,,,,,,,
2022-03-15,52.94,50.89,54.79,,,,22.57,20.26,24.54,,,,9.82,7.57,11.91,,,,3.92,1.75,5.71,,,,2.86,0.41,4.56,,,,1.0,-1.51,3.26,,,,4.99,2.79,6.79,,,,,,,,,,
2022-03-16,52.97,50.92,54.82,,,,22.54,20.2,24.51,,,,9.82,7.6,11.95,,,,3.93,1.76,5.74,,,,2.85,0.44,4.6,,,,1.0,-1.54,3.25,,,,4.99,2.79,6.8,,,,,,,,,,
2022-03-17,53.01,50.95,54.88,,,,22.52,20.21,24.5,,,,9.82,7.62,12.0,,,,3.94,1.79,5.76,,,,2.84,0.46,4.65,,,,1.0,-1.56,3.25,,,,4.99,2.78,6.78,,,,54.0,21.0,11.0,4.0,2.0,,5.0
2022-03-18,53.04,50.98,54.92,,,,22.49,20.22,24.51,,,,9.82,7.65,12.02,,,,3.95,1.77,5.78,,,,2.83,0.42,4.7,,,,1.0,-1.55,3.24,,,,4.99,2.76,6.77,,,,,,,,,,
2022-03-19,53.07,51.01,54.96,,,,22.47,20.19,24.52,,,,9.83,7.65,12.01,,,,3.96,1.76,5.8,,,,2.82,0.42,4.75,,,,1.0,-1.54,3.23,,,,4.99,2.75,6.76,,,,,,,,,,
2022-03-20,53.1,51.04,55.0,,,,22.44,20.12,24.53,,,,9.83,7.63,11.98,,,,3.97,1.72,5.83,,,,2.81,0.38,4.8,,,,1.0,-1.55,3.23,,,,4.98,2.74,6.76,,,,,,,,,,
2022-03-21,53.13,51.07,55.04,,,,22.41,20.07,24.54,,,,9.84,7.63,11.96,,,,3.97,1.7,5.86,,,,2.81,0.34,4.85,,,,1.0,-1.52,3.22,,,,4.98,2.72,6.78,,,,,,,,,,
2022-03-22,53.16,51.09,55.07,,,,22.39,20.01,24.54,,,,9.84,7.62,11.92,,,,3.98,1.68,5.89,,,,2.8,0.31,4.9,,,,1.0,-1.51,3.22,,,,4.98,2.7,6.8,,,,,,,,,,
2022-03-23,53.19,51.11,55.11,,,,22.36,19.93,24.55,,,,9.85,7.59,11.93,,,,3.99,1.66,5.92,,,,2.79,0.3,4.9,,,,1.0,-1.52,3.23,,,,4.98,2.69,6.81,,,,53.0,22.0,11.0,4.0,1.0,1.0,6.0
2022-03-24,53.22,51.11,55.16,,,,22.34,19.85,24.56,,,,9.86,7.57,11.95,,,,4.0,1.65,5.94,,,,2.78,0.3,4.89,,,,1.0,-1.51,3.24,,,,4.98,2.71,6.84,,,,55.0,23.0,7.0,4.0,3.0,1.0,4.0
2022-03-25,53.25,51.11,55.2,,,,22.31,19.84,24.56,,,,9.86,7.56,11.96,,,,4.01,1.65,5.94,,,,2.77,0.31,4.88,,,,1.0,-1.5,3.28,,,,4.98,2.72,6.88,,,,,,,,,,
2022-03-26,53.27,51.16,55.24,,,,22.29,19.85,24.54,,,,9.87,7.54,11.98,,,,4.02,1.69,6.0,,,,2.77,0.3,4.87,,,,1.0,-1.49,3.3,,,,4.98,2.74,6.92,,,,,,,,,,
2022-03-27,53.3,51.18,55.28,,,,22.26,19.84,24.51,,,,9.88,7.56,12.01,,,,4.02,1.71,6.01,,,,2.76,0.28,4.85,,,,1.0,-1.55,3.29,,,,4.98,2.73,6.96,,,,,,,,,,
2022-03-28,53.32,51.2,55.34,,,,22.24,19.8,24.47,,,,9.89,7.56,12.05,,,,4.03,1.71,6.03,,,,2.75,0.26,4.84,,,,1.0,-1.6,3.32,,,,4.98,2.73,6.99,,,,,,,,,,
2022-03-29,53.34,51.21,55.38,,,,22.21,19.77,24.4,,,,9.9,7.53,12.09,,,,4.04,1.69,6.04,,,,2.74,0.24,4.83,,,,1.0,-1.65,3.35,,,,4.98,2.69,6.98,,,,,,,,,,
2022-03-30,53.37,51.21,55.38,,,,22.19,19.72,24.38,,,,9.91,7.48,12.12,,,,4.05,1.68,6.08,,,,2.74,0.22,4.82,,,,1.0,-1.69,3.38,,,,4.98,2.67,7.01,,,,54.0,22.0,9.0,4.0,1.0,1.0,6.0
2022-03-31,53.39,51.2,55.46,,,,22.17,19.68,24.38,,,,9.92,7.52,12.16,,,,4.05,1.67,6.1,,,,2.73,0.21,4.84,,,,1.0,-1.74,3.36,,,,4.98,2.62,7.05,,,,,,,,,,
2022-04-01,53.4,51.19,55.57,,,,22.15,19.68,24.32,,,,9.94,7.53,12.2,,,,4.06,1.66,6.13,,,,2.72,0.19,4.83,,,,1.0,-1.74,3.35,,,,4.98,2.58,7.1,,,,,,,,,,
2022-04-02,53.42,51.19,55.6,,,,22.13,19.68,24.31,,,,9.95,7.52,12.24,,,,4.07,1.65,6.16,,,,2.71,0.19,4.8,,,,1.0,-1.72,3.36,,,,4.98,2.55,7.12,,,,,,,,,,
2022-04-03,53.44,51.18,55.61,,,,22.11,19.67,24.32,,,,9.96,7.52,12.25,,,,4.07,1.68,6.15,,,,2.71,0.18,4.79,,,,1.0,-1.7,3.38,,,,4.98,2.54,7.14,,,,,,,,,,
2022-04-04,53.45,51.17,55.6,,,,22.09,19.67,24.33,,,,9.98,7.54,12.25,,,,4.08,1.7,6.17,,,,2.7,0.2,4.81,,,,1.0,-1.67,3.4,,,,4.98,2.55,7.14,,,,,,,,,,
2022-04-05,53.46,51.15,55.61,,,,22.07,19.67,24.32,,,,9.99,7.57,12.25,,,,4.09,1.72,6.16,,,,2.7,0.21,4.84,,,,1.0,-1.65,3.41,,,,4.98,2.55,7.12,,,,,,,,,,
2022-04-06,53.48,51.14,55.6,,,,22.05,19.67,24.3,,,,10.01,7.6,12.26,,,,4.09,1.75,6.17,,,,2.69,0.22,4.87,,,,1.0,-1.62,3.4,,,,4.98,2.56,7.11,,,,,,,,,,
2022-04-07,53.49,51.12,55.59,,,,22.03,19.66,24.3,,,,10.02,7.63,12.26,,,,4.1,1.78,6.21,,,,2.68,0.23,4.89,,,,1.0,-1.59,3.36,,,,4.98,2.56,7.11,,,,49.0,21.0,10.0,7.0,3.0,,6.0
2022-04-08,53.49,51.12,55.57,,,,22.01,19.64,24.3,,,,10.04,7.64,12.26,,,,4.11,1.8,6.18,,,,2.68,0.23,4.87,,,,1.0,-1.55,3.37,,,,4.98,2.57,7.09,,,,,,,,,,
2022-04-09,53.5,51.09,55.59,,,,22.0,19.61,24.3,,,,10.05,7.64,12.31,,,,4.11,1.82,6.16,,,,2.67,0.23,4.82,,,,1.0,-1.5,3.4,,,,4.98,2.59,7.08,,,,,,,,,,
2022-04-10,53.51,51.09,55.62,,,,21.98,19.59,24.3,,,,10.07,7.65,12.34,,,,4.12,1.81,6.13,,,,2.67,0.21,4.76,,,,1.0,-1.5,3.42,,,,4.98,2.61,7.07,,,,,,,,,,
2022-04-11,53.52,51.07,55.64,,,,21.97,19.57,24.28,,,,10.09,7.65,12.33,,,,4.13,1.8,6.14,,,,2.66,0.23,4.73,,,,1.0,-1.48,3.44,,,,4.98,2.63,7.06,,,,,,,,,,
2022-04-12,53.52,51.06,55.65,,,,21.95,19.55,24.27,,,,10.11,7.65,12.33,,,,4.13,1.8,6.16,,,,2.65,0.21,4.77,,,,1.0,-1.48,3.45,,,,4.99,2.65,7.04,,,,,,,,,,
2022-04-13,53.53,51.05,55.67,,,,21.94,19.5,24.21,,,,10.12,7.67,12.36,,,,4.14,1.78,6.17,,,,2.65,0.19,4.8,,,,1.0,-1.46,3.47,,,,4.99,2.68,7.02,,,,,,,,,,
2022-04-14,53.53,51.05,55.69,,,,21.92,19.5,24.2,,,,10.14,7.67,12.41,,,,4.15,1.75,6.2,,,,2.64,0.17,4.83,,,,1.0,-1.47,3.49,,,,4.99,2.7,7.02,,,,53.0,23.0,11.0,5.0,2.0,,6.0
2022-04-15,53.54,51.05,55.73,,,,21.9,19.48,24.19,,,,10.16,7.68,12.44,,,,4.15,1.73,6.24,,,,2.64,0.16,4.8,,,,1.0,-1.5,3.51,,,,4.99,2.68,7.04,,,,,,,,,,
2022-04-16,53.54,51.05,55.76,,,,21.89,19.46,24.14,,,,10.18,7.69,12.46,,,,4.16,1.71,6.26,,,,2.63,0.14,4.82,,,,1.0,-1.51,3.51,,,,4.99,2.64,7.06,,,,,,,,,,
2022-04-17,53.55,51.05,55.8,,,,21.87,19.44,24.12,,,,10.2,7.72,12.47,,,,4.17,1.71,6.28,,,,2.63,0.13,4.85,,,,1.0,-1.52,3.52,,,,4.99,2.62,7.08,,,,,,,,,,
2022-04-18,53.55,51.06,55.84,,,,21.86,19.42,24.1,,,,10.22,7.76,12.49,,,,4.18,1.74,6.32,,,,2.62,0.13,4.86,,,,1.0,-1.53,3.54,,,,4.99,2.58,7.1,,,,,,,,,,
2022-04-19,53.56,51.06,55.88,,,,21.84,19.38,24.09,,,,10.24,7.79,12.49,,,,4.18,1.77,6.31,,,,2.62,0.15,4.84,,,,1.0,-1.52,3.56,,,,4.99,2.56,7.11,,,,,,,,,,
2022-04-20,53.56,51.07,55.9,,,,21.82,19.34,24.04,,,,10.26,7.79,12.5,,,,4.19,1.76,6.33,,,,2.61,0.17,4.82,,,,1.0,-1.53,3.58,,,,4.99,2.58,7.09,,,,52.0,23.0,11.0,4.0,2.0,1.0,5.0
2022-04-21,53.56,51.08,55.89,,,,21.81,19.32,23.99,,,,10.29,7.79,12.5,,,,4.2,1.76,6.37,,,,2.61,0.18,4.83,,,,1.0,-1.53,3.57,,,,4.99,2.6,7.06,,,,,,,,,,
2022-04-22,53.57,51.08,55.88,,,,21.79,19.31,23.98,,,,10.31,7.8,12.5,,,,4.21,1.8,6.42,,,,2.61,0.2,4.86,,,,1.0,-1.5,3.59,,,,4.98,2.63,7.03,,,,,,,,,,
2022-04-23,53.57,51.08,55.87,,,,21.77,19.31,23.97,,,,10.33,7.8,12.5,,,,4.21,1.84,6.38,,,,2.6,0.21,4.85,,,,1.0,-1.47,3.61,,,,4.98,2.65,7.04,,,,,,,,,,
2022-04-24,53.57,51.09,55.84,,,,21.76,19.29,23.96,,,,10.35,7.81,12.54,,,,4.22,1.88,6.4,,,,2.6,0.21,4.83,,,,1.0,-1.48,3.62,,,,4.98,2.68,7.05,,,,,,,,,,
2022-04-25,53.57,51.1,55.79,,,,21.74,19.27,23.92,,,,10.38,7.83,12.56,,,,4.23,1.92,6.44,,,,2.6,0.19,4.86,,,,1.0,-1.44,3.62,,,,4.98,2.72,7.02,,,,,,,,,,
2022-04-26,53.57,51.1,55.74,,,,21.72,19.24,23.87,,,,10.4,7.9,12.63,,,,4.24,1.96,6.47,,,,2.6,0.17,4.88,,,,1.0,-1.4,3.62,,,,4.98,2.74,6.99,,,,,,,,,,
2022-04-27,53.57,51.11,55.71,,,,21.7,19.24,23.87,,,,10.43,7.95,12.7,,,,4.24,2.0,6.45,,,,2.6,0.16,4.86,,,,1.0,-1.34,3.62,,,,4.98,2.74,7.01,,,,52.0,25.0,12.0,4.0,3.0,,3.0
2022-04-28,53.57,51.12,55.74,,,,21.68,19.25,23.87,,,,10.45,8.01,12.76,,,,4.25,2.02,6.4,,,,2.6,0.14,4.85,,,,1.01,-1.28,3.62,,,,4.97,2.73,7.02,,,,,,,,,,
2022-04-29,53.57,51.11,55.75,,,,21.66,19.26,23.84,,,,10.48,8.08,12.82,,,,4.26,2.04,6.37,,,,2.6,0.14,4.84,,,,1.01,-1.25,3.63,,,,4.97,2.72,7.04,,,,,,,,,,
2022-04-30,53.57,51.1,55.73,,,,21.64,19.25,23.81,,,,10.5,8.11,12.82,,,,4.27,2.04,6.38,,,,2.6,0.16,4.83,,,,1.01,-1.23,3.65,,,,4.97,2.7,7.05,,,,,,,,,,
2022-05-01,53.56,51.08,55.7,,,,21.62,19.28,23.78,,,,10.53,8.13,12.87,,,,4.27,2.04,6.39,,,,2.61,0.19,4.82,,,,1.01,-1.2,3.67,,,,4.97,2.69,7.05,,,,,,,,,,
2022-05-02,53.56,51.09,55.67,,,,21.6,19.29,23.74,,,,10.56,8.16,12.92,,,,4.28,2.09,6.37,,,,2.61,0.21,4.82,,,,1.01,-1.22,3.7,,,,4.97,2.68,7.06,,,,,,,,,,
2022-05-03,53.56,51.09,55.63,,,,21.58,19.27,23.71,,,,10.59,8.19,12.97,,,,4.29,2.13,6.35,,,,2.61,0.23,4.81,,,,1.01,-1.24,3.71,,,,4.96,2.68,7.06,,,,,,,,,,
2022-05-04,53.56,51.05,55.6,,,,21.55,19.25,23.68,,,,10.61,8.22,12.98,,,,4.29,2.16,6.33,,,,2.62,0.26,4.8,,,,1.02,-1.25,3.7,,,,4.96,2.67,7.05,,,,,,,,,,
2022-05-05,53.56,51.02,55.57,,,,21.53,19.24,23.64,,,,10.64,8.24,12.99,,,,4.3,2.15,6.33,,,,2.62,0.28,4.79,,,,1.02,-1.26,3.7,,,,4.96,2.67,7.05,,,,,,,,,,
2022-05-06,53.55,51.0,55.55,,,,21.51,19.23,23.6,,,,10.67,8.27,13.0,,,,4.3,2.14,6.33,,,,2.63,0.3,4.78,,,,1.02,-1.27,3.69,,,,4.96,2.66,7.04,,,,54.0,20.0,10.0,4.0,4.0,,6.0
2022-05-07,53.55,50.99,55.55,,,,21.48,19.22,23.58,,,,10.7,8.3,13.0,,,,4.31,2.15,6.34,,,,2.64,0.32,4.83,,,,1.02,-1.28,3.69,,,,4.96,2.66,7.03,,,,,,,,,,
2022-05-08,53.55,50.98,55.55,,,,21.46,19.2,23.55,,,,10.73,8.34,13.0,,,,4.32,2.16,6.36,,,,2.64,0.35,4.81,,,,1.02,-1.28,3.64,,,,4.95,2.65,7.02,,,,,,,,,,
2022-05-09,53.55,50.98,55.54,,,,21.43,19.18,23.52,,,,10.76,8.42,13.0,,,,4.32,2.16,6.33,,,,2.65,0.38,4.8,,,,1.03,-1.28,3.59,,,,4.95,2.62,7.01,,,,,,,,,,
2022-05-10,53.55,50.97,55.54,,,,21.4,19.17,23.48,,,,10.79,8.51,13.02,,,,4.33,2.16,6.33,,,,2.66,0.37,4.78,,,,1.03,-1.28,3.58,,,,4.95,2.59,7.0,,,,,,,,,,
2022-05-11,53.55,50.97,55.57,,,,21.37,19.12,23.45,,,,10.81,8.59,13.09,,,,4.33,2.16,6.34,,,,2.67,0.38,4.78,,,,1.03,-1.27,3.57,,,,4.95,2.56,6.98,,,,52.0,23.0,12.0,4.0,2.0,1.0,5.0
2022-05-12,53.55,50.97,55.58,,,,21.34,19.08,23.39,,,,10.84,8.63,13.09,,,,4.33,2.17,6.35,,,,2.68,0.37,4.76,,,,1.03,-1.26,3.56,,,,4.95,2.54,6.96,,,,,,,,,,
2022-05-13,53.55,50.97,55.57,,,,21.32,19.06,23.32,,,,10.87,8.65,13.12,,,,4.34,2.18,6.35,,,,2.69,0.4,4.75,,,,1.04,-1.27,3.54,,,,4.95,2.52,6.95,,,,,,,,,,
2022-05-14,53.55,50.98,55.57,,,,21.29,19.03,23.31,,,,10.9,8.68,13.15,,,,4.34,2.2,6.35,,,,2.7,0.45,4.75,,,,1.04,-1.29,3.53,,,,4.94,2.5,6.99,,,,,,,,,,
2022-05-15,53.55,50.99,55.56,,,,21.26,18.97,23.31,,,,10.92,8.72,13.18,,,,4.34,2.22,6.38,,,,2.71,0.48,4.8,,,,1.04,-1.32,3.54,,,,4.94,2.51,6.98,,,,,,,,,,
2022-05-16,53.55,51.01,55.56,,,,21.23,18.95,23.32,,,,10.95,8.75,13.21,,,,4.35,2.23,6.41,,,,2.72,0.5,4.85,,,,1.04,-1.3,3.55,,,,4.94,2.53,6.97,,,,,,,,,,
2022-05-17,53.55,50.99,55.55,,,,21.2,18.93,23.32,,,,10.98,8.79,13.21,,,,4.35,2.22,6.4,,,,2.73,0.51,4.9,,,,1.05,-1.3,3.56,,,,4.94,2.55,6.96,,,,,,,,,,
2022-05-18,53.55,50.96,55.56,,,,21.17,18.89,23.25,,,,11.01,8.85,13.21,,,,4.35,2.22,6.42,,,,2.74,0.52,4.87,,,,1.05,-1.3,3.54,,,,4.94,2.54,6.97,,,,,,,,,,
2022-05-19,53.56,50.94,55.59,,,,21.14,18.86,23.2,,,,11.03,8.9,13.23,,,,4.35,2.23,6.47,,,,2.75,0.54,4.84,,,,1.05,-1.3,3.53,,,,4.94,2.52,6.94,,,,59.0,21.0,9.0,4.0,1.0,1.0,3.0
2022-05-20,53.56,50.92,55.62,,,,21.11,18.82,23.19,,,,11.06,8.95,13.26,,,,4.35,2.24,6.53,,,,2.77,0.55,4.82,,,,1.05,-1.29,3.58,,,,4.94,2.5,6.93,,,,,,,,,,
2022-05-21,53.56,50.88,55.64,,,,21.08,18.79,23.18,,,,11.08,8.99,13.29,,,,4.35,2.25,6.55,,,,2.78,0.56,4.86,,,,1.06,-1.32,3.62,,,,4.93,2.52,6.93,,,,,,,,,,
2022-05-22,53.57,50.86,55.64,,,,21.05,18.77,23.17,,,,11.11,9.02,13.32,,,,4.35,2.24,6.55,,,,2.79,0.57,4.86,,,,1.06,-1.34,3.61,,,,4.93,2.54,6.93,,,,,,,,,,
2022-05-23,53.57,50.84,55.65,,,,21.02,18.76,23.15,,,,11.13,9.05,13.35,,,,4.35,2.23,6.51,,,,2.8,0.61,4.84,,,,1.06,-1.36,3.64,,,,4.93,2.57,6.94,,,,,,,,,,
2022-05-24,53.57,50.82,55.67,,,,20.99,18.73,23.14,,,,11.16,9.08,13.35,,,,4.35,2.25,6.49,,,,2.81,0.65,4.82,,,,1.07,-1.38,3.69,,,,4.93,2.6,6.93,,,,,,,,,,
2022-05-25,53.58,50.81,55.7,,,,20.96,18.68,23.12,,,,11.18,9.12,13.34,,,,4.35,2.25,6.48,,,,2.82,0.7,4.8,,,,1.07,-1.4,3.72,,,,4.93,2.62,6.94,,,,54.0,19.0,12.0,3.0,3.0,1.0,7.0
2022-05-26,53.58,50.8,55.76,,,,20.93,18.64,23.09,,,,11.21,9.17,13.33,,,,4.34,2.23,6.49,,,,2.83,0.75,4.87,,,,1.07,-1.41,3.75,,,,4.93,2.65,6.94,,,,,,,,,,
2022-05-27,53.59,50.85,55.8,,,,20.91,18.63,23.05,,,,11.23,9.22,13.33,,,,4.34,2.26,6.5,,,,2.85,0.79,4.95,,,,1.07,-1.42,3.77,,,,4.93,2.68,6.94,,,,,,,,,,
2022-05-28,53.59,50.86,55.83,,,,20.88,18.62,23.0,,,,11.25,9.25,13.34,,,,4.34,2.26,6.52,,,,2.86,0.79,5.01,,,,1.08,-1.44,3.8,,,,4.93,2.71,6.94,,,,,,,,,,
2022-05-29,53.59,50.86,55.85,,,,20.85,18.61,22.96,,,,11.27,9.29,13.39,,,,4.33,2.27,6.52,,,,2.87,0.8,5.08,,,,1.08,-1.5,3.83,,,,4.93,2.75,6.93,,,,,,,,,,
2022-05-30,53.6,50.95,55.85,,,,20.83,18.61,22.93,,,,11.3,9.34,13.46,,,,4.33,2.26,6.51,,,,2.88,0.83,5.07,,,,1.08,-1.55,3.86,,,,4.93,2.75,6.93,,,,,,,,,,
2022-05-31,53.6,51.03,55.82,,,,20.8,18.62,22.93,,,,11.32,9.39,13.52,,,,4.32,2.26,6.5,,,,2.89,0.88,5.1,,,,1.08,-1.57,3.88,,,,4.93,2.81,6.94,,,,,,,,,,
2022-06-01,53.6,51.08,55.8,,,,20.78,18.62,22.93,,,,11.34,9.42,13.53,,,,4.32,2.26,6.46,,,,2.9,0.92,5.11,,,,1.08,-1.6,3.91,,,,4.93,2.85,6.95,,,,,,,,,,
2022-06-02,53.61,51.12,55.8,,,,20.76,18.63,22.89,,,,11.36,9.45,13.56,,,,4.31,2.26,6.42,,,,2.91,0.95,5.11,,,,1.09,-1.62,3.9,,,,4.93,2.88,6.97,,,,,,,,,,
2022-06-03,53.61,51.16,55.84,,,,20.74,18.64,22.86,,,,11.38,9.48,13.58,,,,4.31,2.26,6.4,,,,2.92,0.96,5.11,,,,1.09,-1.63,3.88,,,,4.93,2.91,6.98,,,,52.0,21.0,12.0,6.0,4.0,,4.0
2022-06-04,53.61,51.15,55.87,,,,20.71,18.63,22.84,,,,11.4,9.5,13.59,,,,4.3,2.27,6.43,,,,2.93,0.98,5.12,,,,1.09,-1.63,3.92,,,,4.93,2.94,7.0,,,,,,,,,,
2022-06-05,53.61,51.15,55.83,,,,20.69,18.65,22.88,,,,11.42,9.53,13.68,,,,4.29,2.27,6.44,,,,2.94,1.03,5.13,,,,1.09,-1.63,3.97,,,,4.93,2.97,7.0,,,,,,,,,,
2022-06-06,53.61,51.15,55.82,,,,20.68,18.63,22.92,,,,11.44,9.56,13.68,,,,4.29,2.29,6.43,,,,2.94,1.12,5.13,,,,1.1,-1.62,3.96,,,,4.93,3.0,7.0,,,,,,,,,,
2022-06-07,53.61,51.16,55.82,,,,20.66,18.65,22.92,,,,11.45,9.58,13.69,,,,4.28,2.38,6.43,,,,2.95,1.15,5.13,,,,1.1,-1.6,3.94,,,,4.94,3.02,7.0,,,,,,,,,,
2022-06-08,53.61,51.21,55.83,,,,20.64,18.69,22.91,,,,11.47,9.61,13.73,,,,4.27,2.4,6.43,,,,2.96,1.18,5.14,,,,1.1,-1.55,3.95,,,,4.94,3.06,7.0,,,,,,,,,,
2022-06-09,53.61,51.25,55.83,,,,20.62,18.67,22.89,,,,11.49,9.64,13.76,,,,4.27,2.42,6.42,,,,2.97,1.21,5.16,,,,1.1,-1.5,3.96,,,,4.94,3.1,7.0,,,,55.0,19.0,11.0,5.0,4.0,,4.0
2022-06-10,53.61,51.31,55.83,,,,20.61,18.65,22.87,,,,11.5,9.65,13.79,,,,4.26,2.44,6.41,,,,2.98,1.24,5.17,,,,1.11,-1.51,3.96,,,,4.94,3.1,7.0,,,,,,,,,,
2022-06-11,53.61,51.36,55.83,,,,20.59,18.62,22.85,,,,11.52,9.64,13.81,,,,4.25,2.46,6.4,,,,2.98,1.26,5.16,,,,1.11,-1.52,3.96,,,,4.94,3.12,7.0,,,,,,,,,,
2022-06-12,53.61,51.42,55.84,,,,20.58,18.62,22.82,,,,11.53,9.66,13.84,,,,4.24,2.49,6.38,,,,2.99,1.25,5.14,,,,1.11,-1.49,3.96,,,,4.95,3.18,7.01,,,,,,,,,,
2022-06-13,53.6,51.47,55.86,,,,20.57,18.62,22.78,,,,11.55,9.69,13.86,,,,4.24,2.48,6.35,,,,3.0,1.22,5.11,,,,1.11,-1.47,3.96,,,,4.95,3.18,7.01,,,,,,,,,,
2022-06-14,53.6,51.53,55.86,,,,20.55,18.64,22.74,,,,11.56,9.71,13.85,,,,4.23,2.47,6.37,,,,3.0,1.21,5.11,,,,1.12,-1.44,3.96,,,,4.95,3.16,7.03,,,,,,,,,,
2022-06-15,53.59,51.54,55.87,,,,20.54,18.64,22.69,,,,11.57,9.76,13.83,,,,4.22,2.46,6.37,,,,3.01,1.24,5.1,,,,1.12,-1.4,3.96,,,,4.95,3.18,7.06,,,,,,,,,,
2022-06-16,53.58,51.52,55.88,,,,20.53,18.65,22.64,,,,11.59,9.77,13.8,,,,4.22,2.44,6.35,,,,3.01,1.27,5.09,,,,1.12,-1.38,3.93,,,,4.96,3.21,7.1,,,,54.0,21.0,11.0,4.0,3.0,1.0,4.0
2022-06-17,53.58,51.53,55.92,,,,20.52,18.67,22.66,,,,11.6,9.79,13.77,,,,4.21,2.45,6.32,,,,3.02,1.3,5.08,,,,1.13,-1.37,3.9,,,,4.96,3.22,7.09,,,,,,,,,,
2022-06-18,53.57,51.57,55.91,,,,20.52,18.69,22.61,,,,11.61,9.82,13.74,,,,4.2,2.46,6.3,,,,3.02,1.32,5.06,,,,1.13,-1.36,3.86,,,,4.97,3.25,7.08,,,,,,,,,,
2022-06-19,53.56,51.57,55.89,,,,20.51,18.69,22.6,,,,11.62,9.84,13.71,,,,4.19,2.48,6.28,,,,3.03,1.35,5.06,,,,1.13,-1.33,3.86,,,,4.97,3.28,7.08,,,,,,,,,,
2022-06-20,53.55,51.54,55.87,,,,20.51,18.67,22.59,,,,11.63,9.86,13.67,,,,4.19,2.49,6.25,,,,3.03,1.37,5.09,,,,1.13,-1.32,3.86,,,,4.98,3.3,7.11,,,,,,,,,,
2022-06-21,53.53,51.52,55.84,,,,20.5,18.64,22.57,,,,11.64,9.87,13.64,,,,4.18,2.5,6.25,,,,3.04,1.37,5.11,,,,1.14,-1.3,3.84,,,,4.98,3.33,7.11,,,,,,,,,,
2022-06-22,53.52,51.49,55.82,,,,20.5,18.64,22.56,,,,11.65,9.88,13.67,,,,4.17,2.52,6.22,,,,3.04,1.37,5.1,,,,1.14,-1.29,3.82,,,,4.99,3.35,7.14,,,,,,,,,,
2022-06-23,53.51,51.47,55.79,,,,20.5,18.62,22.54,,,,11.65,9.89,13.67,,,,4.17,2.52,6.19,,,,3.04,1.38,5.11,,,,1.14,-1.29,3.79,,,,4.99,3.38,7.12,,,,57.0,20.0,9.0,4.0,3.0,,6.0
2022-06-24,53.49,51.44,55.76,,,,20.5,18.57,22.52,,,,11.66,9.89,13.68,,,,4.16,2.52,6.16,,,,3.05,1.36,5.05,,,,1.14,-1.25,3.77,,,,5.0,3.37,7.1,,,,,,,,,,
2022-06-25,53.47,51.41,55.73,,,,20.5,18.58,22.5,,,,11.67,9.89,13.71,,,,4.15,2.49,6.14,,,,3.05,1.37,5.03,,,,1.15,-1.22,3.78,,,,5.0,3.39,7.06,,,,,,,,,,
2022-06-26,53.46,51.39,55.69,,,,20.5,18.55,22.49,,,,11.68,9.88,13.74,,,,4.15,2.5,6.13,,,,3.05,1.37,5.01,,,,1.15,-1.2,3.78,,,,5.01,3.43,7.03,,,,,,,,,,
2022-06-27,53.44,51.37,55.64,,,,20.5,18.52,22.48,,,,11.68,9.88,13.76,,,,4.14,2.53,6.12,,,,3.05,1.37,4.99,,,,1.15,-1.21,3.78,,,,5.02,3.44,7.02,,,,,,,,,,
2022-06-28,53.42,51.34,55.59,,,,20.5,18.5,22.47,,,,11.69,9.88,13.78,,,,4.13,2.52,6.11,,,,3.05,1.38,4.96,,,,1.15,-1.23,3.78,,,,5.02,3.45,7.02,,,,,,,,,,
2022-06-29,53.4,51.31,55.53,,,,20.51,18.49,22.5,,,,11.7,9.88,13.8,,,,4.13,2.52,6.11,,,,3.06,1.41,4.93,,,,1.16,-1.19,3.78,,,,5.03,3.46,7.01,,,,54.0,19.0,13.0,5.0,2.0,1.0,5.0
2022-06-30,53.38,51.28,55.48,,,,20.51,18.5,22.5,,,,11.71,9.88,13.79,,,,4.12,2.5,6.1,,,,3.06,1.43,4.88,,,,1.16,-1.21,3.75,,,,5.04,3.47,6.99,,,,,,,,,,
2022-07-01,53.36,51.28,55.43,,,,20.52,18.47,22.52,,,,11.71,9.88,13.76,,,,4.11,2.51,6.09,,,,3.06,1.44,4.89,,,,1.16,-1.24,3.72,,,,5.04,3.48,6.99,,,,,,,,,,
2022-07-02,53.33,51.25,55.39,,,,20.53,18.47,22.5,,,,11.72,9.88,13.73,,,,4.11,2.52,6.07,,,,3.06,1.45,4.87,,,,1.16,-1.22,3.69,,,,5.05,3.49,6.99,,,,,,,,,,
2022-07-03,53.31,51.23,55.39,,,,20.54,18.47,22.49,,,,11.72,9.86,13.69,,,,4.1,2.53,6.06,,,,3.06,1.47,4.84,,,,1.17,-1.19,3.66,,,,5.06,3.5,6.95,,,,,,,,,,
2022-07-04,53.28,51.26,55.38,,,,20.55,18.48,22.48,,,,11.73,9.85,13.69,,,,4.09,2.55,6.06,,,,3.06,1.47,4.82,,,,1.17,-1.17,3.63,,,,5.06,3.51,6.92,,,,,,,,,,
2022-07-05,53.26,51.27,55.37,,,,20.56,18.49,22.49,,,,11.73,9.84,13.7,,,,4.09,2.56,6.04,,,,3.06,1.46,4.78,,,,1.17,-1.18,3.62,,,,5.07,3.53,6.88,,,,,,,,,,
2022-07-06,53.23,51.23,55.34,,,,20.57,18.51,22.5,,,,11.74,9.86,13.7,,,,4.08,2.58,6.03,,,,3.06,1.46,4.77,,,,1.18,-1.19,3.61,,,,5.08,3.54,6.86,,,,,,,,,,
2022-07-07,53.2,51.2,55.3,,,,20.59,18.52,22.57,,,,11.74,9.9,13.7,,,,4.08,2.58,6.02,,,,3.05,1.45,4.75,,,,1.18,-1.18,3.63,,,,5.08,3.52,6.86,,,,51.0,20.0,16.0,3.0,4.0,1.0,3.0
2022-07-08,53.17,51.22,55.25,,,,20.61,18.54,22.65,,,,11.74,9.92,13.7,,,,4.07,2.57,6.01,,,,3.05,1.45,4.72,,,,1.18,-1.2,3.66,,,,5.09,3.48,6.87,,,,,,,,,,
2022-07-09,53.14,51.23,55.25,,,,20.64,18.56,22.7,,,,11.74,9.87,13.69,,,,4.06,2.54,5.95,,,,3.05,1.44,4.73,,,,1.18,-1.21,3.68,,,,5.1,3.48,6.89,,,,,,,,,,
2022-07-10,53.11,51.21,55.24,,,,20.66,18.58,22.78,,,,11.75,9.88,13.69,,,,4.06,2.52,5.89,,,,3.05,1.41,4.7,,,,1.19,-1.22,3.7,,,,5.1,3.47,6.92,,,,,,,,,,
2022-07-11,53.07,51.2,55.22,,,,20.69,18.62,22.79,,,,11.75,9.89,13.68,,,,4.05,2.49,5.86,,,,3.05,1.42,4.69,,,,1.19,-1.23,3.69,,,,5.11,3.47,6.95,,,,,,,,,,
2022-07-12,53.04,51.18,55.12,,,,20.72,18.64,22.77,,,,11.74,9.91,13.67,,,,4.04,2.47,5.86,,,,3.04,1.42,4.7,,,,1.19,-1.25,3.67,,,,5.12,3.46,6.95,,,,,,,,,,
2022-07-13,53.0,51.16,55.09,,,,20.75,18.7,22.76,,,,11.74,9.92,13.66,,,,4.03,2.44,5.89,,,,3.04,1.42,4.71,,,,1.2,-1.26,3.66,,,,5.12,3.46,6.95,,,,,,,,,,
2022-07-14,52.96,51.1,55.1,,,,20.79,18.77,22.76,,,,11.74,9.93,13.65,,,,4.03,2.35,5.9,,,,3.04,1.36,4.72,,,,1.2,-1.29,3.65,,,,5.13,3.45,6.94,,,,49.0,20.0,12.0,5.0,5.0,2.0,7.0
2022-07-15,52.92,51.05,55.07,,,,20.83,18.84,22.78,,,,11.74,9.94,13.68,,,,4.02,2.26,5.91,,,,3.04,1.31,4.73,,,,1.2,-1.28,3.66,,,,5.13,3.45,6.97,,,,,,,,,,
2022-07-16,52.87,51.02,55.01,,,,20.87,18.91,22.83,,,,11.73,9.95,13.66,,,,4.01,2.19,5.89,,,,3.04,1.35,4.74,,,,1.21,-1.3,3.67,,,,5.14,3.46,6.99,,,,,,,,,,
2022-07-17,52.83,51.0,54.94,,,,20.91,18.99,22.9,,,,11.73,9.96,13.62,,,,4.0,2.16,5.87,,,,3.03,1.39,4.75,,,,1.21,-1.32,3.64,,,,5.15,3.44,7.04,,,,,,,,,,
2022-07-18,52.78,50.97,54.88,,,,20.96,19.07,22.95,,,,11.72,9.93,13.59,,,,4.0,2.2,5.87,,,,3.03,1.39,4.78,,,,1.21,-1.33,3.62,,,,5.15,3.39,7.11,,,,,,,,,,
2022-07-19,52.73,50.94,54.84,,,,21.01,19.16,23.04,,,,11.71,9.93,13.59,,,,3.99,2.24,5.93,,,,3.03,1.38,4.82,,,,1.22,-1.34,3.6,,,,5.16,3.39,7.17,,,,,,,,,,
2022-07-20,52.68,50.87,54.8,,,,21.07,19.24,23.08,,,,11.7,9.94,13.61,,,,3.98,2.29,5.98,,,,3.03,1.36,4.84,,,,1.22,-1.36,3.58,,,,5.16,3.41,7.2,,,,,,,,,,
2022-07-21,52.63,50.77,54.75,,,,21.12,19.32,23.11,,,,11.7,9.96,13.65,,,,3.97,2.33,6.02,,,,3.02,1.35,4.83,,,,1.22,-1.37,3.58,,,,5.17,3.43,7.22,,,,,,,,,,
2022-07-22,52.57,50.68,54.69,,,,21.18,19.35,23.14,,,,11.69,9.95,13.7,,,,3.96,2.37,6.06,,,,3.02,1.34,4.85,,,,1.23,-1.35,3.56,,,,5.17,3.46,7.21,,,,56.0,16.0,13.0,4.0,3.0,,6.0
2022-07-23,52.52,50.58,54.63,,,,21.24,19.39,23.19,,,,11.68,9.9,13.68,,,,3.96,2.4,6.02,,,,3.02,1.33,4.87,,,,1.23,-1.33,3.54,,,,5.18,3.47,7.19,,,,,,,,,,
2022-07-24,52.46,50.48,54.57,,,,21.3,19.44,23.22,,,,11.67,9.84,13.66,,,,3.95,2.38,6.0,,,,3.02,1.32,4.88,,,,1.23,-1.32,3.51,,,,5.18,3.47,7.2,,,,,,,,,,
2022-07-25,52.4,50.39,54.5,,,,21.37,19.57,23.31,,,,11.66,9.84,13.65,,,,3.94,2.35,5.96,,,,3.02,1.32,4.86,,,,1.24,-1.3,3.5,,,,5.19,3.46,7.21,,,,,,,,,,
2022-07-26,52.34,50.33,54.44,,,,21.44,19.62,23.4,,,,11.64,9.8,13.66,,,,3.93,2.32,5.91,,,,3.01,1.31,4.86,,,,1.24,-1.27,3.49,,,,5.19,3.46,7.2,,,,,,,,,,
2022-07-27,52.27,50.24,54.37,,,,21.51,19.65,23.51,,,,11.63,9.76,13.67,,,,3.92,2.3,5.9,,,,3.01,1.34,4.88,,,,1.24,-1.25,3.53,,,,5.2,3.46,7.22,,,,,,,,,,
2022-07-28,52.21,50.16,54.3,,,,21.58,19.69,23.64,,,,11.62,9.74,13.65,,,,3.91,2.28,5.9,,,,3.01,1.4,4.89,,,,1.25,-1.22,3.54,,,,5.2,3.47,7.21,,,,55.0,20.0,10.0,5.0,2.0,1.0,5.0
2022-07-29,52.14,50.07,54.25,,,,21.65,19.73,23.77,,,,11.61,9.76,13.63,,,,3.9,2.24,5.89,,,,3.0,1.41,4.91,,,,1.25,-1.27,3.56,,,,5.21,3.47,7.2,,,,,,,,,,
2022-07-30,52.07,49.99,54.27,,,,21.73,19.77,23.9,,,,11.59,9.79,13.62,,,,3.89,2.22,5.89,,,,3.0,1.38,4.94,,,,1.25,-1.32,3.55,,,,5.21,3.48,7.19,,,,,,,,,,
2022-07-31,52.0,49.89,54.29,,,,21.81,19.81,24.04,,,,11.58,9.75,13.6,,,,3.88,2.19,5.88,,,,3.0,1.33,4.96,,,,1.25,-1.37,3.55,,,,5.22,3.49,7.17,,,,,,,,,,
2022-08-01,51.93,49.79,54.31,,,,21.89,19.89,24.18,,,,11.56,9.7,13.58,,,,3.87,2.17,5.88,,,,3.0,1.29,4.97,,,,1.26,-1.4,3.54,,,,5.22,3.51,7.16,,,,,,,,,,
2022-08-02,51.86,49.73,54.28,,,,21.98,19.97,24.32,,,,11.55,9.67,13.56,,,,3.86,2.15,5.88,,,,2.99,1.29,4.99,,,,1.26,-1.42,3.53,,,,5.23,3.54,7.16,,,,,,,,,,
2022-08-03,51.78,49.66,54.21,,,,22.06,20.05,24.46,,,,11.53,9.66,13.53,,,,3.85,2.13,5.85,,,,2.99,1.29,5.0,,,,1.26,-1.38,3.52,,,,5.24,3.61,7.15,,,,,,,,,,
2022-08-04,51.71,49.56,54.04,,,,22.15,20.15,24.5,,,,11.52,9.66,13.49,,,,3.84,2.12,5.82,,,,2.98,1.28,5.0,,,,1.26,-1.34,3.53,,,,5.25,3.6,7.18,,,,,,,,,,
2022-08-05,51.63,49.47,53.86,,,,22.24,20.22,24.59,,,,11.5,9.65,13.46,,,,3.83,2.1,5.79,,,,2.98,1.27,4.97,,,,1.26,-1.3,3.55,,,,5.25,3.6,7.2,,,,56.0,20.0,12.0,3.0,2.0,1.0,5.0
2022-08-06,51.55,49.38,53.75,,,,22.33,20.25,24.73,,,,11.49,9.64,13.43,,,,3.82,2.07,5.77,,,,2.98,1.22,4.96,,,,1.27,-1.26,3.56,,,,5.26,3.6,7.21,,,,,,,,,,
2022-08-07,51.47,49.28,53.59,,,,22.43,20.41,24.88,,,,11.47,9.62,13.39,,,,3.81,2.07,5.75,,,,2.97,1.22,4.96,,,,1.27,-1.27,3.57,,,,5.27,3.61,7.23,,,,,,,,,,
2022-08-08,51.38,49.18,53.49,,,,22.52,20.48,25.02,,,,11.45,9.6,13.35,,,,3.8,2.05,5.74,,,,2.97,1.18,4.97,,,,1.27,-1.29,3.59,,,,5.28,3.63,7.26,,,,,,,,,,
2022-08-09,51.3,49.08,53.42,,,,22.62,20.53,25.16,,,,11.44,9.58,13.34,,,,3.79,2.04,5.72,,,,2.96,1.15,4.97,,,,1.27,-1.3,3.6,,,,5.29,3.62,7.28,,,,,,,,,,
2022-08-10,51.21,48.98,53.34,,,,22.72,20.57,25.3,,,,11.42,9.56,13.31,,,,3.77,2.02,5.71,,,,2.96,1.11,4.96,,,,1.27,-1.3,3.59,,,,5.3,3.63,7.3,,,,51.0,24.0,12.0,3.0,3.0,,5.0
2022-08-11,51.13,48.88,53.25,,,,22.82,20.61,25.48,,,,11.4,9.54,13.27,,,,3.76,2.01,5.67,,,,2.95,1.11,4.94,,,,1.27,-1.31,3.59,,,,5.32,3.64,7.32,,,,,,,,,,
2022-08-12,51.04,48.81,53.15,,,,22.92,20.65,25.61,,,,11.38,9.52,13.22,,,,3.75,2.01,5.58,,,,2.95,1.11,4.92,,,,1.27,-1.32,3.59,,,,5.33,3.63,7.34,,,,,,,,,,
2022-08-13,50.95,48.8,53.08,,,,23.02,20.67,25.71,,,,11.36,9.5,13.21,,,,3.74,1.97,5.55,,,,2.94,1.11,4.84,,,,1.27,-1.25,3.58,,,,5.34,3.61,7.36,,,,,,,,,,
2022-08-14,50.86,48.74,53.03,,,,23.13,20.69,25.78,,,,11.34,9.49,13.18,,,,3.72,1.98,5.51,,,,2.93,1.1,4.76,,,,1.27,-1.24,3.58,,,,5.36,3.6,7.38,,,,,,,,,,
2022-08-15,50.77,48.54,52.97,,,,23.23,20.7,25.85,,,,11.32,9.48,13.17,,,,3.71,1.97,5.49,,,,2.93,1.08,4.7,,,,1.27,-1.26,3.6,,,,5.37,3.62,7.4,,,,,,,,,,
2022-08-16,50.68,48.35,52.89,,,,23.34,20.71,25.98,,,,11.31,9.46,13.16,,,,3.7,1.95,5.47,,,,2.92,1.06,4.71,,,,1.27,-1.23,3.57,,,,5.39,3.63,7.41,,,,,,,,,,
2022-08-17,50.59,48.27,52.8,,,,23.44,20.72,26.11,,,,11.29,9.45,13.17,,,,3.68,1.91,5.46,,,,2.92,1.09,4.73,,,,1.27,-1.18,3.57,,,,5.41,3.64,7.37,,,,47.0,24.0,13.0,3.0,5.0,1.0,6.0
2022-08-18,50.5,48.19,52.69,,,,23.55,20.74,26.21,,,,11.27,9.44,13.16,,,,3.67,1.88,5.45,,,,2.91,1.12,4.73,,,,1.27,-1.11,3.58,,,,5.42,3.64,7.35,,,,,,,,,,
2022-08-19,50.4,48.06,52.62,,,,23.65,20.76,26.31,,,,11.25,9.44,13.13,,,,3.66,1.87,5.44,,,,2.91,1.12,4.69,,,,1.27,-1.07,3.57,,,,5.44,3.64,7.38,,,,,,,,,,
2022-08-20,50.31,47.96,52.52,,,,23.76,20.87,26.41,,,,11.23,9.43,13.13,,,,3.65,1.86,5.44,,,,2.9,1.09,4.66,,,,1.27,-1.09,3.57,,,,5.46,3.64,7.41,,,,,,,,,,
2022-08-21,50.21,47.87,52.43,,,,23.86,21.03,26.5,,,,11.21,9.42,13.14,,,,3.63,1.84,5.44,,,,2.9,1.05,4.62,,,,1.27,-1.12,3.57,,,,5.48,3.64,7.43,,,,,,,,,,
2022-08-22,50.12,47.77,52.34,,,,23.97,21.1,26.58,,,,11.19,9.42,13.14,,,,3.62,1.8,5.43,,,,2.89,1.01,4.64,,,,1.27,-1.14,3.57,,,,5.5,3.64,7.43,,,,,,,,,,
2022-08-23,50.02,47.68,52.25,,,,24.07,21.14,26.65,,,,11.17,9.37,13.13,,,,3.61,1.75,5.43,,,,2.89,1.01,4.66,,,,1.26,-1.17,3.56,,,,5.52,3.62,7.42,,,,,,,,,,
2022-08-24,49.93,47.59,52.19,,,,24.18,21.19,26.78,,,,11.15,9.32,13.11,,,,3.6,1.71,5.42,,,,2.88,1.03,4.69,,,,1.26,-1.2,3.59,,,,5.55,3.6,7.42,,,,51.0,22.0,10.0,5.0,2.0,2.0,6.0
2022-08-25,49.83,47.48,52.12,,,,24.28,21.24,26.92,,,,11.13,9.27,13.09,,,,3.58,1.7,5.41,,,,2.88,1.0,4.72,,,,1.26,-1.22,3.62,,,,5.57,3.58,7.42,,,,,,,,,,
2022-08-26,49.74,47.36,52.07,,,,24.39,21.3,27.1,,,,11.11,9.25,13.07,,,,3.57,1.7,5.39,,,,2.88,0.98,4.74,,,,1.26,-1.26,3.59,,,,5.59,3.6,7.41,,,,,,,,,,
2022-08-27,49.64,47.25,52.01,,,,24.49,21.35,27.26,,,,11.09,9.27,13.05,,,,3.56,1.7,5.37,,,,2.87,0.96,4.76,,,,1.26,-1.27,3.58,,,,5.62,3.62,7.39,,,,,,,,,,
2022-08-28,49.55,47.18,51.91,,,,24.59,21.4,27.35,,,,11.06,9.3,13.03,,,,3.55,1.69,5.37,,,,2.87,0.94,4.77,,,,1.26,-1.26,3.58,,,,5.64,3.65,7.41,,,,,,,,,,
2022-08-29,49.45,47.12,51.8,,,,24.69,21.45,27.44,,,,11.04,9.29,12.99,,,,3.54,1.69,5.34,,,,2.86,0.93,4.75,,,,1.26,-1.25,3.58,,,,5.66,3.68,7.41,,,,,,,,,,
2022-08-30,49.36,47.02,51.7,,,,24.8,21.5,27.53,,,,11.02,9.26,12.98,,,,3.53,1.67,5.3,,,,2.86,0.94,4.72,,,,1.26,-1.27,3.55,,,,5.69,3.72,7.41,,,,,,,,,,
2022-08-31,49.26,46.9,51.58,,,,24.89,21.55,27.63,,,,11.0,9.22,12.96,,,,3.52,1.64,5.3,,,,2.86,0.95,4.69,,,,1.25,-1.23,3.54,,,,5.71,3.74,7.41,,,,,,,,,,
2022-09-01,49.17,46.76,51.47,,,,24.99,21.61,27.81,,,,10.98,9.18,12.92,,,,3.51,1.61,5.32,,,,2.85,0.96,4.71,,,,1.25,-1.2,3.54,,,,5.74,3.75,7.43,,,,52.0,23.0,13.0,3.0,2.0,,5.0
2022-09-02,49.08,46.68,51.37,,,,25.09,21.66,27.99,,,,10.95,9.15,12.92,,,,3.5,1.59,5.32,,,,2.85,0.96,4.72,,,,1.25,-1.17,3.54,,,,5.77,3.78,7.49,,,,,,,,,,
2022-09-03,48.99,46.59,51.33,,,,25.19,21.73,28.17,,,,10.93,9.13,12.97,,,,3.49,1.6,5.3,,,,2.85,0.97,4.75,,,,1.25,-1.15,3.54,,,,5.79,3.8,7.58,,,,,,,,,,
2022-09-04,48.9,46.46,51.29,,,,25.28,21.79,28.34,,,,10.91,9.11,12.97,,,,3.48,1.61,5.27,,,,2.84,0.95,4.78,,,,1.25,-1.13,3.49,,,,5.82,3.8,7.66,,,,,,,,,,
2022-09-05,48.81,46.38,51.24,,,,25.37,21.86,28.5,,,,10.89,9.1,12.95,,,,3.47,1.62,5.27,,,,2.84,0.93,4.8,,,,1.24,-1.14,3.46,,,,5.85,3.81,7.74,,,,,,,,,,
2022-09-06,48.72,46.29,51.16,,,,25.47,21.92,28.6,,,,10.86,9.1,12.91,,,,3.46,1.6,5.28,,,,2.84,0.91,4.82,,,,1.24,-1.13,3.47,,,,5.88,3.83,7.78,,,,,,,,,,
2022-09-07,48.63,46.19,51.08,,,,25.56,21.99,28.62,,,,10.84,9.12,12.87,,,,3.45,1.58,5.24,,,,2.83,0.88,4.84,,,,1.24,-1.08,3.48,,,,5.9,3.85,7.79,,,,47.0,24.0,10.0,4.0,4.0,1.0,7.0
2022-09-08,48.54,46.01,51.03,,,,25.65,22.05,28.64,,,,10.81,9.14,12.84,,,,3.44,1.54,5.21,,,,2.83,0.85,4.85,,,,1.24,-1.05,3.49,,,,5.93,3.86,7.9,,,,,,,,,,
2022-09-09,48.46,45.85,50.99,,,,25.73,22.11,28.66,,,,10.79,9.13,12.8,,,,3.43,1.53,5.21,,,,2.83,0.83,4.87,,,,1.24,-1.04,3.49,,,,5.96,3.87,7.91,,,,,,,,,,
2022-09-10,48.37,45.7,50.94,,,,25.82,22.18,28.68,,,,10.76,9.11,12.76,,,,3.42,1.5,5.24,,,,2.82,0.82,4.88,,,,1.23,-1.03,3.48,,,,5.99,3.87,7.91,,,,,,,,,,
2022-09-11,48.29,45.63,50.85,,,,25.91,22.25,28.7,,,,10.74,9.11,12.73,,,,3.42,1.44,5.24,,,,2.82,0.79,4.89,,,,1.23,-1.02,3.47,,,,6.02,3.89,7.92,,,,,,,,,,
2022-09-12,48.2,45.56,50.78,,,,25.99,22.32,28.77,,,,10.71,9.11,12.69,,,,3.41,1.38,5.24,,,,2.81,0.77,4.9,,,,1.23,-1.02,3.45,,,,6.06,3.9,7.98,,,,55.0,22.0,13.0,2.0,1.0,,4.0
2022-09-13,48.12,45.49,50.73,,,,26.07,22.43,28.79,,,,10.69,9.07,12.66,,,,3.4,1.35,5.24,,,,2.81,0.74,4.91,,,,1.23,-1.01,3.44,,,,6.09,3.92,8.05,,,,,,,,,,
2022-09-14,48.03,45.42,50.69,,,,26.16,22.54,28.87,,,,10.66,9.02,12.62,,,,3.39,1.37,5.23,,,,2.81,0.76,4.91,,,,1.22,-0.99,3.43,,,,6.12,3.93,8.07,,,,,,,,,,
2022-09-15,47.95,45.35,50.65,,,,26.24,22.59,29.02,,,,10.64,9.01,12.58,,,,3.39,1.4,5.23,,,,2.8,0.75,4.91,,,,1.22,-0.96,3.41,,,,6.16,3.94,8.09,,,,,,,,,,
2022-09-16,47.86,45.27,50.55,,,,26.32,22.64,29.15,,,,10.62,8.97,12.56,,,,3.38,1.43,5.23,,,,2.8,0.72,4.9,,,,1.22,-0.94,3.4,,,,6.19,3.95,8.12,,,,,,,,,,
2022-09-17,47.78,45.23,50.45,,,,26.4,22.69,29.19,,,,10.59,8.92,12.54,,,,3.37,1.43,5.22,,,,2.8,0.71,4.9,,,,1.22,-0.93,3.38,,,,6.23,3.96,8.19,,,,,,,,,,
2022-09-18,47.7,45.19,50.36,,,,26.47,22.75,29.22,,,,10.57,8.85,12.53,,,,3.37,1.4,5.22,,,,2.79,0.71,4.89,,,,1.21,-0.93,3.36,,,,6.26,3.97,8.26,,,,,,,,,,
2022-09-19,47.61,45.14,50.3,,,,26.55,22.82,29.34,,,,10.54,8.79,12.52,,,,3.36,1.41,5.22,,,,2.79,0.71,4.87,,,,1.21,-0.94,3.35,,,,6.3,4.01,8.35,,,,,,,,,,
2022-09-20,47.53,45.08,50.25,,,,26.62,22.89,29.45,,,,10.52,8.75,12.49,,,,3.35,1.41,5.22,,,,2.78,0.7,4.86,,,,1.21,-0.95,3.34,,,,6.34,4.08,8.43,,,,,,,,,,
2022-09-21,47.44,45.01,50.17,,,,26.7,22.97,29.56,,,,10.49,8.73,12.48,,,,3.35,1.4,5.22,,,,2.78,0.7,4.84,,,,1.21,-0.97,3.31,,,,6.37,4.16,8.51,,,,,,,,,,
2022-09-22,47.36,44.94,50.06,,,,26.77,23.04,29.68,,,,10.47,8.71,12.48,,,,3.35,1.4,5.23,,,,2.78,0.7,4.83,,,,1.2,-0.98,3.29,,,,6.41,4.24,8.6,,,,53.0,21.0,11.0,4.0,2.0,2.0,5.0
2022-09-23,47.27,44.87,49.95,,,,26.84,23.12,29.78,,,,10.44,8.7,12.46,,,,3.34,1.39,5.23,,,,2.77,0.7,4.85,,,,1.2,-0.99,3.27,,,,6.45,4.33,8.68,,,,,,,,,,
2022-09-24,47.18,44.8,49.83,,,,26.91,23.23,29.88,,,,10.42,8.7,12.44,,,,3.34,1.38,5.23,,,,2.77,0.69,4.87,,,,1.2,-0.99,3.27,,,,6.5,4.4,8.74,,,,,,,,,,
2022-09-25,47.1,44.72,49.7,,,,26.99,23.37,29.98,,,,10.4,8.67,12.43,,,,3.33,1.37,5.27,,,,2.77,0.69,4.89,,,,1.19,-0.98,3.3,,,,6.54,4.45,8.8,,,,48.0,32.0,7.0,4.0,1.0,1.0,4.0
2022-09-26,47.01,44.65,49.59,,,,27.06,23.53,30.08,,,,10.37,8.66,12.42,,,,3.33,1.37,5.3,,,,2.77,0.69,4.87,,,,1.19,-0.93,3.32,,,,6.58,4.49,8.8,,,,,,,,,,
2022-09-27,46.92,44.53,49.52,,,,27.12,23.69,30.11,,,,10.35,8.65,12.41,,,,3.33,1.37,5.34,,,,2.76,0.69,4.84,,,,1.19,-0.89,3.35,,,,6.63,4.49,8.81,,,,,,,,,,
2022-09-28,46.83,44.41,49.47,,,,27.19,23.76,30.14,,,,10.33,8.64,12.39,,,,3.33,1.37,5.36,,,,2.76,0.69,4.82,,,,1.19,-0.89,3.35,,,,6.67,4.5,8.91,,,,,,,,,,
2022-09-29,46.73,44.28,49.43,,,,27.26,23.8,30.17,,,,10.31,8.62,12.35,,,,3.32,1.34,5.39,,,,2.76,0.7,4.8,,,,1.18,-0.89,3.35,,,,6.72,4.51,9.02,,,,42.0,37.0,5.0,3.0,6.0,,6.0
2022-09-30,46.64,44.12,49.39,,,,27.33,23.84,30.2,,,,10.28,8.6,12.26,,,,3.32,1.31,5.42,,,,2.76,0.7,4.78,,,,1.18,-0.92,3.35,,,,6.77,4.53,9.05,,,,,,,,,,
2022-10-01,46.55,43.97,49.35,,,,27.4,23.89,30.24,,,,10.26,8.57,12.24,,,,3.32,1.28,5.4,,,,2.75,0.7,4.75,,,,1.18,-0.96,3.35,,,,6.82,4.55,9.08,,,,,,,,,,
2022-10-02,46.45,43.82,49.3,,,,27.46,23.94,30.35,,,,10.24,8.54,12.23,,,,3.32,1.24,5.37,,,,2.75,0.7,4.72,,,,1.18,-1.01,3.35,,,,6.87,4.59,9.12,,,,,,,,,,
2022-10-03,46.36,43.7,49.26,,,,27.53,23.98,30.47,,,,10.22,8.49,12.22,,,,3.32,1.2,5.32,,,,2.75,0.71,4.69,,,,1.17,-1.03,3.34,,,,6.92,4.61,9.14,,,,,,,,,,
2022-10-04,46.26,43.58,49.16,,,,27.59,24.03,30.57,,,,10.19,8.43,12.2,,,,3.32,1.16,5.29,,,,2.75,0.71,4.65,,,,1.17,-1.01,3.3,,,,6.97,4.62,9.17,,,,,,,,,,
2022-10-05,46.16,43.43,49.1,,,,27.66,24.11,30.62,,,,10.17,8.39,12.19,,,,3.32,1.13,5.29,,,,2.75,0.71,4.62,,,,1.17,-1.02,3.26,,,,7.03,4.66,9.2,,,,,,,,,,
2022-10-06,46.07,43.28,48.96,,,,27.72,24.23,30.65,,,,10.15,8.37,12.18,,,,3.32,1.12,5.3,,,,2.75,0.72,4.6,,,,1.17,-1.01,3.29,,,,7.08,4.69,9.23,,,,,,,,,,
2022-10-07,45.97,43.2,48.78,,,,27.78,24.39,30.73,,,,10.13,8.36,12.14,,,,3.32,1.11,5.29,,,,2.75,0.72,4.63,,,,1.16,-1.0,3.27,,,,7.14,4.73,9.28,,,,39.0,33.0,10.0,4.0,4.0,,6.0
2022-10-08,45.87,43.08,48.62,,,,27.84,24.55,30.8,,,,10.11,8.35,12.1,,,,3.32,1.11,5.29,,,,2.75,0.72,4.67,,,,1.16,-0.99,3.28,,,,7.19,4.82,9.38,,,,,,,,,,
2022-10-09,45.77,42.94,48.52,,,,27.9,24.71,30.87,,,,10.09,8.34,12.06,,,,3.32,1.1,5.29,,,,2.75,0.73,4.7,,,,1.16,-0.98,3.28,,,,7.25,4.91,9.47,,,,,,,,,,
2022-10-10,45.67,42.73,48.45,,,,27.96,24.79,30.94,,,,10.07,8.31,12.03,,,,3.32,1.11,5.29,,,,2.75,0.7,4.72,,,,1.16,-0.97,3.22,,,,7.31,5.0,9.58,,,,,,,,,,
2022-10-11,45.58,42.6,48.39,,,,28.02,24.77,31.0,,,,10.04,8.28,12.05,,,,3.32,1.13,5.29,,,,2.75,0.67,4.75,,,,1.15,-0.95,3.16,,,,7.37,5.09,9.65,,,,,,,,,,
2022-10-12,45.48,42.47,48.32,,,,28.08,24.79,31.04,,,,10.02,8.25,12.06,,,,3.33,1.15,5.29,,,,2.75,0.66,4.78,,,,1.15,-0.94,3.16,,,,7.43,5.18,9.69,,,,44.0,29.0,14.0,3.0,2.0,1.0,4.0
2022-10-13,45.38,42.35,48.25,,,,28.13,24.89,31.05,,,,10.0,8.22,12.0,,,,3.33,1.17,5.31,,,,2.75,0.67,4.74,,,,1.15,-0.93,3.13,,,,7.49,5.26,9.74,,,,,,,,,,
2022-10-14,45.28,42.23,48.18,,,,28.19,24.99,31.03,,,,9.98,8.19,11.95,,,,3.33,1.19,5.3,,,,2.75,0.67,4.76,,,,1.15,-0.92,3.14,,,,7.55,5.35,9.82,,,,,,,,,,
2022-10-15,45.19,42.11,48.1,,,,28.24,25.1,30.99,,,,9.96,8.17,11.95,,,,3.34,1.21,5.27,,,,2.75,0.68,4.76,,,,1.14,-0.9,3.18,,,,7.61,5.39,9.91,,,,,,,,,,
2022-10-16,45.09,41.95,48.02,,,,28.29,25.2,31.03,,,,9.94,8.15,11.94,,,,3.34,1.24,5.27,,,,2.75,0.68,4.77,,,,1.14,-0.88,3.22,,,,7.67,5.43,10.01,,,,,,,,,,
2022-10-17,45.0,41.81,47.93,,,,28.34,25.31,31.11,,,,9.93,8.13,11.89,,,,3.34,1.27,5.27,,,,2.75,0.68,4.76,,,,1.14,-0.86,3.22,,,,7.73,5.46,10.11,,,,,,,,,,
2022-10-18,44.9,41.72,47.84,,,,28.39,25.44,31.18,,,,9.91,8.08,11.8,,,,3.35,1.31,5.27,,,,2.75,0.69,4.75,,,,1.13,-0.85,3.19,,,,7.79,5.49,10.18,,,,,,,,,,
2022-10-19,44.81,41.64,47.75,,,,28.44,25.54,31.26,,,,9.89,8.02,11.71,,,,3.35,1.35,5.25,,,,2.75,0.71,4.75,,,,1.13,-0.88,3.17,,,,7.85,5.52,10.24,,,,,,,,,,
2022-10-20,44.72,41.56,47.66,,,,28.49,25.62,31.3,,,,9.87,7.96,11.69,,,,3.36,1.38,5.23,,,,2.75,0.76,4.74,,,,1.13,-0.91,3.15,,,,7.91,5.55,10.27,,,,,,,,,,
2022-10-21,44.62,41.45,47.55,,,,28.53,25.7,31.31,,,,9.85,7.92,11.66,,,,3.36,1.37,5.23,,,,2.75,0.71,4.72,,,,1.12,-0.9,3.13,,,,7.98,5.6,10.3,,,,40.0,36.0,10.0,1.0,2.0,1.0,10.0
2022-10-22,44.53,41.35,47.43,,,,28.57,25.76,31.33,,,,9.83,7.87,11.64,,,,3.36,1.36,5.23,,,,2.75,0.73,4.71,,,,1.12,-0.87,3.07,,,,8.04,5.68,10.33,,,,,,,,,,
2022-10-23,44.44,41.25,47.36,,,,28.61,25.77,31.33,,,,9.82,7.89,11.67,,,,3.37,1.36,5.24,,,,2.75,0.77,4.69,,,,1.12,-0.91,3.09,,,,8.1,5.75,10.39,,,,,,,,,,
2022-10-24,44.35,41.16,47.26,,,,28.65,25.78,31.32,,,,9.8,7.87,11.71,,,,3.37,1.32,5.26,,,,2.75,0.81,4.67,,,,1.11,-0.94,3.07,,,,8.17,5.79,10.46,,,,,,,,,,
2022-10-25,44.26,41.08,47.15,,,,28.69,25.81,31.35,,,,9.78,7.8,11.73,,,,3.38,1.27,5.27,,,,2.75,0.79,4.66,,,,1.11,-0.97,3.06,,,,8.23,5.83,10.54,,,,,,,,,,
2022-10-26,44.17,40.99,47.04,,,,28.73,25.88,31.4,,,,9.77,7.77,11.77,,,,3.38,1.31,5.28,,,,2.75,0.77,4.6,,,,1.11,-0.98,3.05,,,,8.3,5.93,10.61,,,,40.0,34.0,9.0,3.0,2.0,1.0,10.0
2022-10-27,44.09,40.94,46.94,,,,28.76,25.96,31.43,,,,9.75,7.76,11.76,,,,3.39,1.33,5.29,,,,2.75,0.76,4.54,,,,1.1,-1.02,3.03,,,,8.36,6.02,10.64,,,,,,,,,,
2022-10-28,44.0,40.94,46.83,,,,28.8,26.02,31.43,,,,9.73,7.77,11.72,,,,3.39,1.31,5.3,,,,2.75,0.78,4.49,,,,1.1,-1.03,3.02,,,,8.43,6.11,10.71,,,,,,,,,,
2022-10-29,43.91,40.89,46.71,,,,28.83,26.09,31.44,,,,9.72,7.77,11.7,,,,3.4,1.29,5.3,,,,2.75,0.79,4.44,,,,1.1,-1.02,2.99,,,,8.5,6.19,10.8,,,,,,,,,,
2022-10-30,43.83,40.87,46.63,,,,28.86,26.16,31.43,,,,9.7,7.71,11.66,,,,3.4,1.29,5.3,,,,2.75,0.82,4.44,,,,1.09,-1.04,2.98,,,,8.56,6.27,10.88,,,,,,,,,,
2022-10-31,43.75,40.8,46.55,,,,28.89,26.21,31.45,,,,9.69,7.69,11.64,,,,3.41,1.27,5.31,,,,2.75,0.83,4.5,,,,1.09,-1.02,2.98,,,,8.63,6.31,10.97,,,,,,,,,,
2022-11-01,43.67,40.72,46.47,,,,28.91,26.2,31.5,,,,9.68,7.7,11.65,,,,3.41,1.27,5.35,,,,2.75,0.81,4.56,,,,1.09,-1.05,2.99,,,,8.7,6.35,11.02,,,,,,,,,,
2022-11-02,43.59,40.62,46.39,,,,28.94,26.19,31.55,,,,9.66,7.67,11.67,,,,3.42,1.29,5.37,,,,2.76,0.81,4.56,,,,1.08,-1.05,2.97,,,,8.76,6.38,11.11,,,,45.0,25.0,10.0,3.0,3.0,1.0,11.0
2022-11-03,43.51,40.51,46.33,,,,28.96,26.18,31.52,,,,9.65,7.65,11.69,,,,3.42,1.33,5.35,,,,2.76,0.77,4.56,,,,1.08,-1.05,2.95,,,,8.83,6.41,11.2,,,,,,,,,,
2022-11-04,43.44,40.41,46.28,,,,28.98,26.17,31.49,,,,9.64,7.63,11.72,,,,3.43,1.37,5.34,,,,2.76,0.76,4.55,,,,1.08,-1.04,3.0,,,,8.9,6.5,11.27,,,,,,,,,,
2022-11-05,43.36,40.36,46.18,,,,29.0,26.2,31.45,,,,9.62,7.62,11.7,,,,3.43,1.41,5.36,,,,2.76,0.78,4.54,,,,1.07,-1.04,3.01,,,,8.96,6.58,11.35,,,,,,,,,,
2022-11-06,43.29,40.32,46.08,,,,29.01,26.22,31.41,,,,9.61,7.6,11.64,,,,3.43,1.39,5.36,,,,2.76,0.79,4.54,,,,1.07,-1.03,3.02,,,,9.03,6.59,11.43,,,,,,,,,,
2022-11-07,43.22,40.29,46.0,,,,29.03,26.26,31.36,,,,9.6,7.59,11.59,,,,3.44,1.43,5.35,,,,2.77,0.81,4.53,,,,1.07,-1.0,3.06,,,,9.09,6.61,11.48,,,,,,,,,,
2022-11-08,43.15,40.26,45.92,,,,29.04,26.27,31.31,,,,9.59,7.57,11.6,,,,3.44,1.46,5.35,,,,2.77,0.83,4.52,,,,1.06,-1.01,3.04,,,,9.16,6.62,11.55,,,,,,,,,,
2022-11-09,43.08,40.23,45.83,,,,29.05,26.28,31.26,,,,9.58,7.52,11.61,,,,3.45,1.49,5.35,,,,2.77,0.87,4.52,,,,1.06,-1.01,3.06,,,,9.23,6.63,11.6,,,,,,,,,,
2022-11-10,43.02,40.19,45.75,,,,29.06,26.29,31.24,,,,9.57,7.55,11.61,,,,3.45,1.46,5.35,,,,2.77,0.87,4.55,,,,1.06,-1.0,3.07,,,,9.29,6.66,11.63,,,,47.0,27.0,11.0,3.0,4.0,,7.0
2022-11-11,42.95,40.16,45.67,,,,29.06,26.31,31.25,,,,9.56,7.54,11.6,,,,3.45,1.42,5.37,,,,2.78,0.86,4.58,,,,1.06,-1.0,3.06,,,,9.36,6.76,11.66,,,,,,,,,,
2022-11-12,42.89,40.13,45.62,,,,29.06,26.37,31.26,,,,9.55,7.54,11.62,,,,3.46,1.42,5.37,,,,2.78,0.89,4.6,,,,1.05,-1.0,3.07,,,,9.43,6.86,11.69,,,,,,,,,,
2022-11-13,42.83,40.12,45.51,,,,29.07,26.46,31.26,,,,9.54,7.53,11.61,,,,3.46,1.41,5.37,,,,2.78,0.88,4.62,,,,1.05,-1.0,3.08,,,,9.49,6.97,11.75,,,,,,,,,,
2022-11-14,42.78,40.09,45.43,,,,29.06,26.44,31.26,,,,9.53,7.53,11.56,,,,3.46,1.38,5.37,,,,2.78,0.87,4.61,,,,1.05,-1.02,3.08,,,,9.56,7.07,11.85,,,,,,,,,,
2022-11-15,42.72,40.07,45.35,,,,29.06,26.42,31.25,,,,9.52,7.49,11.52,,,,3.47,1.36,5.38,,,,2.79,0.86,4.62,,,,1.05,-1.04,3.09,,,,9.62,7.11,11.95,,,,,,,,,,
2022-11-16,42.67,40.02,45.26,,,,29.06,26.39,31.25,,,,9.51,7.45,11.53,,,,3.47,1.36,5.38,,,,2.79,0.85,4.63,,,,1.04,-1.01,3.08,,,,9.68,7.12,12.01,,,,44.0,25.0,8.0,5.0,3.0,1.0,9.0
2022-11-17,42.62,39.94,45.18,,,,29.05,26.36,31.24,,,,9.5,7.46,11.53,,,,3.47,1.37,5.37,,,,2.79,0.84,4.66,,,,1.04,-1.06,3.05,,,,9.75,7.14,12.07,,,,,,,,,,
2022-11-18,42.58,39.89,45.1,,,,29.04,26.36,31.23,,,,9.49,7.42,11.53,,,,3.48,1.38,5.4,,,,2.79,0.83,4.64,,,,1.04,-1.1,3.02,,,,9.81,7.16,12.11,,,,,,,,,,
2022-11-19,42.54,39.84,45.01,,,,29.03,26.35,31.21,,,,9.48,7.39,11.52,,,,3.48,1.37,5.42,,,,2.8,0.83,4.6,,,,1.04,-1.12,3.0,,,,9.87,7.18,12.14,,,,,,,,,,
2022-11-20,42.49,39.79,44.94,,,,29.01,26.33,31.21,,,,9.47,7.36,11.53,,,,3.48,1.35,5.43,,,,2.8,0.82,4.61,,,,1.03,-1.09,2.97,,,,9.93,7.22,12.23,,,,,,,,,,
2022-11-21,42.46,39.76,44.92,,,,29.0,26.29,31.22,,,,9.46,7.31,11.5,,,,3.48,1.33,5.44,,,,2.8,0.8,4.63,,,,1.03,-1.1,2.94,,,,9.99,7.32,12.3,,,,,,,,,,
2022-11-22,42.42,39.76,44.86,,,,28.98,26.25,31.22,,,,9.46,7.3,11.45,,,,3.49,1.32,5.44,,,,2.8,0.79,4.66,,,,1.03,-1.12,2.92,,,,10.05,7.38,12.41,,,,,,,,,,
2022-11-23,42.39,39.74,44.83,,,,28.96,26.31,31.23,,,,9.45,7.29,11.39,,,,3.49,1.3,5.41,,,,2.8,0.8,4.68,,,,1.03,-1.13,2.92,,,,10.11,7.46,12.47,,,,47.0,28.0,8.0,3.0,2.0,,9.0
2022-11-24,42.35,39.68,44.82,,,,28.94,26.38,31.23,,,,9.44,7.33,11.33,,,,3.49,1.28,5.42,,,,2.8,0.8,4.69,,,,1.03,-1.12,2.92,,,,10.17,7.53,12.53,,,,,,,,,,
2022-11-25,42.33,39.57,44.83,,,,28.92,26.39,31.18,,,,9.43,7.38,11.27,,,,3.49,1.3,5.41,,,,2.81,0.78,4.72,,,,1.02,-1.11,2.92,,,,10.22,7.61,12.58,,,,,,,,,,
2022-11-26,42.3,39.54,44.84,,,,28.89,26.39,31.1,,,,9.43,7.42,11.25,,,,3.49,1.32,5.42,,,,2.81,0.77,4.74,,,,1.02,-1.1,2.94,,,,10.28,7.68,12.62,,,,,,,,,,
2022-11-27,42.28,39.51,44.84,,,,28.87,26.39,31.13,,,,9.42,7.44,11.23,,,,3.5,1.34,5.42,,,,2.81,0.73,4.77,,,,1.02,-1.09,2.95,,,,10.33,7.75,12.68,,,,,,,,,,
2022-11-28,42.25,39.5,44.82,,,,28.84,26.39,31.13,,,,9.41,7.47,11.22,,,,3.5,1.36,5.41,,,,2.81,0.71,4.78,,,,1.02,-1.09,2.94,,,,10.39,7.78,12.7,,,,,,,,,,
2022-11-29,42.23,39.54,44.8,,,,28.82,26.39,31.06,,,,9.41,7.5,11.22,,,,3.5,1.39,5.4,,,,2.81,0.7,4.8,,,,1.02,-1.08,2.97,,,,10.44,7.82,12.73,,,,,,,,,,
2022-11-30,42.22,39.56,44.79,,,,28.79,26.38,31.0,,,,9.4,7.44,11.21,,,,3.5,1.36,5.39,,,,2.81,0.69,4.82,,,,1.02,-1.07,2.98,,,,10.49,7.85,12.78,,,,40.0,29.0,9.0,3.0,2.0,1.0,13.0
2022-12-01,42.2,39.59,44.77,,,,28.76,26.37,30.93,,,,9.4,7.37,11.21,,,,3.5,1.34,5.37,,,,2.81,0.69,4.82,,,,1.01,-1.06,3.0,,,,10.54,7.9,12.83,,,,,,,,,,
2022-12-02,42.19,39.57,44.75,,,,28.73,26.36,30.9,,,,9.39,7.3,11.2,,,,3.5,1.34,5.34,,,,2.81,0.68,4.79,,,,1.01,-1.03,3.01,,,,10.59,7.94,12.87,,,,,,,,,,
2022-12-03,42.17,39.55,44.73,,,,28.69,26.36,30.87,,,,9.38,7.3,11.18,,,,3.5,1.34,5.34,,,,2.82,0.68,4.81,,,,1.01,-1.0,3.02,,,,10.64,8.0,12.91,,,,,,,,,,
2022-12-04,42.16,39.55,44.71,,,,28.66,26.38,30.83,,,,9.38,7.32,11.16,,,,3.5,1.33,5.35,,,,2.82,0.67,4.84,,,,1.01,-0.99,3.04,,,,10.69,8.08,12.93,,,,,,,,,,
2022-12-05,42.15,39.56,44.72,,,,28.63,26.38,30.78,,,,9.37,7.33,11.14,,,,3.5,1.33,5.34,,,,2.82,0.67,4.85,,,,1.01,-0.98,3.06,,,,10.73,8.16,12.96,,,,,,,,,,
2022-12-06,42.14,39.58,44.67,,,,28.6,26.37,30.73,,,,9.37,7.36,11.11,,,,3.5,1.33,5.34,,,,2.82,0.67,4.8,,,,1.01,-0.97,3.08,,,,10.78,8.24,12.98,,,,,,,,,,
2022-12-07,42.14,39.59,44.66,,,,28.56,26.34,30.68,,,,9.36,7.38,11.09,,,,3.5,1.34,5.34,,,,2.82,0.67,4.76,,,,1.01,-0.95,3.1,,,,10.82,8.3,12.96,,,,37.0,30.0,11.0,5.0,3.0,1.0,13.0
2022-12-08,42.13,39.58,44.67,,,,28.53,26.33,30.62,,,,9.35,7.4,11.09,,,,3.5,1.34,5.33,,,,2.82,0.67,4.7,,,,1.0,-0.95,3.12,,,,10.86,8.31,12.95,,,,,,,,,,
2022-12-09,42.13,39.57,44.67,,,,28.5,26.27,30.57,,,,9.35,7.37,11.09,,,,3.51,1.35,5.32,,,,2.82,0.67,4.73,,,,1.0,-0.95,3.15,,,,10.91,8.34,12.97,,,,,,,,,,
2022-12-10,42.12,39.58,44.67,,,,28.46,26.2,30.5,,,,9.34,7.34,11.11,,,,3.51,1.36,5.31,,,,2.82,0.67,4.74,,,,1.0,-0.95,3.17,,,,10.95,8.35,13.0,,,,,,,,,,
2022-12-11,42.12,39.6,44.66,,,,28.43,26.13,30.45,,,,9.34,7.31,11.12,,,,3.51,1.37,5.3,,,,2.82,0.69,4.7,,,,1.0,-0.95,3.19,,,,10.99,8.38,13.08,,,,,,,,,,
2022-12-12,42.11,39.57,44.64,,,,28.4,26.06,30.46,,,,9.33,7.28,11.13,,,,3.51,1.36,5.31,,,,2.82,0.7,4.77,,,,1.0,-0.96,3.2,,,,11.02,8.42,13.13,,,,,,,,,,
2022-12-13,42.11,39.55,44.62,,,,28.37,26.02,30.48,,,,9.33,7.26,11.13,,,,3.51,1.39,5.31,,,,2.82,0.69,4.83,,,,1.0,-0.95,3.17,,,,11.06,8.43,13.15,,,,,,,,,,
2022-12-14,42.11,39.55,44.61,,,,28.34,25.99,30.49,,,,9.32,7.23,11.14,,,,3.51,1.4,5.31,,,,2.82,0.7,4.82,,,,1.0,-0.93,3.14,,,,11.09,8.43,13.18,,,,,,,,,,
2022-12-15,42.1,39.56,44.64,,,,28.32,25.96,30.48,,,,9.32,7.21,11.14,,,,3.51,1.42,5.31,,,,2.82,0.72,4.8,,,,1.0,-0.91,3.12,,,,11.13,8.45,13.27,,,,33.0,32.0,8.0,4.0,3.0,1.0,18.0
2022-12-16,42.1,39.56,44.65,,,,28.29,25.93,30.47,,,,9.31,7.19,11.15,,,,3.51,1.43,5.31,,,,2.82,0.73,4.79,,,,1.0,-0.91,3.08,,,,11.16,8.47,13.27,,,,,,,,,,
2022-12-17,42.09,39.57,44.63,,,,28.27,25.9,30.37,,,,9.31,7.19,11.15,,,,3.51,1.45,5.31,,,,2.82,0.75,4.77,,,,1.0,-0.92,3.12,,,,11.19,8.5,13.23,,,,,,,,,,
2022-12-18,42.09,39.58,44.62,,,,28.25,25.88,30.29,,,,9.3,7.18,11.15,,,,3.51,1.46,5.31,,,,2.82,0.76,4.75,,,,1.0,-0.92,3.15,,,,11.22,8.53,13.24,,,,,,,,,,
2022-12-19,42.08,39.59,44.61,,,,28.22,25.87,30.2,,,,9.3,7.16,11.15,,,,3.52,1.48,5.36,,,,2.81,0.78,4.72,,,,1.0,-0.93,3.19,,,,11.24,8.56,13.26,,,,,,,,,,
2022-12-20,42.08,39.6,44.59,,,,28.21,25.84,30.12,,,,9.29,7.17,11.15,,,,3.52,1.5,5.4,,,,2.81,0.77,4.71,,,,1.0,-0.95,3.22,,,,11.27,8.59,13.27,,,,,,,,,,
2022-12-21,42.07,39.61,44.61,,,,28.19,25.82,30.04,,,,9.29,7.2,11.14,,,,3.52,1.51,5.41,,,,2.81,0.76,4.69,,,,1.0,-0.98,3.2,,,,11.29,8.63,13.28,,,,40.0,28.0,10.0,4.0,3.0,1.0,13.0
2022-12-22,42.07,39.59,44.59,,,,28.17,25.8,29.96,,,,9.29,7.22,11.1,,,,3.52,1.5,5.36,,,,2.81,0.79,4.68,,,,1.0,-1.0,3.17,,,,11.31,8.69,13.3,,,,,,,,,,
2022-12-23,42.06,39.59,44.55,,,,28.16,25.77,29.89,,,,9.29,7.25,11.06,,,,3.52,1.49,5.3,,,,2.81,0.8,4.66,,,,1.0,-1.01,3.19,,,,11.33,8.75,13.31,,,,,,,,,,
2022-12-24,42.05,39.59,44.49,,,,28.15,25.76,29.91,,,,9.28,7.28,11.03,,,,3.52,1.47,5.28,,,,2.81,0.79,4.64,,,,1.0,-1.02,3.22,,,,11.35,8.8,13.34,,,,,,,,,,
2022-12-25,42.04,39.57,44.48,,,,28.14,25.75,29.95,,,,9.28,7.28,11.01,,,,3.52,1.46,5.29,,,,2.81,0.78,4.62,,,,1.0,-1.03,3.23,,,,11.36,8.85,13.4,,,,,,,,,,
2022-12-26,42.04,39.51,44.47,,,,28.13,25.81,30.0,,,,9.28,7.3,11.02,,,,3.52,1.44,5.28,,,,2.81,0.77,4.6,,,,1.0,-1.04,3.24,,,,11.38,8.91,13.44,,,,,,,,,,
2022-12-27,42.03,39.45,44.46,,,,28.12,25.85,30.04,,,,9.28,7.33,10.97,,,,3.52,1.45,5.3,,,,2.81,0.76,4.62,,,,1.0,-1.03,3.16,,,,11.39,8.96,13.48,,,,,,,,,,
2022-12-28,42.02,39.4,44.54,,,,28.12,25.91,30.07,,,,9.28,7.31,10.92,,,,3.52,1.42,5.33,,,,2.81,0.75,4.63,,,,1.0,-1.03,3.13,,,,11.41,9.02,13.52,,,,,,,,,,
2022-12-29,42.01,39.37,44.56,,,,28.11,25.8,30.03,,,,9.28,7.27,10.95,,,,3.52,1.48,5.34,,,,2.81,0.75,4.64,,,,1.0,-1.05,3.15,,,,11.42,9.07,13.55,,,,,,,,,,
2022-12-30,42.0,39.36,44.5,,,,28.11,25.78,29.99,,,,9.29,7.28,10.99,,,,3.52,1.48,5.35,,,,2.81,0.71,4.65,,,,1.0,-1.05,3.17,,,,11.42,9.12,13.57,,,,,,,,,,
2022-12-31,41.99,39.4,44.44,,,,28.11,25.72,29.97,,,,9.29,7.27,11.03,,,,3.52,1.48,5.35,,,,2.81,0.66,4.67,,,,1.0,-1.02,3.18,,,,11.43,9.12,13.62,,,,,,,,,,
2023-01-01,41.98,39.45,44.47,,,,28.11,25.69,29.97,,,,9.29,7.27,11.05,,,,3.52,1.48,5.34,,,,2.81,0.71,4.68,,,,1.0,-1.02,3.2,,,,11.44,9.05,13.67,,,,,,,,,,
2023-01-02,41.98,39.5,44.49,,,,28.11,25.7,29.98,,,,9.3,7.28,11.09,,,,3.52,1.49,5.34,,,,2.81,0.74,4.67,,,,1.0,-1.02,3.22,,,,11.44,9.09,13.66,,,,,,,,,,
2023-01-03,41.97,39.49,44.52,,,,28.11,25.71,29.99,,,,9.3,7.28,11.13,,,,3.52,1.5,5.34,,,,2.81,0.78,4.68,,,,1.0,-1.03,3.22,,,,11.45,9.14,13.63,,,,,,,,,,
2023-01-04,41.96,39.32,44.49,,,,28.11,25.72,30.01,,,,9.31,7.27,11.16,,,,3.52,1.51,5.35,,,,2.81,0.82,4.68,,,,1.0,-1.05,3.22,,,,11.45,9.18,13.64,,,,,,,,,,
2023-01-05,41.96,39.28,44.46,,,,28.11,25.73,30.02,,,,9.32,7.29,11.18,,,,3.52,1.53,5.35,,,,2.81,0.85,4.7,,,,1.0,-1.06,3.19,,,,11.45,9.2,13.59,,,,44.0,24.0,9.0,6.0,2.0,1.0,11.0
2023-01-06,41.95,39.29,44.45,,,,28.11,25.75,30.03,,,,9.32,7.31,11.18,,,,3.51,1.54,5.36,,,,2.81,0.89,4.73,,,,1.0,-1.07,3.19,,,,11.45,9.27,13.58,,,,,,,,,,
2023-01-07,41.95,39.3,44.42,,,,28.12,25.76,30.04,,,,9.33,7.32,11.2,,,,3.51,1.53,5.36,,,,2.81,0.9,4.75,,,,1.0,-1.07,3.2,,,,11.44,9.35,13.57,,,,,,,,,,
2023-01-08,41.94,39.32,44.39,,,,28.12,25.8,30.03,,,,9.34,7.34,11.24,,,,3.51,1.51,5.36,,,,2.81,0.88,4.76,,,,1.0,-1.05,3.21,,,,11.44,9.34,13.56,,,,,,,,,,
2023-01-09,41.94,39.33,44.47,,,,28.13,25.89,29.99,,,,9.35,7.35,11.24,,,,3.51,1.5,5.34,,,,2.8,0.85,4.77,,,,1.0,-1.07,3.22,,,,11.44,9.32,13.57,,,,,,,,,,
2023-01-10,41.94,39.35,44.52,,,,28.13,25.95,29.95,,,,9.36,7.37,11.26,,,,3.51,1.48,5.36,,,,2.8,0.82,4.79,,,,1.0,-1.08,3.25,,,,11.43,9.31,13.58,,,,,,,,,,
2023-01-11,41.94,39.37,44.52,,,,28.14,25.95,29.94,,,,9.37,7.39,11.26,,,,3.5,1.48,5.36,,,,2.8,0.8,4.8,,,,1.0,-1.11,3.3,,,,11.43,9.3,13.59,,,,43.0,24.0,9.0,3.0,5.0,1.0,13.0
2023-01-12,41.94,39.4,44.5,,,,28.15,25.96,29.99,,,,9.38,7.41,11.27,,,,3.5,1.47,5.35,,,,2.8,0.78,4.85,,,,1.0,-1.11,3.32,,,,11.42,9.29,13.6,,,,,,,,,,
2023-01-13,41.94,39.38,44.46,,,,28.15,25.96,30.01,,,,9.39,7.43,11.31,,,,3.5,1.48,5.35,,,,2.79,0.75,4.87,,,,1.0,-1.11,3.33,,,,11.41,9.28,13.58,,,,,,,,,,
2023-01-14,41.94,39.4,44.47,,,,28.16,25.96,30.05,,,,9.39,7.46,11.38,,,,3.5,1.47,5.34,,,,2.79,0.72,4.92,,,,1.0,-1.11,3.36,,,,11.4,9.27,13.5,,,,,,,,,,
2023-01-15,41.95,39.49,44.49,,,,28.17,25.96,30.08,,,,9.4,7.48,11.43,,,,3.49,1.49,5.37,,,,2.79,0.78,4.89,,,,1.0,-1.12,3.34,,,,11.39,9.26,13.43,,,,,,,,,,
2023-01-16,41.95,39.54,44.5,,,,28.18,25.95,30.11,,,,9.41,7.51,11.49,,,,3.49,1.54,5.41,,,,2.79,0.8,4.81,,,,1.0,-1.12,3.33,,,,11.38,9.26,13.46,,,,,,,,,,
2023-01-17,41.96,39.59,44.51,,,,28.18,25.98,30.12,,,,9.42,7.5,11.49,,,,3.49,1.58,5.42,,,,2.78,0.78,4.78,,,,1.0,-1.13,3.3,,,,11.37,9.24,13.45,,,,,,,,,,
2023-01-18,41.97,39.64,44.52,,,,28.19,26.01,30.13,,,,9.43,7.52,11.58,,,,3.48,1.64,5.42,,,,2.78,0.76,4.74,,,,1.0,-1.12,3.27,,,,11.35,9.23,13.45,,,,,,,,,,
2023-01-19,41.98,39.68,44.51,,,,28.2,26.03,30.12,,,,9.44,7.55,11.6,,,,3.48,1.68,5.51,,,,2.78,0.75,4.71,,,,1.0,-1.11,3.26,,,,11.34,9.22,13.46,,,,46.0,28.0,9.0,2.0,2.0,1.0,11.0
2023-01-20,42.0,39.72,44.5,,,,28.2,26.04,30.06,,,,9.45,7.56,11.53,,,,3.48,1.65,5.52,,,,2.78,0.77,4.7,,,,1.0,-1.11,3.26,,,,11.32,9.23,13.47,,,,,,,,,,
2023-01-21,42.01,39.75,44.49,,,,28.21,26.03,30.06,,,,9.46,7.56,11.47,,,,3.48,1.6,5.44,,,,2.77,0.8,4.7,,,,1.0,-1.11,3.26,,,,11.31,9.24,13.45,,,,,,,,,,
2023-01-22,42.03,39.81,44.49,,,,28.21,26.03,30.1,,,,9.47,7.57,11.46,,,,3.47,1.57,5.47,,,,2.77,0.82,4.69,,,,1.0,-1.1,3.27,,,,11.29,9.23,13.44,,,,,,,,,,
2023-01-23,42.05,39.88,44.5,,,,28.22,25.97,30.14,,,,9.48,7.59,11.46,,,,3.47,1.52,5.51,,,,2.77,0.85,4.7,,,,1.0,-1.1,3.31,,,,11.27,9.23,13.41,,,,,,,,,,
2023-01-24,42.07,39.93,44.53,,,,28.22,25.98,30.14,,,,9.49,7.62,11.47,,,,3.47,1.52,5.51,,,,2.77,0.89,4.73,,,,1.0,-1.1,3.32,,,,11.25,9.23,13.37,,,,,,,,,,
2023-01-25,42.09,39.97,44.56,,,,28.22,26.0,30.14,,,,9.5,7.64,11.47,,,,3.46,1.54,5.53,,,,2.76,0.91,4.73,,,,1.0,-1.1,3.31,,,,11.23,9.23,13.34,,,,45.0,29.0,9.0,3.0,2.0,,8.0
2023-01-26,42.12,40.01,44.57,,,,28.22,26.0,30.17,,,,9.51,7.66,11.47,,,,3.46,1.56,5.56,,,,2.76,0.95,4.72,,,,1.0,-1.09,3.32,,,,11.21,9.21,13.3,,,,,,,,,,
2023-01-27,42.14,40.04,44.61,,,,28.22,25.99,30.18,,,,9.52,7.68,11.47,,,,3.46,1.58,5.59,,,,2.76,0.99,4.71,,,,1.0,-1.09,3.3,,,,11.19,9.17,13.28,,,,,,,,,,
2023-01-28,42.17,40.07,44.62,,,,28.22,25.98,30.2,,,,9.52,7.69,11.46,,,,3.46,1.6,5.62,,,,2.76,1.0,4.7,,,,1.0,-1.09,3.29,,,,11.16,9.16,13.26,,,,,,,,,,
2023-01-29,42.21,40.1,44.63,,,,28.22,25.99,30.21,,,,9.53,7.69,11.44,,,,3.45,1.62,5.64,,,,2.75,0.99,4.69,,,,1.0,-1.09,3.29,,,,11.14,9.16,13.24,,,,,,,,,,
2023-01-30,42.24,40.13,44.66,,,,28.22,26.02,30.22,,,,9.54,7.67,11.43,,,,3.45,1.65,5.67,,,,2.75,0.98,4.69,,,,1.0,-1.09,3.29,,,,11.11,9.11,13.23,,,,,,,,,,
2023-01-31,42.28,40.17,44.67,,,,28.21,26.05,30.22,,,,9.55,7.63,11.49,,,,3.45,1.68,5.69,,,,2.75,0.98,4.7,,,,1.0,-1.1,3.28,,,,11.08,9.14,13.19,,,,,,,,,,
2023-02-01,42.31,40.2,44.7,,,,28.21,26.08,30.26,,,,9.56,7.6,11.47,,,,3.45,1.71,5.69,,,,2.75,0.97,4.72,,,,1.0,-1.11,3.28,,,,11.06,9.15,13.16,,,,43.0,28.0,8.0,3.0,4.0,1.0,12.0
2023-02-02,42.35,40.24,44.72,,,,28.2,26.1,30.28,,,,9.56,7.62,11.5,,,,3.44,1.73,5.68,,,,2.74,0.96,4.72,,,,1.0,-1.11,3.32,,,,11.03,9.15,13.13,,,,,,,,,,
2023-02-03,42.4,40.29,44.74,,,,28.19,26.1,30.29,,,,9.57,7.65,11.54,,,,3.44,1.76,5.66,,,,2.74,0.95,4.73,,,,1.0,-1.12,3.34,,,,11.0,9.14,13.1,,,,,,,,,,
2023-02-04,42.44,40.33,44.75,,,,28.18,26.1,30.31,,,,9.58,7.68,11.57,,,,3.44,1.79,5.65,,,,2.74,0.98,4.75,,,,1.0,-1.13,3.32,,,,10.97,9.1,13.1,,,,,,,,,,
2023-02-05,42.48,40.37,44.8,,,,28.17,26.1,30.3,,,,9.59,7.7,11.6,,,,3.44,1.81,5.64,,,,2.74,0.99,4.76,,,,1.0,-1.14,3.31,,,,10.94,9.06,13.03,,,,,,,,,,
2023-02-06,42.53,40.42,44.85,,,,28.16,26.06,30.28,,,,9.59,7.73,11.61,,,,3.44,1.8,5.62,,,,2.73,0.99,4.77,,,,1.0,-1.15,3.29,,,,10.91,9.02,13.0,,,,,,,,,,
2023-02-07,42.58,40.49,44.9,,,,28.15,26.02,30.23,,,,9.6,7.76,11.6,,,,3.44,1.82,5.61,,,,2.73,0.98,4.78,,,,1.0,-1.21,3.28,,,,10.87,8.98,12.96,,,,,,,,,,
2023-02-08,42.63,40.57,44.93,,,,28.14,26.03,30.22,,,,9.61,7.79,11.62,,,,3.44,1.82,5.6,,,,2.73,0.97,4.8,,,,1.0,-1.24,3.29,,,,10.84,8.95,12.92,,,,,,,,,,
2023-02-09,42.68,40.64,44.96,,,,28.12,26.02,30.2,,,,9.61,7.78,11.64,,,,3.44,1.83,5.57,,,,2.72,0.96,4.81,,,,1.0,-1.24,3.3,,,,10.81,8.91,12.89,,,,42.0,30.0,10.0,3.0,2.0,1.0,9.0
2023-02-10,42.73,40.71,44.98,,,,28.11,25.96,30.19,,,,9.62,7.78,11.66,,,,3.44,1.84,5.53,,,,2.72,0.96,4.82,,,,1.0,-1.27,3.31,,,,10.78,8.88,12.82,,,,,,,,,,
2023-02-11,42.78,40.78,45.04,,,,28.09,25.92,30.16,,,,9.63,7.79,11.69,,,,3.44,1.85,5.5,,,,2.71,0.95,4.8,,,,1.0,-1.3,3.31,,,,10.75,8.84,12.76,,,,,,,,,,
2023-02-12,42.83,40.81,45.11,,,,28.07,25.92,30.13,,,,9.63,7.78,11.72,,,,3.44,1.86,5.48,,,,2.71,0.94,4.77,,,,1.0,-1.33,3.31,,,,10.72,8.86,12.74,,,,,,,,,,
2023-02-13,42.88,40.89,45.17,,,,28.05,25.87,30.13,,,,9.64,7.79,11.75,,,,3.44,1.84,5.51,,,,2.71,0.91,4.74,,,,1.0,-1.34,3.3,,,,10.68,8.87,12.73,,,,,,,,,,
2023-02-14,42.93,40.9,45.17,,,,28.03,25.83,30.1,,,,9.64,7.79,11.73,,,,3.44,1.82,5.55,,,,2.7,0.88,4.71,,,,1.0,-1.29,3.32,,,,10.65,8.82,12.7,,,,,,,,,,
2023-02-15,42.98,40.92,45.18,,,,28.01,25.79,30.07,,,,9.65,7.8,11.74,,,,3.45,1.8,5.57,,,,2.7,0.86,4.71,,,,1.0,-1.25,3.3,,,,10.62,8.78,12.66,,,,40.0,30.0,10.0,2.0,4.0,1.0,12.0
2023-02-16,43.03,40.95,45.19,,,,27.99,25.74,30.02,,,,9.66,7.77,11.76,,,,3.45,1.8,5.57,,,,2.69,0.84,4.71,,,,1.0,-1.26,3.32,,,,10.59,8.72,12.63,,,,,,,,,,
2023-02-17,43.08,41.01,45.27,,,,27.97,25.73,30.01,,,,9.67,7.74,11.77,,,,3.45,1.8,5.54,,,,2.69,0.81,4.68,,,,1.0,-1.29,3.35,,,,10.56,8.68,12.59,,,,,,,,,,
2023-02-18,43.13,41.06,45.29,,,,27.95,25.72,29.97,,,,9.67,7.73,11.79,,,,3.45,1.77,5.47,,,,2.68,0.78,4.64,,,,1.0,-1.32,3.34,,,,10.53,8.64,12.54,,,,,,,,,,
2023-02-19,43.18,41.12,45.37,,,,27.93,25.68,29.94,,,,9.68,7.74,11.8,,,,3.46,1.73,5.41,,,,2.68,0.76,4.61,,,,1.0,-1.33,3.37,,,,10.51,8.62,12.53,,,,,,,,,,
2023-02-20,43.22,41.18,45.41,,,,27.9,25.65,29.91,,,,9.69,7.76,11.79,,,,3.46,1.68,5.41,,,,2.67,0.73,4.59,,,,1.0,-1.31,3.32,,,,10.48,8.58,12.51,,,,,,,,,,
2023-02-21,43.26,41.23,45.43,,,,27.88,25.66,29.86,,,,9.7,7.75,11.8,,,,3.46,1.64,5.41,,,,2.66,0.71,4.55,,,,1.0,-1.3,3.3,,,,10.45,8.53,12.48,,,,,,,,,,
2023-02-22,43.31,41.27,45.52,,,,27.86,25.64,29.84,,,,9.71,7.74,11.81,,,,3.47,1.6,5.42,,,,2.66,0.69,4.52,,,,1.0,-1.28,3.28,,,,10.43,8.49,12.43,,,,43.0,25.0,8.0,5.0,2.0,1.0,14.0
2023-02-23,43.35,41.29,45.56,,,,27.83,25.57,29.82,,,,9.72,7.75,11.78,,,,3.47,1.59,5.42,,,,2.65,0.67,4.49,,,,1.0,-1.26,3.28,,,,10.4,8.44,12.38,,,,,,,,,,
2023-02-24,43.38,41.3,45.6,,,,27.81,25.52,29.8,,,,9.73,7.74,11.76,,,,3.48,1.64,5.43,,,,2.64,0.65,4.45,,,,1.0,-1.23,3.31,,,,10.38,8.4,12.4,,,,,,,,,,
2023-02-25,43.42,41.31,45.64,,,,27.79,25.5,29.78,,,,9.74,7.78,11.75,,,,3.48,1.65,5.44,,,,2.64,0.63,4.42,,,,1.0,-1.22,3.32,,,,10.36,8.37,12.41,,,,,,,,,,
2023-02-26,43.45,41.33,45.67,,,,27.76,25.49,29.76,,,,9.75,7.79,11.74,,,,3.49,1.63,5.46,,,,2.63,0.61,4.38,,,,1.0,-1.23,3.35,,,,10.34,8.34,12.37,,,,,,,,,,
2023-02-27,43.49,41.35,45.7,,,,27.74,25.47,29.75,,,,9.76,7.78,11.76,,,,3.5,1.62,5.44,,,,2.63,0.59,4.36,,,,1.0,-1.25,3.33,,,,10.31,8.31,12.33,,,,,,,,,,
2023-02-28,43.52,41.36,45.71,,,,27.72,25.45,29.73,,,,9.78,7.77,11.79,,,,3.5,1.64,5.44,,,,2.62,0.58,4.35,,,,1.0,-1.29,3.29,,,,10.29,8.28,12.3,,,,,,,,,,
2023-03-01,43.54,41.38,45.72,,,,27.69,25.4,29.74,,,,9.79,7.78,11.82,,,,3.51,1.66,5.42,,,,2.61,0.56,4.34,,,,1.0,-1.32,3.25,,,,10.28,8.26,12.3,,,,39.0,31.0,12.0,3.0,2.0,,9.0
2023-03-02,43.57,41.39,45.74,,,,27.67,25.34,29.75,,,,9.8,7.81,11.86,,,,3.52,1.67,5.4,,,,2.6,0.55,4.34,,,,1.0,-1.36,3.25,,,,10.26,8.26,12.3,,,,,,,,,,
2023-03-03,43.59,41.4,45.76,,,,27.65,25.32,29.75,,,,9.82,7.84,11.89,,,,3.53,1.69,5.41,,,,2.6,0.52,4.36,,,,1.0,-1.36,3.27,,,,10.24,8.24,12.3,,,,,,,,,,
2023-03-04,43.62,41.41,45.82,,,,27.62,25.3,29.75,,,,9.83,7.86,11.9,,,,3.54,1.71,5.42,,,,2.59,0.53,4.38,,,,1.0,-1.38,3.29,,,,10.22,8.22,12.3,,,,,,,,,,
2023-03-05,43.64,41.43,45.88,,,,27.6,25.29,29.75,,,,9.85,7.86,11.93,,,,3.54,1.71,5.43,,,,2.58,0.52,4.4,,,,1.0,-1.39,3.26,,,,10.21,8.17,12.3,,,,,,,,,,
2023-03-06,43.66,41.43,45.95,,,,27.58,25.26,29.75,,,,9.87,7.87,11.96,,,,3.55,1.69,5.44,,,,2.58,0.51,4.4,,,,1.0,-1.38,3.24,,,,10.19,8.08,12.3,,,,,,,,,,
2023-03-07,43.67,41.44,45.99,,,,27.55,25.19,29.71,,,,9.88,7.87,11.99,,,,3.56,1.64,5.45,,,,2.57,0.48,4.42,,,,1.0,-1.37,3.25,,,,10.18,8.05,12.3,,,,,,,,,,
2023-03-08,43.69,41.41,46.01,,,,27.53,25.13,29.69,,,,9.9,7.86,12.01,,,,3.57,1.59,5.46,,,,2.56,0.48,4.43,,,,1.0,-1.35,3.26,,,,10.17,8.03,12.3,,,,39.0,32.0,13.0,2.0,3.0,1.0,8.0
2023-03-09,43.71,41.4,46.02,,,,27.51,25.07,29.69,,,,9.92,7.86,12.03,,,,3.58,1.55,5.45,,,,2.55,0.48,4.41,,,,1.0,-1.35,3.27,,,,10.16,8.02,12.3,,,,,,,,,,
2023-03-10,43.72,41.39,46.04,,,,27.48,25.01,29.65,,,,9.94,7.85,12.05,,,,3.59,1.5,5.46,,,,2.55,0.47,4.38,,,,1.0,-1.36,3.28,,,,10.14,8.01,12.3,,,,,,,,,,
2023-03-11,43.74,41.4,46.06,,,,27.46,24.97,29.61,,,,9.95,7.85,12.06,,,,3.59,1.47,5.48,,,,2.54,0.47,4.34,,,,1.0,-1.36,3.28,,,,10.13,8.0,12.27,,,,,,,,,,
2023-03-12,43.75,41.39,46.07,,,,27.43,24.96,29.56,,,,9.97,7.86,12.07,,,,3.6,1.52,5.51,,,,2.53,0.46,4.31,,,,1.0,-1.37,3.26,,,,10.12,7.98,12.24,,,,,,,,,,
2023-03-13,43.76,41.39,46.09,,,,27.41,24.92,29.52,,,,9.99,7.88,12.09,,,,3.61,1.56,5.53,,,,2.52,0.46,4.28,,,,1.0,-1.35,3.25,,,,10.11,7.95,12.2,,,,,,,,,,
2023-03-14,43.77,41.39,46.09,,,,27.39,24.86,29.54,,,,10.01,7.91,12.12,,,,3.62,1.59,5.54,,,,2.52,0.43,4.26,,,,1.0,-1.34,3.23,,,,10.11,7.93,12.18,,,,,,,,,,
2023-03-15,43.78,41.41,46.11,,,,27.36,24.81,29.56,,,,10.03,7.93,12.13,,,,3.63,1.61,5.55,,,,2.51,0.38,4.27,,,,1.0,-1.33,3.23,,,,10.1,7.91,12.15,,,,,,,,,,
2023-03-16,43.79,41.43,46.12,,,,27.34,24.75,29.58,,,,10.05,7.96,12.14,,,,3.64,1.6,5.55,,,,2.5,0.32,4.29,,,,1.0,-1.32,3.22,,,,10.09,7.91,12.13,,,,50.0,27.0,8.0,4.0,2.0,,8.0
2023-03-17,43.81,41.46,46.15,,,,27.31,24.69,29.6,,,,10.07,7.97,12.16,,,,3.64,1.6,5.56,,,,2.49,0.28,4.3,,,,1.0,-1.32,3.21,,,,10.08,7.91,12.11,,,,,,,,,,
2023-03-18,43.82,41.49,46.18,,,,27.29,24.67,29.61,,,,10.09,7.98,12.2,,,,3.65,1.6,5.56,,,,2.49,0.27,4.31,,,,1.0,-1.3,3.22,,,,10.08,7.91,12.1,,,,,,,,,,
2023-03-19,43.83,41.51,46.2,,,,27.26,24.65,29.63,,,,10.11,8.01,12.28,,,,3.66,1.58,5.57,,,,2.48,0.27,4.32,,,,1.0,-1.29,3.23,,,,10.07,7.9,12.11,,,,,,,,,,
2023-03-20,43.84,41.54,46.23,,,,27.23,24.62,29.6,,,,10.13,7.97,12.35,,,,3.67,1.57,5.57,,,,2.47,0.26,4.33,,,,1.0,-1.27,3.24,,,,10.06,7.89,12.12,,,,,,,,,,
2023-03-21,43.85,41.54,46.27,,,,27.21,24.6,29.57,,,,10.15,7.97,12.38,,,,3.68,1.55,5.57,,,,2.46,0.22,4.33,,,,1.0,-1.26,3.25,,,,10.06,7.88,12.14,,,,,,,,,,
2023-03-22,43.86,41.52,46.32,,,,27.18,24.54,29.53,,,,10.17,7.97,12.4,,,,3.69,1.54,5.56,,,,2.46,0.19,4.33,,,,1.0,-1.3,3.26,,,,10.05,7.87,12.16,,,,44.0,27.0,11.0,4.0,3.0,1.0,10.0
2023-03-23,43.87,41.53,46.38,,,,27.15,24.48,29.5,,,,10.19,7.97,12.41,,,,3.69,1.53,5.57,,,,2.45,0.18,4.34,,,,1.0,-1.31,3.26,,,,10.05,7.87,12.16,,,,,,,,,,
2023-03-24,43.89,41.55,46.42,,,,27.13,24.48,29.49,,,,10.2,7.98,12.43,,,,3.7,1.51,5.63,,,,2.44,0.2,4.37,,,,1.0,-1.29,3.26,,,,10.05,7.88,12.19,,,,,,,,,,
2023-03-25,43.9,41.54,46.49,,,,27.1,24.46,29.49,,,,10.22,8.0,12.44,,,,3.71,1.52,5.69,,,,2.44,0.22,4.35,,,,1.0,-1.27,3.26,,,,10.04,7.89,12.21,,,,,,,,,,
2023-03-26,43.91,41.52,46.54,,,,27.07,24.46,29.49,,,,10.24,8.02,12.43,,,,3.72,1.54,5.75,,,,2.43,0.17,4.35,,,,1.0,-1.25,3.25,,,,10.04,7.89,12.23,,,,,,,,,,
2023-03-27,43.92,41.51,46.53,,,,27.04,24.35,29.48,,,,10.26,8.05,12.43,,,,3.73,1.55,5.76,,,,2.42,0.17,4.34,,,,1.0,-1.24,3.25,,,,10.04,7.87,12.24,,,,,,,,,,
2023-03-28,43.94,41.5,46.56,,,,27.01,24.24,29.46,,,,10.28,8.07,12.49,,,,3.73,1.55,5.75,,,,2.42,0.17,4.36,,,,1.0,-1.22,3.24,,,,10.03,7.84,12.24,,,,,,,,,,
2023-03-29,43.95,41.51,46.6,,,,26.98,24.22,29.43,,,,10.3,8.09,12.52,,,,3.74,1.57,5.74,,,,2.41,0.16,4.38,,,,1.0,-1.21,3.23,,,,10.03,7.84,12.23,,,,,,,,,,
2023-03-30,43.96,41.5,46.62,,,,26.95,24.21,29.4,,,,10.31,8.11,12.54,,,,3.75,1.57,5.73,,,,2.4,0.14,4.34,,,,1.0,-1.21,3.22,,,,10.03,7.85,12.21,,,,42.0,31.0,10.0,3.0,2.0,1.0,11.0
2023-03-31,43.97,41.48,46.66,,,,26.92,24.2,29.37,,,,10.33,8.13,12.57,,,,3.76,1.57,5.73,,,,2.4,0.12,4.35,,,,1.0,-1.22,3.22,,,,10.04,7.85,12.2,,,,,,,,,,
2023-04-01,43.98,41.49,46.69,,,,26.89,24.21,29.34,,,,10.35,8.15,12.6,,,,3.77,1.57,5.72,,,,2.39,0.11,4.38,,,,1.0,-1.23,3.21,,,,10.04,7.85,12.18,,,,,,,,,,
2023-04-02,43.99,41.5,46.69,,,,26.86,24.21,29.31,,,,10.36,8.15,12.63,,,,3.77,1.57,5.73,,,,2.39,0.09,4.42,,,,1.0,-1.24,3.2,,,,10.04,7.82,12.17,,,,,,,,,,
2023-04-03,44.0,41.51,46.68,,,,26.83,24.19,29.27,,,,10.38,8.14,12.65,,,,3.78,1.56,5.77,,,,2.38,0.07,4.46,,,,1.0,-1.26,3.19,,,,10.04,7.81,12.15,,,,,,,,,,
2023-04-04,44.02,41.53,46.67,,,,26.79,24.12,29.22,,,,10.4,8.16,12.68,,,,3.79,1.56,5.77,,,,2.38,0.06,4.49,,,,1.0,-1.28,3.2,,,,10.05,7.82,12.12,,,,,,,,,,
2023-04-05,44.03,41.55,46.67,,,,26.76,24.05,29.19,,,,10.41,8.18,12.7,,,,3.79,1.56,5.83,,,,2.37,0.05,4.53,,,,1.0,-1.29,3.2,,,,10.05,7.91,12.13,,,,,,,,,,
2023-04-06,44.04,41.57,46.72,,,,26.73,24.0,29.17,,,,10.43,8.23,12.73,,,,3.8,1.56,5.87,,,,2.37,0.03,4.51,,,,1.0,-1.3,3.2,,,,10.06,7.86,12.11,,,,47.0,24.0,8.0,6.0,3.0,1.0,9.0
2023-04-07,44.05,41.59,46.76,,,,26.7,23.93,29.12,,,,10.44,8.26,12.76,,,,3.81,1.56,5.88,,,,2.36,0.02,4.47,,,,1.0,-1.3,3.2,,,,10.06,7.88,12.1,,,,,,,,,,
2023-04-08,44.06,41.62,46.76,,,,26.67,23.98,29.06,,,,10.46,8.27,12.8,,,,3.81,1.58,5.88,,,,2.36,0.01,4.47,,,,1.0,-1.3,3.2,,,,10.07,7.88,12.13,,,,,,,,,,
2023-04-09,44.07,41.63,46.77,,,,26.64,23.93,29.01,,,,10.47,8.28,12.77,,,,3.82,1.6,5.88,,,,2.35,-0.0,4.42,,,,1.0,-1.29,3.19,,,,10.08,7.92,12.11,,,,,,,,,,
2023-04-10,44.07,41.64,46.77,,,,26.61,23.86,28.95,,,,10.48,8.35,12.73,,,,3.83,1.59,5.89,,,,2.35,-0.02,4.41,,,,1.0,-1.29,3.19,,,,10.09,7.95,12.11,,,,,,,,,,
2023-04-11,44.08,41.65,46.77,,,,26.58,23.83,28.9,,,,10.49,8.35,12.73,,,,3.83,1.56,5.89,,,,2.34,-0.02,4.43,,,,1.0,-1.34,3.2,,,,10.09,7.96,12.12,,,,,,,,,,
2023-04-12,44.09,41.65,46.77,,,,26.55,23.82,28.86,,,,10.51,8.35,12.73,,,,3.84,1.59,5.89,,,,2.34,-0.02,4.41,,,,1.0,-1.4,3.19,,,,10.1,7.99,12.13,,,,,,,,,,
2023-04-13,44.1,41.64,46.77,,,,26.52,23.81,28.83,,,,10.52,8.35,12.77,,,,3.84,1.59,5.89,,,,2.34,-0.0,4.38,,,,1.0,-1.45,3.18,,,,10.11,8.0,12.15,,,,43.0,30.0,11.0,2.0,2.0,,10.0
2023-04-14,44.11,41.64,46.77,,,,26.5,23.8,28.81,,,,10.53,8.37,12.79,,,,3.85,1.59,5.92,,,,2.33,-0.0,4.38,,,,1.0,-1.45,3.18,,,,10.12,8.01,12.16,,,,,,,,,,
2023-04-15,44.12,41.64,46.79,,,,26.47,23.8,28.78,,,,10.54,8.38,12.83,,,,3.85,1.6,5.95,,,,2.33,-0.0,4.4,,,,1.0,-1.38,3.17,,,,10.13,8.02,12.17,,,,,,,,,,
2023-04-16,44.12,41.64,46.81,,,,26.44,23.79,28.7,,,,10.55,8.4,12.86,,,,3.86,1.6,5.97,,,,2.32,0.01,4.43,,,,1.0,-1.38,3.16,,,,10.14,8.03,12.19,,,,,,,,,,
2023-04-17,44.13,41.64,46.79,,,,26.41,23.8,28.68,,,,10.56,8.41,12.88,,,,3.87,1.61,5.99,,,,2.32,0.01,4.45,,,,1.0,-1.41,3.18,,,,10.16,8.04,12.17,,,,,,,,,,
2023-04-18,44.14,41.62,46.81,,,,26.39,23.76,28.68,,,,10.57,8.43,12.9,,,,3.87,1.64,5.94,,,,2.31,0.02,4.48,,,,1.0,-1.44,3.18,,,,10.17,8.05,12.19,,,,,,,,,,
2023-04-19,44.14,41.59,46.83,,,,26.36,23.77,28.68,,,,10.58,8.45,12.89,,,,3.88,1.67,5.97,,,,2.31,0.02,4.47,,,,1.0,-1.47,3.19,,,,10.18,8.07,12.2,,,,49.0,22.0,9.0,5.0,3.0,1.0,10.0
2023-04-20,44.15,41.59,46.85,,,,26.34,23.79,28.68,,,,10.58,8.47,12.9,,,,3.88,1.71,6.0,,,,2.31,0.03,4.44,,,,1.0,-1.49,3.16,,,,10.2,8.09,12.2,,,,,,,,,,
2023-04-21,44.15,41.59,46.82,,,,26.31,23.79,28.64,,,,10.59,8.47,12.9,,,,3.89,1.75,6.03,,,,2.3,0.01,4.42,,,,1.0,-1.48,3.1,,,,10.21,8.08,12.21,,,,,,,,,,
2023-04-22,44.15,41.58,46.83,,,,26.28,23.79,28.6,,,,10.6,8.46,12.9,,,,3.89,1.77,6.03,,,,2.3,0.01,4.39,,,,1.0,-1.44,3.06,,,,10.23,8.07,12.22,,,,,,,,,,
2023-04-23,44.15,41.55,46.83,,,,26.26,23.8,28.58,,,,10.61,8.45,12.9,,,,3.9,1.78,5.98,,,,2.3,0.01,4.4,,,,1.0,-1.45,3.1,,,,10.24,8.07,12.24,,,,,,,,,,
2023-04-24,44.16,41.52,46.84,,,,26.23,23.8,28.6,,,,10.61,8.47,12.9,,,,3.91,1.8,5.96,,,,2.29,0.03,4.41,,,,1.0,-1.51,3.13,,,,10.26,8.08,12.25,,,,,,,,,,
2023-04-25,44.16,41.53,46.84,,,,26.21,23.76,28.55,,,,10.62,8.49,12.89,,,,3.91,1.8,5.98,,,,2.29,0.05,4.42,,,,1.0,-1.49,3.18,,,,10.28,8.09,12.3,,,,,,,,,,
2023-04-26,44.16,41.54,46.84,,,,26.19,23.8,28.5,,,,10.63,8.51,12.88,,,,3.92,1.79,6.02,,,,2.29,0.07,4.43,,,,1.0,-1.47,3.22,,,,10.3,8.1,12.37,,,,,,,,,,
2023-04-27,44.15,41.54,46.82,,,,26.16,23.82,28.47,,,,10.63,8.53,12.87,,,,3.92,1.81,6.05,,,,2.29,0.09,4.44,,,,1.0,-1.44,3.21,,,,10.31,8.11,12.41,,,,51.0,22.0,10.0,5.0,1.0,,9.0
2023-04-28,44.15,41.49,46.85,,,,26.14,23.82,28.45,,,,10.64,8.54,12.86,,,,3.93,1.84,6.09,,,,2.28,0.1,4.45,,,,1.0,-1.45,3.26,,,,10.33,8.1,12.43,,,,,,,,,,
2023-04-29,44.15,41.45,46.84,,,,26.11,23.73,28.43,,,,10.64,8.56,12.85,,,,3.94,1.87,6.14,,,,2.28,0.11,4.47,,,,1.0,-1.47,3.27,,,,10.36,8.11,12.46,,,,,,,,,,
2023-04-30,44.14,41.42,46.84,,,,26.09,23.63,28.41,,,,10.65,8.57,12.86,,,,3.94,1.87,6.18,,,,2.28,0.08,4.5,,,,1.0,-1.49,3.19,,,,10.38,8.16,12.48,,,,,,,,,,
2023-05-01,44.13,41.45,46.83,,,,26.07,23.59,28.39,,,,10.66,8.58,12.89,,,,3.95,1.88,6.22,,,,2.28,0.02,4.49,,,,1.0,-1.51,3.14,,,,10.4,8.19,12.5,,,,,,,,,,
2023-05-02,44.12,41.47,46.82,,,,26.04,23.57,28.39,,,,10.66,8.53,12.9,,,,3.96,1.91,6.2,,,,2.28,0.05,4.49,,,,1.0,-1.56,3.12,,,,10.42,8.24,12.53,,,,,,,,,,
2023-05-03,44.11,41.5,46.81,,,,26.02,23.56,28.39,,,,10.67,8.49,12.93,,,,3.96,1.93,6.19,,,,2.27,0.02,4.48,,,,1.0,-1.62,3.12,,,,10.45,8.27,12.58,,,,,,,,,,
2023-05-04,44.1,41.53,46.79,,,,26.0,23.58,28.38,,,,10.68,8.51,12.94,,,,3.97,1.96,6.22,,,,2.27,-0.02,4.49,,,,1.0,-1.66,3.11,,,,10.47,8.24,12.6,,,,44.0,21.0,12.0,5.0,3.0,1.0,10.0
2023-05-05,44.09,41.56,46.78,,,,25.97,23.61,28.38,,,,10.68,8.5,12.92,,,,3.97,1.98,6.24,,,,2.27,-0.02,4.5,,,,1.0,-1.69,3.1,,,,10.49,8.22,12.65,,,,,,,,,,
2023-05-06,44.08,41.58,46.77,,,,25.95,23.63,28.37,,,,10.69,8.51,12.91,,,,3.98,2.0,6.22,,,,2.27,-0.02,4.54,,,,1.0,-1.66,3.1,,,,10.52,8.27,12.67,,,,,,,,,,
2023-05-07,44.06,41.55,46.77,,,,25.93,23.66,28.34,,,,10.7,8.51,12.88,,,,3.99,2.01,6.2,,,,2.27,-0.03,4.57,,,,1.0,-1.65,3.1,,,,10.54,8.34,12.7,,,,,,,,,,
2023-05-08,44.05,41.51,46.76,,,,25.91,23.7,28.31,,,,10.71,8.53,12.86,,,,3.99,1.97,6.18,,,,2.27,-0.02,4.6,,,,1.0,-1.63,3.11,,,,10.57,8.38,12.72,,,,,,,,,,
2023-05-09,44.03,41.51,46.73,,,,25.88,23.74,28.27,,,,10.72,8.6,12.84,,,,4.0,2.01,6.17,,,,2.27,-0.03,4.62,,,,1.0,-1.61,3.11,,,,10.6,8.45,12.76,,,,,,,,,,
2023-05-10,44.01,41.48,46.7,,,,25.86,23.77,28.23,,,,10.73,8.66,12.83,,,,4.0,2.05,6.14,,,,2.26,-0.02,4.62,,,,1.0,-1.61,3.11,,,,10.62,8.51,12.79,,,,38.0,26.0,13.0,5.0,1.0,1.0,12.0
2023-05-11,43.99,41.45,46.67,,,,25.84,23.77,28.2,,,,10.74,8.72,12.81,,,,4.01,2.11,6.15,,,,2.26,0.03,4.62,,,,1.0,-1.62,3.1,,,,10.65,8.58,12.83,,,,,,,,,,
2023-05-12,43.97,41.4,46.64,,,,25.82,23.76,28.16,,,,10.75,8.74,12.82,,,,4.01,2.11,6.18,,,,2.26,0.08,4.61,,,,1.0,-1.63,3.09,,,,10.68,8.63,12.86,,,,,,,,,,
2023-05-13,43.95,41.36,46.6,,,,25.8,23.73,28.13,,,,10.76,8.75,12.87,,,,4.02,2.1,6.21,,,,2.26,0.13,4.6,,,,1.0,-1.63,3.1,,,,10.71,8.65,12.88,,,,,,,,,,
2023-05-14,43.93,41.35,46.58,,,,25.78,23.69,28.09,,,,10.77,8.75,12.92,,,,4.02,2.08,6.19,,,,2.26,0.18,4.57,,,,1.0,-1.65,3.11,,,,10.74,8.67,12.91,,,,,,,,,,
2023-05-15,43.91,41.32,46.55,,,,25.76,23.65,28.06,,,,10.78,8.76,12.96,,,,4.03,2.06,6.17,,,,2.25,0.15,4.54,,,,1.0,-1.7,3.11,,,,10.76,8.69,12.94,,,,,,,,,,
2023-05-16,43.88,41.28,46.58,,,,25.74,23.62,28.02,,,,10.79,8.77,13.0,,,,4.03,2.05,6.15,,,,2.25,0.12,4.5,,,,1.0,-1.76,3.12,,,,10.79,8.7,12.96,,,,,,,,,,
2023-05-17,43.86,41.24,46.52,,,,25.73,23.59,27.99,,,,10.8,8.78,13.04,,,,4.04,2.12,6.12,,,,2.25,0.18,4.47,,,,1.0,-1.77,3.12,,,,10.82,8.72,12.98,,,,,,,,,,
2023-05-18,43.84,41.2,46.48,,,,25.71,23.57,27.96,,,,10.81,8.78,13.09,,,,4.04,2.11,6.12,,,,2.25,0.24,4.46,,,,1.0,-1.77,3.11,,,,10.85,8.74,13.01,,,,42.0,28.0,12.0,4.0,3.0,1.0,8.0
2023-05-19,43.81,41.17,46.49,,,,25.69,23.54,27.95,,,,10.82,8.77,13.13,,,,4.04,2.11,6.13,,,,2.25,0.31,4.45,,,,1.0,-1.77,3.11,,,,10.87,8.76,13.03,,,,,,,,,,
2023-05-20,43.78,41.17,46.53,,,,25.68,23.57,27.93,,,,10.84,8.76,13.17,,,,4.05,2.11,6.13,,,,2.24,0.29,4.44,,,,1.0,-1.76,3.12,,,,10.9,8.78,13.05,,,,,,,,,,
2023-05-21,43.76,41.19,46.52,,,,25.66,23.6,27.92,,,,10.85,8.76,13.2,,,,4.05,2.11,6.13,,,,2.24,0.29,4.43,,,,1.0,-1.76,3.11,,,,10.93,8.79,13.09,,,,,,,,,,
2023-05-22,43.73,41.2,46.5,,,,25.65,23.59,27.91,,,,10.86,8.79,13.24,,,,4.06,2.11,6.16,,,,2.24,0.28,4.42,,,,1.0,-1.75,3.14,,,,10.96,8.8,13.22,,,,,,,,,,
2023-05-23,43.7,41.21,46.47,,,,25.63,23.66,27.92,,,,10.88,8.8,13.27,,,,4.06,2.11,6.19,,,,2.23,0.27,4.41,,,,1.0,-1.75,3.2,,,,10.98,8.84,13.34,,,,,,,,,,
2023-05-24,43.68,41.19,46.44,,,,25.62,23.67,27.92,,,,10.89,8.78,13.28,,,,4.06,2.1,6.19,,,,2.23,0.26,4.4,,,,1.0,-1.75,3.25,,,,11.01,8.85,13.36,,,,,,,,,,
2023-05-25,43.65,41.15,46.41,,,,25.61,23.6,27.92,,,,10.91,8.75,13.27,,,,4.06,2.1,6.18,,,,2.23,0.26,4.4,,,,1.0,-1.75,3.31,,,,11.03,8.87,13.37,,,,,,,,,,
2023-05-26,43.62,41.12,46.38,,,,25.6,23.6,27.86,,,,10.92,8.73,13.25,,,,4.07,2.1,6.17,,,,2.23,0.25,4.38,,,,1.0,-1.75,3.36,,,,11.05,8.88,13.41,,,,50.0,23.0,11.0,2.0,1.0,,10.0
2023-05-27,43.6,41.09,46.35,,,,25.59,23.61,27.83,,,,10.93,8.71,13.3,,,,4.07,2.09,6.15,,,,2.22,0.24,4.36,,,,1.0,-1.76,3.41,,,,11.08,8.9,13.41,,,,,,,,,,
2023-05-28,43.57,41.09,46.32,,,,25.58,23.63,27.81,,,,10.95,8.69,13.3,,,,4.07,2.09,6.14,,,,2.22,0.23,4.34,,,,1.0,-1.78,3.46,,,,11.1,8.91,13.44,,,,,,,,,,
2023-05-29,43.54,41.03,46.29,,,,25.57,23.64,27.8,,,,10.96,8.69,13.3,,,,4.07,2.07,6.14,,,,2.22,0.23,4.33,,,,1.0,-1.8,3.51,,,,11.12,8.93,13.5,,,,,,,,,,
2023-05-30,43.52,41.0,46.27,,,,25.57,23.61,27.78,,,,10.98,8.68,13.3,,,,4.07,2.06,6.16,,,,2.22,0.22,4.31,,,,1.0,-1.73,3.51,,,,11.14,8.95,13.49,,,,,,,,,,
2023-05-31,43.49,41.05,46.25,,,,25.56,23.58,27.76,,,,10.99,8.68,13.29,,,,4.07,2.06,6.19,,,,2.22,0.21,4.29,,,,1.0,-1.75,3.49,,,,11.16,9.0,13.5,,,,42.0,27.0,12.0,3.0,2.0,1.0,13.0
2023-06-01,43.47,41.05,46.26,,,,25.56,23.55,27.74,,,,11.0,8.73,13.3,,,,4.07,2.05,6.22,,,,2.21,0.2,4.27,,,,1.0,-1.77,3.47,,,,11.18,9.05,13.56,,,,,,,,,,
2023-06-02,43.44,41.03,46.26,,,,25.55,23.53,27.75,,,,11.02,8.76,13.34,,,,4.07,2.04,6.2,,,,2.21,0.19,4.25,,,,1.0,-1.82,3.47,,,,11.2,9.09,13.62,,,,,,,,,,
2023-06-03,43.42,41.0,46.24,,,,25.55,23.5,27.76,,,,11.03,8.81,13.37,,,,4.07,2.04,6.18,,,,2.21,0.18,4.24,,,,1.0,-1.89,3.52,,,,11.22,9.14,13.67,,,,,,,,,,
2023-06-04,43.4,40.98,46.2,,,,25.55,23.47,27.77,,,,11.04,8.86,13.4,,,,4.07,2.03,6.18,,,,2.21,0.17,4.22,,,,1.0,-1.92,3.57,,,,11.23,9.19,13.69,,,,,,,,,,
2023-06-05,43.38,40.95,46.19,,,,25.54,23.47,27.77,,,,11.05,8.91,13.43,,,,4.07,2.01,6.2,,,,2.21,0.15,4.19,,,,1.0,-1.91,3.62,,,,11.25,9.21,13.69,,,,,,,,,,
2023-06-06,43.36,40.92,46.16,,,,25.54,23.48,27.76,,,,11.07,8.96,13.44,,,,4.07,2.0,6.21,,,,2.2,0.15,4.18,,,,1.0,-1.93,3.65,,,,11.27,9.24,13.69,,,,,,,,,,
2023-06-07,43.34,40.9,46.12,,,,25.54,23.5,27.73,,,,11.08,8.99,13.41,,,,4.07,1.99,6.23,,,,2.2,0.14,4.19,,,,1.0,-1.96,3.63,,,,11.28,9.26,13.68,,,,45.0,27.0,8.0,4.0,4.0,,11.0
2023-06-08,43.32,40.91,46.08,,,,25.54,23.53,27.7,,,,11.09,9.0,13.41,,,,4.07,1.99,6.23,,,,2.2,0.12,4.15,,,,1.0,-1.97,3.61,,,,11.29,9.25,13.66,,,,,,,,,,
2023-06-09,43.3,40.91,46.07,,,,25.54,23.55,27.68,,,,11.1,9.01,13.42,,,,4.07,1.97,6.24,,,,2.2,0.12,4.17,,,,1.0,-1.96,3.64,,,,11.31,9.25,13.65,,,,,,,,,,
2023-06-10,43.29,40.92,46.08,,,,25.55,23.56,27.71,,,,11.1,9.03,13.4,,,,4.07,1.99,6.23,,,,2.2,0.15,4.17,,,,1.0,-1.92,3.68,,,,11.32,9.24,13.64,,,,,,,,,,
2023-06-11,43.27,40.92,46.09,,,,25.55,23.56,27.73,,,,11.11,9.04,13.37,,,,4.07,2.0,6.18,,,,2.2,0.18,4.18,,,,1.0,-1.91,3.67,,,,11.33,9.23,13.62,,,,,,,,,,
2023-06-12,43.26,40.94,46.1,,,,25.55,23.6,27.76,,,,11.12,9.06,13.32,,,,4.07,2.0,6.14,,,,2.2,0.2,4.19,,,,1.0,-1.92,3.74,,,,11.35,9.21,13.6,,,,,,,,,,
2023-06-13,43.25,40.95,46.16,,,,25.55,23.63,27.77,,,,11.13,9.07,13.29,,,,4.07,2.0,6.08,,,,2.2,0.23,4.2,,,,1.0,-1.93,3.79,,,,11.36,9.21,13.55,,,,,,,,,,
2023-06-14,43.23,40.97,46.23,,,,25.56,23.67,27.74,,,,11.13,9.12,13.29,,,,4.07,2.01,6.09,,,,2.2,0.26,4.19,,,,1.0,-1.94,3.83,,,,11.37,9.26,13.56,,,,,,,,,,
2023-06-15,43.22,40.99,46.27,,,,25.56,23.72,27.73,,,,11.14,9.16,13.29,,,,4.06,2.01,6.11,,,,2.19,0.28,4.2,,,,1.0,-1.95,3.87,,,,11.38,9.3,13.55,,,,,,,,,,
2023-06-16,43.21,40.96,46.19,,,,25.57,23.75,27.74,,,,11.14,9.18,13.28,,,,4.06,2.02,6.09,,,,2.19,0.31,4.21,,,,1.0,-1.95,3.9,,,,11.39,9.29,13.56,,,,42.0,24.0,12.0,3.0,2.0,1.0,12.0
2023-06-17,43.21,40.92,46.15,,,,25.58,23.78,27.74,,,,11.15,9.19,13.28,,,,4.06,2.02,6.03,,,,2.19,0.3,4.18,,,,1.0,-1.99,3.93,,,,11.4,9.28,13.61,,,,,,,,,,
2023-06-18,43.2,40.87,46.09,,,,25.58,23.8,27.77,,,,11.15,9.21,13.26,,,,4.06,2.03,6.05,,,,2.19,0.3,4.13,,,,1.0,-2.09,3.96,,,,11.41,9.27,13.65,,,,,,,,,,
2023-06-19,43.19,40.83,46.03,,,,25.59,23.78,27.79,,,,11.15,9.2,13.24,,,,4.06,2.05,6.06,,,,2.19,0.31,4.09,,,,1.0,-2.14,3.98,,,,11.42,9.26,13.67,,,,,,,,,,
2023-06-20,43.18,40.79,45.97,,,,25.6,23.77,27.79,,,,11.15,9.2,13.23,,,,4.06,2.06,6.08,,,,2.19,0.32,4.11,,,,1.0,-2.14,4.0,,,,11.43,9.25,13.69,,,,,,,,,,
2023-06-21,43.18,40.76,45.93,,,,25.61,23.77,27.8,,,,11.16,9.19,13.22,,,,4.05,2.13,6.08,,,,2.19,0.33,4.15,,,,1.0,-2.14,4.02,,,,11.44,9.24,13.71,,,,37.0,29.0,11.0,5.0,2.0,1.0,15.0
2023-06-22,43.17,40.79,45.92,,,,25.61,23.76,27.81,,,,11.16,9.18,13.21,,,,4.05,2.2,6.06,,,,2.19,0.34,4.15,,,,1.0,-2.13,4.04,,,,11.44,9.23,13.74,,,,,,,,,,
2023-06-23,43.17,40.82,45.91,,,,25.62,23.75,27.82,,,,11.16,9.17,13.2,,,,4.05,2.22,6.1,,,,2.19,0.34,4.15,,,,1.0,-2.13,4.05,,,,11.45,9.22,13.75,,,,,,,,,,
2023-06-24,43.17,40.78,45.92,,,,25.63,23.76,27.83,,,,11.15,9.16,13.18,,,,4.05,2.2,6.11,,,,2.19,0.36,4.14,,,,1.0,-2.15,4.05,,,,11.46,9.22,13.72,,,,,,,,,,
2023-06-25,43.17,40.75,45.92,,,,25.64,23.76,27.84,,,,11.15,9.13,13.16,,,,4.05,2.17,6.12,,,,2.19,0.37,4.13,,,,1.0,-2.18,4.07,,,,11.47,9.21,13.78,,,,,,,,,,
2023-06-26,43.16,40.77,45.93,,,,25.65,23.81,27.85,,,,11.15,9.1,13.14,,,,4.04,2.14,6.13,,,,2.19,0.36,4.11,,,,1.0,-2.2,4.06,,,,11.48,9.26,13.81,,,,,,,,,,
2023-06-27,43.16,40.81,45.94,,,,25.66,23.86,27.86,,,,11.15,9.07,13.11,,,,4.04,2.14,6.13,,,,2.19,0.33,4.12,,,,1.0,-2.23,4.06,,,,11.48,9.27,13.81,,,,,,,,,,
2023-06-28,43.17,40.86,45.95,,,,25.67,23.9,27.87,,,,11.14,9.03,13.09,,,,4.04,2.11,6.16,,,,2.19,0.29,4.12,,,,1.0,-2.25,4.05,,,,11.49,9.24,13.79,,,,44.0,26.0,11.0,4.0,2.0,1.0,10.0
2023-06-29,43.17,40.91,45.96,,,,25.68,23.87,27.87,,,,11.14,9.02,13.07,,,,4.04,2.09,6.2,,,,2.19,0.27,4.19,,,,1.0,-2.23,4.04,,,,11.5,9.29,13.85,,,,,,,,,,
2023-06-30,43.17,40.97,45.96,,,,25.68,23.84,27.86,,,,11.13,9.04,13.05,,,,4.04,2.07,6.19,,,,2.19,0.28,4.18,,,,1.0,-2.22,3.99,,,,11.51,9.31,13.87,,,,,,,,,,
2023-07-01,43.18,41.03,45.98,,,,25.69,23.88,27.88,,,,11.13,9.05,13.04,,,,4.04,2.04,6.22,,,,2.19,0.28,4.17,,,,1.0,-2.21,4.01,,,,11.51,9.28,13.89,,,,,,,,,,
2023-07-02,43.18,41.01,45.95,,,,25.7,23.91,27.89,,,,11.12,9.06,13.02,,,,4.04,2.04,6.26,,,,2.18,0.24,4.18,,,,1.0,-2.18,4.01,,,,11.52,9.25,13.9,,,,,,,,,,
2023-07-03,43.19,40.99,45.91,,,,25.7,23.91,27.9,,,,11.11,9.02,12.99,,,,4.04,2.04,6.3,,,,2.18,0.24,4.17,,,,1.0,-2.15,4.01,,,,11.52,9.22,13.91,,,,,,,,,,
2023-07-04,43.2,40.98,45.89,,,,25.71,23.9,27.9,,,,11.11,8.99,12.98,,,,4.04,2.0,6.29,,,,2.18,0.2,4.18,,,,1.0,-2.13,4.02,,,,11.53,9.22,13.92,,,,,,,,,,
2023-07-05,43.21,40.96,45.85,,,,25.71,23.89,27.9,,,,11.1,8.98,12.96,,,,4.04,1.99,6.31,,,,2.18,0.19,4.17,,,,1.0,-2.16,3.98,,,,11.53,9.24,13.92,,,,,,,,,,
2023-07-06,43.22,40.97,45.82,,,,25.71,23.89,27.9,,,,11.09,8.95,12.95,,,,4.04,1.99,6.34,,,,2.18,0.21,4.16,,,,1.0,-2.2,4.03,,,,11.54,9.27,13.92,,,,42.0,30.0,9.0,5.0,2.0,,12.0
2023-07-07,43.24,41.02,45.79,,,,25.71,23.88,27.9,,,,11.09,8.95,12.93,,,,4.03,2.0,6.36,,,,2.18,0.2,4.15,,,,1.0,-2.25,4.04,,,,11.54,9.31,13.91,,,,,,,,,,
2023-07-08,43.25,41.05,45.78,,,,25.71,23.85,27.89,,,,11.08,8.97,12.92,,,,4.03,2.02,6.38,,,,2.18,0.17,4.14,,,,1.0,-2.22,4.02,,,,11.55,9.34,13.91,,,,,,,,,,
2023-07-09,43.27,41.09,45.76,,,,25.71,23.85,27.88,,,,11.07,8.99,12.91,,,,4.03,2.03,6.4,,,,2.18,0.13,4.13,,,,1.0,-2.15,4.09,,,,11.55,9.38,13.9,,,,,,,,,,
2023-07-10,43.29,41.12,45.85,,,,25.7,23.85,27.88,,,,11.07,8.95,12.95,,,,4.03,2.06,6.4,,,,2.17,0.09,4.12,,,,1.0,-2.18,4.16,,,,11.56,9.42,13.88,,,,,,,,,,
2023-07-11,43.31,41.16,45.95,,,,25.7,23.86,27.86,,,,11.06,8.9,13.0,,,,4.03,2.06,6.38,,,,2.17,0.05,4.12,,,,1.0,-2.11,4.23,,,,11.56,9.43,13.84,,,,41.0,21.0,12.0,5.0,3.0,,15.0
2023-07-12,43.33,41.2,46.05,,,,25.69,23.82,27.84,,,,11.05,8.85,13.03,,,,4.03,2.03,6.37,,,,2.17,0.03,4.12,,,,1.0,-2.12,4.25,,,,11.56,9.41,13.8,,,,,,,,,,
2023-07-13,43.35,41.24,46.15,,,,25.68,23.77,27.83,,,,11.05,8.82,13.04,,,,4.03,2.02,6.34,,,,2.17,0.03,4.12,,,,1.0,-2.16,4.25,,,,11.57,9.44,13.81,,,,,,,,,,
2023-07-14,43.37,41.28,46.24,,,,25.67,23.74,27.79,,,,11.04,8.8,13.04,,,,4.03,2.03,6.31,,,,2.17,0.03,4.12,,,,1.0,-2.18,4.26,,,,11.57,9.46,13.86,,,,,,,,,,
2023-07-15,43.39,41.32,46.23,,,,25.66,23.7,27.77,,,,11.04,8.79,13.05,,,,4.03,2.03,6.29,,,,2.16,0.03,4.12,,,,1.0,-2.16,4.25,,,,11.57,9.5,13.83,,,,,,,,,,
2023-07-16,43.42,41.35,46.22,,,,25.64,23.67,27.75,,,,11.03,8.78,13.05,,,,4.03,1.99,6.26,,,,2.16,0.04,4.12,,,,1.0,-2.11,4.25,,,,11.57,9.53,13.81,,,,,,,,,,
2023-07-17,43.44,41.42,46.2,,,,25.63,23.65,27.73,,,,11.03,8.81,13.04,,,,4.03,1.96,6.23,,,,2.16,0.02,4.12,,,,1.0,-2.05,4.16,,,,11.58,9.55,13.78,,,,,,,,,,
2023-07-18,43.47,41.5,46.2,,,,25.61,23.6,27.72,,,,11.02,8.85,13.04,,,,4.03,1.98,6.2,,,,2.16,0.01,4.11,,,,1.0,-2.05,4.22,,,,11.58,9.56,13.75,,,,,,,,,,
2023-07-19,43.5,41.56,46.18,,,,25.59,23.53,27.7,,,,11.02,8.86,13.03,,,,4.03,2.01,6.18,,,,2.16,0.06,4.11,,,,1.0,-1.99,4.21,,,,11.58,9.55,13.72,,,,,,,,,,
2023-07-20,43.53,41.59,46.17,,,,25.58,23.45,27.66,,,,11.01,8.83,13.03,,,,4.03,2.06,6.15,,,,2.15,0.04,4.11,,,,1.0,-1.95,4.2,,,,11.58,9.55,13.7,,,,38.0,27.0,14.0,4.0,3.0,,12.0
2023-07-21,43.55,41.63,46.15,,,,25.56,23.39,27.64,,,,11.01,8.79,13.02,,,,4.03,2.11,6.11,,,,2.15,0.02,4.09,,,,1.0,-1.92,4.19,,,,11.58,9.54,13.67,,,,,,,,,,
2023-07-22,43.58,41.67,46.14,,,,25.54,23.36,27.61,,,,11.01,8.75,13.0,,,,4.03,2.14,6.09,,,,2.15,0.0,4.07,,,,1.0,-1.92,4.21,,,,11.59,9.54,13.68,,,,,,,,,,
2023-07-23,43.61,41.72,46.13,,,,25.51,23.32,27.58,,,,11.01,8.73,12.94,,,,4.03,2.15,6.04,,,,2.15,-0.01,4.04,,,,1.0,-1.93,4.18,,,,11.59,9.54,13.64,,,,,,,,,,
2023-07-24,43.64,41.76,46.12,,,,25.49,23.25,27.55,,,,11.01,8.72,12.89,,,,4.03,2.16,5.98,,,,2.15,-0.02,4.06,,,,1.0,-1.92,4.16,,,,11.59,9.54,13.62,,,,,,,,,,
2023-07-25,43.67,41.8,46.11,,,,25.47,23.21,27.54,,,,11.0,8.72,12.87,,,,4.03,2.23,5.98,,,,2.14,-0.04,4.05,,,,1.0,-1.92,4.13,,,,11.59,9.48,13.65,,,,,,,,,,
2023-07-26,43.7,41.84,46.12,,,,25.44,23.22,27.53,,,,11.0,8.71,12.89,,,,4.03,2.21,6.0,,,,2.14,-0.01,4.05,,,,1.0,-1.92,4.1,,,,11.59,9.43,13.67,,,,46.0,23.0,12.0,3.0,1.0,,13.0
2023-07-27,43.73,41.88,46.16,,,,25.42,23.2,27.48,,,,11.0,8.72,12.96,,,,4.03,2.16,6.02,,,,2.14,0.02,4.06,,,,1.0,-1.9,4.08,,,,11.59,9.38,13.65,,,,,,,,,,
2023-07-28,43.76,41.91,46.19,,,,25.4,23.2,27.46,,,,11.0,8.72,12.92,,,,4.03,2.11,6.03,,,,2.14,0.06,4.07,,,,1.0,-1.87,4.05,,,,11.59,9.34,13.63,,,,,,,,,,
2023-07-29,43.79,41.93,46.23,,,,25.37,23.22,27.42,,,,11.0,8.73,12.93,,,,4.02,2.09,6.02,,,,2.14,0.1,4.07,,,,1.0,-1.85,4.03,,,,11.59,9.33,13.62,,,,,,,,,,
2023-07-30,43.82,41.96,46.27,,,,25.35,23.22,27.4,,,,11.0,8.78,12.91,,,,4.02,2.05,6.0,,,,2.13,0.14,4.06,,,,1.0,-1.85,4.0,,,,11.59,9.36,13.6,,,,,,,,,,
2023-07-31,43.85,41.99,46.31,,,,25.32,23.19,27.39,,,,11.0,8.83,12.86,,,,4.02,2.09,5.99,,,,2.13,0.18,4.05,,,,1.0,-1.83,3.98,,,,11.59,9.38,13.58,,,,,,,,,,
2023-08-01,43.88,42.02,46.34,,,,25.3,23.13,27.37,,,,11.01,8.86,12.9,,,,4.02,2.06,5.98,,,,2.13,0.22,4.05,,,,1.0,-1.81,3.95,,,,11.59,9.4,13.6,,,,,,,,,,
2023-08-02,43.91,42.05,46.38,,,,25.28,23.08,27.35,,,,11.01,8.91,12.9,,,,4.01,1.99,5.94,,,,2.13,0.24,4.04,,,,1.0,-1.78,3.88,,,,11.59,9.39,13.64,,,,,,,,,,
2023-08-03,43.94,42.08,46.37,,,,25.25,23.06,27.33,,,,11.01,8.97,12.9,,,,4.01,2.02,5.9,,,,2.12,0.28,4.05,,,,1.0,-1.76,3.89,,,,11.58,9.4,13.66,,,,45.0,28.0,11.0,4.0,1.0,,9.0
2023-08-04,43.97,42.11,46.36,,,,25.23,23.05,27.31,,,,11.01,9.03,12.9,,,,4.0,2.06,5.85,,,,2.12,0.32,4.05,,,,1.0,-1.78,3.91,,,,11.58,9.4,13.64,,,,,,,,,,
2023-08-05,44.0,42.14,46.35,,,,25.21,23.04,27.3,,,,11.01,9.06,12.91,,,,4.0,2.09,5.84,,,,2.12,0.35,4.05,,,,1.0,-1.8,3.91,,,,11.58,9.39,13.61,,,,,,,,,,
2023-08-06,44.03,42.18,46.34,,,,25.19,23.02,27.28,,,,11.01,9.06,12.92,,,,4.0,2.06,5.84,,,,2.12,0.31,4.05,,,,1.0,-1.92,3.89,,,,11.58,9.39,13.58,,,,,,,,,,
2023-08-07,44.06,42.22,46.4,,,,25.17,23.01,27.27,,,,11.02,9.06,12.93,,,,3.99,2.03,5.84,,,,2.11,0.28,4.05,,,,1.0,-1.98,3.88,,,,11.57,9.43,13.59,,,,,,,,,,
2023-08-08,44.09,42.22,46.42,,,,25.15,23.01,27.26,,,,11.02,9.06,12.95,,,,3.99,1.99,5.86,,,,2.11,0.24,4.07,,,,1.0,-1.99,3.86,,,,11.57,9.42,13.59,,,,,,,,,,
2023-08-09,44.12,42.21,46.42,,,,25.13,23.0,27.24,,,,11.02,9.04,13.0,,,,3.98,1.96,5.86,,,,2.11,0.21,4.06,,,,1.0,-1.95,3.86,,,,11.57,9.41,13.57,,,,,,,,,,
2023-08-10,44.15,42.23,46.43,,,,25.11,22.95,27.2,,,,11.02,9.01,13.02,,,,3.97,1.92,5.86,,,,2.11,0.18,4.05,,,,1.0,-1.89,3.85,,,,11.56,9.38,13.54,,,,,,,,,,
2023-08-11,44.18,42.22,46.46,,,,25.09,22.95,27.16,,,,11.02,8.98,13.02,,,,3.97,1.9,5.88,,,,2.1,0.16,4.03,,,,1.0,-1.9,3.83,,,,11.56,9.35,13.52,,,,43.0,24.0,11.0,5.0,3.0,,12.0
2023-08-12,44.21,42.2,46.51,,,,25.08,22.96,27.12,,,,11.02,8.95,13.01,,,,3.96,1.87,5.89,,,,2.1,0.13,4.03,,,,1.0,-1.91,3.83,,,,11.55,9.35,13.52,,,,,,,,,,
2023-08-13,44.24,42.19,46.53,,,,25.06,22.95,27.08,,,,11.02,8.93,13.01,,,,3.96,1.84,5.89,,,,2.1,0.09,4.02,,,,1.0,-1.91,3.82,,,,11.55,9.35,13.54,,,,,,,,,,
2023-08-14,44.27,42.18,46.6,,,,25.05,22.93,27.04,,,,11.03,8.9,13.03,,,,3.95,1.86,5.9,,,,2.1,0.06,4.05,,,,1.0,-1.89,3.81,,,,11.54,9.36,13.56,,,,,,,,,,
2023-08-15,44.29,42.18,46.64,,,,25.03,22.91,27.02,,,,11.03,8.88,13.05,,,,3.94,1.86,5.91,,,,2.09,0.03,4.07,,,,1.0,-1.86,3.81,,,,11.54,9.38,13.57,,,,,,,,,,
2023-08-16,44.32,42.17,46.64,,,,25.02,22.89,27.05,,,,11.03,8.87,13.04,,,,3.94,1.86,5.89,,,,2.09,0.01,4.03,,,,1.0,-1.84,3.82,,,,11.53,9.37,13.59,,,,,,,,,,
2023-08-17,44.35,42.19,46.64,,,,25.01,22.89,27.05,,,,11.02,8.85,13.03,,,,3.93,1.88,5.88,,,,2.09,-0.0,4.09,,,,1.0,-1.9,3.83,,,,11.53,9.36,13.61,,,,,,,,,,
2023-08-18,44.38,42.22,46.63,,,,25.0,22.87,27.03,,,,11.02,8.83,13.06,,,,3.92,1.89,5.87,,,,2.09,-0.02,4.12,,,,1.0,-1.9,3.86,,,,11.52,9.35,13.62,,,,46.0,27.0,10.0,5.0,3.0,1.0,8.0
2023-08-19,44.41,42.25,46.72,,,,24.99,22.84,27.04,,,,11.02,8.82,13.09,,,,3.91,1.9,5.86,,,,2.09,-0.01,4.12,,,,1.0,-1.9,3.87,,,,11.52,9.35,13.64,,,,,,,,,,
2023-08-20,44.43,42.24,46.76,,,,24.98,22.81,27.03,,,,11.02,8.81,13.11,,,,3.91,1.92,5.84,,,,2.08,0.02,4.13,,,,1.0,-1.95,3.86,,,,11.52,9.36,13.66,,,,,,,,,,
2023-08-21,44.46,42.24,46.77,,,,24.97,22.79,27.02,,,,11.02,8.8,13.14,,,,3.9,1.96,5.82,,,,2.08,0.06,4.17,,,,1.0,-1.91,3.88,,,,11.51,9.37,13.66,,,,,,,,,,
2023-08-22,44.48,42.27,46.77,,,,24.96,22.77,27.04,,,,11.01,8.79,13.16,,,,3.89,1.97,5.8,,,,2.08,0.05,4.17,,,,1.0,-1.91,3.91,,,,11.51,9.37,13.65,,,,,,,,,,
2023-08-23,44.51,42.37,46.79,,,,24.96,22.75,27.05,,,,11.01,8.78,13.14,,,,3.88,1.99,5.78,,,,2.08,0.04,4.14,,,,1.0,-1.93,3.94,,,,11.51,9.38,13.64,,,,47.0,25.0,9.0,3.0,2.0,,11.0
2023-08-24,44.53,42.4,46.83,,,,24.95,22.73,27.07,,,,11.01,8.79,13.09,,,,3.87,2.0,5.75,,,,2.08,0.04,4.14,,,,1.0,-1.95,3.95,,,,11.51,9.38,13.64,,,,,,,,,,
2023-08-25,44.55,42.43,46.87,,,,24.95,22.72,27.05,,,,11.0,8.78,13.09,,,,3.87,1.95,5.74,,,,2.07,0.04,4.15,,,,1.0,-2.01,3.96,,,,11.5,9.39,13.64,,,,,,,,,,
2023-08-26,44.57,42.46,46.93,,,,24.95,22.72,27.03,,,,11.0,8.78,13.1,,,,3.86,1.89,5.74,,,,2.07,0.06,4.17,,,,1.0,-2.05,4.01,,,,11.5,9.41,13.66,,,,,,,,,,
2023-08-27,44.58,42.49,46.99,,,,24.95,22.72,27.05,,,,10.99,8.78,13.09,,,,3.85,1.9,5.74,,,,2.07,0.08,4.17,,,,1.0,-2.05,4.07,,,,11.5,9.43,13.67,,,,,,,,,,
2023-08-28,44.6,42.48,47.04,,,,24.95,22.73,27.02,,,,10.99,8.78,13.1,,,,3.84,1.93,5.72,,,,2.07,0.09,4.16,,,,1.0,-1.99,4.07,,,,11.5,9.45,13.69,,,,,,,,,,
2023-08-29,44.61,42.49,47.05,,,,24.95,22.73,27.04,,,,10.98,8.82,13.1,,,,3.84,1.95,5.71,,,,2.07,0.11,4.09,,,,1.0,-1.99,4.09,,,,11.51,9.45,13.65,,,,,,,,,,
2023-08-30,44.63,42.53,47.05,,,,24.95,22.75,27.06,,,,10.97,8.85,13.05,,,,3.83,1.98,5.66,,,,2.07,0.15,4.03,,,,1.0,-1.99,4.19,,,,11.51,9.45,13.66,,,,,,,,,,
2023-08-31,44.64,42.55,47.07,,,,24.95,22.77,27.04,,,,10.97,8.86,13.05,,,,3.82,1.99,5.64,,,,2.07,0.19,4.03,,,,1.0,-1.99,4.29,,,,11.51,9.46,13.67,,,,47.0,24.0,12.0,4.0,1.0,1.0,11.0
2023-09-01,44.65,42.53,47.1,,,,24.96,22.78,27.02,,,,10.96,8.87,13.06,,,,3.82,1.97,5.66,,,,2.07,0.17,4.04,,,,1.0,-1.99,4.34,,,,11.52,9.5,13.69,,,,,,,,,,
2023-09-02,44.65,42.51,47.08,,,,24.96,22.83,27.0,,,,10.95,8.89,13.06,,,,3.81,1.94,5.68,,,,2.07,0.17,4.04,,,,1.0,-1.98,4.39,,,,11.52,9.53,13.7,,,,,,,,,,
2023-09-03,44.66,42.5,47.04,,,,24.97,22.83,26.97,,,,10.94,8.89,13.07,,,,3.8,1.95,5.69,,,,2.07,0.16,4.05,,,,1.0,-1.97,4.43,,,,11.53,9.56,13.72,,,,,,,,,,
2023-09-04,44.66,42.5,47.0,,,,24.97,22.85,26.95,,,,10.93,8.87,13.06,,,,3.8,1.93,5.71,,,,2.07,0.14,4.05,,,,1.0,-1.96,4.46,,,,11.53,9.59,13.72,,,,,,,,,,
2023-09-05,44.67,42.5,47.0,,,,24.98,22.82,26.94,,,,10.93,8.84,13.02,,,,3.79,1.92,5.73,,,,2.07,0.13,4.05,,,,1.0,-1.94,4.48,,,,11.54,9.62,13.73,,,,,,,,,,
2023-09-06,44.67,42.51,47.03,,,,24.98,22.79,26.91,,,,10.92,8.85,12.98,,,,3.78,1.9,5.73,,,,2.07,0.15,4.06,,,,1.0,-1.98,4.47,,,,11.55,9.62,13.76,,,,,,,,,,
2023-09-07,44.67,42.5,47.04,,,,24.99,22.78,26.89,,,,10.91,8.86,12.99,,,,3.78,1.89,5.73,,,,2.07,0.17,4.05,,,,1.0,-2.01,4.45,,,,11.55,9.59,13.78,,,,,,,,,,
2023-09-08,44.66,42.52,47.06,,,,24.99,22.76,26.9,,,,10.9,8.87,13.01,,,,3.77,1.89,5.73,,,,2.07,0.18,4.05,,,,1.0,-2.05,4.45,,,,11.56,9.55,13.81,,,,45.0,28.0,9.0,3.0,3.0,,11.0
2023-09-09,44.66,42.51,47.03,,,,25.0,22.75,26.91,,,,10.89,8.88,13.02,,,,3.77,1.89,5.69,,,,2.07,0.16,4.05,,,,1.0,-2.08,4.43,,,,11.57,9.53,13.84,,,,,,,,,,
2023-09-10,44.65,42.51,47.0,,,,25.01,22.74,26.93,,,,10.88,8.88,13.03,,,,3.76,1.89,5.71,,,,2.07,0.15,4.05,,,,1.0,-2.1,4.41,,,,11.59,9.56,13.86,,,,,,,,,,
2023-09-11,44.64,42.52,46.96,,,,25.02,22.73,26.94,,,,10.87,8.9,13.05,,,,3.76,1.89,5.73,,,,2.07,0.13,4.04,,,,1.0,-2.07,4.56,,,,11.6,9.6,13.89,,,,,,,,,,
2023-09-12,44.63,42.52,46.92,,,,25.02,22.74,26.99,,,,10.86,8.92,13.06,,,,3.75,1.89,5.74,,,,2.07,0.14,4.04,,,,1.0,-2.03,4.57,,,,11.61,9.65,13.92,,,,,,,,,,
2023-09-13,44.62,42.49,46.88,,,,25.03,22.75,27.04,,,,10.85,8.93,13.07,,,,3.75,1.89,5.74,,,,2.08,0.17,4.05,,,,1.01,-1.99,4.56,,,,11.63,9.69,13.95,,,,,,,,,,
2023-09-14,44.61,42.47,46.84,,,,25.04,22.8,27.07,,,,10.84,8.92,13.07,,,,3.74,1.89,5.75,,,,2.08,0.19,4.06,,,,1.01,-1.95,4.54,,,,11.64,9.7,13.98,,,,42.0,23.0,10.0,6.0,1.0,1.0,14.0
2023-09-15,44.59,42.43,46.84,,,,25.05,22.77,27.09,,,,10.83,8.89,13.06,,,,3.74,1.9,5.75,,,,2.08,0.19,4.08,,,,1.01,-1.91,4.52,,,,11.66,9.68,14.01,,,,,,,,,,
2023-09-16,44.57,42.39,46.84,,,,25.06,22.76,27.11,,,,10.82,8.85,13.05,,,,3.73,1.91,5.75,,,,2.09,0.17,4.1,,,,1.01,-1.84,4.5,,,,11.67,9.66,14.04,,,,,,,,,,
2023-09-17,44.55,42.35,46.84,,,,25.07,22.79,27.12,,,,10.81,8.82,13.04,,,,3.73,1.89,5.75,,,,2.09,0.14,4.11,,,,1.01,-1.79,4.48,,,,11.69,9.64,14.07,,,,,,,,,,
2023-09-18,44.53,42.3,46.85,,,,25.08,22.79,27.13,,,,10.8,8.83,13.02,,,,3.73,1.83,5.75,,,,2.09,0.13,4.12,,,,1.01,-1.76,4.49,,,,11.71,9.66,14.09,,,,,,,,,,
2023-09-19,44.51,42.27,46.85,,,,25.09,22.75,27.15,,,,10.79,8.8,13.01,,,,3.72,1.78,5.77,,,,2.1,0.14,4.12,,,,1.01,-1.74,4.51,,,,11.73,9.68,14.12,,,,,,,,,,
2023-09-20,44.48,42.24,46.85,,,,25.1,22.75,27.16,,,,10.78,8.79,12.99,,,,3.72,1.73,5.79,,,,2.1,0.14,4.13,,,,1.02,-1.71,4.48,,,,11.75,9.72,14.15,,,,45.0,24.0,11.0,4.0,1.0,1.0,11.0
2023-09-21,44.46,42.18,46.85,,,,25.1,22.75,27.21,,,,10.77,8.76,12.98,,,,3.72,1.71,5.81,,,,2.11,0.15,4.13,,,,1.02,-1.68,4.46,,,,11.78,9.76,14.18,,,,,,,,,,
2023-09-22,44.43,42.12,46.85,,,,25.11,22.77,27.22,,,,10.76,8.73,12.97,,,,3.71,1.72,5.82,,,,2.11,0.16,4.13,,,,1.02,-1.66,4.43,,,,11.8,9.81,14.21,,,,51.0,20.0,12.0,3.0,2.0,,10.0
2023-09-23,44.4,42.08,46.84,,,,25.12,22.78,27.24,,,,10.75,8.7,12.96,,,,3.71,1.74,5.82,,,,2.12,0.17,4.12,,,,1.02,-1.63,4.4,,,,11.83,9.86,14.24,,,,,,,,,,
2023-09-24,44.37,42.03,46.84,,,,25.13,22.79,27.24,,,,10.74,8.68,12.97,,,,3.71,1.76,5.8,,,,2.12,0.16,4.13,,,,1.03,-1.64,4.37,,,,11.85,9.91,14.27,,,,,,,,,,
2023-09-25,44.34,41.95,46.84,,,,25.14,22.8,27.27,,,,10.73,8.68,12.97,,,,3.7,1.77,5.79,,,,2.13,0.15,4.14,,,,1.03,-1.65,4.34,,,,11.88,9.93,14.28,,,,,,,,,,
2023-09-26,44.31,41.91,46.83,,,,25.15,22.81,27.31,,,,10.72,8.7,12.96,,,,3.7,1.79,5.84,,,,2.13,0.17,4.15,,,,1.03,-1.67,4.35,,,,11.91,9.95,14.3,,,,,,,,,,
2023-09-27,44.28,41.89,46.83,,,,25.16,22.82,27.35,,,,10.71,8.71,12.96,,,,3.69,1.8,5.85,,,,2.14,0.18,4.16,,,,1.03,-1.68,4.36,,,,11.94,9.97,14.31,,,,46.0,21.0,14.0,3.0,3.0,1.0,11.0
2023-09-28,44.24,41.85,46.83,,,,25.16,22.84,27.4,,,,10.7,8.72,12.95,,,,3.69,1.78,5.85,,,,2.14,0.2,4.18,,,,1.03,-1.69,4.37,,,,11.97,9.99,14.39,,,,,,,,,,
2023-09-29,44.21,41.76,46.78,,,,25.17,22.84,27.4,,,,10.69,8.74,12.95,,,,3.69,1.77,5.85,,,,2.15,0.19,4.19,,,,1.04,-1.7,4.35,,,,12.0,10.0,14.42,,,,,,,,,,
2023-09-30,44.17,41.68,46.75,,,,25.18,22.82,27.4,,,,10.68,8.7,12.95,,,,3.68,1.75,5.85,,,,2.15,0.17,4.21,,,,1.04,-1.7,4.29,,,,12.03,10.02,14.45,,,,,,,,,,
2023-10-01,44.13,41.61,46.7,,,,25.19,22.8,27.4,,,,10.67,8.66,12.95,,,,3.68,1.74,5.85,,,,2.16,0.15,4.22,,,,1.04,-1.72,4.23,,,,12.07,10.04,14.48,,,,,,,,,,
2023-10-02,44.09,41.55,46.65,,,,25.19,22.78,27.4,,,,10.66,8.63,12.95,,,,3.67,1.73,5.85,,,,2.17,0.13,4.25,,,,1.04,-1.71,4.29,,,,12.11,10.06,14.51,,,,,,,,,,
2023-10-03,44.05,41.5,46.59,,,,25.2,22.76,27.41,,,,10.65,8.6,12.94,,,,3.67,1.72,5.85,,,,2.17,0.11,4.24,,,,1.05,-1.67,4.28,,,,12.14,10.09,14.53,,,,,,,,,,
2023-10-04,44.01,41.45,46.53,,,,25.2,22.73,27.39,,,,10.65,8.56,12.94,,,,3.66,1.71,5.86,,,,2.18,0.1,4.26,,,,1.05,-1.64,4.33,,,,12.18,10.09,14.54,,,,,,,,,,
2023-10-05,43.97,41.4,46.48,,,,25.21,22.71,27.41,,,,10.64,8.54,12.89,,,,3.66,1.7,5.86,,,,2.19,0.1,4.28,,,,1.05,-1.62,4.39,,,,12.22,10.1,14.53,,,,45.0,25.0,11.0,2.0,3.0,1.0,13.0
2023-10-06,43.92,41.35,46.43,,,,25.21,22.69,27.42,,,,10.63,8.51,12.85,,,,3.65,1.69,5.84,,,,2.19,0.11,4.29,,,,1.06,-1.61,4.43,,,,12.26,10.17,14.53,,,,,,,,,,
2023-10-07,43.88,41.31,46.36,,,,25.22,22.67,27.43,,,,10.63,8.52,12.85,,,,3.65,1.66,5.83,,,,2.2,0.14,4.29,,,,1.06,-1.61,4.47,,,,12.3,10.23,14.6,,,,,,,,,,
2023-10-08,43.83,41.26,46.31,,,,25.22,22.65,27.45,,,,10.62,8.53,12.84,,,,3.64,1.63,5.83,,,,2.2,0.18,4.29,,,,1.06,-1.61,4.52,,,,12.34,10.25,14.61,,,,,,,,,,
2023-10-09,43.79,41.22,46.24,,,,25.23,22.62,27.47,,,,10.61,8.55,12.81,,,,3.64,1.62,5.84,,,,2.21,0.21,4.31,,,,1.06,-1.6,4.52,,,,12.38,10.26,14.62,,,,,,,,,,
2023-10-10,43.74,41.17,46.18,,,,25.23,22.63,27.49,,,,10.61,8.58,12.8,,,,3.63,1.63,5.85,,,,2.22,0.21,4.33,,,,1.07,-1.6,4.49,,,,12.43,10.28,14.63,,,,,,,,,,
2023-10-11,43.7,41.1,46.14,,,,25.23,22.65,27.51,,,,10.61,8.58,12.81,,,,3.63,1.64,5.85,,,,2.22,0.17,4.33,,,,1.07,-1.6,4.46,,,,12.47,10.29,14.69,,,,,,,,,,
2023-10-12,43.65,41.04,46.11,,,,25.24,22.66,27.5,,,,10.6,8.59,12.81,,,,3.62,1.65,5.86,,,,2.23,0.18,4.36,,,,1.07,-1.61,4.43,,,,12.51,10.3,14.74,,,,46.0,25.0,10.0,2.0,2.0,1.0,13.0
2023-10-13,43.6,40.98,46.07,,,,25.24,22.68,27.5,,,,10.6,8.61,12.81,,,,3.62,1.62,5.86,,,,2.24,0.2,4.36,,,,1.07,-1.59,4.45,,,,12.56,10.33,14.76,,,,,,,,,,
2023-10-14,43.55,40.96,46.04,,,,25.24,22.7,27.51,,,,10.59,8.62,12.82,,,,3.61,1.66,5.87,,,,2.24,0.25,4.38,,,,1.08,-1.59,4.44,,,,12.6,10.4,14.79,,,,,,,,,,
2023-10-15,43.51,40.92,46.0,,,,25.24,22.73,27.51,,,,10.59,8.64,12.82,,,,3.6,1.62,5.87,,,,2.25,0.3,4.41,,,,1.08,-1.59,4.42,,,,12.65,10.48,14.82,,,,,,,,,,
2023-10-16,43.46,40.84,45.96,,,,25.25,22.76,27.51,,,,10.59,8.65,12.82,,,,3.6,1.64,5.88,,,,2.26,0.28,4.43,,,,1.08,-1.58,4.39,,,,12.69,10.54,14.87,,,,,,,,,,
2023-10-17,43.41,40.76,45.93,,,,25.25,22.78,27.5,,,,10.59,8.63,12.82,,,,3.59,1.65,5.89,,,,2.26,0.28,4.45,,,,1.08,-1.57,4.37,,,,12.74,10.59,14.91,,,,,,,,,,
2023-10-18,43.36,40.71,45.88,,,,25.25,22.78,27.49,,,,10.59,8.61,12.83,,,,3.59,1.66,5.9,,,,2.27,0.28,4.47,,,,1.09,-1.56,4.35,,,,12.78,10.62,14.96,,,,45.0,27.0,10.0,4.0,1.0,,11.0
2023-10-19,43.31,40.67,45.84,,,,25.25,22.78,27.48,,,,10.58,8.6,12.83,,,,3.58,1.6,5.9,,,,2.28,0.27,4.49,,,,1.09,-1.55,4.33,,,,12.83,10.65,15.0,,,,,,,,,,
2023-10-20,43.26,40.63,45.82,,,,25.26,22.79,27.48,,,,10.58,8.57,12.81,,,,3.58,1.58,5.89,,,,2.28,0.25,4.5,,,,1.09,-1.54,4.3,,,,12.88,10.71,15.05,,,,,,,,,,
2023-10-21,43.21,40.6,45.77,,,,25.26,22.82,27.48,,,,10.58,8.56,12.82,,,,3.57,1.58,5.88,,,,2.29,0.21,4.51,,,,1.09,-1.54,4.28,,,,12.92,10.75,15.11,,,,,,,,,,
2023-10-22,43.16,40.56,45.74,,,,25.26,22.82,27.47,,,,10.58,8.59,12.83,,,,3.57,1.59,5.87,,,,2.29,0.22,4.52,,,,1.1,-1.55,4.26,,,,12.97,10.77,15.14,,,,,,,,,,
2023-10-23,43.11,40.53,45.75,,,,25.27,22.81,27.48,,,,10.57,8.52,12.83,,,,3.57,1.59,5.86,,,,2.3,0.24,4.52,,,,1.1,-1.56,4.27,,,,13.02,10.79,15.15,,,,,,,,,,
2023-10-24,43.06,40.5,45.74,,,,25.27,22.8,27.46,,,,10.57,8.53,12.83,,,,3.56,1.59,5.85,,,,2.31,0.24,4.53,,,,1.1,-1.57,4.27,,,,13.06,10.85,15.19,,,,,,,,,,
2023-10-25,43.01,40.48,45.72,,,,25.27,22.8,27.46,,,,10.57,8.54,12.82,,,,3.56,1.59,5.84,,,,2.31,0.23,4.53,,,,1.1,-1.58,4.27,,,,13.11,10.87,15.22,,,,41.0,30.0,11.0,4.0,3.0,,10.0
2023-10-26,42.96,40.45,45.69,,,,25.28,22.8,27.46,,,,10.56,8.56,12.82,,,,3.56,1.59,5.83,,,,2.32,0.25,4.54,,,,1.11,-1.6,4.27,,,,13.16,10.9,15.25,,,,,,,,,,
2023-10-27,42.9,40.4,45.61,,,,25.28,22.79,27.48,,,,10.56,8.54,12.82,,,,3.56,1.6,5.82,,,,2.32,0.24,4.54,,,,1.11,-1.59,4.26,,,,13.21,10.97,15.29,,,,,,,,,,
2023-10-28,42.85,40.34,45.53,,,,25.29,22.79,27.5,,,,10.55,8.52,12.81,,,,3.55,1.6,5.83,,,,2.33,0.25,4.54,,,,1.11,-1.57,4.25,,,,13.26,11.02,15.33,,,,,,,,,,
2023-10-29,42.8,40.32,45.49,,,,25.29,22.79,27.51,,,,10.55,8.51,12.8,,,,3.55,1.6,5.88,,,,2.33,0.27,4.55,,,,1.11,-1.6,4.25,,,,13.31,11.07,15.36,,,,,,,,,,
2023-10-30,42.74,40.3,45.45,,,,25.3,22.8,27.51,,,,10.54,8.5,12.8,,,,3.55,1.59,5.88,,,,2.34,0.3,4.55,,,,1.12,-1.63,4.19,,,,13.36,11.11,15.4,,,,,,,,,,
2023-10-31,42.68,40.27,45.41,,,,25.3,22.8,27.5,,,,10.54,8.54,12.79,,,,3.55,1.6,5.87,,,,2.35,0.34,4.55,,,,1.12,-1.63,4.13,,,,13.41,11.16,15.44,,,,,,,,,,
2023-11-01,42.63,40.2,45.37,,,,25.31,22.81,27.5,,,,10.53,8.56,12.77,,,,3.55,1.62,5.86,,,,2.35,0.38,4.55,,,,1.12,-1.64,4.08,,,,13.46,11.22,15.48,,,,44.0,24.0,10.0,4.0,2.0,1.0,14.0
2023-11-02,42.57,40.13,45.33,,,,25.32,22.77,27.52,,,,10.52,8.6,12.76,,,,3.56,1.64,5.85,,,,2.36,0.4,4.55,,,,1.12,-1.65,4.02,,,,13.51,11.27,15.51,,,,,,,,,,
2023-11-03,42.51,40.04,45.27,,,,25.33,22.79,27.55,,,,10.52,8.62,12.72,,,,3.56,1.65,5.84,,,,2.36,0.39,4.57,,,,1.13,-1.65,3.97,,,,13.56,11.33,15.55,,,,,,,,,,
2023-11-04,42.45,39.97,45.17,,,,25.34,22.81,27.58,,,,10.51,8.57,12.71,,,,3.56,1.7,5.83,,,,2.37,0.37,4.58,,,,1.13,-1.66,3.94,,,,13.62,11.39,15.59,,,,,,,,,,
2023-11-05,42.39,39.92,45.06,,,,25.35,22.83,27.6,,,,10.5,8.53,12.69,,,,3.56,1.7,5.82,,,,2.38,0.4,4.61,,,,1.13,-1.63,3.92,,,,13.67,11.46,15.62,,,,,,,,,,
2023-11-06,42.33,39.88,44.96,,,,25.36,22.84,27.63,,,,10.49,8.48,12.67,,,,3.57,1.7,5.81,,,,2.38,0.43,4.66,,,,1.13,-1.66,3.91,,,,13.73,11.52,15.66,,,,,,,,,,
2023-11-07,42.26,39.81,44.89,,,,25.37,22.85,27.65,,,,10.48,8.48,12.66,,,,3.57,1.71,5.82,,,,2.39,0.43,4.67,,,,1.14,-1.69,3.9,,,,13.79,11.55,15.72,,,,,,,,,,
2023-11-08,42.2,39.75,44.82,,,,25.38,22.87,27.65,,,,10.47,8.48,12.64,,,,3.57,1.72,5.83,,,,2.39,0.4,4.66,,,,1.14,-1.69,3.98,,,,13.85,11.6,15.77,,,,37.0,32.0,9.0,4.0,1.0,,15.0
2023-11-09,42.13,39.7,44.75,,,,25.39,22.88,27.64,,,,10.45,8.49,12.62,,,,3.58,1.73,5.84,,,,2.4,0.4,4.65,,,,1.14,-1.68,3.94,,,,13.9,11.64,15.82,,,,,,,,,,
2023-11-10,42.07,39.64,44.67,,,,25.4,22.89,27.64,,,,10.44,8.47,12.62,,,,3.58,1.74,5.85,,,,2.41,0.37,4.64,,,,1.14,-1.67,3.89,,,,13.96,11.71,15.91,,,,,,,,,,
2023-11-11,42.0,39.59,44.58,,,,25.41,22.85,27.64,,,,10.43,8.41,12.6,,,,3.58,1.75,5.86,,,,2.41,0.33,4.62,,,,1.14,-1.66,3.87,,,,14.03,11.75,16.0,,,,,,,,,,
2023-11-12,41.94,39.53,44.47,,,,25.42,22.87,27.64,,,,10.41,8.4,12.61,,,,3.59,1.73,5.86,,,,2.42,0.34,4.61,,,,1.15,-1.65,3.82,,,,14.09,11.83,16.09,,,,,,,,,,
2023-11-13,41.87,39.49,44.39,,,,25.43,22.9,27.63,,,,10.4,8.39,12.62,,,,3.59,1.71,5.85,,,,2.42,0.34,4.59,,,,1.15,-1.64,3.77,,,,14.15,11.86,16.17,,,,,,,,,,
2023-11-14,41.8,39.44,44.32,,,,25.44,22.94,27.62,,,,10.38,8.38,12.61,,,,3.6,1.73,5.84,,,,2.43,0.35,4.59,,,,1.15,-1.63,3.75,,,,14.22,11.91,16.26,,,,,,,,,,
2023-11-15,41.73,39.36,44.25,,,,25.46,22.99,27.63,,,,10.37,8.39,12.59,,,,3.6,1.72,5.82,,,,2.44,0.36,4.58,,,,1.15,-1.64,3.77,,,,14.28,12.0,16.35,,,,37.0,26.0,10.0,4.0,3.0,,17.0
2023-11-16,41.67,39.29,44.17,,,,25.47,23.01,27.65,,,,10.35,8.4,12.57,,,,3.61,1.7,5.81,,,,2.44,0.37,4.61,,,,1.16,-1.6,3.8,,,,14.35,12.09,16.44,,,,,,,,,,
2023-11-17,41.6,39.23,44.12,,,,25.48,22.99,27.7,,,,10.33,8.39,12.55,,,,3.61,1.68,5.8,,,,2.45,0.39,4.64,,,,1.16,-1.53,3.82,,,,14.42,12.16,16.54,,,,,,,,,,
2023-11-18,41.53,39.19,44.07,,,,25.49,22.98,27.76,,,,10.31,8.35,12.54,,,,3.62,1.68,5.81,,,,2.45,0.41,4.66,,,,1.16,-1.47,3.81,,,,14.48,12.25,16.63,,,,,,,,,,
2023-11-19,41.46,39.13,44.01,,,,25.5,22.96,27.82,,,,10.29,8.35,12.51,,,,3.63,1.7,5.81,,,,2.46,0.41,4.65,,,,1.16,-1.54,3.85,,,,14.55,12.35,16.72,,,,,,,,,,
2023-11-20,41.39,39.06,43.95,,,,25.51,23.0,27.82,,,,10.27,8.33,12.48,,,,3.63,1.72,5.81,,,,2.47,0.44,4.61,,,,1.16,-1.53,3.9,,,,14.62,12.45,16.82,,,,,,,,,,
2023-11-21,41.32,38.91,43.88,,,,25.52,23.04,27.81,,,,10.25,8.28,12.45,,,,3.64,1.73,5.81,,,,2.47,0.42,4.57,,,,1.17,-1.57,3.94,,,,14.7,12.53,16.91,,,,,,,,,,
2023-11-22,41.25,38.82,43.81,,,,25.53,23.09,27.78,,,,10.23,8.24,12.41,,,,3.64,1.75,5.8,,,,2.48,0.41,4.53,,,,1.17,-1.65,3.98,,,,14.77,12.62,17.0,,,,,,,,,,
2023-11-23,41.18,38.75,43.78,,,,25.54,23.14,27.76,,,,10.21,8.2,12.38,,,,3.65,1.77,5.8,,,,2.48,0.42,4.5,,,,1.17,-1.7,4.02,,,,14.84,12.71,17.05,,,,44.0,21.0,13.0,4.0,4.0,1.0,12.0
2023-11-24,41.11,38.71,43.74,,,,25.55,23.16,27.76,,,,10.19,8.2,12.37,,,,3.65,1.75,5.79,,,,2.49,0.43,4.47,,,,1.17,-1.71,4.07,,,,14.92,12.8,17.15,,,,,,,,,,
2023-11-25,41.04,38.68,43.68,,,,25.56,23.17,27.79,,,,10.17,8.21,12.37,,,,3.66,1.73,5.78,,,,2.5,0.47,4.45,,,,1.17,-1.77,4.1,,,,14.99,12.86,17.23,,,,,,,,,,
2023-11-26,40.97,38.59,43.62,,,,25.57,23.19,27.8,,,,10.15,8.15,12.38,,,,3.66,1.72,5.77,,,,2.5,0.51,4.43,,,,1.18,-1.85,4.14,,,,15.07,12.9,17.27,,,,,,,,,,
2023-11-27,40.9,38.5,43.55,,,,25.57,23.2,27.81,,,,10.13,8.1,12.38,,,,3.67,1.71,5.76,,,,2.51,0.49,4.41,,,,1.18,-1.92,4.17,,,,15.15,12.93,17.38,,,,,,,,,,
2023-11-28,40.83,38.45,43.49,,,,25.58,23.22,27.82,,,,10.1,8.07,12.38,,,,3.68,1.71,5.74,,,,2.51,0.5,4.39,,,,1.18,-1.77,4.22,,,,15.22,13.0,17.44,,,,,,,,,,
2023-11-29,40.77,38.41,43.43,,,,25.58,23.23,27.82,,,,10.08,8.06,12.37,,,,3.68,1.72,5.71,,,,2.52,0.55,4.37,,,,1.18,-1.74,4.28,,,,15.3,13.09,17.47,,,,,,,,,,
2023-11-30,40.7,38.32,43.28,,,,25.59,23.27,27.82,,,,10.06,8.05,12.3,,,,3.69,1.75,5.69,,,,2.53,0.54,4.38,,,,1.18,-1.72,4.27,,,,15.38,13.18,17.48,,,,37.0,27.0,8.0,4.0,4.0,2.0,15.0
2023-12-01,40.63,38.2,43.14,,,,25.59,23.29,27.81,,,,10.04,8.04,12.24,,,,3.69,1.74,5.7,,,,2.53,0.53,4.4,,,,1.19,-1.71,4.35,,,,15.46,13.27,17.49,,,,,,,,,,
2023-12-02,40.56,38.14,43.09,,,,25.59,23.28,27.81,,,,10.01,8.0,12.2,,,,3.7,1.74,5.68,,,,2.54,0.54,4.43,,,,1.19,-1.68,4.46,,,,15.54,13.37,17.54,,,,,,,,,,
2023-12-03,40.5,38.07,43.03,,,,25.6,23.28,27.79,,,,9.99,7.99,12.2,,,,3.7,1.74,5.66,,,,2.55,0.57,4.45,,,,1.19,-1.73,4.54,,,,15.61,13.46,17.62,,,,,,,,,,
2023-12-04,40.43,38.04,42.96,,,,25.6,23.26,27.8,,,,9.97,7.92,12.14,,,,3.71,1.77,5.64,,,,2.55,0.59,4.47,,,,1.19,-1.81,4.59,,,,15.69,13.56,17.66,,,,,,,,,,
2023-12-05,40.37,38.01,42.94,,,,25.6,23.24,27.78,,,,9.94,7.89,12.05,,,,3.71,1.81,5.61,,,,2.56,0.6,4.5,,,,1.19,-1.83,4.55,,,,15.77,13.61,17.7,,,,,,,,,,
2023-12-06,40.31,37.99,42.9,,,,25.59,23.23,27.78,,,,9.92,7.87,12.04,,,,3.72,1.82,5.59,,,,2.56,0.63,4.52,,,,1.2,-1.8,4.52,,,,15.85,13.63,17.73,,,,,,,,,,
2023-12-07,40.25,37.95,42.85,,,,25.59,23.2,27.79,,,,9.89,7.84,12.0,,,,3.72,1.82,5.57,,,,2.57,0.59,4.54,,,,1.2,-1.78,4.54,,,,15.93,13.66,17.85,,,,39.0,28.0,9.0,3.0,3.0,,17.0
2023-12-08,40.19,37.89,42.8,,,,25.59,23.18,27.79,,,,9.87,7.82,12.0,,,,3.73,1.8,5.58,,,,2.57,0.63,4.54,,,,1.2,-1.81,4.52,,,,16.01,13.68,17.93,,,,,,,,,,
2023-12-09,40.13,37.86,42.73,,,,25.58,23.15,27.78,,,,9.85,7.85,12.0,,,,3.73,1.78,5.58,,,,2.58,0.69,4.53,,,,1.2,-1.85,4.6,,,,16.09,13.69,18.0,,,,,,,,,,
2023-12-10,40.07,37.78,42.66,,,,25.58,23.16,27.76,,,,9.82,7.85,12.0,,,,3.73,1.76,5.59,,,,2.58,0.73,4.56,,,,1.2,-1.88,4.63,,,,16.17,13.7,18.09,,,,,,,,,,
2023-12-11,40.02,37.7,42.6,,,,25.57,23.2,27.75,,,,9.8,7.8,12.0,,,,3.74,1.75,5.58,,,,2.59,0.73,4.58,,,,1.2,-1.9,4.59,,,,16.25,13.78,18.23,,,,,,,,,,
2023-12-12,39.96,37.65,42.53,,,,25.56,23.19,27.73,,,,9.78,7.76,11.97,,,,3.74,1.73,5.61,,,,2.59,0.73,4.56,,,,1.2,-1.92,4.54,,,,16.33,13.86,18.35,,,,,,,,,,
2023-12-13,39.91,37.61,42.5,,,,25.55,23.21,27.71,,,,9.75,7.72,11.92,,,,3.74,1.75,5.64,,,,2.6,0.72,4.58,,,,1.2,-2.02,4.5,,,,16.41,13.93,18.45,,,,43.0,25.0,11.0,2.0,1.0,,17.0
2023-12-14,39.86,37.57,42.48,,,,25.55,23.21,27.7,,,,9.73,7.67,11.88,,,,3.75,1.76,5.66,,,,2.6,0.7,4.6,,,,1.2,-2.14,4.45,,,,16.49,14.06,18.5,,,,,,,,,,
2023-12-15,39.81,37.51,42.46,,,,25.54,23.22,27.71,,,,9.71,7.61,11.87,,,,3.75,1.76,5.69,,,,2.6,0.69,4.61,,,,1.2,-2.13,4.39,,,,16.57,14.2,18.53,,,,,,,,,,
2023-12-16,39.76,37.42,42.43,,,,25.53,23.23,27.72,,,,9.68,7.59,11.86,,,,3.75,1.75,5.72,,,,2.6,0.67,4.62,,,,1.2,-2.12,4.33,,,,16.65,14.32,18.56,,,,,,,,,,
2023-12-17,39.71,37.37,42.41,,,,25.52,23.3,27.73,,,,9.66,7.53,11.85,,,,3.75,1.74,5.74,,,,2.61,0.66,4.64,,,,1.2,-2.23,4.32,,,,16.73,14.34,18.73,,,,,,,,,,
2023-12-18,39.66,37.31,42.35,,,,25.51,23.3,27.72,,,,9.64,7.47,11.86,,,,3.75,1.72,5.74,,,,2.61,0.65,4.63,,,,1.2,-2.17,4.4,,,,16.81,14.36,18.91,,,,,,,,,,
2023-12-19,39.61,37.21,42.24,,,,25.5,23.25,27.75,,,,9.62,7.41,11.88,,,,3.75,1.72,5.75,,,,2.61,0.64,4.6,,,,1.2,-2.16,4.34,,,,16.89,14.43,19.02,,,,,,,,,,
2023-12-20,39.57,37.15,42.13,,,,25.49,23.28,27.71,,,,9.59,7.36,11.84,,,,3.75,1.72,5.72,,,,2.61,0.61,4.61,,,,1.2,-2.16,4.33,,,,16.97,14.54,19.07,,,,38.0,23.0,11.0,3.0,3.0,,19.0
2023-12-21,39.52,37.11,42.05,,,,25.48,23.3,27.7,,,,9.57,7.35,11.81,,,,3.75,1.71,5.71,,,,2.61,0.63,4.63,,,,1.2,-2.13,4.31,,,,17.05,14.65,19.12,,,,,,,,,,
2023-12-22,39.48,37.08,42.03,,,,25.47,23.29,27.72,,,,9.55,7.32,11.8,,,,3.75,1.71,5.72,,,,2.61,0.62,4.64,,,,1.2,-2.16,4.28,,,,17.13,14.72,19.18,,,,,,,,,,
2023-12-23,39.44,37.06,41.97,,,,25.46,23.29,27.75,,,,9.53,7.25,11.79,,,,3.75,1.71,5.77,,,,2.61,0.62,4.65,,,,1.2,-2.18,4.3,,,,17.22,14.81,19.23,,,,,,,,,,
2023-12-24,39.39,37.01,41.9,,,,25.45,23.27,27.77,,,,9.51,7.21,11.78,,,,3.75,1.72,5.81,,,,2.61,0.61,4.66,,,,1.2,-2.21,4.26,,,,17.3,14.87,19.28,,,,,,,,,,
2023-12-25,39.35,36.96,41.81,,,,25.44,23.22,27.76,,,,9.48,7.2,11.76,,,,3.75,1.71,5.85,,,,2.61,0.58,4.66,,,,1.2,-2.23,4.27,,,,17.38,14.95,19.35,,,,,,,,,,
2023-12-26,39.31,36.9,41.73,,,,25.44,23.17,27.72,,,,9.46,7.14,11.75,,,,3.75,1.69,5.88,,,,2.61,0.59,4.66,,,,1.19,-2.25,4.33,,,,17.46,15.03,19.47,,,,,,,,,,
2023-12-27,39.27,36.85,41.7,,,,25.43,23.14,27.73,,,,9.44,7.11,11.73,,,,3.75,1.69,5.91,,,,2.61,0.57,4.64,,,,1.19,-2.28,4.38,,,,17.54,15.11,19.6,,,,,,,,,,
2023-12-28,39.22,36.76,41.7,,,,25.42,23.2,27.74,,,,9.42,7.06,11.74,,,,3.75,1.66,5.95,,,,2.61,0.54,4.65,,,,1.19,-2.3,4.43,,,,17.62,15.2,19.73,,,,,,,,,,
2023-12-29,39.18,36.67,41.69,,,,25.41,23.27,27.75,,,,9.4,7.02,11.74,,,,3.75,1.65,5.96,,,,2.6,0.49,4.67,,,,1.19,-2.22,4.48,,,,17.7,15.29,19.84,,,,,,,,,,
2023-12-30,39.14,36.6,41.68,,,,25.41,23.3,27.74,,,,9.37,6.97,11.73,,,,3.75,1.64,5.96,,,,2.6,0.43,4.63,,,,1.19,-2.25,4.44,,,,17.78,15.37,19.91,,,,,,,,,,
2023-12-31,39.1,36.54,41.67,,,,25.4,23.29,27.74,,,,9.35,6.93,11.74,,,,3.75,1.63,5.97,,,,2.6,0.42,4.58,,,,1.18,-2.22,4.4,,,,17.87,15.47,19.99,,,,,,,,,,
2024-01-01,39.06,36.53,41.65,,,,25.4,23.29,27.72,,,,9.33,6.88,11.71,,,,3.75,1.63,5.97,,,,2.6,0.4,4.54,,,,1.18,-2.2,4.35,,,,17.95,15.56,20.06,,,,,,,,,,
2024-01-02,39.02,36.52,41.58,,,,25.39,23.28,27.71,,,,9.31,6.84,11.65,,,,3.75,1.62,5.97,,,,2.59,0.4,4.51,,,,1.18,-2.19,4.32,,,,18.03,15.65,20.12,,,,,,,,,,
2024-01-03,38.97,36.52,41.51,,,,25.39,23.28,27.69,,,,9.29,6.8,11.59,,,,3.75,1.59,5.97,,,,2.59,0.39,4.5,,,,1.18,-2.17,4.33,,,,18.11,15.71,20.15,,,,42.0,22.0,12.0,6.0,3.0,,14.0
2024-01-04,38.93,36.49,41.5,,,,25.38,23.28,27.67,,,,9.27,6.75,11.53,,,,3.75,1.51,5.98,,,,2.59,0.38,4.49,,,,1.17,-2.16,4.4,,,,18.19,15.77,20.22,,,,,,,,,,
2024-01-05,38.89,36.45,41.43,,,,25.37,23.28,27.65,,,,9.25,6.71,11.5,,,,3.75,1.49,5.97,,,,2.58,0.37,4.49,,,,1.17,-2.15,4.5,,,,18.28,15.85,20.32,,,,,,,,,,
2024-01-06,38.85,36.43,41.37,,,,25.37,23.28,27.64,,,,9.23,6.68,11.47,,,,3.76,1.49,5.97,,,,2.58,0.35,4.48,,,,1.17,-2.13,4.58,,,,18.36,15.92,20.41,,,,,,,,,,
2024-01-07,38.81,36.39,41.29,,,,25.36,23.27,27.64,,,,9.21,6.65,11.45,,,,3.76,1.48,5.96,,,,2.57,0.34,4.47,,,,1.17,-2.14,4.67,,,,18.44,15.99,20.48,,,,,,,,,,
2024-01-08,38.77,36.26,41.21,,,,25.36,23.22,27.62,,,,9.19,6.63,11.42,,,,3.76,1.48,5.96,,,,2.57,0.33,4.45,,,,1.16,-2.14,4.77,,,,18.52,16.06,20.55,,,,,,,,,,
2024-01-09,38.73,36.14,41.15,,,,25.35,23.18,27.6,,,,9.17,6.58,11.38,,,,3.76,1.49,5.96,,,,2.56,0.32,4.44,,,,1.16,-2.16,4.86,,,,18.6,16.12,20.62,,,,,,,,,,
2024-01-10,38.69,36.09,41.07,,,,25.35,23.15,27.58,,,,9.15,6.54,11.35,,,,3.77,1.52,5.95,,,,2.55,0.28,4.42,,,,1.16,-2.17,4.9,,,,18.69,16.17,20.72,,,,,,,,,,
2024-01-11,38.64,36.05,40.99,,,,25.34,23.12,27.58,,,,9.13,6.55,11.34,,,,3.77,1.55,5.95,,,,2.55,0.26,4.4,,,,1.15,-2.22,4.93,,,,18.77,16.22,20.85,,,,39.0,25.0,7.0,5.0,2.0,1.0,19.0
2024-01-12,38.6,36.02,40.91,,,,25.34,23.09,27.59,,,,9.11,6.55,11.34,,,,3.78,1.55,5.93,,,,2.54,0.28,4.37,,,,1.15,-2.26,4.97,,,,18.85,16.28,20.95,,,,,,,,,,
2024-01-13,38.56,36.0,40.9,,,,25.33,23.07,27.59,,,,9.09,6.54,11.34,,,,3.78,1.53,5.93,,,,2.54,0.25,4.38,,,,1.15,-2.3,4.94,,,,18.93,16.32,21.0,,,,,,,,,,
2024-01-14,38.52,35.98,40.87,,,,25.33,23.09,27.62,,,,9.08,6.54,11.35,,,,3.78,1.51,5.93,,,,2.53,0.21,4.38,,,,1.14,-2.3,4.91,,,,19.02,16.39,21.05,,,,,,,,,,
2024-01-15,38.47,35.96,40.86,,,,25.32,23.1,27.66,,,,9.06,6.54,11.34,,,,3.79,1.52,5.9,,,,2.52,0.18,4.39,,,,1.14,-2.38,4.87,,,,19.1,16.44,21.11,,,,,,,,,,
2024-01-16,38.43,35.9,40.84,,,,25.32,23.07,27.66,,,,9.04,6.54,11.35,,,,3.8,1.53,5.9,,,,2.52,0.15,4.4,,,,1.14,-2.44,4.82,,,,19.18,16.5,21.2,,,,,,,,,,
2024-01-17,38.39,35.83,40.81,,,,25.31,23.04,27.66,,,,9.03,6.55,11.33,,,,3.8,1.54,5.9,,,,2.51,0.13,4.41,,,,1.13,-2.48,4.78,,,,19.27,16.55,21.3,,,,36.0,29.0,8.0,5.0,2.0,,20.0
2024-01-18,38.34,35.75,40.77,,,,25.3,22.96,27.67,,,,9.01,6.55,11.28,,,,3.81,1.55,5.9,,,,2.5,0.11,4.39,,,,1.13,-2.52,4.72,,,,19.35,16.61,21.39,,,,,,,,,,
2024-01-19,38.3,35.66,40.67,,,,25.3,22.92,27.66,,,,8.99,6.56,11.24,,,,3.81,1.57,5.9,,,,2.5,0.1,4.37,,,,1.12,-2.56,4.67,,,,19.43,16.74,21.55,,,,,,,,,,
2024-01-20,38.25,35.59,40.58,,,,25.29,22.91,27.65,,,,8.98,6.57,11.18,,,,3.82,1.56,5.9,,,,2.49,0.15,4.36,,,,1.12,-2.61,4.62,,,,19.52,16.82,21.65,,,,,,,,,,
2024-01-21,38.2,35.52,40.56,,,,25.29,22.91,27.65,,,,8.96,6.55,11.13,,,,3.83,1.55,5.9,,,,2.48,0.2,4.39,,,,1.12,-2.65,4.57,,,,19.6,16.93,21.73,,,,,,,,,,
2024-01-22,38.16,35.45,40.56,,,,25.28,22.89,27.64,,,,8.94,6.51,11.11,,,,3.83,1.52,5.91,,,,2.48,0.2,4.43,,,,1.11,-2.69,4.62,,,,19.69,17.05,21.81,,,,,,,,,,
2024-01-23,38.11,35.39,40.56,,,,25.28,22.86,27.64,,,,8.93,6.46,11.1,,,,3.84,1.49,5.92,,,,2.47,0.22,4.45,,,,1.11,-2.71,4.69,,,,19.77,17.16,21.9,,,,,,,,,,
2024-01-24,38.06,35.36,40.55,,,,25.27,22.84,27.56,,,,8.91,6.42,11.08,,,,3.85,1.46,5.92,,,,2.47,0.25,4.46,,,,1.1,-2.71,4.62,,,,19.85,17.26,21.99,,,,35.0,25.0,9.0,3.0,3.0,,22.0
2024-01-25,38.01,35.32,40.53,,,,25.26,22.81,27.5,,,,8.9,6.38,11.1,,,,3.85,1.47,5.92,,,,2.46,0.23,4.46,,,,1.1,-2.73,4.52,,,,19.94,17.32,22.07,,,,,,,,,,
2024-01-26,37.96,35.28,40.45,,,,25.26,22.77,27.45,,,,8.88,6.34,11.06,,,,3.86,1.49,5.92,,,,2.46,0.2,4.47,,,,1.09,-2.75,4.55,,,,20.02,17.39,22.15,,,,,,,,,,
2024-01-27,37.92,35.24,40.42,,,,25.25,22.77,27.43,,,,8.87,6.31,11.01,,,,3.87,1.52,5.94,,,,2.45,0.22,4.48,,,,1.09,-2.74,4.61,,,,20.1,17.46,22.24,,,,,,,,,,
2024-01-28,37.87,35.21,40.39,,,,25.25,22.75,27.43,,,,8.85,6.32,10.97,,,,3.88,1.55,5.97,,,,2.44,0.21,4.47,,,,1.08,-2.71,4.65,,,,20.19,17.52,22.32,,,,,,,,,,
2024-01-29,37.82,35.16,40.28,,,,25.24,22.76,27.45,,,,8.84,6.34,10.91,,,,3.88,1.59,6.0,,,,2.44,0.18,4.42,,,,1.08,-2.71,4.63,,,,20.27,17.63,22.38,,,,,,,,,,
2024-01-30,37.76,35.12,40.15,,,,25.24,22.81,27.46,,,,8.82,6.38,10.91,,,,3.89,1.64,5.98,,,,2.43,0.15,4.37,,,,1.07,-2.69,4.6,,,,20.35,17.74,22.46,,,,,,,,,,
2024-01-31,37.71,35.08,40.14,,,,25.24,22.83,27.47,,,,8.81,6.41,10.91,,,,3.9,1.66,5.96,,,,2.43,0.13,4.35,,,,1.07,-2.71,4.6,,,,20.43,17.85,22.56,,,,43.0,22.0,9.0,2.0,3.0,1.0,20.0
2024-02-01,37.66,35.03,40.04,,,,25.23,22.79,27.48,,,,8.79,6.4,10.9,,,,3.9,1.67,5.95,,,,2.43,0.12,4.35,,,,1.07,-2.69,4.55,,,,20.51,17.92,22.66,,,,,,,,,,
2024-02-02,37.61,34.98,39.94,,,,25.23,22.7,27.5,,,,8.78,6.37,10.88,,,,3.91,1.68,5.95,,,,2.42,0.11,4.34,,,,1.06,-2.67,4.5,,,,20.59,18.03,22.73,,,,,,,,,,
2024-02-03,37.56,34.92,39.88,,,,25.23,22.69,27.51,,,,8.77,6.33,10.86,,,,3.92,1.7,5.92,,,,2.42,0.1,4.33,,,,1.06,-2.66,4.49,,,,20.67,18.1,22.84,,,,,,,,,,
2024-02-04,37.5,34.81,39.86,,,,25.22,22.69,27.52,,,,8.75,6.3,10.85,,,,3.92,1.68,5.89,,,,2.41,0.1,4.3,,,,1.05,-2.64,4.47,,,,20.75,18.16,22.92,,,,,,,,,,
2024-02-05,37.45,34.78,39.83,,,,25.22,22.66,27.54,,,,8.74,6.28,10.81,,,,3.93,1.66,5.88,,,,2.41,0.09,4.27,,,,1.05,-2.51,4.45,,,,20.83,18.3,23.0,,,,,,,,,,
2024-02-06,37.4,34.76,39.8,,,,25.22,22.65,27.51,,,,8.73,6.26,10.81,,,,3.94,1.64,5.83,,,,2.41,0.1,4.28,,,,1.04,-2.49,4.44,,,,20.9,18.43,23.08,,,,,,,,,,
2024-02-07,37.34,34.7,39.71,,,,25.22,22.65,27.48,,,,8.72,6.23,10.8,,,,3.94,1.62,5.8,,,,2.4,0.11,4.26,,,,1.04,-2.5,4.42,,,,20.97,18.44,23.15,,,,,,,,,,
2024-02-08,37.29,34.64,39.69,,,,25.22,22.62,27.46,,,,8.71,6.24,10.77,,,,3.95,1.57,5.79,,,,2.4,0.07,4.27,,,,1.04,-2.49,4.45,,,,21.05,18.46,23.22,,,,37.0,26.0,7.0,4.0,3.0,,21.0
2024-02-09,37.24,34.54,39.66,,,,25.22,22.61,27.44,,,,8.7,6.26,10.72,,,,3.95,1.49,5.79,,,,2.4,0.06,4.25,,,,1.03,-2.49,4.48,,,,21.12,18.48,23.28,,,,,,,,,,
2024-02-10,37.18,34.49,39.64,,,,25.21,22.59,27.45,,,,8.7,6.18,10.7,,,,3.96,1.46,5.78,,,,2.4,0.05,4.24,,,,1.03,-2.46,4.5,,,,21.19,18.52,23.34,,,,,,,,,,
2024-02-11,37.13,34.44,39.59,,,,25.21,22.62,27.45,,,,8.69,6.15,10.71,,,,3.96,1.45,5.76,,,,2.39,0.04,4.23,,,,1.02,-2.43,4.54,,,,21.26,18.55,23.4,,,,,,,,,,
2024-02-12,37.07,34.37,39.48,,,,25.21,22.63,27.45,,,,8.68,6.17,10.72,,,,3.97,1.47,5.75,,,,2.39,0.04,4.25,,,,1.02,-2.39,4.55,,,,21.32,18.56,23.45,,,,,,,,,,
2024-02-13,37.02,34.3,39.37,,,,25.21,22.6,27.41,,,,8.68,6.18,10.71,,,,3.97,1.44,5.75,,,,2.39,0.03,4.22,,,,1.02,-2.41,4.56,,,,21.38,18.58,23.52,,,,,,,,,,
2024-02-14,36.97,34.23,39.26,,,,25.21,22.56,27.38,,,,8.67,6.16,10.73,,,,3.98,1.4,5.74,,,,2.39,0.02,4.2,,,,1.01,-2.48,4.42,,,,21.45,18.6,23.57,,,,,,,,,,
2024-02-15,36.91,34.16,39.15,,,,25.22,22.54,27.33,,,,8.67,6.16,10.74,,,,3.98,1.36,5.72,,,,2.39,0.02,4.19,,,,1.01,-2.39,4.43,,,,21.51,18.62,23.66,,,,42.0,23.0,10.0,3.0,3.0,,17.0
2024-02-16,36.86,34.08,39.1,,,,25.22,22.53,27.36,,,,8.67,6.14,10.76,,,,3.98,1.33,5.73,,,,2.38,0.01,4.19,,,,1.01,-2.32,4.44,,,,21.56,18.67,23.72,,,,,,,,,,
2024-02-17,36.81,34.01,39.05,,,,25.22,22.51,27.4,,,,8.67,6.12,10.79,,,,3.99,1.31,5.73,,,,2.38,-0.01,4.23,,,,1.01,-2.41,4.46,,,,21.62,18.73,23.72,,,,,,,,,,
2024-02-18,36.75,34.0,39.03,,,,25.22,22.51,27.43,,,,8.67,6.1,10.81,,,,3.99,1.3,5.75,,,,2.38,-0.02,4.27,,,,1.01,-2.49,4.47,,,,21.67,18.79,23.75,,,,,,,,,,
2024-02-19,36.7,33.99,39.02,,,,25.22,22.51,27.47,,,,8.67,6.08,10.81,,,,3.99,1.3,5.78,,,,2.38,-0.02,4.31,,,,1.0,-2.45,4.44,,,,21.73,18.84,23.81,,,,,,,,,,
2024-02-20,36.65,33.92,38.89,,,,25.23,22.52,27.5,,,,8.67,6.07,10.8,,,,3.99,1.31,5.78,,,,2.38,-0.02,4.34,,,,1.0,-2.44,4.42,,,,21.77,18.9,23.87,,,,,,,,,,
2024-02-21,36.59,33.89,38.81,,,,25.23,22.53,27.54,,,,8.67,6.06,10.79,,,,4.0,1.33,5.77,,,,2.38,-0.02,4.37,,,,1.0,-2.47,4.39,,,,21.82,18.92,23.93,,,,35.0,27.0,8.0,4.0,2.0,1.0,22.0
2024-02-22,36.54,33.85,38.74,,,,25.24,22.54,27.57,,,,8.67,6.06,10.79,,,,4.0,1.34,5.76,,,,2.38,-0.03,4.35,,,,1.0,-2.5,4.44,,,,21.87,18.94,23.99,,,,,,,,,,
2024-02-23,36.48,33.82,38.69,,,,25.24,22.55,27.56,,,,8.67,6.03,10.79,,,,4.0,1.33,5.76,,,,2.38,-0.03,4.33,,,,1.0,-2.51,4.47,,,,21.91,18.98,24.05,,,,,,,,,,
2024-02-24,36.43,33.79,38.63,,,,25.25,22.57,27.55,,,,8.68,6.01,10.78,,,,4.0,1.3,5.78,,,,2.38,-0.03,4.36,,,,1.0,-2.47,4.47,,,,21.95,19.03,24.1,,,,,,,,,,
2024-02-25,36.38,33.74,38.63,,,,25.26,22.58,27.53,,,,8.68,5.99,10.8,,,,4.0,1.3,5.77,,,,2.38,-0.02,4.41,,,,1.0,-2.46,4.41,,,,21.99,19.07,24.12,,,,,,,,,,
2024-02-26,36.33,33.65,38.56,,,,25.27,22.6,27.53,,,,8.69,5.98,10.83,,,,4.0,1.32,5.77,,,,2.38,-0.02,4.4,,,,1.0,-2.52,4.34,,,,22.03,19.07,24.14,,,,,,,,,,
2024-02-27,36.27,33.57,38.49,,,,25.27,22.61,27.56,,,,8.69,6.02,10.86,,,,4.0,1.32,5.84,,,,2.38,-0.02,4.41,,,,1.0,-2.48,4.39,,,,22.06,19.09,24.17,,,,,,,,,,
2024-02-28,36.22,33.53,38.43,,,,25.28,22.63,27.58,,,,8.7,6.06,10.89,,,,4.0,1.32,5.9,,,,2.38,-0.01,4.4,,,,1.0,-2.41,4.39,,,,22.1,19.1,24.2,,,,,,,,,,
2024-02-29,36.17,33.45,38.36,,,,25.3,22.65,27.63,,,,8.71,6.1,10.9,,,,4.0,1.33,5.94,,,,2.38,0.03,4.39,,,,1.0,-2.39,4.35,,,,22.13,19.11,24.22,,,,37.0,28.0,5.0,3.0,1.0,1.0,26.0
2024-03-01,36.12,33.37,38.31,,,,25.31,22.67,27.65,,,,8.71,6.12,10.9,,,,4.0,1.32,5.94,,,,2.37,0.03,4.38,,,,1.0,-2.38,4.3,,,,22.16,19.12,24.23,,,,,,,,,,
2024-03-02,36.07,33.29,38.29,,,,25.32,22.66,27.65,,,,8.72,6.13,10.9,,,,4.0,1.31,5.92,,,,2.37,-0.0,4.37,,,,1.0,-2.38,4.24,,,,22.18,19.13,24.24,,,,,,,,,,
2024-03-03,36.02,33.2,38.27,,,,25.33,22.63,27.66,,,,8.73,6.15,10.9,,,,4.0,1.3,5.89,,,,2.37,-0.01,4.36,,,,1.0,-2.35,4.17,,,,22.21,19.14,24.25,,,,,,,,,,
2024-03-04,35.97,33.12,38.24,,,,25.35,22.67,27.67,,,,8.74,6.17,10.91,,,,4.0,1.29,5.87,,,,2.37,-0.0,4.35,,,,1.0,-2.34,4.11,,,,22.23,19.16,24.25,,,,,,,,,,
2024-03-05,35.93,33.04,38.21,,,,25.36,22.68,27.68,,,,8.75,6.2,10.91,,,,3.99,1.28,5.9,,,,2.37,-0.01,4.33,,,,1.0,-2.31,4.03,,,,22.25,19.17,24.29,,,,,,,,,,
2024-03-06,35.88,32.97,38.18,,,,25.37,22.64,27.68,,,,8.76,6.17,10.89,,,,3.99,1.28,5.9,,,,2.37,-0.01,4.32,,,,1.0,-2.26,3.96,,,,22.27,19.18,24.37,,,,,,,,,,
2024-03-07,35.84,32.89,38.15,,,,25.39,22.61,27.7,,,,8.77,6.15,10.91,,,,3.99,1.27,5.93,,,,2.37,-0.06,4.3,,,,1.0,-2.22,3.87,,,,22.28,19.19,24.44,,,,33.0,32.0,9.0,4.0,1.0,,21.0
2024-03-08,35.8,32.89,38.08,,,,25.41,22.61,27.72,,,,8.78,6.13,10.89,,,,3.99,1.28,5.97,,,,2.37,-0.11,4.29,,,,1.0,-2.17,3.84,,,,22.29,19.2,24.49,,,,,,,,,,
2024-03-09,35.76,32.91,38.01,,,,25.42,22.64,27.74,,,,8.79,6.12,10.89,,,,3.99,1.29,6.0,,,,2.37,-0.16,4.3,,,,1.0,-2.15,3.85,,,,22.3,19.21,24.52,,,,,,,,,,
2024-03-10,35.72,32.94,37.95,,,,25.44,22.68,27.8,,,,8.81,6.17,10.93,,,,3.98,1.31,6.03,,,,2.37,-0.19,4.32,,,,1.0,-2.17,3.85,,,,22.31,19.22,24.55,,,,,,,,,,
2024-03-11,35.68,32.93,37.9,,,,25.46,22.75,27.77,,,,8.82,6.21,10.97,,,,3.98,1.32,6.06,,,,2.37,-0.22,4.37,,,,1.0,-2.11,3.85,,,,22.32,19.23,24.61,,,,,,,,,,
2024-03-12,35.65,32.89,37.87,,,,25.48,22.82,27.79,,,,8.83,6.25,11.02,,,,3.98,1.32,6.07,,,,2.37,-0.2,4.39,,,,1.0,-2.07,3.86,,,,22.32,19.23,24.63,,,,,,,,,,
2024-03-13,35.61,32.85,37.83,,,,25.49,22.84,27.81,,,,8.84,6.3,11.03,,,,3.97,1.29,6.05,,,,2.36,-0.19,4.38,,,,1.0,-2.03,3.85,,,,22.33,19.24,24.61,,,,36.0,24.0,8.0,6.0,2.0,,23.0
2024-03-14,35.58,32.86,37.81,,,,25.51,22.83,27.82,,,,8.85,6.35,11.0,,,,3.97,1.3,6.04,,,,2.36,-0.16,4.38,,,,1.0,-2.07,3.86,,,,22.33,19.21,24.59,,,,,,,,,,
2024-03-15,35.55,32.87,37.8,,,,25.53,22.87,27.84,,,,8.86,6.4,11.02,,,,3.97,1.31,6.02,,,,2.36,-0.14,4.35,,,,1.0,-2.1,3.84,,,,22.33,19.17,24.57,,,,,,,,,,
2024-03-16,35.51,32.9,37.77,,,,25.54,22.91,27.84,,,,8.87,6.4,11.04,,,,3.96,1.32,6.0,,,,2.36,-0.11,4.37,,,,1.0,-2.0,3.83,,,,22.33,19.13,24.56,,,,,,,,,,
2024-03-17,35.48,32.93,37.75,,,,25.56,22.93,27.84,,,,8.89,6.38,11.05,,,,3.96,1.32,5.98,,,,2.36,-0.09,4.38,,,,1.0,-1.91,3.82,,,,22.32,19.09,24.53,,,,,,,,,,
2024-03-18,35.46,32.96,37.73,,,,25.58,22.97,27.86,,,,8.9,6.37,11.04,,,,3.96,1.33,5.96,,,,2.36,-0.06,4.37,,,,1.0,-1.92,3.81,,,,22.32,19.06,24.56,,,,,,,,,,
2024-03-19,35.43,32.93,37.69,,,,25.59,23.01,27.85,,,,8.91,6.36,11.08,,,,3.96,1.35,5.94,,,,2.36,-0.04,4.37,,,,1.0,-1.94,3.9,,,,22.32,19.09,24.61,,,,,,,,,,
2024-03-20,35.4,32.91,37.64,,,,25.61,23.05,27.83,,,,8.92,6.36,11.09,,,,3.95,1.33,5.93,,,,2.36,-0.01,4.37,,,,1.0,-1.96,4.0,,,,22.31,19.15,24.61,,,,32.0,23.0,10.0,5.0,3.0,,26.0
2024-03-21,35.38,32.9,37.62,,,,25.62,23.06,27.81,,,,8.94,6.36,11.09,,,,3.95,1.36,5.91,,,,2.36,0.01,4.36,,,,1.0,-1.97,4.05,,,,22.31,19.19,24.6,,,,,,,,,,
2024-03-22,35.35,32.89,37.62,,,,25.63,23.07,27.81,,,,8.95,6.36,11.09,,,,3.95,1.38,5.89,,,,2.35,0.03,4.35,,,,1.0,-1.99,4.07,,,,22.3,19.24,24.6,,,,,,,,,,
2024-03-23,35.33,32.89,37.62,,,,25.64,23.03,27.82,,,,8.96,6.38,11.07,,,,3.95,1.4,5.87,,,,2.35,0.04,4.34,,,,1.0,-2.01,4.08,,,,22.29,19.28,24.61,,,,,,,,,,
2024-03-24,35.31,32.84,37.62,,,,25.65,22.99,27.78,,,,8.97,6.39,11.04,,,,3.94,1.41,5.85,,,,2.35,0.03,4.33,,,,1.0,-2.02,4.04,,,,22.29,19.27,24.61,,,,,,,,,,
2024-03-25,35.29,32.82,37.62,,,,25.66,22.98,27.76,,,,8.99,6.39,11.02,,,,3.94,1.44,5.83,,,,2.35,0.05,4.31,,,,1.0,-2.03,4.06,,,,22.28,19.27,24.61,,,,,,,,,,
2024-03-26,35.27,32.81,37.59,,,,25.67,23.0,27.72,,,,9.0,6.42,10.99,,,,3.94,1.45,5.82,,,,2.35,0.05,4.32,,,,1.0,-1.97,4.08,,,,22.27,19.3,24.61,,,,,,,,,,
2024-03-27,35.26,32.8,37.52,,,,25.67,23.04,27.75,,,,9.02,6.44,11.0,,,,3.94,1.44,5.8,,,,2.35,0.03,4.32,,,,1.0,-1.9,4.09,,,,22.26,19.31,24.61,,,,36.0,21.0,10.0,4.0,3.0,,26.0
2024-03-28,35.24,32.79,37.51,,,,25.67,23.08,27.84,,,,9.03,6.48,11.02,,,,3.93,1.49,5.78,,,,2.34,0.05,4.33,,,,1.0,-1.89,4.1,,,,22.25,19.29,24.61,,,,,,,,,,
2024-03-29,35.23,32.79,37.51,,,,25.67,23.1,27.9,,,,9.05,6.52,11.06,,,,3.93,1.51,5.78,,,,2.34,0.06,4.33,,,,1.0,-2.05,4.1,,,,22.24,19.32,24.61,,,,,,,,,,
2024-03-30,35.22,32.79,37.51,,,,25.67,23.1,27.96,,,,9.07,6.52,11.12,,,,3.93,1.52,5.79,,,,2.34,0.05,4.35,,,,1.0,-2.03,4.1,,,,22.23,19.33,24.61,,,,,,,,,,
2024-03-31,35.21,32.79,37.47,,,,25.67,23.1,27.95,,,,9.09,6.59,11.16,,,,3.93,1.54,5.79,,,,2.34,0.06,4.37,,,,1.0,-1.99,4.1,,,,22.22,19.35,24.6,,,,,,,,,,
2024-04-01,35.2,32.79,37.47,,,,25.66,23.09,27.93,,,,9.11,6.67,11.21,,,,3.92,1.56,5.79,,,,2.34,0.08,4.39,,,,1.0,-1.95,4.09,,,,22.21,19.36,24.6,,,,,,,,,,
2024-04-02,35.19,32.8,37.47,,,,25.65,23.13,27.87,,,,9.12,6.73,11.25,,,,3.92,1.58,5.79,,,,2.34,0.1,4.39,,,,1.0,-1.84,4.07,,,,22.2,19.36,24.6,,,,,,,,,,
2024-04-03,35.19,32.81,37.47,,,,25.65,23.17,27.82,,,,9.15,6.75,11.29,,,,3.91,1.59,5.81,,,,2.33,0.13,4.42,,,,1.0,-1.85,3.99,,,,22.19,19.38,24.55,,,,34.0,22.0,9.0,4.0,2.0,,28.0
2024-04-04,35.18,32.82,37.48,,,,25.63,23.2,27.77,,,,9.17,6.77,11.33,,,,3.91,1.58,5.83,,,,2.33,0.12,4.44,,,,1.0,-1.8,3.86,,,,22.18,19.39,24.5,,,,,,,,,,
2024-04-05,35.18,32.83,37.48,,,,25.62,23.24,27.72,,,,9.19,6.82,11.37,,,,3.91,1.61,5.85,,,,2.33,0.12,4.41,,,,1.0,-1.75,3.79,,,,22.17,19.41,24.45,,,,,,,,,,
2024-04-06,35.18,32.89,37.49,,,,25.61,23.28,27.74,,,,9.21,6.88,11.37,,,,3.9,1.66,5.86,,,,2.33,0.12,4.39,,,,1.0,-1.69,3.77,,,,22.16,19.42,24.46,,,,,,,,,,
2024-04-07,35.18,32.94,37.5,,,,25.59,23.33,27.67,,,,9.23,6.93,11.35,,,,3.9,1.69,5.86,,,,2.33,0.15,4.36,,,,1.0,-1.64,3.73,,,,22.15,19.44,24.42,,,,,,,,,,
2024-04-08,35.18,32.91,37.5,,,,25.57,23.36,27.59,,,,9.26,6.99,11.33,,,,3.89,1.7,5.83,,,,2.33,0.17,4.34,,,,1.0,-1.58,3.68,,,,22.13,19.48,24.39,,,,,,,,,,
2024-04-09,35.19,32.94,37.51,,,,25.55,23.4,27.52,,,,9.28,7.05,11.31,,,,3.88,1.73,5.81,,,,2.33,0.15,4.32,,,,1.0,-1.56,3.66,,,,22.12,19.54,24.38,,,,,,,,,,
2024-04-10,35.19,32.95,37.52,,,,25.53,23.4,27.44,,,,9.31,7.1,11.3,,,,3.88,1.76,5.78,,,,2.32,0.15,4.3,,,,1.0,-1.57,3.62,,,,22.11,19.52,24.36,,,,,,,,,,
2024-04-11,35.2,32.95,37.57,,,,25.51,23.38,27.4,,,,9.33,7.17,11.32,,,,3.87,1.79,5.76,,,,2.32,0.23,4.3,,,,1.0,-1.52,3.64,,,,22.09,19.58,24.34,,,,34.0,25.0,7.0,4.0,4.0,,24.0
2024-04-12,35.2,33.02,37.56,,,,25.49,23.35,27.37,,,,9.36,7.23,11.36,,,,3.86,1.79,5.74,,,,2.32,0.29,4.29,,,,1.0,-1.48,3.66,,,,22.08,19.64,24.32,,,,,,,,,,
2024-04-13,35.21,33.07,37.59,,,,25.47,23.32,27.39,,,,9.38,7.33,11.38,,,,3.86,1.81,5.72,,,,2.32,0.35,4.27,,,,1.0,-1.48,3.68,,,,22.06,19.63,24.29,,,,,,,,,,
2024-04-14,35.22,33.09,37.62,,,,25.44,23.29,27.38,,,,9.41,7.38,11.36,,,,3.85,1.8,5.7,,,,2.32,0.37,4.24,,,,1.0,-1.42,3.72,,,,22.04,19.65,24.25,,,,,,,,,,
2024-04-15,35.23,33.09,37.65,,,,25.42,23.31,27.36,,,,9.44,7.42,11.35,,,,3.84,1.78,5.68,,,,2.32,0.42,4.22,,,,1.0,-1.36,3.71,,,,22.03,19.64,24.22,,,,,,,,,,
2024-04-16,35.25,33.1,37.67,,,,25.39,23.33,27.3,,,,9.47,7.47,11.37,,,,3.83,1.81,5.66,,,,2.32,0.43,4.21,,,,1.0,-1.34,3.7,,,,22.01,19.64,24.19,,,,,,,,,,
2024-04-17,35.26,33.1,37.7,,,,25.36,23.35,27.23,,,,9.5,7.51,11.4,,,,3.82,1.85,5.64,,,,2.32,0.45,4.18,,,,1.0,-1.39,3.74,,,,21.99,19.64,24.15,,,,34.0,29.0,8.0,4.0,2.0,1.0,22.0
2024-04-18,35.27,33.11,37.7,,,,25.34,23.28,27.19,,,,9.52,7.56,11.44,,,,3.81,1.85,5.62,,,,2.32,0.42,4.16,,,,1.0,-1.46,3.71,,,,21.97,19.66,24.09,,,,,,,,,,
2024-04-19,35.29,33.14,37.67,,,,25.31,23.27,27.15,,,,9.55,7.59,11.47,,,,3.8,1.86,5.59,,,,2.32,0.4,4.17,,,,1.0,-1.4,3.7,,,,21.95,19.67,24.03,,,,,,,,,,
2024-04-20,35.31,33.17,37.65,,,,25.28,23.22,27.1,,,,9.58,7.65,11.5,,,,3.79,1.87,5.57,,,,2.32,0.39,4.18,,,,1.0,-1.36,3.66,,,,21.93,19.64,23.97,,,,,,,,,,
2024-04-21,35.32,33.2,37.62,,,,25.25,23.16,27.06,,,,9.61,7.71,11.54,,,,3.78,1.88,5.54,,,,2.32,0.37,4.16,,,,1.0,-1.41,3.6,,,,21.91,19.61,23.96,,,,,,,,,,
2024-04-22,35.34,33.18,37.61,,,,25.22,23.1,27.05,,,,9.64,7.75,11.57,,,,3.77,1.89,5.52,,,,2.32,0.37,4.17,,,,1.0,-1.39,3.56,,,,21.89,19.61,23.94,,,,,,,,,,
2024-04-23,35.36,33.19,37.59,,,,25.19,23.05,27.02,,,,9.67,7.81,11.6,,,,3.76,1.9,5.51,,,,2.32,0.41,4.19,,,,1.0,-1.37,3.54,,,,21.87,19.61,23.91,,,,,,,,,,
2024-04-24,35.38,33.21,37.57,,,,25.17,22.99,26.99,,,,9.7,7.86,11.63,,,,3.75,1.91,5.5,,,,2.32,0.44,4.18,,,,1.0,-1.37,3.54,,,,21.85,19.59,23.89,,,,33.0,27.0,13.0,3.0,2.0,,21.0
2024-04-25,35.4,33.23,37.56,,,,25.14,22.94,26.96,,,,9.73,7.92,11.64,,,,3.74,1.92,5.49,,,,2.32,0.48,4.17,,,,1.0,-1.34,3.52,,,,21.83,19.55,23.86,,,,,,,,,,
2024-04-26,35.42,33.22,37.56,,,,25.11,22.89,26.93,,,,9.75,8.0,11.67,,,,3.73,1.94,5.49,,,,2.32,0.51,4.16,,,,1.0,-1.33,3.51,,,,21.8,19.51,23.84,,,,,,,,,,
2024-04-27,35.44,33.23,37.6,,,,25.08,22.84,26.9,,,,9.78,8.02,11.7,,,,3.72,1.95,5.48,,,,2.32,0.55,4.17,,,,1.0,-1.37,3.5,,,,21.78,19.47,23.81,,,,,,,,,,
2024-04-28,35.47,33.23,37.71,,,,25.05,22.8,26.87,,,,9.81,8.06,11.72,,,,3.71,1.97,5.46,,,,2.32,0.55,4.17,,,,1.0,-1.4,3.49,,,,21.75,19.43,23.8,,,,,,,,,,
2024-04-29,35.49,33.23,37.81,,,,25.02,22.77,26.84,,,,9.84,8.09,11.75,,,,3.7,1.96,5.44,,,,2.32,0.53,4.14,,,,1.0,-1.4,3.48,,,,21.73,19.39,23.79,,,,,,,,,,
2024-04-30,35.51,33.24,37.86,,,,25.0,22.78,26.82,,,,9.87,8.09,11.77,,,,3.69,1.94,5.4,,,,2.32,0.51,4.12,,,,1.0,-1.41,3.47,,,,21.7,19.35,23.79,,,,,,,,,,
2024-05-01,35.53,33.24,37.87,,,,24.97,22.8,26.8,,,,9.89,8.1,11.8,,,,3.67,1.91,5.37,,,,2.32,0.49,4.09,,,,1.0,-1.36,3.46,,,,21.68,19.33,23.79,,,,31.0,25.0,12.0,5.0,1.0,1.0,22.0
2024-05-02,35.56,33.25,37.87,,,,24.94,22.77,26.78,,,,9.92,8.11,11.82,,,,3.66,1.88,5.36,,,,2.32,0.47,4.08,,,,1.0,-1.32,3.44,,,,21.65,19.31,23.75,,,,,,,,,,
2024-05-03,35.58,33.25,37.88,,,,24.92,22.74,26.77,,,,9.95,8.12,11.85,,,,3.65,1.85,5.35,,,,2.32,0.45,4.06,,,,1.0,-1.34,3.45,,,,21.62,19.32,23.73,,,,,,,,,,
2024-05-04,35.61,33.26,37.89,,,,24.89,22.71,26.73,,,,9.97,8.13,11.89,,,,3.64,1.82,5.34,,,,2.32,0.43,4.04,,,,1.0,-1.36,3.46,,,,21.59,19.33,23.72,,,,,,,,,,
2024-05-05,35.63,33.27,37.92,,,,24.87,22.68,26.72,,,,10.0,8.16,11.92,,,,3.63,1.79,5.33,,,,2.32,0.41,4.03,,,,1.0,-1.39,3.47,,,,21.57,19.35,23.68,,,,,,,,,,
2024-05-06,35.65,33.28,37.93,,,,24.85,22.66,26.71,,,,10.03,8.21,11.95,,,,3.62,1.76,5.31,,,,2.32,0.39,4.02,,,,1.0,-1.41,3.48,,,,21.54,19.35,23.65,,,,,,,,,,
2024-05-07,35.68,33.29,37.94,,,,24.82,22.62,26.7,,,,10.05,8.26,11.98,,,,3.61,1.74,5.3,,,,2.32,0.38,4.0,,,,1.0,-1.43,3.46,,,,21.51,19.34,23.64,,,,,,,,,,
2024-05-08,35.7,33.3,37.95,,,,24.8,22.57,26.7,,,,10.08,8.27,12.01,,,,3.6,1.71,5.31,,,,2.32,0.36,3.99,,,,1.0,-1.43,3.45,,,,21.48,19.3,23.59,,,,33.0,27.0,11.0,3.0,3.0,,18.0
2024-05-09,35.73,33.31,37.96,,,,24.78,22.54,26.69,,,,10.1,8.29,12.03,,,,3.59,1.68,5.26,,,,2.32,0.35,3.97,,,,1.0,-1.42,3.43,,,,21.45,19.25,23.54,,,,,,,,,,
2024-05-10,35.75,33.32,38.0,,,,24.76,22.49,26.67,,,,10.12,8.31,12.06,,,,3.58,1.65,5.24,,,,2.32,0.3,3.96,,,,1.0,-1.41,3.39,,,,21.42,19.25,23.51,,,,,,,,,,
2024-05-11,35.77,33.33,38.05,,,,24.74,22.45,26.65,,,,10.15,8.33,12.08,,,,3.57,1.61,5.24,,,,2.32,0.28,3.98,,,,1.0,-1.4,3.42,,,,21.39,19.25,23.46,,,,,,,,,,
2024-05-12,35.8,33.35,38.07,,,,24.72,22.41,26.62,,,,10.17,8.36,12.14,,,,3.56,1.59,5.25,,,,2.32,0.26,3.99,,,,1.0,-1.4,3.41,,,,21.36,19.24,23.42,,,,,,,,,,
2024-05-13,35.82,33.38,38.08,,,,24.71,22.37,26.6,,,,10.19,8.37,12.18,,,,3.55,1.57,5.24,,,,2.32,0.23,4.0,,,,1.0,-1.41,3.41,,,,21.33,19.24,23.39,,,,,,,,,,
2024-05-14,35.85,33.41,38.08,,,,24.69,22.33,26.59,,,,10.21,8.4,12.21,,,,3.54,1.54,5.25,,,,2.32,0.21,4.01,,,,1.0,-1.43,3.4,,,,21.3,19.2,23.35,,,,,,,,,,
2024-05-15,35.87,33.39,38.09,,,,24.67,22.32,26.6,,,,10.23,8.42,12.24,,,,3.53,1.52,5.25,,,,2.32,0.19,4.01,,,,1.0,-1.42,3.4,,,,21.27,19.15,23.3,,,,,,,,,,
2024-05-16,35.89,33.41,38.1,,,,24.66,22.33,26.61,,,,10.25,8.42,12.27,,,,3.52,1.5,5.26,,,,2.32,0.18,4.01,,,,1.0,-1.43,3.39,,,,21.24,19.1,23.22,,,,33.0,28.0,9.0,6.0,4.0,1.0,19.0
2024-05-17,35.92,33.42,38.1,,,,24.65,22.31,26.61,,,,10.27,8.42,12.3,,,,3.51,1.47,5.26,,,,2.32,0.16,4.01,,,,1.0,-1.43,3.39,,,,21.2,19.07,23.18,,,,,,,,,,
2024-05-18,35.94,33.44,38.13,,,,24.63,22.28,26.57,,,,10.29,8.42,12.33,,,,3.5,1.49,5.27,,,,2.32,0.14,4.0,,,,1.0,-1.44,3.39,,,,21.17,19.06,23.18,,,,,,,,,,
2024-05-19,35.97,33.48,38.14,,,,24.62,22.26,26.56,,,,10.31,8.41,12.36,,,,3.49,1.51,5.25,,,,2.32,0.17,4.01,,,,1.0,-1.44,3.39,,,,21.14,19.05,23.15,,,,,,,,,,
2024-05-20,35.99,33.52,38.16,,,,24.61,22.23,26.57,,,,10.33,8.41,12.39,,,,3.48,1.48,5.24,,,,2.32,0.15,4.03,,,,1.0,-1.44,3.39,,,,21.11,19.03,23.11,,,,,,,,,,
2024-05-21,36.01,33.57,38.22,,,,24.6,22.21,26.59,,,,10.35,8.42,12.42,,,,3.47,1.46,5.22,,,,2.32,0.13,4.04,,,,1.0,-1.43,3.39,,,,21.08,18.96,23.07,,,,,,,,,,
2024-05-22,36.04,33.61,38.26,,,,24.59,22.19,26.6,,,,10.36,8.42,12.45,,,,3.46,1.43,5.21,,,,2.31,0.13,4.02,,,,1.0,-1.42,3.39,,,,21.05,18.92,23.03,,,,37.0,26.0,11.0,3.0,2.0,,18.0
2024-05-23,36.06,33.65,38.28,,,,24.58,22.16,26.6,,,,10.38,8.43,12.46,,,,3.45,1.41,5.19,,,,2.31,0.15,4.0,,,,1.0,-1.42,3.4,,,,21.02,18.92,23.01,,,,,,,,,,
2024-05-24,36.08,33.7,38.3,,,,24.57,22.14,26.59,,,,10.39,8.44,12.48,,,,3.44,1.38,5.18,,,,2.31,0.17,3.99,,,,1.0,-1.41,3.4,,,,20.99,18.93,22.99,,,,42.0,27.0,8.0,3.0,2.0,1.0,18.0
2024-05-25,36.11,33.75,38.32,,,,24.57,22.12,26.58,,,,10.41,8.45,12.5,,,,3.43,1.36,5.17,,,,2.31,0.19,3.99,,,,1.0,-1.4,3.4,,,,20.96,18.94,22.96,,,,,,,,,,
2024-05-26,36.13,33.79,38.34,,,,24.56,22.12,26.6,,,,10.42,8.46,12.5,,,,3.42,1.34,5.15,,,,2.31,0.21,4.0,,,,1.0,-1.4,3.41,,,,20.93,18.91,22.91,,,,,,,,,,
2024-05-27,36.15,33.84,38.36,,,,24.55,22.11,26.63,,,,10.44,8.47,12.51,,,,3.42,1.32,5.13,,,,2.31,0.22,4.01,,,,1.0,-1.39,3.41,,,,20.9,18.88,22.86,,,,,,,,,,
2024-05-28,36.18,33.89,38.39,,,,24.55,22.1,26.65,,,,10.45,8.51,12.52,,,,3.41,1.32,5.11,,,,2.3,0.24,4.02,,,,1.0,-1.37,3.42,,,,20.87,18.85,22.83,,,,36.0,32.0,8.0,2.0,3.0,1.0,16.0
2024-05-29,36.2,33.94,38.41,,,,24.54,22.11,26.65,,,,10.46,8.54,12.52,,,,3.4,1.32,5.08,,,,2.3,0.25,4.03,,,,1.0,-1.39,3.42,,,,20.84,18.79,22.81,,,,,,,,,,
2024-05-30,36.23,33.99,38.44,,,,24.54,22.12,26.66,,,,10.47,8.58,12.52,,,,3.39,1.32,5.08,,,,2.3,0.23,4.02,,,,1.0,-1.38,3.43,,,,20.81,18.72,22.78,,,,42.0,25.0,6.0,3.0,2.0,1.0,21.0
2024-05-31,36.25,34.02,38.49,,,,24.53,22.14,26.66,,,,10.49,8.62,12.52,,,,3.38,1.32,5.09,,,,2.3,0.22,4.04,,,,1.0,-1.38,3.44,,,,20.78,18.66,22.79,,,,,,,,,,
2024-06-01,36.27,34.03,38.51,,,,24.53,22.14,26.66,,,,10.5,8.63,12.54,,,,3.38,1.32,5.11,,,,2.3,0.2,4.05,,,,1.0,-1.38,3.45,,,,20.75,18.6,22.75,,,,,,,,,,
2024-06-02,36.3,34.05,38.53,,,,24.52,22.15,26.67,,,,10.51,8.65,12.57,,,,3.37,1.31,5.12,,,,2.29,0.19,4.06,,,,1.0,-1.38,3.45,,,,20.73,18.59,22.72,,,,,,,,,,
2024-06-03,36.32,34.07,38.57,,,,24.52,22.12,26.67,,,,10.52,8.65,12.59,,,,3.36,1.27,5.1,,,,2.29,0.18,4.06,,,,1.0,-1.38,3.46,,,,20.7,18.58,22.68,,,,,,,,,,
2024-06-04,36.34,34.08,38.61,,,,24.51,22.11,26.68,,,,10.53,8.66,12.65,,,,3.36,1.24,5.1,,,,2.29,0.17,4.07,,,,1.0,-1.37,3.46,,,,20.67,18.58,22.66,,,,32.0,22.0,9.0,5.0,2.0,1.0,26.0
2024-06-05,36.37,34.11,38.64,,,,24.51,22.09,26.68,,,,10.54,8.66,12.67,,,,3.35,1.22,5.1,,,,2.29,0.16,4.07,,,,1.0,-1.37,3.46,,,,20.65,18.58,22.64,,,,,,,,,,
2024-06-06,36.39,34.13,38.68,,,,24.5,22.07,26.69,,,,10.55,8.65,12.7,,,,3.34,1.21,5.11,,,,2.28,0.14,4.08,,,,1.0,-1.37,3.47,,,,20.62,18.58,22.62,,,,37.0,23.0,9.0,3.0,2.0,,24.0
2024-06-07,36.42,34.14,38.73,,,,24.49,22.05,26.69,,,,10.56,8.65,12.71,,,,3.34,1.21,5.11,,,,2.28,0.12,4.08,,,,1.0,-1.38,3.47,,,,20.6,18.58,22.6,,,,,,,,,,
2024-06-08,36.44,34.19,38.78,,,,24.48,22.03,26.69,,,,10.57,8.64,12.71,,,,3.33,1.23,5.12,,,,2.28,0.1,4.1,,,,1.0,-1.38,3.48,,,,20.58,18.56,22.59,,,,,,,,,,
2024-06-09,36.47,34.24,38.83,,,,24.47,22.01,26.7,,,,10.58,8.64,12.73,,,,3.32,1.25,5.12,,,,2.28,0.08,4.14,,,,1.0,-1.39,3.49,,,,20.56,18.51,22.58,,,,,,,,,,
2024-06-10,36.49,34.25,38.88,,,,24.46,21.99,26.7,,,,10.59,8.67,12.78,,,,3.32,1.28,5.13,,,,2.28,0.06,4.17,,,,1.0,-1.39,3.49,,,,20.54,18.46,22.57,,,,,,,,,,
2024-06-11,36.51,34.27,38.93,,,,24.45,21.96,26.7,,,,10.59,8.68,12.79,,,,3.31,1.29,5.13,,,,2.27,0.04,4.17,,,,1.0,-1.39,3.5,,,,20.52,18.42,22.57,,,,33.0,23.0,14.0,3.0,1.0,,25.0
2024-06-12,36.54,34.3,38.99,,,,24.44,21.95,26.7,,,,10.6,8.67,12.79,,,,3.31,1.32,5.13,,,,2.27,0.03,4.17,,,,1.0,-1.39,3.51,,,,20.5,18.38,22.56,,,,,,,,,,
2024-06-13,36.56,34.34,39.01,,,,24.43,21.93,26.71,,,,10.61,8.66,12.82,,,,3.3,1.34,5.12,,,,2.27,0.03,4.17,,,,1.0,-1.39,3.51,,,,20.48,18.35,22.56,,,,34.0,20.0,12.0,5.0,3.0,1.0,23.0
2024-06-14,36.59,34.38,39.03,,,,24.41,21.91,26.7,,,,10.62,8.65,12.84,,,,3.3,1.35,5.11,,,,2.27,0.03,4.17,,,,1.0,-1.4,3.5,,,,20.46,18.31,22.56,,,,,,,,,,
2024-06-15,36.61,34.42,39.05,,,,24.4,21.89,26.69,,,,10.63,8.64,12.87,,,,3.29,1.33,5.13,,,,2.27,0.03,4.17,,,,1.0,-1.4,3.5,,,,20.45,18.31,22.56,,,,,,,,,,
2024-06-16,36.64,34.46,39.1,,,,24.38,21.88,26.68,,,,10.64,8.63,12.91,,,,3.28,1.31,5.15,,,,2.27,0.03,4.17,,,,1.0,-1.4,3.53,,,,20.44,18.28,22.55,,,,,,,,,,
2024-06-17,36.66,34.5,39.14,,,,24.37,21.86,26.66,,,,10.65,8.63,12.92,,,,3.28,1.29,5.15,,,,2.26,0.03,4.16,,,,1.0,-1.4,3.53,,,,20.42,18.24,22.55,,,,,,,,,,
2024-06-18,36.69,34.53,39.18,,,,24.35,21.84,26.69,,,,10.66,8.63,12.95,,,,3.27,1.27,5.16,,,,2.26,0.04,4.16,,,,1.0,-1.41,3.54,,,,20.41,18.22,22.55,,,,43.0,17.0,12.0,2.0,2.0,1.0,21.0
2024-06-19,36.71,34.57,39.22,,,,24.33,21.82,26.69,,,,10.66,8.63,12.99,,,,3.27,1.24,5.16,,,,2.26,0.04,4.16,,,,1.0,-1.41,3.54,,,,20.4,18.22,22.56,,,,,,,,,,
2024-06-20,36.74,34.61,39.27,,,,24.31,21.8,26.69,,,,10.67,8.63,13.0,,,,3.26,1.22,5.17,,,,2.26,0.04,4.16,,,,1.0,-1.41,3.55,,,,20.39,18.22,22.57,,,,41.0,22.0,13.0,1.0,2.0,,19.0
2024-06-21,36.77,34.66,39.31,,,,24.29,21.78,26.68,,,,10.68,8.63,13.01,,,,3.26,1.2,5.17,,,,2.26,0.03,4.16,,,,1.0,-1.42,3.54,,,,20.39,18.21,22.58,,,,,,,,,,
2024-06-22,36.79,34.68,39.32,,,,24.26,21.75,26.68,,,,10.69,8.62,13.03,,,,3.25,1.2,5.17,,,,2.26,0.05,4.15,,,,1.0,-1.42,3.53,,,,20.38,18.21,22.59,,,,,,,,,,
2024-06-23,36.82,34.68,39.32,,,,24.24,21.71,26.67,,,,10.7,8.61,13.07,,,,3.24,1.19,5.17,,,,2.25,0.06,4.15,,,,1.0,-1.42,3.55,,,,20.37,18.21,22.61,,,,,,,,,,
2024-06-24,36.85,34.71,39.33,,,,24.22,21.66,26.66,,,,10.71,8.59,13.09,,,,3.24,1.15,5.18,,,,2.25,0.06,4.15,,,,1.0,-1.42,3.56,,,,20.37,18.21,22.63,,,,,,,,,,
2024-06-25,36.87,34.76,39.33,,,,24.19,21.61,26.64,,,,10.72,8.57,13.1,,,,3.23,1.12,5.18,,,,2.25,0.07,4.14,,,,1.0,-1.43,3.58,,,,20.36,18.21,22.65,,,,35.0,23.0,15.0,3.0,3.0,1.0,18.0
2024-06-26,36.9,34.77,39.33,,,,24.16,21.56,26.63,,,,10.73,8.56,13.14,,,,3.23,1.09,5.19,,,,2.25,0.08,4.14,,,,1.0,-1.43,3.57,,,,20.36,18.17,22.68,,,,,,,,,,
2024-06-27,36.93,34.79,39.34,,,,24.14,21.53,26.6,,,,10.74,8.55,13.17,,,,3.22,1.09,5.2,,,,2.25,0.09,4.14,,,,1.0,-1.43,3.6,,,,20.36,18.16,22.7,,,,38.0,25.0,11.0,3.0,2.0,,19.0
2024-06-28,36.95,34.82,39.35,,,,24.11,21.48,26.56,,,,10.75,8.53,13.2,,,,3.21,1.08,5.21,,,,2.25,0.1,4.13,,,,1.0,-1.43,3.63,,,,20.36,18.16,22.73,,,,,,,,,,
2024-06-29,36.98,34.84,39.35,,,,24.08,21.43,26.57,,,,10.76,8.53,13.24,,,,3.21,1.08,5.2,,,,2.25,0.1,4.13,,,,1.0,-1.43,3.64,,,,20.35,18.17,22.75,,,,,,,,,,
2024-06-30,37.01,34.86,39.4,,,,24.05,21.37,26.56,,,,10.77,8.55,13.26,,,,3.2,1.08,5.19,,,,2.24,0.1,4.13,,,,1.0,-1.43,3.65,,,,20.35,18.15,22.76,,,,,,,,,,
2024-07-01,37.03,34.89,39.47,,,,24.02,21.31,26.54,,,,10.78,8.55,13.27,,,,3.19,1.08,5.18,,,,2.24,0.13,4.12,,,,1.0,-1.45,3.66,,,,20.35,18.14,22.77,,,,,,,,,,
2024-07-02,37.06,34.9,39.55,,,,23.99,21.26,26.55,,,,10.79,8.55,13.27,,,,3.19,1.1,5.18,,,,2.24,0.14,4.12,,,,1.0,-1.46,3.67,,,,20.35,18.12,22.79,,,,,,,,,,
2024-07-03,37.09,34.91,39.6,,,,23.96,21.25,26.58,,,,10.8,8.53,13.27,,,,3.18,1.12,5.18,,,,2.24,0.15,4.12,,,,1.0,-1.48,3.69,,,,20.35,18.11,22.82,,,,40.0,24.0,11.0,3.0,2.0,1.0,17.0
2024-09-12,,,,41.15,34.96,46.71,,,,16.22,12.43,20.16,,,,17.59,13.75,22.34,,,,3.83,-0.02,7.52,,,,,,,,,,,,,,,,16.93,12.55,21.77,39.5,17.5,18.0,4.5,,,16.0
2024-09-13,,,,41.15,34.97,46.77,,,,16.22,12.42,20.16,,,,17.6,13.77,22.34,,,,3.82,-0.03,7.47,,,,,,,,,,,,,,,,16.93,12.56,21.68,,,,,,,
2024-09-14,,,,41.16,34.98,46.82,,,,16.21,12.42,20.16,,,,17.62,13.77,22.34,,,,3.82,-0.04,7.41,,,,,,,,,,,,,,,,16.93,12.56,21.6,,,,,,,
2024-09-15,,,,41.16,34.99,46.81,,,,16.21,12.42,20.16,,,,17.63,13.76,22.3,,,,3.82,-0.05,7.36,,,,,,,,,,,,,,,,16.92,12.57,21.52,,,,,,,
2024-09-16,,,,41.16,35.01,46.83,,,,16.21,12.4,20.14,,,,17.64,13.75,22.25,,,,3.82,-0.05,7.29,,,,,,,,,,,,,,,,16.92,12.57,21.45,,,,,,,
2024-09-17,,,,41.17,35.02,46.86,,,,16.2,12.4,20.12,,,,17.65,13.75,22.2,,,,3.82,-0.06,7.25,,,,,,,,,,,,,,,,16.92,12.58,21.38,,,,,,,
2024-09-18,,,,41.17,35.05,46.89,,,,16.2,12.4,20.1,,,,17.66,13.75,22.16,,,,3.82,-0.07,7.22,,,,,,,,,,,,,,,,16.91,12.58,21.34,,,,,,,
2024-09-19,,,,41.17,35.04,46.91,,,,16.19,12.39,20.09,,,,17.67,13.76,22.11,,,,3.82,-0.06,7.21,,,,,,,,,,,,,,,,16.91,12.59,21.32,,,,,,,
2024-09-20,,,,41.17,35.02,46.92,,,,16.19,12.39,20.07,,,,17.68,13.77,22.07,,,,3.82,-0.05,7.19,,,,,,,,,,,,,,,,16.91,12.59,21.31,,,,,,,
2024-09-21,,,,41.17,35.01,46.95,,,,16.19,12.39,20.05,,,,17.69,13.77,22.06,,,,3.82,-0.04,7.18,,,,,,,,,,,,,,,,16.9,12.6,21.3,,,,,,,
2024-09-22,,,,41.17,35.0,46.96,,,,16.19,12.39,20.04,,,,17.7,13.79,22.06,,,,3.82,-0.06,7.16,,,,,,,,,,,,,,,,16.9,12.61,21.28,,,,,,,
2024-09-23,,,,41.18,34.99,46.98,,,,16.18,12.38,20.02,,,,17.7,13.81,22.06,,,,3.82,-0.06,7.14,,,,,,,,,,,,,,,,16.9,12.62,21.23,,,,,,,
2024-09-24,,,,41.18,34.99,47.0,,,,16.18,12.38,20.03,,,,17.71,13.83,22.06,,,,3.82,-0.07,7.12,,,,,,,,,,,,,,,,16.89,12.61,21.19,,,,,,,
2024-09-25,,,,41.18,34.99,47.02,,,,16.18,12.38,20.03,,,,17.72,13.85,22.06,,,,3.82,-0.08,7.09,,,,,,,,,,,,,,,,16.89,12.61,21.14,,,,,,,
2024-09-26,,,,41.18,34.99,47.03,,,,16.17,12.38,20.04,,,,17.73,13.87,22.07,,,,3.82,-0.08,7.06,,,,,,,,,,,,,,,,16.89,12.59,21.11,,,,,,,
2024-09-27,,,,41.18,35.0,47.05,,,,16.17,12.37,20.05,,,,17.74,13.88,22.07,,,,3.82,-0.08,7.03,,,,,,,,,,,,,,,,16.88,12.59,21.06,,,,,,,
2024-09-28,,,,41.18,35.0,47.06,,,,16.17,12.37,20.05,,,,17.74,13.89,22.07,,,,3.82,-0.08,7.03,,,,,,,,,,,,,,,,16.88,12.58,21.02,,,,,,,
2024-09-29,,,,41.19,35.01,47.08,,,,16.17,12.37,20.06,,,,17.75,13.91,22.07,,,,3.82,-0.07,7.04,,,,,,,,,,,,,,,,16.88,12.58,20.98,,,,,,,
2024-09-30,,,,41.19,35.01,47.09,,,,16.16,12.37,20.09,,,,17.76,13.94,22.07,,,,3.82,-0.06,7.05,,,,,,,,,,,,,,,,16.88,12.59,20.95,,,,,,,
2024-10-01,,,,41.19,35.03,47.1,,,,16.16,12.36,20.12,,,,17.76,13.97,22.07,,,,3.82,-0.04,7.05,,,,,,,,,,,,,,,,16.88,12.61,20.91,,,,,,,
2024-10-02,,,,41.19,35.04,47.11,,,,16.16,12.36,20.15,,,,17.77,14.0,22.07,,,,3.82,-0.02,7.05,,,,,,,,,,,,,,,,16.87,12.63,20.87,,,,,,,
2024-10-03,,,,41.19,35.05,47.13,,,,16.15,12.36,20.18,,,,17.77,14.02,22.07,,,,3.82,-0.01,7.05,,,,,,,,,,,,,,,,16.87,12.64,20.86,,,,,,,
2024-10-04,,,,41.2,35.05,47.14,,,,16.15,12.35,20.19,,,,17.78,14.04,22.08,,,,3.82,-0.01,7.04,,,,,,,,,,,,,,,,16.87,12.66,20.86,,,,,,,
2024-10-05,,,,41.2,35.04,47.15,,,,16.15,12.34,20.19,,,,17.78,14.06,22.08,,,,3.82,0.01,7.04,,,,,,,,,,,,,,,,16.87,12.66,20.85,,,,,,,
2024-10-06,,,,41.2,35.04,47.16,,,,16.14,12.33,20.2,,,,17.79,14.07,22.08,,,,3.82,0.02,7.04,,,,,,,,,,,,,,,,16.87,12.65,20.85,,,,,,,
2024-10-07,,,,41.21,35.05,47.17,,,,16.14,12.32,20.17,,,,17.79,14.07,22.08,,,,3.82,0.03,7.03,,,,,,,,,,,,,,,,16.87,12.64,20.84,43.0,15.0,16.0,3.0,,,18.5
2024-10-08,,,,41.21,35.05,47.18,,,,16.14,12.31,20.14,,,,17.8,14.07,22.09,,,,3.81,0.03,7.02,,,,,,,,,,,,,,,,16.87,12.63,20.84,,,,,,,
2024-10-09,,,,41.22,35.06,47.18,,,,16.13,12.3,20.09,,,,17.8,14.06,22.09,,,,3.81,0.03,7.01,,,,,,,,,,,,,,,,16.87,12.62,20.84,,,,,,,
2024-10-10,,,,41.22,35.07,47.19,,,,16.13,12.27,20.05,,,,17.8,14.07,22.1,,,,3.81,0.03,7.0,,,,,,,,,,,,,,,,16.87,12.61,20.83,,,,,,,
2024-10-11,,,,41.23,35.08,47.2,,,,16.12,12.25,20.0,,,,17.81,14.07,22.1,,,,3.81,0.03,6.99,,,,,,,,,,,,,,,,16.87,12.61,20.83,,,,,,,
2024-10-12,,,,41.23,35.08,47.2,,,,16.12,12.23,20.0,,,,17.81,14.07,22.1,,,,3.81,0.04,6.98,,,,,,,,,,,,,,,,16.87,12.6,20.82,,,,,,,
2024-10-13,,,,41.24,35.09,47.21,,,,16.11,12.21,20.02,,,,17.81,14.08,22.11,,,,3.8,0.04,6.96,,,,,,,,,,,,,,,,16.88,12.6,20.81,,,,,,,
2024-10-14,,,,41.24,35.11,47.22,,,,16.11,12.18,20.05,,,,17.81,14.09,22.11,,,,3.8,0.03,6.96,,,,,,,,,,,,,,,,16.88,12.59,20.81,,,,,,,
2024-10-15,,,,41.25,35.13,47.22,,,,16.1,12.1,20.07,,,,17.81,14.05,22.1,,,,3.8,-0.01,6.94,,,,,,,,,,,,,,,,16.88,12.52,20.79,,,,,,,
2024-10-16,,,,41.26,35.13,47.23,,,,16.1,12.09,20.07,,,,17.82,14.05,22.1,,,,3.8,-0.02,6.94,,,,,,,,,,,,,,,,16.88,12.52,20.8,,,,,,,
2024-10-17,,,,41.26,35.13,47.24,,,,16.09,12.08,20.12,,,,17.82,14.06,22.1,,,,3.79,-0.02,6.93,,,,,,,,,,,,,,,,16.88,12.52,20.79,,,,,,,
2024-10-18,,,,41.27,35.14,47.25,,,,16.08,12.07,20.17,,,,17.82,14.07,22.1,,,,3.79,-0.02,6.93,,,,,,,,,,,,,,,,16.89,12.52,20.8,,,,,,,
2024-10-19,,,,41.28,35.14,47.26,,,,16.08,12.05,20.22,,,,17.82,14.08,22.1,,,,3.79,-0.03,6.93,,,,,,,,,,,,,,,,16.89,12.52,20.8,,,,,,,
2024-10-20,,,,41.28,35.14,47.26,,,,16.07,12.01,20.27,,,,17.82,14.09,22.1,,,,3.79,-0.02,6.93,,,,,,,,,,,,,,,,16.9,12.54,20.81,,,,,,,
2024-10-21,,,,41.29,35.14,47.25,,,,16.06,11.99,20.33,,,,17.82,14.11,22.1,,,,3.78,-0.02,6.93,,,,,,,,,,,,,,,,16.91,12.55,20.81,,,,,,,
2024-10-22,,,,41.29,35.17,47.22,,,,16.05,11.99,20.4,,,,17.82,14.12,22.16,,,,3.78,-0.01,7.43,,,,,,,,,,,,,,,,16.92,12.63,21.02,,,,,,,
2024-10-23,,,,41.3,35.17,47.18,,,,16.04,11.98,20.46,,,,17.81,14.1,22.11,,,,3.78,-0.01,7.45,,,,,,,,,,,,,,,,16.94,12.68,21.02,,,,,,,
2024-10-24,,,,41.3,35.14,47.15,,,,16.03,11.97,20.51,,,,17.81,14.09,22.07,,,,3.77,-0.01,7.46,,,,,,,,,,,,,,,,16.96,12.74,21.01,,,,,,,
2024-10-25,,,,41.3,35.07,47.09,,,,16.02,11.95,20.53,,,,17.81,14.08,22.08,,,,3.77,-0.0,7.48,,,,,,,,,,,,,,,,16.98,12.81,21.02,,,,,,,
2024-10-26,,,,41.3,34.99,47.03,,,,16.01,11.93,20.51,,,,17.8,14.07,22.09,,,,3.77,0.01,7.49,,,,,,,,,,,,,,,,17.0,12.91,21.0,,,,,,,
2024-10-27,,,,41.3,34.94,46.96,,,,16.0,11.91,20.49,,,,17.79,14.06,22.11,,,,3.76,0.02,7.51,,,,,,,,,,,,,,,,17.03,13.01,20.99,,,,,,,
2024-10-28,,,,41.29,34.91,46.88,,,,15.98,11.88,20.45,,,,17.78,14.05,22.12,,,,3.76,0.03,7.51,,,,,,,,,,,,,,,,17.07,13.15,20.98,,,,,,,
2024-10-29,,,,41.28,34.9,46.86,,,,15.96,11.88,20.4,,,,17.77,13.93,22.13,,,,3.76,0.04,7.45,,,,,,,,,,,,,,,,17.11,13.21,21.21,,,,,,,
2024-10-30,,,,41.27,34.92,46.89,,,,15.95,11.86,20.35,,,,17.76,13.91,22.14,,,,3.75,0.04,7.39,,,,,,,,,,,,,,,,17.15,13.24,21.27,,,,,,,
2024-10-31,,,,41.26,34.99,46.76,,,,15.93,11.84,20.32,,,,17.75,13.89,22.15,,,,3.75,0.04,7.43,,,,,,,,,,,,,,,,17.21,13.31,21.37,,,,,,,
2024-11-01,,,,41.24,35.07,46.74,,,,15.91,11.82,20.27,,,,17.73,13.9,22.15,,,,3.75,0.07,7.5,,,,,,,,,,,,,,,,17.27,13.39,21.47,41.0,16.0,19.5,4.0,,,16.0
2024-11-02,,,,41.22,35.04,46.71,,,,15.88,11.8,20.22,,,,17.71,13.92,22.16,,,,3.74,0.11,7.45,,,,,,,,,,,,,,,,17.33,13.45,21.57,,,,,,,
2024-11-03,,,,41.2,35.03,46.67,,,,15.86,11.78,20.18,,,,17.69,13.93,22.15,,,,3.74,0.12,7.34,,,,,,,,,,,,,,,,17.41,13.5,21.67,,,,,,,
2024-11-04,,,,41.17,35.03,46.62,,,,15.83,11.74,20.13,,,,17.66,13.91,22.03,,,,3.74,0.13,7.24,,,,,,,,,,,,,,,,17.5,13.53,21.86,,,,,,,
2024-11-05,,,,41.13,35.05,46.56,,,,15.8,11.71,20.07,,,,17.63,13.83,21.88,,,,3.74,0.13,7.14,,,,,,,,,,,,,,,,17.6,13.57,22.06,,,,,,,
2024-11-06,,,,41.1,35.07,46.48,,,,15.77,11.67,20.01,,,,17.59,13.83,21.72,,,,3.73,0.14,7.02,,,,,,,,,,,,,,,,17.71,13.63,22.19,,,,,,,
2024-11-07,,,,41.05,35.03,46.39,,,,15.73,11.61,19.94,,,,17.54,13.81,21.24,,,,3.73,0.17,6.95,,,,,,,,,,,,,,,,17.83,13.71,22.32,,,,,,,
2024-11-08,,,,41.0,34.99,46.3,,,,15.69,11.55,19.87,,,,17.49,13.76,21.0,,,,3.73,0.22,7.0,,,,,,,,,,,,,,,,17.97,13.8,22.47,,,,,,,
2024-11-09,,,,40.95,34.94,46.18,,,,15.65,11.49,19.8,,,,17.44,13.7,20.98,,,,3.73,0.2,7.05,,,,,,,,,,,,,,,,18.12,13.92,22.87,,,,,,,
2024-11-10,,,,40.88,34.89,46.07,,,,15.6,11.51,19.71,,,,17.38,13.65,20.95,,,,3.73,0.2,7.1,,,,,,,,,,,,,,,,18.28,14.15,23.1,,,,,,,
2024-11-11,,,,40.81,34.82,45.94,,,,15.55,11.5,19.63,,,,17.31,13.59,20.93,,,,3.73,0.27,7.15,,,,,,,,,,,,,,,,18.46,14.21,23.33,,,,,,,
2024-11-12,,,,40.74,34.74,45.9,,,,15.5,11.46,19.56,,,,17.24,13.53,20.9,,,,3.73,0.29,7.14,,,,,,,,,,,,,,,,18.65,14.37,23.83,,,,,,,
2024-11-13,,,,40.66,34.66,45.83,,,,15.44,11.43,19.49,,,,17.16,13.48,20.87,,,,3.73,0.3,6.8,,,,,,,,,,,,,,,,18.85,14.57,24.21,,,,,,,
2024-11-14,,,,40.57,34.57,45.66,,,,15.39,11.41,19.41,,,,17.07,13.42,20.74,,,,3.74,0.33,6.78,,,,,,,,,,,,,,,,19.06,14.63,24.33,,,,,,,
2024-11-15,,,,40.47,34.48,45.52,,,,15.32,11.51,19.26,,,,16.98,13.33,20.76,,,,3.74,0.37,6.79,,,,,,,,,,,,,,,,19.27,14.64,24.45,,,,,,,
2024-11-16,,,,40.37,34.41,45.6,,,,15.26,11.58,19.04,,,,16.88,13.23,20.7,,,,3.75,0.41,6.79,,,,,,,,,,,,,,,,19.5,15.02,24.78,,,,,,,
2024-11-17,,,,40.26,34.37,45.49,,,,15.19,11.49,18.86,,,,16.78,13.16,20.63,,,,3.75,0.49,6.71,,,,,,,,,,,,,,,,19.73,15.14,24.99,,,,,,,
2024-11-18,,,,40.15,34.35,45.27,,,,15.12,11.41,18.75,,,,16.67,13.03,20.55,,,,3.76,0.52,6.74,,,,,,,,,,,,,,,,19.97,15.58,25.4,,,,,,,
2024-11-19,,,,40.02,34.31,45.18,,,,15.05,11.36,18.52,,,,16.56,12.93,20.45,,,,3.76,0.64,6.69,,,,,,,,,,,,,,,,20.21,15.65,25.78,,,,,,,
2024-11-20,,,,39.9,34.28,45.1,,,,14.98,11.36,18.28,,,,16.45,12.8,20.27,,,,3.77,0.66,6.68,,,,,,,,,,,,,,,,20.46,15.72,26.13,,,,,,,
2024-11-21,,,,39.77,34.3,44.98,,,,14.9,11.41,18.05,,,,16.33,12.68,20.02,,,,3.78,0.9,6.67,,,,,,,,,,,,,,,,20.7,15.79,26.41,,,,,,,
2024-11-22,,,,39.63,34.24,44.68,,,,14.82,11.32,17.92,,,,16.22,12.58,19.76,,,,3.79,0.96,6.64,,,,,,,,,,,,,,,,20.95,15.87,26.51,,,,,,,
2024-11-23,,,,39.49,34.31,44.5,,,,14.75,11.21,17.92,,,,16.1,12.3,19.57,,,,3.8,0.91,6.62,,,,,,,,,,,,,,,,21.2,15.95,26.69,,,,,,,
2024-11-24,,,,39.35,34.37,44.24,,,,14.67,11.12,17.95,,,,15.98,12.28,19.43,,,,3.81,0.89,6.6,,,,,,,,,,,,,,,,21.45,16.12,26.89,,,,,,,
2024-11-25,,,,39.2,34.43,44.01,,,,14.59,11.04,17.97,,,,15.85,12.32,19.41,,,,3.82,0.91,6.62,,,,,,,,,,,,,,,,21.69,16.37,26.99,,,,,,,
2024-11-26,,,,39.05,34.42,43.94,,,,14.52,11.02,17.98,,,,15.73,12.28,19.38,,,,3.83,0.97,6.63,,,,,,,,,,,,,,,,21.94,16.44,27.09,,,,,,,
2024-11-27,,,,38.91,34.2,43.75,,,,14.44,11.03,17.8,,,,15.61,12.19,19.26,,,,3.84,1.05,6.64,,,,,,,,,,,,,,,,22.18,16.53,27.18,,,,,,,
2024-11-28,,,,38.76,33.99,43.65,,,,14.37,11.0,17.69,,,,15.49,12.1,19.17,,,,3.85,1.14,6.65,,,,,,,,,,,,,,,,22.41,16.63,27.39,,,,,,,
2024-11-29,,,,38.61,33.83,43.54,,,,14.29,10.92,17.57,,,,15.37,12.04,18.97,,,,3.87,1.24,6.65,,,,,,,,,,,,,,,,22.64,16.75,27.63,,,,,,,
2024-11-30,,,,38.46,33.78,43.24,,,,14.22,10.85,17.45,,,,15.26,12.1,18.76,,,,3.88,1.23,6.64,,,,,,,,,,,,,,,,22.87,16.88,27.78,,,,,,,
2024-12-01,,,,38.31,33.79,42.88,,,,14.15,10.83,17.33,,,,15.14,11.94,18.67,,,,3.89,1.28,6.63,,,,,,,,,,,,,,,,23.09,17.05,27.86,,,,,,,
2024-12-02,,,,38.17,33.8,42.82,,,,14.08,10.8,17.21,,,,15.03,11.82,18.57,,,,3.9,1.32,6.62,,,,,,,,,,,,,,,,23.3,17.22,28.01,,,,,,,
2024-12-03,,,,38.02,33.7,42.75,,,,14.01,10.78,17.08,,,,14.92,11.73,18.48,,,,3.91,1.34,6.6,,,,,,,,,,,,,,,,23.51,17.42,28.08,,,,,,,
2024-12-04,,,,37.88,33.55,42.67,,,,13.95,10.78,16.97,,,,14.82,11.59,18.39,,,,3.92,1.36,6.59,,,,,,,,,,,,,,,,23.71,17.63,28.19,,,,,,,
2024-12-05,,,,37.74,33.5,42.59,,,,13.89,10.77,16.86,,,,14.72,11.52,18.19,,,,3.93,1.39,6.67,,,,,,,,,,,,,,,,23.91,17.87,28.3,,,,,,,
2024-12-06,,,,37.6,33.44,42.39,,,,13.83,10.76,16.75,,,,14.62,11.45,18.03,,,,3.94,1.42,6.71,,,,,,,,,,,,,,,,24.1,18.13,28.5,,,,,,,
2024-12-07,,,,37.47,33.44,42.14,,,,13.77,10.77,16.63,,,,14.52,11.38,17.88,,,,3.95,1.44,6.65,,,,,,,,,,,,,,,,24.28,18.4,28.64,,,,,,,
2024-12-08,,,,37.34,33.44,41.99,,,,13.71,10.76,16.52,,,,14.43,11.31,17.73,,,,3.96,1.45,6.64,,,,,,,,,,,,,,,,24.46,18.56,28.68,,,,,,,
2024-12-09,,,,37.21,33.29,41.84,,,,13.66,10.75,16.4,,,,14.34,11.24,17.6,,,,3.97,1.49,6.63,,,,,,,,,,,,,,,,24.63,18.82,28.8,,,,,,,
2024-12-10,,,,37.09,33.23,41.69,,,,13.61,10.75,16.27,,,,14.26,11.16,17.47,,,,3.98,1.51,6.66,,,,,,,,,,,,,,,,24.79,19.09,29.1,,,,,,,
2024-12-11,,,,36.97,33.2,41.54,,,,13.56,10.7,16.23,,,,14.18,11.13,17.35,,,,3.99,1.55,6.63,,,,,,,,,,,,,,,,24.96,19.25,29.36,,,,,,,
2024-12-12,,,,36.85,33.16,41.38,,,,13.51,10.7,16.15,,,,14.1,11.11,17.21,,,,4.0,1.54,6.6,,,,,,,,,,,,,,,,25.11,19.44,29.54,,,,,,,
2024-12-13,,,,36.74,33.05,41.17,,,,13.46,10.71,16.08,,,,14.02,11.06,17.15,,,,4.0,1.56,6.59,,,,,,,,,,,,,,,,25.27,19.58,29.7,,,,,,,
2024-12-14,,,,36.63,32.82,40.98,,,,13.42,10.72,16.07,,,,13.94,11.02,17.15,,,,4.01,1.55,6.58,,,,,,,,,,,,,,,,25.41,19.67,29.84,,,,,,,
2024-12-15,,,,36.52,32.6,40.85,,,,13.38,10.74,16.06,,,,13.87,10.97,17.01,,,,4.01,1.52,6.57,,,,,,,,,,,,,,,,25.56,19.71,30.02,,,,,,,
2024-12-16,,,,36.42,32.51,40.6,,,,13.33,10.75,16.03,,,,13.8,10.91,16.97,,,,4.02,1.6,6.56,,,,,,,,,,,,,,,,25.7,19.78,30.16,,,,,,,
2024-12-17,,,,36.32,32.46,40.31,,,,13.3,10.75,15.94,,,,13.73,10.9,16.93,,,,4.02,1.61,6.62,,,,,,,,,,,,,,,,25.83,19.76,30.32,,,,,,,
2024-12-18,,,,36.23,32.43,40.11,,,,13.26,10.73,15.86,,,,13.66,10.87,16.88,,,,4.03,1.61,6.64,,,,,,,,,,,,,,,,25.96,19.73,30.47,,,,,,,
2024-12-19,,,,36.14,32.35,39.96,,,,13.22,10.74,15.78,,,,13.6,10.84,16.79,,,,4.03,1.65,6.66,,,,,,,,,,,,,,,,26.09,19.93,30.6,,,,,,,
2024-12-20,,,,36.05,32.36,39.85,,,,13.19,10.74,15.7,,,,13.54,10.74,16.66,,,,4.04,1.69,6.67,,,,,,,,,,,,,,,,26.21,19.95,30.72,,,,,,,
2024-12-21,,,,35.97,32.36,39.75,,,,13.16,10.67,15.63,,,,13.48,10.67,16.53,,,,4.04,1.7,6.67,,,,,,,,,,,,,,,,26.33,19.97,30.82,,,,,,,
2024-12-22,,,,35.89,32.18,39.65,,,,13.13,10.65,15.58,,,,13.42,10.65,16.4,,,,4.04,1.71,6.66,,,,,,,,,,,,,,,,26.45,20.02,30.95,,,,,,,
2024-12-23,,,,35.82,32.01,39.54,,,,13.1,10.65,15.53,,,,13.37,10.6,16.27,,,,4.04,1.72,6.65,,,,,,,,,,,,,,,,26.56,20.17,31.04,,,,,,,
2024-12-24,,,,35.74,31.97,39.44,,,,13.08,10.6,15.51,,,,13.31,10.57,16.14,,,,4.04,1.72,6.64,,,,,,,,,,,,,,,,26.66,20.36,31.14,,,,,,,
2024-12-25,,,,35.68,31.85,39.3,,,,13.05,10.59,15.48,,,,13.26,10.55,16.01,,,,4.05,1.73,6.68,,,,,,,,,,,,,,,,26.76,20.43,31.22,,,,,,,
2024-12-26,,,,35.61,31.78,39.21,,,,13.03,10.55,15.46,,,,13.21,10.54,15.97,,,,4.05,1.73,6.71,,,,,,,,,,,,,,,,26.85,20.5,31.32,,,,,,,
2024-12-27,,,,35.55,31.73,39.13,,,,13.01,10.59,15.45,,,,13.17,10.54,15.96,,,,4.05,1.71,6.7,,,,,,,,,,,,,,,,26.94,20.56,31.52,,,,,,,
2024-12-28,,,,35.49,31.7,39.04,,,,13.0,10.6,15.45,,,,13.12,10.54,15.92,,,,4.05,1.68,6.73,,,,,,,,,,,,,,,,27.02,20.61,31.61,,,,,,,
2024-12-29,,,,35.43,31.66,38.94,,,,12.98,10.62,15.5,,,,13.08,10.54,15.9,,,,4.05,1.65,6.74,,,,,,,,,,,,,,,,27.1,20.66,31.73,,,,,,,
2024-12-30,,,,35.37,31.65,38.84,,,,12.97,10.66,15.48,,,,13.04,10.56,15.88,,,,4.05,1.66,6.73,,,,,,,,,,,,,,,,27.17,20.7,31.74,,,,,,,
2024-12-31,,,,35.32,31.67,38.64,,,,12.95,10.68,15.46,,,,13.01,10.57,15.86,,,,4.05,1.68,6.71,,,,,,,,,,,,,,,,27.23,20.8,31.75,,,,,,,
2025-01-01,,,,35.27,31.68,38.48,,,,12.94,10.69,15.44,,,,12.97,10.57,15.82,,,,4.05,1.72,6.69,,,,,,,,,,,,,,,,27.29,20.91,31.82,,,,,,,
2025-01-02,,,,35.22,31.7,38.42,,,,12.93,10.68,15.4,,,,12.94,10.57,15.76,,,,4.05,1.74,6.68,,,,,,,,,,,,,,,,27.34,21.02,31.95,,,,,,,
2025-01-03,,,,35.17,31.73,38.36,,,,12.93,10.66,15.38,,,,12.91,10.57,15.64,,,,4.05,1.77,6.66,,,,,,,,,,,,,,,,27.38,21.03,32.08,,,,,,,
2025-01-04,,,,35.13,31.75,38.27,,,,12.92,10.64,15.35,,,,12.88,10.55,15.52,,,,4.05,1.8,6.65,,,,,,,,,,,,,,,,27.42,21.17,32.18,,,,,,,
2025-01-05,,,,35.08,31.77,38.17,,,,12.91,10.63,15.33,,,,12.85,10.5,15.52,,,,4.05,1.78,6.64,,,,,,,,,,,,,,,,27.46,21.3,32.19,,,,,,,
2025-01-06,,,,35.04,31.76,38.12,,,,12.91,10.63,15.27,,,,12.83,10.45,15.47,,,,4.05,1.78,6.63,,,,,,,,,,,,,,,,27.49,21.33,32.16,,,,,,,
2025-01-07,,,,35.0,31.73,38.03,,,,12.9,10.63,15.22,,,,12.8,10.4,15.37,,,,4.05,1.77,6.61,,,,,,,,,,,,,,,,27.52,21.31,32.13,,,,,,,
2025-01-08,,,,34.96,31.77,37.98,,,,12.9,10.62,15.19,,,,12.78,10.35,15.34,,,,4.06,1.76,6.56,,,,,,,,,,,,,,,,27.55,21.31,32.15,,,,,,,
2025-01-09,,,,34.92,31.73,37.94,,,,12.9,10.63,15.15,,,,12.76,10.31,15.25,,,,4.06,1.76,6.54,,,,,,,,,,,,,,,,27.57,21.32,32.15,,,,,,,
2025-01-10,,,,34.89,31.69,37.88,,,,12.89,10.63,15.13,,,,12.74,10.27,15.15,,,,4.06,1.76,6.53,,,,,,,,,,,,,,,,27.59,21.41,32.17,,,,,,,
2025-01-11,,,,34.85,31.65,37.82,,,,12.89,10.64,15.06,,,,12.72,10.24,15.11,,,,4.06,1.75,6.51,,,,,,,,,,,,,,,,27.61,21.5,32.2,,,,,,,
2025-01-12,,,,34.82,31.67,37.79,,,,12.89,10.63,15.05,,,,12.7,10.2,15.1,,,,4.06,1.74,6.5,,,,,,,,,,,,,,,,27.62,21.6,32.23,,,,,,,
2025-01-13,,,,34.79,31.71,37.77,,,,12.89,10.59,15.05,,,,12.68,10.22,15.09,,,,4.06,1.75,6.49,,,,,,,,,,,,,,,,27.63,21.71,32.25,35.0,14.0,13.0,4.0,,,30.0
2025-01-14,,,,34.77,31.74,37.76,,,,12.88,10.54,15.05,,,,12.67,10.24,15.08,,,,4.07,1.76,6.47,,,,,,,,,,,,,,,,27.64,21.82,32.25,,,,,,,
2025-01-15,,,,34.74,31.77,37.74,,,,12.88,10.5,15.05,,,,12.65,10.26,15.06,,,,4.07,1.8,6.46,,,,,,,,,,,,,,,,27.65,21.93,32.24,,,,,,,
2025-01-16,,,,34.72,31.75,37.72,,,,12.88,10.46,15.04,,,,12.64,10.29,15.04,,,,4.07,1.84,6.44,,,,,,,,,,,,,,,,27.65,22.02,32.23,,,,,,,
2025-01-17,,,,34.7,31.78,37.69,,,,12.88,10.45,15.03,,,,12.63,10.31,15.02,,,,4.07,1.87,6.41,,,,,,,,,,,,,,,,27.65,22.12,32.21,,,,,,,
2025-01-18,,,,34.68,31.77,37.67,,,,12.88,10.43,15.04,,,,12.62,10.33,14.97,,,,4.07,1.9,6.4,,,,,,,,,,,,,,,,27.65,22.23,32.18,,,,,,,
2025-01-19,,,,34.66,31.8,37.65,,,,12.88,10.41,15.04,,,,12.61,10.35,14.87,,,,4.08,1.88,6.39,,,,,,,,,,,,,,,,27.65,22.34,32.06,,,,,,,
2025-01-20,,,,34.65,31.84,37.63,,,,12.88,10.4,14.99,,,,12.61,10.36,14.88,,,,4.08,1.87,6.38,,,,,,,,,,,,,,,,27.65,22.46,32.03,34.0,12.0,13.0,4.0,,,31.0
2025-01-21,,,,34.64,31.88,37.61,,,,12.87,10.38,14.99,,,,12.6,10.38,14.89,,,,4.08,1.85,6.38,,,,,,,,,,,,,,,,27.64,22.56,32.01,,,,,,,
2025-01-22,,,,34.63,31.85,37.59,,,,12.87,10.36,14.99,,,,12.6,10.4,14.91,,,,4.08,1.84,6.39,,,,,,,,,,,,,,,,27.63,22.66,31.99,,,,,,,
2025-01-23,,,,34.62,31.81,37.58,,,,12.87,10.35,14.95,,,,12.59,10.42,14.92,,,,4.09,1.83,6.38,,,,,,,,,,,,,,,,27.63,22.76,31.95,,,,,,,
2025-01-24,,,,34.61,31.84,37.55,,,,12.87,10.35,14.92,,,,12.59,10.47,14.91,,,,4.09,1.85,6.37,,,,,,,,,,,,,,,,27.62,22.85,31.89,,,,,,,
2025-01-25,,,,34.61,31.84,37.54,,,,12.87,10.39,14.91,,,,12.59,10.51,14.89,,,,4.09,1.89,6.36,,,,,,,,,,,,,,,,27.61,22.94,31.83,,,,,,,
2025-01-26,,,,34.6,31.82,37.5,,,,12.87,10.41,14.91,,,,12.59,10.56,14.87,,,,4.09,1.92,6.35,,,,,,,,,,,,,,,,27.6,23.04,31.78,,,,,,,
2025-01-27,,,,34.6,31.81,37.48,,,,12.86,10.45,14.91,,,,12.59,10.6,14.86,,,,4.09,1.93,6.33,,,,,,,,,,,,,,,,27.59,23.12,31.76,38.0,14.0,12.0,5.0,,,26.0
2025-01-28,,,,34.6,31.84,37.45,,,,12.86,10.49,14.91,,,,12.59,10.64,14.84,,,,4.1,1.93,6.33,,,,,,,,,,,,,,,,27.58,23.21,31.77,,,,,,,
2025-01-29,,,,34.6,31.88,37.45,,,,12.86,10.52,14.91,,,,12.59,10.68,14.81,,,,4.1,1.94,6.32,,,,3.0,-1.16,7.74,,,,,,,,,,27.57,23.24,31.66,37.5,11.5,10.0,3.0,3.0,,32.5
2025-01-30,,,,34.6,31.9,37.44,,,,12.86,10.55,14.91,,,,12.59,10.67,14.79,,,,4.1,1.94,6.31,,,,3.0,-1.15,7.72,,,,,,,,,,27.56,23.25,31.6,,,,,,,
2025-01-31,,,,34.6,31.9,37.44,,,,12.85,10.51,14.89,,,,12.59,10.67,14.79,,,,4.11,1.95,6.29,,,,3.0,-1.08,7.7,,,,,,,,,,27.55,23.26,31.55,,,,,,,
2025-02-01,,,,34.6,31.89,37.42,,,,12.85,10.48,14.86,,,,12.59,10.64,14.8,,,,4.11,1.95,6.28,,,,3.0,-1.22,7.89,,,,,,,,,,27.55,23.28,31.5,,,,,,,
2025-02-02,,,,34.6,31.88,37.39,,,,12.85,10.45,14.84,,,,12.59,10.64,14.81,,,,4.11,1.91,6.27,,,,3.0,-1.22,7.87,,,,,,,,,,27.54,23.3,31.45,,,,,,,
2025-02-03,,,,34.6,31.88,37.36,,,,12.84,10.49,14.82,,,,12.59,10.65,14.82,,,,4.11,1.88,6.27,,,,3.0,-1.22,7.86,,,,,,,,,,27.53,23.31,31.43,31.0,15.0,14.0,6.0,,,29.0
2025-02-04,,,,34.6,31.88,37.33,,,,12.84,10.54,14.83,,,,12.59,10.65,14.82,,,,4.12,1.9,6.29,,,,3.0,-1.2,7.85,,,,,,,,,,27.53,23.24,31.42,,,,,,,
2025-02-05,,,,34.6,31.87,37.3,,,,12.84,10.59,14.84,,,,12.59,10.65,14.83,,,,4.12,1.93,6.29,,,,3.0,-1.19,7.84,,,,,,,,,,27.52,23.16,31.4,,,,,,,
2025-02-06,,,,34.6,31.87,37.27,,,,12.83,10.62,14.82,,,,12.59,10.65,14.84,,,,4.13,1.96,6.29,,,,3.0,-1.18,7.82,,,,,,,,,,27.52,23.1,31.35,,,,,,,
2025-02-07,,,,34.6,31.86,37.24,,,,12.83,10.67,14.81,,,,12.59,10.65,14.83,,,,4.13,1.99,6.29,,,,3.0,-1.16,7.8,,,,1.0,-4.33,6.58,,,,27.52,23.02,31.32,36.0,10.0,15.0,5.0,3.0,1.0,1.0
2025-02-08,,,,34.6,31.88,37.25,,,,12.82,10.71,14.79,,,,12.59,10.65,14.81,,,,4.13,2.02,6.27,,,,3.0,-1.12,7.77,,,,1.0,-4.31,6.56,,,,27.52,22.97,31.31,,,,,,,
2025-02-09,,,,34.59,31.9,37.22,,,,12.82,10.71,14.77,,,,12.59,10.66,14.79,,,,4.14,2.05,6.26,,,,3.0,-1.07,7.74,,,,1.0,-4.3,6.55,,,,27.52,23.03,31.29,,,,,,,
2025-02-10,,,,34.59,31.92,37.18,,,,12.81,10.71,14.75,,,,12.59,10.67,14.76,,,,4.14,2.08,6.26,,,,3.01,-1.02,7.7,,,,1.0,-4.28,6.52,,,,27.52,23.1,31.28,30.0,12.0,12.0,3.0,,,36.0
2025-02-11,,,,34.59,31.94,37.15,,,,12.81,10.71,14.73,,,,12.59,10.68,14.74,,,,4.15,2.1,6.26,,,,3.01,-1.0,7.67,,,,1.0,-4.25,6.5,,,,27.52,23.18,31.27,,,,,,,
2025-02-12,,,,34.58,31.94,37.11,,,,12.8,10.71,14.71,,,,12.59,10.69,14.72,,,,4.15,2.13,6.27,,,,3.01,-0.98,7.65,,,,1.0,-4.22,6.48,,,,27.52,23.25,31.26,,,,,,,
2025-02-13,,,,34.57,31.96,37.06,,,,12.8,10.71,14.69,,,,12.6,10.7,14.7,,,,4.16,2.16,6.29,,,,3.01,-0.93,7.62,,,,1.0,-4.18,6.44,,,,27.53,23.36,31.25,,,,,,,
2025-02-14,,,,34.57,31.96,37.01,,,,12.79,10.72,14.67,,,,12.6,10.72,14.66,,,,4.16,2.19,6.31,,,,3.01,-0.87,7.59,,,,1.0,-4.12,6.42,,,,27.54,23.48,31.24,,,,,,,
2025-02-15,,,,34.56,31.95,36.97,,,,12.79,10.73,14.66,,,,12.6,10.74,14.62,,,,4.17,2.21,6.33,,,,3.02,-0.86,7.56,,,,1.0,-4.06,6.38,,,,27.55,23.51,31.18,,,,,,,
2025-02-16,,,,34.55,31.94,36.94,,,,12.78,10.73,14.66,,,,12.6,10.75,14.58,,,,4.17,2.24,6.34,,,,3.02,-0.84,7.53,,,,1.0,-4.02,6.38,,,,27.56,23.53,31.13,,,,,,,
2025-02-17,,,,34.54,31.92,36.93,,,,12.78,10.74,14.62,,,,12.61,10.77,14.55,,,,4.18,2.27,6.33,,,,3.02,-0.83,7.5,,,,1.0,-4.01,6.4,,,,27.57,23.56,31.15,34.0,12.0,12.0,4.0,,,34.0
2025-02-18,,,,34.52,31.93,36.93,,,,12.77,10.74,14.61,,,,12.61,10.79,14.53,,,,4.19,2.29,6.32,,,,3.03,-0.81,7.49,,,,1.0,-4.0,6.4,,,,27.58,23.58,31.2,,,,,,,
2025-02-19,,,,34.51,31.96,36.92,,,,12.77,10.74,14.62,,,,12.61,10.81,14.51,,,,4.19,2.31,6.31,,,,3.03,-0.8,7.48,,,,1.0,-3.95,6.4,,,,27.6,23.6,31.23,,,,,,,
2025-02-20,,,,34.49,31.98,36.91,,,,12.76,10.75,14.62,,,,12.62,10.84,14.5,,,,4.2,2.35,6.3,,,,3.03,-0.78,7.46,,,,1.0,-3.94,6.39,,,,27.62,23.62,31.24,,,,,,,
2025-02-21,,,,34.48,32.0,36.9,,,,12.76,10.76,14.63,,,,12.62,10.86,14.5,,,,4.2,2.37,6.28,,,,3.04,-0.76,7.44,,,,1.0,-3.97,6.3,,,,27.64,23.63,31.24,,,,,,,
2025-02-22,,,,34.46,32.02,36.9,,,,12.75,10.76,14.62,,,,12.63,10.89,14.5,,,,4.21,2.39,6.26,,,,3.04,-0.74,7.39,,,,1.0,-4.0,6.22,,,,27.66,23.65,31.25,,,,,,,
2025-02-23,,,,34.44,32.03,36.89,,,,12.75,10.77,14.63,,,,12.63,10.91,14.51,,,,4.22,2.4,6.23,,,,3.05,-0.72,7.32,,,,1.0,-4.02,6.14,,,,27.68,23.67,31.25,,,,,,,
2025-02-24,,,,34.42,32.02,36.83,,,,12.74,10.78,14.63,,,,12.64,10.93,14.52,,,,4.22,2.42,6.21,,,,3.05,-0.7,7.26,,,,1.0,-4.04,6.04,,,,27.7,23.69,31.26,33.0,14.0,16.0,3.0,,,30.0
2025-02-25,,,,34.4,32.02,36.75,,,,12.74,10.78,14.63,,,,12.64,10.96,14.53,,,,4.23,2.44,6.18,,,,3.06,-0.69,7.21,,,,1.0,-4.04,6.03,,,,27.73,23.74,31.28,,,,,,,
2025-02-26,,,,34.37,32.0,36.7,,,,12.73,10.79,14.59,,,,12.65,10.99,14.54,,,,4.24,2.48,6.15,,,,3.06,-0.69,7.14,,,,1.0,-4.04,6.02,,,,27.76,23.79,31.3,,,,,,,
2025-02-27,,,,34.35,31.99,36.68,,,,12.73,10.8,14.56,,,,12.66,11.02,14.55,,,,4.24,2.52,6.13,,,,3.07,-0.67,7.11,,,,1.0,-4.04,6.01,,,,27.79,23.85,31.31,,,,,,,
2025-02-28,,,,34.32,31.95,36.67,,,,12.72,10.81,14.54,,,,12.66,11.05,14.56,,,,4.25,2.57,6.13,,,,3.07,-0.65,7.08,,,,1.0,-4.03,6.01,,,,27.82,23.96,31.33,,,,,,,
2025-03-01,,,,34.29,31.89,36.62,,,,12.72,10.8,14.53,,,,12.67,11.05,14.56,,,,4.25,2.58,6.12,,,,3.08,-0.62,7.07,,,,1.0,-4.0,6.0,,,,27.85,24.07,31.34,,,,,,,
2025-03-02,,,,34.27,31.83,36.55,,,,12.71,10.8,14.54,,,,12.68,11.05,14.57,,,,4.26,2.57,6.1,,,,3.08,-0.61,7.09,,,,1.0,-3.96,5.99,,,,27.88,24.09,31.36,,,,,,,
2025-03-03,,,,34.24,31.83,36.48,,,,12.71,10.8,14.55,,,,12.68,11.05,14.58,,,,4.27,2.55,6.1,,,,3.09,-0.6,7.1,,,,1.0,-3.92,5.97,,,,27.92,24.16,31.38,37.0,14.0,12.0,4.0,,,29.0
2025-03-04,,,,34.2,31.84,36.41,,,,12.71,10.79,14.56,,,,12.69,11.06,14.56,,,,4.27,2.52,6.09,,,,3.09,-0.61,7.14,,,,1.0,-3.88,5.93,,,,27.95,24.23,31.4,,,,,,,
2025-03-05,,,,34.17,31.8,36.36,,,,12.7,10.8,14.56,,,,12.7,11.05,14.57,,,,4.28,2.52,6.09,,,,3.1,-0.56,7.18,,,,1.0,-3.85,5.88,,,,27.99,24.3,31.42,,,,,,,
2025-03-06,,,,34.14,31.76,36.35,,,,12.7,10.8,14.57,,,,12.71,11.05,14.59,,,,4.29,2.53,6.09,,,,3.1,-0.54,7.18,,,,1.0,-3.82,5.82,,,,28.03,24.31,31.45,,,,,,,
2025-03-07,,,,34.1,31.72,36.32,,,,12.7,10.81,14.58,,,,12.72,11.05,14.6,,,,4.29,2.53,6.07,,,,3.11,-0.49,7.17,,,,1.0,-3.82,5.75,,,,28.07,24.34,31.47,,,,,,,
2025-03-08,,,,34.07,31.71,36.25,,,,12.7,10.83,14.59,,,,12.73,11.05,14.62,,,,4.3,2.53,6.07,,,,3.12,-0.47,7.15,,,,1.0,-3.84,5.7,,,,28.11,24.37,31.49,,,,,,,
2025-03-09,,,,34.03,31.68,36.2,,,,12.69,10.84,14.6,,,,12.74,11.06,14.63,,,,4.31,2.53,6.06,,,,3.12,-0.45,7.12,,,,1.0,-3.86,5.67,,,,28.15,24.43,31.51,,,,,,,
2025-03-10,,,,33.99,31.63,36.18,,,,12.69,10.83,14.61,,,,12.75,11.06,14.64,,,,4.31,2.53,6.06,,,,3.13,-0.43,7.11,,,,1.0,-3.88,5.61,,,,28.19,24.4,31.54,35.0,15.0,11.0,4.0,,,29.0
2025-03-11,,,,33.95,31.57,36.13,,,,12.69,10.8,14.62,,,,12.76,11.08,14.65,,,,4.32,2.54,6.05,,,,3.14,-0.41,7.08,,,,1.0,-3.9,5.49,,,,28.23,24.41,31.56,,,,,,,
2025-03-12,,,,33.91,31.5,36.1,,,,12.69,10.78,14.59,,,,12.77,11.14,14.66,,,,4.32,2.54,6.07,,,,3.14,-0.4,7.06,,,,1.0,-3.92,5.48,,,,28.28,24.43,31.59,,,,,,,
2025-03-13,,,,33.87,31.49,36.08,,,,12.69,10.78,14.54,,,,12.79,11.19,14.61,,,,4.33,2.54,6.08,,,,3.15,-0.4,7.03,,,,1.0,-3.94,5.45,,,,28.32,24.45,31.62,,,,,,,
2025-03-14,,,,33.83,31.5,36.07,,,,12.69,10.77,14.55,,,,12.8,11.25,14.61,,,,4.34,2.55,6.09,,,,3.16,-0.37,7.05,,,,1.0,-3.94,5.48,,,,28.37,24.57,31.68,,,,,,,
2025-03-15,,,,33.79,31.46,36.05,,,,12.69,10.77,14.56,,,,12.81,11.28,14.61,,,,4.34,2.55,6.1,,,,3.16,-0.37,7.08,,,,1.0,-3.96,5.43,,,,28.41,24.69,31.75,,,,,,,
2025-03-16,,,,33.74,31.43,36.03,,,,12.69,10.78,14.58,,,,12.82,11.28,14.62,,,,4.35,2.54,6.07,,,,3.17,-0.38,7.08,,,,1.0,-3.98,5.36,,,,28.46,24.82,31.82,,,,,,,
2025-03-17,,,,33.7,31.38,36.01,,,,12.69,10.77,14.59,,,,12.84,11.28,14.63,,,,4.35,2.54,6.07,,,,3.18,-0.4,7.07,,,,1.0,-4.02,5.38,,,,28.51,24.94,31.89,32.0,16.0,12.0,5.0,,,31.0
2025-03-18,,,,33.65,31.33,35.99,,,,12.69,10.77,14.61,,,,12.85,11.29,14.64,,,,4.36,2.55,6.08,,,,3.18,-0.42,7.06,,,,1.0,-4.05,5.4,,,,28.56,25.08,31.96,,,,,,,
2025-03-19,,,,33.6,31.29,35.97,,,,12.69,10.77,14.6,,,,12.87,11.3,14.65,,,,4.36,2.58,6.09,,,,3.19,-0.43,7.12,,,,1.0,-4.06,5.42,,,,28.61,25.21,32.04,,,,,,,
2025-03-20,,,,33.56,31.27,35.95,,,,12.69,10.77,14.59,,,,12.88,11.3,14.65,,,,4.37,2.61,6.1,,,,3.2,-0.46,7.13,,,,1.0,-4.07,5.44,,,,28.66,25.35,32.06,,,,,,,
2025-03-21,,,,33.51,31.23,35.93,,,,12.7,10.77,14.59,,,,12.9,11.31,14.66,,,,4.37,2.64,6.1,,,,3.2,-0.49,7.1,,,,1.0,-4.08,5.46,,,,28.71,25.39,32.09,31.0,11.0,16.0,4.0,3.0,1.0,3.0
2025-03-22,,,,33.46,31.17,35.88,,,,12.7,10.77,14.58,,,,12.91,11.33,14.67,,,,4.38,2.67,6.11,,,,3.21,-0.53,7.07,,,,1.0,-4.09,5.47,,,,28.77,25.43,32.1,,,,,,,
2025-03-23,,,,33.4,31.11,35.82,,,,12.7,10.77,14.57,,,,12.93,11.37,14.67,,,,4.38,2.69,6.11,,,,3.22,-0.58,7.07,,,,1.0,-4.1,5.49,,,,28.82,25.46,32.15,,,,,,,
2025-03-24,,,,33.35,31.05,35.77,,,,12.7,10.77,14.56,,,,12.94,11.4,14.68,,,,4.39,2.72,6.12,,,,3.23,-0.63,7.07,,,,1.0,-4.11,5.5,,,,28.88,25.5,32.22,32.0,15.0,14.0,5.0,,,27.0
2025-03-25,,,,33.3,31.0,35.71,,,,12.71,10.77,14.54,,,,12.96,11.44,14.69,,,,4.39,2.75,6.12,,,,3.24,-0.68,7.05,,,,1.0,-4.12,5.53,,,,28.93,25.54,32.31,,,,,,,
2025-03-26,,,,33.24,30.93,35.64,,,,12.71,10.77,14.56,,,,12.98,11.46,14.7,,,,4.4,2.78,6.12,,,,3.24,-0.74,7.14,,,,1.0,-4.12,5.54,,,,28.99,25.57,32.38,,,,,,,
2025-03-27,,,,33.19,30.88,35.56,,,,12.72,10.77,14.56,,,,12.99,11.45,14.69,,,,4.4,2.79,6.13,,,,3.25,-0.79,7.19,,,,1.0,-4.11,5.55,,,,29.05,25.61,32.42,,,,,,,
2025-03-28,,,,33.13,30.82,35.47,,,,12.72,10.78,14.56,,,,13.01,11.44,14.69,,,,4.41,2.79,6.17,,,,3.26,-0.85,7.23,,,,1.0,-4.11,5.57,,,,29.11,25.66,32.49,,,,,,,
2025-03-29,,,,33.07,30.76,35.38,,,,12.72,10.78,14.56,,,,13.03,11.46,14.7,,,,4.41,2.79,6.19,,,,3.27,-0.91,7.27,,,,1.0,-4.1,5.58,,,,29.18,25.7,32.56,,,,,,,
2025-03-30,,,,33.02,30.7,35.3,,,,12.73,10.8,14.56,,,,13.04,11.5,14.7,,,,4.42,2.81,6.2,,,,3.28,-0.97,7.29,,,,1.0,-4.1,5.6,,,,29.24,25.75,32.61,,,,,,,
2025-03-31,,,,32.96,30.64,35.24,,,,12.73,10.81,14.56,,,,13.06,11.51,14.7,,,,4.42,2.81,6.21,,,,3.29,-1.04,7.24,,,,1.0,-4.08,5.6,,,,29.31,25.8,32.64,38.0,13.0,11.0,5.0,,,28.0
2025-04-01,,,,32.9,30.57,35.13,,,,12.74,10.83,14.56,,,,13.08,11.52,14.7,,,,4.43,2.81,6.21,,,,3.3,-1.1,7.14,,,,1.0,-4.09,5.6,,,,29.37,25.86,32.65,,,,,,,
2025-04-02,,,,32.84,30.54,35.03,,,,12.74,10.86,14.61,,,,13.1,11.53,14.69,,,,4.43,2.81,6.21,,,,3.3,-1.11,7.2,,,,1.0,-4.09,5.59,,,,29.44,25.98,32.7,36.5,9.5,10.0,4.0,,,32.5
2025-04-03,,,,32.78,30.51,34.92,,,,12.75,10.91,14.63,,,,13.11,11.55,14.69,,,,4.43,2.81,6.21,,,,3.31,-1.17,7.32,,,,1.0,-4.09,5.58,,,,29.51,26.1,32.73,,,,,,,
2025-04-04,,,,32.72,30.45,34.83,,,,12.75,10.95,14.65,,,,13.13,11.56,14.68,,,,4.44,2.81,6.21,,,,3.32,-1.24,7.41,,,,1.0,-4.12,5.63,,,,29.58,26.12,32.8,,,,,,,
2025-04-05,,,,32.65,30.37,34.8,,,,12.76,10.98,14.66,,,,13.15,11.58,14.68,,,,4.44,2.81,6.21,,,,3.33,-1.32,7.56,,,,1.0,-4.24,5.67,,,,29.66,26.16,32.89,,,,,,,
2025-04-06,,,,32.59,30.29,34.78,,,,12.76,11.02,14.67,,,,13.16,11.59,14.7,,,,4.45,2.81,6.21,,,,3.34,-1.4,7.71,,,,1.0,-4.25,5.67,,,,29.73,26.18,33.0,,,,,,,
2025-04-07,,,,32.53,30.2,34.7,,,,12.77,11.01,14.67,,,,13.18,11.63,14.7,,,,4.45,2.81,6.21,,,,3.35,-1.48,7.83,,,,1.0,-4.26,5.68,,,,29.81,26.24,33.08,35.0,13.0,16.0,3.0,,,29.0
2025-04-08,,,,32.47,30.15,34.62,,,,12.78,11.01,14.68,,,,13.19,11.64,14.72,,,,4.46,2.82,6.21,,,,3.36,-1.55,7.95,,,,1.0,-4.27,5.68,,,,29.88,26.3,33.18,,,,,,,
2025-04-09,,,,32.41,30.07,34.53,,,,12.78,11.0,14.64,,,,13.21,11.63,14.75,,,,4.46,2.85,6.19,,,,3.37,-1.63,8.05,,,,1.0,-4.36,5.69,,,,29.96,26.33,33.25,,,,,,,
2025-04-10,,,,32.35,30.02,34.43,,,,12.79,10.99,14.67,,,,13.23,11.61,14.77,,,,4.46,2.9,6.2,,,,3.38,-1.69,8.15,,,,1.0,-4.43,5.69,,,,30.03,26.4,33.32,,,,,,,
2025-04-11,,,,32.28,29.96,34.34,,,,12.79,10.97,14.68,,,,13.24,11.61,14.79,,,,4.47,2.93,6.21,,,,3.39,-1.83,8.19,,,,1.0,-4.5,5.7,,,,30.11,26.47,33.4,,,,,,,
2025-04-12,,,,32.22,29.9,34.3,,,,12.8,10.96,14.67,,,,13.25,11.6,14.82,,,,4.47,2.95,6.22,,,,3.4,-1.97,8.32,,,,1.0,-5.23,5.95,,,,30.19,26.55,33.44,,,,,,,
2025-04-13,,,,32.16,29.84,34.26,,,,12.81,10.96,14.66,,,,13.27,11.59,14.84,,,,4.48,2.97,6.21,,,,3.42,-2.09,8.37,,,,1.0,-5.33,5.92,,,,30.27,26.62,33.5,,,,,,,
2025-04-14,,,,32.1,29.78,34.21,,,,12.81,10.96,14.65,,,,13.28,11.61,14.87,,,,4.48,3.0,6.23,,,,3.43,-2.19,8.44,,,,1.0,-5.34,5.92,,,,30.35,26.7,33.51,36.0,11.0,12.0,5.0,,,30.0
2025-04-15,,,,32.04,29.73,34.16,,,,12.82,10.96,14.64,,,,13.3,11.63,14.89,,,,4.49,3.01,6.23,,,,3.44,-2.22,8.5,,,,1.0,-5.34,5.91,,,,30.43,26.78,33.52,,,,,,,
2025-04-16,,,,31.98,29.67,34.13,,,,12.83,11.01,14.64,,,,13.31,11.63,14.91,,,,4.49,3.04,6.18,,,,3.45,-2.22,8.56,,,,1.0,-5.33,5.91,,,,30.51,26.86,33.61,,,,,,,
2025-04-17,,,,31.91,29.62,34.08,,,,12.83,11.01,14.65,,,,13.32,11.62,14.94,,,,4.5,3.04,6.17,,,,3.45,-2.27,8.61,,,,1.0,-5.32,5.95,,,,30.59,26.95,33.66,,,,,,,
2025-04-18,,,,31.85,29.56,34.03,,,,12.84,10.99,14.66,,,,13.33,11.64,14.96,,,,4.5,3.05,6.21,,,,3.46,-2.37,8.65,,,,1.01,-5.32,6.05,,,,30.67,27.02,33.74,,,,,,,
2025-04-19,,,,31.79,29.45,33.99,,,,12.85,10.97,14.66,,,,13.35,11.64,14.98,,,,4.51,3.06,6.25,,,,3.47,-2.46,8.67,,,,1.01,-5.33,6.19,,,,30.75,27.09,33.84,,,,,,,
2025-04-20,,,,31.73,29.33,33.97,,,,12.85,10.97,14.67,,,,13.36,11.65,15.0,,,,4.51,3.09,6.26,,,,3.48,-2.46,8.69,,,,1.01,-5.36,6.28,,,,30.84,27.15,33.89,,,,,,,
2025-04-21,,,,31.67,29.25,33.95,,,,12.86,10.98,14.66,,,,13.37,11.66,15.02,,,,4.52,3.09,6.26,,,,3.48,-2.45,8.7,,,,1.02,-5.38,6.42,,,,30.92,27.23,33.94,,,,,,,
2025-04-22,,,,31.6,29.2,33.91,,,,12.87,11.0,14.67,,,,13.38,11.68,15.04,,,,4.52,3.1,6.26,,,,3.48,-2.47,8.8,,,,1.03,-5.41,6.47,,,,31.0,27.34,33.99,32.0,15.0,14.0,6.0,,,26.0
2025-04-23,,,,31.54,29.15,33.87,,,,12.87,11.01,14.68,,,,13.39,11.67,15.06,,,,4.53,3.1,6.26,,,,3.49,-2.7,8.91,,,,1.03,-5.25,6.47,,,,31.08,27.46,34.12,,,,,,,
2025-04-24,,,,31.48,29.1,33.84,,,,12.88,11.02,14.69,,,,13.41,11.66,15.08,,,,4.53,3.09,6.27,,,,3.49,-2.75,8.89,,,,1.04,-5.23,6.46,,,,31.16,27.6,34.18,,,,,,,
2025-04-25,,,,31.41,29.03,33.79,,,,12.89,11.04,14.7,,,,13.42,11.66,15.1,,,,4.54,3.06,6.29,,,,3.49,-2.86,8.84,,,,1.05,-5.22,6.45,,,,31.24,27.69,34.24,,,,,,,
2025-04-26,,,,31.35,28.98,33.75,,,,12.89,11.06,14.7,,,,13.43,11.66,15.09,,,,4.54,3.02,6.32,,,,3.49,-2.87,8.82,,,,1.07,-5.22,6.44,,,,31.32,27.79,34.29,,,,,,,
2025-04-27,,,,31.29,28.93,33.7,,,,12.9,11.08,14.7,,,,13.44,11.67,15.06,,,,4.55,3.01,6.34,,,,3.48,-2.88,8.8,,,,1.08,-5.18,6.43,,,,31.4,27.88,34.35,,,,,,,
2025-04-28,,,,31.22,28.88,33.63,,,,12.91,11.09,14.71,,,,13.45,11.67,15.05,,,,4.55,3.02,6.35,,,,3.48,-2.89,8.77,,,,1.09,-5.18,6.42,,,,31.49,28.0,34.4,32.0,12.0,13.0,6.0,,,32.0
2025-04-29,,,,31.16,28.83,33.56,,,,12.91,11.07,14.72,,,,13.47,11.67,15.06,,,,4.56,3.01,6.36,,,,3.47,-2.9,8.79,,,,1.11,-5.12,6.58,,,,31.57,28.07,34.49,,,,,,,
2025-04-30,,,,31.09,28.76,33.53,,,,12.92,11.06,14.74,,,,13.48,11.68,15.06,,,,4.57,2.99,6.38,,,,3.47,-2.95,8.96,,,,1.12,-4.89,6.58,,,,31.65,28.17,34.59,,,,,,,
2025-05-01,,,,31.02,28.69,33.41,,,,12.93,11.08,14.76,,,,13.49,11.68,15.06,,,,4.57,2.99,6.39,,,,3.46,-2.94,8.94,,,,1.14,-4.66,6.57,,,,31.72,28.26,34.69,,,,,,,
2025-05-02,,,,30.95,28.64,33.33,,,,12.93,11.11,14.78,,,,13.51,11.67,15.06,,,,4.58,2.98,6.41,,,,3.45,-2.95,8.93,,,,1.16,-4.64,6.54,,,,31.8,28.36,34.78,31.0,11.0,14.0,4.0,4.0,1.0,35.0
2025-05-03,,,,30.88,28.56,33.25,,,,12.94,11.14,14.79,,,,13.52,11.66,15.06,,,,4.58,2.96,6.42,,,,3.44,-2.95,8.9,,,,1.18,-4.66,6.53,,,,31.88,28.5,34.87,,,,,,,
2025-05-04,,,,30.81,28.49,33.18,,,,12.95,11.15,14.79,,,,13.54,11.64,15.08,,,,4.59,3.0,6.43,,,,3.44,-2.95,8.89,,,,1.2,-4.69,6.51,,,,31.96,28.66,34.96,,,,,,,
2025-05-05,,,,30.74,28.42,33.1,,,,12.96,11.16,14.78,,,,13.55,11.63,15.12,,,,4.6,3.0,6.42,,,,3.43,-2.97,8.79,,,,1.22,-4.73,6.5,,,,32.04,28.81,35.01,,,,,,,
2025-05-06,,,,30.67,28.38,33.02,,,,12.96,11.17,14.81,,,,13.57,11.62,15.15,,,,4.6,2.99,6.4,,,,3.42,-2.99,8.67,,,,1.24,-4.76,6.47,,,,32.12,28.94,35.04,23.0,13.0,14.0,6.0,,,40.0
2025-05-07,,,,30.59,28.34,32.94,,,,12.97,11.16,14.85,,,,13.58,11.61,15.16,,,,4.61,2.98,6.4,,,,3.4,-3.02,8.61,,,,1.26,-4.8,6.38,,,,32.2,28.98,35.08,,,,,,,
2025-05-08,,,,30.52,28.3,32.81,,,,12.98,11.18,14.86,,,,13.6,11.6,15.16,,,,4.61,2.96,6.39,,,,3.39,-2.96,8.57,,,,1.28,-4.86,6.39,,,,32.28,29.1,35.12,,,,,,,
2025-05-09,,,,30.44,28.25,32.77,,,,12.99,11.2,14.87,,,,13.62,11.62,15.19,,,,4.62,2.95,6.37,,,,3.38,-2.5,8.05,,,,1.3,-3.59,6.21,,,,32.37,29.31,35.15,,,,,,,
2025-05-10,,,,30.37,28.21,32.69,,,,13.0,11.2,14.87,,,,13.63,11.65,15.22,,,,4.63,2.93,6.33,,,,3.37,-2.47,8.03,,,,1.33,-3.67,6.28,,,,32.45,29.54,35.19,,,,,,,
2025-05-11,,,,30.29,28.17,32.6,,,,13.01,11.22,14.85,,,,13.65,11.68,15.23,,,,4.63,2.92,6.28,,,,3.36,-2.46,8.0,,,,1.35,-3.72,6.35,,,,32.53,29.77,35.22,,,,,,,
2025-05-12,,,,30.21,28.08,32.51,,,,13.02,11.21,14.86,,,,13.67,11.72,15.23,,,,4.64,2.91,6.3,,,,3.35,-2.44,7.97,,,,1.37,-3.77,6.37,,,,32.61,29.87,35.28,29.0,12.0,14.0,4.0,,,37.0
2025-05-13,,,,30.13,27.98,32.42,,,,13.03,11.2,14.86,,,,13.69,11.76,15.24,,,,4.65,2.9,6.33,,,,3.33,-2.48,7.89,,,,1.4,-3.82,6.35,,,,32.7,29.92,35.37,,,,,,,
2025-05-14,,,,30.05,27.88,32.33,,,,13.04,11.19,14.87,,,,13.7,11.8,15.28,,,,4.65,2.9,6.37,,,,3.32,-2.45,7.91,,,,1.42,-3.82,6.35,,,,32.78,29.98,35.44,,,,,,,
2025-05-15,,,,29.97,27.84,32.24,,,,13.05,11.21,14.88,,,,13.72,11.85,15.33,,,,4.66,2.89,6.4,,,,3.31,-2.4,7.84,,,,1.44,-3.82,6.34,,,,32.87,30.06,35.53,,,,,,,
2025-05-16,,,,29.88,27.8,32.16,,,,13.06,11.24,14.9,,,,13.74,11.89,15.38,,,,4.66,2.89,6.43,,,,3.3,-2.4,7.78,,,,1.47,-3.81,6.33,,,,32.95,30.21,35.61,,,,,,,
2025-05-17,,,,29.8,27.76,32.06,,,,13.08,11.27,14.9,,,,13.76,11.95,15.43,,,,4.67,2.93,6.41,,,,3.28,-2.41,7.79,,,,1.49,-3.81,6.33,,,,33.04,30.37,35.65,,,,,,,
2025-05-18,,,,29.72,27.65,31.97,,,,13.09,11.27,14.91,,,,13.78,11.98,15.42,,,,4.68,2.97,6.38,,,,3.27,-2.41,7.82,,,,1.52,-3.82,6.31,,,,33.12,30.54,35.69,,,,,,,
2025-05-19,,,,29.63,27.58,31.87,,,,13.1,11.27,14.92,,,,13.8,12.0,15.41,,,,4.68,3.01,6.39,,,,3.26,-2.42,7.8,,,,1.54,-3.77,6.31,,,,33.21,30.68,35.72,25.0,14.0,15.0,5.0,,,36.0
2025-05-20,,,,29.55,27.55,31.77,,,,13.12,11.26,14.98,,,,13.82,12.01,15.47,,,,4.69,3.04,6.42,,,,3.24,-2.44,7.87,,,,1.57,-3.68,6.3,,,,33.29,30.74,35.76,,,,,,,
2025-05-21,,,,29.46,27.51,31.66,,,,13.13,11.27,14.94,,,,13.84,12.03,15.48,,,,4.69,3.04,6.44,,,,3.23,-2.49,7.95,,,,1.59,-3.59,6.32,,,,33.37,30.77,35.8,,,,,,,
2025-05-22,,,,29.37,27.46,31.55,,,,13.15,11.28,14.96,,,,13.86,12.05,15.48,,,,4.7,3.03,6.47,,,,3.22,-2.52,8.02,,,,1.62,-3.51,6.47,,,,33.45,30.8,35.84,,,,,,,
2025-05-23,,,,29.29,27.41,31.45,,,,13.17,11.28,14.97,,,,13.88,12.07,15.51,,,,4.7,3.02,6.49,,,,3.2,-2.58,8.09,,,,1.64,-3.43,6.62,,,,33.54,30.83,35.89,,,,,,,
2025-05-24,,,,29.2,27.29,31.39,,,,13.18,11.31,14.95,,,,13.9,12.1,15.54,,,,4.71,3.02,6.49,,,,3.19,-2.62,8.16,,,,1.67,-3.49,6.67,,,,33.62,30.96,35.93,,,,,,,
2025-05-25,,,,29.11,27.16,31.27,,,,13.2,11.37,14.96,,,,13.92,12.13,15.59,,,,4.72,3.02,6.48,,,,3.18,-2.67,8.29,,,,1.69,-3.56,6.69,,,,33.69,31.1,35.94,,,,,,,
2025-05-26,,,,29.02,27.06,31.21,,,,13.22,11.42,14.98,,,,13.94,12.16,15.63,,,,4.72,3.01,6.48,,,,3.16,-2.69,8.37,,,,1.72,-3.62,6.71,,,,33.77,31.23,35.97,,,,,,,
2025-05-27,,,,28.93,26.96,31.15,,,,13.24,11.43,15.03,,,,13.96,12.19,15.68,,,,4.73,3.04,6.48,,,,3.15,-2.75,8.46,,,,1.74,-3.69,6.69,,,,33.85,31.37,36.0,29.0,14.0,15.0,4.0,,,33.0
2025-05-28,,,,28.85,26.84,31.08,,,,13.26,11.44,15.07,,,,13.98,12.19,15.72,,,,4.73,3.08,6.48,,,,3.13,-2.81,8.55,,,,1.76,-3.75,6.67,,,,33.92,31.48,36.06,,,,,,,
2025-05-29,,,,28.76,26.72,31.02,,,,13.28,11.46,15.09,,,,14.0,12.19,15.75,,,,4.74,3.06,6.47,,,,3.12,-2.87,8.64,,,,1.79,-3.83,6.7,,,,34.0,31.62,36.13,,,,,,,
2025-05-30,,,,28.67,26.62,30.95,,,,13.3,11.47,15.11,,,,14.02,12.18,15.76,,,,4.74,3.04,6.47,,,,3.1,-2.94,8.79,,,,1.81,-3.89,6.74,,,,34.07,31.76,36.17,,,,,,,
2025-05-31,,,,28.58,26.5,30.87,,,,13.32,11.49,15.13,,,,14.04,12.21,15.78,,,,4.74,3.01,6.48,,,,3.09,-3.0,8.92,,,,1.84,-3.97,6.79,,,,34.14,31.88,36.22,,,,,,,
2025-06-01,,,,28.5,26.37,30.81,,,,13.34,11.51,15.18,,,,14.06,12.23,15.8,,,,4.75,3.06,6.5,,,,3.08,-3.0,9.03,,,,1.86,-4.01,6.83,,,,34.21,32.01,36.38,,,,,,,
2025-06-02,,,,28.41,26.25,30.75,,,,13.37,11.54,15.24,,,,14.08,12.23,15.89,,,,4.75,3.1,6.52,,,,3.06,-3.02,9.12,,,,1.88,-3.95,6.87,,,,34.27,32.13,36.39,30.0,13.0,17.0,3.0,,,34.0
2025-06-03,,,,28.32,26.21,30.69,,,,13.39,11.57,15.28,,,,14.1,12.22,15.89,,,,4.76,3.09,6.56,,,,3.05,-3.16,9.21,,,,1.9,-3.89,6.93,,,,34.33,32.22,36.39,,,,,,,
2025-06-04,,,,28.24,26.17,30.6,,,,13.41,11.59,15.29,,,,14.12,12.23,15.92,,,,4.76,3.09,6.58,,,,3.03,-3.28,9.27,,,,1.93,-3.84,6.94,,,,34.4,32.33,36.45,,,,,,,
2025-06-05,,,,28.15,26.07,30.47,,,,13.43,11.63,15.32,,,,14.14,12.25,15.98,,,,4.76,3.09,6.61,,,,3.02,-3.32,9.3,,,,1.95,-3.78,6.95,,,,34.45,32.42,36.52,,,,,,,
2025-06-06,,,,28.07,26.0,30.36,,,,13.46,11.66,15.37,,,,14.15,12.27,16.0,,,,4.76,3.05,6.63,,,,3.0,-3.33,9.32,,,,1.97,-3.73,6.96,,,,34.51,32.45,36.62,,,,,,,
2025-06-07,,,,27.99,25.96,30.24,,,,13.48,11.69,15.42,,,,14.17,12.28,16.04,,,,4.77,2.99,6.65,,,,2.98,-3.4,9.34,,,,1.99,-3.69,6.98,,,,34.56,32.49,36.64,,,,,,,
2025-06-08,,,,27.91,25.92,30.12,,,,13.5,11.71,15.46,,,,14.19,12.3,16.07,,,,4.77,2.99,6.67,,,,2.97,-3.46,9.38,,,,2.01,-3.65,6.99,,,,34.61,32.52,36.66,,,,,,,
2025-06-09,,,,27.83,25.87,30.0,,,,13.52,11.7,15.49,,,,14.21,12.33,16.09,,,,4.77,2.99,6.67,,,,2.95,-3.53,9.47,,,,2.03,-3.61,7.02,,,,34.66,32.56,36.7,28.0,14.0,14.0,4.0,,,36.0
2025-06-10,,,,27.75,25.81,29.9,,,,13.55,11.7,15.52,,,,14.23,12.34,16.11,,,,4.77,3.0,6.66,,,,2.94,-3.63,9.56,,,,2.05,-3.6,7.09,,,,34.7,32.6,36.76,,,,,,,
2025-06-11,,,,27.67,25.73,29.82,,,,13.57,11.71,15.56,,,,14.24,12.36,16.13,,,,4.77,3.0,6.65,,,,2.92,-3.73,9.62,,,,2.07,-3.6,7.13,,,,34.75,32.64,36.83,,,,,,,
2025-06-12,,,,27.6,25.64,29.75,,,,13.59,11.7,15.59,,,,14.26,12.37,16.14,,,,4.77,3.01,6.64,,,,2.9,-3.75,9.61,,,,2.09,-3.62,7.18,,,,34.79,32.68,36.89,,,,,,,
2025-06-13,,,,27.53,25.55,29.67,,,,13.61,11.69,15.61,,,,14.28,12.38,16.15,,,,4.77,3.02,6.63,,,,2.89,-3.78,9.55,,,,2.11,-3.65,7.22,,,,34.82,32.72,36.94,26.0,14.0,12.0,5.0,,,38.0
2025-06-14,,,,27.46,25.51,29.6,,,,13.63,11.71,15.64,,,,14.3,12.4,16.16,,,,4.77,3.03,6.63,,,,2.87,-3.8,9.47,,,,2.13,-3.67,7.23,,,,34.86,32.77,37.0,,,,,,,
2025-06-15,,,,27.39,25.47,29.51,,,,13.65,11.74,15.66,,,,14.31,12.41,16.15,,,,4.77,3.06,6.62,,,,2.85,-3.81,9.39,,,,2.15,-3.69,7.25,,,,34.89,32.81,36.96,,,,,,,
2025-06-16,,,,27.32,25.44,29.39,,,,13.67,11.71,15.67,,,,14.33,12.43,16.16,,,,4.77,3.08,6.62,,,,2.83,-3.83,9.31,,,,2.17,-3.68,7.27,,,,34.91,32.87,37.0,26.0,14.0,14.0,5.0,,,37.0
2025-06-17,,,,27.26,25.41,29.29,,,,13.69,11.74,15.68,,,,14.34,12.45,16.18,,,,4.77,3.07,6.62,,,,2.82,-3.83,9.22,,,,2.18,-3.71,7.28,,,,34.94,32.94,37.04,,,,,,,
2025-06-18,,,,27.2,25.39,29.23,,,,13.71,11.76,15.67,,,,14.36,12.47,16.19,,,,4.77,3.03,6.61,,,,2.8,-3.83,9.13,,,,2.2,-3.74,7.3,,,,34.96,32.96,37.03,,,,,,,
2025-06-19,,,,27.14,25.34,29.18,,,,13.73,11.78,15.66,,,,14.37,12.49,16.22,,,,4.76,2.99,6.6,,,,2.78,-3.84,9.16,,,,2.22,-3.66,7.35,,,,34.99,33.01,37.03,,,,,,,
2025-06-20,,,,27.08,25.22,29.17,,,,13.74,11.81,15.69,,,,14.39,12.52,16.23,,,,4.76,2.94,6.62,,,,2.76,-4.29,9.07,,,,2.24,-3.7,7.9,,,,35.01,33.04,37.08,,,,,,,
2025-06-21,,,,27.03,25.15,29.14,,,,13.76,11.83,15.72,,,,14.4,12.54,16.23,,,,4.76,2.89,6.63,,,,2.74,-4.18,8.95,,,,2.26,-3.7,7.76,,,,35.03,33.06,37.11,,,,,,,
2025-06-22,,,,26.98,25.12,29.06,,,,13.77,11.86,15.72,,,,14.42,12.55,16.25,,,,4.76,2.86,6.62,,,,2.72,-4.18,8.84,,,,2.28,-3.74,7.85,,,,35.04,33.06,37.16,,,,,,,
2025-06-23,,,,26.93,25.1,28.99,,,,13.79,11.88,15.71,,,,14.43,12.56,16.26,,,,4.75,2.86,6.63,,,,2.7,-4.2,8.75,,,,2.3,-3.78,7.94,,,,35.06,33.06,37.19,28.0,12.0,14.0,5.0,,,36.0
2025-06-24,,,,26.89,25.07,28.92,,,,13.8,11.86,15.71,,,,14.44,12.61,16.29,,,,4.75,2.86,6.65,,,,2.68,-4.26,8.65,,,,2.32,-3.82,8.02,,,,35.08,33.06,37.24,,,,,,,
2025-06-25,,,,26.84,25.0,28.87,,,,13.81,11.84,15.7,,,,14.45,12.61,16.3,,,,4.75,2.87,6.67,,,,2.65,-4.23,8.54,,,,2.34,-3.85,8.07,,,,35.09,33.06,37.26,,,,,,,
2025-06-26,,,,26.8,24.91,28.82,,,,13.82,11.82,15.69,,,,14.46,12.62,16.32,,,,4.74,2.9,6.66,,,,2.63,-4.2,8.44,,,,2.36,-3.88,8.07,,,,35.11,33.07,37.24,,,,,,,
2025-06-27,,,,26.77,24.83,28.78,,,,13.83,11.82,15.69,,,,14.47,12.62,16.33,,,,4.74,2.93,6.64,,,,2.6,-4.18,8.44,,,,2.38,-3.9,8.05,,,,35.13,33.09,37.23,,,,,,,
2025-06-28,,,,26.73,24.78,28.73,,,,13.83,11.84,15.72,,,,14.48,12.62,16.37,,,,4.74,2.97,6.63,,,,2.58,-4.17,8.44,,,,2.4,-3.96,8.0,,,,35.14,33.12,37.21,,,,,,,
2025-06-29,,,,26.7,24.78,28.69,,,,13.84,11.85,15.74,,,,14.49,12.63,16.39,,,,4.73,2.99,6.65,,,,2.55,-4.15,8.43,,,,2.41,-4.04,7.72,,,,35.16,33.15,37.22,,,,,,,
2025-06-30,,,,26.66,24.79,28.68,,,,13.84,11.87,15.76,,,,14.5,12.63,16.4,,,,4.73,3.03,6.65,,,,2.52,-4.14,8.41,,,,2.43,-4.1,7.51,,,,35.17,33.18,37.22,27.0,17.0,13.0,5.0,,,34.0
2025-07-01,,,,26.63,24.8,28.61,,,,13.85,11.86,15.78,,,,14.51,12.63,16.38,,,,4.72,3.07,6.62,,,,2.49,-4.13,8.39,,,,2.45,-3.94,7.52,,,,35.19,33.21,37.22,,,,,,,
2025-07-02,,,,26.6,24.79,28.57,,,,13.85,11.87,15.8,,,,14.51,12.66,16.38,,,,4.72,3.07,6.63,,,,2.46,-4.12,8.36,,,,2.46,-3.79,7.6,,,,35.21,33.24,37.22,,,,,,,
2025-07-03,,,,26.57,24.78,28.53,,,,13.85,11.88,15.81,,,,14.52,12.69,16.39,,,,4.71,3.04,6.61,,,,2.43,-4.11,8.37,,,,2.47,-3.82,7.39,,,,35.23,33.28,37.29,,,,,,,
2025-07-04,,,,26.55,24.77,28.48,,,,13.85,11.9,15.8,,,,14.53,12.7,16.39,,,,4.71,3.01,6.59,,,,2.4,-3.95,8.21,,,,2.48,-3.74,7.22,,,,35.25,33.31,37.35,,,,,,,
2025-07-05,,,,26.52,24.72,28.44,,,,13.84,11.92,15.79,,,,14.53,12.72,16.41,,,,4.7,2.99,6.57,,,,2.37,-3.84,7.9,,,,2.5,-3.43,7.13,,,,35.27,33.35,37.4,,,,,,,
2025-07-06,,,,26.49,24.71,28.4,,,,13.84,11.94,15.79,,,,14.54,12.73,16.43,,,,4.7,2.98,6.57,,,,2.34,-3.8,7.77,,,,2.5,-3.3,7.1,,,,35.29,33.39,37.45,,,,,,,
2025-07-07,,,,26.47,24.73,28.37,,,,13.84,11.96,15.77,,,,14.54,12.74,16.45,,,,4.69,2.97,6.61,,,,2.31,-3.73,7.78,,,,2.51,-3.29,7.13,,,,35.31,33.42,37.5,25.0,15.0,14.0,6.0,,,35.0
2025-07-08,,,,26.45,24.74,28.36,,,,13.83,11.97,15.74,,,,14.54,12.76,16.47,,,,4.69,2.95,6.63,,,,2.28,-3.63,7.63,,,,2.52,-3.29,7.13,,,,35.33,33.44,37.55,,,,,,,
2025-07-09,,,,26.42,24.73,28.38,,,,13.82,11.99,15.69,,,,14.55,12.77,16.46,,,,4.69,2.94,6.62,,,,2.25,-3.53,7.47,,,,2.52,-3.28,7.02,,,,35.35,33.49,37.59,,,,,,,
2025-07-10,,,,26.4,24.68,28.39,,,,13.81,12.0,15.64,,,,14.55,12.76,16.44,,,,4.68,2.95,6.57,,,,2.23,-3.44,7.5,,,,2.52,-3.28,7.06,,,,35.38,33.5,37.63,,,,,,,
2025-07-11,,,,26.38,24.66,28.4,,,,13.81,12.02,15.6,,,,14.55,12.75,16.48,,,,4.68,2.96,6.57,,,,2.2,-3.37,7.55,,,,2.52,-3.27,7.13,,,,35.4,33.51,37.59,26.0,12.0,16.0,5.0,2.0,3.0,36.0
2025-07-12,,,,26.36,24.61,28.41,,,,13.79,12.03,15.57,,,,14.55,12.77,16.5,,,,4.67,2.97,6.59,,,,2.18,-3.35,7.55,,,,2.52,-3.24,7.22,,,,35.42,33.52,37.55,,,,,,,
2025-07-13,,,,26.34,24.56,28.42,,,,13.78,12.04,15.58,,,,14.55,12.79,16.5,,,,4.67,2.99,6.61,,,,2.15,-3.2,7.48,,,,2.52,-3.04,7.24,,,,35.45,33.53,37.6,,,,,,,
2025-07-14,,,,26.32,24.53,28.41,,,,13.77,12.05,15.56,,,,14.56,12.79,16.53,,,,4.66,3.0,6.6,,,,2.13,-3.07,7.23,,,,2.51,-3.16,7.33,,,,35.47,33.58,37.66,27.0,13.0,15.0,4.0,,,37.0
2025-07-15,,,,26.3,24.51,28.4,,,,13.76,12.06,15.56,,,,14.56,12.77,16.56,,,,4.66,3.01,6.59,,,,2.11,-3.06,7.21,,,,2.5,-3.28,7.38,,,,35.5,33.58,37.68,,,,,,,
2025-07-16,,,,26.28,24.54,28.41,,,,13.74,12.07,15.57,,,,14.56,12.78,16.52,,,,4.66,3.02,6.57,,,,2.09,-3.05,7.21,,,,2.5,-3.3,7.33,,,,35.53,33.64,37.69,,,,,,,
2025-07-17,,,,26.27,24.54,28.43,,,,13.73,12.05,15.57,,,,14.56,12.8,16.51,,,,4.65,3.01,6.56,,,,2.08,-3.05,7.35,,,,2.48,-3.32,7.3,,,,35.55,33.72,37.7,,,,,,,
2025-07-18,,,,26.25,24.56,28.43,,,,13.71,12.03,15.57,,,,14.56,12.82,16.54,,,,4.65,3.03,6.54,,,,2.06,-3.02,7.3,,,,2.47,-3.33,7.29,,,,35.58,33.73,37.7,,,,,,,
2025-07-19,,,,26.23,24.59,28.43,,,,13.7,12.05,15.57,,,,14.56,12.85,16.56,,,,4.65,3.02,6.55,,,,2.05,-2.87,7.3,,,,2.46,-3.34,7.27,,,,35.61,33.74,37.71,,,,,,,
2025-07-20,,,,26.22,24.57,28.42,,,,13.68,12.06,15.57,,,,14.56,12.84,16.59,,,,4.64,2.99,6.55,,,,2.04,-2.83,7.25,,,,2.45,-3.41,7.26,,,,35.63,33.77,37.71,,,,,,,
2025-07-21,,,,26.2,24.53,28.42,,,,13.66,12.0,15.54,,,,14.56,12.83,16.61,,,,4.64,3.0,6.58,,,,2.03,-2.79,7.21,,,,2.43,-3.47,7.34,,,,35.66,33.8,37.71,25.0,16.0,17.0,5.0,,,30.0
2025-07-22,,,,26.19,24.51,28.41,,,,13.64,11.94,15.52,,,,14.56,12.8,16.62,,,,4.64,2.98,6.6,,,,2.02,-2.76,7.17,,,,2.41,-3.48,7.36,,,,35.69,33.81,37.74,,,,,,,
2025-07-23,,,,26.17,24.45,28.4,,,,13.62,11.9,15.49,,,,14.56,12.81,16.64,,,,4.63,2.97,6.61,,,,2.02,-2.74,7.08,,,,2.4,-3.52,7.31,,,,35.71,33.84,37.77,,,,,,,
2025-07-24,,,,26.16,24.41,28.39,,,,13.6,11.9,15.48,,,,14.56,12.84,16.65,,,,4.63,2.96,6.63,,,,2.01,-2.71,7.08,,,,2.38,-3.65,7.27,,,,35.74,33.91,37.8,,,,,,,
2025-07-25,,,,26.14,24.34,28.38,,,,13.58,11.86,15.47,,,,14.55,12.82,16.67,,,,4.63,2.96,6.65,,,,2.01,-2.69,7.17,,,,2.36,-3.7,7.24,,,,35.76,33.96,37.83,,,,,,,
2025-07-26,,,,26.13,24.27,28.37,,,,13.56,11.81,15.44,,,,14.55,12.79,16.68,,,,4.63,2.95,6.65,,,,2.0,-2.67,7.18,,,,2.34,-3.66,7.2,,,,35.79,34.0,37.86,,,,,,,
2025-07-27,,,,26.12,24.23,28.35,,,,13.54,11.78,15.41,,,,14.55,12.79,16.68,,,,4.62,2.97,6.64,,,,2.0,-2.68,7.09,,,,2.32,-3.67,7.17,,,,35.82,34.04,37.89,,,,,,,
2025-07-28,,,,26.1,24.2,28.34,,,,13.52,11.73,15.38,,,,14.55,12.82,16.69,,,,4.62,2.95,6.63,,,,2.0,-2.69,7.04,,,,2.3,-3.69,7.18,,,,35.84,34.05,37.91,22.0,15.0,13.0,6.0,,,36.0
2025-07-29,,,,26.09,24.17,28.3,,,,13.5,11.7,15.35,,,,14.55,12.85,16.69,,,,4.62,2.95,6.62,,,,2.0,-2.69,7.09,,,,2.28,-3.7,7.19,,,,35.87,34.05,37.9,,,,,,,
2025-07-30,,,,26.08,24.15,28.23,,,,13.48,11.67,15.31,,,,14.55,12.89,16.69,,,,4.62,2.95,6.65,,,,2.0,-2.68,7.15,,,,2.26,-3.71,7.2,,,,35.89,34.04,37.89,,,,,,,
2025-07-31,,,,26.07,24.13,28.18,,,,13.45,11.69,15.27,,,,14.55,12.88,16.69,,,,4.62,2.99,6.64,,,,2.0,-2.65,7.21,,,,2.24,-3.72,6.98,,,,35.92,34.05,37.89,,,,,,,
2025-08-01,,,,26.05,24.11,28.15,,,,13.43,11.7,15.24,,,,14.55,12.86,16.69,,,,4.61,3.02,6.62,,,,2.0,-2.13,6.59,,,,2.22,-3.04,6.47,,,,35.94,34.05,37.93,,,,,,,
2025-08-02,,,,26.04,24.1,28.17,,,,13.41,11.7,15.2,,,,14.55,12.84,16.69,,,,4.61,3.01,6.6,,,,2.0,-2.16,6.51,,,,2.21,-3.0,6.44,,,,35.96,34.08,37.97,,,,,,,
2025-08-03,,,,26.03,24.09,28.19,,,,13.38,11.67,15.17,,,,14.56,12.87,16.69,,,,4.61,2.97,6.58,,,,2.0,-2.2,6.48,,,,2.19,-3.02,6.41,,,,35.99,34.07,37.98,,,,,,,
2025-08-04,,,,26.02,24.09,28.19,,,,13.36,11.63,15.15,,,,14.56,12.9,16.7,,,,4.61,2.97,6.56,,,,2.0,-2.22,6.46,,,,2.17,-3.05,6.38,,,,36.01,34.03,37.99,26.0,14.0,14.0,5.0,,,34.0
2025-08-05,,,,26.01,24.14,28.17,,,,13.34,11.63,15.12,,,,14.56,12.93,16.68,,,,4.61,2.95,6.54,,,,2.0,-2.18,6.44,,,,2.15,-3.08,6.34,,,,36.03,34.08,38.0,,,,,,,
2025-08-06,,,,26.0,24.19,28.16,,,,13.32,11.62,15.09,,,,14.56,12.92,16.66,,,,4.61,2.93,6.52,,,,2.0,-2.15,6.42,,,,2.14,-3.12,6.31,,,,36.05,34.07,38.0,,,,,,,
2025-08-07,,,,25.99,24.22,28.14,,,,13.29,11.56,15.06,,,,14.56,12.88,16.65,,,,4.61,2.92,6.5,,,,2.0,-2.15,6.4,,,,2.12,-3.13,6.28,,,,36.06,34.06,38.01,,,,,,,
2025-08-08,,,,25.98,24.19,28.11,,,,13.27,11.48,15.04,,,,14.56,12.88,16.65,,,,4.61,2.91,6.49,,,,2.0,-2.16,6.37,,,,2.1,-3.15,6.28,,,,36.08,34.11,38.01,,,,,,,
2025-08-09,,,,25.97,24.18,28.09,,,,13.25,11.43,15.05,,,,14.57,12.87,16.63,,,,4.61,2.93,6.5,,,,2.0,-2.17,6.39,,,,2.09,-3.15,6.28,,,,36.1,34.16,38.01,,,,,,,
2025-08-10,,,,25.97,24.14,28.08,,,,13.23,11.4,15.06,,,,14.57,12.9,16.62,,,,4.61,2.93,6.46,,,,2.0,-2.17,6.41,,,,2.07,-3.15,6.28,,,,36.11,34.16,38.03,,,,,,,
2025-08-11,,,,25.96,24.11,28.09,,,,13.2,11.36,15.08,,,,14.57,12.88,16.6,,,,4.61,2.92,6.44,,,,2.0,-2.16,6.43,,,,2.05,-3.17,6.28,,,,36.13,34.18,38.04,25.0,16.0,16.0,5.0,,,33.0
2025-08-12,,,,25.95,24.1,28.09,,,,13.18,11.33,15.07,,,,14.58,12.87,16.59,,,,4.61,2.93,6.44,,,,2.0,-2.15,6.45,,,,2.04,-3.21,6.28,,,,36.14,34.12,38.05,,,,,,,
2025-08-13,,,,25.95,24.11,28.09,,,,13.16,11.3,15.03,,,,14.58,12.86,16.61,,,,4.61,2.98,6.43,,,,2.0,-2.14,6.48,,,,2.02,-3.25,6.28,,,,36.15,34.14,38.05,,,,,,,
2025-08-14,,,,25.94,24.1,28.1,,,,13.14,11.29,14.97,,,,14.58,12.86,16.62,,,,4.61,2.98,6.42,,,,2.0,-2.13,6.52,,,,2.01,-3.27,6.28,,,,36.16,34.16,38.06,,,,,,,
2025-08-15,,,,25.94,24.07,28.09,,,,13.12,11.28,14.94,,,,14.59,12.86,16.64,,,,4.61,2.98,6.41,,,,2.0,-2.12,6.57,,,,1.99,-3.29,6.28,,,,36.17,34.18,38.09,,,,,,,
2025-08-16,,,,25.94,24.03,28.1,,,,13.1,11.28,14.95,,,,14.59,12.83,16.65,,,,4.61,2.99,6.4,,,,2.0,-2.13,6.64,,,,1.98,-3.28,6.28,,,,36.18,34.21,38.1,,,,,,,
2025-08-17,,,,25.93,23.99,28.05,,,,13.07,11.25,14.92,,,,14.6,12.85,16.66,,,,4.61,2.99,6.39,,,,2.0,-2.15,6.71,,,,1.96,-3.28,6.25,,,,36.19,34.23,38.11,,,,,,,
2025-08-18,,,,25.93,23.97,28.05,,,,13.05,11.23,14.89,,,,14.6,12.86,16.67,,,,4.61,3.0,6.37,,,,2.0,-2.17,6.78,,,,1.95,-3.28,6.21,,,,36.2,34.26,38.12,26.0,14.0,13.0,3.0,,,36.0
2025-08-19,,,,25.93,23.94,28.05,,,,13.03,11.24,14.86,,,,14.61,12.87,16.68,,,,4.61,3.0,6.35,,,,2.0,-2.2,6.85,,,,1.93,-3.27,6.16,,,,36.21,34.25,38.13,,,,,,,
2025-08-20,,,,25.93,23.97,28.05,,,,13.01,11.25,14.84,,,,14.61,12.87,16.68,,,,4.61,3.01,6.34,,,,2.0,-2.22,6.91,,,,1.91,-3.26,6.12,,,,36.22,34.26,38.12,,,,,,,
2025-08-21,,,,25.93,23.96,28.05,,,,12.99,11.25,14.8,,,,14.62,12.87,16.66,,,,4.61,3.01,6.32,,,,2.0,-2.25,6.97,,,,1.9,-3.26,6.06,,,,36.22,34.24,38.06,,,,,,,
2025-08-22,,,,25.93,23.93,28.05,,,,12.97,11.26,14.77,,,,14.63,12.88,16.68,,,,4.61,3.01,6.31,,,,2.0,-2.24,6.99,,,,1.88,-3.25,6.08,,,,36.23,34.23,38.07,,,,,,,
2025-08-23,,,,25.94,23.91,28.07,,,,12.95,11.22,14.76,,,,14.63,12.92,16.66,,,,4.61,3.03,6.3,,,,2.0,-2.22,6.99,,,,1.86,-3.25,6.11,,,,36.23,34.18,38.09,,,,,,,
2025-08-24,,,,25.94,23.91,28.1,,,,12.93,11.2,14.74,,,,14.64,12.95,16.65,,,,4.62,3.04,6.29,,,,2.0,-2.2,6.99,,,,1.85,-3.26,6.12,,,,36.24,34.17,38.1,,,,,,,
2025-08-25,,,,25.94,23.92,28.12,,,,12.91,11.21,14.71,,,,14.64,12.99,16.64,,,,4.62,3.05,6.29,,,,2.0,-2.18,6.98,,,,1.83,-3.29,6.15,,,,36.24,34.19,38.13,,,,,,,
2025-08-26,,,,25.95,23.94,28.14,,,,12.9,11.21,14.69,,,,14.65,13.01,16.62,,,,4.61,3.06,6.32,,,,2.0,-2.17,6.98,,,,1.81,-3.3,6.17,,,,36.24,34.18,38.15,29.0,12.0,16.0,4.0,,,34.0
2025-08-27,,,,25.95,23.96,28.12,,,,12.88,11.23,14.66,,,,14.65,13.05,16.61,,,,4.61,3.06,6.34,,,,2.0,-2.15,6.99,,,,1.79,-3.32,6.2,,,,36.25,34.18,38.17,,,,,,,
2025-08-28,,,,25.96,23.97,28.12,,,,12.86,11.2,14.64,,,,14.66,13.07,16.59,,,,4.61,3.07,6.34,,,,2.0,-2.1,6.99,,,,1.78,-3.34,6.21,,,,36.25,34.19,38.17,,,,,,,
2025-08-29,,,,25.97,23.97,28.12,,,,12.84,11.18,14.6,,,,14.66,13.06,16.57,,,,4.61,3.08,6.31,,,,2.0,-2.04,7.0,,,,1.76,-3.36,6.21,,,,36.25,34.19,38.17,,,,,,,
2025-08-30,,,,25.97,23.97,28.12,,,,12.82,11.17,14.55,,,,14.66,13.05,16.57,,,,4.61,3.09,6.29,,,,2.0,-2.06,7.01,,,,1.74,-3.38,6.2,,,,36.26,34.17,38.17,,,,,,,
2025-08-31,,,,25.98,23.99,28.13,,,,12.81,11.14,14.51,,,,14.67,13.05,16.59,,,,4.61,3.07,6.28,,,,2.0,-2.1,7.0,,,,1.72,-3.4,6.18,,,,36.26,34.11,38.17,,,,,,,
2025-09-01,,,,25.99,24.02,28.13,,,,12.79,11.11,14.49,,,,14.67,13.03,16.61,,,,4.61,3.06,6.26,,,,2.0,-2.17,6.98,,,,1.7,-3.42,6.16,,,,36.26,34.08,38.17,25.0,12.0,16.0,4.0,,,38.0
2025-09-02,,,,26.0,24.04,28.13,,,,12.78,11.1,14.48,,,,14.67,13.03,16.62,,,,4.61,3.04,6.22,,,,2.0,-2.27,6.96,,,,1.68,-3.45,6.13,,,,36.26,34.11,38.17,,,,,,,
2025-09-03,,,,26.01,24.05,28.13,,,,12.76,11.1,14.45,,,,14.68,13.02,16.61,,,,4.61,3.02,6.18,,,,2.0,-2.38,6.95,,,,1.66,-3.47,6.15,,,,36.26,34.13,38.17,,,,,,,
2025-09-04,,,,26.02,24.03,28.19,,,,12.75,11.08,14.42,,,,14.68,13.01,16.59,,,,4.61,3.06,6.17,,,,2.0,-2.47,6.93,,,,1.63,-3.5,6.14,,,,36.27,34.16,38.17,,,,,,,
2025-09-05,,,,26.03,24.02,28.18,,,,12.73,11.06,14.37,,,,14.68,13.02,16.56,,,,4.61,3.1,6.16,,,,2.0,-2.52,6.91,,,,1.61,-3.52,6.13,,,,36.27,34.19,38.17,,,,,,,
2025-09-06,,,,26.04,24.04,28.17,,,,12.72,11.07,14.35,,,,14.68,13.02,16.54,,,,4.61,3.09,6.16,,,,2.0,-2.57,6.92,,,,1.59,-3.54,6.12,,,,36.27,34.21,38.18,,,,,,,
2025-09-07,,,,26.06,24.06,28.15,,,,12.7,11.08,14.35,,,,14.68,13.03,16.52,,,,4.61,3.09,6.15,,,,2.0,-2.63,6.93,,,,1.57,-3.55,6.11,,,,36.27,34.24,38.18,,,,,,,
2025-09-08,,,,26.07,24.09,28.14,,,,12.69,11.04,14.34,,,,14.68,13.04,16.5,,,,4.61,3.08,6.14,,,,2.0,-2.69,6.93,,,,1.54,-3.56,6.1,,,,36.27,34.27,38.18,25.0,14.0,18.0,5.0,,,33.0
2025-09-09,,,,26.08,24.11,28.13,,,,12.68,11.05,14.32,,,,14.68,13.05,16.47,,,,4.61,3.06,6.13,,,,2.0,-2.75,6.93,,,,1.52,-3.58,6.08,,,,36.27,34.3,38.19,,,,,,,
2025-09-10,,,,26.1,24.12,28.12,,,,12.67,11.05,14.3,,,,14.68,13.06,16.45,,,,4.6,3.06,6.12,,,,2.0,-2.82,6.94,,,,1.49,-3.61,6.07,,,,36.27,34.31,38.19,,,,,,,
2025-09-11,,,,26.11,24.11,28.15,,,,12.65,11.05,14.28,,,,14.68,13.08,16.42,,,,4.6,3.05,6.11,,,,2.0,-2.91,6.96,,,,1.47,-3.66,6.06,,,,36.27,34.27,38.2,,,,,,,
2025-09-12,,,,26.13,24.11,28.17,,,,12.64,11.06,14.26,,,,14.68,13.1,16.41,,,,4.6,3.05,6.13,,,,2.0,-2.95,6.98,,,,1.44,-3.72,6.04,,,,36.26,34.25,38.22,,,,,,,
2025-09-13,,,,26.14,24.15,28.15,,,,12.63,11.07,14.25,,,,14.68,13.11,16.38,,,,4.6,3.01,6.13,,,,2.0,-2.98,7.0,,,,1.42,-3.79,6.03,,,,36.26,34.23,38.21,,,,,,,
2025-09-14,,,,26.16,24.19,28.15,,,,12.62,11.09,14.25,,,,14.68,13.1,16.4,,,,4.6,2.98,6.13,,,,2.0,-3.02,7.03,,,,1.39,-3.88,6.01,,,,36.26,34.21,38.22,,,,,,,
2025-09-15,,,,26.17,24.23,28.16,,,,12.61,11.07,14.25,,,,14.68,13.08,16.42,,,,4.6,2.95,6.14,,,,2.0,-3.12,7.05,,,,1.36,-3.91,6.0,,,,36.26,34.22,38.22,27.0,12.0,15.0,5.0,,,35.0
2025-09-16,,,,26.19,24.28,28.17,,,,12.6,11.08,14.25,,,,14.67,13.06,16.41,,,,4.6,2.92,6.15,,,,2.0,-3.12,7.08,,,,1.34,-3.93,5.98,,,,36.25,34.19,38.27,,,,,,,
2025-09-17,,,,26.21,24.32,28.17,,,,12.59,11.05,14.24,,,,14.67,13.03,16.4,,,,4.6,2.9,6.14,,,,2.0,-3.15,7.11,,,,1.31,-4.0,5.96,,,,36.25,34.16,38.25,,,,,,,
2025-09-18,,,,26.22,24.35,28.18,,,,12.58,11.01,14.24,,,,14.67,13.01,16.4,,,,4.6,2.87,6.16,,,,2.0,-3.18,7.13,,,,1.28,-4.07,5.95,,,,36.24,34.14,38.25,27.5,8.5,10.0,3.5,2.0,1.0,47.5
2025-09-19,,,,26.24,24.38,28.18,,,,12.58,10.97,14.23,,,,14.67,12.98,16.38,,,,4.6,2.89,6.17,,,,2.0,-3.21,7.16,,,,1.26,-4.14,5.96,,,,36.24,34.13,38.25,,,,,,,
2025-09-20,,,,26.26,24.4,28.19,,,,12.57,10.94,14.24,,,,14.67,12.96,16.36,,,,4.6,2.92,6.18,,,,2.0,-3.28,7.22,,,,1.23,-4.23,5.99,,,,36.23,34.13,38.25,,,,,,,
2025-09-21,,,,26.28,24.43,28.2,,,,12.56,10.92,14.25,,,,14.66,12.96,16.35,,,,4.6,2.94,6.22,,,,2.0,-3.39,7.28,,,,1.21,-4.29,6.03,,,,36.23,34.13,38.26,,,,,,,
2025-09-22,,,,26.29,24.44,28.22,,,,12.56,10.92,14.26,,,,14.66,12.95,16.34,,,,4.6,2.97,6.25,,,,2.0,-3.49,7.35,,,,1.18,-4.35,6.05,,,,36.22,34.13,38.28,21.0,12.0,16.0,5.0,,,38.0
2025-09-23,,,,26.31,24.43,28.23,,,,12.55,10.9,14.27,,,,14.66,12.93,16.33,,,,4.61,2.98,6.28,,,,2.0,-3.6,7.39,,,,1.16,-4.39,6.08,,,,36.21,34.09,38.3,,,,,,,
2025-09-24,,,,26.33,24.42,28.25,,,,12.55,10.88,14.28,,,,14.65,12.9,16.32,,,,4.61,2.96,6.29,,,,2.0,-3.72,7.4,,,,1.14,-4.44,6.11,,,,36.21,34.09,38.33,,,,,,,
2025-09-25,,,,26.34,24.4,28.27,,,,12.54,10.87,14.28,,,,14.65,12.88,16.31,,,,4.61,2.93,6.3,,,,2.0,-3.77,7.4,,,,1.12,-4.5,6.13,,,,36.2,34.08,38.32,,,,,,,
2025-09-26,,,,26.36,24.39,28.28,,,,12.54,10.86,14.29,,,,14.65,12.9,16.3,,,,4.61,2.9,6.3,,,,2.0,-3.79,7.42,,,,1.1,-4.63,6.16,,,,36.19,34.1,38.29,,,,,,,
2025-09-27,,,,26.38,24.42,28.29,,,,12.54,10.86,14.29,,,,14.64,12.94,16.29,,,,4.61,2.9,6.29,,,,2.0,-3.81,7.45,,,,1.08,-4.78,6.18,,,,36.18,34.08,38.28,,,,,,,
2025-09-28,,,,26.39,24.44,28.31,,,,12.53,10.87,14.27,,,,14.64,12.92,16.28,,,,4.61,2.91,6.3,,,,2.0,-3.83,7.48,,,,1.07,-4.91,6.2,,,,36.18,34.06,38.27,,,,,,,
2025-09-29,,,,26.41,24.47,28.33,,,,12.53,10.88,14.25,,,,14.64,12.88,16.27,,,,4.62,2.9,6.31,,,,2.0,-3.84,7.5,,,,1.05,-5.03,6.22,,,,36.17,34.02,38.27,26.0,13.0,15.0,3.0,,,37.0
2025-09-30,,,,26.42,24.5,28.33,,,,12.53,10.9,14.23,,,,14.63,12.85,16.28,,,,4.62,2.89,6.29,,,,2.0,-3.85,7.53,,,,1.04,-5.13,6.23,,,,36.16,33.98,38.27,,,,,,,
2025-10-01,,,,26.44,24.53,28.35,,,,12.53,10.92,14.22,,,,14.63,12.84,16.3,,,,4.62,2.89,6.33,,,,2.0,-3.87,7.55,,,,1.03,-5.22,6.24,,,,36.15,33.93,38.27,,,,,,,
2025-10-02,,,,26.45,24.51,28.36,,,,12.53,10.94,14.21,,,,14.63,12.82,16.32,,,,4.62,2.89,6.33,,,,2.0,-3.88,7.57,,,,1.02,-5.3,6.26,,,,36.14,33.95,38.28,,,,,,,
2025-10-03,,,,26.47,24.54,28.37,,,,12.53,10.94,14.21,,,,14.62,12.82,16.34,,,,4.63,2.9,6.33,,,,2.0,-3.88,7.58,,,,1.01,-5.36,6.26,,,,36.13,33.97,38.28,,,,,,,
2025-10-04,,,,26.48,24.57,28.38,,,,12.53,10.95,14.21,,,,14.62,12.81,16.33,,,,4.63,2.87,6.32,,,,2.0,-3.89,7.6,,,,1.01,-5.39,6.26,,,,36.11,33.97,38.31,,,,,,,
2025-10-05,,,,26.49,24.6,28.39,,,,12.54,10.96,14.22,,,,14.62,12.79,16.33,,,,4.63,2.84,6.32,,,,2.0,-3.89,7.61,,,,1.0,-5.42,6.26,,,,36.1,33.97,38.3,,,,,,,
2025-10-06,,,,26.51,24.59,28.4,,,,12.54,10.95,14.22,,,,14.61,12.83,16.32,,,,4.64,2.81,6.34,,,,2.0,-3.9,7.62,,,,1.0,-5.43,6.26,,,,36.09,33.97,38.29,27.0,14.0,17.0,4.0,,,31.0
2025-10-07,,,,26.52,24.56,28.41,,,,12.54,10.92,14.25,,,,14.61,12.85,16.31,,,,4.64,2.78,6.35,,,,2.0,-3.9,7.63,,,,1.0,-5.44,6.26,,,,36.08,33.91,38.29,,,,,,,
2025-10-08,,,,26.53,24.53,28.42,,,,12.55,10.9,14.26,,,,14.61,12.84,16.33,,,,4.64,2.75,6.36,,,,2.0,-3.9,7.63,,,,1.0,-5.44,6.26,,,,36.06,33.85,38.3,,,,,,,
2025-10-09,,,,26.54,24.5,28.44,,,,12.55,10.88,14.27,,,,14.6,12.81,16.38,,,,4.65,2.73,6.37,,,,2.0,-3.91,7.46,,,,1.0,-5.87,6.12,,,,36.05,33.79,38.3,,,,,,,
2025-10-10,,,,26.55,24.53,28.46,,,,12.56,10.85,14.29,,,,14.6,12.77,16.37,,,,4.65,2.71,6.36,,,,2.0,-2.0,6.65,,,,,,,,,,36.03,33.73,38.27,26.0,10.0,11.0,6.0,,,39.0
2025-10-11,,,,26.56,24.56,28.45,,,,12.56,10.82,14.28,,,,14.6,12.73,16.34,,,,4.66,2.7,6.38,,,,2.0,-2.0,6.65,,,,,,,,,,36.02,33.68,38.23,,,,,,,
2025-10-12,,,,26.57,24.6,28.45,,,,12.57,10.8,14.27,,,,14.59,12.73,16.31,,,,4.66,2.7,6.4,,,,2.0,-2.0,6.65,,,,,,,,,,36.0,33.66,38.2,,,,,,,
2025-10-13,,,,26.58,24.63,28.45,,,,12.57,10.78,14.25,,,,14.59,12.73,16.28,,,,4.67,2.71,6.4,,,,2.0,-2.0,6.65,,,,,,,,,,35.98,33.63,38.18,28.0,13.0,18.0,5.0,,,31.0
2025-10-14,,,,26.59,24.66,28.46,,,,12.58,10.78,14.28,,,,14.59,12.73,16.25,,,,4.67,2.73,6.37,,,,2.0,-2.0,6.65,,,,,,,,,,35.96,33.61,38.17,,,,,,,
2025-10-15,,,,26.6,24.65,28.48,,,,12.59,10.78,14.32,,,,14.59,12.71,16.24,,,,4.68,2.74,6.39,,,,2.0,-2.0,6.65,,,,,,,,,,35.94,33.59,38.15,,,,,,,
2025-10-16,,,,26.61,24.69,28.51,,,,12.6,10.78,14.35,,,,14.58,12.67,16.22,,,,4.68,2.73,6.42,,,,2.0,-2.0,6.65,,,,,,,,,,35.92,33.57,38.13,,,,,,,
2025-10-17,,,,26.62,24.68,28.53,,,,12.61,10.78,14.36,,,,14.58,12.67,16.22,,,,4.69,2.71,6.44,,,,2.0,-2.0,6.65,,,,,,,,,,35.9,33.54,38.1,,,,,,,
2025-10-18,,,,26.63,24.65,28.55,,,,12.62,10.78,14.37,,,,14.58,12.65,16.2,,,,4.7,2.69,6.45,,,,2.0,-2.0,6.65,,,,,,,,,,35.88,33.5,38.08,,,,,,,
2025-10-19,,,,26.64,24.63,28.55,,,,12.63,10.76,14.37,,,,14.57,12.63,16.19,,,,4.71,2.68,6.48,,,,2.0,-2.0,6.65,,,,,,,,,,35.86,33.46,38.08,,,,,,,
2025-10-20,,,,26.65,24.63,28.55,,,,12.64,10.75,14.37,,,,14.57,12.6,16.18,,,,4.71,2.66,6.51,,,,2.0,-2.0,6.65,,,,,,,,,,35.83,33.43,38.07,26.0,13.0,15.0,6.0,,,35.0
2025-10-21,,,,26.66,24.68,28.55,,,,12.65,10.73,14.37,,,,14.57,12.55,16.18,,,,4.72,2.65,6.53,,,,2.0,-2.0,6.65,,,,,,,,,,35.81,33.39,38.07,,,,,,,
2025-10-22,,,,26.67,24.73,28.55,,,,12.66,10.72,14.35,,,,14.56,12.55,16.15,,,,4.73,2.67,6.56,,,,2.0,-2.0,6.65,,,,,,,,,,35.78,33.36,38.07,,,,,,,
2025-10-23,,,,26.68,24.77,28.56,,,,12.67,10.72,14.35,,,,14.56,12.54,16.16,,,,4.74,2.69,6.58,,,,2.0,-2.0,6.65,,,,,,,,,,35.75,33.3,38.07,,,,,,,
2025-10-24,,,,26.69,24.76,28.57,,,,12.68,10.72,14.37,,,,14.56,12.52,16.14,,,,4.75,2.66,6.6,,,,2.0,-2.0,6.65,,,,,,,,,,35.73,33.22,38.06,,,,,,,
2025-10-25,,,,26.7,24.73,28.58,,,,12.7,10.76,14.38,,,,14.55,12.49,16.14,,,,4.76,2.63,6.62,,,,2.0,-2.0,6.65,,,,,,,,,,35.7,33.19,38.05,,,,,,,
2025-10-26,,,,26.71,24.71,28.6,,,,12.71,10.8,14.38,,,,14.55,12.46,16.13,,,,4.77,2.63,6.63,,,,2.0,-2.0,6.65,,,,,,,,,,35.67,33.16,38.0,,,,,,,
2025-10-27,,,,26.72,24.68,28.61,,,,12.72,10.84,14.38,,,,14.54,12.44,16.13,,,,4.78,2.65,6.63,,,,2.0,-2.0,6.65,,,,,,,,,,35.63,33.15,37.96,30.0,11.0,15.0,7.0,,,33.0
2025-10-28,,,,26.73,24.69,28.62,,,,12.74,10.85,14.38,,,,14.54,12.41,16.13,,,,4.79,2.66,6.63,,,,2.0,-2.0,6.65,,,,,,,,,,35.6,33.09,37.92,,,,,,,
2025-10-29,,,,26.74,24.71,28.63,,,,12.75,10.84,14.39,,,,14.54,12.37,16.13,,,,4.8,2.68,6.62,,,,2.0,-2.0,6.65,,,,,,,,,,35.57,33.02,37.86,,,,,,,
2025-10-30,,,,26.75,24.72,28.61,,,,12.76,10.87,14.39,,,,14.53,12.32,16.14,,,,4.81,2.7,6.62,,,,2.0,-2.0,6.65,,,,,,,,,,35.53,32.95,37.81,,,,,,,
2025-10-31,,,,26.77,24.73,28.6,,,,12.78,10.88,14.4,,,,14.53,12.34,16.15,,,,4.82,2.69,6.61,,,,2.0,-2.0,6.65,,,,,,,,,,35.5,32.88,37.76,,,,,,,
2025-11-01,,,,26.78,24.77,28.65,,,,12.8,10.89,14.41,,,,14.52,12.33,16.16,,,,4.84,2.68,6.62,,,,2.0,-2.0,6.65,,,,,,,,,,35.46,32.85,37.71,,,,,,,
2025-11-02,,,,26.79,24.8,28.68,,,,12.81,10.91,14.43,,,,14.52,12.31,16.15,,,,4.85,2.68,6.64,,,,2.0,-2.0,6.65,,,,,,,,,,35.42,32.83,37.68,,,,,,,
2025-11-03,,,,26.8,24.83,28.7,,,,12.83,10.92,14.44,,,,14.51,12.31,16.1,,,,4.86,2.68,6.68,,,,2.0,-2.0,6.65,,,,,,,,,,35.38,32.77,37.64,25.0,13.0,17.0,5.0,,,36.0
2025-11-04,,,,26.82,24.84,28.74,,,,12.84,10.93,14.45,,,,14.51,12.3,16.09,,,,4.87,2.69,6.71,,,,2.0,-2.0,6.65,,,,,,,,,,35.34,32.7,37.62,,,,,,,
2025-11-05,,,,26.83,24.86,28.79,,,,12.86,10.94,14.45,,,,14.5,12.31,16.09,,,,4.89,2.71,6.75,,,,2.0,-2.0,6.65,,,,,,,,,,35.31,32.64,37.54,,,,,,,
2025-11-06,,,,26.84,24.86,28.83,,,,12.88,10.95,14.46,,,,14.5,12.3,16.08,,,,4.9,2.74,6.78,,,,2.0,-2.0,6.65,,,,,,,,,,35.26,32.58,37.44,,,,,,,
2025-11-07,,,,26.85,24.83,28.8,,,,12.89,10.98,14.48,,,,14.49,12.29,16.07,,,,4.91,2.78,6.79,,,,2.0,-2.0,6.65,,,,,,,,,,35.22,32.53,37.37,25.0,12.0,14.0,3.0,,,41.0
2025-11-08,,,,26.87,24.86,28.77,,,,12.91,10.98,14.49,,,,14.49,12.28,16.09,,,,4.93,2.8,6.77,,,,2.0,-2.0,6.65,,,,,,,,,,35.18,32.46,37.31,,,,,,,
2025-11-09,,,,26.88,24.88,28.78,,,,12.93,11.01,14.49,,,,14.48,12.28,16.12,,,,4.94,2.79,6.75,,,,2.0,-2.0,6.65,,,,,,,,,,35.14,32.4,37.22,,,,,,,
2025-11-10,,,,26.89,24.88,28.79,,,,12.94,11.03,14.49,,,,14.48,12.28,16.14,,,,4.95,2.81,6.74,,,,2.0,-2.0,6.65,,,,,,,,,,35.1,32.37,37.19,28.0,16.0,13.0,5.0,,,31.0
2025-11-11,,,,26.91,24.89,28.8,,,,12.96,11.04,14.5,,,,14.47,12.28,16.19,,,,4.96,2.79,6.72,,,,2.0,-2.0,6.65,,,,,,,,,,35.06,32.37,37.17,,,,,,,
2025-11-12,,,,26.92,24.94,28.82,,,,12.98,11.06,14.56,,,,14.47,12.27,16.19,,,,4.98,2.82,6.7,,,,2.0,-2.0,6.65,,,,,,,,,,35.01,32.31,37.17,,,,,,,
2025-11-13,,,,26.93,24.96,28.77,,,,13.0,11.08,14.58,,,,14.47,12.29,16.21,,,,4.99,2.86,6.68,,,,2.0,-2.0,6.65,,,,,,,,,,34.97,32.26,37.16,,,,,,,
2025-11-14,,,,26.95,25.0,28.78,,,,13.01,11.11,14.61,,,,14.46,12.31,16.24,,,,5.0,2.88,6.71,,,,2.0,-2.0,6.65,,,,,,,,,,34.93,32.23,37.07,,,,,,,
2025-11-15,,,,26.96,25.02,28.81,,,,13.03,11.09,14.64,,,,14.46,12.32,16.23,,,,5.01,2.88,6.73,,,,2.0,-2.0,6.65,,,,,,,,,,34.89,32.18,36.97,,,,,,,
2025-11-16,,,,26.97,25.0,28.85,,,,13.05,11.1,14.67,,,,14.45,12.32,16.23,,,,5.02,2.88,6.76,,,,2.0,-2.0,6.65,,,,,,,,,,34.85,32.15,36.95,,,,,,,
2025-11-17,,,,26.98,24.98,28.88,,,,13.07,11.1,14.7,,,,14.45,12.3,16.23,,,,5.03,2.93,6.77,,,,2.0,-2.0,6.65,,,,,,,,,,34.81,32.12,36.89,29.0,13.0,13.0,4.0,,,34.0
2025-11-18,,,,27.0,24.96,28.89,,,,13.08,11.11,14.73,,,,14.44,12.29,16.23,,,,5.05,2.93,6.8,,,,2.0,-2.0,6.65,,,,,,,,,,34.77,32.1,36.88,,,,,,,
2025-11-19,,,,27.01,24.94,28.9,,,,13.1,11.12,14.76,,,,14.44,12.27,16.23,,,,5.06,2.93,6.82,,,,2.0,-2.0,6.65,,,,,,,,,,34.73,32.07,36.88,,,,,,,
2025-11-20,,,,27.02,24.92,28.92,,,,13.12,11.16,14.79,,,,14.43,12.26,16.26,,,,5.07,2.93,6.84,,,,2.0,-2.0,6.65,,,,,,,,,,34.69,32.03,36.87,,,,,,,
2025-11-21,,,,27.03,24.9,28.93,,,,13.14,11.2,14.81,,,,14.43,12.22,16.25,,,,5.08,2.93,6.87,,,,2.0,-2.0,6.65,,,,,,,,,,34.65,31.97,36.83,,,,,,,
2025-11-22,,,,27.04,24.88,28.94,,,,13.15,11.21,14.83,,,,14.43,12.17,16.24,,,,5.09,2.94,6.89,,,,2.0,-2.0,6.65,,,,,,,,,,34.61,31.94,36.77,,,,,,,
2025-11-23,,,,27.05,24.92,28.95,,,,13.17,11.21,14.86,,,,14.42,12.13,16.26,,,,5.1,2.94,6.91,,,,2.0,-2.0,6.65,,,,,,,,,,34.58,31.94,36.71,,,,,,,
2025-11-24,,,,27.06,24.97,28.97,,,,13.19,11.19,14.88,,,,14.42,12.1,16.26,,,,5.11,2.94,6.92,,,,2.0,-2.0,6.65,,,,,,,,,,34.54,31.91,36.68,27.0,15.0,15.0,4.0,,,32.0
2025-11-25,,,,27.07,24.99,28.97,,,,13.2,11.2,14.9,,,,14.41,12.06,16.25,,,,5.12,2.96,6.9,,,,2.0,-2.0,6.65,,,,,,,,,,34.51,31.89,36.67,,,,,,,
2025-11-26,,,,27.08,24.97,28.98,,,,13.22,11.24,14.91,,,,14.41,12.02,16.26,,,,5.12,2.97,6.93,,,,2.0,-2.0,6.65,,,,,,,,,,34.48,31.88,36.65,,,,,,,
2025-11-27,,,,27.08,25.02,28.98,,,,13.23,11.25,14.93,,,,14.4,12.0,16.26,,,,5.13,2.96,6.95,,,,2.0,-2.0,6.65,,,,,,,,,,34.45,31.89,36.64,,,,,,,
2025-11-28,,,,27.09,25.06,29.0,,,,13.25,11.26,14.95,,,,14.4,12.01,16.24,,,,5.14,2.98,6.96,,,,2.0,-2.0,6.65,,,,,,,,,,34.42,31.9,36.62,,,,,,,
2025-11-29,,,,27.1,25.08,29.01,,,,13.26,11.26,14.97,,,,14.39,12.02,16.24,,,,5.15,3.0,6.96,,,,2.0,-2.0,6.65,,,,,,,,,,34.39,31.9,36.61,,,,,,,
2025-11-30,,,,27.1,25.08,28.99,,,,13.28,11.27,14.99,,,,14.39,12.01,16.27,,,,5.15,3.02,6.97,,,,2.0,-2.0,6.65,,,,,,,,,,34.37,31.9,36.59,,,,,,,
2025-12-01,,,,27.11,25.09,29.01,,,,13.29,11.29,15.0,,,,14.38,12.0,16.28,,,,5.16,3.03,6.98,,,,2.0,-2.0,6.65,,,,,,,,,,34.34,31.9,36.58,31.0,13.0,14.0,7.0,,,30.0
2025-12-02,,,,27.11,25.13,29.06,,,,13.31,11.3,15.03,,,,14.38,11.98,16.29,,,,5.17,3.04,7.02,,,,2.0,-2.0,6.65,,,,,,,,,,34.32,31.89,36.56,,,,,,,
2025-12-03,,,,27.11,25.16,29.06,,,,13.32,11.32,15.07,,,,14.37,11.96,16.29,,,,5.17,3.02,7.04,,,,2.0,-2.0,6.65,,,,,,,,,,34.3,31.9,36.55,,,,,,,
2025-12-04,,,,27.12,25.17,29.05,,,,13.34,11.34,15.08,,,,14.36,11.94,16.3,,,,5.18,3.03,7.06,,,,2.0,-2.0,6.65,,,,,,,,,,34.28,31.9,36.5,,,,,,,
2025-12-05,,,,27.12,25.15,29.1,,,,13.35,11.36,15.11,,,,14.36,11.93,16.31,,,,5.18,3.03,7.09,,,,2.0,-2.0,6.65,,,,,,,,,,34.26,31.9,36.46,,,,,,,
2025-12-06,,,,27.12,25.12,29.15,,,,13.36,11.38,15.16,,,,14.35,11.91,16.31,,,,5.18,3.01,7.11,,,,2.0,-2.0,6.65,,,,,,,,,,34.25,31.91,36.42,,,,,,,
2025-12-07,,,,27.12,25.1,29.17,,,,13.37,11.38,15.18,,,,14.34,11.9,16.31,,,,5.19,2.99,7.13,,,,2.0,-2.0,6.65,,,,,,,,,,34.24,31.91,36.38,,,,,,,
2025-12-08,,,,27.12,25.07,29.15,,,,13.39,11.37,15.19,,,,14.33,11.9,16.32,,,,5.19,2.99,7.16,,,,2.0,-2.0,6.65,,,,,,,,,,34.23,31.92,36.36,24.0,17.0,17.0,5.0,,,32.0
2025-12-09,,,,27.12,25.04,29.13,,,,13.4,11.36,15.18,,,,14.32,11.92,16.32,,,,5.19,3.0,7.16,,,,2.0,-2.0,6.65,,,,,,,,,,34.22,31.93,36.34,,,,,,,
2025-12-10,,,,27.12,25.01,29.11,,,,13.41,11.36,15.18,,,,14.31,11.94,16.34,,,,5.19,3.02,7.16,,,,2.0,-2.0,6.65,,,,,,,,,,34.21,31.94,36.32,,,,,,,
2025-12-11,,,,27.11,24.99,29.08,,,,13.42,11.35,15.17,,,,14.31,11.96,16.37,,,,5.19,3.01,7.17,,,,2.0,-2.0,6.65,,,,,,,,,,34.2,31.95,36.3,,,,,,,
2025-12-12,,,,27.11,24.97,29.06,,,,13.43,11.35,15.16,,,,14.3,11.96,16.36,,,,5.2,3.02,7.19,,,,2.0,-2.0,6.65,,,,,,,,,,34.2,31.96,36.31,,,,,,,
2025-12-13,,,,27.1,24.94,29.09,,,,13.44,11.35,15.16,,,,14.29,11.98,16.35,,,,5.2,3.03,7.19,,,,2.0,-2.0,6.65,,,,,,,,,,34.2,31.98,36.31,,,,,,,
2025-12-14,,,,27.1,24.97,29.13,,,,13.45,11.36,15.2,,,,14.28,11.96,16.33,,,,5.2,3.05,7.19,,,,2.0,-2.0,6.65,,,,,,,,,,34.2,32.0,36.27,,,,,,,
2025-12-15,,,,27.09,24.95,29.12,,,,13.46,11.37,15.19,,,,14.27,11.94,16.39,,,,5.2,3.07,7.22,,,,2.0,-2.0,6.65,,,,,,,,,,34.19,31.97,36.26,26.0,13.0,11.0,5.0,,,38.0
2025-12-16,,,,27.09,24.94,29.11,,,,13.47,11.35,15.22,,,,14.26,11.91,16.4,,,,5.2,3.09,7.24,,,,2.0,-2.0,6.65,,,,,,,,,,34.19,31.93,36.26,,,,,,,
2025-12-17,,,,27.08,24.93,29.12,,,,13.48,11.33,15.23,,,,14.25,11.92,16.39,,,,5.2,3.1,7.25,,,,,,,,,,,,,,,,34.19,31.89,36.26,,,,,,,
2025-12-18,,,,27.08,24.86,29.19,,,,13.49,11.34,15.28,,,,14.24,11.94,16.39,,,,5.2,3.11,7.25,,,,,,,,,,,,,,,,34.19,31.85,36.25,,,,,,,
2025-12-19,,,,27.07,24.8,29.19,,,,13.51,11.37,15.33,,,,14.23,11.96,16.38,,,,5.2,3.11,7.23,,,,,,,,,,,,,,,,34.19,31.88,36.25,,,,,,,
2025-12-20,,,,27.06,24.78,29.17,,,,13.52,11.36,15.37,,,,14.22,11.98,16.37,,,,5.19,3.1,7.22,,,,,,,,,,,,,,,,34.19,31.91,36.23,,,,,,,
2025-12-21,,,,27.06,24.76,29.15,,,,13.53,11.39,15.4,,,,14.21,12.0,16.36,,,,5.19,3.1,7.2,,,,,,,,,,,,,,,,34.19,31.97,36.23,,,,,,,
2025-12-22,,,,27.05,24.77,29.13,,,,13.54,11.41,15.48,,,,14.2,11.98,16.34,,,,5.19,3.12,7.19,,,,,,,,,,,,,,,,34.19,32.03,36.23,26.0,15.0,16.0,5.0,,,34.0
2025-12-23,,,,27.04,24.82,29.1,,,,13.55,11.43,15.5,,,,14.19,11.97,16.33,,,,5.19,3.1,7.18,,,,,,,,,,,,,,,,34.19,32.07,36.22,,,,,,,
2025-12-24,,,,27.04,24.8,29.08,,,,13.56,11.46,15.52,,,,14.18,11.95,16.31,,,,5.19,3.08,7.17,,,,,,,,,,,,,,,,34.19,32.07,36.21,,,,,,,
2025-12-25,,,,27.03,24.78,29.06,,,,13.57,11.44,15.53,,,,14.17,11.94,16.29,,,,5.19,3.07,7.15,,,,,,,,,,,,,,,,34.19,32.04,36.26,,,,,,,
2025-12-26,,,,27.02,24.75,29.06,,,,13.58,11.5,15.56,,,,14.16,11.93,16.27,,,,5.19,3.06,7.16,,,,2.0,-3.86,6.99,,,,,,,,,,34.18,32.07,36.31,,,,,,,
2025-12-27,,,,27.02,24.73,29.12,,,,13.59,11.51,15.59,,,,14.15,11.91,16.24,,,,5.19,3.05,7.15,,,,2.0,-3.86,6.99,,,,,,,,,,34.18,32.09,36.32,,,,,,,
2025-12-28,,,,27.01,24.71,29.12,,,,13.6,11.53,15.62,,,,14.15,11.9,16.22,,,,5.19,3.04,7.21,,,,2.0,-3.86,6.99,,,,,,,,,,34.18,32.08,36.29,,,,,,,
2025-12-29,,,,27.01,24.7,29.11,,,,13.6,11.55,15.64,,,,14.14,11.92,16.2,,,,5.2,3.04,7.26,,,,2.0,-3.86,6.99,,,,,,,,,,34.17,32.07,36.26,,,,,,,
2025-12-30,,,,27.0,24.7,29.11,,,,13.61,11.56,15.63,,,,14.13,11.94,16.18,,,,5.2,3.03,7.32,,,,2.0,-3.86,6.99,,,,,,,,,,34.17,32.05,36.24,,,,,,,
2025-12-31,,,,27.0,24.71,29.09,,,,13.62,11.58,15.59,,,,14.12,11.96,16.15,,,,5.2,3.02,7.38,,,,2.0,-3.86,6.99,,,,,,,,,,34.17,32.03,36.21,,,,,,,
2026-01-01,,,,26.99,24.72,29.09,,,,13.62,11.6,15.59,,,,14.11,11.94,16.12,,,,5.2,3.01,7.41,,,,2.0,-3.86,6.99,,,,,,,,,,34.16,32.02,36.17,,,,,,,
2026-01-02,,,,26.99,24.73,29.1,,,,13.63,11.61,15.59,,,,14.1,11.93,16.09,,,,5.2,3.0,7.4,,,,2.0,-3.86,6.99,,,,,,,,,,34.16,32.06,36.19,,,,,,,
2026-01-03,,,,26.99,24.74,29.11,,,,13.63,11.62,15.59,,,,14.09,11.92,16.08,,,,5.21,2.99,7.4,,,,2.0,-3.86,6.99,,,,1.0,-3.39,5.33,,,,34.15,32.11,36.23,,,,,,,
2026-01-04,,,,26.98,24.76,29.12,,,,13.63,11.62,15.58,,,,14.09,11.87,16.12,,,,5.21,2.99,7.39,,,,2.0,-3.86,6.99,,,,1.0,-3.39,5.33,,,,34.15,32.13,36.29,,,,,,,
2026-01-05,,,,26.98,24.77,29.12,,,,13.63,11.61,15.57,,,,14.08,11.82,16.15,,,,5.21,3.02,7.38,,,,2.0,-3.86,6.99,,,,1.0,-3.39,5.33,,,,34.14,32.11,36.31,30.0,11.0,15.0,6.0,,,33.0
2026-01-06,,,,26.98,24.75,29.12,,,,13.63,11.61,15.59,,,,14.07,11.78,16.17,,,,5.22,3.06,7.37,,,,2.0,-3.86,6.99,,,,1.0,-3.39,5.33,,,,34.14,32.09,36.37,,,,,,,
2026-01-07,,,,26.98,24.72,29.12,,,,13.63,11.64,15.62,,,,14.06,11.78,16.2,,,,5.22,3.07,7.36,,,,2.0,-3.86,6.99,,,,1.0,-3.39,5.33,,,,34.14,32.07,36.35,,,,,,,
2026-01-08,,,,26.97,24.75,29.1,,,,13.63,11.67,15.66,,,,14.05,11.78,16.23,,,,5.23,3.11,7.35,,,,2.0,-3.86,6.99,,,,1.0,-3.39,5.33,,,,34.13,32.05,36.33,,,,,,,
2026-01-09,,,,26.97,24.79,29.09,,,,13.62,11.65,15.65,,,,14.04,11.78,16.22,,,,5.23,3.13,7.36,,,,2.0,-3.86,6.99,,,,1.0,-3.39,5.33,,,,34.13,32.05,36.3,28.0,13.0,10.0,7.0,,,37.0
2026-01-10,,,,26.97,24.83,29.09,,,,13.62,11.64,15.63,,,,14.02,11.82,16.21,,,,5.24,3.16,7.36,,,,2.0,-3.86,6.99,,,,1.0,-3.39,5.33,,,,34.13,32.03,36.27,,,,,,,
2026-01-11,,,,26.98,24.85,29.09,,,,13.61,11.6,15.62,,,,14.01,11.87,16.2,,,,5.24,3.19,7.35,,,,2.0,-3.86,6.99,,,,1.0,-3.39,5.33,,,,34.12,32.02,36.23,,,,,,,
2026-01-12,,,,26.98,24.87,29.1,,,,13.6,11.57,15.59,,,,14.0,11.83,16.18,,,,5.25,3.23,7.34,,,,2.0,-3.86,6.99,,,,1.0,-3.39,5.33,,,,34.12,32.01,36.2,30.0,13.0,16.0,5.0,,,29.0
2026-01-13,,,,26.98,24.89,29.1,,,,13.59,11.55,15.56,,,,13.98,11.79,16.15,,,,5.26,3.25,7.33,,,,2.0,-3.86,6.99,,,,1.0,-3.39,5.33,,,,34.12,31.99,36.16,,,,,,,
2026-01-14,,,,26.98,24.91,29.1,,,,13.58,11.52,15.54,,,,13.97,11.79,16.13,,,,5.26,3.26,7.28,,,,2.0,-3.86,6.99,,,,1.0,-3.39,5.33,,,,34.11,32.0,36.12,,,,,,,
2026-01-15,,,,26.99,24.92,29.09,,,,13.57,11.5,15.5,,,,13.96,11.79,16.1,,,,5.27,3.27,7.23,,,,2.0,-3.86,6.99,,,,1.0,-3.39,5.33,,,,34.11,32.0,36.08,,,,,,,
2026-01-16,,,,26.99,24.94,29.06,,,,13.55,11.48,15.46,,,,13.94,11.8,16.07,,,,5.28,3.28,7.18,,,,2.0,-3.86,6.99,,,,1.0,-3.39,5.33,,,,34.11,32.0,36.04,,,,,,,
2026-01-17,,,,27.0,24.96,29.02,,,,13.54,11.46,15.43,,,,13.92,11.8,16.04,,,,5.29,3.31,7.14,,,,2.0,-3.86,6.99,,,,1.0,-3.39,5.33,,,,34.11,32.01,36.0,,,,,,,
2026-01-18,,,,27.0,24.97,29.04,,,,13.52,11.44,15.41,,,,13.91,11.81,16.0,,,,5.29,3.33,7.15,,,,2.0,-3.86,6.99,,,,1.0,-3.39,5.33,,,,34.1,32.02,35.95,,,,,,,
2026-01-19,,,,27.01,24.99,29.04,,,,13.51,11.42,15.41,,,,13.89,11.81,15.96,,,,5.3,3.35,7.16,,,,2.0,-3.86,6.99,,,,1.0,-3.39,5.33,,,,34.1,32.05,35.9,24.0,15.0,12.0,8.0,,,35.0
2026-01-20,,,,27.02,25.01,29.02,,,,13.49,11.41,15.42,,,,13.87,11.82,15.93,,,,5.31,3.45,7.16,,,,2.0,-3.86,6.99,,,,1.0,-3.39,5.33,,,,34.1,32.08,35.88,,,,,,,
2026-01-21,,,,27.03,25.02,29.02,,,,13.47,11.39,15.42,,,,13.86,11.84,15.88,,,,5.32,3.45,7.17,,,,2.0,-3.86,6.99,,,,1.0,-3.39,5.33,,,,34.1,32.11,35.89,,,,,,,
2026-01-22,,,,27.04,25.04,29.0,,,,13.45,11.37,15.42,,,,13.84,11.86,15.81,,,,5.32,3.43,7.18,,,,2.0,-3.86,6.99,,,,1.0,-3.39,5.33,,,,34.1,32.14,35.84,,,,,,,
2026-01-23,,,,27.05,25.05,29.01,,,,13.43,11.36,15.41,,,,13.82,11.88,15.77,,,,5.33,3.46,7.19,,,,2.0,-3.86,6.99,,,,1.0,-4.1,6.59,,,,34.09,32.18,35.78,27.0,10.0,15.0,3.0,,,38.0
2026-01-24,,,,27.06,25.06,29.04,,,,13.41,11.34,15.39,,,,13.8,11.9,15.75,,,,5.34,3.48,7.2,,,,2.0,-3.86,6.99,,,,1.0,-4.17,7.18,,,,34.09,32.14,35.77,,,,,,,
2026-01-25,,,,27.07,25.05,29.06,,,,13.39,11.35,15.37,,,,13.78,11.89,15.69,,,,5.35,3.51,7.21,,,,2.0,-3.86,6.99,,,,1.0,-4.17,7.18,,,,34.09,32.05,35.76,,,,,,,
2026-01-26,,,,27.08,25.05,29.09,,,,13.36,11.31,15.38,,,,13.76,11.89,15.62,,,,5.36,3.54,7.21,,,,2.0,-3.86,6.99,,,,1.01,-4.17,7.18,,,,34.09,32.06,35.75,27.0,14.0,15.0,5.0,,,33.0
2026-01-27,,,,27.1,25.05,29.11,,,,13.34,11.29,15.38,,,,13.75,11.9,15.56,,,,5.36,3.58,7.18,,,,2.0,-3.86,6.99,,,,1.01,-4.16,7.18,,,,34.09,32.08,35.74,,,,,,,
2026-01-28,,,,27.11,25.04,29.15,,,,13.32,11.28,15.38,,,,13.73,11.9,15.5,,,,5.37,3.56,7.17,,,,2.0,-3.86,6.99,,,,1.02,-4.07,7.18,,,,34.09,32.08,35.72,,,,,,,
2026-01-29,,,,27.12,25.07,29.18,,,,13.29,11.28,15.38,,,,13.71,11.91,15.45,,,,5.38,3.47,7.19,,,,2.0,-3.86,6.99,,,,1.03,-3.97,7.18,,,,34.08,32.08,35.71,,,,,,,
2026-01-30,,,,27.14,25.09,29.2,,,,13.27,11.27,15.38,,,,13.69,11.91,15.41,,,,5.38,3.4,7.2,,,,2.0,-3.86,6.99,,,,1.05,-3.94,7.18,,,,34.08,32.09,35.7,,,,,,,
2026-01-31,,,,27.15,25.06,29.2,,,,13.25,11.26,15.37,,,,13.67,11.91,15.37,,,,5.39,3.44,7.23,,,,2.0,-3.86,6.99,,,,1.06,-3.9,7.18,,,,34.08,32.1,35.7,,,,,,,
2026-02-01,,,,27.17,25.08,29.19,,,,13.22,11.26,15.37,,,,13.65,11.89,15.33,,,,5.39,3.48,7.23,,,,2.0,-3.86,6.99,,,,1.08,-3.72,7.03,,,,34.08,32.1,35.68,,,,,,,
2026-02-02,,,,27.18,25.08,29.17,,,,13.2,11.25,15.36,,,,13.63,11.85,15.31,,,,5.4,3.52,7.19,,,,2.0,-3.86,6.99,,,,1.1,-3.54,6.84,,,,34.08,32.09,35.68,26.0,14.0,15.0,4.0,,,34.0
2026-02-03,,,,27.2,25.08,29.16,,,,13.17,11.24,15.34,,,,13.61,11.85,15.28,,,,5.41,3.54,7.18,,,,2.0,-3.86,6.99,,,,1.12,-3.38,6.79,,,,34.08,32.08,35.68,,,,,,,
2026-02-04,,,,27.21,25.09,29.14,,,,13.15,11.24,15.27,,,,13.59,11.84,15.27,,,,5.41,3.54,7.18,,,,2.0,-3.86,6.99,,,,1.14,-3.33,6.79,,,,34.07,32.07,35.72,,,,,,,
2026-02-05,,,,27.23,25.11,29.19,,,,13.12,11.23,15.23,,,,13.57,11.83,15.24,,,,5.42,3.57,7.17,,,,2.0,-3.86,6.99,,,,1.16,-3.3,6.8,,,,34.07,32.05,35.76,,,,,,,
2026-02-06,,,,27.25,25.13,29.23,,,,13.1,11.22,15.21,,,,13.54,11.83,15.23,,,,5.42,3.61,7.17,,,,2.0,-3.86,6.99,,,,1.18,-3.3,6.68,,,,34.07,32.04,35.8,23.0,13.0,14.0,5.0,,,40.0
2026-02-07,,,,27.26,25.14,29.26,,,,13.07,11.23,15.17,,,,13.52,11.82,15.19,,,,5.43,3.65,7.16,,,,2.0,-3.86,6.99,,,,1.2,-3.31,6.61,,,,34.06,32.01,35.83,,,,,,,
2026-02-08,,,,27.28,25.16,29.27,,,,13.05,11.23,15.12,,,,13.5,11.79,15.17,,,,5.43,3.68,7.16,,,,2.0,-3.86,6.99,,,,1.22,-3.32,6.6,,,,34.06,32.0,35.82,,,,,,,
2026-02-09,,,,27.29,25.18,29.28,,,,13.03,11.23,15.09,,,,13.48,11.73,15.16,,,,5.44,3.67,7.16,,,,2.0,-3.86,6.99,,,,1.24,-3.32,6.53,,,,34.06,31.99,35.79,29.0,14.0,14.0,6.0,,,33.0
2026-02-10,,,,27.31,25.18,29.28,,,,13.0,11.23,15.06,,,,13.46,11.69,15.2,,,,5.44,3.67,7.18,,,,2.0,-3.86,6.99,,,,1.26,-3.3,6.44,,,,34.05,31.97,35.78,,,,,,,
2026-02-11,,,,27.33,25.19,29.29,,,,12.98,11.18,15.06,,,,13.44,11.64,15.23,,,,5.44,3.66,7.2,,,,2.0,-3.86,6.99,,,,1.28,-3.23,6.35,,,,34.05,31.97,35.79,,,,,,,
2026-02-12,,,,27.34,25.22,29.33,,,,12.96,11.13,15.08,,,,13.43,11.6,15.25,,,,5.45,3.65,7.2,,,,2.0,-3.86,6.99,,,,1.3,-3.22,6.28,,,,34.04,31.91,35.81,,,,,,,
2026-02-13,,,,27.36,25.25,29.31,,,,12.93,11.09,15.09,,,,13.41,11.57,15.24,,,,5.45,3.65,7.2,,,,2.0,-3.86,6.99,,,,1.32,-3.23,6.21,,,,34.04,31.93,35.82,,,,,,,
2026-02-14,,,,27.37,25.28,29.31,,,,12.91,11.05,15.11,,,,13.39,11.56,15.23,,,,5.46,3.64,7.19,,,,2.0,-3.86,6.99,,,,1.34,-3.21,6.19,,,,34.04,31.93,35.82,,,,,,,
2026-02-15,,,,27.39,25.31,29.32,,,,12.89,11.07,15.08,,,,13.37,11.56,15.24,,,,5.46,3.63,7.19,,,,2.0,-3.86,6.99,,,,1.36,-3.15,6.2,,,,34.03,31.92,35.8,,,,,,,
2026-02-16,,,,27.4,25.33,29.32,,,,12.87,11.04,15.0,,,,13.35,11.54,15.23,,,,5.46,3.63,7.19,,,,2.0,-3.86,6.99,,,,1.37,-3.08,6.27,,,,34.03,31.9,35.79,26.0,14.0,13.0,4.0,,,33.0
2026-02-17,,,,27.42,25.36,29.33,,,,12.85,11.0,14.9,,,,13.33,11.53,15.22,,,,5.46,3.62,7.19,,,,2.0,-3.86,6.99,,,,1.39,-3.02,6.25,,,,34.02,31.9,35.8,,,,,,,
2026-02-18,,,,27.43,25.38,29.33,,,,12.83,10.96,14.84,,,,13.32,11.52,15.21,,,,5.47,3.63,7.19,,,,2.0,-3.86,6.99,,,,1.41,-2.96,6.2,,,,34.02,31.92,35.82,,,,,,,
2026-02-19,,,,27.44,25.4,29.33,,,,12.81,10.92,14.8,,,,13.3,11.51,15.2,,,,5.47,3.65,7.19,,,,2.0,-3.86,6.99,,,,1.42,-2.9,6.14,,,,34.02,31.94,35.78,,,,,,,
2026-02-20,,,,27.45,25.39,29.33,,,,12.79,10.89,14.76,,,,13.28,11.5,15.19,,,,5.47,3.66,7.19,,,,2.0,-3.86,6.99,,,,1.44,-2.85,6.08,,,,34.01,31.96,35.82,,,,,,,
2026-02-21,,,,27.46,25.36,29.33,,,,12.77,10.85,14.71,,,,13.27,11.48,15.14,,,,5.47,3.68,7.19,,,,2.0,-3.86,6.99,,,,1.45,-2.79,6.02,,,,34.01,31.99,35.86,,,,,,,
2026-02-22,,,,27.48,25.33,29.33,,,,12.75,10.81,14.67,,,,13.25,11.47,15.14,,,,5.48,3.7,7.19,,,,2.0,-3.86,6.99,,,,1.47,-2.76,5.98,,,,34.01,32.01,35.91,,,,,,,
2026-02-23,,,,27.49,25.36,29.33,,,,12.73,10.77,14.66,,,,13.23,11.45,15.14,,,,5.48,3.72,7.19,,,,2.0,-3.86,6.99,,,,1.48,-2.72,5.94,,,,34.01,32.03,35.93,25.0,16.0,14.0,4.0,,,35.0
2026-02-24,,,,27.5,25.39,29.33,,,,12.71,10.73,14.63,,,,13.22,11.43,15.15,,,,5.48,3.73,7.19,,,,2.0,-3.86,6.99,,,,1.49,-2.69,5.9,,,,34.0,32.06,35.93,,,,,,,
2026-02-25,,,,27.5,25.43,29.33,,,,12.7,10.69,14.63,,,,13.2,11.41,15.16,,,,5.48,3.69,7.19,,,,2.0,-3.86,6.99,,,,1.5,-2.65,5.86,,,,34.0,32.08,35.94,,,,,,,
2026-02-26,,,,27.51,25.47,29.37,,,,12.68,10.65,14.59,,,,13.19,11.39,15.16,,,,5.48,3.67,7.19,,,,2.0,-3.86,6.99,,,,1.52,-2.59,5.84,,,,34.0,32.11,35.95,,,,,,,
2026-02-27,,,,27.52,25.5,29.35,,,,12.66,10.63,14.56,,,,13.18,11.37,15.15,,,,5.48,3.68,7.18,,,,2.0,-3.86,6.99,,,,1.53,-2.54,5.83,,,,34.0,32.14,35.95,,,,,,,
2026-02-28,,,,27.53,25.53,29.36,,,,12.65,10.63,14.57,,,,13.16,11.34,15.14,,,,5.48,3.69,7.18,,,,2.0,-3.86,6.99,,,,1.54,-2.49,5.82,,,,34.0,32.14,35.96,,,,,,,
2026-03-01,,,,27.53,25.56,29.4,,,,12.63,10.63,14.58,,,,13.15,11.35,15.12,,,,5.48,3.7,7.18,,,,2.0,-3.86,6.99,,,,1.55,-2.43,5.81,,,,34.0,32.11,35.99,,,,,,,
2026-03-02,,,,27.54,25.57,29.42,,,,12.62,10.64,14.57,,,,13.14,11.34,15.09,,,,5.48,3.71,7.19,,,,2.0,-3.86,6.99,,,,1.56,-2.39,5.82,,,,34.0,32.13,36.01,26.0,15.0,14.0,6.0,,,33.0
2026-03-03,,,,27.54,25.54,29.46,,,,12.61,10.64,14.57,,,,13.12,11.36,15.06,,,,5.48,3.72,7.17,,,,2.0,-3.86,6.99,,,,1.57,-2.36,5.83,,,,34.0,32.15,35.99,,,,,,,
2026-03-04,,,,27.54,25.5,29.47,,,,12.59,10.65,14.58,,,,13.11,11.36,15.02,,,,5.48,3.73,7.15,,,,2.0,-3.86,6.99,,,,1.58,-2.32,5.84,,,,34.0,32.18,35.98,,,,,,,
2026-03-05,,,,27.55,25.49,29.46,,,,12.58,10.66,14.55,,,,13.1,11.33,14.98,,,,5.48,3.69,7.15,,,,2.0,-3.86,6.99,,,,1.59,-2.29,5.85,,,,34.01,32.18,35.96,,,,,,,
2026-03-06,,,,27.55,25.47,29.45,,,,12.57,10.67,14.53,,,,13.09,11.29,14.97,,,,5.48,3.67,7.16,,,,2.0,-3.86,6.99,,,,1.6,-2.26,5.87,,,,34.01,32.14,35.94,,,,,,,
2026-03-07,,,,27.55,25.46,29.46,,,,12.56,10.67,14.5,,,,13.08,11.26,14.94,,,,5.48,3.71,7.15,,,,2.0,-3.86,6.99,,,,1.61,-2.22,5.9,,,,34.01,32.12,35.92,,,,,,,
2026-03-08,,,,27.55,25.4,29.48,,,,12.55,10.64,14.48,,,,13.07,11.22,14.91,,,,5.48,3.73,7.14,,,,2.0,-3.86,6.99,,,,1.61,-2.2,5.92,,,,34.01,32.09,35.94,,,,,,,
2026-03-09,,,,27.56,25.35,29.51,,,,12.54,10.65,14.46,,,,13.05,11.2,14.88,,,,5.48,3.68,7.13,,,,2.0,-3.86,6.99,,,,1.62,-2.16,5.94,,,,34.01,32.07,35.98,,,,,,,
2026-03-10,,,,27.56,25.29,29.52,,,,12.53,10.65,14.48,,,,13.04,11.19,14.88,,,,5.48,3.67,7.12,,,,2.0,-3.86,6.99,,,,1.63,-2.14,5.97,,,,34.02,32.04,36.0,32.0,15.0,13.0,6.0,,,29.0
2026-03-11,,,,27.56,25.28,29.53,,,,12.52,10.61,14.51,,,,13.03,11.18,14.89,,,,5.47,3.66,7.13,,,,2.0,-3.86,6.99,,,,1.64,-2.12,5.98,,,,34.02,32.02,36.01,,,,,,,
2026-03-12,,,,27.56,25.3,29.55,,,,12.51,10.55,14.51,,,,13.02,11.17,14.9,,,,5.47,3.67,7.15,,,,2.0,-3.86,6.99,,,,1.64,-2.09,6.01,,,,34.02,32.01,36.02,,,,,,,
2026-03-13,,,,27.56,25.32,29.57,,,,12.5,10.53,14.51,,,,13.01,11.16,14.92,,,,5.47,3.68,7.15,,,,2.0,-3.86,6.99,,,,1.65,-2.07,6.02,,,,34.03,31.99,36.03,,,,,,,
2026-03-14,,,,27.56,25.34,29.58,,,,12.49,10.56,14.53,,,,13.0,11.16,14.93,,,,5.47,3.68,7.15,,,,2.0,-3.86,6.99,,,,1.66,-2.04,6.04,,,,34.03,31.99,36.04,,,,,,,
2026-03-15,,,,27.56,25.37,29.57,,,,12.49,10.57,14.55,,,,12.99,11.15,14.93,,,,5.47,3.66,7.18,,,,2.0,-3.86,6.99,,,,1.66,-2.01,6.06,,,,34.03,32.01,36.03,,,,,,,
2026-03-16,,,,27.56,25.38,29.56,,,,12.48,10.59,14.57,,,,12.98,11.15,14.94,,,,5.46,3.62,7.17,,,,2.0,-3.86,6.99,,,,1.67,-2.01,6.08,,,,34.04,32.03,36.04,27.0,12.0,14.0,7.0,,,34.0
2026-03-17,,,,27.56,25.34,29.58,,,,12.47,10.59,14.6,,,,12.97,11.14,14.95,,,,5.46,3.58,7.15,,,,2.0,-3.86,6.99,,,,1.68,-2.02,6.1,,,,34.04,32.04,36.06,,,,,,,
2026-03-18,,,,27.56,25.33,29.59,,,,12.47,10.56,14.59,,,,12.96,11.14,14.94,,,,5.46,3.59,7.16,,,,2.0,-3.86,6.99,,,,1.68,-2.02,6.11,,,,34.05,32.01,36.11,,,,,,,
2026-03-19,,,,27.56,25.34,29.59,,,,12.46,10.53,14.59,,,,12.95,11.13,14.9,,,,5.45,3.6,7.16,,,,2.0,-4.83,8.52,,,,1.69,-2.05,6.92,,,,34.05,32.0,36.12,,,,,,,
2026-03-20,,,,27.56,25.34,29.57,,,,12.46,10.51,14.58,,,,12.94,11.12,14.9,,,,5.45,3.6,7.16,,,,2.0,-4.32,9.03,,,,1.69,-2.06,6.92,,,,34.05,31.97,36.09,,,,,,,
2026-03-21,,,,27.56,25.31,29.56,,,,12.45,10.48,14.58,,,,12.93,11.08,14.9,,,,5.45,3.6,7.16,,,,2.0,-4.32,9.03,,,,1.7,-2.06,6.92,,,,34.06,31.94,36.06,,,,,,,
2026-03-22,,,,27.56,25.27,29.59,,,,12.45,10.46,14.57,,,,12.92,11.06,14.91,,,,5.45,3.61,7.16,,,,2.0,-4.32,9.03,,,,1.7,-2.06,6.92,,,,34.06,31.93,36.08,,,,,,,
2026-03-23,,,,27.56,25.23,29.62,,,,12.44,10.44,14.56,,,,12.91,11.05,14.89,,,,5.44,3.59,7.17,,,,2.0,-4.31,9.03,,,,1.7,-2.06,6.93,,,,34.06,31.91,36.08,28.0,11.0,14.0,7.0,,,33.0
2026-03-24,,,,27.56,25.19,29.65,,,,12.44,10.41,14.55,,,,12.9,11.03,14.86,,,,5.44,3.58,7.16,,,,2.0,-4.31,9.03,,,,1.71,-2.07,6.93,,,,34.06,31.88,36.07,,,,,,,
2026-03-25,,,,27.56,25.15,29.67,,,,12.44,10.39,14.52,,,,12.89,11.0,14.83,,,,5.44,3.55,7.16,,,,2.01,-4.3,9.04,,,,1.71,-2.07,6.93,,,,34.07,31.83,36.08,26.5,9.5,11.5,4.5,2.0,,36.0
2026-03-26,,,,27.57,25.11,29.67,,,,12.43,10.4,14.48,,,,12.88,10.97,14.84,,,,5.43,3.53,7.16,,,,2.01,-4.28,9.04,,,,1.72,-2.07,6.93,,,,34.07,31.79,36.09,,,,,,,
2026-03-27,,,,27.57,25.08,29.67,,,,12.43,10.41,14.46,,,,12.87,10.97,14.87,,,,5.43,3.54,7.15,,,,2.01,-4.27,9.05,,,,1.72,-2.08,6.93,,,,34.07,31.77,36.09,,,,,,,
2026-03-28,,,,27.57,25.05,29.68,,,,12.43,10.42,14.47,,,,12.86,10.96,14.91,,,,5.43,3.56,7.15,,,,2.02,-4.24,9.05,,,,1.72,-2.08,6.93,,,,34.07,31.79,36.09,,,,,,,
2026-03-29,,,,27.57,25.02,29.71,,,,12.42,10.43,14.48,,,,12.85,10.91,14.95,,,,5.42,3.56,7.13,,,,2.03,-4.22,9.06,,,,1.73,-2.08,6.93,,,,34.07,31.78,36.1,,,,,,,
2026-03-30,,,,27.58,24.99,29.73,,,,12.42,10.44,14.46,,,,12.85,10.88,14.95,,,,5.42,3.58,7.13,,,,2.03,-4.22,9.05,,,,1.73,-2.08,6.93,,,,34.07,31.77,36.1,28.0,13.0,15.0,6.0,,,30.0
2026-03-31,,,,27.58,24.96,29.75,,,,12.42,10.45,14.47,,,,12.84,10.86,14.95,,,,5.42,3.54,7.12,,,,2.04,-4.22,8.98,,,,1.73,-2.08,6.93,,,,34.06,31.76,36.1,,,,,,,
2026-04-01,,,,27.58,24.94,29.77,,,,12.42,10.47,14.48,,,,12.83,10.85,14.96,,,,5.41,3.5,7.12,,,,2.05,-4.2,8.91,,,,1.74,-2.09,6.93,,,,34.06,31.76,36.1,,,,,,,
2026-04-02,,,,27.59,24.92,29.8,,,,12.41,10.48,14.51,,,,12.83,10.84,14.96,,,,5.41,3.46,7.11,,,,2.06,-4.15,8.85,,,,1.74,-2.09,6.94,,,,34.06,31.76,36.1,28.5,12.0,9.0,5.5,,1.0,37.5
2026-04-03,,,,27.59,24.9,29.82,,,,12.41,10.5,14.51,,,,12.82,10.83,14.95,,,,5.41,3.42,7.11,,,,2.07,-4.08,8.86,,,,1.74,-2.1,6.94,,,,34.05,31.76,36.1,,,,,,,
2026-04-04,,,,27.59,24.94,29.84,,,,12.41,10.49,14.53,,,,12.82,10.82,14.91,,,,5.4,3.38,7.11,,,,2.08,-4.44,8.92,,,,1.75,-2.09,6.94,,,,34.05,31.77,36.1,,,,,,,
2026-04-05,,,,27.6,24.98,29.86,,,,12.41,10.47,14.54,,,,12.81,10.82,14.87,,,,5.4,3.34,7.1,,,,2.1,-4.29,8.94,,,,1.75,-2.07,6.94,,,,34.04,31.78,36.12,,,,,,,
2026-04-06,,,,27.6,25.03,29.88,,,,12.41,10.49,14.54,,,,12.81,10.82,14.84,,,,5.39,3.3,7.09,,,,2.11,-4.08,8.87,,,,1.75,-2.03,6.94,,,,34.04,31.8,36.17,,,,,,,
2026-04-07,,,,27.61,25.08,29.89,,,,12.41,10.54,14.54,,,,12.81,10.82,14.79,,,,5.39,3.26,7.09,,,,2.13,-3.91,8.71,,,,1.75,-1.97,6.94,,,,34.03,31.76,36.2,33.0,11.0,14.0,7.0,,,28.0
2026-04-08,,,,27.62,25.08,29.9,,,,12.41,10.59,14.55,,,,12.81,10.83,14.82,,,,5.38,3.25,7.08,,,,2.14,-3.84,8.64,,,,1.75,-1.92,6.94,,,,34.02,31.71,36.2,,,,,,,
2026-04-09,,,,27.63,25.06,29.92,,,,12.41,10.62,14.55,,,,12.81,10.84,14.84,,,,5.37,3.23,7.08,,,,2.16,-3.78,8.57,,,,1.76,-1.92,6.93,,,,34.01,31.66,36.14,,,,,,,
2026-04-10,,,,27.63,25.03,29.93,,,,12.42,10.64,14.55,,,,12.81,10.85,14.87,,,,5.37,3.23,7.1,,,,2.18,-3.76,8.5,,,,1.76,-1.92,6.9,,,,33.99,31.6,36.09,,,,,,,
2026-04-11,,,,27.64,25.07,29.95,,,,12.42,10.66,14.55,,,,12.81,10.83,14.87,,,,5.36,3.23,7.13,,,,2.2,-3.74,8.47,,,,1.76,-1.93,6.86,,,,33.98,31.54,36.02,,,,,,,
2026-04-12,,,,27.65,25.11,29.96,,,,12.43,10.68,14.55,,,,12.82,10.8,14.81,,,,5.35,3.24,7.14,,,,2.22,-3.71,8.44,,,,1.76,-1.93,6.72,,,,33.96,31.48,35.97,,,,,,,
2026-04-13,,,,27.67,25.18,29.97,,,,12.43,10.7,14.55,,,,12.82,10.8,14.76,,,,5.34,3.24,7.15,,,,2.24,-3.67,8.4,,,,1.76,-1.94,6.54,,,,33.94,31.44,35.97,32.0,13.0,12.0,6.0,,,30.0
2026-04-14,,,,27.68,25.22,29.98,,,,12.44,10.74,14.54,,,,12.83,10.8,14.75,,,,5.33,3.23,7.16,,,,2.26,-3.62,8.38,,,,1.77,-1.95,6.38,,,,33.92,31.42,35.94,,,,,,,
2026-04-15,,,,27.7,25.27,30.01,,,,12.45,10.78,14.54,,,,12.83,10.81,14.75,,,,5.32,3.21,7.17,,,,2.28,-3.63,8.72,,,,1.77,-2.06,6.59,,,,33.9,31.4,35.92,,,,,,,
2026-04-16,,,,27.71,25.33,30.05,,,,12.46,10.8,14.53,,,,12.84,10.82,14.74,,,,5.31,3.24,7.15,,,,2.31,-3.56,8.64,,,,1.77,-2.06,6.54,,,,33.87,31.4,35.91,,,,,,,
2026-04-17,,,,27.73,25.36,30.07,,,,12.47,10.82,14.52,,,,12.85,10.85,14.73,,,,5.29,3.24,7.12,,,,2.33,-3.49,8.56,,,,1.77,-2.06,6.54,,,,33.85,31.39,35.9,,,,,,,
2026-04-18,,,,27.75,25.38,30.08,,,,12.48,10.84,14.51,,,,12.86,10.86,14.72,,,,5.28,3.24,7.09,,,,2.36,-3.49,8.48,,,,1.78,-2.06,6.53,,,,33.82,31.38,35.88,,,,,,,
2026-04-19,,,,27.78,25.4,30.09,,,,12.49,10.87,14.53,,,,12.87,10.88,14.73,,,,5.26,3.24,7.06,,,,2.39,-3.47,8.4,,,,1.78,-2.06,6.51,,,,33.78,31.4,35.86,,,,,,,
2026-04-20,,,,27.8,25.43,30.1,,,,12.5,10.87,14.55,,,,12.88,10.91,14.74,,,,5.24,3.23,7.02,,,,2.41,-3.39,8.33,,,,1.78,-2.05,6.47,,,,33.75,31.42,35.82,26.0,9.0,16.0,6.0,,,36.0
2026-04-21,,,,27.83,25.45,30.12,,,,12.51,10.87,14.56,,,,12.89,10.93,14.75,,,,5.23,3.22,6.99,,,,2.44,-3.2,8.25,,,,1.78,-2.02,6.43,,,,33.71,31.4,35.76,,,,,,,
2026-04-22,,,,27.86,25.49,30.15,,,,12.52,10.9,14.54,,,,12.9,10.96,14.74,,,,5.21,3.18,6.95,,,,2.47,-2.98,8.18,,,,1.79,-1.99,6.37,,,,33.68,31.36,35.71,,,,,,,
2026-04-23,,,,27.89,25.53,30.15,,,,12.54,10.9,14.52,,,,12.92,11.02,14.73,,,,5.19,3.15,6.9,,,,2.5,-3.22,8.11,,,,1.79,-1.95,6.29,,,,33.64,31.34,35.7,29.0,11.0,10.5,5.0,,2.5,34.0
2026-04-24,,,,27.93,25.57,30.16,,,,12.55,10.92,14.5,,,,12.93,11.08,14.72,,,,5.17,3.14,6.86,,,,2.53,-3.1,8.1,,,,1.79,-1.94,6.2,,,,33.59,31.36,35.69,,,,,,,
2026-04-25,,,,27.96,25.62,30.18,,,,12.56,10.91,14.47,,,,12.94,11.1,14.7,,,,5.14,3.16,6.82,,,,2.57,-2.92,8.51,,,,1.8,-1.93,6.1,,,,33.55,31.37,35.65,,,,,,,
2026-04-26,,,,28.0,25.67,30.18,,,,12.57,10.9,14.45,,,,12.95,11.13,14.69,,,,5.12,3.19,6.77,,,,2.6,-2.62,8.41,,,,1.8,-1.93,5.99,,,,33.5,31.38,35.6,,,,,,,
2026-04-27,,,,28.04,25.73,30.2,,,,12.59,10.89,14.43,,,,12.96,11.18,14.75,,,,5.1,3.21,6.72,,,,2.63,-2.39,8.25,,,,1.81,-1.94,5.87,,,,33.45,31.38,35.54,24.0,15.0,13.0,7.0,,,33.0
2026-04-28,,,,28.08,25.78,30.22,,,,12.6,10.88,14.49,,,,12.98,11.21,14.77,,,,5.07,3.21,6.68,,,,2.67,-2.25,7.95,,,,1.82,-1.94,5.87,,,,33.4,31.32,35.49,,,,,,,
2026-04-29,,,,28.13,25.87,30.24,,,,12.62,10.93,14.48,,,,12.99,11.26,14.77,,,,5.05,3.21,6.63,,,,2.71,-2.18,7.88,,,,1.82,-1.86,5.94,,,,33.35,31.26,35.43,,,,,,,
2026-04-30,,,,28.18,25.97,30.26,,,,12.63,10.97,14.47,,,,13.0,11.32,14.75,,,,5.02,3.2,6.59,,,,2.75,-1.93,7.78,,,,1.83,-1.83,5.89,,,,33.3,31.25,35.37,,,,,,,
2026-05-01,,,,28.22,26.07,30.28,,,,12.65,10.99,14.46,,,,13.01,11.37,14.74,,,,4.99,3.21,6.58,,,,2.79,-1.57,7.7,,,,1.84,-1.79,5.78,,,,33.24,31.23,35.31,,,,,,,
2026-05-02,,,,28.27,26.14,30.31,,,,12.66,10.99,14.5,,,,13.01,11.42,14.73,,,,4.96,3.22,6.52,,,,2.84,-1.31,7.63,,,,1.85,-1.74,5.69,,,,33.18,31.22,35.22,,,,,,,
2026-05-03,,,,28.32,26.22,30.34,,,,12.68,10.99,14.53,,,,13.02,11.41,14.71,,,,4.93,3.19,6.47,,,,2.88,-1.18,7.54,,,,1.86,-1.7,5.66,,,,33.12,31.17,35.12,,,,,,,
2026-05-04,,,,28.38,26.34,30.36,,,,12.7,10.99,14.58,,,,13.03,11.45,14.7,,,,4.9,3.18,6.42,,,,2.93,-1.01,7.45,,,,1.87,-1.58,5.62,,,,33.06,31.13,35.02,,,,,,,
2026-05-05,,,,28.43,26.47,30.39,,,,12.72,10.99,14.58,,,,13.03,11.44,14.69,,,,4.87,3.15,6.41,,,,2.97,-0.88,7.36,,,,1.88,-1.57,5.58,,,,33.0,31.05,34.93,29.0,11.0,13.0,4.0,,,35.0
2026-05-06,,,,28.49,26.53,30.48,,,,12.74,11.0,14.55,,,,13.04,11.47,14.68,,,,4.84,3.13,6.38,,,,3.02,-0.74,7.26,,,,1.89,-1.53,5.52,,,,32.93,30.97,34.83,,,,,,,
2026-05-07,,,,28.55,26.62,30.53,,,,12.76,11.06,14.5,,,,13.04,11.49,14.65,,,,4.81,3.12,6.35,,,,3.07,-0.6,7.17,,,,1.9,-1.52,5.46,,,,32.86,30.89,34.74,,,,,,,
2026-05-08,,,,28.61,26.71,30.57,,,,12.78,11.06,14.46,,,,13.04,11.49,14.65,,,,4.78,3.11,6.32,,,,3.12,-0.5,7.09,,,,1.91,-1.5,5.42,,,,32.79,30.81,34.67,,,,,,,
2026-05-09,,,,28.67,26.81,30.62,,,,12.8,11.09,14.45,,,,13.05,11.52,14.64,,,,4.75,3.11,6.28,,,,3.16,-0.42,7.03,,,,1.92,-1.39,5.4,,,,32.72,30.73,34.57,,,,,,,
2026-05-10,,,,28.73,26.9,30.69,,,,12.83,11.14,14.46,,,,13.05,11.56,14.63,,,,4.72,3.09,6.25,,,,3.21,-0.33,6.92,,,,1.93,-1.27,5.39,,,,32.65,30.66,34.51,,,,,,,
2026-05-11,,,,28.79,26.96,30.72,,,,12.85,11.21,14.51,,,,13.05,11.6,14.59,,,,4.68,3.08,6.21,,,,3.26,-0.25,6.81,,,,1.95,-1.22,5.36,,,,32.58,30.58,34.46,23.0,10.0,14.0,5.0,,,43.0
2026-05-12,,,,28.85,26.98,30.74,,,,12.88,11.25,14.54,,,,13.05,11.62,14.59,,,,4.65,3.05,6.18,,,,3.3,-0.13,6.71,,,,1.96,-1.2,5.37,,,,32.5,30.52,34.41,,,,,,,
2026-05-13,,,,28.91,26.99,30.78,,,,12.91,11.29,14.54,,,,13.04,11.62,14.56,,,,4.62,3.01,6.14,,,,3.35,0.12,6.63,,,,1.97,-1.18,5.26,,,,32.43,30.44,34.34,,,,,,,
2026-05-14,,,,28.97,27.13,30.82,,,,12.93,11.35,14.55,,,,13.04,11.6,14.5,,,,4.58,2.96,6.1,,,,3.39,0.23,6.66,,,,1.98,-1.15,5.2,,,,32.36,30.37,34.21,,,,,,,
2026-05-15,,,,29.03,27.24,30.86,,,,12.96,11.39,14.55,,,,13.04,11.59,14.5,,,,4.55,2.92,6.06,,,,3.43,0.34,6.71,,,,1.99,-1.11,5.2,,,,32.28,30.3,34.1,,,,,,,
2026-05-16,,,,29.09,27.33,30.9,,,,12.99,11.45,14.57,,,,13.04,11.62,14.5,,,,4.52,2.91,6.01,,,,3.47,0.42,6.67,,,,2.0,-1.07,5.13,,,,32.21,30.26,34.01,,,,,,,
2026-05-17,,,,29.15,27.42,30.96,,,,13.02,11.52,14.58,,,,13.03,11.6,14.5,,,,4.48,2.92,5.94,,,,3.51,0.47,6.61,,,,2.01,-0.96,5.12,,,,32.13,30.24,33.96,,,,,,,
2026-05-18,,,,29.22,27.5,31.04,,,,13.05,11.58,14.61,,,,13.03,11.59,14.5,,,,4.45,2.94,5.93,,,,3.55,0.61,6.57,,,,2.02,-0.86,5.13,,,,32.06,30.23,33.92,24.0,15.0,13.0,4.0,,,34.0
2026-05-19,,,,29.27,27.55,31.13,,,,13.09,11.62,14.66,,,,13.03,11.6,14.51,,,,4.42,2.96,5.91,,,,3.58,0.64,6.67,,,,2.03,-0.73,5.14,,,,31.98,30.16,33.85,,,,,,,
2026-05-20,,,,29.33,27.64,31.23,,,,13.12,11.64,14.66,,,,13.02,11.61,14.51,,,,4.39,2.92,5.87,,,,3.62,0.59,6.78,,,,2.03,-0.64,5.15,,,,31.91,30.08,33.71,,,,,,,
2026-05-21,,,,29.39,27.75,31.29,,,,13.15,11.68,14.69,,,,13.01,11.62,14.52,,,,4.36,2.88,5.82,,,,3.65,0.55,6.85,,,,2.04,-0.64,5.03,,,,31.84,30.06,33.66,,,,,,,
2026-05-22,,,,29.45,27.85,31.33,,,,13.18,11.72,14.71,,,,13.01,11.62,14.52,,,,4.32,2.85,5.79,,,,3.68,0.58,6.79,,,,2.05,-0.65,4.86,,,,31.77,30.02,33.58,,,,,,,
2026-05-23,,,,29.5,27.95,31.39,,,,13.22,11.74,14.71,,,,13.0,11.61,14.51,,,,4.29,2.82,5.75,,,,3.71,0.61,6.7,,,,2.05,-0.64,4.83,,,,31.7,29.96,33.49,,,,,,,
2026-05-24,,,,29.56,28.0,31.42,,,,13.25,11.77,14.74,,,,13.0,11.61,14.51,,,,4.26,2.82,5.71,,,,3.74,0.65,6.61,,,,2.06,-0.61,4.9,,,,31.63,29.9,33.44,,,,,,,
2026-05-25,,,,29.61,28.06,31.43,,,,13.29,11.79,14.78,,,,12.99,11.61,14.51,,,,4.23,2.8,5.65,,,,3.76,0.69,6.52,,,,2.06,-0.52,4.97,,,,31.56,29.83,33.38,,,,,,,
2026-05-26,,,,29.67,28.14,31.53,,,,13.32,11.81,14.77,,,,12.98,11.6,14.49,,,,4.2,2.79,5.61,,,,3.79,0.75,6.43,,,,2.07,-0.45,5.04,,,,31.49,29.77,33.32,29.0,16.0,14.0,4.0,,,31.0
2026-05-27,,,,29.72,28.16,31.62,,,,13.36,11.85,14.8,,,,12.97,11.58,14.48,,,,4.17,2.78,5.56,,,,3.81,0.79,6.36,,,,2.07,-0.48,5.1,,,,31.43,29.71,33.27,,,,,,,
2026-05-28,,,,29.77,28.17,31.71,,,,13.4,11.89,14.82,,,,12.96,11.6,14.45,,,,4.14,2.77,5.51,,,,3.83,0.89,6.37,,,,2.08,-0.52,5.03,,,,31.36,29.65,33.21,,,,,,,
2026-05-29,,,,29.82,28.19,31.8,,,,13.43,11.94,14.91,,,,12.95,11.6,14.42,,,,4.11,2.75,5.5,,,,3.85,0.94,6.32,,,,2.08,-0.47,4.96,,,,31.3,29.59,33.14,,,,,,,
2026-05-30,,,,29.86,28.21,31.86,,,,13.47,11.98,14.96,,,,12.94,11.59,14.4,,,,4.08,2.73,5.5,,,,3.87,0.92,6.35,,,,2.08,-0.48,4.95,,,,31.24,29.54,33.07,,,,,,,
2026-05-31,,,,29.91,28.23,31.87,,,,13.51,12.02,14.97,,,,12.93,11.6,14.39,,,,4.06,2.7,5.47,,,,3.89,0.89,6.37,,,,2.08,-0.53,4.89,,,,31.17,29.49,33.0,,,,,,,
2026-06-01,,,,29.95,28.25,31.89,,,,13.54,12.05,15.02,,,,12.92,11.61,14.38,,,,4.03,2.7,5.44,,,,3.9,0.93,6.3,,,,2.08,-0.56,4.84,,,,31.11,29.43,32.91,25.0,14.0,12.0,4.0,,,39.0
2026-06-02,,,,30.0,28.28,31.94,,,,13.58,12.1,15.1,,,,12.91,11.57,14.36,,,,4.0,2.67,5.4,,,,3.91,0.97,6.27,,,,2.08,-0.59,4.76,,,,31.06,29.36,32.81,,,,,,,
2026-06-03,,,,30.04,28.31,32.02,,,,13.61,12.14,15.17,,,,12.89,11.57,14.33,,,,3.98,2.67,5.37,,,,3.92,0.91,6.28,,,,2.08,-0.52,4.77,,,,31.0,29.29,32.7,,,,,,,
2026-06-04,,,,30.08,28.35,32.11,,,,13.65,12.17,15.21,,,,12.88,11.56,14.33,,,,3.96,2.66,5.36,,,,3.93,0.9,6.28,,,,2.07,-0.49,4.73,,,,30.95,29.22,32.63,,,,,,,
2026-06-05,,,,30.12,28.36,32.19,,,,13.68,12.2,15.22,,,,12.87,11.54,14.31,,,,3.93,2.65,5.36,,,,3.94,0.97,6.29,,,,2.07,-0.49,4.66,,,,30.89,29.2,32.64,,,,,,,
2026-06-06,,,,30.15,28.39,32.24,,,,13.72,12.22,15.22,,,,12.85,11.51,14.29,,,,3.91,2.65,5.35,,,,3.95,1.05,6.29,,,,2.07,-0.44,4.75,,,,30.84,29.19,32.61,,,,,,,
2026-06-07,,,,30.19,28.44,32.3,,,,13.75,12.23,15.22,,,,12.84,11.49,14.26,,,,3.89,2.65,5.33,,,,3.95,1.05,6.29,,,,2.06,-0.36,4.85,,,,30.79,29.18,32.55,,,,,,,
2026-06-08,,,,30.22,28.49,32.36,,,,13.79,12.24,15.24,,,,12.82,11.46,14.23,,,,3.87,2.62,5.32,,,,3.96,1.02,6.29,,,,2.06,-0.28,4.88,,,,30.75,29.16,32.49,28.0,16.0,11.0,4.0,,,32.0
2026-06-09,,,,30.26,28.52,32.4,,,,13.82,12.27,15.26,,,,12.8,11.44,14.24,,,,3.85,2.59,5.31,,,,3.96,0.99,6.27,,,,2.05,-0.22,4.89,,,,30.7,29.11,32.43,,,,,,,
2026-06-10,,,,30.29,28.51,32.42,,,,13.85,12.28,15.3,,,,12.79,11.41,14.21,,,,3.83,2.55,5.31,,,,3.96,0.96,6.22,,,,2.05,-0.22,4.87,,,,30.66,29.07,32.37,,,,,,,
2026-06-11,,,,30.32,28.54,32.45,,,,13.88,12.3,15.33,,,,12.77,11.36,14.2,,,,3.81,2.52,5.29,,,,3.96,0.96,6.26,,,,2.04,-0.23,4.85,,,,30.61,29.04,32.32,,,,,,,
2026-06-12,,,,30.35,28.6,32.47,,,,13.92,12.31,15.36,,,,12.76,11.3,14.22,,,,3.79,2.51,5.27,,,,3.96,1.05,6.19,,,,2.04,-0.23,4.82,,,,30.57,29.03,32.26,,,,,,,
2026-06-13,,,,30.38,28.68,32.49,,,,13.95,12.33,15.4,,,,12.74,11.29,14.23,,,,3.77,2.52,5.23,,,,3.96,1.15,6.16,,,,2.03,-0.23,4.79,,,,30.53,29.01,32.21,,,,,,,
2026-06-14,,,,30.4,28.71,32.5,,,,13.98,12.35,15.43,,,,12.72,11.28,14.24,,,,3.76,2.49,5.18,,,,3.96,1.21,6.2,,,,2.02,-0.23,4.79,,,,30.5,29.0,32.19,,,,,,,
2026-06-15,,,,30.43,28.74,32.51,,,,14.01,12.37,15.46,,,,12.7,11.27,14.18,,,,3.74,2.48,5.17,,,,3.96,1.17,6.19,,,,2.01,-0.22,4.83,,,,30.46,28.98,32.17,28.0,15.0,14.0,6.0,,,32.0
2026-06-16,,,,30.46,28.77,32.51,,,,14.04,12.38,15.49,,,,12.69,11.26,14.19,,,,3.73,2.47,5.17,,,,3.96,1.13,6.17,,,,2.01,-0.21,4.85,,,,30.43,28.93,32.09,,,,,,,
2026-06-17,,,,30.48,28.77,32.53,,,,14.06,12.4,15.52,,,,12.67,11.25,14.19,,,,3.72,2.46,5.15,,,,3.95,1.15,6.15,,,,2.0,-0.22,4.88,,,,30.39,28.91,32.03,27.0,11.0,19.0,4.0,4.0,2.0,28.0
2026-06-18,,,,30.5,28.75,32.53,,,,14.09,12.43,15.53,,,,12.65,11.24,14.14,,,,3.7,2.45,5.13,,,,3.95,1.24,6.15,,,,1.99,-0.23,4.9,,,,30.36,28.9,31.98,,,,,,,
2026-06-19,,,,30.52,28.76,32.54,,,,14.12,12.45,15.55,,,,12.64,11.23,14.1,,,,3.69,2.45,5.1,,,,3.95,1.32,6.16,,,,1.98,-0.29,4.92,,,,30.33,28.89,31.93,,,,,,,
2026-06-20,,,,30.54,28.79,32.55,,,,14.15,12.47,15.59,,,,12.62,11.21,14.11,,,,3.68,2.45,5.06,,,,3.94,1.4,6.18,,,,1.98,-0.33,4.94,,,,30.3,28.85,31.89,,,,,,,
2026-06-21,,,,30.57,28.81,32.55,,,,14.18,12.53,15.63,,,,12.6,11.19,14.11,,,,3.67,2.44,5.03,,,,3.94,1.46,6.19,,,,1.97,-0.35,4.95,,,,30.27,28.8,31.85,,,,,,,
2026-06-22,,,,30.59,28.84,32.56,,,,14.2,12.59,15.67,,,,12.58,11.17,14.1,,,,3.66,2.44,5.0,,,,3.93,1.46,6.2,,,,1.96,-0.37,4.95,,,,30.24,28.75,31.8,30.0,13.0,18.0,4.0,,,29.0
2026-06-23,,,,30.6,28.87,32.57,,,,14.23,12.65,15.71,,,,12.57,11.16,14.12,,,,3.65,2.44,4.97,,,,3.93,1.47,6.21,,,,1.95,-0.4,4.96,,,,30.21,28.72,31.76,,,,,,,
2026-06-24,,,,30.62,28.89,32.58,,,,14.26,12.7,15.75,,,,12.55,11.14,14.12,,,,3.64,2.44,4.93,,,,3.92,1.48,6.21,,,,1.94,-0.41,4.94,,,,30.19,28.69,31.72,,,,,,,
2026-06-25,,,,30.64,28.92,32.59,,,,14.29,12.73,15.78,,,,12.53,11.13,14.1,,,,3.63,2.44,4.91,,,,3.92,1.53,6.23,,,,1.93,-0.43,4.94,,,,30.16,28.67,31.68,,,,,,,
2026-06-26,,,,30.66,28.95,32.6,,,,14.31,12.74,15.83,,,,12.52,11.11,14.08,,,,3.62,2.41,4.9,,,,3.91,1.55,6.24,,,,1.93,-0.45,4.94,,,,30.14,28.64,31.65,,,,,,,
2026-06-27,,,,30.68,28.98,32.61,,,,14.34,12.75,15.86,,,,12.5,11.1,14.06,,,,3.61,2.39,4.89,,,,3.91,1.53,6.25,,,,1.92,-0.46,4.97,,,,30.11,28.62,31.61,,,,,,,
2026-06-28,,,,30.69,29.01,32.63,,,,14.36,12.76,15.9,,,,12.48,11.08,14.05,,,,3.61,2.37,4.88,,,,3.9,1.51,6.26,,,,1.91,-0.47,4.94,,,,30.09,28.6,31.58,,,,,,,
2026-06-29,,,,30.71,29.03,32.66,,,,14.39,12.75,15.93,,,,12.47,11.07,14.05,,,,3.6,2.36,4.87,,,,3.9,1.5,6.27,,,,1.9,-0.48,4.92,,,,30.06,28.6,31.55,29.3,16.0,15.0,2.7,,,31.0
2026-06-30,,,,30.73,29.06,32.69,,,,14.41,12.75,15.97,,,,12.45,11.06,14.04,,,,3.59,2.36,4.86,,,,3.89,1.5,6.25,,,,1.9,-0.46,4.9,,,,30.04,28.6,31.53,,,,,,,
2026-07-01,,,,30.74,29.1,32.73,,,,14.44,12.75,16.0,,,,12.44,11.05,14.03,,,,3.59,2.34,4.85,,,,3.89,1.51,6.2,,,,1.89,-0.43,4.89,,,,30.02,28.6,31.5,,,,,,,
2026-07-02,,,,30.76,29.13,32.74,,,,14.46,12.79,16.03,,,,12.42,11.03,14.01,,,,3.58,2.33,4.84,,,,3.88,1.51,6.15,,,,1.88,-0.4,4.9,,,,30.0,28.6,31.48,32.5,14.5,10.5,5.0,,,29.5
2026-07-03,,,,30.77,29.15,32.75,,,,14.49,12.83,16.06,,,,12.41,11.02,13.96,,,,3.58,2.31,4.84,,,,3.88,1.52,6.09,,,,1.87,-0.38,4.92,,,,29.97,28.56,31.45,29.0,11.0,15.0,3.0,4.0,,32.0
2026-07-04,,,,30.79,29.22,32.75,,,,14.51,12.87,16.1,,,,12.39,11.01,13.94,,,,3.57,2.3,4.83,,,,3.87,1.52,6.03,,,,1.87,-0.37,4.95,,,,29.95,28.51,31.42,,,,,,,
2026-07-05,,,,30.8,29.28,32.75,,,,14.54,12.91,16.14,,,,12.38,11.01,13.93,,,,3.57,2.29,4.82,,,,3.87,1.52,6.03,,,,1.86,-0.35,4.97,,,,29.93,28.49,31.4,,,,,,,
2026-07-06,,,,30.82,29.34,32.77,,,,14.56,12.95,16.17,,,,12.37,10.99,13.92,,,,3.56,2.28,4.82,,,,3.86,1.51,6.04,,,,1.86,-0.38,4.96,,,,29.91,28.48,31.38,32.0,16.5,16.0,2.5,,,26.5
2026-07-07,,,,30.83,29.36,32.81,,,,14.58,12.99,16.21,,,,12.35,10.98,13.91,,,,3.56,2.27,4.82,,,,3.86,1.53,6.05,,,,1.85,-0.41,4.95,,,,29.89,28.47,31.36,,,,,,,
2026-07-08,,,,30.85,29.39,32.85,,,,14.6,13.01,16.22,,,,12.34,10.97,13.9,,,,3.56,2.26,4.81,,,,3.86,1.54,6.06,,,,1.85,-0.42,4.95,,,,29.87,28.46,31.34,,,,,,,
2026-07-09,,,,30.86,29.41,32.89,,,,14.62,13.03,16.24,,,,12.33,10.95,13.89,,,,3.55,2.26,4.8,,,,3.85,1.55,6.07,,,,1.84,-0.41,4.95,,,,29.85,28.45,31.31,36.5,11.5,11.5,3.0,,,29.0
2026-07-10,,,,30.87,29.44,32.93,,,,14.64,13.04,16.26,,,,12.31,10.94,13.88,,,,3.55,2.25,4.79,,,,3.85,1.55,6.08,,,,1.84,-0.42,4.94,,,,29.83,28.44,31.29,31.0,8.0,15.0,6.0,,,29.0
2026-07-11,,,,30.89,29.46,32.97,,,,14.66,13.06,16.29,,,,12.3,10.93,13.87,,,,3.55,2.25,4.79,,,,3.84,1.56,6.08,,,,1.84,-0.44,4.93,,,,29.81,28.41,31.27,,,,,,,
2026-07-12,,,,30.9,29.46,32.97,,,,14.68,13.07,16.32,,,,12.29,10.92,13.86,,,,3.54,2.25,4.78,,,,3.84,1.54,6.09,,,,1.83,-0.45,4.92,,,,29.8,28.38,31.25,,,,,,,
2026-07-13,,,,30.91,29.45,32.98,,,,14.7,13.09,16.34,,,,12.28,10.91,13.85,,,,3.54,2.25,4.78,,,,3.84,1.53,6.09,,,,1.83,-0.47,4.92,,,,29.78,28.37,31.22,,,,,,,
2026-07-14,,,,30.93,29.45,32.99,,,,14.72,13.09,16.36,,,,12.26,10.9,13.84,,,,3.54,2.24,4.77,,,,3.83,1.52,6.1,,,,1.83,-0.48,4.91,,,,29.76,28.35,31.2,30.0,15.0,13.0,4.0,4.0,1.0,29.0
2026-07-15,,,,30.94,29.46,32.99,,,,14.74,13.12,16.39,,,,12.25,10.89,13.83,,,,3.54,2.24,4.79,,,,3.83,1.53,6.1,,,,1.82,-0.49,4.9,,,,29.74,28.32,31.17,36.0,9.5,9.0,4.0,,,32.5
2026-07-16,,,,30.95,29.46,33.0,,,,14.75,13.15,16.41,,,,12.24,10.88,13.82,,,,3.53,2.23,4.8,,,,3.82,1.55,6.1,,,,1.82,-0.5,4.9,,,,29.73,28.3,31.13,,,,,,,
2026-07-17,,,,30.96,29.44,33.01,,,,14.77,13.17,16.43,,,,12.23,10.87,13.8,,,,3.53,2.23,4.79,,,,3.82,1.56,6.11,,,,1.82,-0.51,4.89,,,,29.71,28.28,31.1,30.5,11.0,12.0,2.0,,5.0,27.5
2026-07-18,,,,30.98,29.43,33.02,,,,14.78,13.2,16.45,,,,12.22,10.86,13.78,,,,3.53,2.22,4.78,,,,3.82,1.56,6.11,,,,1.82,-0.53,4.89,,,,29.7,28.26,31.07,,,,,,,
2026-07-19,,,,30.99,29.43,33.03,,,,14.8,13.22,16.48,,,,12.21,10.85,13.76,,,,3.53,2.22,4.78,,,,3.81,1.57,6.11,,,,1.82,-0.53,4.88,,,,29.68,28.24,31.07,,,,,,,
2026-07-20,,,,31.0,29.43,33.03,,,,14.81,13.24,16.5,,,,12.19,10.84,13.74,,,,3.53,2.2,4.77,,,,3.81,1.59,6.11,,,,1.82,-0.54,4.87,,,,29.67,28.22,31.04,,,,,,,
2026-07-21,,,,31.01,29.42,33.02,,,,14.83,13.27,16.51,,,,12.18,10.83,13.72,,,,3.53,2.2,4.76,,,,3.81,1.6,6.11,,,,1.82,-0.54,4.87,,,,29.66,28.2,31.05,,,,,,,
2026-07-22,,,,31.02,29.45,33.02,,,,14.84,13.29,16.53,,,,12.17,10.81,13.7,,,,3.52,2.2,4.76,,,,3.81,1.6,6.11,,,,1.81,-0.55,4.86,,,,29.64,28.18,31.06,33.5,16.5,8.0,3.5,4.5,,28.5
2026-07-23,,,,31.03,29.46,33.02,,,,14.86,13.31,16.53,,,,12.16,10.8,13.69,,,,3.52,2.19,4.75,,,,3.8,1.61,6.11,,,,1.81,-0.55,4.86,,,,29.63,28.16,31.05,,,,,,,
2026-07-24,,,,31.04,29.45,33.01,,,,14.87,13.33,16.53,,,,12.15,10.78,13.68,,,,3.52,2.18,4.75,,,,3.8,1.61,6.1,,,,1.81,-0.55,4.86,,,,29.62,28.14,31.03,29.5,17.5,9.5,3.0,4.0,2.0,28.0
2026-07-25,,,,31.05,29.43,33.0,,,,14.88,13.35,16.54,,,,12.14,10.77,13.65,,,,3.52,2.19,4.75,,,,3.8,1.62,6.11,,,,1.81,-0.54,4.85,,,,29.6,28.12,31.02,,,,,,,
2026-07-26,,,,31.06,29.42,33.01,,,,14.9,13.37,16.54,,,,12.12,10.75,13.63,,,,3.52,2.19,4.75,,,,3.79,1.62,6.13,,,,1.81,-0.54,4.85,,,,29.59,28.11,31.01,,,,,,,
2026-07-27,,,,31.07,29.41,32.99,,,,14.91,13.39,16.54,,,,12.11,10.74,13.61,,,,3.52,2.19,4.76,,,,3.79,1.63,6.14,,,,1.81,-0.54,4.84,,,,29.58,28.09,31.0,33.0,17.5,16.5,3.0,,,20.0
2026-07-28,,,,31.08,29.41,33.0,,,,14.92,13.4,16.55,,,,12.1,10.72,13.6,,,,3.51,2.19,4.76,,,,3.79,1.61,6.16,,,,1.81,-0.54,4.84,,,,29.57,28.07,30.97,,,,,,,
2026-07-29,,,,31.09,29.41,33.03,,,,14.93,13.43,16.55,,,,12.09,10.71,13.58,,,,3.51,2.19,4.76,,,,3.79,1.6,6.18,,,,1.81,-0.54,4.84,,,,29.55,28.06,30.95,33.0,15.0,11.5,3.5,,,30.5
2026-07-30,,,,31.1,29.41,33.06,,,,14.95,13.45,16.55,,,,12.08,10.7,13.57,,,,3.51,2.19,4.77,,,,3.78,1.58,6.2,,,,1.81,-0.54,4.83,,,,29.54,28.04,30.92,,,,,,,
2026-07-31,,,,31.11,29.4,33.08,,,,14.96,13.47,16.55,,,,12.07,10.69,13.56,,,,3.51,2.18,4.77,,,,3.78,1.57,6.18,,,,1.81,-0.54,4.82,,,,29.53,28.03,30.89,30.0,13.0,14.0,3.0,3.0,0.0,32.0
2026-08-01,,,,31.12,29.4,33.11,,,,14.97,13.48,16.56,,,,12.05,10.68,13.56,,,,3.51,2.18,4.77,,,,3.78,1.55,6.17,,,,1.81,-0.52,4.82,,,,29.52,28.01,30.88,,,,,,,
2026-08-02,,,,31.13,29.4,33.13,,,,14.98,13.49,16.56,,,,12.04,10.68,13.55,,,,3.51,2.18,4.77,,,,3.78,1.53,6.16,,,,1.81,-0.5,4.82,,,,29.51,28.0,30.87,,,,,,,
2026-08-03,,,,31.14,29.39,33.16,,,,14.99,13.5,16.57,,,,12.03,10.67,13.55,,,,3.5,2.18,4.78,,,,3.77,1.51,6.16,,,,1.8,-0.49,4.81,,,,29.5,27.98,30.86,,,,,,,
2026-08-04,,,,31.15,29.39,33.2,,,,15.01,13.51,16.58,,,,12.02,10.67,13.55,,,,3.5,2.18,4.78,,,,3.77,1.49,6.14,,,,1.8,-0.47,4.8,,,,29.5,27.98,30.86,,,,,,,
2026-08-05,,,,31.15,29.38,33.22,,,,15.02,13.51,16.6,,,,12.0,10.67,13.55,,,,3.5,2.18,4.78,,,,3.77,1.47,6.13,,,,1.8,-0.48,4.81,,,,29.49,27.96,30.85,,,,,,,
2026-08-06,,,,31.16,29.38,33.25,,,,15.03,13.52,16.6,,,,11.99,10.65,13.54,,,,3.5,2.17,4.78,,,,3.77,1.45,6.11,,,,1.8,-0.5,4.79,,,,29.48,27.94,30.85,,,,,,,
2026-08-07,,,,31.17,29.37,33.27,,,,15.04,13.53,16.61,,,,11.98,10.64,13.54,,,,3.5,2.17,4.79,,,,3.77,1.43,6.1,,,,1.8,-0.52,4.76,,,,29.47,27.92,30.84,27.0,18.0,14.0,3.0,,,31.0
2026-08-08,,,,31.17,29.37,33.3,,,,15.06,13.54,16.61,,,,11.97,10.63,13.54,,,,3.5,2.17,4.79,,,,3.76,1.42,6.08,,,,1.8,-0.54,4.74,,,,29.46,27.9,30.84,,,,,,,
2026-08-09,,,,31.18,29.37,33.32,,,,15.07,13.54,16.61,,,,11.95,10.61,13.53,,,,3.5,2.16,4.79,,,,3.76,1.4,6.07,,,,1.8,-0.56,4.72,,,,29.46,27.88,30.83,,,,,,,
2026-08-10,,,,31.19,29.38,33.35,,,,15.08,13.55,16.61,,,,11.94,10.6,13.53,,,,3.49,2.16,4.8,,,,3.76,1.37,6.05,,,,1.8,-0.56,4.69,,,,29.45,27.86,30.82,,,,,,,
2026-08-11,,,,31.19,29.39,33.38,,,,15.09,13.56,16.63,,,,11.93,10.6,13.52,,,,3.49,2.15,4.81,,,,3.76,1.35,6.03,,,,1.79,-0.57,4.68,,,,29.44,27.85,30.82,,,,,,,
2026-08-12,,,,31.19,29.4,33.4,,,,15.11,13.57,16.65,,,,11.91,10.56,13.5,,,,3.49,2.13,4.82,,,,3.75,1.35,6.02,,,,1.79,-0.57,4.65,,,,29.44,27.85,30.82,36.0,12.5,9.5,3.5,,,30.0
2026-08-13,,,,31.2,29.41,33.43,,,,15.12,13.58,16.67,,,,11.9,10.52,13.48,,,,3.49,2.11,4.82,,,,3.75,1.36,6.02,,,,1.79,-0.58,4.63,,,,29.43,27.85,30.82,28.0,16.0,12.0,2.0,5.0,1.0,31.0
2026-08-14,,,,31.2,29.42,33.45,,,,15.14,13.59,16.69,,,,11.88,10.48,13.46,,,,3.49,2.11,4.83,,,,3.75,1.37,6.02,,,,1.79,-0.6,4.63,,,,29.43,27.85,30.83,30.0,16.0,11.0,2.0,,,34.0
2026-08-15,,,,31.21,29.41,33.47,,,,15.15,13.6,16.71,,,,11.87,10.44,13.44,,,,3.49,2.11,4.84,,,,3.75,1.36,6.02,,,,1.79,-0.62,4.63,,,,29.42,27.85,30.83,,,,,,,
2026-08-16,,,,31.21,29.42,33.5,,,,15.17,13.61,16.73,,,,11.85,10.41,13.42,,,,3.49,2.11,4.85,,,,3.74,1.37,6.03,,,,1.78,-0.64,4.63,,,,29.42,27.84,30.83,,,,,,,
2026-08-17,,,,31.21,29.43,33.52,,,,15.18,13.63,16.75,,,,11.84,10.38,13.4,,,,3.48,2.1,4.86,,,,3.74,1.38,6.05,,,,1.78,-0.66,4.62,,,,29.42,27.84,30.84,,,,,,,
2026-08-18,,,,31.21,29.43,33.54,,,,15.2,13.65,16.77,,,,11.82,10.36,13.4,,,,3.48,2.09,4.86,,,,3.74,1.39,6.05,,,,1.78,-0.68,4.61,,,,29.41,27.83,30.84,23.7,18.7,10.3,3.3,3.0,1.7,28.3
2026-08-19,,,,31.21,29.44,33.57,,,,15.21,13.65,16.79,,,,11.81,10.36,13.38,,,,3.48,2.07,4.87,,,,3.73,1.39,6.06,,,,1.78,-0.7,4.61,,,,29.41,27.82,30.82,35.0,12.5,10.5,4.5,,,31.5
2026-08-20,,,,31.21,29.44,33.59,,,,15.23,13.66,16.81,,,,11.79,10.35,13.35,,,,3.48,2.05,4.88,,,,3.73,1.37,6.07,,,,1.77,-0.72,4.61,,,,29.41,27.81,30.82,,,,,,,
2026-08-21,,,,31.21,29.45,33.59,,,,15.25,13.67,16.83,,,,11.78,10.32,13.32,,,,3.48,2.03,4.89,,,,3.73,1.34,6.04,,,,1.77,-0.73,4.6,,,,29.41,27.8,30.82,,,,,,,
2026-08-22,,,,31.21,29.45,33.6,,,,15.27,13.68,16.86,,,,11.76,10.28,13.3,,,,3.48,2.01,4.9,,,,3.72,1.32,6.02,,,,1.77,-0.74,4.56,,,,29.4,27.8,30.83,,,,,,,
2026-08-23,,,,31.21,29.45,33.61,,,,15.28,13.7,16.87,,,,11.74,10.26,13.27,,,,3.48,1.99,4.91,,,,3.72,1.32,6.05,,,,1.76,-0.77,4.61,,,,29.4,27.79,30.83,,,,,,,
2026-08-24,,,,31.21,29.45,33.62,,,,15.3,13.71,16.9,,,,11.72,10.25,13.25,,,,3.48,1.97,4.92,,,,3.72,1.34,6.11,,,,1.76,-0.76,4.6,,,,29.4,27.79,30.84,,,,,,,
2026-08-25,,,,31.2,29.45,33.63,,,,15.32,13.71,16.92,,,,11.71,10.23,13.25,,,,3.48,1.95,4.92,,,,3.71,1.36,6.15,,,,1.76,-0.76,4.6,,,,29.4,27.78,30.85,,,,,,,
2026-08-26,,,,31.2,29.45,33.64,,,,15.34,13.71,16.94,,,,11.69,10.21,13.25,,,,3.48,1.93,4.94,,,,3.71,1.34,6.16,,,,1.75,-0.76,4.59,,,,29.41,27.78,30.86,33.0,13.0,8.5,6.5,,,32.5
2026-08-27,,,,31.2,29.44,33.65,,,,15.36,13.75,16.96,,,,11.67,10.2,13.24,,,,3.48,1.92,4.96,,,,3.71,1.31,6.19,,,,1.75,-0.76,4.58,,,,29.41,27.77,30.87,,,,,,,
2026-08-28,,,,31.19,29.42,33.65,,,,15.38,13.77,17.0,,,,11.65,10.18,13.21,,,,3.48,1.91,4.98,,,,3.7,1.28,6.21,,,,1.75,-0.78,4.57,,,,29.41,27.77,30.88,,,,,,,
2026-08-29,,,,31.18,29.41,33.66,,,,15.4,13.77,17.04,,,,11.63,10.17,13.18,,,,3.48,1.9,5.01,,,,3.7,1.25,6.22,,,,1.74,-0.8,4.56,,,,29.41,27.75,30.89,,,,,,,
2026-08-30,,,,31.18,29.38,33.67,,,,15.43,13.77,17.08,,,,11.62,10.15,13.15,,,,3.48,1.89,5.0,,,,3.69,1.22,6.24,,,,1.74,-0.82,4.56,,,,29.42,27.76,30.9,,,,,,,
2026-08-31,,,,31.17,29.38,33.67,,,,15.45,13.77,17.1,,,,11.6,10.13,13.13,,,,3.48,1.88,4.98,,,,3.69,1.19,6.26,,,,1.73,-0.83,4.55,,,,29.42,27.76,30.91,,,,,,,
2026-09-01,,,,31.16,29.4,33.67,,,,15.47,13.77,17.11,,,,11.58,10.12,13.12,,,,3.48,1.87,4.97,,,,3.68,1.15,6.28,,,,1.73,-0.83,4.54,,,,29.42,27.76,30.93,,,,,,,
2026-09-02,,,,31.15,29.41,33.66,,,,15.5,13.77,17.12,,,,11.56,10.12,13.11,,,,3.48,1.86,5.0,,,,3.68,1.12,6.3,,,,1.73,-0.84,4.53,,,,29.43,27.76,30.94,,,,,,,
2026-09-03,,,,31.14,29.38,33.62,,,,15.52,13.77,17.14,,,,11.54,10.12,13.11,,,,3.48,1.85,5.03,,,,3.67,1.08,6.31,,,,1.72,-0.84,4.52,,,,29.43,27.75,30.97,,,,,,,
2026-09-04,,,,31.13,29.33,33.58,,,,15.55,13.77,17.16,,,,11.52,10.1,13.1,,,,3.49,1.84,5.06,,,,3.67,1.04,6.32,,,,1.72,-0.85,4.51,,,,29.44,27.75,31.0,,,,,,,
2026-09-05,,,,31.12,29.27,33.58,,,,15.57,13.81,17.2,,,,11.51,10.08,13.09,,,,3.49,1.82,5.09,,,,3.66,0.98,6.34,,,,1.71,-0.86,4.5,,,,29.44,27.75,31.02,,,,,,,
2026-09-06,,,,31.11,29.21,33.62,,,,15.6,13.86,17.24,,,,11.49,10.05,13.07,,,,3.49,1.81,5.12,,,,3.66,0.92,6.36,,,,1.71,-0.86,4.49,,,,29.45,27.74,31.05,31.0,21.0,12.5,2.5,,,28.0
2026-09-07,,,,31.09,29.17,33.63,,,,15.63,13.9,17.27,,,,11.47,10.01,13.04,,,,3.49,1.82,5.13,,,,3.65,0.86,6.37,,,,1.7,-0.86,4.49,,,,29.46,27.74,31.09,,,,,,,
2026-09-08,,,,31.08,29.16,33.61,,,,15.66,13.95,17.29,,,,11.45,9.98,13.02,,,,3.49,1.83,5.12,,,,3.64,0.79,6.39,,,,1.7,-0.87,4.49,,,,29.46,27.74,31.11,,,,,,,
2026-09-09,,,,31.06,29.15,33.6,,,,15.69,13.98,17.34,,,,11.44,9.96,13.05,,,,3.5,1.83,5.11,,,,3.64,0.78,6.42,,,,1.69,-0.87,4.47,,,,29.47,27.73,31.12,28.5,19.5,11.0,3.5,,,32.0
2026-09-10,,,,31.05,29.14,33.6,,,,15.72,14.0,17.4,,,,11.42,9.94,13.01,,,,3.5,1.8,5.11,,,,3.63,0.78,6.43,,,,1.69,-0.87,4.45,,,,29.48,27.71,31.15,,,,,,,
2026-09-11,,,,31.03,29.13,33.65,,,,15.75,14.01,17.46,,,,11.4,9.92,12.97,,,,3.5,1.76,5.11,,,,3.62,0.75,6.46,,,,1.68,-0.88,4.43,,,,29.49,27.68,31.18,33.0,16.0,13.0,4.0,3.0,2.0,23.0