date,Positive (pre-2010 election),Positive (pre-2010 election) (low),Positive (pre-2010 election) (high),Positive (post-2010 election),Positive (post-2010 election) (low),Positive (post-2010 election) (high),Negative (pre-2010 election),Negative (pre-2010 election) (low),Negative (pre-2010 election) (high),Negative (post-2010 election),Negative (post-2010 election) (low),Negative (post-2010 election) (high),Positive (poll),Negative (poll)
2005-12-06,39.95,31.82,50.39,,,,17.35,16.6,18.28,,,,52.0,18.0
2005-12-07,39.88,31.87,50.18,,,,17.36,16.61,18.32,,,,,
2005-12-08,39.8,31.93,49.96,,,,17.38,16.65,18.37,,,,,
2005-12-09,39.73,31.97,49.72,,,,17.39,16.71,18.43,,,,,
2005-12-10,39.67,31.98,49.46,,,,17.41,16.73,18.49,,,,,
2005-12-11,39.61,32.0,49.2,,,,17.43,16.74,18.57,,,,,
2005-12-12,39.56,32.07,48.97,,,,17.45,16.75,18.64,,,,,
2005-12-13,39.51,32.15,48.77,,,,17.48,16.75,18.71,,,,,
2005-12-14,39.46,32.23,48.58,,,,17.5,16.76,18.78,,,,,
2005-12-15,39.42,32.28,48.39,,,,17.53,16.77,18.84,,,,,
2005-12-16,39.39,32.33,48.19,,,,17.55,16.78,18.91,,,,,
2005-12-17,39.35,32.38,48.05,,,,17.58,16.77,18.97,,,,,
2005-12-18,39.32,32.42,47.93,,,,17.61,16.78,19.01,,,,,
2005-12-19,39.29,32.46,47.82,,,,17.63,16.78,19.06,,,,,
2005-12-20,39.26,32.51,47.72,,,,17.66,16.79,19.11,,,,,
2005-12-21,39.24,32.55,47.72,,,,17.69,16.8,19.17,,,,,
2005-12-22,39.22,32.6,47.75,,,,17.72,16.82,19.23,,,,,
2005-12-23,39.2,32.65,47.8,,,,17.75,16.82,19.28,,,,,
2005-12-24,39.18,32.7,47.71,,,,17.78,16.81,19.33,,,,,
2005-12-25,39.16,32.74,47.56,,,,17.81,16.83,19.4,,,,,
2005-12-26,39.15,32.79,47.41,,,,17.83,16.84,19.43,,,,,
2005-12-27,39.14,32.84,47.28,,,,17.86,16.86,19.47,,,,,
2005-12-28,39.12,32.9,47.74,,,,17.89,16.89,19.59,,,,,
2005-12-29,39.11,32.95,47.63,,,,17.92,16.91,19.64,,,,,
2005-12-30,39.1,33.0,47.52,,,,17.95,16.92,19.69,,,,,
2005-12-31,39.09,33.06,47.42,,,,17.98,16.93,19.75,,,,,
2006-01-01,39.08,33.14,47.32,,,,18.01,16.95,19.8,,,,,
2006-01-02,39.07,33.22,47.27,,,,18.04,16.95,19.86,,,,,
2006-01-03,39.07,33.28,47.27,,,,18.07,16.95,19.91,,,,,
2006-01-04,39.06,33.32,47.26,,,,18.11,16.95,19.96,,,,,
2006-01-05,39.05,33.35,47.18,,,,18.14,16.96,20.02,,,,,
2006-01-06,39.05,33.38,47.07,,,,18.18,16.97,20.1,,,,,
2006-01-07,39.04,33.41,46.95,,,,18.22,16.99,20.19,,,,,
2006-01-08,39.03,33.31,46.83,,,,18.26,17.0,20.27,,,,,
2006-01-09,39.03,33.43,46.8,,,,18.3,17.02,20.28,,,,,
2006-01-10,39.02,33.51,46.66,,,,18.34,17.06,20.3,,,,,
2006-01-11,39.02,33.54,46.5,,,,18.38,17.12,20.35,,,,,
2006-01-12,39.01,33.57,46.4,,,,18.43,17.15,20.42,,,,,
2006-01-13,39.01,33.61,46.3,,,,18.48,17.17,20.48,,,,,
2006-01-14,39.0,33.63,46.21,,,,18.52,17.19,20.56,,,,,
2006-01-15,39.0,33.65,46.14,,,,18.57,17.23,20.64,,,,,
2006-01-16,38.99,33.71,46.07,,,,18.63,17.28,20.79,,,,,
2006-01-17,38.99,33.75,45.99,,,,18.68,17.33,20.96,,,,,
2006-01-18,38.98,33.78,46.04,,,,18.73,17.38,21.12,,,,,
2006-01-19,38.98,33.82,46.05,,,,18.79,17.44,21.29,,,,31.0,17.0
2006-01-20,38.97,33.85,45.93,,,,18.84,17.49,21.38,,,,,
2006-01-21,38.97,33.88,45.81,,,,18.9,17.51,21.48,,,,,
2006-01-22,38.96,33.92,45.69,,,,18.96,17.57,21.62,,,,,
2006-01-23,38.96,34.01,45.59,,,,19.02,17.6,21.79,,,,,
2006-01-24,38.95,34.09,45.52,,,,19.07,17.64,21.92,,,,,
2006-01-25,38.95,34.17,45.47,,,,19.13,17.67,22.02,,,,,
2006-01-26,38.95,34.26,45.46,,,,19.19,17.7,22.12,,,,,
2006-01-27,38.94,34.35,45.45,,,,19.25,17.74,22.24,,,,,
2006-01-28,38.93,34.4,45.43,,,,19.31,17.78,22.31,,,,,
2006-01-29,38.93,34.39,45.42,,,,19.37,17.82,22.4,,,,,
2006-01-30,38.92,34.39,45.4,,,,19.43,17.86,22.49,,,,,
2006-01-31,38.92,34.39,45.38,,,,19.5,17.93,22.56,,,,,
2006-02-01,38.91,34.38,45.38,,,,19.56,17.96,22.63,,,,,
2006-02-02,38.9,34.39,45.35,,,,19.62,17.98,22.69,,,,,
2006-02-03,38.9,34.4,45.25,,,,19.68,18.01,22.76,,,,,
2006-02-04,38.89,34.45,45.18,,,,19.74,18.07,22.82,,,,,
2006-02-05,38.88,34.41,45.16,,,,19.8,18.13,22.89,,,,,
2006-02-06,38.87,34.45,45.15,,,,19.87,18.15,22.95,,,,,
2006-02-07,38.86,34.48,45.13,,,,19.93,18.18,23.01,,,,,
2006-02-08,38.85,34.6,45.11,,,,19.99,18.22,23.07,,,,,
2006-02-09,38.84,34.73,45.07,,,,20.05,18.27,23.12,,,,,
2006-02-10,38.83,34.81,44.97,,,,20.12,18.31,23.22,,,,,
2006-02-11,38.82,34.79,44.94,,,,20.18,18.36,23.32,,,,,
2006-02-12,38.8,34.79,44.91,,,,20.24,18.43,23.41,,,,,
2006-02-13,38.79,34.77,44.87,,,,20.3,18.48,23.5,,,,,
2006-02-14,38.78,34.76,44.84,,,,20.36,18.51,23.57,,,,,
2006-02-15,38.77,34.74,44.81,,,,20.42,18.55,23.59,,,,,
2006-02-16,38.75,34.73,44.77,,,,20.48,18.59,23.62,,,,31.0,16.0
2006-02-17,38.74,34.73,44.74,,,,20.54,18.63,23.64,,,,,
2006-02-18,38.72,34.75,44.7,,,,20.6,18.66,23.7,,,,,
2006-02-19,38.71,34.77,44.67,,,,20.66,18.69,23.78,,,,,
2006-02-20,38.7,34.79,44.63,,,,20.71,18.73,23.85,,,,,
2006-02-21,38.68,34.75,44.59,,,,20.77,18.75,23.91,,,,,
2006-02-22,38.67,34.77,44.55,,,,20.83,18.78,23.98,,,,,
2006-02-23,38.65,34.71,44.47,,,,20.88,18.8,24.04,,,,,
2006-02-24,38.64,34.66,44.37,,,,20.94,18.82,24.06,,,,,
2006-02-25,38.62,34.61,44.26,,,,20.99,18.85,24.09,,,,,
2006-02-26,38.61,34.57,44.16,,,,21.05,18.92,24.12,,,,,
2006-02-27,38.59,34.55,44.1,,,,21.1,18.96,24.18,,,,,
2006-02-28,38.58,34.57,44.06,,,,21.16,18.99,24.23,,,,,
2006-03-01,38.56,34.61,44.02,,,,21.21,19.02,24.28,,,,,
2006-03-02,38.55,34.64,43.98,,,,21.26,19.05,24.34,,,,,
2006-03-03,38.53,34.67,43.94,,,,21.31,19.08,24.39,,,,,
2006-03-04,38.52,34.6,43.9,,,,21.37,19.11,24.44,,,,,
2006-03-05,38.5,34.53,43.86,,,,21.42,19.15,24.49,,,,,
2006-03-06,38.49,34.46,43.82,,,,21.47,19.18,24.54,,,,,
2006-03-07,38.47,34.42,43.78,,,,21.52,19.21,24.59,,,,,
2006-03-08,38.46,34.4,43.74,,,,21.57,19.25,24.63,,,,,
2006-03-09,38.45,34.38,43.7,,,,21.62,19.28,24.67,,,,,
2006-03-10,38.43,34.36,43.66,,,,21.67,19.32,24.71,,,,37.0,16.0
2006-03-11,38.42,34.34,43.64,,,,21.72,19.35,24.74,,,,,
2006-03-12,38.41,34.33,43.61,,,,21.77,19.38,24.78,,,,,
2006-03-13,38.4,34.28,43.58,,,,21.82,19.41,24.82,,,,,
2006-03-14,38.39,34.17,43.55,,,,21.86,19.45,24.85,,,,,
2006-03-15,38.38,34.17,43.52,,,,21.91,19.48,24.89,,,,,
2006-03-16,38.37,34.17,43.48,,,,21.96,19.52,24.93,,,,32.0,19.0
2006-03-17,38.36,34.17,43.46,,,,22.0,19.56,24.96,,,,55.0,22.0
2006-03-18,38.35,34.18,43.42,,,,22.05,19.6,25.0,,,,,
2006-03-19,38.35,34.19,43.4,,,,22.09,19.64,25.03,,,,,
2006-03-20,38.34,34.19,43.39,,,,22.14,19.68,25.06,,,,,
2006-03-21,38.34,34.18,43.34,,,,22.18,19.72,25.1,,,,,
2006-03-22,38.33,34.17,43.3,,,,22.22,19.77,25.13,,,,,
2006-03-23,38.33,34.15,43.26,,,,22.27,19.81,25.16,,,,,
2006-03-24,38.33,34.14,43.21,,,,22.31,19.85,25.2,,,,,
2006-03-25,38.33,34.12,43.17,,,,22.35,19.91,25.23,,,,,
2006-03-26,38.33,34.11,43.13,,,,22.39,19.99,25.26,,,,,
2006-03-27,38.33,34.1,43.1,,,,22.44,20.03,25.29,,,,38.0,24.0
2006-03-28,38.33,34.08,43.06,,,,22.48,20.07,25.33,,,,,
2006-03-29,38.33,34.08,43.02,,,,22.52,20.11,25.36,,,,,
2006-03-30,38.33,34.06,43.0,,,,22.56,20.15,25.39,,,,,
2006-03-31,38.33,34.05,43.05,,,,22.61,20.19,25.42,,,,,
2006-04-01,38.33,34.04,43.09,,,,22.65,20.23,25.46,,,,,
2006-04-02,38.33,34.02,43.15,,,,22.7,20.27,25.49,,,,,
2006-04-03,38.33,34.0,43.19,,,,22.74,20.31,25.52,,,,,
2006-04-04,38.33,33.99,43.24,,,,22.79,20.35,25.56,,,,,
2006-04-05,38.33,33.97,43.24,,,,22.83,20.39,25.59,,,,,
2006-04-06,38.33,33.97,43.23,,,,22.88,20.43,25.63,,,,,
2006-04-07,38.33,33.95,43.21,,,,22.93,20.5,25.67,,,,,
2006-04-08,38.33,33.93,43.19,,,,22.98,20.61,25.7,,,,,
2006-04-09,38.32,33.92,43.17,,,,23.03,20.69,25.74,,,,,
2006-04-10,38.32,33.93,43.15,,,,23.09,20.74,25.77,,,,,
2006-04-11,38.31,33.94,43.13,,,,23.14,20.79,25.8,,,,,
2006-04-12,38.31,33.95,43.09,,,,23.2,20.84,25.83,,,,,
2006-04-13,38.3,33.96,43.07,,,,23.25,20.91,25.87,,,,,
2006-04-14,38.29,33.97,43.05,,,,23.31,20.97,25.94,,,,,
2006-04-15,38.28,33.98,43.02,,,,23.37,21.03,25.99,,,,,
2006-04-16,38.27,34.0,43.0,,,,23.43,21.09,26.03,,,,,
2006-04-17,38.26,34.01,42.97,,,,23.49,21.16,26.07,,,,,
2006-04-18,38.25,34.02,42.94,,,,23.55,21.22,26.1,,,,,
2006-04-19,38.24,34.02,42.86,,,,23.61,21.29,26.15,,,,,
2006-04-20,38.23,34.05,42.8,,,,23.68,21.36,26.2,,,,,
2006-04-21,38.22,34.05,42.83,,,,23.74,21.42,26.26,,,,,
2006-04-22,38.2,34.06,42.84,,,,23.81,21.47,26.31,,,,,
2006-04-23,38.19,34.08,42.82,,,,23.87,21.52,26.35,,,,,
2006-04-24,38.17,34.07,42.8,,,,23.94,21.61,26.4,,,,,
2006-04-25,38.16,34.05,42.77,,,,24.01,21.72,26.46,,,,,
2006-04-26,38.14,34.03,42.76,,,,24.08,21.78,26.5,,,,,
2006-04-27,38.12,34.02,42.78,,,,24.15,21.86,26.55,,,,40.0,29.0
2006-04-28,38.11,34.0,42.7,,,,24.22,21.94,26.6,,,,,
2006-04-29,38.09,33.98,42.68,,,,24.29,22.01,26.65,,,,,
2006-04-30,38.07,33.97,42.65,,,,24.36,22.09,26.71,,,,,
2006-05-01,38.05,33.96,42.62,,,,24.43,22.17,26.74,,,,,
2006-05-02,38.02,33.94,42.6,,,,24.5,22.25,26.76,,,,,
2006-05-03,38.0,33.93,42.57,,,,24.58,22.33,26.78,,,,,
2006-05-04,37.98,33.94,42.56,,,,24.65,22.38,26.8,,,,,
2006-05-05,37.96,33.95,42.62,,,,24.72,22.44,26.87,,,,,
2006-05-06,37.93,33.96,42.66,,,,24.8,22.5,26.93,,,,,
2006-05-07,37.91,33.97,42.57,,,,24.87,22.56,26.97,,,,,
2006-05-08,37.88,33.97,42.46,,,,24.95,22.66,27.0,,,,43.0,23.0
2006-05-09,37.85,33.94,42.35,,,,25.02,22.7,27.05,,,,,
2006-05-10,37.83,33.91,42.23,,,,25.09,22.83,27.17,,,,,
2006-05-11,37.8,33.89,42.11,,,,25.17,22.93,27.29,,,,,
2006-05-12,37.76,33.85,42.04,,,,25.24,22.96,27.35,,,,,
2006-05-13,37.73,33.82,42.08,,,,25.32,23.03,27.4,,,,,
2006-05-14,37.7,33.79,42.11,,,,25.4,23.13,27.45,,,,,
2006-05-15,37.66,33.76,42.13,,,,25.47,23.23,27.52,,,,,
2006-05-16,37.63,33.73,42.15,,,,25.55,23.32,27.57,,,,,
2006-05-17,37.59,33.72,42.11,,,,25.62,23.42,27.62,,,,,
2006-05-18,37.55,33.72,42.07,,,,25.7,23.49,27.68,,,,,
2006-05-19,37.51,33.72,42.02,,,,25.78,23.55,27.73,,,,,
2006-05-20,37.47,33.72,41.97,,,,25.85,23.62,27.78,,,,,
2006-05-21,37.43,33.72,41.97,,,,25.93,23.68,27.84,,,,,
2006-05-22,37.39,33.71,41.97,,,,26.01,23.75,27.89,,,,,
2006-05-23,37.35,33.71,41.95,,,,26.08,23.82,27.94,,,,,
2006-05-24,37.3,33.7,41.94,,,,26.16,23.89,27.99,,,,,
2006-05-25,37.25,33.7,41.94,,,,26.24,23.96,28.05,,,,33.0,27.0
2006-05-26,37.2,33.68,41.93,,,,26.32,24.02,28.11,,,,,
2006-05-27,37.16,33.67,41.91,,,,26.39,24.09,28.18,,,,,
2006-05-28,37.11,33.61,41.87,,,,26.47,24.17,28.24,,,,,
2006-05-29,37.05,33.54,41.8,,,,26.55,24.25,28.31,,,,,
2006-05-30,37.0,33.52,41.74,,,,26.62,24.32,28.36,,,,,
2006-05-31,36.95,33.51,41.67,,,,26.7,24.39,28.44,,,,,
2006-06-01,36.9,33.5,41.6,,,,26.78,24.48,28.54,,,,,
2006-06-02,36.84,33.48,41.53,,,,26.85,24.59,28.61,,,,,
2006-06-03,36.79,33.45,41.45,,,,26.93,24.71,28.66,,,,,
2006-06-04,36.74,33.41,41.37,,,,27.0,24.82,28.71,,,,,
2006-06-05,36.68,33.38,41.29,,,,27.08,24.91,28.76,,,,,
2006-06-06,36.63,33.34,41.21,,,,27.15,25.0,28.81,,,,,
2006-06-07,36.57,33.31,41.18,,,,27.23,25.1,28.86,,,,,
2006-06-08,36.51,33.3,41.11,,,,27.3,25.19,28.91,,,,,
2006-06-09,36.46,33.27,40.99,,,,27.37,25.27,28.96,,,,,
2006-06-10,36.4,33.28,40.87,,,,27.44,25.36,29.0,,,,,
2006-06-11,36.35,33.25,40.77,,,,27.52,25.44,29.04,,,,,
2006-06-12,36.29,33.22,40.67,,,,27.59,25.52,29.09,,,,,
2006-06-13,36.24,33.19,40.63,,,,27.65,25.58,29.15,,,,,
2006-06-14,36.19,33.13,40.58,,,,27.72,25.63,29.2,,,,,
2006-06-15,36.13,33.03,40.54,,,,27.79,25.69,29.27,,,,,
2006-06-16,36.08,32.95,40.43,,,,27.86,25.76,29.32,,,,,
2006-06-17,36.03,32.89,40.31,,,,27.92,25.83,29.4,,,,,
2006-06-18,35.98,32.92,40.18,,,,27.99,25.89,29.47,,,,,
2006-06-19,35.93,32.94,40.05,,,,28.05,25.96,29.54,,,,,
2006-06-20,35.88,32.95,39.93,,,,28.11,26.1,29.6,,,,32.0,28.0
2006-06-21,35.83,32.91,39.86,,,,28.17,26.22,29.66,,,,,
2006-06-22,35.79,32.87,39.82,,,,28.23,26.3,29.73,,,,,
2006-06-23,35.74,32.83,39.69,,,,28.29,26.38,29.79,,,,,
2006-06-24,35.7,32.79,39.59,,,,28.35,26.51,29.85,,,,,
2006-06-25,35.65,32.76,39.68,,,,28.4,26.59,29.92,,,,,
2006-06-26,35.61,32.73,39.7,,,,28.45,26.64,29.96,,,,,
2006-06-27,35.57,32.7,39.64,,,,28.51,26.68,30.02,,,,,
2006-06-28,35.53,32.66,39.63,,,,28.56,26.73,30.04,,,,,
2006-06-29,35.49,32.63,39.6,,,,28.6,26.76,30.09,,,,,
2006-06-30,35.46,32.61,39.51,,,,28.65,26.77,30.16,,,,,
2006-07-01,35.42,32.65,39.49,,,,28.69,26.82,30.22,,,,,
2006-07-02,35.38,32.64,39.51,,,,28.74,26.89,30.27,,,,,
2006-07-03,35.35,32.62,39.54,,,,28.78,26.96,30.32,,,,,
2006-07-04,35.32,32.58,39.48,,,,28.81,27.03,30.36,,,,,
2006-07-05,35.29,32.49,39.39,,,,28.85,27.1,30.39,,,,,
2006-07-06,35.26,32.46,39.36,,,,28.89,27.15,30.43,,,,,
2006-07-07,35.23,32.46,39.34,,,,28.92,27.2,30.45,,,,,
2006-07-08,35.2,32.45,39.39,,,,28.95,27.26,30.47,,,,,
2006-07-09,35.18,32.44,39.32,,,,28.99,27.31,30.47,,,,,
2006-07-10,35.15,32.44,39.2,,,,29.02,27.35,30.49,,,,,
2006-07-11,35.13,32.44,39.16,,,,29.05,27.37,30.52,,,,,
2006-07-12,35.1,32.43,39.13,,,,29.08,27.39,30.55,,,,,
2006-07-13,35.08,32.42,39.09,,,,29.11,27.43,30.57,,,,,
2006-07-14,35.06,32.41,38.99,,,,29.14,27.47,30.61,,,,,
2006-07-15,35.04,32.41,38.88,,,,29.17,27.5,30.65,,,,,
2006-07-16,35.01,32.37,38.92,,,,29.2,27.54,30.68,,,,,
2006-07-17,34.99,32.33,38.93,,,,29.23,27.57,30.73,,,,,
2006-07-18,34.97,32.29,38.91,,,,29.26,27.6,30.76,,,,,
2006-07-19,34.94,32.27,38.87,,,,29.29,27.64,30.78,,,,,
2006-07-20,34.92,32.29,38.83,,,,29.32,27.68,30.79,,,,29.0,31.0
2006-07-21,34.89,32.24,38.79,,,,29.35,27.72,30.83,,,,,
2006-07-22,34.87,32.22,38.75,,,,29.38,27.76,30.86,,,,,
2006-07-23,34.84,32.17,38.71,,,,29.41,27.77,30.89,,,,,
2006-07-24,34.82,32.13,38.68,,,,29.44,27.79,30.92,,,,35.0,33.0
2006-07-25,34.79,32.09,38.63,,,,29.47,27.82,30.94,,,,,
2006-07-26,34.76,32.04,38.63,,,,29.5,27.85,30.96,,,,,
2006-07-27,34.73,31.99,38.68,,,,29.53,27.88,30.98,,,,,
2006-07-28,34.71,31.99,38.73,,,,29.56,27.92,31.0,,,,,
2006-07-29,34.68,31.96,38.77,,,,29.59,27.95,31.01,,,,,
2006-07-30,34.65,31.92,38.82,,,,29.63,27.99,31.02,,,,,
2006-07-31,34.62,31.89,38.86,,,,29.66,28.03,31.04,,,,,
2006-08-01,34.59,31.87,38.9,,,,29.69,28.06,31.07,,,,,
2006-08-02,34.56,31.84,38.94,,,,29.72,28.1,31.09,,,,,
2006-08-03,34.53,31.86,38.98,,,,29.75,28.14,31.11,,,,,
2006-08-04,34.5,31.79,39.01,,,,29.78,28.19,31.14,,,,,
2006-08-05,34.48,31.73,39.05,,,,29.82,28.23,31.16,,,,,
2006-08-06,34.45,31.62,39.09,,,,29.85,28.28,31.19,,,,,
2006-08-07,34.42,31.54,39.07,,,,29.88,28.32,31.21,,,,,
2006-08-08,34.39,31.4,38.97,,,,29.91,28.37,31.24,,,,,
2006-08-09,34.37,31.32,39.02,,,,29.94,28.37,31.28,,,,,
2006-08-10,34.34,31.28,39.09,,,,29.97,28.4,31.31,,,,,
2006-08-11,34.32,31.17,39.1,,,,30.0,28.43,31.35,,,,,
2006-08-12,34.29,31.06,39.08,,,,30.02,28.46,31.39,,,,,
2006-08-13,34.27,30.96,39.06,,,,30.05,28.48,31.43,,,,,
2006-08-14,34.24,30.93,39.05,,,,30.08,28.49,31.47,,,,,
2006-08-15,34.22,30.86,39.02,,,,30.1,28.51,31.48,,,,,
2006-08-16,34.2,30.8,39.0,,,,30.13,28.53,31.52,,,,,
2006-08-17,34.18,30.72,38.97,,,,30.16,28.54,31.57,,,,,
2006-08-18,34.16,30.65,38.95,,,,30.18,28.56,31.61,,,,,
2006-08-19,34.13,30.59,38.97,,,,30.2,28.6,31.64,,,,,
2006-08-20,34.11,30.53,39.05,,,,30.23,28.63,31.68,,,,,
2006-08-21,34.1,30.48,39.15,,,,30.25,28.67,31.72,,,,,
2006-08-22,34.08,30.43,39.22,,,,30.27,28.7,31.76,,,,,
2006-08-23,34.06,30.35,39.19,,,,30.29,28.72,31.79,,,,,
2006-08-24,34.04,30.28,39.16,,,,30.31,28.74,31.83,,,,,
2006-08-25,34.02,30.21,39.13,,,,30.33,28.76,31.85,,,,,
2006-08-26,34.0,30.15,39.08,,,,30.35,28.78,31.87,,,,,
2006-08-27,33.98,30.09,39.05,,,,30.37,28.8,31.88,,,,,
2006-08-28,33.96,30.04,39.01,,,,30.39,28.82,31.89,,,,,
2006-08-29,33.95,29.99,38.98,,,,30.4,28.84,31.91,,,,,
2006-08-30,33.93,29.95,38.93,,,,30.42,28.87,31.93,,,,,
2006-08-31,33.91,29.91,38.86,,,,30.43,28.89,31.95,,,,30.0,28.0
2006-09-01,33.89,29.87,38.8,,,,30.45,28.91,31.96,,,,,
2006-09-02,33.87,29.87,38.74,,,,30.46,28.91,31.98,,,,,
2006-09-03,33.85,29.85,38.69,,,,30.48,28.91,31.99,,,,,
2006-09-04,33.83,29.78,38.67,,,,30.49,28.92,32.01,,,,,
2006-09-05,33.81,29.75,38.7,,,,30.5,28.94,32.02,,,,,
2006-09-06,33.79,29.71,38.7,,,,30.51,28.95,32.04,,,,,
2006-09-07,33.77,29.7,38.67,,,,30.53,28.97,32.05,,,,,
2006-09-08,33.75,29.66,38.64,,,,30.54,28.98,32.06,,,,,
2006-09-09,33.73,29.61,38.61,,,,30.55,29.0,32.07,,,,,
2006-09-10,33.71,29.59,38.57,,,,30.56,29.01,32.09,,,,,
2006-09-11,33.69,29.59,38.55,,,,30.57,29.02,32.1,,,,,
2006-09-12,33.67,29.56,38.51,,,,30.58,29.04,32.11,,,,,
2006-09-13,33.65,29.53,38.48,,,,30.59,29.05,32.13,,,,,
2006-09-14,33.63,29.51,38.45,,,,30.6,29.07,32.14,,,,,
2006-09-15,33.61,29.49,38.43,,,,30.61,29.08,32.16,,,,,
2006-09-16,33.59,29.46,38.47,,,,30.62,29.1,32.19,,,,,
2006-09-17,33.57,29.44,38.51,,,,30.63,29.11,32.21,,,,,
2006-09-18,33.56,29.42,38.55,,,,30.64,29.13,32.23,,,,,
2006-09-19,33.54,29.39,38.6,,,,30.64,29.14,32.25,,,,,
2006-09-20,33.52,29.36,38.64,,,,30.65,29.15,32.26,,,,,
2006-09-21,33.5,29.33,38.68,,,,30.66,29.17,32.26,,,,49.0,33.0
2006-09-22,33.48,29.3,38.71,,,,30.67,29.18,32.26,,,,,
2006-09-23,33.47,29.27,38.68,,,,30.67,29.2,32.26,,,,,
2006-09-24,33.45,29.25,38.66,,,,30.68,29.21,32.31,,,,,
2006-09-25,33.43,29.22,38.63,,,,30.69,29.22,32.34,,,,,
2006-09-26,33.42,29.2,38.61,,,,30.69,29.23,32.35,,,,,
2006-09-27,33.4,29.17,38.59,,,,30.7,29.23,32.37,,,,35.0,27.0
2006-09-28,33.39,29.14,38.56,,,,30.71,29.23,32.38,,,,,
2006-09-29,33.37,29.11,38.54,,,,30.72,29.24,32.39,,,,,
2006-09-30,33.36,29.06,38.51,,,,30.72,29.23,32.41,,,,,
2006-10-01,33.35,29.01,38.48,,,,30.73,29.22,32.43,,,,,
2006-10-02,33.33,29.02,38.46,,,,30.74,29.22,32.43,,,,,
2006-10-03,33.32,29.02,38.45,,,,30.74,29.23,32.45,,,,,
2006-10-04,33.31,29.0,38.46,,,,30.75,29.24,32.47,,,,,
2006-10-05,33.3,28.98,38.48,,,,30.76,29.25,32.49,,,,,
2006-10-06,33.28,28.96,38.49,,,,30.77,29.25,32.51,,,,,
2006-10-07,33.27,28.94,38.5,,,,30.78,29.26,32.52,,,,,
2006-10-08,33.26,28.92,38.52,,,,30.79,29.26,32.53,,,,,
2006-10-09,33.25,28.91,38.54,,,,30.8,29.26,32.54,,,,,
2006-10-10,33.24,28.9,38.6,,,,30.8,29.26,32.55,,,,,
2006-10-11,33.24,28.88,38.61,,,,30.81,29.26,32.56,,,,,
2006-10-12,33.23,28.87,38.6,,,,30.82,29.26,32.56,,,,31.0,32.0
2006-10-13,33.22,28.87,38.63,,,,30.83,29.27,32.56,,,,,
2006-10-14,33.21,28.86,38.64,,,,30.85,29.27,32.56,,,,,
2006-10-15,33.2,28.85,38.66,,,,30.86,29.27,32.56,,,,,
2006-10-16,33.2,28.85,38.71,,,,30.87,29.26,32.56,,,,,
2006-10-17,33.19,28.85,38.74,,,,30.88,29.27,32.56,,,,,
2006-10-18,33.18,28.83,38.71,,,,30.89,29.27,32.54,,,,,
2006-10-19,33.17,28.82,38.69,,,,30.9,29.24,32.55,,,,,
2006-10-20,33.17,28.84,38.75,,,,30.92,29.25,32.57,,,,,
2006-10-21,33.16,28.85,38.78,,,,30.93,29.26,32.59,,,,,
2006-10-22,33.16,28.86,38.81,,,,30.95,29.26,32.58,,,,,
2006-10-23,33.15,28.87,38.83,,,,30.96,29.26,32.61,,,,,
2006-10-24,33.14,28.87,38.84,,,,30.97,29.25,32.61,,,,,
2006-10-25,33.14,28.88,38.86,,,,30.99,29.25,32.61,,,,,
2006-10-26,33.13,28.88,38.86,,,,31.01,29.25,32.6,,,,,
2006-10-27,33.12,28.89,38.87,,,,31.02,29.27,32.6,,,,,
2006-10-28,33.12,28.91,38.88,,,,31.04,29.29,32.59,,,,,
2006-10-29,33.11,28.92,38.89,,,,31.06,29.31,32.59,,,,,
2006-10-30,33.1,28.91,38.9,,,,31.07,29.3,32.61,,,,,
2006-10-31,33.09,28.85,38.89,,,,31.09,29.29,32.66,,,,,
2006-11-01,33.08,28.81,38.9,,,,31.11,29.28,32.7,,,,,
2006-11-02,33.08,28.85,38.89,,,,31.13,29.28,32.7,,,,,
2006-11-03,33.07,28.93,38.84,,,,31.15,29.28,32.71,,,,,
2006-11-04,33.06,28.99,38.8,,,,31.17,29.33,32.71,,,,,
2006-11-05,33.04,28.99,38.76,,,,31.19,29.37,32.71,,,,,
2006-11-06,33.03,28.97,38.71,,,,31.21,29.38,32.77,,,,,
2006-11-07,33.02,28.95,38.65,,,,31.23,29.41,32.8,,,,,
2006-11-08,33.01,28.93,38.61,,,,31.25,29.42,32.82,,,,,
2006-11-09,32.99,28.93,38.62,,,,31.27,29.44,32.84,,,,25.0,31.0
2006-11-10,32.98,28.95,38.64,,,,31.29,29.44,32.87,,,,,
2006-11-11,32.96,28.96,38.65,,,,31.31,29.44,32.89,,,,,
2006-11-12,32.95,28.98,38.6,,,,31.33,29.46,32.91,,,,,
2006-11-13,32.93,28.99,38.54,,,,31.35,29.5,32.94,,,,,
2006-11-14,32.91,28.99,38.53,,,,31.37,29.52,32.96,,,,,
2006-11-15,32.9,28.96,38.51,,,,31.39,29.55,33.0,,,,,
2006-11-16,32.88,28.94,38.48,,,,31.42,29.57,33.03,,,,,
2006-11-17,32.86,28.92,38.46,,,,31.44,29.58,33.06,,,,,
2006-11-18,32.84,28.9,38.44,,,,31.46,29.6,33.1,,,,,
2006-11-19,32.82,28.88,38.41,,,,31.48,29.62,33.13,,,,,
2006-11-20,32.8,28.87,38.38,,,,31.51,29.65,33.17,,,,,
2006-11-21,32.78,28.85,38.42,,,,31.53,29.67,33.2,,,,,
2006-11-22,32.76,28.88,38.46,,,,31.55,29.69,33.24,,,,,
2006-11-23,32.74,28.91,38.49,,,,31.58,29.71,33.27,,,,,
2006-11-24,32.72,28.95,38.42,,,,31.6,29.73,33.3,,,,,
2006-11-25,32.71,28.97,38.35,,,,31.63,29.76,33.33,,,,,
2006-11-26,32.69,28.96,38.27,,,,31.65,29.78,33.36,,,,,
2006-11-27,32.67,28.95,38.2,,,,31.68,29.78,33.4,,,,,
2006-11-28,32.66,28.94,38.42,,,,31.71,29.78,33.42,,,,,
2006-11-29,32.65,28.93,38.42,,,,31.73,29.78,33.46,,,,,
2006-11-30,32.64,28.93,38.43,,,,31.76,29.79,33.49,,,,,
2006-12-01,32.62,28.93,38.46,,,,31.79,29.79,33.52,,,,,
2006-12-02,32.62,28.93,38.47,,,,31.82,29.79,33.54,,,,,
2006-12-03,32.61,28.93,38.5,,,,31.85,29.88,33.58,,,,,
2006-12-04,32.6,28.94,38.52,,,,31.88,29.91,33.61,,,,,
2006-12-05,32.6,28.95,38.55,,,,31.91,29.92,33.67,,,,,
2006-12-06,32.59,28.97,38.59,,,,31.94,29.93,33.73,,,,,
2006-12-07,32.59,28.99,38.65,,,,31.97,29.94,33.81,,,,28.0,33.0
2006-12-08,32.59,29.09,38.69,,,,32.01,29.95,33.88,,,,,
2006-12-09,32.6,29.06,38.58,,,,32.04,29.97,33.96,,,,,
2006-12-10,32.61,29.05,38.47,,,,32.07,29.98,34.03,,,,,
2006-12-11,32.62,29.07,38.77,,,,32.11,30.0,34.11,,,,,
2006-12-12,32.63,29.12,38.8,,,,32.14,30.05,34.18,,,,,
2006-12-13,32.65,29.16,38.8,,,,32.17,30.11,34.22,,,,,
2006-12-14,32.67,29.18,38.81,,,,32.21,30.2,34.26,,,,,
2006-12-15,32.7,29.2,38.82,,,,32.24,30.3,34.32,,,,,
2006-12-16,32.73,29.26,38.86,,,,32.28,30.37,34.39,,,,,
2006-12-17,32.76,29.21,39.09,,,,32.31,30.4,34.45,,,,,
2006-12-18,32.8,29.15,39.34,,,,32.35,30.45,34.51,,,,,
2006-12-19,32.85,29.09,39.57,,,,32.38,30.46,34.56,,,,,
2006-12-20,32.9,29.09,39.82,,,,32.41,30.49,34.61,,,,,
2006-12-21,32.96,29.05,40.06,,,,32.45,30.52,34.66,,,,,
2006-12-22,33.02,29.06,40.2,,,,32.48,30.54,34.71,,,,,
2006-12-23,33.09,29.18,40.19,,,,32.51,30.54,34.75,,,,,
2006-12-24,33.16,29.3,40.16,,,,32.55,30.57,34.79,,,,,
2006-12-25,33.24,29.35,40.12,,,,32.58,30.56,34.83,,,,,
2006-12-26,33.32,29.38,40.09,,,,32.61,30.54,34.87,,,,,
2006-12-27,33.41,29.45,40.05,,,,32.64,30.52,34.9,,,,,
2006-12-28,33.5,29.48,40.02,,,,32.68,30.5,34.91,,,,,
2006-12-29,33.6,29.53,39.98,,,,32.71,30.51,34.9,,,,,
2006-12-30,33.7,29.59,39.95,,,,32.74,30.55,34.88,,,,,
2006-12-31,33.81,29.65,40.07,,,,32.77,30.57,34.88,,,,,
2007-01-01,33.92,29.72,40.46,,,,32.8,30.57,34.93,,,,,
2007-01-02,34.04,29.8,40.51,,,,32.83,30.57,34.99,,,,,
2007-01-03,34.16,29.88,40.86,,,,32.86,30.6,34.99,,,,,
2007-01-04,34.29,29.97,41.23,,,,32.89,30.63,35.03,,,,,
2007-01-05,34.42,30.05,41.58,,,,32.91,30.67,35.07,,,,,
2007-01-06,34.55,30.14,41.94,,,,32.94,30.7,35.11,,,,,
2007-01-07,34.69,30.23,42.28,,,,32.97,30.73,35.15,,,,,
2007-01-08,34.82,30.34,42.63,,,,32.99,30.76,35.18,,,,,
2007-01-09,34.97,30.43,42.97,,,,33.02,30.77,35.22,,,,,
2007-01-10,35.11,30.46,43.32,,,,33.04,30.77,35.25,,,,,
2007-01-11,35.26,30.48,43.66,,,,33.06,30.82,35.28,,,,,
2007-01-12,35.4,30.51,43.93,,,,33.08,30.87,35.3,,,,,
2007-01-13,35.55,30.54,44.02,,,,33.1,30.89,35.31,,,,,
2007-01-14,35.7,30.57,44.06,,,,33.12,30.89,35.32,,,,,
2007-01-15,35.85,30.61,44.09,,,,33.14,30.89,35.36,,,,,
2007-01-16,35.99,30.65,44.12,,,,33.16,30.89,35.39,,,,,
2007-01-17,36.14,30.71,44.14,,,,33.18,30.89,35.42,,,,,
2007-01-18,36.29,30.75,44.14,,,,33.19,30.89,35.47,,,,,
2007-01-19,36.43,30.81,44.19,,,,33.21,30.89,35.52,,,,28.0,37.0
2007-01-20,36.58,30.85,44.42,,,,33.22,30.88,35.54,,,,,
2007-01-21,36.72,30.88,44.63,,,,33.23,30.87,35.57,,,,,
2007-01-22,36.86,30.9,44.83,,,,33.24,30.86,35.59,,,,42.0,29.0
2007-01-23,36.99,30.93,45.03,,,,33.25,30.86,35.59,,,,,
2007-01-24,37.12,30.95,45.21,,,,33.27,30.85,35.6,,,,,
2007-01-25,37.25,30.97,45.39,,,,33.28,30.84,35.62,,,,,
2007-01-26,37.38,30.99,45.56,,,,33.28,30.84,35.64,,,,,
2007-01-27,37.5,31.02,45.73,,,,33.29,30.84,35.66,,,,,
2007-01-28,37.62,31.05,45.89,,,,33.3,30.86,35.66,,,,,
2007-01-29,37.74,31.08,46.05,,,,33.31,30.88,35.66,,,,,
2007-01-30,37.85,31.16,46.26,,,,33.32,30.9,35.69,,,,,
2007-01-31,37.96,31.26,46.29,,,,33.32,30.92,35.73,,,,,
2007-02-01,38.06,31.29,46.41,,,,33.33,30.95,35.75,,,,,
2007-02-02,38.16,31.32,46.53,,,,33.34,30.96,35.76,,,,,
2007-02-03,38.26,31.34,46.71,,,,33.34,30.97,35.78,,,,,
2007-02-04,38.35,31.36,46.92,,,,33.35,30.98,35.79,,,,,
2007-02-05,38.44,31.38,47.12,,,,33.35,31.0,35.81,,,,,
2007-02-06,38.53,31.4,47.19,,,,33.36,31.02,35.82,,,,,
2007-02-07,38.61,31.43,47.21,,,,33.36,31.03,35.81,,,,,
2007-02-08,38.69,31.45,47.21,,,,33.37,31.03,35.81,,,,,
2007-02-09,38.76,31.46,47.23,,,,33.37,31.04,35.8,,,,,
2007-02-10,38.84,31.49,47.24,,,,33.37,31.04,35.79,,,,,
2007-02-11,38.91,31.54,47.28,,,,33.38,31.04,35.83,,,,,
2007-02-12,38.97,31.59,47.29,,,,33.38,31.04,35.86,,,,,
2007-02-13,39.03,31.62,47.31,,,,33.38,31.05,35.85,,,,,
2007-02-14,39.09,31.67,47.33,,,,33.38,31.06,35.83,,,,,
2007-02-15,39.15,31.71,47.35,,,,33.39,31.06,35.82,,,,,
2007-02-16,39.2,31.74,47.36,,,,33.39,31.07,35.84,,,,,
2007-02-17,39.26,31.78,47.38,,,,33.39,31.07,35.9,,,,,
2007-02-18,39.3,31.81,47.37,,,,33.39,31.08,35.9,,,,,
2007-02-19,39.35,31.84,47.35,,,,33.39,31.08,35.9,,,,,
2007-02-20,39.39,31.86,47.38,,,,33.39,31.09,35.9,,,,,
2007-02-21,39.42,31.86,47.39,,,,33.39,31.09,35.9,,,,,
2007-02-22,39.45,31.85,47.37,,,,33.39,31.1,35.9,,,,,
2007-02-23,39.48,31.84,47.35,,,,33.39,31.1,35.9,,,,,
2007-02-24,39.51,31.83,47.32,,,,33.39,31.11,35.9,,,,,
2007-02-25,39.53,31.82,47.07,,,,33.39,31.14,35.89,,,,,
2007-02-26,39.55,31.82,46.94,,,,33.39,31.15,35.89,,,,,
2007-02-27,39.56,31.81,46.98,,,,33.39,31.15,35.89,,,,,
2007-02-28,39.57,31.79,47.0,,,,33.38,31.16,35.89,,,,,
2007-03-01,39.58,31.78,47.02,,,,33.38,31.17,35.88,,,,,
2007-03-02,39.59,31.76,46.95,,,,33.38,31.18,35.88,,,,,
2007-03-03,39.59,31.76,46.88,,,,33.38,31.19,35.87,,,,,
2007-03-04,39.59,31.76,46.79,,,,33.38,31.2,35.86,,,,,
2007-03-05,39.58,31.76,46.71,,,,33.37,31.22,35.84,,,,,
2007-03-06,39.58,31.76,46.62,,,,33.37,31.23,35.83,,,,,
2007-03-07,39.57,31.76,46.52,,,,33.37,31.24,35.81,,,,,
2007-03-08,39.56,31.75,46.6,,,,33.37,31.26,35.79,,,,,
2007-03-09,39.55,31.74,46.77,,,,33.36,31.27,35.77,,,,,
2007-03-10,39.53,31.74,46.74,,,,33.36,31.29,35.75,,,,,
2007-03-11,39.52,31.73,46.69,,,,33.36,31.3,35.73,,,,,
2007-03-12,39.5,31.71,46.64,,,,33.36,31.32,35.71,,,,,
2007-03-13,39.49,31.63,46.59,,,,33.36,31.33,35.68,,,,,
2007-03-14,39.47,31.59,46.55,,,,33.35,31.34,35.66,,,,,
2007-03-15,39.45,31.56,46.5,,,,33.35,31.34,35.64,,,,50.0,37.0
2007-03-16,39.43,31.52,46.46,,,,33.35,31.35,35.61,,,,,
2007-03-17,39.41,31.49,46.41,,,,33.35,31.35,35.58,,,,,
2007-03-18,39.38,31.45,46.39,,,,33.35,31.36,35.57,,,,,
2007-03-19,39.36,31.41,46.38,,,,33.35,31.37,35.54,,,,,
2007-03-20,39.33,31.37,46.3,,,,33.35,31.38,35.52,,,,,
2007-03-21,39.3,31.34,46.26,,,,33.35,31.39,35.52,,,,,
2007-03-22,39.27,31.3,46.22,,,,33.35,31.4,35.49,,,,,
2007-03-23,39.24,31.25,46.18,,,,33.35,31.41,35.49,,,,,
2007-03-24,39.21,31.21,46.14,,,,33.35,31.42,35.5,,,,,
2007-03-25,39.18,31.17,46.1,,,,33.35,31.43,35.48,,,,,
2007-03-26,39.14,31.13,46.06,,,,33.35,31.44,35.47,,,,,
2007-03-27,39.1,31.08,45.93,,,,33.35,31.45,35.46,,,,,
2007-03-28,39.07,31.03,45.81,,,,33.35,31.47,35.45,,,,,
2007-03-29,39.03,30.98,45.68,,,,33.35,31.5,35.43,,,,,
2007-03-30,38.98,30.94,45.61,,,,33.35,31.53,35.41,,,,,
2007-03-31,38.94,30.89,45.63,,,,33.36,31.54,35.41,,,,,
2007-04-01,38.89,30.84,45.7,,,,33.36,31.55,35.39,,,,,
2007-04-02,38.84,30.8,45.81,,,,33.37,31.56,35.38,,,,,
2007-04-03,38.79,30.75,45.84,,,,33.37,31.58,35.37,,,,,
2007-04-04,38.74,30.7,45.83,,,,33.38,31.61,35.35,,,,54.0,31.0
2007-04-05,38.69,30.65,45.81,,,,33.39,31.63,35.34,,,,,
2007-04-06,38.63,30.6,45.79,,,,33.4,31.65,35.32,,,,,
2007-04-07,38.57,30.55,45.76,,,,33.41,31.68,35.31,,,,,
2007-04-08,38.52,30.46,45.74,,,,33.43,31.7,35.3,,,,,
2007-04-09,38.46,30.37,45.71,,,,33.44,31.71,35.31,,,,,
2007-04-10,38.4,30.29,45.69,,,,33.46,31.75,35.32,,,,,
2007-04-11,38.33,30.2,45.68,,,,33.47,31.8,35.33,,,,,
2007-04-12,38.27,30.11,45.66,,,,33.49,31.82,35.35,,,,,
2007-04-13,38.2,30.03,45.64,,,,33.51,31.84,35.37,,,,,
2007-04-14,38.13,29.96,45.62,,,,33.53,31.86,35.39,,,,,
2007-04-15,38.06,29.92,45.59,,,,33.56,31.93,35.41,,,,,
2007-04-16,37.99,29.93,45.62,,,,33.59,32.01,35.43,,,,,
2007-04-17,37.91,29.94,45.66,,,,33.62,32.05,35.44,,,,,
2007-04-18,37.83,29.95,45.69,,,,33.66,32.09,35.45,,,,,
2007-04-19,37.75,29.96,45.72,,,,33.7,32.15,35.47,,,,30.0,33.0
2007-04-20,37.67,29.93,45.61,,,,33.75,32.23,35.55,,,,,
2007-04-21,37.58,29.89,45.43,,,,33.8,32.28,35.62,,,,,
2007-04-22,37.49,29.84,45.25,,,,33.86,32.34,35.68,,,,,
2007-04-23,37.4,29.8,45.06,,,,33.93,32.4,35.74,,,,,
2007-04-24,37.3,29.76,44.86,,,,34.0,32.47,35.89,,,,,
2007-04-25,37.21,29.72,44.8,,,,34.07,32.55,36.04,,,,,
2007-04-26,37.11,29.68,44.79,,,,34.15,32.62,36.13,,,,,
2007-04-27,37.0,29.64,44.75,,,,34.24,32.72,36.23,,,,,
2007-04-28,36.9,29.61,44.72,,,,34.33,32.79,36.37,,,,,
2007-04-29,36.79,29.57,44.67,,,,34.42,32.93,36.6,,,,,
2007-04-30,36.68,29.54,44.6,,,,34.52,33.02,36.73,,,,,
2007-05-01,36.57,29.51,44.52,,,,34.63,33.1,36.94,,,,,
2007-05-02,36.45,29.43,44.42,,,,34.74,33.14,37.13,,,,,
2007-05-03,36.34,29.39,44.31,,,,34.85,33.23,37.32,,,,,
2007-05-04,36.22,29.38,44.18,,,,34.97,33.27,37.5,,,,,
2007-05-05,36.1,29.38,44.04,,,,35.09,33.32,37.68,,,,,
2007-05-06,35.97,29.36,43.8,,,,35.22,33.37,37.95,,,,,
2007-05-07,35.85,29.33,43.6,,,,35.35,33.43,38.17,,,,,
2007-05-08,35.72,29.32,43.46,,,,35.48,33.5,38.39,,,,,
2007-05-09,35.59,29.3,43.23,,,,35.62,33.57,38.59,,,,,
2007-05-10,35.47,29.28,42.95,,,,35.75,33.64,38.88,,,,,
2007-05-11,35.34,29.23,42.83,,,,35.89,33.72,39.16,,,,,
2007-05-12,35.21,29.19,42.65,,,,36.03,33.82,39.44,,,,,
2007-05-13,35.08,29.18,42.37,,,,36.18,33.98,39.68,,,,,
2007-05-14,34.95,29.18,42.04,,,,36.32,34.13,39.84,,,,,
2007-05-15,34.82,29.16,41.85,,,,36.46,34.28,39.99,,,,,
2007-05-16,34.69,29.14,41.65,,,,36.6,34.33,40.14,,,,,
2007-05-17,34.56,29.13,41.43,,,,36.74,34.37,40.34,,,,29.0,33.0
2007-05-18,34.43,29.11,41.24,,,,36.89,34.49,40.58,,,,,
2007-05-19,34.3,29.09,41.03,,,,37.03,34.57,40.8,,,,,
2007-05-20,34.18,29.07,40.81,,,,37.17,34.64,41.01,,,,,
2007-05-21,34.05,29.05,40.6,,,,37.32,34.7,41.21,,,,,
2007-05-22,33.93,29.04,40.4,,,,37.46,34.81,41.4,,,,,
2007-05-23,33.81,29.04,40.21,,,,37.61,34.9,41.65,,,,,
2007-05-24,33.68,29.05,40.01,,,,37.75,34.99,41.91,,,,,
2007-05-25,33.57,29.05,39.81,,,,37.9,35.11,42.16,,,,,
2007-05-26,33.45,29.04,39.6,,,,38.05,35.24,42.41,,,,,
2007-05-27,33.33,29.04,39.38,,,,38.19,35.36,42.6,,,,,
2007-05-28,33.22,29.03,39.15,,,,38.34,35.5,42.72,,,,,
2007-05-29,33.1,29.06,38.82,,,,38.49,35.62,42.99,,,,,
2007-05-30,32.99,29.08,38.46,,,,38.64,35.68,43.27,,,,,
2007-05-31,32.88,29.1,38.21,,,,38.79,35.76,43.54,,,,,
2007-06-01,32.77,29.1,37.94,,,,38.94,35.83,43.81,,,,,
2007-06-02,32.67,29.09,37.68,,,,39.09,35.9,44.07,,,,,
2007-06-03,32.56,29.09,37.41,,,,39.24,36.02,44.31,,,,,
2007-06-04,32.46,29.08,37.15,,,,39.39,36.14,44.52,,,,,
2007-06-05,32.35,29.07,36.88,,,,39.54,36.24,44.73,,,,,
2007-06-06,32.25,29.09,36.61,,,,39.68,36.34,44.93,,,,,
2007-06-07,32.16,29.05,36.33,,,,39.83,36.46,45.08,,,,,
2007-06-08,32.06,29.04,36.06,,,,39.98,36.55,45.22,,,,,
2007-06-09,31.96,29.03,35.86,,,,40.13,36.6,45.37,,,,,
2007-06-10,31.87,29.04,35.68,,,,40.27,36.73,45.49,,,,,
2007-06-11,31.78,29.04,35.49,,,,40.41,36.91,45.58,,,,,
2007-06-12,31.69,29.05,35.24,,,,40.56,37.07,45.64,,,,,
2007-06-13,31.61,29.06,34.98,,,,40.7,37.25,45.69,,,,,
2007-06-14,31.53,29.08,34.78,,,,40.83,37.4,45.73,,,,28.0,33.0
2007-06-15,31.46,29.09,34.64,,,,40.97,37.51,45.78,,,,,
2007-06-16,31.39,29.08,34.51,,,,41.1,37.68,45.82,,,,,
2007-06-17,31.32,29.07,34.41,,,,41.23,37.76,45.86,,,,,
2007-06-18,31.26,29.07,34.23,,,,41.36,37.84,45.9,,,,,
2007-06-19,31.2,29.1,34.11,,,,41.48,37.97,45.94,,,,,
2007-06-20,31.15,29.09,34.03,,,,41.6,38.11,45.97,,,,,
2007-06-21,31.1,29.09,33.95,,,,41.72,38.24,45.99,,,,,
2007-06-22,31.06,29.11,33.84,,,,41.83,38.34,46.01,,,,,
2007-06-23,31.02,29.15,33.77,,,,41.95,38.4,46.03,,,,,
2007-06-24,30.99,29.17,33.69,,,,42.05,38.5,46.05,,,,,
2007-06-25,30.96,29.18,33.62,,,,42.16,38.61,46.06,,,,,
2007-06-26,30.94,29.17,33.57,,,,42.26,38.71,46.08,,,,,
2007-06-27,30.92,29.14,33.47,,,,42.35,38.82,46.08,,,,,
2007-06-28,30.9,29.12,33.37,,,,42.45,38.93,46.07,,,,,
2007-06-29,30.89,29.11,33.39,,,,42.54,39.04,46.09,,,,,
2007-06-30,30.89,29.14,33.27,,,,42.62,39.14,46.11,,,,,
2007-07-01,30.89,29.16,33.31,,,,42.7,39.25,46.14,,,,,
2007-07-02,30.89,29.18,33.39,,,,42.78,39.34,46.19,,,,,
2007-07-03,30.9,29.18,33.41,,,,42.86,39.41,46.23,,,,,
2007-07-04,30.92,29.18,33.46,,,,42.93,39.48,46.3,,,,,
2007-07-05,30.93,29.18,33.52,,,,42.99,39.58,46.37,,,,,
2007-07-06,30.95,29.23,33.49,,,,43.05,39.65,46.43,,,,,
2007-07-07,30.98,29.26,33.47,,,,43.11,39.7,46.48,,,,,
2007-07-08,31.01,29.28,33.45,,,,43.17,39.74,46.53,,,,,
2007-07-09,31.04,29.35,33.49,,,,43.22,39.81,46.56,,,,,
2007-07-10,31.07,29.4,33.61,,,,43.27,39.87,46.6,,,,,
2007-07-11,31.11,29.41,33.72,,,,43.32,39.92,46.63,,,,,
2007-07-12,31.15,29.44,33.82,,,,43.36,39.96,46.67,,,,31.0,35.0
2007-07-13,31.19,29.48,33.86,,,,43.4,39.99,46.69,,,,,
2007-07-14,31.23,29.51,33.84,,,,43.44,40.01,46.71,,,,,
2007-07-15,31.28,29.54,33.87,,,,43.47,40.0,46.73,,,,,
2007-07-16,31.33,29.55,33.95,,,,43.5,40.0,46.72,,,,,
2007-07-17,31.37,29.57,34.03,,,,43.53,39.99,46.7,,,,,
2007-07-18,31.42,29.59,34.12,,,,43.56,40.0,46.75,,,,,
2007-07-19,31.48,29.61,34.21,,,,43.58,40.02,46.76,,,,,
2007-07-20,31.53,29.63,34.29,,,,43.61,40.03,46.74,,,,,
2007-07-21,31.58,29.65,34.37,,,,43.63,40.06,46.73,,,,,
2007-07-22,31.64,29.68,34.45,,,,43.64,40.11,46.72,,,,,
2007-07-23,31.69,29.7,34.53,,,,43.66,40.15,46.76,,,,27.0,44.0
2007-07-24,31.75,29.72,34.6,,,,43.67,40.19,46.76,,,,,
2007-07-25,31.81,29.75,34.68,,,,43.68,40.23,46.74,,,,,
2007-07-26,31.87,29.77,34.75,,,,43.69,40.28,46.73,,,,,
2007-07-27,31.93,29.79,34.83,,,,43.7,40.3,46.73,,,,,
2007-07-28,31.99,29.79,34.9,,,,43.71,40.32,46.74,,,,,
2007-07-29,32.05,29.84,34.97,,,,43.71,40.34,46.73,,,,,
2007-07-30,32.11,29.86,35.04,,,,43.71,40.35,46.71,,,,,
2007-07-31,32.18,29.87,35.11,,,,43.71,40.36,46.68,,,,,
2007-08-01,32.24,29.89,35.2,,,,43.71,40.38,46.66,,,,,
2007-08-02,32.3,29.91,35.3,,,,43.71,40.37,46.62,,,,,
2007-08-03,32.36,29.98,35.4,,,,43.71,40.35,46.58,,,,,
2007-08-04,32.42,30.0,35.5,,,,43.7,40.35,46.56,,,,,
2007-08-05,32.49,30.01,35.6,,,,43.7,40.33,46.52,,,,,
2007-08-06,32.55,30.04,35.69,,,,43.69,40.32,46.47,,,,,
2007-08-07,32.61,30.07,35.8,,,,43.68,40.34,46.44,,,,,
2007-08-08,32.67,30.08,35.89,,,,43.67,40.38,46.39,,,,38.0,42.0
2007-08-09,32.74,30.11,35.99,,,,43.66,40.43,46.34,,,,29.0,55.0
2007-08-10,32.8,30.14,36.09,,,,43.65,40.45,46.3,,,,29.0,55.0
2007-08-11,32.86,30.18,36.19,,,,43.64,40.46,46.25,,,,,
2007-08-12,32.92,30.22,36.28,,,,43.63,40.46,46.22,,,,,
2007-08-13,32.99,30.26,36.35,,,,43.61,40.46,46.2,,,,,
2007-08-14,33.05,30.29,36.42,,,,43.59,40.46,46.18,,,,,
2007-08-15,33.11,30.33,36.49,,,,43.58,40.45,46.16,,,,,
2007-08-16,33.17,30.37,36.56,,,,43.56,40.45,46.13,,,,,
2007-08-17,33.23,30.42,36.64,,,,43.54,40.46,46.11,,,,,
2007-08-18,33.3,30.46,36.71,,,,43.52,40.46,46.09,,,,,
2007-08-19,33.36,30.5,36.79,,,,43.5,40.47,46.07,,,,,
2007-08-20,33.42,30.54,36.86,,,,43.48,40.45,46.04,,,,,
2007-08-21,33.48,30.59,36.93,,,,43.46,40.42,46.02,,,,,
2007-08-22,33.54,30.63,36.98,,,,43.44,40.4,46.0,,,,,
2007-08-23,33.61,30.67,37.03,,,,43.41,40.39,46.0,,,,29.0,39.0
2007-08-24,33.67,30.71,37.08,,,,43.39,40.37,46.0,,,,24.0,50.0
2007-08-25,33.74,30.75,37.13,,,,43.36,40.35,45.98,,,,,
2007-08-26,33.8,30.82,37.19,,,,43.33,40.32,45.92,,,,,
2007-08-27,33.87,30.87,37.25,,,,43.3,40.3,45.85,,,,,
2007-08-28,33.93,30.93,37.34,,,,43.27,40.27,45.81,,,,,
2007-08-29,34.0,30.99,37.44,,,,43.24,40.25,45.77,,,,,
2007-08-30,34.07,31.04,37.49,,,,43.21,40.22,45.73,,,,,
2007-08-31,34.14,31.1,37.56,,,,43.17,40.2,45.69,,,,,
2007-09-01,34.21,31.16,37.61,,,,43.13,40.17,45.68,,,,,
2007-09-02,34.28,31.22,37.72,,,,43.1,40.13,45.67,,,,,
2007-09-03,34.36,31.28,37.86,,,,43.06,40.07,45.64,,,,,
2007-09-04,34.43,31.35,38.0,,,,43.02,40.01,45.61,,,,,
2007-09-05,34.5,31.41,38.13,,,,42.97,39.94,45.58,,,,,
2007-09-06,34.58,31.48,38.23,,,,42.93,39.89,45.55,,,,,
2007-09-07,34.66,31.56,38.28,,,,42.88,39.83,45.52,,,,,
2007-09-08,34.74,31.67,38.32,,,,42.84,39.81,45.48,,,,,
2007-09-09,34.82,31.78,38.37,,,,42.79,39.79,45.42,,,,,
2007-09-10,34.9,31.83,38.41,,,,42.74,39.78,45.36,,,,,
2007-09-11,34.98,31.89,38.45,,,,42.69,39.77,45.3,,,,,
2007-09-12,35.06,31.97,38.51,,,,42.64,39.74,45.24,,,,,
2007-09-13,35.14,32.07,38.55,,,,42.59,39.7,45.24,,,,36.0,47.5
2007-09-14,35.23,32.16,38.65,,,,42.54,39.65,45.25,,,,35.0,50.0
2007-09-15,35.31,32.26,38.75,,,,42.48,39.6,45.21,,,,,
2007-09-16,35.4,32.34,38.84,,,,42.43,39.55,45.12,,,,,
2007-09-17,35.48,32.42,38.94,,,,42.37,39.49,45.05,,,,,
2007-09-18,35.57,32.5,39.05,,,,42.32,39.42,44.96,,,,,
2007-09-19,35.66,32.6,39.16,,,,42.26,39.35,44.87,,,,,
2007-09-20,35.75,32.65,39.26,,,,42.2,39.28,44.82,,,,23.0,45.0
2007-09-21,35.84,32.7,39.36,,,,42.14,39.2,44.77,,,,,
2007-09-22,35.93,32.75,39.47,,,,42.08,39.12,44.72,,,,,
2007-09-23,36.02,32.81,39.55,,,,42.02,39.04,44.66,,,,,
2007-09-24,36.11,32.89,39.61,,,,41.96,38.97,44.6,,,,,
2007-09-25,36.2,32.98,39.66,,,,41.89,38.9,44.54,,,,,
2007-09-26,36.3,33.06,39.72,,,,41.83,38.82,44.48,,,,21.0,48.0
2007-09-27,36.39,33.15,39.82,,,,41.76,38.72,44.42,,,,,
2007-09-28,36.49,33.24,39.92,,,,41.7,38.63,44.35,,,,,
2007-09-29,36.58,33.33,40.03,,,,41.63,38.54,44.28,,,,,
2007-09-30,36.68,33.4,40.16,,,,41.56,38.45,44.21,,,,,
2007-10-01,36.78,33.48,40.34,,,,41.49,38.36,44.14,,,,,
2007-10-02,36.87,33.56,40.52,,,,41.42,38.27,44.07,,,,,
2007-10-03,36.97,33.64,40.68,,,,41.34,38.19,43.99,,,,,
2007-10-04,37.07,33.72,40.82,,,,41.27,38.1,43.91,,,,,
2007-10-05,37.17,33.8,40.96,,,,41.19,38.01,43.82,,,,54.0,34.0
2007-10-06,37.27,33.88,41.07,,,,41.11,37.95,43.71,,,,54.0,34.0
2007-10-07,37.37,33.96,41.19,,,,41.04,37.89,43.61,,,,,
2007-10-08,37.47,34.04,41.29,,,,40.96,37.78,43.56,,,,,
2007-10-09,37.58,34.13,41.39,,,,40.87,37.67,43.47,,,,,
2007-10-10,37.68,34.22,41.49,,,,40.79,37.57,43.37,,,,,
2007-10-11,37.78,34.31,41.6,,,,40.71,37.53,43.28,,,,,
2007-10-12,37.89,34.4,41.7,,,,40.63,37.5,43.22,,,,,
2007-10-13,37.99,34.49,41.8,,,,40.54,37.48,43.1,,,,,
2007-10-14,38.09,34.59,41.88,,,,40.45,37.44,42.98,,,,,
2007-10-15,38.2,34.68,41.92,,,,40.37,37.34,42.93,,,,,
2007-10-16,38.3,34.79,41.97,,,,40.28,37.25,42.82,,,,,
2007-10-17,38.41,34.89,42.01,,,,40.19,37.15,42.72,,,,,
2007-10-18,38.51,34.99,42.1,,,,40.1,37.05,42.61,,,,36.0,38.0
2007-10-19,38.62,35.09,42.2,,,,40.01,36.96,42.54,,,,,
2007-10-20,38.73,35.19,42.3,,,,39.92,36.87,42.47,,,,,
2007-10-21,38.83,35.31,42.39,,,,39.82,36.78,42.39,,,,,
2007-10-22,38.94,35.41,42.49,,,,39.73,36.72,42.31,,,,40.0,36.0
2007-10-23,39.04,35.52,42.59,,,,39.64,36.63,42.22,,,,,
2007-10-24,39.15,35.65,42.72,,,,39.54,36.58,42.1,,,,,
2007-10-25,39.26,35.78,42.81,,,,39.45,36.53,41.94,,,,,
2007-10-26,39.37,35.89,42.94,,,,39.35,36.5,41.77,,,,,
2007-10-27,39.47,36.01,43.09,,,,39.25,36.43,41.6,,,,,
2007-10-28,39.58,36.12,43.21,,,,39.15,36.37,41.47,,,,,
2007-10-29,39.69,36.24,43.22,,,,39.05,36.31,41.35,,,,,
2007-10-30,39.79,36.35,43.22,,,,38.96,36.26,41.26,,,,,
2007-10-31,39.9,36.46,43.35,,,,38.86,36.21,41.17,,,,,
2007-11-01,40.01,36.59,43.5,,,,38.76,36.15,41.08,,,,,
2007-11-02,40.12,36.71,43.6,,,,38.65,36.1,40.99,,,,,
2007-11-03,40.22,36.84,43.64,,,,38.55,36.05,40.89,,,,,
2007-11-04,40.33,36.93,43.76,,,,38.45,35.98,40.8,,,,,
2007-11-05,40.43,37.02,43.83,,,,38.35,35.9,40.7,,,,,
2007-11-06,40.54,37.11,43.91,,,,38.25,35.84,40.59,,,,,
2007-11-07,40.65,37.21,44.01,,,,38.15,35.76,40.48,,,,,
2007-11-08,40.75,37.3,44.11,,,,38.04,35.69,40.37,,,,,
2007-11-09,40.85,37.4,44.21,,,,37.94,35.59,40.26,,,,,
2007-11-10,40.96,37.5,44.32,,,,37.84,35.5,40.14,,,,,
2007-11-11,41.06,37.6,44.44,,,,37.74,35.41,40.03,,,,,
2007-11-12,41.16,37.71,44.55,,,,37.64,35.38,39.92,,,,,
2007-11-13,41.26,37.81,44.65,,,,37.54,35.34,39.81,,,,,
2007-11-14,41.36,37.91,44.76,,,,37.44,35.28,39.69,,,,46.0,31.0
2007-11-15,41.46,38.01,44.87,,,,37.33,35.22,39.58,,,,,
2007-11-16,41.56,38.12,44.96,,,,37.24,35.15,39.47,,,,,
2007-11-17,41.66,38.22,45.03,,,,37.14,35.09,39.36,,,,,
2007-11-18,41.76,38.33,45.12,,,,37.04,34.99,39.24,,,,,
2007-11-19,41.85,38.44,45.22,,,,36.94,34.9,39.12,,,,,
2007-11-20,41.95,38.54,45.33,,,,36.84,34.8,39.0,,,,,
2007-11-21,42.04,38.65,45.41,,,,36.75,34.74,38.89,,,,,
2007-11-22,42.13,38.76,45.51,,,,36.65,34.71,38.79,,,,,
2007-11-23,42.22,38.87,45.62,,,,36.55,34.68,38.65,,,,,
2007-11-24,42.31,38.97,45.73,,,,36.46,34.64,38.52,,,,,
2007-11-25,42.4,39.07,45.84,,,,36.36,34.58,38.41,,,,,
2007-11-26,42.49,39.18,45.94,,,,36.27,34.52,38.29,,,,43.0,35.0
2007-11-27,42.57,39.28,46.03,,,,36.18,34.47,38.17,,,,,
2007-11-28,42.66,39.39,46.09,,,,36.09,34.39,38.05,,,,,
2007-11-29,42.74,39.5,46.15,,,,36.0,34.32,37.93,,,,39.0,33.0
2007-11-30,42.82,39.61,46.21,,,,35.91,34.24,37.81,,,,,
2007-12-01,42.89,39.72,46.26,,,,35.82,34.17,37.7,,,,,
2007-12-02,42.97,39.83,46.31,,,,35.73,34.11,37.58,,,,,
2007-12-03,43.05,39.94,46.36,,,,35.65,34.04,37.46,,,,,
2007-12-04,43.12,40.05,46.4,,,,35.56,33.98,37.33,,,,,
2007-12-05,43.19,40.16,46.44,,,,35.48,33.92,37.19,,,,,
2007-12-06,43.26,40.28,46.48,,,,35.39,33.9,37.04,,,,,
2007-12-07,43.32,40.39,46.52,,,,35.31,33.88,36.91,,,,,
2007-12-08,43.39,40.48,46.53,,,,35.23,33.82,36.8,,,,,
2007-12-09,43.45,40.54,46.55,,,,35.15,33.78,36.68,,,,,
2007-12-10,43.52,40.63,46.56,,,,35.07,33.74,36.54,,,,,
2007-12-11,43.58,40.72,46.58,,,,34.99,33.73,36.43,,,,,
2007-12-12,43.63,40.81,46.59,,,,34.91,33.69,36.32,,,,,
2007-12-13,43.69,40.81,46.6,,,,34.83,33.63,36.22,,,,53.0,33.0
2007-12-14,43.75,40.95,46.61,,,,34.76,33.57,36.12,,,,,
2007-12-15,43.8,41.06,46.65,,,,34.68,33.52,36.03,,,,,
2007-12-16,43.85,41.1,46.7,,,,34.61,33.43,35.9,,,,,
2007-12-17,43.9,41.11,46.84,,,,34.54,33.37,35.75,,,,47.0,30.0
2007-12-18,43.95,41.12,46.9,,,,34.47,33.33,35.65,,,,,
2007-12-19,44.0,41.15,46.93,,,,34.4,33.29,35.57,,,,,
2007-12-20,44.04,41.17,46.95,,,,34.33,33.24,35.47,,,,54.0,32.0
2007-12-21,44.09,41.18,46.97,,,,34.27,33.23,35.4,,,,,
2007-12-22,44.13,41.2,47.05,,,,34.21,33.17,35.3,,,,,
2007-12-23,44.17,41.22,47.15,,,,34.14,33.12,35.24,,,,,
2007-12-24,44.21,41.24,47.16,,,,34.09,33.06,35.18,,,,,
2007-12-25,44.25,41.28,47.21,,,,34.03,33.03,35.14,,,,,
2007-12-26,44.28,41.32,47.23,,,,33.98,33.01,35.09,,,,,
2007-12-27,44.32,41.36,47.24,,,,33.92,32.97,35.04,,,,,
2007-12-28,44.35,41.45,47.26,,,,33.88,32.9,35.0,,,,,
2007-12-29,44.38,41.49,47.32,,,,33.83,32.86,34.94,,,,,
2007-12-30,44.4,41.47,47.4,,,,33.79,32.83,34.89,,,,,
2007-12-31,44.43,41.47,47.48,,,,33.75,32.78,34.85,,,,,
2008-01-01,44.45,41.45,47.55,,,,33.71,32.73,34.84,,,,,
2008-01-02,44.47,41.45,47.58,,,,33.67,32.7,34.83,,,,,
2008-01-03,44.49,41.43,47.61,,,,33.64,32.66,34.82,,,,,
2008-01-04,44.51,41.42,47.64,,,,33.61,32.64,34.81,,,,,
2008-01-05,44.52,41.41,47.66,,,,33.58,32.59,34.79,,,,,
2008-01-06,44.53,41.39,47.67,,,,33.56,32.55,34.76,,,,,
2008-01-07,44.54,41.38,47.68,,,,33.54,32.49,34.73,,,,,
2008-01-08,44.54,41.38,47.68,,,,33.52,32.46,34.7,,,,,
2008-01-09,44.55,41.38,47.68,,,,33.5,32.42,34.66,,,,,
2008-01-10,44.55,41.37,47.67,,,,33.48,32.39,34.63,,,,55.0,31.0
2008-01-11,44.55,41.35,47.66,,,,33.47,32.36,34.61,,,,,
2008-01-12,44.55,41.35,47.65,,,,33.46,32.33,34.61,,,,,
2008-01-13,44.55,41.35,47.64,,,,33.45,32.31,34.62,,,,,
2008-01-14,44.55,41.34,47.62,,,,33.44,32.28,34.62,,,,,
2008-01-15,44.54,41.34,47.61,,,,33.43,32.26,34.61,,,,,
2008-01-16,44.54,41.33,47.59,,,,33.42,32.23,34.59,,,,,
2008-01-17,44.53,41.32,47.57,,,,33.41,32.21,34.58,,,,31.0,38.0
2008-01-18,44.52,41.32,47.56,,,,33.41,32.19,34.58,,,,,
2008-01-19,44.51,41.32,47.57,,,,33.4,32.19,34.59,,,,,
2008-01-20,44.51,41.31,47.59,,,,33.4,32.19,34.59,,,,,
2008-01-21,44.5,41.3,47.6,,,,33.4,32.18,34.6,,,,43.0,32.0
2008-01-22,44.49,41.29,47.59,,,,33.39,32.19,34.6,,,,,
2008-01-23,44.48,41.28,47.58,,,,33.39,32.2,34.61,,,,,
2008-01-24,44.47,41.27,47.57,,,,33.39,32.17,34.61,,,,,
2008-01-25,44.47,41.26,47.56,,,,33.39,32.15,34.62,,,,,
2008-01-26,44.46,41.26,47.55,,,,33.38,32.14,34.62,,,,,
2008-01-27,44.45,41.24,47.54,,,,33.38,32.12,34.63,,,,,
2008-01-28,44.45,41.24,47.53,,,,33.38,32.11,34.64,,,,,
2008-01-29,44.44,41.23,47.52,,,,33.38,32.09,34.64,,,,,
2008-01-30,44.43,41.23,47.51,,,,33.38,32.07,34.65,,,,,
2008-01-31,44.43,41.22,47.5,,,,33.38,32.06,34.65,,,,,
2008-02-01,44.42,41.22,47.49,,,,33.37,32.04,34.66,,,,,
2008-02-02,44.41,41.21,47.48,,,,33.37,32.02,34.66,,,,,
2008-02-03,44.41,41.2,47.51,,,,33.37,32.0,34.67,,,,,
2008-02-04,44.4,41.2,47.53,,,,33.37,31.98,34.66,,,,,
2008-02-05,44.39,41.2,47.56,,,,33.37,31.97,34.66,,,,,
2008-02-06,44.39,41.2,47.55,,,,33.36,31.96,34.65,,,,,
2008-02-07,44.38,41.2,47.52,,,,33.36,31.94,34.64,,,,,
2008-02-08,44.38,41.2,47.55,,,,33.36,31.93,34.64,,,,,
2008-02-09,44.37,41.19,47.53,,,,33.35,31.92,34.63,,,,,
2008-02-10,44.36,41.18,47.51,,,,33.35,31.91,34.62,,,,,
2008-02-11,44.36,41.18,47.51,,,,33.35,31.9,34.62,,,,,
2008-02-12,44.35,41.17,47.52,,,,33.34,31.89,34.63,,,,,
2008-02-13,44.35,41.16,47.47,,,,33.33,31.9,34.63,,,,,
2008-02-14,44.34,41.13,47.4,,,,33.33,31.91,34.63,,,,51.0,37.0
2008-02-15,44.34,41.12,47.36,,,,33.32,31.91,34.63,,,,,
2008-02-16,44.34,41.1,47.36,,,,33.31,31.89,34.64,,,,,
2008-02-17,44.34,41.04,47.37,,,,33.31,31.86,34.64,,,,,
2008-02-18,44.33,41.04,47.33,,,,33.3,31.83,34.64,,,,,
2008-02-19,44.33,41.07,47.28,,,,33.29,31.83,34.63,,,,,
2008-02-20,44.33,41.11,47.26,,,,33.28,31.79,34.62,,,,,
2008-02-21,44.34,41.12,47.27,,,,33.26,31.76,34.62,,,,35.0,35.0
2008-02-22,44.34,41.14,47.31,,,,33.25,31.75,34.62,,,,,
2008-02-23,44.35,41.18,47.35,,,,33.24,31.74,34.6,,,,,
2008-02-24,44.35,41.25,47.39,,,,33.22,31.72,34.59,,,,,
2008-02-25,44.36,41.27,47.44,,,,33.21,31.71,34.57,,,,39.0,37.0
2008-02-26,44.37,41.27,47.48,,,,33.19,31.66,34.55,,,,,
2008-02-27,44.38,41.27,47.53,,,,33.17,31.62,34.54,,,,,
2008-02-28,44.39,41.26,47.57,,,,33.15,31.59,34.52,,,,,
2008-02-29,44.4,41.26,47.62,,,,33.13,31.57,34.5,,,,,
2008-03-01,44.42,41.26,47.66,,,,33.11,31.56,34.48,,,,,
2008-03-02,44.43,41.27,47.72,,,,33.09,31.51,34.45,,,,,
2008-03-03,44.45,41.28,47.75,,,,33.07,31.44,34.43,,,,,
2008-03-04,44.47,41.3,47.76,,,,33.04,31.39,34.4,,,,,
2008-03-05,44.49,41.34,47.77,,,,33.02,31.36,34.38,,,,,
2008-03-06,44.52,41.37,47.78,,,,32.99,31.34,34.33,,,,,
2008-03-07,44.54,41.41,47.79,,,,32.97,31.31,34.3,,,,,
2008-03-08,44.57,41.45,47.81,,,,32.94,31.26,34.26,,,,,
2008-03-09,44.6,41.46,47.83,,,,32.91,31.2,34.22,,,,,
2008-03-10,44.63,41.48,47.88,,,,32.88,31.15,34.21,,,,,
2008-03-11,44.66,41.52,47.94,,,,32.85,31.1,34.19,,,,,
2008-03-12,44.69,41.57,48.01,,,,32.82,31.07,34.15,,,,,
2008-03-13,44.72,41.63,48.03,,,,32.79,31.01,34.12,,,,44.5,29.0
2008-03-14,44.76,41.68,48.03,,,,32.75,30.95,34.08,,,,,
2008-03-15,44.8,41.7,48.04,,,,32.72,30.9,34.05,,,,,
2008-03-16,44.83,41.75,48.06,,,,32.69,30.86,34.03,,,,,
2008-03-17,44.87,41.78,48.12,,,,32.65,30.83,34.01,,,,,
2008-03-18,44.92,41.83,48.12,,,,32.61,30.79,33.97,,,,,
2008-03-19,44.96,41.88,48.14,,,,32.58,30.75,33.94,,,,,
2008-03-20,45.0,41.93,48.14,,,,32.54,30.72,33.9,,,,,
2008-03-21,45.05,41.97,48.15,,,,32.5,30.68,33.86,,,,,
2008-03-22,45.1,41.98,48.19,,,,32.47,30.64,33.82,,,,,
2008-03-23,45.15,41.98,48.26,,,,32.43,30.61,33.79,,,,,
2008-03-24,45.2,41.98,48.32,,,,32.39,30.56,33.79,,,,,
2008-03-25,45.26,41.99,48.42,,,,32.35,30.5,33.77,,,,44.0,34.0
2008-03-26,45.31,42.01,48.54,,,,32.31,30.45,33.74,,,,,
2008-03-27,45.37,42.11,48.63,,,,32.27,30.38,33.71,,,,,
2008-03-28,45.43,42.22,48.73,,,,32.23,30.31,33.68,,,,,
2008-03-29,45.49,42.34,48.82,,,,32.18,30.27,33.64,,,,,
2008-03-30,45.56,42.46,48.92,,,,32.14,30.23,33.61,,,,,
2008-03-31,45.62,42.47,49.01,,,,32.1,30.19,33.58,,,,,
2008-04-01,45.69,42.49,49.12,,,,32.06,30.16,33.55,,,,,
2008-04-02,45.76,42.5,49.21,,,,32.01,30.12,33.5,,,,,
2008-04-03,45.83,42.57,49.3,,,,31.97,30.07,33.48,,,,,
2008-04-04,45.9,42.64,49.4,,,,31.92,30.02,33.45,,,,,
2008-04-05,45.98,42.73,49.49,,,,31.88,29.97,33.43,,,,,
2008-04-06,46.05,42.81,49.58,,,,31.83,29.92,33.39,,,,,
2008-04-07,46.13,42.89,49.68,,,,31.79,29.89,33.33,,,,,
2008-04-08,46.21,42.95,49.77,,,,31.74,29.85,33.27,,,,,
2008-04-09,46.29,43.01,49.86,,,,31.7,29.81,33.24,,,,,
2008-04-10,46.37,43.06,49.95,,,,31.65,29.77,33.2,,,,51.0,38.0
2008-04-11,46.45,43.11,50.04,,,,31.6,29.74,33.17,,,,,
2008-04-12,46.53,43.16,50.13,,,,31.56,29.7,33.13,,,,,
2008-04-13,46.61,43.21,50.21,,,,31.51,29.67,33.09,,,,,
2008-04-14,46.69,43.27,50.3,,,,31.47,29.63,33.06,,,,,
2008-04-15,46.78,43.32,50.38,,,,31.42,29.6,33.04,,,,,
2008-04-16,46.86,43.38,50.46,,,,31.38,29.56,33.01,,,,,
2008-04-17,46.94,43.44,50.54,,,,31.33,29.53,32.97,,,,35.0,33.0
2008-04-18,47.02,43.46,50.62,,,,31.28,29.48,32.94,,,,,
2008-04-19,47.11,43.48,50.72,,,,31.24,29.43,32.91,,,,,
2008-04-20,47.19,43.59,50.81,,,,31.19,29.39,32.88,,,,,
2008-04-21,47.27,43.63,50.87,,,,31.15,29.34,32.85,,,,42.0,33.0
2008-04-22,47.35,43.68,50.92,,,,31.1,29.3,32.82,,,,,
2008-04-23,47.44,43.76,51.01,,,,31.06,29.25,32.78,,,,,
2008-04-24,47.52,43.84,51.07,,,,31.02,29.21,32.73,,,,,
2008-04-25,47.6,43.93,51.14,,,,30.97,29.16,32.69,,,,,
2008-04-26,47.68,44.0,51.21,,,,30.93,29.12,32.64,,,,,
2008-04-27,47.77,44.07,51.27,,,,30.88,29.07,32.59,,,,,
2008-04-28,47.85,44.13,51.34,,,,30.84,29.03,32.54,,,,,
2008-04-29,47.93,44.2,51.48,,,,30.79,28.98,32.49,,,,,
2008-04-30,48.01,44.28,51.59,,,,30.75,28.94,32.44,,,,,
2008-05-01,48.1,44.37,51.67,,,,30.71,28.9,32.41,,,,,
2008-05-02,48.18,44.44,51.74,,,,30.66,28.88,32.39,,,,,
2008-05-03,48.26,44.48,51.81,,,,30.62,28.86,32.34,,,,,
2008-05-04,48.34,44.57,51.87,,,,30.58,28.85,32.29,,,,,
2008-05-05,48.42,44.68,51.94,,,,30.54,28.83,32.25,,,,,
2008-05-06,48.5,44.79,52.01,,,,30.49,28.81,32.2,,,,,
2008-05-07,48.58,44.89,52.08,,,,30.45,28.8,32.15,,,,,
2008-05-08,48.66,44.97,52.14,,,,30.41,28.76,32.1,,,,,
2008-05-09,48.74,45.06,52.21,,,,30.37,28.69,32.06,,,,,
2008-05-10,48.82,45.14,52.28,,,,30.33,28.64,32.04,,,,,
2008-05-11,48.9,45.23,52.35,,,,30.29,28.61,32.02,,,,,
2008-05-12,48.98,45.28,52.44,,,,30.25,28.58,32.0,,,,,
2008-05-13,49.06,45.33,52.48,,,,30.21,28.52,31.98,,,,,
2008-05-14,49.14,45.47,52.53,,,,30.16,28.5,31.93,,,,,
2008-05-15,49.21,45.57,52.6,,,,30.12,28.48,31.88,,,,50.5,29.5
2008-05-16,49.29,45.66,52.69,,,,30.08,28.46,31.84,,,,,
2008-05-17,49.37,45.76,52.74,,,,30.04,28.44,31.79,,,,,
2008-05-18,49.44,45.85,52.78,,,,30.0,28.42,31.76,,,,,
2008-05-19,49.52,45.9,52.83,,,,29.96,28.41,31.71,,,,,
2008-05-20,49.6,46.02,52.89,,,,29.92,28.39,31.66,,,,,
2008-05-21,49.68,46.12,52.95,,,,29.88,28.38,31.62,,,,,
2008-05-22,49.75,46.23,53.0,,,,29.84,28.34,31.57,,,,,
2008-05-23,49.83,46.33,53.08,,,,29.8,28.31,31.52,,,,,
2008-05-24,49.91,46.43,53.18,,,,29.76,28.28,31.47,,,,,
2008-05-25,49.98,46.54,53.21,,,,29.72,28.24,31.44,,,,,
2008-05-26,50.06,46.64,53.24,,,,29.68,28.21,31.39,,,,,
2008-05-27,50.14,46.75,53.25,,,,29.65,28.19,31.35,,,,55.0,22.0
2008-05-28,50.21,46.86,53.29,,,,29.61,28.16,31.32,,,,,
2008-05-29,50.29,46.92,53.33,,,,29.57,28.14,31.28,,,,,
2008-05-30,50.36,46.97,53.37,,,,29.53,28.12,31.25,,,,,
2008-05-31,50.44,47.08,53.38,,,,29.49,28.1,31.22,,,,,
2008-06-01,50.51,47.14,53.38,,,,29.46,28.09,31.17,,,,,
2008-06-02,50.59,47.21,53.39,,,,29.42,28.05,31.12,,,,,
2008-06-03,50.66,47.28,53.41,,,,29.38,27.99,31.08,,,,,
2008-06-04,50.73,47.35,53.43,,,,29.35,27.94,31.04,,,,,
2008-06-05,50.8,47.42,53.48,,,,29.31,27.89,31.0,,,,,
2008-06-06,50.87,47.49,53.57,,,,29.28,27.84,30.96,,,,,
2008-06-07,50.94,47.56,53.63,,,,29.25,27.82,30.91,,,,,
2008-06-08,51.01,47.63,53.66,,,,29.21,27.81,30.86,,,,,
2008-06-09,51.07,47.7,53.7,,,,29.18,27.8,30.78,,,,,
2008-06-10,51.14,47.76,53.75,,,,29.15,27.78,30.71,,,,,
2008-06-11,51.2,47.83,53.75,,,,29.12,27.75,30.66,,,,,
2008-06-12,51.27,47.9,53.73,,,,29.09,27.72,30.61,,,,63.0,26.0
2008-06-13,51.33,47.95,53.75,,,,29.06,27.73,30.56,,,,50.0,30.0
2008-06-14,51.39,48.01,53.8,,,,29.03,27.7,30.52,,,,,
2008-06-15,51.45,48.07,53.85,,,,29.0,27.65,30.47,,,,,
2008-06-16,51.51,48.15,53.89,,,,28.97,27.65,30.43,,,,,
2008-06-17,51.57,48.24,53.94,,,,28.94,27.66,30.39,,,,,
2008-06-18,51.62,48.34,53.99,,,,28.91,27.66,30.32,,,,,
2008-06-19,51.68,48.43,54.04,,,,28.88,27.67,30.27,,,,,
2008-06-20,51.73,48.52,54.08,,,,28.86,27.65,30.22,,,,,
2008-06-21,51.79,48.62,54.12,,,,28.83,27.63,30.17,,,,,
2008-06-22,51.84,48.7,54.12,,,,28.8,27.61,30.12,,,,,
2008-06-23,51.9,48.76,54.13,,,,28.78,27.6,30.08,,,,52.0,28.0
2008-06-24,51.95,48.87,54.14,,,,28.75,27.58,30.03,,,,,
2008-06-25,52.0,48.92,54.14,,,,28.73,27.56,29.99,,,,,
2008-06-26,52.05,48.97,54.13,,,,28.7,27.54,29.94,,,,,
2008-06-27,52.1,49.02,54.14,,,,28.68,27.52,29.91,,,,,
2008-06-28,52.15,49.07,54.13,,,,28.66,27.5,29.88,,,,,
2008-06-29,52.2,49.12,54.13,,,,28.63,27.48,29.83,,,,,
2008-06-30,52.25,49.22,54.12,,,,28.61,27.47,29.77,,,,,
2008-07-01,52.3,49.34,54.18,,,,28.59,27.46,29.72,,,,,
2008-07-02,52.34,49.47,54.24,,,,28.57,27.47,29.69,,,,,
2008-07-03,52.39,49.58,54.3,,,,28.55,27.48,29.66,,,,,
2008-07-04,52.43,49.64,54.35,,,,28.54,27.49,29.63,,,,,
2008-07-05,52.48,49.69,54.41,,,,28.52,27.5,29.61,,,,,
2008-07-06,52.52,49.73,54.41,,,,28.5,27.49,29.58,,,,,
2008-07-07,52.56,49.77,54.39,,,,28.49,27.51,29.54,,,,,
2008-07-08,52.6,49.83,54.43,,,,28.48,27.52,29.52,,,,,
2008-07-09,52.63,49.87,54.45,,,,28.47,27.53,29.51,,,,,
2008-07-10,52.67,49.91,54.46,,,,28.45,27.52,29.49,,,,61.0,28.0
2008-07-11,52.7,49.95,54.51,,,,28.44,27.49,29.45,,,,,
2008-07-12,52.74,50.04,54.58,,,,28.44,27.47,29.41,,,,,
2008-07-13,52.77,50.14,54.65,,,,28.43,27.46,29.38,,,,,
2008-07-14,52.8,50.24,54.67,,,,28.42,27.47,29.36,,,,,
2008-07-15,52.83,50.33,54.68,,,,28.42,27.47,29.34,,,,,
2008-07-16,52.86,50.39,54.68,,,,28.41,27.46,29.33,,,,,
2008-07-17,52.88,50.44,54.7,,,,28.41,27.45,29.32,,,,,
2008-07-18,52.91,50.5,54.73,,,,28.41,27.42,29.3,,,,50.0,29.0
2008-07-19,52.93,50.55,54.74,,,,28.41,27.41,29.29,,,,,
2008-07-20,52.95,50.62,54.76,,,,28.41,27.39,29.27,,,,,
2008-07-21,52.97,50.65,54.8,,,,28.42,27.39,29.24,,,,,
2008-07-22,52.99,50.7,54.86,,,,28.42,27.4,29.24,,,,,
2008-07-23,53.01,50.75,54.87,,,,28.43,27.41,29.25,,,,50.0,28.0
2008-07-24,53.02,50.8,54.9,,,,28.44,27.42,29.26,,,,,
2008-07-25,53.03,50.85,54.94,,,,28.45,27.43,29.26,,,,,
2008-07-26,53.04,50.9,54.98,,,,28.46,27.44,29.25,,,,,
2008-07-27,53.05,50.96,55.02,,,,28.47,27.45,29.27,,,,,
2008-07-28,53.06,51.02,55.05,,,,28.48,27.46,29.28,,,,,
2008-07-29,53.06,51.04,55.08,,,,28.5,27.47,29.3,,,,,
2008-07-30,53.06,51.08,55.11,,,,28.52,27.49,29.33,,,,,
2008-07-31,53.06,51.09,55.13,,,,28.53,27.51,29.35,,,,,
2008-08-01,53.06,51.1,55.15,,,,28.56,27.53,29.38,,,,,
2008-08-02,53.05,51.12,55.17,,,,28.58,27.56,29.41,,,,,
2008-08-03,53.05,51.16,55.18,,,,28.6,27.58,29.45,,,,,
2008-08-04,53.04,51.13,55.19,,,,28.63,27.61,29.47,,,,,
2008-08-05,53.03,51.15,55.2,,,,28.65,27.63,29.5,,,,,
2008-08-06,53.01,51.14,55.2,,,,28.68,27.64,29.53,,,,,
2008-08-07,53.0,51.12,55.2,,,,28.71,27.65,29.56,,,,,
2008-08-08,52.98,51.12,55.17,,,,28.74,27.68,29.59,,,,,
2008-08-09,52.96,51.12,55.14,,,,28.77,27.72,29.63,,,,,
2008-08-10,52.94,51.11,55.1,,,,28.8,27.76,29.67,,,,,
2008-08-11,52.92,51.1,55.05,,,,28.84,27.8,29.72,,,,,
2008-08-12,52.89,51.09,55.0,,,,28.87,27.85,29.77,,,,,
2008-08-13,52.86,51.03,54.94,,,,28.91,27.89,29.82,,,,,
2008-08-14,52.84,51.0,54.89,,,,28.94,27.94,29.89,,,,59.0,27.0
2008-08-15,52.81,50.98,54.85,,,,28.98,27.98,29.92,,,,51.0,29.0
2008-08-16,52.78,50.96,54.82,,,,29.02,28.01,29.99,,,,,
2008-08-17,52.75,50.94,54.78,,,,29.06,28.0,30.03,,,,,
2008-08-18,52.72,50.91,54.74,,,,29.1,28.03,30.08,,,,,
2008-08-19,52.68,50.88,54.7,,,,29.14,28.09,30.13,,,,,
2008-08-20,52.65,50.85,54.66,,,,29.18,28.14,30.19,,,,,
2008-08-21,52.61,50.81,54.62,,,,29.22,28.19,30.24,,,,,
2008-08-22,52.58,50.78,54.57,,,,29.26,28.25,30.3,,,,,
2008-08-23,52.54,50.74,54.53,,,,29.31,28.29,30.35,,,,,
2008-08-24,52.5,50.64,54.51,,,,29.35,28.31,30.41,,,,,
2008-08-25,52.46,50.58,54.47,,,,29.4,28.33,30.46,,,,,
2008-08-26,52.42,50.52,54.42,,,,29.44,28.35,30.52,,,,,
2008-08-27,52.37,50.47,54.38,,,,29.49,28.4,30.56,,,,,
2008-08-28,52.33,50.41,54.33,,,,29.54,28.45,30.61,,,,,
2008-08-29,52.28,50.35,54.28,,,,29.59,28.5,30.65,,,,48.0,27.0
2008-08-30,52.23,50.32,54.24,,,,29.64,28.55,30.69,,,,,
2008-08-31,52.19,50.29,54.21,,,,29.69,28.61,30.74,,,,,
2008-09-01,52.14,50.25,54.2,,,,29.74,28.66,30.78,,,,,
2008-09-02,52.09,50.19,54.12,,,,29.79,28.71,30.82,,,,,
2008-09-03,52.03,50.13,54.09,,,,29.85,28.76,30.88,,,,,
2008-09-04,51.98,50.06,54.03,,,,29.9,28.82,30.97,,,,,
2008-09-05,51.93,49.99,54.02,,,,29.95,28.85,31.06,,,,,
2008-09-06,51.87,49.92,53.96,,,,30.01,28.88,31.11,,,,,
2008-09-07,51.82,49.85,53.89,,,,30.06,28.91,31.16,,,,,
2008-09-08,51.76,49.79,53.81,,,,30.12,29.0,31.21,,,,,
2008-09-09,51.71,49.71,53.74,,,,30.17,29.06,31.26,,,,,
2008-09-10,51.65,49.65,53.66,,,,30.23,29.1,31.33,,,,57.0,30.0
2008-09-11,51.59,49.59,53.58,,,,30.28,29.15,31.4,,,,,
2008-09-12,51.54,49.52,53.5,,,,30.34,29.19,31.47,,,,48.0,32.0
2008-09-13,51.48,49.46,53.43,,,,30.39,29.23,31.54,,,,,
2008-09-14,51.42,49.39,53.41,,,,30.45,29.26,31.61,,,,,
2008-09-15,51.36,49.35,53.34,,,,30.51,29.3,31.68,,,,,
2008-09-16,51.31,49.31,53.3,,,,30.56,29.34,31.75,,,,,
2008-09-17,51.25,49.26,53.27,,,,30.62,29.39,31.82,,,,52.0,26.0
2008-09-18,51.19,49.22,53.24,,,,30.67,29.44,31.88,,,,,
2008-09-19,51.13,49.18,53.19,,,,30.72,29.48,31.95,,,,,
2008-09-20,51.08,49.12,53.13,,,,30.78,29.54,32.01,,,,,
2008-09-21,51.02,49.08,53.06,,,,30.83,29.58,32.08,,,,,
2008-09-22,50.96,49.04,53.01,,,,30.89,29.61,32.14,,,,,
2008-09-23,50.91,49.0,52.95,,,,30.94,29.65,32.21,,,,,
2008-09-24,50.85,48.92,52.89,,,,31.0,29.69,32.27,,,,,
2008-09-25,50.8,48.84,52.85,,,,31.05,29.73,32.33,,,,,
2008-09-26,50.74,48.76,52.82,,,,31.11,29.76,32.39,,,,,
2008-09-27,50.69,48.68,52.79,,,,31.16,29.79,32.46,,,,,
2008-09-28,50.63,48.62,52.76,,,,31.22,29.82,32.52,,,,,
2008-09-29,50.58,48.57,52.73,,,,31.27,29.86,32.59,,,,,
2008-09-30,50.52,48.52,52.7,,,,31.33,29.89,32.68,,,,,
2008-10-01,50.47,48.47,52.66,,,,31.38,29.92,32.75,,,,,
2008-10-02,50.42,48.42,52.63,,,,31.44,29.97,32.8,,,,,
2008-10-03,50.36,48.38,52.6,,,,31.49,30.01,32.85,,,,,
2008-10-04,50.31,48.34,52.56,,,,31.55,30.06,32.91,,,,,
2008-10-05,50.26,48.24,52.52,,,,31.61,30.11,32.96,,,,,
2008-10-06,50.21,48.15,52.48,,,,31.66,30.16,33.01,,,,,
2008-10-07,50.16,48.05,52.41,,,,31.72,30.22,33.07,,,,,
2008-10-08,50.1,47.99,52.33,,,,31.78,30.27,33.13,,,,,
2008-10-09,50.05,47.94,52.26,,,,31.83,30.3,33.17,,,,58.0,32.0
2008-10-10,50.0,47.89,52.18,,,,31.89,30.35,33.22,,,,,
2008-10-11,49.95,47.84,52.13,,,,31.95,30.39,33.27,,,,,
2008-10-12,49.9,47.8,52.1,,,,32.01,30.43,33.31,,,,,
2008-10-13,49.85,47.75,52.05,,,,32.06,30.47,33.36,,,,,
2008-10-14,49.8,47.71,52.02,,,,32.12,30.51,33.42,,,,,
2008-10-15,49.75,47.67,51.98,,,,32.18,30.55,33.49,,,,,
2008-10-16,49.7,47.62,51.93,,,,32.24,30.59,33.55,,,,,
2008-10-17,49.65,47.58,51.86,,,,32.3,30.63,33.6,,,,49.0,34.0
2008-10-18,49.6,47.55,51.79,,,,32.35,30.68,33.65,,,,,
2008-10-19,49.55,47.51,51.73,,,,32.41,30.72,33.69,,,,,
2008-10-20,49.5,47.47,51.66,,,,32.47,30.76,33.76,,,,,
2008-10-21,49.46,47.44,51.59,,,,32.53,30.81,33.81,,,,,
2008-10-22,49.41,47.4,51.53,,,,32.59,30.86,33.89,,,,,
2008-10-23,49.36,47.37,51.5,,,,32.64,30.93,33.96,,,,,
2008-10-24,49.31,47.31,51.46,,,,32.7,31.0,34.01,,,,,
2008-10-25,49.26,47.29,51.42,,,,32.76,31.08,34.06,,,,,
2008-10-26,49.22,47.24,51.38,,,,32.82,31.14,34.15,,,,,
2008-10-27,49.17,47.18,51.34,,,,32.88,31.22,34.22,,,,44.0,31.0
2008-10-28,49.12,47.17,51.29,,,,32.94,31.29,34.27,,,,,
2008-10-29,49.07,47.13,51.25,,,,33.0,31.34,34.32,,,,,
2008-10-30,49.03,47.05,51.2,,,,33.05,31.37,34.37,,,,,
2008-10-31,48.98,46.96,51.14,,,,33.11,31.42,34.42,,,,,
2008-11-01,48.93,46.93,51.09,,,,33.17,31.46,34.47,,,,,
2008-11-02,48.89,46.88,51.04,,,,33.23,31.5,34.52,,,,,
2008-11-03,48.84,46.85,50.98,,,,33.28,31.58,34.54,,,,,
2008-11-04,48.79,46.83,50.9,,,,33.34,31.63,34.58,,,,,
2008-11-05,48.75,46.8,50.81,,,,33.4,31.69,34.65,,,,,
2008-11-06,48.7,46.74,50.73,,,,33.45,31.79,34.72,,,,,
2008-11-07,48.66,46.68,50.65,,,,33.51,31.85,34.77,,,,,
2008-11-08,48.61,46.63,50.57,,,,33.56,31.9,34.8,,,,,
2008-11-09,48.56,46.6,50.48,,,,33.62,31.95,34.85,,,,,
2008-11-10,48.52,46.57,50.39,,,,33.67,32.03,34.9,,,,,
2008-11-11,48.47,46.54,50.32,,,,33.73,32.1,34.97,,,,,
2008-11-12,48.43,46.48,50.3,,,,33.78,32.17,35.03,,,,,
2008-11-13,48.38,46.41,50.27,,,,33.83,32.24,35.09,,,,54.0,34.0
2008-11-14,48.33,46.36,50.25,,,,33.89,32.32,35.16,,,,45.0,36.0
2008-11-15,48.29,46.34,50.23,,,,33.94,32.39,35.19,,,,,
2008-11-16,48.24,46.32,50.19,,,,33.99,32.47,35.24,,,,,
2008-11-17,48.2,46.29,50.17,,,,34.04,32.55,35.3,,,,,
2008-11-18,48.16,46.27,50.13,,,,34.09,32.61,35.35,,,,,
2008-11-19,48.11,46.25,50.08,,,,34.14,32.65,35.4,,,,,
2008-11-20,48.07,46.22,50.01,,,,34.19,32.69,35.45,,,,,
2008-11-21,48.03,46.2,49.95,,,,34.23,32.74,35.5,,,,,
2008-11-22,47.99,46.18,49.89,,,,34.28,32.8,35.54,,,,,
2008-11-23,47.95,46.15,49.83,,,,34.32,32.9,35.58,,,,,
2008-11-24,47.91,46.13,49.78,,,,34.37,32.97,35.62,,,,47.0,34.0
2008-11-25,47.87,46.11,49.7,,,,34.41,33.04,35.65,,,,,
2008-11-26,47.84,46.11,49.66,,,,34.45,33.08,35.67,,,,,
2008-11-27,47.8,46.09,49.61,,,,34.49,33.12,35.69,,,,,
2008-11-28,47.77,46.06,49.56,,,,34.53,33.16,35.7,,,,,
2008-11-29,47.74,46.02,49.5,,,,34.57,33.21,35.71,,,,,
2008-11-30,47.7,45.99,49.45,,,,34.6,33.28,35.72,,,,,
2008-12-01,47.67,45.97,49.42,,,,34.64,33.35,35.78,,,,,
2008-12-02,47.65,45.97,49.38,,,,34.67,33.39,35.83,,,,,
2008-12-03,47.62,46.01,49.35,,,,34.7,33.4,35.85,,,,,
2008-12-04,47.59,46.05,49.32,,,,34.73,33.42,35.86,,,,,
2008-12-05,47.57,46.02,49.29,,,,34.76,33.47,35.87,,,,,
2008-12-06,47.55,46.0,49.26,,,,34.78,33.49,35.88,,,,,
2008-12-07,47.53,45.97,49.22,,,,34.81,33.51,35.9,,,,,
2008-12-08,47.51,45.96,49.19,,,,34.83,33.54,35.91,,,,,
2008-12-09,47.49,45.98,49.17,,,,34.85,33.58,35.9,,,,,
2008-12-10,47.47,45.99,49.14,,,,34.87,33.6,35.9,,,,,
2008-12-11,47.45,45.98,49.12,,,,34.88,33.6,35.91,,,,46.0,39.0
2008-12-12,47.44,45.97,49.12,,,,34.9,33.61,35.91,,,,43.0,38.0
2008-12-13,47.43,45.98,49.11,,,,34.91,33.62,35.93,,,,,
2008-12-14,47.42,45.98,49.13,,,,34.93,33.62,35.94,,,,,
2008-12-15,47.4,46.03,49.14,,,,34.94,33.63,35.95,,,,,
2008-12-16,47.39,46.09,49.14,,,,34.95,33.63,35.95,,,,43.0,35.0
2008-12-17,47.39,46.07,49.15,,,,34.95,33.64,35.94,,,,,
2008-12-18,47.38,46.04,49.14,,,,34.96,33.64,35.96,,,,,
2008-12-19,47.37,46.02,49.12,,,,34.96,33.65,35.98,,,,,
2008-12-20,47.37,46.03,49.1,,,,34.97,33.65,35.98,,,,,
2008-12-21,47.37,46.05,49.1,,,,34.97,33.65,35.98,,,,,
2008-12-22,47.37,46.07,49.1,,,,34.97,33.66,35.98,,,,,
2008-12-23,47.37,46.09,49.07,,,,34.97,33.65,35.98,,,,,
2008-12-24,47.37,46.1,49.11,,,,34.96,33.65,35.97,,,,,
2008-12-25,47.37,46.11,49.15,,,,34.96,33.65,35.96,,,,,
2008-12-26,47.38,46.1,49.19,,,,34.95,33.66,35.96,,,,,
2008-12-27,47.38,46.1,49.18,,,,34.94,33.64,35.95,,,,,
2008-12-28,47.39,46.13,49.17,,,,34.94,33.64,35.95,,,,,
2008-12-29,47.4,46.15,49.16,,,,34.93,33.63,35.93,,,,,
2008-12-30,47.41,46.17,49.15,,,,34.91,33.62,35.91,,,,,
2008-12-31,47.42,46.2,49.15,,,,34.9,33.61,35.9,,,,,
2009-01-01,47.43,46.22,49.16,,,,34.88,33.6,35.89,,,,,
2009-01-02,47.45,46.23,49.19,,,,34.87,33.59,35.88,,,,,
2009-01-03,47.47,46.24,49.21,,,,34.85,33.58,35.85,,,,,
2009-01-04,47.49,46.24,49.23,,,,34.83,33.57,35.84,,,,,
2009-01-05,47.51,46.25,49.27,,,,34.81,33.55,35.82,,,,,
2009-01-06,47.53,46.26,49.31,,,,34.79,33.54,35.81,,,,,
2009-01-07,47.55,46.31,49.35,,,,34.76,33.52,35.79,,,,,
2009-01-08,47.57,46.33,49.39,,,,34.74,33.47,35.77,,,,,
2009-01-09,47.6,46.34,49.42,,,,34.71,33.45,35.76,,,,,
2009-01-10,47.62,46.35,49.48,,,,34.69,33.4,35.75,,,,,
2009-01-11,47.65,46.39,49.54,,,,34.66,33.37,35.73,,,,,
2009-01-12,47.68,46.4,49.6,,,,34.63,33.33,35.72,,,,,
2009-01-13,47.71,46.42,49.64,,,,34.6,33.3,35.7,,,,,
2009-01-14,47.74,46.43,49.67,,,,34.57,33.26,35.68,,,,,
2009-01-15,47.77,46.45,49.69,,,,34.54,33.22,35.64,,,,50.0,38.0
2009-01-16,47.81,46.47,49.74,,,,34.51,33.2,35.61,,,,44.0,38.0
2009-01-17,47.84,46.49,49.8,,,,34.48,33.18,35.6,,,,,
2009-01-18,47.88,46.49,49.85,,,,34.45,33.13,35.59,,,,,
2009-01-19,47.91,46.52,49.9,,,,34.42,33.07,35.58,,,,,
2009-01-20,47.95,46.54,49.96,,,,34.38,33.02,35.57,,,,,
2009-01-21,47.99,46.57,50.01,,,,34.35,32.98,35.55,,,,,
2009-01-22,48.03,46.6,50.07,,,,34.31,32.93,35.54,,,,,
2009-01-23,48.07,46.64,50.13,,,,34.28,32.89,35.53,,,,,
2009-01-24,48.11,46.67,50.18,,,,34.25,32.84,35.51,,,,,
2009-01-25,48.16,46.7,50.24,,,,34.21,32.8,35.5,,,,,
2009-01-26,48.2,46.74,50.3,,,,34.17,32.75,35.48,,,,,
2009-01-27,48.25,46.77,50.36,,,,34.14,32.71,35.46,,,,46.0,34.0
2009-01-28,48.29,46.8,50.42,,,,34.1,32.66,35.44,,,,,
2009-01-29,48.34,46.82,50.48,,,,34.06,32.61,35.42,,,,,
2009-01-30,48.39,46.83,50.54,,,,34.03,32.56,35.4,,,,,
2009-01-31,48.43,46.86,50.61,,,,33.99,32.51,35.38,,,,,
2009-02-01,48.48,46.89,50.67,,,,33.95,32.47,35.34,,,,,
2009-02-02,48.53,46.95,50.73,,,,33.91,32.42,35.33,,,,,
2009-02-03,48.58,46.99,50.79,,,,33.87,32.37,35.31,,,,,
2009-02-04,48.63,47.03,50.85,,,,33.83,32.33,35.29,,,,,
2009-02-05,48.68,47.06,50.91,,,,33.79,32.28,35.26,,,,,
2009-02-06,48.74,47.09,50.98,,,,33.75,32.23,35.24,,,,,
2009-02-07,48.79,47.13,51.04,,,,33.71,32.18,35.21,,,,,
2009-02-08,48.84,47.2,51.1,,,,33.67,32.14,35.16,,,,,
2009-02-09,48.89,47.24,51.16,,,,33.63,32.09,35.11,,,,,
2009-02-10,48.95,47.29,51.22,,,,33.58,32.02,35.05,,,,,
2009-02-11,49.0,47.35,51.28,,,,33.54,31.96,35.0,,,,,
2009-02-12,49.05,47.39,51.35,,,,33.5,31.91,34.95,,,,50.0,38.0
2009-02-13,49.11,47.43,51.4,,,,33.46,31.86,34.92,,,,43.0,34.0
2009-02-14,49.16,47.48,51.46,,,,33.41,31.81,34.89,,,,,
2009-02-15,49.21,47.51,51.53,,,,33.37,31.76,34.87,,,,,
2009-02-16,49.27,47.54,51.61,,,,33.32,31.72,34.84,,,,,
2009-02-17,49.32,47.59,51.68,,,,33.28,31.67,34.8,,,,,
2009-02-18,49.38,47.65,51.75,,,,33.24,31.62,34.74,,,,,
2009-02-19,49.43,47.7,51.83,,,,33.19,31.58,34.68,,,,,
2009-02-20,49.49,47.76,51.87,,,,33.15,31.57,34.62,,,,,
2009-02-21,49.55,47.84,51.91,,,,33.1,31.55,34.58,,,,,
2009-02-22,49.6,47.87,51.95,,,,33.06,31.54,34.54,,,,,
2009-02-23,49.66,47.91,51.99,,,,33.02,31.51,34.49,,,,,
2009-02-24,49.71,47.95,52.04,,,,32.97,31.48,34.43,,,,46.0,32.0
2009-02-25,49.77,47.98,52.09,,,,32.93,31.45,34.4,,,,,
2009-02-26,49.83,48.02,52.15,,,,32.89,31.42,34.36,,,,,
2009-02-27,49.89,48.06,52.21,,,,32.84,31.38,34.33,,,,,
2009-02-28,49.94,48.12,52.27,,,,32.8,31.34,34.29,,,,,
2009-03-01,50.0,48.17,52.32,,,,32.76,31.26,34.23,,,,,
2009-03-02,50.06,48.21,52.37,,,,32.71,31.19,34.16,,,,,
2009-03-03,50.11,48.26,52.42,,,,32.67,31.11,34.1,,,,,
2009-03-04,50.17,48.34,52.47,,,,32.63,31.03,34.06,,,,,
2009-03-05,50.23,48.41,52.52,,,,32.59,30.99,34.02,,,,,
2009-03-06,50.28,48.45,52.57,,,,32.55,30.95,33.98,,,,,
2009-03-07,50.34,48.49,52.61,,,,32.51,30.92,33.95,,,,,
2009-03-08,50.39,48.59,52.65,,,,32.47,30.88,33.9,,,,,
2009-03-09,50.45,48.64,52.72,,,,32.43,30.85,33.85,,,,,
2009-03-10,50.5,48.68,52.78,,,,32.39,30.82,33.79,,,,,
2009-03-11,50.56,48.72,52.83,,,,32.35,30.81,33.75,,,,,
2009-03-12,50.61,48.76,52.88,,,,32.31,30.81,33.72,,,,59.0,30.0
2009-03-13,50.66,48.8,52.9,,,,32.28,30.81,33.7,,,,52.0,30.0
2009-03-14,50.71,48.86,52.93,,,,32.24,30.81,33.67,,,,,
2009-03-15,50.76,48.92,52.98,,,,32.2,30.78,33.65,,,,,
2009-03-16,50.81,48.97,53.05,,,,32.17,30.76,33.62,,,,,
2009-03-17,50.86,49.03,53.13,,,,32.13,30.75,33.6,,,,,
2009-03-18,50.91,49.07,53.17,,,,32.1,30.72,33.56,,,,,
2009-03-19,50.96,49.11,53.19,,,,32.07,30.69,33.5,,,,,
2009-03-20,51.0,49.15,53.22,,,,32.03,30.66,33.47,,,,,
2009-03-21,51.05,49.22,53.24,,,,32.0,30.63,33.44,,,,,
2009-03-22,51.09,49.28,53.27,,,,31.97,30.59,33.42,,,,,
2009-03-23,51.13,49.35,53.29,,,,31.94,30.57,33.39,,,,,
2009-03-24,51.18,49.4,53.32,,,,31.91,30.55,33.36,,,,49.0,28.0
2009-03-25,51.22,49.41,53.37,,,,31.88,30.53,33.33,,,,,
2009-03-26,51.26,49.42,53.42,,,,31.85,30.51,33.3,,,,,
2009-03-27,51.3,49.45,53.44,,,,31.82,30.47,33.27,,,,,
2009-03-28,51.34,49.5,53.46,,,,31.79,30.44,33.25,,,,,
2009-03-29,51.38,49.55,53.49,,,,31.76,30.45,33.22,,,,,
2009-03-30,51.41,49.59,53.5,,,,31.74,30.43,33.17,,,,,
2009-03-31,51.45,49.64,53.52,,,,31.71,30.41,33.14,,,,,
2009-04-01,51.48,49.68,53.53,,,,31.69,30.4,33.11,,,,,
2009-04-02,51.52,49.73,53.53,,,,31.66,30.38,33.08,,,,,
2009-04-03,51.55,49.77,53.53,,,,31.64,30.37,33.06,,,,56.0,31.0
2009-04-04,51.58,49.81,53.54,,,,31.62,30.36,33.03,,,,,
2009-04-05,51.62,49.86,53.55,,,,31.6,30.35,33.01,,,,,
2009-04-06,51.65,49.9,53.57,,,,31.58,30.34,32.98,,,,,
2009-04-07,51.68,49.94,53.59,,,,31.56,30.33,32.95,,,,,
2009-04-08,51.71,49.98,53.61,,,,31.54,30.31,32.93,,,,,
2009-04-09,51.73,50.03,53.62,,,,31.52,30.28,32.93,,,,,
2009-04-10,51.76,50.05,53.63,,,,31.5,30.26,32.89,,,,,
2009-04-11,51.79,50.08,53.64,,,,31.48,30.24,32.86,,,,,
2009-04-12,51.82,50.13,53.65,,,,31.47,30.22,32.82,,,,,
2009-04-13,51.85,50.18,53.65,,,,31.45,30.22,32.8,,,,,
2009-04-14,51.87,50.19,53.65,,,,31.43,30.23,32.78,,,,,
2009-04-15,51.9,50.2,53.67,,,,31.41,30.23,32.76,,,,,
2009-04-16,51.93,50.2,53.74,,,,31.4,30.25,32.73,,,,,
2009-04-17,51.95,50.23,53.75,,,,31.38,30.24,32.7,,,,52.0,29.0
2009-04-18,51.98,50.25,53.75,,,,31.36,30.23,32.68,,,,,
2009-04-19,52.0,50.27,53.72,,,,31.35,30.21,32.65,,,,,
2009-04-20,52.03,50.29,53.75,,,,31.33,30.2,32.62,,,,,
2009-04-21,52.05,50.33,53.79,,,,31.32,30.19,32.59,,,,,
2009-04-22,52.08,50.35,53.83,,,,31.3,30.17,32.55,,,,56.0,26.0
2009-04-23,52.1,50.38,53.85,,,,31.29,30.16,32.52,,,,,
2009-04-24,52.13,50.41,53.87,,,,31.28,30.16,32.49,,,,,
2009-04-25,52.15,50.43,53.9,,,,31.26,30.15,32.47,,,,,
2009-04-26,52.18,50.46,53.9,,,,31.25,30.13,32.45,,,,,
2009-04-27,52.2,50.51,53.91,,,,31.24,30.12,32.43,,,,,
2009-04-28,52.22,50.53,53.94,,,,31.23,30.11,32.43,,,,,
2009-04-29,52.24,50.55,53.96,,,,31.22,30.09,32.42,,,,,
2009-04-30,52.26,50.58,54.03,,,,31.22,30.06,32.43,,,,,
2009-05-01,52.28,50.61,54.06,,,,31.21,30.03,32.43,,,,,
2009-05-02,52.3,50.6,54.05,,,,31.2,30.01,32.44,,,,,
2009-05-03,52.32,50.58,54.04,,,,31.2,30.0,32.44,,,,,
2009-05-04,52.34,50.61,54.07,,,,31.19,29.98,32.45,,,,,
2009-05-05,52.36,50.66,54.09,,,,31.19,29.98,32.45,,,,,
2009-05-06,52.37,50.67,54.11,,,,31.19,30.0,32.46,,,,,
2009-05-07,52.38,50.68,54.11,,,,31.19,30.02,32.48,,,,57.0,33.0
2009-05-08,52.4,50.7,54.15,,,,31.19,30.05,32.51,,,,,
2009-05-09,52.41,50.72,54.13,,,,31.19,30.07,32.52,,,,,
2009-05-10,52.42,50.74,54.11,,,,31.19,30.05,32.52,,,,,
2009-05-11,52.42,50.76,54.1,,,,31.19,30.04,32.53,,,,,
2009-05-12,52.43,50.75,54.11,,,,31.2,30.06,32.53,,,,,
2009-05-13,52.43,50.77,54.12,,,,31.2,30.08,32.53,,,,,
2009-05-14,52.44,50.78,54.14,,,,31.2,30.1,32.53,,,,,
2009-05-15,52.44,50.79,54.16,,,,31.21,30.12,32.54,,,,,
2009-05-16,52.44,50.75,54.18,,,,31.22,30.13,32.55,,,,,
2009-05-17,52.44,50.7,54.18,,,,31.22,30.12,32.57,,,,,
2009-05-18,52.44,50.68,54.2,,,,31.23,30.12,32.59,,,,,
2009-05-19,52.43,50.67,54.22,,,,31.24,30.08,32.61,,,,,
2009-05-20,52.43,50.65,54.23,,,,31.24,30.06,32.63,,,,,
2009-05-21,52.42,50.64,54.25,,,,31.25,30.07,32.65,,,,,
2009-05-22,52.42,50.62,54.26,,,,31.26,30.08,32.67,,,,,
2009-05-23,52.41,50.61,54.25,,,,31.27,30.08,32.67,,,,,
2009-05-24,52.4,50.6,54.23,,,,31.28,30.08,32.7,,,,,
2009-05-25,52.39,50.59,54.22,,,,31.29,30.09,32.73,,,,,
2009-05-26,52.38,50.58,54.2,,,,31.3,30.11,32.75,,,,,
2009-05-27,52.37,50.56,54.19,,,,31.31,30.11,32.77,,,,53.0,26.0
2009-05-28,52.35,50.55,54.17,,,,31.32,30.11,32.79,,,,,
2009-05-29,52.34,50.54,54.15,,,,31.33,30.11,32.81,,,,51.0,35.0
2009-05-30,52.32,50.51,54.11,,,,31.34,30.11,32.83,,,,,
2009-05-31,52.31,50.51,54.11,,,,31.35,30.12,32.84,,,,,
2009-06-01,52.29,50.51,54.07,,,,31.37,30.15,32.86,,,,,
2009-06-02,52.27,50.49,54.06,,,,31.38,30.16,32.88,,,,,
2009-06-03,52.26,50.47,54.05,,,,31.39,30.17,32.9,,,,,
2009-06-04,52.24,50.46,54.04,,,,31.41,30.18,32.9,,,,,
2009-06-05,52.22,50.44,54.03,,,,31.42,30.19,32.91,,,,,
2009-06-06,52.2,50.43,54.03,,,,31.43,30.19,32.9,,,,,
2009-06-07,52.18,50.42,54.02,,,,31.45,30.2,32.92,,,,,
2009-06-08,52.15,50.4,54.01,,,,31.47,30.22,32.95,,,,,
2009-06-09,52.13,50.39,54.0,,,,31.48,30.25,32.98,,,,,
2009-06-10,52.11,50.38,53.99,,,,31.5,30.27,33.01,,,,,
2009-06-11,52.09,50.36,53.98,,,,31.52,30.28,33.03,,,,58.0,33.0
2009-06-12,52.06,50.31,53.94,,,,31.53,30.29,33.05,,,,,
2009-06-13,52.04,50.26,53.92,,,,31.55,30.28,33.06,,,,,
2009-06-14,52.02,50.2,53.86,,,,31.57,30.29,33.08,,,,,
2009-06-15,51.99,50.15,53.82,,,,31.59,30.29,33.09,,,,,
2009-06-16,51.97,50.14,53.78,,,,31.6,30.31,33.1,,,,,
2009-06-17,51.95,50.12,53.77,,,,31.62,30.31,33.13,,,,,
2009-06-18,51.92,50.09,53.74,,,,31.64,30.31,33.16,,,,,
2009-06-19,51.9,50.07,53.7,,,,31.66,30.31,33.18,,,,45.0,37.0
2009-06-20,51.88,50.05,53.68,,,,31.67,30.3,33.2,,,,,
2009-06-21,51.86,50.03,53.67,,,,31.69,30.3,33.23,,,,,
2009-06-22,51.84,50.01,53.67,,,,31.7,30.29,33.26,,,,,
2009-06-23,51.81,50.0,53.67,,,,31.72,30.28,33.29,,,,49.0,30.0
2009-06-24,51.79,49.98,53.67,,,,31.74,30.27,33.32,,,,,
2009-06-25,51.77,49.97,53.68,,,,31.75,30.26,33.34,,,,,
2009-06-26,51.75,49.95,53.68,,,,31.76,30.25,33.35,,,,,
2009-06-27,51.73,49.94,53.68,,,,31.78,30.24,33.37,,,,,
2009-06-28,51.71,49.92,53.66,,,,31.79,30.23,33.38,,,,,
2009-06-29,51.7,49.91,53.64,,,,31.8,30.21,33.39,,,,,
2009-06-30,51.68,49.89,53.63,,,,31.81,30.2,33.4,,,,,
2009-07-01,51.66,49.88,53.61,,,,31.83,30.18,33.4,,,,,
2009-07-02,51.65,49.86,53.59,,,,31.84,30.17,33.41,,,,,
2009-07-03,51.63,49.86,53.57,,,,31.85,30.15,33.41,,,,,
2009-07-04,51.62,49.85,53.55,,,,31.86,30.16,33.42,,,,,
2009-07-05,51.6,49.84,53.54,,,,31.86,30.19,33.42,,,,,
2009-07-06,51.59,49.81,53.52,,,,31.87,30.16,33.43,,,,,
2009-07-07,51.58,49.8,53.52,,,,31.88,30.17,33.45,,,,,
2009-07-08,51.56,49.81,53.52,,,,31.89,30.19,33.48,,,,,
2009-07-09,51.55,49.8,53.52,,,,31.89,30.21,33.51,,,,,
2009-07-10,51.54,49.79,53.52,,,,31.9,30.23,33.54,,,,,
2009-07-11,51.53,49.8,53.52,,,,31.9,30.25,33.56,,,,,
2009-07-12,51.52,49.79,53.52,,,,31.9,30.27,33.57,,,,,
2009-07-13,51.51,49.8,53.5,,,,31.91,30.3,33.56,,,,,
2009-07-14,51.5,49.79,53.46,,,,31.91,30.32,33.55,,,,,
2009-07-15,51.49,49.78,53.41,,,,31.91,30.33,33.54,,,,,
2009-07-16,51.48,49.79,53.41,,,,31.91,30.32,33.54,,,,57.0,31.0
2009-07-17,51.48,49.78,53.4,,,,31.91,30.31,33.53,,,,46.0,37.0
2009-07-18,51.47,49.78,53.36,,,,31.91,30.3,33.52,,,,,
2009-07-19,51.46,49.78,53.36,,,,31.91,30.28,33.52,,,,,
2009-07-20,51.46,49.78,53.36,,,,31.91,30.28,33.53,,,,,
2009-07-21,51.45,49.78,53.36,,,,31.91,30.26,33.52,,,,,
2009-07-22,51.45,49.79,53.35,,,,31.91,30.25,33.51,,,,,
2009-07-23,51.44,49.78,53.34,,,,31.91,30.23,33.51,,,,,
2009-07-24,51.44,49.77,53.32,,,,31.91,30.21,33.5,,,,,
2009-07-25,51.44,49.75,53.32,,,,31.9,30.19,33.49,,,,,
2009-07-26,51.43,49.73,53.31,,,,31.9,30.18,33.53,,,,,
2009-07-27,51.43,49.72,53.31,,,,31.9,30.18,33.57,,,,,
2009-07-28,51.43,49.7,53.33,,,,31.89,30.19,33.59,,,,52.0,28.0
2009-07-29,51.43,49.69,53.34,,,,31.89,30.19,33.6,,,,,
2009-07-30,51.43,49.67,53.34,,,,31.89,30.18,33.6,,,,,
2009-07-31,51.43,49.68,53.34,,,,31.88,30.15,33.61,,,,,
2009-08-01,51.43,49.68,53.35,,,,31.88,30.12,33.61,,,,,
2009-08-02,51.43,49.69,53.35,,,,31.87,30.09,33.61,,,,,
2009-08-03,51.43,49.69,53.36,,,,31.87,30.07,33.6,,,,,
2009-08-04,51.43,49.7,53.37,,,,31.86,30.06,33.6,,,,,
2009-08-05,51.44,49.7,53.38,,,,31.85,30.03,33.6,,,,,
2009-08-06,51.44,49.71,53.38,,,,31.85,30.0,33.59,,,,,
2009-08-07,51.44,49.72,53.38,,,,31.84,29.99,33.59,,,,,
2009-08-08,51.44,49.73,53.39,,,,31.84,29.97,33.58,,,,,
2009-08-09,51.45,49.74,53.38,,,,31.83,29.96,33.57,,,,,
2009-08-10,51.45,49.76,53.38,,,,31.82,29.95,33.57,,,,,
2009-08-11,51.45,49.77,53.38,,,,31.82,29.93,33.55,,,,,
2009-08-12,51.46,49.78,53.38,,,,31.81,29.92,33.54,,,,,
2009-08-13,51.46,49.78,53.37,,,,31.8,29.9,33.54,,,,55.0,35.0
2009-08-14,51.46,49.79,53.36,,,,31.8,29.89,33.54,,,,,
2009-08-15,51.47,49.79,53.35,,,,31.79,29.88,33.53,,,,,
2009-08-16,51.47,49.79,53.34,,,,31.79,29.88,33.52,,,,,
2009-08-17,51.48,49.79,53.33,,,,31.78,29.87,33.53,,,,,
2009-08-18,51.48,49.79,53.32,,,,31.78,29.86,33.54,,,,,
2009-08-19,51.48,49.78,53.32,,,,31.77,29.85,33.53,,,,,
2009-08-20,51.49,49.78,53.32,,,,31.77,29.86,33.53,,,,,
2009-08-21,51.49,49.77,53.31,,,,31.77,29.88,33.55,,,,47.0,38.0
2009-08-22,51.49,49.76,53.33,,,,31.76,29.9,33.57,,,,,
2009-08-23,51.5,49.76,53.35,,,,31.76,29.89,33.57,,,,,
2009-08-24,51.5,49.75,53.37,,,,31.76,29.89,33.56,,,,,
2009-08-25,51.5,49.74,53.4,,,,31.76,29.89,33.55,,,,51.0,31.0
2009-08-26,51.51,49.76,53.42,,,,31.76,29.88,33.54,,,,,
2009-08-27,51.51,49.79,53.4,,,,31.76,29.87,33.53,,,,42.0,23.0
2009-08-28,51.51,49.81,53.39,,,,31.76,29.86,33.52,,,,,
2009-08-29,51.51,49.83,53.37,,,,31.76,29.86,33.51,,,,,
2009-08-30,51.52,49.84,53.35,,,,31.76,29.85,33.5,,,,,
2009-08-31,51.52,49.84,53.34,,,,31.77,29.84,33.49,,,,,
2009-09-01,51.52,49.83,53.33,,,,31.77,29.84,33.49,,,,,
2009-09-02,51.52,49.83,53.31,,,,31.78,29.83,33.48,,,,,
2009-09-03,51.52,49.83,53.29,,,,31.78,29.84,33.49,,,,,
2009-09-04,51.52,49.82,53.29,,,,31.78,29.83,33.51,,,,,
2009-09-05,51.52,49.82,53.29,,,,31.79,29.83,33.51,,,,,
2009-09-06,51.52,49.82,53.29,,,,31.8,29.83,33.51,,,,,
2009-09-07,51.52,49.82,53.28,,,,31.8,29.86,33.51,,,,,
2009-09-08,51.52,49.84,53.27,,,,31.81,29.86,33.53,,,,,
2009-09-09,51.52,49.85,53.27,,,,31.82,29.86,33.53,,,,,
2009-09-10,51.52,49.86,53.26,,,,31.82,29.85,33.54,,,,59.0,31.0
2009-09-11,51.51,49.88,53.26,,,,31.83,29.85,33.55,,,,,
2009-09-12,51.51,49.88,53.26,,,,31.84,29.85,33.56,,,,,
2009-09-13,51.51,49.89,53.25,,,,31.85,29.84,33.57,,,,,
2009-09-14,51.51,49.88,53.22,,,,31.86,29.84,33.58,,,,,
2009-09-15,51.5,49.84,53.21,,,,31.86,29.87,33.58,,,,,
2009-09-16,51.5,49.81,53.2,,,,31.87,29.9,33.59,,,,,
2009-09-17,51.5,49.83,53.2,,,,31.88,29.88,33.6,,,,,
2009-09-18,51.49,49.88,53.2,,,,31.89,29.85,33.61,,,,,
2009-09-19,51.49,49.91,53.2,,,,31.9,29.84,33.62,,,,,
2009-09-20,51.49,49.94,53.2,,,,31.91,29.86,33.62,,,,,
2009-09-21,51.48,49.94,53.2,,,,31.92,29.88,33.64,,,,,
2009-09-22,51.48,49.93,53.2,,,,31.93,29.91,33.65,,,,52.0,30.0
2009-09-23,51.47,49.93,53.2,,,,31.95,29.94,33.67,,,,,
2009-09-24,51.47,49.9,53.19,,,,31.96,29.96,33.69,,,,,
2009-09-25,51.47,49.87,53.19,,,,31.97,29.99,33.71,,,,45.0,39.0
2009-09-26,51.46,49.84,53.19,,,,31.98,30.01,33.73,,,,,
2009-09-27,51.46,49.82,53.19,,,,31.99,30.04,33.74,,,,56.0,34.0
2009-09-28,51.45,49.82,53.18,,,,32.0,30.06,33.74,,,,,
2009-09-29,51.45,49.82,53.18,,,,32.02,30.09,33.75,,,,,
2009-09-30,51.44,49.83,53.18,,,,32.03,30.11,33.75,,,,,
2009-10-01,51.44,49.83,53.18,,,,32.04,30.12,33.75,,,,,
2009-10-02,51.44,49.82,53.17,,,,32.06,30.14,33.76,,,,,
2009-10-03,51.43,49.8,53.17,,,,32.07,30.15,33.78,,,,,
2009-10-04,51.43,49.81,53.16,,,,32.08,30.17,33.79,,,,54.0,34.0
2009-10-05,51.42,49.83,53.16,,,,32.1,30.18,33.81,,,,,
2009-10-06,51.42,49.84,53.16,,,,32.11,30.2,33.83,,,,,
2009-10-07,51.41,49.85,53.15,,,,32.13,30.22,33.84,,,,,
2009-10-08,51.41,49.86,53.15,,,,32.14,30.24,33.86,,,,52.0,18.0
2009-10-09,51.4,49.86,53.14,,,,32.15,30.26,33.89,,,,,
2009-10-10,51.39,49.86,53.14,,,,32.17,30.28,33.91,,,,,
2009-10-11,51.39,49.86,53.13,,,,32.18,30.3,33.94,,,,,
2009-10-12,51.38,49.85,53.13,,,,32.2,30.32,33.96,,,,,
2009-10-13,51.37,49.85,53.12,,,,32.22,30.31,33.99,,,,,
2009-10-14,51.37,49.85,53.11,,,,32.23,30.29,34.02,,,,,
2009-10-15,51.36,49.84,53.09,,,,32.25,30.3,34.03,,,,58.0,31.0
2009-10-16,51.35,49.84,53.06,,,,32.26,30.31,34.03,,,,49.0,34.0
2009-10-17,51.34,49.83,53.05,,,,32.28,30.31,34.04,,,,,
2009-10-18,51.33,49.83,53.05,,,,32.3,30.32,34.04,,,,,
2009-10-19,51.32,49.82,53.04,,,,32.31,30.34,34.04,,,,,
2009-10-20,51.32,49.81,53.03,,,,32.33,30.35,34.05,,,,,
2009-10-21,51.31,49.81,53.03,,,,32.35,30.36,34.05,,,,,
2009-10-22,51.3,49.8,53.03,,,,32.36,30.38,34.07,,,,,
2009-10-23,51.29,49.8,53.03,,,,32.38,30.4,34.1,,,,,
2009-10-24,51.28,49.79,53.03,,,,32.4,30.41,34.13,,,,,
2009-10-25,51.27,49.79,53.02,,,,32.42,30.43,34.17,,,,,
2009-10-26,51.26,49.78,53.01,,,,32.43,30.46,34.18,,,,,
2009-10-27,51.25,49.76,52.99,,,,32.45,30.48,34.23,,,,53.0,28.0
2009-10-28,51.24,49.73,52.98,,,,32.47,30.5,34.25,,,,,
2009-10-29,51.23,49.69,52.97,,,,32.49,30.52,34.25,,,,,
2009-10-30,51.22,49.65,52.96,,,,32.51,30.55,34.26,,,,,
2009-10-31,51.21,49.62,52.96,,,,32.53,30.59,34.28,,,,,
2009-11-01,51.2,49.59,52.96,,,,32.55,30.62,34.31,,,,,
2009-11-02,51.19,49.55,52.95,,,,32.57,30.65,34.33,,,,,
2009-11-03,51.18,49.52,52.94,,,,32.59,30.68,34.36,,,,,
2009-11-04,51.17,49.51,52.93,,,,32.61,30.71,34.38,,,,,
2009-11-05,51.16,49.51,52.92,,,,32.63,30.75,34.41,,,,,
2009-11-06,51.15,49.51,52.91,,,,32.65,30.79,34.44,,,,,
2009-11-07,51.14,49.51,52.9,,,,32.68,30.84,34.45,,,,,
2009-11-08,51.12,49.5,52.88,,,,32.7,30.88,34.47,,,,,
2009-11-09,51.11,49.49,52.86,,,,32.72,30.93,34.49,,,,,
2009-11-10,51.1,49.49,52.84,,,,32.75,30.97,34.5,,,,,
2009-11-11,51.09,49.49,52.82,,,,32.77,31.02,34.52,,,,,
2009-11-12,51.08,49.49,52.8,,,,32.8,31.06,34.54,,,,57.0,33.0
2009-11-13,51.06,49.48,52.78,,,,32.83,31.11,34.56,,,,48.0,35.0
2009-11-14,51.05,49.49,52.75,,,,32.86,31.16,34.57,,,,,
2009-11-15,51.03,49.48,52.73,,,,32.89,31.18,34.56,,,,,
2009-11-16,51.02,49.44,52.7,,,,32.92,31.2,34.57,,,,,
2009-11-17,51.01,49.41,52.68,,,,32.95,31.22,34.6,,,,,
2009-11-18,50.99,49.41,52.65,,,,32.98,31.25,34.63,,,,,
2009-11-19,50.98,49.42,52.63,,,,33.01,31.27,34.67,,,,,
2009-11-20,50.96,49.39,52.62,,,,33.04,31.3,34.7,,,,,
2009-11-21,50.94,49.38,52.6,,,,33.08,31.32,34.74,,,,,
2009-11-22,50.93,49.36,52.58,,,,33.11,31.35,34.77,,,,,
2009-11-23,50.91,49.33,52.55,,,,33.15,31.39,34.81,,,,,
2009-11-24,50.89,49.31,52.54,,,,33.19,31.45,34.85,,,,48.0,31.0
2009-11-25,50.87,49.29,52.55,,,,33.23,31.5,34.86,,,,,
2009-11-26,50.85,49.27,52.53,,,,33.27,31.53,34.88,,,,,
2009-11-27,50.83,49.25,52.5,,,,33.31,31.59,34.95,,,,,
2009-11-28,50.81,49.23,52.45,,,,33.35,31.62,35.01,,,,,
2009-11-29,50.79,49.21,52.41,,,,33.4,31.66,35.05,,,,,
2009-11-30,50.76,49.2,52.36,,,,33.45,31.71,35.1,,,,,
2009-12-01,50.74,49.18,52.32,,,,33.49,31.77,35.17,,,,,
2009-12-02,50.72,49.16,52.28,,,,33.54,31.83,35.21,,,,,
2009-12-03,50.69,49.14,52.23,,,,33.59,31.9,35.27,,,,52.0,37.0
2009-12-04,50.66,49.12,52.22,,,,33.64,31.98,35.33,,,,,
2009-12-05,50.64,49.1,52.2,,,,33.7,32.06,35.4,,,,,
2009-12-06,50.61,49.09,52.2,,,,33.75,32.13,35.46,,,,,
2009-12-07,50.58,49.06,52.19,,,,33.8,32.18,35.52,,,,,
2009-12-08,50.55,49.02,52.17,,,,33.86,32.23,35.56,,,,,
2009-12-09,50.52,49.01,52.16,,,,33.92,32.28,35.6,,,,,
2009-12-10,50.48,49.01,52.12,,,,33.97,32.34,35.66,,,,52.0,38.0
2009-12-11,50.45,48.98,52.07,,,,34.03,32.39,35.71,,,,44.0,38.0
2009-12-12,50.42,48.93,52.06,,,,34.09,32.45,35.75,,,,,
2009-12-13,50.38,48.88,52.05,,,,34.15,32.51,35.78,,,,,
2009-12-14,50.35,48.83,52.01,,,,34.21,32.58,35.82,,,,,
2009-12-15,50.31,48.78,51.97,,,,34.27,32.66,35.89,,,,,
2009-12-16,50.28,48.74,51.93,,,,34.34,32.71,35.97,,,,,
2009-12-17,50.24,48.7,51.9,,,,34.4,32.76,36.06,,,,,
2009-12-18,50.2,48.65,51.85,,,,34.46,32.83,36.14,,,,,
2009-12-19,50.17,48.6,51.81,,,,34.53,32.91,36.2,,,,,
2009-12-20,50.13,48.57,51.76,,,,34.59,32.98,36.24,,,,,
2009-12-21,50.09,48.56,51.71,,,,34.65,33.08,36.29,,,,,
2009-12-22,50.05,48.55,51.68,,,,34.72,33.15,36.33,,,,,
2009-12-23,50.01,48.53,51.65,,,,34.78,33.22,36.37,,,,,
2009-12-24,49.98,48.51,51.63,,,,34.85,33.3,36.43,,,,,
2009-12-25,49.94,48.47,51.61,,,,34.92,33.39,36.48,,,,,
2009-12-26,49.9,48.42,51.58,,,,34.98,33.46,36.52,,,,,
2009-12-27,49.86,48.38,51.54,,,,35.05,33.49,36.59,,,,,
2009-12-28,49.83,48.34,51.49,,,,35.12,33.56,36.66,,,,,
2009-12-29,49.79,48.3,51.44,,,,35.19,33.71,36.72,,,,47.0,31.0
2009-12-30,49.75,48.23,51.39,,,,35.25,33.81,36.78,,,,,
2009-12-31,49.72,48.15,51.34,,,,35.32,33.87,36.84,,,,,
2010-01-01,49.68,48.06,51.29,,,,35.39,33.92,36.89,,,,,
2010-01-02,49.65,48.03,51.23,,,,35.46,34.04,36.94,,,,,
2010-01-03,49.62,47.99,51.2,,,,35.53,34.11,37.03,,,,,
2010-01-04,49.58,47.97,51.16,,,,35.6,34.16,37.09,,,,,
2010-01-05,49.55,47.96,51.11,,,,35.67,34.26,37.17,,,,,
2010-01-06,49.52,47.94,51.07,,,,35.74,34.35,37.27,,,,,
2010-01-07,49.49,47.93,51.03,,,,35.81,34.45,37.36,,,,,
2010-01-08,49.46,47.92,51.0,,,,35.88,34.55,37.42,,,,,
2010-01-09,49.43,47.91,50.99,,,,35.95,34.64,37.48,,,,,
2010-01-10,49.4,47.86,50.96,,,,36.02,34.7,37.54,,,,,
2010-01-11,49.38,47.81,50.95,,,,36.08,34.75,37.6,,,,,
2010-01-12,49.35,47.77,50.95,,,,36.15,34.8,37.65,,,,,
2010-01-13,49.33,47.76,50.94,,,,36.22,34.85,37.71,,,,,
2010-01-14,49.3,47.74,50.93,,,,36.28,34.93,37.77,,,,56.0,34.0
2010-01-15,49.28,47.73,50.89,,,,36.35,35.01,37.83,,,,,
2010-01-16,49.26,47.71,50.85,,,,36.41,35.09,37.91,,,,,
2010-01-17,49.24,47.72,50.82,,,,36.47,35.15,37.96,,,,,
2010-01-18,49.22,47.71,50.77,,,,36.54,35.22,38.05,,,,,
2010-01-19,49.21,47.72,50.73,,,,36.6,35.29,38.14,,,,,
2010-01-20,49.19,47.7,50.69,,,,36.66,35.35,38.17,,,,,
2010-01-21,49.18,47.67,50.7,,,,36.71,35.39,38.19,,,,,
2010-01-22,49.17,47.66,50.71,,,,36.77,35.43,38.23,,,,,
2010-01-23,49.16,47.64,50.72,,,,36.82,35.47,38.27,,,,,
2010-01-24,49.15,47.63,50.72,,,,36.88,35.51,38.3,,,,,
2010-01-25,49.14,47.63,50.74,,,,36.93,35.57,38.34,,,,,
2010-01-26,49.13,47.62,50.75,,,,36.98,35.65,38.41,,,,43.0,40.0
2010-01-27,49.12,47.58,50.76,,,,37.03,35.69,38.46,,,,,
2010-01-28,49.12,47.54,50.77,,,,37.08,35.73,38.51,,,,47.0,33.0
2010-01-29,49.11,47.5,50.79,,,,37.12,35.77,38.56,,,,,
2010-01-30,49.11,47.5,50.81,,,,37.17,35.81,38.61,,,,,
2010-01-31,49.11,47.49,50.82,,,,37.21,35.84,38.65,,,,,
2010-02-01,49.11,47.49,50.84,,,,37.26,35.88,38.69,,,,,
2010-02-02,49.11,47.49,50.86,,,,37.3,35.92,38.73,,,,,
2010-02-03,49.11,47.47,50.88,,,,37.34,35.96,38.78,,,,,
2010-02-04,49.11,47.46,50.9,,,,37.37,36.0,38.84,,,,,
2010-02-05,49.11,47.44,50.92,,,,37.41,36.03,38.86,,,,,
2010-02-06,49.11,47.42,50.94,,,,37.45,36.04,38.88,,,,,
2010-02-07,49.12,47.4,50.96,,,,37.49,36.05,38.89,,,,,
2010-02-08,49.12,47.39,50.99,,,,37.52,36.08,38.92,,,,,
2010-02-09,49.13,47.39,51.01,,,,37.56,36.11,38.93,,,,,
2010-02-10,49.13,47.4,51.04,,,,37.59,36.14,38.95,,,,,
2010-02-11,49.14,47.41,51.07,,,,37.62,36.16,38.97,,,,,
2010-02-12,49.15,47.42,51.09,,,,37.65,36.19,39.0,,,,,
2010-02-13,49.15,47.41,51.09,,,,37.69,36.22,39.04,,,,,
2010-02-14,49.16,47.4,51.09,,,,37.72,36.26,39.07,,,,,
2010-02-15,49.17,47.39,51.12,,,,37.75,36.29,39.09,,,,,
2010-02-16,49.18,47.39,51.14,,,,37.78,36.31,39.12,,,,,
2010-02-17,49.19,47.37,51.15,,,,37.81,36.33,39.14,,,,,
2010-02-18,49.2,47.37,51.16,,,,37.84,36.38,39.17,,,,50.0,38.0
2010-02-19,49.21,47.36,51.17,,,,37.86,36.42,39.2,,,,,
2010-02-20,49.22,47.35,51.18,,,,37.89,36.44,39.23,,,,,
2010-02-21,49.23,47.34,51.18,,,,37.92,36.47,39.26,,,,,
2010-02-22,49.24,47.34,51.19,,,,37.94,36.51,39.29,,,,,
2010-02-23,49.25,47.33,51.2,,,,37.97,36.54,39.35,,,,,
2010-02-24,49.26,47.33,51.21,,,,38.0,36.58,39.37,,,,,
2010-02-25,49.27,47.32,51.22,,,,38.02,36.61,39.39,,,,50.0,39.0
2010-02-26,49.28,47.32,51.22,,,,38.05,36.65,39.42,,,,,
2010-02-27,49.3,47.32,51.24,,,,38.07,36.67,39.44,,,,,
2010-02-28,49.31,47.32,51.24,,,,38.1,36.69,39.45,,,,,
2010-03-01,49.32,47.32,51.28,,,,38.12,36.72,39.47,,,,,
2010-03-02,49.33,47.32,51.32,,,,38.15,36.74,39.5,,,,,
2010-03-03,49.35,47.32,51.36,,,,38.17,36.77,39.52,,,,,
2010-03-04,49.36,47.32,51.41,,,,38.19,36.79,39.54,,,,48.0,44.0
2010-03-05,49.37,47.33,51.46,,,,38.22,36.81,39.57,,,,,
2010-03-06,49.38,47.33,51.46,,,,38.24,36.83,39.59,,,,,
2010-03-07,49.4,47.31,51.46,,,,38.26,36.85,39.6,,,,,
2010-03-08,49.41,47.29,51.46,,,,38.29,36.88,39.62,,,,,
2010-03-09,49.43,47.28,51.46,,,,38.31,36.9,39.65,,,,,
2010-03-10,49.44,47.26,51.5,,,,38.33,36.93,39.67,,,,,
2010-03-11,49.45,47.24,51.54,,,,38.35,36.94,39.69,,,,,
2010-03-12,49.47,47.23,51.58,,,,38.37,36.94,39.7,,,,,
2010-03-13,49.48,47.23,51.59,,,,38.39,36.94,39.72,,,,,
2010-03-14,49.49,47.24,51.58,,,,38.42,36.95,39.75,,,,,
2010-03-15,49.5,47.24,51.58,,,,38.44,36.95,39.78,,,,,
2010-03-16,49.52,47.25,51.57,,,,38.46,36.95,39.8,,,,,
2010-03-17,49.53,47.25,51.6,,,,38.48,36.95,39.82,,,,,
2010-03-18,49.54,47.26,51.64,,,,38.5,36.96,39.83,,,,49.0,39.0
2010-03-19,49.55,47.26,51.67,,,,38.52,36.96,39.85,,,,42.0,42.0
2010-03-20,49.57,47.27,51.71,,,,38.54,36.96,39.87,,,,,
2010-03-21,49.58,47.27,51.75,,,,38.56,36.96,39.89,,,,,
2010-03-22,49.59,47.28,51.79,,,,38.58,36.98,39.91,,,,,
2010-03-23,49.6,47.28,51.82,,,,38.61,37.0,39.93,,,,,
2010-03-24,49.61,47.28,51.86,,,,38.63,37.02,39.95,,,,,
2010-03-25,49.63,47.29,51.89,,,,38.65,37.05,39.97,,,,,
2010-03-26,49.64,47.3,51.91,,,,38.67,37.06,39.99,,,,,
2010-03-27,49.65,47.31,51.93,,,,38.69,37.09,40.01,,,,,
2010-03-28,49.66,47.31,51.96,,,,38.71,37.11,40.02,,,,,
2010-03-29,49.67,47.3,51.98,,,,38.73,37.14,40.05,,,,,
2010-03-30,49.68,47.31,52.0,,,,38.75,37.16,40.07,,,,,
2010-03-31,49.69,47.31,52.02,,,,38.77,37.19,40.09,,,,,
2010-04-01,49.71,47.32,52.04,,,,38.79,37.21,40.11,,,,53.0,36.0
2010-04-02,49.72,47.32,52.06,,,,38.81,37.24,40.14,,,,,
2010-04-03,49.73,47.33,52.09,,,,38.83,37.26,40.17,,,,,
2010-04-04,49.74,47.32,52.12,,,,38.85,37.29,40.2,,,,,
2010-04-05,49.75,47.31,52.16,,,,38.87,37.31,40.2,,,,,
2010-04-06,49.76,47.3,52.19,,,,38.89,37.34,40.2,,,,,
2010-04-07,49.78,47.31,52.22,,,,38.91,37.36,40.21,,,,,
2010-04-08,49.79,47.3,52.26,,,,38.93,37.38,40.23,,,,,
2010-04-09,49.8,47.28,52.29,,,,38.95,37.39,40.25,,,,,
2010-04-10,49.81,47.27,52.33,,,,38.96,37.4,40.26,,,,,
2010-04-11,49.82,47.26,52.36,,,,38.98,37.43,40.28,,,,,
2010-04-12,49.84,47.25,52.4,,,,39.0,37.47,40.3,,,,,
2010-04-13,49.85,47.23,52.44,,,,39.01,37.5,40.32,,,,,
2010-04-14,49.86,47.24,52.47,,,,39.03,37.52,40.33,,,,,
2010-04-15,49.88,47.24,52.49,,,,39.05,37.54,40.33,,,,,
2010-04-16,49.89,47.24,52.5,,,,39.06,37.56,40.33,,,,56.0,37.0
2010-04-17,49.91,47.24,52.51,,,,39.07,37.58,40.35,,,,,
2010-04-18,49.92,47.24,52.52,,,,39.09,37.59,40.36,,,,45.0,42.0
2010-04-19,49.94,47.24,52.54,,,,39.1,37.61,40.39,,,,,
2010-04-20,49.95,47.23,52.55,,,,39.11,37.63,40.44,,,,,
2010-04-21,49.97,47.21,52.56,,,,39.13,37.63,40.46,,,,,
2010-04-22,49.99,47.2,52.58,,,,39.14,37.65,40.47,,,,,
2010-04-23,50.0,47.19,52.59,,,,39.15,37.67,40.47,,,,50.0,41.0
2010-04-24,50.02,47.19,52.67,,,,39.16,37.68,40.47,,,,,
2010-04-25,50.04,47.21,52.73,,,,39.17,37.69,40.51,,,,,
2010-04-26,50.06,47.23,52.78,,,,39.18,37.7,40.54,,,,,
2010-04-27,50.08,47.25,52.83,,,,39.18,37.71,40.55,,,,,
2010-04-28,50.1,47.25,52.87,,,,39.19,37.72,40.56,,,,,
2010-04-29,50.12,47.25,52.92,,,,39.2,37.73,40.57,,,,,
2010-04-30,50.14,47.24,52.97,,,,39.2,37.72,40.57,,,,58.0,36.0
2010-05-08,,,,58.74,55.33,61.08,,,,20.21,17.35,23.89,62.0,29.0
2010-05-09,,,,58.76,55.41,61.07,,,,20.3,17.52,23.95,,
2010-05-10,,,,58.78,55.49,61.05,,,,20.4,17.71,24.01,,
2010-05-11,,,,58.8,55.56,61.01,,,,20.5,17.85,24.09,,
2010-05-12,,,,58.81,55.63,60.96,,,,20.6,17.95,24.16,,
2010-05-13,,,,58.83,55.69,60.9,,,,20.7,18.06,24.24,,
2010-05-14,,,,58.83,55.72,60.86,,,,20.81,18.17,24.32,48.0,12.0
2010-05-15,,,,58.84,55.75,60.84,,,,20.91,18.28,24.4,,
2010-05-16,,,,58.85,55.78,60.84,,,,21.02,18.4,24.49,,
2010-05-17,,,,58.85,55.81,60.84,,,,21.13,18.52,24.59,,
2010-05-18,,,,58.85,55.84,60.83,,,,21.24,18.62,24.7,,
2010-05-19,,,,58.85,55.86,60.77,,,,21.35,18.72,24.81,,
2010-05-20,,,,58.85,55.89,60.7,,,,21.46,18.82,24.92,,
2010-05-21,,,,58.84,55.91,60.68,,,,21.58,18.92,25.04,57.0,15.0
2010-05-22,,,,58.83,55.94,60.65,,,,21.69,19.03,25.16,,
2010-05-23,,,,58.83,55.97,60.63,,,,21.81,19.14,25.27,,
2010-05-24,,,,58.82,55.99,60.62,,,,21.93,19.26,25.39,,
2010-05-25,,,,58.8,56.01,60.6,,,,22.04,19.29,25.44,,
2010-05-26,,,,58.79,56.03,60.56,,,,22.16,19.46,25.5,,
2010-05-27,,,,58.78,56.06,60.51,,,,22.28,19.57,25.61,,
2010-05-28,,,,58.76,56.09,60.46,,,,22.4,19.67,25.81,60.0,18.0
2010-05-29,,,,58.75,56.12,60.42,,,,22.51,19.82,25.88,,
2010-05-30,,,,58.73,56.14,60.37,,,,22.63,19.95,25.97,,
2010-05-31,,,,58.71,56.16,60.34,,,,22.75,20.12,26.11,,
2010-06-01,,,,58.7,56.17,60.29,,,,22.87,20.27,26.25,,
2010-06-02,,,,58.68,56.18,60.26,,,,22.99,20.44,26.39,,
2010-06-03,,,,58.66,56.19,60.22,,,,23.11,20.56,26.52,,
2010-06-04,,,,58.64,56.21,60.18,,,,23.23,20.68,26.65,63.0,16.0
2010-06-05,,,,58.62,56.23,60.15,,,,23.35,20.76,26.74,,
2010-06-06,,,,58.59,56.24,60.1,,,,23.47,20.85,26.81,,
2010-06-07,,,,58.57,56.26,60.06,,,,23.59,20.95,26.86,,
2010-06-08,,,,58.55,56.27,60.03,,,,23.71,21.1,26.92,,
2010-06-09,,,,58.53,56.28,59.99,,,,23.83,21.28,26.99,,
2010-06-10,,,,58.5,56.31,59.95,,,,23.96,21.42,27.05,,
2010-06-11,,,,58.48,56.33,59.9,,,,24.08,21.54,27.13,60.0,19.0
2010-06-12,,,,58.46,56.36,59.85,,,,24.2,21.66,27.23,,
2010-06-13,,,,58.43,56.36,59.8,,,,24.32,21.74,27.32,,
2010-06-14,,,,58.41,56.36,59.74,,,,24.45,21.82,27.41,,
2010-06-15,,,,58.38,56.36,59.7,,,,24.57,21.9,27.49,,
2010-06-16,,,,58.36,56.36,59.67,,,,24.69,21.98,27.58,,
2010-06-17,,,,58.34,56.37,59.64,,,,24.82,22.11,27.7,,
2010-06-18,,,,58.31,56.38,59.6,,,,24.94,22.31,27.79,64.0,20.0
2010-06-19,,,,58.29,56.38,59.55,,,,25.07,22.41,27.91,,
2010-06-20,,,,58.27,56.39,59.51,,,,25.2,22.53,28.05,57.0,26.0
2010-06-21,,,,58.24,56.4,59.46,,,,25.32,22.71,28.13,,
2010-06-22,,,,58.22,56.41,59.43,,,,25.45,22.8,28.3,,
2010-06-23,,,,58.2,56.41,59.4,,,,25.58,23.06,28.41,,
2010-06-24,,,,58.18,56.42,59.37,,,,25.71,23.2,28.49,,
2010-06-25,,,,58.15,56.43,59.35,,,,25.85,23.3,28.57,61.0,27.0
2010-06-26,,,,58.13,56.43,59.32,,,,25.98,23.4,28.65,,
2010-06-27,,,,58.11,56.44,59.29,,,,26.11,23.5,28.74,,
2010-06-28,,,,58.08,56.44,59.24,,,,26.25,23.6,28.84,,
2010-06-29,,,,58.06,56.45,59.17,,,,26.39,23.71,28.94,,
2010-06-30,,,,58.04,56.46,59.1,,,,26.53,23.83,29.07,,
2010-07-01,,,,58.01,56.45,59.04,,,,26.67,23.95,29.22,,
2010-07-02,,,,57.99,56.45,59.0,,,,26.81,24.11,29.33,58.0,30.0
2010-07-03,,,,57.97,56.45,58.99,,,,26.96,24.25,29.39,,
2010-07-04,,,,57.94,56.46,58.98,,,,27.11,24.39,29.45,,
2010-07-05,,,,57.92,56.46,58.97,,,,27.25,24.54,29.54,,
2010-07-06,,,,57.89,56.46,58.96,,,,27.41,24.7,29.66,,
2010-07-07,,,,57.86,56.48,58.94,,,,27.56,24.87,29.83,,
2010-07-08,,,,57.84,56.46,58.9,,,,27.71,25.09,29.99,,
2010-07-09,,,,57.81,56.5,58.83,,,,27.87,25.26,30.14,59.0,28.0
2010-07-10,,,,57.78,56.52,58.78,,,,28.03,25.44,30.22,,
2010-07-11,,,,57.75,56.51,58.74,,,,28.18,25.63,30.35,,
2010-07-12,,,,57.72,56.49,58.69,,,,28.34,25.77,30.5,,
2010-07-13,,,,57.68,56.5,58.69,,,,28.51,26.01,30.64,,
2010-07-14,,,,57.65,56.5,58.66,,,,28.67,26.3,30.78,,
2010-07-15,,,,57.61,56.51,58.63,,,,28.83,26.56,30.91,,
2010-07-16,,,,57.57,56.49,58.56,,,,29.0,26.73,31.06,58.0,31.0
2010-07-17,,,,57.53,56.44,58.48,,,,29.16,26.88,31.21,,
2010-07-18,,,,57.49,56.39,58.41,,,,29.33,27.12,31.35,,
2010-07-19,,,,57.45,56.37,58.37,,,,29.49,27.37,31.44,,
2010-07-20,,,,57.4,56.33,58.34,,,,29.66,27.54,31.59,,
2010-07-21,,,,57.36,56.28,58.29,,,,29.82,27.73,31.75,,
2010-07-22,,,,57.31,56.25,58.26,,,,29.99,28.02,31.89,,
2010-07-23,,,,57.26,56.22,58.22,,,,30.15,28.32,32.01,57.0,32.0
2010-07-24,,,,57.21,56.16,58.16,,,,30.31,28.52,32.1,,
2010-07-25,,,,57.15,56.09,58.08,,,,30.47,28.67,32.22,55.0,32.0
2010-07-26,,,,57.1,56.02,58.03,,,,30.63,28.83,32.35,,
2010-07-27,,,,57.04,55.96,57.92,,,,30.79,29.01,32.5,,
2010-07-28,,,,56.98,55.91,57.83,,,,30.94,29.24,32.64,,
2010-07-29,,,,56.92,55.86,57.78,,,,31.09,29.47,32.76,,
2010-07-30,,,,56.86,55.8,57.72,,,,31.24,29.69,32.83,56.0,34.0
2010-07-31,,,,56.8,55.76,57.67,,,,31.39,29.87,32.9,,
2010-08-01,,,,56.74,55.7,57.6,,,,31.54,30.05,32.97,,
2010-08-02,,,,56.68,55.65,57.53,,,,31.68,30.19,33.11,,
2010-08-03,,,,56.61,55.59,57.46,,,,31.82,30.35,33.23,,
2010-08-04,,,,56.55,55.53,57.39,,,,31.96,30.49,33.32,,
2010-08-05,,,,56.49,55.48,57.31,,,,32.1,30.62,33.39,,
2010-08-06,,,,56.42,55.43,57.25,,,,32.24,30.76,33.45,55.0,35.0
2010-08-07,,,,56.36,55.37,57.19,,,,32.37,30.94,33.55,,
2010-08-08,,,,56.29,55.32,57.13,,,,32.5,31.1,33.68,,
2010-08-09,,,,56.23,55.27,57.07,,,,32.63,31.24,33.76,,
2010-08-10,,,,56.16,55.24,57.02,,,,32.76,31.39,33.86,,
2010-08-11,,,,56.1,55.21,56.95,,,,32.89,31.54,33.95,,
2010-08-12,,,,56.03,55.15,56.88,,,,33.01,31.69,34.04,,
2010-08-13,,,,55.97,55.09,56.81,,,,33.14,31.87,34.14,54.0,37.0
2010-08-14,,,,55.9,55.04,56.71,,,,33.26,32.0,34.24,,
2010-08-15,,,,55.84,55.0,56.64,,,,33.38,32.15,34.33,,
2010-08-16,,,,55.78,54.95,56.6,,,,33.49,32.27,34.43,,
2010-08-17,,,,55.71,54.9,56.53,,,,33.61,32.44,34.51,,
2010-08-18,,,,55.65,54.85,56.45,,,,33.72,32.58,34.58,,
2010-08-19,,,,55.59,54.79,56.41,,,,33.83,32.71,34.66,,
2010-08-20,,,,55.53,54.74,56.37,,,,33.94,32.83,34.77,53.0,36.0
2010-08-21,,,,55.47,54.68,56.34,,,,34.04,32.96,34.88,,
2010-08-22,,,,55.41,54.62,56.27,,,,34.15,33.11,34.98,,
2010-08-23,,,,55.35,54.56,56.18,,,,34.25,33.2,35.07,,
2010-08-24,,,,55.29,54.53,56.1,,,,34.35,33.32,35.15,,
2010-08-25,,,,55.23,54.5,56.05,,,,34.44,33.44,35.25,,
2010-08-26,,,,55.17,54.42,56.02,,,,34.54,33.56,35.31,,
2010-08-27,,,,55.11,54.37,55.98,,,,34.63,33.69,35.4,59.0,32.0
2010-08-28,,,,55.06,54.31,55.91,,,,34.72,33.77,35.49,,
2010-08-29,,,,55.0,54.26,55.85,,,,34.81,33.86,35.58,,
2010-08-30,,,,54.94,54.22,55.77,,,,34.9,33.95,35.63,,
2010-08-31,,,,54.89,54.14,55.69,,,,34.99,34.04,35.71,,
2010-09-01,,,,54.83,54.09,55.66,,,,35.08,34.13,35.82,,
2010-09-02,,,,54.78,54.05,55.62,,,,35.16,34.23,35.92,,
2010-09-03,,,,54.72,54.01,55.56,,,,35.25,34.33,36.02,54.0,36.0
2010-09-04,,,,54.67,53.95,55.51,,,,35.33,34.43,36.1,,
2010-09-05,,,,54.61,53.89,55.46,,,,35.41,34.51,36.19,,
2010-09-06,,,,54.56,53.84,55.42,,,,35.5,34.59,36.27,,
2010-09-07,,,,54.5,53.77,55.38,,,,35.58,34.67,36.38,,
2010-09-08,,,,54.45,53.71,55.34,,,,35.66,34.75,36.47,,
2010-09-09,,,,54.39,53.65,55.29,,,,35.75,34.84,36.57,,
2010-09-10,,,,54.34,53.59,55.25,,,,35.83,34.93,36.65,57.0,33.0
2010-09-11,,,,54.28,53.53,55.21,,,,35.91,35.01,36.73,,
2010-09-12,,,,54.22,53.43,55.15,,,,35.99,35.09,36.8,57.0,33.0
2010-09-13,,,,54.16,53.36,55.09,,,,36.08,35.16,36.9,,
2010-09-14,,,,54.11,53.31,55.04,,,,36.16,35.22,37.0,,
2010-09-15,,,,54.05,53.21,54.99,,,,36.24,35.3,37.1,,
2010-09-16,,,,53.99,53.13,54.95,,,,36.32,35.38,37.24,,
2010-09-17,,,,53.93,53.03,54.89,,,,36.4,35.44,37.35,52.0,37.0
2010-09-18,,,,53.87,52.93,54.82,,,,36.49,35.49,37.45,,
2010-09-19,,,,53.81,52.83,54.77,,,,36.57,35.54,37.58,,
2010-09-20,,,,53.76,52.74,54.7,,,,36.65,35.62,37.69,,
2010-09-21,,,,53.7,52.65,54.66,,,,36.73,35.71,37.79,,
2010-09-22,,,,53.64,52.56,54.6,,,,36.81,35.8,37.89,,
2010-09-23,,,,53.58,52.5,54.55,,,,36.89,35.84,37.99,,
2010-09-24,,,,53.52,52.42,54.5,,,,36.97,35.91,38.08,54.0,35.0
2010-09-25,,,,53.46,52.33,54.45,,,,37.05,36.0,38.17,,
2010-09-26,,,,53.4,52.26,54.4,,,,37.13,36.09,38.26,,
2010-09-27,,,,53.34,52.19,54.35,,,,37.21,36.17,38.37,53.0,37.0
2010-09-28,,,,53.27,52.11,54.3,,,,37.29,36.24,38.46,,
2010-09-29,,,,53.21,52.03,54.25,,,,37.37,36.31,38.59,,
2010-09-30,,,,53.15,51.97,54.18,,,,37.46,36.37,38.67,,
2010-10-01,,,,53.09,51.91,54.14,,,,37.54,36.44,38.8,53.0,37.0
2010-10-02,,,,53.02,51.84,54.08,,,,37.62,36.53,38.89,,
2010-10-03,,,,52.96,51.75,54.02,,,,37.7,36.63,38.98,,
2010-10-04,,,,52.89,51.65,53.95,,,,37.79,36.73,39.1,,
2010-10-05,,,,52.83,51.57,53.88,,,,37.87,36.82,39.22,,
2010-10-06,,,,52.76,51.5,53.82,,,,37.96,36.91,39.32,,
2010-10-07,,,,52.7,51.43,53.76,,,,38.04,37.01,39.4,,
2010-10-08,,,,52.63,51.36,53.72,,,,38.13,37.09,39.49,57.0,36.0
2010-10-09,,,,52.56,51.29,53.65,,,,38.21,37.17,39.58,,
2010-10-10,,,,52.49,51.22,53.55,,,,38.3,37.26,39.67,,
2010-10-11,,,,52.42,51.15,53.48,,,,38.39,37.33,39.75,,
2010-10-12,,,,52.36,51.09,53.37,,,,38.47,37.37,39.86,,
2010-10-13,,,,52.29,51.02,53.26,,,,38.56,37.44,39.95,,
2010-10-14,,,,52.22,50.94,53.21,,,,38.65,37.51,40.05,,
2010-10-15,,,,52.15,50.86,53.18,,,,38.74,37.59,40.13,52.0,41.0
2010-10-16,,,,52.08,50.76,53.13,,,,38.83,37.67,40.21,,
2010-10-17,,,,52.01,50.67,53.06,,,,38.92,37.76,40.29,52.0,37.0
2010-10-18,,,,51.94,50.59,52.98,,,,39.01,37.82,40.37,,
2010-10-19,,,,51.87,50.53,52.92,,,,39.1,37.89,40.46,,
2010-10-20,,,,51.8,50.48,52.87,,,,39.19,37.96,40.57,,
2010-10-21,,,,51.73,50.41,52.81,,,,39.28,38.06,40.65,,
2010-10-22,,,,51.66,50.33,52.76,,,,39.37,38.17,40.71,49.0,41.0
2010-10-23,,,,51.59,50.25,52.69,,,,39.46,38.26,40.81,,
2010-10-24,,,,51.52,50.17,52.61,,,,39.55,38.35,40.9,,
2010-10-25,,,,51.45,50.09,52.55,,,,39.64,38.46,40.99,,
2010-10-26,,,,51.37,50.01,52.46,,,,39.73,38.55,41.08,,
2010-10-27,,,,51.3,49.94,52.37,,,,39.83,38.63,41.17,,
2010-10-28,,,,51.23,49.87,52.31,,,,39.92,38.72,41.25,,
2010-10-29,,,,51.16,49.8,52.25,,,,40.01,38.77,41.38,54.0,39.0
2010-10-30,,,,51.09,49.73,52.2,,,,40.1,38.87,41.46,,
2010-10-31,,,,51.02,49.65,52.14,,,,40.2,38.98,41.52,,
2010-11-01,,,,50.94,49.58,52.08,,,,40.29,39.04,41.59,,
2010-11-02,,,,50.87,49.51,52.02,,,,40.38,39.1,41.68,,
2010-11-03,,,,50.8,49.45,51.97,,,,40.48,39.17,41.8,,
2010-11-04,,,,50.72,49.4,51.89,,,,40.57,39.23,41.87,,
2010-11-05,,,,50.65,49.33,51.84,,,,40.67,39.3,41.95,49.0,43.0
2010-11-06,,,,50.57,49.25,51.78,,,,40.76,39.39,42.04,,
2010-11-07,,,,50.5,49.2,51.69,,,,40.86,39.51,42.12,,
2010-11-08,,,,50.42,49.12,51.59,,,,40.96,39.64,42.23,,
2010-11-09,,,,50.34,49.06,51.52,,,,41.05,39.74,42.35,,
2010-11-10,,,,50.26,48.99,51.45,,,,41.15,39.82,42.46,,
2010-11-11,,,,50.18,48.88,51.38,,,,41.25,39.91,42.54,,
2010-11-12,,,,50.1,48.8,51.3,,,,41.36,40.0,42.63,50.0,42.0
2010-11-13,,,,50.01,48.74,51.23,,,,41.46,40.1,42.71,,
2010-11-14,,,,49.93,48.66,51.12,,,,41.57,40.21,42.79,46.0,45.0
2010-11-15,,,,49.84,48.56,51.02,,,,41.67,40.33,42.88,,
2010-11-16,,,,49.75,48.44,50.94,,,,41.78,40.46,42.99,,
2010-11-17,,,,49.65,48.36,50.86,,,,41.89,40.59,43.1,,
2010-11-18,,,,49.56,48.27,50.77,,,,42.0,40.73,43.21,,
2010-11-19,,,,49.47,48.21,50.65,,,,42.11,40.87,43.31,51.0,39.0
2010-11-20,,,,49.37,48.16,50.52,,,,42.22,41.02,43.42,,
2010-11-21,,,,49.27,48.1,50.39,,,,42.34,41.12,43.53,,
2010-11-22,,,,49.17,48.04,50.25,,,,42.45,41.21,43.65,,
2010-11-23,,,,49.07,47.94,50.13,,,,42.57,41.3,43.72,,
2010-11-24,,,,48.97,47.88,50.01,,,,42.68,41.44,43.82,,
2010-11-25,,,,48.87,47.81,49.9,,,,42.79,41.55,43.91,,
2010-11-26,,,,48.77,47.75,49.79,,,,42.91,41.69,44.0,47.0,45.0
2010-11-27,,,,48.67,47.68,49.69,,,,43.02,41.81,44.12,,
2010-11-28,,,,48.56,47.59,49.61,,,,43.14,41.96,44.24,,
2010-11-29,,,,48.46,47.47,49.5,,,,43.26,42.08,44.34,,
2010-11-30,,,,48.36,47.36,49.41,,,,43.37,42.19,44.45,,
2010-12-01,,,,48.25,47.29,49.32,,,,43.49,42.29,44.56,,
2010-12-02,,,,48.15,47.2,49.23,,,,43.6,42.39,44.63,,
2010-12-03,,,,48.05,47.09,49.14,,,,43.72,42.52,44.71,49.0,44.0
2010-12-04,,,,47.94,46.99,49.05,,,,43.84,42.66,44.81,,
2010-12-05,,,,47.84,46.92,48.96,,,,43.95,42.77,44.91,,
2010-12-06,,,,47.74,46.82,48.86,,,,44.07,42.88,45.03,,
2010-12-07,,,,47.63,46.73,48.77,,,,44.19,43.03,45.13,,
2010-12-08,,,,47.53,46.63,48.67,,,,44.3,43.18,45.25,,
2010-12-09,,,,47.43,46.53,48.57,,,,44.42,43.32,45.34,,
2010-12-10,,,,47.32,46.41,48.49,,,,44.54,43.41,45.43,47.0,46.0
2010-12-11,,,,47.22,46.31,48.41,,,,44.65,43.48,45.52,,
2010-12-12,,,,47.12,46.21,48.35,,,,44.77,43.56,45.62,48.0,44.0
2010-12-13,,,,47.02,46.11,48.26,,,,44.88,43.68,45.72,,
2010-12-14,,,,46.92,45.97,48.2,,,,45.0,43.79,45.88,,
2010-12-15,,,,46.82,45.89,48.13,,,,45.11,43.92,46.0,,
2010-12-16,,,,46.72,45.79,48.05,,,,45.23,44.05,46.1,,
2010-12-17,,,,46.62,45.68,47.96,,,,45.34,44.19,46.21,45.0,47.0
2010-12-18,,,,46.52,45.61,47.81,,,,45.46,44.3,46.3,,
2010-12-19,,,,46.43,45.51,47.72,,,,45.57,44.42,46.4,,
2010-12-20,,,,46.33,45.37,47.58,,,,45.68,44.53,46.53,,
2010-12-21,,,,46.23,45.27,47.48,,,,45.8,44.63,46.66,,
2010-12-22,,,,46.14,45.18,47.36,,,,45.91,44.79,46.79,,
2010-12-23,,,,46.05,45.08,47.29,,,,46.02,44.86,46.9,,
2010-12-24,,,,45.96,44.98,47.23,,,,46.13,44.93,47.03,,
2010-12-25,,,,45.87,44.89,47.14,,,,46.24,45.03,47.13,,
2010-12-26,,,,45.78,44.8,47.03,,,,46.35,45.14,47.21,,
2010-12-27,,,,45.69,44.7,46.93,,,,46.45,45.24,47.31,,
2010-12-28,,,,45.6,44.61,46.83,,,,46.56,45.35,47.41,,
2010-12-29,,,,45.51,44.52,46.72,,,,46.67,45.46,47.48,,
2010-12-30,,,,45.42,44.43,46.62,,,,46.77,45.53,47.55,,
2010-12-31,,,,45.34,44.34,46.52,,,,46.88,45.6,47.66,,
2011-01-01,,,,45.25,44.26,46.44,,,,46.98,45.74,47.77,,
2011-01-02,,,,45.16,44.18,46.37,,,,47.09,45.88,47.87,,
2011-01-03,,,,45.08,44.1,46.23,,,,47.19,46.01,47.98,,
2011-01-04,,,,45.0,44.02,46.12,,,,47.29,46.09,48.09,,
2011-01-05,,,,44.91,43.94,46.03,,,,47.39,46.17,48.2,,
2011-01-06,,,,44.83,43.83,45.94,,,,47.49,46.25,48.31,,
2011-01-07,,,,44.75,43.76,45.85,,,,47.59,46.33,48.41,46.0,46.0
2011-01-08,,,,44.67,43.7,45.76,,,,47.69,46.41,48.52,,
2011-01-09,,,,44.59,43.61,45.69,,,,47.79,46.51,48.62,,
2011-01-10,,,,44.51,43.52,45.65,,,,47.89,46.6,48.73,,
2011-01-11,,,,44.44,43.43,45.58,,,,47.98,46.69,48.83,,
2011-01-12,,,,44.36,43.35,45.48,,,,48.08,46.79,48.92,,
2011-01-13,,,,44.29,43.26,45.42,,,,48.17,46.88,49.02,,
2011-01-14,,,,44.22,43.22,45.33,,,,48.26,46.98,49.1,43.0,48.0
2011-01-15,,,,44.15,43.13,45.25,,,,48.35,47.07,49.18,,
2011-01-16,,,,44.08,43.03,45.18,,,,48.43,47.19,49.26,,
2011-01-17,,,,44.01,42.97,45.12,,,,48.52,47.3,49.33,,
2011-01-18,,,,43.95,42.91,45.06,,,,48.6,47.4,49.39,,
2011-01-19,,,,43.88,42.83,45.0,,,,48.68,47.49,49.46,,
2011-01-20,,,,43.82,42.75,44.94,,,,48.75,47.58,49.57,,
2011-01-21,,,,43.76,42.68,44.88,,,,48.83,47.67,49.64,43.0,49.0
2011-01-22,,,,43.71,42.61,44.83,,,,48.9,47.75,49.71,,
2011-01-23,,,,43.65,42.56,44.78,,,,48.97,47.84,49.78,,
2011-01-24,,,,43.6,42.51,44.74,,,,49.04,47.93,49.83,38.0,52.0
2011-01-25,,,,43.55,42.46,44.69,,,,49.1,48.0,49.89,,
2011-01-26,,,,43.5,42.42,44.61,,,,49.17,48.1,49.93,,
2011-01-27,,,,43.46,42.38,44.55,,,,49.23,48.21,49.99,,
2011-01-28,,,,43.41,42.31,44.51,,,,49.29,48.29,50.04,45.0,48.0
2011-01-29,,,,43.37,42.25,44.47,,,,49.34,48.35,50.1,,
2011-01-30,,,,43.33,42.21,44.42,,,,49.39,48.42,50.12,,
2011-01-31,,,,43.29,42.2,44.39,,,,49.44,48.47,50.17,,
2011-02-01,,,,43.26,42.19,44.35,,,,49.49,48.52,50.24,,
2011-02-02,,,,43.22,42.13,44.3,,,,49.54,48.58,50.28,,
2011-02-03,,,,43.19,42.08,44.26,,,,49.58,48.64,50.31,,
2011-02-04,,,,43.16,42.06,44.24,,,,49.63,48.68,50.35,46.0,49.0
2011-02-05,,,,43.14,42.05,44.2,,,,49.67,48.72,50.38,,
2011-02-06,,,,43.11,42.04,44.13,,,,49.7,48.76,50.42,,
2011-02-07,,,,43.09,42.03,44.11,,,,49.74,48.81,50.45,,
2011-02-08,,,,43.07,42.03,44.08,,,,49.77,48.86,50.48,,
2011-02-09,,,,43.05,42.0,44.06,,,,49.81,48.92,50.51,,
2011-02-10,,,,43.03,41.99,44.04,,,,49.84,48.96,50.53,,
2011-02-11,,,,43.01,41.99,44.02,,,,49.87,48.99,50.55,43.0,51.0
2011-02-12,,,,43.0,41.98,44.0,,,,49.89,49.04,50.57,,
2011-02-13,,,,42.98,41.97,43.99,,,,49.92,49.09,50.62,,
2011-02-14,,,,42.97,41.97,43.97,,,,49.94,49.13,50.65,,
2011-02-15,,,,42.96,41.95,43.95,,,,49.97,49.17,50.68,,
2011-02-16,,,,42.95,41.93,43.9,,,,49.99,49.21,50.71,,
2011-02-17,,,,42.95,41.92,43.87,,,,50.01,49.24,50.73,,
2011-02-18,,,,42.94,41.91,43.87,,,,50.02,49.28,50.75,43.0,51.0
2011-02-19,,,,42.94,41.92,43.88,,,,50.04,49.31,50.77,,
2011-02-20,,,,42.93,41.93,43.89,,,,50.06,49.35,50.79,39.0,52.0
2011-02-21,,,,42.93,41.93,43.88,,,,50.07,49.38,50.8,,
2011-02-22,,,,42.93,41.93,43.89,,,,50.08,49.39,50.8,,
2011-02-23,,,,42.94,41.93,43.87,,,,50.09,49.42,50.81,,
2011-02-24,,,,42.94,41.95,43.88,,,,50.1,49.42,50.81,,
2011-02-25,,,,42.94,41.97,43.89,,,,50.11,49.41,50.82,44.0,50.0
2011-02-26,,,,42.95,41.98,43.91,,,,50.12,49.42,50.82,,
2011-02-27,,,,42.95,42.0,43.92,,,,50.13,49.42,50.82,,
2011-02-28,,,,42.96,42.03,43.93,,,,50.13,49.43,50.83,,
2011-03-01,,,,42.97,42.05,43.92,,,,50.14,49.45,50.83,,
2011-03-02,,,,42.98,42.08,43.92,,,,50.14,49.47,50.83,,
2011-03-03,,,,42.99,42.1,43.91,,,,50.15,49.49,50.84,,
2011-03-04,,,,43.0,42.11,43.91,,,,50.15,49.48,50.85,41.0,52.0
2011-03-05,,,,43.01,42.13,43.91,,,,50.16,49.51,50.85,,
2011-03-06,,,,43.02,42.16,43.9,,,,50.16,49.51,50.86,,
2011-03-07,,,,43.03,42.17,43.91,,,,50.16,49.5,50.86,,
2011-03-08,,,,43.05,42.19,43.93,,,,50.16,49.49,50.87,,
2011-03-09,,,,43.06,42.22,43.96,,,,50.16,49.48,50.87,,
2011-03-10,,,,43.08,42.25,43.98,,,,50.17,49.49,50.87,,
2011-03-11,,,,43.09,42.28,44.01,,,,50.17,49.5,50.86,40.0,53.0
2011-03-12,,,,43.11,42.3,44.03,,,,50.16,49.5,50.85,,
2011-03-13,,,,43.13,42.33,44.06,,,,50.16,49.51,50.83,43.0,51.0
2011-03-14,,,,43.15,42.36,44.07,,,,50.16,49.51,50.83,,
2011-03-15,,,,43.17,42.38,44.08,,,,50.16,49.51,50.84,,
2011-03-16,,,,43.19,42.4,44.09,,,,50.15,49.52,50.83,,
2011-03-17,,,,43.21,42.41,44.11,,,,50.14,49.52,50.81,,
2011-03-18,,,,43.24,42.44,44.12,,,,50.14,49.52,50.79,43.0,50.0
2011-03-19,,,,43.26,42.46,44.13,,,,50.13,49.51,50.79,,
2011-03-20,,,,43.29,42.49,44.13,,,,50.12,49.5,50.79,,
2011-03-21,,,,43.32,42.52,44.13,,,,50.1,49.49,50.77,,
2011-03-22,,,,43.35,42.55,44.16,,,,50.09,49.49,50.76,,
2011-03-23,,,,43.38,42.57,44.19,,,,50.07,49.48,50.75,,
2011-03-24,,,,43.41,42.6,44.21,,,,50.06,49.46,50.74,,
2011-03-25,,,,43.44,42.62,44.23,,,,50.04,49.43,50.73,47.0,47.0
2011-03-26,,,,43.47,42.65,44.24,,,,50.02,49.41,50.72,,
2011-03-27,,,,43.5,42.67,44.26,,,,50.0,49.38,50.7,,
2011-03-28,,,,43.53,42.71,44.27,,,,49.98,49.35,50.69,,
2011-03-29,,,,43.57,42.75,44.29,,,,49.96,49.32,50.66,,
2011-03-30,,,,43.6,42.76,44.3,,,,49.93,49.29,50.64,,
2011-03-31,,,,43.63,42.8,44.33,,,,49.91,49.27,50.62,,
2011-04-01,,,,43.67,42.84,44.35,,,,49.88,49.24,50.59,44.0,49.0
2011-04-02,,,,43.7,42.88,44.39,,,,49.86,49.22,50.57,,
2011-04-03,,,,43.74,42.91,44.45,,,,49.83,49.18,50.54,,
2011-04-04,,,,43.77,42.96,44.51,,,,49.8,49.13,50.52,,
2011-04-05,,,,43.81,43.0,44.57,,,,49.77,49.11,50.5,,
2011-04-06,,,,43.84,43.04,44.59,,,,49.75,49.09,50.48,,
2011-04-07,,,,43.88,43.09,44.61,,,,49.72,49.04,50.45,,
2011-04-08,,,,43.91,43.13,44.62,,,,49.69,49.0,50.42,43.0,52.0
2011-04-09,,,,43.95,43.18,44.67,,,,49.65,48.98,50.39,,
2011-04-10,,,,43.98,43.22,44.72,,,,49.62,48.96,50.35,,
2011-04-11,,,,44.01,43.25,44.77,,,,49.59,48.92,50.33,,
2011-04-12,,,,44.05,43.29,44.78,,,,49.56,48.89,50.3,,
2011-04-13,,,,44.08,43.32,44.79,,,,49.53,48.85,50.26,,
2011-04-14,,,,44.11,43.35,44.82,,,,49.5,48.81,50.23,,
2011-04-15,,,,44.15,43.38,44.85,,,,49.47,48.78,50.19,43.0,51.0
2011-04-16,,,,44.18,43.41,44.89,,,,49.43,48.77,50.16,,
2011-04-17,,,,44.21,43.44,44.92,,,,49.4,48.73,50.12,44.0,47.0
2011-04-18,,,,44.24,43.47,44.93,,,,49.37,48.71,50.09,,
2011-04-19,,,,44.27,43.5,44.95,,,,49.34,48.7,50.05,,
2011-04-20,,,,44.3,43.53,44.98,,,,49.31,48.67,50.02,,
2011-04-21,,,,44.33,43.57,45.01,,,,49.28,48.63,49.98,,
2011-04-22,,,,44.36,43.61,45.03,,,,49.26,48.6,49.96,,
2011-04-23,,,,44.39,43.64,45.07,,,,49.23,48.57,49.94,,
2011-04-24,,,,44.41,43.67,45.08,,,,49.21,48.56,49.91,,
2011-04-25,,,,44.44,43.71,45.11,,,,49.18,48.55,49.89,,
2011-04-26,,,,44.46,43.74,45.12,,,,49.16,48.53,49.86,,
2011-04-27,,,,44.48,43.78,45.13,,,,49.14,48.51,49.83,,
2011-04-28,,,,44.5,43.81,45.13,,,,49.12,48.48,49.8,,
2011-04-29,,,,44.52,43.83,45.15,,,,49.1,48.45,49.78,45.0,49.0
2011-04-30,,,,44.53,43.84,45.17,,,,49.08,48.42,49.76,,
2011-05-01,,,,44.54,43.85,45.19,,,,49.07,48.4,49.74,,
2011-05-02,,,,44.55,43.87,45.18,,,,49.05,48.37,49.75,,
2011-05-03,,,,44.56,43.88,45.18,,,,49.04,48.35,49.74,,
2011-05-04,,,,44.57,43.89,45.18,,,,49.03,48.36,49.72,,
2011-05-05,,,,44.57,43.89,45.18,,,,49.03,48.37,49.72,,
2011-05-06,,,,44.58,43.9,45.18,,,,49.02,48.36,49.71,46.0,49.0
2011-05-07,,,,44.57,43.91,45.16,,,,49.02,48.36,49.72,,
2011-05-08,,,,44.57,43.89,45.16,,,,49.02,48.35,49.74,,
2011-05-09,,,,44.56,43.87,45.16,,,,49.02,48.35,49.75,,
2011-05-10,,,,44.56,43.85,45.15,,,,49.03,48.36,49.77,,
2011-05-11,,,,44.54,43.84,45.15,,,,49.04,48.35,49.8,,
2011-05-12,,,,44.53,43.82,45.15,,,,49.04,48.35,49.82,,
2011-05-13,,,,44.52,43.8,45.13,,,,49.06,48.36,49.86,47.0,48.0
2011-05-14,,,,44.5,43.77,45.11,,,,49.07,48.37,49.89,,
2011-05-15,,,,44.48,43.75,45.08,,,,49.09,48.39,49.93,,
2011-05-16,,,,44.46,43.73,45.06,,,,49.1,48.4,49.97,,
2011-05-17,,,,44.43,43.69,45.04,,,,49.13,48.41,49.98,,
2011-05-18,,,,44.4,43.66,45.05,,,,49.15,48.43,50.01,,
2011-05-19,,,,44.38,43.63,45.02,,,,49.17,48.46,50.07,,
2011-05-20,,,,44.35,43.57,44.99,,,,49.2,48.48,50.1,46.0,50.0
2011-05-21,,,,44.31,43.51,44.96,,,,49.23,48.51,50.15,,
2011-05-22,,,,44.28,43.46,44.94,,,,49.26,48.52,50.21,,
2011-05-23,,,,44.24,43.4,44.92,,,,49.29,48.54,50.26,,
2011-05-24,,,,44.21,43.33,44.91,,,,49.32,48.56,50.33,44.0,47.0
2011-05-25,,,,44.17,43.26,44.9,,,,49.36,48.59,50.39,,
2011-05-26,,,,44.13,43.2,44.87,,,,49.39,48.61,50.44,,
2011-05-27,,,,44.09,43.13,44.82,,,,49.43,48.64,50.49,48.0,46.0
2011-05-28,,,,44.05,43.06,44.8,,,,49.47,48.66,50.54,,
2011-05-29,,,,44.0,43.0,44.78,,,,49.5,48.7,50.59,,
2011-05-30,,,,43.96,42.93,44.76,,,,49.54,48.73,50.63,,
2011-05-31,,,,43.92,42.87,44.72,,,,49.58,48.76,50.68,,
2011-06-01,,,,43.87,42.8,44.67,,,,49.62,48.81,50.73,,
2011-06-02,,,,43.83,42.74,44.64,,,,49.67,48.85,50.77,,
2011-06-03,,,,43.79,42.68,44.64,,,,49.71,48.88,50.82,45.0,48.0
2011-06-04,,,,43.74,42.64,44.63,,,,49.75,48.92,50.86,,
2011-06-05,,,,43.7,42.59,44.57,,,,49.79,48.94,50.91,,
2011-06-06,,,,43.65,42.55,44.51,,,,49.83,48.95,50.95,,
2011-06-07,,,,43.61,42.51,44.45,,,,49.88,48.97,50.99,,
2011-06-08,,,,43.56,42.45,44.4,,,,49.92,49.01,51.04,,
2011-06-09,,,,43.52,42.39,44.36,,,,49.96,49.06,51.09,,
2011-06-10,,,,43.47,42.33,44.33,,,,50.01,49.11,51.13,44.0,50.0
2011-06-11,,,,43.42,42.27,44.3,,,,50.05,49.13,51.17,,
2011-06-12,,,,43.38,42.23,44.27,,,,50.09,49.18,51.22,,
2011-06-13,,,,43.33,42.19,44.24,,,,50.14,49.23,51.27,,
2011-06-14,,,,43.28,42.15,44.2,,,,50.18,49.27,51.33,,
2011-06-15,,,,43.23,42.11,44.16,,,,50.23,49.31,51.35,,
2011-06-16,,,,43.18,42.08,44.11,,,,50.27,49.33,51.38,,
2011-06-17,,,,43.13,42.04,44.06,,,,50.32,49.37,51.41,44.0,48.0
2011-06-18,,,,43.08,42.0,44.02,,,,50.36,49.41,51.45,,
2011-06-19,,,,43.04,41.95,43.99,,,,50.41,49.44,51.49,45.0,47.0
2011-06-20,,,,42.99,41.87,43.95,,,,50.45,49.47,51.53,,
2011-06-21,,,,42.94,41.8,43.9,,,,50.5,49.51,51.57,,
2011-06-22,,,,42.89,41.76,43.86,,,,50.54,49.57,51.61,,
2011-06-23,,,,42.84,41.72,43.81,,,,50.59,49.64,51.66,,
2011-06-24,,,,42.78,41.68,43.76,,,,50.63,49.68,51.7,42.0,52.0
2011-06-25,,,,42.73,41.64,43.71,,,,50.68,49.71,51.72,,
2011-06-26,,,,42.68,41.61,43.66,,,,50.72,49.74,51.76,,
2011-06-27,,,,42.63,41.57,43.62,,,,50.77,49.77,51.8,,
2011-06-28,,,,42.58,41.53,43.56,,,,50.81,49.8,51.85,,
2011-06-29,,,,42.53,41.49,43.5,,,,50.86,49.83,51.87,,
2011-06-30,,,,42.48,41.46,43.44,,,,50.9,49.86,51.92,,
2011-07-01,,,,42.43,41.43,43.4,,,,50.94,49.89,51.97,42.0,52.0
2011-07-02,,,,42.38,41.39,43.35,,,,50.99,49.93,52.01,,
2011-07-03,,,,42.33,41.36,43.29,,,,51.03,49.96,52.05,,
2011-07-04,,,,42.28,41.33,43.23,,,,51.07,50.02,52.09,,
2011-07-05,,,,42.23,41.29,43.16,,,,51.12,50.08,52.12,,
2011-07-06,,,,42.18,41.26,43.08,,,,51.16,50.14,52.16,,
2011-07-07,,,,42.13,41.22,43.02,,,,51.2,50.2,52.19,,
2011-07-08,,,,42.08,41.19,42.96,,,,51.24,50.26,52.22,40.0,53.0
2011-07-09,,,,42.03,41.16,42.89,,,,51.28,50.32,52.26,,
2011-07-10,,,,41.99,41.12,42.85,,,,51.33,50.39,52.29,,
2011-07-11,,,,41.94,41.09,42.78,,,,51.37,50.45,52.32,,
2011-07-12,,,,41.89,41.06,42.72,,,,51.41,50.51,52.34,,
2011-07-13,,,,41.85,41.03,42.65,,,,51.45,50.56,52.36,,
2011-07-14,,,,41.8,41.0,42.6,,,,51.49,50.62,52.37,,
2011-07-15,,,,41.76,40.97,42.56,,,,51.53,50.67,52.4,41.0,53.0
2011-07-16,,,,41.71,40.94,42.51,,,,51.57,50.73,52.43,,
2011-07-17,,,,41.67,40.91,42.46,,,,51.61,50.76,52.46,,
2011-07-18,,,,41.63,40.88,42.39,,,,51.64,50.8,52.49,38.0,53.0
2011-07-19,,,,41.59,40.85,42.34,,,,51.68,50.83,52.51,,
2011-07-20,,,,41.55,40.82,42.31,,,,51.72,50.87,52.54,,
2011-07-21,,,,41.51,40.78,42.27,,,,51.75,50.92,52.56,,
2011-07-22,,,,41.47,40.76,42.23,,,,51.79,50.98,52.58,39.0,55.0
2011-07-23,,,,41.44,40.73,42.19,,,,51.82,51.04,52.61,,
2011-07-24,,,,41.41,40.73,42.15,,,,51.85,51.08,52.63,,
2011-07-25,,,,41.37,40.72,42.12,,,,51.89,51.11,52.64,,
2011-07-26,,,,41.34,40.69,42.09,,,,51.92,51.16,52.66,,
2011-07-27,,,,41.31,40.67,42.07,,,,51.95,51.22,52.67,,
2011-07-28,,,,41.28,40.65,42.04,,,,51.98,51.27,52.68,,
2011-07-29,,,,41.26,40.63,42.02,,,,52.0,51.3,52.69,40.0,54.0
2011-07-30,,,,41.23,40.62,41.98,,,,52.03,51.34,52.72,,
2011-07-31,,,,41.21,40.61,41.94,,,,52.06,51.38,52.72,,
2011-08-01,,,,41.19,40.58,41.91,,,,52.08,51.43,52.72,,
2011-08-02,,,,41.17,40.57,41.87,,,,52.1,51.48,52.72,,
2011-08-03,,,,41.15,40.57,41.84,,,,52.13,51.53,52.73,,
2011-08-04,,,,41.13,40.56,41.81,,,,52.15,51.58,52.75,,
2011-08-05,,,,41.12,40.56,41.75,,,,52.17,51.61,52.77,40.0,54.0
2011-08-06,,,,41.1,40.54,41.73,,,,52.18,51.64,52.77,,
2011-08-07,,,,41.09,40.52,41.73,,,,52.2,51.68,52.77,,
2011-08-08,,,,41.08,40.51,41.72,,,,52.21,51.69,52.79,,
2011-08-09,,,,41.07,40.51,41.7,,,,52.23,51.72,52.77,,
2011-08-10,,,,41.07,40.48,41.68,,,,52.24,51.74,52.77,,
2011-08-11,,,,41.06,40.47,41.68,,,,52.25,51.76,52.78,,
2011-08-12,,,,41.06,40.47,41.67,,,,52.26,51.77,52.77,41.0,53.0
2011-08-13,,,,41.06,40.46,41.66,,,,52.27,51.77,52.77,,
2011-08-14,,,,41.05,40.45,41.65,,,,52.27,51.8,52.77,,
2011-08-15,,,,41.06,40.44,41.65,,,,52.28,51.84,52.77,,
2011-08-16,,,,41.06,40.43,41.64,,,,52.28,51.85,52.77,,
2011-08-17,,,,41.06,40.42,41.64,,,,52.29,51.86,52.76,,
2011-08-18,,,,41.07,40.42,41.63,,,,52.29,51.87,52.76,,
2011-08-19,,,,41.07,40.43,41.63,,,,52.29,51.87,52.75,42.0,53.0
2011-08-20,,,,41.08,40.46,41.63,,,,52.29,51.88,52.75,,
2011-08-21,,,,41.09,40.43,41.63,,,,52.29,51.88,52.74,,
2011-08-22,,,,41.09,40.44,41.63,,,,52.29,51.88,52.74,39.0,51.0
2011-08-23,,,,41.1,40.45,41.64,,,,52.29,51.88,52.73,,
2011-08-24,,,,41.12,40.45,41.65,,,,52.28,51.88,52.73,,
2011-08-25,,,,41.13,40.45,41.65,,,,52.28,51.87,52.72,,
2011-08-26,,,,41.14,40.44,41.66,,,,52.27,51.87,52.71,42.0,52.0
2011-08-27,,,,41.15,40.45,41.67,,,,52.26,51.87,52.69,,
2011-08-28,,,,41.17,40.48,41.68,,,,52.26,51.87,52.68,,
2011-08-29,,,,41.18,40.51,41.69,,,,52.25,51.86,52.67,,
2011-08-30,,,,41.2,40.52,41.7,,,,52.24,51.86,52.65,,
2011-08-31,,,,41.22,40.53,41.71,,,,52.22,51.84,52.63,,
2011-09-01,,,,41.23,40.54,41.72,,,,52.21,51.84,52.62,,
2011-09-02,,,,41.25,40.55,41.73,,,,52.2,51.83,52.6,42.0,51.0
2011-09-03,,,,41.27,40.57,41.74,,,,52.19,51.81,52.59,,
2011-09-04,,,,41.28,40.61,41.76,,,,52.17,51.8,52.58,,
2011-09-05,,,,41.3,40.63,41.79,,,,52.16,51.78,52.57,,
2011-09-06,,,,41.32,40.64,41.79,,,,52.14,51.77,52.56,,
2011-09-07,,,,41.34,40.65,41.8,,,,52.13,51.76,52.56,,
2011-09-08,,,,41.35,40.66,41.81,,,,52.11,51.74,52.54,,
2011-09-09,,,,41.37,40.67,41.83,,,,52.1,51.72,52.52,42.0,52.0
2011-09-10,,,,41.39,40.68,41.85,,,,52.08,51.73,52.49,,
2011-09-11,,,,41.4,40.7,41.86,,,,52.07,51.72,52.48,,
2011-09-12,,,,41.42,40.71,41.88,,,,52.06,51.71,52.47,39.0,52.0
2011-09-13,,,,41.43,40.71,41.9,,,,52.04,51.7,52.45,,
2011-09-14,,,,41.45,40.72,41.92,,,,52.03,51.7,52.43,,
2011-09-15,,,,41.46,40.74,41.94,,,,52.02,51.69,52.42,,
2011-09-16,,,,41.47,40.75,41.94,,,,52.01,51.68,52.4,43.0,51.0
2011-09-17,,,,41.48,40.77,41.95,,,,51.99,51.67,52.38,,
2011-09-18,,,,41.49,40.8,41.95,,,,51.98,51.66,52.37,,
2011-09-19,,,,41.5,40.82,41.96,,,,51.97,51.66,52.37,,
2011-09-20,,,,41.51,40.84,41.96,,,,51.96,51.65,52.36,,
2011-09-21,,,,41.52,40.85,41.96,,,,51.96,51.65,52.36,,
2011-09-22,,,,41.52,40.85,41.97,,,,51.95,51.65,52.35,,
2011-09-23,,,,41.53,40.85,41.97,,,,51.94,51.64,52.35,43.0,51.0
2011-09-24,,,,41.53,40.85,41.98,,,,51.94,51.65,52.34,,
2011-09-25,,,,41.54,40.85,41.99,,,,51.94,51.64,52.34,,
2011-09-26,,,,41.54,40.86,42.0,,,,51.93,51.64,52.33,,
2011-09-27,,,,41.54,40.88,42.01,,,,51.93,51.63,52.33,,
2011-09-28,,,,41.54,40.88,42.01,,,,51.93,51.62,52.32,,
2011-09-29,,,,41.54,40.88,42.02,,,,51.93,51.62,52.32,,
2011-09-30,,,,41.54,40.88,42.02,,,,51.93,51.62,52.32,43.0,51.0
2011-10-01,,,,41.53,40.89,42.01,,,,51.93,51.62,52.31,,
2011-10-02,,,,41.53,40.89,42.0,,,,51.93,51.62,52.3,,
2011-10-03,,,,41.53,40.89,41.99,,,,51.93,51.61,52.3,,
2011-10-04,,,,41.52,40.87,42.0,,,,51.94,51.61,52.3,,
2011-10-05,,,,41.52,40.85,42.01,,,,51.94,51.61,52.3,,
2011-10-06,,,,41.52,40.86,42.01,,,,51.95,51.62,52.3,,
2011-10-07,,,,41.51,40.86,42.02,,,,51.95,51.61,52.32,42.0,52.0
2011-10-08,,,,41.51,40.87,42.03,,,,51.95,51.6,52.33,,
2011-10-09,,,,41.51,40.86,42.03,,,,51.96,51.6,52.34,,
2011-10-10,,,,41.5,40.85,42.03,,,,51.96,51.6,52.35,,
2011-10-11,,,,41.5,40.84,42.04,,,,51.97,51.59,52.35,,
2011-10-12,,,,41.49,40.83,42.04,,,,51.98,51.59,52.37,,
2011-10-13,,,,41.49,40.82,42.04,,,,51.98,51.59,52.39,,
2011-10-14,,,,41.49,40.81,42.03,,,,51.99,51.59,52.41,43.0,51.0
2011-10-15,,,,41.48,40.8,42.04,,,,51.99,51.58,52.42,,
2011-10-16,,,,41.48,40.8,42.04,,,,52.0,51.59,52.43,,
2011-10-17,,,,41.48,40.81,42.04,,,,52.0,51.58,52.44,,
2011-10-18,,,,41.48,40.8,42.04,,,,52.01,51.58,52.45,,
2011-10-19,,,,41.47,40.8,42.04,,,,52.02,51.58,52.47,,
2011-10-20,,,,41.47,40.81,42.04,,,,52.02,51.58,52.48,,
2011-10-21,,,,41.47,40.82,42.05,,,,52.03,51.58,52.49,44.0,51.0
2011-10-22,,,,41.47,40.83,42.05,,,,52.04,51.59,52.5,,
2011-10-23,,,,41.47,40.84,42.05,,,,52.04,51.59,52.5,,
2011-10-24,,,,41.46,40.83,42.05,,,,52.05,51.6,52.51,40.0,54.0
2011-10-25,,,,41.46,40.82,42.06,,,,52.05,51.59,52.53,,
2011-10-26,,,,41.46,40.81,42.06,,,,52.06,51.59,52.54,,
2011-10-27,,,,41.46,40.81,42.06,,,,52.06,51.59,52.55,,
2011-10-28,,,,41.46,40.81,42.05,,,,52.07,51.59,52.56,41.0,52.0
2011-10-29,,,,41.46,40.82,42.06,,,,52.08,51.58,52.58,,
2011-10-30,,,,41.46,40.83,42.06,,,,52.08,51.58,52.59,,
2011-10-31,,,,41.46,40.83,42.07,,,,52.09,51.58,52.6,,
2011-11-01,,,,41.46,40.83,42.07,,,,52.09,51.58,52.61,,
2011-11-02,,,,41.46,40.83,42.08,,,,52.1,51.58,52.62,,
2011-11-03,,,,41.46,40.82,42.08,,,,52.1,51.58,52.63,,
2011-11-04,,,,41.46,40.82,42.09,,,,52.1,51.58,52.64,41.0,52.0
2011-11-05,,,,41.46,40.81,42.09,,,,52.11,51.58,52.65,,
2011-11-06,,,,41.46,40.81,42.09,,,,52.11,51.57,52.65,,
2011-11-07,,,,41.46,40.82,42.09,,,,52.11,51.57,52.66,,
2011-11-08,,,,41.46,40.83,42.1,,,,52.12,51.57,52.66,,
2011-11-09,,,,41.47,40.84,42.11,,,,52.12,51.57,52.68,,
2011-11-10,,,,41.47,40.84,42.11,,,,52.12,51.57,52.69,,
2011-11-11,,,,41.47,40.85,42.12,,,,52.12,51.56,52.7,40.0,52.0
2011-11-12,,,,41.48,40.86,42.13,,,,52.11,51.56,52.71,,
2011-11-13,,,,41.48,40.87,42.14,,,,52.11,51.56,52.71,,
2011-11-14,,,,41.49,40.89,42.14,,,,52.1,51.55,52.7,,
2011-11-15,,,,41.5,40.9,42.15,,,,52.1,51.54,52.7,,
2011-11-16,,,,41.51,40.89,42.16,,,,52.09,51.52,52.69,,
2011-11-17,,,,41.52,40.9,42.18,,,,52.08,51.51,52.69,,
2011-11-18,,,,41.53,40.89,42.19,,,,52.07,51.49,52.68,42.0,52.0
2011-11-19,,,,41.54,40.89,42.21,,,,52.06,51.48,52.67,,
2011-11-20,,,,41.55,40.89,42.24,,,,52.04,51.47,52.65,,
2011-11-21,,,,41.56,40.89,42.26,,,,52.03,51.45,52.64,39.0,53.0
2011-11-22,,,,41.58,40.9,42.29,,,,52.01,51.42,52.63,,
2011-11-23,,,,41.6,40.9,42.31,,,,52.0,51.38,52.6,,
2011-11-24,,,,41.61,40.9,42.34,,,,51.98,51.35,52.59,,
2011-11-25,,,,41.63,40.91,42.37,,,,51.96,51.31,52.58,40.0,54.0
2011-11-26,,,,41.65,40.94,42.4,,,,51.94,51.26,52.56,,
2011-11-27,,,,41.67,40.95,42.43,,,,51.91,51.22,52.54,,
2011-11-28,,,,41.69,40.95,42.44,,,,51.89,51.19,52.52,,
2011-11-29,,,,41.71,40.95,42.47,,,,51.86,51.15,52.5,,
2011-11-30,,,,41.74,40.96,42.5,,,,51.84,51.11,52.49,,
2011-12-01,,,,41.76,40.98,42.53,,,,51.81,51.06,52.48,,
2011-12-02,,,,41.79,41.0,42.56,,,,51.78,51.02,52.46,38.0,56.0
2011-12-03,,,,41.81,41.02,42.61,,,,51.75,50.98,52.45,,
2011-12-04,,,,41.84,41.03,42.63,,,,51.72,50.95,52.44,,
2011-12-05,,,,41.87,41.05,42.68,,,,51.69,50.92,52.43,,
2011-12-06,,,,41.9,41.07,42.72,,,,51.66,50.87,52.42,,
2011-12-07,,,,41.93,41.09,42.77,,,,51.63,50.82,52.4,,
2011-12-08,,,,41.96,41.11,42.81,,,,51.6,50.77,52.37,,
2011-12-09,,,,41.99,41.12,42.85,,,,51.57,50.73,52.36,42.0,52.0
2011-12-10,,,,42.02,41.15,42.88,,,,51.54,50.68,52.35,,
2011-12-11,,,,42.05,41.17,42.91,,,,51.5,50.64,52.34,,
2011-12-12,,,,42.08,41.2,42.93,,,,51.47,50.59,52.32,43.0,50.0
2011-12-13,,,,42.12,41.22,42.96,,,,51.44,50.54,52.29,,
2011-12-14,,,,42.15,41.25,42.99,,,,51.4,50.49,52.26,,
2011-12-15,,,,42.18,41.27,43.01,,,,51.37,50.45,52.23,,
2011-12-16,,,,42.21,41.28,43.04,,,,51.33,50.4,52.2,44.0,50.0
2011-12-17,,,,42.25,41.29,43.06,,,,51.3,50.35,52.17,,
2011-12-18,,,,42.28,41.32,43.08,,,,51.26,50.32,52.15,,
2011-12-19,,,,42.31,41.35,43.13,,,,51.23,50.27,52.15,,
2011-12-20,,,,42.35,41.38,43.17,,,,51.2,50.23,52.13,,
2011-12-21,,,,42.38,41.41,43.21,,,,51.16,50.19,52.12,,
2011-12-22,,,,42.41,41.41,43.24,,,,51.13,50.15,52.1,,
2011-12-23,,,,42.45,41.44,43.28,,,,51.09,50.12,52.06,,
2011-12-24,,,,42.48,41.48,43.31,,,,51.06,50.08,52.03,,
2011-12-25,,,,42.51,41.51,43.34,,,,51.03,50.06,52.01,,
2011-12-26,,,,42.54,41.55,43.37,,,,50.99,50.05,51.98,,
2011-12-27,,,,42.58,41.58,43.4,,,,50.96,50.04,51.95,,
2011-12-28,,,,42.61,41.62,43.42,,,,50.93,50.02,51.92,,
2011-12-29,,,,42.64,41.66,43.45,,,,50.89,49.95,51.89,,
2011-12-30,,,,42.67,41.69,43.47,,,,50.86,49.9,51.85,,
2011-12-31,,,,42.7,41.73,43.5,,,,50.83,49.87,51.82,,
2012-01-01,,,,42.73,41.76,43.53,,,,50.8,49.84,51.79,,
2012-01-02,,,,42.76,41.8,43.55,,,,50.76,49.82,51.75,,
2012-01-03,,,,42.79,41.84,43.58,,,,50.73,49.8,51.71,,
2012-01-04,,,,42.82,41.87,43.6,,,,50.7,49.77,51.67,,
2012-01-05,,,,42.84,41.91,43.63,,,,50.67,49.76,51.63,,
2012-01-06,,,,42.87,41.94,43.65,,,,50.64,49.74,51.6,44.0,51.0
2012-01-07,,,,42.9,41.96,43.67,,,,50.61,49.72,51.57,,
2012-01-08,,,,42.92,42.0,43.69,,,,50.58,49.71,51.54,,
2012-01-09,,,,42.95,42.05,43.71,,,,50.56,49.69,51.51,,
2012-01-10,,,,42.97,42.09,43.73,,,,50.53,49.68,51.47,,
2012-01-11,,,,43.0,42.12,43.75,,,,50.5,49.67,51.42,,
2012-01-12,,,,43.02,42.15,43.77,,,,50.47,49.65,51.4,,
2012-01-13,,,,43.04,42.18,43.79,,,,50.45,49.62,51.36,42.0,52.0
2012-01-14,,,,43.07,42.2,43.81,,,,50.42,49.6,51.32,,
2012-01-15,,,,43.09,42.22,43.82,,,,50.4,49.59,51.29,,
2012-01-16,,,,43.1,42.24,43.83,,,,50.38,49.58,51.26,,
2012-01-17,,,,43.12,42.25,43.84,,,,50.36,49.58,51.23,,
2012-01-18,,,,43.14,42.27,43.85,,,,50.34,49.57,51.21,,
2012-01-19,,,,43.15,42.28,43.86,,,,50.32,49.57,51.19,,
2012-01-20,,,,43.16,42.3,43.87,,,,50.31,49.57,51.16,45.0,48.0
2012-01-21,,,,43.17,42.3,43.89,,,,50.29,49.56,51.13,,
2012-01-22,,,,43.18,42.31,43.88,,,,50.28,49.52,51.1,,
2012-01-23,,,,43.19,42.31,43.88,,,,50.27,49.54,51.07,46.0,47.0
2012-01-24,,,,43.19,42.31,43.86,,,,50.26,49.52,51.05,,
2012-01-25,,,,43.19,42.3,43.85,,,,50.26,49.52,51.01,,
2012-01-26,,,,43.19,42.3,43.87,,,,50.26,49.52,51.01,,
2012-01-27,,,,43.19,42.29,43.88,,,,50.25,49.54,51.01,46.0,47.0
2012-01-28,,,,43.19,42.29,43.87,,,,50.26,49.55,51.01,,
2012-01-29,,,,43.18,42.27,43.86,,,,50.26,49.55,51.02,,
2012-01-30,,,,43.17,42.25,43.83,,,,50.27,49.54,51.03,,
2012-01-31,,,,43.16,42.23,43.81,,,,50.28,49.55,51.05,,
2012-02-01,,,,43.15,42.21,43.8,,,,50.29,49.55,51.07,,
2012-02-02,,,,43.13,42.19,43.81,,,,50.3,49.58,51.09,,
2012-02-03,,,,43.11,42.17,43.8,,,,50.32,49.61,51.13,44.0,50.0
2012-02-04,,,,43.09,42.15,43.78,,,,50.34,49.61,51.14,,
2012-02-05,,,,43.06,42.12,43.77,,,,50.37,49.61,51.16,,
2012-02-06,,,,43.04,42.1,43.77,,,,50.39,49.61,51.2,,
2012-02-07,,,,43.01,42.08,43.76,,,,50.42,49.63,51.25,,
2012-02-08,,,,42.97,42.05,43.75,,,,50.46,49.64,51.32,,
2012-02-09,,,,42.94,41.98,43.73,,,,50.49,49.65,51.39,,
2012-02-10,,,,42.9,41.95,43.69,,,,50.53,49.67,51.46,45.0,49.0
2012-02-11,,,,42.86,41.9,43.68,,,,50.58,49.68,51.56,,
2012-02-12,,,,42.81,41.87,43.66,,,,50.62,49.7,51.66,,
2012-02-13,,,,42.76,41.83,43.64,,,,50.67,49.73,51.74,,
2012-02-14,,,,42.71,41.76,43.61,,,,50.73,49.76,51.83,,
2012-02-15,,,,42.66,41.69,43.57,,,,50.78,49.8,51.9,,
2012-02-16,,,,42.6,41.64,43.52,,,,50.84,49.85,51.97,,
2012-02-17,,,,42.54,41.55,43.47,,,,50.91,49.9,52.08,42.0,52.0
2012-02-18,,,,42.48,41.47,43.42,,,,50.97,49.96,52.22,,
2012-02-19,,,,42.42,41.39,43.37,,,,51.04,50.02,52.31,,
2012-02-20,,,,42.35,41.32,43.33,,,,51.11,50.08,52.41,,
2012-02-21,,,,42.28,41.24,43.28,,,,51.19,50.13,52.51,,
2012-02-22,,,,42.21,41.16,43.24,,,,51.27,50.18,52.61,,
2012-02-23,,,,42.13,41.04,43.19,,,,51.35,50.23,52.71,,
2012-02-24,,,,42.06,40.9,43.14,,,,51.43,50.28,52.78,41.0,51.0
2012-02-25,,,,41.98,40.81,43.09,,,,51.51,50.32,52.87,,
2012-02-26,,,,41.9,40.71,43.03,,,,51.6,50.37,52.99,,
2012-02-27,,,,41.81,40.62,42.95,,,,51.69,50.41,53.1,40.0,51.0
2012-02-28,,,,41.72,40.52,42.86,,,,51.78,50.46,53.2,,
2012-02-29,,,,41.63,40.42,42.77,,,,51.88,50.51,53.3,,
2012-03-01,,,,41.54,40.3,42.72,,,,51.97,50.61,53.44,,
2012-03-02,,,,41.45,40.17,42.68,,,,52.07,50.71,53.55,44.0,50.0
2012-03-03,,,,41.35,40.05,42.59,,,,52.18,50.8,53.67,,
2012-03-04,,,,41.25,39.93,42.56,,,,52.28,50.85,53.79,,
2012-03-05,,,,41.15,39.81,42.5,,,,52.39,50.96,54.0,,
2012-03-06,,,,41.04,39.64,42.41,,,,52.5,51.04,54.22,,
2012-03-07,,,,40.93,39.49,42.31,,,,52.61,51.09,54.35,,
2012-03-08,,,,40.82,39.36,42.16,,,,52.73,51.14,54.49,,
2012-03-09,,,,40.71,39.26,42.09,,,,52.84,51.19,54.62,42.0,51.0
2012-03-10,,,,40.59,39.09,42.0,,,,52.96,51.24,54.76,,
2012-03-11,,,,40.48,38.91,41.88,,,,53.08,51.4,54.89,,
2012-03-12,,,,40.36,38.73,41.76,,,,53.21,51.57,55.03,,
2012-03-13,,,,40.24,38.55,41.64,,,,53.33,51.69,55.22,,
2012-03-14,,,,40.12,38.37,41.54,,,,53.46,51.83,55.41,,
2012-03-15,,,,40.0,38.19,41.5,,,,53.59,51.95,55.54,,
2012-03-16,,,,39.87,38.07,41.42,,,,53.71,52.07,55.7,44.0,49.0
2012-03-17,,,,39.75,37.96,41.31,,,,53.84,52.14,55.86,,
2012-03-18,,,,39.63,37.78,41.24,,,,53.97,52.24,56.02,,
2012-03-19,,,,39.5,37.63,41.17,,,,54.1,52.33,56.13,,
2012-03-20,,,,39.38,37.52,41.07,,,,54.24,52.42,56.3,,
2012-03-21,,,,39.25,37.41,40.94,,,,54.37,52.51,56.46,,
2012-03-22,,,,39.13,37.31,40.82,,,,54.5,52.62,56.6,,
2012-03-23,,,,39.01,37.2,40.73,,,,54.63,52.73,56.75,42.0,53.0
2012-03-24,,,,38.88,37.08,40.65,,,,54.76,52.84,56.88,,
2012-03-25,,,,38.76,36.96,40.56,,,,54.88,52.94,57.01,,
2012-03-26,,,,38.64,36.83,40.47,,,,55.01,53.02,57.13,,
2012-03-27,,,,38.52,36.74,40.4,,,,55.14,53.1,57.25,,
2012-03-28,,,,38.4,36.64,40.32,,,,55.27,53.19,57.36,,
2012-03-29,,,,38.28,36.56,40.25,,,,55.39,53.27,57.47,41.0,52.0
2012-03-30,,,,38.17,36.5,40.17,,,,55.52,53.39,57.61,,
2012-03-31,,,,38.05,36.43,40.06,,,,55.64,53.51,57.71,34.0,61.0
2012-04-01,,,,37.94,36.28,39.95,,,,55.76,53.62,57.91,,
2012-04-02,,,,37.83,36.03,39.82,,,,55.88,53.73,58.01,,
2012-04-03,,,,37.72,35.93,39.71,,,,56.0,53.84,58.1,,
2012-04-04,,,,37.61,35.84,39.62,,,,56.11,53.95,58.2,,
2012-04-05,,,,37.5,35.7,39.53,,,,56.23,54.04,58.31,,
2012-04-06,,,,37.4,35.58,39.45,,,,56.34,54.13,58.42,,
2012-04-07,,,,37.29,35.5,39.36,,,,56.45,54.24,58.52,,
2012-04-08,,,,37.19,35.41,39.27,,,,56.56,54.36,58.6,,
2012-04-09,,,,37.1,35.31,39.19,,,,56.67,54.48,58.66,,
2012-04-10,,,,37.0,35.18,39.1,,,,56.77,54.58,58.73,,
2012-04-11,,,,36.9,35.11,39.02,,,,56.88,54.69,58.79,,
2012-04-12,,,,36.81,35.06,38.94,,,,56.98,54.8,58.84,,
2012-04-13,,,,36.72,35.01,38.86,,,,57.08,54.92,58.96,34.0,60.0
2012-04-14,,,,36.63,34.97,38.77,,,,57.18,55.04,59.03,,
2012-04-15,,,,36.54,34.92,38.68,,,,57.27,55.16,59.08,,
2012-04-16,,,,36.46,34.88,38.6,,,,57.37,55.28,59.15,,
2012-04-17,,,,36.37,34.83,38.51,,,,57.46,55.37,59.22,,
2012-04-18,,,,36.29,34.75,38.38,,,,57.56,55.46,59.28,,
2012-04-19,,,,36.21,34.72,38.28,,,,57.65,55.55,59.31,,
2012-04-20,,,,36.12,34.67,38.19,,,,57.74,55.71,59.34,36.0,59.0
2012-04-21,,,,36.05,34.62,38.1,,,,57.83,55.88,59.37,,
2012-04-22,,,,35.97,34.6,37.99,,,,57.91,56.0,59.41,,
2012-04-23,,,,35.89,34.52,37.89,,,,58.0,56.11,59.47,37.0,57.0
2012-04-24,,,,35.82,34.46,37.77,,,,58.08,56.21,59.53,,
2012-04-25,,,,35.75,34.42,37.63,,,,58.16,56.31,59.59,,
2012-04-26,,,,35.67,34.4,37.48,,,,58.24,56.4,59.64,,
2012-04-27,,,,35.6,34.37,37.39,,,,58.32,56.51,59.69,32.0,63.0
2012-04-28,,,,35.54,34.35,37.32,,,,58.4,56.62,59.74,,
2012-04-29,,,,35.47,34.32,37.25,,,,58.47,56.72,59.79,,
2012-04-30,,,,35.4,34.28,37.17,,,,58.55,56.81,59.83,,
2012-05-01,,,,35.34,34.29,37.08,,,,58.62,56.9,59.86,,
2012-05-02,,,,35.28,34.28,36.98,,,,58.69,57.01,59.91,,
2012-05-03,,,,35.22,34.26,36.88,,,,58.76,57.11,59.93,,
2012-05-04,,,,35.16,34.25,36.78,,,,58.83,57.24,59.97,31.0,62.0
2012-05-05,,,,35.1,34.21,36.69,,,,58.89,57.34,59.99,,
2012-05-06,,,,35.04,34.17,36.59,,,,58.95,57.44,60.02,,
2012-05-07,,,,34.99,34.11,36.52,,,,59.01,57.54,60.04,,
2012-05-08,,,,34.94,34.06,36.45,,,,59.07,57.65,60.07,,
2012-05-09,,,,34.89,34.01,36.34,,,,59.13,57.75,60.09,,
2012-05-10,,,,34.84,33.97,36.23,,,,59.18,57.85,60.11,,
2012-05-11,,,,34.79,33.95,36.13,,,,59.23,57.95,60.13,32.0,61.0
2012-05-12,,,,34.75,33.95,36.04,,,,59.28,58.02,60.14,,
2012-05-13,,,,34.7,33.95,35.94,,,,59.32,58.09,60.15,,
2012-05-14,,,,34.66,33.95,35.85,,,,59.37,58.16,60.16,32.0,60.0
2012-05-15,,,,34.63,33.92,35.78,,,,59.41,58.27,60.18,,
2012-05-16,,,,34.59,33.89,35.7,,,,59.45,58.36,60.19,,
2012-05-17,,,,34.56,33.85,35.62,,,,59.48,58.41,60.2,,
2012-05-18,,,,34.52,33.82,35.57,,,,59.52,58.49,60.23,33.0,63.0
2012-05-19,,,,34.49,33.79,35.55,,,,59.55,58.58,60.26,,
2012-05-20,,,,34.47,33.76,35.52,,,,59.58,58.64,60.28,,
2012-05-21,,,,34.44,33.73,35.49,,,,59.61,58.71,60.29,,
2012-05-22,,,,34.42,33.71,35.4,,,,59.64,58.77,60.31,,
2012-05-23,,,,34.39,33.71,35.32,,,,59.66,58.81,60.32,,
2012-05-24,,,,34.37,33.71,35.24,,,,59.68,58.85,60.33,,
2012-05-25,,,,34.36,33.7,35.19,,,,59.71,58.92,60.34,34.0,60.0
2012-05-26,,,,34.34,33.7,35.16,,,,59.72,58.97,60.36,,
2012-05-27,,,,34.33,33.71,35.13,,,,59.74,58.99,60.37,,
2012-05-28,,,,34.32,33.72,35.1,,,,59.75,59.02,60.38,,
2012-05-29,,,,34.31,33.7,35.08,,,,59.76,59.05,60.39,,
2012-05-30,,,,34.31,33.71,35.07,,,,59.77,59.09,60.39,,
2012-05-31,,,,34.3,33.7,35.05,,,,59.78,59.1,60.39,,
2012-06-01,,,,34.3,33.7,35.03,,,,59.78,59.1,60.4,34.0,60.0
2012-06-02,,,,34.3,33.71,35.02,,,,59.78,59.09,60.4,,
2012-06-03,,,,34.31,33.71,35.03,,,,59.78,59.09,60.4,,
2012-06-04,,,,34.31,33.71,35.03,,,,59.78,59.1,60.39,,
2012-06-05,,,,34.32,33.72,35.04,,,,59.77,59.12,60.37,,
2012-06-06,,,,34.33,33.74,35.04,,,,59.77,59.13,60.35,,
2012-06-07,,,,34.34,33.76,35.04,,,,59.76,59.11,60.33,,
2012-06-08,,,,34.36,33.78,35.05,,,,59.75,59.09,60.31,36.0,59.0
2012-06-09,,,,34.37,33.8,35.06,,,,59.73,59.08,60.28,,
2012-06-10,,,,34.39,33.83,35.07,,,,59.72,59.05,60.25,,
2012-06-11,,,,34.4,33.84,35.1,,,,59.7,59.03,60.22,34.0,58.0
2012-06-12,,,,34.42,33.86,35.13,,,,59.69,59.01,60.2,,
2012-06-13,,,,34.44,33.88,35.13,,,,59.67,58.98,60.18,,
2012-06-14,,,,34.46,33.9,35.14,,,,59.65,58.97,60.16,,
2012-06-15,,,,34.49,33.93,35.15,,,,59.63,58.95,60.14,35.0,60.0
2012-06-16,,,,34.51,33.96,35.17,,,,59.61,58.93,60.12,,
2012-06-17,,,,34.53,33.98,35.2,,,,59.59,58.9,60.11,,
2012-06-18,,,,34.56,34.0,35.22,,,,59.56,58.87,60.09,,
2012-06-19,,,,34.58,34.03,35.23,,,,59.54,58.85,60.07,,
2012-06-20,,,,34.6,34.05,35.25,,,,59.52,58.82,60.04,,
2012-06-21,,,,34.63,34.09,35.27,,,,59.49,58.8,60.02,,
2012-06-22,,,,34.65,34.12,35.3,,,,59.47,58.78,59.98,38.0,56.0
2012-06-23,,,,34.68,34.16,35.32,,,,59.45,58.76,59.95,,
2012-06-24,,,,34.7,34.19,35.35,,,,59.42,58.72,59.93,,
2012-06-25,,,,34.73,34.22,35.38,,,,59.4,58.69,59.9,,
2012-06-26,,,,34.75,34.25,35.39,,,,59.37,58.68,59.88,,
2012-06-27,,,,34.78,34.3,35.41,,,,59.35,58.64,59.86,,
2012-06-28,,,,34.8,34.32,35.43,,,,59.33,58.62,59.83,,
2012-06-29,,,,34.83,34.33,35.47,,,,59.3,58.6,59.79,35.0,59.0
2012-06-30,,,,34.85,34.35,35.48,,,,59.28,58.58,59.76,,
2012-07-01,,,,34.88,34.37,35.5,,,,59.26,58.56,59.73,,
2012-07-02,,,,34.9,34.4,35.52,,,,59.23,58.54,59.71,,
2012-07-03,,,,34.92,34.42,35.53,,,,59.21,58.52,59.7,,
2012-07-04,,,,34.94,34.43,35.54,,,,59.19,58.51,59.69,,
2012-07-05,,,,34.96,34.44,35.56,,,,59.17,58.49,59.68,,
2012-07-06,,,,34.98,34.46,35.58,,,,59.15,58.48,59.67,34.0,61.0
2012-07-07,,,,35.0,34.47,35.59,,,,59.13,58.46,59.66,,
2012-07-08,,,,35.02,34.51,35.61,,,,59.11,58.46,59.64,,
2012-07-09,,,,35.04,34.52,35.62,,,,59.1,58.45,59.62,,
2012-07-10,,,,35.06,34.53,35.64,,,,59.08,58.45,59.6,,
2012-07-11,,,,35.07,34.54,35.65,,,,59.07,58.43,59.58,,
2012-07-12,,,,35.08,34.56,35.66,,,,59.05,58.42,59.56,,
2012-07-13,,,,35.1,34.56,35.68,,,,59.04,58.42,59.55,35.0,60.0
2012-07-14,,,,35.11,34.56,35.7,,,,59.03,58.42,59.54,,
2012-07-15,,,,35.12,34.56,35.71,,,,59.01,58.42,59.54,,
2012-07-16,,,,35.13,34.57,35.72,,,,59.0,58.41,59.53,33.0,60.0
2012-07-17,,,,35.13,34.57,35.74,,,,58.99,58.4,59.52,,
2012-07-18,,,,35.14,34.57,35.73,,,,58.98,58.38,59.52,,
2012-07-19,,,,35.14,34.58,35.73,,,,58.98,58.37,59.52,,
2012-07-20,,,,35.15,34.59,35.72,,,,58.97,58.36,59.52,36.0,59.0
2012-07-21,,,,35.15,34.59,35.73,,,,58.96,58.36,59.51,,
2012-07-22,,,,35.15,34.58,35.72,,,,58.96,58.35,59.51,,
2012-07-23,,,,35.15,34.57,35.73,,,,58.95,58.35,59.51,,
2012-07-24,,,,35.15,34.56,35.73,,,,58.95,58.33,59.51,,
2012-07-25,,,,35.15,34.56,35.72,,,,58.95,58.32,59.51,,
2012-07-26,,,,35.15,34.56,35.72,,,,58.94,58.31,59.51,,
2012-07-27,,,,35.15,34.55,35.73,,,,58.94,58.31,59.51,35.0,60.0
2012-07-28,,,,35.15,34.54,35.74,,,,58.94,58.32,59.51,,
2012-07-29,,,,35.14,34.54,35.74,,,,58.94,58.32,59.51,,
2012-07-30,,,,35.14,34.53,35.75,,,,58.94,58.33,59.51,,
2012-07-31,,,,35.13,34.52,35.75,,,,58.94,58.34,59.51,,
2012-08-01,,,,35.13,34.52,35.74,,,,58.94,58.35,59.5,,
2012-08-02,,,,35.13,34.53,35.74,,,,58.94,58.35,59.5,,
2012-08-03,,,,35.12,34.51,35.73,,,,58.94,58.35,59.5,37.0,58.0
2012-08-04,,,,35.12,34.5,35.72,,,,58.94,58.35,59.49,,
2012-08-05,,,,35.11,34.49,35.71,,,,58.94,58.34,59.49,,
2012-08-06,,,,35.11,34.49,35.7,,,,58.94,58.33,59.49,,
2012-08-07,,,,35.11,34.48,35.7,,,,58.93,58.32,59.48,,
2012-08-08,,,,35.1,34.47,35.7,,,,58.93,58.33,59.47,,
2012-08-09,,,,35.1,34.45,35.72,,,,58.93,58.33,59.47,,
2012-08-10,,,,35.1,34.45,35.73,,,,58.93,58.33,59.46,36.0,57.0
2012-08-11,,,,35.1,34.45,35.73,,,,58.92,58.33,59.46,,
2012-08-12,,,,35.1,34.45,35.72,,,,58.92,58.32,59.45,,
2012-08-13,,,,35.1,34.44,35.71,,,,58.91,58.32,59.44,39.0,55.0
2012-08-14,,,,35.1,34.44,35.7,,,,58.91,58.32,59.44,,
2012-08-15,,,,35.1,34.44,35.71,,,,58.9,58.32,59.43,,
2012-08-16,,,,35.1,34.45,35.72,,,,58.9,58.31,59.43,,
2012-08-17,,,,35.1,34.46,35.72,,,,58.89,58.31,59.43,34.0,59.0
2012-08-18,,,,35.1,34.47,35.73,,,,58.88,58.31,59.43,,
2012-08-19,,,,35.1,34.49,35.74,,,,58.87,58.3,59.43,,
2012-08-20,,,,35.11,34.5,35.75,,,,58.86,58.29,59.43,,
2012-08-21,,,,35.11,34.51,35.76,,,,58.85,58.28,59.43,,
2012-08-22,,,,35.12,34.51,35.77,,,,58.84,58.25,59.42,,
2012-08-23,,,,35.12,34.52,35.78,,,,58.83,58.24,59.41,,
2012-08-24,,,,35.13,34.53,35.79,,,,58.82,58.23,59.4,34.0,60.0
2012-08-25,,,,35.14,34.53,35.79,,,,58.81,58.23,59.38,,
2012-08-26,,,,35.15,34.52,35.81,,,,58.79,58.2,59.36,,
2012-08-27,,,,35.16,34.52,35.82,,,,58.78,58.18,59.36,,
2012-08-28,,,,35.17,34.54,35.82,,,,58.76,58.16,59.36,,
2012-08-29,,,,35.18,34.55,35.82,,,,58.75,58.15,59.35,,
2012-08-30,,,,35.19,34.55,35.84,,,,58.73,58.13,59.35,,
2012-08-31,,,,35.2,34.58,35.86,,,,58.71,58.11,59.34,34.0,60.0
2012-09-01,,,,35.22,34.59,35.87,,,,58.7,58.09,59.32,,
2012-09-02,,,,35.23,34.59,35.88,,,,58.68,58.04,59.3,,
2012-09-03,,,,35.25,34.59,35.9,,,,58.66,58.0,59.3,,
2012-09-04,,,,35.27,34.6,35.92,,,,58.64,57.97,59.29,,
2012-09-05,,,,35.29,34.63,35.95,,,,58.61,57.96,59.27,,
2012-09-06,,,,35.31,34.63,35.97,,,,58.59,57.95,59.26,,
2012-09-07,,,,35.33,34.62,35.99,,,,58.57,57.94,59.25,33.0,61.0
2012-09-08,,,,35.35,34.62,36.0,,,,58.55,57.93,59.24,,
2012-09-09,,,,35.37,34.63,36.02,,,,58.52,57.9,59.23,,
2012-09-10,,,,35.4,34.65,36.08,,,,58.5,57.87,59.21,,
2012-09-11,,,,35.42,34.65,36.11,,,,58.47,57.82,59.19,,
2012-09-12,,,,35.44,34.66,36.14,,,,58.45,57.77,59.18,,
2012-09-13,,,,35.47,34.72,36.15,,,,58.42,57.73,59.16,,
2012-09-14,,,,35.49,34.76,36.19,,,,58.4,57.7,59.14,34.0,60.0
2012-09-15,,,,35.52,34.77,36.23,,,,58.37,57.69,59.12,,
2012-09-16,,,,35.54,34.8,36.27,,,,58.34,57.64,59.09,,
2012-09-17,,,,35.57,34.82,36.32,,,,58.32,57.59,59.07,34.0,58.0
2012-09-18,,,,35.6,34.84,36.37,,,,58.29,57.53,59.05,,
2012-09-19,,,,35.62,34.85,36.43,,,,58.27,57.48,59.02,,
2012-09-20,,,,35.65,34.85,36.48,,,,58.24,57.43,59.0,,
2012-09-21,,,,35.68,34.85,36.52,,,,58.22,57.39,58.97,37.0,58.0
2012-09-22,,,,35.71,34.84,36.55,,,,58.19,57.35,58.95,,
2012-09-23,,,,35.73,34.84,36.57,,,,58.17,57.33,58.94,,
2012-09-24,,,,35.76,34.87,36.6,,,,58.14,57.32,58.94,,
2012-09-25,,,,35.79,34.9,36.64,,,,58.12,57.27,58.95,,
2012-09-26,,,,35.82,34.94,36.68,,,,58.1,57.24,58.94,,
2012-09-27,,,,35.85,34.97,36.74,,,,58.07,57.22,58.93,,
2012-09-28,,,,35.87,34.98,36.79,,,,58.05,57.2,58.93,34.0,59.0
2012-09-29,,,,35.9,34.98,36.83,,,,58.03,57.18,58.91,,
2012-09-30,,,,35.93,34.99,36.85,,,,58.0,57.16,58.89,,
2012-10-01,,,,35.96,35.01,36.87,,,,57.98,57.13,58.87,,
2012-10-02,,,,35.99,35.04,36.88,,,,57.96,57.1,58.85,,
2012-10-03,,,,36.02,35.07,36.9,,,,57.93,57.07,58.84,,
2012-10-04,,,,36.05,35.09,36.93,,,,57.91,57.05,58.83,,
2012-10-05,,,,36.09,35.1,36.94,,,,57.89,57.02,58.82,35.0,59.0
2012-10-06,,,,36.12,35.11,36.98,,,,57.86,57.01,58.81,,
2012-10-07,,,,36.15,35.13,37.01,,,,57.84,57.0,58.8,,
2012-10-08,,,,36.19,35.15,37.03,,,,57.82,56.98,58.79,,
2012-10-09,,,,36.22,35.17,37.05,,,,57.79,56.97,58.78,,
2012-10-10,,,,36.26,35.2,37.08,,,,57.77,56.96,58.76,,
2012-10-11,,,,36.29,35.26,37.12,,,,57.74,56.94,58.73,,
2012-10-12,,,,36.33,35.32,37.13,,,,57.72,56.93,58.71,37.0,57.0
2012-10-13,,,,36.37,35.38,37.16,,,,57.69,56.92,58.68,,
2012-10-14,,,,36.4,35.44,37.22,,,,57.67,56.89,58.65,,
2012-10-15,,,,36.44,35.51,37.27,,,,57.64,56.86,58.62,,
2012-10-16,,,,36.48,35.58,37.33,,,,57.61,56.85,58.59,,
2012-10-17,,,,36.52,35.63,37.37,,,,57.59,56.82,58.57,,
2012-10-18,,,,36.56,35.68,37.4,,,,57.56,56.79,58.54,,
2012-10-19,,,,36.6,35.73,37.43,,,,57.53,56.76,58.51,37.0,56.0
2012-10-20,,,,36.64,35.77,37.46,,,,57.51,56.71,58.48,,
2012-10-21,,,,36.68,35.81,37.49,,,,57.48,56.66,58.45,,
2012-10-22,,,,36.72,35.86,37.51,,,,57.45,56.65,58.41,,
2012-10-23,,,,36.76,35.91,37.55,,,,57.42,56.64,58.38,,
2012-10-24,,,,36.8,35.96,37.57,,,,57.39,56.63,58.35,33.0,62.0
2012-10-25,,,,36.84,36.0,37.6,,,,57.36,56.6,58.32,,
2012-10-26,,,,36.88,36.04,37.65,,,,57.34,56.57,58.3,39.0,55.0
2012-10-27,,,,36.92,36.1,37.7,,,,57.31,56.56,58.27,,
2012-10-28,,,,36.96,36.16,37.74,,,,57.28,56.55,58.24,,
2012-10-29,,,,37.0,36.2,37.79,,,,57.25,56.52,58.21,,
2012-10-30,,,,37.03,36.24,37.84,,,,57.22,56.51,58.18,,
2012-10-31,,,,37.07,36.27,37.88,,,,57.19,56.5,58.15,,
2012-11-01,,,,37.11,36.32,37.92,,,,57.17,56.48,58.12,,
2012-11-02,,,,37.15,36.37,37.93,,,,57.14,56.46,58.09,38.0,57.0
2012-11-03,,,,37.18,36.43,37.94,,,,57.11,56.44,58.05,,
2012-11-04,,,,37.22,36.48,37.95,,,,57.09,56.42,58.01,,
2012-11-05,,,,37.25,36.53,37.99,,,,57.06,56.39,57.97,,
2012-11-06,,,,37.29,36.58,38.03,,,,57.03,56.37,57.92,,
2012-11-07,,,,37.32,36.62,38.05,,,,57.01,56.35,57.88,,
2012-11-08,,,,37.36,36.65,38.06,,,,56.98,56.34,57.83,,
2012-11-09,,,,37.39,36.68,38.08,,,,56.96,56.32,57.79,39.0,55.0
2012-11-10,,,,37.42,36.72,38.1,,,,56.93,56.31,57.76,,
2012-11-11,,,,37.45,36.75,38.12,,,,56.91,56.3,57.74,,
2012-11-12,,,,37.48,36.78,38.17,,,,56.88,56.28,57.73,,
2012-11-13,,,,37.51,36.81,38.21,,,,56.86,56.23,57.68,40.0,54.0
2012-11-14,,,,37.54,36.84,38.23,,,,56.84,56.2,57.64,,
2012-11-15,,,,37.57,36.87,38.25,,,,56.81,56.18,57.6,,
2012-11-16,,,,37.6,36.9,38.27,,,,56.79,56.17,57.55,39.0,56.0
2012-11-17,,,,37.63,36.93,38.28,,,,56.77,56.16,57.53,,
2012-11-18,,,,37.65,36.96,38.29,,,,56.74,56.14,57.49,,
2012-11-19,,,,37.68,37.0,38.34,,,,56.72,56.12,57.47,,
2012-11-20,,,,37.71,37.03,38.39,,,,56.7,56.08,57.46,,
2012-11-21,,,,37.73,37.07,38.43,,,,56.68,56.05,57.44,,
2012-11-22,,,,37.76,37.09,38.44,,,,56.66,56.05,57.43,,
2012-11-23,,,,37.78,37.13,38.45,,,,56.63,56.04,57.39,38.0,56.0
2012-11-24,,,,37.81,37.14,38.46,,,,56.61,56.01,57.37,,
2012-11-25,,,,37.83,37.17,38.47,,,,56.59,55.98,57.36,,
2012-11-26,,,,37.86,37.21,38.48,,,,56.57,55.96,57.34,,
2012-11-27,,,,37.88,37.25,38.49,,,,56.55,55.93,57.33,,
2012-11-28,,,,37.9,37.28,38.52,,,,56.53,55.91,57.31,,
2012-11-29,,,,37.92,37.31,38.54,,,,56.51,55.89,57.28,,
2012-11-30,,,,37.94,37.32,38.57,,,,56.5,55.87,57.24,,
2012-12-01,,,,37.96,37.35,38.59,,,,56.48,55.85,57.2,37.0,58.0
2012-12-02,,,,37.98,37.36,38.61,,,,56.46,55.83,57.17,,
2012-12-03,,,,38.0,37.42,38.63,,,,56.44,55.82,57.15,,
2012-12-04,,,,38.02,37.43,38.64,,,,56.42,55.81,57.13,,
2012-12-05,,,,38.03,37.43,38.65,,,,56.41,55.8,57.12,,
2012-12-06,,,,38.05,37.45,38.66,,,,56.39,55.79,57.08,,
2012-12-07,,,,38.07,37.47,38.67,,,,56.38,55.78,57.05,39.0,58.0
2012-12-08,,,,38.08,37.5,38.68,,,,56.36,55.77,57.04,,
2012-12-09,,,,38.09,37.5,38.69,,,,56.35,55.76,57.04,,
2012-12-10,,,,38.11,37.5,38.68,,,,56.33,55.74,57.03,37.0,56.0
2012-12-11,,,,38.12,37.51,38.69,,,,56.32,55.73,57.03,,
2012-12-12,,,,38.13,37.5,38.7,,,,56.31,55.73,56.99,,
2012-12-13,,,,38.14,37.5,38.72,,,,56.29,55.73,56.94,,
2012-12-14,,,,38.16,37.52,38.74,,,,56.28,55.72,56.89,39.0,56.0
2012-12-15,,,,38.16,37.54,38.76,,,,56.27,55.72,56.89,,
2012-12-16,,,,38.17,37.55,38.76,,,,56.26,55.72,56.89,,
2012-12-17,,,,38.18,37.55,38.77,,,,56.25,55.72,56.89,,
2012-12-18,,,,38.19,37.54,38.81,,,,56.24,55.7,56.86,,
2012-12-19,,,,38.2,37.55,38.81,,,,56.23,55.68,56.82,,
2012-12-20,,,,38.2,37.54,38.83,,,,56.22,55.67,56.79,,
2012-12-21,,,,38.21,37.54,38.83,,,,56.21,55.68,56.78,40.0,56.0
2012-12-22,,,,38.21,37.53,38.84,,,,56.21,55.67,56.78,,
2012-12-23,,,,38.21,37.52,38.84,,,,56.2,55.67,56.77,,
2012-12-24,,,,38.21,37.5,38.84,,,,56.2,55.67,56.77,,
2012-12-25,,,,38.21,37.49,38.86,,,,56.19,55.66,56.77,,
2012-12-26,,,,38.21,37.47,38.85,,,,56.19,55.65,56.77,,
2012-12-27,,,,38.21,37.48,38.86,,,,56.19,55.65,56.77,,
2012-12-28,,,,38.2,37.47,38.85,,,,56.18,55.66,56.78,,
2012-12-29,,,,38.19,37.46,38.84,,,,56.19,55.67,56.78,,
2012-12-30,,,,38.18,37.44,38.83,,,,56.19,55.68,56.79,,
2012-12-31,,,,38.17,37.43,38.84,,,,56.19,55.7,56.79,,
2013-01-01,,,,38.16,37.41,38.83,,,,56.2,55.71,56.79,,
2013-01-02,,,,38.14,37.38,38.81,,,,56.2,55.72,56.79,,
2013-01-03,,,,38.12,37.33,38.8,,,,56.21,55.73,56.79,,
2013-01-04,,,,38.1,37.32,38.79,,,,56.22,55.74,56.82,37.0,56.0
2013-01-05,,,,38.08,37.31,38.77,,,,56.23,55.74,56.85,,
2013-01-06,,,,38.06,37.28,38.74,,,,56.24,55.76,56.88,,
2013-01-07,,,,38.03,37.25,38.71,,,,56.26,55.77,56.9,,
2013-01-08,,,,38.0,37.24,38.69,,,,56.27,55.78,56.91,,
2013-01-09,,,,37.97,37.22,38.67,,,,56.29,55.79,56.94,,
2013-01-10,,,,37.94,37.18,38.65,,,,56.31,55.8,56.97,,
2013-01-11,,,,37.91,37.14,38.64,,,,56.33,55.81,57.0,38.0,56.0
2013-01-12,,,,37.87,37.11,38.63,,,,56.35,55.82,57.03,,
2013-01-13,,,,37.84,37.06,38.61,,,,56.37,55.84,57.06,,
2013-01-14,,,,37.8,37.01,38.58,,,,56.39,55.85,57.09,34.0,59.0
2013-01-15,,,,37.77,36.97,38.56,,,,56.41,55.87,57.12,,
2013-01-16,,,,37.73,36.92,38.55,,,,56.43,55.89,57.14,,
2013-01-17,,,,37.69,36.85,38.53,,,,56.46,55.91,57.17,,
2013-01-18,,,,37.65,36.78,38.51,,,,56.48,55.93,57.21,40.0,54.0
2013-01-19,,,,37.62,36.72,38.47,,,,56.5,55.95,57.25,,
2013-01-20,,,,37.58,36.68,38.42,,,,56.52,55.97,57.28,,
2013-01-21,,,,37.54,36.63,38.39,,,,56.55,55.97,57.29,,
2013-01-22,,,,37.5,36.57,38.38,,,,56.57,55.99,57.32,,
2013-01-23,,,,37.47,36.5,38.36,,,,56.6,56.02,57.38,,
2013-01-24,,,,37.43,36.45,38.35,,,,56.62,56.03,57.39,,
2013-01-25,,,,37.39,36.4,38.34,,,,56.64,56.03,57.41,40.0,55.0
2013-01-26,,,,37.35,36.36,38.32,,,,56.67,56.03,57.44,,
2013-01-27,,,,37.32,36.33,38.31,,,,56.69,56.05,57.47,,
2013-01-28,,,,37.28,36.28,38.29,,,,56.71,56.05,57.5,,
2013-01-29,,,,37.24,36.23,38.26,,,,56.74,56.07,57.53,,
2013-01-30,,,,37.21,36.16,38.23,,,,56.76,56.08,57.57,,
2013-01-31,,,,37.17,36.13,38.21,,,,56.79,56.09,57.6,,
2013-02-01,,,,37.13,36.1,38.2,,,,56.81,56.1,57.63,40.0,55.0
2013-02-02,,,,37.1,36.06,38.19,,,,56.84,56.12,57.66,,
2013-02-03,,,,37.06,36.01,38.17,,,,56.86,56.13,57.69,,
2013-02-04,,,,37.02,35.98,38.15,,,,56.89,56.15,57.73,,
2013-02-05,,,,36.99,35.94,38.13,,,,56.92,56.16,57.76,,
2013-02-06,,,,36.95,35.9,38.1,,,,56.94,56.18,57.79,,
2013-02-07,,,,36.92,35.86,38.08,,,,56.97,56.2,57.82,,
2013-02-08,,,,36.88,35.83,38.05,,,,57.0,56.24,57.86,40.0,55.0
2013-02-09,,,,36.84,35.8,38.02,,,,57.02,56.26,57.89,,
2013-02-10,,,,36.81,35.75,38.0,,,,57.05,56.28,57.92,,
2013-02-11,,,,36.77,35.7,37.96,,,,57.07,56.3,57.95,34.0,58.0
2013-02-12,,,,36.74,35.65,37.93,,,,57.1,56.32,57.98,,
2013-02-13,,,,36.71,35.61,37.9,,,,57.13,56.33,58.0,,
2013-02-14,,,,36.67,35.56,37.88,,,,57.15,56.34,58.02,,
2013-02-15,,,,36.64,35.52,37.86,,,,57.18,56.36,58.03,38.0,56.0
2013-02-16,,,,36.61,35.48,37.82,,,,57.2,56.38,58.04,,
2013-02-17,,,,36.58,35.45,37.79,,,,57.23,56.39,58.06,,
2013-02-18,,,,36.55,35.41,37.76,,,,57.25,56.41,58.09,,
2013-02-19,,,,36.52,35.38,37.74,,,,57.28,56.43,58.11,,
2013-02-20,,,,36.49,35.35,37.72,,,,57.3,56.44,58.14,,
2013-02-21,,,,36.46,35.34,37.7,,,,57.33,56.46,58.18,,
2013-02-22,,,,36.43,35.33,37.67,,,,57.35,56.48,58.21,40.0,55.0
2013-02-23,,,,36.4,35.32,37.64,,,,57.37,56.49,58.23,,
2013-02-24,,,,36.37,35.28,37.62,,,,57.4,56.51,58.25,,
2013-02-25,,,,36.35,35.28,37.6,,,,57.42,56.53,58.28,,
2013-02-26,,,,36.32,35.28,37.58,,,,57.44,56.55,58.31,,
2013-02-27,,,,36.29,35.24,37.55,,,,57.46,56.57,58.32,,
2013-02-28,,,,36.26,35.2,37.52,,,,57.48,56.58,58.34,,
2013-03-01,,,,36.24,35.17,37.48,,,,57.51,56.6,58.37,35.0,58.0
2013-03-02,,,,36.21,35.13,37.45,,,,57.53,56.62,58.39,,
2013-03-03,,,,36.18,35.09,37.41,,,,57.55,56.64,58.41,,
2013-03-04,,,,36.16,35.05,37.38,,,,57.57,56.66,58.43,,
2013-03-05,,,,36.13,35.02,37.32,,,,57.59,56.69,58.45,,
2013-03-06,,,,36.1,34.98,37.27,,,,57.61,56.71,58.47,,
2013-03-07,,,,36.07,34.94,37.23,,,,57.64,56.74,58.48,,
2013-03-08,,,,36.04,34.91,37.19,,,,57.66,56.78,58.5,34.0,58.0
2013-03-09,,,,36.01,34.88,37.15,,,,57.68,56.83,58.52,,
2013-03-10,,,,35.98,34.85,37.1,,,,57.71,56.88,58.54,,
2013-03-11,,,,35.95,34.82,37.05,,,,57.73,56.93,58.56,31.0,61.0
2013-03-12,,,,35.91,34.79,37.02,,,,57.76,56.95,58.59,,
2013-03-13,,,,35.88,34.75,37.0,,,,57.79,56.98,58.63,,
2013-03-14,,,,35.85,34.72,36.99,,,,57.81,56.99,58.66,,
2013-03-15,,,,35.81,34.71,36.96,,,,57.84,57.03,58.68,32.0,62.0
2013-03-16,,,,35.78,34.69,36.9,,,,57.87,57.07,58.71,,
2013-03-17,,,,35.74,34.67,36.84,,,,57.9,57.11,58.72,,
2013-03-18,,,,35.7,34.65,36.79,,,,57.93,57.16,58.74,,
2013-03-19,,,,35.67,34.62,36.76,,,,57.96,57.18,58.76,,
2013-03-20,,,,35.63,34.6,36.73,,,,57.99,57.2,58.8,,
2013-03-21,,,,35.59,34.58,36.69,,,,58.02,57.23,58.83,,
2013-03-22,,,,35.56,34.54,36.66,,,,58.05,57.27,58.86,36.0,59.0
2013-03-23,,,,35.52,34.52,36.61,,,,58.08,57.3,58.91,,
2013-03-24,,,,35.48,34.5,36.55,,,,58.12,57.32,58.96,,
2013-03-25,,,,35.44,34.48,36.49,,,,58.15,57.35,59.02,,
2013-03-26,,,,35.41,34.45,36.43,,,,58.18,57.38,59.03,,
2013-03-27,,,,35.37,34.41,36.38,,,,58.22,57.41,59.04,,
2013-03-28,,,,35.33,34.38,36.32,,,,58.25,57.44,59.07,,
2013-03-29,,,,35.3,34.34,36.3,,,,58.29,57.47,59.11,,
2013-03-30,,,,35.26,34.31,36.28,,,,58.32,57.5,59.13,,
2013-03-31,,,,35.23,34.28,36.27,,,,58.35,57.53,59.16,,
2013-04-01,,,,35.2,34.23,36.21,,,,58.39,57.56,59.21,,
2013-04-02,,,,35.16,34.22,36.16,,,,58.42,57.61,59.24,,
2013-04-03,,,,35.13,34.2,36.09,,,,58.45,57.64,59.27,,
2013-04-04,,,,35.1,34.17,36.02,,,,58.48,57.67,59.3,,
2013-04-05,,,,35.07,34.16,35.97,,,,58.52,57.71,59.32,36.0,59.0
2013-04-06,,,,35.04,34.14,35.92,,,,58.55,57.76,59.36,,
2013-04-07,,,,35.01,34.12,35.88,,,,58.58,57.81,59.37,,
2013-04-08,,,,34.99,34.09,35.85,,,,58.61,57.83,59.39,,
2013-04-09,,,,34.96,34.05,35.84,,,,58.63,57.85,59.42,,
2013-04-10,,,,34.94,34.06,35.8,,,,58.66,57.87,59.45,,
2013-04-11,,,,34.92,34.04,35.74,,,,58.68,57.88,59.49,,
2013-04-12,,,,34.89,34.01,35.7,,,,58.71,57.9,59.53,35.0,59.0
2013-04-13,,,,34.88,33.99,35.67,,,,58.73,57.93,59.58,,
2013-04-14,,,,34.86,33.98,35.64,,,,58.75,57.96,59.61,,
2013-04-15,,,,34.84,33.96,35.61,,,,58.77,57.98,59.64,32.0,60.0
2013-04-16,,,,34.83,33.95,35.61,,,,58.79,58.0,59.66,,
2013-04-17,,,,34.82,33.95,35.6,,,,58.8,58.02,59.68,,
2013-04-18,,,,34.8,33.94,35.59,,,,58.82,58.04,59.69,,
2013-04-19,,,,34.8,33.95,35.58,,,,58.83,58.05,59.71,39.0,55.0
2013-04-20,,,,34.79,33.96,35.57,,,,58.84,58.05,59.72,,
2013-04-21,,,,34.78,33.97,35.58,,,,58.84,58.06,59.72,,
2013-04-22,,,,34.78,33.98,35.59,,,,58.85,58.06,59.72,,
2013-04-23,,,,34.78,33.98,35.58,,,,58.85,58.05,59.71,,
2013-04-24,,,,34.78,33.98,35.59,,,,58.85,58.06,59.7,,
2013-04-25,,,,34.78,33.99,35.59,,,,58.85,58.06,59.68,,
2013-04-26,,,,34.78,34.0,35.58,,,,58.85,58.07,59.68,36.0,57.0
2013-04-27,,,,34.79,34.01,35.55,,,,58.84,58.07,59.68,,
2013-04-28,,,,34.79,34.04,35.54,,,,58.84,58.07,59.67,,
2013-04-29,,,,34.8,34.06,35.56,,,,58.83,58.07,59.66,,
2013-04-30,,,,34.81,34.07,35.58,,,,58.82,58.05,59.65,,
2013-05-01,,,,34.82,34.08,35.61,,,,58.81,58.03,59.63,,
2013-05-02,,,,34.83,34.11,35.64,,,,58.79,58.0,59.61,,
2013-05-03,,,,34.84,34.11,35.67,,,,58.78,57.97,59.6,35.0,58.0
2013-05-04,,,,34.85,34.12,35.68,,,,58.76,57.96,59.57,,
2013-05-05,,,,34.87,34.14,35.67,,,,58.75,57.96,59.54,,
2013-05-06,,,,34.88,34.16,35.66,,,,58.73,57.93,59.52,,
2013-05-07,,,,34.9,34.19,35.66,,,,58.71,57.91,59.5,,
2013-05-08,,,,34.91,34.2,35.66,,,,58.69,57.88,59.47,,
2013-05-09,,,,34.93,34.21,35.69,,,,58.66,57.84,59.47,,
2013-05-10,,,,34.95,34.22,35.72,,,,58.64,57.81,59.47,35.0,58.0
2013-05-11,,,,34.96,34.23,35.75,,,,58.62,57.77,59.46,,
2013-05-12,,,,34.98,34.25,35.78,,,,58.59,57.74,59.44,,
2013-05-13,,,,35.0,34.26,35.78,,,,58.56,57.7,59.42,36.0,57.0
2013-05-14,,,,35.02,34.28,35.78,,,,58.54,57.66,59.4,,
2013-05-15,,,,35.03,34.3,35.81,,,,58.51,57.63,59.39,,
2013-05-16,,,,35.05,34.32,35.83,,,,58.48,57.6,59.38,,
2013-05-17,,,,35.07,34.34,35.85,,,,58.46,57.55,59.34,32.0,62.0
2013-05-18,,,,35.08,34.37,35.87,,,,58.43,57.52,59.3,,
2013-05-19,,,,35.1,34.38,35.9,,,,58.4,57.48,59.27,,
2013-05-20,,,,35.12,34.4,35.92,,,,58.37,57.45,59.24,,
2013-05-21,,,,35.13,34.42,35.94,,,,58.35,57.41,59.24,,
2013-05-22,,,,35.15,34.44,35.95,,,,58.32,57.38,59.23,,
2013-05-23,,,,35.17,34.46,35.96,,,,58.29,57.35,59.2,,
2013-05-24,,,,35.18,34.47,35.98,,,,58.26,57.31,59.16,34.0,61.0
2013-05-25,,,,35.2,34.47,35.99,,,,58.24,57.28,59.14,,
2013-05-26,,,,35.21,34.5,36.03,,,,58.21,57.25,59.14,,
2013-05-27,,,,35.23,34.52,36.04,,,,58.18,57.21,59.13,,
2013-05-28,,,,35.25,34.55,36.04,,,,58.16,57.18,59.12,,
2013-05-29,,,,35.26,34.57,36.05,,,,58.13,57.15,59.11,,
2013-05-30,,,,35.28,34.59,36.06,,,,58.1,57.12,59.09,,
2013-05-31,,,,35.3,34.6,36.07,,,,58.07,57.08,59.02,35.0,61.0
2013-06-01,,,,35.32,34.6,36.07,,,,58.05,57.05,58.95,,
2013-06-02,,,,35.34,34.64,36.09,,,,58.02,57.03,58.93,,
2013-06-03,,,,35.36,34.66,36.1,,,,57.99,57.0,58.91,,
2013-06-04,,,,35.38,34.68,36.12,,,,57.96,56.97,58.88,,
2013-06-05,,,,35.4,34.7,36.14,,,,57.93,56.93,58.88,,
2013-06-06,,,,35.43,34.73,36.15,,,,57.9,56.9,58.86,,
2013-06-07,,,,35.45,34.77,36.16,,,,57.87,56.86,58.82,34.0,61.0
2013-06-08,,,,35.48,34.8,36.18,,,,57.84,56.83,58.78,,
2013-06-09,,,,35.5,34.83,36.2,,,,57.81,56.8,58.76,,
2013-06-10,,,,35.53,34.86,36.22,,,,57.78,56.76,58.74,34.0,58.0
2013-06-11,,,,35.56,34.9,36.24,,,,57.74,56.72,58.72,,
2013-06-12,,,,35.59,34.91,36.28,,,,57.71,56.69,58.7,,
2013-06-13,,,,35.61,34.92,36.29,,,,57.68,56.66,58.68,,
2013-06-14,,,,35.64,34.94,36.33,,,,57.64,56.64,58.65,34.0,59.0
2013-06-15,,,,35.67,34.99,36.37,,,,57.61,56.6,58.63,,
2013-06-16,,,,35.7,35.02,36.41,,,,57.57,56.58,58.59,,
2013-06-17,,,,35.74,35.06,36.44,,,,57.54,56.55,58.55,,
2013-06-18,,,,35.77,35.12,36.47,,,,57.5,56.5,58.51,,
2013-06-19,,,,35.8,35.16,36.5,,,,57.47,56.45,58.48,,
2013-06-20,,,,35.83,35.19,36.53,,,,57.43,56.42,58.45,,
2013-06-21,,,,35.86,35.22,36.56,,,,57.39,56.39,58.41,37.0,55.0
2013-06-22,,,,35.9,35.25,36.59,,,,57.36,56.36,58.39,,
2013-06-23,,,,35.93,35.28,36.62,,,,57.32,56.33,58.36,,
2013-06-24,,,,35.96,35.31,36.65,,,,57.28,56.3,58.31,,
2013-06-25,,,,36.0,35.33,36.69,,,,57.24,56.26,58.27,,
2013-06-26,,,,36.03,35.37,36.73,,,,57.2,56.22,58.22,,
2013-06-27,,,,36.07,35.4,36.77,,,,57.16,56.18,58.18,,
2013-06-28,,,,36.1,35.43,36.81,,,,57.12,56.14,58.13,38.0,55.0
2013-06-29,,,,36.14,35.45,36.83,,,,57.07,56.1,58.08,,
2013-06-30,,,,36.17,35.48,36.86,,,,57.03,56.07,58.06,,
2013-07-01,,,,36.21,35.51,36.91,,,,56.98,56.03,58.03,,
2013-07-02,,,,36.25,35.54,36.95,,,,56.94,56.0,58.0,,
2013-07-03,,,,36.28,35.57,36.98,,,,56.89,55.95,57.94,,
2013-07-04,,,,36.32,35.6,37.02,,,,56.85,55.91,57.89,,
2013-07-05,,,,36.36,35.63,37.08,,,,56.8,55.87,57.82,36.0,56.0
2013-07-06,,,,36.4,35.66,37.12,,,,56.75,55.84,57.75,,
2013-07-07,,,,36.44,35.74,37.14,,,,56.7,55.8,57.71,,
2013-07-08,,,,36.48,35.77,37.17,,,,56.65,55.76,57.64,,
2013-07-09,,,,36.52,35.81,37.2,,,,56.6,55.72,57.57,,
2013-07-10,,,,36.56,35.85,37.23,,,,56.54,55.68,57.51,,
2013-07-11,,,,36.6,35.87,37.26,,,,56.49,55.64,57.44,,
2013-07-12,,,,36.64,35.9,37.3,,,,56.44,55.59,57.39,34.0,60.0
2013-07-13,,,,36.68,35.92,37.34,,,,56.39,55.54,57.32,,
2013-07-14,,,,36.72,35.95,37.38,,,,56.33,55.5,57.24,,
2013-07-15,,,,36.76,35.98,37.42,,,,56.28,55.46,57.16,38.0,54.0
2013-07-16,,,,36.8,36.01,37.45,,,,56.23,55.43,57.1,,
2013-07-17,,,,36.84,36.08,37.48,,,,56.18,55.4,57.05,,
2013-07-18,,,,36.88,36.12,37.5,,,,56.12,55.36,56.99,,
2013-07-19,,,,36.92,36.16,37.54,,,,56.07,55.33,56.95,37.0,55.0
2013-07-20,,,,36.96,36.19,37.58,,,,56.02,55.28,56.92,,
2013-07-21,,,,37.0,36.23,37.59,,,,55.97,55.24,56.89,,
2013-07-22,,,,37.04,36.27,37.6,,,,55.92,55.21,56.85,,
2013-07-23,,,,37.08,36.3,37.63,,,,55.87,55.17,56.82,,
2013-07-24,,,,37.11,36.35,37.66,,,,55.83,55.12,56.79,,
2013-07-25,,,,37.15,36.39,37.7,,,,55.78,55.06,56.7,,
2013-07-26,,,,37.19,36.43,37.75,,,,55.73,55.02,56.6,38.0,54.0
2013-07-27,,,,37.23,36.47,37.79,,,,55.69,54.98,56.51,,
2013-07-28,,,,37.27,36.52,37.82,,,,55.64,54.98,56.42,,
2013-07-29,,,,37.31,36.56,37.85,,,,55.6,54.96,56.38,,
2013-07-30,,,,37.34,36.6,37.88,,,,55.56,54.94,56.34,,
2013-07-31,,,,37.38,36.65,37.91,,,,55.51,54.88,56.31,,
2013-08-01,,,,37.42,36.69,37.95,,,,55.47,54.83,56.27,,
2013-08-02,,,,37.46,36.73,37.98,,,,55.43,54.79,56.21,39.0,56.0
2013-08-03,,,,37.5,36.76,38.01,,,,55.39,54.77,56.14,,
2013-08-04,,,,37.53,36.84,38.05,,,,55.35,54.73,56.1,,
2013-08-05,,,,37.57,36.89,38.09,,,,55.32,54.71,56.07,,
2013-08-06,,,,37.61,36.93,38.13,,,,55.28,54.69,56.03,,
2013-08-07,,,,37.64,36.97,38.17,,,,55.24,54.67,55.99,,
2013-08-08,,,,37.68,37.0,38.2,,,,55.2,54.64,55.94,,
2013-08-09,,,,37.72,37.05,38.24,,,,55.17,54.62,55.92,39.0,54.0
2013-08-10,,,,37.75,37.1,38.28,,,,55.13,54.58,55.89,,
2013-08-11,,,,37.79,37.16,38.3,,,,55.1,54.53,55.85,,
2013-08-12,,,,37.82,37.19,38.33,,,,55.07,54.5,55.82,38.0,55.0
2013-08-13,,,,37.86,37.22,38.36,,,,55.04,54.48,55.75,,
2013-08-14,,,,37.89,37.26,38.4,,,,55.01,54.46,55.67,,
2013-08-15,,,,37.93,37.3,38.44,,,,54.98,54.44,55.61,,
2013-08-16,,,,37.96,37.33,38.47,,,,54.95,54.41,55.59,39.0,54.0
2013-08-17,,,,37.99,37.36,38.51,,,,54.92,54.38,55.57,,
2013-08-18,,,,38.02,37.39,38.54,,,,54.9,54.36,55.53,,
2013-08-19,,,,38.05,37.42,38.57,,,,54.87,54.33,55.49,,
2013-08-20,,,,38.07,37.45,38.59,,,,54.85,54.31,55.46,,
2013-08-21,,,,38.1,37.48,38.62,,,,54.83,54.29,55.43,,
2013-08-22,,,,38.13,37.51,38.65,,,,54.8,54.27,55.4,,
2013-08-23,,,,38.15,37.53,38.68,,,,54.78,54.25,55.37,38.0,56.0
2013-08-24,,,,38.17,37.56,38.7,,,,54.77,54.23,55.35,,
2013-08-25,,,,38.2,37.59,38.7,,,,54.75,54.21,55.33,,
2013-08-26,,,,38.22,37.62,38.71,,,,54.73,54.21,55.32,,
2013-08-27,,,,38.24,37.64,38.75,,,,54.72,54.19,55.31,,
2013-08-28,,,,38.26,37.67,38.79,,,,54.7,54.19,55.29,,
2013-08-29,,,,38.27,37.69,38.8,,,,54.69,54.18,55.28,,
2013-08-30,,,,38.29,37.71,38.81,,,,54.67,54.17,55.28,,
2013-08-31,,,,38.31,37.73,38.82,,,,54.66,54.16,55.27,36.0,55.0
2013-09-01,,,,38.32,37.74,38.83,,,,54.65,54.15,55.26,,
2013-09-02,,,,38.33,37.75,38.83,,,,54.64,54.14,55.26,,
2013-09-03,,,,38.35,37.76,38.84,,,,54.63,54.12,55.26,,
2013-09-04,,,,38.36,37.77,38.85,,,,54.62,54.08,55.26,,
2013-09-05,,,,38.37,37.78,38.85,,,,54.62,54.06,55.26,,
2013-09-06,,,,38.38,37.79,38.87,,,,54.61,54.06,55.28,39.0,54.0
2013-09-07,,,,38.38,37.8,38.89,,,,54.6,54.06,55.27,,
2013-09-08,,,,38.39,37.81,38.9,,,,54.6,54.06,55.28,,
2013-09-09,,,,38.4,37.82,38.91,,,,54.59,54.06,55.28,36.0,56.0
2013-09-10,,,,38.4,37.82,38.91,,,,54.59,54.04,55.27,,
2013-09-11,,,,38.41,37.83,38.91,,,,54.58,54.03,55.28,,
2013-09-12,,,,38.41,37.83,38.92,,,,54.58,54.02,55.3,,
2013-09-13,,,,38.41,37.84,38.93,,,,54.58,54.01,55.31,40.0,52.0
2013-09-14,,,,38.42,37.83,38.91,,,,54.58,54.0,55.32,,
2013-09-15,,,,38.42,37.83,38.92,,,,54.58,53.98,55.32,,
2013-09-16,,,,38.42,37.83,38.92,,,,54.58,53.98,55.33,,
2013-09-17,,,,38.41,37.82,38.92,,,,54.58,53.97,55.34,,
2013-09-18,,,,38.41,37.82,38.93,,,,54.58,53.95,55.35,,
2013-09-19,,,,38.41,37.82,38.94,,,,54.58,53.95,55.36,,
2013-09-20,,,,38.41,37.82,38.94,,,,54.58,53.96,55.37,40.0,54.0
2013-09-21,,,,38.4,37.81,38.93,,,,54.58,53.96,55.38,,
2013-09-22,,,,38.4,37.81,38.92,,,,54.59,53.96,55.39,,
2013-09-23,,,,38.39,37.81,38.93,,,,54.59,53.97,55.4,,
2013-09-24,,,,38.39,37.8,38.92,,,,54.59,53.97,55.39,,
2013-09-25,,,,38.38,37.8,38.93,,,,54.6,53.96,55.38,,
2013-09-26,,,,38.38,37.8,38.94,,,,54.6,53.96,55.37,,
2013-09-27,,,,38.37,37.79,38.94,,,,54.6,53.95,55.36,38.0,57.0
2013-09-28,,,,38.36,37.78,38.93,,,,54.61,53.94,55.35,,
2013-09-29,,,,38.36,37.78,38.93,,,,54.61,53.95,55.36,,
2013-09-30,,,,38.35,37.77,38.93,,,,54.61,53.96,55.37,,
2013-10-01,,,,38.35,37.76,38.93,,,,54.61,53.96,55.37,,
2013-10-02,,,,38.34,37.76,38.91,,,,54.61,53.97,55.38,,
2013-10-03,,,,38.33,37.75,38.91,,,,54.62,53.97,55.39,,
2013-10-04,,,,38.33,37.73,38.9,,,,54.62,53.96,55.41,41.0,53.0
2013-10-05,,,,38.32,37.71,38.9,,,,54.62,53.96,55.41,,
2013-10-06,,,,38.31,37.7,38.9,,,,54.62,53.96,55.41,,
2013-10-07,,,,38.31,37.71,38.91,,,,54.62,53.96,55.41,,
2013-10-08,,,,38.3,37.71,38.91,,,,54.62,53.96,55.42,,
2013-10-09,,,,38.3,37.7,38.9,,,,54.62,53.95,55.42,,
2013-10-10,,,,38.29,37.69,38.91,,,,54.62,53.95,55.42,,
2013-10-11,,,,38.29,37.67,38.92,,,,54.61,53.95,55.43,41.0,52.0
2013-10-12,,,,38.28,37.67,38.93,,,,54.61,53.95,55.43,,
2013-10-13,,,,38.28,37.67,38.93,,,,54.61,53.95,55.42,,
2013-10-14,,,,38.28,37.66,38.93,,,,54.61,53.94,55.42,,
2013-10-15,,,,38.27,37.66,38.93,,,,54.61,53.94,55.42,39.0,53.0
2013-10-16,,,,38.27,37.66,38.93,,,,54.6,53.94,55.43,,
2013-10-17,,,,38.27,37.63,38.93,,,,54.6,53.93,55.43,,
2013-10-18,,,,38.26,37.61,38.94,,,,54.6,53.93,55.4,38.0,53.0
2013-10-19,,,,38.26,37.6,38.94,,,,54.6,53.93,55.38,,
2013-10-20,,,,38.26,37.6,38.93,,,,54.59,53.92,55.37,,
2013-10-21,,,,38.25,37.6,38.93,,,,54.59,53.92,55.38,,
2013-10-22,,,,38.25,37.62,38.93,,,,54.59,53.91,55.38,,
2013-10-23,,,,38.25,37.61,38.92,,,,54.58,53.91,55.38,,
2013-10-24,,,,38.24,37.6,38.92,,,,54.58,53.91,55.39,,
2013-10-25,,,,38.24,37.59,38.91,,,,54.58,53.91,55.39,36.0,58.0
2013-10-26,,,,38.23,37.59,38.91,,,,54.58,53.9,55.39,,
2013-10-27,,,,38.23,37.58,38.9,,,,54.57,53.9,55.4,,
2013-10-28,,,,38.23,37.57,38.91,,,,54.57,53.9,55.41,,
2013-10-29,,,,38.22,37.56,38.92,,,,54.57,53.9,55.41,,
2013-10-30,,,,38.22,37.55,38.91,,,,54.57,53.9,55.42,,
2013-10-31,,,,38.21,37.53,38.9,,,,54.57,53.89,55.42,,
2013-11-01,,,,38.2,37.52,38.88,,,,54.57,53.89,55.41,38.0,56.0
2013-11-02,,,,38.2,37.51,38.89,,,,54.57,53.89,55.41,,
2013-11-03,,,,38.19,37.5,38.89,,,,54.57,53.9,55.41,,
2013-11-04,,,,38.18,37.5,38.89,,,,54.57,53.9,55.4,,
2013-11-05,,,,38.17,37.49,38.88,,,,54.57,53.92,55.4,,
2013-11-06,,,,38.17,37.48,38.87,,,,54.58,53.93,55.42,,
2013-11-07,,,,38.16,37.47,38.87,,,,54.58,53.92,55.44,,
2013-11-08,,,,38.15,37.46,38.86,,,,54.58,53.91,55.45,38.0,56.0
2013-11-09,,,,38.14,37.46,38.85,,,,54.59,53.92,55.45,,
2013-11-10,,,,38.13,37.46,38.84,,,,54.59,53.93,55.45,,
2013-11-11,,,,38.12,37.45,38.83,,,,54.59,53.94,55.45,35.0,56.0
2013-11-12,,,,38.11,37.44,38.83,,,,54.6,53.95,55.45,,
2013-11-13,,,,38.1,37.43,38.82,,,,54.6,53.95,55.45,,
2013-11-14,,,,38.09,37.42,38.8,,,,54.6,53.95,55.44,,
2013-11-15,,,,38.08,37.42,38.8,,,,54.61,53.96,55.44,37.0,56.0
2013-11-16,,,,38.07,37.42,38.81,,,,54.61,53.96,55.44,,
2013-11-17,,,,38.06,37.42,38.8,,,,54.62,53.97,55.44,,
2013-11-18,,,,38.05,37.4,38.78,,,,54.62,53.96,55.44,,
2013-11-19,,,,38.04,37.4,38.77,,,,54.62,53.96,55.43,,
2013-11-20,,,,38.03,37.4,38.75,,,,54.63,53.98,55.43,,
2013-11-21,,,,38.03,37.4,38.75,,,,54.63,54.0,55.43,,
2013-11-22,,,,38.02,37.4,38.75,,,,54.63,54.01,55.42,40.0,53.0
2013-11-23,,,,38.02,37.4,38.74,,,,54.63,54.01,55.41,,
2013-11-24,,,,38.01,37.4,38.73,,,,54.63,54.01,55.4,,
2013-11-25,,,,38.01,37.4,38.73,,,,54.63,54.0,55.39,,
2013-11-26,,,,38.0,37.41,38.72,,,,54.63,54.0,55.37,,
2013-11-27,,,,38.0,37.41,38.71,,,,54.63,54.0,55.37,,
2013-11-28,,,,38.0,37.41,38.7,,,,54.63,54.0,55.37,,
2013-11-29,,,,38.0,37.4,38.69,,,,54.63,53.99,55.37,37.0,55.0
2013-11-30,,,,38.0,37.39,38.68,,,,54.62,53.98,55.35,,
2013-12-01,,,,38.01,37.37,38.68,,,,54.62,53.97,55.34,,
2013-12-02,,,,38.01,37.36,38.68,,,,54.62,53.96,55.33,,
2013-12-03,,,,38.02,37.35,38.68,,,,54.61,53.98,55.31,,
2013-12-04,,,,38.02,37.34,38.68,,,,54.6,54.0,55.3,,
2013-12-05,,,,38.03,37.35,38.67,,,,54.59,54.01,55.27,,
2013-12-06,,,,38.04,37.36,38.65,,,,54.59,54.0,55.25,39.0,54.0
2013-12-07,,,,38.06,37.36,38.63,,,,54.58,54.0,55.23,,
2013-12-08,,,,38.07,37.37,38.63,,,,54.57,53.99,55.2,,
2013-12-09,,,,38.08,37.39,38.63,,,,54.55,53.99,55.18,39.0,52.0
2013-12-10,,,,38.1,37.4,38.65,,,,54.54,53.99,55.18,,
2013-12-11,,,,38.11,37.4,38.64,,,,54.53,53.97,55.16,,
2013-12-12,,,,38.13,37.42,38.67,,,,54.51,53.96,55.13,,
2013-12-13,,,,38.15,37.46,38.7,,,,54.5,53.94,55.12,36.0,55.0
2013-12-14,,,,38.17,37.47,38.7,,,,54.48,53.93,55.12,,
2013-12-15,,,,38.19,37.49,38.72,,,,54.46,53.91,55.11,,
2013-12-16,,,,38.22,37.51,38.75,,,,54.45,53.9,55.1,,
2013-12-17,,,,38.24,37.55,38.78,,,,54.43,53.88,55.08,,
2013-12-18,,,,38.27,37.58,38.82,,,,54.41,53.87,55.07,,
2013-12-19,,,,38.29,37.6,38.85,,,,54.39,53.85,55.06,,
2013-12-20,,,,38.32,37.62,38.87,,,,54.36,53.83,55.03,,
2013-12-21,,,,38.35,37.65,38.91,,,,54.34,53.81,55.01,,
2013-12-22,,,,38.38,37.68,38.93,,,,54.32,53.79,54.99,,
2013-12-23,,,,38.41,37.71,38.96,,,,54.29,53.78,54.97,,
2013-12-24,,,,38.44,37.75,39.0,,,,54.27,53.76,54.94,,
2013-12-25,,,,38.47,37.78,39.04,,,,54.24,53.74,54.9,,
2013-12-26,,,,38.5,37.82,39.08,,,,54.22,53.72,54.88,,
2013-12-27,,,,38.54,37.83,39.12,,,,54.19,53.68,54.86,,
2013-12-28,,,,38.57,37.87,39.16,,,,54.17,53.65,54.83,,
2013-12-29,,,,38.6,37.9,39.21,,,,54.14,53.62,54.81,,
2013-12-30,,,,38.64,37.94,39.24,,,,54.11,53.6,54.79,,
2013-12-31,,,,38.67,37.97,39.27,,,,54.09,53.57,54.77,,
2014-01-01,,,,38.7,37.99,39.31,,,,54.06,53.55,54.75,,
2014-01-02,,,,38.73,38.01,39.35,,,,54.04,53.53,54.72,,
2014-01-03,,,,38.77,38.03,39.38,,,,54.01,53.5,54.7,,
2014-01-04,,,,38.8,38.06,39.41,,,,53.99,53.48,54.68,,
2014-01-05,,,,38.83,38.1,39.43,,,,53.97,53.46,54.66,,
2014-01-06,,,,38.86,38.12,39.46,,,,53.95,53.44,54.64,,
2014-01-07,,,,38.89,38.14,39.48,,,,53.92,53.4,54.62,,
2014-01-08,,,,38.93,38.16,39.51,,,,53.9,53.38,54.6,,
2014-01-09,,,,38.96,38.2,39.55,,,,53.88,53.36,54.57,,
2014-01-10,,,,38.99,38.22,39.6,,,,53.86,53.32,54.55,37.0,57.0
2014-01-11,,,,39.02,38.25,39.63,,,,53.85,53.31,54.54,,
2014-01-12,,,,39.05,38.26,39.67,,,,53.83,53.3,54.52,,
2014-01-13,,,,39.08,38.29,39.7,,,,53.81,53.28,54.5,,
2014-01-14,,,,39.1,38.32,39.74,,,,53.79,53.27,54.48,39.0,53.0
2014-01-15,,,,39.13,38.36,39.78,,,,53.78,53.24,54.47,,
2014-01-16,,,,39.16,38.4,39.82,,,,53.76,53.21,54.45,,
2014-01-17,,,,39.19,38.44,39.85,,,,53.74,53.19,54.42,39.0,54.0
2014-01-18,,,,39.22,38.48,39.89,,,,53.73,53.17,54.41,,
2014-01-19,,,,39.25,38.52,39.93,,,,53.71,53.15,54.39,,
2014-01-20,,,,39.27,38.56,39.97,,,,53.69,53.13,54.38,,
2014-01-21,,,,39.3,38.58,40.0,,,,53.68,53.12,54.37,,
2014-01-22,,,,39.33,38.58,40.04,,,,53.66,53.11,54.36,,
2014-01-23,,,,39.35,38.61,40.07,,,,53.65,53.09,54.35,,
2014-01-24,,,,39.38,38.65,40.09,,,,53.63,53.07,54.35,41.0,53.0
2014-01-25,,,,39.4,38.67,40.11,,,,53.62,53.05,54.35,,
2014-01-26,,,,39.43,38.68,40.15,,,,53.61,53.03,54.33,,
2014-01-27,,,,39.45,38.71,40.16,,,,53.59,53.0,54.31,,
2014-01-28,,,,39.47,38.73,40.18,,,,53.58,52.97,54.28,,
2014-01-29,,,,39.5,38.75,40.19,,,,53.57,52.95,54.26,,
2014-01-30,,,,39.52,38.77,40.2,,,,53.55,52.94,54.25,,
2014-01-31,,,,39.54,38.78,40.2,,,,53.54,52.95,54.25,41.0,53.0
2014-02-01,,,,39.56,38.8,40.22,,,,53.53,52.95,54.24,,
2014-02-02,,,,39.58,38.82,40.24,,,,53.52,52.93,54.22,,
2014-02-03,,,,39.6,38.84,40.26,,,,53.5,52.92,54.2,37.0,55.0
2014-02-04,,,,39.62,38.87,40.28,,,,53.49,52.9,54.17,,
2014-02-05,,,,39.63,38.89,40.29,,,,53.48,52.89,54.15,,
2014-02-06,,,,39.65,38.91,40.3,,,,53.47,52.87,54.13,,
2014-02-07,,,,39.67,38.93,40.3,,,,53.46,52.86,54.11,,
2014-02-08,,,,39.68,38.95,40.32,,,,53.44,52.85,54.1,,
2014-02-09,,,,39.7,38.97,40.33,,,,53.43,52.84,54.1,,
2014-02-10,,,,39.71,38.99,40.35,,,,53.42,52.83,54.1,41.0,52.0
2014-02-11,,,,39.73,39.01,40.36,,,,53.41,52.83,54.07,,
2014-02-12,,,,39.74,39.03,40.37,,,,53.4,52.81,54.06,,
2014-02-13,,,,39.75,39.04,40.39,,,,53.39,52.79,54.04,,
2014-02-14,,,,39.76,39.04,40.41,,,,53.38,52.78,54.04,41.0,52.0
2014-02-15,,,,39.77,39.05,40.42,,,,53.37,52.78,54.04,,
2014-02-16,,,,39.78,39.05,40.42,,,,53.37,52.77,54.03,,
2014-02-17,,,,39.79,39.06,40.42,,,,53.36,52.76,54.02,,
2014-02-18,,,,39.8,39.07,40.41,,,,53.35,52.74,54.02,,
2014-02-19,,,,39.8,39.07,40.41,,,,53.34,52.73,54.0,,
2014-02-20,,,,39.81,39.08,40.4,,,,53.33,52.72,53.98,,
2014-02-21,,,,39.81,39.08,40.4,,,,53.33,52.7,53.96,39.0,55.0
2014-02-22,,,,39.82,39.09,40.41,,,,53.32,52.7,53.95,,
2014-02-23,,,,39.82,39.1,40.42,,,,53.31,52.69,53.94,,
2014-02-24,,,,39.83,39.11,40.43,,,,53.3,52.69,53.93,,
2014-02-25,,,,39.83,39.13,40.44,,,,53.3,52.69,53.93,,
2014-02-26,,,,39.83,39.15,40.44,,,,53.29,52.69,53.93,,
2014-02-27,,,,39.84,39.17,40.44,,,,53.28,52.67,53.92,,
2014-02-28,,,,39.84,39.2,40.43,,,,53.27,52.67,53.9,41.0,53.0
2014-03-01,,,,39.84,39.22,40.44,,,,53.27,52.66,53.88,,
2014-03-02,,,,39.84,39.23,40.44,,,,53.26,52.65,53.87,,
2014-03-03,,,,39.85,39.22,40.46,,,,53.25,52.64,53.86,,
2014-03-04,,,,39.85,39.21,40.47,,,,53.24,52.62,53.86,,
2014-03-05,,,,39.85,39.2,40.48,,,,53.23,52.6,53.84,,
2014-03-06,,,,39.85,39.19,40.49,,,,53.22,52.59,53.84,,
2014-03-07,,,,39.86,39.2,40.49,,,,53.21,52.59,53.84,42.0,52.0
2014-03-08,,,,39.86,39.21,40.5,,,,53.2,52.58,53.84,,
2014-03-09,,,,39.86,39.22,40.51,,,,53.19,52.57,53.83,,
2014-03-10,,,,39.87,39.24,40.52,,,,53.18,52.56,53.82,,
2014-03-11,,,,39.87,39.25,40.53,,,,53.17,52.56,53.81,,
2014-03-12,,,,39.87,39.26,40.54,,,,53.15,52.56,53.81,37.0,56.0
2014-03-13,,,,39.88,39.27,40.55,,,,53.14,52.54,53.81,,
2014-03-14,,,,39.88,39.27,40.56,,,,53.13,52.52,53.79,39.0,53.0
2014-03-15,,,,39.89,39.28,40.56,,,,53.12,52.51,53.78,,
2014-03-16,,,,39.89,39.28,40.57,,,,53.1,52.49,53.77,,
2014-03-17,,,,39.9,39.27,40.58,,,,53.09,52.47,53.75,,
2014-03-18,,,,39.9,39.28,40.59,,,,53.07,52.45,53.74,,
2014-03-19,,,,39.91,39.28,40.59,,,,53.06,52.43,53.72,,
2014-03-20,,,,39.91,39.28,40.6,,,,53.04,52.41,53.71,,
2014-03-21,,,,39.92,39.28,40.61,,,,53.03,52.4,53.7,42.0,51.0
2014-03-22,,,,39.92,39.29,40.61,,,,53.01,52.38,53.68,,
2014-03-23,,,,39.93,39.29,40.62,,,,53.0,52.36,53.67,,
2014-03-24,,,,39.94,39.3,40.62,,,,52.98,52.35,53.65,,
2014-03-25,,,,39.94,39.31,40.64,,,,52.97,52.33,53.64,,
2014-03-26,,,,39.95,39.32,40.66,,,,52.95,52.31,53.64,,
2014-03-27,,,,39.96,39.33,40.67,,,,52.94,52.3,53.64,,
2014-03-28,,,,39.96,39.33,40.69,,,,52.92,52.28,53.65,42.0,51.0
2014-03-29,,,,39.97,39.33,40.71,,,,52.91,52.26,53.63,,
2014-03-30,,,,39.98,39.34,40.73,,,,52.9,52.24,53.62,,
2014-03-31,,,,39.98,39.35,40.73,,,,52.88,52.21,53.6,,
2014-04-01,,,,39.99,39.35,40.74,,,,52.87,52.19,53.58,,
2014-04-02,,,,40.0,39.35,40.75,,,,52.85,52.17,53.56,,
2014-04-03,,,,40.01,39.35,40.75,,,,52.84,52.15,53.54,,
2014-04-04,,,,40.02,39.35,40.75,,,,52.82,52.13,53.53,41.0,51.0
2014-04-05,,,,40.02,39.36,40.75,,,,52.81,52.11,53.52,,
2014-04-06,,,,40.03,39.36,40.76,,,,52.79,52.1,53.51,,
2014-04-07,,,,40.04,39.39,40.76,,,,52.78,52.08,53.5,38.0,56.0
2014-04-08,,,,40.05,39.42,40.78,,,,52.76,52.06,53.49,,
2014-04-09,,,,40.05,39.45,40.79,,,,52.75,52.04,53.48,,
2014-04-10,,,,40.06,39.44,40.81,,,,52.74,52.02,53.47,,
2014-04-11,,,,40.07,39.43,40.82,,,,52.72,52.0,53.46,38.0,54.0
2014-04-12,,,,40.07,39.42,40.82,,,,52.71,52.0,53.44,,
2014-04-13,,,,40.08,39.41,40.82,,,,52.7,51.98,53.43,,
2014-04-14,,,,40.08,39.4,40.83,,,,52.69,51.97,53.41,,
2014-04-15,,,,40.09,39.39,40.83,,,,52.68,51.96,53.4,,
2014-04-16,,,,40.09,39.38,40.84,,,,52.67,51.95,53.39,,
2014-04-17,,,,40.1,39.37,40.85,,,,52.66,51.95,53.37,,
2014-04-18,,,,40.1,39.38,40.87,,,,52.65,51.95,53.36,,
2014-04-19,,,,40.1,39.39,40.88,,,,52.64,51.94,53.35,,
2014-04-20,,,,40.1,39.39,40.88,,,,52.64,51.94,53.33,,
2014-04-21,,,,40.1,39.39,40.88,,,,52.63,51.93,53.32,,
2014-04-22,,,,40.1,39.4,40.89,,,,52.62,51.92,53.31,,
2014-04-23,,,,40.1,39.4,40.89,,,,52.62,51.9,53.3,,
2014-04-24,,,,40.1,39.4,40.89,,,,52.61,51.89,53.29,,
2014-04-25,,,,40.1,39.4,40.88,,,,52.61,51.89,53.29,38.0,55.0
2014-04-26,,,,40.1,39.4,40.87,,,,52.6,51.89,53.28,,
2014-04-27,,,,40.1,39.39,40.86,,,,52.6,51.88,53.27,,
2014-04-28,,,,40.1,39.38,40.85,,,,52.6,51.89,53.26,,
2014-04-29,,,,40.1,39.37,40.85,,,,52.59,51.89,53.25,,
2014-04-30,,,,40.09,39.35,40.84,,,,52.59,51.88,53.24,,
2014-05-01,,,,40.09,39.33,40.84,,,,52.59,51.88,53.24,,
2014-05-02,,,,40.09,39.33,40.84,,,,52.59,51.88,53.23,40.0,52.0
2014-05-03,,,,40.08,39.34,40.84,,,,52.59,51.89,53.22,,
2014-05-04,,,,40.08,39.37,40.84,,,,52.58,51.89,53.2,,
2014-05-05,,,,40.07,39.38,40.83,,,,52.58,51.88,53.19,,
2014-05-06,,,,40.06,39.38,40.82,,,,52.58,51.88,53.19,,
2014-05-07,,,,40.06,39.38,40.82,,,,52.58,51.89,53.17,,
2014-05-08,,,,40.05,39.37,40.81,,,,52.59,51.89,53.15,,
2014-05-09,,,,40.04,39.37,40.79,,,,52.59,51.89,53.16,40.0,52.0
2014-05-10,,,,40.03,39.37,40.77,,,,52.59,51.9,53.17,,
2014-05-11,,,,40.02,39.37,40.76,,,,52.59,51.9,53.18,,
2014-05-12,,,,40.01,39.36,40.74,,,,52.59,51.9,53.19,39.0,52.0
2014-05-13,,,,40.0,39.36,40.74,,,,52.59,51.9,53.19,,
2014-05-14,,,,39.99,39.35,40.74,,,,52.6,51.91,53.19,,
2014-05-15,,,,39.98,39.35,40.71,,,,52.6,51.91,53.19,,
2014-05-16,,,,39.97,39.34,40.68,,,,52.6,51.91,53.2,43.0,50.0
2014-05-17,,,,39.96,39.32,40.67,,,,52.6,51.91,53.21,,
2014-05-18,,,,39.95,39.29,40.67,,,,52.6,51.92,53.21,,
2014-05-19,,,,39.93,39.27,40.67,,,,52.6,51.92,53.21,,
2014-05-20,,,,39.92,39.25,40.66,,,,52.61,51.92,53.22,,
2014-05-21,,,,39.91,39.24,40.67,,,,52.61,51.91,53.22,,
2014-05-22,,,,39.9,39.23,40.66,,,,52.61,51.92,53.22,,
2014-05-23,,,,39.89,39.22,40.66,,,,52.61,51.93,53.23,42.0,51.0
2014-05-24,,,,39.88,39.22,40.63,,,,52.61,51.93,53.25,,
2014-05-25,,,,39.87,39.21,40.6,,,,52.61,51.95,53.25,,
2014-05-26,,,,39.86,39.19,40.59,,,,52.6,51.95,53.23,,
2014-05-27,,,,39.85,39.17,40.59,,,,52.6,51.95,53.22,,
2014-05-28,,,,39.84,39.16,40.58,,,,52.6,51.95,53.22,,
2014-05-29,,,,39.83,39.15,40.58,,,,52.6,51.95,53.22,,
2014-05-30,,,,39.82,39.13,40.58,,,,52.6,51.95,53.22,42.0,52.0
2014-05-31,,,,39.82,39.11,40.57,,,,52.59,51.95,53.22,,
2014-06-01,,,,39.81,39.1,40.56,,,,52.59,51.94,53.21,,
2014-06-02,,,,39.8,39.08,40.57,,,,52.58,51.93,53.21,,
2014-06-03,,,,39.79,39.07,40.56,,,,52.58,51.92,53.21,,
2014-06-04,,,,39.79,39.06,40.56,,,,52.57,51.91,53.19,,
2014-06-05,,,,39.78,39.05,40.56,,,,52.57,51.9,53.18,,
2014-06-06,,,,39.78,39.05,40.56,,,,52.56,51.91,53.16,39.0,54.0
2014-06-07,,,,39.77,39.04,40.55,,,,52.56,51.91,53.15,,
2014-06-08,,,,39.77,39.04,40.55,,,,52.55,51.92,53.14,,
2014-06-09,,,,39.76,39.03,40.55,,,,52.55,51.92,53.13,,
2014-06-10,,,,39.76,39.03,40.55,,,,52.54,51.93,53.14,,
2014-06-11,,,,39.76,39.02,40.56,,,,52.54,51.9,53.15,,
2014-06-12,,,,39.75,39.02,40.56,,,,52.53,51.9,53.14,,
2014-06-13,,,,39.75,39.02,40.56,,,,52.52,51.88,53.13,43.0,50.0
2014-06-14,,,,39.74,39.02,40.55,,,,52.52,51.88,53.12,,
2014-06-15,,,,39.74,39.02,40.55,,,,52.51,51.88,53.12,,
2014-06-16,,,,39.74,39.02,40.54,,,,52.51,51.88,53.12,,
2014-06-17,,,,39.73,39.02,40.54,,,,52.5,51.88,53.12,37.0,55.0
2014-06-18,,,,39.73,39.01,40.53,,,,52.5,51.86,53.11,,
2014-06-19,,,,39.73,39.01,40.53,,,,52.5,51.86,53.11,,
2014-06-20,,,,39.72,39.01,40.53,,,,52.49,51.87,53.1,40.0,53.0
2014-06-21,,,,39.72,39.01,40.53,,,,52.49,51.87,53.1,,
2014-06-22,,,,39.71,39.01,40.53,,,,52.49,51.87,53.09,,
2014-06-23,,,,39.71,39.02,40.53,,,,52.49,51.85,53.09,,
2014-06-24,,,,39.7,39.02,40.53,,,,52.49,51.84,53.09,,
2014-06-25,,,,39.69,39.02,40.52,,,,52.49,51.84,53.08,,
2014-06-26,,,,39.69,39.02,40.52,,,,52.49,51.83,53.08,,
2014-06-27,,,,39.68,39.01,40.52,,,,52.49,51.83,53.08,37.0,55.0
2014-06-28,,,,39.68,39.0,40.52,,,,52.49,51.83,53.09,,
2014-06-29,,,,39.67,38.98,40.52,,,,52.49,51.82,53.09,,
2014-06-30,,,,39.66,38.99,40.52,,,,52.49,51.82,53.1,,
2014-07-01,,,,39.66,39.0,40.51,,,,52.49,51.82,53.09,,
2014-07-02,,,,39.65,38.99,40.5,,,,52.5,51.82,53.08,,
2014-07-03,,,,39.64,39.0,40.49,,,,52.5,51.82,53.08,,
2014-07-04,,,,39.64,39.01,40.48,,,,52.5,51.82,53.08,41.0,52.0
2014-07-05,,,,39.63,39.01,40.48,,,,52.5,51.81,53.1,,
2014-07-06,,,,39.62,38.99,40.46,,,,52.51,51.82,53.12,,
2014-07-07,,,,39.61,38.98,40.44,,,,52.51,51.82,53.11,,
2014-07-08,,,,39.6,38.97,40.43,,,,52.52,51.84,53.11,,
2014-07-09,,,,39.59,38.95,40.41,,,,52.52,51.85,53.12,,
2014-07-10,,,,39.58,38.93,40.4,,,,52.53,51.87,53.13,,
2014-07-11,,,,39.58,38.92,40.39,,,,52.54,51.87,53.14,40.0,51.0
2014-07-12,,,,39.57,38.9,40.38,,,,52.54,51.88,53.14,,
2014-07-13,,,,39.56,38.89,40.38,,,,52.55,51.89,53.16,,
2014-07-14,,,,39.55,38.87,40.38,,,,52.56,51.89,53.16,,
2014-07-15,,,,39.54,38.86,40.37,,,,52.56,51.9,53.16,36.0,55.0
2014-07-16,,,,39.53,38.84,40.37,,,,52.57,51.9,53.16,,
2014-07-17,,,,39.52,38.83,40.36,,,,52.58,51.91,53.17,,
2014-07-18,,,,39.51,38.83,40.36,,,,52.58,51.91,53.19,37.0,54.0
2014-07-19,,,,39.51,38.82,40.35,,,,52.59,51.92,53.2,,
2014-07-20,,,,39.5,38.81,40.34,,,,52.6,51.93,53.21,,
2014-07-21,,,,39.49,38.82,40.33,,,,52.6,51.95,53.22,,
2014-07-22,,,,39.49,38.84,40.32,,,,52.61,51.95,53.23,,
2014-07-23,,,,39.48,38.84,40.31,,,,52.61,51.96,53.24,,
2014-07-24,,,,39.48,38.83,40.29,,,,52.62,51.96,53.25,,
2014-07-25,,,,39.48,38.83,40.25,,,,52.62,51.96,53.25,40.0,51.0
2014-07-26,,,,39.47,38.84,40.22,,,,52.62,51.98,53.26,,
2014-07-27,,,,39.47,38.86,40.22,,,,52.62,51.97,53.25,,
2014-07-28,,,,39.47,38.87,40.22,,,,52.63,51.97,53.24,,
2014-07-29,,,,39.48,38.87,40.23,,,,52.63,51.97,53.23,,
2014-07-30,,,,39.48,38.88,40.23,,,,52.63,51.97,53.21,,
2014-07-31,,,,39.48,38.89,40.22,,,,52.63,51.97,53.21,,
2014-08-01,,,,39.49,38.91,40.21,,,,52.63,51.97,53.21,41.0,51.0
2014-08-02,,,,39.5,38.91,40.2,,,,52.62,51.98,53.21,,
2014-08-03,,,,39.51,38.93,40.2,,,,52.62,51.99,53.22,,
2014-08-04,,,,39.52,38.94,40.21,,,,52.62,52.0,53.22,,
2014-08-05,,,,39.53,38.95,40.22,,,,52.62,52.0,53.23,,
2014-08-06,,,,39.54,38.96,40.23,,,,52.61,52.01,53.23,,
2014-08-07,,,,39.55,38.98,40.24,,,,52.61,52.0,53.22,,
2014-08-08,,,,39.56,38.99,40.24,,,,52.61,52.0,53.21,41.0,51.0
2014-08-09,,,,39.58,39.0,40.25,,,,52.6,51.99,53.2,,
2014-08-10,,,,39.6,39.0,40.28,,,,52.6,51.99,53.19,,
2014-08-11,,,,39.61,39.01,40.3,,,,52.59,51.99,53.2,38.0,54.0
2014-08-12,,,,39.63,39.01,40.31,,,,52.59,51.99,53.2,,
2014-08-13,,,,39.65,39.04,40.33,,,,52.58,51.99,53.2,,
2014-08-14,,,,39.67,39.06,40.33,,,,52.57,51.99,53.21,,
2014-08-15,,,,39.69,39.09,40.35,,,,52.57,51.99,53.21,39.0,52.0
2014-08-16,,,,39.71,39.11,40.36,,,,52.56,51.99,53.2,,
2014-08-17,,,,39.73,39.13,40.38,,,,52.56,51.99,53.18,,
2014-08-18,,,,39.76,39.16,40.4,,,,52.55,51.99,53.15,,
2014-08-19,,,,39.78,39.18,40.44,,,,52.54,51.99,53.13,,
2014-08-20,,,,39.8,39.18,40.47,,,,52.54,51.99,53.12,,
2014-08-21,,,,39.83,39.2,40.49,,,,52.53,51.98,53.1,,
2014-08-22,,,,39.85,39.22,40.53,,,,52.53,51.99,53.08,41.0,52.0
2014-08-23,,,,39.87,39.25,40.53,,,,52.52,51.99,53.08,,
2014-08-24,,,,39.9,39.29,40.57,,,,52.52,51.99,53.09,,
2014-08-25,,,,39.93,39.34,40.61,,,,52.51,51.99,53.09,,
2014-08-26,,,,39.95,39.37,40.65,,,,52.51,51.98,53.1,,
2014-08-27,,,,39.98,39.39,40.69,,,,52.5,51.97,53.11,,
2014-08-28,,,,40.0,39.41,40.7,,,,52.5,51.95,53.09,,
2014-08-29,,,,40.03,39.43,40.73,,,,52.49,51.94,53.07,40.0,52.0
2014-08-30,,,,40.05,39.45,40.76,,,,52.49,51.93,53.07,,
2014-08-31,,,,40.07,39.46,40.79,,,,52.48,51.92,53.08,,
2014-09-01,,,,40.1,39.48,40.81,,,,52.48,51.91,53.08,,
2014-09-02,,,,40.12,39.51,40.83,,,,52.48,51.91,53.06,,
2014-09-03,,,,40.14,39.54,40.84,,,,52.48,51.91,53.04,,
2014-09-04,,,,40.17,39.55,40.85,,,,52.48,51.92,53.03,,
2014-09-05,,,,40.19,39.57,40.87,,,,52.47,51.93,53.03,42.0,51.0
2014-09-06,,,,40.21,39.59,40.9,,,,52.47,51.94,53.03,,
2014-09-07,,,,40.23,39.61,40.92,,,,52.47,51.96,53.03,,
2014-09-08,,,,40.25,39.63,40.95,,,,52.47,51.97,53.02,,
2014-09-09,,,,40.27,39.64,40.98,,,,52.48,51.97,53.02,39.0,54.0
2014-09-10,,,,40.28,39.68,41.0,,,,52.48,51.97,53.01,,
2014-09-11,,,,40.3,39.71,41.02,,,,52.48,51.97,53.02,,
2014-09-12,,,,40.32,39.72,41.02,,,,52.48,51.97,53.03,38.0,54.0
2014-09-13,,,,40.33,39.73,41.03,,,,52.48,51.97,53.03,,
2014-09-14,,,,40.35,39.74,41.06,,,,52.48,51.97,53.03,,
2014-09-15,,,,40.36,39.75,41.09,,,,52.49,51.96,53.03,,
2014-09-16,,,,40.37,39.75,41.09,,,,52.49,51.95,53.04,,
2014-09-17,,,,40.39,39.75,41.09,,,,52.49,51.93,53.04,,
2014-09-18,,,,40.4,39.75,41.08,,,,52.5,51.93,53.05,,
2014-09-19,,,,40.41,39.75,41.12,,,,52.5,51.93,53.06,39.0,55.0
2014-09-20,,,,40.42,39.76,41.15,,,,52.51,51.94,53.07,,
2014-09-21,,,,40.43,39.76,41.18,,,,52.51,51.96,53.08,,
2014-09-22,,,,40.44,39.77,41.19,,,,52.52,51.96,53.08,,
2014-09-23,,,,40.44,39.78,41.2,,,,52.52,51.96,53.09,,
2014-09-24,,,,40.45,39.78,41.21,,,,52.53,51.96,53.1,,
2014-09-25,,,,40.46,39.79,41.21,,,,52.53,51.97,53.1,,
2014-09-26,,,,40.46,39.79,41.2,,,,52.54,51.97,53.11,41.0,53.0
2014-09-27,,,,40.47,39.8,41.19,,,,52.55,51.98,53.11,,
2014-09-28,,,,40.47,39.8,41.2,,,,52.55,51.98,53.12,,
2014-09-29,,,,40.47,39.8,41.23,,,,52.56,51.99,53.13,,
2014-09-30,,,,40.48,39.8,41.24,,,,52.56,51.99,53.13,,
2014-10-01,,,,40.48,39.81,41.25,,,,52.57,52.0,53.14,,
2014-10-02,,,,40.48,39.81,41.27,,,,52.58,52.01,53.16,,
2014-10-03,,,,40.48,39.81,41.29,,,,52.59,52.02,53.16,45.0,49.0
2014-10-04,,,,40.48,39.81,41.3,,,,52.59,52.02,53.16,,
2014-10-05,,,,40.48,39.81,41.3,,,,52.6,52.03,53.18,,
2014-10-06,,,,40.48,39.81,41.3,,,,52.61,52.04,53.19,,
2014-10-07,,,,40.48,39.81,41.31,,,,52.61,52.04,53.2,,
2014-10-08,,,,40.48,39.81,41.31,,,,52.62,52.05,53.21,,
2014-10-09,,,,40.48,39.8,41.31,,,,52.63,52.05,53.22,,
2014-10-10,,,,40.48,39.8,41.3,,,,52.64,52.06,53.23,42.0,52.0
2014-10-11,,,,40.48,39.8,41.3,,,,52.64,52.06,53.24,,
2014-10-12,,,,40.48,39.79,41.3,,,,52.65,52.07,53.25,,
2014-10-13,,,,40.47,39.78,41.29,,,,52.66,52.08,53.26,,
2014-10-14,,,,40.47,39.77,41.29,,,,52.66,52.09,53.27,38.0,55.0
2014-10-15,,,,40.47,39.77,41.28,,,,52.67,52.1,53.29,,
2014-10-16,,,,40.47,39.78,41.28,,,,52.68,52.11,53.29,,
2014-10-17,,,,40.46,39.78,41.27,,,,52.69,52.12,53.3,42.0,51.0
2014-10-18,,,,40.46,39.77,41.26,,,,52.69,52.12,53.31,,
2014-10-19,,,,40.46,39.75,41.25,,,,52.7,52.12,53.32,,
2014-10-20,,,,40.45,39.74,41.24,,,,52.71,52.12,53.34,,
2014-10-21,,,,40.45,39.72,41.22,,,,52.71,52.13,53.35,,
2014-10-22,,,,40.44,39.71,41.21,,,,52.72,52.13,53.38,,
2014-10-23,,,,40.44,39.72,41.19,,,,52.73,52.14,53.41,,
2014-10-24,,,,40.43,39.71,41.17,,,,52.73,52.14,53.43,43.0,52.0
2014-10-25,,,,40.43,39.7,41.15,,,,52.74,52.15,53.43,,
2014-10-26,,,,40.42,39.69,41.14,,,,52.75,52.16,53.44,,
2014-10-27,,,,40.42,39.68,41.12,,,,52.75,52.16,53.44,,
2014-10-28,,,,40.41,39.66,41.1,,,,52.76,52.17,53.44,,
2014-10-29,,,,40.4,39.63,41.1,,,,52.76,52.17,53.44,,
2014-10-30,,,,40.4,39.61,41.09,,,,52.77,52.18,53.45,,
2014-10-31,,,,40.39,39.6,41.07,,,,52.78,52.18,53.45,40.0,54.0
2014-11-01,,,,40.38,39.6,41.04,,,,52.78,52.19,53.45,,
2014-11-02,,,,40.38,39.59,41.03,,,,52.79,52.2,53.45,,
2014-11-03,,,,40.37,39.58,41.03,,,,52.79,52.21,53.47,,
2014-11-04,,,,40.36,39.57,41.02,,,,52.79,52.21,53.48,,
2014-11-05,,,,40.36,39.56,41.01,,,,52.8,52.21,53.49,,
2014-11-06,,,,40.35,39.55,40.99,,,,52.8,52.22,53.5,,
2014-11-07,,,,40.34,39.53,40.97,,,,52.81,52.23,53.51,41.0,51.0
2014-11-08,,,,40.33,39.52,40.96,,,,52.81,52.22,53.52,,
2014-11-09,,,,40.33,39.51,40.95,,,,52.81,52.21,53.53,,
2014-11-10,,,,40.32,39.49,40.94,,,,52.82,52.21,53.53,38.0,53.0
2014-11-11,,,,40.31,39.48,40.93,,,,52.82,52.2,53.54,,
2014-11-12,,,,40.3,39.46,40.92,,,,52.82,52.2,53.54,,
2014-11-13,,,,40.29,39.46,40.91,,,,52.83,52.2,53.52,,
2014-11-14,,,,40.29,39.45,40.9,,,,52.83,52.2,53.53,39.0,54.0
2014-11-15,,,,40.28,39.44,40.88,,,,52.83,52.2,53.54,,
2014-11-16,,,,40.27,39.43,40.87,,,,52.83,52.21,53.54,,
2014-11-17,,,,40.26,39.42,40.87,,,,52.83,52.21,53.53,,
2014-11-18,,,,40.26,39.42,40.86,,,,52.83,52.23,53.53,,
2014-11-19,,,,40.25,39.43,40.85,,,,52.83,52.23,53.53,,
2014-11-20,,,,40.24,39.41,40.84,,,,52.83,52.22,53.54,,
2014-11-21,,,,40.23,39.42,40.82,,,,52.83,52.23,53.55,41.0,52.0
2014-11-22,,,,40.23,39.42,40.81,,,,52.83,52.24,53.56,,
2014-11-23,,,,40.22,39.42,40.8,,,,52.83,52.22,53.56,,
2014-11-24,,,,40.22,39.42,40.79,,,,52.83,52.22,53.56,,
2014-11-25,,,,40.21,39.42,40.79,,,,52.83,52.21,53.55,,
2014-11-26,,,,40.21,39.41,40.79,,,,52.83,52.2,53.55,,
2014-11-27,,,,40.2,39.41,40.78,,,,52.83,52.19,53.54,,
2014-11-28,,,,40.2,39.41,40.78,,,,52.82,52.18,53.54,40.0,53.0
2014-11-29,,,,40.19,39.41,40.79,,,,52.82,52.16,53.54,,
2014-11-30,,,,40.19,39.42,40.8,,,,52.82,52.15,53.53,,
2014-12-01,,,,40.19,39.42,40.8,,,,52.81,52.15,53.53,,
2014-12-02,,,,40.18,39.42,40.8,,,,52.81,52.14,53.53,,
2014-12-03,,,,40.18,39.43,40.8,,,,52.8,52.14,53.53,,
2014-12-04,,,,40.18,39.43,40.79,,,,52.8,52.14,53.53,,
2014-12-05,,,,40.18,39.43,40.77,,,,52.79,52.14,53.53,40.0,53.0
2014-12-06,,,,40.18,39.41,40.78,,,,52.78,52.14,53.51,,
2014-12-07,,,,40.19,39.42,40.79,,,,52.77,52.14,53.5,,
2014-12-08,,,,40.19,39.43,40.8,,,,52.77,52.11,53.51,,
2014-12-09,,,,40.19,39.44,40.81,,,,52.76,52.08,53.52,,
2014-12-10,,,,40.2,39.45,40.81,,,,52.75,52.06,53.52,,
2014-12-11,,,,40.2,39.44,40.81,,,,52.74,52.05,53.51,,
2014-12-12,,,,40.21,39.44,40.83,,,,52.72,52.05,53.51,41.0,52.0
2014-12-13,,,,40.22,39.43,40.84,,,,52.71,52.05,53.51,,
2014-12-14,,,,40.23,39.44,40.84,,,,52.7,52.04,53.5,,
2014-12-15,,,,40.24,39.45,40.85,,,,52.69,52.03,53.5,36.0,57.0
2014-12-16,,,,40.25,39.47,40.85,,,,52.67,52.01,53.49,,
2014-12-17,,,,40.27,39.49,40.88,,,,52.66,51.98,53.49,,
2014-12-18,,,,40.28,39.51,40.89,,,,52.64,51.96,53.48,,
2014-12-19,,,,40.29,39.52,40.91,,,,52.62,51.94,53.47,40.0,53.0
2014-12-20,,,,40.31,39.55,40.93,,,,52.61,51.92,53.45,,
2014-12-21,,,,40.33,39.57,40.94,,,,52.59,51.91,53.44,,
2014-12-22,,,,40.35,39.59,40.96,,,,52.57,51.89,53.42,,
2014-12-23,,,,40.37,39.61,40.97,,,,52.55,51.87,53.4,,
2014-12-24,,,,40.39,39.63,40.99,,,,52.54,51.85,53.38,,
2014-12-25,,,,40.41,39.65,41.01,,,,52.52,51.83,53.36,,
2014-12-26,,,,40.43,39.67,41.03,,,,52.5,51.81,53.35,,
2014-12-27,,,,40.45,39.69,41.07,,,,52.48,51.8,53.33,,
2014-12-28,,,,40.48,39.72,41.09,,,,52.46,51.79,53.32,,
2014-12-29,,,,40.5,39.74,41.11,,,,52.44,51.77,53.3,,
2014-12-30,,,,40.53,39.76,41.15,,,,52.42,51.76,53.28,,
2014-12-31,,,,40.55,39.77,41.17,,,,52.4,51.74,53.26,,
2015-01-01,,,,40.58,39.79,41.2,,,,52.38,51.72,53.24,,
2015-01-02,,,,40.6,39.8,41.24,,,,52.35,51.7,53.21,,
2015-01-03,,,,40.63,39.85,41.29,,,,52.33,51.67,53.18,,
2015-01-04,,,,40.66,39.9,41.32,,,,52.31,51.65,53.15,,
2015-01-05,,,,40.69,39.94,41.35,,,,52.29,51.63,53.13,,
2015-01-06,,,,40.72,39.96,41.38,,,,52.26,51.61,53.1,,
2015-01-07,,,,40.75,40.0,41.41,,,,52.24,51.58,53.07,,
2015-01-08,,,,40.78,40.04,41.43,,,,52.22,51.56,53.04,,
2015-01-09,,,,40.82,40.07,41.49,,,,52.19,51.52,53.02,40.0,52.0
2015-01-10,,,,40.85,40.11,41.51,,,,52.17,51.48,52.99,,
2015-01-11,,,,40.88,40.13,41.56,,,,52.15,51.47,52.95,,
2015-01-12,,,,40.92,40.16,41.6,,,,52.12,51.45,52.92,,
2015-01-13,,,,40.95,40.2,41.64,,,,52.1,51.43,52.89,41.0,52.0
2015-01-14,,,,40.98,40.22,41.68,,,,52.07,51.42,52.87,,
2015-01-15,,,,41.02,40.26,41.73,,,,52.04,51.4,52.84,,
2015-01-16,,,,41.05,40.29,41.78,,,,52.02,51.37,52.8,40.0,54.0
2015-01-17,,,,41.09,40.31,41.84,,,,51.99,51.35,52.76,,
2015-01-18,,,,41.13,40.35,41.89,,,,51.96,51.33,52.7,,
2015-01-19,,,,41.16,40.38,41.93,,,,51.93,51.31,52.65,,
2015-01-20,,,,41.2,40.4,41.98,,,,51.91,51.28,52.6,,
2015-01-21,,,,41.24,40.42,42.01,,,,51.88,51.25,52.55,,
2015-01-22,,,,41.28,40.47,42.06,,,,51.85,51.22,52.52,,
2015-01-23,,,,41.32,40.51,42.11,,,,51.81,51.2,52.5,43.0,50.0
2015-01-24,,,,41.36,40.55,42.15,,,,51.78,51.18,52.47,,
2015-01-25,,,,41.4,40.59,42.2,,,,51.75,51.15,52.42,,
2015-01-26,,,,41.44,40.62,42.25,,,,51.72,51.13,52.39,,
2015-01-27,,,,41.48,40.66,42.3,,,,51.68,51.11,52.35,,
2015-01-28,,,,41.53,40.69,42.35,,,,51.65,51.09,52.29,,
2015-01-29,,,,41.57,40.73,42.39,,,,51.61,51.04,52.25,,
2015-01-30,,,,41.61,40.77,42.43,,,,51.58,51.02,52.19,43.0,50.0
2015-01-31,,,,41.66,40.81,42.46,,,,51.54,51.0,52.15,,
2015-02-01,,,,41.7,40.85,42.52,,,,51.5,50.95,52.1,,
2015-02-02,,,,41.75,40.9,42.57,,,,51.46,50.91,52.09,,
2015-02-03,,,,41.79,40.95,42.62,,,,51.43,50.87,52.06,,
2015-02-04,,,,41.84,41.0,42.66,,,,51.39,50.85,52.01,,
2015-02-05,,,,41.88,41.05,42.7,,,,51.35,50.8,51.96,,
2015-02-06,,,,41.93,41.12,42.74,,,,51.31,50.75,51.92,42.0,51.0
2015-02-07,,,,41.97,41.17,42.76,,,,51.27,50.71,51.87,,
2015-02-08,,,,42.02,41.21,42.78,,,,51.23,50.69,51.82,,
2015-02-09,,,,42.06,41.25,42.82,,,,51.19,50.65,51.77,,
2015-02-10,,,,42.11,41.29,42.87,,,,51.15,50.61,51.75,,
2015-02-11,,,,42.15,41.32,42.92,,,,51.11,50.57,51.72,,
2015-02-12,,,,42.2,41.36,42.97,,,,51.07,50.52,51.67,39.0,53.0
2015-02-13,,,,42.24,41.4,43.01,,,,51.03,50.49,51.64,42.0,51.0
2015-02-14,,,,42.28,41.44,43.04,,,,50.99,50.44,51.63,,
2015-02-15,,,,42.32,41.46,43.08,,,,50.96,50.39,51.61,,
2015-02-16,,,,42.37,41.48,43.13,,,,50.92,50.34,51.6,,
2015-02-17,,,,42.41,41.5,43.18,,,,50.88,50.29,51.58,,
2015-02-18,,,,42.45,41.52,43.22,,,,50.84,50.25,51.53,,
2015-02-19,,,,42.49,41.55,43.25,,,,50.81,50.22,51.48,,
2015-02-20,,,,42.53,41.57,43.29,,,,50.77,50.18,51.42,43.0,51.0
2015-02-21,,,,42.57,41.61,43.32,,,,50.74,50.14,51.38,,
2015-02-22,,,,42.6,41.64,43.36,,,,50.7,50.11,51.37,,
2015-02-23,,,,42.64,41.66,43.41,,,,50.67,50.08,51.36,,
2015-02-24,,,,42.68,41.67,43.45,,,,50.64,50.05,51.35,,
2015-02-25,,,,42.71,41.69,43.49,,,,50.61,50.01,51.34,,
2015-02-26,,,,42.74,41.71,43.53,,,,50.58,49.94,51.33,,
2015-02-27,,,,42.78,41.74,43.57,,,,50.55,49.9,51.3,44.0,50.0
2015-02-28,,,,42.81,41.77,43.6,,,,50.52,49.87,51.25,,
2015-03-01,,,,42.84,41.79,43.64,,,,50.49,49.83,51.2,,
2015-03-02,,,,42.87,41.82,43.69,,,,50.46,49.8,51.17,,
2015-03-03,,,,42.9,41.85,43.75,,,,50.43,49.77,51.16,,
2015-03-04,,,,42.93,41.88,43.78,,,,50.41,49.74,51.15,,
2015-03-05,,,,42.96,41.91,43.81,,,,50.38,49.7,51.15,,
2015-03-06,,,,42.99,41.94,43.84,,,,50.36,49.65,51.16,44.0,50.0
2015-03-07,,,,43.02,41.97,43.88,,,,50.33,49.6,51.15,,
2015-03-08,,,,43.05,42.0,43.93,,,,50.31,49.55,51.14,,
2015-03-09,,,,43.08,42.03,43.99,,,,50.28,49.51,51.14,,
2015-03-10,,,,43.11,42.05,44.02,,,,50.25,49.46,51.14,,
2015-03-11,,,,43.14,42.06,44.05,,,,50.23,49.41,51.12,38.0,54.0
2015-03-12,,,,43.17,42.07,44.09,,,,50.21,49.38,51.1,,
2015-03-13,,,,43.2,42.07,44.15,,,,50.18,49.35,51.07,44.0,50.0
2015-03-14,,,,43.22,42.08,44.19,,,,50.16,49.32,51.05,,
2015-03-15,,,,43.25,42.08,44.22,,,,50.13,49.29,51.02,,
2015-03-16,,,,43.28,42.09,44.27,,,,50.11,49.26,51.0,,
2015-03-17,,,,43.31,42.12,44.31,,,,50.09,49.24,50.98,,
2015-03-18,,,,43.33,42.15,44.36,,,,50.06,49.21,50.97,,
2015-03-19,,,,43.36,42.18,44.39,,,,50.04,49.17,50.96,,
2015-03-20,,,,43.39,42.21,44.42,,,,50.02,49.15,50.95,45.0,50.0
2015-03-21,,,,43.41,42.22,44.44,,,,50.0,49.13,50.93,,
2015-03-22,,,,43.44,42.22,44.45,,,,49.97,49.11,50.92,,
2015-03-23,,,,43.46,42.23,44.47,,,,49.95,49.09,50.9,,
2015-03-24,,,,43.49,42.24,44.49,,,,49.93,49.07,50.89,,
2015-03-25,,,,43.52,42.24,44.51,,,,49.91,49.05,50.87,,
2015-03-26,,,,43.54,42.26,44.55,,,,49.89,49.02,50.86,,
2015-03-27,,,,43.57,42.27,44.58,,,,49.87,48.99,50.84,,
2015-03-28,,,,43.59,42.28,44.62,,,,49.85,48.96,50.82,46.0,48.0
2015-03-29,,,,43.61,42.28,44.63,,,,49.83,48.93,50.81,,
2015-03-30,,,,43.64,42.29,44.65,,,,49.81,48.9,50.8,,
2015-03-31,,,,43.66,42.31,44.68,,,,49.79,48.87,50.79,,
2015-04-01,,,,43.69,42.32,44.72,,,,49.77,48.84,50.78,,
2015-04-02,,,,43.71,42.33,44.76,,,,49.74,48.81,50.77,,
2015-04-03,,,,43.74,42.34,44.8,,,,49.72,48.78,50.76,,
2015-04-04,,,,43.77,42.35,44.84,,,,49.7,48.75,50.75,47.0,46.0
2015-04-05,,,,43.8,42.37,44.88,,,,49.67,48.72,50.73,,
2015-04-06,,,,43.82,42.4,44.92,,,,49.64,48.69,50.71,,
2015-04-07,,,,43.85,42.42,44.97,,,,49.62,48.67,50.69,,
2015-04-08,,,,43.89,42.45,45.01,,,,49.59,48.63,50.67,,
2015-04-09,,,,43.92,42.48,45.06,,,,49.55,48.59,50.64,,
2015-04-10,,,,43.95,42.51,45.11,,,,49.52,48.56,50.62,,
2015-04-11,,,,43.99,42.55,45.16,,,,49.49,48.51,50.59,45.0,48.0
2015-04-12,,,,44.02,42.59,45.22,,,,49.45,48.48,50.55,,
2015-04-13,,,,44.06,42.63,45.27,,,,49.41,48.44,50.52,,
2015-04-14,,,,44.09,42.67,45.32,,,,49.37,48.4,50.48,,
2015-04-15,,,,44.13,42.72,45.39,,,,49.33,48.36,50.44,39.0,53.0
2015-04-16,,,,44.17,42.76,45.43,,,,49.29,48.27,50.4,,
2015-04-17,,,,44.21,42.82,45.46,,,,49.25,48.19,50.31,,
2015-04-18,,,,44.25,42.87,45.53,,,,49.2,48.15,50.25,47.0,47.0
2015-04-19,,,,44.28,42.91,45.61,,,,49.16,48.12,50.2,,
2015-04-20,,,,44.32,42.97,45.65,,,,49.11,48.03,50.1,,
2015-04-21,,,,44.36,43.03,45.69,,,,49.06,47.93,50.04,,
2015-04-22,,,,44.4,43.08,45.72,,,,49.01,47.88,50.01,,
2015-04-23,,,,44.44,43.1,45.76,,,,48.97,47.84,50.0,,
2015-04-24,,,,44.48,43.14,45.8,,,,48.92,47.74,49.97,,
2015-04-25,,,,44.52,43.17,45.86,,,,48.87,47.67,49.92,,
2015-04-26,,,,44.56,43.21,45.93,,,,48.82,47.64,49.92,,
2015-04-27,,,,44.6,43.26,45.99,,,,48.76,47.58,49.91,,
2015-04-28,,,,44.64,43.34,46.04,,,,48.71,47.43,49.91,,
2015-04-29,,,,44.68,43.35,46.06,,,,48.66,47.3,49.83,46.0,48.0
2015-04-30,,,,44.71,43.38,46.09,,,,48.61,47.2,49.78,,
2015-05-01,,,,44.75,43.39,46.13,,,,48.56,47.16,49.75,,
2015-05-02,,,,44.79,43.41,46.16,,,,48.5,47.12,49.75,,
2015-05-03,,,,44.83,43.42,46.24,,,,48.45,47.02,49.75,,
2015-05-04,,,,44.87,43.46,46.32,,,,48.4,46.92,49.75,,
2015-05-05,,,,44.91,43.45,46.4,,,,48.34,46.82,49.75,,
2015-05-06,,,,44.95,43.46,46.41,,,,48.29,46.73,49.75,,
2015-05-07,,,,44.98,43.45,46.44,,,,48.23,46.65,49.74,,
2015-05-08,,,,45.02,43.45,46.5,,,,48.18,46.54,49.72,,
2015-05-09,,,,45.06,43.46,46.6,,,,48.12,46.47,49.7,,
2015-05-10,,,,45.09,43.45,46.68,,,,48.06,46.37,49.68,,
2015-05-11,,,,45.13,43.44,46.72,,,,48.01,46.31,49.66,,
2015-05-12,,,,45.16,43.42,46.77,,,,47.95,46.21,49.65,,
2015-05-13,,,,45.2,43.41,46.81,,,,47.9,46.07,49.67,,
2015-05-14,,,,45.23,43.39,46.86,,,,47.85,45.98,49.68,,
2015-05-15,,,,45.26,43.37,46.92,,,,47.79,45.92,49.67,,
2015-05-16,,,,45.29,43.35,46.95,,,,47.74,45.87,49.66,,
2015-05-17,,,,45.32,43.32,47.03,,,,47.69,45.8,49.64,,
2015-05-18,,,,45.34,43.3,47.08,,,,47.64,45.68,49.63,,
2015-05-19,,,,45.37,43.28,47.13,,,,47.59,45.58,49.62,,
2015-05-20,,,,45.39,43.26,47.17,,,,47.54,45.46,49.61,,
2015-05-21,,,,45.41,43.24,47.19,,,,47.49,45.37,49.59,,
2015-05-22,,,,45.42,43.25,47.2,,,,47.45,45.31,49.59,,
2015-05-23,,,,45.44,43.27,47.25,,,,47.4,45.22,49.59,,
2015-05-24,,,,45.45,43.27,47.29,,,,47.36,45.13,49.6,,
2015-05-25,,,,45.46,43.28,47.33,,,,47.32,45.04,49.51,,
2015-05-26,,,,45.47,43.29,47.37,,,,47.28,45.01,49.51,,
2015-05-27,,,,45.48,43.29,47.4,,,,47.24,45.01,49.51,,
2015-05-28,,,,45.48,43.3,47.44,,,,47.2,44.98,49.52,,
2015-05-29,,,,45.49,43.3,47.47,,,,47.16,44.93,49.53,,
2015-05-30,,,,45.49,43.19,47.5,,,,47.12,44.88,49.54,,
2015-05-31,,,,45.5,43.17,47.53,,,,47.08,44.83,49.51,,
2015-06-01,,,,45.5,43.16,47.56,,,,47.04,44.78,49.49,,
2015-06-02,,,,45.51,43.1,47.59,,,,47.0,44.73,49.49,,
2015-06-03,,,,45.51,43.05,47.62,,,,46.96,44.68,49.48,,
2015-06-04,,,,45.51,43.05,47.64,,,,46.92,44.63,49.46,,
2015-06-05,,,,45.52,42.97,47.67,,,,46.87,44.59,49.43,,
2015-06-06,,,,45.52,42.9,47.7,,,,46.83,44.51,49.41,,
2015-06-07,,,,45.53,42.83,47.73,,,,46.78,44.47,49.38,,
2015-06-08,,,,45.54,42.78,47.76,,,,46.73,44.42,49.36,,
2015-06-09,,,,45.54,42.76,47.79,,,,46.68,44.3,49.33,,
2015-06-10,,,,45.55,42.71,47.82,,,,46.63,44.23,49.31,,
2015-06-11,,,,45.56,42.64,47.86,,,,46.57,44.1,49.28,,
2015-06-12,,,,45.57,42.63,47.91,,,,46.52,43.96,49.25,,
2015-06-13,,,,45.58,42.62,47.97,,,,46.46,43.81,49.22,,
2015-06-14,,,,45.59,42.57,48.03,,,,46.4,43.66,49.18,,
2015-06-15,,,,45.6,42.52,48.08,,,,46.34,43.55,49.15,,
2015-06-16,,,,45.61,42.47,48.12,,,,46.28,43.47,49.12,49.0,42.0
2015-06-17,,,,45.62,42.44,48.16,,,,46.22,43.35,49.09,,
2015-06-18,,,,45.63,42.46,48.25,,,,46.16,43.21,49.06,,
2015-06-19,,,,45.63,42.5,48.33,,,,46.1,43.08,49.04,,
2015-06-20,,,,45.64,42.54,48.41,,,,46.04,42.95,49.02,,
2015-06-21,,,,45.65,42.54,48.47,,,,45.99,42.83,49.0,,
2015-06-22,,,,45.65,42.52,48.54,,,,45.93,42.72,49.0,,
2015-06-23,,,,45.65,42.45,48.6,,,,45.88,42.6,49.0,,
2015-06-24,,,,45.65,42.37,48.65,,,,45.83,42.5,48.99,,
2015-06-25,,,,45.65,42.31,48.73,,,,45.79,42.4,48.98,,
2015-06-26,,,,45.64,42.27,48.79,,,,45.75,42.31,48.97,,
2015-06-27,,,,45.63,42.25,48.86,,,,45.72,42.24,48.98,,
2015-06-28,,,,45.62,42.22,48.9,,,,45.69,42.17,48.98,,
2015-06-29,,,,45.6,42.16,48.93,,,,45.67,42.12,48.98,,
2015-06-30,,,,45.59,42.12,48.96,,,,45.65,42.07,48.96,,
2015-07-01,,,,45.57,42.15,48.98,,,,45.64,42.05,48.96,,
2015-07-02,,,,45.55,42.11,48.99,,,,45.63,42.03,48.97,,
2015-07-03,,,,45.53,42.09,48.99,,,,45.62,42.01,48.98,,
2015-07-04,,,,45.5,42.16,49.0,,,,45.62,42.0,48.96,,
2015-07-05,,,,45.48,42.12,49.0,,,,45.62,42.0,48.97,,
2015-07-06,,,,45.46,42.1,49.0,,,,45.63,42.0,49.0,,
2015-07-07,,,,45.44,42.0,48.99,,,,45.63,42.01,49.0,,
2015-07-08,,,,45.41,42.0,48.98,,,,45.65,42.04,49.01,,
2015-07-09,,,,45.39,42.0,48.96,,,,45.66,42.07,49.03,,
2015-07-10,,,,45.36,42.0,48.94,,,,45.69,42.1,49.25,,
2015-07-11,,,,45.33,42.0,48.96,,,,45.72,42.09,50.0,,
2015-07-12,,,,45.29,42.0,48.97,,,,45.75,42.06,50.75,,
2015-07-13,,,,45.25,42.0,48.98,,,,45.8,42.04,51.33,,
2015-07-14,,,,45.21,42.0,48.99,,,,45.85,42.02,51.7,,
2015-07-15,,,,45.17,42.0,49.0,,,,45.91,42.01,51.89,,
2015-07-16,,,,45.12,42.0,49.0,,,,45.97,42.0,51.97,,
2015-07-17,,,,45.07,42.0,49.0,,,,46.04,42.0,52.0,,
2015-07-18,,,,45.01,42.0,49.0,,,,46.12,42.0,52.0,,
2015-07-19,,,,44.96,42.0,48.59,,,,46.2,42.58,51.36,,
2015-07-20,,,,44.89,42.0,48.52,,,,46.29,42.69,51.38,42.0,49.0
2015-07-21,,,,44.83,42.0,48.44,,,,46.38,42.8,51.41,,
2015-07-22,,,,44.76,42.0,48.35,,,,46.48,42.92,51.44,,
2015-07-23,,,,44.69,42.0,48.26,,,,46.58,43.05,51.47,,
2015-07-24,,,,44.62,42.0,48.16,,,,46.69,43.2,51.49,,
2015-07-25,,,,44.54,42.0,48.06,,,,46.8,43.34,51.52,,
2015-07-26,,,,44.46,42.0,47.95,,,,46.91,43.5,51.54,,
2015-07-27,,,,44.38,42.0,47.83,,,,47.03,43.67,51.56,,
2015-07-28,,,,44.3,42.0,47.71,,,,47.15,43.85,51.58,,
2015-07-29,,,,44.21,42.0,47.58,,,,47.27,44.03,51.6,,
2015-07-30,,,,44.13,42.0,47.44,,,,47.39,44.23,51.62,,
2015-07-31,,,,44.04,42.0,49.0,,,,47.52,42.0,52.0,,
2015-08-01,,,,43.95,42.0,49.0,,,,47.65,42.0,52.0,,
2015-08-02,,,,43.87,42.0,48.99,,,,47.78,42.01,52.0,,
2015-08-03,,,,43.78,42.0,48.96,,,,47.91,42.05,52.0,,
2015-08-04,,,,43.69,42.0,48.91,,,,48.04,42.11,51.99,,
2015-08-05,,,,43.59,42.0,48.83,,,,48.17,42.22,51.99,,
2015-08-06,,,,43.5,42.0,48.7,,,,48.31,42.38,51.98,,
2015-08-07,,,,43.41,42.0,48.53,,,,48.45,42.61,51.97,,
2015-08-08,,,,43.32,42.0,48.3,,,,48.58,42.9,51.97,,
2015-08-09,,,,43.23,42.0,48.01,,,,48.72,43.27,51.96,,
2015-08-10,,,,43.14,42.0,47.67,,,,48.86,43.71,51.94,,
2015-08-11,,,,43.05,42.0,47.28,,,,48.99,44.21,51.93,,
2015-08-12,,,,42.96,42.0,46.85,,,,49.13,44.76,51.92,,
2015-08-13,,,,42.87,42.0,46.4,,,,49.26,45.35,51.91,,
2015-08-14,,,,42.79,42.0,45.92,,,,49.39,45.96,51.89,,
2015-08-15,,,,42.71,42.0,45.45,,,,49.52,46.32,51.88,,
2015-08-16,,,,42.63,42.0,44.98,,,,49.64,46.49,51.86,,
2015-08-17,,,,42.56,42.0,44.54,,,,49.76,46.68,51.85,,
2015-08-18,,,,42.49,42.0,44.2,,,,49.87,46.88,51.83,,
2015-08-19,,,,42.42,42.0,44.01,,,,49.98,47.4,51.82,,
2015-08-20,,,,42.36,42.0,43.8,,,,50.09,47.71,51.81,,
2015-08-21,,,,42.3,42.0,43.61,,,,50.19,47.96,51.79,,
2015-08-22,,,,42.25,42.0,43.41,,,,50.28,48.2,51.78,,
2015-08-23,,,,42.21,42.0,43.22,,,,50.37,48.44,51.77,,
2015-08-24,,,,42.16,42.0,42.96,,,,50.45,48.61,51.75,,
2015-08-25,,,,42.13,42.0,42.72,,,,50.52,48.71,51.78,,
2015-08-26,,,,42.1,42.0,42.53,,,,50.59,48.8,51.8,,
2015-08-27,,,,42.07,42.0,42.37,,,,50.65,48.9,51.83,,
2015-08-28,,,,42.05,42.0,42.27,,,,50.7,48.93,51.85,,
2015-08-29,,,,42.03,42.0,42.22,,,,50.75,48.82,51.91,,
2015-08-30,,,,42.02,42.0,42.14,,,,50.79,48.88,51.95,,
2015-08-31,,,,42.01,42.0,42.07,,,,50.83,48.94,51.97,,
2015-09-01,,,,42.0,42.0,42.03,,,,50.87,48.98,51.99,,
2015-09-02,,,,42.0,41.99,42.01,,,,50.9,49.01,52.01,,
2015-09-03,,,,41.99,41.98,42.0,,,,50.94,49.02,52.02,,
2015-09-04,,,,41.99,41.96,42.0,,,,50.97,49.05,52.03,,
2015-09-05,,,,41.99,41.95,42.0,,,,51.01,49.54,52.04,,
2015-09-06,,,,41.98,41.92,42.0,,,,51.04,49.58,52.06,,
2015-09-07,,,,41.97,41.89,42.0,,,,51.08,49.62,52.08,,
2015-09-08,,,,41.97,41.86,42.0,,,,51.13,49.66,52.11,,
2015-09-09,,,,41.96,41.83,42.0,,,,51.17,49.7,52.13,,
2015-09-10,,,,41.95,41.79,42.0,,,,51.22,49.79,52.16,,
2015-09-11,,,,41.93,41.75,42.0,,,,51.26,49.99,52.2,,
2015-09-12,,,,41.92,41.71,42.0,,,,51.31,50.09,52.23,,
2015-09-13,,,,41.91,41.67,42.0,,,,51.36,50.17,52.27,,
2015-09-14,,,,41.89,41.61,42.0,,,,51.41,50.28,52.31,,
2015-09-15,,,,41.88,41.57,42.0,,,,51.47,50.33,52.35,,
2015-09-16,,,,41.86,41.5,42.0,,,,51.52,50.46,52.4,,
2015-09-17,,,,41.84,41.43,42.0,,,,51.57,50.58,52.44,,
2015-09-18,,,,41.83,41.35,42.0,,,,51.62,50.62,52.49,,
2015-09-19,,,,41.81,41.28,42.0,,,,51.68,50.66,52.54,,
2015-09-20,,,,41.79,41.23,42.0,,,,51.73,50.7,52.66,,
2015-09-21,,,,41.77,41.17,42.0,,,,51.78,50.73,52.91,,
2015-09-22,,,,41.75,41.12,42.0,,,,51.83,50.77,53.02,42.0,52.0
2015-09-23,,,,41.73,41.08,42.0,,,,51.88,50.8,53.12,,
2015-09-24,,,,41.71,41.03,42.0,,,,51.93,50.83,53.2,,
2015-09-25,,,,41.7,40.69,42.0,,,,51.97,50.58,53.31,,
2015-09-26,,,,41.68,40.64,42.0,,,,52.02,50.65,53.61,,
2015-09-27,,,,41.66,40.58,42.0,,,,52.06,50.71,53.89,,
2015-09-28,,,,41.64,40.53,42.0,,,,52.1,50.77,54.15,,
2015-09-29,,,,41.62,40.49,42.0,,,,52.14,50.82,54.37,,
2015-09-30,,,,41.61,40.45,42.0,,,,52.18,50.96,54.55,,
2015-10-01,,,,41.59,40.42,42.0,,,,52.22,51.0,54.7,,
2015-10-02,,,,41.57,40.41,42.0,,,,52.25,51.03,54.81,,
2015-10-03,,,,41.56,40.4,42.0,,,,52.29,51.04,54.89,,
2015-10-04,,,,41.54,40.39,42.0,,,,52.32,51.05,54.95,,
2015-10-05,,,,41.52,40.4,42.0,,,,52.36,51.07,54.98,,
2015-10-06,,,,41.51,40.4,42.0,,,,52.39,51.09,54.99,,
2015-10-07,,,,41.49,40.41,42.0,,,,52.42,51.11,55.0,,
2015-10-08,,,,41.48,40.38,42.0,,,,52.45,51.25,55.0,,
2015-10-09,,,,41.46,40.55,42.0,,,,52.49,51.31,55.0,,
2015-10-10,,,,41.45,40.54,42.0,,,,52.52,51.33,55.0,,
2015-10-11,,,,41.44,40.54,42.0,,,,52.55,51.33,55.0,,
2015-10-12,,,,41.42,40.53,42.0,,,,52.58,51.32,55.0,,
2015-10-13,,,,41.41,40.53,42.0,,,,52.62,51.32,55.0,,
2015-10-14,,,,41.4,40.52,42.0,,,,52.65,51.32,55.0,,
2015-10-15,,,,41.38,40.52,42.0,,,,52.68,51.32,55.0,,
2015-10-16,,,,41.37,40.52,42.0,,,,52.71,51.32,55.0,,
2015-10-17,,,,41.36,40.51,42.0,,,,52.74,51.31,55.0,,
2015-10-18,,,,41.35,40.51,42.0,,,,52.77,51.31,55.0,,
2015-10-19,,,,41.34,40.51,42.0,,,,52.8,51.31,55.0,42.0,51.0
2015-10-20,,,,41.33,40.51,42.0,,,,52.83,51.3,55.0,,
2015-10-21,,,,41.32,40.51,42.0,,,,52.86,51.3,55.0,,
2015-10-22,,,,41.31,40.51,42.0,,,,52.89,51.3,55.0,,
2015-10-23,,,,41.3,40.51,42.0,,,,52.92,51.29,55.0,,
2015-10-24,,,,41.29,40.51,42.0,,,,52.95,51.29,55.0,,
2015-10-25,,,,41.28,40.51,42.0,,,,52.98,51.29,55.0,,
2015-10-26,,,,41.27,40.51,42.0,,,,53.0,51.28,55.0,,
2015-10-27,,,,41.26,40.51,42.0,,,,53.03,51.28,55.0,,
2015-10-28,,,,41.25,40.52,42.0,,,,53.06,51.27,55.0,,
2015-10-29,,,,41.24,40.53,42.0,,,,53.08,51.27,55.0,,
2015-10-30,,,,41.23,40.53,42.0,,,,53.11,51.26,55.0,,
2015-10-31,,,,41.22,40.54,42.0,,,,53.13,51.26,55.0,,
2015-11-01,,,,41.21,40.55,42.0,,,,53.16,51.25,55.0,,
2015-11-02,,,,41.2,40.56,42.0,,,,53.18,51.25,55.0,,
2015-11-03,,,,41.19,40.57,42.0,,,,53.21,51.24,55.0,,
2015-11-04,,,,41.18,40.58,42.0,,,,53.23,51.24,55.0,,
2015-11-05,,,,41.17,40.57,42.0,,,,53.26,51.23,55.0,,
2015-11-06,,,,41.16,40.48,42.0,,,,53.29,51.22,55.0,,
2015-11-07,,,,41.15,40.47,42.0,,,,53.31,51.22,55.0,,
2015-11-08,,,,41.15,40.48,42.0,,,,53.34,51.21,55.0,,
2015-11-09,,,,41.14,40.48,42.0,,,,53.36,51.2,55.0,,
2015-11-10,,,,41.13,40.48,42.0,,,,53.39,51.2,54.99,,
2015-11-11,,,,41.12,40.49,42.0,,,,53.41,51.19,54.99,,
2015-11-12,,,,41.11,40.49,42.0,,,,53.43,51.18,54.98,,
2015-11-13,,,,41.1,40.49,42.0,,,,53.46,51.17,54.97,,
2015-11-14,,,,41.09,40.49,42.0,,,,53.48,51.17,54.95,,
2015-11-15,,,,41.08,40.5,42.0,,,,53.5,51.16,54.93,,
2015-11-16,,,,41.07,40.47,42.0,,,,53.52,51.15,54.91,,
2015-11-17,,,,41.06,40.45,42.0,,,,53.54,51.14,54.88,40.0,55.0
2015-11-18,,,,41.05,40.43,42.0,,,,53.56,51.13,54.86,,
2015-11-19,,,,41.05,40.41,42.0,,,,53.58,51.12,54.85,,
2015-11-20,,,,41.04,40.41,42.0,,,,53.6,51.12,54.82,,
2015-11-21,,,,41.03,40.43,42.0,,,,53.61,51.11,54.82,,
2015-11-22,,,,41.03,40.43,42.0,,,,53.63,51.1,54.84,,
2015-11-23,,,,41.02,40.43,42.0,,,,53.64,51.09,54.83,,
2015-11-24,,,,41.01,40.42,42.0,,,,53.66,51.08,54.81,,
2015-11-25,,,,41.01,40.4,42.0,,,,53.67,51.07,54.81,,
2015-11-26,,,,41.0,40.4,42.0,,,,53.68,51.07,54.81,,
2015-11-27,,,,41.0,40.4,42.0,,,,53.69,51.06,54.79,,
2015-11-28,,,,40.99,40.42,42.0,,,,53.7,51.03,54.82,,
2015-11-29,,,,40.99,40.42,42.0,,,,53.7,51.02,54.86,,
2015-11-30,,,,40.99,40.45,42.0,,,,53.71,51.02,54.88,,
2015-12-01,,,,40.99,40.48,42.0,,,,53.72,51.02,54.9,,
2015-12-02,,,,40.98,40.48,42.0,,,,53.72,51.02,54.93,,
2015-12-03,,,,40.98,40.47,42.0,,,,53.72,51.02,54.95,,
2015-12-04,,,,40.98,40.46,42.0,,,,53.72,51.02,54.96,,
2015-12-05,,,,40.98,40.44,42.0,,,,53.73,51.02,54.97,,
2015-12-06,,,,40.97,40.43,42.0,,,,53.73,51.02,54.98,,
2015-12-07,,,,40.97,40.41,42.0,,,,53.73,51.01,54.98,,
2015-12-08,,,,40.96,40.39,42.0,,,,53.72,51.0,54.99,,
2015-12-09,,,,40.96,40.38,42.0,,,,53.72,51.0,54.99,,
2015-12-10,,,,40.95,40.37,42.0,,,,53.72,51.0,54.99,,
2015-12-11,,,,40.95,40.36,42.0,,,,53.72,51.0,54.99,,
2015-12-12,,,,40.94,40.4,41.97,,,,53.72,51.03,54.94,,
2015-12-13,,,,40.93,40.38,41.97,,,,53.71,51.04,54.93,,
2015-12-14,,,,40.93,40.36,41.96,,,,53.71,51.04,54.92,41.0,55.0
2015-12-15,,,,40.92,40.32,41.95,,,,53.71,51.05,54.9,,
2015-12-16,,,,40.91,40.29,41.95,,,,53.71,51.05,54.89,,
2015-12-17,,,,40.9,40.23,41.94,,,,53.7,51.06,54.89,,
2015-12-18,,,,40.89,40.19,41.93,,,,53.7,51.07,54.89,,
2015-12-19,,,,40.88,40.16,41.93,,,,53.7,51.07,54.9,,
2015-12-20,,,,40.87,40.14,41.92,,,,53.69,51.08,54.9,,
2015-12-21,,,,40.86,40.02,41.91,,,,53.69,51.09,54.89,,
2015-12-22,,,,40.85,39.96,41.91,,,,53.68,51.09,54.9,,
2015-12-23,,,,40.84,39.92,41.9,,,,53.67,51.1,54.9,,
2015-12-24,,,,40.83,39.88,41.9,,,,53.67,51.11,54.9,,
2015-12-25,,,,40.82,39.82,41.9,,,,53.66,51.12,54.92,,
2015-12-26,,,,40.82,39.69,41.9,,,,53.65,51.13,54.93,,
2015-12-27,,,,40.81,39.62,41.9,,,,53.64,51.13,54.94,,
2015-12-28,,,,40.8,39.6,41.91,,,,53.63,51.14,54.96,,
2015-12-29,,,,40.79,39.58,41.91,,,,53.62,51.15,54.97,,
2015-12-30,,,,40.78,39.56,41.91,,,,53.6,51.15,54.98,,
2015-12-31,,,,40.78,39.53,41.91,,,,53.59,51.16,54.98,,
2016-01-01,,,,40.77,39.51,41.91,,,,53.57,51.17,54.99,,
2016-01-02,,,,40.76,39.49,42.0,,,,53.56,51.0,55.0,,
2016-01-03,,,,40.76,39.47,42.0,,,,53.54,51.0,55.0,,
2016-01-04,,,,40.75,39.33,41.99,,,,53.53,51.01,55.0,,
2016-01-05,,,,40.74,39.0,41.97,,,,53.51,51.03,55.01,,
2016-01-06,,,,40.74,39.0,41.94,,,,53.49,51.06,55.01,,
2016-01-07,,,,40.72,39.0,41.84,,,,53.48,51.16,55.02,,
2016-01-08,,,,40.71,39.36,41.77,,,,53.47,51.25,55.04,,
2016-01-09,,,,40.7,39.33,41.75,,,,53.46,51.37,55.07,,
2016-01-10,,,,40.68,39.31,41.69,,,,53.45,51.45,55.1,,
2016-01-11,,,,40.66,39.1,41.65,,,,53.45,51.48,55.13,,
2016-01-12,,,,40.63,38.97,41.6,,,,53.44,51.54,55.18,,
2016-01-13,,,,40.6,38.96,41.6,,,,53.44,51.68,55.24,,
2016-01-14,,,,40.57,38.85,41.61,,,,53.45,51.71,55.31,,
2016-01-15,,,,40.54,38.71,41.62,,,,53.45,51.71,55.4,,
2016-01-16,,,,40.5,38.58,41.62,,,,53.46,51.65,55.51,,
2016-01-17,,,,40.46,38.48,41.62,,,,53.47,51.67,55.63,,
2016-01-18,,,,40.42,38.41,41.6,,,,53.49,51.7,55.77,,
2016-01-19,,,,40.37,38.34,41.58,,,,53.5,51.69,55.89,,
2016-01-20,,,,40.32,38.27,41.58,,,,53.52,51.7,56.02,,
2016-01-21,,,,40.27,38.2,41.58,,,,53.54,51.7,56.15,,
2016-01-22,,,,40.22,38.13,41.59,,,,53.56,51.7,56.29,,
2016-01-23,,,,40.16,37.99,41.6,,,,53.59,51.71,56.44,,
2016-01-24,,,,40.1,37.82,41.61,,,,53.61,51.72,56.58,,
2016-01-25,,,,40.04,37.67,41.62,,,,53.64,51.74,56.72,42.0,51.0
2016-01-26,,,,39.98,37.54,41.62,,,,53.67,51.75,56.86,,
2016-01-27,,,,39.92,37.4,41.63,,,,53.7,51.78,56.99,,
2016-01-28,,,,39.86,37.25,41.64,,,,53.73,51.83,57.13,,
2016-01-29,,,,39.8,37.04,41.65,,,,53.77,51.85,57.25,,
2016-01-30,,,,39.74,36.83,41.66,,,,53.8,51.83,57.38,,
2016-01-31,,,,39.67,36.63,41.67,,,,53.83,51.79,57.49,,
2016-02-01,,,,39.61,36.44,41.68,,,,53.87,51.77,57.6,,
2016-02-02,,,,39.54,36.25,41.69,,,,53.91,51.8,57.71,,
2016-02-03,,,,39.48,36.08,41.69,,,,53.94,51.83,57.81,,
2016-02-04,,,,39.41,35.92,41.69,,,,53.98,51.85,57.91,,
2016-02-05,,,,39.35,35.76,41.69,,,,54.02,51.87,57.99,,
2016-02-06,,,,39.28,35.94,41.68,,,,54.06,52.01,57.85,,
2016-02-07,,,,39.22,35.82,41.66,,,,54.1,52.02,57.94,,
2016-02-08,,,,39.15,35.69,41.64,,,,54.14,52.01,58.03,,
2016-02-09,,,,39.08,35.54,41.65,,,,54.19,51.99,58.12,,
2016-02-10,,,,39.02,35.4,41.67,,,,54.23,51.97,58.2,,
2016-02-11,,,,38.95,35.26,41.69,,,,54.27,51.96,58.28,,
2016-02-12,,,,38.88,35.13,41.71,,,,54.31,51.96,58.3,,
2016-02-13,,,,38.82,35.0,41.69,,,,54.36,51.96,58.29,,
2016-02-14,,,,38.76,34.92,41.64,,,,54.4,51.97,58.3,,
2016-02-15,,,,38.69,34.9,41.64,,,,54.44,51.88,58.33,,
2016-02-16,,,,38.63,34.88,41.61,,,,54.49,51.79,58.4,39.0,54.0
2016-02-17,,,,38.57,34.84,41.57,,,,54.53,51.71,58.42,,
2016-02-18,,,,38.51,34.75,41.52,,,,54.58,51.62,58.42,,
2016-02-19,,,,38.45,34.69,41.47,,,,54.62,51.66,58.39,,
2016-02-20,,,,38.39,34.66,41.42,,,,54.66,51.71,58.39,,
2016-02-21,,,,38.34,34.69,41.36,,,,54.71,51.7,58.44,,
2016-02-22,,,,38.29,34.69,41.3,,,,54.75,51.72,58.47,,
2016-02-23,,,,38.23,34.62,41.24,,,,54.79,51.78,58.51,,
2016-02-24,,,,38.18,34.54,41.18,,,,54.84,51.83,58.5,,
2016-02-25,,,,38.14,34.53,41.12,,,,54.88,51.88,58.48,,
2016-02-26,,,,38.09,34.4,41.08,,,,54.92,51.92,58.64,,
2016-02-27,,,,38.04,34.14,41.02,,,,54.96,51.98,58.92,,
2016-02-28,,,,38.0,34.08,40.96,,,,55.01,52.04,58.96,,
2016-02-29,,,,37.95,34.03,40.91,,,,55.05,52.09,58.98,,
2016-03-01,,,,37.91,34.01,40.86,,,,55.09,52.14,59.0,,
2016-03-02,,,,37.86,34.0,40.82,,,,55.14,52.17,59.0,,
2016-03-03,,,,37.81,34.0,40.77,,,,55.19,52.22,59.0,,
2016-03-04,,,,37.76,34.25,40.54,,,,55.24,52.46,58.75,,
2016-03-05,,,,37.7,34.26,40.45,,,,55.29,52.55,58.74,,
2016-03-06,,,,37.64,34.26,40.35,,,,55.35,52.64,58.74,,
2016-03-07,,,,37.58,34.27,40.27,,,,55.41,52.73,58.73,,
2016-03-08,,,,37.52,34.27,40.17,,,,55.47,52.8,58.73,,
2016-03-09,,,,37.45,34.27,40.14,,,,55.53,52.86,58.72,,
2016-03-10,,,,37.39,34.27,40.1,,,,55.59,52.9,58.72,,
2016-03-11,,,,37.31,34.28,40.05,,,,55.66,52.95,58.72,,
2016-03-12,,,,37.24,34.28,39.99,,,,55.73,53.01,58.71,,
2016-03-13,,,,37.16,34.26,39.84,,,,55.8,53.06,58.71,,
2016-03-14,,,,37.08,34.23,39.53,,,,55.88,53.28,58.71,,
2016-03-15,,,,37.0,34.2,39.46,,,,55.95,53.54,58.71,,
2016-03-16,,,,36.92,34.17,39.43,,,,56.03,53.57,58.73,,
2016-03-17,,,,36.83,34.13,39.4,,,,56.11,53.6,58.76,,
2016-03-18,,,,36.74,34.05,39.27,,,,56.19,53.67,58.78,,
2016-03-19,,,,36.65,33.96,39.1,,,,56.27,53.81,58.85,,
2016-03-20,,,,36.56,33.85,38.96,,,,56.36,53.96,58.93,,
2016-03-21,,,,36.47,33.74,38.82,,,,56.44,54.1,59.0,,
2016-03-22,,,,36.38,33.64,38.67,,,,56.53,54.25,59.08,34.0,59.0
2016-03-23,,,,36.28,33.57,38.48,,,,56.61,54.41,59.17,,
2016-03-24,,,,36.19,33.55,38.32,,,,56.7,54.58,59.25,,
2016-03-25,,,,36.1,33.36,38.16,,,,56.79,54.71,59.32,,
2016-03-26,,,,36.0,33.13,38.92,,,,56.87,54.08,59.34,,
2016-03-27,,,,35.91,33.09,38.87,,,,56.96,54.13,59.5,,
2016-03-28,,,,35.82,33.06,38.82,,,,57.04,54.18,59.63,,
2016-03-29,,,,35.72,33.02,38.77,,,,57.12,54.23,59.65,,
2016-03-30,,,,35.63,32.82,38.71,,,,57.21,54.29,59.67,,
2016-03-31,,,,35.54,32.65,38.65,,,,57.29,54.35,59.69,,
2016-04-01,,,,35.46,32.6,38.58,,,,57.37,54.42,59.85,,
2016-04-02,,,,35.37,32.57,38.51,,,,57.44,54.49,59.95,,
2016-04-03,,,,35.29,32.45,38.22,,,,57.52,54.78,59.97,,
2016-04-04,,,,35.21,32.33,38.15,,,,57.59,54.85,59.99,,
2016-04-05,,,,35.13,32.31,38.03,,,,57.66,54.97,60.12,,
2016-04-06,,,,35.06,32.29,37.7,,,,57.73,55.3,60.13,,
2016-04-07,,,,34.99,32.26,37.65,,,,57.79,55.35,60.14,,
2016-04-08,,,,34.92,32.22,37.62,,,,57.85,55.38,60.17,,
2016-04-09,,,,34.86,32.19,37.58,,,,57.91,55.41,60.2,,
2016-04-10,,,,34.8,32.15,37.54,,,,57.96,55.46,60.23,,
2016-04-11,,,,34.75,32.13,37.5,,,,58.01,55.5,60.24,,
2016-04-12,,,,34.7,32.11,37.46,,,,58.05,55.54,60.26,,
2016-04-13,,,,34.65,32.09,37.42,,,,58.1,55.58,60.27,,
2016-04-14,,,,34.6,32.0,37.32,,,,58.14,55.68,60.29,,
2016-04-15,,,,34.56,32.03,36.97,,,,58.18,56.03,60.24,,
2016-04-16,,,,34.51,32.02,36.88,,,,58.22,56.12,60.29,,
2016-04-17,,,,34.48,32.01,36.68,,,,58.25,56.32,60.32,,
2016-04-18,,,,34.44,32.0,36.51,,,,58.29,56.49,60.31,37.0,56.0
2016-04-19,,,,34.4,31.99,36.39,,,,58.32,56.61,60.27,,
2016-04-20,,,,34.37,31.98,36.35,,,,58.35,56.65,60.24,,
2016-04-21,,,,34.34,31.97,36.32,,,,58.37,56.68,60.31,,
2016-04-22,,,,34.32,31.92,36.34,,,,58.39,56.66,60.38,,
2016-04-23,,,,34.29,31.9,36.3,,,,58.42,56.7,60.4,,
2016-04-24,,,,34.27,31.88,36.27,,,,58.44,56.73,60.41,,
2016-04-25,,,,34.25,31.86,36.25,,,,58.45,56.76,60.42,,
2016-04-26,,,,34.23,31.85,36.19,,,,58.47,56.81,60.42,,
2016-04-27,,,,34.21,31.84,36.08,,,,58.49,56.92,60.4,,
2016-04-28,,,,34.2,31.83,36.04,,,,58.51,56.96,60.42,,
2016-04-29,,,,34.18,31.82,36.01,,,,58.52,56.99,60.44,,
2016-04-30,,,,34.16,31.81,36.01,,,,58.54,56.99,60.45,,
2016-05-01,,,,34.14,31.74,36.02,,,,58.56,56.98,60.53,,
2016-05-02,,,,34.12,31.7,36.02,,,,58.59,56.98,60.57,,
2016-05-03,,,,34.1,31.66,35.99,,,,58.61,57.04,60.61,,
2016-05-04,,,,34.08,31.62,35.92,,,,58.63,57.09,60.65,,
2016-05-05,,,,34.06,31.58,35.86,,,,58.66,57.16,60.67,,
2016-05-06,,,,34.03,31.54,35.81,,,,58.69,57.19,60.7,,
2016-05-07,,,,34.0,31.69,35.8,,,,58.73,57.23,60.69,,
2016-05-08,,,,33.97,31.61,35.76,,,,58.76,57.27,60.75,,
2016-05-09,,,,33.94,31.55,35.73,,,,58.8,57.31,60.85,,
2016-05-10,,,,33.9,31.49,35.68,,,,58.84,57.36,60.92,,
2016-05-11,,,,33.86,31.44,35.64,,,,58.89,57.41,61.0,,
2016-05-12,,,,33.82,31.38,35.59,,,,58.94,57.41,61.15,,
2016-05-13,,,,33.78,31.34,35.62,,,,58.98,57.42,61.24,,
2016-05-14,,,,33.73,31.32,35.59,,,,59.04,57.41,61.35,,
2016-05-15,,,,33.69,31.3,35.6,,,,59.09,57.4,61.45,,
2016-05-16,,,,33.64,31.12,35.58,,,,59.15,57.42,61.55,31.0,61.0
2016-05-17,,,,33.59,30.97,35.57,,,,59.21,57.43,61.64,,
2016-05-18,,,,33.53,30.92,35.56,,,,59.27,57.44,61.71,,
2016-05-19,,,,33.48,30.86,35.54,,,,59.33,57.46,61.79,,
2016-05-20,,,,33.42,30.81,35.53,,,,59.39,57.47,61.86,,
2016-05-21,,,,33.37,30.73,35.52,,,,59.46,57.5,61.93,,
2016-05-22,,,,33.31,30.64,35.51,,,,59.52,57.53,62.0,,
2016-05-23,,,,33.25,30.56,35.48,,,,59.59,57.56,62.07,,
2016-05-24,,,,33.19,30.52,35.46,,,,59.65,57.59,62.15,,
2016-05-25,,,,33.13,30.48,35.43,,,,59.72,57.6,62.3,,
2016-05-26,,,,33.07,30.45,35.39,,,,59.79,57.62,62.43,,
2016-05-27,,,,33.01,30.41,35.36,,,,59.86,57.64,62.5,,
2016-05-28,,,,32.94,30.38,35.31,,,,59.93,57.66,62.56,,
2016-05-29,,,,32.88,30.34,35.27,,,,60.0,57.68,62.62,,
2016-05-30,,,,32.82,30.31,35.23,,,,60.07,57.7,62.68,,
2016-05-31,,,,32.76,30.27,35.18,,,,60.14,57.72,62.79,,
2016-06-01,,,,32.7,30.23,35.14,,,,60.21,57.75,62.95,,
2016-06-02,,,,32.64,30.21,35.14,,,,60.28,57.77,63.06,,
2016-06-03,,,,32.57,30.19,35.13,,,,60.35,57.8,63.12,,
2016-06-04,,,,32.51,30.17,35.13,,,,60.41,57.84,63.16,,
2016-06-05,,,,32.46,30.15,35.13,,,,60.48,57.87,63.2,,
2016-06-06,,,,32.4,30.07,35.11,,,,60.55,57.88,63.24,,
2016-06-07,,,,32.34,29.94,35.08,,,,60.61,57.89,63.29,,
2016-06-08,,,,32.28,29.82,35.05,,,,60.68,57.89,63.37,,
2016-06-09,,,,32.23,29.7,35.02,,,,60.74,57.9,63.43,,
2016-06-10,,,,32.17,29.58,35.0,,,,60.8,57.91,63.51,,
2016-06-11,,,,32.12,29.54,34.78,,,,60.87,58.06,63.43,,
2016-06-12,,,,32.06,29.52,34.7,,,,60.93,58.07,63.46,,
2016-06-13,,,,32.01,29.5,34.62,,,,60.99,58.09,63.56,,
2016-06-14,,,,31.96,29.48,34.53,,,,61.05,58.1,63.74,35.0,58.0
2016-06-15,,,,31.91,29.46,34.44,,,,61.11,58.18,63.92,,
2016-06-16,,,,31.86,29.43,34.35,,,,61.16,58.27,64.09,,
2016-06-17,,,,31.82,29.41,34.28,,,,61.22,58.35,64.27,,
2016-06-18,,,,31.77,29.39,34.28,,,,61.27,58.44,64.44,,
2016-06-19,,,,31.73,29.26,34.28,,,,61.32,58.52,64.59,,
2016-06-20,,,,31.69,29.12,34.28,,,,61.37,58.52,64.73,,
2016-06-21,,,,31.65,28.98,34.28,,,,61.42,58.52,64.86,,
2016-06-22,,,,31.61,28.85,34.29,,,,61.47,58.52,65.0,,
2016-06-23,,,,31.58,28.73,34.29,,,,61.52,58.52,65.12,,
2016-06-24,,,,31.54,28.63,34.3,,,,61.56,58.52,65.24,,
2016-06-25,,,,31.51,28.54,34.31,,,,61.6,58.51,65.34,,
2016-06-26,,,,31.49,28.45,34.32,,,,61.64,58.51,65.45,,
2016-06-27,,,,31.46,28.38,34.33,,,,61.68,58.5,65.57,,
2016-06-28,,,,31.44,28.3,34.34,,,,61.71,58.49,65.67,,
2016-06-29,,,,31.42,28.22,34.36,,,,61.74,58.48,65.75,,
2016-06-30,,,,31.4,28.15,34.37,,,,61.77,58.47,65.83,,
2016-07-01,,,,31.38,28.1,34.39,,,,61.8,58.46,65.89,,
2016-07-02,,,,31.37,28.06,34.41,,,,61.83,58.44,65.94,,
2016-07-03,,,,31.36,28.04,34.43,,,,61.86,58.43,65.96,,
2016-07-04,,,,31.34,28.01,34.45,,,,61.88,58.41,65.98,,
2016-07-05,,,,31.33,28.0,34.47,,,,61.9,58.4,66.0,,
2016-07-06,,,,31.32,28.0,34.5,,,,61.93,58.38,66.0,,
2016-07-07,,,,31.31,28.0,34.32,,,,61.95,58.51,66.0,,
2016-07-08,,,,31.3,28.3,34.35,,,,61.98,58.49,65.5,,
2016-07-09,,,,31.29,28.28,34.38,,,,62.01,58.46,65.53,,
2016-07-10,,,,31.27,28.26,34.42,,,,62.04,58.44,65.56,,
2016-07-11,,,,31.26,28.25,34.45,,,,62.07,58.41,65.59,28.0,66.0