date,Con (pre-2024 election),Con (pre-2024 election) (low),Con (pre-2024 election) (high),Con (post-2024 election),Con (post-2024 election) (low),Con (post-2024 election) (high),Lab (pre-2024 election),Lab (pre-2024 election) (low),Lab (pre-2024 election) (high),Lab (post-2024 election),Lab (post-2024 election) (low),Lab (post-2024 election) (high),LDem (pre-2024 election),LDem (pre-2024 election) (low),LDem (pre-2024 election) (high),LDem (post-2024 election),LDem (post-2024 election) (low),LDem (post-2024 election) (high),Ukip (pre-2024 election),Ukip (pre-2024 election) (low),Ukip (pre-2024 election) (high),Ukip (post-2024 election),Ukip (post-2024 election) (low),Ukip (post-2024 election) (high),Grn (post-2024 election),Grn (post-2024 election) (low),Grn (post-2024 election) (high),SNP (post-2024 election),SNP (post-2024 election) (low),SNP (post-2024 election) (high),PC (post-2024 election),PC (post-2024 election) (low),PC (post-2024 election) (high),Reform (post-2024 election),Reform (post-2024 election) (low),Reform (post-2024 election) (high),Con (poll),Lab (poll),LDem (poll),Ukip (poll),Grn (poll),SNP (poll),PC (poll),Reform (poll)
2019-08-11,42.59,39.08,46.76,,,,13.18,9.9,16.48,,,,8.36,4.94,12.13,,,,2.0,-1.47,5.05,,,,,,,,,,,,,,,,40.0,12.0,12.0,2.0,,,,
2019-08-12,42.62,39.18,46.78,,,,13.18,9.9,16.49,,,,8.34,4.94,12.11,,,,2.0,-1.47,5.05,,,,,,,,,,,,,,,,,,,,,,,
2019-08-13,42.64,39.28,46.81,,,,13.18,9.9,16.5,,,,8.33,4.94,12.09,,,,2.0,-1.47,5.06,,,,,,,,,,,,,,,,,,,,,,,
2019-08-14,42.67,39.32,46.83,,,,13.19,9.9,16.51,,,,8.32,4.94,12.07,,,,2.0,-1.46,5.06,,,,,,,,,,,,,,,,,,,,,,,
2019-08-15,42.69,39.34,46.85,,,,13.19,9.9,16.52,,,,8.31,4.95,12.04,,,,2.0,-1.46,5.06,,,,,,,,,,,,,,,,,,,,,,,
2019-08-16,42.72,39.37,46.87,,,,13.19,9.9,16.53,,,,8.29,4.96,11.96,,,,2.0,-1.46,5.06,,,,,,,,,,,,,,,,,,,,,,,
2019-08-17,42.75,39.39,46.9,,,,13.19,9.89,16.54,,,,8.28,4.96,11.89,,,,2.0,-1.45,5.07,,,,,,,,,,,,,,,,,,,,,,,
2019-08-18,42.77,39.42,46.92,,,,13.2,9.89,16.55,,,,8.27,4.97,11.8,,,,2.0,-1.45,5.07,,,,,,,,,,,,,,,,,,,,,,,
2019-08-19,42.8,39.44,46.95,,,,13.2,9.9,16.56,,,,8.26,4.97,11.74,,,,2.0,-1.45,5.07,,,,,,,,,,,,,,,,,,,,,,,
2019-08-20,42.83,39.47,46.97,,,,13.2,9.93,16.55,,,,8.24,4.98,11.73,,,,2.0,-1.45,5.07,,,,,,,,,,,,,,,,,,,,,,,
2019-08-21,42.85,39.51,47.0,,,,13.2,9.94,16.56,,,,8.23,4.98,11.72,,,,2.0,-1.44,5.07,,,,,,,,,,,,,,,,,,,,,,,
2019-08-22,42.88,39.53,47.02,,,,13.2,9.94,16.57,,,,8.22,4.98,11.71,,,,2.0,-1.44,5.08,,,,,,,,,,,,,,,,,,,,,,,
2019-08-23,42.91,39.56,47.04,,,,13.2,9.94,16.58,,,,8.21,4.98,11.71,,,,2.0,-1.44,5.08,,,,,,,,,,,,,,,,,,,,,,,
2019-08-24,42.94,39.59,47.08,,,,13.2,9.93,16.58,,,,8.19,4.98,11.7,,,,2.0,-1.44,5.08,,,,,,,,,,,,,,,,,,,,,,,
2019-08-25,42.96,39.62,47.12,,,,13.2,9.93,16.59,,,,8.18,4.99,11.69,,,,2.0,-1.44,5.08,,,,,,,,,,,,,,,,,,,,,,,
2019-08-26,42.99,39.65,47.12,,,,13.2,9.94,16.59,,,,8.17,4.98,11.69,,,,2.0,-1.44,5.08,,,,,,,,,,,,,,,,,,,,,,,
2019-08-27,43.02,39.68,47.14,,,,13.2,9.95,16.59,,,,8.16,4.98,11.68,,,,2.0,-1.44,5.08,,,,,,,,,,,,,,,,,,,,,,,
2019-08-28,43.05,39.7,47.16,,,,13.2,9.96,16.56,,,,8.14,4.99,11.67,,,,2.0,-1.45,5.09,,,,,,,,,,,,,,,,,,,,,,,
2019-08-29,43.07,39.72,47.18,,,,13.2,9.97,16.43,,,,8.13,4.99,11.66,,,,2.0,-1.45,5.09,,,,,,,,,,,,,,,,,,,,,,,
2019-08-30,43.1,39.73,47.21,,,,13.2,9.99,16.3,,,,8.12,4.99,11.65,,,,2.0,-1.45,5.09,,,,,,,,,,,,,,,,,,,,,,,
2019-08-31,43.13,39.74,47.23,,,,13.2,10.0,16.19,,,,8.11,4.99,11.65,,,,2.0,-1.45,5.09,,,,,,,,,,,,,,,,,,,,,,,
2019-09-01,43.16,39.77,47.26,,,,13.2,10.01,16.18,,,,8.09,5.0,11.64,,,,2.0,-1.45,5.09,,,,,,,,,,,,,,,,,,,,,,,
2019-09-02,43.19,39.8,47.29,,,,13.2,10.02,16.17,,,,8.08,4.99,11.63,,,,2.0,-1.45,5.09,,,,,,,,,,,,,,,,,,,,,,,
2019-09-03,43.22,39.85,47.32,,,,13.2,10.02,16.17,,,,8.07,4.98,11.62,,,,2.0,-1.45,5.1,,,,,,,,,,,,,,,,,,,,,,,
2019-09-04,43.24,39.87,47.34,,,,13.19,10.02,16.16,,,,8.06,4.97,11.61,,,,2.0,-1.45,5.1,,,,,,,,,,,,,,,,,,,,,,,
2019-09-05,43.27,39.89,47.37,,,,13.19,10.03,16.15,,,,8.04,4.97,11.6,,,,2.0,-1.45,5.1,,,,,,,,,,,,,,,,,,,,,,,
2019-09-06,43.3,39.93,47.39,,,,13.19,10.03,16.14,,,,8.03,4.96,11.58,,,,2.0,-1.45,5.1,,,,,,,,,,,,,,,,,,,,,,,
2019-09-07,43.33,39.98,47.41,,,,13.19,10.03,16.13,,,,8.02,4.95,11.57,,,,2.0,-1.45,5.1,,,,,,,,,,,,,,,,,,,,,,,
2019-09-08,43.36,40.03,47.44,,,,13.19,10.03,16.12,,,,8.01,4.94,11.56,,,,2.0,-1.45,5.1,,,,,,,,,,,,,,,,,,,,,,,
2019-09-09,43.39,40.07,47.46,,,,13.18,10.03,16.11,,,,7.99,4.94,11.55,,,,2.0,-1.45,5.1,,,,,,,,,,,,,,,,40.0,10.0,8.0,2.0,,,,
2019-09-10,43.42,40.1,47.48,,,,13.18,10.03,16.09,,,,7.98,4.93,11.54,,,,2.0,-1.45,5.1,,,,,,,,,,,,,,,,,,,,,,,
2019-09-11,43.44,40.13,47.51,,,,13.18,10.02,16.08,,,,7.97,4.92,11.53,,,,2.0,-1.45,5.11,,,,,,,,,,,,,,,,,,,,,,,
2019-09-12,43.47,40.16,47.54,,,,13.18,10.02,16.08,,,,7.96,4.91,11.52,,,,2.0,-1.45,5.11,,,,,,,,,,,,,,,,,,,,,,,
2019-09-13,43.5,40.19,47.6,,,,13.18,10.02,16.08,,,,7.94,4.91,11.51,,,,2.0,-1.45,5.11,,,,,,,,,,,,,,,,,,,,,,,
2019-09-14,43.53,40.21,47.65,,,,13.17,10.02,16.08,,,,7.93,4.9,11.5,,,,2.0,-1.45,5.11,,,,,,,,,,,,,,,,,,,,,,,
2019-09-15,43.56,40.23,47.65,,,,13.17,10.02,16.07,,,,7.92,4.89,11.49,,,,2.0,-1.45,5.11,,,,,,,,,,,,,,,,,,,,,,,
2019-09-16,43.59,40.25,47.67,,,,13.17,10.02,16.06,,,,7.91,4.88,11.48,,,,2.0,-1.45,5.11,,,,,,,,,,,,,,,,,,,,,,,
2019-09-17,43.62,40.27,47.67,,,,13.16,10.02,16.05,,,,7.89,4.86,11.46,,,,2.0,-1.45,5.11,,,,,,,,,,,,,,,,,,,,,,,
2019-09-18,43.65,40.25,47.68,,,,13.16,10.02,16.05,,,,7.88,4.84,11.45,,,,2.0,-1.45,5.11,,,,,,,,,,,,,,,,,,,,,,,
2019-09-19,43.68,40.25,47.69,,,,13.16,10.03,16.04,,,,7.87,4.82,11.42,,,,2.0,-1.45,5.11,,,,,,,,,,,,,,,,,,,,,,,
2019-09-20,43.71,40.24,47.71,,,,13.16,10.04,16.0,,,,7.86,4.8,11.38,,,,2.0,-1.45,5.1,,,,,,,,,,,,,,,,,,,,,,,
2019-09-21,43.74,40.26,47.73,,,,13.15,10.05,15.97,,,,7.85,4.79,11.33,,,,2.0,-1.45,5.1,,,,,,,,,,,,,,,,,,,,,,,
2019-09-22,43.77,40.31,47.75,,,,13.15,10.06,15.96,,,,7.83,4.77,11.29,,,,2.0,-1.45,5.1,,,,,,,,,,,,,,,,,,,,,,,
2019-09-23,43.79,40.37,47.77,,,,13.15,10.07,15.95,,,,7.82,4.75,11.25,,,,2.0,-1.45,5.1,,,,,,,,,,,,,,,,,,,,,,,
2019-09-24,43.82,40.42,47.8,,,,13.15,10.08,15.94,,,,7.81,4.73,11.24,,,,2.0,-1.46,5.1,,,,,,,,,,,,,,,,,,,,,,,
2019-09-25,43.85,40.44,47.82,,,,13.14,10.09,15.93,,,,7.8,4.71,11.23,,,,2.0,-1.46,5.1,,,,,,,,,,,,,,,,,,,,,,,
2019-09-26,43.88,40.46,47.84,,,,13.14,10.1,15.92,,,,7.79,4.7,11.23,,,,2.0,-1.46,5.1,,,,,,,,,,,,,,,,,,,,,,,
2019-09-27,43.91,40.49,47.86,,,,13.14,10.11,15.91,,,,7.77,4.69,11.23,,,,2.0,-1.46,5.1,,,,,,,,,,,,,,,,,,,,,,,
2019-09-28,43.94,40.51,47.88,,,,13.13,10.11,15.91,,,,7.76,4.69,11.23,,,,2.0,-1.46,5.1,,,,,,,,,,,,,,,,,,,,,,,
2019-09-29,43.97,40.53,47.9,,,,13.13,10.12,15.9,,,,7.75,4.69,11.23,,,,2.0,-1.46,5.1,,,,,,,,,,,,,,,,,,,,,,,
2019-09-30,44.0,40.55,47.92,,,,13.13,10.13,15.89,,,,7.74,4.69,11.23,,,,2.0,-1.46,5.1,,,,,,,,,,,,,,,,,,,,,,,
2019-10-01,44.03,40.57,47.94,,,,13.13,10.14,15.89,,,,7.73,4.69,11.21,,,,2.0,-1.46,5.1,,,,,,,,,,,,,,,,,,,,,,,
2019-10-02,44.06,40.6,47.96,,,,13.12,10.15,15.88,,,,7.71,4.68,11.2,,,,2.0,-1.46,5.1,,,,,,,,,,,,,,,,,,,,,,,
2019-10-03,44.09,40.62,47.98,,,,13.12,10.16,15.87,,,,7.7,4.68,11.18,,,,2.0,-1.46,5.09,,,,,,,,,,,,,,,,,,,,,,,
2019-10-04,44.11,40.64,48.0,,,,13.12,10.17,15.87,,,,7.69,4.67,11.16,,,,2.0,-1.46,5.09,,,,,,,,,,,,,,,,,,,,,,,
2019-10-05,44.14,40.67,48.01,,,,13.12,10.18,15.86,,,,7.68,4.67,11.14,,,,2.0,-1.46,5.09,,,,,,,,,,,,,,,,,,,,,,,
2019-10-06,44.17,40.69,48.03,,,,13.11,10.19,15.86,,,,7.67,4.67,11.12,,,,2.0,-1.46,5.09,,,,,,,,,,,,,,,,40.0,14.0,7.0,2.0,,,,
2019-10-07,44.2,40.71,48.05,,,,13.11,10.21,15.85,,,,7.66,4.66,11.1,,,,2.0,-1.46,5.09,,,,,,,,,,,,,,,,,,,,,,,
2019-10-08,44.23,40.73,48.07,,,,13.11,10.22,15.86,,,,7.65,4.66,11.07,,,,2.0,-1.46,5.09,,,,,,,,,,,,,,,,,,,,,,,
2019-10-09,44.26,40.73,48.09,,,,13.11,10.23,15.86,,,,7.63,4.66,11.03,,,,2.0,-1.46,5.09,,,,,,,,,,,,,,,,,,,,,,,
2019-10-10,44.29,40.74,48.11,,,,13.11,10.25,15.87,,,,7.62,4.66,10.99,,,,2.0,-1.46,5.09,,,,,,,,,,,,,,,,,,,,,,,
2019-10-11,44.32,40.75,48.12,,,,13.1,10.25,15.88,,,,7.61,4.66,10.94,,,,2.0,-1.46,5.09,,,,,,,,,,,,,,,,,,,,,,,
2019-10-12,44.35,40.78,48.14,,,,13.1,10.25,15.88,,,,7.6,4.66,10.91,,,,2.0,-1.46,5.08,,,,,,,,,,,,,,,,,,,,,,,
2019-10-13,44.38,40.83,48.16,,,,13.1,10.24,15.89,,,,7.59,4.65,10.87,,,,2.0,-1.46,5.08,,,,,,,,,,,,,,,,,,,,,,,
2019-10-14,44.4,40.89,48.17,,,,13.1,10.24,15.9,,,,7.58,4.65,10.82,,,,2.0,-1.46,5.08,,,,,,,,,,,,,,,,,,,,,,,
2019-10-15,44.43,40.91,48.19,,,,13.1,10.24,15.9,,,,7.56,4.65,10.79,,,,2.0,-1.46,5.08,,,,,,,,,,,,,,,,,,,,,,,
2019-10-16,44.46,40.94,48.21,,,,13.1,10.24,15.9,,,,7.55,4.65,10.77,,,,2.0,-1.46,5.08,,,,,,,,,,,,,,,,,,,,,,,
2019-10-17,44.49,40.96,48.22,,,,13.1,10.25,15.91,,,,7.54,4.65,10.75,,,,2.0,-1.46,5.08,,,,,,,,,,,,,,,,,,,,,,,
2019-10-18,44.52,40.99,48.24,,,,13.1,10.25,15.92,,,,7.53,4.65,10.73,,,,2.0,-1.46,5.08,,,,,,,,,,,,,,,,,,,,,,,
2019-10-19,44.55,41.02,48.26,,,,13.1,10.25,15.91,,,,7.52,4.64,10.7,,,,2.0,-1.46,5.08,,,,,,,,,,,,,,,,,,,,,,,
2019-10-20,44.58,41.04,48.27,,,,13.09,10.24,15.88,,,,7.51,4.6,10.68,,,,2.0,-1.47,5.07,,,,,,,,,,,,,,,,,,,,,,,
2019-10-21,44.61,41.07,48.29,,,,13.09,10.24,15.87,,,,7.5,4.57,10.67,,,,2.0,-1.47,5.07,,,,,,,,,,,,,,,,,,,,,,,
2019-10-22,44.64,41.1,48.3,,,,13.09,10.24,15.86,,,,7.49,4.53,10.66,,,,2.0,-1.47,5.07,,,,,,,,,,,,,,,,,,,,,,,
2019-10-23,44.67,41.14,48.32,,,,13.09,10.24,15.83,,,,7.47,4.5,10.65,,,,2.0,-1.47,5.07,,,,,,,,,,,,,,,,,,,,,,,
2019-10-24,44.7,41.18,48.33,,,,13.09,10.24,15.79,,,,7.46,4.47,10.63,,,,2.0,-1.47,5.07,,,,,,,,,,,,,,,,,,,,,,,
2019-10-25,44.72,41.22,48.35,,,,13.09,10.24,15.8,,,,7.45,4.44,10.62,,,,2.0,-1.47,5.08,,,,,,,,,,,,,,,,,,,,,,,
2019-10-26,44.75,41.26,48.36,,,,13.09,10.24,15.81,,,,7.44,4.41,10.61,,,,2.0,-1.47,5.08,,,,,,,,,,,,,,,,,,,,,,,
2019-10-27,44.78,41.3,48.38,,,,13.09,10.23,15.81,,,,7.43,4.42,10.59,,,,2.0,-1.47,5.09,,,,,,,,,,,,,,,,,,,,,,,
2019-10-28,44.81,41.34,48.39,,,,13.1,10.23,15.81,,,,7.42,4.43,10.58,,,,2.0,-1.47,5.09,,,,,,,,,,,,,,,,,,,,,,,
2019-10-29,44.84,41.38,48.41,,,,13.1,10.23,15.82,,,,7.41,4.44,10.56,,,,2.0,-1.47,5.1,,,,,,,,,,,,,,,,,,,,,,,
2019-10-30,44.87,41.42,48.44,,,,13.1,10.24,15.81,,,,7.4,4.45,10.54,,,,2.0,-1.47,5.1,,,,,,,,,,,,,,,,,,,,,,,
2019-10-31,44.9,41.46,48.48,,,,13.1,10.25,15.81,,,,7.38,4.46,10.52,,,,2.0,-1.47,5.11,,,,,,,,,,,,,,,,,,,,,,,
2019-11-01,44.93,41.51,48.51,,,,13.1,10.28,15.8,,,,7.37,4.46,10.51,,,,2.0,-1.47,5.11,,,,,,,,,,,,,,,,,,,,,,,
2019-11-02,44.96,41.55,48.55,,,,13.1,10.28,15.79,,,,7.36,4.47,10.49,,,,2.0,-1.47,5.11,,,,,,,,,,,,,,,,,,,,,,,
2019-11-03,44.99,41.6,48.57,,,,13.1,10.29,15.79,,,,7.35,4.48,10.44,,,,2.0,-1.47,5.12,,,,,,,,,,,,,,,,,,,,,,,
2019-11-04,45.01,41.63,48.61,,,,13.1,10.3,15.78,,,,7.34,4.49,10.43,,,,2.0,-1.47,5.12,,,,,,,,,,,,,,,,44.0,15.0,9.0,2.0,,,,
2019-11-05,45.04,41.65,48.65,,,,13.11,10.31,15.78,,,,7.33,4.5,10.43,,,,,,,,,,,,,,,,,,,,,,,,,,,,,
2019-11-06,45.07,41.67,48.69,,,,13.11,10.29,15.77,,,,7.32,4.51,10.35,,,,,,,,,,,,,,,,,,,,,,,,,,,,,
2019-11-07,45.1,41.69,48.7,,,,13.11,10.26,15.78,,,,7.31,4.53,10.27,,,,,,,,,,,,,,,,,,,,,,,,,,,,,
2019-11-08,45.13,41.71,48.73,,,,13.11,10.26,15.77,,,,7.3,4.54,10.21,,,,,,,,,,,,,,,,,,,,,,,,,,,,,
2019-11-09,45.16,41.73,48.76,,,,13.12,10.26,15.76,,,,7.29,4.55,10.18,,,,,,,,,,,,,,,,,,,,,,,,,,,,,
2019-11-10,45.19,41.75,48.76,,,,13.12,10.27,15.76,,,,7.27,4.56,10.15,,,,,,,,,,,,,,,,,,,,,,,,,,,,,
2019-11-11,45.22,41.77,48.77,,,,13.12,10.28,15.75,,,,7.26,4.57,10.13,,,,,,,,,,,,,,,,,,,,,,,,,,,,,
2019-11-12,45.24,41.79,48.77,,,,13.13,10.28,15.74,,,,7.25,4.58,10.13,,,,,,,,,,,,,,,,,,,,,,,,,,,,,
2019-11-13,45.27,41.82,48.78,,,,13.13,10.29,15.74,,,,7.24,4.59,10.12,,,,,,,,,,,,,,,,,,,,,,,,,,,,,
2019-11-14,45.3,41.84,48.8,,,,13.13,10.3,15.73,,,,7.23,4.61,10.11,,,,,,,,,,,,,,,,,,,,,,,,,,,,,
2019-11-15,45.33,41.85,48.85,,,,13.14,10.31,15.73,,,,7.22,4.62,10.11,,,,,,,,,,,,,,,,,,,,,,,,,,,,,
2019-11-16,45.36,41.87,48.9,,,,13.14,10.32,15.73,,,,7.21,4.61,10.1,,,,,,,,,,,,,,,,,,,,,,,,,,,,,
2019-11-17,45.38,41.89,48.95,,,,13.15,10.32,15.74,,,,7.2,4.61,10.09,,,,,,,,,,,,,,,,,,,,,,,,,,,,,
2019-11-18,45.41,41.91,49.0,,,,13.15,10.33,15.76,,,,7.19,4.61,10.08,,,,,,,,,,,,,,,,,,,,,,,,,,,,,
2019-11-19,45.44,41.93,49.03,,,,13.15,10.34,15.78,,,,7.18,4.61,10.07,,,,,,,,,,,,,,,,,,,,,,,,,,,,,
2019-11-20,45.47,41.96,49.05,,,,13.16,10.37,15.8,,,,7.16,4.61,10.07,,,,,,,,,,,,,,,,,,,,,,,,,,,,,
2019-11-21,45.49,41.99,49.07,,,,13.16,10.39,15.81,,,,7.15,4.61,10.06,,,,,,,,,,,,,,,,,,,,,,,,,,,,,
2019-11-22,45.52,42.03,49.1,,,,13.17,10.41,15.83,,,,7.14,4.6,10.04,,,,,,,,,,,,,,,,,,,,,,,,,,,,,
2019-11-23,45.55,42.06,49.12,,,,13.18,10.44,15.85,,,,7.13,4.6,10.02,,,,,,,,,,,,,,,,,,,,,,,,,,,,,
2019-11-24,45.58,42.1,49.14,,,,13.18,10.46,15.87,,,,7.12,4.6,9.99,,,,,,,,,,,,,,,,,,,,,,,,,,,,,
2019-11-25,45.6,42.12,49.16,,,,13.19,10.49,15.88,,,,7.11,4.6,9.96,,,,,,,,,,,,,,,,,,,,,,,,,,,,,
2019-11-26,45.63,42.13,49.18,,,,13.19,10.51,15.9,,,,7.1,4.59,9.94,,,,,,,,,,,,,,,,,,,,,,,,,,,,,
2019-11-27,45.66,42.14,49.2,,,,13.2,10.54,15.92,,,,7.09,4.59,9.91,,,,,,,,,,,,,,,,,,,,,,,,,,,,,
2019-11-28,45.68,42.15,49.21,,,,13.21,10.57,15.94,,,,7.08,4.59,9.89,,,,,,,,,,,,,,,,,,,,,,,,,,,,,
2019-11-29,45.71,42.16,49.23,,,,13.21,10.59,15.96,,,,7.06,4.58,9.86,,,,,,,,,,,,,,,,,,,,,,,,,,,,,
2019-11-30,45.74,42.17,49.25,,,,13.22,10.61,15.97,,,,7.05,4.56,9.85,,,,,,,,,,,,,,,,,,,,,,,,,,,,,
2019-12-01,45.76,42.19,49.27,,,,13.23,10.62,15.99,,,,7.04,4.55,9.84,,,,,,,,,,,,,,,,,,,,,,46.0,16.0,8.0,,,,,
2019-12-02,45.79,42.2,49.28,,,,13.23,10.64,16.01,,,,7.03,4.54,9.81,,,,,,,,,,,,,,,,,,,,,,,,,,,,,
2019-12-03,45.81,42.21,49.3,,,,13.24,10.66,16.03,,,,7.02,4.53,9.79,,,,,,,,,,,,,,,,,,,,,,,,,,,,,
2019-12-04,45.84,42.22,49.31,,,,13.25,10.69,16.05,,,,7.01,4.51,9.79,,,,,,,,,,,,,,,,,,,,,,,,,,,,,
2019-12-05,45.87,42.23,49.33,,,,13.26,10.72,16.07,,,,7.0,4.5,9.78,,,,,,,,,,,,,,,,,,,,,,,,,,,,,
2019-12-06,45.89,42.24,49.34,,,,13.26,10.75,16.07,,,,6.99,4.48,9.78,,,,,,,,,,,,,,,,,,,,,,,,,,,,,
2019-12-07,45.92,42.26,49.36,,,,13.27,10.78,16.09,,,,6.98,4.47,9.74,,,,,,,,,,,,,,,,,,,,,,,,,,,,,
2019-12-08,45.95,42.27,49.37,,,,13.28,10.81,16.11,,,,6.96,4.45,9.69,,,,,,,,,,,,,,,,,,,,,,,,,,,,,
2019-12-09,45.97,42.32,49.38,,,,13.29,10.83,16.13,,,,6.95,4.46,9.65,,,,,,,,,,,,,,,,,,,,,,,,,,,,,
2019-12-10,46.0,42.36,49.4,,,,13.3,10.85,16.14,,,,6.94,4.46,9.6,,,,,,,,,,,,,,,,,,,,,,,,,,,,,
2019-12-11,46.02,42.41,49.41,,,,13.31,10.85,16.16,,,,6.93,4.46,9.56,,,,,,,,,,,,,,,,,,,,,,,,,,,,,
2019-12-12,46.05,42.46,49.42,,,,13.32,10.85,16.18,,,,6.92,4.46,9.52,,,,,,,,,,,,,,,,,,,,,,,,,,,,,
2019-12-13,46.07,42.5,49.43,,,,13.33,10.85,16.2,,,,6.91,4.47,9.49,,,,,,,,,,,,,,,,,,,,,,,,,,,,,
2019-12-14,46.1,42.55,49.45,,,,13.33,10.86,16.22,,,,6.9,4.46,9.47,,,,,,,,,,,,,,,,,,,,,,,,,,,,,
2019-12-15,46.13,42.59,49.46,,,,13.34,10.86,16.24,,,,6.88,4.46,9.44,,,,,,,,,,,,,,,,,,,,,,,,,,,,,
2019-12-16,46.15,42.64,49.48,,,,13.35,10.86,16.26,,,,6.87,4.46,9.41,,,,,,,,,,,,,,,,,,,,,,,,,,,,,
2019-12-17,46.18,42.69,49.49,,,,13.36,10.87,16.28,,,,6.86,4.48,9.38,,,,,,,,,,,,,,,,,,,,,,,,,,,,,
2019-12-18,46.2,42.73,49.5,,,,13.37,10.87,16.3,,,,6.85,4.48,9.36,,,,,,,,,,,,,,,,,,,,,,,,,,,,,
2019-12-19,46.23,42.78,49.51,,,,13.38,10.88,16.32,,,,6.84,4.48,9.33,,,,,,,,,,,,,,,,,,,,,,,,,,,,,
2019-12-20,46.25,42.83,49.54,,,,13.4,10.89,16.33,,,,6.83,4.48,9.3,,,,,,,,,,,,,,,,,,,,,,,,,,,,,
2019-12-21,46.28,42.88,49.58,,,,13.41,10.91,16.35,,,,6.81,4.49,9.27,,,,,,,,,,,,,,,,,,,,,,,,,,,,,
2019-12-22,46.3,42.91,49.62,,,,13.42,10.96,16.37,,,,6.8,4.49,9.25,,,,,,,,,,,,,,,,,,,,,,,,,,,,,
2019-12-23,46.33,42.96,49.66,,,,13.43,11.0,16.39,,,,6.79,4.49,9.22,,,,,,,,,,,,,,,,,,,,,,,,,,,,,
2019-12-24,46.35,43.01,49.69,,,,13.44,11.01,16.41,,,,6.78,4.47,9.19,,,,,,,,,,,,,,,,,,,,,,,,,,,,,
2019-12-25,46.38,43.06,49.7,,,,13.45,11.01,16.43,,,,6.77,4.46,9.16,,,,,,,,,,,,,,,,,,,,,,,,,,,,,
2019-12-26,46.4,43.11,49.72,,,,13.46,11.01,16.45,,,,6.75,4.46,9.13,,,,,,,,,,,,,,,,,,,,,,,,,,,,,
2019-12-27,46.43,43.16,49.73,,,,13.47,11.01,16.47,,,,6.74,4.47,9.11,,,,,,,,,,,,,,,,,,,,,,,,,,,,,
2019-12-28,46.46,43.2,49.74,,,,13.48,11.02,16.48,,,,6.73,4.48,9.08,,,,,,,,,,,,,,,,,,,,,,,,,,,,,
2019-12-29,46.48,43.23,49.76,,,,13.5,11.02,16.5,,,,6.72,4.48,9.05,,,,,,,,,,,,,,,,,,,,,,,,,,,,,
2019-12-30,46.51,43.26,49.74,,,,13.51,11.03,16.52,,,,6.7,4.48,9.02,,,,,,,,,,,,,,,,,,,,,,,,,,,,,
2019-12-31,46.53,43.29,49.75,,,,13.52,11.04,16.53,,,,6.69,4.49,8.99,,,,,,,,,,,,,,,,,,,,,,,,,,,,,
2020-01-01,46.56,43.31,49.77,,,,13.53,11.06,16.54,,,,6.68,4.49,8.96,,,,,,,,,,,,,,,,,,,,,,,,,,,,,
2020-01-02,46.58,43.34,49.8,,,,13.55,11.08,16.55,,,,6.67,4.49,8.94,,,,,,,,,,,,,,,,,,,,,,,,,,,,,
2020-01-03,46.61,43.38,49.82,,,,13.56,11.1,16.56,,,,6.66,4.48,8.91,,,,,,,,,,,,,,,,,,,,,,,,,,,,,
2020-01-04,46.63,43.41,49.83,,,,13.57,11.12,16.57,,,,6.64,4.47,8.9,,,,,,,,,,,,,,,,,,,,,,,,,,,,,
2020-01-05,46.65,43.44,49.85,,,,13.58,11.14,16.58,,,,6.63,4.47,8.9,,,,,,,,,,,,,,,,,,,,,,,,,,,,,
2020-01-06,46.68,43.47,49.86,,,,13.6,11.17,16.59,,,,6.62,4.46,8.89,,,,,,,,,,,,,,,,,,,,,,49.0,13.0,5.0,,,,,
2020-01-07,46.7,43.5,49.87,,,,13.61,11.19,16.6,,,,6.6,4.43,8.88,,,,,,,,,,,,,,,,,,,,,,,,,,,,,
2020-01-08,46.73,43.53,49.88,,,,13.62,11.21,16.61,,,,6.59,4.4,8.86,,,,,,,,,,,,,,,,,,,,,,,,,,,,,
2020-01-09,46.75,43.55,49.9,,,,13.64,11.23,16.62,,,,6.58,4.37,8.85,,,,,,,,,,,,,,,,,,,,,,,,,,,,,
2020-01-10,46.78,43.58,49.91,,,,13.65,11.26,16.63,,,,6.57,4.35,8.84,,,,,,,,,,,,,,,,,,,,,,,,,,,,,
2020-01-11,46.8,43.61,49.91,,,,13.66,11.28,16.65,,,,6.55,4.32,8.83,,,,,,,,,,,,,,,,,,,,,,,,,,,,,
2020-01-12,46.83,43.63,49.89,,,,13.68,11.31,16.66,,,,6.54,4.29,8.81,,,,,,,,,,,,,,,,,,,,,,,,,,,,,
2020-01-13,46.85,43.66,49.88,,,,13.69,11.33,16.67,,,,6.53,4.27,8.77,,,,,,,,,,,,,,,,,,,,,,,,,,,,,
2020-01-14,46.87,43.69,49.86,,,,13.71,11.36,16.68,,,,6.51,4.25,8.74,,,,,,,,,,,,,,,,,,,,,,,,,,,,,
2020-01-15,46.9,43.73,49.88,,,,13.72,11.38,16.69,,,,6.5,4.22,8.7,,,,,,,,,,,,,,,,,,,,,,,,,,,,,
2020-01-16,46.92,43.76,49.92,,,,13.73,11.41,16.7,,,,6.49,4.2,8.68,,,,,,,,,,,,,,,,,,,,,,,,,,,,,
2020-01-17,46.95,43.79,49.96,,,,13.75,11.43,16.71,,,,6.47,4.17,8.67,,,,,,,,,,,,,,,,,,,,,,,,,,,,,
2020-01-18,46.97,43.82,50.0,,,,13.76,11.46,16.72,,,,6.46,4.14,8.66,,,,,,,,,,,,,,,,,,,,,,,,,,,,,
2020-01-19,46.99,43.85,50.01,,,,13.78,11.49,16.72,,,,6.45,4.12,8.65,,,,,,,,,,,,,,,,,,,,,,,,,,,,,
2020-01-20,47.02,43.89,50.02,,,,13.79,11.5,16.73,,,,6.44,4.09,8.64,,,,,,,,,,,,,,,,,,,,,,,,,,,,,
2020-01-21,47.04,43.92,50.03,,,,13.81,11.52,16.74,,,,6.42,4.07,8.62,,,,,,,,,,,,,,,,,,,,,,,,,,,,,
2020-01-22,47.06,43.95,50.04,,,,13.82,11.54,16.75,,,,6.41,4.04,8.61,,,,,,,,,,,,,,,,,,,,,,,,,,,,,
2020-01-23,47.09,43.98,50.05,,,,13.84,11.55,16.76,,,,6.39,4.02,8.6,,,,,,,,,,,,,,,,,,,,,,,,,,,,,
2020-01-24,47.11,44.01,50.06,,,,13.85,11.57,16.77,,,,6.38,4.01,8.59,,,,,,,,,,,,,,,,,,,,,,,,,,,,,
2020-01-25,47.13,44.04,50.08,,,,13.87,11.58,16.77,,,,6.37,4.02,8.58,,,,,,,,,,,,,,,,,,,,,,,,,,,,,
2020-01-26,47.16,44.07,50.11,,,,13.88,11.6,16.78,,,,6.35,4.03,8.57,,,,,,,,,,,,,,,,,,,,,,,,,,,,,
2020-01-27,47.18,44.1,50.11,,,,13.9,11.59,16.79,,,,6.34,4.03,8.56,,,,,,,,,,,,,,,,,,,,,,,,,,,,,
2020-01-28,47.2,44.13,50.11,,,,13.91,11.59,16.8,,,,6.33,4.0,8.54,,,,,,,,,,,,,,,,,,,,,,,,,,,,,
2020-01-29,47.23,44.17,50.11,,,,13.93,11.59,16.81,,,,6.31,3.97,8.53,,,,,,,,,,,,,,,,,,,,,,,,,,,,,
2020-01-30,47.25,44.2,50.13,,,,13.94,11.61,16.81,,,,6.3,3.96,8.52,,,,,,,,,,,,,,,,,,,,,,,,,,,,,
2020-01-31,47.27,44.22,50.14,,,,13.96,11.62,16.82,,,,6.29,3.97,8.51,,,,,,,,,,,,,,,,,,,,,,,,,,,,,
2020-02-01,47.29,44.24,50.16,,,,13.97,11.64,16.83,,,,6.27,3.97,8.49,,,,,,,,,,,,,,,,,,,,,,,,,,,,,
2020-02-02,47.32,44.25,50.18,,,,13.99,11.65,16.84,,,,6.26,3.97,8.48,,,,,,,,,,,,,,,,,,,,,,,,,,,,,
2020-02-03,47.34,44.27,50.2,,,,14.0,11.67,16.84,,,,6.24,3.98,8.47,,,,,,,,,,,,,,,,,,,,,,45.0,14.0,6.0,,,,,
2020-02-04,47.36,44.29,50.22,,,,14.02,11.69,16.85,,,,6.23,3.99,8.45,,,,,,,,,,,,,,,,,,,,,,,,,,,,,
2020-02-05,47.38,44.32,50.25,,,,14.04,11.7,16.86,,,,6.21,3.99,8.42,,,,,,,,,,,,,,,,,,,,,,,,,,,,,
2020-02-06,47.4,44.35,50.27,,,,14.05,11.71,16.86,,,,6.2,3.96,8.39,,,,,,,,,,,,,,,,,,,,,,,,,,,,,
2020-02-07,47.43,44.38,50.26,,,,14.07,11.72,16.87,,,,6.19,3.91,8.35,,,,,,,,,,,,,,,,,,,,,,,,,,,,,
2020-02-08,47.45,44.41,50.27,,,,14.08,11.73,16.87,,,,6.17,3.87,8.32,,,,,,,,,,,,,,,,,,,,,,,,,,,,,
2020-02-09,47.47,44.44,50.3,,,,14.1,11.73,16.88,,,,6.16,3.83,8.28,,,,,,,,,,,,,,,,,,,,,,,,,,,,,
2020-02-10,47.49,44.47,50.31,,,,14.12,11.74,16.89,,,,6.14,3.79,8.26,,,,,,,,,,,,,,,,,,,,,,,,,,,,,
2020-02-11,47.51,44.5,50.33,,,,14.13,11.73,16.89,,,,6.13,3.76,8.24,,,,,,,,,,,,,,,,,,,,,,,,,,,,,
2020-02-12,47.53,44.53,50.35,,,,14.15,11.73,16.9,,,,6.11,3.72,8.23,,,,,,,,,,,,,,,,,,,,,,,,,,,,,
2020-02-13,47.55,44.56,50.36,,,,14.16,11.73,16.9,,,,6.1,3.68,8.22,,,,,,,,,,,,,,,,,,,,,,,,,,,,,
2020-02-14,47.57,44.59,50.41,,,,14.18,11.75,16.91,,,,6.09,3.65,8.22,,,,,,,,,,,,,,,,,,,,,,,,,,,,,
2020-02-15,47.59,44.62,50.45,,,,14.2,11.78,16.91,,,,6.07,3.64,8.22,,,,,,,,,,,,,,,,,,,,,,,,,,,,,
2020-02-16,47.61,44.66,50.48,,,,14.21,11.81,16.91,,,,6.06,3.63,8.22,,,,,,,,,,,,,,,,,,,,,,,,,,,,,
2020-02-17,47.63,44.69,50.53,,,,14.23,11.84,16.91,,,,6.04,3.64,8.22,,,,,,,,,,,,,,,,,,,,,,,,,,,,,
2020-02-18,47.65,44.72,50.55,,,,14.24,11.87,16.92,,,,6.03,3.64,8.22,,,,,,,,,,,,,,,,,,,,,,,,,,,,,
2020-02-19,47.67,44.75,50.54,,,,14.26,11.89,16.92,,,,6.01,3.64,8.21,,,,,,,,,,,,,,,,,,,,,,,,,,,,,
2020-02-20,47.69,44.78,50.54,,,,14.28,11.9,16.92,,,,6.0,3.64,8.21,,,,,,,,,,,,,,,,,,,,,,,,,,,,,
2020-02-21,47.71,44.81,50.53,,,,14.29,11.92,16.93,,,,5.98,3.64,8.19,,,,,,,,,,,,,,,,,,,,,,,,,,,,,
2020-02-22,47.73,44.83,50.52,,,,14.31,11.93,16.93,,,,5.97,3.64,8.18,,,,,,,,,,,,,,,,,,,,,,,,,,,,,
2020-02-23,47.75,44.87,50.51,,,,14.33,11.95,16.93,,,,5.95,3.64,8.17,,,,,,,,,,,,,,,,,,,,,,,,,,,,,
2020-02-24,47.77,44.9,50.51,,,,14.34,11.96,16.94,,,,5.94,3.65,8.17,,,,,,,,,,,,,,,,,,,,,,,,,,,,,
2020-02-25,47.79,44.93,50.53,,,,14.36,11.98,16.96,,,,5.92,3.65,8.16,,,,,,,,,,,,,,,,,,,,,,,,,,,,,
2020-02-26,47.81,44.95,50.54,,,,14.37,12.0,16.96,,,,5.91,3.65,8.13,,,,,,,,,,,,,,,,,,,,,,,,,,,,,
2020-02-27,47.83,44.97,50.55,,,,14.39,12.01,16.95,,,,5.89,3.63,8.1,,,,,,,,,,,,,,,,,,,,,,,,,,,,,
2020-02-28,47.84,44.98,50.56,,,,14.41,12.03,16.95,,,,5.88,3.61,8.08,,,,,,,,,,,,,,,,,,,,,,,,,,,,,
2020-02-29,47.86,45.0,50.57,,,,14.42,12.05,16.95,,,,5.86,3.59,8.06,,,,,,,,,,,,,,,,,,,,,,,,,,,,,
2020-03-01,47.88,45.01,50.57,,,,14.44,12.06,16.98,,,,5.85,3.57,8.04,,,,,,,,,,,,,,,,,,,,,,,,,,,,,
2020-03-02,47.9,45.03,50.59,,,,14.45,12.07,17.01,,,,5.83,3.55,8.03,,,,,,,,,,,,,,,,,,,,,,52.0,10.0,4.0,,,,,
2020-03-03,47.91,45.04,50.69,,,,14.47,12.08,17.03,,,,5.82,3.53,8.01,,,,,,,,,,,,,,,,,,,,,,,,,,,,,
2020-03-04,47.93,45.05,50.78,,,,14.49,12.09,17.02,,,,5.81,3.51,7.99,,,,,,,,,,,,,,,,,,,,,,,,,,,,,
2020-03-05,47.95,45.06,50.89,,,,14.5,12.12,17.03,,,,5.79,3.51,7.98,,,,,,,,,,,,,,,,,,,,,,,,,,,,,
2020-03-06,47.96,45.07,50.89,,,,14.52,12.15,17.05,,,,5.78,3.5,7.96,,,,,,,,,,,,,,,,,,,,,,,,,,,,,
2020-03-07,47.98,45.08,50.91,,,,14.53,12.18,17.06,,,,5.76,3.49,7.94,,,,,,,,,,,,,,,,,,,,,,,,,,,,,
2020-03-08,48.0,45.09,50.91,,,,14.55,12.21,17.09,,,,5.75,3.49,7.94,,,,,,,,,,,,,,,,,,,,,,,,,,,,,
2020-03-09,48.01,45.1,50.91,,,,14.57,12.23,17.11,,,,5.73,3.48,7.95,,,,,,,,,,,,,,,,,,,,,,,,,,,,,
2020-03-10,48.03,45.12,50.91,,,,14.58,12.25,17.13,,,,5.72,3.47,7.93,,,,,,,,,,,,,,,,,,,,,,,,,,,,,
2020-03-11,48.04,45.12,50.91,,,,14.6,12.26,17.15,,,,5.7,3.44,7.91,,,,,,,,,,,,,,,,,,,,,,,,,,,,,
2020-03-12,48.06,45.13,50.91,,,,14.61,12.27,17.17,,,,5.69,3.41,7.89,,,,,,,,,,,,,,,,,,,,,,,,,,,,,
2020-03-13,48.07,45.12,50.91,,,,14.63,12.28,17.19,,,,5.67,3.37,7.87,,,,,,,,,,,,,,,,,,,,,,,,,,,,,
2020-03-14,48.09,45.14,50.92,,,,14.64,12.3,17.22,,,,5.66,3.34,7.84,,,,,,,,,,,,,,,,,,,,,,,,,,,,,
2020-03-15,48.1,45.16,50.97,,,,14.66,12.31,17.24,,,,5.64,3.32,7.81,,,,,,,,,,,,,,,,,,,,,,,,,,,,,
2020-03-16,48.12,45.14,51.03,,,,14.67,12.32,17.26,,,,5.63,3.28,7.78,,,,,,,,,,,,,,,,,,,,,,,,,,,,,
2020-03-17,48.13,45.13,51.07,,,,14.69,12.33,17.31,,,,5.61,3.24,7.76,,,,,,,,,,,,,,,,,,,,,,,,,,,,,
2020-03-18,48.14,45.11,51.12,,,,14.7,12.34,17.35,,,,5.6,3.21,7.75,,,,,,,,,,,,,,,,,,,,,,,,,,,,,
2020-03-19,48.16,45.1,51.11,,,,14.72,12.36,17.39,,,,5.58,3.21,7.73,,,,,,,,,,,,,,,,,,,,,,,,,,,,,
2020-03-20,48.17,45.09,51.11,,,,14.73,12.37,17.41,,,,5.57,3.2,7.71,,,,,,,,,,,,,,,,,,,,,,,,,,,,,
2020-03-21,48.18,45.08,51.1,,,,14.75,12.39,17.42,,,,5.55,3.19,7.69,,,,,,,,,,,,,,,,,,,,,,,,,,,,,
2020-03-22,48.19,45.07,51.09,,,,14.76,12.4,17.44,,,,5.54,3.18,7.67,,,,,,,,,,,,,,,,,,,,,,,,,,,,,
2020-03-23,48.2,45.06,51.09,,,,14.78,12.42,17.45,,,,5.52,3.17,7.66,,,,,,,,,,,,,,,,,,,,,,,,,,,,,
2020-03-24,48.22,45.05,51.09,,,,14.79,12.44,17.46,,,,5.51,3.17,7.64,,,,,,,,,,,,,,,,,,,,,,,,,,,,,
2020-03-25,48.23,45.07,51.08,,,,14.81,12.45,17.47,,,,5.49,3.16,7.62,,,,,,,,,,,,,,,,,,,,,,,,,,,,,
2020-03-26,48.24,45.1,51.07,,,,14.82,12.47,17.51,,,,5.48,3.15,7.62,,,,,,,,,,,,,,,,,,,,,,,,,,,,,
2020-03-27,48.25,45.09,51.06,,,,14.84,12.49,17.5,,,,5.46,3.14,7.61,,,,,,,,,,,,,,,,,,,,,,,,,,,,,
2020-03-28,48.26,45.08,51.05,,,,14.85,12.51,17.52,,,,5.45,3.13,7.6,,,,,,,,,,,,,,,,,,,,,,,,,,,,,
2020-03-29,48.27,45.08,51.06,,,,14.87,12.53,17.56,,,,5.43,3.12,7.57,,,,,,,,,,,,,,,,,,,,,,,,,,,,,
2020-03-30,48.28,45.07,51.09,,,,14.88,12.55,17.61,,,,5.42,3.11,7.54,,,,,,,,,,,,,,,,,,,,,,55.0,10.0,6.0,,,,,
2020-03-31,48.28,45.06,51.11,,,,14.9,12.58,17.66,,,,5.4,3.11,7.51,,,,,,,,,,,,,,,,,,,,,,,,,,,,,
2020-04-01,48.29,45.06,51.14,,,,14.91,12.62,17.7,,,,5.39,3.1,7.5,,,,,,,,,,,,,,,,,,,,,,,,,,,,,
2020-04-02,48.3,45.08,51.16,,,,14.93,12.63,17.75,,,,5.38,3.09,7.48,,,,,,,,,,,,,,,,,,,,,,,,,,,,,
2020-04-03,48.31,45.1,51.19,,,,14.94,12.64,17.77,,,,5.36,3.09,7.46,,,,,,,,,,,,,,,,,,,,,,,,,,,,,
2020-04-04,48.31,45.12,51.2,,,,14.95,12.66,17.76,,,,5.35,3.08,7.42,,,,,,,,,,,,,,,,,,,,,,,,,,,,,
2020-04-05,48.32,45.13,51.22,,,,14.97,12.69,17.77,,,,5.33,3.07,7.39,,,,,,,,,,,,,,,,,,,,,,,,,,,,,
2020-04-06,48.33,45.15,51.24,,,,14.98,12.71,17.77,,,,5.32,3.05,7.36,,,,,,,,,,,,,,,,,,,,,,,,,,,,,
2020-04-07,48.33,45.17,51.26,,,,15.0,12.74,17.77,,,,5.3,3.02,7.32,,,,,,,,,,,,,,,,,,,,,,,,,,,,,
2020-04-08,48.34,45.19,51.28,,,,15.01,12.76,17.76,,,,5.29,2.99,7.29,,,,,,,,,,,,,,,,,,,,,,,,,,,,,
2020-04-09,48.34,45.21,51.3,,,,15.03,12.78,17.76,,,,5.27,2.98,7.26,,,,,,,,,,,,,,,,,,,,,,,,,,,,,
2020-04-10,48.35,45.22,51.32,,,,15.04,12.79,17.76,,,,5.26,2.97,7.23,,,,,,,,,,,,,,,,,,,,,,,,,,,,,
2020-04-11,48.35,45.24,51.33,,,,15.05,12.79,17.76,,,,5.24,2.96,7.21,,,,,,,,,,,,,,,,,,,,,,,,,,,,,
2020-04-12,48.36,45.25,51.35,,,,15.07,12.8,17.76,,,,5.23,2.95,7.2,,,,,,,,,,,,,,,,,,,,,,,,,,,,,
2020-04-13,48.36,45.24,51.36,,,,15.08,12.82,17.77,,,,5.21,2.93,7.19,,,,,,,,,,,,,,,,,,,,,,,,,,,,,
2020-04-14,48.37,45.24,51.37,,,,15.1,12.82,17.79,,,,5.2,2.92,7.18,,,,,,,,,,,,,,,,,,,,,,,,,,,,,
2020-04-15,48.37,45.23,51.39,,,,15.11,12.83,17.8,,,,5.19,2.91,7.18,,,,,,,,,,,,,,,,,,,,,,,,,,,,,
2020-04-16,48.37,45.23,51.39,,,,15.12,12.84,17.82,,,,5.17,2.9,7.17,,,,,,,,,,,,,,,,,,,,,,,,,,,,,
2020-04-17,48.37,45.23,51.4,,,,15.14,12.85,17.84,,,,5.16,2.9,7.16,,,,,,,,,,,,,,,,,,,,,,,,,,,,,
2020-04-18,48.37,45.22,51.41,,,,15.15,12.87,17.86,,,,5.14,2.89,7.16,,,,,,,,,,,,,,,,,,,,,,,,,,,,,
2020-04-19,48.38,45.21,51.41,,,,15.17,12.89,17.88,,,,5.13,2.89,7.15,,,,,,,,,,,,,,,,,,,,,,,,,,,,,
2020-04-20,48.38,45.2,51.42,,,,15.18,12.89,17.89,,,,5.11,2.88,7.15,,,,,,,,,,,,,,,,,,,,,,,,,,,,,
2020-04-21,48.38,45.2,51.43,,,,15.19,12.9,17.89,,,,5.1,2.87,7.14,,,,,,,,,,,,,,,,,,,,,,,,,,,,,
2020-04-22,48.38,45.19,51.43,,,,15.21,12.9,17.89,,,,5.08,2.86,7.13,,,,,,,,,,,,,,,,,,,,,,,,,,,,,
2020-04-23,48.38,45.18,51.43,,,,15.22,12.91,17.89,,,,5.07,2.86,7.12,,,,,,,,,,,,,,,,,,,,,,,,,,,,,
2020-04-24,48.37,45.17,51.44,,,,15.24,12.91,17.89,,,,5.05,2.85,7.11,,,,,,,,,,,,,,,,,,,,,,,,,,,,,
2020-04-25,48.37,45.16,51.44,,,,15.25,12.92,17.91,,,,5.04,2.84,7.12,,,,,,,,,,,,,,,,,,,,,,,,,,,,,
2020-04-26,48.37,45.16,51.43,,,,15.27,12.92,17.94,,,,5.03,2.83,7.11,,,,,,,,,,,,,,,,,,,,,,,,,,,,,
2020-04-27,48.37,45.15,51.42,,,,15.28,12.93,17.96,,,,5.01,2.83,7.09,,,,,,,,,,,,,,,,,,,,,,48.0,17.0,6.0,,,,,
2020-04-28,48.37,45.14,51.41,,,,15.29,12.93,17.98,,,,5.0,2.82,7.08,,,,,,,,,,,,,,,,,,,,,,,,,,,,,
2020-04-29,48.36,45.14,51.41,,,,15.31,12.94,17.97,,,,4.98,2.81,7.08,,,,,,,,,,,,,,,,,,,,,,,,,,,,,
2020-04-30,48.36,45.13,51.4,,,,15.32,12.95,17.97,,,,4.97,2.8,7.07,,,,,,,,,,,,,,,,,,,,,,,,,,,,,
2020-05-01,48.35,45.12,51.39,,,,15.34,12.95,17.96,,,,4.96,2.79,7.06,,,,,,,,,,,,,,,,,,,,,,,,,,,,,
2020-05-02,48.35,45.11,51.38,,,,15.35,12.96,17.96,,,,4.94,2.78,7.06,,,,,,,,,,,,,,,,,,,,,,,,,,,,,
2020-05-03,48.35,45.1,51.36,,,,15.37,12.96,17.95,,,,4.93,2.77,7.05,,,,,,,,,,,,,,,,,,,,,,,,,,,,,
2020-05-04,48.34,45.09,51.34,,,,15.38,13.0,17.95,,,,4.91,2.76,7.05,,,,,,,,,,,,,,,,,,,,,,,,,,,,,
2020-05-05,48.33,45.09,51.34,,,,15.4,13.03,17.94,,,,4.9,2.75,7.04,,,,,,,,,,,,,,,,,,,,,,,,,,,,,
2020-05-06,48.33,45.09,51.33,,,,15.41,13.06,17.94,,,,4.89,2.73,7.03,,,,,,,,,,,,,,,,,,,,,,,,,,,,,
2020-05-07,48.32,45.1,51.32,,,,15.43,13.09,17.94,,,,4.87,2.71,7.03,,,,,,,,,,,,,,,,,,,,,,,,,,,,,
2020-05-08,48.31,45.1,51.34,,,,15.44,13.12,17.95,,,,4.86,2.71,7.02,,,,,,,,,,,,,,,,,,,,,,,,,,,,,
2020-05-09,48.31,45.11,51.34,,,,15.46,13.15,17.95,,,,4.84,2.71,7.01,,,,,,,,,,,,,,,,,,,,,,,,,,,,,
2020-05-10,48.3,45.11,51.33,,,,15.47,13.18,17.95,,,,4.83,2.7,7.01,,,,,,,,,,,,,,,,,,,,,,,,,,,,,
2020-05-11,48.29,45.11,51.32,,,,15.49,13.22,17.96,,,,4.82,2.71,6.99,,,,,,,,,,,,,,,,,,,,,,,,,,,,,
2020-05-12,48.28,45.12,51.31,,,,15.5,13.25,17.97,,,,4.8,2.71,6.98,,,,,,,,,,,,,,,,,,,,,,,,,,,,,
2020-05-13,48.27,45.12,51.32,,,,15.52,13.28,17.98,,,,4.79,2.72,6.98,,,,,,,,,,,,,,,,,,,,,,,,,,,,,
2020-05-14,48.26,45.12,51.32,,,,15.53,13.29,17.99,,,,4.78,2.72,6.98,,,,,,,,,,,,,,,,,,,,,,,,,,,,,
2020-05-15,48.25,45.1,51.3,,,,15.55,13.3,18.0,,,,4.76,2.71,6.98,,,,,,,,,,,,,,,,,,,,,,,,,,,,,
2020-05-16,48.24,45.07,51.28,,,,15.57,13.31,18.0,,,,4.75,2.71,6.97,,,,,,,,,,,,,,,,,,,,,,,,,,,,,
2020-05-17,48.23,45.05,51.25,,,,15.58,13.32,18.01,,,,4.74,2.7,6.96,,,,,,,,,,,,,,,,,,,,,,,,,,,,,
2020-05-18,48.22,45.02,51.22,,,,15.6,13.33,18.02,,,,4.72,2.69,6.96,,,,,,,,,,,,,,,,,,,,,,,,,,,,,
2020-05-19,48.21,44.99,51.21,,,,15.61,13.34,18.03,,,,4.71,2.64,6.95,,,,,,,,,,,,,,,,,,,,,,,,,,,,,
2020-05-20,48.2,44.97,51.19,,,,15.63,13.35,18.04,,,,4.7,2.61,6.95,,,,,,,,,,,,,,,,,,,,,,,,,,,,,
2020-05-21,48.19,44.94,51.18,,,,15.65,13.36,18.05,,,,4.69,2.6,6.94,,,,,,,,,,,,,,,,,,,,,,,,,,,,,
2020-05-22,48.17,44.92,51.16,,,,15.66,13.37,18.05,,,,4.67,2.59,6.93,,,,,,,,,,,,,,,,,,,,,,,,,,,,,
2020-05-23,48.16,44.89,51.14,,,,15.68,13.38,18.06,,,,4.66,2.59,6.93,,,,,,,,,,,,,,,,,,,,,,,,,,,,,
2020-05-24,48.15,44.87,51.12,,,,15.7,13.39,18.07,,,,4.65,2.58,6.92,,,,,,,,,,,,,,,,,,,,,,,,,,,,,
2020-05-25,48.13,44.84,51.1,,,,15.71,13.4,18.08,,,,4.64,2.56,6.91,,,,,,,,,,,,,,,,,,,,,,53.0,17.0,5.0,,,,,
2020-05-26,48.12,44.84,51.08,,,,15.73,13.41,18.08,,,,4.62,2.54,6.91,,,,,,,,,,,,,,,,,,,,,,,,,,,,,
2020-05-27,48.1,44.84,51.05,,,,15.75,13.42,18.09,,,,4.61,2.52,6.9,,,,,,,,,,,,,,,,,,,,,,,,,,,,,
2020-05-28,48.09,44.84,51.03,,,,15.76,13.44,18.1,,,,4.6,2.5,6.87,,,,,,,,,,,,,,,,,,,,,,,,,,,,,
2020-05-29,48.07,44.83,51.01,,,,15.78,13.45,18.12,,,,4.59,2.49,6.84,,,,,,,,,,,,,,,,,,,,,,,,,,,,,
2020-05-30,48.06,44.83,50.98,,,,15.8,13.46,18.14,,,,4.57,2.47,6.81,,,,,,,,,,,,,,,,,,,,,,,,,,,,,
2020-05-31,48.04,44.82,50.95,,,,15.82,13.47,18.14,,,,4.56,2.45,6.78,,,,,,,,,,,,,,,,,,,,,,,,,,,,,
2020-06-01,48.03,44.79,50.93,,,,15.84,13.48,18.14,,,,4.55,2.44,6.76,,,,,,,,,,,,,,,,,,,,,,,,,,,,,
2020-06-02,48.01,44.76,50.9,,,,15.85,13.49,18.15,,,,4.54,2.43,6.74,,,,,,,,,,,,,,,,,,,,,,,,,,,,,
2020-06-03,47.99,44.72,50.87,,,,15.87,13.51,18.15,,,,4.53,2.43,6.71,,,,,,,,,,,,,,,,,,,,,,,,,,,,,
2020-06-04,47.98,44.69,50.84,,,,15.89,13.54,18.15,,,,4.52,2.43,6.69,,,,,,,,,,,,,,,,,,,,,,,,,,,,,
2020-06-05,47.96,44.65,50.81,,,,15.91,13.57,18.17,,,,4.51,2.43,6.69,,,,,,,,,,,,,,,,,,,,,,,,,,,,,
2020-06-06,47.94,44.63,50.78,,,,15.93,13.6,18.18,,,,4.49,2.41,6.69,,,,,,,,,,,,,,,,,,,,,,,,,,,,,
2020-06-07,47.92,44.61,50.78,,,,15.94,13.63,18.21,,,,4.48,2.39,6.7,,,,,,,,,,,,,,,,,,,,,,,,,,,,,
2020-06-08,47.9,44.59,50.74,,,,15.96,13.66,18.23,,,,4.47,2.38,6.71,,,,,,,,,,,,,,,,,,,,,,,,,,,,,
2020-06-09,47.88,44.58,50.73,,,,15.98,13.67,18.27,,,,4.46,2.36,6.71,,,,,,,,,,,,,,,,,,,,,,,,,,,,,
2020-06-10,47.87,44.56,50.72,,,,16.0,13.68,18.3,,,,4.45,2.35,6.7,,,,,,,,,,,,,,,,,,,,,,,,,,,,,
2020-06-11,47.85,44.54,50.71,,,,16.02,13.69,18.34,,,,4.44,2.33,6.68,,,,,,,,,,,,,,,,,,,,,,,,,,,,,
2020-06-12,47.83,44.53,50.68,,,,16.04,13.7,18.37,,,,4.43,2.32,6.66,,,,,,,,,,,,,,,,,,,,,,,,,,,,,
2020-06-13,47.81,44.51,50.64,,,,16.06,13.71,18.41,,,,4.42,2.31,6.64,,,,,,,,,,,,,,,,,,,,,,,,,,,,,
2020-06-14,47.79,44.49,50.61,,,,16.08,13.73,18.42,,,,4.41,2.31,6.62,,,,,,,,,,,,,,,,,,,,,,,,,,,,,
2020-06-15,47.77,44.48,50.6,,,,16.1,13.74,18.43,,,,4.4,2.32,6.6,,,,,,,,,,,,,,,,,,,,,,,,,,,,,
2020-06-16,47.74,44.46,50.61,,,,16.12,13.75,18.43,,,,4.39,2.32,6.59,,,,,,,,,,,,,,,,,,,,,,,,,,,,,
2020-06-17,47.72,44.44,50.59,,,,16.14,13.76,18.44,,,,4.38,2.3,6.57,,,,,,,,,,,,,,,,,,,,,,,,,,,,,
2020-06-18,47.7,44.42,50.56,,,,16.16,13.77,18.45,,,,4.37,2.29,6.55,,,,,,,,,,,,,,,,,,,,,,,,,,,,,
2020-06-19,47.68,44.41,50.52,,,,16.18,13.79,18.47,,,,4.36,2.28,6.53,,,,,,,,,,,,,,,,,,,,,,,,,,,,,
2020-06-20,47.66,44.39,50.49,,,,16.2,13.8,18.5,,,,4.35,2.26,6.51,,,,,,,,,,,,,,,,,,,,,,,,,,,,,
2020-06-21,47.64,44.37,50.45,,,,16.22,13.82,18.53,,,,4.34,2.25,6.49,,,,,,,,,,,,,,,,,,,,,,,,,,,,,
2020-06-22,47.61,44.35,50.42,,,,16.24,13.83,18.56,,,,4.33,2.24,6.47,,,,,,,,,,,,,,,,,,,,,,42.0,18.0,5.0,,,,,
2020-06-23,47.59,44.34,50.38,,,,16.26,13.84,18.59,,,,4.32,2.23,6.45,,,,,,,,,,,,,,,,,,,,,,,,,,,,,
2020-06-24,47.57,44.33,50.34,,,,16.28,13.86,18.62,,,,4.31,2.22,6.43,,,,,,,,,,,,,,,,,,,,,,,,,,,,,
2020-06-25,47.54,44.32,50.31,,,,16.3,13.89,18.64,,,,4.3,2.21,6.4,,,,,,,,,,,,,,,,,,,,,,,,,,,,,
2020-06-26,47.52,44.31,50.28,,,,16.32,13.9,18.65,,,,4.29,2.19,6.38,,,,,,,,,,,,,,,,,,,,,,,,,,,,,
2020-06-27,47.5,44.3,50.25,,,,16.34,13.91,18.65,,,,4.28,2.17,6.36,,,,,,,,,,,,,,,,,,,,,,,,,,,,,
2020-06-28,47.47,44.28,50.24,,,,16.36,13.92,18.66,,,,4.27,2.16,6.34,,,,,,,,,,,,,,,,,,,,,,,,,,,,,
2020-06-29,47.45,44.27,50.24,,,,16.38,13.93,18.66,,,,4.26,2.14,6.33,,,,,,,,,,,,,,,,,,,,,,,,,,,,,
2020-06-30,47.42,44.26,50.23,,,,16.4,13.93,18.68,,,,4.25,2.13,6.34,,,,,,,,,,,,,,,,,,,,,,,,,,,,,
2020-07-01,47.4,44.25,50.22,,,,16.42,13.94,18.68,,,,4.24,2.11,6.35,,,,,,,,,,,,,,,,,,,,,,,,,,,,,
2020-07-02,47.37,44.24,50.22,,,,16.44,13.95,18.7,,,,4.23,2.1,6.34,,,,,,,,,,,,,,,,,,,,,,,,,,,,,
2020-07-03,47.35,44.19,50.21,,,,16.47,13.96,18.73,,,,4.23,2.09,6.35,,,,,,,,,,,,,,,,,,,,,,,,,,,,,
2020-07-04,47.32,44.14,50.2,,,,16.49,13.97,18.77,,,,4.22,2.08,6.36,,,,,,,,,,,,,,,,,,,,,,,,,,,,,
2020-07-05,47.3,44.1,50.2,,,,16.51,14.0,18.81,,,,4.21,2.07,6.36,,,,,,,,,,,,,,,,,,,,,,,,,,,,,
2020-07-06,47.27,44.05,50.18,,,,16.53,14.03,18.85,,,,4.2,2.06,6.37,,,,,,,,,,,,,,,,,,,,,,,,,,,,,
2020-07-07,47.25,44.0,50.17,,,,16.55,14.06,18.88,,,,4.19,2.06,6.35,,,,,,,,,,,,,,,,,,,,,,,,,,,,,
2020-07-08,47.22,43.96,50.17,,,,16.57,14.09,18.91,,,,4.18,2.05,6.34,,,,,,,,,,,,,,,,,,,,,,,,,,,,,
2020-07-09,47.19,43.91,50.16,,,,16.59,14.12,18.92,,,,4.17,2.04,6.32,,,,,,,,,,,,,,,,,,,,,,,,,,,,,
2020-07-10,47.17,43.86,50.14,,,,16.61,14.14,18.94,,,,4.17,2.04,6.3,,,,,,,,,,,,,,,,,,,,,,,,,,,,,
2020-07-11,47.14,43.82,50.14,,,,16.64,14.16,18.96,,,,4.16,2.03,6.28,,,,,,,,,,,,,,,,,,,,,,,,,,,,,
2020-07-12,47.11,43.77,50.09,,,,16.66,14.18,18.97,,,,4.15,2.02,6.27,,,,,,,,,,,,,,,,,,,,,,,,,,,,,
2020-07-13,47.09,43.72,50.02,,,,16.68,14.2,19.0,,,,4.14,2.02,6.25,,,,,,,,,,,,,,,,,,,,,,,,,,,,,
2020-07-14,47.06,43.68,49.96,,,,16.7,14.23,19.02,,,,4.13,2.01,6.23,,,,,,,,,,,,,,,,,,,,,,,,,,,,,
2020-07-15,47.03,43.63,49.94,,,,16.72,14.26,19.03,,,,4.12,2.0,6.21,,,,,,,,,,,,,,,,,,,,,,,,,,,,,
2020-07-16,47.01,43.59,49.92,,,,16.74,14.29,19.05,,,,4.12,2.0,6.19,,,,,,,,,,,,,,,,,,,,,,,,,,,,,
2020-07-17,46.98,43.54,49.9,,,,16.76,14.32,19.06,,,,4.11,1.99,6.2,,,,,,,,,,,,,,,,,,,,,,,,,,,,,
2020-07-18,46.95,43.5,49.88,,,,16.79,14.35,19.08,,,,4.1,1.98,6.21,,,,,,,,,,,,,,,,,,,,,,,,,,,,,
2020-07-19,46.92,43.46,49.86,,,,16.81,14.38,19.09,,,,4.09,1.97,6.21,,,,,,,,,,,,,,,,,,,,,,,,,,,,,
2020-07-20,46.9,43.41,49.84,,,,16.83,14.42,19.11,,,,4.08,1.95,6.2,,,,,,,,,,,,,,,,,,,,,,51.0,18.0,4.0,,,,,
2020-07-21,46.87,43.4,49.82,,,,16.85,14.45,19.12,,,,4.08,1.95,6.18,,,,,,,,,,,,,,,,,,,,,,,,,,,,,
2020-07-22,46.84,43.39,49.8,,,,16.87,14.48,19.14,,,,4.07,1.95,6.16,,,,,,,,,,,,,,,,,,,,,,,,,,,,,
2020-07-23,46.81,43.38,49.78,,,,16.89,14.51,19.15,,,,4.06,1.95,6.16,,,,,,,,,,,,,,,,,,,,,,,,,,,,,
2020-07-24,46.78,43.35,49.76,,,,16.91,14.53,19.17,,,,4.05,1.95,6.17,,,,,,,,,,,,,,,,,,,,,,,,,,,,,
2020-07-25,46.76,43.34,49.73,,,,16.93,14.54,19.18,,,,4.04,1.95,6.17,,,,,,,,,,,,,,,,,,,,,,,,,,,,,
2020-07-26,46.73,43.34,49.71,,,,16.96,14.55,19.21,,,,4.04,1.95,6.13,,,,,,,,,,,,,,,,,,,,,,,,,,,,,
2020-07-27,46.7,43.32,49.68,,,,16.98,14.57,19.25,,,,4.03,1.95,6.13,,,,,,,,,,,,,,,,,,,,,,,,,,,,,
2020-07-28,46.67,43.31,49.66,,,,17.0,14.59,19.29,,,,4.02,1.95,6.11,,,,,,,,,,,,,,,,,,,,,,,,,,,,,
2020-07-29,46.64,43.3,49.63,,,,17.02,14.61,19.31,,,,4.01,1.95,6.08,,,,,,,,,,,,,,,,,,,,,,,,,,,,,
2020-07-30,46.61,43.28,49.6,,,,17.04,14.63,19.31,,,,4.0,1.95,6.06,,,,,,,,,,,,,,,,,,,,,,,,,,,,,
2020-07-31,46.58,43.27,49.57,,,,17.06,14.65,19.32,,,,4.0,1.94,6.04,,,,,,,,,,,,,,,,,,,,,,,,,,,,,
2020-08-01,46.56,43.27,49.54,,,,17.08,14.68,19.35,,,,3.99,1.93,6.02,,,,,,,,,,,,,,,,,,,,,,,,,,,,,
2020-08-02,46.53,43.25,49.51,,,,17.1,14.7,19.38,,,,3.98,1.93,6.0,,,,,,,,,,,,,,,,,,,,,,,,,,,,,
2020-08-03,46.5,43.24,49.48,,,,17.12,14.72,19.41,,,,3.97,1.93,5.98,,,,,,,,,,,,,,,,,,,,,,,,,,,,,
2020-08-04,46.47,43.23,49.45,,,,17.14,14.75,19.44,,,,3.97,1.92,5.96,,,,,,,,,,,,,,,,,,,,,,,,,,,,,
2020-08-05,46.44,43.22,49.41,,,,17.16,14.77,19.48,,,,3.96,1.91,5.94,,,,,,,,,,,,,,,,,,,,,,,,,,,,,
2020-08-06,46.41,43.2,49.35,,,,17.18,14.79,19.51,,,,3.95,1.9,5.92,,,,,,,,,,,,,,,,,,,,,,,,,,,,,
2020-08-07,46.38,43.19,49.29,,,,17.2,14.82,19.54,,,,3.94,1.89,5.9,,,,,,,,,,,,,,,,,,,,,,,,,,,,,
2020-08-08,46.35,43.17,49.25,,,,17.22,14.84,19.57,,,,3.94,1.87,5.87,,,,,,,,,,,,,,,,,,,,,,,,,,,,,
2020-08-09,46.32,43.16,49.19,,,,17.24,14.86,19.6,,,,3.93,1.87,5.85,,,,,,,,,,,,,,,,,,,,,,,,,,,,,
2020-08-10,46.3,43.15,49.13,,,,17.26,14.88,19.62,,,,3.92,1.86,5.83,,,,,,,,,,,,,,,,,,,,,,,,,,,,,
2020-08-11,46.27,43.13,49.08,,,,17.28,14.91,19.66,,,,3.91,1.85,5.82,,,,,,,,,,,,,,,,,,,,,,,,,,,,,
2020-08-12,46.24,43.12,49.03,,,,17.3,14.94,19.69,,,,3.91,1.84,5.8,,,,,,,,,,,,,,,,,,,,,,,,,,,,,
2020-08-13,46.21,43.1,49.03,,,,17.31,14.97,19.7,,,,3.9,1.83,5.78,,,,,,,,,,,,,,,,,,,,,,,,,,,,,
2020-08-14,46.18,43.09,49.03,,,,17.33,14.99,19.7,,,,3.89,1.82,5.79,,,,,,,,,,,,,,,,,,,,,,,,,,,,,
2020-08-15,46.15,43.07,48.98,,,,17.35,15.02,19.7,,,,3.88,1.81,5.79,,,,,,,,,,,,,,,,,,,,,,,,,,,,,
2020-08-16,46.12,43.05,48.94,,,,17.37,15.04,19.7,,,,3.88,1.8,5.79,,,,,,,,,,,,,,,,,,,,,,,,,,,,,
2020-08-17,46.09,43.04,48.9,,,,17.39,15.07,19.71,,,,3.87,1.79,5.79,,,,,,,,,,,,,,,,,,,,,,44.0,18.0,4.0,,,,,
2020-08-18,46.06,43.02,48.86,,,,17.4,15.09,19.71,,,,3.86,1.78,5.79,,,,,,,,,,,,,,,,,,,,,,,,,,,,,
2020-08-19,46.04,43.01,48.82,,,,17.42,15.11,19.71,,,,3.86,1.77,5.79,,,,,,,,,,,,,,,,,,,,,,,,,,,,,
2020-08-20,46.01,43.01,48.8,,,,17.44,15.13,19.71,,,,3.85,1.77,5.79,,,,,,,,,,,,,,,,,,,,,,,,,,,,,
2020-08-21,45.98,42.98,48.76,,,,17.46,15.15,19.71,,,,3.84,1.76,5.79,,,,,,,,,,,,,,,,,,,,,,,,,,,,,
2020-08-22,45.95,42.96,48.74,,,,17.47,15.17,19.72,,,,3.83,1.75,5.79,,,,,,,,,,,,,,,,,,,,,,,,,,,,,
2020-08-23,45.92,42.94,48.72,,,,17.49,15.2,19.75,,,,3.83,1.74,5.79,,,,,,,,,,,,,,,,,,,,,,,,,,,,,
2020-08-24,45.89,42.92,48.69,,,,17.51,15.23,19.76,,,,3.82,1.74,5.78,,,,,,,,,,,,,,,,,,,,,,,,,,,,,
2020-08-25,45.87,42.9,48.67,,,,17.52,15.27,19.78,,,,3.81,1.73,5.79,,,,,,,,,,,,,,,,,,,,,,,,,,,,,
2020-08-26,45.84,42.88,48.65,,,,17.54,15.31,19.8,,,,3.81,1.72,5.79,,,,,,,,,,,,,,,,,,,,,,,,,,,,,
2020-08-27,45.81,42.87,48.62,,,,17.56,15.34,19.82,,,,3.8,1.71,5.79,,,,,,,,,,,,,,,,,,,,,,,,,,,,,
2020-08-28,45.78,42.85,48.59,,,,17.57,15.37,19.84,,,,3.79,1.71,5.8,,,,,,,,,,,,,,,,,,,,,,,,,,,,,
2020-08-29,45.75,42.84,48.55,,,,17.59,15.38,19.87,,,,3.78,1.7,5.8,,,,,,,,,,,,,,,,,,,,,,,,,,,,,
2020-08-30,45.73,42.82,48.51,,,,17.6,15.39,19.89,,,,3.78,1.7,5.81,,,,,,,,,,,,,,,,,,,,,,,,,,,,,
2020-08-31,45.7,42.8,48.47,,,,17.62,15.39,19.91,,,,3.77,1.69,5.81,,,,,,,,,,,,,,,,,,,,,,,,,,,,,
2020-09-01,45.67,42.78,48.43,,,,17.63,15.4,19.93,,,,3.76,1.67,5.82,,,,,,,,,,,,,,,,,,,,,,,,,,,,,
2020-09-02,45.64,42.76,48.41,,,,17.65,15.41,19.95,,,,3.76,1.65,5.81,,,,,,,,,,,,,,,,,,,,,,,,,,,,,
2020-09-03,45.62,42.74,48.38,,,,17.66,15.42,19.97,,,,3.75,1.64,5.81,,,,,,,,,,,,,,,,,,,,,,,,,,,,,
2020-09-04,45.59,42.69,48.35,,,,17.67,15.44,19.97,,,,3.74,1.62,5.82,,,,,,,,,,,,,,,,,,,,,,,,,,,,,
2020-09-05,45.56,42.62,48.32,,,,17.69,15.46,19.97,,,,3.74,1.6,5.82,,,,,,,,,,,,,,,,,,,,,,,,,,,,,
2020-09-06,45.53,42.56,48.29,,,,17.7,15.48,19.97,,,,3.73,1.59,5.81,,,,,,,,,,,,,,,,,,,,,,,,,,,,,
2020-09-07,45.51,42.49,48.27,,,,17.71,15.5,19.97,,,,3.72,1.58,5.79,,,,,,,,,,,,,,,,,,,,,,,,,,,,,
2020-09-08,45.48,42.49,48.24,,,,17.73,15.52,19.98,,,,3.71,1.57,5.76,,,,,,,,,,,,,,,,,,,,,,,,,,,,,
2020-09-09,45.45,42.48,48.21,,,,17.74,15.54,19.98,,,,3.71,1.56,5.74,,,,,,,,,,,,,,,,,,,,,,,,,,,,,
2020-09-10,45.43,42.48,48.18,,,,17.75,15.56,19.98,,,,3.7,1.55,5.73,,,,,,,,,,,,,,,,,,,,,,,,,,,,,
2020-09-11,45.4,42.48,48.16,,,,17.77,15.57,19.98,,,,3.69,1.54,5.71,,,,,,,,,,,,,,,,,,,,,,,,,,,,,
2020-09-12,45.38,42.46,48.13,,,,17.78,15.59,19.98,,,,3.69,1.53,5.72,,,,,,,,,,,,,,,,,,,,,,,,,,,,,
2020-09-13,45.35,42.46,48.1,,,,17.79,15.61,19.97,,,,3.68,1.52,5.72,,,,,,,,,,,,,,,,,,,,,,,,,,,,,
2020-09-14,45.32,42.47,48.07,,,,17.8,15.63,19.97,,,,3.67,1.51,5.72,,,,,,,,,,,,,,,,,,,,,,47.0,18.0,2.0,,,,,
2020-09-15,45.3,42.46,48.04,,,,17.81,15.65,19.96,,,,3.67,1.5,5.72,,,,,,,,,,,,,,,,,,,,,,,,,,,,,
2020-09-16,45.27,42.44,47.99,,,,17.82,15.67,19.98,,,,3.66,1.49,5.72,,,,,,,,,,,,,,,,,,,,,,,,,,,,,
2020-09-17,45.25,42.41,47.95,,,,17.83,15.7,20.01,,,,3.65,1.48,5.71,,,,,,,,,,,,,,,,,,,,,,,,,,,,,
2020-09-18,45.22,42.37,47.9,,,,17.84,15.72,20.03,,,,3.65,1.48,5.72,,,,,,,,,,,,,,,,,,,,,,,,,,,,,
2020-09-19,45.2,42.33,47.85,,,,17.85,15.74,20.06,,,,3.64,1.47,5.72,,,,,,,,,,,,,,,,,,,,,,,,,,,,,
2020-09-20,45.17,42.3,47.83,,,,17.86,15.75,20.09,,,,3.63,1.46,5.71,,,,,,,,,,,,,,,,,,,,,,,,,,,,,
2020-09-21,45.15,42.27,47.81,,,,17.87,15.76,20.11,,,,3.63,1.45,5.71,,,,,,,,,,,,,,,,,,,,,,,,,,,,,
2020-09-22,45.13,42.23,47.8,,,,17.88,15.77,20.13,,,,3.62,1.44,5.71,,,,,,,,,,,,,,,,,,,,,,,,,,,,,
2020-09-23,45.1,42.21,47.78,,,,17.89,15.79,20.15,,,,3.62,1.42,5.71,,,,,,,,,,,,,,,,,,,,,,,,,,,,,
2020-09-24,45.08,42.17,47.77,,,,17.9,15.8,20.14,,,,3.61,1.41,5.71,,,,,,,,,,,,,,,,,,,,,,,,,,,,,
2020-09-25,45.06,42.14,47.76,,,,17.91,15.81,20.12,,,,3.6,1.4,5.71,,,,,,,,,,,,,,,,,,,,,,,,,,,,,
2020-09-26,45.03,42.11,47.72,,,,17.91,15.81,20.11,,,,3.6,1.4,5.71,,,,,,,,,,,,,,,,,,,,,,,,,,,,,
2020-09-27,45.01,42.08,47.69,,,,17.92,15.82,20.1,,,,3.59,1.39,5.7,,,,,,,,,,,,,,,,,,,,,,,,,,,,,
2020-09-28,44.99,42.05,47.65,,,,17.93,15.83,20.12,,,,3.58,1.38,5.69,,,,,,,,,,,,,,,,,,,,,,,,,,,,,
2020-09-29,44.96,42.03,47.62,,,,17.93,15.84,20.14,,,,3.58,1.37,5.68,,,,,,,,,,,,,,,,,,,,,,,,,,,,,
2020-09-30,44.94,42.0,47.58,,,,17.94,15.85,20.14,,,,3.57,1.36,5.66,,,,,,,,,,,,,,,,,,,,,,,,,,,,,
2020-10-01,44.92,41.97,47.55,,,,17.95,15.86,20.16,,,,3.57,1.36,5.65,,,,,,,,,,,,,,,,,,,,,,,,,,,,,
2020-10-02,44.9,41.95,47.51,,,,17.95,15.87,20.17,,,,3.56,1.35,5.64,,,,,,,,,,,,,,,,,,,,,,,,,,,,,
2020-10-03,44.88,41.95,47.49,,,,17.96,15.88,20.15,,,,3.55,1.34,5.63,,,,,,,,,,,,,,,,,,,,,,,,,,,,,
2020-10-04,44.86,41.95,47.48,,,,17.96,15.87,20.13,,,,3.55,1.34,5.61,,,,,,,,,,,,,,,,,,,,,,,,,,,,,
2020-10-05,44.84,41.95,47.45,,,,17.97,15.87,20.13,,,,3.54,1.33,5.61,,,,,,,,,,,,,,,,,,,,,,,,,,,,,
2020-10-06,44.82,41.94,47.42,,,,17.97,15.87,20.15,,,,3.53,1.32,5.6,,,,,,,,,,,,,,,,,,,,,,,,,,,,,
2020-10-07,44.8,41.94,47.4,,,,17.98,15.89,20.16,,,,3.53,1.31,5.59,,,,,,,,,,,,,,,,,,,,,,,,,,,,,
2020-10-08,44.78,41.94,47.38,,,,17.98,15.9,20.17,,,,3.52,1.31,5.57,,,,,,,,,,,,,,,,,,,,,,,,,,,,,
2020-10-09,44.76,41.94,47.37,,,,17.98,15.91,20.18,,,,3.52,1.3,5.56,,,,,,,,,,,,,,,,,,,,,,,,,,,,,
2020-10-10,44.74,41.94,47.35,,,,17.99,15.92,20.19,,,,3.51,1.29,5.55,,,,,,,,,,,,,,,,,,,,,,,,,,,,,
2020-10-11,44.72,41.94,47.34,,,,17.99,15.93,20.2,,,,3.51,1.29,5.53,,,,,,,,,,,,,,,,,,,,,,,,,,,,,
2020-10-12,44.7,41.94,47.32,,,,17.99,15.93,20.21,,,,3.5,1.28,5.52,,,,,,,,,,,,,,,,,,,,,,,,,,,,,
2020-10-13,44.68,41.94,47.31,,,,17.99,15.94,20.22,,,,3.49,1.29,5.51,,,,,,,,,,,,,,,,,,,,,,46.0,18.0,2.0,,,,,
2020-10-14,44.66,41.94,47.29,,,,17.99,15.94,20.22,,,,3.49,1.28,5.5,,,,,,,,,,,,,,,,,,,,,,,,,,,,,
2020-10-15,44.64,41.94,47.28,,,,17.99,15.95,20.23,,,,3.48,1.28,5.48,,,,,,,,,,,,,,,,,,,,,,,,,,,,,
2020-10-16,44.63,41.94,47.26,,,,17.99,15.95,20.23,,,,3.48,1.27,5.47,,,,,,,,,,,,,,,,,,,,,,,,,,,,,
2020-10-17,44.61,41.93,47.25,,,,18.0,15.96,20.23,,,,3.47,1.26,5.47,,,,,,,,,,,,,,,,,,,,,,,,,,,,,
2020-10-18,44.59,41.92,47.21,,,,18.0,15.96,20.22,,,,3.47,1.26,5.47,,,,,,,,,,,,,,,,,,,,,,,,,,,,,
2020-10-19,44.57,41.91,47.14,,,,18.0,15.95,20.22,,,,3.46,1.26,5.48,,,,,,,,,,,,,,,,,,,,,,,,,,,,,
2020-10-20,44.56,41.9,47.09,,,,17.99,15.94,20.21,,,,3.46,1.25,5.48,,,,,,,,,,,,,,,,,,,,,,,,,,,,,
2020-10-21,44.54,41.89,47.08,,,,17.99,15.93,20.2,,,,3.45,1.25,5.48,,,,,,,,,,,,,,,,,,,,,,,,,,,,,
2020-10-22,44.53,41.88,47.07,,,,17.99,15.92,20.19,,,,3.45,1.26,5.49,,,,,,,,,,,,,,,,,,,,,,,,,,,,,
2020-10-23,44.51,41.86,47.05,,,,17.99,15.91,20.19,,,,3.44,1.27,5.49,,,,,,,,,,,,,,,,,,,,,,,,,,,,,
2020-10-24,44.5,41.85,47.01,,,,17.99,15.9,20.18,,,,3.44,1.28,5.5,,,,,,,,,,,,,,,,,,,,,,,,,,,,,
2020-10-25,44.48,41.84,46.97,,,,17.99,15.89,20.16,,,,3.43,1.27,5.5,,,,,,,,,,,,,,,,,,,,,,,,,,,,,
2020-10-26,44.47,41.83,46.94,,,,17.98,15.87,20.15,,,,3.43,1.25,5.5,,,,,,,,,,,,,,,,,,,,,,,,,,,,,
2020-10-27,44.45,41.83,46.92,,,,17.98,15.86,20.14,,,,3.42,1.24,5.51,,,,,,,,,,,,,,,,,,,,,,,,,,,,,
2020-10-28,44.44,41.83,46.89,,,,17.98,15.84,20.13,,,,3.42,1.25,5.51,,,,,,,,,,,,,,,,,,,,,,,,,,,,,
2020-10-29,44.42,41.83,46.88,,,,17.98,15.82,20.12,,,,3.41,1.26,5.52,,,,,,,,,,,,,,,,,,,,,,,,,,,,,
2020-10-30,44.41,41.81,46.86,,,,17.97,15.8,20.1,,,,3.41,1.26,5.52,,,,,,,,,,,,,,,,,,,,,,,,,,,,,
2020-10-31,44.39,41.79,46.84,,,,17.97,15.78,20.08,,,,3.41,1.27,5.53,,,,,,,,,,,,,,,,,,,,,,,,,,,,,
2020-11-01,44.38,41.78,46.83,,,,17.96,15.76,20.05,,,,3.4,1.27,5.53,,,,,,,,,,,,,,,,,,,,,,,,,,,,,
2020-11-02,44.37,41.77,46.82,,,,17.96,15.74,20.03,,,,3.4,1.28,5.54,,,,,,,,,,,,,,,,,,,,,,,,,,,,,
2020-11-03,44.36,41.76,46.81,,,,17.96,15.72,20.01,,,,3.39,1.29,5.54,,,,,,,,,,,,,,,,,,,,,,,,,,,,,
2020-11-04,44.34,41.76,46.81,,,,17.95,15.71,19.99,,,,3.39,1.29,5.55,,,,,,,,,,,,,,,,,,,,,,,,,,,,,
2020-11-05,44.33,41.75,46.8,,,,17.95,15.71,19.96,,,,3.39,1.3,5.54,,,,,,,,,,,,,,,,,,,,,,,,,,,,,
2020-11-06,44.32,41.73,46.79,,,,17.94,15.71,19.94,,,,3.38,1.3,5.55,,,,,,,,,,,,,,,,,,,,,,,,,,,,,
2020-11-07,44.31,41.69,46.79,,,,17.94,15.71,19.93,,,,3.38,1.31,5.55,,,,,,,,,,,,,,,,,,,,,,,,,,,,,
2020-11-08,44.29,41.65,46.78,,,,17.93,15.7,19.93,,,,3.38,1.3,5.56,,,,,,,,,,,,,,,,,,,,,,,,,,,,,
2020-11-09,44.28,41.64,46.77,,,,17.92,15.7,19.92,,,,3.37,1.29,5.53,,,,,,,,,,,,,,,,,,,,,,39.0,19.0,3.0,,,,,
2020-11-10,44.27,41.65,46.76,,,,17.92,15.7,19.9,,,,3.37,1.28,5.51,,,,,,,,,,,,,,,,,,,,,,,,,,,,,
2020-11-11,44.26,41.67,46.76,,,,17.91,15.7,19.88,,,,3.37,1.27,5.48,,,,,,,,,,,,,,,,,,,,,,,,,,,,,
2020-11-12,44.25,41.69,46.75,,,,17.9,15.69,19.86,,,,3.36,1.28,5.46,,,,,,,,,,,,,,,,,,,,,,,,,,,,,
2020-11-13,44.24,41.7,46.74,,,,17.9,15.68,19.84,,,,3.36,1.29,5.43,,,,,,,,,,,,,,,,,,,,,,,,,,,,,
2020-11-14,44.23,41.7,46.73,,,,17.89,15.67,19.83,,,,3.36,1.3,5.41,,,,,,,,,,,,,,,,,,,,,,,,,,,,,
2020-11-15,44.22,41.7,46.73,,,,17.88,15.65,19.82,,,,3.36,1.31,5.38,,,,,,,,,,,,,,,,,,,,,,,,,,,,,
2020-11-16,44.21,41.7,46.72,,,,17.88,15.63,19.82,,,,3.36,1.33,5.36,,,,,,,,,,,,,,,,,,,,,,,,,,,,,
2020-11-17,44.2,41.7,46.71,,,,17.87,15.62,19.82,,,,3.35,1.34,5.34,,,,,,,,,,,,,,,,,,,,,,,,,,,,,
2020-11-18,44.19,41.69,46.71,,,,17.86,15.61,19.83,,,,3.35,1.35,5.33,,,,,,,,,,,,,,,,,,,,,,,,,,,,,
2020-11-19,44.18,41.68,46.7,,,,17.85,15.61,19.83,,,,3.35,1.35,5.36,,,,,,,,,,,,,,,,,,,,,,,,,,,,,
2020-11-20,44.17,41.67,46.69,,,,17.85,15.61,19.83,,,,3.35,1.36,5.39,,,,,,,,,,,,,,,,,,,,,,,,,,,,,
2020-11-21,44.16,41.66,46.69,,,,17.84,15.59,19.84,,,,3.35,1.35,5.37,,,,,,,,,,,,,,,,,,,,,,,,,,,,,
2020-11-22,44.15,41.65,46.68,,,,17.83,15.56,19.84,,,,3.34,1.35,5.36,,,,,,,,,,,,,,,,,,,,,,,,,,,,,
2020-11-23,44.14,41.64,46.68,,,,17.82,15.54,19.84,,,,3.34,1.34,5.35,,,,,,,,,,,,,,,,,,,,,,,,,,,,,
2020-11-24,44.13,41.62,46.67,,,,17.81,15.54,19.84,,,,3.34,1.34,5.33,,,,,,,,,,,,,,,,,,,,,,,,,,,,,
2020-11-25,44.12,41.62,46.67,,,,17.81,15.54,19.84,,,,3.34,1.33,5.32,,,,,,,,,,,,,,,,,,,,,,,,,,,,,
2020-11-26,44.11,41.61,46.66,,,,17.8,15.54,19.83,,,,3.34,1.33,5.31,,,,,,,,,,,,,,,,,,,,,,,,,,,,,
2020-11-27,44.1,41.6,46.65,,,,17.79,15.53,19.82,,,,3.34,1.32,5.32,,,,,,,,,,,,,,,,,,,,,,,,,,,,,
2020-11-28,44.1,41.58,46.65,,,,17.78,15.51,19.83,,,,3.34,1.32,5.34,,,,,,,,,,,,,,,,,,,,,,,,,,,,,
2020-11-29,44.09,41.57,46.65,,,,17.77,15.49,19.84,,,,3.34,1.31,5.35,,,,,,,,,,,,,,,,,,,,,,,,,,,,,
2020-11-30,44.08,41.56,46.64,,,,17.76,15.47,19.84,,,,3.34,1.31,5.36,,,,,,,,,,,,,,,,,,,,,,,,,,,,,
2020-12-01,44.07,41.55,46.64,,,,17.75,15.46,19.85,,,,3.33,1.3,5.37,,,,,,,,,,,,,,,,,,,,,,,,,,,,,
2020-12-02,44.06,41.54,46.63,,,,17.74,15.45,19.85,,,,3.33,1.3,5.39,,,,,,,,,,,,,,,,,,,,,,,,,,,,,
2020-12-03,44.05,41.53,46.61,,,,17.73,15.45,19.85,,,,3.33,1.29,5.4,,,,,,,,,,,,,,,,,,,,,,,,,,,,,
2020-12-04,44.05,41.51,46.59,,,,17.73,15.45,19.85,,,,3.33,1.29,5.41,,,,,,,,,,,,,,,,,,,,,,,,,,,,,
2020-12-05,44.04,41.5,46.57,,,,17.72,15.46,19.85,,,,3.33,1.29,5.43,,,,,,,,,,,,,,,,,,,,,,,,,,,,,
2020-12-06,44.03,41.49,46.57,,,,17.71,15.46,19.85,,,,3.33,1.29,5.43,,,,,,,,,,,,,,,,,,,,,,,,,,,,,
2020-12-07,44.02,41.48,46.58,,,,17.7,15.46,19.85,,,,3.33,1.28,5.45,,,,,,,,,,,,,,,,,,,,,,41.0,19.0,3.0,,,,,
2020-12-08,44.02,41.46,46.57,,,,17.69,15.45,19.85,,,,3.33,1.28,5.46,,,,,,,,,,,,,,,,,,,,,,,,,,,,,
2020-12-09,44.01,41.48,46.55,,,,17.68,15.45,19.85,,,,3.34,1.27,5.47,,,,,,,,,,,,,,,,,,,,,,,,,,,,,
2020-12-10,44.0,41.51,46.52,,,,17.67,15.45,19.84,,,,3.34,1.26,5.49,,,,,,,,,,,,,,,,,,,,,,,,,,,,,
2020-12-11,43.99,41.51,46.49,,,,17.66,15.45,19.84,,,,3.34,1.26,5.49,,,,,,,,,,,,,,,,,,,,,,,,,,,,,
2020-12-12,43.98,41.5,46.48,,,,17.65,15.42,19.84,,,,3.34,1.25,5.48,,,,,,,,,,,,,,,,,,,,,,,,,,,,,
2020-12-13,43.98,41.49,46.46,,,,17.64,15.37,19.84,,,,3.34,1.25,5.48,,,,,,,,,,,,,,,,,,,,,,,,,,,,,
2020-12-14,43.97,41.47,46.45,,,,17.63,15.33,19.82,,,,3.34,1.24,5.47,,,,,,,,,,,,,,,,,,,,,,,,,,,,,
2020-12-15,43.96,41.46,46.45,,,,17.62,15.27,19.83,,,,3.34,1.24,5.47,,,,,,,,,,,,,,,,,,,,,,,,,,,,,
2020-12-16,43.96,41.46,46.45,,,,17.61,15.23,19.83,,,,3.34,1.23,5.46,,,,,,,,,,,,,,,,,,,,,,,,,,,,,
2020-12-17,43.95,41.45,46.45,,,,17.6,15.22,19.83,,,,3.34,1.23,5.46,,,,,,,,,,,,,,,,,,,,,,,,,,,,,
2020-12-18,43.94,41.44,46.44,,,,17.59,15.21,19.83,,,,3.35,1.23,5.45,,,,,,,,,,,,,,,,,,,,,,,,,,,,,
2020-12-19,43.93,41.43,46.44,,,,17.58,15.2,19.83,,,,3.35,1.22,5.45,,,,,,,,,,,,,,,,,,,,,,,,,,,,,
2020-12-20,43.93,41.43,46.43,,,,17.57,15.18,19.83,,,,3.35,1.22,5.45,,,,,,,,,,,,,,,,,,,,,,,,,,,,,
2020-12-21,43.92,41.42,46.42,,,,17.56,15.19,19.83,,,,3.35,1.22,5.46,,,,,,,,,,,,,,,,,,,,,,,,,,,,,
2020-12-22,43.91,41.41,46.4,,,,17.55,15.21,19.82,,,,3.35,1.21,5.48,,,,,,,,,,,,,,,,,,,,,,,,,,,,,
2020-12-23,43.91,41.41,46.39,,,,17.54,15.22,19.83,,,,3.36,1.21,5.49,,,,,,,,,,,,,,,,,,,,,,,,,,,,,
2020-12-24,43.9,41.4,46.37,,,,17.53,15.23,19.83,,,,3.36,1.21,5.5,,,,,,,,,,,,,,,,,,,,,,,,,,,,,
2020-12-25,43.89,41.39,46.34,,,,17.52,15.21,19.83,,,,3.36,1.2,5.51,,,,,,,,,,,,,,,,,,,,,,,,,,,,,
2020-12-26,43.89,41.39,46.29,,,,17.51,15.19,19.83,,,,3.36,1.21,5.5,,,,,,,,,,,,,,,,,,,,,,,,,,,,,
2020-12-27,43.88,41.38,46.29,,,,17.5,15.17,19.82,,,,3.37,1.24,5.49,,,,,,,,,,,,,,,,,,,,,,,,,,,,,
2020-12-28,43.87,41.38,46.29,,,,17.49,15.16,19.82,,,,3.37,1.27,5.48,,,,,,,,,,,,,,,,,,,,,,,,,,,,,
2020-12-29,43.87,41.38,46.28,,,,17.48,15.14,19.82,,,,3.37,1.28,5.48,,,,,,,,,,,,,,,,,,,,,,,,,,,,,
2020-12-30,43.86,41.37,46.28,,,,17.47,15.12,19.82,,,,3.37,1.28,5.47,,,,,,,,,,,,,,,,,,,,,,,,,,,,,
2020-12-31,43.85,41.36,46.28,,,,17.46,15.1,19.83,,,,3.38,1.29,5.48,,,,,,,,,,,,,,,,,,,,,,,,,,,,,
2021-01-01,43.84,41.36,46.27,,,,17.45,15.08,19.84,,,,3.38,1.29,5.5,,,,,,,,,,,,,,,,,,,,,,,,,,,,,
2021-01-02,43.84,41.35,46.26,,,,17.44,15.06,19.85,,,,3.38,1.29,5.51,,,,,,,,,,,,,,,,,,,,,,,,,,,,,
2021-01-03,43.83,41.35,46.25,,,,17.43,15.05,19.86,,,,3.39,1.29,5.53,,,,,,,,,,,,,,,,,,,,,,,,,,,,,
2021-01-04,43.82,41.35,46.24,,,,17.42,15.04,19.87,,,,3.39,1.29,5.54,,,,,,,,,,,,,,,,,,,,,,,,,,,,,
2021-01-05,43.82,41.34,46.22,,,,17.41,15.04,19.88,,,,3.39,1.3,5.54,,,,,,,,,,,,,,,,,,,,,,41.0,20.0,4.0,,,,,
2021-01-06,43.81,41.34,46.21,,,,17.4,15.03,19.88,,,,3.4,1.3,5.54,,,,,,,,,,,,,,,,,,,,,,,,,,,,,
2021-01-07,43.8,41.34,46.2,,,,17.39,15.02,19.89,,,,3.4,1.31,5.54,,,,,,,,,,,,,,,,,,,,,,,,,,,,,
2021-01-08,43.8,41.34,46.19,,,,17.38,15.02,19.9,,,,3.41,1.31,5.54,,,,,,,,,,,,,,,,,,,,,,,,,,,,,
2021-01-09,43.79,41.34,46.18,,,,17.37,15.01,19.91,,,,3.41,1.31,5.54,,,,,,,,,,,,,,,,,,,,,,,,,,,,,
2021-01-10,43.78,41.34,46.17,,,,17.36,15.0,19.92,,,,3.41,1.31,5.55,,,,,,,,,,,,,,,,,,,,,,,,,,,,,
2021-01-11,43.78,41.34,46.16,,,,17.35,15.0,19.9,,,,3.42,1.31,5.55,,,,,,,,,,,,,,,,,,,,,,,,,,,,,
2021-01-12,43.77,41.34,46.16,,,,17.34,14.99,19.89,,,,3.42,1.31,5.55,,,,,,,,,,,,,,,,,,,,,,,,,,,,,
2021-01-13,43.76,41.34,46.15,,,,17.33,14.98,19.88,,,,3.43,1.3,5.56,,,,,,,,,,,,,,,,,,,,,,,,,,,,,
2021-01-14,43.76,41.32,46.13,,,,17.32,14.98,19.87,,,,3.43,1.31,5.56,,,,,,,,,,,,,,,,,,,,,,,,,,,,,
2021-01-15,43.75,41.3,46.13,,,,17.31,14.97,19.86,,,,3.44,1.31,5.58,,,,,,,,,,,,,,,,,,,,,,,,,,,,,
2021-01-16,43.74,41.31,46.12,,,,17.31,14.97,19.84,,,,3.44,1.31,5.59,,,,,,,,,,,,,,,,,,,,,,,,,,,,,
2021-01-17,43.73,41.32,46.12,,,,17.3,14.96,19.83,,,,3.45,1.31,5.61,,,,,,,,,,,,,,,,,,,,,,,,,,,,,
2021-01-18,43.73,41.32,46.13,,,,17.29,14.96,19.82,,,,3.45,1.31,5.63,,,,,,,,,,,,,,,,,,,,,,,,,,,,,
2021-01-19,43.72,41.31,46.14,,,,17.28,14.95,19.82,,,,3.45,1.31,5.64,,,,,,,,,,,,,,,,,,,,,,,,,,,,,
2021-01-20,43.71,41.31,46.12,,,,17.27,14.95,19.81,,,,3.46,1.31,5.65,,,,,,,,,,,,,,,,,,,,,,,,,,,,,
2021-01-21,43.71,41.31,46.09,,,,17.26,14.94,19.81,,,,3.47,1.31,5.65,,,,,,,,,,,,,,,,,,,,,,,,,,,,,
2021-01-22,43.7,41.3,46.07,,,,17.25,14.93,19.82,,,,3.47,1.31,5.65,,,,,,,,,,,,,,,,,,,,,,,,,,,,,
2021-01-23,43.69,41.3,46.06,,,,17.24,14.91,19.81,,,,3.48,1.31,5.65,,,,,,,,,,,,,,,,,,,,,,,,,,,,,
2021-01-24,43.68,41.32,46.05,,,,17.23,14.9,19.81,,,,3.48,1.31,5.65,,,,,,,,,,,,,,,,,,,,,,,,,,,,,
2021-01-25,43.67,41.34,46.04,,,,17.22,14.88,19.81,,,,3.49,1.32,5.66,,,,,,,,,,,,,,,,,,,,,,,,,,,,,
2021-01-26,43.67,41.36,46.04,,,,17.21,14.87,19.81,,,,3.49,1.32,5.66,,,,,,,,,,,,,,,,,,,,,,,,,,,,,
2021-01-27,43.66,41.35,46.04,,,,17.2,14.86,19.81,,,,3.5,1.32,5.67,,,,,,,,,,,,,,,,,,,,,,,,,,,,,
2021-01-28,43.65,41.35,46.04,,,,17.19,14.86,19.81,,,,3.5,1.33,5.67,,,,,,,,,,,,,,,,,,,,,,,,,,,,,
2021-01-29,43.64,41.36,46.03,,,,17.18,14.85,19.81,,,,3.51,1.33,5.67,,,,,,,,,,,,,,,,,,,,,,,,,,,,,
2021-01-30,43.63,41.36,46.01,,,,17.17,14.84,19.81,,,,3.52,1.33,5.68,,,,,,,,,,,,,,,,,,,,,,,,,,,,,
2021-01-31,43.63,41.37,46.0,,,,17.16,14.83,19.79,,,,3.52,1.34,5.68,,,,,,,,,,,,,,,,,,,,,,,,,,,,,
2021-02-01,43.62,41.36,46.0,,,,17.15,14.83,19.78,,,,3.53,1.34,5.68,,,,,,,,,,,,,,,,,,,,,,44.0,18.0,3.0,,,,,
2021-02-02,43.61,41.34,45.98,,,,17.14,14.82,19.77,,,,3.54,1.36,5.69,,,,,,,,,,,,,,,,,,,,,,,,,,,,,
2021-02-03,43.6,41.32,45.97,,,,17.13,14.82,19.76,,,,3.54,1.37,5.69,,,,,,,,,,,,,,,,,,,,,,,,,,,,,
2021-02-04,43.59,41.31,45.97,,,,17.12,14.83,19.76,,,,3.55,1.38,5.7,,,,,,,,,,,,,,,,,,,,,,,,,,,,,
2021-02-05,43.58,41.29,45.96,,,,17.11,14.85,19.75,,,,3.56,1.4,5.7,,,,,,,,,,,,,,,,,,,,,,,,,,,,,
2021-02-06,43.58,41.28,45.95,,,,17.1,14.86,19.75,,,,3.56,1.41,5.71,,,,,,,,,,,,,,,,,,,,,,,,,,,,,
2021-02-07,43.57,41.27,45.95,,,,17.1,14.87,19.75,,,,3.57,1.42,5.71,,,,,,,,,,,,,,,,,,,,,,,,,,,,,
2021-02-08,43.56,41.25,45.94,,,,17.09,14.85,19.75,,,,3.58,1.44,5.72,,,,,,,,,,,,,,,,,,,,,,,,,,,,,
2021-02-09,43.55,41.24,45.93,,,,17.08,14.82,19.74,,,,3.58,1.45,5.72,,,,,,,,,,,,,,,,,,,,,,,,,,,,,
2021-02-10,43.54,41.22,45.93,,,,17.07,14.8,19.72,,,,3.59,1.47,5.72,,,,,,,,,,,,,,,,,,,,,,,,,,,,,
2021-02-11,43.53,41.21,45.92,,,,17.06,14.77,19.71,,,,3.6,1.48,5.73,,,,,,,,,,,,,,,,,,,,,,,,,,,,,
2021-02-12,43.52,41.19,45.91,,,,17.05,14.75,19.7,,,,3.6,1.49,5.73,,,,,,,,,,,,,,,,,,,,,,,,,,,,,
2021-02-13,43.51,41.18,45.91,,,,17.04,14.73,19.68,,,,3.61,1.51,5.74,,,,,,,,,,,,,,,,,,,,,,,,,,,,,
2021-02-14,43.51,41.17,45.91,,,,17.03,14.73,19.67,,,,3.62,1.52,5.75,,,,,,,,,,,,,,,,,,,,,,,,,,,,,
2021-02-15,43.5,41.15,45.91,,,,17.02,14.73,19.66,,,,3.63,1.52,5.77,,,,,,,,,,,,,,,,,,,,,,,,,,,,,
2021-02-16,43.49,41.14,45.91,,,,17.01,14.72,19.65,,,,3.63,1.53,5.79,,,,,,,,,,,,,,,,,,,,,,,,,,,,,
2021-02-17,43.48,41.13,45.9,,,,17.0,14.72,19.63,,,,3.64,1.55,5.8,,,,,,,,,,,,,,,,,,,,,,,,,,,,,
2021-02-18,43.47,41.13,45.89,,,,16.99,14.71,19.62,,,,3.65,1.57,5.79,,,,,,,,,,,,,,,,,,,,,,,,,,,,,
2021-02-19,43.46,41.12,45.87,,,,16.98,14.71,19.61,,,,3.66,1.58,5.79,,,,,,,,,,,,,,,,,,,,,,,,,,,,,
2021-02-20,43.45,41.12,45.86,,,,16.97,14.71,19.61,,,,3.66,1.6,5.79,,,,,,,,,,,,,,,,,,,,,,,,,,,,,
2021-02-21,43.44,41.11,45.85,,,,16.96,14.71,19.59,,,,3.67,1.62,5.81,,,,,,,,,,,,,,,,,,,,,,,,,,,,,
2021-02-22,43.43,41.11,45.85,,,,16.95,14.71,19.58,,,,3.68,1.64,5.82,,,,,,,,,,,,,,,,,,,,,,,,,,,,,
2021-02-23,43.43,41.1,45.85,,,,16.95,14.7,19.57,,,,3.69,1.65,5.82,,,,,,,,,,,,,,,,,,,,,,,,,,,,,
2021-02-24,43.42,41.1,45.84,,,,16.94,14.7,19.56,,,,3.7,1.67,5.83,,,,,,,,,,,,,,,,,,,,,,,,,,,,,
2021-02-25,43.41,41.09,45.83,,,,16.93,14.7,19.54,,,,3.7,1.68,5.84,,,,,,,,,,,,,,,,,,,,,,,,,,,,,
2021-02-26,43.4,41.08,45.83,,,,16.92,14.67,19.53,,,,3.71,1.69,5.85,,,,,,,,,,,,,,,,,,,,,,,,,,,,,
2021-02-27,43.39,41.07,45.82,,,,16.91,14.65,19.52,,,,3.72,1.71,5.86,,,,,,,,,,,,,,,,,,,,,,,,,,,,,
2021-02-28,43.38,41.05,45.82,,,,16.9,14.62,19.51,,,,3.73,1.72,5.87,,,,,,,,,,,,,,,,,,,,,,,,,,,,,
2021-03-01,43.37,41.05,45.81,,,,16.89,14.59,19.49,,,,3.74,1.73,5.88,,,,,,,,,,,,,,,,,,,,,,44.0,15.0,4.0,,,,,
2021-03-02,43.36,41.05,45.78,,,,16.88,14.56,19.48,,,,3.74,1.74,5.89,,,,,,,,,,,,,,,,,,,,,,,,,,,,,
2021-03-03,43.35,41.05,45.75,,,,16.87,14.53,19.47,,,,3.75,1.75,5.9,,,,,,,,,,,,,,,,,,,,,,,,,,,,,
2021-03-04,43.35,41.05,45.74,,,,16.86,14.5,19.46,,,,3.76,1.75,5.92,,,,,,,,,,,,,,,,,,,,,,,,,,,,,
2021-03-05,43.34,41.05,45.73,,,,16.85,14.47,19.44,,,,3.77,1.76,5.92,,,,,,,,,,,,,,,,,,,,,,,,,,,,,
2021-03-06,43.33,41.05,45.73,,,,16.84,14.46,19.43,,,,3.78,1.78,5.92,,,,,,,,,,,,,,,,,,,,,,,,,,,,,
2021-03-07,43.32,41.02,45.73,,,,16.84,14.44,19.42,,,,3.78,1.81,5.93,,,,,,,,,,,,,,,,,,,,,,,,,,,,,
2021-03-08,43.31,40.99,45.73,,,,16.83,14.45,19.4,,,,3.79,1.83,5.94,,,,,,,,,,,,,,,,,,,,,,,,,,,,,
2021-03-09,43.3,40.96,45.73,,,,16.82,14.47,19.39,,,,3.8,1.85,5.95,,,,,,,,,,,,,,,,,,,,,,,,,,,,,
2021-03-10,43.29,40.96,45.72,,,,16.81,14.48,19.38,,,,3.81,1.86,5.97,,,,,,,,,,,,,,,,,,,,,,,,,,,,,
2021-03-11,43.29,40.96,45.72,,,,16.8,14.49,19.37,,,,3.82,1.88,5.98,,,,,,,,,,,,,,,,,,,,,,,,,,,,,
2021-03-12,43.28,40.95,45.72,,,,16.79,14.5,19.35,,,,3.83,1.89,5.99,,,,,,,,,,,,,,,,,,,,,,,,,,,,,
2021-03-13,43.27,40.94,45.72,,,,16.78,14.51,19.34,,,,3.83,1.9,6.0,,,,,,,,,,,,,,,,,,,,,,,,,,,,,
2021-03-14,43.26,40.93,45.7,,,,16.77,14.52,19.33,,,,3.84,1.92,6.01,,,,,,,,,,,,,,,,,,,,,,,,,,,,,
2021-03-15,43.25,40.93,45.67,,,,16.76,14.54,19.31,,,,3.85,1.93,6.02,,,,,,,,,,,,,,,,,,,,,,,,,,,,,
2021-03-16,43.24,40.93,45.67,,,,16.75,14.55,19.3,,,,3.86,1.94,6.03,,,,,,,,,,,,,,,,,,,,,,,,,,,,,
2021-03-17,43.23,40.92,45.67,,,,16.75,14.57,19.29,,,,3.87,1.95,6.04,,,,,,,,,,,,,,,,,,,,,,,,,,,,,
2021-03-18,43.22,40.92,45.66,,,,16.74,14.58,19.27,,,,3.88,1.97,6.05,,,,,,,,,,,,,,,,,,,,,,,,,,,,,
2021-03-19,43.22,40.92,45.66,,,,16.73,14.6,19.26,,,,3.88,1.98,6.06,,,,,,,,,,,,,,,,,,,,,,,,,,,,,
2021-03-20,43.21,40.91,45.66,,,,16.72,14.57,19.24,,,,3.89,1.99,6.07,,,,,,,,,,,,,,,,,,,,,,,,,,,,,
2021-03-21,43.2,40.91,45.65,,,,16.71,14.55,19.23,,,,3.9,2.01,6.08,,,,,,,,,,,,,,,,,,,,,,,,,,,,,
2021-03-22,43.19,40.91,45.65,,,,16.7,14.53,19.22,,,,3.91,2.02,6.09,,,,,,,,,,,,,,,,,,,,,,,,,,,,,
2021-03-23,43.18,40.89,45.64,,,,16.69,14.51,19.2,,,,3.92,2.03,6.1,,,,,,,,,,,,,,,,,,,,,,,,,,,,,
2021-03-24,43.17,40.86,45.64,,,,16.68,14.48,19.18,,,,3.93,2.05,6.11,,,,,,,,,,,,,,,,,,,,,,,,,,,,,
2021-03-25,43.16,40.85,45.63,,,,16.68,14.46,19.18,,,,3.93,2.06,6.12,,,,,,,,,,,,,,,,,,,,,,,,,,,,,
2021-03-26,43.15,40.85,45.62,,,,16.67,14.44,19.15,,,,3.94,2.07,6.13,,,,,,,,,,,,,,,,,,,,,,,,,,,,,
2021-03-27,43.14,40.85,45.62,,,,16.66,14.43,19.14,,,,3.95,2.09,6.14,,,,,,,,,,,,,,,,,,,,,,,,,,,,,
2021-03-28,43.14,40.85,45.61,,,,16.65,14.4,19.12,,,,3.96,2.11,6.15,,,,,,,,,,,,,,,,,,,,,,,,,,,,,
2021-03-29,43.13,40.84,45.6,,,,16.64,14.38,19.11,,,,3.97,2.13,6.16,,,,,,,,,,,,,,,,,,,,,,47.0,17.0,3.0,,,,,
2021-03-30,43.12,40.84,45.59,,,,16.63,14.36,19.09,,,,3.98,2.15,6.16,,,,,,,,,,,,,,,,,,,,,,,,,,,,,
2021-03-31,43.11,40.84,45.58,,,,16.63,14.34,19.08,,,,3.98,2.17,6.15,,,,,,,,,,,,,,,,,,,,,,,,,,,,,
2021-04-01,43.1,40.85,45.57,,,,16.62,14.34,19.06,,,,3.99,2.18,6.16,,,,,,,,,,,,,,,,,,,,,,,,,,,,,
2021-04-02,43.09,40.85,45.56,,,,16.61,14.34,19.05,,,,4.0,2.2,6.17,,,,,,,,,,,,,,,,,,,,,,,,,,,,,
2021-04-03,43.08,40.81,45.55,,,,16.6,14.34,19.03,,,,4.01,2.21,6.17,,,,,,,,,,,,,,,,,,,,,,,,,,,,,
2021-04-04,43.07,40.77,45.54,,,,16.59,14.34,19.02,,,,4.02,2.23,6.18,,,,,,,,,,,,,,,,,,,,,,,,,,,,,
2021-04-05,43.06,40.73,45.53,,,,16.58,14.34,19.0,,,,4.02,2.25,6.19,,,,,,,,,,,,,,,,,,,,,,,,,,,,,
2021-04-06,43.06,40.69,45.52,,,,16.58,14.35,18.99,,,,4.03,2.27,6.19,,,,,,,,,,,,,,,,,,,,,,,,,,,,,
2021-04-07,43.05,40.69,45.51,,,,16.57,14.35,18.97,,,,4.04,2.3,6.18,,,,,,,,,,,,,,,,,,,,,,,,,,,,,
2021-04-08,43.04,40.69,45.49,,,,16.56,14.35,18.96,,,,4.05,2.29,6.18,,,,,,,,,,,,,,,,,,,,,,,,,,,,,
2021-04-09,43.03,40.7,45.48,,,,16.55,14.35,18.94,,,,4.06,2.3,6.17,,,,,,,,,,,,,,,,,,,,,,,,,,,,,
2021-04-10,43.02,40.7,45.47,,,,16.55,14.35,18.93,,,,4.06,2.31,6.17,,,,,,,,,,,,,,,,,,,,,,,,,,,,,
2021-04-11,43.01,40.7,45.45,,,,16.54,14.36,18.91,,,,4.07,2.32,6.17,,,,,,,,,,,,,,,,,,,,,,,,,,,,,
2021-04-12,43.0,40.64,45.44,,,,16.53,14.37,18.92,,,,4.08,2.34,6.18,,,,,,,,,,,,,,,,,,,,,,,,,,,,,
2021-04-13,42.99,40.62,45.42,,,,16.52,14.37,18.92,,,,4.09,2.35,6.2,,,,,,,,,,,,,,,,,,,,,,,,,,,,,
2021-04-14,42.99,40.62,45.41,,,,16.52,14.38,18.91,,,,4.09,2.36,6.2,,,,,,,,,,,,,,,,,,,,,,,,,,,,,
2021-04-15,42.98,40.61,45.39,,,,16.51,14.39,18.88,,,,4.1,2.38,6.2,,,,,,,,,,,,,,,,,,,,,,,,,,,,,
2021-04-16,42.97,40.61,45.37,,,,16.5,14.4,18.87,,,,4.11,2.39,6.2,,,,,,,,,,,,,,,,,,,,,,,,,,,,,
2021-04-17,42.96,40.61,45.35,,,,16.49,14.4,18.86,,,,4.12,2.41,6.2,,,,,,,,,,,,,,,,,,,,,,,,,,,,,
2021-04-18,42.95,40.61,45.34,,,,16.49,14.41,18.84,,,,4.12,2.42,6.2,,,,,,,,,,,,,,,,,,,,,,,,,,,,,
2021-04-19,42.94,40.61,45.32,,,,16.48,14.42,18.82,,,,4.13,2.43,6.22,,,,,,,,,,,,,,,,,,,,,,,,,,,,,
2021-04-20,42.93,40.61,45.3,,,,16.47,14.43,18.81,,,,4.14,2.44,6.23,,,,,,,,,,,,,,,,,,,,,,,,,,,,,
2021-04-21,42.92,40.61,45.28,,,,16.46,14.44,18.81,,,,4.15,2.46,6.25,,,,,,,,,,,,,,,,,,,,,,,,,,,,,
2021-04-22,42.91,40.61,45.26,,,,16.46,14.44,18.81,,,,4.15,2.47,6.25,,,,,,,,,,,,,,,,,,,,,,,,,,,,,
2021-04-23,42.91,40.61,45.24,,,,16.45,14.45,18.81,,,,4.16,2.48,6.24,,,,,,,,,,,,,,,,,,,,,,,,,,,,,
2021-04-24,42.9,40.62,45.22,,,,16.44,14.46,18.81,,,,4.17,2.49,6.23,,,,,,,,,,,,,,,,,,,,,,,,,,,,,
2021-04-25,42.89,40.61,45.19,,,,16.44,14.47,18.8,,,,4.18,2.51,6.22,,,,,,,,,,,,,,,,,,,,,,,,,,,,,
2021-04-26,42.88,40.57,45.17,,,,16.43,14.48,18.78,,,,4.18,2.52,6.21,,,,,,,,,,,,,,,,,,,,,,,,,,,,,
2021-04-27,42.87,40.54,45.15,,,,16.42,14.46,18.75,,,,4.19,2.53,6.2,,,,,,,,,,,,,,,,,,,,,,,,,,,,,
2021-04-28,42.86,40.51,45.14,,,,16.42,14.42,18.73,,,,4.2,2.54,6.21,,,,,,,,,,,,,,,,,,,,,,44.0,14.0,4.0,,,,,
2021-04-29,42.85,40.49,45.13,,,,16.41,14.42,18.71,,,,4.2,2.54,6.24,,,,,,,,,,,,,,,,,,,,,,,,,,,,,
2021-04-30,42.84,40.49,45.12,,,,16.4,14.42,18.7,,,,4.21,2.54,6.27,,,,,,,,,,,,,,,,,,,,,,,,,,,,,
2021-05-01,42.83,40.48,45.11,,,,16.4,14.42,18.68,,,,4.22,2.54,6.29,,,,,,,,,,,,,,,,,,,,,,,,,,,,,
2021-05-02,42.82,40.47,45.1,,,,16.39,14.42,18.66,,,,4.22,2.55,6.29,,,,,,,,,,,,,,,,,,,,,,,,,,,,,
2021-05-03,42.82,40.46,45.11,,,,16.38,14.43,18.64,,,,4.23,2.56,6.29,,,,,,,,,,,,,,,,,,,,,,,,,,,,,
2021-05-04,42.81,40.44,45.12,,,,16.38,14.42,18.63,,,,4.24,2.56,6.29,,,,,,,,,,,,,,,,,,,,,,,,,,,,,
2021-05-05,42.8,40.42,45.12,,,,16.37,14.41,18.63,,,,4.24,2.56,6.29,,,,,,,,,,,,,,,,,,,,,,,,,,,,,
2021-05-06,42.79,40.4,45.11,,,,16.36,14.39,18.62,,,,4.25,2.57,6.29,,,,,,,,,,,,,,,,,,,,,,,,,,,,,
2021-05-07,42.78,40.38,45.1,,,,16.36,14.37,18.61,,,,4.25,2.57,6.29,,,,,,,,,,,,,,,,,,,,,,,,,,,,,
2021-05-08,42.77,40.36,45.08,,,,16.35,14.35,18.61,,,,4.26,2.57,6.29,,,,,,,,,,,,,,,,,,,,,,,,,,,,,
2021-05-09,42.76,40.34,45.07,,,,16.35,14.35,18.6,,,,4.27,2.58,6.29,,,,,,,,,,,,,,,,,,,,,,,,,,,,,
2021-05-10,42.75,40.32,45.07,,,,16.34,14.36,18.6,,,,4.27,2.58,6.29,,,,,,,,,,,,,,,,,,,,,,,,,,,,,
2021-05-11,42.74,40.3,45.07,,,,16.33,14.37,18.61,,,,4.28,2.59,6.29,,,,,,,,,,,,,,,,,,,,,,,,,,,,,
2021-05-12,42.73,40.28,45.07,,,,16.33,14.38,18.62,,,,4.29,2.59,6.29,,,,,,,,,,,,,,,,,,,,,,,,,,,,,
2021-05-13,42.72,40.27,45.07,,,,16.32,14.38,18.62,,,,4.29,2.59,6.29,,,,,,,,,,,,,,,,,,,,,,,,,,,,,
2021-05-14,42.71,40.25,45.07,,,,16.32,14.39,18.64,,,,4.3,2.6,6.29,,,,,,,,,,,,,,,,,,,,,,,,,,,,,
2021-05-15,42.7,40.23,45.07,,,,16.31,14.4,18.65,,,,4.3,2.6,6.29,,,,,,,,,,,,,,,,,,,,,,,,,,,,,
2021-05-16,42.69,40.21,45.07,,,,16.31,14.41,18.61,,,,4.31,2.59,6.29,,,,,,,,,,,,,,,,,,,,,,,,,,,,,
2021-05-17,42.68,40.19,45.07,,,,16.3,14.42,18.58,,,,4.31,2.6,6.29,,,,,,,,,,,,,,,,,,,,,,,,,,,,,
2021-05-18,42.67,40.19,45.06,,,,16.3,14.43,18.56,,,,4.32,2.6,6.3,,,,,,,,,,,,,,,,,,,,,,,,,,,,,
2021-05-19,42.66,40.19,45.06,,,,16.29,14.44,18.55,,,,4.33,2.61,6.33,,,,,,,,,,,,,,,,,,,,,,,,,,,,,
2021-05-20,42.65,40.19,45.05,,,,16.29,14.45,18.55,,,,4.33,2.61,6.36,,,,,,,,,,,,,,,,,,,,,,,,,,,,,
2021-05-21,42.64,40.2,45.03,,,,16.28,14.46,18.54,,,,4.34,2.61,6.39,,,,,,,,,,,,,,,,,,,,,,,,,,,,,
2021-05-22,42.63,40.2,45.01,,,,16.28,14.46,18.54,,,,4.34,2.62,6.42,,,,,,,,,,,,,,,,,,,,,,,,,,,,,
2021-05-23,42.62,40.19,45.0,,,,16.27,14.46,18.54,,,,4.35,2.62,6.44,,,,,,,,,,,,,,,,,,,,,,,,,,,,,
2021-05-24,42.61,40.2,44.98,,,,16.27,14.47,18.54,,,,4.35,2.62,6.45,,,,,,,,,,,,,,,,,,,,,,46.0,13.0,5.0,,,,,
2021-05-25,42.59,40.2,44.98,,,,16.26,14.47,18.53,,,,4.36,2.63,6.46,,,,,,,,,,,,,,,,,,,,,,,,,,,,,
2021-05-26,42.58,40.2,44.97,,,,16.26,14.46,18.53,,,,4.36,2.62,6.47,,,,,,,,,,,,,,,,,,,,,,,,,,,,,
2021-05-27,42.57,40.21,44.95,,,,16.26,14.44,18.54,,,,4.37,2.61,6.47,,,,,,,,,,,,,,,,,,,,,,,,,,,,,
2021-05-28,42.56,40.21,44.94,,,,16.25,14.42,18.55,,,,4.38,2.61,6.47,,,,,,,,,,,,,,,,,,,,,,,,,,,,,
2021-05-29,42.55,40.19,44.95,,,,16.25,14.44,18.56,,,,4.38,2.61,6.47,,,,,,,,,,,,,,,,,,,,,,,,,,,,,
2021-05-30,42.54,40.18,44.94,,,,16.24,14.47,18.58,,,,4.39,2.6,6.46,,,,,,,,,,,,,,,,,,,,,,,,,,,,,
2021-05-31,42.52,40.16,44.93,,,,16.24,14.48,18.56,,,,4.39,2.59,6.46,,,,,,,,,,,,,,,,,,,,,,,,,,,,,
2021-06-01,42.51,40.15,44.93,,,,16.24,14.49,18.54,,,,4.4,2.58,6.46,,,,,,,,,,,,,,,,,,,,,,,,,,,,,
2021-06-02,42.5,40.13,44.92,,,,16.23,14.49,18.52,,,,4.4,2.57,6.46,,,,,,,,,,,,,,,,,,,,,,,,,,,,,
2021-06-03,42.49,40.1,44.91,,,,16.23,14.5,18.53,,,,4.41,2.56,6.47,,,,,,,,,,,,,,,,,,,,,,,,,,,,,
2021-06-04,42.47,40.07,44.9,,,,16.23,14.5,18.52,,,,4.41,2.57,6.48,,,,,,,,,,,,,,,,,,,,,,,,,,,,,
2021-06-05,42.46,40.04,44.89,,,,16.22,14.49,18.52,,,,4.42,2.58,6.47,,,,,,,,,,,,,,,,,,,,,,,,,,,,,
2021-06-06,42.45,40.01,44.88,,,,16.22,14.48,18.45,,,,4.42,2.58,6.47,,,,,,,,,,,,,,,,,,,,,,,,,,,,,
2021-06-07,42.44,39.98,44.87,,,,16.22,14.46,18.43,,,,4.43,2.59,6.47,,,,,,,,,,,,,,,,,,,,,,,,,,,,,
2021-06-08,42.42,39.95,44.86,,,,16.22,14.45,18.42,,,,4.43,2.6,6.47,,,,,,,,,,,,,,,,,,,,,,,,,,,,,
2021-06-09,42.41,39.93,44.85,,,,16.22,14.43,18.41,,,,4.44,2.61,6.47,,,,,,,,,,,,,,,,,,,,,,,,,,,,,
2021-06-10,42.4,39.9,44.85,,,,16.21,14.41,18.4,,,,4.44,2.62,6.47,,,,,,,,,,,,,,,,,,,,,,,,,,,,,
2021-06-11,42.38,39.87,44.83,,,,16.21,14.4,18.41,,,,4.45,2.63,6.47,,,,,,,,,,,,,,,,,,,,,,,,,,,,,
2021-06-12,42.37,39.84,44.81,,,,16.21,14.38,18.42,,,,4.45,2.64,6.47,,,,,,,,,,,,,,,,,,,,,,,,,,,,,
2021-06-13,42.35,39.83,44.8,,,,16.21,14.37,18.43,,,,4.46,2.65,6.47,,,,,,,,,,,,,,,,,,,,,,,,,,,,,
2021-06-14,42.34,39.82,44.8,,,,16.21,14.36,18.44,,,,4.46,2.65,6.47,,,,,,,,,,,,,,,,,,,,,,,,,,,,,
2021-06-15,42.32,39.81,44.78,,,,16.21,14.34,18.45,,,,4.47,2.66,6.47,,,,,,,,,,,,,,,,,,,,,,,,,,,,,
2021-06-16,42.31,39.81,44.77,,,,16.2,14.33,18.46,,,,4.47,2.67,6.49,,,,,,,,,,,,,,,,,,,,,,,,,,,,,
2021-06-17,42.29,39.79,44.75,,,,16.2,14.31,18.46,,,,4.48,2.68,6.5,,,,,,,,,,,,,,,,,,,,,,,,,,,,,
2021-06-18,42.28,39.78,44.73,,,,16.2,14.3,18.48,,,,4.48,2.69,6.51,,,,,,,,,,,,,,,,,,,,,,,,,,,,,
2021-06-19,42.26,39.78,44.71,,,,16.2,14.29,18.49,,,,4.49,2.7,6.53,,,,,,,,,,,,,,,,,,,,,,,,,,,,,
2021-06-20,42.25,39.77,44.7,,,,16.2,14.28,18.5,,,,4.49,2.71,6.54,,,,,,,,,,,,,,,,,,,,,,,,,,,,,
2021-06-21,42.23,39.76,44.68,,,,16.2,14.27,18.51,,,,4.5,2.71,6.55,,,,,,,,,,,,,,,,,,,,,,44.0,17.0,5.0,,,,,
2021-06-22,42.22,39.75,44.66,,,,16.2,14.26,18.49,,,,4.5,2.72,6.57,,,,,,,,,,,,,,,,,,,,,,,,,,,,,
2021-06-23,42.2,39.75,44.64,,,,16.2,14.25,18.48,,,,4.51,2.72,6.58,,,,,,,,,,,,,,,,,,,,,,,,,,,,,
2021-06-24,42.18,39.74,44.62,,,,16.2,14.24,18.47,,,,4.51,2.72,6.59,,,,,,,,,,,,,,,,,,,,,,,,,,,,,
2021-06-25,42.17,39.71,44.59,,,,16.21,14.23,18.45,,,,4.52,2.72,6.6,,,,,,,,,,,,,,,,,,,,,,,,,,,,,
2021-06-26,42.15,39.68,44.57,,,,16.21,14.22,18.45,,,,4.52,2.73,6.61,,,,,,,,,,,,,,,,,,,,,,,,,,,,,
2021-06-27,42.13,39.66,44.55,,,,16.21,14.21,18.45,,,,4.53,2.74,6.62,,,,,,,,,,,,,,,,,,,,,,,,,,,,,
2021-06-28,42.11,39.63,44.52,,,,16.21,14.22,18.47,,,,4.53,2.73,6.63,,,,,,,,,,,,,,,,,,,,,,,,,,,,,
2021-06-29,42.1,39.6,44.5,,,,16.21,14.23,18.49,,,,4.54,2.74,6.65,,,,,,,,,,,,,,,,,,,,,,,,,,,,,
2021-06-30,42.08,39.57,44.47,,,,16.21,14.24,18.5,,,,4.54,2.74,6.65,,,,,,,,,,,,,,,,,,,,,,,,,,,,,
2021-07-01,42.06,39.55,44.44,,,,16.22,14.25,18.52,,,,4.55,2.74,6.64,,,,,,,,,,,,,,,,,,,,,,,,,,,,,
2021-07-02,42.04,39.52,44.42,,,,16.22,14.27,18.53,,,,4.55,2.75,6.63,,,,,,,,,,,,,,,,,,,,,,,,,,,,,
2021-07-03,42.02,39.49,44.39,,,,16.22,14.28,18.54,,,,4.56,2.75,6.62,,,,,,,,,,,,,,,,,,,,,,,,,,,,,
2021-07-04,42.0,39.47,44.36,,,,16.22,14.28,18.56,,,,4.56,2.75,6.62,,,,,,,,,,,,,,,,,,,,,,,,,,,,,
2021-07-05,41.98,39.45,44.33,,,,16.23,14.29,18.58,,,,4.56,2.76,6.63,,,,,,,,,,,,,,,,,,,,,,,,,,,,,
2021-07-06,41.97,39.42,44.3,,,,16.23,14.3,18.57,,,,4.57,2.76,6.64,,,,,,,,,,,,,,,,,,,,,,,,,,,,,
2021-07-07,41.95,39.39,44.27,,,,16.23,14.31,18.56,,,,4.57,2.77,6.65,,,,,,,,,,,,,,,,,,,,,,,,,,,,,
2021-07-08,41.93,39.37,44.25,,,,16.24,14.32,18.55,,,,4.58,2.77,6.66,,,,,,,,,,,,,,,,,,,,,,,,,,,,,
2021-07-09,41.91,39.34,44.25,,,,16.24,14.33,18.55,,,,4.58,2.78,6.67,,,,,,,,,,,,,,,,,,,,,,,,,,,,,
2021-07-10,41.89,39.32,44.22,,,,16.24,14.34,18.54,,,,4.59,2.78,6.68,,,,,,,,,,,,,,,,,,,,,,,,,,,,,
2021-07-11,41.87,39.29,44.18,,,,16.25,14.35,18.53,,,,4.59,2.78,6.69,,,,,,,,,,,,,,,,,,,,,,,,,,,,,
2021-07-12,41.85,39.26,44.17,,,,16.25,14.34,18.52,,,,4.6,2.79,6.7,,,,,,,,,,,,,,,,,,,,,,,,,,,,,
2021-07-13,41.82,39.24,44.16,,,,16.26,14.33,18.51,,,,4.6,2.79,6.71,,,,,,,,,,,,,,,,,,,,,,,,,,,,,
2021-07-14,41.8,39.21,44.15,,,,16.26,14.34,18.5,,,,4.61,2.78,6.73,,,,,,,,,,,,,,,,,,,,,,,,,,,,,
2021-07-15,41.78,39.19,44.13,,,,16.27,14.35,18.49,,,,4.61,2.77,6.74,,,,,,,,,,,,,,,,,,,,,,,,,,,,,
2021-07-16,41.76,39.17,44.11,,,,16.27,14.37,18.49,,,,4.62,2.77,6.75,,,,,,,,,,,,,,,,,,,,,,,,,,,,,
2021-07-17,41.74,39.16,44.1,,,,16.28,14.39,18.48,,,,4.62,2.76,6.75,,,,,,,,,,,,,,,,,,,,,,,,,,,,,
2021-07-18,41.72,39.14,44.09,,,,16.28,14.4,18.47,,,,4.63,2.79,6.75,,,,,,,,,,,,,,,,,,,,,,,,,,,,,
2021-07-19,41.7,39.12,44.08,,,,16.29,14.41,18.46,,,,4.63,2.81,6.75,,,,,,,,,,,,,,,,,,,,,,40.0,16.0,5.0,,,,,
2021-07-20,41.67,39.11,44.08,,,,16.29,14.43,18.45,,,,4.64,2.81,6.75,,,,,,,,,,,,,,,,,,,,,,,,,,,,,
2021-07-21,41.65,39.09,44.07,,,,16.3,14.45,18.44,,,,4.64,2.81,6.74,,,,,,,,,,,,,,,,,,,,,,,,,,,,,
2021-07-22,41.63,39.08,44.06,,,,16.31,14.47,18.44,,,,4.65,2.82,6.74,,,,,,,,,,,,,,,,,,,,,,,,,,,,,
2021-07-23,41.61,39.06,44.05,,,,16.31,14.49,18.43,,,,4.65,2.82,6.74,,,,,,,,,,,,,,,,,,,,,,,,,,,,,
2021-07-24,41.58,39.05,44.04,,,,16.32,14.51,18.42,,,,4.66,2.82,6.74,,,,,,,,,,,,,,,,,,,,,,,,,,,,,
2021-07-25,41.56,39.04,44.02,,,,16.33,14.53,18.41,,,,4.66,2.83,6.74,,,,,,,,,,,,,,,,,,,,,,,,,,,,,
2021-07-26,41.54,39.03,44.01,,,,16.34,14.55,18.41,,,,4.67,2.83,6.73,,,,,,,,,,,,,,,,,,,,,,,,,,,,,
2021-07-27,41.51,39.01,44.0,,,,16.34,14.55,18.4,,,,4.67,2.84,6.73,,,,,,,,,,,,,,,,,,,,,,,,,,,,,
2021-07-28,41.49,38.98,43.99,,,,16.35,14.56,18.39,,,,4.68,2.84,6.73,,,,,,,,,,,,,,,,,,,,,,,,,,,,,
2021-07-29,41.46,38.96,43.98,,,,16.36,14.56,18.4,,,,4.68,2.85,6.72,,,,,,,,,,,,,,,,,,,,,,,,,,,,,
2021-07-30,41.44,38.94,43.97,,,,16.37,14.56,18.39,,,,4.69,2.85,6.7,,,,,,,,,,,,,,,,,,,,,,,,,,,,,
2021-07-31,41.42,38.91,43.96,,,,16.38,14.56,18.39,,,,4.69,2.86,6.68,,,,,,,,,,,,,,,,,,,,,,,,,,,,,
2021-08-01,41.39,38.89,43.95,,,,16.39,14.57,18.38,,,,4.7,2.88,6.66,,,,,,,,,,,,,,,,,,,,,,,,,,,,,
2021-08-02,41.37,38.86,43.92,,,,16.39,14.57,18.38,,,,4.7,2.91,6.64,,,,,,,,,,,,,,,,,,,,,,,,,,,,,
2021-08-03,41.34,38.84,43.88,,,,16.4,14.58,18.38,,,,4.71,2.92,6.62,,,,,,,,,,,,,,,,,,,,,,,,,,,,,
2021-08-04,41.32,38.82,43.84,,,,16.41,14.58,18.37,,,,4.71,2.93,6.61,,,,,,,,,,,,,,,,,,,,,,,,,,,,,
2021-08-05,41.29,38.79,43.81,,,,16.42,14.59,18.36,,,,4.72,2.93,6.6,,,,,,,,,,,,,,,,,,,,,,,,,,,,,
2021-08-06,41.27,38.77,43.77,,,,16.43,14.6,18.36,,,,4.72,2.94,6.61,,,,,,,,,,,,,,,,,,,,,,,,,,,,,
2021-08-07,41.24,38.75,43.73,,,,16.44,14.6,18.35,,,,4.73,2.95,6.62,,,,,,,,,,,,,,,,,,,,,,,,,,,,,
2021-08-08,41.21,38.72,43.69,,,,16.45,14.61,18.35,,,,4.73,2.95,6.63,,,,,,,,,,,,,,,,,,,,,,,,,,,,,
2021-08-09,41.19,38.7,43.65,,,,16.46,14.62,18.35,,,,4.74,2.96,6.65,,,,,,,,,,,,,,,,,,,,,,,,,,,,,
2021-08-10,41.16,38.68,43.62,,,,16.47,14.64,18.36,,,,4.74,2.97,6.66,,,,,,,,,,,,,,,,,,,,,,,,,,,,,
2021-08-11,41.14,38.66,43.58,,,,16.48,14.65,18.37,,,,4.75,2.98,6.67,,,,,,,,,,,,,,,,,,,,,,,,,,,,,
2021-08-12,41.11,38.65,43.54,,,,16.49,14.66,18.38,,,,4.75,2.98,6.69,,,,,,,,,,,,,,,,,,,,,,,,,,,,,
2021-08-13,41.08,38.63,43.5,,,,16.5,14.67,18.39,,,,4.76,2.99,6.69,,,,,,,,,,,,,,,,,,,,,,,,,,,,,
2021-08-14,41.06,38.62,43.45,,,,16.52,14.68,18.41,,,,4.76,3.0,6.69,,,,,,,,,,,,,,,,,,,,,,,,,,,,,
2021-08-15,41.03,38.61,43.41,,,,16.53,14.68,18.42,,,,4.77,3.01,6.68,,,,,,,,,,,,,,,,,,,,,,,,,,,,,
2021-08-16,41.0,38.59,43.4,,,,16.54,14.68,18.43,,,,4.78,3.01,6.68,,,,,,,,,,,,,,,,,,,,,,,,,,,,,
2021-08-17,40.98,38.58,43.39,,,,16.55,14.7,18.44,,,,4.78,3.02,6.68,,,,,,,,,,,,,,,,,,,,,,,,,,,,,
2021-08-18,40.95,38.57,43.39,,,,16.56,14.72,18.45,,,,4.79,3.03,6.68,,,,,,,,,,,,,,,,,,,,,,40.0,17.0,5.0,,,,,
2021-08-19,40.92,38.55,43.38,,,,16.57,14.74,18.46,,,,4.79,3.04,6.67,,,,,,,,,,,,,,,,,,,,,,,,,,,,,
2021-08-20,40.9,38.54,43.36,,,,16.59,14.76,18.48,,,,4.8,3.04,6.68,,,,,,,,,,,,,,,,,,,,,,,,,,,,,
2021-08-21,40.87,38.52,43.36,,,,16.6,14.78,18.49,,,,4.8,3.05,6.68,,,,,,,,,,,,,,,,,,,,,,,,,,,,,
2021-08-22,40.84,38.51,43.35,,,,16.61,14.8,18.5,,,,4.81,3.06,6.68,,,,,,,,,,,,,,,,,,,,,,,,,,,,,
2021-08-23,40.81,38.47,43.34,,,,16.62,14.81,18.51,,,,4.81,3.07,6.68,,,,,,,,,,,,,,,,,,,,,,,,,,,,,
2021-08-24,40.78,38.43,43.33,,,,16.64,14.82,18.53,,,,4.82,3.07,6.69,,,,,,,,,,,,,,,,,,,,,,,,,,,,,
2021-08-25,40.76,38.38,43.3,,,,16.65,14.83,18.54,,,,4.82,3.08,6.69,,,,,,,,,,,,,,,,,,,,,,,,,,,,,
2021-08-26,40.73,38.34,43.28,,,,16.66,14.84,18.55,,,,4.83,3.09,6.7,,,,,,,,,,,,,,,,,,,,,,,,,,,,,
2021-08-27,40.7,38.3,43.25,,,,16.67,14.85,18.58,,,,4.83,3.1,6.7,,,,,,,,,,,,,,,,,,,,,,,,,,,,,
2021-08-28,40.67,38.28,43.24,,,,16.69,14.87,18.61,,,,4.84,3.1,6.7,,,,,,,,,,,,,,,,,,,,,,,,,,,,,
2021-08-29,40.64,38.26,43.23,,,,16.7,14.88,18.65,,,,4.84,3.11,6.73,,,,,,,,,,,,,,,,,,,,,,,,,,,,,
2021-08-30,40.62,38.24,43.22,,,,16.71,14.9,18.69,,,,4.85,3.12,6.76,,,,,,,,,,,,,,,,,,,,,,,,,,,,,
2021-08-31,40.59,38.21,43.21,,,,16.73,14.91,18.73,,,,4.85,3.13,6.79,,,,,,,,,,,,,,,,,,,,,,,,,,,,,
2021-09-01,40.56,38.19,43.2,,,,16.74,14.92,18.76,,,,4.86,3.13,6.82,,,,,,,,,,,,,,,,,,,,,,,,,,,,,
2021-09-02,40.53,38.17,43.19,,,,16.75,14.93,18.79,,,,4.87,3.13,6.85,,,,,,,,,,,,,,,,,,,,,,,,,,,,,
2021-09-03,40.5,38.15,43.15,,,,16.77,14.94,18.83,,,,4.87,3.12,6.89,,,,,,,,,,,,,,,,,,,,,,,,,,,,,
2021-09-04,40.47,38.13,43.11,,,,16.78,14.95,18.86,,,,4.88,3.12,6.92,,,,,,,,,,,,,,,,,,,,,,,,,,,,,
2021-09-05,40.45,38.11,43.07,,,,16.8,14.96,18.86,,,,4.88,3.13,6.94,,,,,,,,,,,,,,,,,,,,,,,,,,,,,
2021-09-06,40.42,38.07,43.03,,,,16.81,14.97,18.86,,,,4.89,3.15,6.95,,,,,,,,,,,,,,,,,,,,,,,,,,,,,
2021-09-07,40.39,38.03,43.0,,,,16.82,14.99,18.87,,,,4.89,3.15,6.96,,,,,,,,,,,,,,,,,,,,,,,,,,,,,
2021-09-08,40.36,37.98,43.0,,,,16.84,15.0,18.87,,,,4.9,3.16,6.97,,,,,,,,,,,,,,,,,,,,,,,,,,,,,
2021-09-09,40.33,37.95,43.0,,,,16.85,15.01,18.87,,,,4.9,3.17,6.97,,,,,,,,,,,,,,,,,,,,,,,,,,,,,
2021-09-10,40.3,37.94,42.97,,,,16.87,15.02,18.87,,,,4.91,3.18,6.97,,,,,,,,,,,,,,,,,,,,,,,,,,,,,
2021-09-11,40.27,37.94,42.9,,,,16.88,15.03,18.87,,,,4.91,3.19,6.97,,,,,,,,,,,,,,,,,,,,,,,,,,,,,
2021-09-12,40.24,37.92,42.84,,,,16.9,15.03,18.87,,,,4.92,3.2,6.96,,,,,,,,,,,,,,,,,,,,,,38.0,15.0,6.0,,,,,
2021-09-13,40.21,37.88,42.78,,,,16.91,15.05,18.87,,,,4.92,3.21,6.96,,,,,,,,,,,,,,,,,,,,,,,,,,,,,
2021-09-14,40.19,37.83,42.72,,,,16.93,15.06,18.88,,,,4.93,3.22,6.96,,,,,,,,,,,,,,,,,,,,,,,,,,,,,
2021-09-15,40.16,37.81,42.68,,,,16.94,15.08,18.91,,,,4.93,3.23,6.95,,,,,,,,,,,,,,,,,,,,,,,,,,,,,
2021-09-16,40.13,37.79,42.64,,,,16.96,15.09,18.94,,,,4.94,3.24,6.95,,,,,,,,,,,,,,,,,,,,,,,,,,,,,
2021-09-17,40.1,37.78,42.6,,,,16.97,15.09,18.97,,,,4.94,3.25,6.95,,,,,,,,,,,,,,,,,,,,,,,,,,,,,
2021-09-18,40.07,37.75,42.57,,,,16.98,15.1,18.99,,,,4.95,3.26,6.95,,,,,,,,,,,,,,,,,,,,,,,,,,,,,
2021-09-19,40.04,37.72,42.53,,,,17.0,15.11,19.01,,,,4.95,3.26,6.94,,,,,,,,,,,,,,,,,,,,,,,,,,,,,
2021-09-20,40.01,37.68,42.51,,,,17.01,15.12,19.04,,,,4.96,3.26,6.94,,,,,,,,,,,,,,,,,,,,,,,,,,,,,
2021-09-21,39.98,37.64,42.49,,,,17.03,15.13,19.07,,,,4.96,3.27,6.93,,,,,,,,,,,,,,,,,,,,,,,,,,,,,
2021-09-22,39.95,37.61,42.47,,,,17.04,15.14,19.1,,,,4.97,3.27,6.92,,,,,,,,,,,,,,,,,,,,,,,,,,,,,
2021-09-23,39.92,37.57,42.43,,,,17.06,15.15,19.11,,,,4.97,3.28,6.92,,,,,,,,,,,,,,,,,,,,,,,,,,,,,
2021-09-24,39.89,37.53,42.38,,,,17.07,15.16,19.11,,,,4.98,3.28,6.93,,,,,,,,,,,,,,,,,,,,,,,,,,,,,
2021-09-25,39.86,37.5,42.37,,,,17.09,15.17,19.12,,,,4.98,3.29,6.94,,,,,,,,,,,,,,,,,,,,,,,,,,,,,
2021-09-26,39.83,37.48,42.34,,,,17.1,15.18,19.12,,,,4.99,3.29,6.95,,,,,,,,,,,,,,,,,,,,,,,,,,,,,
2021-09-27,39.8,37.46,42.29,,,,17.12,15.19,19.13,,,,4.99,3.3,6.96,,,,,,,,,,,,,,,,,,,,,,,,,,,,,
2021-09-28,39.77,37.44,42.24,,,,17.13,15.19,19.14,,,,5.0,3.3,6.98,,,,,,,,,,,,,,,,,,,,,,,,,,,,,
2021-09-29,39.74,37.42,42.21,,,,17.15,15.2,19.14,,,,5.0,3.3,6.98,,,,,,,,,,,,,,,,,,,,,,,,,,,,,
2021-09-30,39.71,37.4,42.18,,,,17.17,15.21,19.14,,,,5.01,3.31,6.99,,,,,,,,,,,,,,,,,,,,,,,,,,,,,
2021-10-01,39.68,37.37,42.15,,,,17.18,15.22,19.16,,,,5.01,3.31,7.01,,,,,,,,,,,,,,,,,,,,,,,,,,,,,
2021-10-02,39.65,37.35,42.11,,,,17.2,15.23,19.18,,,,5.01,3.31,7.02,,,,,,,,,,,,,,,,,,,,,,,,,,,,,
2021-10-03,39.63,37.33,42.08,,,,17.21,15.24,19.2,,,,5.02,3.32,7.03,,,,,,,,,,,,,,,,,,,,,,,,,,,,,
2021-10-04,39.6,37.31,42.04,,,,17.23,15.25,19.22,,,,5.02,3.33,7.05,,,,,,,,,,,,,,,,,,,,,,,,,,,,,
2021-10-05,39.57,37.29,42.01,,,,17.24,15.26,19.24,,,,5.03,3.33,7.06,,,,,,,,,,,,,,,,,,,,,,,,,,,,,
2021-10-06,39.54,37.28,41.98,,,,17.26,15.27,19.26,,,,5.03,3.33,7.08,,,,,,,,,,,,,,,,,,,,,,,,,,,,,
2021-10-07,39.51,37.26,41.95,,,,17.27,15.28,19.28,,,,5.04,3.33,7.09,,,,,,,,,,,,,,,,,,,,,,,,,,,,,
2021-10-08,39.48,37.23,41.92,,,,17.29,15.29,19.3,,,,5.04,3.34,7.11,,,,,,,,,,,,,,,,,,,,,,,,,,,,,
2021-10-09,39.44,37.2,41.88,,,,17.3,15.3,19.32,,,,5.05,3.34,7.11,,,,,,,,,,,,,,,,,,,,,,,,,,,,,
2021-10-10,39.41,37.17,41.85,,,,17.32,15.31,19.34,,,,5.05,3.34,7.1,,,,,,,,,,,,,,,,,,,,,,,,,,,,,
2021-10-11,39.38,37.13,41.81,,,,17.34,15.32,19.36,,,,5.05,3.35,7.09,,,,,,,,,,,,,,,,,,,,,,40.0,18.0,4.0,,,,,
2021-10-12,39.35,37.1,41.78,,,,17.35,15.33,19.38,,,,5.06,3.35,7.07,,,,,,,,,,,,,,,,,,,,,,,,,,,,,
2021-10-13,39.32,37.07,41.74,,,,17.37,15.34,19.39,,,,5.06,3.36,7.06,,,,,,,,,,,,,,,,,,,,,,,,,,,,,
2021-10-14,39.29,37.04,41.71,,,,17.38,15.35,19.4,,,,5.07,3.36,7.04,,,,,,,,,,,,,,,,,,,,,,,,,,,,,
2021-10-15,39.26,37.02,41.66,,,,17.4,15.37,19.42,,,,5.07,3.36,7.04,,,,,,,,,,,,,,,,,,,,,,,,,,,,,
2021-10-16,39.23,36.99,41.63,,,,17.41,15.4,19.44,,,,5.07,3.37,7.04,,,,,,,,,,,,,,,,,,,,,,,,,,,,,
2021-10-17,39.2,36.96,41.59,,,,17.43,15.44,19.46,,,,5.08,3.37,7.04,,,,,,,,,,,,,,,,,,,,,,,,,,,,,
2021-10-18,39.17,36.94,41.55,,,,17.45,15.45,19.47,,,,5.08,3.37,7.04,,,,,,,,,,,,,,,,,,,,,,,,,,,,,
2021-10-19,39.14,36.91,41.48,,,,17.46,15.45,19.47,,,,5.08,3.38,7.04,,,,,,,,,,,,,,,,,,,,,,,,,,,,,
2021-10-20,39.11,36.89,41.37,,,,17.48,15.47,19.47,,,,5.09,3.38,7.04,,,,,,,,,,,,,,,,,,,,,,,,,,,,,
2021-10-21,39.08,36.87,41.28,,,,17.49,15.5,19.47,,,,5.09,3.39,7.04,,,,,,,,,,,,,,,,,,,,,,,,,,,,,
2021-10-22,39.05,36.85,41.26,,,,17.51,15.51,19.47,,,,5.09,3.39,7.04,,,,,,,,,,,,,,,,,,,,,,,,,,,,,
2021-10-23,39.02,36.83,41.24,,,,17.53,15.51,19.48,,,,5.1,3.39,7.04,,,,,,,,,,,,,,,,,,,,,,,,,,,,,
2021-10-24,38.99,36.81,41.23,,,,17.54,15.54,19.48,,,,5.1,3.4,7.04,,,,,,,,,,,,,,,,,,,,,,,,,,,,,
2021-10-25,38.96,36.79,41.2,,,,17.56,15.56,19.48,,,,5.1,3.4,7.03,,,,,,,,,,,,,,,,,,,,,,,,,,,,,
2021-10-26,38.92,36.76,41.17,,,,17.57,15.59,19.49,,,,5.11,3.4,7.03,,,,,,,,,,,,,,,,,,,,,,,,,,,,,
2021-10-27,38.89,36.73,41.07,,,,17.59,15.62,19.5,,,,5.11,3.41,7.03,,,,,,,,,,,,,,,,,,,,,,,,,,,,,
2021-10-28,38.86,36.7,40.99,,,,17.61,15.64,19.53,,,,5.11,3.41,7.02,,,,,,,,,,,,,,,,,,,,,,,,,,,,,
2021-10-29,38.83,36.68,40.93,,,,17.62,15.67,19.55,,,,5.11,3.41,7.02,,,,,,,,,,,,,,,,,,,,,,,,,,,,,
2021-10-30,38.8,36.66,40.89,,,,17.64,15.7,19.57,,,,5.12,3.41,7.02,,,,,,,,,,,,,,,,,,,,,,,,,,,,,
2021-10-31,38.77,36.63,40.86,,,,17.66,15.73,19.6,,,,5.12,3.41,7.02,,,,,,,,,,,,,,,,,,,,,,,,,,,,,
2021-11-01,38.74,36.59,40.82,,,,17.67,15.75,19.62,,,,5.12,3.42,7.03,,,,,,,,,,,,,,,,,,,,,,,,,,,,,
2021-11-02,38.71,36.57,40.79,,,,17.69,15.78,19.62,,,,5.12,3.42,7.03,,,,,,,,,,,,,,,,,,,,,,,,,,,,,
2021-11-03,38.67,36.54,40.75,,,,17.71,15.8,19.63,,,,5.13,3.42,7.02,,,,,,,,,,,,,,,,,,,,,,,,,,,,,
2021-11-04,38.64,36.48,40.71,,,,17.72,15.82,19.65,,,,5.13,3.43,7.01,,,,,,,,,,,,,,,,,,,,,,,,,,,,,
2021-11-05,38.61,36.45,40.68,,,,17.74,15.84,19.67,,,,5.13,3.43,7.0,,,,,,,,,,,,,,,,,,,,,,,,,,,,,
2021-11-06,38.58,36.42,40.65,,,,17.76,15.86,19.69,,,,5.13,3.44,6.99,,,,,,,,,,,,,,,,,,,,,,,,,,,,,
2021-11-07,38.55,36.38,40.62,,,,17.77,15.88,19.71,,,,5.14,3.44,6.98,,,,,,,,,,,,,,,,,,,,,,39.0,18.0,5.0,,,,,
2021-11-08,38.52,36.35,40.58,,,,17.79,15.89,19.73,,,,5.14,3.45,6.97,,,,,,,,,,,,,,,,,,,,,,,,,,,,,
2021-11-09,38.48,36.32,40.54,,,,17.81,15.9,19.75,,,,5.14,3.45,6.97,,,,,,,,,,,,,,,,,,,,,,,,,,,,,
2021-11-10,38.45,36.29,40.5,,,,17.82,15.91,19.77,,,,5.14,3.46,6.96,,,,,,,,,,,,,,,,,,,,,,,,,,,,,
2021-11-11,38.42,36.26,40.47,,,,17.84,15.92,19.78,,,,5.14,3.46,6.95,,,,,,,,,,,,,,,,,,,,,,,,,,,,,
2021-11-12,38.39,36.21,40.44,,,,17.86,15.94,19.8,,,,5.15,3.46,6.95,,,,,,,,,,,,,,,,,,,,,,,,,,,,,
2021-11-13,38.36,36.19,40.4,,,,17.87,15.97,19.82,,,,5.15,3.47,6.94,,,,,,,,,,,,,,,,,,,,,,,,,,,,,
2021-11-14,38.32,36.16,40.37,,,,17.89,15.99,19.83,,,,5.15,3.47,6.93,,,,,,,,,,,,,,,,,,,,,,,,,,,,,
2021-11-15,38.29,36.13,40.34,,,,17.91,16.02,19.85,,,,5.15,3.48,6.93,,,,,,,,,,,,,,,,,,,,,,,,,,,,,
2021-11-16,38.26,36.1,40.3,,,,17.93,16.05,19.86,,,,5.15,3.48,6.93,,,,,,,,,,,,,,,,,,,,,,,,,,,,,
2021-11-17,38.23,36.07,40.27,,,,17.94,16.07,19.88,,,,5.15,3.49,6.94,,,,,,,,,,,,,,,,,,,,,,,,,,,,,
2021-11-18,38.2,36.05,40.24,,,,17.96,16.09,19.89,,,,5.16,3.49,6.95,,,,,,,,,,,,,,,,,,,,,,,,,,,,,
2021-11-19,38.16,36.02,40.21,,,,17.98,16.11,19.91,,,,5.16,3.5,6.96,,,,,,,,,,,,,,,,,,,,,,,,,,,,,
2021-11-20,38.13,35.99,40.18,,,,17.99,16.11,19.92,,,,5.16,3.5,6.96,,,,,,,,,,,,,,,,,,,,,,,,,,,,,
2021-11-21,38.1,35.96,40.16,,,,18.01,16.11,19.93,,,,5.16,3.5,6.95,,,,,,,,,,,,,,,,,,,,,,,,,,,,,
2021-11-22,38.07,35.93,40.13,,,,18.03,16.1,19.95,,,,5.16,3.51,6.93,,,,,,,,,,,,,,,,,,,,,,,,,,,,,
2021-11-23,38.03,35.9,40.1,,,,18.05,16.1,19.96,,,,5.16,3.5,6.92,,,,,,,,,,,,,,,,,,,,,,,,,,,,,
2021-11-24,38.0,35.88,40.07,,,,18.06,16.09,19.99,,,,5.17,3.49,6.91,,,,,,,,,,,,,,,,,,,,,,,,,,,,,
2021-11-25,37.97,35.83,40.04,,,,18.08,16.08,20.04,,,,5.17,3.48,6.89,,,,,,,,,,,,,,,,,,,,,,,,,,,,,
2021-11-26,37.94,35.79,40.01,,,,18.1,16.08,20.09,,,,5.17,3.46,6.88,,,,,,,,,,,,,,,,,,,,,,,,,,,,,
2021-11-27,37.9,35.75,39.96,,,,18.12,16.07,20.14,,,,5.17,3.44,6.89,,,,,,,,,,,,,,,,,,,,,,,,,,,,,
2021-11-28,37.87,35.71,39.91,,,,18.13,16.08,20.18,,,,5.17,3.46,6.91,,,,,,,,,,,,,,,,,,,,,,,,,,,,,
2021-11-29,37.84,35.67,39.88,,,,18.15,16.09,20.19,,,,5.17,3.47,6.91,,,,,,,,,,,,,,,,,,,,,,,,,,,,,
2021-11-30,37.81,35.63,39.86,,,,18.17,16.1,20.2,,,,5.17,3.49,6.9,,,,,,,,,,,,,,,,,,,,,,,,,,,,,
2021-12-01,37.77,35.59,39.83,,,,18.19,16.12,20.21,,,,5.17,3.49,6.89,,,,,,,,,,,,,,,,,,,,,,,,,,,,,
2021-12-02,37.74,35.55,39.8,,,,18.2,16.14,20.22,,,,5.17,3.49,6.88,,,,,,,,,,,,,,,,,,,,,,,,,,,,,
2021-12-03,37.71,35.51,39.78,,,,18.22,16.17,20.23,,,,5.18,3.49,6.86,,,,,,,,,,,,,,,,,,,,,,,,,,,,,
2021-12-04,37.67,35.47,39.74,,,,18.24,16.2,20.24,,,,5.18,3.48,6.85,,,,,,,,,,,,,,,,,,,,,,,,,,,,,
2021-12-05,37.64,35.44,39.7,,,,18.26,16.22,20.25,,,,5.18,3.48,6.84,,,,,,,,,,,,,,,,,,,,,,38.0,17.0,4.0,,,,,
2021-12-06,37.61,35.42,39.67,,,,18.27,16.25,20.27,,,,5.18,3.47,6.8,,,,,,,,,,,,,,,,,,,,,,,,,,,,,
2021-12-07,37.58,35.39,39.65,,,,18.29,16.28,20.28,,,,5.18,3.47,6.76,,,,,,,,,,,,,,,,,,,,,,,,,,,,,
2021-12-08,37.54,35.35,39.63,,,,18.31,16.28,20.29,,,,5.18,3.46,6.75,,,,,,,,,,,,,,,,,,,,,,,,,,,,,
2021-12-09,37.51,35.33,39.6,,,,18.33,16.28,20.31,,,,5.18,3.46,6.76,,,,,,,,,,,,,,,,,,,,,,,,,,,,,
2021-12-10,37.48,35.3,39.58,,,,18.34,16.31,20.34,,,,5.18,3.45,6.76,,,,,,,,,,,,,,,,,,,,,,,,,,,,,
2021-12-11,37.44,35.23,39.55,,,,18.36,16.32,20.36,,,,5.18,3.44,6.77,,,,,,,,,,,,,,,,,,,,,,,,,,,,,
2021-12-12,37.41,35.18,39.53,,,,18.38,16.32,20.38,,,,5.18,3.44,6.77,,,,,,,,,,,,,,,,,,,,,,,,,,,,,
2021-12-13,37.38,35.14,39.5,,,,18.4,16.33,20.41,,,,5.18,3.43,6.78,,,,,,,,,,,,,,,,,,,,,,,,,,,,,
2021-12-14,37.35,35.11,39.48,,,,18.41,16.34,20.43,,,,5.19,3.43,6.78,,,,,,,,,,,,,,,,,,,,,,,,,,,,,
2021-12-15,37.31,35.09,39.43,,,,18.43,16.35,20.46,,,,5.19,3.42,6.8,,,,,,,,,,,,,,,,,,,,,,,,,,,,,
2021-12-16,37.28,35.04,39.39,,,,18.45,16.35,20.48,,,,5.19,3.42,6.8,,,,,,,,,,,,,,,,,,,,,,,,,,,,,
2021-12-17,37.25,34.99,39.34,,,,18.47,16.4,20.51,,,,5.19,3.41,6.81,,,,,,,,,,,,,,,,,,,,,,,,,,,,,
2021-12-18,37.22,34.96,39.3,,,,18.49,16.44,20.53,,,,5.19,3.4,6.82,,,,,,,,,,,,,,,,,,,,,,,,,,,,,
2021-12-19,37.18,34.93,39.25,,,,18.5,16.48,20.54,,,,5.19,3.4,6.83,,,,,,,,,,,,,,,,,,,,,,,,,,,,,
2021-12-20,37.15,34.9,39.22,,,,18.52,16.53,20.55,,,,5.19,3.39,6.85,,,,,,,,,,,,,,,,,,,,,,,,,,,,,
2021-12-21,37.12,34.88,39.19,,,,18.54,16.58,20.56,,,,5.19,3.39,6.86,,,,,,,,,,,,,,,,,,,,,,,,,,,,,
2021-12-22,37.09,34.83,39.19,,,,18.56,16.63,20.57,,,,5.19,3.38,6.88,,,,,,,,,,,,,,,,,,,,,,,,,,,,,
2021-12-23,37.06,34.77,39.18,,,,18.57,16.68,20.58,,,,5.19,3.38,6.89,,,,,,,,,,,,,,,,,,,,,,,,,,,,,
2021-12-24,37.02,34.71,39.18,,,,18.59,16.72,20.59,,,,5.19,3.37,6.9,,,,,,,,,,,,,,,,,,,,,,,,,,,,,
2021-12-25,36.99,34.65,39.17,,,,18.61,16.75,20.61,,,,5.19,3.37,6.92,,,,,,,,,,,,,,,,,,,,,,,,,,,,,
2021-12-26,36.96,34.6,39.13,,,,18.63,16.75,20.62,,,,5.19,3.37,6.93,,,,,,,,,,,,,,,,,,,,,,,,,,,,,
2021-12-27,36.93,34.55,39.1,,,,18.64,16.76,20.63,,,,5.19,3.36,6.93,,,,,,,,,,,,,,,,,,,,,,,,,,,,,
2021-12-28,36.9,34.51,39.06,,,,18.66,16.77,20.64,,,,5.19,3.34,6.94,,,,,,,,,,,,,,,,,,,,,,,,,,,,,
2021-12-29,36.86,34.47,39.0,,,,18.68,16.77,20.65,,,,5.19,3.32,6.96,,,,,,,,,,,,,,,,,,,,,,,,,,,,,
2021-12-30,36.83,34.42,38.94,,,,18.7,16.78,20.66,,,,5.19,3.31,6.97,,,,,,,,,,,,,,,,,,,,,,,,,,,,,
2021-12-31,36.8,34.38,38.89,,,,18.72,16.79,20.67,,,,5.19,3.29,6.98,,,,,,,,,,,,,,,,,,,,,,,,,,,,,
2022-01-01,36.77,34.35,38.87,,,,18.73,16.79,20.7,,,,5.19,3.28,6.99,,,,,,,,,,,,,,,,,,,,,,,,,,,,,
2022-01-02,36.74,34.31,38.85,,,,18.75,16.8,20.73,,,,5.2,3.26,7.0,,,,,,,,,,,,,,,,,,,,,,38.0,20.0,6.0,,,,,
2022-01-03,36.71,34.26,38.83,,,,18.77,16.8,20.77,,,,5.2,3.26,6.99,,,,,,,,,,,,,,,,,,,,,,,,,,,,,
2022-01-04,36.68,34.23,38.81,,,,18.79,16.81,20.78,,,,5.2,3.26,6.98,,,,,,,,,,,,,,,,,,,,,,,,,,,,,
2022-01-05,36.64,34.19,38.78,,,,18.81,16.82,20.78,,,,5.2,3.26,6.98,,,,,,,,,,,,,,,,,,,,,,,,,,,,,
2022-01-06,36.61,34.15,38.74,,,,18.82,16.82,20.79,,,,5.2,3.26,6.97,,,,,,,,,,,,,,,,,,,,,,,,,,,,,
2022-01-07,36.58,34.12,38.7,,,,18.84,16.83,20.8,,,,5.2,3.25,6.97,,,,,,,,,,,,,,,,,,,,,,,,,,,,,
2022-01-08,36.55,34.08,38.66,,,,18.86,16.83,20.81,,,,5.2,3.25,6.96,,,,,,,,,,,,,,,,,,,,,,,,,,,,,
2022-01-09,36.52,34.05,38.61,,,,18.88,16.84,20.81,,,,5.2,3.25,6.96,,,,,,,,,,,,,,,,,,,,,,,,,,,,,
2022-01-10,36.49,34.01,38.58,,,,18.9,16.84,20.82,,,,5.2,3.25,6.96,,,,,,,,,,,,,,,,,,,,,,,,,,,,,
2022-01-11,36.46,33.97,38.56,,,,18.92,16.86,20.82,,,,5.2,3.24,6.95,,,,,,,,,,,,,,,,,,,,,,,,,,,,,
2022-01-12,36.43,33.94,38.54,,,,18.93,16.87,20.83,,,,5.2,3.24,6.94,,,,,,,,,,,,,,,,,,,,,,,,,,,,,
2022-01-13,36.4,33.9,38.51,,,,18.95,16.87,20.84,,,,5.2,3.24,6.94,,,,,,,,,,,,,,,,,,,,,,,,,,,,,
2022-01-14,36.37,33.86,38.49,,,,18.97,16.88,20.86,,,,5.2,3.24,6.93,,,,,,,,,,,,,,,,,,,,,,,,,,,,,
2022-01-15,36.34,33.83,38.47,,,,18.99,16.89,20.88,,,,5.2,3.24,6.92,,,,,,,,,,,,,,,,,,,,,,,,,,,,,
2022-01-16,36.31,33.79,38.45,,,,19.01,16.89,20.9,,,,5.2,3.24,6.91,,,,,,,,,,,,,,,,,,,,,,,,,,,,,
2022-01-17,36.28,33.74,38.43,,,,19.03,16.9,20.92,,,,5.2,3.24,6.92,,,,,,,,,,,,,,,,,,,,,,,,,,,,,
2022-01-18,36.25,33.7,38.41,,,,19.05,16.92,20.94,,,,5.2,3.23,6.93,,,,,,,,,,,,,,,,,,,,,,,,,,,,,
2022-01-19,36.22,33.65,38.39,,,,19.06,16.96,20.97,,,,5.2,3.23,6.94,,,,,,,,,,,,,,,,,,,,,,,,,,,,,
2022-01-20,36.19,33.6,38.37,,,,19.08,16.96,20.99,,,,5.2,3.22,6.95,,,,,,,,,,,,,,,,,,,,,,,,,,,,,
2022-01-21,36.16,33.56,38.35,,,,19.1,16.97,21.01,,,,5.2,3.21,6.96,,,,,,,,,,,,,,,,,,,,,,,,,,,,,
2022-01-22,36.13,33.52,38.32,,,,19.12,16.97,21.03,,,,5.2,3.18,6.97,,,,,,,,,,,,,,,,,,,,,,,,,,,,,
2022-01-23,36.1,33.49,38.29,,,,19.14,16.97,21.05,,,,5.2,3.15,6.97,,,,,,,,,,,,,,,,,,,,,,,,,,,,,
2022-01-24,36.07,33.45,38.28,,,,19.16,16.98,21.09,,,,5.2,3.12,6.98,,,,,,,,,,,,,,,,,,,,,,,,,,,,,
2022-01-25,36.04,33.41,38.27,,,,19.18,16.98,21.12,,,,5.21,3.1,6.99,,,,,,,,,,,,,,,,,,,,,,,,,,,,,
2022-01-26,36.01,33.38,38.25,,,,19.2,16.99,21.15,,,,5.21,3.07,7.0,,,,,,,,,,,,,,,,,,,,,,,,,,,,,
2022-01-27,35.98,33.34,38.22,,,,19.22,16.99,21.18,,,,5.21,3.04,7.0,,,,,,,,,,,,,,,,,,,,,,,,,,,,,
2022-01-28,35.95,33.31,38.2,,,,19.24,16.99,21.2,,,,5.21,3.01,7.01,,,,,,,,,,,,,,,,,,,,,,,,,,,,,
2022-01-29,35.92,33.28,38.18,,,,19.26,17.01,21.22,,,,5.21,2.98,7.02,,,,,,,,,,,,,,,,,,,,,,,,,,,,,
2022-01-30,35.89,33.25,38.16,,,,19.28,17.03,21.25,,,,5.21,2.96,7.02,,,,,,,,,,,,,,,,,,,,,,,,,,,,,
2022-01-31,35.86,33.22,38.14,,,,19.3,17.05,21.27,,,,5.21,2.95,7.03,,,,,,,,,,,,,,,,,,,,,,35.0,20.0,5.0,,,,,
2022-02-01,35.83,33.17,38.11,,,,19.32,17.07,21.3,,,,5.21,2.95,7.03,,,,,,,,,,,,,,,,,,,,,,,,,,,,,
2022-02-02,35.8,33.13,38.09,,,,19.34,17.09,21.32,,,,5.21,2.96,7.04,,,,,,,,,,,,,,,,,,,,,,,,,,,,,
2022-02-03,35.77,33.1,38.07,,,,19.35,17.11,21.35,,,,5.21,2.99,7.04,,,,,,,,,,,,,,,,,,,,,,,,,,,,,
2022-02-04,35.74,33.07,38.04,,,,19.37,17.12,21.37,,,,5.21,3.02,7.05,,,,,,,,,,,,,,,,,,,,,,,,,,,,,
2022-02-05,35.71,33.03,38.02,,,,19.39,17.14,21.39,,,,5.21,3.04,7.05,,,,,,,,,,,,,,,,,,,,,,,,,,,,,
2022-02-06,35.68,33.0,38.0,,,,19.41,17.16,21.41,,,,5.21,3.07,7.06,,,,,,,,,,,,,,,,,,,,,,,,,,,,,
2022-02-07,35.66,32.97,37.97,,,,19.43,17.18,21.43,,,,5.21,3.06,7.08,,,,,,,,,,,,,,,,,,,,,,,,,,,,,
2022-02-08,35.63,32.94,37.95,,,,19.45,17.21,21.44,,,,5.21,3.05,7.1,,,,,,,,,,,,,,,,,,,,,,,,,,,,,
2022-02-09,35.6,32.9,37.86,,,,19.47,17.23,21.46,,,,5.21,3.04,7.11,,,,,,,,,,,,,,,,,,,,,,,,,,,,,
2022-02-10,35.57,32.87,37.79,,,,19.49,17.26,21.47,,,,5.21,3.03,7.13,,,,,,,,,,,,,,,,,,,,,,,,,,,,,
2022-02-11,35.54,32.84,37.76,,,,19.51,17.28,21.48,,,,5.21,3.02,7.15,,,,,,,,,,,,,,,,,,,,,,,,,,,,,
2022-02-12,35.51,32.8,37.75,,,,19.53,17.32,21.49,,,,5.21,3.01,7.17,,,,,,,,,,,,,,,,,,,,,,,,,,,,,
2022-02-13,35.48,32.77,37.73,,,,19.55,17.39,21.49,,,,5.21,3.0,7.19,,,,,,,,,,,,,,,,,,,,,,,,,,,,,
2022-02-14,35.46,32.74,37.71,,,,19.57,17.44,21.5,,,,5.21,2.99,7.16,,,,,,,,,,,,,,,,,,,,,,,,,,,,,
2022-02-15,35.43,32.69,37.66,,,,19.59,17.51,21.51,,,,5.21,2.98,7.13,,,,,,,,,,,,,,,,,,,,,,,,,,,,,
2022-02-16,35.4,32.64,37.61,,,,19.61,17.57,21.52,,,,5.21,2.98,7.1,,,,,,,,,,,,,,,,,,,,,,,,,,,,,
2022-02-17,35.37,32.58,37.58,,,,19.63,17.6,21.53,,,,5.22,2.97,7.09,,,,,,,,,,,,,,,,,,,,,,,,,,,,,
2022-02-18,35.34,32.52,37.58,,,,19.65,17.62,21.54,,,,5.22,2.96,7.09,,,,,,,,,,,,,,,,,,,,,,,,,,,,,
2022-02-19,35.31,32.47,37.58,,,,19.67,17.63,21.55,,,,5.22,2.95,7.1,,,,,,,,,,,,,,,,,,,,,,,,,,,,,
2022-02-20,35.29,32.42,37.58,,,,19.69,17.65,21.55,,,,5.22,2.93,7.1,,,,,,,,,,,,,,,,,,,,,,,,,,,,,
2022-02-21,35.26,32.38,37.58,,,,19.71,17.66,21.57,,,,5.22,2.91,7.1,,,,,,,,,,,,,,,,,,,,,,,,,,,,,
2022-02-22,35.23,32.35,37.57,,,,19.73,17.68,21.58,,,,5.22,2.9,7.09,,,,,,,,,,,,,,,,,,,,,,,,,,,,,
2022-02-23,35.2,32.32,37.55,,,,19.75,17.69,21.6,,,,5.22,2.9,7.09,,,,,,,,,,,,,,,,,,,,,,,,,,,,,
2022-02-24,35.18,32.28,37.54,,,,19.77,17.71,21.62,,,,5.22,2.9,7.09,,,,,,,,,,,,,,,,,,,,,,,,,,,,,
2022-02-25,35.15,32.25,37.52,,,,19.79,17.72,21.63,,,,5.22,2.9,7.09,,,,,,,,,,,,,,,,,,,,,,,,,,,,,
2022-02-26,35.12,32.22,37.5,,,,19.81,17.74,21.66,,,,5.22,2.89,7.11,,,,,,,,,,,,,,,,,,,,,,,,,,,,,
2022-02-27,35.09,32.19,37.47,,,,19.83,17.75,21.68,,,,5.22,2.88,7.12,,,,,,,,,,,,,,,,,,,,,,,,,,,,,
2022-02-28,35.06,32.17,37.44,,,,19.85,17.77,21.69,,,,5.22,2.87,7.13,,,,,,,,,,,,,,,,,,,,,,36.0,20.0,7.0,,,,,
2022-03-01,35.04,32.14,37.42,,,,19.87,17.79,21.7,,,,5.22,2.87,7.14,,,,,,,,,,,,,,,,,,,,,,,,,,,,,
2022-03-02,35.01,32.11,37.39,,,,19.89,17.8,21.72,,,,5.22,2.86,7.15,,,,,,,,,,,,,,,,,,,,,,,,,,,,,
2022-03-03,34.98,32.08,37.36,,,,19.91,17.82,21.73,,,,5.22,2.85,7.17,,,,,,,,,,,,,,,,,,,,,,,,,,,,,
2022-03-04,34.95,32.06,37.33,,,,19.94,17.84,21.75,,,,5.22,2.84,7.18,,,,,,,,,,,,,,,,,,,,,,,,,,,,,
2022-03-05,34.92,32.03,37.31,,,,19.96,17.86,21.77,,,,5.22,2.83,7.18,,,,,,,,,,,,,,,,,,,,,,,,,,,,,
2022-03-06,34.9,32.01,37.3,,,,19.98,17.88,21.78,,,,5.22,2.82,7.17,,,,,,,,,,,,,,,,,,,,,,,,,,,,,
2022-03-07,34.87,31.99,37.28,,,,20.0,17.9,21.78,,,,5.22,2.82,7.17,,,,,,,,,,,,,,,,,,,,,,,,,,,,,
2022-03-08,34.84,31.97,37.27,,,,20.02,17.91,21.81,,,,5.22,2.81,7.17,,,,,,,,,,,,,,,,,,,,,,,,,,,,,
2022-03-09,34.81,31.95,37.26,,,,20.04,17.93,21.83,,,,5.22,2.8,7.17,,,,,,,,,,,,,,,,,,,,,,,,,,,,,
2022-03-10,34.78,31.93,37.23,,,,20.06,17.95,21.85,,,,5.22,2.79,7.16,,,,,,,,,,,,,,,,,,,,,,,,,,,,,
2022-03-11,34.75,31.91,37.21,,,,20.08,17.97,21.86,,,,5.22,2.79,7.16,,,,,,,,,,,,,,,,,,,,,,,,,,,,,
2022-03-12,34.72,31.89,37.19,,,,20.1,17.98,21.89,,,,5.22,2.78,7.16,,,,,,,,,,,,,,,,,,,,,,,,,,,,,
2022-03-13,34.69,31.87,37.17,,,,20.12,18.0,21.92,,,,5.22,2.78,7.16,,,,,,,,,,,,,,,,,,,,,,,,,,,,,
2022-03-14,34.67,31.85,37.15,,,,20.14,18.04,21.95,,,,5.22,2.79,7.15,,,,,,,,,,,,,,,,,,,,,,,,,,,,,
2022-03-15,34.64,31.83,37.13,,,,20.16,18.07,21.98,,,,5.22,2.81,7.15,,,,,,,,,,,,,,,,,,,,,,,,,,,,,
2022-03-16,34.61,31.83,37.09,,,,20.18,18.1,22.02,,,,5.22,2.81,7.15,,,,,,,,,,,,,,,,,,,,,,,,,,,,,
2022-03-17,34.58,31.83,37.04,,,,20.21,18.13,22.05,,,,5.22,2.81,7.14,,,,,,,,,,,,,,,,,,,,,,,,,,,,,
2022-03-18,34.55,31.8,37.02,,,,20.23,18.16,22.08,,,,5.22,2.82,7.13,,,,,,,,,,,,,,,,,,,,,,,,,,,,,
2022-03-19,34.52,31.77,36.99,,,,20.25,18.2,22.11,,,,5.22,2.82,7.12,,,,,,,,,,,,,,,,,,,,,,,,,,,,,
2022-03-20,34.49,31.74,36.94,,,,20.27,18.23,22.14,,,,5.22,2.82,7.11,,,,,,,,,,,,,,,,,,,,,,,,,,,,,
2022-03-21,34.46,31.72,36.91,,,,20.29,18.26,22.15,,,,5.22,2.81,7.1,,,,,,,,,,,,,,,,,,,,,,,,,,,,,
2022-03-22,34.43,31.69,36.88,,,,20.31,18.29,22.16,,,,5.22,2.81,7.1,,,,,,,,,,,,,,,,,,,,,,,,,,,,,
2022-03-23,34.4,31.65,36.86,,,,20.33,18.31,22.16,,,,5.22,2.81,7.09,,,,,,,,,,,,,,,,,,,,,,,,,,,,,
2022-03-24,34.37,31.62,36.83,,,,20.36,18.33,22.2,,,,5.22,2.81,7.08,,,,,,,,,,,,,,,,,,,,,,,,,,,,,
2022-03-25,34.34,31.59,36.8,,,,20.38,18.36,22.24,,,,5.22,2.82,7.07,,,,,,,,,,,,,,,,,,,,,,,,,,,,,
2022-03-26,34.3,31.56,36.77,,,,20.4,18.38,22.28,,,,5.22,2.82,7.06,,,,,,,,,,,,,,,,,,,,,,,,,,,,,
2022-03-27,34.27,31.53,36.74,,,,20.42,18.4,22.32,,,,5.22,2.82,7.05,,,,,,,,,,,,,,,,,,,,,,,,,,,,,
2022-03-28,34.24,31.5,36.71,,,,20.44,18.42,22.36,,,,5.22,2.82,7.04,,,,,,,,,,,,,,,,,,,,,,37.0,19.0,5.0,,,,,
2022-03-29,34.21,31.47,36.68,,,,20.47,18.44,22.39,,,,5.22,2.83,7.03,,,,,,,,,,,,,,,,,,,,,,,,,,,,,
2022-03-30,34.18,31.45,36.65,,,,20.49,18.45,22.42,,,,5.22,2.83,7.02,,,,,,,,,,,,,,,,,,,,,,,,,,,,,
2022-03-31,34.15,31.43,36.62,,,,20.51,18.47,22.44,,,,5.22,2.83,7.01,,,,,,,,,,,,,,,,,,,,,,,,,,,,,
2022-04-01,34.11,31.41,36.59,,,,20.53,18.47,22.46,,,,5.22,2.84,7.0,,,,,,,,,,,,,,,,,,,,,,,,,,,,,
2022-04-02,34.08,31.39,36.56,,,,20.56,18.48,22.48,,,,5.22,2.83,7.0,,,,,,,,,,,,,,,,,,,,,,,,,,,,,
2022-04-03,34.05,31.38,36.53,,,,20.58,18.48,22.51,,,,5.22,2.83,6.99,,,,,,,,,,,,,,,,,,,,,,,,,,,,,
2022-04-04,34.02,31.36,36.5,,,,20.6,18.48,22.53,,,,5.22,2.82,6.98,,,,,,,,,,,,,,,,,,,,,,,,,,,,,
2022-04-05,33.98,31.33,36.47,,,,20.62,18.5,22.55,,,,5.22,2.81,6.98,,,,,,,,,,,,,,,,,,,,,,,,,,,,,
2022-04-06,33.95,31.28,36.44,,,,20.65,18.53,22.58,,,,5.22,2.8,6.97,,,,,,,,,,,,,,,,,,,,,,,,,,,,,
2022-04-07,33.92,31.23,36.41,,,,20.67,18.57,22.61,,,,5.22,2.8,6.97,,,,,,,,,,,,,,,,,,,,,,,,,,,,,
2022-04-08,33.88,31.22,36.38,,,,20.69,18.61,22.63,,,,5.22,2.79,6.97,,,,,,,,,,,,,,,,,,,,,,,,,,,,,
2022-04-09,33.85,31.2,36.35,,,,20.72,18.65,22.65,,,,5.22,2.78,6.96,,,,,,,,,,,,,,,,,,,,,,,,,,,,,
2022-04-10,33.82,31.18,36.31,,,,20.74,18.69,22.67,,,,5.22,2.79,6.96,,,,,,,,,,,,,,,,,,,,,,,,,,,,,
2022-04-11,33.78,31.14,36.28,,,,20.76,18.73,22.69,,,,5.22,2.78,6.95,,,,,,,,,,,,,,,,,,,,,,,,,,,,,
2022-04-12,33.75,31.11,36.25,,,,20.79,18.76,22.71,,,,5.22,2.78,6.94,,,,,,,,,,,,,,,,,,,,,,,,,,,,,
2022-04-13,33.71,31.08,36.22,,,,20.81,18.8,22.73,,,,5.22,2.77,6.94,,,,,,,,,,,,,,,,,,,,,,,,,,,,,
2022-04-14,33.68,31.03,36.19,,,,20.83,18.81,22.75,,,,5.22,2.77,6.93,,,,,,,,,,,,,,,,,,,,,,,,,,,,,
2022-04-15,33.64,30.99,36.15,,,,20.86,18.83,22.77,,,,5.22,2.76,6.92,,,,,,,,,,,,,,,,,,,,,,,,,,,,,
2022-04-16,33.61,30.95,36.11,,,,20.88,18.84,22.79,,,,5.22,2.76,6.91,,,,,,,,,,,,,,,,,,,,,,,,,,,,,
2022-04-17,33.57,30.91,36.07,,,,20.91,18.86,22.81,,,,5.22,2.75,6.91,,,,,,,,,,,,,,,,,,,,,,,,,,,,,
2022-04-18,33.54,30.88,36.04,,,,20.93,18.87,22.83,,,,5.22,2.75,6.9,,,,,,,,,,,,,,,,,,,,,,,,,,,,,
2022-04-19,33.5,30.85,36.01,,,,20.95,18.9,22.85,,,,5.22,2.75,6.9,,,,,,,,,,,,,,,,,,,,,,,,,,,,,
2022-04-20,33.47,30.82,35.98,,,,20.98,18.94,22.87,,,,5.22,2.74,6.9,,,,,,,,,,,,,,,,,,,,,,,,,,,,,
2022-04-21,33.43,30.78,35.94,,,,21.0,18.97,22.89,,,,5.22,2.74,6.9,,,,,,,,,,,,,,,,,,,,,,,,,,,,,
2022-04-22,33.39,30.75,35.89,,,,21.02,19.0,22.91,,,,5.21,2.75,6.9,,,,,,,,,,,,,,,,,,,,,,,,,,,,,
2022-04-23,33.36,30.72,35.84,,,,21.05,19.04,22.95,,,,5.21,2.75,6.9,,,,,,,,,,,,,,,,,,,,,,,,,,,,,
2022-04-24,33.32,30.69,35.82,,,,21.07,19.06,23.0,,,,5.21,2.76,6.89,,,,,,,,,,,,,,,,,,,,,,33.0,19.0,6.0,,,,,
2022-04-25,33.28,30.66,35.81,,,,21.1,19.09,23.06,,,,5.21,2.77,6.89,,,,,,,,,,,,,,,,,,,,,,,,,,,,,
2022-04-26,33.25,30.63,35.77,,,,21.12,19.13,23.06,,,,5.21,2.77,6.89,,,,,,,,,,,,,,,,,,,,,,,,,,,,,
2022-04-27,33.21,30.59,35.7,,,,21.15,19.16,23.07,,,,5.21,2.78,6.89,,,,,,,,,,,,,,,,,,,,,,,,,,,,,
2022-04-28,33.17,30.56,35.64,,,,21.17,19.2,23.08,,,,5.21,2.78,6.89,,,,,,,,,,,,,,,,,,,,,,,,,,,,,
2022-04-29,33.13,30.53,35.58,,,,21.2,19.22,23.09,,,,5.21,2.79,6.89,,,,,,,,,,,,,,,,,,,,,,,,,,,,,
2022-04-30,33.09,30.5,35.54,,,,21.22,19.24,23.1,,,,5.21,2.79,6.89,,,,,,,,,,,,,,,,,,,,,,,,,,,,,
2022-05-01,33.06,30.42,35.52,,,,21.25,19.26,23.11,,,,5.21,2.8,6.88,,,,,,,,,,,,,,,,,,,,,,,,,,,,,
2022-05-02,33.02,30.34,35.5,,,,21.27,19.28,23.12,,,,5.21,2.81,6.88,,,,,,,,,,,,,,,,,,,,,,,,,,,,,
2022-05-03,32.98,30.29,35.48,,,,21.3,19.29,23.13,,,,5.2,2.81,6.89,,,,,,,,,,,,,,,,,,,,,,,,,,,,,
2022-05-04,32.94,30.25,35.41,,,,21.32,19.3,23.16,,,,5.2,2.81,6.89,,,,,,,,,,,,,,,,,,,,,,,,,,,,,
2022-05-05,32.9,30.22,35.34,,,,21.35,19.32,23.17,,,,5.2,2.81,6.9,,,,,,,,,,,,,,,,,,,,,,,,,,,,,
2022-05-06,32.86,30.18,35.29,,,,21.37,19.33,23.17,,,,5.2,2.82,6.9,,,,,,,,,,,,,,,,,,,,,,,,,,,,,
2022-05-07,32.82,30.14,35.26,,,,21.4,19.35,23.22,,,,5.2,2.82,6.9,,,,,,,,,,,,,,,,,,,,,,,,,,,,,
2022-05-08,32.78,30.1,35.23,,,,21.42,19.36,23.27,,,,5.2,2.83,6.91,,,,,,,,,,,,,,,,,,,,,,,,,,,,,
2022-05-09,32.74,30.08,35.21,,,,21.45,19.38,23.3,,,,5.2,2.83,6.92,,,,,,,,,,,,,,,,,,,,,,,,,,,,,
2022-05-10,32.7,30.05,35.18,,,,21.47,19.39,23.33,,,,5.19,2.84,6.93,,,,,,,,,,,,,,,,,,,,,,,,,,,,,
2022-05-11,32.66,29.98,35.15,,,,21.5,19.42,23.36,,,,5.19,2.85,6.92,,,,,,,,,,,,,,,,,,,,,,,,,,,,,
2022-05-12,32.62,29.94,35.11,,,,21.52,19.43,23.39,,,,5.19,2.86,6.9,,,,,,,,,,,,,,,,,,,,,,,,,,,,,
2022-05-13,32.58,29.88,35.08,,,,21.55,19.45,23.42,,,,5.19,2.86,6.88,,,,,,,,,,,,,,,,,,,,,,,,,,,,,
2022-05-14,32.54,29.85,35.05,,,,21.57,19.46,23.44,,,,5.19,2.85,6.87,,,,,,,,,,,,,,,,,,,,,,,,,,,,,
2022-05-15,32.5,29.83,35.01,,,,21.6,19.5,23.45,,,,5.19,2.85,6.85,,,,,,,,,,,,,,,,,,,,,,,,,,,,,
2022-05-16,32.46,29.79,34.98,,,,21.63,19.55,23.46,,,,5.18,2.84,6.84,,,,,,,,,,,,,,,,,,,,,,,,,,,,,
2022-05-17,32.42,29.75,34.95,,,,21.65,19.57,23.47,,,,5.18,2.85,6.83,,,,,,,,,,,,,,,,,,,,,,,,,,,,,
2022-05-18,32.38,29.7,34.92,,,,21.68,19.57,23.48,,,,5.18,2.87,6.82,,,,,,,,,,,,,,,,,,,,,,,,,,,,,
2022-05-19,32.34,29.66,34.88,,,,21.7,19.57,23.5,,,,5.18,2.88,6.83,,,,,,,,,,,,,,,,,,,,,,,,,,,,,
2022-05-20,32.3,29.61,34.8,,,,21.73,19.61,23.51,,,,5.17,2.9,6.83,,,,,,,,,,,,,,,,,,,,,,,,,,,,,
2022-05-21,32.26,29.53,34.72,,,,21.76,19.67,23.55,,,,5.17,2.91,6.84,,,,,,,,,,,,,,,,,,,,,,,,,,,,,
2022-05-22,32.22,29.45,34.69,,,,21.78,19.72,23.58,,,,5.17,2.91,6.84,,,,,,,,,,,,,,,,,,,,,,28.0,23.0,3.0,,,,,
2022-05-23,32.18,29.36,34.69,,,,21.81,19.78,23.61,,,,5.17,2.92,6.85,,,,,,,,,,,,,,,,,,,,,,,,,,,,,
2022-05-24,32.13,29.27,34.68,,,,21.84,19.81,23.65,,,,5.16,2.92,6.86,,,,,,,,,,,,,,,,,,,,,,,,,,,,,
2022-05-25,32.09,29.2,34.67,,,,21.86,19.82,23.7,,,,5.16,2.91,6.86,,,,,,,,,,,,,,,,,,,,,,,,,,,,,
2022-05-26,32.05,29.15,34.63,,,,21.89,19.83,23.73,,,,5.16,2.9,6.84,,,,,,,,,,,,,,,,,,,,,,,,,,,,,
2022-05-27,32.01,29.09,34.59,,,,21.92,19.85,23.76,,,,5.16,2.89,6.81,,,,,,,,,,,,,,,,,,,,,,,,,,,,,
2022-05-28,31.97,29.03,34.55,,,,21.94,19.86,23.8,,,,5.15,2.89,6.78,,,,,,,,,,,,,,,,,,,,,,,,,,,,,
2022-05-29,31.92,28.97,34.51,,,,21.97,19.87,23.83,,,,5.15,2.9,6.77,,,,,,,,,,,,,,,,,,,,,,,,,,,,,
2022-05-30,31.88,28.92,34.47,,,,22.0,19.89,23.87,,,,5.15,2.92,6.8,,,,,,,,,,,,,,,,,,,,,,,,,,,,,
2022-05-31,31.84,28.87,34.43,,,,22.02,19.9,23.9,,,,5.14,2.93,6.82,,,,,,,,,,,,,,,,,,,,,,,,,,,,,
2022-06-01,31.8,28.79,34.38,,,,22.05,19.92,23.94,,,,5.14,2.94,6.82,,,,,,,,,,,,,,,,,,,,,,,,,,,,,
2022-06-02,31.76,28.66,34.34,,,,22.08,19.93,23.97,,,,5.14,2.94,6.82,,,,,,,,,,,,,,,,,,,,,,,,,,,,,
2022-06-03,31.71,28.54,34.3,,,,22.11,19.95,24.01,,,,5.13,2.94,6.81,,,,,,,,,,,,,,,,,,,,,,,,,,,,,
2022-06-04,31.67,28.49,34.26,,,,22.13,19.96,24.05,,,,5.13,2.95,6.81,,,,,,,,,,,,,,,,,,,,,,,,,,,,,
2022-06-05,31.63,28.48,34.25,,,,22.16,19.98,24.08,,,,5.13,2.95,6.8,,,,,,,,,,,,,,,,,,,,,,,,,,,,,
2022-06-06,31.59,28.47,34.23,,,,22.19,20.0,24.11,,,,5.12,2.95,6.79,,,,,,,,,,,,,,,,,,,,,,,,,,,,,
2022-06-07,31.54,28.46,34.2,,,,22.22,20.0,24.15,,,,5.12,2.95,6.8,,,,,,,,,,,,,,,,,,,,,,,,,,,,,
2022-06-08,31.5,28.44,34.16,,,,22.24,20.01,24.18,,,,5.12,2.96,6.81,,,,,,,,,,,,,,,,,,,,,,,,,,,,,
2022-06-09,31.46,28.41,34.13,,,,22.27,20.01,24.21,,,,5.11,2.96,6.82,,,,,,,,,,,,,,,,,,,,,,,,,,,,,
2022-06-10,31.42,28.36,34.13,,,,22.3,20.07,24.23,,,,5.11,2.96,6.83,,,,,,,,,,,,,,,,,,,,,,,,,,,,,
2022-06-11,31.37,28.31,34.13,,,,22.33,20.1,24.25,,,,5.11,2.96,6.83,,,,,,,,,,,,,,,,,,,,,,,,,,,,,
2022-06-12,31.33,28.26,34.12,,,,22.35,20.12,24.28,,,,5.1,2.95,6.84,,,,,,,,,,,,,,,,,,,,,,,,,,,,,
2022-06-13,31.29,28.21,34.12,,,,22.38,20.14,24.31,,,,5.1,2.93,6.84,,,,,,,,,,,,,,,,,,,,,,,,,,,,,
2022-06-14,31.24,28.16,34.11,,,,22.41,20.16,24.34,,,,5.09,2.91,6.85,,,,,,,,,,,,,,,,,,,,,,,,,,,,,
2022-06-15,31.2,28.11,34.09,,,,22.44,20.18,24.38,,,,5.09,2.9,6.86,,,,,,,,,,,,,,,,,,,,,,,,,,,,,
2022-06-16,31.16,28.06,34.05,,,,22.47,20.21,24.45,,,,5.09,2.88,6.86,,,,,,,,,,,,,,,,,,,,,,,,,,,,,
2022-06-17,31.12,28.02,34.01,,,,22.5,20.23,24.48,,,,5.08,2.87,6.87,,,,,,,,,,,,,,,,,,,,,,,,,,,,,
2022-06-18,31.07,27.96,33.99,,,,22.52,20.26,24.52,,,,5.08,2.85,6.87,,,,,,,,,,,,,,,,,,,,,,,,,,,,,
2022-06-19,31.03,27.89,33.97,,,,22.55,20.26,24.57,,,,5.07,2.86,6.88,,,,,,,,,,,,,,,,,,,,,,29.0,23.0,7.0,,,,,
2022-06-20,30.99,27.82,33.95,,,,22.58,20.25,24.61,,,,5.07,2.86,6.88,,,,,,,,,,,,,,,,,,,,,,,,,,,,,
2022-06-21,30.94,27.75,33.94,,,,22.61,20.24,24.66,,,,5.06,2.83,6.89,,,,,,,,,,,,,,,,,,,,,,,,,,,,,
2022-06-22,30.9,27.68,33.92,,,,22.64,20.24,24.67,,,,5.06,2.8,6.89,,,,,,,,,,,,,,,,,,,,,,,,,,,,,
2022-06-23,30.86,27.61,33.9,,,,22.67,20.24,24.67,,,,5.05,2.8,6.88,,,,,,,,,,,,,,,,,,,,,,,,,,,,,
2022-06-24,30.82,27.54,33.88,,,,22.7,20.24,24.7,,,,5.05,2.8,6.86,,,,,,,,,,,,,,,,,,,,,,,,,,,,,
2022-06-25,30.77,27.47,33.87,,,,22.73,20.23,24.72,,,,5.05,2.8,6.85,,,,,,,,,,,,,,,,,,,,,,,,,,,,,
2022-06-26,30.73,27.41,33.85,,,,22.76,20.23,24.76,,,,5.04,2.81,6.86,,,,,,,,,,,,,,,,,,,,,,,,,,,,,
2022-06-27,30.69,27.37,33.83,,,,22.79,20.22,24.8,,,,5.04,2.79,6.86,,,,,,,,,,,,,,,,,,,,,,,,,,,,,
2022-06-28,30.64,27.34,33.8,,,,22.81,20.26,24.85,,,,5.03,2.76,6.86,,,,,,,,,,,,,,,,,,,,,,,,,,,,,
2022-06-29,30.6,27.29,33.76,,,,22.84,20.32,24.89,,,,5.03,2.73,6.84,,,,,,,,,,,,,,,,,,,,,,,,,,,,,
2022-06-30,30.56,27.25,33.71,,,,22.87,20.37,24.94,,,,5.02,2.69,6.83,,,,,,,,,,,,,,,,,,,,,,,,,,,,,
2022-07-01,30.51,27.2,33.67,,,,22.9,20.43,24.98,,,,5.02,2.66,6.82,,,,,,,,,,,,,,,,,,,,,,,,,,,,,
2022-07-02,30.47,27.14,33.63,,,,22.93,20.5,25.0,,,,5.01,2.63,6.8,,,,,,,,,,,,,,,,,,,,,,,,,,,,,
2022-07-03,30.43,27.08,33.59,,,,22.96,20.56,25.03,,,,5.0,2.61,6.79,,,,,,,,,,,,,,,,,,,,,,,,,,,,,
2022-07-04,30.39,27.03,33.54,,,,22.99,20.62,25.05,,,,5.0,2.6,6.78,,,,,,,,,,,,,,,,,,,,,,,,,,,,,
2022-07-05,30.34,26.97,33.5,,,,23.02,20.66,25.08,,,,4.99,2.58,6.76,,,,,,,,,,,,,,,,,,,,,,,,,,,,,
2022-07-06,30.3,26.91,33.45,,,,23.05,20.68,25.1,,,,4.99,2.57,6.75,,,,,,,,,,,,,,,,,,,,,,,,,,,,,
2022-07-07,30.26,26.85,33.41,,,,23.08,20.7,25.13,,,,4.98,2.56,6.73,,,,,,,,,,,,,,,,,,,,,,,,,,,,,
2022-07-08,30.22,26.8,33.34,,,,23.11,20.72,25.15,,,,4.98,2.54,6.72,,,,,,,,,,,,,,,,,,,,,,,,,,,,,
2022-07-09,30.17,26.74,33.26,,,,23.14,20.74,25.18,,,,4.97,2.53,6.7,,,,,,,,,,,,,,,,,,,,,,,,,,,,,
2022-07-10,30.13,26.68,33.18,,,,23.18,20.77,25.2,,,,4.97,2.52,6.69,,,,,,,,,,,,,,,,,,,,,,,,,,,,,
2022-07-11,30.09,26.63,33.18,,,,23.21,20.79,25.27,,,,4.96,2.5,6.67,,,,,,,,,,,,,,,,,,,,,,,,,,,,,
2022-07-12,30.04,26.57,33.17,,,,23.24,20.81,25.34,,,,4.95,2.49,6.66,,,,,,,,,,,,,,,,,,,,,,,,,,,,,
2022-07-13,30.0,26.51,33.13,,,,23.27,20.83,25.41,,,,4.95,2.48,6.65,,,,,,,,,,,,,,,,,,,,,,,,,,,,,
2022-07-14,29.96,26.46,33.08,,,,23.3,20.87,25.44,,,,4.94,2.47,6.63,,,,,,,,,,,,,,,,,,,,,,,,,,,,,
2022-07-15,29.92,26.4,33.03,,,,23.33,20.92,25.47,,,,4.94,2.47,6.62,,,,,,,,,,,,,,,,,,,,,,,,,,,,,
2022-07-16,29.87,26.35,32.98,,,,23.36,20.97,25.51,,,,4.93,2.47,6.6,,,,,,,,,,,,,,,,,,,,,,,,,,,,,
2022-07-17,29.83,26.29,32.92,,,,23.39,21.02,25.54,,,,4.92,2.47,6.59,,,,,,,,,,,,,,,,,,,,,,33.0,22.0,4.0,,,,,
2022-07-18,29.79,26.24,32.87,,,,23.42,21.07,25.57,,,,4.92,2.47,6.57,,,,,,,,,,,,,,,,,,,,,,,,,,,,,
2022-07-19,29.75,26.19,32.82,,,,23.45,21.11,25.6,,,,4.91,2.47,6.56,,,,,,,,,,,,,,,,,,,,,,,,,,,,,
2022-07-20,29.71,26.14,32.77,,,,23.49,21.13,25.64,,,,4.91,2.47,6.55,,,,,,,,,,,,,,,,,,,,,,,,,,,,,
2022-07-21,29.66,26.09,32.72,,,,23.52,21.15,25.67,,,,4.9,2.46,6.53,,,,,,,,,,,,,,,,,,,,,,,,,,,,,
2022-07-22,29.62,26.06,32.66,,,,23.55,21.16,25.69,,,,4.89,2.45,6.53,,,,,,,,,,,,,,,,,,,,,,,,,,,,,
2022-07-23,29.58,26.02,32.61,,,,23.58,21.18,25.71,,,,4.89,2.45,6.53,,,,,,,,,,,,,,,,,,,,,,,,,,,,,
2022-07-24,29.54,25.99,32.55,,,,23.61,21.21,25.74,,,,4.88,2.46,6.54,,,,,,,,,,,,,,,,,,,,,,,,,,,,,
2022-07-25,29.5,25.96,32.51,,,,23.64,21.23,25.78,,,,4.87,2.46,6.55,,,,,,,,,,,,,,,,,,,,,,,,,,,,,
2022-07-26,29.46,25.92,32.48,,,,23.68,21.24,25.82,,,,4.87,2.46,6.55,,,,,,,,,,,,,,,,,,,,,,,,,,,,,
2022-07-27,29.41,25.89,32.44,,,,23.71,21.31,25.84,,,,4.86,2.46,6.56,,,,,,,,,,,,,,,,,,,,,,,,,,,,,
2022-07-28,29.37,25.86,32.4,,,,23.74,21.37,25.86,,,,4.85,2.46,6.56,,,,,,,,,,,,,,,,,,,,,,,,,,,,,
2022-07-29,29.33,25.81,32.37,,,,23.77,21.43,25.87,,,,4.85,2.46,6.56,,,,,,,,,,,,,,,,,,,,,,,,,,,,,
2022-07-30,29.29,25.79,32.33,,,,23.8,21.43,25.9,,,,4.84,2.45,6.56,,,,,,,,,,,,,,,,,,,,,,,,,,,,,
2022-07-31,29.25,25.76,32.3,,,,23.84,21.44,25.95,,,,4.83,2.45,6.57,,,,,,,,,,,,,,,,,,,,,,,,,,,,,
2022-08-01,29.21,25.74,32.26,,,,23.87,21.45,26.0,,,,4.83,2.45,6.57,,,,,,,,,,,,,,,,,,,,,,,,,,,,,
2022-08-02,29.17,25.69,32.22,,,,23.9,21.46,26.05,,,,4.82,2.45,6.58,,,,,,,,,,,,,,,,,,,,,,,,,,,,,
2022-08-03,29.12,25.64,32.19,,,,23.94,21.46,26.07,,,,4.81,2.45,6.58,,,,,,,,,,,,,,,,,,,,,,,,,,,,,
2022-08-04,29.08,25.6,32.15,,,,23.97,21.47,26.1,,,,4.81,2.45,6.57,,,,,,,,,,,,,,,,,,,,,,,,,,,,,
2022-08-05,29.04,25.55,32.11,,,,24.0,21.47,26.15,,,,4.8,2.45,6.55,,,,,,,,,,,,,,,,,,,,,,,,,,,,,
2022-08-06,29.0,25.51,32.08,,,,24.03,21.48,26.18,,,,4.79,2.45,6.53,,,,,,,,,,,,,,,,,,,,,,,,,,,,,
2022-08-07,28.96,25.46,32.03,,,,24.07,21.49,26.21,,,,4.79,2.45,6.53,,,,,,,,,,,,,,,,,,,,,,,,,,,,,
2022-08-08,28.92,25.41,31.99,,,,24.1,21.49,26.25,,,,4.78,2.45,6.52,,,,,,,,,,,,,,,,,,,,,,,,,,,,,
2022-08-09,28.88,25.37,31.95,,,,24.13,21.5,26.28,,,,4.77,2.45,6.51,,,,,,,,,,,,,,,,,,,,,,,,,,,,,
2022-08-10,28.84,25.32,31.91,,,,24.17,21.52,26.31,,,,4.77,2.45,6.5,,,,,,,,,,,,,,,,,,,,,,,,,,,,,
2022-08-11,28.8,25.28,31.87,,,,24.2,21.57,26.35,,,,4.76,2.45,6.48,,,,,,,,,,,,,,,,,,,,,,,,,,,,,
2022-08-12,28.76,25.23,31.83,,,,24.23,21.61,26.38,,,,4.75,2.45,6.47,,,,,,,,,,,,,,,,,,,,,,,,,,,,,
2022-08-13,28.72,25.19,31.79,,,,24.27,21.65,26.42,,,,4.75,2.45,6.46,,,,,,,,,,,,,,,,,,,,,,,,,,,,,
2022-08-14,28.68,25.14,31.74,,,,24.3,21.69,26.46,,,,4.74,2.45,6.47,,,,,,,,,,,,,,,,,,,,,,,,,,,,,
2022-08-15,28.64,25.1,31.7,,,,24.34,21.73,26.51,,,,4.73,2.46,6.49,,,,,,,,,,,,,,,,,,,,,,32.0,24.0,6.0,,,,,
2022-08-16,28.6,25.05,31.65,,,,24.37,21.77,26.56,,,,4.73,2.46,6.5,,,,,,,,,,,,,,,,,,,,,,,,,,,,,
2022-08-17,28.56,25.01,31.6,,,,24.4,21.81,26.61,,,,4.72,2.46,6.51,,,,,,,,,,,,,,,,,,,,,,,,,,,,,
2022-08-18,28.52,24.97,31.58,,,,24.44,21.85,26.66,,,,4.71,2.46,6.52,,,,,,,,,,,,,,,,,,,,,,,,,,,,,
2022-08-19,28.48,24.92,31.53,,,,24.47,21.9,26.71,,,,4.71,2.46,6.54,,,,,,,,,,,,,,,,,,,,,,,,,,,,,
2022-08-20,28.44,24.88,31.45,,,,24.5,21.94,26.74,,,,4.7,2.45,6.54,,,,,,,,,,,,,,,,,,,,,,,,,,,,,
2022-08-21,28.41,24.85,31.38,,,,24.54,21.98,26.77,,,,4.69,2.44,6.54,,,,,,,,,,,,,,,,,,,,,,,,,,,,,
2022-08-22,28.37,24.83,31.31,,,,24.57,22.02,26.84,,,,4.69,2.43,6.55,,,,,,,,,,,,,,,,,,,,,,,,,,,,,
2022-08-23,28.33,24.8,31.23,,,,24.6,22.07,26.91,,,,4.68,2.42,6.55,,,,,,,,,,,,,,,,,,,,,,,,,,,,,
2022-08-24,28.29,24.78,31.15,,,,24.64,22.11,26.96,,,,4.67,2.43,6.54,,,,,,,,,,,,,,,,,,,,,,,,,,,,,
2022-08-25,28.25,24.75,31.12,,,,24.67,22.15,27.0,,,,4.67,2.44,6.54,,,,,,,,,,,,,,,,,,,,,,,,,,,,,
2022-08-26,28.21,24.73,31.09,,,,24.7,22.2,27.03,,,,4.66,2.45,6.54,,,,,,,,,,,,,,,,,,,,,,,,,,,,,
2022-08-27,28.18,24.7,31.06,,,,24.74,22.25,27.06,,,,4.65,2.45,6.55,,,,,,,,,,,,,,,,,,,,,,,,,,,,,
2022-08-28,28.14,24.68,31.04,,,,24.77,22.31,27.09,,,,4.65,2.45,6.55,,,,,,,,,,,,,,,,,,,,,,,,,,,,,
2022-08-29,28.1,24.66,30.98,,,,24.81,22.36,27.13,,,,4.64,2.45,6.55,,,,,,,,,,,,,,,,,,,,,,,,,,,,,
2022-08-30,28.07,24.64,30.95,,,,24.84,22.38,27.16,,,,4.63,2.44,6.55,,,,,,,,,,,,,,,,,,,,,,,,,,,,,
2022-08-31,28.03,24.62,30.9,,,,24.87,22.41,27.19,,,,4.63,2.44,6.55,,,,,,,,,,,,,,,,,,,,,,,,,,,,,
2022-09-01,27.99,24.6,30.83,,,,24.91,22.44,27.22,,,,4.62,2.44,6.55,,,,,,,,,,,,,,,,,,,,,,,,,,,,,
2022-09-02,27.96,24.57,30.8,,,,24.94,22.46,27.25,,,,4.61,2.44,6.55,,,,,,,,,,,,,,,,,,,,,,,,,,,,,
2022-09-03,27.92,24.55,30.77,,,,24.97,22.47,27.28,,,,4.61,2.46,6.55,,,,,,,,,,,,,,,,,,,,,,,,,,,,,
2022-09-04,27.88,24.54,30.74,,,,25.0,22.48,27.31,,,,4.6,2.46,6.55,,,,,,,,,,,,,,,,,,,,,,,,,,,,,
2022-09-05,27.85,24.53,30.71,,,,25.04,22.5,27.34,,,,4.6,2.46,6.55,,,,,,,,,,,,,,,,,,,,,,,,,,,,,
2022-09-06,27.81,24.51,30.68,,,,25.07,22.51,27.36,,,,4.59,2.46,6.54,,,,,,,,,,,,,,,,,,,,,,,,,,,,,
2022-09-07,27.78,24.49,30.65,,,,25.1,22.54,27.4,,,,4.58,2.47,6.51,,,,,,,,,,,,,,,,,,,,,,,,,,,,,
2022-09-08,27.74,24.48,30.62,,,,25.14,22.59,27.45,,,,4.58,2.48,6.49,,,,,,,,,,,,,,,,,,,,,,,,,,,,,
2022-09-09,27.71,24.46,30.59,,,,25.17,22.64,27.5,,,,4.57,2.49,6.46,,,,,,,,,,,,,,,,,,,,,,,,,,,,,
2022-09-10,27.67,24.45,30.56,,,,25.2,22.68,27.55,,,,4.57,2.49,6.44,,,,,,,,,,,,,,,,,,,,,,,,,,,,,
2022-09-11,27.64,24.44,30.53,,,,25.23,22.72,27.59,,,,4.56,2.5,6.41,,,,,,,,,,,,,,,,,,,,,,,,,,,,,
2022-09-12,27.6,24.43,30.5,,,,25.27,22.77,27.62,,,,4.55,2.51,6.4,,,,,,,,,,,,,,,,,,,,,,32.0,23.0,4.0,,,,,
2022-09-13,27.57,24.41,30.47,,,,25.3,22.8,27.65,,,,4.55,2.52,6.37,,,,,,,,,,,,,,,,,,,,,,,,,,,,,
2022-09-14,27.53,24.4,30.44,,,,25.33,22.84,27.68,,,,4.54,2.53,6.36,,,,,,,,,,,,,,,,,,,,,,,,,,,,,
2022-09-15,27.5,24.39,30.41,,,,25.36,22.87,27.71,,,,4.54,2.54,6.37,,,,,,,,,,,,,,,,,,,,,,,,,,,,,
2022-09-16,27.47,24.36,30.38,,,,25.39,22.89,27.74,,,,4.53,2.54,6.38,,,,,,,,,,,,,,,,,,,,,,,,,,,,,
2022-09-17,27.43,24.3,30.34,,,,25.43,22.91,27.77,,,,4.52,2.55,6.4,,,,,,,,,,,,,,,,,,,,,,,,,,,,,
2022-09-18,27.4,24.28,30.26,,,,25.46,22.93,27.8,,,,4.52,2.54,6.41,,,,,,,,,,,,,,,,,,,,,,,,,,,,,
2022-09-19,27.37,24.27,30.23,,,,25.49,22.95,27.83,,,,4.51,2.52,6.42,,,,,,,,,,,,,,,,,,,,,,,,,,,,,
2022-09-20,27.34,24.22,30.22,,,,25.52,22.97,27.86,,,,4.51,2.49,6.44,,,,,,,,,,,,,,,,,,,,,,,,,,,,,
2022-09-21,27.3,24.17,30.17,,,,25.55,22.99,27.89,,,,4.5,2.47,6.44,,,,,,,,,,,,,,,,,,,,,,,,,,,,,
2022-09-22,27.27,24.11,30.12,,,,25.58,23.01,27.91,,,,4.5,2.47,6.45,,,,,,,,,,,,,,,,,,,,,,,,,,,,,
2022-09-23,27.24,24.05,30.08,,,,25.61,23.03,27.95,,,,4.49,2.48,6.47,,,,,,,,,,,,,,,,,,,,,,,,,,,,,
2022-09-24,27.21,23.98,30.05,,,,25.64,23.05,28.01,,,,4.49,2.49,6.48,,,,,,,,,,,,,,,,,,,,,,,,,,,,,
2022-09-25,27.18,23.92,30.03,,,,25.67,23.07,28.08,,,,4.48,2.51,6.5,,,,,,,,,,,,,,,,,,,,,,,,,,,,,
2022-09-26,27.15,23.85,30.02,,,,25.7,23.09,28.1,,,,4.48,2.5,6.51,,,,,,,,,,,,,,,,,,,,,,,,,,,,,
2022-09-27,27.12,23.8,30.0,,,,25.73,23.12,28.12,,,,4.47,2.49,6.52,,,,,,,,,,,,,,,,,,,,,,,,,,,,,
2022-09-28,27.09,23.75,29.98,,,,25.76,23.15,28.14,,,,4.46,2.47,6.52,,,,,,,,,,,,,,,,,,,,,,,,,,,,,
2022-09-29,27.06,23.73,29.97,,,,25.79,23.18,28.16,,,,4.46,2.46,6.51,,,,,,,,,,,,,,,,,,,,,,,,,,,,,
2022-09-30,27.03,23.71,29.95,,,,25.82,23.22,28.18,,,,4.45,2.45,6.51,,,,,,,,,,,,,,,,,,,,,,,,,,,,,
2022-10-01,27.0,23.69,29.94,,,,25.85,23.25,28.21,,,,4.45,2.45,6.51,,,,,,,,,,,,,,,,,,,,,,,,,,,,,
2022-10-02,26.97,23.64,29.92,,,,25.88,23.28,28.25,,,,4.44,2.45,6.5,,,,,,,,,,,,,,,,,,,,,,,,,,,,,
2022-10-03,26.94,23.6,29.89,,,,25.9,23.29,28.28,,,,4.44,2.45,6.5,,,,,,,,,,,,,,,,,,,,,,,,,,,,,
2022-10-04,26.91,23.55,29.86,,,,25.93,23.31,28.31,,,,4.43,2.45,6.5,,,,,,,,,,,,,,,,,,,,,,,,,,,,,
2022-10-05,26.88,23.5,29.83,,,,25.96,23.32,28.33,,,,4.43,2.45,6.49,,,,,,,,,,,,,,,,,,,,,,,,,,,,,
2022-10-06,26.85,23.46,29.83,,,,25.99,23.34,28.36,,,,4.42,2.45,6.49,,,,,,,,,,,,,,,,,,,,,,,,,,,,,
2022-10-07,26.82,23.41,29.79,,,,26.02,23.35,28.38,,,,4.42,2.45,6.49,,,,,,,,,,,,,,,,,,,,,,,,,,,,,
2022-10-08,26.79,23.37,29.76,,,,26.04,23.37,28.41,,,,4.42,2.44,6.48,,,,,,,,,,,,,,,,,,,,,,,,,,,,,
2022-10-09,26.77,23.32,29.72,,,,26.07,23.39,28.44,,,,4.41,2.44,6.48,,,,,,,,,,,,,,,,,,,,,,,,,,,,,
2022-10-10,26.74,23.29,29.68,,,,26.1,23.42,28.46,,,,4.41,2.44,6.47,,,,,,,,,,,,,,,,,,,,,,,,,,,,,
2022-10-11,26.71,23.26,29.65,,,,26.12,23.44,28.5,,,,4.4,2.43,6.47,,,,,,,,,,,,,,,,,,,,,,,,,,,,,
2022-10-12,26.68,23.21,29.63,,,,26.15,23.47,28.54,,,,4.4,2.41,6.46,,,,,,,,,,,,,,,,,,,,,,,,,,,,,
2022-10-13,26.66,23.19,29.6,,,,26.18,23.49,28.58,,,,4.39,2.4,6.46,,,,,,,,,,,,,,,,,,,,,,,,,,,,,
2022-10-14,26.63,23.14,29.57,,,,26.2,23.52,28.63,,,,4.39,2.38,6.45,,,,,,,,,,,,,,,,,,,,,,,,,,,,,
2022-10-15,26.6,23.1,29.54,,,,26.23,23.55,28.67,,,,4.38,2.36,6.45,,,,,,,,,,,,,,,,,,,,,,,,,,,,,
2022-10-16,26.58,23.04,29.51,,,,26.25,23.59,28.71,,,,4.38,2.34,6.44,,,,,,,,,,,,,,,,,,,,,,,,,,,,,
2022-10-17,26.55,22.98,29.49,,,,26.28,23.6,28.75,,,,4.38,2.36,6.44,,,,,,,,,,,,,,,,,,,,,,17.0,31.0,4.0,,,,,
2022-10-18,26.52,22.94,29.45,,,,26.3,23.63,28.8,,,,4.37,2.37,6.44,,,,,,,,,,,,,,,,,,,,,,,,,,,,,
2022-10-19,26.5,22.9,29.42,,,,26.33,23.65,28.83,,,,4.37,2.36,6.45,,,,,,,,,,,,,,,,,,,,,,,,,,,,,
2022-10-20,26.47,22.86,29.4,,,,26.35,23.68,28.87,,,,4.36,2.33,6.44,,,,,,,,,,,,,,,,,,,,,,,,,,,,,
2022-10-21,26.45,22.82,29.38,,,,26.38,23.7,28.91,,,,4.36,2.33,6.43,,,,,,,,,,,,,,,,,,,,,,,,,,,,,
2022-10-22,26.42,22.78,29.35,,,,26.4,23.73,28.95,,,,4.36,2.33,6.43,,,,,,,,,,,,,,,,,,,,,,,,,,,,,
2022-10-23,26.4,22.74,29.32,,,,26.42,23.76,28.99,,,,4.35,2.32,6.42,,,,,,,,,,,,,,,,,,,,,,,,,,,,,
2022-10-24,26.37,22.72,29.29,,,,26.45,23.79,29.02,,,,4.35,2.32,6.41,,,,,,,,,,,,,,,,,,,,,,,,,,,,,
2022-10-25,26.35,22.72,29.26,,,,26.47,23.81,29.04,,,,4.34,2.31,6.4,,,,,,,,,,,,,,,,,,,,,,,,,,,,,
2022-10-26,26.32,22.72,29.24,,,,26.49,23.84,29.05,,,,4.34,2.32,6.39,,,,,,,,,,,,,,,,,,,,,,,,,,,,,
2022-10-27,26.3,22.71,29.21,,,,26.52,23.83,29.07,,,,4.34,2.32,6.38,,,,,,,,,,,,,,,,,,,,,,,,,,,,,
2022-10-28,26.27,22.68,29.18,,,,26.54,23.82,29.09,,,,4.33,2.3,6.37,,,,,,,,,,,,,,,,,,,,,,,,,,,,,
2022-10-29,26.25,22.66,29.15,,,,26.56,23.81,29.11,,,,4.33,2.28,6.36,,,,,,,,,,,,,,,,,,,,,,,,,,,,,
2022-10-30,26.22,22.64,29.13,,,,26.58,23.81,29.12,,,,4.32,2.27,6.36,,,,,,,,,,,,,,,,,,,,,,,,,,,,,
2022-10-31,26.2,22.61,29.1,,,,26.6,23.81,29.15,,,,4.32,2.27,6.36,,,,,,,,,,,,,,,,,,,,,,,,,,,,,
2022-11-01,26.17,22.59,29.07,,,,26.62,23.8,29.19,,,,4.32,2.26,6.37,,,,,,,,,,,,,,,,,,,,,,,,,,,,,
2022-11-02,26.15,22.57,29.05,,,,26.65,23.79,29.24,,,,4.31,2.25,6.38,,,,,,,,,,,,,,,,,,,,,,,,,,,,,
2022-11-03,26.13,22.55,29.02,,,,26.67,23.81,29.24,,,,4.31,2.25,6.38,,,,,,,,,,,,,,,,,,,,,,,,,,,,,
2022-11-04,26.1,22.54,29.0,,,,26.69,23.83,29.24,,,,4.3,2.24,6.35,,,,,,,,,,,,,,,,,,,,,,,,,,,,,
2022-11-05,26.08,22.52,28.97,,,,26.71,23.85,29.24,,,,4.3,2.24,6.32,,,,,,,,,,,,,,,,,,,,,,,,,,,,,
2022-11-06,26.05,22.5,28.95,,,,26.73,23.88,29.23,,,,4.3,2.23,6.29,,,,,,,,,,,,,,,,,,,,,,,,,,,,,
2022-11-07,26.03,22.49,28.93,,,,26.75,23.9,29.22,,,,4.29,2.23,6.28,,,,,,,,,,,,,,,,,,,,,,,,,,,,,
2022-11-08,26.01,22.47,28.92,,,,26.77,23.93,29.22,,,,4.29,2.22,6.27,,,,,,,,,,,,,,,,,,,,,,,,,,,,,
2022-11-09,25.98,22.46,28.91,,,,26.79,23.95,29.23,,,,4.29,2.22,6.26,,,,,,,,,,,,,,,,,,,,,,,,,,,,,
2022-11-10,25.96,22.44,28.9,,,,26.81,23.97,29.24,,,,4.28,2.21,6.26,,,,,,,,,,,,,,,,,,,,,,,,,,,,,
2022-11-11,25.94,22.43,28.89,,,,26.83,24.0,29.25,,,,4.28,2.21,6.27,,,,,,,,,,,,,,,,,,,,,,,,,,,,,
2022-11-12,25.91,22.42,28.88,,,,26.84,24.02,29.25,,,,4.28,2.2,6.26,,,,,,,,,,,,,,,,,,,,,,,,,,,,,
2022-11-13,25.89,22.41,28.86,,,,26.86,24.04,29.26,,,,4.27,2.2,6.24,,,,,,,,,,,,,,,,,,,,,,,,,,,,,
2022-11-14,25.87,22.4,28.85,,,,26.88,24.06,29.26,,,,4.27,2.2,6.22,,,,,,,,,,,,,,,,,,,,,,24.0,27.0,5.0,,,,,
2022-11-15,25.85,22.39,28.84,,,,26.9,24.09,29.27,,,,4.26,2.19,6.21,,,,,,,,,,,,,,,,,,,,,,,,,,,,,
2022-11-16,25.82,22.38,28.83,,,,26.92,24.11,29.27,,,,4.26,2.19,6.2,,,,,,,,,,,,,,,,,,,,,,,,,,,,,
2022-11-17,25.8,22.37,28.83,,,,26.93,24.13,29.27,,,,4.26,2.18,6.21,,,,,,,,,,,,,,,,,,,,,,,,,,,,,
2022-11-18,25.78,22.36,28.83,,,,26.95,24.15,29.29,,,,4.25,2.18,6.21,,,,,,,,,,,,,,,,,,,,,,,,,,,,,
2022-11-19,25.75,22.35,28.83,,,,26.97,24.18,29.31,,,,4.25,2.18,6.19,,,,,,,,,,,,,,,,,,,,,,,,,,,,,
2022-11-20,25.73,22.34,28.83,,,,26.99,24.2,29.32,,,,4.25,2.17,6.18,,,,,,,,,,,,,,,,,,,,,,,,,,,,,
2022-11-21,25.71,22.34,28.82,,,,27.0,24.22,29.34,,,,4.24,2.17,6.18,,,,,,,,,,,,,,,,,,,,,,,,,,,,,
2022-11-22,25.69,22.33,28.79,,,,27.02,24.24,29.36,,,,4.24,2.17,6.19,,,,,,,,,,,,,,,,,,,,,,,,,,,,,
2022-11-23,25.66,22.31,28.76,,,,27.03,24.26,29.38,,,,4.24,2.16,6.21,,,,,,,,,,,,,,,,,,,,,,,,,,,,,
2022-11-24,25.64,22.3,28.72,,,,27.05,24.29,29.41,,,,4.23,2.17,6.22,,,,,,,,,,,,,,,,,,,,,,,,,,,,,
2022-11-25,25.62,22.28,28.69,,,,27.07,24.31,29.42,,,,4.23,2.16,6.23,,,,,,,,,,,,,,,,,,,,,,,,,,,,,
2022-11-26,25.59,22.25,28.66,,,,27.08,24.33,29.45,,,,4.23,2.15,6.24,,,,,,,,,,,,,,,,,,,,,,,,,,,,,
2022-11-27,25.57,22.21,28.63,,,,27.1,24.35,29.47,,,,4.22,2.15,6.25,,,,,,,,,,,,,,,,,,,,,,,,,,,,,
2022-11-28,25.55,22.19,28.61,,,,27.11,24.37,29.49,,,,4.22,2.15,6.26,,,,,,,,,,,,,,,,,,,,,,,,,,,,,
2022-11-29,25.52,22.18,28.59,,,,27.13,24.38,29.51,,,,4.22,2.15,6.27,,,,,,,,,,,,,,,,,,,,,,,,,,,,,
2022-11-30,25.5,22.16,28.56,,,,27.14,24.39,29.5,,,,4.21,2.14,6.28,,,,,,,,,,,,,,,,,,,,,,,,,,,,,
2022-12-01,25.48,22.14,28.52,,,,27.15,24.39,29.49,,,,4.21,2.14,6.29,,,,,,,,,,,,,,,,,,,,,,,,,,,,,
2022-12-02,25.45,22.12,28.47,,,,27.17,24.41,29.48,,,,4.21,2.14,6.27,,,,,,,,,,,,,,,,,,,,,,,,,,,,,
2022-12-03,25.43,22.1,28.43,,,,27.18,24.43,29.47,,,,4.21,2.13,6.24,,,,,,,,,,,,,,,,,,,,,,,,,,,,,
2022-12-04,25.41,22.07,28.38,,,,27.19,24.45,29.47,,,,4.2,2.13,6.22,,,,,,,,,,,,,,,,,,,,,,,,,,,,,
2022-12-05,25.38,22.05,28.35,,,,27.21,24.47,29.48,,,,4.2,2.13,6.2,,,,,,,,,,,,,,,,,,,,,,,,,,,,,
2022-12-06,25.36,22.03,28.3,,,,27.22,24.49,29.49,,,,4.2,2.12,6.2,,,,,,,,,,,,,,,,,,,,,,,,,,,,,
2022-12-07,25.34,22.01,28.26,,,,27.23,24.51,29.51,,,,4.19,2.12,6.21,,,,,,,,,,,,,,,,,,,,,,,,,,,,,
2022-12-08,25.31,21.99,28.22,,,,27.25,24.53,29.52,,,,4.19,2.12,6.21,,,,,,,,,,,,,,,,,,,,,,,,,,,,,
2022-12-09,25.29,21.97,28.18,,,,27.26,24.55,29.52,,,,4.19,2.12,6.21,,,,,,,,,,,,,,,,,,,,,,,,,,,,,
2022-12-10,25.27,21.95,28.14,,,,27.27,24.57,29.53,,,,4.18,2.12,6.22,,,,,,,,,,,,,,,,,,,,,,,,,,,,,
2022-12-11,25.24,21.93,28.11,,,,27.28,24.59,29.54,,,,4.18,2.11,6.22,,,,,,,,,,,,,,,,,,,,,,,,,,,,,
2022-12-12,25.22,21.91,28.1,,,,27.29,24.61,29.55,,,,4.18,2.11,6.22,,,,,,,,,,,,,,,,,,,,,,25.0,26.0,4.0,,,,,
2022-12-13,25.19,21.9,28.09,,,,27.31,24.62,29.55,,,,4.17,2.11,6.22,,,,,,,,,,,,,,,,,,,,,,,,,,,,,
2022-12-14,25.17,21.9,28.08,,,,27.32,24.64,29.56,,,,4.17,2.11,6.22,,,,,,,,,,,,,,,,,,,,,,,,,,,,,
2022-12-15,25.15,21.89,28.07,,,,27.33,24.66,29.59,,,,4.17,2.11,6.23,,,,,,,,,,,,,,,,,,,,,,,,,,,,,
2022-12-16,25.12,21.88,28.05,,,,27.34,24.67,29.62,,,,4.17,2.11,6.23,,,,,,,,,,,,,,,,,,,,,,,,,,,,,
2022-12-17,25.1,21.87,28.04,,,,27.35,24.67,29.64,,,,4.16,2.11,6.23,,,,,,,,,,,,,,,,,,,,,,,,,,,,,
2022-12-18,25.08,21.87,28.03,,,,27.36,24.68,29.67,,,,4.16,2.11,6.23,,,,,,,,,,,,,,,,,,,,,,,,,,,,,
2022-12-19,25.05,21.86,28.02,,,,27.37,24.68,29.7,,,,4.16,2.12,6.23,,,,,,,,,,,,,,,,,,,,,,,,,,,,,
2022-12-20,25.03,21.85,28.01,,,,27.38,24.69,29.73,,,,4.16,2.12,6.23,,,,,,,,,,,,,,,,,,,,,,,,,,,,,
2022-12-21,25.0,21.84,28.0,,,,27.39,24.69,29.76,,,,4.15,2.12,6.23,,,,,,,,,,,,,,,,,,,,,,,,,,,,,
2022-12-22,24.98,21.84,27.97,,,,27.4,24.7,29.78,,,,4.15,2.13,6.23,,,,,,,,,,,,,,,,,,,,,,,,,,,,,
2022-12-23,24.96,21.83,27.93,,,,27.4,24.71,29.79,,,,4.15,2.12,6.23,,,,,,,,,,,,,,,,,,,,,,,,,,,,,
2022-12-24,24.93,21.82,27.9,,,,27.41,24.71,29.8,,,,4.15,2.1,6.23,,,,,,,,,,,,,,,,,,,,,,,,,,,,,
2022-12-25,24.91,21.82,27.87,,,,27.42,24.72,29.8,,,,4.14,2.09,6.23,,,,,,,,,,,,,,,,,,,,,,,,,,,,,
2022-12-26,24.88,21.81,27.79,,,,27.43,24.72,29.81,,,,4.14,2.08,6.23,,,,,,,,,,,,,,,,,,,,,,,,,,,,,
2022-12-27,24.86,21.81,27.72,,,,27.44,24.73,29.81,,,,4.14,2.08,6.23,,,,,,,,,,,,,,,,,,,,,,,,,,,,,
2022-12-28,24.83,21.8,27.66,,,,27.45,24.73,29.81,,,,4.14,2.08,6.23,,,,,,,,,,,,,,,,,,,,,,,,,,,,,
2022-12-29,24.81,21.81,27.59,,,,27.45,24.75,29.82,,,,4.13,2.08,6.23,,,,,,,,,,,,,,,,,,,,,,,,,,,,,
2022-12-30,24.79,21.81,27.51,,,,27.46,24.75,29.82,,,,4.13,2.08,6.23,,,,,,,,,,,,,,,,,,,,,,,,,,,,,
2022-12-31,24.76,21.81,27.44,,,,27.47,24.76,29.82,,,,4.13,2.08,6.24,,,,,,,,,,,,,,,,,,,,,,,,,,,,,
2023-01-01,24.74,21.81,27.37,,,,27.48,24.76,29.83,,,,4.13,2.08,6.24,,,,,,,,,,,,,,,,,,,,,,,,,,,,,
2023-01-02,24.71,21.81,27.3,,,,27.48,24.77,29.85,,,,4.13,2.08,6.24,,,,,,,,,,,,,,,,,,,,,,,,,,,,,
2023-01-03,24.69,21.81,27.24,,,,27.49,24.77,29.85,,,,4.12,2.08,6.23,,,,,,,,,,,,,,,,,,,,,,,,,,,,,
2023-01-04,24.67,21.81,27.2,,,,27.49,24.79,29.88,,,,4.12,2.07,6.23,,,,,,,,,,,,,,,,,,,,,,,,,,,,,
2023-01-05,24.64,21.81,27.16,,,,27.5,24.82,29.9,,,,4.12,2.07,6.23,,,,,,,,,,,,,,,,,,,,,,,,,,,,,
2023-01-06,24.62,21.81,27.14,,,,27.51,24.84,29.93,,,,4.12,2.07,6.23,,,,,,,,,,,,,,,,,,,,,,,,,,,,,
2023-01-07,24.59,21.81,27.13,,,,27.51,24.87,29.95,,,,4.12,2.07,6.22,,,,,,,,,,,,,,,,,,,,,,,,,,,,,
2023-01-08,24.57,21.8,27.12,,,,27.52,24.89,29.96,,,,4.12,2.08,6.21,,,,,,,,,,,,,,,,,,,,,,,,,,,,,
2023-01-09,24.55,21.78,27.11,,,,27.52,24.92,29.95,,,,4.11,2.09,6.21,,,,,,,,,,,,,,,,,,,,,,25.0,31.0,3.0,,,,,
2023-01-10,24.52,21.77,27.1,,,,27.53,24.94,29.98,,,,4.11,2.1,6.21,,,,,,,,,,,,,,,,,,,,,,,,,,,,,
2023-01-11,24.5,21.75,27.09,,,,27.53,24.97,30.01,,,,4.11,2.11,6.21,,,,,,,,,,,,,,,,,,,,,,,,,,,,,
2023-01-12,24.48,21.73,27.08,,,,27.53,24.99,30.03,,,,4.11,2.13,6.2,,,,,,,,,,,,,,,,,,,,,,,,,,,,,
2023-01-13,24.45,21.73,27.07,,,,27.54,25.02,30.04,,,,4.11,2.14,6.2,,,,,,,,,,,,,,,,,,,,,,,,,,,,,
2023-01-14,24.43,21.73,27.05,,,,27.54,25.04,30.06,,,,4.11,2.15,6.21,,,,,,,,,,,,,,,,,,,,,,,,,,,,,
2023-01-15,24.41,21.72,27.05,,,,27.55,25.07,30.07,,,,4.11,2.15,6.21,,,,,,,,,,,,,,,,,,,,,,,,,,,,,
2023-01-16,24.38,21.72,27.04,,,,27.55,25.09,30.09,,,,4.11,2.14,6.2,,,,,,,,,,,,,,,,,,,,,,,,,,,,,
2023-01-17,24.36,21.72,27.03,,,,27.55,25.1,30.11,,,,4.11,2.13,6.19,,,,,,,,,,,,,,,,,,,,,,,,,,,,,
2023-01-18,24.34,21.68,26.99,,,,27.55,25.11,30.12,,,,4.11,2.12,6.19,,,,,,,,,,,,,,,,,,,,,,,,,,,,,
2023-01-19,24.31,21.64,26.95,,,,27.56,25.12,30.13,,,,4.1,2.11,6.19,,,,,,,,,,,,,,,,,,,,,,,,,,,,,
2023-01-20,24.29,21.61,26.91,,,,27.56,25.12,30.14,,,,4.1,2.12,6.18,,,,,,,,,,,,,,,,,,,,,,,,,,,,,
2023-01-21,24.27,21.6,26.91,,,,27.56,25.13,30.15,,,,4.1,2.12,6.18,,,,,,,,,,,,,,,,,,,,,,,,,,,,,
2023-01-22,24.25,21.59,26.87,,,,27.56,25.14,30.16,,,,4.1,2.13,6.18,,,,,,,,,,,,,,,,,,,,,,,,,,,,,
2023-01-23,24.23,21.59,26.84,,,,27.56,25.14,30.16,,,,4.1,2.14,6.18,,,,,,,,,,,,,,,,,,,,,,,,,,,,,
2023-01-24,24.2,21.6,26.81,,,,27.56,25.15,30.17,,,,4.1,2.15,6.18,,,,,,,,,,,,,,,,,,,,,,,,,,,,,
2023-01-25,24.18,21.61,26.79,,,,27.56,25.15,30.17,,,,4.1,2.16,6.18,,,,,,,,,,,,,,,,,,,,,,,,,,,,,
2023-01-26,24.16,21.6,26.78,,,,27.56,25.16,30.14,,,,4.1,2.16,6.18,,,,,,,,,,,,,,,,,,,,,,,,,,,,,
2023-01-27,24.14,21.59,26.76,,,,27.57,25.17,30.11,,,,4.1,2.17,6.18,,,,,,,,,,,,,,,,,,,,,,,,,,,,,
2023-01-28,24.12,21.57,26.74,,,,27.57,25.17,30.08,,,,4.1,2.17,6.16,,,,,,,,,,,,,,,,,,,,,,,,,,,,,
2023-01-29,24.1,21.56,26.73,,,,27.56,25.18,30.05,,,,4.1,2.18,6.16,,,,,,,,,,,,,,,,,,,,,,,,,,,,,
2023-01-30,24.08,21.54,26.71,,,,27.56,25.18,30.02,,,,4.1,2.19,6.16,,,,,,,,,,,,,,,,,,,,,,,,,,,,,
2023-01-31,24.06,21.53,26.69,,,,27.56,25.18,30.01,,,,4.1,2.2,6.16,,,,,,,,,,,,,,,,,,,,,,,,,,,,,
2023-02-01,24.04,21.49,26.67,,,,27.56,25.19,30.01,,,,4.11,2.2,6.15,,,,,,,,,,,,,,,,,,,,,,,,,,,,,
2023-02-02,24.02,21.48,26.66,,,,27.56,25.19,30.02,,,,4.11,2.2,6.15,,,,,,,,,,,,,,,,,,,,,,,,,,,,,
2023-02-03,24.0,21.47,26.64,,,,27.56,25.2,30.04,,,,4.11,2.19,6.15,,,,,,,,,,,,,,,,,,,,,,,,,,,,,
2023-02-04,23.98,21.46,26.62,,,,27.56,25.2,30.06,,,,4.11,2.19,6.15,,,,,,,,,,,,,,,,,,,,,,,,,,,,,
2023-02-05,23.96,21.46,26.61,,,,27.56,25.21,30.08,,,,4.11,2.18,6.16,,,,,,,,,,,,,,,,,,,,,,,,,,,,,
2023-02-06,23.94,21.44,26.58,,,,27.55,25.22,30.11,,,,4.11,2.18,6.16,,,,,,,,,,,,,,,,,,,,,,22.0,31.0,3.0,,,,,
2023-02-07,23.92,21.43,26.56,,,,27.55,25.21,30.1,,,,4.11,2.17,6.17,,,,,,,,,,,,,,,,,,,,,,,,,,,,,
2023-02-08,23.9,21.42,26.55,,,,27.55,25.21,30.08,,,,4.11,2.17,6.18,,,,,,,,,,,,,,,,,,,,,,,,,,,,,
2023-02-09,23.89,21.41,26.54,,,,27.54,25.22,30.07,,,,4.11,2.16,6.18,,,,,,,,,,,,,,,,,,,,,,,,,,,,,
2023-02-10,23.87,21.4,26.54,,,,27.54,25.22,30.05,,,,4.11,2.15,6.19,,,,,,,,,,,,,,,,,,,,,,,,,,,,,
2023-02-11,23.85,21.39,26.54,,,,27.54,25.22,30.05,,,,4.12,2.15,6.19,,,,,,,,,,,,,,,,,,,,,,,,,,,,,
2023-02-12,23.83,21.38,26.52,,,,27.53,25.22,30.02,,,,4.12,2.14,6.2,,,,,,,,,,,,,,,,,,,,,,,,,,,,,
2023-02-13,23.82,21.36,26.52,,,,27.53,25.23,29.99,,,,4.12,2.15,6.21,,,,,,,,,,,,,,,,,,,,,,,,,,,,,
2023-02-14,23.8,21.35,26.51,,,,27.52,25.23,29.97,,,,4.12,2.16,6.21,,,,,,,,,,,,,,,,,,,,,,,,,,,,,
2023-02-15,23.78,21.34,26.51,,,,27.52,25.24,29.96,,,,4.12,2.18,6.22,,,,,,,,,,,,,,,,,,,,,,,,,,,,,
2023-02-16,23.77,21.32,26.5,,,,27.52,25.25,29.93,,,,4.12,2.19,6.22,,,,,,,,,,,,,,,,,,,,,,,,,,,,,
2023-02-17,23.75,21.31,26.48,,,,27.51,25.24,29.91,,,,4.12,2.21,6.24,,,,,,,,,,,,,,,,,,,,,,,,,,,,,
2023-02-18,23.74,21.31,26.45,,,,27.51,25.23,29.89,,,,4.13,2.21,6.25,,,,,,,,,,,,,,,,,,,,,,,,,,,,,
2023-02-19,23.72,21.31,26.42,,,,27.5,25.23,29.87,,,,4.13,2.22,6.26,,,,,,,,,,,,,,,,,,,,,,,,,,,,,
2023-02-20,23.71,21.3,26.39,,,,27.49,25.23,29.84,,,,4.13,2.22,6.28,,,,,,,,,,,,,,,,,,,,,,,,,,,,,
2023-02-21,23.69,21.3,26.37,,,,27.49,25.24,29.82,,,,4.13,2.21,6.29,,,,,,,,,,,,,,,,,,,,,,,,,,,,,
2023-02-22,23.68,21.29,26.36,,,,27.48,25.24,29.79,,,,4.13,2.21,6.31,,,,,,,,,,,,,,,,,,,,,,,,,,,,,
2023-02-23,23.67,21.29,26.35,,,,27.48,25.24,29.77,,,,4.14,2.2,6.31,,,,,,,,,,,,,,,,,,,,,,,,,,,,,
2023-02-24,23.65,21.28,26.35,,,,27.47,25.24,29.75,,,,4.14,2.2,6.3,,,,,,,,,,,,,,,,,,,,,,,,,,,,,
2023-02-25,23.64,21.27,26.34,,,,27.46,25.24,29.72,,,,4.14,2.19,6.31,,,,,,,,,,,,,,,,,,,,,,,,,,,,,
2023-02-26,23.63,21.27,26.34,,,,27.46,25.24,29.69,,,,4.14,2.19,6.31,,,,,,,,,,,,,,,,,,,,,,,,,,,,,
2023-02-27,23.61,21.28,26.32,,,,27.45,25.23,29.7,,,,4.14,2.19,6.32,,,,,,,,,,,,,,,,,,,,,,,,,,,,,
2023-02-28,23.6,21.28,26.32,,,,27.44,25.23,29.73,,,,4.15,2.19,6.33,,,,,,,,,,,,,,,,,,,,,,,,,,,,,
2023-03-01,23.59,21.27,26.32,,,,27.43,25.23,29.74,,,,4.15,2.18,6.33,,,,,,,,,,,,,,,,,,,,,,,,,,,,,
2023-03-02,23.58,21.26,26.29,,,,27.43,25.23,29.77,,,,4.15,2.18,6.34,,,,,,,,,,,,,,,,,,,,,,,,,,,,,
2023-03-03,23.57,21.26,26.3,,,,27.42,25.23,29.76,,,,4.15,2.17,6.35,,,,,,,,,,,,,,,,,,,,,,,,,,,,,
2023-03-04,23.56,21.25,26.3,,,,27.41,25.24,29.73,,,,4.16,2.17,6.36,,,,,,,,,,,,,,,,,,,,,,,,,,,,,
2023-03-05,23.55,21.24,26.3,,,,27.4,25.24,29.7,,,,4.16,2.19,6.36,,,,,,,,,,,,,,,,,,,,,,,,,,,,,
2023-03-06,23.54,21.24,26.3,,,,27.39,25.24,29.67,,,,4.16,2.2,6.37,,,,,,,,,,,,,,,,,,,,,,22.0,31.0,4.0,,,,,
2023-03-07,23.53,21.24,26.3,,,,27.39,25.25,29.64,,,,4.16,2.2,6.38,,,,,,,,,,,,,,,,,,,,,,,,,,,,,
2023-03-08,23.52,21.23,26.3,,,,27.38,25.24,29.64,,,,4.17,2.19,6.39,,,,,,,,,,,,,,,,,,,,,,,,,,,,,
2023-03-09,23.51,21.23,26.3,,,,27.37,25.24,29.64,,,,4.17,2.19,6.39,,,,,,,,,,,,,,,,,,,,,,,,,,,,,
2023-03-10,23.5,21.23,26.3,,,,27.36,25.23,29.64,,,,4.17,2.18,6.39,,,,,,,,,,,,,,,,,,,,,,,,,,,,,
2023-03-11,23.49,21.23,26.29,,,,27.35,25.22,29.64,,,,4.17,2.18,6.39,,,,,,,,,,,,,,,,,,,,,,,,,,,,,
2023-03-12,23.48,21.23,26.29,,,,27.34,25.21,29.64,,,,4.18,2.18,6.39,,,,,,,,,,,,,,,,,,,,,,,,,,,,,
2023-03-13,23.47,21.22,26.29,,,,27.33,25.2,29.64,,,,4.18,2.18,6.39,,,,,,,,,,,,,,,,,,,,,,,,,,,,,
2023-03-14,23.47,21.22,26.29,,,,27.32,25.19,29.64,,,,4.18,2.19,6.38,,,,,,,,,,,,,,,,,,,,,,,,,,,,,
2023-03-15,23.46,21.22,26.29,,,,27.31,25.18,29.63,,,,4.19,2.2,6.38,,,,,,,,,,,,,,,,,,,,,,,,,,,,,
2023-03-16,23.45,21.22,26.27,,,,27.3,25.17,29.63,,,,4.19,2.21,6.38,,,,,,,,,,,,,,,,,,,,,,,,,,,,,
2023-03-17,23.44,21.22,26.25,,,,27.29,25.16,29.63,,,,4.19,2.22,6.38,,,,,,,,,,,,,,,,,,,,,,,,,,,,,
2023-03-18,23.44,21.22,26.23,,,,27.28,25.15,29.63,,,,4.19,2.23,6.38,,,,,,,,,,,,,,,,,,,,,,,,,,,,,
2023-03-19,23.43,21.22,26.23,,,,27.27,25.14,29.63,,,,4.2,2.23,6.38,,,,,,,,,,,,,,,,,,,,,,,,,,,,,
2023-03-20,23.42,21.22,26.23,,,,27.26,25.12,29.6,,,,4.2,2.24,6.38,,,,,,,,,,,,,,,,,,,,,,,,,,,,,
2023-03-21,23.42,21.22,26.24,,,,27.25,25.11,29.61,,,,4.2,2.25,6.38,,,,,,,,,,,,,,,,,,,,,,,,,,,,,
2023-03-22,23.41,21.22,26.24,,,,27.24,25.1,29.62,,,,4.21,2.26,6.38,,,,,,,,,,,,,,,,,,,,,,,,,,,,,
2023-03-23,23.41,21.22,26.25,,,,27.23,25.08,29.62,,,,4.21,2.27,6.39,,,,,,,,,,,,,,,,,,,,,,,,,,,,,
2023-03-24,23.4,21.22,26.26,,,,27.22,25.07,29.61,,,,4.21,2.29,6.42,,,,,,,,,,,,,,,,,,,,,,,,,,,,,
2023-03-25,23.4,21.2,26.26,,,,27.21,25.06,29.57,,,,4.21,2.3,6.43,,,,,,,,,,,,,,,,,,,,,,,,,,,,,
2023-03-26,23.39,21.17,26.27,,,,27.2,25.04,29.53,,,,4.22,2.31,6.43,,,,,,,,,,,,,,,,,,,,,,,,,,,,,
2023-03-27,23.39,21.15,26.27,,,,27.19,25.03,29.5,,,,4.22,2.32,6.43,,,,,,,,,,,,,,,,,,,,,,,,,,,,,
2023-03-28,23.38,21.15,26.27,,,,27.18,25.01,29.48,,,,4.22,2.3,6.44,,,,,,,,,,,,,,,,,,,,,,,,,,,,,
2023-03-29,23.38,21.15,26.27,,,,27.17,24.99,29.49,,,,4.23,2.28,6.44,,,,,,,,,,,,,,,,,,,,,,,,,,,,,
2023-03-30,23.37,21.15,26.26,,,,27.16,24.99,29.5,,,,4.23,2.27,6.45,,,,,,,,,,,,,,,,,,,,,,,,,,,,,
2023-03-31,23.37,21.15,26.25,,,,27.15,24.99,29.5,,,,4.23,2.25,6.45,,,,,,,,,,,,,,,,,,,,,,,,,,,,,
2023-04-01,23.37,21.14,26.24,,,,27.13,24.98,29.51,,,,4.24,2.24,6.45,,,,,,,,,,,,,,,,,,,,,,,,,,,,,
2023-04-02,23.36,21.14,26.24,,,,27.12,24.98,29.52,,,,4.24,2.23,6.44,,,,,,,,,,,,,,,,,,,,,,,,,,,,,
2023-04-03,23.36,21.15,26.23,,,,27.11,24.98,29.53,,,,4.24,2.21,6.46,,,,,,,,,,,,,,,,,,,,,,,,,,,,,
2023-04-04,23.36,21.16,26.22,,,,27.1,24.98,29.54,,,,4.25,2.2,6.49,,,,,,,,,,,,,,,,,,,,,,,,,,,,,
2023-04-05,23.35,21.15,26.22,,,,27.09,24.97,29.55,,,,4.25,2.19,6.47,,,,,,,,,,,,,,,,,,,,,,,,,,,,,
2023-04-06,23.35,21.14,26.22,,,,27.08,24.94,29.56,,,,4.25,2.2,6.45,,,,,,,,,,,,,,,,,,,,,,,,,,,,,
2023-04-07,23.35,21.13,26.21,,,,27.07,24.91,29.57,,,,4.25,2.22,6.44,,,,,,,,,,,,,,,,,,,,,,,,,,,,,
2023-04-08,23.35,21.12,26.21,,,,27.05,24.88,29.56,,,,4.26,2.23,6.44,,,,,,,,,,,,,,,,,,,,,,,,,,,,,
2023-04-09,23.35,21.11,26.2,,,,27.04,24.88,29.56,,,,4.26,2.23,6.42,,,,,,,,,,,,,,,,,,,,,,,,,,,,,
2023-04-10,23.34,21.11,26.19,,,,27.03,24.87,29.55,,,,4.26,2.24,6.42,,,,,,,,,,,,,,,,,,,,,,28.0,25.0,5.0,,,,,
2023-04-11,23.34,21.1,26.19,,,,27.02,24.87,29.55,,,,4.27,2.25,6.43,,,,,,,,,,,,,,,,,,,,,,,,,,,,,
2023-04-12,23.34,21.08,26.21,,,,27.01,24.86,29.54,,,,4.27,2.27,6.45,,,,,,,,,,,,,,,,,,,,,,,,,,,,,
2023-04-13,23.34,21.07,26.23,,,,27.0,24.85,29.54,,,,4.27,2.28,6.45,,,,,,,,,,,,,,,,,,,,,,,,,,,,,
2023-04-14,23.34,21.07,26.25,,,,26.98,24.85,29.53,,,,4.27,2.29,6.45,,,,,,,,,,,,,,,,,,,,,,,,,,,,,
2023-04-15,23.34,21.07,26.27,,,,26.97,24.85,29.52,,,,4.28,2.3,6.45,,,,,,,,,,,,,,,,,,,,,,,,,,,,,
2023-04-16,23.34,21.06,26.29,,,,26.96,24.85,29.5,,,,4.28,2.31,6.45,,,,,,,,,,,,,,,,,,,,,,,,,,,,,
2023-04-17,23.34,21.05,26.32,,,,26.95,24.85,29.46,,,,4.28,2.31,6.45,,,,,,,,,,,,,,,,,,,,,,,,,,,,,
2023-04-18,23.34,21.05,26.34,,,,26.94,24.84,29.42,,,,4.28,2.32,6.45,,,,,,,,,,,,,,,,,,,,,,,,,,,,,
2023-04-19,23.34,21.05,26.34,,,,26.92,24.84,29.4,,,,4.29,2.33,6.46,,,,,,,,,,,,,,,,,,,,,,,,,,,,,
2023-04-20,23.34,21.04,26.34,,,,26.91,24.84,29.36,,,,4.29,2.34,6.46,,,,,,,,,,,,,,,,,,,,,,,,,,,,,
2023-04-21,23.34,21.03,26.34,,,,26.9,24.83,29.32,,,,4.29,2.35,6.46,,,,,,,,,,,,,,,,,,,,,,,,,,,,,
2023-04-22,23.34,21.02,26.34,,,,26.89,24.81,29.29,,,,4.29,2.36,6.5,,,,,,,,,,,,,,,,,,,,,,,,,,,,,
2023-04-23,23.34,21.01,26.36,,,,26.87,24.78,29.25,,,,4.29,2.36,6.52,,,,,,,,,,,,,,,,,,,,,,,,,,,,,
2023-04-24,23.34,21.0,26.38,,,,26.86,24.76,29.21,,,,4.3,2.36,6.55,,,,,,,,,,,,,,,,,,,,,,,,,,,,,
2023-04-25,23.34,20.99,26.39,,,,26.85,24.74,29.18,,,,4.3,2.36,6.58,,,,,,,,,,,,,,,,,,,,,,,,,,,,,
2023-04-26,23.34,20.98,26.41,,,,26.84,24.72,29.14,,,,4.3,2.36,6.59,,,,,,,,,,,,,,,,,,,,,,,,,,,,,
2023-04-27,23.34,20.98,26.43,,,,26.83,24.7,29.11,,,,4.3,2.36,6.58,,,,,,,,,,,,,,,,,,,,,,,,,,,,,
2023-04-28,23.34,20.97,26.44,,,,26.81,24.68,29.07,,,,4.3,2.34,6.58,,,,,,,,,,,,,,,,,,,,,,,,,,,,,
2023-04-29,23.34,20.97,26.46,,,,26.8,24.66,29.03,,,,4.31,2.32,6.58,,,,,,,,,,,,,,,,,,,,,,,,,,,,,
2023-04-30,23.34,20.96,26.46,,,,26.79,24.64,28.99,,,,4.31,2.3,6.58,,,,,,,,,,,,,,,,,,,,,,,,,,,,,
2023-05-01,23.34,20.95,26.45,,,,26.78,24.62,28.95,,,,4.31,2.28,6.57,,,,,,,,,,,,,,,,,,,,,,,,,,,,,
2023-05-02,23.34,20.94,26.47,,,,26.76,24.6,28.92,,,,4.31,2.25,6.57,,,,,,,,,,,,,,,,,,,,,,,,,,,,,
2023-05-03,23.34,20.92,26.49,,,,26.75,24.58,28.88,,,,4.31,2.24,6.56,,,,,,,,,,,,,,,,,,,,,,,,,,,,,
2023-05-04,23.34,20.9,26.51,,,,26.74,24.56,28.84,,,,4.31,2.22,6.57,,,,,,,,,,,,,,,,,,,,,,,,,,,,,
2023-05-05,23.34,20.89,26.52,,,,26.73,24.54,28.8,,,,4.32,2.21,6.58,,,,,,,,,,,,,,,,,,,,,,,,,,,,,
2023-05-06,23.34,20.87,26.52,,,,26.72,24.52,28.76,,,,4.32,2.22,6.59,,,,,,,,,,,,,,,,,,,,,,,,,,,,,
2023-05-07,23.34,20.89,26.53,,,,26.7,24.51,28.75,,,,4.32,2.24,6.59,,,,,,,,,,,,,,,,,,,,,,,,,,,,,
2023-05-08,23.35,20.91,26.53,,,,26.69,24.48,28.73,,,,4.32,2.24,6.6,,,,,,,,,,,,,,,,,,,,,,25.0,24.0,4.0,,,,,
2023-05-09,23.35,20.92,26.53,,,,26.68,24.45,28.72,,,,4.32,2.26,6.61,,,,,,,,,,,,,,,,,,,,,,,,,,,,,
2023-05-10,23.35,20.93,26.53,,,,26.67,24.42,28.7,,,,4.32,2.28,6.61,,,,,,,,,,,,,,,,,,,,,,,,,,,,,
2023-05-11,23.35,20.92,26.54,,,,26.66,24.39,28.69,,,,4.32,2.29,6.61,,,,,,,,,,,,,,,,,,,,,,,,,,,,,
2023-05-12,23.35,20.92,26.52,,,,26.64,24.36,28.67,,,,4.33,2.28,6.62,,,,,,,,,,,,,,,,,,,,,,,,,,,,,
2023-05-13,23.35,20.92,26.5,,,,26.63,24.33,28.66,,,,4.33,2.27,6.63,,,,,,,,,,,,,,,,,,,,,,,,,,,,,
2023-05-14,23.35,20.92,26.49,,,,26.62,24.3,28.66,,,,4.33,2.27,6.63,,,,,,,,,,,,,,,,,,,,,,,,,,,,,
2023-05-15,23.35,20.91,26.47,,,,26.61,24.28,28.65,,,,4.33,2.26,6.64,,,,,,,,,,,,,,,,,,,,,,,,,,,,,
2023-05-16,23.35,20.91,26.45,,,,26.6,24.28,28.65,,,,4.33,2.26,6.64,,,,,,,,,,,,,,,,,,,,,,,,,,,,,
2023-05-17,23.35,20.9,26.45,,,,26.58,24.28,28.65,,,,4.33,2.25,6.65,,,,,,,,,,,,,,,,,,,,,,,,,,,,,
2023-05-18,23.35,20.89,26.43,,,,26.57,24.28,28.65,,,,4.33,2.25,6.66,,,,,,,,,,,,,,,,,,,,,,,,,,,,,
2023-05-19,23.35,20.88,26.41,,,,26.56,24.28,28.65,,,,4.33,2.24,6.66,,,,,,,,,,,,,,,,,,,,,,,,,,,,,
2023-05-20,23.35,20.87,26.4,,,,26.55,24.27,28.65,,,,4.33,2.23,6.67,,,,,,,,,,,,,,,,,,,,,,,,,,,,,
2023-05-21,23.35,20.86,26.38,,,,26.54,24.27,28.65,,,,4.33,2.23,6.67,,,,,,,,,,,,,,,,,,,,,,,,,,,,,
2023-05-22,23.35,20.84,26.36,,,,26.53,24.27,28.64,,,,4.33,2.22,6.67,,,,,,,,,,,,,,,,,,,,,,,,,,,,,
2023-05-23,23.35,20.83,26.35,,,,26.52,24.27,28.64,,,,4.34,2.22,6.66,,,,,,,,,,,,,,,,,,,,,,,,,,,,,
2023-05-24,23.35,20.82,26.33,,,,26.5,24.25,28.64,,,,4.34,2.21,6.66,,,,,,,,,,,,,,,,,,,,,,,,,,,,,
2023-05-25,23.35,20.81,26.31,,,,26.49,24.24,28.64,,,,4.34,2.21,6.67,,,,,,,,,,,,,,,,,,,,,,,,,,,,,
2023-05-26,23.35,20.8,26.31,,,,26.48,24.23,28.65,,,,4.34,2.21,6.69,,,,,,,,,,,,,,,,,,,,,,,,,,,,,
2023-05-27,23.35,20.79,26.31,,,,26.47,24.21,28.65,,,,4.34,2.2,6.69,,,,,,,,,,,,,,,,,,,,,,,,,,,,,
2023-05-28,23.35,20.78,26.32,,,,26.46,24.2,28.64,,,,4.34,2.2,6.69,,,,,,,,,,,,,,,,,,,,,,,,,,,,,
2023-05-29,23.35,20.77,26.33,,,,26.45,24.19,28.64,,,,4.34,2.19,6.69,,,,,,,,,,,,,,,,,,,,,,,,,,,,,
2023-05-30,23.35,20.76,26.34,,,,26.44,24.18,28.62,,,,4.34,2.18,6.69,,,,,,,,,,,,,,,,,,,,,,,,,,,,,
2023-05-31,23.35,20.75,26.34,,,,26.43,24.19,28.57,,,,4.34,2.18,6.69,,,,,,,,,,,,,,,,,,,,,,,,,,,,,
2023-06-01,23.35,20.74,26.35,,,,26.42,24.16,28.52,,,,4.34,2.17,6.68,,,,,,,,,,,,,,,,,,,,,,,,,,,,,
2023-06-02,23.35,20.73,26.36,,,,26.41,24.16,28.48,,,,4.34,2.16,6.68,,,,,,,,,,,,,,,,,,,,,,,,,,,,,
2023-06-03,23.35,20.73,26.36,,,,26.4,24.17,28.43,,,,4.34,2.16,6.68,,,,,,,,,,,,,,,,,,,,,,,,,,,,,
2023-06-04,23.35,20.72,26.37,,,,26.39,24.17,28.4,,,,4.34,2.15,6.67,,,,,,,,,,,,,,,,,,,,,,,,,,,,,
2023-06-05,23.35,20.71,26.37,,,,26.37,24.17,28.39,,,,4.34,2.13,6.67,,,,,,,,,,,,,,,,,,,,,,22.0,28.0,4.0,,,,,
2023-06-06,23.34,20.71,26.37,,,,26.36,24.17,28.36,,,,4.34,2.12,6.67,,,,,,,,,,,,,,,,,,,,,,,,,,,,,
2023-06-07,23.34,20.7,26.38,,,,26.35,24.17,28.35,,,,4.34,2.12,6.68,,,,,,,,,,,,,,,,,,,,,,,,,,,,,
2023-06-08,23.34,20.69,26.38,,,,26.34,24.17,28.33,,,,4.34,2.12,6.69,,,,,,,,,,,,,,,,,,,,,,,,,,,,,
2023-06-09,23.34,20.69,26.38,,,,26.33,24.17,28.32,,,,4.34,2.12,6.68,,,,,,,,,,,,,,,,,,,,,,,,,,,,,
2023-06-10,23.34,20.7,26.38,,,,26.32,24.16,28.31,,,,4.34,2.12,6.66,,,,,,,,,,,,,,,,,,,,,,,,,,,,,
2023-06-11,23.34,20.7,26.38,,,,26.31,24.15,28.31,,,,4.34,2.11,6.65,,,,,,,,,,,,,,,,,,,,,,,,,,,,,
2023-06-12,23.34,20.71,26.38,,,,26.3,24.14,28.29,,,,4.34,2.1,6.65,,,,,,,,,,,,,,,,,,,,,,,,,,,,,
2023-06-13,23.34,20.72,26.38,,,,26.29,24.12,28.29,,,,4.34,2.09,6.64,,,,,,,,,,,,,,,,,,,,,,,,,,,,,
2023-06-14,23.34,20.72,26.38,,,,26.28,24.11,28.29,,,,4.34,2.09,6.64,,,,,,,,,,,,,,,,,,,,,,,,,,,,,
2023-06-15,23.34,20.73,26.38,,,,26.27,24.09,28.29,,,,4.34,2.08,6.64,,,,,,,,,,,,,,,,,,,,,,,,,,,,,
2023-06-16,23.34,20.73,26.38,,,,26.26,24.07,28.28,,,,4.34,2.08,6.63,,,,,,,,,,,,,,,,,,,,,,,,,,,,,
2023-06-17,23.34,20.72,26.38,,,,26.25,24.05,28.28,,,,4.34,2.07,6.63,,,,,,,,,,,,,,,,,,,,,,,,,,,,,
2023-06-18,23.34,20.72,26.38,,,,26.24,24.04,28.27,,,,4.34,2.07,6.63,,,,,,,,,,,,,,,,,,,,,,,,,,,,,
2023-06-19,23.34,20.71,26.37,,,,26.23,24.02,28.27,,,,4.34,2.06,6.62,,,,,,,,,,,,,,,,,,,,,,,,,,,,,
2023-06-20,23.34,20.7,26.37,,,,26.22,24.0,28.26,,,,4.34,2.05,6.62,,,,,,,,,,,,,,,,,,,,,,,,,,,,,
2023-06-21,23.33,20.7,26.37,,,,26.21,23.99,28.25,,,,4.34,2.05,6.61,,,,,,,,,,,,,,,,,,,,,,,,,,,,,
2023-06-22,23.33,20.69,26.36,,,,26.2,23.97,28.25,,,,4.34,2.04,6.61,,,,,,,,,,,,,,,,,,,,,,,,,,,,,
2023-06-23,23.33,20.68,26.36,,,,26.19,23.96,28.24,,,,4.34,2.04,6.61,,,,,,,,,,,,,,,,,,,,,,,,,,,,,
2023-06-24,23.33,20.68,26.35,,,,26.18,23.94,28.23,,,,4.34,2.05,6.6,,,,,,,,,,,,,,,,,,,,,,,,,,,,,
2023-06-25,23.33,20.67,26.34,,,,26.17,23.92,28.23,,,,4.34,2.05,6.6,,,,,,,,,,,,,,,,,,,,,,,,,,,,,
2023-06-26,23.33,20.67,26.34,,,,26.16,23.91,28.22,,,,4.34,2.07,6.6,,,,,,,,,,,,,,,,,,,,,,,,,,,,,
2023-06-27,23.33,20.67,26.33,,,,26.15,23.9,28.21,,,,4.34,2.08,6.59,,,,,,,,,,,,,,,,,,,,,,,,,,,,,
2023-06-28,23.33,20.66,26.32,,,,26.15,23.9,28.2,,,,4.34,2.09,6.59,,,,,,,,,,,,,,,,,,,,,,,,,,,,,
2023-06-29,23.33,20.66,26.32,,,,26.14,23.89,28.2,,,,4.34,2.09,6.58,,,,,,,,,,,,,,,,,,,,,,,,,,,,,
2023-06-30,23.33,20.66,26.31,,,,26.13,23.88,28.19,,,,4.34,2.09,6.58,,,,,,,,,,,,,,,,,,,,,,,,,,,,,
2023-07-01,23.33,20.66,26.31,,,,26.12,23.87,28.18,,,,4.34,2.08,6.58,,,,,,,,,,,,,,,,,,,,,,,,,,,,,
2023-07-02,23.33,20.66,26.3,,,,26.11,23.86,28.17,,,,4.34,2.08,6.57,,,,,,,,,,,,,,,,,,,,,,,,,,,,,
2023-07-03,23.33,20.66,26.29,,,,26.1,23.85,28.16,,,,4.33,2.08,6.56,,,,,,,,,,,,,,,,,,,,,,19.0,25.0,4.0,,,,,
2023-07-04,23.33,20.66,26.3,,,,26.09,23.84,28.15,,,,4.33,2.09,6.55,,,,,,,,,,,,,,,,,,,,,,,,,,,,,
2023-07-05,23.33,20.66,26.3,,,,26.08,23.84,28.14,,,,4.33,2.1,6.54,,,,,,,,,,,,,,,,,,,,,,,,,,,,,
2023-07-06,23.33,20.66,26.29,,,,26.07,23.83,28.13,,,,4.33,2.09,6.53,,,,,,,,,,,,,,,,,,,,,,,,,,,,,
2023-07-07,23.33,20.66,26.28,,,,26.06,23.82,28.12,,,,4.33,2.08,6.52,,,,,,,,,,,,,,,,,,,,,,,,,,,,,
2023-07-08,23.33,20.66,26.27,,,,26.05,23.81,28.11,,,,4.33,2.06,6.53,,,,,,,,,,,,,,,,,,,,,,,,,,,,,
2023-07-09,23.33,20.66,26.26,,,,26.04,23.8,28.1,,,,4.33,2.06,6.53,,,,,,,,,,,,,,,,,,,,,,,,,,,,,
2023-07-10,23.33,20.67,26.25,,,,26.03,23.79,28.08,,,,4.33,2.06,6.53,,,,,,,,,,,,,,,,,,,,,,,,,,,,,
2023-07-11,23.33,20.67,26.23,,,,26.03,23.79,28.07,,,,4.33,2.06,6.54,,,,,,,,,,,,,,,,,,,,,,,,,,,,,
2023-07-12,23.33,20.74,26.22,,,,26.02,23.79,28.06,,,,4.33,2.06,6.53,,,,,,,,,,,,,,,,,,,,,,,,,,,,,
2023-07-13,23.33,20.8,26.22,,,,26.01,23.79,28.05,,,,4.33,2.06,6.53,,,,,,,,,,,,,,,,,,,,,,,,,,,,,
2023-07-14,23.33,20.88,26.21,,,,26.0,23.77,28.05,,,,4.33,2.07,6.52,,,,,,,,,,,,,,,,,,,,,,,,,,,,,
2023-07-15,23.33,20.96,26.19,,,,25.99,23.76,28.05,,,,4.32,2.07,6.52,,,,,,,,,,,,,,,,,,,,,,,,,,,,,
2023-07-16,23.33,20.98,26.18,,,,25.98,23.75,28.06,,,,4.32,2.06,6.52,,,,,,,,,,,,,,,,,,,,,,,,,,,,,
2023-07-17,23.33,20.98,26.18,,,,25.97,23.74,28.06,,,,4.32,2.05,6.51,,,,,,,,,,,,,,,,,,,,,,,,,,,,,
2023-07-18,23.33,20.96,26.18,,,,25.96,23.73,28.06,,,,4.32,2.03,6.51,,,,,,,,,,,,,,,,,,,,,,,,,,,,,
2023-07-19,23.34,20.94,26.17,,,,25.96,23.72,28.06,,,,4.32,2.02,6.5,,,,,,,,,,,,,,,,,,,,,,,,,,,,,
2023-07-20,23.34,20.92,26.17,,,,25.95,23.72,28.07,,,,4.32,2.01,6.5,,,,,,,,,,,,,,,,,,,,,,,,,,,,,
2023-07-21,23.34,20.89,26.17,,,,25.94,23.71,28.07,,,,4.32,2.01,6.49,,,,,,,,,,,,,,,,,,,,,,,,,,,,,
2023-07-22,23.34,20.87,26.17,,,,25.93,23.7,28.07,,,,4.32,2.01,6.49,,,,,,,,,,,,,,,,,,,,,,,,,,,,,
2023-07-23,23.34,20.85,26.17,,,,25.92,23.7,28.08,,,,4.32,2.02,6.49,,,,,,,,,,,,,,,,,,,,,,,,,,,,,
2023-07-24,23.34,20.83,26.17,,,,25.92,23.69,28.08,,,,4.31,2.04,6.48,,,,,,,,,,,,,,,,,,,,,,,,,,,,,
2023-07-25,23.34,20.83,26.16,,,,25.91,23.68,28.09,,,,4.31,2.06,6.48,,,,,,,,,,,,,,,,,,,,,,,,,,,,,
2023-07-26,23.34,20.85,26.16,,,,25.9,23.68,28.09,,,,4.31,2.05,6.47,,,,,,,,,,,,,,,,,,,,,,,,,,,,,
2023-07-27,23.34,20.87,26.16,,,,25.89,23.67,28.1,,,,4.31,2.04,6.47,,,,,,,,,,,,,,,,,,,,,,,,,,,,,
2023-07-28,23.34,20.89,26.16,,,,25.88,23.66,28.1,,,,4.31,2.03,6.47,,,,,,,,,,,,,,,,,,,,,,,,,,,,,
2023-07-29,23.34,20.92,26.15,,,,25.88,23.66,28.1,,,,4.31,2.03,6.47,,,,,,,,,,,,,,,,,,,,,,,,,,,,,
2023-07-30,23.34,20.93,26.14,,,,25.87,23.65,28.11,,,,4.3,2.02,6.46,,,,,,,,,,,,,,,,,,,,,,,,,,,,,
2023-07-31,23.34,20.93,26.14,,,,25.86,23.65,28.12,,,,4.3,2.01,6.46,,,,,,,,,,,,,,,,,,,,,,22.0,23.0,7.0,,,,,
2023-08-01,23.34,20.93,26.13,,,,25.86,23.61,28.12,,,,4.3,2.01,6.46,,,,,,,,,,,,,,,,,,,,,,,,,,,,,
2023-08-02,23.34,20.92,26.13,,,,25.85,23.58,28.12,,,,4.3,2.02,6.45,,,,,,,,,,,,,,,,,,,,,,,,,,,,,
2023-08-03,23.34,20.93,26.12,,,,25.84,23.57,28.12,,,,4.3,2.04,6.45,,,,,,,,,,,,,,,,,,,,,,,,,,,,,
2023-08-04,23.34,20.93,26.12,,,,25.83,23.55,28.13,,,,4.3,2.05,6.44,,,,,,,,,,,,,,,,,,,,,,,,,,,,,
2023-08-05,23.34,20.93,26.12,,,,25.83,23.54,28.11,,,,4.29,2.07,6.44,,,,,,,,,,,,,,,,,,,,,,,,,,,,,
2023-08-06,23.35,20.93,26.11,,,,25.82,23.54,28.05,,,,4.29,2.08,6.43,,,,,,,,,,,,,,,,,,,,,,,,,,,,,
2023-08-07,23.35,20.92,26.09,,,,25.82,23.54,27.99,,,,4.29,2.07,6.43,,,,,,,,,,,,,,,,,,,,,,,,,,,,,
2023-08-08,23.35,20.92,26.07,,,,25.81,23.54,27.95,,,,4.29,2.05,6.42,,,,,,,,,,,,,,,,,,,,,,,,,,,,,
2023-08-09,23.35,20.92,26.06,,,,25.8,23.53,27.92,,,,4.29,2.04,6.42,,,,,,,,,,,,,,,,,,,,,,,,,,,,,
2023-08-10,23.35,20.92,26.06,,,,25.8,23.53,27.91,,,,4.28,2.05,6.42,,,,,,,,,,,,,,,,,,,,,,,,,,,,,
2023-08-11,23.35,20.93,26.06,,,,25.79,23.53,27.9,,,,4.28,2.06,6.4,,,,,,,,,,,,,,,,,,,,,,,,,,,,,
2023-08-12,23.35,20.95,26.06,,,,25.78,23.53,27.9,,,,4.28,2.07,6.4,,,,,,,,,,,,,,,,,,,,,,,,,,,,,
2023-08-13,23.35,20.96,26.06,,,,25.78,23.53,27.9,,,,4.28,2.07,6.39,,,,,,,,,,,,,,,,,,,,,,,,,,,,,
2023-08-14,23.35,20.96,26.05,,,,25.77,23.53,27.9,,,,4.27,2.09,6.39,,,,,,,,,,,,,,,,,,,,,,,,,,,,,
2023-08-15,23.35,20.95,26.05,,,,25.77,23.53,27.89,,,,4.27,2.14,6.38,,,,,,,,,,,,,,,,,,,,,,,,,,,,,
2023-08-16,23.35,20.95,26.05,,,,25.76,23.52,27.87,,,,4.27,2.19,6.38,,,,,,,,,,,,,,,,,,,,,,,,,,,,,
2023-08-17,23.35,20.94,26.04,,,,25.76,23.5,27.84,,,,4.27,2.2,6.37,,,,,,,,,,,,,,,,,,,,,,,,,,,,,
2023-08-18,23.35,20.94,26.04,,,,25.75,23.48,27.84,,,,4.26,2.21,6.37,,,,,,,,,,,,,,,,,,,,,,,,,,,,,
2023-08-19,23.35,20.96,26.03,,,,25.75,23.47,27.85,,,,4.26,2.22,6.37,,,,,,,,,,,,,,,,,,,,,,,,,,,,,
2023-08-20,23.35,20.97,26.02,,,,25.74,23.46,27.85,,,,4.26,2.23,6.36,,,,,,,,,,,,,,,,,,,,,,,,,,,,,
2023-08-21,23.35,20.99,26.01,,,,25.74,23.45,27.85,,,,4.26,2.23,6.36,,,,,,,,,,,,,,,,,,,,,,,,,,,,,
2023-08-22,23.35,21.01,26.01,,,,25.73,23.44,27.85,,,,4.25,2.24,6.35,,,,,,,,,,,,,,,,,,,,,,,,,,,,,
2023-08-23,23.35,21.02,26.01,,,,25.73,23.44,27.85,,,,4.25,2.24,6.35,,,,,,,,,,,,,,,,,,,,,,,,,,,,,
2023-08-24,23.35,21.02,26.02,,,,25.73,23.43,27.85,,,,4.25,2.25,6.34,,,,,,,,,,,,,,,,,,,,,,,,,,,,,
2023-08-25,23.35,21.01,26.02,,,,25.72,23.42,27.86,,,,4.25,2.25,6.34,,,,,,,,,,,,,,,,,,,,,,,,,,,,,
2023-08-26,23.35,21.0,25.99,,,,25.72,23.41,27.86,,,,4.24,2.26,6.33,,,,,,,,,,,,,,,,,,,,,,,,,,,,,
2023-08-27,23.35,21.0,25.99,,,,25.72,23.41,27.86,,,,4.24,2.27,6.33,,,,,,,,,,,,,,,,,,,,,,,,,,,,,
2023-08-28,23.35,21.01,26.0,,,,25.71,23.4,27.86,,,,4.24,2.27,6.32,,,,,,,,,,,,,,,,,,,,,,24.0,23.0,5.0,,,,,
2023-08-29,23.35,21.01,26.01,,,,25.71,23.39,27.86,,,,4.23,2.26,6.3,,,,,,,,,,,,,,,,,,,,,,,,,,,,,
2023-08-30,23.35,21.02,26.01,,,,25.7,23.38,27.86,,,,4.23,2.24,6.29,,,,,,,,,,,,,,,,,,,,,,,,,,,,,
2023-08-31,23.35,21.03,26.02,,,,25.7,23.37,27.86,,,,4.23,2.23,6.3,,,,,,,,,,,,,,,,,,,,,,,,,,,,,
2023-09-01,23.36,21.04,26.02,,,,25.7,23.36,27.85,,,,4.22,2.23,6.31,,,,,,,,,,,,,,,,,,,,,,,,,,,,,
2023-09-02,23.36,21.05,26.03,,,,25.7,23.35,27.85,,,,4.22,2.24,6.31,,,,,,,,,,,,,,,,,,,,,,,,,,,,,
2023-09-03,23.36,21.06,26.03,,,,25.69,23.34,27.85,,,,4.22,2.25,6.3,,,,,,,,,,,,,,,,,,,,,,,,,,,,,
2023-09-04,23.36,21.07,26.03,,,,25.69,23.33,27.85,,,,4.21,2.26,6.3,,,,,,,,,,,,,,,,,,,,,,,,,,,,,
2023-09-05,23.36,21.08,26.02,,,,25.69,23.32,27.85,,,,4.21,2.26,6.29,,,,,,,,,,,,,,,,,,,,,,,,,,,,,
2023-09-06,23.36,21.09,26.02,,,,25.68,23.31,27.85,,,,4.21,2.27,6.3,,,,,,,,,,,,,,,,,,,,,,,,,,,,,
2023-09-07,23.36,21.1,26.02,,,,25.68,23.3,27.81,,,,4.2,2.28,6.3,,,,,,,,,,,,,,,,,,,,,,,,,,,,,
2023-09-08,23.36,21.11,26.02,,,,25.68,23.29,27.78,,,,4.2,2.29,6.29,,,,,,,,,,,,,,,,,,,,,,,,,,,,,
2023-09-09,23.36,21.1,26.02,,,,25.68,23.29,27.75,,,,4.2,2.3,6.29,,,,,,,,,,,,,,,,,,,,,,,,,,,,,
2023-09-10,23.36,21.1,26.02,,,,25.68,23.28,27.76,,,,4.19,2.3,6.29,,,,,,,,,,,,,,,,,,,,,,,,,,,,,
2023-09-11,23.36,21.09,26.02,,,,25.67,23.27,27.77,,,,4.19,2.3,6.28,,,,,,,,,,,,,,,,,,,,,,,,,,,,,
2023-09-12,23.36,21.08,26.02,,,,25.67,23.27,27.79,,,,4.19,2.31,6.28,,,,,,,,,,,,,,,,,,,,,,,,,,,,,
2023-09-13,23.36,21.08,26.02,,,,25.67,23.26,27.8,,,,4.18,2.3,6.28,,,,,,,,,,,,,,,,,,,,,,,,,,,,,
2023-09-14,23.36,21.07,26.01,,,,25.67,23.26,27.81,,,,4.18,2.28,6.27,,,,,,,,,,,,,,,,,,,,,,,,,,,,,
2023-09-15,23.36,21.06,26.01,,,,25.67,23.25,27.83,,,,4.17,2.26,6.27,,,,,,,,,,,,,,,,,,,,,,,,,,,,,
2023-09-16,23.36,21.06,26.01,,,,25.66,23.25,27.84,,,,4.17,2.25,6.27,,,,,,,,,,,,,,,,,,,,,,,,,,,,,
2023-09-17,23.36,21.05,26.01,,,,25.66,23.23,27.84,,,,4.17,2.23,6.26,,,,,,,,,,,,,,,,,,,,,,,,,,,,,
2023-09-18,23.36,21.05,26.01,,,,25.66,23.22,27.85,,,,4.16,2.21,6.26,,,,,,,,,,,,,,,,,,,,,,,,,,,,,
2023-09-19,23.36,21.05,26.01,,,,25.66,23.21,27.85,,,,4.16,2.19,6.27,,,,,,,,,,,,,,,,,,,,,,,,,,,,,
2023-09-20,23.36,21.05,26.01,,,,25.66,23.2,27.85,,,,4.16,2.19,6.28,,,,,,,,,,,,,,,,,,,,,,,,,,,,,
2023-09-21,23.36,21.04,26.0,,,,25.66,23.19,27.85,,,,4.15,2.2,6.29,,,,,,,,,,,,,,,,,,,,,,,,,,,,,
2023-09-22,23.36,21.04,25.98,,,,25.66,23.18,27.85,,,,4.15,2.2,6.3,,,,,,,,,,,,,,,,,,,,,,,,,,,,,
2023-09-23,23.36,21.03,26.0,,,,25.66,23.2,27.85,,,,4.14,2.2,6.31,,,,,,,,,,,,,,,,,,,,,,,,,,,,,
2023-09-24,23.36,21.03,26.01,,,,25.66,23.22,27.85,,,,4.14,2.19,6.31,,,,,,,,,,,,,,,,,,,,,,,,,,,,,
2023-09-25,23.36,21.02,26.01,,,,25.66,23.22,27.85,,,,4.13,2.18,6.32,,,,,,,,,,,,,,,,,,,,,,25.0,26.0,5.0,,,,,
2023-09-26,23.37,21.02,26.01,,,,25.66,23.22,27.85,,,,4.13,2.16,6.33,,,,,,,,,,,,,,,,,,,,,,,,,,,,,
2023-09-27,23.37,21.02,26.01,,,,25.66,23.22,27.85,,,,4.13,2.14,6.34,,,,,,,,,,,,,,,,,,,,,,,,,,,,,
2023-09-28,23.37,21.01,26.0,,,,25.66,23.22,27.85,,,,4.12,2.13,6.35,,,,,,,,,,,,,,,,,,,,,,,,,,,,,
2023-09-29,23.37,21.01,26.0,,,,25.66,23.23,27.85,,,,4.12,2.11,6.35,,,,,,,,,,,,,,,,,,,,,,,,,,,,,
2023-09-30,23.37,21.01,26.0,,,,25.66,23.23,27.85,,,,4.11,2.09,6.36,,,,,,,,,,,,,,,,,,,,,,,,,,,,,
2023-10-01,23.37,21.01,26.0,,,,25.66,23.23,27.85,,,,4.11,2.08,6.37,,,,,,,,,,,,,,,,,,,,,,,,,,,,,
2023-10-02,23.37,21.02,26.0,,,,25.66,23.23,27.85,,,,4.1,2.06,6.37,,,,,,,,,,,,,,,,,,,,,,,,,,,,,
2023-10-03,23.37,21.03,26.0,,,,25.66,23.23,27.85,,,,4.1,2.06,6.38,,,,,,,,,,,,,,,,,,,,,,,,,,,,,
2023-10-04,23.37,21.03,26.0,,,,25.66,23.24,27.84,,,,4.09,2.07,6.37,,,,,,,,,,,,,,,,,,,,,,,,,,,,,
2023-10-05,23.38,21.04,26.0,,,,25.66,23.24,27.84,,,,4.09,2.07,6.33,,,,,,,,,,,,,,,,,,,,,,,,,,,,,
2023-10-06,23.38,21.05,26.0,,,,25.66,23.26,27.84,,,,4.08,2.08,6.3,,,,,,,,,,,,,,,,,,,,,,,,,,,,,
2023-10-07,23.38,21.06,26.0,,,,25.66,23.28,27.83,,,,4.08,2.09,6.3,,,,,,,,,,,,,,,,,,,,,,,,,,,,,
2023-10-08,23.38,21.06,25.99,,,,25.67,23.3,27.82,,,,4.07,2.09,6.29,,,,,,,,,,,,,,,,,,,,,,,,,,,,,
2023-10-09,23.38,21.07,25.99,,,,25.67,23.3,27.81,,,,4.07,2.1,6.28,,,,,,,,,,,,,,,,,,,,,,,,,,,,,
2023-10-10,23.38,21.07,25.98,,,,25.67,23.31,27.81,,,,4.07,2.11,6.27,,,,,,,,,,,,,,,,,,,,,,,,,,,,,
2023-10-11,23.38,21.06,25.98,,,,25.67,23.31,27.82,,,,4.06,2.12,6.26,,,,,,,,,,,,,,,,,,,,,,,,,,,,,
2023-10-12,23.39,21.07,25.97,,,,25.67,23.31,27.83,,,,4.06,2.12,6.25,,,,,,,,,,,,,,,,,,,,,,,,,,,,,
2023-10-13,23.39,21.09,25.96,,,,25.68,23.33,27.84,,,,4.05,2.13,6.24,,,,,,,,,,,,,,,,,,,,,,,,,,,,,
2023-10-14,23.39,21.08,25.96,,,,25.68,23.36,27.85,,,,4.04,2.14,6.22,,,,,,,,,,,,,,,,,,,,,,,,,,,,,
2023-10-15,23.39,21.07,25.95,,,,25.68,23.38,27.86,,,,4.04,2.14,6.21,,,,,,,,,,,,,,,,,,,,,,,,,,,,,
2023-10-16,23.4,21.06,25.95,,,,25.68,23.41,27.88,,,,4.03,2.15,6.2,,,,,,,,,,,,,,,,,,,,,,,,,,,,,
2023-10-17,23.4,21.07,25.94,,,,25.69,23.43,27.89,,,,4.03,2.16,6.19,,,,,,,,,,,,,,,,,,,,,,,,,,,,,
2023-10-18,23.4,21.08,25.94,,,,25.69,23.45,27.89,,,,4.02,2.17,6.18,,,,,,,,,,,,,,,,,,,,,,,,,,,,,
2023-10-19,23.4,21.06,25.93,,,,25.69,23.47,27.9,,,,4.02,2.18,6.17,,,,,,,,,,,,,,,,,,,,,,,,,,,,,
2023-10-20,23.41,21.04,25.92,,,,25.69,23.5,27.91,,,,4.01,2.19,6.17,,,,,,,,,,,,,,,,,,,,,,,,,,,,,
2023-10-21,23.41,21.03,25.92,,,,25.7,23.5,27.93,,,,4.01,2.2,6.16,,,,,,,,,,,,,,,,,,,,,,,,,,,,,
2023-10-22,23.41,21.05,25.91,,,,25.7,23.5,27.94,,,,4.0,2.22,6.16,,,,,,,,,,,,,,,,,,,,,,,,,,,,,
2023-10-23,23.42,21.08,25.91,,,,25.7,23.5,27.95,,,,4.0,2.23,6.16,,,,,,,,,,,,,,,,,,,,,,22.0,28.0,3.0,,,,,
2023-10-24,23.42,21.11,25.9,,,,25.71,23.5,27.96,,,,3.99,2.23,6.15,,,,,,,,,,,,,,,,,,,,,,,,,,,,,
2023-10-25,23.43,21.11,25.89,,,,25.71,23.5,27.96,,,,3.99,2.22,6.15,,,,,,,,,,,,,,,,,,,,,,,,,,,,,
2023-10-26,23.43,21.1,25.89,,,,25.71,23.51,27.94,,,,3.98,2.23,6.14,,,,,,,,,,,,,,,,,,,,,,,,,,,,,
2023-10-27,23.43,21.09,25.9,,,,25.72,23.51,27.93,,,,3.97,2.24,6.13,,,,,,,,,,,,,,,,,,,,,,,,,,,,,
2023-10-28,23.44,21.08,25.9,,,,25.72,23.51,27.92,,,,3.97,2.23,6.13,,,,,,,,,,,,,,,,,,,,,,,,,,,,,
2023-10-29,23.44,21.08,25.9,,,,25.73,23.51,27.93,,,,3.96,2.19,6.13,,,,,,,,,,,,,,,,,,,,,,,,,,,,,
2023-10-30,23.45,21.08,25.89,,,,25.73,23.51,27.93,,,,3.96,2.18,6.12,,,,,,,,,,,,,,,,,,,,,,,,,,,,,
2023-10-31,23.45,21.09,25.89,,,,25.73,23.51,27.93,,,,3.95,2.19,6.12,,,,,,,,,,,,,,,,,,,,,,,,,,,,,
2023-11-01,23.46,21.1,25.88,,,,25.74,23.51,27.95,,,,3.94,2.2,6.12,,,,,,,,,,,,,,,,,,,,,,,,,,,,,
2023-11-02,23.46,21.11,25.85,,,,25.74,23.52,27.96,,,,3.94,2.22,6.11,,,,,,,,,,,,,,,,,,,,,,,,,,,,,
2023-11-03,23.47,21.12,25.84,,,,25.75,23.52,27.98,,,,3.93,2.21,6.11,,,,,,,,,,,,,,,,,,,,,,,,,,,,,
2023-11-04,23.48,21.13,25.84,,,,25.75,23.52,28.01,,,,3.93,2.2,6.11,,,,,,,,,,,,,,,,,,,,,,,,,,,,,
2023-11-05,23.48,21.16,25.83,,,,25.76,23.53,28.04,,,,3.92,2.19,6.12,,,,,,,,,,,,,,,,,,,,,,,,,,,,,
2023-11-06,23.49,21.15,25.84,,,,25.76,23.53,28.07,,,,3.91,2.18,6.13,,,,,,,,,,,,,,,,,,,,,,,,,,,,,
2023-11-07,23.49,21.16,25.85,,,,25.77,23.54,28.04,,,,3.91,2.17,6.13,,,,,,,,,,,,,,,,,,,,,,,,,,,,,
2023-11-08,23.5,21.18,25.86,,,,25.77,23.55,28.0,,,,3.9,2.16,6.13,,,,,,,,,,,,,,,,,,,,,,,,,,,,,
2023-11-09,23.51,21.19,25.86,,,,25.77,23.57,27.97,,,,3.89,2.15,6.13,,,,,,,,,,,,,,,,,,,,,,,,,,,,,
2023-11-10,23.52,21.21,25.85,,,,25.78,23.58,27.97,,,,3.89,2.15,6.13,,,,,,,,,,,,,,,,,,,,,,,,,,,,,
2023-11-11,23.52,21.24,25.85,,,,25.78,23.6,27.98,,,,3.88,2.13,6.13,,,,,,,,,,,,,,,,,,,,,,,,,,,,,
2023-11-12,23.53,21.26,25.85,,,,25.79,23.61,27.98,,,,3.88,2.12,6.13,,,,,,,,,,,,,,,,,,,,,,,,,,,,,
2023-11-13,23.54,21.29,25.85,,,,25.79,23.63,27.99,,,,3.87,2.11,6.13,,,,,,,,,,,,,,,,,,,,,,,,,,,,,
2023-11-14,23.55,21.32,25.85,,,,25.8,23.64,27.99,,,,3.86,2.09,6.13,,,,,,,,,,,,,,,,,,,,,,,,,,,,,
2023-11-15,23.56,21.34,25.84,,,,25.8,23.66,28.0,,,,3.86,2.06,6.13,,,,,,,,,,,,,,,,,,,,,,,,,,,,,
2023-11-16,23.56,21.37,25.84,,,,25.81,23.67,28.0,,,,3.85,2.06,6.11,,,,,,,,,,,,,,,,,,,,,,,,,,,,,
2023-11-17,23.57,21.4,25.84,,,,25.82,23.69,28.01,,,,3.84,2.06,6.08,,,,,,,,,,,,,,,,,,,,,,,,,,,,,
2023-11-18,23.58,21.42,25.84,,,,25.82,23.7,28.01,,,,3.84,2.06,6.06,,,,,,,,,,,,,,,,,,,,,,,,,,,,,
2023-11-19,23.59,21.44,25.84,,,,25.83,23.72,28.02,,,,3.83,2.05,6.03,,,,,,,,,,,,,,,,,,,,,,,,,,,,,
2023-11-20,23.6,21.47,25.84,,,,25.83,23.74,28.02,,,,3.82,2.04,6.02,,,,,,,,,,,,,,,,,,,,,,26.0,26.0,2.0,,,,,
2023-11-21,23.61,21.49,25.84,,,,25.84,23.75,28.03,,,,3.82,2.03,6.02,,,,,,,,,,,,,,,,,,,,,,,,,,,,,
2023-11-22,23.62,21.52,25.84,,,,25.84,23.77,28.03,,,,3.81,2.03,6.02,,,,,,,,,,,,,,,,,,,,,,,,,,,,,
2023-11-23,23.63,21.54,25.83,,,,25.85,23.79,28.04,,,,3.8,2.04,6.01,,,,,,,,,,,,,,,,,,,,,,,,,,,,,
2023-11-24,23.64,21.55,25.83,,,,25.86,23.8,28.05,,,,3.8,2.06,6.01,,,,,,,,,,,,,,,,,,,,,,,,,,,,,
2023-11-25,23.65,21.56,25.83,,,,25.86,23.82,28.05,,,,3.79,2.06,6.0,,,,,,,,,,,,,,,,,,,,,,,,,,,,,
2023-11-26,23.66,21.58,25.83,,,,25.87,23.84,28.05,,,,3.78,2.05,5.99,,,,,,,,,,,,,,,,,,,,,,,,,,,,,
2023-11-27,23.67,21.59,25.83,,,,25.87,23.86,28.04,,,,3.78,2.03,5.98,,,,,,,,,,,,,,,,,,,,,,,,,,,,,
2023-11-28,23.68,21.6,25.83,,,,25.88,23.87,28.05,,,,3.77,2.02,5.97,,,,,,,,,,,,,,,,,,,,,,,,,,,,,
2023-11-29,23.69,21.61,25.83,,,,25.89,23.86,28.06,,,,3.76,2.01,5.96,,,,,,,,,,,,,,,,,,,,,,,,,,,,,
2023-11-30,23.7,21.62,25.83,,,,25.89,23.86,28.06,,,,3.76,1.99,5.95,,,,,,,,,,,,,,,,,,,,,,,,,,,,,
2023-12-01,23.71,21.66,25.83,,,,25.9,23.88,28.06,,,,3.75,1.98,5.95,,,,,,,,,,,,,,,,,,,,,,,,,,,,,
2023-12-02,23.72,21.67,25.84,,,,25.91,23.91,28.06,,,,3.74,1.97,5.94,,,,,,,,,,,,,,,,,,,,,,,,,,,,,
2023-12-03,23.73,21.68,25.84,,,,25.91,23.93,28.06,,,,3.74,1.95,5.93,,,,,,,,,,,,,,,,,,,,,,,,,,,,,
2023-12-04,23.75,21.69,25.84,,,,25.92,23.96,28.06,,,,3.73,1.94,5.91,,,,,,,,,,,,,,,,,,,,,,,,,,,,,
2023-12-05,23.76,21.7,25.84,,,,25.93,23.95,28.07,,,,3.72,1.93,5.91,,,,,,,,,,,,,,,,,,,,,,,,,,,,,
2023-12-06,23.77,21.71,25.84,,,,25.93,23.96,28.08,,,,3.72,1.91,5.91,,,,,,,,,,,,,,,,,,,,,,,,,,,,,
2023-12-07,23.78,21.72,25.84,,,,25.94,23.98,28.06,,,,3.71,1.9,5.9,,,,,,,,,,,,,,,,,,,,,,,,,,,,,
2023-12-08,23.79,21.73,25.84,,,,25.95,24.0,28.05,,,,3.7,1.89,5.89,,,,,,,,,,,,,,,,,,,,,,,,,,,,,
2023-12-09,23.8,21.76,25.84,,,,25.95,24.02,28.05,,,,3.7,1.87,5.88,,,,,,,,,,,,,,,,,,,,,,,,,,,,,
2023-12-10,23.81,21.78,25.84,,,,25.96,24.04,28.05,,,,3.69,1.86,5.87,,,,,,,,,,,,,,,,,,,,,,,,,,,,,
2023-12-11,23.83,21.8,25.84,,,,25.97,24.06,28.05,,,,3.68,1.85,5.86,,,,,,,,,,,,,,,,,,,,,,,,,,,,,
2023-12-12,23.84,21.83,25.85,,,,25.98,24.08,28.06,,,,3.68,1.84,5.85,,,,,,,,,,,,,,,,,,,,,,,,,,,,,
2023-12-13,23.85,21.85,25.87,,,,25.98,24.1,28.08,,,,3.67,1.84,5.84,,,,,,,,,,,,,,,,,,,,,,,,,,,,,
2023-12-14,23.86,21.87,25.89,,,,25.99,24.13,28.09,,,,3.66,1.83,5.82,,,,,,,,,,,,,,,,,,,,,,,,,,,,,
2023-12-15,23.87,21.88,25.9,,,,26.0,24.15,28.08,,,,3.66,1.83,5.81,,,,,,,,,,,,,,,,,,,,,,,,,,,,,
2023-12-16,23.88,21.87,25.9,,,,26.01,24.14,28.07,,,,3.65,1.82,5.79,,,,,,,,,,,,,,,,,,,,,,,,,,,,,
2023-12-17,23.9,21.85,25.91,,,,26.01,24.13,28.07,,,,3.64,1.82,5.78,,,,,,,,,,,,,,,,,,,,,,,,,,,,,
2023-12-18,23.91,21.84,25.93,,,,26.02,24.12,28.07,,,,3.64,1.81,5.76,,,,,,,,,,,,,,,,,,,,,,22.0,27.0,4.0,,,,,
2023-12-19,23.92,21.88,25.95,,,,26.03,24.11,28.08,,,,3.63,1.81,5.75,,,,,,,,,,,,,,,,,,,,,,,,,,,,,
2023-12-20,23.93,21.92,25.97,,,,26.04,24.11,28.1,,,,3.62,1.8,5.73,,,,,,,,,,,,,,,,,,,,,,,,,,,,,
2023-12-21,23.94,21.96,25.99,,,,26.05,24.12,28.13,,,,3.62,1.8,5.72,,,,,,,,,,,,,,,,,,,,,,,,,,,,,
2023-12-22,23.96,21.99,26.01,,,,26.05,24.12,28.15,,,,3.61,1.79,5.72,,,,,,,,,,,,,,,,,,,,,,,,,,,,,
2023-12-23,23.97,22.01,26.03,,,,26.06,24.12,28.14,,,,3.6,1.79,5.73,,,,,,,,,,,,,,,,,,,,,,,,,,,,,
2023-12-24,23.98,22.02,26.05,,,,26.07,24.12,28.13,,,,3.6,1.78,5.74,,,,,,,,,,,,,,,,,,,,,,,,,,,,,
2023-12-25,23.99,22.03,26.07,,,,26.08,24.12,28.13,,,,3.59,1.78,5.71,,,,,,,,,,,,,,,,,,,,,,,,,,,,,
2023-12-26,24.0,22.05,26.09,,,,26.09,24.13,28.16,,,,3.59,1.77,5.66,,,,,,,,,,,,,,,,,,,,,,,,,,,,,
2023-12-27,24.01,22.06,26.11,,,,26.09,24.14,28.18,,,,3.58,1.77,5.63,,,,,,,,,,,,,,,,,,,,,,,,,,,,,
2023-12-28,24.03,22.07,26.12,,,,26.1,24.16,28.21,,,,3.57,1.77,5.61,,,,,,,,,,,,,,,,,,,,,,,,,,,,,
2023-12-29,24.04,22.08,26.11,,,,26.11,24.18,28.23,,,,3.57,1.78,5.6,,,,,,,,,,,,,,,,,,,,,,,,,,,,,
2023-12-30,24.05,22.09,26.11,,,,26.12,24.2,28.26,,,,3.56,1.78,5.58,,,,,,,,,,,,,,,,,,,,,,,,,,,,,
2023-12-31,24.06,22.1,26.1,,,,26.13,24.23,28.28,,,,3.55,1.78,5.57,,,,,,,,,,,,,,,,,,,,,,,,,,,,,
2024-01-01,24.07,22.1,26.09,,,,26.14,24.26,28.31,,,,3.55,1.78,5.56,,,,,,,,,,,,,,,,,,,,,,,,,,,,,
2024-01-02,24.08,22.1,26.09,,,,26.14,24.26,28.33,,,,3.54,1.75,5.56,,,,,,,,,,,,,,,,,,,,,,,,,,,,,
2024-01-03,24.1,22.11,26.08,,,,26.15,24.29,28.36,,,,3.54,1.74,5.56,,,,,,,,,,,,,,,,,,,,,,,,,,,,,
2024-01-04,24.11,22.14,26.07,,,,26.16,24.31,28.37,,,,3.53,1.74,5.54,,,,,,,,,,,,,,,,,,,,,,,,,,,,,
2024-01-05,24.12,22.17,26.07,,,,26.17,24.32,28.38,,,,3.52,1.74,5.52,,,,,,,,,,,,,,,,,,,,,,,,,,,,,
2024-01-06,24.13,22.17,26.08,,,,26.18,24.34,28.39,,,,3.52,1.74,5.5,,,,,,,,,,,,,,,,,,,,,,,,,,,,,
2024-01-07,24.14,22.17,26.09,,,,26.19,24.36,28.4,,,,3.51,1.73,5.48,,,,,,,,,,,,,,,,,,,,,,,,,,,,,
2024-01-08,24.15,22.18,26.11,,,,26.2,24.38,28.41,,,,3.51,1.73,5.48,,,,,,,,,,,,,,,,,,,,,,,,,,,,,
2024-01-09,24.16,22.18,26.11,,,,26.2,24.4,28.42,,,,3.5,1.72,5.48,,,,,,,,,,,,,,,,,,,,,,,,,,,,,
2024-01-10,24.17,22.19,26.1,,,,26.21,24.41,28.43,,,,3.5,1.71,5.48,,,,,,,,,,,,,,,,,,,,,,,,,,,,,
2024-01-11,24.18,22.19,26.09,,,,26.22,24.42,28.44,,,,3.49,1.71,5.48,,,,,,,,,,,,,,,,,,,,,,,,,,,,,
2024-01-12,24.19,22.19,26.09,,,,26.23,24.43,28.45,,,,3.48,1.7,5.48,,,,,,,,,,,,,,,,,,,,,,,,,,,,,
2024-01-13,24.21,22.2,26.1,,,,26.24,24.41,28.46,,,,3.48,1.69,5.48,,,,,,,,,,,,,,,,,,,,,,,,,,,,,
2024-01-14,24.22,22.2,26.11,,,,26.25,24.39,28.46,,,,3.47,1.69,5.48,,,,,,,,,,,,,,,,,,,,,,,,,,,,,
2024-01-15,24.23,22.2,26.12,,,,26.26,24.37,28.47,,,,3.47,1.68,5.49,,,,,,,,,,,,,,,,,,,,,,25.0,27.0,4.0,,,,,
2024-01-16,24.24,22.21,26.14,,,,26.26,24.35,28.48,,,,3.46,1.68,5.52,,,,,,,,,,,,,,,,,,,,,,,,,,,,,
2024-01-17,24.25,22.22,26.16,,,,26.27,24.33,28.49,,,,3.46,1.67,5.49,,,,,,,,,,,,,,,,,,,,,,,,,,,,,
2024-01-18,24.26,22.24,26.17,,,,26.28,24.32,28.5,,,,3.45,1.65,5.48,,,,,,,,,,,,,,,,,,,,,,,,,,,,,
2024-01-19,24.27,22.25,26.19,,,,26.29,24.3,28.51,,,,3.45,1.62,5.48,,,,,,,,,,,,,,,,,,,,,,,,,,,,,
2024-01-20,24.28,22.27,26.21,,,,26.3,24.28,28.52,,,,3.44,1.59,5.48,,,,,,,,,,,,,,,,,,,,,,,,,,,,,
2024-01-21,24.29,22.28,26.23,,,,26.31,24.26,28.53,,,,3.44,1.59,5.48,,,,,,,,,,,,,,,,,,,,,,,,,,,,,
2024-01-22,24.3,22.29,26.24,,,,26.32,24.24,28.53,,,,3.43,1.58,5.47,,,,,,,,,,,,,,,,,,,,,,,,,,,,,
2024-01-23,24.31,22.31,26.25,,,,26.32,24.25,28.54,,,,3.43,1.58,5.46,,,,,,,,,,,,,,,,,,,,,,,,,,,,,
2024-01-24,24.32,22.31,26.25,,,,26.33,24.25,28.55,,,,3.42,1.56,5.45,,,,,,,,,,,,,,,,,,,,,,,,,,,,,
2024-01-25,24.33,22.3,26.27,,,,26.34,24.26,28.56,,,,3.42,1.56,5.45,,,,,,,,,,,,,,,,,,,,,,,,,,,,,
2024-01-26,24.33,22.3,26.29,,,,26.35,24.26,28.58,,,,3.41,1.55,5.45,,,,,,,,,,,,,,,,,,,,,,,,,,,,,
2024-01-27,24.34,22.29,26.29,,,,26.36,24.27,28.61,,,,3.41,1.55,5.45,,,,,,,,,,,,,,,,,,,,,,,,,,,,,
2024-01-28,24.35,22.28,26.33,,,,26.37,24.29,28.62,,,,3.4,1.55,5.45,,,,,,,,,,,,,,,,,,,,,,,,,,,,,
2024-01-29,24.36,22.27,26.36,,,,26.38,24.31,28.62,,,,3.4,1.54,5.46,,,,,,,,,,,,,,,,,,,,,,,,,,,,,
2024-01-30,24.37,22.27,26.38,,,,26.38,24.33,28.64,,,,3.39,1.54,5.46,,,,,,,,,,,,,,,,,,,,,,,,,,,,,
2024-01-31,24.38,22.29,26.4,,,,26.39,24.34,28.65,,,,3.39,1.53,5.46,,,,,,,,,,,,,,,,,,,,,,,,,,,,,
2024-02-01,24.39,22.3,26.42,,,,26.4,24.36,28.66,,,,3.38,1.52,5.46,,,,,,,,,,,,,,,,,,,,,,,,,,,,,
2024-02-02,24.4,22.32,26.43,,,,26.41,24.39,28.68,,,,3.38,1.52,5.46,,,,,,,,,,,,,,,,,,,,,,,,,,,,,
2024-02-03,24.4,22.33,26.45,,,,26.42,24.42,28.69,,,,3.37,1.51,5.46,,,,,,,,,,,,,,,,,,,,,,,,,,,,,
2024-02-04,24.41,22.35,26.47,,,,26.42,24.45,28.7,,,,3.37,1.51,5.46,,,,,,,,,,,,,,,,,,,,,,,,,,,,,
2024-02-05,24.42,22.36,26.48,,,,26.43,24.48,28.72,,,,3.36,1.5,5.46,,,,,,,,,,,,,,,,,,,,,,,,,,,,,
2024-02-06,24.43,22.36,26.5,,,,26.44,24.52,28.73,,,,3.36,1.49,5.46,,,,,,,,,,,,,,,,,,,,,,,,,,,,,
2024-02-07,24.44,22.35,26.52,,,,26.45,24.52,28.74,,,,3.36,1.48,5.45,,,,,,,,,,,,,,,,,,,,,,,,,,,,,
2024-02-08,24.45,22.36,26.53,,,,26.45,24.52,28.76,,,,3.35,1.46,5.45,,,,,,,,,,,,,,,,,,,,,,,,,,,,,
2024-02-09,24.45,22.39,26.55,,,,26.46,24.51,28.77,,,,3.35,1.45,5.45,,,,,,,,,,,,,,,,,,,,,,,,,,,,,
2024-02-10,24.46,22.41,26.57,,,,26.47,24.53,28.78,,,,3.34,1.45,5.45,,,,,,,,,,,,,,,,,,,,,,,,,,,,,
2024-02-11,24.47,22.43,26.58,,,,26.48,24.55,28.79,,,,3.34,1.43,5.45,,,,,,,,,,,,,,,,,,,,,,25.0,25.0,3.0,,,,,
2024-02-12,24.48,22.44,26.6,,,,26.48,24.56,28.82,,,,3.34,1.42,5.44,,,,,,,,,,,,,,,,,,,,,,,,,,,,,
2024-02-13,24.48,22.45,26.62,,,,26.49,24.57,28.83,,,,3.33,1.41,5.44,,,,,,,,,,,,,,,,,,,,,,,,,,,,,
2024-02-14,24.49,22.46,26.63,,,,26.5,24.59,28.84,,,,3.33,1.39,5.44,,,,,,,,,,,,,,,,,,,,,,,,,,,,,
2024-02-15,24.5,22.47,26.65,,,,26.5,24.61,28.85,,,,3.33,1.38,5.43,,,,,,,,,,,,,,,,,,,,,,,,,,,,,
2024-02-16,24.51,22.48,26.67,,,,26.51,24.63,28.86,,,,3.32,1.38,5.43,,,,,,,,,,,,,,,,,,,,,,,,,,,,,
2024-02-17,24.51,22.48,26.68,,,,26.52,24.65,28.87,,,,3.32,1.37,5.43,,,,,,,,,,,,,,,,,,,,,,,,,,,,,
2024-02-18,24.52,22.49,26.7,,,,26.52,24.66,28.88,,,,3.32,1.36,5.42,,,,,,,,,,,,,,,,,,,,,,,,,,,,,
2024-02-19,24.53,22.5,26.72,,,,26.53,24.67,28.89,,,,3.31,1.38,5.42,,,,,,,,,,,,,,,,,,,,,,,,,,,,,
2024-02-20,24.53,22.5,26.73,,,,26.54,24.68,28.9,,,,3.31,1.36,5.42,,,,,,,,,,,,,,,,,,,,,,,,,,,,,
2024-02-21,24.54,22.51,26.75,,,,26.54,24.67,28.91,,,,3.31,1.33,5.41,,,,,,,,,,,,,,,,,,,,,,,,,,,,,
2024-02-22,24.55,22.51,26.77,,,,26.55,24.68,28.92,,,,3.3,1.31,5.41,,,,,,,,,,,,,,,,,,,,,,,,,,,,,
2024-02-23,24.55,22.52,26.78,,,,26.55,24.68,28.93,,,,3.3,1.3,5.41,,,,,,,,,,,,,,,,,,,,,,,,,,,,,
2024-02-24,24.56,22.52,26.8,,,,26.56,24.69,28.94,,,,3.3,1.28,5.4,,,,,,,,,,,,,,,,,,,,,,,,,,,,,
2024-02-25,24.57,22.52,26.8,,,,26.57,24.69,28.95,,,,3.3,1.27,5.4,,,,,,,,,,,,,,,,,,,,,,,,,,,,,
2024-02-26,24.57,22.53,26.8,,,,26.57,24.7,28.97,,,,3.29,1.26,5.41,,,,,,,,,,,,,,,,,,,,,,,,,,,,,
2024-02-27,24.58,22.53,26.8,,,,26.58,24.69,28.98,,,,3.29,1.26,5.42,,,,,,,,,,,,,,,,,,,,,,,,,,,,,
2024-02-28,24.58,22.53,26.8,,,,26.58,24.68,28.99,,,,3.29,1.28,5.42,,,,,,,,,,,,,,,,,,,,,,,,,,,,,
2024-02-29,24.59,22.53,26.8,,,,26.59,24.68,29.0,,,,3.29,1.29,5.43,,,,,,,,,,,,,,,,,,,,,,,,,,,,,
2024-03-01,24.6,22.53,26.8,,,,26.59,24.67,29.01,,,,3.28,1.3,5.44,,,,,,,,,,,,,,,,,,,,,,,,,,,,,
2024-03-02,24.6,22.53,26.8,,,,26.6,24.66,29.01,,,,3.28,1.3,5.45,,,,,,,,,,,,,,,,,,,,,,,,,,,,,
2024-03-03,24.61,22.53,26.81,,,,26.6,24.65,29.02,,,,3.28,1.32,5.46,,,,,,,,,,,,,,,,,,,,,,,,,,,,,
2024-03-04,24.61,22.53,26.82,,,,26.61,24.64,29.03,,,,3.28,1.33,5.47,,,,,,,,,,,,,,,,,,,,,,,,,,,,,
2024-03-05,24.62,22.53,26.83,,,,26.61,24.63,29.04,,,,3.27,1.34,5.48,,,,,,,,,,,,,,,,,,,,,,,,,,,,,
2024-03-06,24.63,22.53,26.84,,,,26.62,24.62,29.04,,,,3.27,1.35,5.49,,,,,,,,,,,,,,,,,,,,,,,,,,,,,
2024-03-07,24.63,22.53,26.85,,,,26.62,24.62,29.05,,,,3.27,1.37,5.5,,,,,,,,,,,,,,,,,,,,,,,,,,,,,
2024-03-08,24.64,22.54,26.86,,,,26.63,24.61,29.06,,,,3.27,1.38,5.51,,,,,,,,,,,,,,,,,,,,,,,,,,,,,
2024-03-09,24.64,22.54,26.87,,,,26.63,24.6,29.06,,,,3.27,1.37,5.51,,,,,,,,,,,,,,,,,,,,,,,,,,,,,
2024-03-10,24.65,22.54,26.89,,,,26.63,24.59,29.07,,,,3.27,1.36,5.52,,,,,,,,,,,,,,,,,,,,,,,,,,,,,
2024-03-11,24.65,22.53,26.9,,,,26.64,24.58,29.08,,,,3.26,1.34,5.53,,,,,,,,,,,,,,,,,,,,,,22.0,26.0,3.0,,,,,
2024-03-12,24.66,22.53,26.91,,,,26.64,24.56,29.08,,,,3.26,1.32,5.54,,,,,,,,,,,,,,,,,,,,,,,,,,,,,
2024-03-13,24.67,22.54,26.93,,,,26.65,24.55,29.09,,,,3.26,1.3,5.55,,,,,,,,,,,,,,,,,,,,,,,,,,,,,
2024-03-14,24.67,22.55,26.94,,,,26.65,24.55,29.1,,,,3.26,1.28,5.56,,,,,,,,,,,,,,,,,,,,,,,,,,,,,
2024-03-15,24.68,22.53,26.95,,,,26.65,24.54,29.1,,,,3.26,1.26,5.56,,,,,,,,,,,,,,,,,,,,,,,,,,,,,
2024-03-16,24.68,22.52,26.98,,,,26.66,24.53,29.11,,,,3.26,1.24,5.57,,,,,,,,,,,,,,,,,,,,,,,,,,,,,
2024-03-17,24.69,22.51,26.99,,,,26.66,24.52,29.11,,,,3.26,1.22,5.57,,,,,,,,,,,,,,,,,,,,,,,,,,,,,
2024-03-18,24.69,22.51,27.0,,,,26.66,24.51,29.12,,,,3.26,1.21,5.57,,,,,,,,,,,,,,,,,,,,,,,,,,,,,
2024-03-19,24.7,22.5,27.01,,,,26.67,24.51,29.12,,,,3.25,1.19,5.58,,,,,,,,,,,,,,,,,,,,,,,,,,,,,
2024-03-20,24.7,22.5,27.02,,,,26.67,24.51,29.13,,,,3.25,1.17,5.58,,,,,,,,,,,,,,,,,,,,,,,,,,,,,
2024-03-21,24.71,22.5,27.03,,,,26.67,24.49,29.14,,,,3.25,1.15,5.59,,,,,,,,,,,,,,,,,,,,,,,,,,,,,
2024-03-22,24.71,22.49,27.04,,,,26.68,24.47,29.15,,,,3.25,1.14,5.59,,,,,,,,,,,,,,,,,,,,,,,,,,,,,
2024-03-23,24.72,22.48,27.06,,,,26.68,24.46,29.17,,,,3.25,1.12,5.6,,,,,,,,,,,,,,,,,,,,,,,,,,,,,
2024-03-24,24.72,22.47,27.07,,,,26.68,24.44,29.18,,,,3.25,1.11,5.6,,,,,,,,,,,,,,,,,,,,,,,,,,,,,
2024-03-25,24.73,22.47,27.07,,,,26.68,24.43,29.19,,,,3.25,1.09,5.61,,,,,,,,,,,,,,,,,,,,,,,,,,,,,
2024-03-26,24.73,22.46,27.08,,,,26.69,24.42,29.2,,,,3.25,1.07,5.61,,,,,,,,,,,,,,,,,,,,,,,,,,,,,
2024-03-27,24.74,22.46,27.09,,,,26.69,24.41,29.21,,,,3.25,1.06,5.62,,,,,,,,,,,,,,,,,,,,,,,,,,,,,
2024-03-28,24.74,22.45,27.1,,,,26.69,24.4,29.22,,,,3.25,1.06,5.61,,,,,,,,,,,,,,,,,,,,,,,,,,,,,
2024-03-29,24.75,22.45,27.11,,,,26.69,24.39,29.23,,,,3.25,1.07,5.61,,,,,,,,,,,,,,,,,,,,,,,,,,,,,
2024-03-30,24.75,22.44,27.11,,,,26.69,24.37,29.25,,,,3.25,1.07,5.6,,,,,,,,,,,,,,,,,,,,,,,,,,,,,
2024-03-31,24.76,22.44,27.12,,,,26.7,24.36,29.26,,,,3.25,1.07,5.6,,,,,,,,,,,,,,,,,,,,,,,,,,,,,
2024-04-01,24.76,22.45,27.13,,,,26.7,24.35,29.27,,,,3.25,1.07,5.6,,,,,,,,,,,,,,,,,,,,,,,,,,,,,
2024-04-02,24.77,22.46,27.14,,,,26.7,24.34,29.28,,,,3.25,1.07,5.6,,,,,,,,,,,,,,,,,,,,,,,,,,,,,
2024-04-03,24.77,22.45,27.15,,,,26.7,24.33,29.28,,,,3.25,1.08,5.6,,,,,,,,,,,,,,,,,,,,,,,,,,,,,
2024-04-04,24.78,22.43,27.16,,,,26.7,24.32,29.29,,,,3.25,1.08,5.61,,,,,,,,,,,,,,,,,,,,,,,,,,,,,
2024-04-05,24.78,22.42,27.17,,,,26.71,24.3,29.3,,,,3.25,1.08,5.62,,,,,,,,,,,,,,,,,,,,,,,,,,,,,
2024-04-06,24.79,22.41,27.18,,,,26.71,24.29,29.31,,,,3.25,1.08,5.62,,,,,,,,,,,,,,,,,,,,,,,,,,,,,
2024-04-07,24.79,22.4,27.19,,,,26.71,24.28,29.32,,,,3.25,1.07,5.63,,,,,,,,,,,,,,,,,,,,,,,,,,,,,
2024-04-08,24.8,22.4,27.2,,,,26.71,24.27,29.33,,,,3.25,1.06,5.64,,,,,,,,,,,,,,,,,,,,,,25.0,24.0,3.0,,,,,
2024-04-09,24.8,22.39,27.21,,,,26.71,24.26,29.35,,,,3.25,1.05,5.64,,,,,,,,,,,,,,,,,,,,,,,,,,,,,
2024-04-10,24.81,22.39,27.22,,,,26.71,24.24,29.36,,,,3.25,1.04,5.65,,,,,,,,,,,,,,,,,,,,,,,,,,,,,
2024-04-11,24.81,22.38,27.23,,,,26.71,24.23,29.37,,,,3.25,1.03,5.66,,,,,,,,,,,,,,,,,,,,,,,,,,,,,
2024-04-12,24.82,22.38,27.24,,,,26.72,24.22,29.38,,,,3.25,1.02,5.67,,,,,,,,,,,,,,,,,,,,,,,,,,,,,
2024-04-13,24.82,22.38,27.25,,,,26.72,24.22,29.39,,,,3.25,1.01,5.67,,,,,,,,,,,,,,,,,,,,,,,,,,,,,
2024-04-14,24.83,22.37,27.26,,,,26.72,24.24,29.4,,,,3.25,0.99,5.68,,,,,,,,,,,,,,,,,,,,,,,,,,,,,
2024-04-15,24.83,22.37,27.27,,,,26.72,24.25,29.4,,,,3.25,0.98,5.69,,,,,,,,,,,,,,,,,,,,,,,,,,,,,
2024-04-16,24.84,22.36,27.29,,,,26.72,24.27,29.41,,,,3.25,0.97,5.7,,,,,,,,,,,,,,,,,,,,,,,,,,,,,
2024-04-17,24.84,22.36,27.31,,,,26.72,24.27,29.42,,,,3.25,0.98,5.7,,,,,,,,,,,,,,,,,,,,,,,,,,,,,
2024-04-18,24.85,22.35,27.34,,,,26.72,24.28,29.43,,,,3.25,0.98,5.71,,,,,,,,,,,,,,,,,,,,,,,,,,,,,
2024-04-19,24.85,22.34,27.37,,,,26.72,24.3,29.44,,,,3.25,0.98,5.72,,,,,,,,,,,,,,,,,,,,,,,,,,,,,
2024-04-20,24.86,22.34,27.4,,,,26.72,24.31,29.45,,,,3.25,0.97,5.73,,,,,,,,,,,,,,,,,,,,,,,,,,,,,
2024-04-21,24.86,22.34,27.41,,,,26.72,24.32,29.45,,,,3.25,0.96,5.74,,,,,,,,,,,,,,,,,,,,,,,,,,,,,
2024-04-22,24.87,22.33,27.41,,,,26.73,24.34,29.44,,,,3.25,0.96,5.74,,,,,,,,,,,,,,,,,,,,,,,,,,,,,
2024-04-23,24.87,22.33,27.42,,,,26.73,24.35,29.44,,,,3.25,0.95,5.75,,,,,,,,,,,,,,,,,,,,,,,,,,,,,
2024-04-24,24.88,22.33,27.42,,,,26.73,24.36,29.43,,,,3.25,0.95,5.76,,,,,,,,,,,,,,,,,,,,,,,,,,,,,
2024-04-25,24.88,22.32,27.43,,,,26.73,24.38,29.42,,,,3.25,0.94,5.77,,,,,,,,,,,,,,,,,,,,,,,,,,,,,
2024-04-26,24.89,22.32,27.44,,,,26.73,24.39,29.41,,,,3.25,0.94,5.78,,,,,,,,,,,,,,,,,,,,,,,,,,,,,
2024-04-27,24.89,22.32,27.45,,,,26.73,24.4,29.42,,,,3.25,0.94,5.78,,,,,,,,,,,,,,,,,,,,,,,,,,,,,
2024-04-28,24.9,22.32,27.45,,,,26.73,24.42,29.41,,,,3.25,0.93,5.78,,,,,,,,,,,,,,,,,,,,,,,,,,,,,
2024-04-29,24.9,22.32,27.46,,,,26.73,24.41,29.41,,,,3.25,0.93,5.78,,,,,,,,,,,,,,,,,,,,,,,,,,,,,
2024-04-30,24.91,22.31,27.46,,,,26.73,24.4,29.45,,,,3.25,0.93,5.79,,,,,,,,,,,,,,,,,,,,,,,,,,,,,
2024-05-01,24.91,22.31,27.47,,,,26.73,24.38,29.48,,,,3.25,0.93,5.81,,,,,,,,,,,,,,,,,,,,,,,,,,,,,
2024-05-02,24.92,22.31,27.47,,,,26.74,24.37,29.52,,,,3.25,0.92,5.82,,,,,,,,,,,,,,,,,,,,,,,,,,,,,
2024-05-03,24.92,22.31,27.48,,,,26.74,24.36,29.56,,,,3.25,0.92,5.83,,,,,,,,,,,,,,,,,,,,,,,,,,,,,
2024-05-04,24.93,22.31,27.48,,,,26.74,24.35,29.59,,,,3.25,0.92,5.84,,,,,,,,,,,,,,,,,,,,,,,,,,,,,
2024-05-05,24.93,22.31,27.48,,,,26.74,24.33,29.6,,,,3.26,0.92,5.85,,,,,,,,,,,,,,,,,,,,,,,,,,,,,
2024-05-06,24.94,22.3,27.49,,,,26.74,24.32,29.61,,,,3.26,0.92,5.86,,,,,,,,,,,,,,,,,,,,,,24.0,30.0,2.0,,,,,
2024-05-07,24.94,22.3,27.49,,,,26.74,24.31,29.62,,,,3.26,0.92,5.88,,,,,,,,,,,,,,,,,,,,,,,,,,,,,
2024-05-08,24.95,22.3,27.5,,,,26.74,24.3,29.61,,,,3.26,0.92,5.89,,,,,,,,,,,,,,,,,,,,,,,,,,,,,
2024-05-09,24.95,22.3,27.52,,,,26.74,24.28,29.6,,,,3.26,0.92,5.9,,,,,,,,,,,,,,,,,,,,,,,,,,,,,
2024-05-10,24.96,22.3,27.53,,,,26.75,24.27,29.58,,,,3.26,0.93,5.91,,,,,,,,,,,,,,,,,,,,,,,,,,,,,
2024-05-11,24.97,22.28,27.54,,,,26.75,24.26,29.57,,,,3.26,0.93,5.92,,,,,,,,,,,,,,,,,,,,,,,,,,,,,
2024-05-12,24.97,22.27,27.55,,,,26.75,24.25,29.56,,,,3.26,0.93,5.93,,,,,,,,,,,,,,,,,,,,,,,,,,,,,
2024-05-13,24.98,22.26,27.55,,,,26.75,24.24,29.56,,,,3.26,0.94,5.94,,,,,,,,,,,,,,,,,,,,,,,,,,,,,
2024-05-14,24.98,22.24,27.57,,,,26.75,24.23,29.55,,,,3.26,0.94,5.95,,,,,,,,,,,,,,,,,,,,,,,,,,,,,
2024-05-15,24.99,22.22,27.59,,,,26.75,24.22,29.56,,,,3.26,0.95,5.97,,,,,,,,,,,,,,,,,,,,,,,,,,,,,
2024-05-16,24.99,22.2,27.6,,,,26.75,24.21,29.57,,,,3.26,0.94,5.98,,,,,,,,,,,,,,,,,,,,,,,,,,,,,
2024-05-17,25.0,22.19,27.62,,,,26.76,24.2,29.58,,,,3.26,0.94,5.99,,,,,,,,,,,,,,,,,,,,,,,,,,,,,
2024-05-18,25.0,22.18,27.64,,,,26.76,24.19,29.59,,,,3.26,0.95,6.0,,,,,,,,,,,,,,,,,,,,,,,,,,,,,
2024-05-19,25.01,22.19,27.66,,,,26.76,24.18,29.61,,,,3.26,0.95,6.01,,,,,,,,,,,,,,,,,,,,,,,,,,,,,
2024-05-20,25.01,22.19,27.68,,,,26.76,24.18,29.62,,,,3.26,0.93,6.02,,,,,,,,,,,,,,,,,,,,,,,,,,,,,
2024-05-21,25.02,22.19,27.7,,,,26.76,24.17,29.63,,,,3.26,0.9,6.03,,,,,,,,,,,,,,,,,,,,,,,,,,,,,
2024-05-22,25.02,22.2,27.72,,,,26.77,24.16,29.65,,,,3.26,0.89,6.04,,,,,,,,,,,,,,,,,,,,,,,,,,,,,
2024-05-23,25.03,22.2,27.74,,,,26.77,24.15,29.66,,,,3.26,0.89,6.04,,,,,,,,,,,,,,,,,,,,,,,,,,,,,
2024-05-24,25.04,22.19,27.76,,,,26.77,24.14,29.67,,,,3.26,0.88,6.05,,,,,,,,,,,,,,,,,,,,,,,,,,,,,
2024-05-25,25.04,22.18,27.78,,,,26.77,24.13,29.68,,,,3.26,0.88,6.06,,,,,,,,,,,,,,,,,,,,,,,,,,,,,
2024-05-26,25.05,22.18,27.8,,,,26.78,24.13,29.7,,,,3.26,0.86,6.06,,,,,,,,,,,,,,,,,,,,,,,,,,,,,
2024-05-27,25.05,22.17,27.82,,,,26.78,24.13,29.7,,,,3.26,0.86,6.07,,,,,,,,,,,,,,,,,,,,,,,,,,,,,
2024-05-28,25.06,22.16,27.84,,,,26.78,24.13,29.72,,,,3.26,0.85,6.07,,,,,,,,,,,,,,,,,,,,,,,,,,,,,
2024-05-29,25.06,22.16,27.86,,,,26.78,24.13,29.73,,,,3.26,0.85,6.08,,,,,,,,,,,,,,,,,,,,,,,,,,,,,
2024-05-30,25.07,22.15,27.88,,,,26.79,24.13,29.75,,,,3.26,0.85,6.08,,,,,,,,,,,,,,,,,,,,,,,,,,,,,
2024-05-31,25.08,22.14,27.89,,,,26.79,24.14,29.76,,,,3.26,0.85,6.09,,,,,,,,,,,,,,,,,,,,,,,,,,,,,
2024-06-01,25.08,22.14,27.91,,,,26.79,24.14,29.78,,,,3.26,0.85,6.11,,,,,,,,,,,,,,,,,,,,,,,,,,,,,
2024-06-02,25.09,22.13,27.94,,,,26.79,24.14,29.79,,,,3.26,0.85,6.13,,,,,,,,,,,,,,,,,,,,,,30.0,27.0,3.0,,,,,
2024-06-03,25.09,22.13,27.96,,,,26.8,24.14,29.81,,,,3.26,0.85,6.14,,,,,,,,,,,,,,,,,,,,,,,,,,,,,
2024-06-04,25.1,22.12,27.98,,,,26.8,24.14,29.82,,,,3.26,0.84,6.15,,,,,,,,,,,,,,,,,,,,,,,,,,,,,
2024-06-05,25.1,22.12,28.0,,,,26.8,24.14,29.84,,,,3.26,0.84,6.16,,,,,,,,,,,,,,,,,,,,,,,,,,,,,
2024-06-06,25.11,22.11,28.0,,,,26.81,24.13,29.85,,,,3.26,0.84,6.14,,,,,,,,,,,,,,,,,,,,,,,,,,,,,
2024-06-07,25.12,22.09,28.01,,,,26.81,24.11,29.87,,,,3.26,0.84,6.13,,,,,,,,,,,,,,,,,,,,,,,,,,,,,
2024-06-08,25.12,22.07,28.01,,,,26.81,24.09,29.88,,,,3.26,0.84,6.14,,,,,,,,,,,,,,,,,,,,,,,,,,,,,
2024-06-09,25.13,22.06,28.02,,,,26.82,24.09,29.9,,,,3.26,0.84,6.14,,,,,,,,,,,,,,,,,,,,,,,,,,,,,
2024-06-10,25.14,22.06,28.02,,,,26.82,24.09,29.91,,,,3.26,0.84,6.15,,,,,,,,,,,,,,,,,,,,,,,,,,,,,
2024-06-11,25.14,22.05,28.03,,,,26.82,24.09,29.92,,,,3.26,0.84,6.16,,,,,,,,,,,,,,,,,,,,,,,,,,,,,
2024-06-12,25.15,22.05,28.05,,,,26.83,24.1,29.93,,,,3.26,0.84,6.16,,,,,,,,,,,,,,,,,,,,,,,,,,,,,
2024-06-13,25.16,22.05,28.08,,,,26.83,24.1,29.93,,,,3.26,0.84,6.17,,,,,,,,,,,,,,,,,,,,,,,,,,,,,
2024-06-14,25.16,22.04,28.11,,,,26.83,24.11,29.94,,,,3.26,0.84,6.18,,,,,,,,,,,,,,,,,,,,,,,,,,,,,
2024-06-15,25.17,22.04,28.14,,,,26.84,24.11,29.95,,,,3.26,0.84,6.18,,,,,,,,,,,,,,,,,,,,,,,,,,,,,
2024-06-16,25.18,22.03,28.16,,,,26.84,24.12,29.95,,,,3.26,0.84,6.19,,,,,,,,,,,,,,,,,,,,,,,,,,,,,
2024-06-17,25.18,22.03,28.19,,,,26.85,24.12,29.96,,,,3.26,0.84,6.2,,,,,,,,,,,,,,,,,,,,,,,,,,,,,
2024-06-18,25.19,22.03,28.22,,,,26.85,24.13,29.96,,,,3.26,0.84,6.2,,,,,,,,,,,,,,,,,,,,,,,,,,,,,
2024-06-19,25.2,22.02,28.25,,,,26.85,24.13,29.97,,,,3.26,0.84,6.21,,,,,,,,,,,,,,,,,,,,,,,,,,,,,
2024-06-20,25.2,22.02,28.28,,,,26.86,24.14,29.98,,,,3.26,0.84,6.21,,,,,,,,,,,,,,,,,,,,,,,,,,,,,
2024-06-21,25.21,22.01,28.29,,,,26.86,24.15,29.98,,,,3.26,0.81,6.22,,,,,,,,,,,,,,,,,,,,,,,,,,,,,
2024-06-22,25.22,22.02,28.3,,,,26.87,24.15,29.98,,,,3.26,0.78,6.22,,,,,,,,,,,,,,,,,,,,,,,,,,,,,
2024-06-23,25.22,22.02,28.3,,,,26.87,24.16,29.99,,,,3.26,0.76,6.22,,,,,,,,,,,,,,,,,,,,,,,,,,,,,
2024-06-24,25.23,22.02,28.31,,,,26.88,24.16,29.99,,,,3.26,0.75,6.22,,,,,,,,,,,,,,,,,,,,,,,,,,,,,
2024-06-25,25.24,22.01,28.32,,,,26.88,24.17,30.0,,,,3.26,0.73,6.22,,,,,,,,,,,,,,,,,,,,,,,,,,,,,
2024-06-26,25.25,22.0,28.33,,,,26.89,24.17,30.0,,,,3.26,0.71,6.23,,,,,,,,,,,,,,,,,,,,,,,,,,,,,
2024-06-27,25.25,21.98,28.33,,,,26.89,24.17,30.0,,,,3.26,0.69,6.23,,,,,,,,,,,,,,,,,,,,,,,,,,,,,
2024-06-28,25.26,21.98,28.34,,,,26.9,24.18,30.01,,,,3.26,0.67,6.24,,,,,,,,,,,,,,,,,,,,,,,,,,,,,
2024-06-29,25.27,21.97,28.35,,,,26.9,24.18,30.01,,,,3.26,0.64,6.24,,,,,,,,,,,,,,,,,,,,,,,,,,,,,
2024-06-30,25.28,21.94,28.35,,,,26.91,24.18,30.01,,,,3.26,0.62,6.25,,,,,,,,,,,,,,,,,,,,,,,,,,,,,
2024-07-01,25.29,21.92,28.36,,,,26.91,24.18,30.02,,,,3.26,0.59,6.26,,,,,,,,,,,,,,,,,,,,,,25.0,28.0,5.0,,,,,
2024-07-29,,,,24.57,20.48,29.79,,,,24.13,19.03,28.58,,,,4.0,-0.69,8.27,,,,,,,,,,,,,,,,,,,23.0,28.0,2.0,,,,,
2024-07-30,,,,24.6,20.53,29.81,,,,24.09,19.01,28.51,,,,4.02,-0.61,8.25,,,,,,,,,,,,,,,,,,,,,,,,,,
2024-07-31,,,,24.63,20.59,29.83,,,,24.04,18.98,28.41,,,,4.04,-0.53,8.27,,,,,,,,,,,,,,,,,,,,,,,,,,
2024-08-01,,,,24.65,20.64,29.85,,,,24.0,18.95,28.32,,,,4.06,-0.46,8.28,,,,,,,,,,,,,,,,,,,,,,,,,,
2024-08-02,,,,24.68,20.69,29.87,,,,23.96,19.01,28.25,,,,4.08,-0.45,8.29,,,,,,,,,,,,,,,,,,,,,,,,,,
2024-08-03,,,,24.71,20.79,29.89,,,,23.92,19.05,28.2,,,,4.1,-0.46,8.3,,,,,,,,,,,,,,,,,,,,,,,,,,
2024-08-04,,,,24.74,20.77,30.34,,,,23.87,18.72,28.09,,,,4.11,-0.82,8.25,,,,,,,,,,,,,,,,,,,,,,,,,,
2024-08-05,,,,24.77,20.27,30.34,,,,23.83,18.68,28.01,,,,4.13,-0.8,8.62,,,,,,,,,,,,,,,,,,,,,,,,,,
2024-08-06,,,,24.8,20.31,30.35,,,,23.8,18.7,27.96,,,,4.15,-0.76,8.59,,,,,,,,,,,,,,,,,,,,,,,,,,
2024-08-07,,,,24.83,20.36,30.36,,,,23.76,18.69,27.93,,,,4.16,-0.63,8.55,,,,,,,,,,,,,,,,,,,,,,,,,,
2024-08-08,,,,24.86,20.4,30.37,,,,23.72,18.67,27.9,,,,4.18,-0.54,8.52,,,,,,,,,,,,,,,,,,,,,,,,,,
2024-08-09,,,,24.89,20.57,30.38,,,,23.68,18.65,27.83,,,,4.2,-0.53,8.53,,,,,,,,,,,,,,,,,,,,,,,,,,
2024-08-10,,,,24.92,20.73,30.38,,,,23.65,18.63,27.75,,,,4.21,-0.51,8.54,,,,,,,,,,,,,,,,,,,,,,,,,,
2024-08-11,,,,24.95,20.78,30.39,,,,23.61,18.62,27.72,,,,4.23,-0.5,8.54,,,,,,,,,,,,,,,,,,,,,,,,,,
2024-08-12,,,,24.98,20.82,30.4,,,,23.58,18.59,27.67,,,,4.24,-0.47,8.54,,,,,,,,,,,,,,,,,,,,,,,,,,
2024-08-13,,,,25.0,20.85,30.41,,,,23.54,18.58,27.63,,,,4.26,-0.43,8.55,,,,,,,,,,,,,,,,,,,,,,,,,,
2024-08-14,,,,25.03,20.89,30.43,,,,23.51,18.56,27.59,,,,4.27,-0.42,8.54,,,,,,,,,,,,,,,,,,,,,,,,,,
2024-08-15,,,,25.06,20.96,30.47,,,,23.48,18.54,27.56,,,,4.29,-0.42,8.52,,,,,,,,,,,,,,,,,,,,,,,,,,
2024-08-16,,,,25.08,21.04,30.5,,,,23.44,18.52,27.53,,,,4.3,-0.41,8.5,,,,,,,,,,,,,,,,,,,,,,,,,,
2024-08-17,,,,25.11,21.12,30.54,,,,23.41,18.52,27.5,,,,4.32,-0.4,8.47,,,,,,,,,,,,,,,,,,,,,,,,,,
2024-08-18,,,,25.13,21.18,30.55,,,,23.38,18.53,27.44,,,,4.33,-0.39,8.43,,,,,,,,,,,,,,,,,,,,,,,,,,
2024-08-19,,,,25.15,21.21,30.52,,,,23.35,18.54,27.38,,,,4.34,-0.39,8.4,,,,,,,,,,,,,,,,,,,,,,,,,,
2024-08-20,,,,25.17,21.23,30.48,,,,23.32,18.55,27.34,,,,4.36,-0.37,8.39,,,,,,,,,,,,,,,,,,,,,,,,,,
2024-08-21,,,,25.2,21.25,30.45,,,,23.29,18.56,27.31,,,,4.37,-0.34,8.37,,,,,,,,,,,,,,,,,,,,,,,,,,
2024-08-22,,,,25.22,21.26,30.44,,,,23.26,18.56,27.27,,,,4.39,-0.29,8.36,,,,,,,,,,,,,,,,,,,,,,,,,,
2024-08-23,,,,25.24,21.3,30.39,,,,23.23,18.57,27.23,,,,4.4,-0.24,8.35,,,,,,,,,,,,,,,,,,,,,,,,,,
2024-08-24,,,,25.25,21.35,30.29,,,,23.2,18.57,27.17,,,,4.42,-0.19,8.34,,,,,,,,,,,,,,,,,,,,,,,,,,
2024-08-25,,,,25.27,21.4,30.21,,,,23.18,18.53,27.15,,,,4.43,-0.12,8.33,,,,,,,,,,,,,,,,,,,,,,,,,,
2024-08-26,,,,25.29,21.43,30.21,,,,23.15,18.52,27.14,,,,4.44,-0.04,8.33,,,,,,,,,,,,,,,,,,,,,,,,,,
2024-08-27,,,,25.31,21.42,30.24,,,,23.12,18.51,27.11,,,,4.46,0.04,8.31,,,,,,,,,,,,,,,,,,,,,,,,,,
2024-08-28,,,,25.32,21.41,30.28,,,,23.1,18.51,27.08,,,,4.47,0.11,8.28,,,,,,,,,,,,,,,,,,,,,,,,,,
2024-08-29,,,,25.34,21.38,30.28,,,,23.07,18.58,27.05,,,,4.49,0.19,8.23,,,,,,,,,,,,,,,,,,,,,,,,,,
2024-08-30,,,,25.35,21.36,30.21,,,,23.05,18.65,27.01,,,,4.5,0.27,8.19,,,,,,,,,,,,,,,,,,,,,,,,,,
2024-08-31,,,,25.37,21.33,30.22,,,,23.02,18.7,26.96,,,,4.51,0.35,8.15,,,,,,,,,,,,,,,,,,,,,,,,,,
2024-09-01,,,,25.38,21.34,30.25,,,,23.0,18.6,26.88,,,,4.53,0.45,8.16,,,,,,,,,,,,,,,,,,,,,,,,,,
2024-09-02,,,,25.39,21.32,30.29,,,,22.97,18.6,26.84,,,,4.54,0.49,8.16,,,,,,,,,,,,,,,,,,,,,,,,,,
2024-09-03,,,,25.4,21.31,30.28,,,,22.95,18.61,26.81,,,,4.56,0.54,8.15,,,,,,,,,,,,,,,,,,,,,,,,,,
2024-09-04,,,,25.42,21.32,30.21,,,,22.93,18.63,26.77,,,,4.57,0.58,8.15,,,,,,,,,,,,,,,,,,,,,,,,,,
2024-09-05,,,,25.43,21.33,30.21,,,,22.9,18.64,26.73,,,,4.58,0.6,8.15,,,,,,,,,,,,,,,,,,,,,,,,,,
2024-09-06,,,,25.44,21.34,30.18,,,,22.88,18.63,26.69,,,,4.6,0.65,8.14,,,,,,,,,,,,,,,,,,,,,,,,,,
2024-09-07,,,,25.45,21.36,30.16,,,,22.85,18.6,26.65,,,,4.61,0.74,8.14,,,,,,,,,,,,,,,,,,,,,,,,,,
2024-09-08,,,,25.46,21.4,30.13,,,,22.83,18.56,26.6,,,,4.63,0.77,8.13,,,,,,,,,,,,,,,,,,,,,,,,,,
2024-09-09,,,,25.47,21.43,30.06,,,,22.8,18.57,26.58,,,,4.64,0.79,8.11,,,,,,,,,,,,,,,,,,,26.0,22.0,5.0,,,,,
2024-09-10,,,,25.48,21.45,30.03,,,,22.77,18.58,26.55,,,,4.66,0.82,8.1,,,,,,,,,,,,,,,,,,,,,,,,,,
2024-09-11,,,,25.49,21.47,29.99,,,,22.74,18.56,26.52,,,,4.67,0.84,8.08,,,,,,,,,,,,,,,,,,,,,,,,,,
2024-09-12,,,,25.5,21.48,29.96,,,,22.71,18.52,26.5,,,,4.68,0.87,8.06,,,,,,,,,,,,,,,,,,,,,,,,,,
2024-09-13,,,,25.51,21.45,29.93,,,,22.68,18.49,26.46,,,,4.7,0.89,8.04,,,,,,,,,,,,,,,,,,,,,,,,,,
2024-09-14,,,,25.52,21.44,29.93,,,,22.65,18.46,26.42,,,,4.71,0.92,8.04,,,,,,,,,,,,,,,,,,,,,,,,,,
2024-09-15,,,,25.53,21.42,29.93,,,,22.62,18.44,26.37,,,,4.73,0.95,8.03,,,,,,,,,,,,,,,,,,,,,,,,,,
2024-09-16,,,,25.55,21.4,29.93,,,,22.59,18.4,26.34,,,,4.74,0.97,8.01,,,,,,,,,,,,,,,,,,,,,,,,,,
2024-09-17,,,,25.56,21.39,29.93,,,,22.55,18.38,26.32,,,,4.76,1.0,7.99,,,,,,,,,,,,,,,,,,,,,,,,,,
2024-09-18,,,,25.57,21.35,29.92,,,,22.52,18.36,26.32,,,,4.77,1.02,7.97,,,,,,,,,,,,,,,,,,,,,,,,,,
2024-09-19,,,,25.58,21.31,29.92,,,,22.48,18.35,26.31,,,,4.78,1.04,7.94,,,,,,,,,,,,,,,,,,,,,,,,,,
2024-09-20,,,,25.59,21.27,29.92,,,,22.44,18.36,26.3,,,,4.8,1.05,7.92,,,,,,,,,,,,,,,,,,,,,,,,,,
2024-09-21,,,,25.6,21.25,29.91,,,,22.4,18.36,26.27,,,,4.81,1.07,7.91,,,,,,,,,,,,,,,,,,,,,,,,,,
2024-09-22,,,,25.62,21.24,29.91,,,,22.36,18.36,26.25,,,,4.83,1.08,7.89,,,,,,,,,,,,,,,,,,,,,,,,,,
2024-09-23,,,,25.63,21.23,29.91,,,,22.32,18.35,26.24,,,,4.84,1.15,7.87,,,,,,,,,,,,,,,,,,,,,,,,,,
2024-09-24,,,,25.64,21.22,29.9,,,,22.28,18.35,26.21,,,,4.86,1.19,7.85,,,,,,,,,,,,,,,,,,,,,,,,,,
2024-09-25,,,,25.65,21.2,29.9,,,,22.24,18.35,26.19,,,,4.87,1.22,7.83,,,,,,,,,,,,,,,,,,,,,,,,,,
2024-09-26,,,,25.67,21.19,29.89,,,,22.2,18.35,26.16,,,,4.88,1.25,7.82,,,,,,,,,,,,,,,,,,,,,,,,,,
2024-09-27,,,,25.68,21.21,29.89,,,,22.16,18.34,26.13,,,,4.9,1.27,7.8,,,,,,,,,,,,,,,,,,,,,,,,,,
2024-09-28,,,,25.7,21.23,29.91,,,,22.11,18.29,26.09,,,,4.91,1.3,7.78,,,,,,,,,,,,,,,,,,,,,,,,,,
2024-09-29,,,,25.71,21.05,29.9,,,,22.07,18.05,26.17,,,,4.93,1.33,7.77,,,,,,,,,,,,,,,,,,,,,,,,,,
2024-09-30,,,,25.72,21.02,29.9,,,,22.02,17.99,26.15,,,,4.94,1.36,7.75,,,,,,,,,,,,,,,,,,,,,,,,,,
2024-10-01,,,,25.74,20.99,29.89,,,,21.98,17.87,26.09,,,,4.96,1.38,7.75,,,,,,,,,,,,,,,,,,,,,,,,,,
2024-10-02,,,,25.75,20.96,29.89,,,,21.93,17.75,26.02,,,,4.97,1.38,7.78,,,,,,,,,,,,,,,,,,,,,,,,,,
2024-10-03,,,,25.77,20.93,29.87,,,,21.88,17.7,25.95,,,,4.98,1.38,7.82,,,,,,,,,,,,,,,,,,,,,,,,,,
2024-10-04,,,,25.78,20.93,29.86,,,,21.83,17.69,25.87,,,,5.0,1.4,7.81,,,,,,,,,,,,,,,,,,,,,,,,,,
2024-10-05,,,,25.79,20.94,29.85,,,,21.79,17.67,25.82,,,,5.01,1.4,7.79,,,,,,,,,,,,,,,,,,,,,,,,,,
2024-10-06,,,,25.81,20.95,29.84,,,,21.74,17.65,25.78,,,,5.03,1.44,7.79,,,,,,,,,,,,,,,,,,,,,,,,,,
2024-10-07,,,,25.82,20.97,29.83,,,,21.69,17.63,25.75,,,,5.04,1.51,7.78,,,,,,,,,,,,,,,,,,,24.0,21.0,6.0,,,,,
2024-10-08,,,,25.84,20.99,29.82,,,,21.64,17.62,25.71,,,,5.05,1.58,7.81,,,,,,,,,,,,,,,,,,,,,,,,,,
2024-10-09,,,,25.85,21.02,29.81,,,,21.59,17.59,25.67,,,,5.07,1.65,7.87,,,,,,,,,,,,,,,,,,,,,,,,,,
2024-10-10,,,,25.87,21.04,29.8,,,,21.54,17.58,25.61,,,,5.08,1.7,7.92,,,,,,,,,,,,,,,,,,,,,,,,,,
2024-10-11,,,,25.88,21.07,29.79,,,,21.5,17.54,25.54,,,,5.1,1.72,7.97,,,,,,,,,,,,,,,,,,,,,,,,,,
2024-10-12,,,,25.89,21.1,29.78,,,,21.45,17.49,25.46,,,,5.11,1.73,8.03,,,,,,,,,,,,,,,,,,,,,,,,,,
2024-10-13,,,,25.91,21.12,29.77,,,,21.4,17.45,25.38,,,,5.12,1.73,8.08,,,,,,,,,,,,,,,,,,,,,,,,,,
2024-10-14,,,,25.92,21.14,29.76,,,,21.35,17.42,25.3,,,,5.13,1.74,8.12,,,,,,,,,,,,,,,,,,,,,,,,,,
2024-10-15,,,,25.94,21.16,29.74,,,,21.3,17.46,25.27,,,,5.15,1.76,8.18,,,,,,,,,,,,,,,,,,,,,,,,,,
2024-10-16,,,,25.95,21.19,29.73,,,,21.26,17.49,25.23,,,,5.16,1.77,8.22,,,,,,,,,,,,,,,,,,,,,,,,,,
2024-10-17,,,,25.96,21.22,29.74,,,,21.21,17.48,25.16,,,,5.17,1.78,8.25,,,,,,,,,,,,,,,,,,,,,,,,,,
2024-10-18,,,,25.98,21.24,29.72,,,,21.16,17.46,25.1,,,,5.19,1.79,8.28,,,,,,,,,,,,,,,,,,,,,,,,,,
2024-10-19,,,,25.99,21.27,29.72,,,,21.11,17.44,25.06,,,,5.2,1.81,8.27,,,,,,,,,,,,,,,,,,,,,,,,,,
2024-10-20,,,,26.0,21.28,29.71,,,,21.07,17.3,25.01,,,,5.21,1.83,8.25,,,,,,,,,,,,,,,,,,,,,,,,,,
2024-10-21,,,,26.02,21.28,29.69,,,,21.02,17.17,25.07,,,,5.22,1.8,8.23,,,,,,,,,,,,,,,,,,,,,,,,,,
2024-10-22,,,,26.03,21.27,29.68,,,,20.98,17.09,25.12,,,,5.23,1.81,8.21,,,,,,,,,,,,,,,,,,,,,,,,,,
2024-10-23,,,,26.04,21.29,29.67,,,,20.94,17.08,25.17,,,,5.24,1.83,8.19,,,,,,,,,,,,,,,,,,,,,,,,,,
2024-10-24,,,,26.05,21.33,29.66,,,,20.89,17.08,25.16,,,,5.25,1.87,8.21,,,,,,,,,,,,,,,,,,,,,,,,,,
2024-10-25,,,,26.07,21.36,29.64,,,,20.85,17.08,25.13,,,,5.26,1.9,8.22,,,,,,,,,,,,,,,,,,,,,,,,,,
2024-10-26,,,,26.08,21.39,29.63,,,,20.81,17.09,24.97,,,,5.27,1.91,8.22,,,,,,,,,,,,,,,,,,,,,,,,,,
2024-10-27,,,,26.09,21.42,29.62,,,,20.77,17.03,24.77,,,,5.28,1.93,8.27,,,,,,,,,,,,,,,,,,,,,,,,,,
2024-10-28,,,,26.1,21.45,29.6,,,,20.73,16.95,24.71,,,,5.29,1.96,8.3,,,,,,,,,,,,,,,,,,,,,,,,,,
2024-10-29,,,,26.11,21.46,29.63,,,,20.69,16.92,24.7,,,,5.3,1.97,8.31,,,,,,,,,,,,,,,,,,,,,,,,,,
2024-10-30,,,,26.12,21.46,29.65,,,,20.65,16.9,24.68,,,,5.31,1.99,8.31,,,,,,,,,,,,,,,,,,,,,,,,,,
2024-10-31,,,,26.13,21.49,29.69,,,,20.61,16.89,24.66,,,,5.32,2.01,8.32,,,,,,,,,,,,,,,,,,,,,,,,,,
2024-11-01,,,,26.15,21.51,29.72,,,,20.58,16.89,24.55,,,,5.32,2.03,8.32,,,,,,,,,,,,,,,,,,,,,,,,,,
2024-11-02,,,,26.16,21.53,29.74,,,,20.54,16.85,24.53,,,,5.33,2.05,8.34,,,,,,,,,,,,,,,,,,,,,,,,,,
2024-11-03,,,,26.17,21.56,29.77,,,,20.51,16.83,24.52,,,,5.34,2.08,8.34,,,,,,,,,,,,,,,,,,,,,,,,,,
2024-11-04,,,,26.18,21.58,29.8,,,,20.48,16.81,24.51,,,,5.35,2.09,8.34,,,,,,,,,,,,,,,,,,,31.0,20.0,5.0,,,,,
2024-11-05,,,,26.19,21.61,29.82,,,,20.45,16.8,24.5,,,,5.35,2.1,8.34,,,,,,,,,,,,,,,,,,,,,,,,,,
2024-11-06,,,,26.19,21.62,29.86,,,,20.42,16.79,24.49,,,,5.36,2.12,8.34,,,,,,,,,,,,,,,,,,,,,,,,,,
2024-11-07,,,,26.2,21.6,29.88,,,,20.39,16.77,24.48,,,,5.36,2.13,8.34,,,,,,,,,,,,,,,,,,,,,,,,,,
2024-11-08,,,,26.21,21.59,29.91,,,,20.36,16.77,24.46,,,,5.37,2.14,8.33,,,,,,,,,,,,,,,,,,,,,,,,,,
2024-11-09,,,,26.22,21.58,29.93,,,,20.33,16.75,24.45,,,,5.37,2.15,8.33,,,,,,,,,,,,,,,,,,,,,,,,,,
2024-11-10,,,,26.23,21.61,29.96,,,,20.3,16.73,24.43,,,,5.37,2.14,8.32,,,,,,,,,,,,,,,,,,,,,,,,,,
2024-11-11,,,,26.24,21.64,29.98,,,,20.28,16.72,24.4,,,,5.38,2.14,8.32,,,,,,,,,,,,,,,,,,,,,,,,,,
2024-11-12,,,,26.24,21.67,30.0,,,,20.25,16.69,24.41,,,,5.38,2.14,8.44,,,,,,,,,,,,,,,,,,,,,,,,,,
2024-11-13,,,,26.25,21.7,30.02,,,,20.23,16.71,24.41,,,,5.38,2.14,8.56,,,,,,,,,,,,,,,,,,,,,,,,,,
2024-11-14,,,,26.26,21.74,30.04,,,,20.21,16.7,24.39,,,,5.38,2.14,8.57,,,,,,,,,,,,,,,,,,,,,,,,,,
2024-11-15,,,,26.26,21.78,30.06,,,,20.18,16.68,24.32,,,,5.38,2.17,8.56,,,,,,,,,,,,,,,,,,,,,,,,,,
2024-11-16,,,,26.27,21.79,30.08,,,,20.16,16.67,24.28,,,,5.38,2.23,8.56,,,,,,,,,,,,,,,,,,,,,,,,,,
2024-11-17,,,,26.27,21.8,30.1,,,,20.14,16.66,24.27,,,,5.38,2.22,8.53,,,,,,,,,,,,,,,,,,,,,,,,,,
2024-11-18,,,,26.28,21.83,30.12,,,,20.12,16.64,24.26,,,,5.38,2.22,8.55,,,,,,,,,,,,,,,,,,,,,,,,,,
2024-11-19,,,,26.28,21.85,30.14,,,,20.1,16.63,24.25,,,,5.38,2.24,8.55,,,,,,,,,,,,,,,,,,,,,,,,,,
2024-11-20,,,,26.29,21.87,30.15,,,,20.08,16.58,24.24,,,,5.37,2.23,8.55,,,,,,,,,,,,,,,,,,,,,,,,,,
2024-11-21,,,,26.29,21.89,30.17,,,,20.06,16.53,24.23,,,,5.37,2.24,8.54,,,,,,,,,,,,,,,,,,,,,,,,,,
2024-11-22,,,,26.29,21.91,30.18,,,,20.04,16.53,24.22,,,,5.37,2.27,8.53,,,,,,,,,,,,,,,,,,,,,,,,,,
2024-11-23,,,,26.3,21.94,30.2,,,,20.02,16.53,24.21,,,,5.36,2.29,8.52,,,,,,,,,,,,,,,,,,,,,,,,,,
2024-11-24,,,,26.3,21.97,30.2,,,,20.0,16.54,24.2,,,,5.36,2.31,8.47,,,,,,,,,,,,,,,,,,,,,,,,,,
2024-11-25,,,,26.3,21.99,30.21,,,,19.98,16.52,24.16,,,,5.35,2.3,8.42,,,,,,,,,,,,,,,,,,,,,,,,,,
2024-11-26,,,,26.3,22.01,30.23,,,,19.96,16.5,24.13,,,,5.35,2.29,8.39,,,,,,,,,,,,,,,,,,,,,,,,,,
2024-11-27,,,,26.31,22.02,30.22,,,,19.94,16.48,24.08,,,,5.35,2.29,8.41,,,,,,,,,,,,,,,,,,,,,,,,,,
2024-11-28,,,,26.31,22.03,30.12,,,,19.92,16.46,24.04,,,,5.34,2.32,8.43,,,,,,,,,,,,,,,,,,,,,,,,,,
2024-11-29,,,,26.31,22.01,30.12,,,,19.91,16.44,24.0,,,,5.34,2.35,8.45,,,,,,,,,,,,,,,,,,,,,,,,,,
2024-11-30,,,,26.31,22.02,30.14,,,,19.89,16.44,23.95,,,,5.33,2.38,8.44,,,,,,,,,,,,,,,,,,,,,,,,,,
2024-12-01,,,,26.31,22.06,30.12,,,,19.87,16.43,23.9,,,,5.32,2.41,8.43,,,,,,,,,,,,,,,,,,,,,,,,,,
2024-12-02,,,,26.31,22.08,30.08,,,,19.85,16.4,23.86,,,,5.32,2.43,8.47,,,,,,,,,,,,,,,,,,,22.0,23.0,6.0,,,,,
2024-12-03,,,,26.32,22.09,30.05,,,,19.82,16.34,23.81,,,,5.31,2.46,8.51,,,,,,,,,,,,,,,,,,,,,,,,,,
2024-12-04,,,,26.32,22.11,30.09,,,,19.8,16.33,23.75,,,,5.31,2.48,8.51,,,,,,,,,,,,,,,,,,,,,,,,,,
2024-12-05,,,,26.32,22.12,30.12,,,,19.78,16.29,23.71,,,,5.3,2.5,8.48,,,,,,,,,,,,,,,,,,,,,,,,,,
2024-12-06,,,,26.32,22.13,30.14,,,,19.76,16.26,23.64,,,,5.3,2.53,8.44,,,,,,,,,,,,,,,,,,,,,,,,,,
2024-12-07,,,,26.32,22.13,30.12,,,,19.74,16.24,23.58,,,,5.29,2.51,8.4,,,,,,,,,,,,,,,,,,,,,,,,,,
2024-12-08,,,,26.32,22.12,30.1,,,,19.72,16.24,23.51,,,,5.29,2.46,8.37,,,,,,,,,,,,,,,,,,,,,,,,,,
2024-12-09,,,,26.32,22.11,30.08,,,,19.69,16.22,23.53,,,,5.28,2.44,8.42,,,,,,,,,,,,,,,,,,,,,,,,,,
2024-12-10,,,,26.32,22.14,30.05,,,,19.67,16.22,23.45,,,,5.27,2.37,8.42,,,,,,,,,,,,,,,,,,,,,,,,,,
2024-12-11,,,,26.32,22.18,30.08,,,,19.64,16.21,23.33,,,,5.27,2.32,8.39,,,,,,,,,,,,,,,,,,,,,,,,,,
2024-12-12,,,,26.32,22.22,30.08,,,,19.62,16.2,23.29,,,,5.26,2.28,8.35,,,,,,,,,,,,,,,,,,,,,,,,,,
2024-12-13,,,,26.31,22.23,30.07,,,,19.59,16.2,23.31,,,,5.26,2.25,8.36,,,,,,,,,,,,,,,,,,,,,,,,,,
2024-12-14,,,,26.31,22.24,30.05,,,,19.56,16.19,23.33,,,,5.25,2.26,8.43,,,,,,,,,,,,,,,,,,,,,,,,,,
2024-12-15,,,,26.31,22.25,30.02,,,,19.53,16.19,23.34,,,,5.25,2.26,8.5,,,,,,,,,,,,,,,,,,,,,,,,,,
2024-12-16,,,,26.31,22.26,30.0,,,,19.5,16.17,23.36,,,,5.24,2.22,8.57,,,,,,,,,,,,,,,,,,,,,,,,,,
2024-12-17,,,,26.31,22.27,30.04,,,,19.47,16.13,23.37,,,,5.23,2.18,8.64,,,,,,,,,,,,,,,,,,,,,,,,,,
2024-12-18,,,,26.31,22.29,30.06,,,,19.44,16.1,23.37,,,,5.23,2.14,8.71,,,,,,,,,,,,,,,,,,,,,,,,,,
2024-12-19,,,,26.3,22.3,30.1,,,,19.41,16.05,23.38,,,,5.22,2.11,8.77,,,,,,,,,,,,,,,,,,,,,,,,,,
2024-12-20,,,,26.3,22.31,30.08,,,,19.38,16.02,23.38,,,,5.22,2.07,8.83,,,,,,,,,,,,,,,,,,,,,,,,,,
2024-12-21,,,,26.3,22.28,30.02,,,,19.35,15.99,23.38,,,,5.21,2.06,8.83,,,,,,,,,,,,,,,,,,,,,,,,,,
2024-12-22,,,,26.29,22.27,29.96,,,,19.31,15.95,23.38,,,,5.21,2.09,8.82,,,,,,,,,,,,,,,,,,,,,,,,,,
2024-12-23,,,,26.29,22.24,29.93,,,,19.28,15.92,23.37,,,,5.2,2.12,8.81,,,,,,,,,,,,,,,,,,,,,,,,,,
2024-12-24,,,,26.29,22.23,29.95,,,,19.24,15.9,23.37,,,,5.2,2.14,8.8,,,,,,,,,,,,,,,,,,,,,,,,,,
2024-12-25,,,,26.28,22.22,29.97,,,,19.21,15.88,23.36,,,,5.19,2.16,8.78,,,,,,,,,,,,,,,,,,,,,,,,,,
2024-12-26,,,,26.28,22.26,29.99,,,,19.17,15.83,23.35,,,,5.19,2.14,8.77,,,,,,,,,,,,,,,,,,,,,,,,,,
2024-12-27,,,,26.28,22.26,29.99,,,,19.13,15.78,23.34,,,,5.18,2.17,8.74,,,,,,,,,,,,,,,,,,,,,,,,,,
2024-12-28,,,,26.27,22.23,29.95,,,,19.1,15.73,23.31,,,,5.18,2.21,8.68,,,,,,,,,,,,,,,,,,,,,,,,,,
2024-12-29,,,,26.27,22.21,29.92,,,,19.06,15.68,23.26,,,,5.17,2.24,8.63,,,,,,,,,,,,,,,,,,,,,,,,,,
2024-12-30,,,,26.26,22.21,29.89,,,,19.02,15.62,23.2,,,,5.17,2.28,8.58,,,,,,,,,,,,,,,,,,,29.0,14.0,5.0,,,,,
2024-12-31,,,,26.26,22.21,29.85,,,,18.98,15.56,23.08,,,,5.16,2.32,8.52,,,,,,,,,,,,,,,,,,,,,,,,,,
2025-01-01,,,,26.25,22.22,29.81,,,,18.94,15.48,22.96,,,,5.16,2.37,8.46,,,,,,,,,,,,,,,,,,,,,,,,,,
2025-01-02,,,,26.25,22.22,29.81,,,,18.9,15.42,22.85,,,,5.16,2.4,8.41,,,,,,,,,,,,,,,,,,,,,,,,,,
2025-01-03,,,,26.24,22.22,29.82,,,,18.86,15.36,22.74,,,,5.15,2.44,8.36,,,,,,,,,,,,,,,,,,,,,,,,,,
2025-01-04,,,,26.24,22.2,29.79,,,,18.82,15.31,22.64,,,,5.15,2.49,8.32,,,,,,,,,,,,,,,,,,,,,,,,,,
2025-01-05,,,,26.23,22.19,29.76,,,,18.78,15.25,22.62,,,,5.14,2.44,8.27,,,,,,,,,,,,,,,,,,,,,,,,,,
2025-01-06,,,,26.22,22.19,29.7,,,,18.74,15.2,22.59,,,,5.14,2.41,8.24,,,,,,,,,,,,,,,,,,,,,,,,,,
2025-01-07,,,,26.21,22.19,29.63,,,,18.69,15.16,22.56,,,,5.14,2.36,8.24,,,,,,,,,,,,,,,,,,,,,,,,,,
2025-01-08,,,,26.2,22.19,29.58,,,,18.65,15.08,22.54,,,,5.13,2.32,8.23,,,,,,,,,,,,,,,,,,,,,,,,,,
2025-01-09,,,,26.19,22.19,29.52,,,,18.61,15.04,22.51,,,,5.13,2.29,8.22,,,,,,,,,,,,,,,,,,,,,,,,,,
2025-01-10,,,,26.18,22.18,29.45,,,,18.56,15.0,22.38,,,,5.12,2.24,8.21,,,,,,,,,,,,,,,,,,,,,,,,,,
2025-01-11,,,,26.16,22.18,29.39,,,,18.51,14.94,22.31,,,,5.12,2.21,8.18,,,,,,,,,,,,,,,,,,,,,,,,,,
2025-01-12,,,,26.15,22.14,29.36,,,,18.47,14.85,22.3,,,,5.12,2.17,8.16,,,,,,,,,,,,,,,,,,,,,,,,,,
2025-01-13,,,,26.13,22.14,29.27,,,,18.42,14.75,22.28,,,,5.11,2.14,8.14,,,,,,,,,,,,,,,,,,,,,,,,,,
2025-01-14,,,,26.1,22.13,29.22,,,,18.37,14.65,22.26,,,,5.11,2.12,8.12,,,,,,,,,,,,,,,,,,,,,,,,,,
2025-01-15,,,,26.08,22.12,29.17,,,,18.32,14.56,22.23,,,,5.11,2.12,8.11,,,,,,,,,,,,,,,,,,,,,,,,,,
2025-01-16,,,,26.05,22.09,29.09,,,,18.26,14.48,22.2,,,,5.11,2.16,8.09,,,,,,,,,,,,,,,,,,,,,,,,,,
2025-01-17,,,,26.02,22.09,28.98,,,,18.21,14.4,22.13,,,,5.1,2.14,8.06,,,,,,,,,,,,,,,,,,,,,,,,,,
2025-01-18,,,,25.98,22.09,28.87,,,,18.16,14.31,22.05,,,,5.1,2.12,8.04,,,,,,,,,,,,,,,,,,,,,,,,,,
2025-01-19,,,,25.94,22.09,28.83,,,,18.1,14.23,21.98,,,,5.1,2.1,8.01,,,,,,,,,,,,,,,,,,,,,,,,,,
2025-01-20,,,,25.9,22.07,28.79,,,,18.05,14.15,21.88,,,,5.1,2.08,8.01,,,,,,,,,,,,,,,,,,,,,,,,,,
2025-01-21,,,,25.86,22.05,28.74,,,,17.99,14.1,21.84,,,,5.1,2.07,7.98,,,,,,,,,,,,,,,,,,,,,,,,,,
2025-01-22,,,,25.81,22.05,28.68,,,,17.93,14.1,21.8,,,,5.09,2.24,7.94,,,,,,,,,,,,,,,,,,,,,,,,,,
2025-01-23,,,,25.76,22.05,28.62,,,,17.87,14.09,21.76,,,,5.09,2.18,7.9,,,,,,,,,,,,,,,,,,,,,,,,,,
2025-01-24,,,,25.71,22.05,28.58,,,,17.82,14.09,21.71,,,,5.09,2.14,7.88,,,,,,,,,,,,,,,,,,,,,,,,,,
2025-01-25,,,,25.66,22.04,28.54,,,,17.76,14.12,21.59,,,,5.09,2.09,7.85,,,,,,,,,,,,,,,,,,,,,,,,,,
2025-01-26,,,,25.6,22.01,28.49,,,,17.7,14.1,21.41,,,,5.09,2.11,7.81,,,,,,,,,,,,,,,,,,,,,,,,,,
2025-01-27,,,,25.54,21.96,28.44,,,,17.64,14.08,21.38,,,,5.09,2.14,7.77,,,,,,,,,,,,,,,,,,,25.0,22.0,5.0,,,,,
2025-01-28,,,,25.48,21.91,28.39,,,,17.58,14.09,21.35,,,,5.09,2.16,7.75,,,,,,,,,,,,,,,,,,,,,,,,,,
2025-01-29,,,,25.42,21.86,28.34,,,,17.52,14.06,21.31,,,,5.09,2.19,7.75,,,,,,,,,,,,,,,,,,,,,,,,,,
2025-01-30,,,,25.36,21.75,28.3,,,,17.46,14.05,21.2,,,,5.09,2.22,7.75,,,,,,,,,,,,,,,,,,,,,,,,,,
2025-01-31,,,,25.29,21.7,28.25,,,,17.4,14.04,21.11,,,,5.09,2.24,7.74,,,,,,,,,,,,,,,,,,,,,,,,,,
2025-02-01,,,,25.22,21.66,28.2,,,,17.34,14.04,21.0,,,,5.09,2.28,7.74,,,,,,,,,,,,,,,,,,,,,,,,,,
2025-02-02,,,,25.15,21.62,28.15,,,,17.28,14.01,20.88,,,,5.09,2.31,7.73,,,,,,,,,,,,,,,,,,,,,,,,,,
2025-02-03,,,,25.08,21.57,28.1,,,,17.22,14.02,20.76,,,,5.09,2.31,7.72,,,,,,,,,,,,,,,,,,,,,,,,,,
2025-02-04,,,,25.01,21.52,28.05,,,,17.16,14.04,20.64,,,,5.09,2.28,7.68,,,,,,,,,,,,,,,,,,,,,,,,,,
2025-02-05,,,,24.94,21.43,28.05,,,,17.1,13.96,20.49,,,,5.09,2.31,7.69,,,,,,,,,,,,,,,,,,,,,,,,,,
2025-02-06,,,,24.87,21.34,27.99,,,,17.04,13.87,20.41,,,,5.09,2.27,7.68,,,,,,,,,,,,,,,,,,,,,,,,,,
2025-02-07,,,,24.79,21.27,27.96,,,,16.99,13.8,20.37,,,,5.09,2.3,7.78,,,,,,,,,,,,,,,,,,,,,,,,,,
2025-02-08,,,,24.72,21.22,27.94,,,,16.93,13.77,20.3,,,,5.1,2.29,7.79,,,,,,,,,,,,,,,,,,,,,,,,,,
2025-02-09,,,,24.64,21.17,27.87,,,,16.87,13.76,20.28,,,,5.1,2.3,7.78,,,,,,,,,,,,,,,,,,,,,,,,,,
2025-02-10,,,,24.57,21.21,27.75,,,,16.81,13.76,20.22,,,,5.1,2.3,7.77,,,,,,,,,,,,,,,,,,,,,,,,,,
2025-02-11,,,,24.49,21.04,27.7,,,,16.75,13.71,20.17,,,,5.1,2.29,7.73,,,,,,,,,,,,,,,,,,,,,,,,,,
2025-02-12,,,,24.42,21.0,27.61,,,,16.7,13.62,20.12,,,,5.1,2.29,7.63,,,,,,,,,,,,,,,,,,,,,,,,,,
2025-02-13,,,,24.35,20.87,27.52,,,,16.64,13.56,20.07,,,,5.1,2.29,7.52,,,,,,,,,,,,,,,,,,,,,,,,,,
2025-02-14,,,,24.27,20.8,27.45,,,,16.59,13.47,20.01,,,,5.1,2.26,7.54,,,,,,,,,,,,,,,,,,,,,,,,,,
2025-02-15,,,,24.2,20.72,27.37,,,,16.54,13.4,19.88,,,,5.1,2.21,7.48,,,,,,,,,,,,,,,,,,,,,,,,,,
2025-02-16,,,,24.13,20.61,27.3,,,,16.48,13.33,19.73,,,,5.1,2.2,7.46,,,,,,,,,,,,,,,,,,,,,,,,,,
2025-02-17,,,,24.05,20.5,27.23,,,,16.43,13.26,19.59,,,,5.1,2.19,7.46,,,,,,,,,,,,,,,,,,,,,,,,,,
2025-02-18,,,,23.98,20.38,27.15,,,,16.38,13.19,19.49,,,,5.1,2.18,7.47,,,,,,,,,,,,,,,,,,,,,,,,,,
2025-02-19,,,,23.91,20.25,27.09,,,,16.33,13.12,19.42,,,,5.1,2.17,7.5,,,,,,,,,,,,,,,,,,,,,,,,,,
2025-02-20,,,,23.84,20.13,27.06,,,,16.28,13.06,19.36,,,,5.1,2.19,7.51,,,,,,,,,,,,,,,,,,,,,,,,,,
2025-02-21,,,,23.77,20.03,27.04,,,,16.23,13.0,19.34,,,,5.11,2.21,7.54,,,,,,,,,,,,,,,,,,,,,,,,,,
2025-02-22,,,,23.7,19.91,27.02,,,,16.19,12.94,19.31,,,,5.11,2.26,7.55,,,,,,,,,,,,,,,,,,,,,,,,,,
2025-02-23,,,,23.63,19.81,27.01,,,,16.14,12.88,19.29,,,,5.11,2.31,7.59,,,,,,,,,,,,,,,,,,,,,,,,,,
2025-02-24,,,,23.57,19.71,27.0,,,,16.1,12.84,19.26,,,,5.11,2.36,7.62,,,,,,,,,,,,,,,,,,,,,,,,,,
2025-02-25,,,,23.5,19.62,26.99,,,,16.05,12.8,19.24,,,,5.11,2.34,7.64,,,,,,,,,,,,,,,,,,,,,,,,,,
2025-02-26,,,,23.44,19.54,26.95,,,,16.01,12.84,19.21,,,,5.11,2.32,7.66,,,,,,,,,,,,,,,,,,,,,,,,,,
2025-02-27,,,,23.38,19.46,26.91,,,,15.97,12.87,19.19,,,,5.11,2.35,7.68,,,,,,,,,,,,,,,,,,,,,,,,,,
2025-02-28,,,,23.31,19.38,26.84,,,,15.93,12.84,19.16,,,,5.11,2.37,7.7,,,,,,,,,,,,,,,,,,,,,,,,,,
2025-03-01,,,,23.25,19.31,26.75,,,,15.89,12.75,19.14,,,,5.11,2.39,7.72,,,,,,,,,,,,,,,,,,,,,,,,,,
2025-03-02,,,,23.19,19.25,26.69,,,,15.85,12.68,19.11,,,,5.11,2.41,7.74,,,,,,,,,,,,,,,,,,,,,,,,,,
2025-03-03,,,,23.13,19.19,26.65,,,,15.82,12.64,19.09,,,,5.11,2.44,7.75,,,,,,,,,,,,,,,,,,,26.0,16.0,4.0,,,,,
2025-03-04,,,,23.08,19.13,26.6,,,,15.78,12.63,19.05,,,,5.11,2.48,7.76,,,,,,,,,,,,,,,,,,,,,,,,,,
2025-03-05,,,,23.02,19.07,26.57,,,,15.75,12.58,18.97,,,,5.11,2.5,7.77,,,,,,,,,,,,,,,,,,,,,,,,,,
2025-03-06,,,,22.96,19.02,26.49,,,,15.71,12.59,18.9,,,,5.11,2.49,7.78,,,,,,,,,,,,,,,,,,,,,,,,,,
2025-03-07,,,,22.91,18.95,26.39,,,,15.68,12.59,18.82,,,,5.11,2.51,7.79,,,,,,,,,,,,,,,,,,,,,,,,,,
2025-03-08,,,,22.85,18.91,26.3,,,,15.65,12.54,18.74,,,,5.11,2.52,7.79,,,,,,,,,,,,,,,,,,,,,,,,,,
2025-03-09,,,,22.8,18.86,26.2,,,,15.62,12.54,18.66,,,,5.11,2.53,7.79,,,,,,,,,,,,,,,,,,,,,,,,,,
2025-03-10,,,,22.75,18.81,26.16,,,,15.6,12.54,18.58,,,,5.11,2.55,7.78,,,,,,,,,,,,,,,,,,,,,,,,,,
2025-03-11,,,,22.7,18.78,26.15,,,,15.57,12.48,18.51,,,,5.11,2.57,7.77,,,,,,,,,,,,,,,,,,,,,,,,,,
2025-03-12,,,,22.65,18.74,26.15,,,,15.54,12.46,18.47,,,,5.11,2.56,7.75,,,,,,,,,,,,,,,,,,,,,,,,,,
2025-03-13,,,,22.6,18.71,26.14,,,,15.52,12.43,18.45,,,,5.11,2.57,7.71,,,,,,,,,,,,,,,,,,,,,,,,,,
2025-03-14,,,,22.55,18.64,26.13,,,,15.5,12.43,18.43,,,,5.11,2.61,7.65,,,,,,,,,,,,,,,,,,,,,,,,,,
2025-03-15,,,,22.5,18.57,26.15,,,,15.47,12.44,18.41,,,,5.11,2.62,7.61,,,,,,,,,,,,,,,,,,,,,,,,,,
2025-03-16,,,,22.46,18.51,26.14,,,,15.45,12.43,18.39,,,,5.11,2.63,7.62,,,,,,,,,,,,,,,,,,,,,,,,,,
2025-03-17,,,,22.41,18.44,26.1,,,,15.43,12.43,18.37,,,,5.11,2.62,7.65,,,,,,,,,,,,,,,,,,,,,,,,,,
2025-03-18,,,,22.37,18.37,26.09,,,,15.42,12.41,18.34,,,,5.11,2.62,7.67,,,,,,,,,,,,,,,,,,,,,,,,,,
2025-03-19,,,,22.33,18.32,26.09,,,,15.4,12.39,18.31,,,,5.11,2.61,7.66,,,,,,,,,,,,,,,,,,,,,,,,,,
2025-03-20,,,,22.29,18.17,26.09,,,,15.38,12.36,18.28,,,,5.11,2.61,7.65,,,,,,,,,,,,,,,,,,,,,,,,,,
2025-03-21,,,,22.25,18.15,26.1,,,,15.37,12.34,18.26,,,,5.1,2.6,7.64,,,,,,,,,,,,,,,,,,,,,,,,,,
2025-03-22,,,,22.21,18.14,26.11,,,,15.35,12.31,18.26,,,,5.1,2.6,7.63,,,,,,,,,,,,,,,,,,,,,,,,,,
2025-03-23,,,,22.17,18.09,26.09,,,,15.34,12.3,18.31,,,,5.1,2.6,7.63,,,,,,,,,,,,,,,,,,,,,,,,,,
2025-03-24,,,,22.13,18.04,26.07,,,,15.32,12.27,18.33,,,,5.1,2.59,7.64,,,,,,,,,,,,,,,,,,,,,,,,,,
2025-03-25,,,,22.1,17.99,26.05,,,,15.31,12.3,18.3,,,,5.1,2.61,7.63,,,,,,,,,,,,,,,,,,,,,,,,,,
2025-03-26,,,,22.06,17.95,26.05,,,,15.3,12.33,18.25,,,,5.1,2.63,7.62,,,,,,,,,,,,,,,,,,,,,,,,,,
2025-03-27,,,,22.03,17.91,26.04,,,,15.29,12.38,18.21,,,,5.1,2.66,7.61,,,,,,,,,,,,,,,,,,,,,,,,,,
2025-03-28,,,,22.0,17.92,26.04,,,,15.28,12.38,18.2,,,,5.1,2.68,7.65,,,,,,,,,,,,,,,,,,,,,,,,,,
2025-03-29,,,,21.97,17.94,26.04,,,,15.27,12.38,18.22,,,,5.1,2.69,7.62,,,,,,,,,,,,,,,,,,,,,,,,,,
2025-03-30,,,,21.94,17.96,26.03,,,,15.26,12.37,18.24,,,,5.1,2.72,7.6,,,,,,,,,,,,,,,,,,,,,,,,,,
2025-03-31,,,,21.91,17.95,26.02,,,,15.25,12.37,18.26,,,,5.1,2.74,7.59,,,,,,,,,,,,,,,,,,,26.0,13.0,6.0,,,,,
2025-04-01,,,,21.88,17.94,26.02,,,,15.24,12.36,18.24,,,,5.1,2.75,7.58,,,,,,,,,,,,,,,,,,,,,,,,,,
2025-04-02,,,,21.85,17.93,26.0,,,,15.23,12.36,18.24,,,,5.1,2.76,7.57,,,,,,,,,,,,,,,,,,,,,,,,,,
2025-04-03,,,,21.83,17.91,26.0,,,,15.22,12.35,18.2,,,,5.1,2.77,7.56,,,,,,,,,,,,,,,,,,,,,,,,,,
2025-04-04,,,,21.8,17.91,25.98,,,,15.21,12.34,18.15,,,,5.1,2.78,7.55,,,,,,,,,,,,,,,,,,,,,,,,,,
2025-04-05,,,,21.78,17.91,25.97,,,,15.2,12.34,18.11,,,,5.1,2.79,7.55,,,,,,,,,,,,,,,,,,,,,,,,,,
2025-04-06,,,,21.76,17.85,25.96,,,,15.19,12.34,18.06,,,,5.1,2.79,7.55,,,,,,,,,,,,,,,,,,,,,,,,,,
2025-04-07,,,,21.73,17.79,25.95,,,,15.18,12.33,18.01,,,,5.1,2.78,7.55,,,,,,,,,,,,,,,,,,,,,,,,,,
2025-04-08,,,,21.71,17.73,25.9,,,,15.17,12.32,17.99,,,,5.1,2.76,7.53,,,,,,,,,,,,,,,,,,,,,,,,,,
2025-04-09,,,,21.69,17.68,25.84,,,,15.17,12.3,17.94,,,,5.1,2.75,7.54,,,,,,,,,,,,,,,,,,,,,,,,,,
2025-04-10,,,,21.67,17.69,25.79,,,,15.16,12.27,17.93,,,,5.1,2.73,7.54,,,,,,,,,,,,,,,,,,,,,,,,,,
2025-04-11,,,,21.66,17.69,25.75,,,,15.15,12.25,17.93,,,,5.1,2.72,7.54,,,,,,,,,,,,,,,,,,,,,,,,,,
2025-04-12,,,,21.64,17.66,25.73,,,,15.14,12.23,17.93,,,,5.1,2.7,7.54,,,,,,,,,,,,,,,,,,,,,,,,,,
2025-04-13,,,,21.62,17.58,25.72,,,,15.13,12.2,17.93,,,,5.1,2.7,7.53,,,,,,,,,,,,,,,,,,,,,,,,,,
2025-04-14,,,,21.61,17.5,25.7,,,,15.12,12.21,17.93,,,,5.1,2.68,7.52,,,,,,,,,,,,,,,,,,,,,,,,,,
2025-04-15,,,,21.59,17.42,25.69,,,,15.11,12.22,17.92,,,,5.1,2.68,7.52,,,,,,,,,,,,,,,,,,,,,,,,,,
2025-04-16,,,,21.58,17.34,25.68,,,,15.1,12.22,17.94,,,,5.1,2.72,7.52,,,,,,,,,,,,,,,,,,,,,,,,,,
2025-04-17,,,,21.56,17.29,25.67,,,,15.09,12.24,17.98,,,,5.1,2.75,7.55,,,,,,,,,,,,,,,,,,,,,,,,,,
2025-04-18,,,,21.55,17.26,25.65,,,,15.08,12.24,17.95,,,,5.1,2.77,7.57,,,,,,,,,,,,,,,,,,,,,,,,,,
2025-04-19,,,,21.54,17.29,25.64,,,,15.07,12.2,17.89,,,,5.1,2.77,7.59,,,,,,,,,,,,,,,,,,,,,,,,,,
2025-04-20,,,,21.53,17.3,25.6,,,,15.06,12.17,17.88,,,,5.1,2.76,7.62,,,,,,,,,,,,,,,,,,,,,,,,,,
2025-04-21,,,,21.52,17.24,25.58,,,,15.05,12.13,17.86,,,,5.11,2.76,7.62,,,,,,,,,,,,,,,,,,,,,,,,,,
2025-04-22,,,,21.51,17.17,25.56,,,,15.04,12.16,17.85,,,,5.11,2.77,7.62,,,,,,,,,,,,,,,,,,,,,,,,,,
2025-04-23,,,,21.5,17.13,25.55,,,,15.03,12.18,17.83,,,,5.11,2.75,7.59,,,,,,,,,,,,,,,,,,,,,,,,,,
2025-04-24,,,,21.49,17.11,25.53,,,,15.03,12.2,17.82,,,,5.11,2.75,7.58,,,,,,,,,,,,,,,,,,,,,,,,,,
2025-04-25,,,,21.48,17.08,25.51,,,,15.02,12.23,17.8,,,,5.11,2.74,7.57,,,,,,,,,,,,,,,,,,,,,,,,,,
2025-04-26,,,,21.47,17.02,25.49,,,,15.01,12.24,17.79,,,,5.11,2.75,7.55,,,,,,,,,,,,,,,,,,,,,,,,,,
2025-04-27,,,,21.46,16.96,25.47,,,,15.0,12.23,17.8,,,,5.11,2.75,7.55,,,,,,,,,,,,,,,,,,,,,,,,,,
2025-04-28,,,,21.45,16.9,25.46,,,,14.99,12.22,17.83,,,,5.12,2.75,7.54,,,,,,,,,,,,,,,,,,,25.0,17.0,4.0,,,,,
2025-04-29,,,,21.44,16.85,25.44,,,,14.99,12.14,17.85,,,,5.12,2.76,7.52,,,,,,,,,,,,,,,,,,,,,,,,,,
2025-04-30,,,,21.43,16.83,25.41,,,,14.98,12.15,17.87,,,,5.12,2.76,7.51,,,,,,,,,,,,,,,,,,,,,,,,,,
2025-05-01,,,,21.42,16.86,25.43,,,,14.97,12.17,17.9,,,,5.12,2.76,7.5,,,,,,,,,,,,,,,,,,,,,,,,,,
2025-05-02,,,,21.41,16.89,25.37,,,,14.97,12.15,17.92,,,,5.12,2.76,7.52,,,,,,,2.57,-0.75,6.07,,,,,,,15.79,10.95,20.65,12.0,14.0,6.0,,3.0,,,10.0
2025-05-03,,,,21.4,16.92,25.36,,,,14.96,12.12,17.94,,,,5.13,2.77,7.54,,,,,,,2.57,-0.74,6.06,,,,,,,15.79,11.02,20.63,,,,,,,,
2025-05-04,,,,21.39,16.94,25.33,,,,14.96,12.08,17.95,,,,5.13,2.75,7.55,,,,,,,2.57,-0.73,6.05,,,,,,,15.8,11.05,20.61,,,,,,,,
2025-05-05,,,,21.38,16.89,25.31,,,,14.95,12.08,17.96,,,,5.13,2.74,7.56,,,,,,,2.57,-0.7,6.04,,,,,,,15.8,11.07,20.58,,,,,,,,
2025-05-06,,,,21.37,16.91,25.27,,,,14.95,12.06,17.97,,,,5.13,2.73,7.58,,,,,,,2.57,-0.69,6.03,,,,,,,15.81,11.09,20.55,,,,,,,,
2025-05-07,,,,21.36,16.89,25.24,,,,14.94,11.99,17.95,,,,5.13,2.71,7.59,,,,,,,2.57,-0.66,6.02,,,,,,,15.81,11.1,20.53,,,,,,,,
2025-05-08,,,,21.35,16.87,25.21,,,,14.94,11.96,17.93,,,,5.13,2.69,7.61,,,,,,,2.57,-0.63,6.02,,,,,,,15.81,11.12,20.49,16.0,11.0,6.0,,3.0,1.0,1.0,22.0
2025-05-09,,,,21.33,16.86,25.18,,,,14.93,11.93,17.91,,,,5.14,2.68,7.63,,,,,,,2.57,-0.61,6.01,,,,,,,15.82,11.14,20.46,,,,,,,,
2025-05-10,,,,21.32,16.84,25.14,,,,14.93,11.91,17.89,,,,5.14,2.66,7.64,,,,,,,2.58,-0.59,6.0,,,,,,,15.82,11.16,20.43,,,,,,,,
2025-05-11,,,,21.31,16.83,25.11,,,,14.93,11.91,17.86,,,,5.14,2.65,7.58,,,,,,,2.58,-0.56,5.99,,,,,,,15.83,11.17,20.4,,,,,,,,
2025-05-12,,,,21.3,16.82,25.07,,,,14.92,11.9,17.84,,,,5.14,2.65,7.53,,,,,,,2.58,-0.51,5.98,,,,,,,15.83,11.19,20.39,,,,,,,,
2025-05-13,,,,21.29,16.81,25.03,,,,14.92,11.9,17.84,,,,5.14,2.62,7.53,,,,,,,2.58,-0.47,5.98,,,,,,,15.83,11.19,20.38,,,,,,,,
2025-05-14,,,,21.27,16.8,24.99,,,,14.92,11.89,17.86,,,,5.14,2.61,7.55,,,,,,,2.58,-0.42,5.97,,,,,,,15.84,11.2,20.36,,,,,,,,
2025-05-15,,,,21.26,16.79,24.95,,,,14.92,11.89,17.86,,,,5.14,2.6,7.57,,,,,,,2.58,-0.41,5.96,,,,,,,15.84,11.21,20.35,,,,,,,,
2025-05-16,,,,21.25,16.78,24.91,,,,14.92,11.88,17.86,,,,5.14,2.64,7.6,,,,,,,2.58,-0.37,5.96,,,,,,,15.84,11.22,20.34,,,,,,,,
2025-05-17,,,,21.24,16.77,24.86,,,,14.91,11.88,17.87,,,,5.15,2.61,7.62,,,,,,,2.58,-0.34,5.95,,,,,,,15.85,11.23,20.34,,,,,,,,
2025-05-18,,,,21.22,16.76,24.83,,,,14.91,11.87,17.86,,,,5.15,2.59,7.61,,,,,,,2.58,-0.31,5.94,,,,,,,15.85,11.24,20.33,,,,,,,,
2025-05-19,,,,21.21,16.76,24.79,,,,14.91,11.87,17.83,,,,5.15,2.57,7.6,,,,,,,2.59,-0.28,5.93,,,,,,,15.86,11.25,20.32,,,,,,,,
2025-05-20,,,,21.2,16.75,24.72,,,,14.92,11.87,17.85,,,,5.15,2.56,7.59,,,,,,,2.59,-0.28,5.93,,,,,,,15.86,11.26,20.31,,,,,,,,
2025-05-21,,,,21.19,16.75,24.68,,,,14.92,11.88,17.87,,,,5.15,2.55,7.58,,,,,,,2.59,-0.29,5.93,,,,,,,15.86,11.27,20.29,,,,,,,,
2025-05-22,,,,21.18,16.74,24.63,,,,14.92,11.88,17.87,,,,5.15,2.54,7.59,,,,,,,2.59,-0.3,5.91,,,,,,,15.87,11.27,20.28,,,,,,,,
2025-05-23,,,,21.17,16.74,24.57,,,,14.92,11.89,17.87,,,,5.15,2.54,7.6,,,,,,,2.59,-0.3,5.9,,,,,,,15.87,11.3,20.27,,,,,,,,
2025-05-24,,,,21.15,16.74,24.52,,,,14.92,11.9,17.86,,,,5.15,2.53,7.59,,,,,,,2.59,-0.29,5.9,,,,,,,15.87,11.33,20.26,,,,,,,,
2025-05-25,,,,21.14,16.74,24.47,,,,14.92,11.95,17.86,,,,5.15,2.52,7.55,,,,,,,2.59,-0.29,5.89,,,,,,,15.88,11.4,20.46,,,,,,,,
2025-05-26,,,,21.13,16.74,24.42,,,,14.92,12.0,17.84,,,,5.15,2.52,7.53,,,,,,,2.6,-0.28,5.89,,,,,,,15.88,11.4,20.45,21.0,15.0,5.0,,2.0,,,16.0
2025-05-27,,,,21.12,16.75,24.37,,,,14.93,12.05,17.82,,,,5.15,2.5,7.52,,,,,,,2.6,-0.27,5.83,,,,,,,15.88,11.39,20.44,,,,,,,,
2025-05-28,,,,21.11,16.73,24.33,,,,14.93,12.06,17.8,,,,5.15,2.49,7.52,,,,,,,2.6,-0.27,5.81,,,,,,,15.89,11.37,20.43,,,,,,,,
2025-05-29,,,,21.1,16.72,24.3,,,,14.93,12.05,17.78,,,,5.15,2.48,7.52,,,,,,,2.6,-0.26,5.82,,,,,,,15.89,11.39,20.41,,,,,,,,
2025-05-30,,,,21.08,16.71,24.31,,,,14.93,12.04,17.76,,,,5.15,2.47,7.52,,,,,,,2.6,-0.25,5.83,,,,,,,15.89,11.4,20.4,,,,,,,,
2025-05-31,,,,21.07,16.7,24.33,,,,14.93,12.03,17.75,,,,5.15,2.46,7.52,,,,,,,2.6,-0.25,5.83,,,,,,,15.89,11.42,20.4,,,,,,,,
2025-06-01,,,,21.06,16.68,24.34,,,,14.94,12.02,17.76,,,,5.15,2.44,7.53,,,,,,,2.6,-0.23,5.84,,,,,,,15.9,11.44,20.43,,,,,,,,
2025-06-02,,,,21.05,16.67,24.35,,,,14.94,12.01,17.78,,,,5.15,2.43,7.53,,,,,,,2.6,-0.21,5.84,,,,,,,15.9,11.45,20.46,,,,,,,,
2025-06-03,,,,21.04,16.66,24.36,,,,14.94,11.97,17.79,,,,5.15,2.41,7.53,,,,,,,2.6,-0.2,5.83,,,,,,,15.9,11.47,20.5,,,,,,,,
2025-06-04,,,,21.03,16.66,24.36,,,,14.94,11.9,17.79,,,,5.15,2.4,7.53,,,,,,,2.6,-0.2,5.81,,,,,,,15.9,11.49,20.5,,,,,,,,
2025-06-05,,,,21.02,16.65,24.36,,,,14.94,11.89,17.78,,,,5.15,2.39,7.52,,,,,,,2.6,-0.2,5.8,,,,,,,15.9,11.51,20.49,,,,,,,,
2025-06-06,,,,21.01,16.64,24.29,,,,14.95,11.89,17.76,,,,5.15,2.37,7.52,,,,,,,2.6,-0.2,5.79,,,,,,,15.91,11.53,20.49,,,,,,,,
2025-06-07,,,,20.99,16.63,24.2,,,,14.95,11.89,17.75,,,,5.15,2.36,7.52,,,,,,,2.6,-0.2,5.77,,,,,,,15.91,11.53,20.48,,,,,,,,
2025-06-08,,,,20.98,16.62,24.21,,,,14.95,11.89,17.73,,,,5.15,2.34,7.5,,,,,,,2.6,-0.18,5.73,,,,,,,15.91,11.55,20.47,,,,,,,,
2025-06-09,,,,20.97,16.61,24.23,,,,14.95,11.88,17.73,,,,5.15,2.33,7.48,,,,,,,2.6,-0.15,5.73,,,,,,,15.91,11.57,20.46,,,,,,,,
2025-06-10,,,,20.96,16.61,24.25,,,,14.96,11.88,17.72,,,,5.15,2.32,7.49,,,,,,,2.6,-0.12,5.72,,,,,,,15.91,11.59,20.44,,,,,,,,
2025-06-11,,,,20.95,16.71,24.27,,,,14.96,11.88,17.7,,,,5.15,2.31,7.51,,,,,,,2.6,-0.1,5.7,,,,,,,15.91,11.62,20.43,,,,,,,,
2025-06-12,,,,20.94,16.77,24.28,,,,14.96,11.89,17.69,,,,5.15,2.33,7.52,,,,,,,2.6,-0.09,5.68,,,,,,,15.91,11.64,20.4,,,,,,,,
2025-06-13,,,,20.94,16.68,24.28,,,,14.97,11.88,17.69,,,,5.15,2.39,7.52,,,,,,,2.6,-0.09,5.66,,,,,,,15.91,11.67,20.34,,,,,,,,
2025-06-14,,,,20.93,16.64,24.24,,,,14.97,11.87,17.73,,,,5.15,2.45,7.52,,,,,,,2.59,-0.07,5.64,,,,,,,15.91,11.69,20.27,,,,,,,,
2025-06-15,,,,20.92,16.67,24.26,,,,14.98,11.86,17.7,,,,5.15,2.51,7.52,,,,,,,2.59,-0.05,5.62,,,,,,,15.91,11.72,20.15,,,,,,,,
2025-06-16,,,,20.91,16.69,24.28,,,,14.98,11.87,17.69,,,,5.15,2.56,7.52,,,,,,,2.59,-0.04,5.6,,,,,,,15.91,11.74,20.14,,,,,,,,
2025-06-17,,,,20.91,16.73,24.29,,,,14.98,11.89,17.71,,,,5.15,2.62,7.52,,,,,,,2.59,-0.02,5.58,,,,,,,15.91,11.77,20.11,,,,,,,,
2025-06-18,,,,20.9,16.76,24.31,,,,14.99,11.91,17.72,,,,5.15,2.66,7.52,,,,,,,2.58,-0.0,5.56,,,,,,,15.91,11.8,20.05,,,,,,,,
2025-06-19,,,,20.89,16.8,24.32,,,,14.99,11.9,17.73,,,,5.15,2.64,7.52,,,,,,,2.58,0.02,5.53,,,,,,,15.91,11.83,20.0,,,,,,,,
2025-06-20,,,,20.89,16.84,24.31,,,,15.0,11.89,17.75,,,,5.16,2.63,7.52,,,,,,,2.58,0.06,5.5,,,,,,,15.91,11.85,19.94,,,,,,,,
2025-06-21,,,,20.89,16.87,24.3,,,,15.01,11.87,17.76,,,,5.16,2.67,7.52,,,,,,,2.57,0.1,5.47,,,,,,,15.91,11.88,19.88,,,,,,,,
2025-06-22,,,,20.88,16.91,24.28,,,,15.01,11.86,17.77,,,,5.16,2.71,7.51,,,,,,,2.57,0.13,5.44,,,,,,,15.91,11.92,19.82,,,,,,,,
2025-06-23,,,,20.88,16.94,24.27,,,,15.02,11.84,17.78,,,,5.16,2.75,7.49,,,,,,,2.57,0.11,5.41,,,,,,,15.91,11.95,19.77,26.0,19.0,4.0,,2.0,,,14.0
2025-06-24,,,,20.88,16.94,24.25,,,,15.02,11.82,17.79,,,,5.16,2.79,7.48,,,,,,,2.56,0.1,5.41,,,,,,,15.9,11.98,19.75,,,,,,,,
2025-06-25,,,,20.88,16.94,24.24,,,,15.03,11.8,17.8,,,,5.17,2.84,7.46,,,,,,,2.56,0.11,5.39,,,,,,,15.9,11.99,19.76,,,,,,,,
2025-06-26,,,,20.88,16.89,24.22,,,,15.04,11.79,17.8,,,,5.17,2.87,7.44,,,,,,,2.55,0.12,5.37,,,,,,,15.9,12.0,19.77,,,,,,,,
2025-06-27,,,,20.88,16.84,24.2,,,,15.04,11.79,17.81,,,,5.17,2.85,7.43,,,,,,,2.55,0.14,5.35,,,,,,,15.9,12.01,19.68,,,,,,,,
2025-06-28,,,,20.88,16.9,24.2,,,,15.05,11.79,17.8,,,,5.17,2.83,7.41,,,,,,,2.55,0.12,5.33,,,,,,,15.9,12.03,19.6,,,,,,,,
2025-06-29,,,,20.88,16.93,24.19,,,,15.06,11.82,17.81,,,,5.18,2.82,7.39,,,,,,,2.54,0.11,5.3,,,,,,,15.89,12.07,19.52,,,,,,,,
2025-06-30,,,,20.89,16.94,24.17,,,,15.07,11.84,17.81,,,,5.18,2.79,7.37,,,,,,,2.54,0.09,5.27,,,,,,,15.89,12.11,19.5,,,,,,,,
2025-07-01,,,,20.89,17.0,24.15,,,,15.07,11.87,17.81,,,,5.18,2.77,7.35,,,,,,,2.53,0.07,5.24,,,,,,,15.89,12.15,19.47,,,,,,,,
2025-07-02,,,,20.89,17.04,24.13,,,,15.08,11.89,17.78,,,,5.19,2.75,7.33,,,,,,,2.53,0.07,5.21,,,,,,,15.88,12.19,19.37,,,,,,,,
2025-07-03,,,,20.9,17.07,24.1,,,,15.09,11.92,17.75,,,,5.19,2.75,7.31,,,,,,,2.52,0.05,5.18,,,,,,,15.88,12.23,19.28,,,,,,,,
2025-07-04,,,,20.9,17.09,24.09,,,,15.1,11.95,17.75,,,,5.19,2.74,7.31,,,,,,,2.52,0.04,5.15,,,,,,,15.88,12.26,19.3,,,,,,,,
2025-07-05,,,,20.91,17.12,24.07,,,,15.11,11.98,17.76,,,,5.2,2.73,7.34,,,,,,,2.51,0.05,5.12,,,,,,,15.87,12.27,19.33,,,,,,,,
2025-07-06,,,,20.91,17.16,24.0,,,,15.12,11.97,17.79,,,,5.2,2.72,7.31,,,,,,,2.51,0.07,5.1,,,,,,,15.87,12.29,19.36,,,,,,,,
2025-07-07,,,,20.92,17.24,23.93,,,,15.12,11.97,17.78,,,,5.21,2.78,7.27,,,,,,,2.5,0.06,5.09,,,,,,,15.86,12.28,19.34,,,,,,,,
2025-07-08,,,,20.93,17.32,23.93,,,,15.13,11.97,17.8,,,,5.21,2.8,7.23,,,,,,,2.5,0.05,5.08,,,,,,,15.86,12.26,19.33,,,,,,,,
2025-07-09,,,,20.94,17.39,23.95,,,,15.14,11.96,17.84,,,,5.22,2.75,7.2,,,,,,,2.49,0.04,5.07,,,,,,,15.85,12.24,19.31,,,,,,,,
2025-07-10,,,,20.95,17.43,23.97,,,,15.15,11.96,17.87,,,,5.22,2.76,7.18,,,,,,,2.49,0.04,5.07,,,,,,,15.84,12.21,19.28,,,,,,,,
2025-07-11,,,,20.96,17.39,23.94,,,,15.16,11.95,17.9,,,,5.23,2.82,7.2,,,,,,,2.48,0.03,5.11,,,,,,,15.84,12.18,19.25,,,,,,,,
2025-07-12,,,,20.97,17.43,23.92,,,,15.17,11.95,17.93,,,,5.24,2.88,7.27,,,,,,,2.48,0.02,5.09,,,,,,,15.83,12.17,19.24,,,,,,,,
2025-07-13,,,,20.98,17.48,23.91,,,,15.18,11.95,17.96,,,,5.24,2.86,7.33,,,,,,,2.47,0.02,5.08,,,,,,,15.82,12.15,19.21,,,,,,,,
2025-07-14,,,,20.99,17.52,23.89,,,,15.18,12.01,17.99,,,,5.25,2.93,7.39,,,,,,,2.47,0.04,5.09,,,,,,,15.82,12.12,19.18,,,,,,,,
2025-07-15,,,,21.0,17.49,23.93,,,,15.19,12.08,18.02,,,,5.26,2.91,7.46,,,,,,,2.46,0.01,5.1,,,,,,,15.81,12.1,19.14,,,,,,,,
2025-07-16,,,,21.01,17.51,23.98,,,,15.2,12.15,18.05,,,,5.26,2.88,7.52,,,,,,,2.46,-0.0,5.11,,,,,,,15.8,12.08,19.1,,,,,,,,
2025-07-17,,,,21.03,17.51,24.01,,,,15.21,12.18,18.08,,,,5.27,2.79,7.59,,,,,,,2.45,-0.01,5.12,,,,,,,15.8,12.08,19.07,,,,,,,,
2025-07-18,,,,21.04,17.5,24.05,,,,15.22,12.18,18.11,,,,5.28,2.76,7.62,,,,,,,2.45,-0.02,5.12,,,,,,,15.79,12.08,19.02,,,,,,,,
2025-07-19,,,,21.06,17.5,24.09,,,,15.23,12.18,18.14,,,,5.29,2.78,7.63,,,,,,,2.45,-0.02,5.12,,,,,,,15.78,12.07,18.97,,,,,,,,
2025-07-20,,,,21.07,17.58,24.14,,,,15.23,12.17,18.17,,,,5.3,2.77,7.64,,,,,,,2.44,-0.02,5.13,,,,,,,15.77,12.07,18.86,,,,,,,,
2025-07-21,,,,21.09,17.56,24.18,,,,15.24,12.17,18.21,,,,5.3,2.76,7.64,,,,,,,2.44,-0.02,5.11,,,,,,,15.76,12.07,18.73,22.0,15.0,6.0,,3.0,,,18.0
2025-07-22,,,,21.1,17.54,24.22,,,,15.25,12.17,18.22,,,,5.31,2.76,7.65,,,,,,,2.43,-0.0,5.05,,,,,,,15.75,12.08,18.7,,,,,,,,
2025-07-23,,,,21.12,17.52,24.24,,,,15.26,12.17,18.23,,,,5.32,2.76,7.66,,,,,,,2.43,0.05,5.05,,,,,,,15.74,12.11,18.67,,,,,,,,
2025-07-24,,,,21.14,17.5,24.26,,,,15.26,12.2,18.23,,,,5.33,2.75,7.65,,,,,,,2.43,0.06,5.04,,,,,,,15.74,12.15,18.67,,,,,,,,
2025-07-25,,,,21.15,17.49,24.29,,,,15.27,12.17,18.24,,,,5.34,2.74,7.62,,,,,,,2.42,0.05,5.02,,,,,,,15.73,12.18,18.66,,,,,,,,
2025-07-26,,,,21.17,17.49,24.29,,,,15.28,12.15,18.25,,,,5.35,2.72,7.66,,,,,,,2.42,0.04,5.01,,,,,,,15.72,12.21,18.65,,,,,,,,
2025-07-27,,,,21.19,17.49,24.34,,,,15.28,12.12,18.26,,,,5.36,2.71,7.7,,,,,,,2.41,0.1,4.98,,,,,,,15.71,12.17,18.58,,,,,,,,
2025-07-28,,,,21.2,17.49,24.36,,,,15.29,12.09,18.25,,,,5.37,2.7,7.78,,,,,,,2.41,0.09,4.97,,,,,,,15.7,12.13,18.57,,,,,,,,
2025-07-29,,,,21.22,17.48,24.38,,,,15.29,12.09,18.25,,,,5.38,2.69,7.84,,,,,,,2.41,0.08,4.95,,,,,,,15.69,12.14,18.61,,,,,,,,
2025-07-30,,,,21.24,17.7,24.41,,,,15.3,12.04,18.24,,,,5.39,2.68,7.91,,,,,,,2.41,0.06,4.93,,,,,,,15.67,12.15,18.64,,,,,,,,
2025-07-31,,,,21.26,17.71,24.49,,,,15.3,12.03,18.23,,,,5.41,2.67,7.97,,,,,,,2.4,0.05,4.89,,,,,,,15.66,12.16,18.65,,,,,,,,
2025-08-01,,,,21.27,17.71,24.6,,,,15.31,12.03,18.24,,,,5.42,2.66,8.03,,,,,,,2.4,0.04,4.88,,,,,,,15.65,12.17,18.66,,,,,,,,
2025-08-02,,,,21.29,17.69,24.61,,,,15.31,12.03,18.25,,,,5.43,2.65,8.09,,,,,,,2.4,0.03,4.85,,,,,,,15.64,12.13,18.72,,,,,,,,
2025-08-03,,,,21.3,17.68,24.62,,,,15.31,12.02,18.31,,,,5.44,2.64,8.15,,,,,,,2.4,0.03,4.82,,,,,,,15.63,12.07,18.76,,,,,,,,
2025-08-04,,,,21.32,17.67,24.61,,,,15.32,12.02,18.36,,,,5.45,2.63,8.2,,,,,,,2.4,0.01,4.79,,,,,,,15.62,12.05,18.78,,,,,,,,
2025-08-05,,,,21.33,17.67,24.61,,,,15.32,11.99,18.39,,,,5.47,2.64,8.26,,,,,,,2.39,0.05,4.76,,,,,,,15.61,12.05,18.81,,,,,,,,
2025-08-06,,,,21.35,17.65,24.61,,,,15.32,11.99,18.45,,,,5.48,2.6,8.29,,,,,,,2.39,0.08,4.73,,,,,,,15.59,12.04,18.84,,,,,,,,
2025-08-07,,,,21.36,17.61,24.62,,,,15.32,11.98,18.46,,,,5.49,2.58,8.3,,,,,,,2.39,0.12,4.73,,,,,,,15.58,12.04,18.86,,,,,,,,
2025-08-08,,,,21.37,17.69,24.65,,,,15.32,11.99,18.46,,,,5.5,2.61,8.31,,,,,,,2.39,0.09,4.74,,,,,,,15.57,12.04,18.86,,,,,,,,
2025-08-09,,,,21.38,17.73,24.68,,,,15.32,12.01,18.46,,,,5.52,2.61,8.31,,,,,,,2.39,0.08,4.76,,,,,,,15.56,12.02,18.87,,,,,,,,
2025-08-10,,,,21.39,17.79,24.67,,,,15.32,11.97,18.46,,,,5.53,2.61,8.32,,,,,,,2.39,0.06,4.77,,,,,,,15.55,12.04,18.88,,,,,,,,
2025-08-11,,,,21.4,17.84,24.69,,,,15.32,11.96,18.47,,,,5.54,2.61,8.33,,,,,,,2.39,0.04,4.78,,,,,,,15.53,12.07,18.85,,,,,,,,
2025-08-12,,,,21.41,17.86,24.67,,,,15.31,11.96,18.51,,,,5.56,2.61,8.36,,,,,,,2.39,0.03,4.77,,,,,,,15.52,12.07,18.8,,,,,,,,
2025-08-13,,,,21.42,17.88,24.64,,,,15.31,11.94,18.52,,,,5.57,2.61,8.46,,,,,,,2.39,0.01,4.76,,,,,,,15.51,12.04,18.73,,,,,,,,
2025-08-14,,,,21.43,17.91,24.63,,,,15.3,11.93,18.51,,,,5.59,2.63,8.56,,,,,,,2.39,0.01,4.75,,,,,,,15.49,12.01,18.72,,,,,,,,
2025-08-15,,,,21.43,17.93,24.59,,,,15.3,11.93,18.57,,,,5.6,2.63,8.49,,,,,,,2.4,-0.01,4.74,,,,,,,15.48,12.02,18.63,,,,,,,,
2025-08-16,,,,21.43,18.0,24.6,,,,15.29,11.92,18.53,,,,5.61,2.66,8.43,,,,,,,2.4,-0.03,4.73,,,,,,,15.47,12.02,18.56,,,,,,,,
2025-08-17,,,,21.44,18.02,24.69,,,,15.28,11.91,18.49,,,,5.63,2.65,8.37,,,,,,,2.4,-0.05,4.68,,,,,,,15.46,12.03,18.54,,,,,,,,
2025-08-18,,,,21.44,18.07,24.76,,,,15.27,11.93,18.46,,,,5.64,2.65,8.38,,,,,,,2.4,-0.07,4.63,,,,,,,15.44,12.05,18.5,,,,,,,,
2025-08-19,,,,21.44,18.12,24.84,,,,15.26,11.94,18.44,,,,5.66,2.66,8.39,,,,,,,2.4,-0.11,4.6,,,,,,,15.43,12.07,18.52,,,,,,,,
2025-08-20,,,,21.44,18.18,24.85,,,,15.25,11.93,18.43,,,,5.67,2.68,8.41,,,,,,,2.41,-0.12,4.63,,,,,,,15.42,12.07,18.55,,,,,,,,
2025-08-21,,,,21.43,18.2,24.84,,,,15.24,11.93,18.42,,,,5.68,2.69,8.43,,,,,,,2.41,-0.13,4.67,,,,,,,15.41,12.07,18.5,,,,,,,,
2025-08-22,,,,21.43,18.19,24.86,,,,15.23,11.92,18.41,,,,5.7,2.71,8.55,,,,,,,2.41,-0.14,4.66,,,,,,,15.4,12.04,18.48,,,,,,,,
2025-08-23,,,,21.42,18.2,24.85,,,,15.21,11.92,18.4,,,,5.71,2.73,8.7,,,,,,,2.42,-0.14,4.65,,,,,,,15.39,12.08,18.48,,,,,,,,
2025-08-24,,,,21.42,18.19,24.83,,,,15.2,11.92,18.34,,,,5.73,2.75,8.78,,,,,,,2.42,-0.15,4.64,,,,,,,15.37,12.07,18.46,22.0,14.0,4.0,,3.0,,,15.0
2025-08-25,,,,21.41,18.19,24.81,,,,15.18,11.92,18.26,,,,5.74,2.77,8.77,,,,,,,2.43,-0.16,4.63,,,,,,,15.36,12.07,18.45,,,,,,,,
2025-08-26,,,,21.4,18.19,24.79,,,,15.17,11.92,18.28,,,,5.75,2.8,8.75,,,,,,,2.43,-0.2,4.62,,,,,,,15.36,12.06,18.44,,,,,,,,
2025-08-27,,,,21.39,18.21,24.77,,,,15.15,11.92,18.23,,,,5.77,2.83,8.79,,,,,,,2.44,-0.22,4.61,,,,,,,15.35,12.08,18.42,,,,,,,,
2025-08-28,,,,21.37,18.21,24.74,,,,15.13,11.92,18.19,,,,5.78,2.86,8.82,,,,,,,2.44,-0.23,4.63,,,,,,,15.34,12.09,18.45,,,,,,,,
2025-08-29,,,,21.36,18.19,24.72,,,,15.11,11.93,18.15,,,,5.79,2.88,8.88,,,,,,,2.45,-0.23,4.61,,,,,,,15.33,12.06,18.49,,,,,,,,
2025-08-30,,,,21.35,18.19,24.7,,,,15.1,11.93,18.1,,,,5.81,2.89,8.94,,,,,,,2.45,-0.24,4.6,,,,,,,15.32,12.03,18.48,,,,,,,,
2025-08-31,,,,21.34,18.19,24.68,,,,15.08,11.94,18.11,,,,5.82,2.91,8.94,,,,,,,2.46,-0.27,4.6,,,,,,,15.32,12.03,18.5,,,,,,,,
2025-09-01,,,,21.32,18.19,24.66,,,,15.06,11.95,18.07,,,,5.83,2.9,8.93,,,,,,,2.47,-0.28,4.63,,,,,,,15.31,12.02,18.53,,,,,,,,
2025-09-02,,,,21.31,18.2,24.64,,,,15.03,11.92,18.03,,,,5.84,2.89,8.91,,,,,,,2.48,-0.29,4.64,,,,,,,15.31,12.01,18.57,,,,,,,,
2025-09-03,,,,21.29,18.19,24.62,,,,15.01,11.88,18.0,,,,5.86,2.93,8.89,,,,,,,2.48,-0.28,4.66,,,,,,,15.31,12.01,18.6,,,,,,,,
2025-09-04,,,,21.28,18.18,24.61,,,,14.99,11.83,18.01,,,,5.87,2.92,8.87,,,,,,,2.49,-0.29,4.72,,,,,,,15.3,12.0,18.63,,,,,,,,
2025-09-05,,,,21.27,18.24,24.59,,,,14.97,11.78,17.97,,,,5.88,2.92,8.85,,,,,,,2.5,-0.3,4.75,,,,,,,15.3,11.99,18.66,,,,,,,,
2025-09-06,,,,21.25,18.25,24.56,,,,14.95,11.77,17.92,,,,5.89,2.95,8.82,,,,,,,2.51,-0.32,4.79,,,,,,,15.3,11.99,18.65,,,,,,,,
2025-09-07,,,,21.24,18.25,24.49,,,,14.93,11.77,17.89,,,,5.9,2.98,8.79,,,,,,,2.52,-0.33,4.84,,,,,,,15.29,12.0,18.64,,,,,,,,
2025-09-08,,,,21.22,18.23,24.49,,,,14.91,11.76,17.84,,,,5.91,2.97,8.77,,,,,,,2.53,-0.3,4.89,,,,,,,15.29,12.02,18.62,,,,,,,,
2025-09-09,,,,21.21,18.2,24.45,,,,14.89,11.76,17.79,,,,5.92,2.95,8.73,,,,,,,2.54,-0.28,4.95,,,,,,,15.29,12.04,18.61,,,,,,,,
2025-09-10,,,,21.2,18.18,24.42,,,,14.87,11.76,17.74,,,,5.93,2.94,8.7,,,,,,,2.54,-0.28,5.01,,,,,,,15.29,12.06,18.59,,,,,,,,
2025-09-11,,,,21.18,18.2,24.4,,,,14.85,11.76,17.69,,,,5.94,2.93,8.67,,,,,,,2.55,-0.29,5.06,,,,,,,15.29,12.08,18.58,,,,,,,,
2025-09-12,,,,21.17,18.26,24.4,,,,14.83,11.76,17.65,,,,5.95,2.92,8.64,,,,,,,2.56,-0.29,5.08,,,,,,,15.28,12.11,18.57,,,,,,,,
2025-09-13,,,,21.16,18.26,24.39,,,,14.81,11.72,17.61,,,,5.96,2.96,8.67,,,,,,,2.57,-0.29,5.07,,,,,,,15.28,12.14,18.55,,,,,,,,
2025-09-14,,,,21.15,18.26,24.38,,,,14.79,11.7,17.6,,,,5.97,3.01,8.65,,,,,,,2.58,-0.27,5.08,,,,,,,15.28,12.17,18.57,,,,,,,,
2025-09-15,,,,21.13,18.25,24.37,,,,14.77,11.66,17.6,,,,5.98,3.05,8.66,,,,,,,2.59,-0.27,5.1,,,,,,,15.28,12.16,18.61,,,,,,,,
2025-09-16,,,,21.12,18.24,24.36,,,,14.75,11.6,17.58,,,,5.99,3.06,8.68,,,,,,,2.6,-0.27,5.1,,,,,,,15.28,12.12,18.66,,,,,,,,
2025-09-17,,,,21.11,18.24,24.35,,,,14.73,11.64,17.58,,,,6.0,3.02,8.69,,,,,,,2.61,-0.27,5.11,,,,,,,15.28,12.09,18.67,,,,,,,,
2025-09-18,,,,21.1,18.23,24.33,,,,14.71,11.62,17.57,,,,6.0,2.97,8.7,,,,,,,2.62,-0.24,5.12,,,,,,,15.28,12.14,18.67,,,,,,,,
2025-09-19,,,,21.09,18.23,24.32,,,,14.69,11.61,17.56,,,,6.01,2.97,8.7,,,,,,,2.63,-0.2,5.12,,,,,,,15.28,12.12,18.67,,,,,,,,
2025-09-20,,,,21.08,18.22,24.3,,,,14.68,11.62,17.51,,,,6.02,2.97,8.7,,,,,,,2.64,-0.19,5.13,,,,,,,15.28,12.09,18.66,,,,,,,,
2025-09-21,,,,21.07,18.22,24.28,,,,14.66,11.66,17.46,,,,6.03,2.97,8.7,,,,,,,2.65,-0.19,5.14,,,,,,,15.27,12.06,18.66,,,,,,,,
2025-09-22,,,,21.06,18.22,24.26,,,,14.64,11.7,17.41,,,,6.03,2.98,8.7,,,,,,,2.66,-0.19,5.17,,,,,,,15.27,12.05,18.65,18.0,15.0,8.0,,1.0,,,15.0
2025-09-23,,,,21.05,18.22,24.24,,,,14.63,11.74,17.36,,,,6.04,2.99,8.71,,,,,,,2.67,-0.18,5.18,,,,,,,15.27,12.09,18.64,,,,,,,,
2025-09-24,,,,21.04,18.2,24.23,,,,14.61,11.76,17.32,,,,6.04,3.01,8.77,,,,,,,2.68,-0.18,5.14,,,,,,,15.27,12.12,18.64,,,,,,,,
2025-09-25,,,,21.04,18.2,24.2,,,,14.59,11.73,17.29,,,,6.05,3.03,8.89,,,,,,,2.69,-0.17,5.17,,,,,,,15.27,12.16,18.64,,,,,,,,
2025-09-26,,,,21.03,18.19,24.18,,,,14.58,11.69,17.25,,,,6.05,3.1,8.92,,,,,,,2.7,-0.17,5.21,,,,,,,15.27,12.11,18.66,,,,,,,,
2025-09-27,,,,21.03,18.18,24.14,,,,14.57,11.66,17.22,,,,6.06,3.15,8.96,,,,,,,2.71,-0.16,5.23,,,,,,,15.26,12.05,18.68,,,,,,,,
2025-09-28,,,,21.02,18.15,24.14,,,,14.55,11.63,17.19,,,,6.06,3.12,8.99,,,,,,,2.72,-0.15,5.26,,,,,,,15.26,12.01,18.7,,,,,,,,
2025-09-29,,,,21.02,18.14,24.12,,,,14.54,11.6,17.18,,,,6.06,3.13,8.98,,,,,,,2.74,-0.09,5.29,,,,,,,15.26,11.95,18.72,,,,,,,,
2025-09-30,,,,21.02,18.13,24.09,,,,14.53,11.57,17.17,,,,6.07,3.18,8.97,,,,,,,2.75,-0.13,5.33,,,,,,,15.25,11.95,18.74,,,,,,,,
2025-10-01,,,,21.01,18.13,24.07,,,,14.51,11.54,17.17,,,,6.07,3.23,8.97,,,,,,,2.76,-0.12,5.35,,,,,,,15.25,11.98,18.75,,,,,,,,
2025-10-02,,,,21.01,18.14,24.05,,,,14.5,11.56,17.16,,,,6.07,3.25,8.96,,,,,,,2.77,-0.11,5.35,,,,,,,15.25,12.0,18.75,,,,,,,,
2025-10-03,,,,21.02,18.16,24.03,,,,14.49,11.5,17.16,,,,6.07,3.26,8.96,,,,,,,2.78,-0.1,5.34,,,,,,,15.24,12.03,18.7,,,,,,,,
2025-10-04,,,,21.02,18.17,24.01,,,,14.48,11.46,17.15,,,,6.07,3.27,8.95,,,,,,,2.79,-0.03,5.34,,,,,,,15.24,12.07,18.65,,,,,,,,
2025-10-05,,,,21.02,18.21,23.99,,,,14.47,11.44,17.16,,,,6.07,3.29,8.95,,,,,,,2.8,-0.04,5.35,,,,,,,15.23,12.11,18.64,,,,,,,,
2025-10-06,,,,21.02,18.22,24.0,,,,14.46,11.4,17.11,,,,6.07,3.3,8.97,,,,,,,2.81,-0.06,5.35,,,,,,,15.23,12.16,18.66,,,,,,,,
2025-10-07,,,,21.03,18.24,24.01,,,,14.45,11.42,17.07,,,,6.07,3.32,9.01,,,,,,,2.82,-0.05,5.35,,,,,,,15.23,12.17,18.67,,,,,,,,
2025-10-08,,,,21.03,18.24,24.01,,,,14.45,11.46,17.04,,,,6.07,3.34,9.04,,,,,,,2.83,-0.06,5.34,,,,,,,15.22,12.16,18.68,,,,,,,,
2025-10-09,,,,21.04,18.22,24.02,,,,14.44,11.47,17.05,,,,6.07,3.35,9.07,,,,,,,2.84,-0.11,5.34,,,,,,,15.21,12.15,18.66,,,,,,,,
2025-10-10,,,,21.05,18.2,24.03,,,,14.43,11.45,17.06,,,,6.07,3.35,9.1,,,,,,,2.85,-0.14,5.34,,,,,,,15.21,12.14,18.61,,,,,,,,
2025-10-11,,,,21.06,18.2,24.04,,,,14.43,11.42,17.08,,,,6.07,3.35,9.14,,,,,,,2.87,-0.13,5.32,,,,,,,15.2,12.12,18.56,,,,,,,,
2025-10-12,,,,21.07,18.21,24.04,,,,14.42,11.39,17.09,,,,6.07,3.32,9.16,,,,,,,2.88,-0.12,5.33,,,,,,,15.2,12.11,18.52,,,,,,,,
2025-10-13,,,,21.08,18.24,24.05,,,,14.42,11.37,17.12,,,,6.06,3.3,9.19,,,,,,,2.89,-0.12,5.38,,,,,,,15.19,12.11,18.52,,,,,,,,
2025-10-14,,,,21.09,18.26,24.05,,,,14.41,11.34,17.15,,,,6.06,3.28,9.22,,,,,,,2.9,-0.11,5.42,,,,,,,15.18,12.1,18.52,,,,,,,,
2025-10-15,,,,21.1,18.27,24.06,,,,14.41,11.32,17.17,,,,6.06,3.27,9.23,,,,,,,2.91,-0.09,5.47,,,,,,,15.18,12.08,18.52,,,,,,,,
2025-10-16,,,,21.11,18.27,24.11,,,,14.41,11.3,17.17,,,,6.05,3.25,9.25,,,,,,,2.92,-0.05,5.5,,,,,,,15.17,12.08,18.52,,,,,,,,
2025-10-17,,,,21.12,18.25,24.11,,,,14.4,11.29,17.16,,,,6.05,3.24,9.2,,,,,,,2.93,-0.05,5.54,,,,,,,15.17,12.07,18.51,,,,,,,,
2025-10-18,,,,21.13,18.22,24.09,,,,14.4,11.32,17.16,,,,6.04,3.23,9.17,,,,,,,2.94,-0.07,5.58,,,,,,,15.16,12.06,18.51,,,,,,,,
2025-10-19,,,,21.15,18.24,24.1,,,,14.4,11.36,17.16,,,,6.04,3.22,9.12,,,,,,,2.95,-0.05,5.63,,,,,,,15.15,12.06,18.51,,,,,,,,
2025-10-20,,,,21.16,18.26,24.1,,,,14.4,11.4,17.15,,,,6.03,3.21,9.08,,,,,,,2.96,-0.04,5.67,,,,,,,15.15,12.1,18.5,20.0,15.0,6.0,,3.0,,,14.0
2025-10-21,,,,21.18,18.3,24.11,,,,14.4,11.45,17.15,,,,6.03,3.21,9.04,,,,,,,2.97,-0.02,5.72,,,,,,,15.14,12.17,18.5,,,,,,,,
2025-10-22,,,,21.19,18.34,24.14,,,,14.4,11.48,17.14,,,,6.02,3.22,9.0,,,,,,,2.99,-0.02,5.77,,,,,,,15.14,12.22,18.5,,,,,,,,
2025-10-23,,,,21.2,18.37,24.16,,,,14.4,11.48,17.13,,,,6.02,3.22,8.99,,,,,,,3.0,-0.02,5.8,,,,,,,15.13,12.23,18.5,,,,,,,,
2025-10-24,,,,21.22,18.39,24.18,,,,14.4,11.49,17.12,,,,6.01,3.23,9.01,,,,,,,3.01,-0.03,5.8,,,,,,,15.12,12.21,18.5,,,,,,,,
2025-10-25,,,,21.23,18.37,24.2,,,,14.4,11.55,17.13,,,,6.01,3.23,9.02,,,,,,,3.02,-0.04,5.81,,,,,,,15.12,12.18,18.5,,,,,,,,
2025-10-26,,,,21.24,18.34,24.22,,,,14.4,11.55,17.15,,,,6.0,3.23,9.04,,,,,,,3.04,-0.05,5.82,,,,,,,15.12,12.18,18.5,,,,,,,,
2025-10-27,,,,21.26,18.33,24.21,,,,14.4,11.55,17.13,,,,6.0,3.24,9.05,,,,,,,3.05,-0.05,5.83,,,,,,,15.11,12.13,18.51,,,,,,,,
2025-10-28,,,,21.27,18.31,24.25,,,,14.4,11.55,17.13,,,,5.99,3.24,9.07,,,,,,,3.06,-0.05,5.83,,,,,,,15.11,12.07,18.52,,,,,,,,
2025-10-29,,,,21.29,18.3,24.25,,,,14.41,11.55,17.13,,,,5.98,3.24,9.1,,,,,,,3.07,-0.05,5.84,,,,,,,15.1,12.03,18.48,,,,,,,,
2025-10-30,,,,21.3,18.29,24.23,,,,14.41,11.57,17.13,,,,5.98,3.23,9.13,,,,,,,3.09,-0.05,5.87,,,,,,,15.1,12.03,18.46,,,,,,,,
2025-10-31,,,,21.31,18.28,24.22,,,,14.41,11.6,17.13,,,,5.97,3.23,9.15,,,,,,,3.1,-0.05,5.87,,,,,,,15.1,12.08,18.39,,,,,,,,
2025-11-01,,,,21.33,18.27,24.21,,,,14.42,11.64,17.11,,,,5.96,3.24,9.21,,,,,,,3.12,-0.04,5.87,,,,,,,15.09,12.14,18.35,,,,,,,,
2025-11-02,,,,21.34,18.27,24.22,,,,14.42,11.66,17.12,,,,5.96,3.25,9.2,,,,,,,3.13,-0.02,5.86,,,,,,,15.09,12.14,18.3,,,,,,,,
2025-11-03,,,,21.36,18.25,24.23,,,,14.42,11.67,17.1,,,,5.95,3.25,9.17,,,,,,,3.14,0.02,5.85,,,,,,,15.09,12.14,18.26,,,,,,,,
2025-11-04,,,,21.37,18.23,24.24,,,,14.43,11.69,17.06,,,,5.94,3.25,9.14,,,,,,,3.16,-0.0,5.84,,,,,,,15.09,12.14,18.25,,,,,,,,
2025-11-05,,,,21.38,18.19,24.25,,,,14.43,11.7,17.07,,,,5.93,3.26,9.18,,,,,,,3.17,0.01,5.85,,,,,,,15.09,12.1,18.27,,,,,,,,
2025-11-06,,,,21.4,18.15,24.26,,,,14.44,11.76,17.06,,,,5.93,3.27,9.2,,,,,,,3.19,0.02,5.88,,,,,,,15.09,12.06,18.24,,,,,,,,
2025-11-07,,,,21.41,18.12,24.25,,,,14.44,11.79,17.06,,,,5.92,3.27,9.23,,,,,,,3.2,0.03,5.89,,,,,,,15.09,12.03,18.22,,,,,,,,
2025-11-08,,,,21.43,18.1,24.29,,,,14.45,11.82,17.05,,,,5.91,3.27,9.24,,,,,,,3.22,0.03,5.91,,,,,,,15.09,11.99,18.24,,,,,,,,
2025-11-09,,,,21.44,18.16,24.29,,,,14.46,11.85,17.05,,,,5.91,3.27,9.21,,,,,,,3.23,0.06,5.88,,,,,,,15.09,11.96,18.27,,,,,,,,
2025-11-10,,,,21.45,18.22,24.28,,,,14.46,11.89,17.04,,,,5.9,3.32,9.19,,,,,,,3.25,0.09,5.85,,,,,,,15.09,11.94,18.26,,,,,,,,
2025-11-11,,,,21.47,18.22,24.27,,,,14.47,11.92,17.04,,,,5.89,3.33,9.18,,,,,,,3.26,0.12,5.81,,,,,,,15.09,11.94,18.24,,,,,,,,
2025-11-12,,,,21.48,18.22,24.25,,,,14.47,11.96,17.04,,,,5.88,3.28,9.18,,,,,,,3.28,0.14,5.8,,,,,,,15.09,11.95,18.22,,,,,,,,
2025-11-13,,,,21.49,18.21,24.26,,,,14.48,12.0,17.04,,,,5.87,3.28,9.18,,,,,,,3.3,0.16,5.79,,,,,,,15.09,11.95,18.27,,,,,,,,
2025-11-14,,,,21.51,18.22,24.24,,,,14.49,12.04,17.04,,,,5.87,3.24,9.15,,,,,,,3.31,0.19,5.81,,,,,,,15.1,11.97,18.31,,,,,,,,
2025-11-15,,,,21.52,18.23,24.23,,,,14.49,12.08,17.03,,,,5.86,3.2,9.06,,,,,,,3.33,0.21,5.8,,,,,,,15.1,11.99,18.28,,,,,,,,
2025-11-16,,,,21.53,18.32,24.21,,,,14.5,12.1,17.01,,,,5.85,3.16,9.01,,,,,,,3.34,0.25,5.83,,,,,,,15.1,12.02,18.24,,,,,,,,
2025-11-17,,,,21.55,18.43,24.19,,,,14.51,12.12,17.01,,,,5.84,3.13,8.98,,,,,,,3.36,0.28,5.87,,,,,,,15.1,12.0,18.2,23.0,13.0,7.0,,3.0,,,15.0
2025-11-18,,,,21.56,18.54,24.19,,,,14.52,12.14,17.03,,,,5.83,3.11,8.96,,,,,,,3.38,0.31,5.91,,,,,,,15.1,11.98,18.16,,,,,,,,
2025-11-19,,,,21.57,18.61,24.17,,,,14.52,12.22,17.02,,,,5.82,3.1,8.94,,,,,,,3.39,0.33,5.96,,,,,,,15.1,11.96,18.13,,,,,,,,
2025-11-20,,,,21.58,18.61,24.18,,,,14.53,12.24,17.04,,,,5.81,3.09,9.0,,,,,,,3.41,0.37,6.0,,,,,,,15.11,11.94,18.14,,,,,,,,
2025-11-21,,,,21.6,18.61,24.19,,,,14.54,12.22,17.06,,,,5.8,3.08,9.03,,,,,,,3.43,0.4,6.03,,,,,,,15.11,11.91,18.1,,,,,,,,
2025-11-22,,,,21.61,18.61,24.14,,,,14.54,12.2,17.06,,,,5.79,3.1,8.98,,,,,,,3.44,0.4,6.07,,,,,,,15.11,11.87,18.05,,,,,,,,
2025-11-23,,,,21.62,18.61,24.11,,,,14.55,12.22,17.06,,,,5.78,3.08,8.93,,,,,,,3.46,0.38,6.11,,,,,,,15.11,11.83,18.0,,,,,,,,
2025-11-24,,,,21.63,18.61,24.1,,,,14.56,12.21,17.07,,,,5.77,3.04,8.85,,,,,,,3.48,0.35,6.16,,,,,,,15.11,11.79,18.01,,,,,,,,
2025-11-25,,,,21.64,18.61,24.12,,,,14.57,12.17,17.07,,,,5.76,3.02,8.86,,,,,,,3.49,0.32,6.18,,,,,,,15.1,11.81,18.02,,,,,,,,
2025-11-26,,,,21.65,18.61,24.17,,,,14.57,12.13,17.08,,,,5.75,2.98,8.89,,,,,,,3.51,0.3,6.18,,,,,,,15.1,11.8,18.02,,,,,,,,
2025-11-27,,,,21.66,18.63,24.22,,,,14.58,12.1,17.08,,,,5.74,2.96,8.92,,,,,,,3.53,0.27,6.18,,,,,,,15.1,11.8,17.99,,,,,,,,
2025-11-28,,,,21.67,18.67,24.25,,,,14.59,12.13,17.09,,,,5.73,3.0,8.92,,,,,,,3.55,0.25,6.19,,,,,,,15.1,11.82,17.92,,,,,,,,
2025-11-29,,,,21.68,18.67,24.25,,,,14.6,12.15,17.08,,,,5.72,3.0,8.92,,,,,,,3.56,0.24,6.18,,,,,,,15.1,11.84,17.88,,,,,,,,
2025-11-30,,,,21.69,18.63,24.24,,,,14.6,12.13,17.07,,,,5.71,3.0,8.92,,,,,,,3.58,0.23,6.17,,,,,,,15.1,11.86,17.89,,,,,,,,
2025-12-01,,,,21.7,18.59,24.26,,,,14.61,12.11,17.06,,,,5.7,2.99,8.92,,,,,,,3.6,0.22,6.16,,,,,,,15.09,11.87,17.84,,,,,,,,
2025-12-02,,,,21.71,18.61,24.28,,,,14.62,12.08,17.04,,,,5.68,2.99,8.92,,,,,,,3.62,0.22,6.17,,,,,,,15.09,11.81,17.79,,,,,,,,
2025-12-03,,,,21.71,18.66,24.28,,,,14.63,12.08,17.02,,,,5.67,2.98,8.91,,,,,,,3.63,0.22,6.2,,,,,,,15.09,11.74,17.77,,,,,,,,
2025-12-04,,,,21.72,18.69,24.27,,,,14.63,12.09,17.01,,,,5.66,2.98,8.9,,,,,,,3.65,0.2,6.21,,,,,,,15.09,11.69,17.75,,,,,,,,
2025-12-05,,,,21.73,18.73,24.27,,,,14.64,12.12,17.09,,,,5.65,2.96,8.89,,,,,,,3.67,0.25,6.24,,,,,,,15.08,11.68,17.75,,,,,,,,
2025-12-06,,,,21.74,18.77,24.28,,,,14.65,12.13,17.12,,,,5.63,2.97,8.88,,,,,,,3.68,0.27,6.27,,,,,,,15.08,11.66,17.81,,,,,,,,
2025-12-07,,,,21.74,18.75,24.32,,,,14.66,12.16,17.13,,,,5.62,2.98,8.87,,,,,,,3.7,0.29,6.3,,,,,,,15.07,11.66,17.8,,,,,,,,
2025-12-08,,,,21.75,18.74,24.36,,,,14.66,12.18,17.14,,,,5.61,2.98,8.86,,,,,,,3.72,0.31,6.32,,,,,,,15.07,11.66,17.79,,,,,,,,
2025-12-09,,,,21.76,18.73,24.4,,,,14.67,12.21,17.14,,,,5.6,2.97,8.85,,,,,,,3.74,0.34,6.35,,,,,,,15.07,11.66,17.79,,,,,,,,
2025-12-10,,,,21.76,18.78,24.42,,,,14.68,12.24,17.19,,,,5.58,2.94,8.83,,,,,,,3.75,0.38,6.37,,,,,,,15.06,11.67,17.79,,,,,,,,
2025-12-11,,,,21.77,18.82,24.43,,,,14.68,12.26,17.23,,,,5.57,2.91,8.82,,,,,,,3.77,0.41,6.38,,,,,,,15.06,11.66,17.82,,,,,,,,
2025-12-12,,,,21.77,18.79,24.44,,,,14.69,12.24,17.26,,,,5.55,2.88,8.8,,,,,,,3.79,0.45,6.38,,,,,,,15.05,11.61,17.84,,,,,,,,
2025-12-13,,,,21.78,18.76,24.45,,,,14.69,12.23,17.29,,,,5.54,2.85,8.78,,,,,,,3.8,0.48,6.38,,,,,,,15.05,11.61,17.86,,,,,,,,
2025-12-14,,,,21.78,18.77,24.46,,,,14.7,12.29,17.31,,,,5.53,2.82,8.76,,,,,,,3.82,0.51,6.4,,,,,,,15.04,11.62,17.86,,,,,,,,
2025-12-15,,,,21.79,18.81,24.42,,,,14.71,12.3,17.31,,,,5.51,2.81,8.74,,,,,,,3.83,0.52,6.42,,,,,,,15.04,11.64,17.86,22.0,15.0,5.0,,5.0,,,17.0
2025-12-16,,,,21.79,18.81,24.48,,,,14.71,12.3,17.31,,,,5.5,2.79,8.72,,,,,,,3.85,0.51,6.46,,,,,,,15.04,11.66,17.86,,,,,,,,
2025-12-17,,,,21.8,18.84,24.48,,,,14.72,12.31,17.31,,,,5.49,2.77,8.69,,,,,,,3.86,0.52,6.52,,,,,,,15.03,11.68,17.88,,,,,,,,
2025-12-18,,,,21.8,18.8,24.49,,,,14.72,12.31,17.34,,,,5.47,2.77,8.66,,,,,,,3.88,0.56,6.53,,,,,,,15.03,11.7,17.9,,,,,,,,
2025-12-19,,,,21.8,18.79,24.47,,,,14.73,12.32,17.4,,,,5.46,2.76,8.63,,,,,,,3.89,0.6,6.59,,,,,,,15.02,11.73,17.92,,,,,,,,
2025-12-20,,,,21.8,18.87,24.49,,,,14.73,12.32,17.45,,,,5.44,2.68,8.6,,,,,,,3.91,0.61,6.66,,,,,,,15.02,11.73,17.94,,,,,,,,
2025-12-21,,,,21.8,18.96,24.49,,,,14.74,12.32,17.51,,,,5.43,2.65,8.59,,,,,,,3.92,0.57,6.64,,,,,,,15.02,11.71,17.97,,,,,,,,
2025-12-22,,,,21.8,19.01,24.49,,,,14.74,12.32,17.45,,,,5.42,2.64,8.57,,,,,,,3.94,0.54,6.62,,,,,,,15.02,11.71,17.99,,,,,,,,
2025-12-23,,,,21.8,19.04,24.49,,,,14.74,12.32,17.38,,,,5.4,2.62,8.54,,,,,,,3.95,0.51,6.65,,,,,,,15.01,11.71,17.96,,,,,,,,
2025-12-24,,,,21.8,19.08,24.53,,,,14.75,12.32,17.36,,,,5.39,2.61,8.52,,,,,,,3.96,0.5,6.64,,,,,,,15.01,11.71,17.94,,,,,,,,
2025-12-25,,,,21.8,19.11,24.56,,,,14.75,12.32,17.37,,,,5.38,2.55,8.5,,,,,,,3.97,0.5,6.65,,,,,,,15.01,11.72,17.91,,,,,,,,
2025-12-26,,,,21.8,19.1,24.59,,,,14.75,12.32,17.38,,,,5.37,2.49,8.47,,,,,,,3.99,0.51,6.64,,,,,,,15.01,11.73,17.89,,,,,,,,
2025-12-27,,,,21.8,19.03,24.62,,,,14.76,12.29,17.38,,,,5.36,2.48,8.44,,,,,,,4.0,0.52,6.64,,,,,,,15.0,11.74,17.88,,,,,,,,
2025-12-28,,,,21.8,18.96,24.65,,,,14.76,12.22,17.34,,,,5.34,2.45,8.41,,,,,,,4.01,0.53,6.64,,,,,,,15.0,11.76,17.88,,,,,,,,
2025-12-29,,,,21.79,18.89,24.61,,,,14.76,12.21,17.33,,,,5.33,2.41,8.38,,,,,,,4.02,0.55,6.63,,,,,,,15.0,11.78,17.86,,,,,,,,
2025-12-30,,,,21.79,18.83,24.58,,,,14.76,12.21,17.37,,,,5.32,2.38,8.35,,,,,,,4.03,0.57,6.64,,,,,,,15.0,11.79,17.84,,,,,,,,
2025-12-31,,,,21.78,18.75,24.57,,,,14.77,12.22,17.41,,,,5.31,2.35,8.31,,,,,,,4.04,0.62,6.66,,,,,,,15.0,11.8,17.81,,,,,,,,
2026-01-01,,,,21.78,18.69,24.59,,,,14.77,12.23,17.45,,,,5.3,2.31,8.3,,,,,,,4.05,0.68,6.68,,,,,,,15.0,11.81,17.79,,,,,,,,
2026-01-02,,,,21.77,18.61,24.61,,,,14.77,12.25,17.46,,,,5.29,2.27,8.28,,,,,,,4.06,0.74,6.7,,,,,,,15.0,11.82,17.77,,,,,,,,
2026-01-03,,,,21.77,18.59,24.62,,,,14.77,12.26,17.47,,,,5.28,2.24,8.22,,,,,,,4.07,0.8,6.71,,,,,,,15.0,11.83,17.79,,,,,,,,
2026-01-04,,,,21.76,18.58,24.64,,,,14.77,12.26,17.48,,,,5.27,2.26,8.17,,,,,,,4.08,0.86,6.73,,,,,,,15.0,11.84,17.84,,,,,,,,
2026-01-05,,,,21.75,18.58,24.65,,,,14.77,12.24,17.5,,,,5.26,2.25,8.12,,,,,,,4.09,0.93,6.74,,,,,,,15.0,11.84,17.88,,,,,,,,
2026-01-06,,,,21.74,18.57,24.63,,,,14.77,12.23,17.51,,,,5.26,2.24,8.1,,,,,,,4.09,0.97,6.75,,,,,,,15.0,11.83,17.88,,,,,,,,
2026-01-07,,,,21.73,18.57,24.61,,,,14.77,12.22,17.52,,,,5.25,2.23,8.11,,,,,,,4.1,1.05,6.77,,,,,,,15.0,11.81,17.85,,,,,,,,
2026-01-08,,,,21.72,18.56,24.59,,,,14.77,12.2,17.57,,,,5.24,2.24,8.11,,,,,,,4.11,1.06,6.8,,,,,,,15.0,11.8,17.8,,,,,,,,
2026-01-09,,,,21.71,18.55,24.57,,,,14.77,12.18,17.62,,,,5.24,2.24,8.11,,,,,,,4.12,1.07,6.83,,,,,,,15.0,11.79,17.74,,,,,,,,
2026-01-10,,,,21.69,18.55,24.56,,,,14.77,12.16,17.64,,,,5.23,2.21,8.11,,,,,,,4.13,1.07,6.87,,,,,,,15.0,11.79,17.7,,,,,,,,
2026-01-11,,,,21.68,18.54,24.57,,,,14.77,12.14,17.64,,,,5.23,2.19,8.1,,,,,,,4.14,1.08,6.85,,,,,,,15.0,11.8,17.68,,,,,,,,
2026-01-12,,,,21.66,18.53,24.61,,,,14.77,12.12,17.64,,,,5.22,2.19,8.11,,,,,,,4.15,1.12,6.84,,,,,,,15.0,11.74,17.67,25.0,14.0,4.0,,4.0,,,14.0
2026-01-13,,,,21.64,18.52,24.62,,,,14.76,12.1,17.63,,,,5.22,2.19,8.09,,,,,,,4.17,1.17,6.84,,,,,,,15.0,11.72,17.65,,,,,,,,
2026-01-14,,,,21.62,18.52,24.64,,,,14.76,12.08,17.61,,,,5.22,2.19,8.09,,,,,,,4.18,1.2,6.86,,,,,,,15.0,11.75,17.64,,,,,,,,
2026-01-15,,,,21.6,18.51,24.66,,,,14.76,12.06,17.61,,,,5.22,2.19,8.08,,,,,,,4.19,1.22,6.87,,,,,,,15.0,11.78,17.63,,,,,,,,
2026-01-16,,,,21.57,18.48,24.66,,,,14.75,12.05,17.6,,,,5.22,2.18,8.07,,,,,,,4.21,1.21,6.88,,,,,,,15.0,11.81,17.63,,,,,,,,
2026-01-17,,,,21.55,18.42,24.65,,,,14.75,12.04,17.62,,,,5.22,2.17,8.06,,,,,,,4.22,1.27,6.88,,,,,,,15.0,11.84,17.7,,,,,,,,
2026-01-18,,,,21.52,18.34,24.62,,,,14.75,12.03,17.64,,,,5.22,2.18,8.05,,,,,,,4.24,1.33,6.86,,,,,,,15.0,11.87,17.71,,,,,,,,
2026-01-19,,,,21.49,18.26,24.59,,,,14.74,11.99,17.66,,,,5.22,2.16,8.04,,,,,,,4.26,1.42,6.88,,,,,,,15.0,11.9,17.72,,,,,,,,
2026-01-20,,,,21.46,18.18,24.56,,,,14.74,11.94,17.68,,,,5.22,2.14,8.03,,,,,,,4.27,1.48,6.93,,,,,,,15.0,11.93,17.73,,,,,,,,
2026-01-21,,,,21.43,18.11,24.53,,,,14.73,11.94,17.69,,,,5.22,2.12,8.02,,,,,,,4.29,1.53,6.94,,,,,,,15.0,11.94,17.74,,,,,,,,
2026-01-22,,,,21.4,18.04,24.49,,,,14.73,11.87,17.71,,,,5.23,2.14,8.01,,,,,,,4.31,1.57,6.9,,,,,,,15.0,11.89,17.78,,,,,,,,
2026-01-23,,,,21.37,17.99,24.46,,,,14.72,11.82,17.68,,,,5.23,2.16,8.01,,,,,,,4.33,1.63,6.87,,,,,,,15.0,11.88,17.79,,,,,,,,
2026-01-24,,,,21.33,17.98,24.43,,,,14.71,11.76,17.65,,,,5.24,2.18,8.0,,,,,,,4.35,1.7,6.85,,,,,,,15.0,11.92,17.79,,,,,,,,
2026-01-25,,,,21.3,17.99,24.39,,,,14.71,11.78,17.62,,,,5.24,2.19,8.0,,,,,,,4.38,1.76,7.02,,,,,,,14.99,11.93,17.79,,,,,,,,
2026-01-26,,,,21.26,17.99,24.35,,,,14.7,11.78,17.65,,,,5.25,2.2,7.99,,,,,,,4.4,1.79,7.03,,,,,,,14.99,11.93,17.79,,,,,,,,
2026-01-27,,,,21.22,18.0,24.3,,,,14.7,11.81,17.61,,,,5.25,2.24,7.99,,,,,,,4.42,1.8,7.05,,,,,,,14.99,11.92,17.79,,,,,,,,
2026-01-28,,,,21.18,17.98,24.26,,,,14.69,11.83,17.62,,,,5.26,2.27,7.98,,,,,,,4.45,1.79,7.07,,,,,,,14.99,11.93,17.79,,,,,,,,
2026-01-29,,,,21.14,17.94,24.22,,,,14.68,11.85,17.63,,,,5.27,2.29,7.98,,,,,,,4.47,1.82,7.08,,,,,,,14.99,11.93,17.8,,,,,,,,
2026-01-30,,,,21.1,17.89,24.17,,,,14.68,11.86,17.64,,,,5.27,2.31,7.97,,,,,,,4.5,1.85,7.1,,,,,,,14.99,11.92,17.8,,,,,,,,
2026-01-31,,,,21.06,17.81,24.13,,,,14.67,11.87,17.65,,,,5.28,2.33,7.96,,,,,,,4.52,1.89,7.11,,,,,,,14.98,11.93,17.8,,,,,,,,
2026-02-01,,,,21.02,17.74,24.08,,,,14.66,11.86,17.67,,,,5.29,2.36,7.95,,,,,,,4.55,1.93,7.15,,,,,,,14.98,11.93,17.79,,,,,,,,
2026-02-02,,,,20.98,17.66,24.03,,,,14.65,11.83,17.68,,,,5.3,2.35,7.94,,,,,,,4.57,1.98,7.22,,,,,,,14.98,11.96,17.79,,,,,,,,
2026-02-03,,,,20.94,17.64,23.98,,,,14.64,11.81,17.7,,,,5.31,2.34,7.93,,,,,,,4.6,1.96,7.29,,,,,,,14.98,11.98,17.78,,,,,,,,
2026-02-04,,,,20.89,17.63,23.94,,,,14.63,11.77,17.72,,,,5.32,2.33,7.94,,,,,,,4.63,1.94,7.31,,,,,,,14.97,11.98,17.74,,,,,,,,
2026-02-05,,,,20.85,17.62,23.94,,,,14.62,11.74,17.74,,,,5.33,2.31,7.99,,,,,,,4.65,1.99,7.35,,,,,,,14.97,11.97,17.69,,,,,,,,
2026-02-06,,,,20.81,17.59,23.93,,,,14.61,11.71,17.76,,,,5.34,2.3,8.02,,,,,,,4.68,2.05,7.42,,,,,,,14.97,11.94,17.65,,,,,,,,
2026-02-07,,,,20.76,17.58,23.87,,,,14.6,11.68,17.78,,,,5.35,2.32,8.05,,,,,,,4.71,2.11,7.5,,,,,,,14.97,11.92,17.69,,,,,,,,
2026-02-08,,,,20.72,17.58,23.73,,,,14.59,11.71,17.79,,,,5.36,2.34,8.08,,,,,,,4.74,2.12,7.57,,,,,,,14.97,11.91,17.76,,,,,,,,
2026-02-09,,,,20.68,17.58,23.73,,,,14.57,11.72,17.82,,,,5.37,2.37,8.08,,,,,,,4.76,2.11,7.66,,,,,,,14.97,11.91,17.76,20.0,17.0,5.0,,5.0,,,16.0
2026-02-10,,,,20.63,17.58,23.73,,,,14.56,11.69,17.79,,,,5.38,2.39,8.07,,,,,,,4.79,2.08,7.68,,,,,,,14.96,11.91,17.74,,,,,,,,
2026-02-11,,,,20.59,17.58,23.72,,,,14.54,11.66,17.74,,,,5.39,2.41,8.05,,,,,,,4.82,2.05,7.67,,,,,,,14.96,11.91,17.71,,,,,,,,
2026-02-12,,,,20.55,17.59,23.72,,,,14.52,11.65,17.69,,,,5.4,2.44,8.03,,,,,,,4.84,2.03,7.67,,,,,,,14.96,11.92,17.73,,,,,,,,
2026-02-13,,,,20.51,17.6,23.65,,,,14.5,11.66,17.63,,,,5.41,2.45,8.01,,,,,,,4.87,2.04,7.69,,,,,,,14.96,11.97,17.71,,,,,,,,
2026-02-14,,,,20.47,17.61,23.59,,,,14.48,11.68,17.57,,,,5.42,2.45,7.99,,,,,,,4.9,2.09,7.76,,,,,,,14.96,11.97,17.72,,,,,,,,
2026-02-15,,,,20.43,17.61,23.52,,,,14.46,11.69,17.5,,,,5.43,2.44,7.97,,,,,,,4.92,2.07,7.83,,,,,,,14.96,11.97,17.73,,,,,,,,
2026-02-16,,,,20.39,17.62,23.48,,,,14.44,11.71,17.43,,,,5.44,2.47,7.95,,,,,,,4.95,2.06,7.94,,,,,,,14.97,11.98,17.74,,,,,,,,
2026-02-17,,,,20.35,17.61,23.45,,,,14.42,11.71,17.35,,,,5.45,2.5,7.94,,,,,,,4.97,2.05,8.07,,,,,,,14.97,11.98,17.75,,,,,,,,
2026-02-18,,,,20.31,17.55,23.43,,,,14.4,11.69,17.27,,,,5.46,2.5,7.94,,,,,,,5.0,2.09,8.13,,,,,,,14.97,11.98,17.76,,,,,,,,
2026-02-19,,,,20.27,17.54,23.39,,,,14.38,11.66,17.3,,,,5.48,2.52,7.89,,,,,,,5.02,2.08,8.18,,,,,,,14.97,11.99,17.79,,,,,,,,
2026-02-20,,,,20.23,17.55,23.35,,,,14.35,11.62,17.35,,,,5.49,2.53,7.86,,,,,,,5.05,2.06,8.22,,,,,,,14.97,11.99,17.82,,,,,,,,
2026-02-21,,,,20.2,17.5,23.33,,,,14.33,11.6,17.38,,,,5.5,2.55,7.88,,,,,,,5.07,2.04,8.26,,,,,,,14.98,12.0,17.85,,,,,,,,
2026-02-22,,,,20.16,17.45,23.29,,,,14.3,11.59,17.42,,,,5.51,2.56,7.94,,,,,,,5.09,2.02,8.29,,,,,,,14.98,12.05,17.88,,,,,,,,
2026-02-23,,,,20.13,17.37,23.25,,,,14.27,11.58,17.46,,,,5.52,2.58,7.98,,,,,,,5.11,2.03,8.32,,,,,,,14.98,12.03,17.9,,,,,,,,
2026-02-24,,,,20.09,17.31,23.21,,,,14.25,11.58,17.48,,,,5.53,2.6,8.02,,,,,,,5.14,2.05,8.36,,,,,,,14.99,12.02,17.87,,,,,,,,
2026-02-25,,,,20.06,17.24,23.18,,,,14.22,11.57,17.48,,,,5.54,2.64,8.01,,,,,,,5.16,2.07,8.35,,,,,,,14.99,12.0,17.83,,,,,,,,
2026-02-26,,,,20.03,17.19,23.14,,,,14.19,11.5,17.41,,,,5.55,2.65,8.0,,,,,,,5.18,2.06,8.38,,,,,,,15.0,12.0,17.79,,,,,,,,
2026-02-27,,,,20.0,17.14,23.1,,,,14.16,11.51,17.35,,,,5.56,2.66,7.98,,,,,,,5.2,2.06,8.45,,,,,,,15.0,12.03,17.79,,,,,,,,
2026-02-28,,,,19.97,17.12,23.06,,,,14.14,11.49,17.29,,,,5.57,2.68,7.95,,,,,,,5.22,2.06,8.47,,,,,,,15.01,12.04,17.79,,,,,,,,
2026-03-01,,,,19.94,17.07,23.02,,,,14.11,11.44,17.22,,,,5.58,2.71,7.93,,,,,,,5.24,2.04,8.5,,,,,,,15.01,12.04,17.79,,,,,,,,
2026-03-02,,,,19.91,17.07,22.97,,,,14.08,11.38,17.18,,,,5.59,2.72,7.91,,,,,,,5.25,2.04,8.52,,,,,,,15.02,12.05,17.82,,,,,,,,
2026-03-03,,,,19.88,17.05,22.92,,,,14.05,11.34,17.2,,,,5.6,2.74,7.9,,,,,,,5.27,2.04,8.56,,,,,,,15.02,12.06,17.85,,,,,,,,
2026-03-04,,,,19.86,17.04,22.87,,,,14.02,11.29,17.2,,,,5.61,2.77,7.88,,,,,,,5.29,2.03,8.58,,,,,,,15.03,12.06,17.87,,,,,,,,
2026-03-05,,,,19.83,17.08,22.83,,,,13.99,11.29,17.22,,,,5.62,2.77,7.87,,,,,,,5.3,1.99,8.58,,,,,,,15.04,12.07,17.9,,,,,,,,
2026-03-06,,,,19.81,17.06,22.81,,,,13.96,11.23,17.2,,,,5.63,2.78,7.86,,,,,,,5.32,1.95,8.6,,,,,,,15.04,12.07,17.93,,,,,,,,
2026-03-07,,,,19.78,17.02,22.81,,,,13.93,11.17,17.17,,,,5.64,2.75,7.87,,,,,,,5.33,1.94,8.61,,,,,,,15.05,12.07,17.95,,,,,,,,
2026-03-08,,,,19.76,16.98,22.72,,,,13.9,11.17,17.14,,,,5.65,2.72,7.89,,,,,,,5.35,1.95,8.62,,,,,,,15.05,12.07,17.98,,,,,,,,
2026-03-09,,,,19.74,16.92,22.63,,,,13.88,11.13,17.11,,,,5.65,2.69,7.9,,,,,,,5.36,1.94,8.64,,,,,,,15.06,12.08,18.01,19.0,15.0,5.0,,4.0,,,12.0
2026-03-10,,,,19.72,16.9,22.59,,,,13.85,11.06,17.08,,,,5.66,2.66,7.87,,,,,,,5.37,1.94,8.65,,,,,,,15.06,12.08,18.03,,,,,,,,
2026-03-11,,,,19.7,16.87,22.54,,,,13.82,10.99,17.04,,,,5.67,2.64,7.83,,,,,,,5.38,1.95,8.66,,,,,,,15.07,12.08,18.06,,,,,,,,
2026-03-12,,,,19.68,16.85,22.5,,,,13.8,10.93,17.05,,,,5.68,2.61,7.84,,,,,,,5.39,1.96,8.66,,,,,,,15.07,12.07,18.08,,,,,,,,
2026-03-13,,,,19.67,16.82,22.47,,,,13.78,10.89,17.05,,,,5.69,2.66,7.85,,,,,,,5.4,1.96,8.67,,,,,,,15.07,12.05,18.1,,,,,,,,
2026-03-14,,,,19.65,16.8,22.43,,,,13.75,10.85,17.06,,,,5.7,2.71,7.87,,,,,,,5.41,1.95,8.68,,,,,,,15.08,12.05,18.1,,,,,,,,
2026-03-15,,,,19.64,16.76,22.4,,,,13.73,10.82,17.0,,,,5.7,2.76,7.92,,,,,,,5.42,1.94,8.68,,,,,,,15.08,12.04,18.05,,,,,,,,
2026-03-16,,,,19.62,16.73,22.37,,,,13.71,10.79,16.94,,,,5.71,2.81,7.97,,,,,,,5.42,1.94,8.69,,,,,,,15.08,12.05,18.0,,,,,,,,
2026-03-17,,,,19.61,16.7,22.34,,,,13.7,10.77,16.89,,,,5.72,2.84,7.98,,,,,,,5.43,1.93,8.69,,,,,,,15.08,12.05,17.94,,,,,,,,
2026-03-18,,,,19.6,16.67,22.31,,,,13.68,10.74,16.88,,,,5.73,2.84,7.99,,,,,,,5.44,1.92,8.69,,,,,,,15.08,12.03,17.89,,,,,,,,
2026-03-19,,,,19.59,16.64,22.28,,,,13.67,10.71,16.88,,,,5.73,2.8,8.0,,,,,,,5.44,1.93,8.69,,,,,,,15.08,12.03,17.83,,,,,,,,
2026-03-20,,,,19.58,16.62,22.25,,,,13.65,10.7,16.84,,,,5.74,2.75,8.0,,,,,,,5.45,1.96,8.69,,,,,,,15.08,12.02,17.77,,,,,,,,
2026-03-21,,,,19.57,16.6,22.21,,,,13.64,10.68,16.85,,,,5.75,2.71,8.01,,,,,,,5.45,2.0,8.72,,,,,,,15.08,12.02,17.74,,,,,,,,
2026-03-22,,,,19.57,16.58,22.21,,,,13.63,10.67,16.79,,,,5.75,2.68,8.02,,,,,,,5.46,2.04,8.76,,,,,,,15.08,12.01,17.73,,,,,,,,
2026-03-23,,,,19.56,16.57,22.19,,,,13.62,10.65,16.81,,,,5.76,2.64,8.08,,,,,,,5.47,2.08,8.76,,,,,,,15.08,12.01,17.72,,,,,,,,
2026-03-24,,,,19.56,16.56,22.14,,,,13.62,10.63,16.82,,,,5.77,2.63,8.13,,,,,,,5.48,2.1,8.73,,,,,,,15.08,12.01,17.71,,,,,,,,
2026-03-25,,,,19.55,16.55,22.1,,,,13.61,10.62,16.81,,,,5.77,2.65,8.19,,,,,,,5.48,2.11,8.71,,,,,,,15.08,12.0,17.71,,,,,,,,
2026-03-26,,,,19.55,16.55,22.07,,,,13.61,10.61,16.76,,,,5.78,2.67,8.24,,,,,,,5.49,2.13,8.7,,,,,,,15.08,11.99,17.77,,,,,,,,
2026-03-27,,,,19.55,16.56,22.05,,,,13.61,10.61,16.72,,,,5.78,2.69,8.29,,,,,,,5.5,2.22,8.69,,,,,,,15.08,11.98,17.82,,,,,,,,
2026-03-28,,,,19.55,16.56,22.02,,,,13.61,10.61,16.67,,,,5.79,2.71,8.31,,,,,,,5.52,2.26,8.69,,,,,,,15.07,11.99,17.88,,,,,,,,
2026-03-29,,,,19.55,16.57,22.02,,,,13.61,10.65,16.62,,,,5.8,2.73,8.29,,,,,,,5.53,2.3,8.7,,,,,,,15.07,11.99,17.93,,,,,,,,
2026-03-30,,,,19.55,16.58,22.02,,,,13.62,10.75,16.62,,,,5.8,2.76,8.25,,,,,,,5.55,2.3,8.71,,,,,,,15.07,11.99,17.98,,,,,,,,
2026-03-31,,,,19.55,16.6,22.02,,,,13.62,10.78,16.65,,,,5.81,2.78,8.22,,,,,,,5.56,2.31,8.71,,,,,,,15.06,11.98,17.96,,,,,,,,
2026-04-01,,,,19.56,16.61,22.03,,,,13.64,10.81,16.68,,,,5.82,2.81,8.19,,,,,,,5.58,2.31,8.74,,,,,,,15.06,12.0,17.93,,,,,,,,
2026-04-02,,,,19.56,16.63,22.02,,,,13.66,10.85,16.71,,,,5.83,2.83,8.2,,,,,,,5.6,2.32,8.79,,,,,,,15.06,12.01,17.92,,,,,,,,
2026-04-03,,,,19.57,16.65,22.03,,,,13.68,10.89,16.74,,,,5.83,2.86,8.23,,,,,,,5.63,2.33,8.86,,,,,,,15.05,12.0,17.94,,,,,,,,
2026-04-04,,,,19.58,16.67,21.99,,,,13.7,10.94,16.77,,,,5.84,2.89,8.25,,,,,,,5.65,2.33,8.93,,,,,,,15.05,11.99,17.96,,,,,,,,
2026-04-05,,,,19.59,16.66,22.05,,,,13.73,11.0,16.79,,,,5.85,2.9,8.27,,,,,,,5.68,2.34,8.99,,,,,,,15.05,11.98,17.98,,,,,,,,
2026-04-06,,,,19.6,16.64,22.07,,,,13.77,11.06,16.83,,,,5.86,2.89,8.3,,,,,,,5.71,2.35,9.05,,,,,,,15.04,12.0,18.0,20.0,13.0,6.0,,3.0,,,17.0
2026-04-07,,,,19.61,16.62,22.09,,,,13.8,11.13,16.86,,,,5.87,2.89,8.3,,,,,,,5.75,2.37,9.12,,,,,,,15.04,12.04,17.98,,,,,,,,
2026-04-08,,,,19.63,16.63,22.1,,,,13.85,11.19,16.89,,,,5.88,2.88,8.27,,,,,,,5.78,2.38,9.14,,,,,,,15.03,11.98,17.96,,,,,,,,
2026-04-09,,,,19.64,16.72,22.08,,,,13.89,11.26,16.92,,,,5.88,2.87,8.24,,,,,,,5.82,2.4,9.16,,,,,,,15.03,11.98,17.93,,,,,,,,
2026-04-10,,,,19.66,16.82,22.07,,,,13.94,11.28,16.96,,,,5.89,2.88,8.26,,,,,,,5.86,2.41,9.19,,,,,,,15.02,11.98,17.95,,,,,,,,
2026-04-11,,,,19.68,16.9,22.07,,,,14.0,11.3,17.14,,,,5.9,2.87,8.28,,,,,,,5.9,2.43,9.25,,,,,,,15.02,11.99,17.97,,,,,,,,
2026-04-12,,,,19.7,16.94,22.11,,,,14.05,11.41,17.19,,,,5.92,2.91,8.31,,,,,,,5.95,2.45,9.38,,,,,,,15.01,11.99,17.95,,,,,,,,
2026-04-13,,,,19.72,17.0,22.12,,,,14.11,11.49,17.2,,,,5.93,2.96,8.29,,,,,,,5.99,2.48,9.43,,,,,,,15.01,11.99,17.98,,,,,,,,
2026-04-14,,,,19.74,17.02,22.18,,,,14.18,11.55,17.2,,,,5.94,3.01,8.25,,,,,,,6.04,2.51,9.46,,,,,,,15.0,11.98,18.0,,,,,,,,
2026-04-15,,,,19.76,17.04,22.23,,,,14.25,11.61,17.25,,,,5.95,3.04,8.22,,,,,,,6.09,2.54,9.5,,,,,,,15.0,11.93,18.03,,,,,,,,
2026-04-16,,,,19.78,17.06,22.27,,,,14.32,11.73,17.37,,,,5.96,3.13,8.25,,,,,,,6.15,2.57,9.53,,,,,,,14.99,11.92,18.06,,,,,,,,
2026-04-17,,,,19.81,17.09,22.3,,,,14.39,11.74,17.4,,,,5.97,3.2,8.27,,,,,,,6.2,2.6,9.63,,,,,,,14.98,11.83,18.08,,,,,,,,
2026-04-18,,,,19.83,17.11,22.34,,,,14.46,11.86,17.51,,,,5.98,3.25,8.3,,,,,,,6.26,2.65,9.77,,,,,,,14.98,11.79,18.09,,,,,,,,
2026-04-19,,,,19.86,17.11,22.38,,,,14.54,11.99,17.65,,,,6.0,3.31,8.33,,,,,,,6.31,2.69,9.91,,,,,,,14.97,11.76,18.11,,,,,,,,
2026-04-20,,,,19.89,17.13,22.43,,,,14.62,12.04,17.79,,,,6.01,3.37,8.36,,,,,,,6.37,2.76,10.05,,,,,,,14.96,11.74,18.12,,,,,,,,
2026-04-21,,,,19.92,17.16,22.48,,,,14.7,12.1,17.92,,,,6.02,3.44,8.39,,,,,,,6.43,2.86,10.16,,,,,,,14.95,11.73,18.11,,,,,,,,
2026-04-22,,,,19.94,17.2,22.53,,,,14.79,12.13,18.07,,,,6.03,3.47,8.45,,,,,,,6.49,2.95,10.29,,,,,,,14.95,11.71,18.11,,,,,,,,
2026-04-23,,,,19.97,17.23,22.56,,,,14.87,12.17,18.17,,,,6.04,3.45,8.5,,,,,,,6.56,3.03,10.38,,,,,,,14.94,11.69,18.1,,,,,,,,
2026-04-24,,,,20.0,17.27,22.6,,,,14.96,12.21,18.25,,,,6.05,3.44,8.52,,,,,,,6.62,3.11,10.47,,,,,,,14.93,11.67,18.08,,,,,,,,
2026-04-25,,,,20.03,17.3,22.59,,,,15.05,12.24,18.34,,,,6.07,3.44,8.54,,,,,,,6.68,3.11,10.58,,,,,,,14.92,11.66,18.08,,,,,,,,
2026-04-26,,,,20.07,17.31,22.63,,,,15.13,12.28,18.43,,,,6.08,3.43,8.56,,,,,,,6.75,3.11,10.68,,,,,,,14.91,11.62,18.05,,,,,,,,
2026-04-27,,,,20.1,17.31,22.69,,,,15.22,12.34,18.56,,,,6.09,3.43,8.56,,,,,,,6.81,3.11,10.82,,,,,,,14.9,11.58,18.03,,,,,,,,
2026-04-28,,,,20.13,17.32,22.74,,,,15.31,12.4,18.69,,,,6.1,3.46,8.56,,,,,,,6.87,3.14,10.95,,,,,,,14.89,11.54,18.01,,,,,,,,
2026-04-29,,,,20.16,17.32,22.78,,,,15.4,12.43,18.83,,,,6.11,3.42,8.57,,,,,,,6.94,3.19,11.08,,,,,,,14.87,11.5,17.98,,,,,,,,
2026-04-30,,,,20.19,17.32,22.81,,,,15.49,12.54,18.96,,,,6.12,3.43,8.57,,,,,,,7.0,3.23,11.2,,,,,,,14.86,11.45,17.95,,,,,,,,
2026-05-01,,,,20.23,17.33,22.85,,,,15.58,12.65,18.98,,,,6.13,3.49,8.57,,,,5.66,0.25,9.52,7.07,3.27,11.32,,,,,,,14.85,11.41,17.93,13.0,10.0,9.0,7.0,14.0,,,
2026-05-02,,,,20.26,17.34,22.89,,,,15.67,12.69,18.96,,,,6.14,3.51,8.57,,,,5.62,0.25,9.42,7.13,3.23,11.44,,,,,,,14.84,11.36,17.91,,,,,,,,
2026-05-03,,,,20.29,17.35,22.93,,,,15.76,12.7,18.95,,,,6.15,3.52,8.56,,,,5.59,0.25,9.33,7.2,3.18,11.54,,,,,,,14.82,11.31,17.89,,,,,,,,
2026-05-04,,,,20.32,17.35,22.96,,,,15.85,12.71,18.97,,,,6.16,3.53,8.55,,,,5.55,0.25,9.24,7.26,3.16,11.69,,,,,,,14.81,11.27,17.87,19.0,17.0,6.0,,4.0,,,14.0
2026-05-05,,,,20.36,17.35,22.98,,,,15.94,12.72,19.04,,,,6.17,3.54,8.53,,,,5.51,0.25,9.15,7.33,3.2,11.77,,,,,,,14.8,11.21,17.85,,,,,,,,
2026-05-06,,,,20.39,17.36,23.02,,,,16.03,12.77,19.11,,,,6.17,3.57,8.52,,,,5.48,0.26,9.06,7.39,3.24,11.87,,,,,,,14.78,11.15,17.83,,,,,,,,
2026-05-07,,,,20.42,17.36,23.05,,,,16.11,12.83,19.22,,,,6.18,3.57,8.53,,,,5.44,0.26,8.98,7.46,3.29,11.96,,,,,,,14.77,11.13,17.81,,,,,,,,
2026-05-08,,,,20.45,17.37,23.07,,,,16.2,12.87,19.36,,,,6.19,3.57,8.52,,,,5.41,0.26,8.93,7.52,3.34,12.06,,,,,,,14.75,11.1,17.79,,,,,,,,
2026-05-09,,,,20.49,17.39,23.08,,,,16.29,12.92,19.5,,,,6.2,3.58,8.49,,,,5.38,0.26,8.88,7.58,3.39,12.16,,,,,,,14.74,11.05,17.77,,,,,,,,
2026-05-10,,,,20.52,17.46,23.08,,,,16.37,12.96,19.64,,,,6.21,3.58,8.47,,,,5.35,0.26,8.84,7.64,3.44,12.29,,,,,,,14.73,10.99,17.75,,,,,,,,
2026-05-11,,,,20.55,17.53,23.08,,,,16.45,13.01,19.77,,,,6.21,3.6,8.45,,,,5.32,0.26,8.81,7.7,3.49,12.43,,,,,,,14.71,10.95,17.73,,,,,,,,
2026-05-12,,,,20.58,17.6,23.08,,,,16.54,13.06,19.9,,,,6.22,3.62,8.43,,,,5.29,0.25,8.78,7.76,3.53,12.55,,,,,,,14.7,10.91,17.71,,,,,,,,
2026-05-13,,,,20.61,17.68,23.12,,,,16.62,13.11,20.03,,,,6.23,3.64,8.41,,,,5.26,0.25,8.75,7.82,3.53,12.6,,,,,,,14.68,10.9,17.7,,,,,,,,
2026-05-14,,,,20.64,17.73,23.12,,,,16.7,13.16,20.15,,,,6.23,3.66,8.39,,,,5.23,0.22,8.72,7.88,3.52,12.73,,,,,,,14.67,10.89,17.67,,,,,,,,
2026-05-15,,,,20.67,17.73,23.18,,,,16.78,13.21,20.27,,,,6.24,3.67,8.36,,,,5.2,0.21,8.7,7.94,3.52,12.85,,,,,,,14.65,10.88,17.66,,,,,,,,
2026-05-16,,,,20.7,17.75,23.23,,,,16.85,13.26,20.39,,,,6.24,3.69,8.35,,,,5.18,0.2,8.67,8.0,3.53,12.94,,,,,,,14.64,10.88,17.64,,,,,,,,
2026-05-17,,,,20.73,17.75,23.26,,,,16.93,13.31,20.5,,,,6.25,3.71,8.33,,,,5.15,0.19,8.65,8.05,3.55,13.0,,,,,,,14.62,10.88,17.68,,,,,,,,
2026-05-18,,,,20.76,17.75,23.29,,,,17.01,13.33,20.62,,,,6.26,3.72,8.32,,,,5.13,0.18,8.6,8.11,3.53,13.08,,,,,,,14.61,10.84,17.7,,,,,,,,
2026-05-19,,,,20.79,17.76,23.32,,,,17.08,13.36,20.72,,,,6.26,3.74,8.3,,,,5.11,0.17,8.6,8.16,3.51,13.16,,,,,,,14.59,10.8,17.7,,,,,,,,
2026-05-20,,,,20.82,17.76,23.38,,,,17.15,13.44,20.82,,,,6.26,3.75,8.27,,,,5.08,0.16,8.58,8.22,3.49,13.27,,,,,,,14.58,10.79,17.74,,,,,,,,
2026-05-21,,,,20.85,17.77,23.42,,,,17.23,13.5,20.93,,,,6.27,3.76,8.25,,,,5.06,0.15,8.56,8.27,3.48,13.39,,,,,,,14.56,10.79,17.77,,,,,,,,
2026-05-22,,,,20.87,17.77,23.45,,,,17.3,13.55,21.03,,,,6.27,3.77,8.25,,,,5.04,0.15,8.55,8.32,3.48,13.53,,,,,,,14.55,10.78,17.79,,,,,,,,
2026-05-23,,,,20.9,17.78,23.51,,,,17.37,13.6,21.12,,,,6.28,3.78,8.26,,,,5.02,0.14,8.53,8.37,3.48,13.61,,,,,,,14.53,10.78,17.77,,,,,,,,
2026-05-24,,,,20.93,17.78,23.56,,,,17.43,13.65,21.19,,,,6.28,3.79,8.27,,,,5.0,0.13,8.53,8.42,3.55,13.75,,,,,,,14.52,10.77,17.81,,,,,,,,
2026-05-25,,,,20.95,17.79,23.62,,,,17.5,13.69,21.25,,,,6.28,3.74,8.27,,,,4.98,0.12,8.53,8.47,3.63,13.88,,,,,,,14.5,10.77,17.85,,,,,,,,
2026-05-26,,,,20.98,17.79,23.67,,,,17.56,13.75,21.29,,,,6.29,3.76,8.28,,,,4.96,0.11,8.53,8.52,3.61,13.91,,,,,,,14.49,10.78,17.88,,,,,,,,
2026-05-27,,,,21.01,17.81,23.72,,,,17.63,13.79,21.33,,,,6.29,3.78,8.29,,,,4.94,0.1,8.52,8.57,3.58,13.95,,,,,,,14.48,10.69,17.92,,,,,,,,
2026-05-28,,,,21.03,17.81,23.76,,,,17.69,13.84,21.37,,,,6.29,3.81,8.3,,,,4.92,0.1,8.52,8.61,3.56,14.04,,,,,,,14.46,10.57,17.95,22.0,5.0,,,5.0,1.0,1.0,18.0
2026-05-29,,,,21.06,17.82,23.81,,,,17.75,13.88,21.41,,,,6.29,3.83,8.33,,,,4.9,0.09,8.49,8.66,3.53,14.12,,,,,,,14.45,10.52,17.94,,,,,,,,
2026-05-30,,,,21.08,17.82,23.85,,,,17.81,13.92,21.45,,,,6.29,3.84,8.37,,,,4.88,0.08,8.44,8.7,3.57,14.21,,,,,,,14.43,10.54,17.92,,,,,,,,
2026-05-31,,,,21.11,17.83,23.88,,,,17.87,13.97,21.49,,,,6.29,3.84,8.41,,,,4.87,0.08,8.42,8.74,3.61,14.28,,,,,,,14.42,10.55,17.88,,,,,,,,
2026-06-01,,,,21.13,17.88,23.89,,,,17.93,14.02,21.52,,,,6.3,3.84,8.42,,,,4.85,0.08,8.42,8.78,3.65,14.39,,,,,,,14.41,10.57,17.84,22.0,14.0,4.0,,4.0,,,16.0
2026-06-02,,,,21.16,17.93,23.89,,,,17.99,14.08,21.55,,,,6.3,3.85,8.44,,,,4.83,0.08,8.42,8.82,3.65,14.45,,,,,,,14.4,10.58,17.81,,,,,,,,
2026-06-03,,,,21.18,17.98,23.89,,,,18.04,14.12,21.58,,,,6.3,3.86,8.43,,,,4.82,0.07,8.42,8.86,3.64,14.66,,,,,,,14.38,10.6,17.77,,,,,,,,
2026-06-04,,,,21.2,18.03,23.9,,,,18.1,14.16,21.59,,,,6.3,3.87,8.43,,,,4.8,0.06,8.42,8.9,3.64,14.73,,,,,,,14.37,10.61,17.75,,,,,,,,
2026-06-05,,,,21.23,18.08,23.91,,,,18.15,14.19,21.62,,,,6.3,3.88,8.44,,,,4.78,0.03,8.42,8.94,3.66,14.79,,,,,,,14.36,10.64,17.72,,,,,,,,
2026-06-06,,,,21.25,18.13,23.94,,,,18.2,14.23,21.65,,,,6.29,3.87,8.46,,,,4.77,0.02,8.42,8.97,3.68,14.84,,,,,,,14.34,10.65,17.7,,,,,,,,
2026-06-07,,,,21.27,18.16,23.98,,,,18.25,14.27,21.67,,,,6.29,3.85,8.48,,,,4.75,0.03,8.42,9.01,3.7,14.89,,,,,,,14.33,10.67,17.69,,,,,,,,
2026-06-08,,,,21.3,18.16,24.02,,,,18.31,14.29,21.7,,,,6.29,3.85,8.5,,,,4.74,0.04,8.42,9.05,3.7,14.94,,,,,,,14.32,10.69,17.76,,,,,,,,
2026-06-09,,,,21.32,18.18,24.06,,,,18.36,14.33,21.84,,,,6.29,3.85,8.52,,,,4.72,0.04,8.42,9.08,3.71,14.99,,,,,,,14.3,10.7,17.81,,,,,,,,
2026-06-10,,,,21.34,18.23,24.11,,,,18.4,14.36,21.98,,,,6.29,3.86,8.55,,,,4.71,0.03,8.42,9.11,3.73,15.03,,,,,,,14.29,10.77,17.86,,,,,,,,
2026-06-11,,,,21.37,18.28,24.15,,,,18.45,14.38,22.05,,,,6.29,3.86,8.56,,,,4.69,0.03,8.42,9.15,3.74,15.07,,,,,,,14.28,10.78,17.84,,,,,,,,
2026-06-12,,,,21.39,18.33,24.19,,,,18.5,14.41,22.11,,,,6.28,3.85,8.58,,,,4.67,0.02,8.38,9.18,3.77,15.12,,,,,,,14.26,10.75,17.83,,,,,,,,
2026-06-13,,,,21.41,18.38,24.23,,,,18.55,14.43,22.18,,,,6.28,3.85,8.6,,,,4.66,0.02,8.35,9.21,3.79,15.17,,,,,,,14.25,10.72,17.8,,,,,,,,
2026-06-14,,,,21.43,18.43,24.25,,,,18.6,14.45,22.24,,,,6.28,3.85,8.62,,,,4.65,0.01,8.32,9.24,3.81,15.21,,,,,,,14.24,10.7,17.78,,,,,,,,
2026-06-15,,,,21.46,18.49,24.27,,,,18.64,14.47,22.29,,,,6.28,3.85,8.63,,,,4.63,0.01,8.31,9.27,3.82,15.26,,,,,,,14.22,10.67,17.75,,,,,,,,
2026-06-16,,,,21.48,18.54,24.28,,,,18.69,14.49,22.35,,,,6.27,3.85,8.65,,,,4.62,0.01,8.31,9.3,3.84,15.29,,,,,,,14.21,10.64,17.75,,,,,,,,
2026-06-17,,,,21.5,18.58,24.3,,,,18.73,14.52,22.4,,,,6.27,3.85,8.67,,,,4.6,0.0,8.3,9.33,3.84,15.33,,,,,,,14.19,10.61,17.78,,,,,,,,
2026-06-18,,,,21.52,18.6,24.32,,,,18.78,14.55,22.44,,,,6.27,3.85,8.69,,,,4.59,0.0,8.29,9.36,3.86,15.37,,,,,,,14.18,10.59,17.79,,,,,,,,
2026-06-19,,,,21.55,18.63,24.33,,,,18.82,14.57,22.48,,,,6.26,3.85,8.72,,,,4.57,0.0,8.29,9.39,3.87,15.41,,,,,,,14.16,10.56,17.81,,,,,,,,
2026-06-20,,,,21.57,18.65,24.35,,,,18.87,14.6,22.52,,,,6.26,3.85,8.74,,,,4.56,-0.01,8.28,9.41,3.88,15.45,,,,,,,14.14,10.54,17.82,,,,,,,,
2026-06-21,,,,21.59,18.66,24.36,,,,18.91,14.63,22.56,,,,6.26,3.84,8.76,,,,4.54,-0.01,8.28,9.44,3.9,15.5,,,,,,,14.13,10.51,17.83,,,,,,,,
2026-06-22,,,,21.61,18.67,24.38,,,,18.96,14.66,22.6,,,,6.25,3.82,8.78,,,,4.53,-0.01,8.27,9.47,3.91,15.54,,,,,,,14.11,10.48,17.84,,,,,,,,
2026-06-23,,,,21.63,18.69,24.39,,,,19.0,14.68,22.64,,,,6.25,3.8,8.8,,,,4.51,-0.01,8.26,9.49,3.9,15.57,,,,,,,14.09,10.46,17.83,,,,,,,,
2026-06-24,,,,21.66,18.7,24.4,,,,19.04,14.71,22.67,,,,6.24,3.79,8.82,,,,4.49,-0.01,8.26,9.52,3.89,15.61,,,,,,,14.08,10.43,17.75,,,,,,,,
2026-06-25,,,,21.68,18.71,24.41,,,,19.09,14.74,22.7,,,,6.24,3.77,8.84,,,,4.48,-0.01,8.24,9.54,3.88,15.65,,,,,,,14.06,10.42,17.74,,,,,,,,
2026-06-26,,,,21.7,18.72,24.42,,,,19.13,14.77,22.73,,,,6.23,3.76,8.85,,,,4.46,-0.01,8.23,9.57,3.86,15.68,,,,,,,14.04,10.41,17.74,,,,,,,,
2026-06-27,,,,21.72,18.73,24.44,,,,19.18,14.79,22.76,,,,6.23,3.74,8.87,,,,4.45,-0.02,8.23,9.59,3.85,15.72,,,,,,,14.02,10.41,17.74,,,,,,,,
2026-06-28,,,,21.75,18.74,24.44,,,,19.22,14.81,22.79,,,,6.22,3.73,8.88,,,,4.43,-0.02,8.22,9.62,3.83,15.81,,,,,,,14.0,10.41,17.74,,,,,,,,
2026-06-29,,,,21.77,18.75,24.44,,,,19.26,14.82,22.82,,,,6.21,3.72,8.9,,,,4.41,-0.02,8.21,9.64,3.82,15.89,,,,,,,13.98,10.4,17.73,21.0,22.0,5.0,,2.0,,,10.0
2026-06-30,,,,21.79,18.76,24.44,,,,19.31,14.84,22.85,,,,6.21,3.71,8.91,,,,4.4,-0.02,8.21,9.66,3.8,15.97,,,,,,,13.96,10.37,17.72,,,,,,,,
2026-07-01,,,,21.81,18.78,24.44,,,,19.35,14.86,22.88,,,,6.2,3.67,8.92,,,,4.38,-0.02,8.2,9.69,3.78,16.04,,,,,,,13.94,10.35,17.75,,,,,,,,
2026-07-02,,,,21.84,18.79,24.44,,,,19.4,14.87,22.91,,,,6.2,3.66,8.92,,,,4.36,-0.05,8.19,9.71,3.76,16.11,,,,,,,13.92,10.32,17.77,,,,,,,,
2026-07-03,,,,21.86,18.8,24.43,,,,19.44,14.89,22.95,,,,6.19,3.65,8.93,,,,4.35,-0.1,8.18,9.74,3.74,16.18,,,,,,,13.9,10.26,17.8,25.0,18.0,,,,,,
2026-07-04,,,,21.88,18.82,24.43,,,,19.49,14.9,22.98,,,,6.18,3.65,8.94,,,,4.33,-0.14,8.18,9.76,3.72,16.19,,,,,,,13.87,10.22,17.83,,,,,,,,
2026-07-05,,,,21.91,18.83,24.42,,,,19.53,14.91,23.01,,,,6.18,3.64,8.94,,,,4.31,-0.19,8.17,9.78,3.7,16.21,,,,,,,13.85,10.21,17.85,,,,,,,,
2026-07-06,,,,21.93,18.83,24.42,,,,19.58,14.92,23.05,,,,6.17,3.64,8.94,,,,4.29,-0.24,8.17,9.81,3.67,16.23,,,,,,,13.83,10.2,17.88,,,,,,,,
2026-07-07,,,,21.95,18.85,24.42,,,,19.63,14.92,23.09,,,,6.17,3.63,8.96,,,,4.28,-0.3,8.16,9.83,3.65,16.32,,,,,,,13.8,10.19,17.9,,,,,,,,
2026-07-08,,,,21.98,18.89,24.43,,,,19.67,14.94,23.12,,,,6.16,3.6,8.99,,,,4.26,-0.36,8.16,9.86,3.61,16.28,,,,,,,13.78,10.17,17.62,,,,,,,,
2026-07-09,,,,22.0,18.92,24.46,,,,19.72,14.99,23.16,,,,6.15,3.6,9.01,,,,4.24,-0.41,8.15,9.88,3.6,16.29,,,,,,,13.76,10.14,17.6,,,,,,,,
2026-07-10,,,,22.02,18.91,24.52,,,,19.77,15.03,23.27,,,,6.15,3.57,9.01,,,,4.22,-0.46,8.14,9.91,3.57,16.31,,,,,,,13.73,10.12,17.6,,,,,,,,
2026-07-11,,,,22.05,18.9,24.55,,,,19.82,15.06,23.3,,,,6.14,3.51,8.99,,,,4.2,-0.47,8.13,9.93,3.54,16.34,,,,,,,13.71,10.1,17.6,,,,,,,,
2026-07-12,,,,22.07,18.91,24.56,,,,19.87,15.08,23.34,,,,6.13,3.46,8.97,,,,4.18,-0.48,8.12,9.96,3.51,16.37,,,,,,,13.68,10.07,17.6,,,,,,,,
2026-07-13,,,,22.1,18.92,24.57,,,,19.92,15.11,23.38,,,,6.13,3.42,9.02,,,,4.16,-0.48,8.12,9.99,3.48,16.43,,,,,,,13.66,10.05,17.59,,,,,,,,
2026-07-14,,,,22.12,18.92,24.61,,,,19.97,15.14,23.41,,,,6.12,3.38,9.1,,,,4.14,-0.48,8.1,10.02,3.45,16.48,,,,,,,13.63,10.02,17.59,19.0,18.0,8.0,5.0,24.0,,,
2026-07-15,,,,22.15,18.91,24.66,,,,20.02,15.16,23.48,,,,6.12,3.34,9.16,,,,4.12,-0.48,8.09,10.05,3.42,16.54,,,,,,,13.61,10.0,17.6,,,,,,,,
2026-07-16,,,,22.17,18.9,24.68,,,,20.08,15.19,23.53,,,,6.11,3.3,9.17,,,,4.1,-0.48,8.08,10.08,3.39,16.6,,,,,,,13.58,9.97,17.6,,,,,,,,
2026-07-17,,,,22.2,18.89,24.68,,,,20.13,15.22,23.57,,,,6.1,3.26,9.17,,,,4.08,-0.48,8.01,10.11,3.36,16.66,,,,,,,13.55,9.95,17.61,,,,,,,,
2026-07-18,,,,22.22,18.89,24.75,,,,20.18,15.25,23.63,,,,6.1,3.25,9.18,,,,4.06,-0.48,7.96,10.14,3.32,16.72,,,,,,,13.52,9.93,17.61,,,,,,,,
2026-07-19,,,,22.25,18.89,24.82,,,,20.24,15.28,23.7,,,,6.09,3.27,9.19,,,,4.04,-0.51,7.93,10.17,3.29,16.93,,,,,,,13.5,9.9,17.62,,,,,,,,
2026-07-20,,,,22.27,18.9,24.83,,,,20.3,15.32,23.78,,,,6.09,3.21,9.18,,,,4.02,-0.59,7.94,10.21,3.25,16.97,,,,,,,13.47,9.86,17.62,,,,,,,,
2026-07-21,,,,22.3,18.9,24.92,,,,20.35,15.35,23.87,,,,6.08,3.13,9.17,,,,4.0,-0.67,7.94,10.24,3.21,17.0,,,,,,,13.44,9.82,17.64,,,,,,,,
2026-07-22,,,,22.32,18.91,24.97,,,,20.41,15.39,23.96,,,,6.08,3.05,9.16,,,,3.98,-0.75,7.95,10.28,3.18,17.03,,,,,,,13.41,9.8,17.64,,,,,,,,
2026-07-23,,,,22.35,18.91,25.02,,,,20.47,15.42,24.05,,,,6.07,2.98,9.16,,,,3.96,-0.83,7.96,10.32,3.14,17.05,,,,,,,13.38,9.8,17.65,,,,,,,,
2026-07-24,,,,22.37,18.91,25.07,,,,20.53,15.46,24.15,,,,6.07,2.92,9.15,,,,3.93,-0.88,7.93,10.35,3.11,17.09,,,,,,,13.35,9.78,17.66,23.7,28.7,9.0,2.0,22.0,,,
2026-07-25,,,,22.4,18.91,25.13,,,,20.59,15.51,24.24,,,,6.07,2.87,9.14,,,,,,,10.39,3.07,17.14,,,,,,,13.32,9.75,17.66,,,,,,,,
2026-07-26,,,,22.42,18.92,25.18,,,,20.65,15.55,24.34,,,,6.06,2.87,9.13,,,,,,,10.43,3.04,17.19,,,,,,,13.29,9.72,17.67,,,,,,,,
2026-07-27,,,,22.45,18.92,25.22,,,,20.71,15.59,24.43,,,,6.06,2.87,9.12,,,,,,,10.47,3.0,17.25,,,,,,,13.26,9.68,17.67,,,,,,,,
2026-07-28,,,,22.47,18.92,25.27,,,,20.78,15.64,24.52,,,,6.06,2.87,9.11,,,,,,,10.52,2.96,17.3,,,,,,,13.23,9.63,17.67,,,,,,,,
2026-07-29,,,,22.5,18.93,25.32,,,,20.84,15.69,24.62,,,,6.05,2.86,9.11,,,,,,,10.56,2.94,17.36,,,,,,,13.2,9.59,17.66,,,,,,,,
2026-07-30,,,,22.52,18.93,25.37,,,,20.9,15.73,24.67,,,,6.05,2.82,9.1,,,,,,,10.6,2.92,17.41,,,,,,,13.17,9.55,17.64,,,,,,,,
2026-07-31,,,,22.55,18.94,25.42,,,,20.97,15.79,24.71,,,,6.05,2.77,9.09,,,,,,,10.65,2.89,17.47,,,,,,,13.13,9.51,17.6,,,,,,,,
2026-08-01,,,,22.57,18.94,25.48,,,,21.04,15.87,24.73,,,,6.05,2.73,9.1,,,,,,,10.69,2.88,17.52,,,,,,,13.1,9.46,17.59,,,,,,,,
2026-08-02,,,,22.59,18.95,25.5,,,,21.1,15.94,24.76,,,,6.04,2.68,9.15,,,,,,,10.74,2.86,17.57,,,,,,,13.06,9.42,17.59,,,,,,,,
2026-08-03,,,,22.62,18.96,25.53,,,,21.17,16.02,24.98,,,,6.04,2.61,9.17,,,,,,,10.79,2.86,17.6,,,,,,,13.03,9.38,17.6,,,,,,,,
2026-08-04,,,,22.64,18.96,25.56,,,,21.24,16.12,25.2,,,,6.04,2.56,9.19,,,,,,,10.84,2.86,17.66,,,,,,,12.99,9.32,17.49,,,,,,,,
2026-08-05,,,,22.66,18.96,25.58,,,,21.31,16.23,25.27,,,,6.04,2.55,9.24,,,,,,,10.89,2.88,17.69,,,,,,,12.95,9.28,17.43,,,,,,,,
2026-08-06,,,,22.68,18.96,25.61,,,,21.38,16.34,25.29,,,,6.04,2.53,9.29,,,,,,,10.94,2.82,17.78,,,,,,,12.91,9.25,17.42,,,,,,,,
2026-08-07,,,,22.71,18.96,25.63,,,,21.45,16.45,25.29,,,,6.04,2.49,9.35,,,,,,,11.0,2.79,17.85,,,,,,,12.87,9.16,17.48,,,,,,,,
2026-08-08,,,,22.73,18.96,25.66,,,,21.52,16.57,25.3,,,,6.04,2.46,9.4,,,,,,,11.05,2.76,17.92,,,,,,,12.83,9.11,17.5,,,,,,,,
2026-08-09,,,,22.75,18.96,25.68,,,,21.59,16.69,25.32,,,,6.04,2.43,9.46,,,,,,,11.11,2.74,18.01,,,,,,,12.79,9.06,17.5,,,,,,,,
2026-08-10,,,,22.77,18.96,25.7,,,,21.66,16.81,25.4,,,,6.04,2.4,9.5,,,,,,,11.16,2.73,18.08,,,,,,,12.74,9.0,17.48,25.0,20.0,3.0,,3.0,,,11.0